{"UserCommandController.changeUserPassword": {"t": [{"id": 0, "a": [["W", 1], ["W", 1]]}]}, "UserCommandController.register": {"t": [{"id": 0, "a": [["R", 1], ["R", 2], ["W", 1], ["W", 1], ["W", 2], ["W", 2], ["W", 2], ["W", 1], ["W", 2], ["R", 3], ["W", 1], ["W", 3], ["W", 1], ["W", 1]]}]}, "UserCommandController.triggerResetPassword": {"t": [{"id": 0, "a": [["R", 2], ["R", 1], ["W", 4], ["W", 4], ["W", 1], ["W", 4], ["R", 4], ["W", 4], ["R", 1], ["R", 1], ["R", 2], ["R", 2]]}]}, "UserCommandController.updateUser": {"t": [{"id": 0, "a": [["R", 1], ["R", 1], ["R", 1], ["R", 1], ["W", 1], ["R", 1], ["R", 3], ["W", 1], ["W", 3], ["W", 1]]}]}, "UserCommandController.updateUserPassword": {"t": [{"id": 0, "a": [["R", 1], ["W", 1], ["W", 1]]}]}, "UserMvcController.confirmRegistration": {"t": [{"id": 0, "a": [["R", 5], ["R", 5], ["R", 5], ["R", 1], ["W", 1], ["W", 1]]}]}, "UserMvcController.resetPassword": {"t": [{"id": 0, "a": [["R", 4], ["R", 4], ["R", 1], ["R", 1], ["R", 4], ["R", 4], ["R", 1], ["R", 1], ["R", 3], ["R", 3], ["R", 6], ["R", 6]]}]}, "RoleQueryController.getRolesList": {"t": [{"id": 0, "a": [["R", 3]]}]}, "PostMvcController.showSchedulePostForm": {"t": [{"id": 0, "a": [["R", 1], ["R", 1]]}]}, "ScheduledPostQueryController.countAvailablePostsToSchedule": {"t": [{"id": 0, "a": [["R", 7]]}]}, "ScheduledPostQueryController.getPost": {"t": [{"id": 0, "a": [["R", 7], ["R", 7], ["R", 1], ["R", 2], ["R", 2], ["R", 7], ["R", 8], ["R", 7], ["R", 8], ["R", 8], ["R", 8], ["R", 7], ["R", 8], ["R", 1], ["R", 2], ["R", 2], ["R", 8], ["R", 8], ["R", 8], ["R", 7], ["R", 7], ["R", 7], ["R", 7], ["R", 7]]}]}, "ScheduledPostQueryController.getScheduledPosts": {"t": [{"id": 0, "a": [["R", 7], ["R", 7], ["R", 7], ["R", 1], ["R", 2], ["R", 2], ["R", 7], ["R", 8], ["R", 7], ["R", 8], ["R", 8], ["R", 8], ["R", 7], ["R", 8], ["R", 1], ["R", 2], ["R", 2], ["R", 8], ["R", 8], ["R", 8], ["R", 7], ["R", 7], ["R", 7], ["R", 7], ["R", 7]]}]}, "UserPreferenceController.getCurrentUserPreference": {"t": [{"id": 0, "a": [["R", 1], ["R", 2]]}]}, "UserPreferenceController.update": {"t": [{"id": 0, "a": [["R", 2], ["R", 2], ["R", 2], ["W", 2], ["W", 2], ["W", 1], ["W", 2]]}]}, "UserQueryController.getUsersList": {"t": [{"id": 0, "a": [["R", 1], ["R", 1], ["R", 7], ["R", 1], ["R", 7]]}]}, "MyFeedCommandController.addFeed": {"t": [{"id": 0, "a": [["R", 9], ["W", 9], ["W", 1], ["R", 9], ["R", 9], ["R", 9], ["R", 9], ["R", 9], ["R", 1], ["W", 9]]}]}, "MyFeedCommandController.deleteFeed": {"t": [{"id": 0, "a": [["W", 9]]}]}, "MyFeedCommandController.updateFeed": {"t": [{"id": 0, "a": [["R", 9], ["W", 9], ["W", 1], ["R", 9], ["W", 9]]}]}, "RedditController.isAccessTokenValid": {"t": [{"id": 0, "a": [["R", 1], ["W", 1], ["W", 1], ["W", 1], ["W", 1]]}]}, "RedditMvcController.redditLogin": {"t": [{"id": 0, "a": [["W", 1], ["W", 1], ["W", 1], ["W", 1], ["W", 1]]}]}, "RedditMvcController.showSubmissionForm": {"t": [{"id": 0, "a": [["R", 1], ["R", 1]]}]}, "ScheduledPostCommandController.deletePost": {"t": [{"id": 0, "a": [["W", 7]]}]}, "ScheduledPostCommandController.schedule": {"t": [{"id": 0, "a": [["R", 7], ["R", 1], ["R", 2], ["R", 2], ["W", 7], ["R", 7], ["R", 7], ["R", 7], ["R", 7], ["R", 7], ["R", 7], ["R", 7], ["R", 7], ["R", 7], ["W", 7], ["W", 1], ["W", 7], ["R", 7], ["R", 1], ["R", 2], ["R", 2]]}]}, "ScheduledPostCommandController.updatePost": {"t": [{"id": 0, "a": [["R", 7], ["R", 1], ["R", 2], ["R", 2], ["W", 7], ["R", 7], ["R", 7], ["R", 7], ["R", 7], ["R", 7], ["R", 7], ["R", 7], ["R", 7], ["R", 7], ["R", 7], ["R", 1], ["R", 7], ["R", 7], ["R", 7], ["W", 7], ["R", 7], ["W", 7], ["R", 7], ["W", 7], ["R", 7], ["R", 8], ["W", 7], ["W", 8], ["R", 7], ["R", 1], ["W", 7], ["W", 1], ["W", 7]]}]}, "MyFeedQueryController.getFeedArticles": {"t": [{"id": 0, "a": [["R", 9], ["R", 9]]}]}, "MyFeedQueryController.getFeedsList": {"t": [{"id": 0, "a": [["R", 9], ["R", 9]]}]}}