{"10": ["dohae243@gmail.com", "hanriseldon@gmail.com"], "11": ["dohae243@gmail.com", "hanriseldon@gmail.com"], "12": ["dohae243@gmail.com"], "13": ["dohae243@gmail.com", "hanriseldon@gmail.com"], "14": ["dohae243@gmail.com", "hanriseldon@gmail.com"], "15": ["dohae243@gmail.com", "hanriseldon@gmail.com"], "7": ["dohae243@gmail.com", "hanriseldon@gmail.com"], "1": ["dohae243@gmail.com", "hanriseldon@gmail.com"], "16": ["dohae243@gmail.com", "hanriseldon@gmail.com"], "17": ["dohae243@gmail.com"], "18": ["dohae243@gmail.com"], "159": ["dohae243@gmail.com"], "20": ["dohae243@gmail.com", "hanriseldon@gmail.com"], "21": ["dohae243@gmail.com"], "22": ["dohae243@gmail.com", "hanriseldon@gmail.com"], "23": ["dohae243@gmail.com", "hanriseldon@gmail.com"], "24": ["dohae243@gmail.com", "hanriseldon@gmail.com"], "9": ["dohae243@gmail.com", "hanriseldon@gmail.com"], "25": ["dohae243@gmail.com"], "26": ["dohae243@gmail.com", "hanriseldon@gmail.com"], "27": ["dohae243@gmail.com", "hanriseldon@gmail.com"], "28": ["dohae243@gmail.com", "hanriseldon@gmail.com"], "29": ["dohae243@gmail.com"], "30": ["dohae243@gmail.com", "hanriseldon@gmail.com"], "31": ["dohae243@gmail.com", "hanriseldon@gmail.com"], "32": ["dohae243@gmail.com", "hanriseldon@gmail.com"], "33": ["dohae243@gmail.com", "hanriseldon@gmail.com"], "34": ["dohae243@gmail.com", "hanriseldon@gmail.com"], "35": ["dohae243@gmail.com"], "36": ["dohae243@gmail.com", "hanriseldon@gmail.com"], "37": ["dohae243@gmail.com", "hanriseldon@gmail.com"], "38": ["dohae243@gmail.com"], "39": ["dohae243@gmail.com"], "40": ["dohae243@gmail.com"], "41": ["dohae243@gmail.com"], "42": ["dohae243@gmail.com"], "43": ["dohae243@gmail.com", "hanriseldon@gmail.com"], "2": ["dohae243@gmail.com", "hanriseldon@gmail.com"], "44": ["dohae243@gmail.com"], "45": ["dohae243@gmail.com"], "46": ["dohae243@gmail.com", "hanriseldon@gmail.com"], "47": ["dohae243@gmail.com", "hanriseldon@gmail.com"], "48": ["dohae243@gmail.com", "hanriseldon@gmail.com"], "49": ["hanriseldon@gmail.com"], "50": ["hanriseldon@gmail.com"], "51": ["dohae243@gmail.com", "hanriseldon@gmail.com"], "52": ["dohae243@gmail.com", "hanriseldon@gmail.com"], "53": ["hanriseldon@gmail.com"], "54": ["dohae243@gmail.com", "hanriseldon@gmail.com"], "55": ["dohae243@gmail.com", "hanriseldon@gmail.com"], "56": ["dohae243@gmail.com", "hanriseldon@gmail.com"], "57": ["dohae243@gmail.com"], "58": ["dohae243@gmail.com", "hanriseldon@gmail.com"], "59": ["dohae243@gmail.com", "hanriseldon@gmail.com"], "143": ["dohae243@gmail.com"], "61": ["dohae243@gmail.com", "hanriseldon@gmail.com"], "62": ["dohae243@gmail.com", "hanriseldon@gmail.com"], "63": ["dohae243@gmail.com"], "64": ["dohae243@gmail.com"], "6": ["dohae243@gmail.com"], "3": ["dohae243@gmail.com", "hanriseldon@gmail.com"], "144": ["dohae243@gmail.com"], "142": ["dohae243@gmail.com"], "67": ["dohae243@gmail.com", "hanriseldon@gmail.com"], "68": ["dohae243@gmail.com"], "69": ["dohae243@gmail.com"], "70": ["dohae243@gmail.com", "hanriseldon@gmail.com"], "71": ["dohae243@gmail.com", "hanriseldon@gmail.com"], "72": ["dohae243@gmail.com", "hanriseldon@gmail.com"], "73": ["dohae243@gmail.com"], "74": ["dohae243@gmail.com", "hanriseldon@gmail.com"], "75": ["hanriseldon@gmail.com"], "76": ["hanriseldon@gmail.com"], "77": ["hanriseldon@gmail.com"], "78": ["dohae243@gmail.com", "hanriseldon@gmail.com"], "79": ["dohae243@gmail.com", "hanriseldon@gmail.com"], "80": ["dohae243@gmail.com", "hanriseldon@gmail.com"], "81": ["dohae243@gmail.com", "hanriseldon@gmail.com"], "82": ["dohae243@gmail.com"], "83": ["dohae243@gmail.com"], "84": ["dohae243@gmail.com"], "85": ["dohae243@gmail.com", "hanriseldon@gmail.com"], "86": ["dohae243@gmail.com", "hanriseldon@gmail.com"], "87": ["dohae243@gmail.com"], "8": ["dohae243@gmail.com"], "88": ["dohae243@gmail.com"], "89": ["dohae243@gmail.com"], "90": ["dohae243@gmail.com", "hanriseldon@gmail.com"], "91": ["dohae243@gmail.com"], "92": ["dohae243@gmail.com"], "4": ["dohae243@gmail.com"], "5": ["dohae243@gmail.com"], "93": ["dohae243@gmail.com"], "94": ["dohae243@gmail.com", "hanriseldon@gmail.com"], "95": ["dohae243@gmail.com"], "96": ["dohae243@gmail.com"], "97": ["dohae243@gmail.com"], "98": ["dohae243@gmail.com", "hanriseldon@gmail.com"], "99": ["dohae243@gmail.com"], "100": ["hanriseldon@gmail.com"], "101": ["dohae243@gmail.com"], "102": ["dohae243@gmail.com"], "103": ["dohae243@gmail.com"], "104": ["dohae243@gmail.com"], "105": ["dohae243@gmail.com"], "106": ["dohae243@gmail.com"], "107": ["dohae243@gmail.com"], "108": ["dohae243@gmail.com"], "109": ["dohae243@gmail.com"], "110": ["dohae243@gmail.com"], "111": ["dohae243@gmail.com"], "112": ["dohae243@gmail.com"], "113": ["dohae243@gmail.com"], "114": ["dohae243@gmail.com"], "115": ["dohae243@gmail.com"], "116": ["dohae243@gmail.com"], "117": ["dohae243@gmail.com"], "118": ["dohae243@gmail.com"], "119": ["dohae243@gmail.com"], "120": ["dohae243@gmail.com"], "121": ["dohae243@gmail.com"], "122": ["dohae243@gmail.com"], "123": ["dohae243@gmail.com"], "124": ["dohae243@gmail.com"], "125": ["dohae243@gmail.com"], "126": ["dohae243@gmail.com"], "127": ["dohae243@gmail.com"], "128": ["dohae243@gmail.com"], "129": ["dohae243@gmail.com"], "130": ["dohae243@gmail.com", "hanriseldon@gmail.com"], "131": ["dohae243@gmail.com"], "132": ["dohae243@gmail.com"], "133": ["dohae243@gmail.com"], "134": ["dohae243@gmail.com"], "135": ["dohae243@gmail.com", "hanriseldon@gmail.com"], "136": ["dohae243@gmail.com"], "137": ["dohae243@gmail.com"], "138": ["dohae243@gmail.com"], "139": ["dohae243@gmail.com"], "140": ["dohae243@gmail.com"], "141": ["dohae243@gmail.com"], "145": ["dohae243@gmail.com"], "146": ["dohae243@gmail.com"], "147": ["dohae243@gmail.com"], "148": ["dohae243@gmail.com"], "149": ["dohae243@gmail.com"], "150": ["dohae243@gmail.com"], "151": ["dohae243@gmail.com"], "152": ["dohae243@gmail.com"], "153": ["dohae243@gmail.com"], "154": ["dohae243@gmail.com"], "155": ["dohae243@gmail.com"], "156": ["dohae243@gmail.com"], "157": ["dohae243@gmail.com"], "158": ["dohae243@gmail.com"], "160": ["dohae243@gmail.com"], "161": ["dohae243@gmail.com"]}