{"7": {"12": 2, "total_commits": 172, "18": 4, "17": 2, "13": 8, "14": 7, "159": 5, "10": 3, "16": 6, "20": 6, "11": 3, "15": 4, "1": 7, "30": 5, "33": 3, "34": 1, "32": 6, "31": 8, "29": 1, "35": 1, "22": 4, "40": 1, "39": 1, "37": 1, "23": 1, "38": 1, "28": 1, "9": 4, "24": 1, "27": 1, "26": 1, "53": 2, "56": 2, "50": 2, "52": 2, "2": 4, "51": 2, "48": 2, "54": 3, "55": 2, "49": 2, "46": 1, "47": 1, "143": 1, "61": 1, "42": 1, "69": 1, "68": 5, "87": 1, "85": 3, "21": 1, "8": 1, "97": 1, "144": 1, "94": 1, "4": 1, "91": 1, "43": 1, "5": 1, "41": 2, "95": 1, "92": 1, "96": 1, "93": 1, "84": 2, "86": 1, "127": 1, "114": 1, "110": 2, "62": 1, "154": 1, "108": 1, "120": 1, "105": 1, "148": 1, "103": 1, "141": 1, "113": 1, "160": 1, "112": 1, "115": 1, "83": 1}, "12": {"11": 2, "total_commits": 109, "15": 2, "1": 3, "7": 2, "17": 2, "14": 3, "159": 3, "10": 2, "18": 2, "13": 5, "16": 2, "20": 4, "46": 3, "32": 2, "3": 1, "63": 1, "6": 1, "23": 2, "64": 1, "62": 1, "98": 4, "54": 1, "116": 1, "107": 1, "55": 1, "137": 1, "47": 1, "80": 1, "67": 1, "108": 1, "82": 1, "78": 1, "51": 1, "71": 1, "74": 1, "48": 2, "99": 1, "139": 1, "56": 1, "58": 2, "115": 1, "34": 1, "126": 1, "138": 1, "59": 1, "70": 1, "33": 1, "154": 2, "155": 2, "151": 1, "150": 1, "147": 1, "152": 2, "142": 1, "143": 1, "146": 1, "145": 1, "157": 1, "153": 2, "148": 1, "149": 2, "156": 2, "158": 1, "144": 1, "61": 1, "160": 1, "112": 1, "27": 1, "79": 1, "111": 1, "104": 1, "141": 1, "105": 1, "52": 1}, "18": {"1": 2, "total_commits": 51, "7": 4, "17": 2, "14": 3, "159": 2, "10": 2, "12": 2, "13": 4, "16": 3, "20": 3, "11": 2, "15": 2, "21": 2, "22": 2, "23": 2, "39": 1, "37": 1, "33": 1, "30": 1, "40": 1, "38": 1, "32": 2, "31": 2, "68": 1, "87": 1, "85": 1, "8": 1}, "14": {"13": 6, "total_commits": 108, "159": 4, "10": 3, "16": 5, "20": 4, "1": 5, "11": 3, "15": 3, "7": 7, "17": 2, "12": 3, "18": 3, "40": 1, "39": 1, "37": 1, "33": 1, "23": 3, "38": 1, "32": 5, "31": 4, "22": 3, "30": 4, "28": 1, "9": 1, "24": 1, "27": 1, "26": 1, "58": 1, "46": 2, "34": 1, "57": 1, "64": 1, "6": 1, "62": 2, "63": 1, "3": 1, "2": 1, "42": 1, "69": 1, "68": 2, "108": 1, "85": 1, "120": 1, "105": 1, "148": 1, "84": 1, "103": 1, "141": 1, "113": 1, "160": 1, "112": 1, "115": 1, "83": 1, "154": 1, "110": 1}, "13": {"12": 5, "total_commits": 262, "18": 4, "17": 3, "14": 6, "159": 9, "10": 3, "16": 11, "20": 5, "11": 3, "15": 3, "1": 9, "7": 8, "23": 8, "21": 3, "22": 11, "9": 4, "24": 2, "25": 2, "27": 4, "26": 2, "28": 2, "30": 6, "33": 6, "35": 1, "34": 8, "32": 12, "31": 7, "29": 1, "36": 2, "40": 1, "39": 1, "37": 1, "38": 1, "41": 2, "43": 2, "44": 1, "46": 9, "2": 4, "45": 1, "48": 3, "55": 2, "47": 3, "53": 1, "50": 1, "51": 3, "49": 1, "56": 2, "52": 2, "54": 2, "58": 2, "57": 1, "61": 2, "143": 2, "62": 4, "64": 1, "6": 1, "63": 1, "3": 2, "142": 1, "72": 1, "68": 3, "67": 2, "73": 1, "59": 3, "85": 1, "93": 1, "94": 1, "4": 1, "91": 1, "5": 1, "95": 1, "92": 1, "96": 1, "84": 1, "86": 1, "97": 1, "144": 1, "90": 1, "98": 3, "101": 1, "116": 1, "108": 1, "78": 1, "107": 1, "137": 2, "80": 1, "82": 1, "71": 1, "74": 1, "99": 1, "139": 1, "115": 2, "126": 1, "138": 1, "70": 1, "141": 2, "105": 1, "112": 1, "111": 1, "104": 1, "79": 1}, "1": {"11": 2, "total_commits": 151, "15": 4, "7": 7, "17": 2, "12": 3, "18": 2, "13": 9, "14": 5, "159": 4, "10": 2, "16": 6, "20": 5, "31": 3, "27": 1, "26": 1, "30": 2, "28": 1, "9": 4, "24": 1, "45": 1, "22": 4, "43": 2, "44": 1, "2": 3, "23": 5, "46": 5, "51": 2, "48": 2, "54": 2, "55": 2, "53": 2, "49": 2, "56": 2, "50": 2, "52": 2, "32": 5, "47": 1, "34": 2, "57": 1, "58": 1, "61": 1, "143": 3, "63": 1, "3": 5, "64": 1, "6": 1, "62": 3, "144": 2, "81": 2, "79": 1, "80": 1, "59": 2, "93": 1, "86": 1, "91": 1, "97": 1, "94": 1, "68": 1, "4": 1, "5": 1, "84": 1, "41": 1, "95": 1, "92": 1, "96": 1, "98": 1, "90": 1}, "10": {"159": 2, "total_commits": 30, "16": 2, "20": 2, "1": 2, "11": 3, "15": 2, "7": 3, "17": 2, "12": 2, "18": 2, "13": 3, "14": 3, "31": 1, "30": 1}, "20": {"16": 6, "total_commits": 153, "11": 2, "15": 3, "1": 5, "7": 6, "12": 4, "17": 2, "13": 5, "14": 4, "159": 3, "10": 2, "18": 3, "38": 1, "32": 3, "31": 3, "22": 2, "30": 4, "40": 2, "39": 1, "37": 1, "33": 3, "23": 4, "9": 3, "24": 1, "28": 1, "27": 1, "26": 1, "50": 2, "52": 2, "2": 2, "56": 4, "51": 4, "54": 4, "55": 4, "48": 7, "53": 2, "49": 2, "47": 3, "46": 3, "58": 3, "41": 1, "59": 2, "21": 1, "98": 2, "116": 1, "108": 1, "107": 1, "137": 1, "80": 1, "67": 1, "82": 1, "78": 1, "71": 1, "74": 1, "99": 1, "139": 1, "115": 1, "34": 1, "126": 1, "138": 1, "70": 1, "120": 1, "149": 2, "85": 1, "90": 1, "119": 1, "152": 1, "154": 1, "155": 1, "156": 1, "153": 1, "160": 1}, "16": {"1": 6, "total_commits": 163, "11": 2, "7": 6, "15": 3, "17": 3, "12": 2, "18": 3, "13": 11, "14": 5, "159": 6, "10": 2, "20": 6, "34": 6, "32": 7, "35": 1, "31": 6, "29": 1, "33": 7, "22": 7, "30": 9, "36": 2, "38": 1, "37": 1, "40": 1, "39": 1, "23": 8, "24": 1, "27": 2, "26": 1, "9": 1, "28": 1, "45": 1, "43": 1, "44": 1, "2": 3, "46": 8, "21": 3, "48": 3, "57": 1, "58": 2, "41": 2, "55": 1, "54": 1, "59": 2, "47": 2, "56": 1, "51": 1, "143": 1, "144": 1, "73": 1, "72": 1, "68": 2, "67": 1, "114": 1, "127": 1, "110": 1, "85": 1}, "11": {"15": 2, "total_commits": 90, "17": 2, "12": 2, "18": 2, "13": 3, "14": 3, "159": 3, "10": 3, "16": 2, "20": 2, "1": 2, "7": 3, "31": 1, "30": 1, "99": 1, "98": 3, "59": 2, "119": 1, "113": 1, "114": 2, "107": 1, "118": 1, "110": 1, "116": 2, "108": 2, "94": 2, "68": 1, "104": 1, "117": 1, "112": 1, "86": 1, "122": 1, "32": 3, "106": 1, "85": 3, "46": 2, "105": 1, "109": 1, "103": 1, "33": 1, "121": 1, "123": 1, "101": 1, "26": 1, "28": 1, "111": 1, "120": 1, "95": 2, "102": 1, "115": 1, "34": 1, "27": 1, "37": 2, "133": 1, "22": 1, "90": 1, "136": 1, "45": 1, "73": 1}, "159": {"16": 6, "total_commits": 171, "20": 3, "11": 3, "1": 4, "15": 3, "7": 5, "17": 2, "12": 3, "18": 2, "13": 9, "14": 4, "10": 2, "27": 2, "29": 2, "34": 4, "32": 5, "31": 3, "35": 1, "22": 6, "30": 2, "33": 3, "36": 1, "46": 4, "57": 1, "58": 2, "23": 3, "68": 3, "2": 2, "42": 1, "69": 1, "93": 1, "86": 1, "91": 1, "97": 1, "144": 1, "94": 2, "4": 1, "43": 2, "5": 1, "84": 1, "41": 1, "95": 2, "92": 1, "96": 1, "132": 1, "130": 1, "24": 1, "114": 3, "45": 2, "98": 3, "133": 2, "72": 1, "59": 2, "26": 1, "134": 1, "135": 1, "131": 1, "116": 3, "85": 1, "90": 1, "136": 2, "73": 1, "37": 1, "108": 2, "115": 2, "126": 1, "138": 1, "70": 1, "107": 1, "55": 1, "54": 1, "137": 2, "78": 1, "51": 1, "48": 1, "47": 1, "56": 1, "80": 1, "67": 1, "82": 1, "71": 1, "74": 1, "99": 1, "139": 1, "141": 1, "159": 2, "160": 2, "154": 2, "104": 1, "161": 1}, "17": {"12": 2, "total_commits": 32, "18": 2, "13": 3, "159": 2, "10": 2, "16": 3, "20": 2, "15": 2, "1": 2, "11": 2, "7": 2, "14": 2, "33": 1, "32": 1, "36": 1, "22": 1, "30": 1, "34": 1}, "15": {"17": 2, "total_commits": 56, "12": 2, "18": 2, "13": 3, "14": 3, "159": 3, "10": 2, "16": 3, "20": 3, "1": 4, "11": 2, "7": 4, "27": 1, "26": 1, "30": 1, "9": 1, "28": 1, "24": 1, "31": 2, "93": 1, "86": 1, "91": 1, "97": 1, "144": 1, "94": 1, "68": 1, "4": 1, "95": 1, "92": 1, "43": 1, "5": 1, "84": 1, "41": 1, "96": 1}, "21": {"22": 2, "total_commits": 49, "23": 5, "18": 2, "13": 3, "46": 2, "16": 3, "48": 2, "58": 1, "41": 1, "51": 1, "54": 1, "31": 2, "55": 1, "59": 2, "47": 2, "33": 2, "30": 2, "20": 1, "56": 1, "68": 2, "67": 1, "34": 1, "73": 1, "32": 2, "27": 1, "72": 1, "8": 1, "7": 1, "87": 1, "85": 1}, "22": {"21": 2, "total_commits": 191, "23": 10, "18": 2, "13": 11, "32": 16, "31": 4, "7": 4, "29": 1, "35": 1, "33": 6, "159": 6, "30": 5, "16": 7, "34": 10, "36": 1, "17": 1, "39": 1, "37": 3, "14": 3, "40": 1, "20": 2, "38": 1, "1": 4, "43": 1, "44": 1, "2": 3, "45": 2, "46": 9, "55": 1, "47": 3, "53": 1, "50": 1, "51": 1, "48": 1, "49": 1, "9": 1, "56": 1, "52": 1, "54": 1, "57": 1, "58": 1, "143": 1, "144": 1, "27": 2, "67": 2, "26": 1, "28": 1, "72": 2, "59": 1, "68": 3, "73": 2, "103": 2, "86": 1, "104": 1, "95": 2, "102": 1, "106": 1, "94": 2, "105": 2, "108": 3, "107": 1, "133": 1, "136": 1, "114": 1, "98": 1, "116": 1, "85": 2, "90": 1, "11": 1, "115": 2, "137": 1, "141": 2, "160": 2, "154": 2, "62": 1, "148": 1, "84": 1, "113": 1, "112": 1, "110": 1, "83": 1, "120": 1}, "23": {"18": 2, "total_commits": 175, "13": 8, "21": 5, "22": 10, "30": 5, "40": 1, "39": 1, "37": 2, "14": 3, "33": 6, "16": 8, "20": 4, "38": 1, "32": 11, "31": 3, "7": 1, "44": 1, "2": 2, "46": 11, "1": 5, "45": 1, "43": 1, "34": 8, "159": 3, "58": 3, "57": 1, "47": 4, "56": 2, "51": 2, "41": 1, "55": 2, "48": 3, "54": 2, "59": 3, "143": 2, "12": 2, "64": 1, "6": 1, "62": 1, "3": 1, "63": 1, "144": 1, "27": 2, "67": 3, "26": 1, "28": 1, "68": 2, "73": 1, "72": 2, "105": 1, "102": 1, "108": 2, "107": 2, "106": 1, "94": 1, "104": 1, "103": 1, "95": 1, "86": 1, "80": 1, "82": 1, "71": 1, "74": 1, "139": 1, "98": 1, "115": 1, "126": 1, "138": 1, "70": 1, "137": 1, "116": 1, "78": 1, "99": 1, "136": 1}, "9": {"24": 4, "total_commits": 63, "25": 1, "13": 4, "27": 3, "26": 3, "28": 3, "30": 1, "14": 1, "16": 1, "20": 3, "1": 4, "31": 1, "15": 1, "7": 4, "53": 3, "56": 2, "50": 2, "52": 2, "2": 2, "51": 2, "48": 2, "54": 2, "55": 3, "49": 2, "22": 1, "32": 1, "46": 1, "47": 1, "61": 1, "143": 1, "34": 1}, "24": {"25": 1, "total_commits": 44, "13": 2, "9": 4, "28": 3, "27": 4, "26": 4, "14": 1, "16": 1, "20": 1, "1": 1, "31": 1, "15": 1, "7": 1, "30": 1, "55": 1, "53": 1, "34": 1, "131": 1, "116": 1, "2": 1, "159": 1, "132": 1, "130": 1, "45": 1, "98": 1, "133": 1, "114": 1, "59": 1, "134": 1, "43": 1, "135": 1, "72": 1}, "25": {"13": 2, "total_commits": 9, "9": 1, "24": 1, "101": 1, "27": 1, "34": 1, "26": 1, "28": 1}, "28": {"24": 3, "total_commits": 96, "27": 7, "26": 6, "13": 2, "9": 3, "14": 1, "30": 1, "16": 1, "20": 1, "31": 1, "15": 1, "1": 1, "7": 1, "22": 1, "23": 1, "67": 1, "34": 4, "46": 2, "32": 3, "55": 1, "53": 1, "25": 1, "101": 2, "117": 1, "119": 2, "86": 1, "113": 2, "114": 1, "107": 2, "118": 1, "116": 1, "108": 2, "68": 2, "104": 2, "123": 2, "112": 2, "122": 1, "106": 1, "85": 1, "105": 2, "115": 1, "109": 1, "11": 1, "103": 2, "59": 1, "33": 1, "121": 1, "111": 2, "120": 2, "95": 2, "102": 2, "110": 1, "37": 1, "94": 1, "125": 1, "124": 1, "128": 1, "126": 1, "127": 1}, "27": {"26": 8, "total_commits": 145, "13": 4, "9": 3, "28": 7, "24": 4, "159": 2, "29": 1, "31": 1, "15": 1, "1": 1, "7": 1, "30": 2, "14": 1, "16": 2, "20": 1, "34": 6, "58": 1, "46": 4, "32": 4, "22": 2, "23": 2, "67": 2, "73": 1, "59": 3, "21": 1, "72": 2, "47": 1, "33": 2, "68": 3, "55": 1, "53": 1, "25": 1, "101": 2, "114": 2, "85": 1, "107": 2, "105": 3, "11": 1, "103": 2, "121": 1, "123": 2, "111": 3, "120": 2, "106": 1, "102": 2, "115": 1, "109": 1, "119": 2, "95": 2, "113": 2, "118": 1, "110": 1, "116": 2, "37": 1, "108": 2, "94": 1, "104": 3, "117": 1, "112": 3, "86": 1, "122": 1, "127": 1, "125": 1, "124": 1, "128": 1, "126": 1, "45": 1, "98": 2, "133": 1, "134": 1, "43": 1, "135": 1, "131": 1, "132": 1, "130": 1, "2": 1, "79": 1, "12": 1, "141": 1, "52": 1}, "26": {"27": 8, "total_commits": 95, "13": 2, "9": 3, "28": 6, "24": 4, "31": 1, "15": 1, "1": 1, "7": 1, "30": 1, "14": 1, "16": 1, "20": 1, "34": 5, "58": 1, "22": 1, "23": 1, "67": 1, "46": 2, "32": 2, "55": 1, "53": 1, "25": 1, "101": 2, "110": 1, "116": 2, "37": 1, "94": 1, "117": 1, "119": 1, "86": 1, "122": 1, "113": 1, "114": 2, "85": 1, "107": 1, "118": 1, "108": 1, "68": 1, "11": 1, "103": 1, "104": 1, "121": 1, "123": 1, "112": 1, "120": 1, "106": 1, "102": 1, "105": 1, "115": 1, "109": 1, "59": 2, "33": 1, "111": 1, "95": 1, "43": 1, "72": 1, "131": 1, "159": 1, "134": 1, "135": 1, "132": 1, "130": 1, "2": 1, "45": 1, "98": 1, "133": 1}, "29": {"159": 2, "total_commits": 13, "27": 1, "33": 1, "22": 1, "30": 1, "13": 1, "34": 1, "16": 1, "32": 1, "31": 1, "7": 1, "35": 1}, "34": {"33": 8, "total_commits": 199, "159": 4, "16": 6, "32": 13, "35": 1, "31": 1, "7": 1, "29": 1, "22": 10, "30": 4, "13": 8, "36": 1, "17": 1, "23": 8, "58": 3, "46": 9, "1": 2, "57": 1, "14": 1, "26": 5, "27": 6, "143": 1, "144": 1, "67": 3, "28": 4, "68": 3, "73": 1, "21": 1, "72": 2, "59": 3, "47": 4, "37": 2, "24": 1, "55": 2, "53": 1, "9": 1, "101": 3, "25": 1, "108": 4, "107": 4, "106": 2, "94": 2, "104": 2, "103": 2, "95": 2, "86": 2, "105": 2, "102": 2, "119": 1, "113": 1, "114": 1, "118": 1, "110": 1, "116": 3, "117": 1, "112": 1, "122": 1, "85": 2, "109": 2, "11": 1, "121": 1, "123": 1, "111": 2, "120": 1, "115": 4, "70": 1, "54": 1, "137": 2, "12": 1, "78": 1, "51": 1, "20": 1, "48": 1, "99": 1, "56": 1, "80": 1, "82": 1, "71": 1, "74": 1, "139": 1, "98": 1, "126": 2, "138": 1, "140": 1, "141": 1}, "33": {"35": 1, "total_commits": 176, "22": 6, "30": 6, "13": 6, "159": 3, "16": 7, "34": 8, "32": 11, "31": 4, "7": 3, "29": 1, "36": 2, "17": 1, "40": 1, "39": 1, "37": 3, "14": 1, "23": 6, "18": 1, "20": 3, "38": 1, "47": 6, "21": 2, "56": 2, "58": 2, "41": 2, "51": 2, "54": 2, "55": 2, "59": 4, "48": 2, "72": 2, "67": 2, "68": 3, "73": 1, "46": 5, "27": 2, "120": 1, "106": 1, "102": 1, "115": 3, "109": 1, "119": 1, "28": 1, "95": 1, "118": 1, "110": 2, "116": 3, "108": 3, "94": 1, "104": 1, "117": 1, "112": 1, "86": 1, "122": 1, "113": 1, "114": 2, "85": 3, "107": 3, "105": 1, "11": 1, "103": 1, "121": 1, "123": 1, "101": 2, "26": 1, "111": 1, "12": 1, "137": 1, "80": 1, "82": 1, "78": 1, "71": 1, "74": 1, "99": 1, "139": 1, "126": 2, "138": 1, "70": 1, "98": 1, "127": 1, "2": 1}, "30": {"7": 5, "total_commits": 111, "29": 1, "35": 1, "22": 5, "31": 6, "33": 6, "159": 2, "13": 6, "16": 9, "34": 4, "32": 5, "17": 1, "36": 1, "39": 1, "37": 1, "14": 4, "23": 5, "18": 1, "40": 1, "20": 4, "38": 1, "27": 2, "1": 2, "26": 1, "9": 1, "28": 1, "24": 1, "15": 1, "11": 1, "10": 1, "57": 1, "58": 2, "46": 3, "55": 1, "48": 2, "21": 2, "59": 2, "47": 2, "56": 1, "41": 2, "51": 1, "54": 1, "72": 1, "67": 1, "68": 2, "73": 1, "114": 1, "110": 1, "127": 1, "85": 1, "2": 1}, "32": {"35": 1, "total_commits": 330, "31": 7, "7": 6, "29": 1, "22": 16, "30": 5, "13": 12, "33": 11, "159": 5, "16": 7, "34": 13, "36": 1, "17": 1, "18": 2, "40": 1, "39": 1, "37": 4, "14": 5, "23": 11, "20": 3, "38": 1, "46": 13, "2": 4, "47": 6, "48": 2, "49": 1, "9": 1, "56": 2, "50": 1, "52": 1, "55": 2, "1": 5, "54": 2, "53": 1, "51": 2, "57": 1, "58": 2, "3": 2, "63": 1, "12": 2, "64": 1, "6": 1, "62": 2, "143": 1, "144": 1, "27": 4, "67": 3, "26": 2, "28": 3, "42": 1, "69": 1, "68": 11, "21": 2, "72": 2, "59": 4, "73": 3, "85": 8, "8": 3, "87": 1, "90": 3, "95": 5, "81": 1, "142": 1, "98": 4, "104": 3, "103": 4, "86": 2, "105": 4, "102": 3, "108": 7, "107": 6, "106": 2, "94": 3, "109": 1, "11": 3, "121": 1, "123": 2, "101": 2, "111": 2, "120": 3, "115": 4, "119": 2, "113": 3, "114": 2, "118": 1, "110": 2, "116": 4, "117": 1, "112": 3, "122": 1, "125": 1, "124": 1, "128": 1, "126": 3, "127": 1, "133": 1, "136": 1, "45": 1, "99": 1, "80": 1, "82": 1, "71": 1, "74": 1, "139": 1, "138": 1, "70": 1, "137": 1, "78": 1, "148": 1, "84": 1, "141": 1, "160": 1, "154": 1, "83": 1}, "31": {"35": 1, "total_commits": 133, "29": 1, "33": 4, "159": 3, "22": 4, "30": 6, "13": 7, "34": 1, "16": 6, "32": 7, "7": 8, "37": 1, "14": 4, "18": 2, "40": 1, "39": 1, "20": 3, "23": 3, "38": 1, "26": 1, "9": 1, "28": 1, "24": 1, "15": 2, "27": 1, "1": 3, "10": 1, "11": 1, "41": 5, "42": 2, "43": 2, "44": 1, "2": 4, "46": 1, "45": 1, "48": 1, "21": 2, "59": 1, "47": 1, "56": 1, "58": 1, "51": 1, "54": 1, "55": 1, "69": 1, "68": 4, "85": 3, "8": 3, "87": 1, "88": 1, "89": 1, "90": 1, "93": 1, "94": 1, "91": 1, "144": 1, "5": 1, "4": 1, "95": 1, "92": 1, "84": 1, "86": 1, "96": 1, "97": 1, "107": 1, "110": 1, "127": 1, "114": 1}, "35": {"16": 1, "total_commits": 11, "34": 1, "32": 1, "31": 1, "7": 1, "29": 1, "22": 1, "30": 1, "13": 1, "33": 1, "159": 1}, "36": {"30": 1, "total_commits": 17, "17": 1, "34": 1, "13": 2, "16": 2, "33": 2, "32": 1, "22": 1, "159": 1, "86": 1, "85": 1, "100": 1, "61": 1, "77": 1}, "40": {"38": 2, "total_commits": 23, "32": 1, "31": 1, "7": 1, "39": 1, "37": 2, "14": 1, "33": 1, "22": 1, "30": 1, "18": 1, "13": 1, "16": 1, "20": 2, "23": 1, "120": 1, "149": 1, "85": 1, "90": 1, "119": 1}, "39": {"16": 1, "total_commits": 15, "20": 1, "32": 1, "31": 1, "7": 1, "37": 1, "14": 1, "33": 1, "22": 1, "30": 1, "18": 1, "13": 1, "40": 1, "23": 1, "38": 1}, "37": {"22": 3, "total_commits": 79, "30": 1, "18": 1, "13": 1, "40": 2, "39": 1, "14": 1, "33": 3, "23": 2, "16": 1, "20": 1, "38": 2, "32": 4, "31": 1, "7": 1, "46": 3, "72": 1, "47": 1, "34": 2, "85": 2, "107": 1, "105": 1, "11": 2, "103": 1, "59": 1, "121": 1, "123": 1, "101": 1, "26": 1, "28": 1, "111": 1, "120": 1, "106": 1, "102": 1, "115": 1, "109": 1, "27": 1, "119": 1, "95": 2, "113": 1, "118": 1, "110": 1, "116": 2, "108": 2, "94": 2, "68": 1, "104": 1, "117": 1, "112": 1, "86": 1, "122": 1, "114": 2, "159": 1, "90": 1, "45": 1, "73": 1, "98": 1, "133": 1, "136": 1}, "38": {"37": 2, "total_commits": 17, "14": 1, "33": 1, "22": 1, "30": 1, "18": 1, "13": 1, "40": 2, "39": 1, "23": 1, "16": 1, "20": 1, "32": 1, "31": 1, "7": 1}, "41": {"13": 2, "total_commits": 50, "31": 5, "42": 1, "51": 1, "48": 1, "54": 1, "59": 1, "21": 1, "30": 2, "47": 1, "56": 1, "33": 2, "58": 1, "23": 1, "16": 2, "20": 1, "55": 1, "93": 1, "86": 1, "7": 2, "1": 1, "91": 1, "97": 1, "144": 1, "15": 1, "94": 1, "68": 2, "4": 1, "43": 1, "5": 1, "84": 1, "95": 1, "92": 1, "159": 1, "96": 1, "110": 1, "127": 1, "2": 1, "85": 1, "114": 1}, "42": {"41": 1, "total_commits": 10, "31": 2, "14": 1, "2": 1, "32": 1, "159": 1, "69": 1, "68": 1, "7": 1}, "46": {"23": 11, "total_commits": 234, "16": 8, "2": 3, "45": 2, "31": 1, "1": 5, "22": 9, "43": 1, "44": 1, "13": 9, "32": 13, "48": 4, "21": 2, "20": 3, "55": 2, "49": 1, "47": 5, "53": 1, "56": 2, "50": 1, "51": 2, "9": 1, "7": 1, "52": 2, "54": 2, "58": 2, "34": 9, "57": 1, "30": 3, "14": 2, "159": 4, "62": 2, "63": 1, "3": 1, "12": 3, "64": 1, "6": 1, "144": 1, "143": 1, "142": 1, "27": 4, "67": 3, "26": 2, "28": 2, "68": 3, "73": 2, "59": 3, "72": 2, "33": 5, "37": 3, "106": 2, "94": 3, "107": 4, "104": 3, "103": 2, "86": 2, "95": 3, "105": 3, "102": 2, "108": 5, "85": 3, "11": 2, "121": 1, "123": 1, "101": 2, "111": 2, "120": 1, "115": 3, "109": 1, "119": 1, "113": 1, "118": 1, "110": 1, "116": 4, "117": 1, "112": 2, "122": 1, "114": 3, "90": 1, "98": 3, "133": 1, "136": 1, "78": 1, "137": 1, "80": 1, "82": 1, "71": 1, "74": 1, "99": 1, "139": 1, "126": 2, "138": 1, "70": 1, "79": 1, "141": 1}, "43": {"44": 1, "total_commits": 47, "22": 1, "13": 2, "2": 2, "23": 1, "46": 1, "16": 1, "31": 2, "1": 2, "45": 2, "93": 1, "94": 1, "91": 1, "144": 1, "5": 1, "41": 1, "68": 1, "4": 1, "95": 1, "92": 1, "159": 2, "84": 1, "86": 1, "7": 1, "96": 1, "97": 1, "15": 1, "133": 1, "72": 1, "59": 1, "26": 1, "134": 1, "135": 1, "131": 1, "116": 1, "132": 1, "130": 1, "98": 1, "24": 1, "27": 1, "114": 1}, "2": {"43": 2, "total_commits": 91, "44": 1, "22": 3, "13": 4, "23": 2, "45": 2, "46": 3, "16": 3, "31": 4, "1": 3, "32": 4, "53": 2, "49": 2, "50": 2, "9": 2, "20": 2, "52": 2, "56": 2, "51": 3, "48": 3, "54": 2, "55": 2, "7": 4, "47": 1, "143": 1, "62": 1, "61": 1, "159": 2, "42": 1, "69": 1, "68": 2, "14": 1, "72": 1, "59": 1, "131": 1, "116": 1, "134": 1, "135": 1, "132": 1, "130": 1, "98": 1, "133": 1, "24": 1, "27": 1, "114": 2, "26": 1, "127": 1, "33": 1, "30": 1, "41": 1, "85": 1, "110": 1}, "44": {"46": 1, "total_commits": 10, "16": 1, "2": 1, "1": 1, "45": 1, "31": 1, "22": 1, "43": 1, "13": 1, "23": 1}, "45": {"22": 2, "total_commits": 44, "13": 1, "2": 2, "23": 1, "46": 2, "16": 1, "31": 1, "1": 1, "43": 2, "44": 1, "26": 1, "159": 2, "134": 1, "135": 1, "131": 1, "59": 1, "116": 2, "132": 1, "130": 1, "98": 2, "27": 1, "24": 1, "114": 2, "133": 2, "72": 1, "37": 1, "94": 1, "90": 1, "108": 1, "11": 1, "73": 1, "85": 1, "32": 1, "136": 1, "95": 1}, "47": {"33": 6, "total_commits": 103, "32": 6, "54": 3, "20": 3, "55": 3, "1": 1, "53": 1, "13": 3, "50": 1, "51": 3, "46": 5, "48": 3, "22": 3, "49": 1, "9": 1, "2": 1, "56": 3, "7": 1, "52": 1, "31": 1, "59": 3, "21": 2, "30": 2, "23": 4, "16": 2, "58": 2, "41": 1, "73": 1, "27": 1, "72": 2, "67": 2, "68": 1, "34": 4, "37": 1, "98": 1, "12": 1, "116": 2, "107": 2, "137": 1, "80": 1, "108": 2, "82": 1, "78": 1, "71": 1, "74": 1, "99": 1, "139": 1, "159": 1, "115": 2, "126": 2, "138": 1, "70": 1, "101": 1, "85": 1}, "48": {"46": 4, "total_commits": 105, "16": 3, "21": 2, "55": 4, "1": 2, "7": 2, "53": 2, "49": 2, "56": 4, "50": 2, "9": 2, "20": 7, "52": 2, "2": 3, "51": 5, "54": 4, "32": 2, "47": 3, "13": 3, "22": 1, "59": 2, "30": 2, "33": 2, "23": 3, "58": 3, "41": 1, "31": 1, "143": 1, "62": 1, "61": 1, "138": 1, "70": 1, "98": 2, "12": 2, "116": 1, "108": 1, "78": 1, "107": 1, "137": 1, "80": 1, "67": 1, "82": 1, "71": 1, "74": 1, "99": 1, "139": 1, "159": 1, "115": 1, "34": 1, "126": 1, "149": 1, "155": 1, "156": 1, "153": 1, "160": 1, "152": 1, "154": 1}, "54": {"51": 4, "total_commits": 80, "9": 2, "20": 4, "52": 2, "55": 4, "1": 2, "48": 4, "7": 3, "53": 2, "49": 2, "2": 2, "56": 4, "50": 2, "22": 1, "32": 2, "46": 2, "47": 3, "13": 2, "16": 1, "41": 1, "31": 1, "59": 2, "21": 1, "30": 1, "33": 2, "58": 2, "23": 2, "82": 1, "71": 1, "99": 1, "139": 1, "159": 1, "115": 1, "34": 1, "126": 1, "138": 1, "74": 1, "70": 1, "107": 1, "98": 1, "137": 1, "12": 1, "116": 1, "108": 1, "78": 1, "80": 1, "67": 1}, "50": {"1": 2, "total_commits": 31, "51": 2, "48": 2, "54": 2, "55": 2, "7": 2, "53": 2, "49": 2, "56": 2, "9": 2, "20": 2, "52": 2, "2": 2, "32": 1, "46": 1, "47": 1, "13": 1, "22": 1}, "56": {"55": 4, "total_commits": 79, "1": 2, "7": 2, "48": 4, "53": 2, "49": 2, "50": 2, "9": 2, "20": 4, "52": 2, "2": 2, "51": 4, "54": 4, "22": 1, "13": 2, "32": 2, "47": 3, "46": 2, "31": 1, "21": 1, "59": 2, "33": 2, "23": 2, "30": 1, "16": 1, "58": 2, "41": 1, "74": 1, "99": 1, "139": 1, "159": 1, "115": 1, "34": 1, "126": 1, "138": 1, "70": 1, "98": 1, "12": 1, "116": 1, "107": 1, "137": 1, "80": 1, "67": 1, "82": 1, "108": 1, "78": 1, "71": 1}, "49": {"7": 2, "total_commits": 31, "53": 2, "9": 2, "2": 2, "56": 2, "50": 2, "51": 2, "20": 2, "52": 2, "55": 2, "1": 2, "48": 2, "54": 2, "46": 1, "47": 1, "13": 1, "22": 1, "32": 1}, "52": {"50": 2, "total_commits": 42, "9": 2, "2": 2, "56": 2, "51": 2, "20": 2, "54": 2, "55": 2, "1": 2, "7": 2, "48": 2, "53": 2, "49": 2, "22": 1, "32": 1, "46": 2, "47": 1, "13": 2, "12": 1, "105": 1, "98": 1, "112": 1, "27": 1, "79": 1, "111": 1, "104": 1, "141": 1}, "53": {"51": 2, "total_commits": 38, "20": 2, "7": 2, "55": 3, "1": 2, "48": 2, "54": 2, "49": 2, "50": 2, "9": 3, "52": 2, "2": 2, "56": 2, "46": 1, "47": 1, "13": 1, "22": 1, "32": 1, "27": 1, "24": 1, "34": 1, "26": 1, "28": 1}, "55": {"51": 4, "total_commits": 86, "54": 4, "1": 2, "7": 2, "48": 4, "53": 3, "49": 2, "50": 2, "9": 3, "20": 4, "52": 2, "2": 2, "56": 4, "47": 3, "46": 2, "13": 2, "22": 1, "32": 2, "58": 2, "41": 1, "23": 2, "31": 1, "21": 1, "59": 2, "33": 2, "30": 1, "16": 1, "27": 1, "26": 1, "34": 2, "24": 1, "28": 1, "107": 1, "137": 1, "80": 1, "12": 1, "108": 1, "82": 1, "78": 1, "71": 1, "74": 1, "99": 1, "139": 1, "159": 1, "115": 1, "67": 1, "138": 1, "70": 1, "98": 1, "126": 1, "116": 1}, "51": {"20": 4, "total_commits": 85, "55": 4, "7": 2, "1": 2, "48": 5, "54": 4, "53": 2, "49": 2, "50": 2, "9": 2, "52": 2, "2": 3, "56": 4, "32": 2, "46": 2, "47": 3, "13": 3, "22": 1, "58": 2, "23": 2, "16": 1, "31": 1, "41": 1, "21": 1, "59": 2, "33": 2, "30": 1, "61": 1, "143": 1, "62": 1, "98": 1, "115": 1, "126": 1, "138": 1, "70": 1, "107": 1, "137": 1, "80": 1, "12": 1, "116": 1, "108": 1, "78": 1, "74": 1, "99": 1, "67": 1, "34": 1, "82": 1, "71": 1, "139": 1, "159": 1}, "58": {"13": 2, "total_commits": 78, "14": 1, "159": 2, "23": 3, "16": 2, "34": 3, "46": 2, "32": 2, "1": 1, "57": 1, "22": 1, "30": 2, "26": 1, "27": 1, "33": 2, "20": 3, "56": 2, "41": 1, "51": 2, "54": 2, "31": 1, "55": 2, "59": 2, "48": 3, "21": 1, "47": 2, "80": 1, "67": 1, "82": 1, "108": 1, "78": 1, "71": 1, "74": 1, "99": 1, "139": 1, "115": 1, "126": 1, "138": 1, "70": 1, "98": 3, "12": 2, "116": 1, "107": 1, "137": 1, "142": 1, "144": 1, "143": 1, "160": 1, "152": 1, "154": 1, "149": 1, "155": 1, "156": 1, "153": 1}, "57": {"58": 1, "total_commits": 12, "34": 1, "46": 1, "32": 1, "1": 1, "22": 1, "30": 1, "13": 1, "14": 1, "159": 1, "23": 1, "16": 1}, "59": {"54": 2, "total_commits": 137, "33": 4, "30": 2, "47": 3, "56": 2, "58": 2, "23": 3, "51": 2, "16": 2, "20": 2, "31": 1, "41": 1, "55": 2, "48": 2, "21": 2, "27": 3, "72": 2, "22": 1, "13": 3, "68": 2, "67": 3, "34": 3, "73": 1, "46": 3, "32": 4, "74": 3, "77": 1, "76": 1, "78": 2, "3": 2, "1": 2, "98": 4, "11": 2, "99": 3, "90": 1, "119": 1, "86": 1, "113": 1, "114": 2, "107": 2, "118": 1, "110": 1, "116": 3, "108": 2, "104": 1, "117": 1, "101": 1, "112": 1, "122": 1, "106": 1, "85": 1, "105": 1, "109": 1, "103": 1, "121": 1, "123": 1, "26": 2, "28": 1, "111": 1, "120": 1, "95": 1, "102": 1, "115": 2, "37": 1, "94": 2, "134": 1, "135": 1, "43": 1, "131": 1, "2": 1, "159": 2, "132": 1, "130": 1, "24": 1, "45": 1, "133": 1, "137": 1, "80": 1, "12": 1, "82": 1, "71": 1, "139": 1, "126": 1, "138": 1, "70": 1}, "61": {"1": 1, "total_commits": 35, "7": 1, "13": 2, "9": 1, "143": 3, "51": 1, "48": 1, "2": 1, "62": 1, "77": 1, "86": 1, "85": 1, "36": 1, "100": 1, "153": 1, "151": 1, "149": 1, "156": 1, "144": 1, "98": 1, "154": 1, "155": 1, "12": 1, "150": 1, "147": 1, "152": 1, "142": 1, "146": 1, "157": 1, "148": 1, "158": 1, "145": 1}, "143": {"61": 3, "total_commits": 43, "1": 3, "7": 1, "13": 2, "9": 1, "62": 1, "51": 1, "48": 1, "2": 1, "23": 2, "22": 1, "144": 3, "34": 1, "16": 1, "46": 1, "32": 1, "58": 1, "142": 2, "98": 1, "154": 1, "151": 1, "150": 1, "155": 1, "12": 1, "147": 1, "152": 1, "146": 1, "145": 1, "157": 1, "153": 1, "148": 1, "149": 1, "156": 1, "158": 1}, "62": {"13": 4, "total_commits": 60, "51": 1, "48": 1, "2": 1, "143": 1, "61": 1, "32": 2, "1": 3, "63": 1, "3": 3, "12": 1, "64": 1, "14": 2, "6": 1, "23": 1, "46": 2, "142": 1, "80": 4, "79": 2, "81": 3, "82": 2, "83": 3, "84": 3, "7": 1, "154": 1, "110": 1, "108": 1, "68": 1, "85": 1, "120": 1, "105": 1, "148": 1, "103": 1, "22": 1, "141": 1, "113": 1, "160": 1, "112": 1, "115": 1}, "3": {"6": 2, "total_commits": 29, "23": 1, "64": 1, "62": 3, "46": 1, "32": 2, "1": 5, "12": 1, "63": 1, "13": 2, "14": 1, "81": 2, "79": 1, "80": 1, "59": 2, "84": 1, "90": 1, "98": 1}, "6": {"64": 1, "total_commits": 13, "13": 1, "23": 1, "46": 1, "32": 1, "62": 1, "1": 1, "3": 2, "63": 1, "14": 1, "12": 1, "84": 1}, "64": {"12": 1, "total_commits": 11, "13": 1, "14": 1, "6": 1, "23": 1, "46": 1, "62": 1, "1": 1, "32": 1, "3": 1, "63": 1}, "63": {"46": 1, "total_commits": 11, "62": 1, "32": 1, "1": 1, "3": 1, "12": 1, "64": 1, "13": 1, "14": 1, "6": 1, "23": 1}, "144": {"23": 1, "total_commits": 50, "1": 2, "34": 1, "46": 1, "16": 1, "143": 3, "32": 1, "22": 1, "91": 1, "43": 1, "5": 1, "41": 1, "68": 1, "4": 1, "31": 1, "95": 1, "92": 1, "159": 1, "13": 1, "84": 1, "86": 1, "7": 1, "96": 1, "97": 1, "15": 1, "93": 1, "94": 1, "58": 1, "142": 2, "147": 1, "152": 1, "146": 1, "145": 1, "157": 1, "153": 1, "148": 1, "149": 1, "156": 1, "158": 1, "61": 1, "98": 1, "154": 1, "151": 1, "150": 1, "155": 1, "12": 1}, "142": {"46": 1, "total_commits": 29, "13": 1, "62": 1, "32": 1, "95": 1, "81": 1, "68": 1, "144": 2, "143": 2, "58": 1, "61": 1, "98": 1, "154": 1, "155": 1, "12": 1, "150": 1, "147": 1, "152": 1, "157": 1, "148": 1, "158": 1, "146": 1, "145": 1, "153": 1, "151": 1, "149": 1, "156": 1}, "67": {"22": 2, "total_commits": 61, "32": 3, "23": 3, "27": 2, "34": 3, "26": 1, "28": 1, "46": 3, "68": 1, "73": 1, "16": 1, "21": 1, "72": 1, "59": 3, "33": 2, "30": 1, "47": 2, "13": 2, "77": 1, "76": 1, "78": 2, "108": 1, "51": 1, "20": 1, "74": 1, "48": 1, "99": 1, "56": 1, "58": 1, "82": 1, "71": 1, "139": 1, "159": 1, "98": 1, "115": 1, "126": 1, "138": 1, "70": 1, "107": 1, "55": 1, "54": 1, "137": 1, "80": 1, "12": 1, "116": 1}, "69": {"2": 1, "total_commits": 8, "32": 1, "159": 1, "42": 1, "31": 1, "68": 1, "7": 1, "14": 1}, "68": {"7": 5, "total_commits": 167, "14": 2, "2": 2, "32": 11, "159": 3, "42": 1, "31": 4, "69": 1, "59": 2, "33": 3, "22": 3, "30": 2, "47": 1, "13": 3, "23": 2, "67": 1, "34": 3, "73": 2, "46": 3, "16": 2, "27": 3, "21": 2, "72": 1, "85": 5, "18": 1, "87": 1, "8": 1, "96": 1, "97": 1, "15": 1, "93": 1, "94": 3, "1": 1, "91": 1, "43": 1, "144": 1, "5": 1, "41": 2, "4": 1, "95": 5, "92": 1, "84": 2, "86": 3, "142": 1, "81": 1, "106": 2, "105": 4, "102": 3, "108": 4, "107": 3, "104": 3, "103": 4, "113": 3, "114": 2, "118": 1, "116": 1, "121": 1, "123": 2, "101": 1, "112": 3, "115": 2, "109": 1, "11": 1, "26": 1, "28": 2, "111": 2, "120": 3, "110": 3, "37": 1, "117": 1, "119": 2, "122": 1, "128": 1, "126": 1, "127": 2, "124": 1, "125": 1, "154": 1, "83": 1, "62": 1, "141": 1, "160": 1, "148": 1}, "70": {"71": 3, "total_commits": 35, "55": 1, "137": 1, "47": 1, "80": 1, "12": 1, "108": 1, "82": 1, "23": 1, "78": 1, "51": 1, "46": 1, "74": 1, "48": 1, "99": 1, "139": 1, "159": 1, "13": 1, "56": 1, "58": 1, "115": 1, "67": 1, "34": 1, "138": 1, "59": 1, "33": 1, "98": 1, "32": 1, "54": 1, "126": 1, "116": 1, "20": 1, "107": 1}, "71": {"70": 3, "total_commits": 35, "126": 1, "138": 1, "59": 1, "33": 1, "98": 1, "32": 1, "54": 1, "12": 1, "116": 1, "23": 1, "20": 1, "107": 1, "55": 1, "137": 1, "47": 1, "80": 1, "67": 1, "108": 1, "82": 1, "78": 1, "51": 1, "46": 1, "74": 1, "48": 1, "99": 1, "139": 1, "159": 1, "13": 1, "56": 1, "58": 1, "115": 1, "34": 1}, "72": {"34": 2, "total_commits": 41, "73": 1, "32": 2, "21": 1, "27": 2, "59": 2, "33": 2, "22": 2, "30": 1, "47": 2, "13": 1, "23": 2, "68": 1, "67": 1, "46": 2, "16": 1, "37": 1, "114": 1, "45": 1, "133": 1, "26": 1, "134": 1, "43": 1, "135": 1, "131": 1, "116": 1, "2": 1, "159": 1, "132": 1, "130": 1, "98": 1, "24": 1}, "73": {"23": 1, "total_commits": 35, "68": 2, "67": 1, "34": 1, "46": 2, "16": 1, "32": 3, "21": 1, "27": 1, "72": 1, "59": 1, "33": 1, "22": 2, "30": 1, "47": 1, "13": 1, "159": 1, "108": 1, "90": 1, "85": 1, "98": 1, "136": 1, "114": 1, "11": 1, "45": 1, "133": 1, "95": 1, "37": 1, "94": 1, "116": 1}, "74": {"59": 3, "total_commits": 37, "75": 1, "98": 1, "32": 1, "54": 1, "126": 1, "20": 1, "107": 1, "55": 1, "137": 1, "80": 1, "12": 1, "116": 1, "82": 1, "108": 1, "23": 1, "78": 1, "51": 1, "46": 1, "71": 1, "48": 1, "99": 1, "159": 1, "47": 1, "13": 1, "56": 1, "58": 1, "115": 1, "67": 1, "34": 1, "138": 1, "70": 1, "33": 1, "139": 1, "94": 1}, "75": {"74": 1, "total_commits": 1}, "77": {"78": 1, "total_commits": 9, "59": 1, "76": 1, "67": 1, "85": 1, "36": 1, "61": 1, "100": 1, "86": 1}, "76": {"77": 1, "total_commits": 4, "67": 1, "78": 1, "59": 1}, "78": {"77": 1, "total_commits": 37, "76": 1, "67": 2, "59": 2, "108": 1, "23": 1, "51": 1, "46": 1, "20": 1, "74": 1, "48": 1, "99": 1, "47": 1, "13": 1, "56": 1, "58": 1, "34": 1, "82": 1, "71": 1, "33": 1, "139": 1, "159": 1, "98": 1, "32": 1, "115": 1, "126": 1, "138": 1, "70": 1, "107": 1, "55": 1, "54": 1, "137": 1, "80": 1, "12": 1, "116": 1}, "80": {"62": 4, "total_commits": 48, "79": 3, "3": 1, "81": 3, "1": 1, "82": 4, "51": 1, "71": 1, "59": 1, "74": 1, "99": 1, "139": 1, "159": 1, "58": 1, "115": 1, "34": 1, "126": 1, "138": 1, "33": 1, "70": 1, "98": 1, "32": 1, "54": 1, "137": 1, "12": 1, "116": 1, "108": 1, "23": 1, "78": 1, "46": 1, "20": 1, "107": 1, "48": 1, "55": 1, "47": 1, "13": 1, "56": 1, "67": 1}, "79": {"62": 2, "total_commits": 20, "80": 3, "1": 1, "3": 1, "81": 2, "111": 1, "104": 1, "141": 1, "12": 1, "105": 1, "13": 1, "52": 1, "46": 1, "98": 1, "112": 1, "27": 1}, "81": {"1": 2, "total_commits": 17, "79": 2, "80": 3, "62": 3, "3": 2, "82": 1, "68": 1, "142": 1, "32": 1, "95": 1}, "82": {"80": 4, "total_commits": 39, "81": 1, "62": 2, "98": 1, "32": 1, "54": 1, "12": 1, "116": 1, "23": 1, "20": 1, "107": 1, "55": 1, "137": 1, "47": 1, "13": 1, "67": 1, "108": 1, "78": 1, "51": 1, "46": 1, "71": 1, "59": 1, "74": 1, "48": 1, "99": 1, "139": 1, "159": 1, "56": 1, "58": 1, "115": 1, "34": 1, "126": 1, "138": 1, "70": 1, "33": 1}, "84": {"62": 3, "total_commits": 46, "83": 3, "6": 1, "3": 1, "1": 1, "91": 1, "97": 1, "144": 1, "68": 2, "4": 1, "31": 1, "95": 1, "92": 1, "43": 1, "13": 1, "5": 1, "41": 1, "86": 1, "7": 2, "159": 1, "96": 1, "15": 1, "93": 1, "94": 1, "110": 1, "108": 1, "85": 1, "120": 1, "141": 1, "105": 1, "148": 1, "103": 1, "22": 1, "113": 1, "160": 1, "32": 1, "112": 1, "154": 1, "115": 1, "14": 1}, "83": {"84": 3, "total_commits": 24, "62": 3, "85": 1, "120": 1, "148": 1, "108": 1, "68": 1, "103": 1, "22": 1, "141": 1, "160": 1, "105": 1, "112": 1, "115": 1, "7": 1, "113": 1, "32": 1, "154": 1, "110": 1, "14": 1}, "85": {"13": 1, "total_commits": 126, "32": 8, "68": 5, "86": 3, "21": 1, "8": 2, "31": 3, "18": 1, "7": 3, "87": 1, "90": 3, "36": 1, "100": 1, "77": 1, "61": 1, "120": 3, "106": 1, "46": 3, "102": 1, "105": 2, "115": 3, "109": 1, "34": 2, "27": 1, "33": 3, "28": 1, "111": 1, "95": 2, "110": 3, "116": 3, "37": 2, "94": 2, "117": 1, "119": 2, "112": 2, "122": 1, "113": 2, "114": 3, "107": 2, "118": 1, "108": 4, "11": 3, "103": 2, "59": 1, "104": 1, "121": 1, "123": 1, "101": 2, "26": 1, "22": 2, "136": 1, "159": 1, "45": 1, "73": 1, "98": 2, "133": 1, "47": 1, "126": 1, "30": 1, "127": 1, "16": 1, "2": 1, "41": 1, "149": 1, "40": 1, "20": 1, "14": 1, "83": 1, "148": 1, "141": 1, "160": 1, "84": 1, "62": 1, "154": 1}, "86": {"85": 3, "total_commits": 78, "5": 1, "84": 1, "41": 1, "31": 1, "95": 3, "92": 1, "159": 1, "96": 1, "93": 1, "7": 1, "1": 1, "91": 1, "97": 1, "144": 1, "15": 1, "94": 3, "68": 3, "4": 1, "43": 1, "13": 1, "36": 1, "100": 1, "77": 1, "61": 1, "46": 2, "107": 2, "34": 2, "104": 2, "32": 2, "103": 2, "22": 1, "105": 2, "102": 2, "108": 2, "106": 2, "23": 1, "11": 1, "59": 1, "121": 1, "123": 1, "101": 1, "26": 1, "28": 1, "111": 1, "120": 1, "115": 1, "109": 1, "27": 1, "33": 1, "119": 1, "113": 1, "118": 1, "110": 1, "116": 1, "37": 1, "117": 1, "112": 1, "122": 1, "114": 1}, "8": {"31": 3, "total_commits": 15, "68": 1, "18": 1, "7": 1, "87": 1, "85": 2, "32": 3, "21": 1, "90": 1, "107": 1}, "87": {"85": 1, "total_commits": 8, "32": 1, "21": 1, "8": 1, "31": 1, "68": 1, "7": 1, "18": 1}, "88": {"89": 1, "total_commits": 2, "31": 1}, "89": {"88": 1, "total_commits": 2, "31": 1}, "90": {"85": 3, "total_commits": 33, "32": 3, "8": 1, "31": 1, "13": 1, "98": 2, "3": 1, "1": 1, "59": 1, "73": 1, "46": 1, "136": 1, "114": 1, "11": 1, "45": 1, "133": 1, "95": 1, "37": 1, "159": 1, "22": 1, "94": 1, "116": 1, "108": 1, "40": 1, "20": 1, "119": 1, "120": 1, "149": 1}, "95": {"1": 1, "total_commits": 117, "91": 1, "43": 1, "144": 1, "5": 1, "41": 1, "68": 5, "4": 1, "31": 1, "92": 1, "159": 2, "13": 1, "84": 1, "86": 3, "7": 1, "96": 1, "97": 1, "15": 1, "93": 1, "94": 4, "81": 1, "142": 1, "32": 5, "103": 4, "104": 3, "22": 2, "106": 2, "105": 4, "102": 3, "108": 4, "107": 3, "23": 1, "34": 2, "46": 3, "118": 1, "121": 1, "123": 2, "101": 1, "26": 1, "112": 2, "85": 2, "115": 1, "109": 1, "27": 2, "11": 2, "59": 1, "33": 1, "28": 2, "111": 2, "120": 2, "110": 1, "116": 2, "37": 2, "117": 1, "119": 2, "122": 1, "113": 2, "114": 2, "124": 1, "125": 1, "128": 1, "126": 1, "127": 1, "129": 1, "133": 1, "136": 1, "90": 1, "45": 1, "73": 1, "98": 1}, "5": {"1": 1, "total_commits": 20, "91": 1, "43": 1, "13": 1, "41": 1, "31": 1, "95": 1, "92": 1, "159": 1, "96": 1, "93": 1, "84": 1, "86": 1, "7": 1, "97": 1, "144": 1, "15": 1, "94": 1, "68": 1, "4": 1}, "93": {"97": 1, "total_commits": 20, "144": 1, "15": 1, "94": 1, "4": 1, "1": 1, "91": 1, "43": 1, "13": 1, "5": 1, "41": 1, "68": 1, "31": 1, "95": 1, "92": 1, "159": 1, "96": 1, "84": 1, "86": 1, "7": 1}, "91": {"5": 1, "total_commits": 20, "41": 1, "68": 1, "31": 1, "95": 1, "92": 1, "159": 1, "96": 1, "84": 1, "86": 1, "7": 1, "97": 1, "144": 1, "15": 1, "93": 1, "94": 1, "4": 1, "1": 1, "43": 1, "13": 1}, "92": {"94": 1, "total_commits": 20, "68": 1, "4": 1, "1": 1, "91": 1, "43": 1, "13": 1, "5": 1, "41": 1, "31": 1, "95": 1, "159": 1, "96": 1, "93": 1, "84": 1, "86": 1, "7": 1, "97": 1, "144": 1, "15": 1}, "97": {"91": 1, "total_commits": 20, "144": 1, "15": 1, "94": 1, "68": 1, "4": 1, "1": 1, "43": 1, "13": 1, "5": 1, "41": 1, "31": 1, "95": 1, "92": 1, "159": 1, "96": 1, "93": 1, "84": 1, "86": 1, "7": 1}, "4": {"68": 1, "total_commits": 20, "31": 1, "95": 1, "92": 1, "43": 1, "13": 1, "5": 1, "84": 1, "41": 1, "86": 1, "7": 1, "159": 1, "96": 1, "93": 1, "94": 1, "1": 1, "91": 1, "97": 1, "144": 1, "15": 1}, "96": {"159": 1, "total_commits": 20, "93": 1, "86": 1, "94": 1, "1": 1, "91": 1, "97": 1, "144": 1, "15": 1, "68": 1, "4": 1, "31": 1, "95": 1, "92": 1, "43": 1, "13": 1, "5": 1, "84": 1, "41": 1, "7": 1}, "94": {"159": 2, "total_commits": 91, "96": 1, "97": 1, "15": 1, "93": 1, "1": 1, "91": 1, "43": 1, "144": 1, "68": 3, "4": 1, "31": 1, "95": 4, "92": 1, "13": 1, "5": 1, "84": 1, "41": 1, "86": 3, "7": 1, "22": 2, "106": 2, "105": 2, "102": 2, "108": 3, "107": 2, "23": 1, "34": 2, "46": 3, "32": 3, "104": 2, "103": 2, "59": 2, "33": 1, "121": 1, "26": 1, "28": 1, "111": 1, "120": 1, "110": 1, "37": 2, "117": 1, "119": 1, "113": 1, "114": 2, "118": 1, "116": 2, "123": 1, "101": 1, "112": 1, "122": 1, "85": 2, "115": 1, "109": 1, "27": 1, "11": 2, "90": 1, "73": 1, "98": 1, "136": 1, "45": 1, "133": 1, "74": 1}, "99": {"11": 1, "total_commits": 37, "59": 3, "98": 2, "82": 1, "71": 1, "139": 1, "159": 1, "32": 1, "54": 1, "126": 1, "138": 1, "70": 1, "107": 1, "55": 1, "137": 1, "80": 1, "12": 1, "116": 1, "108": 1, "23": 1, "78": 1, "51": 1, "46": 1, "20": 1, "74": 1, "48": 1, "47": 1, "33": 1, "13": 1, "56": 1, "58": 1, "115": 1, "67": 1, "34": 1}, "98": {"11": 3, "total_commits": 121, "59": 4, "99": 2, "32": 4, "3": 1, "90": 2, "1": 1, "13": 3, "2": 1, "24": 1, "45": 2, "133": 2, "27": 2, "114": 2, "26": 1, "134": 1, "43": 1, "135": 1, "72": 1, "131": 1, "159": 3, "116": 3, "132": 1, "130": 1, "73": 1, "136": 1, "22": 1, "95": 1, "37": 1, "108": 2, "94": 1, "85": 2, "46": 3, "107": 1, "48": 2, "55": 1, "47": 1, "56": 1, "80": 1, "67": 1, "82": 1, "51": 1, "71": 1, "74": 1, "139": 1, "58": 3, "115": 1, "34": 1, "126": 1, "138": 1, "70": 1, "33": 1, "54": 1, "137": 1, "12": 4, "23": 1, "78": 1, "20": 2, "147": 1, "152": 2, "146": 1, "157": 1, "148": 1, "158": 1, "145": 1, "153": 2, "151": 1, "149": 2, "156": 2, "144": 1, "142": 1, "61": 1, "143": 1, "154": 2, "155": 2, "150": 1, "160": 1, "52": 1, "112": 1, "79": 1, "111": 1, "104": 1, "105": 1, "141": 1}, "100": {"85": 1, "total_commits": 5, "36": 1, "61": 1, "77": 1, "86": 1}, "101": {"26": 2, "total_commits": 54, "34": 3, "13": 1, "28": 2, "25": 1, "27": 2, "111": 1, "120": 1, "106": 1, "102": 1, "115": 2, "109": 1, "33": 2, "119": 1, "95": 1, "113": 1, "118": 1, "110": 1, "116": 2, "37": 1, "108": 2, "94": 1, "68": 1, "104": 1, "117": 1, "112": 1, "86": 1, "122": 1, "32": 2, "114": 1, "85": 2, "46": 2, "107": 2, "105": 1, "11": 1, "103": 1, "59": 1, "121": 1, "123": 1, "126": 1, "47": 1}, "102": {"106": 2, "total_commits": 73, "94": 2, "105": 3, "108": 3, "107": 3, "23": 1, "68": 3, "34": 2, "46": 2, "32": 3, "86": 2, "104": 3, "103": 3, "95": 3, "22": 1, "85": 1, "115": 1, "109": 1, "11": 1, "59": 1, "33": 1, "121": 1, "26": 1, "28": 2, "111": 2, "120": 2, "110": 1, "27": 2, "37": 1, "119": 2, "113": 2, "114": 1, "118": 1, "116": 1, "123": 2, "117": 1, "101": 1, "112": 2, "122": 1, "125": 1, "124": 1, "128": 1, "126": 1, "127": 1}, "104": {"22": 1, "total_commits": 86, "95": 3, "102": 3, "106": 2, "23": 1, "94": 2, "105": 4, "108": 3, "107": 3, "68": 3, "34": 2, "46": 3, "32": 3, "103": 3, "86": 2, "120": 2, "115": 1, "109": 1, "27": 3, "33": 1, "119": 2, "28": 2, "111": 3, "110": 1, "116": 1, "37": 1, "117": 1, "112": 3, "122": 1, "113": 2, "114": 1, "85": 1, "118": 1, "11": 1, "59": 1, "121": 1, "123": 2, "101": 1, "26": 1, "127": 1, "124": 1, "125": 1, "128": 1, "126": 1, "159": 1, "161": 1, "12": 1, "141": 1, "13": 1, "52": 1, "98": 1, "79": 1}, "105": {"102": 3, "total_commits": 107, "108": 4, "107": 3, "23": 1, "68": 4, "34": 2, "46": 3, "32": 4, "86": 2, "104": 4, "103": 5, "95": 4, "22": 2, "106": 2, "94": 2, "119": 2, "122": 1, "113": 3, "114": 1, "118": 1, "121": 1, "123": 2, "101": 1, "26": 1, "112": 4, "85": 2, "115": 2, "109": 1, "27": 3, "11": 1, "59": 1, "33": 1, "28": 2, "111": 3, "120": 3, "110": 2, "116": 1, "37": 1, "117": 1, "124": 1, "125": 1, "128": 1, "126": 1, "127": 1, "129": 1, "141": 2, "160": 1, "148": 1, "84": 1, "7": 1, "154": 1, "14": 1, "83": 1, "62": 1, "52": 1, "98": 1, "79": 1, "12": 1, "13": 1}, "103": {"108": 4, "total_commits": 96, "107": 3, "23": 1, "68": 4, "34": 2, "46": 2, "32": 4, "86": 2, "104": 3, "95": 4, "22": 2, "106": 2, "94": 2, "105": 5, "102": 3, "110": 2, "37": 1, "117": 1, "119": 2, "122": 1, "113": 3, "114": 1, "118": 1, "116": 1, "121": 1, "123": 2, "101": 1, "112": 3, "85": 2, "115": 2, "109": 1, "27": 2, "11": 1, "59": 1, "33": 1, "26": 1, "28": 2, "111": 2, "120": 3, "128": 1, "126": 1, "127": 1, "124": 1, "125": 1, "129": 1, "148": 1, "84": 1, "7": 1, "154": 1, "14": 1, "83": 1, "62": 1, "141": 1, "160": 1}, "106": {"105": 2, "total_commits": 52, "102": 2, "108": 2, "23": 1, "94": 2, "68": 2, "46": 2, "107": 2, "34": 2, "104": 2, "32": 2, "103": 2, "86": 2, "22": 1, "95": 2, "114": 1, "85": 1, "109": 1, "11": 1, "59": 1, "121": 1, "123": 1, "101": 1, "26": 1, "28": 1, "111": 1, "120": 1, "115": 1, "27": 1, "33": 1, "119": 1, "113": 1, "118": 1, "110": 1, "116": 1, "37": 1, "117": 1, "112": 1, "122": 1}, "107": {"46": 4, "total_commits": 122, "104": 3, "32": 6, "103": 3, "86": 2, "22": 1, "95": 3, "102": 3, "106": 2, "23": 2, "94": 2, "105": 3, "108": 6, "68": 3, "34": 4, "115": 3, "109": 1, "27": 2, "33": 3, "119": 2, "28": 2, "118": 1, "110": 1, "116": 3, "37": 1, "117": 1, "112": 2, "122": 1, "113": 2, "114": 1, "85": 2, "11": 1, "59": 2, "121": 1, "123": 2, "101": 2, "26": 1, "111": 2, "120": 2, "125": 1, "128": 1, "126": 4, "127": 1, "124": 1, "8": 1, "31": 1, "51": 1, "71": 1, "74": 1, "48": 1, "99": 1, "139": 1, "159": 1, "56": 1, "58": 1, "138": 1, "70": 1, "98": 1, "54": 1, "12": 1, "20": 1, "55": 1, "137": 1, "47": 2, "13": 1, "80": 1, "67": 1, "82": 1, "78": 1}, "108": {"34": 4, "total_commits": 156, "104": 3, "32": 7, "103": 4, "95": 4, "86": 2, "22": 3, "106": 2, "94": 3, "105": 4, "102": 3, "107": 6, "23": 2, "68": 4, "46": 5, "122": 1, "85": 4, "109": 1, "11": 2, "59": 2, "33": 3, "121": 1, "123": 2, "26": 1, "28": 2, "111": 2, "120": 3, "115": 4, "27": 2, "37": 2, "119": 2, "113": 3, "114": 2, "118": 1, "110": 2, "116": 4, "117": 1, "101": 2, "112": 3, "128": 1, "126": 4, "127": 1, "125": 1, "124": 1, "90": 1, "136": 1, "45": 1, "73": 1, "133": 1, "159": 2, "98": 2, "138": 1, "70": 1, "55": 1, "54": 1, "137": 1, "12": 1, "78": 1, "51": 1, "20": 1, "48": 1, "99": 1, "47": 2, "13": 1, "56": 1, "80": 1, "58": 1, "67": 1, "82": 1, "71": 1, "74": 1, "139": 1, "154": 1, "83": 1, "62": 1, "14": 1, "148": 1, "84": 1, "7": 1, "141": 1, "160": 1}, "113": {"59": 1, "total_commits": 78, "121": 1, "123": 2, "101": 1, "26": 1, "28": 2, "111": 2, "120": 3, "106": 1, "102": 2, "115": 2, "109": 1, "34": 1, "27": 2, "33": 1, "119": 2, "95": 2, "118": 1, "110": 2, "116": 1, "37": 1, "108": 3, "94": 1, "68": 3, "104": 2, "117": 1, "112": 3, "86": 1, "122": 1, "32": 3, "114": 1, "85": 2, "46": 1, "107": 2, "105": 3, "11": 1, "103": 3, "128": 1, "126": 1, "127": 1, "125": 1, "124": 1, "22": 1, "141": 1, "160": 1, "84": 1, "7": 1, "83": 1, "62": 1, "154": 1, "14": 1, "148": 1}, "116": {"120": 1, "total_commits": 115, "95": 2, "102": 1, "110": 1, "37": 2, "94": 2, "117": 1, "119": 1, "86": 1, "122": 1, "113": 1, "32": 4, "114": 3, "107": 3, "118": 1, "108": 4, "68": 1, "104": 1, "121": 1, "123": 1, "101": 2, "26": 2, "112": 1, "106": 1, "85": 3, "46": 4, "105": 1, "115": 3, "109": 1, "34": 3, "27": 2, "11": 2, "103": 1, "59": 3, "33": 3, "28": 1, "111": 1, "133": 2, "24": 1, "43": 1, "72": 1, "159": 3, "134": 1, "135": 1, "131": 1, "45": 2, "132": 1, "130": 1, "2": 1, "98": 3, "136": 1, "22": 1, "90": 1, "73": 1, "71": 1, "74": 1, "48": 1, "99": 1, "139": 1, "13": 1, "56": 1, "58": 1, "67": 1, "138": 1, "70": 1, "54": 1, "126": 2, "20": 1, "55": 1, "137": 1, "47": 2, "80": 1, "12": 1, "82": 1, "23": 1, "78": 1, "51": 1}, "118": {"111": 1, "total_commits": 37, "120": 1, "106": 1, "102": 1, "115": 1, "34": 1, "27": 1, "33": 1, "119": 1, "95": 1, "113": 1, "110": 1, "116": 1, "37": 1, "108": 1, "94": 1, "68": 1, "104": 1, "117": 1, "112": 1, "86": 1, "122": 1, "32": 1, "114": 1, "85": 1, "46": 1, "107": 1, "105": 1, "109": 1, "11": 1, "103": 1, "59": 1, "121": 1, "123": 1, "101": 1, "26": 1, "28": 1}, "120": {"109": 1, "total_commits": 84, "34": 1, "11": 1, "103": 3, "59": 1, "33": 1, "121": 1, "123": 2, "26": 1, "28": 2, "111": 2, "95": 2, "102": 2, "115": 2, "27": 2, "37": 1, "94": 1, "119": 3, "86": 1, "113": 3, "32": 3, "114": 1, "107": 2, "118": 1, "110": 2, "116": 1, "108": 3, "68": 3, "104": 2, "117": 1, "101": 1, "112": 3, "122": 1, "106": 1, "85": 3, "46": 1, "105": 3, "125": 1, "124": 1, "128": 1, "126": 1, "127": 1, "40": 1, "20": 1, "90": 1, "149": 1, "148": 1, "84": 1, "7": 1, "22": 1, "160": 1, "154": 1, "14": 1, "83": 1, "62": 1, "141": 1}, "115": {"121": 1, "total_commits": 107, "123": 1, "101": 2, "26": 1, "112": 2, "106": 1, "85": 3, "46": 3, "105": 2, "109": 1, "34": 4, "27": 1, "11": 1, "59": 2, "33": 3, "28": 1, "111": 1, "120": 2, "95": 1, "102": 1, "110": 2, "116": 3, "37": 1, "94": 1, "117": 1, "119": 1, "86": 1, "122": 1, "113": 2, "32": 4, "114": 1, "107": 3, "118": 1, "108": 4, "68": 2, "103": 2, "104": 1, "139": 1, "159": 2, "13": 2, "56": 1, "58": 1, "67": 1, "138": 1, "70": 1, "98": 1, "54": 1, "126": 2, "20": 1, "55": 1, "137": 2, "47": 2, "80": 1, "12": 1, "82": 1, "23": 1, "78": 1, "51": 1, "71": 1, "74": 1, "48": 1, "99": 1, "141": 2, "22": 2, "160": 1, "148": 1, "84": 1, "7": 1, "154": 1, "14": 1, "83": 1, "62": 1}, "110": {"108": 2, "total_commits": 68, "68": 3, "103": 2, "104": 1, "121": 1, "123": 1, "101": 1, "26": 1, "112": 2, "106": 1, "46": 1, "102": 1, "105": 2, "115": 2, "109": 1, "34": 1, "27": 1, "11": 1, "59": 1, "33": 2, "28": 1, "111": 1, "120": 2, "95": 1, "116": 1, "37": 1, "94": 1, "117": 1, "119": 1, "86": 1, "122": 1, "113": 2, "32": 2, "114": 2, "85": 3, "107": 1, "118": 1, "30": 1, "16": 1, "2": 1, "41": 1, "31": 1, "7": 2, "127": 1, "141": 1, "160": 1, "148": 1, "84": 1, "22": 1, "154": 1, "14": 1, "83": 1, "62": 1}, "111": {"86": 1, "total_commits": 72, "122": 1, "113": 2, "32": 2, "114": 1, "107": 2, "118": 1, "116": 1, "108": 2, "68": 2, "104": 3, "121": 1, "123": 2, "101": 1, "112": 3, "106": 1, "85": 1, "46": 2, "105": 3, "115": 1, "109": 2, "34": 2, "27": 3, "11": 1, "103": 2, "59": 1, "33": 1, "26": 1, "28": 2, "120": 2, "95": 2, "102": 2, "110": 1, "37": 1, "94": 1, "117": 1, "119": 2, "125": 1, "128": 1, "126": 1, "127": 1, "124": 1, "140": 1, "13": 1, "52": 1, "98": 1, "79": 1, "141": 1, "12": 1}, "122": {"28": 1, "total_commits": 37, "111": 1, "95": 1, "110": 1, "116": 1, "37": 1, "94": 1, "117": 1, "119": 1, "86": 1, "113": 1, "32": 1, "114": 1, "85": 1, "107": 1, "118": 1, "108": 1, "68": 1, "11": 1, "103": 1, "104": 1, "121": 1, "123": 1, "101": 1, "26": 1, "112": 1, "120": 1, "106": 1, "46": 1, "102": 1, "105": 1, "115": 1, "109": 1, "34": 1, "27": 1, "59": 1, "33": 1}, "117": {"95": 1, "total_commits": 37, "118": 1, "110": 1, "116": 1, "37": 1, "108": 1, "94": 1, "68": 1, "104": 1, "112": 1, "86": 1, "122": 1, "113": 1, "32": 1, "114": 1, "85": 1, "46": 1, "107": 1, "105": 1, "11": 1, "103": 1, "59": 1, "121": 1, "123": 1, "101": 1, "26": 1, "111": 1, "120": 1, "106": 1, "102": 1, "115": 1, "109": 1, "34": 1, "27": 1, "33": 1, "119": 1, "28": 1}, "109": {"102": 1, "total_commits": 40, "115": 1, "34": 2, "27": 1, "33": 1, "119": 1, "95": 1, "113": 1, "118": 1, "110": 1, "116": 1, "37": 1, "108": 1, "94": 1, "68": 1, "104": 1, "117": 1, "112": 1, "86": 1, "122": 1, "32": 1, "114": 1, "85": 1, "46": 1, "107": 1, "105": 1, "11": 1, "103": 1, "59": 1, "121": 1, "123": 1, "101": 1, "26": 1, "28": 1, "111": 2, "120": 1, "106": 1, "140": 1}, "123": {"112": 2, "total_commits": 58, "86": 1, "122": 1, "32": 2, "85": 1, "46": 1, "105": 2, "109": 1, "11": 1, "103": 2, "59": 1, "121": 1, "101": 1, "26": 1, "28": 2, "111": 2, "120": 2, "95": 2, "106": 1, "102": 2, "115": 1, "34": 1, "27": 2, "33": 1, "119": 2, "113": 2, "114": 1, "107": 2, "118": 1, "110": 1, "116": 1, "37": 1, "108": 2, "94": 1, "68": 2, "104": 2, "117": 1, "128": 1, "126": 1, "127": 1, "125": 1, "124": 1}, "114": {"119": 1, "total_commits": 84, "28": 1, "95": 2, "118": 1, "110": 2, "116": 3, "37": 2, "108": 2, "94": 2, "68": 2, "104": 1, "117": 1, "112": 1, "86": 1, "122": 1, "113": 1, "32": 2, "85": 3, "46": 3, "107": 1, "105": 1, "11": 2, "103": 1, "59": 2, "121": 1, "123": 1, "101": 1, "26": 2, "111": 1, "120": 1, "106": 1, "102": 1, "115": 1, "109": 1, "34": 1, "27": 2, "33": 2, "2": 2, "24": 1, "45": 2, "98": 2, "133": 2, "134": 1, "43": 1, "135": 1, "72": 1, "131": 1, "159": 3, "132": 1, "130": 1, "90": 1, "73": 1, "136": 1, "22": 1, "41": 1, "31": 1, "7": 1, "30": 1, "127": 1, "16": 1}, "121": {"118": 1, "total_commits": 37, "110": 1, "116": 1, "37": 1, "108": 1, "94": 1, "68": 1, "104": 1, "117": 1, "112": 1, "86": 1, "122": 1, "32": 1, "114": 1, "85": 1, "46": 1, "107": 1, "105": 1, "11": 1, "103": 1, "59": 1, "123": 1, "101": 1, "26": 1, "28": 1, "111": 1, "120": 1, "106": 1, "102": 1, "115": 1, "109": 1, "34": 1, "27": 1, "33": 1, "119": 1, "95": 1, "113": 1}, "119": {"118": 1, "total_commits": 64, "110": 1, "116": 1, "37": 1, "94": 1, "117": 1, "112": 2, "86": 1, "122": 1, "113": 2, "32": 2, "114": 1, "85": 2, "107": 2, "108": 2, "68": 2, "11": 1, "103": 2, "59": 1, "104": 2, "121": 1, "123": 2, "101": 1, "26": 1, "111": 2, "120": 3, "106": 1, "46": 1, "102": 2, "105": 2, "115": 1, "109": 1, "34": 1, "27": 2, "33": 1, "28": 2, "95": 2, "128": 1, "126": 1, "127": 1, "124": 1, "125": 1, "90": 1, "149": 1, "40": 1, "20": 1}, "112": {"118": 1, "total_commits": 89, "110": 2, "116": 1, "37": 1, "108": 3, "94": 1, "68": 3, "104": 3, "117": 1, "86": 1, "122": 1, "32": 3, "114": 1, "85": 2, "46": 2, "107": 2, "105": 4, "109": 1, "11": 1, "103": 3, "59": 1, "121": 1, "123": 2, "101": 1, "26": 1, "28": 2, "111": 3, "120": 3, "106": 1, "102": 2, "115": 2, "34": 1, "27": 3, "33": 1, "119": 2, "95": 2, "113": 3, "128": 1, "126": 1, "127": 1, "125": 1, "124": 1, "160": 1, "7": 1, "83": 1, "62": 1, "154": 1, "14": 1, "148": 1, "84": 1, "22": 1, "141": 2, "52": 1, "79": 1, "98": 1, "12": 1, "13": 1}, "126": {"28": 1, "total_commits": 67, "111": 1, "108": 4, "124": 1, "68": 1, "119": 1, "103": 1, "104": 1, "95": 1, "102": 1, "105": 1, "123": 1, "125": 1, "128": 1, "27": 1, "113": 1, "32": 3, "112": 1, "127": 1, "107": 4, "120": 1, "55": 1, "137": 1, "47": 2, "80": 1, "12": 1, "82": 1, "78": 1, "51": 1, "46": 2, "71": 1, "74": 1, "48": 1, "99": 1, "139": 1, "159": 1, "13": 1, "56": 1, "58": 1, "115": 2, "67": 1, "34": 2, "138": 1, "59": 1, "70": 1, "33": 2, "98": 1, "54": 1, "116": 2, "23": 1, "20": 1, "101": 1, "85": 1}, "124": {"105": 1, "total_commits": 21, "125": 1, "103": 1, "95": 1, "113": 1, "102": 1, "123": 1, "112": 1, "128": 1, "126": 1, "27": 1, "28": 1, "111": 1, "32": 1, "127": 1, "108": 1, "68": 1, "119": 1, "107": 1, "120": 1, "104": 1}, "128": {"108": 1, "total_commits": 21, "68": 1, "119": 1, "120": 1, "104": 1, "95": 1, "105": 1, "123": 1, "125": 1, "124": 1, "27": 1, "103": 1, "113": 1, "102": 1, "32": 1, "112": 1, "126": 1, "127": 1, "107": 1, "28": 1, "111": 1}, "125": {"108": 1, "total_commits": 21, "124": 1, "68": 1, "119": 1, "103": 1, "104": 1, "95": 1, "102": 1, "105": 1, "123": 1, "128": 1, "126": 1, "27": 1, "113": 1, "32": 1, "112": 1, "127": 1, "107": 1, "120": 1, "28": 1, "111": 1}, "127": {"108": 1, "total_commits": 32, "68": 2, "119": 1, "120": 1, "104": 1, "95": 1, "105": 1, "123": 1, "125": 1, "124": 1, "27": 1, "103": 1, "113": 1, "102": 1, "32": 1, "112": 1, "128": 1, "126": 1, "107": 1, "28": 1, "111": 1, "33": 1, "30": 1, "2": 1, "110": 1, "85": 1, "16": 1, "31": 1, "41": 1, "114": 1, "7": 1}, "129": {"95": 1, "total_commits": 3, "103": 1, "105": 1}, "134": {"132": 1, "total_commits": 17, "130": 1, "2": 1, "24": 1, "45": 1, "98": 1, "133": 1, "27": 1, "114": 1, "59": 1, "26": 1, "43": 1, "135": 1, "72": 1, "131": 1, "116": 1, "159": 1}, "135": {"72": 1, "total_commits": 17, "116": 1, "131": 1, "159": 1, "132": 1, "130": 1, "2": 1, "24": 1, "45": 1, "98": 1, "133": 1, "27": 1, "114": 1, "59": 1, "26": 1, "134": 1, "43": 1}, "133": {"2": 1, "total_commits": 34, "24": 1, "45": 2, "98": 2, "27": 1, "114": 2, "59": 1, "26": 1, "134": 1, "43": 1, "135": 1, "72": 1, "131": 1, "116": 2, "159": 2, "132": 1, "130": 1, "11": 1, "73": 1, "32": 1, "22": 1, "136": 1, "95": 1, "37": 1, "108": 1, "46": 1, "94": 1, "90": 1, "85": 1}, "130": {"116": 1, "total_commits": 17, "159": 1, "134": 1, "135": 1, "131": 1, "2": 1, "45": 1, "132": 1, "98": 1, "133": 1, "24": 1, "27": 1, "114": 1, "26": 1, "43": 1, "72": 1, "59": 1}, "131": {"132": 1, "total_commits": 17, "130": 1, "2": 1, "45": 1, "98": 1, "133": 1, "24": 1, "27": 1, "114": 1, "59": 1, "26": 1, "134": 1, "43": 1, "135": 1, "72": 1, "116": 1, "159": 1}, "132": {"43": 1, "total_commits": 17, "72": 1, "59": 1, "131": 1, "116": 1, "159": 1, "134": 1, "135": 1, "130": 1, "2": 1, "45": 1, "98": 1, "133": 1, "24": 1, "27": 1, "114": 1, "26": 1}, "136": {"116": 1, "total_commits": 19, "37": 1, "159": 2, "108": 1, "94": 1, "85": 1, "46": 1, "90": 1, "11": 1, "45": 1, "73": 1, "98": 1, "32": 1, "133": 1, "114": 1, "22": 1, "95": 1, "23": 1}, "137": {"126": 1, "total_commits": 39, "138": 1, "70": 1, "107": 1, "55": 1, "80": 1, "12": 1, "116": 1, "108": 1, "23": 1, "78": 1, "51": 1, "46": 1, "20": 1, "74": 1, "48": 1, "99": 1, "47": 1, "13": 2, "56": 1, "58": 1, "115": 2, "67": 1, "34": 2, "82": 1, "71": 1, "59": 1, "33": 1, "139": 1, "159": 2, "98": 1, "32": 1, "54": 1, "141": 1, "22": 1}, "139": {"138": 1, "total_commits": 33, "70": 1, "107": 1, "55": 1, "137": 1, "80": 1, "12": 1, "116": 1, "108": 1, "23": 1, "78": 1, "51": 1, "46": 1, "20": 1, "74": 1, "48": 1, "99": 1, "47": 1, "13": 1, "56": 1, "58": 1, "115": 1, "67": 1, "34": 1, "82": 1, "71": 1, "59": 1, "33": 1, "159": 1, "98": 1, "32": 1, "54": 1, "126": 1}, "138": {"70": 1, "total_commits": 33, "33": 1, "98": 1, "32": 1, "54": 1, "137": 1, "12": 1, "116": 1, "108": 1, "23": 1, "78": 1, "46": 1, "20": 1, "107": 1, "48": 1, "55": 1, "47": 1, "13": 1, "56": 1, "80": 1, "67": 1, "82": 1, "51": 1, "71": 1, "59": 1, "74": 1, "99": 1, "139": 1, "159": 1, "58": 1, "115": 1, "34": 1, "126": 1}, "140": {"109": 1, "total_commits": 3, "111": 1, "34": 1}, "141": {"22": 2, "total_commits": 37, "115": 2, "137": 1, "34": 1, "13": 2, "159": 1, "108": 1, "68": 1, "103": 1, "120": 1, "160": 1, "105": 2, "148": 1, "84": 1, "7": 1, "113": 1, "32": 1, "112": 2, "154": 1, "110": 1, "14": 1, "83": 1, "85": 1, "62": 1, "12": 1, "52": 1, "46": 1, "98": 1, "27": 1, "79": 1, "111": 1, "104": 1}, "146": {"147": 1, "total_commits": 19, "152": 1, "142": 1, "157": 1, "148": 1, "158": 1, "145": 1, "153": 1, "151": 1, "149": 1, "156": 1, "144": 1, "61": 1, "143": 1, "98": 1, "154": 1, "155": 1, "12": 1, "150": 1}, "153": {"144": 1, "total_commits": 30, "142": 1, "143": 1, "155": 2, "12": 2, "150": 1, "147": 1, "152": 2, "146": 1, "145": 1, "157": 1, "148": 1, "149": 2, "156": 2, "158": 1, "61": 1, "98": 2, "154": 2, "151": 1, "160": 1, "58": 1, "20": 1, "48": 1}, "151": {"12": 1, "total_commits": 19, "150": 1, "147": 1, "152": 1, "146": 1, "157": 1, "148": 1, "158": 1, "145": 1, "153": 1, "149": 1, "156": 1, "144": 1, "142": 1, "61": 1, "143": 1, "98": 1, "154": 1, "155": 1}, "150": {"149": 1, "total_commits": 19, "156": 1, "158": 1, "61": 1, "98": 1, "154": 1, "151": 1, "144": 1, "142": 1, "143": 1, "155": 1, "12": 1, "147": 1, "152": 1, "146": 1, "145": 1, "157": 1, "153": 1, "148": 1}, "157": {"155": 1, "total_commits": 19, "12": 1, "150": 1, "147": 1, "152": 1, "142": 1, "146": 1, "148": 1, "158": 1, "145": 1, "153": 1, "151": 1, "149": 1, "156": 1, "144": 1, "61": 1, "143": 1, "98": 1, "154": 1}, "149": {"148": 1, "total_commits": 36, "158": 1, "145": 1, "153": 2, "151": 1, "156": 2, "144": 1, "142": 1, "61": 1, "143": 1, "98": 2, "154": 2, "155": 2, "12": 2, "150": 1, "147": 1, "152": 2, "146": 1, "157": 1, "90": 1, "119": 1, "120": 1, "85": 1, "40": 1, "20": 2, "48": 1, "58": 1, "160": 1}, "145": {"155": 1, "total_commits": 19, "12": 1, "147": 1, "152": 1, "146": 1, "157": 1, "153": 1, "148": 1, "149": 1, "156": 1, "158": 1, "61": 1, "98": 1, "154": 1, "151": 1, "150": 1, "144": 1, "142": 1, "143": 1}, "156": {"147": 1, "total_commits": 30, "152": 2, "146": 1, "145": 1, "157": 1, "153": 2, "148": 1, "149": 2, "158": 1, "144": 1, "61": 1, "98": 2, "154": 2, "151": 1, "150": 1, "142": 1, "143": 1, "155": 2, "12": 2, "48": 1, "160": 1, "20": 1, "58": 1}, "154": {"148": 2, "total_commits": 54, "149": 2, "156": 2, "158": 1, "61": 1, "98": 2, "151": 1, "144": 1, "142": 1, "143": 1, "155": 2, "12": 2, "150": 1, "147": 1, "152": 2, "146": 1, "145": 1, "157": 1, "153": 2, "159": 2, "160": 3, "22": 2, "84": 1, "7": 1, "103": 1, "141": 1, "113": 1, "112": 1, "115": 1, "83": 1, "62": 1, "32": 1, "110": 1, "14": 1, "108": 1, "68": 1, "85": 1, "120": 1, "105": 1, "58": 1, "20": 1, "48": 1}, "147": {"152": 1, "total_commits": 19, "142": 1, "146": 1, "157": 1, "148": 1, "158": 1, "145": 1, "153": 1, "151": 1, "149": 1, "156": 1, "144": 1, "61": 1, "143": 1, "98": 1, "154": 1, "155": 1, "12": 1, "150": 1}, "155": {"148": 1, "total_commits": 30, "158": 1, "146": 1, "145": 1, "153": 2, "151": 1, "149": 2, "156": 2, "144": 1, "61": 1, "143": 1, "98": 2, "154": 2, "12": 2, "150": 1, "147": 1, "152": 2, "142": 1, "157": 1, "160": 1, "20": 1, "58": 1, "48": 1}, "158": {"61": 1, "total_commits": 19, "98": 1, "154": 1, "151": 1, "144": 1, "142": 1, "143": 1, "155": 1, "12": 1, "150": 1, "147": 1, "152": 1, "146": 1, "145": 1, "157": 1, "153": 1, "148": 1, "149": 1, "156": 1}, "152": {"151": 1, "total_commits": 30, "149": 2, "156": 2, "144": 1, "142": 1, "61": 1, "143": 1, "98": 2, "154": 2, "155": 2, "12": 2, "150": 1, "147": 1, "146": 1, "157": 1, "148": 1, "158": 1, "145": 1, "153": 2, "160": 1, "20": 1, "58": 1, "48": 1}, "148": {"151": 1, "total_commits": 39, "149": 1, "156": 1, "158": 1, "144": 1, "61": 1, "98": 1, "154": 2, "155": 1, "12": 1, "150": 1, "147": 1, "152": 1, "142": 1, "143": 1, "146": 1, "145": 1, "157": 1, "153": 1, "141": 1, "160": 1, "105": 1, "115": 1, "84": 1, "7": 1, "113": 1, "62": 1, "32": 1, "112": 1, "110": 1, "14": 1, "83": 1, "85": 1, "120": 1, "108": 1, "68": 1, "103": 1, "22": 1}, "160": {"159": 2, "total_commits": 35, "22": 2, "154": 3, "141": 1, "113": 1, "112": 1, "115": 1, "84": 1, "7": 1, "83": 1, "62": 1, "32": 1, "110": 1, "14": 1, "108": 1, "68": 1, "85": 1, "120": 1, "105": 1, "148": 1, "103": 1, "156": 1, "153": 1, "12": 1, "20": 1, "58": 1, "152": 1, "48": 1, "98": 1, "149": 1, "155": 1}, "161": {"159": 1, "total_commits": 2, "104": 1}}