{"AdminSchoolCalendarController.getGradingPeriods": {"t": [{"id": 0, "a": [["R", 1], ["R", 1], ["R", 1], ["R", 2], ["R", 3]]}]}, "AdminSchoolCalendarController.getSchoolYears": {"t": [{"id": 0, "a": [["R", 2], ["R", 2], ["R", 2], ["R", 3]]}]}, "SystemUserController.addUser": {"t": [{"id": 0, "a": [["W", 4]]}]}, "SystemUserController.getUser": {"t": [{"id": 0, "a": [["R", 5]]}]}, "SystemSchoolCalendarController.getGradingPeriods": {"t": [{"id": 0, "a": [["R", 1], ["R", 1], ["R", 1], ["R", 2], ["R", 3]]}]}, "SystemSchoolCalendarController.getSchoolYears": {"t": [{"id": 0, "a": [["R", 2], ["R", 2], ["R", 2], ["R", 3]]}]}, "TeacherController.index": {"t": [{"id": 0, "a": [["R", 6], ["R", 7], ["R", 1]]}]}, "TeacherClassesController.getTeacherClasses": {"t": [{"id": 0, "a": [["R", 6], ["R", 7], ["R", 1]]}]}, "SystemSchoolRoomController.getSchoolRooms": {"t": [{"id": 0, "a": [["R", 8], ["R", 8], ["R", 8], ["R", 3]]}]}, "SystemSchoolCoursesIndexController.getSchoolCoursesIndex": {"t": [{"id": 0, "a": [["R", 9], ["R", 9], ["R", 9], ["R", 3], ["R", 10], ["R", 10], ["R", 10], ["R", 9], ["R", 3]]}]}, "SystemSchoolClassScheduleController.getClassSchedule": {"t": [{"id": 0, "a": [["R", 1], ["R", 1], ["R", 1], ["R", 2], ["R", 3]]}]}, "SystemSchoolClassScheduleController.getClassScheduleByGradingPeriod": {"t": [{"id": 0, "a": [["R", 7], ["R", 7], ["R", 7], ["R", 1], ["R", 8], ["R", 8], ["R", 8], ["R", 3], ["R", 11], ["R", 11], ["R", 11], ["R", 3], ["R", 10], ["R", 10], ["R", 10], ["R", 9], ["R", 3]]}]}, "HomeController.resetUserPassword": {"t": [{"id": 0, "a": [["R", 4]]}]}, "SystemSchoolEventController.getSchoolEvents": {"t": [{"id": 0, "a": [["R", 12], ["R", 12], ["R", 12], ["R", 3]]}]}, "AdminSchoolEventController.getSchoolEvents": {"t": [{"id": 0, "a": [["R", 12], ["R", 12], ["R", 12], ["R", 3]]}]}, "SystemDistrictEventController.getDistrictEvents": {"t": [{"id": 0, "a": [["R", 13], ["R", 13], ["R", 13], ["R", 14]]}]}, "SystemSchoolStudentController.getStudents": {"t": [{"id": 0, "a": [["R", 15], ["R", 15], ["R", 15], ["R", 3]]}]}, "AdminUserController.addUser": {"t": [{"id": 0, "a": [["W", 4]]}]}, "SystemSchoolTeacherController.getSchool": {"t": [{"id": 0, "a": [["R", 11], ["R", 11], ["R", 11], ["R", 3]]}]}}