{"17": {"16": 2, "total_commits": 84, "26": 2, "28": 2, "32": 2, "30": 3, "27": 4, "33": 3, "29": 3, "23": 2, "31": 6, "24": 2, "25": 2, "4": 4, "36": 1, "5": 1, "21": 2, "34": 1, "20": 1, "35": 2, "18": 1, "19": 3, "22": 2, "39": 4, "37": 1, "38": 4, "42": 1, "43": 1, "45": 2, "46": 1, "44": 1, "40": 1, "41": 1, "54": 1, "50": 1, "48": 1, "53": 1, "157": 1, "158": 1, "140": 1, "138": 1, "159": 1, "141": 1, "234": 1, "235": 2, "236": 1, "237": 1, "238": 1}, "16": {"17": 2, "total_commits": 30, "20": 2, "21": 2, "18": 2, "19": 2, "5": 2, "22": 2, "4": 2, "31": 1, "23": 1, "32": 1, "24": 1, "28": 1, "36": 1, "33": 1, "29": 1, "30": 1, "34": 1, "25": 1, "35": 1, "26": 1, "27": 1}, "4": {"19": 3, "total_commits": 78, "5": 2, "22": 3, "16": 2, "21": 2, "20": 2, "18": 2, "24": 1, "30": 2, "36": 1, "25": 1, "35": 2, "27": 1, "34": 1, "23": 1, "26": 1, "17": 4, "31": 3, "28": 1, "33": 3, "32": 1, "29": 2, "38": 2, "39": 2, "37": 1, "50": 1, "48": 1, "53": 1, "45": 2, "54": 1, "61": 1, "51": 1, "58": 1, "205": 1, "207": 1, "174": 1, "203": 1, "199": 1, "198": 1, "167": 1, "15": 1, "201": 1, "195": 1, "196": 1, "11": 1, "168": 1, "200": 1, "181": 1, "209": 1, "197": 1, "202": 1, "206": 1, "208": 1, "204": 1, "235": 1, "234": 1}, "5": {"22": 2, "total_commits": 29, "16": 2, "4": 2, "20": 2, "21": 2, "18": 2, "19": 2, "31": 1, "33": 1, "32": 1, "24": 1, "30": 1, "28": 1, "36": 1, "25": 1, "29": 1, "35": 1, "34": 1, "23": 1, "26": 1, "17": 1, "27": 1}, "21": {"22": 2, "total_commits": 38, "16": 2, "4": 2, "20": 2, "18": 2, "19": 2, "5": 2, "36": 1, "33": 1, "29": 1, "30": 1, "34": 1, "25": 1, "35": 1, "26": 1, "27": 2, "31": 2, "23": 1, "32": 1, "17": 2, "24": 1, "28": 1, "238": 1, "235": 1, "38": 1, "39": 1, "236": 1, "237": 1}, "18": {"4": 2, "total_commits": 29, "20": 2, "21": 2, "19": 2, "5": 2, "22": 2, "16": 2, "24": 1, "30": 1, "28": 1, "36": 1, "25": 1, "29": 1, "35": 1, "34": 1, "23": 1, "26": 1, "17": 1, "27": 1, "31": 1, "33": 1, "32": 1}, "20": {"19": 2, "total_commits": 29, "5": 2, "22": 2, "16": 2, "4": 2, "21": 2, "18": 2, "17": 1, "27": 1, "31": 1, "28": 1, "33": 1, "32": 1, "24": 1, "30": 1, "36": 1, "25": 1, "29": 1, "35": 1, "34": 1, "23": 1, "26": 1}, "22": {"16": 2, "total_commits": 41, "4": 3, "20": 2, "21": 2, "18": 2, "19": 2, "5": 2, "30": 2, "28": 1, "36": 1, "33": 1, "29": 1, "34": 1, "23": 1, "25": 1, "35": 2, "26": 1, "27": 1, "31": 2, "32": 1, "17": 2, "24": 1, "39": 1, "54": 1, "50": 1, "38": 1, "53": 1, "45": 1, "48": 1}, "19": {"20": 2, "total_commits": 67, "21": 2, "18": 2, "5": 2, "22": 2, "16": 2, "4": 3, "36": 1, "25": 1, "35": 1, "27": 1, "34": 1, "23": 1, "26": 1, "17": 3, "31": 2, "28": 1, "33": 2, "32": 1, "29": 2, "24": 1, "30": 1, "39": 1, "37": 1, "38": 1, "9": 1, "142": 1, "80": 1, "143": 1, "148": 1, "152": 1, "144": 1, "10": 1, "150": 1, "6": 1, "147": 1, "133": 1, "149": 1, "146": 1, "145": 1, "153": 1, "7": 1, "12": 1, "13": 1, "134": 1, "132": 1, "125": 1, "151": 1, "157": 1, "158": 1, "140": 1, "138": 1, "159": 1, "141": 1}, "28": {"17": 2, "total_commits": 33, "29": 2, "25": 2, "23": 2, "31": 2, "24": 2, "30": 2, "26": 2, "27": 2, "33": 2, "32": 2, "36": 1, "20": 1, "35": 1, "18": 1, "19": 1, "21": 1, "22": 1, "34": 1, "4": 1, "16": 1, "5": 1}, "30": {"31": 4, "total_commits": 81, "24": 2, "25": 2, "26": 2, "28": 2, "32": 2, "27": 2, "33": 2, "17": 3, "29": 2, "23": 2, "4": 2, "35": 2, "18": 1, "19": 1, "16": 1, "22": 2, "36": 1, "20": 1, "5": 1, "21": 1, "34": 1, "53": 1, "45": 1, "48": 2, "39": 1, "54": 2, "50": 1, "38": 1, "97": 1, "126": 1, "217": 1, "136": 1, "133": 1, "214": 1, "127": 1, "56": 1, "218": 1, "89": 1, "216": 1, "158": 1, "155": 1, "51": 1, "198": 1, "132": 1, "179": 1, "181": 1, "95": 1, "196": 1, "215": 1, "12": 1, "140": 1, "130": 1, "180": 1, "14": 1, "3": 1, "96": 1, "13": 1, "213": 1, "90": 1, "134": 1, "91": 1}, "26": {"27": 2, "total_commits": 33, "33": 2, "17": 2, "29": 2, "23": 2, "31": 2, "24": 2, "25": 2, "28": 2, "32": 2, "30": 2, "34": 1, "35": 1, "18": 1, "19": 1, "16": 1, "22": 1, "4": 1, "36": 1, "20": 1, "5": 1, "21": 1}, "33": {"23": 2, "total_commits": 73, "26": 2, "28": 2, "32": 2, "30": 2, "27": 2, "17": 3, "29": 3, "31": 3, "24": 2, "25": 2, "35": 1, "18": 1, "19": 2, "21": 1, "16": 1, "22": 1, "20": 1, "4": 3, "36": 1, "5": 1, "34": 1, "38": 1, "39": 1, "37": 1, "61": 2, "51": 2, "58": 2, "63": 1, "62": 1, "60": 1, "69": 1, "49": 1, "67": 1, "70": 1, "53": 1, "3": 1, "54": 1, "47": 1, "44": 1, "66": 1, "64": 1, "59": 1, "68": 1, "52": 1, "57": 1, "65": 1, "41": 1, "55": 1, "48": 1, "45": 1, "50": 1, "56": 1}, "31": {"30": 4, "total_commits": 121, "26": 2, "28": 2, "32": 2, "27": 4, "33": 3, "17": 6, "29": 3, "23": 3, "24": 2, "25": 2, "36": 1, "20": 1, "5": 1, "21": 2, "34": 1, "4": 3, "35": 2, "18": 1, "19": 2, "16": 1, "22": 2, "37": 1, "39": 4, "38": 4, "54": 3, "50": 1, "53": 1, "45": 1, "48": 3, "90": 2, "97": 2, "91": 2, "89": 2, "104": 1, "112": 1, "56": 2, "96": 2, "113": 1, "95": 2, "70": 1, "136": 1, "133": 1, "214": 1, "127": 1, "218": 1, "216": 1, "158": 1, "155": 1, "51": 1, "198": 1, "132": 1, "179": 1, "181": 1, "196": 1, "215": 1, "12": 1, "140": 1, "130": 1, "180": 1, "14": 1, "3": 1, "13": 1, "213": 1, "134": 1, "126": 1, "217": 1, "237": 2, "238": 1, "235": 2, "236": 1, "240": 1, "239": 1, "234": 1}, "27": {"32": 2, "total_commits": 46, "30": 2, "33": 2, "17": 4, "29": 2, "31": 4, "24": 2, "25": 2, "23": 2, "26": 2, "28": 2, "4": 1, "36": 1, "5": 1, "34": 1, "20": 1, "35": 1, "18": 1, "19": 1, "21": 2, "16": 1, "22": 1, "38": 2, "39": 2, "237": 1, "238": 1, "235": 1, "236": 1}, "29": {"26": 2, "total_commits": 41, "28": 2, "32": 2, "30": 2, "27": 2, "33": 3, "17": 3, "31": 3, "24": 2, "25": 2, "23": 2, "35": 1, "18": 1, "19": 2, "21": 1, "16": 1, "22": 1, "4": 2, "36": 1, "5": 1, "34": 1, "20": 1, "39": 1, "37": 1, "38": 1}, "24": {"31": 2, "total_commits": 33, "28": 2, "30": 2, "26": 2, "27": 2, "33": 2, "32": 2, "17": 2, "25": 2, "29": 2, "23": 2, "4": 1, "18": 1, "16": 1, "36": 1, "20": 1, "35": 1, "19": 1, "5": 1, "21": 1, "22": 1, "34": 1}, "32": {"26": 2, "total_commits": 33, "28": 2, "30": 2, "27": 2, "33": 2, "17": 2, "29": 2, "23": 2, "31": 2, "24": 2, "25": 2, "36": 1, "5": 1, "21": 1, "34": 1, "20": 1, "35": 1, "18": 1, "19": 1, "16": 1, "22": 1, "4": 1}, "23": {"26": 2, "total_commits": 47, "28": 2, "32": 2, "30": 2, "27": 2, "33": 2, "17": 2, "29": 2, "31": 3, "24": 2, "25": 2, "4": 1, "36": 1, "5": 1, "20": 1, "35": 1, "18": 1, "19": 1, "21": 1, "16": 1, "22": 1, "34": 1, "90": 1, "97": 1, "91": 1, "54": 1, "104": 1, "56": 1, "89": 1, "96": 1, "112": 1, "95": 1, "48": 1, "113": 1, "70": 1}, "25": {"28": 2, "total_commits": 33, "30": 2, "26": 2, "27": 2, "33": 2, "32": 2, "17": 2, "29": 2, "31": 2, "24": 2, "23": 2, "35": 1, "18": 1, "19": 1, "21": 1, "22": 1, "34": 1, "4": 1, "16": 1, "5": 1, "36": 1, "20": 1}, "34": {"36": 1, "total_commits": 22, "25": 1, "29": 1, "20": 1, "35": 1, "19": 1, "5": 1, "21": 1, "22": 1, "23": 1, "4": 1, "26": 1, "18": 1, "17": 1, "27": 1, "16": 1, "31": 1, "28": 1, "33": 1, "32": 1, "24": 1, "30": 1}, "36": {"4": 1, "total_commits": 22, "26": 1, "18": 1, "17": 1, "16": 1, "31": 1, "28": 1, "33": 1, "32": 1, "29": 1, "5": 1, "24": 1, "30": 1, "25": 1, "20": 1, "35": 1, "19": 1, "21": 1, "27": 1, "22": 1, "34": 1, "23": 1}, "35": {"32": 1, "total_commits": 34, "4": 2, "17": 2, "24": 1, "28": 1, "36": 1, "33": 1, "29": 1, "20": 1, "5": 1, "21": 1, "30": 2, "34": 1, "23": 1, "25": 1, "26": 1, "18": 1, "19": 1, "27": 1, "16": 1, "22": 2, "31": 2, "45": 1, "48": 1, "39": 1, "54": 1, "50": 1, "38": 1, "53": 1}, "38": {"31": 4, "total_commits": 63, "4": 2, "17": 4, "29": 1, "37": 1, "39": 5, "33": 1, "19": 1, "52": 1, "47": 1, "51": 1, "45": 3, "49": 1, "50": 2, "48": 2, "22": 1, "53": 1, "35": 1, "54": 1, "30": 1, "167": 1, "180": 1, "185": 1, "178": 1, "11": 1, "168": 1, "190": 1, "186": 1, "181": 1, "182": 1, "174": 1, "173": 1, "175": 1, "176": 1, "189": 1, "177": 1, "183": 1, "184": 1, "188": 1, "179": 1, "187": 1, "27": 2, "21": 1, "236": 1, "237": 1, "238": 1, "235": 1}, "37": {"4": 1, "total_commits": 8, "17": 1, "29": 1, "39": 1, "19": 1, "38": 1, "33": 1, "31": 1}, "39": {"33": 1, "total_commits": 41, "31": 4, "4": 2, "17": 4, "29": 1, "37": 1, "19": 1, "38": 5, "52": 1, "47": 1, "51": 1, "45": 2, "50": 2, "49": 1, "48": 2, "53": 1, "35": 1, "54": 1, "30": 1, "22": 1, "27": 2, "236": 1, "237": 1, "21": 1, "238": 1, "235": 1}, "40": {"41": 1, "total_commits": 7, "17": 1, "42": 1, "43": 1, "45": 1, "44": 1, "46": 1}, "46": {"40": 1, "total_commits": 9, "41": 1, "17": 1, "42": 1, "43": 2, "45": 1, "44": 1, "263": 1}, "42": {"41": 1, "total_commits": 7, "17": 1, "43": 1, "45": 1, "44": 1, "46": 1, "40": 1}, "45": {"44": 2, "total_commits": 123, "46": 1, "40": 1, "41": 2, "17": 2, "42": 1, "43": 1, "49": 2, "50": 3, "48": 3, "38": 3, "52": 2, "47": 2, "51": 2, "39": 2, "22": 1, "53": 2, "31": 1, "35": 1, "54": 2, "4": 2, "30": 1, "56": 1, "63": 1, "67": 1, "66": 1, "70": 1, "59": 1, "33": 1, "3": 1, "57": 1, "65": 1, "55": 1, "61": 1, "64": 1, "68": 1, "58": 1, "62": 1, "60": 1, "69": 1, "179": 1, "181": 2, "185": 1, "182": 1, "178": 1, "11": 3, "168": 3, "176": 1, "189": 2, "190": 1, "186": 1, "174": 2, "173": 2, "187": 1, "175": 1, "177": 1, "167": 4, "180": 1, "183": 1, "184": 1, "188": 1, "191": 1, "192": 1, "193": 1, "201": 2, "195": 1, "196": 1, "200": 1, "197": 1, "206": 1, "208": 1, "204": 1, "205": 1, "209": 1, "207": 1, "203": 1, "202": 1, "199": 1, "198": 1, "15": 2, "210": 1, "166": 1, "211": 1, "169": 1, "215": 1, "228": 1, "227": 1, "226": 1, "229": 1, "232": 1, "230": 1, "231": 1, "233": 1}, "43": {"41": 1, "total_commits": 8, "40": 1, "17": 1, "42": 1, "45": 1, "44": 1, "46": 2}, "41": {"17": 1, "total_commits": 35, "42": 1, "43": 1, "45": 2, "46": 1, "44": 2, "40": 1, "57": 1, "65": 1, "47": 1, "55": 1, "48": 1, "61": 1, "56": 1, "64": 1, "58": 1, "63": 1, "62": 1, "60": 1, "69": 1, "50": 1, "67": 1, "53": 1, "54": 1, "49": 1, "51": 1, "66": 1, "70": 1, "59": 1, "33": 1, "68": 1, "3": 1, "52": 1}, "44": {"40": 1, "total_commits": 35, "41": 2, "17": 1, "42": 1, "43": 1, "45": 2, "46": 1, "50": 1, "56": 1, "53": 1, "63": 1, "54": 1, "69": 1, "49": 1, "67": 1, "66": 1, "70": 1, "59": 1, "33": 1, "3": 1, "52": 1, "57": 1, "65": 1, "47": 1, "55": 1, "51": 1, "61": 1, "64": 1, "68": 1, "58": 1, "62": 1, "60": 1, "48": 1}, "49": {"47": 2, "total_commits": 36, "51": 2, "39": 1, "45": 2, "50": 2, "48": 2, "38": 1, "52": 2, "60": 1, "56": 1, "53": 1, "63": 1, "54": 1, "69": 1, "44": 1, "67": 1, "66": 1, "70": 1, "59": 1, "33": 1, "3": 1, "57": 1, "65": 1, "55": 1, "61": 1, "64": 1, "68": 1, "58": 1, "41": 1, "62": 1}, "51": {"39": 1, "total_commits": 104, "45": 2, "50": 2, "49": 2, "48": 3, "38": 1, "52": 2, "47": 2, "58": 5, "59": 2, "57": 2, "60": 2, "3": 4, "55": 2, "56": 3, "61": 2, "33": 2, "4": 1, "69": 1, "67": 1, "70": 1, "53": 1, "54": 2, "44": 1, "66": 1, "64": 1, "68": 2, "65": 1, "41": 1, "63": 1, "62": 2, "1": 1, "84": 1, "7": 1, "77": 1, "2": 1, "82": 1, "161": 1, "163": 1, "160": 1, "165": 1, "162": 1, "166": 1, "164": 1, "179": 1, "96": 1, "13": 1, "181": 1, "213": 1, "90": 1, "134": 1, "91": 1, "140": 1, "97": 1, "130": 1, "126": 1, "136": 1, "133": 1, "127": 1, "30": 1, "216": 1, "155": 1, "217": 1, "132": 1, "214": 1, "95": 1, "31": 1, "196": 1, "218": 1, "215": 1, "89": 1, "12": 1, "158": 1, "198": 1, "180": 1, "14": 1, "242": 1, "243": 1, "241": 1}, "50": {"39": 2, "total_commits": 48, "45": 3, "49": 2, "48": 3, "38": 2, "52": 2, "47": 2, "51": 2, "35": 1, "54": 2, "4": 1, "30": 1, "17": 1, "22": 1, "53": 2, "31": 1, "63": 1, "69": 1, "44": 1, "67": 1, "66": 1, "70": 1, "59": 1, "33": 1, "3": 1, "57": 1, "65": 1, "55": 1, "61": 1, "64": 1, "68": 1, "58": 1, "41": 1, "62": 1, "60": 1, "56": 1}, "52": {"51": 2, "total_commits": 36, "39": 1, "45": 2, "49": 2, "50": 2, "48": 2, "38": 1, "47": 2, "63": 1, "62": 1, "60": 1, "69": 1, "67": 1, "70": 1, "53": 1, "3": 1, "54": 1, "57": 1, "44": 1, "66": 1, "61": 1, "64": 1, "59": 1, "33": 1, "68": 1, "58": 1, "65": 1, "41": 1, "55": 1, "56": 1}, "48": {"52": 2, "total_commits": 98, "47": 2, "51": 3, "39": 2, "45": 3, "49": 2, "50": 3, "38": 2, "54": 4, "4": 1, "30": 2, "17": 1, "22": 1, "31": 3, "53": 2, "35": 1, "69": 1, "67": 1, "70": 2, "44": 1, "66": 1, "61": 1, "64": 1, "59": 1, "33": 1, "68": 1, "3": 2, "58": 1, "57": 1, "65": 1, "41": 1, "55": 1, "56": 3, "63": 1, "62": 1, "60": 1, "97": 2, "91": 2, "104": 1, "89": 2, "96": 2, "112": 1, "95": 2, "23": 1, "113": 1, "90": 2, "196": 1, "218": 1, "215": 1, "12": 1, "158": 1, "198": 1, "180": 1, "14": 1, "179": 1, "181": 1, "213": 1, "134": 1, "140": 1, "130": 1, "126": 1, "136": 1, "133": 1, "127": 1, "13": 1, "216": 1, "155": 1, "217": 1, "132": 1, "214": 1}, "47": {"51": 2, "total_commits": 36, "39": 1, "45": 2, "50": 2, "49": 2, "48": 2, "38": 1, "52": 2, "58": 1, "65": 1, "41": 1, "55": 1, "56": 1, "53": 1, "63": 1, "62": 1, "60": 1, "69": 1, "44": 1, "67": 1, "70": 1, "3": 1, "54": 1, "57": 1, "66": 1, "61": 1, "64": 1, "59": 1, "33": 1, "68": 1}, "54": {"4": 1, "total_commits": 90, "30": 2, "50": 2, "17": 1, "22": 1, "31": 3, "45": 2, "48": 4, "38": 1, "53": 2, "39": 1, "35": 1, "47": 1, "44": 1, "51": 2, "66": 1, "61": 1, "64": 1, "59": 1, "33": 1, "68": 1, "3": 2, "52": 1, "58": 1, "57": 1, "65": 1, "41": 1, "55": 1, "56": 3, "63": 1, "62": 1, "60": 1, "69": 1, "49": 1, "67": 1, "70": 2, "90": 2, "97": 2, "91": 2, "104": 1, "89": 2, "96": 2, "112": 1, "95": 2, "23": 1, "113": 1, "215": 1, "12": 1, "158": 1, "198": 1, "180": 1, "14": 1, "179": 1, "13": 1, "181": 1, "213": 1, "134": 1, "140": 1, "130": 1, "126": 1, "136": 1, "133": 1, "127": 1, "216": 1, "155": 1, "217": 1, "132": 1, "214": 1, "196": 1, "218": 1}, "53": {"38": 1, "total_commits": 40, "22": 1, "31": 1, "35": 1, "45": 2, "48": 2, "54": 2, "4": 1, "30": 1, "39": 1, "17": 1, "50": 2, "56": 1, "63": 1, "62": 1, "69": 1, "44": 1, "49": 1, "67": 1, "70": 1, "59": 1, "33": 1, "3": 1, "52": 1, "57": 1, "65": 1, "47": 1, "55": 1, "51": 1, "66": 1, "61": 1, "64": 1, "68": 1, "58": 1, "41": 1, "60": 1}, "57": {"59": 2, "total_commits": 35, "60": 2, "3": 2, "55": 2, "51": 2, "58": 2, "56": 2, "50": 1, "63": 1, "62": 1, "69": 1, "49": 1, "67": 1, "70": 1, "53": 1, "54": 1, "52": 1, "47": 1, "45": 1, "44": 1, "66": 1, "61": 1, "64": 1, "33": 1, "68": 1, "65": 1, "41": 1, "48": 1}, "58": {"59": 3, "total_commits": 95, "57": 2, "60": 3, "3": 3, "55": 3, "51": 5, "56": 3, "61": 2, "33": 2, "4": 1, "66": 1, "68": 3, "52": 1, "65": 2, "41": 1, "47": 1, "48": 1, "45": 1, "50": 1, "64": 1, "63": 1, "62": 3, "69": 1, "67": 1, "70": 1, "53": 1, "54": 1, "44": 1, "49": 1, "7": 1, "82": 1, "78": 1, "84": 1, "75": 1, "83": 1, "1": 1, "76": 1, "72": 1, "77": 1, "80": 1, "2": 1, "81": 1, "74": 1, "85": 1, "71": 1, "73": 1, "79": 1, "115": 1, "117": 1, "116": 1, "161": 1, "166": 2, "160": 1, "163": 1, "165": 1, "162": 1, "164": 2, "252": 1, "257": 1, "256": 1, "255": 1, "254": 2, "253": 1, "259": 1, "145": 1, "258": 1, "147": 1, "250": 1, "248": 1, "249": 1}, "60": {"59": 3, "total_commits": 45, "58": 3, "57": 2, "3": 2, "55": 3, "51": 2, "56": 3, "50": 1, "61": 1, "64": 1, "63": 1, "62": 1, "69": 1, "67": 1, "70": 1, "53": 1, "54": 1, "47": 1, "44": 1, "49": 1, "66": 1, "33": 1, "68": 1, "52": 1, "65": 1, "41": 1, "48": 1, "45": 1, "256": 1, "255": 1, "254": 1, "253": 1, "252": 1, "257": 1}, "59": {"55": 3, "total_commits": 45, "51": 2, "56": 3, "58": 3, "57": 2, "60": 3, "3": 2, "66": 1, "61": 1, "64": 1, "33": 1, "68": 1, "52": 1, "65": 1, "41": 1, "48": 1, "45": 1, "50": 1, "63": 1, "62": 1, "69": 1, "49": 1, "67": 1, "70": 1, "53": 1, "54": 1, "47": 1, "44": 1, "253": 1, "252": 1, "257": 1, "256": 1, "255": 1, "254": 1}, "56": {"55": 3, "total_commits": 95, "51": 3, "58": 3, "59": 3, "57": 2, "60": 3, "3": 3, "45": 1, "50": 1, "63": 1, "62": 1, "69": 1, "49": 1, "67": 1, "70": 2, "53": 1, "52": 1, "54": 3, "47": 1, "44": 1, "66": 1, "61": 1, "64": 1, "33": 1, "68": 1, "65": 1, "41": 1, "48": 3, "90": 2, "97": 2, "91": 2, "89": 2, "104": 1, "23": 1, "96": 2, "113": 1, "112": 1, "95": 2, "31": 2, "180": 1, "14": 1, "13": 1, "181": 1, "213": 1, "134": 1, "130": 1, "126": 1, "217": 1, "136": 1, "133": 1, "127": 1, "30": 1, "216": 1, "158": 1, "155": 1, "198": 1, "132": 1, "179": 1, "214": 1, "196": 1, "218": 1, "215": 1, "12": 1, "140": 1, "253": 1, "252": 1, "257": 1, "256": 1, "255": 1, "254": 1}, "55": {"3": 2, "total_commits": 45, "51": 2, "56": 3, "59": 3, "58": 3, "57": 2, "60": 3, "53": 1, "63": 1, "54": 1, "44": 1, "49": 1, "67": 1, "66": 1, "70": 1, "33": 1, "52": 1, "65": 1, "47": 1, "45": 1, "61": 1, "64": 1, "68": 1, "41": 1, "62": 1, "48": 1, "69": 1, "50": 1, "256": 1, "254": 1, "252": 1, "257": 1, "253": 1, "255": 1}, "3": {"55": 2, "total_commits": 104, "51": 4, "56": 3, "59": 2, "58": 3, "57": 2, "60": 2, "48": 2, "69": 1, "50": 1, "53": 1, "63": 1, "54": 2, "44": 1, "49": 1, "67": 1, "66": 1, "70": 1, "33": 1, "52": 1, "65": 2, "47": 1, "45": 1, "61": 1, "64": 1, "68": 1, "41": 1, "62": 2, "80": 1, "2": 2, "81": 1, "74": 1, "85": 1, "71": 1, "73": 1, "79": 1, "7": 1, "75": 1, "1": 2, "76": 1, "72": 1, "82": 1, "78": 1, "84": 1, "77": 1, "83": 1, "97": 1, "130": 1, "126": 1, "133": 1, "127": 1, "13": 1, "213": 1, "30": 1, "90": 1, "134": 1, "91": 1, "216": 1, "155": 1, "217": 1, "136": 1, "132": 1, "214": 1, "196": 1, "218": 1, "89": 1, "158": 1, "198": 1, "180": 1, "14": 1, "179": 1, "96": 1, "181": 1, "95": 1, "31": 1, "215": 1, "12": 1, "140": 2, "8": 1, "220": 1, "221": 1, "222": 1, "219": 1, "242": 1, "243": 1, "241": 1}, "61": {"33": 2, "total_commits": 32, "4": 1, "51": 2, "58": 2, "66": 1, "64": 1, "68": 1, "41": 1, "48": 1, "50": 1, "56": 1, "53": 1, "63": 1, "62": 1, "60": 1, "69": 1, "44": 1, "49": 1, "67": 1, "70": 1, "59": 1, "3": 1, "52": 1, "54": 1, "57": 1, "65": 1, "47": 1, "55": 1, "45": 1}, "70": {"33": 1, "total_commits": 56, "3": 1, "52": 1, "57": 1, "65": 1, "41": 1, "47": 1, "55": 1, "45": 1, "61": 1, "64": 1, "68": 2, "58": 1, "62": 1, "60": 1, "48": 2, "69": 1, "50": 1, "56": 2, "67": 2, "53": 1, "63": 1, "54": 2, "44": 1, "49": 1, "51": 1, "66": 1, "59": 1, "91": 2, "89": 1, "96": 1, "112": 3, "95": 1, "23": 1, "113": 3, "31": 1, "97": 1, "104": 1, "90": 1, "116": 1, "119": 1, "120": 1, "117": 1, "213": 1, "88": 1, "73": 1}, "67": {"70": 2, "total_commits": 59, "59": 1, "33": 1, "3": 1, "52": 1, "57": 1, "65": 1, "47": 1, "55": 1, "45": 1, "61": 1, "64": 1, "68": 3, "58": 1, "41": 1, "62": 1, "60": 1, "48": 1, "69": 1, "50": 1, "56": 1, "53": 1, "63": 1, "54": 1, "44": 1, "49": 1, "51": 1, "66": 1, "120": 2, "119": 2, "116": 1, "117": 1, "112": 1, "113": 1, "127": 1, "128": 1, "12": 1, "131": 1, "138": 1, "13": 1, "136": 1, "134": 1, "132": 1, "125": 1, "140": 1, "139": 1, "130": 1, "126": 1, "81": 1, "129": 1, "137": 1, "141": 1, "135": 1, "133": 1}, "68": {"63": 1, "total_commits": 63, "54": 1, "44": 1, "49": 1, "51": 2, "66": 1, "70": 2, "59": 1, "33": 1, "3": 1, "52": 1, "57": 1, "65": 1, "47": 1, "55": 1, "45": 1, "61": 1, "64": 1, "58": 3, "41": 1, "62": 1, "60": 1, "48": 1, "69": 1, "50": 1, "56": 1, "67": 3, "53": 1, "115": 1, "117": 2, "116": 2, "120": 1, "112": 1, "113": 1, "119": 1, "141": 1, "135": 1, "133": 1, "127": 1, "128": 1, "12": 1, "131": 1, "138": 1, "13": 1, "136": 1, "134": 1, "132": 1, "125": 1, "140": 1, "139": 1, "130": 1, "126": 1, "81": 1, "129": 1, "137": 1}, "63": {"50": 1, "total_commits": 28, "56": 1, "53": 1, "62": 1, "60": 1, "69": 1, "44": 1, "49": 1, "67": 1, "70": 1, "59": 1, "3": 1, "52": 1, "54": 1, "57": 1, "47": 1, "45": 1, "51": 1, "66": 1, "61": 1, "64": 1, "33": 1, "68": 1, "58": 1, "65": 1, "41": 1, "55": 1, "48": 1}, "66": {"51": 1, "total_commits": 36, "70": 1, "59": 1, "33": 1, "3": 1, "52": 1, "57": 1, "65": 1, "47": 1, "55": 1, "45": 1, "61": 1, "64": 1, "68": 1, "58": 1, "41": 1, "62": 1, "60": 1, "48": 1, "69": 1, "50": 1, "56": 1, "67": 1, "53": 1, "63": 1, "54": 1, "44": 1, "49": 1, "166": 1, "246": 1, "213": 1, "244": 1, "247": 1, "162": 1, "210": 1, "245": 1}, "65": {"69": 1, "total_commits": 49, "44": 1, "49": 1, "67": 1, "70": 1, "3": 2, "52": 1, "54": 1, "57": 1, "47": 1, "45": 1, "51": 1, "66": 1, "61": 1, "64": 1, "59": 1, "33": 1, "68": 1, "58": 2, "41": 1, "55": 1, "48": 1, "50": 1, "56": 1, "53": 1, "63": 1, "62": 2, "60": 1, "2": 1, "81": 1, "74": 1, "7": 1, "73": 1, "75": 1, "1": 1, "72": 1, "82": 1, "78": 1, "84": 1, "83": 1, "76": 1, "85": 1, "71": 1, "79": 1, "77": 1, "80": 1}, "62": {"50": 1, "total_commits": 58, "56": 1, "53": 1, "63": 1, "60": 1, "69": 1, "44": 1, "49": 1, "67": 1, "70": 1, "59": 1, "33": 1, "3": 2, "52": 1, "54": 1, "57": 1, "65": 2, "47": 1, "55": 1, "45": 1, "51": 2, "66": 1, "61": 1, "64": 1, "68": 1, "58": 3, "41": 1, "48": 1, "2": 1, "85": 1, "71": 1, "79": 1, "77": 1, "81": 1, "74": 1, "7": 1, "73": 1, "75": 1, "1": 1, "72": 1, "82": 1, "78": 1, "84": 1, "83": 1, "80": 1, "76": 1, "160": 1, "163": 1, "165": 1, "162": 1, "164": 1, "161": 1, "166": 1}, "64": {"50": 1, "total_commits": 28, "56": 1, "53": 1, "63": 1, "54": 1, "69": 1, "44": 1, "49": 1, "67": 1, "66": 1, "70": 1, "59": 1, "33": 1, "3": 1, "52": 1, "57": 1, "65": 1, "47": 1, "55": 1, "45": 1, "51": 1, "61": 1, "68": 1, "58": 1, "41": 1, "62": 1, "60": 1, "48": 1}, "69": {"50": 1, "total_commits": 47, "67": 1, "53": 1, "63": 1, "54": 1, "44": 1, "49": 1, "51": 1, "66": 1, "70": 1, "59": 1, "33": 1, "68": 1, "3": 1, "52": 1, "65": 1, "57": 1, "41": 1, "47": 1, "55": 1, "48": 1, "45": 1, "61": 1, "56": 1, "64": 1, "58": 1, "62": 1, "60": 1, "91": 1, "81": 1, "95": 1, "89": 1, "96": 1, "100": 1, "93": 1, "88": 1, "94": 1, "90": 1, "86": 1, "101": 1, "87": 1, "92": 1, "83": 1, "98": 1, "80": 1, "97": 1, "99": 1}, "79": {"65": 1, "total_commits": 25, "84": 1, "83": 1, "80": 1, "76": 1, "2": 1, "85": 1, "71": 1, "62": 1, "77": 1, "81": 1, "74": 1, "7": 1, "73": 1, "3": 1, "75": 1, "1": 1, "72": 1, "82": 1, "78": 2, "58": 1, "101": 1, "103": 1, "102": 1}, "78": {"7": 1, "total_commits": 25, "3": 1, "65": 1, "84": 1, "75": 1, "1": 1, "76": 1, "72": 1, "82": 1, "58": 1, "62": 1, "77": 1, "83": 1, "80": 1, "2": 1, "81": 1, "74": 1, "85": 1, "71": 1, "73": 1, "79": 2, "102": 1, "101": 1, "103": 1}, "77": {"58": 1, "total_commits": 39, "62": 1, "80": 2, "2": 2, "81": 1, "74": 1, "85": 1, "71": 1, "73": 1, "79": 1, "7": 3, "82": 2, "3": 1, "78": 1, "65": 1, "84": 2, "75": 1, "83": 2, "1": 2, "76": 1, "72": 1, "51": 1, "101": 1, "105": 1, "108": 1, "111": 1, "98": 1, "99": 1, "109": 1, "110": 1, "107": 1}, "7": {"74": 1, "total_commits": 62, "73": 1, "3": 1, "75": 1, "1": 2, "72": 1, "82": 2, "78": 1, "58": 1, "65": 1, "84": 2, "83": 2, "80": 3, "76": 1, "85": 1, "71": 1, "62": 1, "79": 1, "77": 3, "2": 2, "81": 1, "51": 1, "99": 1, "109": 1, "110": 1, "98": 1, "107": 1, "101": 1, "105": 1, "108": 1, "111": 1, "143": 1, "145": 1, "153": 1, "144": 1, "6": 1, "147": 1, "13": 1, "133": 1, "149": 1, "146": 1, "12": 1, "142": 1, "134": 1, "132": 1, "125": 1, "151": 1, "148": 1, "9": 1, "152": 1, "19": 1, "10": 1, "150": 1}, "72": {"85": 1, "total_commits": 29, "71": 1, "79": 1, "81": 1, "7": 1, "73": 1, "3": 1, "65": 1, "75": 1, "1": 1, "76": 1, "82": 1, "78": 1, "58": 1, "84": 1, "62": 1, "77": 1, "83": 1, "80": 1, "2": 1, "74": 1, "117": 1, "87": 2, "90": 2, "213": 1, "116": 1, "260": 1}, "73": {"85": 1, "total_commits": 27, "71": 1, "62": 1, "79": 1, "77": 1, "81": 1, "74": 1, "7": 1, "3": 1, "65": 1, "75": 1, "1": 1, "72": 1, "82": 1, "78": 1, "58": 1, "84": 1, "83": 1, "80": 1, "76": 1, "2": 1, "112": 1, "113": 1, "70": 1, "91": 1, "213": 1, "88": 1}, "83": {"72": 1, "total_commits": 52, "85": 1, "71": 1, "62": 1, "77": 2, "80": 3, "2": 1, "81": 2, "74": 1, "7": 2, "73": 1, "3": 1, "79": 1, "82": 1, "78": 1, "58": 1, "65": 1, "84": 1, "75": 1, "1": 1, "76": 1, "91": 1, "101": 2, "92": 1, "98": 2, "97": 1, "69": 1, "95": 1, "100": 1, "89": 1, "96": 1, "94": 1, "90": 1, "86": 1, "87": 1, "93": 1, "99": 2, "88": 1, "109": 1, "107": 1, "105": 1, "108": 1, "111": 1, "110": 1}, "75": {"85": 1, "total_commits": 21, "71": 1, "62": 1, "77": 1, "80": 1, "2": 1, "81": 1, "74": 1, "7": 1, "73": 1, "3": 1, "79": 1, "82": 1, "78": 1, "58": 1, "65": 1, "84": 1, "83": 1, "1": 1, "76": 1, "72": 1}, "74": {"2": 1, "total_commits": 21, "81": 1, "85": 1, "71": 1, "73": 1, "79": 1, "7": 1, "82": 1, "3": 1, "78": 1, "65": 1, "84": 1, "75": 1, "83": 1, "1": 1, "76": 1, "72": 1, "58": 1, "62": 1, "77": 1, "80": 1}, "84": {"72": 1, "total_commits": 27, "85": 1, "71": 1, "62": 1, "77": 2, "80": 1, "2": 2, "81": 1, "74": 1, "7": 2, "73": 1, "79": 1, "82": 2, "3": 1, "78": 1, "58": 1, "65": 1, "75": 1, "83": 1, "1": 2, "76": 1, "51": 1}, "1": {"72": 1, "total_commits": 29, "82": 2, "78": 1, "58": 1, "65": 1, "84": 2, "83": 1, "76": 1, "85": 1, "71": 1, "62": 1, "77": 2, "80": 1, "2": 3, "81": 1, "74": 1, "7": 2, "73": 1, "3": 2, "79": 1, "75": 1, "51": 1}, "82": {"2": 2, "total_commits": 33, "81": 3, "74": 1, "7": 2, "73": 1, "3": 1, "79": 1, "78": 1, "58": 1, "65": 1, "84": 2, "75": 1, "83": 1, "1": 2, "76": 1, "72": 1, "85": 1, "71": 1, "62": 1, "77": 2, "80": 2, "51": 1, "140": 1, "12": 1, "127": 1}, "81": {"72": 1, "total_commits": 67, "82": 3, "78": 1, "58": 1, "84": 1, "62": 1, "83": 2, "80": 3, "2": 1, "74": 1, "85": 1, "71": 1, "79": 1, "77": 1, "7": 1, "73": 1, "3": 1, "65": 1, "75": 1, "1": 1, "76": 1, "88": 1, "94": 1, "90": 1, "86": 1, "101": 1, "87": 1, "92": 1, "98": 1, "97": 1, "99": 1, "91": 1, "89": 1, "69": 1, "96": 1, "95": 1, "100": 1, "93": 1, "132": 1, "125": 1, "12": 2, "68": 1, "140": 2, "139": 1, "130": 1, "134": 1, "126": 1, "137": 1, "129": 1, "135": 1, "133": 1, "67": 1, "127": 2, "128": 1, "131": 1, "141": 1, "138": 1, "13": 1, "136": 1}, "80": {"2": 1, "total_commits": 80, "81": 3, "74": 1, "85": 1, "71": 1, "73": 1, "79": 1, "7": 3, "82": 2, "3": 1, "78": 1, "65": 1, "84": 1, "75": 1, "83": 3, "1": 1, "76": 1, "72": 1, "58": 1, "62": 1, "77": 2, "69": 1, "91": 1, "95": 1, "89": 1, "96": 1, "94": 1, "100": 1, "93": 1, "88": 1, "90": 1, "86": 1, "101": 2, "87": 1, "92": 1, "98": 2, "97": 1, "99": 2, "109": 1, "110": 1, "107": 1, "105": 1, "108": 1, "111": 1, "150": 1, "143": 1, "152": 1, "144": 1, "10": 1, "6": 1, "147": 1, "133": 1, "149": 1, "146": 1, "145": 1, "153": 1, "12": 2, "13": 1, "134": 1, "132": 1, "125": 1, "151": 1, "148": 1, "9": 1, "142": 1, "19": 1, "140": 1, "127": 1}, "85": {"81": 1, "total_commits": 21, "7": 1, "73": 1, "3": 1, "65": 1, "75": 1, "1": 1, "76": 1, "72": 1, "82": 1, "78": 1, "58": 1, "84": 1, "83": 1, "80": 1, "2": 1, "74": 1, "71": 1, "62": 1, "79": 1, "77": 1}, "2": {"81": 1, "total_commits": 29, "74": 1, "85": 1, "71": 1, "73": 1, "79": 1, "7": 2, "3": 2, "78": 1, "65": 1, "84": 2, "75": 1, "1": 3, "76": 1, "72": 1, "82": 2, "58": 1, "62": 1, "77": 2, "83": 1, "80": 1, "51": 1}, "76": {"81": 1, "total_commits": 21, "74": 1, "7": 1, "73": 1, "3": 1, "75": 1, "1": 1, "72": 1, "82": 1, "78": 1, "58": 1, "65": 1, "84": 1, "83": 1, "80": 1, "2": 1, "85": 1, "71": 1, "62": 1, "79": 1, "77": 1}, "71": {"7": 1, "total_commits": 26, "82": 1, "3": 1, "78": 1, "65": 1, "84": 1, "75": 1, "83": 1, "1": 1, "76": 1, "72": 1, "58": 1, "62": 1, "77": 1, "80": 1, "2": 1, "81": 1, "74": 1, "85": 1, "73": 1, "79": 1, "119": 1, "89": 1, "120": 1, "86": 1, "260": 1}, "96": {"95": 3, "total_commits": 69, "100": 1, "89": 3, "94": 1, "93": 1, "83": 1, "88": 1, "91": 3, "90": 3, "86": 1, "101": 1, "87": 1, "92": 1, "98": 1, "80": 1, "97": 3, "99": 1, "69": 1, "81": 1, "31": 2, "23": 1, "48": 2, "113": 1, "70": 1, "54": 2, "104": 1, "56": 2, "112": 1, "196": 1, "218": 1, "215": 1, "12": 1, "158": 1, "198": 1, "180": 1, "14": 1, "179": 1, "181": 1, "213": 1, "134": 1, "140": 1, "130": 1, "126": 1, "133": 1, "127": 1, "3": 1, "13": 1, "30": 1, "216": 1, "155": 1, "217": 1, "51": 1, "136": 1, "132": 1, "214": 1}, "88": {"86": 1, "total_commits": 25, "101": 1, "87": 1, "92": 1, "98": 1, "80": 1, "97": 1, "99": 1, "69": 1, "81": 1, "95": 1, "100": 1, "89": 1, "96": 1, "94": 1, "93": 1, "83": 1, "91": 2, "90": 1, "73": 1, "112": 1, "113": 1, "70": 1, "213": 1}, "94": {"100": 1, "total_commits": 19, "96": 1, "88": 1, "90": 1, "86": 1, "101": 1, "87": 1, "92": 1, "93": 1, "83": 1, "80": 1, "99": 1, "91": 1, "98": 1, "97": 1, "89": 1, "69": 1, "81": 1, "95": 1}, "100": {"93": 1, "total_commits": 19, "83": 1, "88": 1, "94": 1, "90": 1, "86": 1, "101": 1, "87": 1, "92": 1, "98": 1, "80": 1, "97": 1, "99": 1, "69": 1, "91": 1, "81": 1, "95": 1, "89": 1, "96": 1}, "90": {"89": 3, "total_commits": 77, "69": 1, "81": 1, "95": 3, "100": 1, "96": 3, "94": 1, "86": 1, "87": 3, "92": 1, "93": 1, "83": 1, "99": 1, "88": 1, "91": 3, "101": 1, "98": 1, "80": 1, "97": 3, "54": 2, "104": 1, "56": 2, "23": 1, "113": 1, "112": 1, "31": 2, "48": 2, "70": 1, "3": 1, "13": 1, "181": 1, "213": 2, "134": 1, "130": 1, "126": 1, "217": 1, "136": 1, "133": 1, "127": 1, "30": 1, "216": 1, "158": 1, "155": 1, "51": 1, "198": 1, "132": 1, "179": 1, "214": 1, "196": 1, "218": 1, "215": 1, "12": 1, "140": 1, "180": 1, "14": 1, "116": 1, "72": 2, "117": 1, "260": 1}, "92": {"86": 1, "total_commits": 19, "87": 1, "93": 1, "83": 1, "99": 1, "88": 1, "91": 1, "101": 1, "98": 1, "80": 1, "97": 1, "69": 1, "81": 1, "95": 1, "100": 1, "89": 1, "96": 1, "94": 1, "90": 1}, "93": {"94": 1, "total_commits": 19, "90": 1, "86": 1, "87": 1, "83": 1, "99": 1, "88": 1, "91": 1, "101": 1, "92": 1, "98": 1, "80": 1, "97": 1, "69": 1, "81": 1, "95": 1, "100": 1, "89": 1, "96": 1}, "98": {"81": 1, "total_commits": 31, "89": 1, "69": 1, "96": 1, "95": 1, "100": 1, "93": 1, "88": 1, "94": 1, "90": 1, "86": 1, "101": 2, "87": 1, "92": 1, "83": 2, "80": 2, "97": 1, "99": 2, "91": 1, "107": 1, "105": 1, "108": 1, "111": 1, "77": 1, "7": 1, "109": 1, "110": 1}, "86": {"98": 1, "total_commits": 24, "80": 1, "97": 1, "89": 2, "69": 1, "81": 1, "95": 1, "100": 1, "96": 1, "94": 1, "90": 1, "101": 1, "87": 1, "92": 1, "93": 1, "83": 1, "99": 1, "88": 1, "91": 1, "119": 1, "120": 1, "71": 1, "260": 1}, "101": {"97": 1, "total_commits": 35, "89": 1, "69": 1, "96": 1, "81": 1, "95": 1, "100": 1, "93": 1, "88": 1, "94": 1, "90": 1, "86": 1, "87": 1, "92": 1, "83": 2, "98": 2, "80": 2, "99": 2, "91": 1, "103": 1, "102": 1, "79": 1, "78": 1, "110": 1, "107": 1, "105": 1, "108": 1, "111": 1, "7": 1, "109": 1, "77": 1}, "87": {"81": 1, "total_commits": 27, "95": 1, "100": 1, "96": 1, "94": 1, "90": 3, "86": 1, "101": 1, "92": 1, "93": 1, "83": 1, "99": 1, "88": 1, "91": 1, "98": 1, "80": 1, "97": 1, "89": 1, "69": 1, "213": 1, "116": 1, "72": 2, "117": 1, "260": 1}, "99": {"100": 1, "total_commits": 31, "89": 1, "96": 1, "94": 1, "90": 1, "87": 1, "93": 1, "83": 2, "88": 1, "91": 1, "86": 1, "101": 2, "92": 1, "98": 2, "80": 2, "97": 1, "69": 1, "81": 1, "95": 1, "105": 1, "7": 1, "111": 1, "77": 1, "110": 1, "109": 1, "107": 1, "108": 1}, "97": {"90": 3, "total_commits": 69, "86": 1, "101": 1, "87": 1, "92": 1, "93": 1, "83": 1, "98": 1, "80": 1, "99": 1, "91": 3, "89": 3, "69": 1, "96": 3, "81": 1, "95": 3, "100": 1, "88": 1, "94": 1, "48": 2, "70": 1, "54": 2, "104": 1, "112": 1, "56": 2, "23": 1, "113": 1, "31": 2, "51": 1, "198": 1, "180": 1, "14": 1, "132": 1, "179": 1, "181": 1, "196": 1, "215": 1, "12": 1, "140": 1, "130": 1, "127": 1, "3": 1, "13": 1, "213": 1, "30": 1, "134": 1, "216": 1, "126": 1, "217": 1, "136": 1, "133": 1, "214": 1, "218": 1, "158": 1, "155": 1}, "95": {"88": 1, "total_commits": 69, "94": 1, "90": 3, "86": 1, "101": 1, "87": 1, "92": 1, "83": 1, "98": 1, "80": 1, "97": 3, "99": 1, "91": 3, "89": 3, "69": 1, "96": 3, "81": 1, "100": 1, "93": 1, "56": 2, "23": 1, "113": 1, "31": 2, "48": 2, "70": 1, "54": 2, "104": 1, "112": 1, "12": 1, "140": 1, "130": 1, "126": 1, "127": 1, "3": 1, "13": 1, "213": 1, "30": 1, "134": 1, "216": 1, "217": 1, "136": 1, "133": 1, "214": 1, "218": 1, "158": 1, "155": 1, "51": 1, "198": 1, "180": 1, "14": 1, "132": 1, "179": 1, "181": 1, "196": 1, "215": 1}, "89": {"101": 1, "total_commits": 74, "98": 1, "80": 1, "97": 3, "69": 1, "81": 1, "95": 3, "100": 1, "96": 3, "94": 1, "90": 3, "86": 2, "87": 1, "92": 1, "93": 1, "83": 1, "99": 1, "88": 1, "91": 3, "56": 2, "23": 1, "113": 1, "112": 1, "31": 2, "48": 2, "70": 1, "54": 2, "104": 1, "196": 1, "218": 1, "215": 1, "12": 1, "140": 1, "180": 1, "14": 1, "3": 1, "13": 1, "181": 1, "213": 1, "134": 1, "130": 1, "126": 1, "217": 1, "136": 1, "133": 1, "127": 1, "30": 1, "216": 1, "158": 1, "155": 1, "51": 1, "198": 1, "132": 1, "179": 1, "214": 1, "119": 1, "120": 1, "71": 1, "260": 1}, "91": {"101": 1, "total_commits": 75, "98": 1, "80": 1, "97": 3, "89": 3, "69": 1, "81": 1, "95": 3, "100": 1, "96": 3, "94": 1, "90": 3, "86": 1, "87": 1, "92": 1, "93": 1, "83": 1, "99": 1, "88": 2, "54": 2, "104": 1, "56": 2, "23": 1, "113": 2, "112": 2, "31": 2, "48": 2, "70": 2, "180": 1, "14": 1, "3": 1, "13": 1, "181": 1, "213": 2, "134": 1, "130": 1, "126": 1, "217": 1, "136": 1, "133": 1, "127": 1, "30": 1, "216": 1, "158": 1, "155": 1, "51": 1, "198": 1, "132": 1, "179": 1, "214": 1, "196": 1, "218": 1, "215": 1, "12": 1, "140": 1, "73": 1}, "103": {"79": 1, "total_commits": 4, "78": 1, "102": 1, "101": 1}, "102": {"101": 1, "total_commits": 4, "103": 1, "79": 1, "78": 1}, "104": {"106": 1, "total_commits": 17, "105": 1, "107": 1, "95": 1, "31": 1, "23": 1, "48": 1, "113": 1, "70": 1, "90": 1, "97": 1, "91": 1, "54": 1, "56": 1, "89": 1, "96": 1, "112": 1}, "105": {"104": 1, "total_commits": 15, "107": 2, "106": 1, "109": 1, "108": 1, "83": 1, "101": 1, "99": 1, "7": 1, "111": 1, "77": 1, "110": 1, "98": 1, "80": 1}, "107": {"106": 1, "total_commits": 15, "105": 2, "104": 1, "80": 1, "108": 1, "111": 1, "83": 1, "101": 1, "99": 1, "7": 1, "109": 1, "77": 1, "110": 1, "98": 1}, "106": {"105": 1, "total_commits": 3, "104": 1, "107": 1}, "108": {"7": 1, "total_commits": 12, "77": 1, "110": 1, "98": 1, "80": 1, "109": 1, "107": 1, "105": 1, "111": 1, "83": 1, "101": 1, "99": 1}, "111": {"101": 1, "total_commits": 12, "105": 1, "108": 1, "77": 1, "83": 1, "98": 1, "80": 1, "99": 1, "7": 1, "109": 1, "110": 1, "107": 1}, "110": {"107": 1, "total_commits": 12, "105": 1, "108": 1, "111": 1, "83": 1, "101": 1, "99": 1, "7": 1, "109": 1, "77": 1, "98": 1, "80": 1}, "109": {"101": 1, "total_commits": 12, "105": 1, "108": 1, "111": 1, "77": 1, "83": 1, "98": 1, "80": 1, "99": 1, "7": 1, "110": 1, "107": 1}, "113": {"23": 1, "total_commits": 28, "95": 1, "31": 1, "48": 1, "97": 1, "70": 3, "54": 1, "90": 1, "91": 2, "89": 1, "104": 1, "96": 1, "112": 3, "56": 1, "120": 1, "117": 1, "68": 1, "116": 1, "119": 1, "67": 1, "73": 1, "213": 1, "88": 1}, "112": {"48": 1, "total_commits": 28, "70": 3, "90": 1, "97": 1, "91": 2, "54": 1, "89": 1, "104": 1, "56": 1, "23": 1, "96": 1, "113": 3, "95": 1, "31": 1, "67": 1, "120": 1, "117": 1, "68": 1, "116": 1, "119": 1, "88": 1, "73": 1, "213": 1}, "115": {"117": 1, "total_commits": 4, "68": 1, "116": 1, "58": 1}, "117": {"116": 4, "total_commits": 19, "58": 1, "115": 1, "68": 2, "119": 1, "67": 1, "120": 1, "112": 1, "113": 1, "70": 1, "72": 1, "87": 1, "90": 1, "213": 1, "260": 1}, "116": {"68": 2, "total_commits": 19, "58": 1, "115": 1, "117": 4, "112": 1, "70": 1, "113": 1, "119": 1, "67": 1, "120": 1, "90": 1, "213": 1, "72": 1, "87": 1, "260": 1}, "119": {"67": 2, "total_commits": 15, "120": 3, "70": 1, "68": 1, "113": 1, "116": 1, "117": 1, "112": 1, "89": 1, "71": 1, "86": 1, "260": 1}, "120": {"119": 3, "total_commits": 15, "67": 2, "117": 1, "112": 1, "113": 1, "70": 1, "68": 1, "116": 1, "71": 1, "86": 1, "260": 1, "89": 1}, "123": {"122": 1, "total_commits": 3, "121": 1, "124": 1}, "124": {"122": 1, "total_commits": 3, "121": 1, "123": 1}, "122": {"124": 1, "total_commits": 3, "123": 1, "121": 1}, "121": {"122": 1, "total_commits": 3, "124": 1, "123": 1}, "138": {"127": 1, "total_commits": 34, "128": 1, "131": 1, "141": 2, "13": 1, "136": 1, "133": 1, "12": 1, "68": 1, "140": 3, "139": 1, "130": 1, "134": 1, "132": 2, "125": 1, "126": 1, "137": 1, "129": 2, "135": 2, "81": 1, "67": 1, "159": 1, "17": 1, "157": 2, "158": 1, "19": 1, "154": 1}, "13": {"81": 1, "total_commits": 80, "67": 1, "127": 2, "128": 1, "131": 1, "141": 1, "136": 2, "133": 3, "12": 3, "68": 1, "140": 2, "139": 1, "138": 1, "130": 2, "134": 3, "132": 3, "125": 2, "126": 2, "137": 1, "129": 1, "135": 1, "143": 1, "145": 1, "153": 1, "7": 1, "6": 1, "149": 1, "146": 1, "142": 1, "80": 1, "151": 1, "148": 1, "9": 1, "152": 1, "19": 1, "144": 1, "10": 1, "150": 1, "147": 1, "158": 1, "155": 1, "51": 1, "198": 1, "180": 1, "14": 1, "179": 1, "96": 1, "181": 1, "95": 1, "31": 1, "196": 1, "215": 1, "48": 1, "3": 1, "213": 1, "30": 1, "90": 1, "91": 1, "54": 1, "216": 1, "97": 1, "217": 1, "214": 1, "56": 1, "218": 1, "89": 1}, "128": {"81": 1, "total_commits": 22, "67": 1, "127": 2, "133": 1, "131": 1, "141": 1, "138": 1, "13": 1, "136": 1, "132": 1, "125": 1, "12": 1, "68": 1, "140": 1, "139": 1, "130": 1, "134": 1, "126": 1, "137": 1, "129": 1, "135": 1}, "136": {"130": 2, "total_commits": 65, "126": 2, "81": 1, "137": 1, "129": 1, "67": 1, "141": 1, "135": 1, "133": 3, "127": 2, "128": 1, "12": 2, "131": 1, "68": 1, "138": 1, "13": 2, "134": 2, "132": 2, "125": 1, "140": 2, "139": 1, "95": 1, "31": 1, "196": 1, "218": 1, "215": 1, "89": 1, "158": 1, "48": 1, "198": 1, "180": 1, "14": 1, "179": 1, "96": 1, "181": 1, "213": 1, "90": 1, "91": 1, "97": 1, "3": 1, "30": 1, "56": 1, "54": 1, "216": 1, "155": 1, "217": 1, "51": 1, "214": 1, "225": 1, "220": 1, "221": 1, "224": 1, "223": 1, "210": 1, "219": 1}, "131": {"125": 1, "total_commits": 21, "133": 1, "12": 1, "68": 1, "140": 1, "139": 1, "130": 1, "134": 1, "132": 1, "126": 1, "137": 1, "129": 1, "135": 1, "81": 1, "67": 1, "127": 1, "128": 1, "141": 1, "138": 1, "13": 1, "136": 1}, "125": {"81": 1, "total_commits": 44, "67": 1, "127": 1, "128": 1, "131": 1, "141": 1, "13": 2, "136": 1, "133": 2, "12": 2, "68": 1, "140": 1, "139": 1, "138": 1, "130": 1, "134": 2, "132": 2, "126": 1, "137": 1, "129": 1, "135": 1, "143": 1, "145": 1, "153": 1, "7": 1, "6": 1, "149": 1, "146": 1, "142": 1, "80": 1, "151": 1, "148": 1, "9": 1, "152": 1, "19": 1, "144": 1, "10": 1, "150": 1, "147": 1}, "139": {"12": 1, "total_commits": 21, "131": 1, "68": 1, "138": 1, "13": 1, "136": 1, "134": 1, "132": 1, "125": 1, "140": 1, "130": 1, "126": 1, "81": 1, "137": 1, "129": 1, "67": 1, "141": 1, "135": 1, "133": 1, "127": 1, "128": 1}, "12": {"135": 1, "total_commits": 85, "126": 2, "81": 2, "137": 1, "129": 1, "67": 1, "141": 1, "13": 3, "136": 2, "133": 3, "127": 3, "128": 1, "131": 1, "68": 1, "140": 3, "138": 1, "134": 3, "132": 3, "125": 2, "139": 1, "130": 2, "150": 1, "143": 1, "145": 1, "7": 1, "152": 1, "144": 1, "6": 1, "147": 1, "149": 1, "146": 1, "153": 1, "142": 1, "151": 1, "148": 1, "9": 1, "19": 1, "80": 2, "10": 1, "3": 1, "96": 1, "181": 1, "213": 1, "90": 1, "91": 1, "97": 1, "217": 1, "30": 1, "56": 1, "54": 1, "216": 1, "158": 1, "155": 1, "51": 1, "179": 1, "214": 1, "95": 1, "31": 1, "196": 1, "218": 1, "215": 1, "89": 1, "48": 1, "198": 1, "180": 1, "14": 1, "82": 1}, "132": {"12": 3, "total_commits": 86, "131": 1, "68": 1, "140": 3, "139": 1, "138": 2, "134": 3, "125": 2, "137": 1, "130": 2, "135": 2, "126": 2, "81": 1, "129": 2, "67": 1, "128": 1, "141": 1, "13": 3, "136": 2, "133": 3, "127": 2, "142": 1, "151": 1, "148": 1, "9": 1, "19": 1, "80": 1, "10": 1, "150": 1, "143": 1, "145": 1, "7": 1, "152": 1, "144": 1, "6": 1, "147": 1, "149": 1, "146": 1, "153": 1, "198": 1, "179": 1, "214": 1, "95": 1, "31": 1, "196": 1, "215": 1, "48": 1, "180": 1, "14": 1, "3": 1, "96": 1, "181": 1, "213": 1, "90": 1, "91": 1, "97": 1, "217": 1, "30": 1, "56": 1, "218": 1, "89": 1, "54": 1, "216": 1, "158": 1, "155": 1, "51": 1, "157": 1, "154": 1}, "140": {"135": 2, "total_commits": 81, "133": 2, "127": 3, "128": 1, "12": 3, "131": 1, "138": 3, "13": 2, "136": 2, "134": 2, "132": 3, "125": 1, "68": 1, "139": 1, "130": 2, "126": 2, "81": 2, "137": 1, "129": 2, "67": 1, "141": 2, "159": 1, "17": 1, "157": 2, "158": 2, "19": 1, "3": 2, "30": 1, "90": 1, "91": 1, "54": 1, "216": 1, "155": 1, "217": 1, "51": 1, "214": 1, "196": 1, "56": 1, "218": 1, "89": 1, "198": 1, "180": 1, "14": 1, "179": 1, "96": 1, "181": 1, "95": 1, "213": 1, "31": 1, "215": 1, "48": 1, "97": 1, "82": 1, "80": 1, "8": 1, "220": 1, "221": 1, "222": 1, "219": 1, "154": 1}, "134": {"141": 1, "total_commits": 80, "135": 1, "136": 2, "133": 3, "127": 2, "128": 1, "12": 3, "131": 1, "68": 1, "138": 1, "13": 3, "132": 3, "125": 2, "140": 2, "139": 1, "130": 2, "126": 2, "81": 1, "137": 1, "129": 1, "67": 1, "152": 1, "144": 1, "10": 1, "6": 1, "147": 1, "149": 1, "146": 1, "153": 1, "142": 1, "151": 1, "148": 1, "9": 1, "19": 1, "80": 1, "150": 1, "143": 1, "145": 1, "7": 1, "54": 1, "216": 1, "155": 1, "217": 1, "51": 1, "214": 1, "95": 1, "31": 1, "196": 1, "218": 1, "215": 1, "89": 1, "158": 1, "48": 1, "198": 1, "180": 1, "14": 1, "179": 1, "96": 1, "181": 1, "213": 1, "90": 1, "91": 1, "97": 1, "3": 1, "30": 1, "56": 1}, "127": {"13": 2, "total_commits": 63, "136": 2, "133": 2, "128": 2, "12": 3, "131": 1, "68": 1, "140": 3, "139": 1, "138": 1, "134": 2, "132": 2, "125": 1, "130": 2, "135": 1, "126": 2, "81": 2, "137": 1, "129": 1, "67": 1, "141": 1, "48": 1, "180": 1, "14": 1, "3": 1, "96": 1, "181": 1, "213": 1, "90": 1, "91": 1, "97": 1, "217": 1, "30": 1, "56": 1, "89": 1, "54": 1, "216": 1, "158": 1, "155": 1, "51": 1, "198": 1, "179": 1, "214": 1, "95": 1, "31": 1, "196": 1, "218": 1, "215": 1, "80": 1, "82": 1}, "126": {"133": 2, "total_commits": 57, "127": 2, "128": 1, "12": 2, "131": 1, "138": 1, "13": 2, "136": 2, "134": 2, "132": 2, "125": 1, "68": 1, "140": 2, "139": 1, "130": 2, "81": 1, "137": 1, "129": 1, "67": 1, "141": 1, "135": 1, "181": 1, "95": 1, "213": 1, "31": 1, "215": 1, "48": 1, "97": 1, "3": 1, "30": 1, "90": 1, "91": 1, "54": 1, "216": 1, "155": 1, "217": 1, "214": 1, "196": 1, "56": 1, "218": 1, "89": 1, "158": 1, "51": 1, "198": 1, "180": 1, "14": 1, "179": 1, "96": 1}, "133": {"127": 2, "total_commits": 88, "128": 1, "12": 3, "131": 1, "68": 1, "140": 2, "138": 1, "134": 3, "132": 3, "125": 2, "139": 1, "130": 2, "135": 1, "126": 2, "81": 1, "137": 1, "129": 1, "67": 1, "141": 1, "13": 3, "136": 3, "149": 1, "146": 1, "153": 1, "142": 1, "151": 1, "148": 1, "9": 1, "19": 1, "80": 1, "10": 1, "150": 1, "143": 1, "145": 1, "7": 1, "152": 1, "144": 1, "6": 1, "147": 1, "30": 1, "56": 1, "54": 1, "216": 1, "158": 1, "155": 1, "51": 1, "198": 1, "179": 1, "214": 1, "95": 1, "31": 1, "196": 1, "218": 1, "215": 1, "89": 1, "48": 1, "180": 1, "14": 1, "3": 1, "96": 1, "181": 1, "213": 1, "90": 1, "91": 1, "97": 1, "217": 1, "221": 1, "220": 1, "224": 1, "223": 1, "210": 1, "219": 1, "225": 1}, "137": {"126": 1, "total_commits": 21, "129": 1, "135": 1, "133": 1, "81": 1, "67": 1, "127": 1, "128": 1, "131": 1, "141": 1, "138": 1, "13": 1, "136": 1, "132": 1, "125": 1, "12": 1, "68": 1, "140": 1, "139": 1, "130": 1, "134": 1}, "129": {"130": 1, "total_commits": 27, "134": 1, "132": 2, "126": 1, "137": 1, "135": 2, "133": 1, "81": 1, "67": 1, "127": 1, "128": 1, "131": 1, "141": 1, "138": 2, "13": 1, "136": 1, "125": 1, "12": 1, "68": 1, "140": 2, "139": 1, "157": 1, "154": 1}, "135": {"127": 1, "total_commits": 27, "12": 1, "68": 1, "140": 2, "139": 1, "138": 2, "130": 1, "134": 1, "132": 2, "125": 1, "137": 1, "129": 2, "126": 1, "81": 1, "67": 1, "128": 1, "131": 1, "141": 1, "13": 1, "136": 1, "133": 1, "157": 1, "154": 1}, "141": {"140": 2, "total_commits": 28, "139": 1, "130": 1, "126": 1, "81": 1, "137": 1, "129": 1, "67": 1, "135": 1, "133": 1, "127": 1, "128": 1, "12": 1, "131": 1, "68": 1, "138": 2, "13": 1, "136": 1, "134": 1, "132": 1, "125": 1, "17": 1, "157": 1, "158": 1, "19": 1, "159": 1}, "130": {"135": 1, "total_commits": 57, "133": 2, "127": 2, "128": 1, "12": 2, "131": 1, "68": 1, "138": 1, "13": 2, "136": 2, "134": 2, "132": 2, "125": 1, "140": 2, "139": 1, "126": 2, "81": 1, "137": 1, "129": 1, "67": 1, "141": 1, "89": 1, "158": 1, "48": 1, "198": 1, "180": 1, "14": 1, "179": 1, "96": 1, "181": 1, "213": 1, "91": 1, "97": 1, "3": 1, "30": 1, "90": 1, "56": 1, "54": 1, "216": 1, "155": 1, "217": 1, "51": 1, "214": 1, "95": 1, "31": 1, "196": 1, "218": 1, "215": 1}, "146": {"142": 1, "total_commits": 35, "80": 1, "134": 1, "132": 1, "151": 1, "148": 1, "9": 1, "152": 2, "19": 1, "144": 1, "10": 1, "150": 1, "147": 1, "143": 2, "145": 1, "153": 1, "7": 1, "6": 2, "13": 1, "125": 1, "133": 1, "149": 2, "12": 1, "175": 1, "11": 1, "261": 2, "262": 2, "263": 1, "253": 1}, "9": {"144": 1, "total_commits": 23, "6": 1, "147": 1, "13": 1, "133": 1, "149": 1, "146": 1, "12": 1, "142": 1, "80": 1, "134": 1, "132": 1, "125": 1, "151": 1, "148": 1, "152": 1, "19": 1, "10": 1, "150": 1, "143": 1, "145": 1, "153": 1, "7": 1}, "151": {"9": 1, "total_commits": 23, "19": 1, "80": 1, "10": 1, "150": 1, "143": 1, "145": 1, "7": 1, "152": 1, "144": 1, "6": 1, "147": 1, "13": 1, "133": 1, "149": 1, "146": 1, "153": 1, "12": 1, "142": 1, "134": 1, "132": 1, "125": 1, "148": 1}, "153": {"150": 1, "total_commits": 23, "147": 1, "143": 1, "145": 1, "7": 1, "6": 1, "13": 1, "133": 1, "149": 1, "146": 1, "12": 1, "142": 1, "80": 1, "134": 1, "132": 1, "125": 1, "151": 1, "148": 1, "9": 1, "152": 1, "144": 1, "19": 1, "10": 1}, "144": {"13": 1, "total_commits": 34, "132": 1, "125": 1, "151": 1, "12": 1, "142": 2, "19": 1, "80": 1, "134": 1, "148": 2, "9": 1, "152": 1, "10": 1, "150": 2, "147": 2, "133": 1, "149": 1, "146": 1, "143": 1, "145": 2, "153": 1, "7": 1, "6": 1, "211": 1, "221": 1, "246": 1, "248": 1, "249": 1, "250": 1}, "149": {"146": 2, "total_commits": 29, "145": 1, "153": 1, "7": 1, "12": 1, "13": 1, "134": 1, "132": 1, "125": 1, "151": 1, "148": 1, "9": 1, "142": 1, "19": 1, "80": 1, "143": 2, "152": 1, "144": 1, "10": 1, "150": 1, "6": 1, "147": 1, "133": 1, "261": 1, "263": 1, "253": 1, "262": 1}, "152": {"133": 1, "total_commits": 29, "149": 1, "146": 2, "153": 1, "12": 1, "142": 1, "134": 1, "132": 1, "125": 1, "151": 1, "148": 1, "9": 1, "19": 1, "80": 1, "10": 1, "150": 1, "143": 1, "145": 1, "7": 1, "144": 1, "6": 2, "147": 1, "13": 1, "175": 1, "11": 1, "261": 1, "262": 1}, "10": {"148": 1, "total_commits": 23, "152": 1, "144": 1, "150": 1, "6": 1, "147": 1, "133": 1, "149": 1, "146": 1, "143": 1, "145": 1, "153": 1, "7": 1, "12": 1, "13": 1, "134": 1, "132": 1, "125": 1, "151": 1, "9": 1, "142": 1, "19": 1, "80": 1}, "147": {"134": 1, "total_commits": 52, "132": 1, "125": 1, "151": 1, "148": 2, "9": 1, "19": 1, "80": 1, "10": 1, "150": 2, "143": 1, "145": 5, "7": 1, "152": 1, "144": 2, "6": 1, "13": 1, "133": 1, "149": 1, "146": 1, "153": 1, "12": 1, "142": 2, "211": 1, "221": 1, "248": 2, "250": 3, "246": 1, "249": 3, "166": 3, "164": 3, "251": 1, "258": 1, "58": 1, "259": 1}, "150": {"6": 1, "total_commits": 34, "13": 1, "133": 1, "149": 1, "146": 1, "12": 1, "142": 2, "80": 1, "134": 1, "132": 1, "125": 1, "151": 1, "148": 2, "9": 1, "152": 1, "19": 1, "10": 1, "147": 2, "143": 1, "145": 2, "153": 1, "7": 1, "144": 2, "248": 1, "249": 1, "250": 1, "211": 1, "221": 1, "246": 1}, "148": {"6": 1, "total_commits": 34, "147": 2, "13": 1, "133": 1, "149": 1, "146": 1, "153": 1, "12": 1, "142": 2, "134": 1, "132": 1, "125": 1, "151": 1, "9": 1, "19": 1, "80": 1, "10": 1, "150": 2, "143": 1, "145": 2, "7": 1, "152": 1, "144": 2, "221": 1, "248": 1, "250": 1, "246": 1, "249": 1, "211": 1}, "142": {"149": 1, "total_commits": 34, "146": 1, "153": 1, "12": 1, "134": 1, "132": 1, "125": 1, "151": 1, "148": 2, "9": 1, "19": 1, "80": 1, "10": 1, "150": 2, "143": 1, "145": 2, "7": 1, "152": 1, "144": 2, "6": 1, "147": 2, "13": 1, "133": 1, "211": 1, "221": 1, "248": 1, "250": 1, "246": 1, "249": 1}, "143": {"12": 1, "total_commits": 29, "142": 1, "80": 1, "134": 1, "132": 1, "125": 1, "151": 1, "148": 1, "9": 1, "152": 1, "19": 1, "10": 1, "150": 1, "145": 1, "153": 1, "7": 1, "144": 1, "6": 1, "147": 1, "13": 1, "133": 1, "149": 2, "146": 2, "263": 1, "253": 1, "261": 1, "262": 1}, "145": {"143": 1, "total_commits": 53, "7": 1, "152": 1, "144": 2, "10": 1, "6": 1, "147": 5, "133": 1, "149": 1, "146": 1, "153": 1, "12": 1, "142": 2, "13": 1, "134": 1, "132": 1, "125": 1, "151": 1, "148": 2, "9": 1, "19": 1, "80": 1, "150": 2, "221": 1, "250": 2, "246": 2, "248": 3, "249": 4, "211": 1, "164": 3, "251": 1, "258": 1, "58": 1, "259": 1, "166": 2}, "6": {"143": 1, "total_commits": 29, "152": 2, "144": 1, "10": 1, "147": 1, "133": 1, "149": 1, "146": 2, "145": 1, "153": 1, "7": 1, "12": 1, "142": 1, "13": 1, "134": 1, "132": 1, "125": 1, "151": 1, "148": 1, "9": 1, "19": 1, "80": 1, "150": 1, "175": 1, "11": 1, "261": 1, "262": 1}, "156": {"154": 1, "total_commits": 2, "155": 1}, "154": {"156": 1, "total_commits": 8, "155": 1, "132": 1, "157": 1, "140": 1, "135": 1, "129": 1, "138": 1}, "155": {"154": 1, "total_commits": 38, "156": 1, "133": 1, "127": 1, "3": 1, "13": 1, "30": 1, "90": 1, "91": 1, "54": 1, "216": 1, "217": 1, "51": 1, "136": 1, "132": 1, "214": 1, "196": 1, "56": 1, "218": 1, "89": 1, "12": 1, "158": 1, "198": 1, "180": 1, "14": 1, "179": 1, "96": 1, "181": 1, "95": 1, "213": 1, "31": 1, "215": 1, "134": 1, "140": 1, "48": 1, "97": 1, "130": 1, "126": 1}, "158": {"17": 1, "total_commits": 43, "140": 2, "19": 1, "138": 1, "141": 1, "159": 1, "157": 1, "13": 1, "213": 1, "30": 1, "90": 1, "134": 1, "91": 1, "216": 1, "97": 1, "217": 1, "136": 1, "133": 1, "214": 1, "56": 1, "218": 1, "89": 1, "54": 1, "155": 1, "51": 1, "198": 1, "180": 1, "14": 1, "132": 1, "179": 1, "96": 1, "181": 1, "95": 1, "31": 1, "196": 1, "215": 1, "12": 1, "48": 1, "130": 1, "126": 1, "127": 1, "3": 1}, "159": {"17": 1, "total_commits": 7, "157": 1, "158": 1, "140": 1, "19": 1, "138": 1, "141": 1}, "157": {"138": 2, "total_commits": 13, "159": 1, "141": 1, "17": 1, "158": 1, "140": 2, "19": 1, "129": 1, "132": 1, "154": 1, "135": 1}, "160": {"161": 1, "total_commits": 9, "166": 1, "163": 1, "165": 1, "58": 1, "162": 1, "62": 1, "51": 1, "164": 1}, "165": {"161": 1, "total_commits": 9, "166": 1, "51": 1, "160": 1, "163": 1, "58": 1, "162": 1, "62": 1, "164": 1}, "164": {"165": 1, "total_commits": 26, "162": 1, "62": 1, "51": 1, "161": 1, "166": 4, "163": 1, "160": 1, "58": 2, "147": 3, "249": 2, "145": 3, "251": 1, "250": 1, "248": 1, "259": 1, "258": 1}, "166": {"165": 1, "total_commits": 38, "58": 2, "162": 2, "62": 1, "51": 1, "164": 4, "161": 1, "160": 1, "163": 1, "211": 1, "45": 1, "210": 2, "169": 1, "212": 1, "203": 1, "245": 1, "246": 1, "213": 1, "244": 1, "247": 1, "66": 1, "147": 3, "250": 2, "258": 1, "248": 1, "249": 1, "259": 1, "145": 2}, "163": {"165": 1, "total_commits": 9, "58": 1, "162": 1, "164": 1, "161": 1, "166": 1, "62": 1, "51": 1, "160": 1}, "162": {"163": 1, "total_commits": 17, "160": 1, "165": 1, "58": 1, "161": 1, "166": 2, "62": 1, "51": 1, "164": 1, "245": 1, "246": 1, "213": 1, "244": 1, "247": 1, "210": 1, "66": 1}, "161": {"160": 1, "total_commits": 9, "163": 1, "165": 1, "58": 1, "162": 1, "62": 1, "51": 1, "164": 1, "166": 1}, "169": {"174": 1, "total_commits": 19, "173": 1, "170": 1, "175": 1, "167": 2, "171": 1, "11": 2, "168": 2, "15": 2, "172": 1, "166": 1, "212": 1, "203": 1, "201": 1, "45": 1}, "168": {"172": 1, "total_commits": 63, "169": 2, "167": 5, "11": 5, "174": 3, "173": 2, "170": 1, "175": 2, "171": 1, "15": 4, "190": 1, "186": 1, "45": 3, "176": 1, "189": 1, "177": 1, "183": 1, "184": 1, "188": 1, "179": 1, "187": 1, "180": 1, "181": 2, "185": 1, "38": 1, "182": 1, "178": 1, "196": 1, "208": 1, "4": 1, "209": 1, "197": 1, "202": 1, "206": 1, "199": 1, "204": 1, "198": 1, "205": 1, "207": 1, "203": 1, "195": 1, "200": 1, "201": 2}, "15": {"175": 1, "total_commits": 41, "169": 2, "167": 4, "171": 1, "172": 1, "11": 4, "168": 4, "174": 2, "173": 1, "170": 1, "195": 1, "196": 1, "200": 1, "4": 1, "181": 1, "197": 1, "206": 1, "208": 1, "204": 1, "205": 1, "209": 1, "207": 1, "45": 2, "203": 1, "202": 1, "199": 1, "198": 1, "201": 2}, "170": {"11": 1, "total_commits": 10, "15": 1, "168": 1, "174": 1, "172": 1, "173": 1, "175": 1, "169": 1, "167": 1, "171": 1}, "172": {"169": 1, "total_commits": 10, "167": 1, "171": 1, "11": 1, "15": 1, "168": 1, "174": 1, "173": 1, "170": 1, "175": 1}, "167": {"175": 2, "total_commits": 69, "171": 1, "15": 4, "172": 1, "169": 2, "11": 5, "168": 5, "174": 3, "173": 3, "170": 1, "187": 1, "180": 1, "181": 2, "185": 1, "38": 1, "182": 1, "178": 1, "190": 1, "186": 1, "45": 4, "176": 1, "189": 1, "177": 1, "183": 1, "184": 1, "188": 1, "179": 1, "195": 1, "200": 1, "4": 1, "201": 2, "196": 1, "208": 1, "209": 1, "197": 1, "202": 1, "206": 1, "199": 1, "204": 1, "198": 1, "205": 1, "207": 1, "203": 1, "215": 1, "228": 1, "227": 1, "226": 1}, "174": {"175": 2, "total_commits": 54, "169": 1, "167": 3, "171": 1, "11": 3, "15": 2, "168": 3, "172": 1, "173": 2, "170": 1, "186": 1, "181": 2, "185": 1, "38": 1, "182": 1, "178": 1, "176": 1, "189": 1, "190": 1, "183": 1, "184": 1, "45": 2, "187": 1, "177": 1, "180": 1, "188": 1, "179": 1, "195": 1, "196": 1, "200": 1, "4": 1, "209": 1, "197": 1, "202": 1, "206": 1, "208": 1, "204": 1, "205": 1, "207": 1, "203": 1, "199": 1, "198": 1, "201": 1}, "171": {"11": 1, "total_commits": 10, "15": 1, "168": 1, "172": 1, "174": 1, "173": 1, "170": 1, "175": 1, "169": 1, "167": 1}, "173": {"174": 2, "total_commits": 38, "170": 1, "175": 2, "169": 1, "167": 3, "171": 1, "11": 2, "15": 1, "168": 2, "172": 1, "176": 1, "189": 1, "190": 1, "183": 1, "186": 1, "45": 2, "187": 1, "177": 1, "180": 1, "184": 1, "188": 1, "179": 1, "181": 1, "185": 1, "38": 1, "182": 1, "178": 1, "215": 1, "228": 1, "227": 1, "226": 1}, "175": {"173": 2, "total_commits": 38, "170": 1, "169": 1, "167": 2, "171": 1, "11": 3, "15": 1, "168": 2, "174": 2, "172": 1, "45": 1, "187": 1, "177": 1, "180": 1, "188": 1, "179": 1, "181": 1, "185": 1, "38": 1, "182": 1, "178": 1, "176": 1, "189": 1, "190": 1, "183": 1, "186": 1, "184": 1, "146": 1, "6": 1, "152": 1, "262": 1, "261": 1}, "11": {"170": 1, "total_commits": 69, "175": 3, "169": 2, "167": 5, "171": 1, "15": 4, "168": 5, "174": 3, "172": 1, "173": 2, "188": 1, "179": 1, "186": 1, "181": 2, "185": 1, "38": 1, "182": 1, "178": 1, "176": 1, "189": 1, "190": 1, "183": 1, "184": 1, "45": 3, "187": 1, "177": 1, "180": 1, "201": 2, "195": 1, "196": 1, "200": 1, "4": 1, "209": 1, "197": 1, "202": 1, "206": 1, "208": 1, "204": 1, "205": 1, "207": 1, "203": 1, "199": 1, "198": 1, "262": 1, "261": 1, "146": 1, "6": 1, "152": 1}, "177": {"189": 1, "total_commits": 22, "190": 1, "183": 1, "186": 1, "45": 1, "174": 1, "173": 1, "187": 1, "175": 1, "167": 1, "180": 1, "184": 1, "188": 1, "179": 1, "11": 1, "168": 1, "181": 1, "185": 1, "38": 1, "182": 1, "178": 1, "176": 1}, "180": {"179": 3, "total_commits": 61, "181": 3, "185": 1, "38": 1, "182": 1, "178": 1, "11": 1, "168": 1, "176": 1, "189": 1, "190": 1, "186": 1, "45": 1, "174": 1, "173": 1, "187": 1, "175": 1, "177": 1, "167": 1, "183": 1, "184": 1, "188": 1, "126": 1, "133": 1, "127": 1, "3": 1, "13": 1, "213": 1, "30": 1, "90": 1, "134": 1, "91": 1, "54": 1, "216": 1, "217": 1, "136": 1, "132": 1, "214": 1, "56": 1, "218": 1, "89": 1, "158": 1, "155": 1, "51": 1, "198": 2, "14": 1, "96": 1, "95": 1, "31": 1, "196": 1, "215": 1, "12": 1, "140": 1, "48": 1, "97": 1, "130": 1}, "181": {"184": 2, "total_commits": 94, "45": 2, "187": 2, "175": 1, "167": 2, "180": 3, "188": 1, "179": 3, "185": 1, "178": 2, "11": 2, "168": 2, "186": 1, "38": 1, "182": 1, "174": 2, "173": 1, "176": 1, "189": 1, "190": 2, "177": 1, "183": 1, "207": 1, "203": 1, "198": 4, "200": 2, "15": 1, "201": 1, "195": 1, "196": 2, "208": 2, "4": 1, "209": 2, "197": 2, "202": 1, "206": 1, "199": 1, "204": 1, "205": 1, "30": 1, "56": 1, "54": 1, "216": 1, "155": 1, "51": 1, "132": 1, "214": 1, "95": 1, "31": 1, "218": 1, "215": 1, "89": 1, "12": 1, "158": 1, "48": 1, "14": 1, "96": 1, "13": 1, "213": 1, "90": 1, "134": 1, "91": 1, "140": 1, "97": 1, "130": 1, "126": 1, "217": 1, "136": 1, "133": 1, "127": 1, "3": 1, "258": 1, "259": 1}, "186": {"189": 1, "total_commits": 22, "190": 1, "45": 1, "174": 1, "173": 1, "187": 1, "175": 1, "177": 1, "167": 1, "180": 1, "183": 1, "184": 1, "188": 1, "179": 1, "181": 1, "185": 1, "38": 1, "182": 1, "178": 1, "11": 1, "168": 1, "176": 1}, "189": {"167": 1, "total_commits": 26, "180": 1, "188": 1, "185": 1, "178": 1, "11": 1, "168": 1, "186": 1, "181": 1, "38": 1, "182": 1, "174": 1, "173": 1, "176": 1, "190": 1, "177": 1, "183": 1, "184": 1, "45": 2, "179": 1, "187": 1, "175": 1, "191": 1, "192": 1, "193": 1}, "176": {"188": 1, "total_commits": 22, "185": 1, "178": 1, "11": 1, "168": 1, "186": 1, "181": 1, "38": 1, "182": 1, "174": 1, "173": 1, "189": 1, "190": 1, "177": 1, "183": 1, "184": 1, "45": 1, "179": 1, "187": 1, "175": 1, "167": 1, "180": 1}, "190": {"184": 2, "total_commits": 33, "45": 1, "187": 2, "175": 1, "177": 1, "167": 1, "180": 1, "188": 1, "179": 1, "11": 1, "168": 1, "186": 1, "181": 2, "185": 1, "38": 1, "182": 1, "178": 2, "174": 1, "173": 1, "176": 1, "189": 1, "183": 1, "259": 1, "200": 1, "208": 1, "258": 1, "209": 1, "198": 1, "197": 1}, "188": {"184": 1, "total_commits": 22, "179": 1, "187": 1, "167": 1, "180": 1, "185": 1, "38": 1, "182": 1, "178": 1, "11": 1, "168": 1, "190": 1, "186": 1, "181": 1, "45": 1, "174": 1, "173": 1, "175": 1, "176": 1, "189": 1, "177": 1, "183": 1}, "185": {"187": 1, "total_commits": 22, "167": 1, "180": 1, "38": 1, "178": 1, "11": 1, "168": 1, "190": 1, "186": 1, "181": 1, "45": 1, "182": 1, "174": 1, "173": 1, "175": 1, "176": 1, "189": 1, "177": 1, "183": 1, "184": 1, "188": 1, "179": 1}, "183": {"168": 1, "total_commits": 22, "176": 1, "189": 1, "190": 1, "186": 1, "45": 1, "174": 1, "173": 1, "187": 1, "175": 1, "177": 1, "167": 1, "180": 1, "184": 1, "188": 1, "179": 1, "11": 1, "181": 1, "185": 1, "38": 1, "182": 1, "178": 1}, "182": {"185": 1, "total_commits": 22, "38": 1, "178": 1, "11": 1, "168": 1, "190": 1, "186": 1, "181": 1, "45": 1, "174": 1, "173": 1, "175": 1, "176": 1, "189": 1, "177": 1, "183": 1, "184": 1, "188": 1, "179": 1, "187": 1, "167": 1, "180": 1}, "184": {"176": 1, "total_commits": 33, "189": 1, "190": 2, "183": 1, "186": 1, "45": 1, "174": 1, "173": 1, "187": 2, "175": 1, "177": 1, "167": 1, "180": 1, "188": 1, "179": 1, "11": 1, "168": 1, "181": 2, "185": 1, "38": 1, "182": 1, "178": 2, "200": 1, "259": 1, "208": 1, "258": 1, "209": 1, "198": 1, "197": 1}, "179": {"185": 1, "total_commits": 61, "38": 1, "178": 1, "11": 1, "168": 1, "190": 1, "186": 1, "181": 3, "45": 1, "182": 1, "174": 1, "173": 1, "175": 1, "176": 1, "189": 1, "177": 1, "183": 1, "184": 1, "188": 1, "187": 1, "167": 1, "180": 3, "95": 1, "31": 1, "196": 1, "218": 1, "215": 1, "12": 1, "140": 1, "48": 1, "14": 1, "3": 1, "96": 1, "13": 1, "213": 1, "90": 1, "134": 1, "91": 1, "97": 1, "130": 1, "126": 1, "217": 1, "136": 1, "133": 1, "127": 1, "30": 1, "56": 1, "89": 1, "54": 1, "216": 1, "158": 1, "155": 1, "51": 1, "198": 2, "132": 1, "214": 1}, "178": {"185": 1, "total_commits": 33, "11": 1, "168": 1, "190": 2, "186": 1, "181": 2, "45": 1, "38": 1, "182": 1, "174": 1, "173": 1, "175": 1, "176": 1, "189": 1, "177": 1, "183": 1, "184": 2, "188": 1, "179": 1, "187": 2, "167": 1, "180": 1, "208": 1, "258": 1, "198": 1, "209": 1, "197": 1, "200": 1, "259": 1}, "187": {"181": 2, "total_commits": 33, "185": 1, "38": 1, "182": 1, "178": 2, "11": 1, "168": 1, "176": 1, "189": 1, "190": 2, "186": 1, "45": 1, "174": 1, "173": 1, "175": 1, "177": 1, "167": 1, "180": 1, "183": 1, "184": 2, "188": 1, "179": 1, "258": 1, "198": 1, "197": 1, "209": 1, "200": 1, "259": 1, "208": 1}, "193": {"191": 2, "total_commits": 6, "189": 1, "192": 2, "45": 1}, "192": {"191": 2, "total_commits": 6, "189": 1, "193": 2, "45": 1}, "191": {"189": 1, "total_commits": 6, "192": 2, "193": 2, "45": 1}, "197": {"200": 2, "total_commits": 33, "201": 1, "195": 1, "196": 1, "11": 1, "168": 1, "208": 2, "4": 1, "181": 2, "209": 2, "174": 1, "202": 1, "206": 1, "199": 1, "204": 1, "15": 1, "205": 1, "207": 1, "45": 1, "203": 1, "198": 2, "167": 1, "259": 1, "184": 1, "187": 1, "258": 1, "190": 1, "178": 1}, "204": {"15": 1, "total_commits": 22, "201": 1, "195": 1, "196": 1, "11": 1, "168": 1, "200": 1, "4": 1, "181": 1, "197": 1, "206": 1, "208": 1, "205": 1, "209": 1, "207": 1, "45": 1, "174": 1, "203": 1, "202": 1, "199": 1, "198": 1, "167": 1}, "196": {"208": 1, "total_commits": 58, "4": 1, "181": 2, "209": 1, "197": 1, "45": 1, "174": 1, "202": 1, "206": 1, "199": 1, "204": 1, "198": 2, "15": 1, "205": 1, "207": 1, "203": 1, "167": 1, "200": 1, "201": 1, "195": 1, "11": 1, "168": 1, "3": 1, "96": 1, "13": 1, "213": 1, "90": 1, "134": 1, "91": 1, "97": 1, "130": 1, "126": 1, "217": 1, "136": 1, "133": 1, "127": 1, "30": 1, "56": 1, "89": 1, "54": 1, "216": 1, "158": 1, "155": 1, "51": 1, "132": 1, "179": 1, "214": 1, "95": 1, "31": 1, "218": 1, "215": 1, "12": 1, "140": 1, "48": 1, "180": 1, "14": 1}, "201": {"11": 2, "total_commits": 28, "168": 2, "208": 1, "209": 1, "197": 1, "207": 1, "45": 2, "174": 1, "202": 1, "206": 1, "199": 1, "204": 1, "198": 1, "15": 2, "205": 1, "203": 1, "195": 1, "167": 2, "200": 1, "4": 1, "181": 1, "196": 1, "169": 1}, "205": {"204": 1, "total_commits": 22, "209": 1, "207": 1, "45": 1, "174": 1, "203": 1, "202": 1, "199": 1, "198": 1, "167": 1, "15": 1, "201": 1, "195": 1, "196": 1, "11": 1, "168": 1, "200": 1, "4": 1, "181": 1, "197": 1, "206": 1, "208": 1}, "209": {"198": 2, "total_commits": 33, "167": 1, "15": 1, "205": 1, "201": 1, "195": 1, "200": 2, "4": 1, "181": 2, "196": 1, "11": 1, "168": 1, "206": 1, "208": 2, "204": 1, "197": 2, "207": 1, "45": 1, "174": 1, "203": 1, "202": 1, "199": 1, "258": 1, "178": 1, "259": 1, "184": 1, "187": 1, "190": 1}, "206": {"4": 1, "total_commits": 22, "181": 1, "209": 1, "197": 1, "174": 1, "202": 1, "199": 1, "204": 1, "198": 1, "15": 1, "205": 1, "207": 1, "45": 1, "203": 1, "167": 1, "200": 1, "201": 1, "195": 1, "196": 1, "11": 1, "168": 1, "208": 1}, "203": {"200": 1, "total_commits": 25, "4": 1, "181": 1, "196": 1, "11": 1, "168": 1, "206": 1, "208": 1, "204": 1, "209": 1, "197": 1, "207": 1, "45": 1, "174": 1, "202": 1, "199": 1, "198": 1, "167": 1, "15": 1, "205": 1, "201": 1, "195": 1, "212": 1, "166": 1, "169": 1}, "202": {"198": 1, "total_commits": 22, "15": 1, "205": 1, "203": 1, "195": 1, "167": 1, "200": 1, "4": 1, "201": 1, "181": 1, "196": 1, "11": 1, "168": 1, "208": 1, "209": 1, "197": 1, "207": 1, "45": 1, "174": 1, "206": 1, "199": 1, "204": 1}, "200": {"195": 1, "total_commits": 33, "196": 1, "11": 1, "168": 1, "208": 2, "4": 1, "181": 2, "209": 2, "197": 2, "174": 1, "202": 1, "206": 1, "199": 1, "204": 1, "205": 1, "207": 1, "45": 1, "203": 1, "198": 2, "167": 1, "15": 1, "201": 1, "178": 1, "259": 1, "184": 1, "187": 1, "258": 1, "190": 1}, "199": {"167": 1, "total_commits": 22, "200": 1, "201": 1, "195": 1, "196": 1, "11": 1, "168": 1, "208": 1, "4": 1, "181": 1, "209": 1, "197": 1, "45": 1, "174": 1, "202": 1, "206": 1, "204": 1, "198": 1, "15": 1, "205": 1, "207": 1, "203": 1}, "207": {"206": 1, "total_commits": 22, "208": 1, "204": 1, "205": 1, "209": 1, "45": 1, "174": 1, "203": 1, "202": 1, "199": 1, "198": 1, "167": 1, "15": 1, "201": 1, "195": 1, "196": 1, "11": 1, "168": 1, "200": 1, "4": 1, "181": 1, "197": 1}, "208": {"198": 2, "total_commits": 33, "167": 1, "200": 2, "201": 1, "195": 1, "196": 1, "11": 1, "168": 1, "4": 1, "181": 2, "209": 2, "197": 2, "174": 1, "202": 1, "206": 1, "199": 1, "204": 1, "15": 1, "205": 1, "207": 1, "45": 1, "203": 1, "178": 1, "259": 1, "184": 1, "187": 1, "258": 1, "190": 1}, "198": {"201": 1, "total_commits": 72, "195": 1, "196": 2, "11": 1, "168": 1, "200": 2, "4": 1, "181": 4, "209": 2, "197": 2, "174": 1, "202": 1, "206": 1, "208": 2, "199": 1, "204": 1, "205": 1, "207": 1, "45": 1, "203": 1, "167": 1, "15": 1, "179": 2, "96": 1, "213": 1, "134": 1, "91": 1, "140": 1, "97": 1, "130": 1, "126": 1, "136": 1, "133": 1, "127": 1, "3": 1, "13": 1, "30": 1, "90": 1, "56": 1, "54": 1, "216": 1, "155": 1, "217": 1, "51": 1, "132": 1, "214": 1, "95": 1, "31": 1, "218": 1, "215": 1, "89": 1, "12": 1, "158": 1, "48": 1, "180": 2, "14": 1, "187": 1, "258": 1, "190": 1, "178": 1, "184": 1, "259": 1}, "195": {"201": 1, "total_commits": 22, "181": 1, "196": 1, "11": 1, "168": 1, "206": 1, "208": 1, "209": 1, "197": 1, "207": 1, "45": 1, "174": 1, "203": 1, "202": 1, "199": 1, "204": 1, "198": 1, "167": 1, "15": 1, "205": 1, "200": 1, "4": 1}, "210": {"211": 1, "total_commits": 19, "45": 1, "166": 2, "225": 1, "136": 1, "220": 1, "224": 1, "221": 1, "223": 1, "133": 1, "219": 1, "66": 1, "245": 1, "246": 1, "213": 1, "244": 1, "162": 1, "247": 1}, "211": {"45": 1, "total_commits": 14, "210": 1, "166": 1, "144": 1, "221": 1, "147": 1, "250": 1, "246": 1, "248": 1, "142": 1, "249": 1, "148": 1, "145": 1, "150": 1}, "212": {"203": 1, "total_commits": 3, "166": 1, "169": 1}, "214": {"217": 1, "total_commits": 36, "136": 1, "133": 1, "127": 1, "30": 1, "56": 1, "54": 1, "216": 1, "158": 1, "155": 1, "51": 1, "198": 1, "132": 1, "179": 1, "95": 1, "31": 1, "196": 1, "218": 1, "215": 1, "89": 1, "12": 1, "140": 1, "48": 1, "180": 1, "14": 1, "3": 1, "96": 1, "13": 1, "181": 1, "213": 1, "90": 1, "134": 1, "91": 1, "97": 1, "130": 1, "126": 1}, "217": {"96": 1, "total_commits": 36, "181": 1, "95": 1, "31": 1, "215": 1, "12": 1, "140": 1, "48": 1, "97": 1, "130": 1, "126": 1, "133": 1, "127": 1, "3": 1, "13": 1, "213": 1, "30": 1, "90": 1, "134": 1, "91": 1, "54": 1, "216": 1, "155": 1, "136": 1, "132": 1, "214": 1, "196": 1, "56": 1, "218": 1, "89": 1, "158": 1, "51": 1, "198": 1, "180": 1, "14": 1, "179": 1}, "216": {"95": 1, "total_commits": 36, "31": 1, "196": 1, "218": 1, "215": 1, "12": 1, "140": 1, "48": 1, "180": 1, "14": 1, "3": 1, "96": 1, "13": 1, "181": 1, "213": 1, "90": 1, "134": 1, "91": 1, "97": 1, "130": 1, "126": 1, "217": 1, "136": 1, "133": 1, "127": 1, "30": 1, "56": 1, "89": 1, "54": 1, "158": 1, "155": 1, "51": 1, "198": 1, "132": 1, "179": 1, "214": 1}, "218": {"89": 1, "total_commits": 36, "158": 1, "155": 1, "51": 1, "198": 1, "180": 1, "14": 1, "132": 1, "179": 1, "96": 1, "181": 1, "95": 1, "31": 1, "196": 1, "215": 1, "12": 1, "140": 1, "48": 1, "97": 1, "130": 1, "126": 1, "127": 1, "3": 1, "13": 1, "213": 1, "30": 1, "90": 1, "134": 1, "91": 1, "54": 1, "216": 1, "217": 1, "136": 1, "133": 1, "214": 1, "56": 1}, "215": {"54": 1, "total_commits": 42, "216": 1, "155": 1, "217": 1, "51": 1, "136": 1, "132": 1, "214": 1, "95": 1, "196": 1, "218": 1, "89": 1, "12": 1, "158": 1, "48": 1, "198": 1, "180": 1, "14": 1, "179": 1, "96": 1, "181": 1, "213": 1, "31": 1, "134": 1, "140": 1, "97": 1, "130": 1, "126": 1, "133": 1, "127": 1, "3": 1, "13": 1, "30": 1, "90": 1, "56": 1, "91": 1, "173": 1, "167": 1, "45": 1, "228": 1, "227": 1, "226": 1}, "213": {"97": 1, "total_commits": 55, "130": 1, "126": 1, "217": 1, "136": 1, "133": 1, "127": 1, "30": 1, "56": 1, "89": 1, "54": 1, "216": 1, "158": 1, "155": 1, "51": 1, "198": 1, "132": 1, "179": 1, "214": 1, "95": 1, "31": 1, "196": 1, "218": 1, "215": 1, "12": 1, "140": 1, "48": 1, "180": 1, "14": 1, "3": 1, "96": 1, "13": 1, "181": 1, "90": 2, "134": 1, "91": 2, "88": 1, "113": 1, "73": 1, "112": 1, "70": 1, "116": 1, "72": 1, "117": 1, "87": 1, "244": 1, "247": 1, "162": 1, "210": 1, "66": 1, "245": 1, "166": 1, "246": 1}, "14": {"95": 1, "total_commits": 36, "196": 1, "218": 1, "215": 1, "89": 1, "12": 1, "158": 1, "48": 1, "198": 1, "180": 1, "179": 1, "96": 1, "181": 1, "213": 1, "31": 1, "134": 1, "140": 1, "97": 1, "130": 1, "126": 1, "133": 1, "127": 1, "3": 1, "13": 1, "30": 1, "90": 1, "56": 1, "91": 1, "54": 1, "216": 1, "155": 1, "217": 1, "51": 1, "136": 1, "132": 1, "214": 1}, "221": {"140": 1, "total_commits": 25, "219": 2, "3": 1, "8": 1, "220": 2, "222": 1, "210": 1, "225": 1, "223": 1, "136": 1, "224": 1, "133": 1, "147": 1, "250": 1, "246": 1, "142": 1, "249": 1, "145": 1, "148": 1, "211": 1, "150": 1, "144": 1, "248": 1}, "222": {"8": 1, "total_commits": 6, "220": 1, "221": 1, "140": 1, "219": 1, "3": 1}, "219": {"140": 1, "total_commits": 14, "3": 1, "8": 1, "220": 2, "221": 2, "222": 1, "210": 1, "225": 1, "133": 1, "136": 1, "223": 1, "224": 1}, "8": {"3": 1, "total_commits": 6, "220": 1, "221": 1, "222": 1, "140": 1, "219": 1}, "220": {"3": 1, "total_commits": 14, "8": 1, "221": 2, "222": 1, "140": 1, "219": 2, "136": 1, "224": 1, "223": 1, "133": 1, "210": 1, "225": 1}, "225": {"219": 1, "total_commits": 10, "136": 1, "210": 1, "220": 1, "221": 1, "224": 2, "223": 2, "133": 1}, "223": {"136": 1, "total_commits": 10, "221": 1, "220": 1, "224": 2, "133": 1, "210": 1, "219": 1, "225": 2}, "224": {"136": 1, "total_commits": 10, "220": 1, "221": 1, "223": 2, "133": 1, "210": 1, "219": 1, "225": 2}, "228": {"167": 1, "total_commits": 6, "45": 1, "215": 1, "227": 1, "226": 1, "173": 1}, "226": {"228": 1, "total_commits": 6, "227": 1, "173": 1, "167": 1, "45": 1, "215": 1}, "227": {"173": 1, "total_commits": 6, "167": 1, "45": 1, "215": 1, "228": 1, "226": 1}, "229": {"45": 1, "total_commits": 1}, "231": {"45": 1, "total_commits": 4, "232": 1, "230": 1, "233": 1}, "230": {"45": 1, "total_commits": 4, "232": 1, "231": 1, "233": 1}, "232": {"45": 1, "total_commits": 4, "231": 1, "230": 1, "233": 1}, "233": {"45": 1, "total_commits": 4, "232": 1, "230": 1, "231": 1}, "234": {"235": 2, "total_commits": 8, "4": 1, "17": 1, "237": 1, "31": 1, "240": 1, "239": 1}, "235": {"234": 2, "total_commits": 17, "4": 1, "17": 2, "39": 1, "21": 1, "237": 2, "27": 1, "238": 1, "38": 1, "31": 2, "236": 1, "240": 1, "239": 1}, "238": {"235": 1, "total_commits": 9, "38": 1, "31": 1, "39": 1, "236": 1, "237": 1, "21": 1, "27": 1, "17": 1}, "236": {"38": 1, "total_commits": 9, "31": 1, "39": 1, "21": 1, "237": 1, "27": 1, "238": 1, "17": 1, "235": 1}, "237": {"39": 1, "total_commits": 14, "236": 1, "21": 1, "27": 1, "238": 1, "17": 1, "31": 2, "235": 2, "38": 1, "240": 1, "239": 1, "234": 1}, "240": {"31": 1, "total_commits": 5, "235": 1, "239": 1, "234": 1, "237": 1}, "239": {"31": 1, "total_commits": 5, "240": 1, "235": 1, "234": 1, "237": 1}, "242": {"51": 1, "total_commits": 4, "241": 1, "3": 1, "243": 1}, "241": {"51": 1, "total_commits": 4, "242": 1, "243": 1, "3": 1}, "243": {"51": 1, "total_commits": 4, "242": 1, "241": 1, "3": 1}, "245": {"213": 1, "total_commits": 8, "244": 1, "162": 1, "247": 1, "210": 1, "66": 1, "166": 1, "246": 1}, "246": {"166": 1, "total_commits": 22, "213": 1, "244": 1, "247": 1, "162": 1, "210": 1, "66": 1, "245": 1, "145": 2, "150": 1, "144": 1, "221": 1, "147": 1, "250": 1, "248": 2, "142": 1, "249": 2, "148": 1, "211": 1}, "247": {"162": 1, "total_commits": 8, "210": 1, "66": 1, "245": 1, "166": 1, "246": 1, "213": 1, "244": 1}, "244": {"162": 1, "total_commits": 8, "247": 1, "210": 1, "66": 1, "245": 1, "213": 1, "166": 1, "246": 1}, "250": {"147": 3, "total_commits": 22, "144": 1, "246": 1, "248": 2, "249": 2, "142": 1, "145": 2, "148": 1, "211": 1, "150": 1, "221": 1, "166": 2, "258": 1, "58": 1, "164": 1, "259": 1}, "249": {"248": 3, "total_commits": 27, "142": 1, "145": 4, "148": 1, "211": 1, "150": 1, "144": 1, "221": 1, "147": 3, "250": 2, "246": 2, "251": 1, "164": 2, "259": 1, "166": 1, "258": 1, "58": 1}, "248": {"150": 1, "total_commits": 23, "144": 1, "221": 1, "147": 2, "250": 2, "246": 2, "142": 1, "249": 3, "145": 3, "148": 1, "211": 1, "259": 1, "166": 1, "258": 1, "58": 1, "164": 1}, "251": {"164": 1, "total_commits": 4, "147": 1, "249": 1, "145": 1}, "252": {"257": 1, "total_commits": 10, "59": 1, "256": 1, "255": 1, "56": 1, "58": 1, "55": 1, "254": 1, "253": 1, "60": 1}, "254": {"256": 1, "total_commits": 11, "255": 1, "56": 1, "58": 2, "55": 1, "253": 1, "60": 1, "252": 1, "257": 1, "59": 1}, "256": {"59": 1, "total_commits": 10, "255": 1, "56": 1, "58": 1, "254": 1, "55": 1, "253": 1, "60": 1, "252": 1, "257": 1}, "257": {"59": 1, "total_commits": 10, "256": 1, "255": 1, "56": 1, "58": 1, "254": 1, "55": 1, "253": 1, "60": 1, "252": 1}, "255": {"60": 1, "total_commits": 10, "252": 1, "257": 1, "253": 1, "59": 1, "256": 1, "56": 1, "55": 1, "58": 1, "254": 1}, "253": {"60": 1, "total_commits": 16, "252": 1, "257": 1, "59": 1, "256": 1, "255": 1, "56": 1, "58": 1, "55": 1, "254": 1, "263": 1, "261": 1, "262": 1, "149": 1, "143": 1, "146": 1}, "259": {"187": 1, "total_commits": 20, "258": 2, "190": 1, "178": 1, "198": 1, "181": 1, "209": 1, "197": 1, "200": 1, "184": 1, "208": 1, "58": 1, "248": 1, "147": 1, "250": 1, "249": 1, "145": 1, "166": 1, "164": 1}, "258": {"198": 1, "total_commits": 20, "178": 1, "209": 1, "181": 1, "197": 1, "200": 1, "259": 2, "184": 1, "208": 1, "190": 1, "187": 1, "58": 1, "248": 1, "249": 1, "147": 1, "250": 1, "164": 1, "145": 1, "166": 1}, "260": {"87": 1, "total_commits": 10, "72": 1, "90": 1, "116": 1, "117": 1, "119": 1, "89": 1, "120": 1, "71": 1, "86": 1}, "261": {"6": 1, "total_commits": 12, "152": 1, "175": 1, "11": 1, "262": 2, "146": 2, "263": 1, "253": 1, "149": 1, "143": 1}, "262": {"11": 1, "total_commits": 12, "261": 2, "146": 2, "6": 1, "152": 1, "175": 1, "253": 1, "149": 1, "143": 1, "263": 1}, "263": {"253": 1, "total_commits": 7, "261": 1, "262": 1, "149": 1, "143": 1, "146": 1, "46": 1}}