{"16": ["kevinwhite88@gmail.com"], "17": ["kevinwhite88@gmail.com"], "18": ["kevinwhite88@gmail.com"], "19": ["kevinwhite88@gmail.com", "Chris Scott"], "20": ["kevinwhite88@gmail.com"], "21": ["kevinwhite88@gmail.com"], "22": ["kevinwhite88@gmail.com"], "5": ["kevinwhite88@gmail.com"], "4": ["kevinwhite88@gmail.com"], "23": ["kevinwhite88@gmail.com"], "24": ["kevinwhite88@gmail.com"], "25": ["kevinwhite88@gmail.com"], "26": ["kevinwhite88@gmail.com"], "27": ["kevinwhite88@gmail.com"], "28": ["kevinwhite88@gmail.com"], "29": ["kevinwhite88@gmail.com"], "30": ["kevinwhite88@gmail.com"], "31": ["kevinwhite88@gmail.com"], "32": ["kevinwhite88@gmail.com"], "33": ["kevinwhite88@gmail.com"], "34": ["kevinwhite88@gmail.com"], "35": ["kevinwhite88@gmail.com"], "36": ["kevinwhite88@gmail.com"], "37": ["kevinwhite88@gmail.com"], "38": ["kevinwhite88@gmail.com"], "39": ["kevinwhite88@gmail.com"], "40": ["kevinwhite88@gmail.com"], "41": ["kevinwhite88@gmail.com"], "42": ["kevinwhite88@gmail.com"], "43": ["kevinwhite88@gmail.com"], "44": ["kevinwhite88@gmail.com"], "45": ["kevinwhite88@gmail.com"], "46": ["kevinwhite88@gmail.com"], "47": ["kevinwhite88@gmail.com"], "48": ["kevinwhite88@gmail.com"], "49": ["kevinwhite88@gmail.com"], "50": ["kevinwhite88@gmail.com"], "51": ["kevinwhite88@gmail.com"], "52": ["kevinwhite88@gmail.com"], "53": ["kevinwhite88@gmail.com"], "54": ["kevinwhite88@gmail.com"], "55": ["kevinwhite88@gmail.com"], "56": ["kevinwhite88@gmail.com"], "57": ["kevinwhite88@gmail.com"], "3": ["kevinwhite88@gmail.com"], "58": ["kevinwhite88@gmail.com"], "59": ["kevinwhite88@gmail.com"], "60": ["kevinwhite88@gmail.com"], "61": ["kevinwhite88@gmail.com"], "62": ["kevinwhite88@gmail.com"], "63": ["kevinwhite88@gmail.com"], "64": ["kevinwhite88@gmail.com"], "65": ["kevinwhite88@gmail.com"], "66": ["kevinwhite88@gmail.com"], "67": ["kevinwhite88@gmail.com"], "68": ["kevinwhite88@gmail.com"], "69": ["kevinwhite88@gmail.com"], "70": ["kevinwhite88@gmail.com"], "71": ["kevinwhite88@gmail.com"], "72": ["kevinwhite88@gmail.com"], "73": ["kevinwhite88@gmail.com"], "74": ["kevinwhite88@gmail.com"], "75": ["kevinwhite88@gmail.com"], "76": ["kevinwhite88@gmail.com"], "7": ["kevinwhite88@gmail.com"], "1": ["kevinwhite88@gmail.com"], "2": ["kevinwhite88@gmail.com"], "77": ["kevinwhite88@gmail.com"], "78": ["kevinwhite88@gmail.com"], "79": ["kevinwhite88@gmail.com"], "80": ["kevinwhite88@gmail.com"], "81": ["kevinwhite88@gmail.com"], "82": ["kevinwhite88@gmail.com"], "83": ["kevinwhite88@gmail.com"], "84": ["kevinwhite88@gmail.com"], "85": ["kevinwhite88@gmail.com"], "86": ["kevinwhite88@gmail.com"], "87": ["kevinwhite88@gmail.com"], "88": ["kevinwhite88@gmail.com"], "89": ["kevinwhite88@gmail.com"], "90": ["kevinwhite88@gmail.com"], "91": ["kevinwhite88@gmail.com"], "92": ["kevinwhite88@gmail.com"], "93": ["kevinwhite88@gmail.com"], "94": ["kevinwhite88@gmail.com"], "95": ["kevinwhite88@gmail.com"], "96": ["kevinwhite88@gmail.com"], "97": ["kevinwhite88@gmail.com"], "98": ["kevinwhite88@gmail.com"], "99": ["kevinwhite88@gmail.com"], "100": ["kevinwhite88@gmail.com"], "101": ["kevinwhite88@gmail.com"], "102": ["kevinwhite88@gmail.com"], "103": ["kevinwhite88@gmail.com"], "104": ["kevinwhite88@gmail.com"], "105": ["kevinwhite88@gmail.com"], "106": ["kevinwhite88@gmail.com"], "107": ["kevinwhite88@gmail.com"], "108": ["kevinwhite88@gmail.com"], "109": ["kevinwhite88@gmail.com"], "110": ["kevinwhite88@gmail.com"], "111": ["kevinwhite88@gmail.com"], "112": ["kevinwhite88@gmail.com"], "113": ["kevinwhite88@gmail.com"], "114": ["kevinwhite88@gmail.com"], "115": ["kevinwhite88@gmail.com"], "116": ["kevinwhite88@gmail.com"], "117": ["kevinwhite88@gmail.com"], "118": ["kevinwhite88@gmail.com"], "119": ["kevinwhite88@gmail.com"], "120": ["kevinwhite88@gmail.com"], "121": ["kevinwhite88@gmail.com"], "122": ["kevinwhite88@gmail.com"], "123": ["kevinwhite88@gmail.com"], "124": ["kevinwhite88@gmail.com"], "13": ["kevinwhite88@gmail.com"], "12": ["kevinwhite88@gmail.com"], "125": ["kevinwhite88@gmail.com"], "126": ["kevinwhite88@gmail.com"], "127": ["kevinwhite88@gmail.com"], "128": ["kevinwhite88@gmail.com"], "129": ["kevinwhite88@gmail.com"], "130": ["kevinwhite88@gmail.com"], "131": ["kevinwhite88@gmail.com"], "132": ["kevinwhite88@gmail.com"], "133": ["kevinwhite88@gmail.com"], "134": ["kevinwhite88@gmail.com"], "135": ["kevinwhite88@gmail.com"], "136": ["kevinwhite88@gmail.com"], "137": ["kevinwhite88@gmail.com"], "138": ["kevinwhite88@gmail.com"], "139": ["kevinwhite88@gmail.com"], "140": ["kevinwhite88@gmail.com"], "141": ["kevinwhite88@gmail.com"], "142": ["kevinwhite88@gmail.com"], "143": ["kevinwhite88@gmail.com"], "144": ["kevinwhite88@gmail.com"], "145": ["kevinwhite88@gmail.com"], "146": ["kevinwhite88@gmail.com"], "147": ["kevinwhite88@gmail.com"], "148": ["kevinwhite88@gmail.com"], "149": ["kevinwhite88@gmail.com"], "150": ["kevinwhite88@gmail.com"], "10": ["kevinwhite88@gmail.com"], "6": ["kevinwhite88@gmail.com"], "9": ["kevinwhite88@gmail.com"], "151": ["kevinwhite88@gmail.com"], "152": ["kevinwhite88@gmail.com"], "153": ["kevinwhite88@gmail.com"], "154": ["kevinwhite88@gmail.com"], "155": ["kevinwhite88@gmail.com"], "156": ["kevinwhite88@gmail.com"], "157": ["kevinwhite88@gmail.com"], "158": ["kevinwhite88@gmail.com"], "159": ["kevinwhite88@gmail.com"], "160": ["kevinwhite88@gmail.com"], "161": ["kevinwhite88@gmail.com"], "162": ["kevinwhite88@gmail.com"], "163": ["kevinwhite88@gmail.com"], "164": ["kevinwhite88@gmail.com"], "165": ["kevinwhite88@gmail.com"], "166": ["kevinwhite88@gmail.com"], "167": ["kevinwhite88@gmail.com"], "168": ["kevinwhite88@gmail.com"], "11": ["kevinwhite88@gmail.com"], "15": ["kevinwhite88@gmail.com"], "169": ["kevinwhite88@gmail.com"], "170": ["kevinwhite88@gmail.com"], "171": ["kevinwhite88@gmail.com"], "172": ["kevinwhite88@gmail.com"], "173": ["kevinwhite88@gmail.com"], "174": ["kevinwhite88@gmail.com"], "175": ["kevinwhite88@gmail.com"], "176": ["kevinwhite88@gmail.com"], "177": ["kevinwhite88@gmail.com"], "178": ["kevinwhite88@gmail.com"], "179": ["kevinwhite88@gmail.com"], "180": ["kevinwhite88@gmail.com"], "181": ["kevinwhite88@gmail.com"], "182": ["kevinwhite88@gmail.com"], "183": ["kevinwhite88@gmail.com"], "184": ["kevinwhite88@gmail.com"], "185": ["kevinwhite88@gmail.com"], "186": ["kevinwhite88@gmail.com"], "187": ["kevinwhite88@gmail.com"], "188": ["kevinwhite88@gmail.com"], "189": ["kevinwhite88@gmail.com"], "190": ["kevinwhite88@gmail.com"], "191": ["kevinwhite88@gmail.com"], "192": ["kevinwhite88@gmail.com"], "193": ["kevinwhite88@gmail.com"], "194": ["kevinwhite88@gmail.com"], "195": ["kevinwhite88@gmail.com"], "196": ["kevinwhite88@gmail.com"], "197": ["kevinwhite88@gmail.com"], "198": ["kevinwhite88@gmail.com"], "199": ["kevinwhite88@gmail.com"], "200": ["kevinwhite88@gmail.com"], "201": ["kevinwhite88@gmail.com"], "202": ["kevinwhite88@gmail.com"], "203": ["kevinwhite88@gmail.com"], "204": ["kevinwhite88@gmail.com"], "205": ["kevinwhite88@gmail.com"], "206": ["kevinwhite88@gmail.com"], "207": ["kevinwhite88@gmail.com"], "208": ["kevinwhite88@gmail.com"], "209": ["kevinwhite88@gmail.com"], "210": ["kevinwhite88@gmail.com"], "211": ["kevinwhite88@gmail.com"], "212": ["kevinwhite88@gmail.com"], "213": ["kevinwhite88@gmail.com"], "214": ["kevinwhite88@gmail.com"], "215": ["kevinwhite88@gmail.com"], "216": ["kevinwhite88@gmail.com"], "217": ["kevinwhite88@gmail.com"], "14": ["kevinwhite88@gmail.com"], "218": ["kevinwhite88@gmail.com"], "219": ["kevinwhite88@gmail.com"], "220": ["kevinwhite88@gmail.com"], "221": ["kevinwhite88@gmail.com"], "8": ["kevinwhite88@gmail.com"], "222": ["kevinwhite88@gmail.com"], "223": ["kevinwhite88@gmail.com"], "224": ["kevinwhite88@gmail.com"], "225": ["kevinwhite88@gmail.com"], "226": ["kevinwhite88@gmail.com"], "227": ["kevinwhite88@gmail.com"], "228": ["kevinwhite88@gmail.com"], "229": ["kevinwhite88@gmail.com"], "230": ["kevinwhite88@gmail.com"], "231": ["kevinwhite88@gmail.com"], "232": ["kevinwhite88@gmail.com"], "233": ["kevinwhite88@gmail.com"], "234": ["kevinwhite88@gmail.com"], "235": ["kevinwhite88@gmail.com"], "236": ["kevinwhite88@gmail.com"], "237": ["kevinwhite88@gmail.com"], "238": ["kevinwhite88@gmail.com"], "239": ["kevinwhite88@gmail.com"], "240": ["kevinwhite88@gmail.com"], "241": ["kevinwhite88@gmail.com"], "242": ["kevinwhite88@gmail.com"], "243": ["kevinwhite88@gmail.com"], "244": ["kevinwhite88@gmail.com"], "245": ["kevinwhite88@gmail.com"], "246": ["kevinwhite88@gmail.com"], "247": ["kevinwhite88@gmail.com"], "248": ["kevinwhite88@gmail.com"], "249": ["kevinwhite88@gmail.com"], "250": ["kevinwhite88@gmail.com"], "251": ["kevinwhite88@gmail.com"], "252": ["kevinwhite88@gmail.com"], "253": ["kevinwhite88@gmail.com"], "254": ["kevinwhite88@gmail.com"], "255": ["kevinwhite88@gmail.com"], "256": ["kevinwhite88@gmail.com"], "257": ["kevinwhite88@gmail.com"], "258": ["kevinwhite88@gmail.com"], "259": ["kevinwhite88@gmail.com"], "260": ["kevinwhite88@gmail.com"], "261": ["kevinwhite88@gmail.com"], "262": ["kevinwhite88@gmail.com"], "263": ["kevinwhite88@gmail.com"]}