{"DataControlController.create": {"t": [{"id": 0, "a": [["W", 1], ["R", 1]]}]}, "DataControlController.delete": {"t": [{"id": 0, "a": [["W", 1]]}]}, "DataControlController.deleteMany": {"t": [{"id": 0, "a": [["R", 1], ["R", 1], ["W", 1]]}]}, "DataControlController.list": {"t": [{"id": 0, "a": [["R", 1], ["R", 1]]}]}, "DataControlController.preUpdate": {"t": [{"id": 0, "a": [["R", 1]]}]}, "DataControlController.update": {"t": [{"id": 0, "a": [["W", 1], ["R", 1]]}]}, "DataControlController.view": {"t": [{"id": 0, "a": [["R", 1]]}]}, "RoleController.assign": {"t": [{"id": 0, "a": [["R", 2], ["R", 3], ["R", 2], ["R", 4], ["R", 2], ["R", 4], ["R", 2], ["R", 4], ["R", 4], ["R", 3], ["R", 3], ["R", 1], ["R", 1], ["R", 3], ["R", 1], ["R", 1], ["R", 3], ["R", 4], ["R", 4], ["R", 3], ["R", 4], ["R", 4], ["R", 2], ["R", 4], ["R", 4], ["R", 3], ["R", 3], ["R", 1], ["R", 1], ["R", 3], ["R", 1], ["R", 1], ["R", 3], ["R", 4], ["R", 4], ["R", 3], ["R", 4], ["R", 4], ["W", 3], ["W", 3], ["R", 2], ["R", 2], ["R", 2]]}]}, "RoleController.create": {"t": [{"id": 0, "a": [["R", 2], ["R", 4], ["R", 4], ["R", 5], ["R", 4], ["R", 5], ["R", 5], ["W", 4], ["W", 2], ["W", 2], ["R", 2]]}]}, "RoleController.delete": {"t": [{"id": 0, "a": [["R", 2], ["R", 2], ["W", 2], ["R", 2]]}]}, "RoleController.list": {"t": [{"id": 0, "a": [["R", 2], ["R", 2]]}]}, "RoleController.lookup": {"t": [{"id": 0, "a": [["R", 1], ["R", 1]]}]}, "RoleController.preAssign": {"t": [{"id": 0, "a": [["R", 2], ["R", 2], ["R", 4], ["R", 4], ["R", 5], ["R", 5], ["R", 6]]}]}, "RoleController.preCreate": {"t": [{"id": 0, "a": [["R", 6], ["R", 6], ["R", 6], ["R", 6], ["W", 6], ["W", 6], ["W", 6], ["W", 6], ["R", 6], ["R", 6], ["R", 6], ["R", 6], ["R", 6], ["R", 6], ["W", 6], ["W", 6]]}]}, "RoleController.preUpdate": {"t": [{"id": 0, "a": [["R", 2], ["R", 6], ["R", 6], ["R", 6], ["R", 6], ["W", 6], ["W", 6], ["W", 6], ["W", 6], ["R", 6], ["R", 6], ["R", 6], ["R", 6], ["R", 6], ["R", 6], ["W", 6], ["W", 6]]}]}, "RoleController.update": {"t": [{"id": 0, "a": [["R", 2], ["R", 2], ["R", 2], ["W", 2], ["R", 2], ["W", 2], ["R", 2], ["R", 4], ["R", 2], ["R", 4], ["R", 4], ["R", 4], ["R", 5], ["W", 4], ["W", 2], ["R", 4], ["R", 4], ["R", 5], ["R", 4], ["R", 4], ["W", 4], ["W", 4], ["W", 2], ["R", 2]]}]}, "RoleController.view": {"t": [{"id": 0, "a": [["R", 2], ["R", 6], ["R", 6], ["R", 6], ["R", 6], ["W", 6], ["W", 6], ["W", 6], ["W", 6], ["R", 6], ["R", 6], ["R", 6], ["R", 6], ["R", 6], ["R", 6], ["W", 6], ["W", 6]]}]}, "UserController.assignRole": {"t": [{"id": 0, "a": [["W", 7], ["R", 7], ["R", 8], ["R", 8], ["R", 8], ["R", 7], ["R", 2], ["R", 2], ["R", 2], ["R", 8], ["R", 2]]}]}, "UserController.create": {"t": [{"id": 0, "a": [["W", 8], ["R", 8], ["R", 8], ["R", 8], ["R", 8], ["R", 8], ["R", 8], ["W", 8], ["W", 8], ["W", 8], ["R", 8], ["R", 8]]}]}, "UserController.delete": {"t": [{"id": 0, "a": [["R", 8], ["R", 8], ["R", 8], ["R", 8], ["W", 8], ["R", 8], ["R", 8]]}]}, "UserController.deleteMany": {"t": [{"id": 0, "a": [["R", 8], ["R", 8], ["R", 8], ["R", 8], ["W", 8], ["R", 8], ["R", 8]]}]}, "UserController.deleteUserRole": {"t": [{"id": 0, "a": [["R", 7], ["R", 7], ["R", 8], ["R", 8], ["R", 7], ["R", 2], ["R", 2], ["W", 7]]}]}, "UserController.list": {"t": [{"id": 0, "a": [["R", 8], ["R", 8]]}]}, "UserController.listUnassignRole": {"t": [{"id": 0, "a": [["R", 7], ["R", 2], ["R", 7], ["R", 2], ["R", 2], ["R", 2]]}]}, "UserController.listUserRole": {"t": [{"id": 0, "a": [["R", 7]]}]}, "UserController.lookup": {"t": [{"id": 0, "a": [["R", 9], ["R", 9], ["R", 9], ["R", 9], ["W", 9], ["W", 9], ["W", 9], ["W", 9], ["R", 9], ["R", 9], ["R", 9], ["R", 9], ["R", 9], ["R", 9], ["W", 9], ["W", 9]]}]}, "UserController.preUpdate": {"t": [{"id": 0, "a": [["R", 8]]}]}, "UserController.reset": {"t": [{"id": 0, "a": [["R", 8], ["W", 8], ["W", 8], ["W", 8], ["R", 8], ["W", 8], ["W", 8], ["R", 8], ["R", 8], ["R", 8], ["R", 8], ["R", 8], ["R", 8], ["R", 8], ["R", 8], ["W", 8], ["W", 8], ["W", 8], ["R", 8], ["R", 8]]}]}, "UserController.update": {"t": [{"id": 0, "a": [["R", 8], ["R", 8], ["R", 8], ["R", 8], ["R", 8], ["R", 8], ["W", 8], ["W", 8], ["W", 8], ["R", 8], ["R", 8]]}]}, "ResourceController.deleteMany": {"t": [{"id": 0, "a": [["R", 10], ["R", 10], ["R", 10], ["R", 10], ["R", 10], ["W", 10], ["R", 10], ["R", 10], ["R", 10], ["W", 10]]}]}, "ResourceController.download": {"t": [{"id": 0, "a": [["R", 10], ["R", 10], ["R", 10], ["R", 10], ["W", 10], ["R", 10], ["R", 10], ["R", 10], ["R", 10], ["R", 10], ["R", 10], ["R", 10], ["R", 10], ["R", 10], ["R", 10], ["R", 10]]}]}, "ResourceController.list": {"t": [{"id": 0, "a": [["R", 10], ["R", 10]]}]}, "ResourceController.preUpdate": {"t": [{"id": 0, "a": [["R", 10], ["R", 10], ["R", 10], ["R", 10]]}]}, "ResourceController.update": {"t": [{"id": 0, "a": [["R", 10], ["R", 10], ["R", 10], ["R", 10], ["W", 10], ["W", 10], ["R", 10]]}]}, "ResourceController.upload": {"t": [{"id": 0, "a": [["W", 10], ["W", 10], ["W", 10], ["W", 10], ["W", 10], ["W", 10], ["R", 10], ["W", 10], ["W", 10], ["W", 10], ["W", 10], ["W", 10], ["W", 10], ["W", 10], ["R", 10]]}]}, "IndexController.index": {"t": [{"id": 0, "a": [["R", 6], ["R", 6], ["R", 6], ["R", 6], ["W", 6], ["W", 6], ["W", 6], ["W", 6], ["R", 6], ["R", 6], ["R", 6], ["R", 6], ["R", 6], ["R", 6], ["W", 6], ["W", 6], ["R", 6], ["R", 6], ["R", 6], ["R", 5], ["W", 6], ["W", 6]]}]}, "IndexController.updateBase": {"t": [{"id": 0, "a": [["R", 8], ["W", 8], ["R", 8], ["W", 8], ["R", 8], ["R", 8], ["R", 8], ["R", 8], ["R", 8], ["R", 8], ["W", 8], ["W", 8], ["W", 8], ["R", 8], ["R", 8]]}]}, "IndexController.updatePassword": {"t": [{"id": 0, "a": [["W", 8], ["R", 8], ["R", 8], ["R", 8], ["W", 8], ["W", 8], ["W", 8], ["R", 8], ["R", 8]]}]}, "OrganizationController.assignRole": {"t": [{"id": 0, "a": [["W", 11], ["R", 11], ["R", 9], ["R", 9], ["R", 9], ["R", 11], ["R", 2], ["R", 2], ["R", 2], ["R", 9], ["R", 2]]}]}, "OrganizationController.create": {"t": [{"id": 0, "a": [["R", 9], ["R", 9], ["R", 9], ["R", 9], ["R", 9], ["R", 9], ["R", 9], ["R", 9], ["R", 9], ["R", 9], ["R", 9], ["W", 9], ["R", 9]]}]}, "OrganizationController.delete": {"t": [{"id": 0, "a": [["R", 9], ["R", 9], ["R", 9], ["R", 9], ["R", 9], ["R", 9], ["R", 9], ["R", 8], ["R", 9], ["W", 9], ["R", 9]]}]}, "OrganizationController.deleteOrganizationRole": {"t": [{"id": 0, "a": [["R", 11], ["R", 11], ["R", 9], ["R", 9], ["R", 11], ["R", 2], ["R", 2], ["W", 11]]}]}, "OrganizationController.list": {"t": [{"id": 0, "a": [["R", 9], ["R", 9]]}]}, "OrganizationController.listOrganizationRole": {"t": [{"id": 0, "a": [["R", 11]]}]}, "OrganizationController.listUnassignRole": {"t": [{"id": 0, "a": [["R", 11], ["R", 2], ["R", 11], ["R", 2], ["R", 2], ["R", 2]]}]}, "OrganizationController.lookup": {"t": [{"id": 0, "a": [["R", 9], ["R", 9], ["R", 9], ["R", 9], ["W", 9], ["W", 9], ["W", 9], ["W", 9], ["R", 9], ["R", 9], ["R", 9], ["R", 9], ["R", 9], ["R", 9], ["W", 9], ["W", 9]]}]}, "OrganizationController.preUpdate": {"t": [{"id": 0, "a": [["R", 9]]}]}, "OrganizationController.tree": {"t": [{"id": 0, "a": [["R", 9], ["R", 9], ["R", 9], ["R", 9], ["W", 9], ["W", 9], ["W", 9], ["W", 9], ["R", 9], ["R", 9], ["R", 9], ["R", 9], ["R", 9], ["R", 9], ["W", 9], ["W", 9]]}]}, "OrganizationController.update": {"t": [{"id": 0, "a": [["R", 9], ["R", 9], ["R", 9], ["R", 9], ["R", 9], ["R", 9], ["R", 9], ["R", 9], ["R", 9], ["R", 9], ["R", 9], ["W", 9], ["R", 9]]}]}, "DictionaryController.create": {"t": [{"id": 0, "a": [["W", 12], ["R", 12]]}]}, "DictionaryController.deleteMany": {"t": [{"id": 0, "a": [["R", 12], ["R", 12], ["W", 12]]}]}, "DictionaryController.list": {"t": [{"id": 0, "a": [["R", 12], ["R", 12], ["R", 12], ["R", 12]]}]}, "DictionaryController.preUpdate": {"t": [{"id": 0, "a": [["R", 12]]}]}, "DictionaryController.update": {"t": [{"id": 0, "a": [["W", 12], ["R", 12]]}]}, "ModuleController.create": {"t": [{"id": 0, "a": [["R", 6], ["R", 6], ["R", 6], ["R", 6], ["R", 6], ["R", 6], ["R", 6], ["R", 6], ["R", 5], ["R", 5], ["W", 5], ["W", 6], ["W", 6], ["W", 5], ["R", 6], ["R", 6], ["R", 6], ["R", 6], ["W", 6], ["R", 6]]}]}, "ModuleController.delete": {"t": [{"id": 0, "a": [["R", 6], ["R", 6], ["R", 6], ["R", 6], ["R", 6], ["R", 6], ["R", 6], ["W", 6], ["R", 6]]}]}, "ModuleController.list": {"t": [{"id": 0, "a": [["R", 6], ["R", 6]]}]}, "ModuleController.lookup": {"t": [{"id": 0, "a": [["R", 6], ["R", 6], ["R", 6], ["R", 6], ["W", 6], ["W", 6], ["W", 6], ["W", 6], ["R", 6], ["R", 6], ["R", 6], ["R", 6], ["R", 6], ["R", 6], ["W", 6], ["W", 6]]}]}, "ModuleController.preUpdate": {"t": [{"id": 0, "a": [["R", 6]]}]}, "ModuleController.tree": {"t": [{"id": 0, "a": [["R", 6], ["R", 6], ["R", 6], ["R", 6], ["W", 6], ["W", 6], ["W", 6], ["W", 6], ["R", 6], ["R", 6], ["R", 6], ["R", 6], ["R", 6], ["R", 6], ["W", 6], ["W", 6]]}]}, "ModuleController.update": {"t": [{"id": 0, "a": [["R", 6], ["R", 6], ["R", 6], ["W", 6], ["R", 6], ["W", 6], ["R", 6], ["W", 6], ["R", 6], ["W", 6], ["R", 6], ["W", 6], ["R", 6], ["R", 6], ["W", 6], ["W", 6], ["R", 6], ["W", 6], ["R", 6], ["R", 5], ["R", 5], ["R", 5], ["W", 5], ["W", 6], ["R", 6], ["R", 5], ["W", 6], ["W", 5], ["W", 5], ["R", 5], ["R", 6], ["R", 5], ["R", 5], ["R", 5], ["W", 5], ["W", 6], ["R", 5], ["W", 5], ["R", 6], ["R", 5], ["W", 6], ["W", 5], ["R", 6], ["R", 6], ["R", 6], ["R", 6], ["W", 6], ["R", 6]]}]}, "ModuleController.view": {"t": [{"id": 0, "a": [["R", 6]]}]}, "LogInfoController.deleteMany": {"t": [{"id": 0, "a": [["W", 13]]}]}, "LogInfoController.list": {"t": [{"id": 0, "a": [["R", 13], ["R", 13]]}]}}