{"14": ["ketayao@gmail.com"], "15": ["ketayao@gmail.com"], "16": ["ketayao@gmail.com"], "17": ["ketayao@gmail.com"], "18": ["ketayao@gmail.com"], "19": ["ketayao@gmail.com"], "20": ["ketayao@gmail.com"], "21": ["ketayao@gmail.com"], "22": ["ketayao@gmail.com"], "23": ["ketayao@gmail.com"], "24": ["ketayao@gmail.com"], "25": ["ketayao@gmail.com"], "26": ["ketayao@gmail.com"], "27": ["ketayao@gmail.com"], "28": ["ketayao@gmail.com"], "29": ["ketayao@gmail.com"], "30": ["ketayao@gmail.com"], "6": ["ketayao@gmail.com"], "9": ["ketayao@gmail.com"], "11": ["ketayao@gmail.com"], "5": ["ketayao@gmail.com"], "2": ["ketayao@gmail.com"], "4": ["ketayao@gmail.com"], "8": ["ketayao@gmail.com"], "7": ["ketayao@gmail.com"], "31": ["ketayao@gmail.com"], "32": ["ketayao@gmail.com"], "33": ["ketayao@gmail.com"], "34": ["ketayao@gmail.com"], "35": ["ketayao@gmail.com"], "36": ["ketayao@gmail.com"], "37": ["ketayao@gmail.com"], "38": ["ketayao@gmail.com"], "39": ["ketayao@gmail.com"], "40": ["ketayao@gmail.com"], "41": ["ketayao@gmail.com"], "42": ["ketayao@gmail.com"], "43": ["ketayao@gmail.com"], "44": ["ketayao@gmail.com"], "45": ["ketayao@gmail.com"], "46": ["ketayao@gmail.com"], "47": ["ketayao@gmail.com"], "48": ["ketayao@gmail.com"], "49": ["ketayao@gmail.com"], "50": ["ketayao@gmail.com"], "51": ["ketayao@gmail.com"], "52": ["ketayao@gmail.com"], "53": ["ketayao@gmail.com"], "54": ["ketayao@gmail.com"], "55": ["ketayao@gmail.com"], "56": ["ketayao@gmail.com"], "57": ["ketayao@gmail.com"], "58": ["ketayao@gmail.com"], "59": ["ketayao@gmail.com"], "60": ["ketayao@gmail.com"], "61": ["ketayao@gmail.com"], "62": ["ketayao@gmail.com"], "63": ["ketayao@gmail.com"], "64": ["ketayao@gmail.com"], "65": ["ketayao@gmail.com"], "126": ["ketayao@gmail.com"], "67": ["ketayao@gmail.com"], "68": ["ketayao@gmail.com"], "69": ["ketayao@gmail.com"], "13": ["ketayao@gmail.com"], "70": ["ketayao@gmail.com"], "71": ["ketayao@gmail.com"], "72": ["ketayao@gmail.com"], "73": ["ketayao@gmail.com"], "74": ["ketayao@gmail.com"], "75": ["ketayao@gmail.com"], "76": ["ketayao@gmail.com"], "77": ["ketayao@gmail.com"], "78": ["ketayao@gmail.com"], "79": ["ketayao@gmail.com"], "80": ["ketayao@gmail.com"], "81": ["ketayao@gmail.com"], "10": ["ketayao@gmail.com"], "82": ["ketayao@gmail.com"], "83": ["ketayao@gmail.com"], "84": ["ketayao@gmail.com"], "111": ["ketayao@gmail.com"], "86": ["ketayao@gmail.com"], "87": ["ketayao@gmail.com"], "88": ["ketayao@gmail.com"], "89": ["ketayao@gmail.com"], "90": ["ketayao@gmail.com"], "91": ["ketayao@gmail.com"], "92": ["ketayao@gmail.com"], "93": ["ketayao@gmail.com"], "94": ["ketayao@gmail.com"], "95": ["ketayao@gmail.com"], "96": ["ketayao@gmail.com"], "97": ["ketayao@gmail.com"], "98": ["ketayao@gmail.com"], "99": ["ketayao@gmail.com"], "100": ["ketayao@gmail.com"], "101": ["ketayao@gmail.com"], "102": ["ketayao@gmail.com"], "103": ["ketayao@gmail.com"], "104": ["ketayao@gmail.com"], "105": ["ketayao@gmail.com"], "106": ["ketayao@gmail.com"], "107": ["ketayao@gmail.com"], "108": ["ketayao@gmail.com"], "109": ["ketayao@gmail.com"], "110": ["ketayao@gmail.com"], "112": ["ketayao@gmail.com"], "113": ["ketayao@gmail.com"], "114": ["ketayao@gmail.com"], "115": ["ketayao@gmail.com"], "116": ["ketayao@gmail.com"], "117": ["ketayao@gmail.com"], "118": ["ketayao@gmail.com"], "119": ["ketayao@gmail.com"], "120": ["ketayao@gmail.com"], "121": ["ketayao@gmail.com"], "122": ["ketayao@gmail.com"], "123": ["ketayao@gmail.com"], "124": ["ketayao@gmail.com"], "139": ["ketayao@gmail.com"], "127": ["ketayao@gmail.com"], "128": ["ketayao@gmail.com"], "129": ["ketayao@gmail.com"], "130": ["ketayao@gmail.com"], "131": ["ketayao@gmail.com"], "132": ["ketayao@gmail.com"], "1": ["ketayao@gmail.com"], "3": ["ketayao@gmail.com"], "133": ["ketayao@gmail.com"], "134": ["ketayao@gmail.com"], "135": ["ketayao@gmail.com"], "136": ["ketayao@gmail.com"], "137": ["ketayao@gmail.com"], "138": ["ketayao@gmail.com"], "140": ["ketayao@gmail.com"], "141": ["ketayao@gmail.com"], "142": ["ketayao@gmail.com"], "143": ["ketayao@gmail.com"], "144": ["ketayao@gmail.com"], "145": ["ketayao@gmail.com"], "146": ["ketayao@gmail.com"], "147": ["ketayao@gmail.com"], "148": ["ketayao@gmail.com"], "149": ["ketayao@gmail.com"], "150": ["ketayao@gmail.com"], "151": ["ketayao@gmail.com"], "152": ["ketayao@gmail.com"], "153": ["ketayao@gmail.com"], "12": ["ketayao@gmail.com"], "154": ["ketayao@gmail.com"], "155": ["ketayao@gmail.com"], "156": ["ketayao@gmail.com"], "157": ["ketayao@gmail.com"], "158": ["ketayao@gmail.com"], "159": ["ketayao@gmail.com"], "160": ["ketayao@gmail.com"], "161": ["ketayao@gmail.com"]}