{"54": {"63": 1, "total_commits": 56, "59": 1, "71": 1, "69": 1, "70": 2, "58": 2, "62": 1, "72": 1, "57": 1, "73": 1, "67": 1, "60": 1, "74": 1, "64": 1, "61": 1, "56": 1, "55": 1, "65": 1, "68": 1, "66": 1, "114": 1, "103": 1, "92": 1, "104": 1, "124": 1, "109": 1, "113": 1, "115": 1, "100": 1, "102": 1, "111": 1, "112": 2, "122": 1, "105": 1, "94": 1, "107": 1, "106": 1, "116": 1, "117": 1, "101": 1, "99": 1, "87": 1, "88": 1, "108": 1, "120": 1, "75": 1, "123": 1, "119": 1, "121": 1, "86": 1, "118": 1, "110": 1, "95": 1}, "57": {"70": 1, "total_commits": 20, "58": 1, "71": 1, "69": 1, "73": 1, "62": 1, "60": 1, "74": 1, "72": 1, "54": 1, "61": 1, "56": 1, "65": 1, "67": 1, "68": 1, "66": 1, "64": 1, "63": 1, "59": 1, "55": 1}, "69": {"72": 1, "total_commits": 30, "57": 1, "67": 1, "60": 1, "74": 1, "64": 1, "63": 1, "54": 1, "61": 1, "56": 1, "55": 1, "65": 1, "70": 1, "68": 2, "58": 1, "66": 1, "59": 1, "71": 1, "73": 1, "62": 1, "82": 1, "81": 1, "79": 1, "83": 1, "76": 1, "80": 1, "75": 1, "78": 1, "112": 1}, "61": {"67": 1, "total_commits": 20, "68": 1, "66": 1, "64": 1, "63": 1, "59": 1, "71": 1, "70": 1, "58": 1, "69": 1, "57": 1, "73": 1, "62": 1, "60": 1, "74": 1, "72": 1, "54": 1, "56": 1, "55": 1, "65": 1}, "66": {"63": 1, "total_commits": 20, "59": 1, "55": 1, "70": 1, "58": 1, "71": 1, "69": 1, "73": 1, "62": 1, "72": 1, "54": 1, "61": 1, "56": 1, "57": 1, "65": 1, "67": 1, "60": 1, "68": 1, "74": 1, "64": 1}, "65": {"72": 1, "total_commits": 20, "57": 1, "67": 1, "60": 1, "74": 1, "64": 1, "63": 1, "54": 1, "61": 1, "56": 1, "55": 1, "70": 1, "68": 1, "58": 1, "66": 1, "59": 1, "71": 1, "69": 1, "73": 1, "62": 1}, "55": {"54": 1, "total_commits": 20, "61": 1, "56": 1, "57": 1, "65": 1, "67": 1, "60": 1, "68": 1, "74": 1, "66": 1, "64": 1, "63": 1, "59": 1, "70": 1, "58": 1, "71": 1, "69": 1, "73": 1, "62": 1, "72": 1}, "67": {"73": 1, "total_commits": 35, "60": 1, "74": 1, "64": 1, "54": 1, "61": 1, "56": 1, "55": 1, "65": 1, "70": 1, "68": 1, "66": 1, "63": 1, "59": 1, "71": 1, "69": 1, "58": 1, "62": 1, "72": 1, "57": 1, "188": 1, "85": 1, "88": 1, "87": 1, "86": 1, "84": 1, "90": 1, "97": 1, "95": 1, "96": 1, "228": 1, "214": 1, "229": 1, "226": 1, "227": 1}, "63": {"72": 1, "total_commits": 20, "57": 1, "73": 1, "67": 1, "60": 1, "74": 1, "64": 1, "54": 1, "61": 1, "56": 1, "55": 1, "65": 1, "68": 1, "66": 1, "59": 1, "71": 1, "69": 1, "70": 1, "58": 1, "62": 1}, "64": {"62": 1, "total_commits": 20, "72": 1, "57": 1, "73": 1, "67": 1, "60": 1, "74": 1, "54": 1, "61": 1, "56": 1, "55": 1, "65": 1, "70": 1, "68": 1, "66": 1, "63": 1, "59": 1, "71": 1, "69": 1, "58": 1}, "73": {"61": 1, "total_commits": 20, "56": 1, "55": 1, "65": 1, "67": 1, "68": 1, "66": 1, "64": 1, "63": 1, "59": 1, "70": 1, "58": 1, "71": 1, "69": 1, "57": 1, "62": 1, "60": 1, "74": 1, "72": 1, "54": 1}, "72": {"71": 1, "total_commits": 20, "69": 1, "57": 1, "73": 1, "62": 1, "60": 1, "54": 1, "61": 1, "56": 1, "65": 1, "67": 1, "68": 1, "74": 1, "66": 1, "64": 1, "63": 1, "59": 1, "55": 1, "70": 1, "58": 1}, "60": {"57": 1, "total_commits": 20, "73": 1, "67": 1, "74": 1, "64": 1, "54": 1, "61": 1, "56": 1, "55": 1, "65": 1, "70": 1, "68": 1, "66": 1, "63": 1, "59": 1, "71": 1, "69": 1, "58": 1, "62": 1, "72": 1}, "74": {"69": 1, "total_commits": 20, "73": 1, "62": 1, "72": 1, "61": 1, "57": 1, "67": 1, "60": 1, "66": 1, "64": 1, "63": 1, "59": 1, "54": 1, "56": 1, "55": 1, "65": 1, "70": 1, "68": 1, "58": 1, "71": 1}, "62": {"57": 1, "total_commits": 20, "73": 1, "67": 1, "60": 1, "74": 1, "64": 1, "54": 1, "61": 1, "56": 1, "55": 1, "65": 1, "70": 1, "68": 1, "58": 1, "66": 1, "63": 1, "59": 1, "71": 1, "69": 1, "72": 1}, "58": {"66": 1, "total_commits": 70, "63": 1, "59": 1, "71": 1, "69": 1, "70": 2, "62": 1, "72": 1, "57": 1, "73": 1, "67": 1, "60": 1, "74": 1, "64": 1, "54": 2, "61": 1, "56": 1, "55": 1, "65": 1, "68": 1, "123": 1, "119": 1, "121": 1, "86": 1, "118": 1, "110": 1, "95": 1, "114": 1, "103": 1, "92": 1, "104": 1, "124": 1, "109": 1, "113": 2, "115": 1, "100": 1, "102": 1, "111": 2, "112": 4, "105": 1, "94": 1, "107": 1, "106": 1, "116": 1, "117": 1, "101": 1, "99": 1, "87": 1, "88": 2, "108": 1, "120": 1, "75": 1, "122": 1, "221": 1, "223": 1, "17": 1, "217": 1, "222": 1, "218": 1, "216": 1, "220": 1, "219": 1}, "59": {"71": 1, "total_commits": 20, "69": 1, "57": 1, "73": 1, "62": 1, "60": 1, "72": 1, "54": 1, "61": 1, "56": 1, "65": 1, "67": 1, "68": 1, "74": 1, "66": 1, "64": 1, "63": 1, "55": 1, "70": 1, "58": 1}, "70": {"72": 1, "total_commits": 63, "54": 2, "61": 1, "56": 1, "65": 1, "67": 1, "68": 1, "74": 1, "66": 1, "64": 1, "63": 1, "59": 1, "55": 1, "58": 2, "71": 1, "69": 1, "57": 1, "73": 1, "62": 1, "60": 1, "113": 1, "119": 1, "115": 1, "100": 2, "102": 1, "111": 1, "112": 2, "114": 1, "105": 1, "94": 1, "106": 1, "116": 1, "117": 1, "101": 1, "99": 1, "88": 1, "108": 1, "120": 1, "75": 1, "122": 1, "107": 1, "123": 1, "87": 1, "121": 1, "86": 1, "118": 1, "110": 2, "95": 1, "103": 1, "92": 1, "104": 2, "124": 1, "109": 2, "142": 1, "137": 1, "29": 1}, "56": {"70": 1, "total_commits": 20, "58": 1, "71": 1, "69": 1, "57": 1, "73": 1, "62": 1, "60": 1, "74": 1, "72": 1, "54": 1, "61": 1, "55": 1, "65": 1, "67": 1, "68": 1, "66": 1, "64": 1, "63": 1, "59": 1}, "68": {"69": 2, "total_commits": 33, "57": 1, "73": 1, "67": 1, "60": 1, "74": 1, "64": 1, "72": 1, "54": 1, "61": 1, "56": 1, "55": 1, "65": 1, "66": 1, "63": 1, "59": 1, "71": 1, "70": 1, "58": 1, "62": 1, "79": 1, "78": 1, "112": 1, "80": 1, "75": 1, "81": 1, "83": 1, "76": 1, "82": 1, "224": 1, "13": 1, "225": 1}, "71": {"69": 1, "total_commits": 20, "57": 1, "73": 1, "62": 1, "60": 1, "74": 1, "72": 1, "54": 1, "61": 1, "56": 1, "55": 1, "65": 1, "67": 1, "68": 1, "66": 1, "64": 1, "63": 1, "59": 1, "70": 1, "58": 1}, "83": {"76": 1, "total_commits": 16, "82": 1, "81": 1, "79": 1, "80": 1, "75": 1, "78": 1, "68": 1, "112": 1, "69": 1, "186": 1, "227": 1, "199": 1, "225": 1, "231": 1, "187": 1}, "79": {"112": 1, "total_commits": 10, "80": 1, "75": 1, "69": 1, "83": 1, "76": 1, "82": 1, "81": 1, "78": 1, "68": 1}, "76": {"79": 1, "total_commits": 10, "83": 1, "80": 1, "75": 1, "78": 1, "68": 1, "112": 1, "69": 1, "82": 1, "81": 1}, "75": {"81": 1, "total_commits": 46, "79": 1, "83": 1, "68": 1, "80": 1, "78": 1, "112": 3, "69": 1, "76": 1, "82": 1, "86": 1, "118": 1, "110": 1, "95": 1, "103": 1, "92": 1, "104": 1, "124": 1, "109": 1, "113": 1, "119": 1, "100": 1, "111": 1, "70": 1, "114": 1, "105": 1, "94": 1, "116": 1, "101": 1, "88": 1, "115": 1, "120": 1, "102": 1, "122": 1, "107": 1, "106": 1, "117": 1, "123": 1, "58": 1, "99": 1, "87": 1, "121": 1, "108": 1, "54": 1}, "78": {"68": 1, "total_commits": 10, "112": 1, "69": 1, "75": 1, "81": 1, "79": 1, "83": 1, "76": 1, "82": 1, "80": 1}, "112": {"69": 1, "total_commits": 110, "82": 1, "81": 1, "79": 1, "83": 1, "76": 1, "80": 1, "75": 3, "78": 1, "68": 1, "101": 2, "99": 2, "87": 2, "88": 4, "121": 2, "108": 2, "115": 2, "120": 2, "102": 2, "86": 2, "110": 2, "95": 2, "122": 2, "103": 2, "94": 2, "107": 2, "92": 2, "106": 2, "104": 2, "124": 2, "123": 2, "117": 2, "58": 4, "113": 4, "119": 2, "112": 4, "100": 2, "54": 2, "111": 4, "70": 2, "118": 2, "114": 2, "109": 2, "105": 2, "116": 2, "223": 2, "17": 2, "219": 2, "218": 2, "220": 2, "216": 2, "221": 2, "217": 2, "222": 2}, "82": {"83": 1, "total_commits": 10, "76": 1, "81": 1, "79": 1, "68": 1, "80": 1, "75": 1, "78": 1, "112": 1, "69": 1}, "80": {"82": 1, "total_commits": 10, "81": 1, "79": 1, "83": 1, "76": 1, "78": 1, "68": 1, "112": 1, "69": 1, "75": 1}, "81": {"79": 1, "total_commits": 10, "78": 1, "68": 1, "112": 1, "80": 1, "69": 1, "75": 1, "83": 1, "76": 1, "82": 1}, "88": {"84": 1, "total_commits": 72, "90": 1, "188": 1, "85": 1, "87": 2, "67": 1, "86": 2, "112": 4, "108": 1, "120": 1, "75": 1, "122": 1, "123": 1, "58": 2, "119": 1, "121": 1, "54": 1, "118": 1, "110": 1, "95": 1, "114": 1, "103": 1, "92": 1, "104": 1, "124": 1, "109": 1, "113": 2, "115": 1, "100": 1, "102": 1, "111": 2, "70": 1, "105": 1, "94": 1, "107": 1, "106": 1, "116": 1, "117": 1, "101": 1, "99": 1, "38": 1, "146": 1, "10": 1, "28": 1, "145": 1, "144": 1, "30": 1, "12": 1, "15": 1, "16": 1, "14": 1, "29": 1, "13": 1, "50": 1, "1": 1, "220": 1, "219": 1, "221": 1, "223": 1, "17": 1, "222": 1, "218": 1, "216": 1, "217": 1}, "87": {"90": 1, "total_commits": 46, "188": 1, "85": 1, "88": 2, "67": 1, "86": 2, "84": 1, "54": 1, "118": 1, "110": 2, "95": 1, "114": 1, "103": 1, "92": 1, "104": 1, "124": 1, "109": 1, "113": 1, "119": 1, "115": 1, "100": 1, "102": 1, "111": 1, "70": 1, "112": 2, "105": 1, "94": 1, "106": 1, "116": 1, "117": 1, "101": 1, "99": 1, "108": 1, "120": 1, "75": 1, "122": 1, "107": 1, "123": 1, "58": 1, "121": 1, "98": 1, "156": 1}, "188": {"88": 1, "total_commits": 59, "87": 1, "67": 1, "86": 1, "84": 1, "90": 1, "85": 1, "133": 1, "104": 1, "189": 1, "109": 1, "170": 1, "173": 1, "180": 1, "181": 1, "201": 1, "186": 1, "191": 1, "183": 1, "200": 1, "164": 1, "192": 1, "184": 1, "122": 1, "178": 1, "196": 1, "161": 1, "107": 1, "106": 1, "177": 1, "185": 1, "166": 1, "193": 1, "108": 1, "179": 1, "202": 1, "199": 1, "182": 1, "194": 1, "168": 1, "198": 1, "175": 1, "172": 1, "195": 1, "197": 1, "150": 1, "176": 1, "149": 1, "124": 1, "123": 1, "169": 1, "174": 1, "121": 1, "187": 1, "190": 1, "171": 1, "163": 1, "103": 1, "154": 1}, "85": {"90": 1, "total_commits": 7, "188": 1, "88": 1, "87": 1, "67": 1, "86": 1, "84": 1}, "90": {"85": 1, "total_commits": 7, "88": 1, "87": 1, "67": 1, "86": 1, "84": 1, "188": 1}, "86": {"188": 1, "total_commits": 72, "85": 1, "88": 2, "87": 2, "67": 1, "84": 1, "90": 1, "120": 1, "75": 1, "122": 1, "123": 1, "58": 1, "119": 1, "121": 1, "54": 1, "118": 1, "110": 1, "95": 2, "114": 2, "103": 2, "92": 1, "104": 2, "124": 1, "109": 2, "113": 1, "115": 2, "100": 1, "102": 1, "111": 1, "70": 1, "112": 2, "105": 2, "94": 1, "107": 2, "106": 2, "116": 1, "117": 1, "101": 1, "99": 1, "108": 2, "139": 1, "135": 1, "141": 1, "134": 1, "142": 1, "136": 1, "130": 1, "133": 1, "140": 1, "96": 1, "129": 1, "137": 1, "128": 1, "125": 1, "126": 1, "131": 1, "132": 1, "127": 1, "138": 1}, "84": {"90": 1, "total_commits": 7, "188": 1, "85": 1, "88": 1, "87": 1, "67": 1, "86": 1}, "92": {"91": 1, "total_commits": 52, "94": 2, "93": 1, "117": 1, "101": 1, "99": 2, "87": 1, "88": 1, "112": 2, "108": 2, "120": 1, "75": 1, "122": 1, "107": 2, "123": 1, "58": 1, "119": 1, "121": 1, "54": 1, "86": 1, "118": 1, "110": 1, "95": 1, "114": 1, "103": 2, "104": 1, "124": 1, "109": 2, "113": 1, "115": 1, "100": 1, "102": 2, "111": 1, "70": 1, "105": 2, "106": 2, "116": 1, "16": 1, "141": 1, "38": 1, "140": 1, "136": 1}, "93": {"94": 1, "total_commits": 7, "92": 1, "91": 1, "235": 1, "139": 1, "106": 1, "172": 1}, "91": {"94": 1, "total_commits": 3, "92": 1, "93": 1}, "94": {"93": 1, "total_commits": 39, "92": 2, "91": 1, "110": 1, "95": 1, "114": 1, "103": 1, "104": 1, "124": 1, "109": 1, "113": 1, "115": 1, "100": 1, "102": 1, "111": 1, "70": 1, "112": 2, "122": 1, "105": 1, "107": 1, "106": 1, "116": 1, "117": 1, "101": 1, "99": 1, "87": 1, "88": 1, "108": 1, "120": 1, "75": 1, "123": 1, "58": 1, "119": 1, "121": 1, "54": 1, "86": 1, "118": 1}, "97": {"95": 1, "total_commits": 3, "96": 1, "67": 1}, "96": {"67": 1, "total_commits": 32, "95": 2, "97": 1, "134": 1, "142": 1, "130": 1, "133": 1, "125": 1, "105": 1, "109": 1, "86": 1, "107": 1, "140": 1, "126": 1, "131": 1, "132": 1, "106": 1, "129": 1, "137": 1, "128": 1, "103": 1, "115": 1, "136": 1, "114": 1, "127": 1, "104": 1, "108": 1, "138": 1, "139": 1, "135": 1, "141": 1}, "95": {"97": 1, "total_commits": 77, "96": 2, "67": 1, "122": 1, "107": 2, "123": 1, "58": 1, "87": 1, "112": 2, "121": 1, "54": 1, "86": 2, "118": 1, "110": 1, "103": 2, "92": 1, "104": 2, "124": 1, "109": 2, "113": 1, "119": 1, "115": 3, "100": 1, "111": 1, "70": 1, "114": 3, "105": 2, "94": 1, "106": 2, "116": 1, "117": 1, "101": 1, "99": 1, "88": 1, "108": 2, "120": 1, "75": 1, "102": 1, "134": 1, "142": 1, "129": 2, "137": 1, "128": 2, "130": 1, "133": 1, "125": 2, "140": 1, "126": 1, "131": 1, "132": 1, "127": 1, "139": 1, "135": 1, "136": 1, "138": 1, "141": 1, "147": 1, "11": 1, "152": 1, "153": 1}, "113": {"70": 1, "total_commits": 50, "112": 4, "105": 1, "94": 1, "106": 1, "116": 1, "117": 1, "101": 1, "99": 1, "88": 2, "108": 1, "120": 1, "75": 1, "122": 1, "107": 1, "123": 1, "58": 2, "87": 1, "121": 1, "54": 1, "86": 1, "118": 1, "110": 1, "95": 1, "114": 1, "103": 1, "92": 1, "104": 1, "124": 1, "109": 1, "119": 1, "115": 1, "100": 1, "102": 1, "111": 2, "222": 1, "218": 1, "216": 1, "217": 1, "220": 1, "219": 1, "221": 1, "223": 1, "17": 1}, "105": {"110": 1, "total_commits": 84, "95": 2, "103": 3, "92": 2, "104": 2, "124": 1, "109": 4, "113": 1, "119": 1, "100": 1, "111": 1, "70": 1, "112": 2, "114": 2, "94": 1, "116": 1, "117": 1, "101": 1, "88": 1, "108": 3, "115": 2, "120": 1, "75": 1, "102": 2, "122": 1, "107": 3, "106": 3, "123": 1, "58": 1, "99": 2, "87": 1, "121": 1, "54": 1, "86": 2, "118": 1, "126": 1, "131": 1, "96": 1, "132": 1, "127": 1, "139": 1, "135": 1, "136": 2, "138": 2, "141": 2, "134": 1, "142": 1, "129": 1, "137": 1, "128": 1, "130": 1, "133": 1, "125": 1, "140": 2, "14": 1, "155": 1, "13": 1, "11": 1, "16": 1, "38": 1}, "121": {"114": 1, "total_commits": 88, "103": 2, "92": 1, "104": 2, "124": 2, "109": 2, "113": 1, "115": 1, "100": 1, "102": 1, "111": 1, "70": 1, "112": 2, "105": 1, "94": 1, "107": 2, "106": 2, "116": 1, "117": 1, "101": 1, "99": 1, "87": 1, "88": 1, "108": 2, "120": 1, "75": 1, "122": 2, "123": 2, "58": 1, "119": 1, "54": 1, "86": 1, "118": 1, "110": 1, "95": 1, "154": 1, "133": 1, "170": 1, "173": 1, "180": 1, "181": 1, "201": 1, "186": 1, "183": 1, "200": 1, "164": 1, "192": 1, "184": 1, "178": 1, "196": 1, "161": 1, "177": 1, "185": 1, "189": 1, "166": 1, "193": 1, "191": 1, "179": 1, "202": 1, "199": 1, "188": 1, "182": 1, "194": 1, "198": 1, "175": 1, "172": 1, "195": 1, "197": 1, "150": 1, "176": 1, "149": 1, "169": 1, "174": 1, "187": 1, "190": 1, "171": 1, "168": 1, "163": 1}, "114": {"109": 2, "total_commits": 72, "113": 1, "119": 1, "115": 3, "100": 1, "102": 1, "111": 1, "70": 1, "112": 2, "105": 2, "94": 1, "106": 2, "116": 1, "117": 1, "101": 1, "99": 1, "88": 1, "108": 2, "120": 1, "75": 1, "122": 1, "107": 2, "123": 1, "58": 1, "87": 1, "121": 1, "54": 1, "86": 2, "118": 1, "110": 1, "95": 3, "103": 2, "92": 1, "104": 2, "124": 1, "140": 1, "96": 1, "129": 2, "137": 1, "128": 2, "130": 1, "133": 1, "125": 1, "126": 1, "131": 1, "132": 1, "127": 1, "139": 1, "135": 1, "141": 1, "134": 1, "142": 1, "136": 1, "138": 1, "11": 1, "152": 1, "153": 1}, "99": {"100": 1, "total_commits": 53, "111": 1, "70": 1, "112": 2, "114": 1, "105": 2, "94": 1, "116": 1, "101": 1, "88": 1, "108": 2, "115": 1, "120": 1, "75": 1, "102": 2, "122": 1, "107": 2, "106": 2, "117": 1, "123": 1, "58": 1, "87": 1, "121": 1, "54": 1, "86": 1, "118": 1, "110": 1, "95": 1, "103": 3, "92": 2, "104": 1, "124": 1, "109": 2, "113": 1, "119": 1, "16": 1, "141": 1, "136": 2, "38": 1, "140": 1, "15": 1, "167": 1}, "120": {"87": 1, "total_commits": 36, "112": 2, "121": 1, "54": 1, "86": 1, "118": 1, "110": 1, "95": 1, "103": 1, "92": 1, "104": 1, "124": 1, "109": 1, "113": 1, "119": 1, "115": 1, "100": 1, "111": 1, "70": 1, "114": 1, "105": 1, "94": 1, "106": 1, "116": 1, "117": 1, "101": 1, "99": 1, "88": 1, "108": 1, "75": 1, "102": 1, "122": 1, "107": 1, "123": 1, "58": 1}, "111": {"107": 1, "total_commits": 50, "123": 1, "58": 2, "87": 1, "112": 4, "121": 1, "54": 1, "86": 1, "118": 1, "110": 1, "95": 1, "103": 1, "92": 1, "104": 1, "124": 1, "109": 1, "113": 2, "119": 1, "115": 1, "100": 1, "102": 1, "70": 1, "114": 1, "105": 1, "94": 1, "106": 1, "116": 1, "117": 1, "101": 1, "99": 1, "88": 2, "108": 1, "120": 1, "75": 1, "122": 1, "221": 1, "223": 1, "17": 1, "222": 1, "218": 1, "216": 1, "217": 1, "220": 1, "219": 1}, "122": {"88": 1, "total_commits": 88, "112": 2, "108": 2, "75": 1, "124": 2, "123": 2, "58": 1, "119": 1, "121": 2, "54": 1, "86": 1, "70": 1, "118": 1, "110": 1, "95": 1, "114": 1, "103": 2, "92": 1, "104": 2, "109": 2, "113": 1, "115": 1, "100": 1, "120": 1, "102": 1, "111": 1, "105": 1, "94": 1, "107": 2, "106": 2, "116": 1, "117": 1, "101": 1, "99": 1, "87": 1, "179": 1, "202": 1, "199": 1, "182": 1, "194": 1, "168": 1, "198": 1, "175": 1, "172": 1, "195": 1, "197": 1, "150": 1, "176": 1, "149": 1, "169": 1, "174": 1, "187": 1, "190": 1, "171": 1, "163": 1, "154": 1, "133": 1, "189": 1, "170": 1, "173": 1, "180": 1, "181": 1, "201": 1, "186": 1, "191": 1, "183": 1, "200": 1, "164": 1, "192": 1, "184": 1, "188": 1, "178": 1, "196": 1, "161": 1, "177": 1, "185": 1, "166": 1, "193": 1}, "101": {"109": 1, "total_commits": 36, "115": 1, "100": 1, "120": 1, "102": 1, "112": 2, "122": 1, "105": 1, "94": 1, "107": 1, "106": 1, "116": 1, "117": 1, "58": 1, "99": 1, "87": 1, "88": 1, "121": 1, "108": 1, "75": 1, "110": 1, "95": 1, "92": 1, "104": 1, "124": 1, "123": 1, "113": 1, "119": 1, "54": 1, "111": 1, "86": 1, "70": 1, "118": 1, "114": 1, "103": 1}, "103": {"92": 2, "total_commits": 134, "104": 3, "124": 2, "109": 4, "113": 1, "119": 1, "100": 1, "54": 1, "111": 1, "70": 1, "112": 2, "114": 2, "101": 1, "115": 2, "120": 1, "75": 1, "102": 2, "122": 2, "105": 3, "94": 1, "107": 4, "106": 4, "116": 1, "117": 1, "123": 2, "58": 1, "99": 3, "87": 1, "88": 1, "121": 2, "108": 4, "86": 2, "118": 1, "110": 1, "95": 2, "136": 3, "127": 1, "138": 1, "135": 1, "141": 2, "134": 1, "142": 1, "129": 1, "128": 1, "130": 1, "133": 2, "125": 1, "140": 2, "126": 1, "131": 1, "96": 1, "132": 1, "137": 1, "139": 1, "16": 1, "38": 1, "154": 1, "176": 1, "170": 1, "173": 1, "169": 1, "174": 1, "181": 1, "186": 1, "164": 1, "190": 1, "192": 1, "184": 1, "161": 1, "177": 1, "189": 1, "166": 1, "180": 1, "201": 1, "191": 1, "183": 1, "200": 1, "199": 1, "188": 1, "194": 1, "178": 1, "195": 1, "196": 1, "197": 1, "150": 1, "185": 1, "149": 1, "193": 1, "187": 1, "179": 1, "202": 1, "182": 1, "171": 1, "168": 1, "163": 1, "198": 1, "175": 1, "172": 1, "167": 1, "15": 1}, "110": {"114": 1, "total_commits": 56, "103": 1, "92": 1, "104": 2, "124": 1, "109": 2, "113": 1, "119": 1, "115": 2, "100": 2, "102": 1, "111": 1, "70": 2, "112": 2, "105": 1, "94": 1, "106": 1, "116": 1, "117": 1, "101": 1, "99": 1, "88": 1, "108": 1, "120": 1, "75": 1, "122": 1, "107": 1, "123": 1, "58": 1, "87": 2, "121": 1, "54": 1, "86": 1, "118": 1, "95": 1, "98": 3, "156": 1, "29": 1, "142": 1, "137": 1, "12": 1, "233": 1, "225": 1, "129": 1, "234": 1, "134": 1, "153": 1}, "104": {"107": 3, "total_commits": 124, "123": 2, "58": 1, "87": 1, "112": 2, "121": 2, "54": 1, "86": 2, "118": 1, "110": 2, "95": 2, "114": 2, "103": 3, "92": 1, "124": 2, "109": 4, "113": 1, "119": 1, "115": 2, "100": 2, "102": 1, "111": 1, "70": 2, "105": 2, "94": 1, "106": 3, "116": 1, "117": 1, "101": 1, "99": 1, "88": 1, "108": 3, "120": 1, "75": 1, "122": 2, "126": 1, "131": 1, "132": 1, "127": 1, "139": 1, "135": 1, "141": 1, "134": 1, "142": 2, "136": 1, "133": 2, "138": 1, "140": 1, "96": 1, "129": 1, "137": 2, "128": 1, "130": 1, "125": 1, "29": 1, "195": 1, "197": 1, "150": 1, "185": 1, "176": 1, "149": 1, "193": 1, "187": 1, "190": 1, "171": 1, "168": 1, "163": 1, "154": 1, "170": 1, "173": 1, "180": 1, "169": 1, "174": 1, "181": 1, "201": 1, "186": 1, "200": 1, "164": 1, "192": 1, "184": 1, "196": 1, "161": 1, "177": 1, "189": 1, "166": 1, "191": 1, "183": 1, "179": 1, "202": 1, "199": 1, "188": 1, "182": 1, "194": 1, "198": 1, "175": 1, "178": 1, "172": 1}, "119": {"115": 1, "total_commits": 36, "100": 1, "120": 1, "102": 1, "111": 1, "112": 2, "122": 1, "105": 1, "94": 1, "107": 1, "106": 1, "116": 1, "117": 1, "101": 1, "99": 1, "87": 1, "88": 1, "108": 1, "75": 1, "92": 1, "124": 1, "123": 1, "58": 1, "113": 1, "121": 1, "54": 1, "86": 1, "70": 1, "118": 1, "110": 1, "95": 1, "114": 1, "103": 1, "104": 1, "109": 1}, "106": {"121": 2, "total_commits": 134, "54": 1, "86": 2, "118": 1, "110": 1, "95": 2, "114": 2, "103": 4, "92": 2, "104": 3, "124": 2, "109": 4, "113": 1, "119": 1, "115": 2, "100": 1, "102": 2, "111": 1, "70": 1, "112": 2, "105": 3, "94": 1, "116": 1, "117": 1, "101": 1, "99": 2, "88": 1, "108": 4, "120": 1, "75": 1, "122": 2, "107": 4, "123": 2, "58": 1, "87": 1, "134": 1, "142": 1, "136": 2, "133": 2, "138": 1, "140": 2, "96": 1, "129": 1, "137": 1, "128": 1, "130": 1, "125": 1, "126": 1, "131": 1, "132": 1, "127": 1, "139": 2, "135": 1, "141": 2, "16": 1, "38": 1, "174": 1, "187": 1, "190": 1, "171": 1, "168": 1, "163": 1, "154": 1, "170": 1, "173": 1, "180": 1, "169": 1, "181": 1, "201": 1, "186": 1, "200": 1, "164": 1, "192": 1, "184": 1, "178": 1, "196": 1, "161": 1, "177": 1, "189": 1, "166": 1, "191": 1, "183": 1, "179": 1, "202": 1, "199": 1, "188": 1, "182": 1, "194": 1, "198": 1, "175": 1, "172": 2, "195": 1, "197": 1, "150": 1, "185": 1, "176": 1, "149": 1, "193": 1, "93": 1, "235": 1}, "100": {"122": 1, "total_commits": 43, "107": 1, "123": 1, "58": 1, "87": 1, "112": 2, "121": 1, "54": 1, "86": 1, "118": 1, "110": 2, "95": 1, "103": 1, "92": 1, "104": 2, "124": 1, "109": 2, "113": 1, "119": 1, "115": 1, "102": 1, "111": 1, "70": 2, "114": 1, "105": 1, "94": 1, "106": 1, "116": 1, "117": 1, "101": 1, "99": 1, "88": 1, "108": 1, "120": 1, "75": 1, "142": 1, "137": 1, "29": 1}, "118": {"99": 1, "total_commits": 36, "88": 1, "108": 1, "120": 1, "75": 1, "102": 1, "122": 1, "107": 1, "123": 1, "58": 1, "87": 1, "112": 2, "121": 1, "54": 1, "86": 1, "110": 1, "95": 1, "103": 1, "92": 1, "104": 1, "124": 1, "109": 1, "113": 1, "119": 1, "115": 1, "100": 1, "111": 1, "70": 1, "114": 1, "105": 1, "94": 1, "106": 1, "116": 1, "117": 1, "101": 1}, "117": {"122": 1, "total_commits": 36, "105": 1, "94": 1, "107": 1, "106": 1, "116": 1, "123": 1, "58": 1, "99": 1, "87": 1, "88": 1, "112": 2, "121": 1, "108": 1, "86": 1, "110": 1, "95": 1, "103": 1, "92": 1, "104": 1, "124": 1, "109": 1, "113": 1, "119": 1, "100": 1, "54": 1, "111": 1, "70": 1, "118": 1, "114": 1, "101": 1, "115": 1, "120": 1, "75": 1, "102": 1}, "102": {"101": 1, "total_commits": 52, "115": 1, "120": 1, "75": 1, "122": 1, "105": 2, "94": 1, "107": 2, "106": 2, "116": 1, "117": 1, "123": 1, "58": 1, "99": 2, "87": 1, "88": 1, "112": 2, "121": 1, "108": 2, "86": 1, "118": 1, "110": 1, "95": 1, "103": 2, "92": 2, "104": 1, "124": 1, "109": 2, "113": 1, "119": 1, "100": 1, "54": 1, "111": 1, "70": 1, "114": 1, "16": 1, "141": 1, "136": 1, "38": 1, "140": 1, "232": 1, "227": 1, "228": 1}, "107": {"117": 1, "total_commits": 130, "58": 1, "99": 2, "87": 1, "88": 1, "112": 2, "121": 2, "108": 4, "75": 1, "110": 1, "95": 2, "92": 2, "104": 3, "124": 2, "123": 2, "113": 1, "119": 1, "54": 1, "111": 1, "86": 2, "70": 1, "118": 1, "114": 2, "103": 4, "109": 4, "101": 1, "115": 2, "100": 1, "120": 1, "102": 2, "122": 2, "105": 3, "94": 1, "106": 4, "116": 1, "129": 1, "137": 1, "128": 1, "136": 2, "127": 1, "138": 1, "139": 1, "135": 1, "141": 2, "134": 1, "142": 1, "130": 1, "133": 2, "125": 1, "140": 2, "126": 1, "131": 1, "96": 1, "132": 1, "16": 1, "38": 1, "185": 1, "193": 1, "187": 1, "179": 1, "202": 1, "199": 1, "182": 1, "171": 1, "168": 1, "163": 1, "198": 1, "175": 1, "172": 1, "195": 1, "197": 1, "150": 1, "176": 1, "149": 1, "169": 1, "174": 1, "181": 1, "164": 1, "190": 1, "192": 1, "184": 1, "161": 1, "154": 1, "177": 1, "189": 1, "170": 1, "173": 1, "166": 1, "180": 1, "201": 1, "186": 1, "191": 1, "183": 1, "200": 1, "188": 1, "194": 1, "178": 1, "196": 1}, "109": {"123": 2, "total_commits": 152, "58": 1, "119": 1, "121": 2, "54": 1, "86": 2, "118": 1, "110": 2, "95": 2, "114": 2, "103": 4, "92": 2, "104": 4, "124": 2, "113": 1, "115": 2, "100": 2, "102": 2, "111": 1, "70": 2, "112": 2, "105": 4, "94": 1, "107": 4, "106": 4, "116": 1, "117": 1, "101": 1, "99": 2, "87": 1, "88": 1, "108": 4, "120": 1, "75": 1, "122": 2, "127": 1, "138": 2, "139": 1, "135": 1, "141": 2, "134": 1, "142": 2, "136": 2, "130": 1, "133": 2, "140": 2, "126": 1, "96": 1, "129": 1, "137": 2, "128": 1, "125": 1, "131": 1, "132": 1, "14": 1, "155": 1, "13": 1, "11": 1, "163": 2, "8": 1, "164": 2, "161": 2, "158": 1, "159": 1, "7": 1, "160": 1, "162": 1, "29": 1, "16": 1, "38": 1, "176": 1, "149": 1, "169": 1, "174": 1, "187": 1, "190": 1, "171": 1, "168": 1, "154": 1, "170": 1, "173": 1, "180": 1, "181": 1, "201": 1, "186": 1, "200": 1, "192": 1, "184": 1, "178": 1, "196": 1, "177": 1, "185": 1, "189": 1, "166": 1, "193": 1, "191": 1, "183": 1, "179": 1, "202": 1, "199": 1, "188": 1, "182": 1, "194": 1, "198": 1, "175": 1, "172": 1, "195": 1, "197": 1, "150": 1}, "116": {"100": 1, "total_commits": 36, "102": 1, "111": 1, "70": 1, "112": 2, "105": 1, "94": 1, "107": 1, "106": 1, "117": 1, "101": 1, "99": 1, "87": 1, "88": 1, "108": 1, "120": 1, "75": 1, "122": 1, "123": 1, "58": 1, "119": 1, "121": 1, "54": 1, "86": 1, "118": 1, "110": 1, "95": 1, "114": 1, "103": 1, "92": 1, "104": 1, "124": 1, "109": 1, "113": 1, "115": 1}, "115": {"54": 1, "total_commits": 80, "86": 2, "118": 1, "110": 2, "95": 3, "114": 3, "103": 2, "92": 1, "104": 2, "124": 1, "109": 2, "113": 1, "100": 1, "102": 1, "111": 1, "70": 1, "112": 2, "105": 2, "94": 1, "107": 2, "106": 2, "116": 1, "117": 1, "101": 1, "99": 1, "87": 1, "88": 1, "108": 2, "120": 1, "75": 1, "122": 1, "123": 1, "58": 1, "119": 1, "121": 1, "140": 1, "96": 1, "129": 3, "137": 1, "128": 2, "125": 1, "126": 1, "131": 1, "132": 1, "127": 1, "138": 1, "139": 1, "135": 1, "141": 1, "134": 2, "142": 1, "136": 1, "130": 1, "133": 1, "11": 1, "152": 1, "153": 2, "234": 1, "233": 1, "225": 1, "98": 1}, "124": {"109": 2, "total_commits": 88, "101": 1, "115": 1, "100": 1, "120": 1, "75": 1, "102": 1, "112": 2, "122": 2, "105": 1, "94": 1, "107": 2, "106": 2, "116": 1, "117": 1, "58": 1, "99": 1, "87": 1, "88": 1, "121": 2, "108": 2, "86": 1, "110": 1, "95": 1, "103": 2, "92": 1, "104": 2, "123": 2, "113": 1, "119": 1, "54": 1, "111": 1, "70": 1, "118": 1, "114": 1, "177": 1, "133": 1, "189": 1, "170": 1, "173": 1, "166": 1, "180": 1, "201": 1, "186": 1, "191": 1, "183": 1, "200": 1, "188": 1, "194": 1, "178": 1, "195": 1, "196": 1, "197": 1, "185": 1, "149": 1, "193": 1, "187": 1, "179": 1, "202": 1, "199": 1, "182": 1, "171": 1, "168": 1, "163": 1, "198": 1, "175": 1, "172": 1, "150": 1, "176": 1, "169": 1, "174": 1, "181": 1, "164": 1, "190": 1, "192": 1, "184": 1, "161": 1, "154": 1}, "108": {"120": 1, "total_commits": 130, "75": 1, "122": 2, "107": 4, "123": 2, "58": 1, "87": 1, "119": 1, "121": 2, "54": 1, "86": 2, "118": 1, "110": 1, "95": 2, "114": 2, "103": 4, "92": 2, "104": 3, "124": 2, "109": 4, "113": 1, "115": 2, "100": 1, "102": 2, "111": 1, "70": 1, "112": 2, "105": 3, "94": 1, "106": 4, "116": 1, "117": 1, "101": 1, "99": 2, "88": 1, "138": 1, "139": 1, "135": 1, "141": 2, "134": 1, "142": 1, "136": 2, "133": 2, "140": 2, "96": 1, "129": 1, "137": 1, "128": 1, "130": 1, "125": 1, "126": 1, "131": 1, "132": 1, "127": 1, "16": 1, "38": 1, "191": 1, "183": 1, "179": 1, "202": 1, "199": 1, "188": 1, "182": 1, "194": 1, "198": 1, "175": 1, "172": 1, "195": 1, "197": 1, "150": 1, "185": 1, "176": 1, "149": 1, "174": 1, "187": 1, "190": 1, "171": 1, "168": 1, "163": 1, "154": 1, "170": 1, "173": 1, "180": 1, "169": 1, "181": 1, "201": 1, "186": 1, "200": 1, "164": 1, "192": 1, "184": 1, "178": 1, "196": 1, "161": 1, "177": 1, "189": 1, "166": 1, "193": 1}, "123": {"122": 2, "total_commits": 88, "94": 1, "107": 2, "106": 2, "117": 1, "58": 1, "99": 1, "87": 1, "112": 2, "121": 2, "108": 2, "86": 1, "118": 1, "110": 1, "95": 1, "103": 2, "92": 1, "104": 2, "124": 2, "109": 2, "113": 1, "119": 1, "100": 1, "54": 1, "111": 1, "70": 1, "114": 1, "105": 1, "116": 1, "101": 1, "88": 1, "115": 1, "120": 1, "75": 1, "102": 1, "199": 1, "188": 1, "194": 1, "198": 1, "175": 1, "178": 1, "172": 1, "195": 1, "196": 1, "197": 1, "150": 1, "185": 1, "149": 1, "193": 1, "187": 1, "179": 1, "202": 1, "182": 1, "171": 1, "168": 1, "163": 1, "154": 1, "176": 1, "170": 1, "173": 1, "169": 1, "174": 1, "181": 1, "186": 1, "164": 1, "190": 1, "192": 1, "184": 1, "161": 1, "177": 1, "133": 1, "189": 1, "166": 1, "180": 1, "201": 1, "191": 1, "183": 1, "200": 1}, "134": {"136": 1, "total_commits": 37, "114": 1, "127": 1, "104": 1, "108": 1, "138": 1, "135": 1, "141": 1, "142": 1, "130": 1, "133": 1, "125": 1, "105": 1, "109": 1, "86": 1, "107": 1, "140": 1, "126": 1, "131": 1, "96": 1, "132": 1, "106": 1, "95": 1, "129": 2, "137": 1, "128": 1, "103": 1, "115": 2, "139": 1, "110": 1, "234": 1, "233": 1, "225": 1, "98": 1, "153": 1}, "135": {"86": 1, "total_commits": 29, "132": 1, "95": 1, "136": 1, "114": 1, "103": 1, "127": 1, "108": 1, "138": 1, "139": 1, "141": 1, "134": 1, "142": 1, "130": 1, "133": 1, "104": 1, "105": 1, "109": 1, "107": 1, "140": 1, "126": 1, "131": 1, "96": 1, "106": 1, "129": 1, "137": 1, "128": 1, "125": 1, "115": 1}, "128": {"130": 1, "total_commits": 36, "133": 1, "125": 1, "105": 1, "86": 1, "107": 1, "140": 1, "126": 1, "131": 1, "96": 1, "132": 1, "106": 1, "95": 2, "137": 1, "103": 1, "115": 2, "139": 1, "136": 1, "114": 2, "127": 1, "104": 1, "108": 1, "138": 1, "109": 1, "135": 1, "141": 1, "134": 1, "142": 1, "129": 2, "11": 1, "152": 1, "153": 1}, "125": {"128": 1, "total_commits": 31, "115": 1, "86": 1, "132": 1, "95": 2, "136": 1, "114": 1, "103": 1, "127": 1, "108": 1, "138": 1, "139": 1, "135": 1, "141": 1, "134": 1, "142": 1, "130": 1, "133": 1, "104": 1, "105": 1, "109": 1, "107": 1, "140": 1, "126": 1, "131": 1, "96": 1, "106": 1, "129": 1, "137": 1, "147": 1}, "136": {"107": 2, "total_commits": 46, "140": 2, "126": 1, "131": 1, "96": 1, "132": 1, "95": 1, "103": 3, "127": 1, "108": 2, "139": 1, "135": 1, "114": 1, "104": 1, "138": 1, "105": 2, "109": 2, "141": 2, "106": 2, "134": 1, "142": 1, "129": 1, "137": 1, "128": 1, "130": 1, "133": 1, "125": 1, "115": 1, "86": 1, "38": 1, "102": 1, "99": 2, "16": 1, "92": 1, "15": 1, "167": 1}, "142": {"104": 2, "total_commits": 42, "138": 1, "105": 1, "109": 2, "141": 1, "134": 1, "129": 1, "137": 2, "128": 1, "130": 1, "133": 1, "125": 1, "86": 1, "107": 1, "140": 1, "126": 1, "131": 1, "96": 1, "132": 1, "106": 1, "95": 1, "103": 1, "127": 1, "108": 1, "115": 1, "139": 1, "135": 1, "136": 1, "114": 1, "29": 1, "100": 1, "70": 1, "110": 1, "225": 1, "224": 1, "228": 1, "226": 1, "227": 1, "230": 1}, "138": {"108": 1, "total_commits": 35, "139": 1, "135": 1, "141": 1, "134": 1, "142": 1, "130": 1, "133": 1, "104": 1, "105": 2, "109": 2, "107": 1, "140": 1, "126": 1, "131": 1, "96": 1, "106": 1, "129": 1, "137": 1, "128": 1, "125": 1, "115": 1, "86": 1, "132": 1, "95": 1, "136": 1, "114": 1, "103": 1, "127": 1, "155": 1, "13": 1, "11": 1, "14": 1}, "140": {"114": 1, "total_commits": 42, "103": 2, "127": 1, "108": 2, "139": 1, "135": 1, "141": 2, "134": 1, "142": 1, "136": 2, "133": 1, "104": 1, "138": 1, "105": 2, "109": 2, "96": 1, "106": 2, "129": 1, "137": 1, "128": 1, "130": 1, "125": 1, "115": 1, "86": 1, "107": 2, "126": 1, "131": 1, "132": 1, "95": 1, "92": 1, "38": 1, "102": 1, "99": 1, "16": 1}, "133": {"104": 2, "total_commits": 100, "138": 1, "105": 1, "109": 2, "140": 1, "96": 1, "106": 2, "129": 1, "137": 1, "128": 1, "130": 1, "125": 1, "115": 1, "86": 1, "107": 2, "126": 1, "131": 1, "132": 1, "95": 1, "114": 1, "103": 2, "127": 1, "108": 2, "139": 1, "135": 1, "141": 1, "134": 1, "142": 1, "136": 1, "124": 1, "170": 1, "173": 1, "180": 1, "169": 1, "174": 1, "181": 1, "201": 2, "186": 1, "200": 1, "164": 1, "192": 1, "184": 1, "196": 1, "161": 1, "177": 1, "189": 1, "166": 2, "191": 2, "183": 1, "202": 1, "199": 1, "188": 1, "182": 1, "194": 1, "198": 1, "122": 1, "175": 1, "178": 1, "172": 1, "195": 1, "197": 2, "150": 2, "185": 2, "176": 1, "149": 1, "123": 1, "193": 1, "121": 1, "187": 1, "190": 1, "179": 1, "171": 1, "168": 1, "163": 1, "154": 1, "206": 1, "215": 1, "207": 1, "210": 1, "204": 1, "209": 1, "214": 1, "212": 1, "211": 1, "208": 1, "213": 1, "203": 1, "205": 1}, "130": {"141": 1, "total_commits": 29, "134": 1, "142": 1, "133": 1, "104": 1, "125": 1, "105": 1, "109": 1, "107": 1, "140": 1, "126": 1, "131": 1, "96": 1, "106": 1, "129": 1, "137": 1, "128": 1, "115": 1, "86": 1, "132": 1, "95": 1, "136": 1, "114": 1, "103": 1, "127": 1, "108": 1, "138": 1, "139": 1, "135": 1}, "139": {"114": 1, "total_commits": 33, "103": 1, "127": 1, "108": 1, "138": 1, "135": 1, "141": 1, "134": 1, "142": 1, "136": 1, "133": 1, "104": 1, "105": 1, "109": 1, "107": 1, "140": 1, "96": 1, "106": 2, "129": 1, "137": 1, "128": 1, "130": 1, "125": 1, "115": 1, "86": 1, "126": 1, "131": 1, "132": 1, "95": 1, "93": 1, "235": 1, "172": 1}, "127": {"139": 1, "total_commits": 29, "135": 1, "136": 1, "114": 1, "104": 1, "138": 1, "105": 1, "109": 1, "141": 1, "106": 1, "134": 1, "142": 1, "129": 1, "137": 1, "128": 1, "130": 1, "133": 1, "125": 1, "115": 1, "86": 1, "107": 1, "140": 1, "126": 1, "131": 1, "96": 1, "132": 1, "95": 1, "103": 1, "108": 1}, "132": {"129": 1, "total_commits": 29, "137": 1, "128": 1, "115": 1, "86": 1, "95": 1, "136": 1, "114": 1, "103": 1, "127": 1, "108": 1, "138": 1, "139": 1, "135": 1, "141": 1, "134": 1, "142": 1, "130": 1, "133": 1, "104": 1, "125": 1, "105": 1, "109": 1, "107": 1, "140": 1, "126": 1, "131": 1, "96": 1, "106": 1}, "137": {"103": 1, "total_commits": 36, "115": 1, "139": 1, "136": 1, "114": 1, "127": 1, "104": 2, "108": 1, "138": 1, "109": 2, "135": 1, "141": 1, "134": 1, "142": 2, "129": 1, "128": 1, "130": 1, "133": 1, "125": 1, "105": 1, "86": 1, "107": 1, "140": 1, "126": 1, "131": 1, "96": 1, "132": 1, "106": 1, "95": 1, "100": 1, "70": 1, "110": 1, "29": 1}, "141": {"136": 2, "total_commits": 42, "114": 1, "127": 1, "108": 2, "104": 1, "138": 1, "135": 1, "134": 1, "142": 1, "130": 1, "133": 1, "125": 1, "105": 2, "109": 2, "86": 1, "107": 2, "140": 2, "126": 1, "131": 1, "96": 1, "132": 1, "106": 2, "95": 1, "129": 1, "137": 1, "128": 1, "103": 2, "115": 1, "139": 1, "92": 1, "38": 1, "102": 1, "99": 1, "16": 1}, "129": {"140": 1, "total_commits": 44, "96": 1, "106": 1, "137": 1, "128": 2, "130": 1, "125": 1, "115": 3, "86": 1, "107": 1, "126": 1, "131": 1, "132": 1, "95": 2, "114": 2, "103": 1, "127": 1, "108": 1, "139": 1, "135": 1, "141": 1, "134": 2, "142": 1, "136": 1, "133": 1, "104": 1, "138": 1, "105": 1, "109": 1, "153": 2, "152": 1, "11": 1, "110": 1, "234": 1, "233": 1, "225": 1, "98": 1}, "131": {"136": 1, "total_commits": 29, "114": 1, "127": 1, "104": 1, "108": 1, "138": 1, "109": 1, "135": 1, "141": 1, "134": 1, "142": 1, "129": 1, "128": 1, "130": 1, "133": 1, "125": 1, "105": 1, "86": 1, "107": 1, "140": 1, "126": 1, "96": 1, "132": 1, "106": 1, "95": 1, "137": 1, "103": 1, "115": 1, "139": 1}, "126": {"136": 1, "total_commits": 29, "114": 1, "104": 1, "138": 1, "105": 1, "109": 1, "141": 1, "134": 1, "142": 1, "129": 1, "137": 1, "128": 1, "130": 1, "133": 1, "125": 1, "86": 1, "107": 1, "140": 1, "131": 1, "96": 1, "132": 1, "106": 1, "95": 1, "103": 1, "127": 1, "108": 1, "115": 1, "139": 1, "135": 1}, "11": {"143": 1, "total_commits": 14, "114": 1, "129": 1, "115": 1, "152": 1, "153": 1, "95": 1, "128": 1, "105": 1, "14": 1, "155": 1, "109": 1, "13": 1, "138": 1}, "143": {"11": 1, "total_commits": 1}, "15": {"16": 1, "total_commits": 19, "50": 1, "13": 1, "88": 1, "146": 1, "10": 1, "28": 1, "1": 1, "145": 1, "144": 1, "38": 1, "30": 1, "12": 1, "14": 1, "29": 1, "136": 1, "103": 1, "167": 1, "99": 1}, "146": {"10": 1, "total_commits": 15, "28": 1, "145": 1, "144": 1, "30": 1, "12": 1, "15": 1, "14": 1, "29": 1, "13": 1, "16": 1, "50": 1, "1": 1, "38": 1, "88": 1}, "28": {"30": 1, "total_commits": 15, "12": 1, "15": 1, "16": 1, "14": 1, "29": 1, "13": 1, "50": 1, "1": 1, "38": 1, "88": 1, "146": 1, "10": 1, "145": 1, "144": 1}, "14": {"12": 1, "total_commits": 21, "29": 1, "15": 1, "16": 1, "50": 1, "13": 2, "146": 1, "10": 1, "1": 1, "145": 1, "144": 1, "38": 1, "88": 1, "28": 1, "30": 1, "105": 1, "155": 1, "109": 1, "11": 1, "138": 1}, "50": {"144": 1, "total_commits": 15, "30": 1, "12": 1, "29": 1, "15": 1, "16": 1, "14": 1, "13": 1, "1": 1, "145": 1, "38": 1, "88": 1, "146": 1, "10": 1, "28": 1}, "16": {"88": 1, "total_commits": 28, "146": 1, "10": 1, "28": 1, "145": 1, "144": 1, "38": 2, "30": 1, "12": 1, "14": 1, "29": 1, "13": 1, "15": 1, "50": 1, "1": 1, "141": 1, "136": 1, "107": 1, "108": 1, "140": 1, "102": 1, "106": 1, "105": 1, "109": 1, "99": 1, "92": 1, "103": 1}, "30": {"1": 1, "total_commits": 15, "38": 1, "88": 1, "146": 1, "10": 1, "28": 1, "145": 1, "144": 1, "12": 1, "29": 1, "15": 1, "16": 1, "50": 1, "14": 1, "13": 1}, "12": {"145": 1, "total_commits": 17, "144": 1, "38": 1, "88": 1, "30": 1, "14": 1, "29": 1, "15": 1, "16": 1, "50": 1, "13": 1, "146": 1, "10": 1, "28": 1, "1": 1, "110": 1, "98": 1}, "13": {"38": 1, "total_commits": 24, "88": 1, "10": 1, "28": 1, "145": 1, "144": 1, "30": 1, "12": 1, "29": 1, "15": 1, "16": 1, "50": 1, "14": 2, "146": 1, "1": 1, "155": 1, "109": 1, "11": 1, "138": 1, "105": 1, "225": 1, "68": 1, "224": 1}, "38": {"88": 1, "total_commits": 28, "28": 1, "145": 1, "144": 1, "30": 1, "12": 1, "14": 1, "29": 1, "15": 1, "16": 2, "50": 1, "13": 1, "146": 1, "10": 1, "1": 1, "103": 1, "107": 1, "140": 1, "102": 1, "106": 1, "108": 1, "99": 1, "92": 1, "105": 1, "109": 1, "141": 1, "136": 1}, "145": {"30": 1, "total_commits": 15, "12": 1, "15": 1, "14": 1, "29": 1, "13": 1, "16": 1, "50": 1, "1": 1, "38": 1, "88": 1, "146": 1, "10": 1, "28": 1, "144": 1}, "29": {"38": 1, "total_commits": 22, "88": 1, "28": 1, "145": 1, "144": 1, "30": 1, "12": 1, "14": 1, "15": 1, "16": 1, "50": 1, "13": 1, "10": 1, "146": 1, "1": 1, "110": 1, "109": 1, "104": 1, "100": 1, "70": 1, "142": 1, "137": 1}, "1": {"14": 1, "total_commits": 15, "29": 1, "13": 1, "16": 1, "50": 1, "38": 1, "88": 1, "10": 1, "146": 1, "28": 1, "145": 1, "144": 1, "30": 1, "12": 1, "15": 1}, "144": {"38": 1, "total_commits": 15, "88": 1, "146": 1, "10": 1, "28": 1, "145": 1, "30": 1, "12": 1, "15": 1, "14": 1, "29": 1, "13": 1, "16": 1, "50": 1, "1": 1}, "10": {"13": 1, "total_commits": 15, "146": 1, "28": 1, "1": 1, "145": 1, "144": 1, "38": 1, "88": 1, "30": 1, "12": 1, "14": 1, "29": 1, "15": 1, "16": 1, "50": 1}, "147": {"125": 1, "total_commits": 2, "95": 1}, "150": {"151": 1, "total_commits": 75, "148": 1, "149": 2, "98": 1, "186": 1, "200": 1, "164": 1, "192": 1, "184": 1, "178": 1, "196": 1, "161": 1, "106": 1, "177": 1, "189": 1, "166": 2, "108": 1, "191": 2, "183": 1, "179": 1, "202": 1, "199": 1, "188": 1, "182": 1, "194": 1, "198": 1, "122": 1, "175": 1, "172": 1, "195": 1, "107": 1, "197": 2, "185": 2, "176": 1, "123": 1, "193": 1, "174": 1, "121": 1, "187": 1, "190": 1, "171": 1, "168": 1, "163": 1, "103": 1, "154": 1, "133": 2, "104": 1, "124": 1, "109": 1, "170": 1, "173": 1, "180": 1, "169": 1, "181": 1, "201": 2, "203": 1, "212": 1, "211": 1, "208": 1, "213": 1, "205": 1, "206": 1, "215": 1, "207": 1, "210": 1, "214": 1, "204": 1, "209": 1}, "98": {"148": 1, "total_commits": 19, "149": 1, "150": 1, "151": 1, "154": 1, "110": 3, "156": 1, "87": 1, "228": 1, "12": 1, "153": 1, "234": 1, "233": 1, "225": 1, "129": 1, "115": 1, "134": 1}, "148": {"98": 1, "total_commits": 4, "150": 1, "151": 1, "149": 1}, "149": {"98": 1, "total_commits": 56, "150": 2, "151": 1, "148": 1, "196": 1, "161": 1, "107": 1, "106": 1, "177": 1, "185": 1, "166": 1, "193": 1, "108": 1, "179": 1, "202": 1, "199": 1, "182": 1, "194": 1, "168": 1, "198": 1, "175": 1, "172": 1, "195": 1, "197": 1, "176": 1, "124": 1, "123": 1, "169": 1, "174": 1, "121": 1, "187": 1, "190": 1, "171": 1, "163": 1, "103": 1, "154": 1, "133": 1, "104": 1, "189": 1, "109": 1, "170": 1, "173": 1, "180": 1, "181": 1, "201": 1, "186": 1, "191": 1, "183": 1, "200": 1, "164": 1, "192": 1, "184": 1, "188": 1, "122": 1, "178": 1}, "151": {"148": 1, "total_commits": 4, "149": 1, "98": 1, "150": 1}, "152": {"129": 1, "total_commits": 7, "115": 1, "11": 1, "153": 1, "95": 1, "128": 1, "114": 1}, "153": {"128": 1, "total_commits": 15, "114": 1, "129": 2, "115": 2, "11": 1, "152": 1, "95": 1, "234": 1, "233": 1, "225": 1, "98": 1, "134": 1, "110": 1}, "154": {"98": 1, "total_commits": 53, "177": 1, "133": 1, "189": 1, "109": 1, "170": 1, "173": 1, "166": 1, "180": 1, "201": 1, "186": 1, "191": 1, "183": 1, "200": 1, "188": 1, "194": 1, "122": 1, "178": 1, "196": 1, "107": 1, "106": 1, "185": 1, "193": 1, "121": 1, "108": 1, "187": 1, "179": 1, "202": 1, "199": 1, "182": 1, "171": 1, "168": 1, "163": 1, "198": 1, "175": 1, "172": 1, "195": 1, "197": 1, "150": 1, "176": 1, "149": 1, "104": 1, "124": 1, "123": 1, "169": 1, "174": 1, "181": 1, "164": 1, "190": 1, "192": 1, "184": 1, "103": 1, "161": 1}, "155": {"138": 1, "total_commits": 6, "105": 1, "14": 1, "109": 1, "13": 1, "11": 1}, "156": {"98": 1, "total_commits": 3, "87": 1, "110": 1}, "164": {"161": 2, "total_commits": 61, "158": 1, "7": 1, "159": 1, "160": 1, "162": 1, "163": 2, "8": 1, "109": 2, "122": 1, "178": 1, "196": 1, "107": 1, "106": 1, "177": 1, "185": 1, "166": 1, "193": 1, "108": 1, "179": 1, "202": 1, "199": 1, "182": 1, "194": 1, "168": 1, "198": 1, "175": 1, "172": 1, "195": 1, "197": 1, "150": 1, "176": 1, "149": 1, "124": 1, "123": 1, "169": 1, "174": 1, "121": 1, "187": 1, "190": 1, "171": 1, "103": 1, "154": 1, "133": 1, "104": 1, "189": 1, "170": 1, "173": 1, "180": 1, "181": 1, "201": 1, "186": 1, "191": 1, "183": 1, "200": 1, "192": 1, "184": 1, "188": 1}, "7": {"8": 1, "total_commits": 9, "109": 1, "160": 1, "164": 1, "161": 1, "158": 1, "159": 1, "162": 1, "163": 1}, "159": {"161": 1, "total_commits": 9, "8": 1, "158": 1, "7": 1, "163": 1, "109": 1, "160": 1, "162": 1, "164": 1}, "8": {"158": 1, "total_commits": 9, "7": 1, "163": 1, "109": 1, "160": 1, "162": 1, "164": 1, "161": 1, "159": 1}, "163": {"161": 2, "total_commits": 61, "158": 1, "159": 1, "7": 1, "160": 1, "162": 1, "8": 1, "109": 2, "164": 2, "173": 1, "180": 1, "181": 1, "201": 1, "186": 1, "200": 1, "192": 1, "184": 1, "178": 1, "196": 1, "107": 1, "106": 1, "177": 1, "189": 1, "166": 1, "193": 1, "108": 1, "191": 1, "183": 1, "179": 1, "202": 1, "199": 1, "188": 1, "182": 1, "194": 1, "198": 1, "122": 1, "175": 1, "172": 1, "195": 1, "197": 1, "150": 1, "185": 1, "176": 1, "149": 1, "123": 1, "169": 1, "174": 1, "121": 1, "187": 1, "190": 1, "171": 1, "168": 1, "103": 1, "154": 1, "133": 1, "104": 1, "124": 1, "170": 1}, "161": {"163": 2, "total_commits": 61, "109": 2, "160": 1, "164": 2, "8": 1, "159": 1, "158": 1, "7": 1, "162": 1, "133": 1, "189": 1, "166": 1, "180": 1, "201": 1, "191": 1, "183": 1, "200": 1, "199": 1, "188": 1, "194": 1, "122": 1, "178": 1, "195": 1, "196": 1, "107": 1, "197": 1, "106": 1, "150": 1, "185": 1, "149": 1, "123": 1, "193": 1, "121": 1, "108": 1, "187": 1, "179": 1, "202": 1, "182": 1, "171": 1, "168": 1, "198": 1, "175": 1, "103": 1, "172": 1, "154": 1, "176": 1, "104": 1, "124": 1, "170": 1, "173": 1, "169": 1, "174": 1, "181": 1, "186": 1, "190": 1, "192": 1, "184": 1, "177": 1}, "162": {"159": 1, "total_commits": 9, "7": 1, "163": 1, "8": 1, "109": 1, "160": 1, "164": 1, "161": 1, "158": 1}, "158": {"159": 1, "total_commits": 9, "7": 1, "160": 1, "162": 1, "163": 1, "8": 1, "109": 1, "164": 1, "161": 1}, "160": {"159": 1, "total_commits": 9, "158": 1, "7": 1, "162": 1, "163": 1, "109": 1, "164": 1, "161": 1, "8": 1}, "167": {"166": 1, "total_commits": 7, "165": 1, "9": 1, "136": 1, "103": 1, "15": 1, "99": 1}, "165": {"9": 1, "total_commits": 3, "167": 1, "166": 1}, "166": {"165": 1, "total_commits": 82, "167": 1, "9": 1, "171": 1, "168": 1, "163": 1, "103": 1, "154": 1, "176": 1, "104": 1, "124": 1, "109": 1, "170": 1, "173": 1, "169": 1, "174": 1, "181": 1, "186": 1, "164": 1, "190": 1, "192": 1, "184": 1, "161": 1, "177": 1, "133": 2, "189": 1, "180": 1, "201": 2, "108": 1, "191": 2, "183": 1, "200": 1, "202": 1, "199": 1, "188": 1, "194": 1, "198": 1, "122": 1, "175": 1, "178": 1, "172": 1, "195": 1, "196": 1, "107": 1, "197": 2, "106": 1, "150": 2, "185": 2, "149": 1, "123": 1, "193": 1, "121": 1, "187": 1, "179": 1, "182": 1, "214": 3, "212": 1, "211": 1, "213": 1, "203": 1, "208": 1, "206": 1, "215": 1, "207": 1, "210": 1, "205": 1, "204": 1, "209": 1, "228": 2, "226": 2, "227": 2}, "9": {"166": 1, "total_commits": 3, "165": 1, "167": 1}, "170": {"109": 1, "total_commits": 52, "173": 1, "169": 1, "174": 1, "181": 1, "186": 1, "164": 1, "192": 1, "184": 1, "161": 1, "177": 1, "133": 1, "189": 1, "166": 1, "180": 1, "201": 1, "108": 1, "191": 1, "183": 1, "200": 1, "202": 1, "199": 1, "188": 1, "194": 1, "198": 1, "122": 1, "175": 1, "178": 1, "172": 1, "195": 1, "196": 1, "107": 1, "197": 1, "106": 1, "150": 1, "185": 1, "149": 1, "123": 1, "193": 1, "121": 1, "187": 1, "190": 1, "179": 1, "182": 1, "171": 1, "168": 1, "163": 1, "103": 1, "154": 1, "176": 1, "104": 1, "124": 1}, "200": {"191": 1, "total_commits": 52, "183": 1, "188": 1, "194": 1, "122": 1, "178": 1, "195": 1, "196": 1, "107": 1, "197": 1, "106": 1, "185": 1, "149": 1, "193": 1, "121": 1, "108": 1, "187": 1, "179": 1, "202": 1, "199": 1, "182": 1, "171": 1, "168": 1, "163": 1, "198": 1, "175": 1, "103": 1, "172": 1, "150": 1, "176": 1, "104": 1, "124": 1, "123": 1, "169": 1, "174": 1, "181": 1, "164": 1, "190": 1, "192": 1, "184": 1, "161": 1, "154": 1, "177": 1, "133": 1, "189": 1, "109": 1, "170": 1, "173": 1, "166": 1, "180": 1, "201": 1, "186": 1}, "179": {"181": 1, "total_commits": 52, "186": 1, "164": 1, "192": 1, "184": 1, "196": 1, "161": 1, "106": 1, "177": 1, "133": 1, "189": 1, "166": 1, "180": 1, "201": 1, "108": 1, "191": 1, "183": 1, "200": 1, "202": 1, "199": 1, "188": 1, "194": 1, "198": 1, "122": 1, "175": 1, "178": 1, "172": 1, "195": 1, "107": 1, "197": 1, "150": 1, "185": 1, "176": 1, "149": 1, "123": 1, "193": 1, "121": 1, "187": 1, "190": 1, "182": 1, "171": 1, "168": 1, "163": 1, "103": 1, "154": 1, "104": 1, "124": 1, "109": 1, "170": 1, "173": 1, "169": 1, "174": 1}, "195": {"186": 1, "total_commits": 52, "200": 1, "164": 1, "192": 1, "184": 1, "196": 1, "161": 1, "106": 1, "177": 1, "189": 1, "166": 1, "108": 1, "191": 1, "183": 1, "202": 1, "199": 1, "188": 1, "182": 1, "194": 1, "198": 1, "122": 1, "175": 1, "178": 1, "172": 1, "107": 1, "197": 1, "150": 1, "185": 1, "176": 1, "149": 1, "123": 1, "193": 1, "121": 1, "187": 1, "190": 1, "179": 1, "171": 1, "168": 1, "163": 1, "103": 1, "154": 1, "133": 1, "104": 1, "124": 1, "109": 1, "170": 1, "173": 1, "180": 1, "169": 1, "174": 1, "181": 1, "201": 1}, "199": {"121": 1, "total_commits": 62, "187": 3, "190": 1, "171": 1, "168": 1, "163": 1, "103": 1, "154": 1, "133": 1, "104": 1, "124": 1, "109": 1, "170": 1, "173": 1, "180": 1, "169": 1, "174": 1, "181": 1, "201": 1, "186": 1, "200": 1, "164": 1, "192": 1, "184": 1, "196": 1, "161": 1, "106": 1, "177": 1, "189": 1, "166": 1, "108": 1, "191": 1, "183": 1, "179": 1, "202": 1, "188": 1, "182": 1, "194": 1, "198": 1, "122": 1, "175": 1, "178": 1, "172": 1, "195": 1, "107": 1, "197": 1, "150": 1, "185": 1, "176": 1, "149": 1, "123": 1, "193": 1, "225": 2, "224": 1, "17": 1, "218": 1, "231": 1, "83": 1, "227": 1}, "182": {"166": 1, "total_commits": 52, "193": 1, "108": 1, "191": 1, "183": 1, "179": 1, "202": 1, "199": 1, "188": 1, "194": 1, "198": 1, "122": 1, "175": 1, "172": 1, "195": 1, "197": 1, "150": 1, "176": 1, "149": 1, "123": 1, "169": 1, "174": 1, "121": 1, "187": 1, "190": 1, "171": 1, "168": 1, "163": 1, "103": 1, "154": 1, "133": 1, "104": 1, "124": 1, "109": 1, "170": 1, "173": 1, "180": 1, "181": 1, "201": 1, "186": 1, "200": 1, "164": 1, "192": 1, "184": 1, "178": 1, "196": 1, "161": 1, "107": 1, "106": 1, "177": 1, "185": 1, "189": 1}, "178": {"175": 1, "total_commits": 52, "172": 1, "195": 1, "107": 1, "197": 1, "150": 1, "185": 1, "176": 1, "149": 1, "123": 1, "174": 1, "121": 1, "187": 1, "190": 1, "171": 1, "168": 1, "163": 1, "103": 1, "154": 1, "133": 1, "104": 1, "124": 1, "109": 1, "170": 1, "173": 1, "180": 1, "169": 1, "181": 1, "201": 1, "186": 1, "200": 1, "164": 1, "192": 1, "184": 1, "196": 1, "161": 1, "106": 1, "177": 1, "189": 1, "166": 1, "193": 1, "108": 1, "191": 1, "183": 1, "179": 1, "202": 1, "199": 1, "188": 1, "182": 1, "194": 1, "198": 1, "122": 1}, "186": {"187": 1, "total_commits": 53, "179": 1, "202": 1, "182": 1, "171": 1, "168": 1, "163": 1, "103": 1, "154": 1, "176": 1, "104": 1, "124": 1, "109": 1, "170": 1, "173": 1, "169": 1, "174": 1, "181": 1, "164": 1, "190": 1, "192": 1, "184": 1, "161": 1, "177": 1, "133": 1, "189": 1, "166": 1, "180": 1, "201": 1, "191": 1, "183": 1, "200": 1, "199": 1, "188": 1, "194": 1, "198": 1, "122": 1, "175": 1, "178": 1, "172": 1, "195": 1, "196": 1, "107": 1, "197": 1, "106": 1, "150": 1, "185": 1, "149": 1, "123": 1, "193": 1, "121": 1, "108": 1, "83": 1}, "184": {"109": 1, "total_commits": 52, "170": 1, "173": 1, "166": 1, "180": 1, "181": 1, "201": 1, "186": 1, "191": 1, "183": 1, "200": 1, "192": 1, "188": 1, "194": 1, "122": 1, "178": 1, "196": 1, "107": 1, "106": 1, "185": 1, "193": 1, "121": 1, "108": 1, "179": 1, "202": 1, "199": 1, "182": 1, "168": 1, "163": 1, "198": 1, "175": 1, "172": 1, "195": 1, "197": 1, "150": 1, "176": 1, "149": 1, "104": 1, "124": 1, "123": 1, "169": 1, "174": 1, "187": 1, "164": 1, "190": 1, "171": 1, "103": 1, "161": 1, "154": 1, "177": 1, "133": 1, "189": 1}, "185": {"180": 1, "total_commits": 71, "201": 2, "108": 1, "191": 2, "183": 1, "200": 1, "202": 1, "199": 1, "188": 1, "194": 1, "198": 1, "122": 1, "175": 1, "178": 1, "172": 1, "195": 1, "107": 1, "197": 2, "106": 1, "150": 2, "176": 1, "149": 1, "123": 1, "193": 1, "121": 1, "187": 1, "190": 1, "179": 1, "182": 1, "171": 1, "168": 1, "163": 1, "103": 1, "154": 1, "104": 1, "124": 1, "109": 1, "170": 1, "173": 1, "169": 1, "174": 1, "181": 1, "186": 1, "164": 1, "192": 1, "184": 1, "196": 1, "161": 1, "177": 1, "133": 2, "189": 1, "166": 2, "214": 1, "212": 1, "211": 1, "213": 1, "203": 1, "208": 1, "206": 1, "215": 1, "207": 1, "210": 1, "205": 1, "204": 1, "209": 1}, "189": {"163": 1, "total_commits": 52, "198": 1, "175": 1, "172": 1, "195": 1, "197": 1, "150": 1, "176": 1, "149": 1, "104": 1, "124": 1, "123": 1, "169": 1, "174": 1, "187": 1, "164": 1, "190": 1, "184": 1, "171": 1, "103": 1, "161": 1, "154": 1, "177": 1, "133": 1, "109": 1, "170": 1, "173": 1, "166": 1, "180": 1, "181": 1, "201": 1, "186": 1, "191": 1, "183": 1, "200": 1, "192": 1, "188": 1, "194": 1, "122": 1, "178": 1, "196": 1, "107": 1, "106": 1, "185": 1, "193": 1, "121": 1, "108": 1, "179": 1, "202": 1, "199": 1, "182": 1, "168": 1}, "169": {"166": 1, "total_commits": 52, "108": 1, "191": 1, "183": 1, "202": 1, "199": 1, "188": 1, "194": 1, "198": 1, "122": 1, "175": 1, "178": 1, "172": 1, "195": 1, "107": 1, "197": 1, "150": 1, "185": 1, "176": 1, "149": 1, "123": 1, "193": 1, "121": 1, "187": 1, "190": 1, "179": 1, "182": 1, "171": 1, "168": 1, "163": 1, "103": 1, "154": 1, "104": 1, "124": 1, "109": 1, "170": 1, "173": 1, "180": 1, "174": 1, "181": 1, "201": 1, "186": 1, "200": 1, "164": 1, "192": 1, "184": 1, "196": 1, "161": 1, "106": 1, "177": 1, "133": 1, "189": 1}, "183": {"176": 1, "total_commits": 52, "104": 1, "124": 1, "123": 1, "170": 1, "173": 1, "169": 1, "174": 1, "181": 1, "164": 1, "190": 1, "192": 1, "184": 1, "161": 1, "177": 1, "133": 1, "189": 1, "109": 1, "166": 1, "180": 1, "201": 1, "186": 1, "191": 1, "200": 1, "199": 1, "188": 1, "194": 1, "122": 1, "178": 1, "195": 1, "196": 1, "107": 1, "197": 1, "106": 1, "150": 1, "185": 1, "149": 1, "193": 1, "121": 1, "108": 1, "187": 1, "179": 1, "202": 1, "182": 1, "171": 1, "168": 1, "163": 1, "198": 1, "175": 1, "103": 1, "172": 1, "154": 1}, "198": {"185": 1, "total_commits": 52, "176": 1, "149": 1, "123": 1, "169": 1, "174": 1, "121": 1, "187": 1, "190": 1, "171": 1, "168": 1, "163": 1, "103": 1, "154": 1, "133": 1, "104": 1, "124": 1, "109": 1, "170": 1, "173": 1, "180": 1, "181": 1, "201": 1, "186": 1, "200": 1, "164": 1, "192": 1, "184": 1, "178": 1, "196": 1, "161": 1, "106": 1, "177": 1, "189": 1, "166": 1, "193": 1, "108": 1, "191": 1, "183": 1, "179": 1, "202": 1, "199": 1, "188": 1, "182": 1, "194": 1, "122": 1, "175": 1, "172": 1, "195": 1, "107": 1, "197": 1, "150": 1}, "172": {"187": 1, "total_commits": 56, "190": 1, "171": 1, "168": 1, "163": 1, "103": 1, "154": 1, "133": 1, "104": 1, "124": 1, "189": 1, "109": 1, "170": 1, "173": 1, "180": 1, "181": 1, "201": 1, "186": 1, "191": 1, "183": 1, "200": 1, "164": 1, "192": 1, "184": 1, "188": 1, "178": 1, "196": 1, "161": 1, "107": 1, "106": 2, "177": 1, "185": 1, "166": 1, "193": 1, "108": 1, "179": 1, "202": 1, "199": 1, "182": 1, "194": 1, "198": 1, "122": 1, "175": 1, "195": 1, "197": 1, "150": 1, "176": 1, "149": 1, "123": 1, "169": 1, "174": 1, "121": 1, "93": 1, "235": 1, "139": 1}, "176": {"195": 1, "total_commits": 52, "107": 1, "197": 1, "150": 1, "185": 1, "149": 1, "123": 1, "193": 1, "121": 1, "187": 1, "190": 1, "179": 1, "182": 1, "171": 1, "168": 1, "163": 1, "103": 1, "154": 1, "104": 1, "124": 1, "109": 1, "170": 1, "173": 1, "180": 1, "169": 1, "174": 1, "181": 1, "186": 1, "164": 1, "192": 1, "184": 1, "196": 1, "161": 1, "106": 1, "177": 1, "133": 1, "189": 1, "166": 1, "201": 1, "108": 1, "191": 1, "183": 1, "200": 1, "202": 1, "199": 1, "188": 1, "194": 1, "198": 1, "122": 1, "175": 1, "178": 1, "172": 1}, "174": {"177": 1, "total_commits": 52, "133": 1, "189": 1, "109": 1, "170": 1, "173": 1, "166": 1, "180": 1, "181": 1, "201": 1, "186": 1, "191": 1, "183": 1, "200": 1, "192": 1, "184": 1, "188": 1, "194": 1, "122": 1, "178": 1, "196": 1, "107": 1, "106": 1, "185": 1, "193": 1, "121": 1, "108": 1, "179": 1, "202": 1, "199": 1, "182": 1, "168": 1, "163": 1, "198": 1, "175": 1, "172": 1, "195": 1, "197": 1, "150": 1, "176": 1, "149": 1, "104": 1, "124": 1, "123": 1, "169": 1, "187": 1, "164": 1, "190": 1, "171": 1, "103": 1, "161": 1, "154": 1}, "193": {"190": 1, "total_commits": 52, "171": 1, "168": 1, "163": 1, "103": 1, "154": 1, "133": 1, "104": 1, "124": 1, "109": 1, "170": 1, "173": 1, "180": 1, "181": 1, "201": 1, "186": 1, "183": 1, "200": 1, "164": 1, "192": 1, "184": 1, "178": 1, "196": 1, "161": 1, "107": 1, "106": 1, "177": 1, "185": 1, "189": 1, "166": 1, "108": 1, "191": 1, "179": 1, "202": 1, "199": 1, "188": 1, "182": 1, "194": 1, "198": 1, "122": 1, "175": 1, "172": 1, "195": 1, "197": 1, "150": 1, "176": 1, "149": 1, "123": 1, "169": 1, "174": 1, "121": 1, "187": 1}, "197": {"149": 1, "total_commits": 71, "123": 1, "193": 1, "121": 1, "108": 1, "187": 1, "179": 1, "202": 1, "182": 1, "171": 1, "168": 1, "163": 1, "103": 1, "154": 1, "176": 1, "104": 1, "124": 1, "109": 1, "170": 1, "173": 1, "169": 1, "174": 1, "181": 1, "186": 1, "164": 1, "190": 1, "192": 1, "184": 1, "161": 1, "177": 1, "133": 2, "189": 1, "166": 2, "180": 1, "201": 2, "191": 2, "183": 1, "200": 1, "199": 1, "188": 1, "194": 1, "198": 1, "122": 1, "175": 1, "178": 1, "172": 1, "195": 1, "196": 1, "107": 1, "106": 1, "150": 2, "185": 2, "211": 1, "213": 1, "203": 1, "208": 1, "206": 1, "215": 1, "207": 1, "210": 1, "205": 1, "204": 1, "209": 1, "214": 1, "212": 1}, "196": {"176": 1, "total_commits": 52, "149": 1, "123": 1, "169": 1, "174": 1, "121": 1, "187": 1, "190": 1, "171": 1, "168": 1, "163": 1, "103": 1, "154": 1, "133": 1, "104": 1, "124": 1, "109": 1, "170": 1, "173": 1, "180": 1, "181": 1, "201": 1, "186": 1, "200": 1, "164": 1, "192": 1, "184": 1, "178": 1, "161": 1, "107": 1, "106": 1, "177": 1, "185": 1, "189": 1, "166": 1, "193": 1, "108": 1, "191": 1, "183": 1, "179": 1, "202": 1, "199": 1, "188": 1, "182": 1, "194": 1, "198": 1, "122": 1, "175": 1, "172": 1, "195": 1, "197": 1, "150": 1}, "181": {"169": 1, "total_commits": 52, "174": 1, "164": 1, "190": 1, "192": 1, "184": 1, "161": 1, "154": 1, "177": 1, "133": 1, "189": 1, "109": 1, "170": 1, "173": 1, "166": 1, "180": 1, "201": 1, "186": 1, "191": 1, "183": 1, "200": 1, "199": 1, "188": 1, "194": 1, "122": 1, "178": 1, "195": 1, "196": 1, "107": 1, "197": 1, "106": 1, "185": 1, "149": 1, "193": 1, "121": 1, "108": 1, "187": 1, "179": 1, "202": 1, "182": 1, "171": 1, "168": 1, "163": 1, "198": 1, "175": 1, "103": 1, "172": 1, "150": 1, "176": 1, "104": 1, "124": 1, "123": 1}, "194": {"171": 1, "total_commits": 52, "163": 1, "103": 1, "161": 1, "154": 1, "177": 1, "133": 1, "189": 1, "109": 1, "170": 1, "173": 1, "166": 1, "180": 1, "181": 1, "201": 1, "186": 1, "191": 1, "183": 1, "200": 1, "192": 1, "184": 1, "188": 1, "122": 1, "178": 1, "196": 1, "107": 1, "106": 1, "185": 1, "193": 1, "121": 1, "108": 1, "179": 1, "202": 1, "199": 1, "182": 1, "168": 1, "198": 1, "175": 1, "172": 1, "195": 1, "197": 1, "150": 1, "176": 1, "149": 1, "104": 1, "124": 1, "123": 1, "169": 1, "174": 1, "187": 1, "164": 1, "190": 1}, "201": {"108": 1, "total_commits": 71, "191": 2, "183": 1, "179": 1, "202": 1, "199": 1, "188": 1, "182": 1, "194": 1, "198": 1, "122": 1, "175": 1, "172": 1, "195": 1, "107": 1, "197": 2, "150": 2, "185": 2, "176": 1, "149": 1, "123": 1, "174": 1, "121": 1, "187": 1, "190": 1, "171": 1, "168": 1, "163": 1, "103": 1, "154": 1, "133": 2, "104": 1, "124": 1, "109": 1, "170": 1, "173": 1, "180": 1, "169": 1, "181": 1, "186": 1, "200": 1, "164": 1, "192": 1, "184": 1, "178": 1, "196": 1, "161": 1, "106": 1, "177": 1, "189": 1, "166": 2, "193": 1, "208": 1, "213": 1, "205": 1, "206": 1, "215": 1, "207": 1, "210": 1, "214": 1, "204": 1, "209": 1, "203": 1, "212": 1, "211": 1}, "190": {"184": 1, "total_commits": 52, "196": 1, "161": 1, "177": 1, "133": 1, "189": 1, "166": 1, "180": 1, "201": 1, "108": 1, "191": 1, "183": 1, "200": 1, "202": 1, "199": 1, "188": 1, "194": 1, "198": 1, "122": 1, "175": 1, "178": 1, "172": 1, "195": 1, "107": 1, "197": 1, "106": 1, "150": 1, "185": 1, "176": 1, "149": 1, "123": 1, "193": 1, "121": 1, "187": 1, "179": 1, "182": 1, "171": 1, "168": 1, "163": 1, "103": 1, "154": 1, "104": 1, "124": 1, "109": 1, "170": 1, "173": 1, "169": 1, "174": 1, "181": 1, "186": 1, "164": 1, "192": 1}, "192": {"184": 1, "total_commits": 52, "161": 1, "177": 1, "133": 1, "189": 1, "166": 1, "180": 1, "201": 1, "191": 1, "183": 1, "200": 1, "199": 1, "188": 1, "194": 1, "122": 1, "178": 1, "195": 1, "196": 1, "107": 1, "197": 1, "106": 1, "150": 1, "185": 1, "149": 1, "123": 1, "193": 1, "121": 1, "108": 1, "187": 1, "179": 1, "202": 1, "182": 1, "171": 1, "168": 1, "163": 1, "198": 1, "175": 1, "103": 1, "172": 1, "154": 1, "176": 1, "104": 1, "124": 1, "109": 1, "170": 1, "173": 1, "169": 1, "174": 1, "181": 1, "186": 1, "164": 1, "190": 1}, "191": {"169": 1, "total_commits": 71, "174": 1, "181": 1, "186": 1, "164": 1, "190": 1, "192": 1, "184": 1, "161": 1, "177": 1, "133": 2, "189": 1, "166": 2, "180": 1, "201": 2, "183": 1, "200": 1, "199": 1, "188": 1, "194": 1, "198": 1, "122": 1, "175": 1, "178": 1, "172": 1, "195": 1, "196": 1, "107": 1, "197": 2, "106": 1, "150": 2, "185": 2, "149": 1, "123": 1, "193": 1, "121": 1, "108": 1, "187": 1, "179": 1, "202": 1, "182": 1, "171": 1, "168": 1, "163": 1, "103": 1, "154": 1, "176": 1, "104": 1, "124": 1, "109": 1, "170": 1, "173": 1, "205": 1, "204": 1, "209": 1, "214": 1, "212": 1, "211": 1, "213": 1, "203": 1, "208": 1, "206": 1, "215": 1, "207": 1, "210": 1}, "187": {"193": 1, "total_commits": 58, "121": 1, "108": 1, "179": 1, "202": 1, "199": 3, "182": 1, "171": 1, "168": 1, "163": 1, "198": 1, "175": 1, "172": 1, "197": 1, "150": 1, "176": 1, "149": 1, "104": 1, "124": 1, "123": 1, "169": 1, "174": 1, "181": 1, "164": 1, "190": 1, "192": 1, "184": 1, "103": 1, "161": 1, "154": 1, "177": 1, "133": 1, "189": 1, "109": 1, "170": 1, "173": 1, "166": 1, "180": 1, "201": 1, "186": 1, "191": 1, "183": 1, "200": 1, "188": 1, "194": 1, "122": 1, "178": 1, "195": 1, "196": 1, "107": 1, "106": 1, "185": 1, "225": 1, "231": 1, "83": 1, "227": 1}, "177": {"133": 1, "total_commits": 52, "104": 1, "124": 1, "189": 1, "109": 1, "170": 1, "173": 1, "180": 1, "181": 1, "201": 1, "186": 1, "191": 1, "183": 1, "200": 1, "164": 1, "192": 1, "184": 1, "188": 1, "122": 1, "178": 1, "196": 1, "161": 1, "107": 1, "106": 1, "185": 1, "166": 1, "193": 1, "108": 1, "179": 1, "202": 1, "199": 1, "182": 1, "194": 1, "198": 1, "175": 1, "172": 1, "195": 1, "197": 1, "150": 1, "176": 1, "149": 1, "123": 1, "169": 1, "174": 1, "121": 1, "187": 1, "190": 1, "171": 1, "168": 1, "163": 1, "103": 1, "154": 1}, "175": {"108": 1, "total_commits": 52, "179": 1, "202": 1, "199": 1, "182": 1, "194": 1, "198": 1, "122": 1, "172": 1, "195": 1, "197": 1, "150": 1, "176": 1, "149": 1, "123": 1, "169": 1, "174": 1, "121": 1, "187": 1, "190": 1, "171": 1, "168": 1, "163": 1, "103": 1, "154": 1, "133": 1, "104": 1, "124": 1, "189": 1, "109": 1, "170": 1, "173": 1, "180": 1, "181": 1, "201": 1, "186": 1, "191": 1, "183": 1, "200": 1, "164": 1, "192": 1, "184": 1, "188": 1, "178": 1, "196": 1, "161": 1, "107": 1, "106": 1, "177": 1, "185": 1, "166": 1, "193": 1}, "180": {"108": 1, "total_commits": 52, "191": 1, "183": 1, "179": 1, "202": 1, "199": 1, "188": 1, "182": 1, "194": 1, "198": 1, "122": 1, "175": 1, "172": 1, "195": 1, "107": 1, "197": 1, "150": 1, "185": 1, "176": 1, "149": 1, "123": 1, "174": 1, "121": 1, "187": 1, "190": 1, "171": 1, "168": 1, "163": 1, "103": 1, "154": 1, "133": 1, "104": 1, "124": 1, "109": 1, "170": 1, "173": 1, "169": 1, "181": 1, "201": 1, "186": 1, "200": 1, "164": 1, "192": 1, "184": 1, "178": 1, "196": 1, "161": 1, "106": 1, "177": 1, "189": 1, "166": 1, "193": 1}, "168": {"169": 1, "total_commits": 52, "174": 1, "181": 1, "164": 1, "190": 1, "192": 1, "184": 1, "103": 1, "161": 1, "154": 1, "177": 1, "133": 1, "189": 1, "109": 1, "170": 1, "173": 1, "166": 1, "180": 1, "201": 1, "186": 1, "191": 1, "183": 1, "200": 1, "188": 1, "194": 1, "122": 1, "178": 1, "196": 1, "107": 1, "106": 1, "185": 1, "193": 1, "121": 1, "108": 1, "187": 1, "179": 1, "202": 1, "199": 1, "182": 1, "171": 1, "163": 1, "198": 1, "175": 1, "172": 1, "195": 1, "197": 1, "150": 1, "176": 1, "149": 1, "104": 1, "124": 1, "123": 1}, "202": {"161": 1, "total_commits": 52, "177": 1, "133": 1, "189": 1, "166": 1, "180": 1, "201": 1, "191": 1, "183": 1, "200": 1, "199": 1, "188": 1, "194": 1, "198": 1, "122": 1, "175": 1, "178": 1, "195": 1, "196": 1, "107": 1, "197": 1, "106": 1, "150": 1, "185": 1, "149": 1, "123": 1, "193": 1, "121": 1, "108": 1, "187": 1, "179": 1, "182": 1, "171": 1, "168": 1, "163": 1, "103": 1, "172": 1, "154": 1, "176": 1, "104": 1, "124": 1, "109": 1, "170": 1, "173": 1, "169": 1, "174": 1, "181": 1, "186": 1, "164": 1, "190": 1, "192": 1, "184": 1}, "171": {"169": 1, "total_commits": 52, "174": 1, "181": 1, "164": 1, "190": 1, "192": 1, "184": 1, "161": 1, "154": 1, "177": 1, "133": 1, "189": 1, "109": 1, "170": 1, "173": 1, "166": 1, "180": 1, "201": 1, "186": 1, "191": 1, "183": 1, "200": 1, "188": 1, "194": 1, "122": 1, "178": 1, "195": 1, "196": 1, "107": 1, "106": 1, "185": 1, "149": 1, "193": 1, "121": 1, "108": 1, "187": 1, "179": 1, "202": 1, "199": 1, "182": 1, "168": 1, "163": 1, "198": 1, "175": 1, "103": 1, "172": 1, "197": 1, "150": 1, "176": 1, "104": 1, "124": 1, "123": 1}, "173": {"154": 1, "total_commits": 52, "133": 1, "104": 1, "124": 1, "109": 1, "170": 1, "180": 1, "181": 1, "201": 1, "186": 1, "200": 1, "164": 1, "192": 1, "184": 1, "178": 1, "196": 1, "161": 1, "106": 1, "177": 1, "189": 1, "166": 1, "193": 1, "108": 1, "191": 1, "183": 1, "179": 1, "202": 1, "199": 1, "188": 1, "182": 1, "194": 1, "198": 1, "122": 1, "175": 1, "172": 1, "195": 1, "107": 1, "197": 1, "150": 1, "185": 1, "176": 1, "149": 1, "123": 1, "169": 1, "174": 1, "121": 1, "187": 1, "190": 1, "171": 1, "168": 1, "163": 1, "103": 1}, "213": {"207": 1, "total_commits": 19, "205": 1, "206": 1, "209": 1, "133": 1, "215": 1, "210": 1, "166": 1, "214": 1, "212": 1, "185": 1, "204": 1, "201": 1, "191": 1, "197": 1, "150": 1, "203": 1, "211": 1, "208": 1}, "207": {"211": 1, "total_commits": 19, "208": 1, "213": 1, "191": 1, "205": 1, "206": 1, "133": 1, "215": 1, "210": 1, "214": 1, "185": 1, "204": 1, "209": 1, "201": 1, "166": 1, "197": 1, "150": 1, "203": 1, "212": 1}, "214": {"201": 1, "total_commits": 40, "191": 1, "197": 1, "150": 1, "203": 1, "211": 1, "208": 1, "215": 2, "213": 1, "207": 1, "205": 1, "206": 1, "209": 1, "133": 1, "210": 1, "166": 3, "212": 1, "185": 1, "204": 1, "228": 5, "226": 4, "227": 5, "229": 1, "67": 1, "236": 1, "237": 1}, "210": {"201": 1, "total_commits": 19, "166": 1, "197": 1, "150": 1, "203": 1, "212": 1, "185": 1, "211": 1, "208": 1, "213": 1, "191": 1, "205": 1, "206": 1, "133": 1, "215": 1, "207": 1, "214": 1, "204": 1, "209": 1}, "211": {"206": 1, "total_commits": 19, "215": 1, "207": 1, "210": 1, "204": 1, "209": 1, "133": 1, "201": 1, "166": 1, "197": 1, "150": 1, "214": 1, "212": 1, "185": 1, "208": 1, "213": 1, "191": 1, "203": 1, "205": 1}, "209": {"213": 1, "total_commits": 19, "205": 1, "206": 1, "133": 1, "215": 1, "207": 1, "210": 1, "214": 1, "185": 1, "204": 1, "201": 1, "191": 1, "166": 1, "197": 1, "150": 1, "203": 1, "212": 1, "211": 1, "208": 1}, "203": {"201": 1, "total_commits": 19, "191": 1, "197": 1, "150": 1, "211": 1, "208": 1, "215": 1, "213": 1, "207": 1, "205": 1, "206": 1, "209": 1, "133": 1, "210": 1, "166": 1, "214": 1, "212": 1, "185": 1, "204": 1}, "212": {"210": 1, "total_commits": 19, "214": 1, "185": 1, "204": 1, "201": 1, "191": 1, "166": 1, "197": 1, "150": 1, "203": 1, "211": 1, "208": 1, "213": 1, "205": 1, "206": 1, "209": 1, "133": 1, "215": 1, "207": 1}, "205": {"214": 1, "total_commits": 19, "212": 1, "185": 1, "204": 1, "201": 1, "191": 1, "197": 1, "150": 1, "203": 1, "211": 1, "208": 1, "215": 1, "213": 1, "207": 1, "206": 1, "209": 1, "133": 1, "210": 1, "166": 1}, "215": {"150": 1, "total_commits": 22, "203": 1, "212": 1, "211": 1, "208": 1, "213": 1, "205": 1, "206": 1, "209": 1, "133": 1, "207": 1, "210": 1, "166": 1, "214": 2, "185": 1, "204": 1, "201": 1, "191": 1, "197": 1, "227": 1, "228": 1}, "206": {"166": 1, "total_commits": 19, "214": 1, "185": 1, "204": 1, "201": 1, "191": 1, "197": 1, "150": 1, "203": 1, "212": 1, "211": 1, "208": 1, "213": 1, "205": 1, "209": 1, "133": 1, "215": 1, "207": 1, "210": 1}, "204": {"205": 1, "total_commits": 19, "209": 1, "133": 1, "166": 1, "197": 1, "214": 1, "212": 1, "185": 1, "211": 1, "201": 1, "191": 1, "150": 1, "203": 1, "208": 1, "206": 1, "215": 1, "213": 1, "207": 1, "210": 1}, "208": {"205": 1, "total_commits": 19, "206": 1, "209": 1, "133": 1, "215": 1, "210": 1, "166": 1, "214": 1, "212": 1, "185": 1, "204": 1, "201": 1, "191": 1, "197": 1, "150": 1, "203": 1, "211": 1, "213": 1, "207": 1}, "216": {"218": 2, "total_commits": 17, "217": 2, "17": 2, "112": 2, "221": 1, "113": 1, "223": 1, "58": 1, "222": 1, "220": 1, "111": 1, "88": 1, "219": 1}, "17": {"218": 3, "total_commits": 21, "217": 2, "216": 2, "111": 1, "88": 1, "58": 1, "112": 2, "113": 1, "223": 1, "222": 1, "219": 1, "220": 1, "221": 1, "225": 1, "224": 1, "199": 1}, "218": {"216": 2, "total_commits": 21, "17": 3, "217": 2, "220": 1, "88": 1, "219": 1, "112": 2, "221": 1, "113": 1, "223": 1, "111": 1, "58": 1, "222": 1, "199": 1, "225": 1, "224": 1}, "217": {"17": 2, "total_commits": 17, "216": 2, "218": 2, "88": 1, "219": 1, "112": 2, "221": 1, "223": 1, "111": 1, "58": 1, "113": 1, "222": 1, "220": 1}, "219": {"217": 1, "total_commits": 14, "220": 1, "88": 1, "221": 1, "223": 1, "111": 1, "58": 1, "112": 2, "113": 1, "17": 1, "222": 1, "218": 1, "216": 1}, "220": {"111": 1, "total_commits": 14, "88": 1, "58": 1, "112": 2, "113": 1, "223": 1, "17": 1, "218": 1, "216": 1, "217": 1, "222": 1, "219": 1, "221": 1}, "222": {"58": 1, "total_commits": 14, "112": 2, "221": 1, "113": 1, "223": 1, "17": 1, "218": 1, "216": 1, "217": 1, "219": 1, "220": 1, "111": 1, "88": 1}, "223": {"218": 1, "total_commits": 14, "216": 1, "112": 2, "217": 1, "222": 1, "220": 1, "111": 1, "88": 1, "219": 1, "58": 1, "221": 1, "113": 1, "17": 1}, "221": {"219": 1, "total_commits": 14, "220": 1, "88": 1, "111": 1, "58": 1, "112": 2, "113": 1, "223": 1, "17": 1, "218": 1, "216": 1, "217": 1, "222": 1}, "224": {"17": 1, "total_commits": 17, "218": 1, "199": 1, "225": 5, "13": 1, "68": 1, "226": 1, "227": 2, "142": 1, "230": 1, "228": 1, "231": 1}, "225": {"218": 1, "total_commits": 30, "199": 2, "224": 5, "17": 1, "68": 1, "13": 1, "227": 3, "231": 2, "83": 1, "187": 1, "142": 1, "230": 1, "228": 1, "226": 1, "153": 1, "110": 1, "234": 1, "233": 1, "98": 1, "129": 1, "115": 1, "134": 1}, "228": {"226": 6, "total_commits": 37, "227": 12, "166": 2, "214": 5, "229": 1, "67": 1, "102": 1, "232": 1, "98": 1, "142": 1, "230": 1, "225": 1, "224": 1, "236": 1, "237": 1, "215": 1}, "226": {"228": 6, "total_commits": 26, "214": 4, "227": 6, "166": 2, "229": 1, "67": 1, "224": 1, "142": 1, "230": 1, "225": 1, "236": 1, "237": 1}, "227": {"166": 2, "total_commits": 44, "228": 12, "214": 5, "226": 6, "229": 1, "67": 1, "102": 1, "232": 1, "199": 1, "225": 3, "231": 2, "83": 1, "187": 1, "224": 2, "142": 1, "230": 1, "236": 1, "237": 1, "215": 1}, "229": {"228": 1, "total_commits": 5, "214": 1, "67": 1, "226": 1, "227": 1}, "231": {"230": 1, "total_commits": 9, "187": 1, "83": 1, "227": 2, "199": 1, "225": 2, "224": 1}, "230": {"231": 1, "total_commits": 7, "225": 1, "224": 1, "228": 1, "226": 1, "227": 1, "142": 1}, "232": {"227": 1, "total_commits": 3, "228": 1, "102": 1}, "234": {"110": 1, "total_commits": 8, "233": 1, "225": 1, "98": 1, "129": 1, "115": 1, "134": 1, "153": 1}, "233": {"134": 1, "total_commits": 8, "153": 1, "110": 1, "234": 1, "225": 1, "98": 1, "129": 1, "115": 1}, "235": {"93": 1, "total_commits": 4, "139": 1, "106": 1, "172": 1}, "237": {"227": 1, "total_commits": 5, "236": 1, "228": 1, "214": 1, "226": 1}, "236": {"228": 1, "total_commits": 5, "214": 1, "226": 1, "227": 1, "237": 1}}