{"54": ["pzq0331@gmail.com", "yy.10@163.com"], "55": ["yy.10@163.com"], "56": ["pzq0331@gmail.com"], "57": ["pzq0331@gmail.com"], "58": ["pzq0331@gmail.com", "yy.10@163.com"], "59": ["pzq0331@gmail.com"], "60": ["pzq0331@gmail.com"], "61": ["pzq0331@gmail.com"], "62": ["pzq0331@gmail.com"], "63": ["pzq0331@gmail.com"], "64": ["pzq0331@gmail.com"], "65": ["pzq0331@gmail.com"], "66": ["pzq0331@gmail.com"], "67": ["pzq0331@gmail.com", "yy.10@163.com"], "68": ["pzq0331@gmail.com", "yy.10@163.com"], "69": ["pzq0331@gmail.com", "yy.10@163.com"], "70": ["pzq0331@gmail.com", "yy.10@163.com"], "71": ["pzq0331@gmail.com"], "72": ["pzq0331@gmail.com"], "73": ["pzq0331@gmail.com"], "74": ["pzq0331@gmail.com"], "75": ["pzq0331@gmail.com"], "76": ["pzq0331@gmail.com"], "112": ["pzq0331@gmail.com", "yy.10@163.com"], "78": ["pzq0331@gmail.com", "yy.10@163.com"], "79": ["pzq0331@gmail.com"], "80": ["pzq0331@gmail.com"], "81": ["pzq0331@gmail.com"], "82": ["pzq0331@gmail.com"], "83": ["yy.10@163.com"], "84": ["pzq0331@gmail.com"], "85": ["pzq0331@gmail.com"], "86": ["pzq0331@gmail.com", "yy.10@163.com"], "87": ["pzq0331@gmail.com"], "88": ["pzq0331@gmail.com", "yy.10@163.com"], "188": ["pzq0331@gmail.com"], "90": ["pzq0331@gmail.com"], "91": ["pzq0331@gmail.com", "yy.10@163.com"], "92": ["pzq0331@gmail.com", "yy.10@163.com"], "93": ["yy.10@163.com"], "94": ["pzq0331@gmail.com", "yy.10@163.com"], "95": ["pzq0331@gmail.com", "yy.10@163.com"], "96": ["pzq0331@gmail.com", "yy.10@163.com"], "97": ["pzq0331@gmail.com"], "98": ["pzq0331@gmail.com", "yy.10@163.com"], "99": ["pzq0331@gmail.com", "yy.10@163.com"], "100": ["pzq0331@gmail.com", "yy.10@163.com"], "101": ["pzq0331@gmail.com"], "102": ["pzq0331@gmail.com", "yy.10@163.com"], "103": ["pzq0331@gmail.com", "yy.10@163.com"], "104": ["pzq0331@gmail.com", "yy.10@163.com"], "105": ["pzq0331@gmail.com", "yy.10@163.com"], "106": ["pzq0331@gmail.com", "yy.10@163.com"], "107": ["pzq0331@gmail.com", "yy.10@163.com"], "108": ["pzq0331@gmail.com", "yy.10@163.com"], "109": ["pzq0331@gmail.com", "yy.10@163.com"], "110": ["pzq0331@gmail.com", "yy.10@163.com"], "111": ["pzq0331@gmail.com", "yy.10@163.com"], "113": ["pzq0331@gmail.com", "yy.10@163.com"], "114": ["pzq0331@gmail.com", "yy.10@163.com"], "115": ["pzq0331@gmail.com", "yy.10@163.com"], "116": ["pzq0331@gmail.com"], "117": ["pzq0331@gmail.com"], "118": ["pzq0331@gmail.com"], "119": ["pzq0331@gmail.com"], "120": ["pzq0331@gmail.com"], "121": ["pzq0331@gmail.com"], "122": ["pzq0331@gmail.com"], "123": ["pzq0331@gmail.com"], "124": ["pzq0331@gmail.com"], "125": ["yy.10@163.com"], "126": ["yy.10@163.com"], "127": ["yy.10@163.com"], "128": ["yy.10@163.com"], "129": ["yy.10@163.com"], "130": ["yy.10@163.com"], "131": ["yy.10@163.com"], "132": ["yy.10@163.com"], "133": ["pzq0331@gmail.com"], "134": ["yy.10@163.com"], "135": ["yy.10@163.com"], "136": ["yy.10@163.com"], "137": ["yy.10@163.com"], "138": ["yy.10@163.com"], "139": ["yy.10@163.com"], "140": ["yy.10@163.com"], "141": ["yy.10@163.com"], "142": ["yy.10@163.com"], "11": ["pzq0331@gmail.com", "yy.10@163.com"], "143": ["pzq0331@gmail.com"], "30": ["yy.10@163.com"], "12": ["yy.10@163.com"], "144": ["yy.10@163.com"], "15": ["yy.10@163.com"], "29": ["yy.10@163.com"], "14": ["yy.10@163.com"], "28": ["yy.10@163.com"], "16": ["yy.10@163.com"], "38": ["yy.10@163.com"], "13": ["yy.10@163.com"], "10": ["yy.10@163.com"], "50": ["yy.10@163.com"], "1": ["yy.10@163.com"], "145": ["yy.10@163.com"], "146": ["yy.10@163.com"], "147": ["yy.10@163.com"], "148": ["pzq0331@gmail.com"], "149": ["pzq0331@gmail.com"], "150": ["pzq0331@gmail.com"], "151": ["pzq0331@gmail.com"], "152": ["yy.10@163.com"], "153": ["yy.10@163.com"], "154": ["pzq0331@gmail.com"], "155": ["yy.10@163.com"], "156": ["pzq0331@gmail.com"], "157": ["yy.10@163.com"], "7": ["yy.10@163.com"], "8": ["yy.10@163.com"], "158": ["yy.10@163.com"], "159": ["yy.10@163.com"], "160": ["yy.10@163.com"], "161": ["pzq0331@gmail.com", "yy.10@163.com"], "162": ["yy.10@163.com"], "163": ["pzq0331@gmail.com", "yy.10@163.com"], "164": ["pzq0331@gmail.com", "yy.10@163.com"], "9": ["pzq0331@gmail.com"], "165": ["pzq0331@gmail.com"], "166": ["pzq0331@gmail.com"], "167": ["pzq0331@gmail.com", "yy.10@163.com"], "168": ["pzq0331@gmail.com"], "169": ["pzq0331@gmail.com"], "170": ["pzq0331@gmail.com"], "171": ["pzq0331@gmail.com"], "172": ["pzq0331@gmail.com", "yy.10@163.com"], "173": ["pzq0331@gmail.com"], "174": ["pzq0331@gmail.com"], "175": ["pzq0331@gmail.com"], "176": ["pzq0331@gmail.com"], "177": ["pzq0331@gmail.com"], "178": ["pzq0331@gmail.com"], "179": ["pzq0331@gmail.com"], "180": ["pzq0331@gmail.com"], "181": ["pzq0331@gmail.com"], "182": ["pzq0331@gmail.com"], "183": ["pzq0331@gmail.com"], "184": ["pzq0331@gmail.com"], "185": ["pzq0331@gmail.com"], "186": ["pzq0331@gmail.com", "yy.10@163.com"], "187": ["pzq0331@gmail.com", "yy.10@163.com"], "189": ["pzq0331@gmail.com"], "190": ["pzq0331@gmail.com"], "191": ["pzq0331@gmail.com"], "192": ["pzq0331@gmail.com"], "193": ["pzq0331@gmail.com"], "194": ["pzq0331@gmail.com"], "195": ["pzq0331@gmail.com"], "196": ["pzq0331@gmail.com"], "197": ["pzq0331@gmail.com"], "198": ["pzq0331@gmail.com"], "199": ["pzq0331@gmail.com", "yy.10@163.com"], "200": ["pzq0331@gmail.com"], "201": ["pzq0331@gmail.com"], "202": ["pzq0331@gmail.com"], "203": ["pzq0331@gmail.com"], "204": ["pzq0331@gmail.com"], "205": ["pzq0331@gmail.com"], "206": ["pzq0331@gmail.com"], "207": ["pzq0331@gmail.com"], "208": ["pzq0331@gmail.com"], "209": ["pzq0331@gmail.com"], "210": ["pzq0331@gmail.com"], "211": ["pzq0331@gmail.com"], "212": ["pzq0331@gmail.com"], "213": ["pzq0331@gmail.com"], "214": ["pzq0331@gmail.com"], "215": ["pzq0331@gmail.com"], "17": ["yy.10@163.com"], "216": ["yy.10@163.com"], "217": ["yy.10@163.com"], "218": ["yy.10@163.com"], "219": ["yy.10@163.com"], "220": ["yy.10@163.com"], "221": ["yy.10@163.com"], "222": ["yy.10@163.com"], "223": ["yy.10@163.com"], "224": ["yy.10@163.com"], "225": ["yy.10@163.com"], "226": ["pzq0331@gmail.com", "yy.10@163.com"], "227": ["pzq0331@gmail.com", "yy.10@163.com"], "228": ["pzq0331@gmail.com", "yy.10@163.com"], "229": ["pzq0331@gmail.com"], "230": ["yy.10@163.com"], "231": ["yy.10@163.com"], "232": ["pzq0331@gmail.com"], "233": ["yy.10@163.com"], "234": ["yy.10@163.com"], "235": ["yy.10@163.com"], "236": ["pzq0331@gmail.com"], "237": ["pzq0331@gmail.com"]}