{"BpmMailTemplate": 1, "User": 2, "M": 3, "Calendar": 4, "Role": 5, "RoleResourcePermission": 6, "ExtKeyValue": 7, "ExtKeyValueCategory": 8, "FormTemplate": 9, "BpmDelegateHistory": 10, "BpmProcess": 11, "BpmConfBase": 12, "BpmConfUser": 13, "BpmConfNode": 14, "BpmConfForm": 15, "BpmConfOperation": 16, "DelegateInfo": 17, "Group": 18, "Icon": 19, "Permission": 20, "DeletedSample": 21, "Category": 22, "Product": 23, "UserStatusHistory": 24, "GroupRelation": 25, "UserOnline": 26, "Sample": 27, "BpmConfNotice": 28, "BpmConfListener": 29, "BpmCategory": 30, "ExcelData": 31, "NotificationTemplate": 32, "NotificationData": 33, "Audit": 34, "Resource": 35, "Organization": 36, "Tree": 37, "BpmConfRule": 38, "TaskDefinition": 39, "Message": 40, "UserOrganizationJob": 41, "Job": 42, "Auth": 43, "Show": 44, "KeyValue": 45, "Upload": 46, "BaseEntity": 47, "BaseOracleEntity": 48, "MessageContent": 49, "BpmDelegateInfo": 50, "Parent": 51, "Child": 52, "UserLastOnline": 53}