{"1": "BpmMailTemplate", "2": "User", "3": "M", "4": "Calendar", "5": "Role", "6": "RoleResourcePermission", "7": "ExtKeyValue", "8": "ExtKeyValueCategory", "9": "FormTemplate", "10": "BpmDelegateHistory", "11": "BpmProcess", "12": "BpmConfBase", "13": "BpmConfUser", "14": "BpmConfNode", "15": "BpmConfForm", "16": "BpmConfOperation", "17": "DelegateInfo", "18": "Group", "19": "Icon", "20": "Permission", "21": "DeletedSample", "22": "Category", "23": "Product", "24": "UserStatusHistory", "25": "GroupRelation", "26": "UserOnline", "27": "Sample", "28": "BpmConfNotice", "29": "BpmConfListener", "30": "BpmCategory", "31": "ExcelData", "32": "NotificationTemplate", "33": "NotificationData", "34": "Audit", "35": "Resource", "36": "Organization", "37": "Tree", "38": "BpmConfRule", "39": "TaskDefinition", "40": "Message", "41": "UserOrganizationJob", "42": "Job", "43": "Auth", "44": "Show", "45": "KeyValue", "46": "Upload", "47": "BaseEntity", "48": "BaseOracleEntity", "49": "MessageContent", "50": "BpmDelegateInfo", "51": "Parent", "52": "Child", "53": "UserLastOnline"}