{"BpmMailTemplateController.validate": {"t": [{"id": 0, "a": [["R", 1], ["R", 1], ["R", 1]]}]}, "CalendarController.ajaxLoad": {"t": [{"id": 0, "a": [["R", 2], ["R", 3], ["R", 4], ["R", 4], ["R", 4], ["R", 4], ["R", 4], ["R", 4], ["R", 4], ["R", 4], ["R", 4], ["R", 4], ["R", 4], ["R", 4], ["R", 4], ["R", 4], ["R", 4], ["R", 4], ["R", 4], ["R", 4]]}]}, "CalendarController.deleteCalendar": {"t": [{"id": 0, "a": [["W", 3]]}]}, "CalendarController.moveCalendar": {"t": [{"id": 0, "a": [["R", 3], ["W", 4], ["W", 4], ["W", 4], ["W", 4], ["W", 4], ["W", 3], ["W", 4], ["W", 3]]}]}, "CalendarController.newCalendar": {"t": [{"id": 0, "a": [["R", 2], ["W", 4], ["W", 3]]}]}, "CalendarController.showNewForm": {"t": [{"id": 0, "a": [["W", 4], ["W", 4], ["W", 4], ["W", 4], ["W", 4], ["W", 4]]}]}, "RoleController.changeStatus": {"t": [{"id": 0, "a": [["R", 3], ["W", 5], ["W", 3]]}]}, "RoleController.createWithResourcePermission": {"t": [{"id": 0, "a": [["W", 6], ["W", 6], ["W", 6], ["W", 5], ["R", 5], ["R", 6], ["W", 5], ["W", 6], ["R", 5], ["R", 6], ["W", 5], ["W", 6], ["W", 6], ["W", 6], ["W", 6], ["W", 5], ["R", 5], ["R", 6], ["W", 5], ["W", 6], ["R", 5], ["R", 6], ["W", 5], ["W", 6], ["W", 3]]}]}, "RoleController.updateWithResourcePermission": {"t": [{"id": 0, "a": [["W", 6], ["W", 6], ["W", 6], ["W", 5], ["R", 5], ["R", 6], ["W", 5], ["W", 6], ["R", 5], ["R", 6], ["W", 5], ["W", 6], ["W", 6], ["W", 6], ["W", 6], ["W", 5], ["R", 5], ["R", 6], ["W", 5], ["W", 6], ["R", 5], ["R", 6], ["W", 5], ["W", 6], ["W", 3]]}]}, "FormTemplateController.select": {"t": [{"id": 0, "a": [["R", 3]]}]}, "ExtKeyValueCategoryController.create": {"t": [{"id": 0, "a": [["W", 3], ["W", 7], ["W", 8], ["R", 7], ["W", 3], ["W", 3]]}]}, "ExtKeyValueCategoryController.deleteExtKeyValue": {"t": [{"id": 0, "a": [["W", 3]]}]}, "ExtKeyValueCategoryController.deleteExtKeyValueInBatch": {"t": [{"id": 0, "a": [["W", 3]]}]}, "ExtKeyValueCategoryController.listExtKeyValue": {"t": [{"id": 0, "a": [["R", 3]]}]}, "ExtKeyValueCategoryController.showDeleteForm": {"t": [{"id": 0, "a": [["R", 7], ["R", 7], ["R", 7], ["R", 8]]}]}, "ExtKeyValueCategoryController.showExtKeyValueUpdateForm": {"t": [{"id": 0, "a": [["W", 7]]}]}, "ExtKeyValueCategoryController.showUpdateForm": {"t": [{"id": 0, "a": [["R", 7], ["R", 7], ["R", 7], ["R", 8]]}]}, "ExtKeyValueCategoryController.update": {"t": [{"id": 0, "a": [["R", 7], ["R", 7], ["R", 7], ["R", 8], ["W", 3], ["W", 7], ["W", 8], ["R", 7], ["W", 3], ["W", 3]]}]}, "ExtKeyValueCategoryController.validate": {"t": [{"id": 0, "a": [["R", 8], ["R", 8], ["R", 8]]}]}, "ExtKeyValueCategoryController.view": {"t": [{"id": 0, "a": [["R", 7], ["R", 7], ["R", 7], ["R", 8]]}]}, "FormProcessController.completeTask": {"t": [{"id": 0, "a": [["R", 9], ["R", 9], ["R", 9], ["R", 9], ["R", 9], ["R", 9], ["R", 9]]}]}, "FormProcessController.doDelegate": {"t": [{"id": 0, "a": [["R", 2], ["W", 10]]}]}, "FormProcessController.rollbackTask": {"t": [{"id": 0, "a": [["R", 9], ["R", 9], ["R", 9], ["R", 9], ["R", 9], ["R", 9], ["R", 9]]}]}, "FormProcessController.start": {"t": [{"id": 0, "a": [["R", 11], ["R", 11], ["R", 12], ["R", 12], ["R", 2], ["R", 13], ["R", 2], ["R", 2], ["R", 14], ["R", 12], ["R", 15], ["R", 2], ["R", 11]]}]}, "FormProcessController.viewTaskForm": {"t": [{"id": 0, "a": [["R", 12], ["R", 11], ["R", 14], ["R", 12], ["R", 15], ["R", 3], ["R", 16], ["R", 16], ["R", 14], ["R", 12], ["R", 15], ["R", 9], ["R", 9]]}]}, "DelegateInfoController.create": {"t": [{"id": 0, "a": [["R", 2], ["W", 17], ["R", 2], ["W", 17], ["W", 17], ["W", 17], ["W", 3]]}]}, "DelegateInfoController.delete": {"t": [{"id": 0, "a": [["W", 3]]}]}, "DelegateInfoController.deleteInBatch": {"t": [{"id": 0, "a": [["W", 3]]}]}, "DelegateInfoController.groupselect": {"t": [{"id": 0, "a": [["R", 3]]}]}, "DelegateInfoController.list": {"t": [{"id": 0, "a": [["R", 3]]}]}, "DelegateInfoController.showCreateForm": {"t": [{"id": 0, "a": [["R", 2], ["W", 17], ["R", 2], ["W", 17], ["W", 17], ["W", 17]]}]}, "DelegateInfoController.showUpdateForm": {"t": [{"id": 0, "a": [["R", 17], ["R", 3], ["R", 2], ["W", 17], ["R", 17], ["R", 17], ["R", 3], ["R", 2], ["W", 17], ["R", 17], ["R", 17], ["R", 3], ["R", 18], ["W", 17]]}]}, "DelegateInfoController.update": {"t": [{"id": 0, "a": [["R", 17], ["R", 3], ["R", 2], ["W", 17], ["R", 17], ["R", 17], ["R", 3], ["R", 2], ["W", 17], ["R", 17], ["R", 17], ["R", 3], ["R", 18], ["W", 17], ["W", 3]]}]}, "DelegateInfoController.userselect": {"t": [{"id": 0, "a": [["R", 3]]}]}, "DelegateInfoController.view": {"t": [{"id": 0, "a": [["R", 17], ["R", 3], ["R", 2], ["W", 17], ["R", 17], ["R", 17], ["R", 3], ["R", 2], ["W", 17], ["R", 17], ["R", 17], ["R", 3], ["R", 18], ["W", 17]]}]}, "IconController.create": {"t": [{"id": 0, "a": [["W", 19], ["W", 3], ["R", 3], ["R", 19], ["R", 19], ["R", 19], ["R", 19], ["R", 19], ["R", 19], ["R", 19], ["R", 19], ["R", 19], ["R", 19], ["R", 19], ["R", 19], ["R", 19], ["R", 19]]}]}, "IconController.delete": {"t": [{"id": 0, "a": [["W", 3], ["R", 3], ["R", 19], ["R", 19], ["R", 19], ["R", 19], ["R", 19], ["R", 19], ["R", 19], ["R", 19], ["R", 19], ["R", 19], ["R", 19], ["R", 19], ["R", 19], ["R", 19]]}]}, "IconController.deleteInBatch": {"t": [{"id": 0, "a": [["W", 3], ["R", 3], ["R", 19], ["R", 19], ["R", 19], ["R", 19], ["R", 19], ["R", 19], ["R", 19], ["R", 19], ["R", 19], ["R", 19], ["R", 19], ["R", 19], ["R", 19], ["R", 19]]}]}, "IconController.genIconCssFile": {"t": [{"id": 0, "a": [["R", 3], ["R", 19], ["R", 19], ["R", 19], ["R", 19], ["R", 19], ["R", 19], ["R", 19], ["R", 19], ["R", 19], ["R", 19], ["R", 19], ["R", 19], ["R", 19], ["R", 19]]}]}, "IconController.select": {"t": [{"id": 0, "a": [["R", 3]]}]}, "IconController.showCreateForm": {"t": [{"id": 0, "a": [["W", 19], ["W", 19], ["W", 19]]}]}, "IconController.update": {"t": [{"id": 0, "a": [["W", 19], ["W", 3], ["R", 3], ["R", 19], ["R", 19], ["R", 19], ["R", 19], ["R", 19], ["R", 19], ["R", 19], ["R", 19], ["R", 19], ["R", 19], ["R", 19], ["R", 19], ["R", 19], ["R", 19]]}]}, "IconController.validate": {"t": [{"id": 0, "a": [["R", 19], ["R", 19], ["R", 19]]}]}, "PermissionController.changeStatus": {"t": [{"id": 0, "a": [["R", 3], ["W", 20], ["W", 3]]}]}, "DeletedSampleController.validate": {"t": [{"id": 0, "a": [["R", 21], ["R", 21], ["R", 21]]}]}, "ProductController.create": {"t": [{"id": 0, "a": [["W", 3]]}]}, "ProductController.delete": {"t": [{"id": 0, "a": [["W", 3]]}]}, "ProductController.listByCategory": {"t": [{"id": 0, "a": [["R", 22], ["R", 3]]}]}, "ProductController.showCreateForm": {"t": [{"id": 0, "a": [["W", 23], ["W", 22]]}]}, "ProductController.update": {"t": [{"id": 0, "a": [["W", 3]]}]}, "BpmConfFormController.create": {"t": [{"id": 0, "a": [["W", 3]]}]}, "BpmConfFormController.deleteBpmConfForm": {"t": [{"id": 0, "a": [["W", 3]]}]}, "BpmConfFormController.deleteBpmConfFormInBatch": {"t": [{"id": 0, "a": [["W", 3]]}]}, "BpmConfFormController.list": {"t": [{"id": 0, "a": [["R", 8], ["R", 7], ["R", 7], ["R", 7], ["R", 8], ["R", 8], ["R", 7], ["R", 7], ["R", 7], ["R", 8], ["R", 14], ["R", 3]]}]}, "BpmConfFormController.showBpmConfFormUpdateForm": {"t": [{"id": 0, "a": [["R", 8], ["R", 7], ["R", 7], ["R", 7], ["R", 8], ["R", 8], ["R", 7], ["R", 7], ["R", 7], ["R", 8]]}]}, "BpmConfFormController.showCreateForm": {"t": [{"id": 0, "a": [["R", 8], ["R", 7], ["R", 7], ["R", 7], ["R", 8], ["R", 8], ["R", 7], ["R", 7], ["R", 7], ["R", 8], ["W", 15], ["W", 14], ["W", 15]]}]}, "BpmConfFormController.update": {"t": [{"id": 0, "a": [["W", 3]]}]}, "BpmConfFormController.validate": {"t": [{"id": 0, "a": [["R", 15], ["R", 15]]}]}, "MoveController.create": {"t": [{"id": 0, "a": [["W", 3]]}]}, "CategoryController.select": {"t": [{"id": 0, "a": [["R", 3]]}]}, "LoginFormController.loginForm": {"t": [{"id": 0, "a": [["R", 3], ["R", 24]]}]}, "GroupController.autocomplete": {"t": [{"id": 0, "a": [["R", 3], ["R", 18], ["R", 18]]}]}, "GroupController.batchAppendGroupRelation": {"t": [{"id": 0, "a": [["R", 18], ["R", 18], ["R", 25], ["W", 25], ["W", 25], ["W", 3], ["R", 18], ["R", 18], ["R", 25], ["W", 25], ["W", 25], ["W", 3], ["R", 25], ["R", 25], ["W", 25], ["W", 25], ["W", 25], ["W", 3]]}]}, "GroupController.batchDeleteGroupRelation": {"t": [{"id": 0, "a": [["R", 18], ["R", 18], ["W", 3]]}]}, "GroupController.changeDefaultGroup": {"t": [{"id": 0, "a": [["R", 3], ["R", 18], ["W", 18], ["W", 3]]}]}, "GroupController.changeShowStatus": {"t": [{"id": 0, "a": [["R", 3], ["W", 18], ["W", 3]]}]}, "GroupController.create": {"t": [{"id": 0, "a": [["W", 3]]}]}, "GroupController.groupnameselect": {"t": [{"id": 0, "a": [["R", 3]]}]}, "GroupController.groupselect": {"t": [{"id": 0, "a": [["R", 3]]}]}, "GroupController.list": {"t": [{"id": 0, "a": [["R", 3]]}]}, "GroupController.listGroupRelation": {"t": [{"id": 0, "a": [["R", 18], ["R", 18], ["R", 3], ["R", 18], ["R", 3]]}]}, "GroupController.listGroupRelationTable": {"t": [{"id": 0, "a": [["R", 18], ["R", 18], ["R", 3], ["R", 18], ["R", 3]]}]}, "GroupController.showBatchAppendGroupRelationForm": {"t": [{"id": 0, "a": [["R", 18], ["R", 18]]}]}, "GroupController.showCreateFormWithType": {"t": [{"id": 0, "a": [["W", 18]]}]}, "ModelerController.deploy": {"t": [{"id": 0, "a": [["W", 11], ["R", 12], ["W", 11], ["W", 12], ["W", 3], ["R", 11]]}]}, "ModelerController.deployView": {"t": [{"id": 0, "a": [["W", 11]]}]}, "BpmConfNodeController.listByProcess": {"t": [{"id": 0, "a": [["R", 3], ["R", 11], ["R", 12], ["R", 12], ["R", 3]]}]}, "UserOnlineController.forceLogout": {"t": [{"id": 0, "a": [["R", 3], ["R", 26], ["W", 26], ["W", 3]]}]}, "SampleController.validate": {"t": [{"id": 0, "a": [["R", 27], ["R", 27], ["R", 27]]}]}, "BpmConfNoticeController.create": {"t": [{"id": 0, "a": [["W", 3]]}]}, "BpmConfNoticeController.deleteBpmConfNotice": {"t": [{"id": 0, "a": [["W", 3]]}]}, "BpmConfNoticeController.deleteBpmConfNoticeInBatch": {"t": [{"id": 0, "a": [["W", 3]]}]}, "BpmConfNoticeController.list": {"t": [{"id": 0, "a": [["R", 8], ["R", 7], ["R", 7], ["R", 7], ["R", 8], ["R", 8], ["R", 7], ["R", 7], ["R", 7], ["R", 8], ["R", 3], ["R", 14], ["R", 3]]}]}, "BpmConfNoticeController.showBpmConfNoticeUpdateForm": {"t": [{"id": 0, "a": [["R", 8], ["R", 7], ["R", 7], ["R", 7], ["R", 8], ["R", 8], ["R", 7], ["R", 7], ["R", 7], ["R", 8], ["R", 3]]}]}, "BpmConfNoticeController.showCreateForm": {"t": [{"id": 0, "a": [["R", 8], ["R", 7], ["R", 7], ["R", 7], ["R", 8], ["R", 8], ["R", 7], ["R", 7], ["R", 7], ["R", 8], ["R", 3], ["W", 28], ["W", 14], ["W", 28]]}]}, "BpmConfNoticeController.update": {"t": [{"id": 0, "a": [["W", 3]]}]}, "BpmConfListenerController.create": {"t": [{"id": 0, "a": [["W", 3]]}]}, "BpmConfListenerController.deleteBpmConfListener": {"t": [{"id": 0, "a": [["W", 3]]}]}, "BpmConfListenerController.deleteBpmConfListenerInBatch": {"t": [{"id": 0, "a": [["W", 3]]}]}, "BpmConfListenerController.list": {"t": [{"id": 0, "a": [["R", 8], ["R", 7], ["R", 7], ["R", 7], ["R", 8], ["R", 8], ["R", 7], ["R", 7], ["R", 7], ["R", 8], ["R", 14], ["R", 3]]}]}, "BpmConfListenerController.showBpmConfListenerUpdateForm": {"t": [{"id": 0, "a": [["R", 8], ["R", 7], ["R", 7], ["R", 7], ["R", 8], ["R", 8], ["R", 7], ["R", 7], ["R", 7], ["R", 8]]}]}, "BpmConfListenerController.showCreateForm": {"t": [{"id": 0, "a": [["R", 8], ["R", 7], ["R", 7], ["R", 7], ["R", 8], ["R", 8], ["R", 7], ["R", 7], ["R", 7], ["R", 8], ["W", 29], ["W", 14], ["W", 29], ["W", 29]]}]}, "BpmConfListenerController.update": {"t": [{"id": 0, "a": [["W", 3]]}]}, "BpmConfListenerController.validate": {"t": [{"id": 0, "a": [["R", 29], ["R", 29]]}]}, "WorkspaceController.graphProcessDefinition": {"t": [{"id": 0, "a": [["R", 3], ["R", 11], ["R", 12], ["R", 12]]}]}, "WorkspaceController.home": {"t": [{"id": 0, "a": [["R", 30]]}]}, "WorkspaceController.viewHistory": {"t": [{"id": 0, "a": [["R", 12], ["R", 11], ["R", 14], ["R", 12], ["R", 15], ["R", 9], ["R", 9]]}]}, "BpmProcessController.validate": {"t": [{"id": 0, "a": [["R", 11], ["R", 11], ["R", 11], ["R", 12], ["R", 11], ["R", 11]]}]}, "ExcelController.exportExcel": {"t": [{"id": 0, "a": [["R", 2], ["R", 3], ["R", 31], ["R", 31], ["R", 31], ["R", 2], ["R", 32], ["W", 33], ["R", 32], ["W", 33], ["W", 33], ["R", 32], ["R", 32], ["W", 33], ["W", 33], ["W", 3], ["R", 3], ["R", 33], ["R", 33], ["R", 33], ["R", 33], ["R", 33], ["R", 2], ["R", 32], ["W", 33], ["R", 32], ["W", 33], ["W", 33], ["R", 32], ["R", 32], ["W", 33], ["W", 33], ["W", 3], ["R", 3], ["R", 33], ["R", 33], ["R", 33], ["R", 33], ["R", 33], ["R", 2], ["R", 3], ["R", 31], ["R", 31], ["R", 31], ["R", 2], ["R", 32], ["W", 33], ["R", 32], ["W", 33], ["W", 33], ["R", 32], ["R", 32], ["W", 33], ["W", 33], ["W", 3], ["R", 3], ["R", 33], ["R", 33], ["R", 33], ["R", 33], ["R", 33], ["R", 2], ["R", 32], ["W", 33], ["R", 32], ["W", 33], ["W", 33], ["R", 32], ["R", 32], ["W", 33], ["W", 33], ["W", 3], ["R", 3], ["R", 33], ["R", 33], ["R", 33], ["R", 33], ["R", 33], ["R", 2], ["R", 3], ["R", 31], ["R", 31], ["R", 31], ["R", 2], ["R", 32], ["W", 33], ["R", 32], ["W", 33], ["W", 33], ["R", 32], ["R", 32], ["W", 33], ["W", 33], ["W", 3], ["R", 3], ["R", 33], ["R", 33], ["R", 33], ["R", 33], ["R", 33], ["R", 2], ["R", 32], ["W", 33], ["R", 32], ["W", 33], ["W", 33], ["R", 32], ["R", 32], ["W", 33], ["W", 33], ["W", 3], ["R", 3], ["R", 33], ["R", 33], ["R", 33], ["R", 33], ["R", 33], ["R", 2], ["R", 3], ["R", 31], ["R", 31], ["R", 31], ["R", 2], ["R", 32], ["W", 33], ["R", 32], ["W", 33], ["W", 33], ["R", 32], ["R", 32], ["W", 33], ["W", 33], ["W", 3], ["R", 3], ["R", 33], ["R", 33], ["R", 33], ["R", 33], ["R", 33], ["R", 2], ["R", 32], ["W", 33], ["R", 32], ["W", 33], ["W", 33], ["R", 32], ["R", 32], ["W", 33], ["W", 33], ["W", 3], ["R", 3], ["R", 33], ["R", 33], ["R", 33], ["R", 33], ["R", 33], ["R", 2], ["R", 3], ["R", 31], ["R", 31], ["R", 31], ["R", 2], ["R", 32], ["W", 33], ["R", 32], ["W", 33], ["W", 33], ["R", 32], ["R", 32], ["W", 33], ["W", 33], ["W", 3], ["R", 3], ["R", 33], ["R", 33], ["R", 33], ["R", 33], ["R", 33], ["R", 2], ["R", 32], ["W", 33], ["R", 32], ["W", 33], ["W", 33], ["R", 32], ["R", 32], ["W", 33], ["W", 33], ["W", 3], ["R", 3], ["R", 33], ["R", 33], ["R", 33], ["R", 33], ["R", 33]]}]}, "ExcelController.importExcel": {"t": [{"id": 0, "a": [["W", 31], ["W", 31], ["R", 31], ["R", 3], ["R", 31], ["R", 31], ["W", 31], ["R", 31], ["W", 31], ["W", 3], ["R", 31], ["R", 31], ["R", 31], ["R", 3], ["R", 31], ["R", 31], ["W", 31], ["R", 31], ["W", 31], ["W", 3], ["R", 2], ["R", 32], ["W", 33], ["R", 32], ["W", 33], ["W", 33], ["R", 32], ["R", 32], ["W", 33], ["W", 33], ["W", 3], ["R", 3], ["R", 33], ["R", 33], ["R", 33], ["R", 33], ["R", 33], ["R", 2], ["R", 32], ["W", 33], ["R", 32], ["W", 33], ["W", 33], ["R", 32], ["R", 32], ["W", 33], ["W", 33], ["W", 3], ["R", 3], ["R", 33], ["R", 33], ["R", 33], ["R", 33], ["R", 33], ["R", 31], ["R", 3], ["R", 31], ["R", 31], ["W", 31], ["R", 31], ["W", 31], ["W", 3], ["R", 2], ["R", 32], ["W", 33], ["R", 32], ["W", 33], ["W", 33], ["R", 32], ["R", 32], ["W", 33], ["W", 33], ["W", 3], ["R", 3], ["R", 33], ["R", 33], ["R", 33], ["R", 33], ["R", 33], ["R", 2], ["R", 32], ["W", 33], ["R", 32], ["W", 33], ["W", 33], ["R", 32], ["R", 32], ["W", 33], ["W", 33], ["W", 3], ["R", 3], ["R", 33], ["R", 33], ["R", 33], ["R", 33], ["R", 33], ["R", 31], ["R", 3], ["R", 31], ["R", 31], ["W", 31], ["R", 31], ["W", 31], ["W", 3], ["R", 2], ["R", 32], ["W", 33], ["R", 32], ["W", 33], ["W", 33], ["R", 32], ["R", 32], ["W", 33], ["W", 33], ["W", 3], ["R", 3], ["R", 33], ["R", 33], ["R", 33], ["R", 33], ["R", 33], ["R", 2], ["R", 32], ["W", 33], ["R", 32], ["W", 33], ["W", 33], ["R", 32], ["R", 32], ["W", 33], ["W", 33], ["W", 3], ["R", 3], ["R", 33], ["R", 33], ["R", 33], ["R", 33], ["R", 33]]}]}, "ExcelController.initOneMillionData": {"t": [{"id": 0, "a": [["W", 31], ["R", 2], ["R", 32], ["W", 33], ["R", 32], ["W", 33], ["W", 33], ["R", 32], ["R", 32], ["W", 33], ["W", 33], ["W", 3], ["R", 3], ["R", 33], ["R", 33], ["R", 33], ["R", 33], ["R", 33]]}]}, "AuditController.audit": {"t": [{"id": 0, "a": [["R", 3], ["R", 34], ["W", 34], ["W", 34], ["W", 3]]}]}, "ResourceController.changeStatus": {"t": [{"id": 0, "a": [["R", 3], ["W", 35], ["W", 3]]}]}, "OrganizationController.changeStatus": {"t": [{"id": 0, "a": [["R", 3], ["W", 36], ["W", 3]]}]}, "FormRenderController.create": {"t": [{"id": 0, "a": [["R", 9], ["R", 9], ["R", 9], ["R", 9], ["R", 9]]}]}, "FormRenderController.deleteInBatch": {"t": [{"id": 0, "a": [["R", 9], ["R", 9]]}]}, "FormRenderController.list": {"t": [{"id": 0, "a": [["R", 9], ["R", 9], ["R", 9], ["R", 9]]}]}, "FormRenderController.showCreateForm": {"t": [{"id": 0, "a": [["R", 3]]}]}, "FormRenderController.showUpdateForm": {"t": [{"id": 0, "a": [["R", 3], ["R", 9], ["R", 9]]}]}, "FormRenderController.update": {"t": [{"id": 0, "a": [["R", 9], ["R", 9], ["R", 9], ["R", 9], ["R", 9]]}]}, "BpmConfOperationController.create": {"t": [{"id": 0, "a": [["W", 3]]}]}, "BpmConfOperationController.deleteBpmConfOperation": {"t": [{"id": 0, "a": [["W", 3]]}]}, "BpmConfOperationController.deleteBpmConfOperationInBatch": {"t": [{"id": 0, "a": [["W", 3]]}]}, "BpmConfOperationController.list": {"t": [{"id": 0, "a": [["R", 8], ["R", 7], ["R", 7], ["R", 7], ["R", 8], ["R", 14], ["R", 3]]}]}, "BpmConfOperationController.showBpmConfOperationUpdateForm": {"t": [{"id": 0, "a": [["R", 8], ["R", 7], ["R", 7], ["R", 7], ["R", 8]]}]}, "BpmConfOperationController.showCreateForm": {"t": [{"id": 0, "a": [["R", 8], ["R", 7], ["R", 7], ["R", 7], ["R", 8], ["W", 16], ["W", 14], ["W", 16]]}]}, "BpmConfOperationController.update": {"t": [{"id": 0, "a": [["W", 3]]}]}, "BpmConfOperationController.validate": {"t": [{"id": 0, "a": [["R", 16], ["R", 16]]}]}, "TreeController.changeStatus": {"t": [{"id": 0, "a": [["R", 3], ["W", 37], ["W", 3]]}]}, "BpmConfRuleController.create": {"t": [{"id": 0, "a": [["W", 3]]}]}, "BpmConfRuleController.deleteBpmConfRule": {"t": [{"id": 0, "a": [["W", 3]]}]}, "BpmConfRuleController.deleteBpmConfRuleInBatch": {"t": [{"id": 0, "a": [["W", 3]]}]}, "BpmConfRuleController.list": {"t": [{"id": 0, "a": [["R", 14], ["R", 3]]}]}, "BpmConfRuleController.showCreateForm": {"t": [{"id": 0, "a": [["W", 38], ["W", 14]]}]}, "BpmConfRuleController.update": {"t": [{"id": 0, "a": [["W", 3]]}]}, "BpmConfRuleController.validate": {"t": [{"id": 0, "a": [["R", 38], ["R", 38]]}]}, "DynamicTaskController.delete": {"t": [{"id": 0, "a": [["R", 39], ["R", 3], ["R", 39], ["W", 39], ["W", 39], ["W", 3], ["W", 3]]}]}, "DynamicTaskController.deleteInBatch": {"t": [{"id": 0, "a": [["R", 3], ["R", 39], ["W", 39], ["W", 39], ["W", 3], ["W", 3]]}]}, "DynamicTaskController.startTask": {"t": [{"id": 0, "a": [["R", 3], ["R", 39], ["R", 39], ["R", 39], ["R", 39], ["R", 39], ["R", 39], ["R", 39], ["W", 39], ["W", 39], ["W", 3]]}]}, "DynamicTaskController.stopTask": {"t": [{"id": 0, "a": [["R", 3], ["R", 39], ["W", 39], ["W", 39], ["W", 3]]}]}, "PushController.polling": {"t": [{"id": 0, "a": [["R", 2], ["R", 40], ["R", 40], ["R", 2], ["R", 3], ["R", 33], ["R", 33], ["R", 33], ["R", 33], ["R", 33]]}]}, "AjaxUploadFormController.create": {"t": [{"id": 0, "a": [["W", 3]]}]}, "IndexController.index": {"t": [{"id": 0, "a": [["R", 3], ["R", 2], ["R", 2], ["R", 41], ["W", 2], ["W", 41], ["R", 2], ["R", 41], ["R", 41], ["R", 41], ["R", 3], ["R", 37], ["R", 42], ["R", 36], ["R", 35], ["R", 3], ["R", 37], ["R", 42], ["R", 36], ["R", 35], ["R", 3], ["R", 36], ["R", 3], ["R", 36], ["R", 3], ["R", 42], ["R", 3], ["R", 42], ["R", 18], ["R", 25], ["R", 25], ["R", 3], ["R", 18], ["R", 18], ["R", 43], ["R", 3], ["R", 5], ["R", 5], ["R", 5], ["R", 6], ["W", 5], ["W", 6], ["R", 5], ["R", 6], ["R", 6], ["R", 3], ["R", 35], ["R", 35], ["R", 35], ["R", 3], ["R", 35], ["R", 35], ["R", 35], ["R", 3], ["R", 3], ["R", 35], ["R", 35], ["R", 35], ["R", 6], ["W", 6], ["R", 6], ["R", 3], ["R", 20], ["R", 20], ["R", 35], ["R", 35], ["R", 35], ["R", 3], ["R", 35], ["R", 35], ["R", 35], ["R", 3], ["R", 3], ["R", 35], ["R", 35], ["R", 35], ["R", 35], ["R", 35], ["R", 35], ["R", 35], ["R", 35], ["R", 35], ["R", 35], ["R", 35], ["R", 35], ["R", 35], ["R", 35], ["R", 35], ["R", 35], ["R", 35], ["R", 35], ["R", 35], ["R", 35], ["R", 35], ["R", 35], ["R", 35], ["R", 2], ["R", 2], ["R", 2]]}]}, "IndexController.welcome": {"t": [{"id": 0, "a": [["R", 2], ["R", 40], ["R", 40], ["R", 2], ["R", 4]]}]}, "BpmConfBaseController.select": {"t": [{"id": 0, "a": [["R", 3]]}]}, "ShowController.audit": {"t": [{"id": 0, "a": [["R", 3], ["W", 44], ["W", 3]]}]}, "NotificationTemplateController.list": {"t": [{"id": 0, "a": [["R", 3]]}]}, "NotificationTemplateController.validate": {"t": [{"id": 0, "a": [["R", 32], ["R", 32], ["R", 32]]}]}, "UserController.autocomplete": {"t": [{"id": 0, "a": [["R", 3], ["R", 2], ["R", 2]]}]}, "UserController.changePassword": {"t": [{"id": 0, "a": [["R", 3], ["W", 2], ["R", 2], ["R", 2], ["W", 2], ["R", 2], ["R", 41], ["W", 2], ["W", 41], ["R", 2], ["R", 41], ["W", 41], ["W", 2], ["R", 41], ["R", 2], ["R", 41], ["R", 41], ["R", 41], ["R", 41], ["W", 41], ["R", 41], ["W", 41], ["R", 41], ["R", 2], ["W", 41], ["W", 2], ["W", 3], ["R", 2], ["R", 2]]}]}, "UserController.changeStatus": {"t": [{"id": 0, "a": [["R", 3], ["W", 2], ["R", 2], ["R", 41], ["W", 2], ["W", 41], ["R", 2], ["R", 41], ["W", 41], ["W", 2], ["R", 41], ["R", 2], ["R", 41], ["R", 41], ["R", 41], ["R", 41], ["W", 41], ["R", 41], ["W", 41], ["R", 41], ["R", 2], ["W", 41], ["W", 2], ["W", 3], ["W", 24], ["W", 2], ["W", 24], ["W", 2], ["W", 24], ["W", 24], ["W", 24], ["W", 3], ["R", 2], ["R", 2]]}]}, "UserController.createWithOrganization": {"t": [{"id": 0, "a": [["W", 41], ["W", 41], ["W", 41], ["W", 2], ["R", 2], ["R", 41], ["W", 2], ["W", 41], ["R", 2], ["R", 41], ["W", 2], ["W", 41], ["W", 41], ["W", 41], ["W", 41], ["W", 2], ["R", 2], ["R", 41], ["W", 2], ["W", 41], ["R", 2], ["R", 41], ["W", 2], ["W", 41], ["W", 3]]}]}, "UserController.list": {"t": [{"id": 0, "a": [["R", 36], ["R", 36], ["R", 36], ["R", 42], ["R", 42], ["R", 42], ["R", 3]]}]}, "UserController.listAll": {"t": [{"id": 0, "a": [["R", 36], ["R", 36], ["R", 36], ["R", 42], ["R", 42], ["R", 42], ["R", 3]]}]}, "UserController.recycle": {"t": [{"id": 0, "a": [["R", 3], ["W", 2], ["R", 2], ["R", 41], ["W", 2], ["W", 41], ["R", 2], ["R", 41], ["W", 41], ["W", 2], ["R", 41], ["R", 2], ["R", 41], ["R", 41], ["R", 41], ["R", 41], ["W", 41], ["R", 41], ["W", 41], ["R", 41], ["R", 2], ["W", 41], ["W", 2], ["W", 3]]}]}, "UserController.updateWithOrganization": {"t": [{"id": 0, "a": [["W", 41], ["W", 41], ["W", 41], ["W", 2], ["R", 2], ["R", 41], ["W", 2], ["W", 41], ["R", 2], ["R", 41], ["W", 2], ["W", 41], ["W", 41], ["W", 41], ["W", 41], ["W", 2], ["R", 2], ["R", 41], ["W", 2], ["W", 41], ["R", 2], ["R", 41], ["W", 2], ["W", 41], ["W", 3]]}]}, "UserController.usernameselect": {"t": [{"id": 0, "a": [["R", 3]]}]}, "UserController.userselect": {"t": [{"id": 0, "a": [["R", 3]]}]}, "UserController.validate": {"t": [{"id": 0, "a": [["R", 2], ["R", 2], ["R", 2], ["R", 2], ["R", 2], ["R", 2], ["R", 2], ["R", 2], ["R", 2]]}]}, "BpmCategoryController.select": {"t": [{"id": 0, "a": [["R", 3]]}]}, "BpmCategoryController.validate": {"t": [{"id": 0, "a": [["R", 30], ["R", 30], ["R", 30]]}]}, "JobController.changeStatus": {"t": [{"id": 0, "a": [["R", 3], ["W", 42], ["W", 3]]}]}, "KeyValueController.validate": {"t": [{"id": 0, "a": [["R", 45], ["R", 45], ["R", 45]]}]}, "UploadController.create": {"t": [{"id": 0, "a": [["W", 46], ["W", 3]]}]}, "UploadController.update": {"t": [{"id": 0, "a": [["W", 46], ["W", 3]]}]}, "BpmConfUserController.create": {"t": [{"id": 0, "a": [["W", 3]]}]}, "BpmConfUserController.deleteBpmConfUser": {"t": [{"id": 0, "a": [["W", 3]]}]}, "BpmConfUserController.deleteBpmConfUserInBatch": {"t": [{"id": 0, "a": [["W", 3]]}]}, "BpmConfUserController.list": {"t": [{"id": 0, "a": [["R", 8], ["R", 7], ["R", 7], ["R", 7], ["R", 8], ["R", 8], ["R", 7], ["R", 7], ["R", 7], ["R", 8], ["R", 14], ["R", 3]]}]}, "BpmConfUserController.showBpmConfUserUpdateForm": {"t": [{"id": 0, "a": [["R", 8], ["R", 7], ["R", 7], ["R", 7], ["R", 8], ["R", 8], ["R", 7], ["R", 7], ["R", 7], ["R", 8]]}]}, "BpmConfUserController.showCreateForm": {"t": [{"id": 0, "a": [["R", 8], ["R", 7], ["R", 7], ["R", 7], ["R", 8], ["R", 8], ["R", 7], ["R", 7], ["R", 7], ["R", 8], ["W", 13], ["W", 14], ["W", 13], ["W", 13]]}]}, "BpmConfUserController.update": {"t": [{"id": 0, "a": [["W", 3]]}]}, "BpmConfUserController.validate": {"t": [{"id": 0, "a": [["R", 13], ["R", 13]]}]}, "MessageController.batchDelete": {"t": [{"id": 0, "a": [["R", 2], ["R", 3], ["R", 40], ["W", 40], ["W", 40], ["W", 40], ["W", 40], ["W", 3]]}]}, "MessageController.batchRecycle": {"t": [{"id": 0, "a": [["R", 2], ["R", 3], ["R", 40], ["W", 40], ["W", 40], ["W", 40], ["W", 40], ["W", 3]]}]}, "MessageController.batchStore": {"t": [{"id": 0, "a": [["R", 2], ["R", 3], ["R", 40], ["W", 40], ["W", 40], ["W", 40], ["W", 40], ["W", 3]]}]}, "MessageController.clear": {"t": [{"id": 0, "a": [["R", 2], ["R", 40], ["R", 40], ["R", 40], ["R", 40], ["R", 40], ["R", 40], ["R", 40], ["R", 40], ["R", 40], ["R", 40]]}]}, "MessageController.forward": {"t": [{"id": 0, "a": [["R", 2], ["R", 47], ["R", 48], ["R", 26], ["R", 47], ["R", 48], ["R", 26], ["R", 47], ["R", 48], ["R", 26], ["R", 40], ["R", 3], ["R", 2], ["R", 40], ["R", 3], ["R", 2], ["R", 40], ["W", 40], ["R", 40], ["R", 49], ["W", 40], ["W", 49], ["R", 40], ["R", 49], ["W", 40], ["W", 49], ["R", 40], ["R", 49], ["R", 40], ["R", 49], ["R", 40], ["R", 49], ["R", 40], ["R", 49], ["R", 40], ["R", 49], ["R", 40], ["R", 40], ["R", 49], ["R", 40], ["R", 49], ["R", 40], ["R", 49], ["R", 40], ["R", 49], ["R", 40], ["R", 49], ["R", 49], ["W", 49], ["R", 2], ["W", 40], ["R", 2], ["W", 40], ["W", 40], ["W", 40], ["W", 40], ["W", 40], ["W", 40], ["R", 40], ["R", 49], ["R", 40], ["R", 49], ["R", 40], ["R", 49], ["R", 40], ["R", 49], ["R", 40], ["R", 49], ["W", 49], ["W", 40], ["R", 40], ["R", 40], ["R", 3], ["R", 40], ["R", 40], ["R", 40], ["W", 40], ["W", 3], ["R", 40], ["R", 40], ["R", 40], ["R", 40]]}]}, "MessageController.list": {"t": [{"id": 0, "a": [["R", 2], ["R", 3]]}]}, "MessageController.listDefault": {"t": [{"id": 0, "a": [["R", 2], ["R", 3]]}]}, "MessageController.listTable": {"t": [{"id": 0, "a": [["R", 2], ["R", 3]]}]}, "MessageController.listTableDefault": {"t": [{"id": 0, "a": [["R", 2], ["R", 3]]}]}, "MessageController.markRead": {"t": [{"id": 0, "a": [["R", 2], ["R", 40]]}]}, "MessageController.reply": {"t": [{"id": 0, "a": [["R", 40], ["W", 40], ["R", 40], ["W", 40], ["R", 40], ["W", 40], ["R", 40], ["W", 40], ["R", 2], ["W", 40], ["W", 40], ["W", 40], ["W", 40], ["W", 40], ["W", 40], ["R", 40], ["R", 49], ["R", 40], ["R", 49], ["R", 40], ["R", 49], ["R", 40], ["R", 49], ["R", 40], ["R", 49], ["W", 49], ["W", 40], ["R", 40], ["R", 40], ["R", 3], ["R", 40], ["R", 40], ["R", 40], ["W", 40], ["W", 3], ["R", 40], ["R", 40], ["R", 40], ["R", 40]]}]}, "MessageController.resendDraft": {"t": [{"id": 0, "a": [["R", 2], ["R", 47], ["R", 48], ["R", 26], ["R", 47], ["R", 48], ["R", 26], ["R", 47], ["R", 48], ["R", 26], ["R", 2], ["W", 40], ["R", 2], ["W", 40], ["W", 40], ["W", 40], ["W", 40], ["W", 40], ["W", 40], ["R", 40], ["R", 49], ["R", 40], ["R", 49], ["R", 40], ["R", 49], ["R", 40], ["R", 49], ["R", 40], ["R", 49], ["W", 49], ["W", 40], ["R", 40], ["R", 40], ["R", 3], ["R", 40], ["R", 40], ["R", 40], ["W", 40], ["W", 3], ["R", 40], ["R", 40], ["R", 40], ["R", 40]]}]}, "MessageController.saveDraft": {"t": [{"id": 0, "a": [["R", 2], ["R", 2], ["W", 40], ["R", 2], ["W", 40], ["W", 40], ["W", 40], ["R", 40], ["R", 49], ["R", 40], ["R", 49], ["R", 40], ["R", 49], ["R", 40], ["R", 49], ["R", 40], ["R", 49], ["R", 40], ["R", 49], ["R", 40], ["R", 49], ["R", 40], ["R", 49], ["R", 40], ["R", 49], ["R", 40], ["R", 49], ["W", 49], ["W", 40], ["W", 3]]}]}, "MessageController.send": {"t": [{"id": 0, "a": [["R", 2], ["R", 47], ["R", 48], ["R", 26], ["R", 47], ["R", 48], ["R", 26], ["R", 47], ["R", 48], ["R", 26], ["R", 2], ["W", 40], ["R", 2], ["W", 40], ["W", 40], ["W", 40], ["W", 40], ["W", 40], ["W", 40], ["R", 40], ["R", 49], ["R", 40], ["R", 49], ["R", 40], ["R", 49], ["R", 40], ["R", 49], ["R", 40], ["R", 49], ["W", 49], ["W", 40], ["R", 40], ["R", 40], ["R", 3], ["R", 40], ["R", 40], ["R", 40], ["W", 40], ["W", 3], ["R", 40], ["R", 40], ["R", 40], ["R", 40]]}]}, "MessageController.showForwardForm": {"t": [{"id": 0, "a": [["R", 40], ["R", 3], ["R", 2], ["R", 40], ["R", 3], ["R", 2], ["R", 40], ["W", 40], ["R", 40], ["R", 49], ["W", 40], ["W", 49], ["R", 40], ["R", 49], ["W", 40], ["W", 49], ["R", 40], ["R", 49], ["R", 40], ["R", 49], ["R", 40], ["R", 49], ["R", 40], ["R", 49], ["R", 40], ["R", 49], ["R", 40], ["R", 40], ["R", 49], ["R", 40], ["R", 49], ["R", 40], ["R", 49], ["R", 40], ["R", 49], ["R", 40], ["R", 49], ["R", 49], ["W", 49]]}]}, "MessageController.showReplyForm": {"t": [{"id": 0, "a": [["R", 40], ["W", 40], ["R", 40], ["W", 40], ["R", 40], ["W", 40], ["R", 40], ["W", 40]]}]}, "MessageController.showResendDraftForm": {"t": [{"id": 0, "a": [["R", 40], ["R", 40], ["R", 3], ["R", 2]]}]}, "MessageController.unreadCount": {"t": [{"id": 0, "a": [["R", 2], ["R", 40], ["R", 40]]}]}, "MessageController.view": {"t": [{"id": 0, "a": [["R", 2], ["R", 40], ["R", 40], ["W", 40], ["W", 3], ["R", 40], ["R", 40], ["R", 40], ["R", 40], ["R", 40], ["R", 3], ["R", 40], ["R", 40], ["R", 40], ["R", 40], ["R", 40], ["R", 40], ["R", 40], ["R", 40]]}]}, "MessageController.viewContent": {"t": [{"id": 0, "a": [["R", 2], ["R", 40], ["R", 40], ["W", 40], ["W", 3]]}]}, "DelegateController.autoDelegate": {"t": [{"id": 0, "a": [["R", 2], ["W", 50]]}]}, "DelegateController.listDelegateHistories": {"t": [{"id": 0, "a": [["R", 10]]}]}, "DelegateController.listDelegateInfos": {"t": [{"id": 0, "a": [["R", 50]]}]}, "DelegateController.listMyDelegateInfos": {"t": [{"id": 0, "a": [["R", 2], ["R", 50]]}]}, "DelegateController.removeDelegateInfo": {"t": [{"id": 0, "a": [["W", 50]]}]}, "UserProcessController.list": {"t": [{"id": 0, "a": [["R", 2], ["R", 12], ["R", 11], ["R", 2], ["R", 12], ["R", 11], ["R", 2], ["R", 12], ["R", 11]]}]}, "AuthController.createWithType": {"t": [{"id": 0, "a": [["R", 43], ["R", 3], ["R", 43], ["R", 43], ["W", 43], ["R", 43], ["R", 43], ["W", 43], ["R", 43], ["W", 43], ["W", 43], ["R", 43], ["W", 43], ["R", 43], ["W", 43], ["R", 43], ["W", 43], ["W", 3], ["R", 43], ["R", 43], ["R", 3], ["R", 43], ["R", 43], ["W", 43], ["R", 43], ["R", 43], ["W", 43], ["R", 43], ["W", 43], ["W", 43], ["R", 43], ["W", 43], ["R", 43], ["W", 43], ["R", 43], ["W", 43], ["W", 3], ["R", 43], ["R", 43], ["R", 43], ["W", 43], ["R", 43], ["R", 43], ["W", 43], ["R", 43], ["W", 43], ["W", 43], ["W", 43], ["R", 43], ["W", 43], ["R", 43], ["W", 43], ["R", 43], ["W", 43], ["W", 3], ["R", 43], ["R", 43], ["W", 43], ["R", 43], ["R", 43], ["W", 43], ["R", 43], ["W", 43], ["W", 43], ["W", 43], ["R", 43], ["W", 43], ["R", 43], ["W", 43], ["R", 43], ["W", 43], ["W", 3], ["R", 43], ["R", 43], ["W", 43], ["R", 43], ["R", 43], ["W", 43], ["R", 43], ["W", 43], ["W", 43], ["W", 43], ["R", 43], ["W", 43], ["R", 43], ["W", 43], ["R", 43], ["W", 43], ["W", 3], ["R", 43]]}]}, "AuthController.showCreateFormWithType": {"t": [{"id": 0, "a": [["W", 43]]}]}, "UserTaskController.claim": {"t": [{"id": 0, "a": [["R", 2]]}]}, "UserTaskController.list": {"t": [{"id": 0, "a": [["R", 2], ["R", 12], ["R", 11], ["R", 2], ["R", 12], ["R", 11], ["R", 2], ["R", 12], ["R", 11], ["R", 2], ["R", 12], ["R", 11]]}]}, "UserTaskController.unclaim": {"t": [{"id": 0, "a": [["R", 13], ["R", 13]]}]}, "NotificationController.list": {"t": [{"id": 0, "a": [["R", 2], ["R", 3], ["R", 2], ["R", 33], ["R", 33]]}]}, "NotificationController.markRead": {"t": [{"id": 0, "a": [["R", 3], ["R", 33], ["W", 33], ["W", 3]]}]}, "ParentController.create": {"t": [{"id": 0, "a": [["R", 51], ["W", 3], ["W", 52], ["W", 51], ["R", 52], ["W", 3], ["W", 3]]}]}, "ParentController.deleteChild": {"t": [{"id": 0, "a": [["W", 3]]}]}, "ParentController.deleteChildInBatch": {"t": [{"id": 0, "a": [["W", 3]]}]}, "ParentController.listChild": {"t": [{"id": 0, "a": [["R", 3]]}]}, "ParentController.showChildUpdateForm": {"t": [{"id": 0, "a": [["W", 52]]}]}, "ParentController.showDeleteForm": {"t": [{"id": 0, "a": [["R", 52], ["R", 52], ["R", 52], ["R", 51]]}]}, "ParentController.showUpdateForm": {"t": [{"id": 0, "a": [["R", 52], ["R", 52], ["R", 52], ["R", 51]]}]}, "ParentController.update": {"t": [{"id": 0, "a": [["R", 51], ["R", 52], ["R", 52], ["R", 52], ["R", 51], ["W", 3], ["W", 52], ["W", 51], ["R", 52], ["W", 3], ["W", 3]]}]}, "LoginUserController.changePassword": {"t": [{"id": 0, "a": [["R", 2], ["R", 2], ["R", 2], ["W", 2], ["R", 2], ["R", 2], ["W", 2], ["R", 2], ["R", 41], ["W", 2], ["W", 41], ["R", 2], ["R", 41], ["W", 41], ["W", 2], ["R", 41], ["R", 2], ["R", 41], ["R", 41], ["R", 41], ["R", 41], ["W", 41], ["R", 41], ["W", 41], ["R", 41], ["R", 2], ["W", 41], ["W", 2], ["W", 3]]}]}, "LoginUserController.updateInfo": {"t": [{"id": 0, "a": [["R", 2], ["R", 2], ["R", 2], ["R", 47], ["R", 48], ["R", 26], ["R", 47], ["R", 48], ["R", 26], ["R", 47], ["R", 48], ["R", 26], ["R", 2], ["R", 47], ["R", 48], ["R", 26], ["R", 47], ["R", 48], ["R", 26], ["R", 47], ["R", 48], ["R", 26], ["W", 2], ["W", 2], ["R", 2], ["R", 41], ["W", 2], ["W", 41], ["R", 2], ["R", 41], ["W", 41], ["W", 2], ["R", 41], ["R", 2], ["R", 41], ["R", 41], ["R", 41], ["R", 41], ["W", 41], ["R", 41], ["W", 41], ["R", 41], ["R", 2], ["W", 41], ["W", 2], ["W", 3]]}]}, "LoginUserController.viewInfo": {"t": [{"id": 0, "a": [["R", 2], ["R", 3], ["R", 2], ["R", 53]]}]}}