{
  "CodingActor_rd_Controller.add": [
    [
      "CodingActor",
      "R"
    ]
  ],
  "CodingActor_rd_Controller.get": [
    [
      "CodingActor",
      "R"
    ]
  ],
  "CodingActor_rd_Controller.getByCriteria": [
    [
      "CodingActor",
      "R"
    ]
  ],
  "Municipality_rd_Controller.add": [
    [
      "Municipality",
      "R"
    ]
  ],
  "Municipality_rd_Controller.get": [
    [
      "Municipality",
      "R"
    ]
  ],
  "Municipality_rd_Controller.getByCriteria": [
    [
      "Municipality",
      "R"
    ]
  ],
  "BodyApparatus_rd_Controller.add": [
    [
      "BodyApparatus",
      "R"
    ]
  ],
  "BodyApparatus_rd_Controller.get": [
    [
      "BodyApparatus",
      "R"
    ]
  ],
  "BodyApparatus_rd_Controller.getByCriteria": [
    [
      "BodyApparatus",
      "R"
    ]
  ],
  "AppSetting_rd_Controller.add": [
    [
      "AppSetting",
      "R"
    ]
  ],
  "AppSetting_rd_Controller.get": [
    [
      "AppSetting",
      "R"
    ]
  ],
  "AppSetting_rd_Controller.getByCriteria": [
    [
      "AppSetting",
      "R"
    ]
  ],
  "Patient_rd_Controller.add": [
    [
      "Patient",
      "R"
    ]
  ],
  "Patient_rd_Controller.get": [
    [
      "Patient",
      "R"
    ]
  ],
  "Patient_rd_Controller.getByCriteria": [
    [
      "Patient",
      "R"
    ]
  ],
  "Patient_rd_Controller.getByExternalCode": [
    [
      "PatientCodingActor",
      "R"
    ],
    [
      "PatientCodingActor",
      "R"
    ],
    [
      "Patient",
      "R"
    ],
    [
      "PatientCodingActor",
      "R"
    ],
    [
      "CodingActor",
      "R"
    ],
    [
      "PatientCodingActor",
      "R"
    ]
  ],
  "Province_rd_Controller.add": [
    [
      "Province",
      "R"
    ]
  ],
  "Province_rd_Controller.get": [
    [
      "Province",
      "R"
    ]
  ],
  "Province_rd_Controller.getByCriteria": [
    [
      "Province",
      "R"
    ]
  ],
  "MaritalStatus_tm_Controller.get": [
    [
      "Maritalstatus",
      "R"
    ]
  ],
  "MaritalStatus_tm_Controller.getByCriteria": [
    [
      "Maritalstatus",
      "R"
    ]
  ],
  "Citizenship_tm_Controller.get": [
    [
      "Citizenship",
      "R"
    ]
  ],
  "Citizenship_tm_Controller.getByCriteria": [
    [
      "Citizenship",
      "R"
    ]
  ],
  "OrganizationUnit_rd_Controller.add": [
    [
      "OrganizationUnit",
      "R"
    ]
  ],
  "OrganizationUnit_rd_Controller.get": [
    [
      "OrganizationUnit",
      "R"
    ]
  ],
  "OrganizationUnit_rd_Controller.getByCriteria": [
    [
      "OrganizationUnit",
      "R"
    ]
  ],
  "BurnRobot_rd_Controller.add": [
    [
      "BurnRobot",
      "R"
    ]
  ],
  "BurnRobot_rd_Controller.get": [
    [
      "BurnRobot",
      "R"
    ]
  ],
  "BurnRobot_rd_Controller.getByCriteria": [
    [
      "BurnRobot",
      "R"
    ]
  ],
  "User_rd_Controller.add": [
    [
      "User",
      "R"
    ]
  ],
  "User_rd_Controller.get": [
    [
      "User",
      "R"
    ]
  ],
  "User_rd_Controller.getByCriteria": [
    [
      "User",
      "R"
    ]
  ],
  "WorkPriority_rd_Controller.get": [
    [
      "WorkPriority",
      "R"
    ]
  ],
  "WorkPriority_rd_Controller.getByCriteria": [
    [
      "WorkPriority",
      "R"
    ]
  ],
  "Patient_tm_Controller.add": [
    [
      "Patient",
      "R"
    ]
  ],
  "Patient_tm_Controller.get": [
    [
      "Patient",
      "R"
    ]
  ],
  "Patient_tm_Controller.getByCriteria": [
    [
      "Patient",
      "R"
    ]
  ],
  "Service_rd_Controller.add": [
    [
      "Service",
      "R"
    ]
  ],
  "Service_rd_Controller.get": [
    [
      "Service",
      "R"
    ]
  ],
  "Service_rd_Controller.getByCriteria": [
    [
      "Service",
      "R"
    ]
  ],
  "ICD9PatologyGroup_rd_Controller.add": [
    [
      "Icd9PatologyGroup",
      "R"
    ]
  ],
  "ICD9PatologyGroup_rd_Controller.get": [
    [
      "Icd9PatologyGroup",
      "R"
    ]
  ],
  "ICD9PatologyGroup_rd_Controller.getByCriteria": [
    [
      "Hl7Patient",
      "R"
    ]
  ],
  "Modality_rd_Controller.add": [
    [
      "Modality",
      "R"
    ]
  ],
  "Modality_rd_Controller.get": [
    [
      "Modality",
      "R"
    ]
  ],
  "Modality_rd_Controller.getByCriteria": [
    [
      "Modality",
      "R"
    ]
  ],
  "MaritalStatus_rd_Controller.add": [
    [
      "Maritalstatus",
      "R"
    ]
  ],
  "MaritalStatus_rd_Controller.get": [
    [
      "Maritalstatus",
      "R"
    ]
  ],
  "MaritalStatus_rd_Controller.getByCriteria": [
    [
      "Maritalstatus",
      "R"
    ]
  ],
  "BatteryLevelEvent_tm_Controller.add": [
    [
      "GatewayEventBattery",
      "R"
    ]
  ],
  "BatteryLevelEvent_tm_Controller.get": [
    [
      "GatewayEventBattery",
      "R"
    ]
  ],
  "BatteryLevelEvent_tm_Controller.getByCriteria": [
    [
      "BatteryLevelEvent",
      "R"
    ]
  ],
  "Hl7Patient_rd_Controller.add": [
    [
      "Hl7Patient",
      "R"
    ]
  ],
  "Hl7Patient_rd_Controller.get": [
    [
      "Hl7Patient",
      "R"
    ]
  ],
  "Hl7Patient_rd_Controller.getByCriteria": [
    [
      "Hl7Patient",
      "R"
    ]
  ],
  "Citizenship_rd_Controller.add": [
    [
      "Citizenship",
      "R"
    ]
  ],
  "Citizenship_rd_Controller.get": [
    [
      "Citizenship",
      "R"
    ]
  ],
  "Citizenship_rd_Controller.getByCriteria": [
    [
      "Citizenship",
      "R"
    ]
  ],
  "WorkStatus_rd_Controller.get": [
    [
      "WorkStatus",
      "R"
    ]
  ],
  "WorkStatus_rd_Controller.getByCriteria": [
    [
      "WorkStatus",
      "R"
    ]
  ],
  "WeightEvent_tm_Controller.add": [
    [
      "GatewayEvent",
      "R"
    ],
    [
      "GatewayEventWeight",
      "R"
    ],
    [
      "GatewayEvent",
      "R"
    ],
    [
      "GatewayEventWeight",
      "W"
    ],
    [
      "GatewayEventWeight",
      "W"
    ],
    [
      "GatewayEvent",
      "W"
    ],
    [
      "GatewayEventWeight",
      "W"
    ]
  ],
  "WeightEvent_tm_Controller.get": [
    [
      "GatewayEvent",
      "R"
    ],
    [
      "GatewayEventWeight",
      "R"
    ]
  ],
  "WeightEvent_tm_Controller.getByCriteria": [
    [
      "GatewayEventWeight",
      "R"
    ]
  ],
  "PhraseBook_rd_Controller.add": [
    [
      "PhraseBook",
      "R"
    ]
  ],
  "PhraseBook_rd_Controller.get": [
    [
      "PhraseBook",
      "R"
    ]
  ],
  "PhraseBook_rd_Controller.getByCriteria": [
    [
      "PhraseBook",
      "R"
    ]
  ],
  "BloodPressureEvent_tm_Controller.add": [
    [
      "GatewayEvent",
      "R"
    ],
    [
      "GatewayEventBloodPressure",
      "R"
    ],
    [
      "GatewayEventBloodPressure",
      "W"
    ],
    [
      "GatewayEvent",
      "W"
    ],
    [
      "GatewayEventBloodPressure",
      "W"
    ]
  ],
  "BloodPressureEvent_tm_Controller.get": [
    [
      "GatewayEvent",
      "R"
    ],
    [
      "GatewayEventBloodPressure",
      "R"
    ]
  ],
  "BloodPressureEvent_tm_Controller.getByCriteria": [
    [
      "GatewayEventBloodPressure",
      "R"
    ]
  ],
  "Region_rd_Controller.add": [
    [
      "Region",
      "R"
    ]
  ],
  "Region_rd_Controller.get": [
    [
      "Region",
      "R"
    ]
  ],
  "Region_rd_Controller.getByCriteria": [
    [
      "Region",
      "R"
    ]
  ],
  "WorkSession_rd_Controller.add": [
    [
      "WorkSession",
      "R"
    ]
  ],
  "WorkSession_rd_Controller.get": [
    [
      "WorkSession",
      "R"
    ]
  ],
  "WorkSession_rd_Controller.getByCriteria": [
    [
      "WorkSession",
      "R"
    ],
    [
      "WorkStatus",
      "R"
    ],
    [
      "WorkStatus",
      "R"
    ]
  ],
  "AuthenticationController.authenticationRequest": [
    [
      "LoginApplication",
      "R"
    ],
    [
      "LoginApplication",
      "R"
    ],
    [
      "Login",
      "R"
    ],
    [
      "LoginApplication",
      "R"
    ],
    [
      "LoginApplication",
      "R"
    ],
    [
      "Application",
      "R"
    ],
    [
      "LoginApplication",
      "R"
    ],
    [
      "Login",
      "R"
    ],
    [
      "LoginApplication",
      "R"
    ],
    [
      "Login",
      "R"
    ],
    [
      "Login",
      "R"
    ]
  ],
  "WorkReport_rd_Controller.add": [
    [
      "WorkReport",
      "R"
    ]
  ],
  "WorkReport_rd_Controller.get": [
    [
      "WorkReport",
      "R"
    ]
  ],
  "WorkReport_rd_Controller.getByCriteria": [
    [
      "WorkReport",
      "R"
    ]
  ],
  "ModalityDailyAllocation_rd_Controller.add": [
    [
      "ModalityDailyAllocation",
      "R"
    ]
  ],
  "ModalityDailyAllocation_rd_Controller.get": [
    [
      "ModalityDailyAllocation",
      "R"
    ]
  ],
  "ModalityDailyAllocation_rd_Controller.getByCriteria": [
    [
      "ModalityDailyAllocation",
      "R"
    ]
  ],
  "Order_rd_Controller.add": [
    [
      "OrganizationUnit",
      "R"
    ],
    [
      "OrganizationUnit",
      "R"
    ],
    [
      "OrganizationUnit",
      "R"
    ],
    [
      "Service",
      "R"
    ],
    [
      "Service",
      "R"
    ],
    [
      "ModalityType",
      "R"
    ],
    [
      "ModalityType",
      "R"
    ],
    [
      "Service",
      "R"
    ],
    [
      "ModalityType",
      "R"
    ],
    [
      "ModalityType",
      "R"
    ],
    [
      "Service",
      "R"
    ],
    [
      "ModalityType",
      "R"
    ],
    [
      "ModalityType",
      "R"
    ],
    [
      "Order",
      "R"
    ]
  ],
  "Order_rd_Controller.addHL7": [
    [
      "OrganizationUnit",
      "R"
    ],
    [
      "OrganizationUnit",
      "R"
    ],
    [
      "OrganizationUnit",
      "R"
    ],
    [
      "Service",
      "R"
    ],
    [
      "Service",
      "R"
    ],
    [
      "ModalityType",
      "R"
    ],
    [
      "ModalityType",
      "R"
    ],
    [
      "Service",
      "R"
    ],
    [
      "ModalityType",
      "R"
    ],
    [
      "ModalityType",
      "R"
    ],
    [
      "Service",
      "R"
    ],
    [
      "ModalityType",
      "R"
    ],
    [
      "ModalityType",
      "R"
    ],
    [
      "Order",
      "R"
    ]
  ],
  "Order_rd_Controller.delete": [
    [
      "Order",
      "R"
    ],
    [
      "Order",
      "R"
    ],
    [
      "Order",
      "R"
    ],
    [
      "Order",
      "R"
    ],
    [
      "OrderService",
      "R"
    ],
    [
      "OrderService",
      "W"
    ],
    [
      "OrderService",
      "W"
    ],
    [
      "WorkStatus",
      "R"
    ],
    [
      "Order",
      "R"
    ],
    [
      "WorkSession",
      "R"
    ],
    [
      "WorkSession",
      "W"
    ],
    [
      "WorkSession",
      "W"
    ],
    [
      "WorkStatus",
      "W"
    ],
    [
      "WorkSession",
      "R"
    ],
    [
      "WorkTask",
      "R"
    ],
    [
      "WorkTask",
      "W"
    ],
    [
      "WorkTask",
      "W"
    ],
    [
      "WorkStatus",
      "W"
    ],
    [
      "WorkTask",
      "R"
    ],
    [
      "Modality",
      "R"
    ],
    [
      "WorkSession",
      "W"
    ],
    [
      "Order",
      "R"
    ],
    [
      "ModalityDailyAllocation",
      "R"
    ],
    [
      "ModalityDailyAllocation",
      "R"
    ],
    [
      "ModalityDailyAllocation",
      "W"
    ],
    [
      "ModalityDailyAllocation",
      "R"
    ],
    [
      "ModalityDailyAllocation",
      "W"
    ],
    [
      "ModalityDailyAllocation",
      "W"
    ]
  ],
  "Order_rd_Controller.get": [
    [
      "Order",
      "R"
    ]
  ],
  "Order_rd_Controller.getByCriteria": [
    [
      "Order",
      "R"
    ],
    [
      "WorkStatus",
      "R"
    ],
    [
      "WorkStatus",
      "R"
    ],
    [
      "WorkPriority",
      "R"
    ],
    [
      "WorkPriority",
      "R"
    ]
  ],
  "Order_rd_Controller.update": [
    [
      "Order",
      "R"
    ],
    [
      "Order",
      "R"
    ],
    [
      "Order",
      "R"
    ],
    [
      "Order",
      "R"
    ],
    [
      "Order",
      "R"
    ],
    [
      "Order",
      "R"
    ],
    [
      "Order",
      "R"
    ],
    [
      "Order",
      "R"
    ],
    [
      "Patient",
      "R"
    ],
    [
      "Patient",
      "R"
    ],
    [
      "Order",
      "R"
    ],
    [
      "OrderService",
      "R"
    ],
    [
      "OrderService",
      "R"
    ],
    [
      "Service",
      "R"
    ],
    [
      "Service",
      "R"
    ],
    [
      "ModalityType",
      "R"
    ],
    [
      "ModalityType",
      "R"
    ],
    [
      "OrderService",
      "R"
    ],
    [
      "Service",
      "R"
    ],
    [
      "Service",
      "R"
    ],
    [
      "ModalityType",
      "R"
    ],
    [
      "ModalityType",
      "R"
    ],
    [
      "Service",
      "R"
    ],
    [
      "Service",
      "R"
    ],
    [
      "ModalityType",
      "R"
    ],
    [
      "ModalityType",
      "R"
    ],
    [
      "Service",
      "R"
    ],
    [
      "ModalityType",
      "R"
    ],
    [
      "ModalityType",
      "R"
    ],
    [
      "Service",
      "R"
    ],
    [
      "ModalityType",
      "R"
    ],
    [
      "ModalityType",
      "R"
    ],
    [
      "Order",
      "R"
    ],
    [
      "OrderService",
      "R"
    ],
    [
      "OrderService",
      "R"
    ],
    [
      "Service",
      "R"
    ],
    [
      "OrderService",
      "R"
    ],
    [
      "OrderService",
      "R"
    ],
    [
      "OrderService",
      "R"
    ],
    [
      "OrderService",
      "R"
    ],
    [
      "OrderService",
      "R"
    ],
    [
      "Order",
      "R"
    ],
    [
      "WorkStatus",
      "R"
    ],
    [
      "WorkStatus",
      "R"
    ],
    [
      "Order",
      "R"
    ],
    [
      "WorkStatus",
      "R"
    ],
    [
      "WorkStatus",
      "R"
    ],
    [
      "Order",
      "R"
    ],
    [
      "WorkStatus",
      "R"
    ],
    [
      "WorkStatus",
      "R"
    ],
    [
      "Order",
      "R"
    ],
    [
      "Order",
      "R"
    ],
    [
      "Order",
      "R"
    ],
    [
      "Order",
      "R"
    ],
    [
      "WorkStatus",
      "R"
    ],
    [
      "WorkStatus",
      "R"
    ],
    [
      "Order",
      "R"
    ],
    [
      "WorkStatus",
      "R"
    ],
    [
      "WorkStatus",
      "R"
    ],
    [
      "Order",
      "R"
    ],
    [
      "WorkStatus",
      "R"
    ],
    [
      "WorkStatus",
      "R"
    ],
    [
      "Order",
      "R"
    ],
    [
      "WorkStatus",
      "R"
    ],
    [
      "WorkStatus",
      "R"
    ],
    [
      "Order",
      "R"
    ],
    [
      "WorkStatus",
      "R"
    ],
    [
      "WorkStatus",
      "R"
    ],
    [
      "Order",
      "R"
    ],
    [
      "WorkStatus",
      "R"
    ],
    [
      "WorkStatus",
      "R"
    ],
    [
      "Order",
      "R"
    ],
    [
      "WorkStatus",
      "R"
    ],
    [
      "WorkStatus",
      "R"
    ],
    [
      "Order",
      "R"
    ],
    [
      "WorkStatus",
      "R"
    ],
    [
      "WorkStatus",
      "R"
    ],
    [
      "Order",
      "R"
    ],
    [
      "WorkStatus",
      "R"
    ],
    [
      "WorkStatus",
      "R"
    ],
    [
      "Order",
      "R"
    ],
    [
      "Order",
      "R"
    ],
    [
      "WorkStatus",
      "R"
    ],
    [
      "WorkStatus",
      "R"
    ],
    [
      "Order",
      "R"
    ],
    [
      "OrderService",
      "R"
    ],
    [
      "OrderService",
      "R"
    ],
    [
      "OrderService",
      "R"
    ],
    [
      "OrderService",
      "R"
    ],
    [
      "Service",
      "R"
    ],
    [
      "OrderService",
      "R"
    ],
    [
      "OrderService",
      "R"
    ],
    [
      "OrderService",
      "R"
    ],
    [
      "Service",
      "R"
    ],
    [
      "OrderService",
      "W"
    ],
    [
      "OrderService",
      "W"
    ],
    [
      "OrderService",
      "W"
    ],
    [
      "Order",
      "W"
    ],
    [
      "Service",
      "R"
    ],
    [
      "OrderService",
      "W"
    ],
    [
      "Service",
      "W"
    ],
    [
      "OrderService",
      "W"
    ],
    [
      "OrderService",
      "W"
    ],
    [
      "Service",
      "R"
    ],
    [
      "OrderService",
      "R"
    ],
    [
      "OrderService",
      "W"
    ],
    [
      "OrderService",
      "W"
    ],
    [
      "OrderService",
      "W"
    ],
    [
      "OrderService",
      "W"
    ],
    [
      "OrderService",
      "W"
    ],
    [
      "OrderService",
      "W"
    ],
    [
      "Service",
      "R"
    ],
    [
      "OrderService",
      "R"
    ],
    [
      "OrderService",
      "W"
    ],
    [
      "OrderService",
      "W"
    ],
    [
      "OrderService",
      "W"
    ],
    [
      "OrderService",
      "W"
    ],
    [
      "Order",
      "R"
    ],
    [
      "WorkStatus",
      "R"
    ],
    [
      "WorkStatus",
      "R"
    ],
    [
      "Order",
      "R"
    ],
    [
      "Patient",
      "R"
    ],
    [
      "WorkPriority",
      "R"
    ],
    [
      "WorkStatus",
      "R"
    ],
    [
      "User",
      "R"
    ],
    [
      "Modality",
      "R"
    ],
    [
      "WorkSession",
      "W"
    ],
    [
      "Patient",
      "W"
    ],
    [
      "WorkSession",
      "W"
    ],
    [
      "WorkSession",
      "W"
    ],
    [
      "WorkPriority",
      "W"
    ],
    [
      "WorkSession",
      "W"
    ],
    [
      "WorkStatus",
      "W"
    ],
    [
      "WorkSession",
      "W"
    ],
    [
      "Order",
      "W"
    ],
    [
      "WorkTask",
      "W"
    ],
    [
      "Service",
      "R"
    ],
    [
      "WorkTask",
      "W"
    ],
    [
      "Service",
      "W"
    ],
    [
      "WorkTask",
      "W"
    ],
    [
      "WorkPriority",
      "W"
    ],
    [
      "WorkTask",
      "W"
    ],
    [
      "WorkStatus",
      "W"
    ],
    [
      "WorkTask",
      "W"
    ],
    [
      "User",
      "W"
    ],
    [
      "WorkTask",
      "W"
    ],
    [
      "WorkTask",
      "W"
    ],
    [
      "Modality",
      "W"
    ],
    [
      "WorkTask",
      "W"
    ],
    [
      "WorkSession",
      "W"
    ],
    [
      "WorkSession",
      "W"
    ],
    [
      "WorkTask",
      "W"
    ],
    [
      "WorkSession",
      "W"
    ],
    [
      "Modality",
      "R"
    ],
    [
      "ModalityDailyAllocation",
      "R"
    ],
    [
      "ModalityDailyAllocation",
      "W"
    ],
    [
      "Modality",
      "W"
    ],
    [
      "ModalityDailyAllocation",
      "W"
    ],
    [
      "ModalityDailyAllocation",
      "W"
    ],
    [
      "WorkSession",
      "R"
    ],
    [
      "WorkTask",
      "R"
    ],
    [
      "WorkSession",
      "R"
    ],
    [
      "WorkTask",
      "R"
    ],
    [
      "ModalityDailyAllocation",
      "W"
    ],
    [
      "ModalityDailyAllocation",
      "W"
    ],
    [
      "ModalityDailyAllocation",
      "W"
    ],
    [
      "ModalityDailyAllocation",
      "W"
    ],
    [
      "ModalityDailyAllocation",
      "R"
    ],
    [
      "ModalityDailyAllocation",
      "W"
    ],
    [
      "ModalityDailyAllocation",
      "R"
    ],
    [
      "WorkSession",
      "R"
    ],
    [
      "WorkTask",
      "R"
    ],
    [
      "WorkSession",
      "R"
    ],
    [
      "WorkTask",
      "R"
    ],
    [
      "ModalityDailyAllocation",
      "W"
    ],
    [
      "Modality",
      "R"
    ],
    [
      "Modality",
      "R"
    ],
    [
      "ModalityDailyAllocation",
      "R"
    ],
    [
      "ModalityDailyAllocation",
      "R"
    ],
    [
      "ModalityDailyAllocation",
      "W"
    ],
    [
      "ModalityDailyAllocation",
      "R"
    ],
    [
      "ModalityDailyAllocation",
      "R"
    ],
    [
      "ModalityDailyAllocation",
      "W"
    ],
    [
      "ModalityDailyAllocation",
      "W"
    ],
    [
      "ModalityDailyAllocation",
      "W"
    ],
    [
      "Order",
      "R"
    ],
    [
      "WorkStatus",
      "R"
    ],
    [
      "WorkStatus",
      "R"
    ],
    [
      "Order",
      "R"
    ],
    [
      "WorkStatus",
      "R"
    ],
    [
      "WorkStatus",
      "R"
    ],
    [
      "Order",
      "R"
    ],
    [
      "WorkSession",
      "R"
    ],
    [
      "WorkSession",
      "R"
    ],
    [
      "WorkTask",
      "R"
    ],
    [
      "WorkSession",
      "R"
    ],
    [
      "WorkTask",
      "R"
    ],
    [
      "WorkSession",
      "R"
    ],
    [
      "WorkTask",
      "R"
    ],
    [
      "WorkSession",
      "R"
    ],
    [
      "WorkTask",
      "R"
    ],
    [
      "WorkTask",
      "W"
    ],
    [
      "WorkTask",
      "W"
    ],
    [
      "WorkTask",
      "W"
    ],
    [
      "Service",
      "R"
    ],
    [
      "WorkTask",
      "W"
    ],
    [
      "Service",
      "W"
    ],
    [
      "WorkPriority",
      "R"
    ],
    [
      "WorkTask",
      "W"
    ],
    [
      "WorkPriority",
      "W"
    ],
    [
      "WorkStatus",
      "R"
    ],
    [
      "WorkTask",
      "W"
    ],
    [
      "WorkStatus",
      "W"
    ],
    [
      "User",
      "R"
    ],
    [
      "WorkTask",
      "W"
    ],
    [
      "User",
      "W"
    ],
    [
      "WorkTask",
      "W"
    ],
    [
      "Modality",
      "R"
    ],
    [
      "WorkTask",
      "W"
    ],
    [
      "Modality",
      "W"
    ],
    [
      "WorkTask",
      "W"
    ],
    [
      "WorkSession",
      "W"
    ],
    [
      "WorkSession",
      "W"
    ],
    [
      "WorkTask",
      "W"
    ],
    [
      "WorkSession",
      "W"
    ],
    [
      "WorkSession",
      "R"
    ],
    [
      "WorkTask",
      "R"
    ],
    [
      "WorkSession",
      "R"
    ],
    [
      "WorkTask",
      "R"
    ],
    [
      "Modality",
      "R"
    ],
    [
      "Order",
      "R"
    ],
    [
      "Order",
      "R"
    ],
    [
      "ModalityDailyAllocation",
      "R"
    ],
    [
      "ModalityDailyAllocation",
      "R"
    ],
    [
      "ModalityDailyAllocation",
      "W"
    ],
    [
      "ModalityDailyAllocation",
      "R"
    ],
    [
      "ModalityDailyAllocation",
      "W"
    ],
    [
      "ModalityDailyAllocation",
      "R"
    ],
    [
      "ModalityDailyAllocation",
      "R"
    ],
    [
      "ModalityDailyAllocation",
      "W"
    ],
    [
      "ModalityDailyAllocation",
      "R"
    ],
    [
      "ModalityDailyAllocation",
      "R"
    ],
    [
      "ModalityDailyAllocation",
      "W"
    ],
    [
      "ModalityDailyAllocation",
      "W"
    ],
    [
      "ModalityDailyAllocation",
      "W"
    ],
    [
      "ModalityDailyAllocation",
      "R"
    ],
    [
      "ModalityDailyAllocation",
      "W"
    ],
    [
      "Modality",
      "W"
    ],
    [
      "ModalityDailyAllocation",
      "W"
    ],
    [
      "ModalityDailyAllocation",
      "W"
    ],
    [
      "ModalityDailyAllocation",
      "W"
    ],
    [
      "ModalityDailyAllocation",
      "W"
    ],
    [
      "ModalityDailyAllocation",
      "W"
    ],
    [
      "ModalityDailyAllocation",
      "W"
    ],
    [
      "ModalityDailyAllocation",
      "R"
    ],
    [
      "ModalityDailyAllocation",
      "W"
    ],
    [
      "ModalityDailyAllocation",
      "R"
    ],
    [
      "ModalityDailyAllocation",
      "W"
    ],
    [
      "Modality",
      "R"
    ],
    [
      "Modality",
      "R"
    ],
    [
      "ModalityDailyAllocation",
      "R"
    ],
    [
      "ModalityDailyAllocation",
      "R"
    ],
    [
      "ModalityDailyAllocation",
      "W"
    ],
    [
      "ModalityDailyAllocation",
      "R"
    ],
    [
      "ModalityDailyAllocation",
      "R"
    ],
    [
      "ModalityDailyAllocation",
      "W"
    ],
    [
      "ModalityDailyAllocation",
      "W"
    ],
    [
      "ModalityDailyAllocation",
      "W"
    ],
    [
      "Order",
      "R"
    ],
    [
      "ModalityDailyAllocation",
      "R"
    ],
    [
      "ModalityDailyAllocation",
      "R"
    ],
    [
      "ModalityDailyAllocation",
      "W"
    ],
    [
      "ModalityDailyAllocation",
      "R"
    ],
    [
      "ModalityDailyAllocation",
      "R"
    ],
    [
      "ModalityDailyAllocation",
      "W"
    ],
    [
      "ModalityDailyAllocation",
      "W"
    ],
    [
      "ModalityDailyAllocation",
      "W"
    ],
    [
      "Order",
      "R"
    ],
    [
      "WorkSession",
      "R"
    ],
    [
      "WorkStatus",
      "R"
    ],
    [
      "WorkSession",
      "R"
    ],
    [
      "WorkTask",
      "R"
    ],
    [
      "WorkTask",
      "W"
    ],
    [
      "WorkStatus",
      "W"
    ],
    [
      "WorkTask",
      "W"
    ],
    [
      "WorkTask",
      "W"
    ],
    [
      "WorkSession",
      "W"
    ],
    [
      "WorkStatus",
      "W"
    ],
    [
      "WorkSession",
      "W"
    ],
    [
      "WorkSession",
      "W"
    ],
    [
      "OrderLog",
      "R"
    ],
    [
      "OrderLog",
      "W"
    ],
    [
      "OrderLog",
      "W"
    ]
  ],
  "ModalityType_rd_Controller.add": [
    [
      "ModalityType",
      "R"
    ]
  ],
  "ModalityType_rd_Controller.get": [
    [
      "ModalityType",
      "R"
    ]
  ],
  "ModalityType_rd_Controller.getAllocation": [
    [
      "ModalityType",
      "R"
    ],
    [
      "Modality",
      "R"
    ],
    [
      "Modality",
      "R"
    ],
    [
      "VModalityAllocation",
      "R"
    ],
    [
      "Modality",
      "R"
    ]
  ],
  "ModalityType_rd_Controller.getByCriteria": [
    [
      "ModalityType",
      "R"
    ]
  ],
  "ModalityType_rd_Controller.getModalityGroupedByModalityType": [
    [
      "ModalityType",
      "R"
    ]
  ],
  "Hl7InboundMessage_rd_Controller.add": [
    [
      "Hl7InboundMessage",
      "R"
    ]
  ],
  "Hl7InboundMessage_rd_Controller.get": [
    [
      "Hl7InboundMessage",
      "R"
    ]
  ],
  "Hl7InboundMessage_rd_Controller.getByCriteria": [
    [
      "Hl7InboundMessage",
      "R"
    ]
  ],
  "Country_rd_Controller.add": [
    [
      "Country",
      "R"
    ]
  ],
  "Country_rd_Controller.get": [
    [
      "Country",
      "R"
    ]
  ],
  "Country_rd_Controller.getByCriteria": [
    [
      "Country",
      "R"
    ]
  ],
  "Country_rd_Controller.getMunicipalityListByProvince": [
    [
      "Country",
      "R"
    ],
    [
      "Region",
      "R"
    ],
    [
      "Region",
      "R"
    ],
    [
      "Country",
      "R"
    ],
    [
      "Country",
      "R"
    ],
    [
      "Country",
      "R"
    ],
    [
      "Province",
      "R"
    ],
    [
      "Region",
      "R"
    ],
    [
      "Country",
      "R"
    ],
    [
      "Country",
      "R"
    ],
    [
      "Country",
      "R"
    ],
    [
      "Municipality",
      "R"
    ]
  ],
  "Country_rd_Controller.getProvinceListByRegion": [
    [
      "Country",
      "R"
    ],
    [
      "Region",
      "R"
    ],
    [
      "Region",
      "R"
    ],
    [
      "Country",
      "R"
    ],
    [
      "Country",
      "R"
    ],
    [
      "Country",
      "R"
    ],
    [
      "Province",
      "R"
    ]
  ],
  "Country_rd_Controller.getRegionListByCountry": [
    [
      "Country",
      "R"
    ],
    [
      "Country",
      "R"
    ],
    [
      "Region",
      "R"
    ],
    [
      "Region",
      "R"
    ]
  ],
  "WorkTask_rd_Controller.add": [
    [
      "WorkTask",
      "R"
    ]
  ],
  "WorkTask_rd_Controller.get": [
    [
      "WorkTask",
      "R"
    ]
  ],
  "WorkTask_rd_Controller.getByCriteria": [
    [
      "WorkTask",
      "R"
    ],
    [
      "WorkStatus",
      "R"
    ],
    [
      "WorkStatus",
      "R"
    ]
  ],
  "WorkTask_rd_Controller.update": [
    [
      "WorkTask",
      "R"
    ],
    [
      "WorkTask",
      "R"
    ],
    [
      "WorkSession",
      "R"
    ],
    [
      "WorkSession",
      "R"
    ],
    [
      "WorkStatus",
      "R"
    ],
    [
      "WorkStatus",
      "R"
    ],
    [
      "WorkSession",
      "R"
    ],
    [
      "WorkStatus",
      "R"
    ],
    [
      "WorkStatus",
      "R"
    ],
    [
      "WorkStatus",
      "R"
    ],
    [
      "WorkSession",
      "W"
    ],
    [
      "WorkStatus",
      "W"
    ],
    [
      "WorkSession",
      "W"
    ],
    [
      "WorkSession",
      "W"
    ],
    [
      "WorkSession",
      "R"
    ],
    [
      "WorkTask",
      "R"
    ],
    [
      "WorkTask",
      "R"
    ],
    [
      "WorkTask",
      "R"
    ],
    [
      "WorkStatus",
      "R"
    ],
    [
      "WorkStatus",
      "R"
    ],
    [
      "WorkStatus",
      "R"
    ],
    [
      "WorkSession",
      "W"
    ],
    [
      "WorkStatus",
      "W"
    ],
    [
      "WorkSession",
      "W"
    ],
    [
      "WorkSession",
      "W"
    ]
  ]
}