{"OperateRecordResource.list": {"t": [{"id": 0, "a": [["R", 1]]}]}, "GrayTrackResource.delete": {"t": [{"id": 0, "a": [["R", 2], ["R", 2], ["R", 2], ["R", 2], ["R", 2], ["R", 2], ["R", 2], ["R", 2], ["R", 2], ["R", 2], ["R", 2], ["R", 2], ["R", 2], ["R", 2], ["R", 2], ["R", 2], ["R", 2], ["R", 2], ["R", 2], ["R", 2], ["R", 2], ["R", 2], ["R", 2], ["R", 2], ["R", 2], ["R", 2], ["R", 2], ["R", 2], ["R", 2], ["R", 2], ["R", 2], ["R", 2], ["R", 2], ["R", 2], ["R", 2], ["R", 2], ["R", 2], ["R", 2], ["R", 2], ["R", 2], ["R", 2], ["R", 2], ["R", 2], ["R", 2], ["R", 2], ["R", 2], ["R", 2], ["R", 2], ["R", 2], ["R", 2], ["R", 2], ["R", 2], ["R", 3], ["R", 2], ["R", 2], ["R", 2], ["R", 2], ["R", 2], ["R", 2], ["R", 2], ["R", 2], ["R", 2], ["R", 2], ["R", 2], ["R", 2], ["R", 2], ["R", 2], ["R", 2], ["R", 2], ["R", 2], ["R", 2], ["R", 2], ["R", 2], ["R", 2], ["R", 2], ["R", 2], ["R", 2], ["R", 2], ["R", 2], ["R", 2], ["R", 2], ["R", 2], ["R", 2], ["R", 2], ["R", 2], ["R", 2], ["R", 2], ["R", 2], ["R", 2], ["R", 2], ["R", 2], ["R", 2], ["R", 2], ["R", 2], ["R", 2], ["R", 2], ["R", 2], ["R", 2], ["R", 2], ["R", 2], ["R", 2], ["R", 2], ["R", 2], ["R", 2], ["R", 2], ["R", 2], ["R", 2], ["R", 2], ["R", 2], ["R", 2], ["R", 2], ["R", 2], ["R", 2], ["R", 2], ["R", 2], ["R", 2], ["R", 2], ["R", 2], ["R", 2], ["R", 2], ["R", 2], ["R", 2], ["R", 2], ["R", 2], ["R", 2], ["R", 2], ["R", 2], ["R", 2], ["R", 2], ["R", 2], ["R", 2], ["R", 2], ["R", 2], ["R", 2], ["R", 2], ["R", 2], ["R", 2], ["R", 2], ["R", 2], ["R", 2], ["R", 2], ["R", 2], ["R", 2], ["R", 2], ["R", 2], ["R", 2], ["R", 2], ["R", 2], ["R", 2], ["R", 2], ["R", 2], ["R", 2], ["R", 2], ["R", 2], ["R", 2], ["R", 2], ["R", 2]]}]}, "GrayTrackResource.listByInstance": {"t": [{"id": 0, "a": [["R", 4], ["R", 4]]}]}, "GrayTrackResource.listByService": {"t": [{"id": 0, "a": [["R", 4], ["R", 4], ["R", 4], ["R", 4]]}]}, "GrayTrackResource.page": {"t": [{"id": 0, "a": [["R", 4]]}]}, "GrayTrackResource.pageByInstance": {"t": [{"id": 0, "a": [["R", 4], ["R", 4]]}]}, "GrayTrackResource.pageByService": {"t": [{"id": 0, "a": [["R", 4]]}]}, "GrayTrackResource.save": {"t": [{"id": 0, "a": [["R", 3], ["R", 2], ["R", 2], ["R", 2], ["R", 2], ["R", 2], ["R", 2], ["R", 2], ["R", 2], ["R", 2], ["R", 2], ["R", 2], ["R", 2], ["R", 2], ["R", 2], ["R", 2], ["R", 2], ["R", 2], ["R", 2], ["R", 2], ["R", 2], ["R", 2], ["R", 2], ["R", 2], ["R", 2], ["R", 2], ["R", 2], ["R", 2], ["R", 2], ["R", 2], ["R", 2], ["R", 2], ["R", 2], ["R", 2], ["R", 2], ["R", 2], ["R", 2], ["R", 2], ["R", 2], ["R", 2], ["R", 2], ["R", 2], ["R", 2], ["R", 2], ["R", 2], ["R", 2], ["R", 2], ["R", 2], ["R", 2], ["R", 2], ["R", 2], ["R", 2], ["R", 2], ["R", 2], ["R", 2], ["R", 2], ["R", 2], ["R", 2], ["R", 2], ["R", 2], ["R", 2], ["R", 2], ["R", 2], ["R", 2], ["R", 2], ["R", 2], ["R", 2], ["R", 2], ["R", 2], ["R", 2], ["R", 2], ["R", 2], ["R", 2], ["R", 2], ["R", 2], ["R", 2], ["R", 2], ["R", 2], ["R", 2], ["R", 2], ["R", 2], ["R", 2], ["R", 2], ["R", 2], ["R", 2], ["R", 2], ["R", 2], ["R", 2], ["R", 2], ["R", 2], ["R", 2], ["R", 2], ["R", 2], ["R", 2], ["R", 2], ["R", 2], ["R", 2], ["R", 2], ["R", 2], ["R", 2], ["R", 2], ["R", 2], ["R", 2], ["R", 2], ["R", 2], ["W", 2], ["W", 2], ["W", 2], ["W", 2], ["W", 2], ["W", 2], ["W", 2], ["W", 2], ["W", 2], ["W", 2], ["W", 2], ["W", 2], ["W", 2], ["W", 2], ["W", 2], ["W", 2], ["W", 2], ["W", 2], ["W", 2], ["W", 2], ["W", 2], ["W", 2], ["W", 2], ["W", 2], ["W", 2], ["W", 2], ["W", 2], ["W", 2], ["R", 2], ["R", 2], ["R", 2], ["R", 2], ["R", 2], ["R", 2], ["R", 2], ["R", 2], ["R", 2], ["R", 2], ["R", 2], ["R", 2], ["R", 2], ["R", 2], ["R", 2], ["R", 2], ["R", 2], ["R", 2], ["R", 2], ["R", 2], ["R", 2], ["R", 2], ["R", 2], ["R", 2], ["R", 2], ["R", 2], ["R", 2], ["R", 2], ["R", 2], ["R", 2], ["R", 2], ["R", 2], ["R", 2], ["R", 2], ["R", 2], ["R", 2], ["R", 2], ["R", 2], ["R", 2], ["R", 2], ["R", 2], ["R", 2], ["R", 2], ["R", 2], ["R", 2], ["R", 2], ["R", 2], ["R", 2], ["R", 2], ["R", 2], ["R", 2], ["R", 2]]}]}, "DiscoverInstanceResource.instanceInfo": {"t": [{"id": 0, "a": [["R", 2], ["R", 2], ["R", 2], ["R", 2], ["R", 2], ["R", 2], ["R", 2], ["R", 2], ["R", 2], ["R", 2], ["R", 2], ["R", 2], ["R", 2], ["R", 2], ["R", 2], ["R", 2], ["R", 2], ["R", 2], ["R", 2], ["R", 2], ["R", 2], ["R", 2], ["R", 2], ["R", 2], ["R", 2], ["R", 2], ["R", 2], ["R", 2], ["R", 2], ["R", 2], ["R", 2], ["R", 2], ["R", 2], ["R", 2], ["R", 2], ["R", 2], ["R", 2], ["R", 2], ["R", 2], ["R", 2], ["R", 2], ["R", 2], ["R", 2], ["R", 2], ["R", 2], ["R", 2], ["R", 2], ["R", 2], ["R", 2], ["R", 2], ["R", 2], ["R", 2], ["W", 2], ["W", 2], ["W", 2], ["W", 2], ["W", 2], ["W", 2], ["W", 2], ["W", 2], ["W", 2], ["W", 2], ["W", 2], ["W", 2], ["W", 2], ["W", 2], ["W", 2], ["W", 2], ["W", 2], ["W", 2], ["W", 2], ["W", 2], ["W", 2], ["W", 2], ["W", 2], ["W", 2], ["W", 2], ["W", 2], ["W", 2], ["W", 2], ["R", 2], ["R", 2], ["R", 2], ["R", 2], ["R", 2], ["R", 2], ["R", 2], ["R", 2], ["R", 2], ["R", 2], ["R", 2], ["R", 2], ["R", 2], ["R", 2], ["R", 2], ["R", 2], ["R", 2], ["R", 2], ["R", 2], ["R", 2], ["R", 2], ["R", 2], ["R", 2], ["R", 2], ["R", 2], ["R", 2], ["R", 2], ["R", 2], ["R", 2], ["R", 2], ["R", 2], ["R", 2], ["R", 2], ["R", 2], ["R", 2], ["R", 2], ["R", 2], ["R", 2], ["R", 2], ["R", 2], ["R", 2], ["R", 2], ["R", 2], ["R", 2], ["R", 2], ["R", 2], ["R", 2], ["R", 2], ["R", 2], ["R", 2], ["R", 2], ["R", 2]]}]}, "DiscoverInstanceResource.instances": {"t": [{"id": 0, "a": [["R", 2], ["R", 2], ["R", 2], ["R", 2], ["R", 2], ["R", 2], ["R", 2], ["R", 2], ["R", 2], ["R", 2], ["R", 2], ["R", 2], ["R", 2], ["R", 2], ["R", 2], ["R", 2], ["R", 2], ["R", 2], ["R", 2], ["R", 2], ["R", 2], ["R", 2], ["R", 2], ["R", 2], ["R", 2], ["R", 2], ["R", 2], ["R", 2], ["R", 2], ["R", 2], ["R", 2], ["R", 2], ["R", 2], ["R", 2], ["R", 2], ["R", 2], ["R", 2], ["R", 2], ["R", 2], ["R", 2], ["R", 2], ["R", 2], ["R", 2], ["R", 2], ["R", 2], ["R", 2], ["R", 2], ["R", 2], ["R", 2], ["R", 2], ["R", 2], ["R", 2]]}]}, "DiscoverInstanceResource.setInstanceStatus": {"t": [{"id": 0, "a": [["R", 3], ["R", 2], ["R", 2], ["R", 2], ["R", 2], ["R", 2], ["R", 2], ["R", 2], ["R", 2], ["R", 2], ["R", 2], ["R", 2], ["R", 2], ["R", 2], ["R", 2], ["R", 2], ["R", 2], ["R", 2], ["R", 2], ["R", 2], ["R", 2], ["R", 2], ["R", 2], ["R", 2], ["R", 2], ["R", 2], ["R", 2], ["R", 2], ["R", 2], ["R", 2], ["R", 2], ["R", 2], ["R", 2], ["R", 2], ["R", 2], ["R", 2], ["R", 2], ["R", 2], ["R", 2], ["R", 2], ["R", 2], ["R", 2], ["R", 2], ["R", 2], ["R", 2], ["R", 2], ["R", 2], ["R", 2], ["R", 2], ["R", 2], ["R", 2], ["R", 2], ["R", 2]]}]}, "GrayDecisionResource.delete": {"t": [{"id": 0, "a": [["R", 3], ["R", 2], ["R", 2], ["R", 2], ["R", 2], ["R", 2], ["R", 2], ["R", 2], ["R", 2], ["R", 2], ["R", 2], ["R", 2], ["R", 2], ["R", 2], ["R", 2], ["R", 2], ["R", 2], ["R", 2], ["R", 2], ["R", 2], ["R", 2], ["R", 2], ["R", 2], ["R", 2], ["R", 2], ["R", 2], ["R", 2], ["R", 2], ["R", 2], ["R", 2], ["R", 2], ["R", 2], ["R", 2], ["R", 2], ["R", 2], ["R", 2], ["R", 2], ["R", 2], ["R", 2], ["R", 2], ["R", 2], ["R", 2], ["R", 2], ["R", 2], ["R", 2], ["R", 2], ["R", 2], ["R", 2], ["R", 2], ["R", 2], ["R", 2], ["R", 2], ["R", 2], ["R", 2], ["R", 2], ["R", 2], ["R", 2], ["R", 2], ["R", 2], ["R", 2], ["R", 2], ["R", 2], ["R", 2], ["R", 2], ["R", 2], ["R", 2], ["R", 2], ["R", 2], ["R", 2], ["R", 2], ["R", 2], ["R", 2], ["R", 2], ["R", 2], ["R", 2], ["R", 2], ["R", 2], ["R", 2], ["R", 2], ["R", 2], ["R", 2], ["R", 2], ["R", 2], ["R", 2], ["R", 2], ["R", 2], ["R", 2], ["R", 2], ["R", 2], ["R", 2], ["R", 2], ["R", 2], ["R", 2], ["R", 2], ["R", 2], ["R", 2], ["R", 2], ["R", 2], ["R", 2], ["R", 2], ["R", 2], ["R", 2], ["R", 2], ["R", 2], ["R", 2], ["R", 2], ["R", 2], ["R", 2], ["R", 2], ["R", 2], ["R", 2], ["R", 2], ["R", 2], ["R", 2], ["R", 2], ["R", 2], ["R", 2], ["R", 2], ["R", 2], ["R", 2], ["R", 2], ["R", 2], ["R", 2], ["R", 2], ["R", 2], ["R", 2], ["R", 2], ["R", 2], ["R", 2], ["R", 2], ["R", 2], ["R", 2], ["R", 2], ["R", 2], ["R", 2], ["R", 2], ["R", 2], ["R", 2], ["R", 2], ["R", 2], ["R", 2], ["R", 2], ["R", 2], ["R", 2], ["R", 2], ["R", 2], ["R", 2], ["R", 2], ["R", 2], ["R", 2], ["R", 2], ["R", 2], ["R", 2], ["R", 2], ["R", 2], ["R", 2], ["R", 2]]}]}, "GrayDecisionResource.info": {"t": [{"id": 0, "a": [["R", 2], ["R", 2], ["R", 2], ["R", 2], ["R", 2], ["R", 2], ["R", 2], ["R", 2], ["R", 2], ["R", 2], ["R", 2], ["R", 2], ["R", 2], ["R", 2], ["R", 2], ["R", 2], ["R", 2], ["R", 2], ["R", 2], ["R", 2], ["R", 2], ["R", 2], ["R", 2], ["R", 2], ["R", 2], ["R", 2], ["R", 2], ["R", 2], ["R", 2], ["R", 2], ["R", 2], ["R", 2], ["R", 2], ["R", 2], ["R", 2], ["R", 2], ["R", 2], ["R", 2], ["R", 2], ["R", 2], ["R", 2], ["R", 2], ["R", 2], ["R", 2], ["R", 2], ["R", 2], ["R", 2], ["R", 2], ["R", 2], ["R", 2], ["R", 2], ["R", 2]]}]}, "GrayDecisionResource.list": {"t": [{"id": 0, "a": [["R", 5], ["R", 5]]}]}, "GrayDecisionResource.page": {"t": [{"id": 0, "a": [["R", 5], ["R", 5]]}]}, "GrayDecisionResource.save": {"t": [{"id": 0, "a": [["R", 3], ["R", 2], ["R", 2], ["R", 2], ["R", 2], ["R", 2], ["R", 2], ["R", 2], ["R", 2], ["R", 2], ["R", 2], ["R", 2], ["R", 2], ["R", 2], ["R", 2], ["R", 2], ["R", 2], ["R", 2], ["R", 2], ["R", 2], ["R", 2], ["R", 2], ["R", 2], ["R", 2], ["R", 2], ["R", 2], ["R", 2], ["R", 2], ["R", 2], ["R", 2], ["R", 2], ["R", 2], ["R", 2], ["R", 2], ["R", 2], ["R", 2], ["R", 2], ["R", 2], ["R", 2], ["R", 2], ["R", 2], ["R", 2], ["R", 2], ["R", 2], ["R", 2], ["R", 2], ["R", 2], ["R", 2], ["R", 2], ["R", 2], ["R", 2], ["R", 2], ["R", 2], ["R", 2], ["R", 2], ["R", 2], ["R", 2], ["R", 2], ["R", 2], ["R", 2], ["R", 2], ["R", 2], ["R", 2], ["R", 2], ["R", 2], ["R", 2], ["R", 2], ["R", 2], ["R", 2], ["R", 2], ["R", 2], ["R", 2], ["R", 2], ["R", 2], ["R", 2], ["R", 2], ["R", 2], ["R", 2], ["R", 2], ["R", 2], ["R", 2], ["R", 2], ["R", 2], ["R", 2], ["R", 2], ["R", 2], ["R", 2], ["R", 2], ["R", 2], ["R", 2], ["R", 2], ["R", 2], ["R", 2], ["R", 2], ["R", 2], ["R", 2], ["R", 2], ["R", 2], ["R", 2], ["R", 2], ["R", 2], ["R", 2], ["R", 2], ["R", 2], ["R", 2], ["W", 2], ["W", 2], ["W", 2], ["W", 2], ["W", 2], ["W", 2], ["W", 2], ["W", 2], ["W", 2], ["W", 2], ["W", 2], ["W", 2], ["W", 2], ["W", 2], ["W", 2], ["W", 2], ["W", 2], ["W", 2], ["W", 2], ["W", 2], ["W", 2], ["W", 2], ["W", 2], ["W", 2], ["W", 2], ["W", 2], ["W", 2], ["W", 2], ["R", 2], ["R", 2], ["R", 2], ["R", 2], ["R", 2], ["R", 2], ["R", 2], ["R", 2], ["R", 2], ["R", 2], ["R", 2], ["R", 2], ["R", 2], ["R", 2], ["R", 2], ["R", 2], ["R", 2], ["R", 2], ["R", 2], ["R", 2], ["R", 2], ["R", 2], ["R", 2], ["R", 2], ["R", 2], ["R", 2], ["R", 2], ["R", 2], ["R", 2], ["R", 2], ["R", 2], ["R", 2], ["R", 2], ["R", 2], ["R", 2], ["R", 2], ["R", 2], ["R", 2], ["R", 2], ["R", 2], ["R", 2], ["R", 2], ["R", 2], ["R", 2], ["R", 2], ["R", 2], ["R", 2], ["R", 2], ["R", 2], ["R", 2], ["R", 2], ["R", 2], ["R", 2], ["R", 2], ["R", 2], ["R", 2], ["R", 2], ["R", 2], ["R", 2], ["R", 2], ["R", 2], ["R", 2], ["R", 2], ["R", 2], ["R", 2], ["R", 2], ["R", 2], ["R", 2], ["R", 2], ["R", 2], ["R", 2], ["R", 2], ["R", 2], ["R", 2], ["R", 2], ["R", 2], ["R", 2], ["R", 2], ["R", 2], ["R", 2], ["R", 2], ["R", 2], ["R", 2], ["R", 2], ["R", 2], ["R", 2], ["R", 2], ["R", 2], ["R", 2], ["R", 2], ["R", 2], ["R", 2], ["R", 2], ["R", 2], ["R", 2], ["R", 2], ["R", 2], ["R", 2], ["R", 2], ["R", 2], ["R", 2], ["R", 2], ["R", 2], ["R", 2]]}]}, "UserResource.addUser": {"t": [{"id": 0, "a": [["R", 2], ["R", 2], ["R", 2], ["R", 2], ["R", 2], ["R", 2], ["R", 2], ["R", 2], ["R", 2], ["R", 2], ["R", 2], ["R", 2], ["R", 2], ["R", 2], ["R", 2], ["R", 2], ["R", 2], ["R", 2], ["R", 2], ["R", 2], ["R", 2], ["R", 2], ["R", 2], ["R", 2], ["R", 2], ["R", 2], ["R", 2], ["R", 2], ["R", 2], ["R", 2], ["R", 2], ["R", 2], ["R", 2], ["R", 2], ["R", 2], ["R", 2], ["R", 2], ["R", 2], ["R", 2], ["R", 2], ["R", 2], ["R", 2], ["R", 2], ["R", 2], ["R", 2], ["R", 2], ["R", 2], ["R", 2], ["R", 2], ["R", 2], ["R", 2], ["R", 2], ["R", 2], ["W", 2], ["W", 2], ["W", 2], ["W", 2], ["W", 2], ["W", 2], ["W", 2], ["W", 2], ["W", 2], ["W", 2], ["W", 2], ["W", 2], ["W", 2], ["W", 2], ["W", 2], ["W", 2], ["W", 2], ["W", 2], ["W", 2], ["W", 2], ["W", 2], ["W", 2], ["W", 2], ["W", 2], ["W", 2], ["W", 2], ["W", 2], ["W", 2], ["R", 2], ["W", 2], ["W", 2], ["W", 2], ["R", 2], ["W", 2], ["R", 2], ["R", 2], ["R", 2], ["R", 2], ["R", 2], ["R", 2], ["R", 2], ["R", 2], ["R", 2], ["R", 2], ["R", 2], ["R", 2], ["R", 2], ["R", 2], ["R", 2], ["R", 2], ["R", 2], ["R", 2], ["R", 2], ["R", 2], ["R", 2], ["R", 2], ["R", 2], ["R", 2], ["R", 2], ["R", 2], ["R", 2], ["R", 2], ["R", 2], ["R", 2], ["R", 2], ["R", 2], ["R", 2], ["R", 2], ["R", 2], ["R", 2], ["R", 2], ["R", 2], ["R", 2], ["R", 2], ["R", 2], ["R", 2], ["R", 2], ["R", 2], ["R", 2], ["R", 2], ["R", 2], ["R", 2], ["R", 2], ["R", 2], ["R", 2], ["R", 2]]}]}, "UserResource.info": {"t": [{"id": 0, "a": [["R", 2], ["R", 2], ["R", 2], ["R", 2], ["R", 2], ["R", 2], ["R", 2], ["R", 2], ["R", 2], ["R", 2], ["R", 2], ["R", 2], ["R", 2], ["R", 2], ["R", 2], ["R", 2], ["R", 2], ["R", 2], ["R", 2], ["R", 2], ["R", 2], ["R", 2], ["R", 2], ["R", 2], ["R", 2], ["R", 2], ["R", 2], ["R", 2], ["R", 2], ["R", 2], ["R", 2], ["R", 2], ["R", 2], ["R", 2], ["R", 2], ["R", 2], ["R", 2], ["R", 2], ["R", 2], ["R", 2], ["R", 2], ["R", 2], ["R", 2], ["R", 2], ["R", 2], ["R", 2], ["R", 2], ["R", 2], ["R", 2], ["R", 2], ["R", 2], ["R", 2]]}]}, "UserResource.login": {"t": [{"id": 0, "a": [["R", 2], ["R", 2], ["R", 2], ["R", 2], ["R", 2], ["R", 2], ["R", 2], ["R", 2], ["R", 2], ["R", 2], ["R", 2], ["R", 2], ["R", 2], ["R", 2], ["R", 2], ["R", 2], ["R", 2], ["R", 2], ["R", 2], ["R", 2], ["R", 2], ["R", 2], ["R", 2], ["R", 2], ["R", 2], ["R", 2], ["R", 2], ["R", 2], ["R", 2], ["R", 2], ["R", 2], ["R", 2], ["R", 2], ["R", 2], ["R", 2], ["R", 2], ["R", 2], ["R", 2], ["R", 2], ["R", 2], ["R", 2], ["R", 2], ["R", 2], ["R", 2], ["R", 2], ["R", 2], ["R", 2], ["R", 2], ["R", 2], ["R", 2], ["R", 2], ["R", 2], ["R", 2], ["R", 2], ["R", 2]]}]}, "UserResource.page": {"t": [{"id": 0, "a": [["R", 2]]}]}, "UserResource.resetPassword": {"t": [{"id": 0, "a": [["R", 2], ["R", 2], ["R", 2], ["R", 2], ["R", 2], ["R", 2], ["R", 2], ["R", 2], ["R", 2], ["R", 2], ["R", 2], ["R", 2], ["R", 2], ["R", 2], ["R", 2], ["R", 2], ["R", 2], ["R", 2], ["R", 2], ["R", 2], ["R", 2], ["R", 2], ["R", 2], ["R", 2], ["R", 2], ["R", 2], ["R", 2], ["R", 2], ["R", 2], ["R", 2], ["R", 2], ["R", 2], ["R", 2], ["R", 2], ["R", 2], ["R", 2], ["R", 2], ["R", 2], ["R", 2], ["R", 2], ["R", 2], ["R", 2], ["R", 2], ["R", 2], ["R", 2], ["R", 2], ["R", 2], ["R", 2], ["R", 2], ["R", 2], ["R", 2], ["R", 2], ["W", 2], ["R", 2], ["W", 2]]}]}, "UserResource.updatePassword": {"t": [{"id": 0, "a": [["W", 2], ["R", 2], ["W", 2]]}]}, "UserResource.updateUser": {"t": [{"id": 0, "a": [["R", 2], ["R", 2], ["R", 2], ["R", 2], ["R", 2], ["R", 2], ["R", 2], ["R", 2], ["R", 2], ["R", 2], ["R", 2], ["R", 2], ["R", 2], ["R", 2], ["R", 2], ["R", 2], ["R", 2], ["R", 2], ["R", 2], ["R", 2], ["R", 2], ["R", 2], ["R", 2], ["R", 2], ["R", 2], ["R", 2], ["R", 2], ["R", 2], ["R", 2], ["R", 2], ["R", 2], ["R", 2], ["R", 2], ["R", 2], ["R", 2], ["R", 2], ["R", 2], ["R", 2], ["R", 2], ["R", 2], ["R", 2], ["R", 2], ["R", 2], ["R", 2], ["R", 2], ["R", 2], ["R", 2], ["R", 2], ["R", 2], ["R", 2], ["R", 2], ["R", 2], ["W", 2], ["W", 2], ["W", 2], ["W", 2], ["W", 2], ["W", 2], ["W", 2], ["W", 2], ["W", 2], ["W", 2], ["W", 2], ["W", 2], ["W", 2], ["W", 2], ["W", 2], ["R", 2], ["R", 2], ["R", 2], ["R", 2], ["R", 2], ["R", 2], ["R", 2], ["R", 2], ["R", 2], ["R", 2], ["R", 2], ["R", 2], ["R", 2], ["R", 2], ["R", 2], ["R", 2], ["R", 2], ["R", 2], ["R", 2], ["R", 2], ["R", 2], ["R", 2], ["R", 2], ["R", 2], ["R", 2], ["R", 2], ["R", 2], ["R", 2], ["R", 2], ["R", 2], ["R", 2], ["R", 2], ["R", 2], ["R", 2], ["R", 2], ["R", 2], ["R", 2], ["R", 2], ["R", 2], ["R", 2], ["R", 2], ["R", 2], ["R", 2], ["R", 2], ["R", 2], ["R", 2], ["R", 2], ["R", 2], ["R", 2], ["R", 2], ["R", 2], ["R", 2]]}]}, "ServiceOwnerResource.list": {"t": [{"id": 0, "a": [["R", 6]]}]}, "ServiceOwnerResource.save": {"t": [{"id": 0, "a": [["R", 2], ["R", 2], ["R", 2], ["R", 2], ["R", 2], ["R", 2], ["R", 2], ["R", 2], ["R", 2], ["R", 2], ["R", 2], ["R", 2], ["R", 2], ["R", 2], ["R", 2], ["R", 2], ["R", 2], ["R", 2], ["R", 2], ["R", 2], ["R", 2], ["R", 2], ["R", 2], ["R", 2], ["R", 2], ["R", 2], ["R", 2], ["R", 2], ["R", 2], ["R", 2], ["R", 2], ["R", 2], ["R", 2], ["R", 2], ["R", 2], ["R", 2], ["R", 2], ["R", 2], ["R", 2], ["R", 2], ["R", 2], ["R", 2], ["R", 2], ["R", 2], ["R", 2], ["R", 2], ["R", 2], ["R", 2], ["R", 2], ["R", 2], ["R", 2], ["R", 2], ["R", 2], ["R", 2], ["R", 2], ["R", 2], ["R", 2], ["R", 2], ["R", 2], ["R", 2], ["R", 2], ["R", 2], ["R", 2], ["R", 2], ["R", 2], ["R", 2], ["R", 2], ["R", 2], ["R", 2], ["R", 2], ["R", 2], ["R", 2], ["R", 2], ["R", 2], ["R", 2], ["R", 2], ["R", 2], ["R", 2], ["R", 2], ["R", 2], ["R", 2], ["R", 2], ["R", 2], ["R", 2], ["R", 2], ["R", 2], ["R", 2], ["R", 2], ["R", 2], ["R", 2], ["R", 2], ["R", 2], ["R", 2], ["R", 2], ["R", 2], ["R", 2], ["R", 2], ["R", 2], ["R", 2], ["R", 2], ["R", 2], ["R", 2], ["R", 2], ["R", 2], ["W", 2], ["W", 2], ["W", 2], ["W", 2], ["W", 2], ["W", 2], ["W", 2], ["W", 2], ["W", 2], ["W", 2], ["W", 2], ["W", 2], ["W", 2], ["W", 2], ["W", 2], ["W", 2], ["W", 2], ["W", 2], ["W", 2], ["W", 2], ["W", 2], ["W", 2], ["W", 2], ["W", 2], ["W", 2], ["W", 2], ["W", 2], ["W", 2], ["R", 2], ["R", 2], ["R", 2], ["R", 2], ["R", 2], ["R", 2], ["R", 2], ["R", 2], ["R", 2], ["R", 2], ["R", 2], ["R", 2], ["R", 2], ["R", 2], ["R", 2], ["R", 2], ["R", 2], ["R", 2], ["R", 2], ["R", 2], ["R", 2], ["R", 2], ["R", 2], ["R", 2], ["R", 2], ["R", 2], ["R", 2], ["R", 2], ["R", 2], ["R", 2], ["R", 2], ["R", 2], ["R", 2], ["R", 2], ["R", 2], ["R", 2], ["R", 2], ["R", 2], ["R", 2], ["R", 2], ["R", 2], ["R", 2], ["R", 2], ["R", 2], ["R", 2], ["R", 2], ["R", 2], ["R", 2], ["R", 2], ["R", 2], ["R", 2], ["R", 2], ["R", 3], ["R", 2], ["R", 2], ["R", 2], ["R", 2], ["R", 2], ["R", 2], ["R", 2], ["R", 2], ["R", 2], ["R", 2], ["R", 2], ["R", 2], ["R", 2], ["R", 2], ["R", 2], ["R", 2], ["R", 2], ["R", 2], ["R", 2], ["R", 2], ["R", 2], ["R", 2], ["R", 2], ["R", 2], ["R", 2], ["R", 2], ["R", 2], ["R", 2], ["R", 2], ["R", 2], ["R", 2], ["R", 2], ["R", 2], ["R", 2], ["R", 2], ["R", 2], ["R", 2], ["R", 2], ["R", 2], ["R", 2], ["R", 2], ["R", 2], ["R", 2], ["R", 2], ["R", 2], ["R", 2], ["R", 2], ["R", 2], ["R", 2], ["R", 2], ["R", 2], ["R", 2], ["W", 2], ["W", 2], ["W", 2], ["W", 2], ["W", 2], ["W", 2], ["W", 2], ["W", 2], ["W", 2], ["W", 2], ["W", 2], ["W", 2], ["W", 2], ["W", 2], ["W", 2], ["W", 2], ["W", 2], ["W", 2], ["W", 2], ["W", 2], ["W", 2], ["W", 2], ["W", 2], ["W", 2], ["W", 2], ["W", 2], ["W", 2], ["W", 2], ["R", 2], ["R", 2], ["R", 2], ["R", 2], ["R", 2], ["R", 2], ["R", 2], ["R", 2], ["R", 2], ["R", 2], ["R", 2], ["R", 2], ["R", 2], ["R", 2], ["R", 2], ["R", 2], ["R", 2], ["R", 2], ["R", 2], ["R", 2], ["R", 2], ["R", 2], ["R", 2], ["R", 2], ["R", 2], ["R", 2], ["R", 2], ["R", 2], ["R", 2], ["R", 2], ["R", 2], ["R", 2], ["R", 2], ["R", 2], ["R", 2], ["R", 2], ["R", 2], ["R", 2], ["R", 2], ["R", 2], ["R", 2], ["R", 2], ["R", 2], ["R", 2], ["R", 2], ["R", 2], ["R", 2], ["R", 2], ["R", 2], ["R", 2], ["R", 2], ["R", 2]]}]}, "GrayInstanceResource.delete": {"t": [{"id": 0, "a": [["R", 3], ["R", 2], ["R", 2], ["R", 2], ["R", 2], ["R", 2], ["R", 2], ["R", 2], ["R", 2], ["R", 2], ["R", 2], ["R", 2], ["R", 2], ["R", 2], ["R", 2], ["R", 2], ["R", 2], ["R", 2], ["R", 2], ["R", 2], ["R", 2], ["R", 2], ["R", 2], ["R", 2], ["R", 2], ["R", 2], ["R", 2], ["R", 2], ["R", 2], ["R", 2], ["R", 2], ["R", 2], ["R", 2], ["R", 2], ["R", 2], ["R", 2], ["R", 2], ["R", 2], ["R", 2], ["R", 2], ["R", 2], ["R", 2], ["R", 2], ["R", 2], ["R", 2], ["R", 2], ["R", 2], ["R", 2], ["R", 2], ["R", 2], ["R", 2], ["R", 2], ["R", 2], ["R", 2], ["R", 2], ["R", 2], ["R", 2], ["R", 2], ["R", 2], ["R", 2], ["R", 2], ["R", 2], ["R", 2], ["R", 2], ["R", 2], ["R", 2], ["R", 2], ["R", 2], ["R", 2], ["R", 2], ["R", 2], ["R", 2], ["R", 2], ["R", 2], ["R", 2], ["R", 2], ["R", 2], ["R", 2], ["R", 2], ["R", 2], ["R", 2], ["R", 2], ["R", 2], ["R", 2], ["R", 2], ["R", 2], ["R", 2], ["R", 2], ["R", 2], ["R", 2], ["R", 2], ["R", 2], ["R", 2], ["R", 2], ["R", 2], ["R", 2], ["R", 2], ["R", 2], ["R", 2], ["R", 2], ["R", 2], ["R", 2], ["R", 2], ["R", 2], ["R", 2], ["R", 7], ["W", 5]]}]}, "GrayInstanceResource.info": {"t": [{"id": 0, "a": [["R", 2], ["R", 2], ["R", 2], ["R", 2], ["R", 2], ["R", 2], ["R", 2], ["R", 2], ["R", 2], ["R", 2], ["R", 2], ["R", 2], ["R", 2], ["R", 2], ["R", 2], ["R", 2], ["R", 2], ["R", 2], ["R", 2], ["R", 2], ["R", 2], ["R", 2], ["R", 2], ["R", 2], ["R", 2], ["R", 2], ["R", 2], ["R", 2], ["R", 2], ["R", 2], ["R", 2], ["R", 2], ["R", 2], ["R", 2], ["R", 2], ["R", 2], ["R", 2], ["R", 2], ["R", 2], ["R", 2], ["R", 2], ["R", 2], ["R", 2], ["R", 2], ["R", 2], ["R", 2], ["R", 2], ["R", 2], ["R", 2], ["R", 2], ["R", 2], ["R", 2]]}]}, "GrayInstanceResource.listByServiceId": {"t": [{"id": 0, "a": [["R", 8], ["R", 8]]}]}, "GrayInstanceResource.page": {"t": [{"id": 0, "a": [["R", 8], ["R", 8], ["R", 8]]}]}, "GrayInstanceResource.save": {"t": [{"id": 0, "a": [["R", 3], ["R", 2], ["R", 2], ["R", 2], ["R", 2], ["R", 2], ["R", 2], ["R", 2], ["R", 2], ["R", 2], ["R", 2], ["R", 2], ["R", 2], ["R", 2], ["R", 2], ["R", 2], ["R", 2], ["R", 2], ["R", 2], ["R", 2], ["R", 2], ["R", 2], ["R", 2], ["R", 2], ["R", 2], ["R", 2], ["R", 2], ["R", 2], ["R", 2], ["R", 2], ["R", 2], ["R", 2], ["R", 2], ["R", 2], ["R", 2], ["R", 2], ["R", 2], ["R", 2], ["R", 2], ["R", 2], ["R", 2], ["R", 2], ["R", 2], ["R", 2], ["R", 2], ["R", 2], ["R", 2], ["R", 2], ["R", 2], ["R", 2], ["R", 2], ["R", 2], ["R", 2], ["R", 2], ["R", 2], ["R", 2], ["R", 2], ["R", 2], ["R", 2], ["R", 2], ["R", 2], ["R", 2], ["R", 2], ["R", 2], ["R", 2], ["R", 2], ["R", 2], ["R", 2], ["R", 2], ["R", 2], ["R", 2], ["R", 2], ["R", 2], ["R", 2], ["R", 2], ["R", 2], ["R", 2], ["R", 2], ["R", 2], ["R", 2], ["R", 2], ["R", 2], ["R", 2], ["R", 2], ["R", 2], ["R", 2], ["R", 2], ["R", 2], ["R", 2], ["R", 2], ["R", 2], ["R", 2], ["R", 2], ["R", 2], ["R", 2], ["R", 2], ["R", 2], ["R", 2], ["R", 2], ["R", 2], ["R", 2], ["R", 2], ["R", 2], ["R", 2], ["R", 2], ["W", 2], ["W", 2], ["W", 2], ["W", 2], ["W", 2], ["W", 2], ["W", 2], ["W", 2], ["W", 2], ["W", 2], ["W", 2], ["W", 2], ["W", 2], ["W", 2], ["W", 2], ["W", 2], ["W", 2], ["W", 2], ["W", 2], ["W", 2], ["W", 2], ["W", 2], ["W", 2], ["W", 2], ["W", 2], ["W", 2], ["W", 2], ["W", 2], ["R", 2], ["R", 2], ["R", 2], ["R", 2], ["R", 2], ["R", 2], ["R", 2], ["R", 2], ["R", 2], ["R", 2], ["R", 2], ["R", 2], ["R", 2], ["R", 2], ["R", 2], ["R", 2], ["R", 2], ["R", 2], ["R", 2], ["R", 2], ["R", 2], ["R", 2], ["R", 2], ["R", 2], ["R", 2], ["R", 2], ["R", 2], ["R", 2], ["R", 2], ["R", 2], ["R", 2], ["R", 2], ["R", 2], ["R", 2], ["R", 2], ["R", 2], ["R", 2], ["R", 2], ["R", 2], ["R", 2], ["R", 2], ["R", 2], ["R", 2], ["R", 2], ["R", 2], ["R", 2], ["R", 2], ["R", 2], ["R", 2], ["R", 2], ["R", 2], ["R", 2], ["W", 2], ["W", 2], ["W", 2], ["W", 2], ["W", 2], ["W", 2], ["W", 2], ["W", 2], ["W", 2], ["W", 2], ["W", 2], ["W", 2], ["W", 2], ["W", 2], ["W", 2], ["W", 2], ["W", 2], ["W", 2], ["W", 2], ["W", 2], ["W", 2], ["W", 2], ["W", 2], ["W", 2], ["W", 2], ["W", 2], ["W", 2], ["W", 2], ["R", 2], ["R", 2], ["R", 2], ["R", 2], ["R", 2], ["R", 2], ["R", 2], ["R", 2], ["R", 2], ["R", 2], ["R", 2], ["R", 2], ["R", 2], ["R", 2], ["R", 2], ["R", 2], ["R", 2], ["R", 2], ["R", 2], ["R", 2], ["R", 2], ["R", 2], ["R", 2], ["R", 2], ["R", 2], ["R", 2], ["R", 2], ["R", 2], ["R", 2], ["R", 2], ["R", 2], ["R", 2], ["R", 2], ["R", 2], ["R", 2], ["R", 2], ["R", 2], ["R", 2], ["R", 2], ["R", 2], ["R", 2], ["R", 2], ["R", 2], ["R", 2], ["R", 2], ["R", 2], ["R", 2], ["R", 2], ["R", 2], ["R", 2], ["R", 2], ["R", 2], ["R", 2], ["R", 2], ["R", 2], ["R", 2], ["R", 2], ["R", 2], ["R", 2], ["R", 2], ["R", 2], ["R", 2], ["R", 2], ["R", 2], ["R", 2], ["R", 2], ["R", 2], ["R", 2], ["R", 2], ["R", 2], ["R", 2], ["R", 2], ["R", 2], ["R", 2], ["R", 2], ["R", 2], ["R", 2], ["R", 2], ["R", 2], ["R", 2], ["R", 2], ["R", 2], ["R", 2], ["R", 2], ["R", 2], ["R", 2], ["R", 2], ["R", 2], ["R", 2], ["R", 2], ["R", 2], ["R", 2], ["R", 2], ["R", 2], ["R", 2], ["R", 2], ["R", 2], ["R", 2], ["R", 2], ["R", 2], ["R", 2], ["R", 2], ["R", 2], ["R", 2], ["W", 2], ["W", 2], ["W", 2], ["W", 2], ["W", 2], ["W", 2], ["W", 2], ["W", 2], ["W", 2], ["W", 2], ["W", 2], ["W", 2], ["W", 2], ["W", 2], ["W", 2], ["W", 2], ["W", 2], ["W", 2], ["W", 2], ["W", 2], ["W", 2], ["W", 2], ["W", 2], ["W", 2], ["W", 2], ["W", 2], ["W", 2], ["W", 2], ["R", 2], ["R", 2], ["R", 2], ["R", 2], ["R", 2], ["R", 2], ["R", 2], ["R", 2], ["R", 2], ["R", 2], ["R", 2], ["R", 2], ["R", 2], ["R", 2], ["R", 2], ["R", 2], ["R", 2], ["R", 2], ["R", 2], ["R", 2], ["R", 2], ["R", 2], ["R", 2], ["R", 2], ["R", 2], ["R", 2], ["R", 2], ["R", 2], ["R", 2], ["R", 2], ["R", 2], ["R", 2], ["R", 2], ["R", 2], ["R", 2], ["R", 2], ["R", 2], ["R", 2], ["R", 2], ["R", 2], ["R", 2], ["R", 2], ["R", 2], ["R", 2], ["R", 2], ["R", 2], ["R", 2], ["R", 2], ["R", 2], ["R", 2], ["R", 2], ["R", 2]]}]}, "GrayInstanceResource.switchGrayStatus": {"t": [{"id": 0, "a": [["R", 3], ["R", 2], ["R", 2], ["R", 2], ["R", 2], ["R", 2], ["R", 2], ["R", 2], ["R", 2], ["R", 2], ["R", 2], ["R", 2], ["R", 2], ["R", 2], ["R", 2], ["R", 2], ["R", 2], ["R", 2], ["R", 2], ["R", 2], ["R", 2], ["R", 2], ["R", 2], ["R", 2], ["R", 2], ["R", 2], ["R", 2], ["R", 2], ["R", 2], ["R", 2], ["R", 2], ["R", 2], ["R", 2], ["R", 2], ["R", 2], ["R", 2], ["R", 2], ["R", 2], ["R", 2], ["R", 2], ["R", 2], ["R", 2], ["R", 2], ["R", 2], ["R", 2], ["R", 2], ["R", 2], ["R", 2], ["R", 2], ["R", 2], ["R", 2], ["R", 2], ["R", 2], ["R", 2], ["R", 2], ["R", 2], ["R", 2], ["R", 2], ["R", 2], ["R", 2], ["R", 2], ["R", 2], ["R", 2], ["R", 2], ["R", 2], ["R", 2], ["R", 2], ["R", 2], ["R", 2], ["R", 2], ["R", 2], ["R", 2], ["R", 2], ["R", 2], ["R", 2], ["R", 2], ["R", 2], ["R", 2], ["R", 2], ["R", 2], ["R", 2], ["R", 2], ["R", 2], ["R", 2], ["R", 2], ["R", 2], ["R", 2], ["R", 2], ["R", 2], ["R", 2], ["R", 2], ["R", 2], ["R", 2], ["R", 2], ["R", 2], ["R", 2], ["R", 2], ["R", 2], ["R", 2], ["R", 2], ["R", 2], ["R", 2], ["R", 2], ["R", 2], ["R", 2], ["W", 2], ["W", 2], ["W", 2], ["W", 2], ["W", 2], ["W", 2], ["W", 2], ["W", 2], ["W", 2], ["W", 2], ["W", 2], ["W", 2], ["W", 2], ["W", 2], ["W", 2], ["W", 2], ["W", 2], ["W", 2], ["W", 2], ["W", 2], ["W", 2], ["W", 2], ["W", 2], ["W", 2], ["W", 2], ["W", 2], ["W", 2], ["W", 2], ["R", 2], ["R", 2], ["R", 2], ["R", 2], ["R", 2], ["R", 2], ["R", 2], ["R", 2], ["R", 2], ["R", 2], ["R", 2], ["R", 2], ["R", 2], ["R", 2], ["R", 2], ["R", 2], ["R", 2], ["R", 2], ["R", 2], ["R", 2], ["R", 2], ["R", 2], ["R", 2], ["R", 2], ["R", 2], ["R", 2], ["R", 2], ["R", 2], ["R", 2], ["R", 2], ["R", 2], ["R", 2], ["R", 2], ["R", 2], ["R", 2], ["R", 2], ["R", 2], ["R", 2], ["R", 2], ["R", 2], ["R", 2], ["R", 2], ["R", 2], ["R", 2], ["R", 2], ["R", 2], ["R", 2], ["R", 2], ["R", 2], ["R", 2], ["R", 2], ["R", 2], ["R", 2], ["R", 2], ["R", 2], ["R", 2], ["R", 2], ["R", 2], ["R", 2], ["R", 2], ["R", 2], ["R", 2], ["R", 2], ["R", 2], ["R", 2], ["R", 2], ["R", 2], ["R", 2], ["R", 2], ["R", 2], ["R", 2], ["R", 2], ["R", 2], ["R", 2], ["R", 2], ["R", 2], ["R", 2], ["R", 2], ["R", 2], ["R", 2], ["R", 2], ["R", 2], ["R", 2], ["R", 2], ["R", 2], ["R", 2], ["R", 2], ["R", 2], ["R", 2], ["R", 2], ["R", 2], ["R", 2], ["R", 2], ["R", 2], ["R", 2], ["R", 2], ["R", 2], ["R", 2], ["R", 2], ["R", 2], ["R", 2], ["R", 2], ["R", 2], ["R", 2], ["W", 2], ["W", 2], ["W", 2], ["W", 2], ["W", 2], ["W", 2], ["W", 2], ["W", 2], ["W", 2], ["W", 2], ["W", 2], ["W", 2], ["W", 2], ["W", 2], ["W", 2], ["W", 2], ["W", 2], ["W", 2], ["W", 2], ["W", 2], ["W", 2], ["W", 2], ["W", 2], ["W", 2], ["W", 2], ["W", 2], ["W", 2], ["W", 2], ["R", 2], ["R", 2], ["R", 2], ["R", 2], ["R", 2], ["R", 2], ["R", 2], ["R", 2], ["R", 2], ["R", 2], ["R", 2], ["R", 2], ["R", 2], ["R", 2], ["R", 2], ["R", 2], ["R", 2], ["R", 2], ["R", 2], ["R", 2], ["R", 2], ["R", 2], ["R", 2], ["R", 2], ["R", 2], ["R", 2], ["R", 2], ["R", 2], ["R", 2], ["R", 2], ["R", 2], ["R", 2], ["R", 2], ["R", 2], ["R", 2], ["R", 2], ["R", 2], ["R", 2], ["R", 2], ["R", 2], ["R", 2], ["R", 2], ["R", 2], ["R", 2], ["R", 2], ["R", 2], ["R", 2], ["R", 2], ["R", 2], ["R", 2], ["R", 2], ["R", 2]]}]}, "ServiceAuthorityResource.delete": {"t": [{"id": 0, "a": [["R", 2], ["R", 2], ["R", 2], ["R", 2], ["R", 2], ["R", 2], ["R", 2], ["R", 2], ["R", 2], ["R", 2], ["R", 2], ["R", 2], ["R", 2], ["R", 2], ["R", 2], ["R", 2], ["R", 2], ["R", 2], ["R", 2], ["R", 2], ["R", 2], ["R", 2], ["R", 2], ["R", 2], ["R", 2], ["R", 2], ["R", 2], ["R", 2], ["R", 2], ["R", 2], ["R", 2], ["R", 2], ["R", 2], ["R", 2], ["R", 2], ["R", 2], ["R", 2], ["R", 2], ["R", 2], ["R", 2], ["R", 2], ["R", 2], ["R", 2], ["R", 2], ["R", 2], ["R", 2], ["R", 2], ["R", 2], ["R", 2], ["R", 2], ["R", 2], ["R", 2], ["R", 3], ["R", 2], ["R", 2], ["R", 2], ["R", 2], ["R", 2], ["R", 2], ["R", 2], ["R", 2], ["R", 2], ["R", 2], ["R", 2], ["R", 2], ["R", 2], ["R", 2], ["R", 2], ["R", 2], ["R", 2], ["R", 2], ["R", 2], ["R", 2], ["R", 2], ["R", 2], ["R", 2], ["R", 2], ["R", 2], ["R", 2], ["R", 2], ["R", 2], ["R", 2], ["R", 2], ["R", 2], ["R", 2], ["R", 2], ["R", 2], ["R", 2], ["R", 2], ["R", 2], ["R", 2], ["R", 2], ["R", 2], ["R", 2], ["R", 2], ["R", 2], ["R", 2], ["R", 2], ["R", 2], ["R", 2], ["R", 2], ["R", 2], ["R", 2], ["R", 2], ["R", 2], ["R", 2], ["R", 2], ["R", 2], ["R", 2], ["R", 2], ["R", 2], ["R", 2], ["R", 2], ["R", 2], ["R", 2], ["R", 2], ["R", 2], ["R", 2], ["R", 2], ["R", 2], ["R", 2], ["R", 2], ["R", 2], ["R", 2], ["R", 2], ["R", 2], ["R", 2], ["R", 2], ["R", 2], ["R", 2], ["R", 2], ["R", 2], ["R", 2], ["R", 2], ["R", 2], ["R", 2], ["R", 2], ["R", 2], ["R", 2], ["R", 2], ["R", 2], ["R", 2], ["R", 2], ["R", 2], ["R", 2], ["R", 2], ["R", 2], ["R", 2], ["R", 2], ["R", 2], ["R", 2], ["R", 2], ["R", 2], ["R", 2], ["R", 2], ["R", 2], ["R", 2]]}]}, "ServiceAuthorityResource.list": {"t": [{"id": 0, "a": [["R", 3]]}]}, "ServiceAuthorityResource.save": {"t": [{"id": 0, "a": [["R", 3], ["R", 2], ["R", 2], ["R", 2], ["R", 2], ["R", 2], ["R", 2], ["R", 2], ["R", 2], ["R", 2], ["R", 2], ["R", 2], ["R", 2], ["R", 2], ["R", 2], ["R", 2], ["R", 2], ["R", 2], ["R", 2], ["R", 2], ["R", 2], ["R", 2], ["R", 2], ["R", 2], ["R", 2], ["R", 2], ["R", 2], ["R", 2], ["R", 2], ["R", 2], ["R", 2], ["R", 2], ["R", 2], ["R", 2], ["R", 2], ["R", 2], ["R", 2], ["R", 2], ["R", 2], ["R", 2], ["R", 2], ["R", 2], ["R", 2], ["R", 2], ["R", 2], ["R", 2], ["R", 2], ["R", 2], ["R", 2], ["R", 2], ["R", 2], ["R", 2], ["R", 2], ["R", 2], ["R", 2], ["R", 2], ["R", 2], ["R", 2], ["R", 2], ["R", 2], ["R", 2], ["R", 2], ["R", 2], ["R", 2], ["R", 2], ["R", 2], ["R", 2], ["R", 2], ["R", 2], ["R", 2], ["R", 2], ["R", 2], ["R", 2], ["R", 2], ["R", 2], ["R", 2], ["R", 2], ["R", 2], ["R", 2], ["R", 2], ["R", 2], ["R", 2], ["R", 2], ["R", 2], ["R", 2], ["R", 2], ["R", 2], ["R", 2], ["R", 2], ["R", 2], ["R", 2], ["R", 2], ["R", 2], ["R", 2], ["R", 2], ["R", 2], ["R", 2], ["R", 2], ["R", 2], ["R", 2], ["R", 2], ["R", 2], ["R", 2], ["R", 2], ["R", 2], ["W", 2], ["W", 2], ["W", 2], ["W", 2], ["W", 2], ["W", 2], ["W", 2], ["W", 2], ["W", 2], ["W", 2], ["W", 2], ["W", 2], ["W", 2], ["W", 2], ["W", 2], ["W", 2], ["W", 2], ["W", 2], ["W", 2], ["W", 2], ["W", 2], ["W", 2], ["W", 2], ["W", 2], ["W", 2], ["W", 2], ["W", 2], ["W", 2], ["R", 2], ["R", 2], ["R", 2], ["R", 2], ["R", 2], ["R", 2], ["R", 2], ["R", 2], ["R", 2], ["R", 2], ["R", 2], ["R", 2], ["R", 2], ["R", 2], ["R", 2], ["R", 2], ["R", 2], ["R", 2], ["R", 2], ["R", 2], ["R", 2], ["R", 2], ["R", 2], ["R", 2], ["R", 2], ["R", 2], ["R", 2], ["R", 2], ["R", 2], ["R", 2], ["R", 2], ["R", 2], ["R", 2], ["R", 2], ["R", 2], ["R", 2], ["R", 2], ["R", 2], ["R", 2], ["R", 2], ["R", 2], ["R", 2], ["R", 2], ["R", 2], ["R", 2], ["R", 2], ["R", 2], ["R", 2], ["R", 2], ["R", 2], ["R", 2], ["R", 2]]}]}, "GrayPolicyResource.delete": {"t": [{"id": 0, "a": [["R", 3], ["R", 2], ["R", 2], ["R", 2], ["R", 2], ["R", 2], ["R", 2], ["R", 2], ["R", 2], ["R", 2], ["R", 2], ["R", 2], ["R", 2], ["R", 2], ["R", 2], ["R", 2], ["R", 2], ["R", 2], ["R", 2], ["R", 2], ["R", 2], ["R", 2], ["R", 2], ["R", 2], ["R", 2], ["R", 2], ["R", 2], ["R", 2], ["R", 2], ["R", 2], ["R", 2], ["R", 2], ["R", 2], ["R", 2], ["R", 2], ["R", 2], ["R", 2], ["R", 2], ["R", 2], ["R", 2], ["R", 2], ["R", 2], ["R", 2], ["R", 2], ["R", 2], ["R", 2], ["R", 2], ["R", 2], ["R", 2], ["R", 2], ["R", 2], ["R", 2], ["R", 2], ["R", 2], ["R", 2], ["R", 2], ["R", 2], ["R", 2], ["R", 2], ["R", 2], ["R", 2], ["R", 2], ["R", 2], ["R", 2], ["R", 2], ["R", 2], ["R", 2], ["R", 2], ["R", 2], ["R", 2], ["R", 2], ["R", 2], ["R", 2], ["R", 2], ["R", 2], ["R", 2], ["R", 2], ["R", 2], ["R", 2], ["R", 2], ["R", 2], ["R", 2], ["R", 2], ["R", 2], ["R", 2], ["R", 2], ["R", 2], ["R", 2], ["R", 2], ["R", 2], ["R", 2], ["R", 2], ["R", 2], ["R", 2], ["R", 2], ["R", 2], ["R", 2], ["R", 2], ["R", 2], ["R", 2], ["R", 2], ["R", 2], ["R", 2], ["R", 2], ["R", 2], ["W", 5], ["R", 2], ["R", 2], ["R", 2], ["R", 2], ["R", 2], ["R", 2], ["R", 2], ["R", 2], ["R", 2], ["R", 2], ["R", 2], ["R", 2], ["R", 2], ["R", 2], ["R", 2], ["R", 2], ["R", 2], ["R", 2], ["R", 2], ["R", 2], ["R", 2], ["R", 2], ["R", 2], ["R", 2], ["R", 2], ["R", 2], ["R", 2], ["R", 2], ["R", 2], ["R", 2], ["R", 2], ["R", 2], ["R", 2], ["R", 2], ["R", 2], ["R", 2], ["R", 2], ["R", 2], ["R", 2], ["R", 2], ["R", 2], ["R", 2], ["R", 2], ["R", 2], ["R", 2], ["R", 2], ["R", 2], ["R", 2], ["R", 2], ["R", 2], ["R", 2], ["R", 2]]}]}, "GrayPolicyResource.listByInstanceId": {"t": [{"id": 0, "a": [["R", 7], ["R", 7]]}]}, "GrayPolicyResource.page": {"t": [{"id": 0, "a": [["R", 7], ["R", 7]]}]}, "GrayPolicyResource.save": {"t": [{"id": 0, "a": [["R", 3], ["R", 2], ["R", 2], ["R", 2], ["R", 2], ["R", 2], ["R", 2], ["R", 2], ["R", 2], ["R", 2], ["R", 2], ["R", 2], ["R", 2], ["R", 2], ["R", 2], ["R", 2], ["R", 2], ["R", 2], ["R", 2], ["R", 2], ["R", 2], ["R", 2], ["R", 2], ["R", 2], ["R", 2], ["R", 2], ["R", 2], ["R", 2], ["R", 2], ["R", 2], ["R", 2], ["R", 2], ["R", 2], ["R", 2], ["R", 2], ["R", 2], ["R", 2], ["R", 2], ["R", 2], ["R", 2], ["R", 2], ["R", 2], ["R", 2], ["R", 2], ["R", 2], ["R", 2], ["R", 2], ["R", 2], ["R", 2], ["R", 2], ["R", 2], ["R", 2], ["R", 2], ["W", 2], ["W", 2], ["W", 2], ["W", 2], ["W", 2], ["W", 2], ["W", 2], ["W", 2], ["W", 2], ["W", 2], ["W", 2], ["W", 2], ["W", 2], ["W", 2], ["W", 2], ["W", 2], ["W", 2], ["W", 2], ["W", 2], ["W", 2], ["W", 2], ["W", 2], ["W", 2], ["W", 2], ["W", 2], ["W", 2], ["W", 2], ["W", 2], ["R", 2], ["R", 2], ["R", 2], ["R", 2], ["R", 2], ["R", 2], ["R", 2], ["R", 2], ["R", 2], ["R", 2], ["R", 2], ["R", 2], ["R", 2], ["R", 2], ["R", 2], ["R", 2], ["R", 2], ["R", 2], ["R", 2], ["R", 2], ["R", 2], ["R", 2], ["R", 2], ["R", 2], ["R", 2], ["R", 2], ["R", 2], ["R", 2], ["R", 2], ["R", 2], ["R", 2], ["R", 2], ["R", 2], ["R", 2], ["R", 2], ["R", 2], ["R", 2], ["R", 2], ["R", 2], ["R", 2], ["R", 2], ["R", 2], ["R", 2], ["R", 2], ["R", 2], ["R", 2], ["R", 2], ["R", 2], ["R", 2], ["R", 2], ["R", 2], ["R", 2], ["R", 2], ["R", 2], ["R", 2], ["R", 2], ["R", 2], ["R", 2], ["R", 2], ["R", 2], ["R", 2], ["R", 2], ["R", 2], ["R", 2], ["R", 2], ["R", 2], ["R", 2], ["R", 2], ["R", 2], ["R", 2], ["R", 2], ["R", 2], ["R", 2], ["R", 2], ["R", 2], ["R", 2], ["R", 2], ["R", 2], ["R", 2], ["R", 2], ["R", 2], ["R", 2], ["R", 2], ["R", 2], ["R", 2], ["R", 2], ["R", 2], ["R", 2], ["R", 2], ["R", 2], ["R", 2], ["R", 2], ["R", 2], ["R", 2], ["R", 2], ["R", 2], ["R", 2], ["R", 2], ["R", 2], ["R", 2], ["R", 2], ["R", 2], ["R", 2], ["R", 2]]}]}, "GrayResource.allOpens": {"t": [{"id": 0, "a": [["R", 8], ["R", 7], ["R", 7], ["R", 5], ["R", 5]]}]}, "GrayResource.instance": {"t": [{"id": 0, "a": [["R", 2], ["R", 2], ["R", 2], ["R", 2], ["R", 2], ["R", 2], ["R", 2], ["R", 2], ["R", 2], ["R", 2], ["R", 2], ["R", 2], ["R", 2], ["R", 2], ["R", 2], ["R", 2], ["R", 2], ["R", 2], ["R", 2], ["R", 2], ["R", 2], ["R", 2], ["R", 2], ["R", 2], ["R", 2], ["R", 2], ["R", 2], ["R", 2], ["R", 2], ["R", 2], ["R", 2], ["R", 2], ["R", 2], ["R", 2], ["R", 2], ["R", 2], ["R", 2], ["R", 2], ["R", 2], ["R", 2], ["R", 2], ["R", 2], ["R", 2], ["R", 2], ["R", 2], ["R", 2], ["R", 2], ["R", 2], ["R", 2], ["R", 2], ["R", 2], ["R", 2], ["R", 7], ["R", 7], ["R", 5], ["R", 5]]}]}, "GrayResource.trackDefinitions": {"t": [{"id": 0, "a": [["R", 4], ["R", 4], ["R", 4], ["R", 4], ["R", 4], ["R", 4]]}]}, "GrayServiceResource.delete": {"t": [{"id": 0, "a": [["R", 3], ["R", 2], ["R", 2], ["R", 2], ["R", 2], ["R", 2], ["R", 2], ["R", 2], ["R", 2], ["R", 2], ["R", 2], ["R", 2], ["R", 2], ["R", 2], ["R", 2], ["R", 2], ["R", 2], ["R", 2], ["R", 2], ["R", 2], ["R", 2], ["R", 2], ["R", 2], ["R", 2], ["R", 2], ["R", 2], ["R", 2], ["R", 2], ["R", 2], ["R", 2], ["R", 2], ["R", 2], ["R", 2], ["R", 2], ["R", 2], ["R", 2], ["R", 2], ["R", 2], ["R", 2], ["R", 2], ["R", 2], ["R", 2], ["R", 2], ["R", 2], ["R", 2], ["R", 2], ["R", 2], ["R", 2], ["R", 2], ["R", 2], ["R", 2], ["R", 2], ["R", 2], ["R", 2], ["R", 2], ["R", 2], ["R", 2], ["R", 2], ["R", 2], ["R", 2], ["R", 2], ["R", 2], ["R", 2], ["R", 2], ["R", 2], ["R", 2], ["R", 2], ["R", 2], ["R", 2], ["R", 2], ["R", 2], ["R", 2], ["R", 2], ["R", 2], ["R", 2], ["R", 2], ["R", 2], ["R", 2], ["R", 2], ["R", 2], ["R", 2], ["R", 2], ["R", 2], ["R", 2], ["R", 2], ["R", 2], ["R", 2], ["R", 2], ["R", 2], ["R", 2], ["R", 2], ["R", 2], ["R", 2], ["R", 2], ["R", 2], ["R", 2], ["R", 2], ["R", 2], ["R", 2], ["R", 2], ["R", 2], ["R", 2], ["R", 2], ["R", 2], ["R", 2], ["R", 8], ["R", 8], ["R", 7], ["W", 5], ["W", 3]]}]}, "GrayServiceResource.list": {"t": [{"id": 0, "a": [["R", 3]]}]}, "GrayServiceResource.save": {"t": [{"id": 0, "a": [["R", 3], ["R", 2], ["R", 2], ["R", 2], ["R", 2], ["R", 2], ["R", 2], ["R", 2], ["R", 2], ["R", 2], ["R", 2], ["R", 2], ["R", 2], ["R", 2], ["R", 2], ["R", 2], ["R", 2], ["R", 2], ["R", 2], ["R", 2], ["R", 2], ["R", 2], ["R", 2], ["R", 2], ["R", 2], ["R", 2], ["R", 2], ["R", 2], ["R", 2], ["R", 2], ["R", 2], ["R", 2], ["R", 2], ["R", 2], ["R", 2], ["R", 2], ["R", 2], ["R", 2], ["R", 2], ["R", 2], ["R", 2], ["R", 2], ["R", 2], ["R", 2], ["R", 2], ["R", 2], ["R", 2], ["R", 2], ["R", 2], ["R", 2], ["R", 2], ["R", 2], ["R", 2], ["W", 2], ["W", 2], ["W", 2], ["W", 2], ["W", 2], ["W", 2], ["W", 2], ["W", 2], ["W", 2], ["W", 2], ["W", 2], ["W", 2], ["W", 2], ["W", 2], ["W", 2], ["W", 2], ["W", 2], ["W", 2], ["W", 2], ["W", 2], ["W", 2], ["W", 2], ["W", 2], ["W", 2], ["W", 2], ["W", 2], ["W", 2], ["W", 2], ["R", 2], ["R", 2], ["R", 2], ["R", 2], ["R", 2], ["R", 2], ["R", 2], ["R", 2], ["R", 2], ["R", 2], ["R", 2], ["R", 2], ["R", 2], ["R", 2], ["R", 2], ["R", 2], ["R", 2], ["R", 2], ["R", 2], ["R", 2], ["R", 2], ["R", 2], ["R", 2], ["R", 2], ["R", 2], ["R", 2], ["R", 2], ["R", 2], ["R", 2], ["R", 2], ["R", 2], ["R", 2], ["R", 2], ["R", 2], ["R", 2], ["R", 2], ["R", 2], ["R", 2], ["R", 2], ["R", 2], ["R", 2], ["R", 2], ["R", 2], ["R", 2], ["R", 2], ["R", 2], ["R", 2], ["R", 2], ["R", 2], ["R", 2], ["R", 2], ["R", 2], ["R", 2], ["R", 2], ["R", 2], ["R", 2], ["R", 2], ["R", 2], ["R", 2], ["R", 2], ["R", 2], ["R", 2], ["R", 2], ["R", 2], ["R", 2], ["R", 2], ["R", 2], ["R", 2], ["R", 2], ["R", 2], ["R", 2], ["R", 2], ["R", 2], ["R", 2], ["R", 2], ["R", 2], ["R", 2], ["R", 2], ["R", 2], ["R", 2], ["R", 2], ["R", 2], ["R", 2], ["R", 2], ["R", 2], ["R", 2], ["R", 2], ["R", 2], ["R", 2], ["R", 2], ["R", 2], ["R", 2], ["R", 2], ["R", 2], ["R", 2], ["R", 2], ["R", 2], ["R", 2], ["R", 2], ["R", 2], ["R", 2], ["R", 2], ["R", 2], ["R", 2], ["W", 2], ["W", 2], ["W", 2], ["W", 2], ["W", 2], ["W", 2], ["W", 2], ["W", 2], ["W", 2], ["W", 2], ["W", 2], ["W", 2], ["W", 2], ["W", 2], ["W", 2], ["W", 2], ["W", 2], ["W", 2], ["W", 2], ["W", 2], ["W", 2], ["W", 2], ["W", 2], ["W", 2], ["W", 2], ["W", 2], ["W", 2], ["W", 2], ["R", 2], ["R", 2], ["R", 2], ["R", 2], ["R", 2], ["R", 2], ["R", 2], ["R", 2], ["R", 2], ["R", 2], ["R", 2], ["R", 2], ["R", 2], ["R", 2], ["R", 2], ["R", 2], ["R", 2], ["R", 2], ["R", 2], ["R", 2], ["R", 2], ["R", 2], ["R", 2], ["R", 2], ["R", 2], ["R", 2], ["R", 2], ["R", 2], ["R", 2], ["R", 2], ["R", 2], ["R", 2], ["R", 2], ["R", 2], ["R", 2], ["R", 2], ["R", 2], ["R", 2], ["R", 2], ["R", 2], ["R", 2], ["R", 2], ["R", 2], ["R", 2], ["R", 2], ["R", 2], ["R", 2], ["R", 2], ["R", 2], ["R", 2], ["R", 2], ["R", 2], ["W", 2], ["W", 2], ["W", 2], ["W", 2], ["W", 2], ["W", 2], ["W", 2], ["W", 2], ["W", 2], ["W", 2], ["W", 2], ["W", 2], ["W", 2], ["W", 2], ["W", 2], ["W", 2], ["W", 2], ["W", 2], ["W", 2], ["W", 2], ["W", 2], ["W", 2], ["W", 2], ["W", 2], ["W", 2], ["W", 2], ["W", 2], ["W", 2], ["R", 2], ["R", 2], ["R", 2], ["R", 2], ["R", 2], ["R", 2], ["R", 2], ["R", 2], ["R", 2], ["R", 2], ["R", 2], ["R", 2], ["R", 2], ["R", 2], ["R", 2], ["R", 2], ["R", 2], ["R", 2], ["R", 2], ["R", 2], ["R", 2], ["R", 2], ["R", 2], ["R", 2], ["R", 2], ["R", 2], ["R", 2], ["R", 2], ["R", 2], ["R", 2], ["R", 2], ["R", 2], ["R", 2], ["R", 2], ["R", 2], ["R", 2], ["R", 2], ["R", 2], ["R", 2], ["R", 2], ["R", 2], ["R", 2], ["R", 2], ["R", 2], ["R", 2], ["R", 2], ["R", 2], ["R", 2], ["R", 2], ["R", 2], ["R", 2], ["R", 2]]}]}}