{"16": {"12": 2, "total_commits": 206, "34": 1, "18": 2, "172": 2, "20": 5, "23": 1, "31": 1, "35": 1, "167": 2, "32": 1, "30": 2, "37": 3, "13": 2, "28": 1, "15": 5, "19": 4, "21": 2, "17": 6, "33": 1, "22": 3, "11": 10, "27": 2, "24": 1, "25": 2, "10": 4, "14": 2, "51": 1, "53": 1, "54": 1, "46": 2, "40": 1, "44": 2, "281": 1, "41": 4, "38": 3, "52": 2, "48": 1, "43": 2, "39": 3, "49": 1, "42": 4, "50": 2, "45": 1, "72": 1, "98": 2, "104": 1, "97": 2, "99": 4, "106": 1, "73": 1, "105": 1, "107": 1, "100": 1, "108": 1, "86": 2, "103": 1, "102": 1, "101": 1, "71": 1, "128": 1, "135": 1, "130": 1, "123": 1, "124": 1, "132": 2, "113": 1, "126": 1, "139": 1, "117": 4, "121": 3, "120": 3, "122": 1, "131": 1, "136": 1, "118": 1, "119": 2, "127": 2, "129": 1, "137": 1, "125": 1, "134": 1, "133": 1, "138": 1, "160": 2, "162": 1, "164": 1, "163": 1, "161": 2, "165": 1, "166": 1, "171": 7, "55": 1, "80": 5, "81": 1, "179": 1, "178": 1, "176": 1, "177": 1, "174": 1, "175": 2, "181": 1, "180": 1, "194": 1, "206": 1, "200": 1, "197": 1, "205": 1, "198": 1, "210": 1, "201": 1, "211": 1, "207": 1, "202": 1, "203": 1, "196": 1, "236": 1, "237": 1, "235": 1, "249": 1, "248": 1}, "19": {"14": 1, "total_commits": 113, "30": 1, "34": 2, "37": 3, "20": 5, "13": 2, "31": 2, "28": 2, "15": 2, "21": 2, "32": 2, "17": 3, "33": 2, "16": 4, "25": 1, "12": 2, "22": 3, "18": 2, "172": 3, "11": 2, "23": 1, "27": 1, "24": 1, "35": 2, "10": 2, "167": 2, "281": 1, "45": 2, "48": 1, "43": 2, "46": 1, "39": 1, "41": 1, "38": 1, "52": 2, "42": 2, "49": 1, "51": 1, "53": 1, "54": 1, "40": 1, "44": 2, "50": 1, "69": 1, "83": 1, "71": 1, "58": 1, "72": 1, "68": 1, "62": 1, "63": 1, "55": 1, "77": 1, "82": 1, "66": 1, "76": 1, "8": 1, "56": 1, "61": 1, "81": 1, "64": 1, "74": 1, "75": 1, "57": 1, "78": 1, "79": 1, "73": 1, "80": 1, "59": 1, "65": 1, "7": 1, "60": 1, "70": 1, "5": 1, "67": 1, "190": 1, "170": 1, "192": 1, "191": 1}, "24": {"16": 1, "total_commits": 32, "28": 1, "15": 1, "19": 1, "21": 1, "17": 1, "33": 1, "22": 1, "11": 1, "27": 1, "25": 1, "10": 1, "14": 1, "12": 1, "30": 1, "34": 2, "18": 1, "172": 2, "20": 1, "23": 1, "31": 1, "35": 1, "167": 1, "32": 1, "37": 1, "13": 1, "90": 1, "89": 1, "91": 1, "96": 1}, "30": {"22": 1, "total_commits": 46, "18": 1, "172": 4, "11": 2, "23": 1, "27": 2, "24": 1, "25": 2, "10": 1, "167": 1, "14": 2, "12": 1, "34": 1, "20": 1, "31": 1, "35": 1, "21": 1, "32": 1, "33": 1, "37": 1, "13": 1, "16": 2, "28": 1, "15": 1, "19": 1, "17": 1, "160": 2, "162": 1, "164": 1, "163": 1, "117": 1, "98": 1, "161": 1, "165": 1, "120": 1, "173": 1, "51": 1}, "23": {"21": 1, "total_commits": 27, "32": 1, "33": 1, "37": 1, "16": 1, "15": 1, "19": 1, "17": 1, "12": 1, "22": 1, "18": 1, "172": 2, "11": 1, "27": 1, "24": 1, "25": 1, "10": 1, "167": 1, "14": 1, "30": 1, "34": 1, "20": 1, "13": 1, "31": 1, "35": 1, "28": 1}, "17": {"13": 2, "total_commits": 125, "31": 1, "28": 1, "15": 5, "21": 2, "33": 1, "22": 4, "16": 6, "27": 1, "24": 1, "19": 3, "25": 1, "12": 1, "18": 2, "172": 2, "11": 5, "23": 1, "35": 1, "10": 3, "167": 2, "14": 1, "32": 1, "30": 1, "34": 1, "37": 2, "20": 4, "43": 2, "46": 2, "39": 1, "41": 2, "38": 2, "42": 1, "50": 2, "49": 1, "51": 1, "53": 1, "54": 1, "40": 1, "44": 2, "281": 1, "45": 1, "52": 2, "48": 1, "116": 3, "109": 1, "113": 2, "112": 1, "111": 1, "110": 1, "86": 1, "119": 1, "127": 1, "117": 2, "121": 2, "99": 2, "129": 1, "137": 1, "120": 1, "131": 1, "133": 1, "118": 1, "138": 1, "135": 1, "130": 1, "123": 1, "124": 1, "125": 1, "134": 1, "126": 1, "139": 1, "128": 1, "122": 1, "132": 2, "136": 1, "166": 1, "177": 1, "171": 1, "179": 1, "178": 1, "175": 1, "176": 1, "174": 1}, "28": {"13": 1, "total_commits": 33, "15": 1, "19": 2, "21": 1, "17": 1, "33": 1, "22": 1, "11": 1, "16": 1, "27": 1, "24": 1, "25": 1, "10": 1, "14": 1, "12": 1, "34": 1, "18": 1, "172": 3, "20": 1, "23": 1, "31": 1, "35": 1, "167": 1, "32": 1, "30": 1, "37": 1, "192": 1, "191": 1, "190": 1, "170": 1}, "31": {"20": 2, "total_commits": 74, "13": 1, "28": 1, "15": 1, "21": 1, "17": 1, "33": 2, "22": 2, "16": 1, "27": 1, "24": 1, "19": 2, "25": 1, "12": 2, "18": 1, "172": 2, "11": 1, "23": 1, "35": 2, "10": 1, "167": 2, "14": 1, "32": 2, "30": 1, "34": 2, "37": 2, "73": 1, "63": 1, "55": 1, "59": 1, "77": 1, "82": 1, "66": 1, "65": 1, "76": 1, "8": 1, "56": 1, "61": 1, "81": 1, "64": 1, "74": 1, "75": 1, "57": 1, "78": 1, "79": 1, "42": 1, "80": 1, "7": 1, "43": 1, "60": 1, "70": 1, "5": 1, "67": 1, "45": 1, "52": 1, "69": 1, "83": 1, "71": 1, "58": 1, "72": 1, "68": 1, "44": 1, "62": 1}, "37": {"13": 2, "total_commits": 192, "16": 3, "28": 1, "15": 2, "19": 3, "21": 2, "17": 2, "33": 2, "22": 4, "11": 3, "23": 1, "27": 1, "24": 1, "172": 2, "25": 1, "10": 2, "14": 1, "12": 2, "30": 1, "34": 3, "18": 2, "20": 3, "31": 2, "35": 3, "167": 2, "32": 3, "42": 3, "43": 4, "49": 1, "50": 1, "281": 1, "45": 2, "48": 1, "51": 1, "53": 1, "54": 1, "46": 1, "40": 1, "44": 3, "39": 3, "41": 2, "38": 2, "52": 2, "60": 1, "75": 2, "57": 1, "70": 2, "78": 2, "79": 2, "67": 2, "80": 1, "58": 1, "5": 2, "55": 1, "56": 2, "69": 2, "83": 1, "71": 5, "72": 5, "68": 2, "62": 2, "73": 5, "63": 2, "59": 1, "77": 3, "82": 1, "66": 1, "65": 2, "76": 2, "7": 2, "8": 2, "61": 1, "81": 1, "64": 2, "74": 2, "93": 1, "86": 2, "95": 1, "94": 1, "89": 1, "84": 1, "91": 1, "85": 1, "90": 1, "88": 1, "92": 1, "87": 1, "105": 1, "107": 1, "100": 1, "108": 1, "103": 1, "102": 1, "101": 1, "104": 1, "99": 1, "98": 1, "97": 1, "106": 1, "220": 2, "277": 3, "217": 1, "219": 1, "144": 1, "142": 1, "143": 2, "147": 1, "278": 1, "273": 1, "259": 1, "241": 1, "239": 1, "279": 1, "276": 1, "275": 1}, "21": {"33": 1, "total_commits": 55, "16": 2, "19": 2, "25": 1, "12": 1, "22": 2, "18": 2, "172": 2, "11": 2, "23": 1, "27": 1, "24": 1, "35": 1, "10": 2, "167": 1, "14": 1, "30": 1, "34": 1, "37": 2, "20": 2, "13": 2, "31": 1, "28": 1, "15": 2, "32": 1, "17": 2, "38": 1, "52": 1, "42": 1, "49": 1, "51": 1, "53": 1, "54": 1, "40": 1, "44": 1, "50": 1, "281": 1, "45": 1, "48": 1, "43": 1, "46": 1, "39": 1, "41": 1}, "25": {"30": 2, "total_commits": 40, "34": 1, "20": 1, "31": 1, "35": 1, "21": 1, "32": 1, "33": 1, "37": 1, "13": 1, "16": 2, "28": 1, "15": 1, "19": 1, "17": 1, "22": 1, "18": 1, "172": 2, "11": 1, "23": 1, "27": 2, "24": 1, "10": 1, "167": 1, "14": 2, "12": 1, "162": 1, "164": 1, "163": 1, "117": 1, "98": 1, "161": 1, "165": 1, "120": 1, "160": 1}, "15": {"18": 2, "total_commits": 91, "172": 2, "11": 5, "23": 1, "35": 1, "10": 3, "167": 2, "14": 1, "32": 1, "30": 1, "34": 2, "37": 2, "20": 2, "13": 2, "31": 1, "28": 1, "21": 2, "17": 5, "33": 1, "22": 4, "16": 5, "27": 1, "24": 1, "19": 2, "25": 1, "12": 1, "9": 1, "53": 1, "54": 1, "40": 1, "44": 1, "281": 1, "45": 1, "52": 1, "48": 1, "43": 1, "46": 1, "39": 1, "41": 2, "38": 1, "42": 1, "50": 1, "49": 1, "51": 1, "116": 3, "112": 1, "111": 1, "110": 1, "109": 1, "113": 1, "121": 1, "99": 1, "117": 1, "166": 1, "176": 1, "174": 1, "177": 1, "171": 1, "179": 1, "178": 1, "132": 1, "175": 1}, "22": {"32": 3, "total_commits": 187, "17": 4, "33": 2, "16": 3, "19": 3, "12": 2, "18": 2, "172": 2, "11": 3, "23": 1, "27": 1, "24": 1, "25": 1, "10": 2, "167": 2, "14": 1, "30": 1, "34": 4, "37": 4, "20": 3, "13": 2, "31": 2, "35": 2, "28": 1, "15": 4, "21": 2, "9": 1, "41": 1, "38": 2, "52": 3, "42": 2, "49": 1, "51": 1, "53": 1, "54": 1, "44": 4, "50": 2, "281": 1, "45": 2, "48": 1, "43": 4, "46": 2, "40": 1, "39": 1, "77": 2, "82": 1, "66": 1, "76": 2, "8": 2, "56": 2, "61": 1, "81": 1, "64": 2, "74": 2, "75": 1, "57": 1, "78": 2, "79": 2, "73": 2, "80": 1, "59": 1, "65": 2, "7": 2, "60": 1, "70": 2, "67": 2, "69": 2, "83": 1, "71": 2, "58": 1, "72": 2, "68": 2, "62": 2, "5": 2, "63": 2, "55": 1, "91": 1, "87": 1, "88": 1, "95": 1, "92": 1, "93": 1, "86": 2, "94": 1, "89": 1, "85": 1, "90": 1, "84": 1, "112": 1, "111": 1, "110": 1, "116": 3, "109": 1, "113": 2, "128": 1, "122": 1, "132": 1, "136": 1, "126": 1, "119": 1, "127": 1, "117": 1, "121": 1, "99": 1, "129": 1, "120": 1, "131": 1, "118": 1, "138": 1, "135": 1, "130": 1, "137": 1, "123": 1, "124": 1, "125": 1, "134": 1, "133": 1, "139": 1}, "10": {"34": 1, "total_commits": 77, "18": 2, "172": 4, "20": 2, "31": 1, "35": 1, "167": 1, "32": 1, "37": 2, "13": 2, "16": 4, "28": 1, "15": 3, "19": 2, "21": 2, "17": 3, "33": 1, "22": 2, "11": 4, "23": 1, "27": 1, "24": 1, "25": 1, "14": 1, "12": 1, "30": 1, "53": 1, "54": 1, "46": 1, "40": 1, "44": 1, "39": 2, "41": 3, "38": 1, "52": 1, "48": 1, "42": 1, "43": 1, "49": 1, "50": 1, "281": 1, "45": 1, "51": 1, "171": 2, "132": 2, "176": 1, "177": 1, "174": 1, "175": 1, "179": 1, "178": 1, "255": 1}, "34": {"21": 1, "total_commits": 134, "17": 1, "22": 4, "18": 1, "172": 2, "11": 1, "23": 1, "27": 1, "24": 2, "25": 1, "10": 1, "167": 2, "14": 1, "12": 2, "30": 1, "20": 2, "31": 2, "35": 3, "32": 3, "33": 2, "37": 3, "13": 1, "16": 1, "28": 1, "15": 2, "19": 2, "9": 1, "59": 1, "77": 2, "66": 1, "65": 2, "76": 2, "7": 2, "43": 2, "61": 1, "81": 1, "64": 2, "74": 2, "60": 1, "75": 1, "57": 1, "70": 2, "78": 2, "79": 2, "67": 2, "80": 1, "45": 1, "58": 1, "5": 2, "55": 1, "52": 1, "82": 1, "8": 2, "56": 2, "69": 2, "83": 1, "71": 2, "72": 2, "68": 2, "44": 2, "62": 2, "73": 2, "42": 1, "63": 2, "92": 1, "87": 1, "93": 1, "86": 1, "95": 1, "94": 1, "89": 2, "84": 1, "91": 2, "85": 1, "90": 2, "88": 1, "96": 1, "247": 2, "242": 1, "277": 1, "217": 1, "239": 1, "97": 1, "133": 1, "245": 1, "241": 1, "243": 1, "244": 1, "240": 1, "238": 1}, "14": {"16": 2, "total_commits": 40, "28": 1, "15": 1, "19": 1, "21": 1, "17": 1, "33": 1, "22": 1, "11": 1, "27": 2, "24": 1, "25": 2, "10": 1, "12": 1, "30": 2, "34": 1, "18": 1, "172": 2, "20": 1, "23": 1, "31": 1, "35": 1, "167": 1, "32": 1, "37": 1, "13": 1, "160": 1, "117": 1, "98": 1, "162": 1, "164": 1, "163": 1, "120": 1, "161": 1, "165": 1}, "172": {"31": 2, "total_commits": 122, "28": 3, "15": 2, "34": 2, "20": 2, "21": 2, "32": 2, "35": 2, "17": 2, "33": 2, "16": 2, "19": 3, "37": 2, "25": 2, "13": 2, "12": 2, "22": 2, "18": 2, "11": 5, "23": 2, "27": 3, "24": 2, "172": 6, "10": 4, "167": 2, "14": 2, "30": 4, "132": 2, "51": 2, "173": 2, "160": 2, "190": 1, "170": 1, "192": 1, "191": 1, "200": 1, "201": 1, "208": 3, "205": 1, "204": 1, "209": 1, "117": 1, "196": 2, "207": 1, "206": 1, "155": 1, "202": 1, "197": 1, "203": 1, "199": 1, "198": 1, "215": 1, "216": 3, "214": 1, "222": 1, "234": 2, "226": 1, "112": 1, "225": 1, "128": 1, "223": 1, "110": 1, "233": 1, "228": 1, "230": 1, "72": 1, "111": 1, "229": 1, "224": 1, "231": 1, "232": 1}, "35": {"10": 1, "total_commits": 103, "14": 1, "12": 2, "34": 3, "18": 1, "172": 2, "23": 1, "31": 2, "167": 2, "32": 2, "30": 1, "37": 3, "20": 2, "13": 1, "28": 1, "15": 1, "21": 1, "17": 1, "33": 2, "22": 2, "11": 1, "16": 1, "27": 1, "24": 1, "19": 2, "25": 1, "80": 1, "45": 1, "7": 1, "43": 2, "60": 1, "70": 1, "5": 1, "67": 1, "52": 1, "69": 1, "83": 1, "71": 2, "58": 1, "72": 2, "68": 1, "44": 1, "62": 1, "73": 2, "63": 1, "55": 1, "59": 1, "77": 2, "82": 1, "66": 1, "65": 1, "76": 1, "8": 1, "56": 1, "61": 1, "81": 1, "64": 1, "74": 1, "75": 2, "57": 1, "78": 1, "79": 1, "42": 1, "143": 1, "220": 1, "277": 2, "217": 2, "142": 1, "219": 1, "144": 1, "242": 1, "247": 2, "97": 1, "133": 1, "245": 1, "239": 1, "243": 1, "238": 1, "241": 1, "244": 1, "240": 1}, "20": {"12": 2, "total_commits": 128, "22": 3, "18": 2, "172": 2, "11": 2, "23": 1, "27": 1, "24": 1, "25": 1, "10": 2, "167": 2, "14": 1, "30": 1, "34": 2, "13": 2, "31": 2, "35": 2, "28": 1, "15": 2, "21": 2, "32": 2, "17": 4, "33": 2, "37": 3, "16": 5, "19": 5, "51": 1, "53": 1, "54": 1, "44": 2, "50": 1, "281": 1, "45": 2, "48": 1, "43": 2, "46": 1, "40": 1, "39": 1, "41": 2, "38": 1, "52": 2, "42": 2, "49": 2, "71": 1, "58": 1, "72": 1, "68": 1, "62": 1, "5": 1, "55": 2, "77": 1, "82": 1, "66": 1, "76": 1, "8": 1, "56": 1, "83": 1, "81": 3, "64": 1, "75": 1, "57": 1, "78": 1, "79": 1, "73": 1, "63": 1, "80": 2, "59": 1, "65": 1, "7": 1, "61": 1, "74": 1, "60": 1, "70": 1, "67": 1, "69": 1, "97": 1, "171": 1, "110": 1, "111": 1, "193": 1, "109": 1, "112": 1, "254": 1, "128": 1, "236": 1, "237": 1, "235": 1, "253": 1}, "12": {"16": 2, "total_commits": 84, "28": 1, "15": 1, "19": 2, "21": 1, "17": 1, "33": 2, "22": 2, "11": 1, "27": 1, "24": 1, "25": 1, "10": 1, "14": 1, "30": 1, "34": 2, "18": 1, "172": 2, "20": 2, "23": 1, "31": 2, "35": 2, "167": 2, "32": 2, "37": 2, "13": 1, "56": 1, "69": 1, "83": 1, "71": 1, "58": 1, "72": 1, "68": 1, "44": 1, "62": 1, "73": 1, "42": 2, "63": 1, "59": 1, "77": 1, "82": 1, "66": 1, "65": 1, "76": 1, "8": 1, "61": 1, "81": 1, "64": 1, "74": 1, "60": 1, "75": 1, "57": 1, "70": 1, "78": 1, "79": 1, "67": 1, "80": 2, "45": 1, "7": 1, "43": 1, "5": 1, "55": 1, "52": 1, "249": 1, "248": 1, "127": 1, "119": 1, "99": 1, "120": 1, "171": 1}, "11": {"12": 1, "total_commits": 175, "22": 3, "18": 2, "172": 5, "23": 1, "27": 1, "24": 1, "25": 1, "10": 4, "167": 2, "14": 1, "30": 2, "34": 1, "37": 3, "20": 2, "13": 2, "31": 1, "35": 1, "28": 1, "15": 5, "21": 2, "32": 1, "17": 5, "33": 1, "16": 10, "19": 2, "49": 1, "51": 2, "53": 1, "54": 1, "44": 2, "50": 2, "281": 2, "45": 1, "48": 1, "43": 2, "46": 2, "40": 1, "39": 4, "41": 6, "38": 3, "52": 2, "42": 2, "71": 1, "72": 1, "103": 1, "101": 1, "104": 1, "97": 1, "99": 3, "106": 1, "105": 1, "98": 1, "107": 1, "73": 1, "100": 1, "108": 1, "102": 1, "86": 2, "113": 1, "133": 1, "139": 1, "128": 1, "122": 1, "132": 2, "136": 1, "126": 1, "119": 1, "127": 1, "117": 3, "121": 2, "129": 2, "120": 1, "131": 1, "118": 1, "138": 1, "135": 1, "130": 1, "137": 1, "123": 1, "124": 1, "125": 1, "134": 1, "92": 1, "147": 1, "159": 1, "56": 1, "145": 1, "146": 1, "166": 1, "171": 4, "162": 1, "163": 1, "173": 1, "160": 1, "178": 1, "175": 2, "179": 1, "176": 1, "177": 1, "174": 1, "180": 1, "181": 1, "208": 1, "216": 1, "222": 1, "235": 1, "80": 1, "236": 1, "237": 1}, "33": {"21": 1, "total_commits": 74, "32": 2, "37": 2, "13": 1, "16": 1, "28": 1, "15": 1, "19": 2, "17": 1, "22": 2, "18": 1, "172": 2, "11": 1, "23": 1, "27": 1, "24": 1, "25": 1, "10": 1, "167": 2, "14": 1, "12": 2, "30": 1, "34": 2, "20": 2, "31": 2, "35": 2, "58": 1, "72": 1, "44": 1, "5": 1, "55": 1, "77": 1, "52": 1, "82": 1, "66": 1, "8": 1, "56": 1, "69": 1, "83": 1, "71": 1, "68": 1, "62": 1, "73": 1, "42": 1, "63": 1, "80": 1, "59": 1, "65": 1, "76": 1, "7": 1, "43": 1, "61": 1, "81": 1, "64": 1, "74": 1, "60": 1, "75": 1, "57": 1, "70": 1, "78": 1, "79": 1, "67": 1, "45": 1}, "167": {"22": 2, "total_commits": 143, "18": 1, "172": 2, "11": 2, "23": 1, "27": 1, "24": 1, "25": 1, "10": 1, "14": 1, "12": 2, "30": 1, "34": 2, "20": 2, "31": 2, "35": 2, "21": 1, "32": 2, "33": 2, "37": 2, "13": 1, "16": 2, "28": 1, "15": 2, "19": 2, "17": 2, "8": 2, "56": 3, "69": 1, "83": 1, "71": 1, "68": 4, "62": 1, "73": 1, "42": 1, "63": 1, "59": 1, "77": 5, "65": 1, "76": 1, "7": 1, "43": 3, "61": 1, "81": 1, "64": 3, "74": 1, "60": 1, "75": 1, "57": 1, "70": 4, "78": 1, "79": 1, "67": 1, "80": 1, "45": 1, "58": 1, "72": 1, "44": 1, "5": 1, "55": 2, "52": 1, "82": 1, "66": 1, "151": 2, "92": 2, "149": 2, "100": 2, "154": 3, "150": 2, "147": 2, "152": 2, "148": 3, "167": 2, "145": 4, "146": 2, "89": 4, "155": 1, "85": 1, "90": 2, "123": 1, "156": 1, "157": 1, "158": 1, "120": 1, "99": 1, "117": 1, "166": 1, "121": 1, "169": 1, "168": 1}, "18": {"17": 2, "total_commits": 55, "12": 1, "22": 2, "172": 2, "11": 2, "23": 1, "27": 1, "24": 1, "25": 1, "10": 2, "167": 1, "14": 1, "30": 1, "34": 1, "20": 2, "13": 2, "31": 1, "35": 1, "28": 1, "21": 2, "32": 1, "33": 1, "37": 2, "16": 2, "15": 2, "19": 2, "49": 1, "51": 1, "53": 1, "44": 1, "50": 1, "281": 1, "45": 1, "48": 1, "43": 1, "54": 1, "46": 1, "40": 1, "39": 1, "41": 1, "38": 1, "52": 1, "42": 1}, "27": {"22": 1, "total_commits": 57, "18": 1, "172": 3, "11": 1, "23": 1, "24": 1, "25": 2, "10": 1, "167": 1, "14": 2, "12": 1, "30": 2, "34": 1, "20": 1, "31": 1, "35": 1, "21": 1, "32": 1, "33": 1, "37": 1, "13": 1, "16": 2, "28": 1, "15": 1, "19": 1, "17": 1, "120": 1, "160": 1, "162": 1, "164": 1, "163": 1, "117": 2, "98": 1, "161": 1, "165": 1, "206": 1, "155": 1, "197": 1, "202": 1, "203": 1, "204": 1, "199": 1, "198": 1, "200": 1, "208": 1, "201": 1, "205": 1, "209": 1, "207": 1, "196": 1}, "13": {"16": 2, "total_commits": 55, "28": 1, "15": 2, "19": 2, "21": 2, "17": 2, "33": 1, "22": 2, "11": 2, "23": 1, "27": 1, "24": 1, "25": 1, "10": 2, "14": 1, "12": 1, "30": 1, "34": 1, "18": 2, "172": 2, "20": 2, "31": 1, "35": 1, "167": 1, "32": 1, "37": 2, "48": 1, "42": 1, "43": 1, "49": 1, "50": 1, "45": 1, "51": 1, "53": 1, "54": 1, "46": 1, "40": 1, "44": 1, "39": 1, "281": 1, "41": 1, "38": 1, "52": 1}, "32": {"37": 3, "total_commits": 111, "13": 1, "16": 1, "28": 1, "15": 1, "19": 2, "21": 1, "17": 1, "33": 2, "22": 3, "11": 1, "23": 1, "27": 1, "24": 1, "172": 2, "25": 1, "10": 1, "14": 1, "12": 2, "30": 1, "34": 3, "18": 1, "20": 2, "31": 2, "35": 2, "167": 2, "43": 2, "58": 1, "5": 2, "55": 1, "52": 1, "56": 2, "69": 2, "83": 1, "71": 2, "72": 2, "68": 2, "44": 2, "62": 2, "73": 2, "42": 1, "63": 2, "59": 1, "77": 2, "82": 1, "66": 1, "65": 2, "76": 2, "7": 2, "8": 2, "61": 1, "81": 1, "64": 2, "74": 2, "60": 1, "75": 1, "57": 1, "70": 2, "78": 2, "79": 2, "67": 2, "80": 1, "45": 1, "84": 1, "91": 1, "85": 1, "90": 1, "88": 1, "92": 1, "87": 1, "93": 1, "86": 1, "95": 1, "94": 1, "89": 1}, "9": {"34": 1, "total_commits": 3, "22": 1, "15": 1}, "281": {"44": 1, "total_commits": 40, "10": 1, "50": 1, "45": 1, "37": 1, "48": 1, "20": 1, "13": 1, "43": 1, "46": 1, "40": 1, "15": 1, "39": 1, "21": 1, "17": 1, "41": 2, "38": 1, "52": 1, "42": 1, "16": 1, "19": 1, "49": 1, "51": 1, "22": 1, "18": 1, "11": 2, "53": 1, "54": 1, "145": 1, "146": 1, "92": 1, "129": 1, "147": 2, "159": 1, "56": 1, "280": 1, "62": 1}, "45": {"19": 2, "total_commits": 75, "50": 1, "49": 1, "51": 1, "18": 1, "53": 1, "54": 1, "46": 1, "40": 1, "44": 2, "10": 1, "281": 1, "41": 1, "52": 2, "37": 2, "48": 1, "20": 2, "13": 1, "43": 2, "15": 1, "39": 1, "21": 1, "17": 1, "38": 1, "22": 2, "42": 2, "11": 1, "16": 1, "83": 1, "71": 1, "58": 1, "72": 1, "68": 1, "35": 1, "62": 1, "34": 1, "73": 1, "63": 1, "55": 1, "59": 1, "77": 1, "82": 1, "66": 1, "65": 1, "76": 1, "8": 1, "56": 1, "31": 1, "61": 1, "167": 1, "81": 1, "64": 1, "74": 1, "75": 1, "57": 1, "78": 1, "33": 1, "79": 1, "80": 1, "32": 1, "7": 1, "60": 1, "70": 1, "12": 1, "5": 1, "67": 1, "69": 1}, "54": {"53": 1, "total_commits": 32, "46": 1, "40": 1, "44": 1, "39": 1, "281": 1, "41": 1, "38": 1, "52": 2, "37": 1, "48": 1, "13": 1, "43": 1, "15": 1, "19": 1, "21": 1, "49": 1, "17": 1, "22": 1, "42": 1, "11": 1, "16": 1, "10": 1, "50": 1, "45": 1, "51": 2, "18": 1, "20": 1, "139": 1, "146": 1}, "44": {"38": 2, "total_commits": 147, "52": 3, "42": 2, "16": 2, "19": 2, "49": 1, "51": 1, "22": 4, "18": 1, "11": 2, "53": 1, "54": 1, "40": 1, "10": 1, "50": 2, "281": 1, "45": 2, "37": 3, "48": 1, "20": 2, "13": 1, "43": 4, "46": 2, "15": 1, "39": 1, "21": 1, "17": 2, "41": 1, "60": 1, "70": 2, "12": 1, "5": 2, "67": 2, "32": 2, "69": 2, "83": 1, "71": 2, "58": 1, "72": 2, "68": 2, "35": 1, "62": 2, "34": 2, "63": 2, "55": 1, "77": 2, "82": 1, "66": 1, "76": 2, "8": 2, "56": 2, "61": 1, "167": 1, "81": 1, "64": 2, "74": 2, "75": 1, "57": 1, "78": 2, "33": 1, "79": 2, "73": 2, "80": 1, "59": 1, "65": 2, "7": 2, "31": 1, "93": 1, "86": 2, "94": 1, "85": 1, "90": 1, "84": 1, "91": 1, "87": 1, "88": 1, "95": 1, "92": 1, "89": 1, "133": 1, "118": 1, "138": 1, "135": 1, "130": 1, "137": 1, "123": 1, "124": 1, "125": 1, "134": 1, "113": 1, "139": 1, "128": 1, "122": 1, "132": 1, "136": 1, "126": 1, "119": 1, "127": 1, "117": 1, "121": 1, "99": 1, "129": 1, "120": 1, "131": 1}, "41": {"53": 1, "total_commits": 84, "54": 1, "46": 1, "40": 1, "44": 1, "281": 2, "38": 2, "52": 1, "37": 2, "48": 1, "13": 1, "43": 1, "15": 2, "19": 1, "39": 4, "21": 1, "49": 1, "17": 2, "22": 1, "42": 2, "11": 6, "16": 4, "10": 3, "50": 1, "45": 1, "51": 1, "18": 1, "20": 2, "72": 1, "98": 1, "104": 1, "97": 1, "99": 1, "106": 1, "73": 1, "105": 1, "107": 1, "100": 1, "108": 1, "86": 1, "103": 1, "102": 1, "101": 1, "71": 1, "92": 1, "147": 1, "159": 1, "129": 1, "56": 1, "145": 1, "146": 1, "171": 3, "162": 1, "163": 1, "117": 1, "174": 1, "132": 1, "175": 1, "179": 1, "178": 1, "176": 1, "177": 1}, "49": {"37": 1, "total_commits": 53, "48": 1, "13": 1, "43": 1, "16": 1, "15": 1, "19": 1, "21": 1, "17": 1, "22": 1, "42": 1, "11": 1, "10": 1, "50": 1, "45": 1, "51": 1, "18": 1, "20": 2, "53": 1, "54": 1, "46": 1, "40": 1, "44": 1, "39": 1, "281": 1, "41": 1, "38": 1, "52": 1, "184": 1, "187": 2, "188": 2, "97": 1, "189": 1, "186": 1, "183": 1, "185": 1, "112": 3, "110": 2, "81": 1, "193": 1, "109": 1, "111": 1, "195": 2, "221": 1, "147": 1, "220": 1}, "40": {"21": 1, "total_commits": 28, "49": 1, "17": 1, "51": 1, "22": 1, "18": 1, "11": 1, "10": 1, "50": 1, "281": 1, "45": 1, "20": 1, "43": 1, "53": 1, "54": 1, "46": 1, "44": 1, "39": 1, "41": 1, "38": 1, "52": 1, "37": 1, "48": 1, "42": 1, "13": 1, "16": 1, "15": 1, "19": 1}, "50": {"281": 1, "total_commits": 63, "45": 1, "52": 2, "37": 1, "48": 1, "20": 1, "13": 1, "43": 2, "46": 2, "15": 1, "39": 1, "21": 1, "17": 2, "41": 1, "38": 2, "22": 2, "42": 1, "16": 2, "19": 1, "49": 1, "51": 1, "18": 1, "11": 2, "53": 1, "54": 1, "40": 1, "44": 2, "10": 1, "135": 1, "130": 1, "123": 1, "124": 1, "125": 1, "134": 1, "113": 1, "126": 1, "139": 1, "128": 1, "122": 1, "132": 1, "136": 1, "86": 1, "119": 1, "127": 1, "117": 1, "121": 1, "99": 1, "129": 1, "137": 1, "120": 1, "131": 1, "133": 1, "118": 1, "138": 1}, "48": {"10": 1, "total_commits": 28, "50": 1, "281": 1, "45": 1, "37": 1, "20": 1, "13": 1, "43": 1, "46": 1, "40": 1, "15": 1, "39": 1, "21": 1, "17": 1, "41": 1, "38": 1, "52": 1, "42": 1, "16": 1, "19": 1, "49": 1, "51": 1, "22": 1, "18": 1, "11": 1, "53": 1, "54": 1, "44": 1}, "53": {"52": 1, "total_commits": 28, "37": 1, "48": 1, "20": 1, "13": 1, "43": 1, "46": 1, "15": 1, "39": 1, "21": 1, "17": 1, "38": 1, "22": 1, "42": 1, "16": 1, "19": 1, "50": 1, "49": 1, "45": 1, "51": 1, "18": 1, "11": 1, "54": 1, "40": 1, "44": 1, "10": 1, "281": 1, "41": 1}, "51": {"37": 1, "total_commits": 38, "48": 1, "20": 1, "13": 1, "43": 1, "15": 1, "39": 1, "21": 1, "17": 1, "38": 1, "22": 1, "42": 1, "16": 1, "19": 1, "50": 1, "49": 1, "45": 1, "18": 1, "11": 2, "53": 1, "54": 2, "46": 1, "40": 1, "44": 1, "10": 1, "281": 1, "41": 1, "52": 2, "30": 1, "172": 2, "173": 1, "160": 1, "139": 1, "146": 1}, "52": {"37": 2, "total_commits": 119, "48": 1, "20": 2, "13": 1, "43": 3, "46": 2, "15": 1, "39": 1, "21": 1, "17": 2, "41": 1, "38": 2, "22": 3, "42": 2, "16": 2, "19": 2, "50": 2, "49": 1, "51": 2, "18": 1, "11": 2, "53": 1, "54": 2, "40": 1, "44": 3, "10": 1, "281": 1, "45": 2, "31": 1, "60": 1, "70": 1, "12": 1, "5": 1, "67": 1, "69": 1, "83": 1, "71": 1, "58": 1, "72": 1, "68": 1, "35": 1, "62": 1, "34": 1, "73": 1, "63": 1, "55": 1, "59": 1, "77": 1, "82": 1, "66": 1, "65": 1, "76": 1, "8": 1, "56": 1, "61": 1, "167": 1, "81": 1, "64": 1, "74": 1, "75": 1, "57": 1, "78": 1, "33": 1, "79": 1, "80": 1, "32": 1, "7": 1, "120": 1, "131": 1, "133": 1, "118": 1, "138": 1, "128": 1, "135": 1, "130": 1, "123": 1, "124": 1, "125": 1, "134": 1, "113": 1, "126": 1, "139": 2, "122": 1, "132": 1, "136": 1, "86": 1, "119": 1, "127": 1, "117": 1, "121": 1, "99": 1, "129": 1, "137": 1, "146": 1, "287": 1, "286": 1, "279": 1, "283": 1, "288": 1}, "39": {"21": 1, "total_commits": 78, "41": 4, "38": 2, "52": 1, "37": 3, "42": 2, "13": 1, "16": 3, "15": 1, "19": 1, "49": 1, "17": 1, "51": 1, "22": 1, "18": 1, "11": 4, "44": 1, "10": 2, "50": 1, "281": 1, "45": 1, "48": 1, "20": 1, "43": 1, "53": 1, "54": 1, "46": 1, "40": 1, "73": 2, "105": 1, "107": 1, "100": 1, "108": 1, "86": 1, "72": 2, "103": 1, "102": 1, "101": 1, "104": 1, "97": 1, "99": 1, "106": 1, "71": 2, "98": 1, "171": 2, "117": 1, "162": 1, "163": 1, "278": 1, "273": 1, "241": 1, "277": 2, "143": 1, "279": 1, "276": 1, "275": 1, "259": 1, "220": 1, "239": 1, "147": 1}, "42": {"51": 1, "total_commits": 108, "18": 1, "11": 2, "53": 1, "54": 1, "46": 1, "40": 1, "44": 2, "10": 1, "281": 1, "41": 2, "52": 2, "37": 3, "48": 1, "20": 2, "13": 1, "43": 2, "15": 1, "39": 2, "21": 1, "17": 1, "38": 2, "22": 2, "16": 4, "19": 2, "50": 1, "49": 1, "45": 2, "58": 1, "72": 2, "68": 1, "35": 1, "62": 1, "34": 1, "73": 2, "63": 1, "55": 1, "59": 1, "77": 1, "82": 1, "66": 1, "65": 1, "76": 1, "8": 1, "56": 1, "31": 1, "61": 1, "167": 1, "81": 1, "64": 1, "74": 1, "75": 1, "57": 1, "78": 1, "33": 1, "79": 1, "80": 2, "32": 1, "7": 1, "60": 1, "70": 1, "12": 2, "5": 1, "67": 1, "69": 1, "83": 1, "71": 2, "98": 1, "104": 1, "97": 1, "99": 2, "106": 1, "105": 1, "107": 1, "108": 1, "86": 1, "100": 1, "103": 1, "102": 1, "101": 1, "249": 1, "248": 1, "119": 1, "127": 1, "120": 1, "171": 1}, "43": {"46": 2, "total_commits": 178, "15": 1, "39": 1, "21": 1, "17": 2, "41": 1, "38": 2, "42": 2, "16": 2, "19": 2, "50": 2, "49": 1, "51": 1, "22": 4, "18": 1, "11": 2, "53": 1, "54": 1, "40": 1, "44": 4, "13": 1, "10": 1, "281": 1, "45": 2, "52": 3, "37": 4, "48": 1, "20": 2, "63": 2, "55": 1, "77": 4, "82": 1, "66": 1, "65": 2, "76": 2, "8": 2, "56": 2, "61": 1, "167": 3, "81": 1, "64": 2, "74": 2, "75": 2, "57": 1, "78": 2, "33": 1, "79": 2, "80": 1, "59": 1, "7": 2, "31": 1, "60": 1, "70": 3, "12": 1, "5": 2, "67": 2, "32": 2, "69": 2, "83": 1, "71": 3, "58": 1, "72": 3, "68": 3, "35": 2, "62": 2, "34": 2, "73": 3, "91": 1, "87": 1, "88": 1, "95": 1, "92": 2, "89": 2, "93": 1, "86": 2, "94": 1, "85": 1, "90": 1, "84": 1, "139": 1, "128": 1, "122": 1, "132": 1, "136": 1, "119": 1, "127": 1, "117": 1, "121": 1, "99": 1, "129": 1, "120": 1, "131": 1, "133": 1, "118": 1, "138": 1, "135": 1, "130": 1, "137": 1, "123": 1, "124": 1, "125": 1, "134": 1, "113": 1, "126": 1, "148": 1, "100": 1, "149": 1, "147": 1, "152": 1, "145": 1, "151": 1, "146": 1, "154": 1, "150": 1, "277": 1, "217": 1, "142": 1, "219": 1, "144": 1, "143": 1, "220": 1}, "46": {"16": 2, "total_commits": 63, "15": 1, "19": 1, "49": 1, "17": 2, "51": 1, "22": 2, "18": 1, "11": 2, "44": 2, "10": 1, "50": 2, "281": 1, "45": 1, "48": 1, "20": 1, "43": 2, "53": 1, "54": 1, "40": 1, "39": 1, "21": 1, "41": 1, "38": 2, "52": 2, "37": 1, "42": 1, "13": 1, "123": 1, "132": 1, "136": 1, "126": 1, "119": 1, "139": 1, "127": 1, "117": 1, "121": 1, "99": 1, "120": 1, "122": 1, "131": 1, "118": 1, "138": 1, "86": 1, "135": 1, "129": 1, "130": 1, "137": 1, "124": 1, "125": 1, "134": 1, "113": 1, "133": 1, "128": 1}, "38": {"17": 2, "total_commits": 85, "41": 2, "52": 2, "42": 2, "16": 3, "19": 1, "49": 1, "51": 1, "22": 2, "18": 1, "11": 3, "53": 1, "54": 1, "40": 1, "44": 2, "10": 1, "50": 2, "281": 1, "45": 1, "37": 2, "48": 1, "20": 1, "13": 1, "43": 2, "46": 2, "15": 1, "39": 2, "21": 1, "73": 1, "100": 1, "108": 1, "102": 1, "86": 2, "71": 1, "72": 1, "103": 1, "101": 1, "104": 1, "97": 1, "99": 2, "106": 1, "105": 1, "98": 1, "107": 1, "131": 1, "118": 1, "138": 1, "135": 1, "130": 1, "137": 1, "123": 1, "124": 1, "125": 1, "134": 1, "113": 1, "133": 1, "139": 1, "128": 1, "122": 1, "132": 1, "136": 1, "126": 1, "119": 1, "127": 1, "117": 1, "121": 1, "129": 1, "120": 1}, "70": {"78": 2, "total_commits": 117, "33": 1, "73": 2, "42": 1, "63": 2, "80": 1, "59": 1, "65": 2, "76": 2, "7": 2, "43": 3, "31": 1, "61": 1, "64": 3, "74": 2, "60": 1, "75": 1, "12": 1, "79": 2, "67": 2, "45": 1, "20": 1, "32": 2, "71": 2, "58": 1, "72": 2, "68": 3, "44": 2, "62": 2, "34": 2, "5": 2, "55": 1, "77": 4, "52": 1, "37": 2, "82": 1, "66": 1, "19": 1, "22": 2, "8": 2, "56": 3, "69": 2, "83": 1, "167": 4, "81": 1, "35": 1, "57": 1, "95": 1, "92": 2, "87": 1, "93": 1, "86": 1, "94": 1, "89": 3, "84": 1, "91": 1, "85": 2, "90": 2, "88": 1, "151": 1, "145": 2, "146": 1, "150": 1, "148": 2, "154": 2, "149": 1, "100": 1, "147": 1, "152": 1, "156": 1, "158": 1, "120": 1, "155": 1, "123": 1, "157": 1}, "83": {"7": 1, "total_commits": 47, "43": 1, "31": 1, "61": 1, "60": 1, "70": 1, "12": 1, "67": 1, "45": 1, "20": 1, "32": 1, "69": 1, "71": 1, "58": 1, "72": 1, "68": 1, "44": 1, "62": 1, "34": 1, "5": 1, "55": 1, "77": 1, "52": 1, "37": 1, "82": 1, "66": 1, "19": 1, "76": 1, "22": 1, "8": 1, "56": 1, "167": 1, "81": 1, "64": 1, "74": 1, "75": 1, "35": 1, "57": 1, "78": 1, "33": 1, "79": 1, "73": 1, "42": 1, "63": 1, "80": 1, "59": 1, "65": 1}, "59": {"79": 1, "total_commits": 47, "42": 1, "80": 1, "45": 1, "32": 1, "7": 1, "43": 1, "60": 1, "70": 1, "12": 1, "34": 1, "5": 1, "67": 1, "52": 1, "37": 1, "20": 1, "22": 1, "69": 1, "83": 1, "71": 1, "58": 1, "72": 1, "68": 1, "44": 1, "35": 1, "62": 1, "73": 1, "63": 1, "55": 1, "77": 1, "82": 1, "66": 1, "19": 1, "65": 1, "76": 1, "8": 1, "56": 1, "31": 1, "61": 1, "167": 1, "81": 1, "64": 1, "74": 1, "75": 1, "57": 1, "78": 1, "33": 1}, "67": {"12": 1, "total_commits": 84, "79": 2, "45": 1, "20": 1, "32": 2, "71": 2, "58": 1, "72": 2, "68": 2, "44": 2, "62": 2, "34": 2, "5": 2, "55": 1, "77": 2, "52": 1, "37": 2, "82": 1, "66": 1, "19": 1, "22": 2, "8": 2, "56": 2, "69": 2, "83": 1, "167": 1, "81": 1, "35": 1, "57": 1, "78": 2, "33": 1, "73": 2, "42": 1, "63": 2, "80": 1, "59": 1, "65": 2, "76": 2, "7": 2, "43": 2, "31": 1, "61": 1, "64": 2, "74": 2, "60": 1, "75": 1, "70": 2, "94": 1, "89": 1, "84": 1, "91": 1, "85": 1, "90": 1, "88": 1, "95": 1, "92": 1, "87": 1, "93": 1, "86": 1}, "62": {"74": 3, "total_commits": 109, "60": 1, "75": 2, "57": 1, "70": 2, "78": 2, "33": 1, "79": 2, "67": 2, "80": 1, "45": 1, "20": 1, "32": 2, "7": 3, "43": 2, "12": 1, "34": 2, "5": 3, "55": 1, "52": 1, "37": 2, "19": 1, "22": 2, "56": 3, "69": 2, "83": 1, "71": 2, "58": 1, "72": 2, "68": 2, "44": 2, "35": 1, "73": 2, "42": 1, "63": 2, "59": 1, "77": 2, "82": 1, "66": 1, "65": 2, "76": 2, "8": 4, "31": 1, "61": 2, "167": 1, "81": 1, "64": 2, "93": 1, "86": 2, "95": 2, "94": 1, "89": 1, "84": 1, "91": 1, "85": 1, "90": 2, "88": 1, "92": 1, "87": 1, "125": 1, "127": 1, "140": 1, "99": 1, "98": 1, "141": 1, "126": 1, "4": 1, "144": 1, "142": 1, "143": 1, "281": 1, "147": 1, "280": 1}, "77": {"8": 3, "total_commits": 146, "56": 5, "31": 1, "61": 1, "167": 5, "81": 1, "64": 5, "74": 2, "60": 1, "75": 2, "57": 1, "78": 2, "33": 1, "79": 2, "42": 1, "80": 1, "45": 1, "20": 1, "32": 2, "7": 2, "43": 4, "70": 4, "12": 1, "34": 2, "5": 2, "55": 2, "67": 2, "52": 1, "37": 3, "19": 1, "22": 2, "69": 2, "83": 1, "71": 3, "58": 1, "72": 3, "68": 4, "44": 2, "35": 2, "62": 2, "73": 3, "63": 2, "59": 1, "82": 1, "66": 1, "65": 2, "76": 2, "87": 1, "88": 1, "93": 2, "86": 1, "95": 1, "94": 1, "89": 4, "84": 1, "91": 1, "85": 2, "90": 3, "92": 2, "145": 4, "146": 1, "151": 1, "148": 2, "154": 2, "150": 1, "100": 1, "147": 1, "152": 1, "149": 1, "123": 1, "156": 1, "157": 1, "158": 1, "120": 1, "155": 1, "168": 1, "169": 1, "144": 1, "142": 1, "143": 1, "220": 1, "277": 1, "217": 1, "219": 1}, "56": {"73": 2, "total_commits": 145, "63": 2, "55": 2, "77": 5, "82": 1, "66": 1, "19": 1, "65": 2, "76": 2, "8": 4, "61": 2, "167": 3, "81": 1, "64": 5, "74": 3, "75": 2, "57": 1, "78": 2, "33": 1, "79": 2, "42": 1, "80": 1, "59": 1, "32": 2, "7": 3, "43": 2, "31": 1, "60": 1, "70": 3, "12": 1, "5": 3, "67": 2, "45": 1, "52": 1, "37": 2, "20": 1, "22": 2, "69": 2, "83": 1, "71": 2, "58": 1, "72": 2, "68": 3, "44": 2, "35": 1, "62": 3, "34": 2, "91": 1, "92": 2, "87": 1, "88": 1, "86": 2, "95": 2, "89": 3, "93": 2, "94": 1, "85": 2, "90": 4, "84": 1, "4": 1, "142": 1, "125": 1, "127": 1, "140": 1, "98": 1, "141": 1, "126": 1, "99": 1, "144": 1, "143": 1, "145": 4, "158": 1, "154": 1, "155": 1, "148": 1, "120": 1, "123": 1, "156": 1, "157": 1, "146": 1, "129": 1, "281": 1, "147": 1, "159": 1, "11": 1, "41": 1, "169": 1, "168": 1}, "75": {"32": 1, "total_commits": 82, "69": 1, "83": 1, "71": 2, "58": 1, "72": 2, "68": 1, "44": 1, "62": 2, "34": 1, "5": 2, "63": 1, "55": 1, "77": 2, "52": 1, "82": 1, "66": 1, "19": 1, "76": 1, "22": 1, "8": 2, "56": 2, "61": 2, "167": 1, "81": 1, "64": 1, "74": 2, "35": 2, "57": 1, "78": 1, "33": 1, "79": 1, "73": 2, "42": 1, "80": 1, "59": 1, "65": 1, "7": 2, "43": 2, "31": 1, "60": 1, "70": 1, "12": 1, "67": 1, "45": 1, "37": 2, "20": 1, "4": 1, "142": 2, "95": 1, "125": 1, "127": 1, "86": 1, "90": 1, "140": 1, "141": 1, "99": 1, "144": 2, "143": 2, "98": 1, "126": 1, "220": 1, "277": 1, "217": 1, "219": 1}, "81": {"70": 1, "total_commits": 60, "12": 1, "5": 1, "67": 1, "45": 1, "37": 1, "20": 3, "32": 1, "69": 1, "83": 1, "71": 1, "58": 1, "72": 1, "68": 1, "44": 1, "35": 1, "62": 1, "34": 1, "63": 1, "55": 2, "77": 1, "52": 1, "82": 1, "66": 1, "19": 1, "76": 1, "22": 1, "8": 1, "56": 1, "61": 1, "167": 1, "64": 1, "74": 1, "75": 1, "57": 1, "78": 1, "33": 1, "79": 1, "73": 1, "42": 1, "80": 2, "59": 1, "65": 1, "7": 1, "43": 1, "31": 1, "60": 1, "171": 1, "97": 1, "16": 1, "109": 1, "112": 1, "49": 1, "111": 1, "110": 1, "193": 1}, "80": {"35": 1, "total_commits": 88, "57": 1, "78": 1, "33": 1, "79": 1, "73": 1, "42": 2, "59": 1, "65": 1, "7": 1, "43": 1, "31": 1, "60": 1, "70": 1, "12": 2, "67": 1, "45": 1, "37": 1, "20": 2, "32": 1, "69": 1, "83": 1, "71": 1, "58": 1, "72": 1, "68": 1, "44": 1, "62": 1, "34": 1, "5": 1, "63": 1, "55": 2, "77": 1, "52": 1, "82": 1, "66": 1, "19": 1, "76": 1, "22": 1, "8": 1, "56": 1, "61": 1, "167": 1, "81": 2, "64": 1, "74": 1, "75": 1, "97": 1, "16": 5, "171": 5, "194": 1, "202": 1, "203": 1, "196": 1, "206": 1, "197": 1, "205": 1, "198": 1, "210": 1, "200": 1, "201": 1, "211": 1, "207": 1, "117": 1, "161": 1, "11": 1, "236": 1, "237": 1, "235": 1, "99": 1, "120": 1, "249": 1, "248": 1, "119": 1, "127": 1}, "7": {"80": 1, "total_commits": 105, "59": 1, "65": 2, "76": 2, "43": 2, "31": 1, "61": 2, "64": 2, "74": 3, "60": 1, "75": 2, "70": 2, "12": 1, "79": 2, "67": 2, "45": 1, "20": 1, "32": 2, "71": 2, "58": 1, "72": 2, "68": 2, "44": 2, "62": 3, "34": 2, "5": 3, "55": 1, "77": 2, "52": 1, "37": 2, "82": 1, "66": 1, "19": 1, "22": 2, "8": 3, "56": 3, "69": 2, "83": 1, "167": 1, "81": 1, "35": 1, "57": 1, "78": 2, "33": 1, "73": 2, "42": 1, "63": 2, "92": 1, "87": 1, "93": 1, "86": 2, "94": 1, "89": 1, "84": 1, "91": 1, "85": 1, "90": 2, "88": 1, "95": 2, "125": 1, "127": 1, "140": 1, "141": 1, "99": 1, "143": 1, "98": 1, "126": 1, "4": 1, "144": 1, "142": 1}, "79": {"19": 1, "total_commits": 84, "22": 2, "8": 2, "56": 2, "69": 2, "83": 1, "167": 1, "71": 2, "72": 2, "68": 2, "44": 2, "35": 1, "62": 2, "73": 2, "42": 1, "63": 2, "59": 1, "77": 2, "82": 1, "66": 1, "65": 2, "76": 2, "7": 2, "31": 1, "61": 1, "81": 1, "64": 2, "74": 2, "60": 1, "75": 1, "57": 1, "70": 2, "78": 2, "33": 1, "67": 2, "80": 1, "45": 1, "20": 1, "32": 2, "43": 2, "58": 1, "12": 1, "34": 2, "5": 2, "55": 1, "52": 1, "37": 2, "85": 1, "90": 1, "88": 1, "92": 1, "87": 1, "93": 1, "86": 1, "95": 1, "94": 1, "89": 1, "84": 1, "91": 1}, "8": {"22": 2, "total_commits": 117, "69": 2, "83": 1, "71": 2, "58": 1, "72": 2, "68": 3, "44": 2, "35": 1, "62": 4, "34": 2, "73": 2, "63": 2, "55": 2, "59": 1, "77": 3, "82": 1, "66": 1, "19": 1, "65": 2, "76": 2, "56": 4, "61": 2, "167": 2, "81": 1, "64": 3, "74": 3, "75": 2, "57": 1, "78": 2, "33": 1, "79": 2, "42": 1, "80": 1, "32": 2, "7": 3, "43": 2, "31": 1, "60": 1, "70": 2, "12": 1, "5": 3, "67": 2, "45": 1, "52": 1, "37": 2, "20": 1, "85": 1, "90": 3, "84": 1, "91": 1, "92": 1, "87": 1, "88": 1, "86": 2, "95": 2, "89": 2, "93": 1, "94": 1, "142": 1, "125": 1, "127": 1, "140": 1, "98": 1, "141": 1, "126": 1, "99": 1, "144": 1, "143": 1, "4": 1, "169": 1, "145": 1, "168": 1}, "63": {"65": 2, "total_commits": 84, "76": 2, "8": 2, "56": 2, "31": 1, "61": 1, "167": 1, "81": 1, "64": 2, "74": 2, "75": 1, "57": 1, "78": 2, "33": 1, "79": 2, "42": 1, "80": 1, "45": 1, "32": 2, "7": 2, "43": 2, "60": 1, "70": 2, "12": 1, "34": 2, "5": 2, "67": 2, "52": 1, "37": 2, "20": 1, "22": 2, "69": 2, "83": 1, "71": 2, "58": 1, "72": 2, "68": 2, "44": 2, "35": 1, "62": 2, "73": 2, "55": 1, "59": 1, "77": 2, "82": 1, "66": 1, "19": 1, "87": 1, "88": 1, "93": 1, "86": 1, "95": 1, "89": 1, "84": 1, "94": 1, "91": 1, "85": 1, "90": 1, "92": 1}, "64": {"52": 1, "total_commits": 115, "37": 2, "20": 1, "32": 2, "69": 2, "83": 1, "71": 2, "58": 1, "72": 2, "68": 3, "44": 2, "35": 1, "62": 2, "34": 2, "63": 2, "55": 2, "77": 5, "82": 1, "66": 1, "19": 1, "65": 2, "76": 2, "22": 2, "8": 3, "56": 5, "61": 1, "167": 3, "81": 1, "74": 2, "75": 1, "57": 1, "78": 2, "33": 1, "79": 2, "73": 2, "42": 1, "80": 1, "59": 1, "7": 2, "43": 2, "31": 1, "60": 1, "70": 3, "12": 1, "5": 2, "67": 2, "45": 1, "85": 2, "90": 3, "84": 1, "91": 1, "87": 1, "88": 1, "95": 1, "92": 1, "89": 3, "93": 2, "86": 1, "94": 1, "145": 3, "123": 1, "156": 1, "157": 1, "158": 1, "154": 1, "148": 1, "120": 1, "155": 1, "168": 1, "169": 1}, "73": {"58": 1, "total_commits": 137, "72": 5, "68": 2, "44": 2, "35": 2, "62": 2, "34": 2, "63": 2, "55": 1, "77": 3, "52": 1, "82": 1, "66": 1, "19": 1, "76": 2, "22": 2, "8": 2, "56": 2, "61": 1, "167": 1, "81": 1, "64": 2, "74": 2, "75": 2, "57": 1, "78": 2, "33": 1, "79": 2, "42": 2, "80": 1, "59": 1, "65": 2, "7": 2, "43": 3, "31": 1, "60": 1, "70": 2, "12": 1, "5": 2, "67": 2, "45": 1, "37": 5, "20": 1, "32": 2, "69": 2, "83": 1, "71": 5, "84": 1, "91": 1, "87": 1, "88": 1, "95": 1, "92": 1, "89": 1, "93": 1, "86": 2, "94": 1, "85": 1, "90": 1, "11": 1, "103": 1, "101": 1, "104": 1, "97": 1, "99": 1, "106": 1, "105": 1, "98": 1, "107": 1, "39": 2, "41": 1, "38": 1, "100": 1, "16": 1, "108": 1, "102": 1, "144": 1, "143": 2, "220": 2, "277": 3, "217": 1, "142": 1, "219": 1, "147": 1, "273": 1, "241": 1, "279": 1, "275": 1, "276": 1, "278": 1, "259": 1, "239": 1}, "82": {"61": 1, "total_commits": 47, "167": 1, "81": 1, "64": 1, "74": 1, "75": 1, "57": 1, "78": 1, "33": 1, "79": 1, "42": 1, "80": 1, "32": 1, "7": 1, "43": 1, "31": 1, "60": 1, "70": 1, "12": 1, "5": 1, "67": 1, "45": 1, "52": 1, "37": 1, "20": 1, "22": 1, "69": 1, "83": 1, "71": 1, "58": 1, "72": 1, "68": 1, "44": 1, "35": 1, "62": 1, "34": 1, "73": 1, "63": 1, "55": 1, "59": 1, "77": 1, "66": 1, "19": 1, "65": 1, "76": 1, "8": 1, "56": 1}, "57": {"73": 1, "total_commits": 47, "63": 1, "55": 1, "59": 1, "77": 1, "82": 1, "66": 1, "19": 1, "65": 1, "76": 1, "8": 1, "56": 1, "61": 1, "167": 1, "81": 1, "64": 1, "74": 1, "75": 1, "78": 1, "33": 1, "79": 1, "42": 1, "80": 1, "32": 1, "7": 1, "43": 1, "31": 1, "60": 1, "70": 1, "12": 1, "5": 1, "67": 1, "45": 1, "52": 1, "37": 1, "20": 1, "22": 1, "69": 1, "83": 1, "71": 1, "58": 1, "72": 1, "68": 1, "44": 1, "35": 1, "62": 1, "34": 1}, "61": {"31": 1, "total_commits": 68, "81": 1, "64": 1, "74": 2, "60": 1, "75": 2, "57": 1, "70": 1, "78": 1, "33": 1, "79": 1, "67": 1, "80": 1, "45": 1, "20": 1, "32": 1, "43": 1, "58": 1, "12": 1, "34": 1, "5": 2, "55": 1, "52": 1, "37": 1, "19": 1, "22": 1, "56": 2, "69": 1, "83": 1, "167": 1, "71": 1, "72": 1, "68": 1, "44": 1, "35": 1, "62": 2, "73": 1, "42": 1, "63": 1, "59": 1, "77": 1, "82": 1, "66": 1, "65": 1, "76": 1, "7": 2, "8": 2, "98": 1, "141": 1, "126": 1, "4": 1, "144": 1, "142": 1, "143": 1, "125": 1, "127": 1, "86": 1, "140": 1, "95": 1, "99": 1, "90": 1}, "5": {"167": 1, "total_commits": 105, "81": 1, "64": 2, "74": 3, "75": 2, "57": 1, "78": 2, "33": 1, "79": 2, "42": 1, "80": 1, "45": 1, "32": 2, "7": 3, "43": 2, "60": 1, "70": 2, "12": 1, "34": 2, "67": 2, "52": 1, "37": 2, "20": 1, "22": 2, "69": 2, "83": 1, "71": 2, "58": 1, "72": 2, "68": 2, "44": 2, "35": 1, "62": 3, "73": 2, "63": 2, "55": 1, "59": 1, "77": 2, "82": 1, "66": 1, "19": 1, "65": 2, "76": 2, "8": 3, "56": 3, "31": 1, "61": 2, "87": 1, "88": 1, "93": 1, "86": 2, "95": 2, "89": 1, "84": 1, "94": 1, "91": 1, "85": 1, "90": 2, "92": 1, "99": 1, "144": 1, "143": 1, "125": 1, "4": 1, "142": 1, "140": 1, "127": 1, "98": 1, "141": 1, "126": 1}, "76": {"43": 2, "total_commits": 84, "31": 1, "61": 1, "81": 1, "64": 2, "74": 2, "60": 1, "75": 1, "57": 1, "70": 2, "78": 2, "79": 2, "67": 2, "45": 1, "20": 1, "32": 2, "58": 1, "72": 2, "44": 2, "12": 1, "34": 2, "5": 2, "55": 1, "77": 2, "52": 1, "37": 2, "82": 1, "66": 1, "19": 1, "22": 2, "8": 2, "56": 2, "69": 2, "83": 1, "167": 1, "71": 2, "68": 2, "35": 1, "62": 2, "33": 1, "73": 2, "42": 1, "63": 2, "80": 1, "59": 1, "65": 2, "7": 2, "87": 1, "93": 1, "86": 1, "95": 1, "94": 1, "89": 1, "84": 1, "91": 1, "85": 1, "90": 1, "88": 1, "92": 1}, "71": {"7": 2, "total_commits": 137, "43": 3, "60": 1, "70": 2, "12": 1, "5": 2, "67": 2, "52": 1, "37": 5, "20": 1, "22": 2, "69": 2, "83": 1, "58": 1, "72": 5, "68": 2, "44": 2, "35": 2, "62": 2, "34": 2, "73": 5, "63": 2, "55": 1, "59": 1, "77": 3, "82": 1, "66": 1, "19": 1, "65": 2, "76": 2, "8": 2, "56": 2, "31": 1, "61": 1, "167": 1, "81": 1, "64": 2, "74": 2, "75": 2, "57": 1, "78": 2, "33": 1, "79": 2, "42": 2, "80": 1, "45": 1, "32": 2, "84": 1, "94": 1, "91": 1, "85": 1, "90": 1, "92": 1, "87": 1, "88": 1, "93": 1, "86": 2, "95": 1, "89": 1, "41": 1, "105": 1, "107": 1, "108": 1, "39": 2, "38": 1, "100": 1, "16": 1, "103": 1, "102": 1, "101": 1, "11": 1, "98": 1, "104": 1, "97": 1, "99": 1, "106": 1, "144": 1, "143": 2, "220": 2, "277": 3, "217": 1, "142": 1, "219": 1, "241": 1, "279": 1, "275": 1, "276": 1, "147": 1, "278": 1, "273": 1, "259": 1, "239": 1}, "72": {"62": 2, "total_commits": 156, "33": 1, "73": 5, "42": 2, "63": 2, "80": 1, "59": 1, "65": 2, "76": 2, "7": 2, "43": 3, "31": 1, "61": 1, "81": 1, "64": 2, "74": 2, "60": 1, "75": 2, "57": 1, "70": 2, "78": 2, "79": 2, "67": 2, "45": 1, "20": 1, "32": 2, "58": 1, "44": 2, "12": 1, "34": 2, "5": 2, "55": 1, "77": 3, "52": 1, "37": 5, "82": 1, "66": 1, "19": 1, "22": 2, "8": 2, "56": 2, "69": 2, "83": 1, "167": 1, "71": 5, "68": 2, "35": 2, "92": 1, "87": 1, "93": 1, "86": 2, "95": 1, "94": 1, "89": 1, "84": 1, "91": 1, "85": 1, "90": 1, "88": 1, "39": 2, "41": 1, "38": 1, "105": 1, "107": 1, "100": 1, "16": 1, "108": 1, "11": 1, "103": 1, "102": 1, "101": 1, "104": 1, "97": 1, "99": 1, "106": 1, "98": 1, "219": 1, "143": 2, "144": 1, "277": 3, "142": 1, "220": 2, "217": 1, "225": 1, "229": 1, "128": 1, "223": 1, "234": 2, "112": 1, "233": 1, "196": 1, "216": 1, "172": 1, "230": 1, "111": 1, "110": 1, "224": 1, "228": 1, "231": 1, "232": 1, "226": 1, "147": 1, "278": 1, "273": 1, "241": 1, "279": 1, "276": 1, "275": 1, "259": 1, "239": 1}, "58": {"60": 1, "total_commits": 47, "70": 1, "12": 1, "34": 1, "5": 1, "55": 1, "67": 1, "52": 1, "37": 1, "22": 1, "69": 1, "83": 1, "71": 1, "72": 1, "68": 1, "44": 1, "35": 1, "62": 1, "73": 1, "63": 1, "59": 1, "77": 1, "82": 1, "66": 1, "19": 1, "65": 1, "76": 1, "8": 1, "56": 1, "31": 1, "61": 1, "167": 1, "81": 1, "64": 1, "74": 1, "75": 1, "57": 1, "78": 1, "33": 1, "79": 1, "42": 1, "80": 1, "45": 1, "20": 1, "32": 1, "7": 1, "43": 1}, "60": {"52": 1, "total_commits": 47, "37": 1, "82": 1, "66": 1, "19": 1, "22": 1, "8": 1, "56": 1, "69": 1, "83": 1, "167": 1, "71": 1, "68": 1, "35": 1, "62": 1, "33": 1, "73": 1, "42": 1, "63": 1, "59": 1, "77": 1, "65": 1, "76": 1, "7": 1, "43": 1, "31": 1, "61": 1, "81": 1, "64": 1, "74": 1, "75": 1, "57": 1, "70": 1, "78": 1, "79": 1, "67": 1, "80": 1, "45": 1, "20": 1, "32": 1, "58": 1, "72": 1, "44": 1, "12": 1, "34": 1, "5": 1, "55": 1}, "69": {"60": 1, "total_commits": 84, "70": 2, "12": 1, "5": 2, "67": 2, "52": 1, "37": 2, "20": 1, "22": 2, "83": 1, "71": 2, "58": 1, "72": 2, "68": 2, "44": 2, "35": 1, "62": 2, "34": 2, "73": 2, "63": 2, "55": 1, "59": 1, "77": 2, "82": 1, "66": 1, "19": 1, "65": 2, "76": 2, "8": 2, "56": 2, "61": 1, "167": 1, "81": 1, "64": 2, "74": 2, "75": 1, "57": 1, "78": 2, "33": 1, "79": 2, "42": 1, "80": 1, "45": 1, "32": 2, "7": 2, "43": 2, "31": 1, "93": 1, "94": 1, "85": 1, "90": 1, "84": 1, "91": 1, "92": 1, "87": 1, "88": 1, "86": 1, "95": 1, "89": 1}, "74": {"81": 1, "total_commits": 105, "64": 2, "60": 1, "75": 2, "57": 1, "70": 2, "78": 2, "79": 2, "67": 2, "45": 1, "20": 1, "32": 2, "71": 2, "58": 1, "72": 2, "44": 2, "12": 1, "34": 2, "5": 3, "55": 1, "77": 2, "52": 1, "37": 2, "82": 1, "66": 1, "19": 1, "22": 2, "8": 3, "56": 3, "69": 2, "83": 1, "167": 1, "68": 2, "35": 1, "62": 3, "33": 1, "73": 2, "42": 1, "63": 2, "80": 1, "59": 1, "65": 2, "76": 2, "7": 3, "43": 2, "31": 1, "61": 2, "87": 1, "93": 1, "86": 2, "95": 2, "94": 1, "89": 1, "84": 1, "91": 1, "85": 1, "90": 2, "88": 1, "92": 1, "4": 1, "144": 1, "142": 1, "125": 1, "127": 1, "140": 1, "141": 1, "99": 1, "143": 1, "98": 1, "126": 1}, "65": {"52": 1, "total_commits": 84, "37": 2, "19": 1, "22": 2, "69": 2, "83": 1, "71": 2, "58": 1, "72": 2, "68": 2, "44": 2, "35": 1, "62": 2, "73": 2, "63": 2, "59": 1, "77": 2, "82": 1, "66": 1, "76": 2, "8": 2, "56": 2, "31": 1, "61": 1, "167": 1, "81": 1, "64": 2, "74": 2, "60": 1, "75": 1, "57": 1, "78": 2, "33": 1, "79": 2, "42": 1, "80": 1, "45": 1, "20": 1, "32": 2, "7": 2, "43": 2, "70": 2, "12": 1, "34": 2, "5": 2, "55": 1, "67": 2, "91": 1, "85": 1, "90": 1, "92": 1, "87": 1, "88": 1, "93": 1, "86": 1, "95": 1, "94": 1, "89": 1, "84": 1}, "55": {"12": 1, "total_commits": 64, "34": 1, "5": 1, "52": 1, "37": 1, "19": 1, "22": 1, "56": 2, "69": 1, "83": 1, "167": 2, "71": 1, "72": 1, "68": 2, "44": 1, "35": 1, "62": 1, "73": 1, "42": 1, "63": 1, "59": 1, "77": 2, "82": 1, "66": 1, "65": 1, "76": 1, "7": 1, "8": 2, "31": 1, "61": 1, "81": 2, "64": 2, "74": 1, "60": 1, "75": 1, "57": 1, "70": 1, "78": 1, "33": 1, "79": 1, "67": 1, "80": 2, "45": 1, "20": 2, "32": 1, "43": 1, "58": 1, "169": 1, "145": 1, "168": 1, "89": 1, "90": 1, "16": 1, "171": 1, "97": 1}, "78": {"68": 2, "total_commits": 84, "35": 1, "33": 1, "73": 2, "42": 1, "63": 2, "80": 1, "59": 1, "65": 2, "76": 2, "7": 2, "43": 2, "31": 1, "61": 1, "81": 1, "64": 2, "74": 2, "60": 1, "75": 1, "57": 1, "70": 2, "12": 1, "79": 2, "67": 2, "45": 1, "20": 1, "32": 2, "71": 2, "58": 1, "72": 2, "44": 2, "62": 2, "34": 2, "5": 2, "55": 1, "77": 2, "52": 1, "37": 2, "82": 1, "66": 1, "19": 1, "22": 2, "8": 2, "56": 2, "69": 2, "83": 1, "167": 1, "90": 1, "88": 1, "95": 1, "92": 1, "87": 1, "93": 1, "86": 1, "94": 1, "89": 1, "84": 1, "91": 1, "85": 1}, "68": {"22": 2, "total_commits": 112, "69": 2, "83": 1, "71": 2, "58": 1, "72": 2, "44": 2, "35": 1, "62": 2, "34": 2, "73": 2, "63": 2, "55": 2, "59": 1, "77": 4, "82": 1, "66": 1, "19": 1, "65": 2, "76": 2, "8": 3, "56": 3, "31": 1, "61": 1, "167": 4, "81": 1, "64": 3, "74": 2, "75": 1, "57": 1, "78": 2, "33": 1, "79": 2, "42": 1, "80": 1, "45": 1, "32": 2, "7": 2, "43": 3, "60": 1, "70": 3, "12": 1, "5": 2, "67": 2, "52": 1, "37": 2, "20": 1, "85": 1, "90": 2, "92": 2, "87": 1, "88": 1, "93": 1, "86": 1, "95": 1, "89": 3, "84": 1, "94": 1, "91": 1, "148": 1, "100": 1, "149": 1, "152": 1, "145": 2, "146": 1, "151": 1, "154": 1, "150": 1, "147": 1, "169": 1, "168": 1}, "66": {"58": 1, "total_commits": 47, "72": 1, "44": 1, "12": 1, "34": 1, "5": 1, "55": 1, "52": 1, "37": 1, "82": 1, "19": 1, "22": 1, "8": 1, "56": 1, "69": 1, "83": 1, "167": 1, "71": 1, "68": 1, "35": 1, "62": 1, "33": 1, "73": 1, "42": 1, "63": 1, "59": 1, "77": 1, "65": 1, "76": 1, "7": 1, "43": 1, "31": 1, "61": 1, "81": 1, "64": 1, "74": 1, "60": 1, "75": 1, "57": 1, "70": 1, "78": 1, "79": 1, "67": 1, "80": 1, "45": 1, "20": 1, "32": 1}, "85": {"84": 1, "total_commits": 53, "70": 2, "34": 1, "5": 1, "91": 1, "37": 1, "22": 1, "69": 1, "71": 1, "90": 2, "72": 1, "68": 1, "44": 1, "62": 1, "73": 1, "63": 1, "77": 2, "92": 1, "65": 1, "76": 1, "8": 1, "56": 2, "87": 1, "64": 2, "74": 1, "88": 1, "93": 1, "86": 1, "78": 1, "79": 1, "67": 1, "95": 1, "94": 1, "89": 2, "32": 1, "7": 1, "43": 1, "157": 1, "148": 1, "158": 1, "154": 1, "120": 1, "155": 1, "167": 1, "123": 1, "145": 1, "156": 1}, "95": {"72": 1, "total_commits": 58, "68": 1, "44": 1, "84": 1, "62": 2, "34": 1, "73": 1, "63": 1, "91": 1, "77": 1, "65": 1, "76": 1, "22": 1, "8": 2, "56": 2, "87": 1, "64": 1, "74": 2, "88": 1, "86": 2, "78": 1, "79": 1, "92": 1, "89": 1, "7": 2, "43": 1, "93": 1, "70": 1, "5": 2, "67": 1, "94": 1, "37": 1, "32": 1, "85": 1, "69": 1, "71": 1, "90": 2, "98": 1, "141": 1, "61": 1, "126": 1, "99": 1, "144": 1, "143": 1, "75": 1, "4": 1, "142": 1, "125": 1, "127": 1, "140": 1}, "87": {"89": 1, "total_commits": 37, "32": 1, "7": 1, "43": 1, "93": 1, "70": 1, "5": 1, "67": 1, "94": 1, "37": 1, "85": 1, "22": 1, "69": 1, "71": 1, "90": 1, "72": 1, "68": 1, "44": 1, "84": 1, "62": 1, "34": 1, "73": 1, "63": 1, "91": 1, "77": 1, "92": 1, "65": 1, "76": 1, "8": 1, "56": 1, "64": 1, "74": 1, "88": 1, "86": 1, "78": 1, "79": 1, "95": 1}, "92": {"8": 1, "total_commits": 78, "56": 2, "87": 1, "64": 1, "74": 1, "88": 1, "93": 2, "86": 1, "78": 1, "79": 1, "95": 1, "89": 2, "32": 1, "7": 1, "43": 2, "84": 1, "70": 2, "34": 1, "5": 1, "67": 1, "94": 1, "91": 1, "37": 1, "85": 1, "22": 1, "69": 1, "71": 1, "90": 1, "72": 1, "68": 2, "44": 1, "62": 1, "73": 1, "63": 1, "77": 2, "65": 1, "76": 1, "167": 2, "152": 1, "145": 2, "146": 2, "151": 1, "154": 1, "150": 1, "100": 1, "147": 2, "148": 1, "149": 1, "41": 1, "159": 1, "129": 1, "281": 1, "11": 1, "263": 1, "260": 1, "261": 1, "262": 1, "266": 1, "270": 1, "264": 1, "268": 1, "269": 1, "267": 1, "161": 1, "265": 1, "272": 1, "271": 1}, "94": {"5": 1, "total_commits": 37, "67": 1, "91": 1, "37": 1, "85": 1, "22": 1, "69": 1, "71": 1, "90": 1, "72": 1, "68": 1, "44": 1, "62": 1, "73": 1, "63": 1, "77": 1, "92": 1, "65": 1, "76": 1, "8": 1, "56": 1, "87": 1, "64": 1, "74": 1, "88": 1, "93": 1, "86": 1, "78": 1, "79": 1, "95": 1, "89": 1, "32": 1, "7": 1, "43": 1, "84": 1, "70": 1, "34": 1}, "90": {"95": 2, "total_commits": 90, "89": 4, "32": 1, "7": 2, "43": 1, "93": 1, "70": 2, "5": 2, "67": 1, "94": 1, "37": 1, "85": 2, "22": 1, "69": 1, "71": 1, "72": 1, "68": 2, "44": 1, "84": 1, "62": 2, "34": 2, "73": 1, "63": 1, "91": 2, "77": 3, "92": 1, "65": 1, "76": 1, "8": 3, "56": 4, "87": 1, "64": 3, "74": 2, "88": 1, "86": 2, "78": 1, "79": 1, "24": 1, "96": 1, "125": 1, "127": 1, "140": 1, "98": 1, "141": 1, "61": 1, "126": 1, "99": 1, "144": 1, "143": 1, "75": 1, "4": 1, "142": 1, "123": 1, "145": 2, "156": 1, "157": 1, "158": 1, "154": 1, "155": 1, "148": 1, "120": 1, "167": 2, "168": 1, "55": 1, "169": 1}, "86": {"87": 1, "total_commits": 115, "64": 1, "74": 2, "88": 1, "78": 1, "79": 1, "73": 2, "95": 2, "92": 1, "89": 1, "7": 2, "43": 2, "93": 1, "70": 1, "5": 2, "67": 1, "94": 1, "37": 2, "32": 1, "85": 1, "69": 1, "71": 2, "90": 2, "72": 2, "68": 1, "44": 2, "84": 1, "62": 2, "34": 1, "63": 1, "91": 1, "77": 1, "65": 1, "76": 1, "22": 2, "8": 2, "56": 2, "103": 1, "104": 1, "97": 1, "99": 3, "106": 1, "105": 1, "107": 1, "39": 1, "41": 1, "38": 2, "42": 1, "100": 1, "16": 2, "108": 1, "102": 1, "101": 1, "11": 2, "98": 2, "122": 1, "132": 1, "136": 1, "119": 1, "127": 2, "117": 1, "121": 1, "50": 1, "129": 1, "46": 1, "120": 1, "131": 1, "17": 1, "133": 1, "118": 1, "138": 1, "135": 1, "130": 1, "137": 1, "123": 1, "124": 1, "125": 2, "134": 1, "113": 1, "126": 2, "139": 1, "128": 1, "52": 1, "141": 1, "61": 1, "144": 1, "143": 1, "75": 1, "4": 1, "142": 1, "140": 1}, "84": {"34": 1, "total_commits": 37, "5": 1, "67": 1, "94": 1, "91": 1, "37": 1, "85": 1, "22": 1, "69": 1, "71": 1, "90": 1, "72": 1, "68": 1, "44": 1, "62": 1, "73": 1, "63": 1, "77": 1, "92": 1, "65": 1, "76": 1, "8": 1, "56": 1, "87": 1, "64": 1, "74": 1, "88": 1, "93": 1, "86": 1, "78": 1, "79": 1, "95": 1, "89": 1, "32": 1, "7": 1, "43": 1, "70": 1}, "88": {"72": 1, "total_commits": 37, "68": 1, "44": 1, "84": 1, "62": 1, "34": 1, "73": 1, "63": 1, "91": 1, "77": 1, "65": 1, "76": 1, "22": 1, "8": 1, "56": 1, "87": 1, "64": 1, "74": 1, "78": 1, "79": 1, "95": 1, "92": 1, "89": 1, "7": 1, "43": 1, "93": 1, "86": 1, "70": 1, "5": 1, "67": 1, "94": 1, "37": 1, "32": 1, "85": 1, "69": 1, "71": 1, "90": 1}, "89": {"71": 1, "total_commits": 92, "90": 4, "72": 1, "68": 3, "44": 1, "62": 1, "34": 2, "73": 1, "63": 1, "77": 4, "92": 2, "65": 1, "76": 1, "8": 2, "56": 3, "87": 1, "64": 3, "74": 1, "88": 1, "86": 1, "78": 1, "79": 1, "95": 1, "32": 1, "7": 1, "43": 2, "93": 1, "84": 1, "70": 3, "5": 1, "67": 1, "94": 1, "91": 2, "37": 1, "85": 2, "22": 1, "69": 1, "24": 1, "96": 1, "145": 3, "146": 1, "151": 1, "154": 2, "150": 1, "147": 1, "148": 2, "167": 4, "100": 1, "149": 1, "152": 1, "156": 1, "157": 1, "158": 1, "120": 1, "155": 1, "123": 1, "168": 3, "55": 1, "169": 1, "140": 2, "106": 1, "107": 1}, "91": {"32": 1, "total_commits": 42, "7": 1, "43": 1, "84": 1, "34": 2, "5": 1, "37": 1, "85": 1, "22": 1, "56": 1, "69": 1, "71": 1, "90": 2, "72": 1, "68": 1, "44": 1, "62": 1, "73": 1, "63": 1, "77": 1, "92": 1, "65": 1, "76": 1, "8": 1, "87": 1, "64": 1, "74": 1, "88": 1, "93": 1, "86": 1, "70": 1, "78": 1, "79": 1, "67": 1, "95": 1, "94": 1, "89": 2, "24": 1, "96": 1}, "93": {"65": 1, "total_commits": 56, "76": 1, "22": 1, "8": 1, "56": 2, "87": 1, "64": 2, "74": 1, "88": 1, "78": 1, "79": 1, "73": 1, "95": 1, "92": 2, "89": 1, "7": 1, "43": 1, "86": 1, "70": 1, "5": 1, "67": 1, "94": 1, "37": 1, "32": 1, "85": 1, "69": 1, "71": 1, "90": 1, "72": 1, "68": 1, "44": 1, "84": 1, "62": 1, "34": 1, "63": 1, "91": 1, "77": 2, "145": 1, "271": 1, "260": 1, "263": 1, "262": 1, "261": 1, "270": 1, "268": 1, "267": 1, "161": 1, "265": 1, "266": 1, "272": 1, "264": 1, "269": 1}, "96": {"90": 1, "total_commits": 5, "89": 1, "34": 1, "91": 1, "24": 1}, "98": {"72": 1, "total_commits": 57, "103": 1, "102": 1, "101": 1, "104": 1, "97": 1, "99": 3, "106": 1, "71": 1, "39": 1, "41": 1, "38": 1, "37": 1, "73": 1, "105": 1, "42": 1, "107": 1, "100": 1, "16": 2, "108": 1, "86": 2, "11": 1, "141": 1, "95": 1, "90": 1, "7": 1, "143": 1, "5": 1, "61": 1, "126": 1, "4": 1, "62": 1, "144": 1, "142": 1, "74": 1, "75": 1, "125": 1, "127": 1, "140": 1, "8": 1, "56": 1, "162": 1, "27": 1, "164": 1, "163": 1, "117": 1, "25": 1, "161": 1, "165": 1, "120": 1, "14": 1, "160": 1, "30": 1}, "97": {"39": 1, "total_commits": 52, "41": 1, "38": 1, "73": 1, "42": 1, "100": 1, "16": 2, "108": 1, "102": 1, "101": 1, "86": 1, "71": 1, "11": 1, "72": 1, "103": 1, "104": 1, "99": 1, "106": 1, "37": 1, "105": 1, "98": 1, "107": 1, "171": 1, "55": 1, "80": 1, "81": 1, "20": 1, "189": 1, "186": 1, "183": 1, "185": 1, "112": 1, "184": 1, "188": 1, "49": 1, "187": 1, "238": 1, "241": 1, "243": 1, "244": 1, "240": 1, "34": 1, "35": 1, "247": 2, "277": 1, "217": 1, "242": 1, "133": 1, "239": 1, "245": 1}, "101": {"97": 1, "total_commits": 22, "99": 1, "106": 1, "37": 1, "105": 1, "107": 1, "39": 1, "41": 1, "38": 1, "73": 1, "42": 1, "100": 1, "16": 1, "108": 1, "102": 1, "86": 1, "71": 1, "11": 1, "72": 1, "98": 1, "103": 1, "104": 1}, "108": {"100": 1, "total_commits": 22, "16": 1, "103": 1, "102": 1, "101": 1, "71": 1, "11": 1, "72": 1, "98": 1, "104": 1, "97": 1, "99": 1, "106": 1, "41": 1, "37": 1, "73": 1, "105": 1, "107": 1, "39": 1, "86": 1, "38": 1, "42": 1}, "99": {"103": 1, "total_commits": 97, "102": 1, "101": 1, "104": 1, "97": 1, "106": 1, "105": 1, "98": 3, "107": 1, "39": 1, "41": 1, "38": 2, "37": 1, "73": 1, "42": 2, "100": 1, "16": 4, "108": 1, "86": 3, "71": 1, "11": 3, "72": 1, "135": 1, "130": 1, "137": 1, "123": 1, "124": 1, "125": 2, "134": 1, "17": 2, "113": 1, "133": 1, "44": 1, "139": 1, "128": 1, "52": 1, "22": 1, "122": 1, "132": 1, "136": 1, "126": 2, "119": 2, "127": 3, "117": 2, "121": 2, "50": 1, "129": 1, "43": 1, "46": 1, "120": 2, "131": 1, "118": 1, "138": 1, "141": 1, "62": 1, "144": 1, "7": 1, "143": 1, "5": 1, "75": 1, "61": 1, "4": 1, "142": 1, "74": 1, "95": 1, "90": 1, "140": 1, "8": 1, "56": 1, "166": 1, "15": 1, "167": 1, "80": 1, "12": 1, "171": 1, "249": 1, "248": 1}, "107": {"108": 1, "total_commits": 26, "39": 1, "86": 1, "41": 1, "38": 1, "42": 1, "100": 1, "16": 1, "102": 1, "101": 1, "71": 1, "11": 1, "72": 1, "98": 1, "103": 1, "104": 1, "97": 1, "99": 1, "106": 2, "37": 1, "73": 1, "105": 1, "140": 1, "168": 1, "89": 1}, "105": {"42": 1, "total_commits": 22, "100": 1, "16": 1, "103": 1, "102": 1, "101": 1, "71": 1, "11": 1, "72": 1, "98": 1, "104": 1, "97": 1, "99": 1, "106": 1, "37": 1, "73": 1, "107": 1, "108": 1, "39": 1, "86": 1, "41": 1, "38": 1}, "102": {"108": 1, "total_commits": 22, "86": 1, "11": 1, "103": 1, "101": 1, "104": 1, "99": 1, "16": 1, "71": 1, "72": 1, "98": 1, "97": 1, "106": 1, "39": 1, "41": 1, "38": 1, "37": 1, "73": 1, "105": 1, "42": 1, "107": 1, "100": 1}, "103": {"71": 1, "total_commits": 22, "11": 1, "72": 1, "98": 1, "104": 1, "97": 1, "99": 1, "106": 1, "37": 1, "73": 1, "105": 1, "107": 1, "108": 1, "39": 1, "86": 1, "41": 1, "38": 1, "42": 1, "100": 1, "16": 1, "102": 1, "101": 1}, "104": {"105": 1, "total_commits": 22, "98": 1, "107": 1, "39": 1, "41": 1, "38": 1, "37": 1, "73": 1, "42": 1, "100": 1, "16": 1, "108": 1, "86": 1, "71": 1, "11": 1, "72": 1, "103": 1, "102": 1, "101": 1, "97": 1, "99": 1, "106": 1}, "106": {"105": 1, "total_commits": 26, "98": 1, "107": 2, "39": 1, "41": 1, "38": 1, "37": 1, "73": 1, "42": 1, "100": 1, "16": 1, "108": 1, "86": 1, "71": 1, "11": 1, "72": 1, "103": 1, "102": 1, "101": 1, "104": 1, "97": 1, "99": 1, "140": 1, "168": 1, "89": 1}, "100": {"37": 1, "total_commits": 39, "105": 1, "107": 1, "108": 1, "39": 1, "41": 1, "38": 1, "73": 1, "42": 1, "16": 1, "102": 1, "101": 1, "86": 1, "71": 1, "11": 1, "72": 1, "98": 1, "103": 1, "104": 1, "97": 1, "99": 1, "106": 1, "167": 2, "92": 1, "149": 1, "147": 1, "152": 1, "145": 1, "89": 1, "77": 1, "151": 1, "68": 1, "146": 1, "154": 1, "150": 1, "43": 1, "70": 1, "148": 1}, "112": {"15": 1, "total_commits": 54, "109": 2, "113": 1, "116": 3, "111": 3, "17": 1, "110": 3, "22": 1, "122": 1, "136": 1, "189": 1, "186": 1, "183": 1, "185": 1, "184": 1, "187": 2, "188": 2, "49": 3, "97": 1, "81": 1, "20": 1, "193": 1, "221": 1, "195": 1, "147": 1, "220": 1, "223": 1, "233": 1, "196": 1, "228": 1, "172": 1, "230": 1, "72": 1, "229": 1, "128": 1, "224": 1, "231": 1, "232": 1, "234": 2, "226": 1, "225": 1, "216": 1}, "116": {"116": 6, "total_commits": 30, "17": 3, "110": 3, "112": 3, "111": 3, "15": 3, "109": 3, "113": 3, "22": 3}, "109": {"17": 1, "total_commits": 17, "110": 2, "116": 3, "113": 1, "22": 1, "15": 1, "112": 2, "111": 2, "49": 1, "81": 1, "20": 1, "193": 1}, "110": {"112": 3, "total_commits": 41, "17": 1, "116": 3, "109": 2, "113": 1, "22": 1, "15": 1, "111": 3, "81": 1, "20": 1, "193": 1, "49": 2, "195": 1, "203": 1, "210": 1, "200": 1, "229": 1, "128": 1, "231": 1, "223": 1, "234": 2, "225": 1, "196": 1, "216": 1, "172": 1, "230": 1, "233": 1, "224": 1, "228": 1, "72": 1, "232": 1, "226": 1}, "111": {"116": 3, "total_commits": 36, "112": 3, "17": 1, "110": 3, "109": 2, "113": 1, "22": 1, "15": 1, "81": 1, "20": 1, "193": 1, "49": 1, "230": 1, "223": 1, "233": 1, "196": 1, "228": 1, "172": 1, "72": 1, "232": 1, "234": 2, "226": 1, "229": 1, "128": 1, "224": 1, "231": 1, "225": 1, "216": 1}, "113": {"112": 1, "total_commits": 45, "17": 2, "110": 1, "116": 3, "109": 1, "22": 2, "15": 1, "111": 1, "129": 1, "137": 1, "38": 1, "43": 1, "16": 1, "125": 1, "134": 1, "133": 1, "11": 1, "128": 1, "52": 1, "135": 1, "130": 1, "123": 1, "124": 1, "132": 1, "44": 1, "126": 1, "139": 1, "127": 1, "117": 1, "121": 1, "50": 1, "99": 1, "46": 1, "120": 1, "122": 1, "131": 1, "136": 1, "118": 1, "138": 1, "86": 1, "119": 1}, "122": {"46": 1, "total_commits": 40, "120": 1, "131": 1, "136": 2, "118": 1, "138": 1, "86": 1, "119": 1, "129": 1, "137": 1, "38": 1, "43": 1, "16": 1, "125": 1, "134": 1, "17": 1, "113": 1, "133": 1, "11": 1, "128": 1, "52": 1, "135": 1, "130": 1, "22": 1, "123": 1, "124": 1, "132": 1, "44": 1, "126": 1, "139": 1, "127": 2, "117": 1, "121": 2, "50": 1, "99": 1, "112": 1, "182": 1}, "118": {"137": 1, "total_commits": 35, "38": 1, "16": 1, "124": 1, "125": 1, "134": 1, "17": 1, "113": 1, "133": 1, "11": 1, "44": 1, "128": 1, "52": 1, "22": 1, "123": 1, "132": 1, "136": 1, "126": 1, "119": 1, "139": 1, "127": 1, "117": 1, "121": 1, "50": 1, "99": 1, "43": 1, "46": 1, "120": 1, "122": 1, "131": 1, "138": 1, "86": 1, "135": 1, "129": 1, "130": 1}, "130": {"120": 1, "total_commits": 35, "131": 1, "118": 1, "138": 1, "86": 1, "135": 1, "137": 1, "38": 1, "16": 1, "123": 1, "124": 1, "125": 1, "134": 1, "17": 1, "113": 1, "133": 1, "11": 1, "44": 1, "139": 1, "128": 1, "52": 1, "22": 1, "122": 1, "132": 1, "136": 1, "126": 1, "119": 1, "127": 1, "117": 1, "121": 1, "50": 1, "99": 1, "129": 1, "43": 1, "46": 1}, "129": {"128": 1, "total_commits": 44, "52": 1, "135": 1, "130": 1, "22": 1, "16": 1, "123": 1, "124": 1, "132": 1, "113": 1, "44": 1, "126": 1, "139": 1, "127": 1, "117": 1, "121": 1, "50": 1, "46": 1, "120": 1, "122": 1, "131": 1, "136": 1, "118": 1, "86": 1, "119": 1, "99": 1, "137": 1, "38": 1, "43": 1, "125": 1, "134": 1, "17": 1, "133": 1, "11": 2, "138": 1, "56": 1, "41": 1, "145": 1, "146": 1, "92": 1, "147": 1, "159": 1, "281": 1}, "124": {"134": 1, "total_commits": 35, "17": 1, "133": 1, "118": 1, "138": 1, "128": 1, "52": 1, "135": 1, "130": 1, "38": 1, "22": 1, "16": 1, "123": 1, "113": 1, "11": 1, "44": 1, "126": 1, "139": 1, "117": 1, "50": 1, "46": 1, "120": 1, "122": 1, "132": 1, "131": 1, "136": 1, "86": 1, "119": 1, "127": 1, "121": 1, "99": 1, "129": 1, "137": 1, "43": 1, "125": 1}, "128": {"124": 1, "total_commits": 60, "125": 1, "134": 1, "17": 1, "113": 1, "133": 1, "11": 1, "44": 1, "52": 1, "22": 1, "123": 1, "132": 1, "136": 1, "126": 1, "119": 1, "139": 1, "127": 1, "117": 1, "121": 1, "50": 1, "99": 1, "43": 1, "46": 1, "120": 1, "122": 1, "131": 1, "118": 1, "138": 1, "86": 1, "135": 1, "129": 1, "130": 1, "137": 1, "38": 1, "16": 1, "234": 2, "112": 1, "196": 1, "216": 1, "172": 1, "230": 1, "72": 1, "111": 1, "110": 1, "233": 1, "224": 1, "228": 1, "231": 1, "232": 1, "226": 1, "225": 1, "229": 1, "223": 1, "237": 1, "235": 1, "253": 1, "254": 1, "20": 1, "236": 1}, "134": {"17": 1, "total_commits": 35, "113": 1, "133": 1, "11": 1, "44": 1, "128": 1, "52": 1, "22": 1, "123": 1, "132": 1, "136": 1, "126": 1, "119": 1, "139": 1, "127": 1, "117": 1, "121": 1, "50": 1, "99": 1, "43": 1, "46": 1, "120": 1, "122": 1, "131": 1, "118": 1, "138": 1, "86": 1, "135": 1, "129": 1, "130": 1, "137": 1, "38": 1, "16": 1, "124": 1, "125": 1}, "136": {"122": 2, "total_commits": 37, "131": 1, "118": 1, "138": 1, "86": 1, "119": 1, "129": 1, "137": 1, "38": 1, "43": 1, "16": 1, "125": 1, "134": 1, "17": 1, "113": 1, "133": 1, "11": 1, "128": 1, "52": 1, "135": 1, "130": 1, "22": 1, "123": 1, "124": 1, "132": 1, "44": 1, "126": 1, "139": 1, "127": 1, "117": 1, "121": 1, "50": 1, "99": 1, "46": 1, "120": 1, "112": 1}, "120": {"132": 1, "total_commits": 74, "44": 1, "126": 1, "139": 1, "127": 2, "117": 2, "121": 1, "50": 1, "99": 2, "46": 1, "122": 1, "131": 1, "136": 1, "118": 1, "138": 1, "86": 1, "119": 2, "129": 1, "137": 1, "38": 1, "43": 1, "16": 3, "125": 1, "134": 1, "17": 1, "113": 1, "133": 1, "11": 1, "128": 1, "52": 1, "135": 1, "130": 1, "22": 1, "123": 2, "124": 1, "148": 1, "158": 1, "154": 1, "155": 1, "85": 1, "90": 1, "167": 1, "56": 1, "145": 1, "156": 1, "89": 1, "157": 1, "77": 1, "70": 1, "64": 1, "164": 1, "163": 1, "14": 1, "165": 1, "30": 1, "160": 1, "27": 1, "25": 1, "98": 1, "161": 1, "162": 1, "80": 1, "42": 1, "171": 1, "12": 1, "249": 1, "248": 1}, "125": {"119": 1, "total_commits": 56, "127": 2, "117": 1, "121": 1, "50": 1, "99": 2, "129": 1, "43": 1, "46": 1, "120": 1, "131": 1, "118": 1, "138": 1, "86": 2, "135": 1, "130": 1, "137": 1, "38": 1, "16": 1, "123": 1, "124": 1, "134": 1, "17": 1, "113": 1, "133": 1, "11": 1, "44": 1, "139": 1, "128": 1, "52": 1, "22": 1, "122": 1, "132": 1, "136": 1, "126": 2, "95": 1, "140": 1, "8": 1, "56": 1, "141": 1, "62": 1, "90": 1, "7": 1, "143": 1, "5": 1, "98": 1, "61": 1, "4": 1, "144": 1, "142": 1, "74": 1, "75": 1}, "119": {"139": 1, "total_commits": 45, "127": 2, "117": 1, "121": 1, "50": 1, "99": 2, "46": 1, "120": 2, "122": 1, "131": 1, "136": 1, "118": 1, "138": 1, "86": 1, "129": 1, "137": 1, "38": 1, "43": 1, "16": 2, "125": 1, "134": 1, "17": 1, "113": 1, "133": 1, "11": 1, "128": 1, "52": 1, "135": 1, "130": 1, "22": 1, "123": 1, "124": 1, "132": 1, "44": 1, "126": 1, "249": 1, "248": 1, "80": 1, "42": 1, "171": 1, "12": 1}, "126": {"43": 1, "total_commits": 56, "46": 1, "120": 1, "122": 1, "131": 1, "118": 1, "138": 1, "86": 2, "135": 1, "129": 1, "130": 1, "137": 1, "38": 1, "16": 1, "124": 1, "125": 2, "134": 1, "17": 1, "113": 1, "133": 1, "11": 1, "44": 1, "128": 1, "52": 1, "22": 1, "123": 1, "132": 1, "136": 1, "119": 1, "139": 1, "127": 2, "117": 1, "121": 1, "50": 1, "99": 2, "143": 1, "5": 1, "98": 1, "61": 1, "4": 1, "62": 1, "144": 1, "142": 1, "74": 1, "75": 1, "140": 1, "8": 1, "56": 1, "141": 1, "95": 1, "90": 1, "7": 1}, "117": {"119": 1, "total_commits": 98, "139": 1, "127": 1, "121": 2, "50": 1, "99": 2, "43": 1, "46": 1, "120": 2, "122": 1, "131": 1, "118": 1, "138": 1, "86": 1, "135": 1, "129": 1, "130": 1, "137": 1, "38": 1, "16": 4, "124": 1, "125": 1, "134": 1, "17": 2, "113": 1, "133": 1, "11": 3, "44": 1, "128": 1, "52": 1, "22": 1, "123": 1, "132": 1, "136": 1, "126": 1, "30": 1, "160": 1, "162": 2, "27": 2, "164": 1, "163": 3, "25": 1, "98": 1, "161": 3, "165": 1, "14": 1, "154": 1, "166": 1, "15": 1, "167": 1, "41": 1, "39": 1, "171": 2, "197": 2, "202": 2, "203": 2, "204": 1, "199": 1, "198": 2, "200": 2, "208": 1, "201": 2, "205": 2, "209": 1, "172": 1, "196": 2, "207": 2, "206": 2, "155": 1, "210": 1, "211": 1, "80": 1}, "127": {"16": 2, "total_commits": 69, "123": 1, "124": 1, "125": 2, "134": 1, "113": 1, "11": 1, "44": 1, "139": 1, "128": 1, "52": 1, "22": 1, "122": 2, "132": 1, "136": 1, "126": 2, "119": 2, "117": 1, "121": 2, "50": 1, "99": 3, "129": 1, "43": 1, "46": 1, "120": 2, "131": 1, "17": 1, "133": 1, "118": 1, "138": 1, "86": 2, "135": 1, "130": 1, "137": 1, "38": 1, "95": 1, "90": 1, "140": 1, "8": 1, "56": 1, "5": 1, "61": 1, "141": 1, "62": 1, "144": 1, "7": 1, "143": 1, "74": 1, "98": 1, "75": 1, "4": 1, "142": 1, "182": 1, "12": 1, "42": 1, "171": 1, "249": 1, "248": 1, "80": 1}, "131": {"122": 1, "total_commits": 35, "132": 1, "136": 1, "119": 1, "127": 1, "117": 1, "121": 1, "50": 1, "99": 1, "129": 1, "43": 1, "46": 1, "120": 1, "17": 1, "133": 1, "118": 1, "138": 1, "86": 1, "135": 1, "130": 1, "137": 1, "38": 1, "16": 1, "123": 1, "124": 1, "125": 1, "134": 1, "113": 1, "11": 1, "44": 1, "126": 1, "139": 1, "128": 1, "52": 1, "22": 1}, "123": {"113": 1, "total_commits": 51, "11": 1, "44": 1, "126": 1, "139": 1, "50": 1, "122": 1, "132": 1, "136": 1, "86": 1, "119": 1, "127": 1, "117": 1, "121": 1, "99": 1, "129": 1, "137": 1, "43": 1, "46": 1, "120": 2, "131": 1, "134": 1, "17": 1, "133": 1, "118": 1, "138": 1, "128": 1, "52": 1, "135": 1, "130": 1, "38": 1, "22": 1, "16": 1, "124": 1, "125": 1, "158": 1, "154": 1, "70": 1, "155": 1, "85": 1, "148": 1, "90": 1, "167": 1, "56": 1, "145": 1, "156": 1, "89": 1, "157": 1, "77": 1, "64": 1}, "138": {"22": 1, "total_commits": 35, "122": 1, "132": 1, "136": 1, "126": 1, "119": 1, "127": 1, "117": 1, "121": 1, "50": 1, "99": 1, "129": 1, "43": 1, "46": 1, "120": 1, "131": 1, "17": 1, "118": 1, "86": 1, "135": 1, "130": 1, "137": 1, "38": 1, "16": 1, "123": 1, "124": 1, "125": 1, "134": 1, "113": 1, "133": 1, "11": 1, "44": 1, "139": 1, "128": 1, "52": 1}, "137": {"119": 1, "total_commits": 35, "127": 1, "99": 1, "129": 1, "38": 1, "43": 1, "125": 1, "134": 1, "17": 1, "133": 1, "11": 1, "118": 1, "138": 1, "128": 1, "52": 1, "135": 1, "130": 1, "22": 1, "16": 1, "123": 1, "124": 1, "132": 1, "113": 1, "44": 1, "126": 1, "139": 1, "117": 1, "121": 1, "50": 1, "46": 1, "120": 1, "122": 1, "131": 1, "136": 1, "86": 1}, "139": {"135": 1, "total_commits": 39, "129": 1, "137": 1, "38": 1, "43": 1, "16": 1, "125": 1, "134": 1, "17": 1, "113": 1, "133": 1, "11": 1, "128": 1, "52": 2, "130": 1, "22": 1, "123": 1, "124": 1, "132": 1, "44": 1, "126": 1, "127": 1, "117": 1, "121": 1, "50": 1, "99": 1, "46": 1, "120": 1, "122": 1, "131": 1, "136": 1, "118": 1, "138": 1, "86": 1, "119": 1, "54": 1, "146": 1, "51": 1}, "135": {"121": 1, "total_commits": 35, "99": 1, "129": 1, "137": 1, "43": 1, "46": 1, "120": 1, "131": 1, "134": 1, "17": 1, "133": 1, "118": 1, "138": 1, "128": 1, "52": 1, "130": 1, "38": 1, "22": 1, "16": 1, "123": 1, "124": 1, "125": 1, "113": 1, "11": 1, "44": 1, "126": 1, "139": 1, "117": 1, "50": 1, "122": 1, "132": 1, "136": 1, "86": 1, "119": 1, "127": 1}, "132": {"139": 1, "total_commits": 51, "117": 1, "121": 1, "50": 1, "46": 1, "120": 1, "122": 1, "131": 1, "136": 1, "86": 1, "119": 1, "127": 1, "99": 1, "129": 1, "137": 1, "38": 1, "43": 1, "125": 1, "134": 1, "17": 2, "133": 1, "11": 2, "118": 1, "138": 1, "128": 1, "52": 1, "135": 1, "130": 1, "22": 1, "16": 2, "123": 1, "124": 1, "113": 1, "44": 1, "126": 1, "10": 2, "172": 2, "41": 1, "176": 1, "177": 1, "174": 1, "171": 1, "175": 1, "15": 1, "179": 1, "178": 1}, "121": {"139": 1, "total_commits": 48, "127": 2, "117": 2, "50": 1, "99": 2, "46": 1, "120": 1, "122": 2, "131": 1, "136": 1, "118": 1, "138": 1, "86": 1, "119": 1, "129": 1, "137": 1, "38": 1, "43": 1, "16": 3, "125": 1, "134": 1, "17": 2, "113": 1, "133": 1, "11": 2, "128": 1, "52": 1, "135": 1, "130": 1, "22": 1, "123": 1, "124": 1, "132": 1, "44": 1, "126": 1, "160": 1, "166": 1, "15": 1, "167": 1, "182": 1}, "133": {"128": 1, "total_commits": 50, "52": 1, "22": 1, "123": 1, "132": 1, "136": 1, "126": 1, "119": 1, "139": 1, "127": 1, "117": 1, "121": 1, "50": 1, "99": 1, "43": 1, "46": 1, "120": 1, "122": 1, "131": 1, "118": 1, "138": 1, "86": 1, "135": 1, "129": 1, "130": 1, "137": 1, "38": 1, "16": 1, "124": 1, "125": 1, "134": 1, "17": 1, "113": 1, "11": 1, "44": 1, "97": 1, "35": 1, "217": 1, "239": 1, "245": 1, "241": 1, "243": 1, "244": 1, "240": 1, "34": 1, "238": 1, "247": 2, "277": 1, "242": 1}, "142": {"99": 1, "total_commits": 35, "62": 1, "144": 2, "7": 1, "143": 2, "74": 1, "75": 2, "125": 1, "4": 1, "86": 1, "95": 1, "127": 1, "90": 1, "140": 1, "8": 1, "56": 1, "5": 1, "98": 1, "141": 1, "61": 1, "126": 1, "219": 1, "72": 1, "77": 1, "37": 1, "35": 1, "73": 1, "220": 1, "277": 1, "43": 1, "217": 1, "71": 1}, "4": {"144": 1, "total_commits": 21, "7": 1, "143": 1, "74": 1, "5": 1, "98": 1, "75": 1, "126": 1, "142": 1, "95": 1, "125": 1, "127": 1, "86": 1, "90": 1, "140": 1, "8": 1, "56": 1, "141": 1, "61": 1, "99": 1, "62": 1}, "143": {"90": 1, "total_commits": 52, "140": 1, "8": 1, "56": 1, "5": 1, "141": 1, "61": 1, "99": 1, "62": 1, "144": 2, "7": 1, "74": 1, "98": 1, "75": 2, "126": 1, "4": 1, "142": 2, "95": 1, "125": 1, "127": 1, "86": 1, "71": 2, "219": 1, "73": 2, "72": 2, "77": 1, "37": 2, "35": 1, "220": 2, "277": 3, "43": 1, "217": 1, "276": 1, "278": 1, "259": 1, "239": 1, "147": 1, "273": 1, "39": 1, "241": 1, "279": 1, "275": 1}, "141": {"4": 1, "total_commits": 21, "86": 1, "142": 1, "95": 1, "125": 1, "127": 1, "90": 1, "140": 1, "8": 1, "56": 1, "5": 1, "98": 1, "61": 1, "126": 1, "99": 1, "62": 1, "144": 1, "7": 1, "143": 1, "74": 1, "75": 1}, "144": {"142": 2, "total_commits": 35, "95": 1, "127": 1, "90": 1, "140": 1, "8": 1, "56": 1, "5": 1, "98": 1, "141": 1, "61": 1, "126": 1, "99": 1, "62": 1, "7": 1, "143": 2, "74": 1, "75": 2, "125": 1, "4": 1, "86": 1, "72": 1, "77": 1, "37": 1, "35": 1, "73": 1, "220": 1, "277": 1, "43": 1, "217": 1, "71": 1, "219": 1}, "140": {"125": 1, "total_commits": 27, "127": 1, "86": 1, "8": 1, "56": 1, "141": 1, "95": 1, "99": 1, "90": 1, "7": 1, "143": 1, "5": 1, "98": 1, "61": 1, "126": 1, "4": 1, "62": 1, "144": 1, "142": 1, "74": 1, "75": 1, "168": 2, "89": 2, "107": 1, "106": 1}, "145": {"93": 1, "total_commits": 57, "77": 4, "64": 3, "56": 4, "89": 3, "151": 1, "68": 2, "146": 2, "154": 2, "150": 1, "43": 1, "70": 2, "148": 2, "167": 4, "92": 2, "100": 1, "149": 1, "147": 2, "152": 1, "156": 1, "157": 1, "158": 1, "85": 1, "90": 2, "120": 1, "155": 1, "123": 1, "11": 1, "41": 1, "129": 1, "281": 1, "159": 1, "168": 1, "169": 1, "55": 1, "8": 1}, "146": {"43": 1, "total_commits": 30, "70": 1, "148": 1, "167": 2, "92": 2, "100": 1, "149": 1, "147": 2, "152": 1, "145": 2, "89": 1, "77": 1, "151": 1, "68": 1, "154": 1, "150": 1, "129": 1, "281": 1, "159": 1, "56": 1, "11": 1, "41": 1, "139": 1, "54": 1, "51": 1, "52": 1}, "152": {"151": 1, "total_commits": 17, "68": 1, "154": 1, "150": 1, "43": 1, "70": 1, "92": 1, "147": 1, "148": 1, "167": 2, "100": 1, "149": 1, "145": 1, "146": 1, "89": 1, "77": 1}, "148": {"146": 1, "total_commits": 33, "154": 2, "150": 1, "89": 2, "43": 1, "70": 2, "167": 3, "92": 1, "100": 1, "149": 1, "147": 1, "152": 1, "68": 1, "77": 2, "151": 1, "145": 2, "158": 1, "85": 1, "90": 1, "120": 1, "155": 1, "123": 1, "56": 1, "156": 1, "157": 1, "64": 1}, "154": {"43": 1, "total_commits": 34, "70": 2, "148": 2, "167": 3, "92": 1, "100": 1, "149": 1, "147": 1, "152": 1, "89": 2, "77": 2, "151": 1, "68": 1, "145": 2, "146": 1, "150": 1, "85": 1, "90": 1, "120": 1, "155": 1, "123": 1, "56": 1, "156": 1, "157": 1, "64": 1, "158": 1, "117": 1}, "147": {"92": 2, "total_commits": 61, "100": 1, "149": 1, "152": 1, "167": 2, "77": 1, "151": 1, "68": 1, "145": 2, "146": 2, "154": 1, "150": 1, "89": 1, "43": 1, "70": 1, "148": 1, "129": 1, "281": 2, "159": 1, "56": 1, "11": 1, "41": 1, "221": 1, "195": 1, "188": 1, "187": 1, "220": 2, "112": 1, "49": 1, "239": 1, "273": 1, "39": 1, "277": 2, "241": 1, "72": 1, "143": 1, "279": 2, "275": 1, "276": 1, "37": 1, "71": 1, "278": 1, "73": 1, "259": 1, "62": 1, "280": 2, "282": 1, "286": 1, "283": 1, "284": 1, "285": 1, "287": 1}, "150": {"167": 2, "total_commits": 17, "145": 1, "146": 1, "89": 1, "77": 1, "151": 1, "68": 1, "148": 1, "154": 1, "43": 1, "70": 1, "92": 1, "100": 1, "147": 1, "152": 1, "149": 1}, "151": {"167": 2, "total_commits": 17, "145": 1, "146": 1, "89": 1, "70": 1, "77": 1, "68": 1, "148": 1, "154": 1, "150": 1, "43": 1, "92": 1, "100": 1, "149": 1, "147": 1, "152": 1}, "149": {"152": 1, "total_commits": 17, "167": 2, "151": 1, "145": 1, "146": 1, "89": 1, "77": 1, "70": 1, "68": 1, "148": 1, "154": 1, "150": 1, "43": 1, "92": 1, "100": 1, "147": 1}, "155": {"56": 1, "total_commits": 33, "77": 1, "157": 1, "123": 1, "145": 1, "156": 1, "89": 1, "70": 1, "64": 1, "158": 1, "148": 1, "154": 1, "120": 1, "167": 1, "85": 1, "90": 1, "200": 1, "208": 1, "201": 1, "205": 1, "209": 1, "27": 1, "172": 1, "207": 1, "117": 1, "203": 1, "196": 1, "206": 1, "197": 1, "202": 1, "204": 1, "199": 1, "198": 1}, "158": {"156": 1, "total_commits": 16, "89": 1, "157": 1, "77": 1, "64": 1, "148": 1, "154": 1, "120": 1, "70": 1, "155": 1, "85": 1, "90": 1, "167": 1, "123": 1, "56": 1, "145": 1}, "156": {"89": 1, "total_commits": 16, "70": 1, "64": 1, "158": 1, "148": 1, "154": 1, "120": 1, "167": 1, "155": 1, "85": 1, "90": 1, "56": 1, "157": 1, "77": 1, "123": 1, "145": 1}, "157": {"120": 1, "total_commits": 16, "167": 1, "123": 1, "56": 1, "145": 1, "156": 1, "89": 1, "77": 1, "64": 1, "158": 1, "154": 1, "70": 1, "155": 1, "85": 1, "148": 1, "90": 1}, "159": {"56": 1, "total_commits": 9, "11": 1, "41": 1, "145": 1, "146": 1, "92": 1, "129": 1, "281": 1, "147": 1}, "160": {"121": 1, "total_commits": 21, "16": 2, "162": 1, "27": 1, "164": 1, "163": 1, "117": 1, "161": 1, "165": 1, "120": 1, "14": 1, "30": 2, "25": 1, "98": 1, "172": 2, "51": 1, "11": 1, "173": 1}, "161": {"160": 1, "total_commits": 47, "162": 1, "27": 1, "164": 1, "163": 2, "117": 3, "25": 1, "98": 1, "120": 1, "14": 1, "165": 1, "16": 2, "30": 1, "170": 1, "201": 1, "205": 1, "211": 1, "80": 1, "196": 1, "207": 1, "206": 1, "171": 1, "197": 1, "202": 1, "203": 1, "198": 1, "210": 1, "200": 1, "263": 1, "260": 1, "262": 1, "261": 1, "267": 1, "266": 1, "270": 1, "272": 1, "264": 1, "268": 1, "269": 1, "92": 1, "265": 1, "271": 1, "93": 1}, "163": {"16": 1, "total_commits": 21, "30": 1, "162": 2, "27": 1, "164": 1, "117": 3, "25": 1, "98": 1, "161": 2, "165": 1, "120": 1, "14": 1, "160": 1, "39": 1, "171": 1, "41": 1, "11": 1}, "164": {"165": 1, "total_commits": 13, "16": 1, "30": 1, "160": 1, "27": 1, "117": 1, "25": 1, "98": 1, "161": 1, "162": 1, "163": 1, "120": 1, "14": 1}, "165": {"16": 1, "total_commits": 13, "30": 1, "160": 1, "27": 1, "163": 1, "117": 1, "25": 1, "98": 1, "161": 1, "162": 1, "164": 1, "120": 1, "14": 1}, "162": {"164": 1, "total_commits": 19, "163": 2, "117": 2, "161": 1, "165": 1, "120": 1, "14": 1, "160": 1, "16": 1, "30": 1, "27": 1, "25": 1, "98": 1, "41": 1, "11": 1, "39": 1, "171": 1}, "166": {"167": 1, "total_commits": 8, "15": 1, "121": 1, "17": 1, "11": 1, "99": 1, "117": 1, "16": 1}, "169": {"90": 1, "total_commits": 11, "8": 1, "56": 1, "77": 1, "145": 1, "168": 1, "89": 1, "64": 1, "55": 1, "68": 1, "167": 1}, "168": {"169": 1, "total_commits": 17, "145": 1, "89": 3, "77": 1, "64": 1, "55": 1, "68": 1, "167": 1, "90": 1, "8": 1, "56": 1, "140": 2, "106": 1, "107": 1}, "170": {"161": 1, "total_commits": 7, "172": 1, "19": 1, "192": 1, "28": 1, "191": 1, "190": 1}, "171": {"20": 1, "total_commits": 65, "16": 7, "80": 5, "55": 1, "81": 1, "97": 1, "11": 4, "39": 2, "41": 3, "10": 2, "117": 2, "162": 1, "163": 1, "177": 1, "175": 1, "15": 1, "179": 1, "178": 1, "132": 1, "176": 1, "174": 1, "17": 1, "194": 1, "207": 1, "161": 1, "202": 1, "203": 1, "196": 1, "206": 1, "197": 1, "205": 1, "198": 1, "210": 1, "200": 1, "201": 1, "211": 1, "236": 1, "237": 1, "235": 1, "99": 1, "12": 1, "42": 1, "120": 1, "249": 1, "248": 1, "119": 1, "127": 1}, "173": {"172": 2, "total_commits": 6, "51": 1, "11": 1, "160": 1, "30": 1}, "178": {"41": 1, "total_commits": 13, "177": 1, "174": 1, "10": 1, "15": 1, "171": 1, "132": 1, "175": 1, "16": 1, "179": 1, "11": 1, "176": 1, "17": 1}, "175": {"15": 1, "total_commits": 17, "179": 1, "178": 1, "11": 2, "16": 2, "41": 1, "176": 1, "177": 1, "174": 1, "17": 1, "10": 1, "171": 1, "132": 1, "180": 1, "181": 1}, "177": {"11": 1, "total_commits": 13, "176": 1, "17": 1, "41": 1, "174": 1, "10": 1, "15": 1, "179": 1, "171": 1, "178": 1, "132": 1, "175": 1, "16": 1}, "174": {"16": 1, "total_commits": 13, "41": 1, "176": 1, "177": 1, "17": 1, "10": 1, "171": 1, "175": 1, "15": 1, "179": 1, "178": 1, "132": 1, "11": 1}, "179": {"41": 1, "total_commits": 13, "177": 1, "174": 1, "17": 1, "10": 1, "15": 1, "171": 1, "178": 1, "132": 1, "175": 1, "16": 1, "11": 1, "176": 1}, "176": {"41": 1, "total_commits": 13, "177": 1, "174": 1, "17": 1, "10": 1, "171": 1, "132": 1, "175": 1, "16": 1, "15": 1, "179": 1, "178": 1, "11": 1}, "181": {"11": 1, "total_commits": 4, "180": 1, "16": 1, "175": 1}, "180": {"175": 1, "total_commits": 4, "11": 1, "181": 1, "16": 1}, "182": {"127": 1, "total_commits": 3, "122": 1, "121": 1}, "189": {"186": 1, "total_commits": 9, "183": 1, "185": 1, "112": 1, "49": 1, "184": 1, "187": 1, "188": 1, "97": 1}, "188": {"49": 2, "total_commits": 16, "97": 1, "189": 1, "186": 1, "183": 1, "185": 1, "112": 2, "184": 1, "187": 2, "221": 1, "195": 1, "147": 1, "220": 1}, "183": {"97": 1, "total_commits": 9, "187": 1, "189": 1, "186": 1, "185": 1, "112": 1, "184": 1, "188": 1, "49": 1}, "187": {"189": 1, "total_commits": 16, "186": 1, "183": 1, "185": 1, "112": 2, "184": 1, "188": 2, "49": 2, "97": 1, "220": 1, "221": 1, "195": 1, "147": 1}, "184": {"187": 1, "total_commits": 10, "188": 1, "97": 1, "189": 1, "186": 2, "183": 1, "185": 1, "112": 1, "49": 1}, "186": {"183": 1, "total_commits": 10, "185": 1, "112": 1, "49": 1, "184": 2, "187": 1, "188": 1, "97": 1, "189": 1}, "185": {"184": 1, "total_commits": 9, "186": 1, "188": 1, "183": 1, "112": 1, "49": 1, "187": 1, "97": 1, "189": 1}, "192": {"191": 1, "total_commits": 6, "190": 1, "170": 1, "172": 1, "19": 1, "28": 1}, "190": {"170": 1, "total_commits": 6, "172": 1, "19": 1, "192": 1, "28": 1, "191": 1}, "191": {"190": 1, "total_commits": 6, "170": 1, "28": 1, "172": 1, "19": 1, "192": 1}, "193": {"110": 1, "total_commits": 7, "81": 1, "20": 1, "109": 1, "112": 1, "49": 1, "111": 1}, "194": {"16": 1, "total_commits": 3, "80": 1, "171": 1}, "195": {"49": 2, "total_commits": 9, "110": 1, "188": 1, "147": 1, "187": 1, "220": 1, "112": 1, "221": 1}, "204": {"206": 1, "total_commits": 17, "155": 1, "197": 1, "202": 1, "203": 1, "198": 1, "200": 1, "201": 1, "205": 1, "199": 1, "27": 1, "172": 1, "208": 1, "117": 1, "209": 1, "196": 1, "207": 1}, "209": {"202": 1, "total_commits": 17, "203": 1, "196": 1, "206": 1, "200": 1, "197": 1, "204": 1, "205": 1, "199": 1, "198": 1, "27": 1, "208": 1, "117": 1, "201": 1, "172": 1, "207": 1, "155": 1}, "207": {"155": 1, "total_commits": 33, "202": 2, "203": 2, "196": 2, "200": 2, "197": 2, "204": 1, "205": 2, "206": 2, "199": 1, "198": 2, "27": 1, "208": 1, "117": 2, "201": 2, "209": 1, "172": 1, "16": 1, "210": 1, "211": 1, "80": 1, "171": 1, "161": 1}, "199": {"155": 1, "total_commits": 17, "202": 1, "203": 1, "196": 1, "206": 1, "197": 1, "204": 1, "205": 1, "198": 1, "27": 1, "200": 1, "208": 1, "201": 1, "209": 1, "172": 1, "207": 1, "117": 1}, "201": {"206": 2, "total_commits": 39, "155": 1, "197": 2, "202": 3, "204": 1, "199": 1, "198": 2, "200": 3, "208": 1, "205": 3, "209": 1, "27": 1, "172": 1, "207": 2, "117": 2, "203": 2, "196": 2, "171": 1, "16": 1, "210": 1, "211": 1, "80": 1, "161": 1, "212": 1, "214": 1, "213": 1}, "205": {"198": 2, "total_commits": 39, "200": 3, "197": 2, "204": 1, "201": 3, "199": 1, "27": 1, "172": 1, "208": 1, "117": 2, "209": 1, "196": 2, "207": 2, "206": 2, "155": 1, "202": 3, "203": 2, "210": 1, "211": 1, "161": 1, "80": 1, "171": 1, "16": 1, "213": 1, "214": 1, "212": 1}, "203": {"196": 2, "total_commits": 36, "172": 1, "207": 2, "206": 2, "155": 1, "202": 2, "198": 2, "200": 3, "197": 2, "204": 1, "201": 2, "205": 2, "199": 1, "27": 1, "208": 1, "117": 2, "209": 1, "80": 1, "171": 1, "16": 1, "211": 1, "210": 2, "161": 1, "110": 1}, "200": {"27": 1, "total_commits": 42, "172": 1, "207": 2, "117": 2, "202": 3, "203": 3, "196": 2, "206": 2, "155": 1, "197": 2, "204": 1, "205": 3, "199": 1, "198": 2, "208": 1, "201": 3, "209": 1, "80": 1, "171": 1, "161": 1, "16": 1, "210": 2, "211": 1, "214": 1, "213": 1, "212": 1, "110": 1}, "198": {"200": 2, "total_commits": 33, "197": 2, "204": 1, "205": 2, "199": 1, "27": 1, "208": 1, "117": 2, "201": 2, "209": 1, "172": 1, "207": 2, "206": 2, "155": 1, "202": 2, "203": 2, "196": 2, "210": 1, "211": 1, "80": 1, "171": 1, "161": 1, "16": 1}, "196": {"197": 2, "total_commits": 52, "204": 1, "205": 2, "199": 1, "198": 2, "27": 1, "200": 2, "208": 1, "117": 2, "201": 2, "209": 1, "172": 2, "207": 2, "155": 1, "202": 2, "203": 2, "206": 2, "16": 1, "210": 1, "211": 1, "80": 1, "171": 1, "161": 1, "228": 1, "230": 1, "72": 1, "111": 1, "226": 1, "229": 1, "128": 1, "224": 1, "231": 1, "232": 1, "234": 2, "112": 1, "225": 1, "216": 1, "223": 1, "110": 1, "233": 1}, "208": {"209": 1, "total_commits": 25, "172": 3, "207": 1, "155": 1, "202": 1, "203": 1, "196": 1, "206": 1, "197": 1, "204": 1, "205": 1, "199": 1, "198": 1, "27": 1, "200": 1, "117": 1, "201": 1, "215": 1, "216": 2, "214": 1, "11": 1, "222": 1}, "197": {"209": 1, "total_commits": 33, "27": 1, "172": 1, "207": 2, "117": 2, "202": 2, "203": 2, "196": 2, "206": 2, "155": 1, "204": 1, "205": 2, "198": 2, "199": 1, "200": 2, "208": 1, "201": 2, "211": 1, "80": 1, "171": 1, "161": 1, "16": 1, "210": 1}, "206": {"155": 1, "total_commits": 33, "197": 2, "204": 1, "205": 2, "199": 1, "198": 2, "200": 2, "208": 1, "201": 2, "209": 1, "27": 1, "172": 1, "207": 2, "117": 2, "202": 2, "203": 2, "196": 2, "171": 1, "16": 1, "210": 1, "211": 1, "80": 1, "161": 1}, "202": {"203": 2, "total_commits": 39, "196": 2, "206": 2, "155": 1, "197": 2, "204": 1, "205": 3, "199": 1, "198": 2, "200": 3, "208": 1, "201": 3, "209": 1, "27": 1, "172": 1, "207": 2, "117": 2, "161": 1, "16": 1, "210": 1, "211": 1, "80": 1, "171": 1, "214": 1, "213": 1, "212": 1}, "210": {"206": 1, "total_commits": 19, "171": 1, "197": 1, "205": 1, "16": 1, "198": 1, "200": 2, "201": 1, "211": 1, "80": 1, "207": 1, "117": 1, "161": 1, "202": 1, "203": 2, "196": 1, "110": 1}, "211": {"206": 1, "total_commits": 16, "171": 1, "202": 1, "197": 1, "196": 1, "16": 1, "198": 1, "210": 1, "200": 1, "201": 1, "205": 1, "80": 1, "207": 1, "117": 1, "161": 1, "203": 1}, "212": {"213": 1, "total_commits": 6, "205": 1, "202": 1, "200": 1, "201": 1, "214": 1}, "213": {"201": 1, "total_commits": 6, "214": 1, "205": 1, "212": 1, "200": 1, "202": 1}, "214": {"202": 1, "total_commits": 10, "200": 1, "201": 1, "205": 1, "213": 1, "212": 1, "215": 1, "172": 1, "208": 1, "216": 1}, "216": {"172": 3, "total_commits": 27, "208": 2, "214": 1, "215": 1, "11": 1, "222": 1, "223": 1, "234": 2, "233": 1, "196": 1, "230": 1, "72": 1, "111": 1, "110": 1, "224": 1, "228": 1, "231": 1, "232": 1, "226": 1, "112": 1, "225": 1, "229": 1, "128": 1}, "215": {"172": 1, "total_commits": 4, "208": 1, "216": 1, "214": 1}, "219": {"217": 1, "total_commits": 14, "71": 1, "144": 1, "72": 1, "142": 1, "143": 1, "77": 1, "37": 1, "35": 1, "73": 1, "220": 1, "277": 1, "43": 1, "75": 1}, "220": {"37": 2, "total_commits": 38, "277": 3, "43": 1, "75": 1, "217": 1, "142": 1, "71": 2, "35": 1, "73": 2, "219": 1, "144": 1, "72": 2, "143": 2, "77": 1, "195": 1, "147": 2, "188": 1, "187": 1, "112": 1, "49": 1, "221": 1, "275": 1, "276": 1, "278": 1, "259": 1, "239": 1, "273": 1, "39": 1, "241": 1, "279": 1}, "217": {"277": 2, "total_commits": 29, "43": 1, "75": 1, "142": 1, "71": 1, "219": 1, "144": 1, "72": 1, "143": 1, "77": 1, "37": 1, "35": 2, "73": 1, "220": 1, "242": 1, "97": 1, "133": 1, "245": 1, "239": 1, "238": 1, "241": 1, "243": 1, "244": 1, "240": 1, "34": 1, "247": 2}, "277": {"144": 1, "total_commits": 63, "72": 3, "143": 3, "77": 1, "37": 3, "35": 2, "73": 3, "220": 3, "43": 1, "75": 1, "217": 2, "142": 1, "71": 3, "219": 1, "239": 3, "243": 1, "238": 1, "241": 3, "244": 1, "240": 1, "34": 1, "242": 1, "247": 2, "97": 1, "133": 1, "245": 1, "279": 2, "147": 2, "275": 2, "273": 2, "39": 2, "277": 2, "276": 2, "278": 2, "259": 2}, "221": {"112": 1, "total_commits": 7, "49": 1, "195": 1, "147": 1, "188": 1, "187": 1, "220": 1}, "222": {"172": 1, "total_commits": 4, "208": 1, "11": 1, "216": 1}, "234": {"128": 2, "total_commits": 38, "224": 2, "228": 2, "172": 2, "231": 2, "72": 2, "232": 2, "226": 2, "234": 2, "112": 2, "225": 2, "229": 2, "216": 2, "223": 2, "230": 2, "110": 2, "233": 2, "196": 2, "111": 2}, "229": {"111": 1, "total_commits": 19, "110": 1, "224": 1, "228": 1, "231": 1, "232": 1, "234": 2, "226": 1, "225": 1, "112": 1, "128": 1, "223": 1, "233": 1, "196": 1, "216": 1, "172": 1, "230": 1, "72": 1}, "223": {"110": 1, "total_commits": 19, "224": 1, "228": 1, "231": 1, "232": 1, "234": 2, "226": 1, "112": 1, "225": 1, "229": 1, "128": 1, "233": 1, "196": 1, "216": 1, "172": 1, "230": 1, "72": 1, "111": 1}, "225": {"234": 2, "total_commits": 19, "112": 1, "196": 1, "216": 1, "230": 1, "111": 1, "110": 1, "233": 1, "224": 1, "228": 1, "172": 1, "72": 1, "232": 1, "226": 1, "229": 1, "128": 1, "231": 1, "223": 1}, "233": {"225": 1, "total_commits": 19, "229": 1, "128": 1, "223": 1, "234": 2, "112": 1, "196": 1, "216": 1, "172": 1, "230": 1, "72": 1, "111": 1, "110": 1, "224": 1, "228": 1, "231": 1, "232": 1, "226": 1}, "226": {"229": 1, "total_commits": 19, "128": 1, "224": 1, "231": 1, "232": 1, "234": 2, "112": 1, "225": 1, "216": 1, "223": 1, "110": 1, "233": 1, "196": 1, "228": 1, "172": 1, "230": 1, "72": 1, "111": 1}, "230": {"112": 1, "total_commits": 19, "225": 1, "216": 1, "229": 1, "128": 1, "223": 1, "110": 1, "234": 2, "233": 1, "196": 1, "172": 1, "72": 1, "111": 1, "224": 1, "228": 1, "231": 1, "232": 1, "226": 1}, "231": {"228": 1, "total_commits": 19, "172": 1, "230": 1, "72": 1, "111": 1, "229": 1, "224": 1, "232": 1, "234": 2, "226": 1, "112": 1, "225": 1, "216": 1, "128": 1, "223": 1, "110": 1, "233": 1, "196": 1}, "224": {"229": 1, "total_commits": 19, "128": 1, "231": 1, "234": 2, "112": 1, "225": 1, "216": 1, "230": 1, "223": 1, "111": 1, "110": 1, "233": 1, "196": 1, "228": 1, "172": 1, "72": 1, "232": 1, "226": 1}, "232": {"229": 1, "total_commits": 19, "128": 1, "224": 1, "231": 1, "234": 2, "112": 1, "225": 1, "196": 1, "216": 1, "230": 1, "223": 1, "111": 1, "110": 1, "233": 1, "228": 1, "172": 1, "72": 1, "226": 1}, "228": {"234": 2, "total_commits": 19, "112": 1, "225": 1, "196": 1, "216": 1, "230": 1, "223": 1, "111": 1, "110": 1, "233": 1, "172": 1, "72": 1, "232": 1, "226": 1, "229": 1, "128": 1, "224": 1, "231": 1}, "236": {"80": 1, "total_commits": 12, "11": 1, "16": 1, "171": 1, "237": 2, "235": 2, "254": 1, "20": 1, "128": 1, "253": 1}, "237": {"80": 1, "total_commits": 12, "11": 1, "236": 2, "16": 1, "171": 1, "235": 2, "254": 1, "20": 1, "128": 1, "253": 1}, "235": {"11": 1, "total_commits": 12, "16": 1, "236": 2, "171": 1, "237": 2, "80": 1, "254": 1, "20": 1, "128": 1, "253": 1}, "247": {"247": 2, "total_commits": 30, "277": 2, "217": 2, "242": 2, "97": 2, "133": 2, "35": 2, "239": 2, "245": 2, "238": 2, "241": 2, "243": 2, "244": 2, "240": 2, "34": 2}, "242": {"240": 1, "total_commits": 15, "34": 1, "35": 1, "247": 2, "277": 1, "217": 1, "97": 1, "133": 1, "239": 1, "245": 1, "238": 1, "241": 1, "243": 1, "244": 1}, "239": {"242": 1, "total_commits": 32, "247": 2, "35": 1, "217": 1, "97": 1, "133": 1, "245": 1, "241": 2, "243": 1, "244": 1, "240": 1, "34": 1, "238": 1, "277": 3, "276": 1, "37": 1, "275": 1, "73": 1, "259": 1, "220": 1, "71": 1, "147": 1, "278": 1, "273": 1, "39": 1, "72": 1, "143": 1, "279": 1}, "241": {"34": 1, "total_commits": 32, "238": 1, "244": 1, "240": 1, "242": 1, "247": 2, "35": 1, "277": 3, "217": 1, "97": 1, "133": 1, "245": 1, "239": 2, "243": 1, "39": 1, "72": 1, "143": 1, "279": 1, "37": 1, "275": 1, "73": 1, "220": 1, "276": 1, "71": 1, "147": 1, "278": 1, "273": 1, "259": 1}, "238": {"244": 1, "total_commits": 15, "240": 1, "34": 1, "247": 2, "35": 1, "277": 1, "217": 1, "242": 1, "97": 1, "133": 1, "245": 1, "239": 1, "241": 1, "243": 1}, "244": {"239": 1, "total_commits": 15, "133": 1, "245": 1, "238": 1, "241": 1, "243": 1, "240": 1, "34": 1, "247": 2, "277": 1, "217": 1, "242": 1, "97": 1, "35": 1}, "245": {"241": 1, "total_commits": 15, "243": 1, "244": 1, "240": 1, "34": 1, "238": 1, "247": 2, "277": 1, "242": 1, "97": 1, "35": 1, "217": 1, "239": 1, "133": 1}, "240": {"239": 1, "total_commits": 15, "238": 1, "241": 1, "243": 1, "244": 1, "34": 1, "247": 2, "35": 1, "277": 1, "217": 1, "242": 1, "97": 1, "133": 1, "245": 1}, "243": {"244": 1, "total_commits": 15, "240": 1, "242": 1, "247": 2, "35": 1, "277": 1, "217": 1, "97": 1, "133": 1, "245": 1, "239": 1, "34": 1, "238": 1, "241": 1}, "248": {"171": 1, "total_commits": 10, "249": 1, "16": 1, "119": 1, "127": 1, "80": 1, "99": 1, "12": 1, "42": 1, "120": 1}, "249": {"99": 1, "total_commits": 10, "12": 1, "42": 1, "120": 1, "171": 1, "16": 1, "248": 1, "119": 1, "127": 1, "80": 1}, "251": {"252": 1, "total_commits": 2, "250": 1}, "250": {"251": 1, "total_commits": 2, "252": 1}, "252": {"250": 1, "total_commits": 2, "251": 1}, "253": {"235": 1, "total_commits": 7, "254": 1, "20": 1, "128": 1, "236": 1, "237": 1, "258": 1}, "254": {"20": 1, "total_commits": 6, "128": 1, "236": 1, "237": 1, "235": 1, "253": 1}, "255": {"10": 1, "total_commits": 1}, "256": {"257": 1, "total_commits": 1}, "257": {"256": 1, "total_commits": 1}, "258": {"253": 1, "total_commits": 1}, "266": {"269": 1, "total_commits": 15, "92": 1, "271": 1, "260": 1, "93": 1, "263": 1, "262": 1, "261": 1, "270": 1, "268": 1, "267": 1, "161": 1, "265": 1, "272": 1, "264": 1}, "271": {"262": 1, "total_commits": 15, "266": 1, "270": 1, "272": 1, "264": 1, "268": 1, "269": 1, "92": 1, "265": 1, "93": 1, "263": 1, "260": 1, "261": 1, "267": 1, "161": 1}, "270": {"268": 1, "total_commits": 15, "269": 1, "92": 1, "265": 1, "271": 1, "93": 1, "263": 1, "260": 1, "261": 1, "267": 1, "161": 1, "262": 1, "266": 1, "272": 1, "264": 1}, "269": {"272": 1, "total_commits": 15, "264": 1, "92": 1, "271": 1, "260": 1, "93": 1, "263": 1, "262": 1, "261": 1, "270": 1, "268": 1, "267": 1, "161": 1, "265": 1, "266": 1}, "263": {"92": 1, "total_commits": 15, "265": 1, "271": 1, "269": 1, "93": 1, "260": 1, "262": 1, "261": 1, "270": 1, "267": 1, "161": 1, "266": 1, "272": 1, "264": 1, "268": 1}, "267": {"260": 1, "total_commits": 15, "93": 1, "263": 1, "262": 1, "261": 1, "270": 1, "268": 1, "161": 1, "265": 1, "266": 1, "272": 1, "264": 1, "269": 1, "92": 1, "271": 1}, "261": {"263": 1, "total_commits": 15, "262": 1, "270": 1, "268": 1, "267": 1, "161": 1, "92": 1, "265": 1, "266": 1, "272": 1, "264": 1, "269": 1, "271": 1, "260": 1, "93": 1}, "260": {"265": 1, "total_commits": 15, "272": 1, "271": 1, "93": 1, "263": 1, "261": 1, "262": 1, "266": 1, "270": 1, "264": 1, "268": 1, "269": 1, "267": 1, "161": 1, "92": 1}, "268": {"267": 1, "total_commits": 15, "161": 1, "262": 1, "266": 1, "270": 1, "264": 1, "269": 1, "92": 1, "265": 1, "272": 1, "271": 1, "93": 1, "263": 1, "260": 1, "261": 1}, "262": {"265": 1, "total_commits": 15, "266": 1, "272": 1, "264": 1, "269": 1, "92": 1, "271": 1, "260": 1, "93": 1, "263": 1, "261": 1, "270": 1, "268": 1, "267": 1, "161": 1}, "272": {"267": 1, "total_commits": 15, "161": 1, "262": 1, "266": 1, "270": 1, "264": 1, "268": 1, "269": 1, "92": 1, "265": 1, "271": 1, "93": 1, "263": 1, "260": 1, "261": 1}, "264": {"271": 1, "total_commits": 15, "260": 1, "93": 1, "263": 1, "262": 1, "261": 1, "270": 1, "268": 1, "267": 1, "161": 1, "265": 1, "266": 1, "272": 1, "269": 1, "92": 1}, "265": {"263": 1, "total_commits": 15, "260": 1, "262": 1, "261": 1, "267": 1, "161": 1, "266": 1, "270": 1, "272": 1, "264": 1, "268": 1, "269": 1, "92": 1, "271": 1, "93": 1}, "275": {"277": 2, "total_commits": 17, "241": 1, "72": 1, "143": 1, "279": 1, "37": 1, "73": 1, "220": 1, "276": 1, "71": 1, "147": 1, "278": 1, "273": 1, "259": 1, "239": 1, "39": 1}, "259": {"279": 1, "total_commits": 17, "72": 1, "143": 1, "276": 1, "37": 1, "275": 1, "73": 1, "220": 1, "277": 2, "239": 1, "71": 1, "147": 1, "278": 1, "273": 1, "39": 1, "241": 1}, "279": {"278": 1, "total_commits": 30, "273": 1, "259": 1, "239": 1, "39": 1, "277": 2, "241": 1, "72": 1, "143": 1, "37": 1, "275": 1, "73": 1, "220": 1, "276": 1, "71": 1, "147": 2, "283": 2, "285": 1, "284": 1, "287": 2, "286": 2, "282": 1, "280": 1, "288": 1, "52": 1}, "278": {"220": 1, "total_commits": 17, "277": 2, "276": 1, "37": 1, "71": 1, "73": 1, "259": 1, "239": 1, "147": 1, "273": 1, "39": 1, "241": 1, "72": 1, "143": 1, "279": 1, "275": 1}, "273": {"72": 1, "total_commits": 17, "143": 1, "279": 1, "37": 1, "275": 1, "73": 1, "220": 1, "277": 2, "276": 1, "71": 1, "278": 1, "259": 1, "239": 1, "147": 1, "39": 1, "241": 1}, "276": {"239": 1, "total_commits": 17, "147": 1, "273": 1, "39": 1, "277": 2, "241": 1, "72": 1, "143": 1, "279": 1, "37": 1, "275": 1, "73": 1, "220": 1, "71": 1, "278": 1, "259": 1}, "280": {"62": 1, "total_commits": 11, "147": 2, "281": 1, "279": 1, "282": 1, "283": 1, "284": 1, "285": 1, "287": 1, "286": 1}, "286": {"282": 1, "total_commits": 13, "147": 1, "280": 1, "283": 2, "284": 1, "285": 1, "287": 2, "279": 2, "288": 1, "52": 1}, "287": {"286": 2, "total_commits": 13, "279": 2, "282": 1, "147": 1, "280": 1, "283": 2, "284": 1, "285": 1, "288": 1, "52": 1}, "284": {"279": 1, "total_commits": 8, "147": 1, "282": 1, "280": 1, "283": 1, "285": 1, "287": 1, "286": 1}, "282": {"147": 1, "total_commits": 8, "280": 1, "283": 1, "284": 1, "285": 1, "287": 1, "286": 1, "279": 1}, "285": {"287": 1, "total_commits": 8, "286": 1, "279": 1, "282": 1, "147": 1, "280": 1, "283": 1, "284": 1}, "283": {"284": 1, "total_commits": 13, "285": 1, "287": 2, "286": 2, "279": 2, "147": 1, "282": 1, "280": 1, "52": 1, "288": 1}, "288": {"283": 1, "total_commits": 5, "52": 1, "287": 1, "286": 1, "279": 1}}