{"9": ["qlichunyu@163.com"], "10": ["qlichunyu@163.com"], "11": ["qlichunyu@163.com"], "12": ["qlichunyu@163.com"], "13": ["qlichunyu@163.com"], "14": ["qlichunyu@163.com"], "15": ["qlichunyu@163.com"], "16": ["qlichunyu@163.com", "935658701@qq.com"], "17": ["qlichunyu@163.com", "935658701@qq.com"], "18": ["qlichunyu@163.com"], "19": ["qlichunyu@163.com", "935658701@qq.com"], "20": ["qlichunyu@163.com", "935658701@qq.com"], "21": ["qlichunyu@163.com"], "22": ["qlichunyu@163.com"], "23": ["qlichunyu@163.com"], "24": ["qlichunyu@163.com"], "25": ["qlichunyu@163.com"], "172": ["qlichunyu@163.com"], "27": ["qlichunyu@163.com"], "28": ["qlichunyu@163.com"], "30": ["qlichunyu@163.com"], "31": ["qlichunyu@163.com"], "32": ["qlichunyu@163.com"], "33": ["qlichunyu@163.com"], "34": ["qlichunyu@163.com"], "35": ["qlichunyu@163.com"], "167": ["qlichunyu@163.com"], "37": ["qlichunyu@163.com"], "38": ["qlichunyu@163.com"], "39": ["qlichunyu@163.com"], "40": ["qlichunyu@163.com"], "41": ["qlichunyu@163.com"], "42": ["qlichunyu@163.com"], "43": ["qlichunyu@163.com"], "44": ["qlichunyu@163.com"], "45": ["qlichunyu@163.com"], "46": ["qlichunyu@163.com"], "281": ["qlichunyu@163.com"], "48": ["qlichunyu@163.com"], "49": ["qlichunyu@163.com"], "50": ["qlichunyu@163.com"], "51": ["qlichunyu@163.com"], "52": ["qlichunyu@163.com"], "53": ["qlichunyu@163.com"], "54": ["qlichunyu@163.com"], "55": ["qlichunyu@163.com"], "56": ["qlichunyu@163.com"], "57": ["qlichunyu@163.com"], "58": ["qlichunyu@163.com"], "59": ["qlichunyu@163.com"], "60": ["qlichunyu@163.com"], "61": ["qlichunyu@163.com"], "5": ["qlichunyu@163.com"], "8": ["qlichunyu@163.com"], "7": ["qlichunyu@163.com"], "62": ["qlichunyu@163.com"], "63": ["qlichunyu@163.com"], "64": ["qlichunyu@163.com"], "65": ["qlichunyu@163.com"], "66": ["qlichunyu@163.com"], "67": ["qlichunyu@163.com"], "68": ["qlichunyu@163.com"], "69": ["qlichunyu@163.com"], "70": ["qlichunyu@163.com"], "71": ["qlichunyu@163.com"], "72": ["qlichunyu@163.com"], "73": ["qlichunyu@163.com"], "74": ["qlichunyu@163.com"], "75": ["qlichunyu@163.com"], "76": ["qlichunyu@163.com"], "77": ["qlichunyu@163.com"], "78": ["qlichunyu@163.com"], "79": ["qlichunyu@163.com"], "80": ["qlichunyu@163.com"], "81": ["qlichunyu@163.com"], "82": ["qlichunyu@163.com"], "83": ["qlichunyu@163.com"], "84": ["qlichunyu@163.com"], "85": ["qlichunyu@163.com"], "86": ["qlichunyu@163.com"], "87": ["qlichunyu@163.com"], "88": ["qlichunyu@163.com"], "89": ["qlichunyu@163.com"], "90": ["qlichunyu@163.com"], "91": ["qlichunyu@163.com"], "92": ["qlichunyu@163.com"], "93": ["qlichunyu@163.com"], "94": ["qlichunyu@163.com"], "95": ["qlichunyu@163.com"], "96": ["qlichunyu@163.com"], "97": ["qlichunyu@163.com"], "98": ["qlichunyu@163.com"], "99": ["qlichunyu@163.com"], "100": ["qlichunyu@163.com"], "101": ["qlichunyu@163.com"], "102": ["qlichunyu@163.com"], "103": ["qlichunyu@163.com"], "104": ["qlichunyu@163.com"], "105": ["qlichunyu@163.com"], "106": ["qlichunyu@163.com"], "107": ["qlichunyu@163.com"], "108": ["qlichunyu@163.com"], "109": ["qlichunyu@163.com"], "110": ["qlichunyu@163.com"], "111": ["qlichunyu@163.com"], "112": ["qlichunyu@163.com"], "113": ["qlichunyu@163.com"], "116": ["qlichunyu@163.com"], "117": ["qlichunyu@163.com"], "118": ["qlichunyu@163.com"], "119": ["qlichunyu@163.com"], "120": ["qlichunyu@163.com"], "121": ["qlichunyu@163.com"], "122": ["qlichunyu@163.com"], "123": ["qlichunyu@163.com"], "124": ["qlichunyu@163.com"], "125": ["qlichunyu@163.com"], "126": ["qlichunyu@163.com"], "127": ["qlichunyu@163.com"], "128": ["qlichunyu@163.com"], "129": ["qlichunyu@163.com"], "130": ["qlichunyu@163.com"], "131": ["qlichunyu@163.com"], "132": ["qlichunyu@163.com"], "133": ["qlichunyu@163.com"], "134": ["qlichunyu@163.com"], "135": ["qlichunyu@163.com"], "136": ["qlichunyu@163.com"], "137": ["qlichunyu@163.com"], "138": ["qlichunyu@163.com"], "139": ["qlichunyu@163.com"], "140": ["qlichunyu@163.com"], "141": ["qlichunyu@163.com"], "4": ["qlichunyu@163.com"], "142": ["qlichunyu@163.com"], "143": ["qlichunyu@163.com"], "144": ["qlichunyu@163.com"], "145": ["qlichunyu@163.com"], "146": ["qlichunyu@163.com"], "147": ["qlichunyu@163.com"], "148": ["qlichunyu@163.com"], "149": ["qlichunyu@163.com"], "150": ["qlichunyu@163.com"], "151": ["qlichunyu@163.com"], "152": ["qlichunyu@163.com"], "154": ["qlichunyu@163.com"], "155": ["qlichunyu@163.com"], "156": ["qlichunyu@163.com"], "157": ["qlichunyu@163.com"], "158": ["qlichunyu@163.com"], "159": ["qlichunyu@163.com"], "160": ["qlichunyu@163.com"], "161": ["qlichunyu@163.com"], "162": ["qlichunyu@163.com"], "163": ["qlichunyu@163.com"], "164": ["qlichunyu@163.com"], "165": ["qlichunyu@163.com"], "166": ["qlichunyu@163.com"], "168": ["qlichunyu@163.com"], "169": ["qlichunyu@163.com"], "170": ["qlichunyu@163.com"], "171": ["qlichunyu@163.com"], "173": ["qlichunyu@163.com"], "174": ["qlichunyu@163.com"], "175": ["qlichunyu@163.com"], "176": ["qlichunyu@163.com"], "177": ["qlichunyu@163.com"], "178": ["qlichunyu@163.com"], "179": ["qlichunyu@163.com"], "180": ["qlichunyu@163.com"], "181": ["qlichunyu@163.com"], "182": ["qlichunyu@163.com"], "183": ["qlichunyu@163.com"], "184": ["qlichunyu@163.com"], "185": ["qlichunyu@163.com"], "186": ["qlichunyu@163.com"], "187": ["qlichunyu@163.com"], "188": ["qlichunyu@163.com"], "189": ["qlichunyu@163.com"], "190": ["qlichunyu@163.com"], "191": ["qlichunyu@163.com"], "192": ["qlichunyu@163.com"], "193": ["qlichunyu@163.com"], "194": ["qlichunyu@163.com"], "195": ["qlichunyu@163.com"], "196": ["qlichunyu@163.com"], "197": ["qlichunyu@163.com"], "198": ["qlichunyu@163.com"], "199": ["qlichunyu@163.com"], "200": ["qlichunyu@163.com"], "201": ["qlichunyu@163.com"], "202": ["qlichunyu@163.com"], "203": ["qlichunyu@163.com"], "204": ["qlichunyu@163.com"], "205": ["qlichunyu@163.com"], "206": ["qlichunyu@163.com"], "207": ["qlichunyu@163.com"], "208": ["qlichunyu@163.com"], "209": ["qlichunyu@163.com"], "210": ["qlichunyu@163.com"], "211": ["qlichunyu@163.com"], "212": ["qlichunyu@163.com"], "213": ["qlichunyu@163.com"], "214": ["qlichunyu@163.com"], "215": ["qlichunyu@163.com"], "216": ["qlichunyu@163.com"], "217": ["qlichunyu@163.com"], "277": ["qlichunyu@163.com"], "219": ["qlichunyu@163.com"], "220": ["qlichunyu@163.com"], "221": ["qlichunyu@163.com"], "222": ["qlichunyu@163.com"], "223": ["qlichunyu@163.com"], "224": ["qlichunyu@163.com"], "225": ["qlichunyu@163.com"], "226": ["qlichunyu@163.com"], "234": ["qlichunyu@163.com"], "228": ["qlichunyu@163.com"], "229": ["qlichunyu@163.com"], "230": ["qlichunyu@163.com"], "231": ["qlichunyu@163.com"], "232": ["qlichunyu@163.com"], "233": ["qlichunyu@163.com"], "235": ["qlichunyu@163.com"], "236": ["qlichunyu@163.com"], "237": ["qlichunyu@163.com"], "238": ["qlichunyu@163.com"], "239": ["qlichunyu@163.com"], "240": ["qlichunyu@163.com"], "241": ["qlichunyu@163.com"], "242": ["qlichunyu@163.com"], "243": ["qlichunyu@163.com"], "244": ["qlichunyu@163.com"], "245": ["qlichunyu@163.com"], "247": ["qlichunyu@163.com"], "248": ["qlichunyu@163.com"], "249": ["qlichunyu@163.com"], "250": ["qlichunyu@163.com"], "251": ["qlichunyu@163.com"], "252": ["qlichunyu@163.com"], "253": ["qlichunyu@163.com"], "254": ["qlichunyu@163.com"], "255": ["qlichunyu@163.com"], "256": ["qlichunyu@163.com"], "257": ["qlichunyu@163.com"], "258": ["qlichunyu@163.com"], "259": ["qlichunyu@163.com"], "260": ["qlichunyu@163.com"], "261": ["qlichunyu@163.com"], "262": ["qlichunyu@163.com"], "263": ["qlichunyu@163.com"], "264": ["qlichunyu@163.com"], "265": ["qlichunyu@163.com"], "266": ["qlichunyu@163.com"], "267": ["qlichunyu@163.com"], "268": ["qlichunyu@163.com"], "269": ["qlichunyu@163.com"], "270": ["qlichunyu@163.com"], "271": ["qlichunyu@163.com"], "272": ["qlichunyu@163.com"], "273": ["qlichunyu@163.com"], "274": ["qlichunyu@163.com"], "275": ["qlichunyu@163.com"], "276": ["qlichunyu@163.com"], "278": ["qlichunyu@163.com"], "279": ["qlichunyu@163.com"], "280": ["qlichunyu@163.com"], "282": ["qlichunyu@163.com"], "283": ["qlichunyu@163.com"], "284": ["qlichunyu@163.com"], "285": ["qlichunyu@163.com"], "286": ["qlichunyu@163.com"], "287": ["qlichunyu@163.com"], "288": ["qlichunyu@163.com"]}