{"LdoD": 1, "ExpertEdition": 2, "Edition": 3, "VirtualEdition": 4, "Taxonomy": 5, "Category": 6, "Heteronym": 7, "LdoDUser": 8, "Player": 9, "ClassificationGameParticipant": 10, "ClassificationGame": 11, "Member": 12, "Section": 13, "VirtualEditionInter": 14, "FragInter": 15, "ExpertEditionInter": 16, "Fragment": 17, "SourceInter": 18, "TextPortion": 19, "SimpleText": 20, "AltText": 21, "AltTextWeight": 22, "SegText": 23, "AppText": 24, "DelText": 25, "GapText": 26, "LbText": 27, "NoteText": 28, "AnnexNote": 29, "PbText": 30, "Surface": 31, "RdgGrpText": 32, "RdgText": 33, "RefText": 34, "Rend": 35, "SpaceText": 36, "UnclearText": 37, "AddText": 38, "NullEdition": 39, "LdoDDate": 40, "RecommendationWeights": 41, "Tag": 42, "HumanAnnotation": 43, "ClassificationGameRound": 44, "Annotation": 45, "Range": 46, "Source": 47, "InfoRange": 48, "Citation": 49, "ManuscriptSource": 50, "HandNote": 51, "TypeNote": 52, "Facsimile": 53, "RegistrationToken": 54, "UserConnection": 55, "Role": 56, "SocialMediaCriteria": 57, "MediaSource": 58, "TimeWindow": 59, "GeographicLocation": 60, "Frequency": 61, "TwitterCitation": 62, "Tweet": 63, "AwareAnnotation": 64, "PhysNote": 65, "NullHeteronym": 66, "LastTwitterID": 67, "Dimensions": 68, "PrintedSource": 69}