{"1": ["Rito.Silva@ist.utl.pt", "dnf_oliveira@hotmail.com", "andrefilipebrazsantos@gmail.com", "rito.silva@tecnico.ulisboa.pt", "goncalo.m.marques@tecnico.ulisboa.pt"], "6": ["rito.silva@tecnico.ulisboa.pt", "Rito.Silva@ist.utl.pt"], "3": ["Rito.Silva@ist.utl.pt"], "5": ["Rito.Silva@ist.utl.pt", "dnf_oliveira@hotmail.com", "andrefilipebrazsantos@gmail.com"], "70": ["Rito.Silva@ist.utl.pt"], "17": ["rito.silva@tecnico.ulisboa.pt", "Rito.Silva@ist.utl.pt", "dnf_oliveira@hotmail.com", "andrefilipebrazsantos@gmail.com"], "7": ["Rito.Silva@ist.utl.pt", "andrefilipebrazsantos@gmail.com"], "50": ["Rito.Silva@ist.utl.pt", "andrefilipebrazsantos@gmail.com"], "47": ["Rito.Silva@ist.utl.pt", "andrefilipebrazsantos@gmail.com"], "16": ["Rito.Silva@ist.utl.pt", "dnf_oliveira@hotmail.com", "lmlbpereira@gmail.com", "andrefilipebrazsantos@gmail.com"], "15": ["Rito.Silva@ist.utl.pt", "dnf_oliveira@hotmail.com", "andrefilipebrazsantos@gmail.com"], "71": ["Rito.Silva@ist.utl.pt"], "27": ["Rito.Silva@ist.utl.pt"], "30": ["Rito.Silva@ist.utl.pt"], "20": ["Rito.Silva@ist.utl.pt", "dnf_oliveira@hotmail.com"], "18": ["Rito.Silva@ist.utl.pt", "dnf_oliveira@hotmail.com", "andrefilipebrazsantos@gmail.com"], "36": ["Rito.Silva@ist.utl.pt"], "72": ["Rito.Silva@ist.utl.pt", "andrefilipebrazsantos@gmail.com"], "73": ["Rito.Silva@ist.utl.pt"], "74": ["Rito.Silva@ist.utl.pt"], "75": ["Rito.Silva@ist.utl.pt"], "76": ["Rito.Silva@ist.utl.pt"], "77": ["Rito.Silva@ist.utl.pt"], "78": ["pedro.santa@gmail.com", "Rito.Silva@ist.utl.pt", "lmlbpereira@gmail.com"], "79": ["Rito.Silva@ist.utl.pt"], "80": ["Rito.Silva@ist.utl.pt"], "81": ["Rito.Silva@ist.utl.pt", "nunombg@gmail.com", "dnf_oliveira@hotmail.com", "andrefilipebrazsantos@gmail.com", "rito.silva@tecnico.ulisboa.pt"], "82": ["Rito.Silva@ist.utl.pt"], "38": ["Rito.Silva@ist.utl.pt"], "25": ["Rito.Silva@ist.utl.pt"], "83": ["Rito.Silva@ist.utl.pt"], "84": ["Rito.Silva@ist.utl.pt"], "85": ["Rito.Silva@ist.utl.pt"], "86": ["Rito.Silva@ist.utl.pt"], "87": ["Rito.Silva@ist.utl.pt"], "88": ["Rito.Silva@ist.utl.pt", "lmlbpereira@gmail.com"], "89": ["rito.silva@tecnico.ulisboa.pt", "Rito.Silva@ist.utl.pt", "lmlbpereira@gmail.com", "andrefilipebrazsantos@gmail.com"], "90": ["Rito.Silva@ist.utl.pt", "goncalo.m.marques@tecnico.ulisboa.pt", "nunombg@gmail.com"], "91": ["rito.silva@tecnico.ulisboa.pt", "Rito.Silva@ist.utl.pt", "dnf_oliveira@hotmail.com", "nunombg@gmail.com"], "92": ["Rito.Silva@ist.utl.pt"], "56": ["Rito.Silva@ist.utl.pt"], "93": ["Rito.Silva@ist.utl.pt"], "94": ["Rito.Silva@ist.utl.pt"], "95": ["Rito.Silva@ist.utl.pt"], "2": ["rito.silva@tecnico.ulisboa.pt", "Rito.Silva@ist.utl.pt", "andrefilipebrazsantos@gmail.com"], "4": ["Rito.Silva@ist.utl.pt", "dnf_oliveira@hotmail.com", "lmlbpereira@gmail.com", "andrefilipebrazsantos@gmail.com", "rito.silva@tecnico.ulisboa.pt", "goncalo.m.marques@tecnico.ulisboa.pt"], "14": ["rito.silva@tecnico.ulisboa.pt", "Rito.Silva@ist.utl.pt", "dnf_oliveira@hotmail.com", "andrefilipebrazsantos@gmail.com"], "96": ["Rito.Silva@ist.utl.pt", "dnf_oliveira@hotmail.com", "lmlbpereira@gmail.com", "rito.silva@tecnico.ulisboa.pt", "goncalo.m.marques@tecnico.ulisboa.pt"], "97": ["Rito.Silva@ist.utl.pt"], "98": ["Rito.Silva@ist.utl.pt"], "99": ["Rito.Silva@ist.utl.pt"], "100": ["Rito.Silva@ist.utl.pt"], "8": ["Rito.Silva@ist.utl.pt", "dnf_oliveira@hotmail.com", "andrefilipebrazsantos@gmail.com"], "101": ["Rito.Silva@ist.utl.pt"], "102": ["Rito.Silva@ist.utl.pt"], "103": ["Rito.Silva@ist.utl.pt"], "24": ["Rito.Silva@ist.utl.pt"], "32": ["Rito.Silva@ist.utl.pt"], "33": ["Rito.Silva@ist.utl.pt"], "35": ["Rito.Silva@ist.utl.pt", "lmlbpereira@gmail.com"], "23": ["Rito.Silva@ist.utl.pt"], "19": ["Rito.Silva@ist.utl.pt"], "65": ["Rito.Silva@ist.utl.pt"], "52": ["Rito.Silva@ist.utl.pt"], "53": ["Rito.Silva@ist.utl.pt"], "31": ["Rito.Silva@ist.utl.pt"], "39": ["Rito.Silva@ist.utl.pt"], "66": ["Rito.Silva@ist.utl.pt"], "45": ["rito.silva@tecnico.ulisboa.pt", "Rito.Silva@ist.utl.pt", "dnf_oliveira@hotmail.com"], "46": ["Rito.Silva@ist.utl.pt", "dnf_oliveira@hotmail.com"], "42": ["Rito.Silva@ist.utl.pt", "dnf_oliveira@hotmail.com", "goncalo.m.marques@tecnico.ulisboa.pt"], "104": ["rito.silva@tecnico.ulisboa.pt", "Rito.Silva@ist.utl.pt", "dnf_oliveira@hotmail.com"], "105": ["Rito.Silva@ist.utl.pt"], "106": ["Rito.Silva@ist.utl.pt"], "107": ["Rito.Silva@ist.utl.pt"], "26": ["Rito.Silva@ist.utl.pt"], "37": ["Rito.Silva@ist.utl.pt"], "21": ["Rito.Silva@ist.utl.pt", "lmlbpereira@gmail.com"], "108": ["Rito.Silva@ist.utl.pt"], "109": ["Rito.Silva@ist.utl.pt"], "110": ["Rito.Silva@ist.utl.pt"], "111": ["Rito.Silva@ist.utl.pt"], "112": ["Rito.Silva@ist.utl.pt"], "113": ["Rito.Silva@ist.utl.pt"], "22": ["Rito.Silva@ist.utl.pt"], "114": ["Rito.Silva@ist.utl.pt"], "115": ["Rito.Silva@ist.utl.pt"], "116": ["Rito.Silva@ist.utl.pt"], "117": ["Rito.Silva@ist.utl.pt"], "29": ["Rito.Silva@ist.utl.pt"], "28": ["Rito.Silva@ist.utl.pt"], "34": ["Rito.Silva@ist.utl.pt"], "118": ["andrefilipebrazsantos@gmail.com"], "119": ["andrefilipebrazsantos@gmail.com"], "120": ["andrefilipebrazsantos@gmail.com"], "121": ["Rito.Silva@ist.utl.pt", "andrefilipebrazsantos@gmail.com"], "122": ["andrefilipebrazsantos@gmail.com"], "123": ["Rito.Silva@ist.utl.pt", "andrefilipebrazsantos@gmail.com"], "124": ["Rito.Silva@ist.utl.pt", "andrefilipebrazsantos@gmail.com"], "125": ["rito.silva@tecnico.ulisboa.pt", "Rito.Silva@ist.utl.pt", "andrefilipebrazsantos@gmail.com"], "126": ["Rito.Silva@ist.utl.pt", "andrefilipebrazsantos@gmail.com"], "127": ["Rito.Silva@ist.utl.pt", "andrefilipebrazsantos@gmail.com"], "128": ["Rito.Silva@ist.utl.pt", "andrefilipebrazsantos@gmail.com"], "129": ["Rito.Silva@ist.utl.pt", "andrefilipebrazsantos@gmail.com"], "130": ["Rito.Silva@ist.utl.pt", "andrefilipebrazsantos@gmail.com"], "131": ["Rito.Silva@ist.utl.pt", "lmlbpereira@gmail.com"], "132": ["Rito.Silva@ist.utl.pt", "lmlbpereira@gmail.com"], "133": ["Rito.Silva@ist.utl.pt", "andrefilipebrazsantos@gmail.com"], "134": ["Rito.Silva@ist.utl.pt", "andrefilipebrazsantos@gmail.com"], "135": ["Rito.Silva@ist.utl.pt", "andrefilipebrazsantos@gmail.com"], "136": ["rito.silva@tecnico.ulisboa.pt", "Rito.Silva@ist.utl.pt", "andrefilipebrazsantos@gmail.com"], "137": ["rito.silva@tecnico.ulisboa.pt", "Rito.Silva@ist.utl.pt", "dnf_oliveira@hotmail.com", "andrefilipebrazsantos@gmail.com"], "41": ["Rito.Silva@ist.utl.pt", "andrefilipebrazsantos@gmail.com"], "13": ["Rito.Silva@ist.utl.pt", "andrefilipebrazsantos@gmail.com"], "138": ["Rito.Silva@ist.utl.pt", "andrefilipebrazsantos@gmail.com"], "139": ["Rito.Silva@ist.utl.pt", "andrefilipebrazsantos@gmail.com"], "140": ["Rito.Silva@ist.utl.pt", "andrefilipebrazsantos@gmail.com"], "141": ["Rito.Silva@ist.utl.pt", "andrefilipebrazsantos@gmail.com"], "142": ["Rito.Silva@ist.utl.pt", "andrefilipebrazsantos@gmail.com"], "143": ["Rito.Silva@ist.utl.pt", "andrefilipebrazsantos@gmail.com"], "144": ["Rito.Silva@ist.utl.pt", "andrefilipebrazsantos@gmail.com"], "145": ["Rito.Silva@ist.utl.pt", "andrefilipebrazsantos@gmail.com"], "146": ["Rito.Silva@ist.utl.pt", "andrefilipebrazsantos@gmail.com"], "147": ["Rito.Silva@ist.utl.pt", "andrefilipebrazsantos@gmail.com"], "148": ["Rito.Silva@ist.utl.pt", "andrefilipebrazsantos@gmail.com"], "149": ["rito.silva@tecnico.ulisboa.pt", "Rito.Silva@ist.utl.pt", "andrefilipebrazsantos@gmail.com"], "150": ["rito.silva@tecnico.ulisboa.pt", "Rito.Silva@ist.utl.pt", "andrefilipebrazsantos@gmail.com"], "151": ["rito.silva@tecnico.ulisboa.pt", "Rito.Silva@ist.utl.pt", "andrefilipebrazsantos@gmail.com"], "152": ["rito.silva@tecnico.ulisboa.pt", "Rito.Silva@ist.utl.pt", "andrefilipebrazsantos@gmail.com"], "153": ["rito.silva@tecnico.ulisboa.pt", "Rito.Silva@ist.utl.pt", "andrefilipebrazsantos@gmail.com"], "154": ["Rito.Silva@ist.utl.pt", "andrefilipebrazsantos@gmail.com"], "155": ["Rito.Silva@ist.utl.pt", "andrefilipebrazsantos@gmail.com"], "156": ["Rito.Silva@ist.utl.pt", "andrefilipebrazsantos@gmail.com"], "157": ["Rito.Silva@ist.utl.pt", "goncalo.m.marques@tecnico.ulisboa.pt"], "158": ["Rito.Silva@ist.utl.pt"], "159": ["Rito.Silva@ist.utl.pt", "goncalo.m.marques@tecnico.ulisboa.pt"], "160": ["Rito.Silva@ist.utl.pt", "goncalo.m.marques@tecnico.ulisboa.pt"], "161": ["Rito.Silva@ist.utl.pt"], "162": ["Rito.Silva@ist.utl.pt"], "163": ["Rito.Silva@ist.utl.pt"], "164": ["Rito.Silva@ist.utl.pt"], "165": ["Rito.Silva@ist.utl.pt"], "166": ["Rito.Silva@ist.utl.pt"], "55": ["Rito.Silva@ist.utl.pt"], "167": ["Rito.Silva@ist.utl.pt"], "168": ["Rito.Silva@ist.utl.pt"], "169": ["Rito.Silva@ist.utl.pt"], "54": ["Rito.Silva@ist.utl.pt"], "170": ["rito.silva@tecnico.ulisboa.pt", "Rito.Silva@ist.utl.pt"], "171": ["Rito.Silva@ist.utl.pt"], "172": ["Rito.Silva@ist.utl.pt"], "173": ["Rito.Silva@ist.utl.pt", "goncalo.m.marques@tecnico.ulisboa.pt"], "174": ["Rito.Silva@ist.utl.pt"], "175": ["Rito.Silva@ist.utl.pt"], "176": ["Rito.Silva@ist.utl.pt"], "177": ["Rito.Silva@ist.utl.pt"], "178": ["Rito.Silva@ist.utl.pt"], "179": ["Rito.Silva@ist.utl.pt"], "180": ["Rito.Silva@ist.utl.pt"], "181": ["Rito.Silva@ist.utl.pt"], "12": ["Rito.Silva@ist.utl.pt"], "182": ["Rito.Silva@ist.utl.pt"], "40": ["Rito.Silva@ist.utl.pt"], "183": ["Rito.Silva@ist.utl.pt"], "184": ["rito.silva@tecnico.ulisboa.pt", "Rito.Silva@ist.utl.pt"], "68": ["Rito.Silva@ist.utl.pt"], "185": ["Rito.Silva@ist.utl.pt"], "207": ["miguelsantoscruz95@gmail.com"], "187": ["Rito.Silva@ist.utl.pt"], "188": ["Rito.Silva@ist.utl.pt"], "189": ["Rito.Silva@ist.utl.pt"], "190": ["rito.silva@tecnico.ulisboa.pt", "Rito.Silva@ist.utl.pt"], "191": ["Rito.Silva@ist.utl.pt", "dnf_oliveira@hotmail.com", "goncalo.m.marques@tecnico.ulisboa.pt"], "192": ["Rito.Silva@ist.utl.pt", "dnf_oliveira@hotmail.com", "goncalo.m.marques@tecnico.ulisboa.pt"], "193": ["Rito.Silva@ist.utl.pt", "dnf_oliveira@hotmail.com", "nunombg@gmail.com", "goncalo.m.marques@tecnico.ulisboa.pt"], "194": ["Rito.Silva@ist.utl.pt"], "195": ["Rito.Silva@ist.utl.pt"], "196": ["rito.silva@tecnico.ulisboa.pt", "Rito.Silva@ist.utl.pt"], "197": ["Rito.Silva@ist.utl.pt"], "198": ["rito.silva@tecnico.ulisboa.pt", "Rito.Silva@ist.utl.pt", "dnf_oliveira@hotmail.com"], "199": ["rito.silva@tecnico.ulisboa.pt", "Rito.Silva@ist.utl.pt", "dnf_oliveira@hotmail.com", "nunombg@gmail.com"], "200": ["Rito.Silva@ist.utl.pt", "dnf_oliveira@hotmail.com", "nunombg@gmail.com"], "201": ["rito.silva@tecnico.ulisboa.pt", "Rito.Silva@ist.utl.pt", "dnf_oliveira@hotmail.com", "goncalo.m.marques@tecnico.ulisboa.pt"], "202": ["Rito.Silva@ist.utl.pt", "dnf_oliveira@hotmail.com", "nunombg@gmail.com"], "203": ["rito.silva@tecnico.ulisboa.pt", "Rito.Silva@ist.utl.pt", "dnf_oliveira@hotmail.com", "goncalo.m.marques@tecnico.ulisboa.pt"], "204": ["Rito.Silva@ist.utl.pt"], "205": ["Rito.Silva@ist.utl.pt"], "209": ["goncalo.m.marques@tecnico.ulisboa.pt"], "247": ["dnf_oliveira@hotmail.com"], "239": ["rito.silva@tecnico.ulisboa.pt", "Rito.Silva@ist.utl.pt", "dnf_oliveira@hotmail.com"], "64": ["Rito.Silva@ist.utl.pt", "dnf_oliveira@hotmail.com"], "49": ["Rito.Silva@ist.utl.pt", "dnf_oliveira@hotmail.com"], "43": ["rito.silva@tecnico.ulisboa.pt", "Rito.Silva@ist.utl.pt", "dnf_oliveira@hotmail.com"], "62": ["Rito.Silva@ist.utl.pt", "dnf_oliveira@hotmail.com"], "67": ["rito.silva@tecnico.ulisboa.pt", "Rito.Silva@ist.utl.pt"], "61": ["dnf_oliveira@hotmail.com"], "60": ["dnf_oliveira@hotmail.com"], "58": ["dnf_oliveira@hotmail.com"], "57": ["dnf_oliveira@hotmail.com"], "59": ["dnf_oliveira@hotmail.com"], "238": ["rito.silva@tecnico.ulisboa.pt", "Rito.Silva@ist.utl.pt", "dnf_oliveira@hotmail.com"], "212": ["goncalo.m.marques@tecnico.ulisboa.pt"], "63": ["Rito.Silva@ist.utl.pt", "dnf_oliveira@hotmail.com"], "251": ["dnf_oliveira@hotmail.com"], "240": ["rito.silva@tecnico.ulisboa.pt", "Rito.Silva@ist.utl.pt", "dnf_oliveira@hotmail.com"], "215": ["goncalo.m.marques@tecnico.ulisboa.pt"], "233": ["Rito.Silva@ist.utl.pt", "goncalo.m.marques@tecnico.ulisboa.pt"], "217": ["goncalo.m.marques@tecnico.ulisboa.pt"], "218": ["Rito.Silva@ist.utl.pt"], "219": ["Rito.Silva@ist.utl.pt", "dnf_oliveira@hotmail.com"], "231": ["Rito.Silva@ist.utl.pt", "goncalo.m.marques@tecnico.ulisboa.pt"], "221": ["Rito.Silva@ist.utl.pt", "goncalo.m.marques@tecnico.ulisboa.pt"], "222": ["Rito.Silva@ist.utl.pt", "goncalo.m.marques@tecnico.ulisboa.pt"], "223": ["Rito.Silva@ist.utl.pt", "goncalo.m.marques@tecnico.ulisboa.pt"], "230": ["Rito.Silva@ist.utl.pt", "goncalo.m.marques@tecnico.ulisboa.pt"], "267": ["Rito.Silva@ist.utl.pt"], "235": ["Rito.Silva@ist.utl.pt", "goncalo.m.marques@tecnico.ulisboa.pt"], "228": ["dnf_oliveira@hotmail.com"], "48": ["dnf_oliveira@hotmail.com"], "229": ["goncalo.m.marques@tecnico.ulisboa.pt"], "232": ["Rito.Silva@ist.utl.pt", "goncalo.m.marques@tecnico.ulisboa.pt"], "234": ["Rito.Silva@ist.utl.pt", "goncalo.m.marques@tecnico.ulisboa.pt"], "236": ["Rito.Silva@ist.utl.pt"], "237": ["rito.silva@tecnico.ulisboa.pt", "Rito.Silva@ist.utl.pt", "goncalo.m.marques@tecnico.ulisboa.pt"], "241": ["Rito.Silva@ist.utl.pt", "goncalo.m.marques@tecnico.ulisboa.pt"], "242": ["goncalo.m.marques@tecnico.ulisboa.pt"], "243": ["Rito.Silva@ist.utl.pt", "dnf_oliveira@hotmail.com"], "244": ["Rito.Silva@ist.utl.pt", "dnf_oliveira@hotmail.com"], "245": ["Rito.Silva@ist.utl.pt", "dnf_oliveira@hotmail.com"], "246": ["Rito.Silva@ist.utl.pt", "dnf_oliveira@hotmail.com", "nunombg@gmail.com"], "248": ["goncalo.m.marques@tecnico.ulisboa.pt"], "249": ["Rito.Silva@ist.utl.pt", "goncalo.m.marques@tecnico.ulisboa.pt"], "11": ["Rito.Silva@ist.utl.pt", "goncalo.m.marques@tecnico.ulisboa.pt"], "9": ["Rito.Silva@ist.utl.pt", "goncalo.m.marques@tecnico.ulisboa.pt"], "250": ["Rito.Silva@ist.utl.pt", "goncalo.m.marques@tecnico.ulisboa.pt"], "252": ["dnf_oliveira@hotmail.com"], "253": ["goncalo.m.marques@tecnico.ulisboa.pt"], "254": ["Rito.Silva@ist.utl.pt", "goncalo.m.marques@tecnico.ulisboa.pt"], "10": ["goncalo.m.marques@tecnico.ulisboa.pt"], "44": ["goncalo.m.marques@tecnico.ulisboa.pt"], "255": ["goncalo.m.marques@tecnico.ulisboa.pt"], "256": ["Rito.Silva@ist.utl.pt", "goncalo.m.marques@tecnico.ulisboa.pt"], "257": ["Rito.Silva@ist.utl.pt", "goncalo.m.marques@tecnico.ulisboa.pt"], "258": ["Rito.Silva@ist.utl.pt"], "259": ["Rito.Silva@ist.utl.pt"], "260": ["Rito.Silva@ist.utl.pt"], "261": ["Rito.Silva@ist.utl.pt"], "262": ["rito.silva@tecnico.ulisboa.pt", "Rito.Silva@ist.utl.pt", "jeb.raposo@gmail.com"], "263": ["Rito.Silva@ist.utl.pt"], "264": ["Rito.Silva@ist.utl.pt", "nunombg@gmail.com"], "265": ["Rito.Silva@ist.utl.pt"], "266": ["rito.silva@tecnico.ulisboa.pt", "Rito.Silva@ist.utl.pt"], "268": ["Rito.Silva@ist.utl.pt", "nunombg@gmail.com"], "269": ["Rito.Silva@ist.utl.pt", "nunombg@gmail.com"], "270": ["Rito.Silva@ist.utl.pt", "nunombg@gmail.com"], "271": ["rito.silva@tecnico.ulisboa.pt", "Rito.Silva@ist.utl.pt"], "272": ["Rito.Silva@ist.utl.pt", "nunombg@gmail.com"], "273": ["Rito.Silva@ist.utl.pt", "nunombg@gmail.com"], "274": ["Rito.Silva@ist.utl.pt", "nunombg@gmail.com"], "275": ["nunombg@gmail.com"], "276": ["nunombg@gmail.com"], "277": ["rito.silva@tecnico.ulisboa.pt", "Rito.Silva@ist.utl.pt", "nunombg@gmail.com"], "278": ["nunombg@gmail.com"], "279": ["Rito.Silva@ist.utl.pt", "nunombg@gmail.com"], "280": ["Rito.Silva@ist.utl.pt", "nunombg@gmail.com"], "281": ["rito.silva@tecnico.ulisboa.pt", "nunombg@gmail.com"], "282": ["nunombg@gmail.com"], "283": ["nunombg@gmail.com"], "284": ["nunombg@gmail.com"], "285": ["nunombg@gmail.com"], "286": ["nunombg@gmail.com"], "287": ["rito.silva@tecnico.ulisboa.pt", "nunombg@gmail.com"], "288": ["rito.silva@tecnico.ulisboa.pt"], "289": ["rito.silva@tecnico.ulisboa.pt"], "290": ["rito.silva@tecnico.ulisboa.pt"], "291": ["rito.silva@tecnico.ulisboa.pt"], "292": ["rito.silva@tecnico.ulisboa.pt"]}