{"1": "LdoD", "2": "ExpertEdition", "3": "Edition", "4": "VirtualEdition", "5": "Taxonomy", "6": "Category", "7": "Heteronym", "8": "LdoDUser", "9": "Player", "10": "ClassificationGameParticipant", "11": "ClassificationGame", "12": "Member", "13": "Section", "14": "VirtualEditionInter", "15": "FragInter", "16": "ExpertEditionInter", "17": "Fragment", "18": "SourceInter", "19": "TextPortion", "20": "SimpleText", "21": "AltText", "22": "AltTextWeight", "23": "SegText", "24": "AppText", "25": "DelText", "26": "GapText", "27": "LbText", "28": "NoteText", "29": "AnnexNote", "30": "PbText", "31": "Surface", "32": "RdgGrpText", "33": "RdgText", "34": "RefText", "35": "Rend", "36": "SpaceText", "37": "UnclearText", "38": "AddText", "39": "NullEdition", "40": "LdoDDate", "41": "RecommendationWeights", "42": "Tag", "43": "HumanAnnotation", "44": "ClassificationGameRound", "45": "Annotation", "46": "Range", "47": "Source", "48": "InfoRange", "49": "Citation", "50": "ManuscriptSource", "51": "HandNote", "52": "TypeNote", "53": "Facsimile", "54": "RegistrationToken", "55": "UserConnection", "56": "Role", "57": "SocialMediaCriteria", "58": "MediaSource", "59": "TimeWindow", "60": "GeographicLocation", "61": "Frequency", "62": "TwitterCitation", "63": "Tweet", "64": "AwareAnnotation", "65": "PhysNote", "66": "NullHeteronym", "67": "LastTwitterID", "68": "Dimensions", "69": "PrintedSource"}