{"CodingActor_rd_Controller.add": {"t": [{"id": 0, "a": [["R", 1]]}]}, "CodingActor_rd_Controller.get": {"t": [{"id": 0, "a": [["R", 1]]}]}, "CodingActor_rd_Controller.getByCriteria": {"t": [{"id": 0, "a": [["R", 1]]}]}, "Municipality_rd_Controller.add": {"t": [{"id": 0, "a": [["R", 2]]}]}, "Municipality_rd_Controller.get": {"t": [{"id": 0, "a": [["R", 2]]}]}, "Municipality_rd_Controller.getByCriteria": {"t": [{"id": 0, "a": [["R", 2]]}]}, "BodyApparatus_rd_Controller.add": {"t": [{"id": 0, "a": [["R", 3]]}]}, "BodyApparatus_rd_Controller.get": {"t": [{"id": 0, "a": [["R", 3]]}]}, "BodyApparatus_rd_Controller.getByCriteria": {"t": [{"id": 0, "a": [["R", 3]]}]}, "AppSetting_rd_Controller.add": {"t": [{"id": 0, "a": [["R", 4]]}]}, "AppSetting_rd_Controller.get": {"t": [{"id": 0, "a": [["R", 4]]}]}, "AppSetting_rd_Controller.getByCriteria": {"t": [{"id": 0, "a": [["R", 4]]}]}, "Patient_rd_Controller.add": {"t": [{"id": 0, "a": [["R", 5]]}]}, "Patient_rd_Controller.get": {"t": [{"id": 0, "a": [["R", 5]]}]}, "Patient_rd_Controller.getByCriteria": {"t": [{"id": 0, "a": [["R", 5]]}]}, "Patient_rd_Controller.getByExternalCode": {"t": [{"id": 0, "a": [["R", 6], ["R", 6], ["R", 5], ["R", 6], ["R", 1], ["R", 6]]}]}, "Province_rd_Controller.add": {"t": [{"id": 0, "a": [["R", 7]]}]}, "Province_rd_Controller.get": {"t": [{"id": 0, "a": [["R", 7]]}]}, "Province_rd_Controller.getByCriteria": {"t": [{"id": 0, "a": [["R", 7]]}]}, "MaritalStatus_tm_Controller.get": {"t": [{"id": 0, "a": [["R", 8]]}]}, "MaritalStatus_tm_Controller.getByCriteria": {"t": [{"id": 0, "a": [["R", 8]]}]}, "Citizenship_tm_Controller.get": {"t": [{"id": 0, "a": [["R", 9]]}]}, "Citizenship_tm_Controller.getByCriteria": {"t": [{"id": 0, "a": [["R", 9]]}]}, "OrganizationUnit_rd_Controller.add": {"t": [{"id": 0, "a": [["R", 10]]}]}, "OrganizationUnit_rd_Controller.get": {"t": [{"id": 0, "a": [["R", 10]]}]}, "OrganizationUnit_rd_Controller.getByCriteria": {"t": [{"id": 0, "a": [["R", 10]]}]}, "BurnRobot_rd_Controller.add": {"t": [{"id": 0, "a": [["R", 11]]}]}, "BurnRobot_rd_Controller.get": {"t": [{"id": 0, "a": [["R", 11]]}]}, "BurnRobot_rd_Controller.getByCriteria": {"t": [{"id": 0, "a": [["R", 11]]}]}, "User_rd_Controller.add": {"t": [{"id": 0, "a": [["R", 12]]}]}, "User_rd_Controller.get": {"t": [{"id": 0, "a": [["R", 12]]}]}, "User_rd_Controller.getByCriteria": {"t": [{"id": 0, "a": [["R", 12]]}]}, "WorkPriority_rd_Controller.get": {"t": [{"id": 0, "a": [["R", 13]]}]}, "WorkPriority_rd_Controller.getByCriteria": {"t": [{"id": 0, "a": [["R", 13]]}]}, "Patient_tm_Controller.add": {"t": [{"id": 0, "a": [["R", 5]]}]}, "Patient_tm_Controller.get": {"t": [{"id": 0, "a": [["R", 5]]}]}, "Patient_tm_Controller.getByCriteria": {"t": [{"id": 0, "a": [["R", 5]]}]}, "Service_rd_Controller.add": {"t": [{"id": 0, "a": [["R", 14]]}]}, "Service_rd_Controller.get": {"t": [{"id": 0, "a": [["R", 14]]}]}, "Service_rd_Controller.getByCriteria": {"t": [{"id": 0, "a": [["R", 14]]}]}, "ICD9PatologyGroup_rd_Controller.add": {"t": [{"id": 0, "a": [["R", 15]]}]}, "ICD9PatologyGroup_rd_Controller.get": {"t": [{"id": 0, "a": [["R", 15]]}]}, "ICD9PatologyGroup_rd_Controller.getByCriteria": {"t": [{"id": 0, "a": [["R", 16]]}]}, "Modality_rd_Controller.add": {"t": [{"id": 0, "a": [["R", 17]]}]}, "Modality_rd_Controller.get": {"t": [{"id": 0, "a": [["R", 17]]}]}, "Modality_rd_Controller.getByCriteria": {"t": [{"id": 0, "a": [["R", 17]]}]}, "MaritalStatus_rd_Controller.add": {"t": [{"id": 0, "a": [["R", 8]]}]}, "MaritalStatus_rd_Controller.get": {"t": [{"id": 0, "a": [["R", 8]]}]}, "MaritalStatus_rd_Controller.getByCriteria": {"t": [{"id": 0, "a": [["R", 8]]}]}, "BatteryLevelEvent_tm_Controller.add": {"t": [{"id": 0, "a": [["R", 18]]}]}, "BatteryLevelEvent_tm_Controller.get": {"t": [{"id": 0, "a": [["R", 18]]}]}, "BatteryLevelEvent_tm_Controller.getByCriteria": {"t": [{"id": 0, "a": [["R", 19]]}]}, "Hl7Patient_rd_Controller.add": {"t": [{"id": 0, "a": [["R", 16]]}]}, "Hl7Patient_rd_Controller.get": {"t": [{"id": 0, "a": [["R", 16]]}]}, "Hl7Patient_rd_Controller.getByCriteria": {"t": [{"id": 0, "a": [["R", 16]]}]}, "Citizenship_rd_Controller.add": {"t": [{"id": 0, "a": [["R", 9]]}]}, "Citizenship_rd_Controller.get": {"t": [{"id": 0, "a": [["R", 9]]}]}, "Citizenship_rd_Controller.getByCriteria": {"t": [{"id": 0, "a": [["R", 9]]}]}, "WorkStatus_rd_Controller.get": {"t": [{"id": 0, "a": [["R", 20]]}]}, "WorkStatus_rd_Controller.getByCriteria": {"t": [{"id": 0, "a": [["R", 20]]}]}, "WeightEvent_tm_Controller.add": {"t": [{"id": 0, "a": [["R", 21], ["R", 22], ["R", 21], ["W", 22], ["W", 22], ["W", 21], ["W", 22]]}]}, "WeightEvent_tm_Controller.get": {"t": [{"id": 0, "a": [["R", 21], ["R", 22]]}]}, "WeightEvent_tm_Controller.getByCriteria": {"t": [{"id": 0, "a": [["R", 22]]}]}, "PhraseBook_rd_Controller.add": {"t": [{"id": 0, "a": [["R", 23]]}]}, "PhraseBook_rd_Controller.get": {"t": [{"id": 0, "a": [["R", 23]]}]}, "PhraseBook_rd_Controller.getByCriteria": {"t": [{"id": 0, "a": [["R", 23]]}]}, "BloodPressureEvent_tm_Controller.add": {"t": [{"id": 0, "a": [["R", 21], ["R", 24], ["W", 24], ["W", 21], ["W", 24]]}]}, "BloodPressureEvent_tm_Controller.get": {"t": [{"id": 0, "a": [["R", 21], ["R", 24]]}]}, "BloodPressureEvent_tm_Controller.getByCriteria": {"t": [{"id": 0, "a": [["R", 24]]}]}, "Region_rd_Controller.add": {"t": [{"id": 0, "a": [["R", 25]]}]}, "Region_rd_Controller.get": {"t": [{"id": 0, "a": [["R", 25]]}]}, "Region_rd_Controller.getByCriteria": {"t": [{"id": 0, "a": [["R", 25]]}]}, "WorkSession_rd_Controller.add": {"t": [{"id": 0, "a": [["R", 26]]}]}, "WorkSession_rd_Controller.get": {"t": [{"id": 0, "a": [["R", 26]]}]}, "WorkSession_rd_Controller.getByCriteria": {"t": [{"id": 0, "a": [["R", 26], ["R", 20], ["R", 20]]}]}, "AuthenticationController.authenticationRequest": {"t": [{"id": 0, "a": [["R", 27], ["R", 27], ["R", 28], ["R", 27], ["R", 27], ["R", 29], ["R", 27], ["R", 28], ["R", 27], ["R", 28], ["R", 28]]}]}, "WorkReport_rd_Controller.add": {"t": [{"id": 0, "a": [["R", 30]]}]}, "WorkReport_rd_Controller.get": {"t": [{"id": 0, "a": [["R", 30]]}]}, "WorkReport_rd_Controller.getByCriteria": {"t": [{"id": 0, "a": [["R", 30]]}]}, "ModalityDailyAllocation_rd_Controller.add": {"t": [{"id": 0, "a": [["R", 31]]}]}, "ModalityDailyAllocation_rd_Controller.get": {"t": [{"id": 0, "a": [["R", 31]]}]}, "ModalityDailyAllocation_rd_Controller.getByCriteria": {"t": [{"id": 0, "a": [["R", 31]]}]}, "Order_rd_Controller.add": {"t": [{"id": 0, "a": [["R", 10], ["R", 10], ["R", 10], ["R", 14], ["R", 14], ["R", 32], ["R", 32], ["R", 14], ["R", 32], ["R", 32], ["R", 14], ["R", 32], ["R", 32], ["R", 33]]}]}, "Order_rd_Controller.addHL7": {"t": [{"id": 0, "a": [["R", 10], ["R", 10], ["R", 10], ["R", 14], ["R", 14], ["R", 32], ["R", 32], ["R", 14], ["R", 32], ["R", 32], ["R", 14], ["R", 32], ["R", 32], ["R", 33]]}]}, "Order_rd_Controller.delete": {"t": [{"id": 0, "a": [["R", 33], ["R", 33], ["R", 33], ["R", 33], ["R", 34], ["W", 34], ["W", 34], ["R", 20], ["R", 33], ["R", 26], ["W", 26], ["W", 26], ["W", 20], ["R", 26], ["R", 35], ["W", 35], ["W", 35], ["W", 20], ["R", 35], ["R", 17], ["W", 26], ["R", 33], ["R", 31], ["R", 31], ["W", 31], ["R", 31], ["W", 31], ["W", 31]]}]}, "Order_rd_Controller.get": {"t": [{"id": 0, "a": [["R", 33]]}]}, "Order_rd_Controller.getByCriteria": {"t": [{"id": 0, "a": [["R", 33], ["R", 20], ["R", 20], ["R", 13], ["R", 13]]}]}, "Order_rd_Controller.update": {"t": [{"id": 0, "a": [["R", 33], ["R", 33], ["R", 33], ["R", 33], ["R", 33], ["R", 33], ["R", 33], ["R", 33], ["R", 5], ["R", 5], ["R", 33], ["R", 34], ["R", 34], ["R", 14], ["R", 14], ["R", 32], ["R", 32], ["R", 34], ["R", 14], ["R", 14], ["R", 32], ["R", 32], ["R", 14], ["R", 14], ["R", 32], ["R", 32], ["R", 14], ["R", 32], ["R", 32], ["R", 14], ["R", 32], ["R", 32], ["R", 33], ["R", 34], ["R", 34], ["R", 14], ["R", 34], ["R", 34], ["R", 34], ["R", 34], ["R", 34], ["R", 33], ["R", 20], ["R", 20], ["R", 33], ["R", 20], ["R", 20], ["R", 33], ["R", 20], ["R", 20], ["R", 33], ["R", 33], ["R", 33], ["R", 33], ["R", 20], ["R", 20], ["R", 33], ["R", 20], ["R", 20], ["R", 33], ["R", 20], ["R", 20], ["R", 33], ["R", 20], ["R", 20], ["R", 33], ["R", 20], ["R", 20], ["R", 33], ["R", 20], ["R", 20], ["R", 33], ["R", 20], ["R", 20], ["R", 33], ["R", 20], ["R", 20], ["R", 33], ["R", 20], ["R", 20], ["R", 33], ["R", 33], ["R", 20], ["R", 20], ["R", 33], ["R", 34], ["R", 34], ["R", 34], ["R", 34], ["R", 14], ["R", 34], ["R", 34], ["R", 34], ["R", 14], ["W", 34], ["W", 34], ["W", 34], ["W", 33], ["R", 14], ["W", 34], ["W", 14], ["W", 34], ["W", 34], ["R", 14], ["R", 34], ["W", 34], ["W", 34], ["W", 34], ["W", 34], ["W", 34], ["W", 34], ["R", 14], ["R", 34], ["W", 34], ["W", 34], ["W", 34], ["W", 34], ["R", 33], ["R", 20], ["R", 20], ["R", 33], ["R", 5], ["R", 13], ["R", 20], ["R", 12], ["R", 17], ["W", 26], ["W", 5], ["W", 26], ["W", 26], ["W", 13], ["W", 26], ["W", 20], ["W", 26], ["W", 33], ["W", 35], ["R", 14], ["W", 35], ["W", 14], ["W", 35], ["W", 13], ["W", 35], ["W", 20], ["W", 35], ["W", 12], ["W", 35], ["W", 35], ["W", 17], ["W", 35], ["W", 26], ["W", 26], ["W", 35], ["W", 26], ["R", 17], ["R", 31], ["W", 31], ["W", 17], ["W", 31], ["W", 31], ["R", 26], ["R", 35], ["R", 26], ["R", 35], ["W", 31], ["W", 31], ["W", 31], ["W", 31], ["R", 31], ["W", 31], ["R", 31], ["R", 26], ["R", 35], ["R", 26], ["R", 35], ["W", 31], ["R", 17], ["R", 17], ["R", 31], ["R", 31], ["W", 31], ["R", 31], ["R", 31], ["W", 31], ["W", 31], ["W", 31], ["R", 33], ["R", 20], ["R", 20], ["R", 33], ["R", 20], ["R", 20], ["R", 33], ["R", 26], ["R", 26], ["R", 35], ["R", 26], ["R", 35], ["R", 26], ["R", 35], ["R", 26], ["R", 35], ["W", 35], ["W", 35], ["W", 35], ["R", 14], ["W", 35], ["W", 14], ["R", 13], ["W", 35], ["W", 13], ["R", 20], ["W", 35], ["W", 20], ["R", 12], ["W", 35], ["W", 12], ["W", 35], ["R", 17], ["W", 35], ["W", 17], ["W", 35], ["W", 26], ["W", 26], ["W", 35], ["W", 26], ["R", 26], ["R", 35], ["R", 26], ["R", 35], ["R", 17], ["R", 33], ["R", 33], ["R", 31], ["R", 31], ["W", 31], ["R", 31], ["W", 31], ["R", 31], ["R", 31], ["W", 31], ["R", 31], ["R", 31], ["W", 31], ["W", 31], ["W", 31], ["R", 31], ["W", 31], ["W", 17], ["W", 31], ["W", 31], ["W", 31], ["W", 31], ["W", 31], ["W", 31], ["R", 31], ["W", 31], ["R", 31], ["W", 31], ["R", 17], ["R", 17], ["R", 31], ["R", 31], ["W", 31], ["R", 31], ["R", 31], ["W", 31], ["W", 31], ["W", 31], ["R", 33], ["R", 31], ["R", 31], ["W", 31], ["R", 31], ["R", 31], ["W", 31], ["W", 31], ["W", 31], ["R", 33], ["R", 26], ["R", 20], ["R", 26], ["R", 35], ["W", 35], ["W", 20], ["W", 35], ["W", 35], ["W", 26], ["W", 20], ["W", 26], ["W", 26], ["R", 36], ["W", 36], ["W", 36]]}]}, "ModalityType_rd_Controller.add": {"t": [{"id": 0, "a": [["R", 32]]}]}, "ModalityType_rd_Controller.get": {"t": [{"id": 0, "a": [["R", 32]]}]}, "ModalityType_rd_Controller.getAllocation": {"t": [{"id": 0, "a": [["R", 32], ["R", 17], ["R", 17], ["R", 37], ["R", 17]]}]}, "ModalityType_rd_Controller.getByCriteria": {"t": [{"id": 0, "a": [["R", 32]]}]}, "ModalityType_rd_Controller.getModalityGroupedByModalityType": {"t": [{"id": 0, "a": [["R", 32]]}]}, "Hl7InboundMessage_rd_Controller.add": {"t": [{"id": 0, "a": [["R", 38]]}]}, "Hl7InboundMessage_rd_Controller.get": {"t": [{"id": 0, "a": [["R", 38]]}]}, "Hl7InboundMessage_rd_Controller.getByCriteria": {"t": [{"id": 0, "a": [["R", 38]]}]}, "Country_rd_Controller.add": {"t": [{"id": 0, "a": [["R", 39]]}]}, "Country_rd_Controller.get": {"t": [{"id": 0, "a": [["R", 39]]}]}, "Country_rd_Controller.getByCriteria": {"t": [{"id": 0, "a": [["R", 39]]}]}, "Country_rd_Controller.getMunicipalityListByProvince": {"t": [{"id": 0, "a": [["R", 39], ["R", 25], ["R", 25], ["R", 39], ["R", 39], ["R", 39], ["R", 7], ["R", 25], ["R", 39], ["R", 39], ["R", 39], ["R", 2]]}]}, "Country_rd_Controller.getProvinceListByRegion": {"t": [{"id": 0, "a": [["R", 39], ["R", 25], ["R", 25], ["R", 39], ["R", 39], ["R", 39], ["R", 7]]}]}, "Country_rd_Controller.getRegionListByCountry": {"t": [{"id": 0, "a": [["R", 39], ["R", 39], ["R", 25], ["R", 25]]}]}, "WorkTask_rd_Controller.add": {"t": [{"id": 0, "a": [["R", 35]]}]}, "WorkTask_rd_Controller.get": {"t": [{"id": 0, "a": [["R", 35]]}]}, "WorkTask_rd_Controller.getByCriteria": {"t": [{"id": 0, "a": [["R", 35], ["R", 20], ["R", 20]]}]}, "WorkTask_rd_Controller.update": {"t": [{"id": 0, "a": [["R", 35], ["R", 35], ["R", 26], ["R", 26], ["R", 20], ["R", 20], ["R", 26], ["R", 20], ["R", 20], ["R", 20], ["W", 26], ["W", 20], ["W", 26], ["W", 26], ["R", 26], ["R", 35], ["R", 35], ["R", 35], ["R", 20], ["R", 20], ["R", 20], ["W", 26], ["W", 20], ["W", 26], ["W", 26]]}]}}