{"1": "CodingActor", "2": "Municipality", "3": "BodyApparatus", "4": "AppSetting", "5": "Patient", "6": "PatientCodingActor", "7": "Province", "8": "Maritalstatus", "9": "Citizenship", "10": "OrganizationUnit", "11": "BurnRobot", "12": "User", "13": "WorkPriority", "14": "Service", "15": "Icd9PatologyGroup", "16": "Hl7Patient", "17": "Modality", "18": "GatewayEventBattery", "19": "BatteryLevelEvent", "20": "WorkStatus", "21": "GatewayEvent", "22": "GatewayEventWeight", "23": "PhraseBook", "24": "GatewayEventBloodPressure", "25": "Region", "26": "WorkSession", "27": "LoginApplication", "28": "Login", "29": "Application", "30": "WorkReport", "31": "ModalityDailyAllocation", "32": "ModalityType", "33": "Order", "34": "OrderService", "35": "WorkTask", "36": "OrderLog", "37": "VModalityAllocation", "38": "Hl7InboundMessage", "39": "Country"}