{"40": ["l.martini@nectelecomunicazioni.it", "a.matteo@nectelecomunicazioni.it", "luca@ghepard-lnx", "tomcat6@puma-lnx"], "41": ["a.matteo@nectelecomunicazioni.it", "tomcat6@puma-lnx"], "42": ["gianluca.fares@giafar.it", "a.matteo@nectelecomunicazioni.it", "tomcat6@puma-lnx"], "43": ["l.martini@nectelecomunicazioni.it", "a.matteo@nectelecomunicazioni.it", "tomcat6@puma-lnx"], "44": ["a.matteo@nectelecomunicazioni.it", "tomcat6@puma-lnx"], "45": ["l.martini@nectelecomunicazioni.it", "a.matteo@nectelecomunicazioni.it"], "46": ["a.matteo@nectelecomunicazioni.it"], "47": ["a.matteo@nectelecomunicazioni.it"], "48": ["l.martini@nectelecomunicazioni.it", "a.matteo@nectelecomunicazioni.it", "tomcat6@puma-lnx"], "49": ["a.matteo@nectelecomunicazioni.it", "tomcat6@puma-lnx"], "50": ["l.martini@nectelecomunicazioni.it", "a.matteo@nectelecomunicazioni.it", "tomcat6@puma-lnx"], "51": ["a.matteo@nectelecomunicazioni.it"], "52": ["l.martini@nectelecomunicazioni.it", "a.matteo@nectelecomunicazioni.it", "luca@ghepard-lnx", "tomcat6@puma-lnx"], "53": ["a.matteo@nectelecomunicazioni.it", "luca@ghepard-lnx"], "54": ["a.matteo@nectelecomunicazioni.it"], "55": ["a.matteo@nectelecomunicazioni.it"], "56": ["a.matteo@nectelecomunicazioni.it", "tomcat6@puma-lnx"], "57": ["l.martini@nectelecomunicazioni.it", "luca@ghepard-lnx", "tomcat6@puma-lnx"], "58": ["l.martini@nectelecomunicazioni.it", "luca@ghepard-lnx"], "59": ["l.martini@nectelecomunicazioni.it", "luca@ghepard-lnx"], "60": ["l.martini@nectelecomunicazioni.it", "luca@ghepard-lnx"], "61": ["l.martini@nectelecomunicazioni.it", "luca@ghepard-lnx"], "62": ["l.martini@nectelecomunicazioni.it", "luca@ghepard-lnx"], "63": ["l.martini@nectelecomunicazioni.it", "luca@ghepard-lnx"], "64": ["l.martini@nectelecomunicazioni.it", "luca@ghepard-lnx"], "65": ["l.martini@nectelecomunicazioni.it", "luca@ghepard-lnx"], "66": ["l.martini@nectelecomunicazioni.it", "luca@ghepard-lnx"], "67": ["l.martini@nectelecomunicazioni.it", "luca@ghepard-lnx"], "68": ["l.martini@nectelecomunicazioni.it", "luca@ghepard-lnx"], "69": ["l.martini@nectelecomunicazioni.it", "luca@ghepard-lnx"], "70": ["l.martini@nectelecomunicazioni.it", "luca@ghepard-lnx"], "71": ["l.martini@nectelecomunicazioni.it", "luca@ghepard-lnx"], "72": ["l.martini@nectelecomunicazioni.it", "luca@ghepard-lnx"], "73": ["l.martini@nectelecomunicazioni.it", "luca@ghepard-lnx"], "74": ["l.martini@nectelecomunicazioni.it", "luca@ghepard-lnx"], "75": ["l.martini@nectelecomunicazioni.it", "luca@ghepard-lnx"], "76": ["l.martini@nectelecomunicazioni.it", "luca@ghepard-lnx"], "77": ["l.martini@nectelecomunicazioni.it", "luca@ghepard-lnx"], "78": ["l.martini@nectelecomunicazioni.it", "luca@ghepard-lnx"], "79": ["l.martini@nectelecomunicazioni.it", "luca@ghepard-lnx", "marco@cardinaliHp"], "80": ["l.martini@nectelecomunicazioni.it", "luca@ghepard-lnx"], "81": ["l.martini@nectelecomunicazioni.it", "luca@ghepard-lnx"], "82": ["l.martini@nectelecomunicazioni.it", "luca@ghepard-lnx"], "83": ["l.martini@nectelecomunicazioni.it", "luca@ghepard-lnx"], "84": ["l.martini@nectelecomunicazioni.it", "luca@ghepard-lnx"], "85": ["l.martini@nectelecomunicazioni.it", "luca@ghepard-lnx"], "86": ["l.martini@nectelecomunicazioni.it", "luca@ghepard-lnx"], "87": ["l.martini@nectelecomunicazioni.it", "luca@ghepard-lnx"], "88": ["l.martini@nectelecomunicazioni.it", "luca@ghepard-lnx"], "89": ["l.martini@nectelecomunicazioni.it", "luca@ghepard-lnx"], "90": ["l.martini@nectelecomunicazioni.it", "luca@ghepard-lnx"], "91": ["l.martini@nectelecomunicazioni.it", "luca@ghepard-lnx"], "92": ["l.martini@nectelecomunicazioni.it", "luca@ghepard-lnx"], "39": ["l.martini@nectelecomunicazioni.it", "tomcat6@puma-lnx"], "93": ["l.martini@nectelecomunicazioni.it", "luca@ghepard-lnx"], "94": ["l.martini@nectelecomunicazioni.it", "luca@ghepard-lnx"], "95": ["l.martini@nectelecomunicazioni.it", "luca@ghepard-lnx"], "96": ["l.martini@nectelecomunicazioni.it", "luca@ghepard-lnx"], "97": ["l.martini@nectelecomunicazioni.it", "luca@ghepard-lnx"], "98": ["l.martini@nectelecomunicazioni.it", "luca@ghepard-lnx"], "99": ["l.martini@nectelecomunicazioni.it", "luca@ghepard-lnx"], "100": ["l.martini@nectelecomunicazioni.it", "luca@ghepard-lnx"], "2": ["l.martini@nectelecomunicazioni.it", "tomcat6@puma-lnx"], "101": ["l.martini@nectelecomunicazioni.it", "luca@ghepard-lnx"], "102": ["l.martini@nectelecomunicazioni.it", "luca@ghepard-lnx"], "103": ["l.martini@nectelecomunicazioni.it", "luca@ghepard-lnx"], "104": ["l.martini@nectelecomunicazioni.it", "luca@ghepard-lnx"], "10": ["l.martini@nectelecomunicazioni.it", "tomcat6@puma-lnx"], "5": ["l.martini@nectelecomunicazioni.it", "tomcat6@puma-lnx"], "105": ["l.martini@nectelecomunicazioni.it", "luca@ghepard-lnx"], "106": ["l.martini@nectelecomunicazioni.it", "luca@ghepard-lnx"], "107": ["l.martini@nectelecomunicazioni.it", "luca@ghepard-lnx"], "108": ["l.martini@nectelecomunicazioni.it", "luca@ghepard-lnx"], "7": ["l.martini@nectelecomunicazioni.it", "tomcat6@puma-lnx"], "25": ["l.martini@nectelecomunicazioni.it", "tomcat6@puma-lnx"], "35": ["l.martini@nectelecomunicazioni.it", "tomcat6@puma-lnx"], "109": ["l.martini@nectelecomunicazioni.it", "luca@ghepard-lnx"], "110": ["l.martini@nectelecomunicazioni.it", "luca@ghepard-lnx"], "111": ["l.martini@nectelecomunicazioni.it", "luca@ghepard-lnx"], "112": ["l.martini@nectelecomunicazioni.it", "luca@ghepard-lnx"], "113": ["l.martini@nectelecomunicazioni.it", "luca@ghepard-lnx"], "114": ["l.martini@nectelecomunicazioni.it", "luca@ghepard-lnx"], "115": ["l.martini@nectelecomunicazioni.it", "luca@ghepard-lnx"], "116": ["l.martini@nectelecomunicazioni.it", "luca@ghepard-lnx"], "117": ["l.martini@nectelecomunicazioni.it", "luca@ghepard-lnx"], "118": ["l.martini@nectelecomunicazioni.it", "luca@ghepard-lnx"], "119": ["l.martini@nectelecomunicazioni.it", "luca@ghepard-lnx"], "120": ["l.martini@nectelecomunicazioni.it", "luca@ghepard-lnx"], "121": ["l.martini@nectelecomunicazioni.it", "luca@ghepard-lnx"], "122": ["l.martini@nectelecomunicazioni.it", "luca@ghepard-lnx"], "123": ["l.martini@nectelecomunicazioni.it", "luca@ghepard-lnx"], "124": ["l.martini@nectelecomunicazioni.it", "luca@ghepard-lnx"], "125": ["l.martini@nectelecomunicazioni.it", "luca@ghepard-lnx"], "126": ["l.martini@nectelecomunicazioni.it", "luca@ghepard-lnx"], "127": ["l.martini@nectelecomunicazioni.it", "luca@ghepard-lnx"], "128": ["l.martini@nectelecomunicazioni.it", "luca@ghepard-lnx"], "129": ["l.martini@nectelecomunicazioni.it", "luca@ghepard-lnx"], "130": ["l.martini@nectelecomunicazioni.it", "luca@ghepard-lnx"], "131": ["l.martini@nectelecomunicazioni.it", "luca@ghepard-lnx"], "132": ["l.martini@nectelecomunicazioni.it", "luca@ghepard-lnx", "marco@cardinaliHp"], "133": ["l.martini@nectelecomunicazioni.it", "luca@ghepard-lnx"], "134": ["l.martini@nectelecomunicazioni.it", "luca@ghepard-lnx"], "135": ["l.martini@nectelecomunicazioni.it", "luca@ghepard-lnx"], "136": ["l.martini@nectelecomunicazioni.it", "luca@ghepard-lnx"], "137": ["l.martini@nectelecomunicazioni.it", "luca@ghepard-lnx"], "138": ["l.martini@nectelecomunicazioni.it", "luca@ghepard-lnx"], "139": ["l.martini@nectelecomunicazioni.it", "luca@ghepard-lnx"], "140": ["l.martini@nectelecomunicazioni.it", "luca@ghepard-lnx"], "141": ["l.martini@nectelecomunicazioni.it", "luca@ghepard-lnx"], "142": ["l.martini@nectelecomunicazioni.it", "luca@ghepard-lnx"], "143": ["l.martini@nectelecomunicazioni.it", "luca@ghepard-lnx"], "144": ["l.martini@nectelecomunicazioni.it", "luca@ghepard-lnx"], "145": ["l.martini@nectelecomunicazioni.it", "luca@ghepard-lnx"], "146": ["l.martini@nectelecomunicazioni.it", "luca@ghepard-lnx"], "147": ["l.martini@nectelecomunicazioni.it", "luca@ghepard-lnx"], "148": ["l.martini@nectelecomunicazioni.it", "luca@ghepard-lnx"], "149": ["l.martini@nectelecomunicazioni.it", "luca@ghepard-lnx"], "150": ["l.martini@nectelecomunicazioni.it", "luca@ghepard-lnx"], "151": ["l.martini@nectelecomunicazioni.it", "luca@ghepard-lnx"], "152": ["l.martini@nectelecomunicazioni.it", "luca@ghepard-lnx"], "153": ["l.martini@nectelecomunicazioni.it", "luca@ghepard-lnx"], "154": ["l.martini@nectelecomunicazioni.it", "luca@ghepard-lnx"], "155": ["l.martini@nectelecomunicazioni.it", "luca@ghepard-lnx"], "156": ["l.martini@nectelecomunicazioni.it", "luca@ghepard-lnx", "tomcat6@puma-lnx"], "157": ["l.martini@nectelecomunicazioni.it", "luca@ghepard-lnx"], "158": ["l.martini@nectelecomunicazioni.it", "luca@ghepard-lnx", "tomcat6@puma-lnx"], "159": ["luca@ghepard-lnx", "tomcat6@puma-lnx"], "160": ["l.martini@nectelecomunicazioni.it", "luca@ghepard-lnx", "a.matteo@nectelecomunicazioni.it"], "29": ["l.martini@nectelecomunicazioni.it", "a.matteo@nectelecomunicazioni.it"], "28": ["l.martini@nectelecomunicazioni.it", "a.matteo@nectelecomunicazioni.it"], "27": ["l.martini@nectelecomunicazioni.it", "a.matteo@nectelecomunicazioni.it"], "161": ["l.martini@nectelecomunicazioni.it", "a.matteo@nectelecomunicazioni.it"], "162": ["l.martini@nectelecomunicazioni.it", "a.matteo@nectelecomunicazioni.it"], "163": ["l.martini@nectelecomunicazioni.it", "a.matteo@nectelecomunicazioni.it"], "164": ["a.matteo@nectelecomunicazioni.it"], "165": ["l.martini@nectelecomunicazioni.it", "a.matteo@nectelecomunicazioni.it"], "166": ["l.martini@nectelecomunicazioni.it", "a.matteo@nectelecomunicazioni.it", "gianluca.fares@giafar.it"], "167": ["l.martini@nectelecomunicazioni.it"], "168": ["l.martini@nectelecomunicazioni.it", "tomcat6@puma-lnx"], "16": ["l.martini@nectelecomunicazioni.it", "tomcat6@puma-lnx"], "17": ["l.martini@nectelecomunicazioni.it", "tomcat6@puma-lnx"], "33": ["l.martini@nectelecomunicazioni.it", "tomcat6@puma-lnx"], "23": ["l.martini@nectelecomunicazioni.it", "tomcat6@puma-lnx"], "14": ["l.martini@nectelecomunicazioni.it", "tomcat6@puma-lnx"], "12": ["l.martini@nectelecomunicazioni.it", "tomcat6@puma-lnx"], "169": ["l.martini@nectelecomunicazioni.it", "tomcat6@puma-lnx"], "170": ["l.martini@nectelecomunicazioni.it", "tomcat6@puma-lnx"], "171": ["l.martini@nectelecomunicazioni.it", "tomcat6@puma-lnx"], "172": ["l.martini@nectelecomunicazioni.it", "tomcat6@puma-lnx"], "383": ["marco@cardinaliHp"], "174": ["l.martini@nectelecomunicazioni.it", "tomcat6@puma-lnx"], "175": ["l.martini@nectelecomunicazioni.it", "tomcat6@puma-lnx"], "176": ["l.martini@nectelecomunicazioni.it"], "177": ["l.martini@nectelecomunicazioni.it", "tomcat6@puma-lnx"], "36": ["l.martini@nectelecomunicazioni.it", "tomcat6@puma-lnx"], "4": ["l.martini@nectelecomunicazioni.it", "tomcat6@puma-lnx"], "3": ["l.martini@nectelecomunicazioni.it", "tomcat6@puma-lnx"], "11": ["l.martini@nectelecomunicazioni.it", "tomcat6@puma-lnx"], "1": ["l.martini@nectelecomunicazioni.it", "tomcat6@puma-lnx"], "38": ["l.martini@nectelecomunicazioni.it", "tomcat6@puma-lnx"], "178": ["l.martini@nectelecomunicazioni.it", "tomcat6@puma-lnx"], "179": ["l.martini@nectelecomunicazioni.it", "tomcat6@puma-lnx"], "180": ["l.martini@nectelecomunicazioni.it", "tomcat6@puma-lnx"], "15": ["l.martini@nectelecomunicazioni.it", "tomcat6@puma-lnx"], "181": ["l.martini@nectelecomunicazioni.it", "tomcat6@puma-lnx"], "32": ["l.martini@nectelecomunicazioni.it", "tomcat6@puma-lnx"], "34": ["l.martini@nectelecomunicazioni.it", "tomcat6@puma-lnx"], "182": ["l.martini@nectelecomunicazioni.it", "tomcat6@puma-lnx"], "13": ["l.martini@nectelecomunicazioni.it", "tomcat6@puma-lnx"], "30": ["l.martini@nectelecomunicazioni.it", "tomcat6@puma-lnx"], "183": ["l.martini@nectelecomunicazioni.it", "tomcat6@puma-lnx"], "184": ["l.martini@nectelecomunicazioni.it", "tomcat6@puma-lnx"], "26": ["l.martini@nectelecomunicazioni.it", "tomcat6@puma-lnx"], "20": ["l.martini@nectelecomunicazioni.it", "tomcat6@puma-lnx"], "185": ["l.martini@nectelecomunicazioni.it"], "186": ["l.martini@nectelecomunicazioni.it"], "187": ["l.martini@nectelecomunicazioni.it"], "188": ["l.martini@nectelecomunicazioni.it"], "189": ["l.martini@nectelecomunicazioni.it"], "190": ["l.martini@nectelecomunicazioni.it"], "191": ["l.martini@nectelecomunicazioni.it"], "192": ["l.martini@nectelecomunicazioni.it"], "193": ["l.martini@nectelecomunicazioni.it"], "194": ["l.martini@nectelecomunicazioni.it", "tomcat6@puma-lnx"], "195": ["l.martini@nectelecomunicazioni.it"], "196": ["l.martini@nectelecomunicazioni.it"], "197": ["l.martini@nectelecomunicazioni.it", "tomcat6@puma-lnx"], "198": ["l.martini@nectelecomunicazioni.it"], "199": ["l.martini@nectelecomunicazioni.it"], "200": ["l.martini@nectelecomunicazioni.it"], "201": ["l.martini@nectelecomunicazioni.it"], "202": ["l.martini@nectelecomunicazioni.it"], "203": ["l.martini@nectelecomunicazioni.it", "tomcat6@puma-lnx"], "204": ["l.martini@nectelecomunicazioni.it"], "205": ["l.martini@nectelecomunicazioni.it"], "206": ["l.martini@nectelecomunicazioni.it"], "207": ["l.martini@nectelecomunicazioni.it"], "208": ["l.martini@nectelecomunicazioni.it"], "209": ["l.martini@nectelecomunicazioni.it", "tomcat6@puma-lnx"], "210": ["l.martini@nectelecomunicazioni.it"], "211": ["l.martini@nectelecomunicazioni.it"], "212": ["l.martini@nectelecomunicazioni.it"], "213": ["l.martini@nectelecomunicazioni.it", "tomcat6@puma-lnx"], "214": ["l.martini@nectelecomunicazioni.it", "tomcat6@puma-lnx"], "215": ["l.martini@nectelecomunicazioni.it", "tomcat6@puma-lnx"], "216": ["l.martini@nectelecomunicazioni.it", "tomcat6@puma-lnx"], "217": ["l.martini@nectelecomunicazioni.it", "tomcat6@puma-lnx"], "218": ["l.martini@nectelecomunicazioni.it", "tomcat6@puma-lnx"], "219": ["l.martini@nectelecomunicazioni.it"], "220": ["l.martini@nectelecomunicazioni.it"], "221": ["l.martini@nectelecomunicazioni.it", "tomcat6@puma-lnx"], "222": ["l.martini@nectelecomunicazioni.it", "tomcat6@puma-lnx"], "223": ["l.martini@nectelecomunicazioni.it", "tomcat6@puma-lnx"], "224": ["l.martini@nectelecomunicazioni.it"], "225": ["l.martini@nectelecomunicazioni.it"], "226": ["l.martini@nectelecomunicazioni.it", "marco@cardinaliHp", "tomcat6@puma-lnx"], "227": ["l.martini@nectelecomunicazioni.it", "tomcat6@puma-lnx"], "228": ["l.martini@nectelecomunicazioni.it", "tomcat6@puma-lnx"], "229": ["l.martini@nectelecomunicazioni.it", "tomcat6@puma-lnx"], "230": ["l.martini@nectelecomunicazioni.it", "tomcat6@puma-lnx"], "231": ["l.martini@nectelecomunicazioni.it"], "232": ["l.martini@nectelecomunicazioni.it", "tomcat6@puma-lnx"], "233": ["l.martini@nectelecomunicazioni.it", "tomcat6@puma-lnx"], "234": ["l.martini@nectelecomunicazioni.it", "tomcat6@puma-lnx"], "235": ["l.martini@nectelecomunicazioni.it"], "236": ["l.martini@nectelecomunicazioni.it"], "237": ["l.martini@nectelecomunicazioni.it", "tomcat6@puma-lnx"], "238": ["l.martini@nectelecomunicazioni.it", "tomcat6@puma-lnx"], "239": ["l.martini@nectelecomunicazioni.it", "tomcat6@puma-lnx"], "240": ["l.martini@nectelecomunicazioni.it"], "241": ["l.martini@nectelecomunicazioni.it", "tomcat6@puma-lnx"], "242": ["l.martini@nectelecomunicazioni.it", "tomcat6@puma-lnx"], "243": ["l.martini@nectelecomunicazioni.it", "tomcat6@puma-lnx"], "244": ["tomcat6@puma-lnx"], "245": ["tomcat6@puma-lnx"], "246": ["l.martini@nectelecomunicazioni.it", "tomcat6@puma-lnx"], "247": ["l.martini@nectelecomunicazioni.it", "tomcat6@puma-lnx"], "248": ["l.martini@nectelecomunicazioni.it", "tomcat6@puma-lnx"], "249": ["l.martini@nectelecomunicazioni.it", "tomcat6@puma-lnx"], "9": ["marco@cardinaliHp"], "8": ["marco@cardinaliHp"], "6": ["l.martini@nectelecomunicazioni.it", "tomcat6@puma-lnx"], "389": ["marco@cardinaliHp"], "251": ["l.martini@nectelecomunicazioni.it", "tomcat6@puma-lnx"], "390": ["marco@cardinaliHp"], "253": ["l.martini@nectelecomunicazioni.it", "tomcat6@puma-lnx"], "254": ["l.martini@nectelecomunicazioni.it"], "380": ["marco@cardinaliHp"], "256": ["l.martini@nectelecomunicazioni.it", "tomcat6@puma-lnx"], "257": ["l.martini@nectelecomunicazioni.it", "tomcat6@puma-lnx"], "362": ["tomcat6@puma-lnx"], "259": ["l.martini@nectelecomunicazioni.it", "tomcat6@puma-lnx"], "260": ["l.martini@nectelecomunicazioni.it", "tomcat6@puma-lnx"], "261": ["tomcat6@puma-lnx"], "262": ["tomcat6@puma-lnx"], "263": ["marco.cardinali@gmail.com", "tomcat6@puma-lnx"], "381": ["marco@cardinaliHp"], "265": ["l.martini@nectelecomunicazioni.it", "tomcat6@puma-lnx"], "266": ["l.martini@nectelecomunicazioni.it", "tomcat6@puma-lnx"], "267": ["l.martini@nectelecomunicazioni.it", "luc@mercurio"], "379": ["marco@cardinaliHp"], "382": ["marco@cardinaliHp"], "272": ["l.martini@nectelecomunicazioni.it"], "273": ["l.martini@nectelecomunicazioni.it"], "274": ["l.martini@nectelecomunicazioni.it"], "275": ["l.martini@nectelecomunicazioni.it"], "276": ["l.martini@nectelecomunicazioni.it"], "277": ["l.martini@nectelecomunicazioni.it"], "278": ["l.martini@nectelecomunicazioni.it"], "279": ["l.martini@nectelecomunicazioni.it"], "280": ["l.martini@nectelecomunicazioni.it"], "281": ["l.martini@nectelecomunicazioni.it"], "282": ["l.martini@nectelecomunicazioni.it"], "283": ["l.martini@nectelecomunicazioni.it"], "284": ["l.martini@nectelecomunicazioni.it"], "285": ["l.martini@nectelecomunicazioni.it"], "286": ["l.martini@nectelecomunicazioni.it"], "287": ["l.martini@nectelecomunicazioni.it"], "288": ["l.martini@nectelecomunicazioni.it"], "289": ["l.martini@nectelecomunicazioni.it", "tomcat6@puma-lnx"], "290": ["l.martini@nectelecomunicazioni.it"], "291": ["l.martini@nectelecomunicazioni.it", "tomcat6@puma-lnx"], "292": ["l.martini@nectelecomunicazioni.it", "marco@cardinaliHp", "luc@mercurio", "tomcat6@puma-lnx"], "293": ["l.martini@nectelecomunicazioni.it", "tomcat6@puma-lnx"], "294": ["l.martini@nectelecomunicazioni.it"], "295": ["l.martini@nectelecomunicazioni.it"], "296": ["l.martini@nectelecomunicazioni.it"], "384": ["marco@cardinaliHp"], "385": ["marco@cardinaliHp"], "299": ["l.martini@nectelecomunicazioni.it", "tomcat6@puma-lnx"], "300": ["l.martini@nectelecomunicazioni.it", "tomcat6@puma-lnx"], "301": ["l.martini@nectelecomunicazioni.it"], "31": ["l.martini@nectelecomunicazioni.it", "tomcat6@puma-lnx"], "302": ["l.martini@nectelecomunicazioni.it"], "303": ["l.martini@nectelecomunicazioni.it"], "304": ["l.martini@nectelecomunicazioni.it", "tomcat6@puma-lnx"], "305": ["l.martini@nectelecomunicazioni.it"], "306": ["l.martini@nectelecomunicazioni.it", "tomcat6@puma-lnx"], "307": ["l.martini@nectelecomunicazioni.it", "marco@cardinaliHp", "tomcat6@puma-lnx"], "378": ["marco@cardinaliHp"], "309": ["tomcat6@puma-lnx"], "311": ["tomcat6@puma-lnx"], "312": ["tomcat6@puma-lnx"], "315": ["l.martini@nectelecomunicazioni.it", "tomcat6@puma-lnx"], "316": ["tomcat6@puma-lnx"], "317": ["l.martini@nectelecomunicazioni.it", "tomcat6@puma-lnx"], "319": ["l.martini@nectelecomunicazioni.it", "tomcat6@puma-lnx"], "320": ["l.martini@nectelecomunicazioni.it", "tomcat6@puma-lnx"], "321": ["l.martini@nectelecomunicazioni.it"], "322": ["gianluca.fares@giafar.it", "AMALIA@AMALIA-PC", "l.martini@nectelecomunicazioni.it", "tomcat6@puma-lnx"], "323": ["gianluca.fares@giafar.it", "l.martini@nectelecomunicazioni.it"], "324": ["gianluca.fares@giafar.it", "l.martini@nectelecomunicazioni.it"], "325": ["gianluca.fares@giafar.it"], "326": ["gianluca.fares@giafar.it", "AMALIA@AMALIA-PC", "tomcat6@puma-lnx"], "327": ["l.martini@nectelecomunicazioni.it", "tomcat6@puma-lnx"], "328": ["l.martini@nectelecomunicazioni.it", "tomcat6@puma-lnx"], "329": ["l.martini@nectelecomunicazioni.it", "marco@cardinaliHp"], "330": ["l.martini@nectelecomunicazioni.it"], "331": ["l.martini@nectelecomunicazioni.it", "tomcat6@puma-lnx"], "332": ["gianluca.fares@giafar.it", "tomcat6@puma-lnx", "marco@cardinaliHp", "l.martini@nectelecomunicazioni.it", "AMALIA@AMALIA-PC"], "333": ["gianluca.fares@giafar.it", "tomcat6@puma-lnx", "marco@cardinaliHp", "l.martini@nectelecomunicazioni.it", "AMALIA@AMALIA-PC"], "19": ["gianluca.fares@giafar.it"], "334": ["gianluca.fares@giafar.it"], "335": ["gianluca.fares@giafar.it"], "336": ["gianluca.fares@giafar.it"], "337": ["gianluca.fares@giafar.it", "tomcat6@puma-lnx"], "338": ["gianluca.fares@giafar.it", "AMALIA@AMALIA-PC", "l.martini@nectelecomunicazioni.it", "tomcat6@puma-lnx"], "339": ["l.martini@nectelecomunicazioni.it"], "340": ["l.martini@nectelecomunicazioni.it", "luc@mercurio"], "341": ["l.martini@nectelecomunicazioni.it"], "342": ["l.martini@nectelecomunicazioni.it", "a.matteo@nectelecomunicazioni.it", "tomcat6@puma-lnx"], "343": ["l.martini@nectelecomunicazioni.it", "tomcat6@puma-lnx"], "344": ["l.martini@nectelecomunicazioni.it", "luc@mercurio"], "345": ["l.martini@nectelecomunicazioni.it", "a.matteo@nectelecomunicazioni.it", "luc@mercurio"], "346": ["l.martini@nectelecomunicazioni.it"], "347": ["tomcat6@puma-lnx"], "348": ["l.martini@nectelecomunicazioni.it", "tomcat6@puma-lnx"], "349": ["l.martini@nectelecomunicazioni.it", "tomcat6@puma-lnx"], "350": ["l.martini@nectelecomunicazioni.it"], "351": ["l.martini@nectelecomunicazioni.it"], "352": ["l.martini@nectelecomunicazioni.it", "tomcat6@puma-lnx"], "353": ["l.martini@nectelecomunicazioni.it", "tomcat6@puma-lnx"], "354": ["l.martini@nectelecomunicazioni.it", "tomcat6@puma-lnx"], "355": ["l.martini@nectelecomunicazioni.it", "tomcat6@puma-lnx"], "356": ["l.martini@nectelecomunicazioni.it", "tomcat6@puma-lnx"], "357": ["l.martini@nectelecomunicazioni.it", "tomcat6@puma-lnx"], "358": ["l.martini@nectelecomunicazioni.it", "tomcat6@puma-lnx"], "359": ["tomcat6@puma-lnx"], "360": ["l.martini@nectelecomunicazioni.it", "marco@cardinaliHp", "tomcat6@puma-lnx"], "21": ["tomcat6@puma-lnx"], "18": ["tomcat6@puma-lnx"], "24": ["tomcat6@puma-lnx"], "22": ["tomcat6@puma-lnx"], "363": ["tomcat6@puma-lnx"], "364": ["l.martini@nectelecomunicazioni.it"], "365": ["l.martini@nectelecomunicazioni.it", "tomcat6@puma-lnx"], "366": ["l.martini@nectelecomunicazioni.it", "tomcat6@puma-lnx"], "367": ["tomcat6@puma-lnx"], "368": ["tomcat6@puma-lnx"], "37": ["tomcat6@puma-lnx"], "369": ["tomcat6@puma-lnx"], "370": ["l.martini@nectelecomunicazioni.it", "tomcat6@puma-lnx"], "371": ["l.martini@nectelecomunicazioni.it"], "372": ["l.martini@nectelecomunicazioni.it"], "373": ["l.martini@nectelecomunicazioni.it", "tomcat6@puma-lnx"], "374": ["l.martini@nectelecomunicazioni.it"], "375": ["l.martini@nectelecomunicazioni.it"], "376": ["l.martini@nectelecomunicazioni.it"], "377": ["tomcat6@puma-lnx"], "386": ["marco@cardinaliHp"], "387": ["marco@cardinaliHp"], "388": ["marco@cardinaliHp"], "391": ["marco@cardinaliHp"], "392": ["marco@cardinaliHp"], "393": ["marco@cardinaliHp"], "394": ["marco@cardinaliHp"]}