{"CodingActor": 1, "Municipality": 2, "BodyApparatus": 3, "AppSetting": 4, "Patient": 5, "PatientCodingActor": 6, "Province": 7, "Maritalstatus": 8, "Citizenship": 9, "OrganizationUnit": 10, "BurnRobot": 11, "User": 12, "WorkPriority": 13, "Service": 14, "Icd9PatologyGroup": 15, "Hl7Patient": 16, "Modality": 17, "GatewayEventBattery": 18, "BatteryLevelEvent": 19, "WorkStatus": 20, "GatewayEvent": 21, "GatewayEventWeight": 22, "PhraseBook": 23, "GatewayEventBloodPressure": 24, "Region": 25, "WorkSession": 26, "LoginApplication": 27, "Login": 28, "Application": 29, "WorkReport": 30, "ModalityDailyAllocation": 31, "ModalityType": 32, "Order": 33, "OrderService": 34, "WorkTask": 35, "OrderLog": 36, "VModalityAllocation": 37, "Hl7InboundMessage": 38, "Country": 39}