{"13": [], "149": [], "12": ["shicheng@ttxit.com"], "2": ["shicheng@ttxit.com"], "19": [], "20": [], "21": [], "22": [], "24": [], "27": [], "28": [], "32": [], "35": [], "36": [], "38": [], "10": ["shicheng@ttxit.com"], "39": [], "40": [], "41": [], "42": [], "43": [], "44": [], "46": [], "1": ["shicheng@ttxit.com"], "48": [], "49": [], "51": [], "52": [], "54": [], "56": [], "57": [], "59": [], "61": [], "62": [], "64": [], "65": [], "66": [], "67": [], "5": ["shicheng@ttxit.com"], "68": [], "69": [], "70": [], "71": [], "72": [], "3": ["shicheng@ttxit.com"], "4": ["shicheng@ttxit.com"], "76": [], "77": [], "79": [], "80": [], "8": ["shicheng@ttxit.com"], "82": [], "83": [], "84": [], "85": [], "86": [], "87": [], "6": ["shicheng@ttxit.com"], "89": [], "90": [], "92": [], "94": [], "95": [], "98": [], "99": [], "101": [], "102": [], "103": [], "104": [], "105": [], "7": ["shicheng@ttxit.com"], "108": [], "109": [], "110": [], "112": [], "113": [], "115": [], "116": [], "118": [], "120": [], "121": [], "123": [], "124": [], "125": [], "126": [], "11": ["shicheng@ttxit.com"], "127": [], "128": [], "130": [], "131": [], "134": [], "136": [], "137": [], "139": [], "9": ["shicheng@ttxit.com"], "140": [], "141": [], "142": [], "143": [], "144": [], "145": [], "146": [], "147": [], "148": []}