{"ArticleController.createArticle": {"t": [{"id": 0, "a": [["W", 1], ["R", 1], ["W", 1], ["W", 1], ["R", 1], ["R", 2], ["R", 2], ["R", 2], ["R", 2], ["R", 2], ["W", 3], ["W", 3], ["W", 1], ["W", 3], ["W", 2], ["W", 4], ["W", 3], ["W", 4], ["W", 3], ["R", 1], ["R", 2], ["R", 2], ["R", 1], ["W", 3], ["W", 3]]}]}, "ArticleController.delete": {"t": [{"id": 0, "a": [["W", 1]]}]}, "ArticleController.findTopByUserEntityAndCreateTime": {"t": [{"id": 0, "a": [["R", 1], ["R", 2], ["R", 1], ["R", 2], ["R", 5], ["R", 1], ["R", 5], ["R", 1], ["R", 6]]}]}, "ArticleController.getAllArticleByUser": {"t": [{"id": 0, "a": [["R", 1], ["R", 1], ["R", 2], ["R", 1], ["R", 5], ["R", 1], ["R", 6], ["R", 6], ["R", 7], ["R", 1]]}]}, "ArticleController.getArticle": {"t": [{"id": 0, "a": [["R", 1], ["R", 1], ["R", 2], ["R", 1], ["R", 5], ["R", 1], ["R", 6], ["R", 6], ["R", 7], ["R", 1]]}]}, "ArticleController.getArticleViewByCreateTimeAndTop7": {"t": [{"id": 0, "a": [["R", 1]]}]}, "ArticleController.getListByTag": {"t": [{"id": 0, "a": [["R", 8], ["R", 8], ["R", 1], ["R", 1], ["R", 2], ["R", 1], ["R", 5], ["R", 1], ["R", 6], ["R", 6], ["R", 7], ["R", 1], ["R", 1], ["R", 8]]}]}, "ArticleController.list": {"t": [{"id": 0, "a": [["R", 1], ["R", 1], ["R", 2], ["R", 1], ["R", 5], ["R", 1], ["R", 6], ["R", 6], ["R", 7], ["R", 1], ["R", 1], ["R", 1], ["R", 2], ["R", 1], ["R", 5], ["R", 1], ["R", 6], ["R", 6], ["R", 7], ["R", 1], ["R", 1], ["R", 1], ["R", 2], ["R", 1], ["R", 5], ["R", 1], ["R", 6], ["R", 6], ["R", 7], ["R", 1]]}]}, "ArticleController.search": {"t": [{"id": 0, "a": [["R", 1], ["R", 1], ["R", 2], ["R", 1], ["R", 5], ["R", 1], ["R", 6], ["R", 6], ["R", 7], ["R", 1], ["R", 1], ["R", 8]]}]}, "ArticleController.update": {"t": [{"id": 0, "a": [["R", 1], ["R", 1], ["R", 1], ["R", 2], ["R", 1], ["R", 5], ["R", 1], ["R", 6], ["R", 6], ["R", 7], ["R", 1], ["W", 9], ["R", 1], ["W", 9], ["R", 1], ["R", 2], ["W", 9], ["W", 2], ["W", 9], ["W", 1], ["W", 9], ["W", 9], ["W", 1]]}]}, "GroupController.delete": {"t": [{"id": 0, "a": [["W", 10], ["W", 10]]}]}, "GroupController.list": {"t": [{"id": 0, "a": [["R", 10]]}]}, "GroupController.save": {"t": [{"id": 0, "a": [["W", 10]]}]}, "RemindController.getAllRemindByUsers": {"t": [{"id": 0, "a": [["W", 2], ["R", 3], ["R", 3]]}]}, "RemindController.info": {"t": [{"id": 0, "a": [["R", 3]]}]}, "RemindController.list": {"t": [{"id": 0, "a": [["R", 3]]}]}, "RemindController.read": {"t": [{"id": 0, "a": [["W", 3]]}]}, "UserController.checkFollow": {"t": [{"id": 0, "a": [["R", 2], ["R", 2], ["R", 2], ["R", 2], ["R", 11]]}]}, "UserController.findFollowCount": {"t": [{"id": 0, "a": [["R", 2], ["R", 2], ["R", 2], ["R", 2], ["R", 2], ["R", 2]]}]}, "UserController.findTopByArticle": {"t": [{"id": 0, "a": [["R", 1], ["R", 2], ["R", 2], ["R", 2], ["R", 11]]}]}, "UserController.follow": {"t": [{"id": 0, "a": [["R", 2], ["R", 2], ["R", 2], ["R", 2], ["R", 2], ["R", 2], ["W", 2], ["W", 2]]}]}, "UserController.getContribution": {"t": [{"id": 0, "a": [["R", 1], ["R", 2], ["R", 1], ["R", 2], ["R", 5], ["R", 1], ["R", 5], ["R", 1], ["R", 6]]}]}, "UserController.getFollows": {"t": [{"id": 0, "a": [["R", 2], ["R", 2], ["R", 2]]}]}, "UserController.impleInfo": {"t": [{"id": 0, "a": [["R", 2], ["R", 2], ["R", 11], ["R", 11]]}]}, "UserController.info": {"t": [{"id": 0, "a": [["R", 2]]}]}, "UserController.list": {"t": [{"id": 0, "a": [["R", 2]]}]}, "UserController.register": {"t": [{"id": 0, "a": [["W", 2], ["W", 2], ["W", 2], ["W", 2], ["W", 11], ["W", 2], ["W", 11], ["R", 12], ["W", 2], ["W", 12], ["W", 2]]}]}, "UserController.unfollow": {"t": [{"id": 0, "a": [["R", 2], ["R", 2], ["R", 2], ["R", 2], ["R", 2], ["R", 2], ["W", 2], ["W", 2]]}]}, "UserController.update": {"t": [{"id": 0, "a": [["R", 2], ["R", 2], ["R", 2], ["W", 2], ["R", 2], ["R", 2], ["R", 2], ["W", 2], ["W", 2]]}]}, "UserController.updateEmial": {"t": [{"id": 0, "a": [["R", 2], ["R", 2], ["R", 2], ["R", 2], ["R", 2]]}]}, "UserController.updatePassword": {"t": [{"id": 0, "a": [["R", 2], ["R", 2], ["R", 2], ["W", 2], ["W", 2], ["R", 2], ["R", 2], ["R", 2], ["R", 2], ["R", 2]]}]}, "UserController.userFollowed": {"t": [{"id": 0, "a": [["R", 2], ["R", 2], ["R", 2], ["R", 2], ["R", 2]]}]}, "ArticleTagController.getAllByArticlesCounterAndTop": {"t": [{"id": 0, "a": [["R", 8], ["R", 1], ["R", 8]]}]}, "ArticleTagController.list": {"t": [{"id": 0, "a": [["R", 8]]}]}, "ArticleTypeController.list": {"t": [{"id": 0, "a": [["R", 5]]}]}, "CommentController.createSpace": {"t": [{"id": 0, "a": [["W", 7]]}]}, "CommentController.delete": {"t": [{"id": 0, "a": [["W", 7]]}]}, "CommentController.getAllCommentByArticle": {"t": [{"id": 0, "a": [["W", 1], ["R", 7]]}]}, "CommentController.getArticleCommentsByCreateTimeAndTop7": {"t": [{"id": 0, "a": [["R", 1], ["R", 7], ["R", 1], ["R", 7]]}]}, "SpaceController.createSpace": {"t": [{"id": 0, "a": [["W", 6]]}]}, "SpaceController.getAllArticleBySpace": {"t": [{"id": 0, "a": [["R", 6], ["R", 1], ["R", 1], ["R", 2], ["R", 1], ["R", 5], ["R", 1], ["R", 6], ["R", 6], ["R", 7], ["R", 1], ["R", 1], ["R", 1], ["R", 1], ["R", 1]]}]}, "SpaceController.getAllPrivateSpaceByUser": {"t": [{"id": 0, "a": [["W", 2], ["R", 6]]}]}, "SpaceController.getAllPublicSpaceByUser": {"t": [{"id": 0, "a": [["W", 2], ["R", 6]]}]}, "SpaceController.getAllSpaceByPrivatedFalseAndUser": {"t": [{"id": 0, "a": [["W", 2], ["R", 6]]}]}, "SpaceController.getAllSpaceByUser": {"t": [{"id": 0, "a": [["W", 2], ["R", 6]]}]}, "SpaceController.getAllSpaces": {"t": [{"id": 0, "a": [["R", 6]]}]}, "SpaceController.getArticleCountBySpace": {"t": [{"id": 0, "a": [["R", 6], ["R", 6], ["R", 6], ["R", 1], ["R", 6]]}]}, "SpaceController.getSpaceInfoByCode": {"t": [{"id": 0, "a": [["R", 6]]}]}, "SpaceController.getSpaceInfoById": {"t": [{"id": 0, "a": [["R", 6]]}]}, "SpaceController.list": {"t": [{"id": 0, "a": [["R", 6]]}]}, "ArticleHistoryController.getArticleHistoryInfomation": {"t": [{"id": 0, "a": [["W", 1], ["R", 9]]}]}, "ArticleHistoryController.getByArticle": {"t": [{"id": 0, "a": [["W", 1], ["R", 9]]}]}, "ArticleHistoryController.restoreArticleHistoryInfomation": {"t": [{"id": 0, "a": [["R", 1], ["R", 1], ["R", 2], ["R", 1], ["R", 5], ["R", 1], ["R", 6], ["R", 6], ["R", 7], ["R", 1], ["W", 1], ["R", 9], ["R", 9], ["W", 1], ["W", 1], ["W", 9], ["R", 1], ["W", 9], ["R", 1], ["R", 2], ["W", 9], ["W", 2], ["W", 9], ["W", 1], ["W", 9], ["W", 9]]}]}}