{"13": ["shicheng@ttxit.com"], "149": ["shicheng@ttxit.com"], "12": ["shicheng@ttxit.com"], "2": ["shicheng@ttxit.com"], "19": ["shicheng@ttxit.com"], "20": ["shicheng@ttxit.com"], "21": ["shicheng@ttxit.com"], "22": ["shicheng@ttxit.com"], "24": ["shicheng@ttxit.com"], "27": ["shicheng@ttxit.com"], "28": ["shicheng@ttxit.com"], "32": ["shicheng@ttxit.com"], "35": ["shicheng@ttxit.com"], "36": ["shicheng@ttxit.com"], "38": ["shicheng@ttxit.com"], "10": ["shicheng@ttxit.com"], "39": ["shicheng@ttxit.com"], "40": ["shicheng@ttxit.com"], "41": ["shicheng@ttxit.com"], "42": ["shicheng@ttxit.com"], "43": ["shicheng@ttxit.com"], "44": ["shicheng@ttxit.com"], "46": ["shicheng@ttxit.com"], "1": ["shicheng@ttxit.com"], "48": ["shicheng@ttxit.com"], "49": ["shicheng@ttxit.com"], "51": ["shicheng@ttxit.com"], "52": ["shicheng@ttxit.com"], "54": ["shicheng@ttxit.com"], "56": ["shicheng@ttxit.com"], "57": ["shicheng@ttxit.com"], "59": ["shicheng@ttxit.com"], "61": ["shicheng@ttxit.com"], "62": ["shicheng@ttxit.com"], "64": ["shicheng@ttxit.com"], "65": ["shicheng@ttxit.com"], "66": ["shicheng@ttxit.com"], "67": ["shicheng@ttxit.com"], "5": ["shicheng@ttxit.com"], "68": ["shicheng@ttxit.com"], "69": ["shicheng@ttxit.com"], "70": ["shicheng@ttxit.com"], "71": ["shicheng@ttxit.com"], "72": ["shicheng@ttxit.com"], "3": ["shicheng@ttxit.com"], "4": ["shicheng@ttxit.com"], "76": ["shicheng@ttxit.com"], "77": ["shicheng@ttxit.com"], "79": ["shicheng@ttxit.com"], "80": ["shicheng@ttxit.com"], "8": ["shicheng@ttxit.com"], "82": ["shicheng@ttxit.com"], "83": ["shicheng@ttxit.com"], "84": ["shicheng@ttxit.com"], "85": ["shicheng@ttxit.com"], "86": ["shicheng@ttxit.com"], "87": ["shicheng@ttxit.com"], "6": ["shicheng@ttxit.com"], "89": ["shicheng@ttxit.com"], "90": ["shicheng@ttxit.com"], "92": ["shicheng@ttxit.com"], "94": ["shicheng@ttxit.com"], "95": ["shicheng@ttxit.com"], "98": ["shicheng@ttxit.com"], "99": ["shicheng@ttxit.com"], "101": ["shicheng@ttxit.com"], "102": ["shicheng@ttxit.com"], "103": ["shicheng@ttxit.com"], "104": ["shicheng@ttxit.com"], "105": ["shicheng@ttxit.com"], "7": ["shicheng@ttxit.com"], "108": ["shicheng@ttxit.com"], "109": ["shicheng@ttxit.com"], "110": ["shicheng@ttxit.com"], "112": ["shicheng@ttxit.com"], "113": ["shicheng@ttxit.com"], "115": ["shicheng@ttxit.com"], "116": ["shicheng@ttxit.com"], "118": ["shicheng@ttxit.com"], "120": ["shicheng@ttxit.com"], "121": ["shicheng@ttxit.com"], "123": ["shicheng@ttxit.com"], "124": ["shicheng@ttxit.com"], "125": ["shicheng@ttxit.com"], "126": ["shicheng@ttxit.com"], "11": ["shicheng@ttxit.com"], "127": ["shicheng@ttxit.com"], "128": ["shicheng@ttxit.com"], "130": ["shicheng@ttxit.com"], "131": ["shicheng@ttxit.com"], "134": ["shicheng@ttxit.com"], "136": ["shicheng@ttxit.com"], "137": ["shicheng@ttxit.com"], "139": ["shicheng@ttxit.com"], "9": ["shicheng@ttxit.com"], "140": ["shicheng@ttxit.com"], "141": ["shicheng@ttxit.com"], "142": ["shicheng@ttxit.com"], "143": ["shicheng@ttxit.com"], "144": ["shicheng@ttxit.com"], "145": ["shicheng@ttxit.com"], "146": ["shicheng@ttxit.com"], "147": ["shicheng@ttxit.com"], "148": ["shicheng@ttxit.com"]}