{"1": "AgentGoodAdvancePayment", "2": "Manager", "3": "Login", "4": "AgentLevel", "5": "Commission", "6": "Depot", "7": "Product", "8": "StockShiftUnit", "9": "UsageStock", "10": "Factory", "11": "StockSettlement", "12": "UnSettlementUsageStock", "13": "MainDeliverableOrder", "14": "MainGood", "15": "MainProduct", "16": "DemoOrder", "17": "Customer", "18": "CommonProblem", "19": "ContactWay", "20": "AgentSystem", "21": "AgentGoodPaymentRecord", "22": "AgentFeeRecord", "23": "LoginRelation", "24": "MainOrder", "25": "HaierOrder", "26": "Channel", "27": "Tag", "28": "OrderCommission", "29": "SalesAchievement", "30": "Salesman", "31": "PromotionRequest", "32": "TRJPayOrder", "33": "AuthorisingInfo", "34": "ScriptTask", "35": "InstallmentChannel", "36": "WithdrawRequest", "37": "StockShiftUnitEvent", "38": "ProductType", "39": "AgentGoodAdvancePaymentJournal", "40": "LoginCommissionJournal", "41": "HaierDepot", "42": "PropertyName", "43": "ManuallyOrder"}