{"44": ["luffy.ja@gmail.com", "347871727@qq.com"], "45": ["luffy.ja@gmail.com"], "46": ["luffy.ja@gmail.com", "347871727@qq.com"], "47": ["luffy.ja@gmail.com"], "48": ["luffy.ja@gmail.com", "347871727@qq.com"], "49": ["luffy.ja@gmail.com"], "3": ["luffy.ja@gmail.com", "lixuefeng2012@126.com", "347871727@qq.com"], "50": ["luffy.ja@gmail.com"], "51": ["luffy.ja@gmail.com"], "52": ["luffy.ja@gmail.com"], "53": ["luffy.ja@gmail.com"], "54": ["luffy.ja@gmail.com", "347871727@qq.com"], "55": ["luffy.ja@gmail.com"], "56": ["luffy.ja@gmail.com"], "57": ["luffy.ja@gmail.com"], "58": ["luffy.ja@gmail.com"], "59": ["luffy.ja@gmail.com"], "60": ["luffy.ja@gmail.com", "lixuefeng2012@126.com", "347871727@qq.com"], "61": ["luffy.ja@gmail.com"], "62": ["luffy.ja@gmail.com"], "63": ["luffy.ja@gmail.com"], "64": ["luffy.ja@gmail.com"], "65": ["luffy.ja@gmail.com"], "4": ["luffy.ja@gmail.com"], "17": ["luffy.ja@gmail.com"], "2": ["luffy.ja@gmail.com"], "66": ["luffy.ja@gmail.com", "lixuefeng2012@126.com"], "67": ["luffy.ja@gmail.com"], "68": ["luffy.ja@gmail.com", "347871727@qq.com"], "69": ["luffy.ja@gmail.com"], "386": ["347871727@qq.com"], "71": ["luffy.ja@gmail.com"], "72": ["luffy.ja@gmail.com"], "73": ["luffy.ja@gmail.com"], "74": ["luffy.ja@gmail.com"], "75": ["luffy.ja@gmail.com"], "76": ["luffy.ja@gmail.com"], "77": ["luffy.ja@gmail.com"], "78": ["luffy.ja@gmail.com"], "79": ["luffy.ja@gmail.com"], "80": ["luffy.ja@gmail.com"], "81": ["luffy.ja@gmail.com"], "82": ["luffy.ja@gmail.com"], "83": ["luffy.ja@gmail.com"], "84": ["luffy.ja@gmail.com"], "85": ["luffy.ja@gmail.com"], "86": ["luffy.ja@gmail.com"], "87": ["luffy.ja@gmail.com"], "88": ["luffy.ja@gmail.com"], "89": ["luffy.ja@gmail.com"], "90": ["luffy.ja@gmail.com"], "19": ["luffy.ja@gmail.com"], "91": ["luffy.ja@gmail.com", "lixuefeng2012@126.com"], "92": ["luffy.ja@gmail.com", "347871727@qq.com"], "93": ["luffy.ja@gmail.com", "lixuefeng2012@126.com"], "94": ["luffy.ja@gmail.com", "347871727@qq.com"], "95": ["luffy.ja@gmail.com"], "96": ["luffy.ja@gmail.com"], "97": ["luffy.ja@gmail.com"], "98": ["luffy.ja@gmail.com"], "99": ["luffy.ja@gmail.com", "347871727@qq.com"], "100": ["luffy.ja@gmail.com"], "101": ["luffy.ja@gmail.com"], "102": ["luffy.ja@gmail.com"], "103": ["luffy.ja@gmail.com"], "104": ["luffy.ja@gmail.com", "lixuefeng2012@126.com", "347871727@qq.com"], "105": ["luffy.ja@gmail.com"], "249": ["luffy.ja@gmail.com"], "107": ["luffy.ja@gmail.com"], "108": ["luffy.ja@gmail.com"], "109": ["luffy.ja@gmail.com", "lixuefeng2012@126.com"], "110": ["luffy.ja@gmail.com", "lixuefeng2012@126.com"], "111": ["luffy.ja@gmail.com"], "112": ["luffy.ja@gmail.com", "347871727@qq.com"], "113": ["luffy.ja@gmail.com"], "114": ["luffy.ja@gmail.com", "347871727@qq.com"], "115": ["15267286525@sina.cn", "luffy.ja@gmail.com", "lixuefeng2012@126.com"], "116": ["luffy.ja@gmail.com", "347871727@qq.com"], "117": ["chang.0022@163.com", "luffy.ja@gmail.com"], "118": ["luffy.ja@gmail.com"], "119": ["chang.0022@163.com", "luffy.ja@gmail.com"], "24": ["luffy.ja@gmail.com", "347871727@qq.com"], "15": ["luffy.ja@gmail.com", "347871727@qq.com"], "120": ["luffy.ja@gmail.com"], "121": ["luffy.ja@gmail.com", "lixuefeng2012@126.com"], "122": ["luffy.ja@gmail.com", "lixuefeng2012@126.com"], "123": ["luffy.ja@gmail.com"], "124": ["luffy.ja@gmail.com", "lixuefeng2012@126.com", "347871727@qq.com"], "125": ["luffy.ja@gmail.com"], "126": ["luffy.ja@gmail.com", "lixuefeng2012@126.com", "347871727@qq.com"], "127": ["luffy.ja@gmail.com"], "382": ["luffy.ja@gmail.com", "347871727@qq.com"], "14": ["luffy.ja@gmail.com", "347871727@qq.com"], "129": ["luffy.ja@gmail.com"], "130": ["luffy.ja@gmail.com"], "131": ["luffy.ja@gmail.com", "347871727@qq.com"], "133": ["luffy.ja@gmail.com", "347871727@qq.com"], "134": ["luffy.ja@gmail.com"], "135": ["luffy.ja@gmail.com", "lixuefeng2012@126.com"], "136": ["luffy.ja@gmail.com", "347871727@qq.com"], "137": ["luffy.ja@gmail.com"], "138": ["luffy.ja@gmail.com"], "139": ["luffy.ja@gmail.com"], "140": ["chang.0022@163.com", "luffy.ja@gmail.com"], "141": ["luffy.ja@gmail.com"], "142": ["luffy.ja@gmail.com"], "143": ["15267286525@sina.cn", "luffy.ja@gmail.com", "chang.0022@163.com", "347871727@qq.com", "lixuefeng2012@126.com"], "144": ["luffy.ja@gmail.com", "lixuefeng2012@126.com"], "145": ["chang.0022@163.com", "luffy.ja@gmail.com", "lixuefeng2012@126.com"], "22": ["luffy.ja@gmail.com"], "21": ["luffy.ja@gmail.com"], "146": ["luffy.ja@gmail.com"], "147": ["luffy.ja@gmail.com"], "148": ["luffy.ja@gmail.com"], "149": ["luffy.ja@gmail.com"], "150": ["luffy.ja@gmail.com"], "152": ["luffy.ja@gmail.com"], "153": ["luffy.ja@gmail.com"], "154": ["luffy.ja@gmail.com"], "155": ["luffy.ja@gmail.com"], "156": ["luffy.ja@gmail.com", "347871727@qq.com"], "157": ["luffy.ja@gmail.com"], "158": ["luffy.ja@gmail.com"], "159": ["luffy.ja@gmail.com", "347871727@qq.com"], "160": ["luffy.ja@gmail.com", "347871727@qq.com"], "161": ["luffy.ja@gmail.com"], "162": ["luffy.ja@gmail.com", "347871727@qq.com"], "163": ["luffy.ja@gmail.com"], "164": ["luffy.ja@gmail.com"], "165": ["luffy.ja@gmail.com"], "166": ["luffy.ja@gmail.com"], "167": ["luffy.ja@gmail.com"], "168": ["luffy.ja@gmail.com", "347871727@qq.com"], "169": ["luffy.ja@gmail.com"], "170": ["luffy.ja@gmail.com"], "171": ["luffy.ja@gmail.com"], "172": ["luffy.ja@gmail.com", "347871727@qq.com"], "173": ["luffy.ja@gmail.com", "347871727@qq.com"], "174": ["chang.0022@163.com", "luffy.ja@gmail.com"], "175": ["luffy.ja@gmail.com"], "20": ["luffy.ja@gmail.com"], "176": ["luffy.ja@gmail.com"], "177": ["luffy.ja@gmail.com"], "178": ["luffy.ja@gmail.com"], "179": ["luffy.ja@gmail.com"], "5": ["luffy.ja@gmail.com"], "28": ["luffy.ja@gmail.com"], "180": ["luffy.ja@gmail.com"], "181": ["luffy.ja@gmail.com"], "182": ["luffy.ja@gmail.com", "lixuefeng2012@126.com"], "183": ["luffy.ja@gmail.com"], "184": ["luffy.ja@gmail.com"], "185": ["luffy.ja@gmail.com"], "186": ["luffy.ja@gmail.com"], "187": ["luffy.ja@gmail.com", "lixuefeng2012@126.com"], "188": ["luffy.ja@gmail.com", "lixuefeng2012@126.com"], "189": ["luffy.ja@gmail.com"], "190": ["luffy.ja@gmail.com", "347871727@qq.com"], "191": ["luffy.ja@gmail.com"], "192": ["luffy.ja@gmail.com"], "193": ["luffy.ja@gmail.com"], "194": ["luffy.ja@gmail.com"], "195": ["luffy.ja@gmail.com"], "196": ["luffy.ja@gmail.com"], "197": ["luffy.ja@gmail.com"], "198": ["luffy.ja@gmail.com"], "23": ["luffy.ja@gmail.com"], "199": ["luffy.ja@gmail.com"], "200": ["luffy.ja@gmail.com"], "201": ["luffy.ja@gmail.com"], "202": ["chang.0022@163.com", "luffy.ja@gmail.com"], "203": ["luffy.ja@gmail.com"], "204": ["luffy.ja@gmail.com"], "205": ["luffy.ja@gmail.com"], "206": ["luffy.ja@gmail.com"], "207": ["luffy.ja@gmail.com"], "208": ["luffy.ja@gmail.com"], "209": ["luffy.ja@gmail.com"], "210": ["luffy.ja@gmail.com"], "211": ["luffy.ja@gmail.com"], "212": ["luffy.ja@gmail.com"], "213": ["luffy.ja@gmail.com"], "214": ["chang.0022@163.com", "luffy.ja@gmail.com"], "215": ["luffy.ja@gmail.com"], "216": ["luffy.ja@gmail.com"], "217": ["luffy.ja@gmail.com"], "220": ["luffy.ja@gmail.com"], "221": ["luffy.ja@gmail.com", "lixuefeng2012@126.com"], "222": ["luffy.ja@gmail.com", "lixuefeng2012@126.com"], "6": ["luffy.ja@gmail.com"], "223": ["luffy.ja@gmail.com"], "224": ["luffy.ja@gmail.com", "lixuefeng2012@126.com"], "225": ["luffy.ja@gmail.com"], "226": ["luffy.ja@gmail.com"], "227": ["luffy.ja@gmail.com"], "228": ["luffy.ja@gmail.com"], "229": ["luffy.ja@gmail.com"], "230": ["luffy.ja@gmail.com", "lixuefeng2012@126.com"], "231": ["luffy.ja@gmail.com"], "232": ["luffy.ja@gmail.com"], "233": ["luffy.ja@gmail.com"], "234": ["luffy.ja@gmail.com"], "235": ["luffy.ja@gmail.com", "lixuefeng2012@126.com"], "236": ["luffy.ja@gmail.com", "lixuefeng2012@126.com"], "31": ["luffy.ja@gmail.com", "lixuefeng2012@126.com"], "237": ["luffy.ja@gmail.com"], "238": ["luffy.ja@gmail.com"], "239": ["luffy.ja@gmail.com"], "240": ["luffy.ja@gmail.com"], "241": ["luffy.ja@gmail.com"], "242": ["luffy.ja@gmail.com"], "243": ["luffy.ja@gmail.com", "347871727@qq.com"], "244": ["luffy.ja@gmail.com", "347871727@qq.com"], "245": ["luffy.ja@gmail.com"], "246": ["luffy.ja@gmail.com", "lixuefeng2012@126.com"], "247": ["luffy.ja@gmail.com", "lixuefeng2012@126.com"], "248": ["luffy.ja@gmail.com", "lixuefeng2012@126.com"], "250": ["luffy.ja@gmail.com"], "251": ["luffy.ja@gmail.com"], "252": ["luffy.ja@gmail.com"], "253": ["luffy.ja@gmail.com"], "254": ["luffy.ja@gmail.com"], "255": ["luffy.ja@gmail.com"], "256": ["luffy.ja@gmail.com"], "257": ["luffy.ja@gmail.com"], "258": ["luffy.ja@gmail.com"], "259": ["luffy.ja@gmail.com"], "260": ["luffy.ja@gmail.com"], "261": ["luffy.ja@gmail.com"], "262": ["luffy.ja@gmail.com"], "263": ["luffy.ja@gmail.com"], "264": ["luffy.ja@gmail.com"], "265": ["15267286525@sina.cn", "luffy.ja@gmail.com", "lixuefeng2012@126.com"], "266": ["15267286525@sina.cn", "luffy.ja@gmail.com", "lixuefeng2012@126.com", "347871727@qq.com"], "267": ["15267286525@sina.cn", "luffy.ja@gmail.com"], "268": ["15267286525@sina.cn", "luffy.ja@gmail.com", "lixuefeng2012@126.com", "347871727@qq.com"], "269": ["15267286525@sina.cn", "luffy.ja@gmail.com"], "270": ["luffy.ja@gmail.com"], "272": ["luffy.ja@gmail.com"], "273": ["luffy.ja@gmail.com", "347871727@qq.com"], "33": ["luffy.ja@gmail.com"], "32": ["luffy.ja@gmail.com"], "274": ["luffy.ja@gmail.com"], "275": ["luffy.ja@gmail.com"], "276": ["luffy.ja@gmail.com"], "277": ["luffy.ja@gmail.com"], "278": ["luffy.ja@gmail.com"], "34": ["luffy.ja@gmail.com"], "279": ["luffy.ja@gmail.com"], "280": ["luffy.ja@gmail.com"], "281": ["luffy.ja@gmail.com"], "282": ["luffy.ja@gmail.com"], "283": ["luffy.ja@gmail.com"], "284": ["luffy.ja@gmail.com"], "285": ["luffy.ja@gmail.com"], "286": ["luffy.ja@gmail.com"], "287": ["luffy.ja@gmail.com"], "26": ["luffy.ja@gmail.com"], "288": ["luffy.ja@gmail.com"], "289": ["luffy.ja@gmail.com", "347871727@qq.com"], "290": ["luffy.ja@gmail.com"], "291": ["luffy.ja@gmail.com"], "292": ["luffy.ja@gmail.com"], "293": ["luffy.ja@gmail.com"], "294": ["luffy.ja@gmail.com"], "295": ["luffy.ja@gmail.com"], "296": ["luffy.ja@gmail.com"], "297": ["luffy.ja@gmail.com"], "35": ["luffy.ja@gmail.com"], "298": ["luffy.ja@gmail.com", "347871727@qq.com"], "299": ["luffy.ja@gmail.com", "347871727@qq.com"], "41": ["luffy.ja@gmail.com"], "7": ["luffy.ja@gmail.com", "347871727@qq.com"], "11": ["luffy.ja@gmail.com"], "8": ["luffy.ja@gmail.com"], "37": ["luffy.ja@gmail.com"], "301": ["luffy.ja@gmail.com"], "302": ["luffy.ja@gmail.com"], "303": ["luffy.ja@gmail.com"], "304": ["luffy.ja@gmail.com"], "305": ["luffy.ja@gmail.com"], "306": ["luffy.ja@gmail.com"], "307": ["luffy.ja@gmail.com"], "308": ["luffy.ja@gmail.com"], "309": ["luffy.ja@gmail.com"], "310": ["luffy.ja@gmail.com"], "311": ["luffy.ja@gmail.com"], "312": ["luffy.ja@gmail.com"], "314": ["luffy.ja@gmail.com"], "315": ["luffy.ja@gmail.com"], "316": ["luffy.ja@gmail.com"], "317": ["luffy.ja@gmail.com"], "25": ["luffy.ja@gmail.com"], "318": ["luffy.ja@gmail.com"], "319": ["luffy.ja@gmail.com"], "320": ["luffy.ja@gmail.com"], "321": ["luffy.ja@gmail.com"], "322": ["luffy.ja@gmail.com"], "323": ["luffy.ja@gmail.com"], "324": ["luffy.ja@gmail.com"], "325": ["luffy.ja@gmail.com", "lixuefeng2012@126.com", "347871727@qq.com"], "326": ["luffy.ja@gmail.com"], "327": ["luffy.ja@gmail.com"], "328": ["luffy.ja@gmail.com"], "329": ["luffy.ja@gmail.com"], "12": ["luffy.ja@gmail.com"], "330": ["luffy.ja@gmail.com"], "331": ["luffy.ja@gmail.com", "347871727@qq.com"], "332": ["luffy.ja@gmail.com"], "10": ["luffy.ja@gmail.com"], "333": ["luffy.ja@gmail.com"], "334": ["luffy.ja@gmail.com", "lixuefeng2012@126.com"], "335": ["luffy.ja@gmail.com"], "336": ["luffy.ja@gmail.com", "lixuefeng2012@126.com", "347871727@qq.com"], "337": ["luffy.ja@gmail.com", "347871727@qq.com"], "338": ["luffy.ja@gmail.com", "347871727@qq.com"], "339": ["luffy.ja@gmail.com"], "340": ["luffy.ja@gmail.com"], "341": ["luffy.ja@gmail.com"], "342": ["luffy.ja@gmail.com", "347871727@qq.com"], "343": ["luffy.ja@gmail.com", "lixuefeng2012@126.com"], "344": ["luffy.ja@gmail.com"], "345": ["luffy.ja@gmail.com", "lixuefeng2012@126.com"], "346": ["luffy.ja@gmail.com", "347871727@qq.com"], "347": ["luffy.ja@gmail.com"], "348": ["luffy.ja@gmail.com"], "349": ["luffy.ja@gmail.com"], "350": ["luffy.ja@gmail.com"], "351": ["luffy.ja@gmail.com"], "352": ["luffy.ja@gmail.com"], "353": ["luffy.ja@gmail.com"], "354": ["luffy.ja@gmail.com"], "355": ["luffy.ja@gmail.com"], "356": ["luffy.ja@gmail.com"], "357": ["luffy.ja@gmail.com"], "358": ["luffy.ja@gmail.com"], "359": ["luffy.ja@gmail.com"], "360": ["luffy.ja@gmail.com"], "9": ["luffy.ja@gmail.com"], "361": ["luffy.ja@gmail.com"], "362": ["luffy.ja@gmail.com"], "363": ["luffy.ja@gmail.com", "347871727@qq.com"], "364": ["luffy.ja@gmail.com"], "365": ["luffy.ja@gmail.com", "lixuefeng2012@126.com", "347871727@qq.com"], "366": ["luffy.ja@gmail.com", "347871727@qq.com"], "367": ["luffy.ja@gmail.com"], "368": ["luffy.ja@gmail.com"], "369": ["luffy.ja@gmail.com", "347871727@qq.com"], "370": ["luffy.ja@gmail.com"], "371": ["luffy.ja@gmail.com"], "372": ["luffy.ja@gmail.com"], "373": ["luffy.ja@gmail.com"], "374": ["luffy.ja@gmail.com"], "375": ["luffy.ja@gmail.com"], "376": ["luffy.ja@gmail.com"], "377": ["luffy.ja@gmail.com"], "378": ["luffy.ja@gmail.com"], "379": ["347871727@qq.com"], "380": ["luffy.ja@gmail.com"], "381": ["luffy.ja@gmail.com"], "383": ["347871727@qq.com"], "384": ["347871727@qq.com"], "385": ["347871727@qq.com"], "36": ["luffy.ja@gmail.com", "347871727@qq.com"], "387": ["luffy.ja@gmail.com", "lixuefeng2012@126.com"], "388": ["luffy.ja@gmail.com", "lixuefeng2012@126.com", "347871727@qq.com"], "389": ["luffy.ja@gmail.com"], "390": ["luffy.ja@gmail.com"], "391": ["luffy.ja@gmail.com", "lixuefeng2012@126.com"], "392": ["luffy.ja@gmail.com"], "393": ["luffy.ja@gmail.com"], "394": ["luffy.ja@gmail.com"], "395": ["347871727@qq.com"], "396": ["347871727@qq.com"], "397": ["347871727@qq.com"], "398": ["347871727@qq.com"], "399": ["luffy.ja@gmail.com"], "400": ["luffy.ja@gmail.com"], "401": ["luffy.ja@gmail.com"], "402": ["luffy.ja@gmail.com"], "403": ["luffy.ja@gmail.com"], "404": ["luffy.ja@gmail.com", "lixuefeng2012@126.com"], "405": ["luffy.ja@gmail.com"], "406": ["luffy.ja@gmail.com"], "407": ["luffy.ja@gmail.com", "lixuefeng2012@126.com"], "408": ["luffy.ja@gmail.com"], "409": ["luffy.ja@gmail.com"], "410": ["luffy.ja@gmail.com"], "411": ["luffy.ja@gmail.com"], "30": ["luffy.ja@gmail.com"], "412": ["luffy.ja@gmail.com"], "413": ["luffy.ja@gmail.com", "lixuefeng2012@126.com"], "29": ["luffy.ja@gmail.com"], "414": ["luffy.ja@gmail.com"], "415": ["luffy.ja@gmail.com"], "416": ["luffy.ja@gmail.com"], "417": ["luffy.ja@gmail.com"], "418": ["luffy.ja@gmail.com"], "419": ["luffy.ja@gmail.com"], "420": ["luffy.ja@gmail.com"], "421": ["luffy.ja@gmail.com"], "16": ["luffy.ja@gmail.com"], "422": ["luffy.ja@gmail.com"], "423": ["luffy.ja@gmail.com"], "424": ["luffy.ja@gmail.com"], "27": ["luffy.ja@gmail.com", "347871727@qq.com"], "38": ["luffy.ja@gmail.com", "347871727@qq.com"], "42": ["luffy.ja@gmail.com", "347871727@qq.com"], "425": ["luffy.ja@gmail.com", "347871727@qq.com"], "426": ["347871727@qq.com"], "427": ["luffy.ja@gmail.com"], "43": ["luffy.ja@gmail.com"], "428": ["luffy.ja@gmail.com"], "429": ["luffy.ja@gmail.com"], "430": ["luffy.ja@gmail.com"], "431": ["luffy.ja@gmail.com"], "432": ["347871727@qq.com"], "433": ["347871727@qq.com"], "434": ["347871727@qq.com"], "435": ["347871727@qq.com"], "436": ["luffy.ja@gmail.com"], "437": ["luffy.ja@gmail.com"], "438": ["347871727@qq.com"], "439": ["347871727@qq.com"], "440": ["luffy.ja@gmail.com", "347871727@qq.com"], "441": ["luffy.ja@gmail.com", "347871727@qq.com"], "442": ["luffy.ja@gmail.com", "347871727@qq.com"], "443": ["luffy.ja@gmail.com", "347871727@qq.com"], "444": ["luffy.ja@gmail.com", "347871727@qq.com"], "445": ["luffy.ja@gmail.com", "347871727@qq.com"], "446": ["luffy.ja@gmail.com"], "447": ["luffy.ja@gmail.com"], "448": ["luffy.ja@gmail.com", "347871727@qq.com"], "449": ["347871727@qq.com"], "450": ["lixuefeng2012@126.com"], "451": ["347871727@qq.com"], "452": ["347871727@qq.com"], "453": ["347871727@qq.com"], "454": ["347871727@qq.com"], "455": ["347871727@qq.com"], "456": ["347871727@qq.com"], "457": ["347871727@qq.com"], "458": ["luffy.ja@gmail.com"], "459": ["luffy.ja@gmail.com"], "460": ["luffy.ja@gmail.com"], "40": ["luffy.ja@gmail.com"], "461": ["luffy.ja@gmail.com"], "462": ["luffy.ja@gmail.com"], "463": ["lixuefeng2012@126.com"], "464": ["lixuefeng2012@126.com"], "465": ["luffy.ja@gmail.com", "lixuefeng2012@126.com"], "1": ["luffy.ja@gmail.com"], "466": ["luffy.ja@gmail.com"], "13": ["luffy.ja@gmail.com"], "467": ["luffy.ja@gmail.com"], "468": ["luffy.ja@gmail.com"], "469": ["luffy.ja@gmail.com"], "470": ["luffy.ja@gmail.com"], "471": ["luffy.ja@gmail.com"], "472": ["luffy.ja@gmail.com"], "473": ["luffy.ja@gmail.com"], "474": ["luffy.ja@gmail.com"], "475": ["luffy.ja@gmail.com"], "476": ["luffy.ja@gmail.com"], "477": ["luffy.ja@gmail.com"], "478": ["luffy.ja@gmail.com"], "479": ["luffy.ja@gmail.com"], "480": ["luffy.ja@gmail.com"], "481": ["luffy.ja@gmail.com"], "482": ["luffy.ja@gmail.com"], "483": ["luffy.ja@gmail.com"], "484": ["luffy.ja@gmail.com"], "485": ["luffy.ja@gmail.com"], "486": ["luffy.ja@gmail.com"], "487": ["luffy.ja@gmail.com"], "488": ["luffy.ja@gmail.com"], "489": ["luffy.ja@gmail.com"], "490": ["luffy.ja@gmail.com"], "491": ["luffy.ja@gmail.com"], "492": ["luffy.ja@gmail.com"], "493": ["luffy.ja@gmail.com", "347871727@qq.com"], "39": ["luffy.ja@gmail.com"], "494": ["luffy.ja@gmail.com"], "495": ["luffy.ja@gmail.com"], "496": ["luffy.ja@gmail.com"], "497": ["luffy.ja@gmail.com"], "498": ["luffy.ja@gmail.com"], "499": ["luffy.ja@gmail.com"], "500": ["luffy.ja@gmail.com"], "18": ["luffy.ja@gmail.com", "lixuefeng2012@126.com"], "501": ["luffy.ja@gmail.com"], "502": ["lixuefeng2012@126.com"], "503": ["luffy.ja@gmail.com", "lixuefeng2012@126.com"], "504": ["luffy.ja@gmail.com", "lixuefeng2012@126.com"], "505": ["luffy.ja@gmail.com", "lixuefeng2012@126.com"], "506": ["lixuefeng2012@126.com"], "507": ["lixuefeng2012@126.com"], "508": ["lixuefeng2012@126.com"], "509": ["luffy.ja@gmail.com", "lixuefeng2012@126.com"], "510": ["luffy.ja@gmail.com", "lixuefeng2012@126.com"], "511": ["lixuefeng2012@126.com"], "512": ["lixuefeng2012@126.com"]}