{"AgentGoodAdvancePayment": 1, "Manager": 2, "Login": 3, "AgentLevel": 4, "Commission": 5, "Depot": 6, "Product": 7, "StockShiftUnit": 8, "UsageStock": 9, "Factory": 10, "StockSettlement": 11, "UnSettlementUsageStock": 12, "MainDeliverableOrder": 13, "MainGood": 14, "MainProduct": 15, "DemoOrder": 16, "Customer": 17, "CommonProblem": 18, "ContactWay": 19, "AgentSystem": 20, "AgentGoodPaymentRecord": 21, "AgentFeeRecord": 22, "LoginRelation": 23, "MainOrder": 24, "HaierOrder": 25, "Channel": 26, "Tag": 27, "OrderCommission": 28, "SalesAchievement": 29, "Salesman": 30, "PromotionRequest": 31, "TRJPayOrder": 32, "AuthorisingInfo": 33, "ScriptTask": 34, "InstallmentChannel": 35, "WithdrawRequest": 36, "StockShiftUnitEvent": 37, "ProductType": 38, "AgentGoodAdvancePaymentJournal": 39, "LoginCommissionJournal": 40, "HaierDepot": 41, "PropertyName": 42, "ManuallyOrder": 43}