{"ManageAgentGoodAdvancePaymentController.add": {"t": [{"id": 0, "a": [["W", 1], ["W", 2], ["R", 3], ["W", 1], ["W", 3], ["R", 4], ["W", 1], ["W", 1], ["W", 1], ["W", 1]]}]}, "ManageAgentGoodAdvancePaymentController.approval": {"t": [{"id": 0, "a": [["R", 3], ["R", 1], ["W", 1], ["W", 2], ["W", 1], ["W", 1], ["W", 1]]}]}, "ManageAgentGoodAdvancePaymentController.data": {"t": [{"id": 0, "a": [["R", 1], ["R", 1], ["R", 1], ["R", 1], ["R", 1], ["R", 1], ["R", 1], ["R", 1], ["R", 1]]}]}, "ManageAgentGoodAdvancePaymentController.reject": {"t": [{"id": 0, "a": [["R", 3], ["R", 1], ["W", 1], ["W", 2], ["W", 1], ["W", 1], ["W", 1]]}]}, "CommissionController.commList": {"t": [{"id": 0, "a": [["R", 5], ["R", 5]]}]}, "ManageStorageController.addStockAsRoot": {"t": [{"id": 0, "a": [["R", 6], ["R", 7], ["W", 8], ["W", 6], ["W", 8], ["R", 8], ["W", 8], ["W", 8], ["W", 8], ["W", 8], ["R", 8], ["R", 7], ["W", 8], ["W", 7], ["R", 8], ["R", 7], ["R", 8], ["R", 7], ["W", 8], ["R", 7], ["R", 7], ["R", 7]]}]}, "ManageStorageController.data": {"t": [{"id": 0, "a": [["R", 3], ["R", 3], ["R", 9], ["R", 9], ["R", 9], ["R", 9], ["R", 9], ["R", 9], ["R", 9]]}]}, "ManageStorageController.delivery": {"t": [{"id": 0, "a": [["R", 6], ["R", 6], ["R", 7], ["R", 7], ["R", 10], ["R", 6], ["R", 10]]}]}, "ManageStorageController.index": {"t": [{"id": 0, "a": [["R", 3], ["R", 3], ["R", 11], ["R", 11], ["W", 11], ["W", 11], ["R", 11], ["R", 11], ["W", 11], ["W", 11], ["R", 11], ["W", 11], ["R", 12], ["R", 7], ["R", 6], ["R", 12], ["R", 11], ["R", 7], ["R", 7], ["R", 6], ["R", 6], ["R", 7], ["R", 7], ["R", 6], ["R", 6], ["R", 7], ["R", 6], ["R", 7], ["R", 7], ["R", 7]]}]}, "ManageStorageController.sendToDepot": {"t": [{"id": 0, "a": [["R", 6], ["R", 10], ["R", 7], ["R", 13], ["R", 14], ["R", 14], ["R", 15], ["R", 14], ["R", 15], ["R", 16], ["R", 7], ["R", 13], ["R", 8], ["R", 16], ["R", 8], ["R", 8], ["R", 8], ["R", 7], ["R", 7], ["R", 13], ["R", 13], ["R", 13], ["R", 13], ["R", 13], ["R", 17], ["W", 17], ["R", 13], ["R", 17], ["W", 17], ["W", 8], ["W", 8], ["W", 8], ["W", 8], ["R", 8], ["W", 8], ["W", 8], ["W", 6], ["W", 8], ["W", 6], ["W", 8], ["W", 8], ["W", 8], ["W", 7], ["W", 8], ["R", 13], ["R", 8], ["W", 13], ["W", 8], ["R", 13], ["R", 8], ["W", 13], ["W", 8], ["R", 16], ["R", 8], ["W", 16], ["W", 8], ["R", 16], ["R", 8], ["W", 16], ["W", 8], ["R", 13], ["W", 13], ["W", 16], ["R", 13], ["R", 8], ["R", 16], ["R", 8], ["R", 8], ["W", 13], ["W", 16], ["W", 13], ["W", 16], ["R", 13], ["R", 14], ["R", 14], ["R", 15], ["R", 14], ["R", 15], ["R", 16], ["R", 7], ["R", 13], ["R", 8], ["R", 16], ["R", 8], ["R", 8], ["R", 8], ["R", 7], ["R", 7], ["W", 13], ["W", 16], ["R", 13], ["R", 8], ["R", 16], ["R", 8], ["R", 8], ["R", 8], ["W", 13], ["W", 16], ["W", 13], ["W", 16]]}]}, "ManageCommonProblemController.add": {"t": [{"id": 0, "a": [["R", 18], ["W", 18], ["W", 18], ["W", 18], ["W", 18], ["W", 18], ["W", 18], ["W", 18]]}]}, "ManageCommonProblemController.data": {"t": [{"id": 0, "a": [["R", 18], ["R", 18], ["R", 18], ["R", 18], ["R", 18]]}]}, "ManageCommonProblemController.disable": {"t": [{"id": 0, "a": [["R", 18], ["W", 18]]}]}, "ManageCommonProblemController.enable": {"t": [{"id": 0, "a": [["R", 18], ["W", 18]]}]}, "ManageCommonProblemController.index": {"t": [{"id": 0, "a": [["R", 3], ["R", 3]]}]}, "ManageCommonProblemController.indexForEdit": {"t": [{"id": 0, "a": [["R", 18]]}]}, "ManageCommonProblemController.isHotLabel": {"t": [{"id": 0, "a": [["R", 18], ["W", 18]]}]}, "ManageCommonProblemController.notHotLabel": {"t": [{"id": 0, "a": [["R", 18], ["W", 18]]}]}, "AgentController.addAgent": {"t": [{"id": 0, "a": [["R", 3], ["R", 3], ["R", 3], ["W", 3], ["W", 3], ["W", 3], ["W", 3], ["W", 3], ["W", 3], ["R", 19], ["R", 19], ["W", 19], ["R", 19], ["R", 19], ["W", 19], ["W", 19], ["R", 3], ["R", 3], ["R", 3], ["R", 3], ["R", 19], ["W", 3], ["W", 19], ["R", 3], ["R", 19], ["R", 3], ["R", 19], ["W", 19], ["R", 3], ["R", 3], ["R", 3], ["R", 3], ["R", 19], ["W", 3], ["W", 19], ["R", 3], ["R", 19], ["R", 3], ["R", 19], ["W", 19], ["R", 3], ["R", 3], ["R", 3], ["R", 3], ["R", 19], ["W", 3], ["W", 19], ["R", 3], ["R", 19], ["R", 3], ["R", 19], ["R", 19], ["R", 19], ["R", 19], ["R", 19], ["R", 19], ["R", 19], ["W", 19], ["W", 19], ["W", 19], ["R", 3], ["R", 3], ["R", 3], ["R", 3], ["R", 19], ["W", 3], ["W", 19], ["R", 3], ["R", 19], ["R", 3], ["R", 19], ["R", 4], ["W", 20], ["R", 4], ["R", 20], ["R", 4], ["R", 3], ["W", 3], ["W", 21], ["W", 4], ["W", 20], ["W", 4], ["W", 3], ["W", 4], ["W", 4], ["W", 3], ["W", 4], ["W", 4], ["W", 4], ["W", 4], ["R", 4], ["W", 4], ["W", 4], ["W", 4], ["W", 4], ["R", 4], ["R", 4], ["W", 4], ["W", 4], ["R", 4], ["R", 4], ["W", 4], ["W", 4], ["W", 4], ["W", 22], ["W", 4], ["W", 22], ["W", 4], ["W", 23], ["R", 4], ["R", 4], ["R", 4], ["R", 4], ["R", 4], ["R", 3], ["R", 4], ["R", 3], ["R", 4], ["W", 23], ["W", 20], ["W", 23], ["W", 3], ["W", 23], ["W", 3], ["W", 23], ["R", 23], ["R", 3], ["R", 23], ["R", 3], ["R", 3], ["R", 3], ["R", 3], ["R", 3], ["R", 3], ["R", 23], ["R", 3], ["R", 23], ["R", 3], ["R", 23], ["W", 23], ["W", 20], ["W", 23], ["W", 3], ["W", 23], ["W", 3], ["W", 23], ["R", 23], ["R", 3], ["R", 23], ["R", 3], ["R", 3], ["R", 3], ["R", 3], ["R", 3], ["R", 3], ["W", 23]]}]}, "AgentController.detail": {"t": [{"id": 0, "a": [["R", 4]]}]}, "AgentController.indexForAdd": {"t": [{"id": 0, "a": [["R", 3]]}]}, "ManageLoginController.detail": {"t": [{"id": 0, "a": [["R", 3]]}]}, "ManageLoginController.list": {"t": [{"id": 0, "a": [["R", 3], ["R", 3], ["R", 3], ["R", 3], ["R", 3], ["R", 3], ["R", 3], ["R", 3], ["R", 2]]}]}, "ManageMainOrderController.logisticsData": {"t": [{"id": 0, "a": [["R", 3], ["R", 3], ["R", 3], ["R", 24], ["R", 24], ["R", 24], ["R", 24], ["R", 17], ["R", 24], ["R", 24], ["R", 24], ["R", 24], ["R", 25]]}]}, "ManageMainOrderController.mainOrderDelivery": {"t": [{"id": 0, "a": [["R", 24], ["R", 13], ["R", 16], ["R", 13], ["R", 14], ["R", 14], ["R", 15], ["R", 14], ["R", 15], ["R", 16], ["R", 7], ["R", 13], ["R", 8], ["R", 16], ["R", 8], ["R", 8], ["R", 8], ["R", 7], ["R", 7], ["R", 9], ["R", 9], ["R", 6], ["R", 9], ["R", 7], ["R", 9], ["R", 9], ["R", 6], ["R", 9], ["R", 7], ["R", 9]]}]}, "ManageMainOrderController.mainOrderDetail": {"t": [{"id": 0, "a": [["R", 24], ["R", 13], ["R", 8]]}]}, "ManageMainOrderController.orderManage": {"t": [{"id": 0, "a": [["R", 3], ["R", 3], ["R", 3]]}]}, "ManageGoodController.data": {"t": [{"id": 0, "a": [["R", 3], ["R", 3], ["R", 14], ["R", 14], ["R", 14], ["R", 14]]}]}, "ManageGoodController.disable": {"t": [{"id": 0, "a": [["R", 14]]}]}, "ManageGoodController.edit": {"t": [{"id": 0, "a": [["R", 14], ["W", 14], ["R", 14], ["R", 15], ["R", 14], ["R", 15], ["R", 15], ["W", 14], ["W", 15], ["R", 26], ["W", 14], ["W", 26], ["W", 14], ["W", 26], ["W", 14], ["R", 27], ["W", 27], ["W", 27], ["W", 27], ["W", 14], ["W", 27], ["W", 14], ["W", 14]]}]}, "ManageGoodController.enable": {"t": [{"id": 0, "a": [["R", 14]]}]}, "ManageGoodController.index": {"t": [{"id": 0, "a": [["R", 3], ["R", 3]]}]}, "ManageGoodController.indexForEdit": {"t": [{"id": 0, "a": [["R", 14]]}]}, "OrderDataController.manageableList": {"t": [{"id": 0, "a": [["R", 4], ["R", 4], ["R", 4], ["R", 4], ["R", 4], ["R", 4], ["R", 3], ["R", 3], ["R", 3], ["R", 3], ["R", 3], ["R", 3], ["R", 4], ["R", 4], ["R", 4], ["R", 3], ["R", 3]]}]}, "OrderDataController.mockPay": {"t": [{"id": 0, "a": [["R", 24], ["R", 4], ["R", 3], ["R", 3], ["R", 3], ["R", 3], ["R", 19], ["R", 3], ["R", 19], ["R", 13], ["R", 24], ["R", 24], ["R", 24], ["R", 13], ["R", 13], ["R", 13], ["R", 13], ["R", 28], ["W", 5], ["R", 13], ["R", 28], ["W", 28], ["W", 28], ["W", 28], ["W", 24], ["W", 28], ["R", 24], ["R", 3], ["R", 3], ["R", 3], ["R", 3], ["R", 4], ["R", 3], ["R", 24], ["R", 24], ["R", 3], ["R", 24], ["R", 24], ["R", 3], ["R", 13], ["R", 24], ["R", 24], ["R", 3], ["R", 24], ["R", 24], ["R", 24], ["R", 3], ["R", 3], ["R", 3], ["R", 3], ["R", 3], ["R", 4], ["R", 3], ["R", 24], ["R", 24], ["R", 3], ["R", 24], ["R", 24], ["R", 3], ["R", 13], ["R", 24], ["R", 24], ["R", 3], ["R", 24], ["R", 24], ["R", 24], ["R", 3], ["R", 3], ["R", 3], ["R", 3], ["R", 4], ["R", 4], ["R", 3], ["R", 3], ["R", 3], ["R", 4], ["R", 3], ["R", 24], ["R", 24], ["R", 3], ["R", 24], ["R", 24], ["R", 3], ["R", 13], ["R", 24], ["R", 24], ["R", 3], ["R", 24], ["R", 24], ["R", 24], ["R", 3], ["R", 3], ["R", 3], ["R", 3], ["R", 3], ["R", 3], ["R", 3], ["R", 4], ["R", 3], ["R", 24], ["R", 24], ["R", 3], ["R", 24], ["R", 24], ["R", 3], ["R", 13], ["R", 24], ["R", 24], ["R", 3], ["R", 24], ["R", 24], ["R", 24], ["R", 3], ["R", 3], ["R", 3], ["R", 3], ["R", 20], ["R", 4], ["R", 3], ["R", 20], ["R", 4], ["R", 3], ["R", 3], ["R", 20], ["R", 20], ["W", 5], ["W", 28], ["W", 5], ["W", 4], ["W", 5], ["W", 3], ["W", 5], ["R", 28], ["R", 24], ["R", 24], ["W", 5], ["W", 5], ["W", 5], ["R", 3], ["R", 5], ["R", 28], ["R", 24], ["R", 24], ["R", 29], ["R", 29], ["R", 29], ["R", 29], ["R", 28], ["R", 24], ["R", 24], ["R", 29], ["R", 30], ["R", 30], ["R", 3], ["W", 5], ["R", 5], ["W", 5], ["W", 5], ["W", 28], ["W", 5], ["W", 4], ["W", 5], ["W", 3], ["W", 5], ["W", 5], ["W", 5], ["W", 5], ["R", 20], ["R", 20], ["W", 5], ["W", 28], ["W", 5], ["W", 4], ["W", 5], ["W", 3], ["W", 5], ["R", 28], ["R", 24], ["R", 24], ["W", 5], ["W", 5], ["W", 5], ["R", 3], ["R", 5], ["R", 28], ["R", 24], ["R", 24], ["R", 29], ["R", 29], ["R", 29], ["R", 29], ["R", 28], ["R", 24], ["R", 24], ["R", 29], ["R", 30], ["R", 30], ["R", 3], ["W", 5], ["R", 5], ["W", 5], ["W", 5], ["W", 28], ["W", 5], ["W", 4], ["W", 5], ["W", 3], ["W", 5], ["W", 5], ["W", 5], ["W", 5], ["R", 4], ["R", 4], ["R", 3], ["R", 3], ["R", 4], ["R", 4], ["R", 4], ["R", 4], ["R", 4], ["R", 3], ["R", 4], ["R", 20], ["W", 5], ["W", 28], ["W", 5], ["W", 4], ["W", 5], ["W", 3], ["W", 5], ["R", 28], ["R", 24], ["R", 24], ["W", 5], ["W", 5], ["W", 5], ["R", 3], ["R", 5], ["R", 28], ["R", 24], ["R", 24], ["R", 29], ["R", 29], ["R", 29], ["R", 29], ["R", 28], ["R", 24], ["R", 24], ["R", 29], ["R", 30], ["R", 30], ["R", 3], ["W", 5], ["R", 5], ["W", 5], ["W", 5], ["W", 28], ["W", 5], ["W", 4], ["W", 5], ["W", 3], ["W", 5], ["W", 5], ["W", 5], ["W", 5], ["R", 4], ["R", 4], ["R", 3], ["R", 3], ["R", 4], ["R", 4], ["R", 4], ["R", 4], ["R", 4], ["R", 3], ["R", 3], ["R", 3], ["R", 3], ["R", 3], ["R", 3], ["R", 4], ["R", 3], ["R", 3], ["R", 3], ["R", 4], ["R", 4], ["R", 3], ["R", 3], ["R", 4], ["R", 3], ["R", 20], ["W", 5], ["W", 28], ["W", 5], ["W", 4], ["W", 5], ["W", 3], ["W", 5], ["R", 28], ["R", 24], ["R", 24], ["W", 5], ["W", 5], ["W", 5], ["R", 3], ["R", 5], ["R", 28], ["R", 24], ["R", 24], ["R", 29], ["R", 29], ["R", 29], ["R", 29], ["R", 28], ["R", 24], ["R", 24], ["R", 29], ["R", 30], ["R", 30], ["R", 3], ["W", 5], ["R", 5], ["W", 5], ["W", 5], ["W", 28], ["W", 5], ["W", 4], ["W", 5], ["W", 3], ["W", 5], ["W", 5], ["W", 5], ["W", 5], ["R", 13], ["R", 4], ["R", 3], ["R", 4], ["R", 20], ["R", 20], ["R", 4], ["R", 20], ["R", 20], ["W", 5], ["W", 28], ["W", 5], ["W", 4], ["W", 5], ["W", 3], ["W", 5], ["R", 28], ["R", 24], ["R", 24], ["W", 5], ["W", 5], ["W", 5], ["R", 3], ["R", 5], ["R", 28], ["R", 24], ["R", 24], ["R", 29], ["R", 29], ["R", 29], ["R", 29], ["R", 28], ["R", 24], ["R", 24], ["R", 29], ["R", 30], ["R", 30], ["R", 3], ["W", 5], ["R", 5], ["W", 5], ["W", 5], ["W", 28], ["W", 5], ["W", 4], ["W", 5], ["W", 3], ["W", 5], ["W", 5], ["W", 5], ["W", 5]]}]}, "ManageAgentPrepaymentOrderController.mainOrderDelivery": {"t": [{"id": 0, "a": [["R", 24], ["R", 13], ["R", 16], ["R", 13], ["R", 14], ["R", 14], ["R", 15], ["R", 14], ["R", 15], ["R", 16], ["R", 7], ["R", 13], ["R", 8], ["R", 16], ["R", 8], ["R", 8], ["R", 8], ["R", 7], ["R", 7], ["R", 9], ["R", 9], ["R", 6], ["R", 9], ["R", 7], ["R", 9], ["R", 9], ["R", 6], ["R", 9], ["R", 7], ["R", 9]]}]}, "ManageAgentPrepaymentOrderController.mainOrderDetail": {"t": [{"id": 0, "a": [["R", 24], ["R", 13], ["R", 8]]}]}, "ManageAgentPrepaymentOrderController.orderManage": {"t": [{"id": 0, "a": [["R", 3], ["R", 3], ["R", 3]]}]}, "ManageAgentController.changeRank": {"t": [{"id": 0, "a": [["R", 3], ["R", 3], ["R", 4], ["W", 4]]}]}, "ManageAgentController.changeSuperior": {"t": [{"id": 0, "a": [["R", 4], ["R", 3], ["R", 4], ["R", 4], ["R", 4], ["R", 4], ["R", 4], ["R", 4], ["R", 4], ["R", 3], ["R", 3], ["R", 4], ["R", 3], ["R", 3], ["R", 4], ["R", 4], ["R", 4], ["R", 3], ["R", 4], ["R", 3], ["R", 23], ["R", 23], ["R", 23], ["R", 3], ["R", 23], ["R", 23], ["R", 3], ["R", 23], ["R", 3], ["R", 23], ["R", 3], ["R", 23], ["R", 23], ["R", 3], ["R", 23], ["R", 3], ["R", 4], ["R", 4], ["R", 4], ["R", 3], ["R", 4], ["R", 3], ["R", 23], ["R", 23], ["R", 23], ["R", 3], ["R", 23], ["R", 3], ["W", 4], ["W", 4], ["R", 4], ["R", 4], ["R", 4], ["R", 4], ["R", 4], ["R", 20], ["R", 4], ["R", 3], ["R", 4], ["R", 4], ["R", 4], ["R", 3], ["R", 23], ["R", 4], ["R", 4], ["R", 4], ["R", 3], ["R", 4], ["W", 23], ["W", 20], ["W", 23], ["W", 3], ["W", 23], ["W", 3], ["W", 23], ["R", 23], ["R", 3], ["R", 23], ["R", 3], ["R", 3], ["R", 3], ["R", 3], ["R", 3], ["R", 3], ["R", 23], ["R", 3], ["R", 23], ["R", 3], ["R", 23], ["W", 23], ["W", 20], ["W", 23], ["W", 3], ["W", 23], ["W", 3], ["W", 23], ["R", 23], ["R", 3], ["R", 23], ["R", 3], ["R", 3], ["R", 3], ["R", 3], ["R", 3], ["R", 3], ["W", 23], ["R", 4], ["R", 4], ["R", 4], ["R", 17], ["R", 17], ["R", 4], ["R", 4], ["R", 4], ["R", 3], ["R", 4], ["R", 3], ["R", 3], ["R", 3], ["R", 3], ["R", 19], ["R", 3], ["R", 19]]}]}, "ManageAgentController.detail": {"t": [{"id": 0, "a": [["R", 4], ["R", 4], ["R", 3]]}]}, "WechatMyController.my": {"t": [{"id": 0, "a": [["R", 4], ["R", 3], ["R", 3], ["R", 4], ["R", 3], ["R", 24], ["R", 24], ["R", 3], ["R", 24], ["R", 24], ["R", 3], ["R", 13], ["R", 24], ["R", 24], ["R", 3], ["R", 24], ["R", 24], ["R", 24], ["R", 3], ["R", 4], ["R", 4], ["R", 4], ["R", 4], ["R", 4], ["R", 4], ["R", 3], ["R", 3], ["R", 3], ["R", 3], ["R", 3], ["R", 3], ["R", 4], ["R", 4], ["R", 17], ["R", 17], ["R", 17], ["R", 4], ["R", 4], ["R", 4], ["R", 17], ["R", 17]]}]}, "CommissionDetailsController.commissionDetail": {"t": [{"id": 0, "a": [["R", 24], ["R", 28], ["R", 5]]}]}, "LoginController.loginChangePassword": {"t": [{"id": 0, "a": [["R", 3], ["R", 3], ["R", 3], ["W", 3], ["W", 3], ["W", 3]]}]}, "AgentDataController.data": {"t": [{"id": 0, "a": [["R", 4], ["R", 4], ["R", 4], ["R", 17], ["R", 17], ["R", 17], ["R", 4], ["R", 4], ["R", 4], ["R", 17], ["R", 17], ["R", 4], ["R", 3], ["R", 4], ["R", 3], ["R", 3], ["R", 3], ["R", 3], ["R", 19], ["R", 3], ["R", 19], ["R", 4], ["R", 3], ["R", 4], ["R", 3], ["R", 3], ["R", 3], ["R", 3], ["R", 19], ["R", 3], ["R", 19], ["R", 4], ["R", 4], ["R", 4], ["R", 4], ["R", 4], ["R", 4], ["R", 4], ["R", 4], ["R", 3], ["R", 3], ["R", 3], ["R", 3], ["R", 3], ["R", 3], ["R", 4], ["R", 4], ["R", 4], ["R", 4], ["R", 4], ["R", 4], ["R", 4], ["R", 4], ["R", 3], ["R", 3], ["R", 3], ["R", 3], ["R", 3], ["R", 3], ["R", 4], ["R", 4], ["R", 4], ["R", 4], ["R", 4], ["R", 4], ["R", 4], ["R", 4], ["R", 4], ["R", 3], ["R", 3], ["R", 3], ["R", 3], ["R", 3], ["R", 3], ["R", 4], ["R", 4], ["R", 4], ["R", 4], ["R", 4], ["R", 4], ["R", 4], ["R", 4], ["R", 3], ["R", 3], ["R", 3], ["R", 3], ["R", 3], ["R", 3], ["R", 4], ["R", 4], ["R", 4], ["R", 4]]}]}, "AgentDataController.listRuling": {"t": [{"id": 0, "a": [["R", 4], ["R", 17], ["R", 17], ["R", 4], ["R", 4], ["R", 4], ["R", 4], ["R", 4], ["R", 4], ["R", 3], ["R", 3], ["R", 3], ["R", 3], ["R", 3], ["R", 3], ["R", 4], ["R", 4], ["R", 4], ["R", 4], ["R", 4], ["R", 4], ["R", 4], ["R", 4], ["R", 3], ["R", 3], ["R", 3], ["R", 3], ["R", 3], ["R", 3], ["R", 4], ["R", 4], ["R", 4]]}]}, "WechatUpgradeController.index": {"t": [{"id": 0, "a": [["R", 3], ["R", 3], ["R", 4], ["R", 3], ["R", 24], ["R", 24], ["R", 3], ["R", 24], ["R", 24], ["R", 3], ["R", 13], ["R", 24], ["R", 24], ["R", 3], ["R", 24], ["R", 24], ["R", 24], ["R", 3], ["R", 24], ["R", 24], ["R", 31], ["R", 4], ["R", 3], ["R", 3]]}]}, "WechatUpgradeController.upgrade": {"t": [{"id": 0, "a": [["W", 31], ["W", 31], ["W", 31], ["W", 31], ["W", 31], ["W", 31], ["W", 31], ["W", 31], ["W", 3], ["W", 31], ["R", 31], ["R", 31], ["R", 31], ["W", 31], ["W", 31], ["W", 31], ["R", 31], ["R", 31], ["W", 31], ["W", 31], ["W", 31], ["W", 31], ["W", 31], ["W", 31], ["R", 4], ["R", 3], ["R", 3], ["R", 3], ["R", 3], ["R", 19], ["R", 3], ["R", 19], ["W", 31], ["R", 4], ["R", 3], ["R", 3], ["R", 3], ["R", 3], ["R", 19], ["R", 3], ["R", 19], ["W", 31], ["R", 3]]}]}, "TRJManageController.appeal": {"t": [{"id": 0, "a": [["R", 24], ["R", 24]]}]}, "TRJManageController.data": {"t": [{"id": 0, "a": [["R", 24], ["R", 24], ["R", 24], ["R", 24], ["R", 24]]}]}, "TRJManageController.quickDone": {"t": [{"id": 0, "a": [["R", 24], ["R", 13], ["R", 24], ["R", 13], ["R", 13], ["R", 13], ["R", 13], ["R", 13], ["W", 13], ["R", 24], ["R", 24], ["R", 32], ["R", 33], ["R", 33], ["R", 13], ["R", 17], ["R", 17], ["R", 13], ["R", 17], ["R", 17], ["R", 13], ["R", 13], ["R", 32], ["R", 33], ["R", 33], ["R", 13], ["R", 17], ["R", 17], ["R", 13], ["R", 17], ["R", 17], ["R", 13], ["R", 13], ["W", 34], ["W", 34], ["W", 34], ["W", 34], ["W", 34], ["W", 34], ["W", 34]]}]}, "TRJManageController.snickerData": {"t": [{"id": 0, "a": [["R", 33]]}]}, "TRJManageController.update": {"t": [{"id": 0, "a": [["R", 24], ["R", 24], ["R", 32], ["R", 33], ["R", 33], ["R", 13], ["R", 13], ["R", 13], ["R", 14], ["R", 24], ["R", 24], ["R", 32], ["R", 33], ["W", 33], ["W", 33], ["R", 32], ["R", 33], ["R", 33], ["R", 13], ["R", 13], ["R", 13], ["R", 14], ["R", 32], ["R", 33], ["R", 33], ["R", 13], ["R", 13], ["R", 13], ["R", 14], ["W", 34], ["W", 34], ["W", 34], ["W", 34], ["W", 34], ["W", 34], ["W", 34]]}]}, "WechatCommonProblemController.commonProblemDetail": {"t": [{"id": 0, "a": [["R", 18]]}]}, "WechatCommonProblemController.search": {"t": [{"id": 0, "a": [["R", 18]]}]}, "AgentNavigateController.agentMain": {"t": [{"id": 0, "a": [["R", 17], ["R", 17], ["R", 17], ["R", 4], ["R", 4], ["R", 4], ["R", 17], ["R", 17]]}]}, "WechatMallOrderController.index": {"t": [{"id": 0, "a": [["R", 3], ["R", 14], ["R", 15], ["R", 15], ["R", 14], ["R", 26], ["R", 14], ["R", 26], ["R", 26], ["R", 14], ["R", 26], ["R", 14], ["R", 26], ["R", 35], ["R", 14], ["R", 15], ["R", 15]]}]}, "ManageManagerController.addIndex": {"t": [{"id": 0, "a": [["R", 3], ["R", 3], ["R", 3], ["R", 2], ["R", 2], ["R", 3], ["R", 2], ["R", 2], ["R", 3], ["R", 3], ["R", 3], ["R", 2], ["R", 2]]}]}, "ManageManagerController.addUser": {"t": [{"id": 0, "a": [["R", 3], ["R", 3], ["R", 3], ["R", 3], ["R", 2], ["W", 3], ["W", 3], ["W", 3], ["W", 3], ["W", 3], ["W", 3], ["R", 3], ["R", 2], ["R", 2], ["R", 3], ["R", 2], ["R", 2], ["R", 3], ["R", 3], ["R", 3], ["R", 2], ["R", 2], ["W", 2], ["W", 2], ["W", 2], ["W", 2], ["W", 3]]}]}, "ManageManagerController.delete": {"t": [{"id": 0, "a": [["R", 3], ["R", 3], ["R", 3], ["W", 3]]}]}, "ManageManagerController.disable": {"t": [{"id": 0, "a": [["R", 3], ["R", 3], ["R", 3], ["W", 3]]}]}, "ManageManagerController.editIndex": {"t": [{"id": 0, "a": [["R", 3], ["R", 3], ["R", 3], ["R", 3], ["R", 2], ["R", 2], ["R", 3], ["R", 2], ["R", 2], ["R", 3], ["R", 3], ["R", 3], ["R", 2], ["R", 2]]}]}, "ManageManagerController.enable": {"t": [{"id": 0, "a": [["R", 3], ["R", 3], ["R", 3], ["W", 3]]}]}, "ManageManagerController.list": {"t": [{"id": 0, "a": [["R", 2], ["R", 2], ["R", 2], ["R", 2], ["R", 2], ["R", 2], ["R", 3], ["R", 2], ["R", 2], ["R", 2], ["R", 2], ["R", 3], ["R", 2], ["R", 3]]}]}, "ManageManagerController.password": {"t": [{"id": 0, "a": [["R", 3], ["R", 3], ["R", 3], ["W", 3], ["W", 3], ["W", 3]]}]}, "ManageManagerController.updateUser": {"t": [{"id": 0, "a": [["R", 3], ["R", 3], ["R", 3], ["R", 3], ["R", 3], ["R", 2], ["R", 2], ["R", 3], ["R", 2], ["R", 2], ["R", 3], ["R", 3], ["R", 3], ["R", 2], ["R", 2], ["W", 2], ["W", 2], ["W", 2], ["W", 2], ["W", 3]]}]}, "ManageWithdrawController.approval": {"t": [{"id": 0, "a": [["R", 36], ["W", 36], ["W", 36], ["W", 2], ["W", 36], ["W", 36], ["W", 36]]}]}, "ManageWithdrawController.data": {"t": [{"id": 0, "a": [["R", 3], ["R", 3], ["R", 36], ["R", 36], ["R", 36], ["R", 36], ["R", 36]]}]}, "ManageWithdrawController.index": {"t": [{"id": 0, "a": [["R", 3], ["R", 3]]}]}, "ManageWithdrawController.reject": {"t": [{"id": 0, "a": [["R", 36], ["W", 36], ["W", 36], ["W", 2], ["W", 36], ["W", 36]]}]}, "ManageLogisticsController.detail": {"t": [{"id": 0, "a": [["R", 8], ["R", 8], ["R", 8], ["R", 8], ["R", 8], ["R", 37], ["R", 37], ["R", 37]]}]}, "ManageLogisticsController.factoryOut": {"t": [{"id": 0, "a": [["R", 3], ["R", 3]]}]}, "ManageLogisticsController.index": {"t": [{"id": 0, "a": [["R", 3], ["R", 3], ["R", 3]]}]}, "MiscController.sendRegisterCode": {"t": [{"id": 0, "a": [["R", 3]]}]}, "AgentOrderController.index": {"t": [{"id": 0, "a": [["R", 38], ["R", 14], ["R", 14], ["R", 15], ["R", 14], ["R", 15], ["R", 7], ["R", 7], ["R", 15], ["R", 11], ["R", 11], ["W", 11], ["W", 11], ["R", 11], ["R", 11], ["W", 11], ["W", 11], ["R", 11], ["W", 11], ["R", 12], ["R", 7], ["R", 6], ["R", 12], ["R", 11], ["R", 7], ["R", 7], ["R", 6], ["R", 6], ["R", 7], ["R", 7], ["R", 6], ["R", 6], ["R", 7], ["R", 6], ["R", 24], ["R", 24], ["R", 14], ["R", 7], ["R", 24], ["R", 24], ["R", 14], ["R", 7], ["R", 7], ["R", 7], ["R", 24], ["R", 24], ["R", 14], ["R", 7], ["R", 7], ["W", 15], ["R", 29], ["R", 29], ["R", 29], ["R", 30], ["R", 29], ["R", 30], ["R", 29], ["R", 3], ["R", 29], ["R", 3], ["R", 29], ["R", 29], ["W", 29]]}]}, "AgentOrderController.newOrder": {"t": [{"id": 0, "a": [["R", 14], ["R", 14], ["R", 26], ["R", 14], ["R", 26], ["R", 26], ["R", 3]]}]}, "WechatShareController.join": {"t": [{"id": 0, "a": [["R", 3], ["R", 3], ["R", 2], ["R", 3], ["R", 3], ["R", 3], ["W", 3], ["W", 3], ["W", 3], ["W", 3], ["W", 3]]}]}, "WechatShareController.joinBySalesman": {"t": [{"id": 0, "a": [["R", 30], ["R", 30], ["W", 29], ["W", 3], ["W", 29], ["R", 30], ["R", 30], ["W", 29], ["W", 30], ["W", 29], ["R", 30], ["R", 3], ["R", 3], ["R", 2], ["R", 3], ["R", 3], ["R", 3], ["W", 3], ["W", 3], ["W", 3], ["W", 3], ["W", 3], ["W", 29], ["W", 3], ["W", 29], ["R", 30], ["R", 30], ["W", 29], ["W", 30], ["W", 29]]}]}, "WechatShareController.share": {"t": [{"id": 0, "a": [["R", 3], ["R", 3], ["R", 4], ["R", 3], ["R", 24], ["R", 24], ["R", 3], ["R", 24], ["R", 24], ["R", 3], ["R", 13], ["R", 24], ["R", 24], ["R", 3], ["R", 24], ["R", 24], ["R", 24], ["R", 3], ["R", 24], ["R", 24], ["R", 3]]}]}, "WechatShareController.shareMore": {"t": [{"id": 0, "a": [["R", 4], ["R", 3], ["R", 24], ["R", 24], ["R", 3], ["R", 24], ["R", 24], ["R", 3], ["R", 13], ["R", 24], ["R", 24], ["R", 3], ["R", 24], ["R", 24], ["R", 24], ["R", 3]]}]}, "WechatWithdrawController.recordData": {"t": [{"id": 0, "a": [["R", 36]]}]}, "WechatWithdrawController.sendWithdrawCode": {"t": [{"id": 0, "a": [["R", 4], ["R", 3], ["R", 3], ["R", 3], ["R", 3], ["R", 19], ["R", 3], ["R", 19]]}]}, "WechatWithdrawController.withdrawNew": {"t": [{"id": 0, "a": [["R", 3], ["R", 4], ["R", 3], ["R", 3], ["R", 3], ["R", 5], ["R", 5], ["R", 3], ["R", 3], ["R", 3], ["R", 36], ["R", 36], ["R", 3], ["W", 36], ["W", 36], ["W", 3], ["W", 36], ["W", 36], ["W", 36], ["W", 36], ["W", 36], ["W", 36], ["W", 36], ["W", 36], ["W", 36], ["W", 36], ["W", 36], ["W", 36], ["W", 36], ["W", 36], ["W", 36], ["W", 3], ["W", 36], ["W", 36], ["W", 36], ["W", 36], ["W", 36], ["W", 36], ["W", 36], ["W", 36], ["W", 36], ["W", 36], ["W", 36], ["W", 36], ["W", 36], ["W", 36], ["W", 36], ["W", 3], ["W", 36], ["W", 36], ["W", 36], ["W", 36], ["W", 36], ["W", 36], ["W", 36], ["W", 36], ["W", 36], ["W", 36], ["W", 36], ["W", 36], ["W", 36], ["R", 4], ["R", 3], ["R", 3], ["R", 3], ["R", 3], ["R", 19], ["R", 3], ["R", 19]]}]}, "WechatWithdrawController.withdrawVerify": {"t": [{"id": 0, "a": [["R", 4], ["R", 3], ["R", 3], ["R", 3], ["R", 3], ["R", 19], ["R", 3], ["R", 19], ["R", 36], ["W", 36], ["R", 2], ["R", 3], ["R", 2], ["R", 2], ["R", 3], ["R", 3], ["R", 4], ["R", 3], ["R", 3], ["R", 3], ["R", 3], ["R", 19], ["R", 3], ["R", 19], ["R", 4], ["R", 3], ["R", 3], ["R", 3], ["R", 3], ["R", 19], ["R", 3], ["R", 19]]}]}, "WechatSalesAchievementController.list": {"t": [{"id": 0, "a": [["R", 29], ["R", 29], ["R", 29], ["R", 29], ["R", 29], ["R", 29], ["R", 29], ["R", 29]]}]}, "WechatSalesAchievementController.updateRemark": {"t": [{"id": 0, "a": [["R", 29], ["R", 29], ["R", 30], ["R", 30], ["R", 3], ["R", 3], ["R", 3], ["R", 3], ["R", 3], ["R", 3], ["W", 29]]}]}, "ManagePromotionRequestController.approve": {"t": [{"id": 0, "a": [["R", 31], ["W", 31], ["W", 31], ["W", 2], ["W", 31], ["R", 31], ["R", 3], ["R", 31], ["R", 19], ["R", 19], ["W", 19], ["R", 19], ["R", 19], ["W", 19], ["W", 19], ["R", 3], ["R", 3], ["R", 3], ["R", 3], ["R", 19], ["W", 3], ["W", 19], ["R", 3], ["R", 19], ["R", 3], ["R", 19], ["R", 31], ["R", 31], ["R", 31], ["R", 31], ["R", 31], ["R", 31], ["R", 31], ["R", 31], ["R", 19], ["R", 19], ["R", 19], ["R", 19], ["R", 19], ["R", 19], ["W", 19], ["W", 19], ["W", 19], ["R", 3], ["R", 3], ["R", 3], ["R", 3], ["R", 19], ["W", 3], ["W", 19], ["R", 3], ["R", 19], ["R", 3], ["R", 19], ["R", 4], ["R", 4], ["R", 4], ["R", 4], ["R", 4], ["R", 4], ["R", 3], ["R", 3], ["R", 3], ["R", 3], ["R", 3], ["R", 3], ["R", 4], ["R", 4], ["R", 31], ["R", 4], ["R", 4], ["R", 4], ["R", 4], ["R", 4], ["R", 4], ["R", 4], ["R", 3], ["R", 4], ["R", 4], ["R", 4], ["R", 4], ["R", 4], ["R", 3], ["R", 3], ["R", 3], ["R", 3], ["R", 3], ["R", 3], ["R", 4], ["R", 4], ["R", 4], ["R", 4], ["R", 4], ["R", 3], ["R", 3], ["R", 4], ["R", 3], ["R", 3], ["R", 4], ["R", 4], ["R", 4], ["R", 3], ["R", 4], ["R", 3], ["R", 23], ["R", 23], ["R", 23], ["R", 3], ["R", 23], ["R", 23], ["R", 3], ["R", 23], ["R", 3], ["R", 23], ["R", 3], ["R", 23], ["R", 23], ["R", 3], ["R", 23], ["R", 3], ["R", 4], ["R", 4], ["R", 4], ["R", 3], ["R", 4], ["R", 3], ["R", 23], ["R", 23], ["R", 23], ["R", 3], ["R", 23], ["R", 3], ["R", 4], ["R", 20], ["W", 4], ["W", 20], ["W", 4], ["W", 3], ["W", 4], ["W", 4], ["W", 3], ["R", 4], ["W", 4], ["R", 4], ["R", 4], ["R", 4], ["R", 4], ["W", 4], ["W", 4], ["R", 4], ["W", 4], ["W", 4], ["W", 4], ["W", 4], ["W", 4], ["W", 4], ["W", 4], ["R", 4], ["R", 4], ["R", 4], ["R", 20], ["R", 4], ["R", 3], ["R", 4], ["R", 4], ["R", 4], ["R", 3], ["R", 23], ["R", 4], ["R", 4], ["R", 4], ["R", 3], ["R", 4], ["W", 23], ["W", 20], ["W", 23], ["W", 3], ["W", 23], ["W", 3], ["W", 23], ["R", 23], ["R", 3], ["R", 23], ["R", 3], ["R", 3], ["R", 3], ["R", 3], ["R", 3], ["R", 3], ["R", 23], ["R", 3], ["R", 23], ["R", 3], ["R", 23], ["W", 23], ["W", 20], ["W", 23], ["W", 3], ["W", 23], ["W", 3], ["W", 23], ["R", 23], ["R", 3], ["R", 23], ["R", 3], ["R", 3], ["R", 3], ["R", 3], ["R", 3], ["R", 3], ["W", 23], ["R", 4], ["R", 3], ["R", 3], ["R", 3], ["R", 3], ["R", 4], ["R", 3], ["R", 3], ["R", 4], ["R", 4], ["R", 4], ["R", 20], ["W", 4], ["W", 20], ["W", 4], ["W", 3], ["W", 4], ["W", 4], ["W", 3], ["R", 4], ["R", 3], ["R", 3], ["R", 3], ["R", 3], ["R", 19], ["R", 3], ["R", 19], ["W", 4], ["R", 4], ["R", 4], ["W", 4], ["W", 4], ["W", 4], ["W", 4], ["R", 4], ["R", 4], ["R", 4], ["R", 20], ["R", 4], ["R", 3], ["R", 4], ["R", 4], ["R", 4], ["R", 3], ["R", 23], ["R", 4], ["R", 4], ["R", 4], ["R", 3], ["R", 4], ["W", 23], ["W", 20], ["W", 23], ["W", 3], ["W", 23], ["W", 3], ["W", 23], ["R", 23], ["R", 3], ["R", 23], ["R", 3], ["R", 3], ["R", 3], ["R", 3], ["R", 3], ["R", 3], ["R", 23], ["R", 3], ["R", 23], ["R", 3], ["R", 23], ["W", 23], ["W", 20], ["W", 23], ["W", 3], ["W", 23], ["W", 3], ["W", 23], ["R", 23], ["R", 3], ["R", 23], ["R", 3], ["R", 3], ["R", 3], ["R", 3], ["R", 3], ["R", 3], ["W", 23], ["R", 4], ["W", 4], ["W", 4], ["W", 4], ["W", 3], ["R", 31], ["R", 31], ["W", 22], ["W", 4], ["W", 22], ["R", 31], ["R", 4], ["R", 4], ["R", 4], ["R", 4], ["R", 4], ["R", 4], ["R", 4], ["R", 4], ["R", 3], ["R", 4], ["R", 4], ["R", 4], ["R", 4], ["R", 4], ["R", 3], ["R", 3], ["R", 3], ["R", 3], ["R", 3], ["R", 3], ["R", 4], ["R", 4], ["R", 4], ["R", 4], ["R", 4], ["R", 3], ["R", 3], ["R", 4], ["R", 3], ["R", 3], ["R", 4], ["R", 4], ["R", 4], ["R", 3], ["R", 4], ["R", 3], ["R", 23], ["R", 23], ["R", 23], ["R", 3], ["R", 23], ["R", 23], ["R", 3], ["R", 23], ["R", 3], ["R", 23], ["R", 3], ["R", 23], ["R", 23], ["R", 3], ["R", 23], ["R", 3], ["R", 4], ["R", 4], ["R", 4], ["R", 3], ["R", 4], ["R", 3], ["R", 23], ["R", 23], ["R", 23], ["R", 3], ["R", 23], ["R", 3], ["R", 4], ["R", 20], ["W", 4], ["W", 20], ["W", 4], ["W", 3], ["W", 4], ["W", 4], ["W", 3], ["R", 4], ["W", 4], ["R", 4], ["R", 4], ["R", 4], ["R", 4], ["W", 4], ["W", 4], ["R", 4], ["W", 4], ["W", 4], ["W", 4], ["W", 4], ["W", 4], ["W", 4], ["W", 4], ["R", 4], ["R", 4], ["R", 4], ["R", 20], ["R", 4], ["R", 3], ["R", 4], ["R", 4], ["R", 4], ["R", 3], ["R", 23], ["R", 4], ["R", 4], ["R", 4], ["R", 3], ["R", 4], ["W", 23], ["W", 20], ["W", 23], ["W", 3], ["W", 23], ["W", 3], ["W", 23], ["R", 23], ["R", 3], ["R", 23], ["R", 3], ["R", 3], ["R", 3], ["R", 3], ["R", 3], ["R", 3], ["R", 23], ["R", 3], ["R", 23], ["R", 3], ["R", 23], ["W", 23], ["W", 20], ["W", 23], ["W", 3], ["W", 23], ["W", 3], ["W", 23], ["R", 23], ["R", 3], ["R", 23], ["R", 3], ["R", 3], ["R", 3], ["R", 3], ["R", 3], ["R", 3], ["W", 23], ["R", 4], ["R", 3], ["R", 3], ["R", 3], ["R", 3], ["R", 4], ["R", 3], ["R", 3], ["R", 4], ["R", 4], ["R", 4], ["R", 20], ["W", 4], ["W", 20], ["W", 4], ["W", 3], ["W", 4], ["W", 4], ["W", 3], ["R", 4], ["R", 3], ["R", 3], ["R", 3], ["R", 3], ["R", 19], ["R", 3], ["R", 19], ["W", 4], ["R", 4], ["R", 4], ["W", 4], ["W", 4], ["W", 4], ["W", 4], ["R", 4], ["R", 4], ["R", 4], ["R", 20], ["R", 4], ["R", 3], ["R", 4], ["R", 4], ["R", 4], ["R", 3], ["R", 23], ["R", 4], ["R", 4], ["R", 4], ["R", 3], ["R", 4], ["W", 23], ["W", 20], ["W", 23], ["W", 3], ["W", 23], ["W", 3], ["W", 23], ["R", 23], ["R", 3], ["R", 23], ["R", 3], ["R", 3], ["R", 3], ["R", 3], ["R", 3], ["R", 3], ["R", 23], ["R", 3], ["R", 23], ["R", 3], ["R", 23], ["W", 23], ["W", 20], ["W", 23], ["W", 3], ["W", 23], ["W", 3], ["W", 23], ["R", 23], ["R", 3], ["R", 23], ["R", 3], ["R", 3], ["R", 3], ["R", 3], ["R", 3], ["R", 3], ["W", 23], ["R", 4], ["W", 4], ["W", 4], ["W", 4], ["W", 3], ["R", 31], ["R", 31], ["W", 22], ["W", 4], ["W", 22], ["R", 31], ["R", 4], ["R", 4], ["R", 4], ["R", 4], ["R", 4], ["R", 4], ["R", 4], ["R", 4], ["R", 3], ["R", 4], ["R", 4], ["R", 4], ["R", 4], ["R", 4], ["R", 3], ["R", 3], ["R", 3], ["R", 3], ["R", 3], ["R", 3], ["R", 4], ["R", 4], ["R", 4], ["R", 4], ["R", 4], ["R", 3], ["R", 3], ["R", 4], ["R", 3], ["R", 3], ["R", 4], ["R", 4], ["R", 4], ["R", 3], ["R", 4], ["R", 3], ["R", 23], ["R", 23], ["R", 23], ["R", 3], ["R", 23], ["R", 23], ["R", 3], ["R", 23], ["R", 3], ["R", 23], ["R", 3], ["R", 23], ["R", 23], ["R", 3], ["R", 23], ["R", 3], ["R", 4], ["R", 4], ["R", 4], ["R", 3], ["R", 4], ["R", 3], ["R", 23], ["R", 23], ["R", 23], ["R", 3], ["R", 23], ["R", 3], ["R", 4], ["R", 20], ["W", 4], ["W", 20], ["W", 4], ["W", 3], ["W", 4], ["W", 4], ["W", 3], ["R", 4], ["W", 4], ["R", 4], ["R", 4], ["R", 4], ["R", 4], ["W", 4], ["W", 4], ["R", 4], ["W", 4], ["W", 4], ["W", 4], ["W", 4], ["W", 4], ["W", 4], ["W", 4], ["R", 4], ["R", 4], ["R", 4], ["R", 20], ["R", 4], ["R", 3], ["R", 4], ["R", 4], ["R", 4], ["R", 3], ["R", 23], ["R", 4], ["R", 4], ["R", 4], ["R", 3], ["R", 4], ["W", 23], ["W", 20], ["W", 23], ["W", 3], ["W", 23], ["W", 3], ["W", 23], ["R", 23], ["R", 3], ["R", 23], ["R", 3], ["R", 3], ["R", 3], ["R", 3], ["R", 3], ["R", 3], ["R", 23], ["R", 3], ["R", 23], ["R", 3], ["R", 23], ["W", 23], ["W", 20], ["W", 23], ["W", 3], ["W", 23], ["W", 3], ["W", 23], ["R", 23], ["R", 3], ["R", 23], ["R", 3], ["R", 3], ["R", 3], ["R", 3], ["R", 3], ["R", 3], ["W", 23], ["R", 4], ["R", 3], ["R", 3], ["R", 3], ["R", 3], ["R", 4], ["R", 3], ["R", 3], ["R", 4], ["R", 4], ["R", 4], ["R", 20], ["W", 4], ["W", 20], ["W", 4], ["W", 3], ["W", 4], ["W", 4], ["W", 3], ["R", 4], ["R", 3], ["R", 3], ["R", 3], ["R", 3], ["R", 19], ["R", 3], ["R", 19], ["W", 4], ["R", 4], ["R", 4], ["W", 4], ["W", 4], ["W", 4], ["W", 4], ["R", 4], ["R", 4], ["R", 4], ["R", 20], ["R", 4], ["R", 3], ["R", 4], ["R", 4], ["R", 4], ["R", 3], ["R", 23], ["R", 4], ["R", 4], ["R", 4], ["R", 3], ["R", 4], ["W", 23], ["W", 20], ["W", 23], ["W", 3], ["W", 23], ["W", 3], ["W", 23], ["R", 23], ["R", 3], ["R", 23], ["R", 3], ["R", 3], ["R", 3], ["R", 3], ["R", 3], ["R", 3], ["R", 23], ["R", 3], ["R", 23], ["R", 3], ["R", 23], ["W", 23], ["W", 20], ["W", 23], ["W", 3], ["W", 23], ["W", 3], ["W", 23], ["R", 23], ["R", 3], ["R", 23], ["R", 3], ["R", 3], ["R", 3], ["R", 3], ["R", 3], ["R", 3], ["W", 23], ["R", 4], ["W", 4], ["W", 4], ["W", 4], ["W", 3], ["W", 4], ["R", 31], ["R", 31], ["W", 22], ["W", 4], ["W", 22]]}]}, "ManagePromotionRequestController.data": {"t": [{"id": 0, "a": [["R", 3], ["R", 3], ["R", 3], ["R", 31], ["R", 31], ["R", 31], ["R", 31], ["R", 31], ["R", 31], ["R", 31], ["R", 31], ["R", 31], ["R", 31], ["R", 31], ["R", 31], ["R", 31], ["R", 31]]}]}, "ManagePromotionRequestController.index": {"t": [{"id": 0, "a": [["R", 3], ["R", 3], ["R", 3]]}]}, "ManagePromotionRequestController.rejected": {"t": [{"id": 0, "a": [["R", 31], ["W", 31], ["W", 31], ["W", 2], ["W", 31], ["R", 31], ["R", 3], ["R", 3], ["R", 3]]}]}, "TeamDataController.directly": {"t": [{"id": 0, "a": [["R", 3], ["R", 19], ["R", 4], ["R", 3]]}]}, "TeamDataController.memberList": {"t": [{"id": 0, "a": [["R", 4], ["R", 4], ["R", 3], ["R", 4], ["R", 4], ["R", 4], ["R", 4], ["R", 3], ["R", 3], ["R", 3], ["R", 3], ["R", 3], ["R", 3], ["R", 4], ["R", 3], ["R", 3], ["R", 4], ["R", 3], ["R", 3], ["R", 3], ["R", 3], ["R", 19], ["R", 3], ["R", 19]]}]}, "TeamDataController.subordinate": {"t": [{"id": 0, "a": [["R", 4], ["R", 4], ["R", 3], ["R", 3], ["R", 19], ["R", 4], ["R", 4], ["R", 3], ["R", 4]]}]}, "TeamDataController.teamList": {"t": [{"id": 0, "a": [["R", 17], ["R", 17]]}]}, "TeamDataController.teamList2": {"t": [{"id": 0, "a": [["R", 17]]}]}, "LoginDataController.agentGoodAdvancePaymentJournal": {"t": [{"id": 0, "a": [["R", 3], ["R", 3], ["R", 39], ["R", 39], ["R", 39], ["R", 39], ["R", 39], ["R", 39], ["R", 40], ["R", 39], ["R", 40]]}]}, "LoginDataController.changeGuide": {"t": [{"id": 0, "a": [["R", 3], ["R", 3], ["R", 3], ["R", 3], ["R", 3], ["R", 3], ["R", 3], ["R", 3], ["R", 3], ["R", 3], ["R", 3], ["R", 3], ["R", 3], ["R", 3], ["R", 3], ["R", 3], ["R", 3], ["R", 3], ["R", 3], ["R", 3], ["R", 3], ["W", 3], ["W", 3], ["W", 3], ["R", 4], ["R", 3], ["R", 3], ["R", 3], ["R", 3], ["R", 19], ["R", 3], ["R", 19]]}]}, "LoginDataController.changeMobile": {"t": [{"id": 0, "a": [["R", 3], ["R", 3], ["R", 3], ["W", 19], ["R", 3], ["R", 3], ["R", 3], ["R", 3], ["R", 19], ["W", 3], ["W", 19], ["R", 3], ["R", 19], ["R", 3], ["R", 19]]}]}, "LoginDataController.changeName": {"t": [{"id": 0, "a": [["R", 3], ["R", 3], ["R", 3], ["R", 19], ["R", 19], ["W", 19], ["R", 19], ["R", 19], ["W", 19], ["W", 19], ["R", 3], ["R", 3], ["R", 3], ["R", 3], ["R", 19], ["W", 3], ["W", 19], ["R", 3], ["R", 19], ["R", 3], ["R", 19]]}]}, "LoginDataController.journal": {"t": [{"id": 0, "a": [["R", 3], ["R", 3], ["R", 40], ["R", 40], ["R", 40]]}]}, "LoginDataController.mobileValidation": {"t": [{"id": 0, "a": [["R", 3], ["R", 19]]}]}, "LoginDataController.searchLoginSelect2": {"t": [{"id": 0, "a": [["R", 3], ["R", 3], ["R", 3], ["R", 17], ["R", 17]]}]}, "LoginDataController.subordinate": {"t": [{"id": 0, "a": [["R", 3], ["R", 3], ["R", 3], ["R", 3], ["R", 3], ["R", 3], ["R", 3]]}]}, "ManageTagController.add": {"t": [{"id": 0, "a": [["R", 27], ["W", 27], ["W", 27], ["W", 27], ["W", 27], ["R", 27], ["R", 27], ["W", 27]]}]}, "ManageTagController.checkName": {"t": [{"id": 0, "a": [["R", 27]]}]}, "ManageTagController.delete": {"t": [{"id": 0, "a": [["R", 38], ["R", 14], ["R", 14], ["R", 15], ["R", 14], ["R", 15], ["R", 7], ["R", 7], ["R", 15], ["R", 11], ["R", 11], ["W", 11], ["W", 11], ["R", 11], ["R", 11], ["W", 11], ["W", 11], ["R", 11], ["W", 11], ["R", 12], ["R", 7], ["R", 6], ["R", 12], ["R", 11], ["R", 7], ["R", 7], ["R", 6], ["R", 6], ["R", 7], ["R", 7], ["R", 6], ["R", 6], ["R", 7], ["R", 6], ["R", 24], ["R", 24], ["R", 14], ["R", 7], ["R", 24], ["R", 24], ["R", 14], ["R", 7], ["R", 7], ["R", 7], ["R", 24], ["R", 24], ["R", 14], ["R", 7], ["R", 7], ["W", 15], ["R", 14], ["R", 27], ["R", 27], ["W", 27]]}]}, "ManageTagController.detail": {"t": [{"id": 0, "a": [["R", 27]]}]}, "ManageTagController.disable": {"t": [{"id": 0, "a": [["R", 27]]}]}, "ManageTagController.edit": {"t": [{"id": 0, "a": [["R", 27]]}]}, "ManageTagController.enable": {"t": [{"id": 0, "a": [["R", 27]]}]}, "WechatController.bindLogin": {"t": [{"id": 0, "a": [["R", 3], ["R", 3], ["R", 3], ["R", 3], ["W", 3], ["R", 3], ["R", 3], ["R", 3], ["W", 3]]}]}, "WechatController.bindTo": {"t": [{"id": 0, "a": [["R", 3], ["R", 3], ["W", 3]]}]}, "WechatController.login": {"t": [{"id": 0, "a": [["R", 2], ["R", 3], ["R", 3], ["R", 3]]}]}, "WechatController.logout": {"t": [{"id": 0, "a": [["R", 3], ["R", 3], ["W", 3]]}]}, "WechatController.wechatForward": {"t": [{"id": 0, "a": [["R", 2], ["R", 3], ["R", 2], ["R", 3], ["R", 3], ["R", 3], ["W", 3], ["W", 3], ["W", 3], ["W", 3], ["W", 3], ["R", 3]]}]}, "WechatController.wechatRegister": {"t": [{"id": 0, "a": [["R", 2], ["R", 3], ["R", 3], ["W", 3], ["W", 3], ["W", 3], ["W", 19], ["R", 3], ["R", 3], ["R", 3], ["R", 3], ["R", 19], ["W", 3], ["W", 19], ["R", 3], ["R", 19], ["R", 3], ["R", 19], ["R", 19], ["R", 19], ["W", 19], ["R", 19], ["R", 19], ["W", 19], ["W", 19], ["R", 3], ["R", 3], ["R", 3], ["R", 3], ["R", 19], ["W", 3], ["W", 19], ["R", 3], ["R", 19], ["R", 3], ["R", 19], ["R", 3], ["R", 3], ["R", 3], ["R", 3], ["R", 3], ["R", 3], ["R", 3], ["R", 3], ["R", 3], ["R", 3], ["R", 3]]}]}, "ManageFactoryController.add": {"t": [{"id": 0, "a": [["W", 10], ["W", 10], ["W", 10], ["W", 10], ["W", 10], ["W", 10], ["W", 10]]}]}, "ManageFactoryController.data": {"t": [{"id": 0, "a": [["R", 3], ["R", 3], ["R", 10], ["R", 10], ["R", 10]]}]}, "ManageFactoryController.disable": {"t": [{"id": 0, "a": [["R", 10]]}]}, "ManageFactoryController.enable": {"t": [{"id": 0, "a": [["R", 10]]}]}, "ManageFactoryController.index": {"t": [{"id": 0, "a": [["R", 3], ["R", 3]]}]}, "QuickServiceController.mockPay": {"t": [{"id": 0, "a": [["R", 24], ["R", 4], ["R", 3], ["R", 3], ["R", 3], ["R", 3], ["R", 19], ["R", 3], ["R", 19], ["R", 13], ["R", 24], ["R", 24], ["R", 24]]}]}, "QuickServiceController.quickDone": {"t": [{"id": 0, "a": [["R", 24], ["R", 13], ["R", 24], ["R", 13], ["R", 13], ["R", 13], ["R", 13], ["R", 13], ["W", 13]]}]}, "ManageDepotController.add": {"t": [{"id": 0, "a": [["W", 41], ["W", 6], ["W", 6], ["W", 6], ["W", 6], ["W", 6], ["W", 6], ["W", 6]]}]}, "ManageDepotController.data": {"t": [{"id": 0, "a": [["R", 3], ["R", 3]]}]}, "ManageDepotController.disable": {"t": [{"id": 0, "a": [["R", 6]]}]}, "ManageDepotController.enable": {"t": [{"id": 0, "a": [["R", 6]]}]}, "ManageDepotController.index": {"t": [{"id": 0, "a": [["R", 3], ["R", 3]]}]}, "WecharSearchController.data": {"t": [{"id": 0, "a": [["R", 14], ["R", 35], ["R", 35], ["R", 14], ["R", 14], ["R", 14], ["R", 14]]}]}, "WecharSearchController.goodsDetail": {"t": [{"id": 0, "a": [["R", 14], ["R", 14], ["R", 15], ["R", 14], ["R", 15], ["R", 7], ["R", 7], ["R", 15], ["R", 11], ["R", 11], ["W", 11], ["W", 11], ["R", 11], ["R", 11], ["W", 11], ["W", 11], ["R", 11], ["W", 11], ["R", 12], ["R", 7], ["R", 6], ["R", 12], ["R", 11], ["R", 7], ["R", 7], ["R", 6], ["R", 6], ["R", 7], ["R", 7], ["R", 6], ["R", 6], ["R", 7], ["R", 6], ["R", 24], ["R", 24], ["R", 14], ["R", 7], ["R", 24], ["R", 24], ["R", 14], ["R", 7], ["R", 7], ["R", 7], ["R", 24], ["R", 24], ["R", 14], ["R", 7], ["R", 7], ["W", 15], ["R", 14], ["R", 14], ["R", 15], ["R", 7], ["R", 14], ["R", 14], ["R", 14], ["R", 15], ["R", 7], ["R", 14]]}]}, "ManageSalesmanController.add": {"t": [{"id": 0, "a": [["R", 3], ["R", 3], ["W", 30], ["W", 30], ["W", 30], ["W", 30], ["W", 3], ["W", 30], ["W", 30], ["R", 3], ["R", 30], ["R", 30], ["R", 30]]}]}, "ManageSalesmanController.data": {"t": [{"id": 0, "a": [["R", 30], ["R", 30], ["R", 30], ["R", 30], ["R", 30], ["R", 30], ["R", 30]]}]}, "ManageSalesmanController.disable": {"t": [{"id": 0, "a": [["R", 30], ["R", 30], ["W", 30]]}]}, "ManageSalesmanController.enable": {"t": [{"id": 0, "a": [["R", 30], ["R", 30], ["W", 30]]}]}, "ManageSalesmanController.updateRank": {"t": [{"id": 0, "a": [["R", 30], ["R", 30], ["W", 30]]}]}, "ManageSalesmanController.updateRate": {"t": [{"id": 0, "a": [["R", 30], ["R", 30], ["W", 30]]}]}, "TRJEventController.event": {"t": [{"id": 0, "a": [["R", 33], ["W", 33], ["W", 33], ["W", 33], ["W", 33], ["R", 32], ["R", 32], ["R", 24], ["R", 24], ["R", 32], ["R", 33], ["R", 33], ["R", 33], ["R", 33], ["R", 33], ["R", 33], ["W", 33], ["W", 33], ["W", 33], ["W", 33], ["R", 33], ["R", 2], ["R", 3], ["R", 3], ["R", 13], ["R", 24], ["R", 24], ["R", 24], ["R", 13], ["R", 13], ["R", 32], ["R", 32], ["R", 24], ["R", 24], ["R", 32], ["R", 33], ["R", 33], ["W", 33], ["W", 33], ["W", 24]]}]}, "ManageProductController.data": {"t": [{"id": 0, "a": [["R", 3], ["R", 3], ["R", 15], ["R", 15], ["R", 15], ["R", 15], ["R", 15]]}]}, "ManageProductController.delete": {"t": [{"id": 0, "a": [["R", 15], ["W", 7], ["W", 7]]}]}, "ManageProductController.detail": {"t": [{"id": 0, "a": [["R", 15]]}]}, "ManageProductController.disable": {"t": [{"id": 0, "a": [["R", 15]]}]}, "ManageProductController.edit": {"t": [{"id": 0, "a": [["R", 15], ["R", 38], ["R", 38], ["W", 7], ["W", 38], ["W", 7], ["R", 15], ["W", 7], ["W", 7], ["W", 7], ["W", 7], ["W", 7], ["W", 15], ["W", 7], ["W", 7], ["W", 7], ["W", 7], ["W", 7], ["W", 15], ["R", 15], ["R", 15], ["R", 15], ["W", 15], ["W", 7], ["W", 7], ["R", 42], ["W", 7], ["W", 42], ["W", 15], ["W", 15], ["R", 7], ["R", 7], ["R", 7], ["W", 7]]}]}, "ManageProductController.enable": {"t": [{"id": 0, "a": [["R", 15]]}]}, "ManageProductController.index": {"t": [{"id": 0, "a": [["R", 3], ["R", 3]]}]}, "ManageProductController.indexForCreate": {"t": [{"id": 0, "a": [["R", 38]]}]}, "ManageProductController.indexForEdit": {"t": [{"id": 0, "a": [["R", 15]]}]}, "ManageProductController.pushHaier": {"t": [{"id": 0, "a": [["R", 15], ["R", 7], ["R", 7], ["R", 7], ["R", 7], ["R", 7], ["R", 7], ["R", 7], ["R", 7], ["R", 7], ["R", 7], ["R", 7], ["R", 7], ["R", 7], ["R", 7], ["R", 7], ["R", 7], ["R", 7], ["R", 7], ["R", 7], ["R", 7], ["R", 7]]}]}, "WechatMainOrderController.detail": {"t": [{"id": 0, "a": [["R", 24], ["R", 24]]}]}, "WechatMainOrderController.index": {"t": [{"id": 0, "a": [["R", 38], ["R", 14], ["R", 14], ["R", 15], ["R", 14], ["R", 15], ["R", 7], ["R", 7], ["R", 15], ["R", 11], ["R", 11], ["W", 11], ["W", 11], ["R", 11], ["R", 11], ["W", 11], ["W", 11], ["R", 11], ["W", 11], ["R", 12], ["R", 7], ["R", 6], ["R", 12], ["R", 11], ["R", 7], ["R", 7], ["R", 6], ["R", 6], ["R", 7], ["R", 7], ["R", 6], ["R", 6], ["R", 7], ["R", 6], ["R", 24], ["R", 24], ["R", 14], ["R", 7], ["R", 24], ["R", 24], ["R", 14], ["R", 7], ["R", 7], ["R", 7], ["R", 24], ["R", 24], ["R", 14], ["R", 7], ["R", 7], ["W", 15], ["R", 29], ["R", 29], ["R", 29], ["R", 30], ["R", 29], ["R", 30], ["R", 29], ["R", 3], ["R", 29], ["R", 3], ["R", 29], ["R", 29], ["W", 29]]}]}, "WechatMainOrderController.indexForHB": {"t": [{"id": 0, "a": [["R", 38], ["R", 14], ["R", 14], ["R", 15], ["R", 14], ["R", 15], ["R", 7], ["R", 7], ["R", 15], ["R", 11], ["R", 11], ["W", 11], ["W", 11], ["R", 11], ["R", 11], ["W", 11], ["W", 11], ["R", 11], ["W", 11], ["R", 12], ["R", 7], ["R", 6], ["R", 12], ["R", 11], ["R", 7], ["R", 7], ["R", 6], ["R", 6], ["R", 7], ["R", 7], ["R", 6], ["R", 6], ["R", 7], ["R", 6], ["R", 24], ["R", 24], ["R", 14], ["R", 7], ["R", 24], ["R", 24], ["R", 14], ["R", 7], ["R", 7], ["R", 7], ["R", 24], ["R", 24], ["R", 14], ["R", 7], ["R", 7], ["W", 15], ["R", 29], ["R", 29], ["R", 29], ["R", 30], ["R", 29], ["R", 30], ["R", 29], ["R", 3], ["R", 29], ["R", 3], ["R", 29], ["R", 29], ["W", 29]]}]}, "WechatMainOrderController.indexForTRJ": {"t": [{"id": 0, "a": [["R", 26], ["R", 26], ["R", 14], ["R", 26], ["R", 14], ["R", 14], ["R", 15], ["R", 14], ["R", 15], ["R", 7], ["R", 7], ["R", 15], ["R", 11], ["R", 11], ["W", 11], ["W", 11], ["R", 11], ["R", 11], ["W", 11], ["W", 11], ["R", 11], ["W", 11], ["R", 12], ["R", 7], ["R", 6], ["R", 12], ["R", 11], ["R", 7], ["R", 7], ["R", 6], ["R", 6], ["R", 7], ["R", 7], ["R", 6], ["R", 6], ["R", 7], ["R", 6], ["R", 24], ["R", 24], ["R", 14], ["R", 7], ["R", 24], ["R", 24], ["R", 14], ["R", 7], ["R", 7], ["R", 7], ["R", 24], ["R", 24], ["R", 14], ["R", 7], ["R", 7], ["W", 15], ["R", 38], ["R", 14], ["R", 14], ["R", 15], ["R", 14], ["R", 15], ["R", 7], ["R", 7], ["R", 15], ["R", 11], ["R", 11], ["W", 11], ["W", 11], ["R", 11], ["R", 11], ["W", 11], ["W", 11], ["R", 11], ["W", 11], ["R", 12], ["R", 7], ["R", 6], ["R", 12], ["R", 11], ["R", 7], ["R", 7], ["R", 6], ["R", 6], ["R", 7], ["R", 7], ["R", 6], ["R", 6], ["R", 7], ["R", 6], ["R", 24], ["R", 24], ["R", 14], ["R", 7], ["R", 24], ["R", 24], ["R", 14], ["R", 7], ["R", 7], ["R", 7], ["R", 24], ["R", 24], ["R", 14], ["R", 7], ["R", 7], ["W", 15], ["R", 29], ["R", 29], ["R", 29], ["R", 30], ["R", 29], ["R", 30], ["R", 29], ["R", 3], ["R", 29], ["R", 3], ["R", 29], ["R", 29], ["W", 29]]}]}, "WechatMainOrderController.newOrder": {"t": [{"id": 0, "a": [["R", 3], ["R", 14], ["R", 14], ["R", 26], ["R", 14], ["R", 26], ["R", 26], ["R", 3], ["R", 13], ["R", 29], ["R", 29], ["R", 30], ["R", 30], ["W", 29], ["W", 24], ["W", 29], ["W", 29], ["W", 24], ["R", 33], ["R", 33]]}]}, "WechatMainOrderController.pay": {"t": [{"id": 0, "a": [["R", 24], ["R", 24], ["R", 26], ["R", 26], ["W", 24], ["R", 24]]}]}, "WechatMainOrderController.payForMainOrder": {"t": [{"id": 0, "a": [["R", 24], ["R", 24]]}]}, "WechatMainOrderController.paySuccess": {"t": [{"id": 0, "a": [["R", 24], ["R", 24], ["R", 3], ["R", 3], ["R", 3], ["R", 3], ["R", 3], ["R", 3]]}]}, "WechatMainOrderController.paying": {"t": [{"id": 0, "a": [["R", 13], ["R", 13], ["R", 13], ["R", 13], ["R", 24], ["R", 3], ["R", 4], ["R", 3], ["R", 3], ["R", 3], ["R", 3], ["R", 19], ["R", 3], ["R", 19], ["R", 13], ["R", 13]]}]}, "WechatGoodAdvanceOrderController.detail": {"t": [{"id": 0, "a": [["R", 24], ["R", 24]]}]}, "WechatGoodAdvanceOrderController.index": {"t": [{"id": 0, "a": [["R", 38], ["R", 14], ["R", 14], ["R", 15], ["R", 14], ["R", 15], ["R", 7], ["R", 7], ["R", 15], ["R", 11], ["R", 11], ["W", 11], ["W", 11], ["R", 11], ["R", 11], ["W", 11], ["W", 11], ["R", 11], ["W", 11], ["R", 12], ["R", 7], ["R", 6], ["R", 12], ["R", 11], ["R", 7], ["R", 7], ["R", 6], ["R", 6], ["R", 7], ["R", 7], ["R", 6], ["R", 6], ["R", 7], ["R", 6], ["R", 24], ["R", 24], ["R", 14], ["R", 7], ["R", 24], ["R", 24], ["R", 14], ["R", 7], ["R", 7], ["R", 7], ["R", 24], ["R", 24], ["R", 14], ["R", 7], ["R", 7], ["W", 15], ["R", 29], ["R", 29], ["R", 29], ["R", 30], ["R", 29], ["R", 30], ["R", 29], ["R", 3], ["R", 29], ["R", 3], ["R", 29], ["R", 29], ["W", 29]]}]}, "WechatGoodAdvanceOrderController.newOrder": {"t": [{"id": 0, "a": [["R", 3], ["R", 14], ["R", 14], ["R", 26], ["R", 14], ["R", 26], ["R", 26], ["R", 3], ["R", 13]]}]}, "LogisticsController.install": {"t": [{"id": 0, "a": [["R", 8]]}]}, "LogisticsController.logisticsShip": {"t": [{"id": 0, "a": [["R", 13], ["R", 6], ["R", 7], ["R", 13], ["R", 14], ["R", 14], ["R", 15], ["R", 14], ["R", 15], ["R", 16], ["R", 7], ["R", 13], ["R", 8], ["R", 16], ["R", 8], ["R", 8], ["R", 8], ["R", 7], ["R", 7], ["R", 9], ["R", 9], ["R", 6], ["R", 9], ["R", 7], ["R", 9], ["R", 9], ["R", 6], ["R", 9], ["R", 7], ["R", 9], ["R", 13], ["R", 14], ["R", 14], ["R", 15], ["R", 14], ["R", 15], ["R", 16], ["R", 7], ["R", 13], ["R", 8], ["R", 16], ["R", 8], ["R", 8], ["R", 8], ["R", 7], ["R", 7], ["R", 13], ["R", 13], ["R", 13], ["R", 13], ["R", 13], ["R", 17], ["W", 17], ["R", 13], ["R", 17], ["W", 17], ["W", 8], ["W", 8], ["W", 8], ["W", 8], ["R", 8], ["W", 8], ["W", 8], ["W", 6], ["W", 8], ["W", 6], ["W", 8], ["W", 8], ["W", 8], ["W", 7], ["W", 8], ["R", 13], ["R", 8], ["W", 13], ["W", 8], ["R", 13], ["R", 8], ["W", 13], ["W", 8], ["R", 16], ["R", 8], ["W", 16], ["W", 8], ["R", 16], ["R", 8], ["W", 16], ["W", 8], ["R", 13], ["W", 13], ["W", 16], ["R", 13], ["R", 8], ["R", 16], ["R", 8], ["R", 8], ["W", 13], ["W", 16], ["W", 13], ["W", 16], ["R", 13], ["R", 14], ["R", 14], ["R", 15], ["R", 14], ["R", 15], ["R", 16], ["R", 7], ["R", 13], ["R", 8], ["R", 16], ["R", 8], ["R", 8], ["R", 8], ["R", 7], ["R", 7], ["W", 13], ["W", 16], ["R", 13], ["R", 8], ["R", 16], ["R", 8], ["R", 8], ["R", 8], ["W", 13], ["W", 16], ["W", 13], ["W", 16], ["W", 43], ["W", 43], ["R", 7], ["R", 6], ["R", 7]]}]}, "LogisticsController.reject": {"t": [{"id": 0, "a": [["R", 8]]}]}, "LogisticsController.success": {"t": [{"id": 0, "a": [["R", 8]]}]}}