{"5": ["gordon@gordondickens.com", "misvy@vmware.com", "faisal.hameed@devfactory.com", "misvy@gopivotal,com", "boly38@gmail.com", "antoine.rey@free.fr"], "6": ["gordon@gordondickens.com", "antoine.rey@free.fr", "misvy@vmware.com"], "2": ["gordon@gordondickens.com", "antoine.rey@free.fr", "antoine.rey@gmail.com", "misvy@vmware.com"], "7": ["gordon@gordondickens.com", "antoine.rey@gmail.com", "misvy@vmware.com"], "1": ["gordon@gordondickens.com", "antoine.rey@free.fr", "antoine.rey@gmail.com", "misvy@vmware.com"], "8": ["gordon@gordondickens.com", "antoine.rey@free.fr", "misvy@gopivotal,com", "misvy@vmware.com"], "9": ["gordon@gordondickens.com", "misvy@vmware.com"], "3": ["gordon@gordondickens.com", "antoine.rey@free.fr", "misvy@vmware.com"], "10": ["trepel@redhat.com", "gordon@gordondickens.com", "antoine.rey@free.fr", "misvy@vmware.com"], "4": ["trepel@redhat.com", "gordon@gordondickens.com", "antoine.rey@gmail.com", "misvy@vmware.com"], "11": ["gordon@gordondickens.com", "misvy@vmware.com", "joe+github@freemansoft.com", "misvy@gopivotal,com", "antoine.rey@free.fr"], "12": ["gordon@gordondickens.com", "antoine.rey@free.fr", "misvy@gopivotal,com", "misvy@vmware.com"], "21": ["antoine.rey@free.fr", "misvy@vmware.com"], "16": ["gordon@gordondickens.com", "antoine.rey@free.fr", "misvy@vmware.com"], "17": ["gordon@gordondickens.com", "tejasmehta0@gmail.com", "misvy@vmware.com", "faisal.hameed@devfactory.com", "craigsdennis@gmail.com", "antoine.rey@free.fr"], "18": ["gordon@gordondickens.com", "misvy@vmware.com", "rstoyanchev@vmware.com", "trepel@redhat.com", "faisal.hameed@devfactory.com", "antoine.rey@free.fr", "antoine.rey@gmail.com"], "19": ["gordon@gordondickens.com", "misvy@vmware.com", "rstoyanchev@vmware.com", "misvy@gopivotal,com", "antoine.rey@free.fr", "antoine.rey@gmail.com"], "20": ["gordon@gordondickens.com", "misvy@vmware.com", "rstoyanchev@vmware.com", "trepel@redhat.com", "faisal.hameed@devfactory.com", "misvy@gopivotal,com", "antoine.rey@free.fr", "antoine.rey@gmail.com"], "22": ["gordon@gordondickens.com", "antoine.rey@free.fr", "antoine.rey@gmail.com", "misvy@vmware.com"], "23": ["gordon@gordondickens.com", "antoine.rey@free.fr", "antoine.rey@gmail.com", "misvy@vmware.com"], "24": ["trepel@redhat.com", "gordon@gordondickens.com", "antoine.rey@free.fr", "misvy@vmware.com"], "25": ["gordon@gordondickens.com", "antoine.rey@free.fr", "misvy@vmware.com"], "26": ["gordon@gordondickens.com", "misvy@vmware.com"], "27": ["gordon@gordondickens.com", "misvy@vmware.com"], "28": ["gordon@gordondickens.com", "misvy@vmware.com", "misvy@gopivotal,com", "antoine.rey@free.fr", "antoine.rey@gmail.com"], "29": ["gordon@gordondickens.com", "misvy@vmware.com", "misvy@gopivotal,com", "antoine.rey@free.fr", "antoine.rey@gmail.com"], "30": ["gordon@gordondickens.com", "misvy@vmware.com", "misvy@gopivotal,com", "antoine.rey@free.fr", "antoine.rey@gmail.com"], "31": ["gordon@gordondickens.com", "antoine.rey@free.fr", "misvy@gopivotal,com", "misvy@vmware.com"], "32": ["gordon@gordondickens.com", "antoine.rey@free.fr", "misvy@vmware.com", "misvy@gopivotal,com", "attilio@attil.io", "antoine.rey@gmail.com"], "33": ["gordon@gordondickens.com", "misvy@vmware.com", "jdubois@ippon.fr", "antoine.rey@free.fr", "antoine.rey@gmail.com"], "34": ["antoine.rey@free.fr", "misvy@vmware.com"], "35": ["gordon@gordondickens.com", "misvy@vmware.com", "misvy@gopivotal,com", "attilio@attil.io", "antoine.rey@gmail.com"], "36": ["gordon@gordondickens.com", "attilio@attil.io", "misvy@vmware.com"], "37": ["gordon@gordondickens.com", "misvy@vmware.com", "misvy@gopivotal,com", "antoine.rey@free.fr", "antoine.rey@gmail.com"], "38": ["gordon@gordondickens.com", "misvy@vmware.com", "martin.klose@klosebrothers.de", "faisal.hameed@devfactory.com", "misvy@gopivotal,com", "attilio@attil.io", "antoine.rey@free.fr", "antoine.rey@gmail.com"], "39": ["gordon@gordondickens.com", "antoine.rey@free.fr", "antoine.rey@gmail.com", "misvy@vmware.com"], "40": ["gordon@gordondickens.com", "antoine.rey@free.fr", "misvy@vmware.com"], "41": ["gordon@gordondickens.com", "antoine.rey@gmail.com", "misvy@vmware.com"], "42": ["attilio@attil.io", "gordon@gordondickens.com", "antoine.rey@free.fr", "misvy@vmware.com"], "43": ["gordon@gordondickens.com", "misvy@vmware.com"], "44": ["misvy@vmware.com"], "45": ["gordon@gordondickens.com", "misvy@vmware.com"], "46": ["gordon@gordondickens.com", "antoine.rey@free.fr", "antoine.rey@gmail.com", "misvy@vmware.com"], "47": ["gordon@gordondickens.com", "misvy@vmware.com"], "48": ["antoine.rey@free.fr", "misvy@gopivotal,com", "antoine.rey@gmail.com", "misvy@vmware.com"], "49": ["antoine.rey@free.fr", "misvy@gopivotal,com", "colinbut@users.noreply.github.com", "antoine.rey@gmail.com"], "50": ["antoine.rey@free.fr", "antoine.rey@gmail.com"], "51": ["trepel@redhat.com", "antoine.rey@free.fr", "antoine.rey@gmail.com"], "52": ["colinbut@users.noreply.github.com", "antoine.rey@gmail.com"], "53": ["colinbut@users.noreply.github.com", "antoine.rey@gmail.com"], "54": ["colinbut@users.noreply.github.com", "antoine.rey@gmail.com"], "55": ["colinbut@users.noreply.github.com", "antoine.rey@gmail.com"], "56": ["colinbut@users.noreply.github.com", "antoine.rey@gmail.com"], "57": ["antoine.rey@gmail.com"], "58": ["antoine.rey@gmail.com"], "59": ["antoine.rey@gmail.com"]}