{"12": {"9": 3, "total_commits": 175, "18": 4, "5": 4, "21": 11, "6": 4, "2": 5, "17": 4, "10": 3, "19": 5, "11": 4, "4": 3, "16": 4, "3": 4, "22": 6, "1": 4, "7": 3, "20": 5, "8": 4, "27": 4, "34": 2, "38": 4, "32": 5, "25": 5, "29": 5, "39": 3, "26": 4, "36": 3, "24": 5, "35": 3, "28": 6, "31": 5, "33": 5, "37": 4, "30": 3, "23": 3, "45": 3, "43": 3, "40": 4, "41": 3, "42": 4, "44": 2, "47": 2, "46": 2, "50": 1, "49": 1, "48": 1}, "11": {"1": 5, "total_commits": 178, "7": 5, "21": 9, "20": 5, "8": 5, "9": 4, "2": 5, "17": 4, "18": 4, "5": 5, "12": 4, "10": 5, "19": 5, "6": 5, "4": 4, "16": 5, "3": 5, "22": 4, "31": 5, "44": 2, "23": 4, "27": 3, "34": 2, "38": 4, "32": 5, "40": 4, "25": 4, "45": 3, "29": 4, "43": 3, "39": 4, "26": 3, "36": 4, "41": 3, "35": 4, "28": 5, "42": 4, "33": 4, "37": 4, "24": 3, "47": 3, "46": 2, "30": 1, "50": 1, "49": 1, "48": 1}, "3": {"21": 9, "total_commits": 195, "11": 5, "12": 4, "16": 6, "1": 8, "7": 6, "20": 5, "8": 6, "4": 6, "9": 5, "22": 5, "2": 8, "17": 5, "18": 6, "5": 7, "10": 6, "19": 6, "6": 6, "37": 4, "42": 4, "33": 4, "44": 1, "25": 4, "26": 3, "24": 4, "47": 4, "45": 2, "29": 5, "43": 3, "36": 4, "35": 4, "31": 5, "27": 3, "38": 4, "32": 4, "40": 4, "41": 3, "28": 5, "46": 2, "39": 2, "30": 2, "23": 2, "48": 1, "34": 1, "50": 1, "49": 1}, "21": {"22": 10, "total_commits": 305, "21": 26, "5": 9, "1": 9, "8": 9, "7": 5, "11": 9, "6": 9, "2": 11, "4": 5, "9": 5, "16": 9, "18": 7, "3": 9, "10": 5, "19": 11, "17": 9, "20": 11, "12": 11, "33": 7, "27": 3, "34": 6, "38": 7, "25": 7, "32": 7, "29": 7, "39": 6, "36": 3, "26": 3, "24": 7, "28": 7, "35": 3, "31": 7, "37": 7, "30": 2, "23": 6, "44": 1, "47": 1, "41": 1, "45": 1, "43": 1, "40": 5, "42": 5, "48": 4, "46": 4, "49": 4, "50": 4}, "22": {"12": 6, "total_commits": 171, "21": 10, "11": 4, "4": 3, "16": 3, "3": 5, "1": 4, "7": 3, "20": 4, "8": 4, "9": 3, "18": 4, "5": 5, "10": 2, "19": 5, "6": 4, "2": 5, "17": 3, "37": 3, "24": 3, "35": 2, "28": 4, "31": 4, "23": 10, "33": 3, "27": 2, "30": 2, "34": 2, "38": 8, "32": 4, "25": 3, "29": 3, "39": 10, "26": 2, "36": 2, "47": 1, "41": 1, "45": 1, "43": 1, "40": 2, "42": 2, "46": 2, "50": 1, "49": 3, "48": 3, "52": 2, "54": 2, "53": 2, "56": 2, "55": 2}, "20": {"8": 4, "total_commits": 235, "21": 11, "9": 3, "18": 17, "5": 5, "10": 5, "6": 5, "2": 7, "17": 7, "12": 5, "19": 14, "11": 5, "4": 5, "16": 5, "3": 5, "22": 4, "1": 7, "7": 5, "23": 4, "30": 4, "34": 2, "38": 7, "32": 6, "25": 5, "29": 6, "39": 3, "26": 4, "36": 5, "37": 8, "24": 5, "35": 5, "28": 7, "31": 5, "33": 5, "27": 4, "46": 6, "47": 5, "44": 1, "41": 3, "45": 2, "43": 3, "40": 4, "42": 4, "50": 1, "49": 1, "48": 1}, "16": {"21": 9, "total_commits": 175, "20": 5, "4": 5, "9": 4, "22": 3, "1": 6, "7": 5, "2": 6, "8": 5, "18": 4, "5": 5, "10": 5, "19": 5, "6": 5, "11": 5, "17": 4, "12": 4, "3": 6, "42": 4, "33": 4, "25": 4, "37": 3, "45": 2, "44": 1, "36": 4, "35": 4, "26": 3, "24": 4, "31": 5, "47": 4, "27": 3, "38": 4, "41": 3, "28": 4, "29": 5, "43": 3, "32": 4, "40": 4, "39": 2, "46": 2, "30": 2, "23": 2, "48": 1, "34": 1, "49": 1, "50": 1}, "19": {"4": 6, "total_commits": 255, "21": 11, "9": 4, "16": 5, "22": 5, "7": 7, "2": 8, "8": 5, "18": 15, "5": 5, "10": 6, "6": 6, "11": 5, "17": 5, "12": 5, "3": 6, "1": 7, "20": 14, "23": 5, "27": 5, "38": 6, "25": 6, "39": 4, "36": 6, "34": 4, "32": 6, "24": 5, "35": 6, "28": 6, "29": 6, "26": 5, "33": 6, "37": 9, "31": 6, "30": 3, "40": 5, "45": 3, "44": 2, "41": 4, "43": 4, "42": 5, "47": 5, "46": 5, "50": 1, "49": 1, "48": 1}, "2": {"8": 6, "total_commits": 226, "21": 11, "18": 8, "5": 6, "10": 6, "19": 8, "6": 7, "11": 5, "17": 5, "12": 5, "3": 8, "20": 7, "4": 8, "9": 5, "16": 6, "22": 5, "1": 8, "7": 8, "23": 4, "39": 3, "36": 5, "34": 2, "32": 5, "28": 6, "29": 6, "26": 4, "37": 4, "24": 5, "35": 5, "31": 6, "30": 3, "33": 5, "27": 4, "38": 5, "25": 5, "45": 2, "44": 1, "47": 4, "41": 3, "43": 3, "40": 4, "42": 4, "46": 2, "49": 1, "50": 1, "48": 2}, "8": {"1": 6, "total_commits": 161, "7": 5, "18": 4, "5": 6, "10": 4, "21": 9, "19": 5, "6": 6, "2": 6, "11": 5, "17": 4, "12": 4, "3": 6, "20": 4, "4": 5, "9": 5, "16": 5, "22": 4, "45": 2, "44": 1, "36": 3, "35": 4, "26": 2, "24": 3, "31": 4, "47": 3, "27": 2, "38": 4, "41": 2, "28": 3, "29": 3, "43": 2, "32": 3, "40": 3, "42": 3, "33": 3, "25": 3, "37": 3, "30": 1, "23": 2, "39": 2, "46": 2, "48": 2, "34": 1, "49": 1, "50": 1}, "10": {"21": 5, "total_commits": 182, "11": 5, "17": 4, "12": 3, "3": 6, "20": 5, "4": 5, "9": 4, "16": 5, "22": 2, "1": 7, "7": 6, "2": 6, "8": 4, "18": 7, "5": 4, "19": 6, "6": 4, "28": 5, "29": 5, "43": 4, "26": 4, "37": 4, "31": 5, "42": 4, "23": 2, "33": 4, "27": 4, "38": 4, "25": 4, "45": 3, "44": 2, "39": 2, "36": 6, "41": 4, "34": 1, "32": 4, "40": 4, "35": 6, "47": 5, "46": 2, "24": 4, "30": 2}, "6": {"4": 6, "total_commits": 164, "21": 9, "9": 5, "16": 5, "22": 4, "1": 6, "7": 6, "8": 6, "18": 5, "5": 6, "10": 4, "19": 6, "2": 7, "11": 5, "17": 4, "12": 4, "3": 6, "20": 5, "23": 3, "27": 2, "38": 3, "41": 2, "28": 3, "29": 3, "43": 2, "32": 3, "40": 3, "42": 3, "33": 3, "25": 3, "37": 3, "45": 2, "44": 1, "36": 3, "35": 3, "26": 2, "24": 3, "31": 3, "47": 3, "39": 2, "46": 2, "30": 1, "48": 1, "34": 1, "49": 1, "50": 1}, "4": {"16": 5, "total_commits": 177, "3": 6, "22": 3, "1": 10, "7": 8, "21": 5, "20": 5, "8": 5, "9": 5, "2": 8, "17": 3, "18": 6, "5": 5, "12": 3, "10": 5, "19": 6, "6": 6, "11": 4, "23": 2, "29": 5, "30": 5, "32": 5, "47": 5, "27": 3, "38": 5, "40": 3, "41": 3, "28": 3, "42": 3, "33": 3, "44": 1, "25": 3, "26": 3, "24": 3, "31": 3, "37": 2, "45": 2, "43": 3, "36": 4, "35": 4, "46": 1, "39": 1, "51": 3, "48": 1}, "18": {"8": 4, "total_commits": 239, "4": 6, "21": 7, "9": 4, "22": 4, "2": 8, "17": 7, "5": 5, "10": 7, "19": 15, "6": 5, "11": 4, "12": 4, "16": 4, "3": 6, "1": 8, "7": 7, "20": 17, "23": 4, "30": 4, "27": 5, "38": 7, "32": 5, "25": 5, "29": 6, "39": 3, "26": 5, "36": 6, "34": 2, "24": 4, "35": 6, "28": 6, "33": 5, "37": 8, "31": 6, "44": 2, "40": 4, "45": 3, "43": 4, "41": 4, "42": 4, "47": 5, "46": 4}, "5": {"4": 5, "total_commits": 165, "16": 5, "3": 7, "1": 6, "7": 5, "21": 9, "20": 5, "8": 6, "9": 5, "22": 5, "2": 6, "17": 5, "18": 5, "12": 4, "10": 4, "19": 5, "6": 6, "11": 5, "37": 3, "45": 2, "29": 3, "43": 2, "36": 3, "35": 3, "31": 3, "27": 2, "38": 5, "32": 3, "40": 3, "41": 2, "28": 3, "42": 3, "33": 3, "44": 1, "25": 3, "26": 2, "24": 3, "47": 3, "30": 1, "23": 2, "46": 2, "39": 2, "48": 2, "34": 1, "50": 1, "49": 1}, "1": {"11": 5, "total_commits": 225, "17": 5, "12": 4, "3": 8, "21": 9, "20": 7, "4": 10, "9": 5, "16": 6, "22": 4, "7": 6, "2": 8, "8": 6, "18": 8, "5": 6, "10": 7, "19": 7, "6": 6, "30": 6, "32": 6, "29": 7, "41": 4, "28": 6, "33": 5, "38": 8, "47": 6, "36": 5, "46": 3, "35": 5, "37": 4, "42": 4, "25": 4, "24": 4, "45": 2, "44": 1, "26": 3, "31": 5, "27": 3, "43": 3, "40": 4, "39": 2, "23": 2, "48": 1, "34": 1, "50": 1, "49": 1, "51": 2}, "17": {"21": 9, "total_commits": 154, "9": 3, "18": 7, "5": 5, "10": 4, "6": 4, "2": 5, "12": 4, "19": 5, "11": 4, "4": 3, "16": 4, "3": 5, "22": 3, "1": 5, "7": 3, "20": 7, "8": 4, "46": 3, "37": 4, "47": 3, "38": 5, "32": 3, "40": 3, "28": 5, "42": 3, "33": 3, "44": 1, "25": 3, "26": 2, "24": 3, "31": 4, "27": 2, "41": 2, "45": 2, "29": 4, "43": 2, "36": 2, "35": 2, "39": 2, "23": 2, "30": 1, "34": 1, "50": 1, "49": 1, "48": 1}, "9": {"18": 4, "total_commits": 123, "5": 5, "10": 4, "21": 5, "19": 4, "6": 5, "11": 4, "17": 3, "12": 3, "3": 5, "1": 5, "20": 3, "4": 5, "16": 4, "22": 3, "7": 5, "2": 5, "8": 5, "32": 2, "40": 2, "42": 2, "33": 2, "25": 2, "37": 2, "45": 2, "44": 1, "36": 3, "35": 3, "26": 2, "24": 2, "31": 2, "47": 3, "27": 2, "38": 2, "41": 2, "28": 2, "29": 2, "43": 2, "39": 1, "46": 1, "30": 1, "23": 1}, "7": {"8": 5, "total_commits": 185, "18": 7, "5": 5, "10": 6, "21": 5, "19": 7, "6": 6, "2": 8, "11": 5, "17": 3, "12": 3, "3": 6, "20": 5, "4": 8, "9": 5, "16": 5, "22": 3, "1": 6, "23": 3, "45": 3, "44": 2, "39": 2, "36": 5, "41": 4, "34": 1, "32": 4, "40": 4, "35": 5, "28": 4, "29": 4, "43": 4, "26": 4, "37": 3, "31": 4, "42": 4, "33": 4, "27": 4, "38": 4, "25": 4, "24": 3, "47": 4, "46": 1, "30": 2, "48": 1}, "23": {"19": 5, "total_commits": 167, "2": 4, "4": 2, "7": 3, "18": 4, "6": 3, "20": 4, "30": 2, "27": 3, "34": 3, "38": 9, "32": 5, "25": 4, "29": 4, "39": 11, "26": 3, "36": 3, "12": 3, "24": 3, "35": 3, "28": 5, "31": 5, "21": 6, "33": 4, "22": 10, "37": 4, "44": 1, "40": 3, "45": 2, "43": 2, "10": 2, "41": 2, "11": 4, "42": 3, "17": 2, "5": 2, "47": 1, "16": 2, "8": 2, "9": 1, "46": 2, "3": 2, "1": 2, "50": 1, "49": 3, "48": 3, "52": 2, "53": 2, "56": 2, "54": 2, "55": 2}, "25": {"29": 7, "total_commits": 203, "39": 4, "18": 5, "26": 6, "36": 5, "12": 5, "19": 6, "24": 6, "35": 5, "28": 7, "31": 7, "21": 7, "33": 7, "22": 3, "37": 5, "20": 5, "30": 4, "23": 4, "27": 6, "34": 3, "38": 6, "32": 7, "2": 5, "43": 5, "10": 4, "41": 5, "11": 4, "42": 6, "7": 4, "44": 3, "40": 6, "45": 4, "6": 3, "3": 4, "1": 4, "17": 3, "5": 3, "47": 3, "4": 3, "16": 4, "8": 3, "9": 2, "46": 2, "50": 1, "49": 1, "48": 1}, "26": {"30": 4, "total_commits": 169, "18": 5, "36": 5, "34": 2, "19": 5, "32": 6, "25": 6, "28": 6, "2": 4, "29": 6, "39": 3, "12": 4, "37": 4, "24": 5, "35": 5, "31": 6, "21": 3, "20": 4, "23": 3, "33": 6, "22": 2, "27": 6, "38": 5, "44": 3, "10": 4, "41": 5, "40": 5, "45": 4, "43": 5, "11": 3, "42": 5, "7": 4, "8": 2, "6": 2, "9": 2, "5": 2, "3": 3, "1": 3, "17": 2, "47": 3, "4": 3, "16": 3, "46": 1}, "36": {"33": 6, "total_commits": 188, "22": 2, "27": 5, "38": 7, "25": 5, "39": 3, "18": 6, "34": 3, "19": 6, "32": 6, "35": 8, "28": 7, "2": 5, "29": 5, "26": 5, "12": 3, "37": 5, "24": 4, "31": 8, "21": 3, "20": 5, "30": 3, "23": 3, "7": 5, "45": 3, "44": 2, "10": 6, "41": 4, "40": 4, "43": 4, "11": 4, "42": 5, "1": 5, "47": 5, "46": 2, "17": 2, "4": 4, "16": 4, "9": 3, "8": 3, "6": 3, "3": 4, "5": 3}, "29": {"33": 7, "total_commits": 230, "22": 3, "37": 5, "21": 7, "20": 6, "30": 7, "23": 4, "18": 6, "27": 6, "34": 3, "38": 7, "32": 11, "25": 7, "2": 6, "39": 4, "26": 6, "36": 5, "12": 5, "19": 6, "24": 6, "35": 5, "28": 10, "31": 10, "7": 4, "44": 3, "40": 6, "45": 4, "43": 5, "10": 5, "41": 5, "11": 4, "42": 6, "1": 7, "4": 5, "8": 3, "6": 3, "9": 2, "5": 3, "3": 5, "17": 4, "47": 3, "16": 5, "46": 2, "48": 1, "50": 1, "49": 1, "51": 1}, "34": {"39": 3, "total_commits": 88, "18": 2, "26": 2, "36": 3, "12": 2, "19": 4, "24": 2, "35": 2, "28": 4, "31": 4, "21": 6, "33": 4, "22": 2, "37": 3, "20": 2, "30": 1, "23": 3, "27": 2, "38": 3, "32": 3, "25": 3, "2": 2, "29": 3, "10": 1, "41": 1, "11": 2, "42": 2, "7": 1, "44": 1, "40": 2, "45": 1, "43": 1, "17": 1, "50": 1, "49": 1, "16": 1, "3": 1, "48": 1, "1": 1, "8": 1, "5": 1, "46": 1, "6": 1}, "38": {"12": 4, "total_commits": 260, "33": 9, "37": 5, "31": 8, "21": 7, "20": 7, "30": 6, "23": 9, "22": 8, "27": 5, "32": 8, "25": 6, "2": 5, "39": 9, "18": 7, "26": 5, "36": 7, "34": 3, "19": 6, "24": 5, "35": 7, "28": 9, "29": 7, "7": 4, "44": 2, "40": 7, "45": 3, "10": 4, "41": 5, "43": 4, "11": 4, "42": 8, "1": 8, "3": 4, "17": 5, "5": 5, "16": 4, "47": 3, "8": 4, "4": 5, "9": 2, "6": 3, "46": 2, "48": 5, "49": 4, "50": 1, "51": 2, "52": 2, "56": 2, "54": 2, "53": 2, "55": 2}, "33": {"21": 7, "total_commits": 218, "20": 5, "30": 4, "23": 4, "18": 5, "27": 6, "34": 4, "38": 9, "32": 7, "25": 7, "2": 5, "29": 7, "39": 4, "26": 6, "36": 6, "12": 5, "19": 6, "24": 6, "35": 5, "28": 9, "31": 8, "22": 3, "37": 5, "44": 3, "41": 6, "40": 8, "45": 4, "43": 5, "10": 4, "11": 4, "42": 8, "7": 4, "1": 5, "8": 3, "6": 3, "9": 2, "5": 3, "3": 4, "17": 3, "47": 3, "4": 3, "16": 4, "46": 2, "50": 1, "49": 1, "48": 1, "55": 1}, "35": {"29": 5, "total_commits": 184, "39": 3, "26": 5, "36": 8, "12": 3, "19": 6, "24": 4, "28": 5, "31": 6, "21": 3, "33": 5, "22": 2, "37": 5, "20": 5, "30": 3, "23": 3, "18": 6, "27": 5, "34": 2, "38": 7, "32": 6, "25": 5, "2": 5, "43": 4, "10": 6, "41": 4, "11": 4, "42": 5, "7": 5, "44": 2, "40": 4, "45": 3, "1": 5, "47": 5, "46": 2, "17": 2, "4": 4, "16": 4, "8": 4, "6": 3, "9": 3, "5": 3, "3": 4, "48": 1}, "24": {"31": 6, "total_commits": 179, "21": 7, "33": 6, "22": 3, "37": 4, "20": 5, "30": 4, "23": 3, "18": 4, "27": 5, "34": 2, "38": 5, "32": 6, "25": 6, "2": 5, "29": 6, "39": 3, "26": 5, "36": 4, "12": 5, "19": 5, "35": 4, "28": 6, "47": 3, "4": 3, "16": 4, "45": 3, "43": 4, "8": 3, "40": 5, "6": 3, "41": 4, "11": 3, "42": 5, "9": 2, "5": 3, "3": 4, "1": 4, "7": 3, "44": 2, "17": 3, "10": 4, "46": 2, "49": 1, "48": 1, "50": 1}, "31": {"22": 4, "total_commits": 236, "27": 6, "34": 4, "38": 8, "32": 9, "25": 7, "2": 6, "29": 10, "39": 5, "18": 6, "26": 6, "36": 8, "12": 5, "19": 6, "24": 6, "35": 6, "28": 12, "21": 7, "33": 8, "37": 5, "20": 5, "30": 5, "23": 5, "40": 6, "45": 4, "43": 5, "10": 5, "41": 6, "11": 5, "42": 6, "7": 4, "44": 3, "8": 4, "9": 2, "6": 3, "3": 5, "1": 5, "17": 4, "5": 3, "47": 3, "4": 3, "16": 5, "46": 2, "48": 2, "50": 1, "49": 1}, "30": {"24": 4, "total_commits": 135, "35": 3, "31": 5, "21": 2, "20": 4, "23": 2, "33": 4, "22": 2, "27": 4, "38": 6, "18": 4, "36": 3, "34": 1, "19": 3, "32": 8, "25": 4, "28": 6, "2": 3, "29": 7, "39": 2, "26": 4, "12": 3, "37": 2, "1": 6, "4": 5, "44": 1, "43": 3, "41": 3, "40": 3, "42": 3, "45": 2, "8": 1, "6": 1, "3": 2, "11": 1, "9": 1, "5": 1, "10": 2, "46": 1, "7": 2, "17": 1, "47": 2, "16": 2, "50": 2, "51": 3, "59": 1}, "39": {"30": 2, "total_commits": 160, "23": 11, "22": 10, "27": 3, "38": 9, "25": 4, "2": 3, "18": 3, "36": 3, "34": 3, "19": 4, "32": 5, "24": 3, "35": 3, "28": 5, "21": 6, "29": 4, "26": 3, "12": 3, "33": 4, "37": 4, "31": 5, "20": 3, "42": 3, "40": 3, "45": 2, "44": 1, "10": 2, "41": 2, "43": 2, "11": 4, "7": 2, "4": 1, "16": 2, "9": 1, "8": 2, "6": 2, "3": 2, "1": 2, "5": 2, "46": 2, "17": 2, "47": 1, "50": 1, "49": 3, "48": 3, "52": 2, "56": 2, "54": 2, "53": 2, "55": 2}, "37": {"29": 5, "total_commits": 185, "39": 4, "26": 4, "36": 5, "12": 4, "24": 4, "35": 5, "28": 5, "31": 5, "21": 7, "23": 4, "33": 5, "22": 3, "27": 4, "20": 8, "30": 2, "18": 8, "34": 3, "19": 9, "38": 5, "32": 5, "25": 5, "2": 4, "43": 3, "11": 4, "42": 4, "7": 3, "44": 2, "10": 4, "41": 3, "40": 4, "45": 3, "3": 4, "1": 4, "47": 4, "46": 5, "17": 4, "4": 2, "16": 3, "8": 3, "6": 3, "9": 2, "5": 3, "49": 3, "50": 1, "48": 1}, "28": {"39": 5, "total_commits": 246, "18": 6, "26": 6, "36": 7, "34": 4, "19": 6, "24": 6, "35": 5, "21": 7, "29": 10, "12": 6, "33": 9, "37": 5, "31": 12, "20": 7, "30": 6, "23": 5, "22": 4, "27": 6, "38": 9, "32": 12, "25": 7, "2": 6, "10": 5, "41": 6, "43": 5, "11": 5, "42": 6, "7": 4, "44": 3, "40": 6, "45": 4, "1": 6, "46": 3, "17": 5, "5": 3, "16": 4, "47": 3, "8": 3, "4": 3, "9": 2, "6": 3, "3": 5, "51": 2, "50": 2, "49": 1, "48": 1}, "32": {"31": 9, "total_commits": 237, "21": 7, "20": 6, "30": 8, "23": 5, "22": 4, "27": 6, "38": 8, "25": 7, "2": 5, "29": 11, "39": 5, "18": 5, "26": 6, "36": 6, "34": 3, "19": 6, "24": 6, "35": 6, "28": 12, "12": 5, "33": 7, "37": 5, "7": 4, "44": 3, "40": 6, "45": 4, "10": 4, "41": 5, "43": 5, "11": 5, "42": 7, "1": 6, "4": 5, "8": 3, "9": 2, "6": 3, "3": 4, "17": 3, "5": 3, "47": 3, "16": 4, "46": 2, "51": 4, "50": 2, "49": 1, "48": 1}, "27": {"30": 4, "total_commits": 169, "23": 3, "33": 6, "22": 2, "38": 5, "21": 3, "18": 5, "36": 5, "34": 2, "19": 5, "32": 6, "25": 6, "28": 6, "2": 4, "29": 6, "39": 3, "26": 6, "12": 4, "37": 4, "24": 5, "35": 5, "31": 6, "20": 4, "11": 3, "42": 5, "7": 4, "44": 3, "10": 4, "41": 5, "40": 5, "45": 4, "43": 5, "8": 2, "6": 2, "3": 3, "9": 2, "5": 2, "1": 3, "17": 2, "47": 3, "4": 3, "16": 3, "46": 1}, "43": {"36": 4, "total_commits": 145, "10": 4, "41": 5, "34": 1, "19": 4, "32": 5, "40": 5, "25": 5, "28": 5, "45": 4, "29": 5, "39": 2, "26": 5, "37": 3, "35": 4, "31": 5, "11": 3, "42": 5, "23": 2, "33": 5, "27": 5, "38": 4, "7": 4, "44": 3, "18": 4, "6": 2, "3": 3, "9": 2, "5": 2, "1": 3, "21": 1, "17": 2, "12": 3, "24": 4, "20": 3, "47": 3, "4": 3, "16": 3, "2": 3, "8": 2, "30": 3, "46": 1, "22": 1}, "42": {"38": 8, "total_commits": 189, "32": 7, "40": 8, "25": 6, "45": 4, "29": 6, "43": 5, "39": 3, "18": 4, "26": 5, "36": 5, "10": 4, "41": 5, "19": 5, "35": 5, "28": 6, "31": 6, "11": 4, "33": 8, "37": 4, "7": 4, "44": 3, "23": 3, "27": 5, "34": 2, "2": 4, "20": 4, "8": 3, "6": 3, "9": 2, "5": 3, "3": 4, "1": 4, "21": 5, "17": 3, "12": 4, "24": 5, "47": 3, "4": 3, "16": 4, "30": 3, "46": 2, "22": 2, "50": 1, "49": 1, "48": 1}, "45": {"38": 3, "total_commits": 118, "7": 3, "40": 4, "25": 4, "44": 3, "39": 2, "18": 3, "36": 3, "10": 3, "41": 4, "34": 1, "19": 3, "32": 4, "35": 3, "28": 4, "29": 4, "43": 4, "11": 3, "26": 4, "33": 4, "37": 3, "31": 4, "42": 4, "23": 2, "27": 4, "9": 2, "8": 2, "6": 2, "3": 2, "1": 2, "21": 1, "5": 2, "24": 3, "2": 2, "17": 2, "12": 3, "20": 2, "47": 2, "4": 2, "16": 2, "30": 2, "46": 1, "22": 1}, "40": {"23": 3, "total_commits": 185, "27": 5, "34": 2, "38": 7, "32": 6, "25": 6, "45": 4, "29": 6, "43": 5, "39": 3, "18": 4, "26": 5, "36": 4, "10": 4, "41": 5, "19": 5, "35": 4, "28": 6, "11": 4, "42": 8, "33": 8, "37": 4, "7": 4, "31": 6, "44": 3, "2": 4, "20": 4, "8": 3, "9": 2, "6": 3, "3": 4, "1": 4, "21": 5, "17": 3, "5": 3, "12": 4, "24": 5, "47": 3, "4": 3, "16": 4, "30": 3, "22": 2, "46": 2, "50": 1, "49": 1, "48": 1}, "44": {"11": 2, "total_commits": 78, "42": 3, "33": 3, "37": 2, "7": 2, "23": 1, "27": 3, "34": 1, "38": 2, "32": 3, "40": 3, "25": 3, "45": 3, "29": 3, "43": 3, "39": 1, "18": 2, "26": 3, "36": 2, "10": 2, "41": 3, "19": 2, "35": 2, "28": 3, "31": 3, "47": 1, "4": 1, "16": 1, "2": 1, "20": 1, "8": 1, "9": 1, "6": 1, "3": 1, "1": 1, "21": 1, "17": 1, "5": 1, "12": 2, "24": 2, "30": 1}, "41": {"42": 5, "total_commits": 150, "23": 2, "33": 6, "27": 5, "38": 5, "7": 4, "25": 5, "45": 4, "44": 3, "39": 2, "18": 4, "36": 4, "10": 4, "34": 1, "19": 4, "32": 5, "40": 5, "35": 4, "28": 6, "29": 5, "43": 5, "11": 3, "26": 5, "37": 3, "31": 6, "1": 4, "9": 2, "8": 2, "6": 2, "3": 3, "21": 1, "5": 2, "17": 2, "12": 3, "24": 4, "20": 3, "47": 3, "4": 3, "16": 3, "2": 3, "30": 3, "46": 1, "22": 1}, "46": {"20": 6, "total_commits": 95, "28": 3, "47": 3, "36": 2, "10": 2, "19": 5, "35": 2, "37": 5, "1": 3, "18": 4, "17": 3, "27": 1, "38": 2, "32": 2, "40": 2, "6": 2, "11": 2, "42": 2, "33": 2, "9": 1, "5": 2, "3": 2, "7": 1, "25": 2, "39": 2, "26": 1, "12": 2, "24": 2, "31": 2, "4": 1, "16": 2, "22": 2, "41": 1, "45": 1, "2": 2, "29": 2, "43": 1, "8": 2, "30": 1, "23": 2, "21": 4, "34": 1, "50": 1, "49": 1, "48": 1}, "47": {"4": 5, "total_commits": 135, "1": 6, "36": 5, "10": 5, "46": 3, "19": 5, "37": 4, "35": 5, "18": 5, "20": 5, "17": 3, "32": 3, "40": 3, "6": 3, "11": 3, "42": 3, "33": 3, "9": 3, "5": 3, "3": 4, "7": 4, "44": 1, "21": 1, "25": 3, "26": 3, "12": 2, "24": 3, "31": 3, "16": 4, "27": 3, "38": 3, "41": 3, "28": 3, "45": 2, "2": 4, "29": 3, "43": 3, "8": 3, "39": 1, "23": 1, "22": 1, "30": 2}, "48": {"35": 1, "total_commits": 63, "8": 2, "38": 5, "31": 2, "5": 2, "46": 1, "21": 4, "34": 1, "19": 1, "50": 1, "32": 1, "24": 1, "6": 1, "28": 1, "49": 3, "29": 1, "11": 1, "42": 1, "12": 1, "16": 1, "3": 1, "33": 1, "37": 1, "1": 1, "20": 1, "23": 3, "22": 3, "40": 1, "25": 1, "2": 2, "39": 3, "17": 1, "4": 1, "7": 1, "55": 2, "52": 2, "56": 2, "54": 2, "53": 2}, "49": {"37": 3, "total_commits": 71, "38": 4, "31": 1, "21": 4, "20": 1, "42": 1, "23": 3, "16": 1, "48": 3, "33": 1, "22": 3, "1": 1, "25": 1, "8": 1, "39": 3, "5": 1, "46": 1, "34": 1, "19": 1, "32": 1, "40": 1, "6": 1, "28": 1, "2": 1, "29": 1, "11": 1, "17": 1, "12": 1, "3": 1, "50": 1, "24": 1, "55": 4, "52": 5, "56": 5, "54": 5, "53": 5}, "51": {"30": 3, "total_commits": 18, "32": 4, "28": 2, "50": 1, "4": 3, "38": 2, "29": 1, "1": 2}, "50": {"30": 2, "total_commits": 40, "32": 2, "51": 1, "28": 2, "39": 1, "5": 1, "46": 1, "21": 4, "34": 1, "19": 1, "24": 1, "6": 1, "49": 1, "29": 1, "11": 1, "17": 1, "12": 1, "3": 1, "48": 1, "33": 1, "37": 1, "1": 1, "31": 1, "20": 1, "42": 1, "23": 1, "16": 1, "22": 1, "38": 1, "40": 1, "25": 1, "2": 1, "8": 1, "59": 1}, "55": {"56": 4, "total_commits": 31, "54": 4, "49": 4, "53": 4, "52": 4, "33": 1, "48": 2, "22": 2, "39": 2, "38": 2, "23": 2}, "56": {"52": 5, "total_commits": 34, "55": 4, "54": 5, "49": 5, "53": 5, "22": 2, "39": 2, "38": 2, "48": 2, "23": 2}, "53": {"52": 5, "total_commits": 34, "55": 4, "56": 5, "54": 5, "49": 5, "48": 2, "23": 2, "22": 2, "39": 2, "38": 2}, "52": {"55": 4, "total_commits": 34, "56": 5, "54": 5, "49": 5, "53": 5, "23": 2, "48": 2, "22": 2, "39": 2, "38": 2}, "54": {"49": 5, "total_commits": 34, "53": 5, "55": 4, "52": 5, "56": 5, "23": 2, "48": 2, "22": 2, "39": 2, "38": 2}, "59": {"30": 1, "total_commits": 2, "50": 1}}