{"PetController.initCreationForm": {"t": [{"id": 0, "a": [["W", 1], ["R", 2], ["R", 1], ["W", 2], ["W", 1], ["R", 2], ["R", 1], ["W", 2], ["W", 1], ["W", 1], ["W", 2]]}]}, "PetController.initUpdateForm": {"t": [{"id": 0, "a": [["R", 1]]}]}, "PetController.processCreationForm": {"t": [{"id": 0, "a": [["R", 1], ["R", 1], ["R", 1], ["R", 2], ["R", 1], ["W", 2], ["W", 1], ["R", 2], ["R", 1], ["R", 1], ["R", 1], ["R", 2], ["R", 1], ["W", 2], ["W", 1], ["R", 2], ["R", 1], ["W", 2], ["W", 1], ["W", 1], ["W", 2], ["W", 1]]}]}, "PetController.processUpdateForm": {"t": [{"id": 0, "a": [["R", 2], ["R", 1], ["W", 2], ["W", 1], ["R", 2], ["R", 1], ["W", 2], ["W", 1], ["W", 1], ["W", 2], ["W", 1]]}]}, "OwnerController.initUpdateOwnerForm": {"t": [{"id": 0, "a": [["R", 2], ["R", 2], ["R", 1], ["R", 2], ["R", 2]]}]}, "OwnerController.processCreationForm": {"t": [{"id": 0, "a": [["W", 2], ["R", 2]]}]}, "OwnerController.processFindForm": {"t": [{"id": 0, "a": [["R", 2], ["W", 2], ["R", 2], ["R", 2], ["R", 2], ["R", 1], ["R", 2], ["R", 2], ["R", 2]]}]}, "OwnerController.processUpdateOwnerForm": {"t": [{"id": 0, "a": [["W", 2], ["W", 2]]}]}, "OwnerController.showOwner": {"t": [{"id": 0, "a": [["R", 2], ["R", 2], ["R", 1], ["R", 2], ["R", 2]]}]}, "VetController.showResourcesVetList": {"t": [{"id": 0, "a": [["R", 3]]}]}, "VetController.showVetList": {"t": [{"id": 0, "a": [["R", 3]]}]}, "VisitController.processNewVisitForm": {"t": [{"id": 0, "a": [["W", 4]]}]}, "VisitController.showVisits": {"t": [{"id": 0, "a": [["R", 1], ["R", 1], ["R", 4], ["W", 1], ["W", 4], ["R", 1], ["R", 4]]}]}}