{"1": "StudentCandidacy", "2": "Person", "3": "FirstTimeCandidacyLog", "4": "FirstTimeCandidacyLogEntry", "5": "PrecedentDegreeInformation", "6": "PersonalIngressionData", "7": "Student", "8": "ExecutionSemester", "9": "ExecutionYear", "10": "Unit", "11": "PersonInformationLog", "12": "Party", "13": "PartySocialSecurityNumber", "14": "IdDocument", "15": "IdDocumentTypeObject", "16": "PersonIdentificationDocumentExtraInfo", "17": "IdentificationDocumentExtraDigit", "18": "IdentificationDocumentSeriesNumber", "19": "Country", "20": "DistrictSubdivision", "21": "District", "22": "PartyContact", "23": "PartyContactValidation", "24": "PhysicalAddress", "25": "PhysicalAddressValidation", "26": "ContactRoot", "27": "EmailAddress", "28": "Phone", "29": "WebAddress", "30": "MobilePhone", "31": "EmergencyContact", "32": "DegreeDesignation", "33": "Accountability", "34": "UnitName", "35": "UnitNamePart", "36": "UnitAcronym", "37": "UnitCostCenterCode", "38": "AdministrativeOffice", "39": "AccountabilityType", "40": "ExecutionDegree", "41": "RegistrationProtocol", "42": "DegreeCurricularPlan", "43": "Degree", "44": "Registration", "45": "ExternalRegistrationData", "46": "StudentNumber", "47": "RegistrationNumber", "48": "RegistrationState", "49": "StudentCurricularPlan", "50": "DegreeType", "51": "RootCurriculumGroup", "52": "CurriculumModule", "53": "CurriculumGroup", "54": "DegreeModule", "55": "CourseGroup", "56": "ProgramConclusion", "57": "PhdIndividualProgramProcess", "58": "PhdProgramProcessState", "59": "PhdProgramCandidacyProcess", "60": "PhdCandidacyProcessState", "61": "PhdCandidacyFeedbackRequestProcess", "62": "PhdCandidacyFeedbackState", "63": "PublicPresentationSeminarProcess", "64": "PublicPresentationSeminarState", "65": "PhdThesisProcess", "66": "PhdThesisProcessState", "67": "PhdMeetingSchedulingProcess", "68": "PhdMeetingSchedulingProcessState", "69": "Enrolment", "70": "CurriculumLine", "71": "CurricularCourse", "72": "CompetenceCourse", "73": "CompetenceCourseInformation", "74": "RegistrationStateLog", "75": "IngressionType", "76": "DegreeCurricularPlanEquivalencePlan", "77": "StudentDataShareAuthorization", "78": "StudentDataByExecutionYear", "79": "ResidenceCandidacies", "80": "AcademicCalendarEntry", "81": "RootCourseGroup", "82": "NoCourseGroupCurriculumGroup", "83": "Context", "84": "CycleCourseGroup", "85": "CurricularPeriod", "86": "CurricularRule", "87": "CompositeRule", "88": "DegreeModulesSelectionLimit", "89": "CompetenceCourseLoad", "90": "EvaluationConfiguration", "91": "EvaluationSeason", "92": "ExecutionCourse", "93": "Attends", "94": "CurricularCourseScope", "95": "Shift", "96": "CourseLoad", "97": "EnrolmentEvaluation", "98": "Thesis", "99": "CurriculumLineLog", "100": "RegistrationDataByExecutionYear", "101": "ShiftDistribution", "102": "ShiftDistributionEntry", "103": "CandidacySituation", "104": "Candidacy", "105": "Exam", "106": "Dismissal", "107": "Credits", "108": "RegistrationAcademicServiceRequest", "109": "AcademicServiceRequest", "110": "AcademicServiceRequestYear", "111": "AcademicServiceRequestSituation", "112": "CertificateRequest", "113": "EnrolmentCertificateRequest", "114": "ApprovementCertificateRequest", "115": "MobilityProgram", "116": "ConclusionProcess", "117": "ConclusionProcessVersion", "118": "EnrolmentWrapper", "119": "ExternalEnrolmentWrapper", "120": "ExternalEnrolment", "121": "InternalEnrolmentWrapper", "122": "ApprovementMobilityCertificateRequest", "123": "DegreeFinalizationCertificateRequest", "124": "DiplomaRequest", "125": "RegistryDiplomaRequest", "126": "AcademicServiceRequestEvent", "127": "Event", "128": "WrittenEvaluation", "129": "ExamDateCertificateRequest", "130": "CourseLoadRequest", "131": "ExternalCourseLoadRequest", "132": "ProgramCertificateRequest", "133": "ExternalProgramCertificateRequest", "134": "ExtraCurricularCertificateRequest", "135": "StandaloneEnrolmentCertificateRequest", "136": "IndividualCandidacy", "137": "IndividualCandidacyProcess", "138": "CandidacyProcess", "139": "CandidacyProcessCandidacyPeriod", "140": "ExecutionInterval", "141": "DeclarationRequest", "142": "IRSDeclarationRequest", "143": "AcademicEvent", "144": "ResidenceEvent", "145": "ResidenceMonth", "146": "ResidenceYear", "147": "ResidenceManagementUnit", "148": "UnitServiceAgreementTemplate", "149": "ServiceAgreementTemplate", "150": "PostingRule", "151": "AdministrativeOfficeServiceAgreementTemplate", "152": "ExternalScholarshipGratuityContributionEvent", "153": "ExternalScholarshipPhdGratuityContribuitionEvent", "154": "AccountingEventPaymentCode", "155": "ExternalScholarshipGratuityExemption", "156": "PhdGratuityExternalScholarshipExemption", "157": "PhdGratuityEvent", "158": "PhdGratuityPR", "159": "PhdGratuityPriceQuirk", "160": "PhdAcademicServiceRequest", "161": "DiplomaSupplementRequest", "162": "PastDiplomaRequest", "163": "PastDegreeDiplomaRequestEvent", "164": "PaymentMethod", "165": "Account", "166": "PhdProgram", "167": "PhdProgramUnit", "168": "Exemption", "169": "InstallmentPenaltyExemption", "170": "Installment", "171": "PenaltyExemption", "172": "Refund", "173": "AccountingTransaction", "174": "Entry", "175": "AccountingTransactionDetail", "176": "ExemptionJustification", "177": "AdministrativeOfficeFeeAndInsuranceExemptionJustification", "178": "EventExemptionJustification", "179": "InsuranceExemptionJustification", "180": "PenaltyExemptionJustification", "181": "SecondCycleIndividualCandidacyExemptionJustification", "182": "ExternalScholarshipGratuityExemptionJustification", "183": "GratuityExemptionJustification", "184": "AcademicEventExemptionJustification", "185": "PhdEventExemptionJustification", "186": "AcademicEventExemption", "187": "AdministrativeOfficeFeeAndInsuranceExemption", "188": "AdministrativeOfficeFeeAndInsuranceEvent", "189": "AdministrativeOfficeFeeEvent", "190": "GratuityEvent", "191": "DegreeCurricularPlanServiceAgreementTemplate", "192": "AnnualEvent", "193": "AdministrativeOfficeFeeAndInsurancePR", "194": "AdministrativeOfficeFeePR", "195": "PastAdministrativeOfficeFeeAndInsuranceEvent", "196": "AdministrativeOfficeFeeExemption", "197": "EventExemption", "198": "InsuranceExemption", "199": "InsurancePR", "200": "PhdEventExemption", "201": "Discount", "202": "FixedAmountPenaltyExemption", "203": "EnrolmentPeriod", "204": "EquivalencePlanRequest", "205": "EquivalencePlanRevisionRequest", "206": "CourseGroupChangeRequest", "207": "StudentStatute", "208": "StatuteType", "209": "ExtraExamRequest", "210": "FreeSolicitationAcademicRequest", "211": "SpecialSeasonRequest", "212": "PhotocopyRequest", "213": "DuplicateRequest", "214": "EquivalencePlanEntry", "215": "EquivalencePlan", "216": "Evaluation", "217": "DocumentRequestGeneratedDocument", "218": "GeneratedDocument", "219": "DocumentRequest", "220": "AccessRuleSystem", "221": "AccessRule", "222": "AcademicAccessRule", "223": "AcademicProgram", "224": "EmailValidation", "225": "PhysicalAddressValidationFile", "226": "AlumniIdentityCheckRequest", "227": "Alumni", "228": "AcademicCalendarRootEntry", "229": "EctsTableIndex", "230": "EctsConversionTable", "231": "EctsCompetenceCourseConversionTable", "232": "CompetenceCourseGroupUnit", "233": "CurricularYear", "234": "EctsDegreeByCurricularYearConversionTable", "235": "DegreeInfo", "236": "EctsInstitutionByCurricularYearConversionTable", "237": "EctsDegreeGraduationGradeConversionTable", "238": "EctsCycleGraduationGradeConversionTable", "239": "EctsCurricularYearConversionTable", "240": "EctsInstitutionConversionTable", "241": "EctsGraduationGradeConversionTable", "242": "CoordinationTeamLog", "243": "Coordinator", "244": "CoordinatorLog", "245": "PartialRegistrationRegimeRequestPR", "246": "DFACandidacy", "247": "DegreeClassification", "248": "EventPaymentCodeEntry", "249": "EventPaymentCode", "250": "SibsTransactionDetail", "251": "PaymentCodePool", "252": "PaymentCode", "253": "ScientificCommission", "254": "CurricularSemester", "255": "Department", "256": "PersistentTeacherGroup", "257": "DepartmentUnit", "258": "RegistrationProtocolLog", "259": "InterestRate", "260": "InterestRateLog", "261": "FinalEvaluation", "262": "ExecutionCourseForum", "263": "Forum", "264": "Professorship", "265": "ProfessorshipPermissions", "266": "BibliographicReference", "267": "CurricularManagementLog", "268": "EvaluationMethod", "269": "ContentManagementLog", "270": "ExportGrouping", "271": "Grouping", "272": "StudentGroup", "273": "GroupsAndShiftsManagementLog", "274": "ProjectSubmission", "275": "PersistentStudentGroupGroup", "276": "PersistentGroupingGroup", "277": "ShiftGroupingProperties", "278": "Project", "279": "PersistentProjectDepartmentGroup", "280": "EvaluationManagementLog", "281": "Mark", "282": "Lesson", "283": "LessonSpaceOccupation", "284": "LessonInstance", "285": "OccupationPeriod", "286": "LessonInstanceSpaceOccupation", "287": "SibsPaymentFileProcessReport", "288": "PublicCandidacyHashCode", "289": "DegreeOfficePublicCandidacyHashCode", "290": "IndividualCandidacyPersonalDetails", "291": "PhdCandidacyReferee", "292": "PhdProgramPublicCandidacyHashCode", "293": "UserPrivateKey", "294": "Summary", "295": "WrittenEvaluationEnrolment", "296": "WrittenEvaluationSpaceOccupation", "297": "WrittenTest", "298": "ExtraCurricularActivityType", "299": "ExtraCurricularActivity", "300": "ProfessorshipManagementLog", "301": "LessonPlanning", "302": "WeeklyWorkLoad", "303": "ProjectSubmissionLog", "304": "ForumSubscription", "305": "ConversationThread", "306": "ConversationMessage", "307": "ExecutionCourseLog", "308": "DomainOperationLog", "309": "NonAffiliatedTeacher", "310": "PersistentStudentGroup", "311": "PersistentSpecialCriteriaOverExecutionCourseGroup", "312": "RectorateSubmissionBatch", "313": "RegistryCode", "314": "PersonAccount", "315": "Transaction", "316": "Guide", "317": "Receipt", "318": "StudentRegistrationTransferLog", "319": "GratuitySituation", "320": "ThesisEvaluationParticipant", "321": "ThesisEvaluationExternalParticipant", "322": "NotNeedToEnrollInCurricularCourse", "323": "MarkSheet", "324": "ImprovementOfApprovedEnrolmentEvent", "325": "PaymentCodeMapping", "326": "CreditNote", "327": "EnrolmentEvaluationEvent", "328": "EnrolmentGratuityEvent", "329": "DismissalLog", "330": "Branch", "331": "OccupationPeriodReference", "332": "Photograph", "333": "PictureOriginal", "334": "CandidacySummaryFile", "335": "Picture", "336": "PaymentPlan", "337": "AdmittedCandidacySituation", "338": "CandidacyDocument", "339": "DFACandidacyEvent", "340": "ServiceAgreement", "341": "RegisteredCandidacySituation", "342": "EnrolmentGratuityPR", "343": "RegistrationRegime", "344": "GratuityEventWithPaymentPlan", "345": "ServiceAgreementTemplatePaymentPlan", "346": "InsuranceEvent", "347": "Qualification", "348": "StudentCurricularPlanEquivalencePlan", "349": "OutboundMobilityCandidacyPeriod", "350": "OutboundMobilityCandidacyPeriodConfirmationOption", "351": "OutboundMobilityCandidacyContestGroup", "352": "CandidacyPeriod", "353": "MobilityAgreement", "354": "UniversityUnit", "355": "OutboundMobilityCandidacyContest", "356": "OutboundMobilityCandidacy", "357": "OutboundMobilityCandidacySubmission", "358": "OutboundMobilityCandidacySubmissionGrade", "359": "Teacher", "360": "ScientificCommissionLog", "361": "CreditsLimit", "362": "DegreeOfficialPublication", "363": "DegreeSpecializationArea", "364": "Senior", "365": "QueueJob", "366": "Holiday", "367": "Locality", "368": "IndividualCandidacyDocumentFile", "369": "PhdProgramInformation", "370": "InstitutionRegistryCodeGenerator", "371": "ErasmusCandidacyProcessReport", "372": "MobilityApplicationProcess", "373": "CompetenceCourseExtraInformation", "374": "CompetenceCourseInformationChangeRequest", "375": "CompetenceCourseExtraInformationChangeRequest", "376": "EnrolmentInstructions", "377": "PaymentMethodLog", "378": "SchoolClass", "379": "PhdCandidacyPeriod", "380": "PhdProgramFocusArea", "381": "PhdNotification", "382": "PhdStudyPlan", "383": "PHDProgramCandidacy", "384": "PhdConfigurationIndividualProgramProcess", "385": "PhdAlert", "386": "PhdIndividualProgramProcessNumber", "387": "PhdParticipant", "388": "InternalPhdParticipant", "389": "Alert", "390": "PhdRegistrationFee", "391": "PhdProgramProcessDocument", "392": "PhdProgramProcess", "393": "PhdRegistrationFormalizationAlert", "394": "PhdProcessState", "395": "PhdConclusionProcess", "396": "CancelledCandidacySituation", "397": "PhdCustomAlert", "398": "Installation", "399": "ExternalPhdParticipant", "400": "PhdGuiderAcceptanceLetter", "401": "Job", "402": "BusinessArea", "403": "InternalPhdStudyPlanEntry", "404": "PhdStudyPlanEntry", "405": "ExternalPhdStudyPlanEntry", "406": "PhdProgramCandidacyEvent", "407": "ExternalPhdProgram", "408": "ThesisSubjectOrder", "409": "ThesisSubject", "410": "PhdCandidacyRefereeLetter", "411": "PhdCandidacyRefereeAlert", "412": "PhdEmail", "413": "PhdIndividualProgramProcessEmail", "414": "ThesisJuryElement", "415": "PhdThesisReportFeedbackDocument", "416": "PhdReporterReviewAlert", "417": "PhdMeeting", "418": "PhdMeetingMinutesDocument", "419": "ProcessLog", "420": "Process", "421": "TeacherAuthorization", "422": "TeacherCategory", "423": "OptionalEnrolment", "424": "OptionalCurricularCourse", "425": "OptionalEnrolmentLog", "426": "GenericApplicationPeriod", "427": "GenericApplication", "428": "GenericApplicationFile", "429": "GenericApplicationRecomentation", "430": "GenericApplicationLetterOfRecomentation", "431": "PartyType", "432": "EmptyDegree", "433": "EmptyDegreeCurricularPlan", "434": "ScientificAreaUnit", "435": "SeniorStatute", "436": "ExternalScholarshipGratuityContributionPR", "437": "ExternalScholarshipPhdGratuityContribuitionPR", "438": "GenericSingleEntryTypePR", "439": "StandaloneEnrolmentGratuityPR", "440": "DFAGratuityPR", "441": "DFAGratuityByAmountPerEctsPR", "442": "PartialRegimePR", "443": "SpecializationDegreeGratuityPR", "444": "SpecializationDegreeGratuityByAmountPerEctsPR", "445": "InstallmentWithMonthlyPenalty", "446": "PartialRegimeInstallment", "447": "InstallmentForFirstTimeStudents", "448": "CurricularCourseEquivalence", "449": "EventReportQueueJob", "450": "DfaRegistrationEvent", "451": "EnrolmentOutOfPeriodEvent", "452": "ThesisFile", "453": "InstitutionPhdCandidacyPeriod", "454": "CandidacyDocumentFile", "455": "NotRule", "456": "CerimonyInquiryAnswer", "457": "CerimonyInquiry", "458": "CerimonyInquiryPerson", "459": "PersistentCerimonyInquiryGroup", "460": "GratuityValues", "461": "GratuityReportQueueJob", "462": "DepartmentForum", "463": "ExternalCurricularCourse", "464": "DegreeUnit", "465": "PlanetUnit", "466": "CountryUnit", "467": "SchoolUnit", "468": "AcademicalInstitutionUnit", "469": "QueueJobWithFile", "470": "QueueJobResultFile", "471": "DegreeLog", "472": "AlumniReportFile", "473": "AffinityCycleCourseGroupLog", "474": "ProjectSubmissionFile", "475": "GratuitySituationPaymentCode", "476": "GratuityTransaction", "477": "GuideEntry", "478": "PaymentTransaction", "479": "ReimbursementGuideEntry", "480": "ReimbursementGuide", "481": "ReimbursementGuideSituation", "482": "MasterDegreeInsurancePaymentCode", "483": "InsuranceTransaction", "484": "MobilityIndividualApplication", "485": "MobilityStudentData", "486": "MobilityQuota", "487": "BranchCourseGroup"}