{"StudentCandidacy": 1, "Person": 2, "FirstTimeCandidacyLog": 3, "FirstTimeCandidacyLogEntry": 4, "PrecedentDegreeInformation": 5, "PersonalIngressionData": 6, "Student": 7, "ExecutionSemester": 8, "ExecutionYear": 9, "Unit": 10, "PersonInformationLog": 11, "Party": 12, "PartySocialSecurityNumber": 13, "IdDocument": 14, "IdDocumentTypeObject": 15, "PersonIdentificationDocumentExtraInfo": 16, "IdentificationDocumentExtraDigit": 17, "IdentificationDocumentSeriesNumber": 18, "Country": 19, "DistrictSubdivision": 20, "District": 21, "PartyContact": 22, "PartyContactValidation": 23, "PhysicalAddress": 24, "PhysicalAddressValidation": 25, "ContactRoot": 26, "EmailAddress": 27, "Phone": 28, "WebAddress": 29, "MobilePhone": 30, "EmergencyContact": 31, "DegreeDesignation": 32, "Accountability": 33, "UnitName": 34, "UnitNamePart": 35, "UnitAcronym": 36, "UnitCostCenterCode": 37, "AdministrativeOffice": 38, "AccountabilityType": 39, "ExecutionDegree": 40, "RegistrationProtocol": 41, "DegreeCurricularPlan": 42, "Degree": 43, "Registration": 44, "ExternalRegistrationData": 45, "StudentNumber": 46, "RegistrationNumber": 47, "RegistrationState": 48, "StudentCurricularPlan": 49, "DegreeType": 50, "RootCurriculumGroup": 51, "CurriculumModule": 52, "CurriculumGroup": 53, "DegreeModule": 54, "CourseGroup": 55, "ProgramConclusion": 56, "PhdIndividualProgramProcess": 57, "PhdProgramProcessState": 58, "PhdProgramCandidacyProcess": 59, "PhdCandidacyProcessState": 60, "PhdCandidacyFeedbackRequestProcess": 61, "PhdCandidacyFeedbackState": 62, "PublicPresentationSeminarProcess": 63, "PublicPresentationSeminarState": 64, "PhdThesisProcess": 65, "PhdThesisProcessState": 66, "PhdMeetingSchedulingProcess": 67, "PhdMeetingSchedulingProcessState": 68, "Enrolment": 69, "CurriculumLine": 70, "CurricularCourse": 71, "CompetenceCourse": 72, "CompetenceCourseInformation": 73, "RegistrationStateLog": 74, "IngressionType": 75, "DegreeCurricularPlanEquivalencePlan": 76, "StudentDataShareAuthorization": 77, "StudentDataByExecutionYear": 78, "ResidenceCandidacies": 79, "AcademicCalendarEntry": 80, "RootCourseGroup": 81, "NoCourseGroupCurriculumGroup": 82, "Context": 83, "CycleCourseGroup": 84, "CurricularPeriod": 85, "CurricularRule": 86, "CompositeRule": 87, "DegreeModulesSelectionLimit": 88, "CompetenceCourseLoad": 89, "EvaluationConfiguration": 90, "EvaluationSeason": 91, "ExecutionCourse": 92, "Attends": 93, "CurricularCourseScope": 94, "Shift": 95, "CourseLoad": 96, "EnrolmentEvaluation": 97, "Thesis": 98, "CurriculumLineLog": 99, "RegistrationDataByExecutionYear": 100, "ShiftDistribution": 101, "ShiftDistributionEntry": 102, "CandidacySituation": 103, "Candidacy": 104, "Exam": 105, "Dismissal": 106, "Credits": 107, "RegistrationAcademicServiceRequest": 108, "AcademicServiceRequest": 109, "AcademicServiceRequestYear": 110, "AcademicServiceRequestSituation": 111, "CertificateRequest": 112, "EnrolmentCertificateRequest": 113, "ApprovementCertificateRequest": 114, "MobilityProgram": 115, "ConclusionProcess": 116, "ConclusionProcessVersion": 117, "EnrolmentWrapper": 118, "ExternalEnrolmentWrapper": 119, "ExternalEnrolment": 120, "InternalEnrolmentWrapper": 121, "ApprovementMobilityCertificateRequest": 122, "DegreeFinalizationCertificateRequest": 123, "DiplomaRequest": 124, "RegistryDiplomaRequest": 125, "AcademicServiceRequestEvent": 126, "Event": 127, "WrittenEvaluation": 128, "ExamDateCertificateRequest": 129, "CourseLoadRequest": 130, "ExternalCourseLoadRequest": 131, "ProgramCertificateRequest": 132, "ExternalProgramCertificateRequest": 133, "ExtraCurricularCertificateRequest": 134, "StandaloneEnrolmentCertificateRequest": 135, "IndividualCandidacy": 136, "IndividualCandidacyProcess": 137, "CandidacyProcess": 138, "CandidacyProcessCandidacyPeriod": 139, "ExecutionInterval": 140, "DeclarationRequest": 141, "IRSDeclarationRequest": 142, "AcademicEvent": 143, "ResidenceEvent": 144, "ResidenceMonth": 145, "ResidenceYear": 146, "ResidenceManagementUnit": 147, "UnitServiceAgreementTemplate": 148, "ServiceAgreementTemplate": 149, "PostingRule": 150, "AdministrativeOfficeServiceAgreementTemplate": 151, "ExternalScholarshipGratuityContributionEvent": 152, "ExternalScholarshipPhdGratuityContribuitionEvent": 153, "AccountingEventPaymentCode": 154, "ExternalScholarshipGratuityExemption": 155, "PhdGratuityExternalScholarshipExemption": 156, "PhdGratuityEvent": 157, "PhdGratuityPR": 158, "PhdGratuityPriceQuirk": 159, "PhdAcademicServiceRequest": 160, "DiplomaSupplementRequest": 161, "PastDiplomaRequest": 162, "PastDegreeDiplomaRequestEvent": 163, "PaymentMethod": 164, "Account": 165, "PhdProgram": 166, "PhdProgramUnit": 167, "Exemption": 168, "InstallmentPenaltyExemption": 169, "Installment": 170, "PenaltyExemption": 171, "Refund": 172, "AccountingTransaction": 173, "Entry": 174, "AccountingTransactionDetail": 175, "ExemptionJustification": 176, "AdministrativeOfficeFeeAndInsuranceExemptionJustification": 177, "EventExemptionJustification": 178, "InsuranceExemptionJustification": 179, "PenaltyExemptionJustification": 180, "SecondCycleIndividualCandidacyExemptionJustification": 181, "ExternalScholarshipGratuityExemptionJustification": 182, "GratuityExemptionJustification": 183, "AcademicEventExemptionJustification": 184, "PhdEventExemptionJustification": 185, "AcademicEventExemption": 186, "AdministrativeOfficeFeeAndInsuranceExemption": 187, "AdministrativeOfficeFeeAndInsuranceEvent": 188, "AdministrativeOfficeFeeEvent": 189, "GratuityEvent": 190, "DegreeCurricularPlanServiceAgreementTemplate": 191, "AnnualEvent": 192, "AdministrativeOfficeFeeAndInsurancePR": 193, "AdministrativeOfficeFeePR": 194, "PastAdministrativeOfficeFeeAndInsuranceEvent": 195, "AdministrativeOfficeFeeExemption": 196, "EventExemption": 197, "InsuranceExemption": 198, "InsurancePR": 199, "PhdEventExemption": 200, "Discount": 201, "FixedAmountPenaltyExemption": 202, "EnrolmentPeriod": 203, "EquivalencePlanRequest": 204, "EquivalencePlanRevisionRequest": 205, "CourseGroupChangeRequest": 206, "StudentStatute": 207, "StatuteType": 208, "ExtraExamRequest": 209, "FreeSolicitationAcademicRequest": 210, "SpecialSeasonRequest": 211, "PhotocopyRequest": 212, "DuplicateRequest": 213, "EquivalencePlanEntry": 214, "EquivalencePlan": 215, "Evaluation": 216, "DocumentRequestGeneratedDocument": 217, "GeneratedDocument": 218, "DocumentRequest": 219, "AccessRuleSystem": 220, "AccessRule": 221, "AcademicAccessRule": 222, "AcademicProgram": 223, "EmailValidation": 224, "PhysicalAddressValidationFile": 225, "AlumniIdentityCheckRequest": 226, "Alumni": 227, "AcademicCalendarRootEntry": 228, "EctsTableIndex": 229, "EctsConversionTable": 230, "EctsCompetenceCourseConversionTable": 231, "CompetenceCourseGroupUnit": 232, "CurricularYear": 233, "EctsDegreeByCurricularYearConversionTable": 234, "DegreeInfo": 235, "EctsInstitutionByCurricularYearConversionTable": 236, "EctsDegreeGraduationGradeConversionTable": 237, "EctsCycleGraduationGradeConversionTable": 238, "EctsCurricularYearConversionTable": 239, "EctsInstitutionConversionTable": 240, "EctsGraduationGradeConversionTable": 241, "CoordinationTeamLog": 242, "Coordinator": 243, "CoordinatorLog": 244, "PartialRegistrationRegimeRequestPR": 245, "DFACandidacy": 246, "DegreeClassification": 247, "EventPaymentCodeEntry": 248, "EventPaymentCode": 249, "SibsTransactionDetail": 250, "PaymentCodePool": 251, "PaymentCode": 252, "ScientificCommission": 253, "CurricularSemester": 254, "Department": 255, "PersistentTeacherGroup": 256, "DepartmentUnit": 257, "RegistrationProtocolLog": 258, "InterestRate": 259, "InterestRateLog": 260, "FinalEvaluation": 261, "ExecutionCourseForum": 262, "Forum": 263, "Professorship": 264, "ProfessorshipPermissions": 265, "BibliographicReference": 266, "CurricularManagementLog": 267, "EvaluationMethod": 268, "ContentManagementLog": 269, "ExportGrouping": 270, "Grouping": 271, "StudentGroup": 272, "GroupsAndShiftsManagementLog": 273, "ProjectSubmission": 274, "PersistentStudentGroupGroup": 275, "PersistentGroupingGroup": 276, "ShiftGroupingProperties": 277, "Project": 278, "PersistentProjectDepartmentGroup": 279, "EvaluationManagementLog": 280, "Mark": 281, "Lesson": 282, "LessonSpaceOccupation": 283, "LessonInstance": 284, "OccupationPeriod": 285, "LessonInstanceSpaceOccupation": 286, "SibsPaymentFileProcessReport": 287, "PublicCandidacyHashCode": 288, "DegreeOfficePublicCandidacyHashCode": 289, "IndividualCandidacyPersonalDetails": 290, "PhdCandidacyReferee": 291, "PhdProgramPublicCandidacyHashCode": 292, "UserPrivateKey": 293, "Summary": 294, "WrittenEvaluationEnrolment": 295, "WrittenEvaluationSpaceOccupation": 296, "WrittenTest": 297, "ExtraCurricularActivityType": 298, "ExtraCurricularActivity": 299, "ProfessorshipManagementLog": 300, "LessonPlanning": 301, "WeeklyWorkLoad": 302, "ProjectSubmissionLog": 303, "ForumSubscription": 304, "ConversationThread": 305, "ConversationMessage": 306, "ExecutionCourseLog": 307, "DomainOperationLog": 308, "NonAffiliatedTeacher": 309, "PersistentStudentGroup": 310, "PersistentSpecialCriteriaOverExecutionCourseGroup": 311, "RectorateSubmissionBatch": 312, "RegistryCode": 313, "PersonAccount": 314, "Transaction": 315, "Guide": 316, "Receipt": 317, "StudentRegistrationTransferLog": 318, "GratuitySituation": 319, "ThesisEvaluationParticipant": 320, "ThesisEvaluationExternalParticipant": 321, "NotNeedToEnrollInCurricularCourse": 322, "MarkSheet": 323, "ImprovementOfApprovedEnrolmentEvent": 324, "PaymentCodeMapping": 325, "CreditNote": 326, "EnrolmentEvaluationEvent": 327, "EnrolmentGratuityEvent": 328, "DismissalLog": 329, "Branch": 330, "OccupationPeriodReference": 331, "Photograph": 332, "PictureOriginal": 333, "CandidacySummaryFile": 334, "Picture": 335, "PaymentPlan": 336, "AdmittedCandidacySituation": 337, "CandidacyDocument": 338, "DFACandidacyEvent": 339, "ServiceAgreement": 340, "RegisteredCandidacySituation": 341, "EnrolmentGratuityPR": 342, "RegistrationRegime": 343, "GratuityEventWithPaymentPlan": 344, "ServiceAgreementTemplatePaymentPlan": 345, "InsuranceEvent": 346, "Qualification": 347, "StudentCurricularPlanEquivalencePlan": 348, "OutboundMobilityCandidacyPeriod": 349, "OutboundMobilityCandidacyPeriodConfirmationOption": 350, "OutboundMobilityCandidacyContestGroup": 351, "CandidacyPeriod": 352, "MobilityAgreement": 353, "UniversityUnit": 354, "OutboundMobilityCandidacyContest": 355, "OutboundMobilityCandidacy": 356, "OutboundMobilityCandidacySubmission": 357, "OutboundMobilityCandidacySubmissionGrade": 358, "Teacher": 359, "ScientificCommissionLog": 360, "CreditsLimit": 361, "DegreeOfficialPublication": 362, "DegreeSpecializationArea": 363, "Senior": 364, "QueueJob": 365, "Holiday": 366, "Locality": 367, "IndividualCandidacyDocumentFile": 368, "PhdProgramInformation": 369, "InstitutionRegistryCodeGenerator": 370, "ErasmusCandidacyProcessReport": 371, "MobilityApplicationProcess": 372, "CompetenceCourseExtraInformation": 373, "CompetenceCourseInformationChangeRequest": 374, "CompetenceCourseExtraInformationChangeRequest": 375, "EnrolmentInstructions": 376, "PaymentMethodLog": 377, "SchoolClass": 378, "PhdCandidacyPeriod": 379, "PhdProgramFocusArea": 380, "PhdNotification": 381, "PhdStudyPlan": 382, "PHDProgramCandidacy": 383, "PhdConfigurationIndividualProgramProcess": 384, "PhdAlert": 385, "PhdIndividualProgramProcessNumber": 386, "PhdParticipant": 387, "InternalPhdParticipant": 388, "Alert": 389, "PhdRegistrationFee": 390, "PhdProgramProcessDocument": 391, "PhdProgramProcess": 392, "PhdRegistrationFormalizationAlert": 393, "PhdProcessState": 394, "PhdConclusionProcess": 395, "CancelledCandidacySituation": 396, "PhdCustomAlert": 397, "Installation": 398, "ExternalPhdParticipant": 399, "PhdGuiderAcceptanceLetter": 400, "Job": 401, "BusinessArea": 402, "InternalPhdStudyPlanEntry": 403, "PhdStudyPlanEntry": 404, "ExternalPhdStudyPlanEntry": 405, "PhdProgramCandidacyEvent": 406, "ExternalPhdProgram": 407, "ThesisSubjectOrder": 408, "ThesisSubject": 409, "PhdCandidacyRefereeLetter": 410, "PhdCandidacyRefereeAlert": 411, "PhdEmail": 412, "PhdIndividualProgramProcessEmail": 413, "ThesisJuryElement": 414, "PhdThesisReportFeedbackDocument": 415, "PhdReporterReviewAlert": 416, "PhdMeeting": 417, "PhdMeetingMinutesDocument": 418, "ProcessLog": 419, "Process": 420, "TeacherAuthorization": 421, "TeacherCategory": 422, "OptionalEnrolment": 423, "OptionalCurricularCourse": 424, "OptionalEnrolmentLog": 425, "GenericApplicationPeriod": 426, "GenericApplication": 427, "GenericApplicationFile": 428, "GenericApplicationRecomentation": 429, "GenericApplicationLetterOfRecomentation": 430, "PartyType": 431, "EmptyDegree": 432, "EmptyDegreeCurricularPlan": 433, "ScientificAreaUnit": 434, "SeniorStatute": 435, "ExternalScholarshipGratuityContributionPR": 436, "ExternalScholarshipPhdGratuityContribuitionPR": 437, "GenericSingleEntryTypePR": 438, "StandaloneEnrolmentGratuityPR": 439, "DFAGratuityPR": 440, "DFAGratuityByAmountPerEctsPR": 441, "PartialRegimePR": 442, "SpecializationDegreeGratuityPR": 443, "SpecializationDegreeGratuityByAmountPerEctsPR": 444, "InstallmentWithMonthlyPenalty": 445, "PartialRegimeInstallment": 446, "InstallmentForFirstTimeStudents": 447, "CurricularCourseEquivalence": 448, "EventReportQueueJob": 449, "DfaRegistrationEvent": 450, "EnrolmentOutOfPeriodEvent": 451, "ThesisFile": 452, "InstitutionPhdCandidacyPeriod": 453, "CandidacyDocumentFile": 454, "NotRule": 455, "CerimonyInquiryAnswer": 456, "CerimonyInquiry": 457, "CerimonyInquiryPerson": 458, "PersistentCerimonyInquiryGroup": 459, "GratuityValues": 460, "GratuityReportQueueJob": 461, "DepartmentForum": 462, "ExternalCurricularCourse": 463, "DegreeUnit": 464, "PlanetUnit": 465, "CountryUnit": 466, "SchoolUnit": 467, "AcademicalInstitutionUnit": 468, "QueueJobWithFile": 469, "QueueJobResultFile": 470, "DegreeLog": 471, "AlumniReportFile": 472, "AffinityCycleCourseGroupLog": 473, "ProjectSubmissionFile": 474, "GratuitySituationPaymentCode": 475, "GratuityTransaction": 476, "GuideEntry": 477, "PaymentTransaction": 478, "ReimbursementGuideEntry": 479, "ReimbursementGuide": 480, "ReimbursementGuideSituation": 481, "MasterDegreeInsurancePaymentCode": 482, "InsuranceTransaction": 483, "MobilityIndividualApplication": 484, "MobilityStudentData": 485, "MobilityQuota": 486, "BranchCourseGroup": 487}