{"BlendedWorkflow": 1, "Specification": 2, "WorkflowInstance": 3, "EntityInstance": 4, "AttributeInstance": 5, "Entity": 6, "Attribute": 7, "ProductInstance": 8, "DataModel": 9, "Dependence": 10, "Path": 11, "DefPathCondition": 12, "RelationBW": 13, "Product": 14, "PreWorkItemArgument": 15, "WorkItem": 16, "DefProductCondition": 17, "PostWorkItemArgument": 18, "MulCondition": 19, "RelationInstance": 20, "Cardinality": 21, "ConditionModel": 22, "GoalModel": 23, "Goal": 24, "DefAttributeCondition": 25, "Rule": 26, "DefEntityCondition": 27, "GoalView": 28, "View": 29, "Position": 30, "GoalWorkItem": 31, "ProductGoal": 32, "AndCondition": 33, "Condition": 34, "AttributeBoolCondition": 35, "BoolComparison": 36, "Comparison": 37, "Expression": 38, "AttributeValueExpression": 39, "BinaryExpression": 40, "NumberLiteral": 41, "StringLiteral": 42, "NotCondition": 43, "OrCondition": 44, "AssociationGoal": 45, "ActivityModel": 46, "Activity": 47, "ActivityView": 48, "ActivityWorkItem": 49}