{"1": ["rito.silva@tecnico.ulisboa.pt", "Rito.Silva@ist.utl.pt"], "50": ["Rito.Silva@ist.utl.pt"], "51": ["vicegd@gmail.com"], "24": ["rito.silva@tecnico.ulisboa.pt", "Rito.Silva@ist.utl.pt", "andregunnergamer@gmail.com", "ramosguilhermefilipe@gmail.com"], "33": ["Rito.Silva@ist.utl.pt"], "7": ["rito.silva@tecnico.ulisboa.pt", "Rito.Silva@ist.utl.pt", "andregunnergamer@gmail.com"], "34": ["Rito.Silva@ist.utl.pt"], "9": ["Rito.Silva@ist.utl.pt"], "23": ["rito.silva@tecnico.ulisboa.pt", "Rito.Silva@ist.utl.pt", "ramosguilhermefilipe@gmail.com"], "44": ["Rito.Silva@ist.utl.pt"], "13": ["rito.silva@tecnico.ulisboa.pt", "Rito.Silva@ist.utl.pt"], "2": ["rito.silva@tecnico.ulisboa.pt", "Rito.Silva@ist.utl.pt"], "47": ["rito.silva@tecnico.ulisboa.pt", "Rito.Silva@ist.utl.pt", "andregunnergamer@gmail.com"], "52": ["Rito.Silva@ist.utl.pt"], "53": ["rito.silva@tecnico.ulisboa.pt", "Rito.Silva@ist.utl.pt", "vicegd@gmail.com", "ramosguilhermefilipe@gmail.com"], "54": ["Rito.Silva@ist.utl.pt", "ramosguilhermefilipe@gmail.com"], "55": ["rito.silva@tecnico.ulisboa.pt", "Rito.Silva@ist.utl.pt"], "106": ["Rito.Silva@ist.utl.pt", "ramosguilhermefilipe@gmail.com"], "57": ["rito.silva@tecnico.ulisboa.pt", "Rito.Silva@ist.utl.pt", "andregunnergamer@gmail.com", "ramosguilhermefilipe@gmail.com"], "10": ["Rito.Silva@ist.utl.pt", "andregunnergamer@gmail.com"], "14": ["Rito.Silva@ist.utl.pt"], "26": ["Rito.Silva@ist.utl.pt"], "39": ["Rito.Silva@ist.utl.pt"], "40": ["Rito.Silva@ist.utl.pt"], "38": ["Rito.Silva@ist.utl.pt"], "41": ["Rito.Silva@ist.utl.pt"], "42": ["Rito.Silva@ist.utl.pt"], "58": ["Rito.Silva@ist.utl.pt"], "59": ["Rito.Silva@ist.utl.pt"], "60": ["Rito.Silva@ist.utl.pt"], "61": ["Rito.Silva@ist.utl.pt"], "62": ["Rito.Silva@ist.utl.pt"], "63": ["Rito.Silva@ist.utl.pt"], "64": ["rito.silva@tecnico.ulisboa.pt", "Rito.Silva@ist.utl.pt"], "35": ["Rito.Silva@ist.utl.pt"], "36": ["Rito.Silva@ist.utl.pt"], "65": ["Rito.Silva@ist.utl.pt"], "19": ["rito.silva@tecnico.ulisboa.pt", "Rito.Silva@ist.utl.pt"], "66": ["Rito.Silva@ist.utl.pt"], "67": ["rito.silva@tecnico.ulisboa.pt", "Rito.Silva@ist.utl.pt"], "68": ["Rito.Silva@ist.utl.pt"], "69": ["rito.silva@tecnico.ulisboa.pt", "Rito.Silva@ist.utl.pt"], "70": ["Rito.Silva@ist.utl.pt"], "71": ["Rito.Silva@ist.utl.pt", "ramosguilhermefilipe@gmail.com"], "72": ["Rito.Silva@ist.utl.pt"], "73": ["Rito.Silva@ist.utl.pt", "ramosguilhermefilipe@gmail.com"], "74": ["Rito.Silva@ist.utl.pt", "ramosguilhermefilipe@gmail.com"], "75": ["Rito.Silva@ist.utl.pt", "ramosguilhermefilipe@gmail.com"], "76": ["Rito.Silva@ist.utl.pt", "ramosguilhermefilipe@gmail.com"], "77": ["Rito.Silva@ist.utl.pt"], "78": ["Rito.Silva@ist.utl.pt"], "79": ["Rito.Silva@ist.utl.pt"], "80": ["Rito.Silva@ist.utl.pt"], "81": ["rito.silva@tecnico.ulisboa.pt", "Rito.Silva@ist.utl.pt"], "82": ["rito.silva@tecnico.ulisboa.pt", "Rito.Silva@ist.utl.pt"], "83": ["Rito.Silva@ist.utl.pt"], "84": ["Rito.Silva@ist.utl.pt"], "85": ["rito.silva@tecnico.ulisboa.pt", "Rito.Silva@ist.utl.pt"], "86": ["rito.silva@tecnico.ulisboa.pt", "Rito.Silva@ist.utl.pt"], "22": ["Rito.Silva@ist.utl.pt"], "87": ["Rito.Silva@ist.utl.pt"], "17": ["rito.silva@tecnico.ulisboa.pt", "Rito.Silva@ist.utl.pt"], "88": ["Rito.Silva@ist.utl.pt"], "12": ["rito.silva@tecnico.ulisboa.pt", "Rito.Silva@ist.utl.pt"], "11": ["Rito.Silva@ist.utl.pt"], "89": ["gramos1995@gmail.com", "Rito.Silva@ist.utl.pt", "ramosguilhermefilipe@gmail.com"], "90": ["Rito.Silva@ist.utl.pt"], "91": ["Rito.Silva@ist.utl.pt"], "92": ["Rito.Silva@ist.utl.pt"], "93": ["Rito.Silva@ist.utl.pt"], "46": ["rito.silva@tecnico.ulisboa.pt", "Rito.Silva@ist.utl.pt", "ramosguilhermefilipe@gmail.com"], "3": ["rito.silva@tecnico.ulisboa.pt", "Rito.Silva@ist.utl.pt"], "94": ["rito.silva@tecnico.ulisboa.pt", "Rito.Silva@ist.utl.pt"], "49": ["rito.silva@tecnico.ulisboa.pt", "Rito.Silva@ist.utl.pt"], "8": ["rito.silva@tecnico.ulisboa.pt", "Rito.Silva@ist.utl.pt", "andregunnergamer@gmail.com"], "95": ["Rito.Silva@ist.utl.pt", "ramosguilhermefilipe@gmail.com"], "96": ["Rito.Silva@ist.utl.pt"], "97": ["rito.silva@tecnico.ulisboa.pt", "Rito.Silva@ist.utl.pt", "andregunnergamer@gmail.com", "ramosguilhermefilipe@gmail.com"], "21": ["rito.silva@tecnico.ulisboa.pt", "Rito.Silva@ist.utl.pt"], "18": ["rito.silva@tecnico.ulisboa.pt", "Rito.Silva@ist.utl.pt"], "15": ["rito.silva@tecnico.ulisboa.pt", "Rito.Silva@ist.utl.pt"], "98": ["rito.silva@tecnico.ulisboa.pt", "Rito.Silva@ist.utl.pt", "andregunnergamer@gmail.com", "ramosguilhermefilipe@gmail.com"], "99": ["rito.silva@tecnico.ulisboa.pt", "Rito.Silva@ist.utl.pt"], "100": ["Rito.Silva@ist.utl.pt"], "101": ["Rito.Silva@ist.utl.pt", "andregunnergamer@gmail.com"], "102": ["Rito.Silva@ist.utl.pt", "ramosguilhermefilipe@gmail.com"], "103": ["Rito.Silva@ist.utl.pt", "ramosguilhermefilipe@gmail.com"], "104": ["Rito.Silva@ist.utl.pt", "ramosguilhermefilipe@gmail.com"], "105": ["Rito.Silva@ist.utl.pt", "ramosguilhermefilipe@gmail.com"], "107": ["Rito.Silva@ist.utl.pt", "ramosguilhermefilipe@gmail.com"], "108": ["Rito.Silva@ist.utl.pt", "ramosguilhermefilipe@gmail.com"], "109": ["Rito.Silva@ist.utl.pt", "ramosguilhermefilipe@gmail.com"], "110": ["gramos1995@gmail.com", "Rito.Silva@ist.utl.pt", "ramosguilhermefilipe@gmail.com"], "111": ["Rito.Silva@ist.utl.pt", "ramosguilhermefilipe@gmail.com"], "112": ["Rito.Silva@ist.utl.pt", "andregunnergamer@gmail.com"], "113": ["Rito.Silva@ist.utl.pt"], "114": ["Rito.Silva@ist.utl.pt", "gramos1995@gmail.com", "ramosguilhermefilipe@gmail.com"], "184": ["ramosguilhermefilipe@gmail.com"], "116": ["rito.silva@tecnico.ulisboa.pt", "ramosguilhermefilipe@gmail.com"], "117": ["Rito.Silva@ist.utl.pt", "ramosguilhermefilipe@gmail.com"], "131": ["ramosguilhermefilipe@gmail.com"], "134": ["ramosguilhermefilipe@gmail.com"], "137": ["ramosguilhermefilipe@gmail.com"], "139": ["ramosguilhermefilipe@gmail.com"], "122": ["Rito.Silva@ist.utl.pt", "ramosguilhermefilipe@gmail.com"], "289": ["Rito.Silva@ist.utl.pt", "ramosguilhermefilipe@gmail.com"], "124": ["rito.silva@tecnico.ulisboa.pt", "Rito.Silva@ist.utl.pt", "ramosguilhermefilipe@gmail.com"], "125": ["rito.silva@tecnico.ulisboa.pt", "ramosguilhermefilipe@gmail.com"], "126": ["rito.silva@tecnico.ulisboa.pt", "ramosguilhermefilipe@gmail.com"], "258": ["ramosguilhermefilipe@gmail.com"], "246": ["ramosguilhermefilipe@gmail.com"], "129": ["ramosguilhermefilipe@gmail.com"], "327": ["Rito.Silva@ist.utl.pt", "ramosguilhermefilipe@gmail.com"], "325": ["Rito.Silva@ist.utl.pt", "ramosguilhermefilipe@gmail.com"], "291": ["ramosguilhermefilipe@gmail.com"], "328": ["Rito.Silva@ist.utl.pt", "ramosguilhermefilipe@gmail.com"], "292": ["ramosguilhermefilipe@gmail.com"], "329": ["Rito.Silva@ist.utl.pt", "ramosguilhermefilipe@gmail.com"], "30": ["rito.silva@tecnico.ulisboa.pt"], "226": ["Rito.Silva@ist.utl.pt", "ramosguilhermefilipe@gmail.com"], "6": ["Rito.Silva@ist.utl.pt", "ramosguilhermefilipe@gmail.com"], "141": ["Rito.Silva@ist.utl.pt"], "159": ["Rito.Silva@ist.utl.pt"], "172": ["Rito.Silva@ist.utl.pt"], "368": ["Rito.Silva@ist.utl.pt", "andregunnergamer@gmail.com"], "145": ["Rito.Silva@ist.utl.pt"], "146": ["Rito.Silva@ist.utl.pt"], "147": ["Rito.Silva@ist.utl.pt"], "148": ["Rito.Silva@ist.utl.pt"], "149": ["Rito.Silva@ist.utl.pt"], "150": ["Rito.Silva@ist.utl.pt", "andregunnergamer@gmail.com"], "151": ["Rito.Silva@ist.utl.pt", "andregunnergamer@gmail.com"], "173": ["Rito.Silva@ist.utl.pt", "andregunnergamer@gmail.com"], "153": ["Rito.Silva@ist.utl.pt", "andregunnergamer@gmail.com"], "154": ["Rito.Silva@ist.utl.pt", "andregunnergamer@gmail.com"], "155": ["Rito.Silva@ist.utl.pt", "andregunnergamer@gmail.com"], "156": ["Rito.Silva@ist.utl.pt"], "157": ["Rito.Silva@ist.utl.pt"], "158": ["Rito.Silva@ist.utl.pt"], "160": ["Rito.Silva@ist.utl.pt"], "161": ["Rito.Silva@ist.utl.pt"], "162": ["Rito.Silva@ist.utl.pt"], "163": ["Rito.Silva@ist.utl.pt"], "164": ["Rito.Silva@ist.utl.pt"], "165": ["Rito.Silva@ist.utl.pt"], "166": ["Rito.Silva@ist.utl.pt"], "167": ["Rito.Silva@ist.utl.pt"], "168": ["Rito.Silva@ist.utl.pt", "andregunnergamer@gmail.com"], "169": ["Rito.Silva@ist.utl.pt", "andregunnergamer@gmail.com"], "170": ["Rito.Silva@ist.utl.pt", "andregunnergamer@gmail.com"], "171": ["Rito.Silva@ist.utl.pt", "andregunnergamer@gmail.com"], "174": ["Rito.Silva@ist.utl.pt"], "175": ["Rito.Silva@ist.utl.pt"], "176": ["Rito.Silva@ist.utl.pt"], "177": ["Rito.Silva@ist.utl.pt", "andregunnergamer@gmail.com"], "178": ["Rito.Silva@ist.utl.pt"], "179": ["Rito.Silva@ist.utl.pt", "andregunnergamer@gmail.com"], "180": ["Rito.Silva@ist.utl.pt"], "181": ["Rito.Silva@ist.utl.pt"], "37": ["Rito.Silva@ist.utl.pt"], "25": ["Rito.Silva@ist.utl.pt"], "27": ["Rito.Silva@ist.utl.pt", "ramosguilhermefilipe@gmail.com"], "43": ["Rito.Silva@ist.utl.pt"], "182": ["Rito.Silva@ist.utl.pt"], "290": ["ramosguilhermefilipe@gmail.com"], "326": ["Rito.Silva@ist.utl.pt", "ramosguilhermefilipe@gmail.com"], "186": ["ramosguilhermefilipe@gmail.com"], "189": ["ramosguilhermefilipe@gmail.com"], "322": ["Rito.Silva@ist.utl.pt", "ramosguilhermefilipe@gmail.com"], "192": ["ramosguilhermefilipe@gmail.com"], "283": ["ramosguilhermefilipe@gmail.com"], "201": ["ramosguilhermefilipe@gmail.com"], "249": ["ramosguilhermefilipe@gmail.com"], "200": ["ramosguilhermefilipe@gmail.com"], "202": ["ramosguilhermefilipe@gmail.com"], "203": ["ramosguilhermefilipe@gmail.com"], "332": ["ramosguilhermefilipe@gmail.com"], "334": ["ramosguilhermefilipe@gmail.com"], "335": ["ramosguilhermefilipe@gmail.com"], "227": ["ramosguilhermefilipe@gmail.com"], "211": ["ramosguilhermefilipe@gmail.com"], "215": ["ramosguilhermefilipe@gmail.com"], "214": ["ramosguilhermefilipe@gmail.com"], "295": ["ramosguilhermefilipe@gmail.com"], "296": ["ramosguilhermefilipe@gmail.com"], "333": ["ramosguilhermefilipe@gmail.com"], "220": ["ramosguilhermefilipe@gmail.com"], "221": ["ramosguilhermefilipe@gmail.com"], "218": ["ramosguilhermefilipe@gmail.com"], "219": ["ramosguilhermefilipe@gmail.com"], "222": ["ramosguilhermefilipe@gmail.com"], "223": ["ramosguilhermefilipe@gmail.com"], "224": ["ramosguilhermefilipe@gmail.com"], "225": ["ramosguilhermefilipe@gmail.com"], "228": ["ramosguilhermefilipe@gmail.com"], "229": ["ramosguilhermefilipe@gmail.com"], "230": ["ramosguilhermefilipe@gmail.com"], "231": ["ramosguilhermefilipe@gmail.com"], "232": ["ramosguilhermefilipe@gmail.com"], "233": ["ramosguilhermefilipe@gmail.com"], "234": ["ramosguilhermefilipe@gmail.com"], "235": ["ramosguilhermefilipe@gmail.com"], "236": ["ramosguilhermefilipe@gmail.com"], "237": ["ramosguilhermefilipe@gmail.com"], "238": ["ramosguilhermefilipe@gmail.com"], "239": ["ramosguilhermefilipe@gmail.com"], "240": ["ramosguilhermefilipe@gmail.com"], "241": ["ramosguilhermefilipe@gmail.com"], "242": ["ramosguilhermefilipe@gmail.com"], "243": ["ramosguilhermefilipe@gmail.com"], "244": ["ramosguilhermefilipe@gmail.com"], "245": ["ramosguilhermefilipe@gmail.com"], "247": ["ramosguilhermefilipe@gmail.com"], "248": ["ramosguilhermefilipe@gmail.com"], "250": ["ramosguilhermefilipe@gmail.com"], "251": ["ramosguilhermefilipe@gmail.com"], "252": ["ramosguilhermefilipe@gmail.com"], "253": ["ramosguilhermefilipe@gmail.com"], "254": ["ramosguilhermefilipe@gmail.com"], "255": ["ramosguilhermefilipe@gmail.com"], "256": ["ramosguilhermefilipe@gmail.com"], "257": ["ramosguilhermefilipe@gmail.com"], "259": ["ramosguilhermefilipe@gmail.com"], "260": ["ramosguilhermefilipe@gmail.com"], "261": ["ramosguilhermefilipe@gmail.com"], "262": ["ramosguilhermefilipe@gmail.com"], "263": ["ramosguilhermefilipe@gmail.com"], "264": ["ramosguilhermefilipe@gmail.com"], "265": ["ramosguilhermefilipe@gmail.com"], "266": ["ramosguilhermefilipe@gmail.com"], "267": ["ramosguilhermefilipe@gmail.com"], "268": ["ramosguilhermefilipe@gmail.com"], "269": ["ramosguilhermefilipe@gmail.com"], "270": ["ramosguilhermefilipe@gmail.com"], "271": ["ramosguilhermefilipe@gmail.com"], "272": ["ramosguilhermefilipe@gmail.com"], "273": ["ramosguilhermefilipe@gmail.com"], "274": ["ramosguilhermefilipe@gmail.com"], "275": ["ramosguilhermefilipe@gmail.com"], "276": ["ramosguilhermefilipe@gmail.com"], "277": ["ramosguilhermefilipe@gmail.com"], "278": ["ramosguilhermefilipe@gmail.com"], "279": ["ramosguilhermefilipe@gmail.com"], "280": ["ramosguilhermefilipe@gmail.com"], "281": ["ramosguilhermefilipe@gmail.com"], "282": ["ramosguilhermefilipe@gmail.com"], "284": ["ramosguilhermefilipe@gmail.com"], "285": ["ramosguilhermefilipe@gmail.com"], "286": ["ramosguilhermefilipe@gmail.com"], "287": ["ramosguilhermefilipe@gmail.com"], "288": ["ramosguilhermefilipe@gmail.com"], "293": ["Rito.Silva@ist.utl.pt", "ramosguilhermefilipe@gmail.com"], "294": ["ramosguilhermefilipe@gmail.com"], "297": ["Rito.Silva@ist.utl.pt"], "298": ["Rito.Silva@ist.utl.pt"], "299": ["Rito.Silva@ist.utl.pt"], "300": ["Rito.Silva@ist.utl.pt"], "301": ["Rito.Silva@ist.utl.pt"], "302": ["ramosguilhermefilipe@gmail.com"], "303": ["ramosguilhermefilipe@gmail.com"], "304": ["Rito.Silva@ist.utl.pt"], "305": ["Rito.Silva@ist.utl.pt", "ramosguilhermefilipe@gmail.com"], "306": ["ramosguilhermefilipe@gmail.com"], "307": ["ramosguilhermefilipe@gmail.com"], "308": ["ramosguilhermefilipe@gmail.com"], "309": ["ramosguilhermefilipe@gmail.com"], "310": ["ramosguilhermefilipe@gmail.com"], "311": ["ramosguilhermefilipe@gmail.com"], "312": ["ramosguilhermefilipe@gmail.com"], "313": ["ramosguilhermefilipe@gmail.com"], "314": ["ramosguilhermefilipe@gmail.com"], "315": ["ramosguilhermefilipe@gmail.com"], "316": ["ramosguilhermefilipe@gmail.com"], "317": ["ramosguilhermefilipe@gmail.com"], "318": ["ramosguilhermefilipe@gmail.com"], "319": ["ramosguilhermefilipe@gmail.com"], "320": ["Rito.Silva@ist.utl.pt", "ramosguilhermefilipe@gmail.com"], "321": ["Rito.Silva@ist.utl.pt"], "323": ["Rito.Silva@ist.utl.pt", "ramosguilhermefilipe@gmail.com"], "324": ["Rito.Silva@ist.utl.pt", "ramosguilhermefilipe@gmail.com"], "330": ["ramosguilhermefilipe@gmail.com"], "331": ["ramosguilhermefilipe@gmail.com"], "336": ["ramosguilhermefilipe@gmail.com"], "337": ["ramosguilhermefilipe@gmail.com"], "338": ["ramosguilhermefilipe@gmail.com"], "339": ["ramosguilhermefilipe@gmail.com"], "340": ["ramosguilhermefilipe@gmail.com"], "341": ["ramosguilhermefilipe@gmail.com"], "342": ["ramosguilhermefilipe@gmail.com"], "343": ["ramosguilhermefilipe@gmail.com"], "344": ["ramosguilhermefilipe@gmail.com"], "345": ["ramosguilhermefilipe@gmail.com"], "346": ["Rito.Silva@ist.utl.pt"], "347": ["ramosguilhermefilipe@gmail.com"], "348": ["ramosguilhermefilipe@gmail.com"], "349": ["ramosguilhermefilipe@gmail.com"], "350": ["ramosguilhermefilipe@gmail.com"], "351": ["ramosguilhermefilipe@gmail.com"], "5": ["Rito.Silva@ist.utl.pt", "andregunnergamer@gmail.com"], "4": ["Rito.Silva@ist.utl.pt", "andregunnergamer@gmail.com"], "31": ["Rito.Silva@ist.utl.pt"], "16": ["Rito.Silva@ist.utl.pt"], "352": ["Rito.Silva@ist.utl.pt"], "353": ["ramosguilhermefilipe@gmail.com"], "354": ["ramosguilhermefilipe@gmail.com"], "355": ["ramosguilhermefilipe@gmail.com"], "393": ["rito.silva@tecnico.ulisboa.pt"], "357": ["ramosguilhermefilipe@gmail.com"], "358": ["ramosguilhermefilipe@gmail.com"], "359": ["ramosguilhermefilipe@gmail.com"], "360": ["ramosguilhermefilipe@gmail.com"], "361": ["ramosguilhermefilipe@gmail.com"], "362": ["ramosguilhermefilipe@gmail.com"], "45": ["Rito.Silva@ist.utl.pt"], "32": ["Rito.Silva@ist.utl.pt", "andregunnergamer@gmail.com"], "363": ["Rito.Silva@ist.utl.pt"], "364": ["Rito.Silva@ist.utl.pt"], "365": ["Rito.Silva@ist.utl.pt"], "366": ["Rito.Silva@ist.utl.pt"], "367": ["Rito.Silva@ist.utl.pt"], "369": ["Rito.Silva@ist.utl.pt", "andregunnergamer@gmail.com"], "370": ["ramosguilhermefilipe@gmail.com"], "371": ["Rito.Silva@ist.utl.pt"], "372": ["Rito.Silva@ist.utl.pt", "ramosguilhermefilipe@gmail.com"], "373": ["Rito.Silva@ist.utl.pt", "andregunnergamer@gmail.com"], "374": ["Rito.Silva@ist.utl.pt", "andregunnergamer@gmail.com", "ramosguilhermefilipe@gmail.com"], "375": ["Rito.Silva@ist.utl.pt"], "376": ["Rito.Silva@ist.utl.pt"], "377": ["Rito.Silva@ist.utl.pt", "andregunnergamer@gmail.com"], "378": ["Rito.Silva@ist.utl.pt", "andregunnergamer@gmail.com"], "379": ["Rito.Silva@ist.utl.pt", "andregunnergamer@gmail.com"], "380": ["Rito.Silva@ist.utl.pt"], "381": ["Rito.Silva@ist.utl.pt"], "382": ["Rito.Silva@ist.utl.pt"], "383": ["Rito.Silva@ist.utl.pt", "andregunnergamer@gmail.com"], "384": ["Rito.Silva@ist.utl.pt"], "385": ["Rito.Silva@ist.utl.pt"], "386": ["rito.silva@tecnico.ulisboa.pt", "Rito.Silva@ist.utl.pt"], "387": ["ramosguilhermefilipe@gmail.com"], "388": ["ramosguilhermefilipe@gmail.com"], "389": ["ramosguilhermefilipe@gmail.com"], "390": ["ramosguilhermefilipe@gmail.com"], "391": ["rito.silva@tecnico.ulisboa.pt"], "48": ["rito.silva@tecnico.ulisboa.pt"], "28": ["rito.silva@tecnico.ulisboa.pt"], "29": ["rito.silva@tecnico.ulisboa.pt"], "392": ["rito.silva@tecnico.ulisboa.pt"], "394": ["andregunnergamer@gmail.com"], "395": ["andregunnergamer@gmail.com"], "396": ["andregunnergamer@gmail.com"], "397": ["andregunnergamer@gmail.com"], "398": ["andregunnergamer@gmail.com"], "399": ["andregunnergamer@gmail.com"], "400": ["andregunnergamer@gmail.com"]}