{"1": "BlendedWorkflow", "2": "Specification", "3": "WorkflowInstance", "4": "EntityInstance", "5": "AttributeInstance", "6": "Entity", "7": "Attribute", "8": "ProductInstance", "9": "DataModel", "10": "Dependence", "11": "Path", "12": "DefPathCondition", "13": "RelationBW", "14": "Product", "15": "PreWorkItemArgument", "16": "WorkItem", "17": "DefProductCondition", "18": "PostWorkItemArgument", "19": "MulCondition", "20": "RelationInstance", "21": "Cardinality", "22": "ConditionModel", "23": "GoalModel", "24": "Goal", "25": "DefAttributeCondition", "26": "Rule", "27": "DefEntityCondition", "28": "GoalView", "29": "View", "30": "Position", "31": "GoalWorkItem", "32": "ProductGoal", "33": "AndCondition", "34": "Condition", "35": "AttributeBoolCondition", "36": "BoolComparison", "37": "Comparison", "38": "Expression", "39": "AttributeValueExpression", "40": "BinaryExpression", "41": "NumberLiteral", "42": "StringLiteral", "43": "NotCondition", "44": "OrCondition", "45": "AssociationGoal", "46": "ActivityModel", "47": "Activity", "48": "ActivityView", "49": "ActivityWorkItem"}