{"1": "User", "2": "RegionUrl", "3": "Address", "4": "Region", "5": "SystemConfig", "6": "PointRecord", "7": "WechatCard", "8": "SmsHis", "9": "BankCard", "10": "Coupon", "11": "Product", "12": "ServiceType", "13": "BaseO2OService", "14": "CouponRule", "15": "CouponSeed", "16": "CouponCombination", "17": "BaseModel", "18": "HomeService", "19": "HomeBillItem", "20": "ServiceItem", "21": "ShipFeeTemplate", "22": "Thread", "23": "ThreadComment", "24": "ServiceOrder", "25": "PaymentOrder", "26": "OrderItem", "27": "OrderShareRecord", "28": "UserNotice", "29": "Comment", "30": "OnSaleRule", "31": "RgroupRule", "32": "YuyueRule", "33": "SalePlan", "34": "OnSaleAreaItem", "35": "RuleDistribution", "36": "RgroupAreaItem", "37": "YuyueAreaItem", "38": "Collocation", "39": "OrderCarInfo", "40": "RepairOrder", "41": "RgroupUser", "42": "YuyueOrder", "43": "FlowerPlusOrder", "44": "GaofeiOrder", "45": "JiuyeOrder", "46": "AixiangbanOrder", "47": "BgImage", "48": "PageConfigView", "49": "BottomIcon", "50": "Merchant", "51": "Banner", "52": "ProductPlat", "53": "ServiceOperator", "54": "ServiceOperatorSect", "55": "HaoJiaAnOrder", "56": "ServiceRegion", "57": "HexieMessage", "58": "AmapAddress", "59": "Member", "60": "MemberBill", "61": "CarBrand", "62": "CarStyle", "63": "CarYear", "64": "YunXiyiBill", "65": "BaojieBill", "66": "SettleBill", "67": "SettleBillItem", "68": "HomeDistribution", "69": "HaoJiaAnComment", "70": "Message", "71": "MessageSect", "72": "CollocationItem", "73": "AyiServiceOrder", "74": "FasuperOrder", "75": "HuyaOralOrder", "76": "DaoJiaMeiOrder", "77": "WeiZhuangWangOrder", "78": "BovoOrder", "79": "BaojieOrder", "80": "Annoucement", "81": "CommunityInfo", "82": "WuyePayTabs", "83": "QrCode", "84": "RepairSeed", "85": "RepairProject", "86": "RepairArea", "87": "UserCarInfo", "88": "CarInfo", "89": "Feedback", "90": "Express", "91": "WechatCardCatagory", "92": "Logistics"}