{"User": 1, "RegionUrl": 2, "Address": 3, "Region": 4, "SystemConfig": 5, "PointRecord": 6, "WechatCard": 7, "SmsHis": 8, "BankCard": 9, "Coupon": 10, "Product": 11, "ServiceType": 12, "BaseO2OService": 13, "CouponRule": 14, "CouponSeed": 15, "CouponCombination": 16, "BaseModel": 17, "HomeService": 18, "HomeBillItem": 19, "ServiceItem": 20, "ShipFeeTemplate": 21, "Thread": 22, "ThreadComment": 23, "ServiceOrder": 24, "PaymentOrder": 25, "OrderItem": 26, "OrderShareRecord": 27, "UserNotice": 28, "Comment": 29, "OnSaleRule": 30, "RgroupRule": 31, "YuyueRule": 32, "SalePlan": 33, "OnSaleAreaItem": 34, "RuleDistribution": 35, "RgroupAreaItem": 36, "YuyueAreaItem": 37, "Collocation": 38, "OrderCarInfo": 39, "RepairOrder": 40, "RgroupUser": 41, "YuyueOrder": 42, "FlowerPlusOrder": 43, "GaofeiOrder": 44, "JiuyeOrder": 45, "AixiangbanOrder": 46, "BgImage": 47, "PageConfigView": 48, "BottomIcon": 49, "Merchant": 50, "Banner": 51, "ProductPlat": 52, "ServiceOperator": 53, "ServiceOperatorSect": 54, "HaoJiaAnOrder": 55, "ServiceRegion": 56, "HexieMessage": 57, "AmapAddress": 58, "Member": 59, "MemberBill": 60, "CarBrand": 61, "CarStyle": 62, "CarYear": 63, "YunXiyiBill": 64, "BaojieBill": 65, "SettleBill": 66, "SettleBillItem": 67, "HomeDistribution": 68, "HaoJiaAnComment": 69, "Message": 70, "MessageSect": 71, "CollocationItem": 72, "AyiServiceOrder": 73, "FasuperOrder": 74, "HuyaOralOrder": 75, "DaoJiaMeiOrder": 76, "WeiZhuangWangOrder": 77, "BovoOrder": 78, "BaojieOrder": 79, "Annoucement": 80, "CommunityInfo": 81, "WuyePayTabs": 82, "QrCode": 83, "RepairSeed": 84, "RepairProject": 85, "RepairArea": 86, "UserCarInfo": 87, "CarInfo": 88, "Feedback": 89, "Express": 90, "WechatCardCatagory": 91, "Logistics": 92}