{"93": ["davidhardson@hotmail.com", "noreply@github.com"], "94": ["davidhardson@hotmail.com", "noreply@github.com"], "95": ["532858859@qq.com", "davidhardson@hotmail.com", "noreply@github.com"], "169": ["noreply@github.com", "39544487+eshequ@users.noreply.github.com", "shengguangyuan@126.com"], "97": ["davidhardson@hotmail.com", "532858859@qq.com", "noreply@github.com", "376051369@qq.com", "15007336137@163.com", "shengguangyuan@126.com", "ntqlgx@163.com", "liuzj_jj@163.com", "39544487+eshequ@users.noreply.github.com"], "98": ["532858859@qq.com", "davidhardson@hotmail.com", "noreply@github.com", "liuzj_jj@163.com", "39544487+eshequ@users.noreply.github.com"], "99": ["liuzj_jj@163.com"], "100": ["liuzj_jj@163.com"], "101": ["noreply@github.com", "532858859@qq.com", "liuzj_jj@163.com", "39544487+eshequ@users.noreply.github.com"], "102": ["liuzj_jj@163.com"], "103": ["davidhardson@hotmail.com", "532858859@qq.com", "noreply@github.com", "376051369@qq.com", "15007336137@163.com", "shengguangyuan@126.com", "liuzj_jj@163.com", "39544487+eshequ@users.noreply.github.com"], "104": ["liuzj_jj@163.com"], "105": ["davidhardson@hotmail.com", "532858859@qq.com", "noreply@github.com", "376051369@qq.com", "15007336137@163.com", "shengguangyuan@126.com", "liuzj_jj@163.com", "39544487+eshequ@users.noreply.github.com"], "106": ["liuzj_jj@163.com"], "107": ["davidhardson@hotmail.com", "532858859@qq.com", "noreply@github.com", "376051369@qq.com", "15007336137@163.com", "shengguangyuan@126.com", "liuzj_jj@163.com", "39544487+eshequ@users.noreply.github.com"], "61": ["851649477@qq.com"], "108": ["851649477@qq.com"], "62": ["851649477@qq.com"], "109": ["851649477@qq.com"], "63": ["851649477@qq.com"], "110": ["851649477@qq.com"], "39": ["851649477@qq.com"], "111": ["851649477@qq.com"], "112": ["851649477@qq.com"], "113": ["davidhardson@hotmail.com", "851649477@qq.com"], "114": ["851649477@qq.com"], "115": ["851649477@qq.com"], "116": ["532858859@qq.com", "davidhardson@hotmail.com", "noreply@github.com", "851649477@qq.com"], "117": ["851649477@qq.com"], "118": ["davidhardson@hotmail.com"], "119": ["davidhardson@hotmail.com"], "120": ["davidhardson@hotmail.com"], "121": ["davidhardson@hotmail.com", "noreply@github.com"], "122": ["532858859@qq.com", "davidhardson@hotmail.com", "noreply@github.com"], "123": ["davidhardson@hotmail.com", "noreply@github.com"], "124": ["851649477@qq.com"], "125": ["davidhardson@hotmail.com", "noreply@github.com"], "5": ["davidhardson@hotmail.com"], "126": ["532858859@qq.com", "davidhardson@hotmail.com", "noreply@github.com"], "127": ["davidhardson@hotmail.com"], "128": ["davidhardson@hotmail.com"], "129": ["noreply@github.com", "davidhardson@hotmail.com", "376051369@qq.com", "shengguangyuan@126.com"], "130": ["davidhardson@hotmail.com"], "187": ["davidhardson@hotmail.com", "noreply@github.com", "39544487+eshequ@users.noreply.github.com", "15007336137@163.com"], "132": ["davidhardson@hotmail.com", "noreply@github.com"], "133": ["532858859@qq.com", "davidhardson@hotmail.com", "376051369@qq.com", "noreply@github.com"], "134": ["davidhardson@hotmail.com", "noreply@github.com"], "135": ["532858859@qq.com", "davidhardson@hotmail.com", "liuzj_jj@163.com", "noreply@github.com"], "136": ["davidhardson@hotmail.com"], "137": ["532858859@qq.com", "davidhardson@hotmail.com", "noreply@github.com", "376051369@qq.com", "15007336137@163.com", "liuzj_jj@163.com", "39544487+eshequ@users.noreply.github.com"], "138": ["davidhardson@hotmail.com", "liuzj_jj@163.com"], "139": ["liuzj_jj@163.com"], "140": ["liuzj_jj@163.com"], "141": ["liuzj_jj@163.com"], "142": ["liuzj_jj@163.com"], "143": ["liuzj_jj@163.com"], "144": ["liuzj_jj@163.com"], "145": ["liuzj_jj@163.com"], "146": ["liuzj_jj@163.com"], "1": ["davidhardson@hotmail.com", "noreply@github.com", "376051369@qq.com", "15007336137@163.com", "39544487+eshequ@users.noreply.github.com"], "147": ["376051369@qq.com"], "148": ["532858859@qq.com", "376051369@qq.com", "davidhardson@hotmail.com", "39544487+eshequ@users.noreply.github.com"], "149": ["376051369@qq.com"], "150": ["davidhardson@hotmail.com", "376051369@qq.com", "39544487+eshequ@users.noreply.github.com", "15007336137@163.com"], "151": ["shengguangyuan@126.com"], "152": ["376051369@qq.com", "shengguangyuan@126.com"], "153": ["532858859@qq.com", "davidhardson@hotmail.com", "noreply@github.com", "376051369@qq.com", "shengguangyuan@126.com", "39544487+eshequ@users.noreply.github.com"], "55": ["shengguangyuan@126.com"], "154": ["shengguangyuan@126.com"], "155": ["davidhardson@hotmail.com", "376051369@qq.com", "shengguangyuan@126.com"], "156": ["noreply@github.com", "davidhardson@hotmail.com", "376051369@qq.com", "shengguangyuan@126.com"], "157": ["532858859@qq.com", "davidhardson@hotmail.com", "noreply@github.com", "376051369@qq.com", "15007336137@163.com", "39544487+eshequ@users.noreply.github.com"], "158": ["davidhardson@hotmail.com", "376051369@qq.com", "shengguangyuan@126.com"], "159": ["davidhardson@hotmail.com"], "160": ["376051369@qq.com", "39544487+eshequ@users.noreply.github.com", "15007336137@163.com", "shengguangyuan@126.com"], "161": ["376051369@qq.com"], "162": ["376051369@qq.com"], "69": ["376051369@qq.com"], "163": ["376051369@qq.com"], "164": ["376051369@qq.com"], "165": ["davidhardson@hotmail.com", "376051369@qq.com"], "166": ["376051369@qq.com"], "167": ["376051369@qq.com"], "170": ["shengguangyuan@126.com"], "173": ["davidhardson@hotmail.com"], "172": ["532858859@qq.com", "davidhardson@hotmail.com"], "174": ["532858859@qq.com", "davidhardson@hotmail.com"], "175": ["532858859@qq.com", "davidhardson@hotmail.com"], "176": ["532858859@qq.com", "davidhardson@hotmail.com"], "23": ["532858859@qq.com", "davidhardson@hotmail.com", "15007336137@163.com"], "177": ["532858859@qq.com", "noreply@github.com", "davidhardson@hotmail.com"], "178": ["532858859@qq.com", "noreply@github.com", "davidhardson@hotmail.com", "15007336137@163.com"], "179": ["532858859@qq.com", "noreply@github.com", "davidhardson@hotmail.com", "15007336137@163.com"], "180": ["532858859@qq.com", "noreply@github.com", "davidhardson@hotmail.com", "15007336137@163.com"], "181": ["532858859@qq.com", "davidhardson@hotmail.com", "15007336137@163.com"], "182": ["532858859@qq.com", "davidhardson@hotmail.com", "15007336137@163.com"], "183": ["davidhardson@hotmail.com", "39544487+eshequ@users.noreply.github.com", "15007336137@163.com"], "184": ["davidhardson@hotmail.com", "39544487+eshequ@users.noreply.github.com", "15007336137@163.com"], "185": ["davidhardson@hotmail.com", "noreply@github.com", "39544487+eshequ@users.noreply.github.com", "15007336137@163.com"], "186": ["532858859@qq.com", "davidhardson@hotmail.com", "noreply@github.com", "15007336137@163.com", "39544487+eshequ@users.noreply.github.com"], "188": ["davidhardson@hotmail.com", "noreply@github.com", "39544487+eshequ@users.noreply.github.com", "15007336137@163.com"], "189": ["15007336137@163.com"], "190": ["davidhardson@hotmail.com", "noreply@github.com", "15007336137@163.com"], "191": ["davidhardson@hotmail.com", "39544487+eshequ@users.noreply.github.com", "15007336137@163.com"], "192": ["davidhardson@hotmail.com", "15007336137@163.com"], "193": ["davidhardson@hotmail.com", "15007336137@163.com"], "194": ["noreply@github.com", "15007336137@163.com"], "195": ["davidhardson@hotmail.com", "noreply@github.com", "39544487+eshequ@users.noreply.github.com"], "196": ["davidhardson@hotmail.com"], "3": ["davidhardson@hotmail.com", "39544487+eshequ@users.noreply.github.com"], "197": ["davidhardson@hotmail.com"], "4": ["davidhardson@hotmail.com", "15007336137@163.com"], "294": ["39544487+eshequ@users.noreply.github.com"], "199": ["davidhardson@hotmail.com"], "200": ["532858859@qq.com", "davidhardson@hotmail.com"], "201": ["532858859@qq.com"], "202": ["532858859@qq.com"], "59": ["532858859@qq.com", "davidhardson@hotmail.com"], "60": ["532858859@qq.com"], "203": ["532858859@qq.com"], "204": ["532858859@qq.com"], "205": ["532858859@qq.com", "davidhardson@hotmail.com"], "206": ["532858859@qq.com", "davidhardson@hotmail.com"], "207": ["532858859@qq.com", "davidhardson@hotmail.com"], "208": ["532858859@qq.com", "davidhardson@hotmail.com"], "209": ["532858859@qq.com", "noreply@github.com", "davidhardson@hotmail.com"], "210": ["532858859@qq.com", "noreply@github.com"], "211": ["532858859@qq.com", "noreply@github.com"], "212": ["532858859@qq.com"], "213": ["532858859@qq.com", "noreply@github.com"], "214": ["ntqlgx@163.com", "davidhardson@hotmail.com"], "215": ["noreply@github.com", "15007336137@163.com"], "216": ["davidhardson@hotmail.com", "noreply@github.com", "39544487+eshequ@users.noreply.github.com", "15007336137@163.com"], "217": ["davidhardson@hotmail.com", "15007336137@163.com"], "218": ["532858859@qq.com", "davidhardson@hotmail.com", "noreply@github.com", "39544487+eshequ@users.noreply.github.com"], "219": ["532858859@qq.com", "noreply@github.com", "39544487+eshequ@users.noreply.github.com"], "220": ["davidhardson@hotmail.com"], "221": ["davidhardson@hotmail.com"], "222": ["davidhardson@hotmail.com"], "223": ["532858859@qq.com"], "224": ["15007336137@163.com"], "225": ["39544487+eshequ@users.noreply.github.com", "15007336137@163.com"], "226": ["davidhardson@hotmail.com", "noreply@github.com", "39544487+eshequ@users.noreply.github.com", "15007336137@163.com"], "227": ["davidhardson@hotmail.com", "15007336137@163.com"], "228": ["davidhardson@hotmail.com"], "70": ["davidhardson@hotmail.com", "noreply@github.com"], "229": ["davidhardson@hotmail.com", "noreply@github.com", "15007336137@163.com"], "71": ["davidhardson@hotmail.com"], "230": ["davidhardson@hotmail.com"], "231": ["davidhardson@hotmail.com", "noreply@github.com"], "232": ["davidhardson@hotmail.com", "noreply@github.com", "15007336137@163.com"], "233": ["davidhardson@hotmail.com", "noreply@github.com"], "40": ["15007336137@163.com"], "234": ["noreply@github.com", "15007336137@163.com"], "235": ["15007336137@163.com"], "54": ["davidhardson@hotmail.com", "15007336137@163.com"], "236": ["15007336137@163.com"], "237": ["davidhardson@hotmail.com"], "238": ["davidhardson@hotmail.com", "noreply@github.com"], "239": ["532858859@qq.com", "davidhardson@hotmail.com", "noreply@github.com"], "240": ["davidhardson@hotmail.com", "noreply@github.com"], "241": ["davidhardson@hotmail.com", "noreply@github.com"], "242": ["davidhardson@hotmail.com"], "243": ["davidhardson@hotmail.com"], "244": ["davidhardson@hotmail.com", "39544487+eshequ@users.noreply.github.com"], "245": ["davidhardson@hotmail.com"], "246": ["davidhardson@hotmail.com"], "247": ["davidhardson@hotmail.com", "noreply@github.com"], "248": ["davidhardson@hotmail.com"], "86": ["davidhardson@hotmail.com"], "249": ["davidhardson@hotmail.com"], "250": ["davidhardson@hotmail.com"], "251": ["davidhardson@hotmail.com", "noreply@github.com"], "84": ["15007336137@163.com"], "252": ["15007336137@163.com"], "253": ["noreply@github.com", "15007336137@163.com"], "295": ["39544487+eshequ@users.noreply.github.com"], "296": ["noreply@github.com", "39544487+eshequ@users.noreply.github.com"], "256": ["davidhardson@hotmail.com"], "257": ["davidhardson@hotmail.com"], "258": ["davidhardson@hotmail.com"], "259": ["davidhardson@hotmail.com", "noreply@github.com"], "2": ["532858859@qq.com", "noreply@github.com"], "260": ["532858859@qq.com", "noreply@github.com"], "261": ["532858859@qq.com"], "49": ["davidhardson@hotmail.com", "39544487+eshequ@users.noreply.github.com"], "262": ["davidhardson@hotmail.com", "39544487+eshequ@users.noreply.github.com"], "263": ["davidhardson@hotmail.com", "39544487+eshequ@users.noreply.github.com"], "264": ["davidhardson@hotmail.com", "39544487+eshequ@users.noreply.github.com"], "265": ["davidhardson@hotmail.com", "39544487+eshequ@users.noreply.github.com"], "266": ["532858859@qq.com", "noreply@github.com", "39544487+eshequ@users.noreply.github.com"], "83": ["davidhardson@hotmail.com"], "267": ["davidhardson@hotmail.com"], "268": ["davidhardson@hotmail.com"], "269": ["davidhardson@hotmail.com", "noreply@github.com"], "270": ["davidhardson@hotmail.com"], "271": ["davidhardson@hotmail.com"], "272": ["davidhardson@hotmail.com", "noreply@github.com"], "273": ["532858859@qq.com", "noreply@github.com", "39544487+eshequ@users.noreply.github.com"], "274": ["532858859@qq.com"], "275": ["532858859@qq.com", "noreply@github.com"], "47": ["davidhardson@hotmail.com", "39544487+eshequ@users.noreply.github.com"], "276": ["davidhardson@hotmail.com", "39544487+eshequ@users.noreply.github.com"], "48": ["davidhardson@hotmail.com", "noreply@github.com", "39544487+eshequ@users.noreply.github.com"], "277": ["39544487+eshequ@users.noreply.github.com"], "278": ["39544487+eshequ@users.noreply.github.com"], "51": ["39544487+eshequ@users.noreply.github.com"], "279": ["39544487+eshequ@users.noreply.github.com"], "280": ["39544487+eshequ@users.noreply.github.com"], "281": ["noreply@github.com", "39544487+eshequ@users.noreply.github.com"], "282": ["davidhardson@hotmail.com", "noreply@github.com", "39544487+eshequ@users.noreply.github.com"], "283": ["noreply@github.com", "39544487+eshequ@users.noreply.github.com"], "284": ["noreply@github.com", "39544487+eshequ@users.noreply.github.com"], "285": ["39544487+eshequ@users.noreply.github.com"], "286": ["39544487+eshequ@users.noreply.github.com"], "287": ["noreply@github.com", "39544487+eshequ@users.noreply.github.com"], "288": ["noreply@github.com", "39544487+eshequ@users.noreply.github.com"], "289": ["39544487+eshequ@users.noreply.github.com"], "290": ["39544487+eshequ@users.noreply.github.com"], "291": ["39544487+eshequ@users.noreply.github.com"], "292": ["noreply@github.com", "39544487+eshequ@users.noreply.github.com"], "293": ["39544487+eshequ@users.noreply.github.com"], "297": ["noreply@github.com"], "298": ["noreply@github.com"], "299": ["noreply@github.com"], "300": ["noreply@github.com"], "368": ["noreply@github.com"], "302": ["noreply@github.com"], "303": ["noreply@github.com"], "304": ["davidhardson@hotmail.com"], "305": ["davidhardson@hotmail.com"], "306": ["davidhardson@hotmail.com"], "307": ["davidhardson@hotmail.com"], "82": ["39544487+eshequ@users.noreply.github.com"], "308": ["39544487+eshequ@users.noreply.github.com"], "309": ["noreply@github.com"], "310": ["noreply@github.com"], "311": ["noreply@github.com"], "312": ["noreply@github.com"], "313": ["noreply@github.com"], "314": ["noreply@github.com"], "315": ["noreply@github.com"], "316": ["noreply@github.com"], "317": ["noreply@github.com"], "318": ["noreply@github.com"], "319": ["noreply@github.com"], "320": ["noreply@github.com"], "321": ["noreply@github.com"], "7": ["noreply@github.com"], "91": ["noreply@github.com"], "322": ["noreply@github.com"], "323": ["noreply@github.com"], "324": ["noreply@github.com"], "325": ["noreply@github.com"], "326": ["noreply@github.com"], "327": ["noreply@github.com"], "328": ["noreply@github.com"], "329": ["noreply@github.com"], "6": ["noreply@github.com"], "330": ["noreply@github.com"], "331": ["noreply@github.com"], "332": ["noreply@github.com"], "333": ["noreply@github.com"], "334": ["noreply@github.com"], "335": ["noreply@github.com"], "336": ["noreply@github.com"], "337": ["noreply@github.com"], "338": ["noreply@github.com"], "339": ["noreply@github.com"], "22": ["noreply@github.com"], "53": ["noreply@github.com"], "340": ["noreply@github.com"], "341": ["noreply@github.com"], "342": ["noreply@github.com"], "343": ["noreply@github.com"], "344": ["noreply@github.com"], "345": ["noreply@github.com"], "346": ["noreply@github.com"], "90": ["noreply@github.com"], "347": ["noreply@github.com"], "57": ["noreply@github.com"], "348": ["noreply@github.com"], "349": ["noreply@github.com"], "350": ["noreply@github.com"], "351": ["noreply@github.com"], "352": ["noreply@github.com"], "353": ["noreply@github.com"], "354": ["noreply@github.com"], "11": ["noreply@github.com"], "52": ["noreply@github.com"], "355": ["noreply@github.com"], "356": ["noreply@github.com"], "357": ["noreply@github.com"], "358": ["noreply@github.com"], "50": ["noreply@github.com"], "359": ["noreply@github.com"], "360": ["noreply@github.com"], "361": ["noreply@github.com"], "362": ["noreply@github.com"], "363": ["noreply@github.com"], "364": ["noreply@github.com"], "365": ["noreply@github.com"], "366": ["noreply@github.com"], "367": ["noreply@github.com"], "369": ["noreply@github.com"], "370": ["noreply@github.com"], "371": ["noreply@github.com"], "372": ["noreply@github.com"], "373": ["noreply@github.com"], "374": ["noreply@github.com"], "375": ["noreply@github.com"], "376": ["noreply@github.com"], "377": ["noreply@github.com"], "378": ["noreply@github.com"], "379": ["noreply@github.com"], "380": ["noreply@github.com"], "381": ["noreply@github.com"], "382": ["noreply@github.com"], "383": ["noreply@github.com"], "384": ["noreply@github.com"], "385": ["noreply@github.com"], "386": ["noreply@github.com"], "387": ["noreply@github.com"], "10": ["noreply@github.com"], "388": ["noreply@github.com"], "15": ["noreply@github.com"], "389": ["noreply@github.com"], "9": ["noreply@github.com"], "390": ["noreply@github.com"], "391": ["noreply@github.com"], "392": ["noreply@github.com"], "393": ["noreply@github.com"], "394": ["noreply@github.com"], "395": ["noreply@github.com"], "396": ["noreply@github.com"], "397": ["noreply@github.com"], "398": ["noreply@github.com"], "399": ["noreply@github.com"], "400": ["noreply@github.com"], "401": ["noreply@github.com"], "402": ["noreply@github.com"], "403": ["noreply@github.com"], "404": ["noreply@github.com"]}