{"1": "Configuration", "2": "Game", "3": "DomainEntity", "4": "Sponsor", "5": "UserAccount", "6": "Sponsorship", "7": "Actor", "8": "Player", "9": "Team", "10": "StatisticalData", "11": "Administrator", "12": "Box", "13": "Federation", "14": "Manager", "15": "President", "16": "Finder", "17": "Referee", "18": "Training", "19": "History", "20": "PlayerRecord", "21": "Message", "22": "SportRecord", "23": "Competition", "24": "Format", "25": "Hiring", "26": "Signing", "27": "Report", "28": "Minutes", "29": "PersonalData"}