{"30": ["angcallla@alum.us.es"], "31": ["angcallla@alum.us.es", "esthalo17@gmail.com"], "32": ["angcallla@alum.us.es", "esthalo17@gmail.com"], "33": ["angcallla@alum.us.es"], "34": ["angcallla@alum.us.es"], "35": ["jasvbetico@hotmail.com", "angcallla@alum.us.es", "36491509+albriozea@users.noreply.github.com", "esthalo17@gmail.com"], "36": ["jasvbetico@hotmail.com", "angcallla@alum.us.es", "36491509+albriozea@users.noreply.github.com", "esthalo17@gmail.com"], "37": ["angcallla@alum.us.es", "esthalo17@gmail.com"], "38": ["jasvbetico@hotmail.com", "angcallla@alum.us.es"], "39": ["angcallla@alum.us.es", "esthalo17@gmail.com"], "40": ["angcallla@alum.us.es", "esthalo17@gmail.com", "seviagus@gmail.com"], "41": ["angcallla@alum.us.es", "esthalo17@gmail.com"], "42": ["angcallla@alum.us.es"], "43": ["angcallla@alum.us.es"], "44": ["angcallla@alum.us.es"], "45": ["angcallla@alum.us.es"], "46": ["angcallla@alum.us.es"], "47": ["angcallla@alum.us.es"], "48": ["angcallla@alum.us.es"], "49": ["angcallla@alum.us.es", "esthalo17@gmail.com"], "50": ["angcallla@alum.us.es"], "51": ["angcallla@alum.us.es"], "52": ["angcallla@alum.us.es"], "53": ["angcallla@alum.us.es"], "54": ["angcallla@alum.us.es"], "55": ["angcallla@alum.us.es"], "56": ["angcallla@alum.us.es"], "57": ["angcallla@alum.us.es", "esthalo17@gmail.com"], "7": ["jasvbetico@hotmail.com", "angcallla@alum.us.es", "esthalo17@gmail.com"], "11": ["angcallla@alum.us.es"], "1": ["angcallla@alum.us.es", "esthalo17@gmail.com"], "58": ["angcallla@alum.us.es"], "3": ["angcallla@alum.us.es"], "16": ["jasvbetico@hotmail.com", "angcallla@alum.us.es", "esthalo17@gmail.com"], "21": ["angcallla@alum.us.es", "36491509+albriozea@users.noreply.github.com", "esthalo17@gmail.com"], "29": ["jasvbetico@hotmail.com", "angcallla@alum.us.es", "esthalo17@gmail.com"], "59": ["angcallla@alum.us.es", "36491509+albriozea@users.noreply.github.com"], "60": ["angcallla@alum.us.es", "esthalo17@gmail.com"], "61": ["angcallla@alum.us.es", "esthalo17@gmail.com"], "62": ["santiagoborgesanchez@gmail.com", "angcallla@alum.us.es"], "63": ["angcallla@alum.us.es", "esthalo17@gmail.com", "seviagus@gmail.com"], "64": ["angcallla@alum.us.es"], "65": ["angcallla@alum.us.es", "esthalo17@gmail.com"], "66": ["angcallla@alum.us.es", "36491509+albriozea@users.noreply.github.com", "esthalo17@gmail.com"], "67": ["angcallla@alum.us.es", "esthalo17@gmail.com"], "68": ["angcallla@alum.us.es", "esthalo17@gmail.com"], "69": ["angcallla@alum.us.es"], "70": ["angcallla@alum.us.es"], "71": ["angcallla@alum.us.es"], "5": ["angcallla@alum.us.es", "esthalo17@gmail.com"], "72": ["angcallla@alum.us.es"], "73": ["angcallla@alum.us.es", "esthalo17@gmail.com"], "74": ["santiagoborgesanchez@gmail.com", "angcallla@alum.us.es", "36491509+albriozea@users.noreply.github.com", "esthalo17@gmail.com"], "75": ["angcallla@alum.us.es", "36491509+albriozea@users.noreply.github.com", "esthalo17@gmail.com", "seviagus@gmail.com"], "76": ["angcallla@alum.us.es", "36491509+albriozea@users.noreply.github.com", "esthalo17@gmail.com"], "77": ["angcallla@alum.us.es", "esthalo17@gmail.com"], "78": ["jasvbetico@hotmail.com", "angcallla@alum.us.es", "36491509+albriozea@users.noreply.github.com", "esthalo17@gmail.com"], "79": ["angcallla@alum.us.es", "esthalo17@gmail.com"], "80": ["angcallla@alum.us.es"], "81": ["angcallla@alum.us.es"], "82": ["angcallla@alum.us.es"], "83": ["angcallla@alum.us.es"], "84": ["angcallla@alum.us.es", "seviagus@gmail.com"], "85": ["angcallla@alum.us.es"], "86": ["angcallla@alum.us.es"], "87": ["angcallla@alum.us.es"], "88": ["angcallla@alum.us.es"], "89": ["angcallla@alum.us.es"], "90": ["angcallla@alum.us.es"], "91": ["angcallla@alum.us.es"], "92": ["angcallla@alum.us.es"], "93": ["angcallla@alum.us.es"], "94": ["angcallla@alum.us.es"], "95": ["jasvbetico@hotmail.com", "angcallla@alum.us.es", "esthalo17@gmail.com"], "96": ["angcallla@alum.us.es", "esthalo17@gmail.com"], "97": ["angcallla@alum.us.es", "esthalo17@gmail.com"], "98": ["santiagoborgesanchez@gmail.com", "angcallla@alum.us.es", "36491509+albriozea@users.noreply.github.com", "esthalo17@gmail.com"], "99": ["angcallla@alum.us.es", "esthalo17@gmail.com"], "100": ["angcallla@alum.us.es"], "101": ["angcallla@alum.us.es"], "102": ["angcallla@alum.us.es"], "4": ["jasvbetico@hotmail.com", "angcallla@alum.us.es", "esthalo17@gmail.com"], "6": ["jasvbetico@hotmail.com", "angcallla@alum.us.es", "36491509+albriozea@users.noreply.github.com", "esthalo17@gmail.com"], "103": ["jasvbetico@hotmail.com", "angcallla@alum.us.es", "santiagoborgesanchez@gmail.com", "esthalo17@gmail.com"], "104": ["jasvbetico@hotmail.com", "angcallla@alum.us.es", "santiagoborgesanchez@gmail.com", "esthalo17@gmail.com"], "105": ["jasvbetico@hotmail.com"], "106": ["jasvbetico@hotmail.com", "angcallla@alum.us.es", "santiagoborgesanchez@gmail.com", "esthalo17@gmail.com"], "23": ["jasvbetico@hotmail.com", "36491509+albriozea@users.noreply.github.com", "esthalo17@gmail.com"], "13": ["esthalo17@gmail.com"], "9": ["esthalo17@gmail.com"], "25": ["jasvbetico@hotmail.com", "esthalo17@gmail.com"], "14": ["jasvbetico@hotmail.com", "angcallla@alum.us.es"], "8": ["jasvbetico@hotmail.com", "36491509+albriozea@users.noreply.github.com", "esthalo17@gmail.com"], "15": ["jasvbetico@hotmail.com"], "18": ["jasvbetico@hotmail.com", "esthalo17@gmail.com"], "2": ["jasvbetico@hotmail.com", "angcallla@alum.us.es", "36491509+albriozea@users.noreply.github.com", "esthalo17@gmail.com"], "28": ["jasvbetico@hotmail.com", "angcallla@alum.us.es", "36491509+albriozea@users.noreply.github.com", "esthalo17@gmail.com"], "27": ["jasvbetico@hotmail.com", "esthalo17@gmail.com"], "26": ["jasvbetico@hotmail.com", "36491509+albriozea@users.noreply.github.com", "esthalo17@gmail.com"], "24": ["jasvbetico@hotmail.com", "36491509+albriozea@users.noreply.github.com", "esthalo17@gmail.com", "seviagus@gmail.com"], "17": ["esthalo17@gmail.com"], "107": ["jasvbetico@hotmail.com", "angcallla@alum.us.es", "esthalo17@gmail.com", "seviagus@gmail.com"], "108": ["esthalo17@gmail.com"], "109": ["esthalo17@gmail.com", "seviagus@gmail.com"], "110": ["santiagoborgesanchez@gmail.com", "angcallla@alum.us.es", "esthalo17@gmail.com"], "111": ["esthalo17@gmail.com"], "112": ["esthalo17@gmail.com"], "113": ["jasvbetico@hotmail.com", "angcallla@alum.us.es", "esthalo17@gmail.com", "seviagus@gmail.com"], "114": ["36491509+albriozea@users.noreply.github.com", "jasvbetico@hotmail.com", "angcallla@alum.us.es", "esthalo17@gmail.com", "seviagus@gmail.com"], "115": ["jasvbetico@hotmail.com", "esthalo17@gmail.com", "seviagus@gmail.com"], "116": ["angcallla@alum.us.es", "esthalo17@gmail.com"], "117": ["36491509+albriozea@users.noreply.github.com", "jasvbetico@hotmail.com", "santiagoborgesanchez@gmail.com", "angcallla@alum.us.es", "esthalo17@gmail.com", "seviagus@gmail.com"], "118": ["angcallla@alum.us.es", "esthalo17@gmail.com"], "119": ["esthalo17@gmail.com"], "120": ["esthalo17@gmail.com"], "121": ["santiagoborgesanchez@gmail.com", "esthalo17@gmail.com", "seviagus@gmail.com"], "19": ["esthalo17@gmail.com"], "20": ["esthalo17@gmail.com"], "22": ["esthalo17@gmail.com"], "122": ["esthalo17@gmail.com"], "123": ["esthalo17@gmail.com"], "124": ["esthalo17@gmail.com"], "12": ["jasvbetico@hotmail.com", "esthalo17@gmail.com"], "125": ["36491509+albriozea@users.noreply.github.com", "esthalo17@gmail.com"], "10": ["santiagoborgesanchez@gmail.com", "36491509+albriozea@users.noreply.github.com", "esthalo17@gmail.com", "jasvbetico@hotmail.com"], "126": ["angcallla@alum.us.es", "esthalo17@gmail.com"], "127": ["esthalo17@gmail.com"], "128": ["36491509+albriozea@users.noreply.github.com", "jasvbetico@hotmail.com", "angcallla@alum.us.es", "esthalo17@gmail.com", "seviagus@gmail.com"], "129": ["esthalo17@gmail.com"], "130": ["esthalo17@gmail.com"], "131": ["36491509+albriozea@users.noreply.github.com", "santiagoborgesanchez@gmail.com", "jasvbetico@hotmail.com", "angcallla@alum.us.es", "esthalo17@gmail.com", "seviagus@gmail.com"], "132": ["esthalo17@gmail.com"], "133": ["esthalo17@gmail.com"], "134": ["esthalo17@gmail.com"], "135": ["esthalo17@gmail.com"], "136": ["esthalo17@gmail.com"], "137": ["esthalo17@gmail.com"], "138": ["esthalo17@gmail.com"], "139": ["esthalo17@gmail.com"], "140": ["esthalo17@gmail.com"], "141": ["esthalo17@gmail.com"], "142": ["angcallla@alum.us.es", "36491509+albriozea@users.noreply.github.com", "esthalo17@gmail.com"], "143": ["esthalo17@gmail.com"], "144": ["esthalo17@gmail.com"], "145": ["esthalo17@gmail.com"], "146": ["esthalo17@gmail.com"], "147": ["esthalo17@gmail.com"], "148": ["esthalo17@gmail.com"], "149": ["esthalo17@gmail.com"], "150": ["esthalo17@gmail.com"], "151": ["santiagoborgesanchez@gmail.com", "seviagus@gmail.com"], "152": ["santiagoborgesanchez@gmail.com", "angcallla@alum.us.es"], "153": ["santiagoborgesanchez@gmail.com"], "154": ["santiagoborgesanchez@gmail.com"], "155": ["santiagoborgesanchez@gmail.com"], "156": ["santiagoborgesanchez@gmail.com"], "157": ["angcallla@alum.us.es", "36491509+albriozea@users.noreply.github.com", "esthalo17@gmail.com"], "158": ["angcallla@alum.us.es", "esthalo17@gmail.com"], "159": ["jasvbetico@hotmail.com"], "160": ["jasvbetico@hotmail.com"], "161": ["jasvbetico@hotmail.com"], "162": ["jasvbetico@hotmail.com"], "163": ["jasvbetico@hotmail.com"], "164": ["jasvbetico@hotmail.com"], "165": ["jasvbetico@hotmail.com"], "166": ["jasvbetico@hotmail.com"], "167": ["jasvbetico@hotmail.com"], "168": ["jasvbetico@hotmail.com"], "169": ["jasvbetico@hotmail.com"], "170": ["jasvbetico@hotmail.com"], "171": ["jasvbetico@hotmail.com"], "172": ["jasvbetico@hotmail.com"], "173": ["jasvbetico@hotmail.com"], "174": ["jasvbetico@hotmail.com"], "175": ["jasvbetico@hotmail.com"], "176": ["jasvbetico@hotmail.com"], "177": ["jasvbetico@hotmail.com"], "178": ["jasvbetico@hotmail.com"], "179": ["jasvbetico@hotmail.com"], "180": ["jasvbetico@hotmail.com"], "181": ["jasvbetico@hotmail.com"], "182": ["jasvbetico@hotmail.com"], "183": ["esthalo17@gmail.com"], "184": ["esthalo17@gmail.com"], "185": ["36491509+albriozea@users.noreply.github.com", "jasvbetico@hotmail.com", "santiagoborgesanchez@gmail.com", "angcallla@alum.us.es", "seviagus@gmail.com"], "186": ["jasvbetico@hotmail.com", "angcallla@alum.us.es"], "187": ["36491509+albriozea@users.noreply.github.com"], "188": ["esthalo17@gmail.com"], "189": ["esthalo17@gmail.com"], "190": ["esthalo17@gmail.com"], "191": ["angcallla@alum.us.es", "36491509+albriozea@users.noreply.github.com", "esthalo17@gmail.com"], "192": ["angcallla@alum.us.es", "36491509+albriozea@users.noreply.github.com", "esthalo17@gmail.com"], "193": ["angcallla@alum.us.es", "seviagus@gmail.com"], "194": ["santiagoborgesanchez@gmail.com", "angcallla@alum.us.es"], "195": ["santiagoborgesanchez@gmail.com", "angcallla@alum.us.es"], "196": ["santiagoborgesanchez@gmail.com", "angcallla@alum.us.es", "seviagus@gmail.com"], "197": ["36491509+albriozea@users.noreply.github.com", "santiagoborgesanchez@gmail.com", "jasvbetico@hotmail.com", "angcallla@alum.us.es", "seviagus@gmail.com"], "198": ["jasvbetico@hotmail.com", "seviagus@gmail.com"], "199": ["santiagoborgesanchez@gmail.com", "angcallla@alum.us.es", "36491509+albriozea@users.noreply.github.com"], "200": ["jasvbetico@hotmail.com", "angcallla@alum.us.es", "seviagus@gmail.com"], "201": ["jasvbetico@hotmail.com"], "202": ["jasvbetico@hotmail.com"], "203": ["santiagoborgesanchez@gmail.com", "angcallla@alum.us.es", "36491509+albriozea@users.noreply.github.com", "seviagus@gmail.com"], "204": ["santiagoborgesanchez@gmail.com", "angcallla@alum.us.es"], "205": ["santiagoborgesanchez@gmail.com", "angcallla@alum.us.es", "esthalo17@gmail.com", "jasvbetico@hotmail.com"], "206": ["esthalo17@gmail.com"], "207": ["esthalo17@gmail.com"], "208": ["esthalo17@gmail.com"], "209": ["santiagoborgesanchez@gmail.com", "angcallla@alum.us.es", "36491509+albriozea@users.noreply.github.com", "esthalo17@gmail.com"], "210": ["angcallla@alum.us.es", "esthalo17@gmail.com"], "211": ["jasvbetico@hotmail.com"], "212": ["jasvbetico@hotmail.com"], "213": ["jasvbetico@hotmail.com"], "214": ["jasvbetico@hotmail.com"], "215": ["angcallla@alum.us.es", "esthalo17@gmail.com"], "216": ["esthalo17@gmail.com"], "217": ["angcallla@alum.us.es"], "218": ["jasvbetico@hotmail.com", "angcallla@alum.us.es", "seviagus@gmail.com"], "219": ["seviagus@gmail.com"], "220": ["angcallla@alum.us.es"], "221": ["36491509+albriozea@users.noreply.github.com"], "222": ["36491509+albriozea@users.noreply.github.com"], "223": ["jasvbetico@hotmail.com", "angcallla@alum.us.es"], "224": ["angcallla@alum.us.es", "seviagus@gmail.com"], "225": ["jasvbetico@hotmail.com", "angcallla@alum.us.es", "seviagus@gmail.com"], "226": ["jasvbetico@hotmail.com", "angcallla@alum.us.es"], "227": ["jasvbetico@hotmail.com", "angcallla@alum.us.es"], "228": ["angcallla@alum.us.es", "esthalo17@gmail.com"], "229": ["angcallla@alum.us.es", "esthalo17@gmail.com"], "230": ["angcallla@alum.us.es", "esthalo17@gmail.com"], "231": ["angcallla@alum.us.es", "esthalo17@gmail.com"], "232": ["santiagoborgesanchez@gmail.com", "angcallla@alum.us.es", "esthalo17@gmail.com"], "233": ["santiagoborgesanchez@gmail.com", "angcallla@alum.us.es", "esthalo17@gmail.com"], "234": ["jasvbetico@hotmail.com", "angcallla@alum.us.es"], "235": ["angcallla@alum.us.es", "esthalo17@gmail.com"], "236": ["angcallla@alum.us.es"], "237": ["jasvbetico@hotmail.com", "angcallla@alum.us.es"], "238": ["santiagoborgesanchez@gmail.com", "angcallla@alum.us.es", "esthalo17@gmail.com", "seviagus@gmail.com"], "239": ["36491509+albriozea@users.noreply.github.com", "santiagoborgesanchez@gmail.com", "angcallla@alum.us.es", "esthalo17@gmail.com", "seviagus@gmail.com"], "240": ["angcallla@alum.us.es", "36491509+albriozea@users.noreply.github.com", "esthalo17@gmail.com"], "241": ["angcallla@alum.us.es", "esthalo17@gmail.com", "seviagus@gmail.com"], "242": ["angcallla@alum.us.es"], "243": ["seviagus@gmail.com"], "244": ["angcallla@alum.us.es", "esthalo17@gmail.com"], "245": ["santiagoborgesanchez@gmail.com", "angcallla@alum.us.es"], "246": ["angcallla@alum.us.es"], "247": ["jasvbetico@hotmail.com", "angcallla@alum.us.es"]}