{"UserController.detail": {"t": [{"id": 0, "a": [["R", 1]]}]}, "UserController.showUsers": {"t": [{"id": 0, "a": [["R", 1]]}]}, "CompanyController.buy": {"t": [{"id": 0, "a": [["R", 2], ["R", 1], ["R", 1], ["R", 1], ["R", 3], ["R", 3], ["R", 3], ["R", 3], ["R", 3], ["R", 2], ["R", 3], ["R", 1], ["R", 1], ["R", 1], ["R", 3], ["R", 3], ["R", 3]]}]}, "CompanyController.buyForm": {"t": [{"id": 0, "a": [["R", 1], ["R", 1], ["R", 1], ["R", 3], ["R", 3], ["R", 3], ["R", 4], ["R", 4]]}]}, "CompanyController.details": {"t": [{"id": 0, "a": [["R", 4], ["R", 4], ["R", 2], ["R", 4], ["R", 2], ["R", 5], ["R", 2], ["R", 6], ["R", 2], ["R", 6]]}]}, "CompanyController.get": {"t": [{"id": 0, "a": [["R", 4]]}]}, "CompanyController.sell": {"t": [{"id": 0, "a": [["R", 2], ["R", 1], ["R", 1], ["R", 1], ["R", 3], ["R", 2], ["R", 3], ["R", 7], ["R", 7], ["R", 3], ["R", 7], ["R", 7], ["R", 1], ["R", 1], ["R", 1], ["R", 3], ["R", 2], ["R", 2], ["R", 3], ["R", 7], ["R", 7], ["R", 3], ["R", 7], ["R", 7], ["R", 2], ["R", 3], ["R", 1], ["R", 1], ["R", 1], ["R", 3], ["R", 2], ["R", 2], ["R", 3], ["R", 7], ["R", 7], ["R", 3], ["R", 7], ["R", 7]]}]}, "CompanyController.sellForm": {"t": [{"id": 0, "a": [["R", 1], ["R", 1], ["R", 1], ["R", 3], ["R", 2], ["R", 2], ["R", 3], ["R", 7], ["R", 7], ["R", 3], ["R", 7], ["R", 7], ["R", 4], ["R", 4]]}]}, "OrderBookController.get": {"t": [{"id": 0, "a": [["R", 2]]}]}, "OrderBookController.getOrders": {"t": [{"id": 0, "a": [["R", 2]]}]}, "AdminController.show": {"t": [{"id": 0, "a": [["R", 3]]}]}, "AdminController.showPortfolio": {"t": [{"id": 0, "a": [["R", 3], ["R", 2]]}]}, "DashboardController.show": {"t": [{"id": 0, "a": [["R", 1], ["R", 3], ["R", 3], ["R", 8]]}]}, "RestController.obtainOrderBooks": {"t": [{"id": 0, "a": [["R", 2]]}]}, "RestController.obtainPortfolio": {"t": [{"id": 0, "a": [["R", 3]]}]}, "RestController.obtainPortfolios": {"t": [{"id": 0, "a": [["R", 3]]}]}}