{"10": {"11": 15, "total_commits": 337, "22": 3, "20": 8, "2": 4, "18": 3, "26": 3, "1": 5, "23": 8, "4": 3, "19": 9, "9": 9, "16": 3, "5": 4, "21": 8, "17": 8, "15": 8, "27": 2, "30": 7, "25": 4, "12": 2, "14": 2, "28": 4, "24": 2, "29": 4, "6": 3, "13": 2, "7": 2, "33": 9, "8": 5, "40": 2, "45": 9, "3": 3, "51": 8, "41": 7, "52": 8, "34": 8, "46": 7, "36": 6, "35": 6, "48": 6, "53": 6, "47": 6, "59": 6, "56": 6, "55": 6, "38": 6, "60": 6, "57": 6, "61": 6, "50": 6, "54": 6, "58": 6, "49": 6, "44": 3, "64": 1, "63": 1, "42": 1, "31": 1, "32": 2, "62": 5, "37": 1, "39": 1, "43": 1, "65": 2, "67": 4, "66": 1, "68": 3, "76": 1, "79": 1, "75": 1, "78": 2, "77": 1, "72": 1, "69": 1, "82": 1, "81": 1, "84": 1, "83": 1, "85": 1}, "11": {"10": 15, "total_commits": 441, "15": 16, "2": 7, "9": 14, "16": 7, "17": 13, "20": 12, "1": 6, "23": 11, "22": 6, "18": 5, "26": 5, "4": 4, "19": 14, "5": 5, "21": 11, "6": 4, "28": 4, "25": 4, "14": 2, "24": 3, "29": 4, "13": 2, "27": 2, "30": 7, "12": 3, "32": 4, "50": 8, "49": 7, "45": 11, "46": 9, "7": 2, "3": 3, "33": 12, "8": 5, "40": 2, "41": 8, "51": 10, "34": 11, "52": 9, "58": 7, "54": 6, "36": 7, "35": 6, "48": 6, "53": 6, "55": 6, "38": 6, "60": 6, "59": 6, "47": 6, "56": 6, "57": 6, "61": 6, "44": 3, "64": 1, "42": 1, "31": 2, "63": 1, "62": 6, "37": 2, "39": 2, "43": 2, "65": 3, "67": 5, "66": 1, "68": 3, "78": 4, "76": 2, "77": 3, "75": 4, "72": 3, "79": 1, "83": 2, "82": 1, "81": 1, "84": 1, "69": 3, "85": 1, "88": 2, "89": 2, "92": 1, "86": 1, "87": 1, "90": 1, "91": 2}, "12": {"9": 6, "total_commits": 108, "13": 3, "14": 3, "27": 4, "10": 2, "18": 2, "19": 3, "5": 3, "15": 3, "28": 2, "25": 2, "20": 2, "11": 3, "24": 2, "29": 2, "6": 2, "21": 3, "22": 3, "1": 2, "30": 2, "23": 2, "4": 3, "16": 3, "17": 3, "2": 3, "26": 2, "32": 2, "31": 1, "58": 1, "51": 1, "46": 1, "49": 1, "7": 1, "63": 1, "8": 1, "35": 1, "3": 1, "47": 1, "57": 1, "40": 1, "34": 1, "50": 1, "54": 1, "62": 1, "48": 1, "37": 1, "55": 1, "41": 1, "39": 1, "43": 1, "60": 1, "56": 1, "52": 1, "36": 1, "59": 1, "44": 1, "64": 1, "61": 1, "42": 1, "33": 1, "53": 1, "38": 1, "45": 1}, "13": {"9": 3, "total_commits": 92, "14": 3, "12": 3, "24": 2, "6": 2, "21": 2, "22": 2, "27": 2, "1": 2, "30": 2, "4": 2, "16": 2, "29": 2, "2": 2, "26": 2, "23": 2, "17": 2, "18": 2, "19": 2, "5": 2, "15": 2, "28": 2, "25": 2, "20": 2, "11": 2, "10": 2, "57": 1, "36": 1, "37": 1, "59": 1, "44": 1, "61": 1, "52": 1, "42": 1, "33": 1, "38": 1, "45": 1, "31": 1, "58": 1, "51": 1, "64": 1, "46": 1, "7": 1, "63": 1, "8": 1, "35": 1, "53": 1, "47": 1, "32": 1, "40": 1, "34": 1, "50": 1, "54": 1, "62": 1, "48": 1, "55": 1, "49": 1, "41": 1, "39": 1, "43": 1, "60": 1, "56": 1, "3": 1}, "9": {"14": 3, "total_commits": 521, "12": 6, "13": 3, "20": 10, "15": 21, "2": 13, "1": 9, "24": 9, "4": 9, "23": 14, "19": 12, "25": 5, "21": 15, "22": 13, "17": 17, "6": 7, "16": 14, "18": 11, "11": 14, "5": 7, "26": 10, "27": 4, "10": 9, "28": 3, "29": 3, "30": 6, "32": 5, "31": 7, "36": 7, "38": 7, "39": 5, "3": 7, "37": 5, "62": 11, "51": 9, "45": 9, "33": 9, "41": 7, "8": 6, "52": 8, "46": 7, "34": 9, "63": 4, "44": 5, "61": 6, "42": 3, "53": 6, "48": 6, "49": 6, "7": 3, "35": 6, "56": 6, "47": 6, "57": 6, "40": 3, "54": 6, "59": 6, "55": 6, "43": 4, "60": 6, "64": 2, "58": 5, "50": 5, "65": 5, "67": 4, "66": 1, "68": 3, "72": 4, "79": 1, "76": 1, "75": 2, "78": 4, "77": 2, "82": 1, "69": 4, "83": 2, "81": 1, "84": 1, "86": 2, "87": 2, "89": 2, "90": 2, "92": 2, "91": 2, "88": 2}, "14": {"12": 3, "total_commits": 92, "13": 3, "9": 3, "2": 2, "19": 2, "15": 2, "28": 2, "25": 2, "20": 2, "10": 2, "24": 2, "6": 2, "21": 2, "5": 2, "22": 2, "27": 2, "1": 2, "30": 2, "11": 2, "4": 2, "16": 2, "29": 2, "26": 2, "23": 2, "17": 2, "18": 2, "58": 1, "51": 1, "64": 1, "46": 1, "7": 1, "63": 1, "35": 1, "42": 1, "53": 1, "47": 1, "32": 1, "50": 1, "54": 1, "62": 1, "48": 1, "49": 1, "41": 1, "8": 1, "39": 1, "43": 1, "60": 1, "56": 1, "3": 1, "57": 1, "40": 1, "34": 1, "36": 1, "37": 1, "59": 1, "44": 1, "55": 1, "61": 1, "52": 1, "33": 1, "38": 1, "45": 1, "31": 1}, "18": {"15": 12, "total_commits": 269, "2": 11, "16": 13, "17": 10, "6": 7, "9": 11, "4": 7, "21": 9, "22": 10, "1": 6, "23": 8, "19": 5, "5": 4, "10": 3, "20": 4, "26": 8, "11": 5, "12": 2, "14": 2, "28": 2, "25": 3, "24": 7, "29": 2, "13": 2, "27": 2, "30": 2, "31": 6, "37": 4, "32": 3, "38": 3, "39": 4, "3": 3, "36": 3, "59": 2, "44": 2, "61": 2, "63": 2, "42": 2, "33": 3, "53": 2, "45": 2, "51": 2, "46": 2, "49": 2, "7": 2, "8": 2, "35": 2, "47": 2, "57": 2, "40": 2, "34": 3, "54": 2, "62": 4, "48": 2, "55": 2, "41": 2, "43": 3, "60": 2, "56": 2, "52": 2, "64": 2, "58": 1, "50": 1, "68": 1, "80": 1, "79": 1, "72": 2, "65": 2, "69": 2, "86": 2, "78": 2, "87": 2, "90": 1, "77": 1, "88": 1, "89": 1, "83": 1, "92": 1, "91": 1, "75": 1}, "15": {"17": 19, "total_commits": 569, "2": 15, "16": 16, "18": 12, "4": 11, "19": 13, "9": 21, "25": 5, "21": 18, "20": 11, "22": 13, "1": 10, "24": 8, "23": 16, "6": 7, "11": 16, "26": 10, "5": 9, "10": 8, "12": 3, "14": 2, "28": 3, "29": 3, "13": 2, "27": 2, "30": 6, "32": 5, "31": 6, "38": 8, "39": 5, "3": 6, "37": 6, "36": 9, "46": 9, "50": 8, "49": 8, "45": 10, "51": 9, "58": 7, "52": 9, "47": 7, "57": 7, "40": 4, "34": 10, "54": 7, "59": 7, "55": 7, "41": 7, "43": 5, "60": 7, "44": 6, "61": 7, "63": 4, "42": 4, "33": 10, "53": 7, "48": 7, "7": 4, "8": 6, "35": 7, "56": 7, "62": 9, "64": 2, "65": 5, "67": 5, "66": 1, "68": 3, "77": 2, "72": 5, "76": 1, "79": 1, "75": 3, "78": 4, "83": 2, "82": 1, "81": 1, "84": 1, "69": 5, "86": 2, "87": 2, "88": 3, "89": 3, "92": 2, "91": 3, "90": 2}, "17": {"16": 11, "total_commits": 429, "18": 10, "15": 19, "2": 13, "1": 10, "24": 7, "4": 9, "19": 10, "9": 17, "23": 13, "25": 6, "21": 13, "22": 10, "20": 8, "6": 6, "11": 13, "26": 7, "10": 8, "5": 6, "12": 3, "14": 2, "13": 2, "27": 2, "30": 6, "29": 3, "28": 4, "31": 5, "32": 7, "38": 7, "39": 3, "37": 3, "3": 5, "36": 6, "33": 8, "40": 3, "7": 4, "41": 6, "51": 8, "8": 5, "45": 8, "52": 8, "46": 7, "34": 7, "58": 6, "50": 6, "57": 6, "59": 6, "55": 6, "44": 3, "61": 6, "63": 2, "35": 6, "42": 2, "53": 6, "47": 6, "54": 6, "62": 4, "48": 6, "49": 6, "43": 2, "60": 6, "56": 6, "64": 2, "65": 2, "67": 2, "66": 1, "68": 2, "71": 1, "72": 2, "70": 1, "69": 1}, "2": {"17": 13, "total_commits": 329, "15": 15, "16": 14, "18": 11, "24": 6, "4": 11, "1": 8, "23": 8, "19": 8, "9": 13, "25": 3, "21": 11, "22": 11, "20": 5, "6": 9, "11": 7, "26": 7, "5": 7, "10": 4, "12": 3, "14": 2, "28": 2, "29": 2, "13": 2, "27": 2, "30": 3, "32": 3, "31": 4, "3": 6, "7": 5, "40": 4, "51": 4, "44": 3, "46": 4, "61": 3, "63": 3, "42": 3, "53": 3, "58": 2, "48": 3, "49": 3, "8": 4, "35": 3, "56": 3, "47": 3, "57": 3, "34": 4, "36": 4, "50": 2, "54": 3, "37": 3, "59": 3, "55": 3, "41": 4, "43": 3, "60": 3, "52": 4, "33": 4, "38": 3, "45": 4, "39": 2, "62": 4, "64": 3, "72": 3, "77": 1, "67": 1, "68": 1, "79": 1, "76": 2, "65": 2, "75": 1, "78": 2, "69": 1, "86": 1, "87": 1}, "16": {"18": 13, "total_commits": 337, "17": 11, "15": 16, "2": 14, "9": 14, "6": 8, "11": 7, "5": 7, "26": 11, "22": 14, "4": 9, "21": 11, "1": 6, "23": 8, "19": 7, "20": 4, "10": 3, "25": 3, "12": 3, "14": 2, "28": 2, "24": 8, "29": 2, "13": 2, "27": 2, "30": 2, "32": 4, "31": 6, "37": 6, "38": 4, "39": 4, "3": 4, "36": 4, "47": 3, "57": 3, "40": 3, "34": 4, "50": 2, "54": 3, "59": 3, "55": 3, "41": 3, "43": 5, "60": 3, "52": 3, "51": 3, "44": 3, "61": 3, "63": 3, "42": 3, "33": 4, "53": 3, "45": 3, "58": 2, "48": 3, "46": 3, "49": 3, "7": 3, "8": 3, "35": 3, "56": 3, "62": 4, "64": 2, "69": 2, "72": 2, "65": 2, "86": 2, "78": 3, "87": 2, "90": 1, "77": 1, "88": 1, "83": 1, "89": 1, "92": 1, "91": 1, "75": 2, "80": 1, "67": 1}, "24": {"9": 9, "total_commits": 253, "25": 4, "21": 8, "17": 7, "15": 8, "22": 9, "20": 5, "2": 6, "1": 7, "23": 9, "4": 6, "19": 4, "5": 3, "28": 3, "11": 3, "29": 3, "6": 4, "13": 2, "27": 2, "30": 2, "16": 8, "26": 7, "12": 2, "10": 2, "14": 2, "18": 7, "31": 8, "38": 3, "39": 4, "3": 4, "36": 3, "37": 5, "32": 3, "45": 3, "62": 5, "51": 3, "63": 2, "42": 2, "33": 3, "53": 2, "46": 2, "49": 2, "7": 2, "8": 2, "35": 2, "56": 2, "47": 2, "57": 2, "40": 2, "34": 3, "54": 2, "48": 2, "55": 2, "41": 2, "43": 4, "60": 2, "52": 2, "59": 2, "44": 2, "61": 2, "58": 1, "50": 1, "64": 2, "72": 2, "65": 2, "69": 2, "86": 2, "78": 3, "87": 2, "89": 1, "83": 1, "92": 1, "91": 1, "75": 2, "90": 1, "77": 1, "88": 1, "80": 1, "67": 1}, "20": {"21": 11, "total_commits": 375, "22": 5, "17": 8, "2": 5, "1": 9, "24": 5, "4": 4, "19": 13, "9": 10, "23": 13, "15": 11, "25": 6, "11": 12, "30": 8, "29": 6, "28": 6, "5": 3, "18": 4, "26": 4, "10": 8, "16": 4, "12": 2, "14": 2, "6": 2, "13": 2, "27": 2, "60": 5, "59": 5, "56": 5, "55": 5, "51": 7, "47": 5, "57": 5, "52": 6, "46": 6, "61": 5, "34": 10, "36": 8, "50": 5, "33": 10, "54": 5, "35": 5, "58": 5, "48": 5, "49": 5, "41": 7, "38": 5, "45": 6, "53": 5, "44": 3, "64": 1, "63": 1, "42": 1, "32": 3, "31": 2, "7": 1, "8": 3, "39": 2, "3": 2, "40": 1, "62": 6, "37": 2, "43": 2, "65": 3, "67": 4, "68": 3, "75": 4, "78": 4, "76": 2, "77": 3, "72": 3, "79": 1, "82": 1, "69": 3, "83": 2, "81": 1, "84": 1, "86": 1, "87": 1, "88": 2, "92": 1, "89": 2, "90": 1, "91": 2}, "22": {"2": 11, "total_commits": 332, "1": 7, "24": 9, "4": 10, "19": 8, "9": 13, "21": 12, "23": 9, "15": 13, "25": 4, "17": 10, "20": 5, "16": 14, "5": 7, "26": 11, "6": 7, "18": 10, "11": 6, "10": 3, "12": 3, "28": 2, "14": 2, "13": 2, "27": 2, "30": 2, "29": 2, "32": 4, "31": 6, "38": 4, "39": 4, "37": 6, "3": 4, "36": 4, "45": 3, "58": 2, "51": 3, "46": 3, "7": 3, "63": 3, "35": 3, "42": 3, "53": 3, "47": 3, "50": 2, "54": 3, "48": 3, "55": 3, "49": 3, "41": 3, "8": 3, "43": 5, "60": 3, "56": 3, "57": 3, "40": 3, "34": 4, "59": 3, "44": 3, "61": 3, "52": 3, "33": 4, "62": 4, "64": 2, "65": 2, "86": 2, "72": 2, "69": 2, "78": 3, "87": 2, "90": 1, "77": 1, "91": 1, "75": 2, "88": 1, "89": 1, "83": 1, "92": 1, "67": 1, "80": 1}, "21": {"24": 8, "total_commits": 507, "4": 10, "19": 13, "9": 15, "23": 16, "15": 18, "25": 6, "22": 12, "17": 13, "20": 11, "2": 11, "1": 9, "6": 6, "16": 11, "18": 9, "5": 6, "26": 8, "11": 11, "10": 8, "13": 2, "27": 2, "30": 7, "29": 4, "12": 3, "28": 4, "14": 2, "32": 5, "31": 6, "38": 8, "39": 4, "37": 5, "3": 5, "36": 10, "48": 7, "55": 7, "49": 7, "41": 8, "43": 4, "60": 7, "56": 7, "57": 7, "59": 7, "44": 5, "61": 7, "52": 8, "42": 3, "33": 10, "45": 8, "58": 6, "51": 8, "46": 8, "7": 3, "63": 3, "8": 5, "35": 7, "53": 7, "47": 7, "40": 3, "34": 10, "50": 6, "54": 7, "62": 8, "64": 2, "65": 4, "68": 3, "67": 4, "76": 1, "79": 1, "78": 4, "77": 2, "75": 3, "72": 4, "84": 1, "69": 4, "83": 2, "82": 1, "81": 1, "86": 2, "87": 2, "92": 1, "90": 1, "91": 2, "88": 2, "89": 2}, "23": {"21": 16, "total_commits": 457, "22": 9, "17": 13, "20": 13, "2": 8, "1": 11, "24": 9, "4": 7, "9": 14, "15": 16, "19": 11, "25": 6, "11": 11, "16": 8, "5": 4, "18": 8, "26": 7, "10": 8, "28": 5, "29": 5, "13": 2, "27": 2, "30": 7, "12": 2, "14": 2, "6": 4, "31": 6, "3": 4, "36": 9, "32": 4, "38": 7, "39": 4, "37": 4, "40": 2, "34": 9, "54": 6, "62": 8, "59": 6, "55": 6, "43": 3, "60": 6, "52": 7, "33": 9, "45": 7, "51": 7, "44": 4, "46": 7, "61": 6, "63": 2, "42": 2, "53": 6, "48": 6, "49": 6, "41": 7, "7": 2, "8": 4, "35": 6, "56": 6, "47": 6, "57": 6, "50": 5, "58": 5, "64": 2, "65": 4, "68": 3, "67": 4, "79": 1, "76": 1, "75": 3, "78": 4, "77": 2, "72": 4, "81": 1, "84": 1, "82": 1, "69": 4, "83": 2, "86": 2, "87": 2, "89": 2, "90": 1, "92": 1, "91": 2, "88": 2}, "25": {"22": 4, "total_commits": 198, "2": 3, "1": 6, "24": 4, "23": 6, "4": 3, "19": 5, "9": 5, "21": 6, "17": 6, "20": 6, "15": 5, "29": 4, "28": 5, "30": 5, "11": 4, "13": 2, "27": 2, "16": 3, "18": 3, "26": 3, "12": 2, "10": 4, "14": 2, "6": 2, "5": 2, "31": 2, "36": 4, "32": 3, "37": 2, "38": 4, "39": 2, "3": 2, "54": 3, "58": 3, "48": 3, "46": 3, "49": 3, "33": 3, "35": 3, "53": 3, "59": 3, "56": 3, "55": 3, "41": 3, "45": 3, "60": 3, "51": 3, "47": 3, "57": 3, "52": 3, "61": 3, "34": 3, "50": 3, "42": 1, "7": 1, "8": 2, "40": 1, "62": 2, "43": 1, "44": 2, "64": 1, "63": 1, "67": 1, "68": 1}, "1": {"22": 7, "total_commits": 301, "17": 10, "20": 9, "2": 8, "24": 7, "4": 9, "19": 6, "9": 9, "21": 9, "23": 11, "15": 10, "25": 6, "5": 6, "11": 6, "29": 5, "28": 6, "30": 5, "18": 6, "26": 5, "10": 5, "16": 6, "27": 2, "12": 2, "14": 2, "6": 5, "13": 2, "31": 4, "48": 4, "37": 2, "55": 4, "49": 4, "41": 4, "39": 2, "43": 2, "60": 4, "56": 4, "3": 3, "57": 4, "36": 4, "59": 4, "44": 3, "61": 4, "52": 4, "42": 2, "33": 4, "38": 4, "45": 4, "51": 4, "46": 4, "7": 3, "63": 2, "8": 4, "35": 4, "53": 4, "47": 4, "40": 2, "34": 4, "54": 4, "62": 4, "50": 3, "58": 3, "64": 3, "32": 2, "68": 1, "67": 1, "72": 2, "65": 1, "69": 1, "86": 1, "78": 1, "87": 1}, "19": {"23": 11, "total_commits": 448, "9": 12, "25": 5, "21": 13, "22": 8, "17": 10, "20": 13, "15": 13, "2": 8, "24": 4, "4": 6, "1": 6, "16": 7, "5": 5, "18": 5, "26": 6, "10": 9, "11": 14, "6": 4, "30": 7, "12": 3, "14": 2, "28": 4, "29": 4, "13": 2, "27": 2, "32": 4, "35": 7, "56": 7, "3": 3, "47": 7, "57": 7, "40": 2, "34": 12, "36": 9, "50": 7, "54": 7, "37": 3, "59": 7, "55": 7, "43": 3, "60": 7, "52": 8, "33": 12, "38": 7, "45": 8, "51": 9, "44": 4, "46": 7, "61": 7, "63": 2, "42": 2, "53": 7, "58": 7, "48": 7, "49": 7, "41": 8, "7": 2, "8": 4, "39": 2, "62": 6, "64": 1, "31": 2, "65": 3, "67": 5, "66": 1, "68": 3, "77": 3, "75": 4, "78": 4, "76": 2, "72": 3, "79": 1, "83": 2, "81": 1, "84": 1, "82": 1, "69": 3, "91": 2, "86": 1, "87": 1, "88": 2, "89": 2, "90": 1, "92": 1}, "4": {"25": 3, "total_commits": 272, "21": 10, "22": 10, "17": 9, "20": 4, "2": 11, "1": 9, "24": 6, "19": 6, "9": 9, "23": 7, "15": 11, "5": 8, "16": 9, "18": 7, "6": 7, "26": 6, "10": 3, "11": 4, "28": 2, "12": 3, "14": 2, "13": 2, "27": 2, "29": 2, "30": 2, "32": 2, "31": 4, "53": 3, "47": 3, "50": 2, "58": 2, "48": 3, "49": 3, "41": 3, "7": 4, "8": 4, "60": 3, "56": 3, "3": 4, "57": 3, "40": 3, "34": 3, "36": 3, "54": 3, "37": 3, "59": 3, "55": 3, "43": 3, "52": 3, "33": 3, "38": 3, "45": 3, "51": 3, "44": 3, "46": 3, "61": 3, "63": 3, "35": 3, "42": 3, "39": 2, "62": 3, "64": 3, "72": 2, "86": 1, "87": 1, "69": 1, "78": 1, "65": 1}, "6": {"2": 9, "total_commits": 239, "9": 7, "16": 8, "18": 7, "15": 7, "21": 6, "22": 7, "17": 6, "4": 7, "19": 4, "26": 5, "11": 4, "5": 6, "28": 2, "24": 4, "29": 2, "13": 2, "27": 2, "1": 5, "30": 2, "23": 4, "25": 2, "20": 2, "12": 2, "10": 3, "14": 2, "40": 4, "45": 4, "3": 5, "33": 4, "7": 5, "8": 5, "36": 3, "51": 3, "44": 3, "61": 3, "63": 3, "42": 3, "53": 3, "38": 3, "58": 2, "48": 3, "46": 3, "49": 3, "35": 3, "56": 3, "47": 3, "57": 3, "34": 3, "50": 2, "54": 3, "37": 3, "59": 3, "55": 3, "41": 3, "43": 3, "60": 3, "52": 3, "31": 3, "39": 2, "62": 3, "64": 3, "32": 1, "72": 2, "69": 1, "65": 1, "86": 1, "78": 1, "87": 1}, "5": {"22": 7, "total_commits": 254, "26": 7, "15": 9, "9": 7, "16": 7, "1": 6, "4": 8, "10": 4, "2": 7, "11": 5, "23": 4, "19": 5, "21": 6, "17": 6, "20": 3, "18": 4, "29": 2, "13": 2, "27": 2, "30": 2, "25": 2, "12": 3, "14": 2, "24": 3, "6": 6, "28": 2, "32": 2, "7": 6, "8": 6, "45": 4, "40": 5, "3": 6, "33": 4, "42": 4, "53": 3, "58": 2, "48": 3, "49": 3, "41": 3, "35": 3, "56": 3, "47": 3, "57": 3, "34": 3, "36": 3, "50": 2, "54": 3, "37": 4, "59": 3, "55": 3, "43": 4, "60": 3, "52": 3, "38": 3, "51": 3, "44": 4, "46": 3, "61": 3, "63": 4, "31": 2, "39": 3, "62": 3, "64": 2, "72": 2, "69": 1, "89": 1, "90": 1, "65": 1, "92": 1, "91": 1, "88": 1}, "26": {"22": 11, "total_commits": 301, "15": 10, "9": 10, "16": 11, "5": 7, "11": 5, "1": 5, "23": 7, "4": 6, "19": 6, "21": 8, "17": 7, "20": 4, "18": 8, "10": 3, "2": 7, "6": 5, "25": 3, "12": 2, "14": 2, "28": 2, "24": 7, "29": 2, "13": 2, "27": 2, "30": 2, "31": 5, "32": 3, "39": 5, "37": 7, "38": 4, "3": 5, "36": 4, "51": 3, "44": 4, "61": 3, "63": 4, "42": 4, "33": 4, "53": 3, "45": 3, "58": 2, "48": 3, "46": 3, "49": 3, "7": 4, "8": 4, "35": 3, "56": 3, "47": 3, "57": 3, "40": 4, "34": 4, "50": 2, "54": 3, "59": 3, "55": 3, "41": 3, "43": 6, "60": 3, "52": 3, "62": 4, "64": 1, "90": 2, "88": 2, "69": 2, "89": 2, "72": 2, "65": 2, "92": 2, "91": 2, "77": 1, "83": 1, "75": 2, "86": 1, "78": 2, "87": 1, "80": 1, "67": 1}, "27": {"9": 4, "total_commits": 93, "12": 4, "25": 2, "20": 2, "10": 2, "14": 2, "6": 2, "19": 2, "5": 2, "15": 2, "28": 2, "11": 2, "24": 2, "29": 2, "21": 2, "13": 2, "22": 2, "1": 2, "30": 2, "23": 2, "4": 2, "16": 2, "17": 2, "18": 2, "2": 2, "26": 2, "51": 1, "44": 1, "64": 1, "61": 1, "63": 1, "42": 1, "33": 1, "53": 1, "32": 1, "38": 1, "45": 1, "31": 1, "58": 1, "48": 1, "46": 1, "49": 1, "7": 1, "8": 1, "35": 1, "56": 1, "3": 1, "47": 1, "57": 1, "40": 1, "34": 1, "50": 1, "54": 1, "62": 1, "37": 1, "59": 1, "55": 1, "41": 1, "39": 1, "43": 1, "60": 1, "52": 1, "36": 1}, "29": {"25": 4, "total_commits": 176, "20": 6, "1": 5, "28": 5, "30": 5, "21": 4, "13": 2, "5": 2, "22": 2, "27": 2, "11": 4, "4": 2, "16": 2, "26": 2, "23": 5, "12": 2, "17": 3, "18": 2, "2": 2, "19": 4, "15": 3, "10": 4, "14": 2, "24": 3, "6": 2, "9": 3, "52": 3, "46": 3, "34": 3, "36": 3, "33": 3, "35": 3, "48": 3, "55": 3, "49": 3, "41": 3, "38": 3, "45": 3, "53": 3, "60": 3, "59": 3, "47": 3, "56": 3, "61": 3, "50": 3, "54": 3, "58": 3, "51": 3, "57": 3, "31": 1, "64": 1, "7": 1, "63": 1, "42": 1, "32": 1, "62": 2, "8": 2, "39": 1, "43": 1, "3": 1, "40": 1, "37": 1, "44": 2, "67": 1, "78": 1, "82": 1, "81": 1, "69": 1, "83": 1, "68": 1, "84": 1}, "30": {"20": 8, "total_commits": 298, "29": 5, "1": 5, "28": 5, "25": 5, "6": 2, "19": 7, "5": 2, "22": 2, "15": 6, "11": 7, "4": 2, "9": 6, "21": 7, "13": 2, "26": 2, "27": 2, "23": 7, "16": 2, "17": 6, "18": 2, "2": 3, "12": 2, "10": 7, "14": 2, "24": 2, "57": 6, "52": 7, "46": 7, "61": 6, "34": 6, "36": 6, "50": 6, "33": 6, "54": 6, "58": 6, "48": 6, "49": 6, "41": 6, "38": 5, "45": 6, "35": 6, "53": 6, "59": 6, "56": 6, "55": 6, "60": 6, "51": 6, "47": 6, "40": 1, "62": 5, "37": 1, "43": 1, "44": 3, "64": 1, "63": 1, "42": 1, "32": 2, "31": 1, "7": 1, "8": 3, "39": 1, "3": 2, "65": 3, "68": 3, "67": 3, "79": 1, "76": 1, "75": 3, "78": 2, "77": 1, "72": 1, "83": 1, "81": 1, "84": 1, "82": 1, "69": 1, "87": 1, "92": 1, "86": 1, "90": 1}, "28": {"20": 6, "total_commits": 174, "29": 5, "1": 6, "25": 5, "30": 5, "15": 3, "10": 4, "14": 2, "24": 3, "6": 2, "9": 3, "13": 2, "5": 2, "22": 2, "27": 2, "11": 4, "4": 2, "16": 2, "21": 4, "26": 2, "23": 5, "12": 2, "17": 4, "18": 2, "2": 2, "19": 4, "50": 3, "54": 3, "58": 3, "51": 3, "57": 3, "52": 3, "46": 3, "34": 3, "36": 3, "33": 3, "35": 3, "48": 3, "49": 3, "41": 3, "38": 3, "45": 3, "53": 3, "60": 3, "59": 3, "47": 3, "56": 3, "55": 3, "61": 3, "31": 1, "44": 2, "64": 1, "63": 1, "42": 1, "32": 2, "62": 2, "7": 1, "8": 2, "39": 1, "43": 1, "3": 1, "40": 1, "37": 1, "67": 1, "68": 1}, "31": {"24": 8, "total_commits": 201, "17": 5, "2": 4, "26": 5, "4": 4, "1": 4, "23": 6, "9": 7, "16": 6, "21": 6, "22": 6, "15": 6, "18": 6, "32": 3, "38": 3, "39": 4, "37": 4, "25": 2, "3": 4, "36": 3, "62": 5, "51": 3, "45": 3, "53": 2, "6": 3, "48": 2, "49": 2, "7": 2, "8": 2, "35": 2, "56": 2, "47": 2, "57": 2, "40": 2, "34": 3, "54": 2, "59": 2, "55": 2, "41": 2, "43": 3, "60": 2, "52": 2, "5": 2, "33": 3, "44": 2, "46": 2, "61": 2, "63": 2, "42": 2, "10": 1, "58": 1, "11": 2, "27": 1, "12": 1, "14": 1, "50": 1, "30": 1, "20": 2, "19": 2, "28": 1, "29": 1, "13": 1, "64": 2, "65": 2, "86": 2, "78": 2, "87": 2, "72": 2, "69": 2, "90": 1, "92": 1, "91": 1, "75": 1, "77": 1, "88": 1, "83": 1, "89": 1}, "32": {"17": 7, "total_commits": 178, "12": 2, "2": 3, "11": 4, "4": 2, "19": 4, "9": 5, "16": 4, "5": 2, "21": 5, "22": 4, "15": 5, "36": 3, "18": 3, "31": 3, "24": 3, "26": 3, "39": 3, "37": 3, "23": 4, "38": 3, "25": 3, "3": 3, "40": 2, "7": 2, "64": 2, "56": 2, "14": 1, "47": 2, "57": 2, "34": 3, "50": 2, "54": 2, "62": 3, "30": 2, "59": 2, "55": 2, "41": 2, "43": 2, "20": 3, "60": 2, "52": 2, "33": 3, "28": 2, "29": 1, "13": 1, "45": 2, "51": 2, "44": 2, "61": 2, "63": 1, "42": 1, "1": 2, "53": 2, "10": 2, "6": 1, "58": 2, "48": 2, "46": 2, "49": 2, "27": 1, "8": 2, "35": 2, "68": 1, "67": 1, "70": 1, "69": 2, "71": 1, "72": 2, "86": 1, "78": 1, "87": 1, "90": 1, "77": 1, "88": 1, "83": 1, "89": 1, "65": 1, "92": 1, "91": 1, "75": 1}, "34": {"35": 9, "total_commits": 443, "17": 7, "33": 15, "41": 10, "10": 8, "51": 11, "8": 7, "11": 11, "45": 11, "52": 11, "46": 9, "9": 9, "3": 5, "63": 4, "42": 4, "7": 4, "39": 4, "40": 4, "43": 5, "44": 5, "61": 8, "22": 4, "53": 8, "6": 3, "58": 7, "48": 8, "21": 10, "49": 8, "56": 8, "2": 4, "47": 8, "57": 8, "15": 10, "36": 10, "50": 7, "54": 8, "4": 3, "26": 4, "37": 4, "59": 8, "55": 8, "60": 8, "19": 12, "5": 3, "38": 8, "16": 4, "18": 3, "24": 3, "31": 3, "23": 9, "62": 7, "1": 4, "25": 3, "20": 10, "28": 3, "29": 3, "30": 6, "64": 1, "32": 3, "27": 1, "12": 1, "14": 1, "13": 1, "65": 3, "67": 5, "66": 1, "68": 3, "75": 4, "78": 4, "76": 2, "77": 3, "72": 3, "79": 1, "82": 1, "69": 3, "83": 2, "81": 1, "84": 1, "86": 1, "87": 1, "88": 2, "89": 2, "90": 1, "92": 1, "91": 2}, "35": {"34": 9, "total_commits": 348, "4": 3, "16": 3, "26": 3, "51": 8, "44": 5, "61": 9, "63": 3, "42": 3, "33": 8, "53": 9, "38": 8, "45": 8, "58": 8, "21": 7, "46": 8, "49": 9, "22": 3, "7": 3, "8": 5, "56": 9, "2": 3, "3": 3, "47": 9, "57": 9, "40": 3, "15": 7, "50": 8, "54": 9, "6": 3, "48": 9, "37": 3, "59": 9, "55": 9, "41": 7, "43": 3, "60": 9, "52": 9, "19": 7, "5": 3, "36": 7, "1": 4, "31": 2, "18": 2, "24": 2, "23": 6, "17": 6, "62": 5, "39": 2, "9": 6, "25": 3, "10": 6, "28": 3, "20": 5, "11": 6, "29": 3, "30": 6, "64": 1, "27": 1, "12": 1, "14": 1, "32": 2, "13": 1, "65": 1, "67": 3, "66": 1, "68": 2, "75": 1, "69": 1, "78": 1, "82": 1, "81": 1, "84": 1, "83": 1}, "39": {"24": 4, "total_commits": 196, "37": 5, "23": 4, "9": 5, "38": 3, "25": 2, "16": 4, "21": 4, "22": 4, "17": 3, "3": 5, "15": 5, "18": 4, "31": 4, "36": 3, "26": 5, "32": 3, "41": 3, "46": 3, "47": 3, "45": 4, "52": 3, "40": 4, "34": 4, "43": 5, "33": 4, "63": 4, "42": 4, "7": 4, "1": 2, "53": 2, "6": 2, "48": 2, "49": 2, "8": 3, "35": 2, "56": 2, "2": 2, "57": 2, "54": 2, "62": 4, "59": 2, "55": 2, "60": 2, "5": 3, "4": 2, "51": 2, "44": 3, "61": 2, "10": 1, "58": 1, "11": 2, "27": 1, "12": 1, "14": 1, "50": 1, "30": 1, "20": 2, "19": 2, "28": 1, "29": 1, "13": 1, "64": 1, "65": 2, "92": 2, "91": 2, "90": 2, "88": 2, "69": 2, "89": 2, "72": 2, "75": 1, "86": 1, "78": 1, "87": 1, "77": 1, "83": 1}, "37": {"32": 3, "total_commits": 232, "9": 5, "38": 4, "16": 6, "39": 5, "21": 5, "23": 4, "15": 6, "25": 2, "22": 6, "17": 3, "3": 5, "31": 4, "36": 4, "18": 4, "26": 7, "24": 5, "59": 3, "44": 4, "55": 3, "61": 3, "52": 3, "5": 4, "33": 4, "45": 3, "58": 2, "51": 3, "46": 3, "7": 4, "63": 4, "35": 3, "42": 4, "53": 3, "47": 3, "50": 2, "54": 3, "6": 3, "48": 3, "49": 3, "41": 3, "8": 4, "43": 6, "60": 3, "56": 3, "2": 3, "19": 3, "57": 3, "40": 4, "34": 4, "4": 3, "1": 2, "62": 4, "20": 2, "29": 1, "64": 1, "27": 1, "12": 1, "10": 1, "30": 1, "11": 2, "28": 1, "14": 1, "13": 1, "65": 2, "91": 2, "88": 2, "89": 2, "72": 2, "92": 2, "69": 2, "90": 2, "77": 1, "75": 2, "86": 1, "83": 1, "78": 2, "87": 1, "80": 1, "67": 1}, "36": {"18": 3, "total_commits": 367, "26": 4, "24": 3, "32": 3, "9": 7, "38": 8, "39": 3, "37": 4, "23": 9, "15": 9, "25": 4, "16": 4, "21": 10, "22": 4, "17": 6, "3": 5, "31": 3, "63": 3, "35": 7, "42": 3, "53": 7, "47": 7, "50": 6, "54": 7, "6": 3, "58": 6, "48": 7, "49": 7, "41": 8, "7": 3, "8": 5, "43": 3, "60": 7, "56": 7, "2": 4, "19": 9, "57": 7, "40": 3, "34": 10, "4": 3, "59": 7, "55": 7, "61": 7, "52": 8, "5": 3, "33": 10, "45": 8, "51": 8, "44": 5, "46": 8, "62": 6, "1": 4, "30": 6, "11": 7, "29": 3, "28": 3, "20": 8, "10": 6, "27": 1, "12": 1, "14": 1, "13": 1, "64": 1, "65": 2, "68": 3, "67": 4, "79": 1, "78": 2, "76": 1, "77": 1, "75": 2, "72": 2, "82": 1, "81": 1, "69": 2, "83": 1, "84": 1, "89": 1, "91": 1, "88": 1}, "38": {"9": 7, "total_commits": 347, "25": 4, "16": 4, "39": 3, "21": 8, "17": 7, "3": 4, "15": 8, "18": 3, "22": 4, "31": 3, "36": 8, "26": 4, "32": 3, "24": 3, "37": 4, "23": 7, "47": 8, "57": 8, "40": 3, "34": 8, "50": 7, "54": 8, "59": 8, "55": 8, "41": 7, "43": 3, "60": 8, "52": 8, "19": 7, "5": 3, "4": 3, "51": 8, "44": 5, "61": 8, "63": 3, "42": 3, "33": 8, "53": 8, "45": 8, "6": 3, "58": 7, "48": 8, "46": 7, "49": 8, "7": 3, "8": 5, "35": 8, "56": 8, "2": 3, "62": 5, "1": 4, "20": 5, "10": 6, "28": 3, "11": 6, "29": 3, "30": 5, "12": 1, "14": 1, "13": 1, "64": 1, "27": 1, "65": 1, "67": 3, "66": 1, "68": 2, "83": 1, "82": 1, "81": 1, "84": 1, "69": 1, "78": 1}, "3": {"39": 5, "total_commits": 260, "24": 4, "37": 5, "23": 4, "9": 7, "38": 4, "25": 2, "16": 4, "21": 5, "22": 4, "17": 5, "15": 6, "18": 3, "31": 4, "36": 5, "26": 5, "32": 3, "2": 6, "40": 7, "7": 8, "6": 5, "45": 7, "5": 6, "33": 6, "10": 3, "8": 6, "11": 3, "51": 5, "62": 5, "52": 5, "34": 5, "43": 5, "63": 6, "42": 5, "58": 2, "48": 3, "46": 4, "49": 3, "35": 3, "56": 3, "47": 3, "57": 3, "50": 2, "54": 3, "59": 3, "55": 3, "41": 4, "60": 3, "19": 3, "4": 4, "44": 4, "61": 3, "53": 3, "1": 3, "27": 1, "12": 1, "14": 1, "30": 2, "20": 2, "28": 1, "29": 1, "13": 1, "64": 2, "72": 3, "68": 1, "76": 1, "65": 2, "79": 1, "75": 1, "78": 1, "77": 1, "67": 1, "69": 1, "89": 1, "92": 1, "91": 1, "90": 1, "88": 1}, "33": {"17": 8, "total_commits": 456, "47": 9, "45": 13, "43": 6, "48": 9, "46": 10, "6": 4, "40": 5, "5": 4, "7": 5, "3": 6, "8": 7, "11": 12, "10": 9, "9": 9, "34": 15, "52": 11, "41": 10, "51": 11, "39": 4, "42": 4, "63": 4, "15": 10, "50": 7, "54": 8, "37": 4, "55": 8, "49": 8, "60": 8, "56": 8, "19": 12, "57": 8, "36": 10, "4": 3, "16": 4, "26": 4, "59": 8, "44": 5, "61": 8, "38": 8, "58": 7, "21": 10, "22": 4, "35": 8, "2": 4, "53": 8, "62": 7, "23": 9, "1": 4, "31": 3, "18": 3, "24": 3, "28": 3, "25": 3, "20": 10, "29": 3, "30": 6, "32": 3, "14": 1, "13": 1, "64": 1, "27": 1, "12": 1, "65": 3, "67": 5, "66": 1, "68": 3, "77": 3, "75": 4, "78": 4, "76": 2, "72": 3, "79": 1, "82": 1, "81": 1, "84": 1, "69": 3, "83": 2, "88": 2, "89": 2, "92": 1, "86": 1, "87": 1, "90": 1, "91": 2}, "7": {"3": 8, "total_commits": 207, "32": 2, "2": 5, "40": 7, "17": 4, "6": 5, "45": 5, "5": 6, "33": 5, "10": 2, "8": 6, "11": 2, "39": 4, "52": 4, "34": 4, "43": 5, "63": 5, "42": 5, "38": 3, "58": 2, "48": 3, "21": 3, "46": 3, "49": 3, "35": 3, "56": 3, "47": 3, "57": 3, "15": 4, "50": 2, "54": 3, "37": 4, "59": 3, "55": 3, "41": 3, "60": 3, "19": 2, "36": 3, "4": 4, "16": 3, "26": 4, "51": 3, "44": 4, "61": 3, "22": 3, "53": 3, "31": 2, "24": 2, "23": 2, "62": 3, "9": 3, "18": 2, "1": 3, "27": 1, "12": 1, "14": 1, "30": 1, "20": 1, "28": 1, "29": 1, "13": 1, "25": 1, "64": 2, "72": 2, "90": 1, "88": 1, "69": 1, "89": 1, "65": 1, "92": 1, "91": 1}, "40": {"17": 3, "total_commits": 202, "3": 7, "7": 7, "32": 2, "2": 4, "44": 5, "43": 6, "42": 6, "41": 4, "8": 6, "45": 5, "5": 5, "33": 5, "10": 2, "11": 2, "6": 4, "39": 4, "52": 4, "34": 4, "63": 5, "4": 3, "16": 3, "26": 4, "51": 3, "61": 3, "22": 3, "53": 3, "38": 3, "58": 2, "48": 3, "21": 3, "46": 3, "49": 3, "35": 3, "56": 3, "47": 3, "57": 3, "15": 4, "36": 3, "50": 2, "54": 3, "37": 4, "59": 3, "55": 3, "60": 3, "19": 2, "18": 2, "24": 2, "1": 2, "31": 2, "23": 2, "62": 3, "9": 3, "25": 1, "64": 1, "27": 1, "12": 1, "14": 1, "30": 1, "20": 1, "28": 1, "29": 1, "13": 1, "91": 1, "90": 1, "88": 1, "69": 1, "89": 1, "72": 1, "65": 1, "92": 1}, "44": {"40": 5, "total_commits": 262, "43": 5, "42": 5, "41": 6, "8": 7, "34": 5, "15": 6, "50": 4, "54": 5, "6": 3, "48": 5, "37": 4, "55": 5, "60": 5, "56": 5, "52": 5, "19": 4, "5": 4, "36": 5, "4": 3, "16": 3, "26": 4, "59": 5, "61": 5, "63": 4, "33": 5, "53": 5, "38": 5, "45": 5, "58": 4, "51": 5, "21": 5, "46": 5, "49": 5, "22": 3, "7": 4, "35": 5, "2": 3, "3": 4, "47": 5, "57": 5, "62": 5, "39": 3, "9": 5, "1": 3, "31": 2, "18": 2, "24": 2, "23": 4, "17": 3, "30": 3, "28": 2, "29": 2, "13": 1, "64": 1, "20": 3, "10": 3, "25": 2, "11": 3, "27": 1, "12": 1, "14": 1, "32": 2, "68": 2, "67": 2, "81": 1, "84": 1, "69": 2, "83": 1, "78": 1, "82": 1, "89": 1, "72": 1, "65": 1, "92": 1, "91": 1, "90": 1, "88": 1}, "41": {"44": 6, "total_commits": 378, "40": 4, "43": 4, "42": 4, "8": 7, "45": 11, "39": 3, "46": 11, "47": 9, "50": 7, "49": 8, "54": 8, "60": 8, "59": 8, "55": 8, "58": 7, "56": 8, "57": 8, "51": 11, "52": 10, "48": 8, "61": 8, "53": 8, "9": 7, "34": 10, "17": 6, "10": 7, "33": 10, "11": 8, "16": 3, "26": 3, "38": 7, "21": 8, "22": 3, "7": 3, "63": 3, "35": 7, "2": 4, "3": 4, "15": 7, "6": 3, "37": 3, "19": 8, "5": 3, "36": 8, "4": 3, "1": 4, "31": 2, "18": 2, "24": 2, "23": 7, "62": 6, "28": 3, "25": 3, "20": 7, "29": 3, "30": 6, "64": 1, "27": 1, "12": 1, "14": 1, "32": 2, "13": 1, "65": 2, "67": 3, "68": 3, "77": 2, "75": 2, "78": 3, "76": 2, "72": 1, "79": 1, "82": 1, "81": 1, "84": 1, "69": 1, "83": 1}, "8": {"44": 7, "total_commits": 293, "40": 6, "43": 5, "41": 7, "42": 5, "33": 7, "10": 5, "7": 6, "11": 5, "6": 5, "45": 7, "5": 6, "3": 6, "51": 6, "9": 6, "52": 6, "46": 6, "34": 7, "17": 5, "56": 5, "2": 4, "19": 4, "47": 5, "57": 5, "36": 5, "50": 4, "54": 5, "4": 4, "26": 4, "37": 4, "59": 5, "55": 5, "38": 5, "16": 3, "61": 5, "22": 3, "63": 4, "35": 5, "53": 5, "15": 6, "58": 4, "48": 5, "21": 5, "49": 5, "60": 5, "62": 5, "1": 4, "18": 2, "24": 2, "31": 2, "39": 3, "23": 4, "12": 1, "14": 1, "30": 3, "20": 3, "28": 2, "29": 2, "13": 1, "25": 2, "64": 2, "32": 2, "27": 1, "68": 2, "67": 2, "72": 2, "78": 1, "83": 1, "81": 1, "84": 1, "82": 1, "69": 2, "88": 1, "92": 1, "89": 1, "90": 1, "65": 1, "91": 1}, "42": {"44": 5, "total_commits": 188, "40": 6, "43": 6, "41": 4, "8": 5, "7": 5, "39": 4, "52": 4, "45": 4, "34": 4, "3": 5, "33": 4, "63": 5, "6": 3, "58": 2, "48": 3, "21": 3, "46": 3, "49": 3, "35": 3, "56": 3, "2": 3, "47": 3, "57": 3, "15": 4, "50": 2, "54": 3, "37": 4, "59": 3, "55": 3, "60": 3, "19": 2, "5": 4, "36": 3, "4": 3, "16": 3, "26": 4, "51": 3, "61": 3, "22": 3, "53": 3, "38": 3, "31": 2, "24": 2, "23": 2, "17": 2, "62": 3, "9": 3, "18": 2, "1": 2, "10": 1, "11": 1, "27": 1, "12": 1, "14": 1, "30": 1, "20": 1, "28": 1, "29": 1, "13": 1, "25": 1, "64": 1, "32": 1, "69": 1, "89": 1, "72": 1, "65": 1, "92": 1, "91": 1, "90": 1, "88": 1}, "43": {"44": 5, "total_commits": 235, "40": 6, "41": 4, "42": 6, "8": 5, "47": 4, "33": 6, "45": 5, "48": 4, "46": 4, "7": 5, "39": 5, "52": 4, "34": 5, "3": 5, "63": 5, "51": 3, "22": 5, "35": 3, "53": 3, "15": 5, "50": 2, "54": 3, "6": 3, "58": 2, "21": 4, "49": 3, "60": 3, "56": 3, "2": 3, "19": 3, "57": 3, "36": 3, "4": 3, "26": 6, "37": 6, "59": 3, "55": 3, "61": 3, "5": 4, "38": 3, "16": 5, "24": 4, "62": 4, "23": 3, "17": 2, "9": 4, "1": 2, "31": 3, "18": 3, "64": 1, "27": 1, "12": 1, "32": 2, "10": 1, "30": 1, "11": 2, "28": 1, "14": 1, "13": 1, "20": 2, "29": 1, "25": 1, "72": 2, "92": 2, "69": 2, "89": 2, "90": 2, "65": 2, "91": 2, "88": 2, "83": 1, "78": 2, "87": 1, "77": 1, "75": 2, "86": 1, "67": 1, "80": 1}, "46": {"47": 11, "total_commits": 398, "45": 14, "39": 3, "41": 11, "33": 10, "43": 4, "48": 10, "50": 10, "49": 10, "11": 9, "15": 9, "54": 9, "60": 9, "59": 9, "55": 9, "58": 9, "56": 9, "57": 9, "51": 11, "61": 9, "53": 9, "52": 12, "17": 7, "10": 7, "8": 6, "9": 7, "34": 9, "19": 7, "5": 3, "3": 4, "36": 8, "4": 3, "16": 3, "26": 3, "44": 5, "42": 3, "38": 7, "21": 8, "22": 3, "7": 3, "63": 3, "35": 8, "2": 4, "40": 3, "6": 3, "37": 3, "1": 4, "31": 2, "18": 2, "24": 2, "23": 7, "62": 6, "28": 3, "25": 3, "20": 6, "29": 3, "30": 7, "14": 1, "13": 1, "64": 1, "27": 1, "12": 1, "32": 2, "65": 2, "68": 3, "67": 3, "72": 1, "76": 1, "79": 1, "75": 2, "78": 2, "77": 1, "83": 1, "82": 1, "81": 1, "84": 1, "69": 1}, "45": {"47": 11, "total_commits": 433, "39": 4, "41": 11, "46": 14, "33": 13, "43": 5, "48": 10, "15": 10, "50": 10, "49": 10, "11": 11, "8": 7, "7": 5, "6": 4, "40": 5, "5": 4, "3": 7, "10": 9, "59": 9, "55": 9, "58": 9, "56": 9, "57": 9, "51": 13, "52": 13, "61": 9, "53": 9, "54": 9, "60": 9, "31": 3, "9": 9, "24": 3, "62": 7, "34": 11, "17": 8, "63": 4, "42": 4, "36": 8, "4": 3, "16": 3, "26": 3, "44": 5, "38": 8, "21": 8, "22": 3, "35": 8, "2": 4, "37": 3, "19": 8, "1": 4, "18": 2, "23": 7, "30": 6, "28": 3, "25": 3, "20": 6, "29": 3, "64": 1, "27": 1, "12": 1, "14": 1, "32": 2, "13": 1, "65": 2, "67": 4, "66": 1, "68": 3, "76": 1, "79": 1, "75": 1, "78": 2, "77": 1, "72": 1, "82": 1, "81": 1, "84": 1, "69": 1, "83": 1}, "47": {"45": 11, "total_commits": 373, "39": 3, "41": 9, "46": 11, "33": 9, "43": 4, "48": 11, "49": 10, "56": 10, "51": 9, "55": 10, "59": 10, "58": 9, "57": 10, "52": 10, "50": 9, "61": 10, "53": 10, "54": 10, "60": 10, "38": 8, "16": 3, "44": 5, "22": 3, "63": 3, "35": 9, "42": 3, "15": 7, "6": 3, "21": 7, "7": 3, "8": 5, "2": 3, "19": 7, "3": 3, "40": 3, "34": 8, "36": 7, "4": 3, "26": 3, "37": 3, "5": 3, "18": 2, "24": 2, "31": 2, "23": 6, "17": 6, "9": 6, "62": 5, "1": 4, "30": 6, "28": 3, "25": 3, "20": 5, "10": 6, "11": 6, "29": 3, "64": 1, "27": 1, "32": 2, "12": 1, "14": 1, "13": 1, "65": 1, "66": 1, "67": 3, "68": 2, "75": 1, "78": 1, "82": 1, "69": 1, "83": 1, "81": 1, "84": 1}, "48": {"33": 9, "total_commits": 369, "45": 10, "43": 4, "46": 10, "47": 11, "49": 10, "41": 8, "56": 10, "51": 9, "55": 10, "58": 9, "57": 10, "52": 10, "50": 9, "61": 10, "53": 10, "54": 10, "60": 10, "59": 10, "38": 8, "16": 3, "44": 5, "22": 3, "63": 3, "35": 9, "42": 3, "15": 7, "6": 3, "21": 7, "7": 3, "8": 5, "2": 3, "19": 7, "3": 3, "40": 3, "34": 8, "36": 7, "4": 3, "26": 3, "37": 3, "5": 3, "31": 2, "18": 2, "24": 2, "62": 5, "39": 2, "23": 6, "17": 6, "9": 6, "1": 4, "28": 3, "25": 3, "20": 5, "10": 6, "30": 6, "11": 6, "29": 3, "64": 1, "27": 1, "32": 2, "12": 1, "14": 1, "13": 1, "65": 1, "66": 1, "67": 3, "68": 2, "75": 1, "78": 1, "82": 1, "69": 1, "83": 1, "81": 1, "84": 1}, "49": {"46": 10, "total_commits": 369, "11": 7, "15": 8, "50": 10, "45": 10, "60": 10, "51": 9, "47": 10, "55": 10, "58": 9, "48": 10, "41": 8, "57": 10, "52": 10, "61": 10, "53": 10, "59": 10, "54": 10, "56": 10, "19": 7, "5": 3, "36": 7, "4": 3, "16": 3, "26": 3, "44": 5, "22": 3, "63": 3, "42": 3, "33": 8, "38": 8, "6": 3, "21": 7, "7": 3, "8": 5, "35": 9, "2": 3, "3": 3, "40": 3, "34": 8, "37": 3, "43": 3, "9": 6, "18": 2, "1": 4, "31": 2, "24": 2, "23": 6, "17": 6, "62": 5, "39": 2, "10": 6, "28": 3, "29": 3, "30": 6, "25": 3, "20": 5, "13": 1, "64": 1, "32": 2, "27": 1, "12": 1, "14": 1, "65": 1, "67": 3, "66": 1, "68": 2, "75": 1, "69": 1, "78": 1, "83": 1, "82": 1, "81": 1, "84": 1}, "50": {"45": 10, "total_commits": 330, "46": 10, "11": 8, "15": 8, "49": 10, "52": 10, "48": 9, "61": 9, "53": 9, "54": 9, "60": 9, "59": 9, "47": 9, "55": 9, "58": 10, "41": 7, "56": 9, "57": 9, "51": 9, "17": 6, "21": 6, "22": 2, "7": 2, "8": 4, "35": 8, "2": 2, "3": 2, "40": 2, "34": 7, "6": 2, "37": 2, "43": 2, "19": 7, "5": 2, "36": 6, "4": 2, "16": 2, "26": 2, "44": 4, "63": 2, "42": 2, "33": 7, "38": 7, "28": 3, "25": 3, "20": 5, "29": 3, "1": 3, "30": 6, "23": 5, "10": 6, "24": 1, "27": 1, "12": 1, "14": 1, "32": 2, "62": 4, "39": 1, "9": 5, "13": 1, "64": 1, "31": 1, "18": 1, "65": 1, "67": 3, "66": 1, "68": 2, "75": 1, "78": 1, "82": 1, "81": 1, "84": 1, "69": 1, "83": 1}, "53": {"45": 9, "total_commits": 364, "52": 10, "46": 9, "61": 10, "60": 10, "59": 10, "50": 9, "47": 10, "49": 10, "54": 10, "41": 8, "56": 10, "51": 9, "55": 10, "58": 9, "48": 10, "57": 10, "37": 3, "43": 3, "5": 3, "33": 8, "38": 8, "16": 3, "44": 5, "22": 3, "63": 3, "35": 9, "42": 3, "15": 7, "6": 3, "21": 7, "7": 3, "8": 5, "2": 3, "19": 7, "3": 3, "40": 3, "34": 8, "36": 7, "4": 3, "26": 3, "1": 4, "18": 2, "24": 2, "31": 2, "39": 2, "23": 6, "17": 6, "9": 6, "62": 5, "30": 6, "25": 3, "20": 5, "10": 6, "28": 3, "11": 6, "29": 3, "64": 1, "32": 2, "27": 1, "12": 1, "14": 1, "13": 1, "65": 1, "67": 3, "66": 1, "68": 2, "75": 1, "82": 1, "69": 1, "78": 1, "83": 1, "81": 1, "84": 1}, "52": {"45": 13, "total_commits": 422, "46": 12, "59": 10, "50": 10, "49": 10, "54": 10, "56": 10, "60": 10, "51": 13, "55": 10, "47": 10, "58": 10, "41": 10, "57": 10, "48": 10, "61": 10, "53": 10, "34": 11, "17": 8, "10": 8, "33": 11, "8": 6, "11": 9, "9": 8, "40": 4, "39": 3, "43": 4, "3": 5, "63": 4, "42": 4, "7": 4, "15": 9, "44": 5, "38": 8, "6": 3, "21": 8, "22": 3, "35": 9, "2": 4, "37": 3, "19": 8, "5": 3, "36": 8, "4": 3, "16": 3, "26": 3, "1": 4, "31": 2, "18": 2, "24": 2, "23": 7, "62": 6, "28": 3, "20": 6, "29": 3, "30": 7, "25": 3, "64": 1, "32": 2, "27": 1, "12": 1, "14": 1, "13": 1, "65": 2, "67": 4, "66": 1, "68": 3, "72": 1, "76": 1, "79": 1, "75": 2, "78": 2, "77": 1, "69": 1, "83": 1, "82": 1, "81": 1, "84": 1}, "58": {"41": 7, "total_commits": 325, "57": 9, "52": 10, "48": 9, "61": 9, "53": 9, "45": 9, "46": 9, "50": 10, "49": 9, "54": 9, "56": 9, "60": 9, "51": 9, "59": 9, "47": 9, "55": 9, "17": 6, "11": 7, "15": 7, "36": 6, "4": 2, "16": 2, "26": 2, "44": 4, "63": 2, "42": 2, "33": 7, "38": 7, "21": 6, "22": 2, "7": 2, "8": 4, "35": 8, "2": 2, "3": 2, "40": 2, "34": 7, "6": 2, "37": 2, "43": 2, "19": 7, "5": 2, "29": 3, "1": 3, "30": 6, "23": 5, "25": 3, "10": 6, "28": 3, "20": 5, "9": 5, "13": 1, "64": 1, "31": 1, "18": 1, "24": 1, "27": 1, "12": 1, "14": 1, "32": 2, "62": 4, "39": 1, "65": 1, "67": 3, "66": 1, "68": 2, "75": 1, "83": 1, "78": 1, "82": 1, "81": 1, "84": 1, "69": 1}, "60": {"51": 9, "total_commits": 364, "47": 10, "55": 10, "58": 9, "48": 10, "41": 8, "57": 10, "45": 9, "52": 10, "61": 10, "53": 10, "46": 9, "59": 10, "50": 9, "49": 10, "54": 10, "56": 10, "26": 3, "44": 5, "22": 3, "63": 3, "42": 3, "38": 8, "6": 3, "21": 7, "7": 3, "8": 5, "35": 9, "2": 3, "3": 3, "40": 3, "34": 8, "15": 7, "36": 7, "37": 3, "43": 3, "19": 7, "5": 3, "33": 8, "4": 3, "16": 3, "24": 2, "1": 4, "31": 2, "39": 2, "23": 6, "17": 6, "62": 5, "9": 6, "18": 2, "25": 3, "20": 5, "10": 6, "28": 3, "11": 6, "29": 3, "30": 6, "64": 1, "32": 2, "27": 1, "12": 1, "14": 1, "13": 1, "65": 1, "67": 3, "66": 1, "68": 2, "75": 1, "69": 1, "78": 1, "83": 1, "82": 1, "81": 1, "84": 1}, "51": {"45": 13, "total_commits": 411, "46": 11, "59": 9, "50": 9, "49": 9, "54": 9, "56": 9, "60": 9, "47": 9, "55": 9, "58": 9, "48": 9, "41": 11, "57": 9, "52": 13, "61": 9, "53": 9, "9": 9, "24": 3, "3": 5, "62": 7, "31": 3, "34": 11, "17": 8, "33": 11, "10": 8, "8": 6, "11": 10, "15": 9, "42": 3, "38": 8, "6": 3, "21": 8, "7": 3, "35": 8, "2": 4, "40": 3, "37": 3, "43": 3, "19": 9, "5": 3, "36": 8, "4": 3, "16": 3, "26": 3, "44": 5, "22": 3, "63": 3, "1": 4, "39": 2, "23": 7, "18": 2, "30": 6, "25": 3, "20": 7, "28": 3, "29": 3, "32": 2, "27": 1, "12": 1, "14": 1, "13": 1, "64": 1, "65": 2, "66": 1, "67": 4, "68": 3, "77": 2, "75": 2, "78": 3, "76": 2, "79": 1, "72": 1, "69": 1, "83": 1, "82": 1, "81": 1, "84": 1}, "57": {"51": 9, "total_commits": 364, "55": 10, "56": 10, "61": 10, "45": 9, "52": 10, "46": 9, "59": 10, "50": 9, "53": 10, "54": 10, "60": 10, "48": 10, "47": 10, "49": 10, "58": 9, "41": 8, "5": 3, "33": 8, "38": 8, "44": 5, "22": 3, "63": 3, "35": 9, "42": 3, "15": 7, "6": 3, "21": 7, "7": 3, "8": 5, "43": 3, "2": 3, "19": 7, "3": 3, "40": 3, "34": 8, "36": 7, "4": 3, "16": 3, "26": 3, "37": 3, "1": 4, "31": 2, "18": 2, "24": 2, "62": 5, "39": 2, "23": 6, "17": 6, "9": 6, "10": 6, "30": 6, "11": 6, "25": 3, "29": 3, "28": 3, "20": 5, "32": 2, "64": 1, "27": 1, "12": 1, "14": 1, "13": 1, "65": 1, "67": 3, "66": 1, "68": 2, "75": 1, "78": 1, "82": 1, "81": 1, "69": 1, "83": 1, "84": 1}, "59": {"50": 9, "total_commits": 364, "49": 10, "54": 10, "56": 10, "60": 10, "51": 9, "47": 10, "55": 10, "58": 9, "48": 10, "41": 8, "57": 10, "45": 9, "52": 10, "61": 10, "53": 10, "46": 9, "43": 3, "19": 7, "5": 3, "33": 8, "4": 3, "16": 3, "26": 3, "44": 5, "22": 3, "63": 3, "42": 3, "38": 8, "6": 3, "21": 7, "7": 3, "8": 5, "35": 9, "2": 3, "3": 3, "40": 3, "34": 8, "15": 7, "36": 7, "37": 3, "9": 6, "18": 2, "24": 2, "1": 4, "31": 2, "39": 2, "23": 6, "17": 6, "62": 5, "25": 3, "20": 5, "10": 6, "28": 3, "11": 6, "29": 3, "30": 6, "13": 1, "64": 1, "32": 2, "27": 1, "12": 1, "14": 1, "65": 1, "67": 3, "66": 1, "68": 2, "75": 1, "69": 1, "78": 1, "83": 1, "82": 1, "81": 1, "84": 1}, "61": {"54": 10, "total_commits": 364, "60": 10, "59": 10, "47": 10, "49": 10, "41": 8, "56": 10, "51": 9, "55": 10, "58": 9, "48": 10, "57": 10, "45": 9, "52": 10, "46": 9, "50": 9, "53": 10, "42": 3, "15": 7, "6": 3, "21": 7, "7": 3, "8": 5, "43": 3, "2": 3, "19": 7, "3": 3, "40": 3, "34": 8, "36": 7, "4": 3, "16": 3, "26": 3, "37": 3, "5": 3, "33": 8, "38": 8, "44": 5, "22": 3, "63": 3, "35": 9, "62": 5, "39": 2, "23": 6, "17": 6, "9": 6, "1": 4, "31": 2, "18": 2, "24": 2, "28": 3, "25": 3, "20": 5, "10": 6, "30": 6, "11": 6, "29": 3, "12": 1, "32": 2, "14": 1, "13": 1, "64": 1, "27": 1, "65": 1, "66": 1, "67": 3, "68": 2, "75": 1, "78": 1, "82": 1, "81": 1, "69": 1, "83": 1, "84": 1}, "54": {"46": 9, "total_commits": 364, "59": 10, "50": 9, "49": 10, "56": 10, "60": 10, "51": 9, "47": 10, "55": 10, "58": 9, "41": 8, "57": 10, "52": 10, "48": 10, "45": 9, "61": 10, "53": 10, "34": 8, "15": 7, "37": 3, "43": 3, "19": 7, "5": 3, "36": 7, "4": 3, "16": 3, "26": 3, "44": 5, "63": 3, "42": 3, "33": 8, "38": 8, "6": 3, "21": 7, "22": 3, "7": 3, "8": 5, "35": 9, "2": 3, "3": 3, "40": 3, "62": 5, "39": 2, "9": 6, "1": 4, "31": 2, "18": 2, "24": 2, "23": 6, "17": 6, "28": 3, "20": 5, "11": 6, "29": 3, "30": 6, "25": 3, "10": 6, "13": 1, "64": 1, "32": 2, "27": 1, "12": 1, "14": 1, "65": 1, "67": 3, "66": 1, "68": 2, "75": 1, "81": 1, "84": 1, "69": 1, "78": 1, "83": 1, "82": 1}, "55": {"60": 10, "total_commits": 364, "59": 10, "47": 10, "49": 10, "54": 10, "41": 8, "56": 10, "51": 9, "58": 9, "48": 10, "57": 10, "45": 9, "52": 10, "46": 9, "50": 9, "61": 10, "53": 10, "5": 3, "33": 8, "38": 8, "16": 3, "44": 5, "22": 3, "63": 3, "35": 9, "42": 3, "15": 7, "6": 3, "21": 7, "7": 3, "8": 5, "2": 3, "19": 7, "3": 3, "40": 3, "34": 8, "36": 7, "4": 3, "26": 3, "37": 3, "43": 3, "1": 4, "18": 2, "24": 2, "31": 2, "39": 2, "23": 6, "17": 6, "9": 6, "62": 5, "28": 3, "11": 6, "29": 3, "30": 6, "25": 3, "20": 5, "10": 6, "64": 1, "32": 2, "27": 1, "12": 1, "14": 1, "13": 1, "65": 1, "66": 1, "67": 3, "68": 2, "75": 1, "78": 1, "82": 1, "69": 1, "83": 1, "81": 1, "84": 1}, "56": {"52": 10, "total_commits": 364, "48": 10, "61": 10, "53": 10, "45": 9, "46": 9, "50": 9, "49": 10, "47": 10, "54": 10, "60": 10, "51": 9, "59": 10, "55": 10, "58": 9, "41": 8, "57": 10, "21": 7, "22": 3, "7": 3, "8": 5, "35": 9, "2": 3, "3": 3, "40": 3, "34": 8, "15": 7, "6": 3, "37": 3, "43": 3, "19": 7, "5": 3, "36": 7, "4": 3, "16": 3, "26": 3, "44": 5, "63": 3, "42": 3, "33": 8, "38": 8, "24": 2, "23": 6, "17": 6, "62": 5, "39": 2, "9": 6, "1": 4, "31": 2, "18": 2, "29": 3, "30": 6, "25": 3, "10": 6, "28": 3, "20": 5, "11": 6, "27": 1, "12": 1, "14": 1, "32": 2, "13": 1, "64": 1, "65": 1, "67": 3, "66": 1, "68": 2, "75": 1, "78": 1, "82": 1, "81": 1, "84": 1, "69": 1, "83": 1}, "62": {"31": 5, "total_commits": 338, "9": 11, "45": 7, "24": 5, "3": 5, "51": 7, "36": 6, "4": 3, "16": 4, "18": 4, "26": 4, "44": 5, "61": 5, "22": 4, "63": 3, "42": 3, "1": 4, "53": 5, "38": 5, "6": 3, "48": 5, "21": 8, "46": 6, "49": 5, "7": 3, "8": 5, "35": 5, "39": 4, "23": 8, "17": 4, "56": 5, "2": 4, "47": 5, "57": 5, "40": 3, "34": 7, "15": 9, "54": 5, "37": 4, "59": 5, "55": 5, "41": 6, "43": 4, "60": 5, "52": 6, "5": 3, "33": 7, "29": 2, "13": 1, "25": 2, "64": 2, "32": 3, "10": 5, "58": 4, "11": 6, "27": 1, "12": 1, "14": 1, "50": 4, "30": 5, "20": 6, "19": 6, "28": 2, "65": 5, "68": 3, "67": 3, "72": 4, "76": 1, "79": 1, "75": 2, "78": 4, "77": 2, "69": 4, "83": 2, "82": 1, "81": 1, "84": 1, "86": 2, "87": 2, "89": 2, "92": 2, "91": 2, "90": 2, "88": 2}, "63": {"45": 4, "total_commits": 185, "39": 4, "52": 4, "40": 5, "34": 4, "43": 5, "3": 6, "33": 4, "42": 5, "7": 5, "9": 4, "53": 3, "38": 3, "6": 3, "58": 2, "48": 3, "21": 3, "49": 3, "8": 4, "35": 3, "56": 3, "2": 3, "47": 3, "57": 3, "15": 4, "36": 3, "50": 2, "54": 3, "4": 3, "37": 4, "59": 3, "55": 3, "41": 3, "60": 3, "19": 2, "5": 4, "16": 3, "26": 4, "51": 3, "44": 4, "46": 3, "61": 3, "22": 3, "1": 2, "31": 2, "23": 2, "17": 2, "62": 3, "18": 2, "24": 2, "32": 1, "10": 1, "11": 1, "27": 1, "12": 1, "14": 1, "30": 1, "20": 1, "28": 1, "29": 1, "13": 1, "25": 1, "64": 1, "91": 1, "90": 1, "88": 1, "72": 1, "69": 1, "89": 1, "65": 1, "92": 1}, "64": {"32": 2, "total_commits": 94, "55": 1, "41": 1, "39": 1, "43": 1, "60": 1, "56": 1, "52": 1, "19": 1, "5": 2, "28": 1, "29": 1, "9": 2, "13": 1, "36": 1, "4": 3, "16": 2, "26": 1, "59": 1, "44": 1, "61": 1, "20": 1, "42": 1, "33": 1, "1": 3, "53": 1, "38": 1, "45": 1, "10": 1, "31": 2, "18": 2, "25": 1, "58": 1, "11": 1, "51": 1, "24": 2, "21": 2, "46": 1, "49": 1, "22": 2, "7": 2, "63": 1, "27": 1, "8": 2, "35": 1, "23": 2, "17": 2, "2": 3, "3": 2, "12": 1, "14": 1, "47": 1, "57": 1, "40": 1, "34": 1, "15": 2, "50": 1, "54": 1, "62": 2, "6": 3, "30": 1, "48": 1, "37": 1, "72": 2, "69": 1, "86": 1, "78": 1, "87": 1, "65": 1}, "65": {"17": 2, "total_commits": 139, "36": 2, "33": 3, "35": 1, "30": 3, "48": 1, "23": 4, "53": 1, "55": 1, "41": 2, "38": 1, "45": 2, "60": 1, "10": 2, "59": 1, "47": 1, "56": 1, "57": 1, "52": 2, "19": 3, "61": 1, "34": 3, "15": 5, "50": 1, "54": 1, "20": 3, "58": 1, "11": 3, "51": 2, "62": 5, "9": 5, "21": 4, "46": 2, "49": 1, "76": 1, "79": 1, "75": 2, "78": 3, "2": 2, "77": 2, "3": 2, "72": 4, "67": 1, "68": 1, "22": 2, "1": 1, "4": 1, "69": 3, "16": 2, "86": 2, "87": 2, "31": 2, "64": 1, "18": 2, "24": 2, "6": 1, "42": 1, "7": 1, "8": 1, "92": 2, "37": 2, "91": 2, "26": 2, "90": 2, "39": 2, "43": 2, "88": 2, "44": 1, "40": 1, "5": 1, "63": 1, "89": 2, "32": 1, "83": 1}, "67": {"57": 3, "total_commits": 163, "9": 4, "52": 4, "66": 1, "33": 5, "35": 3, "48": 3, "11": 5, "55": 3, "49": 3, "38": 3, "45": 4, "53": 3, "60": 3, "17": 2, "59": 3, "47": 3, "56": 3, "19": 5, "61": 3, "34": 5, "15": 5, "50": 3, "54": 3, "58": 3, "10": 4, "51": 4, "1": 1, "25": 1, "21": 4, "46": 3, "8": 2, "32": 1, "62": 3, "30": 3, "41": 3, "23": 4, "28": 1, "68": 3, "36": 4, "44": 2, "20": 4, "76": 1, "65": 1, "79": 1, "78": 3, "77": 1, "75": 3, "2": 1, "3": 1, "72": 2, "29": 1, "82": 1, "81": 1, "84": 1, "69": 2, "83": 1, "80": 1, "24": 1, "16": 1, "43": 1, "37": 1, "22": 1, "26": 1, "91": 1, "88": 1, "89": 1}, "66": {"35": 1, "total_commits": 27, "48": 1, "55": 1, "49": 1, "38": 1, "45": 1, "53": 1, "60": 1, "17": 1, "59": 1, "47": 1, "56": 1, "19": 1, "61": 1, "34": 1, "15": 1, "50": 1, "54": 1, "58": 1, "11": 1, "10": 1, "51": 1, "67": 1, "57": 1, "9": 1, "52": 1, "33": 1}, "68": {"17": 2, "total_commits": 116, "18": 1, "54": 2, "10": 3, "62": 3, "30": 3, "48": 2, "11": 3, "55": 2, "49": 2, "41": 3, "8": 2, "23": 3, "60": 2, "56": 2, "19": 3, "28": 1, "57": 2, "9": 3, "34": 3, "36": 3, "59": 2, "44": 2, "61": 2, "20": 3, "52": 3, "33": 3, "1": 1, "38": 2, "45": 3, "25": 1, "58": 2, "51": 3, "67": 3, "21": 3, "46": 3, "35": 2, "53": 2, "47": 2, "32": 1, "15": 3, "50": 2, "73": 1, "74": 1, "3": 1, "72": 1, "76": 1, "79": 1, "78": 2, "65": 1, "77": 1, "75": 1, "2": 1, "84": 1, "69": 1, "83": 1, "29": 1, "82": 1, "81": 1}, "70": {"69": 1, "total_commits": 5, "71": 1, "72": 1, "17": 1, "32": 1}, "69": {"17": 1, "total_commits": 138, "32": 2, "70": 1, "71": 1, "72": 5, "21": 4, "46": 1, "49": 1, "8": 2, "35": 1, "23": 4, "78": 3, "56": 1, "47": 1, "57": 1, "82": 1, "34": 3, "15": 5, "50": 1, "81": 1, "54": 1, "62": 4, "84": 1, "30": 1, "48": 1, "59": 1, "55": 1, "41": 1, "60": 1, "52": 1, "19": 3, "83": 2, "29": 1, "9": 4, "68": 1, "36": 2, "51": 1, "44": 2, "61": 1, "20": 3, "33": 3, "53": 1, "38": 1, "45": 1, "10": 1, "58": 1, "11": 3, "67": 2, "22": 2, "65": 3, "1": 1, "4": 1, "16": 2, "86": 2, "87": 2, "2": 1, "31": 2, "64": 1, "18": 2, "6": 1, "24": 2, "42": 1, "7": 1, "92": 2, "37": 2, "91": 3, "26": 2, "90": 2, "39": 2, "43": 2, "88": 3, "3": 1, "40": 1, "5": 1, "63": 1, "89": 3, "75": 2, "77": 1}, "72": {"17": 2, "total_commits": 133, "32": 2, "70": 1, "69": 5, "71": 1, "4": 2, "6": 2, "5": 2, "7": 2, "3": 3, "2": 3, "64": 2, "8": 2, "1": 2, "19": 3, "34": 3, "15": 5, "20": 3, "11": 3, "10": 1, "51": 1, "67": 2, "62": 4, "9": 4, "21": 4, "52": 1, "46": 1, "68": 1, "36": 2, "33": 3, "76": 1, "65": 4, "30": 1, "79": 1, "75": 3, "78": 3, "41": 1, "77": 2, "45": 1, "23": 4, "24": 2, "22": 2, "16": 2, "86": 2, "87": 2, "31": 2, "18": 2, "40": 1, "88": 3, "89": 3, "42": 1, "63": 1, "92": 2, "37": 2, "26": 2, "90": 2, "39": 2, "43": 2, "91": 3, "44": 1, "83": 1}, "71": {"17": 1, "total_commits": 5, "32": 1, "70": 1, "69": 1, "72": 1}, "74": {"68": 1, "total_commits": 2, "73": 1}, "73": {"68": 1, "total_commits": 2, "74": 1}, "75": {"77": 3, "total_commits": 117, "34": 4, "20": 4, "33": 4, "78": 4, "51": 2, "76": 2, "41": 2, "11": 4, "19": 4, "68": 1, "15": 3, "36": 2, "72": 3, "62": 2, "9": 2, "21": 3, "46": 2, "65": 2, "45": 1, "30": 3, "79": 1, "23": 3, "2": 1, "3": 1, "10": 1, "67": 3, "52": 2, "61": 1, "53": 1, "59": 1, "50": 1, "49": 1, "54": 1, "56": 1, "60": 1, "47": 1, "55": 1, "58": 1, "48": 1, "57": 1, "35": 1, "22": 2, "69": 2, "92": 2, "39": 1, "37": 2, "91": 2, "16": 2, "86": 2, "18": 1, "87": 2, "89": 2, "26": 2, "32": 1, "90": 2, "43": 2, "88": 2, "31": 1, "24": 2, "83": 1, "80": 1}, "78": {"34": 4, "total_commits": 143, "75": 4, "20": 4, "33": 4, "41": 3, "51": 3, "76": 2, "11": 4, "19": 4, "77": 3, "3": 1, "10": 2, "72": 3, "67": 3, "62": 4, "9": 4, "52": 2, "46": 2, "68": 2, "36": 2, "30": 2, "79": 1, "21": 4, "65": 3, "45": 2, "23": 4, "2": 2, "15": 4, "29": 1, "38": 1, "44": 1, "35": 1, "53": 1, "47": 1, "82": 1, "50": 1, "81": 1, "54": 1, "58": 1, "48": 1, "69": 3, "49": 1, "8": 1, "60": 1, "56": 1, "57": 1, "83": 2, "84": 1, "59": 1, "55": 1, "61": 1, "64": 1, "24": 3, "6": 1, "22": 3, "1": 1, "4": 1, "87": 2, "16": 3, "31": 2, "86": 2, "18": 2, "88": 1, "92": 1, "89": 1, "26": 2, "90": 1, "39": 1, "43": 2, "37": 2, "91": 1, "32": 1, "80": 1}, "77": {"78": 3, "total_commits": 71, "51": 2, "20": 3, "33": 3, "76": 2, "41": 2, "11": 3, "19": 3, "34": 3, "75": 3, "72": 2, "67": 1, "62": 2, "9": 2, "21": 2, "46": 1, "68": 1, "36": 1, "65": 2, "30": 1, "79": 1, "23": 2, "2": 1, "45": 1, "3": 1, "10": 1, "52": 1, "15": 2, "69": 1, "89": 1, "24": 1, "22": 1, "92": 1, "37": 1, "91": 1, "16": 1, "86": 1, "87": 1, "26": 1, "32": 1, "90": 1, "39": 1, "43": 1, "88": 1, "31": 1, "18": 1, "83": 1}, "76": {"78": 2, "total_commits": 39, "34": 2, "75": 2, "20": 2, "33": 2, "41": 2, "51": 2, "11": 2, "19": 2, "77": 2, "3": 1, "10": 1, "72": 1, "67": 1, "9": 1, "52": 1, "46": 1, "68": 1, "36": 1, "30": 1, "79": 1, "62": 1, "21": 1, "65": 1, "45": 1, "23": 1, "2": 2, "15": 1}, "79": {"52": 1, "total_commits": 30, "19": 1, "34": 1, "15": 1, "20": 1, "11": 1, "51": 1, "72": 1, "67": 1, "62": 1, "9": 1, "21": 1, "46": 1, "68": 1, "36": 1, "33": 1, "76": 1, "65": 1, "30": 1, "23": 1, "75": 1, "78": 1, "2": 1, "41": 1, "77": 1, "45": 1, "3": 1, "10": 1, "80": 1, "18": 1}, "80": {"18": 1, "total_commits": 11, "79": 1, "22": 1, "75": 1, "78": 1, "24": 1, "67": 1, "26": 1, "37": 1, "16": 1, "43": 1}, "83": {"59": 1, "total_commits": 76, "55": 1, "61": 1, "20": 2, "52": 1, "33": 2, "29": 1, "38": 1, "45": 1, "51": 1, "44": 1, "67": 1, "46": 1, "35": 1, "78": 2, "53": 1, "47": 1, "82": 1, "15": 2, "50": 1, "81": 1, "54": 1, "10": 1, "62": 2, "30": 1, "58": 1, "48": 1, "11": 2, "69": 2, "21": 2, "49": 1, "41": 1, "8": 1, "23": 2, "60": 1, "56": 1, "19": 2, "57": 1, "9": 2, "68": 1, "34": 2, "36": 1, "84": 1, "31": 1, "86": 1, "18": 1, "32": 1, "88": 1, "72": 1, "24": 1, "22": 1, "92": 1, "89": 1, "16": 1, "87": 1, "26": 1, "90": 1, "65": 1, "77": 1, "39": 1, "43": 1, "37": 1, "91": 1, "75": 1}, "82": {"38": 1, "total_commits": 43, "45": 1, "58": 1, "51": 1, "67": 1, "21": 1, "46": 1, "35": 1, "78": 1, "53": 1, "47": 1, "34": 1, "15": 1, "50": 1, "81": 1, "54": 1, "10": 1, "62": 1, "84": 1, "30": 1, "48": 1, "11": 1, "69": 1, "55": 1, "49": 1, "41": 1, "8": 1, "23": 1, "60": 1, "56": 1, "19": 1, "57": 1, "83": 1, "9": 1, "68": 1, "36": 1, "59": 1, "44": 1, "61": 1, "20": 1, "52": 1, "33": 1, "29": 1}, "84": {"47": 1, "total_commits": 43, "57": 1, "83": 1, "68": 1, "34": 1, "15": 1, "36": 1, "50": 1, "81": 1, "54": 1, "62": 1, "30": 1, "59": 1, "55": 1, "41": 1, "20": 1, "60": 1, "52": 1, "19": 1, "33": 1, "29": 1, "9": 1, "38": 1, "45": 1, "51": 1, "44": 1, "67": 1, "46": 1, "61": 1, "53": 1, "82": 1, "10": 1, "58": 1, "48": 1, "11": 1, "69": 1, "21": 1, "49": 1, "8": 1, "35": 1, "23": 1, "78": 1, "56": 1}, "81": {"38": 1, "total_commits": 43, "45": 1, "10": 1, "58": 1, "11": 1, "51": 1, "67": 1, "21": 1, "46": 1, "49": 1, "8": 1, "35": 1, "23": 1, "78": 1, "47": 1, "57": 1, "82": 1, "34": 1, "15": 1, "50": 1, "54": 1, "62": 1, "84": 1, "30": 1, "48": 1, "69": 1, "55": 1, "41": 1, "60": 1, "56": 1, "52": 1, "19": 1, "83": 1, "29": 1, "9": 1, "68": 1, "36": 1, "59": 1, "44": 1, "61": 1, "20": 1, "33": 1, "53": 1}, "85": {"11": 1, "total_commits": 2, "10": 1}, "87": {"22": 2, "total_commits": 58, "1": 1, "4": 1, "69": 2, "16": 2, "78": 2, "21": 2, "65": 2, "23": 2, "31": 2, "86": 3, "18": 2, "2": 1, "15": 2, "72": 2, "64": 1, "24": 2, "62": 2, "6": 1, "9": 2, "34": 1, "33": 1, "92": 2, "11": 1, "89": 1, "26": 1, "90": 2, "77": 1, "39": 1, "43": 1, "37": 1, "91": 1, "75": 2, "32": 1, "19": 1, "88": 1, "20": 1, "83": 1, "30": 1}, "86": {"72": 2, "total_commits": 58, "24": 2, "62": 2, "6": 1, "9": 2, "21": 2, "22": 2, "65": 2, "1": 1, "23": 2, "4": 1, "69": 2, "16": 2, "78": 2, "87": 3, "2": 1, "31": 2, "64": 1, "18": 2, "15": 2, "11": 1, "89": 1, "83": 1, "33": 1, "92": 2, "37": 1, "91": 1, "75": 2, "26": 1, "90": 2, "77": 1, "39": 1, "43": 1, "88": 1, "32": 1, "19": 1, "34": 1, "20": 1, "30": 1}, "91": {"15": 3, "total_commits": 70, "63": 1, "69": 3, "89": 3, "72": 3, "62": 2, "9": 2, "42": 1, "7": 1, "8": 1, "65": 2, "92": 2, "39": 2, "37": 2, "26": 2, "90": 2, "43": 2, "88": 3, "3": 1, "44": 1, "40": 1, "5": 1, "33": 2, "11": 2, "24": 1, "21": 2, "23": 2, "16": 1, "75": 2, "86": 1, "78": 1, "18": 1, "87": 1, "32": 1, "77": 1, "20": 2, "31": 1, "83": 1, "19": 2, "34": 2, "22": 1, "36": 1, "67": 1}, "90": {"69": 2, "total_commits": 60, "42": 1, "26": 2, "8": 1, "65": 2, "39": 2, "43": 2, "37": 2, "91": 2, "44": 1, "15": 2, "88": 2, "3": 1, "89": 2, "72": 2, "62": 2, "9": 2, "40": 1, "5": 1, "7": 1, "63": 1, "92": 3, "16": 1, "78": 1, "87": 2, "77": 1, "23": 1, "75": 2, "31": 1, "86": 2, "18": 1, "32": 1, "19": 1, "20": 1, "24": 1, "83": 1, "21": 1, "34": 1, "22": 1, "33": 1, "11": 1, "30": 1}, "89": {"62": 2, "total_commits": 70, "42": 1, "26": 2, "7": 1, "90": 2, "8": 1, "65": 2, "39": 2, "43": 2, "37": 2, "91": 3, "15": 3, "88": 3, "3": 1, "72": 3, "44": 1, "9": 2, "40": 1, "5": 1, "63": 1, "92": 2, "69": 3, "78": 1, "21": 2, "77": 1, "23": 2, "16": 1, "75": 2, "86": 1, "18": 1, "87": 1, "32": 1, "19": 2, "20": 2, "31": 1, "24": 1, "83": 1, "34": 2, "22": 1, "33": 2, "11": 2, "36": 1, "67": 1}, "88": {"69": 3, "total_commits": 70, "89": 3, "62": 2, "9": 2, "42": 1, "26": 2, "7": 1, "90": 2, "8": 1, "65": 2, "92": 2, "39": 2, "37": 2, "91": 3, "43": 2, "3": 1, "72": 3, "44": 1, "40": 1, "5": 1, "15": 3, "63": 1, "21": 2, "23": 2, "16": 1, "75": 2, "86": 1, "78": 1, "18": 1, "87": 1, "32": 1, "11": 2, "77": 1, "20": 2, "31": 1, "24": 1, "83": 1, "19": 2, "34": 2, "22": 1, "33": 2, "36": 1, "67": 1}, "92": {"40": 1, "total_commits": 60, "5": 1, "15": 2, "63": 1, "69": 2, "89": 2, "72": 2, "62": 2, "9": 2, "42": 1, "7": 1, "8": 1, "65": 2, "37": 2, "91": 2, "26": 2, "90": 3, "39": 2, "43": 2, "88": 2, "3": 1, "44": 1, "19": 1, "34": 1, "22": 1, "11": 1, "24": 1, "21": 1, "33": 1, "23": 1, "16": 1, "75": 2, "86": 2, "78": 1, "18": 1, "87": 2, "32": 1, "77": 1, "20": 1, "31": 1, "83": 1, "30": 1}}