{"9": ["joriskuipers@gmail.com", "jkallen@users.noreply.github.com", "jettro@gridshore.nl", "buijze@gmail.com", "smcvbeelen@gmail.com"], "10": ["jkallen@users.noreply.github.com", "buijze@gmail.com", "jettro@gridshore.nl", "smcvbeelen@gmail.com"], "11": ["jkallen@users.noreply.github.com", "buijze@gmail.com", "jettro@gridshore.nl", "smcvbeelen@gmail.com"], "12": ["buijze@gmail.com", "jettro@gridshore.nl"], "13": ["buijze@gmail.com", "jettro@gridshore.nl"], "14": ["buijze@gmail.com", "jettro@gridshore.nl"], "2": ["buijze@gmail.com", "jkallen@users.noreply.github.com", "jettro@gridshore.nl", "smcvbeelen@gmail.com", "jakub.pilimon@gmail.com"], "15": ["jkallen@users.noreply.github.com", "buijze@gmail.com", "jettro@gridshore.nl", "smcvbeelen@gmail.com"], "16": ["buijze@gmail.com", "jettro@gridshore.nl", "smcvbeelen@gmail.com"], "17": ["buijze@gmail.com", "jettro@gridshore.nl"], "18": ["smcvbeelen@gmail.com", "buijze@gmail.com", "jettro@gridshore.nl", "benoni29@gmail.com"], "19": ["jkallen@users.noreply.github.com", "buijze@gmail.com", "jettro@gridshore.nl", "smcvbeelen@gmail.com"], "20": ["jkallen@users.noreply.github.com", "buijze@gmail.com", "jettro@gridshore.nl", "smcvbeelen@gmail.com"], "4": ["buijze@gmail.com", "jettro@gridshore.nl", "smcvbeelen@gmail.com"], "21": ["jkallen@users.noreply.github.com", "buijze@gmail.com", "jettro@gridshore.nl", "smcvbeelen@gmail.com"], "22": ["buijze@gmail.com", "jettro@gridshore.nl", "smcvbeelen@gmail.com"], "1": ["buijze@gmail.com", "jettro@gridshore.nl", "smcvbeelen@gmail.com"], "23": ["jkallen@users.noreply.github.com", "buijze@gmail.com", "jettro@gridshore.nl", "smcvbeelen@gmail.com"], "24": ["buijze@gmail.com", "jettro@gridshore.nl", "smcvbeelen@gmail.com"], "25": ["buijze@gmail.com", "jettro@gridshore.nl"], "6": ["buijze@gmail.com", "jettro@gridshore.nl", "smcvbeelen@gmail.com"], "5": ["buijze@gmail.com", "jettro@gridshore.nl", "smcvbeelen@gmail.com"], "26": ["buijze@gmail.com", "jettro@gridshore.nl", "smcvbeelen@gmail.com"], "27": ["buijze@gmail.com", "jettro@gridshore.nl"], "28": ["buijze@gmail.com", "jettro@gridshore.nl"], "29": ["buijze@gmail.com", "jettro@gridshore.nl", "smcvbeelen@gmail.com"], "30": ["buijze@gmail.com", "jkallen@users.noreply.github.com", "jettro@gridshore.nl", "benoni29@gmail.com", "smcvbeelen@gmail.com"], "31": ["buijze@gmail.com", "jettro@gridshore.nl", "smcvbeelen@gmail.com"], "32": ["buijze@gmail.com", "jettro@gridshore.nl", "smcvbeelen@gmail.com"], "33": ["jkallen@users.noreply.github.com", "buijze@gmail.com", "jettro@gridshore.nl", "smcvbeelen@gmail.com"], "34": ["jkallen@users.noreply.github.com", "buijze@gmail.com", "jettro@gridshore.nl", "smcvbeelen@gmail.com"], "35": ["smcvbeelen@gmail.com", "buijze@gmail.com", "jettro@gridshore.nl", "benoni29@gmail.com"], "36": ["jkallen@users.noreply.github.com", "buijze@gmail.com", "jettro@gridshore.nl", "smcvbeelen@gmail.com"], "3": ["jkallen@users.noreply.github.com", "buijze@gmail.com", "jettro@gridshore.nl", "smcvbeelen@gmail.com"], "37": ["buijze@gmail.com", "jettro@gridshore.nl", "smcvbeelen@gmail.com"], "38": ["buijze@gmail.com", "jettro@gridshore.nl", "smcvbeelen@gmail.com"], "39": ["buijze@gmail.com", "jettro@gridshore.nl", "smcvbeelen@gmail.com"], "7": ["buijze@gmail.com", "jettro@gridshore.nl", "smcvbeelen@gmail.com"], "40": ["buijze@gmail.com", "jettro@gridshore.nl", "smcvbeelen@gmail.com"], "41": ["jkallen@users.noreply.github.com", "buijze@gmail.com", "jettro@gridshore.nl", "smcvbeelen@gmail.com"], "8": ["buijze@gmail.com", "jettro@gridshore.nl", "smcvbeelen@gmail.com"], "42": ["buijze@gmail.com", "jettro@gridshore.nl", "smcvbeelen@gmail.com"], "43": ["buijze@gmail.com", "jettro@gridshore.nl", "smcvbeelen@gmail.com"], "44": ["buijze@gmail.com", "jettro@gridshore.nl", "smcvbeelen@gmail.com"], "45": ["jkallen@users.noreply.github.com", "buijze@gmail.com", "jettro@gridshore.nl", "smcvbeelen@gmail.com"], "46": ["buijze@gmail.com", "jkallen@users.noreply.github.com", "jettro@gridshore.nl", "benoni29@gmail.com", "smcvbeelen@gmail.com"], "47": ["smcvbeelen@gmail.com", "buijze@gmail.com", "jettro@gridshore.nl", "benoni29@gmail.com"], "48": ["smcvbeelen@gmail.com", "buijze@gmail.com", "jettro@gridshore.nl", "benoni29@gmail.com"], "49": ["smcvbeelen@gmail.com", "buijze@gmail.com", "jettro@gridshore.nl", "benoni29@gmail.com"], "50": ["smcvbeelen@gmail.com", "buijze@gmail.com", "jettro@gridshore.nl", "benoni29@gmail.com"], "51": ["jkallen@users.noreply.github.com", "buijze@gmail.com", "jettro@gridshore.nl", "smcvbeelen@gmail.com"], "52": ["buijze@gmail.com", "jkallen@users.noreply.github.com", "jettro@gridshore.nl", "benoni29@gmail.com", "smcvbeelen@gmail.com"], "53": ["smcvbeelen@gmail.com", "buijze@gmail.com", "jettro@gridshore.nl", "benoni29@gmail.com"], "54": ["smcvbeelen@gmail.com", "buijze@gmail.com", "jettro@gridshore.nl", "benoni29@gmail.com"], "55": ["smcvbeelen@gmail.com", "buijze@gmail.com", "jettro@gridshore.nl", "benoni29@gmail.com"], "56": ["smcvbeelen@gmail.com", "buijze@gmail.com", "jettro@gridshore.nl", "benoni29@gmail.com"], "57": ["smcvbeelen@gmail.com", "buijze@gmail.com", "jettro@gridshore.nl", "benoni29@gmail.com"], "58": ["smcvbeelen@gmail.com", "buijze@gmail.com", "jettro@gridshore.nl", "benoni29@gmail.com"], "59": ["smcvbeelen@gmail.com", "buijze@gmail.com", "jettro@gridshore.nl", "benoni29@gmail.com"], "60": ["smcvbeelen@gmail.com", "buijze@gmail.com", "jettro@gridshore.nl", "benoni29@gmail.com"], "61": ["smcvbeelen@gmail.com", "buijze@gmail.com", "jettro@gridshore.nl", "benoni29@gmail.com"], "62": ["joriskuipers@gmail.com", "jkallen@users.noreply.github.com", "jettro@gridshore.nl", "buijze@gmail.com", "smcvbeelen@gmail.com"], "63": ["buijze@gmail.com", "jettro@gridshore.nl", "smcvbeelen@gmail.com"], "64": ["buijze@gmail.com", "jettro@gridshore.nl", "smcvbeelen@gmail.com"], "65": ["jkallen@users.noreply.github.com", "buijze@gmail.com", "jettro@gridshore.nl", "smcvbeelen@gmail.com"], "66": ["jettro@gridshore.nl"], "67": ["jkallen@users.noreply.github.com", "buijze@gmail.com", "jettro@gridshore.nl", "smcvbeelen@gmail.com"], "68": ["jkallen@users.noreply.github.com", "buijze@gmail.com", "jettro@gridshore.nl", "smcvbeelen@gmail.com"], "69": ["smcvbeelen@gmail.com", "jettro@gridshore.nl"], "70": ["jettro@gridshore.nl"], "71": ["jettro@gridshore.nl"], "72": ["jkallen@users.noreply.github.com", "smcvbeelen@gmail.com", "jettro@gridshore.nl"], "73": ["jkallen@users.noreply.github.com"], "74": ["jkallen@users.noreply.github.com"], "75": ["jkallen@users.noreply.github.com", "smcvbeelen@gmail.com", "benoni29@gmail.com"], "76": ["jkallen@users.noreply.github.com", "jakub.pilimon@gmail.com"], "77": ["jkallen@users.noreply.github.com", "smcvbeelen@gmail.com"], "78": ["jkallen@users.noreply.github.com", "smcvbeelen@gmail.com"], "79": ["jkallen@users.noreply.github.com", "benoni29@gmail.com"], "80": ["smcvbeelen@gmail.com", "benoni29@gmail.com"], "81": ["smcvbeelen@gmail.com"], "82": ["smcvbeelen@gmail.com"], "83": ["smcvbeelen@gmail.com"], "84": ["smcvbeelen@gmail.com"], "85": ["smcvbeelen@gmail.com"], "86": ["smcvbeelen@gmail.com"], "87": ["smcvbeelen@gmail.com"], "88": ["smcvbeelen@gmail.com"], "89": ["smcvbeelen@gmail.com"], "90": ["smcvbeelen@gmail.com"], "91": ["smcvbeelen@gmail.com"], "92": ["smcvbeelen@gmail.com"], "93": ["osyniakov@aconex.com"]}