{"98": ["jualopmun2@gmail.com"], "109": ["jualopmun2@gmail.com"], "1": ["jualopmun2@gmail.com"], "151": ["jualopmun2@gmail.com"], "152": ["jualopmun2@gmail.com"], "153": ["jualopmun2@gmail.com"], "154": ["jualopmun2@gmail.com"], "3": ["jualopmun2@gmail.com"], "155": ["jualopmun2@gmail.com"], "167": ["jualopmun2@gmail.com"], "168": ["jualopmun2@gmail.com"], "169": ["jualopmun2@gmail.com"], "170": ["jualopmun2@gmail.com"], "171": ["jualopmun2@gmail.com"], "172": ["jualopmun2@gmail.com"], "173": ["jualopmun2@gmail.com"], "174": ["jualopmun2@gmail.com"], "175": ["jualopmun2@gmail.com"], "176": ["jualopmun2@gmail.com"], "177": ["jualopmun2@gmail.com"], "178": ["jualopmun2@gmail.com"], "179": ["jualopmun2@gmail.com"], "180": ["jualopmun2@gmail.com"], "103": ["jualopmun2@gmail.com"], "104": ["jualopmun2@gmail.com"], "115": ["jualopmun2@gmail.com"], "117": ["jualopmun2@gmail.com"], "125": ["jualopmun2@gmail.com"], "127": ["jualopmun2@gmail.com"], "2": ["jualopmun2@gmail.com"], "11": ["jualopmun2@gmail.com"], "137": ["jualopmun2@gmail.com"], "138": ["jualopmun2@gmail.com"], "144": ["jualopmun2@gmail.com"], "146": ["jualopmun2@gmail.com"], "160": ["jualopmun2@gmail.com"], "162": ["jualopmun2@gmail.com"], "10": ["jualopmun2@gmail.com"], "14": ["jualopmun2@gmail.com"], "4": ["jualopmun2@gmail.com"], "136": ["jualopmun2@gmail.com"], "8": ["jualopmun2@gmail.com"], "6": ["jualopmun2@gmail.com"], "7": ["jualopmun2@gmail.com"], "5": ["jualopmun2@gmail.com"], "140": ["jualopmun2@gmail.com"], "141": ["jualopmun2@gmail.com"], "142": ["jualopmun2@gmail.com"], "143": ["jualopmun2@gmail.com"], "145": ["jualopmun2@gmail.com"], "147": ["jualopmun2@gmail.com"], "148": ["jualopmun2@gmail.com"], "149": ["jualopmun2@gmail.com"], "150": ["jualopmun2@gmail.com"], "156": ["jualopmun2@gmail.com"], "157": ["jualopmun2@gmail.com"], "158": ["jualopmun2@gmail.com"], "159": ["jualopmun2@gmail.com"], "161": ["jualopmun2@gmail.com"], "163": ["jualopmun2@gmail.com"], "164": ["jualopmun2@gmail.com"], "165": ["jualopmun2@gmail.com"], "166": ["jualopmun2@gmail.com"], "99": ["jualopmun2@gmail.com"], "110": ["jualopmun2@gmail.com"], "120": ["jualopmun2@gmail.com"], "139": ["jualopmun2@gmail.com"], "108": ["jualopmun2@gmail.com"], "132": ["jualopmun2@gmail.com"], "135": ["jualopmun2@gmail.com"], "111": ["jualopmun2@gmail.com"], "113": ["jualopmun2@gmail.com"], "114": ["jualopmun2@gmail.com"], "116": ["jualopmun2@gmail.com"], "118": ["jualopmun2@gmail.com"], "119": ["jualopmun2@gmail.com"], "121": ["jualopmun2@gmail.com"], "123": ["jualopmun2@gmail.com"], "124": ["jualopmun2@gmail.com"], "126": ["jualopmun2@gmail.com"], "128": ["jualopmun2@gmail.com"], "129": ["jualopmun2@gmail.com"], "130": ["jualopmun2@gmail.com"], "133": ["jualopmun2@gmail.com"], "102": ["jualopmun2@gmail.com"], "100": ["jualopmun2@gmail.com"], "105": ["jualopmun2@gmail.com"], "101": ["jualopmun2@gmail.com"], "106": ["jualopmun2@gmail.com"], "107": ["jualopmun2@gmail.com"], "112": ["jualopmun2@gmail.com"], "122": ["jualopmun2@gmail.com"], "131": ["jualopmun2@gmail.com"], "134": ["jualopmun2@gmail.com"], "181": ["jualopmun2@gmail.com"], "182": ["jualopmun2@gmail.com"], "13": ["jualopmun2@gmail.com"], "183": ["jualopmun2@gmail.com"], "184": ["jualopmun2@gmail.com"], "185": ["p.serrano.r.5@gmail.com"], "186": ["p.serrano.r.5@gmail.com"], "12": ["jualopmun2@gmail.com", "p.serrano.r.5@gmail.com"], "187": ["p.serrano.r.5@gmail.com"], "188": ["p.serrano.r.5@gmail.com"], "189": ["jualopmun2@gmail.com"], "190": ["jualopmun2@gmail.com"], "191": ["jualopmun2@gmail.com"], "192": ["jualopmun2@gmail.com"], "9": ["jualopmun2@gmail.com"], "193": ["jualopmun2@gmail.com"], "194": ["jualopmun2@gmail.com"]}