{"EventController.create": {"t": [{"id": 0, "a": [["R", 1], ["R", 1], ["R", 2], ["R", 2], ["R", 2], ["R", 3], ["W", 4], ["W", 4], ["W", 4], ["R", 1], ["R", 1], ["R", 2], ["R", 2], ["R", 2], ["R", 3]]}]}, "EventController.delete": {"t": [{"id": 0, "a": [["R", 1], ["R", 1], ["R", 2], ["R", 2], ["R", 2], ["R", 3], ["R", 4], ["R", 1], ["R", 1], ["R", 2], ["R", 2], ["R", 2], ["R", 3], ["R", 2], ["R", 5], ["R", 5], ["R", 4], ["W", 4], ["R", 2], ["R", 5], ["R", 5], ["R", 4], ["W", 2], ["R", 2], ["R", 5], ["R", 1]]}]}, "EventController.downloadRecipientFileImage": {"t": [{"id": 0, "a": [["R", 4], ["R", 4], ["R", 4], ["R", 4], ["R", 4]]}]}, "EventController.edit": {"t": [{"id": 0, "a": [["R", 1], ["R", 1], ["R", 2], ["R", 2], ["R", 2], ["R", 3], ["R", 4], ["R", 2], ["R", 5], ["R", 5], ["R", 4], ["R", 1], ["R", 1], ["R", 2], ["R", 2], ["R", 2], ["R", 3]]}]}, "EventController.location": {"t": [{"id": 0, "a": [["R", 4]]}]}, "EventController.saveCreate": {"t": [{"id": 0, "a": [["R", 1], ["R", 1], ["R", 2], ["R", 2], ["R", 2], ["R", 3], ["R", 4], ["R", 1], ["R", 1], ["R", 2], ["R", 2], ["R", 2], ["R", 3], ["W", 4], ["W", 4], ["R", 2], ["R", 5], ["R", 1]]}]}, "EventController.uploadImage": {"t": [{"id": 0, "a": [["R", 1], ["R", 1], ["R", 2], ["R", 2], ["R", 2], ["R", 3], ["R", 4], ["R", 2], ["R", 5], ["R", 5], ["R", 4], ["R", 1]]}]}, "EventController.view": {"t": [{"id": 0, "a": [["R", 5], ["R", 5], ["R", 4], ["R", 1], ["R", 1], ["R", 2], ["R", 2], ["R", 2], ["R", 3], ["R", 5]]}]}, "PlayListController.create": {"t": [{"id": 0, "a": [["W", 6], ["W", 6], ["W", 6], ["W", 7]]}]}, "PlayListController.delete": {"t": [{"id": 0, "a": [["R", 6], ["R", 1], ["R", 1], ["R", 2], ["R", 2], ["R", 2], ["R", 3], ["R", 2], ["R", 5], ["R", 5], ["R", 6], ["W", 6], ["R", 2], ["R", 5], ["R", 5], ["R", 6], ["W", 2]]}]}, "PlayListController.saveCreate": {"t": [{"id": 0, "a": [["R", 1], ["R", 1], ["R", 2], ["R", 2], ["R", 2], ["R", 3], ["R", 1], ["R", 6], ["R", 2], ["R", 5], ["R", 5], ["R", 6], ["R", 1], ["R", 6], ["R", 6], ["W", 6], ["R", 6], ["W", 6], ["W", 6], ["W", 6], ["W", 7], ["W", 6], ["R", 2], ["R", 5], ["R", 5], ["R", 6], ["W", 2]]}]}, "PerfomanceController.create": {"t": [{"id": 0, "a": [["R", 1], ["R", 1], ["R", 2], ["R", 2], ["R", 2], ["R", 3], ["W", 8], ["W", 8], ["W", 8], ["R", 1], ["R", 1], ["R", 2], ["R", 2], ["R", 2], ["R", 3]]}]}, "PerfomanceController.delete": {"t": [{"id": 0, "a": [["R", 1], ["R", 1], ["R", 2], ["R", 2], ["R", 2], ["R", 3], ["R", 8], ["R", 1], ["R", 1], ["R", 2], ["R", 2], ["R", 2], ["R", 3], ["R", 2], ["R", 5], ["R", 5], ["R", 8], ["W", 8], ["R", 2], ["R", 5], ["R", 5], ["R", 8], ["W", 2], ["R", 2], ["R", 5], ["R", 1]]}]}, "PerfomanceController.edit": {"t": [{"id": 0, "a": [["R", 1], ["R", 1], ["R", 2], ["R", 2], ["R", 2], ["R", 3], ["R", 8], ["R", 2], ["R", 5], ["R", 5], ["R", 8], ["R", 1], ["R", 1], ["R", 2], ["R", 2], ["R", 2], ["R", 3]]}]}, "PerfomanceController.saveCreate": {"t": [{"id": 0, "a": [["R", 1], ["R", 1], ["R", 2], ["R", 2], ["R", 2], ["R", 3], ["R", 1], ["R", 1], ["R", 2], ["R", 2], ["R", 2], ["R", 3], ["R", 8], ["R", 8], ["R", 1], ["R", 1], ["R", 2], ["R", 2], ["R", 2], ["R", 3], ["R", 1], ["R", 8], ["R", 2], ["R", 5], ["R", 5], ["R", 8], ["R", 1], ["R", 8], ["R", 8], ["W", 8], ["R", 8], ["W", 8], ["R", 8], ["W", 8], ["W", 8], ["W", 8], ["R", 2], ["R", 5], ["R", 5], ["R", 8], ["W", 2], ["R", 2], ["R", 5], ["R", 1], ["R", 1], ["R", 1], ["R", 2], ["R", 2], ["R", 2], ["R", 3]]}]}, "PerfomanceController.view": {"t": [{"id": 0, "a": [["R", 5], ["R", 5], ["R", 8], ["R", 1], ["R", 1], ["R", 2], ["R", 2], ["R", 2], ["R", 3], ["R", 5], ["R", 5]]}]}, "WelcomeController.index": {"t": [{"id": 0, "a": [["R", 1], ["R", 1], ["R", 2], ["R", 2], ["R", 2], ["R", 3], ["R", 9]]}]}, "TrackController.create": {"t": [{"id": 0, "a": [["W", 7], ["R", 6]]}]}, "TrackController.delete": {"t": [{"id": 0, "a": [["R", 1], ["R", 1], ["R", 2], ["R", 2], ["R", 2], ["R", 3], ["R", 7], ["R", 6], ["R", 6], ["R", 7], ["R", 2], ["R", 5], ["R", 5], ["R", 6], ["R", 6], ["R", 7], ["W", 6], ["W", 7], ["R", 1], ["R", 1], ["R", 2], ["R", 2], ["R", 2], ["R", 3], ["R", 1], ["R", 6], ["R", 2], ["R", 5], ["R", 5], ["R", 6], ["R", 1], ["R", 6], ["R", 6], ["W", 6], ["R", 6], ["W", 6], ["W", 6], ["W", 6], ["W", 7], ["W", 6], ["R", 2], ["R", 5], ["R", 5], ["R", 6], ["W", 2], ["R", 1], ["R", 1], ["R", 2], ["R", 2], ["R", 2], ["R", 3], ["W", 7]]}]}, "TrackController.saveCreate": {"t": [{"id": 0, "a": [["R", 1], ["W", 7], ["W", 7], ["W", 7], ["R", 6], ["R", 1], ["R", 1], ["R", 2], ["R", 2], ["R", 2], ["R", 3], ["R", 2], ["R", 5], ["R", 5], ["R", 6], ["R", 6], ["R", 7], ["W", 6], ["W", 7], ["R", 1], ["R", 1], ["R", 2], ["R", 2], ["R", 2], ["R", 3], ["R", 1], ["R", 6], ["R", 2], ["R", 5], ["R", 5], ["R", 6], ["R", 1], ["R", 6], ["R", 6], ["W", 6], ["R", 6], ["W", 6], ["W", 6], ["W", 6], ["W", 7], ["W", 6], ["R", 2], ["R", 5], ["R", 5], ["R", 6], ["W", 2]]}]}, "AdvertisementController.create": {"t": [{"id": 0, "a": [["R", 1], ["R", 1], ["R", 2], ["R", 2], ["R", 2], ["R", 3], ["R", 2], ["R", 1], ["R", 1], ["R", 2], ["R", 2], ["R", 2], ["R", 3], ["W", 10], ["W", 2], ["W", 10], ["W", 2]]}]}, "AdvertisementController.delete": {"t": [{"id": 0, "a": [["W", 10], ["R", 1], ["R", 1], ["R", 2], ["R", 2], ["R", 2], ["R", 3], ["R", 2], ["R", 10], ["R", 2], ["R", 10], ["R", 1], ["R", 1], ["R", 2], ["R", 2], ["R", 2], ["R", 3]]}]}, "AdvertisementController.downloadRecipientFileImage": {"t": [{"id": 0, "a": [["R", 10], ["R", 10], ["R", 10], ["R", 10], ["R", 10], ["R", 10], ["R", 10], ["R", 10], ["R", 10], ["R", 10]]}]}, "AdvertisementController.edit": {"t": [{"id": 0, "a": [["R", 1], ["R", 1], ["R", 2], ["R", 2], ["R", 2], ["R", 3], ["R", 2], ["R", 10], ["R", 2], ["R", 10]]}]}, "AdvertisementController.list": {"t": [{"id": 0, "a": [["R", 10], ["R", 1], ["R", 1], ["R", 2], ["R", 2], ["R", 2], ["R", 3]]}]}, "AdvertisementController.listUser": {"t": [{"id": 0, "a": [["R", 1], ["R", 1], ["R", 2], ["R", 2], ["R", 2], ["R", 3], ["R", 2], ["R", 10], ["R", 2], ["R", 10], ["R", 1], ["R", 1], ["R", 2], ["R", 2], ["R", 2], ["R", 3]]}]}, "AdvertisementController.location": {"t": [{"id": 0, "a": [["R", 10]]}]}, "AdvertisementController.register": {"t": [{"id": 0, "a": [["R", 10], ["R", 1], ["R", 1], ["R", 2], ["R", 2], ["R", 2], ["R", 3], ["R", 10], ["R", 2], ["R", 1], ["R", 1], ["R", 2], ["R", 2], ["R", 2], ["R", 3], ["R", 1], ["R", 10], ["R", 2], ["R", 10], ["R", 2], ["R", 10], ["R", 1], ["R", 10], ["R", 10], ["W", 10], ["R", 10], ["W", 10], ["R", 10], ["W", 10], ["R", 10], ["W", 10], ["R", 10], ["W", 10], ["R", 10], ["W", 10], ["R", 10], ["W", 10], ["W", 10], ["R", 2], ["W", 10], ["R", 2], ["R", 10], ["W", 2], ["R", 10], ["R", 2], ["W", 9], ["W", 2], ["W", 9], ["W", 10], ["W", 9]]}]}, "AdvertisementController.save": {"t": [{"id": 0, "a": [["R", 10], ["R", 10], ["R", 10], ["R", 10], ["R", 10], ["R", 1], ["R", 1], ["R", 2], ["R", 2], ["R", 2], ["R", 3], ["R", 2], ["R", 1], ["R", 1], ["R", 2], ["R", 2], ["R", 2], ["R", 3], ["R", 1], ["R", 10], ["R", 2], ["R", 10], ["R", 2], ["R", 10], ["R", 1], ["R", 10], ["R", 10], ["W", 10], ["R", 10], ["W", 10], ["R", 10], ["W", 10], ["R", 10], ["W", 10], ["R", 10], ["W", 10], ["R", 10], ["W", 10], ["R", 10], ["W", 10], ["W", 10], ["R", 2], ["W", 10], ["R", 2], ["R", 10], ["W", 2]]}]}, "AdvertisementController.saveCreate": {"t": [{"id": 0, "a": [["R", 10], ["R", 1], ["R", 1], ["R", 2], ["R", 2], ["R", 2], ["R", 3], ["W", 10], ["W", 10], ["R", 2], ["R", 10], ["W", 2]]}]}, "AdvertisementController.search": {"t": [{"id": 0, "a": [["R", 10], ["R", 10], ["R", 10]]}]}, "AdvertisementController.unregister": {"t": [{"id": 0, "a": [["R", 10], ["R", 1], ["R", 1], ["R", 2], ["R", 2], ["R", 2], ["R", 3], ["R", 2], ["R", 10], ["R", 10], ["R", 2], ["R", 1], ["R", 1], ["R", 2], ["R", 2], ["R", 2], ["R", 3], ["R", 1], ["R", 10], ["R", 2], ["R", 10], ["R", 2], ["R", 10], ["R", 1], ["R", 10], ["R", 10], ["W", 10], ["R", 10], ["W", 10], ["R", 10], ["W", 10], ["R", 10], ["W", 10], ["R", 10], ["W", 10], ["R", 10], ["W", 10], ["R", 10], ["W", 10], ["W", 10], ["R", 2], ["W", 10], ["R", 2], ["R", 10], ["W", 2]]}]}, "AdvertisementController.uploadImage": {"t": [{"id": 0, "a": [["R", 10], ["R", 1], ["R", 1], ["R", 2], ["R", 2], ["R", 2], ["R", 3], ["R", 2], ["R", 10], ["R", 1]]}]}, "AdvertisementController.view": {"t": [{"id": 0, "a": [["R", 10], ["R", 1], ["R", 1], ["R", 2], ["R", 2], ["R", 2], ["R", 3], ["R", 10], ["R", 2], ["R", 1], ["R", 1], ["R", 10], ["R", 2]]}]}, "NotificationController.list": {"t": [{"id": 0, "a": [["R", 1], ["R", 1], ["R", 2], ["R", 2], ["R", 2], ["R", 3], ["R", 9]]}]}, "NotificationController.notifications": {"t": [{"id": 0, "a": [["R", 1], ["R", 1], ["R", 2], ["R", 2], ["R", 2], ["R", 3], ["R", 9]]}]}, "NotificationController.view": {"t": [{"id": 0, "a": [["R", 9], ["R", 9], ["W", 9], ["W", 9]]}]}, "ActorController.create": {"t": [{"id": 0, "a": [["W", 2], ["W", 10], ["W", 2], ["W", 10], ["W", 2], ["W", 11], ["W", 2], ["W", 2], ["W", 2], ["W", 2], ["W", 3], ["W", 3], ["W", 3], ["W", 2], ["W", 3]]}]}, "ActorController.follow": {"t": [{"id": 0, "a": [["R", 2], ["R", 1], ["R", 1], ["R", 2], ["R", 2], ["R", 2], ["R", 3], ["R", 2], ["R", 2], ["W", 2], ["R", 2], ["R", 2], ["W", 2], ["R", 1], ["R", 1], ["R", 2], ["R", 2], ["R", 2], ["R", 3], ["W", 9], ["W", 2], ["W", 9], ["W", 2], ["W", 9], ["W", 9], ["R", 2], ["R", 5], ["R", 1]]}]}, "ActorController.goPremium": {"t": [{"id": 0, "a": [["R", 1], ["R", 1], ["R", 2], ["R", 2], ["R", 2], ["R", 3], ["W", 2], ["W", 2]]}]}, "ActorController.gonoPremium": {"t": [{"id": 0, "a": [["R", 1], ["R", 1], ["R", 2], ["R", 2], ["R", 2], ["R", 3], ["W", 2], ["W", 2]]}]}, "ActorController.list": {"t": [{"id": 0, "a": [["R", 1], ["R", 1], ["R", 2], ["R", 2], ["R", 2], ["R", 3], ["R", 2], ["R", 2], ["R", 2], ["R", 2]]}]}, "ActorController.listRegistered": {"t": [{"id": 0, "a": [["R", 1], ["R", 1], ["R", 2], ["R", 2], ["R", 2], ["R", 3], ["R", 10], ["R", 2], ["R", 10], ["R", 2], ["R", 2], ["R", 10]]}]}, "ActorController.premium": {"t": [{"id": 0, "a": [["R", 1], ["R", 1], ["R", 2], ["R", 2], ["R", 2], ["R", 3]]}]}, "ActorController.save": {"t": [{"id": 0, "a": [["R", 2], ["R", 2], ["R", 3], ["R", 3], ["R", 2], ["R", 2], ["R", 2], ["R", 3], ["W", 2], ["R", 2], ["R", 3], ["R", 2], ["R", 3], ["R", 3], ["W", 3], ["W", 2]]}]}, "ActorController.unfollow": {"t": [{"id": 0, "a": [["R", 2], ["R", 1], ["R", 1], ["R", 2], ["R", 2], ["R", 2], ["R", 3], ["R", 2], ["R", 2], ["W", 2], ["R", 2], ["R", 2], ["W", 2], ["R", 2], ["R", 5], ["R", 1]]}]}, "UserSpaceController.create": {"t": [{"id": 0, "a": [["W", 5], ["W", 5], ["W", 5], ["R", 1], ["R", 1], ["R", 2], ["R", 2], ["R", 2], ["R", 3], ["R", 2], ["R", 5], ["R", 12]]}]}, "UserSpaceController.createComment": {"t": [{"id": 0, "a": [["R", 1], ["R", 1], ["R", 2], ["R", 2], ["R", 2], ["R", 3], ["W", 13], ["W", 13], ["R", 5], ["R", 5], ["R", 1]]}]}, "UserSpaceController.createEdit": {"t": [{"id": 0, "a": [["R", 1], ["R", 1], ["R", 2], ["R", 2], ["R", 2], ["R", 3], ["R", 13], ["R", 13], ["R", 2], ["R", 1], ["R", 1], ["R", 1]]}]}, "UserSpaceController.delete": {"t": [{"id": 0, "a": [["R", 13], ["R", 1], ["R", 1], ["R", 2], ["R", 2], ["R", 2], ["R", 3], ["R", 13], ["R", 2], ["R", 1], ["R", 1], ["R", 1], ["W", 13], ["R", 5], ["R", 5], ["R", 13], ["R", 1], ["R", 1], ["R", 2], ["R", 2], ["R", 2], ["R", 3], ["R", 1], ["R", 5], ["R", 1], ["R", 5], ["R", 5], ["W", 5], ["R", 5], ["W", 5], ["R", 5], ["W", 5], ["R", 5], ["W", 5], ["R", 5], ["R", 12], ["W", 5], ["W", 12], ["W", 5], ["W", 5], ["W", 8], ["W", 5], ["W", 14], ["W", 5], ["W", 4], ["W", 5], ["W", 6], ["W", 5], ["W", 2], ["W", 5], ["W", 2]]}]}, "UserSpaceController.downloadRecipientFile": {"t": [{"id": 0, "a": [["R", 7], ["R", 7], ["R", 7], ["R", 7], ["R", 7], ["R", 7], ["R", 7], ["R", 7], ["R", 7], ["R", 7]]}]}, "UserSpaceController.downloadRecipientFileImage": {"t": [{"id": 0, "a": [["R", 5], ["R", 5], ["R", 5], ["R", 5], ["R", 5]]}]}, "UserSpaceController.edit": {"t": [{"id": 0, "a": [["R", 1], ["R", 1], ["R", 2], ["R", 2], ["R", 2], ["R", 3], ["R", 2], ["R", 5], ["R", 2], ["R", 5], ["R", 12]]}]}, "UserSpaceController.genreSearch": {"t": [{"id": 0, "a": [["R", 5], ["R", 5], ["R", 5], ["R", 12], ["R", 12]]}]}, "UserSpaceController.list": {"t": [{"id": 0, "a": [["R", 5], ["R", 12]]}]}, "UserSpaceController.saveComment": {"t": [{"id": 0, "a": [["R", 13], ["R", 13], ["R", 13], ["R", 13], ["R", 5], ["R", 1], ["R", 1], ["R", 2], ["R", 2], ["R", 2], ["R", 3], ["R", 1], ["R", 13], ["R", 13], ["R", 2], ["R", 1], ["R", 1], ["R", 1], ["R", 1], ["R", 13], ["R", 13], ["W", 13], ["R", 13], ["W", 13], ["W", 13], ["W", 13], ["W", 13], ["W", 2], ["W", 13], ["W", 13], ["R", 5], ["R", 13], ["R", 1], ["R", 1], ["R", 2], ["R", 2], ["R", 2], ["R", 3], ["R", 1], ["R", 5], ["R", 1], ["R", 5], ["R", 5], ["W", 5], ["R", 5], ["W", 5], ["R", 5], ["W", 5], ["R", 5], ["W", 5], ["R", 5], ["R", 12], ["W", 5], ["W", 12], ["W", 5], ["W", 5], ["W", 8], ["W", 5], ["W", 14], ["W", 5], ["W", 4], ["W", 5], ["W", 6], ["W", 5], ["W", 2], ["W", 5], ["W", 2]]}]}, "UserSpaceController.saveCreate": {"t": [{"id": 0, "a": [["R", 12], ["R", 1], ["R", 1], ["R", 2], ["R", 2], ["R", 2], ["R", 3], ["R", 2], ["R", 5], ["R", 2], ["R", 5], ["R", 1], ["R", 1], ["R", 1], ["R", 1], ["R", 2], ["R", 2], ["R", 2], ["R", 3], ["R", 1], ["R", 5], ["R", 1], ["R", 5], ["R", 5], ["W", 5], ["R", 5], ["W", 5], ["R", 5], ["W", 5], ["R", 5], ["W", 5], ["R", 5], ["R", 12], ["W", 5], ["W", 12], ["W", 5], ["W", 5], ["W", 8], ["W", 5], ["W", 14], ["W", 5], ["W", 4], ["W", 5], ["W", 6], ["W", 5], ["W", 2], ["W", 5], ["W", 2]]}]}, "UserSpaceController.saveJpg": {"t": [{"id": 0, "a": [["R", 1], ["R", 1], ["R", 2], ["R", 2], ["R", 2], ["R", 3], ["R", 2], ["R", 5], ["W", 5], ["W", 5]]}]}, "UserSpaceController.search": {"t": [{"id": 0, "a": [["R", 5], ["R", 5], ["R", 5], ["R", 12], ["R", 5], ["R", 5], ["R", 5], ["R", 12], ["R", 12]]}]}, "UserSpaceController.uploadImage": {"t": [{"id": 0, "a": [["R", 1], ["R", 1], ["R", 2], ["R", 2], ["R", 2], ["R", 3], ["R", 2], ["R", 5], ["R", 1], ["R", 1], ["R", 2], ["R", 2], ["R", 2], ["R", 3], ["R", 2], ["R", 5], ["R", 1], ["R", 1], ["R", 1]]}]}, "UserSpaceController.view": {"t": [{"id": 0, "a": [["R", 1], ["R", 1], ["R", 2], ["R", 2], ["R", 2], ["R", 3], ["R", 2], ["R", 5], ["R", 2], ["R", 5], ["R", 2], ["R", 5], ["R", 1]]}]}, "UserSpaceController.view2": {"t": [{"id": 0, "a": [["R", 2], ["R", 2], ["R", 2], ["R", 5], ["R", 1], ["R", 1], ["R", 2], ["R", 2], ["R", 2], ["R", 3], ["R", 2], ["R", 2], ["R", 1], ["R", 1], ["R", 2], ["R", 2], ["R", 2], ["R", 3], ["R", 1], ["R", 1], ["R", 1], ["R", 2], ["R", 2], ["R", 2], ["R", 3], ["R", 1], ["W", 13], ["W", 13], ["R", 5], ["R", 5], ["R", 1]]}]}, "DonationController.create": {"t": [{"id": 0, "a": [["W", 14], ["W", 14], ["W", 14]]}]}, "DonationController.delete": {"t": [{"id": 0, "a": [["R", 14], ["R", 1], ["R", 1], ["R", 2], ["R", 2], ["R", 2], ["R", 3], ["R", 2], ["R", 5], ["R", 5], ["R", 14], ["W", 14], ["R", 2], ["R", 5], ["R", 5], ["R", 14], ["W", 2]]}]}, "DonationController.edit": {"t": [{"id": 0, "a": [["R", 1], ["R", 1], ["R", 2], ["R", 2], ["R", 2], ["R", 3], ["R", 14], ["R", 2], ["R", 5], ["R", 5], ["R", 14]]}]}, "DonationController.saveCreate": {"t": [{"id": 0, "a": [["R", 1], ["R", 1], ["R", 2], ["R", 2], ["R", 2], ["R", 3], ["R", 1], ["R", 14], ["R", 2], ["R", 5], ["R", 5], ["R", 14], ["R", 1], ["R", 14], ["R", 14], ["W", 14], ["R", 14], ["W", 14], ["R", 14], ["W", 14], ["W", 14], ["W", 14], ["R", 2], ["R", 5], ["R", 5], ["R", 14], ["W", 2]]}]}}