{"RestUserController.acceptTermsOfService": {"t": [{"id": 0, "a": [["R", 1], ["R", 1], ["W", 1], ["W", 1]]}]}, "RestUserController.changePassword": {"t": [{"id": 0, "a": [["R", 1], ["R", 1], ["R", 1], ["R", 2], ["R", 1], ["R", 2], ["R", 1], ["R", 1], ["R", 1], ["R", 1], ["R", 2], ["R", 2], ["R", 1], ["R", 3], ["R", 3], ["R", 3], ["R", 3], ["R", 3], ["W", 3], ["R", 3], ["R", 3], ["R", 3], ["R", 3], ["R", 3], ["R", 3], ["R", 3], ["R", 3], ["R", 3], ["R", 3], ["R", 3], ["R", 3], ["R", 3], ["R", 3], ["R", 3], ["R", 3], ["R", 1], ["R", 3], ["R", 3], ["W", 3], ["R", 3], ["R", 3], ["R", 3], ["R", 3], ["R", 3], ["R", 3], ["W", 1], ["W", 2], ["W", 1], ["W", 2], ["W", 1], ["W", 2], ["W", 1], ["W", 4], ["R", 1], ["R", 1], ["R", 2], ["R", 1], ["R", 2], ["R", 1], ["R", 1], ["R", 1], ["R", 1], ["R", 2], ["R", 1], ["R", 3], ["R", 2], ["W", 2], ["W", 2], ["W", 1], ["W", 2], ["W", 1], ["R", 1], ["W", 1], ["R", 1], ["R", 1], ["R", 1], ["R", 1], ["R", 1], ["R", 1], ["R", 1], ["R", 1]]}]}, "RestUserController.confirmRegistration": {"t": [{"id": 0, "a": [["R", 5], ["R", 5], ["R", 5], ["R", 1], ["R", 5], ["W", 1], ["W", 1]]}]}, "RestUserController.exportAccount": {"t": [{"id": 0, "a": [["R", 1], ["R", 1], ["R", 1], ["R", 1]]}]}, "RestUserController.getUserSettings": {"t": [{"id": 0, "a": [["R", 1], ["R", 1], ["R", 1], ["R", 1], ["R", 6], ["R", 6], ["R", 6], ["R", 6], ["R", 6]]}]}, "RestUserController.isSignedIn": {"t": [{"id": 0, "a": [["R", 1], ["R", 1], ["R", 1], ["W", 1], ["R", 1], ["R", 1], ["R", 1], ["R", 1], ["R", 1], ["R", 1], ["R", 1], ["R", 1]]}]}, "RestUserController.logIn": {"t": [{"id": 0, "a": [["R", 1], ["R", 1], ["W", 1], ["R", 1], ["R", 1], ["R", 1], ["R", 1], ["R", 1], ["R", 1], ["R", 1], ["R", 1]]}]}, "RestUserController.registerUser": {"t": [{"id": 0, "a": [["R", 1], ["R", 1], ["W", 1], ["W", 1], ["W", 1], ["W", 1], ["W", 1], ["W", 1], ["W", 1], ["W", 2], ["R", 2], ["R", 3], ["R", 3], ["R", 3], ["R", 3], ["W", 3], ["R", 3], ["R", 3], ["R", 3], ["R", 3], ["R", 3], ["R", 3], ["R", 3], ["R", 3], ["R", 3], ["R", 3], ["R", 3], ["R", 3], ["R", 3], ["R", 3], ["R", 3], ["R", 3], ["W", 1], ["W", 2], ["W", 1], ["W", 3], ["W", 1], ["R", 1], ["R", 1], ["R", 1], ["R", 1], ["R", 2], ["R", 1], ["R", 2], ["R", 1], ["R", 1], ["R", 1], ["R", 1], ["R", 2], ["R", 1], ["R", 3], ["R", 2], ["W", 2], ["W", 2], ["W", 1], ["W", 2], ["W", 1]]}]}, "RestUserController.resendVerificationEmail": {"t": [{"id": 0, "a": [["R", 1], ["R", 1], ["R", 1], ["R", 5], ["R", 5], ["R", 5], ["W", 5], ["W", 1], ["W", 5], ["W", 5], ["R", 5], ["W", 5], ["W", 5], ["R", 5], ["R", 5], ["R", 1], ["R", 1], ["R", 1]]}]}, "RestUserController.resetPassword": {"t": [{"id": 0, "a": [["R", 1], ["R", 1], ["R", 1], ["R", 2], ["R", 1], ["R", 2], ["R", 1], ["R", 1], ["R", 1], ["R", 2], ["R", 2], ["R", 1], ["R", 3], ["R", 3], ["R", 3], ["R", 3], ["R", 3], ["W", 3], ["R", 3], ["R", 3], ["R", 3], ["R", 3], ["R", 3], ["R", 3], ["R", 3], ["R", 3], ["R", 3], ["R", 3], ["R", 3], ["R", 3], ["R", 3], ["R", 3], ["R", 3], ["R", 3], ["R", 1], ["R", 3], ["R", 3], ["W", 3], ["R", 3], ["R", 3], ["R", 3], ["R", 3], ["R", 3], ["R", 3], ["W", 1], ["W", 2], ["R", 1], ["R", 2], ["W", 2], ["W", 1], ["W", 1], ["W", 2], ["W", 1], ["W", 4], ["R", 1], ["R", 1], ["R", 2], ["R", 1], ["R", 2], ["R", 1], ["R", 1], ["R", 1], ["R", 1], ["R", 2], ["R", 1], ["R", 3], ["R", 2], ["W", 2], ["W", 2], ["W", 1], ["W", 2], ["W", 1], ["R", 1], ["W", 1], ["R", 1], ["R", 1], ["R", 1], ["R", 1], ["R", 1], ["R", 1], ["R", 1], ["R", 1]]}]}, "RestUserController.setUserSettings": {"t": [{"id": 0, "a": [["R", 1], ["R", 1], ["R", 1], ["W", 1], ["W", 1], ["R", 1], ["W", 1], ["W", 1], ["R", 1], ["R", 6], ["R", 6], ["W", 6], ["W", 6], ["W", 6], ["W", 6]]}]}, "RestUserController.subscribeNotifications": {"t": [{"id": 0, "a": [["R", 1], ["W", 7], ["W", 7], ["W", 7], ["R", 1], ["R", 7], ["R", 7], ["R", 7], ["W", 7], ["R", 1], ["R", 7], ["W", 1], ["W", 7], ["W", 1]]}]}, "RestUserController.transferUser": {"t": [{"id": 0, "a": [["R", 1], ["R", 1], ["R", 1], ["R", 1], ["R", 1], ["R", 1], ["R", 2], ["R", 1], ["R", 2], ["R", 1], ["R", 1], ["W", 1], ["W", 1], ["W", 1], ["W", 1], ["W", 1], ["W", 1], ["W", 1], ["R", 1], ["R", 2], ["R", 2], ["W", 2], ["W", 1], ["W", 2], ["W", 1], ["W", 2], ["W", 1], ["R", 1], ["R", 1], ["R", 1], ["R", 2], ["R", 1], ["R", 2], ["R", 1], ["R", 1], ["R", 1], ["R", 1], ["R", 2], ["R", 1], ["R", 3], ["R", 2], ["W", 2], ["W", 2], ["W", 1], ["W", 2], ["W", 1]]}]}, "LinkedDataWebController.listAtomURIs": {"t": [{"id": 0, "a": [["R", 8], ["R", 8], ["R", 8], ["R", 8], ["R", 8], ["R", 8], ["R", 8], ["R", 8], ["R", 8], ["R", 9], ["R", 9], ["R", 9], ["R", 9], ["R", 9], ["R", 9], ["R", 9], ["R", 9], ["R", 9], ["R", 9], ["R", 9], ["R", 9], ["R", 9], ["R", 9], ["R", 9], ["R", 9], ["W", 9], ["R", 8], ["R", 8], ["R", 8], ["R", 8], ["R", 8], ["R", 8], ["R", 8], ["R", 8], ["R", 8], ["R", 8], ["R", 8], ["R", 8], ["R", 8], ["R", 8], ["R", 8], ["R", 8], ["R", 8], ["R", 8], ["R", 8], ["R", 8], ["R", 8], ["R", 8], ["R", 8], ["R", 8], ["R", 8], ["R", 8], ["R", 8], ["R", 8], ["R", 9], ["R", 9], ["R", 9], ["R", 9], ["R", 9], ["R", 9], ["R", 9], ["R", 9], ["R", 9], ["R", 9], ["R", 9], ["R", 9], ["R", 9], ["R", 9], ["R", 9], ["R", 9], ["W", 9], ["R", 8], ["R", 8], ["R", 8], ["R", 8], ["R", 8], ["R", 8], ["R", 8], ["R", 8], ["R", 8], ["R", 8], ["R", 9], ["R", 9], ["R", 9], ["R", 9], ["R", 9], ["R", 9], ["R", 9], ["R", 9], ["R", 9], ["R", 9], ["R", 9], ["R", 9], ["R", 9], ["R", 9], ["R", 9], ["R", 9], ["W", 9]]}]}, "LinkedDataWebController.listConnectionURIs": {"t": [{"id": 0, "a": [["R", 10], ["R", 10], ["R", 10], ["R", 10], ["R", 10], ["R", 11], ["R", 11], ["R", 11], ["R", 11], ["R", 11], ["R", 11], ["R", 10], ["R", 10], ["R", 10], ["R", 11], ["R", 11], ["R", 11], ["R", 11], ["R", 11], ["R", 11], ["R", 11], ["R", 10], ["R", 10], ["R", 10], ["R", 11], ["R", 11], ["R", 11], ["R", 11], ["R", 11], ["R", 11], ["R", 11], ["R", 11], ["R", 10], ["R", 10], ["R", 10], ["R", 10], ["R", 11], ["R", 11], ["R", 11], ["R", 10], ["R", 11], ["R", 10], ["R", 10], ["R", 10], ["R", 11], ["R", 11], ["R", 11], ["R", 11], ["R", 11], ["R", 11], ["R", 11], ["R", 11], ["R", 11], ["R", 10], ["R", 10], ["R", 10], ["R", 11], ["R", 11], ["R", 11], ["R", 11], ["R", 11], ["R", 11], ["R", 11], ["R", 11], ["R", 11], ["R", 11], ["R", 10], ["R", 10], ["R", 10], ["R", 10], ["R", 10], ["R", 10], ["R", 9], ["R", 10], ["R", 9], ["R", 9], ["R", 9], ["R", 9], ["R", 9], ["R", 9], ["R", 9], ["R", 9], ["R", 9], ["R", 9], ["R", 9], ["R", 9], ["R", 9], ["R", 9], ["R", 9], ["R", 9], ["W", 9], ["R", 10], ["R", 10], ["R", 10], ["R", 9], ["R", 9], ["R", 9], ["R", 9], ["R", 9], ["R", 9], ["R", 9], ["R", 9], ["R", 9], ["R", 9], ["R", 9], ["R", 9], ["R", 9], ["R", 9], ["R", 9], ["R", 9], ["W", 9], ["R", 10], ["R", 10], ["R", 10], ["R", 10], ["R", 10], ["R", 10], ["R", 10], ["R", 10], ["R", 9], ["R", 10], ["R", 9], ["R", 9], ["R", 9], ["R", 9], ["R", 9], ["R", 9], ["R", 9], ["R", 9], ["R", 9], ["R", 9], ["R", 9], ["R", 9], ["R", 9], ["R", 9], ["R", 9], ["R", 9], ["W", 9], ["R", 10], ["R", 10], ["R", 10], ["R", 9], ["R", 9], ["R", 9], ["R", 9], ["R", 9], ["R", 9], ["R", 9], ["R", 9], ["R", 9], ["R", 9], ["R", 9], ["R", 9], ["R", 9], ["R", 9], ["R", 9], ["R", 9], ["W", 9], ["R", 10], ["R", 10], ["R", 10], ["R", 10], ["R", 10], ["R", 11], ["R", 11], ["R", 11], ["R", 11], ["R", 11], ["R", 11], ["R", 10], ["R", 10], ["R", 10], ["R", 11], ["R", 11], ["R", 11], ["R", 11], ["R", 11], ["R", 11], ["R", 11], ["R", 10], ["R", 10], ["R", 10], ["R", 10], ["R", 10], ["R", 10], ["R", 10], ["R", 9], ["R", 10], ["R", 9], ["R", 9], ["R", 9], ["R", 9], ["R", 9], ["R", 9], ["R", 9], ["R", 9], ["R", 9], ["R", 9], ["R", 9], ["R", 9], ["R", 9], ["R", 9], ["R", 9], ["R", 9], ["W", 9], ["R", 10], ["R", 10], ["R", 10], ["R", 9], ["R", 9], ["R", 9], ["R", 9], ["R", 9], ["R", 9], ["R", 9], ["R", 9], ["R", 9], ["R", 9], ["R", 9], ["R", 9], ["R", 9], ["R", 9], ["R", 9], ["R", 9], ["W", 9], ["R", 10], ["R", 10], ["R", 10], ["R", 10], ["R", 10], ["R", 11], ["R", 11], ["R", 11], ["R", 11], ["R", 11], ["R", 11], ["R", 10], ["R", 10], ["R", 10], ["R", 11], ["R", 11], ["R", 11], ["R", 11], ["R", 11], ["R", 11], ["R", 11], ["R", 10], ["R", 10], ["R", 10], ["R", 10], ["R", 10], ["R", 10], ["R", 10], ["R", 9], ["R", 10], ["R", 9], ["R", 9], ["R", 9], ["R", 9], ["R", 9], ["R", 9], ["R", 9], ["R", 9], ["R", 9], ["R", 9], ["R", 9], ["R", 9], ["R", 9], ["R", 9], ["R", 9], ["R", 9], ["W", 9], ["R", 10], ["R", 10], ["R", 10], ["R", 9], ["R", 9], ["R", 9], ["R", 9], ["R", 9], ["R", 9], ["R", 9], ["R", 9], ["R", 9], ["R", 9], ["R", 9], ["R", 9], ["R", 9], ["R", 9], ["R", 9], ["R", 9], ["W", 9], ["R", 11], ["R", 11], ["R", 11], ["R", 10], ["R", 10], ["R", 10], ["R", 11], ["R", 11], ["R", 11], ["R", 11], ["R", 11], ["R", 11], ["R", 11], ["R", 11], ["R", 11], ["R", 10], ["R", 10], ["R", 10], ["R", 10], ["R", 10], ["R", 10], ["R", 9], ["R", 10], ["R", 9], ["R", 9], ["R", 9], ["R", 9], ["R", 9], ["R", 9], ["R", 9], ["R", 9], ["R", 9], ["R", 9], ["R", 9], ["R", 9], ["R", 9], ["R", 9], ["R", 9], ["R", 9], ["W", 9], ["R", 10], ["R", 10], ["R", 10], ["R", 9], ["R", 9], ["R", 9], ["R", 9], ["R", 9], ["R", 9], ["R", 9], ["R", 9], ["R", 9], ["R", 9], ["R", 9], ["R", 9], ["R", 9], ["R", 9], ["R", 9], ["R", 9], ["W", 9], ["R", 11], ["R", 11], ["R", 11], ["R", 10], ["R", 10], ["R", 10], ["R", 11], ["R", 11], ["R", 11], ["R", 11], ["R", 11], ["R", 11], ["R", 11], ["R", 11], ["R", 11], ["R", 10], ["R", 10], ["R", 10], ["R", 10], ["R", 10], ["R", 10], ["R", 9], ["R", 10], ["R", 9], ["R", 9], ["R", 9], ["R", 9], ["R", 9], ["R", 9], ["R", 9], ["R", 9], ["R", 9], ["R", 9], ["R", 9], ["R", 9], ["R", 9], ["R", 9], ["R", 9], ["R", 9], ["W", 9], ["R", 10], ["R", 10], ["R", 10], ["R", 9], ["R", 9], ["R", 9], ["R", 9], ["R", 9], ["R", 9], ["R", 9], ["R", 9], ["R", 9], ["R", 9], ["R", 9], ["R", 9], ["R", 9], ["R", 9], ["R", 9], ["R", 9], ["W", 9]]}]}, "LinkedDataWebController.readAtom": {"t": [{"id": 0, "a": [["R", 8], ["R", 8], ["R", 8], ["R", 8], ["R", 8], ["R", 8], ["R", 8], ["R", 9], ["R", 9], ["R", 9], ["R", 9], ["R", 9], ["R", 9], ["R", 9], ["R", 9], ["R", 9], ["R", 9], ["R", 9], ["R", 9], ["R", 9], ["R", 9], ["R", 9], ["R", 9], ["W", 9], ["R", 8], ["R", 8], ["R", 11], ["R", 11], ["R", 8], ["R", 8], ["R", 8], ["R", 8], ["R", 8], ["R", 8], ["R", 8], ["R", 9], ["R", 9], ["R", 9], ["R", 9], ["R", 9], ["R", 9], ["R", 9], ["R", 9], ["R", 9], ["R", 9], ["R", 9], ["R", 9], ["R", 9], ["R", 9], ["R", 9], ["R", 9], ["W", 9], ["R", 8], ["R", 8], ["R", 11], ["R", 11], ["R", 8], ["R", 8], ["R", 8], ["R", 8], ["R", 8], ["R", 8], ["R", 10], ["R", 10], ["R", 11], ["R", 11], ["R", 11], ["R", 11], ["R", 11], ["R", 11], ["R", 11], ["R", 11], ["R", 11], ["R", 11], ["R", 11], ["R", 11], ["R", 11], ["R", 11], ["R", 11], ["R", 11], ["R", 11], ["R", 11], ["R", 11], ["R", 11], ["R", 11], ["R", 11], ["R", 11], ["R", 11], ["R", 11], ["R", 11], ["R", 11], ["R", 11], ["R", 11], ["R", 11], ["R", 11], ["R", 11], ["R", 11], ["R", 11], ["R", 11], ["R", 11], ["R", 11], ["R", 11], ["R", 11], ["R", 11], ["R", 10], ["R", 10], ["R", 10], ["R", 10], ["R", 10], ["R", 9], ["R", 10], ["R", 9], ["R", 9], ["R", 9], ["R", 9], ["R", 9], ["R", 9], ["R", 9], ["R", 9], ["R", 9], ["R", 9], ["R", 9], ["R", 9], ["R", 9], ["R", 9], ["R", 9], ["R", 9], ["W", 9], ["R", 10], ["R", 10], ["R", 10], ["R", 9], ["R", 9], ["R", 9], ["R", 9], ["R", 9], ["R", 9], ["R", 9], ["R", 9], ["R", 9], ["R", 9], ["R", 9], ["R", 9], ["R", 9], ["R", 9], ["R", 9], ["R", 9], ["W", 9], ["R", 11], ["R", 11], ["R", 11], ["R", 11], ["R", 11], ["R", 11], ["R", 11], ["R", 11], ["R", 11], ["R", 11], ["R", 11], ["R", 9], ["R", 9]]}]}, "LinkedDataWebController.readAtomDeep": {"t": [{"id": 0, "a": [["R", 8], ["R", 8], ["R", 8], ["R", 8], ["R", 8], ["R", 8], ["R", 8], ["R", 9], ["R", 9], ["R", 9], ["R", 9], ["R", 9], ["R", 9], ["R", 9], ["R", 9], ["R", 9], ["R", 9], ["R", 9], ["R", 9], ["R", 9], ["R", 9], ["R", 9], ["R", 9], ["W", 9], ["R", 8], ["R", 8], ["R", 11], ["R", 11], ["R", 8], ["R", 8], ["R", 8], ["R", 8], ["R", 8], ["R", 8], ["R", 8], ["R", 9], ["R", 9], ["R", 9], ["R", 9], ["R", 9], ["R", 9], ["R", 9], ["R", 9], ["R", 9], ["R", 9], ["R", 9], ["R", 9], ["R", 9], ["R", 9], ["R", 9], ["R", 9], ["W", 9], ["R", 8], ["R", 8], ["R", 11], ["R", 11], ["R", 8], ["R", 8], ["R", 8], ["R", 8], ["R", 8], ["R", 8], ["R", 10], ["R", 10], ["R", 11], ["R", 11], ["R", 11], ["R", 11], ["R", 11], ["R", 11], ["R", 11], ["R", 11], ["R", 11], ["R", 11], ["R", 11], ["R", 11], ["R", 11], ["R", 11], ["R", 11], ["R", 11], ["R", 11], ["R", 11], ["R", 11], ["R", 11], ["R", 11], ["R", 11], ["R", 11], ["R", 11], ["R", 11], ["R", 11], ["R", 11], ["R", 11], ["R", 11], ["R", 11], ["R", 11], ["R", 11], ["R", 11], ["R", 11], ["R", 11], ["R", 11], ["R", 11], ["R", 11], ["R", 11], ["R", 11], ["R", 10], ["R", 10], ["R", 10], ["R", 10], ["R", 10], ["R", 9], ["R", 10], ["R", 9], ["R", 9], ["R", 9], ["R", 9], ["R", 9], ["R", 9], ["R", 9], ["R", 9], ["R", 9], ["R", 9], ["R", 9], ["R", 9], ["R", 9], ["R", 9], ["R", 9], ["R", 9], ["W", 9], ["R", 10], ["R", 10], ["R", 10], ["R", 9], ["R", 9], ["R", 9], ["R", 9], ["R", 9], ["R", 9], ["R", 9], ["R", 9], ["R", 9], ["R", 9], ["R", 9], ["R", 9], ["R", 9], ["R", 9], ["R", 9], ["R", 9], ["W", 9], ["R", 11], ["R", 11], ["R", 11], ["R", 11], ["R", 11], ["R", 11], ["R", 11], ["R", 11], ["R", 11], ["R", 11], ["R", 11], ["R", 9], ["R", 9]]}]}, "LinkedDataWebController.readAttachment": {"t": [{"id": 0, "a": [["R", 9], ["R", 9], ["R", 9], ["R", 9], ["R", 9], ["R", 9], ["R", 9], ["R", 9], ["R", 9], ["R", 9], ["R", 9], ["R", 9], ["R", 9], ["R", 9], ["R", 9], ["R", 9], ["R", 9], ["W", 9], ["R", 9]]}]}, "LinkedDataWebController.readConnection": {"t": [{"id": 0, "a": [["R", 10], ["R", 10], ["R", 10], ["R", 10], ["R", 10], ["R", 9], ["R", 10], ["R", 9], ["R", 9], ["R", 9], ["R", 9], ["R", 9], ["R", 9], ["R", 9], ["R", 9], ["R", 9], ["R", 9], ["R", 9], ["R", 9], ["R", 9], ["R", 9], ["R", 9], ["R", 9], ["W", 9], ["R", 10], ["R", 10], ["R", 10], ["R", 9], ["R", 9], ["R", 9], ["R", 9], ["R", 9], ["R", 9], ["R", 9], ["R", 9], ["R", 9], ["R", 9], ["R", 9], ["R", 9], ["R", 9], ["R", 9], ["R", 9], ["R", 9], ["W", 9]]}]}, "LinkedDataWebController.readConnectionEvents": {"t": [{"id": 0, "a": [["R", 10], ["R", 10], ["R", 10], ["R", 10], ["R", 10], ["R", 11], ["R", 11], ["R", 11], ["R", 9], ["R", 9], ["R", 9], ["R", 9], ["R", 9], ["R", 9], ["R", 9], ["R", 9], ["R", 9], ["R", 9], ["R", 9], ["R", 9], ["R", 9], ["R", 9], ["R", 9], ["R", 9], ["W", 9], ["R", 11], ["R", 11], ["R", 11], ["R", 11], ["R", 11], ["R", 11], ["R", 11], ["R", 11], ["R", 11], ["R", 11], ["R", 11], ["R", 9], ["R", 9], ["R", 10], ["R", 10], ["R", 10], ["R", 10], ["R", 10], ["R", 11], ["R", 11], ["R", 11], ["R", 9], ["R", 9], ["R", 9], ["R", 9], ["R", 9], ["R", 9], ["R", 9], ["R", 9], ["R", 9], ["R", 9], ["R", 9], ["R", 9], ["R", 9], ["R", 9], ["R", 9], ["R", 9], ["W", 9], ["R", 11], ["R", 11], ["R", 11], ["R", 11], ["R", 11], ["R", 11], ["R", 11], ["R", 11], ["R", 11], ["R", 11], ["R", 11], ["R", 9], ["R", 9], ["R", 11], ["R", 11], ["R", 11], ["R", 11], ["R", 11], ["R", 11], ["R", 11], ["R", 11], ["R", 9], ["R", 11], ["R", 11], ["R", 11], ["R", 11], ["R", 11], ["R", 11], ["R", 11], ["R", 11], ["R", 11], ["R", 11], ["R", 9], ["R", 9], ["R", 11], ["R", 11], ["R", 9], ["R", 11], ["R", 11], ["R", 11], ["R", 11], ["R", 11], ["R", 11], ["R", 11], ["R", 11], ["R", 9], ["R", 11], ["R", 11], ["R", 11], ["R", 11], ["R", 11], ["R", 11], ["R", 11], ["R", 11], ["R", 11], ["R", 11], ["R", 11], ["R", 11], ["R", 11], ["R", 9], ["R", 9]]}]}, "LinkedDataWebController.readConnectionsOfAtom": {"t": [{"id": 0, "a": [["R", 10], ["R", 10], ["R", 10], ["R", 10], ["R", 10], ["R", 10], ["R", 10], ["R", 10], ["R", 9], ["R", 10], ["R", 9], ["R", 9], ["R", 9], ["R", 9], ["R", 9], ["R", 9], ["R", 9], ["R", 9], ["R", 9], ["R", 9], ["R", 9], ["R", 9], ["R", 9], ["R", 9], ["R", 9], ["R", 9], ["W", 9], ["R", 10], ["R", 10], ["R", 10], ["R", 9], ["R", 9], ["R", 9], ["R", 9], ["R", 9], ["R", 9], ["R", 9], ["R", 9], ["R", 9], ["R", 9], ["R", 9], ["R", 9], ["R", 9], ["R", 9], ["R", 9], ["R", 9], ["W", 9], ["R", 10], ["R", 10], ["R", 10], ["R", 11], ["R", 11], ["R", 11], ["R", 11], ["R", 11], ["R", 11], ["R", 10], ["R", 10], ["R", 10], ["R", 11], ["R", 11], ["R", 11], ["R", 11], ["R", 11], ["R", 11], ["R", 11], ["R", 10], ["R", 10], ["R", 10], ["R", 10], ["R", 11], ["R", 11], ["R", 11], ["R", 11], ["R", 11], ["R", 11], ["R", 11], ["R", 11], ["R", 10], ["R", 10], ["R", 10], ["R", 10], ["R", 11], ["R", 11], ["R", 11], ["R", 10], ["R", 11], ["R", 10], ["R", 10], ["R", 10], ["R", 11], ["R", 11], ["R", 11], ["R", 11], ["R", 11], ["R", 11], ["R", 11], ["R", 11], ["R", 11], ["R", 10], ["R", 10], ["R", 10], ["R", 11], ["R", 11], ["R", 11], ["R", 11], ["R", 11], ["R", 11], ["R", 11], ["R", 11], ["R", 11], ["R", 11], ["R", 10], ["R", 10], ["R", 10], ["R", 10], ["R", 10], ["R", 10], ["R", 9], ["R", 10], ["R", 9], ["R", 9], ["R", 9], ["R", 9], ["R", 9], ["R", 9], ["R", 9], ["R", 9], ["R", 9], ["R", 9], ["R", 9], ["R", 9], ["R", 9], ["R", 9], ["R", 9], ["R", 9], ["W", 9], ["R", 10], ["R", 10], ["R", 10], ["R", 9], ["R", 9], ["R", 9], ["R", 9], ["R", 9], ["R", 9], ["R", 9], ["R", 9], ["R", 9], ["R", 9], ["R", 9], ["R", 9], ["R", 9], ["R", 9], ["R", 9], ["R", 9], ["W", 9], ["R", 10], ["R", 10], ["R", 10], ["R", 10], ["R", 10], ["R", 10], ["R", 10], ["R", 11], ["R", 11], ["R", 11], ["R", 11], ["R", 11], ["R", 11], ["R", 11], ["R", 11], ["R", 10], ["R", 10], ["R", 10], ["R", 10], ["R", 11], ["R", 11], ["R", 11], ["R", 10], ["R", 11], ["R", 10], ["R", 10], ["R", 10], ["R", 11], ["R", 11], ["R", 11], ["R", 11], ["R", 11], ["R", 11], ["R", 11], ["R", 11], ["R", 11], ["R", 10], ["R", 10], ["R", 10], ["R", 11], ["R", 11], ["R", 11], ["R", 11], ["R", 11], ["R", 11], ["R", 11], ["R", 11], ["R", 11], ["R", 11], ["R", 10], ["R", 10], ["R", 10], ["R", 10], ["R", 10], ["R", 10], ["R", 9], ["R", 10], ["R", 9], ["R", 9], ["R", 9], ["R", 9], ["R", 9], ["R", 9], ["R", 9], ["R", 9], ["R", 9], ["R", 9], ["R", 9], ["R", 9], ["R", 9], ["R", 9], ["R", 9], ["R", 9], ["W", 9], ["R", 10], ["R", 10], ["R", 10], ["R", 9], ["R", 9], ["R", 9], ["R", 9], ["R", 9], ["R", 9], ["R", 9], ["R", 9], ["R", 9], ["R", 9], ["R", 9], ["R", 9], ["R", 9], ["R", 9], ["R", 9], ["R", 9], ["W", 9], ["R", 10], ["R", 10], ["R", 10], ["R", 10], ["R", 10], ["R", 10], ["R", 10], ["R", 11], ["R", 11], ["R", 11], ["R", 11], ["R", 11], ["R", 11], ["R", 11], ["R", 11], ["R", 10], ["R", 10], ["R", 10], ["R", 10], ["R", 11], ["R", 11], ["R", 11], ["R", 10], ["R", 11], ["R", 10], ["R", 10], ["R", 10], ["R", 11], ["R", 11], ["R", 11], ["R", 11], ["R", 11], ["R", 11], ["R", 11], ["R", 11], ["R", 11], ["R", 10], ["R", 10], ["R", 10], ["R", 11], ["R", 11], ["R", 11], ["R", 11], ["R", 11], ["R", 11], ["R", 11], ["R", 11], ["R", 11], ["R", 11], ["R", 10], ["R", 10], ["R", 10], ["R", 10], ["R", 10], ["R", 10], ["R", 9], ["R", 10], ["R", 9], ["R", 9], ["R", 9], ["R", 9], ["R", 9], ["R", 9], ["R", 9], ["R", 9], ["R", 9], ["R", 9], ["R", 9], ["R", 9], ["R", 9], ["R", 9], ["R", 9], ["R", 9], ["W", 9], ["R", 10], ["R", 10], ["R", 10], ["R", 9], ["R", 9], ["R", 9], ["R", 9], ["R", 9], ["R", 9], ["R", 9], ["R", 9], ["R", 9], ["R", 9], ["R", 9], ["R", 9], ["R", 9], ["R", 9], ["R", 9], ["R", 9], ["W", 9], ["R", 10], ["R", 11], ["R", 11], ["R", 11], ["R", 10], ["R", 10], ["R", 10], ["R", 11], ["R", 11], ["R", 11], ["R", 11], ["R", 11], ["R", 11], ["R", 11], ["R", 11], ["R", 11], ["R", 11], ["R", 11], ["R", 11], ["R", 10], ["R", 10], ["R", 10], ["R", 11], ["R", 11], ["R", 11], ["R", 11], ["R", 11], ["R", 11], ["R", 11], ["R", 11], ["R", 11], ["R", 11], ["R", 11], ["R", 11], ["R", 11], ["R", 11], ["R", 11], ["R", 10], ["R", 10], ["R", 10], ["R", 11], ["R", 11], ["R", 11], ["R", 11], ["R", 11], ["R", 11], ["R", 11], ["R", 11], ["R", 11], ["R", 11], ["R", 11], ["R", 11], ["R", 10], ["R", 10], ["R", 10], ["R", 10], ["R", 10], ["R", 10], ["R", 9], ["R", 10], ["R", 9], ["R", 9], ["R", 9], ["R", 9], ["R", 9], ["R", 9], ["R", 9], ["R", 9], ["R", 9], ["R", 9], ["R", 9], ["R", 9], ["R", 9], ["R", 9], ["R", 9], ["R", 9], ["W", 9], ["R", 10], ["R", 10], ["R", 10], ["R", 9], ["R", 9], ["R", 9], ["R", 9], ["R", 9], ["R", 9], ["R", 9], ["R", 9], ["R", 9], ["R", 9], ["R", 9], ["R", 9], ["R", 9], ["R", 9], ["R", 9], ["R", 9], ["W", 9], ["R", 10], ["R", 11], ["R", 11], ["R", 11], ["R", 10], ["R", 10], ["R", 10], ["R", 11], ["R", 11], ["R", 11], ["R", 11], ["R", 11], ["R", 11], ["R", 11], ["R", 11], ["R", 11], ["R", 11], ["R", 11], ["R", 11], ["R", 10], ["R", 10], ["R", 10], ["R", 11], ["R", 11], ["R", 11], ["R", 11], ["R", 11], ["R", 11], ["R", 11], ["R", 11], ["R", 11], ["R", 11], ["R", 11], ["R", 11], ["R", 11], ["R", 11], ["R", 11], ["R", 10], ["R", 10], ["R", 10], ["R", 11], ["R", 11], ["R", 11], ["R", 11], ["R", 11], ["R", 11], ["R", 11], ["R", 11], ["R", 11], ["R", 11], ["R", 11], ["R", 11], ["R", 10], ["R", 10], ["R", 10], ["R", 10], ["R", 10], ["R", 10], ["R", 9], ["R", 10], ["R", 9], ["R", 9], ["R", 9], ["R", 9], ["R", 9], ["R", 9], ["R", 9], ["R", 9], ["R", 9], ["R", 9], ["R", 9], ["R", 9], ["R", 9], ["R", 9], ["R", 9], ["R", 9], ["W", 9], ["R", 10], ["R", 10], ["R", 10], ["R", 9], ["R", 9], ["R", 9], ["R", 9], ["R", 9], ["R", 9], ["R", 9], ["R", 9], ["R", 9], ["R", 9], ["R", 9], ["R", 9], ["R", 9], ["R", 9], ["R", 9], ["R", 9], ["W", 9], ["R", 10]]}]}, "LinkedDataWebController.readEvent": {"t": [{"id": 0, "a": [["R", 9], ["R", 9], ["R", 9], ["R", 9], ["R", 9], ["R", 9], ["R", 9], ["R", 9], ["R", 9], ["R", 9], ["R", 9], ["R", 9], ["R", 9], ["R", 9], ["R", 9], ["R", 9], ["R", 9], ["W", 9], ["R", 9]]}]}, "LinkedDataWebController.readUnreadInformationGet": {"t": [{"id": 0, "a": [["R", 10], ["R", 11], ["R", 10], ["R", 11], ["R", 11], ["R", 11], ["R", 11], ["R", 11], ["R", 10], ["R", 11], ["R", 10], ["R", 10], ["R", 11], ["R", 11], ["R", 10], ["R", 11], ["R", 11], ["R", 11], ["R", 11], ["R", 10], ["R", 10]]}]}, "LinkedDataWebController.readUnreadInformationPost": {"t": [{"id": 0, "a": [["R", 10], ["R", 11], ["R", 10], ["R", 11], ["R", 11], ["R", 11], ["R", 11], ["R", 11], ["R", 10], ["R", 11], ["R", 10], ["R", 10], ["R", 11], ["R", 11], ["R", 10], ["R", 11], ["R", 11], ["R", 11], ["R", 11], ["R", 10], ["R", 10]]}]}, "LinkedDataWebController.register": {"t": [{"id": 0, "a": [["R", 12], ["W", 12], ["W", 12], ["R", 12], ["R", 12], ["W", 12], ["R", 12], ["W", 12], ["W", 12]]}]}, "LinkedDataWebController.showAtomPage": {"t": [{"id": 0, "a": [["R", 8], ["R", 8], ["R", 8], ["R", 8], ["R", 8], ["R", 8], ["R", 8], ["R", 9], ["R", 9], ["R", 9], ["R", 9], ["R", 9], ["R", 9], ["R", 9], ["R", 9], ["R", 9], ["R", 9], ["R", 9], ["R", 9], ["R", 9], ["R", 9], ["R", 9], ["R", 9], ["W", 9], ["R", 8], ["R", 8], ["R", 11], ["R", 11], ["R", 8], ["R", 8], ["R", 8], ["R", 8], ["R", 8], ["R", 8], ["R", 8], ["R", 9], ["R", 9], ["R", 9], ["R", 9], ["R", 9], ["R", 9], ["R", 9], ["R", 9], ["R", 9], ["R", 9], ["R", 9], ["R", 9], ["R", 9], ["R", 9], ["R", 9], ["R", 9], ["W", 9], ["R", 8], ["R", 8], ["R", 11], ["R", 11], ["R", 8], ["R", 8], ["R", 8], ["R", 8], ["R", 8], ["R", 8], ["R", 10], ["R", 10], ["R", 11], ["R", 11], ["R", 11], ["R", 11], ["R", 11], ["R", 11], ["R", 11], ["R", 11], ["R", 11], ["R", 11], ["R", 11], ["R", 11], ["R", 11], ["R", 11], ["R", 11], ["R", 11], ["R", 11], ["R", 11], ["R", 11], ["R", 11], ["R", 11], ["R", 11], ["R", 11], ["R", 11], ["R", 11], ["R", 11], ["R", 11], ["R", 11], ["R", 11], ["R", 11], ["R", 11], ["R", 11], ["R", 11], ["R", 11], ["R", 11], ["R", 11], ["R", 11], ["R", 11], ["R", 11], ["R", 11], ["R", 10], ["R", 10], ["R", 10], ["R", 10], ["R", 10], ["R", 9], ["R", 10], ["R", 9], ["R", 9], ["R", 9], ["R", 9], ["R", 9], ["R", 9], ["R", 9], ["R", 9], ["R", 9], ["R", 9], ["R", 9], ["R", 9], ["R", 9], ["R", 9], ["R", 9], ["R", 9], ["W", 9], ["R", 10], ["R", 10], ["R", 10], ["R", 9], ["R", 9], ["R", 9], ["R", 9], ["R", 9], ["R", 9], ["R", 9], ["R", 9], ["R", 9], ["R", 9], ["R", 9], ["R", 9], ["R", 9], ["R", 9], ["R", 9], ["R", 9], ["W", 9], ["R", 11], ["R", 11], ["R", 11], ["R", 11], ["R", 11], ["R", 11], ["R", 11], ["R", 11], ["R", 11], ["R", 11], ["R", 11], ["R", 9], ["R", 9]]}]}, "LinkedDataWebController.showAtomURIListPage": {"t": [{"id": 0, "a": [["R", 8], ["R", 8], ["R", 8], ["R", 8], ["R", 8], ["R", 8], ["R", 8], ["R", 8], ["R", 8], ["R", 9], ["R", 9], ["R", 9], ["R", 9], ["R", 9], ["R", 9], ["R", 9], ["R", 9], ["R", 9], ["R", 9], ["R", 9], ["R", 9], ["R", 9], ["R", 9], ["R", 9], ["R", 9], ["W", 9], ["R", 8], ["R", 8], ["R", 8], ["R", 8], ["R", 8], ["R", 8], ["R", 8], ["R", 8], ["R", 8], ["R", 8], ["R", 8], ["R", 8], ["R", 8], ["R", 8], ["R", 8], ["R", 8], ["R", 8], ["R", 8], ["R", 8], ["R", 8], ["R", 8], ["R", 8], ["R", 8], ["R", 8], ["R", 8], ["R", 8], ["R", 9], ["R", 9], ["R", 9], ["R", 9], ["R", 9], ["R", 9], ["R", 9], ["R", 9], ["R", 9], ["R", 9], ["R", 9], ["R", 9], ["R", 9], ["R", 9], ["R", 9], ["R", 9], ["W", 9], ["R", 8], ["R", 8], ["R", 8], ["R", 8], ["R", 8], ["R", 8], ["R", 8], ["R", 8], ["R", 8], ["R", 8], ["R", 9], ["R", 9], ["R", 9], ["R", 9], ["R", 9], ["R", 9], ["R", 9], ["R", 9], ["R", 9], ["R", 9], ["R", 9], ["R", 9], ["R", 9], ["R", 9], ["R", 9], ["R", 9], ["W", 9]]}]}, "LinkedDataWebController.showAttachmentPage": {"t": [{"id": 0, "a": [["R", 9], ["R", 9], ["R", 9], ["R", 9], ["R", 9], ["R", 9], ["R", 9], ["R", 9], ["R", 9], ["R", 9], ["R", 9], ["R", 9], ["R", 9], ["R", 9], ["R", 9], ["R", 9], ["R", 9], ["W", 9], ["R", 9]]}]}, "LinkedDataWebController.showConnectionEventsPage": {"t": [{"id": 0, "a": [["R", 10], ["R", 10], ["R", 10], ["R", 10], ["R", 10], ["R", 11], ["R", 11], ["R", 11], ["R", 9], ["R", 9], ["R", 9], ["R", 9], ["R", 9], ["R", 9], ["R", 9], ["R", 9], ["R", 9], ["R", 9], ["R", 9], ["R", 9], ["R", 9], ["R", 9], ["R", 9], ["R", 9], ["W", 9], ["R", 11], ["R", 11], ["R", 11], ["R", 11], ["R", 11], ["R", 11], ["R", 11], ["R", 11], ["R", 11], ["R", 11], ["R", 11], ["R", 9], ["R", 9], ["R", 10], ["R", 10], ["R", 10], ["R", 10], ["R", 10], ["R", 11], ["R", 11], ["R", 11], ["R", 9], ["R", 9], ["R", 9], ["R", 9], ["R", 9], ["R", 9], ["R", 9], ["R", 9], ["R", 9], ["R", 9], ["R", 9], ["R", 9], ["R", 9], ["R", 9], ["R", 9], ["R", 9], ["W", 9], ["R", 11], ["R", 11], ["R", 11], ["R", 11], ["R", 11], ["R", 11], ["R", 11], ["R", 11], ["R", 11], ["R", 11], ["R", 11], ["R", 9], ["R", 9], ["R", 11], ["R", 11], ["R", 11], ["R", 11], ["R", 11], ["R", 11], ["R", 11], ["R", 11], ["R", 9], ["R", 11], ["R", 11], ["R", 11], ["R", 11], ["R", 11], ["R", 11], ["R", 11], ["R", 11], ["R", 11], ["R", 11], ["R", 9], ["R", 9], ["R", 11], ["R", 11], ["R", 9], ["R", 11], ["R", 11], ["R", 11], ["R", 11], ["R", 11], ["R", 11], ["R", 11], ["R", 11], ["R", 9], ["R", 11], ["R", 11], ["R", 11], ["R", 11], ["R", 11], ["R", 11], ["R", 11], ["R", 11], ["R", 11], ["R", 11], ["R", 11], ["R", 11], ["R", 11], ["R", 9], ["R", 9]]}]}, "LinkedDataWebController.showConnectionPage": {"t": [{"id": 0, "a": [["R", 10], ["R", 10], ["R", 10], ["R", 10], ["R", 10], ["R", 9], ["R", 10], ["R", 9], ["R", 9], ["R", 9], ["R", 9], ["R", 9], ["R", 9], ["R", 9], ["R", 9], ["R", 9], ["R", 9], ["R", 9], ["R", 9], ["R", 9], ["R", 9], ["R", 9], ["R", 9], ["W", 9], ["R", 10], ["R", 10], ["R", 10], ["R", 9], ["R", 9], ["R", 9], ["R", 9], ["R", 9], ["R", 9], ["R", 9], ["R", 9], ["R", 9], ["R", 9], ["R", 9], ["R", 9], ["R", 9], ["R", 9], ["R", 9], ["R", 9], ["W", 9]]}]}, "LinkedDataWebController.showConnectionURIListPage": {"t": [{"id": 0, "a": [["R", 10], ["R", 10], ["R", 10], ["R", 10], ["R", 10], ["R", 10], ["R", 11], ["R", 11], ["R", 11], ["R", 11], ["R", 11], ["R", 11], ["R", 11], ["R", 11], ["R", 10], ["R", 10], ["R", 10], ["R", 10], ["R", 11], ["R", 11], ["R", 11], ["R", 10], ["R", 11], ["R", 10], ["R", 10], ["R", 10], ["R", 11], ["R", 11], ["R", 11], ["R", 11], ["R", 11], ["R", 11], ["R", 11], ["R", 11], ["R", 11], ["R", 10], ["R", 10], ["R", 10], ["R", 11], ["R", 11], ["R", 11], ["R", 11], ["R", 11], ["R", 11], ["R", 11], ["R", 11], ["R", 11], ["R", 11], ["R", 10], ["R", 10], ["R", 10], ["R", 10], ["R", 10], ["R", 10], ["R", 9], ["R", 10], ["R", 9], ["R", 9], ["R", 9], ["R", 9], ["R", 9], ["R", 9], ["R", 9], ["R", 9], ["R", 9], ["R", 9], ["R", 9], ["R", 9], ["R", 9], ["R", 9], ["R", 9], ["R", 9], ["W", 9], ["R", 10], ["R", 10], ["R", 10], ["R", 9], ["R", 9], ["R", 9], ["R", 9], ["R", 9], ["R", 9], ["R", 9], ["R", 9], ["R", 9], ["R", 9], ["R", 9], ["R", 9], ["R", 9], ["R", 9], ["R", 9], ["R", 9], ["W", 9], ["R", 10], ["R", 11], ["R", 11], ["R", 11], ["R", 10], ["R", 10], ["R", 10], ["R", 11], ["R", 11], ["R", 11], ["R", 11], ["R", 11], ["R", 11], ["R", 11], ["R", 11], ["R", 11], ["R", 11], ["R", 11], ["R", 11], ["R", 10], ["R", 10], ["R", 10], ["R", 11], ["R", 11], ["R", 11], ["R", 11], ["R", 11], ["R", 11], ["R", 11], ["R", 11], ["R", 11], ["R", 11], ["R", 11], ["R", 11], ["R", 11], ["R", 11], ["R", 11], ["R", 10], ["R", 10], ["R", 10], ["R", 11], ["R", 11], ["R", 11], ["R", 11], ["R", 11], ["R", 11], ["R", 11], ["R", 11], ["R", 11], ["R", 11], ["R", 11], ["R", 11], ["R", 10], ["R", 10], ["R", 10], ["R", 10], ["R", 10], ["R", 10], ["R", 9], ["R", 10], ["R", 9], ["R", 9], ["R", 9], ["R", 9], ["R", 9], ["R", 9], ["R", 9], ["R", 9], ["R", 9], ["R", 9], ["R", 9], ["R", 9], ["R", 9], ["R", 9], ["R", 9], ["R", 9], ["W", 9], ["R", 10], ["R", 10], ["R", 10], ["R", 9], ["R", 9], ["R", 9], ["R", 9], ["R", 9], ["R", 9], ["R", 9], ["R", 9], ["R", 9], ["R", 9], ["R", 9], ["R", 9], ["R", 9], ["R", 9], ["R", 9], ["R", 9], ["W", 9], ["R", 10], ["R", 11], ["R", 11], ["R", 11], ["R", 10], ["R", 10], ["R", 10], ["R", 11], ["R", 11], ["R", 11], ["R", 11], ["R", 11], ["R", 11], ["R", 11], ["R", 11], ["R", 11], ["R", 11], ["R", 11], ["R", 11], ["R", 10], ["R", 10], ["R", 10], ["R", 11], ["R", 11], ["R", 11], ["R", 11], ["R", 11], ["R", 11], ["R", 11], ["R", 11], ["R", 11], ["R", 11], ["R", 11], ["R", 11], ["R", 11], ["R", 11], ["R", 11], ["R", 10], ["R", 10], ["R", 10], ["R", 11], ["R", 11], ["R", 11], ["R", 11], ["R", 11], ["R", 11], ["R", 11], ["R", 11], ["R", 11], ["R", 11], ["R", 11], ["R", 11], ["R", 10], ["R", 10], ["R", 10], ["R", 10], ["R", 10], ["R", 10], ["R", 9], ["R", 10], ["R", 9], ["R", 9], ["R", 9], ["R", 9], ["R", 9], ["R", 9], ["R", 9], ["R", 9], ["R", 9], ["R", 9], ["R", 9], ["R", 9], ["R", 9], ["R", 9], ["R", 9], ["R", 9], ["W", 9], ["R", 10], ["R", 10], ["R", 10], ["R", 9], ["R", 9], ["R", 9], ["R", 9], ["R", 9], ["R", 9], ["R", 9], ["R", 9], ["R", 9], ["R", 9], ["R", 9], ["R", 9], ["R", 9], ["R", 9], ["R", 9], ["R", 9], ["W", 9], ["R", 10], ["R", 10], ["R", 10], ["R", 10], ["R", 11], ["R", 11], ["R", 11], ["R", 11], ["R", 11], ["R", 11], ["R", 10], ["R", 10], ["R", 10], ["R", 11], ["R", 11], ["R", 11], ["R", 11], ["R", 11], ["R", 11], ["R", 11], ["R", 10], ["R", 10], ["R", 10], ["R", 10], ["R", 11], ["R", 11], ["R", 11], ["R", 11], ["R", 11], ["R", 11], ["R", 11], ["R", 11], ["R", 10], ["R", 10], ["R", 10], ["R", 10], ["R", 11], ["R", 11], ["R", 11], ["R", 10], ["R", 11], ["R", 10], ["R", 10], ["R", 10], ["R", 11], ["R", 11], ["R", 11], ["R", 11], ["R", 11], ["R", 11], ["R", 11], ["R", 11], ["R", 11], ["R", 10], ["R", 10], ["R", 10], ["R", 11], ["R", 11], ["R", 11], ["R", 11], ["R", 11], ["R", 11], ["R", 11], ["R", 11], ["R", 11], ["R", 11], ["R", 10], ["R", 10], ["R", 10], ["R", 10], ["R", 10], ["R", 10], ["R", 9], ["R", 10], ["R", 9], ["R", 9], ["R", 9], ["R", 9], ["R", 9], ["R", 9], ["R", 9], ["R", 9], ["R", 9], ["R", 9], ["R", 9], ["R", 9], ["R", 9], ["R", 9], ["R", 9], ["R", 9], ["W", 9], ["R", 10], ["R", 10], ["R", 10], ["R", 9], ["R", 9], ["R", 9], ["R", 9], ["R", 9], ["R", 9], ["R", 9], ["R", 9], ["R", 9], ["R", 9], ["R", 9], ["R", 9], ["R", 9], ["R", 9], ["R", 9], ["R", 9], ["W", 9], ["R", 10]]}]}, "LinkedDataWebController.showDeepAtomPage": {"t": [{"id": 0, "a": [["R", 8], ["R", 8], ["R", 8], ["R", 8], ["R", 8], ["R", 8], ["R", 8], ["R", 9], ["R", 9], ["R", 9], ["R", 9], ["R", 9], ["R", 9], ["R", 9], ["R", 9], ["R", 9], ["R", 9], ["R", 9], ["R", 9], ["R", 9], ["R", 9], ["R", 9], ["R", 9], ["W", 9], ["R", 8], ["R", 8], ["R", 11], ["R", 11], ["R", 8], ["R", 8], ["R", 8], ["R", 8], ["R", 8], ["R", 8], ["R", 8], ["R", 9], ["R", 9], ["R", 9], ["R", 9], ["R", 9], ["R", 9], ["R", 9], ["R", 9], ["R", 9], ["R", 9], ["R", 9], ["R", 9], ["R", 9], ["R", 9], ["R", 9], ["R", 9], ["W", 9], ["R", 8], ["R", 8], ["R", 11], ["R", 11], ["R", 8], ["R", 8], ["R", 8], ["R", 8], ["R", 8], ["R", 8], ["R", 10], ["R", 10], ["R", 11], ["R", 11], ["R", 11], ["R", 11], ["R", 11], ["R", 11], ["R", 11], ["R", 11], ["R", 11], ["R", 11], ["R", 11], ["R", 11], ["R", 11], ["R", 11], ["R", 11], ["R", 11], ["R", 11], ["R", 11], ["R", 11], ["R", 11], ["R", 11], ["R", 11], ["R", 11], ["R", 11], ["R", 11], ["R", 11], ["R", 11], ["R", 11], ["R", 11], ["R", 11], ["R", 11], ["R", 11], ["R", 11], ["R", 11], ["R", 11], ["R", 11], ["R", 11], ["R", 11], ["R", 11], ["R", 11], ["R", 10], ["R", 10], ["R", 10], ["R", 10], ["R", 10], ["R", 9], ["R", 10], ["R", 9], ["R", 9], ["R", 9], ["R", 9], ["R", 9], ["R", 9], ["R", 9], ["R", 9], ["R", 9], ["R", 9], ["R", 9], ["R", 9], ["R", 9], ["R", 9], ["R", 9], ["R", 9], ["W", 9], ["R", 10], ["R", 10], ["R", 10], ["R", 9], ["R", 9], ["R", 9], ["R", 9], ["R", 9], ["R", 9], ["R", 9], ["R", 9], ["R", 9], ["R", 9], ["R", 9], ["R", 9], ["R", 9], ["R", 9], ["R", 9], ["R", 9], ["W", 9], ["R", 11], ["R", 11], ["R", 11], ["R", 11], ["R", 11], ["R", 11], ["R", 11], ["R", 11], ["R", 11], ["R", 11], ["R", 11], ["R", 9], ["R", 9]]}]}, "LinkedDataWebController.showEventPage": {"t": [{"id": 0, "a": [["R", 9], ["R", 9], ["R", 9], ["R", 9], ["R", 9], ["R", 9], ["R", 9], ["R", 9], ["R", 9], ["R", 9], ["R", 9], ["R", 9], ["R", 9], ["R", 9], ["R", 9], ["R", 9], ["R", 9], ["W", 9], ["R", 9]]}]}, "ServerSideActionController.connectSockets": {"t": [{"id": 0, "a": [["R", 1], ["R", 1], ["R", 6], ["R", 6]]}]}, "SitemapController.getFullSitemap": {"t": [{"id": 0, "a": [["R", 6], ["R", 6]]}]}, "RestAtomController.createDraft": {"t": [{"id": 0, "a": [["R", 1], ["R", 1], ["W", 1], ["W", 1], ["R", 13], ["W", 13], ["W", 13], ["W", 13], ["W", 13]]}]}, "RestAtomController.deleteDraft": {"t": [{"id": 0, "a": [["R", 1], ["R", 1], ["W", 1], ["W", 1], ["R", 13], ["W", 13]]}]}, "RestAtomController.getAllAtomsOfUser": {"t": [{"id": 0, "a": [["R", 1], ["R", 1], ["R", 6], ["R", 6], ["R", 6], ["R", 6]]}]}, "RestAtomController.getAllDrafts": {"t": [{"id": 0, "a": [["R", 1], ["R", 1], ["R", 13], ["R", 13]]}]}, "RestAtomController.getDraft": {"t": [{"id": 0, "a": [["R", 13], ["R", 13], ["R", 13]]}]}, "BridgeForLinkedDataController.fetchResource": {"t": [{"id": 0, "a": [["R", 1], ["R", 1], ["R", 6], ["R", 6]]}]}, "RestMessageController.send": {"t": [{"id": 0, "a": [["R", 1], ["R", 3], ["R", 3], ["W", 3], ["R", 3], ["R", 3], ["R", 3], ["R", 3], ["R", 3], ["R", 3], ["R", 1], ["R", 3], ["W", 3], ["R", 1], ["R", 1], ["R", 6], ["R", 1], ["R", 1], ["R", 6], ["R", 1], ["R", 6], ["R", 6], ["R", 6], ["W", 6], ["W", 6], ["R", 14], ["R", 14], ["R", 14], ["R", 14], ["R", 14], ["R", 14], ["R", 14], ["R", 14], ["R", 14], ["R", 14], ["R", 14], ["R", 14], ["R", 14], ["R", 14], ["W", 14], ["W", 14], ["W", 14], ["W", 14], ["W", 14], ["W", 14], ["W", 14], ["R", 14], ["R", 14], ["R", 14]]}]}}