{"15": ["kweinberger@researchstudio.at", "alan.tus@gmail.com", "liam21c@gmail.com", "florian.kleedorfer@researchstudio.at", "gab.grill@gmail.com", "f.salcher@gmx.net", "gabriel.grill@aon.at", "florian.kleedorfer@austria.fm"], "16": ["florian.kleedorfer@austria.fm", "gab.grill@gmail.com", "f.salcher@gmx.net"], "17": ["gabriel.grill@researchstudio.at", "alan.tus@gmail.com", "liam21c@gmail.com", "gab.grill@gmail.com", "f.salcher@gmx.net", "gabriel.grill@aon.at", "florian.kleedorfer@austria.fm"], "18": ["gabriel.grill@researchstudio.at", "liam21c@gmail.com", "gab.grill@gmail.com", "gabriel.grill@aon.at", "gabriel.pickl@researchstudio.at", "florian.kleedorfer@austria.fm"], "19": ["kweinberger@researchstudio.at", "alan.tus@gmail.com", "liam21c@gmail.com", "maximilian.stolze@researchstudio.at", "yana_panchenko@yahoo.com", "heiko.friedrich@researchstudio.at", "florian.kleedorfer@researchstudio.at", "gab.grill@gmail.com", "sudafabian@gmail.com", "f.salcher@gmx.net", "gabriel.grill@aon.at", "florian.kleedorfer@austria.fm"], "45": ["florian.kleedorfer@austria.fm", "liam21c@gmail.com"], "21": ["florian.kleedorfer@austria.fm", "gab.grill@gmail.com"], "22": ["florian.kleedorfer@austria.fm", "sudafabian@gmail.com"], "23": ["florian.kleedorfer@austria.fm"], "24": ["florian.kleedorfer@austria.fm"], "25": ["florian.kleedorfer@austria.fm", "sudafabian@gmail.com", "liam21c@gmail.com"], "26": ["florian.kleedorfer@austria.fm"], "27": ["florian.kleedorfer@austria.fm", "sudafabian@gmail.com"], "28": ["florian.kleedorfer@austria.fm", "alan.tus@gmail.com", "gab.grill@gmail.com"], "10": ["dakidaki@gmail.com", "heiko.friedrich@researchstudio.at", "florian.kleedorfer@researchstudio.at", "gab.grill@gmail.com", "sudafabian@gmail.com", "florian.kleedorfer@austria.fm"], "29": ["liam21c@gmail.com", "sudafabian@gmail.com", "gab.grill@gmail.com", "f.salcher@gmx.net", "florian.kleedorfer@austria.fm"], "30": ["alan.tus@gmail.com", "liam21c@gmail.com", "maximilian.stolze@researchstudio.at", "yana_panchenko@yahoo.com", "gab.grill@gmail.com", "sudafabian@gmail.com", "f.salcher@gmx.net", "florian.kleedorfer@austria.fm"], "8": ["liam21c@gmail.com", "maximilian.stolze@researchstudio.at", "heiko.friedrich@researchstudio.at", "florian.kleedorfer@researchstudio.at", "gab.grill@gmail.com", "sudafabian@gmail.com", "florian.kleedorfer@austria.fm"], "31": ["alan.tus@gmail.com", "maximilian.stolze@researchstudio.at", "gab.grill@gmail.com", "sudafabian@gmail.com", "f.salcher@gmx.net", "florian.kleedorfer@austria.fm"], "32": ["yana_panchenko@yahoo.com", "heiko.friedrich@researchstudio.at", "florian.kleedorfer@researchstudio.at", "gab.grill@gmail.com", "sudafabian@gmail.com", "florian.kleedorfer@austria.fm"], "33": ["florian.kleedorfer@austria.fm"], "34": ["alan.tus@gmail.com", "liam21c@gmail.com", "gab.grill@gmail.com", "sudafabian@gmail.com", "f.salcher@gmx.net", "gabriel.pickl@researchstudio.at", "florian.kleedorfer@austria.fm"], "35": ["alan.tus@gmail.com", "liam21c@gmail.com", "yana_panchenko@yahoo.com", "heiko.friedrich@researchstudio.at", "florian.kleedorfer@researchstudio.at", "gab.grill@gmail.com", "sudafabian@gmail.com", "gabriel.grill@aon.at", "gabriel.pickl@researchstudio.at", "florian.kleedorfer@austria.fm"], "36": ["florian.kleedorfer@austria.fm", "gabriel.grill@aon.at", "gab.grill@gmail.com", "f.salcher@gmx.net"], "37": ["alan.tus@gmail.com", "dakidaki@gmail.com", "liam21c@gmail.com", "maximilian.stolze@researchstudio.at", "fkleedorfer@SAT017.researchstudio.at", "heiko.friedrich@researchstudio.at", "brent.shambaugh@gmail.com", "florian.kleedorfer@researchstudio.at", "gab.grill@gmail.com", "sudafabian@gmail.com", "kevin.singer@student.tuwien.ac.at", "f.salcher@gmx.net", "kevin.singer@researchstudio.at", "fabian.suda@researchstudio.at", "gabriel.pickl@researchstudio.at", "florian.kleedorfer@austria.fm"], "38": ["liam21c@gmail.com", "fkleedorfer@SAT017.researchstudio.at", "yana_panchenko@yahoo.com", "heiko.friedrich@researchstudio.at", "florian.kleedorfer@researchstudio.at", "gab.grill@gmail.com", "sudafabian@gmail.com", "f.salcher@gmx.net", "gabriel.grill@aon.at", "gabriel.pickl@researchstudio.at", "florian.kleedorfer@austria.fm"], "39": ["gabriel.grill@researchstudio.at", "kweinberger@researchstudio.at", "alan.tus@gmail.com", "dakidaki@gmail.com", "liam21c@gmail.com", "maximilian.stolze@researchstudio.at", "fkleedorfer@SAT017.researchstudio.at", "yana_panchenko@yahoo.com", "heiko.friedrich@researchstudio.at", "florian.kleedorfer@researchstudio.at", "gab.grill@gmail.com", "kevin.singer@researchstudio.at", "kevin.singer@student.tuwien.ac.at", "f.salcher@gmx.net", "gabriel.grill@aon.at", "sudafabian@gmail.com", "gabriel.pickl@researchstudio.at", "florian.kleedorfer@austria.fm"], "40": ["alan.tus@gmail.com", "gab.grill@gmail.com", "f.salcher@gmx.net", "gabriel.grill@aon.at", "florian.kleedorfer@austria.fm"], "41": ["liam21c@gmail.com", "fkleedorfer@SAT017.researchstudio.at", "yana_panchenko@yahoo.com", "heiko.friedrich@researchstudio.at", "brent.shambaugh@gmail.com", "florian.kleedorfer@researchstudio.at", "sudafabian@gmail.com", "gabriel.grill@aon.at", "florian.kleedorfer@austria.fm"], "42": ["sudafabian@gmail.com", "kevin.singer@student.tuwien.ac.at", "f.salcher@gmx.net", "gabriel.grill@aon.at", "florian.kleedorfer@austria.fm"], "43": ["gabriel.grill@aon.at"], "44": ["florian.kleedorfer@austria.fm"], "46": ["alan.tus@gmail.com", "liam21c@gmail.com", "florian.kleedorfer@researchstudio.at", "gab.grill@gmail.com", "sudafabian@gmail.com", "f.salcher@gmx.net", "florian.kleedorfer@austria.fm"], "47": ["liam21c@gmail.com", "florian.kleedorfer@researchstudio.at", "gab.grill@gmail.com", "sudafabian@gmail.com", "f.salcher@gmx.net", "florian.kleedorfer@austria.fm"], "48": ["florian.kleedorfer@austria.fm", "gab.grill@gmail.com"], "49": ["florian.kleedorfer@austria.fm"], "50": ["florian.kleedorfer@austria.fm", "alan.tus@gmail.com", "gab.grill@gmail.com"], "51": ["florian.kleedorfer@austria.fm", "florian.kleedorfer@researchstudio.at", "f.salcher@gmx.net"], "52": ["florian.kleedorfer@austria.fm", "heiko.friedrich@researchstudio.at", "alan.tus@gmail.com", "gab.grill@gmail.com"], "53": ["florian.kleedorfer@austria.fm", "sudafabian@gmail.com", "gab.grill@gmail.com"], "54": ["sudafabian@gmail.com", "alan.tus@gmail.com", "gab.grill@gmail.com"], "55": ["gabriel.pickl@researchstudio.at", "alan.tus@gmail.com", "gab.grill@gmail.com"], "56": ["sudafabian@gmail.com", "alan.tus@gmail.com", "gab.grill@gmail.com", "f.salcher@gmx.net"], "57": ["alan.tus@gmail.com", "sudafabian@gmail.com", "gab.grill@gmail.com", "f.salcher@gmx.net", "florian.kleedorfer@austria.fm"], "58": ["gabriel.grill@researchstudio.at", "alan.tus@gmail.com", "liam21c@gmail.com", "brent.shambaugh@gmail.com", "yana_panchenko@yahoo.com", "heiko.friedrich@researchstudio.at", "florian.kleedorfer@researchstudio.at", "gab.grill@gmail.com", "sudafabian@gmail.com", "kevin.singer@student.tuwien.ac.at", "f.salcher@gmx.net", "fabian.suda@researchstudio.at", "gabriel.pickl@researchstudio.at", "florian.kleedorfer@austria.fm", "fkleedorfer@SAT014.researchstudio.at"], "59": ["liam21c@gmail.com", "heiko.friedrich@researchstudio.at", "florian.kleedorfer@researchstudio.at", "gab.grill@gmail.com", "sudafabian@gmail.com", "gabriel.pickl@researchstudio.at", "florian.kleedorfer@austria.fm"], "60": ["florian.kleedorfer@austria.fm", "e1028092@student.tuwien.ac.at", "sudafabian@gmail.com"], "61": ["maximilian.stolze@researchstudio.at", "brent.shambaugh@gmail.com", "yana_panchenko@yahoo.com", "heiko.friedrich@researchstudio.at", "sudafabian@gmail.com", "kevin.singer@student.tuwien.ac.at", "f.salcher@gmx.net", "florian.kleedorfer@austria.fm"], "62": ["kweinberger@researchstudio.at", "liam21c@gmail.com", "maximilian.stolze@researchstudio.at", "fkleedorfer@SAT017.researchstudio.at", "yana_panchenko@yahoo.com", "heiko.friedrich@researchstudio.at", "florian.kleedorfer@researchstudio.at", "sudafabian@gmail.com", "kevin.singer@student.tuwien.ac.at", "f.salcher@gmx.net", "fabian.suda@researchstudio.at", "gabriel.pickl@researchstudio.at", "florian.kleedorfer@austria.fm"], "63": ["liam21c@gmail.com"], "64": ["liam21c@gmail.com"], "65": ["liam21c@gmail.com"], "66": ["liam21c@gmail.com"], "67": ["florian.kleedorfer@austria.fm", "alan.tus@gmail.com", "liam21c@gmail.com"], "68": ["florian.kleedorfer@austria.fm", "sudafabian@gmail.com", "liam21c@gmail.com"], "69": ["florian.kleedorfer@austria.fm", "sudafabian@gmail.com", "liam21c@gmail.com"], "70": ["liam21c@gmail.com"], "71": ["florian.kleedorfer@researchstudio.at", "tomas.kozel@smartengine.at"], "1": ["liam21c@gmail.com", "maximilian.stolze@researchstudio.at", "yana_panchenko@yahoo.com", "florian.kleedorfer@researchstudio.at", "sudafabian@gmail.com", "gabriel.pickl@researchstudio.at", "florian.kleedorfer@austria.fm", "tomas.kozel@smartengine.at"], "72": ["kweinberger@researchstudio.at", "liam21c@gmail.com", "fabian.suda@researchstudio.at", "florian.kleedorfer@austria.fm", "tomas.kozel@smartengine.at"], "73": ["florian.kleedorfer@austria.fm", "tomas.kozel@smartengine.at"], "74": ["fabian.suda@researchstudio.at", "tomas.kozel@smartengine.at", "sudafabian@gmail.com"], "75": ["e1028092@student.tuwien.ac.at", "liam21c@gmail.com", "vlasak.jarek@seznam.cz", "yana_panchenko@yahoo.com", "heiko.friedrich@researchstudio.at", "noreply@github.com", "florian.kleedorfer@researchstudio.at", "sudafabian@gmail.com", "kevin.singer@student.tuwien.ac.at", "fabian.suda@researchstudio.at", "gabriel.pickl@researchstudio.at", "florian.kleedorfer@austria.fm", "tomas.kozel@smartengine.at"], "76": ["kweinberger@researchstudio.at", "sudafabian@gmail.com", "fabian.suda@researchstudio.at", "florian.kleedorfer@austria.fm", "tomas.kozel@smartengine.at"], "77": ["florian.kleedorfer@austria.fm", "sudafabian@gmail.com", "liam21c@gmail.com"], "12": ["florian.kleedorfer@austria.fm", "yana_panchenko@yahoo.com", "liam21c@gmail.com"], "14": ["florian.kleedorfer@researchstudio.at", "liam21c@gmail.com"], "78": ["florian.kleedorfer@austria.fm", "florian.kleedorfer@researchstudio.at", "sudafabian@gmail.com", "liam21c@gmail.com"], "79": ["florian.kleedorfer@austria.fm", "liam21c@gmail.com"], "80": ["yana_panchenko@yahoo.com", "florian.kleedorfer@researchstudio.at", "sudafabian@gmail.com", "liam21c@gmail.com"], "81": ["kweinberger@researchstudio.at", "liam21c@gmail.com", "yana_panchenko@yahoo.com", "florian.kleedorfer@researchstudio.at", "kevin.singer@student.tuwien.ac.at", "fabian.suda@researchstudio.at", "florian.kleedorfer@austria.fm"], "82": ["florian.kleedorfer@austria.fm", "tomas.kozel@smartengine.at"], "83": ["liam21c@gmail.com", "yana_panchenko@yahoo.com", "sudafabian@gmail.com", "kevin.singer@student.tuwien.ac.at", "f.salcher@gmx.net", "fabian.suda@researchstudio.at", "gabriel.pickl@researchstudio.at", "florian.kleedorfer@austria.fm", "tomas.kozel@smartengine.at"], "84": ["florian.kleedorfer@austria.fm"], "85": ["florian.kleedorfer@austria.fm", "tomas.kozel@smartengine.at"], "86": ["liam21c@gmail.com"], "87": ["florian.kleedorfer@austria.fm", "florian.kleedorfer@researchstudio.at", "sudafabian@gmail.com", "liam21c@gmail.com"], "88": ["sudafabian@gmail.com", "liam21c@gmail.com"], "89": ["florian.kleedorfer@austria.fm", "florian.kleedorfer@researchstudio.at", "sudafabian@gmail.com", "liam21c@gmail.com"], "90": ["liam21c@gmail.com"], "91": ["gabriel.grill@researchstudio.at", "kweinberger@researchstudio.at", "liam21c@gmail.com", "fkleedorfer@SAT017.researchstudio.at", "yana_panchenko@yahoo.com", "heiko.friedrich@researchstudio.at", "florian.kleedorfer@researchstudio.at", "sudafabian@gmail.com", "f.salcher@gmx.net", "florian.kleedorfer@austria.fm", "dakidaki@gmail.com"], "92": ["liam21c@gmail.com"], "93": ["liam21c@gmail.com"], "94": ["florian.kleedorfer@austria.fm", "heiko.friedrich@researchstudio.at", "sudafabian@gmail.com", "liam21c@gmail.com"], "95": ["florian.kleedorfer@austria.fm", "heiko.friedrich@researchstudio.at", "sudafabian@gmail.com", "liam21c@gmail.com"], "96": ["liam21c@gmail.com", "yana_panchenko@yahoo.com", "heiko.friedrich@researchstudio.at", "florian.kleedorfer@researchstudio.at", "sudafabian@gmail.com", "f.salcher@gmx.net", "florian.kleedorfer@austria.fm"], "97": ["liam21c@gmail.com"], "98": ["florian.kleedorfer@austria.fm", "sudafabian@gmail.com", "dakidaki@gmail.com"], "99": ["florian.kleedorfer@austria.fm", "fabian.suda@researchstudio.at", "sudafabian@gmail.com"], "100": ["florian.kleedorfer@austria.fm", "fabian.suda@researchstudio.at", "sudafabian@gmail.com"], "101": ["florian.kleedorfer@austria.fm", "fabian.suda@researchstudio.at"], "102": ["florian.kleedorfer@austria.fm", "fabian.suda@researchstudio.at"], "103": ["florian.kleedorfer@austria.fm", "fabian.suda@researchstudio.at", "sudafabian@gmail.com", "liam21c@gmail.com"], "104": ["liam21c@gmail.com", "sudafabian@gmail.com", "fabian.suda@researchstudio.at", "github@sigpie.at", "florian.kleedorfer@austria.fm"], "105": ["florian.kleedorfer@austria.fm", "fabian.suda@researchstudio.at"], "106": ["kweinberger@researchstudio.at", "liam21c@gmail.com", "heiko.friedrich@researchstudio.at", "florian.kleedorfer@researchstudio.at", "sudafabian@gmail.com", "fabian.suda@researchstudio.at", "gabriel.pickl@researchstudio.at", "florian.kleedorfer@austria.fm"], "107": ["brent.shambaugh@gmail.com", "heiko.friedrich@researchstudio.at", "sudafabian@gmail.com", "fabian.suda@researchstudio.at", "florian.kleedorfer@austria.fm"], "108": ["florian.kleedorfer@austria.fm", "sudafabian@gmail.com"], "109": ["florian.kleedorfer@austria.fm", "liam21c@gmail.com"], "110": ["kweinberger@researchstudio.at", "liam21c@gmail.com", "fabian.suda@researchstudio.at", "gabriel.pickl@researchstudio.at", "florian.kleedorfer@austria.fm"], "111": ["florian.kleedorfer@austria.fm", "sudafabian@gmail.com"], "112": ["florian.kleedorfer@austria.fm"], "113": ["florian.kleedorfer@austria.fm", "sudafabian@gmail.com"], "114": ["liam21c@gmail.com", "sudafabian@gmail.com", "f.salcher@gmx.net", "fabian.suda@researchstudio.at", "github@sigpie.at", "florian.kleedorfer@austria.fm"], "115": ["florian.kleedorfer@austria.fm"], "116": ["florian.kleedorfer@austria.fm"], "117": ["kweinberger@researchstudio.at", "liam21c@gmail.com", "maximilian.stolze@researchstudio.at", "heiko.friedrich@researchstudio.at", "florian.kleedorfer@researchstudio.at", "sudafabian@gmail.com", "f.salcher@gmx.net", "fabian.suda@researchstudio.at", "gabriel.pickl@researchstudio.at", "github@sigpie.at", "florian.kleedorfer@austria.fm"], "118": ["heiko.friedrich@researchstudio.at", "florian.kleedorfer@researchstudio.at", "sudafabian@gmail.com", "github@sigpie.at", "florian.kleedorfer@austria.fm"], "119": ["florian.kleedorfer@austria.fm", "sudafabian@gmail.com", "github@sigpie.at"], "120": ["florian.kleedorfer@austria.fm", "github@sigpie.at", "sudafabian@gmail.com", "liam21c@gmail.com"], "121": ["liam21c@gmail.com", "maximilian.stolze@researchstudio.at", "sudafabian@gmail.com", "github@sigpie.at", "florian.kleedorfer@austria.fm"], "122": ["dakidaki@gmail.com", "heiko.friedrich@researchstudio.at", "florian.kleedorfer@researchstudio.at", "sudafabian@gmail.com", "github@sigpie.at", "florian.kleedorfer@austria.fm"], "123": ["dakidaki@gmail.com", "liam21c@gmail.com", "maximilian.stolze@researchstudio.at", "yana_panchenko@yahoo.com", "heiko.friedrich@researchstudio.at", "florian.kleedorfer@researchstudio.at", "sudafabian@gmail.com", "kevin.singer@student.tuwien.ac.at", "f.salcher@gmx.net", "fabian.suda@researchstudio.at", "gabriel.pickl@researchstudio.at", "florian.kleedorfer@austria.fm"], "124": ["kweinberger@researchstudio.at", "liam21c@gmail.com", "yana_panchenko@yahoo.com", "sudafabian@gmail.com", "florian.kleedorfer@austria.fm"], "125": ["kweinberger@researchstudio.at", "dakidaki@gmail.com", "liam21c@gmail.com", "yana_panchenko@yahoo.com", "heiko.friedrich@researchstudio.at", "florian.kleedorfer@researchstudio.at", "sudafabian@gmail.com", "f.salcher@gmx.net", "fabian.suda@researchstudio.at", "gabriel.pickl@researchstudio.at", "github@sigpie.at", "florian.kleedorfer@austria.fm"], "126": ["florian.kleedorfer@austria.fm", "florian.kleedorfer@researchstudio.at"], "127": ["florian.kleedorfer@austria.fm", "florian.kleedorfer@researchstudio.at", "dakidaki@gmail.com", "f.salcher@gmx.net"], "128": ["dakidaki@gmail.com", "florian.kleedorfer@researchstudio.at", "sudafabian@gmail.com", "f.salcher@gmx.net", "florian.kleedorfer@austria.fm"], "129": ["dakidaki@gmail.com", "florian.kleedorfer@researchstudio.at", "sudafabian@gmail.com", "f.salcher@gmx.net", "florian.kleedorfer@austria.fm"], "130": ["florian.kleedorfer@austria.fm", "florian.kleedorfer@researchstudio.at"], "131": ["dakidaki@gmail.com", "liam21c@gmail.com", "florian.kleedorfer@researchstudio.at", "f.salcher@gmx.net", "florian.kleedorfer@austria.fm"], "132": ["florian.kleedorfer@austria.fm", "florian.kleedorfer@researchstudio.at"], "133": ["liam21c@gmail.com", "heiko.friedrich@researchstudio.at", "florian.kleedorfer@researchstudio.at", "sudafabian@gmail.com", "f.salcher@gmx.net", "florian.kleedorfer@austria.fm"], "134": ["dakidaki@gmail.com", "liam21c@gmail.com", "heiko.friedrich@researchstudio.at", "florian.kleedorfer@researchstudio.at", "sudafabian@gmail.com", "f.salcher@gmx.net", "florian.kleedorfer@austria.fm"], "135": ["florian.kleedorfer@austria.fm", "florian.kleedorfer@researchstudio.at", "sudafabian@gmail.com", "liam21c@gmail.com"], "136": ["kweinberger@researchstudio.at", "dakidaki@gmail.com", "liam21c@gmail.com", "heiko.friedrich@researchstudio.at", "florian.kleedorfer@researchstudio.at", "sudafabian@gmail.com", "f.salcher@gmx.net", "florian.kleedorfer@austria.fm"], "137": ["florian.kleedorfer@austria.fm", "florian.kleedorfer@researchstudio.at", "liam21c@gmail.com"], "138": ["florian.kleedorfer@austria.fm", "gabriel.pickl@researchstudio.at"], "139": ["florian.kleedorfer@austria.fm", "florian.kleedorfer@researchstudio.at", "sudafabian@gmail.com", "github@sigpie.at"], "140": ["florian.kleedorfer@austria.fm", "sudafabian@gmail.com", "liam21c@gmail.com"], "141": ["dakidaki@gmail.com", "liam21c@gmail.com", "florian.kleedorfer@researchstudio.at", "sudafabian@gmail.com", "github@sigpie.at", "florian.kleedorfer@austria.fm"], "142": ["florian.kleedorfer@austria.fm"], "143": ["florian.kleedorfer@austria.fm"], "144": ["kweinberger@researchstudio.at", "liam21c@gmail.com", "yana_panchenko@yahoo.com", "heiko.friedrich@researchstudio.at", "florian.kleedorfer@researchstudio.at", "gabriel.pickl@researchstudio.at", "florian.kleedorfer@austria.fm"], "145": ["florian.kleedorfer@austria.fm", "florian.kleedorfer@researchstudio.at"], "146": ["florian.kleedorfer@austria.fm", "florian.kleedorfer@researchstudio.at"], "147": ["liam21c@gmail.com", "heiko.friedrich@researchstudio.at", "florian.kleedorfer@researchstudio.at", "sudafabian@gmail.com", "f.salcher@gmx.net", "florian.kleedorfer@austria.fm"], "148": ["florian.kleedorfer@austria.fm"], "149": ["florian.kleedorfer@austria.fm", "kweinberger@researchstudio.at", "florian.kleedorfer@researchstudio.at", "liam21c@gmail.com"], "150": ["florian.kleedorfer@austria.fm", "kweinberger@researchstudio.at", "florian.kleedorfer@researchstudio.at", "liam21c@gmail.com"], "151": ["liam21c@gmail.com"], "152": ["florian.kleedorfer@austria.fm", "yana_panchenko@yahoo.com", "sudafabian@gmail.com", "liam21c@gmail.com"], "153": ["florian.kleedorfer@austria.fm", "sudafabian@gmail.com", "liam21c@gmail.com"], "154": ["heiko.friedrich@researchstudio.at", "sudafabian@gmail.com", "liam21c@gmail.com"], "155": ["florian.kleedorfer@austria.fm", "yana_panchenko@yahoo.com", "liam21c@gmail.com"], "156": ["florian.kleedorfer@austria.fm", "liam21c@gmail.com"], "157": ["florian.kleedorfer@austria.fm", "yana_panchenko@yahoo.com", "liam21c@gmail.com"], "158": ["yana_panchenko@yahoo.com", "florian.kleedorfer@austria.fm", "sudafabian@gmail.com", "liam21c@gmail.com"], "159": ["florian.kleedorfer@austria.fm", "liam21c@gmail.com"], "160": ["liam21c@gmail.com", "fkleedorfer@SAT017.researchstudio.at", "yana_panchenko@yahoo.com", "sudafabian@gmail.com", "gabriel.pickl@researchstudio.at", "florian.kleedorfer@austria.fm"], "161": ["florian.kleedorfer@austria.fm", "yana_panchenko@yahoo.com", "kweinberger@researchstudio.at", "liam21c@gmail.com"], "162": ["yana_panchenko@yahoo.com", "heiko.friedrich@researchstudio.at", "liam21c@gmail.com", "florian.kleedorfer@austria.fm"], "163": ["dakidaki@gmail.com", "liam21c@gmail.com", "fkleedorfer@SAT017.researchstudio.at", "yana_panchenko@yahoo.com", "heiko.friedrich@researchstudio.at", "florian.kleedorfer@researchstudio.at", "sudafabian@gmail.com", "fabian.suda@researchstudio.at", "florian.kleedorfer@austria.fm"], "164": ["liam21c@gmail.com", "yana_panchenko@yahoo.com", "heiko.friedrich@researchstudio.at", "sudafabian@gmail.com", "florian.kleedorfer@austria.fm"], "165": ["dakidaki@gmail.com", "florian.kleedorfer@austria.fm"], "166": ["kweinberger@researchstudio.at", "liam21c@gmail.com", "florian.kleedorfer@researchstudio.at", "f.salcher@gmx.net", "florian.kleedorfer@austria.fm"], "167": ["yana_panchenko@yahoo.com", "sudafabian@gmail.com", "liam21c@gmail.com"], "168": ["florian.kleedorfer@austria.fm", "sudafabian@gmail.com", "liam21c@gmail.com"], "169": ["liam21c@gmail.com"], "170": ["liam21c@gmail.com", "yana_panchenko@yahoo.com", "florian.kleedorfer@researchstudio.at", "sudafabian@gmail.com", "florian.kleedorfer@austria.fm"], "171": ["liam21c@gmail.com"], "172": ["florian.kleedorfer@austria.fm", "yana_panchenko@yahoo.com", "liam21c@gmail.com"], "173": ["kweinberger@researchstudio.at", "liam21c@gmail.com", "fkleedorfer@SAT017.researchstudio.at", "yana_panchenko@yahoo.com", "sudafabian@gmail.com", "florian.kleedorfer@austria.fm"], "174": ["liam21c@gmail.com", "fkleedorfer@SAT017.researchstudio.at", "yana_panchenko@yahoo.com", "sudafabian@gmail.com", "f.salcher@gmx.net", "florian.kleedorfer@austria.fm"], "175": ["florian.kleedorfer@austria.fm", "kweinberger@researchstudio.at", "liam21c@gmail.com", "f.salcher@gmx.net"], "176": ["florian.kleedorfer@austria.fm", "kweinberger@researchstudio.at", "sudafabian@gmail.com", "github@sigpie.at"], "177": ["florian.kleedorfer@austria.fm", "florian.kleedorfer@researchstudio.at", "sudafabian@gmail.com"], "178": ["florian.kleedorfer@austria.fm", "florian.kleedorfer@researchstudio.at"], "179": ["florian.kleedorfer@austria.fm", "sudafabian@gmail.com"], "180": ["florian.kleedorfer@austria.fm", "sudafabian@gmail.com"], "181": ["florian.kleedorfer@austria.fm", "sudafabian@gmail.com"], "182": ["florian.kleedorfer@austria.fm"], "183": ["florian.kleedorfer@austria.fm"], "184": ["florian.kleedorfer@austria.fm", "sudafabian@gmail.com"], "185": ["florian.kleedorfer@austria.fm", "florian.kleedorfer@researchstudio.at", "sudafabian@gmail.com"], "186": ["florian.kleedorfer@austria.fm", "sudafabian@gmail.com"], "187": ["florian.kleedorfer@austria.fm"], "188": ["florian.kleedorfer@austria.fm", "heiko.friedrich@researchstudio.at", "sudafabian@gmail.com"], "189": ["florian.kleedorfer@austria.fm"], "190": ["florian.kleedorfer@austria.fm", "sudafabian@gmail.com"], "191": ["florian.kleedorfer@austria.fm"], "192": ["florian.kleedorfer@austria.fm"], "193": ["florian.kleedorfer@austria.fm"], "194": ["florian.kleedorfer@austria.fm", "kweinberger@researchstudio.at"], "195": ["florian.kleedorfer@austria.fm", "sudafabian@gmail.com"], "196": ["florian.kleedorfer@austria.fm", "kweinberger@researchstudio.at"], "197": ["florian.kleedorfer@austria.fm", "florian.kleedorfer@researchstudio.at", "sudafabian@gmail.com"], "198": ["florian.kleedorfer@austria.fm", "kweinberger@researchstudio.at"], "199": ["florian.kleedorfer@austria.fm", "kweinberger@researchstudio.at"], "200": ["florian.kleedorfer@austria.fm"], "201": ["dakidaki@gmail.com", "liam21c@gmail.com", "florian.kleedorfer@researchstudio.at", "sudafabian@gmail.com", "f.salcher@gmx.net", "florian.kleedorfer@austria.fm"], "202": ["dakidaki@gmail.com", "liam21c@gmail.com", "heiko.friedrich@researchstudio.at", "florian.kleedorfer@researchstudio.at", "sudafabian@gmail.com", "f.salcher@gmx.net", "florian.kleedorfer@austria.fm"], "203": ["liam21c@gmail.com", "heiko.friedrich@researchstudio.at", "florian.kleedorfer@researchstudio.at", "sudafabian@gmail.com", "f.salcher@gmx.net", "florian.kleedorfer@austria.fm"], "204": ["florian.kleedorfer@austria.fm", "florian.kleedorfer@researchstudio.at", "sudafabian@gmail.com", "github@sigpie.at"], "205": ["liam21c@gmail.com", "yana_panchenko@yahoo.com", "heiko.friedrich@researchstudio.at", "florian.kleedorfer@researchstudio.at", "sudafabian@gmail.com", "florian.kleedorfer@austria.fm"], "206": ["florian.kleedorfer@austria.fm", "heiko.friedrich@researchstudio.at", "florian.kleedorfer@researchstudio.at", "sudafabian@gmail.com"], "207": ["florian.kleedorfer@austria.fm", "sudafabian@gmail.com"], "208": ["florian.kleedorfer@austria.fm", "sudafabian@gmail.com"], "209": ["florian.kleedorfer@austria.fm", "sudafabian@gmail.com"], "210": ["florian.kleedorfer@austria.fm"], "211": ["florian.kleedorfer@austria.fm", "sudafabian@gmail.com"], "212": ["florian.kleedorfer@austria.fm", "sudafabian@gmail.com"], "213": ["florian.kleedorfer@austria.fm"], "214": ["florian.kleedorfer@austria.fm", "sudafabian@gmail.com"], "215": ["florian.kleedorfer@austria.fm", "sudafabian@gmail.com"], "216": ["florian.kleedorfer@austria.fm", "heiko.friedrich@researchstudio.at"], "217": ["florian.kleedorfer@austria.fm"], "218": ["florian.kleedorfer@austria.fm", "heiko.friedrich@researchstudio.at", "sudafabian@gmail.com"], "219": ["florian.kleedorfer@austria.fm", "florian.kleedorfer@researchstudio.at"], "220": ["florian.kleedorfer@austria.fm", "sudafabian@gmail.com", "dakidaki@gmail.com"], "221": ["florian.kleedorfer@austria.fm", "sudafabian@gmail.com"], "222": ["florian.kleedorfer@austria.fm"], "223": ["liam21c@gmail.com", "sudafabian@gmail.com", "fabian.suda@researchstudio.at", "gabriel.pickl@researchstudio.at", "florian.kleedorfer@austria.fm"], "224": ["florian.kleedorfer@austria.fm", "florian.kleedorfer@researchstudio.at", "sudafabian@gmail.com"], "225": ["florian.kleedorfer@austria.fm"], "226": ["florian.kleedorfer@austria.fm"], "227": ["liam21c@gmail.com", "florian.kleedorfer@researchstudio.at", "sudafabian@gmail.com", "gabriel.pickl@researchstudio.at", "florian.kleedorfer@austria.fm"], "228": ["florian.kleedorfer@austria.fm", "florian.kleedorfer@researchstudio.at"], "229": ["florian.kleedorfer@austria.fm", "sudafabian@gmail.com", "florian.kleedorfer@researchstudio.at", "dakidaki@gmail.com"], "230": ["florian.kleedorfer@austria.fm"], "231": ["liam21c@gmail.com", "florian.kleedorfer@researchstudio.at", "sudafabian@gmail.com", "github@sigpie.at", "florian.kleedorfer@austria.fm"], "232": ["florian.kleedorfer@austria.fm", "github@sigpie.at", "sudafabian@gmail.com", "liam21c@gmail.com"], "233": ["sudafabian@gmail.com", "liam21c@gmail.com"], "234": ["florian.kleedorfer@austria.fm", "yana_panchenko@yahoo.com", "sudafabian@gmail.com", "liam21c@gmail.com"], "235": ["florian.kleedorfer@austria.fm", "florian.kleedorfer@researchstudio.at", "liam21c@gmail.com"], "236": ["liam21c@gmail.com"], "237": ["liam21c@gmail.com"], "238": ["florian.kleedorfer@austria.fm", "liam21c@gmail.com"], "239": ["florian.kleedorfer@austria.fm", "liam21c@gmail.com"], "240": ["florian.kleedorfer@austria.fm", "liam21c@gmail.com"], "241": ["florian.kleedorfer@austria.fm", "liam21c@gmail.com"], "242": ["liam21c@gmail.com", "yana_panchenko@yahoo.com", "heiko.friedrich@researchstudio.at", "f.salcher@gmx.net", "florian.kleedorfer@austria.fm"], "243": ["kweinberger@researchstudio.at", "liam21c@gmail.com", "maximilian.stolze@researchstudio.at", "sudafabian@gmail.com", "f.salcher@gmx.net", "gabriel.pickl@researchstudio.at", "florian.kleedorfer@austria.fm"], "244": ["kweinberger@researchstudio.at", "liam21c@gmail.com", "f.salcher@gmx.net", "florian.kleedorfer@austria.fm", "maximilian.stolze@researchstudio.at"], "245": ["florian.kleedorfer@researchstudio.at", "sudafabian@gmail.com", "liam21c@gmail.com", "github@sigpie.at"], "246": ["florian.kleedorfer@researchstudio.at", "sudafabian@gmail.com", "liam21c@gmail.com", "github@sigpie.at"], "247": ["florian.kleedorfer@austria.fm", "heiko.friedrich@researchstudio.at", "sudafabian@gmail.com", "github@sigpie.at"], "248": ["florian.kleedorfer@austria.fm", "florian.kleedorfer@researchstudio.at"], "249": ["florian.kleedorfer@austria.fm", "florian.kleedorfer@researchstudio.at"], "250": ["florian.kleedorfer@austria.fm", "florian.kleedorfer@researchstudio.at"], "251": ["florian.kleedorfer@austria.fm", "kweinberger@researchstudio.at", "sudafabian@gmail.com"], "252": ["liam21c@gmail.com", "yana_panchenko@yahoo.com", "florian.kleedorfer@researchstudio.at", "sudafabian@gmail.com", "f.salcher@gmx.net", "florian.kleedorfer@austria.fm"], "253": ["liam21c@gmail.com", "heiko.friedrich@researchstudio.at", "florian.kleedorfer@researchstudio.at", "sudafabian@gmail.com", "florian.kleedorfer@austria.fm", "github@sigpie.at", "dakidaki@gmail.com"], "254": ["liam21c@gmail.com"], "255": ["sudafabian@gmail.com", "liam21c@gmail.com"], "256": ["florian.kleedorfer@researchstudio.at", "sudafabian@gmail.com", "liam21c@gmail.com", "github@sigpie.at"], "257": ["florian.kleedorfer@austria.fm", "kweinberger@researchstudio.at", "gabriel.pickl@researchstudio.at"], "258": ["florian.kleedorfer@austria.fm", "florian.kleedorfer@researchstudio.at", "liam21c@gmail.com"], "259": ["heiko.friedrich@researchstudio.at", "sudafabian@gmail.com", "liam21c@gmail.com"], "260": ["florian.kleedorfer@austria.fm", "florian.kleedorfer@researchstudio.at", "sudafabian@gmail.com"], "261": ["florian.kleedorfer@austria.fm", "florian.kleedorfer@researchstudio.at", "sudafabian@gmail.com"], "262": ["florian.kleedorfer@austria.fm", "florian.kleedorfer@researchstudio.at"], "263": ["florian.kleedorfer@austria.fm"], "264": ["florian.kleedorfer@austria.fm"], "265": ["florian.kleedorfer@austria.fm", "florian.kleedorfer@researchstudio.at"], "266": ["florian.kleedorfer@austria.fm", "florian.kleedorfer@researchstudio.at"], "267": ["florian.kleedorfer@austria.fm", "florian.kleedorfer@researchstudio.at"], "268": ["florian.kleedorfer@austria.fm"], "269": ["florian.kleedorfer@austria.fm", "florian.kleedorfer@researchstudio.at", "sudafabian@gmail.com"], "270": ["florian.kleedorfer@austria.fm", "florian.kleedorfer@researchstudio.at"], "271": ["florian.kleedorfer@austria.fm", "florian.kleedorfer@researchstudio.at", "liam21c@gmail.com", "f.salcher@gmx.net"], "272": ["florian.kleedorfer@austria.fm", "florian.kleedorfer@researchstudio.at", "sudafabian@gmail.com", "f.salcher@gmx.net"], "273": ["liam21c@gmail.com", "florian.kleedorfer@researchstudio.at", "sudafabian@gmail.com", "f.salcher@gmx.net", "florian.kleedorfer@austria.fm"], "274": ["sudafabian@gmail.com", "liam21c@gmail.com"], "275": ["liam21c@gmail.com", "heiko.friedrich@researchstudio.at", "florian.kleedorfer@researchstudio.at", "sudafabian@gmail.com", "f.salcher@gmx.net", "florian.kleedorfer@austria.fm", "dakidaki@gmail.com"], "276": ["dakidaki@gmail.com", "florian.kleedorfer@researchstudio.at", "sudafabian@gmail.com"], "277": ["dakidaki@gmail.com"], "278": ["yana_panchenko@yahoo.com", "gabriel.pickl@researchstudio.at", "sudafabian@gmail.com", "f.salcher@gmx.net"], "279": ["liam21c@gmail.com", "yana_panchenko@yahoo.com", "sudafabian@gmail.com", "f.salcher@gmx.net", "florian.kleedorfer@austria.fm"], "280": ["yana_panchenko@yahoo.com", "florian.kleedorfer@researchstudio.at", "sudafabian@gmail.com", "f.salcher@gmx.net", "florian.kleedorfer@austria.fm"], "281": ["yana_panchenko@yahoo.com", "florian.kleedorfer@researchstudio.at", "sudafabian@gmail.com", "f.salcher@gmx.net", "florian.kleedorfer@austria.fm"], "282": ["yana_panchenko@yahoo.com", "florian.kleedorfer@researchstudio.at", "sudafabian@gmail.com"], "11": ["yana_panchenko@yahoo.com", "florian.kleedorfer@researchstudio.at", "sudafabian@gmail.com", "f.salcher@gmx.net", "florian.kleedorfer@austria.fm"], "283": ["dakidaki@gmail.com"], "13": ["florian.kleedorfer@austria.fm", "florian.kleedorfer@researchstudio.at", "liam21c@gmail.com"], "284": ["florian.kleedorfer@austria.fm", "liam21c@gmail.com", "maximilian.stolze@researchstudio.at"], "285": ["liam21c@gmail.com"], "286": ["florian.kleedorfer@austria.fm", "florian.kleedorfer@researchstudio.at"], "287": ["kweinberger@researchstudio.at", "yana_panchenko@yahoo.com", "florian.kleedorfer@researchstudio.at", "sudafabian@gmail.com", "gabriel.pickl@researchstudio.at"], "288": ["yana_panchenko@yahoo.com", "florian.kleedorfer@researchstudio.at", "gabriel.pickl@researchstudio.at"], "289": ["yana_panchenko@yahoo.com", "fabian.suda@researchstudio.at", "florian.kleedorfer@researchstudio.at", "sudafabian@gmail.com"], "290": ["florian.kleedorfer@austria.fm", "liam21c@gmail.com"], "291": ["yana_panchenko@yahoo.com", "florian.kleedorfer@researchstudio.at", "sudafabian@gmail.com"], "292": ["yana_panchenko@yahoo.com", "florian.kleedorfer@researchstudio.at", "sudafabian@gmail.com", "florian.kleedorfer@austria.fm", "fabian.suda@researchstudio.at"], "293": ["yana_panchenko@yahoo.com", "fabian.suda@researchstudio.at", "florian.kleedorfer@researchstudio.at", "sudafabian@gmail.com"], "294": ["yana_panchenko@yahoo.com", "sudafabian@gmail.com", "liam21c@gmail.com", "f.salcher@gmx.net"], "295": ["yana_panchenko@yahoo.com", "sudafabian@gmail.com", "liam21c@gmail.com", "f.salcher@gmx.net"], "296": ["yana_panchenko@yahoo.com", "sudafabian@gmail.com", "liam21c@gmail.com", "f.salcher@gmx.net"], "297": ["yana_panchenko@yahoo.com", "sudafabian@gmail.com", "liam21c@gmail.com", "f.salcher@gmx.net"], "298": ["liam21c@gmail.com", "heiko.friedrich@researchstudio.at", "florian.kleedorfer@researchstudio.at", "sudafabian@gmail.com", "f.salcher@gmx.net", "github@sigpie.at", "florian.kleedorfer@austria.fm"], "299": ["liam21c@gmail.com"], "300": ["florian.kleedorfer@austria.fm"], "301": ["liam21c@gmail.com", "fkleedorfer@SAT017.researchstudio.at", "yana_panchenko@yahoo.com", "florian.kleedorfer@researchstudio.at", "sudafabian@gmail.com", "kevin.singer@student.tuwien.ac.at", "f.salcher@gmx.net", "fabian.suda@researchstudio.at", "florian.kleedorfer@austria.fm"], "302": ["liam21c@gmail.com", "yana_panchenko@yahoo.com", "florian.kleedorfer@researchstudio.at", "sudafabian@gmail.com", "f.salcher@gmx.net", "florian.kleedorfer@austria.fm"], "303": ["yana_panchenko@yahoo.com", "florian.kleedorfer@austria.fm", "liam21c@gmail.com", "f.salcher@gmx.net"], "304": ["liam21c@gmail.com", "yana_panchenko@yahoo.com", "florian.kleedorfer@researchstudio.at", "kevin.singer@student.tuwien.ac.at", "florian.kleedorfer@austria.fm"], "305": ["kweinberger@researchstudio.at", "liam21c@gmail.com", "florian.kleedorfer@researchstudio.at", "sudafabian@gmail.com", "kevin.singer@student.tuwien.ac.at", "florian.kleedorfer@austria.fm"], "306": ["liam21c@gmail.com", "maximilian.stolze@researchstudio.at", "yana_panchenko@yahoo.com", "florian.kleedorfer@researchstudio.at", "sudafabian@gmail.com", "f.salcher@gmx.net", "fabian.suda@researchstudio.at", "gabriel.pickl@researchstudio.at", "florian.kleedorfer@austria.fm", "kristina.weinberger@researchstudio.at"], "307": ["liam21c@gmail.com"], "308": ["liam21c@gmail.com", "maximilian.stolze@researchstudio.at", "fkleedorfer@SAT017.researchstudio.at", "yana_panchenko@yahoo.com", "florian.kleedorfer@researchstudio.at", "sudafabian@gmail.com", "f.salcher@gmx.net", "fabian.suda@researchstudio.at", "florian.kleedorfer@austria.fm"], "309": ["liam21c@gmail.com", "maximilian.stolze@researchstudio.at", "fkleedorfer@SAT017.researchstudio.at", "yana_panchenko@yahoo.com", "florian.kleedorfer@researchstudio.at", "sudafabian@gmail.com", "f.salcher@gmx.net", "florian.kleedorfer@austria.fm"], "310": ["yana_panchenko@yahoo.com", "florian.kleedorfer@austria.fm", "sudafabian@gmail.com", "liam21c@gmail.com"], "311": ["florian.kleedorfer@austria.fm", "sudafabian@gmail.com", "f.salcher@gmx.net"], "312": ["liam21c@gmail.com", "yana_panchenko@yahoo.com", "sudafabian@gmail.com", "f.salcher@gmx.net", "florian.kleedorfer@austria.fm"], "313": ["florian.kleedorfer@austria.fm", "sudafabian@gmail.com", "liam21c@gmail.com"], "314": ["florian.kleedorfer@austria.fm", "f.salcher@gmx.net"], "315": ["liam21c@gmail.com", "florian.kleedorfer@researchstudio.at", "sudafabian@gmail.com", "fabian.suda@researchstudio.at", "florian.kleedorfer@austria.fm", "fkleedorfer@SAT014.researchstudio.at"], "9": ["florian.kleedorfer@researchstudio.at", "sudafabian@gmail.com", "kevin.singer@student.tuwien.ac.at", "f.salcher@gmx.net", "florian.kleedorfer@austria.fm"], "316": ["yana_panchenko@yahoo.com", "kweinberger@researchstudio.at"], "317": ["yana_panchenko@yahoo.com", "kweinberger@researchstudio.at"], "318": ["yana_panchenko@yahoo.com"], "319": ["yana_panchenko@yahoo.com"], "320": ["yana_panchenko@yahoo.com", "kweinberger@researchstudio.at"], "321": ["yana_panchenko@yahoo.com"], "322": ["yana_panchenko@yahoo.com", "fabian.suda@researchstudio.at", "florian.kleedorfer@researchstudio.at", "florian.kleedorfer@austria.fm"], "323": ["yana_panchenko@yahoo.com", "fabian.suda@researchstudio.at", "github@sigpie.at", "florian.kleedorfer@austria.fm"], "324": ["maximilian.stolze@researchstudio.at", "yana_panchenko@yahoo.com", "florian.kleedorfer@researchstudio.at", "sudafabian@gmail.com", "f.salcher@gmx.net", "florian.kleedorfer@austria.fm"], "325": ["florian.kleedorfer@austria.fm", "florian.kleedorfer@researchstudio.at", "sudafabian@gmail.com", "f.salcher@gmx.net"], "326": ["florian.kleedorfer@austria.fm", "sudafabian@gmail.com"], "327": ["florian.kleedorfer@austria.fm", "heiko.friedrich@researchstudio.at", "sudafabian@gmail.com"], "328": ["fabian.suda@researchstudio.at", "sudafabian@gmail.com", "f.salcher@gmx.net"], "329": ["florian.kleedorfer@austria.fm", "fabian.suda@researchstudio.at", "sudafabian@gmail.com", "f.salcher@gmx.net"], "330": ["florian.kleedorfer@researchstudio.at", "sudafabian@gmail.com", "f.salcher@gmx.net", "fabian.suda@researchstudio.at", "florian.kleedorfer@austria.fm"], "331": ["yana_panchenko@yahoo.com", "florian.kleedorfer@austria.fm", "liam21c@gmail.com", "heiko.friedrich@researchstudio.at"], "332": ["florian.kleedorfer@austria.fm"], "333": ["liam21c@gmail.com"], "334": ["florian.kleedorfer@austria.fm"], "6": ["kweinberger@researchstudio.at", "yana_panchenko@yahoo.com", "noreply@github.com", "florian.kleedorfer@researchstudio.at", "fabian.suda@researchstudio.at", "florian.kleedorfer@austria.fm"], "335": ["florian.kleedorfer@austria.fm", "fabian.suda@researchstudio.at", "kweinberger@researchstudio.at", "sudafabian@gmail.com"], "336": ["florian.kleedorfer@austria.fm"], "337": ["florian.kleedorfer@austria.fm", "heiko.friedrich@researchstudio.at", "sudafabian@gmail.com", "kevin.singer@student.tuwien.ac.at"], "338": ["florian.kleedorfer@austria.fm", "fabian.suda@researchstudio.at"], "339": ["florian.kleedorfer@austria.fm", "noreply@github.com", "gabriel.pickl@researchstudio.at", "kevin.singer@student.tuwien.ac.at"], "340": ["florian.kleedorfer@austria.fm", "sudafabian@gmail.com", "liam21c@gmail.com"], "341": ["yana_panchenko@yahoo.com", "heiko.friedrich@researchstudio.at", "florian.kleedorfer@researchstudio.at", "sudafabian@gmail.com", "fabian.suda@researchstudio.at", "gabriel.pickl@researchstudio.at", "github@sigpie.at", "florian.kleedorfer@austria.fm"], "342": ["yana_panchenko@yahoo.com", "kweinberger@researchstudio.at", "gabriel.pickl@researchstudio.at"], "343": ["yana_panchenko@yahoo.com"], "344": ["yana_panchenko@yahoo.com", "sudafabian@gmail.com"], "345": ["florian.kleedorfer@austria.fm"], "346": ["sudafabian@gmail.com", "liam21c@gmail.com"], "347": ["kweinberger@researchstudio.at", "liam21c@gmail.com", "maximilian.stolze@researchstudio.at", "yana_panchenko@yahoo.com", "florian.kleedorfer@researchstudio.at", "sudafabian@gmail.com", "kevin.singer@student.tuwien.ac.at", "fabian.suda@researchstudio.at", "florian.kleedorfer@austria.fm"], "348": ["kweinberger@researchstudio.at", "liam21c@gmail.com", "florian.kleedorfer@researchstudio.at", "sudafabian@gmail.com", "florian.kleedorfer@austria.fm"], "349": ["kweinberger@researchstudio.at", "liam21c@gmail.com", "florian.kleedorfer@researchstudio.at", "sudafabian@gmail.com", "florian.kleedorfer@austria.fm"], "350": ["florian.kleedorfer@austria.fm", "florian.kleedorfer@researchstudio.at", "sudafabian@gmail.com", "liam21c@gmail.com"], "351": ["kweinberger@researchstudio.at", "liam21c@gmail.com", "florian.kleedorfer@researchstudio.at", "sudafabian@gmail.com", "gabriel.pickl@researchstudio.at", "florian.kleedorfer@austria.fm"], "352": ["liam21c@gmail.com", "florian.kleedorfer@researchstudio.at", "sudafabian@gmail.com", "fabian.suda@researchstudio.at", "florian.kleedorfer@austria.fm"], "353": ["liam21c@gmail.com", "fkleedorfer@SAT017.researchstudio.at", "heiko.friedrich@researchstudio.at", "florian.kleedorfer@researchstudio.at", "sudafabian@gmail.com", "kevin.singer@student.tuwien.ac.at", "fabian.suda@researchstudio.at", "florian.kleedorfer@austria.fm"], "354": ["kweinberger@researchstudio.at", "liam21c@gmail.com", "florian.kleedorfer@researchstudio.at", "sudafabian@gmail.com", "florian.kleedorfer@austria.fm"], "355": ["liam21c@gmail.com", "heiko.friedrich@researchstudio.at", "florian.kleedorfer@researchstudio.at", "sudafabian@gmail.com", "florian.kleedorfer@austria.fm"], "356": ["kweinberger@researchstudio.at", "liam21c@gmail.com", "florian.kleedorfer@researchstudio.at", "sudafabian@gmail.com", "fabian.suda@researchstudio.at", "florian.kleedorfer@austria.fm"], "357": ["kweinberger@researchstudio.at", "liam21c@gmail.com", "fkleedorfer@SAT017.researchstudio.at", "florian.kleedorfer@researchstudio.at", "sudafabian@gmail.com", "florian.kleedorfer@austria.fm"], "358": ["kweinberger@researchstudio.at", "liam21c@gmail.com", "florian.kleedorfer@researchstudio.at", "sudafabian@gmail.com", "fabian.suda@researchstudio.at", "florian.kleedorfer@austria.fm"], "359": ["florian.kleedorfer@austria.fm"], "360": ["florian.kleedorfer@austria.fm", "liam21c@gmail.com"], "361": ["florian.kleedorfer@austria.fm", "liam21c@gmail.com"], "362": ["florian.kleedorfer@austria.fm", "florian.kleedorfer@researchstudio.at", "liam21c@gmail.com"], "363": ["kweinberger@researchstudio.at", "liam21c@gmail.com", "florian.kleedorfer@researchstudio.at", "sudafabian@gmail.com", "gabriel.pickl@researchstudio.at", "florian.kleedorfer@austria.fm"], "364": ["heiko.friedrich@researchstudio.at", "florian.kleedorfer@researchstudio.at", "sudafabian@gmail.com", "florian.kleedorfer@austria.fm"], "365": ["florian.kleedorfer@austria.fm", "heiko.friedrich@researchstudio.at", "kweinberger@researchstudio.at", "sudafabian@gmail.com"], "366": ["kweinberger@researchstudio.at", "liam21c@gmail.com", "florian.kleedorfer@researchstudio.at", "sudafabian@gmail.com", "github@sigpie.at", "florian.kleedorfer@austria.fm"], "367": ["florian.kleedorfer@austria.fm", "yana_panchenko@yahoo.com", "florian.kleedorfer@researchstudio.at", "sudafabian@gmail.com"], "368": ["florian.kleedorfer@austria.fm", "yana_panchenko@yahoo.com", "florian.kleedorfer@researchstudio.at", "sudafabian@gmail.com"], "369": ["florian.kleedorfer@austria.fm", "yana_panchenko@yahoo.com", "florian.kleedorfer@researchstudio.at", "sudafabian@gmail.com"], "370": ["florian.kleedorfer@austria.fm", "sudafabian@gmail.com"], "371": ["florian.kleedorfer@austria.fm", "sudafabian@gmail.com"], "372": ["florian.kleedorfer@austria.fm", "sudafabian@gmail.com"], "373": ["yana_panchenko@yahoo.com", "florian.kleedorfer@researchstudio.at", "sudafabian@gmail.com", "kevin.singer@student.tuwien.ac.at", "gabriel.pickl@researchstudio.at", "florian.kleedorfer@austria.fm"], "374": ["florian.kleedorfer@austria.fm", "sudafabian@gmail.com"], "375": ["florian.kleedorfer@austria.fm", "sudafabian@gmail.com"], "376": ["florian.kleedorfer@austria.fm", "yana_panchenko@yahoo.com", "florian.kleedorfer@researchstudio.at", "sudafabian@gmail.com"], "377": ["florian.kleedorfer@austria.fm", "sudafabian@gmail.com"], "378": ["maximilian.stolze@researchstudio.at", "yana_panchenko@yahoo.com", "noreply@github.com", "sudafabian@gmail.com", "florian.kleedorfer@austria.fm"], "379": ["florian.kleedorfer@austria.fm", "florian.kleedorfer@researchstudio.at", "sudafabian@gmail.com"], "380": ["florian.kleedorfer@austria.fm", "florian.kleedorfer@researchstudio.at", "sudafabian@gmail.com"], "381": ["kweinberger@researchstudio.at", "liam21c@gmail.com", "florian.kleedorfer@researchstudio.at", "sudafabian@gmail.com", "florian.kleedorfer@austria.fm"], "382": ["florian.kleedorfer@austria.fm", "kweinberger@researchstudio.at", "florian.kleedorfer@researchstudio.at", "sudafabian@gmail.com"], "383": ["kweinberger@researchstudio.at", "yana_panchenko@yahoo.com", "florian.kleedorfer@researchstudio.at", "sudafabian@gmail.com", "florian.kleedorfer@austria.fm"], "384": ["florian.kleedorfer@austria.fm", "yana_panchenko@yahoo.com", "sudafabian@gmail.com"], "385": ["florian.kleedorfer@austria.fm", "kweinberger@researchstudio.at", "florian.kleedorfer@researchstudio.at", "sudafabian@gmail.com"], "386": ["kweinberger@researchstudio.at", "heiko.friedrich@researchstudio.at", "florian.kleedorfer@researchstudio.at", "sudafabian@gmail.com", "florian.kleedorfer@austria.fm"], "387": ["kweinberger@researchstudio.at", "liam21c@gmail.com", "yana_panchenko@yahoo.com", "heiko.friedrich@researchstudio.at", "florian.kleedorfer@researchstudio.at", "sudafabian@gmail.com", "kevin.singer@student.tuwien.ac.at", "fabian.suda@researchstudio.at", "florian.kleedorfer@austria.fm"], "388": ["florian.kleedorfer@austria.fm", "florian.kleedorfer@researchstudio.at", "sudafabian@gmail.com"], "389": ["florian.kleedorfer@austria.fm", "kweinberger@researchstudio.at", "sudafabian@gmail.com", "maximilian.stolze@researchstudio.at"], "390": ["florian.kleedorfer@austria.fm", "kweinberger@researchstudio.at"], "391": ["florian.kleedorfer@austria.fm", "kweinberger@researchstudio.at", "florian.kleedorfer@researchstudio.at", "sudafabian@gmail.com"], "392": ["florian.kleedorfer@austria.fm", "kweinberger@researchstudio.at", "florian.kleedorfer@researchstudio.at", "sudafabian@gmail.com"], "393": ["yana_panchenko@yahoo.com", "florian.kleedorfer@researchstudio.at", "sudafabian@gmail.com", "florian.kleedorfer@austria.fm", "fabian.suda@researchstudio.at"], "394": ["yana_panchenko@yahoo.com", "florian.kleedorfer@researchstudio.at", "sudafabian@gmail.com"], "395": ["yana_panchenko@yahoo.com", "florian.kleedorfer@researchstudio.at", "sudafabian@gmail.com", "kevin.singer@student.tuwien.ac.at", "florian.kleedorfer@austria.fm"], "396": ["florian.kleedorfer@austria.fm", "sudafabian@gmail.com"], "397": ["florian.kleedorfer@austria.fm", "kweinberger@researchstudio.at", "florian.kleedorfer@researchstudio.at", "sudafabian@gmail.com"], "398": ["florian.kleedorfer@austria.fm", "kweinberger@researchstudio.at", "florian.kleedorfer@researchstudio.at", "sudafabian@gmail.com"], "399": ["yana_panchenko@yahoo.com"], "400": ["yana_panchenko@yahoo.com", "sudafabian@gmail.com"], "401": ["yana_panchenko@yahoo.com", "florian.kleedorfer@researchstudio.at", "sudafabian@gmail.com", "florian.kleedorfer@austria.fm"], "402": ["yana_panchenko@yahoo.com", "fabian.suda@researchstudio.at"], "403": ["florian.kleedorfer@austria.fm", "kweinberger@researchstudio.at"], "404": ["heiko.friedrich@researchstudio.at", "florian.kleedorfer@austria.fm", "kevin.singer@student.tuwien.ac.at"], "405": ["yana_panchenko@yahoo.com", "florian.kleedorfer@researchstudio.at", "sudafabian@gmail.com"], "406": ["fkleedorfer@SAT017.researchstudio.at", "yana_panchenko@yahoo.com", "florian.kleedorfer@researchstudio.at", "sudafabian@gmail.com", "florian.kleedorfer@austria.fm"], "407": ["yana_panchenko@yahoo.com", "florian.kleedorfer@researchstudio.at", "sudafabian@gmail.com", "florian.kleedorfer@austria.fm"], "408": ["yana_panchenko@yahoo.com", "florian.kleedorfer@researchstudio.at", "sudafabian@gmail.com", "florian.kleedorfer@austria.fm"], "409": ["yana_panchenko@yahoo.com", "florian.kleedorfer@researchstudio.at", "sudafabian@gmail.com", "florian.kleedorfer@austria.fm", "fabian.suda@researchstudio.at"], "410": ["yana_panchenko@yahoo.com", "florian.kleedorfer@researchstudio.at", "sudafabian@gmail.com", "florian.kleedorfer@austria.fm", "fkleedorfer@SAT014.researchstudio.at"], "411": ["yana_panchenko@yahoo.com", "sudafabian@gmail.com", "florian.kleedorfer@austria.fm"], "412": ["heiko.friedrich@researchstudio.at", "yana_panchenko@yahoo.com", "sudafabian@gmail.com", "kevin.singer@student.tuwien.ac.at", "florian.kleedorfer@austria.fm"], "413": ["kweinberger@researchstudio.at", "heiko.friedrich@researchstudio.at", "yana_panchenko@yahoo.com", "florian.kleedorfer@researchstudio.at", "sudafabian@gmail.com", "kevin.singer@student.tuwien.ac.at", "florian.kleedorfer@austria.fm", "fabian.suda@researchstudio.at"], "414": ["heiko.friedrich@researchstudio.at", "florian.kleedorfer@researchstudio.at", "sudafabian@gmail.com", "kevin.singer@student.tuwien.ac.at", "florian.kleedorfer@austria.fm"], "415": ["heiko.friedrich@researchstudio.at", "yana_panchenko@yahoo.com", "kevin.singer@student.tuwien.ac.at"], "416": ["yana_panchenko@yahoo.com", "sudafabian@gmail.com"], "417": ["yana_panchenko@yahoo.com", "sudafabian@gmail.com"], "418": ["yana_panchenko@yahoo.com", "florian.kleedorfer@researchstudio.at", "sudafabian@gmail.com"], "419": ["kweinberger@researchstudio.at", "yana_panchenko@yahoo.com", "florian.kleedorfer@researchstudio.at", "sudafabian@gmail.com", "florian.kleedorfer@austria.fm"], "420": ["yana_panchenko@yahoo.com", "sudafabian@gmail.com"], "421": ["florian.kleedorfer@austria.fm", "heiko.friedrich@researchstudio.at", "florian.kleedorfer@researchstudio.at", "sudafabian@gmail.com"], "422": ["florian.kleedorfer@austria.fm"], "423": ["florian.kleedorfer@austria.fm", "fabian.suda@researchstudio.at", "sudafabian@gmail.com"], "424": ["florian.kleedorfer@austria.fm", "kweinberger@researchstudio.at", "gabriel.pickl@researchstudio.at", "sudafabian@gmail.com"], "425": ["heiko.friedrich@researchstudio.at", "florian.kleedorfer@researchstudio.at", "sudafabian@gmail.com", "fabian.suda@researchstudio.at", "github@sigpie.at", "florian.kleedorfer@austria.fm"], "426": ["florian.kleedorfer@austria.fm", "florian.kleedorfer@researchstudio.at", "sudafabian@gmail.com"], "427": ["florian.kleedorfer@austria.fm", "florian.kleedorfer@researchstudio.at"], "428": ["florian.kleedorfer@austria.fm", "florian.kleedorfer@researchstudio.at"], "429": ["florian.kleedorfer@austria.fm", "florian.kleedorfer@researchstudio.at"], "430": ["florian.kleedorfer@austria.fm", "florian.kleedorfer@researchstudio.at", "sudafabian@gmail.com", "github@sigpie.at"], "431": ["florian.kleedorfer@austria.fm", "florian.kleedorfer@researchstudio.at"], "432": ["florian.kleedorfer@austria.fm", "florian.kleedorfer@researchstudio.at"], "433": ["florian.kleedorfer@austria.fm", "florian.kleedorfer@researchstudio.at"], "434": ["florian.kleedorfer@austria.fm", "sudafabian@gmail.com"], "435": ["florian.kleedorfer@austria.fm", "sudafabian@gmail.com"], "436": ["florian.kleedorfer@austria.fm", "sudafabian@gmail.com"], "437": ["florian.kleedorfer@austria.fm", "sudafabian@gmail.com"], "438": ["florian.kleedorfer@austria.fm"], "439": ["florian.kleedorfer@austria.fm", "kweinberger@researchstudio.at", "florian.kleedorfer@researchstudio.at", "sudafabian@gmail.com"], "440": ["florian.kleedorfer@austria.fm", "florian.kleedorfer@researchstudio.at", "sudafabian@gmail.com", "github@sigpie.at"], "441": ["yana_panchenko@yahoo.com", "florian.kleedorfer@researchstudio.at", "sudafabian@gmail.com", "kevin.singer@student.tuwien.ac.at", "florian.kleedorfer@austria.fm"], "442": ["yana_panchenko@yahoo.com", "florian.kleedorfer@researchstudio.at", "sudafabian@gmail.com", "kevin.singer@student.tuwien.ac.at", "florian.kleedorfer@austria.fm", "fabian.suda@researchstudio.at"], "443": ["yana_panchenko@yahoo.com", "florian.kleedorfer@researchstudio.at", "sudafabian@gmail.com", "kevin.singer@student.tuwien.ac.at", "florian.kleedorfer@austria.fm"], "444": ["heiko.friedrich@researchstudio.at", "yana_panchenko@yahoo.com", "kevin.singer@student.tuwien.ac.at", "gabriel.pickl@researchstudio.at", "florian.kleedorfer@austria.fm"], "445": ["heiko.friedrich@researchstudio.at", "yana_panchenko@yahoo.com", "gabriel.pickl@researchstudio.at", "kevin.singer@student.tuwien.ac.at"], "446": ["heiko.friedrich@researchstudio.at", "florian.kleedorfer@researchstudio.at", "sudafabian@gmail.com", "kevin.singer@student.tuwien.ac.at", "florian.kleedorfer@austria.fm"], "447": ["heiko.friedrich@researchstudio.at", "kevin.singer@student.tuwien.ac.at"], "448": ["heiko.friedrich@researchstudio.at", "kevin.singer@student.tuwien.ac.at"], "449": ["heiko.friedrich@researchstudio.at", "yana_panchenko@yahoo.com", "kevin.singer@student.tuwien.ac.at", "gabriel.pickl@researchstudio.at", "florian.kleedorfer@austria.fm"], "450": ["heiko.friedrich@researchstudio.at", "sudafabian@gmail.com", "florian.kleedorfer@austria.fm", "kevin.singer@student.tuwien.ac.at"], "451": ["heiko.friedrich@researchstudio.at", "yana_panchenko@yahoo.com", "florian.kleedorfer@austria.fm", "kevin.singer@student.tuwien.ac.at"], "452": ["heiko.friedrich@researchstudio.at", "kevin.singer@student.tuwien.ac.at"], "453": ["heiko.friedrich@researchstudio.at", "florian.kleedorfer@austria.fm", "kevin.singer@student.tuwien.ac.at"], "454": ["heiko.friedrich@researchstudio.at", "kevin.singer@student.tuwien.ac.at"], "455": ["yana_panchenko@yahoo.com", "florian.kleedorfer@researchstudio.at", "sudafabian@gmail.com", "kevin.singer@student.tuwien.ac.at", "florian.kleedorfer@austria.fm"], "456": ["sudafabian@gmail.com", "kevin.singer@student.tuwien.ac.at", "fkleedorfer@SAT017.researchstudio.at"], "457": ["kevin.singer@student.tuwien.ac.at", "fkleedorfer@SAT017.researchstudio.at"], "458": ["yana_panchenko@yahoo.com", "heiko.friedrich@researchstudio.at", "florian.kleedorfer@researchstudio.at", "sudafabian@gmail.com"], "459": ["yana_panchenko@yahoo.com", "florian.kleedorfer@researchstudio.at", "florian.kleedorfer@austria.fm"], "460": ["yana_panchenko@yahoo.com", "sudafabian@gmail.com"], "461": ["yana_panchenko@yahoo.com", "florian.kleedorfer@researchstudio.at", "sudafabian@gmail.com"], "462": ["heiko.friedrich@researchstudio.at", "florian.kleedorfer@austria.fm"], "463": ["heiko.friedrich@researchstudio.at", "florian.kleedorfer@austria.fm"], "464": ["heiko.friedrich@researchstudio.at", "yana_panchenko@yahoo.com", "florian.kleedorfer@austria.fm"], "465": ["heiko.friedrich@researchstudio.at"], "466": ["heiko.friedrich@researchstudio.at"], "467": ["heiko.friedrich@researchstudio.at", "yana_panchenko@yahoo.com", "florian.kleedorfer@researchstudio.at", "sudafabian@gmail.com", "florian.kleedorfer@austria.fm"], "468": ["heiko.friedrich@researchstudio.at"], "469": ["heiko.friedrich@researchstudio.at"], "470": ["heiko.friedrich@researchstudio.at"], "471": ["kweinberger@researchstudio.at", "maximilian.stolze@researchstudio.at", "yana_panchenko@yahoo.com", "heiko.friedrich@researchstudio.at", "florian.kleedorfer@researchstudio.at", "sudafabian@gmail.com", "kevin.singer@student.tuwien.ac.at", "florian.kleedorfer@austria.fm"], "472": ["heiko.friedrich@researchstudio.at", "florian.kleedorfer@researchstudio.at", "sudafabian@gmail.com", "florian.kleedorfer@austria.fm"], "473": ["heiko.friedrich@researchstudio.at"], "474": ["heiko.friedrich@researchstudio.at", "yana_panchenko@yahoo.com"], "475": ["yana_panchenko@yahoo.com"], "476": ["yana_panchenko@yahoo.com", "sudafabian@gmail.com", "florian.kleedorfer@austria.fm"], "477": ["yana_panchenko@yahoo.com", "heiko.friedrich@researchstudio.at", "florian.kleedorfer@researchstudio.at", "sudafabian@gmail.com"], "478": ["yana_panchenko@yahoo.com", "sudafabian@gmail.com"], "479": ["yana_panchenko@yahoo.com", "heiko.friedrich@researchstudio.at", "sudafabian@gmail.com", "florian.kleedorfer@austria.fm"], "480": ["yana_panchenko@yahoo.com", "sudafabian@gmail.com"], "481": ["yana_panchenko@yahoo.com", "heiko.friedrich@researchstudio.at", "florian.kleedorfer@researchstudio.at", "sudafabian@gmail.com"], "482": ["yana_panchenko@yahoo.com", "sudafabian@gmail.com"], "483": ["yana_panchenko@yahoo.com", "florian.kleedorfer@researchstudio.at", "sudafabian@gmail.com", "florian.kleedorfer@austria.fm"], "484": ["yana_panchenko@yahoo.com", "sudafabian@gmail.com"], "485": ["yana_panchenko@yahoo.com", "sudafabian@gmail.com"], "486": ["yana_panchenko@yahoo.com", "heiko.friedrich@researchstudio.at", "sudafabian@gmail.com", "florian.kleedorfer@austria.fm"], "487": ["yana_panchenko@yahoo.com", "heiko.friedrich@researchstudio.at", "florian.kleedorfer@austria.fm"], "488": ["yana_panchenko@yahoo.com", "heiko.friedrich@researchstudio.at", "florian.kleedorfer@austria.fm"], "489": ["yana_panchenko@yahoo.com", "heiko.friedrich@researchstudio.at"], "490": ["yana_panchenko@yahoo.com", "heiko.friedrich@researchstudio.at", "sudafabian@gmail.com"], "491": ["yana_panchenko@yahoo.com", "sudafabian@gmail.com"], "492": ["yana_panchenko@yahoo.com", "heiko.friedrich@researchstudio.at", "florian.kleedorfer@researchstudio.at", "sudafabian@gmail.com", "florian.kleedorfer@austria.fm"], "493": ["yana_panchenko@yahoo.com", "heiko.friedrich@researchstudio.at", "sudafabian@gmail.com"], "494": ["kweinberger@researchstudio.at", "yana_panchenko@yahoo.com", "heiko.friedrich@researchstudio.at", "sudafabian@gmail.com", "florian.kleedorfer@austria.fm", "fabian.suda@researchstudio.at"], "495": ["brent.shambaugh@gmail.com", "yana_panchenko@yahoo.com", "heiko.friedrich@researchstudio.at", "florian.kleedorfer@researchstudio.at", "sudafabian@gmail.com", "fabian.suda@researchstudio.at", "florian.kleedorfer@austria.fm"], "496": ["kweinberger@researchstudio.at", "fkleedorfer@SAT017.researchstudio.at", "florian.kleedorfer@researchstudio.at", "sudafabian@gmail.com", "florian.kleedorfer@austria.fm"], "497": ["fkleedorfer@SAT017.researchstudio.at", "heiko.friedrich@researchstudio.at", "florian.kleedorfer@researchstudio.at", "sudafabian@gmail.com", "florian.kleedorfer@austria.fm"], "498": ["yana_panchenko@yahoo.com", "heiko.friedrich@researchstudio.at", "florian.kleedorfer@researchstudio.at", "sudafabian@gmail.com", "florian.kleedorfer@austria.fm"], "499": ["kweinberger@researchstudio.at", "yana_panchenko@yahoo.com", "heiko.friedrich@researchstudio.at", "florian.kleedorfer@researchstudio.at", "sudafabian@gmail.com", "gabriel.pickl@researchstudio.at"], "500": ["yana_panchenko@yahoo.com", "florian.kleedorfer@researchstudio.at", "sudafabian@gmail.com"], "501": ["yana_panchenko@yahoo.com", "florian.kleedorfer@researchstudio.at"], "502": ["yana_panchenko@yahoo.com", "florian.kleedorfer@researchstudio.at"], "503": ["yana_panchenko@yahoo.com", "heiko.friedrich@researchstudio.at", "florian.kleedorfer@researchstudio.at", "sudafabian@gmail.com"], "504": ["heiko.friedrich@researchstudio.at"], "505": ["florian.kleedorfer@austria.fm", "kweinberger@researchstudio.at", "florian.kleedorfer@researchstudio.at", "sudafabian@gmail.com"], "506": ["florian.kleedorfer@researchstudio.at", "sudafabian@gmail.com"], "507": ["florian.kleedorfer@researchstudio.at", "sudafabian@gmail.com"], "508": ["florian.kleedorfer@researchstudio.at", "sudafabian@gmail.com"], "509": ["florian.kleedorfer@researchstudio.at"], "510": ["florian.kleedorfer@researchstudio.at", "sudafabian@gmail.com"], "511": ["florian.kleedorfer@researchstudio.at"], "512": ["florian.kleedorfer@researchstudio.at"], "513": ["florian.kleedorfer@researchstudio.at"], "514": ["florian.kleedorfer@austria.fm", "kweinberger@researchstudio.at", "florian.kleedorfer@researchstudio.at", "sudafabian@gmail.com"], "515": ["florian.kleedorfer@researchstudio.at"], "516": ["florian.kleedorfer@austria.fm", "kweinberger@researchstudio.at", "florian.kleedorfer@researchstudio.at", "sudafabian@gmail.com"], "517": ["florian.kleedorfer@austria.fm", "florian.kleedorfer@researchstudio.at"], "518": ["florian.kleedorfer@austria.fm", "kweinberger@researchstudio.at", "florian.kleedorfer@researchstudio.at"], "519": ["kweinberger@researchstudio.at", "heiko.friedrich@researchstudio.at", "florian.kleedorfer@researchstudio.at", "sudafabian@gmail.com", "gabriel.pickl@researchstudio.at", "florian.kleedorfer@austria.fm"], "520": ["florian.kleedorfer@austria.fm", "kweinberger@researchstudio.at", "florian.kleedorfer@researchstudio.at", "sudafabian@gmail.com"], "521": ["heiko.friedrich@researchstudio.at", "noreply@github.com", "florian.kleedorfer@austria.fm"], "522": ["kevin.singer@student.tuwien.ac.at"], "523": ["kevin.singer@student.tuwien.ac.at"], "524": ["florian.kleedorfer@researchstudio.at", "sudafabian@gmail.com"], "525": ["florian.kleedorfer@researchstudio.at", "sudafabian@gmail.com"], "526": ["heiko.friedrich@researchstudio.at", "florian.kleedorfer@austria.fm"], "527": ["heiko.friedrich@researchstudio.at", "florian.kleedorfer@austria.fm"], "811": ["florian.kleedorfer@austria.fm", "gabriel.pickl@researchstudio.at"], "529": ["heiko.friedrich@researchstudio.at", "fabian.suda@researchstudio.at", "florian.kleedorfer@austria.fm"], "530": ["heiko.friedrich@researchstudio.at"], "531": ["heiko.friedrich@researchstudio.at", "fabian.suda@researchstudio.at", "florian.kleedorfer@austria.fm"], "532": ["heiko.friedrich@researchstudio.at", "fabian.suda@researchstudio.at", "florian.kleedorfer@researchstudio.at"], "533": ["heiko.friedrich@researchstudio.at"], "534": ["heiko.friedrich@researchstudio.at"], "535": ["heiko.friedrich@researchstudio.at"], "536": ["heiko.friedrich@researchstudio.at"], "537": ["heiko.friedrich@researchstudio.at"], "538": ["heiko.friedrich@researchstudio.at", "gabriel.pickl@researchstudio.at"], "539": ["heiko.friedrich@researchstudio.at"], "540": ["heiko.friedrich@researchstudio.at", "florian.kleedorfer@researchstudio.at", "florian.kleedorfer@austria.fm"], "541": ["heiko.friedrich@researchstudio.at", "kristina.weinberger@researchstudio.at"], "542": ["heiko.friedrich@researchstudio.at", "fabian.suda@researchstudio.at", "florian.kleedorfer@researchstudio.at"], "543": ["heiko.friedrich@researchstudio.at", "fabian.suda@researchstudio.at"], "544": ["heiko.friedrich@researchstudio.at"], "545": ["heiko.friedrich@researchstudio.at", "gabriel.pickl@researchstudio.at"], "546": ["heiko.friedrich@researchstudio.at", "gabriel.pickl@researchstudio.at", "sudafabian@gmail.com"], "547": ["heiko.friedrich@researchstudio.at", "gabriel.pickl@researchstudio.at"], "548": ["heiko.friedrich@researchstudio.at"], "549": ["heiko.friedrich@researchstudio.at", "fabian.suda@researchstudio.at", "florian.kleedorfer@researchstudio.at"], "550": ["heiko.friedrich@researchstudio.at", "florian.kleedorfer@researchstudio.at", "florian.kleedorfer@austria.fm"], "551": ["heiko.friedrich@researchstudio.at"], "552": ["heiko.friedrich@researchstudio.at"], "553": ["heiko.friedrich@researchstudio.at"], "554": ["heiko.friedrich@researchstudio.at"], "555": ["heiko.friedrich@researchstudio.at"], "556": ["heiko.friedrich@researchstudio.at"], "557": ["heiko.friedrich@researchstudio.at"], "558": ["heiko.friedrich@researchstudio.at"], "559": ["florian.kleedorfer@researchstudio.at"], "560": ["florian.kleedorfer@austria.fm", "florian.kleedorfer@researchstudio.at", "sudafabian@gmail.com"], "561": ["heiko.friedrich@researchstudio.at"], "562": ["heiko.friedrich@researchstudio.at"], "563": ["heiko.friedrich@researchstudio.at"], "564": ["heiko.friedrich@researchstudio.at"], "565": ["heiko.friedrich@researchstudio.at"], "566": ["maximilian.stolze@researchstudio.at", "heiko.friedrich@researchstudio.at", "florian.kleedorfer@researchstudio.at", "sudafabian@gmail.com", "florian.kleedorfer@austria.fm", "fabian.suda@researchstudio.at"], "567": ["maximilian.stolze@researchstudio.at", "heiko.friedrich@researchstudio.at", "florian.kleedorfer@researchstudio.at", "sudafabian@gmail.com", "fabian.suda@researchstudio.at"], "568": ["heiko.friedrich@researchstudio.at", "fabian.suda@researchstudio.at", "florian.kleedorfer@researchstudio.at", "sudafabian@gmail.com"], "569": ["heiko.friedrich@researchstudio.at", "sudafabian@gmail.com"], "570": ["heiko.friedrich@researchstudio.at"], "571": ["heiko.friedrich@researchstudio.at", "florian.kleedorfer@researchstudio.at"], "572": ["florian.kleedorfer@austria.fm", "kweinberger@researchstudio.at", "florian.kleedorfer@researchstudio.at"], "573": ["kweinberger@researchstudio.at", "heiko.friedrich@researchstudio.at", "florian.kleedorfer@researchstudio.at", "sudafabian@gmail.com", "florian.kleedorfer@austria.fm"], "574": ["florian.kleedorfer@austria.fm", "kweinberger@researchstudio.at", "florian.kleedorfer@researchstudio.at"], "575": ["florian.kleedorfer@austria.fm", "kweinberger@researchstudio.at", "florian.kleedorfer@researchstudio.at"], "576": ["florian.kleedorfer@austria.fm", "kweinberger@researchstudio.at", "florian.kleedorfer@researchstudio.at"], "577": ["florian.kleedorfer@austria.fm", "kweinberger@researchstudio.at", "florian.kleedorfer@researchstudio.at"], "578": ["sudafabian@gmail.com"], "579": ["heiko.friedrich@researchstudio.at", "sudafabian@gmail.com", "github@sigpie.at"], "580": ["heiko.friedrich@researchstudio.at"], "581": ["heiko.friedrich@researchstudio.at"], "582": ["heiko.friedrich@researchstudio.at", "sudafabian@gmail.com", "florian.kleedorfer@austria.fm"], "583": ["heiko.friedrich@researchstudio.at"], "584": ["heiko.friedrich@researchstudio.at", "florian.kleedorfer@austria.fm"], "585": ["heiko.friedrich@researchstudio.at"], "586": ["heiko.friedrich@researchstudio.at"], "587": ["heiko.friedrich@researchstudio.at", "sudafabian@gmail.com"], "588": ["florian.kleedorfer@researchstudio.at", "sudafabian@gmail.com"], "589": ["florian.kleedorfer@austria.fm", "florian.kleedorfer@researchstudio.at"], "590": ["maximilian.stolze@researchstudio.at", "sudafabian@gmail.com", "florian.kleedorfer@researchstudio.at", "gabriel.pickl@researchstudio.at"], "591": ["florian.kleedorfer@austria.fm", "florian.kleedorfer@researchstudio.at"], "592": ["florian.kleedorfer@researchstudio.at", "sudafabian@gmail.com"], "593": ["florian.kleedorfer@researchstudio.at"], "594": ["maximilian.stolze@researchstudio.at", "florian.kleedorfer@researchstudio.at", "sudafabian@gmail.com"], "595": ["florian.kleedorfer@researchstudio.at"], "596": ["florian.kleedorfer@researchstudio.at"], "597": ["maximilian.stolze@researchstudio.at", "florian.kleedorfer@researchstudio.at"], "598": ["florian.kleedorfer@researchstudio.at"], "599": ["florian.kleedorfer@austria.fm", "florian.kleedorfer@researchstudio.at", "sudafabian@gmail.com"], "600": ["florian.kleedorfer@researchstudio.at"], "601": ["florian.kleedorfer@researchstudio.at"], "602": ["florian.kleedorfer@austria.fm", "florian.kleedorfer@researchstudio.at", "sudafabian@gmail.com"], "603": ["florian.kleedorfer@austria.fm", "florian.kleedorfer@researchstudio.at", "sudafabian@gmail.com"], "604": ["florian.kleedorfer@researchstudio.at", "sudafabian@gmail.com"], "605": ["brent.shambaugh@gmail.com", "heiko.friedrich@researchstudio.at", "florian.kleedorfer@researchstudio.at", "sudafabian@gmail.com", "florian.kleedorfer@austria.fm", "fabian.suda@researchstudio.at"], "606": ["brent.shambaugh@gmail.com", "heiko.friedrich@researchstudio.at", "florian.kleedorfer@researchstudio.at", "sudafabian@gmail.com", "andreas.peter.fend@gmail.com", "fabian.suda@researchstudio.at", "gabriel.pickl@researchstudio.at", "florian.kleedorfer@austria.fm"], "607": ["heiko.friedrich@researchstudio.at", "florian.kleedorfer@austria.fm"], "608": ["florian.kleedorfer@researchstudio.at", "sudafabian@gmail.com"], "609": ["florian.kleedorfer@austria.fm", "florian.kleedorfer@researchstudio.at"], "610": ["florian.kleedorfer@austria.fm", "florian.kleedorfer@researchstudio.at"], "611": ["florian.kleedorfer@researchstudio.at", "sudafabian@gmail.com"], "612": ["florian.kleedorfer@researchstudio.at", "sudafabian@gmail.com", "florian.kleedorfer@austria.fm", "github@sigpie.at", "fabian.suda@researchstudio.at"], "613": ["florian.kleedorfer@austria.fm", "florian.kleedorfer@researchstudio.at", "sudafabian@gmail.com"], "614": ["florian.kleedorfer@researchstudio.at"], "615": ["florian.kleedorfer@austria.fm", "florian.kleedorfer@researchstudio.at", "sudafabian@gmail.com"], "616": ["florian.kleedorfer@researchstudio.at"], "617": ["kweinberger@researchstudio.at", "florian.kleedorfer@researchstudio.at", "sudafabian@gmail.com"], "618": ["fabian.suda@researchstudio.at", "florian.kleedorfer@researchstudio.at", "sudafabian@gmail.com"], "619": ["florian.kleedorfer@austria.fm", "florian.kleedorfer@researchstudio.at", "sudafabian@gmail.com"], "620": ["florian.kleedorfer@austria.fm", "florian.kleedorfer@researchstudio.at"], "621": ["florian.kleedorfer@austria.fm", "florian.kleedorfer@researchstudio.at"], "622": ["florian.kleedorfer@austria.fm", "fabian.suda@researchstudio.at", "florian.kleedorfer@researchstudio.at", "sudafabian@gmail.com"], "623": ["florian.kleedorfer@researchstudio.at"], "624": ["florian.kleedorfer@austria.fm", "florian.kleedorfer@researchstudio.at"], "625": ["florian.kleedorfer@austria.fm", "florian.kleedorfer@researchstudio.at"], "626": ["florian.kleedorfer@researchstudio.at", "sudafabian@gmail.com"], "627": ["florian.kleedorfer@researchstudio.at"], "628": ["florian.kleedorfer@researchstudio.at", "sudafabian@gmail.com"], "629": ["florian.kleedorfer@researchstudio.at"], "630": ["florian.kleedorfer@austria.fm", "florian.kleedorfer@researchstudio.at", "sudafabian@gmail.com"], "631": ["florian.kleedorfer@researchstudio.at"], "632": ["florian.kleedorfer@researchstudio.at"], "633": ["florian.kleedorfer@researchstudio.at"], "634": ["florian.kleedorfer@researchstudio.at"], "635": ["florian.kleedorfer@researchstudio.at"], "636": ["florian.kleedorfer@researchstudio.at"], "637": ["kweinberger@researchstudio.at", "florian.kleedorfer@researchstudio.at", "sudafabian@gmail.com", "github@sigpie.at", "florian.kleedorfer@austria.fm"], "638": ["florian.kleedorfer@researchstudio.at"], "639": ["florian.kleedorfer@researchstudio.at"], "640": ["florian.kleedorfer@researchstudio.at"], "641": ["florian.kleedorfer@researchstudio.at"], "642": ["florian.kleedorfer@researchstudio.at", "sudafabian@gmail.com"], "643": ["florian.kleedorfer@researchstudio.at"], "644": ["florian.kleedorfer@austria.fm", "fabian.suda@researchstudio.at", "florian.kleedorfer@researchstudio.at", "sudafabian@gmail.com"], "645": ["fabian.suda@researchstudio.at", "florian.kleedorfer@researchstudio.at", "sudafabian@gmail.com", "florian.kleedorfer@austria.fm"], "646": ["florian.kleedorfer@austria.fm", "florian.kleedorfer@researchstudio.at"], "647": ["florian.kleedorfer@austria.fm", "florian.kleedorfer@researchstudio.at"], "648": ["florian.kleedorfer@austria.fm", "florian.kleedorfer@researchstudio.at"], "649": ["florian.kleedorfer@researchstudio.at"], "650": ["fabian.suda@researchstudio.at", "florian.kleedorfer@researchstudio.at", "sudafabian@gmail.com"], "651": ["kweinberger@researchstudio.at", "florian.kleedorfer@researchstudio.at"], "652": ["heiko.friedrich@researchstudio.at", "fabian.suda@researchstudio.at", "sudafabian@gmail.com"], "653": ["fabian.suda@researchstudio.at", "florian.kleedorfer@researchstudio.at", "sudafabian@gmail.com", "maximilian.stolze@researchstudio.at"], "654": ["fabian.suda@researchstudio.at", "florian.kleedorfer@researchstudio.at", "sudafabian@gmail.com"], "655": ["florian.kleedorfer@austria.fm", "fabian.suda@researchstudio.at", "florian.kleedorfer@researchstudio.at", "sudafabian@gmail.com"], "656": ["florian.kleedorfer@austria.fm", "florian.kleedorfer@researchstudio.at", "sudafabian@gmail.com"], "657": ["kweinberger@researchstudio.at", "florian.kleedorfer@researchstudio.at", "sudafabian@gmail.com", "gabriel.pickl@researchstudio.at", "fabian.suda@researchstudio.at"], "658": ["florian.kleedorfer@researchstudio.at", "sudafabian@gmail.com"], "659": ["florian.kleedorfer@researchstudio.at", "sudafabian@gmail.com"], "660": ["florian.kleedorfer@researchstudio.at", "sudafabian@gmail.com"], "661": ["florian.kleedorfer@researchstudio.at", "sudafabian@gmail.com"], "662": ["heiko.friedrich@researchstudio.at"], "663": ["heiko.friedrich@researchstudio.at"], "664": ["heiko.friedrich@researchstudio.at"], "665": ["heiko.friedrich@researchstudio.at", "florian.kleedorfer@austria.fm"], "666": ["heiko.friedrich@researchstudio.at"], "667": ["fabian.suda@researchstudio.at", "florian.kleedorfer@researchstudio.at", "sudafabian@gmail.com"], "668": ["fabian.suda@researchstudio.at", "florian.kleedorfer@researchstudio.at", "sudafabian@gmail.com", "github@sigpie.at"], "669": ["florian.kleedorfer@austria.fm", "florian.kleedorfer@researchstudio.at", "sudafabian@gmail.com"], "670": ["florian.kleedorfer@researchstudio.at", "sudafabian@gmail.com"], "671": ["florian.kleedorfer@austria.fm", "fabian.suda@researchstudio.at", "florian.kleedorfer@researchstudio.at", "sudafabian@gmail.com"], "672": ["florian.kleedorfer@austria.fm", "florian.kleedorfer@researchstudio.at", "sudafabian@gmail.com", "github@sigpie.at"], "673": ["florian.kleedorfer@austria.fm", "sudafabian@gmail.com"], "674": ["florian.kleedorfer@austria.fm", "sudafabian@gmail.com"], "675": ["florian.kleedorfer@austria.fm", "sudafabian@gmail.com"], "676": ["florian.kleedorfer@austria.fm", "sudafabian@gmail.com"], "677": ["florian.kleedorfer@austria.fm", "florian.kleedorfer@researchstudio.at", "sudafabian@gmail.com"], "678": ["florian.kleedorfer@austria.fm", "sudafabian@gmail.com"], "679": ["florian.kleedorfer@austria.fm", "sudafabian@gmail.com"], "680": ["florian.kleedorfer@austria.fm", "fabian.suda@researchstudio.at", "sudafabian@gmail.com"], "681": ["florian.kleedorfer@austria.fm", "sudafabian@gmail.com"], "682": ["fabian.suda@researchstudio.at", "sudafabian@gmail.com"], "683": ["florian.kleedorfer@austria.fm", "sudafabian@gmail.com", "github@sigpie.at"], "684": ["sudafabian@gmail.com"], "685": ["florian.kleedorfer@austria.fm", "sudafabian@gmail.com"], "686": ["sudafabian@gmail.com"], "687": ["florian.kleedorfer@austria.fm", "sudafabian@gmail.com"], "688": ["florian.kleedorfer@austria.fm", "florian.kleedorfer@researchstudio.at", "sudafabian@gmail.com"], "689": ["florian.kleedorfer@austria.fm", "sudafabian@gmail.com"], "690": ["florian.kleedorfer@austria.fm", "sudafabian@gmail.com"], "691": ["sudafabian@gmail.com"], "692": ["florian.kleedorfer@austria.fm", "kweinberger@researchstudio.at", "florian.kleedorfer@researchstudio.at", "sudafabian@gmail.com"], "693": ["florian.kleedorfer@austria.fm"], "694": ["florian.kleedorfer@austria.fm"], "695": ["florian.kleedorfer@austria.fm"], "696": ["florian.kleedorfer@austria.fm"], "697": ["florian.kleedorfer@austria.fm"], "698": ["florian.kleedorfer@austria.fm"], "699": ["florian.kleedorfer@austria.fm", "florian.kleedorfer@researchstudio.at", "sudafabian@gmail.com", "github@sigpie.at"], "700": ["florian.kleedorfer@austria.fm", "sudafabian@gmail.com"], "701": ["florian.kleedorfer@austria.fm"], "702": ["florian.kleedorfer@austria.fm"], "703": ["florian.kleedorfer@austria.fm", "sudafabian@gmail.com", "github@sigpie.at"], "704": ["florian.kleedorfer@austria.fm"], "705": ["florian.kleedorfer@austria.fm", "sudafabian@gmail.com"], "706": ["florian.kleedorfer@austria.fm"], "707": ["florian.kleedorfer@austria.fm", "florian.kleedorfer@researchstudio.at"], "708": ["florian.kleedorfer@austria.fm", "sudafabian@gmail.com"], "709": ["florian.kleedorfer@austria.fm"], "710": ["florian.kleedorfer@austria.fm"], "711": ["florian.kleedorfer@austria.fm"], "712": ["florian.kleedorfer@austria.fm"], "713": ["florian.kleedorfer@austria.fm", "heiko.friedrich@researchstudio.at", "sudafabian@gmail.com"], "714": ["kweinberger@researchstudio.at", "florian.kleedorfer@researchstudio.at", "sudafabian@gmail.com"], "715": ["florian.kleedorfer@austria.fm", "kweinberger@researchstudio.at", "florian.kleedorfer@researchstudio.at", "sudafabian@gmail.com"], "716": ["heiko.friedrich@researchstudio.at", "fabian.suda@researchstudio.at"], "717": ["heiko.friedrich@researchstudio.at", "fabian.suda@researchstudio.at"], "718": ["florian.kleedorfer@austria.fm", "sudafabian@gmail.com"], "719": ["florian.kleedorfer@austria.fm", "sudafabian@gmail.com", "github@sigpie.at"], "720": ["kweinberger@researchstudio.at", "florian.kleedorfer@researchstudio.at", "sudafabian@gmail.com"], "721": ["florian.kleedorfer@austria.fm", "kweinberger@researchstudio.at", "florian.kleedorfer@researchstudio.at", "sudafabian@gmail.com"], "722": ["kweinberger@researchstudio.at", "florian.kleedorfer@researchstudio.at", "sudafabian@gmail.com"], "723": ["florian.kleedorfer@austria.fm", "kweinberger@researchstudio.at", "florian.kleedorfer@researchstudio.at", "sudafabian@gmail.com"], "724": ["kweinberger@researchstudio.at", "florian.kleedorfer@researchstudio.at", "sudafabian@gmail.com"], "725": ["kweinberger@researchstudio.at", "sudafabian@gmail.com", "andreas.peter.fend@gmail.com", "gabriel.pickl@researchstudio.at", "github@sigpie.at", "fabian.suda@researchstudio.at"], "726": ["fabian.suda@researchstudio.at"], "727": ["fabian.suda@researchstudio.at"], "728": ["fabian.suda@researchstudio.at"], "729": ["fabian.suda@researchstudio.at"], "730": ["fabian.suda@researchstudio.at"], "731": ["fabian.suda@researchstudio.at"], "732": ["fabian.suda@researchstudio.at"], "733": ["heiko.friedrich@researchstudio.at", "kweinberger@researchstudio.at", "brent.shambaugh@gmail.com"], "734": ["heiko.friedrich@researchstudio.at"], "735": ["heiko.friedrich@researchstudio.at", "florian.kleedorfer@austria.fm", "brent.shambaugh@gmail.com"], "736": ["heiko.friedrich@researchstudio.at", "florian.kleedorfer@austria.fm", "brent.shambaugh@gmail.com"], "737": ["heiko.friedrich@researchstudio.at", "florian.kleedorfer@austria.fm", "brent.shambaugh@gmail.com"], "738": ["heiko.friedrich@researchstudio.at", "fabian.suda@researchstudio.at", "kweinberger@researchstudio.at", "brent.shambaugh@gmail.com"], "739": ["kweinberger@researchstudio.at", "brent.shambaugh@gmail.com", "heiko.friedrich@researchstudio.at", "florian.kleedorfer@austria.fm", "fabian.suda@researchstudio.at"], "740": ["heiko.friedrich@researchstudio.at", "fabian.suda@researchstudio.at", "kweinberger@researchstudio.at", "brent.shambaugh@gmail.com"], "741": ["maximilian.stolze@researchstudio.at", "brent.shambaugh@gmail.com", "heiko.friedrich@researchstudio.at", "florian.kleedorfer@austria.fm", "fabian.suda@researchstudio.at"], "742": ["florian.kleedorfer@austria.fm", "gabriel.pickl@researchstudio.at"], "743": ["florian.kleedorfer@austria.fm", "sudafabian@gmail.com"], "744": ["heiko.friedrich@researchstudio.at", "kweinberger@researchstudio.at"], "745": ["florian.kleedorfer@austria.fm", "heiko.friedrich@researchstudio.at", "sudafabian@gmail.com"], "746": ["florian.kleedorfer@austria.fm", "heiko.friedrich@researchstudio.at", "sudafabian@gmail.com"], "747": ["florian.kleedorfer@austria.fm", "kweinberger@researchstudio.at"], "3": ["florian.kleedorfer@austria.fm", "gabriel.pickl@researchstudio.at"], "748": ["florian.kleedorfer@austria.fm"], "749": ["florian.kleedorfer@austria.fm"], "750": ["florian.kleedorfer@austria.fm"], "751": ["florian.kleedorfer@austria.fm", "fabian.suda@researchstudio.at", "kweinberger@researchstudio.at"], "752": ["maximilian.stolze@researchstudio.at", "brent.shambaugh@gmail.com", "heiko.friedrich@researchstudio.at", "florian.kleedorfer@austria.fm", "fabian.suda@researchstudio.at"], "753": ["florian.kleedorfer@austria.fm", "sudafabian@gmail.com", "maximilian.stolze@researchstudio.at"], "2": ["florian.kleedorfer@austria.fm"], "4": ["florian.kleedorfer@austria.fm"], "754": ["florian.kleedorfer@austria.fm"], "755": ["florian.kleedorfer@austria.fm"], "756": ["florian.kleedorfer@austria.fm"], "757": ["florian.kleedorfer@austria.fm"], "758": ["florian.kleedorfer@austria.fm", "kweinberger@researchstudio.at", "gabriel.pickl@researchstudio.at"], "759": ["florian.kleedorfer@austria.fm"], "760": ["florian.kleedorfer@austria.fm", "fabian.suda@researchstudio.at"], "761": ["florian.kleedorfer@austria.fm"], "762": ["florian.kleedorfer@austria.fm"], "763": ["florian.kleedorfer@austria.fm"], "764": ["florian.kleedorfer@austria.fm"], "765": ["florian.kleedorfer@austria.fm"], "766": ["heiko.friedrich@researchstudio.at"], "767": ["kweinberger@researchstudio.at", "maximilian.stolze@researchstudio.at", "brent.shambaugh@gmail.com", "sudafabian@gmail.com", "fabian.suda@researchstudio.at", "florian.kleedorfer@austria.fm"], "768": ["florian.kleedorfer@austria.fm", "sudafabian@gmail.com"], "769": ["florian.kleedorfer@austria.fm", "fabian.suda@researchstudio.at", "sudafabian@gmail.com"], "770": ["fabian.suda@researchstudio.at"], "771": ["florian.kleedorfer@austria.fm", "sudafabian@gmail.com", "brent.shambaugh@gmail.com"], "772": ["florian.kleedorfer@austria.fm", "sudafabian@gmail.com", "github@sigpie.at"], "773": ["florian.kleedorfer@austria.fm"], "774": ["florian.kleedorfer@austria.fm"], "775": ["florian.kleedorfer@austria.fm"], "776": ["brent.shambaugh@gmail.com"], "777": ["florian.kleedorfer@austria.fm"], "778": ["florian.kleedorfer@austria.fm"], "779": ["florian.kleedorfer@austria.fm"], "780": ["florian.kleedorfer@austria.fm", "sudafabian@gmail.com"], "781": ["florian.kleedorfer@austria.fm", "brent.shambaugh@gmail.com"], "782": ["maximilian.stolze@researchstudio.at", "noreply@github.com", "sudafabian@gmail.com", "fabian.suda@researchstudio.at", "florian.kleedorfer@austria.fm"], "783": ["florian.kleedorfer@austria.fm", "fabian.suda@researchstudio.at", "kweinberger@researchstudio.at", "sudafabian@gmail.com"], "784": ["florian.kleedorfer@austria.fm", "fabian.suda@researchstudio.at", "sudafabian@gmail.com"], "785": ["fabian.suda@researchstudio.at", "sudafabian@gmail.com"], "786": ["fabian.suda@researchstudio.at"], "787": ["fabian.suda@researchstudio.at"], "788": ["kweinberger@researchstudio.at", "maximilian.stolze@researchstudio.at", "sudafabian@gmail.com", "fabian.suda@researchstudio.at", "florian.kleedorfer@austria.fm"], "789": ["fabian.suda@researchstudio.at"], "790": ["fabian.suda@researchstudio.at"], "791": ["fabian.suda@researchstudio.at"], "792": ["florian.kleedorfer@austria.fm", "maximilian.stolze@researchstudio.at"], "793": ["florian.kleedorfer@austria.fm", "fabian.suda@researchstudio.at", "kweinberger@researchstudio.at", "sudafabian@gmail.com"], "794": ["florian.kleedorfer@austria.fm", "fabian.suda@researchstudio.at", "maximilian.stolze@researchstudio.at"], "795": ["florian.kleedorfer@austria.fm", "fabian.suda@researchstudio.at"], "796": ["florian.kleedorfer@austria.fm"], "797": ["florian.kleedorfer@austria.fm"], "798": ["florian.kleedorfer@austria.fm", "fabian.suda@researchstudio.at"], "799": ["florian.kleedorfer@austria.fm", "fabian.suda@researchstudio.at"], "800": ["florian.kleedorfer@austria.fm", "fabian.suda@researchstudio.at", "sudafabian@gmail.com"], "801": ["florian.kleedorfer@austria.fm"], "802": ["fabian.suda@researchstudio.at"], "803": ["florian.kleedorfer@austria.fm", "kweinberger@researchstudio.at"], "804": ["florian.kleedorfer@austria.fm", "fabian.suda@researchstudio.at", "sudafabian@gmail.com"], "805": ["florian.kleedorfer@austria.fm", "fabian.suda@researchstudio.at", "kweinberger@researchstudio.at", "sudafabian@gmail.com"], "806": ["florian.kleedorfer@austria.fm"], "807": ["florian.kleedorfer@austria.fm"], "808": ["florian.kleedorfer@austria.fm"], "809": ["florian.kleedorfer@austria.fm"], "810": ["florian.kleedorfer@austria.fm", "gabriel.pickl@researchstudio.at"], "812": ["noreply@github.com", "fabian.suda@researchstudio.at", "gabriel.pickl@researchstudio.at", "florian.kleedorfer@austria.fm", "kristina.weinberger@researchstudio.at"], "813": ["gabriel.pickl@researchstudio.at"], "814": ["gabriel.pickl@researchstudio.at"], "815": ["florian.kleedorfer@austria.fm", "gabriel.pickl@researchstudio.at"], "816": ["gabriel.pickl@researchstudio.at", "kristina.weinberger@researchstudio.at"], "817": ["fabian.suda@researchstudio.at"], "818": ["fabian.suda@researchstudio.at", "florian.kleedorfer@austria.fm"], "819": ["kweinberger@researchstudio.at", "sudafabian@gmail.com", "gabriel.pickl@researchstudio.at", "florian.kleedorfer@austria.fm", "fabian.suda@researchstudio.at"], "820": ["fabian.suda@researchstudio.at"], "821": ["kweinberger@researchstudio.at", "sudafabian@gmail.com", "fabian.suda@researchstudio.at", "gabriel.pickl@researchstudio.at", "florian.kleedorfer@austria.fm", "kristina.weinberger@researchstudio.at"], "822": ["florian.kleedorfer@austria.fm", "fabian.suda@researchstudio.at", "kweinberger@researchstudio.at", "kristina.weinberger@researchstudio.at"], "823": ["kweinberger@researchstudio.at", "sudafabian@gmail.com", "fabian.suda@researchstudio.at", "florian.kleedorfer@austria.fm", "kristina.weinberger@researchstudio.at"], "824": ["florian.kleedorfer@austria.fm"], "825": ["florian.kleedorfer@austria.fm"], "826": ["florian.kleedorfer@austria.fm", "gabriel.pickl@researchstudio.at"], "827": ["florian.kleedorfer@austria.fm"], "828": ["florian.kleedorfer@austria.fm", "sudafabian@gmail.com"], "829": ["florian.kleedorfer@austria.fm", "sudafabian@gmail.com"], "830": ["florian.kleedorfer@austria.fm", "sudafabian@gmail.com"], "831": ["florian.kleedorfer@austria.fm", "kweinberger@researchstudio.at", "sudafabian@gmail.com"], "832": ["florian.kleedorfer@austria.fm", "kweinberger@researchstudio.at", "sudafabian@gmail.com"], "833": ["florian.kleedorfer@austria.fm", "sudafabian@gmail.com"], "834": ["maximilian.stolze@researchstudio.at", "sudafabian@gmail.com", "florian.kleedorfer@austria.fm"], "835": ["fabian.suda@researchstudio.at", "sudafabian@gmail.com", "florian.kleedorfer@austria.fm"], "836": ["fabian.suda@researchstudio.at", "kweinberger@researchstudio.at", "sudafabian@gmail.com", "florian.kleedorfer@austria.fm"], "837": ["florian.kleedorfer@austria.fm"], "838": ["gabriel.pickl@researchstudio.at"], "839": ["florian.kleedorfer@austria.fm", "gabriel.pickl@researchstudio.at"], "840": ["florian.kleedorfer@austria.fm", "gabriel.pickl@researchstudio.at", "sudafabian@gmail.com"], "841": ["florian.kleedorfer@austria.fm", "gabriel.pickl@researchstudio.at"], "842": ["florian.kleedorfer@austria.fm", "gabriel.pickl@researchstudio.at"], "843": ["florian.kleedorfer@austria.fm", "gabriel.pickl@researchstudio.at", "sudafabian@gmail.com"], "844": ["florian.kleedorfer@austria.fm"], "845": ["florian.kleedorfer@austria.fm", "fabian.suda@researchstudio.at"], "846": ["florian.kleedorfer@austria.fm"], "847": ["florian.kleedorfer@austria.fm"], "848": ["florian.kleedorfer@austria.fm", "kweinberger@researchstudio.at", "sudafabian@gmail.com"], "849": ["florian.kleedorfer@austria.fm"], "850": ["florian.kleedorfer@austria.fm"], "851": ["florian.kleedorfer@austria.fm", "kweinberger@researchstudio.at", "sudafabian@gmail.com"], "852": ["florian.kleedorfer@austria.fm", "sudafabian@gmail.com"], "853": ["fabian.suda@researchstudio.at"], "5": ["florian.kleedorfer@austria.fm", "kweinberger@researchstudio.at", "sudafabian@gmail.com"], "854": ["kweinberger@researchstudio.at", "sudafabian@gmail.com"], "855": ["sudafabian@gmail.com"], "856": ["florian.kleedorfer@austria.fm", "sudafabian@gmail.com"], "857": ["sudafabian@gmail.com"], "858": ["sudafabian@gmail.com"], "859": ["florian.kleedorfer@austria.fm", "gabriel.pickl@researchstudio.at", "sudafabian@gmail.com", "maximilian.stolze@researchstudio.at"], "860": ["sudafabian@gmail.com"], "861": ["sudafabian@gmail.com"], "862": ["gabriel.pickl@researchstudio.at"], "863": ["gabriel.pickl@researchstudio.at", "sudafabian@gmail.com"], "864": ["maximilian.stolze@researchstudio.at", "sudafabian@gmail.com", "florian.kleedorfer@austria.fm"], "865": ["maximilian.stolze@researchstudio.at", "kweinberger@researchstudio.at", "sudafabian@gmail.com", "florian.kleedorfer@austria.fm"], "866": ["maximilian.stolze@researchstudio.at", "kweinberger@researchstudio.at", "sudafabian@gmail.com", "florian.kleedorfer@austria.fm"], "867": ["florian.kleedorfer@austria.fm", "sudafabian@gmail.com"], "868": ["florian.kleedorfer@austria.fm"], "869": ["florian.kleedorfer@austria.fm"], "870": ["florian.kleedorfer@austria.fm", "kweinberger@researchstudio.at"], "871": ["florian.kleedorfer@austria.fm"], "872": ["florian.kleedorfer@austria.fm"], "873": ["florian.kleedorfer@austria.fm"], "874": ["florian.kleedorfer@austria.fm"], "875": ["florian.kleedorfer@austria.fm"], "876": ["florian.kleedorfer@austria.fm"], "877": ["florian.kleedorfer@austria.fm"], "878": ["florian.kleedorfer@austria.fm", "kweinberger@researchstudio.at"], "879": ["florian.kleedorfer@austria.fm"], "880": ["florian.kleedorfer@austria.fm"], "881": ["florian.kleedorfer@austria.fm", "kweinberger@researchstudio.at", "gabriel.pickl@researchstudio.at", "sudafabian@gmail.com"], "882": ["florian.kleedorfer@austria.fm"], "883": ["florian.kleedorfer@austria.fm"], "884": ["florian.kleedorfer@austria.fm"], "885": ["florian.kleedorfer@austria.fm"], "886": ["florian.kleedorfer@austria.fm"], "887": ["florian.kleedorfer@austria.fm", "sudafabian@gmail.com"], "888": ["florian.kleedorfer@austria.fm", "sudafabian@gmail.com", "github@sigpie.at"], "889": ["sudafabian@gmail.com"], "890": ["sudafabian@gmail.com"], "891": ["sudafabian@gmail.com"], "892": ["sudafabian@gmail.com"], "893": ["sudafabian@gmail.com"], "894": ["florian.kleedorfer@austria.fm", "sudafabian@gmail.com"], "895": ["florian.kleedorfer@austria.fm", "sudafabian@gmail.com"], "896": ["florian.kleedorfer@austria.fm", "sudafabian@gmail.com"], "897": ["florian.kleedorfer@austria.fm"], "898": ["florian.kleedorfer@austria.fm", "sudafabian@gmail.com"], "899": ["florian.kleedorfer@austria.fm"], "900": ["florian.kleedorfer@austria.fm"], "901": ["florian.kleedorfer@austria.fm"], "902": ["florian.kleedorfer@austria.fm", "sudafabian@gmail.com"], "903": ["florian.kleedorfer@austria.fm"], "904": ["florian.kleedorfer@austria.fm", "sudafabian@gmail.com"], "905": ["florian.kleedorfer@austria.fm", "sudafabian@gmail.com"], "906": ["florian.kleedorfer@austria.fm", "sudafabian@gmail.com"], "907": ["florian.kleedorfer@austria.fm", "sudafabian@gmail.com"], "908": ["florian.kleedorfer@austria.fm", "sudafabian@gmail.com"], "909": ["florian.kleedorfer@austria.fm", "sudafabian@gmail.com"], "910": ["florian.kleedorfer@austria.fm", "sudafabian@gmail.com"], "911": ["florian.kleedorfer@austria.fm", "sudafabian@gmail.com"], "912": ["florian.kleedorfer@austria.fm", "sudafabian@gmail.com"], "913": ["florian.kleedorfer@austria.fm", "sudafabian@gmail.com"], "914": ["florian.kleedorfer@austria.fm"], "915": ["florian.kleedorfer@austria.fm"], "916": ["florian.kleedorfer@austria.fm"], "917": ["florian.kleedorfer@austria.fm"], "918": ["florian.kleedorfer@austria.fm", "gabriel.pickl@researchstudio.at", "sudafabian@gmail.com"], "919": ["florian.kleedorfer@austria.fm", "sudafabian@gmail.com"], "920": ["florian.kleedorfer@austria.fm", "sudafabian@gmail.com"], "921": ["florian.kleedorfer@austria.fm", "sudafabian@gmail.com"], "922": ["florian.kleedorfer@austria.fm"], "923": ["florian.kleedorfer@austria.fm"], "924": ["florian.kleedorfer@austria.fm"], "925": ["florian.kleedorfer@austria.fm"], "926": ["florian.kleedorfer@austria.fm"], "927": ["gabriel.pickl@researchstudio.at", "sudafabian@gmail.com"], "7": ["gabriel.pickl@researchstudio.at", "sudafabian@gmail.com"], "928": ["gabriel.pickl@researchstudio.at"], "929": ["florian.kleedorfer@austria.fm", "sudafabian@gmail.com"], "930": ["florian.kleedorfer@austria.fm"], "931": ["florian.kleedorfer@austria.fm", "kweinberger@researchstudio.at", "noreply@github.com", "sudafabian@gmail.com"], "932": ["sudafabian@gmail.com"], "933": ["kweinberger@researchstudio.at", "sudafabian@gmail.com"], "934": ["florian.kleedorfer@austria.fm", "kweinberger@researchstudio.at", "sudafabian@gmail.com"], "935": ["florian.kleedorfer@austria.fm", "gabriel.pickl@researchstudio.at"], "936": ["florian.kleedorfer@austria.fm", "sudafabian@gmail.com"], "937": ["florian.kleedorfer@austria.fm", "sudafabian@gmail.com"], "938": ["sudafabian@gmail.com"], "939": ["sudafabian@gmail.com"], "940": ["sudafabian@gmail.com"], "941": ["sudafabian@gmail.com", "github@sigpie.at"], "942": ["sudafabian@gmail.com", "github@sigpie.at"], "943": ["sudafabian@gmail.com", "github@sigpie.at"], "944": ["sudafabian@gmail.com", "github@sigpie.at"], "945": ["sudafabian@gmail.com", "github@sigpie.at"], "946": ["sudafabian@gmail.com", "github@sigpie.at"], "947": ["florian.kleedorfer@austria.fm", "sudafabian@gmail.com"], "948": ["sudafabian@gmail.com"], "949": ["maximilian.stolze@researchstudio.at", "sudafabian@gmail.com"], "950": ["sudafabian@gmail.com"], "951": ["sudafabian@gmail.com"], "952": ["fabian.suda@researchstudio.at", "sudafabian@gmail.com"], "953": ["sudafabian@gmail.com"], "954": ["sudafabian@gmail.com"], "955": ["sudafabian@gmail.com"], "956": ["sudafabian@gmail.com"], "957": ["sudafabian@gmail.com"], "958": ["sudafabian@gmail.com"], "959": ["sudafabian@gmail.com"], "960": ["sudafabian@gmail.com"], "961": ["sudafabian@gmail.com"], "962": ["sudafabian@gmail.com"], "963": ["noreply@github.com", "sudafabian@gmail.com"], "964": ["sudafabian@gmail.com"], "965": ["florian.kleedorfer@austria.fm"], "966": ["sudafabian@gmail.com"], "967": ["florian.kleedorfer@austria.fm", "sudafabian@gmail.com"], "968": ["sudafabian@gmail.com"], "969": ["sudafabian@gmail.com"], "970": ["florian.kleedorfer@austria.fm", "sudafabian@gmail.com"], "971": ["florian.kleedorfer@austria.fm", "sudafabian@gmail.com"], "972": ["florian.kleedorfer@austria.fm", "sudafabian@gmail.com"], "973": ["florian.kleedorfer@austria.fm", "sudafabian@gmail.com"], "974": ["sudafabian@gmail.com"], "975": ["sudafabian@gmail.com"], "976": ["sudafabian@gmail.com"], "977": ["sudafabian@gmail.com"], "978": ["sudafabian@gmail.com"], "979": ["sudafabian@gmail.com"], "980": ["sudafabian@gmail.com"], "981": ["sudafabian@gmail.com"], "982": ["sudafabian@gmail.com"], "983": ["sudafabian@gmail.com"], "984": ["sudafabian@gmail.com"], "985": ["sudafabian@gmail.com"], "986": ["sudafabian@gmail.com"], "987": ["sudafabian@gmail.com"], "988": ["sudafabian@gmail.com"], "989": ["sudafabian@gmail.com"], "990": ["florian.kleedorfer@austria.fm", "sudafabian@gmail.com"], "991": ["florian.kleedorfer@austria.fm", "sudafabian@gmail.com"], "992": ["florian.kleedorfer@austria.fm", "sudafabian@gmail.com"], "993": ["sudafabian@gmail.com"], "994": ["sudafabian@gmail.com"], "995": ["sudafabian@gmail.com"], "996": ["sudafabian@gmail.com"], "997": ["sudafabian@gmail.com"], "998": ["florian.kleedorfer@austria.fm", "sudafabian@gmail.com"], "999": ["sudafabian@gmail.com"], "1000": ["sudafabian@gmail.com"], "1001": ["sudafabian@gmail.com"], "1002": ["sudafabian@gmail.com"], "1003": ["sudafabian@gmail.com"], "1004": ["sudafabian@gmail.com"], "1005": ["sudafabian@gmail.com"], "1006": ["sudafabian@gmail.com"], "1007": ["sudafabian@gmail.com"], "1008": ["sudafabian@gmail.com"], "1009": ["sudafabian@gmail.com"], "1010": ["sudafabian@gmail.com"], "1011": ["sudafabian@gmail.com"], "1012": ["sudafabian@gmail.com"], "1013": ["sudafabian@gmail.com"], "1014": ["sudafabian@gmail.com"], "1015": ["sudafabian@gmail.com"], "1016": ["florian.kleedorfer@austria.fm", "sudafabian@gmail.com"], "1017": ["sudafabian@gmail.com"], "1018": ["sudafabian@gmail.com"], "1019": ["sudafabian@gmail.com"], "1020": ["florian.kleedorfer@austria.fm", "sudafabian@gmail.com"], "1021": ["sudafabian@gmail.com"], "1022": ["sudafabian@gmail.com"], "1023": ["florian.kleedorfer@austria.fm", "sudafabian@gmail.com"], "1024": ["sudafabian@gmail.com"], "1025": ["sudafabian@gmail.com"], "1026": ["sudafabian@gmail.com"], "1027": ["sudafabian@gmail.com"], "1028": ["sudafabian@gmail.com"], "1029": ["sudafabian@gmail.com"], "1030": ["sudafabian@gmail.com"], "1031": ["sudafabian@gmail.com"], "1032": ["sudafabian@gmail.com"], "1033": ["sudafabian@gmail.com"], "1034": ["sudafabian@gmail.com"], "1035": ["sudafabian@gmail.com"], "1036": ["sudafabian@gmail.com"], "1037": ["sudafabian@gmail.com"], "1038": ["florian.kleedorfer@austria.fm", "sudafabian@gmail.com"], "1039": ["sudafabian@gmail.com"], "1040": ["sudafabian@gmail.com"], "1041": ["sudafabian@gmail.com"], "1042": ["sudafabian@gmail.com"], "1043": ["sudafabian@gmail.com"], "1044": ["sudafabian@gmail.com"], "1045": ["florian.kleedorfer@austria.fm", "sudafabian@gmail.com"], "1046": ["florian.kleedorfer@austria.fm", "sudafabian@gmail.com"], "1047": ["sudafabian@gmail.com"], "1048": ["florian.kleedorfer@austria.fm", "sudafabian@gmail.com"], "1049": ["sudafabian@gmail.com"], "1050": ["sudafabian@gmail.com"], "1051": ["sudafabian@gmail.com"], "1052": ["sudafabian@gmail.com"], "1053": ["sudafabian@gmail.com"], "1054": ["sudafabian@gmail.com"], "1055": ["florian.kleedorfer@austria.fm", "sudafabian@gmail.com"], "1056": ["florian.kleedorfer@austria.fm"], "1057": ["florian.kleedorfer@austria.fm"], "1058": ["florian.kleedorfer@austria.fm"], "1059": ["florian.kleedorfer@austria.fm"], "1060": ["florian.kleedorfer@austria.fm"], "1061": ["florian.kleedorfer@austria.fm"], "1062": ["florian.kleedorfer@austria.fm"], "1063": ["florian.kleedorfer@austria.fm"], "1064": ["florian.kleedorfer@austria.fm"], "1065": ["florian.kleedorfer@austria.fm"], "1066": ["florian.kleedorfer@austria.fm"], "1067": ["florian.kleedorfer@austria.fm"], "1068": ["florian.kleedorfer@austria.fm"], "1069": ["florian.kleedorfer@austria.fm"], "1070": ["florian.kleedorfer@austria.fm"], "1071": ["florian.kleedorfer@austria.fm"], "1072": ["florian.kleedorfer@austria.fm"], "1073": ["florian.kleedorfer@austria.fm"], "1074": ["florian.kleedorfer@austria.fm"], "1075": ["florian.kleedorfer@austria.fm"], "1076": ["florian.kleedorfer@austria.fm"], "1077": ["sudafabian@gmail.com"], "1078": ["sudafabian@gmail.com"]}