{"1": "Feedback", "2": "Users", "3": "Sysusers", "4": "Operatis", "5": "Roles", "6": "Styles", "7": "Afflatus", "8": "Merchants", "9": "Virtuals", "10": "Shopcar", "11": "Products", "12": "Areas", "13": "Banner", "14": "Brand", "15": "Replys", "16": "Comment", "17": "Report", "18": "Usercoupon", "19": "Coupon", "20": "Custom", "21": "Custominfo", "22": "Custompackages", "23": "Packageproducts", "24": "Packages", "25": "Designers", "26": "Works", "27": "Journal", "28": "Magazine", "29": "Image", "30": "Message", "31": "Producttype", "32": "Propertys", "33": "Spikes", "34": "Attentions", "35": "Vrcustom", "36": "Vrtype", "37": "Messageplus", "38": "Reserve", "39": "Gams", "40": "Rolemodules", "41": "Modules", "42": "Orders", "43": "RecordCount", "44": "Label", "45": "Ordersinfo", "46": "City", "47": "Privateletter", "48": "Usersother", "49": "Notices", "50": "Collect", "51": "Propertyinfo", "52": "Province", "53": "Singlepage", "54": "Address", "55": "Versions", "56": "HotWords", "57": "MallPic"}