{"Feedback": 1, "Users": 2, "Sysusers": 3, "Operatis": 4, "Roles": 5, "Styles": 6, "Afflatus": 7, "Merchants": 8, "Virtuals": 9, "Shopcar": 10, "Products": 11, "Areas": 12, "Banner": 13, "Brand": 14, "Replys": 15, "Comment": 16, "Report": 17, "Usercoupon": 18, "Coupon": 19, "Custom": 20, "Custominfo": 21, "Custompackages": 22, "Packageproducts": 23, "Packages": 24, "Designers": 25, "Works": 26, "Journal": 27, "Magazine": 28, "Image": 29, "Message": 30, "Producttype": 31, "Propertys": 32, "Spikes": 33, "Attentions": 34, "Vrcustom": 35, "Vrtype": 36, "Messageplus": 37, "Reserve": 38, "Gams": 39, "Rolemodules": 40, "Modules": 41, "Orders": 42, "RecordCount": 43, "Label": 44, "Ordersinfo": 45, "City": 46, "Privateletter": 47, "Usersother": 48, "Notices": 49, "Collect": 50, "Propertyinfo": 51, "Province": 52, "Singlepage": 53, "Address": 54, "Versions": 55, "HotWords": 56, "MallPic": 57}