{"19": ["h.fontbonne@treeptik.fr", "wbartlett@treeptik.fr", "zepouet@gmail.com", "n.muller@treeptik.fr"], "20": ["g.martial@treeptik.fr", "zepouet@gmail.com", "n.muller@treeptik.fr"], "21": ["g.martial@treeptik.fr", "romain.lelievre93@gmail.com", "n.muller@treeptik.fr"], "22": ["n.muller@treeptik.fr", "m.kommer@treeptik.fr", "g.martial@treeptik.fr", "zepouet@gmail.com", "wbartlett@treeptik.fr", "guillaume.borg@etu.unice.fr"], "23": ["n.muller@treeptik.fr", "h.fontbonne@treeptik.fr", "g.martial@treeptik.fr", "m.grillet@treeptik.fr", "zepouet@gmail.com", "wbartlett@treeptik.fr"], "24": ["n.muller@treeptik.fr"], "25": ["h.fontbonne@treeptik.fr", "zepouet@gmail.com", "n.muller@treeptik.fr"], "26": ["h.fontbonne@treeptik.fr", "n.muller@treeptik.fr"], "27": ["n.muller@treeptik.fr"], "28": ["n.muller@treeptik.fr", "h.fontbonne@treeptik.fr", "g.martial@treeptik.fr", "zepouet@gmail.com", "wbartlett@treeptik.fr"], "29": ["n.muller@treeptik.fr"], "30": ["g.martial@treeptik.fr", "zepouet@gmail.com", "n.muller@treeptik.fr"], "31": ["zepouet@gmail.com", "n.muller@treeptik.fr"], "32": ["n.muller@treeptik.fr"], "33": ["g.martial@treeptik.fr", "n.muller@treeptik.fr"], "34": ["g.martial@treeptik.fr", "zepouet@gmail.com", "n.muller@treeptik.fr"], "35": ["g.martial@treeptik.fr", "n.muller@treeptik.fr"], "36": ["g.martial@treeptik.fr", "n.muller@treeptik.fr"], "37": ["n.muller@treeptik.fr", "h.fontbonne@treeptik.fr", "g.martial@treeptik.fr", "m.kommer@treeptik.fr", "guillaume.unice@gmail.com", "zepouet@gmail.com"], "38": ["g.martial@treeptik.fr", "n.muller@treeptik.fr"], "39": ["g.martial@treeptik.fr", "n.muller@treeptik.fr"], "40": ["g.martial@treeptik.fr", "n.muller@treeptik.fr"], "41": ["g.martial@treeptik.fr", "n.muller@treeptik.fr"], "42": ["g.martial@treeptik.fr", "n.muller@treeptik.fr"], "43": ["g.martial@treeptik.fr", "zepouet@gmail.com", "n.muller@treeptik.fr"], "44": ["n.muller@treeptik.fr"], "45": ["zepouet@gmail.com", "n.muller@treeptik.fr"], "46": ["zepouet@gmail.com", "n.muller@treeptik.fr"], "47": ["zepouet@gmail.com", "n.muller@treeptik.fr"], "48": ["zepouet@gmail.com", "n.muller@treeptik.fr"], "49": ["zepouet@gmail.com", "n.muller@treeptik.fr"], "50": ["zepouet@gmail.com", "n.muller@treeptik.fr"], "51": ["n.muller@treeptik.fr", "h.fontbonne@treeptik.fr", "g.martial@treeptik.fr", "m.kommer@treeptik.fr", "t.krief@treeptik.fr", "zepouet@gmail.com", "wbartlett@treeptik.fr"], "4": ["romain.lelievre93@gmail.com", "n.muller@treeptik.fr", "h.fontbonne@treeptik.fr", "g.martial@treeptik.fr", "m.kommer@treeptik.fr", "zepouet@gmail.com", "wbartlett@treeptik.fr"], "11": ["g.martial@treeptik.fr", "wbartlett@treeptik.fr", "zepouet@gmail.com", "n.muller@treeptik.fr"], "8": ["g.martial@treeptik.fr", "zepouet@gmail.com", "n.muller@treeptik.fr"], "10": ["zepouet@gmail.com"], "13": ["h.fontbonne@treeptik.fr", "g.martial@treeptik.fr", "zepouet@gmail.com", "n.muller@treeptik.fr"], "6": ["g.martial@treeptik.fr", "wbartlett@treeptik.fr", "zepouet@gmail.com", "n.muller@treeptik.fr"], "52": ["g.martial@treeptik.fr", "n.muller@treeptik.fr"], "53": ["g.martial@treeptik.fr", "zepouet@gmail.com", "n.muller@treeptik.fr"], "14": ["g.martial@treeptik.fr", "guillaume.unice@gmail.com", "n.muller@treeptik.fr"], "17": ["g.martial@treeptik.fr", "m.grillet@treeptik.fr", "n.muller@treeptik.fr"], "5": ["g.martial@treeptik.fr", "wbartlett@treeptik.fr", "zepouet@gmail.com", "n.muller@treeptik.fr"], "54": ["romain.lelievre93@gmail.com", "n.muller@treeptik.fr", "m.kommer@treeptik.fr", "g.martial@treeptik.fr", "zepouet@gmail.com"], "55": ["g.martial@treeptik.fr", "n.muller@treeptik.fr"], "56": ["g.martial@treeptik.fr", "zepouet@gmail.com", "n.muller@treeptik.fr"], "3": ["zepouet@gmail.com"], "57": ["n.muller@treeptik.fr", "m.kommer@treeptik.fr", "g.martial@treeptik.fr", "guillaume.unice@gmail.com", "zepouet@gmail.com"], "58": ["zepouet@gmail.com", "n.muller@treeptik.fr"], "59": ["g.martial@treeptik.fr", "zepouet@gmail.com", "guillaume.unice@gmail.com", "n.muller@treeptik.fr"], "60": ["romain.lelievre93@gmail.com", "n.muller@treeptik.fr", "g.martial@treeptik.fr", "zepouet@gmail.com", "wbartlett@treeptik.fr"], "61": ["h.fontbonne@treeptik.fr", "zepouet@gmail.com", "n.muller@treeptik.fr"], "62": ["g.martial@treeptik.fr", "zepouet@gmail.com", "n.muller@treeptik.fr"], "63": ["romain.lelievre93@gmail.com", "n.muller@treeptik.fr"], "64": ["g.martial@treeptik.fr", "wbartlett@treeptik.fr", "zepouet@gmail.com", "n.muller@treeptik.fr"], "65": ["g.martial@treeptik.fr", "zepouet@gmail.com", "n.muller@treeptik.fr"], "66": ["g.martial@treeptik.fr", "zepouet@gmail.com", "guillaume.unice@gmail.com", "n.muller@treeptik.fr"], "67": ["wbartlett@treeptik.fr", "zepouet@gmail.com", "m.grillet@treeptik.fr", "n.muller@treeptik.fr"], "68": ["romain.lelievre93@gmail.com", "n.muller@treeptik.fr", "h.fontbonne@treeptik.fr", "g.martial@treeptik.fr", "m.kommer@treeptik.fr", "guillaume.unice@gmail.com", "m.grillet@treeptik.fr", "zepouet@gmail.com", "wbartlett@treeptik.fr"], "69": ["zepouet@gmail.com", "n.muller@treeptik.fr"], "70": ["romain.lelievre93@gmail.com", "n.muller@treeptik.fr", "g.martial@treeptik.fr", "zepouet@gmail.com", "wbartlett@treeptik.fr"], "71": ["h.fontbonne@treeptik.fr", "zepouet@gmail.com", "n.muller@treeptik.fr"], "72": ["h.fontbonne@treeptik.fr", "zepouet@gmail.com", "romain.lelievre93@gmail.com", "n.muller@treeptik.fr"], "73": ["n.muller@treeptik.fr", "h.fontbonne@treeptik.fr", "g.martial@treeptik.fr", "zepouet@gmail.com", "wbartlett@treeptik.fr"], "74": ["g.martial@treeptik.fr", "zepouet@gmail.com", "n.muller@treeptik.fr"], "75": ["n.muller@treeptik.fr", "h.fontbonne@treeptik.fr", "g.martial@treeptik.fr", "guillaume.unice@gmail.com", "zepouet@gmail.com", "wbartlett@treeptik.fr"], "76": ["n.muller@treeptik.fr", "t.krief@treeptik.fr", "g.martial@treeptik.fr", "m.grillet@treeptik.fr", "zepouet@gmail.com", "wbartlett@treeptik.fr"], "77": ["h.fontbonne@treeptik.fr", "zepouet@gmail.com", "n.muller@treeptik.fr"], "78": ["h.fontbonne@treeptik.fr", "g.martial@treeptik.fr", "n.muller@treeptik.fr"], "284": ["g.martial@treeptik.fr", "wbartlett@treeptik.fr"], "80": ["g.martial@treeptik.fr", "wbartlett@treeptik.fr", "zepouet@gmail.com", "n.muller@treeptik.fr"], "81": ["g.martial@treeptik.fr", "wbartlett@treeptik.fr", "zepouet@gmail.com", "n.muller@treeptik.fr"], "82": ["g.martial@treeptik.fr", "zepouet@gmail.com", "n.muller@treeptik.fr"], "83": ["g.martial@treeptik.fr", "n.muller@treeptik.fr"], "84": ["zepouet@gmail.com", "romain.lelievre93@gmail.com", "n.muller@treeptik.fr"], "290": ["g.martial@treeptik.fr", "wbartlett@treeptik.fr", "zepouet@gmail.com"], "278": ["g.martial@treeptik.fr", "wbartlett@treeptik.fr", "zepouet@gmail.com"], "87": ["n.muller@treeptik.fr"], "88": ["zepouet@gmail.com", "romain.lelievre93@gmail.com", "n.muller@treeptik.fr"], "89": ["g.martial@treeptik.fr", "n.muller@treeptik.fr"], "90": ["h.fontbonne@treeptik.fr", "n.muller@treeptik.fr"], "205": ["g.martial@treeptik.fr"], "92": ["g.martial@treeptik.fr", "n.muller@treeptik.fr"], "93": ["g.martial@treeptik.fr", "zepouet@gmail.com", "n.muller@treeptik.fr"], "94": ["g.martial@treeptik.fr", "n.muller@treeptik.fr"], "95": ["g.martial@treeptik.fr", "n.muller@treeptik.fr"], "96": ["g.martial@treeptik.fr", "n.muller@treeptik.fr"], "97": ["g.martial@treeptik.fr", "n.muller@treeptik.fr"], "98": ["g.martial@treeptik.fr", "zepouet@gmail.com", "n.muller@treeptik.fr"], "99": ["g.martial@treeptik.fr", "zepouet@gmail.com", "n.muller@treeptik.fr"], "100": ["g.martial@treeptik.fr", "zepouet@gmail.com", "n.muller@treeptik.fr"], "101": ["g.martial@treeptik.fr", "zepouet@gmail.com", "n.muller@treeptik.fr"], "102": ["h.fontbonne@treeptik.fr", "g.martial@treeptik.fr", "zepouet@gmail.com", "n.muller@treeptik.fr"], "103": ["romain.lelievre93@gmail.com", "n.muller@treeptik.fr", "h.fontbonne@treeptik.fr", "g.martial@treeptik.fr", "luccioni.jbaptiste@gmail.com", "zepouet@gmail.com", "wbartlett@treeptik.fr"], "104": ["g.martial@treeptik.fr", "wbartlett@treeptik.fr", "zepouet@gmail.com", "n.muller@treeptik.fr"], "105": ["g.martial@treeptik.fr", "zepouet@gmail.com", "n.muller@treeptik.fr"], "106": ["g.martial@treeptik.fr", "zepouet@gmail.com", "n.muller@treeptik.fr"], "107": ["g.martial@treeptik.fr", "wbartlett@treeptik.fr", "zepouet@gmail.com", "n.muller@treeptik.fr"], "108": ["g.martial@treeptik.fr", "zepouet@gmail.com", "n.muller@treeptik.fr"], "109": ["g.martial@treeptik.fr", "zepouet@gmail.com", "n.muller@treeptik.fr"], "110": ["g.martial@treeptik.fr", "wbartlett@treeptik.fr", "zepouet@gmail.com", "n.muller@treeptik.fr"], "111": ["g.martial@treeptik.fr", "zepouet@gmail.com", "n.muller@treeptik.fr"], "112": ["g.martial@treeptik.fr", "zepouet@gmail.com", "n.muller@treeptik.fr"], "113": ["g.martial@treeptik.fr", "wbartlett@treeptik.fr", "zepouet@gmail.com", "n.muller@treeptik.fr"], "114": ["g.martial@treeptik.fr", "zepouet@gmail.com", "n.muller@treeptik.fr"], "115": ["zepouet@gmail.com", "romain.lelievre93@gmail.com", "n.muller@treeptik.fr"], "116": ["romain.lelievre93@gmail.com", "n.muller@treeptik.fr", "h.fontbonne@treeptik.fr", "g.martial@treeptik.fr", "zepouet@gmail.com"], "117": ["zepouet@gmail.com", "n.muller@treeptik.fr"], "118": ["zepouet@gmail.com", "n.muller@treeptik.fr"], "119": ["zepouet@gmail.com", "n.muller@treeptik.fr"], "120": ["h.fontbonne@treeptik.fr", "g.martial@treeptik.fr", "zepouet@gmail.com", "n.muller@treeptik.fr"], "121": ["h.fontbonne@treeptik.fr", "zepouet@gmail.com", "n.muller@treeptik.fr"], "122": ["zepouet@gmail.com", "n.muller@treeptik.fr"], "123": ["zepouet@gmail.com", "n.muller@treeptik.fr"], "124": ["zepouet@gmail.com", "n.muller@treeptik.fr"], "242": ["g.martial@treeptik.fr", "zepouet@gmail.com"], "126": ["h.fontbonne@treeptik.fr", "g.martial@treeptik.fr", "zepouet@gmail.com", "n.muller@treeptik.fr"], "127": ["g.martial@treeptik.fr", "zepouet@gmail.com", "guillaume.unice@gmail.com"], "128": ["g.martial@treeptik.fr"], "129": ["n.muller@treeptik.fr"], "130": ["g.martial@treeptik.fr", "wbartlett@treeptik.fr", "zepouet@gmail.com", "n.muller@treeptik.fr"], "131": ["romain.lelievre93@gmail.com", "n.muller@treeptik.fr", "h.fontbonne@treeptik.fr", "g.martial@treeptik.fr", "t.krief@treeptik.fr", "guillaume.unice@gmail.com", "zepouet@gmail.com", "wbartlett@treeptik.fr"], "132": ["h.fontbonne@treeptik.fr", "g.martial@treeptik.fr", "zepouet@gmail.com", "n.muller@treeptik.fr"], "133": ["g.martial@treeptik.fr"], "134": ["g.martial@treeptik.fr", "zepouet@gmail.com"], "135": ["g.martial@treeptik.fr"], "136": ["zepouet@gmail.com"], "137": ["g.martial@treeptik.fr", "zepouet@gmail.com"], "138": ["h.fontbonne@treeptik.fr", "g.martial@treeptik.fr", "wbartlett@treeptik.fr", "zepouet@gmail.com"], "139": ["m.kommer@treeptik.fr"], "140": ["m.kommer@treeptik.fr"], "141": ["htomaka@treeptik.fr", "g.martial@treeptik.fr", "m.grillet@treeptik.fr", "zepouet@gmail.com", "wbartlett@treeptik.fr"], "142": ["g.martial@treeptik.fr", "zepouet@gmail.com"], "143": ["zepouet@gmail.com"], "144": ["g.martial@treeptik.fr", "zepouet@gmail.com"], "145": ["g.martial@treeptik.fr", "zepouet@gmail.com"], "146": ["g.martial@treeptik.fr", "zepouet@gmail.com"], "147": ["zepouet@gmail.com"], "148": ["g.martial@treeptik.fr", "zepouet@gmail.com"], "149": ["g.martial@treeptik.fr", "zepouet@gmail.com"], "150": ["g.martial@treeptik.fr", "wbartlett@treeptik.fr", "zepouet@gmail.com", "t.krief@treeptik.fr"], "151": ["zepouet@gmail.com"], "152": ["g.martial@treeptik.fr", "zepouet@gmail.com"], "153": ["zepouet@gmail.com"], "154": ["zepouet@gmail.com", "romain.lelievre93@gmail.com"], "155": ["g.martial@treeptik.fr", "zepouet@gmail.com", "romain.lelievre93@gmail.com"], "156": ["g.martial@treeptik.fr", "wbartlett@treeptik.fr", "zepouet@gmail.com", "luccioni.jbaptiste@gmail.com"], "157": ["g.martial@treeptik.fr", "zepouet@gmail.com"], "158": ["g.martial@treeptik.fr", "zepouet@gmail.com"], "159": ["g.martial@treeptik.fr", "zepouet@gmail.com"], "160": ["g.martial@treeptik.fr", "zepouet@gmail.com"], "161": ["g.martial@treeptik.fr", "zepouet@gmail.com"], "162": ["g.martial@treeptik.fr", "zepouet@gmail.com"], "163": ["g.martial@treeptik.fr", "zepouet@gmail.com"], "164": ["g.martial@treeptik.fr", "zepouet@gmail.com"], "165": ["zepouet@gmail.com"], "166": ["g.martial@treeptik.fr", "romain.lelievre93@gmail.com"], "167": ["zepouet@gmail.com", "romain.lelievre93@gmail.com"], "168": ["zepouet@gmail.com"], "169": ["romain.lelievre93@gmail.com", "t.krief@treeptik.fr", "g.martial@treeptik.fr", "nausicaa", "guillaume.unice@gmail.com", "zepouet@gmail.com"], "170": ["g.martial@treeptik.fr", "zepouet@gmail.com"], "171": ["zepouet@gmail.com"], "172": ["g.martial@treeptik.fr", "zepouet@gmail.com"], "173": ["g.martial@treeptik.fr"], "174": ["g.martial@treeptik.fr", "zepouet@gmail.com"], "175": ["g.martial@treeptik.fr", "wbartlett@treeptik.fr", "zepouet@gmail.com"], "176": ["g.martial@treeptik.fr", "wbartlett@treeptik.fr", "zepouet@gmail.com"], "177": ["g.martial@treeptik.fr", "wbartlett@treeptik.fr", "zepouet@gmail.com"], "178": ["g.martial@treeptik.fr", "wbartlett@treeptik.fr", "zepouet@gmail.com"], "179": ["g.martial@treeptik.fr", "wbartlett@treeptik.fr", "zepouet@gmail.com"], "180": ["g.martial@treeptik.fr", "wbartlett@treeptik.fr", "zepouet@gmail.com"], "181": ["g.martial@treeptik.fr", "wbartlett@treeptik.fr", "zepouet@gmail.com"], "182": ["g.martial@treeptik.fr", "wbartlett@treeptik.fr", "zepouet@gmail.com"], "183": ["zepouet@gmail.com"], "184": ["g.martial@treeptik.fr", "zepouet@gmail.com"], "185": ["g.martial@treeptik.fr", "s.musso@treeptik.fr", "guillaume.unice@gmail.com", "michael.gileta@gmail.com", "zepouet@gmail.com", "wbartlett@treeptik.fr"], "186": ["g.martial@treeptik.fr", "zepouet@gmail.com"], "187": ["zepouet@gmail.com"], "188": ["g.martial@treeptik.fr", "wbartlett@treeptik.fr", "zepouet@gmail.com"], "189": ["zepouet@gmail.com"], "190": ["g.martial@treeptik.fr"], "191": ["zepouet@gmail.com"], "192": ["zepouet@gmail.com"], "193": ["zepouet@gmail.com"], "194": ["zepouet@gmail.com"], "195": ["g.martial@treeptik.fr", "zepouet@gmail.com", "guillaume.unice@gmail.com", "romain.lelievre93@gmail.com"], "18": ["g.martial@treeptik.fr", "zepouet@gmail.com", "romain.lelievre93@gmail.com"], "196": ["g.martial@treeptik.fr", "zepouet@gmail.com"], "197": ["g.martial@treeptik.fr", "zepouet@gmail.com"], "198": ["g.martial@treeptik.fr", "zepouet@gmail.com", "guillaume.unice@gmail.com"], "199": ["g.martial@treeptik.fr", "guillaume.unice@gmail.com", "romain.lelievre93@gmail.com"], "200": ["g.martial@treeptik.fr", "zepouet@gmail.com"], "16": ["g.martial@treeptik.fr", "zepouet@gmail.com"], "201": ["g.martial@treeptik.fr"], "202": ["g.martial@treeptik.fr"], "203": ["zepouet@gmail.com"], "204": ["g.martial@treeptik.fr"], "206": ["g.martial@treeptik.fr"], "207": ["g.martial@treeptik.fr"], "208": ["g.martial@treeptik.fr"], "277": ["g.martial@treeptik.fr", "wbartlett@treeptik.fr", "romain.lelievre93@gmail.com"], "210": ["g.martial@treeptik.fr"], "212": ["g.martial@treeptik.fr"], "213": ["zepouet@gmail.com", "romain.lelievre93@gmail.com"], "214": ["g.martial@treeptik.fr", "zepouet@gmail.com", "romain.lelievre93@gmail.com"], "215": ["zepouet@gmail.com", "romain.lelievre93@gmail.com"], "216": ["romain.lelievre93@gmail.com"], "217": ["zepouet@gmail.com"], "218": ["zepouet@gmail.com"], "219": ["zepouet@gmail.com"], "220": ["zepouet@gmail.com"], "221": ["g.martial@treeptik.fr", "zepouet@gmail.com"], "222": ["zepouet@gmail.com"], "223": ["g.martial@treeptik.fr", "zepouet@gmail.com"], "224": ["g.martial@treeptik.fr", "zepouet@gmail.com"], "225": ["g.martial@treeptik.fr", "zepouet@gmail.com"], "226": ["zepouet@gmail.com"], "227": ["zepouet@gmail.com"], "228": ["zepouet@gmail.com"], "229": ["zepouet@gmail.com"], "230": ["g.martial@treeptik.fr", "zepouet@gmail.com"], "231": ["zepouet@gmail.com"], "232": ["zepouet@gmail.com"], "233": ["g.martial@treeptik.fr", "wbartlett@treeptik.fr", "zepouet@gmail.com"], "234": ["zepouet@gmail.com"], "235": ["zepouet@gmail.com"], "236": ["zepouet@gmail.com"], "237": ["zepouet@gmail.com"], "238": ["zepouet@gmail.com"], "239": ["zepouet@gmail.com"], "240": ["g.martial@treeptik.fr", "zepouet@gmail.com", "michael.gileta@gmail.com"], "241": ["g.martial@treeptik.fr", "zepouet@gmail.com"], "243": ["g.martial@treeptik.fr", "zepouet@gmail.com"], "244": ["g.martial@treeptik.fr", "zepouet@gmail.com"], "245": ["g.martial@treeptik.fr", "zepouet@gmail.com"], "246": ["g.martial@treeptik.fr", "zepouet@gmail.com"], "247": ["g.martial@treeptik.fr", "zepouet@gmail.com"], "248": ["g.martial@treeptik.fr", "zepouet@gmail.com"], "249": ["g.martial@treeptik.fr", "zepouet@gmail.com"], "250": ["g.martial@treeptik.fr", "zepouet@gmail.com"], "251": ["g.martial@treeptik.fr", "zepouet@gmail.com"], "252": ["g.martial@treeptik.fr", "zepouet@gmail.com"], "253": ["g.martial@treeptik.fr", "zepouet@gmail.com"], "254": ["g.martial@treeptik.fr", "zepouet@gmail.com"], "9": ["g.martial@treeptik.fr", "romain.lelievre93@gmail.com"], "255": ["g.martial@treeptik.fr", "zepouet@gmail.com", "romain.lelievre93@gmail.com"], "256": ["g.martial@treeptik.fr", "romain.lelievre93@gmail.com"], "257": ["g.martial@treeptik.fr", "romain.lelievre93@gmail.com"], "258": ["g.martial@treeptik.fr", "zepouet@gmail.com", "romain.lelievre93@gmail.com"], "259": ["zepouet@gmail.com"], "260": ["g.martial@treeptik.fr"], "1": ["g.martial@treeptik.fr", "zepouet@gmail.com"], "261": ["romain.lelievre93@gmail.com", "g.martial@treeptik.fr", "guillaume.unice@gmail.com", "luccioni.jbaptiste@gmail.com", "zepouet@gmail.com"], "262": ["g.martial@treeptik.fr", "romain.lelievre93@gmail.com"], "330": ["g.martial@treeptik.fr", "wbartlett@treeptik.fr", "zepouet@gmail.com", "romain.lelievre93@gmail.com"], "264": ["romain.lelievre93@gmail.com", "g.martial@treeptik.fr", "guillaume.unice@gmail.com", "nausicaa", "zepouet@gmail.com"], "265": ["g.martial@treeptik.fr"], "266": ["g.martial@treeptik.fr", "zepouet@gmail.com"], "267": ["g.martial@treeptik.fr"], "268": ["g.martial@treeptik.fr", "wbartlett@treeptik.fr", "zepouet@gmail.com", "romain.lelievre93@gmail.com"], "269": ["g.martial@treeptik.fr", "wbartlett@treeptik.fr", "zepouet@gmail.com"], "270": ["g.martial@treeptik.fr", "wbartlett@treeptik.fr", "zepouet@gmail.com"], "271": ["g.martial@treeptik.fr", "wbartlett@treeptik.fr", "zepouet@gmail.com"], "272": ["g.martial@treeptik.fr", "wbartlett@treeptik.fr"], "273": ["g.martial@treeptik.fr"], "274": ["g.martial@treeptik.fr"], "275": ["g.martial@treeptik.fr"], "276": ["g.martial@treeptik.fr"], "279": ["g.martial@treeptik.fr", "wbartlett@treeptik.fr"], "280": ["g.martial@treeptik.fr"], "281": ["g.martial@treeptik.fr", "wbartlett@treeptik.fr"], "282": ["g.martial@treeptik.fr", "wbartlett@treeptik.fr", "zepouet@gmail.com", "romain.lelievre93@gmail.com"], "283": ["g.martial@treeptik.fr", "wbartlett@treeptik.fr"], "285": ["g.martial@treeptik.fr"], "286": ["g.martial@treeptik.fr"], "287": ["g.martial@treeptik.fr", "wbartlett@treeptik.fr", "zepouet@gmail.com"], "288": ["g.martial@treeptik.fr"], "289": ["g.martial@treeptik.fr", "wbartlett@treeptik.fr", "zepouet@gmail.com", "romain.lelievre93@gmail.com"], "291": ["g.martial@treeptik.fr", "wbartlett@treeptik.fr", "zepouet@gmail.com", "romain.lelievre93@gmail.com"], "292": ["g.martial@treeptik.fr"], "293": ["g.martial@treeptik.fr", "wbartlett@treeptik.fr"], "294": ["g.martial@treeptik.fr", "wbartlett@treeptik.fr", "zepouet@gmail.com"], "295": ["g.martial@treeptik.fr", "wbartlett@treeptik.fr"], "296": ["g.martial@treeptik.fr", "wbartlett@treeptik.fr"], "297": ["g.martial@treeptik.fr", "wbartlett@treeptik.fr"], "298": ["g.martial@treeptik.fr", "wbartlett@treeptik.fr"], "299": ["g.martial@treeptik.fr", "wbartlett@treeptik.fr", "zepouet@gmail.com", "romain.lelievre93@gmail.com"], "300": ["g.martial@treeptik.fr", "wbartlett@treeptik.fr"], "301": ["g.martial@treeptik.fr", "wbartlett@treeptik.fr"], "302": ["g.martial@treeptik.fr", "wbartlett@treeptik.fr"], "303": ["g.martial@treeptik.fr", "wbartlett@treeptik.fr"], "304": ["g.martial@treeptik.fr", "wbartlett@treeptik.fr"], "305": ["g.martial@treeptik.fr", "wbartlett@treeptik.fr"], "306": ["g.martial@treeptik.fr", "wbartlett@treeptik.fr"], "307": ["g.martial@treeptik.fr", "wbartlett@treeptik.fr", "zepouet@gmail.com"], "308": ["g.martial@treeptik.fr", "wbartlett@treeptik.fr"], "309": ["g.martial@treeptik.fr", "wbartlett@treeptik.fr"], "310": ["g.martial@treeptik.fr", "wbartlett@treeptik.fr"], "311": ["g.martial@treeptik.fr", "wbartlett@treeptik.fr"], "312": ["g.martial@treeptik.fr", "wbartlett@treeptik.fr", "zepouet@gmail.com", "romain.lelievre93@gmail.com"], "313": ["g.martial@treeptik.fr", "wbartlett@treeptik.fr"], "314": ["g.martial@treeptik.fr", "wbartlett@treeptik.fr"], "315": ["g.martial@treeptik.fr", "wbartlett@treeptik.fr"], "316": ["g.martial@treeptik.fr", "wbartlett@treeptik.fr"], "317": ["g.martial@treeptik.fr", "wbartlett@treeptik.fr"], "318": ["g.martial@treeptik.fr", "wbartlett@treeptik.fr"], "319": ["g.martial@treeptik.fr", "wbartlett@treeptik.fr"], "320": ["g.martial@treeptik.fr", "wbartlett@treeptik.fr"], "321": ["g.martial@treeptik.fr", "wbartlett@treeptik.fr"], "322": ["g.martial@treeptik.fr", "zepouet@gmail.com", "romain.lelievre93@gmail.com"], "323": ["zepouet@gmail.com", "romain.lelievre93@gmail.com"], "324": ["g.martial@treeptik.fr", "zepouet@gmail.com", "romain.lelievre93@gmail.com"], "325": ["g.martial@treeptik.fr", "zepouet@gmail.com", "romain.lelievre93@gmail.com"], "2": ["g.martial@treeptik.fr", "guillaume.unice@gmail.com"], "326": ["g.martial@treeptik.fr"], "327": ["g.martial@treeptik.fr", "zepouet@gmail.com"], "328": ["g.martial@treeptik.fr", "guillaume.unice@gmail.com"], "329": ["g.martial@treeptik.fr", "wbartlett@treeptik.fr", "zepouet@gmail.com", "romain.lelievre93@gmail.com"], "331": ["wbartlett@treeptik.fr", "romain.lelievre93@gmail.com"], "332": ["wbartlett@treeptik.fr", "romain.lelievre93@gmail.com"], "333": ["wbartlett@treeptik.fr", "romain.lelievre93@gmail.com"], "334": ["wbartlett@treeptik.fr", "romain.lelievre93@gmail.com"], "335": ["g.martial@treeptik.fr"], "336": ["g.martial@treeptik.fr"], "337": ["g.martial@treeptik.fr", "zepouet@gmail.com"], "338": ["wbartlett@treeptik.fr", "zepouet@gmail.com", "romain.lelievre93@gmail.com"], "339": ["g.martial@treeptik.fr", "wbartlett@treeptik.fr", "romain.lelievre93@gmail.com"], "340": ["g.martial@treeptik.fr"], "341": ["zepouet@gmail.com"], "342": ["zepouet@gmail.com"], "343": ["zepouet@gmail.com"], "344": ["g.martial@treeptik.fr", "wbartlett@treeptik.fr", "luccioni.jbaptiste@gmail.com"], "345": ["wbartlett@treeptik.fr", "zepouet@gmail.com"], "346": ["zepouet@gmail.com"], "347": ["g.martial@treeptik.fr"], "348": ["g.martial@treeptik.fr"], "349": ["wbartlett@treeptik.fr", "romain.lelievre93@gmail.com"], "350": ["wbartlett@treeptik.fr", "zepouet@gmail.com"], "351": ["wbartlett@treeptik.fr", "zepouet@gmail.com"], "352": ["wbartlett@treeptik.fr", "zepouet@gmail.com"], "353": ["wbartlett@treeptik.fr", "zepouet@gmail.com"], "354": ["zepouet@gmail.com"], "355": ["zepouet@gmail.com"], "356": ["wbartlett@treeptik.fr", "zepouet@gmail.com"], "357": ["wbartlett@treeptik.fr", "zepouet@gmail.com"], "358": ["wbartlett@treeptik.fr", "zepouet@gmail.com"], "359": ["zepouet@gmail.com", "guillaume.unice@gmail.com"], "360": ["g.martial@treeptik.fr", "zepouet@gmail.com"], "361": ["g.martial@treeptik.fr", "zepouet@gmail.com"], "7": ["g.martial@treeptik.fr", "zepouet@gmail.com"], "362": ["g.martial@treeptik.fr"], "363": ["zepouet@gmail.com", "t.krief@treeptik.fr"], "364": ["zepouet@gmail.com"], "365": ["wbartlett@treeptik.fr", "zepouet@gmail.com"], "366": ["wbartlett@treeptik.fr"], "367": ["wbartlett@treeptik.fr"], "368": ["wbartlett@treeptik.fr"], "369": ["wbartlett@treeptik.fr"], "370": ["wbartlett@treeptik.fr"], "371": ["zepouet@gmail.com"], "372": ["g.martial@treeptik.fr", "zepouet@gmail.com"], "373": ["g.martial@treeptik.fr", "zepouet@gmail.com"], "374": ["g.martial@treeptik.fr", "zepouet@gmail.com"], "375": ["g.martial@treeptik.fr", "zepouet@gmail.com"], "376": ["g.martial@treeptik.fr", "zepouet@gmail.com"], "377": ["g.martial@treeptik.fr", "zepouet@gmail.com"], "378": ["g.martial@treeptik.fr", "zepouet@gmail.com"], "379": ["g.martial@treeptik.fr", "zepouet@gmail.com"], "380": ["g.martial@treeptik.fr", "zepouet@gmail.com"], "381": ["g.martial@treeptik.fr"], "382": ["g.martial@treeptik.fr"], "383": ["guillaume.unice@gmail.com"], "384": ["guillaume.unice@gmail.com"], "385": ["g.martial@treeptik.fr"], "386": ["g.martial@treeptik.fr"], "387": ["g.martial@treeptik.fr"], "388": ["g.martial@treeptik.fr"], "389": ["g.martial@treeptik.fr"], "390": ["g.martial@treeptik.fr"], "391": ["g.martial@treeptik.fr", "zepouet@gmail.com"], "392": ["g.martial@treeptik.fr", "zepouet@gmail.com"], "393": ["g.martial@treeptik.fr", "zepouet@gmail.com"], "394": ["g.martial@treeptik.fr", "zepouet@gmail.com"], "395": ["g.martial@treeptik.fr", "zepouet@gmail.com"], "396": ["g.martial@treeptik.fr", "zepouet@gmail.com"], "397": ["g.martial@treeptik.fr", "zepouet@gmail.com"], "398": ["g.martial@treeptik.fr", "zepouet@gmail.com"], "399": ["g.martial@treeptik.fr", "zepouet@gmail.com"], "400": ["g.martial@treeptik.fr", "zepouet@gmail.com"], "401": ["g.martial@treeptik.fr", "zepouet@gmail.com"], "402": ["g.martial@treeptik.fr"], "403": ["g.martial@treeptik.fr"], "404": ["g.martial@treeptik.fr"], "405": ["g.martial@treeptik.fr"], "406": ["g.martial@treeptik.fr"], "407": ["g.martial@treeptik.fr"], "408": ["wbartlett@treeptik.fr", "zepouet@gmail.com"], "409": ["wbartlett@treeptik.fr", "zepouet@gmail.com"], "410": ["wbartlett@treeptik.fr", "zepouet@gmail.com"], "411": ["wbartlett@treeptik.fr"], "412": ["wbartlett@treeptik.fr"], "413": ["zepouet@gmail.com"], "414": ["zepouet@gmail.com"], "415": ["zepouet@gmail.com"], "416": ["guillaume.unice@gmail.com"], "417": ["g.martial@treeptik.fr"], "418": ["g.martial@treeptik.fr"], "419": ["g.martial@treeptik.fr"], "420": ["wbartlett@treeptik.fr"], "421": ["wbartlett@treeptik.fr"], "422": ["wbartlett@treeptik.fr"], "423": ["wbartlett@treeptik.fr"], "424": ["g.martial@treeptik.fr"], "425": ["g.martial@treeptik.fr", "zepouet@gmail.com"], "426": ["m.grillet@treeptik.fr", "zepouet@gmail.com"], "427": ["m.grillet@treeptik.fr", "zepouet@gmail.com", "t.fabre@treeptik.fr", "t.krief@treeptik.fr"], "428": ["zepouet@gmail.com"], "429": ["zepouet@gmail.com"], "430": ["zepouet@gmail.com"], "15": ["zepouet@gmail.com"], "431": ["zepouet@gmail.com", "guillaume.unice@gmail.com"], "432": ["zepouet@gmail.com", "guillaume.unice@gmail.com"], "433": ["zepouet@gmail.com", "guillaume.unice@gmail.com"], "434": ["zepouet@gmail.com", "guillaume.unice@gmail.com"], "435": ["wbartlett@treeptik.fr"], "436": ["wbartlett@treeptik.fr"], "437": ["wbartlett@treeptik.fr"], "438": ["wbartlett@treeptik.fr"], "439": ["wbartlett@treeptik.fr"], "440": ["zepouet@gmail.com"], "441": ["zepouet@gmail.com"], "442": ["zepouet@gmail.com"], "443": ["zepouet@gmail.com"], "444": ["zepouet@gmail.com"], "445": ["zepouet@gmail.com"], "446": ["zepouet@gmail.com"], "447": ["zepouet@gmail.com"], "448": ["zepouet@gmail.com"], "449": ["zepouet@gmail.com"], "450": ["zepouet@gmail.com"], "451": ["zepouet@gmail.com"], "452": ["zepouet@gmail.com"], "453": ["zepouet@gmail.com"], "454": ["zepouet@gmail.com"], "455": ["wbartlett@treeptik.fr", "zepouet@gmail.com"], "456": ["zepouet@gmail.com"], "457": ["zepouet@gmail.com"], "458": ["zepouet@gmail.com"], "459": ["wbartlett@treeptik.fr"], "460": ["wbartlett@treeptik.fr", "m.grillet@treeptik.fr"], "461": ["m.grillet@treeptik.fr"], "462": ["m.grillet@treeptik.fr"], "463": ["zepouet@gmail.com"], "12": ["zepouet@gmail.com"], "464": ["zepouet@gmail.com"], "465": ["zepouet@gmail.com"], "466": ["zepouet@gmail.com"]}