{"ServerController.getVolume": {"t": [{"id": 0, "a": [["R", 1], ["R", 1], ["R", 2], ["R", 1], ["R", 2], ["R", 1], ["R", 2], ["R", 1], ["R", 1], ["R", 2]]}]}, "ServerController.linkVolumeAssociation": {"t": [{"id": 0, "a": [["R", 3], ["R", 3], ["R", 3], ["R", 3], ["R", 4], ["R", 4], ["R", 5], ["R", 4], ["R", 6], ["R", 4], ["R", 6], ["R", 7], ["R", 4], ["R", 4], ["R", 3], ["R", 4], ["R", 4], ["R", 4], ["R", 8], ["R", 4], ["R", 8], ["R", 3], ["R", 3], ["R", 3], ["R", 3], ["R", 3], ["R", 3], ["R", 3], ["R", 3], ["R", 3], ["R", 3], ["R", 3], ["R", 3], ["R", 1], ["R", 1], ["R", 1], ["W", 1], ["W", 1], ["W", 2], ["W", 1], ["R", 1], ["R", 1], ["R", 1], ["R", 4], ["R", 5], ["R", 5], ["R", 2], ["R", 2], ["R", 2], ["R", 2], ["R", 2], ["R", 2], ["R", 4], ["R", 5], ["W", 2], ["W", 2], ["W", 2], ["W", 2], ["R", 1], ["R", 2], ["W", 1], ["W", 2], ["R", 4], ["R", 5], ["R", 5], ["R", 2], ["W", 5], ["W", 2], ["R", 4], ["R", 5], ["R", 5], ["W", 1], ["R", 1], ["R", 4], ["R", 5], ["R", 5], ["R", 1], ["R", 1], ["R", 2], ["R", 1], ["R", 2], ["R", 1], ["R", 2], ["R", 1], ["R", 1], ["R", 2], ["R", 1], ["R", 1], ["R", 2], ["R", 2], ["R", 1], ["R", 2], ["R", 2], ["R", 5], ["R", 9], ["R", 9], ["R", 9], ["R", 9], ["R", 9], ["R", 5], ["R", 5], ["R", 10], ["R", 10], ["R", 5], ["R", 10], ["R", 10], ["R", 5], ["R", 4], ["R", 4], ["R", 3], ["W", 1], ["W", 1], ["R", 5], ["R", 10], ["R", 10], ["R", 3], ["R", 3], ["R", 5], ["R", 5], ["R", 4], ["W", 5], ["W", 4], ["R", 5], ["W", 5], ["R", 5], ["R", 5], ["W", 11], ["W", 11], ["W", 11], ["W", 11], ["W", 11], ["R", 5], ["R", 5], ["R", 5], ["R", 5], ["R", 5], ["R", 5], ["R", 5], ["R", 10], ["R", 5], ["R", 5], ["R", 5], ["R", 5], ["R", 5], ["R", 5], ["R", 5], ["R", 5], ["R", 10], ["R", 5], ["R", 4], ["R", 5]]}]}, "ServerController.removeVolume": {"t": [{"id": 0, "a": [["R", 5], ["R", 5], ["R", 10], ["R", 5], ["R", 4], ["R", 5], ["R", 4], ["R", 3], ["R", 5], ["R", 5], ["R", 1], ["R", 1], ["R", 1], ["W", 2], ["W", 2], ["W", 2], ["W", 2], ["R", 5], ["R", 4], ["R", 5], ["W", 1], ["R", 1], ["R", 5], ["R", 4], ["R", 5], ["R", 1], ["R", 1], ["R", 2], ["R", 1], ["R", 2], ["R", 1], ["R", 2], ["R", 1], ["R", 1], ["R", 2], ["R", 1], ["R", 1], ["R", 2], ["R", 2], ["R", 1], ["R", 2], ["R", 2], ["R", 5], ["R", 9], ["R", 9], ["R", 9], ["R", 9], ["R", 9], ["R", 5], ["R", 5], ["R", 10], ["R", 10], ["R", 5], ["R", 10], ["R", 10], ["R", 5], ["R", 4], ["R", 4], ["R", 3], ["W", 1], ["W", 1], ["R", 5], ["R", 10], ["R", 10], ["R", 3], ["R", 3], ["R", 5], ["R", 5], ["R", 4], ["W", 5], ["W", 4], ["R", 5], ["W", 5], ["R", 5], ["R", 5], ["W", 11], ["W", 11], ["W", 11], ["W", 11], ["W", 11], ["R", 5], ["R", 5], ["R", 5], ["R", 5], ["R", 5], ["R", 5], ["R", 5], ["R", 10], ["R", 5], ["R", 5], ["R", 5], ["R", 5], ["R", 5], ["R", 5], ["R", 5], ["R", 5], ["R", 10], ["R", 5], ["R", 5], ["R", 4]]}]}, "ServerController.setOptionsJVM": {"t": [{"id": 0, "a": [["R", 3], ["R", 3], ["R", 3], ["R", 3], ["R", 4], ["R", 4], ["R", 5], ["R", 4], ["R", 6], ["R", 4], ["R", 6], ["R", 7], ["R", 4], ["R", 4], ["R", 3], ["R", 4], ["R", 4], ["R", 4], ["R", 8], ["R", 4], ["R", 8], ["R", 3], ["R", 3], ["R", 3], ["R", 3], ["R", 3], ["R", 3], ["R", 3], ["R", 3], ["R", 3], ["R", 3], ["R", 3], ["R", 3], ["R", 3], ["R", 3], ["R", 4], ["R", 4], ["R", 4], ["W", 4], ["W", 4], ["W", 4], ["R", 4], ["R", 5], ["R", 5], ["R", 5], ["R", 5], ["R", 9], ["R", 9], ["R", 9], ["R", 9], ["R", 9], ["R", 5], ["R", 5], ["R", 5], ["W", 1], ["R", 1], ["R", 5], ["R", 1], ["R", 1], ["R", 2], ["R", 1], ["R", 2], ["R", 1], ["R", 2], ["R", 1], ["R", 1], ["R", 2], ["R", 1], ["R", 1], ["R", 2], ["R", 2], ["R", 1], ["R", 2], ["R", 2], ["R", 5], ["R", 5], ["R", 10], ["R", 10], ["R", 5], ["R", 10], ["R", 10], ["R", 5], ["R", 4], ["R", 4], ["R", 3], ["W", 1], ["W", 1], ["R", 5], ["R", 10], ["R", 10], ["R", 3], ["R", 3], ["R", 5], ["R", 5], ["R", 4], ["W", 5], ["W", 4], ["R", 5], ["W", 5], ["R", 5], ["R", 5], ["W", 11], ["W", 11], ["W", 11], ["W", 11], ["W", 11], ["R", 5], ["R", 5], ["R", 5], ["R", 5], ["R", 5], ["R", 5], ["R", 5], ["R", 10], ["R", 5], ["R", 5], ["R", 5], ["R", 5], ["R", 5], ["R", 5], ["R", 5], ["R", 5], ["R", 10], ["R", 5], ["W", 5], ["W", 5], ["W", 5], ["R", 4], ["R", 4], ["W", 4], ["W", 4], ["W", 4], ["R", 4], ["R", 4], ["W", 4], ["W", 4], ["W", 4]]}]}, "AboutController.about": {"t": [{"id": 0, "a": [["R", 12], ["R", 12]]}]}, "MessageController.listMessages": {"t": [{"id": 0, "a": [["R", 3], ["R", 3], ["R", 3], ["R", 13], ["R", 13], ["R", 13], ["R", 3], ["R", 13], ["R", 13]]}]}, "MessageController.listMessagesFirstRows": {"t": [{"id": 0, "a": [["R", 3], ["R", 3], ["R", 3], ["R", 13], ["R", 13], ["R", 13], ["R", 3], ["R", 13], ["R", 13]]}]}, "MessageController.listMessagesForApplication": {"t": [{"id": 0, "a": [["R", 3], ["R", 3], ["R", 3], ["R", 13], ["R", 13], ["R", 13], ["R", 13], ["R", 3], ["R", 13], ["R", 13]]}]}, "EnvironmentController.addEnvironmentVariable": {"t": [{"id": 0, "a": [["R", 3], ["R", 3], ["R", 3], ["R", 3], ["R", 4], ["R", 4], ["R", 5], ["R", 4], ["R", 6], ["R", 4], ["R", 6], ["R", 7], ["R", 4], ["R", 4], ["R", 3], ["R", 4], ["R", 4], ["R", 4], ["R", 8], ["R", 4], ["R", 8], ["R", 3], ["R", 3], ["R", 3], ["R", 3], ["R", 3], ["R", 3], ["R", 3], ["R", 3], ["R", 3], ["R", 3], ["R", 3], ["R", 3], ["R", 9], ["R", 9], ["R", 9], ["R", 9], ["R", 9], ["R", 9], ["R", 9], ["R", 9], ["R", 9], ["R", 3], ["R", 4], ["R", 4], ["R", 5], ["R", 4], ["R", 6], ["R", 4], ["R", 6], ["R", 7], ["R", 4], ["R", 4], ["R", 3], ["R", 4], ["R", 4], ["R", 4], ["R", 8], ["R", 4], ["R", 8], ["R", 3], ["R", 3], ["R", 3], ["R", 3], ["R", 3], ["R", 3], ["R", 3], ["R", 3], ["R", 3], ["R", 3], ["R", 3], ["R", 3], ["W", 1], ["R", 1], ["W", 9], ["W", 4], ["W", 9], ["W", 9], ["R", 1], ["R", 1], ["R", 2], ["R", 1], ["R", 2], ["R", 1], ["R", 2], ["R", 1], ["R", 1], ["R", 2], ["R", 1], ["R", 1], ["R", 2], ["R", 2], ["R", 1], ["R", 2], ["R", 2], ["R", 9], ["R", 9], ["R", 9], ["R", 9], ["R", 9], ["R", 5], ["R", 5], ["R", 10], ["R", 5], ["R", 4], ["R", 5], ["R", 4], ["R", 3], ["R", 5], ["R", 5], ["R", 5], ["R", 5], ["R", 10], ["R", 10], ["R", 5], ["R", 10], ["R", 10], ["R", 5], ["R", 4], ["R", 4], ["R", 3], ["W", 1], ["W", 1], ["R", 5], ["R", 10], ["R", 10], ["R", 3], ["R", 3], ["R", 5], ["R", 5], ["R", 4], ["W", 5], ["W", 4], ["R", 5], ["W", 5], ["R", 5], ["R", 5], ["W", 11], ["W", 11], ["W", 11], ["W", 11], ["W", 11], ["R", 5], ["R", 5], ["R", 5], ["R", 5], ["R", 5], ["R", 5], ["R", 5], ["R", 10], ["R", 5], ["R", 5], ["R", 5], ["R", 5], ["R", 5], ["R", 5], ["R", 5], ["R", 5], ["R", 10], ["R", 5], ["R", 6], ["R", 6], ["R", 10], ["R", 6], ["R", 4], ["R", 6], ["R", 7], ["R", 6], ["R", 6], ["R", 6], ["R", 6], ["R", 10], ["R", 10], ["R", 6], ["R", 4], ["R", 4], ["R", 3], ["W", 1], ["W", 1], ["R", 6], ["R", 7], ["R", 7], ["R", 7], ["R", 7], ["R", 7], ["R", 9], ["R", 9], ["R", 9], ["R", 9], ["R", 9], ["R", 9], ["R", 9], ["R", 9], ["R", 9], ["R", 3], ["R", 4], ["R", 4], ["R", 5], ["R", 4], ["R", 6], ["R", 4], ["R", 6], ["R", 7], ["R", 4], ["R", 4], ["R", 3], ["R", 4], ["R", 4], ["R", 4], ["R", 8], ["R", 4], ["R", 8], ["R", 3], ["R", 3], ["R", 3], ["R", 3], ["R", 3], ["R", 3], ["R", 3], ["R", 3], ["R", 3], ["R", 3], ["R", 3], ["R", 3], ["W", 1], ["R", 1], ["W", 9], ["W", 4], ["W", 9], ["W", 9], ["R", 1], ["R", 1], ["R", 2], ["R", 1], ["R", 2], ["R", 1], ["R", 2], ["R", 1], ["R", 1], ["R", 2], ["R", 1], ["R", 1], ["R", 2], ["R", 2], ["R", 1], ["R", 2], ["R", 2], ["R", 9], ["R", 9], ["R", 9], ["R", 9], ["R", 9], ["R", 5], ["R", 5], ["R", 10], ["R", 5], ["R", 4], ["R", 5], ["R", 4], ["R", 3], ["R", 5], ["R", 5], ["R", 5], ["R", 5], ["R", 10], ["R", 10], ["R", 5], ["R", 10], ["R", 10], ["R", 5], ["R", 4], ["R", 4], ["R", 3], ["W", 1], ["W", 1], ["R", 5], ["R", 10], ["R", 10], ["R", 3], ["R", 3], ["R", 5], ["R", 5], ["R", 4], ["W", 5], ["W", 4], ["R", 5], ["W", 5], ["R", 5], ["R", 5], ["W", 11], ["W", 11], ["W", 11], ["W", 11], ["W", 11], ["R", 5], ["R", 5], ["R", 5], ["R", 5], ["R", 5], ["R", 5], ["R", 5], ["R", 10], ["R", 5], ["R", 5], ["R", 5], ["R", 5], ["R", 5], ["R", 5], ["R", 5], ["R", 5], ["R", 10], ["R", 5], ["R", 6], ["R", 6], ["R", 10], ["R", 6], ["R", 4], ["R", 6], ["R", 7], ["R", 6], ["R", 6], ["R", 6], ["R", 6], ["R", 10], ["R", 10], ["R", 6], ["R", 4], ["R", 4], ["R", 3], ["W", 1], ["W", 1], ["R", 6], ["R", 7], ["R", 7], ["R", 7], ["R", 7], ["R", 7], ["R", 4], ["R", 5]]}]}, "EnvironmentController.deleteEnvironmentVariable": {"t": [{"id": 0, "a": [["R", 3], ["R", 3], ["R", 3], ["R", 5], ["R", 5], ["R", 10], ["R", 5], ["R", 4], ["R", 5], ["R", 4], ["R", 3], ["R", 5], ["R", 5], ["R", 3], ["R", 4], ["R", 4], ["R", 5], ["R", 4], ["R", 6], ["R", 4], ["R", 6], ["R", 7], ["R", 4], ["R", 4], ["R", 3], ["R", 4], ["R", 4], ["R", 4], ["R", 8], ["R", 4], ["R", 8], ["R", 3], ["R", 3], ["R", 3], ["R", 3], ["R", 3], ["R", 3], ["R", 3], ["R", 3], ["R", 3], ["R", 3], ["R", 3], ["R", 3], ["W", 1], ["R", 1], ["R", 9], ["R", 9], ["R", 9], ["W", 9], ["R", 1], ["R", 1], ["R", 2], ["R", 1], ["R", 2], ["R", 1], ["R", 2], ["R", 1], ["R", 1], ["R", 2], ["R", 1], ["R", 1], ["R", 2], ["R", 2], ["R", 1], ["R", 2], ["R", 2], ["R", 9], ["R", 9], ["R", 9], ["R", 9], ["R", 9], ["R", 5], ["R", 5], ["R", 10], ["R", 5], ["R", 4], ["R", 5], ["R", 4], ["R", 3], ["R", 5], ["R", 5], ["R", 5], ["R", 5], ["R", 10], ["R", 10], ["R", 5], ["R", 10], ["R", 10], ["R", 5], ["R", 4], ["R", 4], ["R", 3], ["W", 1], ["W", 1], ["R", 5], ["R", 10], ["R", 10], ["R", 3], ["R", 3], ["R", 5], ["R", 5], ["R", 4], ["W", 5], ["W", 4], ["R", 5], ["W", 5], ["R", 5], ["R", 5], ["W", 11], ["W", 11], ["W", 11], ["W", 11], ["W", 11], ["R", 5], ["R", 5], ["R", 5], ["R", 5], ["R", 5], ["R", 5], ["R", 5], ["R", 10], ["R", 5], ["R", 5], ["R", 5], ["R", 5], ["R", 5], ["R", 5], ["R", 5], ["R", 5], ["R", 10], ["R", 5], ["R", 6], ["R", 6], ["R", 10], ["R", 6], ["R", 4], ["R", 6], ["R", 7], ["R", 6], ["R", 6], ["R", 6], ["R", 6], ["R", 10], ["R", 10], ["R", 6], ["R", 4], ["R", 4], ["R", 3], ["W", 1], ["W", 1], ["R", 6], ["R", 7], ["R", 7], ["R", 7], ["R", 7], ["R", 7]]}]}, "EnvironmentController.loadAllEnvironmentVariables": {"t": [{"id": 0, "a": [["R", 9], ["R", 9], ["R", 9]]}]}, "EnvironmentController.loadEnvironmentVariable": {"t": [{"id": 0, "a": [["R", 9], ["R", 9], ["R", 9]]}]}, "EnvironmentController.updateEnvironmentVariable": {"t": [{"id": 0, "a": [["R", 3], ["R", 3], ["R", 3], ["R", 9], ["R", 9], ["R", 9], ["R", 9], ["R", 9], ["R", 9], ["R", 9], ["R", 9], ["R", 9], ["R", 9], ["R", 9], ["R", 9], ["R", 3], ["R", 4], ["R", 4], ["R", 5], ["R", 4], ["R", 6], ["R", 4], ["R", 6], ["R", 7], ["R", 4], ["R", 4], ["R", 3], ["R", 4], ["R", 4], ["R", 4], ["R", 8], ["R", 4], ["R", 8], ["R", 3], ["R", 3], ["R", 3], ["R", 3], ["R", 3], ["R", 3], ["R", 3], ["R", 3], ["R", 3], ["R", 3], ["R", 3], ["R", 3], ["W", 1], ["R", 1], ["W", 9], ["W", 9], ["W", 9], ["W", 4], ["W", 9], ["R", 1], ["R", 1], ["R", 2], ["R", 1], ["R", 2], ["R", 1], ["R", 2], ["R", 1], ["R", 1], ["R", 2], ["R", 1], ["R", 1], ["R", 2], ["R", 2], ["R", 1], ["R", 2], ["R", 2], ["R", 9], ["R", 9], ["R", 9], ["R", 9], ["R", 9], ["R", 5], ["R", 5], ["R", 10], ["R", 5], ["R", 4], ["R", 5], ["R", 4], ["R", 3], ["R", 5], ["R", 5], ["R", 5], ["R", 5], ["R", 10], ["R", 10], ["R", 5], ["R", 10], ["R", 10], ["R", 5], ["R", 4], ["R", 4], ["R", 3], ["W", 1], ["W", 1], ["R", 5], ["R", 10], ["R", 10], ["R", 3], ["R", 3], ["R", 5], ["R", 5], ["R", 4], ["W", 5], ["W", 4], ["R", 5], ["W", 5], ["R", 5], ["R", 5], ["W", 11], ["W", 11], ["W", 11], ["W", 11], ["W", 11], ["R", 5], ["R", 5], ["R", 5], ["R", 5], ["R", 5], ["R", 5], ["R", 5], ["R", 10], ["R", 5], ["R", 5], ["R", 5], ["R", 5], ["R", 5], ["R", 5], ["R", 5], ["R", 5], ["R", 10], ["R", 5], ["R", 6], ["R", 6], ["R", 10], ["R", 6], ["R", 4], ["R", 6], ["R", 7], ["R", 6], ["R", 6], ["R", 6], ["R", 6], ["R", 10], ["R", 10], ["R", 6], ["R", 4], ["R", 4], ["R", 3], ["W", 1], ["W", 1], ["R", 6], ["R", 7], ["R", 7], ["R", 7], ["R", 7], ["R", 7]]}]}, "ApplicationController.createApplication": {"t": [{"id": 0, "a": [["R", 3], ["R", 3], ["R", 3], ["R", 3], ["R", 3], ["R", 4], ["R", 3], ["R", 3], ["R", 3], ["R", 10], ["R", 10], ["R", 10], ["R", 3], ["R", 4], ["R", 4], ["R", 5], ["R", 4], ["R", 6], ["R", 4], ["R", 6], ["R", 7], ["R", 4], ["R", 4], ["R", 3], ["R", 4], ["R", 4], ["W", 4], ["R", 4], ["R", 5], ["W", 5], ["W", 4], ["R", 5], ["R", 5], ["R", 4], ["R", 5], ["R", 4], ["R", 4], ["R", 3], ["R", 5], ["R", 4], ["R", 4], ["R", 5], ["R", 4], ["R", 4], ["R", 3], ["R", 3], ["R", 5], ["R", 10], ["R", 10], ["R", 5], ["R", 10], ["R", 10], ["W", 1], ["W", 1], ["R", 5], ["R", 10], ["R", 10], ["R", 3], ["R", 3], ["W", 11], ["W", 11], ["W", 11], ["W", 11], ["W", 11], ["W", 5], ["R", 5], ["W", 5], ["W", 5], ["R", 5], ["W", 5], ["R", 5], ["R", 5], ["W", 4], ["R", 4]]}]}, "ApplicationController.deleteApplication": {"t": [{"id": 0, "a": [["R", 3], ["R", 3], ["R", 3], ["R", 3], ["R", 4], ["R", 4], ["R", 5], ["R", 4], ["R", 6], ["R", 4], ["R", 6], ["R", 7], ["R", 4], ["R", 4], ["R", 3], ["R", 4], ["R", 4], ["R", 4], ["R", 8], ["R", 4], ["R", 8], ["R", 3], ["R", 3], ["R", 3], ["R", 3], ["R", 3], ["R", 3], ["R", 3], ["R", 3], ["R", 3], ["R", 3], ["R", 3], ["R", 3], ["R", 3], ["R", 3], ["R", 4], ["R", 4], ["R", 6], ["R", 4], ["R", 6], ["R", 4], ["R", 6], ["W", 1], ["R", 1], ["R", 6], ["R", 4], ["W", 6], ["W", 4], ["R", 4], ["R", 6], ["W", 4], ["W", 6], ["W", 6], ["R", 4], ["R", 5], ["R", 5], ["R", 9], ["R", 9], ["R", 9], ["R", 9], ["R", 6], ["R", 10], ["R", 10], ["R", 4], ["R", 4], ["R", 5], ["R", 5], ["R", 5], ["R", 5], ["R", 10], ["R", 5], ["R", 4], ["R", 5], ["R", 4], ["R", 3], ["R", 5], ["R", 5], ["R", 3], ["R", 4], ["R", 4], ["R", 5], ["R", 4], ["R", 6], ["R", 4], ["R", 6], ["R", 7], ["R", 4], ["R", 4], ["R", 3], ["R", 4], ["R", 4], ["R", 4], ["R", 8], ["R", 4], ["R", 8], ["R", 3], ["R", 3], ["R", 3], ["R", 3], ["R", 3], ["R", 3], ["R", 3], ["R", 3], ["R", 3], ["R", 3], ["R", 3], ["R", 3], ["W", 1], ["R", 1], ["W", 9], ["R", 1], ["R", 1], ["R", 2], ["R", 1], ["R", 2], ["R", 1], ["R", 2], ["R", 1], ["R", 1], ["R", 2], ["R", 1], ["R", 1], ["R", 2], ["R", 2], ["R", 1], ["R", 2], ["R", 2], ["R", 9], ["R", 9], ["R", 9], ["R", 9], ["R", 9], ["R", 5], ["R", 5], ["R", 10], ["R", 5], ["R", 4], ["R", 5], ["R", 4], ["R", 3], ["R", 5], ["R", 5], ["R", 5], ["R", 5], ["R", 10], ["R", 10], ["R", 5], ["R", 10], ["R", 10], ["R", 5], ["R", 4], ["R", 4], ["R", 3], ["W", 1], ["W", 1], ["R", 5], ["R", 10], ["R", 10], ["R", 3], ["R", 3], ["R", 5], ["R", 5], ["R", 4], ["W", 5], ["W", 4], ["R", 5], ["W", 5], ["R", 5], ["R", 5], ["W", 11], ["W", 11], ["W", 11], ["W", 11], ["W", 11], ["R", 5], ["R", 5], ["R", 5], ["R", 5], ["R", 5], ["R", 5], ["R", 5], ["R", 10], ["R", 5], ["R", 5], ["R", 5], ["R", 5], ["R", 5], ["R", 5], ["R", 5], ["R", 5], ["R", 10], ["R", 5], ["R", 6], ["R", 6], ["R", 10], ["R", 6], ["R", 4], ["R", 6], ["R", 7], ["R", 6], ["R", 6], ["R", 6], ["R", 6], ["R", 10], ["R", 10], ["R", 6], ["R", 4], ["R", 4], ["R", 3], ["W", 1], ["W", 1], ["R", 6], ["R", 7], ["R", 7], ["R", 7], ["R", 7], ["R", 7], ["R", 3], ["R", 3], ["R", 3], ["R", 3], ["R", 3], ["R", 3], ["R", 6], ["R", 6], ["R", 6], ["R", 6], ["W", 4], ["R", 6], ["R", 4], ["R", 4], ["R", 5], ["R", 5], ["R", 5], ["R", 5], ["R", 10], ["R", 5], ["R", 4], ["R", 5], ["R", 4], ["R", 3], ["R", 5], ["R", 5], ["R", 5], ["R", 4], ["R", 5], ["R", 4], ["R", 3], ["R", 4], ["R", 1], ["R", 1], ["R", 2], ["R", 1], ["R", 2], ["R", 1], ["R", 2], ["R", 1], ["R", 1], ["R", 2], ["R", 1], ["R", 2], ["W", 2], ["R", 5], ["W", 1], ["R", 1], ["W", 5], ["R", 5], ["R", 4], ["R", 5], ["W", 5], ["W", 4], ["W", 4], ["W", 5], ["W", 4], ["R", 4], ["R", 4], ["W", 4], ["W", 4], ["W", 4], ["R", 4], ["R", 4], ["R", 4], ["W", 4], ["W", 4], ["W", 4], ["R", 4]]}]}, "ApplicationController.deployFromArchive": {"t": [{"id": 0, "a": [["R", 3], ["R", 3], ["R", 3], ["R", 3], ["R", 4], ["R", 4], ["R", 5], ["R", 4], ["R", 6], ["R", 4], ["R", 6], ["R", 7], ["R", 4], ["R", 4], ["R", 3], ["R", 4], ["R", 4], ["R", 4], ["R", 8], ["R", 4], ["R", 8], ["R", 3], ["R", 3], ["R", 3], ["R", 3], ["R", 3], ["R", 3], ["R", 3], ["R", 3], ["R", 3], ["R", 3], ["R", 3], ["R", 3], ["R", 3], ["R", 3], ["R", 4], ["R", 4], ["R", 5], ["R", 5], ["R", 4], ["R", 5], ["R", 5], ["R", 4], ["R", 3], ["R", 3], ["R", 4], ["R", 3], ["R", 3], ["W", 8], ["W", 4], ["W", 8], ["W", 8], ["R", 4], ["R", 3], ["R", 4], ["R", 3], ["R", 4], ["R", 4], ["R", 5], ["R", 4], ["R", 6], ["R", 4], ["R", 6], ["R", 7], ["R", 4], ["R", 4], ["R", 3], ["R", 4], ["R", 4], ["R", 4], ["R", 8], ["R", 4], ["R", 8], ["R", 3], ["R", 3], ["R", 3], ["R", 3], ["R", 3], ["R", 3], ["R", 3], ["R", 3], ["R", 3], ["R", 3], ["R", 3], ["R", 3], ["R", 4], ["W", 4], ["W", 4], ["W", 4], ["W", 8], ["R", 4], ["R", 8], ["W", 4], ["W", 8], ["R", 4], ["W", 4], ["R", 4], ["R", 5], ["R", 5], ["R", 4], ["R", 5], ["R", 5], ["R", 5], ["R", 5], ["R", 5], ["R", 5], ["R", 5], ["R", 5], ["R", 5], ["R", 5], ["R", 10], ["R", 5], ["R", 5], ["R", 5], ["R", 5], ["R", 5], ["R", 5], ["R", 5], ["R", 5], ["R", 10], ["R", 5], ["R", 4], ["R", 6], ["R", 4], ["R", 6], ["R", 6], ["R", 6], ["R", 6], ["R", 10], ["R", 6], ["R", 4], ["R", 6], ["R", 7], ["R", 6], ["R", 6], ["R", 4], ["R", 4], ["R", 4], ["R", 4], ["R", 4], ["R", 6], ["R", 4], ["R", 6], ["R", 6], ["R", 6], ["R", 6], ["R", 10], ["R", 6], ["R", 4], ["R", 6], ["R", 7], ["R", 6], ["R", 6], ["W", 11], ["W", 11], ["W", 11], ["W", 11], ["W", 11], ["R", 6], ["R", 7], ["R", 7], ["R", 7], ["W", 7], ["R", 6], ["W", 6], ["W", 6], ["R", 4], ["R", 5], ["R", 5], ["R", 5], ["R", 4], ["W", 5], ["W", 4], ["R", 5], ["W", 5], ["R", 5], ["R", 5], ["W", 11], ["W", 11], ["W", 11], ["W", 11], ["W", 11], ["R", 5], ["R", 5], ["R", 5], ["R", 5], ["R", 5], ["R", 5], ["R", 5], ["R", 10], ["R", 5], ["R", 5], ["R", 5], ["R", 5], ["R", 5], ["R", 5], ["R", 5], ["R", 5], ["R", 10], ["R", 5]]}]}, "ApplicationController.deployFromUrl": {"t": [{"id": 0, "a": [["R", 3], ["R", 3], ["R", 3], ["R", 3], ["R", 4], ["R", 4], ["R", 5], ["R", 4], ["R", 6], ["R", 4], ["R", 6], ["R", 7], ["R", 4], ["R", 4], ["R", 3], ["R", 4], ["R", 4], ["R", 4], ["R", 8], ["R", 4], ["R", 8], ["R", 3], ["R", 3], ["R", 3], ["R", 3], ["R", 3], ["R", 3], ["R", 3], ["R", 3], ["R", 3], ["R", 3], ["R", 3], ["R", 3], ["R", 3], ["R", 3], ["R", 4], ["R", 4], ["R", 5], ["R", 5], ["R", 4], ["R", 5], ["R", 5], ["R", 4], ["R", 3], ["R", 3], ["R", 4], ["R", 3], ["R", 3], ["W", 8], ["W", 4], ["W", 8], ["W", 8], ["R", 4], ["R", 3], ["R", 4], ["R", 3], ["R", 4], ["R", 4], ["R", 5], ["R", 4], ["R", 6], ["R", 4], ["R", 6], ["R", 7], ["R", 4], ["R", 4], ["R", 3], ["R", 4], ["R", 4], ["R", 4], ["R", 8], ["R", 4], ["R", 8], ["R", 3], ["R", 3], ["R", 3], ["R", 3], ["R", 3], ["R", 3], ["R", 3], ["R", 3], ["R", 3], ["R", 3], ["R", 3], ["R", 3], ["R", 4], ["W", 4], ["W", 4], ["W", 4], ["W", 8], ["R", 4], ["R", 8], ["W", 4], ["W", 8], ["R", 4], ["W", 4], ["R", 4], ["R", 5], ["R", 5], ["R", 4], ["R", 5], ["R", 5], ["R", 5], ["R", 5], ["R", 5], ["R", 5], ["R", 5], ["R", 5], ["R", 5], ["R", 5], ["R", 10], ["R", 5], ["R", 5], ["R", 5], ["R", 5], ["R", 5], ["R", 5], ["R", 5], ["R", 5], ["R", 10], ["R", 5], ["R", 4], ["R", 6], ["R", 4], ["R", 6], ["R", 6], ["R", 6], ["R", 6], ["R", 10], ["R", 6], ["R", 4], ["R", 6], ["R", 7], ["R", 6], ["R", 6], ["R", 4], ["R", 4], ["R", 4], ["R", 4], ["R", 4], ["R", 6], ["R", 4], ["R", 6], ["R", 6], ["R", 6], ["R", 6], ["R", 10], ["R", 6], ["R", 4], ["R", 6], ["R", 7], ["R", 6], ["R", 6], ["W", 11], ["W", 11], ["W", 11], ["W", 11], ["W", 11], ["R", 6], ["R", 7], ["R", 7], ["R", 7], ["W", 7], ["R", 6], ["W", 6], ["W", 6], ["R", 4], ["R", 5], ["R", 5], ["R", 5], ["R", 4], ["W", 5], ["W", 4], ["R", 5], ["W", 5], ["R", 5], ["R", 5], ["W", 11], ["W", 11], ["W", 11], ["W", 11], ["W", 11], ["R", 5], ["R", 5], ["R", 5], ["R", 5], ["R", 5], ["R", 5], ["R", 5], ["R", 10], ["R", 5], ["R", 5], ["R", 5], ["R", 5], ["R", 5], ["R", 5], ["R", 5], ["R", 5], ["R", 10], ["R", 5]]}]}, "ApplicationController.detail": {"t": [{"id": 0, "a": [["R", 3], ["R", 3], ["R", 3], ["R", 3], ["R", 4], ["R", 4], ["R", 5], ["R", 4], ["R", 6], ["R", 4], ["R", 6], ["R", 7], ["R", 4], ["R", 4], ["R", 3], ["R", 4], ["R", 4], ["R", 4], ["R", 8], ["R", 4], ["R", 8], ["R", 3], ["R", 3], ["R", 3], ["R", 3], ["R", 3], ["R", 3], ["R", 3], ["R", 3], ["R", 3], ["R", 3], ["R", 3], ["R", 3]]}]}, "ApplicationController.displayEnv": {"t": [{"id": 0, "a": [["R", 3], ["R", 3], ["R", 3], ["R", 3]]}]}, "ApplicationController.exportApplication": {"t": [{"id": 0, "a": [["R", 3], ["R", 3], ["R", 3], ["R", 3], ["R", 4], ["R", 4], ["R", 5], ["R", 4], ["R", 6], ["R", 4], ["R", 6], ["R", 7], ["R", 4], ["R", 4], ["R", 3], ["R", 4], ["R", 4], ["R", 4], ["R", 8], ["R", 4], ["R", 8], ["R", 3], ["R", 3], ["R", 3], ["R", 3], ["R", 3], ["R", 3], ["R", 3], ["R", 3], ["R", 3], ["R", 3], ["R", 3], ["R", 3], ["R", 3], ["R", 3], ["R", 4]]}]}, "ApplicationController.findAllByUser": {"t": [{"id": 0, "a": [["R", 3], ["R", 3], ["R", 3], ["R", 3], ["R", 4], ["R", 4], ["R", 5], ["R", 4], ["R", 6], ["R", 4], ["R", 8], ["R", 4], ["R", 4], ["R", 14], ["R", 4], ["R", 4], ["R", 3], ["R", 4], ["R", 3], ["R", 3], ["R", 3], ["R", 3], ["R", 3], ["R", 3]]}]}, "ApplicationController.getExportApplication": {"t": [{"id": 0, "a": [["R", 3], ["R", 3], ["R", 3], ["R", 3], ["R", 4], ["R", 4], ["R", 5], ["R", 4], ["R", 6], ["R", 4], ["R", 6], ["R", 7], ["R", 4], ["R", 4], ["R", 3], ["R", 4], ["R", 4], ["R", 4], ["R", 8], ["R", 4], ["R", 8], ["R", 3], ["R", 3], ["R", 3], ["R", 3], ["R", 3], ["R", 3], ["R", 3], ["R", 3], ["R", 3], ["R", 3], ["R", 3], ["R", 3], ["R", 3], ["R", 3], ["R", 4]]}]}, "ApplicationController.isValid": {"t": [{"id": 0, "a": [["R", 3], ["R", 3], ["R", 3], ["R", 3], ["R", 4], ["R", 4], ["R", 5], ["R", 4], ["R", 6], ["R", 4], ["R", 6], ["R", 7], ["R", 4], ["R", 4], ["R", 3], ["R", 4], ["R", 4]]}]}, "ApplicationController.listContainer": {"t": [{"id": 0, "a": [["R", 3], ["R", 3], ["R", 3], ["R", 3], ["R", 4], ["R", 4], ["R", 5], ["R", 4], ["R", 6], ["R", 4], ["R", 6], ["R", 7], ["R", 4], ["R", 4], ["R", 3], ["R", 4], ["R", 4], ["R", 4], ["R", 8], ["R", 4], ["R", 8], ["R", 3], ["R", 3], ["R", 3], ["R", 3], ["R", 3], ["R", 3], ["R", 3], ["R", 3], ["R", 3], ["R", 3], ["R", 3], ["R", 3], ["R", 4], ["R", 5], ["R", 5], ["R", 5], ["R", 4], ["R", 6], ["R", 4], ["R", 6], ["R", 6], ["R", 6]]}]}, "ApplicationController.restartApplication": {"t": [{"id": 0, "a": [["R", 3], ["R", 3], ["R", 3], ["R", 3], ["R", 4], ["R", 4], ["R", 5], ["R", 4], ["R", 6], ["R", 4], ["R", 6], ["R", 7], ["R", 4], ["R", 4], ["R", 3], ["R", 4], ["R", 4], ["R", 4], ["R", 8], ["R", 4], ["R", 8], ["R", 3], ["R", 3], ["R", 3], ["R", 3], ["R", 3], ["R", 3], ["R", 3], ["R", 3], ["R", 3], ["R", 3], ["R", 3], ["R", 3], ["R", 4], ["R", 3], ["R", 3], ["R", 4], ["R", 4], ["R", 4], ["R", 5], ["R", 5], ["R", 5], ["R", 5], ["R", 5], ["R", 5], ["R", 5], ["R", 5], ["R", 5], ["R", 5], ["R", 10], ["R", 5], ["R", 5], ["R", 5], ["R", 5], ["R", 5], ["R", 5], ["R", 5], ["R", 5], ["R", 10], ["R", 5], ["R", 4], ["R", 6], ["R", 4], ["R", 6], ["R", 6], ["R", 6], ["R", 6], ["R", 10], ["R", 6], ["R", 4], ["R", 6], ["R", 7], ["R", 6], ["R", 6], ["R", 4], ["R", 4], ["R", 4], ["R", 4], ["R", 4], ["R", 6], ["R", 4], ["R", 6], ["R", 6], ["R", 6], ["R", 6], ["R", 10], ["R", 6], ["R", 4], ["R", 6], ["R", 7], ["R", 6], ["R", 6], ["W", 11], ["W", 11], ["W", 11], ["W", 11], ["W", 11], ["R", 6], ["R", 7], ["R", 7], ["R", 7], ["W", 7], ["R", 6], ["W", 6], ["W", 6], ["R", 4], ["R", 5], ["R", 5], ["R", 5], ["R", 4], ["W", 5], ["W", 4], ["R", 5], ["W", 5], ["R", 5], ["R", 5], ["W", 11], ["W", 11], ["W", 11], ["W", 11], ["W", 11], ["R", 5], ["R", 5], ["R", 5], ["R", 5], ["R", 5], ["R", 5], ["R", 5], ["R", 10], ["R", 5], ["R", 5], ["R", 5], ["R", 5], ["R", 5], ["R", 5], ["R", 5], ["R", 5], ["R", 10], ["R", 5], ["R", 4], ["R", 4], ["R", 6], ["R", 4], ["R", 6], ["R", 6], ["R", 6], ["R", 6], ["R", 10], ["R", 6], ["R", 4], ["R", 6], ["R", 7], ["R", 6], ["R", 6], ["W", 11], ["W", 11], ["W", 11], ["W", 11], ["W", 11], ["R", 6], ["R", 7], ["R", 7], ["R", 7], ["W", 7], ["R", 6], ["W", 6], ["W", 6], ["R", 4], ["R", 5], ["R", 5], ["R", 5], ["R", 4], ["W", 5], ["W", 4], ["R", 5], ["W", 5], ["R", 5], ["R", 5], ["W", 11], ["W", 11], ["W", 11], ["W", 11], ["W", 11], ["R", 5], ["R", 5], ["R", 5], ["R", 5], ["R", 5], ["R", 5], ["R", 5], ["R", 10], ["R", 5], ["R", 5], ["R", 5], ["R", 5], ["R", 5], ["R", 5], ["R", 5], ["R", 5], ["R", 10], ["R", 5]]}]}, "ApplicationController.startApplication": {"t": [{"id": 0, "a": [["R", 3], ["R", 3], ["R", 3], ["R", 3], ["R", 4], ["R", 4], ["R", 5], ["R", 4], ["R", 6], ["R", 4], ["R", 6], ["R", 7], ["R", 4], ["R", 4], ["R", 3], ["R", 4], ["R", 4], ["R", 4], ["R", 8], ["R", 4], ["R", 8], ["R", 3], ["R", 3], ["R", 3], ["R", 3], ["R", 3], ["R", 3], ["R", 3], ["R", 3], ["R", 3], ["R", 3], ["R", 3], ["R", 3], ["R", 4], ["R", 3], ["R", 3], ["R", 4], ["R", 4], ["R", 6], ["R", 4], ["R", 6], ["R", 6], ["R", 6], ["R", 6], ["R", 10], ["R", 6], ["R", 4], ["R", 6], ["R", 7], ["R", 6], ["R", 6], ["W", 11], ["W", 11], ["W", 11], ["W", 11], ["W", 11], ["R", 6], ["R", 7], ["R", 7], ["R", 7], ["W", 7], ["R", 6], ["W", 6], ["W", 6], ["R", 4], ["R", 5], ["R", 5], ["R", 5], ["R", 4], ["W", 5], ["W", 4], ["R", 5], ["W", 5], ["R", 5], ["R", 5], ["W", 11], ["W", 11], ["W", 11], ["W", 11], ["W", 11], ["R", 5], ["R", 5], ["R", 5], ["R", 5], ["R", 5], ["R", 5], ["R", 5], ["R", 10], ["R", 5], ["R", 5], ["R", 5], ["R", 5], ["R", 5], ["R", 5], ["R", 5], ["R", 5], ["R", 10], ["R", 5]]}]}, "ApplicationController.stopApplication": {"t": [{"id": 0, "a": [["R", 3], ["R", 3], ["R", 3], ["R", 3], ["R", 4], ["R", 4], ["R", 5], ["R", 4], ["R", 6], ["R", 4], ["R", 6], ["R", 7], ["R", 4], ["R", 4], ["R", 3], ["R", 4], ["R", 4], ["R", 4], ["R", 8], ["R", 4], ["R", 8], ["R", 3], ["R", 3], ["R", 3], ["R", 3], ["R", 3], ["R", 3], ["R", 3], ["R", 3], ["R", 3], ["R", 3], ["R", 3], ["R", 3], ["R", 3], ["R", 3], ["R", 4], ["R", 4], ["R", 5], ["R", 5], ["R", 5], ["R", 5], ["R", 5], ["R", 5], ["R", 5], ["R", 5], ["R", 5], ["R", 5], ["R", 10], ["R", 5], ["R", 5], ["R", 5], ["R", 5], ["R", 5], ["R", 5], ["R", 5], ["R", 5], ["R", 10], ["R", 5], ["R", 4], ["R", 6], ["R", 4], ["R", 6], ["R", 6], ["R", 6], ["R", 6], ["R", 10], ["R", 6], ["R", 4], ["R", 6], ["R", 7], ["R", 6], ["R", 6], ["R", 4], ["R", 4], ["R", 4], ["R", 4]]}]}, "FileController.displayContentFile": {"t": [{"id": 0, "a": [["R", 3], ["R", 3], ["R", 3], ["R", 3], ["R", 4], ["R", 4], ["R", 5], ["R", 4], ["R", 6], ["R", 4], ["R", 6], ["R", 7], ["R", 4], ["R", 4], ["R", 3], ["R", 4], ["R", 4], ["R", 4], ["R", 8], ["R", 4], ["R", 8], ["R", 3], ["R", 3], ["R", 3], ["R", 3], ["R", 3], ["R", 3], ["R", 3], ["R", 3], ["R", 3], ["R", 3], ["R", 3], ["R", 3], ["R", 3], ["R", 3], ["R", 4]]}]}, "FileController.downloadFile": {"t": [{"id": 0, "a": [["R", 3], ["R", 3], ["R", 3], ["R", 3], ["R", 4], ["R", 4], ["R", 5], ["R", 4], ["R", 6], ["R", 4], ["R", 6], ["R", 7], ["R", 4], ["R", 4], ["R", 3], ["R", 4], ["R", 4], ["R", 4], ["R", 8], ["R", 4], ["R", 8], ["R", 3], ["R", 3], ["R", 3], ["R", 3], ["R", 3], ["R", 3], ["R", 3], ["R", 3], ["R", 3], ["R", 3], ["R", 3], ["R", 3], ["R", 3], ["R", 3], ["R", 4]]}]}, "FileController.saveContentFileIntoContainer": {"t": [{"id": 0, "a": [["R", 3], ["R", 3], ["R", 3], ["R", 3], ["R", 4], ["R", 4], ["R", 5], ["R", 4], ["R", 6], ["R", 4], ["R", 6], ["R", 7], ["R", 4], ["R", 4], ["R", 3], ["R", 4], ["R", 4], ["R", 4], ["R", 8], ["R", 4], ["R", 8], ["R", 3], ["R", 3], ["R", 3], ["R", 3], ["R", 3], ["R", 3], ["R", 3], ["R", 3], ["R", 3], ["R", 3], ["R", 3], ["R", 3], ["R", 3], ["R", 3], ["R", 4], ["R", 4], ["R", 4], ["W", 4], ["W", 4], ["W", 4], ["R", 4], ["R", 4], ["W", 4], ["W", 4], ["W", 4]]}]}, "FileController.uploadFile": {"t": [{"id": 0, "a": [["R", 3], ["R", 3], ["R", 3], ["R", 3], ["R", 4], ["R", 4], ["R", 5], ["R", 4], ["R", 6], ["R", 4], ["R", 6], ["R", 7], ["R", 4], ["R", 4], ["R", 3], ["R", 4], ["R", 4], ["R", 4], ["R", 8], ["R", 4], ["R", 8], ["R", 3], ["R", 3], ["R", 3], ["R", 3], ["R", 3], ["R", 3], ["R", 3], ["R", 3], ["R", 3], ["R", 3], ["R", 3], ["R", 3], ["R", 3], ["R", 3], ["R", 4], ["R", 4], ["R", 4], ["W", 4], ["W", 4], ["W", 4], ["R", 4], ["R", 4], ["W", 4], ["W", 4], ["W", 4]]}]}, "CommandController.execCommand": {"t": [{"id": 0, "a": [["R", 3], ["R", 3], ["R", 3], ["R", 3], ["R", 4], ["R", 4], ["R", 5], ["R", 4], ["R", 6], ["R", 4], ["R", 6], ["R", 7], ["R", 4], ["R", 4], ["R", 3], ["R", 4], ["R", 4], ["R", 4], ["R", 8], ["R", 4], ["R", 8], ["R", 3], ["R", 3], ["R", 3], ["R", 3], ["R", 3], ["R", 3], ["R", 3], ["R", 3], ["R", 3], ["R", 3], ["R", 3], ["R", 3], ["R", 4], ["R", 4], ["W", 4], ["W", 4], ["W", 4], ["R", 3], ["R", 3], ["R", 3], ["R", 3], ["R", 4], ["R", 4], ["R", 5], ["R", 4], ["R", 6], ["R", 4], ["R", 6], ["R", 7], ["R", 4], ["R", 4], ["R", 3], ["R", 4], ["R", 4], ["R", 4], ["R", 8], ["R", 4], ["R", 8], ["R", 3], ["R", 3], ["R", 3], ["R", 3], ["R", 3], ["R", 3], ["R", 3], ["R", 3], ["R", 3], ["R", 3], ["R", 3], ["R", 3], ["R", 4], ["R", 5], ["R", 5], ["R", 5], ["R", 4], ["R", 6], ["R", 4], ["R", 6], ["R", 6], ["R", 6], ["R", 4], ["R", 4], ["W", 4], ["W", 4], ["W", 4]]}]}, "CommandController.listCommandByImage": {"t": [{"id": 0, "a": [["R", 3], ["R", 3], ["R", 3], ["R", 3], ["R", 4], ["R", 4], ["R", 5], ["R", 4], ["R", 6], ["R", 4], ["R", 6], ["R", 7], ["R", 4], ["R", 4], ["R", 3], ["R", 4], ["R", 4], ["R", 4], ["R", 8], ["R", 4], ["R", 8], ["R", 3], ["R", 3], ["R", 3], ["R", 3], ["R", 3], ["R", 3], ["R", 3], ["R", 3], ["R", 3], ["R", 3], ["R", 3], ["R", 3], ["R", 4], ["R", 5], ["R", 5], ["R", 5], ["R", 4], ["R", 6], ["R", 4], ["R", 6], ["R", 6], ["R", 6]]}]}, "RegistryController.deleteRegistry": {"t": [{"id": 0, "a": [["R", 15], ["R", 15], ["R", 15], ["W", 15]]}]}, "RegistryController.listAllRegistry": {"t": [{"id": 0, "a": [["R", 15]]}]}, "RegistryController.postRegistry": {"t": [{"id": 0, "a": [["W", 15], ["W", 15], ["W", 15], ["W", 15], ["W", 15]]}]}, "MonitoringController.findAllByServer": {"t": [{"id": 0, "a": [["R", 16], ["R", 16], ["R", 16]]}]}, "AdministrationController.changeRights": {"t": [{"id": 0, "a": [["R", 3], ["R", 3], ["R", 3], ["R", 3], ["R", 3], ["R", 3], ["R", 3], ["R", 3], ["R", 17], ["R", 17], ["W", 17], ["R", 17], ["R", 17], ["R", 17], ["R", 17], ["W", 3], ["W", 17], ["R", 3], ["R", 3], ["R", 3], ["R", 3], ["R", 3], ["R", 3], ["R", 3], ["W", 3], ["R", 3]]}]}, "AdministrationController.createUser": {"t": [{"id": 0, "a": [["W", 3], ["W", 3], ["W", 3], ["W", 3], ["W", 3], ["W", 3], ["R", 3], ["R", 3], ["R", 3], ["W", 3], ["R", 3], ["R", 3], ["R", 3], ["R", 3], ["R", 3], ["R", 3], ["R", 3], ["R", 3], ["R", 3], ["R", 3], ["R", 3], ["R", 3], ["R", 3], ["R", 3], ["R", 3], ["R", 17], ["W", 17], ["R", 17], ["R", 17], ["R", 17], ["R", 17], ["W", 3], ["W", 17], ["R", 3], ["W", 3], ["W", 3], ["W", 3], ["R", 3], ["R", 3], ["R", 3], ["R", 3], ["R", 3], ["R", 3], ["R", 3], ["R", 3], ["R", 3], ["R", 3], ["W", 3], ["W", 3], ["R", 3], ["R", 3]]}]}, "AdministrationController.disableImage": {"t": [{"id": 0, "a": [["R", 10], ["R", 10], ["R", 10], ["R", 10], ["W", 10], ["R", 10], ["R", 10], ["R", 10], ["R", 10], ["R", 10], ["R", 10], ["R", 10], ["W", 10], ["R", 10]]}]}, "AdministrationController.enableImage": {"t": [{"id": 0, "a": [["R", 10], ["R", 10], ["R", 10], ["R", 10], ["W", 10], ["R", 10], ["R", 10], ["R", 10], ["R", 10], ["R", 10], ["R", 10], ["R", 10], ["W", 10], ["R", 10]]}]}, "AdministrationController.findAll": {"t": [{"id": 0, "a": [["R", 3]]}]}, "AdministrationController.findByLogin": {"t": [{"id": 0, "a": [["R", 3], ["R", 3], ["R", 3]]}]}, "AdministrationController.listMessages": {"t": [{"id": 0, "a": [["R", 3], ["R", 3], ["R", 3], ["R", 13], ["R", 13], ["R", 13], ["R", 3], ["R", 13], ["R", 13]]}]}, "AdministrationController.removeUser": {"t": [{"id": 0, "a": [["R", 3], ["R", 3], ["R", 3], ["R", 3], ["R", 3], ["R", 3], ["R", 3], ["R", 3], ["R", 3], ["R", 3], ["R", 3], ["R", 3], ["R", 3], ["R", 3], ["R", 3], ["R", 4], ["R", 4], ["R", 5], ["R", 4], ["R", 6], ["R", 4], ["R", 8], ["R", 4], ["R", 4], ["R", 14], ["R", 4], ["R", 4], ["R", 3], ["R", 4], ["R", 3], ["R", 3], ["R", 3], ["R", 3], ["R", 3], ["R", 3], ["R", 4], ["R", 4], ["R", 6], ["R", 4], ["R", 6], ["R", 4], ["R", 6], ["W", 1], ["R", 1], ["R", 6], ["R", 4], ["W", 6], ["W", 4], ["R", 4], ["R", 6], ["W", 4], ["W", 6], ["W", 6], ["R", 4], ["R", 5], ["R", 5], ["R", 9], ["R", 9], ["R", 9], ["R", 9], ["R", 6], ["R", 10], ["R", 10], ["R", 4], ["R", 4], ["R", 5], ["R", 5], ["R", 5], ["R", 5], ["R", 10], ["R", 5], ["R", 4], ["R", 5], ["R", 4], ["R", 3], ["R", 5], ["R", 5], ["R", 3], ["R", 4], ["R", 4], ["R", 5], ["R", 4], ["R", 6], ["R", 4], ["R", 6], ["R", 7], ["R", 4], ["R", 4], ["R", 3], ["R", 4], ["R", 4], ["R", 4], ["R", 8], ["R", 4], ["R", 8], ["R", 3], ["R", 3], ["R", 3], ["R", 3], ["R", 3], ["R", 3], ["R", 3], ["R", 3], ["R", 3], ["R", 3], ["R", 3], ["R", 3], ["W", 1], ["R", 1], ["W", 9], ["R", 1], ["R", 1], ["R", 2], ["R", 1], ["R", 2], ["R", 1], ["R", 2], ["R", 1], ["R", 1], ["R", 2], ["R", 1], ["R", 1], ["R", 2], ["R", 2], ["R", 1], ["R", 2], ["R", 2], ["R", 9], ["R", 9], ["R", 9], ["R", 9], ["R", 9], ["R", 5], ["R", 5], ["R", 10], ["R", 5], ["R", 4], ["R", 5], ["R", 4], ["R", 3], ["R", 5], ["R", 5], ["R", 5], ["R", 5], ["R", 10], ["R", 10], ["R", 5], ["R", 10], ["R", 10], ["R", 5], ["R", 4], ["R", 4], ["R", 3], ["W", 1], ["W", 1], ["R", 5], ["R", 10], ["R", 10], ["R", 3], ["R", 3], ["R", 5], ["R", 5], ["R", 4], ["W", 5], ["W", 4], ["R", 5], ["W", 5], ["R", 5], ["R", 5], ["W", 11], ["W", 11], ["W", 11], ["W", 11], ["W", 11], ["R", 5], ["R", 5], ["R", 5], ["R", 5], ["R", 5], ["R", 5], ["R", 5], ["R", 10], ["R", 5], ["R", 5], ["R", 5], ["R", 5], ["R", 5], ["R", 5], ["R", 5], ["R", 5], ["R", 10], ["R", 5], ["R", 6], ["R", 6], ["R", 10], ["R", 6], ["R", 4], ["R", 6], ["R", 7], ["R", 6], ["R", 6], ["R", 6], ["R", 6], ["R", 10], ["R", 10], ["R", 6], ["R", 4], ["R", 4], ["R", 3], ["W", 1], ["W", 1], ["R", 6], ["R", 7], ["R", 7], ["R", 7], ["R", 7], ["R", 7], ["R", 3], ["R", 3], ["R", 3], ["R", 3], ["R", 3], ["R", 3], ["R", 6], ["R", 6], ["R", 6], ["R", 6], ["W", 4], ["R", 6], ["R", 4], ["R", 4], ["R", 5], ["R", 5], ["R", 5], ["R", 5], ["R", 10], ["R", 5], ["R", 4], ["R", 5], ["R", 4], ["R", 3], ["R", 5], ["R", 5], ["R", 5], ["R", 4], ["R", 5], ["R", 4], ["R", 3], ["R", 4], ["R", 1], ["R", 1], ["R", 2], ["R", 1], ["R", 2], ["R", 1], ["R", 2], ["R", 1], ["R", 1], ["R", 2], ["R", 1], ["R", 2], ["W", 2], ["R", 5], ["W", 1], ["R", 1], ["W", 5], ["R", 5], ["R", 4], ["R", 5], ["W", 5], ["W", 4], ["W", 4], ["W", 5], ["W", 4], ["R", 4], ["R", 4], ["W", 4], ["W", 4], ["W", 4], ["R", 4], ["R", 4], ["R", 4], ["W", 4], ["W", 4], ["W", 4], ["R", 4], ["R", 3], ["R", 13], ["R", 13], ["R", 3], ["W", 3], ["R", 3]]}]}, "ModuleController.addModule": {"t": [{"id": 0, "a": [["R", 3], ["R", 3], ["R", 3], ["R", 3], ["R", 4], ["R", 4], ["R", 5], ["R", 4], ["R", 6], ["R", 4], ["R", 6], ["R", 7], ["R", 4], ["R", 4], ["R", 3], ["R", 4], ["R", 4], ["R", 4], ["R", 8], ["R", 4], ["R", 8], ["R", 3], ["R", 3], ["R", 3], ["R", 3], ["R", 3], ["R", 3], ["R", 3], ["R", 3], ["R", 3], ["R", 3], ["R", 3], ["R", 3], ["R", 10], ["R", 10], ["R", 10], ["R", 10], ["R", 10], ["R", 10], ["R", 10], ["R", 4], ["R", 6], ["R", 6], ["R", 10], ["R", 6], ["R", 4], ["R", 6], ["R", 6], ["R", 4], ["R", 6], ["R", 10], ["W", 11], ["W", 10], ["W", 11], ["R", 11], ["R", 4], ["R", 10], ["R", 4], ["R", 3], ["R", 3], ["W", 11], ["W", 11], ["R", 11], ["W", 6], ["W", 4], ["W", 6], ["W", 7], ["R", 10], ["W", 7], ["W", 7], ["W", 7], ["W", 7], ["W", 7], ["W", 6], ["W", 6], ["R", 4], ["R", 6], ["W", 4], ["W", 6], ["R", 6], ["R", 4], ["R", 4], ["R", 6], ["R", 10], ["R", 10], ["R", 3], ["R", 6], ["R", 10], ["R", 10], ["R", 4], ["R", 10], ["R", 10], ["R", 10], ["W", 9], ["W", 9], ["R", 10], ["R", 10], ["W", 9], ["R", 6], ["W", 9], ["R", 4], ["R", 4], ["R", 5], ["R", 5], ["R", 9], ["R", 9], ["R", 9], ["R", 9], ["R", 9], ["R", 9], ["R", 9], ["R", 9], ["R", 9], ["R", 3], ["R", 4], ["R", 4], ["R", 5], ["R", 4], ["R", 6], ["R", 4], ["R", 6], ["R", 7], ["R", 4], ["R", 4], ["R", 3], ["R", 4], ["R", 4], ["R", 4], ["R", 8], ["R", 4], ["R", 8], ["R", 3], ["R", 3], ["R", 3], ["R", 3], ["R", 3], ["R", 3], ["R", 3], ["R", 3], ["R", 3], ["R", 3], ["R", 3], ["R", 3], ["W", 1], ["R", 1], ["W", 9], ["W", 4], ["W", 9], ["W", 9], ["R", 1], ["R", 1], ["R", 2], ["R", 1], ["R", 2], ["R", 1], ["R", 2], ["R", 1], ["R", 1], ["R", 2], ["R", 1], ["R", 1], ["R", 2], ["R", 2], ["R", 1], ["R", 2], ["R", 2], ["R", 9], ["R", 9], ["R", 9], ["R", 9], ["R", 9], ["R", 5], ["R", 5], ["R", 10], ["R", 5], ["R", 4], ["R", 5], ["R", 4], ["R", 3], ["R", 5], ["R", 5], ["R", 5], ["R", 5], ["R", 10], ["R", 10], ["R", 5], ["R", 10], ["R", 10], ["R", 5], ["R", 4], ["R", 4], ["R", 3], ["W", 1], ["W", 1], ["R", 5], ["R", 10], ["R", 10], ["R", 3], ["R", 3], ["R", 5], ["R", 5], ["R", 4], ["W", 5], ["W", 4], ["R", 5], ["W", 5], ["R", 5], ["R", 5], ["W", 11], ["W", 11], ["W", 11], ["W", 11], ["W", 11], ["R", 5], ["R", 5], ["R", 5], ["R", 5], ["R", 5], ["R", 5], ["R", 5], ["R", 10], ["R", 5], ["R", 5], ["R", 5], ["R", 5], ["R", 5], ["R", 5], ["R", 5], ["R", 5], ["R", 10], ["R", 5], ["R", 6], ["R", 6], ["R", 10], ["R", 6], ["R", 4], ["R", 6], ["R", 7], ["R", 6], ["R", 6], ["R", 6], ["R", 6], ["R", 10], ["R", 10], ["R", 6], ["R", 4], ["R", 4], ["R", 3], ["W", 1], ["W", 1], ["R", 6], ["R", 7], ["R", 7], ["R", 7], ["R", 7], ["R", 7], ["R", 9], ["R", 9], ["R", 9], ["R", 9], ["R", 9], ["R", 9], ["R", 9], ["R", 9], ["R", 9], ["R", 3], ["R", 4], ["R", 4], ["R", 5], ["R", 4], ["R", 6], ["R", 4], ["R", 6], ["R", 7], ["R", 4], ["R", 4], ["R", 3], ["R", 4], ["R", 4], ["R", 4], ["R", 8], ["R", 4], ["R", 8], ["R", 3], ["R", 3], ["R", 3], ["R", 3], ["R", 3], ["R", 3], ["R", 3], ["R", 3], ["R", 3], ["R", 3], ["R", 3], ["R", 3], ["W", 1], ["R", 1], ["W", 9], ["W", 4], ["W", 9], ["W", 9], ["R", 1], ["R", 1], ["R", 2], ["R", 1], ["R", 2], ["R", 1], ["R", 2], ["R", 1], ["R", 1], ["R", 2], ["R", 1], ["R", 1], ["R", 2], ["R", 2], ["R", 1], ["R", 2], ["R", 2], ["R", 9], ["R", 9], ["R", 9], ["R", 9], ["R", 9], ["R", 5], ["R", 5], ["R", 10], ["R", 5], ["R", 4], ["R", 5], ["R", 4], ["R", 3], ["R", 5], ["R", 5], ["R", 5], ["R", 5], ["R", 10], ["R", 10], ["R", 5], ["R", 10], ["R", 10], ["R", 5], ["R", 4], ["R", 4], ["R", 3], ["W", 1], ["W", 1], ["R", 5], ["R", 10], ["R", 10], ["R", 3], ["R", 3], ["R", 5], ["R", 5], ["R", 4], ["W", 5], ["W", 4], ["R", 5], ["W", 5], ["R", 5], ["R", 5], ["W", 11], ["W", 11], ["W", 11], ["W", 11], ["W", 11], ["R", 5], ["R", 5], ["R", 5], ["R", 5], ["R", 5], ["R", 5], ["R", 5], ["R", 10], ["R", 5], ["R", 5], ["R", 5], ["R", 5], ["R", 5], ["R", 5], ["R", 5], ["R", 5], ["R", 10], ["R", 5], ["R", 6], ["R", 6], ["R", 10], ["R", 6], ["R", 4], ["R", 6], ["R", 7], ["R", 6], ["R", 6], ["R", 6], ["R", 6], ["R", 10], ["R", 10], ["R", 6], ["R", 4], ["R", 4], ["R", 3], ["W", 1], ["W", 1], ["R", 6], ["R", 7], ["R", 7], ["R", 7], ["R", 7], ["R", 7], ["W", 1], ["W", 1], ["R", 6], ["R", 7], ["R", 7], ["R", 7], ["R", 7], ["R", 7], ["W", 11], ["W", 11], ["W", 11], ["W", 11], ["W", 11], ["R", 6], ["R", 7], ["R", 7], ["R", 7], ["W", 7], ["W", 6], ["W", 9], ["W", 9], ["W", 9], ["W", 4], ["W", 9], ["W", 9]]}]}, "ModuleController.publishPort": {"t": [{"id": 0, "a": [["R", 3], ["R", 3], ["R", 3], ["R", 6], ["R", 6], ["R", 4], ["R", 6], ["R", 6], ["R", 7], ["R", 7], ["W", 7], ["W", 7], ["R", 6], ["R", 6], ["R", 9], ["R", 9], ["R", 9], ["R", 9], ["R", 9], ["R", 6], ["W", 1], ["R", 1], ["R", 6], ["R", 6], ["R", 10], ["R", 10], ["W", 1], ["W", 1], ["R", 6], ["R", 7], ["R", 7], ["R", 7], ["R", 7], ["R", 7], ["R", 6], ["W", 11], ["W", 11], ["W", 11], ["W", 11], ["W", 11], ["R", 6], ["R", 7], ["R", 7], ["R", 7], ["W", 7], ["W", 6]]}]}, "ModuleController.removeModule": {"t": [{"id": 0, "a": [["R", 3], ["R", 3], ["R", 3], ["R", 3], ["R", 4], ["R", 4], ["R", 5], ["R", 4], ["R", 6], ["R", 4], ["R", 6], ["R", 7], ["R", 4], ["R", 4], ["R", 3], ["R", 4], ["R", 4], ["R", 4], ["R", 8], ["R", 4], ["R", 8], ["R", 3], ["R", 3], ["R", 3], ["R", 3], ["R", 3], ["R", 3], ["R", 3], ["R", 3], ["R", 3], ["R", 3], ["R", 3], ["R", 3], ["R", 3], ["R", 3], ["R", 4], ["R", 4], ["R", 4], ["R", 4], ["W", 4], ["W", 4], ["W", 4], ["R", 3], ["R", 6], ["R", 6], ["R", 10], ["R", 6], ["R", 4], ["R", 6], ["R", 7], ["R", 6], ["R", 6], ["R", 6], ["W", 1], ["R", 1], ["R", 6], ["R", 4], ["W", 6], ["W", 4], ["R", 4], ["R", 6], ["W", 4], ["W", 6], ["W", 6], ["R", 4], ["R", 5], ["R", 5], ["R", 9], ["R", 9], ["R", 9], ["R", 9], ["R", 6], ["R", 10], ["R", 10], ["R", 4], ["R", 4], ["R", 5], ["R", 5], ["R", 5], ["R", 5], ["R", 10], ["R", 5], ["R", 4], ["R", 5], ["R", 4], ["R", 3], ["R", 5], ["R", 5], ["R", 3], ["R", 4], ["R", 4], ["R", 5], ["R", 4], ["R", 6], ["R", 4], ["R", 6], ["R", 7], ["R", 4], ["R", 4], ["R", 3], ["R", 4], ["R", 4], ["R", 4], ["R", 8], ["R", 4], ["R", 8], ["R", 3], ["R", 3], ["R", 3], ["R", 3], ["R", 3], ["R", 3], ["R", 3], ["R", 3], ["R", 3], ["R", 3], ["R", 3], ["R", 3], ["W", 1], ["R", 1], ["W", 9], ["R", 1], ["R", 1], ["R", 2], ["R", 1], ["R", 2], ["R", 1], ["R", 2], ["R", 1], ["R", 1], ["R", 2], ["R", 1], ["R", 1], ["R", 2], ["R", 2], ["R", 1], ["R", 2], ["R", 2], ["R", 9], ["R", 9], ["R", 9], ["R", 9], ["R", 9], ["R", 5], ["R", 5], ["R", 10], ["R", 5], ["R", 4], ["R", 5], ["R", 4], ["R", 3], ["R", 5], ["R", 5], ["R", 5], ["R", 5], ["R", 10], ["R", 10], ["R", 5], ["R", 10], ["R", 10], ["R", 5], ["R", 4], ["R", 4], ["R", 3], ["W", 1], ["W", 1], ["R", 5], ["R", 10], ["R", 10], ["R", 3], ["R", 3], ["R", 5], ["R", 5], ["R", 4], ["W", 5], ["W", 4], ["R", 5], ["W", 5], ["R", 5], ["R", 5], ["W", 11], ["W", 11], ["W", 11], ["W", 11], ["W", 11], ["R", 5], ["R", 5], ["R", 5], ["R", 5], ["R", 5], ["R", 5], ["R", 5], ["R", 10], ["R", 5], ["R", 5], ["R", 5], ["R", 5], ["R", 5], ["R", 5], ["R", 5], ["R", 5], ["R", 10], ["R", 5], ["R", 6], ["R", 6], ["R", 10], ["R", 6], ["R", 4], ["R", 6], ["R", 7], ["R", 6], ["R", 6], ["R", 6], ["R", 6], ["R", 10], ["R", 10], ["R", 6], ["R", 4], ["R", 4], ["R", 3], ["W", 1], ["W", 1], ["R", 6], ["R", 7], ["R", 7], ["R", 7], ["R", 7], ["R", 7], ["R", 3], ["R", 3], ["R", 3], ["R", 3], ["R", 3], ["R", 3], ["R", 6], ["R", 6], ["R", 6], ["R", 6], ["R", 4], ["R", 4], ["W", 4], ["W", 4], ["W", 4]]}]}, "ModuleController.runScript": {"t": [{"id": 0, "a": [["R", 6], ["R", 6], ["R", 10], ["R", 6], ["R", 4], ["R", 6], ["R", 7], ["R", 6], ["R", 6], ["R", 6]]}]}, "ImageController.deleteImage": {"t": [{"id": 0, "a": [["R", 10], ["R", 10], ["R", 10], ["R", 10], ["R", 10], ["R", 10], ["R", 10], ["W", 10], ["R", 10], ["R", 10], ["R", 10], ["R", 10], ["R", 10], ["R", 10], ["R", 10], ["W", 10], ["R", 10]]}]}, "ImageController.disableImage": {"t": [{"id": 0, "a": [["R", 10], ["R", 10], ["R", 10], ["R", 10], ["W", 10], ["R", 10], ["R", 10], ["R", 10], ["R", 10], ["R", 10], ["R", 10], ["R", 10], ["W", 10], ["R", 10]]}]}, "ImageController.enableImage": {"t": [{"id": 0, "a": [["R", 10], ["R", 10], ["R", 10], ["R", 10], ["W", 10], ["R", 10], ["R", 10], ["R", 10], ["R", 10], ["R", 10], ["R", 10], ["R", 10], ["W", 10], ["R", 10]]}]}, "ImageController.listAllEnabledModuleImages": {"t": [{"id": 0, "a": [["R", 10], ["R", 10], ["R", 10], ["R", 10]]}]}, "ImageController.listAllEnabledServerImages": {"t": [{"id": 0, "a": [["R", 10], ["R", 10], ["R", 10], ["R", 10]]}]}, "ImageController.listAllImages": {"t": [{"id": 0, "a": [["R", 10], ["R", 10], ["W", 10]]}]}, "ImageController.pullImage": {"t": [{"id": 0, "a": [["R", 3], ["R", 3], ["R", 3], ["R", 3], ["W", 3], ["R", 3], ["R", 3], ["R", 3], ["R", 3], ["R", 3], ["R", 3], ["R", 3], ["W", 3], ["R", 3], ["R", 10], ["R", 3], ["W", 3], ["R", 3], ["R", 3], ["R", 3], ["R", 3], ["R", 3], ["R", 3], ["R", 3], ["W", 3], ["R", 3]]}]}, "ScriptingController.scriptingDelete": {"t": [{"id": 0, "a": [["R", 3], ["R", 3], ["R", 3], ["R", 18], ["R", 18], ["R", 18], ["W", 18], ["R", 3], ["W", 3], ["R", 3], ["R", 3], ["R", 3], ["R", 3], ["R", 3], ["R", 3], ["R", 3], ["W", 3], ["R", 3]]}]}, "ScriptingController.scriptingExecute": {"t": [{"id": 0, "a": [["R", 3], ["R", 3], ["R", 3], ["R", 3], ["R", 3], ["R", 4], ["R", 3], ["R", 3]]}]}, "ScriptingController.scriptingLoad": {"t": [{"id": 0, "a": [["R", 3], ["R", 3], ["R", 3], ["R", 18], ["R", 18], ["R", 18], ["R", 18], ["R", 3], ["R", 18], ["R", 18], ["R", 18], ["R", 18], ["R", 3], ["R", 3], ["R", 3], ["W", 3], ["R", 3], ["R", 3], ["R", 3], ["R", 3], ["R", 3], ["R", 3], ["R", 3], ["W", 3], ["R", 3]]}]}, "ScriptingController.scriptingLoadAll": {"t": [{"id": 0, "a": [["R", 3], ["R", 3], ["R", 3], ["R", 18], ["R", 18], ["R", 18], ["R", 3], ["R", 18], ["R", 18], ["R", 18], ["R", 18], ["R", 3], ["R", 3], ["R", 3], ["W", 3], ["R", 3], ["R", 3], ["R", 3], ["R", 3], ["R", 3], ["R", 3], ["R", 3], ["W", 3], ["R", 3]]}]}, "ScriptingController.scriptingSave": {"t": [{"id": 0, "a": [["R", 3], ["R", 3], ["R", 3], ["R", 18], ["R", 18], ["R", 18], ["R", 3], ["W", 18], ["W", 18], ["W", 18], ["W", 18], ["W", 18], ["R", 18], ["R", 18], ["R", 18], ["R", 18], ["R", 3], ["R", 3], ["R", 3], ["W", 3], ["R", 3], ["R", 3], ["R", 3], ["R", 3], ["R", 3], ["R", 3], ["R", 3], ["W", 3], ["R", 3]]}]}, "ScriptingController.scriptingUpdate": {"t": [{"id": 0, "a": [["R", 3], ["R", 3], ["R", 3], ["R", 18], ["R", 18], ["R", 18], ["R", 18], ["R", 18], ["R", 18], ["R", 18], ["R", 18], ["W", 18], ["W", 18], ["W", 18], ["W", 18], ["R", 18], ["R", 18], ["R", 18], ["R", 18], ["R", 3], ["R", 3], ["R", 3], ["W", 3], ["R", 3], ["R", 3], ["R", 3], ["R", 3], ["R", 3], ["R", 3], ["R", 3], ["W", 3], ["R", 3]]}]}, "VolumeController.addVolume": {"t": [{"id": 0, "a": [["R", 1], ["R", 1], ["R", 1], ["W", 1], ["W", 1], ["W", 1], ["W", 1], ["W", 2], ["W", 1], ["R", 1], ["R", 1]]}]}, "VolumeController.deleteVolume": {"t": [{"id": 0, "a": [["R", 1], ["R", 1], ["R", 1], ["R", 1], ["R", 2], ["R", 1], ["R", 2], ["R", 1], ["R", 2], ["W", 1], ["R", 1], ["W", 1], ["R", 1]]}]}, "VolumeController.loadAllVolumeAssociation": {"t": [{"id": 0, "a": [["R", 1], ["R", 1], ["R", 1], ["R", 1], ["R", 2]]}]}, "VolumeController.loadAllVolumes": {"t": [{"id": 0, "a": [["R", 1], ["R", 1]]}]}, "VolumeController.loadVolume": {"t": [{"id": 0, "a": [["R", 1], ["R", 1], ["R", 1], ["R", 1], ["R", 1]]}]}, "VolumeController.updateVolume": {"t": [{"id": 0, "a": [["R", 1], ["R", 1], ["R", 1], ["R", 1], ["R", 1], ["R", 1], ["R", 1], ["R", 1], ["R", 1], ["W", 1], ["R", 1], ["R", 1], ["W", 1], ["W", 1], ["W", 1], ["R", 1], ["R", 1]]}]}, "UserController.activationAccount": {"t": [{"id": 0, "a": [["R", 3], ["R", 3], ["R", 3], ["R", 3], ["R", 3], ["R", 3], ["R", 3], ["R", 3], ["R", 3], ["R", 3], ["R", 3], ["R", 3], ["W", 3], ["W", 3], ["R", 3], ["R", 3]]}]}, "UserController.changePassword": {"t": [{"id": 0, "a": [["R", 3], ["R", 3], ["R", 3], ["R", 3], ["R", 3], ["W", 3], ["R", 3], ["R", 3], ["R", 3], ["R", 3], ["R", 3], ["R", 3], ["R", 3], ["W", 3], ["R", 3]]}]}, "UserController.getStatus": {"t": [{"id": 0, "a": [["R", 3], ["R", 3], ["R", 3]]}]}, "UserController.signin": {"t": [{"id": 0, "a": [["W", 3], ["W", 3], ["W", 3], ["W", 3], ["W", 3], ["W", 3], ["R", 3], ["R", 3], ["R", 3], ["W", 3], ["R", 3], ["R", 3], ["R", 3], ["R", 3], ["R", 3], ["R", 3], ["R", 3], ["R", 3], ["R", 3], ["R", 3], ["R", 3], ["R", 3], ["R", 3], ["R", 3], ["R", 3], ["R", 17], ["W", 17], ["R", 17], ["R", 17], ["R", 17], ["R", 17], ["W", 3], ["W", 17], ["R", 3], ["W", 3], ["W", 3], ["W", 3], ["R", 3]]}]}, "UserController.updateUser": {"t": [{"id": 0, "a": [["R", 3], ["R", 3], ["R", 3], ["W", 3], ["W", 3], ["W", 3], ["W", 3], ["R", 3], ["R", 3], ["R", 3], ["R", 3], ["R", 3], ["R", 3], ["R", 3], ["W", 3], ["R", 3]]}]}, "GitlabController.listenBranch": {"t": [{"id": 0, "a": [["R", 3], ["R", 3], ["R", 3], ["R", 3], ["R", 3]]}]}}