{"17": [], "18": [], "19": [], "20": [], "21": [], "113": [], "23": [], "24": [], "25": [], "35": [], "27": [], "28": [], "29": [], "30": [], "31": [], "32": [], "33": [], "34": [], "36": [], "37": [], "38": [], "39": [], "40": [], "41": [], "42": [], "43": [], "44": [], "45": [], "46": [], "47": [], "48": [], "49": [], "50": [], "51": [], "52": [], "53": [], "54": [], "55": [], "56": [], "57": [], "58": [], "59": [], "60": [], "61": [], "62": [], "63": [], "64": [], "65": [], "66": [], "67": [], "68": [], "69": [], "70": [], "71": [], "72": [], "73": [], "74": [], "75": [], "154": [], "77": [], "78": [], "79": [], "156": [], "81": [], "158": [], "159": [], "160": [], "161": [], "168": [], "169": [], "171": [], "172": [], "173": [], "174": [], "170": [], "162": [], "163": [], "164": [], "165": [], "166": [], "98": [], "99": [], "100": [], "101": [], "102": [], "103": [], "104": [], "105": [], "106": [], "107": [], "108": [], "109": [], "110": [], "111": [], "112": [], "1": ["923610744@qq.com"], "12": ["923610744@qq.com"], "15": ["923610744@qq.com"], "14": ["923610744@qq.com"], "4": ["923610744@qq.com"], "11": ["923610744@qq.com"], "114": [], "16": [], "115": [], "116": [], "117": [], "118": [], "119": [], "120": [], "121": [], "122": [], "123": [], "124": [], "7": [], "5": [], "6": ["923610744@qq.com"], "13": [], "3": ["923610744@qq.com"], "125": [], "126": [], "127": [], "128": [], "129": [], "130": [], "131": [], "132": [], "133": [], "134": [], "135": [], "136": [], "137": [], "138": [], "139": [], "140": [], "141": [], "142": [], "143": [], "144": [], "145": [], "146": [], "147": [], "148": [], "149": [], "150": [], "151": [], "152": [], "153": [], "155": [], "157": [], "167": [], "175": [], "176": [], "177": [], "178": [], "179": [], "180": [], "181": [], "182": [], "236": [], "195": [], "185": [], "186": [], "196": [], "199": [], "200": [], "201": [], "197": [], "198": [], "193": [], "202": [], "2": ["923610744@qq.com"], "203": [], "204": [], "205": [], "206": [], "207": [], "208": [], "209": [], "210": [], "211": [], "212": [], "213": [], "214": [], "215": [], "216": [], "217": [], "218": [], "219": [], "220": [], "221": [], "222": [], "223": [], "224": [], "225": [], "226": [], "227": [], "234": [], "229": [], "230": [], "231": [], "10": ["923610744@qq.com"], "232": [], "233": [], "235": [], "237": [], "238": [], "239": [], "240": [], "241": [], "242": [], "243": [], "244": [], "253": [], "254": [], "247": [], "248": [], "9": ["923610744@qq.com"], "8": ["923610744@qq.com"], "249": [], "250": [], "251": [], "252": [], "255": [], "256": [], "257": [], "258": [], "259": []}