{"1": [15, 11, 3, 12, 14, 4, 12, 12, 15, 12, 15, 12, 12, 3, 4, 12, 6, 3, 4, 8, 3, 12, 9, 4, 2], "2": [4, 8, 9, 1], "3": [1, 15, 11, 12, 14, 4, 1, 4, 1, 4, 1, 8, 12, 9, 4], "4": [12, 11, 3, 12, 14, 1, 15, 15, 3, 1, 3, 1, 2, 8, 9, 3, 12, 9, 1, 8], "6": [1], "8": [9, 4, 2, 3, 12, 9, 4, 1], "9": [4, 2, 8, 4, 1, 8, 3, 12], "11": [1, 15, 3, 12, 14, 4], "12": [4, 11, 3, 14, 4, 1, 15, 1, 1, 15, 1, 15, 1, 1, 1, 3, 9, 4, 1, 8], "14": [3, 12, 4, 1, 15, 11], "15": [14, 4, 1, 11, 3, 12, 12, 1, 12, 1, 4], "5": [], "7": [], "10": [], "13": [], "16": []}