{"WebService.weChats": {"t": [{"id": 0, "a": [["R", 1]]}]}, "WebController.banners": {"t": [{"id": 0, "a": [["R", 2], ["R", 2]]}]}, "WebController.cloud": {"t": [{"id": 0, "a": [["R", 1], ["R", 1]]}]}, "WebController.follow": {"t": [{"id": 0, "a": [["R", 3]]}]}, "WebController.links": {"t": [{"id": 0, "a": [["R", 2], ["R", 2]]}]}, "WebController.notices": {"t": [{"id": 0, "a": [["R", 2], ["R", 2]]}]}, "WebController.recommend": {"t": [{"id": 0, "a": [["R", 1], ["R", 1]]}]}, "WebController.timeline": {"t": [{"id": 0, "a": [["R", 1], ["R", 4], ["R", 1]]}]}, "WebController.topics": {"t": [{"id": 0, "a": [["R", 2], ["R", 2]]}]}, "OptLogCtrl.clearAll": {"t": [{"id": 0, "a": [["W", 5]]}]}, "OptLogCtrl.delBeforeHalfYear": {"t": [{"id": 0, "a": [["R", 5], ["R", 5]]}]}, "OptLogCtrl.findSecurityLogPage": {"t": [{"id": 0, "a": [["R", 5]]}]}, "RoleCtrl.createRole": {"t": [{"id": 0, "a": [["W", 6], ["R", 7], ["W", 6], ["W", 7], ["W", 6]]}]}, "RoleCtrl.deleteRole": {"t": [{"id": 0, "a": [["R", 6], ["W", 6]]}]}, "RoleCtrl.findRoleById": {"t": [{"id": 0, "a": [["R", 6]]}]}, "RoleCtrl.findUserPage": {"t": [{"id": 0, "a": [["R", 6]]}]}, "RoleCtrl.getAllNotEmbed": {"t": [{"id": 0, "a": [["R", 6]]}]}, "RoleCtrl.getRolesBySysUserAccount": {"t": [{"id": 0, "a": [["R", 6]]}]}, "RoleCtrl.updateRole": {"t": [{"id": 0, "a": [["R", 6], ["R", 6], ["R", 7], ["W", 6], ["W", 7]]}]}, "OrderController.convert": {"t": [{"id": 0, "a": [["R", 4], ["R", 8], ["R", 8], ["R", 4], ["R", 8], ["W", 9], ["W", 9], ["W", 8], ["W", 9], ["W", 4], ["W", 9], ["R", 8], ["W", 8], ["R", 8], ["R", 8], ["R", 4], ["R", 8], ["W", 4], ["R", 4], ["R", 4], ["R", 4], ["R", 4], ["R", 4], ["W", 4], ["R", 9]]}]}, "OrderController.findOneSimpleUser": {"t": [{"id": 0, "a": [["R", 9], ["R", 9], ["R", 9], ["R", 9], ["R", 9], ["R", 9], ["R", 9], ["R", 9], ["R", 9], ["R", 9], ["R", 9], ["R", 9], ["R", 9], ["R", 8], ["R", 9], ["R", 4]]}]}, "OrderController.orders": {"t": [{"id": 0, "a": [["R", 9]]}]}, "OrderController.update": {"t": [{"id": 0, "a": [["R", 9], ["W", 9], ["R", 9], ["R", 9], ["R", 6], ["R", 6], ["R", 3], ["R", 3], ["R", 9], ["R", 9], ["R", 9], ["R", 8], ["R", 8], ["R", 9]]}]}, "OrderController.completeOrder": {"t": [{"id": 0, "a": [["R", 9], ["W", 9], ["R", 9], ["R", 9]]}]}, "OrderController.deleteOrders": {"t": [{"id": 0, "a": [["R", 9], ["W", 9]]}]}, "OrderController.findOrder": {"t": [{"id": 0, "a": [["R", 9]]}]}, "OrderController.findOrderPage": {"t": [{"id": 0, "a": [["R", 9]]}]}, "OrderController.findOrders": {"t": [{"id": 0, "a": [["R", 9]]}]}, "OrderController.insertOrder": {"t": [{"id": 0, "a": [["W", 9]]}]}, "OrderController.updateOrder": {"t": [{"id": 0, "a": [["R", 9], ["W", 9], ["R", 9], ["R", 9], ["R", 9], ["R", 9], ["R", 9], ["R", 8], ["R", 8], ["R", 9], ["R", 9], ["R", 9], ["R", 4], ["R", 4], ["R", 9], ["R", 4], ["R", 4]]}]}, "GbookController.checkName": {"t": [{"id": 0, "a": [["R", 10], ["R", 10]]}]}, "GbookController.deleteGbooks": {"t": [{"id": 0, "a": [["R", 10], ["W", 10]]}]}, "GbookController.findGbook": {"t": [{"id": 0, "a": [["R", 10]]}]}, "GbookController.findGbookPage": {"t": [{"id": 0, "a": [["R", 10]]}]}, "GbookController.findGbooks": {"t": [{"id": 0, "a": [["R", 10]]}]}, "GbookController.findOneSimpleUser": {"t": [{"id": 0, "a": [["R", 10], ["R", 10], ["R", 10], ["R", 10], ["R", 10], ["R", 10], ["R", 10], ["R", 10], ["R", 4]]}]}, "GbookController.insertGbook": {"t": [{"id": 0, "a": [["R", 4], ["W", 10], ["W", 4], ["W", 10], ["W", 10], ["W", 10], ["W", 10], ["R", 3], ["R", 3], ["R", 4]]}]}, "GbookController.isSameName": {"t": [{"id": 0, "a": [["R", 10]]}]}, "GbookController.updateGbook": {"t": [{"id": 0, "a": [["R", 10], ["R", 10]]}]}, "GbookController.gbooks": {"t": [{"id": 0, "a": [["R", 10], ["R", 4], ["R", 10]]}]}, "EchartsController.findECharts1": {"t": [{"id": 0, "a": [["R", 1], ["R", 1]]}]}, "EchartsController.findECharts2": {"t": [{"id": 0, "a": [["R", 11], ["R", 11], ["R", 11], ["R", 1], ["R", 1]]}]}, "EchartsController.findECharts3": {"t": [{"id": 0, "a": [["R", 12], ["R", 1]]}]}, "EchartsController.findECharts4": {"t": [{"id": 0, "a": [["R", 10]]}]}, "EchartsController.findECharts5": {"t": [{"id": 0, "a": [["R", 1], ["R", 1]]}]}, "TagController.checkName": {"t": [{"id": 0, "a": [["R", 11], ["R", 11]]}]}, "TagController.deleteTags": {"t": [{"id": 0, "a": [["R", 11], ["W", 11]]}]}, "TagController.findOneSimpleUser": {"t": [{"id": 0, "a": [["R", 11], ["R", 11], ["R", 11], ["R", 11], ["R", 11], ["R", 11]]}]}, "TagController.findTag": {"t": [{"id": 0, "a": [["R", 11]]}]}, "TagController.findTagPage": {"t": [{"id": 0, "a": [["R", 11]]}]}, "TagController.findTags": {"t": [{"id": 0, "a": [["R", 11]]}]}, "TagController.insertTag": {"t": [{"id": 0, "a": [["W", 11]]}]}, "TagController.isSameName": {"t": [{"id": 0, "a": [["R", 11]]}]}, "TagController.updateTag": {"t": [{"id": 0, "a": [["R", 11], ["R", 11]]}]}, "TagController.tags": {"t": [{"id": 0, "a": [["R", 11]]}]}, "ProductController.findOneSimpleUser": {"t": [{"id": 0, "a": [["R", 8], ["R", 8], ["R", 8], ["R", 8], ["R", 8], ["R", 8], ["R", 8], ["R", 8], ["R", 8], ["R", 8]]}]}, "ProductController.products": {"t": [{"id": 0, "a": [["R", 8], ["R", 8]]}]}, "ProductController.checkName": {"t": [{"id": 0, "a": [["R", 8], ["R", 8]]}]}, "ProductController.deleteResumes": {"t": [{"id": 0, "a": [["R", 8], ["W", 8]]}]}, "ProductController.findProduct": {"t": [{"id": 0, "a": [["R", 8]]}]}, "ProductController.findProductPage": {"t": [{"id": 0, "a": [["R", 8]]}]}, "ProductController.findProducts": {"t": [{"id": 0, "a": [["R", 8]]}]}, "ProductController.insertResume": {"t": [{"id": 0, "a": [["W", 8], ["W", 8], ["W", 8]]}]}, "ProductController.isSameName": {"t": [{"id": 0, "a": [["R", 8]]}]}, "ProductController.updateProduct": {"t": [{"id": 0, "a": [["W", 8], ["R", 8], ["R", 8]]}]}, "SimpleUserController.banSimpleUsers": {"t": [{"id": 0, "a": [["R", 4], ["R", 4], ["W", 4], ["R", 4], ["R", 4], ["R", 4], ["R", 4], ["R", 4], ["W", 4]]}]}, "SimpleUserController.deleteSimpleUsers": {"t": [{"id": 0, "a": [["R", 4], ["W", 4]]}]}, "SimpleUserController.findOneSimpleUser": {"t": [{"id": 0, "a": [["R", 4]]}]}, "SimpleUserController.findSimpleUser": {"t": [{"id": 0, "a": [["R", 4]]}]}, "SimpleUserController.findSimpleUserPage": {"t": [{"id": 0, "a": [["R", 4]]}]}, "SimpleUserController.findSimpleUsers": {"t": [{"id": 0, "a": [["R", 4]]}]}, "SimpleUserController.insertSimpleUser": {"t": [{"id": 0, "a": [["R", 4], ["R", 4], ["R", 4], ["W", 4], ["W", 4]]}]}, "SimpleUserController.sendAll": {"t": [{"id": 0, "a": [["R", 4]]}]}, "SimpleUserController.unbanSimpleUsers": {"t": [{"id": 0, "a": [["R", 4], ["R", 4], ["W", 4], ["R", 4], ["R", 4], ["R", 4], ["R", 4], ["R", 4], ["W", 4]]}]}, "SimpleUserController.updateSimpleUser": {"t": [{"id": 0, "a": [["R", 4], ["R", 4], ["R", 4], ["R", 4], ["R", 4], ["W", 4]]}]}, "SimpleUserController.delete": {"t": [{"id": 0, "a": [["W", 4]]}]}, "SimpleUserController.findAll": {"t": [{"id": 0, "a": [["R", 4]]}]}, "SimpleUserController.findOne": {"t": [{"id": 0, "a": [["R", 4]]}]}, "SimpleUserController.findPage": {"t": [{"id": 0, "a": [["R", 4]]}]}, "SimpleUserController.getBeFollowAuthors": {"t": [{"id": 0, "a": [["R", 4]]}]}, "SimpleUserController.getFollowArticles": {"t": [{"id": 0, "a": [["R", 1]]}]}, "SimpleUserController.getFollowAuthors": {"t": [{"id": 0, "a": [["R", 4]]}]}, "SimpleUserController.getFollows": {"t": [{"id": 0, "a": [["R", 4], ["R", 4], ["R", 4], ["R", 4], ["R", 4], ["R", 4], ["R", 4], ["R", 4], ["R", 4], ["R", 1]]}]}, "SimpleUserController.getSelfInfo": {"t": [{"id": 0, "a": [["R", 4], ["W", 4]]}]}, "SimpleUserController.insert": {"t": [{"id": 0, "a": [["R", 4], ["R", 4], ["R", 4], ["W", 4], ["W", 4]]}]}, "SimpleUserController.isExitPhoneOrEmail": {"t": [{"id": 0, "a": [["R", 4]]}]}, "SimpleUserController.isNotExitEmail": {"t": [{"id": 0, "a": [["R", 4]]}]}, "SimpleUserController.isNotExitPhone": {"t": [{"id": 0, "a": [["R", 4]]}]}, "SimpleUserController.isNotExitUser": {"t": [{"id": 0, "a": [["R", 4]]}]}, "SimpleUserController.praise": {"t": [{"id": 0, "a": [["R", 4], ["R", 4], ["W", 4], ["R", 4], ["R", 4], ["R", 4], ["R", 4], ["R", 4], ["W", 4], ["R", 4], ["R", 4], ["R", 4], ["R", 4], ["R", 4], ["R", 4], ["W", 4], ["R", 4], ["R", 4], ["R", 4], ["R", 4], ["R", 4], ["W", 4]]}]}, "SimpleUserController.unPraise": {"t": [{"id": 0, "a": [["R", 4], ["R", 4], ["W", 4], ["R", 4], ["R", 4], ["R", 4], ["R", 4], ["R", 4], ["W", 4], ["R", 4], ["R", 4], ["R", 4], ["R", 4], ["W", 4], ["R", 4], ["R", 4], ["R", 4], ["R", 4], ["R", 4], ["W", 4]]}]}, "SimpleUserController.update": {"t": [{"id": 0, "a": [["R", 4], ["R", 4], ["R", 4], ["R", 4], ["R", 4], ["W", 4]]}]}, "SimpleUserController.updatePic": {"t": [{"id": 0, "a": [["R", 4], ["R", 4], ["R", 4], ["R", 4], ["R", 4]]}]}, "MenuCtrl.getMenus": {"t": [{"id": 0, "a": [["R", 7], ["R", 7]]}]}, "AuthCtrl.getAuthList": {"t": [{"id": 0, "a": [["R", 7]]}]}, "LoginCtrl.index": {"t": [{"id": 0, "a": [["R", 3]]}]}, "LoginCtrl.login": {"t": [{"id": 0, "a": [["R", 3], ["R", 3], ["R", 3], ["R", 3], ["R", 3], ["R", 3], ["W", 13], ["W", 13], ["W", 13], ["W", 13], ["W", 13], ["R", 3], ["R", 3], ["R", 3], ["R", 3], ["R", 3]]}]}, "SecurityLogCtrl.clearAll": {"t": [{"id": 0, "a": [["W", 13]]}]}, "SecurityLogCtrl.delBeforeHalfYear": {"t": [{"id": 0, "a": [["R", 13], ["R", 13]]}]}, "SecurityLogCtrl.findSecurityLogPage": {"t": [{"id": 0, "a": [["R", 13]]}]}, "SysUserCtrl.associate": {"t": [{"id": 0, "a": [["R", 3], ["R", 6], ["W", 3], ["W", 6]]}]}, "SysUserCtrl.createUser": {"t": [{"id": 0, "a": [["R", 3], ["R", 3], ["R", 3], ["W", 3], ["W", 3]]}]}, "SysUserCtrl.deleteUsers": {"t": [{"id": 0, "a": [["R", 3], ["W", 3]]}]}, "SysUserCtrl.findUserPage": {"t": [{"id": 0, "a": [["R", 3]]}]}, "SysUserCtrl.getAllNotEmbed": {"t": [{"id": 0, "a": [["R", 3]]}]}, "SysUserCtrl.getSelfInfo": {"t": [{"id": 0, "a": [["R", 3], ["W", 3]]}]}, "SysUserCtrl.isCreatable": {"t": [{"id": 0, "a": [["R", 3]]}]}, "SysUserCtrl.resetPwd": {"t": [{"id": 0, "a": [["R", 3], ["W", 3], ["R", 3], ["R", 3], ["R", 3], ["W", 3]]}]}, "SysUserCtrl.sendAll": {"t": [{"id": 0, "a": [["R", 3]]}]}, "SysUserCtrl.update": {"t": [{"id": 0, "a": [["R", 3], ["R", 3], ["R", 3], ["R", 3], ["R", 3], ["W", 3]]}]}, "SysUserCtrl.updatePic": {"t": [{"id": 0, "a": [["R", 3], ["R", 3], ["R", 3], ["R", 3], ["R", 3]]}]}, "ArticleController.auditArticles": {"t": [{"id": 0, "a": [["R", 1], ["R", 1], ["W", 1], ["R", 1], ["W", 1], ["R", 1], ["R", 1], ["R", 4], ["R", 1], ["R", 4], ["R", 4], ["W", 4], ["R", 1], ["R", 4], ["R", 4], ["R", 4], ["R", 4], ["R", 4], ["R", 4], ["W", 4], ["R", 1], ["R", 1], ["R", 1], ["R", 4], ["R", 4], ["R", 1], ["R", 1]]}]}, "ArticleController.checkTitle": {"t": [{"id": 0, "a": [["R", 1], ["R", 1]]}]}, "ArticleController.deleteArticles": {"t": [{"id": 0, "a": [["R", 1], ["W", 1]]}]}, "ArticleController.findArticle": {"t": [{"id": 0, "a": [["R", 1]]}]}, "ArticleController.findArticlePage": {"t": [{"id": 0, "a": [["R", 1]]}]}, "ArticleController.findArticles": {"t": [{"id": 0, "a": [["R", 1]]}]}, "ArticleController.findOneArticle": {"t": [{"id": 0, "a": [["R", 1]]}]}, "ArticleController.isSameTitle": {"t": [{"id": 0, "a": [["R", 1]]}]}, "ArticleController.publishArticles": {"t": [{"id": 0, "a": [["R", 1], ["R", 1], ["W", 1], ["R", 1], ["R", 1]]}]}, "ArticleController.recommendArticles": {"t": [{"id": 0, "a": [["R", 1], ["R", 1], ["W", 1], ["R", 1], ["R", 1]]}]}, "ArticleController.toAuditArticles": {"t": [{"id": 0, "a": [["R", 1], ["R", 1], ["W", 1], ["R", 1], ["R", 1], ["R", 1], ["R", 6], ["R", 6], ["R", 3], ["R", 3]]}]}, "ArticleController.unRecommendArticles": {"t": [{"id": 0, "a": [["R", 1], ["R", 1], ["W", 1], ["R", 1], ["R", 1]]}]}, "ResumeController.checkTitle": {"t": [{"id": 0, "a": [["R", 14], ["R", 14]]}]}, "ResumeController.deleteResumes": {"t": [{"id": 0, "a": [["R", 14], ["W", 14]]}]}, "ResumeController.findOneResume": {"t": [{"id": 0, "a": [["R", 14]]}]}, "ResumeController.findResume": {"t": [{"id": 0, "a": [["R", 14]]}]}, "ResumeController.findResumePage": {"t": [{"id": 0, "a": [["R", 14]]}]}, "ResumeController.findResumes": {"t": [{"id": 0, "a": [["R", 14]]}]}, "ResumeController.insertResume": {"t": [{"id": 0, "a": [["R", 3], ["W", 14], ["W", 3], ["W", 14], ["W", 14], ["W", 14]]}]}, "ResumeController.isSameTitle": {"t": [{"id": 0, "a": [["R", 14]]}]}, "ResumeController.updateResume": {"t": [{"id": 0, "a": [["R", 3], ["W", 14], ["W", 3], ["W", 14], ["R", 14], ["R", 14]]}]}, "ArticleController.articleComments": {"t": [{"id": 0, "a": [["R", 12], ["R", 1], ["R", 4], ["R", 15], ["R", 12], ["R", 4], ["R", 15], ["R", 12]]}]}, "ArticleController.articleInfo": {"t": [{"id": 0, "a": [["R", 1], ["R", 11], ["R", 4]]}]}, "ArticleController.articleRelated": {"t": [{"id": 0, "a": [["R", 1], ["R", 1], ["R", 1], ["R", 1], ["R", 1], ["R", 1], ["R", 1], ["R", 1], ["R", 1], ["R", 1], ["R", 1], ["R", 1], ["R", 1], ["R", 1], ["R", 1], ["R", 1], ["R", 1], ["R", 1], ["R", 1], ["R", 1], ["R", 1], ["R", 1], ["R", 11], ["R", 11], ["R", 1], ["R", 1]]}]}, "ArticleController.articles": {"t": [{"id": 0, "a": [["R", 1], ["R", 11], ["R", 4], ["R", 1]]}]}, "ArticleController.articles4Author": {"t": [{"id": 0, "a": [["R", 1], ["R", 11], ["R", 4], ["R", 1], ["R", 4]]}]}, "ArticleController.articles4Recommend": {"t": [{"id": 0, "a": [["R", 1], ["R", 1]]}]}, "ArticleController.articles4question": {"t": [{"id": 0, "a": [["R", 1], ["R", 1], ["R", 11], ["R", 4], ["R", 1], ["R", 1], ["R", 11]]}]}, "ArticleController.collect": {"t": [{"id": 0, "a": [["R", 4], ["R", 4], ["R", 4], ["W", 4], ["R", 4], ["R", 4], ["R", 4], ["R", 4], ["R", 4], ["W", 4], ["R", 1], ["R", 1], ["W", 1], ["R", 1], ["R", 1]]}]}, "ArticleController.delete": {"t": [{"id": 0, "a": [["R", 1], ["R", 1], ["W", 1], ["R", 1], ["R", 1]]}]}, "ArticleController.insert": {"t": [{"id": 0, "a": [["R", 4], ["W", 1], ["W", 4], ["W", 1], ["W", 1], ["W", 1], ["W", 1], ["W", 1], ["R", 1], ["R", 1], ["R", 6], ["R", 6], ["R", 3], ["R", 3], ["R", 1]]}]}, "ArticleController.pageview": {"t": [{"id": 0, "a": [["R", 1], ["R", 1], ["W", 1], ["R", 1], ["R", 1]]}]}, "ArticleController.praise": {"t": [{"id": 0, "a": [["R", 1], ["R", 1], ["W", 1], ["R", 1], ["R", 1]]}]}, "ArticleController.publish": {"t": [{"id": 0, "a": [["R", 1], ["R", 1], ["W", 1], ["R", 1], ["R", 1]]}]}, "ArticleController.recovery": {"t": [{"id": 0, "a": [["R", 1], ["R", 1], ["W", 1], ["R", 1], ["R", 1]]}]}, "ArticleController.toAudit": {"t": [{"id": 0, "a": [["R", 1], ["R", 1], ["W", 1], ["R", 1], ["R", 1], ["R", 1], ["R", 6], ["R", 6], ["R", 3], ["R", 3]]}]}, "ArticleController.unCollect": {"t": [{"id": 0, "a": [["R", 4], ["R", 4], ["W", 4], ["R", 4], ["R", 4], ["R", 4], ["R", 4], ["R", 4], ["W", 4], ["R", 1], ["R", 1], ["W", 1], ["R", 1], ["R", 1]]}]}, "ArticleController.unPraise": {"t": [{"id": 0, "a": [["R", 1], ["R", 1], ["W", 1], ["R", 1], ["R", 1]]}]}, "ArticleController.uniquevisitor": {"t": [{"id": 0, "a": [["R", 1], ["R", 1], ["W", 1], ["R", 1], ["R", 1], ["R", 1], ["R", 1], ["W", 1], ["R", 1], ["R", 1]]}]}, "ArticleController.update": {"t": [{"id": 0, "a": [["R", 4], ["W", 1], ["W", 4], ["W", 1], ["R", 1], ["R", 1], ["R", 1], ["W", 1], ["R", 1], ["R", 1], ["R", 1], ["R", 1], ["R", 6], ["R", 6], ["R", 3], ["R", 3], ["R", 1]]}]}, "LoginController.active": {"t": [{"id": 0, "a": [["R", 4], ["R", 4], ["R", 4], ["R", 4], ["R", 4], ["W", 4], ["R", 4], ["R", 4], ["W", 4], ["R", 4], ["R", 4], ["W", 4], ["W", 4], ["W", 4], ["R", 4], ["R", 4], ["R", 4], ["R", 4], ["R", 4], ["W", 4], ["R", 4], ["R", 4], ["R", 4], ["R", 4], ["R", 4], ["W", 13], ["W", 13], ["W", 13], ["W", 13], ["W", 13]]}]}, "LoginController.codeLogin": {"t": [{"id": 0, "a": [["R", 4], ["R", 4], ["R", 4], ["R", 4], ["R", 4], ["R", 4], ["R", 4], ["R", 4], ["R", 4], ["R", 4], ["R", 4], ["R", 4], ["R", 4], ["R", 4], ["R", 4], ["R", 4], ["W", 13], ["W", 13], ["W", 13], ["W", 13], ["W", 13]]}]}, "LoginController.githubLogin": {"t": [{"id": 0, "a": [["W", 13], ["W", 13], ["W", 13], ["W", 13], ["W", 13]]}]}, "LoginController.index": {"t": [{"id": 0, "a": [["R", 4]]}]}, "LoginController.login": {"t": [{"id": 0, "a": [["R", 4], ["R", 4], ["R", 4], ["R", 4], ["R", 4], ["R", 4], ["R", 4], ["R", 4], ["R", 4], ["R", 4], ["R", 4], ["R", 4], ["R", 4], ["R", 4], ["R", 4], ["R", 4], ["R", 4], ["W", 13], ["W", 13], ["W", 13], ["W", 13], ["W", 13]]}]}, "LoginController.register": {"t": [{"id": 0, "a": [["R", 4], ["R", 4], ["R", 4], ["R", 4], ["R", 4], ["R", 4], ["W", 4], ["W", 4], ["R", 4], ["W", 4], ["R", 4], ["R", 4], ["R", 4], ["W", 4], ["W", 4], ["R", 4], ["R", 4], ["R", 4], ["R", 4], ["R", 4], ["W", 13], ["W", 13], ["W", 13], ["W", 13], ["W", 13], ["R", 4], ["R", 4]]}]}, "LoginController.resetPwd": {"t": [{"id": 0, "a": [["R", 4], ["R", 4], ["R", 4], ["R", 4], ["R", 4], ["R", 4], ["R", 4], ["R", 4], ["R", 4], ["R", 4], ["R", 4], ["R", 4], ["R", 4], ["R", 4], ["W", 4], ["R", 4], ["R", 4], ["R", 4], ["R", 4], ["R", 4], ["W", 4], ["W", 13], ["W", 13], ["W", 13], ["W", 13], ["W", 13]]}]}, "LoginController.sendCaptcha": {"t": [{"id": 0, "a": [["R", 4], ["R", 4], ["R", 4], ["R", 4], ["R", 4]]}]}, "LoginController.sinaLogin": {"t": [{"id": 0, "a": [["W", 13], ["W", 13], ["W", 13], ["W", 13], ["W", 13]]}]}, "ResumeController.resumes": {"t": [{"id": 0, "a": [["R", 14], ["R", 14]]}]}, "ReplyController.checkName": {"t": [{"id": 0, "a": [["R", 15], ["R", 15]]}]}, "ReplyController.deleteReplys": {"t": [{"id": 0, "a": [["R", 15], ["W", 15]]}]}, "ReplyController.findOneReply": {"t": [{"id": 0, "a": [["R", 15]]}]}, "ReplyController.findReply": {"t": [{"id": 0, "a": [["R", 15]]}]}, "ReplyController.findReplyPage": {"t": [{"id": 0, "a": [["R", 12], ["R", 15]]}]}, "ReplyController.findReplys": {"t": [{"id": 0, "a": [["R", 15]]}]}, "ReplyController.insertReply": {"t": [{"id": 0, "a": [["W", 15]]}]}, "ReplyController.isSameName": {"t": [{"id": 0, "a": [["R", 15]]}]}, "ReplyController.updateReply": {"t": [{"id": 0, "a": [["R", 15], ["R", 15]]}]}, "ReplyController.addReply": {"t": [{"id": 0, "a": [["R", 4], ["W", 15], ["W", 4], ["R", 12], ["W", 15], ["W", 12], ["W", 15], ["W", 15], ["R", 12], ["R", 12], ["R", 4], ["R", 12], ["R", 4], ["R", 4], ["W", 4], ["R", 12], ["R", 4], ["R", 4], ["R", 4], ["R", 4], ["R", 4], ["R", 4], ["W", 4], ["R", 3], ["R", 3], ["R", 4], ["R", 12], ["R", 12], ["R", 4], ["R", 4], ["R", 12], ["R", 4], ["R", 4]]}]}, "ReplyController.delete": {"t": [{"id": 0, "a": [["W", 15]]}]}, "ReplyController.praise": {"t": [{"id": 0, "a": [["R", 15], ["R", 15], ["W", 15], ["R", 15], ["R", 15]]}]}, "ReplyController.replys": {"t": [{"id": 0, "a": [["R", 15], ["R", 12], ["R", 4], ["R", 15]]}]}, "ReplyController.unPraise": {"t": [{"id": 0, "a": [["R", 15], ["R", 15], ["W", 15], ["R", 15], ["R", 15]]}]}, "EventLogCtrl.clearAll": {"t": [{"id": 0, "a": [["W", 16]]}]}, "EventLogCtrl.delBeforeHalfYear": {"t": [{"id": 0, "a": [["R", 16], ["R", 16]]}]}, "EventLogCtrl.findSecurityLogPage": {"t": [{"id": 0, "a": [["R", 16]]}]}, "ConfigureController.deleteResumes": {"t": [{"id": 0, "a": [["R", 2], ["W", 2]]}]}, "ConfigureController.findArticlePage": {"t": [{"id": 0, "a": [["R", 2]]}]}, "ConfigureController.findConfigure": {"t": [{"id": 0, "a": [["R", 2]]}]}, "ConfigureController.findNotices": {"t": [{"id": 0, "a": [["R", 2], ["R", 2]]}]}, "ConfigureController.insertResume": {"t": [{"id": 0, "a": [["W", 2], ["W", 2], ["W", 2]]}]}, "ConfigureController.updateConfigure": {"t": [{"id": 0, "a": [["W", 2], ["R", 2], ["R", 2]]}]}, "CommentController.checkName": {"t": [{"id": 0, "a": [["R", 12], ["R", 12]]}]}, "CommentController.deleteComments": {"t": [{"id": 0, "a": [["R", 12], ["W", 12]]}]}, "CommentController.findComment": {"t": [{"id": 0, "a": [["R", 12]]}]}, "CommentController.findCommentPage": {"t": [{"id": 0, "a": [["R", 1], ["R", 12]]}]}, "CommentController.findComments": {"t": [{"id": 0, "a": [["R", 12]]}]}, "CommentController.findOneComment": {"t": [{"id": 0, "a": [["R", 12]]}]}, "CommentController.insertComment": {"t": [{"id": 0, "a": [["W", 12]]}]}, "CommentController.isSameName": {"t": [{"id": 0, "a": [["R", 12]]}]}, "CommentController.toHotComments": {"t": [{"id": 0, "a": [["R", 12], ["R", 12], ["W", 12], ["R", 12], ["R", 12]]}]}, "CommentController.untoHotComments": {"t": [{"id": 0, "a": [["R", 12], ["R", 12], ["W", 12], ["R", 12], ["R", 12]]}]}, "CommentController.updateComment": {"t": [{"id": 0, "a": [["R", 12], ["R", 12]]}]}, "CommentController.addComment": {"t": [{"id": 0, "a": [["R", 4], ["W", 12], ["W", 4], ["R", 1], ["W", 12], ["W", 1], ["W", 12], ["W", 12], ["R", 1], ["R", 1], ["R", 4], ["R", 1], ["R", 4], ["R", 4], ["W", 4], ["R", 1], ["R", 4], ["R", 4], ["R", 4], ["R", 4], ["R", 4], ["R", 4], ["W", 4], ["R", 3], ["R", 3], ["R", 4], ["R", 1], ["R", 1], ["R", 1], ["R", 4], ["R", 4], ["R", 1], ["R", 4], ["R", 4]]}]}, "CommentController.comments": {"t": [{"id": 0, "a": [["R", 12], ["R", 1], ["R", 4], ["R", 12]]}]}, "CommentController.delete": {"t": [{"id": 0, "a": [["W", 12]]}]}, "CommentController.praise": {"t": [{"id": 0, "a": [["R", 12], ["R", 12], ["W", 12], ["R", 12], ["R", 12]]}]}, "CommentController.unPraise": {"t": [{"id": 0, "a": [["R", 12], ["R", 12], ["W", 12], ["R", 12], ["R", 12]]}]}}