{"23": ["careyb@mindspring.com"], "24": ["Brian@brianmcarey", "careyb@mindspring.com"], "25": ["bcarey@LAPTOP-9IJC4N3L", "Brian@brianmcarey", "careyb@mindspring.com"], "26": ["careyb@mindspring.com"], "27": ["bcarey@LAPTOP-9IJC4N3L", "Brian@brianmcarey", "careyb@mindspring.com"], "28": ["careyb@mindspring.com"], "29": ["careyb@mindspring.com"], "30": ["bcarey@LAPTOP-9IJC4N3L", "Brian@brianmcarey", "careyb@mindspring.com"], "31": ["careyb@mindspring.com"], "32": ["bcarey@LAPTOP-9IJC4N3L", "Brian@brianmcarey", "careyb@mindspring.com"], "33": ["careyb@mindspring.com"], "34": ["careyb@mindspring.com"], "35": ["careyb@mindspring.com"], "36": ["bcarey@LAPTOP-9IJC4N3L", "Brian@brianmcarey", "careyb@mindspring.com"], "37": ["bcarey@LAPTOP-9IJC4N3L", "careyb@mindspring.com"], "38": ["careyb@mindspring.com"], "39": ["Brian@brianmcarey", "careyb@mindspring.com"], "40": ["careyb@mindspring.com"], "41": ["careyb@mindspring.com"], "16": ["careyb@mindspring.com"], "42": ["careyb@mindspring.com"], "43": ["careyb@mindspring.com"], "44": ["bcarey@LAPTOP-9IJC4N3L", "Brian@brianmcarey", "careyb@mindspring.com"], "45": ["bcarey@LAPTOP-9IJC4N3L", "Brian@brianmcarey", "careyb@mindspring.com"], "46": ["bcarey@LAPTOP-9IJC4N3L", "Brian@brianmcarey", "careyb@mindspring.com"], "47": ["careyb@mindspring.com"], "48": ["Brian@brianmcarey", "careyb@mindspring.com"], "49": ["Brian@brianmcarey"], "50": ["Brian@brianmcarey"], "51": ["Brian@brianmcarey"], "52": ["bcarey@LAPTOP-9IJC4N3L", "Brian@brianmcarey", "careyb@mindspring.com"], "53": ["Brian@brianmcarey", "careyb@mindspring.com"], "54": ["bcarey@LAPTOP-9IJC4N3L", "Brian@brianmcarey", "careyb@mindspring.com"], "1": ["bcarey@LAPTOP-9IJC4N3L", "Brian@brianmcarey"], "55": ["bcarey@LAPTOP-9IJC4N3L", "Brian@brianmcarey"], "56": ["Brian@brianmcarey"], "57": ["Brian@brianmcarey"], "58": ["Brian@brianmcarey", "careyb@mindspring.com"], "59": ["bcarey@LAPTOP-9IJC4N3L", "Brian@brianmcarey", "careyb@mindspring.com"], "60": ["Brian@brianmcarey"], "61": ["Brian@brianmcarey"], "62": ["Brian@brianmcarey"], "63": ["Brian@brianmcarey"], "64": ["bcarey@LAPTOP-9IJC4N3L", "Brian@brianmcarey", "careyb@mindspring.com"], "65": ["bcarey@LAPTOP-9IJC4N3L", "Brian@brianmcarey"], "66": ["Brian@brianmcarey"], "67": ["bcarey@LAPTOP-9IJC4N3L", "Brian@brianmcarey", "careyb@mindspring.com"], "2": ["Brian@brianmcarey"], "68": ["Brian@brianmcarey"], "69": ["Brian@brianmcarey"], "70": ["bcarey@LAPTOP-9IJC4N3L", "Brian@brianmcarey"], "71": ["bcarey@LAPTOP-9IJC4N3L", "careyb@mindspring.com"], "72": ["bcarey@LAPTOP-9IJC4N3L", "careyb@mindspring.com"], "73": ["bcarey@LAPTOP-9IJC4N3L", "careyb@mindspring.com"], "74": ["careyb@mindspring.com"], "75": ["bcarey@LAPTOP-9IJC4N3L", "careyb@mindspring.com"], "76": ["bcarey@LAPTOP-9IJC4N3L", "careyb@mindspring.com"], "77": ["careyb@mindspring.com"], "78": ["careyb@mindspring.com"], "18": ["careyb@mindspring.com"], "19": ["careyb@mindspring.com"], "79": ["bcarey@LAPTOP-9IJC4N3L", "careyb@mindspring.com"], "80": ["careyb@mindspring.com"], "81": ["careyb@mindspring.com"], "82": ["careyb@mindspring.com"], "83": ["bcarey@LAPTOP-9IJC4N3L", "careyb@mindspring.com"], "84": ["bcarey@LAPTOP-9IJC4N3L", "careyb@mindspring.com"], "85": ["bcarey@LAPTOP-9IJC4N3L", "careyb@mindspring.com"], "86": ["bcarey@LAPTOP-9IJC4N3L", "careyb@mindspring.com"], "87": ["bcarey@LAPTOP-9IJC4N3L", "careyb@mindspring.com"], "4": ["careyb@mindspring.com"], "88": ["careyb@mindspring.com"], "89": ["careyb@mindspring.com"], "90": ["bcarey@LAPTOP-9IJC4N3L", "careyb@mindspring.com"], "91": ["bcarey@LAPTOP-9IJC4N3L", "careyb@mindspring.com"], "92": ["bcarey@LAPTOP-9IJC4N3L", "careyb@mindspring.com"], "93": ["careyb@mindspring.com"], "94": ["bcarey@LAPTOP-9IJC4N3L", "careyb@mindspring.com"], "21": ["careyb@mindspring.com"], "95": ["careyb@mindspring.com"], "96": ["careyb@mindspring.com"], "97": ["careyb@mindspring.com"], "98": ["careyb@mindspring.com"], "99": ["careyb@mindspring.com"], "100": ["careyb@mindspring.com"], "101": ["bcarey@LAPTOP-9IJC4N3L", "careyb@mindspring.com"], "102": ["careyb@mindspring.com"], "22": ["careyb@mindspring.com"], "103": ["careyb@mindspring.com"], "104": ["careyb@mindspring.com"], "105": ["careyb@mindspring.com"], "106": ["bcarey@LAPTOP-9IJC4N3L", "careyb@mindspring.com"], "107": ["careyb@mindspring.com"], "108": ["careyb@mindspring.com"], "109": ["bcarey@LAPTOP-9IJC4N3L", "careyb@mindspring.com"], "20": ["careyb@mindspring.com"], "110": ["careyb@mindspring.com"], "111": ["bcarey@LAPTOP-9IJC4N3L", "careyb@mindspring.com"], "17": ["careyb@mindspring.com"], "112": ["careyb@mindspring.com"], "113": ["bcarey@LAPTOP-9IJC4N3L", "careyb@mindspring.com"], "114": ["bcarey@LAPTOP-9IJC4N3L", "careyb@mindspring.com"], "115": ["bcarey@LAPTOP-9IJC4N3L", "careyb@mindspring.com"], "116": ["careyb@mindspring.com"], "117": ["careyb@mindspring.com"], "118": ["careyb@mindspring.com"], "119": ["bcarey@LAPTOP-9IJC4N3L"], "120": ["bcarey@LAPTOP-9IJC4N3L"], "121": ["bcarey@LAPTOP-9IJC4N3L"], "10": ["bcarey@LAPTOP-9IJC4N3L"], "9": ["bcarey@LAPTOP-9IJC4N3L"], "122": ["bcarey@LAPTOP-9IJC4N3L"], "123": ["bcarey@LAPTOP-9IJC4N3L"], "124": ["bcarey@LAPTOP-9IJC4N3L"], "11": ["bcarey@LAPTOP-9IJC4N3L"], "125": ["bcarey@LAPTOP-9IJC4N3L"], "126": ["bcarey@LAPTOP-9IJC4N3L"], "13": ["bcarey@LAPTOP-9IJC4N3L"], "12": ["bcarey@LAPTOP-9IJC4N3L"], "127": ["bcarey@LAPTOP-9IJC4N3L"], "128": ["bcarey@LAPTOP-9IJC4N3L"], "129": ["bcarey@LAPTOP-9IJC4N3L"], "130": ["bcarey@LAPTOP-9IJC4N3L"], "131": ["bcarey@LAPTOP-9IJC4N3L"], "132": ["bcarey@LAPTOP-9IJC4N3L"], "5": ["bcarey@LAPTOP-9IJC4N3L"], "133": ["bcarey@LAPTOP-9IJC4N3L"], "134": ["bcarey@LAPTOP-9IJC4N3L"], "135": ["bcarey@LAPTOP-9IJC4N3L"], "136": ["bcarey@LAPTOP-9IJC4N3L"], "6": ["bcarey@LAPTOP-9IJC4N3L"], "137": ["bcarey@LAPTOP-9IJC4N3L"], "138": ["bcarey@LAPTOP-9IJC4N3L"], "3": ["bcarey@LAPTOP-9IJC4N3L"], "139": ["bcarey@LAPTOP-9IJC4N3L"], "140": ["bcarey@LAPTOP-9IJC4N3L"], "141": ["bcarey@LAPTOP-9IJC4N3L"], "142": ["bcarey@LAPTOP-9IJC4N3L"], "143": ["bcarey@LAPTOP-9IJC4N3L"], "144": ["bcarey@LAPTOP-9IJC4N3L"], "145": ["bcarey@LAPTOP-9IJC4N3L"], "146": ["bcarey@LAPTOP-9IJC4N3L"], "8": ["bcarey@LAPTOP-9IJC4N3L"], "147": ["bcarey@LAPTOP-9IJC4N3L"], "148": ["bcarey@LAPTOP-9IJC4N3L"], "149": ["bcarey@LAPTOP-9IJC4N3L"], "150": ["bcarey@LAPTOP-9IJC4N3L"], "151": ["bcarey@LAPTOP-9IJC4N3L"], "152": ["bcarey@LAPTOP-9IJC4N3L"], "153": ["bcarey@LAPTOP-9IJC4N3L"], "154": ["bcarey@LAPTOP-9IJC4N3L"], "155": ["bcarey@LAPTOP-9IJC4N3L"], "156": ["bcarey@LAPTOP-9IJC4N3L"], "157": ["bcarey@LAPTOP-9IJC4N3L"], "158": ["bcarey@LAPTOP-9IJC4N3L"], "159": ["bcarey@LAPTOP-9IJC4N3L"], "160": ["bcarey@LAPTOP-9IJC4N3L"], "161": ["bcarey@LAPTOP-9IJC4N3L"], "162": ["bcarey@LAPTOP-9IJC4N3L"], "163": ["bcarey@LAPTOP-9IJC4N3L"], "164": ["bcarey@LAPTOP-9IJC4N3L"], "165": ["bcarey@LAPTOP-9IJC4N3L"], "166": ["bcarey@LAPTOP-9IJC4N3L"], "7": ["bcarey@LAPTOP-9IJC4N3L"], "167": ["bcarey@LAPTOP-9IJC4N3L"], "168": ["bcarey@LAPTOP-9IJC4N3L"], "169": ["bcarey@LAPTOP-9IJC4N3L"], "170": ["bcarey@LAPTOP-9IJC4N3L"], "171": ["bcarey@LAPTOP-9IJC4N3L"], "172": ["bcarey@LAPTOP-9IJC4N3L"], "173": ["bcarey@LAPTOP-9IJC4N3L"], "174": ["bcarey@LAPTOP-9IJC4N3L"], "175": ["bcarey@LAPTOP-9IJC4N3L"], "176": ["bcarey@LAPTOP-9IJC4N3L"], "14": ["bcarey@LAPTOP-9IJC4N3L"], "15": ["bcarey@LAPTOP-9IJC4N3L"], "177": ["bcarey@LAPTOP-9IJC4N3L"], "178": ["bcarey@LAPTOP-9IJC4N3L"], "179": ["bcarey@LAPTOP-9IJC4N3L"], "180": ["bcarey@LAPTOP-9IJC4N3L"], "181": ["bcarey@LAPTOP-9IJC4N3L"], "182": ["bcarey@LAPTOP-9IJC4N3L"], "183": ["bcarey@LAPTOP-9IJC4N3L"], "184": ["bcarey@LAPTOP-9IJC4N3L"], "185": ["bcarey@LAPTOP-9IJC4N3L"], "186": ["bcarey@LAPTOP-9IJC4N3L"], "187": ["bcarey@LAPTOP-9IJC4N3L"], "188": ["bcarey@LAPTOP-9IJC4N3L"], "189": ["bcarey@LAPTOP-9IJC4N3L"], "190": ["bcarey@LAPTOP-9IJC4N3L"], "191": ["bcarey@LAPTOP-9IJC4N3L"], "192": ["bcarey@LAPTOP-9IJC4N3L"], "193": ["bcarey@LAPTOP-9IJC4N3L"], "194": ["bcarey@LAPTOP-9IJC4N3L"]}