{"23": {"24": 2, "total_commits": 5, "30": 1, "27": 1, "25": 1}, "24": {"23": 2, "total_commits": 18, "29": 1, "33": 1, "32": 2, "30": 2, "27": 2, "31": 1, "25": 2, "36": 2, "49": 1, "39": 1, "48": 1}, "28": {"27": 1, "total_commits": 3, "26": 1, "25": 1}, "27": {"26": 2, "total_commits": 94, "28": 1, "25": 7, "29": 1, "33": 1, "32": 3, "30": 6, "31": 1, "24": 2, "23": 1, "35": 1, "36": 1, "42": 1, "39": 1, "43": 1, "16": 1, "41": 1, "48": 1, "54": 3, "73": 4, "37": 1, "72": 3, "71": 2, "74": 1, "59": 3, "83": 2, "84": 2, "52": 2, "79": 1, "46": 1, "76": 1, "5": 1, "44": 2, "132": 2, "75": 1, "65": 1, "115": 1, "131": 1, "67": 1, "87": 2, "130": 1, "64": 2, "92": 1, "127": 2, "94": 1, "109": 1, "101": 1, "45": 1, "133": 1, "85": 1, "136": 1, "144": 1, "145": 1, "138": 1, "91": 1, "86": 1, "111": 1, "146": 1, "114": 1, "113": 1, "142": 1}, "26": {"28": 1, "total_commits": 7, "27": 2, "25": 2, "35": 1, "30": 1}, "25": {"28": 1, "total_commits": 116, "27": 7, "26": 2, "24": 2, "23": 1, "30": 6, "35": 1, "39": 2, "38": 2, "29": 1, "40": 1, "37": 1, "43": 1, "16": 1, "41": 1, "42": 1, "32": 4, "36": 2, "58": 2, "48": 2, "54": 5, "59": 5, "49": 1, "44": 4, "65": 2, "70": 1, "69": 1, "46": 2, "64": 4, "67": 2, "68": 1, "66": 1, "2": 1, "1": 1, "83": 2, "52": 2, "85": 2, "86": 2, "72": 3, "79": 1, "76": 1, "132": 2, "75": 1, "115": 1, "131": 1, "87": 2, "130": 1, "5": 1, "127": 2, "71": 1, "94": 1, "73": 2, "109": 1, "101": 1, "45": 1, "133": 1, "92": 1, "145": 1, "138": 1, "91": 1, "144": 1, "146": 1, "114": 1, "111": 1, "142": 1, "84": 1, "113": 1, "136": 1}, "30": {"31": 1, "total_commits": 72, "24": 2, "29": 1, "33": 1, "32": 3, "27": 6, "25": 6, "23": 1, "35": 1, "26": 1, "43": 1, "41": 1, "16": 1, "42": 1, "39": 1, "54": 2, "66": 1, "64": 2, "68": 1, "44": 2, "59": 2, "48": 1, "2": 1, "1": 1, "65": 2, "46": 3, "67": 3, "70": 1, "69": 1, "71": 2, "89": 1, "5": 1, "127": 1, "132": 1, "94": 1, "73": 1, "115": 1, "87": 1, "130": 1, "109": 1, "101": 1, "133": 1, "72": 1, "92": 1, "45": 1, "79": 1, "76": 1, "75": 1, "131": 1}, "31": {"33": 1, "total_commits": 6, "30": 1, "27": 1, "24": 1, "29": 1, "32": 1}, "32": {"24": 2, "total_commits": 103, "29": 1, "33": 1, "30": 3, "27": 3, "31": 1, "16": 1, "41": 1, "42": 1, "43": 1, "39": 2, "25": 4, "36": 3, "49": 2, "48": 2, "54": 5, "1": 3, "52": 2, "55": 1, "59": 3, "70": 1, "69": 1, "46": 1, "64": 2, "68": 1, "66": 1, "2": 1, "67": 1, "44": 2, "65": 1, "73": 1, "37": 1, "72": 2, "71": 1, "76": 1, "78": 1, "77": 1, "19": 1, "80": 1, "18": 1, "81": 1, "75": 1, "79": 1, "82": 1, "86": 5, "83": 1, "58": 1, "85": 1, "91": 2, "134": 2, "132": 4, "5": 1, "135": 1, "136": 2, "3": 2, "139": 1, "138": 2, "175": 2, "173": 1, "174": 1, "166": 1, "180": 1, "179": 1, "189": 1, "176": 1}, "29": {"33": 1, "total_commits": 11, "32": 1, "30": 1, "27": 1, "31": 1, "24": 1, "40": 1, "37": 1, "39": 1, "38": 1, "25": 1}, "33": {"27": 1, "total_commits": 6, "31": 1, "24": 1, "29": 1, "32": 1, "30": 1}, "35": {"25": 1, "total_commits": 4, "26": 1, "30": 1, "27": 1}, "36": {"27": 1, "total_commits": 23, "25": 2, "24": 2, "39": 1, "48": 2, "49": 2, "32": 3, "52": 1, "54": 2, "55": 1, "1": 1, "59": 1, "111": 1, "85": 1, "114": 1, "87": 1}, "37": {"38": 1, "total_commits": 28, "25": 1, "29": 1, "40": 1, "39": 1, "71": 1, "73": 1, "32": 1, "72": 1, "27": 1, "152": 2, "153": 1, "151": 1, "148": 1, "150": 1, "114": 1, "144": 1, "143": 1, "145": 1, "8": 1, "6": 1, "149": 1, "147": 1, "138": 1, "146": 1, "162": 1, "161": 1}, "38": {"40": 1, "total_commits": 6, "37": 1, "39": 1, "25": 2, "29": 1}, "40": {"29": 1, "total_commits": 5, "37": 1, "39": 1, "38": 1, "25": 1}, "39": {"38": 1, "total_commits": 18, "25": 2, "29": 1, "40": 1, "37": 1, "27": 1, "43": 1, "16": 1, "41": 1, "30": 1, "42": 1, "32": 2, "48": 1, "24": 1, "36": 1, "49": 1}, "41": {"27": 1, "total_commits": 8, "39": 1, "25": 1, "43": 1, "16": 1, "42": 1, "32": 1, "30": 1}, "43": {"42": 1, "total_commits": 8, "32": 1, "30": 1, "27": 1, "39": 1, "25": 1, "41": 1, "16": 1}, "16": {"25": 1, "total_commits": 8, "43": 1, "41": 1, "42": 1, "32": 1, "30": 1, "27": 1, "39": 1}, "42": {"27": 1, "total_commits": 8, "39": 1, "25": 1, "43": 1, "16": 1, "41": 1, "32": 1, "30": 1}, "47": {"46": 1, "total_commits": 3, "45": 1, "44": 1}, "46": {"47": 1, "total_commits": 52, "44": 4, "45": 3, "66": 1, "2": 1, "1": 1, "32": 1, "54": 1, "48": 1, "65": 2, "70": 1, "69": 1, "25": 2, "64": 2, "67": 3, "68": 1, "30": 3, "59": 2, "71": 2, "89": 1, "132": 1, "75": 1, "115": 1, "131": 1, "87": 1, "130": 1, "5": 1, "127": 1, "94": 1, "73": 1, "109": 1, "101": 1, "133": 1, "72": 1, "92": 1, "27": 1, "79": 1, "76": 1}, "44": {"47": 1, "total_commits": 84, "46": 4, "45": 3, "59": 4, "48": 1, "2": 1, "1": 1, "32": 2, "65": 2, "54": 3, "67": 2, "70": 1, "30": 2, "69": 1, "66": 1, "25": 4, "64": 4, "68": 1, "83": 2, "85": 2, "58": 1, "52": 2, "86": 2, "72": 3, "75": 1, "27": 2, "131": 1, "76": 1, "5": 1, "127": 2, "132": 2, "94": 1, "115": 1, "87": 2, "130": 1, "109": 1, "133": 1, "92": 1, "71": 1, "73": 2, "101": 1, "79": 1, "144": 1, "138": 1, "114": 1, "111": 1, "146": 1, "142": 1, "84": 1, "113": 1, "136": 1, "145": 1, "91": 1}, "45": {"47": 1, "total_commits": 32, "44": 3, "46": 3, "25": 1, "64": 1, "72": 1, "92": 1, "127": 1, "71": 1, "73": 1, "30": 1, "101": 1, "133": 1, "79": 1, "65": 1, "27": 1, "131": 1, "76": 1, "5": 1, "59": 1, "132": 1, "94": 1, "75": 1, "115": 1, "67": 1, "87": 1, "130": 1, "109": 1}, "48": {"39": 1, "total_commits": 44, "24": 1, "36": 2, "49": 2, "32": 2, "52": 1, "54": 2, "51": 1, "53": 2, "50": 1, "25": 2, "58": 1, "27": 1, "65": 1, "70": 1, "69": 1, "46": 1, "64": 1, "67": 1, "68": 1, "30": 1, "59": 1, "66": 1, "2": 1, "1": 1, "44": 1, "74": 1, "84": 1, "112": 1, "87": 1, "89": 1, "113": 1, "17": 1, "104": 1, "105": 1, "109": 1, "111": 1, "114": 1}, "49": {"32": 2, "total_commits": 17, "39": 1, "48": 2, "24": 1, "36": 2, "50": 2, "51": 1, "53": 1, "52": 1, "54": 2, "59": 1, "25": 1}, "50": {"49": 2, "total_commits": 7, "51": 1, "53": 1, "52": 1, "54": 1, "48": 1}, "54": {"52": 5, "total_commits": 86, "48": 2, "49": 2, "51": 1, "53": 1, "50": 1, "32": 5, "55": 1, "36": 2, "1": 2, "57": 1, "56": 1, "27": 3, "30": 2, "25": 5, "59": 5, "67": 1, "70": 1, "69": 1, "64": 3, "68": 1, "44": 3, "2": 1, "65": 1, "66": 1, "46": 1, "74": 1, "73": 2, "84": 2, "83": 3, "86": 2, "72": 2, "58": 1, "85": 2, "129": 1, "128": 1, "125": 1, "114": 2, "127": 2, "113": 1, "136": 1, "145": 1, "91": 1, "144": 1, "87": 1, "138": 1, "146": 1, "132": 1, "111": 1, "142": 1}, "51": {"54": 1, "total_commits": 6, "48": 1, "49": 1, "50": 1, "53": 1, "52": 1}, "52": {"54": 5, "total_commits": 54, "48": 1, "49": 1, "51": 1, "53": 1, "50": 1, "55": 1, "36": 1, "1": 1, "32": 2, "84": 2, "74": 1, "73": 2, "59": 3, "27": 2, "83": 3, "58": 1, "85": 2, "25": 2, "64": 2, "86": 2, "72": 2, "44": 2, "145": 1, "138": 1, "132": 1, "91": 1, "144": 1, "87": 1, "146": 1, "114": 1, "127": 1, "111": 1, "142": 1, "113": 1, "136": 1}, "53": {"49": 1, "total_commits": 19, "51": 1, "50": 1, "52": 1, "54": 1, "48": 2, "87": 1, "89": 1, "113": 1, "17": 1, "104": 1, "105": 1, "109": 1, "111": 1, "114": 1, "74": 1, "84": 1, "112": 1}, "1": {"36": 1, "total_commits": 40, "32": 3, "52": 1, "54": 2, "55": 2, "67": 1, "30": 1, "69": 1, "59": 1, "66": 1, "2": 1, "64": 1, "68": 1, "44": 1, "48": 1, "65": 1, "70": 1, "46": 1, "25": 1, "91": 1, "136": 2, "86": 2, "3": 1, "139": 1, "138": 2, "132": 2, "165": 1, "142": 1, "127": 1, "163": 1, "143": 1, "6": 1}, "55": {"52": 1, "total_commits": 16, "54": 1, "36": 1, "1": 2, "32": 1, "163": 1, "132": 1, "142": 1, "86": 1, "127": 1, "143": 1, "6": 1, "138": 1, "165": 1, "136": 1}, "56": {"57": 1, "total_commits": 2, "54": 1}, "57": {"56": 1, "total_commits": 2, "54": 1}, "58": {"48": 1, "total_commits": 13, "25": 2, "64": 1, "44": 1, "59": 1, "32": 1, "86": 1, "72": 1, "83": 1, "54": 1, "52": 1, "85": 1}, "59": {"25": 5, "total_commits": 91, "36": 1, "49": 1, "32": 3, "54": 5, "67": 2, "70": 1, "30": 2, "69": 1, "66": 1, "64": 4, "68": 1, "44": 4, "48": 1, "2": 1, "1": 1, "65": 2, "46": 2, "74": 1, "73": 3, "27": 3, "84": 2, "83": 3, "52": 3, "86": 2, "72": 3, "58": 1, "85": 2, "87": 2, "130": 1, "109": 1, "101": 1, "133": 1, "92": 1, "71": 1, "45": 1, "79": 1, "76": 1, "75": 1, "131": 1, "5": 1, "127": 2, "132": 2, "94": 1, "115": 1, "111": 1, "142": 1, "113": 1, "136": 1, "145": 1, "91": 1, "144": 1, "138": 1, "146": 1, "114": 1}, "61": {"63": 1, "total_commits": 3, "60": 1, "62": 1}, "62": {"63": 1, "total_commits": 3, "60": 1, "61": 1}, "60": {"63": 1, "total_commits": 3, "61": 1, "62": 1}, "63": {"60": 1, "total_commits": 3, "61": 1, "62": 1}, "69": {"32": 1, "total_commits": 16, "65": 1, "54": 1, "67": 1, "70": 1, "30": 1, "46": 1, "66": 1, "25": 1, "64": 1, "68": 1, "44": 1, "59": 1, "48": 1, "2": 1, "1": 1}, "2": {"66": 1, "total_commits": 16, "1": 1, "32": 1, "44": 1, "54": 1, "48": 1, "65": 1, "70": 1, "69": 1, "46": 1, "25": 1, "64": 1, "67": 1, "68": 1, "30": 1, "59": 1}, "70": {"1": 1, "total_commits": 20, "32": 1, "65": 1, "54": 1, "67": 1, "30": 1, "69": 1, "46": 1, "66": 1, "25": 1, "64": 1, "68": 1, "44": 1, "59": 1, "48": 1, "2": 1, "141": 1, "140": 1, "142": 1, "136": 1}, "66": {"59": 1, "total_commits": 16, "48": 1, "2": 1, "1": 1, "32": 1, "65": 1, "54": 1, "67": 1, "70": 1, "30": 1, "69": 1, "46": 1, "25": 1, "64": 1, "68": 1, "44": 1}, "68": {"70": 1, "total_commits": 16, "69": 1, "46": 1, "25": 1, "64": 1, "67": 1, "44": 1, "30": 1, "59": 1, "66": 1, "2": 1, "1": 1, "32": 1, "54": 1, "48": 1, "65": 1}, "67": {"70": 1, "total_commits": 47, "30": 3, "69": 1, "46": 3, "66": 1, "25": 2, "64": 2, "68": 1, "44": 2, "59": 2, "48": 1, "2": 1, "1": 1, "32": 1, "65": 2, "54": 1, "71": 2, "89": 1, "87": 1, "130": 1, "109": 1, "72": 1, "92": 1, "127": 1, "73": 1, "101": 1, "45": 1, "133": 1, "79": 1, "27": 1, "131": 1, "76": 1, "5": 1, "132": 1, "94": 1, "75": 1, "115": 1}, "64": {"67": 2, "total_commits": 79, "70": 1, "69": 1, "46": 2, "66": 1, "25": 4, "68": 1, "44": 4, "30": 2, "59": 4, "2": 1, "1": 1, "32": 2, "65": 2, "54": 3, "48": 1, "58": 1, "52": 2, "72": 3, "86": 2, "83": 2, "85": 2, "76": 1, "5": 1, "132": 2, "75": 1, "115": 1, "87": 2, "130": 1, "92": 1, "127": 2, "71": 1, "94": 1, "73": 2, "109": 1, "101": 1, "45": 1, "133": 1, "79": 1, "27": 2, "131": 1, "145": 1, "138": 1, "91": 1, "111": 1, "146": 1, "114": 1, "84": 1, "113": 1, "136": 1, "142": 1, "144": 1}, "65": {"70": 1, "total_commits": 43, "69": 1, "46": 2, "25": 2, "64": 2, "67": 2, "68": 1, "30": 2, "59": 2, "66": 1, "2": 1, "1": 1, "32": 1, "44": 2, "54": 1, "48": 1, "75": 1, "115": 1, "131": 1, "87": 1, "130": 1, "92": 1, "5": 1, "127": 1, "71": 1, "94": 1, "73": 1, "109": 1, "101": 1, "45": 1, "133": 1, "72": 1, "27": 1, "79": 1, "76": 1, "132": 1}, "71": {"27": 2, "total_commits": 39, "32": 1, "73": 3, "72": 2, "37": 1, "74": 2, "46": 2, "67": 2, "30": 2, "89": 1, "75": 1, "65": 1, "115": 1, "131": 1, "87": 1, "130": 1, "5": 1, "44": 1, "127": 1, "132": 1, "94": 1, "109": 1, "101": 1, "45": 1, "133": 1, "25": 1, "64": 1, "92": 1, "79": 1, "76": 1, "59": 1}, "72": {"27": 3, "total_commits": 68, "71": 2, "32": 2, "37": 1, "73": 3, "58": 1, "52": 2, "85": 2, "25": 3, "64": 3, "59": 3, "86": 2, "44": 3, "83": 2, "54": 2, "65": 1, "115": 1, "131": 1, "87": 2, "130": 1, "92": 1, "5": 1, "127": 2, "94": 1, "67": 1, "109": 1, "101": 1, "133": 1, "45": 1, "46": 1, "30": 1, "79": 1, "76": 1, "132": 2, "75": 1, "146": 1, "114": 1, "113": 1, "111": 1, "142": 1, "84": 1, "136": 1, "144": 1, "145": 1, "138": 1, "91": 1}, "73": {"32": 1, "total_commits": 66, "72": 3, "37": 1, "27": 4, "71": 3, "74": 2, "59": 3, "84": 2, "83": 2, "52": 2, "54": 2, "94": 1, "115": 1, "67": 1, "87": 2, "130": 1, "109": 1, "133": 1, "25": 2, "64": 2, "92": 1, "46": 1, "30": 1, "101": 1, "45": 1, "79": 1, "75": 1, "65": 1, "131": 1, "76": 1, "5": 1, "44": 2, "127": 2, "132": 2, "111": 1, "146": 1, "142": 1, "85": 1, "113": 1, "136": 1, "145": 1, "91": 1, "86": 1, "144": 1, "138": 1, "114": 1}, "74": {"73": 2, "total_commits": 52, "71": 2, "59": 1, "27": 1, "84": 5, "83": 1, "52": 1, "54": 1, "99": 1, "107": 1, "91": 1, "102": 1, "22": 1, "97": 1, "89": 2, "108": 1, "103": 1, "104": 3, "98": 1, "87": 4, "100": 1, "106": 1, "105": 3, "101": 1, "111": 3, "20": 1, "109": 3, "110": 1, "114": 1, "53": 1, "48": 1, "113": 1, "17": 1, "112": 1}, "78": {"79": 1, "total_commits": 10, "82": 1, "76": 1, "77": 1, "19": 1, "80": 1, "18": 1, "32": 1, "81": 1, "75": 1}, "75": {"18": 1, "total_commits": 39, "81": 1, "79": 2, "82": 1, "76": 3, "78": 1, "77": 1, "19": 2, "80": 1, "32": 1, "132": 1, "94": 1, "73": 1, "67": 1, "109": 1, "101": 1, "45": 1, "133": 1, "64": 1, "72": 1, "92": 1, "71": 1, "46": 1, "30": 1, "27": 1, "59": 1, "65": 1, "115": 1, "131": 1, "87": 1, "130": 1, "25": 1, "5": 1, "44": 1, "127": 1}, "81": {"18": 1, "total_commits": 10, "32": 1, "79": 1, "75": 1, "82": 1, "77": 1, "76": 1, "78": 1, "19": 1, "80": 1}, "19": {"77": 1, "total_commits": 12, "80": 1, "18": 1, "81": 1, "75": 2, "32": 1, "79": 1, "82": 1, "76": 2, "78": 1}, "76": {"18": 1, "total_commits": 39, "81": 1, "75": 3, "79": 2, "82": 1, "78": 1, "77": 1, "19": 2, "80": 1, "32": 1, "92": 1, "46": 1, "30": 1, "27": 1, "59": 1, "132": 1, "65": 1, "115": 1, "131": 1, "87": 1, "130": 1, "25": 1, "64": 1, "5": 1, "44": 1, "127": 1, "71": 1, "94": 1, "73": 1, "67": 1, "109": 1, "101": 1, "45": 1, "133": 1, "72": 1}, "80": {"18": 1, "total_commits": 10, "32": 1, "79": 1, "81": 1, "75": 1, "82": 1, "77": 1, "76": 1, "78": 1, "19": 1}, "77": {"80": 1, "total_commits": 10, "19": 1, "32": 1, "18": 1, "81": 1, "75": 1, "79": 1, "82": 1, "76": 1, "78": 1}, "18": {"75": 1, "total_commits": 10, "82": 1, "77": 1, "76": 1, "78": 1, "19": 1, "80": 1, "81": 1, "32": 1, "79": 1}, "79": {"19": 1, "total_commits": 37, "80": 1, "18": 1, "32": 1, "81": 1, "75": 2, "82": 1, "77": 1, "76": 2, "78": 1, "25": 1, "64": 1, "72": 1, "92": 1, "127": 1, "71": 1, "73": 1, "30": 1, "101": 1, "45": 1, "133": 1, "46": 1, "65": 1, "27": 1, "131": 1, "5": 1, "44": 1, "59": 1, "132": 1, "94": 1, "115": 1, "67": 1, "87": 1, "130": 1, "109": 1}, "82": {"76": 1, "total_commits": 14, "78": 1, "77": 1, "19": 1, "80": 1, "18": 1, "32": 1, "81": 1, "75": 1, "79": 1, "92": 1, "87": 1, "88": 1, "89": 1}, "83": {"59": 3, "total_commits": 43, "27": 2, "84": 2, "52": 3, "54": 3, "74": 1, "73": 2, "25": 2, "64": 2, "32": 1, "86": 2, "72": 2, "44": 2, "58": 1, "85": 2, "146": 1, "114": 1, "127": 1, "111": 1, "142": 1, "113": 1, "136": 1, "145": 1, "138": 1, "132": 1, "91": 1, "144": 1, "87": 1}, "84": {"74": 5, "total_commits": 64, "73": 2, "54": 2, "59": 2, "27": 2, "83": 2, "52": 2, "104": 2, "87": 5, "105": 2, "20": 1, "109": 4, "110": 1, "111": 6, "114": 3, "53": 1, "48": 1, "113": 2, "17": 1, "112": 1, "89": 1, "142": 1, "72": 1, "85": 1, "136": 1, "144": 1, "145": 1, "138": 1, "132": 1, "91": 1, "86": 1, "146": 1, "25": 1, "64": 1, "44": 1, "127": 1, "106": 1}, "86": {"72": 2, "total_commits": 70, "44": 2, "59": 2, "32": 5, "83": 2, "85": 2, "54": 2, "58": 1, "52": 2, "25": 2, "64": 2, "3": 2, "139": 1, "138": 4, "132": 3, "91": 2, "136": 3, "1": 2, "84": 1, "73": 1, "113": 1, "145": 1, "144": 1, "27": 1, "114": 1, "127": 3, "87": 1, "111": 1, "146": 1, "142": 2, "163": 1, "143": 1, "6": 1, "55": 1, "165": 1, "174": 1, "175": 2, "173": 1, "166": 1, "180": 1, "179": 1, "189": 1, "176": 1}, "85": {"58": 1, "total_commits": 40, "52": 2, "25": 2, "64": 2, "72": 2, "44": 2, "59": 2, "32": 1, "86": 2, "83": 2, "54": 2, "111": 2, "36": 1, "87": 2, "114": 2, "73": 1, "113": 1, "136": 1, "142": 1, "144": 1, "27": 1, "145": 1, "138": 1, "132": 1, "91": 1, "146": 1, "84": 1, "127": 1}, "89": {"90": 1, "total_commits": 53, "91": 3, "4": 1, "87": 5, "88": 2, "82": 1, "92": 1, "30": 1, "46": 1, "71": 1, "67": 1, "97": 2, "100": 2, "96": 1, "98": 2, "95": 1, "21": 1, "99": 2, "93": 1, "94": 1, "102": 1, "108": 1, "106": 1, "103": 1, "104": 2, "105": 2, "101": 1, "107": 1, "22": 1, "74": 2, "84": 1, "112": 1, "113": 1, "17": 1, "109": 1, "111": 1, "114": 1, "53": 1, "48": 1}, "87": {"91": 5, "total_commits": 139, "4": 1, "88": 2, "90": 2, "89": 5, "92": 2, "82": 1, "98": 2, "95": 1, "21": 1, "99": 2, "93": 1, "94": 2, "97": 2, "100": 2, "96": 1, "103": 1, "104": 3, "105": 3, "101": 2, "107": 1, "74": 4, "22": 1, "102": 1, "108": 1, "106": 2, "20": 1, "109": 4, "110": 1, "111": 6, "84": 5, "17": 1, "114": 5, "53": 1, "48": 1, "112": 1, "113": 3, "115": 2, "36": 1, "85": 2, "67": 1, "133": 1, "45": 1, "64": 2, "72": 2, "71": 1, "46": 1, "30": 1, "27": 2, "79": 1, "76": 1, "59": 2, "75": 1, "65": 1, "131": 1, "130": 1, "25": 2, "5": 1, "44": 2, "127": 2, "132": 2, "73": 2, "142": 1, "54": 1, "136": 2, "145": 1, "138": 1, "52": 1, "86": 1, "144": 1, "146": 1, "83": 1, "190": 1, "191": 1, "185": 1, "183": 1, "179": 1, "186": 1, "176": 1, "192": 1, "193": 1, "194": 1, "12": 1, "152": 1}, "91": {"89": 3, "total_commits": 116, "4": 1, "88": 1, "87": 5, "90": 2, "100": 2, "96": 1, "98": 2, "95": 1, "99": 2, "94": 1, "97": 2, "21": 1, "93": 1, "108": 1, "103": 1, "104": 1, "101": 1, "107": 1, "106": 1, "105": 1, "74": 1, "22": 1, "102": 1, "132": 4, "134": 1, "32": 2, "3": 2, "139": 1, "138": 3, "136": 3, "1": 1, "86": 2, "113": 1, "145": 2, "64": 1, "144": 1, "27": 1, "52": 1, "114": 1, "44": 1, "59": 1, "127": 2, "73": 1, "111": 1, "146": 1, "25": 1, "142": 1, "72": 1, "84": 1, "83": 1, "85": 1, "54": 1, "12": 4, "152": 4, "162": 2, "129": 1, "160": 1, "159": 1, "13": 1, "161": 1, "125": 2, "158": 1, "6": 2, "126": 1, "11": 1, "181": 1, "175": 1, "182": 1, "123": 1, "122": 1, "157": 1, "187": 1, "176": 2, "193": 1, "190": 1, "191": 1, "194": 1, "185": 1, "183": 1, "179": 1, "186": 1, "192": 1}, "88": {"91": 1, "total_commits": 9, "4": 1, "87": 2, "90": 1, "89": 2, "92": 1, "82": 1}, "90": {"91": 2, "total_commits": 20, "4": 1, "87": 2, "88": 1, "89": 1, "152": 1, "136": 1, "193": 1, "190": 1, "191": 1, "185": 1, "183": 1, "179": 1, "186": 1, "176": 1, "192": 1, "194": 1, "12": 1}, "4": {"91": 1, "total_commits": 5, "87": 1, "88": 1, "90": 1, "89": 1}, "92": {"88": 1, "total_commits": 31, "87": 2, "89": 1, "82": 1, "109": 1, "101": 1, "45": 1, "133": 1, "79": 1, "46": 1, "65": 1, "27": 1, "131": 1, "76": 1, "5": 1, "44": 1, "59": 1, "132": 1, "75": 1, "115": 1, "67": 1, "130": 1, "25": 1, "64": 1, "72": 1, "127": 1, "71": 1, "94": 1, "73": 1, "30": 1}, "97": {"21": 1, "total_commits": 27, "93": 1, "100": 2, "89": 2, "96": 1, "98": 2, "87": 2, "91": 2, "95": 1, "99": 2, "94": 1, "108": 1, "103": 1, "104": 1, "106": 1, "105": 1, "101": 1, "107": 1, "22": 1, "74": 1, "102": 1}, "21": {"99": 1, "total_commits": 11, "93": 1, "94": 1, "97": 1, "87": 1, "100": 1, "89": 1, "96": 1, "98": 1, "91": 1, "95": 1}, "99": {"95": 1, "total_commits": 27, "21": 1, "93": 1, "94": 1, "97": 2, "98": 2, "87": 2, "100": 2, "89": 2, "96": 1, "91": 2, "102": 1, "74": 1, "22": 1, "108": 1, "106": 1, "103": 1, "104": 1, "105": 1, "101": 1, "107": 1}, "98": {"91": 2, "total_commits": 27, "95": 1, "21": 1, "99": 2, "94": 1, "97": 2, "93": 1, "87": 2, "100": 2, "89": 2, "96": 1, "107": 1, "22": 1, "74": 1, "102": 1, "108": 1, "106": 1, "103": 1, "104": 1, "105": 1, "101": 1}, "93": {"95": 1, "total_commits": 11, "21": 1, "99": 1, "94": 1, "97": 1, "100": 1, "89": 1, "96": 1, "98": 1, "87": 1, "91": 1}, "96": {"98": 1, "total_commits": 11, "87": 1, "100": 1, "95": 1, "99": 1, "91": 1, "94": 1, "21": 1, "93": 1, "97": 1, "89": 1}, "100": {"98": 2, "total_commits": 27, "91": 2, "95": 1, "21": 1, "99": 2, "94": 1, "97": 2, "93": 1, "87": 2, "89": 2, "96": 1, "106": 1, "103": 1, "104": 1, "105": 1, "101": 1, "108": 1, "107": 1, "22": 1, "74": 1, "102": 1}, "94": {"21": 1, "total_commits": 38, "93": 1, "97": 1, "89": 1, "96": 1, "98": 1, "87": 2, "100": 1, "95": 1, "99": 1, "91": 1, "65": 1, "27": 1, "131": 1, "76": 1, "5": 1, "44": 1, "59": 1, "127": 1, "132": 1, "115": 1, "67": 1, "130": 1, "109": 1, "133": 1, "25": 1, "64": 1, "72": 1, "92": 1, "71": 1, "73": 1, "30": 1, "101": 1, "45": 1, "79": 1, "46": 1, "75": 1}, "95": {"99": 1, "total_commits": 11, "91": 1, "94": 1, "21": 1, "93": 1, "97": 1, "89": 1, "96": 1, "98": 1, "87": 1, "100": 1}, "103": {"89": 1, "total_commits": 16, "108": 1, "104": 1, "98": 1, "87": 1, "100": 1, "106": 1, "105": 1, "101": 1, "99": 1, "107": 1, "91": 1, "22": 1, "74": 1, "102": 1, "97": 1}, "22": {"107": 1, "total_commits": 16, "91": 1, "102": 1, "99": 1, "74": 1, "97": 1, "87": 1, "100": 1, "89": 1, "108": 1, "106": 1, "103": 1, "104": 1, "98": 1, "105": 1, "101": 1}, "106": {"102": 1, "total_commits": 20, "97": 1, "100": 1, "89": 1, "108": 1, "103": 1, "104": 1, "98": 1, "87": 2, "91": 1, "105": 1, "101": 1, "99": 1, "107": 1, "22": 1, "74": 1, "111": 1, "84": 1, "114": 1}, "104": {"108": 1, "total_commits": 37, "98": 1, "87": 3, "100": 1, "106": 1, "103": 1, "105": 3, "101": 1, "99": 1, "107": 1, "91": 1, "102": 1, "22": 1, "74": 3, "97": 1, "89": 2, "84": 2, "111": 2, "20": 1, "109": 2, "110": 1, "113": 1, "17": 1, "112": 1, "114": 1, "53": 1, "48": 1}, "101": {"108": 1, "total_commits": 43, "104": 1, "98": 1, "87": 2, "100": 1, "106": 1, "103": 1, "105": 1, "99": 1, "107": 1, "91": 1, "102": 1, "22": 1, "74": 1, "97": 1, "89": 1, "109": 1, "45": 1, "133": 1, "79": 1, "46": 1, "30": 1, "65": 1, "27": 1, "131": 1, "76": 1, "5": 1, "44": 1, "59": 1, "132": 1, "75": 1, "115": 1, "67": 1, "130": 1, "25": 1, "64": 1, "72": 1, "92": 1, "127": 1, "71": 1, "94": 1, "73": 1}, "107": {"91": 1, "total_commits": 16, "102": 1, "99": 1, "22": 1, "74": 1, "97": 1, "108": 1, "98": 1, "87": 1, "100": 1, "89": 1, "106": 1, "103": 1, "104": 1, "105": 1, "101": 1}, "108": {"100": 1, "total_commits": 16, "106": 1, "105": 1, "101": 1, "99": 1, "107": 1, "91": 1, "102": 1, "22": 1, "74": 1, "97": 1, "89": 1, "103": 1, "104": 1, "98": 1, "87": 1}, "105": {"108": 1, "total_commits": 37, "103": 1, "104": 3, "98": 1, "87": 3, "100": 1, "106": 1, "101": 1, "99": 1, "107": 1, "91": 1, "22": 1, "74": 3, "102": 1, "97": 1, "89": 2, "111": 2, "84": 2, "20": 1, "109": 2, "110": 1, "113": 1, "17": 1, "112": 1, "114": 1, "48": 1, "53": 1}, "102": {"22": 1, "total_commits": 16, "74": 1, "97": 1, "108": 1, "98": 1, "87": 1, "100": 1, "89": 1, "106": 1, "103": 1, "104": 1, "105": 1, "101": 1, "99": 1, "107": 1, "91": 1}, "111": {"109": 4, "total_commits": 60, "110": 1, "84": 6, "104": 2, "87": 6, "74": 3, "105": 2, "20": 1, "112": 1, "89": 1, "113": 2, "17": 1, "114": 4, "53": 1, "48": 1, "85": 2, "36": 1, "138": 1, "52": 1, "59": 1, "91": 1, "86": 1, "144": 1, "146": 1, "25": 1, "44": 1, "83": 1, "127": 1, "132": 1, "73": 1, "142": 1, "64": 1, "72": 1, "54": 1, "136": 1, "27": 1, "145": 1, "106": 1}, "20": {"74": 1, "total_commits": 8, "105": 1, "109": 1, "110": 1, "111": 1, "87": 1, "84": 1, "104": 1}, "109": {"104": 2, "total_commits": 54, "87": 4, "74": 3, "105": 2, "20": 1, "110": 1, "111": 4, "84": 4, "112": 1, "89": 1, "113": 1, "17": 1, "114": 1, "53": 1, "48": 1, "130": 1, "25": 1, "64": 1, "5": 1, "44": 1, "127": 1, "71": 1, "94": 1, "73": 1, "67": 1, "101": 1, "45": 1, "133": 1, "72": 1, "92": 1, "46": 1, "30": 1, "27": 1, "79": 1, "76": 1, "59": 1, "132": 1, "75": 1, "65": 1, "115": 1, "131": 1}, "110": {"104": 1, "total_commits": 8, "87": 1, "74": 1, "20": 1, "105": 1, "109": 1, "111": 1, "84": 1}, "113": {"109": 1, "total_commits": 41, "114": 3, "53": 1, "84": 2, "48": 1, "74": 1, "89": 1, "17": 1, "112": 1, "104": 1, "87": 3, "111": 2, "105": 1, "115": 1, "144": 1, "27": 1, "145": 1, "138": 1, "52": 1, "44": 1, "59": 1, "132": 1, "91": 1, "86": 1, "146": 1, "25": 1, "64": 1, "72": 1, "83": 1, "85": 1, "127": 1, "54": 1, "73": 1, "136": 1, "142": 1}, "17": {"53": 1, "total_commits": 13, "84": 1, "48": 1, "74": 1, "89": 1, "113": 1, "112": 1, "104": 1, "87": 1, "111": 1, "105": 1, "109": 1, "114": 1}, "112": {"48": 1, "total_commits": 13, "74": 1, "84": 1, "17": 1, "87": 1, "89": 1, "113": 1, "104": 1, "105": 1, "109": 1, "111": 1, "114": 1, "53": 1}, "114": {"104": 1, "total_commits": 69, "105": 1, "109": 1, "111": 4, "53": 1, "48": 1, "74": 1, "84": 3, "113": 3, "17": 1, "112": 1, "87": 5, "89": 1, "115": 1, "85": 2, "36": 1, "127": 2, "54": 2, "129": 1, "128": 1, "125": 1, "146": 2, "25": 1, "64": 1, "44": 1, "83": 1, "73": 1, "142": 1, "72": 1, "136": 1, "27": 1, "145": 2, "138": 2, "52": 1, "59": 1, "132": 1, "91": 1, "86": 1, "144": 2, "152": 1, "153": 1, "151": 1, "148": 1, "37": 1, "143": 1, "8": 1, "6": 1, "147": 1, "149": 1, "150": 1, "106": 1}, "115": {"113": 1, "total_commits": 30, "114": 1, "87": 2, "46": 1, "75": 1, "65": 1, "27": 1, "131": 1, "76": 1, "5": 1, "44": 1, "59": 1, "127": 1, "132": 1, "94": 1, "67": 1, "130": 1, "109": 1, "133": 1, "25": 1, "64": 1, "72": 1, "92": 1, "71": 1, "73": 1, "30": 1, "101": 1, "45": 1, "79": 1}, "117": {"116": 1, "total_commits": 2, "118": 1}, "118": {"116": 1, "total_commits": 2, "117": 1}, "116": {"118": 1, "total_commits": 2, "117": 1}, "120": {"121": 2, "total_commits": 28, "119": 2, "124": 2, "9": 2, "123": 2, "122": 2, "10": 2, "167": 1, "168": 1, "8": 1, "14": 1, "7": 1, "157": 1, "15": 1, "6": 1, "12": 1, "152": 1, "13": 1, "5": 1, "129": 1, "166": 1}, "121": {"120": 2, "total_commits": 9, "119": 2, "124": 1, "9": 1, "123": 1, "122": 1, "10": 1}, "119": {"121": 2, "total_commits": 9, "120": 2, "124": 1, "9": 1, "123": 1, "122": 1, "10": 1}, "9": {"122": 3, "total_commits": 43, "10": 3, "121": 1, "119": 1, "124": 3, "123": 4, "120": 2, "157": 2, "155": 1, "154": 1, "6": 2, "156": 1, "152": 2, "168": 2, "13": 2, "125": 1, "11": 1, "7": 2, "12": 2, "15": 1, "5": 1, "166": 1, "129": 1, "14": 1, "167": 1, "8": 1}, "123": {"122": 4, "total_commits": 47, "10": 3, "121": 1, "119": 1, "124": 3, "9": 4, "120": 2, "157": 3, "155": 1, "154": 1, "6": 2, "156": 1, "152": 3, "168": 2, "13": 2, "125": 1, "11": 1, "7": 2, "12": 2, "91": 1, "5": 1, "166": 1, "129": 1, "14": 1, "167": 1, "8": 1, "15": 1}, "10": {"124": 3, "total_commits": 36, "9": 3, "123": 3, "120": 2, "122": 3, "121": 1, "119": 1, "157": 2, "154": 1, "155": 1, "6": 2, "156": 1, "152": 2, "166": 1, "167": 1, "168": 1, "8": 1, "14": 1, "7": 1, "15": 1, "12": 1, "13": 1, "5": 1, "129": 1}, "122": {"123": 4, "total_commits": 40, "120": 2, "10": 3, "121": 1, "119": 1, "124": 3, "9": 3, "157": 3, "154": 1, "155": 1, "6": 2, "156": 1, "152": 3, "91": 1, "14": 1, "167": 1, "8": 1, "12": 1, "13": 1, "7": 1, "15": 1, "5": 1, "166": 1, "168": 1, "129": 1}, "124": {"121": 1, "total_commits": 36, "119": 1, "9": 3, "123": 3, "120": 2, "122": 3, "10": 3, "157": 2, "154": 1, "155": 1, "6": 2, "156": 1, "152": 2, "166": 1, "167": 1, "168": 1, "8": 1, "14": 1, "7": 1, "15": 1, "12": 1, "13": 1, "5": 1, "129": 1}, "125": {"11": 3, "total_commits": 50, "126": 3, "12": 5, "13": 3, "127": 3, "54": 1, "129": 2, "128": 1, "114": 1, "6": 1, "152": 3, "162": 3, "160": 1, "159": 1, "161": 1, "91": 2, "158": 1, "156": 1, "167": 1, "168": 2, "157": 1, "7": 2, "166": 1, "182": 1, "132": 1, "181": 1, "175": 1, "3": 1, "9": 1, "123": 1}, "126": {"125": 3, "total_commits": 22, "11": 2, "12": 2, "13": 2, "152": 1, "162": 1, "158": 1, "161": 1, "91": 1, "6": 1, "129": 1, "160": 1, "159": 1, "164": 1, "142": 1, "141": 1, "143": 1}, "11": {"125": 3, "total_commits": 27, "126": 2, "12": 3, "152": 1, "162": 1, "159": 1, "13": 3, "158": 2, "161": 1, "91": 1, "6": 1, "129": 1, "160": 2, "166": 1, "9": 1, "123": 1, "168": 1, "7": 1}, "12": {"126": 2, "total_commits": 88, "125": 5, "13": 5, "159": 1, "158": 2, "161": 2, "91": 4, "11": 3, "6": 3, "129": 2, "160": 2, "152": 5, "162": 4, "166": 3, "7": 3, "181": 1, "175": 1, "182": 1, "132": 1, "127": 2, "3": 1, "9": 2, "123": 2, "168": 2, "179": 2, "172": 1, "5": 1, "124": 1, "167": 1, "10": 1, "8": 1, "122": 1, "14": 1, "157": 1, "15": 1, "120": 1, "176": 2, "145": 1, "138": 1, "187": 1, "90": 1, "190": 1, "185": 1, "183": 1, "186": 1, "192": 1, "136": 1, "87": 1, "193": 1, "194": 1, "191": 1}, "13": {"125": 3, "total_commits": 47, "12": 5, "126": 2, "11": 3, "152": 2, "162": 1, "129": 2, "160": 2, "159": 1, "161": 1, "91": 1, "158": 2, "6": 2, "166": 2, "7": 2, "9": 2, "123": 2, "168": 2, "124": 1, "14": 1, "167": 1, "157": 1, "10": 1, "8": 1, "120": 1, "122": 1, "15": 1, "5": 1}, "129": {"127": 1, "total_commits": 37, "54": 1, "128": 1, "125": 2, "114": 1, "12": 2, "152": 2, "162": 1, "159": 1, "13": 2, "158": 1, "161": 1, "91": 1, "6": 2, "126": 1, "160": 1, "11": 1, "5": 1, "166": 1, "124": 1, "123": 1, "9": 1, "168": 1, "10": 1, "14": 1, "167": 1, "157": 1, "8": 1, "120": 1, "122": 1, "7": 1, "15": 1}, "128": {"127": 1, "total_commits": 5, "54": 1, "129": 1, "125": 1, "114": 1}, "127": {"54": 2, "total_commits": 83, "129": 1, "128": 1, "125": 3, "114": 2, "130": 1, "109": 1, "133": 2, "25": 2, "64": 2, "72": 2, "92": 1, "71": 1, "73": 2, "30": 1, "101": 1, "45": 1, "79": 1, "46": 1, "75": 1, "65": 1, "27": 2, "131": 1, "76": 1, "5": 1, "44": 2, "59": 2, "132": 4, "94": 1, "115": 1, "67": 1, "87": 2, "111": 1, "146": 1, "142": 2, "84": 1, "83": 1, "85": 1, "113": 1, "136": 2, "145": 1, "91": 2, "86": 3, "144": 1, "138": 2, "52": 1, "163": 1, "143": 1, "1": 1, "6": 1, "55": 1, "165": 1, "3": 1, "152": 1, "162": 2, "175": 1, "182": 1, "12": 2, "181": 1}, "133": {"115": 1, "total_commits": 39, "67": 1, "87": 1, "130": 1, "109": 1, "25": 1, "64": 1, "72": 1, "92": 1, "71": 1, "73": 1, "30": 1, "101": 1, "45": 1, "79": 1, "46": 1, "75": 1, "65": 1, "27": 1, "131": 1, "76": 1, "5": 2, "44": 1, "59": 1, "127": 2, "132": 1, "94": 1, "138": 1, "185": 1, "183": 1, "180": 1, "184": 1, "163": 1, "173": 1, "166": 1, "186": 1, "176": 1}, "131": {"115": 1, "total_commits": 27, "67": 1, "87": 1, "130": 1, "109": 1, "133": 1, "25": 1, "64": 1, "72": 1, "92": 1, "71": 1, "73": 1, "46": 1, "30": 1, "101": 1, "45": 1, "79": 1, "75": 1, "65": 1, "27": 1, "76": 1, "5": 1, "44": 1, "59": 1, "127": 1, "132": 1, "94": 1}, "132": {"127": 4, "total_commits": 92, "71": 1, "94": 1, "73": 2, "30": 1, "109": 1, "101": 1, "133": 1, "79": 1, "46": 1, "65": 1, "27": 2, "131": 1, "45": 1, "76": 1, "5": 2, "44": 2, "59": 2, "75": 1, "115": 1, "67": 1, "87": 2, "130": 1, "25": 2, "64": 2, "72": 2, "92": 1, "32": 4, "91": 4, "134": 2, "135": 1, "136": 4, "86": 3, "3": 2, "139": 1, "138": 3, "1": 2, "84": 1, "83": 1, "85": 1, "54": 1, "113": 1, "142": 2, "144": 1, "145": 1, "52": 1, "114": 1, "111": 1, "146": 1, "163": 2, "164": 1, "143": 1, "6": 1, "55": 1, "165": 1, "181": 1, "12": 1, "152": 1, "162": 1, "125": 1, "175": 1, "182": 1}, "5": {"115": 1, "total_commits": 60, "67": 1, "87": 1, "130": 1, "109": 1, "101": 1, "133": 2, "25": 1, "64": 1, "72": 1, "92": 1, "71": 1, "46": 1, "30": 1, "45": 1, "27": 1, "79": 1, "76": 1, "75": 1, "65": 1, "131": 1, "44": 1, "59": 1, "127": 1, "132": 2, "94": 1, "73": 1, "32": 1, "134": 1, "176": 1, "138": 1, "185": 1, "183": 1, "166": 2, "180": 1, "184": 1, "163": 1, "173": 1, "186": 1, "9": 1, "168": 1, "129": 1, "124": 1, "14": 1, "167": 1, "157": 1, "10": 1, "8": 1, "6": 1, "12": 1, "120": 1, "122": 1, "152": 1, "13": 1, "7": 1, "15": 1, "123": 1}, "130": {"75": 1, "total_commits": 27, "65": 1, "131": 1, "87": 1, "5": 1, "44": 1, "59": 1, "127": 1, "132": 1, "94": 1, "73": 1, "115": 1, "67": 1, "109": 1, "101": 1, "45": 1, "133": 1, "25": 1, "64": 1, "72": 1, "92": 1, "71": 1, "46": 1, "30": 1, "27": 1, "79": 1, "76": 1}, "134": {"132": 2, "total_commits": 6, "32": 2, "91": 1, "5": 1}, "136": {"32": 2, "total_commits": 78, "132": 4, "135": 1, "6": 2, "137": 1, "1": 2, "86": 3, "3": 1, "139": 1, "138": 4, "91": 3, "141": 1, "70": 1, "140": 1, "142": 3, "144": 1, "27": 1, "145": 1, "52": 1, "114": 1, "44": 1, "59": 1, "87": 2, "111": 1, "146": 1, "25": 1, "64": 1, "72": 1, "84": 1, "83": 1, "85": 1, "127": 2, "54": 1, "73": 1, "113": 1, "163": 2, "143": 1, "55": 1, "165": 1, "179": 2, "173": 1, "166": 1, "180": 1, "170": 1, "171": 1, "176": 2, "172": 1, "183": 1, "90": 1, "190": 1, "185": 1, "186": 1, "192": 1, "193": 1, "194": 1, "191": 1, "12": 1, "152": 1}, "135": {"32": 1, "total_commits": 3, "136": 1, "132": 1}, "6": {"136": 2, "total_commits": 93, "137": 1, "140": 1, "143": 3, "138": 5, "145": 3, "8": 2, "37": 1, "149": 1, "147": 1, "146": 2, "152": 5, "153": 1, "151": 1, "148": 2, "150": 1, "114": 1, "144": 2, "155": 2, "124": 2, "123": 2, "9": 2, "156": 1, "122": 2, "157": 2, "154": 2, "10": 2, "126": 1, "11": 1, "12": 3, "162": 1, "129": 2, "160": 2, "159": 2, "13": 2, "158": 2, "161": 1, "91": 2, "125": 1, "1": 1, "55": 1, "165": 1, "142": 1, "86": 1, "127": 1, "163": 1, "132": 1, "173": 1, "167": 2, "166": 2, "120": 1, "7": 1, "15": 1, "5": 1, "168": 1, "14": 1, "187": 1, "176": 1}, "137": {"6": 1, "total_commits": 2, "136": 1}, "139": {"86": 1, "total_commits": 8, "32": 1, "3": 1, "138": 1, "132": 1, "91": 1, "136": 1, "1": 1}, "3": {"139": 1, "total_commits": 24, "138": 2, "132": 2, "91": 2, "136": 1, "32": 2, "1": 1, "86": 2, "175": 2, "173": 1, "174": 1, "125": 1, "182": 1, "127": 1, "12": 1, "152": 1, "162": 1, "181": 1}, "138": {"132": 3, "total_commits": 109, "91": 3, "136": 4, "1": 2, "86": 4, "32": 2, "3": 2, "139": 1, "6": 5, "140": 1, "143": 3, "145": 4, "144": 3, "27": 1, "52": 1, "114": 2, "44": 1, "59": 1, "87": 1, "111": 1, "146": 3, "25": 1, "142": 2, "64": 1, "72": 1, "84": 1, "83": 1, "85": 1, "127": 2, "54": 1, "73": 1, "113": 1, "8": 1, "37": 1, "147": 1, "153": 1, "149": 1, "150": 1, "152": 2, "151": 1, "148": 2, "163": 3, "55": 1, "165": 1, "155": 1, "173": 4, "166": 3, "154": 1, "167": 1, "160": 1, "159": 1, "158": 1, "175": 1, "174": 1, "176": 3, "170": 1, "171": 1, "172": 1, "180": 2, "179": 1, "184": 1, "186": 1, "133": 1, "185": 1, "5": 1, "183": 1, "12": 1, "187": 1}, "141": {"140": 1, "total_commits": 8, "142": 2, "136": 1, "70": 1, "126": 1, "164": 1, "143": 1}, "140": {"141": 1, "total_commits": 9, "70": 1, "142": 2, "136": 1, "143": 2, "6": 1, "138": 1}, "142": {"136": 3, "total_commits": 46, "141": 2, "70": 1, "140": 2, "143": 3, "52": 1, "114": 1, "44": 1, "59": 1, "127": 2, "132": 2, "73": 1, "87": 1, "111": 1, "25": 1, "64": 1, "72": 1, "84": 1, "83": 1, "85": 1, "54": 1, "113": 1, "27": 1, "145": 1, "91": 1, "86": 2, "144": 1, "138": 2, "146": 1, "55": 1, "165": 1, "163": 1, "1": 1, "6": 1, "126": 1, "164": 1}, "143": {"140": 2, "total_commits": 35, "142": 3, "138": 3, "6": 3, "145": 1, "8": 1, "37": 1, "147": 1, "152": 1, "153": 1, "149": 1, "150": 1, "146": 1, "151": 1, "114": 1, "148": 1, "144": 1, "1": 1, "55": 1, "165": 1, "136": 1, "86": 1, "127": 1, "163": 1, "132": 1, "141": 1, "126": 1, "164": 1}, "146": {"73": 1, "total_commits": 54, "113": 1, "136": 1, "145": 3, "91": 1, "86": 1, "144": 3, "27": 1, "138": 3, "52": 1, "114": 2, "44": 1, "59": 1, "127": 1, "132": 1, "87": 1, "111": 1, "25": 1, "142": 1, "64": 1, "72": 1, "84": 1, "83": 1, "85": 1, "54": 1, "6": 2, "147": 1, "153": 1, "152": 2, "149": 1, "150": 1, "151": 1, "148": 2, "143": 1, "8": 1, "37": 1, "167": 1, "160": 1, "159": 1, "158": 1, "166": 1, "154": 1, "173": 1, "155": 1}, "145": {"87": 1, "total_commits": 60, "111": 1, "146": 3, "25": 1, "142": 1, "64": 1, "72": 1, "84": 1, "83": 1, "85": 1, "54": 1, "73": 1, "113": 1, "136": 1, "91": 2, "86": 1, "144": 3, "27": 1, "138": 4, "52": 1, "114": 2, "44": 1, "59": 1, "127": 1, "132": 1, "152": 2, "153": 1, "148": 2, "149": 1, "150": 1, "151": 1, "143": 1, "8": 1, "37": 1, "6": 3, "147": 1, "167": 1, "160": 1, "159": 1, "158": 1, "166": 1, "154": 1, "155": 1, "173": 1, "176": 1, "12": 1, "187": 1}, "144": {"87": 1, "total_commits": 54, "146": 3, "25": 1, "64": 1, "114": 2, "44": 1, "83": 1, "127": 1, "54": 1, "73": 1, "111": 1, "142": 1, "72": 1, "84": 1, "85": 1, "113": 1, "136": 1, "27": 1, "145": 3, "138": 3, "52": 1, "59": 1, "132": 1, "91": 1, "86": 1, "143": 1, "8": 1, "6": 2, "147": 1, "149": 1, "150": 1, "152": 2, "153": 1, "151": 1, "148": 2, "37": 1, "173": 1, "155": 1, "160": 1, "167": 1, "159": 1, "158": 1, "166": 1, "154": 1}, "150": {"146": 1, "total_commits": 15, "152": 1, "151": 1, "114": 1, "148": 1, "144": 1, "8": 1, "37": 1, "143": 1, "145": 1, "6": 1, "147": 1, "138": 1, "153": 1, "149": 1}, "152": {"144": 2, "total_commits": 116, "114": 1, "8": 2, "37": 2, "143": 1, "145": 2, "6": 5, "147": 1, "138": 2, "153": 1, "149": 1, "150": 1, "146": 2, "151": 1, "148": 2, "10": 2, "157": 4, "124": 2, "154": 2, "155": 2, "156": 2, "123": 3, "9": 2, "122": 3, "158": 2, "161": 3, "91": 4, "125": 3, "11": 1, "126": 1, "129": 2, "160": 2, "12": 5, "162": 4, "159": 2, "13": 2, "7": 2, "166": 4, "167": 3, "168": 2, "173": 1, "182": 1, "132": 1, "127": 1, "3": 1, "181": 1, "175": 1, "179": 2, "172": 1, "14": 1, "15": 1, "120": 1, "5": 1, "90": 1, "190": 1, "191": 1, "185": 1, "183": 1, "186": 1, "192": 1, "176": 1, "87": 1, "193": 1, "194": 1, "136": 1}, "153": {"149": 1, "total_commits": 15, "150": 1, "146": 1, "152": 1, "151": 1, "148": 1, "144": 1, "114": 1, "8": 1, "37": 1, "143": 1, "145": 1, "6": 1, "147": 1, "138": 1}, "151": {"149": 1, "total_commits": 15, "150": 1, "146": 1, "152": 1, "148": 1, "144": 1, "114": 1, "8": 1, "37": 1, "143": 1, "145": 1, "6": 1, "147": 1, "138": 1, "153": 1}, "147": {"146": 1, "total_commits": 15, "152": 1, "151": 1, "114": 1, "148": 1, "144": 1, "8": 1, "37": 1, "143": 1, "145": 1, "6": 1, "138": 1, "153": 1, "149": 1, "150": 1}, "8": {"37": 1, "total_commits": 34, "143": 1, "145": 1, "6": 2, "147": 1, "138": 1, "153": 1, "149": 1, "150": 1, "146": 1, "152": 2, "151": 1, "114": 1, "148": 1, "144": 1, "166": 1, "124": 1, "14": 1, "167": 1, "9": 1, "168": 1, "10": 1, "12": 1, "120": 1, "122": 1, "7": 1, "157": 1, "15": 1, "13": 1, "5": 1, "123": 1, "129": 1}, "149": {"146": 1, "total_commits": 15, "152": 1, "151": 1, "148": 1, "144": 1, "114": 1, "8": 1, "37": 1, "143": 1, "145": 1, "6": 1, "147": 1, "138": 1, "153": 1, "150": 1}, "148": {"143": 1, "total_commits": 29, "6": 2, "147": 1, "138": 2, "153": 1, "149": 1, "150": 1, "146": 2, "152": 2, "151": 1, "114": 1, "144": 2, "145": 2, "8": 1, "37": 1, "154": 1, "167": 1, "160": 1, "159": 1, "158": 1, "155": 1, "173": 1, "166": 1}, "155": {"10": 1, "total_commits": 24, "157": 1, "124": 1, "123": 1, "154": 2, "6": 2, "156": 1, "122": 1, "9": 1, "152": 2, "173": 1, "166": 1, "145": 1, "138": 1, "167": 1, "160": 1, "159": 1, "146": 1, "148": 1, "158": 1, "144": 1}, "156": {"10": 1, "total_commits": 17, "157": 2, "124": 1, "154": 1, "155": 1, "6": 1, "123": 1, "9": 1, "122": 1, "152": 2, "167": 1, "168": 1, "125": 1, "7": 1, "166": 1}, "157": {"9": 2, "total_commits": 40, "154": 1, "10": 2, "155": 1, "124": 2, "123": 3, "6": 2, "156": 2, "122": 3, "152": 4, "7": 2, "166": 2, "167": 2, "168": 2, "125": 1, "91": 1, "5": 1, "129": 1, "14": 1, "8": 1, "12": 1, "120": 1, "13": 1, "15": 1}, "154": {"9": 1, "total_commits": 24, "152": 2, "10": 1, "155": 2, "157": 1, "124": 1, "123": 1, "6": 2, "156": 1, "122": 1, "146": 1, "148": 1, "158": 1, "144": 1, "145": 1, "173": 1, "166": 1, "138": 1, "167": 1, "160": 1, "159": 1}, "159": {"91": 1, "total_commits": 27, "125": 1, "6": 2, "126": 1, "160": 2, "11": 1, "12": 1, "152": 2, "162": 1, "129": 1, "13": 1, "158": 2, "161": 1, "144": 1, "166": 1, "154": 1, "155": 1, "145": 1, "173": 1, "138": 1, "146": 1, "167": 1, "148": 1}, "161": {"129": 1, "total_commits": 22, "160": 1, "159": 1, "13": 1, "158": 1, "91": 1, "125": 1, "6": 1, "126": 1, "11": 1, "12": 2, "152": 3, "162": 3, "37": 1, "166": 1, "179": 1, "172": 1}, "162": {"13": 1, "total_commits": 35, "158": 1, "161": 3, "91": 2, "125": 3, "6": 1, "126": 1, "160": 1, "11": 1, "12": 4, "152": 4, "129": 1, "159": 1, "37": 1, "181": 1, "175": 1, "132": 1, "182": 1, "127": 2, "3": 1, "166": 1, "179": 1, "172": 1}, "160": {"158": 3, "total_commits": 33, "91": 1, "11": 2, "6": 2, "12": 2, "126": 1, "129": 1, "159": 2, "161": 1, "152": 2, "162": 1, "125": 1, "13": 2, "166": 3, "148": 1, "144": 1, "155": 1, "173": 1, "154": 1, "145": 1, "138": 1, "167": 1, "146": 1}, "158": {"11": 2, "total_commits": 32, "6": 2, "12": 2, "126": 1, "129": 1, "160": 3, "159": 2, "13": 2, "161": 1, "152": 2, "162": 1, "125": 1, "91": 1, "166": 2, "154": 1, "138": 1, "167": 1, "146": 1, "148": 1, "144": 1, "155": 1, "145": 1, "173": 1}, "163": {"132": 2, "total_commits": 34, "164": 1, "6": 1, "138": 3, "55": 1, "165": 1, "136": 2, "142": 1, "86": 1, "127": 1, "143": 1, "1": 1, "170": 1, "171": 1, "172": 1, "166": 2, "180": 2, "179": 1, "173": 2, "176": 2, "133": 1, "185": 1, "5": 1, "183": 1, "184": 1, "186": 1}, "164": {"163": 1, "total_commits": 6, "132": 1, "142": 1, "141": 1, "143": 1, "126": 1}, "165": {"6": 1, "total_commits": 11, "138": 1, "55": 1, "136": 1, "163": 1, "132": 1, "142": 1, "1": 1, "86": 1, "127": 1, "143": 1}, "166": {"13": 2, "total_commits": 88, "158": 2, "11": 1, "12": 3, "160": 3, "125": 1, "157": 2, "7": 2, "156": 1, "167": 3, "152": 4, "168": 2, "169": 1, "154": 1, "145": 1, "6": 2, "138": 3, "159": 1, "146": 1, "148": 1, "144": 1, "155": 1, "173": 3, "15": 3, "179": 5, "177": 1, "14": 2, "176": 4, "170": 1, "171": 1, "136": 1, "172": 2, "163": 2, "180": 3, "161": 1, "162": 1, "5": 2, "183": 1, "133": 1, "184": 1, "185": 1, "186": 1, "129": 1, "124": 1, "9": 1, "10": 1, "8": 1, "120": 1, "122": 1, "123": 1, "175": 1, "86": 1, "32": 1, "189": 1}, "7": {"168": 3, "total_commits": 34, "125": 2, "157": 2, "166": 2, "156": 1, "167": 2, "152": 2, "12": 3, "13": 2, "11": 1, "9": 2, "123": 2, "10": 1, "8": 1, "14": 1, "15": 1, "6": 1, "120": 1, "122": 1, "5": 1, "129": 1, "124": 1}, "168": {"156": 1, "total_commits": 33, "167": 2, "152": 2, "125": 2, "157": 2, "7": 3, "166": 2, "123": 2, "13": 2, "11": 1, "12": 2, "9": 2, "15": 1, "6": 1, "5": 1, "129": 1, "124": 1, "14": 1, "10": 1, "8": 1, "120": 1, "122": 1}, "167": {"156": 1, "total_commits": 40, "152": 3, "168": 2, "125": 1, "157": 2, "7": 2, "166": 3, "6": 2, "138": 1, "160": 1, "146": 1, "159": 1, "148": 1, "158": 1, "144": 1, "154": 1, "145": 1, "155": 1, "173": 1, "12": 1, "120": 1, "122": 1, "13": 1, "15": 1, "5": 1, "124": 1, "123": 1, "9": 1, "129": 1, "10": 1, "14": 1, "8": 1}, "169": {"166": 1, "total_commits": 1}, "171": {"172": 2, "total_commits": 12, "170": 2, "166": 1, "180": 1, "179": 1, "163": 1, "173": 1, "176": 1, "138": 1, "136": 1}, "172": {"171": 2, "total_commits": 18, "170": 2, "166": 2, "180": 1, "173": 1, "138": 1, "176": 1, "136": 1, "179": 2, "163": 1, "12": 1, "161": 1, "152": 1, "162": 1}, "170": {"171": 2, "total_commits": 12, "172": 2, "163": 1, "166": 1, "180": 1, "179": 1, "173": 1, "138": 1, "176": 1, "136": 1}, "173": {"144": 1, "total_commits": 41, "166": 3, "154": 1, "145": 1, "155": 1, "6": 1, "138": 4, "160": 1, "146": 1, "167": 1, "152": 1, "159": 1, "148": 1, "158": 1, "3": 1, "175": 1, "32": 1, "174": 1, "86": 1, "163": 2, "180": 2, "179": 1, "176": 2, "170": 1, "172": 1, "171": 1, "136": 1, "133": 1, "185": 1, "5": 1, "183": 1, "186": 1, "184": 1}, "174": {"175": 1, "total_commits": 6, "173": 1, "32": 1, "86": 1, "3": 1, "138": 1}, "175": {"173": 1, "total_commits": 23, "174": 1, "86": 2, "32": 2, "3": 2, "138": 1, "152": 1, "162": 1, "181": 1, "91": 1, "125": 1, "182": 1, "127": 1, "132": 1, "12": 1, "176": 1, "166": 1, "180": 1, "179": 1, "189": 1}, "14": {"15": 4, "total_commits": 35, "176": 3, "178": 1, "177": 3, "179": 2, "166": 2, "180": 2, "187": 1, "124": 1, "167": 1, "123": 1, "9": 1, "168": 1, "10": 1, "8": 1, "7": 1, "157": 1, "6": 1, "12": 1, "120": 1, "122": 1, "152": 1, "13": 1, "5": 1, "129": 1}, "15": {"14": 4, "total_commits": 32, "176": 3, "177": 1, "179": 3, "166": 3, "180": 1, "10": 1, "8": 1, "12": 1, "120": 1, "122": 1, "13": 1, "7": 1, "6": 1, "152": 1, "5": 1, "123": 1, "168": 1, "129": 1, "124": 1, "167": 1, "9": 1, "157": 1}, "176": {"14": 3, "total_commits": 61, "15": 3, "177": 1, "178": 1, "180": 4, "179": 5, "163": 2, "166": 4, "173": 2, "138": 3, "170": 1, "172": 1, "171": 1, "136": 2, "133": 1, "185": 2, "5": 1, "183": 2, "186": 2, "184": 1, "6": 1, "12": 2, "187": 1, "91": 2, "145": 1, "32": 1, "86": 1, "189": 1, "175": 1, "190": 1, "191": 1, "90": 1, "192": 1, "87": 1, "193": 1, "194": 1, "152": 1}, "178": {"14": 1, "total_commits": 3, "176": 1, "177": 1}, "177": {"178": 1, "total_commits": 10, "14": 3, "176": 1, "15": 1, "166": 1, "179": 1, "187": 1, "180": 1}, "179": {"166": 5, "total_commits": 49, "177": 1, "14": 2, "15": 3, "180": 3, "176": 5, "170": 1, "138": 1, "171": 1, "136": 2, "172": 2, "163": 1, "173": 1, "12": 2, "161": 1, "152": 2, "162": 1, "189": 1, "175": 1, "86": 1, "32": 1, "186": 1, "192": 1, "87": 1, "193": 1, "190": 1, "194": 1, "191": 1, "185": 1, "183": 1, "90": 1, "91": 1}, "180": {"176": 4, "total_commits": 35, "15": 1, "179": 3, "14": 2, "173": 2, "170": 1, "138": 2, "171": 1, "136": 1, "172": 1, "163": 2, "166": 3, "5": 1, "133": 1, "184": 1, "185": 1, "183": 1, "186": 1, "177": 1, "187": 1, "175": 1, "32": 1, "86": 1, "189": 1}, "181": {"175": 1, "total_commits": 10, "91": 1, "125": 1, "182": 1, "127": 1, "132": 1, "3": 1, "12": 1, "152": 1, "162": 1}, "182": {"132": 1, "total_commits": 10, "91": 1, "125": 1, "127": 1, "3": 1, "12": 1, "152": 1, "162": 1, "181": 1, "175": 1}, "185": {"173": 1, "total_commits": 26, "186": 2, "176": 2, "138": 1, "133": 1, "5": 1, "183": 2, "166": 1, "180": 1, "184": 1, "163": 1, "192": 1, "12": 1, "152": 1, "136": 1, "87": 1, "193": 1, "190": 1, "194": 1, "191": 1, "91": 1, "90": 1, "179": 1}, "186": {"163": 1, "total_commits": 26, "185": 2, "5": 1, "183": 2, "166": 1, "180": 1, "173": 1, "138": 1, "176": 2, "133": 1, "184": 1, "91": 1, "192": 1, "87": 1, "193": 1, "194": 1, "12": 1, "152": 1, "136": 1, "90": 1, "179": 1, "190": 1, "191": 1}, "183": {"138": 1, "total_commits": 26, "176": 2, "5": 1, "133": 1, "184": 1, "163": 1, "185": 2, "173": 1, "166": 1, "180": 1, "186": 2, "192": 1, "136": 1, "87": 1, "193": 1, "194": 1, "12": 1, "152": 1, "90": 1, "179": 1, "190": 1, "191": 1, "91": 1}, "184": {"5": 1, "total_commits": 11, "133": 1, "163": 1, "185": 1, "183": 1, "173": 1, "166": 1, "180": 1, "186": 1, "138": 1, "176": 1}, "187": {"177": 1, "total_commits": 9, "180": 1, "14": 1, "6": 1, "138": 1, "12": 1, "176": 1, "91": 1, "145": 1}, "189": {"32": 1, "total_commits": 7, "86": 1, "179": 1, "166": 1, "180": 1, "176": 1, "175": 1}, "192": {"91": 1, "total_commits": 15, "183": 1, "90": 1, "179": 1, "186": 1, "176": 1, "87": 1, "193": 1, "194": 1, "12": 1, "152": 1, "136": 1, "190": 1, "191": 1, "185": 1}, "191": {"192": 1, "total_commits": 15, "12": 1, "152": 1, "136": 1, "87": 1, "193": 1, "190": 1, "194": 1, "185": 1, "91": 1, "183": 1, "90": 1, "179": 1, "186": 1, "176": 1}, "190": {"183": 1, "total_commits": 15, "90": 1, "179": 1, "186": 1, "192": 1, "176": 1, "87": 1, "193": 1, "194": 1, "12": 1, "152": 1, "136": 1, "191": 1, "185": 1, "91": 1}, "194": {"190": 1, "total_commits": 15, "191": 1, "185": 1, "91": 1, "183": 1, "90": 1, "179": 1, "186": 1, "176": 1, "87": 1, "192": 1, "193": 1, "12": 1, "152": 1, "136": 1}, "193": {"136": 1, "total_commits": 15, "90": 1, "179": 1, "190": 1, "191": 1, "185": 1, "91": 1, "183": 1, "186": 1, "192": 1, "176": 1, "87": 1, "194": 1, "12": 1, "152": 1}}