{"AutoRefollowController.autounfollow": {"t": [{"id": 0, "a": [["R", 1], ["R", 1], ["R", 1], ["W", 1], ["W", 1], ["W", 1], ["W", 1], ["W", 2], ["W", 1], ["W", 2], ["W", 2], ["W", 2], ["W", 1], ["W", 2], ["W", 1], ["R", 1], ["R", 3], ["W", 3], ["W", 3], ["W", 3], ["W", 3], ["W", 3], ["W", 3], ["W", 1], ["W", 3], ["W", 1], ["W", 1], ["R", 1], ["R", 1], ["R", 1], ["R", 1], ["R", 1], ["R", 1], ["R", 1], ["W", 1], ["W", 1], ["W", 1], ["W", 3], ["R", 1], ["R", 1], ["R", 2], ["R", 1], ["R", 2], ["R", 2]]}]}, "RedditFunnyImagesController.redditFunnyImages": {"t": [{"id": 0, "a": [["R", 4]]}]}, "ProjectViewController.projectView": {"t": [{"id": 0, "a": [["R", 1], ["R", 1], ["R", 1], ["W", 1], ["W", 1], ["W", 1], ["W", 1], ["W", 2], ["W", 1], ["W", 2], ["W", 2], ["W", 2], ["W", 1], ["W", 2], ["W", 1], ["R", 1], ["R", 3], ["W", 3], ["W", 3], ["W", 3], ["W", 3], ["W", 3], ["W", 3], ["W", 1], ["W", 3], ["W", 1], ["W", 1], ["R", 1], ["R", 1], ["R", 1], ["R", 1], ["R", 1], ["R", 1], ["R", 1], ["W", 1], ["W", 1], ["W", 1], ["W", 3], ["R", 1], ["R", 1], ["R", 2], ["R", 1], ["R", 2], ["R", 2], ["R", 1], ["R", 1], ["R", 3], ["R", 1], ["R", 3], ["R", 3], ["R", 5], ["R", 5], ["R", 1], ["R", 1], ["R", 1], ["R", 5], ["R", 6], ["R", 5], ["R", 6], ["R", 5], ["R", 6], ["R", 5], ["R", 6]]}]}, "AgreeTosController.agreeTos": {"t": [{"id": 0, "a": [["R", 1], ["R", 1], ["R", 1], ["W", 1], ["W", 1], ["W", 1], ["W", 1], ["W", 2], ["W", 1], ["W", 2], ["W", 2], ["W", 2], ["W", 1], ["W", 2], ["W", 1], ["R", 1], ["R", 3], ["W", 3], ["W", 3], ["W", 3], ["W", 3], ["W", 3], ["W", 3], ["W", 1], ["W", 3], ["W", 1], ["W", 1], ["R", 1], ["R", 1], ["R", 1], ["R", 1], ["R", 1], ["R", 1], ["R", 1], ["W", 1], ["W", 1], ["W", 1], ["W", 3], ["R", 1], ["R", 1], ["R", 1], ["R", 3], ["W", 3], ["W", 3]]}]}, "AnchorTextsController.projectView": {"t": [{"id": 0, "a": [["R", 1], ["R", 1], ["R", 1], ["W", 1], ["W", 1], ["W", 1], ["W", 1], ["W", 2], ["W", 1], ["W", 2], ["W", 2], ["W", 2], ["W", 1], ["W", 2], ["W", 1], ["R", 1], ["R", 3], ["W", 3], ["W", 3], ["W", 3], ["W", 3], ["W", 3], ["W", 3], ["W", 1], ["W", 3], ["W", 1], ["W", 1], ["R", 1], ["R", 1], ["R", 1], ["R", 1], ["R", 1], ["R", 1], ["R", 1], ["W", 1], ["W", 1], ["W", 1], ["W", 3], ["R", 1], ["R", 1], ["R", 2], ["R", 1], ["R", 2], ["R", 2], ["R", 1], ["R", 1], ["R", 3], ["R", 1], ["R", 3], ["R", 3], ["R", 6], ["R", 6], ["R", 5], ["R", 5], ["R", 1], ["R", 1], ["R", 1], ["R", 7], ["R", 7], ["R", 7], ["R", 6], ["R", 7]]}]}, "CreateProjectController.createProject": {"t": [{"id": 0, "a": [["R", 1], ["R", 1], ["R", 1], ["W", 1], ["W", 1], ["W", 1], ["W", 1], ["W", 2], ["W", 1], ["W", 2], ["W", 2], ["W", 2], ["W", 1], ["W", 2], ["W", 1], ["R", 1], ["R", 3], ["W", 3], ["W", 3], ["W", 3], ["W", 3], ["W", 3], ["W", 3], ["W", 1], ["W", 3], ["W", 1], ["W", 1], ["R", 1], ["R", 1], ["R", 1], ["R", 1], ["R", 1], ["R", 1], ["R", 1], ["W", 1], ["W", 1], ["W", 1], ["W", 3], ["R", 1], ["R", 1], ["R", 2], ["R", 1], ["R", 2], ["R", 2], ["R", 1], ["R", 1], ["R", 3], ["R", 1], ["R", 3], ["R", 3]]}]}, "CreateProjectController.createProjectSubmit": {"t": [{"id": 0, "a": [["R", 1], ["R", 2], ["R", 1], ["R", 2], ["R", 2], ["R", 5], ["R", 5], ["R", 5], ["R", 1], ["R", 5], ["R", 1], ["R", 3], ["R", 3], ["R", 1], ["R", 3], ["R", 3], ["W", 5], ["W", 1], ["W", 5], ["W", 5], ["R", 5]]}]}, "CreateProjectUrlController.createProjectSubmit": {"t": [{"id": 0, "a": [["R", 1], ["R", 2], ["R", 1], ["R", 2], ["R", 2], ["R", 5], ["R", 5], ["R", 1], ["R", 1], ["R", 1], ["R", 1], ["R", 3], ["R", 3], ["R", 3], ["R", 1], ["R", 1], ["W", 3], ["W", 3], ["W", 3], ["R", 3], ["R", 1], ["R", 1], ["R", 3], ["R", 3], ["R", 3], ["R", 3], ["R", 3], ["R", 1], ["R", 1], ["R", 3], ["R", 3], ["R", 1], ["R", 1], ["R", 3], ["R", 3], ["W", 3], ["W", 3], ["R", 5], ["R", 5], ["R", 5], ["R", 6], ["R", 6], ["R", 6], ["R", 5], ["R", 1], ["R", 3], ["R", 3], ["R", 1], ["R", 3], ["R", 3], ["R", 6], ["R", 6], ["R", 6], ["R", 6], ["R", 6], ["R", 6], ["W", 6], ["R", 6], ["R", 6], ["W", 6], ["W", 5], ["W", 6], ["W", 6], ["R", 6], ["R", 6], ["R", 8], ["R", 8], ["R", 8], ["R", 6], ["R", 6], ["R", 6], ["W", 8], ["W", 8], ["W", 8], ["R", 6], ["R", 6], ["W", 8], ["W", 8], ["W", 8], ["R", 6], ["R", 6], ["W", 8], ["W", 6], ["R", 8], ["R", 8], ["W", 8], ["R", 8], ["R", 8], ["W", 8], ["R", 8], ["R", 8], ["W", 8], ["W", 8], ["W", 8], ["R", 6], ["R", 6], ["R", 6], ["R", 6], ["W", 9], ["W", 9], ["W", 9], ["W", 9], ["W", 9], ["W", 9], ["W", 9], ["W", 9], ["W", 9], ["W", 9], ["W", 9], ["W", 9], ["W", 9], ["W", 9], ["W", 9], ["W", 9], ["W", 9], ["W", 9], ["W", 9], ["W", 9], ["W", 9], ["W", 9], ["W", 6], ["R", 9], ["R", 9], ["R", 9], ["R", 6], ["W", 9], ["R", 9], ["R", 9], ["W", 9], ["R", 9], ["R", 9], ["W", 9], ["R", 9], ["R", 9], ["W", 9], ["R", 9], ["R", 9], ["W", 9], ["R", 9], ["R", 9], ["W", 9], ["R", 9], ["R", 9], ["W", 9], ["R", 9], ["R", 9], ["W", 9], ["R", 9], ["R", 9], ["W", 9], ["R", 9], ["R", 9], ["W", 9], ["R", 9], ["R", 9], ["W", 9], ["R", 9], ["R", 9], ["W", 9], ["R", 9], ["R", 9], ["W", 9], ["R", 9], ["R", 9], ["W", 9], ["R", 9], ["R", 9], ["W", 9], ["W", 9], ["R", 6], ["R", 6], ["W", 10], ["W", 10], ["W", 10], ["W", 10], ["W", 10], ["W", 10], ["W", 10], ["W", 10], ["W", 10], ["W", 10], ["W", 10], ["W", 10], ["W", 10], ["W", 10], ["W", 10], ["W", 10], ["W", 10], ["W", 6], ["R", 10], ["R", 10], ["R", 10], ["R", 10], ["R", 6], ["R", 10], ["W", 10], ["R", 10], ["W", 10], ["R", 10], ["W", 10], ["R", 10], ["W", 10], ["R", 10], ["W", 10], ["R", 10], ["W", 10], ["R", 10], ["W", 10], ["R", 10], ["W", 10], ["R", 10], ["W", 10], ["R", 10], ["W", 10], ["R", 10], ["W", 10], ["R", 10], ["W", 10], ["R", 10], ["W", 10], ["R", 10], ["W", 10], ["R", 10], ["W", 10], ["R", 10], ["W", 10], ["R", 10], ["W", 10], ["W", 10], ["R", 6], ["R", 6], ["W", 7], ["W", 7], ["W", 7], ["W", 7], ["W", 7], ["W", 7], ["W", 7], ["R", 7], ["R", 7], ["R", 7], ["R", 7], ["W", 7], ["W", 6], ["R", 7], ["R", 7], ["R", 7], ["R", 7], ["R", 7], ["R", 7], ["R", 7], ["R", 6], ["R", 7], ["R", 7], ["W", 7], ["R", 7], ["R", 7], ["W", 7], ["R", 7], ["R", 7], ["W", 7], ["R", 7], ["R", 7], ["W", 7], ["R", 7], ["R", 7], ["W", 7], ["R", 7], ["R", 7], ["W", 7], ["R", 7], ["R", 7], ["W", 7], ["W", 7], ["R", 6], ["R", 6], ["R", 6], ["R", 6], ["R", 6], ["R", 6], ["R", 6], ["R", 6], ["R", 6], ["R", 6], ["R", 6], ["R", 6], ["R", 6], ["R", 6], ["R", 6], ["R", 6], ["W", 11], ["W", 11], ["W", 11], ["W", 11], ["W", 11], ["W", 11], ["W", 11], ["W", 11], ["W", 11], ["W", 6], ["R", 11], ["R", 11], ["R", 11], ["R", 6], ["W", 11], ["R", 11], ["W", 11], ["R", 11], ["W", 11], ["R", 11], ["W", 11], ["R", 11], ["W", 11], ["R", 11], ["W", 11], ["R", 11], ["W", 11], ["R", 11], ["W", 11], ["W", 11], ["R", 6], ["R", 6], ["R", 6], ["R", 6], ["R", 6], ["R", 6], ["R", 6], ["R", 6], ["R", 6], ["R", 6], ["R", 6], ["R", 6], ["R", 6], ["R", 6], ["W", 12], ["W", 12], ["W", 12], ["W", 12], ["W", 12], ["W", 12], ["W", 12], ["W", 12], ["W", 12], ["W", 12], ["W", 12], ["W", 12], ["W", 12], ["W", 6], ["R", 12], ["R", 12], ["R", 12], ["R", 12], ["R", 12], ["R", 6], ["R", 12], ["R", 12], ["R", 12], ["R", 12], ["W", 12], ["R", 12], ["R", 12], ["R", 12], ["R", 12], ["R", 12], ["R", 12], ["R", 12], ["R", 12], ["W", 12], ["R", 12], ["R", 12], ["W", 12], ["R", 12], ["R", 12], ["W", 12], ["R", 12], ["R", 12], ["W", 12], ["R", 12], ["R", 12], ["W", 12], ["R", 12], ["R", 12], ["W", 12], ["R", 12], ["R", 12], ["W", 12], ["R", 12], ["R", 12], ["W", 12], ["R", 12], ["R", 12], ["W", 12], ["R", 12], ["R", 6], ["R", 6], ["R", 6], ["R", 6], ["R", 6], ["R", 6], ["R", 6], ["R", 6], ["R", 6], ["R", 12], ["R", 12], ["R", 12], ["R", 12], ["W", 12], ["W", 12], ["W", 12], ["W", 12], ["W", 12], ["R", 12], ["R", 12], ["R", 12], ["R", 12], ["R", 12], ["R", 12], ["R", 12], ["R", 6], ["R", 6], ["R", 6], ["R", 6], ["R", 6], ["R", 6], ["R", 6], ["R", 6], ["R", 6], ["R", 6], ["R", 6], ["R", 6], ["R", 6], ["R", 6], ["W", 12], ["W", 12], ["W", 12], ["W", 12], ["W", 12], ["W", 12], ["W", 12], ["W", 12], ["W", 12], ["W", 12], ["W", 12], ["W", 12], ["W", 12], ["W", 6], ["R", 12], ["R", 12], ["R", 12], ["R", 12], ["R", 12], ["R", 6], ["R", 12], ["R", 12], ["R", 12], ["R", 12], ["W", 12], ["R", 12], ["R", 12], ["R", 12], ["R", 12], ["R", 12], ["R", 12], ["R", 12], ["R", 12], ["W", 12], ["R", 12], ["R", 12], ["W", 12], ["R", 12], ["R", 12], ["W", 12], ["R", 12], ["R", 12], ["W", 12], ["R", 12], ["R", 12], ["W", 12], ["R", 12], ["R", 12], ["W", 12], ["R", 12], ["R", 12], ["W", 12], ["R", 12], ["R", 12], ["W", 12], ["R", 12], ["R", 12], ["W", 12], ["R", 12], ["R", 6], ["R", 6], ["R", 6], ["R", 6], ["R", 6], ["R", 6], ["R", 6], ["R", 6], ["R", 6], ["R", 12], ["R", 12], ["R", 12], ["R", 12], ["W", 12], ["W", 12], ["W", 12], ["W", 12], ["W", 12], ["R", 12], ["R", 12], ["R", 12], ["R", 12], ["R", 12], ["R", 12], ["R", 12], ["R", 6], ["R", 6], ["R", 6], ["R", 6], ["R", 6], ["R", 6], ["R", 6], ["R", 6], ["R", 6], ["R", 6], ["R", 6], ["R", 6], ["R", 6], ["R", 6], ["R", 6], ["W", 13], ["W", 13], ["W", 13], ["W", 13], ["W", 13], ["W", 13], ["W", 13], ["W", 13], ["W", 6], ["R", 13], ["R", 13], ["R", 13], ["R", 13], ["R", 13], ["R", 6], ["R", 13], ["R", 13], ["W", 13], ["R", 13], ["R", 13], ["W", 13], ["R", 13], ["R", 13], ["W", 13], ["R", 13], ["R", 13], ["W", 13], ["R", 13], ["R", 13], ["W", 13], ["R", 13], ["R", 13], ["W", 13], ["W", 13], ["R", 13], ["R", 13], ["R", 13], ["R", 6], ["R", 6], ["R", 6], ["R", 5], ["R", 5]]}]}, "CreateProjectUrlController.createProjectUrl": {"t": [{"id": 0, "a": [["R", 1], ["R", 1], ["R", 1], ["W", 1], ["W", 1], ["W", 1], ["W", 1], ["W", 2], ["W", 1], ["W", 2], ["W", 2], ["W", 2], ["W", 1], ["W", 2], ["W", 1], ["R", 1], ["R", 3], ["W", 3], ["W", 3], ["W", 3], ["W", 3], ["W", 3], ["W", 3], ["W", 1], ["W", 3], ["W", 1], ["W", 1], ["R", 1], ["R", 1], ["R", 1], ["R", 1], ["R", 1], ["R", 1], ["R", 1], ["W", 1], ["W", 1], ["W", 1], ["W", 3], ["R", 1], ["R", 1], ["R", 2], ["R", 1], ["R", 2], ["R", 2], ["R", 1], ["R", 1], ["R", 3], ["R", 1], ["R", 3], ["R", 3], ["R", 5], ["R", 5], ["R", 1], ["R", 1], ["R", 1], ["R", 5], ["R", 5], ["R", 5]]}]}, "SeoStrategyViewController.projectView": {"t": [{"id": 0, "a": [["R", 1], ["R", 1], ["R", 1], ["W", 1], ["W", 1], ["W", 1], ["W", 1], ["W", 2], ["W", 1], ["W", 2], ["W", 2], ["W", 2], ["W", 1], ["W", 2], ["W", 1], ["R", 1], ["R", 3], ["W", 3], ["W", 3], ["W", 3], ["W", 3], ["W", 3], ["W", 3], ["W", 1], ["W", 3], ["W", 1], ["W", 1], ["R", 1], ["R", 1], ["R", 1], ["R", 1], ["R", 1], ["R", 1], ["R", 1], ["W", 1], ["W", 1], ["W", 1], ["W", 3], ["R", 1], ["R", 1], ["R", 2], ["R", 1], ["R", 2], ["R", 2], ["R", 1], ["R", 1], ["R", 3], ["R", 1], ["R", 3], ["R", 3], ["R", 14], ["R", 14], ["R", 6], ["R", 6], ["R", 5], ["R", 5], ["R", 1], ["R", 1], ["R", 1], ["R", 12], ["R", 12], ["R", 12], ["R", 12], ["R", 6], ["R", 12], ["R", 14], ["R", 15], ["R", 14], ["R", 15], ["R", 15], ["R", 15], ["R", 12], ["R", 12], ["R", 12], ["R", 12], ["W", 15], ["R", 12], ["R", 12], ["R", 12], ["R", 12], ["R", 6], ["R", 12], ["R", 14], ["R", 15], ["R", 14], ["R", 15], ["R", 15], ["R", 15], ["R", 12], ["R", 12], ["R", 12], ["R", 12], ["W", 15], ["R", 6], ["R", 6]]}]}, "KeywordsController.projectView": {"t": [{"id": 0, "a": [["R", 1], ["R", 1], ["R", 1], ["W", 1], ["W", 1], ["W", 1], ["W", 1], ["W", 2], ["W", 1], ["W", 2], ["W", 2], ["W", 2], ["W", 1], ["W", 2], ["W", 1], ["R", 1], ["R", 3], ["W", 3], ["W", 3], ["W", 3], ["W", 3], ["W", 3], ["W", 3], ["W", 1], ["W", 3], ["W", 1], ["W", 1], ["R", 1], ["R", 1], ["R", 1], ["R", 1], ["R", 1], ["R", 1], ["R", 1], ["W", 1], ["W", 1], ["W", 1], ["W", 3], ["R", 1], ["R", 1], ["R", 2], ["R", 1], ["R", 2], ["R", 2], ["R", 1], ["R", 1], ["R", 3], ["R", 1], ["R", 3], ["R", 3], ["R", 6], ["R", 6], ["R", 5], ["R", 5], ["R", 1], ["R", 1], ["R", 1], ["R", 12], ["R", 12], ["R", 12], ["R", 6], ["R", 12]]}]}, "TwitterCallbackController.twitterCallback": {"t": [{"id": 0, "a": [["R", 1], ["R", 1], ["R", 1], ["W", 1], ["W", 1], ["W", 1], ["W", 1], ["W", 2], ["W", 1], ["W", 2], ["W", 2], ["W", 2], ["W", 1], ["W", 2], ["W", 1], ["R", 1], ["R", 3], ["W", 3], ["W", 3], ["W", 3], ["W", 3], ["W", 3], ["W", 3], ["W", 1], ["W", 3], ["W", 1], ["W", 1], ["R", 1], ["R", 1], ["R", 1], ["R", 1], ["R", 1], ["R", 1], ["R", 1], ["W", 1], ["W", 1], ["W", 1], ["W", 3], ["R", 1]]}]}, "AutoFollowController.autofollow": {"t": [{"id": 0, "a": [["R", 1], ["R", 1], ["R", 1], ["W", 1], ["W", 1], ["W", 1], ["W", 1], ["W", 2], ["W", 1], ["W", 2], ["W", 2], ["W", 2], ["W", 1], ["W", 2], ["W", 1], ["R", 1], ["R", 3], ["W", 3], ["W", 3], ["W", 3], ["W", 3], ["W", 3], ["W", 3], ["W", 1], ["W", 3], ["W", 1], ["W", 1], ["R", 1], ["R", 1], ["R", 1], ["R", 1], ["R", 1], ["R", 1], ["R", 1], ["W", 1], ["W", 1], ["W", 1], ["W", 3], ["R", 1], ["R", 1], ["R", 2], ["R", 1], ["R", 2], ["R", 2]]}]}, "SeoPlayhouseController.blastfollow": {"t": [{"id": 0, "a": [["R", 1], ["R", 1], ["R", 1], ["W", 1], ["W", 1], ["W", 1], ["W", 1], ["W", 2], ["W", 1], ["W", 2], ["W", 2], ["W", 2], ["W", 1], ["W", 2], ["W", 1], ["R", 1], ["R", 3], ["W", 3], ["W", 3], ["W", 3], ["W", 3], ["W", 3], ["W", 3], ["W", 1], ["W", 3], ["W", 1], ["W", 1], ["R", 1], ["R", 1], ["R", 1], ["R", 1], ["R", 1], ["R", 1], ["R", 1], ["W", 1], ["W", 1], ["W", 1], ["W", 3], ["R", 1], ["R", 1], ["R", 2], ["R", 1], ["R", 2], ["R", 2], ["R", 1], ["R", 5], ["R", 5], ["R", 5], ["R", 1], ["R", 5]]}]}, "BacklinksController.projectView": {"t": [{"id": 0, "a": [["R", 1], ["R", 1], ["R", 1], ["W", 1], ["W", 1], ["W", 1], ["W", 1], ["W", 2], ["W", 1], ["W", 2], ["W", 2], ["W", 2], ["W", 1], ["W", 2], ["W", 1], ["R", 1], ["R", 3], ["W", 3], ["W", 3], ["W", 3], ["W", 3], ["W", 3], ["W", 3], ["W", 1], ["W", 3], ["W", 1], ["W", 1], ["R", 1], ["R", 1], ["R", 1], ["R", 1], ["R", 1], ["R", 1], ["R", 1], ["W", 1], ["W", 1], ["W", 1], ["W", 3], ["R", 1], ["R", 1], ["R", 2], ["R", 1], ["R", 2], ["R", 2], ["R", 1], ["R", 1], ["R", 3], ["R", 1], ["R", 3], ["R", 3], ["R", 6], ["R", 6], ["R", 5], ["R", 5], ["R", 1], ["R", 1], ["R", 1], ["R", 10], ["R", 10], ["R", 10], ["R", 6]]}]}, "ArchiveProjectController.createProjectUrl": {"t": [{"id": 0, "a": [["R", 1], ["R", 1], ["R", 1], ["W", 1], ["W", 1], ["W", 1], ["W", 1], ["W", 2], ["W", 1], ["W", 2], ["W", 2], ["W", 2], ["W", 1], ["W", 2], ["W", 1], ["R", 1], ["R", 3], ["W", 3], ["W", 3], ["W", 3], ["W", 3], ["W", 3], ["W", 3], ["W", 1], ["W", 3], ["W", 1], ["W", 1], ["R", 1], ["R", 1], ["R", 1], ["R", 1], ["R", 1], ["R", 1], ["R", 1], ["W", 1], ["W", 1], ["W", 1], ["W", 3], ["R", 1], ["R", 1], ["R", 2], ["R", 1], ["R", 2], ["R", 2], ["R", 1], ["R", 1], ["R", 3], ["R", 1], ["R", 3], ["R", 3], ["R", 5], ["R", 5], ["R", 1], ["R", 1], ["R", 1], ["W", 5], ["W", 5], ["R", 5], ["R", 6], ["R", 6], ["R", 6], ["R", 6], ["R", 6], ["R", 6]]}]}, "FollowFollowerController.followTweep": {"t": [{"id": 0, "a": [["W", 16]]}]}, "ViralFacebookController.viralTweets": {"t": [{"id": 0, "a": [["R", 17], ["R", 17], ["R", 17], ["R", 17], ["R", 17]]}]}, "LatestController.latest": {"t": [{"id": 0, "a": [["R", 18], ["R", 18], ["R", 18], ["R", 18], ["R", 18], ["R", 19], ["R", 18], ["W", 19]]}]}, "ViralTweetsController.viralTweets": {"t": [{"id": 0, "a": [["R", 20], ["R", 20], ["R", 20], ["R", 20], ["R", 20]]}]}, "FollowTweepController.followTweep": {"t": [{"id": 0, "a": [["W", 16]]}]}, "AutoUnfollowController.autounfollow": {"t": [{"id": 0, "a": [["R", 1], ["R", 1], ["R", 1], ["W", 1], ["W", 1], ["W", 1], ["W", 1], ["W", 2], ["W", 1], ["W", 2], ["W", 2], ["W", 2], ["W", 1], ["W", 2], ["W", 1], ["R", 1], ["R", 3], ["W", 3], ["W", 3], ["W", 3], ["W", 3], ["W", 3], ["W", 3], ["W", 1], ["W", 3], ["W", 1], ["W", 1], ["R", 1], ["R", 1], ["R", 1], ["R", 1], ["R", 1], ["R", 1], ["R", 1], ["W", 1], ["W", 1], ["W", 1], ["W", 3], ["R", 1], ["R", 1], ["R", 2], ["R", 1], ["R", 2], ["R", 2]]}]}, "RefreshSeoController.projectView": {"t": [{"id": 0, "a": [["R", 1], ["R", 1], ["R", 1], ["W", 1], ["W", 1], ["W", 1], ["W", 1], ["W", 2], ["W", 1], ["W", 2], ["W", 2], ["W", 2], ["W", 1], ["W", 2], ["W", 1], ["R", 1], ["R", 3], ["W", 3], ["W", 3], ["W", 3], ["W", 3], ["W", 3], ["W", 3], ["W", 1], ["W", 3], ["W", 1], ["W", 1], ["R", 1], ["R", 1], ["R", 1], ["R", 1], ["R", 1], ["R", 1], ["R", 1], ["W", 1], ["W", 1], ["W", 1], ["W", 3], ["R", 1], ["R", 1], ["R", 2], ["R", 1], ["R", 2], ["R", 2], ["R", 1], ["R", 1], ["R", 3], ["R", 1], ["R", 3], ["R", 3], ["R", 14], ["R", 14], ["R", 6], ["R", 6], ["R", 5], ["R", 5], ["R", 1], ["R", 1], ["R", 1], ["R", 6], ["R", 5], ["R", 5], ["R", 5], ["R", 1], ["R", 3], ["R", 3], ["R", 3], ["R", 1], ["R", 1], ["W", 3], ["W", 3], ["W", 3], ["R", 3], ["R", 1], ["R", 1], ["R", 3], ["R", 3], ["R", 3], ["R", 3], ["R", 3], ["R", 1], ["R", 1], ["R", 3], ["R", 3], ["R", 1], ["R", 1], ["R", 3], ["R", 3], ["W", 3], ["W", 3], ["R", 6], ["R", 6], ["W", 6], ["W", 6], ["R", 6], ["R", 6], ["R", 8], ["R", 8], ["R", 8], ["R", 6], ["R", 6], ["R", 6], ["W", 8], ["W", 8], ["W", 8], ["R", 6], ["R", 6], ["W", 8], ["W", 8], ["W", 8], ["R", 6], ["R", 6], ["W", 8], ["W", 6], ["R", 8], ["R", 8], ["W", 8], ["R", 8], ["R", 8], ["W", 8], ["R", 8], ["R", 8], ["W", 8], ["W", 8], ["W", 8], ["R", 6], ["R", 6], ["R", 6], ["R", 6], ["W", 9], ["W", 9], ["W", 9], ["W", 9], ["W", 9], ["W", 9], ["W", 9], ["W", 9], ["W", 9], ["W", 9], ["W", 9], ["W", 9], ["W", 9], ["W", 9], ["W", 9], ["W", 9], ["W", 9], ["W", 9], ["W", 9], ["W", 9], ["W", 9], ["W", 9], ["W", 6], ["R", 9], ["R", 9], ["R", 9], ["R", 6], ["W", 9], ["R", 9], ["R", 9], ["W", 9], ["R", 9], ["R", 9], ["W", 9], ["R", 9], ["R", 9], ["W", 9], ["R", 9], ["R", 9], ["W", 9], ["R", 9], ["R", 9], ["W", 9], ["R", 9], ["R", 9], ["W", 9], ["R", 9], ["R", 9], ["W", 9], ["R", 9], ["R", 9], ["W", 9], ["R", 9], ["R", 9], ["W", 9], ["R", 9], ["R", 9], ["W", 9], ["R", 9], ["R", 9], ["W", 9], ["R", 9], ["R", 9], ["W", 9], ["R", 9], ["R", 9], ["W", 9], ["R", 9], ["R", 9], ["W", 9], ["W", 9], ["R", 6], ["R", 6], ["W", 10], ["W", 10], ["W", 10], ["W", 10], ["W", 10], ["W", 10], ["W", 10], ["W", 10], ["W", 10], ["W", 10], ["W", 10], ["W", 10], ["W", 10], ["W", 10], ["W", 10], ["W", 10], ["W", 10], ["W", 6], ["R", 10], ["R", 10], ["R", 10], ["R", 10], ["R", 6], ["R", 10], ["W", 10], ["R", 10], ["W", 10], ["R", 10], ["W", 10], ["R", 10], ["W", 10], ["R", 10], ["W", 10], ["R", 10], ["W", 10], ["R", 10], ["W", 10], ["R", 10], ["W", 10], ["R", 10], ["W", 10], ["R", 10], ["W", 10], ["R", 10], ["W", 10], ["R", 10], ["W", 10], ["R", 10], ["W", 10], ["R", 10], ["W", 10], ["R", 10], ["W", 10], ["R", 10], ["W", 10], ["R", 10], ["W", 10], ["W", 10], ["R", 6], ["R", 6], ["W", 7], ["W", 7], ["W", 7], ["W", 7], ["W", 7], ["W", 7], ["W", 7], ["R", 7], ["R", 7], ["R", 7], ["R", 7], ["W", 7], ["W", 6], ["R", 7], ["R", 7], ["R", 7], ["R", 7], ["R", 7], ["R", 7], ["R", 7], ["R", 6], ["R", 7], ["R", 7], ["W", 7], ["R", 7], ["R", 7], ["W", 7], ["R", 7], ["R", 7], ["W", 7], ["R", 7], ["R", 7], ["W", 7], ["R", 7], ["R", 7], ["W", 7], ["R", 7], ["R", 7], ["W", 7], ["R", 7], ["R", 7], ["W", 7], ["W", 7], ["R", 6], ["R", 6], ["R", 6], ["R", 6], ["R", 6], ["R", 6], ["R", 6], ["R", 6], ["R", 6], ["R", 6], ["R", 6], ["R", 6], ["R", 6], ["R", 6], ["R", 6], ["R", 6], ["W", 11], ["W", 11], ["W", 11], ["W", 11], ["W", 11], ["W", 11], ["W", 11], ["W", 11], ["W", 11], ["W", 6], ["R", 11], ["R", 11], ["R", 11], ["R", 6], ["W", 11], ["R", 11], ["W", 11], ["R", 11], ["W", 11], ["R", 11], ["W", 11], ["R", 11], ["W", 11], ["R", 11], ["W", 11], ["R", 11], ["W", 11], ["R", 11], ["W", 11], ["W", 11], ["R", 6], ["R", 6], ["R", 6], ["R", 6], ["R", 6], ["R", 6], ["R", 6], ["R", 6], ["R", 6], ["R", 6], ["R", 6], ["R", 6], ["R", 6], ["R", 6], ["W", 12], ["W", 12], ["W", 12], ["W", 12], ["W", 12], ["W", 12], ["W", 12], ["W", 12], ["W", 12], ["W", 12], ["W", 12], ["W", 12], ["W", 12], ["W", 6], ["R", 12], ["R", 12], ["R", 12], ["R", 12], ["R", 12], ["R", 6], ["R", 12], ["R", 12], ["R", 12], ["R", 12], ["W", 12], ["R", 12], ["R", 12], ["R", 12], ["R", 12], ["R", 12], ["R", 12], ["R", 12], ["R", 12], ["W", 12], ["R", 12], ["R", 12], ["W", 12], ["R", 12], ["R", 12], ["W", 12], ["R", 12], ["R", 12], ["W", 12], ["R", 12], ["R", 12], ["W", 12], ["R", 12], ["R", 12], ["W", 12], ["R", 12], ["R", 12], ["W", 12], ["R", 12], ["R", 12], ["W", 12], ["R", 12], ["R", 12], ["W", 12], ["R", 12], ["R", 6], ["R", 6], ["R", 6], ["R", 6], ["R", 6], ["R", 6], ["R", 6], ["R", 6], ["R", 6], ["R", 12], ["R", 12], ["R", 12], ["R", 12], ["W", 12], ["W", 12], ["W", 12], ["W", 12], ["W", 12], ["R", 12], ["R", 12], ["R", 12], ["R", 12], ["R", 12], ["R", 12], ["R", 12], ["R", 6], ["R", 6], ["R", 6], ["R", 6], ["R", 6], ["R", 6], ["R", 6], ["R", 6], ["R", 6], ["R", 6], ["R", 6], ["R", 6], ["R", 6], ["R", 6], ["W", 12], ["W", 12], ["W", 12], ["W", 12], ["W", 12], ["W", 12], ["W", 12], ["W", 12], ["W", 12], ["W", 12], ["W", 12], ["W", 12], ["W", 12], ["W", 6], ["R", 12], ["R", 12], ["R", 12], ["R", 12], ["R", 12], ["R", 6], ["R", 12], ["R", 12], ["R", 12], ["R", 12], ["W", 12], ["R", 12], ["R", 12], ["R", 12], ["R", 12], ["R", 12], ["R", 12], ["R", 12], ["R", 12], ["W", 12], ["R", 12], ["R", 12], ["W", 12], ["R", 12], ["R", 12], ["W", 12], ["R", 12], ["R", 12], ["W", 12], ["R", 12], ["R", 12], ["W", 12], ["R", 12], ["R", 12], ["W", 12], ["R", 12], ["R", 12], ["W", 12], ["R", 12], ["R", 12], ["W", 12], ["R", 12], ["R", 12], ["W", 12], ["R", 12], ["R", 6], ["R", 6], ["R", 6], ["R", 6], ["R", 6], ["R", 6], ["R", 6], ["R", 6], ["R", 6], ["R", 12], ["R", 12], ["R", 12], ["R", 12], ["W", 12], ["W", 12], ["W", 12], ["W", 12], ["W", 12], ["R", 12], ["R", 12], ["R", 12], ["R", 12], ["R", 12], ["R", 12], ["R", 12], ["R", 6], ["R", 6], ["R", 6], ["R", 6], ["R", 6], ["R", 6], ["R", 6], ["R", 6], ["R", 6], ["R", 6], ["R", 6], ["R", 6], ["R", 6], ["R", 6], ["R", 6], ["W", 13], ["W", 13], ["W", 13], ["W", 13], ["W", 13], ["W", 13], ["W", 13], ["W", 13], ["W", 6], ["R", 13], ["R", 13], ["R", 13], ["R", 13], ["R", 13], ["R", 6], ["R", 13], ["R", 13], ["W", 13], ["R", 13], ["R", 13], ["W", 13], ["R", 13], ["R", 13], ["W", 13], ["R", 13], ["R", 13], ["W", 13], ["R", 13], ["R", 13], ["W", 13], ["R", 13], ["R", 13], ["W", 13], ["W", 13], ["R", 13], ["R", 13], ["R", 13], ["R", 6], ["R", 6]]}]}, "EditProjectController.createProject": {"t": [{"id": 0, "a": [["R", 1], ["R", 1], ["R", 1], ["W", 1], ["W", 1], ["W", 1], ["W", 1], ["W", 2], ["W", 1], ["W", 2], ["W", 2], ["W", 2], ["W", 1], ["W", 2], ["W", 1], ["R", 1], ["R", 3], ["W", 3], ["W", 3], ["W", 3], ["W", 3], ["W", 3], ["W", 3], ["W", 1], ["W", 3], ["W", 1], ["W", 1], ["R", 1], ["R", 1], ["R", 1], ["R", 1], ["R", 1], ["R", 1], ["R", 1], ["W", 1], ["W", 1], ["W", 1], ["W", 3], ["R", 1], ["R", 1], ["R", 2], ["R", 1], ["R", 2], ["R", 2], ["R", 1], ["R", 1], ["R", 3], ["R", 1], ["R", 3], ["R", 3], ["R", 5], ["R", 5], ["R", 1], ["R", 1], ["R", 1], ["R", 5], ["R", 5], ["R", 5]]}]}, "EditProjectController.createProjectSubmit": {"t": [{"id": 0, "a": [["R", 1], ["R", 2], ["R", 1], ["R", 2], ["R", 2], ["W", 5], ["W", 1], ["W", 5]]}]}, "CreateSeoStrategyController.createProjectSubmit": {"t": [{"id": 0, "a": [["R", 1], ["R", 2], ["R", 1], ["R", 2], ["R", 2], ["R", 5], ["R", 5], ["R", 1], ["R", 1], ["R", 1], ["R", 6], ["R", 14], ["R", 14], ["R", 14], ["R", 6], ["R", 14], ["R", 6], ["R", 12], ["R", 12], ["R", 12], ["R", 12], ["R", 6], ["R", 12], ["R", 12], ["R", 12], ["R", 12], ["R", 12], ["R", 6], ["R", 12], ["W", 14], ["W", 6], ["W", 14], ["R", 14], ["W", 14], ["W", 14], ["W", 15], ["R", 12], ["R", 12], ["R", 12], ["R", 12], ["W", 12], ["W", 12], ["W", 15], ["R", 12], ["R", 12], ["R", 12], ["R", 12], ["W", 12], ["W", 12], ["W", 15], ["W", 15], ["W", 14], ["W", 15], ["R", 6], ["R", 6], ["R", 6], ["R", 6], ["R", 6], ["R", 6], ["R", 6], ["W", 15], ["R", 12], ["R", 12], ["R", 12], ["R", 12], ["W", 12], ["W", 12], ["W", 15], ["R", 12], ["R", 12], ["R", 12], ["R", 12], ["W", 12], ["W", 12], ["W", 15], ["W", 15], ["W", 14], ["W", 15], ["R", 6], ["R", 6], ["R", 6], ["R", 6], ["R", 6], ["R", 6], ["R", 6], ["R", 6], ["R", 6], ["R", 6], ["R", 6], ["R", 6], ["R", 6], ["R", 6], ["R", 6], ["R", 6], ["R", 15], ["R", 15], ["R", 15], ["R", 15], ["W", 15], ["W", 15], ["R", 12], ["R", 12], ["R", 12], ["R", 12], ["W", 12], ["W", 12], ["R", 14]]}]}, "CreateSeoStrategyController.createProjectUrl": {"t": [{"id": 0, "a": [["R", 1], ["R", 1], ["R", 1], ["W", 1], ["W", 1], ["W", 1], ["W", 1], ["W", 2], ["W", 1], ["W", 2], ["W", 2], ["W", 2], ["W", 1], ["W", 2], ["W", 1], ["R", 1], ["R", 3], ["W", 3], ["W", 3], ["W", 3], ["W", 3], ["W", 3], ["W", 3], ["W", 1], ["W", 3], ["W", 1], ["W", 1], ["R", 1], ["R", 1], ["R", 1], ["R", 1], ["R", 1], ["R", 1], ["R", 1], ["W", 1], ["W", 1], ["W", 1], ["W", 3], ["R", 1], ["R", 1], ["R", 2], ["R", 1], ["R", 2], ["R", 2], ["R", 1], ["R", 1], ["R", 3], ["R", 1], ["R", 3], ["R", 3], ["R", 6], ["R", 6], ["R", 5], ["R", 5], ["R", 1], ["R", 1], ["R", 1], ["R", 5], ["R", 5], ["R", 6], ["R", 14], ["R", 14], ["R", 14], ["R", 6], ["R", 14], ["R", 6], ["R", 12], ["R", 12], ["R", 12], ["R", 12], ["R", 6], ["R", 12], ["R", 12], ["R", 12], ["R", 12], ["R", 12], ["R", 6], ["R", 12]]}]}, "SeoStrategiesController.blastfollow": {"t": [{"id": 0, "a": [["R", 1], ["R", 1], ["R", 1], ["W", 1], ["W", 1], ["W", 1], ["W", 1], ["W", 2], ["W", 1], ["W", 2], ["W", 2], ["W", 2], ["W", 1], ["W", 2], ["W", 1], ["R", 1], ["R", 3], ["W", 3], ["W", 3], ["W", 3], ["W", 3], ["W", 3], ["W", 3], ["W", 1], ["W", 3], ["W", 1], ["W", 1], ["R", 1], ["R", 1], ["R", 1], ["R", 1], ["R", 1], ["R", 1], ["R", 1], ["W", 1], ["W", 1], ["W", 1], ["W", 3], ["R", 1], ["R", 1], ["R", 2], ["R", 1], ["R", 2], ["R", 2], ["R", 1], ["R", 1], ["R", 14], ["R", 14], ["R", 14], ["R", 6], ["R", 5], ["R", 1], ["R", 14], ["R", 1], ["R", 14], ["R", 14], ["R", 14], ["R", 6], ["R", 5], ["R", 1], ["R", 14], ["R", 14], ["R", 1], ["R", 14], ["R", 14], ["R", 14], ["R", 6], ["R", 5], ["R", 1], ["R", 14], ["R", 14], ["R", 1], ["R", 14], ["R", 14], ["R", 14], ["R", 6], ["R", 5], ["R", 1], ["R", 14], ["R", 14], ["R", 14]]}]}, "ChiveImagesController.chiveImages": {"t": [{"id": 0, "a": [["R", 21], ["R", 21]]}]}, "HottestController.latest": {"t": [{"id": 0, "a": [["R", 18], ["R", 18], ["R", 18], ["R", 18], ["R", 19], ["R", 18], ["R", 19], ["R", 18], ["W", 19]]}]}, "DeleteProjectController.createProjectUrl": {"t": [{"id": 0, "a": [["R", 1], ["R", 1], ["R", 1], ["W", 1], ["W", 1], ["W", 1], ["W", 1], ["W", 2], ["W", 1], ["W", 2], ["W", 2], ["W", 2], ["W", 1], ["W", 2], ["W", 1], ["R", 1], ["R", 3], ["W", 3], ["W", 3], ["W", 3], ["W", 3], ["W", 3], ["W", 3], ["W", 1], ["W", 3], ["W", 1], ["W", 1], ["R", 1], ["R", 1], ["R", 1], ["R", 1], ["R", 1], ["R", 1], ["R", 1], ["W", 1], ["W", 1], ["W", 1], ["W", 3], ["R", 1], ["R", 1], ["R", 2], ["R", 1], ["R", 2], ["R", 2], ["R", 1], ["R", 1], ["R", 3], ["R", 1], ["R", 3], ["R", 3], ["R", 5], ["R", 5], ["R", 1], ["R", 1], ["R", 1], ["R", 5], ["R", 6], ["R", 6], ["R", 6], ["R", 6], ["R", 6], ["R", 6], ["W", 5], ["W", 5]]}]}, "DeleteSeoStrategyController.createProjectUrl": {"t": [{"id": 0, "a": [["R", 1], ["R", 1], ["R", 1], ["W", 1], ["W", 1], ["W", 1], ["W", 1], ["W", 2], ["W", 1], ["W", 2], ["W", 2], ["W", 2], ["W", 1], ["W", 2], ["W", 1], ["R", 1], ["R", 3], ["W", 3], ["W", 3], ["W", 3], ["W", 3], ["W", 3], ["W", 3], ["W", 1], ["W", 3], ["W", 1], ["W", 1], ["R", 1], ["R", 1], ["R", 1], ["R", 1], ["R", 1], ["R", 1], ["R", 1], ["W", 1], ["W", 1], ["W", 1], ["W", 3], ["R", 1], ["R", 1], ["R", 2], ["R", 1], ["R", 2], ["R", 2], ["R", 1], ["R", 1], ["R", 3], ["R", 1], ["R", 3], ["R", 3], ["R", 14], ["R", 14], ["R", 6], ["R", 6], ["R", 5], ["R", 5], ["R", 1], ["R", 1], ["R", 1], ["W", 14]]}]}, "ViralContentController.chiveImages": {"t": [{"id": 0, "a": [["R", 22], ["R", 22], ["R", 22], ["R", 22]]}]}, "ProjectUrlViewController.projectView": {"t": [{"id": 0, "a": [["R", 1], ["R", 1], ["R", 1], ["W", 1], ["W", 1], ["W", 1], ["W", 1], ["W", 2], ["W", 1], ["W", 2], ["W", 2], ["W", 2], ["W", 1], ["W", 2], ["W", 1], ["R", 1], ["R", 3], ["W", 3], ["W", 3], ["W", 3], ["W", 3], ["W", 3], ["W", 3], ["W", 1], ["W", 3], ["W", 1], ["W", 1], ["R", 1], ["R", 1], ["R", 1], ["R", 1], ["R", 1], ["R", 1], ["R", 1], ["W", 1], ["W", 1], ["W", 1], ["W", 3], ["R", 1], ["R", 1], ["R", 2], ["R", 1], ["R", 2], ["R", 2], ["R", 1], ["R", 1], ["R", 3], ["R", 1], ["R", 3], ["R", 3], ["R", 6], ["R", 6], ["R", 5], ["R", 5], ["R", 1], ["R", 1], ["R", 1], ["R", 6], ["R", 6], ["R", 10], ["R", 10], ["R", 10], ["R", 6], ["R", 10], ["R", 10], ["R", 10], ["R", 10], ["R", 10], ["R", 10], ["R", 12], ["R", 12], ["R", 12], ["R", 12], ["R", 6], ["R", 12], ["R", 12], ["R", 12], ["R", 12], ["R", 12], ["R", 6], ["R", 12], ["R", 12], ["R", 12], ["R", 12], ["R", 12], ["R", 12], ["R", 12], ["R", 12], ["R", 12], ["R", 12], ["R", 12], ["R", 12], ["R", 12], ["R", 12], ["R", 12], ["R", 12], ["R", 12], ["R", 12], ["R", 12], ["R", 12], ["R", 12], ["R", 12], ["R", 12], ["R", 12], ["R", 12], ["R", 12], ["R", 12], ["R", 12], ["R", 12], ["R", 12], ["R", 12], ["R", 12], ["R", 12], ["R", 12], ["R", 12], ["R", 12], ["R", 12], ["R", 13], ["R", 13], ["R", 13], ["R", 13], ["R", 6], ["R", 13], ["R", 7], ["R", 7], ["R", 7], ["R", 6], ["R", 7], ["R", 6], ["R", 8], ["R", 14], ["R", 14], ["R", 14], ["R", 6], ["R", 14]]}]}, "RefreshController.projectView": {"t": [{"id": 0, "a": [["R", 1], ["R", 1], ["R", 1], ["W", 1], ["W", 1], ["W", 1], ["W", 1], ["W", 2], ["W", 1], ["W", 2], ["W", 2], ["W", 2], ["W", 1], ["W", 2], ["W", 1], ["R", 1], ["R", 3], ["W", 3], ["W", 3], ["W", 3], ["W", 3], ["W", 3], ["W", 3], ["W", 1], ["W", 3], ["W", 1], ["W", 1], ["R", 1], ["R", 1], ["R", 1], ["R", 1], ["R", 1], ["R", 1], ["R", 1], ["W", 1], ["W", 1], ["W", 1], ["W", 3], ["R", 1], ["R", 1], ["R", 2], ["R", 1], ["R", 2], ["R", 2], ["R", 1], ["R", 1], ["R", 3], ["R", 1], ["R", 3], ["R", 3], ["R", 6], ["R", 6], ["R", 5], ["R", 5], ["R", 1], ["R", 1], ["R", 1], ["R", 6], ["R", 5], ["R", 5], ["R", 5], ["R", 6], ["R", 1], ["R", 3], ["R", 3], ["R", 3], ["R", 1], ["R", 1], ["W", 3], ["W", 3], ["W", 3], ["R", 3], ["R", 1], ["R", 1], ["R", 3], ["R", 3], ["R", 3], ["R", 3], ["R", 3], ["R", 1], ["R", 1], ["R", 3], ["R", 3], ["R", 1], ["R", 1], ["R", 3], ["R", 3], ["W", 3], ["W", 3], ["R", 6], ["R", 6], ["W", 6], ["W", 6], ["R", 6], ["R", 6], ["R", 8], ["R", 8], ["R", 8], ["R", 6], ["R", 6], ["R", 6], ["W", 8], ["W", 8], ["W", 8], ["R", 6], ["R", 6], ["W", 8], ["W", 8], ["W", 8], ["R", 6], ["R", 6], ["W", 8], ["W", 6], ["R", 8], ["R", 8], ["W", 8], ["R", 8], ["R", 8], ["W", 8], ["R", 8], ["R", 8], ["W", 8], ["W", 8], ["W", 8], ["R", 6], ["R", 6], ["R", 6], ["R", 6], ["W", 9], ["W", 9], ["W", 9], ["W", 9], ["W", 9], ["W", 9], ["W", 9], ["W", 9], ["W", 9], ["W", 9], ["W", 9], ["W", 9], ["W", 9], ["W", 9], ["W", 9], ["W", 9], ["W", 9], ["W", 9], ["W", 9], ["W", 9], ["W", 9], ["W", 9], ["W", 6], ["R", 9], ["R", 9], ["R", 9], ["R", 6], ["W", 9], ["R", 9], ["R", 9], ["W", 9], ["R", 9], ["R", 9], ["W", 9], ["R", 9], ["R", 9], ["W", 9], ["R", 9], ["R", 9], ["W", 9], ["R", 9], ["R", 9], ["W", 9], ["R", 9], ["R", 9], ["W", 9], ["R", 9], ["R", 9], ["W", 9], ["R", 9], ["R", 9], ["W", 9], ["R", 9], ["R", 9], ["W", 9], ["R", 9], ["R", 9], ["W", 9], ["R", 9], ["R", 9], ["W", 9], ["R", 9], ["R", 9], ["W", 9], ["R", 9], ["R", 9], ["W", 9], ["R", 9], ["R", 9], ["W", 9], ["W", 9], ["R", 6], ["R", 6], ["W", 10], ["W", 10], ["W", 10], ["W", 10], ["W", 10], ["W", 10], ["W", 10], ["W", 10], ["W", 10], ["W", 10], ["W", 10], ["W", 10], ["W", 10], ["W", 10], ["W", 10], ["W", 10], ["W", 10], ["W", 6], ["R", 10], ["R", 10], ["R", 10], ["R", 10], ["R", 6], ["R", 10], ["W", 10], ["R", 10], ["W", 10], ["R", 10], ["W", 10], ["R", 10], ["W", 10], ["R", 10], ["W", 10], ["R", 10], ["W", 10], ["R", 10], ["W", 10], ["R", 10], ["W", 10], ["R", 10], ["W", 10], ["R", 10], ["W", 10], ["R", 10], ["W", 10], ["R", 10], ["W", 10], ["R", 10], ["W", 10], ["R", 10], ["W", 10], ["R", 10], ["W", 10], ["R", 10], ["W", 10], ["R", 10], ["W", 10], ["W", 10], ["R", 6], ["R", 6], ["W", 7], ["W", 7], ["W", 7], ["W", 7], ["W", 7], ["W", 7], ["W", 7], ["R", 7], ["R", 7], ["R", 7], ["R", 7], ["W", 7], ["W", 6], ["R", 7], ["R", 7], ["R", 7], ["R", 7], ["R", 7], ["R", 7], ["R", 7], ["R", 6], ["R", 7], ["R", 7], ["W", 7], ["R", 7], ["R", 7], ["W", 7], ["R", 7], ["R", 7], ["W", 7], ["R", 7], ["R", 7], ["W", 7], ["R", 7], ["R", 7], ["W", 7], ["R", 7], ["R", 7], ["W", 7], ["R", 7], ["R", 7], ["W", 7], ["W", 7], ["R", 6], ["R", 6], ["R", 6], ["R", 6], ["R", 6], ["R", 6], ["R", 6], ["R", 6], ["R", 6], ["R", 6], ["R", 6], ["R", 6], ["R", 6], ["R", 6], ["R", 6], ["R", 6], ["W", 11], ["W", 11], ["W", 11], ["W", 11], ["W", 11], ["W", 11], ["W", 11], ["W", 11], ["W", 11], ["W", 6], ["R", 11], ["R", 11], ["R", 11], ["R", 6], ["W", 11], ["R", 11], ["W", 11], ["R", 11], ["W", 11], ["R", 11], ["W", 11], ["R", 11], ["W", 11], ["R", 11], ["W", 11], ["R", 11], ["W", 11], ["R", 11], ["W", 11], ["W", 11], ["R", 6], ["R", 6], ["R", 6], ["R", 6], ["R", 6], ["R", 6], ["R", 6], ["R", 6], ["R", 6], ["R", 6], ["R", 6], ["R", 6], ["R", 6], ["R", 6], ["W", 12], ["W", 12], ["W", 12], ["W", 12], ["W", 12], ["W", 12], ["W", 12], ["W", 12], ["W", 12], ["W", 12], ["W", 12], ["W", 12], ["W", 12], ["W", 6], ["R", 12], ["R", 12], ["R", 12], ["R", 12], ["R", 12], ["R", 6], ["R", 12], ["R", 12], ["R", 12], ["R", 12], ["W", 12], ["R", 12], ["R", 12], ["R", 12], ["R", 12], ["R", 12], ["R", 12], ["R", 12], ["R", 12], ["W", 12], ["R", 12], ["R", 12], ["W", 12], ["R", 12], ["R", 12], ["W", 12], ["R", 12], ["R", 12], ["W", 12], ["R", 12], ["R", 12], ["W", 12], ["R", 12], ["R", 12], ["W", 12], ["R", 12], ["R", 12], ["W", 12], ["R", 12], ["R", 12], ["W", 12], ["R", 12], ["R", 12], ["W", 12], ["R", 12], ["R", 6], ["R", 6], ["R", 6], ["R", 6], ["R", 6], ["R", 6], ["R", 6], ["R", 6], ["R", 6], ["R", 12], ["R", 12], ["R", 12], ["R", 12], ["W", 12], ["W", 12], ["W", 12], ["W", 12], ["W", 12], ["R", 12], ["R", 12], ["R", 12], ["R", 12], ["R", 12], ["R", 12], ["R", 12], ["R", 6], ["R", 6], ["R", 6], ["R", 6], ["R", 6], ["R", 6], ["R", 6], ["R", 6], ["R", 6], ["R", 6], ["R", 6], ["R", 6], ["R", 6], ["R", 6], ["W", 12], ["W", 12], ["W", 12], ["W", 12], ["W", 12], ["W", 12], ["W", 12], ["W", 12], ["W", 12], ["W", 12], ["W", 12], ["W", 12], ["W", 12], ["W", 6], ["R", 12], ["R", 12], ["R", 12], ["R", 12], ["R", 12], ["R", 6], ["R", 12], ["R", 12], ["R", 12], ["R", 12], ["W", 12], ["R", 12], ["R", 12], ["R", 12], ["R", 12], ["R", 12], ["R", 12], ["R", 12], ["R", 12], ["W", 12], ["R", 12], ["R", 12], ["W", 12], ["R", 12], ["R", 12], ["W", 12], ["R", 12], ["R", 12], ["W", 12], ["R", 12], ["R", 12], ["W", 12], ["R", 12], ["R", 12], ["W", 12], ["R", 12], ["R", 12], ["W", 12], ["R", 12], ["R", 12], ["W", 12], ["R", 12], ["R", 12], ["W", 12], ["R", 12], ["R", 6], ["R", 6], ["R", 6], ["R", 6], ["R", 6], ["R", 6], ["R", 6], ["R", 6], ["R", 6], ["R", 12], ["R", 12], ["R", 12], ["R", 12], ["W", 12], ["W", 12], ["W", 12], ["W", 12], ["W", 12], ["R", 12], ["R", 12], ["R", 12], ["R", 12], ["R", 12], ["R", 12], ["R", 12], ["R", 6], ["R", 6], ["R", 6], ["R", 6], ["R", 6], ["R", 6], ["R", 6], ["R", 6], ["R", 6], ["R", 6], ["R", 6], ["R", 6], ["R", 6], ["R", 6], ["R", 6], ["W", 13], ["W", 13], ["W", 13], ["W", 13], ["W", 13], ["W", 13], ["W", 13], ["W", 13], ["W", 6], ["R", 13], ["R", 13], ["R", 13], ["R", 13], ["R", 13], ["R", 6], ["R", 13], ["R", 13], ["W", 13], ["R", 13], ["R", 13], ["W", 13], ["R", 13], ["R", 13], ["W", 13], ["R", 13], ["R", 13], ["W", 13], ["R", 13], ["R", 13], ["W", 13], ["R", 13], ["R", 13], ["W", 13], ["W", 13], ["R", 13], ["R", 13], ["R", 13], ["R", 6], ["R", 6], ["R", 6]]}]}, "ArchivedProjectsController.blastfollow": {"t": [{"id": 0, "a": [["R", 1], ["R", 1], ["R", 1], ["W", 1], ["W", 1], ["W", 1], ["W", 1], ["W", 2], ["W", 1], ["W", 2], ["W", 2], ["W", 2], ["W", 1], ["W", 2], ["W", 1], ["R", 1], ["R", 3], ["W", 3], ["W", 3], ["W", 3], ["W", 3], ["W", 3], ["W", 3], ["W", 1], ["W", 3], ["W", 1], ["W", 1], ["R", 1], ["R", 1], ["R", 1], ["R", 1], ["R", 1], ["R", 1], ["R", 1], ["W", 1], ["W", 1], ["W", 1], ["W", 3], ["R", 1], ["R", 1], ["R", 2], ["R", 1], ["R", 2], ["R", 2], ["R", 1], ["R", 5], ["R", 5], ["R", 5], ["R", 1], ["R", 5]]}]}, "FollowFollowersController.autofollow": {"t": [{"id": 0, "a": [["R", 1], ["R", 1], ["R", 1], ["W", 1], ["W", 1], ["W", 1], ["W", 1], ["W", 2], ["W", 1], ["W", 2], ["W", 2], ["W", 2], ["W", 1], ["W", 2], ["W", 1], ["R", 1], ["R", 3], ["W", 3], ["W", 3], ["W", 3], ["W", 3], ["W", 3], ["W", 3], ["W", 1], ["W", 3], ["W", 1], ["W", 1], ["R", 1], ["R", 1], ["R", 1], ["R", 1], ["R", 1], ["R", 1], ["R", 1], ["W", 1], ["W", 1], ["W", 1], ["W", 3], ["R", 1], ["R", 1], ["R", 2], ["R", 1], ["R", 2], ["R", 2]]}]}, "BlastFollowController.blastfollow": {"t": [{"id": 0, "a": [["R", 1], ["R", 1], ["R", 1], ["W", 1], ["W", 1], ["W", 1], ["W", 1], ["W", 2], ["W", 1], ["W", 2], ["W", 2], ["W", 2], ["W", 1], ["W", 2], ["W", 1], ["R", 1], ["R", 3], ["W", 3], ["W", 3], ["W", 3], ["W", 3], ["W", 3], ["W", 3], ["W", 1], ["W", 3], ["W", 1], ["W", 1], ["R", 1], ["R", 1], ["R", 1], ["R", 1], ["R", 1], ["R", 1], ["R", 1], ["W", 1], ["W", 1], ["W", 1], ["W", 3], ["R", 1], ["R", 1], ["R", 2], ["R", 1], ["R", 2], ["R", 2]]}]}, "EditSeoStrategyController.createProjectSubmit": {"t": [{"id": 0, "a": [["R", 1], ["R", 2], ["R", 1], ["R", 2], ["R", 2], ["R", 5], ["R", 5], ["R", 1], ["R", 1], ["R", 1], ["R", 6], ["R", 14], ["R", 14], ["R", 14], ["W", 14], ["R", 14], ["R", 14], ["W", 14], ["R", 14], ["R", 14], ["W", 14], ["R", 14], ["R", 14], ["W", 14], ["R", 14], ["R", 14], ["W", 14], ["R", 14], ["R", 14], ["W", 14], ["R", 14], ["R", 14], ["W", 14], ["R", 14], ["R", 14], ["W", 14], ["W", 14], ["R", 14]]}]}, "EditSeoStrategyController.createProjectUrl": {"t": [{"id": 0, "a": [["R", 1], ["R", 1], ["R", 1], ["W", 1], ["W", 1], ["W", 1], ["W", 1], ["W", 2], ["W", 1], ["W", 2], ["W", 2], ["W", 2], ["W", 1], ["W", 2], ["W", 1], ["R", 1], ["R", 3], ["W", 3], ["W", 3], ["W", 3], ["W", 3], ["W", 3], ["W", 3], ["W", 1], ["W", 3], ["W", 1], ["W", 1], ["R", 1], ["R", 1], ["R", 1], ["R", 1], ["R", 1], ["R", 1], ["R", 1], ["W", 1], ["W", 1], ["W", 1], ["W", 3], ["R", 1], ["R", 1], ["R", 2], ["R", 1], ["R", 2], ["R", 2], ["R", 1], ["R", 1], ["R", 3], ["R", 1], ["R", 3], ["R", 3], ["R", 14], ["R", 14], ["R", 6], ["R", 6], ["R", 5], ["R", 5], ["R", 1], ["R", 1], ["R", 1], ["R", 5], ["R", 5], ["R", 14], ["R", 14], ["R", 14], ["R", 14], ["R", 14], ["R", 12], ["R", 12], ["R", 12], ["R", 12], ["R", 6], ["R", 12], ["R", 14], ["R", 15], ["R", 14], ["R", 15]]}]}, "DeleteProjectUrlController.createProjectUrl": {"t": [{"id": 0, "a": [["R", 1], ["R", 1], ["R", 1], ["W", 1], ["W", 1], ["W", 1], ["W", 1], ["W", 2], ["W", 1], ["W", 2], ["W", 2], ["W", 2], ["W", 1], ["W", 2], ["W", 1], ["R", 1], ["R", 3], ["W", 3], ["W", 3], ["W", 3], ["W", 3], ["W", 3], ["W", 3], ["W", 1], ["W", 3], ["W", 1], ["W", 1], ["R", 1], ["R", 1], ["R", 1], ["R", 1], ["R", 1], ["R", 1], ["R", 1], ["W", 1], ["W", 1], ["W", 1], ["W", 3], ["R", 1], ["R", 1], ["R", 2], ["R", 1], ["R", 2], ["R", 2], ["R", 1], ["R", 1], ["R", 3], ["R", 1], ["R", 3], ["R", 3], ["R", 6], ["R", 6], ["R", 5], ["R", 5], ["R", 1], ["R", 1], ["R", 1], ["R", 6], ["R", 6], ["R", 6], ["R", 6], ["R", 6], ["W", 6], ["R", 5]]}]}}