{"DecoratePackage": 1, "UUIDBaseModel": 2, "User": 3, "Appoint": 4, "CategoryItem": 5, "Category": 6, "CaptchaValidater": 7, "ValidaterEntity": 8, "Area": 9, "CouponsDef": 10, "Coupons": 11, "PackageAppoint": 12, "T": 13, "Message": 14, "Carousel": 15, "Navigation": 16, "Role": 17, "Artical": 18, "Drawback": 19, "GoodOrder": 20, "OrderPay": 21, "PufaPay": 22, "Good": 23, "PackageGood": 24, "ExperienceAppoint": 25, "Brand": 26, "Product": 27, "CaseTag": 28, "DecorateCase": 29, "Material": 30, "DecorateSpace": 31, "Signup": 32, "LiveDetail": 33, "MediaContent": 34, "HouseInfo": 35, "CommentItem": 36, "UserToken": 37, "MaterialType": 38, "Live": 39, "AbstractAuthority": 40, "UnreadRemindModel": 41, "UserGroup": 42, "ExperienceMuseum": 43, "Template": 44, "Collect": 45}