{"1": "DecoratePackage", "2": "UUIDBaseModel", "3": "User", "4": "Appoint", "5": "CategoryItem", "6": "Category", "7": "CaptchaValidater", "8": "ValidaterEntity", "9": "Area", "10": "CouponsDef", "11": "Coupons", "12": "PackageAppoint", "13": "T", "14": "Message", "15": "Carousel", "16": "Navigation", "17": "Role", "18": "Artical", "19": "Drawback", "20": "GoodOrder", "21": "OrderPay", "22": "PufaPay", "23": "Good", "24": "PackageGood", "25": "ExperienceAppoint", "26": "Brand", "27": "Product", "28": "CaseTag", "29": "DecorateCase", "30": "Material", "31": "DecorateSpace", "32": "Signup", "33": "LiveDetail", "34": "MediaContent", "35": "HouseInfo", "36": "CommentItem", "37": "UserToken", "38": "MaterialType", "39": "Live", "40": "AbstractAuthority", "41": "UnreadRemindModel", "42": "UserGroup", "43": "ExperienceMuseum", "44": "Template", "45": "Collect"}