{"UserGroupController.addAll": {"t": [{"id": 0, "a": [["R", 1], ["R", 2]]}]}, "AppointController.appoint": {"t": [{"id": 0, "a": [["R", 3], ["R", 3], ["R", 3], ["R", 3], ["W", 4], ["W", 3], ["R", 5], ["R", 5], ["R", 6], ["R", 6], ["W", 4], ["W", 5], ["R", 4], ["R", 3], ["R", 7], ["R", 7], ["R", 7], ["R", 7], ["R", 7], ["R", 8], ["R", 8], ["R", 8], ["R", 8], ["R", 8], ["W", 7], ["W", 8], ["W", 4], ["R", 3], ["W", 4], ["R", 9], ["R", 9], ["W", 4], ["W", 9], ["R", 4], ["R", 9], ["R", 9], ["R", 4], ["W", 4], ["W", 4], ["R", 3], ["R", 10], ["R", 10], ["R", 3], ["R", 10], ["W", 11], ["W", 3], ["R", 10], ["W", 11], ["R", 10], ["W", 11], ["R", 10], ["W", 11], ["R", 10], ["W", 11], ["R", 10], ["R", 10], ["W", 10], ["R", 10], ["R", 10], ["W", 10], ["R", 10], ["W", 11], ["R", 4], ["R", 4], ["R", 9], ["R", 9], ["R", 4], ["R", 4]]}]}, "AppointController.appointPackage": {"t": [{"id": 0, "a": [["R", 3], ["R", 3], ["R", 3], ["R", 3], ["W", 12], ["W", 3], ["R", 1], ["W", 12], ["W", 1], ["R", 12], ["R", 3], ["R", 7], ["R", 7], ["R", 7], ["R", 7], ["R", 7], ["R", 8], ["R", 8], ["R", 8], ["R", 8], ["R", 8], ["W", 7], ["W", 8], ["W", 12], ["R", 3], ["W", 12], ["R", 9], ["R", 9], ["W", 12], ["W", 9], ["W", 13], ["R", 3], ["R", 10], ["R", 10], ["R", 3], ["R", 10], ["W", 11], ["W", 3], ["R", 10], ["W", 11], ["R", 10], ["W", 11], ["R", 10], ["W", 11], ["R", 10], ["W", 11], ["R", 10], ["R", 10], ["W", 10], ["R", 10], ["R", 10], ["W", 10], ["R", 10], ["W", 11], ["W", 14], ["W", 3], ["W", 14], ["R", 1], ["R", 1], ["R", 1], ["W", 14], ["W", 14]]}]}, "AppointController.myAppoint": {"t": [{"id": 0, "a": [["R", 4], ["R", 4], ["R", 3], ["R", 3]]}]}, "AppointController.myAppoints": {"t": [{"id": 0, "a": [["R", 4]]}]}, "CarouselController.findByPage": {"t": [{"id": 0, "a": [["R", 15], ["R", 15], ["R", 16], ["R", 15], ["R", 15], ["R", 16]]}]}, "CarouselController.reOrder": {"t": [{"id": 0, "a": [["R", 15], ["W", 15]]}]}, "NavigationController.reOrder": {"t": [{"id": 0, "a": [["W", 16]]}]}, "RoleController.addRoleUser": {"t": [{"id": 0, "a": [["R", 17], ["R", 3], ["W", 3], ["W", 3], ["W", 3], ["R", 3], ["W", 3], ["W", 3], ["R", 17], ["R", 3], ["W", 17], ["W", 3], ["W", 17]]}]}, "RoleController.removeUser": {"t": [{"id": 0, "a": [["R", 17], ["R", 3], ["R", 17], ["R", 3], ["W", 17], ["W", 3], ["W", 17]]}]}, "ArticalController.getByCode": {"t": [{"id": 0, "a": [["R", 18]]}]}, "DrawbackController.approve": {"t": [{"id": 0, "a": [["R", 19], ["W", 19], ["W", 19], ["W", 19], ["R", 19], ["R", 20], ["R", 20], ["R", 21], ["R", 20], ["R", 21], ["R", 21], ["R", 22], ["R", 22], ["R", 22], ["R", 22], ["W", 22], ["W", 22], ["R", 22], ["W", 21], ["W", 20]]}]}, "DrawbackController.disapprove": {"t": [{"id": 0, "a": [["R", 19], ["W", 19], ["W", 19], ["W", 19], ["W", 19], ["R", 19], ["R", 20], ["R", 19], ["W", 20]]}]}, "DrawbackController.info": {"t": [{"id": 0, "a": [["R", 19]]}]}, "DrawbackController.page": {"t": [{"id": 0, "a": [["R", 19], ["R", 19]]}]}, "OrderController.changeStatus": {"t": [{"id": 0, "a": [["R", 20], ["W", 20]]}]}, "OrderController.findByStatus": {"t": [{"id": 0, "a": [["R", 20], ["R", 20]]}]}, "OrderController.info": {"t": [{"id": 0, "a": [["R", 20], ["R", 20], ["R", 23], ["R", 24], ["R", 20], ["R", 23]]}]}, "OrderController.page": {"t": [{"id": 0, "a": [["R", 20]]}]}, "OrderController.cancelOrder": {"t": [{"id": 0, "a": [["R", 20], ["R", 20], ["R", 3], ["R", 3], ["R", 20], ["R", 20], ["W", 20], ["R", 20], ["R", 23], ["R", 24], ["R", 1], ["R", 1], ["R", 3], ["R", 1], ["R", 12], ["W", 12]]}]}, "OrderController.drawback": {"t": [{"id": 0, "a": [["R", 20], ["R", 20], ["R", 3], ["R", 3], ["R", 20], ["W", 19], ["W", 20], ["W", 19], ["W", 19], ["R", 20], ["W", 19], ["W", 19], ["W", 20]]}]}, "OrderController.getOne": {"t": [{"id": 0, "a": [["R", 20], ["R", 20], ["R", 3], ["R", 3], ["R", 20], ["R", 23], ["R", 24], ["R", 20], ["R", 23]]}]}, "OrderController.list": {"t": [{"id": 0, "a": [["R", 20], ["R", 20]]}]}, "OrderController.pufaPay": {"t": [{"id": 0, "a": [["R", 3], ["R", 20], ["R", 20], ["R", 3], ["R", 3], ["W", 20], ["R", 20], ["R", 21], ["R", 20], ["W", 21], ["R", 20], ["W", 21], ["W", 21], ["W", 20], ["W", 21], ["R", 21], ["R", 11], ["R", 11], ["R", 11], ["R", 21], ["R", 11], ["R", 21], ["R", 11], ["W", 11], ["W", 11], ["R", 11], ["W", 21], ["W", 11], ["W", 21], ["R", 21], ["W", 21], ["R", 21], ["R", 22], ["W", 22], ["W", 21], ["W", 22], ["R", 21], ["R", 22], ["W", 22], ["R", 21], ["R", 22], ["R", 22], ["R", 21], ["R", 20], ["R", 23], ["R", 23], ["R", 20], ["R", 23], ["R", 23]]}]}, "OrderController.pufaRevoke": {"t": [{"id": 0, "a": [["R", 22], ["W", 22], ["W", 22], ["W", 22], ["W", 22], ["W", 22], ["W", 22], ["R", 21], ["R", 22], ["W", 21], ["W", 21], ["R", 21], ["W", 21], ["R", 21], ["R", 20], ["R", 20], ["W", 20], ["W", 20], ["W", 21], ["R", 21], ["R", 20], ["R", 20], ["R", 3], ["R", 3], ["R", 10], ["R", 10], ["R", 3], ["R", 10], ["W", 11], ["W", 3], ["R", 10], ["W", 11], ["R", 10], ["W", 11], ["R", 10], ["W", 11], ["R", 10], ["W", 11], ["R", 10], ["R", 10], ["W", 10], ["R", 10], ["R", 10], ["W", 10], ["R", 10], ["W", 11], ["R", 21], ["R", 20], ["R", 20], ["R", 23], ["R", 24], ["R", 1], ["R", 21], ["R", 20], ["R", 20], ["R", 21], ["R", 20], ["R", 20], ["R", 3], ["R", 3], ["R", 21], ["R", 1], ["R", 21], ["R", 21], ["R", 20], ["R", 20], ["R", 21], ["R", 20], ["R", 20], ["R", 3], ["R", 3], ["R", 21], ["R", 20], ["R", 20], ["R", 23], ["R", 24], ["R", 1], ["R", 1], ["R", 3], ["R", 1], ["R", 12], ["W", 12], ["R", 22], ["R", 22], ["R", 21], ["R", 21], ["R", 20], ["R", 20], ["R", 20], ["R", 20], ["R", 3], ["W", 4], ["W", 3], ["R", 20], ["R", 3], ["R", 3], ["W", 4], ["R", 20], ["R", 3], ["R", 3], ["W", 4], ["R", 20], ["R", 23], ["R", 24], ["R", 9], ["W", 4], ["W", 9], ["R", 6], ["R", 6], ["R", 5], ["R", 6], ["R", 5], ["W", 4], ["W", 5], ["R", 4], ["R", 9], ["R", 9], ["R", 4], ["W", 4], ["W", 4], ["R", 20], ["R", 3], ["R", 3], ["R", 4], ["R", 4], ["R", 9], ["R", 9], ["R", 4], ["R", 4]]}]}, "ExperienceAppointController.cancel": {"t": [{"id": 0, "a": [["R", 25], ["W", 25]]}]}, "ExperienceAppointController.info": {"t": [{"id": 0, "a": [["R", 25]]}]}, "ExperienceAppointController.page": {"t": [{"id": 0, "a": [["R", 25], ["R", 25]]}]}, "ExperienceAppointController.process": {"t": [{"id": 0, "a": [["R", 25], ["W", 25], ["W", 25], ["W", 25]]}]}, "BrandController.order": {"t": [{"id": 0, "a": [["R", 13], ["W", 26]]}]}, "ProductController.getByBrand": {"t": [{"id": 0, "a": [["R", 27]]}]}, "ProductController.order": {"t": [{"id": 0, "a": [["R", 27], ["W", 27]]}]}, "ProductController.caseList": {"t": [{"id": 0, "a": [["W", 28], ["R", 29]]}]}, "ProductController.caseTags": {"t": [{"id": 0, "a": [["R", 28]]}]}, "ProductController.packageMaterials": {"t": [{"id": 0, "a": [["R", 30]]}]}, "ProductController.product": {"t": [{"id": 0, "a": [["R", 3], ["R", 1], ["R", 12], ["R", 12], ["R", 3], ["R", 1], ["R", 24], ["R", 24], ["R", 1], ["R", 20], ["R", 20], ["R", 23], ["R", 20], ["R", 3], ["R", 20], ["R", 20], ["R", 3], ["R", 24], ["R", 1], ["R", 24], ["R", 20], ["R", 23], ["R", 20], ["R", 20], ["R", 31]]}]}, "ProductController.productList": {"t": [{"id": 0, "a": [["R", 3], ["R", 1], ["R", 12], ["R", 12], ["R", 3], ["R", 1], ["R", 24], ["R", 24], ["R", 1], ["R", 20], ["R", 20], ["R", 23], ["R", 20], ["R", 3], ["R", 20], ["R", 20], ["R", 3], ["R", 24], ["R", 1], ["R", 24], ["R", 20], ["R", 23], ["R", 20], ["R", 20]]}]}, "ProductController.scramble": {"t": [{"id": 0, "a": [["R", 3], ["R", 1], ["R", 12], ["R", 12], ["R", 12], ["R", 1], ["R", 1], ["R", 1], ["R", 1], ["R", 1], ["R", 1], ["R", 1], ["W", 1], ["R", 1], ["R", 1], ["R", 1], ["W", 1], ["R", 1], ["W", 1], ["R", 1], ["R", 1], ["W", 1], ["R", 1], ["R", 1], ["W", 1], ["R", 1], ["R", 29], ["R", 1], ["W", 23], ["R", 1], ["W", 23], ["R", 1], ["W", 23], ["W", 24], ["W", 29], ["W", 24], ["W", 1], ["R", 12], ["R", 9], ["W", 24], ["W", 9], ["W", 24], ["W", 12], ["R", 1], ["W", 1], ["R", 12], ["R", 3], ["R", 1], ["R", 12], ["R", 12], ["R", 12], ["R", 9], ["R", 9], ["W", 20], ["W", 3], ["W", 20], ["W", 23], ["W", 20], ["W", 20], ["W", 20], ["W", 20], ["W", 20], ["W", 20], ["W", 20], ["W", 20], ["W", 21], ["R", 20], ["W", 21], ["R", 20], ["W", 21], ["W", 21], ["R", 10], ["R", 10], ["R", 3], ["R", 10], ["W", 11], ["W", 3], ["R", 10], ["W", 11], ["R", 10], ["W", 11], ["R", 10], ["W", 11], ["R", 10], ["W", 11], ["R", 10], ["R", 10], ["W", 10], ["R", 10], ["R", 10], ["W", 10], ["R", 10], ["W", 11], ["W", 14], ["W", 3], ["W", 14], ["R", 1], ["W", 14], ["W", 14], ["R", 20], ["R", 23], ["R", 24], ["R", 20], ["R", 23]]}]}, "AreaController.findByLevel": {"t": [{"id": 0, "a": [["R", 9]]}]}, "AreaController.findByUpper": {"t": [{"id": 0, "a": [["R", 9]]}]}, "AreaController.areaByLevel": {"t": [{"id": 0, "a": [["R", 9]]}]}, "AreaController.areaByUpper": {"t": [{"id": 0, "a": [["R", 9]]}]}, "CategoryController.findSubCategoryItems": {"t": [{"id": 0, "a": [["R", 6]]}]}, "CategoryController.getCategoryItems": {"t": [{"id": 0, "a": [["R", 5]]}]}, "DecorateSpaceController.findByPackage": {"t": [{"id": 0, "a": [["R", 31]]}]}, "ActityController.signupQuery": {"t": [{"id": 0, "a": [["R", 32], ["R", 32], ["R", 32], ["R", 32]]}]}, "LiveDetailController.addInteractPic": {"t": [{"id": 0, "a": [["R", 33], ["R", 33], ["R", 34], ["W", 33], ["W", 34], ["R", 34], ["W", 34], ["W", 34], ["W", 34], ["W", 34], ["W", 34], ["W", 34], ["W", 34], ["W", 34], ["R", 33], ["R", 34], ["W", 33], ["W", 34]]}]}, "LiveDetailController.addPic": {"t": [{"id": 0, "a": [["R", 33], ["R", 33], ["R", 34], ["W", 33], ["W", 34], ["R", 34], ["W", 34], ["W", 34], ["W", 34], ["W", 34], ["W", 34], ["W", 34], ["W", 34], ["W", 34], ["R", 33], ["R", 34], ["W", 33], ["W", 34]]}]}, "LiveDetailController.deleteInteractPic": {"t": [{"id": 0, "a": [["R", 33], ["R", 34], ["R", 33], ["R", 34], ["W", 33], ["W", 34], ["R", 34], ["W", 34]]}]}, "LiveDetailController.deletePic": {"t": [{"id": 0, "a": [["R", 33], ["R", 34], ["R", 33], ["R", 34], ["W", 33], ["W", 34], ["R", 34], ["W", 34]]}]}, "HouseInfoController.delete": {"t": [{"id": 0, "a": [["R", 35], ["R", 35], ["R", 3], ["R", 3], ["W", 35]]}]}, "HouseInfoController.editUserHouseInfo": {"t": [{"id": 0, "a": [["R", 35], ["R", 35], ["R", 3], ["R", 3], ["W", 35]]}]}, "HouseInfoController.getUserHouseInfo": {"t": [{"id": 0, "a": [["R", 35], ["R", 35], ["R", 3], ["R", 3]]}]}, "HouseInfoController.getUserHouseInfos": {"t": [{"id": 0, "a": [["R", 35]]}]}, "CommentController.comments": {"t": [{"id": 0, "a": [["R", 36]]}]}, "AccountController.login": {"t": [{"id": 0, "a": [["R", 7], ["R", 7], ["R", 7], ["R", 7], ["R", 7], ["W", 7], ["R", 3], ["R", 3], ["R", 3], ["R", 3], ["W", 3], ["W", 3], ["W", 3], ["R", 37], ["W", 37], ["W", 3], ["W", 37], ["W", 37], ["W", 37], ["W", 37], ["R", 37], ["R", 37], ["R", 3], ["R", 3]]}]}, "AccountController.changeForgotPassword": {"t": [{"id": 0, "a": [["R", 8], ["R", 8], ["R", 8], ["R", 8], ["R", 8], ["R", 3], ["W", 3], ["R", 3], ["W", 3], ["W", 3]]}]}, "AccountController.changePassword": {"t": [{"id": 0, "a": [["R", 7], ["R", 7], ["R", 7], ["R", 7], ["R", 7], ["W", 7], ["R", 3], ["R", 3], ["R", 3], ["R", 3], ["W", 3], ["W", 3], ["W", 3], ["R", 37], ["W", 37], ["W", 3], ["W", 37], ["W", 37], ["W", 37], ["W", 37], ["R", 37], ["R", 3], ["W", 3], ["R", 3], ["W", 3], ["W", 3], ["R", 37]]}]}, "AccountController.forgetPassword": {"t": [{"id": 0, "a": [["R", 7], ["R", 7], ["R", 7], ["R", 7], ["R", 7], ["R", 8], ["R", 8], ["R", 8], ["R", 8], ["R", 8], ["W", 7], ["W", 8], ["R", 3], ["R", 3], ["R", 8], ["R", 8], ["W", 8], ["W", 8], ["W", 8], ["W", 8]]}]}, "AccountController.logout": {"t": [{"id": 0, "a": [["R", 37], ["W", 37]]}]}, "AccountController.qqLogin": {"t": [{"id": 0, "a": [["R", 3], ["R", 37], ["W", 37], ["W", 3], ["W", 37], ["W", 37], ["R", 5], ["R", 5], ["W", 3], ["W", 5], ["W", 34], ["W", 34], ["W", 3], ["W", 34], ["W", 3], ["W", 3], ["W", 3], ["W", 3], ["W", 37], ["W", 3], ["W", 37], ["W", 37], ["R", 37]]}]}, "AccountController.regist": {"t": [{"id": 0, "a": [["R", 7], ["R", 7], ["R", 7], ["R", 7], ["R", 7], ["R", 8], ["R", 8], ["R", 8], ["R", 8], ["R", 8], ["W", 7], ["W", 8], ["R", 3], ["R", 3], ["W", 3], ["W", 3], ["W", 3], ["W", 3], ["W", 3], ["W", 3], ["W", 3], ["W", 3], ["R", 3], ["W", 3], ["W", 3], ["R", 37], ["W", 37], ["W", 3], ["W", 37], ["W", 37], ["R", 3], ["R", 10], ["R", 10], ["R", 3], ["R", 10], ["W", 11], ["W", 3], ["R", 10], ["W", 11], ["R", 10], ["W", 11], ["R", 10], ["W", 11], ["R", 10], ["W", 11], ["R", 10], ["R", 10], ["W", 10], ["R", 10], ["R", 10], ["W", 10], ["R", 10], ["W", 11], ["R", 37]]}]}, "MaterialController.byProduct": {"t": [{"id": 0, "a": [["R", 30]]}]}, "MaterialController.getTypes": {"t": [{"id": 0, "a": [["R", 38]]}]}, "MaterialController.order": {"t": [{"id": 0, "a": [["R", 30], ["W", 30]]}]}, "MaterialController.reorderTypes": {"t": [{"id": 0, "a": [["R", 38], ["W", 38]]}]}, "MaterialController.materials": {"t": [{"id": 0, "a": [["R", 13]]}]}, "MaterialController.packageBrands": {"t": [{"id": 0, "a": [["R", 30], ["R", 30], ["R", 27], ["R", 27], ["R", 27], ["R", 26], ["W", 27], ["W", 26], ["R", 27], ["W", 27], ["R", 27], ["W", 27], ["R", 27], ["W", 27], ["R", 30], ["R", 30], ["W", 27], ["W", 30], ["R", 27], ["R", 30], ["W", 27], ["W", 30], ["R", 27], ["R", 26], ["R", 26], ["R", 26], ["R", 34], ["W", 26], ["W", 34], ["R", 26], ["W", 26], ["R", 26], ["W", 26], ["R", 27], ["R", 27], ["W", 26], ["W", 27], ["R", 26], ["R", 27], ["W", 26], ["W", 27], ["R", 26], ["R", 26]]}]}, "ValidateController.captcha": {"t": [{"id": 0, "a": [["R", 7], ["R", 7], ["W", 7], ["W", 7], ["W", 7], ["W", 7]]}]}, "ValidateController.shortMessage": {"t": [{"id": 0, "a": [["R", 7], ["R", 7], ["R", 7], ["R", 7], ["R", 7], ["W", 7], ["R", 7], ["R", 7], ["W", 7], ["W", 7], ["W", 7], ["W", 7], ["R", 8], ["R", 8], ["W", 8], ["W", 8], ["W", 8], ["W", 8]]}]}, "LiveController.details": {"t": [{"id": 0, "a": [["R", 33]]}]}, "LiveController.liveDetails": {"t": [{"id": 0, "a": [["R", 33]]}]}, "LiveController.myLive": {"t": [{"id": 0, "a": [["R", 39], ["R", 39], ["R", 3], ["R", 3]]}]}, "LiveController.myLiveDetails": {"t": [{"id": 0, "a": [["R", 39], ["R", 39], ["R", 3], ["R", 3], ["R", 33]]}]}, "LiveController.myLives": {"t": [{"id": 0, "a": [["R", 39]]}]}, "LiveController.searchLives": {"t": [{"id": 0, "a": [["R", 39]]}]}, "PageController.carousels": {"t": [{"id": 0, "a": [["R", 15], ["R", 15], ["R", 16], ["R", 15], ["R", 15], ["R", 16]]}]}, "PageController.technologies": {"t": [{"id": 0, "a": [["R", 13]]}]}, "UserController.bindMobile": {"t": [{"id": 0, "a": [["R", 7], ["R", 7], ["R", 7], ["R", 7], ["R", 7], ["R", 8], ["R", 8], ["R", 8], ["R", 8], ["R", 8], ["W", 7], ["W", 8], ["R", 3], ["R", 3], ["R", 3], ["W", 3], ["W", 3]]}]}, "UserController.changeAvatar": {"t": [{"id": 0, "a": [["R", 37], ["R", 37], ["R", 3], ["R", 3], ["R", 3], ["R", 3], ["R", 3], ["R", 3], ["R", 3], ["R", 3], ["R", 3], ["R", 3], ["R", 3], ["R", 3], ["R", 3], ["R", 17], ["R", 3], ["R", 17], ["R", 17], ["R", 40], ["R", 17], ["R", 40], ["R", 3], ["R", 40], ["R", 3], ["R", 40], ["R", 3], ["R", 17], ["R", 3], ["R", 17], ["R", 17], ["R", 3], ["R", 3], ["R", 34], ["R", 34], ["W", 34], ["W", 34], ["W", 34], ["W", 34], ["W", 34], ["W", 34], ["W", 34], ["W", 34], ["W", 3], ["W", 34], ["W", 3], ["W", 34]]}]}, "UserController.editProfile": {"t": [{"id": 0, "a": [["R", 3], ["R", 3], ["R", 3], ["W", 3], ["W", 3], ["W", 3]]}]}, "UserController.infoCounts": {"t": [{"id": 0, "a": [["R", 41], ["R", 25], ["R", 41], ["R", 41], ["R", 41], ["R", 20]]}]}, "UserController.profile": {"t": [{"id": 0, "a": [["R", 42], ["R", 42], ["R", 42], ["R", 42]]}]}, "CouponsController.coupons": {"t": [{"id": 0, "a": [["R", 11], ["R", 11], ["R", 3], ["R", 11], ["R", 11], ["R", 3], ["R", 11], ["R", 11]]}]}, "CouponsController.doScramble": {"t": [{"id": 0, "a": [["R", 10], ["R", 3], ["R", 10], ["W", 11], ["W", 3], ["R", 10], ["W", 11], ["R", 10], ["W", 11], ["R", 10], ["W", 11], ["R", 10], ["W", 11], ["R", 10], ["R", 10], ["W", 10], ["R", 10], ["R", 10], ["W", 10], ["R", 10], ["W", 11], ["R", 36], ["R", 36], ["R", 5], ["R", 6], ["R", 6]]}]}, "CouponsController.scramble": {"t": [{"id": 0, "a": [["R", 10]]}]}, "ExperienceMuseumController.appoint": {"t": [{"id": 0, "a": [["R", 3], ["R", 3], ["R", 7], ["R", 7], ["R", 7], ["R", 7], ["R", 7], ["R", 8], ["R", 8], ["R", 8], ["R", 8], ["R", 8], ["W", 7], ["W", 8], ["R", 43], ["R", 3], ["R", 3], ["R", 3], ["R", 25], ["W", 25], ["W", 3], ["W", 25], ["W", 43], ["W", 25], ["W", 25], ["R", 43], ["R", 9], ["R", 9], ["R", 25], ["W", 25], ["W", 25], ["R", 25], ["R", 25], ["R", 25], ["R", 43], ["R", 43], ["R", 9], ["R", 9], ["R", 25], ["R", 25], ["R", 25]]}]}, "ExperienceMuseumController.myAppoints": {"t": [{"id": 0, "a": [["R", 25], ["R", 25], ["R", 3], ["R", 3]]}]}, "MessageController.deleteMessage": {"t": [{"id": 0, "a": [["R", 14], ["R", 14], ["R", 3], ["R", 3], ["W", 14]]}]}, "MessageController.getMessage": {"t": [{"id": 0, "a": [["R", 14], ["R", 14], ["R", 3], ["R", 3]]}]}, "MessageController.messages": {"t": [{"id": 0, "a": [["R", 14]]}]}, "TemplateController.getByName": {"t": [{"id": 0, "a": [["R", 44]]}]}, "TemplateController.getByType": {"t": [{"id": 0, "a": [["R", 44]]}]}, "CollectController.collect": {"t": [{"id": 0, "a": [["R", 3], ["W", 45], ["W", 3], ["W", 45], ["W", 45], ["R", 18], ["R", 18], ["W", 45], ["W", 45], ["W", 45], ["R", 18], ["R", 34], ["W", 45], ["W", 34], ["R", 1], ["R", 1], ["W", 45], ["W", 45], ["W", 45], ["R", 1], ["R", 34], ["W", 45], ["W", 34], ["R", 29], ["R", 29], ["W", 45], ["W", 45], ["W", 45], ["R", 29], ["R", 34], ["W", 45], ["W", 34], ["R", 39], ["R", 39], ["W", 45], ["W", 45], ["W", 45], ["R", 39], ["R", 34], ["W", 45], ["W", 34], ["W", 45]]}]}, "CollectController.collects": {"t": [{"id": 0, "a": [["R", 45], ["R", 45], ["R", 3], ["R", 3]]}]}, "CollectController.delete": {"t": [{"id": 0, "a": [["R", 45], ["R", 45], ["R", 3], ["R", 3], ["W", 45]]}]}, "CouponsAllocaterController.getByEvent": {"t": [{"id": 0, "a": [["R", 10]]}]}}