{"46": ["yzdytm@163.com"], "47": ["yzdytm@163.com"], "48": ["yzdytm@163.com"], "49": ["yzdytm@163.com"], "50": ["yzdytm@163.com"], "51": ["yzdytm@163.com"], "52": ["yzdytm@163.com"], "17": ["yzdytm@163.com"], "53": ["yzdytm@163.com"], "54": ["yzdytm@163.com"], "55": ["yzdytm@163.com"], "37": ["yzdytm@163.com"], "56": ["yzdytm@163.com"], "57": ["yzdytm@163.com"], "58": ["yzdytm@163.com"], "23": ["yzdytm@163.com"], "59": ["yzdytm@163.com"], "20": ["yzdytm@163.com"], "60": ["yzdytm@163.com"], "3": ["yzdytm@163.com"], "61": ["yzdytm@163.com"], "62": ["yzdytm@163.com"], "63": ["yzdytm@163.com"], "64": ["yzdytm@163.com"], "65": ["yzdytm@163.com"], "66": ["yzdytm@163.com"], "67": ["yzdytm@163.com"], "68": ["yzdytm@163.com"], "69": ["yzdytm@163.com"], "70": ["yzdytm@163.com"], "71": ["yzdytm@163.com"], "72": ["yzdytm@163.com"], "2": ["yzdytm@163.com"], "73": ["yzdytm@163.com"], "74": ["yzdytm@163.com"], "75": ["yzdytm@163.com"], "76": ["yzdytm@163.com"], "77": ["yzdytm@163.com"], "78": ["yzdytm@163.com"], "79": ["yzdytm@163.com"], "80": ["yzdytm@163.com"], "81": ["yzdytm@163.com"], "82": ["yzdytm@163.com"], "6": ["yzdytm@163.com"], "5": ["yzdytm@163.com"], "83": ["yzdytm@163.com"], "84": ["yzdytm@163.com"], "85": ["yzdytm@163.com"], "86": ["yzdytm@163.com"], "87": ["yzdytm@163.com"], "88": ["yzdytm@163.com"], "89": ["yzdytm@163.com"], "90": ["yzdytm@163.com"], "91": ["yzdytm@163.com"], "92": ["yzdytm@163.com"], "34": ["yzdytm@163.com"], "93": ["yzdytm@163.com"], "94": ["yzdytm@163.com"], "95": ["yzdytm@163.com"], "96": ["yzdytm@163.com"], "97": ["yzdytm@163.com"], "98": ["yzdytm@163.com"], "99": ["yzdytm@163.com"], "100": ["yzdytm@163.com"], "101": ["yzdytm@163.com"], "102": ["yzdytm@163.com"], "103": ["yzdytm@163.com"], "104": ["yzdytm@163.com"], "105": ["yzdytm@163.com"], "106": ["yzdytm@163.com"], "107": ["yzdytm@163.com"], "108": ["yzdytm@163.com"], "109": ["yzdytm@163.com"], "110": ["yzdytm@163.com"], "111": ["yzdytm@163.com"], "112": ["yzdytm@163.com"], "113": ["yzdytm@163.com"], "40": ["yzdytm@163.com"], "114": ["yzdytm@163.com"], "115": ["yzdytm@163.com"], "510": ["yzdytm@163.com"], "117": ["yzdytm@163.com"], "118": ["yzdytm@163.com"], "119": ["yzdytm@163.com"], "120": ["yzdytm@163.com"], "121": ["yzdytm@163.com"], "122": ["yzdytm@163.com"], "123": ["yzdytm@163.com"], "124": ["yzdytm@163.com"], "125": ["yzdytm@163.com"], "126": ["yzdytm@163.com"], "127": ["yzdytm@163.com"], "128": ["yzdytm@163.com"], "129": ["yzdytm@163.com"], "130": ["yzdytm@163.com"], "131": ["yzdytm@163.com"], "132": ["yzdytm@163.com"], "133": ["yzdytm@163.com"], "134": ["yzdytm@163.com"], "135": ["yzdytm@163.com"], "221": ["yzdytm@163.com"], "45": ["yzdytm@163.com"], "137": ["yzdytm@163.com"], "138": ["yzdytm@163.com"], "139": ["yzdytm@163.com"], "140": ["yzdytm@163.com"], "141": ["yzdytm@163.com"], "142": ["yzdytm@163.com"], "143": ["yzdytm@163.com"], "144": ["yzdytm@163.com"], "215": ["yzdytm@163.com"], "390": ["yzdytm@163.com"], "147": ["yzdytm@163.com"], "148": ["yzdytm@163.com"], "4": ["yzdytm@163.com"], "149": ["yzdytm@163.com"], "150": ["yzdytm@163.com"], "151": ["yzdytm@163.com"], "152": ["yzdytm@163.com"], "153": ["yzdytm@163.com"], "154": ["yzdytm@163.com"], "155": ["yzdytm@163.com"], "156": ["yzdytm@163.com"], "157": ["yzdytm@163.com"], "511": ["yzdytm@163.com"], "9": ["yzdytm@163.com"], "159": ["yzdytm@163.com"], "160": ["yzdytm@163.com"], "161": ["yzdytm@163.com"], "162": ["yzdytm@163.com"], "163": ["yzdytm@163.com"], "164": ["yzdytm@163.com"], "8": ["yzdytm@163.com"], "165": ["yzdytm@163.com"], "512": ["yzdytm@163.com"], "167": ["yzdytm@163.com"], "168": ["yzdytm@163.com"], "169": ["yzdytm@163.com"], "170": ["yzdytm@163.com"], "171": ["yzdytm@163.com"], "172": ["yzdytm@163.com"], "1": ["yzdytm@163.com"], "173": ["yzdytm@163.com"], "174": ["yzdytm@163.com"], "175": ["yzdytm@163.com"], "176": ["yzdytm@163.com"], "177": ["yzdytm@163.com"], "178": ["yzdytm@163.com"], "179": ["yzdytm@163.com"], "180": ["yzdytm@163.com"], "181": ["yzdytm@163.com"], "182": ["yzdytm@163.com"], "183": ["yzdytm@163.com"], "184": ["yzdytm@163.com"], "185": ["yzdytm@163.com"], "187": ["yzdytm@163.com"], "389": ["yzdytm@163.com"], "412": ["yzdytm@163.com"], "190": ["yzdytm@163.com"], "191": ["yzdytm@163.com"], "192": ["yzdytm@163.com"], "193": ["yzdytm@163.com"], "194": ["yzdytm@163.com"], "195": ["yzdytm@163.com"], "196": ["yzdytm@163.com"], "197": ["yzdytm@163.com"], "198": ["yzdytm@163.com"], "199": ["yzdytm@163.com"], "200": ["yzdytm@163.com"], "201": ["yzdytm@163.com"], "202": ["yzdytm@163.com"], "203": ["yzdytm@163.com"], "204": ["yzdytm@163.com"], "205": ["yzdytm@163.com"], "206": ["yzdytm@163.com"], "207": ["yzdytm@163.com"], "208": ["yzdytm@163.com"], "209": ["yzdytm@163.com"], "210": ["yzdytm@163.com"], "211": ["yzdytm@163.com"], "212": ["yzdytm@163.com"], "213": ["yzdytm@163.com"], "214": ["yzdytm@163.com"], "216": ["yzdytm@163.com"], "217": ["yzdytm@163.com"], "218": ["yzdytm@163.com"], "219": ["yzdytm@163.com"], "220": ["yzdytm@163.com"], "222": ["yzdytm@163.com"], "262": ["yzdytm@163.com"], "224": ["yzdytm@163.com"], "225": ["yzdytm@163.com"], "7": ["yzdytm@163.com"], "226": ["yzdytm@163.com"], "227": ["yzdytm@163.com"], "228": ["yzdytm@163.com"], "229": ["yzdytm@163.com"], "230": ["yzdytm@163.com"], "231": ["yzdytm@163.com"], "232": ["yzdytm@163.com"], "233": ["yzdytm@163.com"], "234": ["yzdytm@163.com"], "235": ["yzdytm@163.com"], "236": ["yzdytm@163.com"], "237": ["yzdytm@163.com"], "238": ["yzdytm@163.com"], "18": ["yzdytm@163.com"], "239": ["yzdytm@163.com"], "240": ["yzdytm@163.com"], "241": ["yzdytm@163.com"], "242": ["yzdytm@163.com"], "243": ["yzdytm@163.com"], "244": ["yzdytm@163.com"], "245": ["yzdytm@163.com"], "246": ["yzdytm@163.com"], "36": ["yzdytm@163.com"], "247": ["yzdytm@163.com"], "248": ["yzdytm@163.com"], "249": ["yzdytm@163.com"], "250": ["yzdytm@163.com"], "251": ["yzdytm@163.com"], "252": ["yzdytm@163.com"], "253": ["yzdytm@163.com"], "254": ["yzdytm@163.com"], "257": ["yzdytm@163.com"], "256": ["yzdytm@163.com"], "258": ["yzdytm@163.com"], "259": ["yzdytm@163.com"], "260": ["yzdytm@163.com"], "261": ["yzdytm@163.com"], "263": ["yzdytm@163.com"], "264": ["yzdytm@163.com"], "265": ["yzdytm@163.com"], "266": ["yzdytm@163.com"], "14": ["yzdytm@163.com"], "267": ["yzdytm@163.com"], "268": ["yzdytm@163.com"], "269": ["yzdytm@163.com"], "270": ["yzdytm@163.com"], "271": ["yzdytm@163.com"], "42": ["yzdytm@163.com"], "272": ["yzdytm@163.com"], "273": ["yzdytm@163.com"], "274": ["yzdytm@163.com"], "275": ["yzdytm@163.com"], "276": ["yzdytm@163.com"], "308": ["yzdytm@163.com"], "278": ["yzdytm@163.com"], "279": ["yzdytm@163.com"], "280": ["yzdytm@163.com"], "281": ["yzdytm@163.com"], "282": ["yzdytm@163.com"], "283": ["yzdytm@163.com"], "284": ["yzdytm@163.com"], "285": ["yzdytm@163.com"], "286": ["yzdytm@163.com"], "287": ["yzdytm@163.com"], "288": ["yzdytm@163.com"], "289": ["yzdytm@163.com"], "290": ["yzdytm@163.com"], "291": ["yzdytm@163.com"], "292": ["yzdytm@163.com"], "39": ["yzdytm@163.com"], "293": ["yzdytm@163.com"], "35": ["yzdytm@163.com"], "294": ["yzdytm@163.com"], "295": ["yzdytm@163.com"], "296": ["yzdytm@163.com"], "297": ["yzdytm@163.com"], "298": ["yzdytm@163.com"], "299": ["yzdytm@163.com"], "41": ["yzdytm@163.com"], "300": ["yzdytm@163.com"], "301": ["yzdytm@163.com"], "302": ["yzdytm@163.com"], "303": ["yzdytm@163.com"], "304": ["yzdytm@163.com"], "305": ["yzdytm@163.com"], "306": ["yzdytm@163.com"], "372": ["yzdytm@163.com"], "309": ["yzdytm@163.com"], "12": ["yzdytm@163.com"], "310": ["yzdytm@163.com"], "311": ["yzdytm@163.com"], "312": ["yzdytm@163.com"], "313": ["yzdytm@163.com"], "314": ["yzdytm@163.com"], "315": ["yzdytm@163.com"], "316": ["yzdytm@163.com"], "24": ["yzdytm@163.com"], "317": ["yzdytm@163.com"], "318": ["yzdytm@163.com"], "28": ["yzdytm@163.com"], "319": ["yzdytm@163.com"], "29": ["yzdytm@163.com"], "320": ["yzdytm@163.com"], "321": ["yzdytm@163.com"], "322": ["yzdytm@163.com"], "323": ["yzdytm@163.com"], "324": ["yzdytm@163.com"], "33": ["yzdytm@163.com"], "325": ["yzdytm@163.com"], "326": ["yzdytm@163.com"], "327": ["yzdytm@163.com"], "328": ["yzdytm@163.com"], "329": ["yzdytm@163.com"], "330": ["yzdytm@163.com"], "331": ["yzdytm@163.com"], "332": ["yzdytm@163.com"], "333": ["yzdytm@163.com"], "334": ["yzdytm@163.com"], "335": ["yzdytm@163.com"], "338": ["yzdytm@163.com"], "337": ["yzdytm@163.com"], "339": ["yzdytm@163.com"], "340": ["yzdytm@163.com"], "341": ["yzdytm@163.com"], "342": ["yzdytm@163.com"], "343": ["yzdytm@163.com"], "344": ["yzdytm@163.com"], "345": ["yzdytm@163.com"], "346": ["yzdytm@163.com"], "347": ["yzdytm@163.com"], "348": ["yzdytm@163.com"], "349": ["yzdytm@163.com"], "350": ["yzdytm@163.com"], "351": ["yzdytm@163.com"], "352": ["yzdytm@163.com"], "353": ["yzdytm@163.com"], "354": ["yzdytm@163.com"], "355": ["yzdytm@163.com"], "356": ["yzdytm@163.com"], "357": ["yzdytm@163.com"], "358": ["yzdytm@163.com"], "359": ["yzdytm@163.com"], "360": ["yzdytm@163.com"], "361": ["yzdytm@163.com"], "362": ["yzdytm@163.com"], "363": ["yzdytm@163.com"], "364": ["yzdytm@163.com"], "365": ["yzdytm@163.com"], "366": ["yzdytm@163.com"], "367": ["yzdytm@163.com"], "368": ["yzdytm@163.com"], "11": ["yzdytm@163.com"], "369": ["yzdytm@163.com"], "370": ["yzdytm@163.com"], "371": ["yzdytm@163.com"], "21": ["yzdytm@163.com"], "373": ["yzdytm@163.com"], "374": ["yzdytm@163.com"], "22": ["yzdytm@163.com"], "375": ["yzdytm@163.com"], "376": ["yzdytm@163.com"], "377": ["yzdytm@163.com"], "378": ["yzdytm@163.com"], "379": ["yzdytm@163.com"], "380": ["yzdytm@163.com", "511329078@qq.com"], "381": ["yzdytm@163.com"], "382": ["yzdytm@163.com"], "10": ["yzdytm@163.com"], "383": ["yzdytm@163.com"], "384": ["yzdytm@163.com"], "385": ["yzdytm@163.com"], "386": ["yzdytm@163.com"], "387": ["yzdytm@163.com"], "388": ["yzdytm@163.com"], "391": ["yzdytm@163.com"], "392": ["yzdytm@163.com"], "393": ["yzdytm@163.com"], "394": ["yzdytm@163.com"], "26": ["yzdytm@163.com"], "395": ["yzdytm@163.com"], "396": ["yzdytm@163.com"], "397": ["yzdytm@163.com"], "398": ["yzdytm@163.com"], "399": ["yzdytm@163.com"], "400": ["yzdytm@163.com"], "30": ["yzdytm@163.com"], "401": ["yzdytm@163.com"], "402": ["yzdytm@163.com"], "403": ["yzdytm@163.com"], "404": ["yzdytm@163.com"], "27": ["yzdytm@163.com"], "405": ["yzdytm@163.com"], "406": ["yzdytm@163.com"], "407": ["yzdytm@163.com"], "408": ["yzdytm@163.com"], "409": ["yzdytm@163.com"], "410": ["yzdytm@163.com"], "413": ["yzdytm@163.com"], "414": ["yzdytm@163.com"], "415": ["yzdytm@163.com"], "416": ["yzdytm@163.com"], "417": ["yzdytm@163.com"], "38": ["yzdytm@163.com"], "418": ["yzdytm@163.com"], "419": ["yzdytm@163.com"], "420": ["yzdytm@163.com"], "421": ["yzdytm@163.com"], "16": ["yzdytm@163.com"], "422": ["yzdytm@163.com"], "423": ["yzdytm@163.com"], "424": ["yzdytm@163.com"], "425": ["yzdytm@163.com"], "426": ["yzdytm@163.com"], "427": ["yzdytm@163.com"], "15": ["yzdytm@163.com"], "428": ["yzdytm@163.com"], "429": ["yzdytm@163.com"], "430": ["yzdytm@163.com"], "431": ["yzdytm@163.com"], "432": ["yzdytm@163.com"], "433": ["yzdytm@163.com"], "434": ["yzdytm@163.com"], "435": ["yzdytm@163.com"], "436": ["yzdytm@163.com"], "43": ["yzdytm@163.com"], "437": ["yzdytm@163.com"], "438": ["yzdytm@163.com"], "439": ["yzdytm@163.com"], "440": ["yzdytm@163.com"], "441": ["yzdytm@163.com"], "489": ["yzdytm@163.com"], "443": ["yzdytm@163.com"], "444": ["yzdytm@163.com"], "44": ["yzdytm@163.com"], "445": ["yzdytm@163.com"], "446": ["yzdytm@163.com"], "447": ["yzdytm@163.com"], "448": ["yzdytm@163.com"], "449": ["yzdytm@163.com"], "450": ["yzdytm@163.com"], "451": ["yzdytm@163.com"], "452": ["yzdytm@163.com"], "453": ["yzdytm@163.com"], "454": ["yzdytm@163.com"], "455": ["yzdytm@163.com"], "456": ["yzdytm@163.com"], "457": ["yzdytm@163.com"], "458": ["yzdytm@163.com"], "459": ["yzdytm@163.com"], "460": ["yzdytm@163.com"], "461": ["yzdytm@163.com"], "462": ["yzdytm@163.com"], "463": ["yzdytm@163.com"], "464": ["yzdytm@163.com"], "465": ["yzdytm@163.com"], "466": ["yzdytm@163.com"], "467": ["yzdytm@163.com"], "468": ["yzdytm@163.com"], "469": ["yzdytm@163.com"], "19": ["yzdytm@163.com"], "470": ["yzdytm@163.com"], "471": ["yzdytm@163.com"], "472": ["yzdytm@163.com"], "473": ["yzdytm@163.com"], "474": ["yzdytm@163.com"], "475": ["yzdytm@163.com"], "476": ["yzdytm@163.com"], "477": ["yzdytm@163.com"], "478": ["yzdytm@163.com"], "479": ["yzdytm@163.com"], "480": ["yzdytm@163.com"], "481": ["yzdytm@163.com"], "482": ["yzdytm@163.com"], "483": ["yzdytm@163.com"], "484": ["yzdytm@163.com"], "25": ["yzdytm@163.com"], "485": ["yzdytm@163.com"], "486": ["yzdytm@163.com"], "487": ["yzdytm@163.com"], "488": ["yzdytm@163.com"], "490": ["yzdytm@163.com"], "491": ["yzdytm@163.com"], "492": ["yzdytm@163.com"], "31": ["yzdytm@163.com"], "493": ["yzdytm@163.com"], "494": ["yzdytm@163.com"], "495": ["yzdytm@163.com"], "496": ["yzdytm@163.com"], "497": ["yzdytm@163.com"], "498": ["yzdytm@163.com"], "499": ["yzdytm@163.com"], "500": ["yzdytm@163.com"], "501": ["yzdytm@163.com"], "502": ["yzdytm@163.com"], "503": ["yzdytm@163.com"], "504": ["yzdytm@163.com"], "505": ["yzdytm@163.com"], "506": ["yzdytm@163.com"], "507": ["yzdytm@163.com"], "508": ["yzdytm@163.com"], "509": ["yzdytm@163.com"], "513": ["yzdytm@163.com"], "514": ["yzdytm@163.com"], "515": ["yzdytm@163.com"], "516": ["yzdytm@163.com"], "517": ["yzdytm@163.com"], "518": ["yzdytm@163.com"], "519": ["yzdytm@163.com"], "520": ["yzdytm@163.com"], "521": ["yzdytm@163.com"], "32": ["yzdytm@163.com"], "522": ["yzdytm@163.com"], "523": ["yzdytm@163.com"], "524": ["yzdytm@163.com"], "525": ["yzdytm@163.com"], "526": ["yzdytm@163.com"], "527": ["yzdytm@163.com"], "528": ["yzdytm@163.com"], "529": ["yzdytm@163.com"], "530": ["yzdytm@163.com"], "531": ["yzdytm@163.com"], "532": ["yzdytm@163.com"]}