{"CmsAspspStopListController.blockTpp": {"t": [{"id": 0, "a": [["R", 1], ["W", 1], ["W", 1], ["W", 1], ["W", 1]]}]}, "CmsAspspStopListController.getTppStopListRecord": {"t": [{"id": 0, "a": [["R", 1]]}]}, "CmsAspspStopListController.unblockTpp": {"t": [{"id": 0, "a": [["R", 1], ["W", 1], ["W", 1], ["W", 1]]}]}, "TppController.checkIfTppBlocked": {"t": [{"id": 0, "a": [["R", 1]]}]}, "TppController.updateTppInfo": {"t": [{"id": 0, "a": [["R", 2], ["R", 2], ["W", 2], ["W", 2]]}]}, "AspspConsentDataController.deleteAspspConsentData": {"t": [{"id": 0, "a": [["R", 3], ["W", 3]]}]}, "AspspConsentDataController.getAspspConsentData": {"t": [{"id": 0, "a": [["R", 3], ["R", 3]]}]}, "AspspConsentDataController.updateAspspConsentData": {"t": [{"id": 0, "a": [["R", 3], ["W", 3], ["R", 3], ["W", 3], ["W", 3], ["W", 3], ["R", 3], ["W", 3], ["W", 3], ["W", 3]]}]}, "CmsPsuPisController.getAuthorisationByAuthorisationId": {"t": [{"id": 0, "a": [["R", 4]]}]}, "CmsPsuPisController.getPaymentByPaymentId": {"t": [{"id": 0, "a": [["R", 5], ["R", 5], ["R", 6], ["R", 6], ["R", 5], ["R", 6], ["R", 6], ["R", 5], ["R", 6], ["R", 6], ["R", 5], ["R", 7], ["R", 7], ["R", 7], ["R", 7], ["R", 7], ["R", 7], ["R", 7], ["R", 5], ["R", 5], ["R", 5], ["R", 5], ["R", 7], ["R", 7], ["R", 7], ["R", 7], ["R", 7], ["R", 7], ["R", 7], ["R", 5], ["R", 5], ["R", 5], ["R", 7], ["R", 7], ["R", 7], ["R", 7], ["R", 7], ["R", 7], ["R", 7], ["R", 5], ["R", 5], ["R", 5], ["R", 8], ["R", 5], ["R", 5], ["R", 5], ["R", 5], ["R", 6], ["R", 6], ["R", 2], ["R", 6], ["R", 9], ["R", 6], ["R", 6], ["R", 6], ["R", 5], ["R", 5], ["R", 5], ["R", 5], ["R", 10], ["R", 5], ["R", 5], ["R", 5], ["R", 5], ["R", 7], ["R", 7], ["R", 7], ["R", 7], ["R", 7], ["R", 7], ["R", 7], ["R", 5], ["R", 5], ["R", 5], ["R", 7], ["R", 7], ["R", 7], ["R", 7], ["R", 7], ["R", 7], ["R", 7], ["R", 5], ["R", 5], ["R", 5], ["R", 8], ["R", 5], ["R", 5], ["R", 5], ["R", 5], ["R", 5], ["R", 5], ["R", 5], ["R", 5], ["R", 5], ["R", 6], ["R", 6], ["R", 2], ["R", 6], ["R", 9], ["R", 6], ["R", 6], ["R", 6], ["R", 5], ["R", 5], ["R", 5], ["R", 5], ["R", 10], ["R", 5], ["R", 5], ["R", 5], ["R", 5], ["R", 7], ["R", 7], ["R", 7], ["R", 7], ["R", 7], ["R", 7], ["R", 7], ["R", 5], ["R", 5], ["R", 5], ["R", 7], ["R", 7], ["R", 7], ["R", 7], ["R", 7], ["R", 7], ["R", 7], ["R", 5], ["R", 5], ["R", 5], ["R", 8], ["R", 5], ["R", 5], ["R", 5], ["R", 5], ["R", 6], ["R", 6], ["R", 2], ["R", 6], ["R", 9], ["R", 6], ["R", 6], ["R", 6], ["R", 5], ["R", 5], ["R", 5], ["R", 5], ["R", 10], ["R", 6]]}]}, "CmsPsuPisController.getPaymentByPaymentIdForCancellation": {"t": [{"id": 0, "a": [["R", 5], ["R", 5], ["R", 6], ["R", 6], ["R", 5], ["R", 6], ["R", 6], ["R", 5], ["R", 6], ["R", 6], ["R", 5], ["R", 7], ["R", 7], ["R", 7], ["R", 7], ["R", 7], ["R", 7], ["R", 7], ["R", 5], ["R", 5], ["R", 5], ["R", 5], ["R", 7], ["R", 7], ["R", 7], ["R", 7], ["R", 7], ["R", 7], ["R", 7], ["R", 5], ["R", 5], ["R", 5], ["R", 7], ["R", 7], ["R", 7], ["R", 7], ["R", 7], ["R", 7], ["R", 7], ["R", 5], ["R", 5], ["R", 5], ["R", 8], ["R", 5], ["R", 5], ["R", 5], ["R", 5], ["R", 6], ["R", 6], ["R", 2], ["R", 6], ["R", 9], ["R", 6], ["R", 6], ["R", 6], ["R", 5], ["R", 5], ["R", 5], ["R", 5], ["R", 10], ["R", 5], ["R", 5], ["R", 5], ["R", 5], ["R", 7], ["R", 7], ["R", 7], ["R", 7], ["R", 7], ["R", 7], ["R", 7], ["R", 5], ["R", 5], ["R", 5], ["R", 7], ["R", 7], ["R", 7], ["R", 7], ["R", 7], ["R", 7], ["R", 7], ["R", 5], ["R", 5], ["R", 5], ["R", 8], ["R", 5], ["R", 5], ["R", 5], ["R", 5], ["R", 5], ["R", 5], ["R", 5], ["R", 5], ["R", 5], ["R", 6], ["R", 6], ["R", 2], ["R", 6], ["R", 9], ["R", 6], ["R", 6], ["R", 6], ["R", 5], ["R", 5], ["R", 5], ["R", 5], ["R", 10], ["R", 5], ["R", 5], ["R", 5], ["R", 5], ["R", 7], ["R", 7], ["R", 7], ["R", 7], ["R", 7], ["R", 7], ["R", 7], ["R", 5], ["R", 5], ["R", 5], ["R", 7], ["R", 7], ["R", 7], ["R", 7], ["R", 7], ["R", 7], ["R", 7], ["R", 5], ["R", 5], ["R", 5], ["R", 8], ["R", 5], ["R", 5], ["R", 5], ["R", 5], ["R", 6], ["R", 6], ["R", 2], ["R", 6], ["R", 9], ["R", 6], ["R", 6], ["R", 6], ["R", 5], ["R", 5], ["R", 5], ["R", 5], ["R", 10], ["R", 6]]}]}, "CmsPsuPisController.getPaymentIdByRedirectId": {"t": [{"id": 0, "a": [["R", 4], ["R", 4], ["R", 4], ["W", 4], ["W", 4], ["R", 4], ["R", 4], ["R", 6], ["R", 4], ["R", 6], ["R", 5], ["R", 6], ["R", 6], ["R", 6], ["R", 6], ["R", 6], ["R", 6], ["R", 6], ["R", 2], ["R", 6], ["R", 9], ["R", 6], ["R", 6], ["R", 6], ["R", 5], ["R", 6], ["R", 6], ["R", 5], ["R", 6], ["R", 6], ["R", 5], ["R", 6], ["R", 6], ["R", 5], ["R", 7], ["R", 7], ["R", 7], ["R", 7], ["R", 7], ["R", 7], ["R", 7], ["R", 5], ["R", 5], ["R", 5], ["R", 5], ["R", 7], ["R", 7], ["R", 7], ["R", 7], ["R", 7], ["R", 7], ["R", 7], ["R", 5], ["R", 5], ["R", 5], ["R", 7], ["R", 7], ["R", 7], ["R", 7], ["R", 7], ["R", 7], ["R", 7], ["R", 5], ["R", 5], ["R", 5], ["R", 8], ["R", 5], ["R", 5], ["R", 5], ["R", 5], ["R", 6], ["R", 6], ["R", 2], ["R", 6], ["R", 9], ["R", 6], ["R", 6], ["R", 6], ["R", 5], ["R", 5], ["R", 5], ["R", 5], ["R", 10], ["R", 5], ["R", 5], ["R", 5], ["R", 5], ["R", 7], ["R", 7], ["R", 7], ["R", 7], ["R", 7], ["R", 7], ["R", 7], ["R", 5], ["R", 5], ["R", 5], ["R", 7], ["R", 7], ["R", 7], ["R", 7], ["R", 7], ["R", 7], ["R", 7], ["R", 5], ["R", 5], ["R", 5], ["R", 8], ["R", 5], ["R", 5], ["R", 5], ["R", 5], ["R", 5], ["R", 5], ["R", 5], ["R", 5], ["R", 5], ["R", 6], ["R", 6], ["R", 2], ["R", 6], ["R", 9], ["R", 6], ["R", 6], ["R", 6], ["R", 5], ["R", 5], ["R", 5], ["R", 5], ["R", 10], ["R", 5], ["R", 5], ["R", 5], ["R", 5], ["R", 7], ["R", 7], ["R", 7], ["R", 7], ["R", 7], ["R", 7], ["R", 7], ["R", 5], ["R", 5], ["R", 5], ["R", 7], ["R", 7], ["R", 7], ["R", 7], ["R", 7], ["R", 7], ["R", 7], ["R", 5], ["R", 5], ["R", 5], ["R", 8], ["R", 5], ["R", 5], ["R", 5], ["R", 5], ["R", 6], ["R", 6], ["R", 2], ["R", 6], ["R", 9], ["R", 6], ["R", 6], ["R", 6], ["R", 5], ["R", 5], ["R", 5], ["R", 5], ["R", 10], ["R", 4], ["R", 4], ["R", 4]]}]}, "CmsPsuPisController.getPaymentIdByRedirectIdForCancellation": {"t": [{"id": 0, "a": [["R", 4], ["R", 4], ["R", 4], ["W", 4], ["W", 4], ["R", 4], ["R", 4], ["R", 6], ["R", 4], ["R", 6], ["R", 5], ["R", 6], ["R", 6], ["R", 6], ["R", 6], ["R", 6], ["R", 6], ["R", 6], ["R", 2], ["R", 6], ["R", 9], ["R", 6], ["R", 6], ["R", 6], ["R", 5], ["R", 6], ["R", 6], ["R", 5], ["R", 6], ["R", 6], ["R", 5], ["R", 6], ["R", 6], ["R", 5], ["R", 7], ["R", 7], ["R", 7], ["R", 7], ["R", 7], ["R", 7], ["R", 7], ["R", 5], ["R", 5], ["R", 5], ["R", 5], ["R", 7], ["R", 7], ["R", 7], ["R", 7], ["R", 7], ["R", 7], ["R", 7], ["R", 5], ["R", 5], ["R", 5], ["R", 7], ["R", 7], ["R", 7], ["R", 7], ["R", 7], ["R", 7], ["R", 7], ["R", 5], ["R", 5], ["R", 5], ["R", 8], ["R", 5], ["R", 5], ["R", 5], ["R", 5], ["R", 6], ["R", 6], ["R", 2], ["R", 6], ["R", 9], ["R", 6], ["R", 6], ["R", 6], ["R", 5], ["R", 5], ["R", 5], ["R", 5], ["R", 10], ["R", 5], ["R", 5], ["R", 5], ["R", 5], ["R", 7], ["R", 7], ["R", 7], ["R", 7], ["R", 7], ["R", 7], ["R", 7], ["R", 5], ["R", 5], ["R", 5], ["R", 7], ["R", 7], ["R", 7], ["R", 7], ["R", 7], ["R", 7], ["R", 7], ["R", 5], ["R", 5], ["R", 5], ["R", 8], ["R", 5], ["R", 5], ["R", 5], ["R", 5], ["R", 5], ["R", 5], ["R", 5], ["R", 5], ["R", 5], ["R", 6], ["R", 6], ["R", 2], ["R", 6], ["R", 9], ["R", 6], ["R", 6], ["R", 6], ["R", 5], ["R", 5], ["R", 5], ["R", 5], ["R", 10], ["R", 5], ["R", 5], ["R", 5], ["R", 5], ["R", 7], ["R", 7], ["R", 7], ["R", 7], ["R", 7], ["R", 7], ["R", 7], ["R", 5], ["R", 5], ["R", 5], ["R", 7], ["R", 7], ["R", 7], ["R", 7], ["R", 7], ["R", 7], ["R", 7], ["R", 5], ["R", 5], ["R", 5], ["R", 8], ["R", 5], ["R", 5], ["R", 5], ["R", 5], ["R", 6], ["R", 6], ["R", 2], ["R", 6], ["R", 9], ["R", 6], ["R", 6], ["R", 6], ["R", 5], ["R", 5], ["R", 5], ["R", 5], ["R", 10], ["R", 4], ["R", 4], ["R", 4]]}]}, "CmsPsuPisController.psuAuthorisationStatuses": {"t": [{"id": 0, "a": [["R", 6], ["R", 4], ["R", 4], ["R", 9], ["R", 4], ["R", 9], ["R", 9], ["R", 9], ["R", 9], ["R", 9], ["R", 9], ["R", 9], ["R", 11], ["R", 11], ["R", 11], ["R", 11], ["R", 11], ["R", 11], ["R", 11], ["R", 11], ["R", 11], ["R", 11], ["R", 4], ["R", 4], ["R", 4]]}]}, "CmsPsuPisController.updateAuthorisationStatus": {"t": [{"id": 0, "a": [["R", 4], ["R", 4], ["R", 4], ["R", 4], ["R", 4], ["R", 4], ["W", 4], ["W", 4], ["W", 4], ["W", 4]]}]}, "CmsPsuPisController.updatePaymentStatus": {"t": [{"id": 0, "a": [["R", 6], ["R", 6], ["W", 6], ["W", 6], ["W", 6], ["R", 6]]}]}, "CmsPsuPisController.updatePsuInPayment": {"t": [{"id": 0, "a": [["R", 4], ["R", 4], ["R", 4], ["W", 11], ["W", 11], ["W", 11], ["W", 11], ["W", 11], ["W", 11], ["W", 11], ["W", 11], ["W", 11], ["W", 9], ["W", 9], ["W", 9], ["W", 9], ["W", 9], ["W", 9], ["W", 11], ["R", 9], ["R", 4], ["R", 4], ["R", 9], ["R", 9], ["W", 9], ["R", 4], ["R", 6], ["R", 4], ["R", 6], ["R", 9], ["R", 9], ["R", 9], ["R", 4], ["R", 9], ["W", 6], ["W", 9], ["W", 6], ["R", 4], ["W", 4], ["W", 9], ["W", 4]]}]}, "CmsAspspPisExportController.getPaymentsByAccountId": {"t": [{"id": 0, "a": [["R", 6]]}]}, "CmsAspspPisExportController.getPaymentsByPsu": {"t": [{"id": 0, "a": [["R", 6]]}]}, "CmsAspspPisExportController.getPaymentsByTpp": {"t": [{"id": 0, "a": [["R", 6]]}]}, "CmsAspspAisExportController.getConsentsByAccount": {"t": [{"id": 0, "a": [["R", 12]]}]}, "CmsAspspAisExportController.getConsentsByPsu": {"t": [{"id": 0, "a": [["R", 12]]}]}, "CmsAspspAisExportController.getConsentsByTpp": {"t": [{"id": 0, "a": [["R", 12]]}]}, "CmsAspspPisTransactionController.updatePaymentStatus": {"t": [{"id": 0, "a": [["R", 6], ["W", 6], ["W", 6], ["W", 6], ["R", 6]]}]}, "CmsAspspPiisController.createConsent": {"t": [{"id": 0, "a": [["R", 12], ["R", 12], ["W", 12], ["W", 12], ["W", 12], ["R", 2], ["W", 2], ["W", 2], ["W", 2], ["W", 12], ["W", 12], ["W", 12], ["W", 12], ["W", 12], ["R", 12], ["R", 9], ["W", 11], ["W", 11], ["W", 11], ["W", 11], ["W", 11], ["W", 11], ["W", 11], ["W", 11], ["W", 11], ["W", 9], ["W", 9], ["W", 9], ["W", 9], ["W", 9], ["W", 9], ["W", 11], ["W", 12], ["W", 9], ["R", 12], ["W", 13], ["W", 13], ["W", 13], ["W", 13], ["W", 12], ["R", 12], ["R", 14], ["W", 14], ["W", 2], ["W", 12], ["W", 12], ["W", 12], ["R", 12], ["R", 12], ["R", 12]]}]}, "CmsAspspPiisController.getConsentsForPsu": {"t": [{"id": 0, "a": [["R", 12]]}]}, "CmsAspspPiisController.terminateConsent": {"t": [{"id": 0, "a": [["R", 12], ["W", 12], ["W", 12], ["R", 12], ["R", 12], ["R", 15], ["R", 15], ["R", 15], ["R", 15], ["R", 15], ["W", 12], ["W", 12], ["W", 12]]}]}, "CmsPsuPiisController.getConsent": {"t": [{"id": 0, "a": [["R", 12], ["R", 12], ["R", 9], ["R", 12]]}]}, "CmsPsuPiisController.getConsentsForPsu": {"t": [{"id": 0, "a": [["R", 12], ["R", 12], ["R", 9], ["R", 12]]}]}, "CmsPsuPiisController.revokeConsent": {"t": [{"id": 0, "a": [["R", 12], ["R", 12], ["R", 9], ["R", 12], ["R", 12], ["W", 12], ["W", 12], ["W", 12], ["W", 12], ["W", 12], ["W", 12]]}]}, "CmsAspspPsuConsentManagementController.closeAllConsents": {"t": [{"id": 0, "a": [["R", 12], ["R", 12], ["W", 12], ["W", 12], ["W", 12]]}]}, "CmsAspspTppInfoController.getTppInfo": {"t": [{"id": 0, "a": [["R", 2]]}]}, "CmsPsuAisController.authorisePartiallyConsent": {"t": [{"id": 0, "a": [["R", 12], ["R", 12], ["R", 12], ["R", 16], ["R", 16], ["R", 16], ["R", 16], ["R", 16], ["W", 12], ["W", 12], ["R", 12], ["R", 12], ["R", 12], ["W", 12], ["W", 12], ["W", 12], ["R", 12], ["R", 12], ["R", 12], ["R", 12], ["R", 12], ["R", 12], ["R", 12], ["R", 4], ["R", 12], ["R", 17], ["R", 12], ["R", 17], ["R", 12], ["R", 12], ["R", 12], ["R", 12], ["R", 12], ["R", 12], ["R", 12], ["R", 12], ["R", 12], ["R", 12], ["R", 12], ["R", 12], ["R", 14], ["R", 12], ["R", 18], ["R", 12], ["R", 9], ["R", 12], ["R", 12], ["R", 12], ["W", 13], ["W", 13], ["W", 13], ["W", 13], ["R", 12], ["R", 12], ["R", 12], ["W", 13], ["W", 13], ["W", 13], ["W", 13], ["R", 13], ["R", 13], ["R", 13], ["R", 12], ["R", 12], ["R", 12], ["R", 12], ["R", 12], ["R", 4], ["R", 12], ["R", 17], ["R", 12], ["R", 17], ["R", 12], ["R", 12], ["R", 12], ["R", 12], ["R", 12], ["R", 12], ["R", 12], ["R", 12], ["R", 12], ["R", 12], ["R", 12], ["R", 12], ["R", 14], ["R", 12], ["R", 18], ["R", 12], ["R", 9], ["R", 12], ["R", 12], ["R", 12], ["W", 13], ["W", 13], ["W", 13], ["W", 13], ["R", 12], ["R", 12], ["R", 12], ["W", 13], ["W", 13], ["W", 13], ["W", 13], ["R", 13], ["R", 13], ["R", 13], ["R", 13], ["R", 13], ["R", 13], ["W", 12], ["W", 12]]}]}, "CmsPsuAisController.confirmConsent": {"t": [{"id": 0, "a": [["R", 12], ["R", 12], ["R", 12], ["R", 16], ["R", 16], ["R", 16], ["R", 16], ["R", 16], ["W", 12], ["W", 12], ["R", 12], ["R", 12], ["R", 12], ["W", 12], ["W", 12], ["W", 12], ["R", 12], ["R", 12], ["R", 12], ["R", 12], ["R", 12], ["R", 12], ["R", 12], ["R", 4], ["R", 12], ["R", 17], ["R", 12], ["R", 17], ["R", 12], ["R", 12], ["R", 12], ["R", 12], ["R", 12], ["R", 12], ["R", 12], ["R", 12], ["R", 12], ["R", 12], ["R", 12], ["R", 12], ["R", 14], ["R", 12], ["R", 18], ["R", 12], ["R", 9], ["R", 12], ["R", 12], ["R", 12], ["W", 13], ["W", 13], ["W", 13], ["W", 13], ["R", 12], ["R", 12], ["R", 12], ["W", 13], ["W", 13], ["W", 13], ["W", 13], ["R", 13], ["R", 13], ["R", 13], ["R", 12], ["R", 12], ["R", 12], ["R", 12], ["R", 12], ["R", 4], ["R", 12], ["R", 17], ["R", 12], ["R", 17], ["R", 12], ["R", 12], ["R", 12], ["R", 12], ["R", 12], ["R", 12], ["R", 12], ["R", 12], ["R", 12], ["R", 12], ["R", 12], ["R", 12], ["R", 14], ["R", 12], ["R", 18], ["R", 12], ["R", 9], ["R", 12], ["R", 12], ["R", 12], ["W", 13], ["W", 13], ["W", 13], ["W", 13], ["R", 12], ["R", 12], ["R", 12], ["W", 13], ["W", 13], ["W", 13], ["W", 13], ["R", 13], ["R", 13], ["R", 13], ["R", 13], ["R", 13], ["R", 13], ["W", 12], ["W", 12]]}]}, "CmsPsuAisController.getAuthorisationByAuthorisationId": {"t": [{"id": 0, "a": [["R", 4]]}]}, "CmsPsuAisController.getConsentByConsentId": {"t": [{"id": 0, "a": [["R", 12]]}]}, "CmsPsuAisController.getConsentIdByRedirectId": {"t": [{"id": 0, "a": [["R", 4], ["R", 4], ["W", 4], ["W", 4], ["R", 4], ["R", 4], ["R", 12], ["R", 12], ["R", 12], ["R", 16], ["R", 16], ["R", 16], ["R", 16], ["R", 16], ["W", 12], ["W", 12], ["R", 12], ["R", 4], ["R", 12], ["R", 17], ["R", 12], ["R", 17], ["R", 12], ["R", 12], ["R", 12], ["R", 12], ["R", 12], ["R", 12], ["R", 12], ["R", 12], ["R", 12], ["R", 12], ["R", 12], ["R", 12], ["R", 14], ["R", 12], ["R", 18], ["R", 12], ["R", 9], ["R", 12], ["R", 12], ["R", 12], ["W", 13], ["W", 13], ["W", 13], ["W", 13], ["R", 12], ["R", 12], ["R", 12], ["W", 13], ["W", 13], ["W", 13], ["W", 13], ["R", 13], ["R", 13], ["R", 13], ["R", 13], ["R", 13], ["R", 13], ["R", 13], ["R", 13], ["R", 12], ["R", 14], ["R", 12], ["R", 12], ["R", 12], ["R", 12], ["R", 12], ["R", 12], ["R", 12], ["R", 13], ["R", 14], ["R", 13], ["R", 13], ["R", 13], ["R", 13], ["R", 13], ["R", 13], ["R", 16], ["R", 16], ["R", 16], ["R", 14], ["R", 2], ["R", 12], ["R", 12], ["R", 12], ["R", 14], ["R", 4], ["R", 4]]}]}, "CmsPsuAisController.getConsentsForPsu": {"t": [{"id": 0, "a": [["R", 12]]}]}, "CmsPsuAisController.psuDataAuthorisations": {"t": [{"id": 0, "a": [["R", 12], ["R", 12], ["R", 12], ["R", 4], ["R", 4], ["R", 9], ["R", 4], ["R", 9], ["R", 9], ["R", 9], ["R", 9], ["R", 9], ["R", 9], ["R", 9], ["R", 11], ["R", 11], ["R", 11], ["R", 11], ["R", 11], ["R", 11], ["R", 11], ["R", 11], ["R", 11], ["R", 11], ["R", 4], ["R", 4], ["R", 4], ["R", 9], ["R", 4], ["R", 9], ["R", 9], ["R", 9], ["R", 9], ["R", 9], ["R", 9], ["R", 9], ["R", 11], ["R", 11], ["R", 11], ["R", 11], ["R", 11], ["R", 11], ["R", 11], ["R", 11], ["R", 11], ["R", 11], ["R", 4], ["R", 4]]}]}, "CmsPsuAisController.putAccountAccessInConsent": {"t": [{"id": 0, "a": [["R", 12], ["R", 12], ["R", 12], ["R", 12], ["R", 12], ["W", 13], ["W", 13], ["W", 13], ["W", 13], ["R", 13], ["W", 13], ["W", 13], ["W", 13], ["W", 13], ["R", 13], ["W", 13], ["W", 13], ["W", 13], ["W", 13], ["R", 13], ["W", 13], ["W", 13], ["W", 13], ["W", 13], ["R", 13], ["W", 13], ["W", 13], ["W", 13], ["W", 13], ["W", 13], ["W", 13], ["W", 13], ["W", 13], ["W", 12], ["W", 12], ["W", 12], ["W", 12], ["W", 12], ["W", 12], ["R", 17], ["W", 17], ["W", 17], ["R", 12], ["R", 12], ["R", 12], ["R", 12], ["R", 12], ["R", 12], ["R", 12], ["R", 4], ["R", 12], ["R", 17], ["R", 12], ["R", 17], ["R", 12], ["R", 12], ["R", 12], ["R", 12], ["R", 12], ["R", 12], ["R", 12], ["R", 12], ["R", 12], ["R", 12], ["R", 12], ["R", 12], ["R", 14], ["R", 12], ["R", 18], ["R", 12], ["R", 9], ["R", 12], ["R", 12], ["R", 12], ["W", 13], ["W", 13], ["W", 13], ["W", 13], ["R", 12], ["R", 12], ["R", 12], ["W", 13], ["W", 13], ["W", 13], ["W", 13], ["R", 13], ["R", 13], ["R", 13], ["R", 12], ["R", 12], ["R", 12], ["R", 4], ["R", 12], ["R", 17], ["R", 12], ["R", 17], ["R", 12], ["R", 12], ["R", 12], ["R", 12], ["R", 12], ["R", 12], ["R", 12], ["R", 12], ["R", 12], ["R", 12], ["R", 12], ["R", 12], ["R", 14], ["R", 12], ["R", 18], ["R", 12], ["R", 9], ["R", 12], ["R", 12], ["R", 12], ["W", 13], ["W", 13], ["W", 13], ["W", 13], ["R", 12], ["R", 12], ["R", 12], ["W", 13], ["W", 13], ["W", 13], ["W", 13], ["R", 13], ["R", 13], ["R", 13], ["R", 13], ["R", 13], ["R", 13], ["W", 12], ["W", 12], ["R", 12]]}]}, "CmsPsuAisController.rejectConsent": {"t": [{"id": 0, "a": [["R", 12], ["R", 12], ["R", 12], ["R", 16], ["R", 16], ["R", 16], ["R", 16], ["R", 16], ["W", 12], ["W", 12], ["R", 12], ["R", 12], ["R", 12], ["W", 12], ["W", 12], ["W", 12], ["R", 12], ["R", 12], ["R", 12], ["R", 12], ["R", 12], ["R", 12], ["R", 12], ["R", 4], ["R", 12], ["R", 17], ["R", 12], ["R", 17], ["R", 12], ["R", 12], ["R", 12], ["R", 12], ["R", 12], ["R", 12], ["R", 12], ["R", 12], ["R", 12], ["R", 12], ["R", 12], ["R", 12], ["R", 14], ["R", 12], ["R", 18], ["R", 12], ["R", 9], ["R", 12], ["R", 12], ["R", 12], ["W", 13], ["W", 13], ["W", 13], ["W", 13], ["R", 12], ["R", 12], ["R", 12], ["W", 13], ["W", 13], ["W", 13], ["W", 13], ["R", 13], ["R", 13], ["R", 13], ["R", 12], ["R", 12], ["R", 12], ["R", 12], ["R", 12], ["R", 4], ["R", 12], ["R", 17], ["R", 12], ["R", 17], ["R", 12], ["R", 12], ["R", 12], ["R", 12], ["R", 12], ["R", 12], ["R", 12], ["R", 12], ["R", 12], ["R", 12], ["R", 12], ["R", 12], ["R", 14], ["R", 12], ["R", 18], ["R", 12], ["R", 9], ["R", 12], ["R", 12], ["R", 12], ["W", 13], ["W", 13], ["W", 13], ["W", 13], ["R", 12], ["R", 12], ["R", 12], ["W", 13], ["W", 13], ["W", 13], ["W", 13], ["R", 13], ["R", 13], ["R", 13], ["R", 13], ["R", 13], ["R", 13], ["W", 12], ["W", 12]]}]}, "CmsPsuAisController.revokeConsent": {"t": [{"id": 0, "a": [["R", 12], ["R", 12], ["R", 12], ["R", 16], ["R", 16], ["R", 16], ["R", 16], ["R", 16], ["W", 12], ["W", 12], ["R", 12], ["R", 12], ["R", 12], ["W", 12], ["W", 12], ["W", 12], ["R", 12], ["R", 12], ["R", 12], ["R", 12], ["R", 12], ["R", 12], ["R", 12], ["R", 4], ["R", 12], ["R", 17], ["R", 12], ["R", 17], ["R", 12], ["R", 12], ["R", 12], ["R", 12], ["R", 12], ["R", 12], ["R", 12], ["R", 12], ["R", 12], ["R", 12], ["R", 12], ["R", 12], ["R", 14], ["R", 12], ["R", 18], ["R", 12], ["R", 9], ["R", 12], ["R", 12], ["R", 12], ["W", 13], ["W", 13], ["W", 13], ["W", 13], ["R", 12], ["R", 12], ["R", 12], ["W", 13], ["W", 13], ["W", 13], ["W", 13], ["R", 13], ["R", 13], ["R", 13], ["R", 12], ["R", 12], ["R", 12], ["R", 12], ["R", 12], ["R", 4], ["R", 12], ["R", 17], ["R", 12], ["R", 17], ["R", 12], ["R", 12], ["R", 12], ["R", 12], ["R", 12], ["R", 12], ["R", 12], ["R", 12], ["R", 12], ["R", 12], ["R", 12], ["R", 12], ["R", 14], ["R", 12], ["R", 18], ["R", 12], ["R", 9], ["R", 12], ["R", 12], ["R", 12], ["W", 13], ["W", 13], ["W", 13], ["W", 13], ["R", 12], ["R", 12], ["R", 12], ["W", 13], ["W", 13], ["W", 13], ["W", 13], ["R", 13], ["R", 13], ["R", 13], ["R", 13], ["R", 13], ["R", 13], ["W", 12], ["W", 12]]}]}, "CmsPsuAisController.updateAuthorisationStatus": {"t": [{"id": 0, "a": [["R", 12], ["R", 12], ["R", 4], ["R", 4], ["R", 4], ["R", 4], ["R", 4], ["R", 4], ["W", 4], ["W", 4], ["W", 4], ["W", 4]]}]}, "CmsPsuAisController.updatePsuDataInConsent": {"t": [{"id": 0, "a": [["R", 4], ["R", 4], ["R", 4], ["W", 11], ["W", 11], ["W", 11], ["W", 11], ["W", 11], ["W", 11], ["W", 11], ["W", 11], ["W", 11], ["W", 9], ["W", 9], ["W", 9], ["W", 9], ["W", 9], ["W", 9], ["W", 11], ["R", 9], ["R", 4], ["R", 4], ["R", 9], ["R", 9], ["W", 9], ["R", 4], ["R", 4], ["R", 12], ["R", 4], ["R", 12], ["R", 12], ["R", 16], ["R", 16], ["R", 16], ["R", 16], ["R", 16], ["W", 12], ["W", 12], ["R", 12], ["R", 9], ["R", 9], ["R", 9], ["R", 9], ["W", 12], ["W", 9], ["W", 4], ["W", 9], ["W", 4]]}]}, "CmsAspspPiisExportController.getConsentsByAccountId": {"t": [{"id": 0, "a": [["R", 12]]}]}, "CmsAspspPiisExportController.getConsentsByPsu": {"t": [{"id": 0, "a": [["R", 12]]}]}, "CmsAspspPiisExportController.getConsentsByTpp": {"t": [{"id": 0, "a": [["R", 12]]}]}, "PiisConsentController.getPiisConsentListByAccountReference": {"t": [{"id": 0, "a": [["R", 12], ["R", 12], ["R", 12], ["R", 12], ["R", 12], ["R", 12], ["R", 12], ["R", 14], ["R", 12], ["R", 18], ["R", 12], ["R", 12], ["R", 12], ["R", 12], ["R", 9], ["R", 12], ["R", 12], ["R", 12], ["R", 12], ["R", 12], ["R", 12], ["R", 12], ["W", 13], ["W", 13], ["W", 13], ["W", 13], ["R", 12], ["R", 12], ["R", 12], ["W", 13], ["W", 13], ["W", 13], ["W", 13]]}]}, "AccountController.downloadTransactions": {"t": [{"id": 0, "a": [["R", 13], ["R", 13], ["R", 13], ["R", 13], ["R", 13], ["R", 13], ["R", 13], ["R", 13], ["R", 13], ["R", 13], ["R", 13], ["R", 13], ["R", 13], ["R", 13], ["R", 13], ["R", 13], ["R", 13], ["R", 13], ["R", 13], ["R", 13], ["R", 13], ["R", 13], ["R", 13], ["R", 16], ["R", 16], ["R", 16]]}]}, "AspspConsentDataPsuApiController.deleteAspspConsentData": {"t": [{"id": 0, "a": [["R", 3], ["W", 3]]}]}, "AspspConsentDataPsuApiController.getAspspConsentData": {"t": [{"id": 0, "a": [["R", 3], ["R", 3]]}]}, "AspspConsentDataPsuApiController.updateAspspConsentData": {"t": [{"id": 0, "a": [["R", 3], ["W", 3], ["R", 3], ["W", 3], ["W", 3], ["W", 3], ["R", 3], ["W", 3], ["W", 3], ["W", 3]]}]}}