{"DailiesController.againday": {"t": [{"id": 0, "a": [["W", 1], ["R", 2], ["R", 3], ["R", 4], ["R", 4], ["R", 4], ["R", 4], ["R", 5], ["R", 5], ["R", 5], ["R", 6], ["R", 6], ["R", 7], ["R", 7], ["R", 7], ["R", 8], ["R", 1], ["R", 7], ["R", 7], ["R", 8], ["R", 8], ["R", 8], ["R", 8], ["R", 9], ["R", 9], ["R", 8], ["R", 8], ["R", 8], ["R", 8], ["R", 8], ["R", 8], ["R", 8], ["R", 1], ["R", 1], ["R", 10], ["R", 10], ["R", 11], ["R", 11], ["R", 6], ["R", 6], ["R", 11], ["R", 11], ["R", 6], ["R", 6], ["R", 5], ["R", 5], ["R", 6], ["R", 6], ["R", 5], ["R", 12], ["R", 12], ["R", 12], ["R", 13], ["R", 13], ["R", 14], ["R", 14], ["R", 6], ["R", 6], ["R", 14], ["R", 15], ["R", 15], ["R", 16], ["R", 16], ["R", 6], ["R", 6], ["R", 16], ["R", 17], ["R", 17], ["R", 18], ["R", 18], ["R", 6], ["R", 6], ["R", 18], ["R", 6], ["R", 19], ["R", 19], ["W", 20], ["R", 21], ["R", 21], ["R", 22], ["R", 22], ["R", 23], ["R", 23], ["R", 6], ["R", 6], ["R", 23], ["R", 6], ["R", 3], ["R", 3], ["W", 3], ["W", 3], ["W", 1], ["R", 2], ["R", 3], ["R", 3], ["W", 3], ["W", 3], ["W", 3]]}]}, "DailiesController.beforeday": {"t": [{"id": 0, "a": [["W", 1], ["R", 2], ["R", 3], ["R", 4], ["R", 4], ["R", 4], ["R", 4], ["R", 5], ["R", 5], ["R", 5], ["R", 6], ["R", 6], ["R", 7], ["R", 7], ["R", 7], ["R", 8], ["R", 1], ["R", 7], ["R", 7], ["R", 8], ["R", 8], ["R", 8], ["R", 8], ["R", 9], ["R", 9], ["R", 8], ["R", 8], ["R", 8], ["R", 8], ["R", 8], ["R", 8], ["R", 8], ["R", 1], ["R", 1], ["R", 10], ["R", 10], ["R", 11], ["R", 11], ["R", 6], ["R", 6], ["R", 11], ["R", 11], ["R", 6], ["R", 6], ["R", 5], ["R", 5], ["R", 6], ["R", 6], ["R", 5], ["R", 12], ["R", 12], ["R", 12], ["R", 13], ["R", 13], ["R", 14], ["R", 14], ["R", 6], ["R", 6], ["R", 14], ["R", 15], ["R", 15], ["R", 16], ["R", 16], ["R", 6], ["R", 6], ["R", 16], ["R", 17], ["R", 17], ["R", 18], ["R", 18], ["R", 6], ["R", 6], ["R", 18], ["R", 6], ["R", 19], ["R", 19], ["W", 20], ["R", 21], ["R", 21], ["R", 22], ["R", 22], ["R", 23], ["R", 23], ["R", 6], ["R", 6], ["R", 23], ["R", 6], ["R", 3], ["R", 3], ["W", 3], ["W", 3], ["W", 1], ["R", 2], ["R", 3], ["R", 3], ["W", 3], ["W", 3], ["W", 3]]}]}, "DailiesController.calculateDailies": {"t": [{"id": 0, "a": [["R", 1], ["R", 1]]}]}, "DailiesController.dailyPlace": {"t": [{"id": 0, "a": [["R", 1]]}]}, "DailiesController.searchCalculateDailies": {"t": [{"id": 0, "a": [["R", 1]]}]}, "DailiesController.searchDaily": {"t": [{"id": 0, "a": [["R", 2], ["R", 3], ["R", 4], ["R", 4], ["R", 4], ["R", 4], ["R", 5], ["R", 5], ["R", 5], ["R", 6], ["R", 6], ["R", 7], ["R", 7], ["R", 7], ["R", 8], ["R", 1], ["R", 7], ["R", 7], ["R", 8], ["R", 8], ["R", 8], ["R", 8], ["R", 9], ["R", 9], ["R", 8], ["R", 8], ["R", 8], ["R", 8], ["R", 8], ["R", 8], ["R", 8], ["R", 1], ["R", 1], ["R", 10], ["R", 10], ["R", 11], ["R", 11], ["R", 6], ["R", 6], ["R", 11], ["R", 11], ["R", 6], ["R", 6], ["R", 5], ["R", 5], ["R", 6], ["R", 6], ["R", 5], ["R", 12], ["R", 12], ["R", 12], ["R", 13], ["R", 13], ["R", 14], ["R", 14], ["R", 6], ["R", 6], ["R", 14], ["R", 15], ["R", 15], ["R", 16], ["R", 16], ["R", 6], ["R", 6], ["R", 16], ["R", 17], ["R", 17], ["R", 18], ["R", 18], ["R", 6], ["R", 6], ["R", 18], ["R", 6], ["R", 19], ["R", 19], ["W", 20], ["R", 21], ["R", 21], ["R", 22], ["R", 22], ["R", 23], ["R", 23], ["R", 6], ["R", 6], ["R", 23], ["R", 6], ["R", 3], ["R", 3], ["W", 3], ["W", 3], ["W", 1], ["R", 2], ["R", 3], ["R", 3], ["W", 3], ["W", 3], ["W", 3], ["R", 1], ["R", 1], ["R", 2], ["R", 3], ["R", 4], ["R", 4], ["R", 4], ["R", 4], ["R", 5], ["R", 5], ["R", 5], ["R", 6], ["R", 6], ["R", 7], ["R", 7], ["R", 7], ["R", 8], ["R", 1], ["R", 7], ["R", 7], ["R", 8], ["R", 8], ["R", 8], ["R", 8], ["R", 9], ["R", 9], ["R", 8], ["R", 8], ["R", 8], ["R", 8], ["R", 8], ["R", 8], ["R", 8], ["R", 1], ["R", 1], ["R", 10], ["R", 10], ["R", 11], ["R", 11], ["R", 6], ["R", 6], ["R", 11], ["R", 11], ["R", 6], ["R", 6], ["R", 5], ["R", 5], ["R", 6], ["R", 6], ["R", 5], ["R", 12], ["R", 12], ["R", 12], ["R", 13], ["R", 13], ["R", 14], ["R", 14], ["R", 6], ["R", 6], ["R", 14], ["R", 15], ["R", 15], ["R", 16], ["R", 16], ["R", 6], ["R", 6], ["R", 16], ["R", 17], ["R", 17], ["R", 18], ["R", 18], ["R", 6], ["R", 6], ["R", 18], ["R", 6], ["R", 19], ["R", 19], ["W", 20], ["R", 21], ["R", 21], ["R", 22], ["R", 22], ["R", 23], ["R", 23], ["R", 6], ["R", 6], ["R", 23], ["R", 6], ["R", 3], ["R", 3], ["W", 3], ["W", 3], ["W", 1], ["R", 2], ["R", 3], ["R", 3], ["W", 3], ["W", 3], ["W", 3], ["R", 1]]}]}, "ShoppingsAdminController.downloadexcel": {"t": [{"id": 0, "a": [["W", 1], ["R", 10], ["R", 10], ["R", 24], ["R", 10], ["R", 24], ["R", 10], ["R", 10], ["R", 24], ["R", 10], ["R", 24], ["R", 10], ["R", 10], ["R", 24], ["R", 10], ["R", 24], ["R", 10], ["R", 10], ["R", 24], ["R", 10], ["R", 24], ["R", 10], ["R", 10], ["R", 24], ["R", 10], ["R", 24], ["R", 25], ["R", 26], ["R", 27], ["R", 27], ["R", 26]]}]}, "ShoppingsAdminController.newshop": {"t": [{"id": 0, "a": [["R", 24], ["R", 27], ["W", 26], ["W", 27], ["R", 28], ["R", 25]]}]}, "ShoppingsAdminController.quarterMetal": {"t": [{"id": 0, "a": [["R", 1], ["R", 10], ["R", 26], ["R", 26], ["R", 26], ["R", 26], ["R", 26], ["R", 26], ["R", 27], ["R", 10], ["R", 1], ["R", 10], ["R", 10], ["R", 26], ["R", 10], ["R", 10], ["R", 26], ["R", 27], ["R", 1], ["R", 1]]}]}, "ShoppingsAdminController.resultGramsNull": {"t": [{"id": 0, "a": [["R", 1], ["R", 10], ["R", 26], ["R", 10], ["R", 10], ["R", 1], ["R", 10], ["R", 10], ["R", 26], ["R", 10], ["R", 10], ["R", 26]]}]}, "ShoppingsAdminController.resultShoppings": {"t": [{"id": 0, "a": [["R", 1], ["R", 10], ["R", 10], ["R", 24], ["R", 10], ["R", 24], ["R", 10], ["R", 10], ["R", 24], ["R", 10], ["R", 24], ["R", 10], ["R", 10], ["R", 24], ["R", 10], ["R", 24], ["R", 10], ["R", 10], ["R", 24], ["R", 10], ["R", 24], ["R", 10], ["R", 10], ["R", 24], ["R", 10], ["R", 24]]}]}, "ShoppingsAdminController.saveShop": {"t": [{"id": 0, "a": [["R", 26], ["R", 26], ["R", 26], ["R", 26], ["R", 27], ["W", 26], ["W", 27], ["R", 28], ["R", 25], ["R", 10], ["R", 24], ["W", 24], ["W", 24], ["W", 10], ["W", 24], ["R", 19], ["R", 19], ["R", 1], ["R", 10], ["R", 26], ["R", 26], ["W", 26], ["W", 10], ["W", 6], ["W", 11], ["W", 6], ["W", 11], ["W", 11], ["W", 10], ["R", 10], ["W", 10], ["R", 10], ["W", 10], ["W", 10], ["W", 1], ["W", 10], ["W", 11], ["W", 10], ["W", 26], ["W", 10], ["W", 10], ["R", 19], ["R", 19], ["R", 1], ["R", 10], ["R", 10]]}]}, "ShoppingsAdminController.saveShopping": {"t": [{"id": 0, "a": [["R", 10], ["R", 10], ["R", 26], ["R", 26], ["R", 26], ["R", 26], ["W", 26], ["R", 26], ["W", 26], ["R", 26], ["W", 26], ["R", 26], ["W", 26], ["R", 26], ["W", 26], ["W", 10], ["W", 10], ["W", 26], ["W", 10], ["W", 10], ["R", 1]]}]}, "ShoppingsAdminController.searchClient": {"t": [{"id": 0, "a": [["R", 19], ["R", 19], ["R", 1], ["R", 10], ["R", 10]]}]}, "ShoppingsAdminController.searchGramsNull": {"t": [{"id": 0, "a": [["R", 1]]}]}, "ShoppingsAdminController.searchQuarterMetal": {"t": [{"id": 0, "a": [["R", 1]]}]}, "ShoppingsAdminController.searchShoppings": {"t": [{"id": 0, "a": [["R", 1]]}]}, "ShoppingsAdminController.updateShopping": {"t": [{"id": 0, "a": [["R", 10], ["R", 27]]}]}, "ShoppingsAdminController.updateShoppings": {"t": [{"id": 0, "a": [["R", 1], ["R", 10], ["R", 27]]}]}, "WorkshopController.newWorkshop": {"t": [{"id": 0, "a": [["R", 27]]}]}, "WorkshopController.saveworkshop": {"t": [{"id": 0, "a": [["R", 29], ["W", 29], ["W", 29]]}]}, "BuyController.add": {"t": [{"id": 0, "a": [["R", 30], ["R", 17], ["R", 17], ["R", 31], ["R", 17], ["R", 31], ["R", 6], ["W", 1], ["W", 6], ["W", 31], ["W", 31], ["W", 31], ["W", 31], ["W", 31], ["W", 31], ["W", 31], ["W", 31], ["W", 31], ["W", 31], ["W", 31], ["W", 31], ["W", 31], ["W", 31], ["W", 31], ["W", 31], ["W", 17], ["R", 30], ["W", 30], ["W", 17], ["W", 30], ["W", 17], ["W", 17], ["W", 32], ["R", 32], ["W", 33], ["W", 17], ["W", 33], ["W", 32], ["W", 31], ["W", 17], ["W", 31], ["W", 31], ["W", 17], ["W", 31], ["R", 4], ["R", 4], ["W", 4], ["W", 4], ["W", 4], ["W", 17], ["W", 17], ["R", 6], ["W", 18], ["W", 6], ["W", 18], ["W", 17], ["W", 6], ["W", 18], ["W", 6], ["W", 18], ["W", 17], ["W", 18], ["R", 17], ["W", 18], ["R", 17], ["W", 18], ["R", 1], ["W", 17], ["W", 1], ["W", 17], ["W", 33], ["W", 17], ["W", 17], ["W", 18], ["R", 17], ["R", 17], ["R", 16], ["R", 4], ["R", 17], ["R", 1], ["R", 1], ["R", 17], ["R", 33], ["R", 17], ["R", 33], ["R", 33], ["R", 32], ["R", 32], ["R", 32], ["W", 32], ["R", 17], ["W", 32], ["W", 33], ["W", 32], ["W", 17], ["W", 33], ["W", 17], ["R", 17]]}]}, "AdjustmentController.saveAdjustment": {"t": [{"id": 0, "a": [["R", 5], ["R", 5], ["W", 6], ["W", 5], ["W", 5], ["W", 5], ["W", 6], ["R", 5], ["W", 5], ["R", 5], ["W", 5], ["R", 5], ["W", 5], ["R", 5], ["W", 5], ["W", 5], ["W", 5], ["W", 5], ["W", 5], ["W", 6], ["W", 5]]}]}, "AdjustmentsAdminController.resultadjustment": {"t": [{"id": 0, "a": [["R", 5]]}]}, "AdjustmentsAdminController.searchSumAdjustments": {"t": [{"id": 0, "a": [["R", 1]]}]}, "AdjustmentsAdminController.sumAdjustments": {"t": [{"id": 0, "a": [["R", 1], ["R", 1], ["R", 5], ["R", 5], ["R", 5], ["R", 5], ["R", 5], ["R", 1], ["R", 1], ["R", 5], ["R", 5], ["R", 5], ["R", 5], ["R", 5], ["R", 1]]}]}, "BillingAdminController.bill": {"t": [{"id": 0, "a": [["R", 5], ["R", 29], ["R", 27], ["R", 5], ["R", 5], ["R", 5], ["R", 5], ["R", 5], ["R", 29], ["R", 29], ["R", 29], ["R", 29], ["R", 29], ["R", 29], ["R", 29], ["R", 27], ["R", 29], ["R", 27], ["R", 27]]}]}, "DiscountsController.savediscount": {"t": [{"id": 0, "a": [["R", 17], ["R", 16], ["R", 4], ["R", 19], ["R", 19], ["R", 1], ["R", 4], ["W", 4], ["W", 4], ["R", 2], ["R", 3], ["R", 4], ["R", 4], ["R", 4], ["R", 4], ["R", 5], ["R", 5], ["R", 5], ["R", 6], ["R", 6], ["R", 7], ["R", 7], ["R", 7], ["R", 8], ["R", 1], ["R", 7], ["R", 7], ["R", 8], ["R", 8], ["R", 8], ["R", 8], ["R", 9], ["R", 9], ["R", 8], ["R", 8], ["R", 8], ["R", 8], ["R", 8], ["R", 8], ["R", 8], ["R", 1], ["R", 1], ["R", 10], ["R", 10], ["R", 11], ["R", 11], ["R", 6], ["R", 6], ["R", 11], ["R", 11], ["R", 6], ["R", 6], ["R", 5], ["R", 5], ["R", 6], ["R", 6], ["R", 5], ["R", 12], ["R", 12], ["R", 12], ["R", 13], ["R", 13], ["R", 14], ["R", 14], ["R", 6], ["R", 6], ["R", 14], ["R", 15], ["R", 15], ["R", 16], ["R", 16], ["R", 6], ["R", 6], ["R", 16], ["R", 17], ["R", 17], ["R", 18], ["R", 18], ["R", 6], ["R", 6], ["R", 18], ["R", 6], ["R", 19], ["R", 19], ["W", 20], ["R", 21], ["R", 21], ["R", 22], ["R", 22], ["R", 23], ["R", 23], ["R", 6], ["R", 6], ["R", 23], ["R", 6], ["R", 3], ["R", 3], ["W", 3], ["W", 3], ["W", 1], ["R", 2], ["R", 3], ["R", 3], ["W", 3], ["W", 3], ["W", 3]]}]}, "SalePostPonedController.addinstallment": {"t": [{"id": 0, "a": [["R", 6]]}]}, "SalePostPonedController.getsptimeout": {"t": [{"id": 0, "a": [["R", 19], ["R", 19], ["R", 1], ["R", 22]]}]}, "SalePostPonedController.howmanyamount": {"t": [{"id": 0, "a": [["R", 22], ["R", 23], ["R", 23], ["R", 23], ["R", 22], ["R", 22]]}]}, "SalePostPonedController.newSalepostponed": {"t": [{"id": 0, "a": [["R", 27], ["R", 34], ["R", 6]]}]}, "SalePostPonedController.resultsalepostponed": {"t": [{"id": 0, "a": [["R", 19], ["R", 19], ["R", 1], ["R", 22], ["R", 22], ["R", 1], ["R", 1], ["R", 1], ["R", 22], ["R", 35], ["R", 35], ["R", 32]]}]}, "SalePostPonedController.saveinstallment": {"t": [{"id": 0, "a": [["R", 6], ["R", 22], ["R", 23], ["R", 23], ["R", 23], ["R", 22], ["R", 22], ["R", 23], ["W", 23], ["W", 22], ["W", 23], ["W", 23], ["R", 22], ["R", 22], ["R", 23], ["W", 23], ["W", 22], ["W", 23], ["W", 23], ["W", 22], ["W", 22], ["R", 22], ["R", 19], ["R", 19], ["R", 1], ["R", 2], ["R", 3], ["R", 4], ["R", 4], ["R", 4], ["R", 4], ["R", 5], ["R", 5], ["R", 5], ["R", 6], ["R", 6], ["R", 7], ["R", 7], ["R", 7], ["R", 8], ["R", 1], ["R", 7], ["R", 7], ["R", 8], ["R", 8], ["R", 8], ["R", 8], ["R", 9], ["R", 9], ["R", 8], ["R", 8], ["R", 8], ["R", 8], ["R", 8], ["R", 8], ["R", 8], ["R", 1], ["R", 1], ["R", 10], ["R", 10], ["R", 11], ["R", 11], ["R", 6], ["R", 6], ["R", 11], ["R", 11], ["R", 6], ["R", 6], ["R", 5], ["R", 5], ["R", 6], ["R", 6], ["R", 5], ["R", 12], ["R", 12], ["R", 12], ["R", 13], ["R", 13], ["R", 14], ["R", 14], ["R", 6], ["R", 6], ["R", 14], ["R", 15], ["R", 15], ["R", 16], ["R", 16], ["R", 6], ["R", 6], ["R", 16], ["R", 17], ["R", 17], ["R", 18], ["R", 18], ["R", 6], ["R", 6], ["R", 18], ["R", 6], ["R", 19], ["R", 19], ["W", 20], ["R", 21], ["R", 21], ["R", 22], ["R", 22], ["R", 23], ["R", 23], ["R", 6], ["R", 6], ["R", 23], ["R", 6], ["R", 3], ["R", 3], ["W", 3], ["W", 3], ["W", 1], ["R", 2], ["R", 3], ["R", 3], ["W", 3], ["W", 3], ["W", 3], ["R", 6]]}]}, "SalePostPonedController.savesalepostponed": {"t": [{"id": 0, "a": [["R", 32], ["R", 19], ["R", 19], ["R", 1], ["R", 32], ["W", 32], ["W", 1], ["W", 32], ["R", 32], ["R", 32], ["R", 34], ["R", 32], ["R", 27], ["R", 32], ["R", 1], ["R", 32], ["R", 32], ["R", 32], ["R", 22], ["W", 22], ["W", 22], ["W", 22], ["W", 32], ["W", 32], ["R", 32], ["W", 35], ["W", 22], ["W", 35], ["W", 32], ["W", 22], ["R", 6], ["W", 23], ["W", 6], ["W", 23], ["W", 23], ["W", 22], ["W", 23], ["R", 1], ["W", 22], ["W", 1], ["W", 22], ["W", 35], ["W", 22], ["W", 23], ["W", 22], ["W", 22], ["W", 22], ["R", 27], ["R", 34], ["R", 6], ["R", 27], ["R", 34], ["R", 6], ["R", 27], ["R", 34], ["R", 6]]}]}, "PawnsAdminController.commisions": {"t": [{"id": 0, "a": [["R", 1], ["R", 8], ["R", 7], ["R", 7], ["R", 7], ["R", 8], ["R", 1], ["R", 7], ["R", 7], ["R", 8], ["R", 8], ["R", 8], ["R", 8], ["R", 1], ["R", 1], ["R", 7], ["R", 8], ["R", 8], ["R", 8], ["R", 8]]}]}, "PawnsAdminController.outofdate": {"t": [{"id": 0, "a": [["R", 1]]}]}, "PawnsAdminController.quarterpawns": {"t": [{"id": 0, "a": [["R", 8], ["R", 8], ["R", 36], ["R", 8], ["R", 36], ["R", 8], ["R", 36], ["R", 8], ["R", 8], ["R", 36], ["R", 27], ["R", 8], ["R", 8], ["R", 8], ["R", 8], ["R", 36], ["R", 8], ["R", 8], ["R", 8], ["R", 36], ["R", 27]]}]}, "PawnsAdminController.renovations": {"t": [{"id": 0, "a": [["R", 8], ["R", 8], ["R", 7], ["R", 7], ["R", 7], ["R", 7], ["R", 8], ["R", 7], ["R", 8]]}]}, "PawnsAdminController.resultInvestedMoney": {"t": [{"id": 0, "a": [["R", 1], ["R", 8], ["R", 8], ["R", 36], ["R", 8], ["R", 8], ["R", 1], ["R", 8], ["R", 8], ["R", 36], ["R", 1], ["R", 8], ["R", 8], ["R", 36], ["R", 8], ["R", 8], ["R", 1], ["R", 8], ["R", 8], ["R", 36]]}]}, "PawnsAdminController.resultPawns": {"t": [{"id": 0, "a": [["R", 1], ["R", 1], ["R", 8]]}]}, "PawnsAdminController.resultRenovationsPawns": {"t": [{"id": 0, "a": [["R", 1], ["R", 1], ["R", 8]]}]}, "PawnsAdminController.resultrenovations": {"t": [{"id": 0, "a": [["R", 8], ["R", 8], ["R", 7], ["R", 7], ["R", 7], ["R", 7], ["R", 8], ["R", 7], ["R", 8]]}]}, "PawnsAdminController.savePawn": {"t": [{"id": 0, "a": [["R", 27], ["R", 25], ["R", 28], ["R", 1], ["R", 8], ["R", 8], ["R", 36], ["R", 36], ["R", 27], ["R", 27], ["R", 36], ["R", 27], ["R", 27], ["R", 36], ["W", 36], ["R", 36], ["W", 36], ["W", 36], ["W", 8], ["R", 24], ["W", 24], ["W", 24], ["W", 8], ["W", 8], ["W", 36], ["W", 8], ["W", 8], ["W", 8]]}]}, "PawnsAdminController.searchCommissions": {"t": [{"id": 0, "a": [["R", 1]]}]}, "PawnsAdminController.searchInvestedMoney": {"t": [{"id": 0, "a": [["R", 1]]}]}, "PawnsAdminController.searchPawn": {"t": [{"id": 0, "a": [["R", 8], ["R", 8], ["R", 24], ["R", 25], ["R", 28], ["R", 27]]}]}, "PawnsAdminController.searchPawns": {"t": [{"id": 0, "a": [["R", 1]]}]}, "PawnsAdminController.searchPawnsoutofdate": {"t": [{"id": 0, "a": [["R", 8], ["R", 8], ["R", 36], ["R", 8], ["R", 8], ["R", 1], ["R", 8], ["R", 8], ["R", 36], ["R", 1], ["R", 8], ["R", 7], ["R", 7], ["R", 7], ["R", 8], ["R", 7], ["R", 8]]}]}, "PawnsAdminController.searchrenovations": {"t": [{"id": 0, "a": [["R", 1]]}]}, "PawnsAdminController.updatePawn": {"t": [{"id": 0, "a": [["R", 8], ["R", 8], ["R", 24], ["R", 27], ["R", 25], ["R", 28]]}]}, "EmployeeController.admin": {"t": [{"id": 0, "a": [["R", 19], ["R", 19], ["R", 1], ["R", 2], ["R", 20], ["R", 37], ["W", 37], ["W", 20], ["W", 37], ["W", 37], ["R", 37], ["W", 37], ["W", 37], ["R", 37], ["W", 37], ["W", 37], ["R", 37], ["W", 37], ["W", 37], ["R", 37], ["W", 37], ["W", 37], ["W", 20], ["R", 38]]}]}, "FileUploadController.handleFileUpload": {"t": [{"id": 0, "a": [["R", 32], ["W", 32], ["W", 32], ["R", 32], ["W", 32], ["R", 32], ["R", 29], ["R", 32], ["R", 29], ["R", 29], ["W", 32], ["W", 29], ["W", 32]]}]}, "RentalController.saveLocalRental": {"t": [{"id": 0, "a": [["R", 19], ["R", 19], ["R", 1], ["R", 1], ["R", 12], ["R", 19], ["R", 19], ["R", 1], ["R", 1], ["W", 12], ["W", 12], ["W", 12], ["W", 1], ["W", 12], ["R", 2], ["R", 3], ["R", 4], ["R", 4], ["R", 4], ["R", 4], ["R", 5], ["R", 5], ["R", 5], ["R", 6], ["R", 6], ["R", 7], ["R", 7], ["R", 7], ["R", 8], ["R", 1], ["R", 7], ["R", 7], ["R", 8], ["R", 8], ["R", 8], ["R", 8], ["R", 9], ["R", 9], ["R", 8], ["R", 8], ["R", 8], ["R", 8], ["R", 8], ["R", 8], ["R", 8], ["R", 1], ["R", 1], ["R", 10], ["R", 10], ["R", 11], ["R", 11], ["R", 6], ["R", 6], ["R", 11], ["R", 11], ["R", 6], ["R", 6], ["R", 5], ["R", 5], ["R", 6], ["R", 6], ["R", 5], ["R", 12], ["R", 12], ["R", 12], ["R", 13], ["R", 13], ["R", 14], ["R", 14], ["R", 6], ["R", 6], ["R", 14], ["R", 15], ["R", 15], ["R", 16], ["R", 16], ["R", 6], ["R", 6], ["R", 16], ["R", 17], ["R", 17], ["R", 18], ["R", 18], ["R", 6], ["R", 6], ["R", 18], ["R", 6], ["R", 19], ["R", 19], ["W", 20], ["R", 21], ["R", 21], ["R", 22], ["R", 22], ["R", 23], ["R", 23], ["R", 6], ["R", 6], ["R", 23], ["R", 6], ["R", 3], ["R", 3], ["W", 3], ["W", 3], ["W", 1], ["R", 2], ["R", 3], ["R", 3], ["W", 3], ["W", 3], ["W", 3]]}]}, "OthersConceptsController.saveconcept": {"t": [{"id": 0, "a": [["R", 9], ["R", 19], ["R", 19], ["R", 1], ["R", 9], ["R", 9], ["W", 9], ["W", 1], ["W", 9], ["W", 9], ["R", 2], ["R", 3], ["R", 4], ["R", 4], ["R", 4], ["R", 4], ["R", 5], ["R", 5], ["R", 5], ["R", 6], ["R", 6], ["R", 7], ["R", 7], ["R", 7], ["R", 8], ["R", 1], ["R", 7], ["R", 7], ["R", 8], ["R", 8], ["R", 8], ["R", 8], ["R", 9], ["R", 9], ["R", 8], ["R", 8], ["R", 8], ["R", 8], ["R", 8], ["R", 8], ["R", 8], ["R", 1], ["R", 1], ["R", 10], ["R", 10], ["R", 11], ["R", 11], ["R", 6], ["R", 6], ["R", 11], ["R", 11], ["R", 6], ["R", 6], ["R", 5], ["R", 5], ["R", 6], ["R", 6], ["R", 5], ["R", 12], ["R", 12], ["R", 12], ["R", 13], ["R", 13], ["R", 14], ["R", 14], ["R", 6], ["R", 6], ["R", 14], ["R", 15], ["R", 15], ["R", 16], ["R", 16], ["R", 6], ["R", 6], ["R", 16], ["R", 17], ["R", 17], ["R", 18], ["R", 18], ["R", 6], ["R", 6], ["R", 18], ["R", 6], ["R", 19], ["R", 19], ["W", 20], ["R", 21], ["R", 21], ["R", 22], ["R", 22], ["R", 23], ["R", 23], ["R", 6], ["R", 6], ["R", 23], ["R", 6], ["R", 3], ["R", 3], ["W", 3], ["W", 3], ["W", 1], ["R", 2], ["R", 3], ["R", 3], ["W", 3], ["W", 3], ["W", 3]]}]}, "EntryMoneyAdminController.resultEntries": {"t": [{"id": 0, "a": [["R", 15]]}]}, "SalePostPonedAdminController.salepostponed": {"t": [{"id": 0, "a": [["R", 22], ["R", 22], ["R", 22]]}]}, "SalePostPonedAdminController.searchExpired": {"t": [{"id": 0, "a": [["R", 22]]}]}, "SalePostPonedAdminController.showsale": {"t": [{"id": 0, "a": [["R", 22], ["R", 22], ["R", 35], ["R", 35], ["R", 32]]}]}, "SalePostPonedAdminController.timeout": {"t": [{"id": 0, "a": [["R", 22], ["W", 22], ["W", 22], ["R", 22], ["R", 22], ["R", 35], ["R", 35], ["R", 32]]}]}, "DailyController.againday": {"t": [{"id": 0, "a": [["R", 19], ["R", 19], ["R", 1], ["R", 2], ["R", 3], ["R", 4], ["R", 4], ["R", 4], ["R", 4], ["R", 5], ["R", 5], ["R", 5], ["R", 6], ["R", 6], ["R", 7], ["R", 7], ["R", 7], ["R", 8], ["R", 1], ["R", 7], ["R", 7], ["R", 8], ["R", 8], ["R", 8], ["R", 8], ["R", 9], ["R", 9], ["R", 8], ["R", 8], ["R", 8], ["R", 8], ["R", 8], ["R", 8], ["R", 8], ["R", 1], ["R", 1], ["R", 10], ["R", 10], ["R", 11], ["R", 11], ["R", 6], ["R", 6], ["R", 11], ["R", 11], ["R", 6], ["R", 6], ["R", 5], ["R", 5], ["R", 6], ["R", 6], ["R", 5], ["R", 12], ["R", 12], ["R", 12], ["R", 13], ["R", 13], ["R", 14], ["R", 14], ["R", 6], ["R", 6], ["R", 14], ["R", 15], ["R", 15], ["R", 16], ["R", 16], ["R", 6], ["R", 6], ["R", 16], ["R", 17], ["R", 17], ["R", 18], ["R", 18], ["R", 6], ["R", 6], ["R", 18], ["R", 6], ["R", 19], ["R", 19], ["W", 20], ["R", 21], ["R", 21], ["R", 22], ["R", 22], ["R", 23], ["R", 23], ["R", 6], ["R", 6], ["R", 23], ["R", 6], ["R", 3], ["R", 3], ["W", 3], ["W", 3], ["W", 1], ["R", 2], ["R", 3], ["R", 3], ["W", 3], ["W", 3], ["W", 3]]}]}, "DailyController.beforeday": {"t": [{"id": 0, "a": [["R", 19], ["R", 19], ["R", 1], ["R", 2], ["R", 3], ["R", 4], ["R", 4], ["R", 4], ["R", 4], ["R", 5], ["R", 5], ["R", 5], ["R", 6], ["R", 6], ["R", 7], ["R", 7], ["R", 7], ["R", 8], ["R", 1], ["R", 7], ["R", 7], ["R", 8], ["R", 8], ["R", 8], ["R", 8], ["R", 9], ["R", 9], ["R", 8], ["R", 8], ["R", 8], ["R", 8], ["R", 8], ["R", 8], ["R", 8], ["R", 1], ["R", 1], ["R", 10], ["R", 10], ["R", 11], ["R", 11], ["R", 6], ["R", 6], ["R", 11], ["R", 11], ["R", 6], ["R", 6], ["R", 5], ["R", 5], ["R", 6], ["R", 6], ["R", 5], ["R", 12], ["R", 12], ["R", 12], ["R", 13], ["R", 13], ["R", 14], ["R", 14], ["R", 6], ["R", 6], ["R", 14], ["R", 15], ["R", 15], ["R", 16], ["R", 16], ["R", 6], ["R", 6], ["R", 16], ["R", 17], ["R", 17], ["R", 18], ["R", 18], ["R", 6], ["R", 6], ["R", 18], ["R", 6], ["R", 19], ["R", 19], ["W", 20], ["R", 21], ["R", 21], ["R", 22], ["R", 22], ["R", 23], ["R", 23], ["R", 6], ["R", 6], ["R", 23], ["R", 6], ["R", 3], ["R", 3], ["W", 3], ["W", 3], ["W", 1], ["R", 2], ["R", 3], ["R", 3], ["W", 3], ["W", 3], ["W", 3]]}]}, "DailyController.daily": {"t": [{"id": 0, "a": [["R", 19], ["R", 19], ["R", 1], ["R", 2], ["R", 3], ["R", 4], ["R", 4], ["R", 4], ["R", 4], ["R", 5], ["R", 5], ["R", 5], ["R", 6], ["R", 6], ["R", 7], ["R", 7], ["R", 7], ["R", 8], ["R", 1], ["R", 7], ["R", 7], ["R", 8], ["R", 8], ["R", 8], ["R", 8], ["R", 9], ["R", 9], ["R", 8], ["R", 8], ["R", 8], ["R", 8], ["R", 8], ["R", 8], ["R", 8], ["R", 1], ["R", 1], ["R", 10], ["R", 10], ["R", 11], ["R", 11], ["R", 6], ["R", 6], ["R", 11], ["R", 11], ["R", 6], ["R", 6], ["R", 5], ["R", 5], ["R", 6], ["R", 6], ["R", 5], ["R", 12], ["R", 12], ["R", 12], ["R", 13], ["R", 13], ["R", 14], ["R", 14], ["R", 6], ["R", 6], ["R", 14], ["R", 15], ["R", 15], ["R", 16], ["R", 16], ["R", 6], ["R", 6], ["R", 16], ["R", 17], ["R", 17], ["R", 18], ["R", 18], ["R", 6], ["R", 6], ["R", 18], ["R", 6], ["R", 19], ["R", 19], ["W", 20], ["R", 21], ["R", 21], ["R", 22], ["R", 22], ["R", 23], ["R", 23], ["R", 6], ["R", 6], ["R", 23], ["R", 6], ["R", 3], ["R", 3], ["W", 3], ["W", 3], ["W", 1], ["R", 2], ["R", 3], ["R", 3], ["W", 3], ["W", 3], ["W", 3]]}]}, "DailyController.resultdaily": {"t": [{"id": 0, "a": [["R", 19], ["R", 19], ["R", 1], ["R", 2], ["R", 3], ["R", 4], ["R", 4], ["R", 4], ["R", 4], ["R", 5], ["R", 5], ["R", 5], ["R", 6], ["R", 6], ["R", 7], ["R", 7], ["R", 7], ["R", 8], ["R", 1], ["R", 7], ["R", 7], ["R", 8], ["R", 8], ["R", 8], ["R", 8], ["R", 9], ["R", 9], ["R", 8], ["R", 8], ["R", 8], ["R", 8], ["R", 8], ["R", 8], ["R", 8], ["R", 1], ["R", 1], ["R", 10], ["R", 10], ["R", 11], ["R", 11], ["R", 6], ["R", 6], ["R", 11], ["R", 11], ["R", 6], ["R", 6], ["R", 5], ["R", 5], ["R", 6], ["R", 6], ["R", 5], ["R", 12], ["R", 12], ["R", 12], ["R", 13], ["R", 13], ["R", 14], ["R", 14], ["R", 6], ["R", 6], ["R", 14], ["R", 15], ["R", 15], ["R", 16], ["R", 16], ["R", 6], ["R", 6], ["R", 16], ["R", 17], ["R", 17], ["R", 18], ["R", 18], ["R", 6], ["R", 6], ["R", 18], ["R", 6], ["R", 19], ["R", 19], ["W", 20], ["R", 21], ["R", 21], ["R", 22], ["R", 22], ["R", 23], ["R", 23], ["R", 6], ["R", 6], ["R", 23], ["R", 6], ["R", 3], ["R", 3], ["W", 3], ["W", 3], ["W", 1], ["R", 2], ["R", 3], ["R", 3], ["W", 3], ["W", 3], ["W", 3]]}]}, "PaymentsController.allpayments": {"t": [{"id": 0, "a": [["R", 6]]}]}, "PaymentsController.savePayment": {"t": [{"id": 0, "a": [["R", 6], ["W", 6]]}]}, "PayrollController.newPayroll": {"t": [{"id": 0, "a": [["R", 39]]}]}, "PayrollController.savePayroll": {"t": [{"id": 0, "a": [["R", 21], ["W", 20], ["W", 21], ["W", 21], ["W", 21], ["W", 20], ["R", 21], ["R", 21], ["R", 21], ["R", 20], ["R", 21], ["R", 39], ["R", 21], ["R", 21], ["R", 20], ["R", 20], ["R", 19], ["W", 21], ["W", 21], ["R", 19], ["R", 1], ["R", 2], ["R", 3], ["R", 4], ["R", 4], ["R", 4], ["R", 4], ["R", 5], ["R", 5], ["R", 5], ["R", 6], ["R", 6], ["R", 7], ["R", 7], ["R", 7], ["R", 8], ["R", 1], ["R", 7], ["R", 7], ["R", 8], ["R", 8], ["R", 8], ["R", 8], ["R", 9], ["R", 9], ["R", 8], ["R", 8], ["R", 8], ["R", 8], ["R", 8], ["R", 8], ["R", 8], ["R", 1], ["R", 1], ["R", 10], ["R", 10], ["R", 11], ["R", 11], ["R", 6], ["R", 6], ["R", 11], ["R", 11], ["R", 6], ["R", 6], ["R", 5], ["R", 5], ["R", 6], ["R", 6], ["R", 5], ["R", 12], ["R", 12], ["R", 12], ["R", 13], ["R", 13], ["R", 14], ["R", 14], ["R", 6], ["R", 6], ["R", 14], ["R", 15], ["R", 15], ["R", 16], ["R", 16], ["R", 6], ["R", 6], ["R", 16], ["R", 17], ["R", 17], ["R", 18], ["R", 18], ["R", 6], ["R", 6], ["R", 18], ["R", 6], ["R", 19], ["R", 19], ["W", 20], ["R", 21], ["R", 21], ["R", 22], ["R", 22], ["R", 23], ["R", 23], ["R", 6], ["R", 6], ["R", 23], ["R", 6], ["R", 3], ["R", 3], ["W", 3], ["W", 3], ["W", 1], ["R", 2], ["R", 3], ["R", 3], ["W", 3], ["W", 3], ["W", 3]]}]}, "HomeController.addProduct": {"t": [{"id": 0, "a": [["R", 32]]}]}, "HomeController.cart": {"t": [{"id": 0, "a": [["R", 34]]}]}, "HomeController.contact": {"t": [{"id": 0, "a": [["R", 34]]}]}, "HomeController.faqs": {"t": [{"id": 0, "a": [["R", 34]]}]}, "HomeController.home": {"t": [{"id": 0, "a": [["R", 34], ["R", 32]]}]}, "HomeController.page": {"t": [{"id": 0, "a": [["R", 34], ["R", 32], ["R", 32]]}]}, "HomeController.search": {"t": [{"id": 0, "a": [["R", 32], ["R", 32], ["R", 32], ["R", 32], ["R", 34], ["R", 32], ["R", 34], ["R", 32], ["R", 32], ["R", 34]]}]}, "HomeController.searchByKeyWord": {"t": [{"id": 0, "a": [["R", 34], ["R", 34], ["R", 32], ["R", 34], ["R", 32]]}]}, "HomeController.selectedJewelEntity": {"t": [{"id": 0, "a": [["R", 32], ["R", 34]]}]}, "HomeController.sendMessage": {"t": [{"id": 0, "a": [["R", 34]]}]}, "HomeController.shop": {"t": [{"id": 0, "a": [["R", 34], ["W", 1], ["R", 32]]}]}, "HomeController.terms": {"t": [{"id": 0, "a": [["R", 34]]}]}, "IncidentsAdminController.allincidents": {"t": [{"id": 0, "a": [["R", 40], ["R", 40], ["R", 40], ["R", 20], ["R", 20]]}]}, "IncidentsAdminController.pendingissues": {"t": [{"id": 0, "a": [["R", 40], ["R", 40], ["R", 40], ["R", 20], ["R", 20]]}]}, "IncidentsAdminController.resolvedIncident": {"t": [{"id": 0, "a": [["R", 40], ["W", 40], ["W", 40], ["W", 40], ["R", 40], ["R", 40], ["R", 40], ["R", 20], ["R", 20]]}]}, "IncidentsAdminController.searchIncident": {"t": [{"id": 0, "a": [["R", 40]]}]}, "IncidentsController.pendingissues": {"t": [{"id": 0, "a": [["W", 20], ["R", 40], ["R", 40], ["R", 40], ["R", 20], ["R", 20]]}]}, "IncidentsController.resultSearchIncidents": {"t": [{"id": 0, "a": [["W", 20], ["R", 40], ["R", 40], ["R", 40], ["R", 20], ["R", 20]]}]}, "IncidentsController.saveIncident": {"t": [{"id": 0, "a": [["R", 40], ["W", 40], ["W", 40], ["R", 40], ["R", 40]]}]}, "OtherSaleController.newrecording": {"t": [{"id": 0, "a": [["R", 6], ["R", 41]]}]}, "OtherSaleController.saveRecording": {"t": [{"id": 0, "a": [["R", 6], ["R", 41], ["R", 17], ["R", 16], ["R", 4], ["R", 6], ["R", 41], ["R", 19], ["R", 19], ["R", 1], ["R", 16], ["W", 16], ["W", 16], ["R", 2], ["R", 3], ["R", 4], ["R", 4], ["R", 4], ["R", 4], ["R", 5], ["R", 5], ["R", 5], ["R", 6], ["R", 6], ["R", 7], ["R", 7], ["R", 7], ["R", 8], ["R", 1], ["R", 7], ["R", 7], ["R", 8], ["R", 8], ["R", 8], ["R", 8], ["R", 9], ["R", 9], ["R", 8], ["R", 8], ["R", 8], ["R", 8], ["R", 8], ["R", 8], ["R", 8], ["R", 1], ["R", 1], ["R", 10], ["R", 10], ["R", 11], ["R", 11], ["R", 6], ["R", 6], ["R", 11], ["R", 11], ["R", 6], ["R", 6], ["R", 5], ["R", 5], ["R", 6], ["R", 6], ["R", 5], ["R", 12], ["R", 12], ["R", 12], ["R", 13], ["R", 13], ["R", 14], ["R", 14], ["R", 6], ["R", 6], ["R", 14], ["R", 15], ["R", 15], ["R", 16], ["R", 16], ["R", 6], ["R", 6], ["R", 16], ["R", 17], ["R", 17], ["R", 18], ["R", 18], ["R", 6], ["R", 6], ["R", 18], ["R", 6], ["R", 19], ["R", 19], ["W", 20], ["R", 21], ["R", 21], ["R", 22], ["R", 22], ["R", 23], ["R", 23], ["R", 6], ["R", 6], ["R", 23], ["R", 6], ["R", 3], ["R", 3], ["W", 3], ["W", 3], ["W", 1], ["R", 2], ["R", 3], ["R", 3], ["W", 3], ["W", 3], ["W", 3]]}]}, "ShoppingsController.newShopping": {"t": [{"id": 0, "a": [["R", 27], ["W", 26], ["W", 27]]}]}, "ShoppingsController.saveShopping": {"t": [{"id": 0, "a": [["R", 26], ["R", 26], ["R", 26], ["R", 26], ["R", 26], ["R", 27], ["R", 27], ["R", 27], ["W", 26], ["W", 27], ["R", 19], ["R", 19], ["R", 1], ["R", 10], ["R", 26], ["R", 27], ["R", 27], ["R", 27], ["W", 26], ["W", 27], ["R", 10], ["R", 24], ["R", 24], ["W", 24], ["W", 24], ["W", 10], ["W", 24], ["R", 19], ["R", 19], ["R", 1], ["R", 10], ["R", 26], ["R", 26], ["W", 26], ["W", 10], ["W", 6], ["W", 11], ["W", 6], ["W", 11], ["W", 11], ["W", 10], ["W", 6], ["W", 11], ["W", 6], ["W", 11], ["W", 11], ["W", 10], ["R", 10], ["W", 10], ["W", 10], ["W", 1], ["W", 10], ["W", 11], ["W", 10], ["W", 26], ["W", 10], ["W", 10], ["W", 10], ["R", 2], ["R", 3], ["R", 4], ["R", 4], ["R", 4], ["R", 4], ["R", 5], ["R", 5], ["R", 5], ["R", 6], ["R", 6], ["R", 7], ["R", 7], ["R", 7], ["R", 8], ["R", 1], ["R", 7], ["R", 7], ["R", 8], ["R", 8], ["R", 8], ["R", 8], ["R", 9], ["R", 9], ["R", 8], ["R", 8], ["R", 8], ["R", 8], ["R", 8], ["R", 8], ["R", 8], ["R", 1], ["R", 1], ["R", 10], ["R", 10], ["R", 11], ["R", 11], ["R", 6], ["R", 6], ["R", 11], ["R", 11], ["R", 6], ["R", 6], ["R", 5], ["R", 5], ["R", 6], ["R", 6], ["R", 5], ["R", 12], ["R", 12], ["R", 12], ["R", 13], ["R", 13], ["R", 14], ["R", 14], ["R", 6], ["R", 6], ["R", 14], ["R", 15], ["R", 15], ["R", 16], ["R", 16], ["R", 6], ["R", 6], ["R", 16], ["R", 17], ["R", 17], ["R", 18], ["R", 18], ["R", 6], ["R", 6], ["R", 18], ["R", 6], ["R", 19], ["R", 19], ["W", 20], ["R", 21], ["R", 21], ["R", 22], ["R", 22], ["R", 23], ["R", 23], ["R", 6], ["R", 6], ["R", 23], ["R", 6], ["R", 3], ["R", 3], ["W", 3], ["W", 3], ["W", 1], ["R", 2], ["R", 3], ["R", 3], ["W", 3], ["W", 3], ["W", 3]]}]}, "SaleAdminController.newSale": {"t": [{"id": 0, "a": [["R", 27], ["R", 34], ["R", 6], ["R", 1]]}]}, "SaleAdminController.resultNumMissing": {"t": [{"id": 0, "a": [["R", 17], ["R", 16], ["R", 4]]}]}, "SaleAdminController.resultSalesCard": {"t": [{"id": 0, "a": [["W", 6], ["R", 17], ["R", 17], ["R", 18], ["R", 17], ["R", 17], ["R", 17], ["R", 17], ["R", 18], ["R", 6], ["R", 17], ["R", 33], ["R", 33], ["R", 32], ["R", 5], ["R", 5], ["R", 16], ["R", 16], ["R", 22], ["R", 22], ["R", 23], ["R", 22], ["R", 22], ["R", 23], ["R", 22], ["R", 23], ["R", 22], ["R", 23], ["R", 6], ["R", 22]]}]}, "SaleAdminController.resultsales": {"t": [{"id": 0, "a": [["R", 1], ["R", 1], ["R", 17], ["R", 22], ["R", 16], ["R", 22], ["R", 22], ["R", 22], ["R", 22], ["R", 22], ["R", 1], ["R", 16], ["R", 16], ["R", 16], ["R", 16], ["R", 16], ["R", 1], ["R", 17], ["R", 13], ["R", 17], ["R", 33], ["R", 33], ["R", 32], ["R", 32], ["R", 17], ["R", 17], ["R", 33], ["R", 33], ["R", 32], ["R", 32]]}]}, "SaleAdminController.sale": {"t": [{"id": 0, "a": [["R", 32], ["R", 32], ["W", 32], ["W", 1], ["W", 32], ["R", 32], ["R", 32], ["R", 34], ["R", 32], ["R", 27], ["R", 32], ["R", 1], ["R", 32], ["R", 32], ["R", 32], ["R", 32], ["W", 32], ["W", 1], ["W", 32], ["R", 32], ["R", 32], ["R", 34], ["R", 32], ["R", 27], ["R", 32], ["R", 1], ["R", 32], ["R", 32], ["R", 32], ["R", 1], ["W", 1], ["R", 17], ["R", 17], ["R", 33], ["R", 33], ["R", 32], ["R", 32], ["W", 17], ["R", 30], ["W", 30], ["W", 17], ["W", 30], ["W", 17], ["W", 17], ["W", 32], ["R", 32], ["W", 33], ["W", 17], ["W", 33], ["W", 32], ["W", 31], ["W", 17], ["W", 31], ["W", 31], ["W", 17], ["W", 31], ["R", 4], ["R", 4], ["W", 4], ["W", 4], ["W", 4], ["W", 17], ["W", 17], ["R", 6], ["W", 18], ["W", 6], ["W", 18], ["W", 17], ["W", 6], ["W", 18], ["W", 6], ["W", 18], ["W", 17], ["W", 18], ["R", 17], ["W", 18], ["R", 17], ["W", 18], ["R", 1], ["W", 17], ["W", 1], ["W", 17], ["W", 33], ["W", 17], ["W", 17], ["W", 18], ["R", 17], ["R", 17], ["R", 16], ["R", 4], ["R", 17], ["R", 1], ["R", 1], ["R", 17], ["R", 33], ["R", 17], ["R", 33], ["R", 33], ["R", 32], ["R", 32], ["R", 32], ["W", 32], ["R", 17], ["W", 32], ["W", 33], ["W", 32], ["W", 17], ["W", 33], ["W", 17], ["R", 17], ["R", 27], ["R", 34], ["R", 6], ["R", 1], ["R", 27], ["R", 34], ["R", 6], ["R", 1], ["R", 27], ["R", 34], ["R", 6], ["R", 1]]}]}, "SaleAdminController.searchsales": {"t": [{"id": 0, "a": [["R", 1]]}]}, "SaleAdminController.showsale": {"t": [{"id": 0, "a": [["R", 17], ["R", 17], ["R", 33], ["R", 33], ["R", 32], ["R", 32], ["R", 17], ["R", 18], ["R", 18], ["R", 6], ["R", 18]]}]}, "PawnsController.newPawn": {"t": [{"id": 0, "a": [["R", 24], ["R", 27], ["W", 36], ["W", 27], ["R", 28], ["R", 25]]}]}, "PawnsController.newreturnpawn": {"t": [{"id": 0, "a": [["R", 8], ["R", 8], ["R", 24], ["R", 25], ["R", 28], ["R", 27]]}]}, "PawnsController.remove": {"t": [{"id": 0, "a": [["R", 8], ["R", 8], ["R", 1], ["R", 1], ["W", 8], ["W", 8], ["W", 8], ["R", 8], ["R", 8], ["R", 8], ["R", 8], ["R", 8], ["R", 8], ["R", 8], ["R", 8], ["R", 8], ["R", 8], ["R", 8], ["R", 7], ["R", 8], ["R", 8], ["R", 2], ["R", 3], ["R", 4], ["R", 4], ["R", 4], ["R", 4], ["R", 5], ["R", 5], ["R", 5], ["R", 6], ["R", 6], ["R", 7], ["R", 7], ["R", 7], ["R", 8], ["R", 1], ["R", 7], ["R", 7], ["R", 8], ["R", 8], ["R", 8], ["R", 8], ["R", 9], ["R", 9], ["R", 8], ["R", 8], ["R", 8], ["R", 8], ["R", 8], ["R", 8], ["R", 8], ["R", 1], ["R", 1], ["R", 10], ["R", 10], ["R", 11], ["R", 11], ["R", 6], ["R", 6], ["R", 11], ["R", 11], ["R", 6], ["R", 6], ["R", 5], ["R", 5], ["R", 6], ["R", 6], ["R", 5], ["R", 12], ["R", 12], ["R", 12], ["R", 13], ["R", 13], ["R", 14], ["R", 14], ["R", 6], ["R", 6], ["R", 14], ["R", 15], ["R", 15], ["R", 16], ["R", 16], ["R", 6], ["R", 6], ["R", 16], ["R", 17], ["R", 17], ["R", 18], ["R", 18], ["R", 6], ["R", 6], ["R", 18], ["R", 6], ["R", 19], ["R", 19], ["W", 20], ["R", 21], ["R", 21], ["R", 22], ["R", 22], ["R", 23], ["R", 23], ["R", 6], ["R", 6], ["R", 23], ["R", 6], ["R", 3], ["R", 3], ["W", 3], ["W", 3], ["W", 1], ["R", 2], ["R", 3], ["R", 3], ["W", 3], ["W", 3], ["W", 3]]}]}, "PawnsController.renew": {"t": [{"id": 0, "a": [["R", 8], ["R", 8], ["R", 7], ["R", 7], ["R", 7], ["R", 8], ["W", 7], ["W", 8], ["W", 7], ["W", 7], ["W", 7], ["R", 19], ["R", 19], ["R", 1], ["R", 2], ["R", 3], ["R", 4], ["R", 4], ["R", 4], ["R", 4], ["R", 5], ["R", 5], ["R", 5], ["R", 6], ["R", 6], ["R", 7], ["R", 7], ["R", 7], ["R", 8], ["R", 1], ["R", 7], ["R", 7], ["R", 8], ["R", 8], ["R", 8], ["R", 8], ["R", 9], ["R", 9], ["R", 8], ["R", 8], ["R", 8], ["R", 8], ["R", 8], ["R", 8], ["R", 8], ["R", 1], ["R", 1], ["R", 10], ["R", 10], ["R", 11], ["R", 11], ["R", 6], ["R", 6], ["R", 11], ["R", 11], ["R", 6], ["R", 6], ["R", 5], ["R", 5], ["R", 6], ["R", 6], ["R", 5], ["R", 12], ["R", 12], ["R", 12], ["R", 13], ["R", 13], ["R", 14], ["R", 14], ["R", 6], ["R", 6], ["R", 14], ["R", 15], ["R", 15], ["R", 16], ["R", 16], ["R", 6], ["R", 6], ["R", 16], ["R", 17], ["R", 17], ["R", 18], ["R", 18], ["R", 6], ["R", 6], ["R", 18], ["R", 6], ["R", 19], ["R", 19], ["W", 20], ["R", 21], ["R", 21], ["R", 22], ["R", 22], ["R", 23], ["R", 23], ["R", 6], ["R", 6], ["R", 23], ["R", 6], ["R", 3], ["R", 3], ["W", 3], ["W", 3], ["W", 1], ["R", 2], ["R", 3], ["R", 3], ["W", 3], ["W", 3], ["W", 3]]}]}, "PawnsController.resultRenovationsPawns": {"t": [{"id": 0, "a": [["R", 19], ["R", 19], ["R", 1], ["R", 1], ["R", 8]]}]}, "PawnsController.resultSearchPawn": {"t": [{"id": 0, "a": [["R", 8]]}]}, "PawnsController.resultrenovations": {"t": [{"id": 0, "a": [["R", 8], ["R", 8], ["R", 7], ["R", 7], ["R", 7], ["R", 7], ["R", 8], ["R", 7], ["R", 8]]}]}, "PawnsController.savePawn": {"t": [{"id": 0, "a": [["R", 36], ["R", 36], ["R", 36], ["R", 36], ["R", 36], ["R", 36], ["R", 27], ["W", 36], ["W", 27], ["R", 28], ["R", 25], ["R", 8], ["R", 24], ["R", 19], ["R", 19], ["R", 1], ["W", 8], ["R", 8], ["R", 8], ["R", 36], ["R", 24], ["W", 24], ["W", 24], ["W", 8], ["W", 1], ["W", 8], ["W", 24], ["W", 8], ["W", 8], ["R", 36], ["W", 36], ["W", 8], ["W", 8], ["W", 36], ["W", 8], ["R", 8], ["R", 2], ["R", 3], ["R", 4], ["R", 4], ["R", 4], ["R", 4], ["R", 5], ["R", 5], ["R", 5], ["R", 6], ["R", 6], ["R", 7], ["R", 7], ["R", 7], ["R", 8], ["R", 1], ["R", 7], ["R", 7], ["R", 8], ["R", 8], ["R", 8], ["R", 8], ["R", 9], ["R", 9], ["R", 8], ["R", 8], ["R", 8], ["R", 8], ["R", 8], ["R", 8], ["R", 8], ["R", 1], ["R", 1], ["R", 10], ["R", 10], ["R", 11], ["R", 11], ["R", 6], ["R", 6], ["R", 11], ["R", 11], ["R", 6], ["R", 6], ["R", 5], ["R", 5], ["R", 6], ["R", 6], ["R", 5], ["R", 12], ["R", 12], ["R", 12], ["R", 13], ["R", 13], ["R", 14], ["R", 14], ["R", 6], ["R", 6], ["R", 14], ["R", 15], ["R", 15], ["R", 16], ["R", 16], ["R", 6], ["R", 6], ["R", 16], ["R", 17], ["R", 17], ["R", 18], ["R", 18], ["R", 6], ["R", 6], ["R", 18], ["R", 6], ["R", 19], ["R", 19], ["W", 20], ["R", 21], ["R", 21], ["R", 22], ["R", 22], ["R", 23], ["R", 23], ["R", 6], ["R", 6], ["R", 23], ["R", 6], ["R", 3], ["R", 3], ["W", 3], ["W", 3], ["W", 1], ["R", 2], ["R", 3], ["R", 3], ["W", 3], ["W", 3], ["W", 3]]}]}, "PawnsController.savereturnPawn": {"t": [{"id": 0, "a": [["R", 36], ["R", 36], ["R", 36], ["R", 36], ["R", 36], ["R", 36], ["R", 27], ["W", 36], ["W", 27], ["R", 28], ["R", 25], ["R", 8], ["R", 8], ["R", 19], ["R", 19], ["R", 1], ["R", 8], ["W", 8], ["W", 8], ["R", 8], ["W", 8], ["R", 8], ["W", 8], ["W", 8], ["W", 8], ["W", 8], ["W", 7], ["W", 8], ["W", 8], ["W", 36], ["W", 8], ["W", 8], ["W", 8], ["R", 8], ["R", 8], ["R", 36], ["W", 8], ["R", 36], ["W", 36], ["W", 8], ["W", 8], ["W", 36], ["W", 8], ["R", 2], ["R", 3], ["R", 4], ["R", 4], ["R", 4], ["R", 4], ["R", 5], ["R", 5], ["R", 5], ["R", 6], ["R", 6], ["R", 7], ["R", 7], ["R", 7], ["R", 8], ["R", 1], ["R", 7], ["R", 7], ["R", 8], ["R", 8], ["R", 8], ["R", 8], ["R", 9], ["R", 9], ["R", 8], ["R", 8], ["R", 8], ["R", 8], ["R", 8], ["R", 8], ["R", 8], ["R", 1], ["R", 1], ["R", 10], ["R", 10], ["R", 11], ["R", 11], ["R", 6], ["R", 6], ["R", 11], ["R", 11], ["R", 6], ["R", 6], ["R", 5], ["R", 5], ["R", 6], ["R", 6], ["R", 5], ["R", 12], ["R", 12], ["R", 12], ["R", 13], ["R", 13], ["R", 14], ["R", 14], ["R", 6], ["R", 6], ["R", 14], ["R", 15], ["R", 15], ["R", 16], ["R", 16], ["R", 6], ["R", 6], ["R", 16], ["R", 17], ["R", 17], ["R", 18], ["R", 18], ["R", 6], ["R", 6], ["R", 18], ["R", 6], ["R", 19], ["R", 19], ["W", 20], ["R", 21], ["R", 21], ["R", 22], ["R", 22], ["R", 23], ["R", 23], ["R", 6], ["R", 6], ["R", 23], ["R", 6], ["R", 3], ["R", 3], ["W", 3], ["W", 3], ["W", 1], ["R", 2], ["R", 3], ["R", 3], ["W", 3], ["W", 3], ["W", 3]]}]}, "PawnsController.searchRemovePawn": {"t": [{"id": 0, "a": [["R", 19], ["R", 19], ["R", 1], ["R", 8], ["R", 8], ["R", 36], ["R", 8], ["R", 8], ["R", 8], ["R", 1], ["R", 8], ["R", 8], ["R", 36]]}]}, "PawnsController.searchRenewPawn": {"t": [{"id": 0, "a": [["R", 19], ["R", 19], ["R", 1], ["R", 8], ["R", 8], ["R", 36], ["R", 8], ["R", 8], ["R", 8], ["R", 1], ["R", 8], ["R", 8], ["R", 36]]}]}, "PawnsController.searchreturnpawn": {"t": [{"id": 0, "a": [["R", 19], ["R", 19], ["R", 1], ["W", 24], ["R", 8]]}]}, "JewelsController.addCategory": {"t": [{"id": 0, "a": [["R", 34], ["R", 34], ["W", 34], ["W", 34]]}]}, "JewelsController.addCoin": {"t": [{"id": 0, "a": [["R", 1], ["R", 27], ["R", 42], ["W", 42], ["W", 42]]}]}, "JewelsController.addJewelEntity": {"t": [{"id": 0, "a": [["R", 34], ["R", 1], ["R", 27], ["R", 32], ["R", 32], ["R", 32], ["R", 34], ["R", 32], ["R", 27], ["R", 32], ["R", 1], ["R", 32], ["R", 32], ["R", 1], ["R", 27], ["R", 34], ["R", 1], ["R", 1], ["W", 32], ["W", 1], ["R", 32], ["W", 32], ["W", 32], ["R", 32], ["W", 32], ["R", 32], ["R", 29], ["R", 32], ["R", 29], ["R", 29], ["W", 32], ["W", 29], ["W", 32], ["R", 32], ["R", 32], ["R", 32], ["R", 1]]}]}, "JewelsController.addSet": {"t": [{"id": 0, "a": [["R", 27], ["R", 1], ["R", 34], ["W", 32], ["W", 27], ["W", 32], ["W", 1], ["W", 32], ["W", 34], ["W", 32], ["R", 32], ["R", 32], ["R", 34], ["R", 32], ["R", 27], ["R", 32], ["R", 1], ["R", 32], ["R", 34], ["W", 32], ["W", 34], ["W", 32], ["R", 32], ["R", 32], ["R", 34], ["R", 32], ["R", 27], ["R", 32], ["R", 1], ["R", 32], ["R", 34], ["W", 32], ["W", 34], ["W", 32], ["R", 32], ["R", 32], ["R", 34], ["R", 32], ["R", 27], ["R", 32], ["R", 1], ["R", 32], ["R", 34], ["W", 32], ["W", 34], ["W", 32], ["R", 32], ["R", 32], ["R", 34], ["R", 32], ["R", 27], ["R", 32], ["R", 1], ["R", 32], ["R", 34], ["W", 32], ["W", 34], ["W", 32], ["R", 32], ["R", 32], ["R", 34], ["R", 32], ["R", 27], ["R", 32], ["R", 1], ["R", 32], ["R", 34], ["W", 32], ["W", 34], ["W", 32], ["R", 32], ["R", 32], ["R", 34], ["R", 32], ["R", 27], ["R", 32], ["R", 1], ["R", 32], ["R", 34], ["W", 32], ["W", 34], ["W", 32], ["R", 32], ["R", 32], ["R", 34], ["R", 32], ["R", 27], ["R", 32], ["R", 1], ["R", 32], ["R", 34], ["W", 32], ["W", 34], ["W", 32], ["R", 32], ["R", 32], ["R", 34], ["R", 32], ["R", 27], ["R", 32], ["R", 1], ["R", 32], ["W", 43], ["W", 32], ["W", 43], ["W", 32], ["W", 43], ["W", 32], ["W", 43], ["W", 32], ["W", 43], ["W", 32], ["W", 43], ["W", 32], ["W", 43], ["W", 32], ["W", 43], ["W", 32], ["W", 43], ["R", 43], ["R", 43], ["R", 32], ["R", 43], ["R", 32], ["R", 43], ["R", 32], ["R", 43], ["R", 32], ["R", 43], ["R", 32], ["R", 43], ["R", 32], ["R", 43], ["R", 32], ["R", 43], ["R", 32], ["R", 43], ["R", 32], ["R", 43], ["R", 32], ["R", 43], ["R", 32], ["R", 43], ["R", 32], ["R", 43], ["R", 32], ["R", 43], ["R", 32], ["R", 43], ["R", 32], ["R", 43], ["R", 32], ["R", 43]]}]}, "JewelsController.allcoins": {"t": [{"id": 0, "a": [["R", 42]]}]}, "JewelsController.allsets": {"t": [{"id": 0, "a": [["R", 43], ["R", 43], ["R", 32], ["R", 43], ["R", 32], ["R", 43], ["R", 32], ["R", 43], ["R", 32], ["R", 43], ["R", 32], ["R", 43], ["R", 32], ["R", 43], ["R", 32], ["R", 43], ["R", 32], ["R", 43], ["R", 32], ["R", 43], ["R", 32], ["R", 43], ["R", 32], ["R", 43], ["R", 32], ["R", 43], ["R", 32], ["R", 43], ["R", 32], ["R", 43], ["R", 32], ["R", 43], ["R", 32], ["R", 43]]}]}, "JewelsController.newJewelEntity": {"t": [{"id": 0, "a": [["W", 32], ["R", 34], ["R", 1], ["R", 27]]}]}, "JewelsController.newSet": {"t": [{"id": 0, "a": [["R", 27], ["R", 1]]}]}, "JewelsController.newcoin": {"t": [{"id": 0, "a": [["R", 1], ["R", 27]]}]}, "JewelsController.resultSearchByReference": {"t": [{"id": 0, "a": [["R", 32], ["R", 32], ["R", 32], ["R", 34], ["R", 34], ["R", 32], ["R", 1], ["R", 1], ["R", 32], ["R", 27], ["R", 27], ["R", 32], ["R", 32], ["R", 32], ["R", 32], ["R", 34], ["R", 32], ["R", 27], ["R", 32], ["R", 1], ["R", 32], ["R", 32], ["R", 32], ["R", 34], ["R", 34], ["R", 32], ["R", 1], ["R", 32], ["R", 27], ["R", 32], ["R", 32], ["R", 1], ["R", 32], ["R", 27], ["R", 32], ["R", 34], ["R", 32]]}]}, "JewelsController.resultSearchRevise": {"t": [{"id": 0, "a": [["R", 32], ["R", 32], ["R", 32]]}]}, "JewelsController.resultSearchUpdateJewels": {"t": [{"id": 0, "a": [["R", 32], ["R", 32], ["R", 32], ["R", 34], ["R", 32], ["R", 32], ["R", 32], ["R", 34], ["R", 32]]}]}, "JewelsController.resultjewelsactive": {"t": [{"id": 0, "a": [["R", 32], ["R", 32], ["R", 1], ["R", 32]]}]}, "JewelsController.revise": {"t": [{"id": 0, "a": [["R", 32], ["R", 32], ["R", 32], ["W", 32], ["W", 32], ["R", 32], ["W", 32], ["R", 32], ["R", 29], ["R", 32], ["R", 29], ["R", 29], ["W", 32], ["W", 29], ["W", 32]]}]}, "JewelsController.searchByReference": {"t": [{"id": 0, "a": [["R", 34], ["R", 1], ["R", 27]]}]}, "JewelsController.searchUpdateJewels": {"t": [{"id": 0, "a": [["R", 34]]}]}, "JewelsController.searchjewelsactive": {"t": [{"id": 0, "a": [["R", 1]]}]}, "JewelsController.updateJewels": {"t": [{"id": 0, "a": [["R", 32], ["R", 34], ["R", 1], ["R", 27]]}]}, "SaleController.buy": {"t": [{"id": 0, "a": [["R", 34], ["R", 30], ["W", 30], ["W", 30], ["R", 30], ["R", 17], ["R", 17], ["R", 31], ["R", 17], ["R", 31], ["R", 6]]}]}, "SaleController.checkout": {"t": [{"id": 0, "a": [["R", 34]]}]}, "SaleController.deleteJewelEntity": {"t": [{"id": 0, "a": [["R", 32]]}]}, "UsersController.newUser": {"t": [{"id": 0, "a": [["R", 1]]}]}, "UsersController.saveUser": {"t": [{"id": 0, "a": [["R", 1], ["R", 20], ["R", 1], ["W", 19], ["W", 1], ["W", 19], ["W", 19], ["R", 20], ["W", 20]]}]}, "AdjustmentsController.newadjustment": {"t": [{"id": 0, "a": [["R", 6]]}]}, "AdjustmentsController.saveAdjustment": {"t": [{"id": 0, "a": [["R", 6], ["R", 5], ["R", 19], ["R", 19], ["R", 1], ["R", 5], ["W", 5], ["W", 5], ["W", 5], ["W", 1], ["W", 5], ["W", 5], ["W", 5], ["W", 5], ["W", 6], ["W", 5], ["W", 6], ["W", 5], ["W", 5], ["W", 5], ["R", 2], ["R", 3], ["R", 4], ["R", 4], ["R", 4], ["R", 4], ["R", 5], ["R", 5], ["R", 5], ["R", 6], ["R", 6], ["R", 7], ["R", 7], ["R", 7], ["R", 8], ["R", 1], ["R", 7], ["R", 7], ["R", 8], ["R", 8], ["R", 8], ["R", 8], ["R", 9], ["R", 9], ["R", 8], ["R", 8], ["R", 8], ["R", 8], ["R", 8], ["R", 8], ["R", 8], ["R", 1], ["R", 1], ["R", 10], ["R", 10], ["R", 11], ["R", 11], ["R", 6], ["R", 6], ["R", 11], ["R", 11], ["R", 6], ["R", 6], ["R", 5], ["R", 5], ["R", 6], ["R", 6], ["R", 5], ["R", 12], ["R", 12], ["R", 12], ["R", 13], ["R", 13], ["R", 14], ["R", 14], ["R", 6], ["R", 6], ["R", 14], ["R", 15], ["R", 15], ["R", 16], ["R", 16], ["R", 6], ["R", 6], ["R", 16], ["R", 17], ["R", 17], ["R", 18], ["R", 18], ["R", 6], ["R", 6], ["R", 18], ["R", 6], ["R", 19], ["R", 19], ["W", 20], ["R", 21], ["R", 21], ["R", 22], ["R", 22], ["R", 23], ["R", 23], ["R", 6], ["R", 6], ["R", 23], ["R", 6], ["R", 3], ["R", 3], ["W", 3], ["W", 3], ["W", 1], ["R", 2], ["R", 3], ["R", 3], ["W", 3], ["W", 3], ["W", 3]]}]}, "EntryMoneyController.saveEntryMoney": {"t": [{"id": 0, "a": [["R", 19], ["R", 19], ["R", 1], ["W", 15], ["W", 15], ["W", 15], ["W", 1], ["W", 15], ["R", 2], ["R", 3], ["R", 4], ["R", 4], ["R", 4], ["R", 4], ["R", 5], ["R", 5], ["R", 5], ["R", 6], ["R", 6], ["R", 7], ["R", 7], ["R", 7], ["R", 8], ["R", 1], ["R", 7], ["R", 7], ["R", 8], ["R", 8], ["R", 8], ["R", 8], ["R", 9], ["R", 9], ["R", 8], ["R", 8], ["R", 8], ["R", 8], ["R", 8], ["R", 8], ["R", 8], ["R", 1], ["R", 1], ["R", 10], ["R", 10], ["R", 11], ["R", 11], ["R", 6], ["R", 6], ["R", 11], ["R", 11], ["R", 6], ["R", 6], ["R", 5], ["R", 5], ["R", 6], ["R", 6], ["R", 5], ["R", 12], ["R", 12], ["R", 12], ["R", 13], ["R", 13], ["R", 14], ["R", 14], ["R", 6], ["R", 6], ["R", 14], ["R", 15], ["R", 15], ["R", 16], ["R", 16], ["R", 6], ["R", 6], ["R", 16], ["R", 17], ["R", 17], ["R", 18], ["R", 18], ["R", 6], ["R", 6], ["R", 18], ["R", 6], ["R", 19], ["R", 19], ["W", 20], ["R", 21], ["R", 21], ["R", 22], ["R", 22], ["R", 23], ["R", 23], ["R", 6], ["R", 6], ["R", 23], ["R", 6], ["R", 3], ["R", 3], ["W", 3], ["W", 3], ["W", 1], ["R", 2], ["R", 3], ["R", 3], ["W", 3], ["W", 3], ["W", 3]]}]}, "BillingController.billing": {"t": [{"id": 0, "a": [["R", 5], ["R", 29], ["R", 27], ["R", 5], ["R", 5], ["R", 5], ["R", 5], ["R", 5], ["R", 29], ["R", 29], ["R", 29], ["R", 29], ["R", 29], ["R", 29], ["R", 29], ["R", 27], ["R", 29], ["R", 27], ["R", 27]]}]}, "BillingController.billingprevious": {"t": [{"id": 0, "a": [["R", 5], ["R", 29], ["R", 27], ["R", 5], ["R", 5], ["R", 5], ["R", 5], ["R", 5], ["R", 29], ["R", 29], ["R", 29], ["R", 29], ["R", 29], ["R", 29], ["R", 29], ["R", 27], ["R", 29], ["R", 27], ["R", 27]]}]}, "SearchMissingShoppingsPawnsController.resultMissingShoppings": {"t": [{"id": 0, "a": [["R", 1], ["R", 1], ["R", 10], ["R", 8]]}]}, "SearchMissingShoppingsPawnsController.searchMissingShoppings": {"t": [{"id": 0, "a": [["R", 1]]}]}, "ClientsController.resultclients": {"t": [{"id": 0, "a": [["R", 24], ["R", 24], ["R", 24]]}]}, "ClientsController.showoperations": {"t": [{"id": 0, "a": [["W", 24], ["R", 10], ["W", 24], ["R", 8]]}]}, "AdminController.admin": {"t": [{"id": 0, "a": [["R", 44], ["W", 44], ["W", 44], ["W", 45], ["W", 45], ["W", 44], ["W", 45]]}]}, "AdminController.searchJewels": {"t": [{"id": 0, "a": [["R", 32], ["R", 32], ["R", 32], ["R", 32], ["R", 34], ["R", 32], ["R", 34], ["R", 32], ["R", 32]]}]}, "HolidaysController.addHoliday": {"t": [{"id": 0, "a": [["R", 1], ["R", 1], ["R", 2], ["R", 1], ["R", 1], ["R", 1], ["R", 2], ["W", 2], ["W", 1], ["W", 2], ["R", 2], ["W", 2]]}]}, "HolidaysController.allHolidays": {"t": [{"id": 0, "a": [["R", 2]]}]}, "HolidaysController.newHoliday": {"t": [{"id": 0, "a": [["R", 1]]}]}, "HolidaysController.resultHolidays": {"t": [{"id": 0, "a": [["R", 2]]}]}, "RegisterEmployeesController.downloadpdf": {"t": [{"id": 0, "a": [["R", 37], ["R", 37], ["R", 20], ["R", 20], ["R", 37], ["R", 20], ["R", 20], ["R", 37], ["R", 37], ["R", 37], ["R", 37], ["R", 37]]}]}, "RegisterEmployeesController.registeremployees": {"t": [{"id": 0, "a": [["R", 37]]}]}, "SalesController.cancelParcialSale": {"t": [{"id": 0, "a": [["R", 19], ["R", 19], ["R", 1], ["R", 1], ["W", 1], ["R", 17], ["R", 17], ["R", 33], ["R", 33], ["R", 32], ["R", 32], ["R", 6]]}]}, "SalesController.deleteSale": {"t": [{"id": 0, "a": [["R", 6], ["R", 19], ["R", 19], ["R", 1], ["R", 1], ["W", 1], ["R", 17], ["R", 17], ["R", 33], ["R", 33], ["R", 32], ["R", 32], ["R", 6], ["R", 1], ["W", 1], ["R", 17], ["R", 17], ["W", 13], ["W", 13], ["W", 13], ["R", 17], ["R", 1], ["W", 13], ["W", 1], ["R", 17], ["W", 13], ["W", 6], ["W", 6], ["W", 14], ["W", 6], ["W", 14], ["W", 14], ["W", 13], ["R", 6], ["R", 6], ["R", 17], ["R", 18], ["R", 18], ["R", 6], ["W", 14], ["W", 6], ["R", 18], ["W", 14], ["W", 14], ["W", 13], ["W", 14], ["W", 6], ["W", 14], ["W", 14], ["W", 13], ["W", 13], ["W", 14], ["W", 4], ["W", 4], ["W", 4], ["W", 4], ["R", 1], ["W", 4], ["W", 1], ["R", 17], ["R", 33], ["R", 33], ["R", 32], ["R", 32], ["W", 32], ["W", 32], ["W", 13], ["R", 13], ["W", 4], ["W", 4], ["R", 2], ["R", 3], ["R", 4], ["R", 4], ["R", 4], ["R", 4], ["R", 5], ["R", 5], ["R", 5], ["R", 6], ["R", 6], ["R", 7], ["R", 7], ["R", 7], ["R", 8], ["R", 1], ["R", 7], ["R", 7], ["R", 8], ["R", 8], ["R", 8], ["R", 8], ["R", 9], ["R", 9], ["R", 8], ["R", 8], ["R", 8], ["R", 8], ["R", 8], ["R", 8], ["R", 8], ["R", 1], ["R", 1], ["R", 10], ["R", 10], ["R", 11], ["R", 11], ["R", 6], ["R", 6], ["R", 11], ["R", 11], ["R", 6], ["R", 6], ["R", 5], ["R", 5], ["R", 6], ["R", 6], ["R", 5], ["R", 12], ["R", 12], ["R", 12], ["R", 13], ["R", 13], ["R", 14], ["R", 14], ["R", 6], ["R", 6], ["R", 14], ["R", 15], ["R", 15], ["R", 16], ["R", 16], ["R", 6], ["R", 6], ["R", 16], ["R", 17], ["R", 17], ["R", 18], ["R", 18], ["R", 6], ["R", 6], ["R", 18], ["R", 6], ["R", 19], ["R", 19], ["W", 20], ["R", 21], ["R", 21], ["R", 22], ["R", 22], ["R", 23], ["R", 23], ["R", 6], ["R", 6], ["R", 23], ["R", 6], ["R", 3], ["R", 3], ["W", 3], ["W", 3], ["W", 1], ["R", 2], ["R", 3], ["R", 3], ["W", 3], ["W", 3], ["W", 3]]}]}, "SalesController.newSale": {"t": [{"id": 0, "a": [["R", 27], ["R", 34], ["R", 6]]}]}, "SalesController.removeSale": {"t": [{"id": 0, "a": [["R", 6], ["W", 6], ["W", 6], ["W", 6], ["W", 6]]}]}, "SalesController.sale": {"t": [{"id": 0, "a": [["R", 32], ["R", 19], ["R", 19], ["R", 1], ["R", 32], ["W", 32], ["W", 1], ["W", 32], ["R", 32], ["R", 32], ["R", 34], ["R", 32], ["R", 27], ["R", 32], ["R", 1], ["R", 32], ["R", 32], ["R", 32], ["R", 17], ["R", 16], ["R", 4], ["W", 17], ["R", 30], ["W", 30], ["W", 17], ["W", 30], ["W", 17], ["W", 17], ["W", 32], ["R", 32], ["W", 33], ["W", 17], ["W", 33], ["W", 32], ["W", 31], ["W", 17], ["W", 31], ["W", 31], ["W", 17], ["W", 31], ["R", 4], ["R", 4], ["W", 4], ["W", 4], ["W", 4], ["W", 17], ["W", 17], ["R", 6], ["W", 18], ["W", 6], ["W", 18], ["W", 17], ["W", 6], ["W", 18], ["W", 6], ["W", 18], ["W", 17], ["W", 18], ["R", 17], ["W", 18], ["R", 17], ["W", 18], ["R", 1], ["W", 17], ["W", 1], ["W", 17], ["W", 33], ["W", 17], ["W", 17], ["W", 18], ["R", 17], ["R", 17], ["R", 16], ["R", 4], ["R", 17], ["R", 1], ["R", 1], ["R", 17], ["R", 33], ["R", 17], ["R", 33], ["R", 33], ["R", 32], ["R", 32], ["R", 32], ["W", 32], ["R", 17], ["W", 32], ["W", 33], ["W", 32], ["W", 17], ["W", 33], ["W", 17], ["R", 17], ["R", 27], ["R", 34], ["R", 6], ["R", 27], ["R", 34], ["R", 6], ["R", 27], ["R", 34], ["R", 6]]}]}, "SalesController.savecancelparcial": {"t": [{"id": 0, "a": [["R", 17], ["R", 17], ["R", 33], ["R", 33], ["R", 32], ["R", 32], ["R", 17], ["R", 18], ["R", 18], ["R", 6], ["R", 18], ["R", 6], ["R", 17], ["R", 17], ["W", 13], ["W", 13], ["W", 13], ["R", 17], ["R", 1], ["W", 13], ["W", 1], ["W", 4], ["W", 4], ["W", 4], ["W", 4], ["R", 17], ["R", 1], ["W", 4], ["W", 1], ["R", 6], ["W", 14], ["W", 6], ["W", 14], ["W", 13], ["W", 13], ["W", 14], ["R", 32], ["R", 32], ["R", 32], ["W", 32], ["W", 32], ["R", 13], ["R", 14], ["R", 13], ["R", 14], ["W", 14], ["W", 13], ["W", 13], ["W", 4], ["R", 13], ["W", 4], ["W", 4], ["R", 17], ["R", 17], ["R", 33], ["R", 33], ["R", 32], ["R", 32], ["R", 17], ["R", 18], ["R", 18], ["R", 6], ["R", 18], ["R", 6]]}]}}