{"1": "PlaceEntity", "2": "HolidayEntity", "3": "DailyEntity", "4": "DiscountEntity", "5": "AdjustmentEntity", "6": "PaymentEntity", "7": "RenovationEntity", "8": "PawnEntity", "9": "OtherConceptEntity", "10": "ShoppingEntity", "11": "PaymentShopEntity", "12": "RentalEntity", "13": "CancelSaleEntity", "14": "CancelSalePaymentEntity", "15": "EntryMoneyEntity", "16": "OtherSaleEntity", "17": "SaleEntity", "18": "SalesPayments", "19": "PlaceUserEntity", "20": "UserEntity", "21": "PayrollEntity", "22": "SalePostponedEntity", "23": "InstallmentEntity", "24": "ClientPawnEntity", "25": "NationEntity", "26": "ObjectShopEntity", "27": "MetalEntity", "28": "TrackEntity", "29": "WorkshopEntity", "30": "ClientEntity", "31": "AddressEntity", "32": "JewelEntity", "33": "SalesJewels", "34": "CategoryEntity", "35": "SalePostPonedJewel", "36": "ObjectPawnEntity", "37": "RegisterEntity", "38": "MessageEntity", "39": "PayrolltypeEntity", "40": "IncidentEntity", "41": "TypeOfSaleEntity", "42": "CoinEntity", "43": "SetEntity", "44": "IPEntity", "45": "ConnectionEntity"}