{"PlaceEntity": 1, "HolidayEntity": 2, "DailyEntity": 3, "DiscountEntity": 4, "AdjustmentEntity": 5, "PaymentEntity": 6, "RenovationEntity": 7, "PawnEntity": 8, "OtherConceptEntity": 9, "ShoppingEntity": 10, "PaymentShopEntity": 11, "RentalEntity": 12, "CancelSaleEntity": 13, "CancelSalePaymentEntity": 14, "EntryMoneyEntity": 15, "OtherSaleEntity": 16, "SaleEntity": 17, "SalesPayments": 18, "PlaceUserEntity": 19, "UserEntity": 20, "PayrollEntity": 21, "SalePostponedEntity": 22, "InstallmentEntity": 23, "ClientPawnEntity": 24, "NationEntity": 25, "ObjectShopEntity": 26, "MetalEntity": 27, "TrackEntity": 28, "WorkshopEntity": 29, "ClientEntity": 30, "AddressEntity": 31, "JewelEntity": 32, "SalesJewels": 33, "CategoryEntity": 34, "SalePostPonedJewel": 35, "ObjectPawnEntity": 36, "RegisterEntity": 37, "MessageEntity": 38, "PayrolltypeEntity": 39, "IncidentEntity": 40, "TypeOfSaleEntity": 41, "CoinEntity": 42, "SetEntity": 43, "IPEntity": 44, "ConnectionEntity": 45}