{"10": ["MariAngeles@Mariangeles"], "46": ["MariAngeles@Mariangeles"], "47": ["MariAngeles@Mariangeles", "mangeles@localhost"], "48": ["PANTALLAPUBLI@DESKTOP-STE6CTI", "MariAngeles@Mariangeles", "mangeles@localhost"], "49": ["MariAngeles@Mariangeles", "mangeles@localhost"], "23": ["MariAngeles@Mariangeles"], "35": ["MariAngeles@Mariangeles"], "22": ["MariAngeles@Mariangeles"], "18": ["MariAngeles@Mariangeles"], "50": ["MariAngeles@Mariangeles"], "51": ["MariAngeles@Mariangeles"], "52": ["PANTALLAPUBLI@DESKTOP-STE6CTI", "MariAngeles@Mariangeles"], "53": ["MariAngeles@Mariangeles"], "54": ["MariAngeles@Mariangeles"], "55": ["MariAngeles@Mariangeles", "mangeles@localhost"], "56": ["MariAngeles@Mariangeles"], "57": ["MariAngeles@Mariangeles"], "58": ["MariAngeles@Mariangeles"], "59": ["MariAngeles@Mariangeles"], "60": ["MariAngeles@Mariangeles"], "61": ["MariAngeles@Mariangeles"], "62": ["MariAngeles@Mariangeles"], "63": ["MariAngeles@Mariangeles"], "64": ["MariAngeles@Mariangeles"], "65": ["PANTALLAPUBLI@DESKTOP-STE6CTI", "MariAngeles@Mariangeles"], "66": ["MariAngeles@Mariangeles"], "67": ["MariAngeles@Mariangeles"], "68": ["MariAngeles@Mariangeles"], "69": ["MariAngeles@Mariangeles"], "70": ["MariAngeles@Mariangeles"], "71": ["MariAngeles@Mariangeles"], "72": ["MariAngeles@Mariangeles"], "24": ["MariAngeles@Mariangeles"], "25": ["MariAngeles@Mariangeles"], "8": ["MariAngeles@Mariangeles"], "28": ["MariAngeles@Mariangeles"], "73": ["MariAngeles@Mariangeles"], "74": ["MariAngeles@Mariangeles"], "75": ["PANTALLAPUBLI@DESKTOP-STE6CTI", "MariAngeles@Mariangeles"], "76": ["MariAngeles@Mariangeles"], "77": ["MariAngeles@Mariangeles"], "78": ["MariAngeles@Mariangeles"], "79": ["MariAngeles@Mariangeles"], "80": ["MariAngeles@Mariangeles"], "81": ["MariAngeles@Mariangeles"], "82": ["MariAngeles@Mariangeles", "mangeles@localhost"], "83": ["MariAngeles@Mariangeles"], "84": ["MariAngeles@Mariangeles"], "85": ["MariAngeles@Mariangeles"], "86": ["MariAngeles@Mariangeles", "mangeles@localhost"], "87": ["MariAngeles@Mariangeles", "mangeles@localhost"], "88": ["MariAngeles@Mariangeles", "mangeles@localhost"], "89": ["PANTALLAPUBLI@DESKTOP-STE6CTI", "MariAngeles@Mariangeles"], "90": ["MariAngeles@Mariangeles"], "91": ["MariAngeles@Mariangeles"], "92": ["PANTALLAPUBLI@DESKTOP-STE6CTI", "MariAngeles@Mariangeles"], "93": ["MariAngeles@Mariangeles"], "94": ["MariAngeles@Mariangeles"], "95": ["MariAngeles@Mariangeles"], "96": ["MariAngeles@Mariangeles"], "97": ["MariAngeles@Mariangeles"], "98": ["MariAngeles@Mariangeles"], "99": ["MariAngeles@Mariangeles"], "100": ["MariAngeles@Mariangeles", "mangeles@localhost"], "101": ["MariAngeles@Mariangeles"], "102": ["MariAngeles@Mariangeles"], "103": ["MariAngeles@Mariangeles"], "104": ["MariAngeles@Mariangeles"], "105": ["MariAngeles@Mariangeles"], "106": ["MariAngeles@Mariangeles", "mangeles@localhost"], "107": ["MariAngeles@Mariangeles"], "108": ["MariAngeles@Mariangeles"], "109": ["MariAngeles@Mariangeles"], "110": ["MariAngeles@Mariangeles"], "111": ["MariAngeles@Mariangeles"], "112": ["MariAngeles@Mariangeles"], "113": ["MariAngeles@Mariangeles", "masanchez@localhost"], "114": ["MariAngeles@Mariangeles"], "115": ["MariAngeles@Mariangeles"], "116": ["MariAngeles@Mariangeles"], "117": ["MariAngeles@Mariangeles"], "118": ["MariAngeles@Mariangeles"], "119": ["MariAngeles@Mariangeles"], "120": ["MariAngeles@Mariangeles"], "121": ["PANTALLAPUBLI@DESKTOP-STE6CTI", "MariAngeles@Mariangeles"], "122": ["MariAngeles@Mariangeles"], "123": ["MariAngeles@Mariangeles"], "124": ["PANTALLAPUBLI@DESKTOP-STE6CTI", "MariAngeles@Mariangeles"], "125": ["MariAngeles@Mariangeles"], "126": ["MariAngeles@Mariangeles"], "127": ["MariAngeles@Mariangeles"], "128": ["MariAngeles@Mariangeles"], "42": ["MariAngeles@Mariangeles"], "32": ["MariAngeles@Mariangeles"], "27": ["MariAngeles@Mariangeles"], "36": ["MariAngeles@Mariangeles"], "26": ["MariAngeles@Mariangeles"], "29": ["MariAngeles@Mariangeles"], "129": ["MariAngeles@Mariangeles", "mangeles@localhost"], "130": ["MariAngeles@Mariangeles"], "131": ["MariAngeles@Mariangeles"], "132": ["MariAngeles@Mariangeles"], "133": ["MariAngeles@Mariangeles"], "134": ["MariAngeles@Mariangeles"], "135": ["MariAngeles@Mariangeles"], "136": ["MariAngeles@Mariangeles"], "137": ["MariAngeles@Mariangeles"], "138": ["MariAngeles@Mariangeles"], "139": ["MariAngeles@Mariangeles", "mangeles@localhost"], "140": ["MariAngeles@Mariangeles"], "141": ["MariAngeles@Mariangeles", "mangeles@localhost"], "142": ["MariAngeles@Mariangeles"], "38": ["MariAngeles@Mariangeles"], "143": ["MariAngeles@Mariangeles"], "144": ["MariAngeles@Mariangeles"], "145": ["MariAngeles@Mariangeles"], "146": ["MariAngeles@Mariangeles"], "147": ["MariAngeles@Mariangeles"], "148": ["MariAngeles@Mariangeles"], "149": ["MariAngeles@Mariangeles"], "150": ["MariAngeles@Mariangeles"], "151": ["MariAngeles@Mariangeles"], "152": ["MariAngeles@Mariangeles"], "153": ["MariAngeles@Mariangeles"], "154": ["MariAngeles@Mariangeles"], "155": ["MariAngeles@Mariangeles"], "156": ["MariAngeles@Mariangeles"], "157": ["MariAngeles@Mariangeles"], "158": ["PANTALLAPUBLI@DESKTOP-STE6CTI", "MariAngeles@Mariangeles"], "159": ["MariAngeles@Mariangeles"], "160": ["MariAngeles@Mariangeles"], "212": ["MariAngeles@Mariangeles"], "162": ["MariAngeles@Mariangeles", "mangeles@localhost"], "163": ["MariAngeles@Mariangeles"], "164": ["MariAngeles@Mariangeles"], "165": ["MariAngeles@Mariangeles"], "166": ["MariAngeles@Mariangeles"], "1": ["MariAngeles@Mariangeles"], "167": ["PANTALLAPUBLI@DESKTOP-STE6CTI", "MariAngeles@Mariangeles"], "168": ["MariAngeles@Mariangeles"], "169": ["MariAngeles@Mariangeles"], "170": ["MariAngeles@Mariangeles"], "171": ["MariAngeles@Mariangeles"], "172": ["MariAngeles@Mariangeles"], "173": ["MariAngeles@Mariangeles"], "174": ["MariAngeles@Mariangeles"], "175": ["MariAngeles@Mariangeles"], "176": ["MariAngeles@Mariangeles"], "177": ["MariAngeles@Mariangeles"], "178": ["MariAngeles@Mariangeles"], "179": ["MariAngeles@Mariangeles"], "180": ["MariAngeles@Mariangeles"], "181": ["MariAngeles@Mariangeles"], "182": ["MariAngeles@Mariangeles"], "183": ["MariAngeles@Mariangeles"], "13": ["MariAngeles@Mariangeles"], "14": ["MariAngeles@Mariangeles"], "4": ["MariAngeles@Mariangeles"], "184": ["MariAngeles@Mariangeles"], "185": ["MariAngeles@Mariangeles"], "9": ["MariAngeles@Mariangeles"], "186": ["MariAngeles@Mariangeles"], "187": ["MariAngeles@Mariangeles"], "188": ["MariAngeles@Mariangeles"], "189": ["MariAngeles@Mariangeles"], "190": ["MariAngeles@Mariangeles"], "191": ["MariAngeles@Mariangeles"], "192": ["MariAngeles@Mariangeles"], "193": ["MariAngeles@Mariangeles"], "194": ["MariAngeles@Mariangeles"], "195": ["PANTALLAPUBLI@DESKTOP-STE6CTI", "MariAngeles@Mariangeles"], "196": ["MariAngeles@Mariangeles"], "197": ["MariAngeles@Mariangeles"], "198": ["MariAngeles@Mariangeles"], "199": ["MariAngeles@Mariangeles"], "200": ["MariAngeles@Mariangeles", "mangeles@localhost"], "201": ["MariAngeles@Mariangeles"], "202": ["MariAngeles@Mariangeles"], "203": ["MariAngeles@Mariangeles"], "204": ["MariAngeles@Mariangeles"], "205": ["MariAngeles@Mariangeles"], "206": ["MariAngeles@Mariangeles"], "207": ["MariAngeles@Mariangeles"], "208": ["MariAngeles@Mariangeles"], "209": ["MariAngeles@Mariangeles"], "210": ["MariAngeles@Mariangeles"], "211": ["MariAngeles@Mariangeles"], "258": ["MariAngeles@Mariangeles"], "31": ["MariAngeles@Mariangeles"], "5": ["MariAngeles@Mariangeles"], "34": ["MariAngeles@Mariangeles"], "30": ["MariAngeles@Mariangeles"], "3": ["MariAngeles@Mariangeles"], "2": ["MariAngeles@Mariangeles"], "6": ["MariAngeles@Mariangeles"], "11": ["MariAngeles@Mariangeles"], "21": ["MariAngeles@Mariangeles"], "7": ["MariAngeles@Mariangeles"], "12": ["MariAngeles@Mariangeles"], "17": ["MariAngeles@Mariangeles"], "33": ["MariAngeles@Mariangeles"], "43": ["MariAngeles@Mariangeles"], "214": ["MariAngeles@Mariangeles", "mangeles@localhost"], "45": ["MariAngeles@Mariangeles"], "44": ["MariAngeles@Mariangeles"], "215": ["MariAngeles@Mariangeles"], "216": ["MariAngeles@Mariangeles"], "217": ["MariAngeles@Mariangeles"], "218": ["MariAngeles@Mariangeles"], "219": ["PANTALLAPUBLI@DESKTOP-STE6CTI", "MariAngeles@Mariangeles"], "39": ["MariAngeles@Mariangeles"], "220": ["MariAngeles@Mariangeles"], "221": ["MariAngeles@Mariangeles"], "222": ["MariAngeles@Mariangeles"], "223": ["MariAngeles@Mariangeles"], "37": ["MariAngeles@Mariangeles"], "224": ["MariAngeles@Mariangeles"], "225": ["MariAngeles@Mariangeles"], "226": ["MariAngeles@Mariangeles"], "227": ["MariAngeles@Mariangeles"], "228": ["MariAngeles@Mariangeles"], "20": ["MariAngeles@Mariangeles"], "15": ["MariAngeles@Mariangeles"], "40": ["MariAngeles@Mariangeles"], "19": ["MariAngeles@Mariangeles"], "229": ["MariAngeles@Mariangeles"], "230": ["MariAngeles@Mariangeles"], "231": ["MariAngeles@Mariangeles"], "232": ["MariAngeles@Mariangeles", "masanchez@localhost"], "233": ["MariAngeles@Mariangeles"], "234": ["MariAngeles@Mariangeles"], "235": ["MariAngeles@Mariangeles"], "236": ["MariAngeles@Mariangeles"], "237": ["MariAngeles@Mariangeles"], "238": ["PANTALLAPUBLI@DESKTOP-STE6CTI", "MariAngeles@Mariangeles"], "239": ["PANTALLAPUBLI@DESKTOP-STE6CTI"], "240": ["PANTALLAPUBLI@DESKTOP-STE6CTI", "MariAngeles@Mariangeles"], "241": ["PANTALLAPUBLI@DESKTOP-STE6CTI"], "242": ["MariAngeles@Mariangeles"], "243": ["MariAngeles@Mariangeles"], "244": ["MariAngeles@Mariangeles"], "245": ["MariAngeles@Mariangeles"], "246": ["MariAngeles@Mariangeles"], "247": ["MariAngeles@Mariangeles"], "248": ["MariAngeles@Mariangeles"], "249": ["MariAngeles@Mariangeles"], "250": ["MariAngeles@Mariangeles"], "251": ["MariAngeles@Mariangeles"], "252": ["MariAngeles@Mariangeles"], "253": ["MariAngeles@Mariangeles"], "254": ["MariAngeles@Mariangeles"], "255": ["MariAngeles@Mariangeles"], "256": ["MariAngeles@Mariangeles"], "257": ["MariAngeles@Mariangeles"], "259": ["MariAngeles@Mariangeles"], "260": ["MariAngeles@Mariangeles"], "261": ["MariAngeles@Mariangeles"], "262": ["MariAngeles@Mariangeles"], "263": ["MariAngeles@Mariangeles"], "264": ["MariAngeles@Mariangeles"], "265": ["MariAngeles@Mariangeles"], "16": ["MariAngeles@Mariangeles"], "41": ["MariAngeles@Mariangeles"], "266": ["MariAngeles@Mariangeles"], "267": ["MariAngeles@Mariangeles"], "268": ["MariAngeles@Mariangeles"], "269": ["MariAngeles@Mariangeles"], "270": ["MariAngeles@Mariangeles"], "271": ["MariAngeles@Mariangeles"], "272": ["MariAngeles@Mariangeles"], "273": ["MariAngeles@Mariangeles"], "274": ["mangeles@localhost"]}