{"14": ["pedro.correia.105@gmail.com", "rito.silva@tecnico.ulisboa.pt"], "15": ["pedro.correia.105@gmail.com", "rito.silva@tecnico.ulisboa.pt"], "3": ["pedro.correia.105@gmail.com", "rito.silva@tecnico.ulisboa.pt"], "2": ["pedro.correia.105@gmail.com", "rito.silva@tecnico.ulisboa.pt"], "16": ["pedro.correia.105@gmail.com", "rito.silva@tecnico.ulisboa.pt"], "17": ["pedro.correia.105@gmail.com", "rito.silva@tecnico.ulisboa.pt"], "7": ["pedro.correia.105@gmail.com", "rito.silva@tecnico.ulisboa.pt"], "18": ["pedro.correia.105@gmail.com", "rito.silva@tecnico.ulisboa.pt"], "6": ["pedro.correia.105@gmail.com", "rito.silva@tecnico.ulisboa.pt"], "19": ["pedro.correia.105@gmail.com", "rito.silva@tecnico.ulisboa.pt"], "20": ["pedro.correia.105@gmail.com", "rito.silva@tecnico.ulisboa.pt"], "21": ["pedro.correia.105@gmail.com", "rito.silva@tecnico.ulisboa.pt"], "22": ["pedro.correia.105@gmail.com", "rito.silva@tecnico.ulisboa.pt"], "23": ["pedro.correia.105@gmail.com", "rito.silva@tecnico.ulisboa.pt"], "24": ["pedro.correia.105@gmail.com", "rito.silva@tecnico.ulisboa.pt"], "25": ["pedro.correia.105@gmail.com", "rito.silva@tecnico.ulisboa.pt"], "26": ["pedro.correia.105@gmail.com", "rito.silva@tecnico.ulisboa.pt"], "12": ["pedro.correia.105@gmail.com", "rito.silva@tecnico.ulisboa.pt"], "27": ["pedro.correia.105@gmail.com", "rito.silva@tecnico.ulisboa.pt"], "28": ["pedro.correia.105@gmail.com", "rito.silva@tecnico.ulisboa.pt"], "29": ["pedro.correia.105@gmail.com", "rito.silva@tecnico.ulisboa.pt"], "30": ["pedro.correia.105@gmail.com", "rito.silva@tecnico.ulisboa.pt"], "31": ["pedro.correia.105@gmail.com", "rito.silva@tecnico.ulisboa.pt"], "32": ["pedro.correia.105@gmail.com", "rito.silva@tecnico.ulisboa.pt"], "33": ["pedro.correia.105@gmail.com", "rito.silva@tecnico.ulisboa.pt"], "34": ["pedro.correia.105@gmail.com", "rito.silva@tecnico.ulisboa.pt"], "4": ["pedro.correia.105@gmail.com", "rito.silva@tecnico.ulisboa.pt"], "35": ["pedro.correia.105@gmail.com", "samuel.c.santos@tecnico.ulisboa.pt", "rito.silva@tecnico.ulisboa.pt"], "36": ["pedro.correia.105@gmail.com", "samuel.c.santos@tecnico.ulisboa.pt", "rito.silva@tecnico.ulisboa.pt"], "5": ["rito.silva@tecnico.ulisboa.pt", "pedro.correia.105@gmail.com"], "37": ["rito.silva@tecnico.ulisboa.pt", "samuel.c.santos@tecnico.ulisboa.pt", "pedro.correia.105@gmail.com"], "38": ["rito.silva@tecnico.ulisboa.pt", "pedro.correia.105@gmail.com"], "39": ["rito.silva@tecnico.ulisboa.pt", "pedro.correia.105@gmail.com"], "40": ["rito.silva@tecnico.ulisboa.pt", "pedro.correia.105@gmail.com"], "41": ["rito.silva@tecnico.ulisboa.pt", "samuel.c.santos@tecnico.ulisboa.pt", "pedro.correia.105@gmail.com"], "42": ["rito.silva@tecnico.ulisboa.pt", "pedro.correia.105@gmail.com"], "13": ["rito.silva@tecnico.ulisboa.pt", "pedro.correia.105@gmail.com"], "43": ["rito.silva@tecnico.ulisboa.pt", "pedro.correia.105@gmail.com"], "44": ["rito.silva@tecnico.ulisboa.pt", "pedro.correia.105@gmail.com"], "45": ["rito.silva@tecnico.ulisboa.pt", "pedro.correia.105@gmail.com"], "46": ["rito.silva@tecnico.ulisboa.pt", "pedro.correia.105@gmail.com"], "8": ["rito.silva@tecnico.ulisboa.pt", "pedro.correia.105@gmail.com"], "47": ["rito.silva@tecnico.ulisboa.pt", "pedro.correia.105@gmail.com"], "48": ["rito.silva@tecnico.ulisboa.pt", "pedro.correia.105@gmail.com"], "49": ["rito.silva@tecnico.ulisboa.pt", "pedro.correia.105@gmail.com"], "50": ["rito.silva@tecnico.ulisboa.pt", "pedro.correia.105@gmail.com"], "51": ["rito.silva@tecnico.ulisboa.pt", "pedro.correia.105@gmail.com"], "52": ["rito.silva@tecnico.ulisboa.pt", "pedro.correia.105@gmail.com"], "53": ["rito.silva@tecnico.ulisboa.pt", "pedro.correia.105@gmail.com"], "54": ["rito.silva@tecnico.ulisboa.pt", "pedro.correia.105@gmail.com"], "55": ["rito.silva@tecnico.ulisboa.pt", "pedro.correia.105@gmail.com"], "56": ["rito.silva@tecnico.ulisboa.pt", "pedro.correia.105@gmail.com"], "57": ["rito.silva@tecnico.ulisboa.pt", "pedro.correia.105@gmail.com"], "58": ["rito.silva@tecnico.ulisboa.pt", "pedro.correia.105@gmail.com"], "59": ["rito.silva@tecnico.ulisboa.pt", "pedro.correia.105@gmail.com"], "60": ["rito.silva@tecnico.ulisboa.pt", "pedro.correia.105@gmail.com"], "61": ["rito.silva@tecnico.ulisboa.pt", "pedro.correia.105@gmail.com"], "62": ["pedro.correia.105@gmail.com", "rito.silva@tecnico.ulisboa.pt"], "63": ["pedro.correia.105@gmail.com", "samuel.c.santos@tecnico.ulisboa.pt", "rito.silva@tecnico.ulisboa.pt"], "64": ["pedro.correia.105@gmail.com", "rito.silva@tecnico.ulisboa.pt"], "65": ["pedro.correia.105@gmail.com"], "66": ["pedro.correia.105@gmail.com", "rito.silva@tecnico.ulisboa.pt"], "67": ["pedro.correia.105@gmail.com", "rito.silva@tecnico.ulisboa.pt"], "68": ["rito.silva@tecnico.ulisboa.pt", "pedro.correia.105@gmail.com"], "69": ["pedro.correia.105@gmail.com", "rito.silva@tecnico.ulisboa.pt"], "70": ["pedro.correia.105@gmail.com", "samuel.c.santos@tecnico.ulisboa.pt", "rito.silva@tecnico.ulisboa.pt"], "71": ["pedro.correia.105@gmail.com", "rito.silva@tecnico.ulisboa.pt"], "72": ["rito.silva@tecnico.ulisboa.pt", "pedro.correia.105@gmail.com"], "73": ["rito.silva@tecnico.ulisboa.pt", "pedro.correia.105@gmail.com"], "74": ["rito.silva@tecnico.ulisboa.pt", "pedro.correia.105@gmail.com"], "75": ["pedro.correia.105@gmail.com", "samuel.c.santos@tecnico.ulisboa.pt", "rito.silva@tecnico.ulisboa.pt"], "76": ["pedro.correia.105@gmail.com", "rito.silva@tecnico.ulisboa.pt"], "9": ["pedro.correia.105@gmail.com", "rito.silva@tecnico.ulisboa.pt"], "77": ["pedro.correia.105@gmail.com"], "78": ["pedro.correia.105@gmail.com"], "79": ["pedro.correia.105@gmail.com", "rito.silva@tecnico.ulisboa.pt"], "11": ["pedro.correia.105@gmail.com", "rito.silva@tecnico.ulisboa.pt"], "80": ["pedro.correia.105@gmail.com"], "81": ["pedro.correia.105@gmail.com", "rito.silva@tecnico.ulisboa.pt"], "82": ["pedro.correia.105@gmail.com", "rito.silva@tecnico.ulisboa.pt"], "83": ["pedro.correia.105@gmail.com"], "1": ["pedro.correia.105@gmail.com", "rito.silva@tecnico.ulisboa.pt"], "84": ["pedro.correia.105@gmail.com", "rito.silva@tecnico.ulisboa.pt"], "85": ["pedro.correia.105@gmail.com", "rito.silva@tecnico.ulisboa.pt"], "86": ["pedro.correia.105@gmail.com", "rito.silva@tecnico.ulisboa.pt"], "10": ["pedro.correia.105@gmail.com", "rito.silva@tecnico.ulisboa.pt"], "87": ["pedro.correia.105@gmail.com", "rito.silva@tecnico.ulisboa.pt"], "88": ["rito.silva@tecnico.ulisboa.pt", "pedro.correia.105@gmail.com"], "89": ["rito.silva@tecnico.ulisboa.pt", "pedro.correia.105@gmail.com"], "90": ["pedro.correia.105@gmail.com"], "91": ["pedro.correia.105@gmail.com"], "92": ["pedro.correia.105@gmail.com"], "93": ["rito.silva@tecnico.ulisboa.pt", "pedro.correia.105@gmail.com"], "94": ["rito.silva@tecnico.ulisboa.pt", "pedro.correia.105@gmail.com"], "95": ["pedro.correia.105@gmail.com"], "96": ["rito.silva@tecnico.ulisboa.pt", "pedro.correia.105@gmail.com"], "97": ["rito.silva@tecnico.ulisboa.pt", "pedro.correia.105@gmail.com"], "98": ["rito.silva@tecnico.ulisboa.pt"], "99": ["rito.silva@tecnico.ulisboa.pt"], "100": ["rito.silva@tecnico.ulisboa.pt", "pedro.correia.105@gmail.com"], "101": ["rito.silva@tecnico.ulisboa.pt"], "102": ["rito.silva@tecnico.ulisboa.pt"], "103": ["pedro.correia.105@gmail.com"]}