{"14": {"3": 4, "total_commits": 171, "7": 5, "2": 5, "15": 4, "17": 3, "16": 5, "18": 4, "6": 3, "35": 3, "33": 2, "12": 2, "20": 2, "38": 3, "5": 2, "32": 2, "27": 2, "24": 2, "34": 2, "37": 3, "41": 3, "4": 3, "28": 2, "26": 3, "25": 3, "30": 2, "21": 2, "22": 2, "29": 2, "19": 2, "23": 2, "39": 3, "31": 2, "40": 2, "36": 3, "60": 2, "59": 2, "70": 2, "89": 2, "50": 2, "75": 2, "10": 2, "63": 2, "1": 2, "73": 2, "86": 2, "84": 2, "51": 2, "69": 2, "55": 2, "82": 2, "81": 2, "53": 2, "57": 2, "72": 2, "44": 2, "67": 2, "77": 1, "66": 1, "76": 1, "11": 1, "78": 1, "85": 1, "9": 1, "54": 1, "48": 1, "65": 1, "68": 1, "8": 1, "13": 1, "42": 1, "90": 1, "62": 1, "74": 1, "64": 1, "58": 1, "46": 1, "43": 1, "45": 1, "52": 1, "61": 1, "56": 1, "79": 1, "71": 1, "80": 1, "83": 1, "87": 1, "88": 1, "47": 1, "49": 1}, "16": {"2": 28, "total_commits": 614, "15": 5, "17": 13, "3": 16, "14": 5, "7": 19, "6": 10, "18": 6, "22": 17, "19": 5, "21": 9, "23": 14, "20": 6, "29": 4, "31": 10, "24": 10, "28": 4, "26": 6, "12": 15, "25": 7, "30": 5, "32": 7, "34": 5, "33": 11, "35": 12, "36": 28, "4": 8, "39": 4, "40": 6, "38": 13, "5": 8, "27": 4, "37": 10, "41": 7, "44": 9, "47": 4, "8": 9, "48": 13, "50": 5, "51": 11, "60": 9, "59": 6, "55": 7, "61": 4, "56": 6, "62": 9, "49": 5, "57": 8, "64": 3, "58": 4, "53": 7, "54": 8, "66": 4, "63": 10, "65": 3, "13": 6, "52": 5, "67": 7, "70": 9, "71": 5, "69": 5, "74": 4, "73": 5, "77": 4, "78": 4, "9": 6, "79": 4, "76": 8, "75": 8, "11": 4, "80": 2, "68": 2, "1": 6, "85": 3, "81": 3, "89": 2, "86": 2, "82": 3, "84": 3, "72": 5, "87": 3, "88": 4, "42": 1, "90": 1, "46": 1, "43": 1, "45": 1, "83": 1, "10": 2, "93": 1, "94": 1, "98": 1}, "15": {"16": 5, "total_commits": 222, "3": 6, "14": 4, "7": 9, "2": 7, "17": 3, "18": 4, "6": 3, "33": 3, "40": 3, "20": 2, "38": 3, "5": 3, "32": 3, "27": 3, "35": 6, "12": 6, "28": 2, "24": 5, "30": 3, "34": 3, "37": 4, "41": 4, "22": 2, "19": 2, "4": 3, "26": 4, "25": 4, "36": 4, "21": 2, "29": 2, "23": 3, "39": 2, "31": 3, "50": 3, "57": 4, "59": 3, "60": 4, "55": 4, "51": 3, "53": 3, "58": 4, "13": 4, "44": 2, "66": 2, "48": 2, "64": 2, "54": 3, "63": 3, "56": 2, "65": 2, "61": 2, "62": 2, "49": 2, "70": 2, "76": 1, "11": 1, "78": 1, "82": 2, "72": 1, "67": 1, "10": 1, "85": 1, "52": 1, "89": 1, "73": 1, "86": 1, "9": 1, "83": 1, "90": 1, "74": 1, "47": 1, "81": 1, "46": 1, "43": 1, "75": 2, "45": 1, "79": 1, "71": 1, "80": 1, "1": 2, "84": 1, "87": 1, "88": 1, "69": 1, "68": 1, "8": 1, "42": 1, "77": 1, "93": 1, "103": 1}, "17": {"16": 13, "total_commits": 411, "3": 8, "14": 3, "7": 11, "2": 14, "15": 3, "34": 4, "33": 6, "21": 7, "22": 10, "32": 3, "19": 6, "23": 9, "31": 5, "6": 4, "26": 3, "35": 10, "28": 3, "4": 5, "36": 15, "12": 8, "20": 3, "30": 3, "37": 6, "41": 9, "25": 4, "29": 3, "18": 2, "39": 6, "40": 3, "38": 5, "27": 5, "5": 3, "24": 5, "44": 4, "50": 7, "51": 11, "52": 6, "53": 7, "49": 5, "61": 2, "56": 4, "62": 4, "54": 8, "57": 5, "67": 5, "13": 3, "55": 8, "63": 9, "60": 5, "69": 7, "74": 3, "70": 6, "8": 4, "73": 7, "43": 2, "42": 2, "79": 3, "47": 4, "82": 4, "81": 3, "80": 2, "45": 2, "46": 2, "75": 4, "1": 5, "48": 4, "72": 4, "10": 3, "87": 4, "88": 4, "9": 3, "85": 3, "77": 3, "89": 2, "86": 2, "84": 3, "76": 2, "83": 1, "58": 1, "59": 2, "78": 1, "65": 1, "68": 1, "90": 1, "66": 1, "64": 1, "11": 1, "71": 2, "93": 1}, "2": {"7": 39, "total_commits": 892, "15": 7, "17": 14, "16": 28, "3": 31, "14": 5, "18": 5, "6": 19, "20": 9, "21": 14, "22": 23, "19": 8, "23": 21, "26": 7, "12": 31, "25": 10, "27": 5, "24": 13, "30": 6, "29": 4, "31": 12, "28": 7, "32": 9, "33": 11, "34": 5, "4": 22, "35": 21, "36": 28, "38": 15, "5": 17, "37": 17, "41": 13, "39": 9, "40": 7, "42": 2, "44": 13, "13": 22, "45": 2, "46": 2, "43": 2, "47": 3, "8": 16, "50": 10, "51": 13, "55": 9, "53": 7, "57": 12, "56": 7, "59": 4, "60": 7, "58": 3, "62": 11, "67": 13, "63": 17, "61": 9, "54": 7, "74": 6, "70": 7, "73": 6, "69": 8, "49": 4, "79": 4, "76": 6, "75": 10, "77": 9, "78": 8, "9": 14, "71": 7, "11": 10, "48": 5, "66": 9, "68": 5, "65": 3, "64": 5, "80": 3, "82": 6, "84": 6, "10": 9, "87": 4, "1": 12, "86": 4, "72": 3, "88": 4, "52": 3, "85": 2, "81": 4, "89": 3, "90": 1, "83": 1, "91": 2, "92": 1, "94": 1, "98": 1, "97": 4, "96": 4, "100": 3, "99": 1, "101": 1}, "3": {"16": 16, "total_commits": 614, "14": 4, "7": 25, "2": 31, "15": 6, "17": 8, "6": 18, "18": 5, "20": 9, "21": 13, "22": 15, "19": 7, "23": 15, "30": 7, "12": 17, "29": 4, "31": 8, "24": 6, "28": 6, "26": 4, "25": 8, "34": 5, "33": 8, "32": 7, "35": 10, "4": 19, "36": 12, "37": 10, "41": 6, "39": 4, "40": 5, "38": 8, "27": 3, "5": 14, "45": 2, "43": 2, "44": 5, "46": 2, "13": 14, "51": 4, "61": 8, "56": 4, "62": 9, "53": 3, "54": 4, "57": 6, "67": 11, "50": 5, "55": 3, "63": 11, "79": 3, "8": 10, "77": 8, "76": 5, "75": 9, "78": 8, "9": 13, "71": 6, "11": 10, "48": 4, "66": 9, "65": 3, "74": 3, "64": 5, "80": 3, "70": 5, "68": 5, "52": 2, "89": 1, "73": 2, "86": 1, "1": 8, "83": 1, "87": 1, "88": 3, "47": 1, "49": 2, "58": 3, "81": 2, "59": 2, "85": 1, "84": 2, "69": 4, "42": 1, "90": 1, "60": 3, "82": 2, "72": 1, "10": 6, "92": 1, "91": 1, "94": 1, "97": 4, "96": 4, "98": 1, "101": 1, "100": 3, "99": 1, "103": 1, "93": 1}, "7": {"16": 19, "total_commits": 933, "3": 25, "14": 5, "2": 39, "15": 9, "17": 11, "6": 16, "18": 6, "20": 8, "22": 20, "19": 7, "21": 12, "23": 32, "27": 6, "24": 13, "26": 7, "12": 30, "25": 12, "30": 6, "29": 4, "31": 11, "28": 6, "34": 6, "33": 13, "32": 8, "35": 31, "4": 23, "36": 15, "37": 19, "41": 13, "39": 12, "40": 8, "38": 19, "5": 16, "45": 2, "46": 2, "43": 3, "44": 9, "13": 21, "51": 11, "55": 18, "53": 9, "54": 15, "57": 15, "59": 4, "50": 10, "60": 8, "58": 4, "56": 9, "64": 10, "66": 15, "48": 6, "63": 23, "65": 4, "61": 12, "62": 15, "49": 7, "8": 14, "67": 16, "68": 6, "70": 8, "52": 4, "69": 8, "74": 6, "73": 6, "77": 8, "11": 10, "75": 9, "78": 7, "9": 13, "76": 5, "71": 5, "80": 3, "79": 3, "82": 8, "10": 10, "87": 5, "1": 10, "84": 6, "86": 4, "88": 5, "72": 4, "85": 2, "47": 2, "81": 5, "89": 3, "42": 1, "90": 2, "83": 1, "91": 1, "92": 1, "94": 2, "101": 1, "99": 1, "96": 3, "97": 3, "100": 3}, "6": {"7": 16, "total_commits": 451, "2": 19, "15": 3, "16": 10, "3": 18, "14": 3, "18": 5, "21": 9, "22": 11, "19": 4, "23": 10, "20": 8, "29": 3, "31": 8, "24": 5, "28": 5, "26": 4, "25": 6, "12": 11, "30": 5, "32": 5, "17": 4, "34": 5, "33": 6, "4": 13, "36": 9, "35": 4, "27": 2, "38": 5, "5": 11, "37": 6, "41": 4, "39": 2, "40": 5, "42": 2, "13": 9, "78": 7, "63": 8, "9": 9, "8": 8, "77": 6, "62": 7, "11": 9, "75": 6, "67": 9, "48": 4, "76": 4, "70": 4, "68": 5, "66": 7, "61": 6, "65": 3, "74": 3, "64": 4, "71": 5, "80": 3, "57": 4, "79": 2, "85": 1, "50": 3, "84": 2, "54": 2, "55": 1, "69": 4, "90": 1, "58": 2, "60": 3, "82": 2, "53": 1, "72": 1, "10": 4, "43": 1, "45": 1, "52": 1, "56": 2, "44": 2, "89": 1, "73": 1, "86": 1, "1": 5, "83": 1, "51": 2, "87": 1, "88": 3, "47": 1, "49": 1, "81": 2, "46": 1, "59": 2, "91": 1, "92": 1, "94": 1, "97": 4, "96": 4, "98": 1, "99": 1, "101": 1, "100": 3}, "18": {"7": 6, "total_commits": 189, "2": 5, "15": 4, "6": 5, "16": 6, "3": 5, "14": 4, "20": 3, "21": 3, "22": 5, "19": 3, "23": 4, "27": 2, "35": 2, "33": 3, "12": 3, "5": 3, "32": 2, "24": 4, "17": 2, "34": 2, "37": 3, "41": 3, "4": 3, "28": 2, "26": 3, "25": 3, "36": 2, "30": 2, "29": 2, "39": 2, "31": 3, "40": 3, "38": 3, "59": 3, "60": 3, "76": 2, "11": 2, "79": 1, "78": 1, "85": 1, "57": 2, "50": 1, "84": 1, "9": 2, "54": 1, "55": 1, "69": 2, "65": 1, "68": 1, "8": 1, "13": 1, "42": 1, "90": 1, "77": 1, "62": 2, "70": 2, "66": 2, "64": 1, "82": 2, "53": 1, "72": 1, "67": 2, "10": 1, "63": 2, "43": 1, "45": 1, "52": 1, "61": 1, "56": 2, "44": 2, "89": 1, "73": 1, "86": 1, "48": 2, "71": 1, "80": 1, "1": 2, "83": 1, "51": 2, "74": 1, "87": 1, "88": 1, "47": 1, "49": 1, "58": 2, "81": 2, "46": 1, "75": 2, "94": 1}, "22": {"3": 15, "total_commits": 606, "19": 6, "21": 12, "18": 5, "23": 20, "6": 11, "7": 20, "2": 23, "16": 17, "20": 9, "29": 4, "28": 5, "31": 10, "24": 9, "26": 5, "25": 9, "30": 6, "12": 15, "32": 5, "33": 9, "17": 10, "34": 5, "4": 9, "36": 15, "35": 15, "39": 4, "40": 8, "38": 11, "14": 2, "27": 4, "15": 2, "5": 9, "37": 9, "41": 9, "13": 9, "8": 10, "48": 6, "44": 4, "50": 6, "53": 6, "54": 8, "57": 9, "67": 9, "55": 7, "63": 11, "51": 8, "61": 9, "56": 5, "62": 7, "60": 5, "71": 7, "70": 7, "74": 8, "49": 4, "73": 4, "69": 6, "64": 4, "9": 9, "80": 3, "11": 7, "68": 5, "75": 5, "78": 5, "66": 8, "65": 3, "77": 8, "76": 4, "79": 3, "87": 2, "88": 4, "52": 3, "85": 2, "47": 2, "81": 3, "89": 2, "86": 2, "84": 2, "82": 4, "72": 2, "42": 1, "90": 3, "10": 3, "1": 5, "83": 1, "58": 2, "46": 1, "59": 3, "43": 1, "45": 1, "92": 2, "94": 2, "95": 1, "100": 2, "97": 2, "96": 2}, "23": {"7": 32, "total_commits": 694, "2": 21, "16": 14, "20": 8, "3": 15, "21": 12, "22": 20, "18": 4, "19": 8, "6": 10, "17": 9, "34": 6, "33": 12, "32": 8, "31": 11, "26": 5, "4": 13, "35": 25, "28": 5, "12": 17, "36": 11, "14": 2, "38": 15, "5": 12, "27": 5, "24": 10, "15": 3, "37": 17, "41": 11, "25": 9, "30": 5, "29": 3, "39": 8, "40": 10, "44": 5, "13": 12, "45": 2, "46": 2, "43": 2, "51": 9, "55": 12, "54": 12, "57": 12, "56": 9, "58": 3, "53": 6, "66": 11, "48": 5, "63": 14, "65": 4, "60": 6, "61": 12, "62": 9, "49": 7, "50": 8, "59": 3, "64": 7, "67": 9, "68": 6, "70": 7, "8": 8, "52": 4, "74": 8, "73": 4, "69": 6, "71": 5, "80": 3, "77": 7, "11": 6, "75": 5, "78": 5, "9": 8, "76": 4, "79": 3, "82": 5, "72": 2, "87": 2, "88": 4, "85": 2, "47": 2, "81": 3, "89": 2, "86": 2, "84": 2, "10": 3, "42": 1, "90": 3, "1": 4, "83": 1, "92": 2, "94": 2, "100": 2, "96": 2, "97": 2}, "19": {"21": 5, "total_commits": 242, "22": 6, "18": 3, "23": 8, "6": 4, "7": 7, "2": 8, "16": 5, "20": 3, "3": 7, "32": 4, "31": 4, "26": 4, "17": 6, "34": 4, "33": 7, "35": 7, "28": 3, "4": 5, "27": 3, "24": 4, "15": 2, "37": 5, "41": 5, "25": 3, "30": 3, "29": 3, "39": 4, "40": 2, "36": 4, "14": 2, "12": 5, "38": 4, "5": 3, "45": 3, "46": 3, "43": 3, "44": 3, "13": 4, "55": 2, "63": 3, "51": 2, "61": 2, "56": 2, "62": 2, "53": 2, "54": 2, "57": 2, "67": 2, "50": 3, "73": 2, "69": 2, "42": 2, "47": 2, "82": 2, "60": 2, "81": 2, "80": 2, "79": 2, "70": 2, "75": 2, "64": 1, "58": 1, "72": 1, "52": 1, "89": 1, "86": 1, "71": 1, "1": 1, "83": 1, "87": 1, "88": 1, "49": 1, "59": 1, "77": 1, "66": 1, "76": 1, "11": 1, "78": 1, "10": 1, "85": 1, "84": 1, "9": 1, "48": 1, "65": 1, "68": 1, "8": 1, "90": 1, "74": 1}, "20": {"7": 8, "total_commits": 299, "2": 9, "22": 9, "3": 9, "19": 3, "21": 8, "18": 3, "23": 8, "6": 8, "16": 6, "17": 3, "36": 5, "35": 3, "12": 6, "4": 7, "33": 4, "40": 4, "38": 4, "5": 6, "32": 4, "14": 2, "27": 2, "24": 3, "15": 2, "28": 4, "30": 4, "34": 4, "37": 3, "41": 4, "31": 4, "26": 2, "25": 5, "29": 2, "39": 2, "44": 2, "13": 5, "11": 5, "67": 5, "70": 3, "8": 5, "75": 3, "78": 5, "9": 5, "71": 5, "80": 3, "66": 5, "61": 5, "65": 3, "77": 5, "74": 3, "68": 5, "64": 3, "63": 4, "57": 2, "79": 2, "62": 4, "76": 2, "48": 2, "60": 1, "82": 2, "72": 1, "10": 3, "85": 1, "50": 3, "52": 1, "89": 1, "73": 1, "86": 1, "83": 1, "42": 1, "90": 1, "47": 1, "58": 1, "81": 1, "46": 1, "59": 1, "53": 1, "43": 1, "45": 1, "56": 1, "1": 3, "84": 1, "51": 1, "87": 1, "54": 1, "88": 3, "55": 1, "49": 1, "69": 3, "97": 2, "100": 2, "96": 2}, "21": {"22": 12, "total_commits": 425, "3": 13, "19": 5, "6": 9, "18": 3, "23": 12, "7": 12, "16": 9, "20": 8, "2": 14, "32": 6, "31": 6, "26": 3, "17": 7, "34": 5, "33": 7, "36": 7, "4": 8, "35": 6, "12": 9, "30": 5, "37": 5, "39": 4, "40": 4, "25": 7, "29": 3, "38": 7, "5": 6, "14": 2, "27": 4, "24": 5, "15": 2, "41": 7, "28": 4, "44": 3, "53": 4, "54": 4, "57": 5, "67": 7, "62": 6, "50": 6, "13": 7, "63": 7, "51": 4, "55": 4, "61": 6, "56": 4, "78": 5, "64": 3, "9": 7, "71": 5, "80": 3, "66": 5, "77": 7, "74": 4, "70": 4, "68": 5, "8": 5, "11": 5, "75": 4, "65": 3, "76": 3, "48": 3, "79": 3, "86": 2, "82": 3, "84": 2, "60": 2, "87": 2, "72": 2, "88": 4, "52": 3, "85": 2, "47": 2, "49": 3, "81": 2, "69": 4, "89": 2, "73": 3, "59": 1, "43": 1, "45": 1, "1": 3, "83": 1, "10": 3, "42": 1, "90": 1, "58": 1, "46": 1, "96": 2, "97": 2, "100": 2}, "24": {"2": 13, "total_commits": 483, "27": 5, "26": 9, "12": 20, "25": 10, "7": 13, "16": 10, "30": 6, "22": 9, "29": 4, "3": 6, "31": 8, "6": 5, "28": 4, "37": 10, "19": 4, "39": 3, "40": 7, "36": 8, "21": 5, "18": 4, "23": 10, "35": 11, "33": 10, "20": 3, "38": 7, "5": 5, "32": 4, "14": 2, "15": 5, "17": 5, "34": 4, "41": 12, "4": 5, "13": 7, "57": 8, "44": 5, "60": 7, "64": 4, "62": 10, "58": 3, "59": 3, "53": 4, "54": 7, "66": 5, "48": 6, "63": 8, "51": 6, "65": 3, "55": 5, "61": 4, "56": 7, "49": 6, "50": 4, "52": 4, "67": 5, "69": 6, "73": 7, "74": 4, "70": 6, "8": 4, "71": 2, "80": 2, "77": 3, "75": 5, "9": 4, "76": 4, "11": 3, "78": 2, "68": 2, "79": 3, "82": 9, "86": 5, "10": 3, "87": 4, "1": 3, "84": 4, "88": 3, "72": 4, "83": 2, "81": 5, "89": 6, "85": 2, "47": 2, "90": 2, "42": 1, "46": 1, "43": 1, "45": 1, "94": 1}, "27": {"24": 5, "total_commits": 286, "26": 4, "12": 8, "25": 5, "7": 6, "2": 5, "21": 4, "18": 2, "23": 5, "16": 4, "35": 6, "33": 4, "20": 2, "38": 4, "5": 2, "32": 3, "15": 3, "17": 5, "34": 3, "37": 5, "41": 8, "4": 2, "28": 2, "30": 2, "22": 4, "29": 2, "3": 3, "19": 3, "39": 5, "31": 4, "40": 3, "36": 6, "14": 2, "6": 2, "57": 5, "56": 5, "50": 6, "54": 5, "49": 5, "59": 2, "64": 2, "58": 2, "53": 4, "66": 2, "48": 3, "63": 5, "51": 4, "65": 2, "60": 4, "13": 3, "55": 4, "61": 2, "62": 3, "74": 3, "72": 4, "73": 6, "75": 3, "45": 2, "46": 2, "43": 2, "42": 2, "47": 3, "82": 4, "81": 3, "80": 2, "69": 3, "79": 3, "70": 3, "87": 3, "1": 2, "88": 3, "67": 3, "10": 2, "89": 2, "77": 3, "86": 2, "9": 3, "84": 2, "76": 2, "52": 3, "85": 2, "11": 1, "78": 1, "68": 1, "8": 1, "90": 1, "44": 1, "71": 1, "83": 1}, "26": {"27": 4, "total_commits": 272, "24": 9, "12": 8, "25": 6, "7": 7, "2": 7, "29": 3, "28": 3, "6": 4, "16": 6, "30": 4, "22": 5, "3": 4, "31": 6, "21": 3, "23": 5, "33": 7, "17": 3, "34": 4, "32": 4, "19": 4, "18": 3, "39": 3, "40": 3, "20": 2, "38": 5, "5": 2, "14": 3, "15": 4, "35": 5, "37": 4, "41": 6, "4": 3, "36": 4, "13": 3, "64": 2, "63": 3, "51": 3, "60": 3, "54": 3, "55": 3, "56": 3, "49": 3, "57": 4, "65": 2, "50": 3, "61": 2, "62": 3, "58": 3, "59": 3, "53": 3, "66": 2, "48": 3, "52": 2, "87": 2, "82": 3, "84": 3, "83": 2, "88": 2, "81": 4, "72": 4, "86": 3, "44": 3, "67": 2, "10": 2, "1": 2, "70": 2, "89": 2, "75": 2, "73": 3, "69": 2, "90": 2, "68": 1, "8": 1, "42": 1, "74": 1, "47": 1, "46": 1, "43": 1, "45": 1, "79": 1, "71": 1, "80": 1, "77": 1, "76": 1, "11": 2, "78": 1, "85": 1, "9": 1}, "25": {"27": 5, "total_commits": 448, "24": 10, "26": 6, "12": 11, "7": 12, "2": 10, "6": 6, "16": 7, "30": 8, "22": 9, "3": 8, "31": 6, "29": 4, "28": 4, "33": 7, "40": 4, "20": 5, "38": 9, "5": 6, "32": 4, "14": 3, "15": 4, "35": 8, "17": 4, "34": 4, "37": 8, "41": 9, "19": 3, "4": 8, "36": 8, "21": 7, "18": 3, "23": 9, "39": 4, "63": 9, "51": 6, "60": 3, "13": 8, "54": 4, "55": 6, "56": 4, "49": 3, "57": 7, "65": 3, "50": 7, "61": 7, "62": 7, "58": 3, "59": 2, "53": 6, "66": 5, "48": 4, "64": 3, "44": 3, "67": 8, "11": 4, "75": 5, "78": 4, "68": 4, "8": 4, "79": 3, "74": 3, "71": 4, "80": 2, "77": 5, "70": 5, "9": 5, "76": 3, "87": 2, "82": 6, "72": 3, "88": 4, "85": 2, "69": 5, "52": 2, "47": 2, "81": 3, "89": 3, "73": 3, "86": 3, "84": 3, "10": 4, "1": 5, "83": 1, "42": 1, "90": 2, "46": 1, "43": 1, "45": 1, "94": 1, "97": 2, "100": 2, "96": 2, "103": 1, "93": 1}, "12": {"27": 8, "total_commits": 831, "24": 20, "26": 8, "25": 11, "7": 30, "2": 31, "30": 7, "22": 15, "3": 17, "31": 9, "6": 11, "29": 4, "28": 4, "16": 15, "36": 11, "4": 14, "21": 9, "23": 17, "17": 8, "35": 16, "20": 6, "33": 13, "41": 19, "37": 18, "19": 5, "40": 9, "18": 3, "39": 6, "38": 14, "5": 15, "32": 5, "14": 2, "15": 6, "34": 4, "43": 4, "44": 6, "13": 20, "45": 2, "46": 2, "49": 9, "50": 11, "54": 9, "57": 16, "56": 10, "59": 4, "60": 10, "51": 10, "55": 10, "53": 7, "58": 6, "66": 10, "48": 7, "63": 20, "65": 3, "61": 12, "64": 6, "62": 14, "52": 4, "67": 14, "68": 5, "73": 9, "69": 7, "74": 8, "70": 5, "8": 11, "79": 4, "76": 6, "75": 8, "77": 8, "78": 7, "9": 13, "71": 5, "11": 9, "80": 2, "72": 6, "86": 7, "82": 12, "83": 3, "1": 13, "84": 9, "85": 4, "10": 11, "87": 6, "81": 5, "88": 7, "89": 4, "47": 2, "42": 1, "90": 2, "91": 2, "92": 2, "94": 3, "100": 2, "96": 2, "97": 3, "101": 1, "102": 1}, "30": {"12": 7, "total_commits": 271, "22": 6, "3": 7, "31": 3, "29": 4, "28": 3, "6": 5, "16": 5, "24": 6, "26": 4, "25": 8, "7": 6, "2": 6, "37": 4, "41": 5, "19": 3, "4": 6, "36": 4, "21": 5, "18": 2, "23": 5, "39": 2, "33": 6, "40": 2, "20": 4, "38": 6, "5": 5, "32": 2, "14": 2, "27": 2, "15": 3, "35": 4, "17": 3, "34": 2, "49": 2, "62": 5, "48": 2, "56": 3, "54": 3, "52": 2, "53": 2, "61": 4, "50": 4, "13": 5, "57": 2, "44": 2, "67": 4, "51": 2, "55": 2, "63": 4, "83": 1, "68": 3, "90": 1, "74": 1, "47": 1, "58": 2, "81": 1, "46": 1, "59": 1, "43": 1, "75": 2, "45": 1, "79": 1, "71": 3, "80": 1, "1": 4, "84": 1, "87": 1, "88": 3, "69": 3, "65": 1, "8": 3, "42": 1, "77": 3, "70": 2, "66": 3, "76": 1, "64": 1, "11": 3, "78": 3, "60": 1, "82": 2, "72": 1, "10": 3, "85": 1, "89": 1, "73": 1, "86": 1, "9": 3, "97": 2, "100": 2, "96": 2, "103": 1, "93": 1}, "29": {"31": 3, "total_commits": 169, "6": 3, "24": 4, "28": 3, "26": 3, "25": 4, "7": 4, "2": 4, "16": 4, "12": 4, "30": 4, "3": 4, "22": 4, "36": 3, "21": 3, "18": 2, "19": 3, "23": 3, "39": 2, "40": 2, "14": 2, "27": 2, "35": 3, "33": 3, "20": 2, "38": 3, "5": 2, "32": 2, "15": 2, "17": 3, "34": 2, "37": 3, "41": 3, "4": 3, "61": 2, "56": 2, "62": 2, "53": 2, "54": 2, "57": 2, "44": 2, "67": 2, "50": 2, "13": 2, "55": 2, "63": 2, "51": 2, "9": 1, "69": 1, "65": 1, "68": 1, "8": 1, "42": 1, "90": 1, "74": 1, "70": 1, "66": 1, "64": 1, "58": 1, "46": 1, "60": 1, "82": 1, "72": 1, "43": 1, "45": 1, "52": 1, "89": 1, "73": 1, "86": 1, "48": 1, "71": 1, "80": 1, "1": 1, "83": 1, "87": 1, "88": 1, "47": 1, "49": 1, "81": 1, "59": 1, "77": 1, "75": 1, "76": 1, "11": 1, "79": 1, "78": 1, "10": 1, "85": 1, "84": 1}, "28": {"3": 6, "total_commits": 240, "22": 5, "29": 3, "31": 5, "6": 5, "24": 4, "26": 3, "25": 4, "7": 6, "2": 7, "30": 3, "16": 4, "12": 4, "35": 4, "19": 3, "23": 5, "4": 6, "17": 3, "14": 2, "27": 2, "15": 2, "20": 4, "5": 4, "32": 5, "34": 4, "37": 6, "41": 2, "36": 4, "21": 4, "18": 2, "39": 2, "33": 2, "40": 4, "38": 3, "13": 5, "44": 2, "67": 4, "70": 3, "68": 3, "8": 3, "75": 3, "78": 3, "71": 3, "66": 5, "61": 3, "65": 5, "77": 3, "74": 3, "64": 5, "9": 3, "80": 3, "11": 3, "63": 3, "79": 2, "62": 3, "57": 2, "76": 2, "48": 2, "55": 1, "69": 1, "42": 1, "90": 1, "60": 1, "82": 1, "53": 1, "72": 1, "10": 1, "50": 1, "52": 1, "56": 1, "89": 1, "73": 1, "86": 1, "83": 1, "51": 1, "87": 1, "88": 1, "47": 1, "49": 1, "58": 1, "81": 1, "46": 1, "59": 1, "43": 1, "45": 1, "85": 1, "1": 1, "84": 1, "54": 1, "92": 1}, "31": {"22": 10, "total_commits": 415, "29": 3, "6": 8, "24": 8, "28": 5, "26": 6, "25": 6, "7": 11, "2": 12, "16": 10, "12": 9, "30": 3, "3": 8, "21": 6, "32": 7, "19": 4, "23": 11, "17": 5, "34": 6, "33": 8, "5": 7, "15": 3, "37": 7, "41": 5, "4": 7, "18": 3, "39": 4, "40": 7, "36": 7, "14": 2, "27": 4, "35": 7, "20": 4, "38": 7, "13": 7, "59": 3, "66": 6, "48": 5, "64": 5, "58": 3, "60": 4, "53": 3, "54": 4, "55": 3, "63": 9, "51": 5, "65": 4, "61": 5, "56": 4, "62": 7, "49": 3, "57": 5, "50": 3, "77": 5, "78": 4, "9": 6, "8": 5, "11": 5, "75": 6, "67": 6, "71": 3, "80": 3, "74": 5, "70": 5, "68": 3, "76": 4, "79": 3, "69": 4, "1": 3, "73": 2, "86": 2, "84": 2, "82": 2, "72": 2, "87": 2, "88": 2, "52": 2, "85": 2, "47": 2, "81": 3, "89": 2, "83": 1, "10": 1, "42": 1, "90": 2, "46": 1, "43": 1, "45": 1, "44": 2, "92": 1, "94": 1}, "33": {"3": 8, "total_commits": 481, "19": 7, "31": 8, "21": 7, "23": 12, "6": 6, "16": 11, "26": 7, "7": 13, "2": 11, "17": 6, "34": 5, "22": 9, "32": 6, "28": 2, "30": 6, "37": 9, "41": 9, "4": 8, "25": 7, "36": 6, "29": 3, "18": 3, "39": 7, "40": 4, "12": 13, "20": 4, "38": 15, "5": 7, "14": 2, "27": 4, "24": 10, "15": 3, "35": 11, "13": 8, "44": 4, "45": 2, "46": 2, "43": 3, "61": 5, "62": 14, "58": 3, "59": 4, "53": 4, "66": 6, "48": 7, "64": 3, "63": 10, "51": 5, "60": 4, "54": 6, "55": 5, "56": 6, "49": 4, "57": 5, "65": 2, "50": 6, "52": 3, "67": 8, "69": 7, "10": 4, "87": 3, "88": 6, "72": 5, "89": 3, "82": 4, "77": 4, "47": 2, "81": 4, "73": 2, "86": 2, "9": 5, "84": 2, "76": 5, "75": 4, "85": 2, "79": 2, "74": 2, "70": 4, "11": 4, "78": 3, "83": 1, "68": 3, "8": 3, "42": 1, "90": 1, "71": 3, "80": 1, "1": 4, "94": 1, "100": 2, "96": 2, "97": 2}, "34": {"17": 4, "total_commits": 252, "16": 5, "33": 5, "3": 5, "22": 5, "32": 6, "19": 4, "23": 6, "31": 6, "6": 5, "21": 5, "26": 4, "7": 6, "2": 5, "36": 4, "14": 2, "35": 3, "12": 4, "20": 4, "38": 3, "5": 4, "27": 3, "24": 4, "15": 3, "37": 4, "41": 3, "4": 4, "28": 4, "25": 4, "30": 2, "29": 2, "18": 2, "39": 2, "40": 5, "13": 4, "55": 2, "61": 4, "56": 2, "62": 3, "49": 2, "57": 3, "50": 2, "59": 2, "64": 4, "58": 2, "53": 2, "54": 2, "66": 4, "48": 3, "63": 3, "51": 2, "65": 4, "60": 2, "67": 3, "77": 3, "74": 3, "70": 3, "68": 3, "8": 3, "11": 3, "75": 3, "78": 3, "9": 3, "71": 3, "80": 3, "79": 2, "76": 2, "69": 2, "42": 1, "90": 1, "46": 1, "82": 1, "72": 1, "43": 1, "45": 1, "52": 1, "44": 1, "89": 1, "73": 1, "1": 1, "83": 1, "87": 1, "88": 1, "47": 1, "81": 1, "10": 1, "85": 1, "84": 1, "86": 1}, "32": {"23": 8, "total_commits": 293, "7": 8, "6": 5, "16": 7, "34": 6, "33": 6, "26": 4, "2": 9, "17": 3, "22": 5, "3": 7, "19": 4, "31": 7, "21": 6, "18": 2, "39": 4, "35": 6, "40": 5, "12": 5, "20": 4, "38": 7, "5": 6, "14": 2, "27": 3, "24": 4, "15": 3, "41": 3, "28": 5, "30": 2, "37": 7, "4": 7, "25": 4, "36": 5, "29": 2, "13": 6, "45": 2, "46": 2, "43": 2, "44": 4, "50": 2, "61": 4, "62": 3, "58": 2, "59": 2, "53": 2, "54": 2, "66": 4, "48": 3, "64": 4, "63": 3, "51": 2, "60": 2, "55": 2, "56": 2, "49": 2, "57": 3, "65": 4, "8": 3, "11": 3, "67": 3, "75": 3, "78": 3, "9": 3, "71": 3, "80": 3, "77": 3, "74": 3, "70": 3, "68": 3, "76": 2, "79": 2, "47": 1, "52": 1, "1": 1, "83": 1, "84": 1, "87": 1, "88": 1, "81": 1, "69": 1, "82": 1, "72": 1, "10": 1, "85": 1, "89": 1, "73": 1, "86": 1, "42": 1, "90": 1}, "35": {"19": 7, "total_commits": 712, "23": 25, "4": 14, "7": 31, "2": 21, "17": 10, "28": 4, "3": 10, "16": 12, "12": 16, "20": 3, "36": 23, "22": 15, "6": 4, "21": 6, "25": 8, "30": 4, "29": 3, "39": 13, "31": 7, "40": 6, "14": 3, "18": 2, "33": 11, "38": 26, "5": 10, "32": 6, "27": 6, "24": 11, "15": 6, "34": 3, "37": 25, "41": 15, "26": 5, "44": 9, "13": 14, "45": 3, "46": 3, "43": 4, "51": 10, "55": 15, "53": 9, "54": 14, "57": 12, "56": 9, "52": 5, "59": 4, "50": 8, "49": 7, "60": 11, "58": 4, "65": 2, "61": 9, "62": 8, "64": 5, "66": 8, "48": 4, "63": 18, "67": 7, "68": 2, "70": 11, "8": 5, "69": 8, "74": 5, "73": 8, "75": 9, "42": 2, "47": 3, "82": 6, "81": 5, "80": 2, "79": 3, "88": 4, "72": 5, "10": 3, "87": 3, "85": 2, "89": 3, "77": 4, "86": 3, "9": 4, "84": 3, "76": 3, "1": 3, "11": 2, "78": 1, "90": 3, "71": 1, "83": 1, "92": 2, "91": 1, "94": 1, "95": 1, "101": 2, "96": 3, "97": 3, "100": 3, "99": 1, "102": 2, "98": 1, "93": 1, "103": 1}, "4": {"17": 5, "total_commits": 571, "35": 14, "3": 19, "28": 6, "19": 5, "23": 13, "7": 23, "2": 22, "21": 8, "22": 9, "6": 13, "16": 8, "36": 11, "12": 14, "20": 7, "14": 3, "27": 2, "33": 8, "38": 13, "5": 14, "32": 7, "24": 5, "15": 3, "34": 4, "37": 12, "41": 6, "26": 3, "25": 8, "30": 6, "29": 3, "18": 3, "39": 5, "31": 7, "40": 5, "46": 2, "13": 17, "45": 2, "43": 2, "44": 7, "54": 4, "55": 4, "53": 4, "64": 6, "63": 12, "8": 10, "66": 10, "67": 12, "50": 5, "51": 4, "61": 8, "56": 3, "62": 9, "57": 6, "11": 10, "75": 9, "77": 6, "78": 7, "9": 11, "76": 4, "48": 4, "70": 6, "68": 5, "65": 3, "74": 3, "71": 5, "80": 3, "79": 2, "10": 7, "89": 2, "1": 9, "73": 2, "86": 2, "84": 3, "69": 5, "82": 3, "81": 3, "72": 2, "85": 1, "42": 1, "90": 1, "58": 3, "60": 2, "52": 1, "83": 1, "87": 1, "88": 3, "47": 1, "49": 1, "59": 2, "91": 1, "92": 1, "94": 1, "97": 3, "99": 1, "96": 3, "101": 1, "100": 3, "93": 1, "103": 1}, "36": {"22": 15, "total_commits": 673, "3": 12, "4": 11, "21": 7, "23": 11, "6": 9, "16": 28, "12": 11, "7": 15, "20": 5, "2": 28, "17": 15, "35": 23, "29": 3, "18": 2, "39": 6, "33": 6, "40": 5, "38": 10, "5": 8, "32": 5, "14": 3, "27": 6, "24": 8, "15": 4, "28": 4, "30": 4, "34": 4, "37": 16, "41": 15, "19": 4, "31": 7, "26": 4, "25": 8, "42": 3, "13": 9, "44": 10, "8": 10, "47": 5, "48": 11, "50": 10, "51": 14, "52": 7, "53": 11, "49": 7, "60": 11, "58": 4, "55": 10, "57": 9, "56": 6, "54": 10, "59": 5, "61": 4, "62": 7, "66": 3, "64": 3, "63": 16, "65": 3, "67": 8, "71": 4, "70": 14, "74": 4, "73": 10, "69": 8, "9": 6, "78": 4, "75": 13, "11": 4, "77": 5, "76": 5, "80": 3, "68": 2, "79": 4, "82": 6, "81": 4, "45": 2, "46": 2, "43": 2, "1": 7, "89": 3, "86": 3, "84": 4, "87": 3, "72": 5, "88": 4, "85": 3, "10": 3, "83": 1, "90": 1, "93": 2, "98": 2, "97": 3, "96": 3, "99": 1, "101": 1, "100": 2, "102": 1, "103": 1}, "39": {"17": 6, "total_commits": 339, "30": 2, "34": 2, "37": 10, "41": 6, "3": 4, "19": 4, "4": 5, "26": 3, "25": 4, "2": 9, "36": 6, "21": 4, "22": 4, "29": 2, "18": 2, "23": 8, "31": 4, "33": 7, "40": 2, "38": 10, "5": 5, "32": 4, "14": 3, "27": 5, "15": 2, "6": 2, "7": 12, "16": 4, "35": 13, "12": 6, "20": 2, "28": 2, "24": 3, "13": 4, "44": 4, "45": 3, "46": 3, "43": 4, "51": 6, "57": 5, "56": 4, "55": 6, "53": 5, "50": 6, "61": 2, "63": 8, "62": 5, "64": 2, "60": 3, "69": 5, "42": 2, "79": 3, "47": 3, "82": 4, "81": 5, "80": 2, "70": 4, "75": 4, "73": 5, "88": 3, "72": 4, "67": 5, "10": 3, "87": 3, "54": 4, "74": 2, "52": 3, "85": 2, "77": 3, "49": 3, "89": 3, "86": 3, "84": 3, "76": 2, "48": 2, "9": 3, "1": 2, "83": 1, "58": 1, "59": 1, "71": 1, "65": 1, "68": 1, "8": 1, "90": 1, "66": 2, "11": 1, "78": 1}, "41": {"3": 6, "total_commits": 567, "19": 5, "39": 6, "31": 5, "40": 5, "25": 9, "36": 15, "14": 3, "6": 4, "21": 7, "18": 3, "7": 13, "23": 11, "16": 7, "35": 15, "33": 9, "12": 19, "20": 4, "38": 8, "5": 5, "32": 3, "27": 8, "24": 12, "15": 4, "17": 9, "34": 3, "37": 12, "4": 6, "28": 2, "26": 6, "2": 13, "30": 5, "22": 9, "29": 3, "13": 8, "44": 7, "50": 16, "49": 11, "51": 10, "52": 5, "53": 8, "60": 9, "58": 3, "55": 9, "54": 9, "56": 7, "59": 3, "57": 10, "61": 5, "62": 7, "64": 2, "66": 4, "48": 3, "63": 13, "65": 2, "67": 7, "69": 9, "74": 4, "70": 8, "8": 5, "73": 9, "75": 7, "81": 5, "80": 2, "79": 3, "45": 2, "46": 2, "43": 2, "42": 2, "47": 3, "82": 13, "10": 7, "87": 5, "1": 6, "84": 6, "83": 2, "88": 6, "72": 5, "86": 5, "89": 4, "85": 2, "77": 5, "9": 5, "76": 2, "11": 3, "78": 3, "68": 3, "90": 1, "71": 3, "97": 2, "100": 2, "96": 2}, "37": {"29": 3, "total_commits": 675, "18": 3, "19": 5, "23": 17, "39": 10, "31": 7, "40": 7, "14": 3, "27": 5, "6": 6, "7": 19, "16": 10, "35": 25, "33": 9, "12": 18, "20": 3, "38": 14, "5": 16, "22": 9, "32": 7, "24": 10, "15": 4, "17": 6, "34": 4, "41": 12, "3": 10, "4": 12, "28": 6, "26": 4, "25": 8, "2": 17, "36": 16, "30": 4, "21": 5, "44": 7, "46": 3, "13": 18, "45": 3, "43": 5, "55": 11, "51": 9, "53": 7, "57": 16, "56": 12, "50": 8, "54": 10, "52": 4, "59": 4, "60": 11, "49": 6, "58": 7, "61": 11, "63": 23, "65": 5, "62": 11, "66": 12, "48": 5, "64": 9, "67": 9, "68": 3, "70": 11, "8": 4, "73": 7, "69": 8, "74": 7, "9": 5, "76": 4, "11": 5, "79": 4, "78": 3, "77": 4, "71": 2, "80": 3, "75": 11, "81": 6, "42": 2, "47": 3, "82": 5, "72": 3, "87": 2, "88": 2, "85": 2, "89": 3, "86": 3, "84": 4, "10": 3, "1": 5, "90": 1, "83": 1, "91": 2, "92": 4, "94": 1, "93": 1, "103": 1}, "5": {"28": 4, "total_commits": 504, "26": 2, "25": 6, "2": 17, "36": 8, "21": 6, "22": 9, "29": 2, "18": 3, "19": 3, "23": 12, "39": 5, "31": 7, "40": 6, "38": 9, "14": 2, "27": 2, "15": 3, "6": 11, "7": 16, "16": 8, "35": 10, "33": 7, "12": 15, "20": 6, "32": 6, "24": 5, "17": 3, "30": 5, "34": 4, "37": 16, "41": 5, "3": 14, "4": 14, "44": 4, "45": 2, "46": 2, "13": 17, "43": 3, "53": 2, "57": 8, "56": 4, "50": 4, "55": 4, "51": 4, "63": 14, "68": 6, "61": 7, "60": 4, "64": 5, "69": 5, "74": 5, "49": 2, "54": 2, "70": 6, "8": 9, "73": 2, "9": 9, "11": 9, "77": 6, "62": 7, "75": 7, "67": 10, "78": 7, "76": 4, "48": 4, "66": 7, "65": 3, "71": 5, "80": 3, "79": 2, "85": 1, "84": 2, "42": 1, "90": 1, "82": 2, "72": 1, "10": 4, "52": 1, "89": 1, "86": 1, "1": 6, "83": 1, "87": 1, "88": 3, "47": 1, "58": 4, "81": 2, "59": 2, "92": 1, "91": 1, "94": 1, "100": 2, "97": 3, "96": 2, "101": 1, "102": 1, "93": 1, "103": 1}, "38": {"21": 7, "total_commits": 597, "29": 3, "18": 3, "23": 15, "39": 10, "16": 13, "35": 26, "40": 5, "33": 15, "12": 14, "20": 4, "5": 9, "32": 7, "14": 3, "27": 4, "24": 7, "15": 3, "6": 5, "7": 19, "41": 8, "28": 3, "17": 5, "30": 6, "34": 3, "37": 14, "22": 11, "3": 8, "19": 4, "4": 13, "31": 7, "26": 5, "25": 9, "2": 15, "36": 10, "13": 12, "44": 8, "45": 2, "46": 2, "43": 4, "55": 10, "53": 7, "54": 8, "48": 7, "64": 5, "63": 14, "51": 7, "60": 6, "56": 8, "49": 4, "57": 8, "65": 2, "50": 7, "61": 9, "62": 12, "58": 4, "59": 4, "66": 8, "52": 3, "8": 6, "67": 10, "68": 4, "72": 6, "10": 5, "87": 3, "88": 6, "69": 7, "75": 5, "82": 5, "85": 2, "79": 2, "74": 3, "70": 5, "77": 5, "47": 2, "81": 5, "89": 3, "73": 3, "86": 3, "9": 6, "84": 3, "76": 5, "1": 5, "11": 5, "78": 3, "83": 1, "42": 1, "90": 3, "71": 3, "80": 1, "92": 1, "91": 1, "94": 2, "95": 1, "97": 3, "100": 4, "96": 4, "102": 1}, "40": {"28": 4, "total_commits": 344, "26": 3, "17": 3, "30": 2, "37": 7, "22": 8, "3": 5, "19": 2, "4": 5, "31": 7, "25": 4, "2": 7, "36": 5, "21": 4, "29": 2, "18": 3, "23": 10, "7": 8, "39": 2, "16": 6, "35": 6, "33": 4, "12": 9, "20": 4, "38": 5, "5": 6, "32": 5, "14": 2, "27": 3, "24": 7, "15": 3, "6": 5, "34": 5, "41": 5, "51": 4, "60": 4, "13": 4, "55": 4, "56": 3, "49": 4, "57": 6, "65": 4, "50": 3, "61": 6, "62": 5, "58": 3, "59": 3, "53": 2, "54": 6, "66": 7, "48": 4, "64": 5, "63": 6, "73": 3, "69": 3, "74": 8, "70": 5, "8": 5, "75": 4, "78": 3, "9": 4, "71": 3, "80": 3, "77": 3, "68": 3, "11": 4, "67": 4, "79": 2, "76": 3, "72": 2, "86": 2, "82": 3, "1": 3, "84": 2, "83": 2, "85": 2, "87": 1, "88": 1, "81": 2, "10": 1, "52": 1, "89": 1, "42": 1, "90": 2, "47": 1, "46": 1, "43": 1, "45": 1, "44": 2, "92": 2, "94": 1}, "42": {"36": 3, "total_commits": 115, "2": 2, "6": 2, "75": 2, "63": 2, "73": 2, "17": 2, "45": 2, "46": 2, "37": 2, "41": 2, "60": 2, "43": 2, "69": 2, "79": 2, "47": 2, "82": 2, "19": 2, "39": 2, "81": 2, "80": 2, "27": 2, "70": 2, "35": 2, "50": 2, "15": 1, "86": 1, "28": 1, "48": 1, "71": 1, "20": 1, "38": 1, "1": 1, "83": 1, "22": 1, "51": 1, "87": 1, "12": 1, "5": 1, "24": 1, "88": 1, "49": 1, "59": 1, "29": 1, "77": 1, "7": 1, "76": 1, "11": 1, "26": 1, "78": 1, "16": 1, "10": 1, "85": 1, "57": 1, "34": 1, "84": 1, "3": 1, "9": 1, "54": 1, "33": 1, "55": 1, "65": 1, "68": 1, "8": 1, "13": 1, "90": 1, "62": 1, "40": 1, "74": 1, "25": 1, "66": 1, "21": 1, "23": 1, "64": 1, "58": 1, "53": 1, "72": 1, "14": 1, "67": 1, "30": 1, "32": 1, "52": 1, "4": 1, "61": 1, "56": 1, "18": 1, "31": 1, "44": 1, "89": 1}, "13": {"3": 14, "total_commits": 615, "19": 4, "4": 17, "2": 22, "23": 12, "39": 4, "33": 8, "38": 12, "5": 17, "44": 7, "32": 6, "45": 2, "46": 2, "7": 21, "35": 14, "12": 20, "43": 4, "37": 18, "28": 5, "36": 9, "6": 9, "22": 9, "41": 8, "31": 7, "24": 7, "26": 3, "55": 7, "51": 5, "53": 5, "56": 9, "50": 7, "57": 10, "60": 5, "15": 4, "54": 5, "61": 11, "62": 12, "49": 3, "58": 6, "40": 4, "34": 4, "59": 2, "25": 8, "66": 13, "48": 5, "64": 10, "27": 3, "16": 6, "63": 21, "65": 5, "8": 10, "21": 7, "29": 2, "67": 14, "17": 3, "30": 5, "68": 6, "78": 7, "75": 8, "9": 11, "11": 9, "77": 7, "76": 4, "71": 5, "80": 3, "74": 5, "70": 5, "20": 5, "79": 3, "47": 2, "81": 2, "89": 2, "73": 2, "86": 2, "84": 3, "87": 2, "82": 3, "72": 2, "88": 4, "85": 2, "69": 5, "52": 2, "42": 1, "14": 1, "10": 6, "18": 1, "83": 1, "90": 1, "1": 7, "91": 2, "92": 1, "100": 2, "97": 3, "96": 2, "101": 1, "102": 1, "103": 1, "93": 1}, "43": {"45": 3, "total_commits": 153, "46": 3, "4": 2, "37": 5, "3": 2, "19": 3, "44": 2, "2": 2, "23": 2, "7": 3, "39": 4, "35": 4, "33": 3, "12": 4, "13": 4, "38": 4, "5": 3, "32": 2, "27": 2, "17": 2, "41": 2, "42": 2, "73": 2, "47": 2, "82": 2, "60": 2, "81": 3, "80": 2, "69": 2, "36": 2, "79": 2, "70": 2, "50": 2, "75": 2, "63": 5, "64": 1, "58": 3, "59": 1, "53": 1, "29": 1, "30": 1, "52": 1, "56": 1, "31": 1, "15": 1, "28": 1, "71": 1, "20": 1, "1": 1, "83": 1, "22": 1, "84": 1, "51": 1, "87": 1, "24": 1, "88": 1, "55": 1, "49": 1, "77": 1, "62": 2, "40": 1, "25": 1, "66": 2, "76": 1, "21": 1, "11": 1, "26": 1, "78": 1, "16": 1, "72": 1, "14": 1, "67": 2, "10": 1, "85": 1, "57": 1, "34": 1, "61": 1, "18": 1, "89": 1, "86": 1, "9": 1, "54": 1, "48": 1, "65": 1, "6": 1, "68": 1, "8": 1, "90": 1, "74": 2}, "44": {"3": 5, "total_commits": 300, "19": 3, "39": 4, "23": 5, "7": 9, "35": 9, "33": 4, "12": 6, "13": 7, "38": 8, "5": 4, "32": 4, "45": 2, "46": 2, "37": 7, "4": 7, "43": 2, "2": 13, "28": 2, "36": 10, "16": 9, "21": 3, "20": 2, "47": 2, "8": 2, "50": 7, "49": 3, "41": 7, "51": 7, "17": 4, "53": 6, "52": 2, "54": 3, "55": 5, "57": 6, "56": 4, "60": 3, "24": 5, "15": 2, "22": 4, "29": 2, "25": 3, "67": 5, "63": 4, "61": 2, "62": 3, "30": 2, "82": 3, "81": 5, "86": 2, "84": 2, "69": 3, "72": 3, "14": 2, "70": 3, "89": 2, "75": 3, "10": 2, "1": 3, "73": 3, "26": 3, "90": 2, "31": 2, "79": 1, "71": 1, "80": 1, "83": 1, "87": 1, "88": 1, "59": 2, "77": 1, "66": 2, "76": 2, "11": 2, "78": 1, "85": 1, "34": 1, "18": 2, "9": 2, "48": 2, "27": 1, "65": 1, "6": 2, "68": 1, "42": 1, "40": 2, "74": 1, "64": 1, "58": 2, "94": 1}, "45": {"46": 3, "total_commits": 130, "7": 2, "35": 3, "33": 2, "12": 2, "43": 3, "5": 2, "32": 2, "37": 3, "3": 2, "19": 3, "4": 2, "2": 2, "23": 2, "39": 3, "13": 2, "38": 2, "44": 2, "27": 2, "70": 2, "50": 2, "75": 2, "63": 2, "73": 2, "17": 2, "41": 2, "60": 2, "69": 2, "42": 2, "36": 2, "79": 2, "47": 2, "82": 2, "81": 2, "80": 2, "52": 1, "61": 1, "56": 1, "18": 1, "31": 1, "89": 1, "86": 1, "28": 1, "48": 1, "71": 1, "20": 1, "1": 1, "83": 1, "22": 1, "51": 1, "74": 1, "87": 1, "24": 1, "88": 1, "49": 1, "58": 1, "59": 1, "29": 1, "30": 1, "26": 1, "78": 1, "15": 1, "16": 1, "85": 1, "57": 1, "34": 1, "84": 1, "9": 1, "54": 1, "55": 1, "65": 1, "6": 1, "68": 1, "8": 1, "90": 1, "77": 1, "62": 1, "40": 1, "25": 1, "66": 1, "76": 1, "21": 1, "64": 1, "11": 1, "53": 1, "72": 1, "14": 1, "67": 1, "10": 1}, "46": {"7": 2, "total_commits": 130, "35": 3, "33": 2, "12": 2, "13": 2, "38": 2, "5": 2, "32": 2, "45": 3, "37": 3, "3": 2, "4": 2, "43": 3, "2": 2, "19": 3, "23": 2, "39": 3, "44": 2, "36": 2, "79": 2, "27": 2, "70": 2, "50": 2, "75": 2, "63": 2, "73": 2, "17": 2, "41": 2, "60": 2, "69": 2, "42": 2, "47": 2, "82": 2, "81": 2, "80": 2, "74": 1, "25": 1, "66": 1, "21": 1, "64": 1, "58": 1, "53": 1, "72": 1, "14": 1, "67": 1, "30": 1, "52": 1, "61": 1, "56": 1, "18": 1, "31": 1, "89": 1, "15": 1, "86": 1, "28": 1, "48": 1, "71": 1, "20": 1, "1": 1, "83": 1, "22": 1, "51": 1, "87": 1, "24": 1, "88": 1, "49": 1, "59": 1, "29": 1, "77": 1, "76": 1, "11": 1, "26": 1, "78": 1, "16": 1, "10": 1, "85": 1, "57": 1, "34": 1, "84": 1, "9": 1, "54": 1, "55": 1, "65": 1, "6": 1, "68": 1, "8": 1, "90": 1, "62": 1, "40": 1}, "47": {"44": 2, "total_commits": 181, "2": 3, "16": 4, "36": 5, "8": 3, "35": 3, "43": 2, "75": 4, "63": 3, "73": 4, "17": 4, "37": 3, "41": 3, "60": 3, "19": 2, "80": 2, "69": 3, "42": 2, "79": 3, "82": 3, "39": 3, "81": 3, "50": 3, "27": 3, "70": 4, "45": 2, "46": 2, "52": 3, "48": 3, "1": 2, "51": 3, "53": 3, "86": 2, "22": 2, "9": 2, "84": 2, "25": 2, "76": 2, "21": 2, "23": 2, "33": 2, "7": 2, "87": 2, "13": 2, "54": 2, "72": 2, "67": 2, "88": 2, "55": 2, "85": 2, "56": 2, "74": 2, "12": 2, "24": 2, "77": 2, "62": 2, "49": 2, "31": 2, "57": 2, "38": 2, "89": 2, "83": 1, "90": 1, "58": 1, "59": 1, "29": 1, "30": 1, "32": 1, "26": 1, "15": 1, "28": 1, "71": 1, "20": 1, "34": 1, "3": 1, "5": 1, "65": 1, "6": 1, "68": 1, "40": 1, "66": 1, "64": 1, "11": 1, "78": 1, "14": 1, "10": 1, "4": 1, "61": 1, "18": 1}, "8": {"47": 3, "total_commits": 435, "16": 9, "36": 10, "44": 2, "2": 16, "48": 6, "22": 10, "64": 7, "13": 10, "63": 9, "38": 6, "7": 14, "4": 10, "66": 9, "53": 3, "67": 9, "71": 8, "70": 7, "35": 5, "55": 4, "23": 8, "40": 5, "54": 4, "57": 4, "74": 5, "12": 11, "5": 9, "24": 4, "73": 4, "17": 4, "37": 4, "41": 5, "51": 4, "69": 4, "49": 2, "60": 2, "9": 11, "79": 3, "76": 4, "3": 10, "75": 8, "77": 8, "78": 8, "31": 5, "6": 8, "62": 6, "11": 10, "80": 3, "68": 5, "20": 5, "32": 3, "34": 3, "28": 3, "61": 8, "65": 3, "21": 5, "25": 4, "10": 7, "87": 3, "1": 9, "82": 4, "84": 4, "86": 2, "52": 2, "19": 1, "88": 3, "81": 1, "59": 2, "29": 1, "26": 1, "85": 1, "50": 3, "33": 3, "27": 1, "42": 1, "90": 2, "58": 1, "46": 1, "72": 1, "14": 1, "43": 1, "30": 3, "45": 1, "56": 1, "18": 1, "39": 1, "89": 1, "15": 1, "83": 1, "91": 1, "92": 2, "95": 1, "96": 2, "97": 2, "100": 2}, "48": {"36": 11, "total_commits": 357, "22": 6, "8": 6, "16": 13, "33": 7, "63": 7, "27": 3, "41": 3, "51": 6, "26": 3, "65": 3, "37": 5, "60": 6, "35": 4, "12": 7, "13": 5, "32": 3, "24": 6, "55": 4, "56": 5, "49": 4, "31": 5, "57": 5, "50": 3, "15": 2, "34": 3, "64": 3, "61": 3, "62": 8, "58": 3, "7": 6, "40": 4, "38": 7, "59": 4, "53": 7, "54": 5, "25": 4, "66": 4, "23": 5, "52": 5, "30": 2, "71": 4, "70": 9, "67": 7, "11": 4, "75": 7, "5": 4, "4": 4, "3": 4, "78": 3, "9": 5, "2": 5, "76": 7, "6": 4, "68": 2, "79": 3, "74": 3, "28": 2, "80": 2, "77": 3, "20": 2, "21": 3, "73": 4, "47": 3, "1": 4, "17": 4, "87": 3, "72": 5, "88": 4, "85": 3, "81": 3, "69": 3, "39": 2, "89": 2, "86": 2, "82": 3, "84": 3, "42": 1, "90": 1, "46": 1, "29": 1, "43": 1, "45": 1, "44": 2, "83": 1, "19": 1, "14": 1, "10": 2, "18": 2, "93": 1, "94": 1}, "50": {"12": 11, "total_commits": 438, "44": 7, "49": 10, "41": 16, "51": 11, "36": 10, "2": 10, "17": 7, "16": 5, "52": 5, "53": 10, "5": 4, "37": 8, "39": 6, "55": 10, "57": 10, "56": 8, "13": 7, "59": 4, "60": 6, "58": 3, "54": 8, "35": 8, "27": 6, "7": 10, "15": 3, "31": 3, "40": 3, "34": 2, "64": 2, "62": 6, "38": 7, "25": 7, "66": 4, "48": 3, "23": 8, "33": 6, "63": 9, "26": 3, "65": 2, "32": 2, "24": 4, "61": 5, "22": 6, "29": 2, "3": 5, "19": 3, "67": 6, "21": 6, "4": 5, "30": 4, "82": 6, "81": 4, "80": 2, "69": 6, "79": 3, "70": 4, "75": 4, "45": 2, "46": 2, "43": 2, "42": 2, "73": 5, "47": 3, "10": 5, "74": 3, "77": 5, "89": 3, "86": 3, "9": 5, "84": 3, "76": 2, "87": 2, "72": 3, "88": 4, "85": 2, "14": 2, "1": 4, "28": 1, "71": 3, "20": 3, "83": 1, "11": 3, "78": 3, "18": 1, "6": 3, "68": 3, "8": 3, "90": 1, "97": 2, "100": 2, "96": 2}, "49": {"41": 11, "total_commits": 297, "12": 9, "50": 10, "44": 3, "53": 6, "17": 5, "36": 7, "52": 7, "51": 7, "58": 3, "55": 7, "54": 10, "57": 7, "56": 8, "35": 7, "37": 6, "59": 3, "60": 5, "27": 5, "26": 3, "65": 2, "15": 2, "16": 5, "32": 2, "24": 6, "61": 2, "62": 4, "31": 3, "40": 4, "38": 4, "34": 2, "25": 3, "66": 3, "48": 4, "23": 7, "64": 3, "7": 7, "13": 3, "33": 4, "63": 5, "30": 2, "69": 3, "2": 4, "74": 4, "22": 4, "70": 3, "8": 2, "5": 2, "73": 4, "10": 2, "79": 2, "87": 2, "88": 2, "85": 2, "77": 3, "47": 2, "39": 3, "81": 2, "89": 2, "86": 2, "84": 2, "76": 2, "21": 3, "75": 2, "82": 3, "9": 3, "72": 2, "67": 2, "4": 1, "18": 1, "80": 1, "20": 1, "1": 1, "83": 1, "46": 1, "29": 1, "43": 1, "45": 1, "28": 1, "71": 1, "3": 2, "19": 1, "6": 1, "68": 1, "42": 1, "90": 1, "11": 1, "78": 1, "14": 1}, "51": {"36": 14, "total_commits": 455, "50": 11, "44": 7, "2": 13, "17": 11, "41": 10, "16": 11, "52": 7, "53": 13, "49": 7, "35": 10, "23": 9, "7": 11, "39": 6, "55": 13, "56": 8, "13": 5, "57": 12, "5": 4, "37": 9, "60": 8, "58": 4, "54": 9, "59": 6, "15": 3, "12": 10, "24": 6, "61": 4, "62": 5, "40": 4, "38": 7, "34": 2, "25": 6, "66": 3, "48": 6, "64": 2, "33": 5, "27": 4, "32": 2, "63": 11, "31": 5, "26": 3, "65": 2, "21": 4, "29": 2, "67": 7, "30": 2, "22": 8, "3": 4, "19": 2, "4": 4, "74": 3, "70": 7, "8": 4, "73": 7, "69": 6, "1": 7, "75": 5, "47": 3, "77": 3, "81": 4, "89": 3, "86": 3, "9": 4, "84": 4, "76": 3, "87": 3, "82": 5, "72": 4, "88": 3, "85": 3, "79": 2, "14": 2, "10": 3, "28": 1, "71": 2, "80": 1, "20": 1, "6": 2, "68": 1, "42": 1, "11": 2, "78": 1, "18": 2, "83": 1, "90": 2, "46": 1, "43": 1, "45": 1, "93": 1, "94": 2}, "53": {"44": 6, "total_commits": 380, "50": 10, "51": 13, "17": 7, "49": 6, "41": 8, "36": 11, "52": 7, "4": 4, "7": 9, "54": 8, "35": 9, "38": 7, "55": 12, "37": 7, "13": 5, "5": 2, "39": 5, "2": 7, "57": 10, "56": 7, "59": 4, "60": 7, "58": 3, "15": 3, "12": 7, "16": 7, "32": 2, "24": 4, "61": 4, "62": 4, "31": 3, "40": 2, "34": 2, "25": 6, "66": 2, "48": 7, "23": 6, "64": 2, "27": 4, "33": 4, "63": 8, "26": 3, "65": 2, "67": 7, "3": 3, "30": 2, "21": 4, "22": 6, "29": 2, "19": 2, "70": 7, "71": 3, "8": 3, "47": 3, "75": 4, "1": 4, "73": 6, "87": 3, "88": 3, "85": 3, "81": 3, "74": 2, "89": 3, "86": 3, "84": 4, "77": 3, "82": 5, "9": 3, "72": 4, "76": 2, "69": 3, "79": 2, "14": 2, "10": 3, "6": 1, "68": 1, "42": 1, "90": 2, "46": 1, "43": 1, "45": 1, "18": 1, "28": 1, "80": 1, "20": 1, "83": 1, "11": 1, "78": 1, "93": 1, "94": 1}, "52": {"41": 5, "total_commits": 245, "36": 7, "44": 2, "50": 5, "51": 7, "49": 7, "53": 7, "17": 6, "58": 2, "55": 5, "54": 7, "57": 4, "56": 6, "35": 5, "37": 4, "59": 2, "60": 4, "24": 4, "26": 2, "16": 5, "33": 3, "12": 4, "30": 2, "38": 3, "62": 3, "48": 5, "23": 4, "7": 4, "66": 2, "64": 2, "1": 3, "8": 2, "73": 5, "47": 3, "75": 3, "70": 4, "81": 2, "69": 2, "2": 3, "79": 2, "74": 2, "77": 3, "89": 2, "86": 2, "22": 3, "82": 3, "9": 3, "84": 3, "25": 2, "76": 2, "67": 3, "21": 3, "63": 4, "27": 3, "87": 3, "13": 2, "72": 3, "88": 3, "85": 3, "39": 3, "31": 2, "15": 1, "28": 1, "71": 1, "80": 1, "20": 1, "83": 1, "3": 2, "19": 1, "5": 1, "29": 1, "11": 1, "78": 1, "14": 1, "10": 2, "34": 1, "18": 1, "65": 1, "6": 1, "68": 1, "42": 1, "90": 1, "40": 1, "46": 1, "43": 1, "32": 1, "45": 1, "4": 1, "61": 1, "93": 1}, "55": {"38": 10, "total_commits": 449, "44": 5, "7": 18, "4": 4, "53": 12, "54": 16, "35": 15, "5": 4, "37": 11, "51": 13, "39": 6, "57": 13, "56": 9, "50": 10, "2": 9, "13": 7, "52": 5, "59": 5, "49": 7, "60": 8, "58": 3, "41": 9, "36": 10, "15": 4, "12": 10, "23": 12, "31": 3, "65": 2, "34": 2, "61": 6, "62": 5, "40": 4, "25": 6, "66": 2, "48": 4, "64": 3, "33": 5, "63": 11, "27": 4, "26": 3, "16": 7, "32": 2, "24": 5, "22": 7, "3": 3, "19": 2, "21": 4, "29": 2, "67": 7, "17": 8, "30": 2, "68": 2, "70": 6, "8": 4, "69": 5, "74": 4, "73": 6, "72": 5, "10": 4, "87": 4, "88": 4, "81": 3, "79": 2, "77": 3, "47": 2, "89": 3, "86": 3, "9": 3, "84": 4, "76": 2, "75": 3, "82": 6, "85": 3, "14": 2, "1": 4, "28": 1, "71": 2, "80": 1, "20": 1, "6": 1, "11": 1, "78": 1, "18": 1, "83": 1, "42": 1, "90": 2, "46": 1, "43": 1, "45": 1, "93": 1, "94": 1}, "54": {"35": 14, "total_commits": 425, "38": 8, "55": 16, "44": 3, "4": 4, "7": 15, "53": 8, "58": 3, "56": 10, "50": 8, "36": 10, "57": 10, "52": 7, "37": 10, "59": 4, "49": 10, "41": 9, "60": 6, "51": 9, "27": 5, "12": 9, "13": 5, "23": 12, "26": 3, "65": 2, "15": 3, "24": 7, "61": 6, "62": 6, "40": 6, "34": 2, "25": 4, "66": 5, "48": 5, "64": 4, "33": 6, "16": 8, "32": 2, "63": 10, "31": 4, "30": 3, "2": 7, "21": 4, "29": 2, "67": 5, "17": 8, "22": 8, "3": 4, "19": 2, "69": 4, "74": 6, "5": 2, "70": 4, "8": 4, "73": 5, "87": 4, "39": 4, "88": 4, "72": 4, "10": 3, "79": 2, "77": 3, "47": 2, "81": 2, "89": 2, "86": 2, "9": 3, "84": 3, "76": 2, "75": 2, "82": 4, "85": 3, "28": 1, "71": 2, "80": 1, "20": 1, "1": 3, "6": 2, "42": 1, "11": 1, "78": 1, "14": 1, "18": 1, "83": 1, "68": 1, "90": 2, "46": 1, "43": 1, "45": 1, "92": 2, "93": 1, "99": 1, "96": 1, "97": 1, "101": 1, "100": 1}, "57": {"56": 11, "total_commits": 518, "5": 8, "37": 16, "44": 6, "55": 13, "51": 12, "53": 10, "39": 5, "50": 10, "2": 12, "13": 10, "35": 12, "52": 4, "59": 5, "41": 10, "60": 12, "49": 7, "58": 6, "36": 9, "54": 10, "27": 5, "12": 16, "15": 4, "7": 15, "24": 8, "23": 12, "38": 8, "34": 3, "25": 7, "66": 6, "48": 5, "64": 5, "33": 5, "32": 3, "63": 14, "26": 4, "65": 3, "16": 8, "61": 9, "62": 8, "31": 5, "40": 6, "67": 8, "17": 5, "30": 2, "3": 6, "19": 2, "4": 6, "21": 5, "22": 9, "29": 2, "68": 3, "70": 6, "8": 4, "73": 5, "69": 5, "74": 5, "76": 4, "80": 2, "11": 6, "20": 2, "75": 6, "78": 3, "9": 6, "79": 3, "6": 4, "28": 2, "71": 2, "77": 5, "89": 3, "86": 3, "84": 4, "87": 2, "82": 4, "72": 3, "88": 2, "85": 2, "47": 2, "81": 4, "14": 2, "10": 3, "1": 4, "46": 1, "43": 1, "45": 1, "42": 1, "90": 2, "18": 2, "83": 1, "91": 1, "92": 3, "94": 2}, "56": {"5": 4, "total_commits": 364, "37": 12, "44": 4, "51": 8, "55": 9, "53": 7, "39": 4, "50": 8, "2": 7, "13": 9, "57": 11, "35": 9, "52": 6, "59": 4, "41": 7, "60": 6, "49": 8, "58": 5, "54": 10, "36": 6, "27": 5, "12": 10, "23": 9, "7": 9, "48": 5, "64": 5, "33": 6, "16": 6, "32": 2, "63": 8, "26": 3, "65": 2, "15": 2, "24": 7, "61": 5, "62": 6, "31": 4, "40": 3, "38": 8, "34": 2, "25": 4, "66": 5, "30": 3, "21": 4, "29": 2, "67": 4, "17": 4, "22": 5, "3": 4, "19": 2, "4": 3, "68": 2, "76": 3, "75": 3, "87": 2, "82": 2, "72": 2, "88": 2, "85": 2, "69": 3, "79": 2, "74": 2, "77": 3, "47": 2, "81": 3, "70": 3, "89": 2, "73": 3, "86": 2, "9": 4, "84": 2, "6": 2, "8": 1, "42": 1, "11": 2, "78": 1, "14": 1, "10": 1, "18": 2, "83": 1, "90": 1, "46": 1, "43": 1, "45": 1, "28": 1, "71": 1, "80": 1, "20": 1, "1": 2, "91": 1, "94": 1}, "59": {"55": 5, "total_commits": 216, "51": 6, "53": 4, "54": 4, "36": 5, "57": 5, "56": 4, "35": 4, "52": 2, "37": 4, "50": 4, "41": 3, "60": 6, "49": 3, "58": 4, "7": 4, "2": 4, "15": 3, "12": 4, "16": 6, "14": 2, "18": 3, "26": 3, "65": 2, "13": 2, "32": 2, "24": 3, "61": 2, "62": 4, "31": 3, "40": 3, "38": 4, "34": 2, "25": 2, "66": 3, "48": 4, "23": 3, "64": 2, "27": 2, "33": 4, "63": 3, "74": 1, "19": 1, "87": 1, "5": 2, "88": 2, "47": 1, "81": 2, "46": 1, "29": 1, "75": 3, "17": 2, "30": 1, "76": 3, "45": 1, "11": 2, "79": 1, "78": 1, "85": 1, "84": 1, "3": 2, "9": 2, "69": 2, "6": 2, "68": 1, "8": 2, "42": 1, "90": 1, "77": 1, "70": 3, "21": 1, "82": 1, "72": 2, "67": 2, "10": 1, "43": 1, "4": 2, "39": 1, "44": 2, "89": 1, "73": 1, "86": 1, "28": 1, "71": 2, "80": 1, "20": 1, "1": 3, "83": 1, "22": 3, "94": 1}, "60": {"55": 8, "total_commits": 394, "51": 8, "58": 6, "53": 7, "54": 6, "57": 12, "56": 6, "35": 11, "52": 4, "37": 11, "59": 6, "50": 6, "41": 9, "36": 11, "49": 5, "7": 8, "2": 7, "15": 4, "12": 10, "14": 2, "18": 3, "16": 9, "24": 7, "44": 3, "13": 5, "34": 2, "25": 3, "48": 6, "23": 6, "64": 3, "38": 6, "66": 3, "33": 4, "63": 10, "27": 4, "26": 3, "65": 2, "32": 2, "61": 4, "62": 4, "31": 4, "40": 4, "68": 2, "5": 4, "71": 2, "70": 9, "22": 5, "74": 3, "8": 2, "73": 7, "17": 5, "69": 7, "75": 7, "45": 2, "46": 2, "43": 2, "42": 2, "47": 3, "82": 5, "19": 2, "39": 3, "81": 4, "80": 2, "79": 3, "89": 2, "86": 2, "84": 3, "21": 2, "77": 3, "9": 3, "72": 3, "76": 3, "67": 4, "87": 3, "88": 3, "85": 3, "29": 1, "11": 4, "78": 2, "10": 2, "3": 3, "6": 3, "90": 1, "30": 1, "4": 2, "28": 1, "20": 1, "1": 3, "83": 1, "93": 1, "92": 1, "94": 1, "98": 1, "97": 1, "96": 2, "100": 1}, "58": {"41": 3, "total_commits": 222, "60": 6, "49": 3, "55": 3, "51": 4, "50": 3, "53": 3, "54": 3, "36": 4, "57": 6, "56": 5, "35": 4, "52": 2, "37": 7, "59": 4, "15": 4, "12": 6, "7": 4, "2": 3, "62": 3, "31": 3, "40": 3, "38": 4, "34": 2, "25": 3, "66": 4, "48": 3, "23": 3, "64": 3, "33": 3, "27": 2, "13": 6, "63": 6, "26": 3, "65": 2, "16": 4, "32": 2, "24": 3, "61": 2, "1": 3, "84": 1, "3": 3, "19": 1, "87": 1, "9": 2, "69": 2, "6": 2, "68": 1, "8": 1, "42": 1, "90": 1, "77": 1, "70": 3, "76": 2, "21": 1, "11": 3, "78": 1, "82": 1, "72": 1, "14": 1, "67": 2, "10": 1, "4": 3, "18": 2, "39": 1, "44": 2, "89": 1, "73": 1, "86": 1, "80": 1, "20": 1, "83": 1, "22": 2, "74": 2, "5": 4, "88": 1, "47": 1, "81": 2, "46": 1, "29": 1, "43": 3, "75": 3, "17": 1, "30": 2, "45": 1, "79": 1, "28": 1, "71": 1, "85": 1, "94": 1, "103": 1, "93": 1}, "61": {"37": 11, "total_commits": 425, "39": 2, "32": 4, "24": 4, "55": 6, "56": 5, "49": 2, "31": 5, "40": 6, "57": 9, "50": 5, "15": 2, "34": 4, "64": 8, "62": 7, "58": 2, "7": 12, "38": 9, "59": 2, "53": 4, "54": 6, "25": 7, "66": 10, "48": 3, "23": 12, "33": 5, "63": 12, "27": 2, "41": 5, "51": 4, "26": 2, "65": 4, "60": 4, "36": 4, "16": 4, "35": 9, "12": 12, "13": 11, "17": 2, "4": 8, "30": 4, "22": 9, "29": 2, "3": 8, "19": 2, "44": 2, "2": 9, "67": 8, "21": 6, "5": 7, "68": 6, "11": 8, "75": 5, "28": 3, "78": 6, "9": 7, "71": 5, "80": 3, "77": 6, "74": 5, "70": 3, "6": 6, "8": 8, "20": 5, "79": 2, "76": 2, "42": 1, "90": 3, "46": 1, "82": 3, "43": 1, "45": 1, "52": 1, "1": 5, "83": 1, "84": 2, "87": 1, "88": 3, "47": 1, "81": 1, "69": 3, "72": 1, "14": 1, "10": 5, "85": 1, "18": 1, "89": 1, "73": 1, "86": 1, "91": 2, "92": 4, "94": 1, "97": 2, "100": 2, "96": 2}, "62": {"63": 19, "total_commits": 519, "27": 3, "41": 7, "51": 5, "26": 3, "65": 4, "60": 4, "36": 7, "16": 9, "35": 8, "12": 14, "13": 12, "32": 3, "24": 10, "55": 5, "61": 7, "56": 6, "49": 4, "31": 7, "40": 5, "57": 8, "50": 6, "15": 2, "34": 3, "59": 4, "25": 7, "23": 9, "64": 6, "58": 3, "7": 15, "38": 12, "37": 11, "53": 4, "54": 6, "66": 12, "48": 8, "33": 14, "39": 5, "52": 3, "30": 5, "2": 11, "17": 4, "3": 9, "4": 9, "22": 7, "29": 2, "19": 2, "44": 3, "67": 14, "21": 6, "69": 7, "6": 7, "9": 10, "8": 6, "11": 7, "75": 7, "5": 7, "77": 6, "78": 5, "68": 4, "79": 4, "74": 3, "70": 5, "28": 3, "71": 4, "80": 2, "20": 4, "76": 7, "87": 3, "88": 6, "72": 5, "10": 7, "89": 3, "82": 4, "85": 2, "47": 2, "81": 4, "73": 2, "84": 3, "86": 2, "43": 2, "45": 1, "18": 2, "1": 6, "83": 1, "42": 1, "90": 1, "46": 1, "14": 1, "91": 1, "92": 2, "94": 1, "97": 2, "100": 2, "96": 2}, "66": {"53": 2, "total_commits": 442, "54": 5, "25": 5, "48": 4, "23": 11, "33": 6, "63": 15, "27": 2, "41": 4, "51": 3, "26": 2, "65": 6, "37": 12, "60": 3, "36": 3, "16": 4, "35": 8, "12": 10, "13": 13, "32": 4, "24": 5, "55": 2, "61": 10, "56": 5, "49": 3, "31": 6, "40": 7, "57": 6, "50": 4, "15": 2, "34": 4, "64": 12, "62": 12, "58": 4, "7": 15, "38": 8, "59": 3, "4": 10, "8": 9, "52": 2, "80": 3, "2": 9, "67": 10, "77": 5, "74": 5, "70": 4, "6": 7, "21": 5, "68": 5, "20": 5, "11": 8, "75": 5, "5": 7, "28": 5, "22": 8, "3": 9, "78": 5, "9": 9, "71": 5, "76": 3, "79": 2, "19": 1, "87": 1, "88": 3, "47": 1, "81": 3, "69": 4, "17": 1, "72": 1, "14": 1, "10": 6, "85": 1, "18": 2, "89": 1, "73": 1, "86": 1, "42": 1, "90": 2, "46": 1, "82": 2, "29": 1, "43": 2, "30": 3, "45": 1, "39": 2, "44": 2, "1": 7, "83": 1, "84": 2, "91": 1, "92": 4, "94": 1, "96": 2, "97": 2, "100": 2}, "64": {"7": 10, "total_commits": 307, "37": 9, "60": 3, "36": 3, "16": 3, "13": 10, "54": 4, "32": 4, "55": 3, "63": 10, "56": 5, "41": 2, "51": 2, "26": 2, "65": 6, "50": 2, "15": 2, "35": 5, "12": 6, "24": 4, "61": 8, "62": 6, "49": 3, "58": 3, "31": 5, "40": 5, "57": 5, "38": 5, "34": 4, "59": 2, "53": 2, "25": 3, "66": 12, "48": 3, "23": 7, "33": 3, "27": 2, "39": 2, "4": 6, "8": 7, "68": 4, "5": 5, "52": 2, "70": 3, "6": 4, "20": 3, "75": 4, "28": 5, "22": 4, "3": 5, "78": 3, "9": 5, "71": 3, "80": 3, "2": 5, "77": 3, "74": 4, "21": 3, "11": 5, "67": 5, "79": 2, "76": 2, "83": 1, "47": 1, "81": 1, "46": 1, "29": 1, "43": 1, "17": 1, "30": 1, "45": 1, "1": 3, "84": 2, "19": 1, "87": 1, "88": 1, "69": 1, "42": 1, "90": 2, "82": 1, "72": 1, "14": 1, "10": 3, "85": 1, "18": 1, "44": 1, "89": 1, "73": 1, "86": 1, "91": 1, "92": 3}, "63": {"36": 16, "total_commits": 747, "16": 10, "35": 18, "12": 20, "13": 21, "32": 3, "24": 8, "55": 11, "61": 12, "56": 8, "62": 19, "49": 5, "31": 9, "40": 6, "57": 14, "50": 9, "15": 3, "34": 3, "59": 3, "64": 10, "58": 6, "7": 23, "38": 14, "37": 23, "53": 8, "54": 10, "25": 9, "66": 15, "48": 7, "23": 14, "33": 10, "27": 5, "41": 13, "51": 11, "26": 3, "65": 4, "60": 10, "39": 8, "4": 12, "8": 9, "5": 14, "44": 4, "67": 19, "21": 7, "17": 9, "2": 17, "30": 4, "22": 11, "29": 2, "3": 11, "19": 3, "69": 13, "74": 6, "70": 11, "73": 9, "11": 9, "75": 13, "77": 8, "78": 7, "6": 8, "9": 12, "76": 5, "68": 4, "79": 4, "28": 3, "71": 4, "80": 3, "20": 4, "45": 2, "46": 2, "43": 5, "42": 2, "47": 3, "82": 9, "81": 6, "1": 9, "88": 6, "72": 5, "10": 8, "87": 4, "52": 4, "85": 3, "89": 3, "86": 3, "84": 5, "14": 2, "18": 2, "90": 2, "83": 1, "91": 2, "92": 4, "93": 1, "94": 2, "97": 2, "100": 2, "96": 2}, "65": {"61": 4, "total_commits": 213, "56": 2, "62": 4, "49": 2, "58": 2, "31": 4, "40": 4, "57": 3, "38": 2, "50": 2, "34": 4, "59": 2, "25": 3, "66": 6, "48": 3, "23": 4, "64": 6, "27": 2, "7": 4, "37": 5, "60": 2, "36": 3, "53": 2, "13": 5, "54": 2, "33": 2, "55": 2, "63": 4, "41": 2, "51": 2, "26": 2, "15": 2, "16": 3, "35": 2, "12": 3, "32": 4, "24": 3, "71": 3, "2": 3, "77": 3, "74": 3, "21": 3, "22": 3, "9": 3, "80": 3, "11": 3, "67": 4, "70": 3, "6": 3, "68": 3, "8": 3, "20": 3, "75": 3, "5": 3, "28": 5, "3": 3, "78": 3, "4": 3, "76": 2, "79": 2, "18": 1, "39": 1, "44": 1, "89": 1, "73": 1, "86": 1, "1": 1, "83": 1, "87": 1, "88": 1, "47": 1, "81": 1, "46": 1, "29": 1, "43": 1, "17": 1, "30": 1, "45": 1, "85": 1, "84": 1, "19": 1, "69": 1, "42": 1, "90": 1, "82": 1, "72": 1, "14": 1, "10": 1, "52": 1, "92": 1}, "67": {"55": 7, "total_commits": 569, "63": 19, "24": 5, "17": 5, "30": 4, "37": 9, "41": 7, "3": 11, "19": 2, "4": 12, "51": 7, "53": 7, "25": 8, "2": 13, "61": 8, "36": 8, "56": 4, "62": 14, "21": 7, "22": 9, "29": 2, "23": 9, "33": 8, "50": 6, "13": 14, "54": 5, "57": 8, "38": 10, "44": 5, "7": 16, "16": 7, "35": 7, "12": 14, "70": 8, "48": 7, "8": 9, "71": 6, "77": 7, "78": 7, "75": 8, "31": 6, "6": 9, "9": 12, "11": 9, "5": 10, "76": 5, "20": 5, "28": 4, "34": 3, "66": 10, "65": 4, "74": 4, "64": 5, "40": 4, "80": 3, "32": 3, "68": 5, "79": 3, "81": 6, "82": 8, "10": 11, "73": 6, "85": 4, "1": 10, "72": 7, "84": 6, "87": 5, "27": 3, "88": 8, "39": 5, "69": 7, "60": 4, "52": 3, "47": 2, "49": 2, "89": 3, "86": 3, "26": 2, "14": 2, "43": 2, "45": 1, "15": 1, "42": 1, "90": 2, "18": 2, "83": 1, "58": 2, "46": 1, "59": 2, "92": 2, "91": 1, "93": 2, "94": 3, "100": 2, "97": 2, "96": 2}, "68": {"12": 5, "total_commits": 250, "37": 3, "13": 6, "38": 4, "60": 2, "5": 6, "55": 2, "23": 6, "64": 4, "7": 6, "61": 6, "57": 3, "56": 2, "35": 2, "67": 5, "77": 5, "74": 3, "70": 3, "6": 5, "8": 5, "20": 5, "11": 5, "75": 3, "32": 3, "34": 3, "3": 5, "4": 5, "28": 3, "66": 5, "2": 5, "65": 3, "21": 5, "22": 5, "78": 5, "31": 3, "9": 5, "40": 3, "71": 5, "80": 3, "79": 2, "25": 4, "48": 2, "76": 2, "63": 4, "36": 2, "16": 2, "24": 2, "62": 4, "44": 1, "89": 1, "73": 1, "15": 1, "86": 1, "27": 1, "1": 3, "83": 1, "51": 1, "19": 1, "87": 1, "88": 3, "47": 1, "49": 1, "81": 1, "59": 1, "29": 1, "17": 1, "26": 1, "10": 3, "85": 1, "50": 3, "84": 1, "54": 1, "33": 3, "69": 3, "42": 1, "90": 1, "58": 1, "46": 1, "82": 2, "53": 1, "72": 1, "14": 1, "41": 3, "43": 1, "30": 3, "45": 1, "52": 1, "18": 1, "39": 1, "100": 2, "97": 2, "96": 2}, "69": {"24": 6, "total_commits": 381, "33": 7, "62": 7, "16": 5, "8": 4, "40": 3, "12": 7, "54": 4, "5": 5, "63": 13, "7": 8, "35": 8, "51": 6, "55": 5, "73": 7, "17": 7, "37": 8, "49": 3, "41": 9, "22": 6, "60": 7, "57": 5, "2": 8, "36": 8, "74": 3, "70": 8, "23": 6, "34": 2, "75": 7, "39": 5, "81": 5, "50": 6, "27": 3, "45": 2, "46": 2, "43": 2, "42": 2, "19": 2, "80": 2, "79": 3, "47": 3, "82": 6, "31": 4, "1": 6, "88": 5, "38": 7, "72": 4, "67": 7, "10": 5, "87": 3, "13": 5, "85": 2, "56": 3, "52": 2, "77": 4, "89": 3, "86": 3, "9": 5, "84": 3, "53": 3, "25": 5, "76": 3, "48": 3, "21": 4, "44": 3, "14": 2, "4": 5, "26": 2, "3": 4, "65": 1, "6": 4, "66": 4, "64": 1, "11": 4, "78": 3, "61": 3, "18": 2, "83": 1, "68": 3, "90": 1, "58": 2, "59": 2, "29": 1, "30": 3, "32": 1, "15": 1, "28": 1, "71": 3, "20": 3, "94": 1, "97": 2, "100": 2, "96": 2}, "70": {"60": 9, "total_commits": 435, "71": 5, "53": 7, "48": 9, "16": 9, "36": 14, "22": 7, "67": 8, "8": 7, "55": 6, "23": 7, "7": 8, "35": 11, "49": 3, "40": 5, "54": 4, "57": 6, "74": 5, "12": 5, "5": 6, "63": 11, "24": 6, "73": 9, "17": 6, "37": 11, "41": 8, "51": 7, "69": 8, "2": 7, "65": 3, "21": 4, "78": 3, "31": 5, "64": 3, "9": 5, "80": 4, "66": 4, "77": 4, "6": 4, "68": 3, "20": 3, "13": 5, "11": 4, "75": 13, "32": 3, "34": 3, "61": 3, "3": 5, "4": 6, "28": 3, "62": 5, "79": 4, "25": 5, "76": 5, "47": 4, "82": 6, "19": 2, "39": 4, "81": 5, "50": 4, "27": 3, "45": 2, "46": 2, "43": 2, "42": 2, "52": 4, "1": 6, "87": 3, "88": 4, "85": 3, "56": 3, "89": 3, "86": 3, "84": 4, "38": 5, "72": 5, "33": 4, "44": 3, "14": 2, "10": 3, "26": 2, "59": 3, "29": 1, "90": 1, "58": 3, "30": 2, "18": 2, "15": 2, "83": 1, "93": 2, "94": 1, "103": 1}, "71": {"16": 5, "total_commits": 270, "36": 4, "22": 7, "60": 2, "70": 5, "53": 3, "48": 4, "8": 8, "67": 6, "77": 6, "78": 6, "9": 6, "2": 7, "12": 5, "79": 3, "76": 3, "3": 6, "75": 4, "28": 3, "61": 5, "65": 3, "21": 5, "23": 5, "31": 3, "64": 3, "40": 3, "80": 3, "66": 5, "74": 3, "6": 5, "68": 5, "7": 5, "20": 5, "13": 5, "11": 5, "5": 5, "32": 3, "34": 3, "4": 5, "25": 4, "37": 2, "63": 4, "24": 2, "62": 4, "57": 2, "58": 1, "46": 1, "82": 2, "72": 1, "14": 1, "41": 3, "43": 1, "30": 3, "45": 1, "52": 1, "56": 1, "18": 1, "39": 1, "44": 1, "89": 1, "73": 1, "15": 1, "86": 1, "38": 3, "1": 4, "83": 1, "51": 2, "19": 1, "87": 1, "88": 3, "47": 1, "49": 1, "81": 1, "59": 2, "29": 1, "17": 2, "26": 1, "10": 3, "85": 1, "50": 3, "84": 1, "54": 2, "33": 3, "55": 2, "27": 1, "69": 3, "35": 1, "42": 1, "90": 1, "100": 2, "96": 2, "97": 2}, "73": {"74": 5, "total_commits": 351, "72": 9, "27": 6, "41": 9, "51": 7, "55": 6, "17": 7, "37": 7, "49": 4, "22": 4, "60": 7, "54": 5, "69": 7, "57": 5, "2": 6, "36": 10, "70": 9, "23": 4, "7": 6, "16": 5, "8": 4, "35": 8, "40": 3, "12": 9, "5": 2, "63": 9, "24": 7, "75": 7, "43": 2, "42": 2, "19": 2, "81": 5, "80": 2, "79": 3, "47": 4, "82": 9, "39": 5, "50": 5, "45": 2, "46": 2, "86": 6, "83": 2, "1": 8, "84": 7, "85": 5, "10": 7, "87": 5, "9": 4, "67": 6, "88": 4, "48": 4, "53": 6, "52": 5, "77": 3, "62": 2, "38": 3, "89": 3, "25": 3, "76": 2, "21": 3, "33": 2, "13": 2, "56": 3, "31": 2, "26": 3, "4": 2, "44": 3, "14": 2, "90": 2, "28": 1, "71": 1, "20": 1, "3": 2, "65": 1, "6": 1, "66": 1, "64": 1, "11": 1, "78": 1, "34": 1, "61": 1, "18": 1, "68": 1, "58": 1, "59": 1, "29": 1, "30": 1, "32": 1, "15": 1, "93": 1}, "74": {"27": 3, "total_commits": 298, "73": 5, "72": 4, "49": 4, "22": 8, "60": 3, "23": 8, "40": 8, "54": 6, "57": 5, "36": 4, "70": 5, "7": 6, "16": 4, "8": 5, "35": 5, "12": 8, "5": 5, "55": 4, "63": 6, "24": 4, "17": 3, "37": 7, "41": 4, "51": 3, "69": 3, "2": 6, "65": 3, "21": 4, "78": 3, "31": 5, "64": 4, "9": 4, "71": 3, "80": 3, "66": 5, "67": 4, "77": 4, "6": 3, "68": 3, "20": 3, "13": 5, "11": 3, "75": 4, "32": 3, "34": 3, "3": 3, "4": 3, "28": 3, "61": 5, "62": 3, "79": 3, "25": 3, "48": 3, "76": 3, "86": 3, "82": 4, "84": 3, "83": 2, "1": 2, "85": 3, "87": 2, "88": 2, "52": 2, "56": 2, "47": 2, "39": 2, "81": 2, "89": 2, "50": 3, "38": 3, "53": 2, "33": 2, "19": 1, "59": 1, "29": 1, "26": 1, "10": 1, "42": 1, "90": 2, "58": 2, "46": 1, "14": 1, "43": 2, "30": 1, "45": 1, "18": 1, "44": 1, "15": 1, "92": 2}, "72": {"74": 4, "total_commits": 278, "73": 9, "27": 4, "86": 5, "82": 7, "83": 3, "1": 7, "40": 2, "84": 7, "85": 5, "12": 6, "10": 6, "9": 3, "67": 7, "41": 5, "87": 6, "81": 5, "24": 4, "26": 4, "88": 7, "62": 5, "38": 6, "39": 4, "63": 5, "55": 5, "7": 4, "54": 4, "17": 4, "69": 4, "35": 5, "33": 5, "36": 5, "16": 5, "13": 2, "52": 3, "56": 2, "47": 2, "49": 2, "31": 2, "57": 3, "79": 2, "70": 5, "89": 3, "50": 3, "77": 2, "75": 4, "37": 3, "22": 2, "53": 4, "25": 3, "76": 4, "48": 5, "21": 2, "23": 2, "51": 4, "2": 3, "60": 3, "44": 3, "14": 2, "4": 2, "90": 2, "34": 1, "18": 1, "65": 1, "6": 1, "68": 1, "8": 1, "42": 1, "64": 1, "58": 1, "46": 1, "43": 1, "30": 1, "32": 1, "45": 1, "61": 1, "15": 1, "28": 1, "71": 1, "80": 1, "20": 1, "3": 1, "19": 1, "5": 1, "59": 2, "29": 1, "66": 1, "11": 1, "78": 1, "93": 2, "94": 1}, "77": {"76": 4, "total_commits": 358, "75": 7, "3": 8, "78": 8, "9": 10, "71": 6, "2": 9, "16": 4, "8": 8, "12": 8, "79": 4, "67": 7, "5": 6, "4": 6, "31": 5, "6": 6, "63": 8, "7": 8, "13": 7, "62": 6, "36": 5, "11": 8, "32": 3, "34": 3, "28": 3, "61": 6, "65": 3, "22": 8, "23": 7, "64": 3, "40": 3, "80": 3, "66": 5, "74": 4, "70": 4, "21": 7, "68": 5, "20": 5, "24": 3, "57": 5, "37": 4, "25": 5, "48": 3, "27": 3, "41": 5, "51": 3, "60": 3, "87": 2, "35": 4, "88": 4, "52": 3, "55": 3, "85": 2, "56": 3, "47": 2, "49": 3, "39": 3, "81": 2, "69": 4, "89": 2, "50": 5, "73": 3, "38": 5, "17": 3, "86": 2, "82": 3, "84": 2, "53": 3, "54": 3, "72": 2, "33": 4, "43": 1, "30": 3, "45": 1, "44": 1, "15": 1, "1": 3, "83": 1, "19": 1, "59": 1, "29": 1, "26": 1, "10": 3, "18": 1, "42": 1, "90": 1, "58": 1, "46": 1, "14": 1, "92": 1, "95": 1, "97": 2, "100": 2, "96": 2}, "9": {"3": 13, "total_commits": 468, "78": 8, "75": 12, "71": 6, "16": 6, "8": 11, "12": 13, "2": 14, "79": 5, "76": 7, "77": 10, "67": 12, "4": 11, "31": 6, "63": 12, "7": 13, "6": 9, "13": 11, "11": 11, "36": 6, "5": 9, "62": 10, "48": 5, "80": 3, "66": 9, "61": 7, "65": 3, "74": 4, "70": 5, "21": 7, "68": 5, "23": 8, "64": 5, "40": 4, "20": 5, "32": 3, "34": 3, "28": 3, "22": 9, "25": 5, "37": 5, "24": 4, "57": 6, "1": 8, "72": 3, "84": 4, "10": 8, "73": 4, "85": 3, "47": 2, "39": 3, "38": 6, "89": 2, "86": 2, "53": 3, "54": 3, "33": 5, "27": 3, "41": 5, "51": 4, "17": 3, "60": 3, "87": 2, "82": 3, "35": 4, "88": 4, "55": 3, "56": 4, "49": 3, "81": 3, "69": 5, "50": 5, "52": 3, "18": 2, "83": 1, "42": 1, "90": 1, "58": 2, "46": 1, "59": 2, "29": 1, "43": 1, "30": 3, "45": 1, "44": 2, "15": 1, "19": 1, "26": 1, "14": 1, "91": 1, "92": 1, "94": 1, "95": 1, "100": 2, "96": 2, "97": 2}, "79": {"78": 3, "total_commits": 223, "9": 5, "71": 3, "2": 4, "16": 4, "8": 3, "12": 4, "76": 5, "3": 3, "75": 6, "77": 4, "7": 3, "20": 2, "37": 4, "22": 3, "66": 2, "67": 3, "11": 2, "63": 4, "65": 2, "36": 4, "6": 2, "68": 2, "13": 3, "5": 2, "32": 2, "24": 3, "4": 2, "61": 2, "62": 4, "31": 3, "40": 2, "57": 3, "74": 3, "70": 4, "34": 2, "28": 2, "25": 3, "48": 3, "21": 3, "23": 3, "64": 2, "80": 3, "35": 3, "50": 3, "27": 3, "73": 3, "17": 3, "45": 2, "46": 2, "41": 3, "43": 2, "69": 3, "42": 2, "47": 3, "82": 3, "60": 3, "19": 2, "39": 3, "81": 3, "10": 2, "38": 2, "53": 2, "54": 2, "72": 2, "33": 2, "55": 2, "51": 2, "87": 2, "88": 2, "52": 2, "85": 2, "56": 2, "49": 2, "89": 2, "86": 2, "84": 2, "90": 1, "58": 1, "14": 1, "30": 1, "18": 1, "44": 1, "15": 1, "1": 1, "83": 1, "59": 1, "29": 1, "26": 1}, "76": {"3": 5, "total_commits": 273, "78": 4, "75": 8, "9": 7, "71": 3, "16": 8, "8": 4, "12": 6, "2": 6, "79": 5, "77": 4, "48": 7, "7": 5, "13": 4, "11": 4, "5": 4, "67": 5, "63": 5, "6": 4, "4": 4, "36": 5, "21": 3, "23": 4, "64": 2, "37": 4, "68": 2, "32": 2, "24": 4, "31": 4, "57": 4, "65": 2, "74": 3, "70": 5, "34": 2, "28": 2, "80": 2, "61": 2, "62": 7, "40": 3, "20": 2, "22": 4, "25": 3, "66": 3, "10": 2, "33": 5, "27": 2, "41": 2, "51": 3, "17": 2, "60": 3, "87": 2, "82": 2, "35": 3, "72": 4, "88": 3, "55": 2, "85": 2, "56": 3, "49": 2, "81": 3, "69": 3, "50": 2, "52": 2, "47": 2, "39": 2, "38": 5, "89": 2, "73": 2, "86": 2, "84": 2, "53": 2, "54": 2, "29": 1, "43": 1, "30": 1, "45": 1, "44": 2, "15": 1, "1": 2, "19": 1, "26": 1, "14": 1, "18": 2, "83": 1, "42": 1, "90": 1, "58": 2, "46": 1, "59": 3, "94": 1}, "78": {"2": 8, "total_commits": 292, "79": 3, "76": 4, "8": 8, "12": 7, "77": 8, "3": 8, "75": 7, "9": 8, "71": 6, "16": 4, "7": 7, "13": 7, "36": 4, "11": 8, "5": 7, "62": 5, "67": 7, "4": 7, "31": 4, "6": 7, "63": 7, "48": 3, "20": 5, "32": 3, "70": 3, "40": 3, "28": 3, "34": 3, "22": 5, "80": 3, "66": 5, "61": 6, "65": 3, "74": 3, "21": 5, "68": 5, "23": 5, "64": 3, "57": 3, "25": 4, "37": 3, "24": 2, "46": 1, "59": 1, "53": 1, "29": 1, "43": 1, "17": 1, "30": 3, "45": 1, "56": 1, "26": 1, "15": 1, "38": 3, "1": 3, "84": 1, "51": 1, "19": 1, "87": 1, "54": 1, "88": 3, "55": 1, "49": 1, "69": 3, "35": 1, "42": 1, "60": 2, "82": 2, "72": 1, "14": 1, "10": 3, "85": 1, "41": 3, "50": 3, "52": 1, "18": 1, "39": 1, "44": 1, "89": 1, "73": 1, "86": 1, "33": 3, "27": 1, "83": 1, "90": 1, "47": 1, "58": 1, "81": 1, "92": 1, "100": 2, "97": 2, "96": 2}, "75": {"9": 12, "total_commits": 449, "71": 4, "2": 10, "16": 8, "79": 6, "8": 8, "12": 8, "77": 7, "76": 8, "3": 9, "78": 7, "6": 6, "63": 13, "7": 9, "36": 13, "13": 8, "62": 7, "11": 8, "67": 8, "5": 7, "4": 9, "31": 6, "48": 7, "40": 4, "80": 4, "70": 13, "68": 3, "20": 3, "32": 3, "64": 4, "34": 3, "28": 3, "66": 5, "61": 5, "65": 3, "74": 4, "21": 4, "22": 5, "23": 5, "24": 5, "57": 6, "25": 5, "37": 11, "69": 7, "73": 7, "35": 9, "41": 7, "60": 7, "81": 5, "27": 3, "46": 2, "50": 4, "17": 4, "45": 2, "43": 2, "42": 2, "47": 4, "82": 5, "19": 2, "39": 4, "1": 6, "53": 4, "52": 3, "51": 5, "10": 4, "87": 2, "88": 3, "85": 2, "56": 3, "49": 2, "38": 5, "89": 3, "86": 3, "84": 3, "54": 2, "72": 4, "33": 4, "55": 3, "44": 3, "14": 2, "26": 2, "90": 1, "18": 2, "15": 2, "83": 1, "58": 3, "59": 3, "29": 1, "30": 2, "92": 1, "94": 1, "93": 1, "103": 1}, "11": {"7": 10, "total_commits": 366, "2": 10, "13": 9, "8": 10, "5": 9, "77": 8, "62": 7, "36": 4, "3": 10, "78": 8, "75": 8, "67": 9, "4": 10, "31": 5, "9": 11, "6": 9, "63": 9, "76": 4, "48": 4, "16": 4, "12": 9, "66": 8, "61": 8, "65": 3, "74": 3, "21": 5, "68": 5, "23": 6, "64": 5, "40": 4, "20": 5, "32": 3, "70": 4, "28": 3, "34": 3, "22": 7, "71": 5, "80": 3, "79": 2, "24": 3, "57": 6, "25": 4, "37": 5, "82": 2, "72": 1, "14": 1, "10": 5, "85": 1, "41": 3, "50": 3, "52": 1, "18": 2, "39": 1, "44": 2, "89": 1, "73": 1, "86": 1, "33": 4, "27": 1, "83": 1, "90": 1, "47": 1, "58": 3, "81": 2, "46": 1, "59": 2, "53": 1, "29": 1, "43": 1, "17": 1, "30": 3, "45": 1, "56": 2, "26": 2, "15": 1, "38": 5, "1": 6, "84": 2, "51": 2, "19": 1, "87": 1, "54": 1, "88": 3, "55": 1, "49": 1, "69": 4, "35": 2, "42": 1, "60": 4, "91": 1, "92": 2, "94": 1, "95": 1, "97": 2, "100": 2, "96": 2}, "80": {"7": 3, "total_commits": 186, "8": 3, "20": 3, "13": 3, "75": 4, "5": 3, "32": 3, "34": 3, "3": 3, "4": 3, "28": 3, "66": 3, "2": 3, "61": 3, "65": 3, "77": 3, "74": 3, "21": 3, "22": 3, "78": 3, "23": 3, "31": 3, "64": 3, "9": 3, "40": 3, "71": 3, "11": 3, "67": 3, "70": 4, "6": 3, "68": 3, "25": 2, "76": 2, "48": 2, "37": 3, "36": 3, "63": 3, "79": 3, "16": 2, "12": 2, "24": 2, "62": 2, "57": 2, "35": 2, "50": 2, "73": 2, "17": 2, "41": 2, "60": 2, "43": 2, "69": 2, "42": 2, "47": 2, "82": 2, "19": 2, "39": 2, "81": 2, "27": 2, "45": 2, "46": 2, "59": 1, "29": 1, "30": 1, "26": 1, "85": 1, "38": 1, "84": 1, "54": 1, "33": 1, "55": 1, "90": 1, "53": 1, "72": 1, "14": 1, "10": 1, "52": 1, "56": 1, "18": 1, "44": 1, "89": 1, "15": 1, "86": 1, "1": 1, "83": 1, "51": 1, "87": 1, "88": 1, "49": 1, "58": 1}, "81": {"70": 5, "total_commits": 264, "45": 2, "46": 2, "35": 5, "43": 3, "75": 5, "63": 6, "73": 5, "17": 3, "37": 6, "41": 5, "60": 4, "19": 2, "69": 5, "42": 2, "36": 4, "79": 3, "47": 3, "82": 6, "39": 5, "50": 4, "80": 2, "27": 3, "44": 5, "67": 6, "84": 4, "83": 2, "87": 3, "24": 5, "26": 4, "88": 3, "72": 5, "12": 5, "86": 4, "55": 3, "51": 4, "2": 4, "74": 2, "16": 3, "52": 2, "85": 2, "56": 3, "77": 2, "62": 4, "49": 2, "31": 3, "57": 4, "38": 5, "89": 3, "25": 3, "76": 3, "48": 3, "21": 2, "23": 3, "33": 4, "7": 5, "22": 3, "9": 3, "53": 3, "13": 2, "54": 2, "1": 3, "4": 3, "14": 2, "10": 2, "90": 2, "65": 1, "6": 2, "68": 1, "8": 1, "40": 2, "66": 3, "64": 1, "11": 2, "78": 1, "32": 1, "61": 1, "18": 2, "20": 1, "5": 2, "58": 2, "59": 2, "29": 1, "30": 1, "15": 1, "28": 1, "71": 1, "34": 1, "3": 2, "94": 1}, "82": {"63": 9, "total_commits": 365, "73": 9, "17": 4, "45": 2, "37": 5, "41": 13, "60": 5, "43": 2, "69": 6, "42": 2, "36": 6, "79": 3, "47": 3, "19": 2, "39": 4, "81": 6, "80": 2, "27": 4, "70": 6, "46": 2, "35": 6, "50": 6, "75": 5, "24": 9, "84": 9, "83": 3, "1": 8, "40": 3, "85": 4, "72": 7, "12": 12, "86": 7, "74": 4, "87": 7, "7": 8, "2": 6, "8": 4, "10": 7, "44": 3, "67": 8, "26": 3, "88": 6, "89": 6, "62": 4, "33": 4, "22": 4, "9": 3, "53": 5, "54": 4, "76": 2, "55": 6, "51": 5, "16": 3, "13": 3, "52": 3, "56": 2, "49": 3, "31": 2, "57": 4, "25": 6, "48": 3, "21": 3, "23": 5, "77": 3, "38": 5, "4": 3, "14": 2, "11": 2, "78": 2, "34": 1, "3": 2, "65": 1, "6": 2, "68": 2, "90": 2, "66": 2, "64": 1, "58": 1, "30": 2, "32": 1, "61": 3, "18": 2, "15": 2, "28": 1, "71": 2, "20": 2, "5": 2, "59": 1, "29": 1, "93": 1, "94": 1, "100": 1, "97": 1, "96": 1}, "85": {"82": 4, "total_commits": 181, "83": 2, "74": 3, "1": 4, "40": 2, "84": 5, "12": 4, "73": 5, "72": 5, "86": 3, "9": 3, "67": 4, "10": 3, "77": 2, "62": 2, "7": 2, "38": 2, "75": 2, "17": 3, "89": 2, "22": 2, "53": 3, "54": 3, "25": 2, "76": 2, "48": 3, "21": 2, "23": 2, "33": 2, "63": 3, "27": 2, "41": 2, "51": 3, "37": 2, "60": 3, "36": 3, "87": 3, "16": 3, "35": 2, "13": 2, "24": 2, "88": 3, "52": 3, "55": 3, "56": 2, "47": 2, "49": 2, "39": 2, "31": 2, "81": 2, "69": 2, "57": 2, "2": 2, "79": 2, "70": 3, "50": 2, "29": 1, "66": 1, "11": 1, "26": 1, "78": 1, "14": 1, "34": 1, "18": 1, "65": 1, "6": 1, "68": 1, "8": 1, "42": 1, "90": 1, "64": 1, "58": 1, "46": 1, "59": 1, "43": 1, "30": 1, "32": 1, "45": 1, "4": 1, "61": 1, "44": 1, "15": 1, "28": 1, "71": 1, "80": 1, "20": 1, "3": 1, "19": 1, "5": 1, "93": 1}, "84": {"86": 7, "total_commits": 270, "82": 9, "83": 3, "74": 3, "1": 8, "40": 2, "73": 7, "85": 5, "72": 7, "12": 9, "41": 6, "10": 7, "87": 6, "7": 6, "2": 6, "8": 4, "24": 4, "9": 4, "67": 6, "81": 4, "26": 3, "88": 4, "51": 4, "69": 3, "79": 2, "16": 3, "35": 3, "13": 3, "52": 3, "56": 2, "47": 2, "62": 3, "49": 2, "39": 3, "31": 2, "57": 4, "70": 4, "89": 3, "50": 3, "25": 3, "48": 3, "21": 2, "23": 2, "77": 2, "27": 2, "38": 3, "75": 3, "17": 3, "37": 4, "60": 3, "36": 4, "22": 2, "53": 4, "54": 3, "76": 2, "33": 2, "55": 4, "63": 5, "4": 3, "44": 2, "14": 2, "78": 1, "34": 1, "3": 2, "65": 1, "6": 2, "68": 1, "42": 1, "90": 1, "66": 2, "64": 2, "58": 1, "46": 1, "43": 1, "30": 1, "32": 1, "45": 1, "61": 2, "18": 1, "15": 1, "28": 1, "71": 1, "80": 1, "20": 1, "19": 1, "5": 2, "59": 1, "29": 1, "11": 2, "91": 1, "92": 1, "93": 1}, "83": {"82": 3, "total_commits": 110, "1": 2, "84": 3, "40": 2, "73": 2, "85": 2, "72": 3, "12": 3, "86": 3, "74": 2, "87": 2, "88": 2, "81": 2, "24": 2, "26": 2, "41": 2, "63": 1, "2": 1, "50": 1, "52": 1, "4": 1, "61": 1, "56": 1, "18": 1, "39": 1, "31": 1, "44": 1, "89": 1, "48": 1, "33": 1, "80": 1, "27": 1, "20": 1, "22": 1, "13": 1, "51": 1, "47": 1, "49": 1, "58": 1, "46": 1, "59": 1, "53": 1, "29": 1, "7": 1, "43": 1, "75": 1, "17": 1, "30": 1, "32": 1, "45": 1, "79": 1, "15": 1, "16": 1, "28": 1, "71": 1, "57": 1, "38": 1, "34": 1, "37": 1, "3": 1, "19": 1, "36": 1, "9": 1, "54": 1, "5": 1, "55": 1, "69": 1, "65": 1, "6": 1, "68": 1, "8": 1, "35": 1, "42": 1, "90": 1, "77": 1, "62": 1, "70": 1, "25": 1, "66": 1, "76": 1, "21": 1, "23": 1, "64": 1, "11": 1, "78": 1, "60": 1, "14": 1, "67": 1, "10": 1}, "86": {"72": 5, "total_commits": 212, "83": 3, "74": 3, "82": 7, "1": 4, "84": 7, "85": 3, "40": 2, "12": 7, "73": 6, "10": 4, "87": 4, "24": 5, "7": 4, "8": 2, "2": 4, "81": 4, "26": 3, "88": 3, "41": 5, "49": 2, "31": 2, "69": 3, "57": 3, "79": 2, "70": 3, "50": 3, "77": 2, "47": 2, "62": 2, "39": 3, "38": 3, "89": 3, "22": 2, "9": 2, "53": 3, "54": 2, "25": 3, "76": 2, "48": 2, "21": 2, "23": 2, "33": 2, "63": 3, "27": 2, "75": 3, "51": 3, "17": 2, "37": 3, "60": 2, "36": 3, "16": 2, "35": 3, "13": 2, "67": 3, "52": 2, "55": 3, "56": 2, "4": 2, "44": 2, "14": 2, "58": 1, "46": 1, "59": 1, "29": 1, "43": 1, "30": 1, "32": 1, "45": 1, "15": 1, "28": 1, "71": 1, "80": 1, "20": 1, "3": 1, "19": 1, "5": 1, "65": 1, "6": 1, "66": 1, "64": 1, "11": 1, "78": 1, "34": 1, "61": 1, "18": 1, "68": 1, "42": 1, "90": 1}, "1": {"82": 8, "total_commits": 402, "84": 8, "83": 2, "74": 2, "40": 3, "73": 8, "85": 4, "72": 7, "12": 13, "86": 4, "10": 13, "87": 5, "7": 10, "2": 12, "8": 9, "41": 6, "24": 3, "67": 10, "9": 8, "27": 2, "88": 6, "51": 7, "31": 3, "63": 9, "69": 6, "17": 5, "16": 6, "36": 7, "48": 4, "70": 6, "53": 4, "52": 3, "47": 2, "75": 6, "4": 9, "26": 2, "25": 5, "39": 2, "81": 3, "57": 4, "44": 3, "14": 2, "89": 2, "35": 3, "50": 4, "38": 5, "55": 4, "37": 5, "22": 5, "19": 1, "5": 6, "49": 1, "59": 3, "29": 1, "77": 3, "76": 2, "11": 6, "78": 3, "34": 1, "3": 8, "54": 3, "33": 4, "65": 1, "6": 5, "68": 3, "13": 7, "42": 1, "90": 1, "62": 6, "66": 7, "21": 3, "23": 4, "64": 3, "58": 3, "46": 1, "60": 3, "43": 1, "30": 4, "32": 1, "45": 1, "61": 5, "56": 2, "18": 2, "79": 1, "15": 2, "28": 1, "71": 4, "80": 1, "20": 3, "92": 1, "91": 1, "93": 3, "94": 3, "96": 2, "100": 2, "97": 2, "103": 1}, "10": {"84": 7, "total_commits": 334, "7": 10, "8": 7, "12": 11, "2": 9, "41": 7, "82": 7, "87": 6, "1": 13, "73": 7, "86": 4, "24": 3, "67": 11, "85": 3, "9": 8, "72": 6, "88": 7, "27": 2, "55": 4, "54": 3, "17": 3, "69": 5, "35": 3, "33": 4, "62": 7, "38": 5, "39": 3, "63": 8, "79": 2, "76": 2, "75": 4, "50": 5, "49": 2, "37": 3, "81": 2, "53": 3, "57": 3, "44": 2, "25": 4, "36": 3, "14": 2, "70": 3, "89": 2, "4": 7, "51": 3, "26": 2, "42": 1, "90": 1, "40": 1, "74": 1, "64": 3, "58": 1, "46": 1, "43": 1, "30": 3, "32": 1, "45": 1, "52": 2, "61": 5, "56": 1, "31": 1, "15": 1, "28": 1, "71": 3, "80": 1, "20": 3, "83": 1, "22": 3, "3": 6, "19": 1, "5": 4, "47": 1, "59": 1, "29": 1, "77": 3, "66": 6, "21": 3, "23": 3, "11": 5, "78": 3, "60": 2, "16": 2, "34": 1, "18": 1, "48": 2, "65": 1, "6": 4, "68": 3, "13": 6, "92": 1, "91": 1, "93": 2, "94": 1, "97": 2, "100": 2, "96": 2}, "87": {"7": 5, "total_commits": 219, "2": 4, "8": 3, "12": 6, "41": 5, "10": 6, "82": 7, "1": 5, "84": 6, "24": 4, "73": 5, "86": 4, "81": 3, "26": 2, "72": 6, "83": 2, "88": 6, "67": 5, "27": 3, "33": 3, "54": 4, "17": 4, "35": 3, "38": 3, "62": 3, "55": 4, "39": 3, "63": 4, "69": 3, "85": 3, "56": 2, "49": 2, "31": 2, "79": 2, "74": 2, "50": 2, "52": 3, "77": 2, "47": 2, "57": 2, "70": 3, "89": 2, "22": 2, "9": 2, "53": 3, "25": 2, "76": 2, "48": 3, "21": 2, "23": 2, "75": 2, "51": 3, "37": 2, "60": 3, "36": 3, "16": 3, "13": 2, "15": 1, "28": 1, "71": 1, "80": 1, "20": 1, "34": 1, "3": 1, "19": 1, "5": 1, "65": 1, "6": 1, "42": 1, "40": 1, "66": 1, "64": 1, "11": 1, "78": 1, "14": 1, "4": 1, "61": 1, "18": 1, "44": 1, "68": 1, "90": 1, "58": 1, "46": 1, "59": 1, "29": 1, "43": 1, "30": 1, "32": 1, "45": 1, "93": 1}, "88": {"72": 7, "total_commits": 292, "12": 7, "86": 3, "41": 6, "87": 6, "82": 6, "84": 4, "83": 2, "81": 3, "24": 3, "26": 2, "67": 8, "10": 7, "27": 3, "1": 6, "73": 4, "35": 4, "38": 6, "62": 6, "63": 6, "55": 4, "39": 3, "69": 5, "33": 6, "7": 5, "54": 4, "17": 4, "75": 3, "51": 3, "37": 2, "60": 3, "36": 4, "16": 4, "13": 4, "85": 3, "56": 2, "49": 2, "31": 2, "57": 2, "2": 4, "79": 2, "74": 2, "50": 4, "52": 3, "77": 4, "47": 2, "70": 4, "89": 2, "22": 4, "9": 4, "53": 3, "25": 4, "76": 3, "48": 4, "21": 4, "23": 4, "43": 1, "30": 3, "32": 1, "45": 1, "15": 1, "28": 1, "71": 3, "80": 1, "20": 3, "34": 1, "3": 3, "19": 1, "5": 3, "65": 1, "6": 3, "8": 3, "40": 1, "66": 3, "64": 1, "11": 3, "78": 3, "14": 1, "4": 3, "61": 3, "18": 1, "44": 1, "68": 3, "42": 1, "90": 1, "58": 1, "46": 1, "59": 2, "29": 1, "93": 2, "94": 3, "97": 2, "100": 2, "96": 2}, "89": {"82": 6, "total_commits": 184, "24": 6, "12": 4, "62": 3, "41": 4, "33": 3, "88": 2, "55": 3, "85": 2, "63": 3, "56": 2, "31": 2, "69": 3, "2": 3, "79": 2, "74": 2, "50": 3, "35": 3, "52": 2, "77": 2, "47": 2, "49": 2, "39": 3, "81": 3, "57": 3, "38": 3, "70": 3, "73": 3, "86": 3, "22": 2, "9": 2, "84": 3, "53": 3, "25": 3, "76": 2, "48": 2, "21": 2, "23": 2, "27": 2, "7": 3, "75": 3, "51": 3, "17": 2, "37": 3, "60": 2, "36": 3, "87": 2, "16": 2, "13": 2, "54": 2, "72": 3, "67": 3, "10": 2, "1": 2, "4": 2, "26": 2, "44": 2, "14": 2, "61": 1, "18": 1, "83": 1, "68": 1, "90": 1, "58": 1, "46": 1, "59": 1, "29": 1, "43": 1, "30": 1, "32": 1, "45": 1, "15": 1, "28": 1, "71": 1, "80": 1, "20": 1, "34": 1, "3": 1, "19": 1, "5": 1, "65": 1, "6": 1, "8": 1, "42": 1, "40": 1, "66": 1, "64": 1, "11": 1, "78": 1}, "90": {"81": 2, "total_commits": 124, "24": 2, "26": 2, "72": 2, "44": 2, "73": 2, "50": 1, "34": 1, "18": 1, "86": 1, "9": 1, "54": 2, "48": 1, "33": 1, "27": 1, "65": 1, "6": 1, "68": 1, "8": 2, "35": 3, "13": 1, "42": 1, "62": 1, "40": 2, "74": 2, "70": 1, "64": 2, "58": 1, "46": 1, "59": 1, "82": 2, "53": 2, "14": 1, "67": 2, "63": 2, "41": 1, "43": 1, "30": 1, "32": 1, "45": 1, "52": 1, "4": 1, "61": 3, "56": 1, "39": 1, "31": 2, "79": 1, "89": 1, "15": 1, "28": 1, "71": 1, "80": 1, "20": 1, "38": 3, "1": 1, "83": 1, "22": 3, "84": 1, "51": 2, "37": 1, "3": 1, "19": 1, "36": 1, "87": 1, "12": 2, "5": 1, "88": 1, "55": 2, "47": 1, "49": 1, "69": 1, "29": 1, "77": 1, "7": 2, "75": 1, "17": 1, "25": 2, "66": 2, "76": 1, "21": 1, "23": 3, "11": 1, "78": 1, "60": 1, "16": 1, "10": 1, "85": 1, "57": 2, "2": 1, "92": 1, "94": 1}, "91": {"6": 1, "total_commits": 32, "7": 1, "8": 1, "12": 2, "13": 2, "11": 1, "5": 1, "10": 1, "63": 2, "1": 1, "37": 2, "4": 1, "2": 2, "61": 2, "62": 1, "92": 1, "3": 1, "64": 1, "9": 1, "84": 1, "57": 1, "66": 1, "67": 1, "56": 1, "35": 1, "38": 1}, "92": {"64": 3, "total_commits": 65, "13": 1, "11": 2, "57": 3, "5": 1, "67": 2, "10": 1, "1": 1, "6": 1, "7": 1, "91": 1, "8": 2, "12": 2, "63": 4, "37": 4, "3": 1, "4": 1, "9": 1, "84": 1, "66": 4, "2": 1, "61": 4, "62": 2, "23": 2, "40": 2, "54": 2, "35": 2, "22": 2, "74": 2, "77": 1, "78": 1, "60": 1, "75": 1, "31": 1, "90": 1, "38": 1, "28": 1, "65": 1}, "93": {"70": 2, "total_commits": 46, "48": 1, "87": 1, "16": 1, "10": 2, "63": 1, "1": 3, "73": 1, "17": 1, "88": 2, "52": 1, "84": 1, "51": 1, "55": 1, "85": 1, "82": 1, "60": 1, "53": 1, "54": 1, "72": 2, "36": 2, "67": 2, "94": 4, "58": 1, "25": 1, "15": 1, "103": 1, "35": 1, "37": 1, "13": 1, "30": 1, "3": 1, "75": 1, "5": 1, "4": 1}, "94": {"93": 4, "total_commits": 66, "88": 3, "12": 3, "6": 1, "24": 1, "4": 1, "62": 1, "58": 1, "18": 1, "31": 1, "81": 1, "40": 1, "57": 2, "38": 2, "44": 1, "1": 3, "70": 1, "59": 1, "22": 2, "9": 1, "66": 1, "76": 1, "48": 1, "23": 2, "33": 1, "11": 1, "7": 2, "75": 1, "37": 1, "3": 1, "60": 1, "16": 1, "5": 1, "67": 3, "63": 2, "56": 1, "51": 2, "69": 1, "2": 1, "55": 1, "53": 1, "25": 1, "61": 1, "90": 1, "35": 1, "82": 1, "72": 1, "10": 1}, "95": {"77": 1, "total_commits": 7, "11": 1, "22": 1, "8": 1, "9": 1, "35": 1, "38": 1}, "96": {"2": 4, "total_commits": 102, "97": 5, "6": 4, "36": 3, "3": 4, "98": 1, "60": 2, "7": 3, "54": 1, "99": 1, "35": 3, "101": 1, "100": 5, "4": 3, "68": 2, "8": 2, "12": 2, "13": 2, "5": 2, "67": 2, "10": 2, "88": 2, "69": 2, "50": 2, "71": 2, "61": 2, "77": 2, "62": 2, "20": 2, "38": 4, "1": 2, "22": 2, "9": 2, "25": 2, "66": 2, "21": 2, "23": 2, "33": 2, "11": 2, "63": 2, "41": 2, "30": 2, "78": 2, "82": 1, "102": 1}, "97": {"2": 4, "total_commits": 104, "6": 4, "96": 5, "36": 3, "3": 4, "98": 1, "60": 1, "4": 3, "7": 3, "54": 1, "99": 1, "35": 3, "101": 2, "100": 4, "78": 2, "68": 2, "8": 2, "12": 3, "13": 3, "5": 3, "10": 2, "88": 2, "61": 2, "69": 2, "50": 2, "71": 2, "77": 2, "62": 2, "20": 2, "38": 3, "1": 2, "22": 2, "9": 2, "25": 2, "66": 2, "67": 2, "21": 2, "23": 2, "33": 2, "11": 2, "63": 2, "41": 2, "30": 2, "82": 1, "102": 2}, "98": {"2": 1, "total_commits": 10, "97": 1, "6": 1, "96": 1, "36": 2, "3": 1, "60": 1, "35": 1, "16": 1}, "100": {"99": 1, "total_commits": 95, "96": 5, "35": 3, "2": 3, "97": 4, "101": 1, "36": 2, "4": 3, "3": 3, "6": 3, "7": 3, "54": 1, "8": 2, "12": 2, "13": 2, "5": 2, "67": 2, "10": 2, "88": 2, "69": 2, "50": 2, "71": 2, "61": 2, "77": 2, "62": 2, "20": 2, "38": 4, "1": 2, "22": 2, "9": 2, "25": 2, "66": 2, "21": 2, "23": 2, "33": 2, "11": 2, "63": 2, "41": 2, "30": 2, "78": 2, "68": 2, "60": 1, "82": 1, "102": 1}, "99": {"3": 1, "total_commits": 12, "4": 1, "6": 1, "96": 1, "7": 1, "2": 1, "54": 1, "101": 1, "100": 1, "36": 1, "35": 1, "97": 1}, "101": {"7": 1, "total_commits": 18, "2": 1, "54": 1, "100": 1, "36": 1, "35": 2, "97": 2, "3": 1, "4": 1, "99": 1, "6": 1, "96": 1, "12": 1, "5": 1, "13": 1, "102": 1}, "102": {"12": 1, "total_commits": 12, "5": 1, "13": 1, "97": 2, "101": 1, "35": 2, "100": 1, "96": 1, "36": 1, "38": 1}, "103": {"25": 1, "total_commits": 15, "93": 1, "13": 1, "30": 1, "36": 1, "35": 1, "5": 1, "37": 1, "3": 1, "75": 1, "4": 1, "58": 1, "1": 1, "70": 1, "15": 1}}