{"21": ["abretet@thunderhead.com", "bretet@gmail.com"], "22": ["abretet@thunderhead.com"], "23": ["abretet@thunderhead.com", "bretet@gmail.com"], "24": ["abretet@thunderhead.com"], "25": ["abretet@thunderhead.com", "bretet@gmail.com"], "26": ["abretet@thunderhead.com", "bretet@gmail.com"], "27": ["abretet@thunderhead.com"], "28": ["abretet@thunderhead.com", "bretet@gmail.com"], "29": ["abretet@thunderhead.com", "bretet@gmail.com"], "30": ["abretet@thunderhead.com", "bretet@gmail.com"], "1": ["abretet@thunderhead.com", "bretet@gmail.com"], "11": ["abretet@thunderhead.com", "bretet@gmail.com"], "6": ["abretet@thunderhead.com", "bretet@gmail.com"], "20": ["abretet@thunderhead.com", "bretet@gmail.com"], "5": ["abretet@thunderhead.com", "bretet@gmail.com"], "3": ["abretet@thunderhead.com", "bretet@gmail.com"], "8": ["abretet@thunderhead.com", "bretet@gmail.com"], "7": ["abretet@thunderhead.com", "bretet@gmail.com"], "12": ["abretet@thunderhead.com", "bretet@gmail.com"], "31": ["abretet@thunderhead.com"], "32": ["abretet@thunderhead.com", "bretet@gmail.com"], "33": ["abretet@thunderhead.com", "bretet@gmail.com"], "34": ["abretet@thunderhead.com", "bretet@gmail.com"], "35": ["abretet@thunderhead.com"], "36": ["abretet@thunderhead.com", "bretet@gmail.com"], "37": ["abretet@thunderhead.com", "bretet@gmail.com"], "38": ["abretet@thunderhead.com", "bretet@gmail.com"], "39": ["abretet@thunderhead.com"], "40": ["abretet@thunderhead.com", "bretet@gmail.com"], "41": ["abretet@thunderhead.com", "bretet@gmail.com"], "42": ["abretet@thunderhead.com", "bretet@gmail.com"], "43": ["abretet@thunderhead.com", "bretet@gmail.com"], "44": ["abretet@thunderhead.com", "bretet@gmail.com"], "45": ["abretet@thunderhead.com", "bretet@gmail.com"], "46": ["abretet@thunderhead.com", "bretet@gmail.com"], "47": ["abretet@thunderhead.com", "bretet@gmail.com"], "48": ["abretet@thunderhead.com"], "49": ["abretet@thunderhead.com", "bretet@gmail.com"], "50": ["abretet@thunderhead.com", "bretet@gmail.com"], "51": ["abretet@thunderhead.com", "bretet@gmail.com"], "52": ["abretet@thunderhead.com"], "53": ["abretet@thunderhead.com", "bretet@gmail.com"], "54": ["abretet@thunderhead.com"], "55": ["abretet@thunderhead.com"], "56": ["abretet@thunderhead.com", "bretet@gmail.com"], "57": ["abretet@thunderhead.com", "bretet@gmail.com"], "58": ["abretet@thunderhead.com", "bretet@gmail.com"], "59": ["abretet@thunderhead.com"], "60": ["abretet@thunderhead.com", "bretet@gmail.com"], "61": ["abretet@thunderhead.com"], "14": ["abretet@thunderhead.com", "bretet@gmail.com"], "62": ["abretet@thunderhead.com"], "63": ["abretet@thunderhead.com"], "64": ["abretet@thunderhead.com"], "65": ["abretet@thunderhead.com"], "66": ["abretet@thunderhead.com"], "67": ["abretet@thunderhead.com", "bretet@gmail.com"], "68": ["abretet@thunderhead.com", "bretet@gmail.com"], "69": ["abretet@thunderhead.com", "bretet@gmail.com"], "70": ["abretet@thunderhead.com", "bretet@gmail.com"], "71": ["abretet@thunderhead.com", "bretet@gmail.com"], "72": ["abretet@thunderhead.com", "bretet@gmail.com"], "73": ["abretet@thunderhead.com", "bretet@gmail.com"], "74": ["abretet@thunderhead.com", "bretet@gmail.com"], "75": ["abretet@thunderhead.com", "bretet@gmail.com"], "76": ["abretet@thunderhead.com", "bretet@gmail.com"], "77": ["abretet@thunderhead.com", "bretet@gmail.com"], "78": ["abretet@thunderhead.com", "bretet@gmail.com"], "79": ["abretet@thunderhead.com", "bretet@gmail.com"], "80": ["abretet@thunderhead.com", "bretet@gmail.com"], "81": ["abretet@thunderhead.com", "bretet@gmail.com"], "82": ["abretet@thunderhead.com", "bretet@gmail.com"], "83": ["abretet@thunderhead.com"], "84": ["abretet@thunderhead.com", "bretet@gmail.com"], "85": ["abretet@thunderhead.com", "bretet@gmail.com"], "86": ["abretet@thunderhead.com", "bretet@gmail.com"], "87": ["abretet@thunderhead.com", "bretet@gmail.com"], "88": ["abretet@thunderhead.com", "bretet@gmail.com"], "18": ["abretet@thunderhead.com", "bretet@gmail.com"], "4": ["abretet@thunderhead.com", "bretet@gmail.com"], "89": ["abretet@thunderhead.com", "bretet@gmail.com"], "90": ["abretet@thunderhead.com", "bretet@gmail.com"], "91": ["abretet@thunderhead.com"], "92": ["abretet@thunderhead.com", "bretet@gmail.com"], "93": ["abretet@thunderhead.com", "bretet@gmail.com"], "94": ["abretet@thunderhead.com"], "95": ["abretet@thunderhead.com", "bretet@gmail.com"], "96": ["abretet@thunderhead.com", "bretet@gmail.com"], "97": ["abretet@thunderhead.com", "bretet@gmail.com"], "98": ["abretet@thunderhead.com", "bretet@gmail.com"], "99": ["abretet@thunderhead.com", "bretet@gmail.com"], "100": ["abretet@thunderhead.com", "bretet@gmail.com"], "101": ["abretet@thunderhead.com", "bretet@gmail.com"], "102": ["abretet@thunderhead.com", "bretet@gmail.com"], "103": ["abretet@thunderhead.com", "bretet@gmail.com"], "2": ["abretet@thunderhead.com", "bretet@gmail.com"], "15": ["abretet@thunderhead.com", "bretet@gmail.com"], "104": ["abretet@thunderhead.com", "bretet@gmail.com"], "105": ["abretet@thunderhead.com", "bretet@gmail.com"], "106": ["abretet@thunderhead.com", "bretet@gmail.com"], "107": ["abretet@thunderhead.com", "bretet@gmail.com"], "108": ["bretet@gmail.com"], "109": ["bretet@gmail.com"], "110": ["bretet@gmail.com"], "111": ["bretet@gmail.com"], "112": ["bretet@gmail.com"], "113": ["bretet@gmail.com"], "114": ["bretet@gmail.com"], "115": ["bretet@gmail.com"], "116": ["bretet@gmail.com"], "117": ["bretet@gmail.com"], "118": ["bretet@gmail.com"], "119": ["bretet@gmail.com"], "120": ["bretet@gmail.com"], "121": ["bretet@gmail.com"], "122": ["bretet@gmail.com"], "123": ["bretet@gmail.com"], "124": ["bretet@gmail.com"], "125": ["bretet@gmail.com"], "126": ["bretet@gmail.com"], "127": ["bretet@gmail.com"], "128": ["bretet@gmail.com"], "129": ["bretet@gmail.com"], "130": ["bretet@gmail.com"], "131": ["bretet@gmail.com"], "132": ["bretet@gmail.com"], "133": ["bretet@gmail.com"], "134": ["bretet@gmail.com"], "135": ["bretet@gmail.com"], "136": ["bretet@gmail.com"], "137": ["bretet@gmail.com"], "138": ["bretet@gmail.com"], "139": ["bretet@gmail.com"], "140": ["bretet@gmail.com"], "10": ["bretet@gmail.com"], "9": ["bretet@gmail.com"], "13": ["bretet@gmail.com"], "141": ["bretet@gmail.com"], "183": ["bretet@gmail.com"], "185": ["bretet@gmail.com"], "144": ["bretet@gmail.com"], "145": ["bretet@gmail.com"], "146": ["bretet@gmail.com"], "147": ["bretet@gmail.com"], "148": ["bretet@gmail.com"], "149": ["bretet@gmail.com"], "150": ["bretet@gmail.com"], "151": ["bretet@gmail.com"], "16": ["bretet@gmail.com"], "17": ["bretet@gmail.com"], "152": ["bretet@gmail.com"], "153": ["bretet@gmail.com"], "154": ["bretet@gmail.com"], "155": ["bretet@gmail.com"], "156": ["bretet@gmail.com"], "157": ["bretet@gmail.com"], "158": ["bretet@gmail.com"], "159": ["bretet@gmail.com"], "160": ["bretet@gmail.com"], "161": ["bretet@gmail.com"], "162": ["bretet@gmail.com"], "163": ["bretet@gmail.com"], "164": ["bretet@gmail.com"], "165": ["bretet@gmail.com"], "166": ["bretet@gmail.com"], "167": ["bretet@gmail.com"], "168": ["bretet@gmail.com"], "169": ["bretet@gmail.com"], "170": ["bretet@gmail.com"], "19": ["bretet@gmail.com"], "171": ["bretet@gmail.com"], "172": ["bretet@gmail.com"], "173": ["bretet@gmail.com"], "174": ["bretet@gmail.com"], "175": ["bretet@gmail.com"], "176": ["bretet@gmail.com"], "177": ["bretet@gmail.com"], "178": ["bretet@gmail.com"], "179": ["bretet@gmail.com"], "180": ["bretet@gmail.com"], "181": ["bretet@gmail.com"], "182": ["bretet@gmail.com"], "184": ["bretet@gmail.com"], "186": ["bretet@gmail.com"], "187": ["bretet@gmail.com"], "188": ["bretet@gmail.com"], "189": ["bretet@gmail.com"], "190": ["bretet@gmail.com"], "191": ["bretet@gmail.com"], "192": ["bretet@gmail.com"], "193": ["bretet@gmail.com"], "194": ["bretet@gmail.com"], "195": ["bretet@gmail.com"], "196": ["bretet@gmail.com"], "197": ["bretet@gmail.com"], "198": ["bretet@gmail.com"], "199": ["bretet@gmail.com"], "200": ["bretet@gmail.com"], "201": ["bretet@gmail.com"], "202": ["bretet@gmail.com"], "203": ["bretet@gmail.com"], "204": ["bretet@gmail.com"], "205": ["bretet@gmail.com"]}