{"MarketController.get": {"t": [{"id": 0, "a": [["R", 1], ["R", 1]]}]}, "MarketController.getSeveral": {"t": [{"id": 0, "a": [["R", 1]]}]}, "IndexController.get": {"t": [{"id": 0, "a": [["R", 2], ["R", 3], ["R", 1], ["R", 3], ["R", 3], ["R", 3], ["R", 2], ["R", 1], ["R", 3], ["R", 3], ["R", 3], ["R", 3], ["R", 4], ["R", 4], ["R", 5], ["R", 4], ["R", 3], ["W", 3], ["W", 3], ["W", 3], ["W", 3], ["W", 3], ["W", 3], ["W", 3], ["W", 3], ["W", 3], ["W", 3], ["W", 6], ["R", 2], ["W", 3], ["W", 2], ["W", 3], ["W", 3], ["W", 7], ["W", 7], ["W", 7], ["W", 7], ["W", 7], ["W", 8], ["W", 7], ["W", 8], ["W", 3], ["W", 8], ["R", 2], ["R", 3], ["R", 1], ["R", 3], ["R", 3], ["R", 3], ["R", 2], ["R", 1], ["R", 3], ["R", 3], ["R", 3], ["W", 3], ["R", 3], ["R", 3], ["R", 4], ["R", 4], ["R", 5], ["R", 4], ["R", 3], ["W", 3], ["W", 3], ["W", 3], ["W", 3], ["W", 3], ["W", 3], ["W", 3], ["W", 3], ["W", 3], ["W", 3], ["W", 6], ["R", 2], ["W", 3], ["W", 2], ["W", 3], ["W", 3], ["W", 7], ["W", 7], ["W", 7], ["W", 7], ["W", 7], ["W", 8], ["W", 7], ["W", 8], ["W", 3], ["W", 8], ["R", 3], ["R", 3], ["W", 3], ["R", 3], ["R", 3], ["R", 4], ["R", 4], ["R", 5], ["R", 4], ["R", 3], ["W", 3], ["W", 3], ["W", 3], ["W", 3], ["W", 3], ["W", 3], ["W", 3], ["W", 3], ["W", 3], ["W", 3], ["W", 6], ["R", 2], ["W", 3], ["W", 2], ["W", 3], ["W", 3], ["W", 7], ["W", 7], ["W", 7], ["W", 7], ["W", 7], ["W", 8], ["W", 7], ["W", 8], ["W", 3], ["W", 8], ["R", 3], ["R", 9], ["R", 10], ["R", 4], ["R", 4], ["R", 5], ["R", 4], ["R", 3], ["R", 3], ["W", 10], ["W", 10], ["W", 10], ["W", 10], ["W", 10], ["W", 10], ["W", 10], ["W", 9], ["W", 3], ["W", 9], ["R", 9], ["R", 3], ["R", 3], ["R", 2], ["R", 3], ["R", 2], ["R", 3], ["R", 3]]}]}, "IndexController.getSeveral": {"t": [{"id": 0, "a": [["R", 2], ["R", 3], ["R", 1], ["R", 3], ["R", 3], ["R", 3], ["R", 2], ["R", 1], ["R", 3], ["R", 3], ["R", 3], ["R", 3], ["R", 4], ["R", 4], ["R", 5], ["R", 4], ["R", 3], ["W", 3], ["W", 3], ["W", 3], ["W", 3], ["W", 3], ["W", 3], ["W", 3], ["W", 3], ["W", 3], ["W", 3], ["W", 6], ["R", 2], ["W", 3], ["W", 2], ["W", 3], ["W", 3], ["W", 7], ["W", 7], ["W", 7], ["W", 7], ["W", 7], ["W", 8], ["W", 7], ["W", 8], ["W", 3], ["W", 8], ["R", 2], ["R", 3], ["R", 1], ["R", 3], ["R", 3], ["R", 3], ["R", 2], ["R", 1], ["R", 3], ["R", 3], ["R", 3], ["W", 3], ["R", 3], ["R", 3], ["R", 4], ["R", 4], ["R", 5], ["R", 4], ["R", 3], ["W", 3], ["W", 3], ["W", 3], ["W", 3], ["W", 3], ["W", 3], ["W", 3], ["W", 3], ["W", 3], ["W", 3], ["W", 6], ["R", 2], ["W", 3], ["W", 2], ["W", 3], ["W", 3], ["W", 7], ["W", 7], ["W", 7], ["W", 7], ["W", 7], ["W", 8], ["W", 7], ["W", 8], ["W", 3], ["W", 8], ["R", 3], ["R", 3], ["W", 3], ["R", 3], ["R", 3], ["R", 4], ["R", 4], ["R", 5], ["R", 4], ["R", 3], ["W", 3], ["W", 3], ["W", 3], ["W", 3], ["W", 3], ["W", 3], ["W", 3], ["W", 3], ["W", 3], ["W", 3], ["W", 6], ["R", 2], ["W", 3], ["W", 2], ["W", 3], ["W", 3], ["W", 7], ["W", 7], ["W", 7], ["W", 7], ["W", 7], ["W", 8], ["W", 7], ["W", 8], ["W", 3], ["W", 8], ["R", 3], ["R", 9], ["R", 10], ["R", 4], ["R", 4], ["R", 5], ["R", 4], ["R", 3], ["R", 3], ["W", 10], ["W", 10], ["W", 10], ["W", 10], ["W", 10], ["W", 10], ["W", 10], ["W", 9], ["W", 3], ["W", 9], ["R", 9]]}]}, "ChartIndexController.get": {"t": [{"id": 0, "a": [["R", 2], ["R", 3], ["R", 1], ["R", 3], ["R", 3], ["R", 3], ["R", 2], ["R", 1], ["R", 3], ["R", 3], ["R", 3], ["R", 3], ["R", 4], ["R", 4], ["R", 5], ["R", 4], ["R", 3], ["W", 3], ["W", 3], ["W", 3], ["W", 3], ["W", 3], ["W", 3], ["W", 3], ["W", 3], ["W", 3], ["W", 3], ["W", 6], ["R", 2], ["W", 3], ["W", 2], ["W", 3], ["W", 3], ["W", 7], ["W", 7], ["W", 7], ["W", 7], ["W", 7], ["W", 8], ["W", 7], ["W", 8], ["W", 3], ["W", 8], ["R", 2], ["R", 3], ["R", 1], ["R", 3], ["R", 3], ["R", 3], ["R", 2], ["R", 1], ["R", 3], ["R", 3], ["R", 3], ["W", 3], ["R", 3], ["R", 3], ["R", 4], ["R", 4], ["R", 5], ["R", 4], ["R", 3], ["W", 3], ["W", 3], ["W", 3], ["W", 3], ["W", 3], ["W", 3], ["W", 3], ["W", 3], ["W", 3], ["W", 3], ["W", 6], ["R", 2], ["W", 3], ["W", 2], ["W", 3], ["W", 3], ["W", 7], ["W", 7], ["W", 7], ["W", 7], ["W", 7], ["W", 8], ["W", 7], ["W", 8], ["W", 3], ["W", 8], ["R", 3], ["R", 3], ["W", 3], ["R", 3], ["R", 3], ["R", 4], ["R", 4], ["R", 5], ["R", 4], ["R", 3], ["W", 3], ["W", 3], ["W", 3], ["W", 3], ["W", 3], ["W", 3], ["W", 3], ["W", 3], ["W", 3], ["W", 3], ["W", 6], ["R", 2], ["W", 3], ["W", 2], ["W", 3], ["W", 3], ["W", 7], ["W", 7], ["W", 7], ["W", 7], ["W", 7], ["W", 8], ["W", 7], ["W", 8], ["W", 3], ["W", 8], ["R", 3], ["R", 9], ["R", 10], ["R", 4], ["R", 4], ["R", 5], ["R", 4], ["R", 3], ["R", 3], ["W", 10], ["W", 10], ["W", 10], ["W", 10], ["W", 10], ["W", 10], ["W", 10], ["W", 9], ["W", 3], ["W", 9], ["R", 9], ["R", 10], ["R", 10]]}]}, "ChartStockController.get": {"t": [{"id": 0, "a": [["R", 3], ["R", 6], ["R", 1], ["R", 6], ["R", 11], ["R", 11], ["R", 4], ["R", 4], ["R", 5], ["R", 4], ["W", 12], ["W", 12], ["W", 7], ["W", 7], ["W", 7], ["W", 7], ["W", 7], ["W", 12], ["W", 12], ["W", 12], ["W", 12], ["W", 12], ["W", 7], ["W", 12], ["W", 6], ["R", 7], ["W", 11], ["R", 7], ["W", 11], ["R", 12], ["W", 11], ["R", 12], ["W", 11], ["R", 7], ["W", 11], ["R", 7], ["W", 11], ["R", 7], ["W", 11], ["R", 12], ["R", 12], ["R", 2], ["W", 6], ["W", 2], ["R", 12], ["R", 12], ["W", 11], ["W", 6], ["W", 12], ["W", 6], ["W", 12], ["W", 12], ["W", 7], ["W", 7], ["W", 7], ["W", 7], ["W", 7], ["W", 12], ["W", 12], ["W", 12], ["W", 12], ["W", 12], ["W", 7], ["W", 12], ["W", 6], ["R", 7], ["W", 11], ["R", 7], ["W", 11], ["R", 12], ["W", 11], ["R", 12], ["W", 11], ["R", 7], ["W", 11], ["R", 7], ["W", 11], ["R", 7], ["W", 11], ["R", 12], ["R", 12], ["R", 2], ["W", 6], ["W", 2], ["R", 12], ["R", 12], ["W", 11], ["W", 6], ["W", 12], ["W", 6], ["R", 3], ["R", 6], ["R", 1], ["R", 6], ["R", 6], ["W", 6], ["R", 11], ["R", 11], ["R", 4], ["R", 4], ["R", 5], ["R", 4], ["W", 12], ["W", 12], ["W", 7], ["W", 7], ["W", 7], ["W", 7], ["W", 7], ["W", 12], ["W", 12], ["W", 12], ["W", 12], ["W", 12], ["W", 7], ["W", 12], ["W", 6], ["R", 7], ["W", 11], ["R", 7], ["W", 11], ["R", 12], ["W", 11], ["R", 12], ["W", 11], ["R", 7], ["W", 11], ["R", 7], ["W", 11], ["R", 7], ["W", 11], ["R", 12], ["R", 12], ["R", 2], ["W", 6], ["W", 2], ["R", 12], ["R", 12], ["W", 11], ["W", 6], ["W", 12], ["W", 6], ["W", 12], ["W", 12], ["W", 7], ["W", 7], ["W", 7], ["W", 7], ["W", 7], ["W", 12], ["W", 12], ["W", 12], ["W", 12], ["W", 12], ["W", 7], ["W", 12], ["W", 6], ["R", 7], ["W", 11], ["R", 7], ["W", 11], ["R", 12], ["W", 11], ["R", 12], ["W", 11], ["R", 7], ["W", 11], ["R", 7], ["W", 11], ["R", 7], ["W", 11], ["R", 12], ["R", 12], ["R", 2], ["W", 6], ["W", 2], ["R", 12], ["R", 12], ["W", 11], ["W", 6], ["W", 12], ["W", 6], ["R", 6], ["R", 6], ["W", 6], ["R", 11], ["R", 11], ["R", 4], ["R", 4], ["R", 5], ["R", 4], ["W", 12], ["W", 12], ["W", 7], ["W", 7], ["W", 7], ["W", 7], ["W", 7], ["W", 12], ["W", 12], ["W", 12], ["W", 12], ["W", 12], ["W", 7], ["W", 12], ["W", 6], ["R", 7], ["W", 11], ["R", 7], ["W", 11], ["R", 12], ["W", 11], ["R", 12], ["W", 11], ["R", 7], ["W", 11], ["R", 7], ["W", 11], ["R", 7], ["W", 11], ["R", 12], ["R", 12], ["R", 2], ["W", 6], ["W", 2], ["R", 12], ["R", 12], ["W", 11], ["W", 6], ["W", 12], ["W", 6], ["W", 12], ["W", 12], ["W", 7], ["W", 7], ["W", 7], ["W", 7], ["W", 7], ["W", 12], ["W", 12], ["W", 12], ["W", 12], ["W", 12], ["W", 7], ["W", 12], ["W", 6], ["R", 7], ["W", 11], ["R", 7], ["W", 11], ["R", 12], ["W", 11], ["R", 12], ["W", 11], ["R", 7], ["W", 11], ["R", 7], ["W", 11], ["R", 7], ["W", 11], ["R", 12], ["R", 12], ["R", 2], ["W", 6], ["W", 2], ["R", 12], ["R", 12], ["W", 11], ["W", 6], ["W", 12], ["W", 6], ["R", 6], ["R", 13], ["R", 4], ["R", 4], ["R", 5], ["R", 4], ["R", 6], ["R", 6], ["W", 10], ["W", 10], ["W", 10], ["W", 10], ["W", 10], ["W", 10], ["W", 10], ["W", 13], ["W", 6], ["W", 13], ["R", 13], ["R", 6], ["W", 6], ["R", 11], ["R", 11], ["R", 4], ["R", 4], ["R", 5], ["R", 4], ["W", 12], ["W", 12], ["W", 7], ["W", 7], ["W", 7], ["W", 7], ["W", 7], ["W", 12], ["W", 12], ["W", 12], ["W", 12], ["W", 12], ["W", 7], ["W", 12], ["W", 6], ["R", 7], ["W", 11], ["R", 7], ["W", 11], ["R", 12], ["W", 11], ["R", 12], ["W", 11], ["R", 7], ["W", 11], ["R", 7], ["W", 11], ["R", 7], ["W", 11], ["R", 12], ["R", 12], ["R", 2], ["W", 6], ["W", 2], ["R", 12], ["R", 12], ["W", 11], ["W", 6], ["W", 12], ["W", 6], ["W", 12], ["W", 12], ["W", 7], ["W", 7], ["W", 7], ["W", 7], ["W", 7], ["W", 12], ["W", 12], ["W", 12], ["W", 12], ["W", 12], ["W", 7], ["W", 12], ["W", 6], ["R", 7], ["W", 11], ["R", 7], ["W", 11], ["R", 12], ["W", 11], ["R", 12], ["W", 11], ["R", 7], ["W", 11], ["R", 7], ["W", 11], ["R", 7], ["W", 11], ["R", 12], ["R", 12], ["R", 2], ["W", 6], ["W", 2], ["R", 12], ["R", 12], ["W", 11], ["W", 6], ["W", 12], ["W", 6], ["R", 6], ["R", 10]]}]}, "ExchangeController.get": {"t": [{"id": 0, "a": [["R", 2], ["R", 2], ["R", 2], ["R", 1], ["R", 2], ["R", 2]]}]}, "ExchangeController.getSeveral": {"t": [{"id": 0, "a": [["R", 2]]}]}, "SessionController.login": {"t": [{"id": 0, "a": [["R", 5], ["R", 5], ["R", 5], ["R", 5], ["R", 5], ["R", 5], ["R", 4], ["R", 5], ["W", 4], ["W", 4], ["R", 5], ["R", 5], ["R", 14]]}]}, "StockQuoteController.get": {"t": [{"id": 0, "a": [["R", 12], ["R", 12], ["R", 12], ["R", 6], ["R", 12]]}]}, "StockProductController.get": {"t": [{"id": 0, "a": [["R", 3], ["R", 6], ["R", 1], ["R", 6], ["R", 11], ["R", 11], ["R", 4], ["R", 4], ["R", 5], ["R", 4], ["W", 12], ["W", 12], ["W", 7], ["W", 7], ["W", 7], ["W", 7], ["W", 7], ["W", 12], ["W", 12], ["W", 12], ["W", 12], ["W", 12], ["W", 7], ["W", 12], ["W", 6], ["R", 7], ["W", 11], ["R", 7], ["W", 11], ["R", 12], ["W", 11], ["R", 12], ["W", 11], ["R", 7], ["W", 11], ["R", 7], ["W", 11], ["R", 7], ["W", 11], ["R", 12], ["R", 12], ["R", 2], ["W", 6], ["W", 2], ["R", 12], ["R", 12], ["W", 11], ["W", 6], ["W", 12], ["W", 6], ["W", 12], ["W", 12], ["W", 7], ["W", 7], ["W", 7], ["W", 7], ["W", 7], ["W", 12], ["W", 12], ["W", 12], ["W", 12], ["W", 12], ["W", 7], ["W", 12], ["W", 6], ["R", 7], ["W", 11], ["R", 7], ["W", 11], ["R", 12], ["W", 11], ["R", 12], ["W", 11], ["R", 7], ["W", 11], ["R", 7], ["W", 11], ["R", 7], ["W", 11], ["R", 12], ["R", 12], ["R", 2], ["W", 6], ["W", 2], ["R", 12], ["R", 12], ["W", 11], ["W", 6], ["W", 12], ["W", 6], ["R", 3], ["R", 6], ["R", 1], ["R", 6], ["R", 6], ["W", 6], ["R", 11], ["R", 11], ["R", 4], ["R", 4], ["R", 5], ["R", 4], ["W", 12], ["W", 12], ["W", 7], ["W", 7], ["W", 7], ["W", 7], ["W", 7], ["W", 12], ["W", 12], ["W", 12], ["W", 12], ["W", 12], ["W", 7], ["W", 12], ["W", 6], ["R", 7], ["W", 11], ["R", 7], ["W", 11], ["R", 12], ["W", 11], ["R", 12], ["W", 11], ["R", 7], ["W", 11], ["R", 7], ["W", 11], ["R", 7], ["W", 11], ["R", 12], ["R", 12], ["R", 2], ["W", 6], ["W", 2], ["R", 12], ["R", 12], ["W", 11], ["W", 6], ["W", 12], ["W", 6], ["W", 12], ["W", 12], ["W", 7], ["W", 7], ["W", 7], ["W", 7], ["W", 7], ["W", 12], ["W", 12], ["W", 12], ["W", 12], ["W", 12], ["W", 7], ["W", 12], ["W", 6], ["R", 7], ["W", 11], ["R", 7], ["W", 11], ["R", 12], ["W", 11], ["R", 12], ["W", 11], ["R", 7], ["W", 11], ["R", 7], ["W", 11], ["R", 7], ["W", 11], ["R", 12], ["R", 12], ["R", 2], ["W", 6], ["W", 2], ["R", 12], ["R", 12], ["W", 11], ["W", 6], ["W", 12], ["W", 6], ["R", 6], ["R", 6], ["W", 6], ["R", 11], ["R", 11], ["R", 4], ["R", 4], ["R", 5], ["R", 4], ["W", 12], ["W", 12], ["W", 7], ["W", 7], ["W", 7], ["W", 7], ["W", 7], ["W", 12], ["W", 12], ["W", 12], ["W", 12], ["W", 12], ["W", 7], ["W", 12], ["W", 6], ["R", 7], ["W", 11], ["R", 7], ["W", 11], ["R", 12], ["W", 11], ["R", 12], ["W", 11], ["R", 7], ["W", 11], ["R", 7], ["W", 11], ["R", 7], ["W", 11], ["R", 12], ["R", 12], ["R", 2], ["W", 6], ["W", 2], ["R", 12], ["R", 12], ["W", 11], ["W", 6], ["W", 12], ["W", 6], ["W", 12], ["W", 12], ["W", 7], ["W", 7], ["W", 7], ["W", 7], ["W", 7], ["W", 12], ["W", 12], ["W", 12], ["W", 12], ["W", 12], ["W", 7], ["W", 12], ["W", 6], ["R", 7], ["W", 11], ["R", 7], ["W", 11], ["R", 12], ["W", 11], ["R", 12], ["W", 11], ["R", 7], ["W", 11], ["R", 7], ["W", 11], ["R", 7], ["W", 11], ["R", 12], ["R", 12], ["R", 2], ["W", 6], ["W", 2], ["R", 12], ["R", 12], ["W", 11], ["W", 6], ["W", 12], ["W", 6], ["R", 6], ["R", 13], ["R", 4], ["R", 4], ["R", 5], ["R", 4], ["R", 6], ["R", 6], ["W", 10], ["W", 10], ["W", 10], ["W", 10], ["W", 10], ["W", 10], ["W", 10], ["W", 13], ["W", 6], ["W", 13], ["R", 13], ["R", 6], ["W", 6], ["R", 11], ["R", 11], ["R", 4], ["R", 4], ["R", 5], ["R", 4], ["W", 12], ["W", 12], ["W", 7], ["W", 7], ["W", 7], ["W", 7], ["W", 7], ["W", 12], ["W", 12], ["W", 12], ["W", 12], ["W", 12], ["W", 7], ["W", 12], ["W", 6], ["R", 7], ["W", 11], ["R", 7], ["W", 11], ["R", 12], ["W", 11], ["R", 12], ["W", 11], ["R", 7], ["W", 11], ["R", 7], ["W", 11], ["R", 7], ["W", 11], ["R", 12], ["R", 12], ["R", 2], ["W", 6], ["W", 2], ["R", 12], ["R", 12], ["W", 11], ["W", 6], ["W", 12], ["W", 6], ["W", 12], ["W", 12], ["W", 7], ["W", 7], ["W", 7], ["W", 7], ["W", 7], ["W", 12], ["W", 12], ["W", 12], ["W", 12], ["W", 12], ["W", 7], ["W", 12], ["W", 6], ["R", 7], ["W", 11], ["R", 7], ["W", 11], ["R", 12], ["W", 11], ["R", 12], ["W", 11], ["R", 7], ["W", 11], ["R", 7], ["W", 11], ["R", 7], ["W", 11], ["R", 12], ["R", 12], ["R", 2], ["W", 6], ["W", 2], ["R", 12], ["R", 12], ["W", 11], ["W", 6], ["W", 12], ["W", 6], ["R", 6], ["R", 6], ["R", 6], ["R", 15], ["R", 6], ["R", 15], ["R", 6], ["R", 2], ["R", 6], ["R", 2], ["R", 6], ["R", 6], ["R", 12], ["R", 6], ["R", 12]]}]}, "StockProductController.getSeveral": {"t": [{"id": 0, "a": [["R", 3], ["R", 6], ["R", 1], ["R", 6], ["R", 11], ["R", 11], ["R", 4], ["R", 4], ["R", 5], ["R", 4], ["W", 12], ["W", 12], ["W", 7], ["W", 7], ["W", 7], ["W", 7], ["W", 7], ["W", 12], ["W", 12], ["W", 12], ["W", 12], ["W", 12], ["W", 7], ["W", 12], ["W", 6], ["R", 7], ["W", 11], ["R", 7], ["W", 11], ["R", 12], ["W", 11], ["R", 12], ["W", 11], ["R", 7], ["W", 11], ["R", 7], ["W", 11], ["R", 7], ["W", 11], ["R", 12], ["R", 12], ["R", 2], ["W", 6], ["W", 2], ["R", 12], ["R", 12], ["W", 11], ["W", 6], ["W", 12], ["W", 6], ["W", 12], ["W", 12], ["W", 7], ["W", 7], ["W", 7], ["W", 7], ["W", 7], ["W", 12], ["W", 12], ["W", 12], ["W", 12], ["W", 12], ["W", 7], ["W", 12], ["W", 6], ["R", 7], ["W", 11], ["R", 7], ["W", 11], ["R", 12], ["W", 11], ["R", 12], ["W", 11], ["R", 7], ["W", 11], ["R", 7], ["W", 11], ["R", 7], ["W", 11], ["R", 12], ["R", 12], ["R", 2], ["W", 6], ["W", 2], ["R", 12], ["R", 12], ["W", 11], ["W", 6], ["W", 12], ["W", 6], ["R", 3], ["R", 6], ["R", 1], ["R", 6], ["R", 6], ["W", 6], ["R", 11], ["R", 11], ["R", 4], ["R", 4], ["R", 5], ["R", 4], ["W", 12], ["W", 12], ["W", 7], ["W", 7], ["W", 7], ["W", 7], ["W", 7], ["W", 12], ["W", 12], ["W", 12], ["W", 12], ["W", 12], ["W", 7], ["W", 12], ["W", 6], ["R", 7], ["W", 11], ["R", 7], ["W", 11], ["R", 12], ["W", 11], ["R", 12], ["W", 11], ["R", 7], ["W", 11], ["R", 7], ["W", 11], ["R", 7], ["W", 11], ["R", 12], ["R", 12], ["R", 2], ["W", 6], ["W", 2], ["R", 12], ["R", 12], ["W", 11], ["W", 6], ["W", 12], ["W", 6], ["W", 12], ["W", 12], ["W", 7], ["W", 7], ["W", 7], ["W", 7], ["W", 7], ["W", 12], ["W", 12], ["W", 12], ["W", 12], ["W", 12], ["W", 7], ["W", 12], ["W", 6], ["R", 7], ["W", 11], ["R", 7], ["W", 11], ["R", 12], ["W", 11], ["R", 12], ["W", 11], ["R", 7], ["W", 11], ["R", 7], ["W", 11], ["R", 7], ["W", 11], ["R", 12], ["R", 12], ["R", 2], ["W", 6], ["W", 2], ["R", 12], ["R", 12], ["W", 11], ["W", 6], ["W", 12], ["W", 6], ["R", 6], ["R", 6], ["W", 6], ["R", 11], ["R", 11], ["R", 4], ["R", 4], ["R", 5], ["R", 4], ["W", 12], ["W", 12], ["W", 7], ["W", 7], ["W", 7], ["W", 7], ["W", 7], ["W", 12], ["W", 12], ["W", 12], ["W", 12], ["W", 12], ["W", 7], ["W", 12], ["W", 6], ["R", 7], ["W", 11], ["R", 7], ["W", 11], ["R", 12], ["W", 11], ["R", 12], ["W", 11], ["R", 7], ["W", 11], ["R", 7], ["W", 11], ["R", 7], ["W", 11], ["R", 12], ["R", 12], ["R", 2], ["W", 6], ["W", 2], ["R", 12], ["R", 12], ["W", 11], ["W", 6], ["W", 12], ["W", 6], ["W", 12], ["W", 12], ["W", 7], ["W", 7], ["W", 7], ["W", 7], ["W", 7], ["W", 12], ["W", 12], ["W", 12], ["W", 12], ["W", 12], ["W", 7], ["W", 12], ["W", 6], ["R", 7], ["W", 11], ["R", 7], ["W", 11], ["R", 12], ["W", 11], ["R", 12], ["W", 11], ["R", 7], ["W", 11], ["R", 7], ["W", 11], ["R", 7], ["W", 11], ["R", 12], ["R", 12], ["R", 2], ["W", 6], ["W", 2], ["R", 12], ["R", 12], ["W", 11], ["W", 6], ["W", 12], ["W", 6], ["R", 6], ["R", 13], ["R", 4], ["R", 4], ["R", 5], ["R", 4], ["R", 6], ["R", 6], ["W", 10], ["W", 10], ["W", 10], ["W", 10], ["W", 10], ["W", 10], ["W", 10], ["W", 13], ["W", 6], ["W", 13], ["R", 13], ["R", 6], ["W", 6], ["R", 11], ["R", 11], ["R", 4], ["R", 4], ["R", 5], ["R", 4], ["W", 12], ["W", 12], ["W", 7], ["W", 7], ["W", 7], ["W", 7], ["W", 7], ["W", 12], ["W", 12], ["W", 12], ["W", 12], ["W", 12], ["W", 7], ["W", 12], ["W", 6], ["R", 7], ["W", 11], ["R", 7], ["W", 11], ["R", 12], ["W", 11], ["R", 12], ["W", 11], ["R", 7], ["W", 11], ["R", 7], ["W", 11], ["R", 7], ["W", 11], ["R", 12], ["R", 12], ["R", 2], ["W", 6], ["W", 2], ["R", 12], ["R", 12], ["W", 11], ["W", 6], ["W", 12], ["W", 6], ["W", 12], ["W", 12], ["W", 7], ["W", 7], ["W", 7], ["W", 7], ["W", 7], ["W", 12], ["W", 12], ["W", 12], ["W", 12], ["W", 12], ["W", 7], ["W", 12], ["W", 6], ["R", 7], ["W", 11], ["R", 7], ["W", 11], ["R", 12], ["W", 11], ["R", 12], ["W", 11], ["R", 7], ["W", 11], ["R", 7], ["W", 11], ["R", 7], ["W", 11], ["R", 12], ["R", 12], ["R", 2], ["W", 6], ["W", 2], ["R", 12], ["R", 12], ["W", 11], ["W", 6], ["W", 12], ["W", 6], ["R", 6]]}]}, "OAuth2CloudstreetController.getForm": {"t": [{"id": 0, "a": [["W", 5], ["R", 5], ["R", 5], ["R", 5]]}]}, "OAuth2CloudstreetController.login": {"t": [{"id": 0, "a": [["R", 5], ["R", 5], ["R", 5], ["R", 5], ["R", 5], ["R", 5], ["R", 4], ["R", 5], ["W", 4], ["W", 4], ["R", 5], ["R", 5], ["R", 14]]}]}, "CurrencyExchangeController.get": {"t": [{"id": 0, "a": [["R", 16], ["R", 16], ["R", 4], ["R", 4], ["R", 5], ["R", 4], ["R", 16], ["W", 16], ["W", 16], ["W", 16], ["W", 16], ["W", 16], ["W", 16], ["W", 16], ["W", 16], ["W", 16], ["W", 16], ["R", 16], ["R", 16]]}]}, "LikeActionController.get": {"t": [{"id": 0, "a": [["R", 17]]}]}, "LikeActionController.post": {"t": [{"id": 0, "a": [["R", 18], ["R", 5], ["R", 5], ["R", 5], ["R", 5], ["R", 18], ["R", 5], ["R", 5], ["R", 18], ["R", 5], ["R", 5], ["R", 18], ["R", 18], ["R", 18], ["R", 17], ["R", 19], ["R", 18], ["R", 18], ["R", 17]]}]}, "LikeActionController.search": {"t": [{"id": 0, "a": [["R", 17], ["R", 17]]}]}, "IndustryController.get": {"t": [{"id": 0, "a": [["R", 15], ["R", 15]]}]}, "IndustryController.getSeveral": {"t": [{"id": 0, "a": [["R", 15]]}]}, "MonitoringController.deleteUser": {"t": [{"id": 0, "a": [["W", 5]]}]}, "MonitoringController.getUserDetails": {"t": [{"id": 0, "a": [["R", 5]]}]}, "MonitoringController.getUsers": {"t": [{"id": 0, "a": [["R", 5]]}]}, "AccountSummaryController.getWallet": {"t": [{"id": 0, "a": [["R", 5], ["R", 20], ["R", 3], ["R", 6], ["R", 1], ["R", 6], ["R", 11], ["R", 11], ["R", 4], ["R", 4], ["R", 5], ["R", 4], ["W", 12], ["W", 12], ["W", 7], ["W", 7], ["W", 7], ["W", 7], ["W", 7], ["W", 12], ["W", 12], ["W", 12], ["W", 12], ["W", 12], ["W", 7], ["W", 12], ["W", 6], ["R", 7], ["W", 11], ["R", 7], ["W", 11], ["R", 12], ["W", 11], ["R", 12], ["W", 11], ["R", 7], ["W", 11], ["R", 7], ["W", 11], ["R", 7], ["W", 11], ["R", 12], ["R", 12], ["R", 2], ["W", 6], ["W", 2], ["R", 12], ["R", 12], ["W", 11], ["W", 6], ["W", 12], ["W", 6], ["W", 12], ["W", 12], ["W", 7], ["W", 7], ["W", 7], ["W", 7], ["W", 7], ["W", 12], ["W", 12], ["W", 12], ["W", 12], ["W", 12], ["W", 7], ["W", 12], ["W", 6], ["R", 7], ["W", 11], ["R", 7], ["W", 11], ["R", 12], ["W", 11], ["R", 12], ["W", 11], ["R", 7], ["W", 11], ["R", 7], ["W", 11], ["R", 7], ["W", 11], ["R", 12], ["R", 12], ["R", 2], ["W", 6], ["W", 2], ["R", 12], ["R", 12], ["W", 11], ["W", 6], ["W", 12], ["W", 6], ["R", 3], ["R", 6], ["R", 1], ["R", 6], ["R", 6], ["W", 6], ["R", 11], ["R", 11], ["R", 4], ["R", 4], ["R", 5], ["R", 4], ["W", 12], ["W", 12], ["W", 7], ["W", 7], ["W", 7], ["W", 7], ["W", 7], ["W", 12], ["W", 12], ["W", 12], ["W", 12], ["W", 12], ["W", 7], ["W", 12], ["W", 6], ["R", 7], ["W", 11], ["R", 7], ["W", 11], ["R", 12], ["W", 11], ["R", 12], ["W", 11], ["R", 7], ["W", 11], ["R", 7], ["W", 11], ["R", 7], ["W", 11], ["R", 12], ["R", 12], ["R", 2], ["W", 6], ["W", 2], ["R", 12], ["R", 12], ["W", 11], ["W", 6], ["W", 12], ["W", 6], ["W", 12], ["W", 12], ["W", 7], ["W", 7], ["W", 7], ["W", 7], ["W", 7], ["W", 12], ["W", 12], ["W", 12], ["W", 12], ["W", 12], ["W", 7], ["W", 12], ["W", 6], ["R", 7], ["W", 11], ["R", 7], ["W", 11], ["R", 12], ["W", 11], ["R", 12], ["W", 11], ["R", 7], ["W", 11], ["R", 7], ["W", 11], ["R", 7], ["W", 11], ["R", 12], ["R", 12], ["R", 2], ["W", 6], ["W", 2], ["R", 12], ["R", 12], ["W", 11], ["W", 6], ["W", 12], ["W", 6], ["R", 6], ["R", 6], ["W", 6], ["R", 11], ["R", 11], ["R", 4], ["R", 4], ["R", 5], ["R", 4], ["W", 12], ["W", 12], ["W", 7], ["W", 7], ["W", 7], ["W", 7], ["W", 7], ["W", 12], ["W", 12], ["W", 12], ["W", 12], ["W", 12], ["W", 7], ["W", 12], ["W", 6], ["R", 7], ["W", 11], ["R", 7], ["W", 11], ["R", 12], ["W", 11], ["R", 12], ["W", 11], ["R", 7], ["W", 11], ["R", 7], ["W", 11], ["R", 7], ["W", 11], ["R", 12], ["R", 12], ["R", 2], ["W", 6], ["W", 2], ["R", 12], ["R", 12], ["W", 11], ["W", 6], ["W", 12], ["W", 6], ["W", 12], ["W", 12], ["W", 7], ["W", 7], ["W", 7], ["W", 7], ["W", 7], ["W", 12], ["W", 12], ["W", 12], ["W", 12], ["W", 12], ["W", 7], ["W", 12], ["W", 6], ["R", 7], ["W", 11], ["R", 7], ["W", 11], ["R", 12], ["W", 11], ["R", 12], ["W", 11], ["R", 7], ["W", 11], ["R", 7], ["W", 11], ["R", 7], ["W", 11], ["R", 12], ["R", 12], ["R", 2], ["W", 6], ["W", 2], ["R", 12], ["R", 12], ["W", 11], ["W", 6], ["W", 12], ["W", 6], ["R", 6], ["R", 13], ["R", 4], ["R", 4], ["R", 5], ["R", 4], ["R", 6], ["R", 6], ["W", 10], ["W", 10], ["W", 10], ["W", 10], ["W", 10], ["W", 10], ["W", 10], ["W", 13], ["W", 6], ["W", 13], ["R", 13], ["R", 6], ["W", 6], ["R", 11], ["R", 11], ["R", 4], ["R", 4], ["R", 5], ["R", 4], ["W", 12], ["W", 12], ["W", 7], ["W", 7], ["W", 7], ["W", 7], ["W", 7], ["W", 12], ["W", 12], ["W", 12], ["W", 12], ["W", 12], ["W", 7], ["W", 12], ["W", 6], ["R", 7], ["W", 11], ["R", 7], ["W", 11], ["R", 12], ["W", 11], ["R", 12], ["W", 11], ["R", 7], ["W", 11], ["R", 7], ["W", 11], ["R", 7], ["W", 11], ["R", 12], ["R", 12], ["R", 2], ["W", 6], ["W", 2], ["R", 12], ["R", 12], ["W", 11], ["W", 6], ["W", 12], ["W", 6], ["W", 12], ["W", 12], ["W", 7], ["W", 7], ["W", 7], ["W", 7], ["W", 7], ["W", 12], ["W", 12], ["W", 12], ["W", 12], ["W", 12], ["W", 7], ["W", 12], ["W", 6], ["R", 7], ["W", 11], ["R", 7], ["W", 11], ["R", 12], ["W", 11], ["R", 12], ["W", 11], ["R", 7], ["W", 11], ["R", 7], ["W", 11], ["R", 7], ["W", 11], ["R", 12], ["R", 12], ["R", 2], ["W", 6], ["W", 2], ["R", 12], ["R", 12], ["W", 11], ["W", 6], ["W", 12], ["W", 6], ["R", 6], ["R", 20], ["R", 20], ["R", 20], ["R", 12], ["R", 12], ["R", 6], ["R", 11], ["R", 6], ["R", 6], ["R", 2], ["R", 2], ["R", 11], ["R", 18], ["R", 18], ["R", 20], ["R", 20], ["R", 20], ["W", 20], ["R", 20], ["R", 5], ["R", 6], ["R", 12], ["R", 12], ["R", 6], ["R", 12], ["R", 12], ["R", 5], ["R", 16], ["R", 16], ["R", 4], ["R", 4], ["R", 5], ["R", 4], ["R", 16], ["W", 16], ["W", 16], ["W", 16], ["W", 16], ["W", 16], ["W", 16], ["W", 16], ["W", 16], ["W", 16], ["W", 16], ["R", 16], ["R", 20], ["R", 12], ["R", 12], ["R", 5], ["R", 6], ["R", 12], ["R", 12], ["R", 16], ["R", 6], ["R", 12], ["R", 12], ["R", 16], ["R", 11], ["R", 16], ["R", 16], ["R", 6], ["R", 12], ["R", 12], ["R", 6], ["R", 12], ["R", 12], ["R", 11], ["R", 6], ["R", 12], ["R", 12], ["R", 5]]}]}, "UsersController.create": {"t": [{"id": 0, "a": [["R", 5], ["R", 5], ["R", 4], ["R", 4], ["R", 5], ["W", 5], ["W", 5], ["R", 5], ["R", 5], ["R", 5], ["W", 14], ["W", 5], ["W", 14], ["R", 5], ["R", 14], ["W", 5], ["W", 14], ["W", 18], ["W", 5], ["W", 18], ["W", 18], ["R", 5], ["R", 18], ["W", 5], ["W", 18], ["R", 5], ["W", 5], ["W", 5], ["R", 5], ["R", 18], ["R", 5], ["R", 18], ["R", 18], ["R", 5], ["R", 5], ["R", 18], ["R", 5], ["R", 5], ["R", 18], ["R", 18], ["R", 18], ["R", 18], ["R", 4], ["R", 5], ["W", 4], ["W", 4], ["R", 5], ["R", 5], ["R", 14], ["R", 5], ["R", 5], ["R", 16], ["R", 16], ["R", 4], ["R", 4], ["R", 5], ["R", 4], ["R", 16], ["W", 16], ["W", 16], ["W", 16], ["W", 16], ["W", 16], ["W", 16], ["W", 16], ["W", 16], ["W", 16], ["W", 16], ["R", 16], ["R", 16], ["W", 5], ["W", 5], ["R", 5], ["R", 5], ["R", 5], ["W", 14], ["W", 5], ["W", 14], ["R", 5], ["R", 14], ["W", 5], ["W", 14], ["W", 18], ["W", 5], ["W", 18], ["W", 18], ["R", 5], ["R", 18], ["W", 5], ["W", 18], ["R", 5], ["W", 5], ["W", 5], ["R", 5], ["R", 18], ["R", 5], ["R", 18], ["R", 18], ["R", 5], ["R", 5], ["R", 18], ["R", 5], ["R", 5], ["R", 18], ["R", 18], ["R", 18], ["R", 18], ["R", 5], ["R", 5], ["R", 14], ["R", 5]]}]}, "UsersController.get": {"t": [{"id": 0, "a": [["R", 5], ["R", 5], ["R", 5], ["R", 5], ["R", 5], ["R", 5], ["R", 5], ["R", 5], ["R", 5], ["R", 5], ["R", 5]]}]}, "UsersController.getLeaders": {"t": [{"id": 0, "a": [["R", 5], ["R", 5], ["R", 5], ["R", 5], ["R", 5], ["R", 5], ["R", 5], ["R", 5], ["R", 5], ["R", 5], ["R", 5]]}]}, "UsersController.search": {"t": [{"id": 0, "a": [["R", 5], ["R", 5], ["R", 5], ["R", 5], ["R", 5], ["R", 5], ["R", 5], ["R", 5], ["R", 5], ["R", 5], ["R", 5]]}]}, "UsersController.update": {"t": [{"id": 0, "a": [["R", 5], ["R", 5], ["R", 5], ["R", 5], ["R", 5], ["R", 5], ["R", 16], ["R", 16], ["R", 4], ["R", 4], ["R", 5], ["R", 4], ["R", 16], ["W", 16], ["W", 16], ["W", 16], ["W", 16], ["W", 16], ["W", 16], ["W", 16], ["W", 16], ["W", 16], ["W", 16], ["R", 16], ["R", 16], ["R", 16], ["R", 16], ["R", 5], ["W", 5], ["R", 5], ["W", 5], ["R", 5], ["R", 5], ["W", 5], ["W", 5]]}]}, "ActivityFeedController.getPublicActivities": {"t": [{"id": 0, "a": [["R", 18], ["R", 18], ["R", 5], ["R", 5], ["R", 18], ["R", 5], ["R", 5], ["R", 18], ["R", 18], ["R", 18], ["R", 18], ["R", 19], ["R", 18], ["R", 18], ["R", 5], ["R", 5], ["R", 19], ["R", 18], ["R", 5], ["R", 5], ["R", 18], ["R", 5], ["R", 5], ["R", 18], ["R", 18], ["R", 18], ["R", 18], ["R", 20], ["R", 12], ["R", 18], ["R", 12], ["R", 12], ["R", 20], ["R", 12], ["R", 12], ["R", 6], ["R", 6], ["R", 20], ["R", 20], ["R", 12], ["R", 12], ["R", 18], ["R", 19], ["R", 18], ["R", 18], ["R", 5], ["R", 5], ["R", 19]]}]}, "TransactionController.get": {"t": [{"id": 0, "a": [["R", 20], ["R", 20], ["R", 12]]}]}, "TransactionController.post": {"t": [{"id": 0, "a": [["R", 18], ["R", 5], ["R", 5], ["R", 5], ["R", 5], ["R", 20], ["R", 12], ["R", 7], ["R", 5], ["R", 5], ["R", 5], ["R", 5], ["R", 5], ["R", 5], ["R", 5], ["R", 5], ["R", 5], ["R", 5], ["R", 5], ["R", 5], ["R", 5], ["R", 20], ["R", 12], ["R", 12], ["R", 20], ["R", 12], ["R", 12], ["R", 5], ["R", 5], ["R", 5], ["R", 5], ["R", 5], ["R", 5], ["R", 5], ["R", 5], ["R", 5], ["R", 5], ["R", 5], ["R", 16], ["R", 16], ["R", 4], ["R", 4], ["R", 5], ["R", 4], ["R", 16], ["W", 16], ["W", 16], ["W", 16], ["W", 16], ["W", 16], ["W", 16], ["W", 16], ["W", 16], ["W", 16], ["W", 16], ["R", 16], ["R", 18], ["R", 20], ["R", 20], ["R", 12], ["R", 18], ["R", 5], ["R", 5], ["R", 12], ["R", 12], ["R", 12], ["R", 16], ["R", 16], ["R", 16], ["R", 12], ["R", 12], ["R", 5], ["R", 20], ["R", 20], ["R", 12], ["R", 18], ["R", 5], ["R", 18], ["R", 5], ["R", 12], ["R", 12], ["R", 12], ["R", 16], ["R", 16], ["R", 16], ["R", 12], ["R", 12], ["R", 5], ["W", 5], ["R", 5], ["W", 5], ["W", 5], ["R", 5], ["R", 5], ["R", 18], ["R", 18], ["R", 5], ["R", 20], ["R", 20], ["R", 12], ["R", 12], ["R", 6], ["R", 6], ["R", 20], ["R", 6], ["R", 20], ["R", 6], ["R", 20], ["R", 18], ["R", 20], ["R", 18], ["R", 20], ["R", 20], ["R", 20], ["R", 12], ["R", 18], ["R", 5], ["R", 18], ["R", 5], ["R", 12], ["R", 12], ["R", 12], ["R", 16], ["R", 16], ["R", 16], ["R", 12], ["R", 12], ["R", 5], ["W", 5], ["R", 5], ["W", 5], ["W", 5], ["R", 5], ["R", 5], ["R", 18], ["R", 5], ["R", 5], ["R", 18], ["R", 5], ["R", 5], ["R", 18], ["R", 18], ["R", 18], ["R", 18], ["R", 20], ["R", 12], ["R", 18], ["R", 12], ["R", 12], ["R", 20], ["R", 12], ["R", 12], ["R", 6], ["R", 6], ["R", 20], ["R", 20], ["R", 12], ["R", 12], ["R", 20], ["R", 20], ["R", 12]]}]}, "TransactionController.search": {"t": [{"id": 0, "a": [["R", 12], ["R", 5], ["R", 6], ["R", 20], ["R", 20], ["R", 20], ["R", 6], ["R", 20], ["R", 6], ["R", 20], ["R", 6], ["R", 20], ["R", 20], ["R", 20]]}]}}