{"124": ["muruganandam.nagalingam@tcs.com", "rajiniganth.jagadeesan@tcs.com"], "13": ["muruganandam.nagalingam@tcs.com", "manikandan.5@tcs.com", "mangala.krishanveni@tcs.com", "s.razeen@tcs.com", "badrinaraayanan.m@tcs.com"], "24": ["muruganandam.nagalingam@tcs.com"], "18": ["muruganandam.nagalingam@tcs.com"], "87": ["shylaja.mohan1@tcs.com", "muruganandam.nagalingam@tcs.com", "mangala.krishanveni@tcs.com", "badrinaraayanan.m@tcs.com"], "14": ["muruganandam.nagalingam@tcs.com"], "120": ["muruganandam.nagalingam@tcs.com"], "60": ["mangala.krishnaveni@tcs.com", "muruganandam.nagalingam@tcs.com"], "16": ["mangala.krishnaveni@tcs.com", "muruganandam.nagalingam@tcs.com", "manikandan.5@tcs.com", "mangala.krishanveni@tcs.com", "s.razeen@tcs.com"], "49": ["muruganandam.nagalingam@tcs.com", "CKNHvMJV"], "10": ["mangala.krishnaveni@tcs.com", "muruganandam.nagalingam@tcs.com", "manikandan.5@tcs.com", "mangala.krishanveni@tcs.com", "s.razeen@tcs.com", "CKNHvMJV"], "123": ["naresh.r1@tcs.com", "muruganandam.nagalingam@tcs.com"], "54": ["mangala.krishnaveni@tcs.com", "muruganandam.nagalingam@tcs.com", "s.razeen@tcs.com", "badrinaraayanan.m@tcs.com"], "1": ["mangala.krishnaveni@tcs.com", "muruganandam.nagalingam@tcs.com", "manikandan.5@tcs.com", "vinitha.dk@tcs.com", "mangala.krishanveni@tcs.com", "s.razeen@tcs.com", "badrinaraayanan.m@tcs.com"], "121": ["muruganandam.nagalingam@tcs.com"], "61": ["muruganandam.nagalingam@tcs.com"], "92": ["muruganandam.nagalingam@tcs.com"], "23": ["mangala.krishnaveni@tcs.com", "muruganandam.nagalingam@tcs.com", "s.razeen@tcs.com"], "38": ["mangala.krishanveni@tcs.com", "muruganandam.nagalingam@tcs.com", "s.razeen@tcs.com"], "107": ["muruganandam.nagalingam@tcs.com"], "56": ["naresh.r1@tcs.com", "muruganandam.nagalingam@tcs.com", "CKNHvMJV"], "52": ["muruganandam.nagalingam@tcs.com", "s.razeen@tcs.com"], "8": ["naresh.r1@tcs.com", "mangala.krishnaveni@tcs.com", "muruganandam.nagalingam@tcs.com", "manikandan.5@tcs.com", "k.achari@tcs.com", "mangala.krishanveni@tcs.com", "s.razeen@tcs.com", "nidhin.ramadas@tcs.com", "badrinaraayanan.m@tcs.com"], "2": ["mangala.krishnaveni@tcs.com", "muruganandam.nagalingam@tcs.com", "manikandan.5@tcs.com", "vinitha.dk@tcs.com", "mangala.krishanveni@tcs.com", "s.razeen@tcs.com"], "71": ["muruganandam.nagalingam@tcs.com"], "125": ["muruganandam.nagalingam@tcs.com"], "30": ["mangala.krishnaveni@tcs.com", "muruganandam.nagalingam@tcs.com", "s.razeen@tcs.com"], "59": ["muruganandam.nagalingam@tcs.com", "nidhin.ramadas@tcs.com", "CKNHvMJV"], "62": ["muruganandam.nagalingam@tcs.com"], "31": ["k.achari@tcs.com", "muruganandam.nagalingam@tcs.com"], "108": ["muruganandam.nagalingam@tcs.com"], "6": ["renukadevi.chandramouli@tcs.com", "naresh.r1@tcs.com", "mangala.krishnaveni@tcs.com", "muruganandam.nagalingam@tcs.com", "shylaja.mohan1@tcs.com", "manikandan.5@tcs.com", "k.achari@tcs.com", "mangala.krishanveni@tcs.com", "meghashree.ks@tcs.com", "s.razeen@tcs.com", "nidhin.ramadas@tcs.com", "badrinaraayanan.m@tcs.com"], "126": ["naresh.r1@tcs.com", "shylaja.mohan1@tcs.com", "muruganandam.nagalingam@tcs.com", "manikandan.5@tcs.com", "k.achari@tcs.com", "mangala.krishanveni@tcs.com", "vinitha.dk@tcs.com", "rajiniganth.jagadeesan@tcs.com", "s.razeen@tcs.com"], "127": ["muruganandam.nagalingam@tcs.com"], "128": ["muruganandam.nagalingam@tcs.com"], "129": ["muruganandam.nagalingam@tcs.com", "s.razeen@tcs.com", "CKNHvMJV"], "130": ["rajiniganth.jagadeesan@tcs.com", "muruganandam.nagalingam@tcs.com", "s.razeen@tcs.com", "CKNHvMJV"], "131": ["naresh.r1@tcs.com", "muruganandam.nagalingam@tcs.com", "manikandan.5@tcs.com", "k.achari@tcs.com", "rajiniganth.jagadeesan@tcs.com", "s.razeen@tcs.com", "nidhin.ramadas@tcs.com", "vinothkumar.k2@tcs.com"], "132": ["naresh.r1@tcs.com", "shylaja.mohan1@tcs.com", "muruganandam.nagalingam@tcs.com", "mangala.krishnaveni@tcs.com", "k.achari@tcs.com", "mangala.krishanveni@tcs.com", "rajiniganth.jagadeesan@tcs.com", "s.razeen@tcs.com", "nidhin.ramadas@tcs.com"], "133": ["naresh.r1@tcs.com", "shylaja.mohan1@tcs.com", "muruganandam.nagalingam@tcs.com", "manikandan.5@tcs.com", "vinitha.dk@tcs.com", "s.razeen@tcs.com"], "134": ["naresh.r1@tcs.com", "shylaja.mohan1@tcs.com", "muruganandam.nagalingam@tcs.com", "manikandan.5@tcs.com", "k.achari@tcs.com", "vinitha.dk@tcs.com", "rajiniganth.jagadeesan@tcs.com", "s.razeen@tcs.com", "nidhin.ramadas@tcs.com", "badrinaraayanan.m@tcs.com", "vinothkumar.k2@tcs.com"], "135": ["naresh.r1@tcs.com", "mangala.krishnaveni@tcs.com", "muruganandam.nagalingam@tcs.com", "shylaja.mohan1@tcs.com", "manikandan.5@tcs.com", "k.achari@tcs.com", "vinitha.dk@tcs.com", "mangala.krishanveni@tcs.com", "rajiniganth.jagadeesan@tcs.com", "s.razeen@tcs.com", "Vaka.Anuradha@tcs.com"], "136": ["naresh.r1@tcs.com", "mangala.krishnaveni@tcs.com", "muruganandam.nagalingam@tcs.com", "manikandan.5@tcs.com", "k.achari@tcs.com", "mangala.krishanveni@tcs.com", "vaka.anuradha@tcs.com", "rajiniganth.jagadeesan@tcs.com", "s.razeen@tcs.com", "nidhin.ramadas@tcs.com", "badrinaraayanan.m@tcs.com"], "137": ["muruganandam.nagalingam@tcs.com"], "138": ["muruganandam.nagalingam@tcs.com"], "139": ["mangala.krishanveni@tcs.com", "shylaja.mohan1@tcs.com", "muruganandam.nagalingam@tcs.com", "rajiniganth.jagadeesan@tcs.com"], "140": ["muruganandam.nagalingam@tcs.com"], "88": ["mangala.krishanveni@tcs.com", "muruganandam.nagalingam@tcs.com", "s.razeen@tcs.com", "badrinaraayanan.m@tcs.com"], "41": ["muruganandam.nagalingam@tcs.com"], "55": ["muruganandam.nagalingam@tcs.com", "CKNHvMJV"], "35": ["muruganandam.nagalingam@tcs.com"], "53": ["muruganandam.nagalingam@tcs.com", "CKNHvMJV"], "4": ["muruganandam.nagalingam@tcs.com", "s.razeen@tcs.com", "badrinaraayanan.m@tcs.com"], "17": ["k.achari@tcs.com", "muruganandam.nagalingam@tcs.com"], "29": ["mangala.krishnaveni@tcs.com", "muruganandam.nagalingam@tcs.com", "k.achari@tcs.com", "vinitha.dk@tcs.com", "s.razeen@tcs.com"], "83": ["muruganandam.nagalingam@tcs.com"], "73": ["muruganandam.nagalingam@tcs.com"], "40": ["muruganandam.nagalingam@tcs.com"], "82": ["muruganandam.nagalingam@tcs.com"], "11": ["muruganandam.nagalingam@tcs.com", "manikandan.5@tcs.com", "mangala.krishanveni@tcs.com", "s.razeen@tcs.com", "badrinaraayanan.m@tcs.com"], "141": ["muruganandam.nagalingam@tcs.com"], "142": ["muruganandam.nagalingam@tcs.com", "CKNHvMJV"], "143": ["muruganandam.nagalingam@tcs.com"], "144": ["muruganandam.nagalingam@tcs.com"], "145": ["naresh.r1@tcs.com", "shylaja.mohan1@tcs.com", "muruganandam.nagalingam@tcs.com", "mangala.krishnaveni@tcs.com", "manikandan.5@tcs.com", "mangala.krishanveni@tcs.com", "rajiniganth.jagadeesan@tcs.com", "s.razeen@tcs.com"], "146": ["shylaja.mohan1@tcs.com", "naresh.r1@tcs.com", "muruganandam.nagalingam@tcs.com", "s.razeen@tcs.com", "mangala.krishnaveni@tcs.com", "k.achari@tcs.com", "rajiniganth.jagadeesan@tcs.com", "karthi.sekar@tcs.com", "nidhin.ramadas@tcs.com", "badrinaraayanan.m@tcs.com"], "147": ["muruganandam.nagalingam@tcs.com", "nidhin.ramadas@tcs.com"], "148": ["muruganandam.nagalingam@tcs.com"], "149": ["naresh.r1@tcs.com", "shylaja.mohan1@tcs.com", "muruganandam.nagalingam@tcs.com", "manikandan.5@tcs.com", "k.achari@tcs.com", "mangala.krishanveni@tcs.com", "vinitha.dk@tcs.com", "s.razeen@tcs.com", "badrinaraayanan.m@tcs.com"], "150": ["renukadevi.chandramouli@tcs.com", "naresh.r1@tcs.com", "mangala.krishnaveni@tcs.com", "muruganandam.nagalingam@tcs.com", "shylaja.mohan1@tcs.com", "manikandan.5@tcs.com", "k.achari@tcs.com", "mangala.krishanveni@tcs.com", "rajiniganth.jagadeesan@tcs.com", "harish.bhaskarapillai@tcs.com", "s.razeen@tcs.com", "badrinaraayanan.m@tcs.com", "vinothkumar.k2@tcs.com"], "151": ["naresh.r1@tcs.com", "muruganandam.nagalingam@tcs.com", "k.achari@tcs.com", "rajiniganth.jagadeesan@tcs.com", "s.razeen@tcs.com", "CKNHvMJV"], "152": ["naresh.r1@tcs.com", "shylaja.mohan1@tcs.com", "muruganandam.nagalingam@tcs.com", "manikandan.5@tcs.com", "k.achari@tcs.com", "mangala.krishanveni@tcs.com", "rajiniganth.jagadeesan@tcs.com", "s.razeen@tcs.com", "vinothkumar.k2@tcs.com"], "153": ["naresh.r1@tcs.com", "shylaja.mohan1@tcs.com", "muruganandam.nagalingam@tcs.com", "mangala.krishnaveni@tcs.com", "manikandan.5@tcs.com", "vinothkumar.k2@tcs.com", "k.achari@tcs.com", "mangala.krishanveni@tcs.com", "rajiniganth.jagadeesan@tcs.com", "s.razeen@tcs.com", "nidhin.ramadas@tcs.com", "badrinaraayanan.m@tcs.com", "CKNHvMJV"], "154": ["muruganandam.nagalingam@tcs.com", "CKNHvMJV"], "155": ["muruganandam.nagalingam@tcs.com"], "156": ["muruganandam.nagalingam@tcs.com"], "157": ["muruganandam.nagalingam@tcs.com"], "158": ["muruganandam.nagalingam@tcs.com"], "159": ["muruganandam.nagalingam@tcs.com", "CKNHvMJV"], "160": ["muruganandam.nagalingam@tcs.com"], "161": ["muruganandam.nagalingam@tcs.com"], "162": ["muruganandam.nagalingam@tcs.com"], "163": ["naresh.r1@tcs.com", "muruganandam.nagalingam@tcs.com"], "164": ["muruganandam.nagalingam@tcs.com"], "165": ["muruganandam.nagalingam@tcs.com"], "166": ["muruganandam.nagalingam@tcs.com"], "51": ["muruganandam.nagalingam@tcs.com", "CKNHvMJV"], "39": ["k.achari@tcs.com", "muruganandam.nagalingam@tcs.com", "CKNHvMJV"], "5": ["manikandan.5@tcs.com", "muruganandam.nagalingam@tcs.com", "badrinaraayanan.m@tcs.com"], "81": ["muruganandam.nagalingam@tcs.com"], "25": ["muruganandam.nagalingam@tcs.com"], "167": ["muruganandam.nagalingam@tcs.com"], "65": ["muruganandam.nagalingam@tcs.com"], "20": ["muruganandam.nagalingam@tcs.com"], "105": ["muruganandam.nagalingam@tcs.com"], "168": ["k.achari@tcs.com", "naresh.r1@tcs.com", "muruganandam.nagalingam@tcs.com", "nidhin.ramadas@tcs.com"], "169": ["muruganandam.nagalingam@tcs.com"], "170": ["muruganandam.nagalingam@tcs.com", "manikandan.5@tcs.com", "k.achari@tcs.com", "mangala.krishanveni@tcs.com", "vinitha.dk@tcs.com", "rajiniganth.jagadeesan@tcs.com", "nidhin.ramadas@tcs.com"], "171": ["muruganandam.nagalingam@tcs.com"], "172": ["muruganandam.nagalingam@tcs.com", "manikandan.5@tcs.com"], "173": ["muruganandam.nagalingam@tcs.com"], "174": ["muruganandam.nagalingam@tcs.com"], "175": ["muruganandam.nagalingam@tcs.com"], "176": ["muruganandam.nagalingam@tcs.com"], "177": ["shylaja.mohan1@tcs.com", "muruganandam.nagalingam@tcs.com", "manikandan.5@tcs.com", "k.achari@tcs.com", "mangala.krishanveni@tcs.com", "vinitha.dk@tcs.com", "rajiniganth.jagadeesan@tcs.com", "Vaka.Anuradha@tcs.com"], "178": ["shylaja.mohan1@tcs.com", "mangala.krishnaveni@tcs.com", "muruganandam.nagalingam@tcs.com", "manikandan.5@tcs.com", "k.achari@tcs.com", "mangala.krishanveni@tcs.com", "vinitha.dk@tcs.com", "rajiniganth.jagadeesan@tcs.com", "s.razeen@tcs.com", "Vaka.Anuradha@tcs.com"], "179": ["muruganandam.nagalingam@tcs.com"], "180": ["naresh.r1@tcs.com", "shylaja.mohan1@tcs.com", "muruganandam.nagalingam@tcs.com", "mangala.krishnaveni@tcs.com", "manikandan.5@tcs.com", "k.achari@tcs.com", "mangala.krishanveni@tcs.com", "rajiniganth.jagadeesan@tcs.com", "s.razeen@tcs.com", "vinothkumar.k2@tcs.com"], "181": ["muruganandam.nagalingam@tcs.com"], "182": ["naresh.r1@tcs.com", "shylaja.mohan1@tcs.com", "muruganandam.nagalingam@tcs.com", "mangala.krishnaveni@tcs.com", "manikandan.5@tcs.com", "vinothkumar.k2@tcs.com", "k.achari@tcs.com", "mangala.krishanveni@tcs.com", "vinitha.dk@tcs.com", "rajiniganth.jagadeesan@tcs.com", "meghashree.ks@tcs.com", "s.razeen@tcs.com", "nidhin.ramadas@tcs.com", "badrinaraayanan.m@tcs.com", "CKNHvMJV"], "183": ["muruganandam.nagalingam@tcs.com"], "63": ["muruganandam.nagalingam@tcs.com"], "184": ["muruganandam.nagalingam@tcs.com"], "185": ["naresh.r1@tcs.com", "muruganandam.nagalingam@tcs.com", "nidhin.ramadas@tcs.com", "badrinaraayanan.m@tcs.com"], "186": ["muruganandam.nagalingam@tcs.com"], "187": ["muruganandam.nagalingam@tcs.com", "manikandan.5@tcs.com", "mangala.krishanveni@tcs.com", "rajiniganth.jagadeesan@tcs.com", "nidhin.ramadas@tcs.com", "badrinaraayanan.m@tcs.com"], "188": ["muruganandam.nagalingam@tcs.com"], "189": ["muruganandam.nagalingam@tcs.com"], "190": ["mangala.krishanveni@tcs.com", "muruganandam.nagalingam@tcs.com", "rajiniganth.jagadeesan@tcs.com"], "191": ["muruganandam.nagalingam@tcs.com"], "192": ["naresh.r1@tcs.com", "muruganandam.nagalingam@tcs.com", "nidhin.ramadas@tcs.com", "manikandan.5@tcs.com"], "193": ["muruganandam.nagalingam@tcs.com"], "194": ["muruganandam.nagalingam@tcs.com", "rajiniganth.jagadeesan@tcs.com"], "195": ["naresh.r1@tcs.com", "muruganandam.nagalingam@tcs.com", "manikandan.5@tcs.com", "mangala.krishanveni@tcs.com", "rajiniganth.jagadeesan@tcs.com", "nidhin.ramadas@tcs.com"], "196": ["muruganandam.nagalingam@tcs.com"], "197": ["k.achari@tcs.com", "muruganandam.nagalingam@tcs.com"], "198": ["naresh.r1@tcs.com", "muruganandam.nagalingam@tcs.com", "s.razeen@tcs.com"], "199": ["muruganandam.nagalingam@tcs.com", "s.razeen@tcs.com"], "200": ["naresh.r1@tcs.com", "mangala.krishnaveni@tcs.com", "muruganandam.nagalingam@tcs.com", "s.razeen@tcs.com"], "201": ["muruganandam.nagalingam@tcs.com", "s.razeen@tcs.com"], "202": ["naresh.r1@tcs.com", "muruganandam.nagalingam@tcs.com", "s.razeen@tcs.com"], "203": ["naresh.r1@tcs.com", "shylaja.mohan1@tcs.com", "muruganandam.nagalingam@tcs.com", "mangala.krishnaveni@tcs.com", "manikandan.5@tcs.com", "s.razeen@tcs.com"], "204": ["mangala.krishanveni@tcs.com", "muruganandam.nagalingam@tcs.com", "s.razeen@tcs.com", "rajiniganth.jagadeesan@tcs.com"], "205": ["shylaja.mohan1@tcs.com", "muruganandam.nagalingam@tcs.com", "mangala.krishanveni@tcs.com", "rajiniganth.jagadeesan@tcs.com", "s.razeen@tcs.com"], "206": ["shylaja.mohan1@tcs.com", "mangala.krishnaveni@tcs.com", "muruganandam.nagalingam@tcs.com", "mangala.krishanveni@tcs.com", "rajiniganth.jagadeesan@tcs.com", "s.razeen@tcs.com"], "207": ["muruganandam.nagalingam@tcs.com"], "208": ["muruganandam.nagalingam@tcs.com"], "209": ["muruganandam.nagalingam@tcs.com"], "210": ["shylaja.mohan1@tcs.com", "PocCoe@Nirosha.local", "muruganandam.nagalingam@tcs.com", "manikandan.5@tcs.com", "k.achari@tcs.com", "mangala.krishanveni@tcs.com", "rajiniganth.jagadeesan@tcs.com", "meghashree.ks@tcs.com", "s.razeen@tcs.com", "nidhin.ramadas@tcs.com", "badrinaraayanan.m@tcs.com"], "211": ["muruganandam.nagalingam@tcs.com", "s.razeen@tcs.com", "manikandan.5@tcs.com"], "212": ["naresh.r1@tcs.com", "shylaja.mohan1@tcs.com", "muruganandam.nagalingam@tcs.com", "mangala.krishnaveni@tcs.com", "k.achari@tcs.com", "mangala.krishanveni@tcs.com", "s.razeen@tcs.com", "nidhin.ramadas@tcs.com"], "213": ["muruganandam.nagalingam@tcs.com"], "214": ["naresh.r1@tcs.com", "PocCoe@Nirosha.local", "muruganandam.nagalingam@tcs.com", "shylaja.mohan1@tcs.com", "mangala.krishnaveni@tcs.com", "manikandan.5@tcs.com", "k.achari@tcs.com", "mangala.krishanveni@tcs.com", "s.razeen@tcs.com", "nidhin.ramadas@tcs.com", "badrinaraayanan.m@tcs.com"], "215": ["muruganandam.nagalingam@tcs.com"], "216": ["muruganandam.nagalingam@tcs.com"], "217": ["muruganandam.nagalingam@tcs.com", "s.razeen@tcs.com"], "218": ["muruganandam.nagalingam@tcs.com"], "219": ["mangala.krishnaveni@tcs.com", "muruganandam.nagalingam@tcs.com", "manikandan.5@tcs.com"], "220": ["muruganandam.nagalingam@tcs.com", "manikandan.5@tcs.com"], "221": ["muruganandam.nagalingam@tcs.com"], "222": ["naresh.r1@tcs.com", "muruganandam.nagalingam@tcs.com", "s.razeen@tcs.com", "manikandan.5@tcs.com"], "223": ["muruganandam.nagalingam@tcs.com"], "224": ["muruganandam.nagalingam@tcs.com"], "225": ["mangala.krishnaveni@tcs.com", "shylaja.mohan1@tcs.com", "muruganandam.nagalingam@tcs.com", "manikandan.5@tcs.com", "mangala.krishanveni@tcs.com", "rajiniganth.jagadeesan@tcs.com", "vinothkumar.k2@tcs.com"], "226": ["muruganandam.nagalingam@tcs.com", "manikandan.5@tcs.com"], "227": ["muruganandam.nagalingam@tcs.com"], "228": ["muruganandam.nagalingam@tcs.com"], "229": ["muruganandam.nagalingam@tcs.com"], "230": ["renukadevi.chandramouli@tcs.com", "muruganandam.nagalingam@tcs.com", "manikandan.5@tcs.com", "s.razeen@tcs.com", "badrinaraayanan.m@tcs.com", "vinothkumar.k2@tcs.com"], "231": ["muruganandam.nagalingam@tcs.com", "s.razeen@tcs.com", "manikandan.5@tcs.com", "vinothkumar.k2@tcs.com"], "232": ["muruganandam.nagalingam@tcs.com", "s.razeen@tcs.com"], "233": ["muruganandam.nagalingam@tcs.com"], "3": ["muruganandam.nagalingam@tcs.com"], "96": ["muruganandam.nagalingam@tcs.com"], "64": ["muruganandam.nagalingam@tcs.com"], "234": ["muruganandam.nagalingam@tcs.com"], "235": ["naresh.r1@tcs.com", "muruganandam.nagalingam@tcs.com"], "236": ["muruganandam.nagalingam@tcs.com"], "237": ["mangala.krishanveni@tcs.com", "muruganandam.nagalingam@tcs.com", "manikandan.5@tcs.com", "rajiniganth.jagadeesan@tcs.com"], "238": ["naresh.r1@tcs.com", "muruganandam.nagalingam@tcs.com"], "239": ["naresh.r1@tcs.com", "muruganandam.nagalingam@tcs.com", "s.razeen@tcs.com"], "240": ["muruganandam.nagalingam@tcs.com"], "241": ["muruganandam.nagalingam@tcs.com"], "242": ["muruganandam.nagalingam@tcs.com"], "243": ["naresh.r1@tcs.com", "muruganandam.nagalingam@tcs.com"], "244": ["mangala.krishanveni@tcs.com", "shylaja.mohan1@tcs.com", "muruganandam.nagalingam@tcs.com", "rajiniganth.jagadeesan@tcs.com"], "245": ["mangala.krishanveni@tcs.com", "muruganandam.nagalingam@tcs.com", "rajiniganth.jagadeesan@tcs.com"], "246": ["naresh.r1@tcs.com", "muruganandam.nagalingam@tcs.com", "s.razeen@tcs.com"], "247": ["naresh.r1@tcs.com", "muruganandam.nagalingam@tcs.com", "manikandan.5@tcs.com", "s.razeen@tcs.com", "vinothkumar.k2@tcs.com"], "248": ["muruganandam.nagalingam@tcs.com", "mangala.krishanveni@tcs.com", "rajiniganth.jagadeesan@tcs.com", "s.razeen@tcs.com", "vinothkumar.k2@tcs.com"], "249": ["k.achari@tcs.com", "naresh.r1@tcs.com", "muruganandam.nagalingam@tcs.com", "manikandan.5@tcs.com"], "250": ["muruganandam.nagalingam@tcs.com"], "251": ["muruganandam.nagalingam@tcs.com"], "252": ["muruganandam.nagalingam@tcs.com"], "253": ["renukadevi.chandramouli@tcs.com", "naresh.r1@tcs.com", "shylaja.mohan1@tcs.com", "muruganandam.nagalingam@tcs.com", "manikandan.5@tcs.com", "vaka.anuradha@tcs.com", "meghashree.ks@tcs.com", "s.razeen@tcs.com", "nidhin.ramadas@tcs.com"], "254": ["naresh.r1@tcs.com", "muruganandam.nagalingam@tcs.com"], "255": ["renukadevi.chandramouli@tcs.com", "naresh.r1@tcs.com", "shylaja.mohan1@tcs.com", "muruganandam.nagalingam@tcs.com", "manikandan.5@tcs.com", "k.achari@tcs.com", "mangala.krishanveni@tcs.com", "vaka.anuradha@tcs.com", "rajiniganth.jagadeesan@tcs.com", "meghashree.ks@tcs.com", "s.razeen@tcs.com", "nidhin.ramadas@tcs.com"], "256": ["muruganandam.nagalingam@tcs.com"], "257": ["muruganandam.nagalingam@tcs.com"], "258": ["muruganandam.nagalingam@tcs.com"], "259": ["naresh.r1@tcs.com", "muruganandam.nagalingam@tcs.com"], "260": ["naresh.r1@tcs.com", "muruganandam.nagalingam@tcs.com"], "261": ["muruganandam.nagalingam@tcs.com"], "262": ["naresh.r1@tcs.com", "muruganandam.nagalingam@tcs.com"], "263": ["naresh.r1@tcs.com", "muruganandam.nagalingam@tcs.com", "manikandan.5@tcs.com"], "264": ["k.achari@tcs.com", "naresh.r1@tcs.com", "muruganandam.nagalingam@tcs.com"], "265": ["muruganandam.nagalingam@tcs.com"], "266": ["naresh.r1@tcs.com", "muruganandam.nagalingam@tcs.com"], "267": ["muruganandam.nagalingam@tcs.com"], "72": ["k.achari@tcs.com", "muruganandam.nagalingam@tcs.com"], "95": ["muruganandam.nagalingam@tcs.com", "s.razeen@tcs.com"], "268": ["naresh.r1@tcs.com", "muruganandam.nagalingam@tcs.com", "s.razeen@tcs.com"], "269": ["naresh.r1@tcs.com", "muruganandam.nagalingam@tcs.com", "s.razeen@tcs.com"], "270": ["shylaja.mohan1@tcs.com", "muruganandam.nagalingam@tcs.com", "mangala.krishanveni@tcs.com", "rajiniganth.jagadeesan@tcs.com", "s.razeen@tcs.com"], "271": ["naresh.r1@tcs.com", "muruganandam.nagalingam@tcs.com"], "272": ["renukadevi.chandramouli@tcs.com", "naresh.r1@tcs.com", "muruganandam.nagalingam@tcs.com", "manikandan.5@tcs.com", "k.achari@tcs.com", "rajiniganth.jagadeesan@tcs.com", "s.razeen@tcs.com"], "273": ["k.achari@tcs.com", "muruganandam.nagalingam@tcs.com", "badrinaraayanan.m@tcs.com"], "274": ["muruganandam.nagalingam@tcs.com", "badrinaraayanan.m@tcs.com"], "275": ["renukadevi.chandramouli@tcs.com", "naresh.r1@tcs.com", "muruganandam.nagalingam@tcs.com", "manikandan.5@tcs.com", "k.achari@tcs.com", "rajiniganth.jagadeesan@tcs.com", "s.razeen@tcs.com", "badrinaraayanan.m@tcs.com"], "276": ["muruganandam.nagalingam@tcs.com"], "277": ["muruganandam.nagalingam@tcs.com"], "278": ["muruganandam.nagalingam@tcs.com"], "279": ["muruganandam.nagalingam@tcs.com"], "280": ["muruganandam.nagalingam@tcs.com"], "281": ["muruganandam.nagalingam@tcs.com", "nidhin.ramadas@tcs.com"], "282": ["naresh.r1@tcs.com", "muruganandam.nagalingam@tcs.com"], "117": ["muruganandam.nagalingam@tcs.com"], "283": ["muruganandam.nagalingam@tcs.com"], "284": ["muruganandam.nagalingam@tcs.com"], "285": ["muruganandam.nagalingam@tcs.com"], "100": ["muruganandam.nagalingam@tcs.com", "manikandan.5@tcs.com"], "118": ["muruganandam.nagalingam@tcs.com", "manikandan.5@tcs.com"], "286": ["muruganandam.nagalingam@tcs.com"], "21": ["muruganandam.nagalingam@tcs.com"], "97": ["muruganandam.nagalingam@tcs.com"], "287": ["muruganandam.nagalingam@tcs.com"], "288": ["muruganandam.nagalingam@tcs.com"], "289": ["naresh.r1@tcs.com", "muruganandam.nagalingam@tcs.com"], "290": ["muruganandam.nagalingam@tcs.com"], "291": ["muruganandam.nagalingam@tcs.com"], "50": ["muruganandam.nagalingam@tcs.com"], "119": ["muruganandam.nagalingam@tcs.com"], "292": ["shylaja.mohan1@tcs.com", "muruganandam.nagalingam@tcs.com"], "293": ["muruganandam.nagalingam@tcs.com"], "294": ["muruganandam.nagalingam@tcs.com"], "295": ["naresh.r1@tcs.com", "muruganandam.nagalingam@tcs.com"], "296": ["muruganandam.nagalingam@tcs.com"], "297": ["mangala.krishanveni@tcs.com", "muruganandam.nagalingam@tcs.com", "rajiniganth.jagadeesan@tcs.com"], "298": ["muruganandam.nagalingam@tcs.com"], "299": ["muruganandam.nagalingam@tcs.com"], "300": ["muruganandam.nagalingam@tcs.com"], "86": ["muruganandam.nagalingam@tcs.com", "badrinaraayanan.m@tcs.com"], "301": ["muruganandam.nagalingam@tcs.com", "badrinaraayanan.m@tcs.com"], "302": ["renukadevi.chandramouli@tcs.com", "shylaja.mohan1@tcs.com", "muruganandam.nagalingam@tcs.com", "k.achari@tcs.com", "s.razeen@tcs.com", "nidhin.ramadas@tcs.com", "badrinaraayanan.m@tcs.com"], "303": ["muruganandam.nagalingam@tcs.com"], "304": ["muruganandam.nagalingam@tcs.com"], "70": ["muruganandam.nagalingam@tcs.com"], "305": ["naresh.r1@tcs.com", "muruganandam.nagalingam@tcs.com"], "306": ["muruganandam.nagalingam@tcs.com"], "307": ["mangala.krishanveni@tcs.com", "muruganandam.nagalingam@tcs.com", "rajiniganth.jagadeesan@tcs.com"], "308": ["naresh.r1@tcs.com", "muruganandam.nagalingam@tcs.com"], "309": ["muruganandam.nagalingam@tcs.com"], "310": ["mangala.krishanveni@tcs.com", "shylaja.mohan1@tcs.com", "muruganandam.nagalingam@tcs.com", "rajiniganth.jagadeesan@tcs.com"], "311": ["k.achari@tcs.com", "muruganandam.nagalingam@tcs.com"], "312": ["naresh.r1@tcs.com", "shylaja.mohan1@tcs.com", "muruganandam.nagalingam@tcs.com", "k.achari@tcs.com", "rajiniganth.jagadeesan@tcs.com"], "313": ["naresh.r1@tcs.com", "muruganandam.nagalingam@tcs.com", "manikandan.5@tcs.com", "k.achari@tcs.com", "rajiniganth.jagadeesan@tcs.com", "s.razeen@tcs.com", "badrinaraayanan.m@tcs.com"], "314": ["mangala.krishanveni@tcs.com", "shylaja.mohan1@tcs.com", "muruganandam.nagalingam@tcs.com", "rajiniganth.jagadeesan@tcs.com"], "315": ["muruganandam.nagalingam@tcs.com"], "316": ["naresh.r1@tcs.com", "muruganandam.nagalingam@tcs.com"], "317": ["naresh.r1@tcs.com", "muruganandam.nagalingam@tcs.com", "manikandan.5@tcs.com", "vaka.anuradha@tcs.com", "s.razeen@tcs.com"], "318": ["muruganandam.nagalingam@tcs.com"], "319": ["muruganandam.nagalingam@tcs.com"], "320": ["muruganandam.nagalingam@tcs.com", "nidhin.ramadas@tcs.com"], "321": ["muruganandam.nagalingam@tcs.com"], "322": ["mangala.krishanveni@tcs.com", "shylaja.mohan1@tcs.com", "muruganandam.nagalingam@tcs.com"], "323": ["shylaja.mohan1@tcs.com", "muruganandam.nagalingam@tcs.com", "manikandan.5@tcs.com", "mangala.krishanveni@tcs.com", "vaka.anuradha@tcs.com", "rajiniganth.jagadeesan@tcs.com", "s.razeen@tcs.com"], "15": ["muruganandam.nagalingam@tcs.com"], "22": ["muruganandam.nagalingam@tcs.com"], "324": ["muruganandam.nagalingam@tcs.com"], "325": ["naresh.r1@tcs.com", "muruganandam.nagalingam@tcs.com"], "326": ["muruganandam.nagalingam@tcs.com"], "327": ["mangala.krishanveni@tcs.com", "muruganandam.nagalingam@tcs.com", "rajiniganth.jagadeesan@tcs.com"], "328": ["naresh.r1@tcs.com", "muruganandam.nagalingam@tcs.com"], "329": ["mangala.krishanveni@tcs.com", "shylaja.mohan1@tcs.com", "muruganandam.nagalingam@tcs.com"], "330": ["naresh.r1@tcs.com", "muruganandam.nagalingam@tcs.com"], "331": ["muruganandam.nagalingam@tcs.com"], "332": ["mangala.krishanveni@tcs.com", "shylaja.mohan1@tcs.com", "muruganandam.nagalingam@tcs.com", "rajiniganth.jagadeesan@tcs.com"], "333": ["muruganandam.nagalingam@tcs.com"], "334": ["muruganandam.nagalingam@tcs.com"], "335": ["muruganandam.nagalingam@tcs.com"], "336": ["muruganandam.nagalingam@tcs.com"], "337": ["muruganandam.nagalingam@tcs.com"], "338": ["muruganandam.nagalingam@tcs.com"], "339": ["muruganandam.nagalingam@tcs.com"], "340": ["muruganandam.nagalingam@tcs.com"], "341": ["muruganandam.nagalingam@tcs.com"], "342": ["muruganandam.nagalingam@tcs.com", "badrinaraayanan.m@tcs.com"], "343": ["muruganandam.nagalingam@tcs.com"], "115": ["muruganandam.nagalingam@tcs.com", "manikandan.5@tcs.com"], "344": ["shylaja.mohan1@tcs.com", "muruganandam.nagalingam@tcs.com", "manikandan.5@tcs.com", "mangala.krishanveni@tcs.com", "rajiniganth.jagadeesan@tcs.com", "s.razeen@tcs.com"], "345": ["muruganandam.nagalingam@tcs.com", "manikandan.5@tcs.com"], "346": ["naresh.r1@tcs.com"], "106": ["muruganandam.nagalingam@tcs.com"], "347": ["naresh.r1@tcs.com", "muruganandam.nagalingam@tcs.com"], "348": ["muruganandam.nagalingam@tcs.com"], "349": ["shylaja.mohan1@tcs.com", "muruganandam.nagalingam@tcs.com", "manikandan.5@tcs.com", "mangala.krishanveni@tcs.com", "rajiniganth.jagadeesan@tcs.com"], "350": ["muruganandam.nagalingam@tcs.com"], "351": ["mangala.krishanveni@tcs.com", "muruganandam.nagalingam@tcs.com"], "352": ["naresh.r1@tcs.com", "muruganandam.nagalingam@tcs.com", "s.razeen@tcs.com", "manikandan.5@tcs.com"], "353": ["muruganandam.nagalingam@tcs.com", "manikandan.5@tcs.com", "k.achari@tcs.com", "mangala.krishanveni@tcs.com", "rajiniganth.jagadeesan@tcs.com", "s.razeen@tcs.com", "nidhin.ramadas@tcs.com", "badrinaraayanan.m@tcs.com"], "36": ["muruganandam.nagalingam@tcs.com"], "354": ["PocCoe@Nirosha.local", "shylaja.mohan1@tcs.com", "muruganandam.nagalingam@tcs.com", "manikandan.5@tcs.com", "k.achari@tcs.com", "mangala.krishanveni@tcs.com", "badrinaraayanan.m@tcs.com"], "355": ["naresh.r1@tcs.com"], "356": ["naresh.r1@tcs.com", "s.razeen@tcs.com"], "357": ["naresh.r1@tcs.com"], "37": ["muruganandam.nagalingam@tcs.com"], "358": ["muruganandam.nagalingam@tcs.com"], "359": ["muruganandam.nagalingam@tcs.com"], "360": ["muruganandam.nagalingam@tcs.com", "manikandan.5@tcs.com"], "361": ["naresh.r1@tcs.com", "mangala.krishnaveni@tcs.com", "muruganandam.nagalingam@tcs.com", "manikandan.5@tcs.com", "s.razeen@tcs.com"], "362": ["muruganandam.nagalingam@tcs.com"], "363": ["renukadevi.chandramouli@tcs.com", "shylaja.mohan1@tcs.com", "muruganandam.nagalingam@tcs.com", "manikandan.5@tcs.com", "badrinaraayanan.m@tcs.com"], "364": ["naresh.r1@tcs.com"], "365": ["naresh.r1@tcs.com", "muruganandam.nagalingam@tcs.com"], "366": ["naresh.r1@tcs.com"], "367": ["k.achari@tcs.com", "mangala.krishanveni@tcs.com", "muruganandam.nagalingam@tcs.com", "rajiniganth.jagadeesan@tcs.com"], "368": ["naresh.r1@tcs.com"], "369": ["naresh.r1@tcs.com"], "370": ["naresh.r1@tcs.com"], "371": ["renukadevi.chandramouli@tcs.com", "naresh.r1@tcs.com", "muruganandam.nagalingam@tcs.com", "manikandan.5@tcs.com"], "372": ["naresh.r1@tcs.com", "muruganandam.nagalingam@tcs.com", "s.razeen@tcs.com"], "373": ["shylaja.mohan1@tcs.com", "muruganandam.nagalingam@tcs.com", "manikandan.5@tcs.com", "k.achari@tcs.com", "mangala.krishanveni@tcs.com", "s.razeen@tcs.com"], "374": ["k.achari@tcs.com", "mangala.krishanveni@tcs.com", "muruganandam.nagalingam@tcs.com", "rajiniganth.jagadeesan@tcs.com"], "375": ["k.achari@tcs.com", "naresh.r1@tcs.com", "muruganandam.nagalingam@tcs.com"], "376": ["shylaja.mohan1@tcs.com", "muruganandam.nagalingam@tcs.com", "manikandan.5@tcs.com", "k.achari@tcs.com", "mangala.krishanveni@tcs.com"], "377": ["mangala.krishnaveni@tcs.com", "shylaja.mohan1@tcs.com", "muruganandam.nagalingam@tcs.com", "manikandan.5@tcs.com", "k.achari@tcs.com", "mangala.krishanveni@tcs.com", "s.razeen@tcs.com"], "378": ["muruganandam.nagalingam@tcs.com"], "379": ["muruganandam.nagalingam@tcs.com"], "380": ["muruganandam.nagalingam@tcs.com"], "381": ["muruganandam.nagalingam@tcs.com"], "382": ["k.achari@tcs.com", "mangala.krishnaveni@tcs.com", "muruganandam.nagalingam@tcs.com"], "383": ["muruganandam.nagalingam@tcs.com"], "384": ["muruganandam.nagalingam@tcs.com"], "385": ["naresh.r1@tcs.com", "mangala.krishnaveni@tcs.com", "muruganandam.nagalingam@tcs.com", "manikandan.5@tcs.com", "k.achari@tcs.com", "mangala.krishanveni@tcs.com", "vinitha.dk@tcs.com", "rajiniganth.jagadeesan@tcs.com", "s.razeen@tcs.com", "nidhin.ramadas@tcs.com", "badrinaraayanan.m@tcs.com"], "386": ["muruganandam.nagalingam@tcs.com"], "387": ["muruganandam.nagalingam@tcs.com", "badrinaraayanan.m@tcs.com"], "388": ["muruganandam.nagalingam@tcs.com"], "389": ["mangala.krishanveni@tcs.com", "shylaja.mohan1@tcs.com", "muruganandam.nagalingam@tcs.com", "rajiniganth.jagadeesan@tcs.com"], "390": ["naresh.r1@tcs.com"], "391": ["naresh.r1@tcs.com", "shylaja.mohan1@tcs.com", "muruganandam.nagalingam@tcs.com", "mangala.krishnaveni@tcs.com", "mangala.krishanveni@tcs.com", "rajiniganth.jagadeesan@tcs.com", "nidhin.ramadas@tcs.com", "badrinaraayanan.m@tcs.com"], "392": ["naresh.r1@tcs.com", "muruganandam.nagalingam@tcs.com", "badrinaraayanan.m@tcs.com"], "393": ["naresh.r1@tcs.com"], "394": ["muruganandam.nagalingam@tcs.com"], "395": ["muruganandam.nagalingam@tcs.com", "s.razeen@tcs.com", "manikandan.5@tcs.com"], "396": ["muruganandam.nagalingam@tcs.com", "s.razeen@tcs.com"], "397": ["shylaja.mohan1@tcs.com", "muruganandam.nagalingam@tcs.com", "manikandan.5@tcs.com", "mangala.krishanveni@tcs.com", "rajiniganth.jagadeesan@tcs.com", "s.razeen@tcs.com"], "398": ["muruganandam.nagalingam@tcs.com"], "399": ["naresh.r1@tcs.com", "shylaja.mohan1@tcs.com", "muruganandam.nagalingam@tcs.com", "PocCoe@Nirosha.local", "mangala.krishanveni@tcs.com", "s.razeen@tcs.com", "badrinaraayanan.m@tcs.com"], "400": ["naresh.r1@tcs.com", "muruganandam.nagalingam@tcs.com"], "401": ["renukadevi.chandramouli@tcs.com", "naresh.r1@tcs.com", "muruganandam.nagalingam@tcs.com", "manikandan.5@tcs.com", "mangala.krishanveni@tcs.com", "nidhin.ramadas@tcs.com"], "402": ["muruganandam.nagalingam@tcs.com"], "403": ["muruganandam.nagalingam@tcs.com", "s.razeen@tcs.com"], "404": ["shylaja.mohan1@tcs.com", "muruganandam.nagalingam@tcs.com", "mangala.krishanveni@tcs.com", "rajiniganth.jagadeesan@tcs.com", "s.razeen@tcs.com"], "405": ["muruganandam.nagalingam@tcs.com"], "406": ["naresh.r1@tcs.com", "s.razeen@tcs.com"], "407": ["naresh.r1@tcs.com", "muruganandam.nagalingam@tcs.com"], "408": ["naresh.r1@tcs.com", "muruganandam.nagalingam@tcs.com", "manikandan.5@tcs.com"], "409": ["naresh.r1@tcs.com", "shylaja.mohan1@tcs.com", "muruganandam.nagalingam@tcs.com", "mangala.krishanveni@tcs.com", "rajiniganth.jagadeesan@tcs.com"], "410": ["naresh.r1@tcs.com", "muruganandam.nagalingam@tcs.com"], "411": ["muruganandam.nagalingam@tcs.com"], "412": ["muruganandam.nagalingam@tcs.com"], "413": ["naresh.r1@tcs.com"], "414": ["naresh.r1@tcs.com"], "415": ["k.achari@tcs.com", "naresh.r1@tcs.com"], "416": ["naresh.r1@tcs.com", "manikandan.5@tcs.com", "rajiniganth.jagadeesan@tcs.com", "mangala.krishanveni@tcs.com"], "417": ["naresh.r1@tcs.com", "shylaja.mohan1@tcs.com", "muruganandam.nagalingam@tcs.com", "mangala.krishnaveni@tcs.com", "manikandan.5@tcs.com", "k.achari@tcs.com", "mangala.krishanveni@tcs.com", "rajiniganth.jagadeesan@tcs.com", "harish.bhaskarapillai@tcs.com", "s.razeen@tcs.com", "nidhin.ramadas@tcs.com", "badrinaraayanan.m@tcs.com"], "418": ["naresh.r1@tcs.com"], "419": ["muruganandam.nagalingam@tcs.com", "s.razeen@tcs.com"], "420": ["muruganandam.nagalingam@tcs.com", "manikandan.5@tcs.com"], "421": ["muruganandam.nagalingam@tcs.com", "manikandan.5@tcs.com"], "422": ["naresh.r1@tcs.com"], "423": ["naresh.r1@tcs.com", "shylaja.mohan1@tcs.com", "mangala.krishnaveni@tcs.com", "mangala.krishanveni@tcs.com", "rajiniganth.jagadeesan@tcs.com"], "424": ["naresh.r1@tcs.com"], "58": ["muruganandam.nagalingam@tcs.com"], "425": ["muruganandam.nagalingam@tcs.com"], "426": ["naresh.r1@tcs.com", "muruganandam.nagalingam@tcs.com"], "427": ["mangala.krishanveni@tcs.com", "muruganandam.nagalingam@tcs.com", "rajiniganth.jagadeesan@tcs.com"], "428": ["shylaja.mohan1@tcs.com", "mangala.krishnaveni@tcs.com", "muruganandam.nagalingam@tcs.com", "mangala.krishanveni@tcs.com", "rajiniganth.jagadeesan@tcs.com"], "429": ["shylaja.mohan1@tcs.com", "muruganandam.nagalingam@tcs.com", "manikandan.5@tcs.com", "mangala.krishanveni@tcs.com", "rajiniganth.jagadeesan@tcs.com"], "430": ["muruganandam.nagalingam@tcs.com"], "431": ["naresh.r1@tcs.com", "muruganandam.nagalingam@tcs.com", "manikandan.5@tcs.com", "rajiniganth.jagadeesan@tcs.com"], "432": ["naresh.r1@tcs.com", "muruganandam.nagalingam@tcs.com", "manikandan.5@tcs.com", "rajiniganth.jagadeesan@tcs.com"], "433": ["naresh.r1@tcs.com", "muruganandam.nagalingam@tcs.com", "manikandan.5@tcs.com", "rajiniganth.jagadeesan@tcs.com"], "434": ["muruganandam.nagalingam@tcs.com", "rajiniganth.jagadeesan@tcs.com"], "435": ["muruganandam.nagalingam@tcs.com", "rajiniganth.jagadeesan@tcs.com"], "436": ["renukadevi.chandramouli@tcs.com", "naresh.r1@tcs.com", "mangala.krishnaveni@tcs.com", "muruganandam.nagalingam@tcs.com", "shylaja.mohan1@tcs.com", "manikandan.5@tcs.com", "mangala.krishanveni@tcs.com", "rajiniganth.jagadeesan@tcs.com", "s.razeen@tcs.com"], "437": ["muruganandam.nagalingam@tcs.com"], "438": ["muruganandam.nagalingam@tcs.com", "rajiniganth.jagadeesan@tcs.com"], "75": ["muruganandam.nagalingam@tcs.com"], "76": ["muruganandam.nagalingam@tcs.com"], "74": ["muruganandam.nagalingam@tcs.com"], "439": ["shylaja.mohan1@tcs.com", "muruganandam.nagalingam@tcs.com", "badrinaraayanan.m@tcs.com"], "440": ["shylaja.mohan1@tcs.com", "mangala.krishnaveni@tcs.com", "muruganandam.nagalingam@tcs.com"], "103": ["muruganandam.nagalingam@tcs.com", "karthi.sekar@tcs.com"], "441": ["muruganandam.nagalingam@tcs.com", "manikandan.5@tcs.com"], "442": ["muruganandam.nagalingam@tcs.com"], "443": ["renukadevi.chandramouli@tcs.com", "naresh.r1@tcs.com", "mangala.krishnaveni@tcs.com", "muruganandam.nagalingam@tcs.com", "shylaja.mohan1@tcs.com", "manikandan.5@tcs.com", "mangala.krishanveni@tcs.com", "rajiniganth.jagadeesan@tcs.com", "badrinaraayanan.m@tcs.com", "vinothkumar.k2@tcs.com"], "444": ["muruganandam.nagalingam@tcs.com"], "445": ["mangala.krishnaveni@tcs.com", "shylaja.mohan1@tcs.com", "muruganandam.nagalingam@tcs.com", "manikandan.5@tcs.com", "rajiniganth.jagadeesan@tcs.com", "s.razeen@tcs.com", "vinothkumar.k2@tcs.com"], "446": ["naresh.r1@tcs.com", "muruganandam.nagalingam@tcs.com", "s.razeen@tcs.com"], "447": ["naresh.r1@tcs.com", "shylaja.mohan1@tcs.com", "muruganandam.nagalingam@tcs.com", "manikandan.5@tcs.com", "s.razeen@tcs.com", "badrinaraayanan.m@tcs.com"], "448": ["muruganandam.nagalingam@tcs.com", "manikandan.5@tcs.com", "rajiniganth.jagadeesan@tcs.com"], "449": ["naresh.r1@tcs.com", "muruganandam.nagalingam@tcs.com", "manikandan.5@tcs.com"], "450": ["naresh.r1@tcs.com", "shylaja.mohan1@tcs.com", "muruganandam.nagalingam@tcs.com"], "451": ["naresh.r1@tcs.com", "shylaja.mohan1@tcs.com", "muruganandam.nagalingam@tcs.com", "rajiniganth.jagadeesan@tcs.com"], "452": ["mangala.krishnaveni@tcs.com", "muruganandam.nagalingam@tcs.com", "manikandan.5@tcs.com"], "453": ["shylaja.mohan1@tcs.com", "muruganandam.nagalingam@tcs.com"], "454": ["mangala.krishanveni@tcs.com", "shylaja.mohan1@tcs.com", "muruganandam.nagalingam@tcs.com", "rajiniganth.jagadeesan@tcs.com"], "455": ["naresh.r1@tcs.com", "shylaja.mohan1@tcs.com", "muruganandam.nagalingam@tcs.com", "rajiniganth.jagadeesan@tcs.com"], "456": ["renukadevi.chandramouli@tcs.com", "shylaja.mohan1@tcs.com", "muruganandam.nagalingam@tcs.com", "manikandan.5@tcs.com", "mangala.krishanveni@tcs.com", "badrinaraayanan.m@tcs.com"], "457": ["shylaja.mohan1@tcs.com", "mangala.krishnaveni@tcs.com", "muruganandam.nagalingam@tcs.com", "mangala.krishanveni@tcs.com", "rajiniganth.jagadeesan@tcs.com"], "458": ["shylaja.mohan1@tcs.com", "mangala.krishnaveni@tcs.com", "muruganandam.nagalingam@tcs.com", "mangala.krishanveni@tcs.com", "rajiniganth.jagadeesan@tcs.com"], "459": ["shylaja.mohan1@tcs.com", "muruganandam.nagalingam@tcs.com", "mangala.krishanveni@tcs.com"], "460": ["mangala.krishanveni@tcs.com", "muruganandam.nagalingam@tcs.com"], "461": ["muruganandam.nagalingam@tcs.com"], "462": ["muruganandam.nagalingam@tcs.com"], "463": ["muruganandam.nagalingam@tcs.com"], "464": ["muruganandam.nagalingam@tcs.com"], "465": ["muruganandam.nagalingam@tcs.com"], "466": ["naresh.r1@tcs.com", "muruganandam.nagalingam@tcs.com"], "467": ["naresh.r1@tcs.com", "muruganandam.nagalingam@tcs.com", "manikandan.5@tcs.com", "k.achari@tcs.com", "mangala.krishanveni@tcs.com", "s.razeen@tcs.com", "badrinaraayanan.m@tcs.com"], "468": ["muruganandam.nagalingam@tcs.com"], "469": ["muruganandam.nagalingam@tcs.com"], "470": ["muruganandam.nagalingam@tcs.com"], "471": ["shylaja.mohan1@tcs.com", "muruganandam.nagalingam@tcs.com", "mangala.krishanveni@tcs.com", "rajiniganth.jagadeesan@tcs.com", "s.razeen@tcs.com"], "472": ["muruganandam.nagalingam@tcs.com"], "473": ["PocCoe@Nirosha.local", "muruganandam.nagalingam@tcs.com", "badrinaraayanan.m@tcs.com"], "474": ["muruganandam.nagalingam@tcs.com", "s.razeen@tcs.com"], "475": ["PocCoe@Nirosha.local", "shylaja.mohan1@tcs.com", "muruganandam.nagalingam@tcs.com"], "476": ["shylaja.mohan1@tcs.com", "muruganandam.nagalingam@tcs.com", "manikandan.5@tcs.com", "s.razeen@tcs.com", "badrinaraayanan.m@tcs.com"], "477": ["mangala.krishanveni@tcs.com", "shylaja.mohan1@tcs.com", "muruganandam.nagalingam@tcs.com", "rajiniganth.jagadeesan@tcs.com"], "478": ["mangala.krishanveni@tcs.com", "shylaja.mohan1@tcs.com", "muruganandam.nagalingam@tcs.com", "rajiniganth.jagadeesan@tcs.com"], "479": ["shylaja.mohan1@tcs.com", "muruganandam.nagalingam@tcs.com", "manikandan.5@tcs.com", "k.achari@tcs.com", "mangala.krishanveni@tcs.com", "s.razeen@tcs.com"], "480": ["muruganandam.nagalingam@tcs.com"], "481": ["shylaja.mohan1@tcs.com", "mangala.krishnaveni@tcs.com", "muruganandam.nagalingam@tcs.com", "manikandan.5@tcs.com", "mangala.krishanveni@tcs.com", "rajiniganth.jagadeesan@tcs.com", "s.razeen@tcs.com"], "482": ["k.achari@tcs.com", "muruganandam.nagalingam@tcs.com", "s.razeen@tcs.com", "manikandan.5@tcs.com"], "483": ["shylaja.mohan1@tcs.com", "muruganandam.nagalingam@tcs.com", "k.achari@tcs.com", "mangala.krishanveni@tcs.com", "s.razeen@tcs.com"], "484": ["mangala.krishanveni@tcs.com", "shylaja.mohan1@tcs.com", "muruganandam.nagalingam@tcs.com", "rajiniganth.jagadeesan@tcs.com"], "485": ["muruganandam.nagalingam@tcs.com", "rajiniganth.jagadeesan@tcs.com"], "486": ["mangala.krishnaveni@tcs.com", "shylaja.mohan1@tcs.com", "muruganandam.nagalingam@tcs.com", "manikandan.5@tcs.com", "rajiniganth.jagadeesan@tcs.com", "karthi.sekar@tcs.com", "vinothkumar.k2@tcs.com"], "487": ["naresh.r1@tcs.com", "mangala.krishnaveni@tcs.com", "muruganandam.nagalingam@tcs.com", "shylaja.mohan1@tcs.com", "s.razeen@tcs.com", "manikandan.5@tcs.com", "mangala.krishanveni@tcs.com", "rajiniganth.jagadeesan@tcs.com", "karthi.sekar@tcs.com", "vinothkumar.k2@tcs.com"], "488": ["naresh.r1@tcs.com", "muruganandam.nagalingam@tcs.com"], "489": ["naresh.r1@tcs.com", "muruganandam.nagalingam@tcs.com", "manikandan.5@tcs.com"], "490": ["muruganandam.nagalingam@tcs.com", "manikandan.5@tcs.com", "rajiniganth.jagadeesan@tcs.com"], "491": ["mangala.krishnaveni@tcs.com", "muruganandam.nagalingam@tcs.com", "badrinaraayanan.m@tcs.com"], "492": ["muruganandam.nagalingam@tcs.com"], "493": ["shylaja.mohan1@tcs.com", "mangala.krishnaveni@tcs.com", "muruganandam.nagalingam@tcs.com", "s.razeen@tcs.com"], "494": ["shylaja.mohan1@tcs.com", "mangala.krishnaveni@tcs.com", "muruganandam.nagalingam@tcs.com", "s.razeen@tcs.com"], "495": ["k.achari@tcs.com", "muruganandam.nagalingam@tcs.com"], "496": ["mangala.krishnaveni@tcs.com", "shylaja.mohan1@tcs.com", "muruganandam.nagalingam@tcs.com", "manikandan.5@tcs.com", "k.achari@tcs.com", "mangala.krishanveni@tcs.com", "meghashree.ks@tcs.com", "s.razeen@tcs.com", "nidhin.ramadas@tcs.com"], "497": ["muruganandam.nagalingam@tcs.com"], "498": ["PocCoe@Nirosha.local", "muruganandam.nagalingam@tcs.com", "manikandan.5@tcs.com"], "91": ["muruganandam.nagalingam@tcs.com"], "499": ["muruganandam.nagalingam@tcs.com"], "500": ["muruganandam.nagalingam@tcs.com"], "501": ["muruganandam.nagalingam@tcs.com", "badrinaraayanan.m@tcs.com"], "502": ["mangala.krishnaveni@tcs.com", "shylaja.mohan1@tcs.com", "muruganandam.nagalingam@tcs.com", "s.razeen@tcs.com", "badrinaraayanan.m@tcs.com"], "503": ["shylaja.mohan1@tcs.com", "muruganandam.nagalingam@tcs.com", "manikandan.5@tcs.com", "mangala.krishanveni@tcs.com", "badrinaraayanan.m@tcs.com"], "504": ["muruganandam.nagalingam@tcs.com", "badrinaraayanan.m@tcs.com"], "505": ["mangala.krishnaveni@tcs.com", "shylaja.mohan1@tcs.com", "muruganandam.nagalingam@tcs.com", "s.razeen@tcs.com", "badrinaraayanan.m@tcs.com"], "506": ["mangala.krishnaveni@tcs.com", "muruganandam.nagalingam@tcs.com", "badrinaraayanan.m@tcs.com"], "507": ["muruganandam.nagalingam@tcs.com"], "508": ["shylaja.mohan1@tcs.com", "mangala.krishnaveni@tcs.com", "muruganandam.nagalingam@tcs.com", "s.razeen@tcs.com"], "509": ["shylaja.mohan1@tcs.com", "muruganandam.nagalingam@tcs.com", "s.razeen@tcs.com", "badrinaraayanan.m@tcs.com"], "510": ["muruganandam.nagalingam@tcs.com"], "511": ["muruganandam.nagalingam@tcs.com"], "512": ["shylaja.mohan1@tcs.com", "mangala.krishnaveni@tcs.com", "muruganandam.nagalingam@tcs.com", "s.razeen@tcs.com"], "513": ["muruganandam.nagalingam@tcs.com", "rajiniganth.jagadeesan@tcs.com"], "514": ["muruganandam.nagalingam@tcs.com"], "515": ["PocCoe@Nirosha.local", "muruganandam.nagalingam@tcs.com"], "516": ["muruganandam.nagalingam@tcs.com"], "517": ["muruganandam.nagalingam@tcs.com"], "518": ["muruganandam.nagalingam@tcs.com"], "519": ["muruganandam.nagalingam@tcs.com"], "520": ["muruganandam.nagalingam@tcs.com"], "521": ["muruganandam.nagalingam@tcs.com"], "522": ["muruganandam.nagalingam@tcs.com", "manikandan.5@tcs.com"], "523": ["muruganandam.nagalingam@tcs.com"], "524": ["muruganandam.nagalingam@tcs.com"], "525": ["muruganandam.nagalingam@tcs.com"], "526": ["muruganandam.nagalingam@tcs.com"], "527": ["muruganandam.nagalingam@tcs.com"], "528": ["shylaja.mohan1@tcs.com", "muruganandam.nagalingam@tcs.com", "s.razeen@tcs.com"], "529": ["naresh.r1@tcs.com"], "530": ["naresh.r1@tcs.com", "shylaja.mohan1@tcs.com", "mangala.krishnaveni@tcs.com", "manikandan.5@tcs.com", "k.achari@tcs.com", "mangala.krishanveni@tcs.com", "s.razeen@tcs.com", "nidhin.ramadas@tcs.com", "badrinaraayanan.m@tcs.com"], "531": ["naresh.r1@tcs.com"], "532": ["naresh.r1@tcs.com"], "533": ["naresh.r1@tcs.com"], "534": ["naresh.r1@tcs.com", "manikandan.5@tcs.com"], "535": ["naresh.r1@tcs.com", "muruganandam.nagalingam@tcs.com"], "536": ["naresh.r1@tcs.com", "muruganandam.nagalingam@tcs.com"], "537": ["naresh.r1@tcs.com"], "538": ["naresh.r1@tcs.com"], "539": ["naresh.r1@tcs.com", "shylaja.mohan1@tcs.com", "muruganandam.nagalingam@tcs.com"], "540": ["naresh.r1@tcs.com"], "541": ["naresh.r1@tcs.com", "s.razeen@tcs.com"], "542": ["naresh.r1@tcs.com"], "543": ["naresh.r1@tcs.com"], "544": ["muruganandam.nagalingam@tcs.com"], "545": ["shylaja.mohan1@tcs.com", "muruganandam.nagalingam@tcs.com"], "546": ["k.achari@tcs.com", "shylaja.mohan1@tcs.com", "muruganandam.nagalingam@tcs.com"], "547": ["muruganandam.nagalingam@tcs.com"], "548": ["muruganandam.nagalingam@tcs.com", "s.razeen@tcs.com"], "549": ["muruganandam.nagalingam@tcs.com", "rajiniganth.jagadeesan@tcs.com"], "550": ["shylaja.mohan1@tcs.com", "muruganandam.nagalingam@tcs.com"], "551": ["muruganandam.nagalingam@tcs.com"], "552": ["naresh.r1@tcs.com", "mangala.krishanveni@tcs.com", "s.razeen@tcs.com", "nidhin.ramadas@tcs.com", "badrinaraayanan.m@tcs.com"], "553": ["naresh.r1@tcs.com"], "554": ["naresh.r1@tcs.com", "badrinaraayanan.m@tcs.com"], "555": ["muruganandam.nagalingam@tcs.com"], "556": ["muruganandam.nagalingam@tcs.com"], "557": ["muruganandam.nagalingam@tcs.com"], "558": ["muruganandam.nagalingam@tcs.com"], "559": ["muruganandam.nagalingam@tcs.com"], "560": ["muruganandam.nagalingam@tcs.com"], "561": ["muruganandam.nagalingam@tcs.com", "s.razeen@tcs.com"], "562": ["muruganandam.nagalingam@tcs.com"], "563": ["shylaja.mohan1@tcs.com", "muruganandam.nagalingam@tcs.com", "mangala.krishanveni@tcs.com"], "564": ["muruganandam.nagalingam@tcs.com"], "565": ["muruganandam.nagalingam@tcs.com"], "566": ["muruganandam.nagalingam@tcs.com"], "567": ["muruganandam.nagalingam@tcs.com", "s.razeen@tcs.com"], "568": ["shylaja.mohan1@tcs.com", "mangala.krishnaveni@tcs.com", "muruganandam.nagalingam@tcs.com", "mangala.krishanveni@tcs.com", "s.razeen@tcs.com", "badrinaraayanan.m@tcs.com"], "569": ["muruganandam.nagalingam@tcs.com"], "570": ["shylaja.mohan1@tcs.com", "muruganandam.nagalingam@tcs.com", "s.razeen@tcs.com", "rajiniganth.jagadeesan@tcs.com"], "571": ["muruganandam.nagalingam@tcs.com", "badrinaraayanan.m@tcs.com"], "572": ["shylaja.mohan1@tcs.com", "mangala.krishnaveni@tcs.com", "muruganandam.nagalingam@tcs.com", "badrinaraayanan.m@tcs.com"], "573": ["muruganandam.nagalingam@tcs.com", "badrinaraayanan.m@tcs.com"], "574": ["shylaja.mohan1@tcs.com", "muruganandam.nagalingam@tcs.com", "badrinaraayanan.m@tcs.com"], "575": ["badrinaraayanan.m@tcs.com", "muruganandam.nagalingam@tcs.com", "manikandan.5@tcs.com"], "576": ["naresh.r1@tcs.com", "PocCoe@Nirosha.local", "muruganandam.nagalingam@tcs.com", "mangala.krishnaveni@tcs.com", "shylaja.mohan1@tcs.com", "manikandan.5@tcs.com", "mangala.krishanveni@tcs.com", "badrinaraayanan.m@tcs.com"], "577": ["muruganandam.nagalingam@tcs.com"], "578": ["naresh.r1@tcs.com"], "579": ["mangala.krishanveni@tcs.com", "shylaja.mohan1@tcs.com", "muruganandam.nagalingam@tcs.com", "rajiniganth.jagadeesan@tcs.com"], "580": ["mangala.krishanveni@tcs.com", "shylaja.mohan1@tcs.com"], "581": ["mangala.krishanveni@tcs.com", "shylaja.mohan1@tcs.com", "mangala.krishnaveni@tcs.com"], "582": ["renukadevi.chandramouli@tcs.com"], "583": ["renukadevi.chandramouli@tcs.com"], "584": ["renukadevi.chandramouli@tcs.com", "shylaja.mohan1@tcs.com"], "585": ["renukadevi.chandramouli@tcs.com"], "586": ["renukadevi.chandramouli@tcs.com", "shylaja.mohan1@tcs.com"], "587": ["renukadevi.chandramouli@tcs.com"], "588": ["renukadevi.chandramouli@tcs.com", "shylaja.mohan1@tcs.com", "s.razeen@tcs.com"], "589": ["renukadevi.chandramouli@tcs.com", "shylaja.mohan1@tcs.com", "s.razeen@tcs.com"], "590": ["renukadevi.chandramouli@tcs.com"], "591": ["shylaja.mohan1@tcs.com", "mangala.krishnaveni@tcs.com", "mangala.krishanveni@tcs.com", "rajiniganth.jagadeesan@tcs.com", "s.razeen@tcs.com"], "592": ["mangala.krishanveni@tcs.com"], "593": ["mangala.krishanveni@tcs.com", "shylaja.mohan1@tcs.com", "rajiniganth.jagadeesan@tcs.com"], "594": ["PocCoe@Nirosha.local", "shylaja.mohan1@tcs.com", "mangala.krishnaveni@tcs.com", "manikandan.5@tcs.com", "s.razeen@tcs.com"], "595": ["PocCoe@Nirosha.local", "manikandan.5@tcs.com"], "596": ["PocCoe@Nirosha.local", "shylaja.mohan1@tcs.com", "manikandan.5@tcs.com"], "597": ["PocCoe@Nirosha.local"], "598": ["PocCoe@Nirosha.local"], "599": ["PocCoe@Nirosha.local", "shylaja.mohan1@tcs.com", "s.razeen@tcs.com", "badrinaraayanan.m@tcs.com"], "600": ["PocCoe@Nirosha.local"], "601": ["PocCoe@Nirosha.local", "badrinaraayanan.m@tcs.com"], "602": ["PocCoe@Nirosha.local", "shylaja.mohan1@tcs.com", "badrinaraayanan.m@tcs.com"], "603": ["PocCoe@Nirosha.local", "badrinaraayanan.m@tcs.com"], "604": ["PocCoe@Nirosha.local", "shylaja.mohan1@tcs.com", "badrinaraayanan.m@tcs.com"], "605": ["PocCoe@Nirosha.local", "s.razeen@tcs.com", "badrinaraayanan.m@tcs.com"], "606": ["naresh.r1@tcs.com", "rajiniganth.jagadeesan@tcs.com", "manikandan.5@tcs.com"], "607": ["naresh.r1@tcs.com", "rajiniganth.jagadeesan@tcs.com", "manikandan.5@tcs.com"], "608": ["naresh.r1@tcs.com", "rajiniganth.jagadeesan@tcs.com", "manikandan.5@tcs.com"], "609": ["badrinaraayanan.m@tcs.com"], "610": ["badrinaraayanan.m@tcs.com"], "611": ["mangala.krishnaveni@tcs.com", "manikandan.5@tcs.com"], "612": ["karthi.sekar@tcs.com"], "613": ["rajiniganth.jagadeesan@tcs.com"], "614": ["renukadevi.chandramouli@tcs.com", "shylaja.mohan1@tcs.com", "mangala.krishnaveni@tcs.com", "manikandan.5@tcs.com", "mangala.krishanveni@tcs.com"], "113": ["mangala.krishanveni@tcs.com", "manikandan.5@tcs.com"], "615": ["renukadevi.chandramouli@tcs.com", "mangala.krishnaveni@tcs.com", "shylaja.mohan1@tcs.com", "manikandan.5@tcs.com", "mangala.krishanveni@tcs.com", "s.razeen@tcs.com", "badrinaraayanan.m@tcs.com"], "616": ["renukadevi.chandramouli@tcs.com", "mangala.krishanveni@tcs.com"], "617": ["renukadevi.chandramouli@tcs.com"], "112": ["renukadevi.chandramouli@tcs.com", "mangala.krishanveni@tcs.com", "badrinaraayanan.m@tcs.com", "manikandan.5@tcs.com"], "110": ["mangala.krishanveni@tcs.com", "manikandan.5@tcs.com"], "618": ["mangala.krishanveni@tcs.com"], "114": ["renukadevi.chandramouli@tcs.com", "mangala.krishanveni@tcs.com", "mangala.krishnaveni@tcs.com", "manikandan.5@tcs.com"], "111": ["mangala.krishanveni@tcs.com", "badrinaraayanan.m@tcs.com", "manikandan.5@tcs.com"], "619": ["naresh.r1@tcs.com"], "620": ["mangala.krishanveni@tcs.com", "manikandan.5@tcs.com"], "621": ["renukadevi.chandramouli@tcs.com", "shylaja.mohan1@tcs.com", "mangala.krishnaveni@tcs.com", "manikandan.5@tcs.com", "mangala.krishanveni@tcs.com", "badrinaraayanan.m@tcs.com"], "622": ["renukadevi.chandramouli@tcs.com", "mangala.krishanveni@tcs.com", "manikandan.5@tcs.com"], "623": ["mangala.krishnaveni@tcs.com", "manikandan.5@tcs.com", "mangala.krishanveni@tcs.com", "s.razeen@tcs.com", "badrinaraayanan.m@tcs.com"], "624": ["mangala.krishanveni@tcs.com"], "625": ["renukadevi.chandramouli@tcs.com", "shylaja.mohan1@tcs.com", "mangala.krishnaveni@tcs.com", "manikandan.5@tcs.com", "k.achari@tcs.com", "mangala.krishanveni@tcs.com", "rajiniganth.jagadeesan@tcs.com", "s.razeen@tcs.com", "badrinaraayanan.m@tcs.com"], "626": ["renukadevi.chandramouli@tcs.com", "mangala.krishanveni@tcs.com", "badrinaraayanan.m@tcs.com", "manikandan.5@tcs.com"], "627": ["mangala.krishanveni@tcs.com", "mangala.krishnaveni@tcs.com", "manikandan.5@tcs.com"], "628": ["shylaja.mohan1@tcs.com", "manikandan.5@tcs.com"], "629": ["mangala.krishanveni@tcs.com", "manikandan.5@tcs.com"], "630": ["renukadevi.chandramouli@tcs.com", "mangala.krishnaveni@tcs.com"], "33": ["k.achari@tcs.com"], "34": ["k.achari@tcs.com"], "631": ["k.achari@tcs.com"], "632": ["k.achari@tcs.com"], "633": ["k.achari@tcs.com"], "32": ["k.achari@tcs.com"], "109": ["mangala.krishanveni@tcs.com"], "634": ["mangala.krishanveni@tcs.com"], "635": ["k.achari@tcs.com"], "636": ["k.achari@tcs.com"], "637": ["k.achari@tcs.com"], "638": ["k.achari@tcs.com"], "639": ["s.razeen@tcs.com", "manikandan.5@tcs.com"], "640": ["rajiniganth.jagadeesan@tcs.com", "s.razeen@tcs.com", "manikandan.5@tcs.com"], "641": ["manikandan.5@tcs.com"], "642": ["rajiniganth.jagadeesan@tcs.com", "manikandan.5@tcs.com"], "643": ["mangala.krishanveni@tcs.com"], "644": ["k.achari@tcs.com", "s.razeen@tcs.com", "badrinaraayanan.m@tcs.com"], "645": ["badrinaraayanan.m@tcs.com"], "646": ["badrinaraayanan.m@tcs.com"], "647": ["s.razeen@tcs.com"], "648": ["s.razeen@tcs.com"], "649": ["k.achari@tcs.com", "mangala.krishnaveni@tcs.com", "s.razeen@tcs.com"], "650": ["s.razeen@tcs.com"], "651": ["s.razeen@tcs.com"], "104": ["mangala.krishanveni@tcs.com", "rajiniganth.jagadeesan@tcs.com"], "652": ["mangala.krishanveni@tcs.com", "rajiniganth.jagadeesan@tcs.com", "s.razeen@tcs.com"], "653": ["mangala.krishanveni@tcs.com", "rajiniganth.jagadeesan@tcs.com"], "654": ["mangala.krishanveni@tcs.com", "rajiniganth.jagadeesan@tcs.com", "s.razeen@tcs.com"], "47": ["k.achari@tcs.com", "s.razeen@tcs.com", "manikandan.5@tcs.com"], "79": ["k.achari@tcs.com", "manikandan.5@tcs.com"], "93": ["k.achari@tcs.com", "mangala.krishanveni@tcs.com", "s.razeen@tcs.com", "manikandan.5@tcs.com"], "655": ["nidhin.ramadas@tcs.com"], "656": ["shylaja.mohan1@tcs.com", "mangala.krishnaveni@tcs.com", "manikandan.5@tcs.com", "k.achari@tcs.com", "s.razeen@tcs.com", "badrinaraayanan.m@tcs.com", "vinothkumar.k2@tcs.com"], "657": ["shylaja.mohan1@tcs.com", "manikandan.5@tcs.com"], "658": ["mangala.krishanveni@tcs.com", "mangala.krishnaveni@tcs.com", "s.razeen@tcs.com"], "659": ["rajiniganth.jagadeesan@tcs.com", "manikandan.5@tcs.com"], "660": ["s.razeen@tcs.com"], "661": ["s.razeen@tcs.com"], "662": ["s.razeen@tcs.com"], "663": ["s.razeen@tcs.com"], "664": ["s.razeen@tcs.com"], "665": ["s.razeen@tcs.com"], "666": ["s.razeen@tcs.com"], "667": ["s.razeen@tcs.com"], "668": ["s.razeen@tcs.com"], "669": ["s.razeen@tcs.com"], "670": ["s.razeen@tcs.com"], "671": ["s.razeen@tcs.com"], "672": ["s.razeen@tcs.com"], "673": ["s.razeen@tcs.com"], "674": ["s.razeen@tcs.com"], "675": ["s.razeen@tcs.com"], "676": ["s.razeen@tcs.com"], "677": ["s.razeen@tcs.com"], "678": ["s.razeen@tcs.com"], "679": ["s.razeen@tcs.com"], "680": ["s.razeen@tcs.com"], "681": ["s.razeen@tcs.com"], "101": ["s.razeen@tcs.com", "badrinaraayanan.m@tcs.com"], "682": ["s.razeen@tcs.com"], "683": ["s.razeen@tcs.com"], "684": ["s.razeen@tcs.com"], "685": ["s.razeen@tcs.com", "badrinaraayanan.m@tcs.com"], "686": ["s.razeen@tcs.com"], "687": ["s.razeen@tcs.com"], "688": ["s.razeen@tcs.com"], "689": ["s.razeen@tcs.com"], "690": ["s.razeen@tcs.com"], "691": ["s.razeen@tcs.com"], "692": ["s.razeen@tcs.com", "badrinaraayanan.m@tcs.com"], "693": ["s.razeen@tcs.com"], "694": ["s.razeen@tcs.com"], "99": ["s.razeen@tcs.com", "manikandan.5@tcs.com"], "695": ["s.razeen@tcs.com"], "98": ["s.razeen@tcs.com", "manikandan.5@tcs.com"], "696": ["s.razeen@tcs.com"], "697": ["s.razeen@tcs.com"], "698": ["s.razeen@tcs.com"], "699": ["s.razeen@tcs.com"], "700": ["s.razeen@tcs.com"], "701": ["s.razeen@tcs.com"], "702": ["s.razeen@tcs.com"], "703": ["s.razeen@tcs.com", "manikandan.5@tcs.com"], "704": ["s.razeen@tcs.com"], "705": ["s.razeen@tcs.com"], "706": ["s.razeen@tcs.com"], "707": ["s.razeen@tcs.com"], "708": ["s.razeen@tcs.com"], "709": ["s.razeen@tcs.com"], "710": ["s.razeen@tcs.com"], "711": ["s.razeen@tcs.com"], "712": ["s.razeen@tcs.com"], "713": ["s.razeen@tcs.com"], "714": ["s.razeen@tcs.com"], "715": ["s.razeen@tcs.com"], "716": ["s.razeen@tcs.com"], "717": ["s.razeen@tcs.com"], "718": ["s.razeen@tcs.com"], "719": ["s.razeen@tcs.com"], "720": ["s.razeen@tcs.com", "manikandan.5@tcs.com"], "721": ["s.razeen@tcs.com", "manikandan.5@tcs.com"], "722": ["s.razeen@tcs.com"], "723": ["s.razeen@tcs.com"], "724": ["s.razeen@tcs.com"], "725": ["s.razeen@tcs.com"], "726": ["s.razeen@tcs.com"], "727": ["s.razeen@tcs.com"], "728": ["s.razeen@tcs.com"], "729": ["s.razeen@tcs.com", "manikandan.5@tcs.com"], "730": ["s.razeen@tcs.com"], "731": ["badrinaraayanan.m@tcs.com", "s.razeen@tcs.com", "manikandan.5@tcs.com"], "732": ["s.razeen@tcs.com"], "733": ["manikandan.5@tcs.com"], "734": ["s.razeen@tcs.com", "manikandan.5@tcs.com"], "735": ["manikandan.5@tcs.com"], "736": ["manikandan.5@tcs.com"], "737": ["manikandan.5@tcs.com"], "738": ["manikandan.5@tcs.com"], "739": ["manikandan.5@tcs.com"], "740": ["manikandan.5@tcs.com"], "741": ["manikandan.5@tcs.com"], "742": ["s.razeen@tcs.com", "manikandan.5@tcs.com"], "743": ["s.razeen@tcs.com", "manikandan.5@tcs.com"], "744": ["manikandan.5@tcs.com"], "745": ["manikandan.5@tcs.com"], "746": ["manikandan.5@tcs.com"], "747": ["shylaja.mohan1@tcs.com", "manikandan.5@tcs.com"], "748": ["shylaja.mohan1@tcs.com", "manikandan.5@tcs.com"], "749": ["manikandan.5@tcs.com"], "57": ["mangala.krishnaveni@tcs.com"], "68": ["mangala.krishnaveni@tcs.com", "shylaja.mohan1@tcs.com"], "67": ["mangala.krishnaveni@tcs.com", "shylaja.mohan1@tcs.com"], "89": ["mangala.krishnaveni@tcs.com", "shylaja.mohan1@tcs.com"], "66": ["mangala.krishnaveni@tcs.com", "shylaja.mohan1@tcs.com"], "750": ["mangala.krishnaveni@tcs.com", "shylaja.mohan1@tcs.com"], "751": ["mangala.krishnaveni@tcs.com", "shylaja.mohan1@tcs.com", "manikandan.5@tcs.com"], "752": ["mangala.krishnaveni@tcs.com", "shylaja.mohan1@tcs.com"], "753": ["mangala.krishnaveni@tcs.com"], "754": ["mangala.krishnaveni@tcs.com", "badrinaraayanan.m@tcs.com"], "755": ["mangala.krishnaveni@tcs.com", "shylaja.mohan1@tcs.com"], "756": ["mangala.krishnaveni@tcs.com"], "757": ["mangala.krishnaveni@tcs.com"], "758": ["mangala.krishnaveni@tcs.com", "manikandan.5@tcs.com", "s.razeen@tcs.com", "badrinaraayanan.m@tcs.com"], "759": ["mangala.krishnaveni@tcs.com"], "760": ["mangala.krishnaveni@tcs.com"], "761": ["mangala.krishnaveni@tcs.com"], "762": ["mangala.krishnaveni@tcs.com"], "763": ["mangala.krishnaveni@tcs.com", "rajiniganth.jagadeesan@tcs.com"], "764": ["manikandan.5@tcs.com"], "765": ["mangala.krishnaveni@tcs.com", "shylaja.mohan1@tcs.com"], "766": ["mangala.krishnaveni@tcs.com", "shylaja.mohan1@tcs.com"], "767": ["mangala.krishnaveni@tcs.com", "shylaja.mohan1@tcs.com"], "768": ["mangala.krishnaveni@tcs.com", "shylaja.mohan1@tcs.com"], "769": ["mangala.krishnaveni@tcs.com"], "770": ["shylaja.mohan1@tcs.com"], "771": ["shylaja.mohan1@tcs.com"], "772": ["shylaja.mohan1@tcs.com", "manikandan.5@tcs.com"], "773": ["shylaja.mohan1@tcs.com"], "774": ["shylaja.mohan1@tcs.com"], "775": ["shylaja.mohan1@tcs.com"], "776": ["shylaja.mohan1@tcs.com"], "777": ["shylaja.mohan1@tcs.com", "s.razeen@tcs.com"], "778": ["shylaja.mohan1@tcs.com", "mangala.krishnaveni@tcs.com", "s.razeen@tcs.com"], "779": ["shylaja.mohan1@tcs.com", "manikandan.5@tcs.com", "s.razeen@tcs.com", "badrinaraayanan.m@tcs.com"], "780": ["shylaja.mohan1@tcs.com"], "781": ["shylaja.mohan1@tcs.com"], "782": ["shylaja.mohan1@tcs.com"], "783": ["shylaja.mohan1@tcs.com"], "784": ["shylaja.mohan1@tcs.com"], "785": ["shylaja.mohan1@tcs.com"], "786": ["shylaja.mohan1@tcs.com", "s.razeen@tcs.com"], "787": ["shylaja.mohan1@tcs.com", "s.razeen@tcs.com"], "788": ["shylaja.mohan1@tcs.com", "manikandan.5@tcs.com", "badrinaraayanan.m@tcs.com"], "789": ["shylaja.mohan1@tcs.com", "s.razeen@tcs.com"], "790": ["shylaja.mohan1@tcs.com"], "791": ["shylaja.mohan1@tcs.com"], "792": ["shylaja.mohan1@tcs.com"], "793": ["badrinaraayanan.m@tcs.com"], "794": ["badrinaraayanan.m@tcs.com"], "795": ["shylaja.mohan1@tcs.com", "mangala.krishnaveni@tcs.com"], "796": ["mangala.krishnaveni@tcs.com"], "797": ["mangala.krishnaveni@tcs.com"], "798": ["s.razeen@tcs.com", "manikandan.5@tcs.com"], "799": ["s.razeen@tcs.com", "manikandan.5@tcs.com"], "800": ["s.razeen@tcs.com", "manikandan.5@tcs.com"], "801": ["s.razeen@tcs.com", "manikandan.5@tcs.com"], "802": ["s.razeen@tcs.com", "manikandan.5@tcs.com"], "803": ["s.razeen@tcs.com", "manikandan.5@tcs.com"], "804": ["s.razeen@tcs.com", "manikandan.5@tcs.com"], "805": ["s.razeen@tcs.com", "manikandan.5@tcs.com"], "806": ["s.razeen@tcs.com", "manikandan.5@tcs.com"], "807": ["s.razeen@tcs.com", "manikandan.5@tcs.com"], "808": ["s.razeen@tcs.com", "manikandan.5@tcs.com"], "116": ["mangala.krishnaveni@tcs.com", "badrinaraayanan.m@tcs.com"], "809": ["badrinaraayanan.m@tcs.com"], "810": ["mangala.krishnaveni@tcs.com"], "811": ["rajiniganth.jagadeesan@tcs.com", "s.razeen@tcs.com"], "812": ["shylaja.mohan1@tcs.com"], "813": ["shylaja.mohan1@tcs.com", "mangala.krishnaveni@tcs.com", "manikandan.5@tcs.com"], "814": ["mangala.krishnaveni@tcs.com"], "102": ["badrinaraayanan.m@tcs.com", "manikandan.5@tcs.com"], "815": ["badrinaraayanan.m@tcs.com", "shylaja.mohan1@tcs.com", "mangala.krishnaveni@tcs.com", "manikandan.5@tcs.com"], "816": ["mangala.krishnaveni@tcs.com", "shylaja.mohan1@tcs.com", "badrinaraayanan.m@tcs.com"], "817": ["mangala.krishnaveni@tcs.com", "shylaja.mohan1@tcs.com", "badrinaraayanan.m@tcs.com"], "48": ["manikandan.5@tcs.com"], "28": ["k.achari@tcs.com", "badrinaraayanan.m@tcs.com", "s.razeen@tcs.com", "manikandan.5@tcs.com"], "78": ["k.achari@tcs.com", "s.razeen@tcs.com", "manikandan.5@tcs.com"], "818": ["manikandan.5@tcs.com", "meghashree.ks@tcs.com", "s.razeen@tcs.com", "badrinaraayanan.m@tcs.com", "vinothkumar.k2@tcs.com"], "819": ["mangala.krishnaveni@tcs.com", "manikandan.5@tcs.com", "k.achari@tcs.com", "meghashree.ks@tcs.com", "s.razeen@tcs.com", "badrinaraayanan.m@tcs.com"], "820": ["k.achari@tcs.com", "manikandan.5@tcs.com"], "821": ["shylaja.mohan1@tcs.com", "mangala.krishnaveni@tcs.com", "manikandan.5@tcs.com", "k.achari@tcs.com", "harish.bhaskarapillai@tcs.com", "meghashree.ks@tcs.com", "s.razeen@tcs.com", "badrinaraayanan.m@tcs.com"], "822": ["shylaja.mohan1@tcs.com", "mangala.krishnaveni@tcs.com", "manikandan.5@tcs.com", "k.achari@tcs.com", "rajiniganth.jagadeesan@tcs.com", "harish.bhaskarapillai@tcs.com", "meghashree.ks@tcs.com", "s.razeen@tcs.com", "badrinaraayanan.m@tcs.com"], "823": ["badrinaraayanan.m@tcs.com", "manikandan.5@tcs.com"], "824": ["badrinaraayanan.m@tcs.com", "manikandan.5@tcs.com"], "84": ["badrinaraayanan.m@tcs.com", "s.razeen@tcs.com", "manikandan.5@tcs.com"], "27": ["k.achari@tcs.com", "badrinaraayanan.m@tcs.com", "s.razeen@tcs.com", "manikandan.5@tcs.com"], "825": ["s.razeen@tcs.com", "badrinaraayanan.m@tcs.com"], "80": ["badrinaraayanan.m@tcs.com", "manikandan.5@tcs.com"], "826": ["badrinaraayanan.m@tcs.com", "s.razeen@tcs.com", "manikandan.5@tcs.com"], "827": ["s.razeen@tcs.com", "manikandan.5@tcs.com"], "828": ["s.razeen@tcs.com", "badrinaraayanan.m@tcs.com"], "26": ["rajiniganth.jagadeesan@tcs.com", "s.razeen@tcs.com", "badrinaraayanan.m@tcs.com"], "77": ["k.achari@tcs.com", "s.razeen@tcs.com", "manikandan.5@tcs.com"], "829": ["k.achari@tcs.com", "s.razeen@tcs.com", "badrinaraayanan.m@tcs.com"], "830": ["s.razeen@tcs.com", "badrinaraayanan.m@tcs.com"], "831": ["manikandan.5@tcs.com", "rajiniganth.jagadeesan@tcs.com", "badrinaraayanan.m@tcs.com"], "832": ["manikandan.5@tcs.com", "badrinaraayanan.m@tcs.com"], "833": ["s.razeen@tcs.com", "badrinaraayanan.m@tcs.com"], "834": ["rajiniganth.jagadeesan@tcs.com"], "835": ["rajiniganth.jagadeesan@tcs.com", "manikandan.5@tcs.com"], "836": ["rajiniganth.jagadeesan@tcs.com", "badrinaraayanan.m@tcs.com"], "837": ["rajiniganth.jagadeesan@tcs.com"], "838": ["rajiniganth.jagadeesan@tcs.com"], "839": ["rajiniganth.jagadeesan@tcs.com"], "840": ["s.razeen@tcs.com"], "841": ["s.razeen@tcs.com"], "842": ["s.razeen@tcs.com", "badrinaraayanan.m@tcs.com"], "843": ["s.razeen@tcs.com"], "844": ["harish.bhaskarapillai@tcs.com"], "122": ["manikandan.5@tcs.com"], "845": ["s.razeen@tcs.com", "manikandan.5@tcs.com"], "846": ["manikandan.5@tcs.com"], "847": ["s.razeen@tcs.com", "badrinaraayanan.m@tcs.com"], "848": ["badrinaraayanan.m@tcs.com"], "849": ["manikandan.5@tcs.com"], "850": ["manikandan.5@tcs.com"], "851": ["manikandan.5@tcs.com", "badrinaraayanan.m@tcs.com"], "852": ["mangala.krishnaveni@tcs.com"], "853": ["mangala.krishnaveni@tcs.com", "s.razeen@tcs.com", "manikandan.5@tcs.com"], "854": ["manikandan.5@tcs.com"], "855": ["k.achari@tcs.com", "meghashree.ks@tcs.com", "s.razeen@tcs.com", "manikandan.5@tcs.com"], "856": ["k.achari@tcs.com"], "857": ["k.achari@tcs.com"], "90": ["k.achari@tcs.com", "manikandan.5@tcs.com"], "85": ["k.achari@tcs.com", "manikandan.5@tcs.com"], "858": ["k.achari@tcs.com", "s.razeen@tcs.com", "manikandan.5@tcs.com"], "859": ["k.achari@tcs.com", "s.razeen@tcs.com"], "860": ["k.achari@tcs.com", "s.razeen@tcs.com", "manikandan.5@tcs.com"], "861": ["k.achari@tcs.com", "s.razeen@tcs.com", "manikandan.5@tcs.com"], "862": ["s.razeen@tcs.com"], "863": ["s.razeen@tcs.com"], "864": ["s.razeen@tcs.com"], "865": ["s.razeen@tcs.com"], "866": ["s.razeen@tcs.com"], "867": ["s.razeen@tcs.com"], "868": ["s.razeen@tcs.com"], "869": ["s.razeen@tcs.com"], "870": ["s.razeen@tcs.com"], "871": ["s.razeen@tcs.com", "manikandan.5@tcs.com"], "42": ["s.razeen@tcs.com"], "7": ["meghashree.ks@tcs.com", "s.razeen@tcs.com", "manikandan.5@tcs.com"], "94": ["s.razeen@tcs.com", "manikandan.5@tcs.com"], "44": ["s.razeen@tcs.com", "manikandan.5@tcs.com"], "872": ["s.razeen@tcs.com"], "873": ["s.razeen@tcs.com"], "874": ["s.razeen@tcs.com"], "875": ["s.razeen@tcs.com"], "876": ["s.razeen@tcs.com"], "877": ["s.razeen@tcs.com"], "878": ["s.razeen@tcs.com"], "879": ["s.razeen@tcs.com"], "880": ["s.razeen@tcs.com"], "881": ["s.razeen@tcs.com"], "882": ["s.razeen@tcs.com"], "883": ["s.razeen@tcs.com"], "884": ["s.razeen@tcs.com"], "885": ["s.razeen@tcs.com"], "886": ["s.razeen@tcs.com"], "887": ["s.razeen@tcs.com"], "888": ["s.razeen@tcs.com"], "889": ["s.razeen@tcs.com"], "890": ["s.razeen@tcs.com"], "891": ["s.razeen@tcs.com"], "892": ["s.razeen@tcs.com"], "893": ["s.razeen@tcs.com"], "894": ["s.razeen@tcs.com"], "895": ["s.razeen@tcs.com"], "896": ["s.razeen@tcs.com"], "897": ["s.razeen@tcs.com"], "898": ["s.razeen@tcs.com"], "899": ["s.razeen@tcs.com"], "900": ["s.razeen@tcs.com"], "901": ["s.razeen@tcs.com"], "902": ["s.razeen@tcs.com"], "903": ["s.razeen@tcs.com"], "904": ["s.razeen@tcs.com"], "905": ["s.razeen@tcs.com"], "906": ["s.razeen@tcs.com"], "907": ["s.razeen@tcs.com"], "908": ["s.razeen@tcs.com"], "909": ["s.razeen@tcs.com"], "910": ["s.razeen@tcs.com"], "911": ["s.razeen@tcs.com"], "912": ["s.razeen@tcs.com"], "913": ["s.razeen@tcs.com"], "914": ["s.razeen@tcs.com"], "915": ["s.razeen@tcs.com"], "916": ["s.razeen@tcs.com"], "917": ["s.razeen@tcs.com"], "918": ["s.razeen@tcs.com"], "919": ["s.razeen@tcs.com"], "920": ["s.razeen@tcs.com"], "921": ["meghashree.ks@tcs.com", "s.razeen@tcs.com"], "922": ["meghashree.ks@tcs.com", "manikandan.5@tcs.com", "vinothkumar.k2@tcs.com"], "43": ["s.razeen@tcs.com", "manikandan.5@tcs.com"], "923": ["meghashree.ks@tcs.com", "s.razeen@tcs.com", "manikandan.5@tcs.com", "vinothkumar.k2@tcs.com"], "924": ["s.razeen@tcs.com", "manikandan.5@tcs.com"], "925": ["meghashree.ks@tcs.com", "manikandan.5@tcs.com"], "926": ["meghashree.ks@tcs.com", "s.razeen@tcs.com", "manikandan.5@tcs.com", "vinothkumar.k2@tcs.com"], "927": ["s.razeen@tcs.com"], "928": ["s.razeen@tcs.com"], "929": ["manikandan.5@tcs.com"], "12": ["manikandan.5@tcs.com"], "69": ["manikandan.5@tcs.com"], "930": ["manikandan.5@tcs.com"], "931": ["s.razeen@tcs.com", "manikandan.5@tcs.com"], "932": ["vinothkumar.k2@tcs.com"], "933": ["vinothkumar.k2@tcs.com"], "934": ["vinothkumar.k2@tcs.com"], "935": ["manikandan.5@tcs.com", "vinothkumar.k2@tcs.com"], "936": ["vinothkumar.k2@tcs.com"], "937": ["meghashree.ks@tcs.com", "s.razeen@tcs.com"], "938": ["manikandan.5@tcs.com"], "939": ["manikandan.5@tcs.com"], "940": ["manikandan.5@tcs.com"], "941": ["s.razeen@tcs.com"], "942": ["s.razeen@tcs.com"], "943": ["s.razeen@tcs.com"], "944": ["vinothkumar.k2@tcs.com"], "945": ["vinothkumar.k2@tcs.com"], "946": ["vinothkumar.k2@tcs.com"], "947": ["vinothkumar.k2@tcs.com"], "948": ["vinothkumar.k2@tcs.com"], "949": ["manikandan.5@tcs.com"], "950": ["manikandan.5@tcs.com"], "951": ["manikandan.5@tcs.com"], "952": ["manikandan.5@tcs.com"], "953": ["manikandan.5@tcs.com"], "954": ["manikandan.5@tcs.com"], "955": ["s.razeen@tcs.com", "manikandan.5@tcs.com"], "956": ["s.razeen@tcs.com"], "957": ["s.razeen@tcs.com", "vinothkumar.k2@tcs.com"], "958": ["vinothkumar.k2@tcs.com"], "19": ["vinothkumar.k2@tcs.com"], "959": ["vinothkumar.k2@tcs.com"], "960": ["s.razeen@tcs.com", "vinothkumar.k2@tcs.com"], "961": ["s.razeen@tcs.com", "vinothkumar.k2@tcs.com"], "962": ["manikandan.5@tcs.com"], "963": ["manikandan.5@tcs.com"], "9": ["manikandan.5@tcs.com"], "964": ["manikandan.5@tcs.com"], "965": ["manikandan.5@tcs.com"], "966": ["manikandan.5@tcs.com", "vinothkumar.k2@tcs.com"], "967": ["manikandan.5@tcs.com"], "968": ["s.razeen@tcs.com"], "969": ["s.razeen@tcs.com"], "970": ["s.razeen@tcs.com", "manikandan.5@tcs.com"], "971": ["manikandan.5@tcs.com", "vinothkumar.k2@tcs.com"], "972": ["s.razeen@tcs.com"], "973": ["s.razeen@tcs.com"], "974": ["s.razeen@tcs.com"], "975": ["s.razeen@tcs.com"], "976": ["s.razeen@tcs.com", "manikandan.5@tcs.com"], "977": ["manikandan.5@tcs.com", "vinothkumar.k2@tcs.com"], "978": ["s.razeen@tcs.com"], "979": ["s.razeen@tcs.com"], "980": ["manikandan.5@tcs.com"], "981": ["manikandan.5@tcs.com"], "982": ["manikandan.5@tcs.com"], "983": ["manikandan.5@tcs.com"], "984": ["manikandan.5@tcs.com"], "985": ["manikandan.5@tcs.com"], "986": ["manikandan.5@tcs.com"], "987": ["manikandan.5@tcs.com"], "988": ["manikandan.5@tcs.com"], "989": ["vinothkumar.k2@tcs.com"], "990": ["vinothkumar.k2@tcs.com"], "991": ["vinothkumar.k2@tcs.com"], "992": ["vinothkumar.k2@tcs.com"], "993": ["vinothkumar.k2@tcs.com"], "46": ["manikandan.5@tcs.com"], "994": ["manikandan.5@tcs.com"], "995": ["manikandan.5@tcs.com"], "45": ["manikandan.5@tcs.com"], "996": ["manikandan.5@tcs.com"], "997": ["manikandan.5@tcs.com"], "998": ["vinothkrishna3@gmail.com"], "999": ["vinothkrishna3@gmail.com"], "1003": ["vinothkrishna3@gmail.com"], "1001": ["vinothkrishna3@gmail.com"], "1002": ["vinothkrishna3@gmail.com"]}