{"1": "CustomerMasterT", "2": "PartnerMasterT", "3": "SearchKeywordsT", "4": "IouCustomerMappingT", "5": "IouBeaconMappingT", "6": "UserT", "7": "MobileDashboardT", "8": "OpportunityT", "9": "HealthCardOverallPercentage", "10": "ConnectT", "11": "RevenueCustomerMappingT", "12": "CustomerAssociateT", "13": "ActualRevenuesDataT", "14": "BidDetailsT", "15": "ConnectTypeMappingT", "16": "CompetitorMappingT", "17": "OpportunityCompetitorLinkT", "18": "BeaconConvertorMappingT", "19": "UserPreferencesT", "20": "TimeZoneMappingT", "21": "PushNotificationRegistrationT", "22": "TaskTypeMappingT", "23": "GeographyCountryMappingT", "24": "BdmTargetT", "25": "OpportunityTimelineHistoryT", "26": "DeliveryRequirementT", "27": "DeliveryResourcesT", "28": "DeliveryMasterT", "29": "OpportunitySubSpLinkT", "30": "SubSpMappingT", "31": "UserGroupMappingT", "32": "UserModuleAccessT", "33": "ModuleSubModuleT", "34": "ModuleT", "35": "ConnectSecondaryOwnerLinkT", "36": "UserAccessPrivilegesT", "37": "MiscTypeValueT", "38": "GeographyMappingT", "39": "ConnectSubSpLinkT", "40": "OpportunitySalesSupportLinkT", "41": "BidOfficeGroupOwnerLinkT", "42": "MobileDashboardCategory", "43": "MobileDashboardComponentT", "44": "DeliveryCentreUtilizationT", "45": "QuarterlyHealthcardPercentage", "46": "DeliveryPmoT", "47": "DeliveryCentreT", "48": "DeliveryClusterT", "49": "ConnectOpportunityLinkIdT", "50": "ContactCustomerLinkT", "51": "ConnectOfferingLinkT", "52": "OfferingMappingT", "53": "ConnectTcsAccountContactLinkT", "54": "ContactT", "55": "ConnectCustomerContactLinkT", "56": "NotesT", "57": "PartnerContactLinkT", "58": "CityMapping", "59": "TaskT", "60": "CollaborationCommentT", "61": "DocumentRepositoryT", "62": "UserFavoritesT", "63": "UserNotificationsT", "64": "UserTaggedFollowedT", "65": "TaskBdmsTaggedLinkT", "66": "ProductMasterT", "67": "PartnerSubspProductMappingT", "68": "PartnerSubSpMappingT", "69": "GroupCustomerT", "70": "ApplicationSettingsT", "71": "SalesStageMappingT", "72": "OpportunityWinLossFactorsT", "73": "OpportunityPartnerLinkT", "74": "UserGoalsT", "75": "GoalGroupMappingT", "76": "GoalMappingT", "77": "DeliveryMasterManagerLinkT", "78": "DeliveryStageMappingT", "79": "DeliveryOwnershipT", "80": "DeliveryRgsT", "81": "OpportunityOfferingLinkT", "82": "OpportunityTcsAccountContactLinkT", "83": "OpportunityCustomerContactLinkT", "84": "AuditDeliveryMasterT", "85": "DeliveryIntimatedT", "86": "ProjectedRevenuesDataT", "87": "BeaconDataT", "88": "BeaconCustomerMappingT", "89": "ProductContactLinkT", "90": "DeliveryIntimatedCentreLinkT", "91": "FrequentlySearchedGroupCustomersT", "92": "FrequentlySearchedCustomerPartnerT", "93": "OpportunityDeliveryCentreMappingT", "94": "DeliveryCentreUnallocationT", "95": "WinLossFactorMappingT", "96": "UserNotificationSettingsT", "97": "UserNotificationSettingsConditionsT", "98": "UserSubscriptions", "99": "NotificationTypeEventMappingT", "100": "NotificationSettingsEventMappingT", "101": "AuditOpportunityT", "102": "DocumentsT", "103": "DataProcessingRequestT", "104": "DealClosureReportingT", "105": "UserGeneralSettingsT", "106": "UserAccessRequestT", "107": "LoginHistoryT", "108": "UserRoleMappingT", "109": "WorkflowCompetitorT", "110": "WorkflowRequestT", "111": "WorkflowProcessTemplate", "112": "WorkflowStepT", "113": "WorkflowCustomerT", "114": "WorkflowPartnerT", "115": "OpportunityReopenRequestT", "116": "WorkflowBfmT", "117": "NotificationEventGroupMappingT", "118": "NotificationSettingsGroupMappingT", "119": "FeedbackT", "120": "BidRequestTypeMappingT", "121": "DealTypeMappingT", "122": "AuditOpportunityDeliveryCentreT", "123": "ContactRoleMappingT"}