{"CustomerMasterT": 1, "PartnerMasterT": 2, "SearchKeywordsT": 3, "IouCustomerMappingT": 4, "IouBeaconMappingT": 5, "UserT": 6, "MobileDashboardT": 7, "OpportunityT": 8, "HealthCardOverallPercentage": 9, "ConnectT": 10, "RevenueCustomerMappingT": 11, "CustomerAssociateT": 12, "ActualRevenuesDataT": 13, "BidDetailsT": 14, "ConnectTypeMappingT": 15, "CompetitorMappingT": 16, "OpportunityCompetitorLinkT": 17, "BeaconConvertorMappingT": 18, "UserPreferencesT": 19, "TimeZoneMappingT": 20, "PushNotificationRegistrationT": 21, "TaskTypeMappingT": 22, "GeographyCountryMappingT": 23, "BdmTargetT": 24, "OpportunityTimelineHistoryT": 25, "DeliveryRequirementT": 26, "DeliveryResourcesT": 27, "DeliveryMasterT": 28, "OpportunitySubSpLinkT": 29, "SubSpMappingT": 30, "UserGroupMappingT": 31, "UserModuleAccessT": 32, "ModuleSubModuleT": 33, "ModuleT": 34, "ConnectSecondaryOwnerLinkT": 35, "UserAccessPrivilegesT": 36, "MiscTypeValueT": 37, "GeographyMappingT": 38, "ConnectSubSpLinkT": 39, "OpportunitySalesSupportLinkT": 40, "BidOfficeGroupOwnerLinkT": 41, "MobileDashboardCategory": 42, "MobileDashboardComponentT": 43, "DeliveryCentreUtilizationT": 44, "QuarterlyHealthcardPercentage": 45, "DeliveryPmoT": 46, "DeliveryCentreT": 47, "DeliveryClusterT": 48, "ConnectOpportunityLinkIdT": 49, "ContactCustomerLinkT": 50, "ConnectOfferingLinkT": 51, "OfferingMappingT": 52, "ConnectTcsAccountContactLinkT": 53, "ContactT": 54, "ConnectCustomerContactLinkT": 55, "NotesT": 56, "PartnerContactLinkT": 57, "CityMapping": 58, "TaskT": 59, "CollaborationCommentT": 60, "DocumentRepositoryT": 61, "UserFavoritesT": 62, "UserNotificationsT": 63, "UserTaggedFollowedT": 64, "TaskBdmsTaggedLinkT": 65, "ProductMasterT": 66, "PartnerSubspProductMappingT": 67, "PartnerSubSpMappingT": 68, "GroupCustomerT": 69, "ApplicationSettingsT": 70, "SalesStageMappingT": 71, "OpportunityWinLossFactorsT": 72, "OpportunityPartnerLinkT": 73, "UserGoalsT": 74, "GoalGroupMappingT": 75, "GoalMappingT": 76, "DeliveryMasterManagerLinkT": 77, "DeliveryStageMappingT": 78, "DeliveryOwnershipT": 79, "DeliveryRgsT": 80, "OpportunityOfferingLinkT": 81, "OpportunityTcsAccountContactLinkT": 82, "OpportunityCustomerContactLinkT": 83, "AuditDeliveryMasterT": 84, "DeliveryIntimatedT": 85, "ProjectedRevenuesDataT": 86, "BeaconDataT": 87, "BeaconCustomerMappingT": 88, "ProductContactLinkT": 89, "DeliveryIntimatedCentreLinkT": 90, "FrequentlySearchedGroupCustomersT": 91, "FrequentlySearchedCustomerPartnerT": 92, "OpportunityDeliveryCentreMappingT": 93, "DeliveryCentreUnallocationT": 94, "WinLossFactorMappingT": 95, "UserNotificationSettingsT": 96, "UserNotificationSettingsConditionsT": 97, "UserSubscriptions": 98, "NotificationTypeEventMappingT": 99, "NotificationSettingsEventMappingT": 100, "AuditOpportunityT": 101, "DocumentsT": 102, "DataProcessingRequestT": 103, "DealClosureReportingT": 104, "UserGeneralSettingsT": 105, "UserAccessRequestT": 106, "LoginHistoryT": 107, "UserRoleMappingT": 108, "WorkflowCompetitorT": 109, "WorkflowRequestT": 110, "WorkflowProcessTemplate": 111, "WorkflowStepT": 112, "WorkflowCustomerT": 113, "WorkflowPartnerT": 114, "OpportunityReopenRequestT": 115, "WorkflowBfmT": 116, "NotificationEventGroupMappingT": 117, "NotificationSettingsGroupMappingT": 118, "FeedbackT": 119, "BidRequestTypeMappingT": 120, "DealTypeMappingT": 121, "AuditOpportunityDeliveryCentreT": 122, "ContactRoleMappingT": 123}