{"WorkOrderController.assetWorkOrderList": {"t": [{"id": 0, "a": [["R", 1], ["R", 1], ["R", 2]]}]}, "WorkOrderController.detailCost": {"t": [{"id": 0, "a": [["R", 3]]}]}, "WorkOrderController.findAsset": {"t": [{"id": 0, "a": [["R", 4], ["R", 4], ["R", 4]]}]}, "WorkOrderController.finishWo": {"t": [{"id": 0, "a": [["R", 2], ["W", 2], ["W", 2], ["R", 2], ["R", 2], ["R", 5], ["R", 5], ["R", 5], ["R", 5], ["R", 5], ["W", 5], ["R", 5], ["W", 3], ["R", 5], ["R", 3], ["W", 5], ["W", 3], ["R", 5], ["R", 3], ["W", 5], ["W", 3], ["W", 5], ["R", 5], ["W", 2], ["R", 2], ["R", 1], ["R", 1], ["W", 2], ["W", 2], ["R", 2], ["R", 2], ["R", 2], ["W", 2], ["R", 2], ["R", 1], ["R", 1], ["W", 2], ["W", 2], ["R", 2], ["W", 5], ["R", 2], ["W", 5], ["R", 2], ["R", 2], ["W", 5], ["R", 2], ["R", 2], ["W", 5], ["R", 2], ["W", 5], ["R", 2], ["W", 5], ["W", 5], ["R", 2], ["W", 2], ["W", 2], ["R", 2], ["W", 5], ["R", 2], ["W", 5], ["R", 2], ["W", 5], ["R", 5], ["R", 3], ["R", 5], ["R", 3], ["R", 5], ["R", 3], ["R", 5], ["R", 3], ["R", 5], ["R", 3], ["R", 3], ["R", 3], ["R", 3], ["R", 3], ["R", 3], ["R", 5], ["R", 3], ["W", 5], ["W", 3], ["W", 5], ["R", 2], ["R", 2], ["R", 2], ["R", 2], ["R", 6], ["R", 6], ["R", 6], ["R", 5], ["R", 3], ["R", 3], ["R", 3], ["R", 3], ["R", 3], ["R", 3], ["R", 3], ["R", 3], ["R", 3], ["R", 3], ["R", 3], ["W", 2], ["W", 2], ["W", 2], ["R", 2], ["W", 5], ["R", 2], ["W", 5], ["R", 2], ["W", 5], ["R", 5], ["R", 3], ["R", 5], ["R", 3], ["R", 5], ["R", 3], ["R", 5], ["R", 3], ["R", 5], ["R", 3], ["R", 3], ["R", 3], ["R", 3], ["R", 3], ["R", 3], ["R", 5], ["R", 3], ["W", 5], ["W", 3], ["W", 5], ["R", 5], ["W", 2], ["R", 5], ["W", 2], ["R", 5], ["W", 2], ["R", 5], ["R", 2], ["R", 1], ["R", 1], ["R", 5], ["R", 5], ["R", 5], ["R", 5], ["R", 2], ["R", 2], ["R", 2], ["R", 6], ["R", 2], ["R", 5], ["R", 5], ["R", 5], ["R", 5], ["R", 5], ["R", 5], ["R", 6], ["R", 6], ["R", 6], ["R", 6], ["R", 6], ["W", 2], ["W", 2], ["W", 5], ["R", 5], ["R", 2], ["W", 2], ["W", 2], ["R", 2], ["W", 5], ["R", 2], ["W", 5], ["R", 2], ["W", 5], ["R", 5], ["R", 3], ["R", 5], ["R", 3], ["R", 5], ["R", 3], ["R", 5], ["R", 3], ["R", 5], ["R", 3], ["R", 3], ["R", 3], ["R", 3], ["R", 3], ["R", 3], ["R", 5], ["R", 3], ["W", 5], ["W", 3], ["W", 5], ["R", 2], ["R", 2], ["R", 2], ["R", 2], ["R", 6], ["R", 6], ["R", 6], ["R", 5], ["R", 3], ["R", 3], ["R", 3], ["R", 3], ["R", 3], ["R", 3], ["R", 3], ["R", 3], ["R", 3], ["R", 3], ["R", 3], ["W", 2], ["W", 2], ["W", 2], ["R", 2], ["W", 5], ["R", 2], ["W", 5], ["R", 2], ["W", 5], ["R", 5], ["R", 3], ["R", 5], ["R", 3], ["R", 5], ["R", 3], ["R", 5], ["R", 3], ["R", 5], ["R", 3], ["R", 3], ["R", 3], ["R", 3], ["R", 3], ["R", 3], ["R", 5], ["R", 3], ["W", 5], ["W", 3], ["W", 5], ["R", 2], ["W", 5], ["R", 2], ["W", 5], ["R", 2], ["R", 2], ["W", 5], ["R", 2], ["R", 2], ["W", 5], ["R", 2], ["W", 5], ["R", 2], ["W", 5], ["W", 5], ["W", 5], ["R", 2], ["W", 2], ["W", 2], ["R", 2], ["W", 5], ["R", 2], ["W", 5], ["R", 2], ["W", 5], ["R", 5], ["R", 3], ["R", 5], ["R", 3], ["R", 5], ["R", 3], ["R", 5], ["R", 3], ["R", 5], ["R", 3], ["R", 3], ["R", 3], ["R", 3], ["R", 3], ["R", 3], ["R", 5], ["R", 3], ["W", 5], ["W", 3], ["W", 5], ["R", 2], ["R", 2], ["R", 2], ["R", 2], ["R", 6], ["R", 6], ["R", 6], ["R", 5], ["R", 3], ["R", 3], ["R", 3], ["R", 3], ["R", 3], ["R", 3], ["R", 3], ["R", 3], ["R", 3], ["R", 3], ["R", 3], ["W", 2], ["W", 2], ["W", 2], ["R", 2], ["W", 5], ["R", 2], ["W", 5], ["R", 2], ["W", 5], ["R", 5], ["R", 3], ["R", 5], ["R", 3], ["R", 5], ["R", 3], ["R", 5], ["R", 3], ["R", 5], ["R", 3], ["R", 3], ["R", 3], ["R", 3], ["R", 3], ["R", 3], ["R", 5], ["R", 3], ["W", 5], ["W", 3], ["W", 5], ["W", 2], ["R", 2], ["R", 1], ["R", 1], ["W", 2], ["W", 2], ["R", 2], ["R", 2], ["R", 2], ["W", 2], ["R", 2], ["R", 1], ["R", 1], ["W", 2], ["W", 2], ["R", 2], ["W", 5], ["R", 2], ["W", 5], ["R", 2], ["R", 2], ["W", 5], ["R", 2], ["R", 2], ["W", 5], ["R", 2], ["W", 5], ["R", 2], ["W", 5], ["W", 5], ["R", 2], ["W", 2], ["W", 2], ["R", 2], ["W", 5], ["R", 2], ["W", 5], ["R", 2], ["W", 5], ["R", 5], ["R", 3], ["R", 5], ["R", 3], ["R", 5], ["R", 3], ["R", 5], ["R", 3], ["R", 5], ["R", 3], ["R", 3], ["R", 3], ["R", 3], ["R", 3], ["R", 3], ["R", 5], ["R", 3], ["W", 5], ["W", 3], ["W", 5], ["R", 2], ["R", 2], ["R", 2], ["R", 2], ["R", 6], ["R", 6], ["R", 6], ["R", 5], ["R", 3], ["R", 3], ["R", 3], ["R", 3], ["R", 3], ["R", 3], ["R", 3], ["R", 3], ["R", 3], ["R", 3], ["R", 3], ["W", 2], ["W", 2], ["W", 2], ["R", 2], ["W", 5], ["R", 2], ["W", 5], ["R", 2], ["W", 5], ["R", 5], ["R", 3], ["R", 5], ["R", 3], ["R", 5], ["R", 3], ["R", 5], ["R", 3], ["R", 5], ["R", 3], ["R", 3], ["R", 3], ["R", 3], ["R", 3], ["R", 3], ["R", 5], ["R", 3], ["W", 5], ["W", 3], ["W", 5], ["W", 2], ["R", 5], ["R", 2], ["R", 1], ["R", 1], ["R", 5], ["R", 5], ["R", 5], ["R", 5], ["W", 2], ["W", 2], ["W", 5], ["R", 5], ["R", 2], ["W", 2], ["W", 2], ["R", 2], ["W", 5], ["R", 2], ["W", 5], ["R", 2], ["W", 5], ["R", 5], ["R", 3], ["R", 5], ["R", 3], ["R", 5], ["R", 3], ["R", 5], ["R", 3], ["R", 5], ["R", 3], ["R", 3], ["R", 3], ["R", 3], ["R", 3], ["R", 3], ["R", 5], ["R", 3], ["W", 5], ["W", 3], ["W", 5], ["R", 2], ["R", 2], ["R", 2], ["R", 2], ["R", 6], ["R", 6], ["R", 6], ["R", 5], ["R", 3], ["R", 3], ["R", 3], ["R", 3], ["R", 3], ["R", 3], ["R", 3], ["R", 3], ["R", 3], ["R", 3], ["R", 3], ["W", 2], ["W", 2], ["W", 2], ["R", 2], ["W", 5], ["R", 2], ["W", 5], ["R", 2], ["W", 5], ["R", 5], ["R", 3], ["R", 5], ["R", 3], ["R", 5], ["R", 3], ["R", 5], ["R", 3], ["R", 5], ["R", 3], ["R", 3], ["R", 3], ["R", 3], ["R", 3], ["R", 3], ["R", 5], ["R", 3], ["W", 5], ["W", 3], ["W", 5], ["R", 2], ["W", 5], ["R", 2], ["W", 5], ["R", 2], ["R", 2], ["W", 5], ["R", 2], ["R", 2], ["W", 5], ["R", 2], ["W", 5], ["R", 2], ["W", 5], ["W", 5], ["W", 5], ["R", 2], ["W", 2], ["W", 2], ["R", 2], ["W", 5], ["R", 2], ["W", 5], ["R", 2], ["W", 5], ["R", 5], ["R", 3], ["R", 5], ["R", 3], ["R", 5], ["R", 3], ["R", 5], ["R", 3], ["R", 5], ["R", 3], ["R", 3], ["R", 3], ["R", 3], ["R", 3], ["R", 3], ["R", 5], ["R", 3], ["W", 5], ["W", 3], ["W", 5], ["R", 2], ["R", 2], ["R", 2], ["R", 2], ["R", 6], ["R", 6], ["R", 6], ["R", 5], ["R", 3], ["R", 3], ["R", 3], ["R", 3], ["R", 3], ["R", 3], ["R", 3], ["R", 3], ["R", 3], ["R", 3], ["R", 3], ["W", 2], ["W", 2], ["W", 2], ["R", 2], ["W", 5], ["R", 2], ["W", 5], ["R", 2], ["W", 5], ["R", 5], ["R", 3], ["R", 5], ["R", 3], ["R", 5], ["R", 3], ["R", 5], ["R", 3], ["R", 5], ["R", 3], ["R", 3], ["R", 3], ["R", 3], ["R", 3], ["R", 3], ["R", 5], ["R", 3], ["W", 5], ["W", 3], ["W", 5], ["W", 2], ["R", 2], ["R", 4], ["W", 4], ["W", 4], ["R", 5], ["R", 5], ["W", 7], ["W", 5], ["W", 5], ["W", 5]]}]}, "WorkOrderController.getCurrentPerson": {"t": [{"id": 0, "a": [["R", 1], ["R", 1], ["R", 8], ["R", 1], ["R", 1], ["R", 1], ["R", 8], ["R", 8], ["R", 1], ["R", 1]]}]}, "WorkOrderController.getImage": {"t": [{"id": 0, "a": [["R", 7]]}]}, "WorkOrderController.getMsg": {"t": [{"id": 0, "a": [["R", 9]]}]}, "WorkOrderController.getRequestor": {"t": [{"id": 0, "a": [["R", 1], ["R", 1], ["R", 1], ["R", 1]]}]}, "WorkOrderController.saveWorkOrder": {"t": [{"id": 0, "a": [["R", 1], ["R", 1], ["W", 2], ["R", 1], ["W", 2], ["W", 2], ["W", 2], ["W", 2], ["W", 2], ["W", 2], ["R", 2], ["W", 5], ["R", 2], ["W", 5], ["R", 2], ["R", 2], ["W", 5], ["R", 2], ["R", 2], ["W", 5], ["R", 2], ["W", 5], ["R", 2], ["W", 5], ["W", 5], ["R", 2], ["W", 2], ["W", 5], ["R", 5], ["W", 2], ["R", 2], ["R", 1], ["R", 1], ["W", 2], ["W", 2], ["R", 2], ["R", 2], ["R", 2], ["W", 2], ["R", 2], ["R", 1], ["R", 1], ["W", 2], ["W", 2], ["R", 2], ["W", 5], ["R", 2], ["W", 5], ["R", 2], ["R", 2], ["W", 5], ["R", 2], ["R", 2], ["W", 5], ["R", 2], ["W", 5], ["R", 2], ["W", 5], ["W", 5], ["R", 2], ["W", 2], ["W", 2], ["R", 2], ["W", 5], ["R", 2], ["W", 5], ["R", 2], ["W", 5], ["R", 5], ["R", 3], ["R", 5], ["R", 3], ["R", 5], ["R", 3], ["R", 5], ["R", 3], ["R", 5], ["R", 3], ["R", 3], ["R", 3], ["R", 3], ["R", 3], ["R", 3], ["R", 5], ["R", 3], ["W", 5], ["W", 3], ["W", 5], ["R", 2], ["R", 2], ["R", 2], ["R", 2], ["R", 6], ["R", 6], ["R", 6], ["R", 5], ["R", 3], ["R", 3], ["R", 3], ["R", 3], ["R", 3], ["R", 3], ["R", 3], ["R", 3], ["R", 3], ["R", 3], ["R", 3], ["W", 2], ["W", 2], ["W", 2], ["R", 2], ["W", 5], ["R", 2], ["W", 5], ["R", 2], ["W", 5], ["R", 5], ["R", 3], ["R", 5], ["R", 3], ["R", 5], ["R", 3], ["R", 5], ["R", 3], ["R", 5], ["R", 3], ["R", 3], ["R", 3], ["R", 3], ["R", 3], ["R", 3], ["R", 5], ["R", 3], ["W", 5], ["W", 3], ["W", 5], ["R", 5], ["W", 2], ["R", 5], ["W", 2], ["R", 5], ["W", 2], ["R", 5], ["R", 2], ["R", 1], ["R", 1], ["R", 5], ["R", 5], ["R", 5], ["R", 5], ["R", 2], ["R", 2], ["R", 2], ["R", 6], ["R", 2], ["R", 5], ["R", 5], ["R", 5], ["R", 5], ["R", 5], ["R", 5], ["R", 6], ["R", 6], ["R", 6], ["R", 6], ["R", 6], ["W", 2], ["W", 2], ["W", 5], ["R", 5], ["R", 2], ["W", 2], ["W", 2], ["R", 2], ["W", 5], ["R", 2], ["W", 5], ["R", 2], ["W", 5], ["R", 5], ["R", 3], ["R", 5], ["R", 3], ["R", 5], ["R", 3], ["R", 5], ["R", 3], ["R", 5], ["R", 3], ["R", 3], ["R", 3], ["R", 3], ["R", 3], ["R", 3], ["R", 5], ["R", 3], ["W", 5], ["W", 3], ["W", 5], ["R", 2], ["R", 2], ["R", 2], ["R", 2], ["R", 6], ["R", 6], ["R", 6], ["R", 5], ["R", 3], ["R", 3], ["R", 3], ["R", 3], ["R", 3], ["R", 3], ["R", 3], ["R", 3], ["R", 3], ["R", 3], ["R", 3], ["W", 2], ["W", 2], ["W", 2], ["R", 2], ["W", 5], ["R", 2], ["W", 5], ["R", 2], ["W", 5], ["R", 5], ["R", 3], ["R", 5], ["R", 3], ["R", 5], ["R", 3], ["R", 5], ["R", 3], ["R", 5], ["R", 3], ["R", 3], ["R", 3], ["R", 3], ["R", 3], ["R", 3], ["R", 5], ["R", 3], ["W", 5], ["W", 3], ["W", 5], ["R", 2], ["W", 5], ["R", 2], ["W", 5], ["R", 2], ["R", 2], ["W", 5], ["R", 2], ["R", 2], ["W", 5], ["R", 2], ["W", 5], ["R", 2], ["W", 5], ["W", 5], ["W", 5], ["R", 2], ["W", 2], ["W", 2], ["R", 2], ["W", 5], ["R", 2], ["W", 5], ["R", 2], ["W", 5], ["R", 5], ["R", 3], ["R", 5], ["R", 3], ["R", 5], ["R", 3], ["R", 5], ["R", 3], ["R", 5], ["R", 3], ["R", 3], ["R", 3], ["R", 3], ["R", 3], ["R", 3], ["R", 5], ["R", 3], ["W", 5], ["W", 3], ["W", 5], ["R", 2], ["R", 2], ["R", 2], ["R", 2], ["R", 6], ["R", 6], ["R", 6], ["R", 5], ["R", 3], ["R", 3], ["R", 3], ["R", 3], ["R", 3], ["R", 3], ["R", 3], ["R", 3], ["R", 3], ["R", 3], ["R", 3], ["W", 2], ["W", 2], ["W", 2], ["R", 2], ["W", 5], ["R", 2], ["W", 5], ["R", 2], ["W", 5], ["R", 5], ["R", 3], ["R", 5], ["R", 3], ["R", 5], ["R", 3], ["R", 5], ["R", 3], ["R", 5], ["R", 3], ["R", 3], ["R", 3], ["R", 3], ["R", 3], ["R", 3], ["R", 5], ["R", 3], ["W", 5], ["W", 3], ["W", 5], ["W", 2], ["R", 2], ["R", 5], ["R", 5], ["R", 5], ["R", 5], ["R", 5], ["R", 5], ["R", 5], ["W", 7], ["W", 5], ["W", 5], ["W", 5]]}]}, "WorkOrderController.savevoice": {"t": [{"id": 0, "a": [["W", 2], ["R", 2], ["R", 5], ["R", 5], ["R", 5], ["R", 5], ["R", 5], ["R", 5], ["R", 5], ["W", 7], ["W", 5], ["W", 5], ["W", 5]]}]}, "WorkOrderController.uploadMediaToWeChat": {"t": [{"id": 0, "a": [["R", 7]]}]}, "WorkOrderController.woCreate": {"t": [{"id": 0, "a": [["R", 1]]}]}, "WorkOrderController.woDetail": {"t": [{"id": 0, "a": [["R", 2]]}]}, "WorkOrderController.woListData": {"t": [{"id": 0, "a": [["R", 1], ["R", 1], ["R", 2]]}]}, "WorkOrderController.woStepDetail": {"t": [{"id": 0, "a": [["R", 5]]}]}, "RepairProcessController.findRepairDetail": {"t": [{"id": 0, "a": [["R", 2], ["R", 2], ["R", 2]]}]}, "RepairProcessController.findRepairList": {"t": [{"id": 0, "a": [["R", 2]]}]}, "AssetCostController.calByDay": {"t": [{"id": 0, "a": [["R", 10], ["R", 4], ["R", 2], ["R", 4], ["R", 2], ["R", 2], ["R", 11], ["R", 10], ["R", 4], ["R", 2], ["R", 4], ["R", 2], ["R", 2], ["R", 11], ["R", 10]]}]}, "AssetCostController.calByFromTo": {"t": [{"id": 0, "a": [["R", 10], ["R", 4], ["R", 2], ["R", 4], ["R", 2], ["R", 2], ["R", 11], ["R", 10]]}]}, "AssetCostController.excuteTask": {"t": [{"id": 0, "a": [["R", 10], ["R", 4], ["R", 2], ["R", 4], ["R", 2], ["R", 2], ["R", 11], ["R", 10]]}]}, "ProxyController.proxyHandler": {"t": [{"id": 0, "a": [["R", 1], ["R", 1], ["R", 1], ["R", 1]]}]}, "AssetExamController.aggreByDay": {"t": [{"id": 0, "a": [["R", 12], ["R", 12], ["R", 12], ["R", 12], ["R", 12], ["R", 10], ["R", 10], ["R", 10], ["R", 10], ["R", 10], ["R", 10], ["W", 10], ["W", 10], ["W", 10], ["W", 10], ["W", 10], ["W", 10]]}]}, "AssetExamController.aggreFromTo": {"t": [{"id": 0, "a": [["R", 12], ["R", 12], ["R", 12], ["R", 12], ["R", 12], ["R", 10], ["R", 10], ["R", 10], ["R", 10], ["R", 10], ["R", 10], ["W", 10], ["W", 10], ["W", 10], ["W", 10], ["W", 10], ["W", 10]]}]}, "AssetExamController.excute": {"t": [{"id": 0, "a": [["R", 12], ["R", 12], ["R", 12], ["R", 12], ["R", 12], ["R", 10], ["R", 10], ["R", 10], ["R", 10], ["R", 10], ["R", 10], ["W", 10], ["W", 10], ["W", 10], ["W", 10], ["W", 10], ["W", 10]]}]}, "TestController.getData": {"t": [{"id": 0, "a": [["R", 1]]}]}, "TestController.getUsers": {"t": [{"id": 0, "a": [["R", 1]]}]}, "WeChatMenuDispatcher.wechatMenuItem": {"t": [{"id": 0, "a": [["R", 1], ["R", 1], ["R", 1]]}]}, "WeChatCoreController.bindUser": {"t": [{"id": 0, "a": [["R", 1], ["R", 1], ["R", 1], ["R", 1], ["W", 1], ["W", 1], ["R", 1], ["R", 1], ["R", 1]]}]}}