{
  "1" : "Actor",
  "2" : "Administrator",
  "3" : "Application",
  "4" : "Article",
  "5" : "Audit",
  "6" : "Auditor",
  "7" : "Box",
  "8" : "Category",
  "9" : "Comment",
  "10" : "CreditCard",
  "11" : "Curriculum",
  "12" : "Customer",
  "13" : "Customisation",
  "14" : "DomainEntity",
  "15" : "EducationRecord",
  "16" : "Endorsement",
  "17" : "EndorserRecord",
  "18" : "Finder",
  "19" : "Message",
  "20" : "MiscellaneousRecord",
  "21" : "Nutritionist",
  "22" : "PersonalRecord",
  "23" : "ProfessionalRecord",
  "24" : "Session",
  "25" : "SocialProfile",
  "26" : "Trainer",
  "27" : "UserAccount",
  "28" : "WorkingOut"
}