{
  "ActorActorController.display" : {
    "t" : [ {
      "id" : 0,
      "a" : [ [ "R", 10 ], [ "R", 10 ], [ "R", 1 ], [ "R", 1 ], [ "R", 1 ], [ "R", 24 ] ]
    } ]
  },
  "SponsorController.list" : {
    "t" : [ {
      "id" : 0,
      "a" : [ [ "R", 23 ] ]
    } ]
  },
  "ParticipatesRefereeController.save" : {
    "t" : [ {
      "id" : 0,
      "a" : [ [ "R", 18 ], [ "R", 20 ], [ "R", 10 ], [ "R", 10 ], [ "R", 10 ], [ "R", 1 ], [ "R", 1 ], [ "R", 1 ], [ "R", 24 ], [ "R", 1 ], [ "R", 24 ], [ "R", 24 ], [ "R", 10 ], [ "R", 18 ], [ "R", 18 ], [ "R", 20 ], [ "R", 20 ], [ "R", 15 ], [ "R", 15 ], [ "R", 21 ], [ "R", 10 ], [ "R", 10 ], [ "R", 21 ], [ "R", 21 ], [ "R", 21 ], [ "R", 24 ], [ "R", 10 ], [ "R", 10 ], [ "R", 10 ], [ "R", 18 ], [ "W", 18 ], [ "R", 18 ], [ "R", 18 ], [ "R", 20 ], [ "R", 20 ], [ "W", 18 ], [ "R", 18 ], [ "R", 20 ], [ "R", 10 ], [ "R", 18 ], [ "R", 20 ], [ "R", 10 ] ]
    } ]
  },
  "FinancesAdministratorController.create" : {
    "t" : [ {
      "id" : 0,
      "a" : [ [ "R", 10 ], [ "R", 10 ], [ "R", 1 ], [ "R", 1 ], [ "R", 1 ], [ "R", 24 ], [ "R", 1 ], [ "R", 24 ], [ "R", 24 ], [ "W", 13 ], [ "R", 23 ], [ "W", 13 ], [ "W", 23 ], [ "R", 15 ], [ "W", 13 ], [ "W", 15 ], [ "R", 23 ], [ "R", 15 ] ]
    } ]
  },
  "CommentController.list" : {
    "t" : [ {
      "id" : 0,
      "a" : [ [ "R", 8 ], [ "R", 8 ], [ "R", 8 ], [ "R", 8 ], [ "R", 8 ], [ "R", 8 ], [ "R", 8 ], [ "R", 7 ], [ "R", 7 ] ]
    } ]
  },
  "CurriculumActorController.save" : {
    "t" : [ {
      "id" : 0,
      "a" : [ [ "R", 10 ], [ "R", 10 ], [ "R", 1 ], [ "R", 1 ], [ "R", 1 ], [ "R", 24 ], [ "R", 1 ], [ "R", 24 ], [ "R", 24 ], [ "R", 10 ], [ "R", 10 ], [ "R", 10 ], [ "R", 10 ], [ "R", 1 ], [ "R", 1 ], [ "R", 1 ], [ "R", 24 ], [ "R", 1 ], [ "R", 1 ], [ "R", 1 ], [ "R", 9 ], [ "R", 10 ], [ "R", 10 ], [ "R", 1 ], [ "R", 1 ], [ "R", 1 ], [ "R", 24 ], [ "R", 1 ], [ "R", 9 ], [ "R", 10 ], [ "R", 10 ], [ "R", 1 ], [ "R", 1 ], [ "R", 1 ], [ "R", 24 ], [ "R", 10 ], [ "W", 9 ], [ "W", 1 ], [ "W", 9 ], [ "R", 10 ], [ "R", 10 ], [ "R", 1 ], [ "R", 1 ], [ "R", 1 ], [ "R", 24 ], [ "R", 1 ], [ "R", 24 ], [ "R", 24 ], [ "R", 10 ], [ "R", 10 ], [ "R", 1 ], [ "R", 1 ], [ "R", 1 ], [ "R", 24 ], [ "R", 10 ], [ "R", 10 ], [ "R", 1 ], [ "R", 1 ], [ "R", 1 ], [ "R", 24 ], [ "R", 10 ], [ "R", 10 ], [ "W", 1 ] ]
    } ]
  },
  "BulletinManagerController.create" : {
    "t" : [ {
      "id" : 0,
      "a" : [ [ "R", 10 ], [ "R", 10 ], [ "R", 1 ], [ "R", 1 ], [ "R", 1 ], [ "R", 24 ], [ "R", 1 ], [ "R", 24 ], [ "R", 24 ], [ "R", 10 ], [ "R", 10 ], [ "R", 1 ], [ "R", 1 ], [ "R", 1 ], [ "R", 24 ], [ "R", 1 ], [ "R", 24 ], [ "R", 24 ], [ "R", 10 ], [ "R", 10 ], [ "R", 1 ], [ "R", 1 ], [ "R", 1 ], [ "R", 24 ], [ "R", 10 ], [ "R", 10 ], [ "R", 1 ], [ "R", 1 ], [ "R", 1 ], [ "R", 24 ], [ "R", 1 ], [ "R", 24 ], [ "R", 24 ], [ "R", 10 ], [ "R", 10 ], [ "R", 16 ], [ "R", 16 ], [ "R", 16 ], [ "R", 24 ], [ "R", 16 ], [ "R", 6 ], [ "R", 10 ], [ "R", 10 ], [ "R", 1 ], [ "R", 1 ], [ "R", 1 ], [ "R", 24 ], [ "R", 1 ], [ "R", 24 ], [ "R", 24 ], [ "R", 10 ], [ "R", 10 ], [ "R", 22 ], [ "R", 22 ], [ "R", 22 ], [ "R", 24 ], [ "R", 22 ], [ "R", 11 ], [ "R", 11 ], [ "R", 11 ], [ "R", 6 ], [ "W", 3 ], [ "W", 6 ], [ "W", 3 ], [ "W", 3 ], [ "W", 1 ] ]
    } ]
  },
  "MessageActorController.removeFromFolder" : {
    "t" : [ {
      "id" : 0,
      "a" : [ [ "R", 17 ], [ "R", 10 ], [ "R", 10 ], [ "R", 1 ], [ "R", 1 ], [ "R", 1 ], [ "R", 24 ], [ "R", 1 ], [ "R", 24 ], [ "R", 10 ], [ "R", 17 ], [ "R", 1 ], [ "R", 1 ], [ "R", 24 ], [ "R", 10 ], [ "R", 17 ], [ "R", 1 ], [ "R", 1 ], [ "R", 24 ], [ "R", 10 ], [ "R", 14 ], [ "R", 14 ], [ "R", 1 ], [ "R", 1 ], [ "R", 24 ], [ "R", 10 ], [ "R", 10 ], [ "R", 10 ], [ "R", 1 ], [ "R", 1 ], [ "R", 1 ], [ "R", 24 ], [ "R", 1 ], [ "R", 24 ], [ "R", 10 ], [ "R", 10 ], [ "R", 10 ], [ "R", 14 ], [ "R", 1 ], [ "R", 10 ], [ "R", 10 ], [ "R", 1 ], [ "R", 1 ], [ "R", 1 ], [ "R", 24 ], [ "R", 10 ], [ "R", 10 ], [ "R", 10 ], [ "R", 14 ], [ "R", 1 ], [ "R", 1 ], [ "R", 24 ], [ "R", 10 ], [ "R", 10 ], [ "R", 10 ], [ "R", 1 ], [ "R", 1 ], [ "R", 1 ], [ "R", 24 ], [ "R", 1 ], [ "R", 24 ], [ "R", 10 ], [ "R", 14 ], [ "R", 14 ], [ "R", 14 ], [ "R", 17 ], [ "W", 14 ], [ "R", 10 ], [ "R", 17 ], [ "R", 10 ], [ "R", 10 ], [ "R", 1 ], [ "R", 1 ], [ "R", 1 ], [ "R", 24 ], [ "R", 1 ], [ "R", 24 ], [ "R", 10 ], [ "R", 17 ], [ "R", 1 ], [ "R", 1 ], [ "R", 24 ], [ "R", 10 ], [ "R", 17 ], [ "R", 1 ], [ "R", 1 ], [ "R", 24 ], [ "R", 10 ], [ "R", 10 ], [ "R", 10 ], [ "R", 1 ], [ "R", 1 ], [ "R", 1 ], [ "R", 24 ], [ "R", 1 ], [ "R", 24 ], [ "R", 10 ], [ "R", 17 ], [ "R", 1 ], [ "R", 1 ], [ "R", 24 ], [ "R", 10 ], [ "R", 17 ], [ "R", 1 ], [ "R", 1 ], [ "R", 24 ], [ "R", 10 ], [ "R", 17 ], [ "R", 14 ], [ "W", 17 ], [ "R", 10 ], [ "R", 10 ], [ "R", 1 ], [ "R", 1 ], [ "R", 1 ], [ "R", 24 ], [ "R", 1 ], [ "R", 14 ], [ "R", 14 ], [ "R", 17 ], [ "R", 14 ], [ "R", 17 ], [ "R", 10 ], [ "R", 14 ], [ "R", 14 ], [ "R", 14 ], [ "R", 14 ], [ "R", 14 ], [ "R", 1 ], [ "R", 14 ], [ "R", 17 ], [ "W", 14 ], [ "W", 14 ] ]
    } ]
  },
  "EnteredManagerController.save" : {
    "t" : [ {
      "id" : 0,
      "a" : [ [ "R", 11 ], [ "R", 10 ], [ "R", 11 ], [ "W", 11 ], [ "R", 10 ], [ "R", 10 ], [ "R", 10 ], [ "R", 1 ], [ "R", 1 ], [ "R", 1 ], [ "R", 24 ], [ "R", 1 ], [ "R", 24 ], [ "R", 24 ], [ "R", 10 ], [ "R", 10 ], [ "R", 22 ], [ "R", 22 ], [ "R", 22 ], [ "R", 24 ], [ "R", 10 ], [ "R", 6 ], [ "R", 6 ], [ "R", 11 ], [ "R", 6 ], [ "R", 6 ], [ "R", 11 ], [ "R", 22 ], [ "R", 6 ], [ "R", 11 ], [ "W", 11 ], [ "W", 22 ], [ "W", 11 ], [ "W", 11 ], [ "W", 11 ], [ "W", 11 ], [ "W", 11 ], [ "W", 11 ], [ "R", 22 ], [ "R", 11 ], [ "W", 22 ], [ "W", 11 ], [ "R", 10 ], [ "R", 10 ], [ "R", 1 ], [ "R", 1 ], [ "R", 1 ], [ "R", 24 ], [ "R", 1 ], [ "R", 24 ], [ "R", 24 ], [ "R", 10 ], [ "R", 10 ], [ "R", 1 ], [ "R", 1 ], [ "R", 1 ], [ "R", 24 ], [ "R", 10 ], [ "R", 1 ], [ "R", 24 ], [ "R", 24 ], [ "W", 22 ], [ "R", 11 ], [ "R", 6 ], [ "R", 6 ], [ "R", 11 ], [ "W", 6 ], [ "W", 11 ], [ "R", 10 ], [ "R", 10 ], [ "R", 1 ], [ "R", 1 ], [ "R", 1 ], [ "R", 24 ], [ "R", 1 ], [ "R", 24 ], [ "R", 24 ], [ "W", 6 ], [ "R", 10 ], [ "R", 10 ], [ "R", 1 ], [ "R", 1 ], [ "R", 1 ], [ "R", 24 ], [ "R", 1 ], [ "R", 24 ], [ "R", 24 ], [ "R", 10 ], [ "R", 10 ], [ "R", 16 ], [ "R", 16 ], [ "R", 16 ], [ "R", 24 ], [ "R", 10 ], [ "R", 11 ], [ "R", 6 ], [ "R", 6 ], [ "R", 16 ], [ "R", 10 ], [ "W", 11 ] ]
    } ]
  },
  "ClassificationController.list" : {
    "t" : [ {
      "id" : 0,
      "a" : [ [ "R", 5 ], [ "R", 5 ], [ "R", 5 ], [ "R", 6 ], [ "R", 5 ], [ "R", 20 ] ]
    } ]
  },
  "EnteredManagerController.expel" : {
    "t" : [ {
      "id" : 0,
      "a" : [ [ "R", 11 ], [ "R", 10 ], [ "R", 10 ], [ "R", 1 ], [ "R", 1 ], [ "R", 1 ], [ "R", 24 ], [ "R", 1 ], [ "R", 24 ], [ "R", 24 ], [ "R", 11 ], [ "R", 11 ], [ "R", 11 ], [ "W", 11 ], [ "W", 11 ], [ "R", 10 ], [ "R", 10 ], [ "R", 10 ], [ "R", 1 ], [ "R", 1 ], [ "R", 1 ], [ "R", 24 ], [ "R", 1 ], [ "R", 24 ], [ "R", 24 ], [ "R", 10 ], [ "R", 10 ], [ "R", 22 ], [ "R", 22 ], [ "R", 22 ], [ "R", 24 ], [ "R", 10 ], [ "R", 6 ], [ "R", 6 ], [ "R", 11 ], [ "R", 6 ], [ "R", 6 ], [ "R", 11 ], [ "R", 22 ], [ "R", 6 ], [ "R", 11 ], [ "W", 11 ], [ "W", 22 ], [ "W", 11 ], [ "W", 11 ], [ "W", 11 ], [ "W", 11 ], [ "W", 11 ], [ "W", 11 ], [ "R", 22 ], [ "R", 11 ], [ "W", 22 ], [ "W", 11 ], [ "R", 10 ], [ "R", 10 ], [ "R", 1 ], [ "R", 1 ], [ "R", 1 ], [ "R", 24 ], [ "R", 1 ], [ "R", 24 ], [ "R", 24 ], [ "R", 10 ], [ "R", 10 ], [ "R", 1 ], [ "R", 1 ], [ "R", 1 ], [ "R", 24 ], [ "R", 10 ], [ "R", 1 ], [ "R", 24 ], [ "R", 24 ], [ "W", 22 ], [ "R", 11 ], [ "R", 6 ], [ "R", 6 ], [ "R", 11 ], [ "W", 6 ], [ "W", 11 ], [ "R", 10 ], [ "R", 10 ], [ "R", 1 ], [ "R", 1 ], [ "R", 1 ], [ "R", 24 ], [ "R", 1 ], [ "R", 24 ], [ "R", 24 ], [ "W", 6 ], [ "R", 10 ], [ "R", 10 ], [ "R", 1 ], [ "R", 1 ], [ "R", 1 ], [ "R", 24 ], [ "R", 1 ], [ "R", 24 ], [ "R", 24 ], [ "R", 10 ], [ "R", 10 ], [ "R", 16 ], [ "R", 16 ], [ "R", 16 ], [ "R", 24 ], [ "R", 10 ], [ "R", 11 ], [ "R", 6 ], [ "R", 6 ], [ "R", 16 ], [ "R", 10 ], [ "W", 11 ] ]
    } ]
  },
  "MessageActorController.display" : {
    "t" : [ {
      "id" : 0,
      "a" : [ [ "R", 17 ], [ "R", 10 ], [ "R", 10 ], [ "R", 1 ], [ "R", 1 ], [ "R", 1 ], [ "R", 24 ], [ "R", 1 ], [ "R", 24 ], [ "R", 10 ], [ "R", 17 ], [ "R", 1 ], [ "R", 1 ], [ "R", 24 ], [ "R", 10 ], [ "R", 17 ], [ "R", 1 ], [ "R", 1 ], [ "R", 24 ], [ "R", 10 ], [ "R", 10 ], [ "R", 10 ], [ "R", 1 ], [ "R", 1 ], [ "R", 1 ], [ "R", 24 ], [ "R", 1 ], [ "R", 24 ], [ "R", 10 ], [ "R", 17 ], [ "R", 1 ], [ "R", 1 ], [ "R", 24 ], [ "R", 10 ], [ "R", 17 ], [ "R", 1 ], [ "R", 1 ], [ "R", 24 ], [ "R", 10 ], [ "R", 10 ], [ "R", 10 ], [ "R", 1 ], [ "R", 1 ], [ "R", 1 ], [ "R", 24 ], [ "R", 10 ], [ "R", 14 ], [ "R", 14 ], [ "R", 14 ], [ "R", 1 ], [ "R", 14 ], [ "R", 17 ] ]
    } ]
  },
  "FolderActorController.save" : {
    "t" : [ {
      "id" : 0,
      "a" : [ [ "R", 10 ], [ "R", 10 ], [ "R", 1 ], [ "R", 1 ], [ "R", 1 ], [ "R", 24 ], [ "R", 14 ], [ "R", 10 ], [ "W", 14 ], [ "W", 17 ], [ "W", 14 ], [ "R", 10 ], [ "R", 10 ], [ "R", 1 ], [ "R", 1 ], [ "R", 1 ], [ "R", 24 ], [ "W", 14 ], [ "W", 1 ], [ "R", 10 ], [ "R", 14 ], [ "R", 14 ], [ "R", 1 ], [ "R", 1 ], [ "R", 24 ], [ "R", 10 ], [ "R", 10 ], [ "R", 10 ], [ "R", 1 ], [ "R", 1 ], [ "R", 1 ], [ "R", 24 ], [ "R", 1 ], [ "R", 24 ], [ "R", 10 ], [ "R", 14 ], [ "R", 14 ], [ "W", 14 ], [ "W", 14 ] ]
    } ]
  },
  "EnteredManagerController.accept" : {
    "t" : [ {
      "id" : 0,
      "a" : [ [ "R", 11 ], [ "R", 10 ], [ "R", 10 ], [ "R", 1 ], [ "R", 1 ], [ "R", 1 ], [ "R", 24 ], [ "R", 1 ], [ "R", 24 ], [ "R", 24 ], [ "R", 11 ], [ "R", 22 ], [ "R", 10 ], [ "R", 11 ], [ "R", 11 ], [ "R", 11 ], [ "R", 22 ], [ "R", 11 ], [ "R", 11 ], [ "R", 6 ], [ "R", 11 ], [ "R", 11 ], [ "R", 11 ], [ "W", 11 ], [ "W", 11 ], [ "W", 11 ], [ "R", 10 ], [ "R", 10 ], [ "R", 10 ], [ "R", 1 ], [ "R", 1 ], [ "R", 1 ], [ "R", 24 ], [ "R", 1 ], [ "R", 24 ], [ "R", 24 ], [ "R", 10 ], [ "R", 10 ], [ "R", 22 ], [ "R", 22 ], [ "R", 22 ], [ "R", 24 ], [ "R", 10 ], [ "R", 6 ], [ "R", 6 ], [ "R", 11 ], [ "R", 6 ], [ "R", 6 ], [ "R", 11 ], [ "R", 22 ], [ "R", 6 ], [ "R", 11 ], [ "W", 11 ], [ "W", 22 ], [ "W", 11 ], [ "W", 11 ], [ "W", 11 ], [ "W", 11 ], [ "W", 11 ], [ "W", 11 ], [ "R", 22 ], [ "R", 11 ], [ "W", 22 ], [ "W", 11 ], [ "R", 10 ], [ "R", 10 ], [ "R", 1 ], [ "R", 1 ], [ "R", 1 ], [ "R", 24 ], [ "R", 1 ], [ "R", 24 ], [ "R", 24 ], [ "R", 10 ], [ "R", 10 ], [ "R", 1 ], [ "R", 1 ], [ "R", 1 ], [ "R", 24 ], [ "R", 10 ], [ "R", 1 ], [ "R", 24 ], [ "R", 24 ], [ "W", 22 ], [ "R", 11 ], [ "R", 6 ], [ "R", 6 ], [ "R", 11 ], [ "W", 6 ], [ "W", 11 ], [ "R", 10 ], [ "R", 10 ], [ "R", 1 ], [ "R", 1 ], [ "R", 1 ], [ "R", 24 ], [ "R", 1 ], [ "R", 24 ], [ "R", 24 ], [ "W", 6 ], [ "R", 10 ], [ "R", 10 ], [ "R", 1 ], [ "R", 1 ], [ "R", 1 ], [ "R", 24 ], [ "R", 1 ], [ "R", 24 ], [ "R", 24 ], [ "R", 10 ], [ "R", 10 ], [ "R", 16 ], [ "R", 16 ], [ "R", 16 ], [ "R", 24 ], [ "R", 10 ], [ "R", 11 ], [ "R", 6 ], [ "R", 6 ], [ "R", 16 ], [ "R", 10 ], [ "W", 11 ] ]
    } ]
  },
  "RaceAdministratorController.create" : {
    "t" : [ {
      "id" : 0,
      "a" : [ [ "R", 10 ], [ "R", 10 ], [ "R", 1 ], [ "R", 1 ], [ "R", 1 ], [ "R", 24 ], [ "R", 1 ], [ "R", 24 ], [ "R", 24 ], [ "W", 20 ], [ "W", 5 ], [ "W", 20 ], [ "W", 18 ], [ "W", 8 ], [ "W", 7 ], [ "R", 4 ], [ "R", 15 ] ]
    } ]
  },
  "MessageActorController.addFolderSave" : {
    "t" : [ {
      "id" : 0,
      "a" : [ [ "R", 10 ], [ "R", 10 ], [ "R", 1 ], [ "R", 1 ], [ "R", 1 ], [ "R", 24 ], [ "R", 10 ], [ "R", 14 ], [ "R", 14 ], [ "R", 14 ], [ "R", 1 ], [ "R", 10 ], [ "R", 10 ], [ "R", 1 ], [ "R", 1 ], [ "R", 1 ], [ "R", 24 ], [ "R", 1 ], [ "R", 24 ], [ "R", 10 ], [ "R", 17 ], [ "R", 14 ], [ "R", 14 ], [ "R", 17 ], [ "R", 14 ], [ "R", 1 ], [ "R", 1 ], [ "R", 24 ], [ "R", 10 ], [ "R", 10 ], [ "R", 17 ], [ "R", 10 ], [ "R", 10 ], [ "R", 1 ], [ "R", 1 ], [ "R", 1 ], [ "R", 24 ], [ "R", 1 ], [ "R", 24 ], [ "R", 10 ], [ "R", 17 ], [ "R", 1 ], [ "R", 1 ], [ "R", 24 ], [ "R", 10 ], [ "R", 17 ], [ "R", 1 ], [ "R", 1 ], [ "R", 24 ], [ "R", 10 ], [ "R", 14 ], [ "R", 17 ], [ "R", 14 ], [ "R", 17 ], [ "W", 14 ], [ "R", 10 ], [ "R", 10 ], [ "R", 10 ], [ "R", 1 ], [ "R", 1 ], [ "R", 1 ], [ "R", 24 ], [ "R", 10 ], [ "R", 14 ], [ "R", 14 ], [ "R", 14 ], [ "R", 1 ] ]
    } ]
  },
  "BulletinManagerController.list" : {
    "t" : [ {
      "id" : 0,
      "a" : [ [ "R", 10 ], [ "R", 10 ], [ "R", 16 ], [ "R", 16 ], [ "R", 16 ], [ "R", 24 ], [ "R", 16 ], [ "R", 6 ], [ "R", 6 ], [ "R", 3 ] ]
    } ]
  },
  "CategoryAdministratorController.create" : {
    "t" : [ {
      "id" : 0,
      "a" : [ [ "R", 10 ], [ "R", 10 ], [ "R", 1 ], [ "R", 1 ], [ "R", 1 ], [ "R", 24 ], [ "R", 1 ], [ "R", 24 ], [ "R", 24 ] ]
    } ]
  },
  "ClubManagerController.delete" : {
    "t" : [ {
      "id" : 0,
      "a" : [ [ "R", 16 ], [ "R", 16 ], [ "R", 6 ] ]
    } ]
  },
  "FinancesAdministratorController.edit" : {
    "t" : [ {
      "id" : 0,
      "a" : [ [ "R", 13 ], [ "R", 23 ], [ "R", 15 ] ]
    } ]
  },
  "FeePaymentManagerController.create" : {
    "t" : [ {
      "id" : 0,
      "a" : [ [ "R", 10 ], [ "R", 10 ], [ "R", 1 ], [ "R", 1 ], [ "R", 1 ], [ "R", 24 ], [ "R", 1 ], [ "R", 24 ], [ "R", 24 ], [ "R", 10 ], [ "R", 10 ], [ "R", 16 ], [ "R", 16 ], [ "R", 16 ], [ "R", 24 ], [ "R", 15 ], [ "R", 15 ], [ "R", 16 ], [ "R", 6 ], [ "R", 10 ], [ "R", 15 ], [ "R", 15 ], [ "R", 12 ], [ "R", 15 ], [ "R", 15 ], [ "R", 12 ], [ "R", 6 ] ]
    } ]
  },
  "RunnerController.list" : {
    "t" : [ {
      "id" : 0,
      "a" : [ [ "R", 22 ], [ "R", 22 ], [ "R", 11 ], [ "R", 22 ], [ "R", 22 ], [ "R", 11 ], [ "R", 6 ], [ "R", 22 ], [ "R", 11 ], [ "R", 10 ], [ "R", 10 ], [ "R", 1 ], [ "R", 1 ], [ "R", 1 ], [ "R", 24 ], [ "R", 1 ], [ "R", 24 ], [ "R", 24 ], [ "R", 10 ], [ "R", 10 ], [ "R", 22 ], [ "R", 22 ], [ "R", 22 ], [ "R", 24 ], [ "R", 10 ], [ "R", 10 ], [ "R", 1 ], [ "R", 1 ], [ "R", 1 ], [ "R", 24 ], [ "R", 1 ], [ "R", 24 ], [ "R", 24 ], [ "R", 10 ], [ "R", 10 ], [ "R", 16 ], [ "R", 16 ], [ "R", 16 ], [ "R", 24 ], [ "R", 10 ], [ "R", 10 ], [ "R", 1 ], [ "R", 1 ], [ "R", 1 ], [ "R", 24 ], [ "R", 1 ], [ "R", 24 ], [ "R", 24 ] ]
    } ]
  },
  "ActorController.list" : {
    "t" : [ {
      "id" : 0,
      "a" : [ [ "R", 1 ], [ "R", 1 ], [ "R", 9 ], [ "R", 9 ], [ "R", 9 ], [ "R", 9 ] ]
    } ]
  },
  "EnteredManagerController.deny" : {
    "t" : [ {
      "id" : 0,
      "a" : [ [ "R", 11 ], [ "R", 10 ], [ "R", 10 ], [ "R", 1 ], [ "R", 1 ], [ "R", 1 ], [ "R", 24 ], [ "R", 1 ], [ "R", 24 ], [ "R", 24 ], [ "R", 11 ], [ "R", 11 ], [ "R", 11 ], [ "W", 11 ], [ "W", 11 ], [ "R", 10 ], [ "R", 10 ], [ "R", 10 ], [ "R", 1 ], [ "R", 1 ], [ "R", 1 ], [ "R", 24 ], [ "R", 1 ], [ "R", 24 ], [ "R", 24 ], [ "R", 10 ], [ "R", 10 ], [ "R", 22 ], [ "R", 22 ], [ "R", 22 ], [ "R", 24 ], [ "R", 10 ], [ "R", 6 ], [ "R", 6 ], [ "R", 11 ], [ "R", 6 ], [ "R", 6 ], [ "R", 11 ], [ "R", 22 ], [ "R", 6 ], [ "R", 11 ], [ "W", 11 ], [ "W", 22 ], [ "W", 11 ], [ "W", 11 ], [ "W", 11 ], [ "W", 11 ], [ "W", 11 ], [ "W", 11 ], [ "R", 22 ], [ "R", 11 ], [ "W", 22 ], [ "W", 11 ], [ "R", 10 ], [ "R", 10 ], [ "R", 1 ], [ "R", 1 ], [ "R", 1 ], [ "R", 24 ], [ "R", 1 ], [ "R", 24 ], [ "R", 24 ], [ "R", 10 ], [ "R", 10 ], [ "R", 1 ], [ "R", 1 ], [ "R", 1 ], [ "R", 24 ], [ "R", 10 ], [ "R", 1 ], [ "R", 24 ], [ "R", 24 ], [ "W", 22 ], [ "R", 11 ], [ "R", 6 ], [ "R", 6 ], [ "R", 11 ], [ "W", 6 ], [ "W", 11 ], [ "R", 10 ], [ "R", 10 ], [ "R", 1 ], [ "R", 1 ], [ "R", 1 ], [ "R", 24 ], [ "R", 1 ], [ "R", 24 ], [ "R", 24 ], [ "W", 6 ], [ "R", 10 ], [ "R", 10 ], [ "R", 1 ], [ "R", 1 ], [ "R", 1 ], [ "R", 24 ], [ "R", 1 ], [ "R", 24 ], [ "R", 24 ], [ "R", 10 ], [ "R", 10 ], [ "R", 16 ], [ "R", 16 ], [ "R", 16 ], [ "R", 24 ], [ "R", 10 ], [ "R", 11 ], [ "R", 6 ], [ "R", 6 ], [ "R", 16 ], [ "R", 10 ], [ "W", 11 ] ]
    } ]
  },
  "CurriculumActorController.list" : {
    "t" : [ {
      "id" : 0,
      "a" : [ [ "R", 10 ], [ "R", 10 ], [ "R", 1 ], [ "R", 1 ], [ "R", 1 ], [ "R", 24 ], [ "R", 1 ], [ "R", 1 ], [ "R", 9 ], [ "R", 9 ], [ "R", 9 ], [ "R", 9 ], [ "R", 1 ], [ "R", 1 ] ]
    } ]
  },
  "BulletinManagerController.delete" : {
    "t" : [ {
      "id" : 0,
      "a" : [ [ "R", 3 ], [ "R", 10 ], [ "R", 10 ], [ "R", 10 ], [ "R", 1 ], [ "R", 1 ], [ "R", 1 ], [ "R", 24 ], [ "R", 1 ], [ "R", 24 ], [ "R", 24 ], [ "R", 10 ], [ "R", 10 ], [ "R", 16 ], [ "R", 16 ], [ "R", 16 ], [ "R", 24 ], [ "R", 3 ], [ "R", 6 ], [ "R", 6 ], [ "R", 16 ], [ "R", 10 ], [ "R", 10 ], [ "R", 3 ], [ "R", 6 ], [ "R", 6 ], [ "R", 3 ], [ "R", 10 ], [ "R", 10 ], [ "R", 1 ], [ "R", 1 ], [ "R", 1 ], [ "R", 24 ], [ "R", 1 ], [ "R", 24 ], [ "R", 24 ], [ "R", 10 ], [ "R", 10 ], [ "R", 16 ], [ "R", 16 ], [ "R", 16 ], [ "R", 24 ], [ "R", 6 ], [ "R", 16 ], [ "R", 10 ], [ "R", 10 ], [ "R", 10 ], [ "R", 10 ], [ "R", 1 ], [ "R", 1 ], [ "R", 1 ], [ "R", 24 ], [ "R", 1 ], [ "R", 24 ], [ "R", 24 ], [ "R", 10 ], [ "R", 10 ], [ "R", 22 ], [ "R", 22 ], [ "R", 22 ], [ "R", 24 ], [ "R", 10 ], [ "R", 22 ], [ "R", 22 ], [ "R", 11 ], [ "R", 22 ], [ "R", 22 ], [ "R", 11 ], [ "R", 6 ], [ "R", 22 ], [ "R", 11 ], [ "R", 10 ], [ "R", 10 ], [ "R", 10 ], [ "R", 10 ], [ "R", 1 ], [ "R", 1 ], [ "R", 1 ], [ "R", 24 ], [ "R", 1 ], [ "R", 24 ], [ "R", 24 ], [ "R", 10 ], [ "R", 10 ], [ "R", 21 ], [ "R", 21 ], [ "R", 21 ], [ "R", 24 ], [ "R", 6 ], [ "R", 12 ], [ "R", 12 ], [ "R", 15 ], [ "R", 15 ], [ "R", 21 ], [ "R", 10 ], [ "R", 10 ], [ "R", 10 ], [ "R", 10 ], [ "R", 10 ], [ "R", 16 ], [ "R", 16 ], [ "R", 16 ], [ "R", 24 ], [ "R", 16 ], [ "R", 6 ], [ "W", 6 ], [ "R", 6 ], [ "R", 16 ], [ "W", 16 ], [ "W", 6 ], [ "R", 10 ], [ "R", 10 ], [ "R", 1 ], [ "R", 1 ], [ "R", 1 ], [ "R", 24 ], [ "R", 1 ], [ "R", 24 ], [ "R", 24 ], [ "W", 16 ], [ "W", 6 ], [ "W", 3 ] ]
    } ]
  },
  "LeagueAdministratorController.delete" : {
    "t" : [ {
      "id" : 0,
      "a" : [ [ "R", 15 ], [ "R", 10 ], [ "R", 10 ], [ "R", 10 ], [ "R", 1 ], [ "R", 1 ], [ "R", 1 ], [ "R", 24 ], [ "R", 1 ], [ "R", 24 ], [ "R", 24 ], [ "W", 15 ], [ "R", 21 ] ]
    } ]
  },
  "FolderActorController.list" : {
    "t" : [ {
      "id" : 0,
      "a" : [ [ "R", 10 ], [ "R", 10 ], [ "R", 1 ], [ "R", 1 ], [ "R", 1 ], [ "R", 24 ], [ "R", 10 ], [ "R", 14 ], [ "R", 14 ], [ "R", 14 ], [ "R", 1 ] ]
    } ]
  },
  "BulletinRunnerController.list" : {
    "t" : [ {
      "id" : 0,
      "a" : [ [ "R", 10 ], [ "R", 10 ], [ "R", 22 ], [ "R", 22 ], [ "R", 22 ], [ "R", 24 ], [ "R", 10 ], [ "R", 6 ], [ "R", 6 ], [ "R", 11 ], [ "R", 6 ], [ "R", 6 ], [ "R", 11 ], [ "R", 22 ], [ "R", 6 ], [ "R", 11 ], [ "R", 6 ], [ "R", 3 ] ]
    } ]
  },
  "PunishmentRefereeController.create" : {
    "t" : [ {
      "id" : 0,
      "a" : [ [ "R", 10 ], [ "R", 10 ], [ "R", 1 ], [ "R", 1 ], [ "R", 1 ], [ "R", 24 ], [ "R", 1 ], [ "R", 24 ], [ "R", 24 ], [ "R", 6 ], [ "W", 19 ], [ "W", 6 ], [ "R", 10 ], [ "R", 10 ], [ "R", 1 ], [ "R", 1 ], [ "R", 1 ], [ "R", 24 ], [ "R", 10 ], [ "R", 12 ], [ "R", 12 ], [ "R", 15 ], [ "R", 12 ], [ "R", 15 ], [ "R", 21 ], [ "R", 12 ], [ "R", 6 ] ]
    } ]
  },
  "ClubRunnerController.list" : {
    "t" : [ {
      "id" : 0,
      "a" : [ [ "R", 10 ], [ "R", 10 ], [ "R", 22 ], [ "R", 22 ], [ "R", 22 ], [ "R", 24 ], [ "R", 10 ], [ "R", 6 ], [ "R", 6 ], [ "R", 11 ], [ "R", 6 ], [ "R", 6 ], [ "R", 11 ], [ "R", 22 ], [ "R", 6 ], [ "R", 11 ] ]
    } ]
  },
  "EnteredManagerController.edit" : {
    "t" : [ {
      "id" : 0,
      "a" : [ [ "R", 11 ] ]
    } ]
  },
  "FinancesAdministratorController.save" : {
    "t" : [ {
      "id" : 0,
      "a" : [ [ "R", 23 ], [ "R", 15 ], [ "R", 10 ], [ "R", 10 ], [ "R", 1 ], [ "R", 1 ], [ "R", 1 ], [ "R", 24 ], [ "R", 1 ], [ "R", 24 ], [ "R", 24 ], [ "R", 13 ], [ "W", 13 ], [ "R", 23 ], [ "R", 15 ], [ "R", 23 ], [ "R", 15 ] ]
    } ]
  },
  "CurriculumActorController.edit" : {
    "t" : [ {
      "id" : 0,
      "a" : [ [ "R", 10 ], [ "R", 10 ], [ "R", 1 ], [ "R", 1 ], [ "R", 1 ], [ "R", 24 ], [ "R", 1 ], [ "R", 9 ] ]
    } ]
  },
  "MessageActorController.list" : {
    "t" : [ {
      "id" : 0,
      "a" : [ [ "R", 14 ], [ "R", 14 ], [ "R", 1 ], [ "R", 1 ], [ "R", 24 ], [ "R", 10 ], [ "R", 10 ], [ "R", 10 ], [ "R", 1 ], [ "R", 1 ], [ "R", 1 ], [ "R", 24 ], [ "R", 1 ], [ "R", 24 ], [ "R", 10 ], [ "R", 14 ], [ "R", 1 ], [ "R", 10 ], [ "R", 10 ], [ "R", 1 ], [ "R", 1 ], [ "R", 1 ], [ "R", 24 ], [ "R", 10 ], [ "R", 10 ], [ "R", 10 ], [ "R", 10 ], [ "R", 17 ], [ "R", 17 ], [ "R", 14 ], [ "R", 17 ], [ "R", 17 ], [ "R", 14 ] ]
    } ]
  },
  "ParticipatesManagerController.list" : {
    "t" : [ {
      "id" : 0,
      "a" : [ [ "R", 10 ], [ "R", 10 ], [ "R", 1 ], [ "R", 1 ], [ "R", 1 ], [ "R", 24 ], [ "R", 1 ], [ "R", 24 ], [ "R", 24 ], [ "R", 10 ], [ "R", 10 ], [ "R", 1 ], [ "R", 1 ], [ "R", 1 ], [ "R", 24 ], [ "R", 1 ], [ "R", 24 ], [ "R", 24 ], [ "R", 10 ], [ "R", 10 ], [ "R", 22 ], [ "R", 22 ], [ "R", 22 ], [ "R", 24 ], [ "R", 10 ], [ "R", 6 ], [ "R", 6 ], [ "R", 11 ], [ "R", 6 ], [ "R", 6 ], [ "R", 11 ], [ "R", 22 ], [ "R", 6 ], [ "R", 11 ], [ "R", 10 ], [ "R", 10 ], [ "R", 1 ], [ "R", 1 ], [ "R", 1 ], [ "R", 24 ], [ "R", 1 ], [ "R", 24 ], [ "R", 24 ], [ "R", 10 ], [ "R", 10 ], [ "R", 16 ], [ "R", 16 ], [ "R", 16 ], [ "R", 24 ], [ "R", 16 ], [ "R", 6 ], [ "R", 6 ], [ "R", 11 ], [ "R", 11 ], [ "R", 11 ], [ "R", 22 ], [ "R", 10 ], [ "R", 18 ], [ "R", 18 ], [ "R", 22 ], [ "R", 11 ], [ "R", 18 ], [ "R", 18 ], [ "R", 22 ], [ "R", 18 ], [ "R", 20 ], [ "R", 18 ], [ "R", 20 ], [ "R", 15 ], [ "R", 21 ], [ "R", 18 ], [ "R", 22 ], [ "R", 11 ], [ "R", 6 ], [ "R", 18 ], [ "R", 22 ], [ "R", 11 ] ]
    } ]
  },
  "RaceRunnerController.list" : {
    "t" : [ {
      "id" : 0,
      "a" : [ [ "R", 10 ], [ "R", 10 ], [ "R", 1 ], [ "R", 1 ], [ "R", 1 ], [ "R", 24 ], [ "R", 1 ], [ "R", 24 ], [ "R", 24 ], [ "R", 10 ], [ "R", 10 ], [ "R", 22 ], [ "R", 22 ], [ "R", 22 ], [ "R", 24 ], [ "R", 10 ], [ "R", 6 ], [ "R", 6 ], [ "R", 11 ], [ "R", 6 ], [ "R", 6 ], [ "R", 11 ], [ "R", 22 ], [ "R", 6 ], [ "R", 11 ], [ "R", 10 ], [ "R", 20 ], [ "R", 20 ], [ "R", 18 ], [ "R", 20 ], [ "R", 20 ], [ "R", 18 ], [ "R", 22 ], [ "R", 10 ], [ "R", 10 ], [ "R", 1 ], [ "R", 1 ], [ "R", 1 ], [ "R", 24 ], [ "R", 1 ], [ "R", 24 ], [ "R", 24 ], [ "R", 10 ], [ "R", 10 ], [ "R", 21 ], [ "R", 21 ], [ "R", 21 ], [ "R", 24 ] ]
    } ]
  },
  "EnteredManagerController.list" : {
    "t" : [ {
      "id" : 0,
      "a" : [ [ "R", 10 ], [ "R", 10 ], [ "R", 16 ], [ "R", 16 ], [ "R", 16 ], [ "R", 24 ], [ "R", 16 ], [ "R", 6 ], [ "R", 10 ], [ "R", 10 ], [ "R", 10 ], [ "R", 1 ], [ "R", 1 ], [ "R", 1 ], [ "R", 24 ], [ "R", 1 ], [ "R", 24 ], [ "R", 24 ], [ "R", 11 ], [ "R", 11 ], [ "R", 11 ], [ "R", 6 ] ]
    } ]
  },
  "BulletinManagerController.save" : {
    "t" : [ {
      "id" : 0,
      "a" : [ [ "R", 10 ], [ "R", 10 ], [ "R", 1 ], [ "R", 1 ], [ "R", 1 ], [ "R", 24 ], [ "R", 1 ], [ "R", 24 ], [ "R", 24 ], [ "R", 10 ], [ "R", 10 ], [ "R", 1 ], [ "R", 1 ], [ "R", 1 ], [ "R", 24 ], [ "R", 1 ], [ "R", 24 ], [ "R", 24 ], [ "R", 10 ], [ "R", 10 ], [ "R", 1 ], [ "R", 1 ], [ "R", 1 ], [ "R", 24 ], [ "R", 10 ], [ "R", 10 ], [ "R", 1 ], [ "R", 1 ], [ "R", 1 ], [ "R", 24 ], [ "R", 1 ], [ "R", 24 ], [ "R", 24 ], [ "R", 10 ], [ "R", 10 ], [ "R", 16 ], [ "R", 16 ], [ "R", 16 ], [ "R", 24 ], [ "R", 16 ], [ "R", 6 ], [ "R", 10 ], [ "R", 10 ], [ "R", 1 ], [ "R", 1 ], [ "R", 1 ], [ "R", 24 ], [ "R", 1 ], [ "R", 24 ], [ "R", 24 ], [ "R", 10 ], [ "R", 10 ], [ "R", 22 ], [ "R", 22 ], [ "R", 22 ], [ "R", 24 ], [ "R", 22 ], [ "R", 11 ], [ "R", 11 ], [ "R", 11 ], [ "R", 6 ], [ "W", 3 ], [ "W", 6 ], [ "W", 3 ], [ "W", 3 ], [ "W", 1 ], [ "W", 3 ], [ "R", 6 ], [ "R", 3 ], [ "R", 10 ], [ "R", 10 ], [ "R", 1 ], [ "R", 1 ], [ "R", 1 ], [ "R", 24 ], [ "R", 1 ], [ "R", 24 ], [ "R", 24 ], [ "R", 10 ], [ "R", 10 ], [ "R", 16 ], [ "R", 16 ], [ "R", 16 ], [ "R", 24 ], [ "R", 6 ], [ "R", 16 ], [ "R", 10 ], [ "R", 10 ], [ "R", 10 ], [ "R", 10 ], [ "R", 1 ], [ "R", 1 ], [ "R", 1 ], [ "R", 24 ], [ "R", 1 ], [ "R", 24 ], [ "R", 24 ], [ "R", 10 ], [ "R", 10 ], [ "R", 22 ], [ "R", 22 ], [ "R", 22 ], [ "R", 24 ], [ "R", 10 ], [ "R", 22 ], [ "R", 22 ], [ "R", 11 ], [ "R", 22 ], [ "R", 22 ], [ "R", 11 ], [ "R", 6 ], [ "R", 22 ], [ "R", 11 ], [ "R", 10 ], [ "R", 10 ], [ "R", 10 ], [ "R", 10 ], [ "R", 1 ], [ "R", 1 ], [ "R", 1 ], [ "R", 24 ], [ "R", 1 ], [ "R", 24 ], [ "R", 24 ], [ "R", 10 ], [ "R", 10 ], [ "R", 21 ], [ "R", 21 ], [ "R", 21 ], [ "R", 24 ], [ "R", 6 ], [ "R", 12 ], [ "R", 12 ], [ "R", 15 ], [ "R", 15 ], [ "R", 21 ], [ "R", 10 ], [ "R", 10 ], [ "R", 10 ], [ "R", 10 ], [ "R", 10 ], [ "R", 16 ], [ "R", 16 ], [ "R", 16 ], [ "R", 24 ], [ "R", 16 ], [ "R", 6 ], [ "W", 6 ], [ "R", 6 ], [ "R", 16 ], [ "W", 16 ], [ "W", 6 ], [ "R", 10 ], [ "R", 10 ], [ "R", 1 ], [ "R", 1 ], [ "R", 1 ], [ "R", 24 ], [ "R", 1 ], [ "R", 24 ], [ "R", 24 ], [ "W", 16 ], [ "W", 6 ] ]
    } ]
  },
  "EnteredRunnerController.create" : {
    "t" : [ {
      "id" : 0,
      "a" : [ [ "R", 10 ], [ "R", 10 ], [ "R", 1 ], [ "R", 1 ], [ "R", 1 ], [ "R", 24 ], [ "R", 1 ], [ "R", 24 ], [ "R", 24 ], [ "R", 10 ], [ "R", 10 ], [ "R", 22 ], [ "R", 22 ], [ "R", 22 ], [ "R", 24 ], [ "W", 11 ], [ "W", 22 ], [ "W", 11 ], [ "W", 11 ], [ "W", 11 ], [ "R", 6 ], [ "R", 10 ], [ "R", 10 ], [ "R", 22 ], [ "R", 22 ], [ "R", 22 ], [ "R", 24 ], [ "R", 10 ], [ "R", 6 ], [ "R", 6 ], [ "R", 11 ], [ "R", 6 ], [ "R", 6 ], [ "R", 11 ], [ "R", 22 ] ]
    } ]
  },
  "LeagueAdministratorController.save" : {
    "t" : [ {
      "id" : 0,
      "a" : [ [ "R", 21 ], [ "R", 21 ], [ "R", 10 ], [ "R", 10 ], [ "R", 1 ], [ "R", 1 ], [ "R", 1 ], [ "R", 24 ], [ "R", 1 ], [ "R", 24 ], [ "R", 24 ], [ "W", 15 ], [ "W", 15 ], [ "W", 15 ], [ "W", 19 ], [ "W", 15 ], [ "W", 12 ], [ "W", 15 ], [ "W", 20 ], [ "W", 15 ], [ "W", 13 ], [ "W", 8 ], [ "W", 7 ], [ "W", 15 ], [ "W", 15 ], [ "W", 15 ], [ "W", 15 ], [ "W", 15 ], [ "W", 15 ], [ "W", 15 ], [ "W", 21 ], [ "R", 15 ], [ "W", 15 ], [ "W", 15 ], [ "W", 15 ], [ "W", 15 ], [ "W", 15 ], [ "W", 15 ], [ "W", 21 ], [ "R", 10 ], [ "R", 15 ], [ "R", 10 ], [ "R", 10 ], [ "R", 1 ], [ "R", 1 ], [ "R", 1 ], [ "R", 24 ], [ "R", 1 ], [ "R", 24 ], [ "R", 24 ], [ "W", 15 ], [ "W", 15 ], [ "R", 15 ], [ "R", 15 ], [ "W", 15 ], [ "R", 21 ] ]
    } ]
  },
  "SponsorAdministratorController.create" : {
    "t" : [ {
      "id" : 0,
      "a" : [ [ "R", 10 ], [ "R", 10 ], [ "R", 1 ], [ "R", 1 ], [ "R", 1 ], [ "R", 24 ], [ "R", 1 ], [ "R", 24 ], [ "R", 24 ], [ "W", 23 ], [ "W", 13 ] ]
    } ]
  },
  "EnteredRunnerController.save" : {
    "t" : [ {
      "id" : 0,
      "a" : [ [ "R", 6 ], [ "R", 10 ], [ "R", 10 ], [ "R", 22 ], [ "R", 22 ], [ "R", 22 ], [ "R", 24 ], [ "R", 10 ], [ "R", 6 ], [ "R", 6 ], [ "R", 11 ], [ "R", 6 ], [ "R", 6 ], [ "R", 11 ], [ "R", 22 ], [ "R", 10 ], [ "R", 10 ], [ "R", 10 ], [ "R", 1 ], [ "R", 1 ], [ "R", 1 ], [ "R", 24 ], [ "R", 1 ], [ "R", 24 ], [ "R", 24 ], [ "R", 10 ], [ "R", 10 ], [ "R", 22 ], [ "R", 22 ], [ "R", 22 ], [ "R", 24 ], [ "R", 10 ], [ "R", 6 ], [ "R", 6 ], [ "R", 11 ], [ "R", 6 ], [ "R", 6 ], [ "R", 11 ], [ "R", 22 ], [ "R", 6 ], [ "R", 11 ], [ "W", 11 ], [ "W", 22 ], [ "W", 11 ], [ "W", 11 ], [ "W", 11 ], [ "W", 11 ], [ "W", 11 ], [ "W", 11 ], [ "R", 22 ], [ "R", 11 ], [ "W", 22 ], [ "W", 11 ], [ "R", 10 ], [ "R", 10 ], [ "R", 1 ], [ "R", 1 ], [ "R", 1 ], [ "R", 24 ], [ "R", 1 ], [ "R", 24 ], [ "R", 24 ], [ "R", 10 ], [ "R", 10 ], [ "R", 1 ], [ "R", 1 ], [ "R", 1 ], [ "R", 24 ], [ "R", 10 ], [ "R", 1 ], [ "R", 24 ], [ "R", 24 ], [ "W", 22 ], [ "R", 11 ], [ "R", 6 ], [ "R", 6 ], [ "R", 11 ], [ "W", 6 ], [ "W", 11 ], [ "R", 10 ], [ "R", 10 ], [ "R", 1 ], [ "R", 1 ], [ "R", 1 ], [ "R", 24 ], [ "R", 1 ], [ "R", 24 ], [ "R", 24 ], [ "W", 6 ], [ "R", 10 ], [ "R", 10 ], [ "R", 1 ], [ "R", 1 ], [ "R", 1 ], [ "R", 24 ], [ "R", 1 ], [ "R", 24 ], [ "R", 24 ], [ "R", 10 ], [ "R", 10 ], [ "R", 16 ], [ "R", 16 ], [ "R", 16 ], [ "R", 24 ], [ "R", 10 ], [ "R", 11 ], [ "R", 6 ], [ "R", 6 ], [ "R", 16 ], [ "R", 10 ], [ "W", 11 ], [ "R", 6 ], [ "R", 10 ], [ "R", 10 ], [ "R", 22 ], [ "R", 22 ], [ "R", 22 ], [ "R", 24 ], [ "R", 10 ], [ "R", 6 ], [ "R", 6 ], [ "R", 11 ], [ "R", 6 ], [ "R", 6 ], [ "R", 11 ], [ "R", 22 ] ]
    } ]
  },
  "RefereeAdministratorController.save" : {
    "t" : [ {
      "id" : 0,
      "a" : [ [ "R", 10 ], [ "R", 10 ], [ "R", 1 ], [ "R", 1 ], [ "R", 1 ], [ "R", 24 ], [ "R", 10 ], [ "R", 10 ], [ "R", 1 ], [ "R", 1 ], [ "R", 1 ], [ "R", 24 ], [ "R", 1 ], [ "R", 24 ], [ "W", 24 ], [ "W", 24 ], [ "R", 24 ], [ "W", 24 ], [ "R", 24 ], [ "R", 10 ], [ "R", 10 ], [ "R", 22 ], [ "R", 22 ], [ "R", 22 ], [ "R", 24 ], [ "W", 1 ], [ "W", 1 ], [ "W", 1 ], [ "W", 1 ], [ "W", 24 ], [ "W", 1 ], [ "R", 10 ], [ "R", 10 ], [ "R", 1 ], [ "R", 1 ], [ "R", 1 ], [ "R", 24 ], [ "R", 1 ], [ "R", 24 ], [ "R", 24 ], [ "R", 10 ], [ "R", 10 ], [ "R", 1 ], [ "R", 1 ], [ "R", 1 ], [ "R", 24 ], [ "R", 10 ], [ "R", 1 ], [ "R", 24 ], [ "R", 24 ], [ "W", 22 ], [ "R", 10 ], [ "R", 10 ], [ "R", 10 ], [ "R", 2 ], [ "R", 2 ], [ "R", 2 ], [ "R", 24 ], [ "W", 1 ], [ "W", 1 ], [ "W", 1 ], [ "W", 1 ], [ "W", 24 ], [ "W", 1 ], [ "W", 2 ], [ "R", 10 ], [ "R", 10 ], [ "R", 10 ], [ "R", 16 ], [ "R", 16 ], [ "R", 16 ], [ "R", 24 ], [ "W", 1 ], [ "W", 1 ], [ "W", 1 ], [ "W", 1 ], [ "W", 24 ], [ "W", 1 ], [ "R", 10 ], [ "R", 10 ], [ "R", 1 ], [ "R", 1 ], [ "R", 1 ], [ "R", 24 ], [ "R", 1 ], [ "R", 24 ], [ "R", 24 ], [ "R", 10 ], [ "R", 10 ], [ "R", 1 ], [ "R", 1 ], [ "R", 1 ], [ "R", 24 ], [ "R", 1 ], [ "R", 24 ], [ "R", 24 ], [ "R", 10 ], [ "R", 1 ], [ "R", 24 ], [ "R", 24 ], [ "W", 16 ], [ "R", 10 ], [ "R", 10 ], [ "R", 10 ], [ "R", 21 ], [ "R", 21 ], [ "R", 21 ], [ "R", 24 ], [ "W", 1 ], [ "W", 1 ], [ "W", 1 ], [ "W", 1 ], [ "W", 24 ], [ "W", 1 ], [ "R", 10 ], [ "R", 10 ], [ "R", 1 ], [ "R", 1 ], [ "R", 1 ], [ "R", 24 ], [ "R", 1 ], [ "R", 24 ], [ "R", 24 ], [ "R", 10 ], [ "R", 10 ], [ "R", 1 ], [ "R", 1 ], [ "R", 1 ], [ "R", 24 ], [ "R", 1 ], [ "R", 24 ], [ "R", 24 ], [ "R", 10 ], [ "R", 1 ], [ "R", 24 ], [ "R", 24 ], [ "W", 21 ], [ "R", 10 ], [ "R", 1 ], [ "W", 24 ], [ "W", 24 ], [ "W", 24 ], [ "W", 24 ], [ "R", 24 ], [ "W", 24 ], [ "R", 10 ], [ "R", 10 ], [ "R", 1 ], [ "R", 1 ], [ "R", 1 ], [ "R", 24 ], [ "W", 1 ], [ "W", 7 ], [ "W", 1 ], [ "W", 17 ], [ "W", 1 ], [ "W", 17 ], [ "W", 22 ], [ "W", 11 ], [ "W", 22 ], [ "W", 18 ], [ "W", 24 ], [ "W", 24 ], [ "W", 1 ], [ "W", 24 ], [ "W", 1 ], [ "W", 1 ], [ "W", 1 ], [ "W", 1 ], [ "W", 24 ], [ "W", 1 ], [ "W", 14 ], [ "W", 17 ], [ "W", 14 ], [ "W", 14 ], [ "W", 14 ], [ "W", 14 ], [ "W", 1 ], [ "W", 1 ], [ "W", 14 ], [ "R", 10 ], [ "R", 10 ], [ "R", 1 ], [ "R", 1 ], [ "R", 1 ], [ "R", 24 ], [ "R", 1 ], [ "R", 24 ], [ "R", 24 ], [ "R", 10 ], [ "R", 10 ], [ "R", 1 ], [ "R", 1 ], [ "R", 1 ], [ "R", 24 ], [ "R", 10 ], [ "R", 1 ], [ "R", 24 ], [ "R", 24 ], [ "W", 22 ], [ "R", 10 ], [ "R", 10 ], [ "R", 10 ], [ "R", 1 ], [ "R", 1 ], [ "R", 1 ], [ "R", 24 ], [ "R", 1 ], [ "R", 24 ], [ "R", 24 ], [ "W", 1 ], [ "W", 7 ], [ "W", 1 ], [ "W", 17 ], [ "W", 1 ], [ "W", 17 ], [ "W", 24 ], [ "W", 24 ], [ "W", 1 ], [ "W", 24 ], [ "W", 1 ], [ "W", 1 ], [ "W", 1 ], [ "W", 1 ], [ "W", 24 ], [ "W", 1 ], [ "W", 14 ], [ "W", 17 ], [ "W", 14 ], [ "W", 14 ], [ "W", 14 ], [ "W", 14 ], [ "W", 1 ], [ "W", 1 ], [ "W", 14 ], [ "R", 10 ], [ "R", 10 ], [ "R", 1 ], [ "R", 1 ], [ "R", 1 ], [ "R", 24 ], [ "R", 1 ], [ "R", 24 ], [ "R", 24 ], [ "R", 10 ], [ "R", 10 ], [ "R", 1 ], [ "R", 1 ], [ "R", 1 ], [ "R", 24 ], [ "R", 1 ], [ "R", 24 ], [ "R", 24 ], [ "R", 10 ], [ "R", 1 ], [ "R", 24 ], [ "R", 24 ], [ "W", 16 ], [ "R", 10 ], [ "R", 10 ], [ "R", 10 ], [ "R", 1 ], [ "R", 1 ], [ "R", 1 ], [ "R", 24 ], [ "R", 1 ], [ "R", 24 ], [ "R", 24 ], [ "W", 1 ], [ "W", 7 ], [ "W", 1 ], [ "W", 17 ], [ "W", 1 ], [ "W", 17 ], [ "W", 24 ], [ "W", 24 ], [ "W", 1 ], [ "W", 24 ], [ "W", 1 ], [ "W", 1 ], [ "W", 1 ], [ "W", 1 ], [ "W", 24 ], [ "W", 1 ], [ "W", 14 ], [ "W", 17 ], [ "W", 14 ], [ "W", 14 ], [ "W", 14 ], [ "W", 14 ], [ "W", 1 ], [ "W", 1 ], [ "W", 14 ], [ "R", 10 ], [ "R", 10 ], [ "R", 1 ], [ "R", 1 ], [ "R", 1 ], [ "R", 24 ], [ "R", 1 ], [ "R", 24 ], [ "R", 24 ], [ "R", 10 ], [ "R", 10 ], [ "R", 1 ], [ "R", 1 ], [ "R", 1 ], [ "R", 24 ], [ "R", 1 ], [ "R", 24 ], [ "R", 24 ], [ "R", 10 ], [ "R", 1 ], [ "R", 24 ], [ "R", 24 ], [ "W", 21 ], [ "R", 10 ], [ "R", 1 ], [ "W", 14 ], [ "W", 17 ], [ "W", 14 ], [ "W", 14 ], [ "W", 14 ], [ "W", 14 ], [ "W", 1 ], [ "W", 1 ], [ "W", 14 ], [ "W", 14 ] ]
    } ]
  },
  "CurriculumActorController.delete" : {
    "t" : [ {
      "id" : 0,
      "a" : [ [ "R", 10 ], [ "R", 10 ], [ "R", 1 ], [ "R", 1 ], [ "R", 1 ], [ "R", 24 ], [ "R", 1 ], [ "R", 24 ], [ "R", 24 ], [ "R", 10 ], [ "R", 10 ], [ "R", 10 ], [ "R", 10 ], [ "R", 1 ], [ "R", 1 ], [ "R", 1 ], [ "R", 24 ], [ "R", 1 ], [ "R", 1 ], [ "R", 1 ], [ "R", 9 ], [ "R", 10 ], [ "R", 10 ], [ "R", 1 ], [ "R", 1 ], [ "R", 1 ], [ "R", 24 ], [ "W", 1 ], [ "W", 9 ], [ "W", 9 ] ]
    } ]
  },
  "LeagueAdministratorController.edit" : {
    "t" : [ {
      "id" : 0,
      "a" : [ [ "R", 15 ], [ "R", 15 ], [ "R", 15 ], [ "R", 15 ], [ "R", 15 ], [ "R", 15 ], [ "R", 15 ], [ "R", 21 ], [ "R", 10 ], [ "R", 21 ] ]
    } ]
  },
  "ManagerAdministratorController.save" : {
    "t" : [ {
      "id" : 0,
      "a" : [ [ "R", 10 ], [ "R", 10 ], [ "R", 1 ], [ "R", 1 ], [ "R", 1 ], [ "R", 24 ], [ "R", 10 ], [ "R", 10 ], [ "R", 1 ], [ "R", 1 ], [ "R", 1 ], [ "R", 24 ], [ "R", 1 ], [ "R", 24 ], [ "W", 24 ], [ "W", 24 ], [ "R", 24 ], [ "W", 24 ], [ "R", 24 ], [ "R", 10 ], [ "R", 10 ], [ "R", 22 ], [ "R", 22 ], [ "R", 22 ], [ "R", 24 ], [ "W", 1 ], [ "W", 1 ], [ "W", 1 ], [ "W", 1 ], [ "W", 24 ], [ "W", 1 ], [ "R", 10 ], [ "R", 10 ], [ "R", 1 ], [ "R", 1 ], [ "R", 1 ], [ "R", 24 ], [ "R", 1 ], [ "R", 24 ], [ "R", 24 ], [ "R", 10 ], [ "R", 10 ], [ "R", 1 ], [ "R", 1 ], [ "R", 1 ], [ "R", 24 ], [ "R", 10 ], [ "R", 1 ], [ "R", 24 ], [ "R", 24 ], [ "W", 22 ], [ "R", 10 ], [ "R", 10 ], [ "R", 10 ], [ "R", 2 ], [ "R", 2 ], [ "R", 2 ], [ "R", 24 ], [ "W", 1 ], [ "W", 1 ], [ "W", 1 ], [ "W", 1 ], [ "W", 24 ], [ "W", 1 ], [ "W", 2 ], [ "R", 10 ], [ "R", 10 ], [ "R", 10 ], [ "R", 16 ], [ "R", 16 ], [ "R", 16 ], [ "R", 24 ], [ "W", 1 ], [ "W", 1 ], [ "W", 1 ], [ "W", 1 ], [ "W", 24 ], [ "W", 1 ], [ "R", 10 ], [ "R", 10 ], [ "R", 1 ], [ "R", 1 ], [ "R", 1 ], [ "R", 24 ], [ "R", 1 ], [ "R", 24 ], [ "R", 24 ], [ "R", 10 ], [ "R", 10 ], [ "R", 1 ], [ "R", 1 ], [ "R", 1 ], [ "R", 24 ], [ "R", 1 ], [ "R", 24 ], [ "R", 24 ], [ "R", 10 ], [ "R", 1 ], [ "R", 24 ], [ "R", 24 ], [ "W", 16 ], [ "R", 10 ], [ "R", 10 ], [ "R", 10 ], [ "R", 21 ], [ "R", 21 ], [ "R", 21 ], [ "R", 24 ], [ "W", 1 ], [ "W", 1 ], [ "W", 1 ], [ "W", 1 ], [ "W", 24 ], [ "W", 1 ], [ "R", 10 ], [ "R", 10 ], [ "R", 1 ], [ "R", 1 ], [ "R", 1 ], [ "R", 24 ], [ "R", 1 ], [ "R", 24 ], [ "R", 24 ], [ "R", 10 ], [ "R", 10 ], [ "R", 1 ], [ "R", 1 ], [ "R", 1 ], [ "R", 24 ], [ "R", 1 ], [ "R", 24 ], [ "R", 24 ], [ "R", 10 ], [ "R", 1 ], [ "R", 24 ], [ "R", 24 ], [ "W", 21 ], [ "R", 10 ], [ "R", 1 ], [ "W", 24 ], [ "W", 24 ], [ "W", 24 ], [ "W", 24 ], [ "R", 24 ], [ "W", 24 ], [ "R", 10 ], [ "R", 10 ], [ "R", 1 ], [ "R", 1 ], [ "R", 1 ], [ "R", 24 ], [ "W", 1 ], [ "W", 7 ], [ "W", 1 ], [ "W", 17 ], [ "W", 1 ], [ "W", 17 ], [ "W", 22 ], [ "W", 11 ], [ "W", 22 ], [ "W", 18 ], [ "W", 24 ], [ "W", 24 ], [ "W", 1 ], [ "W", 24 ], [ "W", 1 ], [ "W", 1 ], [ "W", 1 ], [ "W", 1 ], [ "W", 24 ], [ "W", 1 ], [ "W", 14 ], [ "W", 17 ], [ "W", 14 ], [ "W", 14 ], [ "W", 14 ], [ "W", 14 ], [ "W", 1 ], [ "W", 1 ], [ "W", 14 ], [ "R", 10 ], [ "R", 10 ], [ "R", 1 ], [ "R", 1 ], [ "R", 1 ], [ "R", 24 ], [ "R", 1 ], [ "R", 24 ], [ "R", 24 ], [ "R", 10 ], [ "R", 10 ], [ "R", 1 ], [ "R", 1 ], [ "R", 1 ], [ "R", 24 ], [ "R", 10 ], [ "R", 1 ], [ "R", 24 ], [ "R", 24 ], [ "W", 22 ], [ "R", 10 ], [ "R", 10 ], [ "R", 10 ], [ "R", 1 ], [ "R", 1 ], [ "R", 1 ], [ "R", 24 ], [ "R", 1 ], [ "R", 24 ], [ "R", 24 ], [ "W", 1 ], [ "W", 7 ], [ "W", 1 ], [ "W", 17 ], [ "W", 1 ], [ "W", 17 ], [ "W", 24 ], [ "W", 24 ], [ "W", 1 ], [ "W", 24 ], [ "W", 1 ], [ "W", 1 ], [ "W", 1 ], [ "W", 1 ], [ "W", 24 ], [ "W", 1 ], [ "W", 14 ], [ "W", 17 ], [ "W", 14 ], [ "W", 14 ], [ "W", 14 ], [ "W", 14 ], [ "W", 1 ], [ "W", 1 ], [ "W", 14 ], [ "R", 10 ], [ "R", 10 ], [ "R", 1 ], [ "R", 1 ], [ "R", 1 ], [ "R", 24 ], [ "R", 1 ], [ "R", 24 ], [ "R", 24 ], [ "R", 10 ], [ "R", 10 ], [ "R", 1 ], [ "R", 1 ], [ "R", 1 ], [ "R", 24 ], [ "R", 1 ], [ "R", 24 ], [ "R", 24 ], [ "R", 10 ], [ "R", 1 ], [ "R", 24 ], [ "R", 24 ], [ "W", 16 ], [ "R", 10 ], [ "R", 10 ], [ "R", 10 ], [ "R", 1 ], [ "R", 1 ], [ "R", 1 ], [ "R", 24 ], [ "R", 1 ], [ "R", 24 ], [ "R", 24 ], [ "W", 1 ], [ "W", 7 ], [ "W", 1 ], [ "W", 17 ], [ "W", 1 ], [ "W", 17 ], [ "W", 24 ], [ "W", 24 ], [ "W", 1 ], [ "W", 24 ], [ "W", 1 ], [ "W", 1 ], [ "W", 1 ], [ "W", 1 ], [ "W", 24 ], [ "W", 1 ], [ "W", 14 ], [ "W", 17 ], [ "W", 14 ], [ "W", 14 ], [ "W", 14 ], [ "W", 14 ], [ "W", 1 ], [ "W", 1 ], [ "W", 14 ], [ "R", 10 ], [ "R", 10 ], [ "R", 1 ], [ "R", 1 ], [ "R", 1 ], [ "R", 24 ], [ "R", 1 ], [ "R", 24 ], [ "R", 24 ], [ "R", 10 ], [ "R", 10 ], [ "R", 1 ], [ "R", 1 ], [ "R", 1 ], [ "R", 24 ], [ "R", 1 ], [ "R", 24 ], [ "R", 24 ], [ "R", 10 ], [ "R", 1 ], [ "R", 24 ], [ "R", 24 ], [ "W", 21 ], [ "R", 10 ], [ "R", 1 ], [ "W", 14 ], [ "W", 17 ], [ "W", 14 ], [ "W", 14 ], [ "W", 14 ], [ "W", 14 ], [ "W", 1 ], [ "W", 1 ], [ "W", 14 ], [ "W", 14 ] ]
    } ]
  },
  "RaceAdministratorController.save" : {
    "t" : [ {
      "id" : 0,
      "a" : [ [ "R", 4 ], [ "R", 15 ], [ "R", 10 ], [ "R", 10 ], [ "R", 10 ], [ "R", 1 ], [ "R", 1 ], [ "R", 1 ], [ "R", 24 ], [ "R", 1 ], [ "R", 24 ], [ "R", 24 ], [ "R", 20 ], [ "W", 20 ], [ "R", 20 ], [ "R", 15 ], [ "R", 15 ], [ "R", 20 ], [ "R", 10 ], [ "R", 15 ], [ "R", 10 ], [ "R", 10 ], [ "R", 1 ], [ "R", 1 ], [ "R", 1 ], [ "R", 24 ], [ "R", 1 ], [ "R", 24 ], [ "R", 24 ], [ "W", 15 ], [ "W", 15 ], [ "R", 15 ], [ "R", 15 ], [ "W", 15 ], [ "R", 10 ], [ "R", 20 ], [ "R", 20 ], [ "R", 15 ], [ "R", 15 ], [ "R", 20 ], [ "R", 10 ], [ "R", 15 ], [ "R", 10 ], [ "R", 10 ], [ "R", 1 ], [ "R", 1 ], [ "R", 1 ], [ "R", 24 ], [ "R", 1 ], [ "R", 24 ], [ "R", 24 ], [ "W", 15 ], [ "W", 15 ], [ "R", 15 ], [ "R", 15 ], [ "W", 15 ], [ "R", 20 ], [ "W", 20 ], [ "R", 20 ], [ "W", 20 ], [ "R", 20 ], [ "W", 20 ], [ "R", 20 ], [ "R", 4 ], [ "W", 20 ], [ "W", 4 ], [ "R", 20 ], [ "R", 15 ], [ "W", 20 ], [ "W", 15 ], [ "W", 20 ], [ "R", 20 ], [ "R", 15 ], [ "R", 15 ], [ "R", 20 ], [ "R", 10 ], [ "R", 15 ], [ "R", 10 ], [ "R", 10 ], [ "R", 1 ], [ "R", 1 ], [ "R", 1 ], [ "R", 24 ], [ "R", 1 ], [ "R", 24 ], [ "R", 24 ], [ "W", 15 ], [ "W", 15 ], [ "R", 15 ], [ "R", 15 ], [ "W", 15 ], [ "R", 4 ], [ "R", 15 ] ]
    } ]
  },
  "CategoryAdministratorController.delete" : {
    "t" : [ {
      "id" : 0,
      "a" : [ [ "R", 10 ], [ "R", 10 ], [ "R", 10 ], [ "R", 1 ], [ "R", 1 ], [ "R", 1 ], [ "R", 24 ], [ "R", 1 ], [ "R", 24 ], [ "R", 24 ], [ "W", 4 ] ]
    } ]
  },
  "FolderActorController.delete" : {
    "t" : [ {
      "id" : 0,
      "a" : [ [ "R", 10 ], [ "R", 14 ], [ "R", 1 ], [ "R", 10 ], [ "R", 10 ], [ "R", 1 ], [ "R", 1 ], [ "R", 1 ], [ "R", 24 ], [ "R", 10 ], [ "R", 10 ], [ "R", 10 ], [ "R", 14 ], [ "W", 14 ] ]
    } ]
  },
  "ParticipatesRefereeController.create" : {
    "t" : [ {
      "id" : 0,
      "a" : [ [ "R", 10 ], [ "R", 10 ], [ "R", 1 ], [ "R", 1 ], [ "R", 1 ], [ "R", 24 ], [ "R", 18 ] ]
    } ]
  },
  "LeagueAdministratorController.create" : {
    "t" : [ {
      "id" : 0,
      "a" : [ [ "R", 21 ] ]
    } ]
  },
  "ClubManagerController.edit" : {
    "t" : [ {
      "id" : 0,
      "a" : [ [ "R", 6 ], [ "R", 6 ], [ "R", 6 ], [ "R", 6 ] ]
    } ]
  },
  "ClubManagerController.list" : {
    "t" : [ {
      "id" : 0,
      "a" : [ [ "R", 10 ], [ "R", 10 ], [ "R", 16 ], [ "R", 16 ], [ "R", 16 ], [ "R", 24 ], [ "R", 16 ], [ "R", 6 ] ]
    } ]
  },
  "CategoryAdministratorController.edit" : {
    "t" : [ {
      "id" : 0,
      "a" : [ [ "R", 4 ] ]
    } ]
  },
  "BulletinRunnerController.save" : {
    "t" : [ {
      "id" : 0,
      "a" : [ [ "R", 10 ], [ "R", 10 ], [ "R", 1 ], [ "R", 1 ], [ "R", 1 ], [ "R", 24 ], [ "R", 1 ], [ "R", 24 ], [ "R", 24 ], [ "R", 10 ], [ "R", 10 ], [ "R", 1 ], [ "R", 1 ], [ "R", 1 ], [ "R", 24 ], [ "R", 1 ], [ "R", 24 ], [ "R", 24 ], [ "R", 10 ], [ "R", 10 ], [ "R", 1 ], [ "R", 1 ], [ "R", 1 ], [ "R", 24 ], [ "R", 10 ], [ "R", 10 ], [ "R", 1 ], [ "R", 1 ], [ "R", 1 ], [ "R", 24 ], [ "R", 1 ], [ "R", 24 ], [ "R", 24 ], [ "R", 10 ], [ "R", 10 ], [ "R", 16 ], [ "R", 16 ], [ "R", 16 ], [ "R", 24 ], [ "R", 16 ], [ "R", 6 ], [ "R", 10 ], [ "R", 10 ], [ "R", 1 ], [ "R", 1 ], [ "R", 1 ], [ "R", 24 ], [ "R", 1 ], [ "R", 24 ], [ "R", 24 ], [ "R", 10 ], [ "R", 10 ], [ "R", 22 ], [ "R", 22 ], [ "R", 22 ], [ "R", 24 ], [ "R", 22 ], [ "R", 11 ], [ "R", 11 ], [ "R", 11 ], [ "R", 6 ], [ "W", 3 ], [ "W", 6 ], [ "W", 3 ], [ "W", 3 ], [ "W", 1 ], [ "W", 3 ], [ "R", 6 ], [ "R", 3 ], [ "R", 10 ], [ "R", 10 ], [ "R", 1 ], [ "R", 1 ], [ "R", 1 ], [ "R", 24 ], [ "R", 1 ], [ "R", 24 ], [ "R", 24 ], [ "R", 10 ], [ "R", 10 ], [ "R", 16 ], [ "R", 16 ], [ "R", 16 ], [ "R", 24 ], [ "R", 6 ], [ "R", 16 ], [ "R", 10 ], [ "R", 10 ], [ "R", 10 ], [ "R", 10 ], [ "R", 1 ], [ "R", 1 ], [ "R", 1 ], [ "R", 24 ], [ "R", 1 ], [ "R", 24 ], [ "R", 24 ], [ "R", 10 ], [ "R", 10 ], [ "R", 22 ], [ "R", 22 ], [ "R", 22 ], [ "R", 24 ], [ "R", 10 ], [ "R", 22 ], [ "R", 22 ], [ "R", 11 ], [ "R", 22 ], [ "R", 22 ], [ "R", 11 ], [ "R", 6 ], [ "R", 22 ], [ "R", 11 ], [ "R", 10 ], [ "R", 10 ], [ "R", 10 ], [ "R", 10 ], [ "R", 1 ], [ "R", 1 ], [ "R", 1 ], [ "R", 24 ], [ "R", 1 ], [ "R", 24 ], [ "R", 24 ], [ "R", 10 ], [ "R", 10 ], [ "R", 21 ], [ "R", 21 ], [ "R", 21 ], [ "R", 24 ], [ "R", 6 ], [ "R", 12 ], [ "R", 12 ], [ "R", 15 ], [ "R", 15 ], [ "R", 21 ], [ "R", 10 ], [ "R", 10 ], [ "R", 10 ], [ "R", 10 ], [ "R", 10 ], [ "R", 16 ], [ "R", 16 ], [ "R", 16 ], [ "R", 24 ], [ "R", 16 ], [ "R", 6 ], [ "W", 6 ], [ "R", 6 ], [ "R", 16 ], [ "W", 16 ], [ "W", 6 ], [ "R", 10 ], [ "R", 10 ], [ "R", 1 ], [ "R", 1 ], [ "R", 1 ], [ "R", 24 ], [ "R", 1 ], [ "R", 24 ], [ "R", 24 ], [ "W", 16 ], [ "W", 6 ] ]
    } ]
  },
  "CategoryAdministratorController.save" : {
    "t" : [ {
      "id" : 0,
      "a" : [ [ "R", 10 ], [ "R", 10 ], [ "R", 1 ], [ "R", 1 ], [ "R", 1 ], [ "R", 24 ], [ "R", 1 ], [ "R", 24 ], [ "R", 24 ], [ "W", 4 ] ]
    } ]
  },
  "MessageActorController.create" : {
    "t" : [ {
      "id" : 0,
      "a" : [ [ "W", 17 ], [ "W", 14 ], [ "W", 17 ], [ "W", 1 ], [ "R", 10 ], [ "R", 10 ], [ "R", 1 ], [ "R", 1 ], [ "R", 1 ], [ "R", 24 ], [ "W", 17 ], [ "W", 1 ], [ "W", 17 ], [ "R", 1 ] ]
    } ]
  },
  "CommentAdministratorController.create" : {
    "t" : [ {
      "id" : 0,
      "a" : [ [ "R", 7 ], [ "R", 7 ], [ "R", 8 ], [ "R", 10 ], [ "R", 10 ], [ "R", 7 ], [ "R", 10 ], [ "R", 10 ], [ "R", 1 ], [ "R", 1 ], [ "R", 1 ], [ "R", 24 ], [ "R", 1 ], [ "R", 24 ], [ "R", 24 ], [ "W", 7 ], [ "W", 7 ] ]
    } ]
  },
  "SponsorAdministratorController.save" : {
    "t" : [ {
      "id" : 0,
      "a" : [ [ "R", 10 ], [ "R", 10 ], [ "R", 1 ], [ "R", 1 ], [ "R", 1 ], [ "R", 24 ], [ "R", 1 ], [ "R", 24 ], [ "R", 24 ], [ "R", 10 ], [ "R", 10 ], [ "R", 10 ], [ "R", 1 ], [ "R", 1 ], [ "R", 1 ], [ "R", 24 ], [ "R", 1 ], [ "R", 24 ], [ "R", 24 ], [ "W", 23 ], [ "W", 13 ], [ "R", 10 ], [ "R", 23 ], [ "R", 23 ], [ "W", 23 ], [ "R", 23 ], [ "W", 23 ], [ "R", 23 ], [ "W", 23 ], [ "W", 23 ] ]
    } ]
  },
  "DashboardAdministratorController.list" : {
    "t" : [ {
      "id" : 0,
      "a" : [ [ "R", 15 ], [ "R", 6 ], [ "R", 10 ], [ "R", 6 ], [ "R", 6 ], [ "R", 12 ], [ "R", 6 ], [ "R", 6 ], [ "R", 12 ], [ "R", 15 ], [ "R", 6 ], [ "R", 5 ], [ "R", 5 ], [ "R", 20 ], [ "R", 20 ], [ "R", 15 ], [ "R", 10 ], [ "R", 5 ], [ "R", 6 ], [ "R", 19 ], [ "R", 19 ], [ "R", 15 ], [ "R", 10 ], [ "R", 19 ], [ "R", 10 ], [ "R", 6 ], [ "R", 10 ], [ "R", 10 ], [ "R", 10 ], [ "R", 6 ], [ "R", 6 ], [ "R", 5 ], [ "R", 6 ], [ "R", 6 ], [ "R", 5 ], [ "R", 6 ], [ "R", 6 ], [ "R", 5 ], [ "R", 6 ], [ "R", 6 ], [ "R", 5 ], [ "R", 6 ], [ "R", 5 ], [ "R", 6 ], [ "R", 5 ], [ "R", 6 ], [ "R", 5 ], [ "R", 6 ], [ "R", 6 ], [ "R", 11 ], [ "R", 6 ], [ "R", 6 ], [ "R", 11 ], [ "R", 6 ], [ "R", 11 ], [ "R", 6 ], [ "R", 11 ], [ "R", 6 ], [ "R", 6 ], [ "R", 11 ], [ "R", 6 ], [ "R", 6 ], [ "R", 11 ], [ "R", 6 ], [ "R", 11 ], [ "R", 6 ], [ "R", 11 ], [ "R", 6 ], [ "R", 11 ], [ "R", 6 ], [ "R", 11 ], [ "R", 6 ], [ "R", 6 ], [ "R", 6 ], [ "R", 19 ], [ "R", 6 ], [ "R", 6 ], [ "R", 6 ], [ "R", 19 ], [ "R", 6 ], [ "R", 6 ], [ "R", 19 ], [ "R", 6 ], [ "R", 19 ], [ "R", 6 ], [ "R", 6 ], [ "R", 15 ], [ "R", 6 ], [ "R", 12 ], [ "R", 6 ], [ "R", 12 ], [ "R", 15 ], [ "R", 15 ], [ "R", 15 ], [ "R", 20 ], [ "R", 15 ], [ "R", 15 ], [ "R", 15 ], [ "R", 20 ], [ "R", 15 ], [ "R", 15 ], [ "R", 20 ], [ "R", 15 ], [ "R", 20 ], [ "R", 15 ], [ "R", 20 ], [ "R", 15 ], [ "R", 20 ], [ "R", 15 ], [ "R", 15 ], [ "R", 15 ], [ "R", 12 ], [ "R", 15 ], [ "R", 12 ], [ "R", 6 ], [ "R", 15 ], [ "R", 15 ], [ "R", 15 ], [ "R", 12 ], [ "R", 6 ], [ "R", 15 ], [ "R", 15 ], [ "R", 12 ], [ "R", 15 ], [ "R", 12 ], [ "R", 6 ], [ "R", 15 ], [ "R", 12 ], [ "R", 6 ], [ "R", 15 ], [ "R", 20 ], [ "R", 20 ], [ "R", 4 ], [ "R", 20 ], [ "R", 4 ], [ "R", 20 ], [ "R", 4 ], [ "R", 20 ], [ "R", 4 ], [ "R", 20 ], [ "R", 20 ], [ "R", 4 ], [ "R", 20 ], [ "R", 4 ], [ "R", 20 ], [ "R", 4 ], [ "R", 6 ], [ "R", 6 ], [ "R", 5 ], [ "R", 6 ], [ "R", 6 ], [ "R", 6 ], [ "R", 5 ], [ "R", 6 ], [ "R", 6 ], [ "R", 5 ], [ "R", 6 ], [ "R", 5 ], [ "R", 6 ], [ "R", 6 ], [ "R", 6 ], [ "R", 5 ], [ "R", 6 ], [ "R", 6 ], [ "R", 6 ], [ "R", 5 ], [ "R", 6 ], [ "R", 6 ], [ "R", 5 ], [ "R", 6 ], [ "R", 5 ], [ "R", 6 ] ]
    } ]
  },
  "MessageActorController.save" : {
    "t" : [ {
      "id" : 0,
      "a" : [ [ "R", 17 ], [ "R", 1 ], [ "R", 1 ], [ "R", 24 ], [ "R", 10 ], [ "R", 10 ], [ "R", 10 ], [ "R", 1 ], [ "R", 1 ], [ "R", 1 ], [ "R", 24 ], [ "R", 1 ], [ "R", 24 ], [ "R", 10 ], [ "R", 1 ], [ "R", 17 ], [ "R", 1 ], [ "R", 1 ], [ "R", 24 ], [ "R", 10 ], [ "R", 10 ], [ "R", 10 ], [ "R", 1 ], [ "R", 1 ], [ "R", 1 ], [ "R", 24 ], [ "R", 1 ], [ "R", 24 ], [ "R", 10 ], [ "R", 17 ], [ "R", 1 ], [ "R", 10 ], [ "R", 10 ], [ "R", 1 ], [ "R", 1 ], [ "R", 1 ], [ "R", 24 ], [ "R", 10 ], [ "R", 10 ], [ "R", 10 ], [ "R", 17 ], [ "R", 1 ], [ "R", 10 ], [ "R", 10 ], [ "R", 1 ], [ "R", 1 ], [ "R", 1 ], [ "R", 24 ], [ "R", 10 ], [ "R", 10 ], [ "R", 10 ], [ "W", 17 ], [ "W", 17 ], [ "R", 17 ], [ "R", 1 ], [ "R", 1 ], [ "R", 14 ], [ "R", 14 ], [ "R", 14 ], [ "R", 17 ], [ "R", 14 ], [ "R", 17 ], [ "R", 1 ], [ "R", 10 ], [ "R", 10 ], [ "R", 1 ], [ "R", 1 ], [ "R", 1 ], [ "R", 24 ], [ "R", 10 ], [ "R", 10 ], [ "R", 10 ], [ "W", 17 ], [ "W", 17 ], [ "R", 14 ], [ "R", 17 ], [ "R", 14 ], [ "R", 17 ], [ "W", 14 ], [ "R", 17 ], [ "R", 1 ], [ "R", 1 ], [ "R", 14 ], [ "R", 14 ], [ "R", 14 ], [ "R", 17 ], [ "R", 14 ], [ "R", 17 ], [ "R", 1 ], [ "R", 10 ], [ "R", 10 ], [ "R", 1 ], [ "R", 1 ], [ "R", 1 ], [ "R", 24 ], [ "R", 10 ], [ "R", 10 ], [ "R", 10 ], [ "W", 17 ], [ "W", 17 ], [ "R", 14 ], [ "R", 17 ], [ "R", 14 ], [ "R", 17 ], [ "W", 14 ], [ "R", 10 ], [ "R", 17 ], [ "R", 10 ], [ "R", 10 ], [ "R", 1 ], [ "R", 1 ], [ "R", 1 ], [ "R", 24 ], [ "R", 1 ], [ "R", 24 ], [ "R", 10 ], [ "R", 17 ], [ "R", 1 ], [ "R", 1 ], [ "R", 24 ], [ "R", 10 ], [ "R", 17 ], [ "R", 1 ], [ "R", 1 ], [ "R", 24 ], [ "R", 10 ], [ "R", 1 ] ]
    } ]
  },
  "LeagueAdministratorController.list" : {
    "t" : [ {
      "id" : 0,
      "a" : [ [ "R", 15 ] ]
    } ]
  },
  "FinancesAdministratorController.delete" : {
    "t" : [ {
      "id" : 0,
      "a" : [ [ "R", 10 ], [ "R", 10 ], [ "R", 10 ], [ "R", 1 ], [ "R", 1 ], [ "R", 1 ], [ "R", 24 ], [ "R", 1 ], [ "R", 24 ], [ "R", 24 ], [ "W", 13 ], [ "R", 23 ], [ "R", 15 ] ]
    } ]
  },
  "CommentActorController.create" : {
    "t" : [ {
      "id" : 0,
      "a" : [ [ "R", 8 ], [ "R", 8 ], [ "R", 8 ] ]
    } ]
  },
  "EnteredRunnerController.list" : {
    "t" : [ {
      "id" : 0,
      "a" : [ [ "R", 10 ], [ "R", 10 ], [ "R", 22 ], [ "R", 22 ], [ "R", 22 ], [ "R", 24 ], [ "R", 10 ], [ "R", 10 ], [ "R", 10 ], [ "R", 1 ], [ "R", 1 ], [ "R", 1 ], [ "R", 24 ], [ "R", 1 ], [ "R", 24 ], [ "R", 24 ], [ "R", 11 ], [ "R", 11 ], [ "R", 11 ], [ "R", 22 ] ]
    } ]
  },
  "LeagueController.list" : {
    "t" : [ {
      "id" : 0,
      "a" : [ [ "R", 15 ], [ "R", 15 ], [ "R", 12 ], [ "R", 15 ], [ "R", 15 ], [ "R", 12 ], [ "R", 6 ], [ "R", 15 ], [ "R", 10 ], [ "R", 10 ], [ "R", 1 ], [ "R", 1 ], [ "R", 1 ], [ "R", 24 ], [ "R", 1 ], [ "R", 24 ], [ "R", 24 ], [ "R", 10 ], [ "R", 10 ], [ "R", 16 ], [ "R", 16 ], [ "R", 16 ], [ "R", 24 ], [ "R", 15 ], [ "R", 15 ], [ "R", 12 ], [ "R", 15 ], [ "R", 15 ], [ "R", 12 ], [ "R", 6 ] ]
    } ]
  },
  "FeePaymentManagerController.save" : {
    "t" : [ {
      "id" : 0,
      "a" : [ [ "R", 10 ], [ "R", 10 ], [ "R", 1 ], [ "R", 1 ], [ "R", 1 ], [ "R", 24 ], [ "R", 1 ], [ "R", 24 ], [ "R", 24 ], [ "R", 15 ], [ "R", 10 ], [ "R", 10 ], [ "R", 1 ], [ "R", 1 ], [ "R", 1 ], [ "R", 24 ], [ "R", 1 ], [ "R", 24 ], [ "R", 24 ], [ "W", 12 ], [ "R", 15 ], [ "W", 12 ], [ "W", 12 ], [ "W", 12 ], [ "W", 6 ], [ "W", 12 ], [ "W", 15 ], [ "R", 12 ], [ "R", 6 ], [ "R", 10 ], [ "R", 15 ], [ "R", 15 ], [ "R", 12 ], [ "R", 15 ], [ "R", 15 ], [ "R", 12 ], [ "R", 6 ], [ "R", 12 ], [ "R", 15 ], [ "R", 10 ], [ "R", 10 ], [ "R", 1 ], [ "R", 1 ], [ "R", 1 ], [ "R", 24 ], [ "R", 1 ], [ "R", 24 ], [ "R", 24 ], [ "R", 10 ], [ "W", 12 ], [ "R", 12 ], [ "R", 6 ], [ "R", 12 ], [ "R", 15 ], [ "R", 6 ], [ "R", 12 ], [ "W", 6 ], [ "W", 12 ], [ "R", 10 ], [ "R", 10 ], [ "R", 1 ], [ "R", 1 ], [ "R", 1 ], [ "R", 24 ], [ "R", 1 ], [ "R", 24 ], [ "R", 24 ], [ "R", 10 ], [ "R", 10 ], [ "R", 16 ], [ "R", 16 ], [ "R", 16 ], [ "R", 24 ], [ "R", 6 ], [ "R", 16 ], [ "R", 10 ], [ "R", 10 ], [ "R", 10 ], [ "R", 10 ], [ "R", 1 ], [ "R", 1 ], [ "R", 1 ], [ "R", 24 ], [ "R", 1 ], [ "R", 24 ], [ "R", 24 ], [ "R", 10 ], [ "R", 10 ], [ "R", 22 ], [ "R", 22 ], [ "R", 22 ], [ "R", 24 ], [ "R", 10 ], [ "R", 22 ], [ "R", 22 ], [ "R", 11 ], [ "R", 22 ], [ "R", 22 ], [ "R", 11 ], [ "R", 6 ], [ "R", 22 ], [ "R", 11 ], [ "R", 10 ], [ "R", 10 ], [ "R", 10 ], [ "R", 10 ], [ "R", 1 ], [ "R", 1 ], [ "R", 1 ], [ "R", 24 ], [ "R", 1 ], [ "R", 24 ], [ "R", 24 ], [ "R", 10 ], [ "R", 10 ], [ "R", 21 ], [ "R", 21 ], [ "R", 21 ], [ "R", 24 ], [ "R", 6 ], [ "R", 12 ], [ "R", 12 ], [ "R", 15 ], [ "R", 15 ], [ "R", 21 ], [ "R", 10 ], [ "R", 10 ], [ "R", 10 ], [ "R", 10 ], [ "R", 10 ], [ "R", 16 ], [ "R", 16 ], [ "R", 16 ], [ "R", 24 ], [ "R", 16 ], [ "R", 6 ], [ "W", 6 ], [ "R", 6 ], [ "R", 16 ], [ "W", 16 ], [ "W", 6 ], [ "R", 10 ], [ "R", 10 ], [ "R", 1 ], [ "R", 1 ], [ "R", 1 ], [ "R", 24 ], [ "R", 1 ], [ "R", 24 ], [ "R", 24 ], [ "W", 16 ], [ "W", 6 ], [ "R", 15 ], [ "R", 12 ], [ "W", 15 ], [ "W", 12 ], [ "R", 10 ], [ "R", 15 ], [ "R", 10 ], [ "R", 10 ], [ "R", 1 ], [ "R", 1 ], [ "R", 1 ], [ "R", 24 ], [ "R", 1 ], [ "R", 24 ], [ "R", 24 ], [ "W", 15 ], [ "W", 15 ], [ "R", 15 ], [ "R", 15 ], [ "W", 15 ] ]
    } ]
  },
  "MessageActorController.addFolder" : {
    "t" : [ {
      "id" : 0,
      "a" : [ [ "R", 17 ], [ "R", 10 ], [ "R", 10 ], [ "R", 1 ], [ "R", 1 ], [ "R", 1 ], [ "R", 24 ], [ "R", 1 ], [ "R", 24 ], [ "R", 10 ], [ "R", 17 ], [ "R", 1 ], [ "R", 1 ], [ "R", 24 ], [ "R", 10 ], [ "R", 17 ], [ "R", 1 ], [ "R", 1 ], [ "R", 24 ], [ "R", 10 ], [ "R", 10 ], [ "R", 10 ], [ "R", 1 ], [ "R", 1 ], [ "R", 1 ], [ "R", 24 ], [ "R", 10 ], [ "R", 14 ], [ "R", 14 ], [ "R", 14 ], [ "R", 1 ] ]
    } ]
  },
  "FinancesController.list" : {
    "t" : [ {
      "id" : 0,
      "a" : [ [ "R", 13 ], [ "R", 13 ], [ "R", 13 ], [ "R", 23 ], [ "R", 13 ], [ "R", 15 ], [ "R", 13 ], [ "R", 13 ], [ "R", 13 ], [ "R", 23 ], [ "R", 13 ], [ "R", 13 ], [ "R", 13 ], [ "R", 15 ], [ "R", 13 ] ]
    } ]
  },
  "RaceController.list" : {
    "t" : [ {
      "id" : 0,
      "a" : [ [ "R", 10 ], [ "R", 10 ], [ "R", 1 ], [ "R", 1 ], [ "R", 1 ], [ "R", 24 ], [ "R", 1 ], [ "R", 24 ], [ "R", 24 ], [ "R", 10 ], [ "R", 10 ], [ "R", 22 ], [ "R", 22 ], [ "R", 22 ], [ "R", 24 ], [ "R", 10 ], [ "R", 6 ], [ "R", 6 ], [ "R", 11 ], [ "R", 6 ], [ "R", 6 ], [ "R", 11 ], [ "R", 22 ], [ "R", 6 ], [ "R", 11 ], [ "R", 20 ], [ "R", 20 ], [ "R", 5 ], [ "R", 20 ], [ "R", 20 ], [ "R", 5 ], [ "R", 6 ], [ "R", 15 ], [ "R", 15 ], [ "R", 20 ], [ "R", 20 ], [ "R", 10 ], [ "R", 10 ], [ "R", 1 ], [ "R", 1 ], [ "R", 1 ], [ "R", 24 ], [ "R", 1 ], [ "R", 24 ], [ "R", 24 ], [ "R", 10 ], [ "R", 10 ], [ "R", 21 ], [ "R", 21 ], [ "R", 21 ], [ "R", 24 ] ]
    } ]
  },
  "RefereeAdministratorController.create" : {
    "t" : [ {
      "id" : 0,
      "a" : [ [ "R", 10 ], [ "R", 10 ], [ "R", 1 ], [ "R", 1 ], [ "R", 1 ], [ "R", 24 ], [ "R", 10 ], [ "R", 10 ], [ "R", 1 ], [ "R", 1 ], [ "R", 1 ], [ "R", 24 ], [ "R", 1 ], [ "R", 24 ], [ "R", 24 ], [ "R", 1 ], [ "R", 1 ], [ "R", 1 ], [ "R", 1 ], [ "R", 24 ], [ "R", 24 ], [ "R", 1 ] ]
    } ]
  },
  "ClubController.list" : {
    "t" : [ {
      "id" : 0,
      "a" : [ [ "R", 10 ], [ "R", 10 ], [ "R", 1 ], [ "R", 1 ], [ "R", 1 ], [ "R", 24 ], [ "R", 1 ], [ "R", 24 ], [ "R", 24 ], [ "R", 10 ], [ "R", 10 ], [ "R", 16 ], [ "R", 16 ], [ "R", 16 ], [ "R", 24 ], [ "R", 6 ], [ "R", 6 ], [ "R", 12 ], [ "R", 6 ], [ "R", 6 ], [ "R", 12 ], [ "R", 15 ], [ "R", 6 ], [ "R", 6 ], [ "R", 12 ], [ "R", 6 ], [ "R", 6 ], [ "R", 12 ], [ "R", 15 ], [ "R", 6 ], [ "R", 5 ], [ "R", 5 ], [ "R", 20 ], [ "R", 20 ], [ "R", 15 ], [ "R", 10 ], [ "R", 5 ], [ "R", 6 ], [ "R", 19 ], [ "R", 19 ], [ "R", 15 ], [ "R", 10 ], [ "R", 19 ], [ "R", 10 ], [ "R", 6 ], [ "R", 6 ], [ "R", 12 ], [ "R", 6 ], [ "R", 6 ], [ "R", 12 ], [ "R", 15 ], [ "R", 6 ] ]
    } ]
  },
  "ManagerAdministratorController.create" : {
    "t" : [ {
      "id" : 0,
      "a" : [ [ "R", 10 ], [ "R", 10 ], [ "R", 1 ], [ "R", 1 ], [ "R", 1 ], [ "R", 24 ], [ "R", 10 ], [ "R", 10 ], [ "R", 1 ], [ "R", 1 ], [ "R", 1 ], [ "R", 24 ], [ "R", 1 ], [ "R", 24 ], [ "R", 24 ], [ "R", 1 ], [ "R", 1 ], [ "R", 1 ], [ "R", 1 ], [ "R", 24 ], [ "R", 24 ], [ "R", 1 ] ]
    } ]
  },
  "ActorActorController.save" : {
    "t" : [ {
      "id" : 0,
      "a" : [ [ "R", 10 ], [ "R", 10 ], [ "R", 1 ], [ "R", 1 ], [ "R", 1 ], [ "R", 24 ], [ "R", 10 ], [ "R", 10 ], [ "R", 1 ], [ "R", 1 ], [ "R", 1 ], [ "R", 24 ], [ "R", 1 ], [ "R", 24 ], [ "W", 24 ], [ "W", 24 ], [ "R", 24 ], [ "W", 24 ], [ "R", 24 ], [ "R", 10 ], [ "R", 10 ], [ "R", 22 ], [ "R", 22 ], [ "R", 22 ], [ "R", 24 ], [ "W", 1 ], [ "W", 1 ], [ "W", 1 ], [ "W", 1 ], [ "W", 24 ], [ "W", 1 ], [ "R", 10 ], [ "R", 10 ], [ "R", 1 ], [ "R", 1 ], [ "R", 1 ], [ "R", 24 ], [ "R", 1 ], [ "R", 24 ], [ "R", 24 ], [ "R", 10 ], [ "R", 10 ], [ "R", 1 ], [ "R", 1 ], [ "R", 1 ], [ "R", 24 ], [ "R", 10 ], [ "R", 1 ], [ "R", 24 ], [ "R", 24 ], [ "W", 22 ], [ "R", 10 ], [ "R", 10 ], [ "R", 10 ], [ "R", 2 ], [ "R", 2 ], [ "R", 2 ], [ "R", 24 ], [ "W", 1 ], [ "W", 1 ], [ "W", 1 ], [ "W", 1 ], [ "W", 24 ], [ "W", 1 ], [ "W", 2 ], [ "R", 10 ], [ "R", 10 ], [ "R", 10 ], [ "R", 16 ], [ "R", 16 ], [ "R", 16 ], [ "R", 24 ], [ "W", 1 ], [ "W", 1 ], [ "W", 1 ], [ "W", 1 ], [ "W", 24 ], [ "W", 1 ], [ "R", 10 ], [ "R", 10 ], [ "R", 1 ], [ "R", 1 ], [ "R", 1 ], [ "R", 24 ], [ "R", 1 ], [ "R", 24 ], [ "R", 24 ], [ "R", 10 ], [ "R", 10 ], [ "R", 1 ], [ "R", 1 ], [ "R", 1 ], [ "R", 24 ], [ "R", 1 ], [ "R", 24 ], [ "R", 24 ], [ "R", 10 ], [ "R", 1 ], [ "R", 24 ], [ "R", 24 ], [ "W", 16 ], [ "R", 10 ], [ "R", 10 ], [ "R", 10 ], [ "R", 21 ], [ "R", 21 ], [ "R", 21 ], [ "R", 24 ], [ "W", 1 ], [ "W", 1 ], [ "W", 1 ], [ "W", 1 ], [ "W", 24 ], [ "W", 1 ], [ "R", 10 ], [ "R", 10 ], [ "R", 1 ], [ "R", 1 ], [ "R", 1 ], [ "R", 24 ], [ "R", 1 ], [ "R", 24 ], [ "R", 24 ], [ "R", 10 ], [ "R", 10 ], [ "R", 1 ], [ "R", 1 ], [ "R", 1 ], [ "R", 24 ], [ "R", 1 ], [ "R", 24 ], [ "R", 24 ], [ "R", 10 ], [ "R", 1 ], [ "R", 24 ], [ "R", 24 ], [ "W", 21 ], [ "R", 10 ], [ "R", 1 ], [ "W", 24 ], [ "W", 24 ], [ "W", 24 ], [ "W", 24 ], [ "R", 24 ], [ "W", 24 ], [ "R", 10 ], [ "R", 10 ], [ "R", 1 ], [ "R", 1 ], [ "R", 1 ], [ "R", 24 ], [ "W", 1 ], [ "W", 7 ], [ "W", 1 ], [ "W", 17 ], [ "W", 1 ], [ "W", 17 ], [ "W", 22 ], [ "W", 11 ], [ "W", 22 ], [ "W", 18 ], [ "W", 24 ], [ "W", 24 ], [ "W", 1 ], [ "W", 24 ], [ "W", 1 ], [ "W", 1 ], [ "W", 1 ], [ "W", 1 ], [ "W", 24 ], [ "W", 1 ], [ "W", 14 ], [ "W", 17 ], [ "W", 14 ], [ "W", 14 ], [ "W", 14 ], [ "W", 14 ], [ "W", 1 ], [ "W", 1 ], [ "W", 14 ], [ "R", 10 ], [ "R", 10 ], [ "R", 1 ], [ "R", 1 ], [ "R", 1 ], [ "R", 24 ], [ "R", 1 ], [ "R", 24 ], [ "R", 24 ], [ "R", 10 ], [ "R", 10 ], [ "R", 1 ], [ "R", 1 ], [ "R", 1 ], [ "R", 24 ], [ "R", 10 ], [ "R", 1 ], [ "R", 24 ], [ "R", 24 ], [ "W", 22 ], [ "R", 10 ], [ "R", 10 ], [ "R", 10 ], [ "R", 1 ], [ "R", 1 ], [ "R", 1 ], [ "R", 24 ], [ "R", 1 ], [ "R", 24 ], [ "R", 24 ], [ "W", 1 ], [ "W", 7 ], [ "W", 1 ], [ "W", 17 ], [ "W", 1 ], [ "W", 17 ], [ "W", 24 ], [ "W", 24 ], [ "W", 1 ], [ "W", 24 ], [ "W", 1 ], [ "W", 1 ], [ "W", 1 ], [ "W", 1 ], [ "W", 24 ], [ "W", 1 ], [ "W", 14 ], [ "W", 17 ], [ "W", 14 ], [ "W", 14 ], [ "W", 14 ], [ "W", 14 ], [ "W", 1 ], [ "W", 1 ], [ "W", 14 ], [ "R", 10 ], [ "R", 10 ], [ "R", 1 ], [ "R", 1 ], [ "R", 1 ], [ "R", 24 ], [ "R", 1 ], [ "R", 24 ], [ "R", 24 ], [ "R", 10 ], [ "R", 10 ], [ "R", 1 ], [ "R", 1 ], [ "R", 1 ], [ "R", 24 ], [ "R", 1 ], [ "R", 24 ], [ "R", 24 ], [ "R", 10 ], [ "R", 1 ], [ "R", 24 ], [ "R", 24 ], [ "W", 16 ], [ "R", 10 ], [ "R", 10 ], [ "R", 10 ], [ "R", 1 ], [ "R", 1 ], [ "R", 1 ], [ "R", 24 ], [ "R", 1 ], [ "R", 24 ], [ "R", 24 ], [ "W", 1 ], [ "W", 7 ], [ "W", 1 ], [ "W", 17 ], [ "W", 1 ], [ "W", 17 ], [ "W", 24 ], [ "W", 24 ], [ "W", 1 ], [ "W", 24 ], [ "W", 1 ], [ "W", 1 ], [ "W", 1 ], [ "W", 1 ], [ "W", 24 ], [ "W", 1 ], [ "W", 14 ], [ "W", 17 ], [ "W", 14 ], [ "W", 14 ], [ "W", 14 ], [ "W", 14 ], [ "W", 1 ], [ "W", 1 ], [ "W", 14 ], [ "R", 10 ], [ "R", 10 ], [ "R", 1 ], [ "R", 1 ], [ "R", 1 ], [ "R", 24 ], [ "R", 1 ], [ "R", 24 ], [ "R", 24 ], [ "R", 10 ], [ "R", 10 ], [ "R", 1 ], [ "R", 1 ], [ "R", 1 ], [ "R", 24 ], [ "R", 1 ], [ "R", 24 ], [ "R", 24 ], [ "R", 10 ], [ "R", 1 ], [ "R", 24 ], [ "R", 24 ], [ "W", 21 ], [ "R", 10 ], [ "R", 1 ], [ "W", 14 ], [ "W", 17 ], [ "W", 14 ], [ "W", 14 ], [ "W", 14 ], [ "W", 14 ], [ "W", 1 ], [ "W", 1 ], [ "W", 14 ], [ "W", 14 ] ]
    } ]
  },
  "RaceAdministratorController.delete" : {
    "t" : [ {
      "id" : 0,
      "a" : [ [ "R", 10 ], [ "R", 10 ], [ "R", 10 ], [ "R", 1 ], [ "R", 1 ], [ "R", 1 ], [ "R", 24 ], [ "R", 1 ], [ "R", 24 ], [ "R", 24 ], [ "R", 20 ], [ "R", 15 ], [ "R", 15 ], [ "R", 20 ], [ "R", 10 ], [ "R", 15 ], [ "R", 10 ], [ "R", 10 ], [ "R", 1 ], [ "R", 1 ], [ "R", 1 ], [ "R", 24 ], [ "R", 1 ], [ "R", 24 ], [ "R", 24 ], [ "W", 15 ], [ "W", 15 ], [ "R", 15 ], [ "R", 15 ], [ "W", 15 ], [ "W", 20 ], [ "R", 4 ], [ "R", 15 ] ]
    } ]
  },
  "SponsorAdministratorController.delete" : {
    "t" : [ {
      "id" : 0,
      "a" : [ [ "R", 10 ], [ "R", 10 ], [ "R", 10 ], [ "R", 1 ], [ "R", 1 ], [ "R", 1 ], [ "R", 24 ], [ "R", 1 ], [ "R", 24 ], [ "R", 24 ], [ "R", 10 ], [ "R", 10 ], [ "R", 1 ], [ "R", 1 ], [ "R", 1 ], [ "R", 24 ], [ "R", 1 ], [ "R", 24 ], [ "R", 24 ], [ "R", 23 ], [ "R", 13 ], [ "R", 10 ], [ "R", 10 ], [ "R", 10 ], [ "R", 1 ], [ "R", 1 ], [ "R", 1 ], [ "R", 24 ], [ "R", 1 ], [ "R", 24 ], [ "R", 24 ], [ "W", 13 ], [ "W", 23 ] ]
    } ]
  },
  "ParticipatesRefereeController.list" : {
    "t" : [ {
      "id" : 0,
      "a" : [ [ "R", 10 ], [ "R", 10 ], [ "R", 1 ], [ "R", 1 ], [ "R", 1 ], [ "R", 24 ], [ "R", 1 ], [ "R", 24 ], [ "R", 24 ], [ "R", 10 ], [ "R", 10 ], [ "R", 1 ], [ "R", 1 ], [ "R", 1 ], [ "R", 24 ], [ "R", 10 ], [ "R", 18 ], [ "R", 18 ], [ "R", 22 ], [ "R", 11 ], [ "R", 18 ], [ "R", 18 ], [ "R", 22 ], [ "R", 18 ], [ "R", 20 ], [ "R", 18 ], [ "R", 20 ], [ "R", 15 ], [ "R", 21 ], [ "R", 18 ], [ "R", 22 ], [ "R", 11 ], [ "R", 6 ], [ "R", 18 ], [ "R", 22 ], [ "R", 11 ] ]
    } ]
  },
  "SponsorAdministratorController.edit" : {
    "t" : [ {
      "id" : 0,
      "a" : [ [ "R", 23 ] ]
    } ]
  },
  "BulletinRunnerController.create" : {
    "t" : [ {
      "id" : 0,
      "a" : [ [ "R", 10 ], [ "R", 10 ], [ "R", 1 ], [ "R", 1 ], [ "R", 1 ], [ "R", 24 ], [ "R", 1 ], [ "R", 24 ], [ "R", 24 ], [ "R", 10 ], [ "R", 10 ], [ "R", 1 ], [ "R", 1 ], [ "R", 1 ], [ "R", 24 ], [ "R", 1 ], [ "R", 24 ], [ "R", 24 ], [ "R", 10 ], [ "R", 10 ], [ "R", 1 ], [ "R", 1 ], [ "R", 1 ], [ "R", 24 ], [ "R", 10 ], [ "R", 10 ], [ "R", 1 ], [ "R", 1 ], [ "R", 1 ], [ "R", 24 ], [ "R", 1 ], [ "R", 24 ], [ "R", 24 ], [ "R", 10 ], [ "R", 10 ], [ "R", 16 ], [ "R", 16 ], [ "R", 16 ], [ "R", 24 ], [ "R", 16 ], [ "R", 6 ], [ "R", 10 ], [ "R", 10 ], [ "R", 1 ], [ "R", 1 ], [ "R", 1 ], [ "R", 24 ], [ "R", 1 ], [ "R", 24 ], [ "R", 24 ], [ "R", 10 ], [ "R", 10 ], [ "R", 22 ], [ "R", 22 ], [ "R", 22 ], [ "R", 24 ], [ "R", 22 ], [ "R", 11 ], [ "R", 11 ], [ "R", 11 ], [ "R", 6 ], [ "W", 3 ], [ "W", 6 ], [ "W", 3 ], [ "W", 3 ], [ "W", 1 ] ]
    } ]
  },
  "ParticipatesRunnerController.list" : {
    "t" : [ {
      "id" : 0,
      "a" : [ [ "R", 10 ], [ "R", 10 ], [ "R", 1 ], [ "R", 1 ], [ "R", 1 ], [ "R", 24 ], [ "R", 1 ], [ "R", 24 ], [ "R", 24 ], [ "R", 10 ], [ "R", 10 ], [ "R", 1 ], [ "R", 1 ], [ "R", 1 ], [ "R", 24 ], [ "R", 1 ], [ "R", 24 ], [ "R", 24 ], [ "R", 10 ], [ "R", 10 ], [ "R", 22 ], [ "R", 22 ], [ "R", 22 ], [ "R", 24 ], [ "R", 10 ], [ "R", 6 ], [ "R", 6 ], [ "R", 11 ], [ "R", 6 ], [ "R", 6 ], [ "R", 11 ], [ "R", 22 ], [ "R", 6 ], [ "R", 11 ], [ "R", 10 ], [ "R", 10 ], [ "R", 1 ], [ "R", 1 ], [ "R", 1 ], [ "R", 24 ], [ "R", 1 ], [ "R", 24 ], [ "R", 24 ], [ "R", 10 ], [ "R", 10 ], [ "R", 16 ], [ "R", 16 ], [ "R", 16 ], [ "R", 24 ], [ "R", 16 ], [ "R", 6 ], [ "R", 6 ], [ "R", 11 ], [ "R", 11 ], [ "R", 11 ], [ "R", 22 ], [ "R", 10 ], [ "R", 18 ], [ "R", 18 ], [ "R", 22 ], [ "R", 11 ], [ "R", 18 ], [ "R", 18 ], [ "R", 22 ], [ "R", 18 ], [ "R", 20 ], [ "R", 18 ], [ "R", 20 ], [ "R", 15 ], [ "R", 21 ], [ "R", 18 ], [ "R", 22 ], [ "R", 11 ], [ "R", 6 ], [ "R", 18 ], [ "R", 22 ], [ "R", 11 ] ]
    } ]
  },
  "FolderActorController.edit" : {
    "t" : [ {
      "id" : 0,
      "a" : [ [ "R", 14 ], [ "R", 14 ], [ "R", 1 ], [ "R", 1 ], [ "R", 24 ], [ "R", 10 ], [ "R", 10 ], [ "R", 10 ], [ "R", 1 ], [ "R", 1 ], [ "R", 1 ], [ "R", 24 ], [ "R", 1 ], [ "R", 24 ], [ "R", 10 ] ]
    } ]
  },
  "CategoryAdministratorController.list" : {
    "t" : [ {
      "id" : 0,
      "a" : [ [ "R", 4 ] ]
    } ]
  },
  "CurriculumActorController.create" : {
    "t" : [ {
      "id" : 0,
      "a" : [ [ "R", 10 ], [ "R", 10 ], [ "R", 1 ], [ "R", 1 ], [ "R", 1 ], [ "R", 24 ], [ "R", 1 ], [ "R", 24 ], [ "R", 24 ] ]
    } ]
  },
  "ClubManagerController.save" : {
    "t" : [ {
      "id" : 0,
      "a" : [ [ "R", 10 ], [ "R", 10 ], [ "R", 1 ], [ "R", 1 ], [ "R", 1 ], [ "R", 24 ], [ "R", 1 ], [ "R", 24 ], [ "R", 24 ], [ "R", 10 ], [ "R", 10 ], [ "R", 16 ], [ "R", 16 ], [ "R", 16 ], [ "R", 24 ], [ "W", 6 ], [ "W", 16 ], [ "W", 6 ], [ "W", 6 ], [ "W", 6 ], [ "W", 3 ], [ "W", 6 ], [ "W", 5 ], [ "W", 6 ], [ "W", 11 ], [ "W", 6 ], [ "W", 19 ], [ "W", 6 ], [ "W", 12 ], [ "W", 8 ], [ "W", 7 ], [ "W", 6 ], [ "W", 6 ], [ "W", 6 ], [ "W", 6 ], [ "R", 6 ], [ "W", 6 ], [ "W", 6 ], [ "W", 6 ], [ "R", 10 ], [ "R", 10 ], [ "R", 1 ], [ "R", 1 ], [ "R", 1 ], [ "R", 24 ], [ "R", 1 ], [ "R", 24 ], [ "R", 24 ], [ "R", 10 ], [ "R", 10 ], [ "R", 16 ], [ "R", 16 ], [ "R", 16 ], [ "R", 24 ], [ "R", 6 ], [ "R", 16 ], [ "R", 10 ], [ "R", 10 ], [ "R", 10 ], [ "R", 10 ], [ "R", 1 ], [ "R", 1 ], [ "R", 1 ], [ "R", 24 ], [ "R", 1 ], [ "R", 24 ], [ "R", 24 ], [ "R", 10 ], [ "R", 10 ], [ "R", 22 ], [ "R", 22 ], [ "R", 22 ], [ "R", 24 ], [ "R", 10 ], [ "R", 22 ], [ "R", 22 ], [ "R", 11 ], [ "R", 22 ], [ "R", 22 ], [ "R", 11 ], [ "R", 6 ], [ "R", 22 ], [ "R", 11 ], [ "R", 10 ], [ "R", 10 ], [ "R", 10 ], [ "R", 10 ], [ "R", 1 ], [ "R", 1 ], [ "R", 1 ], [ "R", 24 ], [ "R", 1 ], [ "R", 24 ], [ "R", 24 ], [ "R", 10 ], [ "R", 10 ], [ "R", 21 ], [ "R", 21 ], [ "R", 21 ], [ "R", 24 ], [ "R", 6 ], [ "R", 12 ], [ "R", 12 ], [ "R", 15 ], [ "R", 15 ], [ "R", 21 ], [ "R", 10 ], [ "R", 10 ], [ "R", 10 ], [ "R", 10 ], [ "R", 10 ], [ "R", 16 ], [ "R", 16 ], [ "R", 16 ], [ "R", 24 ], [ "R", 16 ], [ "R", 6 ], [ "W", 6 ], [ "R", 6 ], [ "R", 16 ], [ "W", 16 ], [ "W", 6 ], [ "R", 10 ], [ "R", 10 ], [ "R", 1 ], [ "R", 1 ], [ "R", 1 ], [ "R", 24 ], [ "R", 1 ], [ "R", 24 ], [ "R", 24 ], [ "W", 16 ], [ "W", 6 ] ]
    } ]
  },
  "RaceAdministratorController.edit" : {
    "t" : [ {
      "id" : 0,
      "a" : [ [ "R", 20 ], [ "R", 4 ], [ "R", 15 ] ]
    } ]
  },
  "ClassificationRefereeController.create" : {
    "t" : [ {
      "id" : 0,
      "a" : [ [ "R", 10 ], [ "R", 10 ], [ "R", 1 ], [ "R", 1 ], [ "R", 1 ], [ "R", 24 ], [ "R", 1 ], [ "R", 24 ], [ "R", 24 ], [ "R", 20 ], [ "R", 10 ], [ "R", 10 ], [ "R", 1 ], [ "R", 1 ], [ "R", 1 ], [ "R", 24 ], [ "R", 10 ], [ "R", 20 ], [ "R", 15 ], [ "R", 15 ], [ "R", 21 ], [ "R", 10 ], [ "R", 20 ], [ "R", 18 ], [ "R", 18 ], [ "R", 18 ], [ "R", 22 ], [ "R", 22 ], [ "R", 11 ], [ "R", 11 ], [ "R", 11 ], [ "R", 11 ], [ "R", 11 ], [ "R", 6 ], [ "R", 18 ], [ "R", 22 ], [ "R", 10 ], [ "R", 10 ], [ "R", 10 ], [ "R", 1 ], [ "R", 1 ], [ "R", 1 ], [ "R", 24 ], [ "R", 1 ], [ "R", 24 ], [ "R", 24 ], [ "R", 11 ], [ "R", 11 ], [ "R", 11 ], [ "R", 22 ], [ "R", 11 ], [ "R", 6 ], [ "R", 10 ], [ "R", 10 ], [ "R", 10 ], [ "R", 11 ], [ "R", 11 ], [ "R", 20 ], [ "R", 18 ], [ "R", 5 ], [ "R", 5 ], [ "R", 5 ], [ "R", 6 ], [ "R", 5 ], [ "R", 20 ], [ "R", 10 ], [ "R", 10 ], [ "R", 1 ], [ "R", 1 ], [ "R", 1 ], [ "R", 24 ], [ "R", 1 ], [ "R", 24 ], [ "R", 24 ], [ "W", 5 ], [ "W", 5 ], [ "R", 10 ], [ "R", 5 ], [ "R", 5 ], [ "R", 5 ], [ "R", 6 ], [ "R", 5 ], [ "R", 20 ], [ "W", 5 ], [ "W", 6 ], [ "W", 5 ], [ "W", 20 ], [ "W", 5 ], [ "W", 5 ], [ "W", 5 ], [ "W", 5 ] ]
    } ]
  },
  "RegisterController.create" : {
    "t" : [ {
      "id" : 0,
      "a" : [ [ "R", 10 ], [ "R", 10 ], [ "R", 1 ], [ "R", 1 ], [ "R", 1 ], [ "R", 24 ], [ "R", 10 ], [ "R", 10 ], [ "R", 1 ], [ "R", 1 ], [ "R", 1 ], [ "R", 24 ], [ "R", 1 ], [ "R", 24 ], [ "R", 24 ], [ "R", 1 ], [ "R", 1 ], [ "R", 1 ], [ "R", 1 ], [ "R", 24 ], [ "R", 24 ], [ "R", 1 ] ]
    } ]
  },
  "ActorActorController.edit" : {
    "t" : [ {
      "id" : 0,
      "a" : [ [ "R", 10 ], [ "R", 10 ], [ "R", 1 ], [ "R", 1 ], [ "R", 1 ], [ "R", 24 ], [ "R", 10 ], [ "R", 10 ], [ "R", 1 ], [ "R", 1 ], [ "R", 1 ], [ "R", 24 ], [ "R", 1 ], [ "R", 24 ], [ "R", 24 ], [ "R", 1 ], [ "R", 1 ], [ "R", 1 ], [ "R", 1 ], [ "R", 24 ], [ "R", 24 ], [ "R", 1 ] ]
    } ]
  },
  "FolderActorController.create" : {
    "t" : [ {
      "id" : 0,
      "a" : [ [ "W", 14 ], [ "W", 17 ], [ "W", 14 ], [ "R", 10 ], [ "R", 10 ], [ "R", 1 ], [ "R", 1 ], [ "R", 1 ], [ "R", 24 ], [ "W", 14 ], [ "W", 1 ] ]
    } ]
  },
  "PunishmentRefereeController.save" : {
    "t" : [ {
      "id" : 0,
      "a" : [ [ "R", 10 ], [ "R", 10 ], [ "R", 1 ], [ "R", 1 ], [ "R", 1 ], [ "R", 24 ], [ "R", 10 ], [ "R", 19 ], [ "R", 6 ], [ "R", 10 ], [ "R", 12 ], [ "R", 12 ], [ "R", 15 ], [ "R", 12 ], [ "R", 15 ], [ "R", 21 ], [ "R", 12 ], [ "R", 6 ], [ "R", 10 ], [ "R", 10 ], [ "R", 1 ], [ "R", 1 ], [ "R", 1 ], [ "R", 24 ], [ "R", 1 ], [ "R", 24 ], [ "R", 24 ], [ "R", 10 ], [ "R", 10 ], [ "R", 1 ], [ "R", 1 ], [ "R", 1 ], [ "R", 24 ], [ "R", 10 ], [ "R", 19 ], [ "R", 6 ], [ "R", 10 ], [ "R", 12 ], [ "R", 12 ], [ "R", 15 ], [ "R", 12 ], [ "R", 15 ], [ "R", 21 ], [ "R", 12 ], [ "R", 6 ], [ "R", 19 ], [ "R", 15 ], [ "W", 19 ], [ "R", 19 ], [ "R", 6 ], [ "R", 19 ], [ "R", 15 ], [ "R", 6 ], [ "R", 19 ], [ "W", 6 ], [ "W", 19 ], [ "R", 10 ], [ "R", 10 ], [ "R", 1 ], [ "R", 1 ], [ "R", 1 ], [ "R", 24 ], [ "R", 1 ], [ "R", 24 ], [ "R", 24 ], [ "R", 10 ], [ "R", 10 ], [ "R", 16 ], [ "R", 16 ], [ "R", 16 ], [ "R", 24 ], [ "R", 6 ], [ "R", 16 ], [ "R", 10 ], [ "R", 10 ], [ "R", 10 ], [ "R", 10 ], [ "R", 1 ], [ "R", 1 ], [ "R", 1 ], [ "R", 24 ], [ "R", 1 ], [ "R", 24 ], [ "R", 24 ], [ "R", 10 ], [ "R", 10 ], [ "R", 22 ], [ "R", 22 ], [ "R", 22 ], [ "R", 24 ], [ "R", 10 ], [ "R", 22 ], [ "R", 22 ], [ "R", 11 ], [ "R", 22 ], [ "R", 22 ], [ "R", 11 ], [ "R", 6 ], [ "R", 22 ], [ "R", 11 ], [ "R", 10 ], [ "R", 10 ], [ "R", 10 ], [ "R", 10 ], [ "R", 1 ], [ "R", 1 ], [ "R", 1 ], [ "R", 24 ], [ "R", 1 ], [ "R", 24 ], [ "R", 24 ], [ "R", 10 ], [ "R", 10 ], [ "R", 21 ], [ "R", 21 ], [ "R", 21 ], [ "R", 24 ], [ "R", 6 ], [ "R", 12 ], [ "R", 12 ], [ "R", 15 ], [ "R", 15 ], [ "R", 21 ], [ "R", 10 ], [ "R", 10 ], [ "R", 10 ], [ "R", 10 ], [ "R", 10 ], [ "R", 16 ], [ "R", 16 ], [ "R", 16 ], [ "R", 24 ], [ "R", 16 ], [ "R", 6 ], [ "W", 6 ], [ "R", 6 ], [ "R", 16 ], [ "W", 16 ], [ "W", 6 ], [ "R", 10 ], [ "R", 10 ], [ "R", 1 ], [ "R", 1 ], [ "R", 1 ], [ "R", 24 ], [ "R", 1 ], [ "R", 24 ], [ "R", 24 ], [ "W", 16 ], [ "W", 6 ], [ "R", 15 ], [ "R", 19 ], [ "W", 15 ], [ "W", 19 ], [ "R", 10 ], [ "R", 15 ], [ "R", 10 ], [ "R", 10 ], [ "R", 1 ], [ "R", 1 ], [ "R", 1 ], [ "R", 24 ], [ "R", 1 ], [ "R", 24 ], [ "R", 24 ], [ "W", 15 ], [ "W", 15 ], [ "R", 15 ], [ "R", 15 ], [ "W", 15 ] ]
    } ]
  },
  "RegisterController.save" : {
    "t" : [ {
      "id" : 0,
      "a" : [ [ "R", 10 ], [ "R", 10 ], [ "R", 1 ], [ "R", 1 ], [ "R", 1 ], [ "R", 24 ], [ "R", 10 ], [ "R", 10 ], [ "R", 1 ], [ "R", 1 ], [ "R", 1 ], [ "R", 24 ], [ "R", 1 ], [ "R", 24 ], [ "W", 24 ], [ "W", 24 ], [ "R", 24 ], [ "W", 24 ], [ "R", 24 ], [ "R", 10 ], [ "R", 10 ], [ "R", 22 ], [ "R", 22 ], [ "R", 22 ], [ "R", 24 ], [ "W", 1 ], [ "W", 1 ], [ "W", 1 ], [ "W", 1 ], [ "W", 24 ], [ "W", 1 ], [ "R", 10 ], [ "R", 10 ], [ "R", 1 ], [ "R", 1 ], [ "R", 1 ], [ "R", 24 ], [ "R", 1 ], [ "R", 24 ], [ "R", 24 ], [ "R", 10 ], [ "R", 10 ], [ "R", 1 ], [ "R", 1 ], [ "R", 1 ], [ "R", 24 ], [ "R", 10 ], [ "R", 1 ], [ "R", 24 ], [ "R", 24 ], [ "W", 22 ], [ "R", 10 ], [ "R", 10 ], [ "R", 10 ], [ "R", 2 ], [ "R", 2 ], [ "R", 2 ], [ "R", 24 ], [ "W", 1 ], [ "W", 1 ], [ "W", 1 ], [ "W", 1 ], [ "W", 24 ], [ "W", 1 ], [ "W", 2 ], [ "R", 10 ], [ "R", 10 ], [ "R", 10 ], [ "R", 16 ], [ "R", 16 ], [ "R", 16 ], [ "R", 24 ], [ "W", 1 ], [ "W", 1 ], [ "W", 1 ], [ "W", 1 ], [ "W", 24 ], [ "W", 1 ], [ "R", 10 ], [ "R", 10 ], [ "R", 1 ], [ "R", 1 ], [ "R", 1 ], [ "R", 24 ], [ "R", 1 ], [ "R", 24 ], [ "R", 24 ], [ "R", 10 ], [ "R", 10 ], [ "R", 1 ], [ "R", 1 ], [ "R", 1 ], [ "R", 24 ], [ "R", 1 ], [ "R", 24 ], [ "R", 24 ], [ "R", 10 ], [ "R", 1 ], [ "R", 24 ], [ "R", 24 ], [ "W", 16 ], [ "R", 10 ], [ "R", 10 ], [ "R", 10 ], [ "R", 21 ], [ "R", 21 ], [ "R", 21 ], [ "R", 24 ], [ "W", 1 ], [ "W", 1 ], [ "W", 1 ], [ "W", 1 ], [ "W", 24 ], [ "W", 1 ], [ "R", 10 ], [ "R", 10 ], [ "R", 1 ], [ "R", 1 ], [ "R", 1 ], [ "R", 24 ], [ "R", 1 ], [ "R", 24 ], [ "R", 24 ], [ "R", 10 ], [ "R", 10 ], [ "R", 1 ], [ "R", 1 ], [ "R", 1 ], [ "R", 24 ], [ "R", 1 ], [ "R", 24 ], [ "R", 24 ], [ "R", 10 ], [ "R", 1 ], [ "R", 24 ], [ "R", 24 ], [ "W", 21 ], [ "R", 10 ], [ "R", 1 ], [ "W", 24 ], [ "W", 24 ], [ "W", 24 ], [ "W", 24 ], [ "R", 24 ], [ "W", 24 ], [ "R", 10 ], [ "R", 10 ], [ "R", 1 ], [ "R", 1 ], [ "R", 1 ], [ "R", 24 ], [ "W", 1 ], [ "W", 7 ], [ "W", 1 ], [ "W", 17 ], [ "W", 1 ], [ "W", 17 ], [ "W", 22 ], [ "W", 11 ], [ "W", 22 ], [ "W", 18 ], [ "W", 24 ], [ "W", 24 ], [ "W", 1 ], [ "W", 24 ], [ "W", 1 ], [ "W", 1 ], [ "W", 1 ], [ "W", 1 ], [ "W", 24 ], [ "W", 1 ], [ "W", 14 ], [ "W", 17 ], [ "W", 14 ], [ "W", 14 ], [ "W", 14 ], [ "W", 14 ], [ "W", 1 ], [ "W", 1 ], [ "W", 14 ], [ "R", 10 ], [ "R", 10 ], [ "R", 1 ], [ "R", 1 ], [ "R", 1 ], [ "R", 24 ], [ "R", 1 ], [ "R", 24 ], [ "R", 24 ], [ "R", 10 ], [ "R", 10 ], [ "R", 1 ], [ "R", 1 ], [ "R", 1 ], [ "R", 24 ], [ "R", 10 ], [ "R", 1 ], [ "R", 24 ], [ "R", 24 ], [ "W", 22 ], [ "R", 10 ], [ "R", 10 ], [ "R", 10 ], [ "R", 1 ], [ "R", 1 ], [ "R", 1 ], [ "R", 24 ], [ "R", 1 ], [ "R", 24 ], [ "R", 24 ], [ "W", 1 ], [ "W", 7 ], [ "W", 1 ], [ "W", 17 ], [ "W", 1 ], [ "W", 17 ], [ "W", 24 ], [ "W", 24 ], [ "W", 1 ], [ "W", 24 ], [ "W", 1 ], [ "W", 1 ], [ "W", 1 ], [ "W", 1 ], [ "W", 24 ], [ "W", 1 ], [ "W", 14 ], [ "W", 17 ], [ "W", 14 ], [ "W", 14 ], [ "W", 14 ], [ "W", 14 ], [ "W", 1 ], [ "W", 1 ], [ "W", 14 ], [ "R", 10 ], [ "R", 10 ], [ "R", 1 ], [ "R", 1 ], [ "R", 1 ], [ "R", 24 ], [ "R", 1 ], [ "R", 24 ], [ "R", 24 ], [ "R", 10 ], [ "R", 10 ], [ "R", 1 ], [ "R", 1 ], [ "R", 1 ], [ "R", 24 ], [ "R", 1 ], [ "R", 24 ], [ "R", 24 ], [ "R", 10 ], [ "R", 1 ], [ "R", 24 ], [ "R", 24 ], [ "W", 16 ], [ "R", 10 ], [ "R", 10 ], [ "R", 10 ], [ "R", 1 ], [ "R", 1 ], [ "R", 1 ], [ "R", 24 ], [ "R", 1 ], [ "R", 24 ], [ "R", 24 ], [ "W", 1 ], [ "W", 7 ], [ "W", 1 ], [ "W", 17 ], [ "W", 1 ], [ "W", 17 ], [ "W", 24 ], [ "W", 24 ], [ "W", 1 ], [ "W", 24 ], [ "W", 1 ], [ "W", 1 ], [ "W", 1 ], [ "W", 1 ], [ "W", 24 ], [ "W", 1 ], [ "W", 14 ], [ "W", 17 ], [ "W", 14 ], [ "W", 14 ], [ "W", 14 ], [ "W", 14 ], [ "W", 1 ], [ "W", 1 ], [ "W", 14 ], [ "R", 10 ], [ "R", 10 ], [ "R", 1 ], [ "R", 1 ], [ "R", 1 ], [ "R", 24 ], [ "R", 1 ], [ "R", 24 ], [ "R", 24 ], [ "R", 10 ], [ "R", 10 ], [ "R", 1 ], [ "R", 1 ], [ "R", 1 ], [ "R", 24 ], [ "R", 1 ], [ "R", 24 ], [ "R", 24 ], [ "R", 10 ], [ "R", 1 ], [ "R", 24 ], [ "R", 24 ], [ "W", 21 ], [ "R", 10 ], [ "R", 1 ], [ "W", 14 ], [ "W", 17 ], [ "W", 14 ], [ "W", 14 ], [ "W", 14 ], [ "W", 14 ], [ "W", 1 ], [ "W", 1 ], [ "W", 14 ], [ "W", 14 ] ]
    } ]
  },
  "CommentActorController.save" : {
    "t" : [ {
      "id" : 0,
      "a" : [ [ "R", 8 ], [ "R", 8 ], [ "R", 8 ], [ "R", 10 ], [ "R", 10 ], [ "R", 10 ], [ "R", 1 ], [ "R", 1 ], [ "R", 1 ], [ "R", 24 ], [ "R", 8 ], [ "R", 8 ], [ "R", 8 ], [ "R", 10 ], [ "R", 10 ], [ "R", 1 ], [ "R", 1 ], [ "R", 1 ], [ "R", 24 ], [ "W", 7 ], [ "W", 7 ], [ "W", 8 ], [ "W", 7 ], [ "W", 1 ], [ "W", 7 ], [ "W", 7 ], [ "W", 7 ], [ "R", 10 ], [ "R", 10 ], [ "R", 1 ], [ "R", 1 ], [ "R", 1 ], [ "R", 24 ], [ "R", 7 ], [ "R", 7 ], [ "R", 1 ], [ "R", 10 ], [ "R", 10 ], [ "R", 10 ], [ "R", 1 ], [ "R", 1 ], [ "R", 1 ], [ "R", 24 ], [ "R", 10 ], [ "W", 7 ], [ "W", 7 ], [ "R", 7 ], [ "R", 8 ], [ "R", 8 ], [ "R", 7 ], [ "W", 8 ], [ "W", 7 ], [ "R", 10 ], [ "R", 10 ], [ "R", 1 ], [ "R", 1 ], [ "R", 1 ], [ "R", 24 ], [ "W", 8 ] ]
    } ]
  },
  "RaceAdministratorController.list" : {
    "t" : [ {
      "id" : 0,
      "a" : [ [ "R", 20 ] ]
    } ]
  },
  "PunishmentController.list" : {
    "t" : [ {
      "id" : 0,
      "a" : [ [ "R", 19 ], [ "R", 19 ], [ "R", 19 ], [ "R", 6 ], [ "R", 19 ] ]
    } ]
  },
  "ParticipatesRunnerController.join" : {
    "t" : [ {
      "id" : 0,
      "a" : [ [ "R", 10 ], [ "R", 10 ], [ "R", 1 ], [ "R", 1 ], [ "R", 1 ], [ "R", 24 ], [ "R", 1 ], [ "R", 24 ], [ "R", 24 ], [ "R", 10 ], [ "R", 10 ], [ "R", 22 ], [ "R", 22 ], [ "R", 22 ], [ "R", 24 ], [ "R", 20 ], [ "R", 20 ], [ "R", 10 ], [ "R", 18 ], [ "R", 18 ], [ "R", 22 ], [ "R", 11 ], [ "R", 18 ], [ "R", 18 ], [ "R", 22 ], [ "R", 18 ], [ "R", 20 ], [ "R", 18 ], [ "R", 20 ], [ "R", 15 ], [ "R", 21 ], [ "R", 18 ], [ "R", 22 ], [ "R", 11 ], [ "R", 6 ], [ "R", 18 ], [ "R", 22 ], [ "R", 11 ], [ "R", 20 ], [ "R", 20 ], [ "R", 15 ], [ "R", 20 ], [ "R", 15 ], [ "R", 12 ], [ "R", 20 ], [ "R", 15 ], [ "R", 12 ], [ "R", 6 ], [ "R", 20 ], [ "R", 15 ], [ "R", 12 ], [ "R", 6 ], [ "R", 11 ], [ "R", 20 ], [ "R", 15 ], [ "R", 12 ], [ "R", 6 ], [ "R", 11 ], [ "R", 22 ], [ "R", 20 ], [ "R", 15 ], [ "R", 12 ], [ "R", 6 ], [ "R", 11 ], [ "R", 22 ], [ "R", 20 ], [ "R", 20 ], [ "R", 15 ], [ "R", 12 ], [ "R", 6 ], [ "R", 11 ], [ "R", 20 ], [ "R", 15 ], [ "R", 12 ], [ "R", 6 ], [ "R", 11 ], [ "R", 20 ], [ "R", 15 ], [ "R", 12 ], [ "R", 6 ], [ "R", 11 ], [ "R", 22 ], [ "R", 18 ], [ "R", 20 ], [ "R", 10 ], [ "W", 18 ], [ "W", 20 ], [ "W", 18 ], [ "W", 18 ], [ "W", 22 ], [ "R", 18 ], [ "R", 18 ], [ "R", 20 ], [ "R", 20 ], [ "W", 18 ], [ "R", 20 ], [ "R", 18 ], [ "W", 20 ], [ "W", 18 ], [ "R", 10 ], [ "R", 10 ], [ "R", 10 ], [ "R", 1 ], [ "R", 1 ], [ "R", 1 ], [ "R", 24 ], [ "R", 1 ], [ "R", 24 ], [ "R", 24 ], [ "R", 20 ], [ "W", 20 ], [ "R", 20 ], [ "R", 15 ], [ "R", 15 ], [ "R", 20 ], [ "R", 10 ], [ "R", 15 ], [ "R", 10 ], [ "R", 10 ], [ "R", 1 ], [ "R", 1 ], [ "R", 1 ], [ "R", 24 ], [ "R", 1 ], [ "R", 24 ], [ "R", 24 ], [ "W", 15 ], [ "W", 15 ], [ "R", 15 ], [ "R", 15 ], [ "W", 15 ], [ "R", 10 ], [ "R", 20 ], [ "R", 20 ], [ "R", 15 ], [ "R", 15 ], [ "R", 20 ], [ "R", 10 ], [ "R", 15 ], [ "R", 10 ], [ "R", 10 ], [ "R", 1 ], [ "R", 1 ], [ "R", 1 ], [ "R", 24 ], [ "R", 1 ], [ "R", 24 ], [ "R", 24 ], [ "W", 15 ], [ "W", 15 ], [ "R", 15 ], [ "R", 15 ], [ "W", 15 ], [ "R", 20 ], [ "W", 20 ], [ "R", 20 ], [ "W", 20 ], [ "R", 20 ], [ "W", 20 ], [ "R", 20 ], [ "R", 4 ], [ "W", 20 ], [ "W", 4 ], [ "R", 20 ], [ "R", 15 ], [ "W", 20 ], [ "W", 15 ], [ "W", 20 ], [ "R", 20 ], [ "R", 15 ], [ "R", 15 ], [ "R", 20 ], [ "R", 10 ], [ "R", 15 ], [ "R", 10 ], [ "R", 10 ], [ "R", 1 ], [ "R", 1 ], [ "R", 1 ], [ "R", 24 ], [ "R", 1 ], [ "R", 24 ], [ "R", 24 ], [ "W", 15 ], [ "W", 15 ], [ "R", 15 ], [ "R", 15 ], [ "W", 15 ], [ "R", 22 ], [ "R", 18 ], [ "W", 22 ], [ "W", 18 ], [ "R", 10 ], [ "R", 10 ], [ "R", 1 ], [ "R", 1 ], [ "R", 1 ], [ "R", 24 ], [ "R", 1 ], [ "R", 24 ], [ "R", 24 ], [ "R", 10 ], [ "R", 10 ], [ "R", 1 ], [ "R", 1 ], [ "R", 1 ], [ "R", 24 ], [ "R", 10 ], [ "R", 1 ], [ "R", 24 ], [ "R", 24 ], [ "W", 22 ], [ "R", 10 ], [ "R", 10 ], [ "R", 1 ], [ "R", 1 ], [ "R", 1 ], [ "R", 24 ], [ "R", 1 ], [ "R", 24 ], [ "R", 24 ], [ "R", 10 ], [ "R", 10 ], [ "R", 1 ], [ "R", 1 ], [ "R", 1 ], [ "R", 24 ], [ "R", 1 ], [ "R", 24 ], [ "R", 24 ], [ "R", 10 ], [ "R", 10 ], [ "R", 22 ], [ "R", 22 ], [ "R", 22 ], [ "R", 24 ], [ "R", 10 ], [ "R", 6 ], [ "R", 6 ], [ "R", 11 ], [ "R", 6 ], [ "R", 6 ], [ "R", 11 ], [ "R", 22 ], [ "R", 6 ], [ "R", 11 ], [ "R", 10 ], [ "R", 10 ], [ "R", 1 ], [ "R", 1 ], [ "R", 1 ], [ "R", 24 ], [ "R", 1 ], [ "R", 24 ], [ "R", 24 ], [ "R", 10 ], [ "R", 10 ], [ "R", 16 ], [ "R", 16 ], [ "R", 16 ], [ "R", 24 ], [ "R", 16 ], [ "R", 6 ], [ "R", 6 ], [ "R", 11 ], [ "R", 11 ], [ "R", 11 ], [ "R", 22 ], [ "R", 10 ], [ "R", 18 ], [ "R", 18 ], [ "R", 22 ], [ "R", 11 ], [ "R", 18 ], [ "R", 18 ], [ "R", 22 ], [ "R", 18 ], [ "R", 20 ], [ "R", 18 ], [ "R", 20 ], [ "R", 15 ], [ "R", 21 ], [ "R", 18 ], [ "R", 22 ], [ "R", 11 ], [ "R", 6 ], [ "R", 18 ], [ "R", 22 ], [ "R", 11 ] ]
    } ]
  }
}