{
  "ExhibitionDirectorController.addGuide" : {
    "t" : [ {
      "id" : 0,
      "a" : [ [ "R", 12 ], [ "R", 11 ], [ "R", 10 ], [ "R", 11 ], [ "R", 1 ], [ "R", 1 ], [ "R", 1 ], [ "R", 25 ], [ "R", 10 ], [ "R", 17 ], [ "R", 12 ], [ "R", 20 ], [ "R", 20 ], [ "R", 17 ], [ "R", 12 ], [ "R", 12 ], [ "R", 20 ], [ "R", 20 ], [ "R", 17 ], [ "R", 11 ], [ "R", 14 ], [ "R", 17 ], [ "R", 14 ], [ "R", 17 ], [ "R", 14 ], [ "R", 17 ], [ "R", 14 ], [ "R", 14 ], [ "R", 12 ] ]
    } ]
  },
  "VisitorAdministratorController.listUnlocked" : {
    "t" : [ {
      "id" : 0,
      "a" : [ [ "R", 11 ], [ "R", 2 ], [ "R", 11 ], [ "R", 1 ], [ "R", 1 ], [ "R", 1 ], [ "R", 25 ], [ "R", 26 ], [ "R", 26 ], [ "R", 26 ], [ "R", 25 ] ]
    } ]
  },
  "RoomDirectorController.display" : {
    "t" : [ {
      "id" : 0,
      "a" : [ [ "R", 20 ], [ "R", 11 ], [ "R", 10 ], [ "R", 11 ], [ "R", 1 ], [ "R", 1 ], [ "R", 1 ], [ "R", 25 ], [ "R", 20 ], [ "R", 17 ], [ "R", 17 ], [ "R", 10 ], [ "R", 11 ], [ "R", 11 ], [ "R", 11 ], [ "R", 11 ], [ "R", 12 ], [ "R", 12 ], [ "R", 12 ], [ "R", 20 ], [ "R", 12 ], [ "R", 12 ], [ "R", 11 ], [ "R", 12 ], [ "R", 12 ], [ "R", 12 ], [ "R", 20 ], [ "R", 12 ], [ "R", 11 ], [ "R", 10 ], [ "R", 11 ], [ "R", 1 ], [ "R", 1 ], [ "R", 1 ], [ "R", 25 ], [ "R", 10 ], [ "R", 17 ], [ "R", 20 ], [ "R", 17 ], [ "R", 11 ], [ "R", 15 ], [ "R", 15 ], [ "R", 15 ], [ "R", 20 ], [ "R", 15 ], [ "R", 20 ], [ "R", 20 ], [ "R", 11 ], [ "R", 10 ], [ "R", 11 ], [ "R", 1 ], [ "R", 1 ], [ "R", 1 ], [ "R", 25 ], [ "R", 10 ], [ "R", 17 ], [ "R", 20 ], [ "R", 17 ], [ "R", 11 ], [ "R", 12 ], [ "R", 12 ], [ "R", 12 ], [ "R", 20 ], [ "R", 12 ], [ "R", 12 ], [ "R", 11 ], [ "R", 10 ], [ "R", 11 ], [ "R", 1 ], [ "R", 1 ], [ "R", 1 ], [ "R", 25 ], [ "R", 11 ], [ "R", 12 ], [ "R", 12 ], [ "R", 12 ], [ "R", 20 ], [ "R", 12 ], [ "R", 12 ], [ "R", 9 ], [ "R", 11 ], [ "R", 10 ], [ "R", 11 ], [ "R", 1 ], [ "R", 1 ], [ "R", 1 ], [ "R", 25 ], [ "R", 11 ], [ "R", 12 ], [ "R", 12 ], [ "R", 12 ], [ "R", 20 ], [ "R", 12 ], [ "R", 12 ], [ "R", 22 ] ]
    } ]
  },
  "CritiqueCriticController.create" : {
    "t" : [ {
      "id" : 0,
      "a" : [ [ "R", 12 ], [ "R", 11 ], [ "R", 7 ], [ "R", 11 ], [ "R", 1 ], [ "R", 1 ], [ "R", 1 ], [ "R", 25 ], [ "R", 12 ], [ "W", 8 ], [ "W", 12 ], [ "W", 8 ], [ "W", 7 ], [ "W", 8 ], [ "R", 11 ], [ "R", 7 ], [ "R", 11 ], [ "R", 1 ], [ "R", 1 ], [ "R", 1 ], [ "R", 25 ], [ "R", 11 ], [ "R", 11 ], [ "R", 8 ], [ "R", 8 ], [ "R", 8 ], [ "R", 7 ], [ "R", 8 ], [ "R", 12 ], [ "R", 8 ], [ "R", 12 ], [ "R", 11 ] ]
    } ]
  },
  "AnnouncementAdministratorController.delete" : {
    "t" : [ {
      "id" : 0,
      "a" : [ [ "R", 3 ], [ "R", 11 ], [ "R", 3 ], [ "R", 11 ], [ "R", 2 ], [ "R", 11 ], [ "R", 1 ], [ "R", 1 ], [ "R", 1 ], [ "R", 25 ], [ "R", 3 ], [ "R", 13 ], [ "R", 13 ], [ "R", 3 ], [ "R", 3 ], [ "R", 13 ], [ "R", 13 ], [ "R", 26 ], [ "R", 13 ], [ "R", 13 ], [ "R", 26 ], [ "R", 13 ], [ "R", 13 ], [ "R", 13 ], [ "R", 24 ], [ "R", 24 ], [ "W", 13 ], [ "W", 13 ], [ "W", 3 ] ]
    } ]
  },
  "GroupVisitorController.joinGroup" : {
    "t" : [ {
      "id" : 0,
      "a" : [ [ "R", 13 ], [ "R", 11 ], [ "R", 13 ], [ "R", 11 ], [ "R", 26 ], [ "R", 11 ], [ "R", 1 ], [ "R", 1 ], [ "R", 1 ], [ "R", 25 ], [ "R", 13 ], [ "R", 13 ], [ "R", 13 ], [ "R", 13 ], [ "R", 26 ], [ "R", 13 ], [ "R", 26 ], [ "R", 26 ], [ "R", 13 ], [ "W", 26 ], [ "R", 13 ], [ "R", 26 ], [ "R", 13 ], [ "R", 26 ], [ "R", 13 ], [ "R", 13 ], [ "R", 26 ], [ "R", 13 ], [ "R", 13 ], [ "R", 13 ], [ "R", 24 ], [ "R", 24 ], [ "W", 13 ], [ "W", 13 ] ]
    } ]
  },
  "ProductDirectorController.edit" : {
    "t" : [ {
      "id" : 0,
      "a" : [ [ "R", 11 ], [ "R", 18 ], [ "W", 18 ], [ "R", 18 ], [ "W", 18 ], [ "R", 18 ], [ "W", 18 ], [ "R", 18 ], [ "W", 18 ], [ "R", 18 ], [ "W", 18 ], [ "R", 18 ], [ "R", 23 ], [ "W", 18 ], [ "W", 23 ], [ "R", 18 ], [ "R", 23 ], [ "R", 11 ], [ "R", 10 ], [ "R", 11 ], [ "R", 1 ], [ "R", 1 ], [ "R", 1 ], [ "R", 25 ], [ "R", 18 ], [ "R", 23 ], [ "R", 18 ], [ "R", 23 ], [ "R", 23 ], [ "R", 17 ], [ "R", 17 ], [ "R", 10 ], [ "R", 11 ], [ "R", 11 ], [ "R", 11 ], [ "R", 18 ], [ "R", 18 ], [ "R", 18 ], [ "R", 18 ], [ "R", 18 ], [ "W", 18 ], [ "R", 11 ], [ "R", 18 ], [ "R", 23 ] ]
    } ]
  },
  "StoreDirectorController.create" : {
    "t" : [ {
      "id" : 0,
      "a" : [ [ "R", 17 ], [ "R", 11 ], [ "R", 10 ], [ "R", 11 ], [ "R", 1 ], [ "R", 1 ], [ "R", 1 ], [ "R", 25 ], [ "R", 17 ], [ "R", 23 ], [ "R", 10 ], [ "R", 17 ], [ "R", 17 ], [ "R", 10 ], [ "R", 11 ], [ "R", 11 ], [ "R", 11 ], [ "R", 11 ], [ "R", 10 ], [ "R", 11 ], [ "R", 1 ], [ "R", 1 ], [ "R", 1 ], [ "R", 25 ], [ "R", 17 ], [ "R", 23 ], [ "W", 23 ], [ "W", 17 ], [ "W", 23 ], [ "W", 18 ], [ "R", 23 ], [ "R", 17 ] ]
    } ]
  },
  "DirectorAdministratorController.register" : {
    "t" : [ {
      "id" : 0,
      "a" : [ [ "R", 11 ], [ "R", 2 ], [ "R", 11 ], [ "R", 1 ], [ "R", 1 ], [ "R", 1 ], [ "R", 25 ] ]
    } ]
  },
  "ArtworkGuideController.edit" : {
    "t" : [ {
      "id" : 0,
      "a" : [ [ "R", 4 ], [ "R", 11 ], [ "R", 14 ], [ "R", 11 ], [ "R", 1 ], [ "R", 1 ], [ "R", 1 ], [ "R", 25 ], [ "R", 14 ], [ "R", 12 ], [ "R", 4 ], [ "R", 12 ], [ "R", 4 ], [ "R", 4 ], [ "R", 12 ] ]
    } ]
  },
  "IncidentGuideController.create" : {
    "t" : [ {
      "id" : 0,
      "a" : [ [ "R", 17 ], [ "R", 11 ], [ "R", 14 ], [ "R", 11 ], [ "R", 1 ], [ "R", 1 ], [ "R", 1 ], [ "R", 25 ], [ "W", 15 ], [ "W", 14 ], [ "W", 15 ], [ "R", 11 ], [ "R", 10 ], [ "R", 11 ], [ "R", 1 ], [ "R", 1 ], [ "R", 1 ], [ "R", 25 ], [ "R", 11 ], [ "R", 14 ], [ "R", 11 ], [ "R", 1 ], [ "R", 1 ], [ "R", 1 ], [ "R", 25 ], [ "R", 10 ], [ "R", 17 ], [ "R", 17 ], [ "R", 14 ], [ "R", 11 ], [ "R", 20 ], [ "R", 20 ], [ "R", 20 ], [ "R", 17 ], [ "R", 11 ] ]
    } ]
  },
  "CategoryAdministratorController.create" : {
    "t" : [ {
      "id" : 0,
      "a" : [ [ "R", 5 ], [ "R", 11 ], [ "R", 5 ], [ "W", 5 ], [ "W", 5 ], [ "W", 5 ], [ "W", 12 ], [ "W", 5 ], [ "W", 5 ] ]
    } ]
  },
  "AnnouncementAdministratorController.listTabooed" : {
    "t" : [ {
      "id" : 0,
      "a" : [ [ "R", 3 ], [ "R", 11 ], [ "R", 2 ], [ "R", 11 ], [ "R", 1 ], [ "R", 1 ], [ "R", 1 ], [ "R", 25 ], [ "R", 3 ], [ "R", 3 ], [ "R", 3 ] ]
    } ]
  },
  "ExhibitionDirectorController.create" : {
    "t" : [ {
      "id" : 0,
      "a" : [ [ "R", 11 ], [ "R", 10 ], [ "R", 11 ], [ "R", 1 ], [ "R", 1 ], [ "R", 1 ], [ "R", 25 ], [ "W", 12 ], [ "W", 9 ], [ "W", 12 ], [ "W", 22 ], [ "W", 12 ], [ "W", 8 ], [ "W", 12 ], [ "W", 4 ], [ "W", 12 ], [ "W", 14 ], [ "R", 5 ], [ "R", 5 ], [ "R", 5 ], [ "R", 11 ], [ "R", 10 ], [ "R", 11 ], [ "R", 1 ], [ "R", 1 ], [ "R", 1 ], [ "R", 25 ], [ "R", 11 ], [ "R", 20 ], [ "R", 20 ], [ "R", 20 ], [ "R", 17 ], [ "R", 10 ], [ "R", 11 ], [ "R", 10 ], [ "R", 11 ], [ "R", 1 ], [ "R", 1 ], [ "R", 1 ], [ "R", 25 ], [ "R", 11 ], [ "R", 12 ], [ "R", 12 ], [ "R", 12 ], [ "R", 20 ], [ "R", 17 ], [ "R", 10 ] ]
    } ]
  },
  "DayPassVisitorController.listMine" : {
    "t" : [ {
      "id" : 0,
      "a" : [ [ "R", 11 ], [ "R", 26 ], [ "R", 11 ], [ "R", 1 ], [ "R", 1 ], [ "R", 1 ], [ "R", 25 ], [ "R", 11 ], [ "R", 26 ], [ "R", 11 ], [ "R", 1 ], [ "R", 1 ], [ "R", 1 ], [ "R", 25 ], [ "R", 11 ], [ "R", 9 ], [ "R", 9 ], [ "R", 9 ], [ "R", 26 ] ]
    } ]
  },
  "DayPassVisitorController.create" : {
    "t" : [ {
      "id" : 0,
      "a" : [ [ "R", 12 ], [ "R", 12 ], [ "R", 12 ], [ "R", 11 ], [ "R", 4 ], [ "R", 4 ], [ "R", 4 ], [ "R", 12 ], [ "R", 4 ], [ "R", 4 ], [ "R", 12 ], [ "R", 11 ], [ "R", 26 ], [ "R", 11 ], [ "R", 1 ], [ "R", 1 ], [ "R", 1 ], [ "R", 25 ], [ "R", 12 ], [ "R", 20 ], [ "R", 20 ], [ "R", 17 ], [ "R", 17 ], [ "R", 12 ], [ "R", 24 ], [ "R", 24 ], [ "W", 9 ], [ "R", 24 ], [ "R", 24 ], [ "W", 9 ], [ "W", 9 ], [ "W", 26 ], [ "W", 9 ], [ "W", 12 ], [ "R", 12 ], [ "R", 20 ], [ "R", 20 ], [ "R", 17 ], [ "W", 9 ], [ "W", 17 ], [ "R", 17 ], [ "R", 11 ], [ "R", 26 ], [ "R", 11 ], [ "R", 1 ], [ "R", 1 ], [ "R", 1 ], [ "R", 25 ], [ "R", 17 ], [ "R", 24 ], [ "R", 24 ], [ "W", 9 ], [ "R", 24 ], [ "R", 24 ], [ "W", 9 ], [ "W", 9 ], [ "W", 26 ], [ "W", 9 ], [ "W", 17 ] ]
    } ]
  },
  "ArtworkCriticController.display" : {
    "t" : [ {
      "id" : 0,
      "a" : [ [ "R", 4 ] ]
    } ]
  },
  "ReviewAdministratorController.listTabooed" : {
    "t" : [ {
      "id" : 0,
      "a" : [ [ "R", 11 ], [ "R", 2 ], [ "R", 11 ], [ "R", 1 ], [ "R", 1 ], [ "R", 1 ], [ "R", 25 ], [ "R", 11 ], [ "R", 2 ], [ "R", 11 ], [ "R", 1 ], [ "R", 1 ], [ "R", 1 ], [ "R", 25 ], [ "R", 19 ], [ "R", 19 ], [ "R", 19 ] ]
    } ]
  },
  "RoomDirectorController.edit" : {
    "t" : [ {
      "id" : 0,
      "a" : [ [ "R", 11 ], [ "R", 10 ], [ "R", 11 ], [ "R", 1 ], [ "R", 1 ], [ "R", 1 ], [ "R", 25 ], [ "W", 20 ], [ "W", 20 ], [ "W", 12 ], [ "W", 20 ], [ "W", 15 ], [ "R", 20 ], [ "W", 20 ], [ "R", 20 ], [ "W", 20 ], [ "R", 20 ], [ "R", 17 ], [ "W", 20 ], [ "W", 17 ], [ "R", 11 ], [ "R", 10 ], [ "R", 11 ], [ "R", 1 ], [ "R", 1 ], [ "R", 1 ], [ "R", 25 ], [ "R", 11 ], [ "R", 17 ], [ "R", 17 ], [ "R", 17 ], [ "R", 10 ], [ "R", 11 ], [ "R", 10 ], [ "R", 11 ], [ "R", 1 ], [ "R", 1 ], [ "R", 1 ], [ "R", 25 ], [ "R", 10 ], [ "R", 17 ], [ "R", 20 ], [ "R", 17 ], [ "W", 20 ], [ "R", 11 ], [ "R", 11 ], [ "R", 10 ], [ "R", 11 ], [ "R", 1 ], [ "R", 1 ], [ "R", 1 ], [ "R", 25 ], [ "R", 11 ], [ "R", 17 ], [ "R", 17 ], [ "R", 17 ], [ "R", 10 ] ]
    } ]
  },
  "GroupVisitorController.listJoined" : {
    "t" : [ {
      "id" : 0,
      "a" : [ [ "R", 11 ], [ "R", 26 ], [ "R", 11 ], [ "R", 1 ], [ "R", 1 ], [ "R", 1 ], [ "R", 25 ], [ "R", 11 ], [ "R", 13 ], [ "R", 26 ], [ "R", 13 ], [ "R", 26 ], [ "R", 26 ], [ "R", 13 ], [ "R", 26 ] ]
    } ]
  },
  "CommentAdministratorController.delete" : {
    "t" : [ {
      "id" : 0,
      "a" : [ [ "R", 11 ], [ "R", 2 ], [ "R", 11 ], [ "R", 1 ], [ "R", 1 ], [ "R", 1 ], [ "R", 25 ], [ "R", 6 ], [ "R", 11 ], [ "R", 6 ], [ "R", 11 ], [ "R", 2 ], [ "R", 11 ], [ "R", 1 ], [ "R", 1 ], [ "R", 1 ], [ "R", 25 ], [ "R", 11 ], [ "R", 26 ], [ "R", 11 ], [ "R", 1 ], [ "R", 1 ], [ "R", 1 ], [ "R", 25 ], [ "R", 6 ], [ "R", 13 ], [ "R", 26 ], [ "R", 13 ], [ "R", 13 ], [ "R", 26 ], [ "R", 13 ], [ "R", 13 ], [ "R", 26 ], [ "R", 13 ], [ "R", 26 ], [ "R", 13 ], [ "R", 6 ], [ "R", 6 ], [ "R", 6 ], [ "R", 6 ], [ "R", 6 ], [ "R", 6 ], [ "R", 6 ], [ "R", 6 ], [ "R", 6 ], [ "R", 6 ], [ "R", 24 ], [ "R", 24 ], [ "W", 6 ], [ "W", 6 ], [ "W", 6 ], [ "W", 6 ], [ "W", 6 ], [ "R", 6 ], [ "R", 6 ], [ "W", 6 ], [ "W", 6 ], [ "R", 6 ], [ "R", 6 ], [ "R", 24 ], [ "R", 24 ], [ "W", 6 ], [ "W", 6 ], [ "W", 6 ], [ "R", 6 ], [ "R", 26 ], [ "R", 26 ], [ "R", 6 ], [ "R", 6 ], [ "R", 26 ], [ "W", 26 ], [ "W", 26 ], [ "W", 6 ], [ "W", 6 ] ]
    } ]
  },
  "AnnouncementVisitorController.edit" : {
    "t" : [ {
      "id" : 0,
      "a" : [ [ "R", 3 ], [ "R", 13 ], [ "R", 11 ], [ "R", 26 ], [ "R", 11 ], [ "R", 1 ], [ "R", 1 ], [ "R", 1 ], [ "R", 25 ], [ "R", 3 ], [ "R", 13 ], [ "R", 13 ], [ "R", 26 ], [ "R", 11 ], [ "R", 11 ], [ "R", 11 ], [ "R", 11 ], [ "W", 3 ], [ "W", 3 ], [ "R", 3 ], [ "R", 13 ], [ "R", 11 ], [ "R", 26 ], [ "R", 11 ], [ "R", 1 ], [ "R", 1 ], [ "R", 1 ], [ "R", 25 ], [ "R", 3 ], [ "R", 13 ], [ "R", 13 ], [ "R", 26 ], [ "R", 11 ], [ "R", 11 ], [ "R", 11 ], [ "W", 3 ], [ "R", 3 ], [ "R", 3 ], [ "R", 24 ], [ "R", 24 ], [ "W", 3 ], [ "W", 3 ], [ "R", 3 ], [ "R", 13 ], [ "R", 11 ], [ "R", 3 ], [ "R", 13 ] ]
    } ]
  },
  "DirectorCriticController.list" : {
    "t" : [ {
      "id" : 0,
      "a" : [ [ "R", 10 ] ]
    } ]
  },
  "InvitationVisitorController.display" : {
    "t" : [ {
      "id" : 0,
      "a" : [ [ "R", 11 ], [ "R", 26 ], [ "R", 11 ], [ "R", 1 ], [ "R", 1 ], [ "R", 1 ], [ "R", 25 ], [ "R", 16 ], [ "R", 16 ], [ "R", 26 ], [ "R", 11 ], [ "R", 11 ], [ "R", 11 ] ]
    } ]
  },
  "GuideAdministratorController.register" : {
    "t" : [ {
      "id" : 0,
      "a" : [ [ "R", 11 ], [ "R", 2 ], [ "R", 11 ], [ "R", 1 ], [ "R", 1 ], [ "R", 1 ], [ "R", 25 ] ]
    } ]
  },
  "DirectorSponsorController.display" : {
    "t" : [ {
      "id" : 0,
      "a" : [ [ "R", 10 ], [ "R", 11 ], [ "R", 17 ], [ "R", 17 ], [ "R", 17 ], [ "R", 10 ] ]
    } ]
  },
  "ProductController.display" : {
    "t" : [ {
      "id" : 0,
      "a" : [ [ "R", 18 ] ]
    } ]
  },
  "SystemConfigurationAdministratorController.edit" : {
    "t" : [ {
      "id" : 0,
      "a" : [ [ "R", 24 ], [ "R", 24 ], [ "W", 24 ], [ "R", 11 ], [ "R", 2 ], [ "R", 11 ], [ "R", 1 ], [ "R", 1 ], [ "R", 1 ], [ "R", 25 ], [ "R", 24 ], [ "R", 11 ], [ "R", 11 ], [ "R", 11 ], [ "R", 11 ], [ "R", 24 ], [ "W", 24 ], [ "W", 24 ] ]
    } ]
  },
  "CommentVisitorController.edit" : {
    "t" : [ {
      "id" : 0,
      "a" : [ [ "R", 13 ], [ "W", 6 ], [ "W", 13 ], [ "R", 6 ], [ "W", 6 ], [ "W", 6 ], [ "R", 11 ], [ "R", 6 ], [ "R", 6 ], [ "R", 6 ], [ "R", 6 ], [ "R", 11 ], [ "R", 26 ], [ "R", 11 ], [ "R", 1 ], [ "R", 1 ], [ "R", 1 ], [ "R", 25 ], [ "R", 26 ], [ "R", 13 ], [ "R", 6 ], [ "R", 13 ], [ "R", 26 ], [ "R", 13 ], [ "R", 6 ], [ "R", 13 ], [ "W", 6 ], [ "W", 6 ], [ "W", 6 ], [ "W", 6 ], [ "W", 26 ], [ "W", 6 ], [ "W", 6 ], [ "R", 6 ], [ "R", 13 ], [ "W", 6 ], [ "W", 13 ], [ "R", 6 ], [ "R", 13 ], [ "R", 6 ], [ "R", 13 ], [ "R", 11 ], [ "R", 26 ], [ "R", 11 ], [ "R", 1 ], [ "R", 1 ], [ "R", 1 ], [ "R", 25 ], [ "R", 26 ], [ "R", 13 ], [ "R", 26 ], [ "R", 13 ], [ "W", 6 ], [ "W", 6 ], [ "W", 6 ], [ "W", 6 ], [ "W", 26 ], [ "W", 6 ], [ "W", 13 ], [ "R", 11 ], [ "R", 26 ], [ "R", 11 ], [ "R", 1 ], [ "R", 1 ], [ "R", 1 ], [ "R", 25 ], [ "R", 6 ], [ "R", 26 ], [ "R", 11 ], [ "R", 11 ], [ "R", 11 ], [ "R", 6 ], [ "W", 6 ], [ "R", 6 ], [ "W", 6 ], [ "R", 6 ], [ "W", 6 ], [ "R", 11 ], [ "R", 11 ], [ "R", 26 ], [ "R", 11 ], [ "R", 1 ], [ "R", 1 ], [ "R", 1 ], [ "R", 25 ], [ "R", 6 ], [ "R", 26 ], [ "R", 11 ], [ "R", 11 ], [ "R", 11 ], [ "R", 26 ], [ "R", 13 ], [ "R", 6 ], [ "R", 13 ], [ "R", 26 ], [ "R", 13 ], [ "R", 6 ], [ "R", 13 ], [ "R", 6 ], [ "R", 6 ], [ "R", 6 ], [ "R", 6 ], [ "R", 6 ], [ "R", 13 ], [ "R", 6 ], [ "R", 13 ], [ "R", 11 ], [ "R", 11 ], [ "R", 11 ], [ "R", 6 ], [ "R", 6 ], [ "R", 24 ], [ "R", 24 ], [ "W", 6 ], [ "W", 6 ], [ "R", 6 ], [ "R", 13 ], [ "R", 11 ] ]
    } ]
  },
  "CategoryGuideController.display" : {
    "t" : [ {
      "id" : 0,
      "a" : [ [ "R", 5 ], [ "R", 5 ], [ "R", 5 ], [ "R", 5 ], [ "R", 11 ], [ "R", 5 ], [ "R", 5 ], [ "R", 5 ], [ "R", 5 ], [ "R", 11 ], [ "R", 12 ], [ "R", 12 ], [ "R", 12 ], [ "R", 5 ] ]
    } ]
  },
  "IncidentDirectorController.delete" : {
    "t" : [ {
      "id" : 0,
      "a" : [ [ "R", 15 ], [ "R", 15 ], [ "R", 20 ], [ "R", 11 ], [ "R", 15 ], [ "R", 20 ], [ "R", 20 ], [ "R", 17 ], [ "R", 11 ], [ "R", 11 ], [ "R", 15 ], [ "R", 11 ], [ "R", 10 ], [ "R", 11 ], [ "R", 1 ], [ "R", 1 ], [ "R", 1 ], [ "R", 25 ], [ "R", 10 ], [ "R", 17 ], [ "R", 15 ], [ "R", 20 ], [ "R", 20 ], [ "R", 17 ], [ "R", 15 ], [ "R", 15 ], [ "R", 20 ], [ "R", 20 ], [ "R", 15 ], [ "R", 15 ], [ "R", 20 ], [ "W", 20 ], [ "R", 15 ], [ "R", 14 ], [ "R", 14 ], [ "R", 15 ], [ "R", 15 ], [ "R", 14 ], [ "W", 14 ], [ "W", 15 ] ]
    } ]
  },
  "ExhibitionController.display" : {
    "t" : [ {
      "id" : 0,
      "a" : [ [ "R", 12 ], [ "R", 11 ], [ "R", 4 ], [ "R", 4 ], [ "R", 4 ], [ "R", 12 ], [ "R", 4 ], [ "R", 4 ], [ "R", 11 ], [ "R", 8 ], [ "R", 8 ], [ "R", 8 ], [ "R", 12 ], [ "R", 14 ], [ "R", 14 ], [ "R", 14 ], [ "R", 12 ], [ "R", 11 ], [ "R", 22 ], [ "R", 22 ], [ "R", 22 ], [ "R", 22 ], [ "R", 12 ], [ "R", 22 ], [ "R", 22 ] ]
    } ]
  },
  "CategorySponsorController.display" : {
    "t" : [ {
      "id" : 0,
      "a" : [ [ "R", 5 ], [ "R", 5 ], [ "R", 5 ], [ "R", 5 ], [ "R", 11 ], [ "R", 5 ], [ "R", 5 ], [ "R", 5 ], [ "R", 5 ], [ "R", 11 ], [ "R", 12 ], [ "R", 12 ], [ "R", 12 ], [ "R", 5 ] ]
    } ]
  },
  "ProductDirectorController.delete" : {
    "t" : [ {
      "id" : 0,
      "a" : [ [ "R", 18 ], [ "R", 11 ], [ "R", 10 ], [ "R", 11 ], [ "R", 1 ], [ "R", 1 ], [ "R", 1 ], [ "R", 25 ], [ "R", 18 ], [ "R", 23 ], [ "R", 23 ], [ "R", 17 ], [ "R", 17 ], [ "R", 10 ], [ "R", 11 ], [ "R", 11 ], [ "R", 11 ], [ "R", 18 ], [ "R", 23 ], [ "R", 11 ], [ "R", 10 ], [ "R", 11 ], [ "R", 1 ], [ "R", 1 ], [ "R", 1 ], [ "R", 25 ], [ "R", 18 ], [ "R", 23 ], [ "R", 11 ], [ "R", 23 ], [ "R", 23 ], [ "R", 17 ], [ "R", 17 ], [ "R", 10 ], [ "R", 11 ], [ "R", 11 ], [ "R", 11 ], [ "R", 23 ], [ "R", 18 ], [ "R", 23 ], [ "R", 18 ], [ "W", 23 ], [ "W", 18 ], [ "W", 23 ], [ "R", 18 ], [ "R", 23 ], [ "R", 11 ] ]
    } ]
  },
  "GroupVisitorController.create" : {
    "t" : [ {
      "id" : 0,
      "a" : [ [ "R", 11 ], [ "R", 26 ], [ "R", 11 ], [ "R", 1 ], [ "R", 1 ], [ "R", 1 ], [ "R", 25 ], [ "W", 13 ], [ "W", 3 ], [ "W", 13 ], [ "W", 6 ], [ "W", 13 ], [ "W", 26 ], [ "W", 13 ], [ "W", 16 ], [ "W", 13 ], [ "W", 26 ], [ "R", 13 ], [ "R", 26 ], [ "R", 17 ] ]
    } ]
  },
  "DayPassVisitorController.edit" : {
    "t" : [ {
      "id" : 0,
      "a" : [ [ "R", 12 ], [ "R", 12 ], [ "R", 12 ], [ "R", 11 ], [ "R", 4 ], [ "R", 4 ], [ "R", 4 ], [ "R", 12 ], [ "R", 4 ], [ "R", 4 ], [ "W", 9 ], [ "W", 12 ], [ "R", 17 ], [ "W", 9 ], [ "W", 17 ], [ "R", 11 ], [ "R", 9 ], [ "R", 12 ], [ "R", 9 ], [ "R", 12 ], [ "R", 12 ], [ "R", 11 ], [ "R", 26 ], [ "R", 11 ], [ "R", 1 ], [ "R", 1 ], [ "R", 1 ], [ "R", 25 ], [ "R", 12 ], [ "R", 20 ], [ "R", 20 ], [ "R", 17 ], [ "R", 17 ], [ "R", 12 ], [ "R", 24 ], [ "R", 24 ], [ "W", 9 ], [ "R", 24 ], [ "R", 24 ], [ "W", 9 ], [ "W", 9 ], [ "W", 26 ], [ "W", 9 ], [ "W", 12 ], [ "R", 12 ], [ "R", 20 ], [ "R", 20 ], [ "R", 17 ], [ "W", 9 ], [ "W", 17 ], [ "R", 9 ], [ "R", 12 ], [ "R", 12 ], [ "R", 20 ], [ "R", 20 ], [ "R", 17 ], [ "R", 17 ], [ "R", 9 ], [ "R", 9 ], [ "R", 12 ], [ "R", 12 ], [ "R", 20 ], [ "R", 20 ], [ "R", 17 ], [ "R", 17 ], [ "R", 9 ], [ "R", 17 ], [ "R", 9 ], [ "R", 17 ], [ "R", 11 ], [ "R", 26 ], [ "R", 11 ], [ "R", 1 ], [ "R", 1 ], [ "R", 1 ], [ "R", 25 ], [ "R", 17 ], [ "R", 24 ], [ "R", 24 ], [ "W", 9 ], [ "R", 24 ], [ "R", 24 ], [ "W", 9 ], [ "W", 9 ], [ "W", 26 ], [ "W", 9 ], [ "W", 17 ], [ "R", 9 ], [ "R", 17 ], [ "R", 17 ], [ "R", 9 ], [ "R", 9 ], [ "R", 17 ], [ "R", 17 ], [ "R", 11 ], [ "R", 26 ], [ "R", 11 ], [ "R", 1 ], [ "R", 1 ], [ "R", 1 ], [ "R", 25 ], [ "R", 1 ], [ "R", 25 ], [ "R", 25 ], [ "W", 9 ], [ "W", 9 ], [ "R", 9 ], [ "W", 9 ], [ "R", 9 ], [ "W", 9 ], [ "W", 9 ], [ "W", 26 ], [ "R", 9 ], [ "W", 9 ], [ "R", 11 ], [ "R", 11 ], [ "R", 26 ], [ "R", 11 ], [ "R", 1 ], [ "R", 1 ], [ "R", 1 ], [ "R", 25 ], [ "R", 9 ], [ "R", 26 ], [ "R", 11 ], [ "R", 11 ], [ "R", 11 ], [ "R", 9 ], [ "R", 9 ], [ "R", 12 ], [ "R", 9 ], [ "R", 12 ], [ "R", 12 ], [ "R", 12 ], [ "R", 11 ], [ "R", 4 ], [ "R", 4 ], [ "R", 4 ], [ "R", 12 ], [ "R", 4 ], [ "R", 4 ], [ "R", 9 ], [ "R", 9 ], [ "R", 12 ], [ "R", 12 ], [ "R", 9 ], [ "R", 9 ], [ "R", 12 ], [ "R", 12 ], [ "R", 9 ], [ "R", 9 ], [ "R", 9 ], [ "R", 9 ], [ "R", 9 ], [ "R", 9 ], [ "R", 9 ], [ "W", 9 ] ]
    } ]
  },
  "MuseumGuideController.listResults" : {
    "t" : [ {
      "id" : 0,
      "a" : [ [ "R", 17 ] ]
    } ]
  },
  "InvitationVisitorController.edit" : {
    "t" : [ {
      "id" : 0,
      "a" : [ [ "R", 16 ], [ "R", 13 ], [ "R", 16 ], [ "R", 13 ], [ "R", 13 ], [ "R", 11 ], [ "R", 26 ], [ "R", 11 ], [ "R", 1 ], [ "R", 1 ], [ "R", 1 ], [ "R", 25 ], [ "R", 13 ], [ "R", 26 ], [ "R", 11 ], [ "R", 11 ], [ "R", 11 ], [ "R", 13 ], [ "R", 13 ], [ "R", 13 ], [ "R", 26 ], [ "W", 16 ], [ "W", 13 ], [ "W", 16 ], [ "W", 26 ], [ "W", 16 ], [ "R", 16 ], [ "W", 16 ], [ "R", 16 ], [ "W", 16 ], [ "R", 16 ], [ "R", 26 ], [ "W", 16 ], [ "W", 26 ], [ "R", 16 ], [ "R", 13 ], [ "W", 16 ], [ "W", 13 ], [ "R", 16 ], [ "R", 13 ], [ "R", 16 ], [ "R", 13 ], [ "R", 26 ], [ "R", 26 ], [ "R", 26 ], [ "R", 13 ], [ "R", 26 ], [ "R", 16 ], [ "R", 16 ], [ "R", 26 ], [ "R", 16 ], [ "R", 13 ], [ "R", 16 ], [ "R", 11 ], [ "R", 16 ], [ "R", 13 ], [ "R", 13 ], [ "R", 11 ], [ "R", 26 ], [ "R", 11 ], [ "R", 1 ], [ "R", 1 ], [ "R", 1 ], [ "R", 25 ], [ "R", 16 ], [ "R", 26 ], [ "R", 11 ], [ "R", 11 ], [ "R", 11 ], [ "R", 16 ], [ "R", 26 ], [ "R", 13 ], [ "R", 26 ], [ "R", 13 ], [ "R", 26 ], [ "R", 16 ], [ "R", 26 ], [ "R", 13 ], [ "R", 13 ], [ "R", 13 ], [ "R", 26 ], [ "R", 16 ], [ "R", 26 ], [ "R", 11 ], [ "R", 26 ], [ "R", 26 ], [ "R", 26 ], [ "R", 26 ], [ "R", 13 ], [ "R", 26 ], [ "R", 16 ], [ "R", 16 ], [ "R", 26 ], [ "R", 16 ], [ "R", 13 ], [ "R", 16 ], [ "R", 16 ], [ "R", 26 ], [ "W", 16 ], [ "R", 16 ], [ "R", 13 ], [ "R", 11 ], [ "R", 16 ], [ "R", 13 ], [ "R", 16 ], [ "R", 13 ], [ "R", 26 ], [ "R", 26 ], [ "R", 26 ], [ "R", 13 ], [ "R", 26 ], [ "R", 16 ], [ "R", 16 ], [ "R", 26 ], [ "R", 16 ], [ "R", 13 ], [ "R", 16 ] ]
    } ]
  },
  "InvitationVisitorController.reject" : {
    "t" : [ {
      "id" : 0,
      "a" : [ [ "R", 16 ], [ "R", 11 ], [ "R", 16 ], [ "R", 16 ], [ "R", 11 ], [ "R", 26 ], [ "R", 11 ], [ "R", 1 ], [ "R", 1 ], [ "R", 1 ], [ "R", 25 ], [ "R", 16 ], [ "R", 26 ], [ "R", 11 ], [ "R", 11 ], [ "R", 11 ], [ "R", 16 ], [ "R", 13 ], [ "R", 16 ], [ "R", 13 ], [ "R", 11 ], [ "R", 13 ], [ "R", 13 ], [ "R", 16 ], [ "R", 13 ], [ "R", 26 ], [ "R", 16 ], [ "R", 26 ], [ "R", 11 ], [ "R", 11 ], [ "R", 11 ], [ "R", 26 ], [ "R", 13 ], [ "R", 13 ], [ "R", 26 ], [ "R", 13 ], [ "W", 16 ], [ "W", 16 ], [ "R", 13 ], [ "R", 26 ], [ "R", 13 ], [ "R", 26 ], [ "R", 13 ], [ "R", 13 ], [ "R", 26 ], [ "R", 13 ], [ "R", 13 ], [ "R", 13 ], [ "R", 24 ], [ "R", 24 ], [ "W", 13 ], [ "W", 13 ], [ "R", 26 ], [ "R", 13 ], [ "W", 26 ] ]
    } ]
  },
  "SponsorshipSponsorController.list" : {
    "t" : [ {
      "id" : 0,
      "a" : [ [ "R", 11 ], [ "R", 21 ], [ "R", 11 ], [ "R", 1 ], [ "R", 1 ], [ "R", 1 ], [ "R", 25 ], [ "R", 11 ], [ "R", 21 ], [ "R", 11 ], [ "R", 1 ], [ "R", 1 ], [ "R", 1 ], [ "R", 25 ], [ "R", 11 ], [ "R", 22 ], [ "R", 22 ], [ "R", 22 ], [ "R", 21 ], [ "R", 22 ] ]
    } ]
  },
  "DirectorSponsorController.list" : {
    "t" : [ {
      "id" : 0,
      "a" : [ [ "R", 10 ] ]
    } ]
  },
  "MuseumAdministratorController.display" : {
    "t" : [ {
      "id" : 0,
      "a" : [ [ "R", 17 ], [ "R", 11 ], [ "R", 19 ], [ "R", 19 ], [ "R", 19 ], [ "R", 17 ], [ "R", 19 ], [ "R", 11 ], [ "R", 20 ], [ "R", 20 ], [ "R", 12 ], [ "R", 20 ], [ "R", 17 ], [ "R", 11 ], [ "R", 19 ], [ "R", 19 ], [ "R", 19 ], [ "R", 17 ] ]
    } ]
  },
  "GroupVisitorController.list" : {
    "t" : [ {
      "id" : 0,
      "a" : [ [ "R", 13 ], [ "R", 13 ], [ "R", 13 ] ]
    } ]
  },
  "MuseumGuideController.listWorkplaces" : {
    "t" : [ {
      "id" : 0,
      "a" : [ [ "R", 11 ], [ "R", 14 ], [ "R", 11 ], [ "R", 1 ], [ "R", 1 ], [ "R", 1 ], [ "R", 25 ], [ "R", 17 ], [ "R", 17 ], [ "R", 17 ], [ "R", 14 ] ]
    } ]
  },
  "StoreVisitorController.display" : {
    "t" : [ {
      "id" : 0,
      "a" : [ [ "R", 23 ], [ "R", 11 ], [ "R", 18 ], [ "R", 18 ], [ "R", 18 ], [ "R", 23 ] ]
    } ]
  },
  "InvitationVisitorController.accept" : {
    "t" : [ {
      "id" : 0,
      "a" : [ [ "R", 16 ], [ "R", 11 ], [ "R", 16 ], [ "R", 16 ], [ "R", 11 ], [ "R", 26 ], [ "R", 11 ], [ "R", 1 ], [ "R", 1 ], [ "R", 1 ], [ "R", 25 ], [ "R", 16 ], [ "R", 26 ], [ "R", 11 ], [ "R", 11 ], [ "R", 11 ], [ "R", 16 ], [ "R", 13 ], [ "R", 16 ], [ "R", 13 ], [ "R", 11 ], [ "R", 13 ], [ "R", 13 ], [ "R", 16 ], [ "R", 13 ], [ "R", 26 ], [ "R", 16 ], [ "R", 26 ], [ "R", 11 ], [ "R", 11 ], [ "R", 11 ], [ "R", 26 ], [ "R", 13 ], [ "R", 13 ], [ "R", 26 ], [ "R", 13 ], [ "W", 16 ], [ "W", 16 ], [ "R", 13 ], [ "R", 26 ], [ "R", 13 ], [ "R", 26 ], [ "R", 13 ], [ "R", 13 ], [ "R", 26 ], [ "R", 13 ], [ "R", 13 ], [ "R", 13 ], [ "R", 24 ], [ "R", 24 ], [ "W", 13 ], [ "W", 13 ], [ "R", 26 ], [ "R", 13 ], [ "W", 26 ], [ "R", 16 ], [ "R", 13 ], [ "R", 11 ] ]
    } ]
  },
  "CategoryAdministratorController.delete" : {
    "t" : [ {
      "id" : 0,
      "a" : [ [ "R", 5 ], [ "R", 5 ], [ "R", 5 ], [ "R", 5 ], [ "R", 5 ], [ "R", 11 ], [ "R", 11 ], [ "R", 5 ], [ "R", 11 ], [ "R", 2 ], [ "R", 11 ], [ "R", 1 ], [ "R", 1 ], [ "R", 1 ], [ "R", 25 ], [ "R", 5 ], [ "R", 5 ], [ "R", 5 ], [ "R", 11 ], [ "R", 11 ], [ "R", 11 ], [ "R", 5 ], [ "R", 5 ], [ "R", 5 ], [ "R", 12 ], [ "R", 5 ], [ "R", 5 ], [ "W", 12 ], [ "W", 5 ], [ "W", 12 ], [ "W", 12 ], [ "R", 5 ], [ "R", 5 ], [ "R", 5 ], [ "R", 5 ], [ "R", 5 ], [ "R", 5 ], [ "W", 5 ], [ "W", 5 ], [ "W", 5 ] ]
    } ]
  },
  "ExhibitionSponsorController.display" : {
    "t" : [ {
      "id" : 0,
      "a" : [ [ "R", 12 ], [ "R", 11 ], [ "R", 4 ], [ "R", 4 ], [ "R", 4 ], [ "R", 12 ], [ "R", 4 ], [ "R", 11 ], [ "R", 8 ], [ "R", 8 ], [ "R", 8 ], [ "R", 12 ], [ "R", 14 ], [ "R", 14 ], [ "R", 14 ], [ "R", 12 ], [ "R", 11 ], [ "R", 22 ], [ "R", 22 ], [ "R", 22 ], [ "R", 22 ], [ "R", 12 ], [ "R", 22 ], [ "R", 22 ], [ "R", 11 ], [ "R", 21 ], [ "R", 11 ], [ "R", 1 ], [ "R", 1 ], [ "R", 1 ], [ "R", 25 ], [ "R", 12 ] ]
    } ]
  },
  "GroupAdministratorController.delete" : {
    "t" : [ {
      "id" : 0,
      "a" : [ [ "R", 13 ], [ "R", 11 ], [ "R", 13 ], [ "R", 11 ], [ "R", 2 ], [ "R", 11 ], [ "R", 1 ], [ "R", 1 ], [ "R", 1 ], [ "R", 25 ], [ "R", 13 ], [ "R", 3 ], [ "R", 11 ], [ "R", 3 ], [ "R", 11 ], [ "R", 2 ], [ "R", 11 ], [ "R", 1 ], [ "R", 1 ], [ "R", 1 ], [ "R", 25 ], [ "R", 11 ], [ "R", 26 ], [ "R", 11 ], [ "R", 1 ], [ "R", 1 ], [ "R", 1 ], [ "R", 25 ], [ "R", 3 ], [ "R", 13 ], [ "R", 26 ], [ "R", 13 ], [ "R", 13 ], [ "R", 26 ], [ "R", 13 ], [ "R", 13 ], [ "R", 26 ], [ "R", 13 ], [ "R", 26 ], [ "R", 13 ], [ "W", 3 ], [ "W", 3 ], [ "W", 3 ], [ "R", 13 ], [ "R", 6 ], [ "R", 11 ], [ "R", 6 ], [ "R", 11 ], [ "R", 2 ], [ "R", 11 ], [ "R", 1 ], [ "R", 1 ], [ "R", 1 ], [ "R", 25 ], [ "R", 11 ], [ "R", 26 ], [ "R", 11 ], [ "R", 1 ], [ "R", 1 ], [ "R", 1 ], [ "R", 25 ], [ "R", 6 ], [ "R", 13 ], [ "R", 26 ], [ "R", 13 ], [ "R", 13 ], [ "R", 26 ], [ "R", 13 ], [ "R", 13 ], [ "R", 26 ], [ "R", 13 ], [ "R", 26 ], [ "R", 13 ], [ "R", 6 ], [ "R", 6 ], [ "R", 6 ], [ "R", 6 ], [ "R", 6 ], [ "R", 6 ], [ "R", 6 ], [ "R", 6 ], [ "R", 6 ], [ "R", 6 ], [ "R", 24 ], [ "R", 24 ], [ "W", 6 ], [ "W", 6 ], [ "W", 6 ], [ "W", 6 ], [ "W", 6 ], [ "R", 6 ], [ "R", 6 ], [ "W", 6 ], [ "W", 6 ], [ "R", 6 ], [ "R", 6 ], [ "R", 24 ], [ "R", 24 ], [ "W", 6 ], [ "W", 6 ], [ "W", 6 ], [ "R", 6 ], [ "R", 26 ], [ "R", 26 ], [ "R", 6 ], [ "R", 6 ], [ "R", 26 ], [ "W", 26 ], [ "W", 26 ], [ "W", 6 ], [ "W", 6 ], [ "W", 6 ], [ "R", 13 ], [ "R", 26 ], [ "R", 26 ], [ "R", 13 ], [ "R", 13 ], [ "R", 26 ], [ "W", 26 ], [ "W", 26 ], [ "R", 13 ], [ "R", 26 ], [ "R", 26 ], [ "R", 13 ], [ "W", 26 ], [ "W", 26 ], [ "R", 13 ], [ "R", 16 ], [ "R", 11 ], [ "R", 16 ], [ "R", 11 ], [ "R", 2 ], [ "R", 11 ], [ "R", 1 ], [ "R", 1 ], [ "R", 1 ], [ "R", 25 ], [ "R", 11 ], [ "R", 26 ], [ "R", 11 ], [ "R", 1 ], [ "R", 1 ], [ "R", 1 ], [ "R", 25 ], [ "R", 16 ], [ "R", 13 ], [ "R", 26 ], [ "R", 13 ], [ "R", 13 ], [ "R", 26 ], [ "R", 13 ], [ "R", 13 ], [ "R", 26 ], [ "R", 13 ], [ "R", 26 ], [ "R", 13 ], [ "R", 16 ], [ "R", 26 ], [ "R", 26 ], [ "R", 16 ], [ "R", 16 ], [ "R", 26 ], [ "W", 26 ], [ "W", 26 ], [ "R", 16 ], [ "R", 26 ], [ "R", 26 ], [ "R", 16 ], [ "R", 16 ], [ "R", 26 ], [ "W", 26 ], [ "W", 26 ], [ "W", 16 ], [ "W", 16 ], [ "W", 16 ], [ "R", 13 ], [ "R", 17 ], [ "R", 17 ], [ "R", 13 ], [ "R", 13 ], [ "R", 17 ], [ "R", 17 ], [ "R", 17 ], [ "R", 17 ], [ "W", 17 ], [ "W", 17 ], [ "W", 13 ], [ "W", 13 ] ]
    } ]
  },
  "SystemConfigurationAdministratorController.display" : {
    "t" : [ {
      "id" : 0,
      "a" : [ [ "R", 24 ], [ "R", 24 ], [ "R", 24 ], [ "R", 24 ] ]
    } ]
  },
  "CritiqueCriticController.display" : {
    "t" : [ {
      "id" : 0,
      "a" : [ [ "R", 8 ] ]
    } ]
  },
  "CritiqueController.display" : {
    "t" : [ {
      "id" : 0,
      "a" : [ [ "R", 8 ] ]
    } ]
  },
  "DirectorVisitorController.list" : {
    "t" : [ {
      "id" : 0,
      "a" : [ [ "R", 10 ] ]
    } ]
  },
  "MuseumDirectorController.edit" : {
    "t" : [ {
      "id" : 0,
      "a" : [ [ "R", 17 ], [ "R", 11 ], [ "R", 10 ], [ "R", 11 ], [ "R", 1 ], [ "R", 1 ], [ "R", 1 ], [ "R", 25 ], [ "R", 17 ], [ "R", 10 ], [ "R", 11 ], [ "R", 11 ], [ "R", 11 ] ]
    } ]
  },
  "MuseumDirectorController.addGuide" : {
    "t" : [ {
      "id" : 0,
      "a" : [ [ "R", 17 ], [ "R", 11 ], [ "R", 10 ], [ "R", 11 ], [ "R", 1 ], [ "R", 1 ], [ "R", 1 ], [ "R", 25 ], [ "R", 10 ], [ "R", 17 ], [ "R", 11 ], [ "R", 14 ], [ "R", 17 ], [ "R", 14 ], [ "R", 17 ], [ "R", 14 ], [ "R", 17 ], [ "R", 14 ] ]
    } ]
  },
  "RoomDirectorController.create" : {
    "t" : [ {
      "id" : 0,
      "a" : [ [ "R", 11 ], [ "R", 10 ], [ "R", 11 ], [ "R", 1 ], [ "R", 1 ], [ "R", 1 ], [ "R", 25 ], [ "W", 20 ], [ "W", 20 ], [ "W", 12 ], [ "W", 20 ], [ "W", 15 ], [ "R", 11 ], [ "R", 10 ], [ "R", 11 ], [ "R", 1 ], [ "R", 1 ], [ "R", 1 ], [ "R", 25 ], [ "R", 11 ], [ "R", 17 ], [ "R", 17 ], [ "R", 17 ], [ "R", 10 ] ]
    } ]
  },
  "SponsorshipSponsorController.edit" : {
    "t" : [ {
      "id" : 0,
      "a" : [ [ "R", 12 ], [ "R", 11 ], [ "R", 21 ], [ "R", 11 ], [ "R", 1 ], [ "R", 1 ], [ "R", 1 ], [ "R", 25 ], [ "R", 12 ], [ "W", 22 ], [ "W", 12 ], [ "R", 11 ], [ "R", 11 ], [ "R", 21 ], [ "R", 11 ], [ "R", 1 ], [ "R", 1 ], [ "R", 1 ], [ "R", 25 ], [ "R", 22 ], [ "R", 12 ], [ "R", 11 ], [ "R", 21 ], [ "R", 11 ], [ "R", 1 ], [ "R", 1 ], [ "R", 1 ], [ "R", 25 ], [ "W", 22 ], [ "W", 12 ], [ "W", 22 ], [ "W", 21 ], [ "W", 22 ], [ "R", 22 ], [ "W", 22 ], [ "R", 22 ], [ "W", 22 ], [ "R", 22 ], [ "R", 22 ], [ "R", 22 ], [ "R", 22 ], [ "R", 22 ], [ "R", 22 ], [ "R", 22 ], [ "R", 22 ], [ "R", 22 ], [ "R", 11 ], [ "R", 22 ], [ "R", 22 ], [ "R", 12 ], [ "R", 22 ], [ "R", 12 ], [ "R", 11 ], [ "R", 21 ], [ "R", 11 ], [ "R", 1 ], [ "R", 1 ], [ "R", 1 ], [ "R", 25 ], [ "R", 12 ], [ "R", 22 ], [ "R", 22 ], [ "R", 22 ], [ "R", 22 ], [ "R", 22 ], [ "R", 22 ], [ "R", 22 ], [ "R", 22 ], [ "R", 22 ], [ "R", 22 ], [ "R", 22 ], [ "R", 22 ], [ "R", 22 ], [ "R", 22 ], [ "R", 22 ], [ "R", 22 ], [ "R", 22 ], [ "R", 22 ], [ "R", 22 ], [ "R", 22 ], [ "R", 22 ], [ "R", 22 ], [ "R", 22 ], [ "W", 22 ], [ "R", 11 ], [ "R", 22 ], [ "R", 12 ], [ "R", 12 ], [ "R", 22 ], [ "R", 22 ], [ "R", 12 ], [ "W", 12 ] ]
    } ]
  },
  "ReviewAdministratorController.delete" : {
    "t" : [ {
      "id" : 0,
      "a" : [ [ "R", 11 ], [ "R", 2 ], [ "R", 11 ], [ "R", 1 ], [ "R", 1 ], [ "R", 1 ], [ "R", 25 ], [ "R", 19 ], [ "R", 11 ], [ "R", 19 ], [ "R", 11 ], [ "R", 2 ], [ "R", 11 ], [ "R", 1 ], [ "R", 1 ], [ "R", 1 ], [ "R", 25 ], [ "W", 19 ] ]
    } ]
  },
  "VisitorVisitorController.display" : {
    "t" : [ {
      "id" : 0,
      "a" : [ [ "R", 11 ], [ "R", 26 ], [ "R", 11 ], [ "R", 1 ], [ "R", 1 ], [ "R", 1 ], [ "R", 25 ], [ "R", 26 ] ]
    } ]
  },
  "IncidentGuideController.edit" : {
    "t" : [ {
      "id" : 0,
      "a" : [ [ "R", 11 ], [ "R", 14 ], [ "R", 11 ], [ "R", 1 ], [ "R", 1 ], [ "R", 1 ], [ "R", 25 ], [ "W", 15 ], [ "W", 14 ], [ "W", 15 ], [ "R", 15 ], [ "W", 15 ], [ "R", 15 ], [ "W", 15 ], [ "R", 15 ], [ "R", 20 ], [ "W", 15 ], [ "W", 20 ], [ "R", 15 ], [ "R", 20 ], [ "R", 15 ], [ "R", 20 ], [ "R", 20 ], [ "R", 17 ], [ "R", 15 ], [ "R", 20 ], [ "R", 20 ], [ "R", 17 ], [ "R", 11 ], [ "R", 10 ], [ "R", 11 ], [ "R", 1 ], [ "R", 1 ], [ "R", 1 ], [ "R", 25 ], [ "R", 11 ], [ "R", 14 ], [ "R", 11 ], [ "R", 1 ], [ "R", 1 ], [ "R", 1 ], [ "R", 25 ], [ "R", 10 ], [ "R", 17 ], [ "R", 17 ], [ "R", 14 ], [ "R", 11 ], [ "R", 20 ], [ "R", 20 ], [ "R", 20 ], [ "R", 17 ], [ "R", 11 ], [ "R", 15 ], [ "R", 14 ], [ "R", 15 ], [ "R", 20 ], [ "R", 15 ], [ "R", 20 ], [ "R", 20 ], [ "R", 17 ], [ "R", 11 ], [ "R", 14 ], [ "R", 11 ], [ "R", 1 ], [ "R", 1 ], [ "R", 1 ], [ "R", 25 ], [ "R", 15 ], [ "R", 20 ], [ "R", 20 ], [ "R", 17 ], [ "R", 17 ], [ "R", 14 ], [ "R", 15 ], [ "W", 15 ], [ "R", 15 ], [ "R", 20 ], [ "R", 20 ], [ "R", 17 ], [ "R", 11 ] ]
    } ]
  },
  "CritiqueAdministratorController.display" : {
    "t" : [ {
      "id" : 0,
      "a" : [ [ "R", 8 ] ]
    } ]
  },
  "CommentVisitorController.create" : {
    "t" : [ {
      "id" : 0,
      "a" : [ [ "R", 13 ], [ "R", 11 ], [ "R", 26 ], [ "R", 11 ], [ "R", 1 ], [ "R", 1 ], [ "R", 1 ], [ "R", 25 ], [ "R", 26 ], [ "R", 13 ], [ "R", 26 ], [ "R", 13 ], [ "W", 6 ], [ "W", 6 ], [ "W", 6 ], [ "W", 6 ], [ "W", 26 ], [ "W", 6 ], [ "W", 13 ], [ "R", 6 ], [ "R", 11 ], [ "R", 26 ], [ "R", 11 ], [ "R", 1 ], [ "R", 1 ], [ "R", 1 ], [ "R", 25 ], [ "R", 26 ], [ "R", 13 ], [ "R", 6 ], [ "R", 13 ], [ "R", 26 ], [ "R", 13 ], [ "R", 6 ], [ "R", 13 ], [ "W", 6 ], [ "W", 6 ], [ "W", 6 ], [ "W", 6 ], [ "W", 26 ], [ "W", 6 ], [ "W", 6 ], [ "R", 6 ], [ "R", 13 ], [ "W", 6 ], [ "W", 13 ] ]
    } ]
  },
  "ExhibitionAdministratorController.display" : {
    "t" : [ {
      "id" : 0,
      "a" : [ [ "R", 12 ], [ "R", 11 ], [ "R", 4 ], [ "R", 4 ], [ "R", 4 ], [ "R", 12 ], [ "R", 4 ], [ "R", 11 ], [ "R", 8 ], [ "R", 8 ], [ "R", 8 ], [ "R", 12 ], [ "R", 14 ], [ "R", 14 ], [ "R", 14 ], [ "R", 12 ], [ "R", 11 ], [ "R", 22 ], [ "R", 22 ], [ "R", 22 ], [ "R", 22 ], [ "R", 12 ], [ "R", 22 ], [ "R", 22 ] ]
    } ]
  },
  "StoreSponsorController.display" : {
    "t" : [ {
      "id" : 0,
      "a" : [ [ "R", 23 ], [ "R", 11 ], [ "R", 18 ], [ "R", 18 ], [ "R", 18 ], [ "R", 23 ] ]
    } ]
  },
  "SponsorshipDirectorController.edit" : {
    "t" : [ {
      "id" : 0,
      "a" : [ [ "R", 22 ], [ "R", 11 ], [ "R", 10 ], [ "R", 11 ], [ "R", 1 ], [ "R", 1 ], [ "R", 1 ], [ "R", 25 ], [ "R", 22 ], [ "R", 12 ], [ "R", 12 ], [ "R", 20 ], [ "R", 20 ], [ "R", 17 ], [ "R", 17 ], [ "R", 10 ], [ "R", 11 ], [ "R", 11 ], [ "R", 11 ], [ "R", 22 ], [ "R", 22 ], [ "R", 12 ], [ "R", 22 ], [ "R", 22 ], [ "R", 22 ], [ "R", 22 ], [ "R", 12 ], [ "R", 12 ], [ "R", 22 ], [ "R", 12 ], [ "R", 11 ], [ "R", 22 ], [ "R", 22 ], [ "R", 22 ], [ "R", 12 ], [ "R", 22 ], [ "R", 22 ], [ "R", 22 ], [ "R", 22 ], [ "R", 12 ] ]
    } ]
  },
  "DirectorController.display" : {
    "t" : [ {
      "id" : 0,
      "a" : [ [ "R", 10 ], [ "R", 11 ], [ "R", 17 ], [ "R", 17 ], [ "R", 17 ], [ "R", 10 ] ]
    } ]
  },
  "VisitorController.save" : {
    "t" : [ {
      "id" : 0,
      "a" : [ [ "R", 26 ], [ "W", 25 ], [ "W", 25 ], [ "R", 25 ], [ "W", 1 ], [ "W", 25 ], [ "W", 26 ], [ "W", 6 ], [ "W", 26 ], [ "W", 13 ], [ "W", 26 ], [ "W", 13 ], [ "W", 26 ], [ "W", 16 ], [ "W", 26 ], [ "W", 16 ], [ "W", 26 ], [ "W", 19 ], [ "W", 26 ], [ "W", 9 ], [ "W", 1 ], [ "W", 1 ], [ "W", 1 ], [ "W", 1 ], [ "W", 1 ], [ "W", 1 ], [ "W", 1 ], [ "W", 1 ], [ "W", 1 ], [ "R", 1 ], [ "R", 25 ], [ "W", 25 ], [ "R", 1 ], [ "R", 25 ], [ "W", 25 ], [ "R", 1 ], [ "R", 25 ], [ "R", 1 ], [ "R", 25 ], [ "R", 11 ], [ "R", 1 ], [ "R", 25 ], [ "R", 1 ], [ "R", 25 ], [ "R", 25 ], [ "R", 11 ], [ "R", 1 ], [ "R", 25 ], [ "R", 25 ], [ "R", 1 ], [ "R", 25 ], [ "W", 25 ], [ "W", 26 ] ]
    } ]
  },
  "SystemConfigurationAdministratorController.editVat" : {
    "t" : [ {
      "id" : 0,
      "a" : [ [ "R", 24 ] ]
    } ]
  },
  "RoomDirectorController.list" : {
    "t" : [ {
      "id" : 0,
      "a" : [ [ "R", 17 ], [ "R", 11 ], [ "R", 10 ], [ "R", 11 ], [ "R", 1 ], [ "R", 1 ], [ "R", 1 ], [ "R", 25 ], [ "R", 10 ], [ "R", 17 ], [ "R", 11 ], [ "R", 20 ], [ "R", 20 ], [ "R", 20 ], [ "R", 17 ] ]
    } ]
  },
  "ProductVisitorController.display" : {
    "t" : [ {
      "id" : 0,
      "a" : [ [ "R", 18 ] ]
    } ]
  },
  "ExhibitionDirectorController.listResults" : {
    "t" : [ {
      "id" : 0,
      "a" : [ [ "R", 12 ], [ "R", 12 ], [ "R", 12 ], [ "R", 12 ], [ "R", 12 ], [ "R", 12 ] ]
    } ]
  },
  "AnnouncementVisitorController.stream" : {
    "t" : [ {
      "id" : 0,
      "a" : [ [ "R", 11 ], [ "R", 26 ], [ "R", 11 ], [ "R", 1 ], [ "R", 1 ], [ "R", 1 ], [ "R", 25 ], [ "R", 11 ], [ "R", 3 ], [ "R", 26 ], [ "R", 3 ], [ "R", 26 ], [ "R", 26 ], [ "R", 3 ], [ "R", 13 ], [ "R", 26 ], [ "R", 3 ] ]
    } ]
  },
  "GroupAdministratorController.display" : {
    "t" : [ {
      "id" : 0,
      "a" : [ [ "R", 13 ], [ "R", 11 ], [ "R", 2 ], [ "R", 11 ], [ "R", 1 ], [ "R", 1 ], [ "R", 1 ], [ "R", 25 ], [ "R", 11 ], [ "R", 26 ], [ "R", 11 ], [ "R", 1 ], [ "R", 1 ], [ "R", 1 ], [ "R", 25 ], [ "R", 11 ], [ "R", 10 ], [ "R", 11 ], [ "R", 1 ], [ "R", 1 ], [ "R", 1 ], [ "R", 25 ], [ "R", 11 ], [ "R", 3 ], [ "R", 3 ], [ "R", 3 ], [ "R", 13 ], [ "R", 3 ], [ "R", 11 ], [ "R", 26 ], [ "R", 13 ], [ "R", 26 ], [ "R", 13 ], [ "R", 26 ], [ "R", 13 ], [ "R", 26 ], [ "R", 11 ], [ "R", 6 ], [ "R", 6 ], [ "R", 6 ], [ "R", 13 ], [ "R", 6 ], [ "R", 6 ], [ "R", 6 ], [ "R", 6 ], [ "R", 13 ], [ "R", 11 ], [ "R", 11 ], [ "R", 11 ], [ "R", 11 ], [ "R", 6 ], [ "R", 6 ], [ "R", 6 ], [ "R", 6 ] ]
    } ]
  },
  "DirectorVisitorController.display" : {
    "t" : [ {
      "id" : 0,
      "a" : [ [ "R", 10 ], [ "R", 11 ], [ "R", 17 ], [ "R", 17 ], [ "R", 17 ], [ "R", 10 ] ]
    } ]
  },
  "SystemConfigurationAdministratorController.deleteTabooWord" : {
    "t" : [ {
      "id" : 0,
      "a" : [ [ "R", 24 ], [ "R", 24 ], [ "R", 11 ], [ "R", 2 ], [ "R", 11 ], [ "R", 1 ], [ "R", 1 ], [ "R", 1 ], [ "R", 25 ], [ "R", 24 ], [ "R", 24 ], [ "W", 24 ], [ "R", 11 ], [ "R", 2 ], [ "R", 11 ], [ "R", 1 ], [ "R", 1 ], [ "R", 1 ], [ "R", 25 ], [ "R", 24 ], [ "R", 11 ], [ "R", 11 ], [ "R", 11 ], [ "R", 11 ], [ "R", 24 ], [ "W", 24 ], [ "W", 24 ], [ "R", 11 ], [ "R", 2 ], [ "R", 11 ], [ "R", 1 ], [ "R", 1 ], [ "R", 1 ], [ "R", 25 ], [ "R", 13 ], [ "R", 13 ], [ "R", 13 ], [ "R", 11 ], [ "R", 2 ], [ "R", 11 ], [ "R", 1 ], [ "R", 1 ], [ "R", 1 ], [ "R", 25 ], [ "R", 3 ], [ "R", 3 ], [ "R", 3 ], [ "R", 11 ], [ "R", 2 ], [ "R", 11 ], [ "R", 1 ], [ "R", 1 ], [ "R", 1 ], [ "R", 25 ], [ "R", 6 ], [ "R", 6 ], [ "R", 6 ], [ "R", 11 ], [ "R", 2 ], [ "R", 11 ], [ "R", 1 ], [ "R", 1 ], [ "R", 1 ], [ "R", 25 ], [ "R", 19 ], [ "R", 19 ], [ "R", 19 ], [ "R", 13 ], [ "R", 26 ], [ "R", 13 ], [ "R", 13 ], [ "R", 26 ], [ "R", 13 ], [ "R", 13 ], [ "R", 13 ], [ "R", 24 ], [ "R", 24 ], [ "W", 13 ], [ "W", 13 ], [ "R", 3 ], [ "R", 3 ], [ "R", 24 ], [ "R", 24 ], [ "W", 3 ], [ "W", 3 ], [ "R", 6 ], [ "R", 6 ], [ "R", 24 ], [ "R", 24 ], [ "W", 6 ], [ "W", 6 ], [ "R", 19 ], [ "R", 24 ], [ "R", 24 ], [ "W", 19 ], [ "W", 19 ] ]
    } ]
  },
  "AnnouncementVisitorController.create" : {
    "t" : [ {
      "id" : 0,
      "a" : [ [ "R", 13 ], [ "R", 11 ], [ "R", 26 ], [ "R", 11 ], [ "R", 1 ], [ "R", 1 ], [ "R", 1 ], [ "R", 25 ], [ "R", 13 ], [ "R", 26 ], [ "R", 11 ], [ "R", 11 ], [ "R", 11 ], [ "R", 11 ], [ "R", 26 ], [ "R", 11 ], [ "R", 1 ], [ "R", 1 ], [ "R", 1 ], [ "R", 25 ], [ "R", 13 ], [ "R", 26 ], [ "R", 11 ], [ "R", 11 ], [ "R", 11 ], [ "W", 3 ], [ "W", 13 ], [ "R", 3 ], [ "R", 13 ] ]
    } ]
  },
  "StoreDirectorController.display" : {
    "t" : [ {
      "id" : 0,
      "a" : [ [ "R", 23 ], [ "R", 11 ], [ "R", 10 ], [ "R", 11 ], [ "R", 1 ], [ "R", 1 ], [ "R", 1 ], [ "R", 25 ], [ "R", 11 ], [ "R", 18 ], [ "R", 18 ], [ "R", 18 ], [ "R", 23 ], [ "R", 23 ], [ "R", 17 ], [ "R", 17 ], [ "R", 10 ], [ "R", 11 ], [ "R", 11 ], [ "R", 11 ] ]
    } ]
  },
  "MuseumSponsorController.display" : {
    "t" : [ {
      "id" : 0,
      "a" : [ [ "R", 17 ], [ "R", 11 ], [ "R", 19 ], [ "R", 19 ], [ "R", 19 ], [ "R", 17 ], [ "R", 19 ], [ "R", 11 ], [ "R", 20 ], [ "R", 20 ], [ "R", 12 ], [ "R", 20 ], [ "R", 17 ], [ "R", 11 ], [ "R", 19 ], [ "R", 19 ], [ "R", 19 ], [ "R", 17 ] ]
    } ]
  },
  "MuseumAdministratorController.listResults" : {
    "t" : [ {
      "id" : 0,
      "a" : [ [ "R", 17 ] ]
    } ]
  },
  "VisitorAdministratorController.display" : {
    "t" : [ {
      "id" : 0,
      "a" : [ [ "R", 26 ] ]
    } ]
  },
  "CategoryDirectorController.display" : {
    "t" : [ {
      "id" : 0,
      "a" : [ [ "R", 5 ], [ "R", 5 ], [ "R", 5 ], [ "R", 5 ], [ "R", 11 ], [ "R", 5 ], [ "R", 5 ], [ "R", 5 ], [ "R", 5 ], [ "R", 11 ], [ "R", 12 ], [ "R", 12 ], [ "R", 12 ], [ "R", 5 ] ]
    } ]
  },
  "SponsorAdministratorController.ban" : {
    "t" : [ {
      "id" : 0,
      "a" : [ [ "R", 11 ], [ "R", 2 ], [ "R", 11 ], [ "R", 1 ], [ "R", 1 ], [ "R", 1 ], [ "R", 25 ], [ "R", 21 ], [ "R", 1 ], [ "R", 25 ], [ "R", 25 ], [ "R", 11 ], [ "R", 21 ], [ "R", 1 ], [ "R", 25 ], [ "R", 25 ], [ "R", 11 ], [ "R", 2 ], [ "R", 11 ], [ "R", 1 ], [ "R", 1 ], [ "R", 1 ], [ "R", 25 ], [ "R", 1 ], [ "R", 25 ], [ "W", 25 ], [ "W", 21 ] ]
    } ]
  },
  "VisitorVisitorController.edit" : {
    "t" : [ {
      "id" : 0,
      "a" : [ [ "R", 26 ], [ "W", 25 ], [ "W", 25 ], [ "R", 25 ], [ "W", 1 ], [ "W", 25 ], [ "W", 26 ], [ "W", 6 ], [ "W", 26 ], [ "W", 13 ], [ "W", 26 ], [ "W", 13 ], [ "W", 26 ], [ "W", 16 ], [ "W", 26 ], [ "W", 16 ], [ "W", 26 ], [ "W", 19 ], [ "W", 26 ], [ "W", 9 ], [ "R", 11 ], [ "R", 26 ], [ "R", 11 ], [ "R", 1 ], [ "R", 1 ], [ "R", 1 ], [ "R", 25 ], [ "R", 11 ], [ "W", 11 ], [ "R", 11 ], [ "W", 11 ], [ "W", 1 ], [ "W", 1 ], [ "W", 1 ], [ "W", 1 ], [ "W", 1 ], [ "W", 1 ], [ "W", 1 ], [ "W", 1 ], [ "R", 1 ], [ "R", 25 ], [ "W", 1 ], [ "W", 25 ], [ "R", 26 ], [ "R", 13 ], [ "W", 26 ], [ "W", 13 ], [ "R", 26 ], [ "R", 13 ], [ "W", 26 ], [ "W", 13 ], [ "R", 26 ], [ "R", 6 ], [ "W", 26 ], [ "W", 6 ], [ "R", 26 ], [ "R", 9 ], [ "W", 26 ], [ "W", 9 ], [ "R", 26 ], [ "R", 19 ], [ "W", 26 ], [ "W", 19 ], [ "R", 26 ], [ "R", 16 ], [ "W", 26 ], [ "W", 16 ], [ "R", 26 ], [ "R", 16 ], [ "W", 26 ], [ "W", 16 ], [ "R", 11 ], [ "R", 26 ], [ "R", 11 ], [ "R", 1 ], [ "R", 1 ], [ "R", 1 ], [ "R", 25 ], [ "R", 11 ], [ "R", 11 ], [ "R", 11 ], [ "R", 1 ], [ "R", 25 ], [ "R", 1 ], [ "R", 25 ], [ "R", 25 ], [ "W", 26 ] ]
    } ]
  },
  "ProductDirectorController.create" : {
    "t" : [ {
      "id" : 0,
      "a" : [ [ "R", 23 ], [ "R", 11 ], [ "R", 10 ], [ "R", 11 ], [ "R", 1 ], [ "R", 1 ], [ "R", 1 ], [ "R", 25 ], [ "R", 23 ], [ "R", 17 ], [ "R", 17 ], [ "R", 10 ], [ "R", 11 ], [ "R", 11 ], [ "R", 11 ], [ "W", 18 ], [ "W", 18 ], [ "W", 23 ], [ "R", 18 ], [ "R", 23 ] ]
    } ]
  },
  "RoomDirectorController.listMine" : {
    "t" : [ {
      "id" : 0,
      "a" : [ [ "R", 11 ], [ "R", 10 ], [ "R", 11 ], [ "R", 1 ], [ "R", 1 ], [ "R", 1 ], [ "R", 25 ], [ "R", 11 ], [ "R", 10 ], [ "R", 11 ], [ "R", 1 ], [ "R", 1 ], [ "R", 1 ], [ "R", 25 ], [ "R", 11 ], [ "R", 11 ], [ "R", 11 ], [ "R", 11 ], [ "R", 20 ], [ "R", 20 ], [ "R", 20 ], [ "R", 17 ], [ "R", 10 ] ]
    } ]
  },
  "IncidentDirectorController.list" : {
    "t" : [ {
      "id" : 0,
      "a" : [ [ "R", 17 ], [ "R", 11 ], [ "R", 10 ], [ "R", 11 ], [ "R", 1 ], [ "R", 1 ], [ "R", 1 ], [ "R", 25 ], [ "R", 11 ], [ "R", 14 ], [ "R", 11 ], [ "R", 1 ], [ "R", 1 ], [ "R", 1 ], [ "R", 25 ], [ "R", 10 ], [ "R", 17 ], [ "R", 17 ], [ "R", 14 ], [ "R", 11 ], [ "R", 15 ], [ "R", 15 ], [ "R", 15 ], [ "R", 20 ], [ "R", 17 ], [ "R", 15 ] ]
    } ]
  },
  "ExhibitionSponsorController.listResults" : {
    "t" : [ {
      "id" : 0,
      "a" : [ [ "R", 12 ], [ "R", 12 ], [ "R", 12 ], [ "R", 12 ], [ "R", 12 ], [ "R", 12 ] ]
    } ]
  },
  "CategoryController.display" : {
    "t" : [ {
      "id" : 0,
      "a" : [ [ "R", 5 ], [ "R", 5 ], [ "R", 5 ], [ "R", 5 ], [ "R", 11 ], [ "R", 5 ], [ "R", 5 ], [ "R", 5 ], [ "R", 5 ], [ "R", 11 ], [ "R", 12 ], [ "R", 12 ], [ "R", 12 ], [ "R", 5 ] ]
    } ]
  },
  "DirectorAdministratorController.display" : {
    "t" : [ {
      "id" : 0,
      "a" : [ [ "R", 10 ], [ "R", 11 ], [ "R", 17 ], [ "R", 17 ], [ "R", 17 ], [ "R", 10 ] ]
    } ]
  },
  "MuseumDirectorController.display" : {
    "t" : [ {
      "id" : 0,
      "a" : [ [ "R", 17 ], [ "R", 11 ], [ "R", 19 ], [ "R", 19 ], [ "R", 19 ], [ "R", 17 ], [ "R", 19 ], [ "R", 11 ], [ "R", 20 ], [ "R", 20 ], [ "R", 12 ], [ "R", 20 ], [ "R", 17 ], [ "R", 11 ], [ "R", 10 ], [ "R", 11 ], [ "R", 1 ], [ "R", 1 ], [ "R", 1 ], [ "R", 25 ], [ "R", 11 ], [ "R", 19 ], [ "R", 19 ], [ "R", 19 ], [ "R", 17 ], [ "R", 17 ], [ "R", 10 ], [ "R", 11 ], [ "R", 11 ], [ "R", 11 ] ]
    } ]
  },
  "IncidentDirectorController.listMine" : {
    "t" : [ {
      "id" : 0,
      "a" : [ [ "R", 11 ], [ "R", 10 ], [ "R", 11 ], [ "R", 1 ], [ "R", 1 ], [ "R", 1 ], [ "R", 25 ], [ "R", 11 ], [ "R", 10 ], [ "R", 11 ], [ "R", 1 ], [ "R", 1 ], [ "R", 1 ], [ "R", 25 ], [ "R", 11 ], [ "R", 11 ], [ "R", 11 ], [ "R", 11 ], [ "R", 15 ], [ "R", 15 ], [ "R", 15 ], [ "R", 20 ], [ "R", 17 ], [ "R", 10 ], [ "R", 15 ] ]
    } ]
  },
  "CriticAdministratorController.save" : {
    "t" : [ {
      "id" : 0,
      "a" : [ [ "R", 11 ], [ "R", 2 ], [ "R", 11 ], [ "R", 1 ], [ "R", 1 ], [ "R", 1 ], [ "R", 25 ], [ "R", 7 ], [ "W", 25 ], [ "W", 25 ], [ "R", 25 ], [ "W", 1 ], [ "W", 25 ], [ "W", 7 ], [ "W", 8 ], [ "W", 1 ], [ "W", 1 ], [ "W", 1 ], [ "W", 1 ], [ "W", 1 ], [ "W", 1 ], [ "W", 1 ], [ "W", 1 ], [ "W", 1 ], [ "R", 1 ], [ "R", 25 ], [ "W", 25 ], [ "R", 1 ], [ "R", 25 ], [ "W", 25 ], [ "R", 1 ], [ "R", 25 ], [ "R", 1 ], [ "R", 25 ], [ "R", 11 ], [ "R", 2 ], [ "R", 11 ], [ "R", 1 ], [ "R", 1 ], [ "R", 1 ], [ "R", 25 ], [ "R", 11 ], [ "R", 1 ], [ "R", 25 ], [ "R", 1 ], [ "R", 25 ], [ "R", 25 ], [ "R", 1 ], [ "R", 25 ], [ "R", 25 ], [ "R", 1 ], [ "R", 25 ], [ "W", 25 ], [ "W", 7 ] ]
    } ]
  },
  "SponsorshipSponsorController.create" : {
    "t" : [ {
      "id" : 0,
      "a" : [ [ "R", 12 ], [ "R", 11 ], [ "R", 21 ], [ "R", 11 ], [ "R", 1 ], [ "R", 1 ], [ "R", 1 ], [ "R", 25 ], [ "R", 12 ], [ "R", 11 ], [ "R", 21 ], [ "R", 11 ], [ "R", 1 ], [ "R", 1 ], [ "R", 1 ], [ "R", 25 ], [ "W", 22 ], [ "W", 12 ], [ "W", 22 ], [ "W", 21 ], [ "W", 22 ] ]
    } ]
  },
  "GroupDirectorController.list" : {
    "t" : [ {
      "id" : 0,
      "a" : [ [ "R", 11 ], [ "R", 10 ], [ "R", 11 ], [ "R", 1 ], [ "R", 1 ], [ "R", 1 ], [ "R", 25 ], [ "R", 17 ], [ "R", 17 ], [ "R", 10 ], [ "R", 11 ], [ "R", 11 ], [ "R", 11 ], [ "R", 10 ], [ "R", 17 ], [ "R", 11 ], [ "R", 13 ], [ "R", 13 ], [ "R", 13 ], [ "R", 17 ] ]
    } ]
  },
  "DirectorAdministratorController.list" : {
    "t" : [ {
      "id" : 0,
      "a" : [ [ "R", 10 ] ]
    } ]
  },
  "ReviewVisitorController.create" : {
    "t" : [ {
      "id" : 0,
      "a" : [ [ "R", 17 ], [ "R", 11 ], [ "R", 26 ], [ "R", 11 ], [ "R", 1 ], [ "R", 1 ], [ "R", 1 ], [ "R", 25 ], [ "R", 11 ], [ "R", 26 ], [ "R", 11 ], [ "R", 1 ], [ "R", 1 ], [ "R", 1 ], [ "R", 25 ], [ "R", 11 ], [ "R", 11 ], [ "R", 9 ], [ "R", 9 ], [ "R", 9 ], [ "R", 26 ], [ "R", 9 ], [ "R", 17 ], [ "R", 11 ], [ "R", 26 ], [ "R", 11 ], [ "R", 1 ], [ "R", 1 ], [ "R", 1 ], [ "R", 25 ], [ "W", 19 ], [ "W", 17 ], [ "W", 19 ], [ "W", 26 ], [ "W", 19 ], [ "R", 19 ], [ "R", 17 ] ]
    } ]
  },
  "MuseumDirectorController.create" : {
    "t" : [ {
      "id" : 0,
      "a" : [ [ "R", 11 ], [ "R", 10 ], [ "R", 11 ], [ "R", 1 ], [ "R", 1 ], [ "R", 1 ], [ "R", 25 ], [ "W", 17 ], [ "W", 14 ], [ "W", 17 ], [ "W", 20 ], [ "W", 17 ], [ "W", 9 ], [ "W", 17 ], [ "W", 19 ], [ "W", 17 ], [ "W", 13 ], [ "W", 17 ], [ "W", 10 ] ]
    } ]
  },
  "ExhibitionDirectorController.edit" : {
    "t" : [ {
      "id" : 0,
      "a" : [ [ "R", 12 ], [ "R", 11 ], [ "R", 10 ], [ "R", 11 ], [ "R", 1 ], [ "R", 1 ], [ "R", 1 ], [ "R", 25 ], [ "R", 10 ], [ "R", 17 ], [ "R", 12 ], [ "R", 20 ], [ "R", 20 ], [ "R", 17 ], [ "R", 12 ], [ "R", 12 ], [ "R", 9 ], [ "R", 5 ], [ "R", 5 ], [ "R", 5 ], [ "R", 11 ], [ "R", 10 ], [ "R", 11 ], [ "R", 1 ], [ "R", 1 ], [ "R", 1 ], [ "R", 25 ], [ "R", 11 ], [ "R", 20 ], [ "R", 20 ], [ "R", 20 ], [ "R", 17 ], [ "R", 10 ], [ "R", 11 ], [ "R", 10 ], [ "R", 11 ], [ "R", 1 ], [ "R", 1 ], [ "R", 1 ], [ "R", 25 ], [ "R", 11 ], [ "R", 12 ], [ "R", 12 ], [ "R", 12 ], [ "R", 20 ], [ "R", 17 ], [ "R", 10 ] ]
    } ]
  },
  "CritiqueSponsorController.display" : {
    "t" : [ {
      "id" : 0,
      "a" : [ [ "R", 8 ] ]
    } ]
  },
  "GroupVisitorController.edit" : {
    "t" : [ {
      "id" : 0,
      "a" : [ [ "R", 11 ], [ "R", 26 ], [ "R", 11 ], [ "R", 1 ], [ "R", 1 ], [ "R", 1 ], [ "R", 25 ], [ "R", 11 ], [ "W", 13 ], [ "W", 3 ], [ "W", 13 ], [ "W", 6 ], [ "W", 13 ], [ "W", 13 ], [ "W", 26 ], [ "W", 13 ], [ "W", 16 ], [ "W", 13 ], [ "W", 26 ], [ "W", 13 ], [ "R", 17 ], [ "R", 11 ], [ "R", 26 ], [ "R", 11 ], [ "R", 1 ], [ "R", 1 ], [ "R", 1 ], [ "R", 25 ], [ "R", 13 ], [ "R", 26 ], [ "R", 13 ], [ "R", 26 ], [ "R", 11 ], [ "R", 11 ], [ "R", 11 ], [ "R", 13 ], [ "R", 13 ], [ "W", 13 ], [ "R", 13 ], [ "R", 26 ], [ "R", 13 ], [ "R", 26 ], [ "R", 13 ], [ "R", 13 ], [ "R", 13 ], [ "R", 13 ], [ "R", 24 ], [ "R", 24 ], [ "W", 13 ], [ "W", 13 ], [ "R", 26 ], [ "R", 13 ], [ "R", 26 ], [ "R", 13 ], [ "R", 13 ], [ "R", 17 ], [ "R", 13 ], [ "R", 17 ], [ "R", 17 ], [ "R", 13 ], [ "W", 26 ], [ "R", 13 ], [ "R", 17 ], [ "R", 17 ], [ "R", 17 ], [ "R", 17 ], [ "W", 17 ], [ "R", 11 ], [ "R", 17 ] ]
    } ]
  },
  "StoreDirectorController.edit" : {
    "t" : [ {
      "id" : 0,
      "a" : [ [ "R", 11 ], [ "R", 10 ], [ "R", 11 ], [ "R", 1 ], [ "R", 1 ], [ "R", 1 ], [ "R", 25 ], [ "R", 23 ], [ "R", 23 ], [ "R", 17 ], [ "R", 17 ], [ "R", 10 ], [ "R", 11 ], [ "R", 11 ], [ "R", 11 ], [ "R", 23 ], [ "R", 17 ] ]
    } ]
  },
  "ExhibitionVisitorController.listResults" : {
    "t" : [ {
      "id" : 0,
      "a" : [ [ "R", 12 ], [ "R", 12 ], [ "R", 12 ], [ "R", 12 ], [ "R", 12 ], [ "R", 12 ] ]
    } ]
  },
  "RoomDirectorController.notInRepair" : {
    "t" : [ {
      "id" : 0,
      "a" : [ [ "R", 20 ], [ "R", 11 ], [ "R", 11 ], [ "R", 10 ], [ "R", 11 ], [ "R", 1 ], [ "R", 1 ], [ "R", 1 ], [ "R", 25 ], [ "R", 10 ], [ "R", 17 ], [ "R", 20 ], [ "R", 17 ], [ "R", 20 ], [ "W", 20 ], [ "W", 20 ] ]
    } ]
  },
  "CommentAdministratorController.listTabooed" : {
    "t" : [ {
      "id" : 0,
      "a" : [ [ "R", 11 ], [ "R", 2 ], [ "R", 11 ], [ "R", 1 ], [ "R", 1 ], [ "R", 1 ], [ "R", 25 ], [ "R", 11 ], [ "R", 2 ], [ "R", 11 ], [ "R", 1 ], [ "R", 1 ], [ "R", 1 ], [ "R", 25 ], [ "R", 6 ], [ "R", 6 ], [ "R", 6 ] ]
    } ]
  },
  "CategoryCriticController.display" : {
    "t" : [ {
      "id" : 0,
      "a" : [ [ "R", 5 ], [ "R", 5 ], [ "R", 5 ], [ "R", 5 ], [ "R", 11 ], [ "R", 5 ], [ "R", 5 ], [ "R", 5 ], [ "R", 5 ], [ "R", 11 ], [ "R", 12 ], [ "R", 12 ], [ "R", 12 ], [ "R", 5 ] ]
    } ]
  },
  "ProductSponsorController.display" : {
    "t" : [ {
      "id" : 0,
      "a" : [ [ "R", 18 ] ]
    } ]
  },
  "ProductCriticController.display" : {
    "t" : [ {
      "id" : 0,
      "a" : [ [ "R", 18 ] ]
    } ]
  },
  "AdministratorController.dashboard" : {
    "t" : [ {
      "id" : 0,
      "a" : [ [ "R", 11 ], [ "R", 2 ], [ "R", 11 ], [ "R", 1 ], [ "R", 1 ], [ "R", 1 ], [ "R", 25 ], [ "R", 10 ], [ "R", 10 ], [ "R", 17 ], [ "R", 11 ], [ "R", 2 ], [ "R", 11 ], [ "R", 1 ], [ "R", 1 ], [ "R", 1 ], [ "R", 25 ], [ "R", 10 ], [ "R", 10 ], [ "R", 17 ], [ "R", 11 ], [ "R", 2 ], [ "R", 11 ], [ "R", 1 ], [ "R", 1 ], [ "R", 1 ], [ "R", 25 ], [ "R", 10 ], [ "R", 10 ], [ "R", 17 ], [ "R", 11 ], [ "R", 2 ], [ "R", 11 ], [ "R", 1 ], [ "R", 1 ], [ "R", 1 ], [ "R", 25 ], [ "R", 10 ], [ "R", 10 ], [ "R", 17 ], [ "R", 10 ], [ "R", 17 ], [ "R", 10 ], [ "R", 17 ], [ "R", 10 ], [ "R", 17 ], [ "R", 10 ], [ "R", 17 ], [ "R", 11 ], [ "R", 2 ], [ "R", 11 ], [ "R", 1 ], [ "R", 1 ], [ "R", 1 ], [ "R", 25 ], [ "R", 12 ], [ "R", 12 ], [ "R", 20 ], [ "R", 17 ], [ "R", 12 ], [ "R", 12 ], [ "R", 20 ], [ "R", 17 ], [ "R", 12 ], [ "R", 12 ], [ "R", 12 ], [ "R", 20 ], [ "R", 17 ], [ "R", 12 ], [ "R", 12 ], [ "R", 12 ], [ "R", 12 ], [ "R", 20 ], [ "R", 17 ], [ "R", 12 ], [ "R", 11 ], [ "R", 2 ], [ "R", 11 ], [ "R", 1 ], [ "R", 1 ], [ "R", 1 ], [ "R", 25 ], [ "R", 12 ], [ "R", 12 ], [ "R", 12 ], [ "R", 12 ], [ "R", 9 ], [ "R", 11 ], [ "R", 2 ], [ "R", 11 ], [ "R", 1 ], [ "R", 1 ], [ "R", 1 ], [ "R", 25 ], [ "R", 9 ], [ "R", 9 ], [ "R", 9 ], [ "R", 12 ], [ "R", 11 ], [ "R", 2 ], [ "R", 11 ], [ "R", 1 ], [ "R", 1 ], [ "R", 1 ], [ "R", 25 ], [ "R", 9 ], [ "R", 9 ], [ "R", 9 ], [ "R", 12 ], [ "R", 11 ], [ "R", 2 ], [ "R", 11 ], [ "R", 1 ], [ "R", 1 ], [ "R", 1 ], [ "R", 25 ], [ "R", 9 ], [ "R", 9 ], [ "R", 9 ], [ "R", 12 ], [ "R", 11 ], [ "R", 2 ], [ "R", 11 ], [ "R", 1 ], [ "R", 1 ], [ "R", 1 ], [ "R", 25 ], [ "R", 9 ], [ "R", 9 ], [ "R", 9 ], [ "R", 9 ], [ "R", 9 ], [ "R", 9 ], [ "R", 9 ], [ "R", 12 ], [ "R", 11 ], [ "R", 2 ], [ "R", 11 ], [ "R", 1 ], [ "R", 1 ], [ "R", 1 ], [ "R", 25 ], [ "R", 17 ], [ "R", 17 ], [ "R", 9 ], [ "R", 11 ], [ "R", 2 ], [ "R", 11 ], [ "R", 1 ], [ "R", 1 ], [ "R", 1 ], [ "R", 25 ], [ "R", 17 ], [ "R", 17 ], [ "R", 9 ], [ "R", 11 ], [ "R", 2 ], [ "R", 11 ], [ "R", 1 ], [ "R", 1 ], [ "R", 1 ], [ "R", 25 ], [ "R", 17 ], [ "R", 17 ], [ "R", 9 ], [ "R", 11 ], [ "R", 2 ], [ "R", 11 ], [ "R", 1 ], [ "R", 1 ], [ "R", 1 ], [ "R", 25 ], [ "R", 17 ], [ "R", 17 ], [ "R", 9 ], [ "R", 17 ], [ "R", 9 ], [ "R", 17 ], [ "R", 9 ], [ "R", 17 ], [ "R", 9 ], [ "R", 17 ], [ "R", 9 ], [ "R", 11 ], [ "R", 2 ], [ "R", 11 ], [ "R", 1 ], [ "R", 1 ], [ "R", 1 ], [ "R", 25 ], [ "R", 22 ], [ "R", 22 ], [ "R", 22 ], [ "R", 22 ], [ "R", 22 ], [ "R", 11 ], [ "R", 2 ], [ "R", 11 ], [ "R", 1 ], [ "R", 1 ], [ "R", 1 ], [ "R", 25 ], [ "R", 22 ], [ "R", 22 ], [ "R", 22 ], [ "R", 22 ], [ "R", 22 ], [ "R", 12 ], [ "R", 12 ], [ "R", 12 ], [ "R", 22 ], [ "R", 12 ], [ "R", 12 ], [ "R", 22 ], [ "R", 11 ], [ "R", 2 ], [ "R", 11 ], [ "R", 1 ], [ "R", 1 ], [ "R", 1 ], [ "R", 25 ], [ "R", 14 ], [ "R", 14 ], [ "R", 14 ], [ "R", 12 ], [ "R", 11 ], [ "R", 2 ], [ "R", 11 ], [ "R", 1 ], [ "R", 1 ], [ "R", 1 ], [ "R", 25 ], [ "R", 12 ], [ "R", 12 ], [ "R", 8 ], [ "R", 11 ], [ "R", 2 ], [ "R", 11 ], [ "R", 1 ], [ "R", 1 ], [ "R", 1 ], [ "R", 25 ], [ "R", 12 ], [ "R", 12 ], [ "R", 8 ], [ "R", 12 ], [ "R", 8 ], [ "R", 12 ], [ "R", 8 ], [ "R", 12 ], [ "R", 8 ], [ "R", 12 ], [ "R", 8 ], [ "R", 11 ], [ "R", 2 ], [ "R", 11 ], [ "R", 1 ], [ "R", 1 ], [ "R", 1 ], [ "R", 25 ], [ "R", 12 ], [ "R", 12 ], [ "R", 4 ], [ "R", 11 ], [ "R", 2 ], [ "R", 11 ], [ "R", 1 ], [ "R", 1 ], [ "R", 1 ], [ "R", 25 ], [ "R", 12 ], [ "R", 12 ], [ "R", 4 ], [ "R", 12 ], [ "R", 4 ], [ "R", 12 ], [ "R", 4 ], [ "R", 12 ], [ "R", 4 ], [ "R", 12 ], [ "R", 4 ], [ "R", 11 ], [ "R", 2 ], [ "R", 11 ], [ "R", 1 ], [ "R", 1 ], [ "R", 1 ], [ "R", 25 ], [ "R", 26 ], [ "R", 26 ], [ "R", 26 ], [ "R", 26 ], [ "R", 25 ], [ "R", 26 ], [ "R", 11 ], [ "R", 2 ], [ "R", 11 ], [ "R", 1 ], [ "R", 1 ], [ "R", 1 ], [ "R", 25 ], [ "R", 21 ], [ "R", 21 ], [ "R", 21 ], [ "R", 21 ], [ "R", 25 ], [ "R", 21 ], [ "R", 11 ], [ "R", 2 ], [ "R", 11 ], [ "R", 1 ], [ "R", 1 ], [ "R", 1 ], [ "R", 25 ], [ "R", 13 ], [ "R", 13 ], [ "R", 26 ], [ "R", 13 ], [ "R", 11 ], [ "R", 2 ], [ "R", 11 ], [ "R", 1 ], [ "R", 1 ], [ "R", 1 ], [ "R", 25 ], [ "R", 13 ], [ "R", 13 ], [ "R", 26 ], [ "R", 13 ], [ "R", 26 ], [ "R", 13 ], [ "R", 26 ], [ "R", 13 ], [ "R", 26 ], [ "R", 13 ], [ "R", 26 ], [ "R", 13 ], [ "R", 11 ], [ "R", 2 ], [ "R", 11 ], [ "R", 1 ], [ "R", 1 ], [ "R", 1 ], [ "R", 25 ], [ "R", 26 ], [ "R", 26 ], [ "R", 26 ], [ "R", 26 ], [ "R", 13 ], [ "R", 26 ], [ "R", 11 ], [ "R", 2 ], [ "R", 11 ], [ "R", 1 ], [ "R", 1 ], [ "R", 1 ], [ "R", 25 ], [ "R", 13 ], [ "R", 13 ], [ "R", 13 ], [ "R", 3 ], [ "R", 13 ], [ "R", 13 ], [ "R", 3 ], [ "R", 11 ], [ "R", 2 ], [ "R", 11 ], [ "R", 1 ], [ "R", 1 ], [ "R", 1 ], [ "R", 25 ], [ "R", 6 ], [ "R", 6 ], [ "R", 6 ], [ "R", 11 ], [ "R", 2 ], [ "R", 11 ], [ "R", 1 ], [ "R", 1 ], [ "R", 1 ], [ "R", 25 ], [ "R", 6 ], [ "R", 6 ], [ "R", 6 ], [ "R", 6 ], [ "R", 6 ], [ "R", 6 ], [ "R", 6 ], [ "R", 6 ], [ "R", 6 ], [ "R", 6 ], [ "R", 6 ], [ "R", 11 ], [ "R", 2 ], [ "R", 11 ], [ "R", 1 ], [ "R", 1 ], [ "R", 1 ], [ "R", 25 ], [ "R", 17 ], [ "R", 17 ], [ "R", 17 ], [ "R", 17 ], [ "R", 23 ], [ "R", 17 ], [ "R", 11 ], [ "R", 2 ], [ "R", 11 ], [ "R", 1 ], [ "R", 1 ], [ "R", 1 ], [ "R", 25 ], [ "R", 15 ], [ "R", 15 ], [ "R", 20 ], [ "R", 17 ], [ "R", 15 ], [ "R", 15 ], [ "R", 20 ], [ "R", 17 ], [ "R", 15 ] ]
    } ]
  },
  "CritiqueCriticController.edit" : {
    "t" : [ {
      "id" : 0,
      "a" : [ [ "R", 8 ], [ "R", 12 ], [ "R", 8 ], [ "R", 12 ], [ "R", 11 ], [ "R", 7 ], [ "R", 11 ], [ "R", 1 ], [ "R", 1 ], [ "R", 1 ], [ "R", 25 ], [ "R", 12 ], [ "W", 8 ], [ "W", 12 ], [ "W", 8 ], [ "W", 7 ], [ "W", 8 ], [ "R", 8 ], [ "W", 8 ], [ "R", 8 ], [ "W", 8 ], [ "R", 8 ], [ "W", 8 ], [ "R", 11 ], [ "R", 7 ], [ "R", 11 ], [ "R", 1 ], [ "R", 1 ], [ "R", 1 ], [ "R", 25 ], [ "R", 8 ], [ "R", 12 ], [ "R", 11 ], [ "R", 11 ], [ "R", 8 ], [ "R", 8 ], [ "R", 8 ], [ "R", 7 ], [ "R", 8 ], [ "R", 12 ], [ "R", 8 ], [ "R", 12 ], [ "W", 8 ], [ "W", 12 ], [ "R", 11 ], [ "R", 8 ], [ "R", 12 ], [ "R", 11 ], [ "R", 7 ], [ "R", 11 ], [ "R", 1 ], [ "R", 1 ], [ "R", 1 ], [ "R", 25 ], [ "R", 8 ], [ "R", 7 ], [ "R", 11 ], [ "R", 11 ], [ "R", 11 ], [ "R", 8 ], [ "R", 12 ], [ "R", 8 ], [ "R", 12 ], [ "R", 12 ], [ "R", 8 ], [ "R", 12 ], [ "R", 11 ], [ "R", 11 ], [ "R", 8 ], [ "R", 8 ], [ "R", 8 ], [ "R", 7 ], [ "R", 8 ], [ "R", 12 ], [ "W", 8 ], [ "R", 8 ], [ "R", 12 ], [ "R", 11 ] ]
    } ]
  },
  "ExhibitionCriticController.listResults" : {
    "t" : [ {
      "id" : 0,
      "a" : [ [ "R", 12 ], [ "R", 12 ], [ "R", 12 ], [ "R", 12 ], [ "R", 12 ], [ "R", 12 ] ]
    } ]
  },
  "SponsorAdministratorController.listLocked" : {
    "t" : [ {
      "id" : 0,
      "a" : [ [ "R", 11 ], [ "R", 2 ], [ "R", 11 ], [ "R", 1 ], [ "R", 1 ], [ "R", 1 ], [ "R", 25 ], [ "R", 21 ], [ "R", 21 ], [ "R", 21 ], [ "R", 25 ] ]
    } ]
  },
  "ExhibitionGuideController.listResults" : {
    "t" : [ {
      "id" : 0,
      "a" : [ [ "R", 12 ], [ "R", 12 ], [ "R", 12 ], [ "R", 12 ], [ "R", 12 ], [ "R", 12 ] ]
    } ]
  },
  "ExhibitionAdministratorController.listResults" : {
    "t" : [ {
      "id" : 0,
      "a" : [ [ "R", 12 ], [ "R", 12 ], [ "R", 12 ], [ "R", 12 ], [ "R", 12 ], [ "R", 12 ] ]
    } ]
  },
  "DirectorAdministratorController.save" : {
    "t" : [ {
      "id" : 0,
      "a" : [ [ "R", 11 ], [ "R", 2 ], [ "R", 11 ], [ "R", 1 ], [ "R", 1 ], [ "R", 1 ], [ "R", 25 ], [ "R", 10 ], [ "W", 25 ], [ "W", 25 ], [ "R", 25 ], [ "W", 1 ], [ "W", 25 ], [ "W", 10 ], [ "W", 17 ], [ "W", 1 ], [ "W", 1 ], [ "W", 1 ], [ "W", 1 ], [ "W", 1 ], [ "W", 1 ], [ "W", 1 ], [ "W", 1 ], [ "W", 1 ], [ "R", 1 ], [ "R", 25 ], [ "W", 25 ], [ "R", 1 ], [ "R", 25 ], [ "W", 25 ], [ "R", 1 ], [ "R", 25 ], [ "R", 1 ], [ "R", 25 ], [ "R", 11 ], [ "R", 2 ], [ "R", 11 ], [ "R", 1 ], [ "R", 1 ], [ "R", 1 ], [ "R", 25 ], [ "R", 11 ], [ "R", 1 ], [ "R", 25 ], [ "R", 1 ], [ "R", 25 ], [ "R", 25 ], [ "R", 1 ], [ "R", 25 ], [ "R", 25 ], [ "R", 1 ], [ "R", 25 ], [ "W", 25 ], [ "W", 10 ] ]
    } ]
  },
  "ProductGuideController.display" : {
    "t" : [ {
      "id" : 0,
      "a" : [ [ "R", 18 ] ]
    } ]
  },
  "InvitationVisitorController.list" : {
    "t" : [ {
      "id" : 0,
      "a" : [ [ "R", 11 ], [ "R", 26 ], [ "R", 11 ], [ "R", 1 ], [ "R", 1 ], [ "R", 1 ], [ "R", 25 ], [ "R", 11 ], [ "R", 16 ], [ "R", 16 ], [ "R", 16 ], [ "R", 26 ], [ "R", 16 ] ]
    } ]
  },
  "DirectorGuideController.list" : {
    "t" : [ {
      "id" : 0,
      "a" : [ [ "R", 10 ] ]
    } ]
  },
  "GroupDirectorController.display" : {
    "t" : [ {
      "id" : 0,
      "a" : [ [ "R", 13 ], [ "R", 11 ], [ "R", 10 ], [ "R", 11 ], [ "R", 1 ], [ "R", 1 ], [ "R", 1 ], [ "R", 25 ], [ "R", 13 ], [ "R", 17 ], [ "R", 17 ], [ "R", 10 ], [ "R", 11 ], [ "R", 11 ], [ "R", 11 ], [ "R", 11 ], [ "R", 2 ], [ "R", 11 ], [ "R", 1 ], [ "R", 1 ], [ "R", 1 ], [ "R", 25 ], [ "R", 11 ], [ "R", 26 ], [ "R", 11 ], [ "R", 1 ], [ "R", 1 ], [ "R", 1 ], [ "R", 25 ], [ "R", 11 ], [ "R", 10 ], [ "R", 11 ], [ "R", 1 ], [ "R", 1 ], [ "R", 1 ], [ "R", 25 ], [ "R", 11 ], [ "R", 3 ], [ "R", 3 ], [ "R", 3 ], [ "R", 13 ], [ "R", 3 ], [ "R", 11 ], [ "R", 26 ], [ "R", 13 ], [ "R", 26 ], [ "R", 13 ], [ "R", 26 ], [ "R", 13 ], [ "R", 26 ], [ "R", 11 ], [ "R", 6 ], [ "R", 6 ], [ "R", 6 ], [ "R", 13 ], [ "R", 6 ], [ "R", 6 ], [ "R", 6 ], [ "R", 6 ], [ "R", 13 ], [ "R", 11 ], [ "R", 11 ], [ "R", 11 ], [ "R", 11 ], [ "R", 6 ], [ "R", 6 ], [ "R", 6 ], [ "R", 6 ] ]
    } ]
  },
  "CategoryAdministratorController.display" : {
    "t" : [ {
      "id" : 0,
      "a" : [ [ "R", 5 ], [ "R", 5 ], [ "R", 5 ], [ "R", 5 ], [ "R", 11 ], [ "R", 5 ], [ "R", 5 ], [ "R", 5 ], [ "R", 5 ], [ "R", 11 ], [ "R", 12 ], [ "R", 12 ], [ "R", 12 ], [ "R", 5 ] ]
    } ]
  },
  "MuseumSponsorController.listResults" : {
    "t" : [ {
      "id" : 0,
      "a" : [ [ "R", 17 ] ]
    } ]
  },
  "ArtworkGuideController.create" : {
    "t" : [ {
      "id" : 0,
      "a" : [ [ "R", 12 ], [ "R", 11 ], [ "R", 14 ], [ "R", 11 ], [ "R", 1 ], [ "R", 1 ], [ "R", 1 ], [ "R", 25 ], [ "R", 14 ], [ "R", 12 ], [ "W", 4 ], [ "W", 12 ], [ "R", 4 ], [ "R", 12 ] ]
    } ]
  },
  "ExhibitionVisitorController.display" : {
    "t" : [ {
      "id" : 0,
      "a" : [ [ "R", 12 ], [ "R", 11 ], [ "R", 4 ], [ "R", 4 ], [ "R", 4 ], [ "R", 12 ], [ "R", 4 ], [ "R", 4 ], [ "R", 11 ], [ "R", 8 ], [ "R", 8 ], [ "R", 8 ], [ "R", 12 ], [ "R", 14 ], [ "R", 14 ], [ "R", 14 ], [ "R", 12 ], [ "R", 11 ], [ "R", 22 ], [ "R", 22 ], [ "R", 22 ], [ "R", 22 ], [ "R", 12 ], [ "R", 22 ], [ "R", 22 ], [ "R", 12 ], [ "R", 12 ], [ "R", 11 ], [ "R", 4 ], [ "R", 4 ], [ "R", 4 ], [ "R", 12 ], [ "R", 4 ], [ "R", 4 ] ]
    } ]
  },
  "SystemConfigurationAdministratorController.editTabooWord" : {
    "t" : [ {
      "id" : 0,
      "a" : [ [ "R", 24 ], [ "R", 24 ], [ "R", 11 ], [ "R", 2 ], [ "R", 11 ], [ "R", 1 ], [ "R", 1 ], [ "R", 1 ], [ "R", 25 ], [ "R", 24 ], [ "R", 24 ], [ "W", 24 ], [ "R", 11 ], [ "R", 2 ], [ "R", 11 ], [ "R", 1 ], [ "R", 1 ], [ "R", 1 ], [ "R", 25 ], [ "R", 24 ], [ "R", 11 ], [ "R", 11 ], [ "R", 11 ], [ "R", 11 ], [ "R", 24 ], [ "W", 24 ], [ "W", 24 ], [ "R", 11 ], [ "R", 2 ], [ "R", 11 ], [ "R", 1 ], [ "R", 1 ], [ "R", 1 ], [ "R", 25 ], [ "R", 13 ], [ "R", 13 ], [ "R", 13 ], [ "R", 11 ], [ "R", 2 ], [ "R", 11 ], [ "R", 1 ], [ "R", 1 ], [ "R", 1 ], [ "R", 25 ], [ "R", 3 ], [ "R", 3 ], [ "R", 3 ], [ "R", 11 ], [ "R", 2 ], [ "R", 11 ], [ "R", 1 ], [ "R", 1 ], [ "R", 1 ], [ "R", 25 ], [ "R", 6 ], [ "R", 6 ], [ "R", 6 ], [ "R", 11 ], [ "R", 2 ], [ "R", 11 ], [ "R", 1 ], [ "R", 1 ], [ "R", 1 ], [ "R", 25 ], [ "R", 19 ], [ "R", 19 ], [ "R", 19 ], [ "R", 13 ], [ "R", 26 ], [ "R", 13 ], [ "R", 13 ], [ "R", 26 ], [ "R", 13 ], [ "R", 13 ], [ "R", 13 ], [ "R", 24 ], [ "R", 24 ], [ "W", 13 ], [ "W", 13 ], [ "R", 3 ], [ "R", 3 ], [ "R", 24 ], [ "R", 24 ], [ "W", 3 ], [ "W", 3 ], [ "R", 6 ], [ "R", 6 ], [ "R", 24 ], [ "R", 24 ], [ "W", 6 ], [ "W", 6 ], [ "R", 19 ], [ "R", 24 ], [ "R", 24 ], [ "W", 19 ], [ "W", 19 ] ]
    } ]
  },
  "RoomDirectorController.inRepair" : {
    "t" : [ {
      "id" : 0,
      "a" : [ [ "R", 20 ], [ "R", 11 ], [ "R", 11 ], [ "R", 10 ], [ "R", 11 ], [ "R", 1 ], [ "R", 1 ], [ "R", 1 ], [ "R", 25 ], [ "R", 10 ], [ "R", 17 ], [ "R", 20 ], [ "R", 17 ], [ "R", 20 ], [ "W", 20 ], [ "W", 20 ] ]
    } ]
  },
  "ArtworkVisitorController.display" : {
    "t" : [ {
      "id" : 0,
      "a" : [ [ "R", 4 ], [ "R", 4 ] ]
    } ]
  },
  "DirectorDirectorController.display" : {
    "t" : [ {
      "id" : 0,
      "a" : [ [ "R", 10 ], [ "R", 11 ], [ "R", 17 ], [ "R", 17 ], [ "R", 17 ], [ "R", 10 ] ]
    } ]
  },
  "CritiqueVisitorController.display" : {
    "t" : [ {
      "id" : 0,
      "a" : [ [ "R", 8 ] ]
    } ]
  },
  "ExhibitionDirectorController.display" : {
    "t" : [ {
      "id" : 0,
      "a" : [ [ "R", 12 ], [ "R", 11 ], [ "R", 10 ], [ "R", 11 ], [ "R", 1 ], [ "R", 1 ], [ "R", 1 ], [ "R", 25 ], [ "R", 11 ], [ "R", 4 ], [ "R", 4 ], [ "R", 4 ], [ "R", 12 ], [ "R", 4 ], [ "R", 11 ], [ "R", 8 ], [ "R", 8 ], [ "R", 8 ], [ "R", 12 ], [ "R", 14 ], [ "R", 14 ], [ "R", 14 ], [ "R", 12 ], [ "R", 10 ], [ "R", 17 ], [ "R", 12 ], [ "R", 20 ], [ "R", 20 ], [ "R", 17 ], [ "R", 12 ], [ "R", 12 ], [ "R", 9 ], [ "R", 12 ], [ "R", 22 ], [ "R", 11 ], [ "R", 22 ], [ "R", 22 ], [ "R", 22 ], [ "R", 22 ], [ "R", 12 ], [ "R", 22 ], [ "R", 22 ] ]
    } ]
  },
  "InvitationVisitorController.create" : {
    "t" : [ {
      "id" : 0,
      "a" : [ [ "R", 13 ], [ "R", 13 ], [ "R", 11 ], [ "R", 26 ], [ "R", 11 ], [ "R", 1 ], [ "R", 1 ], [ "R", 1 ], [ "R", 25 ], [ "R", 13 ], [ "R", 26 ], [ "R", 11 ], [ "R", 11 ], [ "R", 11 ], [ "R", 13 ], [ "R", 13 ], [ "R", 13 ], [ "R", 26 ], [ "W", 16 ], [ "W", 13 ], [ "W", 16 ], [ "W", 26 ], [ "W", 16 ], [ "R", 16 ], [ "R", 13 ], [ "R", 16 ], [ "R", 13 ], [ "R", 26 ], [ "R", 26 ], [ "R", 26 ], [ "R", 13 ], [ "R", 26 ], [ "R", 16 ], [ "R", 16 ], [ "R", 26 ], [ "R", 16 ], [ "R", 13 ], [ "R", 16 ] ]
    } ]
  },
  "DirectorCriticController.display" : {
    "t" : [ {
      "id" : 0,
      "a" : [ [ "R", 10 ], [ "R", 11 ], [ "R", 17 ], [ "R", 17 ], [ "R", 17 ], [ "R", 10 ] ]
    } ]
  },
  "GroupAdministratorController.listTaboo" : {
    "t" : [ {
      "id" : 0,
      "a" : [ [ "R", 11 ], [ "R", 2 ], [ "R", 11 ], [ "R", 1 ], [ "R", 1 ], [ "R", 1 ], [ "R", 25 ], [ "R", 13 ], [ "R", 13 ], [ "R", 13 ] ]
    } ]
  },
  "RoomDirectorController.delete" : {
    "t" : [ {
      "id" : 0,
      "a" : [ [ "R", 20 ], [ "R", 11 ], [ "R", 20 ], [ "R", 11 ], [ "R", 10 ], [ "R", 11 ], [ "R", 1 ], [ "R", 1 ], [ "R", 1 ], [ "R", 25 ], [ "R", 11 ], [ "R", 10 ], [ "R", 11 ], [ "R", 1 ], [ "R", 1 ], [ "R", 1 ], [ "R", 25 ], [ "R", 10 ], [ "R", 17 ], [ "R", 20 ], [ "R", 17 ], [ "R", 11 ], [ "R", 12 ], [ "R", 12 ], [ "R", 12 ], [ "R", 20 ], [ "R", 12 ], [ "R", 12 ], [ "R", 11 ], [ "R", 10 ], [ "R", 11 ], [ "R", 1 ], [ "R", 1 ], [ "R", 1 ], [ "R", 25 ], [ "R", 11 ], [ "R", 12 ], [ "R", 12 ], [ "R", 12 ], [ "R", 20 ], [ "R", 12 ], [ "R", 12 ], [ "R", 9 ], [ "R", 11 ], [ "R", 10 ], [ "R", 11 ], [ "R", 1 ], [ "R", 1 ], [ "R", 1 ], [ "R", 25 ], [ "R", 11 ], [ "R", 12 ], [ "R", 12 ], [ "R", 12 ], [ "R", 20 ], [ "R", 12 ], [ "R", 12 ], [ "R", 22 ], [ "R", 20 ], [ "R", 12 ], [ "R", 11 ], [ "R", 12 ], [ "R", 11 ], [ "R", 10 ], [ "R", 11 ], [ "R", 1 ], [ "R", 1 ], [ "R", 1 ], [ "R", 25 ], [ "R", 10 ], [ "R", 17 ], [ "R", 12 ], [ "R", 20 ], [ "R", 20 ], [ "R", 17 ], [ "R", 12 ], [ "R", 9 ], [ "R", 12 ], [ "R", 12 ], [ "R", 22 ], [ "R", 12 ], [ "R", 12 ], [ "R", 8 ], [ "R", 11 ], [ "R", 8 ], [ "R", 11 ], [ "R", 10 ], [ "R", 11 ], [ "R", 1 ], [ "R", 1 ], [ "R", 1 ], [ "R", 25 ], [ "R", 10 ], [ "R", 17 ], [ "R", 8 ], [ "R", 12 ], [ "R", 12 ], [ "R", 20 ], [ "R", 20 ], [ "R", 17 ], [ "R", 8 ], [ "R", 12 ], [ "R", 12 ], [ "R", 9 ], [ "R", 8 ], [ "R", 12 ], [ "R", 12 ], [ "R", 8 ], [ "R", 12 ], [ "R", 12 ], [ "R", 22 ], [ "R", 8 ], [ "R", 12 ], [ "R", 12 ], [ "R", 8 ], [ "R", 7 ], [ "R", 7 ], [ "R", 8 ], [ "R", 8 ], [ "R", 7 ], [ "W", 7 ], [ "W", 8 ], [ "R", 12 ], [ "R", 5 ], [ "R", 5 ], [ "R", 12 ], [ "R", 12 ], [ "R", 5 ], [ "W", 5 ], [ "R", 12 ], [ "R", 14 ], [ "R", 14 ], [ "R", 12 ], [ "W", 14 ], [ "R", 12 ], [ "R", 9 ], [ "R", 11 ], [ "R", 9 ], [ "R", 11 ], [ "R", 10 ], [ "R", 11 ], [ "R", 1 ], [ "R", 1 ], [ "R", 1 ], [ "R", 25 ], [ "R", 10 ], [ "R", 17 ], [ "R", 9 ], [ "R", 17 ], [ "R", 9 ], [ "R", 12 ], [ "R", 9 ], [ "R", 12 ], [ "R", 12 ], [ "R", 9 ], [ "R", 17 ], [ "R", 17 ], [ "R", 9 ], [ "R", 9 ], [ "R", 17 ], [ "R", 17 ], [ "R", 17 ], [ "R", 17 ], [ "W", 17 ], [ "W", 9 ], [ "W", 12 ], [ "W", 9 ], [ "R", 12 ], [ "R", 22 ], [ "R", 11 ], [ "R", 22 ], [ "R", 11 ], [ "R", 10 ], [ "R", 11 ], [ "R", 1 ], [ "R", 1 ], [ "R", 1 ], [ "R", 25 ], [ "R", 10 ], [ "R", 17 ], [ "R", 22 ], [ "R", 12 ], [ "R", 12 ], [ "R", 20 ], [ "R", 20 ], [ "R", 17 ], [ "R", 22 ], [ "R", 12 ], [ "R", 12 ], [ "R", 22 ], [ "R", 21 ], [ "R", 21 ], [ "R", 22 ], [ "R", 22 ], [ "R", 21 ], [ "W", 21 ], [ "W", 22 ], [ "W", 12 ], [ "R", 20 ], [ "R", 17 ], [ "R", 17 ], [ "R", 20 ], [ "R", 20 ], [ "R", 17 ], [ "R", 17 ], [ "R", 17 ], [ "R", 17 ], [ "W", 17 ], [ "R", 20 ], [ "R", 15 ], [ "R", 11 ], [ "R", 15 ], [ "R", 11 ], [ "R", 10 ], [ "R", 11 ], [ "R", 1 ], [ "R", 1 ], [ "R", 1 ], [ "R", 25 ], [ "R", 10 ], [ "R", 17 ], [ "R", 15 ], [ "R", 20 ], [ "R", 20 ], [ "R", 17 ], [ "R", 15 ], [ "R", 14 ], [ "R", 14 ], [ "R", 15 ], [ "R", 15 ], [ "R", 14 ], [ "W", 14 ], [ "W", 15 ], [ "W", 20 ] ]
    } ]
  },
  "ArtworkGuideController.delete" : {
    "t" : [ {
      "id" : 0,
      "a" : [ [ "R", 4 ], [ "R", 11 ], [ "R", 14 ], [ "R", 11 ], [ "R", 1 ], [ "R", 1 ], [ "R", 1 ], [ "R", 25 ], [ "R", 14 ], [ "R", 12 ], [ "R", 4 ], [ "R", 12 ], [ "R", 4 ], [ "R", 4 ], [ "R", 12 ], [ "R", 11 ], [ "R", 11 ], [ "R", 14 ], [ "R", 11 ], [ "R", 1 ], [ "R", 1 ], [ "R", 1 ], [ "R", 25 ], [ "R", 4 ], [ "R", 12 ], [ "R", 12 ], [ "R", 14 ], [ "R", 4 ], [ "W", 4 ] ]
    } ]
  },
  "StoreAdministratorController.display" : {
    "t" : [ {
      "id" : 0,
      "a" : [ [ "R", 23 ], [ "R", 11 ], [ "R", 18 ], [ "R", 18 ], [ "R", 18 ], [ "R", 23 ] ]
    } ]
  },
  "CriticAdministratorController.register" : {
    "t" : [ {
      "id" : 0,
      "a" : [ [ "R", 11 ], [ "R", 2 ], [ "R", 11 ], [ "R", 1 ], [ "R", 1 ], [ "R", 1 ], [ "R", 25 ] ]
    } ]
  },
  "DirectorController.list" : {
    "t" : [ {
      "id" : 0,
      "a" : [ [ "R", 10 ] ]
    } ]
  },
  "ExhibitionDirectorController.delete" : {
    "t" : [ {
      "id" : 0,
      "a" : [ [ "R", 12 ], [ "R", 11 ], [ "R", 12 ], [ "R", 11 ], [ "R", 10 ], [ "R", 11 ], [ "R", 1 ], [ "R", 1 ], [ "R", 1 ], [ "R", 25 ], [ "R", 10 ], [ "R", 17 ], [ "R", 12 ], [ "R", 20 ], [ "R", 20 ], [ "R", 17 ], [ "R", 12 ], [ "R", 12 ], [ "R", 9 ], [ "R", 12 ], [ "R", 22 ], [ "R", 12 ], [ "R", 8 ], [ "R", 11 ], [ "R", 8 ], [ "R", 11 ], [ "R", 10 ], [ "R", 11 ], [ "R", 1 ], [ "R", 1 ], [ "R", 1 ], [ "R", 25 ], [ "R", 10 ], [ "R", 17 ], [ "R", 8 ], [ "R", 12 ], [ "R", 12 ], [ "R", 20 ], [ "R", 20 ], [ "R", 17 ], [ "R", 8 ], [ "R", 12 ], [ "R", 12 ], [ "R", 8 ], [ "R", 12 ], [ "R", 12 ], [ "R", 9 ], [ "R", 8 ], [ "R", 12 ], [ "R", 12 ], [ "R", 22 ], [ "R", 8 ], [ "R", 7 ], [ "R", 7 ], [ "R", 8 ], [ "R", 8 ], [ "R", 7 ], [ "W", 7 ], [ "R", 8 ], [ "R", 12 ], [ "R", 12 ], [ "R", 8 ], [ "W", 8 ], [ "R", 12 ], [ "R", 5 ], [ "R", 5 ], [ "R", 12 ], [ "R", 12 ], [ "R", 5 ], [ "W", 5 ], [ "R", 12 ], [ "R", 14 ], [ "R", 14 ], [ "R", 12 ], [ "W", 14 ], [ "R", 12 ], [ "R", 20 ], [ "R", 20 ], [ "R", 12 ], [ "R", 12 ], [ "R", 20 ], [ "W", 20 ], [ "W", 12 ] ]
    } ]
  },
  "MuseumVisitorController.listResults" : {
    "t" : [ {
      "id" : 0,
      "a" : [ [ "R", 17 ] ]
    } ]
  },
  "SponsorshipSponsorController.reject" : {
    "t" : [ {
      "id" : 0,
      "a" : [ [ "R", 22 ], [ "R", 11 ], [ "R", 21 ], [ "R", 11 ], [ "R", 1 ], [ "R", 1 ], [ "R", 1 ], [ "R", 25 ], [ "R", 22 ], [ "R", 21 ], [ "R", 11 ], [ "R", 11 ], [ "R", 11 ], [ "R", 22 ], [ "R", 22 ], [ "R", 12 ], [ "R", 22 ], [ "R", 22 ], [ "R", 22 ], [ "R", 22 ], [ "R", 12 ], [ "R", 12 ], [ "W", 22 ], [ "W", 22 ] ]
    } ]
  },
  "CategoryVisitorController.display" : {
    "t" : [ {
      "id" : 0,
      "a" : [ [ "R", 5 ], [ "R", 5 ], [ "R", 5 ], [ "R", 5 ], [ "R", 11 ], [ "R", 5 ], [ "R", 5 ], [ "R", 5 ], [ "R", 5 ], [ "R", 11 ], [ "R", 12 ], [ "R", 12 ], [ "R", 12 ], [ "R", 5 ] ]
    } ]
  },
  "CategoryAdministratorController.edit" : {
    "t" : [ {
      "id" : 0,
      "a" : [ [ "R", 5 ], [ "R", 5 ], [ "R", 11 ], [ "R", 5 ], [ "W", 5 ], [ "W", 5 ], [ "W", 5 ], [ "W", 12 ], [ "W", 5 ], [ "W", 5 ], [ "R", 5 ], [ "W", 5 ], [ "R", 11 ], [ "R", 2 ], [ "R", 11 ], [ "R", 1 ], [ "R", 1 ], [ "R", 1 ], [ "R", 25 ], [ "R", 11 ], [ "R", 5 ], [ "R", 5 ], [ "R", 5 ], [ "R", 5 ], [ "R", 5 ], [ "R", 5 ], [ "R", 5 ], [ "R", 5 ], [ "R", 12 ], [ "R", 5 ], [ "R", 12 ], [ "R", 5 ], [ "R", 5 ], [ "R", 5 ], [ "R", 5 ], [ "R", 5 ], [ "R", 5 ], [ "R", 5 ], [ "R", 5 ], [ "W", 5 ], [ "R", 5 ], [ "R", 5 ], [ "W", 5 ], [ "R", 11 ] ]
    } ]
  },
  "GuideAdministratorController.save" : {
    "t" : [ {
      "id" : 0,
      "a" : [ [ "R", 11 ], [ "R", 2 ], [ "R", 11 ], [ "R", 1 ], [ "R", 1 ], [ "R", 1 ], [ "R", 25 ], [ "R", 14 ], [ "W", 25 ], [ "W", 25 ], [ "R", 25 ], [ "W", 1 ], [ "W", 25 ], [ "W", 14 ], [ "W", 15 ], [ "W", 14 ], [ "W", 12 ], [ "W", 1 ], [ "W", 1 ], [ "W", 1 ], [ "W", 1 ], [ "W", 1 ], [ "W", 1 ], [ "W", 1 ], [ "W", 1 ], [ "W", 1 ], [ "R", 1 ], [ "R", 25 ], [ "W", 25 ], [ "R", 1 ], [ "R", 25 ], [ "W", 25 ], [ "R", 1 ], [ "R", 25 ], [ "R", 1 ], [ "R", 25 ], [ "R", 11 ], [ "R", 2 ], [ "R", 11 ], [ "R", 1 ], [ "R", 1 ], [ "R", 1 ], [ "R", 25 ], [ "R", 11 ], [ "R", 1 ], [ "R", 25 ], [ "R", 1 ], [ "R", 25 ], [ "R", 25 ], [ "R", 1 ], [ "R", 25 ], [ "R", 25 ], [ "R", 1 ], [ "R", 25 ], [ "W", 25 ], [ "W", 14 ] ]
    } ]
  },
  "GroupVisitorController.display" : {
    "t" : [ {
      "id" : 0,
      "a" : [ [ "R", 13 ], [ "R", 11 ], [ "R", 26 ], [ "R", 11 ], [ "R", 1 ], [ "R", 1 ], [ "R", 1 ], [ "R", 25 ], [ "R", 13 ], [ "R", 13 ], [ "R", 26 ], [ "R", 26 ], [ "R", 13 ], [ "R", 11 ], [ "R", 2 ], [ "R", 11 ], [ "R", 1 ], [ "R", 1 ], [ "R", 1 ], [ "R", 25 ], [ "R", 11 ], [ "R", 26 ], [ "R", 11 ], [ "R", 1 ], [ "R", 1 ], [ "R", 1 ], [ "R", 25 ], [ "R", 11 ], [ "R", 10 ], [ "R", 11 ], [ "R", 1 ], [ "R", 1 ], [ "R", 1 ], [ "R", 25 ], [ "R", 11 ], [ "R", 3 ], [ "R", 3 ], [ "R", 3 ], [ "R", 13 ], [ "R", 3 ], [ "R", 11 ], [ "R", 26 ], [ "R", 13 ], [ "R", 26 ], [ "R", 13 ], [ "R", 26 ], [ "R", 13 ], [ "R", 26 ], [ "R", 11 ], [ "R", 6 ], [ "R", 6 ], [ "R", 6 ], [ "R", 13 ], [ "R", 6 ], [ "R", 6 ], [ "R", 26 ], [ "R", 13 ], [ "R", 26 ], [ "R", 13 ], [ "R", 6 ], [ "R", 6 ], [ "R", 13 ], [ "R", 11 ], [ "R", 11 ], [ "R", 11 ], [ "R", 11 ], [ "R", 6 ], [ "R", 6 ], [ "R", 6 ], [ "R", 6 ] ]
    } ]
  },
  "MuseumController.display" : {
    "t" : [ {
      "id" : 0,
      "a" : [ [ "R", 17 ], [ "R", 11 ], [ "R", 19 ], [ "R", 19 ], [ "R", 19 ], [ "R", 17 ], [ "R", 19 ], [ "R", 11 ], [ "R", 12 ], [ "R", 20 ], [ "R", 12 ], [ "R", 20 ], [ "R", 17 ], [ "R", 12 ], [ "R", 20 ], [ "R", 12 ], [ "R", 12 ], [ "R", 11 ], [ "R", 19 ], [ "R", 19 ], [ "R", 19 ], [ "R", 17 ] ]
    } ]
  },
  "ArtworkAdministratorController.display" : {
    "t" : [ {
      "id" : 0,
      "a" : [ [ "R", 4 ] ]
    } ]
  },
  "CritiqueGuideController.display" : {
    "t" : [ {
      "id" : 0,
      "a" : [ [ "R", 8 ] ]
    } ]
  },
  "SponsorshipDirectorController.list" : {
    "t" : [ {
      "id" : 0,
      "a" : [ [ "R", 12 ], [ "R", 11 ], [ "R", 10 ], [ "R", 11 ], [ "R", 1 ], [ "R", 1 ], [ "R", 1 ], [ "R", 25 ], [ "R", 11 ], [ "R", 10 ], [ "R", 11 ], [ "R", 1 ], [ "R", 1 ], [ "R", 1 ], [ "R", 25 ], [ "R", 12 ], [ "R", 20 ], [ "R", 12 ], [ "R", 20 ], [ "R", 20 ], [ "R", 17 ], [ "R", 12 ], [ "R", 20 ], [ "R", 20 ], [ "R", 17 ], [ "R", 17 ], [ "R", 10 ], [ "R", 12 ], [ "R", 20 ], [ "R", 20 ], [ "R", 17 ], [ "R", 17 ], [ "R", 10 ], [ "R", 11 ], [ "R", 11 ], [ "R", 11 ], [ "R", 11 ], [ "R", 22 ], [ "R", 22 ], [ "R", 22 ], [ "R", 12 ], [ "R", 22 ] ]
    } ]
  },
  "ExhibitionController.listResults" : {
    "t" : [ {
      "id" : 0,
      "a" : [ [ "R", 12 ], [ "R", 12 ], [ "R", 12 ], [ "R", 12 ], [ "R", 12 ], [ "R", 12 ] ]
    } ]
  },
  "SponsorshipSponsorController.accept" : {
    "t" : [ {
      "id" : 0,
      "a" : [ [ "R", 22 ], [ "R", 11 ], [ "R", 21 ], [ "R", 11 ], [ "R", 1 ], [ "R", 1 ], [ "R", 1 ], [ "R", 25 ], [ "R", 22 ], [ "R", 21 ], [ "R", 11 ], [ "R", 11 ], [ "R", 11 ], [ "R", 22 ], [ "R", 22 ], [ "R", 12 ], [ "R", 22 ], [ "R", 22 ], [ "R", 22 ], [ "R", 22 ], [ "R", 12 ], [ "R", 12 ], [ "R", 22 ] ]
    } ]
  },
  "ArtworkController.display" : {
    "t" : [ {
      "id" : 0,
      "a" : [ [ "R", 4 ], [ "R", 4 ] ]
    } ]
  },
  "StoreController.display" : {
    "t" : [ {
      "id" : 0,
      "a" : [ [ "R", 23 ], [ "R", 11 ], [ "R", 18 ], [ "R", 18 ], [ "R", 18 ], [ "R", 23 ] ]
    } ]
  },
  "ArtworkGuideController.display" : {
    "t" : [ {
      "id" : 0,
      "a" : [ [ "R", 4 ] ]
    } ]
  },
  "IncidentDirectorController.check" : {
    "t" : [ {
      "id" : 0,
      "a" : [ [ "R", 15 ], [ "R", 15 ], [ "R", 20 ], [ "R", 11 ], [ "R", 15 ], [ "R", 20 ], [ "R", 20 ], [ "R", 17 ], [ "R", 11 ], [ "R", 11 ], [ "R", 10 ], [ "R", 11 ], [ "R", 1 ], [ "R", 1 ], [ "R", 1 ], [ "R", 25 ], [ "R", 10 ], [ "R", 17 ], [ "R", 15 ], [ "R", 20 ], [ "R", 20 ], [ "R", 17 ], [ "R", 15 ], [ "W", 15 ], [ "W", 15 ] ]
    } ]
  },
  "MuseumVisitorController.display" : {
    "t" : [ {
      "id" : 0,
      "a" : [ [ "R", 17 ], [ "R", 11 ], [ "R", 19 ], [ "R", 19 ], [ "R", 19 ], [ "R", 17 ], [ "R", 19 ], [ "R", 11 ], [ "R", 12 ], [ "R", 20 ], [ "R", 12 ], [ "R", 20 ], [ "R", 17 ], [ "R", 12 ], [ "R", 20 ], [ "R", 12 ], [ "R", 12 ], [ "R", 11 ], [ "R", 19 ], [ "R", 19 ], [ "R", 19 ], [ "R", 17 ], [ "R", 11 ], [ "R", 26 ], [ "R", 11 ], [ "R", 1 ], [ "R", 1 ], [ "R", 1 ], [ "R", 25 ], [ "R", 11 ], [ "R", 11 ], [ "R", 9 ], [ "R", 9 ], [ "R", 9 ], [ "R", 26 ], [ "R", 9 ], [ "R", 17 ] ]
    } ]
  },
  "GroupAdministratorController.list" : {
    "t" : [ {
      "id" : 0,
      "a" : [ [ "R", 11 ], [ "R", 2 ], [ "R", 11 ], [ "R", 1 ], [ "R", 1 ], [ "R", 1 ], [ "R", 25 ], [ "R", 13 ] ]
    } ]
  },
  "ArtworkSponsorController.display" : {
    "t" : [ {
      "id" : 0,
      "a" : [ [ "R", 4 ] ]
    } ]
  },
  "MuseumCriticController.listResults" : {
    "t" : [ {
      "id" : 0,
      "a" : [ [ "R", 17 ] ]
    } ]
  },
  "GroupVisitorController.delete" : {
    "t" : [ {
      "id" : 0,
      "a" : [ [ "R", 13 ], [ "R", 11 ], [ "R", 13 ], [ "R", 11 ], [ "R", 26 ], [ "R", 11 ], [ "R", 1 ], [ "R", 1 ], [ "R", 1 ], [ "R", 25 ], [ "R", 26 ], [ "R", 13 ], [ "R", 13 ], [ "R", 26 ], [ "R", 13 ], [ "R", 13 ], [ "R", 26 ], [ "R", 13 ], [ "R", 26 ], [ "R", 13 ], [ "R", 13 ], [ "R", 3 ], [ "R", 11 ], [ "R", 3 ], [ "R", 11 ], [ "R", 2 ], [ "R", 11 ], [ "R", 1 ], [ "R", 1 ], [ "R", 1 ], [ "R", 25 ], [ "R", 11 ], [ "R", 26 ], [ "R", 11 ], [ "R", 1 ], [ "R", 1 ], [ "R", 1 ], [ "R", 25 ], [ "R", 3 ], [ "R", 13 ], [ "R", 26 ], [ "R", 13 ], [ "R", 13 ], [ "R", 26 ], [ "R", 13 ], [ "R", 13 ], [ "R", 26 ], [ "R", 13 ], [ "R", 26 ], [ "R", 13 ], [ "W", 3 ], [ "W", 3 ], [ "W", 3 ], [ "R", 13 ], [ "R", 6 ], [ "R", 11 ], [ "R", 6 ], [ "R", 11 ], [ "R", 2 ], [ "R", 11 ], [ "R", 1 ], [ "R", 1 ], [ "R", 1 ], [ "R", 25 ], [ "R", 11 ], [ "R", 26 ], [ "R", 11 ], [ "R", 1 ], [ "R", 1 ], [ "R", 1 ], [ "R", 25 ], [ "R", 6 ], [ "R", 13 ], [ "R", 26 ], [ "R", 13 ], [ "R", 13 ], [ "R", 26 ], [ "R", 13 ], [ "R", 13 ], [ "R", 26 ], [ "R", 13 ], [ "R", 26 ], [ "R", 13 ], [ "R", 6 ], [ "R", 6 ], [ "R", 6 ], [ "R", 6 ], [ "R", 6 ], [ "R", 6 ], [ "R", 6 ], [ "R", 6 ], [ "R", 6 ], [ "R", 6 ], [ "R", 24 ], [ "R", 24 ], [ "W", 6 ], [ "W", 6 ], [ "W", 6 ], [ "W", 6 ], [ "W", 6 ], [ "R", 6 ], [ "R", 6 ], [ "W", 6 ], [ "W", 6 ], [ "R", 6 ], [ "R", 6 ], [ "R", 24 ], [ "R", 24 ], [ "W", 6 ], [ "W", 6 ], [ "W", 6 ], [ "R", 6 ], [ "R", 26 ], [ "R", 26 ], [ "R", 6 ], [ "R", 6 ], [ "R", 26 ], [ "W", 26 ], [ "W", 26 ], [ "W", 6 ], [ "W", 6 ], [ "W", 6 ], [ "R", 13 ], [ "R", 16 ], [ "R", 11 ], [ "R", 16 ], [ "R", 11 ], [ "R", 2 ], [ "R", 11 ], [ "R", 1 ], [ "R", 1 ], [ "R", 1 ], [ "R", 25 ], [ "R", 11 ], [ "R", 26 ], [ "R", 11 ], [ "R", 1 ], [ "R", 1 ], [ "R", 1 ], [ "R", 25 ], [ "R", 16 ], [ "R", 13 ], [ "R", 26 ], [ "R", 13 ], [ "R", 13 ], [ "R", 26 ], [ "R", 13 ], [ "R", 13 ], [ "R", 26 ], [ "R", 13 ], [ "R", 26 ], [ "R", 13 ], [ "R", 16 ], [ "R", 26 ], [ "R", 26 ], [ "R", 16 ], [ "R", 16 ], [ "R", 26 ], [ "W", 26 ], [ "W", 26 ], [ "R", 16 ], [ "R", 26 ], [ "R", 26 ], [ "R", 16 ], [ "R", 16 ], [ "R", 26 ], [ "W", 26 ], [ "W", 26 ], [ "W", 16 ], [ "W", 16 ], [ "R", 26 ], [ "R", 13 ], [ "W", 26 ], [ "W", 26 ], [ "R", 13 ], [ "R", 26 ], [ "R", 26 ], [ "R", 13 ], [ "W", 26 ], [ "W", 26 ], [ "W", 16 ], [ "R", 13 ], [ "R", 17 ], [ "R", 17 ], [ "R", 13 ], [ "R", 13 ], [ "R", 17 ], [ "R", 17 ], [ "R", 17 ], [ "R", 17 ], [ "W", 17 ], [ "W", 17 ], [ "W", 13 ], [ "W", 13 ] ]
    } ]
  },
  "StoreCriticController.display" : {
    "t" : [ {
      "id" : 0,
      "a" : [ [ "R", 23 ], [ "R", 11 ], [ "R", 18 ], [ "R", 18 ], [ "R", 18 ], [ "R", 23 ] ]
    } ]
  },
  "ExhibitionDirectorController.editDetails" : {
    "t" : [ {
      "id" : 0,
      "a" : [ [ "R", 12 ], [ "R", 11 ], [ "R", 10 ], [ "R", 11 ], [ "R", 1 ], [ "R", 1 ], [ "R", 1 ], [ "R", 25 ], [ "R", 10 ], [ "R", 17 ], [ "R", 12 ], [ "R", 20 ], [ "R", 20 ], [ "R", 17 ], [ "R", 12 ], [ "R", 12 ], [ "R", 9 ], [ "R", 5 ], [ "R", 5 ], [ "R", 5 ] ]
    } ]
  },
  "ExhibitionGuideController.display" : {
    "t" : [ {
      "id" : 0,
      "a" : [ [ "R", 12 ], [ "R", 11 ], [ "R", 4 ], [ "R", 4 ], [ "R", 4 ], [ "R", 12 ], [ "R", 4 ], [ "R", 11 ], [ "R", 8 ], [ "R", 8 ], [ "R", 8 ], [ "R", 12 ], [ "R", 14 ], [ "R", 14 ], [ "R", 14 ], [ "R", 12 ], [ "R", 11 ], [ "R", 22 ], [ "R", 22 ], [ "R", 22 ], [ "R", 22 ], [ "R", 12 ], [ "R", 22 ], [ "R", 22 ], [ "R", 11 ], [ "R", 14 ], [ "R", 11 ], [ "R", 1 ], [ "R", 1 ], [ "R", 1 ], [ "R", 25 ], [ "R", 12 ], [ "R", 14 ] ]
    } ]
  },
  "IncidentGuideController.list" : {
    "t" : [ {
      "id" : 0,
      "a" : [ [ "R", 17 ], [ "R", 11 ], [ "R", 14 ], [ "R", 11 ], [ "R", 1 ], [ "R", 1 ], [ "R", 1 ], [ "R", 25 ], [ "R", 17 ], [ "R", 14 ], [ "R", 11 ], [ "R", 10 ], [ "R", 11 ], [ "R", 1 ], [ "R", 1 ], [ "R", 1 ], [ "R", 25 ], [ "R", 11 ], [ "R", 14 ], [ "R", 11 ], [ "R", 1 ], [ "R", 1 ], [ "R", 1 ], [ "R", 25 ], [ "R", 10 ], [ "R", 17 ], [ "R", 17 ], [ "R", 14 ], [ "R", 11 ], [ "R", 15 ], [ "R", 15 ], [ "R", 15 ], [ "R", 20 ], [ "R", 17 ], [ "R", 15 ] ]
    } ]
  },
  "VisitorAdministratorController.listLocked" : {
    "t" : [ {
      "id" : 0,
      "a" : [ [ "R", 11 ], [ "R", 2 ], [ "R", 11 ], [ "R", 1 ], [ "R", 1 ], [ "R", 1 ], [ "R", 25 ], [ "R", 26 ], [ "R", 26 ], [ "R", 26 ], [ "R", 25 ] ]
    } ]
  },
  "MuseumDirectorController.list" : {
    "t" : [ {
      "id" : 0,
      "a" : [ [ "R", 17 ] ]
    } ]
  },
  "ArtworkDirectorController.display" : {
    "t" : [ {
      "id" : 0,
      "a" : [ [ "R", 4 ] ]
    } ]
  },
  "SponsorAdministratorController.listUnlocked" : {
    "t" : [ {
      "id" : 0,
      "a" : [ [ "R", 11 ], [ "R", 2 ], [ "R", 11 ], [ "R", 1 ], [ "R", 1 ], [ "R", 1 ], [ "R", 25 ], [ "R", 21 ], [ "R", 21 ], [ "R", 21 ], [ "R", 25 ] ]
    } ]
  },
  "MuseumDirectorController.listMine" : {
    "t" : [ {
      "id" : 0,
      "a" : [ [ "R", 11 ], [ "R", 10 ], [ "R", 11 ], [ "R", 1 ], [ "R", 1 ], [ "R", 1 ], [ "R", 25 ], [ "R", 11 ], [ "R", 17 ], [ "R", 17 ], [ "R", 17 ], [ "R", 10 ] ]
    } ]
  },
  "ExhibitionCriticController.display" : {
    "t" : [ {
      "id" : 0,
      "a" : [ [ "R", 12 ], [ "R", 11 ], [ "R", 4 ], [ "R", 4 ], [ "R", 4 ], [ "R", 12 ], [ "R", 4 ], [ "R", 11 ], [ "R", 8 ], [ "R", 8 ], [ "R", 8 ], [ "R", 12 ], [ "R", 14 ], [ "R", 14 ], [ "R", 14 ], [ "R", 12 ], [ "R", 11 ], [ "R", 22 ], [ "R", 22 ], [ "R", 22 ], [ "R", 22 ], [ "R", 12 ], [ "R", 22 ], [ "R", 22 ], [ "R", 11 ], [ "R", 7 ], [ "R", 11 ], [ "R", 1 ], [ "R", 1 ], [ "R", 1 ], [ "R", 25 ], [ "R", 11 ], [ "R", 11 ], [ "R", 8 ], [ "R", 8 ], [ "R", 8 ], [ "R", 7 ], [ "R", 8 ], [ "R", 12 ] ]
    } ]
  },
  "SponsorController.save" : {
    "t" : [ {
      "id" : 0,
      "a" : [ [ "R", 21 ], [ "W", 25 ], [ "W", 25 ], [ "R", 25 ], [ "W", 1 ], [ "W", 25 ], [ "W", 21 ], [ "W", 22 ], [ "W", 1 ], [ "W", 1 ], [ "W", 1 ], [ "W", 1 ], [ "W", 1 ], [ "W", 1 ], [ "W", 1 ], [ "W", 1 ], [ "W", 1 ], [ "R", 1 ], [ "R", 25 ], [ "W", 25 ], [ "R", 1 ], [ "R", 25 ], [ "W", 25 ], [ "R", 1 ], [ "R", 25 ], [ "R", 1 ], [ "R", 25 ], [ "R", 11 ], [ "R", 1 ], [ "R", 25 ], [ "R", 1 ], [ "R", 25 ], [ "R", 25 ], [ "R", 11 ], [ "R", 1 ], [ "R", 25 ], [ "R", 25 ], [ "R", 1 ], [ "R", 25 ], [ "W", 25 ], [ "W", 21 ] ]
    } ]
  },
  "StoreGuideController.display" : {
    "t" : [ {
      "id" : 0,
      "a" : [ [ "R", 23 ], [ "R", 11 ], [ "R", 18 ], [ "R", 18 ], [ "R", 18 ], [ "R", 23 ] ]
    } ]
  },
  "ProductDirectorController.display" : {
    "t" : [ {
      "id" : 0,
      "a" : [ [ "R", 18 ], [ "R", 11 ], [ "R", 10 ], [ "R", 11 ], [ "R", 1 ], [ "R", 1 ], [ "R", 1 ], [ "R", 25 ], [ "R", 18 ], [ "R", 23 ], [ "R", 23 ], [ "R", 17 ], [ "R", 17 ], [ "R", 10 ], [ "R", 11 ], [ "R", 11 ], [ "R", 11 ] ]
    } ]
  },
  "DirectorDirectorController.list" : {
    "t" : [ {
      "id" : 0,
      "a" : [ [ "R", 10 ] ]
    } ]
  },
  "CritiqueDirectorController.display" : {
    "t" : [ {
      "id" : 0,
      "a" : [ [ "R", 8 ] ]
    } ]
  },
  "DirectorGuideController.display" : {
    "t" : [ {
      "id" : 0,
      "a" : [ [ "R", 10 ], [ "R", 11 ], [ "R", 17 ], [ "R", 17 ], [ "R", 17 ], [ "R", 10 ] ]
    } ]
  },
  "ReviewVisitorController.edit" : {
    "t" : [ {
      "id" : 0,
      "a" : [ [ "R", 11 ], [ "R", 26 ], [ "R", 11 ], [ "R", 1 ], [ "R", 1 ], [ "R", 1 ], [ "R", 25 ], [ "R", 11 ], [ "W", 19 ], [ "W", 19 ], [ "W", 26 ], [ "W", 19 ], [ "R", 19 ], [ "R", 17 ], [ "R", 11 ], [ "R", 26 ], [ "R", 11 ], [ "R", 1 ], [ "R", 1 ], [ "R", 1 ], [ "R", 25 ], [ "R", 19 ], [ "R", 17 ], [ "R", 11 ], [ "R", 26 ], [ "R", 11 ], [ "R", 1 ], [ "R", 1 ], [ "R", 1 ], [ "R", 25 ], [ "R", 11 ], [ "R", 11 ], [ "R", 9 ], [ "R", 9 ], [ "R", 9 ], [ "R", 26 ], [ "R", 9 ], [ "R", 17 ], [ "W", 19 ], [ "R", 19 ], [ "R", 24 ], [ "R", 24 ], [ "W", 19 ], [ "R", 19 ], [ "W", 19 ], [ "R", 26 ], [ "R", 19 ], [ "W", 26 ], [ "R", 19 ], [ "R", 17 ], [ "R", 11 ], [ "R", 19 ], [ "R", 17 ] ]
    } ]
  },
  "MuseumCriticController.display" : {
    "t" : [ {
      "id" : 0,
      "a" : [ [ "R", 17 ], [ "R", 11 ], [ "R", 19 ], [ "R", 19 ], [ "R", 19 ], [ "R", 17 ], [ "R", 19 ], [ "R", 11 ], [ "R", 12 ], [ "R", 20 ], [ "R", 12 ], [ "R", 20 ], [ "R", 17 ], [ "R", 12 ], [ "R", 20 ], [ "R", 12 ], [ "R", 12 ], [ "R", 11 ], [ "R", 19 ], [ "R", 19 ], [ "R", 19 ], [ "R", 17 ] ]
    } ]
  },
  "ExhibitionDirectorController.listMine" : {
    "t" : [ {
      "id" : 0,
      "a" : [ [ "R", 11 ], [ "R", 10 ], [ "R", 11 ], [ "R", 1 ], [ "R", 1 ], [ "R", 1 ], [ "R", 25 ], [ "R", 11 ], [ "R", 12 ], [ "R", 12 ], [ "R", 12 ], [ "R", 20 ], [ "R", 17 ], [ "R", 10 ] ]
    } ]
  },
  "ProductAdministratorController.display" : {
    "t" : [ {
      "id" : 0,
      "a" : [ [ "R", 18 ] ]
    } ]
  },
  "VisitorAdministratorController.ban" : {
    "t" : [ {
      "id" : 0,
      "a" : [ [ "R", 11 ], [ "R", 2 ], [ "R", 11 ], [ "R", 1 ], [ "R", 1 ], [ "R", 1 ], [ "R", 25 ], [ "R", 26 ], [ "R", 1 ], [ "R", 25 ], [ "R", 25 ], [ "R", 11 ], [ "R", 26 ], [ "R", 1 ], [ "R", 25 ], [ "R", 25 ], [ "R", 11 ], [ "R", 2 ], [ "R", 11 ], [ "R", 1 ], [ "R", 1 ], [ "R", 1 ], [ "R", 25 ], [ "R", 1 ], [ "R", 25 ], [ "W", 25 ], [ "W", 26 ] ]
    } ]
  },
  "VisitorDirectorController.display" : {
    "t" : [ {
      "id" : 0,
      "a" : [ [ "R", 26 ] ]
    } ]
  },
  "StoreDirectorController.delete" : {
    "t" : [ {
      "id" : 0,
      "a" : [ [ "R", 11 ], [ "R", 10 ], [ "R", 11 ], [ "R", 1 ], [ "R", 1 ], [ "R", 1 ], [ "R", 25 ], [ "R", 23 ], [ "R", 23 ], [ "R", 17 ], [ "R", 17 ], [ "R", 10 ], [ "R", 11 ], [ "R", 11 ], [ "R", 11 ], [ "R", 23 ], [ "R", 17 ] ]
    } ]
  },
  "GroupVisitorController.quitGroup" : {
    "t" : [ {
      "id" : 0,
      "a" : [ [ "R", 13 ], [ "R", 11 ], [ "R", 13 ], [ "R", 11 ], [ "R", 26 ], [ "R", 11 ], [ "R", 1 ], [ "R", 1 ], [ "R", 1 ], [ "R", 25 ], [ "R", 13 ], [ "R", 13 ], [ "R", 26 ], [ "R", 13 ], [ "R", 26 ], [ "R", 11 ], [ "R", 11 ], [ "R", 11 ], [ "R", 26 ], [ "R", 13 ], [ "W", 26 ], [ "R", 13 ], [ "R", 26 ], [ "R", 13 ], [ "R", 26 ], [ "R", 13 ], [ "R", 13 ], [ "R", 26 ], [ "R", 13 ], [ "R", 13 ], [ "R", 13 ], [ "R", 24 ], [ "R", 24 ], [ "W", 13 ], [ "W", 13 ], [ "R", 13 ] ]
    } ]
  },
  "MuseumGuideController.display" : {
    "t" : [ {
      "id" : 0,
      "a" : [ [ "R", 17 ], [ "R", 11 ], [ "R", 14 ], [ "R", 11 ], [ "R", 1 ], [ "R", 1 ], [ "R", 1 ], [ "R", 25 ], [ "R", 11 ], [ "R", 19 ], [ "R", 19 ], [ "R", 19 ], [ "R", 17 ], [ "R", 19 ], [ "R", 11 ], [ "R", 20 ], [ "R", 20 ], [ "R", 12 ], [ "R", 20 ], [ "R", 17 ], [ "R", 17 ], [ "R", 14 ], [ "R", 11 ], [ "R", 19 ], [ "R", 19 ], [ "R", 19 ], [ "R", 17 ] ]
    } ]
  },
  "MuseumController.listResults" : {
    "t" : [ {
      "id" : 0,
      "a" : [ [ "R", 17 ] ]
    } ]
  },
  "GroupVisitorController.listCreated" : {
    "t" : [ {
      "id" : 0,
      "a" : [ [ "R", 11 ], [ "R", 26 ], [ "R", 11 ], [ "R", 1 ], [ "R", 1 ], [ "R", 1 ], [ "R", 25 ], [ "R", 11 ], [ "R", 13 ], [ "R", 13 ], [ "R", 13 ], [ "R", 26 ] ]
    } ]
  }
}