{
  "Actor" : 1,
  "Administrator" : 2,
  "ApplicationClub" : 3,
  "ApplicationJob" : 4,
  "Box" : 5,
  "BuyedOffer" : 6,
  "Category" : 7,
  "Client" : 8,
  "Club" : 9,
  "Configuration" : 10,
  "CreditCard" : 11,
  "Curricula" : 12,
  "DomainEntity" : 13,
  "EducationRecord" : 14,
  "Event" : 15,
  "Follow" : 16,
  "JobOffer" : 17,
  "Manager" : 18,
  "Message" : 19,
  "MiscellaneousRecord" : 20,
  "Offer" : 21,
  "Opinion" : 22,
  "ParticipationEvent" : 23,
  "ProfessionalRecord" : 24,
  "Publiciter" : 25,
  "SocialProfile" : 26,
  "UserAccount" : 27
}