{
  "Actor" : 1,
  "Administrador" : 2,
  "Alergeno" : 3,
  "Analisis" : 4,
  "Bandeja" : 5,
  "Buscador" : 6,
  "Cliente" : 7,
  "Consumicion" : 8,
  "ContencionMensaje" : 9,
  "Critica" : 10,
  "Critico" : 11,
  "Cupon" : 12,
  "DomainEntity" : 13,
  "LineaDeReserva" : 14,
  "LineaOfertaReserva" : 15,
  "LineaPlatoOferta" : 16,
  "Mensaje" : 17,
  "Mesa" : 18,
  "Notificacion" : 19,
  "Oferta" : 20,
  "Peticion" : 21,
  "Plato" : 22,
  "Quedada" : 23,
  "Reserva" : 24,
  "Restaurante" : 25,
  "SystemConfig" : 26,
  "Ticket" : 27,
  "UserAccount" : 28,
  "Valoracion" : 29
}