{
  "TutorialAdministratorController.edit" : {
    "t" : [ {
      "id" : 0,
      "a" : [ [ "R", 15 ], [ "R", 15 ], [ "R", 8 ], [ "R", 15 ], [ "R", 15 ], [ "R", 15 ], [ "R", 1 ], [ "R", 8 ] ]
    } ]
  },
  "BannerAgentController.create" : {
    "t" : [ {
      "id" : 0,
      "a" : [ [ "R", 8 ], [ "R", 8 ], [ "R", 3 ], [ "R", 3 ], [ "R", 3 ], [ "R", 17 ], [ "W", 5 ], [ "W", 3 ] ]
    } ]
  },
  "ActorAdministratorController.cancel" : {
    "t" : [ {
      "id" : 0,
      "a" : [ [ "R", 1 ], [ "R", 8 ], [ "R", 17 ], [ "R", 1 ], [ "R", 17 ], [ "R", 17 ], [ "R", 1 ], [ "R", 17 ], [ "W", 17 ], [ "R", 1 ], [ "R", 17 ], [ "W", 17 ], [ "R", 1 ], [ "R", 17 ], [ "R", 17 ] ]
    } ]
  },
  "RequestHandyworkerController.listWithoutServiced" : {
    "t" : [ {
      "id" : 0,
      "a" : [ [ "R", 8 ], [ "R", 8 ], [ "R", 10 ], [ "R", 10 ], [ "R", 10 ], [ "R", 17 ], [ "R", 10 ], [ "R", 12 ], [ "R", 12 ] ]
    } ]
  },
  "HandyworkerController.list" : {
    "t" : [ {
      "id" : 0,
      "a" : [ [ "R", 10 ] ]
    } ]
  },
  "CommentUserController.create" : {
    "t" : [ {
      "id" : 0,
      "a" : [ [ "R", 8 ], [ "R", 17 ], [ "W", 6 ], [ "W", 6 ], [ "W", 6 ], [ "R", 15 ], [ "W", 6 ], [ "W", 15 ] ]
    } ]
  },
  "CommentUserController.save" : {
    "t" : [ {
      "id" : 0,
      "a" : [ [ "R", 8 ], [ "R", 17 ], [ "R", 6 ], [ "W", 6 ], [ "R", 8 ], [ "W", 6 ], [ "R", 8 ], [ "R", 8 ], [ "R", 16 ], [ "R", 16 ], [ "R", 16 ], [ "R", 17 ], [ "W", 6 ], [ "W", 16 ], [ "W", 6 ], [ "R", 16 ], [ "R", 6 ], [ "W", 16 ], [ "W", 6 ], [ "R", 8 ], [ "R", 1 ], [ "R", 17 ], [ "R", 17 ], [ "R", 1 ], [ "R", 17 ], [ "W", 17 ], [ "W", 16 ], [ "R", 6 ], [ "R", 15 ], [ "R", 15 ], [ "R", 6 ], [ "W", 15 ], [ "W", 6 ], [ "W", 15 ], [ "R", 6 ], [ "R", 6 ], [ "R", 6 ], [ "R", 6 ], [ "R", 6 ], [ "R", 6 ], [ "R", 6 ], [ "R", 6 ], [ "R", 6 ], [ "R", 6 ], [ "R", 6 ], [ "R", 6 ], [ "W", 6 ], [ "W", 6 ], [ "R", 6 ], [ "R", 6 ], [ "W", 6 ] ]
    } ]
  },
  "SubscriptionUserController.save" : {
    "t" : [ {
      "id" : 0,
      "a" : [ [ "R", 8 ], [ "R", 8 ], [ "R", 16 ], [ "R", 16 ], [ "R", 16 ], [ "R", 17 ], [ "R", 11 ], [ "R", 8 ], [ "R", 16 ], [ "R", 16 ], [ "R", 14 ], [ "R", 16 ], [ "R", 14 ], [ "R", 11 ], [ "R", 16 ], [ "R", 14 ], [ "R", 16 ], [ "R", 14 ], [ "R", 8 ], [ "R", 8 ], [ "R", 16 ], [ "R", 16 ], [ "R", 16 ], [ "R", 17 ], [ "W", 14 ], [ "W", 16 ], [ "W", 14 ], [ "W", 14 ], [ "W", 14 ], [ "W", 14 ], [ "W", 14 ], [ "W", 11 ], [ "R", 8 ], [ "R", 17 ], [ "R", 14 ], [ "R", 16 ], [ "R", 8 ], [ "R", 8 ], [ "R", 16 ], [ "R", 16 ], [ "R", 16 ], [ "R", 17 ], [ "R", 8 ], [ "R", 8 ], [ "R", 8 ], [ "R", 14 ], [ "R", 14 ], [ "R", 11 ], [ "R", 8 ], [ "R", 8 ], [ "R", 16 ], [ "R", 16 ], [ "R", 16 ], [ "R", 17 ], [ "R", 11 ], [ "R", 8 ], [ "R", 16 ], [ "R", 16 ], [ "R", 14 ], [ "R", 16 ], [ "R", 14 ], [ "R", 11 ], [ "R", 16 ], [ "R", 14 ], [ "R", 16 ], [ "W", 14 ], [ "R", 8 ], [ "R", 8 ], [ "R", 16 ], [ "R", 16 ], [ "R", 16 ], [ "R", 17 ], [ "R", 11 ], [ "R", 8 ], [ "R", 16 ], [ "R", 16 ], [ "R", 14 ], [ "R", 16 ], [ "R", 14 ], [ "R", 11 ], [ "R", 16 ], [ "R", 14 ], [ "R", 16 ] ]
    } ]
  },
  "CommentUserController.listReplies" : {
    "t" : [ {
      "id" : 0,
      "a" : [ [ "R", 6 ], [ "R", 6 ], [ "R", 6 ] ]
    } ]
  },
  "RequestHandyworkerController.save" : {
    "t" : [ {
      "id" : 0,
      "a" : [ [ "R", 12 ], [ "R", 8 ], [ "R", 8 ], [ "R", 10 ], [ "R", 10 ], [ "R", 10 ], [ "R", 17 ], [ "R", 8 ], [ "R", 8 ], [ "R", 8 ], [ "R", 12 ], [ "R", 10 ], [ "W", 12 ], [ "W", 10 ], [ "R", 10 ], [ "R", 12 ], [ "R", 8 ], [ "W", 12 ], [ "R", 8 ], [ "R", 8 ], [ "R", 16 ], [ "R", 16 ], [ "R", 16 ], [ "R", 17 ], [ "R", 12 ], [ "R", 16 ], [ "R", 8 ], [ "R", 8 ], [ "R", 16 ], [ "R", 16 ], [ "R", 16 ], [ "R", 17 ], [ "R", 8 ], [ "R", 8 ], [ "R", 8 ], [ "R", 8 ], [ "R", 8 ], [ "R", 10 ], [ "R", 10 ], [ "R", 10 ], [ "R", 17 ], [ "R", 12 ], [ "R", 10 ], [ "R", 8 ], [ "R", 8 ], [ "R", 10 ], [ "R", 10 ], [ "R", 10 ], [ "R", 17 ], [ "R", 8 ], [ "R", 8 ], [ "R", 8 ], [ "R", 12 ], [ "W", 12 ], [ "W", 12 ], [ "W", 10 ] ]
    } ]
  },
  "SubscriptionUserController.edit" : {
    "t" : [ {
      "id" : 0,
      "a" : [ [ "R", 8 ], [ "R", 8 ], [ "R", 16 ], [ "R", 16 ], [ "R", 16 ], [ "R", 17 ], [ "R", 11 ], [ "R", 8 ], [ "R", 16 ], [ "R", 16 ], [ "R", 14 ], [ "R", 16 ], [ "R", 14 ], [ "R", 11 ], [ "R", 16 ], [ "R", 14 ], [ "R", 16 ] ]
    } ]
  },
  "CommentAdministratorController.edit" : {
    "t" : [ {
      "id" : 0,
      "a" : [ [ "R", 6 ] ]
    } ]
  },
  "ActorUserController.edit" : {
    "t" : [ {
      "id" : 0,
      "a" : [ [ "R", 8 ], [ "R", 8 ], [ "R", 16 ], [ "R", 16 ], [ "R", 16 ], [ "R", 17 ] ]
    } ]
  },
  "RequestUserController.listNotServicedRequest" : {
    "t" : [ {
      "id" : 0,
      "a" : [ [ "R", 8 ], [ "R", 8 ], [ "R", 16 ], [ "R", 16 ], [ "R", 16 ], [ "R", 17 ], [ "R", 8 ], [ "R", 12 ], [ "R", 12 ], [ "R", 12 ], [ "R", 16 ], [ "R", 12 ] ]
    } ]
  },
  "TutorialController.display" : {
    "t" : [ {
      "id" : 0,
      "a" : [ [ "R", 15 ], [ "R", 15 ], [ "R", 15 ], [ "R", 15 ], [ "R", 15 ], [ "R", 6 ] ]
    } ]
  },
  "ActorHandyworkerController.save" : {
    "t" : [ {
      "id" : 0,
      "a" : [ [ "R", 1 ], [ "R", 17 ], [ "R", 17 ], [ "R", 1 ], [ "R", 17 ], [ "W", 17 ], [ "W", 10 ] ]
    } ]
  },
  "ActorUserController.save" : {
    "t" : [ {
      "id" : 0,
      "a" : [ [ "R", 8 ], [ "R", 1 ], [ "R", 17 ], [ "W", 1 ], [ "W", 17 ], [ "R", 17 ], [ "R", 17 ], [ "R", 1 ], [ "R", 17 ], [ "R", 17 ], [ "R", 1 ], [ "R", 17 ], [ "W", 17 ], [ "R", 8 ], [ "R", 16 ], [ "R", 8 ], [ "W", 8 ], [ "R", 8 ], [ "W", 8 ], [ "R", 1 ], [ "R", 17 ], [ "W", 1 ], [ "W", 17 ], [ "R", 1 ], [ "R", 17 ], [ "R", 1 ], [ "R", 17 ], [ "R", 17 ], [ "W", 17 ], [ "R", 1 ], [ "R", 17 ], [ "R", 1 ], [ "R", 17 ], [ "R", 17 ], [ "W", 17 ], [ "R", 1 ], [ "R", 17 ], [ "R", 17 ], [ "R", 1 ], [ "R", 17 ], [ "W", 17 ], [ "W", 16 ] ]
    } ]
  },
  "CommentAdministratorController.delete" : {
    "t" : [ {
      "id" : 0,
      "a" : [ [ "R", 8 ], [ "R", 17 ], [ "R", 8 ], [ "R", 8 ], [ "R", 6 ], [ "R", 6 ], [ "R", 16 ], [ "R", 6 ], [ "R", 15 ], [ "R", 16 ], [ "R", 6 ], [ "R", 16 ], [ "R", 6 ], [ "R", 8 ], [ "R", 1 ], [ "R", 17 ], [ "R", 17 ], [ "R", 1 ], [ "R", 17 ], [ "W", 17 ], [ "W", 16 ], [ "R", 15 ], [ "R", 6 ], [ "R", 15 ], [ "R", 6 ], [ "W", 15 ], [ "W", 6 ] ]
    } ]
  },
  "RequestUserController.save" : {
    "t" : [ {
      "id" : 0,
      "a" : [ [ "R", 8 ], [ "R", 8 ], [ "R", 16 ], [ "R", 16 ], [ "R", 16 ], [ "R", 17 ], [ "R", 10 ], [ "R", 16 ], [ "R", 4 ], [ "R", 12 ], [ "R", 8 ], [ "R", 17 ], [ "R", 8 ], [ "R", 8 ], [ "R", 16 ], [ "R", 16 ], [ "R", 16 ], [ "R", 17 ], [ "W", 12 ], [ "W", 16 ], [ "R", 8 ], [ "R", 16 ], [ "R", 16 ], [ "R", 12 ], [ "R", 16 ], [ "R", 12 ], [ "R", 16 ], [ "R", 16 ], [ "R", 12 ], [ "W", 12 ], [ "W", 12 ], [ "W", 12 ], [ "W", 12 ], [ "W", 12 ], [ "W", 4 ], [ "W", 12 ], [ "W", 10 ], [ "R", 8 ], [ "W", 12 ], [ "R", 8 ], [ "R", 8 ], [ "R", 16 ], [ "R", 16 ], [ "R", 16 ], [ "R", 17 ], [ "R", 12 ], [ "R", 16 ], [ "R", 8 ], [ "R", 8 ], [ "R", 16 ], [ "R", 16 ], [ "R", 16 ], [ "R", 17 ], [ "R", 8 ], [ "R", 8 ], [ "R", 8 ], [ "R", 8 ], [ "R", 8 ], [ "R", 10 ], [ "R", 10 ], [ "R", 10 ], [ "R", 17 ], [ "R", 12 ], [ "R", 10 ], [ "R", 8 ], [ "R", 8 ], [ "R", 10 ], [ "R", 10 ], [ "R", 10 ], [ "R", 17 ], [ "R", 8 ], [ "R", 8 ], [ "R", 8 ], [ "R", 12 ], [ "W", 12 ], [ "W", 12 ], [ "R", 8 ], [ "R", 8 ], [ "R", 16 ], [ "R", 16 ], [ "R", 16 ], [ "R", 17 ], [ "R", 10 ], [ "R", 16 ], [ "R", 4 ] ]
    } ]
  },
  "SubscriptionUserController.list" : {
    "t" : [ {
      "id" : 0,
      "a" : [ [ "R", 8 ], [ "R", 17 ], [ "R", 8 ], [ "R", 8 ], [ "R", 16 ], [ "R", 16 ], [ "R", 16 ], [ "R", 17 ], [ "R", 16 ], [ "R", 14 ] ]
    } ]
  },
  "RequestUserController.create" : {
    "t" : [ {
      "id" : 0,
      "a" : [ [ "R", 8 ], [ "R", 17 ], [ "R", 8 ], [ "R", 8 ], [ "R", 16 ], [ "R", 16 ], [ "R", 16 ], [ "R", 17 ], [ "R", 8 ], [ "R", 16 ], [ "R", 16 ], [ "R", 12 ], [ "R", 16 ], [ "R", 12 ], [ "R", 16 ], [ "R", 16 ], [ "R", 12 ], [ "R", 8 ], [ "R", 17 ], [ "R", 8 ], [ "R", 8 ], [ "R", 16 ], [ "R", 16 ], [ "R", 16 ], [ "R", 17 ], [ "W", 12 ], [ "W", 16 ], [ "R", 8 ], [ "R", 16 ], [ "R", 16 ], [ "R", 12 ], [ "R", 16 ], [ "R", 12 ], [ "R", 16 ], [ "R", 16 ], [ "R", 12 ], [ "W", 12 ], [ "R", 8 ], [ "R", 8 ], [ "R", 16 ], [ "R", 16 ], [ "R", 16 ], [ "R", 17 ], [ "R", 10 ], [ "R", 16 ], [ "R", 4 ] ]
    } ]
  },
  "ConfigurationAdministratorController.save" : {
    "t" : [ {
      "id" : 0,
      "a" : [ [ "R", 8 ], [ "R", 17 ], [ "W", 7 ] ]
    } ]
  },
  "RequestHandyworkerController.edit" : {
    "t" : [ {
      "id" : 0,
      "a" : [ [ "R", 8 ], [ "R", 8 ], [ "R", 10 ], [ "R", 10 ], [ "R", 10 ], [ "R", 17 ], [ "R", 12 ], [ "R", 12 ], [ "R", 4 ], [ "R", 12 ], [ "R", 12 ], [ "R", 8 ], [ "R", 12 ], [ "R", 10 ], [ "R", 12 ], [ "R", 12 ], [ "R", 10 ], [ "R", 8 ], [ "R", 8 ], [ "R", 8 ] ]
    } ]
  },
  "TutorialUserController.save" : {
    "t" : [ {
      "id" : 0,
      "a" : [ [ "R", 15 ], [ "R", 8 ], [ "R", 17 ], [ "R", 8 ], [ "R", 8 ], [ "R", 1 ], [ "R", 1 ], [ "R", 1 ], [ "R", 17 ], [ "W", 15 ], [ "W", 15 ], [ "W", 1 ], [ "W", 15 ], [ "W", 15 ], [ "W", 15 ], [ "R", 8 ], [ "R", 8 ], [ "R", 1 ], [ "R", 1 ], [ "R", 1 ], [ "R", 17 ], [ "R", 15 ], [ "R", 1 ], [ "R", 8 ], [ "R", 8 ], [ "R", 8 ], [ "R", 15 ], [ "W", 15 ], [ "W", 15 ] ]
    } ]
  },
  "CommentUserController.list" : {
    "t" : [ {
      "id" : 0,
      "a" : [ [ "R", 15 ], [ "R", 15 ], [ "R", 6 ], [ "R", 6 ], [ "R", 6 ] ]
    } ]
  },
  "AntennaUserController.delete" : {
    "t" : [ {
      "id" : 0,
      "a" : [ [ "R", 8 ], [ "R", 17 ], [ "R", 4 ], [ "R", 8 ], [ "R", 17 ], [ "R", 8 ], [ "R", 8 ], [ "R", 8 ], [ "R", 16 ], [ "R", 16 ], [ "R", 16 ], [ "R", 17 ], [ "R", 4 ], [ "R", 16 ], [ "R", 4 ], [ "R", 8 ], [ "R", 8 ], [ "R", 4 ], [ "W", 4 ], [ "R", 13 ] ]
    } ]
  },
  "ActorAdministratorController.list" : {
    "t" : [ {
      "id" : 0,
      "a" : [ [ "R", 1 ], [ "R", 2 ] ]
    } ]
  },
  "BannerAdministratorController.list" : {
    "t" : [ {
      "id" : 0,
      "a" : [ [ "R", 5 ] ]
    } ]
  },
  "RegisterUserController.save" : {
    "t" : [ {
      "id" : 0,
      "a" : [ [ "R", 8 ], [ "R", 1 ], [ "R", 17 ], [ "W", 1 ], [ "W", 17 ], [ "R", 17 ], [ "R", 17 ], [ "W", 16 ], [ "W", 6 ], [ "W", 16 ], [ "W", 14 ], [ "W", 16 ], [ "W", 4 ], [ "R", 8 ], [ "R", 16 ], [ "R", 8 ], [ "W", 8 ], [ "R", 8 ], [ "W", 8 ], [ "R", 1 ], [ "R", 17 ], [ "W", 1 ], [ "W", 17 ], [ "R", 16 ], [ "R", 6 ], [ "W", 16 ], [ "W", 6 ], [ "R", 16 ], [ "R", 14 ], [ "W", 16 ], [ "W", 14 ], [ "R", 16 ], [ "R", 4 ], [ "W", 16 ], [ "W", 4 ], [ "R", 8 ], [ "R", 1 ], [ "R", 17 ], [ "R", 17 ], [ "R", 1 ], [ "R", 17 ], [ "R", 17 ], [ "R", 1 ], [ "R", 17 ], [ "W", 17 ], [ "W", 16 ] ]
    } ]
  },
  "TutorialUserController.edit" : {
    "t" : [ {
      "id" : 0,
      "a" : [ [ "R", 8 ], [ "R", 8 ], [ "R", 1 ], [ "R", 1 ], [ "R", 1 ], [ "R", 17 ], [ "R", 15 ], [ "R", 15 ], [ "R", 8 ], [ "R", 15 ], [ "R", 15 ], [ "R", 15 ], [ "R", 1 ], [ "R", 8 ], [ "R", 15 ], [ "R", 1 ], [ "R", 8 ], [ "R", 8 ], [ "R", 8 ] ]
    } ]
  },
  "BannerAgentController.save" : {
    "t" : [ {
      "id" : 0,
      "a" : [ [ "W", 5 ] ]
    } ]
  },
  "RequestHandyworkerController.list" : {
    "t" : [ {
      "id" : 0,
      "a" : [ [ "R", 8 ], [ "R", 17 ], [ "R", 8 ], [ "R", 8 ], [ "R", 10 ], [ "R", 10 ], [ "R", 10 ], [ "R", 17 ], [ "R", 10 ], [ "R", 12 ], [ "R", 12 ] ]
    } ]
  },
  "RequestHandyworkerController.listUnassigned" : {
    "t" : [ {
      "id" : 0,
      "a" : [ [ "R", 8 ], [ "R", 8 ], [ "R", 10 ], [ "R", 10 ], [ "R", 10 ], [ "R", 17 ], [ "R", 12 ], [ "R", 12 ], [ "R", 10 ], [ "R", 12 ], [ "R", 10 ], [ "R", 8 ], [ "R", 8 ], [ "R", 12 ], [ "R", 10 ] ]
    } ]
  },
  "AntennaUserController.save" : {
    "t" : [ {
      "id" : 0,
      "a" : [ [ "R", 8 ], [ "R", 17 ], [ "R", 13 ], [ "R", 4 ], [ "R", 8 ], [ "R", 17 ], [ "R", 8 ], [ "R", 8 ], [ "R", 16 ], [ "R", 16 ], [ "R", 16 ], [ "R", 17 ], [ "W", 4 ], [ "W", 16 ], [ "W", 4 ], [ "W", 13 ], [ "W", 4 ], [ "W", 4 ], [ "W", 4 ], [ "W", 4 ], [ "W", 4 ], [ "W", 4 ], [ "W", 4 ], [ "W", 13 ], [ "R", 8 ], [ "R", 17 ], [ "R", 8 ], [ "R", 8 ], [ "R", 8 ], [ "R", 8 ], [ "R", 16 ], [ "R", 16 ], [ "R", 16 ], [ "R", 17 ], [ "R", 4 ], [ "R", 16 ], [ "R", 4 ], [ "W", 4 ], [ "R", 13 ] ]
    } ]
  },
  "TutorialUserController.create" : {
    "t" : [ {
      "id" : 0,
      "a" : [ [ "R", 8 ], [ "R", 17 ] ]
    } ]
  },
  "RegisterAgentController.save" : {
    "t" : [ {
      "id" : 0,
      "a" : [ [ "R", 3 ], [ "W", 17 ], [ "W", 17 ], [ "R", 17 ], [ "R", 17 ], [ "W", 1 ], [ "W", 17 ], [ "W", 1 ], [ "W", 1 ], [ "W", 1 ], [ "W", 1 ], [ "W", 1 ], [ "W", 1 ], [ "R", 1 ], [ "R", 17 ], [ "W", 17 ], [ "R", 1 ], [ "R", 17 ], [ "W", 17 ], [ "R", 1 ], [ "R", 17 ], [ "R", 17 ], [ "R", 1 ], [ "R", 17 ], [ "W", 17 ], [ "W", 3 ] ]
    } ]
  },
  "AntennaUserController.edit" : {
    "t" : [ {
      "id" : 0,
      "a" : [ [ "R", 8 ], [ "R", 17 ], [ "R", 4 ], [ "R", 4 ], [ "R", 8 ], [ "R", 4 ], [ "R", 4 ], [ "R", 4 ], [ "R", 4 ], [ "R", 4 ], [ "R", 4 ], [ "R", 13 ], [ "R", 13 ] ]
    } ]
  },
  "PlatformController.list" : {
    "t" : [ {
      "id" : 0,
      "a" : [ [ "R", 13 ], [ "R", 13 ], [ "R", 11 ] ]
    } ]
  },
  "BannerAdministratorController.edit" : {
    "t" : [ {
      "id" : 0,
      "a" : [ [ "R", 5 ] ]
    } ]
  },
  "AntennaUserController.display" : {
    "t" : [ {
      "id" : 0,
      "a" : [ [ "R", 8 ], [ "R", 17 ], [ "R", 8 ], [ "R", 8 ], [ "R", 16 ], [ "R", 16 ], [ "R", 16 ], [ "R", 17 ], [ "R", 4 ], [ "R", 16 ], [ "R", 4 ], [ "R", 4 ] ]
    } ]
  },
  "DashboardAdministratorController.dashboard" : {
    "t" : [ {
      "id" : 0,
      "a" : [ [ "R", 16 ], [ "R", 16 ], [ "R", 4 ], [ "R", 16 ], [ "R", 4 ], [ "R", 4 ], [ "R", 4 ], [ "R", 4 ], [ "R", 4 ], [ "R", 4 ], [ "R", 4 ], [ "R", 4 ], [ "R", 4 ], [ "R", 4 ], [ "R", 4 ], [ "R", 4 ], [ "R", 16 ], [ "R", 16 ], [ "R", 15 ], [ "R", 16 ], [ "R", 15 ], [ "R", 15 ], [ "R", 15 ], [ "R", 6 ], [ "R", 15 ], [ "R", 6 ], [ "R", 1 ], [ "R", 1 ], [ "R", 1 ], [ "R", 15 ], [ "R", 1 ], [ "R", 1 ], [ "R", 15 ], [ "R", 1 ], [ "R", 15 ], [ "R", 6 ], [ "R", 6 ], [ "R", 6 ], [ "R", 6 ], [ "R", 6 ], [ "R", 6 ], [ "R", 6 ], [ "R", 6 ], [ "R", 15 ], [ "R", 15 ], [ "R", 15 ], [ "R", 6 ], [ "R", 6 ], [ "R", 6 ], [ "R", 16 ], [ "R", 16 ], [ "R", 12 ], [ "R", 16 ], [ "R", 12 ], [ "R", 16 ], [ "R", 16 ], [ "R", 12 ], [ "R", 16 ], [ "R", 12 ], [ "R", 16 ], [ "R", 12 ], [ "R", 16 ], [ "R", 12 ], [ "R", 10 ], [ "R", 10 ], [ "R", 12 ], [ "R", 10 ], [ "R", 12 ], [ "R", 3 ], [ "R", 3 ], [ "R", 5 ], [ "R", 3 ], [ "R", 3 ], [ "R", 3 ], [ "R", 5 ] ]
    } ]
  },
  "TutorialAdministratorController.delete" : {
    "t" : [ {
      "id" : 0,
      "a" : [ [ "R", 15 ], [ "R", 8 ], [ "R", 17 ], [ "R", 8 ], [ "R", 8 ], [ "R", 1 ], [ "R", 1 ], [ "R", 1 ], [ "R", 17 ], [ "W", 15 ], [ "W", 15 ], [ "W", 1 ], [ "W", 15 ], [ "W", 15 ], [ "W", 15 ], [ "R", 8 ], [ "R", 17 ], [ "R", 8 ], [ "R", 15 ], [ "R", 1 ], [ "R", 1 ], [ "R", 15 ], [ "R", 15 ], [ "R", 6 ], [ "R", 15 ], [ "R", 6 ], [ "R", 8 ], [ "R", 17 ], [ "W", 6 ], [ "W", 15 ] ]
    } ]
  },
  "CommentUserController.createReply" : {
    "t" : [ {
      "id" : 0,
      "a" : [ [ "R", 6 ], [ "R", 6 ], [ "R", 8 ], [ "R", 17 ], [ "W", 6 ], [ "W", 6 ], [ "W", 6 ], [ "W", 6 ], [ "W", 6 ], [ "R", 6 ], [ "R", 15 ], [ "W", 6 ], [ "W", 15 ] ]
    } ]
  },
  "ConfigurationAdministratorController.edit" : {
    "t" : [ {
      "id" : 0,
      "a" : [ [ "R", 7 ] ]
    } ]
  },
  "ActorHandyworkerController.edit" : {
    "t" : [ {
      "id" : 0,
      "a" : [ [ "R", 8 ], [ "R", 8 ], [ "R", 10 ], [ "R", 10 ], [ "R", 10 ], [ "R", 17 ] ]
    } ]
  },
  "BannerAgentController.list" : {
    "t" : [ {
      "id" : 0,
      "a" : [ [ "R", 5 ] ]
    } ]
  },
  "TutorialController.list" : {
    "t" : [ {
      "id" : 0,
      "a" : [ [ "R", 15 ], [ "R", 8 ], [ "R", 8 ], [ "R", 1 ], [ "R", 1 ], [ "R", 1 ], [ "R", 17 ] ]
    } ]
  },
  "AntennaUserController.list" : {
    "t" : [ {
      "id" : 0,
      "a" : [ [ "R", 8 ], [ "R", 17 ], [ "R", 8 ], [ "R", 8 ], [ "R", 16 ], [ "R", 16 ], [ "R", 16 ], [ "R", 17 ], [ "R", 8 ], [ "R", 16 ], [ "R", 16 ], [ "R", 4 ], [ "R", 16 ] ]
    } ]
  },
  "FranchiseAdministratorController.save" : {
    "t" : [ {
      "id" : 0,
      "a" : [ [ "R", 8 ], [ "R", 17 ], [ "W", 9 ] ]
    } ]
  },
  "SatelliteController.list" : {
    "t" : [ {
      "id" : 0,
      "a" : [ [ "R", 11 ], [ "R", 11 ], [ "R", 13 ] ]
    } ]
  },
  "AntennaHandyworkerController.display" : {
    "t" : [ {
      "id" : 0,
      "a" : [ [ "R", 4 ] ]
    } ]
  },
  "RegisterUserController.create" : {
    "t" : [ {
      "id" : 0,
      "a" : [ [ "W", 17 ], [ "W", 17 ], [ "R", 17 ], [ "R", 17 ], [ "W", 1 ], [ "W", 17 ] ]
    } ]
  },
  "TutorialAdministratorController.tutorialsTabooList" : {
    "t" : [ {
      "id" : 0,
      "a" : [ [ "R", 8 ], [ "R", 17 ], [ "R", 8 ], [ "R", 8 ], [ "R", 2 ], [ "R", 2 ], [ "R", 2 ], [ "R", 17 ], [ "R", 7 ], [ "R", 7 ], [ "R", 15 ], [ "R", 15 ], [ "R", 15 ] ]
    } ]
  },
  "SatelliteController.searchList" : {
    "t" : [ {
      "id" : 0,
      "a" : [ [ "R", 13 ], [ "R", 13 ], [ "R", 13 ], [ "R", 13 ] ]
    } ]
  },
  "FranchiseAdministratorController.edit" : {
    "t" : [ {
      "id" : 0,
      "a" : [ [ "R", 9 ], [ "R", 9 ] ]
    } ]
  },
  "BannerAdministratorController.delete" : {
    "t" : [ {
      "id" : 0,
      "a" : [ [ "R", 8 ], [ "R", 8 ], [ "R", 5 ], [ "W", 5 ] ]
    } ]
  },
  "ActorAgentController.edit" : {
    "t" : [ {
      "id" : 0,
      "a" : [ [ "R", 8 ], [ "R", 8 ], [ "R", 3 ], [ "R", 3 ], [ "R", 3 ], [ "R", 17 ] ]
    } ]
  },
  "RequestUserController.listServicedRequest" : {
    "t" : [ {
      "id" : 0,
      "a" : [ [ "R", 8 ], [ "R", 17 ], [ "R", 8 ], [ "R", 8 ], [ "R", 16 ], [ "R", 16 ], [ "R", 16 ], [ "R", 17 ], [ "R", 8 ], [ "R", 12 ], [ "R", 12 ], [ "R", 12 ], [ "R", 16 ], [ "R", 12 ] ]
    } ]
  },
  "CommentAdministratorController.commentsTabooList" : {
    "t" : [ {
      "id" : 0,
      "a" : [ [ "R", 8 ], [ "R", 8 ], [ "R", 2 ], [ "R", 2 ], [ "R", 2 ], [ "R", 17 ], [ "R", 7 ], [ "R", 7 ], [ "R", 6 ], [ "R", 6 ], [ "R", 6 ] ]
    } ]
  },
  "PlatformController.searchList" : {
    "t" : [ {
      "id" : 0,
      "a" : [ [ "R", 11 ], [ "R", 11 ], [ "R", 11 ], [ "R", 11 ] ]
    } ]
  },
  "ActorAgentController.save" : {
    "t" : [ {
      "id" : 0,
      "a" : [ [ "R", 1 ], [ "R", 17 ], [ "R", 17 ], [ "R", 1 ], [ "R", 17 ], [ "W", 17 ], [ "W", 3 ] ]
    } ]
  },
  "RegisterHandyworkerController.save" : {
    "t" : [ {
      "id" : 0,
      "a" : [ [ "R", 10 ], [ "W", 17 ], [ "W", 17 ], [ "R", 17 ], [ "R", 17 ], [ "W", 1 ], [ "W", 17 ], [ "W", 10 ], [ "W", 12 ], [ "W", 1 ], [ "W", 15 ], [ "W", 1 ], [ "W", 1 ], [ "W", 1 ], [ "W", 1 ], [ "W", 1 ], [ "W", 1 ], [ "R", 1 ], [ "R", 17 ], [ "W", 17 ], [ "R", 1 ], [ "R", 17 ], [ "W", 17 ], [ "R", 1 ], [ "R", 17 ], [ "R", 17 ], [ "R", 1 ], [ "R", 17 ], [ "W", 17 ], [ "W", 10 ] ]
    } ]
  },
  "AntennaUserController.create" : {
    "t" : [ {
      "id" : 0,
      "a" : [ [ "R", 8 ], [ "R", 17 ], [ "R", 13 ] ]
    } ]
  }
}