{
  "FolderActorController.saveCreate" : {
    "t" : [ {
      "id" : 0,
      "a" : [ [ "R", 15 ], [ "R", 15 ], [ "R", 15 ], [ "R", 15 ], [ "R", 15 ], [ "R", 2 ], [ "R", 14 ], [ "R", 14 ], [ "R", 2 ], [ "R", 2 ], [ "R", 2 ], [ "R", 24 ], [ "R", 15 ], [ "R", 2 ], [ "R", 14 ], [ "R", 14 ], [ "R", 14 ], [ "R", 15 ], [ "W", 15 ] ]
    } ]
  },
  "FolderActorController.saveEdit" : {
    "t" : [ {
      "id" : 0,
      "a" : [ [ "R", 14 ], [ "R", 14 ], [ "R", 2 ], [ "R", 2 ], [ "R", 2 ], [ "R", 24 ], [ "R", 15 ], [ "R", 2 ], [ "R", 14 ], [ "R", 14 ], [ "R", 14 ], [ "R", 15 ], [ "R", 19 ], [ "R", 15 ], [ "R", 15 ], [ "R", 15 ], [ "R", 15 ], [ "R", 15 ], [ "R", 15 ], [ "R", 15 ], [ "R", 2 ], [ "R", 14 ], [ "R", 14 ], [ "R", 2 ], [ "R", 2 ], [ "R", 2 ], [ "R", 24 ], [ "R", 15 ], [ "R", 2 ], [ "R", 14 ], [ "R", 14 ], [ "R", 14 ], [ "R", 15 ], [ "W", 15 ], [ "R", 14 ], [ "R", 14 ], [ "R", 2 ], [ "R", 2 ], [ "R", 2 ], [ "R", 24 ], [ "R", 15 ], [ "R", 2 ], [ "R", 14 ], [ "R", 14 ], [ "R", 14 ], [ "R", 15 ], [ "R", 19 ], [ "R", 15 ], [ "R", 15 ] ]
    } ]
  },
  "CritiqueCriticController.create" : {
    "t" : [ {
      "id" : 0,
      "a" : [ [ "R", 16 ], [ "R", 16 ], [ "R", 16 ], [ "R", 14 ], [ "R", 14 ], [ "R", 10 ], [ "R", 10 ], [ "R", 10 ], [ "R", 24 ], [ "W", 12 ], [ "W", 12 ], [ "W", 10 ], [ "W", 12 ], [ "W", 12 ], [ "W", 16 ], [ "W", 12 ], [ "W", 12 ], [ "W", 12 ], [ "W", 10 ] ]
    } ]
  },
  "SpamTermAdministratorController.edit" : {
    "t" : [ {
      "id" : 0,
      "a" : [ [ "R", 23 ] ]
    } ]
  },
  "CritiqueCriticController.listAllExceptMine" : {
    "t" : [ {
      "id" : 0,
      "a" : [ [ "R", 14 ], [ "R", 14 ], [ "R", 10 ], [ "R", 10 ], [ "R", 10 ], [ "R", 24 ], [ "R", 10 ], [ "R", 10 ], [ "R", 12 ], [ "R", 12 ] ]
    } ]
  },
  "FurnitureAdministratorController.saveCreate" : {
    "t" : [ {
      "id" : 0,
      "a" : [ [ "R", 18 ], [ "R", 14 ], [ "R", 14 ], [ "R", 3 ], [ "R", 3 ], [ "R", 3 ], [ "R", 24 ], [ "R", 3 ], [ "W", 16 ], [ "R", 18 ] ]
    } ]
  },
  "CriticAdministratorController.save" : {
    "t" : [ {
      "id" : 0,
      "a" : [ [ "R", 14 ], [ "R", 24 ], [ "W", 24 ], [ "W", 24 ], [ "W", 24 ], [ "R", 24 ], [ "R", 24 ], [ "W", 2 ], [ "W", 24 ], [ "W", 10 ], [ "W", 12 ], [ "W", 10 ], [ "W", 12 ], [ "W", 2 ], [ "W", 19 ], [ "W", 2 ], [ "W", 19 ], [ "W", 2 ], [ "W", 15 ], [ "R", 2 ], [ "R", 24 ], [ "W", 24 ], [ "R", 2 ], [ "R", 24 ], [ "W", 24 ], [ "W", 2 ], [ "W", 2 ], [ "W", 2 ], [ "W", 2 ], [ "W", 2 ], [ "R", 2 ], [ "R", 24 ], [ "R", 24 ], [ "W", 24 ], [ "W", 2 ], [ "W", 24 ], [ "W", 10 ], [ "W", 15 ], [ "W", 15 ], [ "W", 2 ], [ "W", 15 ], [ "W", 19 ], [ "W", 15 ], [ "W", 15 ], [ "W", 15 ], [ "W", 2 ], [ "W", 15 ], [ "W", 19 ], [ "W", 15 ], [ "W", 15 ], [ "W", 15 ], [ "W", 2 ], [ "W", 15 ], [ "W", 19 ], [ "W", 15 ], [ "W", 15 ], [ "W", 15 ], [ "W", 2 ], [ "W", 15 ], [ "W", 19 ], [ "W", 15 ], [ "W", 15 ], [ "W", 15 ], [ "W", 15 ], [ "W", 15 ], [ "W", 15 ], [ "W", 15 ], [ "W", 15 ], [ "W", 15 ] ]
    } ]
  },
  "FurnitureAdministratorController.save" : {
    "t" : [ {
      "id" : 0,
      "a" : [ [ "R", 18 ], [ "R", 14 ], [ "R", 14 ], [ "R", 3 ], [ "R", 3 ], [ "R", 3 ], [ "R", 24 ], [ "R", 3 ], [ "W", 16 ], [ "R", 18 ] ]
    } ]
  },
  "FurnitureAssemblerController.save" : {
    "t" : [ {
      "id" : 0,
      "a" : [ [ "R", 14 ], [ "R", 14 ], [ "R", 4 ], [ "R", 4 ], [ "R", 4 ], [ "R", 24 ], [ "R", 4 ], [ "R", 4 ], [ "R", 5 ], [ "W", 5 ], [ "R", 5 ], [ "R", 16 ], [ "W", 16 ], [ "W", 5 ], [ "W", 4 ], [ "W", 5 ] ]
    } ]
  },
  "BackAdministratorController.edit" : {
    "t" : [ {
      "id" : 0,
      "a" : [ [ "R", 6 ] ]
    } ]
  },
  "CustomerController.save" : {
    "t" : [ {
      "id" : 0,
      "a" : [ [ "W", 24 ], [ "W", 24 ], [ "W", 24 ], [ "R", 24 ], [ "R", 24 ], [ "W", 2 ], [ "W", 24 ], [ "W", 13 ], [ "W", 8 ], [ "W", 13 ], [ "W", 21 ], [ "W", 2 ], [ "W", 19 ], [ "W", 2 ], [ "W", 19 ], [ "W", 2 ], [ "W", 15 ], [ "R", 2 ], [ "R", 24 ], [ "W", 24 ], [ "R", 2 ], [ "R", 24 ], [ "W", 24 ], [ "W", 2 ], [ "W", 2 ], [ "W", 2 ], [ "W", 2 ], [ "W", 2 ], [ "R", 2 ], [ "R", 24 ], [ "R", 24 ], [ "W", 24 ], [ "W", 2 ], [ "W", 24 ], [ "W", 13 ], [ "W", 15 ], [ "W", 15 ], [ "W", 2 ], [ "W", 15 ], [ "W", 19 ], [ "W", 15 ], [ "W", 15 ], [ "W", 15 ], [ "W", 2 ], [ "W", 15 ], [ "W", 19 ], [ "W", 15 ], [ "W", 15 ], [ "W", 15 ], [ "W", 2 ], [ "W", 15 ], [ "W", 19 ], [ "W", 15 ], [ "W", 15 ], [ "W", 15 ], [ "W", 2 ], [ "W", 15 ], [ "W", 19 ], [ "W", 15 ], [ "W", 15 ], [ "W", 15 ], [ "W", 15 ], [ "W", 15 ], [ "W", 15 ], [ "W", 15 ], [ "W", 15 ], [ "W", 15 ] ]
    } ]
  },
  "PieceAdministratorController.saveEdit" : {
    "t" : [ {
      "id" : 0,
      "a" : [ [ "R", 14 ], [ "R", 24 ], [ "W", 20 ], [ "R", 20 ], [ "R", 16 ], [ "R", 16 ], [ "R", 20 ], [ "R", 20 ], [ "R", 20 ], [ "R", 16 ], [ "W", 16 ], [ "R", 20 ], [ "R", 16 ], [ "R", 14 ] ]
    } ]
  },
  "BudgetCustomerController.add" : {
    "t" : [ {
      "id" : 0,
      "a" : [ [ "R", 14 ], [ "R", 14 ], [ "R", 13 ], [ "R", 13 ], [ "R", 13 ], [ "R", 24 ], [ "R", 13 ], [ "W", 8 ], [ "W", 8 ], [ "W", 13 ], [ "W", 8 ], [ "W", 8 ], [ "W", 9 ], [ "R", 8 ], [ "R", 13 ], [ "R", 14 ], [ "R", 14 ], [ "R", 13 ], [ "R", 13 ], [ "R", 13 ], [ "R", 24 ], [ "R", 14 ], [ "R", 14 ], [ "R", 14 ], [ "R", 14 ], [ "R", 14 ], [ "W", 8 ], [ "W", 8 ], [ "R", 16 ], [ "R", 16 ], [ "R", 16 ], [ "R", 8 ], [ "R", 9 ], [ "R", 16 ], [ "R", 20 ], [ "R", 20 ], [ "R", 14 ], [ "R", 9 ], [ "R", 9 ], [ "R", 9 ], [ "R", 9 ], [ "R", 8 ], [ "W", 9 ], [ "W", 8 ], [ "R", 16 ], [ "W", 9 ], [ "R", 20 ], [ "W", 9 ], [ "R", 20 ], [ "W", 9 ], [ "W", 9 ], [ "W", 9 ], [ "R", 9 ], [ "W", 9 ], [ "W", 8 ], [ "W", 9 ], [ "R", 14 ], [ "W", 8 ], [ "W", 8 ], [ "R", 8 ], [ "R", 8 ], [ "R", 13 ], [ "R", 14 ], [ "R", 14 ], [ "R", 13 ], [ "R", 13 ], [ "R", 13 ], [ "R", 24 ], [ "R", 14 ], [ "R", 14 ], [ "R", 14 ], [ "R", 14 ], [ "R", 14 ], [ "W", 8 ], [ "W", 8 ], [ "R", 16 ], [ "R", 16 ], [ "R", 16 ], [ "R", 8 ], [ "R", 9 ], [ "R", 16 ], [ "R", 20 ], [ "R", 20 ], [ "R", 14 ], [ "R", 9 ], [ "R", 9 ], [ "R", 9 ], [ "R", 9 ], [ "R", 8 ], [ "W", 9 ], [ "W", 8 ], [ "R", 16 ], [ "W", 9 ], [ "R", 20 ], [ "W", 9 ], [ "R", 20 ], [ "W", 9 ], [ "W", 9 ], [ "W", 9 ], [ "R", 9 ], [ "W", 9 ], [ "W", 8 ], [ "W", 9 ], [ "R", 14 ], [ "W", 8 ], [ "W", 8 ] ]
    } ]
  },
  "FurnitureCustomerController.list" : {
    "t" : [ {
      "id" : 0,
      "a" : [ [ "R", 14 ], [ "R", 14 ], [ "R", 13 ], [ "R", 13 ], [ "R", 13 ], [ "R", 24 ], [ "R", 13 ], [ "R", 14 ], [ "R", 16 ], [ "R", 16 ], [ "R", 16 ], [ "R", 8 ], [ "R", 8 ], [ "R", 9 ], [ "R", 8 ], [ "R", 9 ], [ "R", 8 ], [ "R", 13 ] ]
    } ]
  },
  "MakerAssemblerController.listToDoReview" : {
    "t" : [ {
      "id" : 0,
      "a" : [ [ "R", 14 ], [ "R", 14 ], [ "R", 4 ], [ "R", 4 ], [ "R", 4 ], [ "R", 24 ], [ "R", 4 ], [ "R", 14 ], [ "R", 18 ], [ "R", 18 ], [ "R", 16 ], [ "R", 18 ], [ "R", 18 ], [ "R", 16 ], [ "R", 5 ], [ "R", 4 ] ]
    } ]
  },
  "RatingCustomerController.create" : {
    "t" : [ {
      "id" : 0,
      "a" : [ [ "R", 16 ], [ "R", 16 ], [ "R", 16 ], [ "R", 14 ], [ "R", 14 ], [ "R", 13 ], [ "R", 13 ], [ "R", 13 ], [ "R", 24 ], [ "R", 14 ], [ "R", 14 ], [ "R", 13 ], [ "R", 13 ], [ "R", 13 ], [ "R", 24 ], [ "R", 13 ], [ "R", 14 ], [ "R", 16 ], [ "R", 16 ], [ "R", 16 ], [ "R", 8 ], [ "R", 8 ], [ "R", 9 ], [ "R", 8 ], [ "R", 9 ], [ "R", 8 ], [ "R", 13 ], [ "W", 21 ], [ "W", 16 ], [ "W", 21 ], [ "W", 13 ], [ "R", 13 ], [ "R", 21 ], [ "W", 13 ], [ "W", 21 ] ]
    } ]
  },
  "MessageActorController.delete" : {
    "t" : [ {
      "id" : 0,
      "a" : [ [ "R", 14 ], [ "R", 14 ], [ "R", 2 ], [ "R", 2 ], [ "R", 2 ], [ "R", 24 ], [ "R", 19 ], [ "R", 2 ], [ "R", 14 ], [ "R", 14 ], [ "R", 14 ], [ "R", 19 ], [ "R", 2 ], [ "R", 14 ], [ "R", 14 ], [ "R", 14 ], [ "R", 19 ], [ "R", 15 ], [ "R", 15 ], [ "W", 19 ], [ "R", 14 ], [ "R", 15 ], [ "R", 15 ], [ "R", 15 ], [ "R", 2 ], [ "R", 15 ], [ "R", 14 ], [ "R", 14 ], [ "R", 14 ], [ "R", 15 ], [ "R", 19 ], [ "R", 15 ], [ "R", 19 ], [ "R", 14 ], [ "R", 14 ], [ "R", 2 ], [ "R", 2 ], [ "R", 2 ], [ "R", 24 ], [ "R", 19 ], [ "R", 2 ], [ "R", 14 ], [ "R", 14 ], [ "R", 14 ], [ "R", 19 ], [ "R", 2 ], [ "R", 14 ], [ "R", 14 ], [ "R", 14 ], [ "R", 15 ], [ "R", 2 ], [ "R", 14 ], [ "R", 14 ], [ "R", 14 ], [ "R", 15 ], [ "R", 2 ], [ "R", 14 ], [ "R", 14 ], [ "R", 14 ], [ "W", 19 ], [ "W", 15 ], [ "R", 19 ], [ "R", 2 ], [ "R", 19 ], [ "R", 2 ], [ "R", 19 ], [ "R", 2 ], [ "R", 14 ], [ "R", 14 ], [ "R", 14 ], [ "R", 14 ], [ "R", 14 ], [ "R", 2 ], [ "R", 2 ], [ "R", 2 ], [ "R", 24 ], [ "W", 19 ], [ "R", 14 ], [ "R", 19 ], [ "R", 2 ], [ "R", 14 ], [ "R", 14 ], [ "R", 14 ], [ "R", 23 ], [ "R", 19 ], [ "R", 19 ], [ "R", 23 ], [ "R", 19 ], [ "R", 2 ], [ "R", 14 ], [ "R", 15 ], [ "R", 15 ], [ "R", 15 ], [ "R", 2 ], [ "R", 15 ], [ "R", 19 ], [ "R", 2 ], [ "R", 14 ], [ "R", 15 ], [ "R", 15 ], [ "R", 15 ], [ "R", 2 ], [ "R", 15 ], [ "W", 19 ], [ "W", 19 ], [ "W", 15 ], [ "W", 19 ], [ "R", 19 ], [ "R", 2 ], [ "R", 14 ], [ "R", 14 ], [ "R", 14 ], [ "R", 19 ], [ "R", 2 ], [ "R", 14 ], [ "R", 14 ], [ "R", 14 ], [ "W", 19 ], [ "R", 19 ], [ "R", 2 ], [ "R", 2 ], [ "R", 19 ], [ "R", 19 ], [ "R", 2 ], [ "R", 2 ], [ "R", 14 ], [ "R", 14 ], [ "R", 2 ], [ "R", 2 ], [ "R", 2 ], [ "R", 24 ], [ "R", 2 ] ]
    } ]
  },
  "FurnitureController.listFurniture" : {
    "t" : [ {
      "id" : 0,
      "a" : [ [ "R", 16 ] ]
    } ]
  },
  "CriticCardCriticController.create" : {
    "t" : [ {
      "id" : 0,
      "a" : [ [ "R", 14 ], [ "R", 14 ], [ "R", 10 ], [ "R", 10 ], [ "R", 10 ], [ "R", 24 ], [ "R", 10 ], [ "W", 11 ], [ "W", 11 ], [ "W", 10 ] ]
    } ]
  },
  "CritiqueCriticController.edit" : {
    "t" : [ {
      "id" : 0,
      "a" : [ [ "R", 12 ] ]
    } ]
  },
  "PieceAdministratorController.list" : {
    "t" : [ {
      "id" : 0,
      "a" : [ [ "R", 20 ] ]
    } ]
  },
  "FolderActorController.list" : {
    "t" : [ {
      "id" : 0,
      "a" : [ [ "R", 14 ], [ "R", 14 ], [ "R", 2 ], [ "R", 2 ], [ "R", 2 ], [ "R", 24 ], [ "R", 14 ], [ "R", 14 ], [ "R", 2 ], [ "R", 2 ], [ "R", 2 ], [ "R", 24 ], [ "R", 14 ], [ "R", 14 ], [ "R", 14 ], [ "R", 14 ], [ "R", 15 ], [ "R", 15 ], [ "R", 15 ], [ "R", 2 ] ]
    } ]
  },
  "IncidenceCustomerController.saveCreate" : {
    "t" : [ {
      "id" : 0,
      "a" : [ [ "R", 14 ], [ "R", 14 ], [ "R", 13 ], [ "R", 13 ], [ "R", 13 ], [ "R", 24 ], [ "R", 14 ], [ "R", 9 ], [ "R", 9 ], [ "R", 9 ], [ "R", 8 ], [ "R", 13 ], [ "R", 17 ], [ "R", 16 ], [ "R", 16 ], [ "R", 13 ], [ "W", 17 ] ]
    } ]
  },
  "PieceController.listFurniture" : {
    "t" : [ {
      "id" : 0,
      "a" : [ [ "R", 20 ], [ "R", 20 ], [ "R", 20 ], [ "R", 16 ] ]
    } ]
  },
  "BannerAdministratorController.save" : {
    "t" : [ {
      "id" : 0,
      "a" : [ [ "R", 14 ], [ "R", 14 ], [ "R", 3 ], [ "R", 3 ], [ "R", 3 ], [ "R", 24 ], [ "R", 3 ], [ "W", 7 ] ]
    } ]
  },
  "ReviewAssemblerController.list" : {
    "t" : [ {
      "id" : 0,
      "a" : [ [ "R", 14 ], [ "R", 14 ], [ "R", 4 ], [ "R", 4 ], [ "R", 4 ], [ "R", 24 ], [ "R", 4 ], [ "R", 4 ], [ "R", 22 ] ]
    } ]
  },
  "ReviewAdministratorController.listByMaker" : {
    "t" : [ {
      "id" : 0,
      "a" : [ [ "R", 22 ], [ "R", 22 ], [ "R", 22 ], [ "R", 18 ] ]
    } ]
  },
  "BackAdministratorController.create" : {
    "t" : [ {
      "id" : 0,
      "a" : [ [ "R", 20 ], [ "W", 6 ], [ "W", 20 ], [ "W", 6 ], [ "R", 20 ], [ "R", 16 ], [ "R", 16 ], [ "R", 18 ], [ "W", 6 ], [ "W", 18 ] ]
    } ]
  },
  "CritiqueCustomerController.list" : {
    "t" : [ {
      "id" : 0,
      "a" : [ [ "R", 14 ], [ "R", 14 ], [ "R", 13 ], [ "R", 13 ], [ "R", 13 ], [ "R", 24 ], [ "R", 13 ], [ "R", 16 ], [ "R", 16 ], [ "R", 16 ], [ "R", 16 ], [ "R", 12 ] ]
    } ]
  },
  "DashBoardAdministratorController.dashboard" : {
    "t" : [ {
      "id" : 0,
      "a" : [ [ "R", 14 ], [ "R", 24 ], [ "R", 16 ], [ "R", 16 ], [ "R", 17 ], [ "R", 14 ], [ "R", 24 ], [ "R", 16 ], [ "R", 16 ], [ "R", 17 ], [ "R", 14 ], [ "R", 24 ], [ "R", 16 ], [ "R", 16 ], [ "R", 17 ], [ "R", 14 ], [ "R", 24 ], [ "R", 13 ], [ "R", 13 ], [ "R", 8 ], [ "R", 14 ], [ "R", 24 ], [ "R", 13 ], [ "R", 13 ], [ "R", 8 ], [ "R", 14 ], [ "R", 24 ], [ "R", 13 ], [ "R", 13 ], [ "R", 8 ], [ "R", 14 ], [ "R", 24 ], [ "R", 16 ], [ "R", 16 ], [ "R", 12 ], [ "R", 14 ], [ "R", 24 ], [ "R", 16 ], [ "R", 16 ], [ "R", 12 ], [ "R", 14 ], [ "R", 24 ], [ "R", 16 ], [ "R", 16 ], [ "R", 12 ], [ "R", 14 ], [ "R", 24 ], [ "R", 18 ], [ "R", 18 ], [ "R", 18 ], [ "R", 6 ], [ "R", 18 ], [ "R", 18 ], [ "R", 6 ], [ "R", 14 ], [ "R", 24 ], [ "R", 18 ], [ "R", 18 ], [ "R", 18 ], [ "R", 6 ], [ "R", 18 ], [ "R", 18 ], [ "R", 6 ], [ "R", 14 ], [ "R", 24 ], [ "R", 10 ], [ "R", 10 ], [ "R", 12 ], [ "R", 10 ], [ "R", 10 ], [ "R", 12 ], [ "R", 10 ], [ "R", 10 ], [ "R", 12 ], [ "R", 10 ], [ "R", 10 ], [ "R", 12 ], [ "R", 10 ], [ "R", 12 ], [ "R", 10 ], [ "R", 12 ], [ "R", 10 ], [ "R", 14 ], [ "R", 24 ], [ "R", 10 ], [ "R", 10 ], [ "R", 12 ], [ "R", 10 ], [ "R", 10 ], [ "R", 12 ], [ "R", 10 ], [ "R", 10 ], [ "R", 12 ], [ "R", 10 ], [ "R", 10 ], [ "R", 12 ], [ "R", 10 ], [ "R", 12 ], [ "R", 10 ], [ "R", 12 ], [ "R", 10 ], [ "R", 14 ], [ "R", 24 ], [ "R", 10 ], [ "R", 10 ], [ "R", 12 ], [ "R", 10 ], [ "R", 10 ], [ "R", 12 ], [ "R", 10 ], [ "R", 10 ], [ "R", 12 ], [ "R", 10 ], [ "R", 10 ], [ "R", 12 ], [ "R", 10 ], [ "R", 12 ], [ "R", 10 ], [ "R", 12 ], [ "R", 10 ], [ "R", 14 ], [ "R", 24 ], [ "R", 16 ], [ "R", 16 ], [ "R", 21 ], [ "R", 16 ], [ "R", 16 ], [ "R", 21 ], [ "R", 16 ], [ "R", 16 ], [ "R", 21 ] ]
    } ]
  },
  "BannerAdministratorController.list" : {
    "t" : [ {
      "id" : 0,
      "a" : [ [ "R", 7 ] ]
    } ]
  },
  "BudgetLineAdministratorController.list" : {
    "t" : [ {
      "id" : 0,
      "a" : [ [ "R", 9 ], [ "R", 9 ], [ "R", 9 ], [ "R", 9 ], [ "R", 1 ], [ "R", 9 ], [ "R", 1 ] ]
    } ]
  },
  "CritiqueCriticController.save" : {
    "t" : [ {
      "id" : 0,
      "a" : [ [ "R", 14 ], [ "R", 14 ], [ "R", 10 ], [ "R", 10 ], [ "R", 10 ], [ "R", 24 ], [ "R", 10 ], [ "R", 10 ], [ "R", 11 ], [ "W", 12 ], [ "R", 12 ], [ "R", 16 ], [ "R", 16 ], [ "R", 12 ], [ "W", 16 ], [ "W", 12 ] ]
    } ]
  },
  "BudgetLineAdministratorController.accept" : {
    "t" : [ {
      "id" : 0,
      "a" : [ [ "R", 14 ], [ "R", 14 ], [ "R", 3 ], [ "R", 3 ], [ "R", 3 ], [ "R", 24 ], [ "R", 9 ], [ "R", 9 ], [ "R", 9 ], [ "W", 1 ], [ "R", 9 ], [ "R", 16 ], [ "R", 16 ], [ "R", 16 ], [ "R", 16 ], [ "R", 18 ], [ "W", 1 ], [ "W", 18 ], [ "W", 1 ], [ "W", 9 ], [ "R", 14 ], [ "R", 14 ], [ "R", 3 ], [ "R", 3 ], [ "R", 3 ], [ "R", 24 ], [ "W", 1 ], [ "R", 9 ], [ "R", 9 ], [ "R", 9 ], [ "R", 8 ], [ "R", 8 ], [ "R", 9 ], [ "R", 8 ], [ "R", 8 ], [ "R", 13 ], [ "R", 2 ] ]
    } ]
  },
  "MailboxActorController.list" : {
    "t" : [ {
      "id" : 0,
      "a" : [ [ "R", 14 ], [ "R", 14 ], [ "R", 2 ], [ "R", 2 ], [ "R", 2 ], [ "R", 24 ], [ "R", 14 ], [ "R", 14 ], [ "R", 2 ], [ "R", 2 ], [ "R", 2 ], [ "R", 24 ], [ "R", 14 ], [ "R", 14 ], [ "R", 14 ], [ "R", 14 ], [ "R", 15 ], [ "R", 15 ], [ "R", 15 ], [ "R", 2 ], [ "R", 14 ], [ "R", 15 ], [ "R", 15 ], [ "R", 15 ], [ "R", 2 ], [ "R", 15 ], [ "R", 14 ], [ "R", 14 ], [ "R", 2 ], [ "R", 2 ], [ "R", 2 ], [ "R", 24 ], [ "R", 15 ], [ "R", 2 ], [ "R", 14 ], [ "R", 14 ], [ "R", 14 ], [ "R", 14 ], [ "R", 15 ], [ "R", 15 ], [ "R", 19 ], [ "R", 15 ], [ "R", 15 ], [ "R", 14 ] ]
    } ]
  },
  "PieceAdministratorController.create" : {
    "t" : [ {
      "id" : 0,
      "a" : [ [ "R", 16 ], [ "R", 16 ], [ "R", 16 ], [ "R", 20 ], [ "R", 20 ], [ "R", 20 ], [ "W", 20 ], [ "W", 20 ], [ "W", 16 ], [ "W", 20 ], [ "W", 6 ] ]
    } ]
  },
  "BudgetLineCustomerController.comment" : {
    "t" : [ {
      "id" : 0,
      "a" : [ [ "R", 9 ], [ "R", 9 ], [ "R", 8 ], [ "R", 14 ], [ "R", 9 ], [ "R", 9 ], [ "R", 8 ], [ "R", 8 ], [ "R", 13 ], [ "R", 14 ], [ "R", 14 ], [ "R", 13 ], [ "R", 13 ], [ "R", 13 ], [ "R", 24 ], [ "R", 14 ], [ "R", 14 ], [ "R", 14 ], [ "W", 9 ], [ "W", 9 ] ]
    } ]
  },
  "FurnitureAdministratorController.delete" : {
    "t" : [ {
      "id" : 0,
      "a" : [ [ "R", 14 ], [ "R", 24 ], [ "R", 14 ], [ "R", 21 ], [ "R", 21 ], [ "R", 21 ], [ "R", 16 ], [ "W", 21 ], [ "W", 16 ], [ "R", 18 ] ]
    } ]
  },
  "CritiqueAdministratorController.ban" : {
    "t" : [ {
      "id" : 0,
      "a" : [ [ "R", 12 ], [ "R", 14 ], [ "R", 14 ], [ "R", 3 ], [ "R", 3 ], [ "R", 3 ], [ "R", 24 ], [ "R", 3 ], [ "R", 12 ], [ "W", 12 ], [ "R", 12 ], [ "R", 16 ], [ "R", 16 ], [ "R", 12 ], [ "R", 10 ], [ "R", 2 ], [ "R", 12 ], [ "R", 12 ] ]
    } ]
  },
  "CritiqueCriticController.update" : {
    "t" : [ {
      "id" : 0,
      "a" : [ [ "R", 14 ], [ "R", 14 ], [ "R", 10 ], [ "R", 10 ], [ "R", 10 ], [ "R", 24 ], [ "R", 10 ], [ "R", 12 ], [ "R", 10 ], [ "R", 14 ], [ "R", 14 ], [ "R", 14 ], [ "W", 12 ] ]
    } ]
  },
  "SpamTermAdministratorController.save" : {
    "t" : [ {
      "id" : 0,
      "a" : [ [ "R", 14 ], [ "R", 14 ], [ "R", 3 ], [ "R", 3 ], [ "R", 3 ], [ "R", 24 ], [ "R", 3 ], [ "W", 23 ] ]
    } ]
  },
  "IncidenceAdministratorController.list" : {
    "t" : [ {
      "id" : 0,
      "a" : [ [ "R", 17 ] ]
    } ]
  },
  "MessageActorController.view" : {
    "t" : [ {
      "id" : 0,
      "a" : [ [ "R", 14 ], [ "R", 14 ], [ "R", 2 ], [ "R", 2 ], [ "R", 2 ], [ "R", 24 ], [ "R", 19 ], [ "R", 19 ], [ "R", 19 ], [ "R", 19 ], [ "R", 2 ], [ "R", 14 ], [ "R", 14 ], [ "R", 14 ], [ "R", 19 ], [ "R", 2 ], [ "R", 14 ], [ "R", 14 ], [ "R", 14 ] ]
    } ]
  },
  "BudgetLineCustomerController.list" : {
    "t" : [ {
      "id" : 0,
      "a" : [ [ "R", 8 ], [ "R", 14 ], [ "R", 14 ], [ "R", 13 ], [ "R", 13 ], [ "R", 13 ], [ "R", 24 ], [ "R", 8 ], [ "R", 13 ], [ "R", 14 ], [ "R", 14 ], [ "R", 14 ], [ "R", 8 ], [ "R", 9 ] ]
    } ]
  },
  "CritiqueCriticController.listMyCritiques" : {
    "t" : [ {
      "id" : 0,
      "a" : [ [ "R", 14 ], [ "R", 14 ], [ "R", 10 ], [ "R", 10 ], [ "R", 10 ], [ "R", 24 ], [ "R", 14 ], [ "R", 12 ], [ "R", 12 ], [ "R", 12 ], [ "R", 10 ] ]
    } ]
  },
  "BannerAdministratorController.edit" : {
    "t" : [ {
      "id" : 0,
      "a" : [ [ "R", 7 ] ]
    } ]
  },
  "CritiqueCriticController.unfair" : {
    "t" : [ {
      "id" : 0,
      "a" : [ [ "R", 12 ], [ "R", 14 ], [ "R", 14 ], [ "R", 10 ], [ "R", 10 ], [ "R", 10 ], [ "R", 24 ], [ "R", 10 ], [ "R", 12 ], [ "R", 12 ], [ "R", 10 ], [ "R", 10 ], [ "R", 12 ], [ "R", 10 ], [ "R", 14 ], [ "R", 14 ], [ "R", 14 ], [ "R", 12 ], [ "W", 12 ], [ "W", 10 ], [ "W", 12 ], [ "W", 12 ], [ "W", 10 ], [ "R", 14 ], [ "R", 14 ], [ "R", 10 ], [ "R", 10 ], [ "R", 10 ], [ "R", 24 ], [ "R", 10 ], [ "R", 10 ], [ "R", 12 ], [ "R", 12 ], [ "R", 14 ], [ "R", 14 ], [ "R", 10 ], [ "R", 10 ], [ "R", 10 ], [ "R", 24 ], [ "R", 10 ], [ "R", 10 ], [ "R", 12 ], [ "R", 12 ] ]
    } ]
  },
  "FurnitureAssemblerController.listAssembledByMe" : {
    "t" : [ {
      "id" : 0,
      "a" : [ [ "R", 14 ], [ "R", 14 ], [ "R", 4 ], [ "R", 4 ], [ "R", 4 ], [ "R", 24 ], [ "R", 4 ], [ "R", 4 ], [ "R", 5 ], [ "R", 5 ], [ "R", 16 ] ]
    } ]
  },
  "RatingCustomerController.list" : {
    "t" : [ {
      "id" : 0,
      "a" : [ [ "R", 14 ], [ "R", 14 ], [ "R", 13 ], [ "R", 13 ], [ "R", 13 ], [ "R", 24 ], [ "R", 13 ], [ "R", 13 ], [ "R", 21 ] ]
    } ]
  },
  "FolderActorController.delete" : {
    "t" : [ {
      "id" : 0,
      "a" : [ [ "R", 14 ], [ "R", 14 ], [ "R", 2 ], [ "R", 2 ], [ "R", 2 ], [ "R", 24 ], [ "R", 15 ], [ "R", 2 ], [ "R", 14 ], [ "R", 14 ], [ "R", 14 ], [ "R", 15 ], [ "R", 15 ], [ "R", 19 ], [ "W", 15 ], [ "R", 14 ], [ "R", 14 ], [ "R", 2 ], [ "R", 2 ], [ "R", 2 ], [ "R", 24 ], [ "R", 15 ], [ "R", 2 ], [ "R", 14 ], [ "R", 14 ], [ "R", 14 ], [ "R", 15 ], [ "R", 19 ], [ "R", 15 ], [ "R", 15 ] ]
    } ]
  },
  "CritiqueCriticController.fair" : {
    "t" : [ {
      "id" : 0,
      "a" : [ [ "R", 12 ], [ "R", 14 ], [ "R", 14 ], [ "R", 10 ], [ "R", 10 ], [ "R", 10 ], [ "R", 24 ], [ "R", 10 ], [ "R", 12 ], [ "R", 12 ], [ "R", 10 ], [ "R", 10 ], [ "R", 12 ], [ "R", 10 ], [ "R", 14 ], [ "R", 14 ], [ "R", 14 ], [ "R", 12 ], [ "W", 12 ], [ "W", 10 ], [ "W", 12 ], [ "W", 12 ], [ "W", 10 ], [ "R", 14 ], [ "R", 14 ], [ "R", 10 ], [ "R", 10 ], [ "R", 10 ], [ "R", 24 ], [ "R", 10 ], [ "R", 10 ], [ "R", 12 ], [ "R", 12 ], [ "R", 14 ], [ "R", 14 ], [ "R", 10 ], [ "R", 10 ], [ "R", 10 ], [ "R", 24 ], [ "R", 10 ], [ "R", 10 ], [ "R", 12 ], [ "R", 12 ] ]
    } ]
  },
  "RatingCustomerController.listByFurniture" : {
    "t" : [ {
      "id" : 0,
      "a" : [ [ "R", 21 ], [ "R", 21 ], [ "R", 21 ], [ "R", 16 ] ]
    } ]
  },
  "BudgetLineAdministratorController.denny" : {
    "t" : [ {
      "id" : 0,
      "a" : [ [ "R", 14 ], [ "R", 14 ], [ "R", 3 ], [ "R", 3 ], [ "R", 3 ], [ "R", 24 ], [ "R", 9 ], [ "W", 1 ], [ "R", 9 ], [ "R", 16 ], [ "R", 16 ], [ "R", 16 ], [ "R", 16 ], [ "R", 18 ], [ "W", 1 ], [ "W", 18 ], [ "W", 1 ], [ "W", 9 ], [ "R", 14 ], [ "R", 14 ], [ "R", 3 ], [ "R", 3 ], [ "R", 3 ], [ "R", 24 ], [ "W", 1 ], [ "R", 9 ], [ "R", 9 ], [ "R", 9 ], [ "R", 8 ], [ "R", 8 ], [ "R", 9 ], [ "R", 8 ], [ "R", 8 ], [ "R", 13 ], [ "R", 2 ] ]
    } ]
  },
  "PieceAdministratorController.delete" : {
    "t" : [ {
      "id" : 0,
      "a" : [ [ "R", 20 ], [ "R", 16 ], [ "R", 14 ], [ "R", 14 ], [ "R", 24 ], [ "R", 20 ], [ "R", 16 ], [ "R", 20 ], [ "R", 16 ], [ "R", 16 ], [ "R", 20 ], [ "W", 16 ], [ "W", 20 ] ]
    } ]
  },
  "CriticCardCriticController.show" : {
    "t" : [ {
      "id" : 0,
      "a" : [ [ "R", 14 ], [ "R", 14 ], [ "R", 10 ], [ "R", 10 ], [ "R", 10 ], [ "R", 24 ], [ "R", 14 ], [ "R", 14 ], [ "R", 10 ], [ "R", 10 ], [ "R", 10 ], [ "R", 24 ], [ "R", 14 ], [ "R", 11 ], [ "R", 11 ], [ "R", 11 ], [ "R", 10 ] ]
    } ]
  },
  "IncidenceCustomerController.create" : {
    "t" : [ {
      "id" : 0,
      "a" : [ [ "R", 16 ], [ "R", 16 ], [ "R", 16 ], [ "R", 14 ], [ "R", 14 ], [ "R", 13 ], [ "R", 13 ], [ "R", 13 ], [ "R", 24 ], [ "R", 2 ], [ "W", 17 ], [ "W", 17 ], [ "W", 16 ] ]
    } ]
  },
  "MakerAdministratorController.create" : {
    "t" : [ {
      "id" : 0,
      "a" : [ [ "R", 14 ], [ "R", 14 ], [ "R", 3 ], [ "R", 3 ], [ "R", 3 ], [ "R", 24 ], [ "R", 3 ], [ "W", 18 ], [ "W", 16 ] ]
    } ]
  },
  "BackAdministratorController.saveEdit" : {
    "t" : [ {
      "id" : 0,
      "a" : [ [ "R", 14 ], [ "R", 14 ], [ "R", 3 ], [ "R", 3 ], [ "R", 3 ], [ "R", 24 ], [ "R", 3 ], [ "R", 14 ], [ "W", 6 ], [ "W", 6 ] ]
    } ]
  },
  "MessageActorController.create" : {
    "t" : [ {
      "id" : 0,
      "a" : [ [ "R", 14 ], [ "R", 14 ], [ "R", 2 ], [ "R", 2 ], [ "R", 2 ], [ "R", 24 ], [ "R", 14 ], [ "R", 14 ], [ "R", 2 ], [ "R", 2 ], [ "R", 2 ], [ "R", 24 ], [ "R", 14 ], [ "R", 14 ], [ "R", 14 ], [ "R", 14 ], [ "R", 15 ], [ "R", 15 ], [ "R", 15 ], [ "R", 2 ], [ "R", 15 ], [ "W", 19 ], [ "W", 2 ], [ "W", 19 ], [ "W", 15 ], [ "W", 19 ], [ "R", 2 ] ]
    } ]
  },
  "ReviewAssemblerController.save" : {
    "t" : [ {
      "id" : 0,
      "a" : [ [ "R", 14 ], [ "R", 14 ], [ "R", 4 ], [ "R", 4 ], [ "R", 4 ], [ "R", 24 ], [ "R", 4 ], [ "W", 22 ] ]
    } ]
  },
  "FurnitureAssemblerController.listNotAssembled" : {
    "t" : [ {
      "id" : 0,
      "a" : [ [ "R", 14 ], [ "R", 14 ], [ "R", 4 ], [ "R", 4 ], [ "R", 4 ], [ "R", 24 ], [ "R", 4 ], [ "R", 16 ], [ "R", 16 ], [ "R", 5 ] ]
    } ]
  },
  "MakerAdministratorController.edit" : {
    "t" : [ {
      "id" : 0,
      "a" : [ [ "R", 18 ] ]
    } ]
  },
  "MakerAssemblerController.list" : {
    "t" : [ {
      "id" : 0,
      "a" : [ [ "R", 18 ] ]
    } ]
  },
  "WelcomeController.index" : {
    "t" : [ {
      "id" : 0,
      "a" : [ [ "R", 7 ] ]
    } ]
  },
  "PieceAdministratorController.edit" : {
    "t" : [ {
      "id" : 0,
      "a" : [ [ "R", 20 ] ]
    } ]
  },
  "MessageActorController.save" : {
    "t" : [ {
      "id" : 0,
      "a" : [ [ "R", 14 ], [ "R", 14 ], [ "R", 2 ], [ "R", 2 ], [ "R", 2 ], [ "R", 24 ], [ "R", 2 ], [ "R", 19 ], [ "R", 2 ], [ "R", 19 ], [ "R", 2 ], [ "R", 19 ], [ "R", 2 ], [ "R", 14 ], [ "R", 14 ], [ "R", 14 ], [ "R", 14 ], [ "R", 14 ], [ "R", 2 ], [ "R", 2 ], [ "R", 2 ], [ "R", 24 ], [ "W", 19 ], [ "R", 14 ], [ "R", 19 ], [ "R", 2 ], [ "R", 14 ], [ "R", 14 ], [ "R", 14 ], [ "R", 23 ], [ "R", 19 ], [ "R", 19 ], [ "R", 23 ], [ "R", 19 ], [ "R", 2 ], [ "R", 14 ], [ "R", 15 ], [ "R", 15 ], [ "R", 15 ], [ "R", 2 ], [ "R", 15 ], [ "R", 19 ], [ "R", 2 ], [ "R", 14 ], [ "R", 15 ], [ "R", 15 ], [ "R", 15 ], [ "R", 2 ], [ "R", 15 ], [ "W", 19 ], [ "W", 19 ], [ "W", 15 ], [ "W", 19 ], [ "R", 19 ], [ "R", 2 ], [ "R", 14 ], [ "R", 14 ], [ "R", 14 ], [ "R", 19 ], [ "R", 2 ], [ "R", 14 ], [ "R", 14 ], [ "R", 14 ], [ "W", 19 ], [ "R", 19 ], [ "R", 2 ], [ "R", 2 ], [ "R", 19 ], [ "R", 19 ], [ "R", 2 ], [ "R", 2 ], [ "R", 14 ], [ "R", 14 ], [ "R", 2 ], [ "R", 2 ], [ "R", 2 ], [ "R", 24 ], [ "R", 2 ] ]
    } ]
  },
  "FurnitureAssemblerController.create" : {
    "t" : [ {
      "id" : 0,
      "a" : [ [ "R", 16 ], [ "R", 16 ], [ "R", 16 ], [ "R", 14 ], [ "R", 14 ], [ "R", 4 ], [ "R", 4 ], [ "R", 4 ], [ "R", 24 ], [ "W", 5 ], [ "W", 16 ], [ "W", 5 ], [ "W", 4 ] ]
    } ]
  },
  "CritiqueAdministratorController.list" : {
    "t" : [ {
      "id" : 0,
      "a" : [ [ "R", 12 ] ]
    } ]
  },
  "BackAdministratorController.list" : {
    "t" : [ {
      "id" : 0,
      "a" : [ [ "R", 6 ] ]
    } ]
  },
  "MakerAdministratorController.list" : {
    "t" : [ {
      "id" : 0,
      "a" : [ [ "R", 18 ] ]
    } ]
  },
  "PieceAdministratorController.saveCreate" : {
    "t" : [ {
      "id" : 0,
      "a" : [ [ "R", 14 ], [ "R", 24 ], [ "R", 20 ], [ "R", 16 ], [ "R", 16 ], [ "R", 20 ], [ "R", 20 ], [ "R", 16 ], [ "W", 16 ], [ "W", 20 ], [ "R", 20 ], [ "R", 16 ], [ "R", 14 ] ]
    } ]
  },
  "AssemblerController.save" : {
    "t" : [ {
      "id" : 0,
      "a" : [ [ "W", 24 ], [ "W", 24 ], [ "W", 24 ], [ "R", 24 ], [ "R", 24 ], [ "W", 2 ], [ "W", 24 ], [ "W", 4 ], [ "W", 5 ], [ "W", 2 ], [ "W", 19 ], [ "W", 2 ], [ "W", 19 ], [ "W", 2 ], [ "W", 15 ], [ "W", 4 ], [ "W", 22 ], [ "R", 2 ], [ "R", 24 ], [ "W", 24 ], [ "R", 2 ], [ "R", 24 ], [ "W", 24 ], [ "W", 2 ], [ "W", 2 ], [ "W", 2 ], [ "W", 2 ], [ "W", 2 ], [ "R", 2 ], [ "R", 24 ], [ "R", 24 ], [ "W", 24 ], [ "W", 2 ], [ "W", 24 ], [ "W", 4 ], [ "W", 15 ], [ "W", 15 ], [ "W", 2 ], [ "W", 15 ], [ "W", 19 ], [ "W", 15 ], [ "W", 15 ], [ "W", 15 ], [ "W", 2 ], [ "W", 15 ], [ "W", 19 ], [ "W", 15 ], [ "W", 15 ], [ "W", 15 ], [ "W", 2 ], [ "W", 15 ], [ "W", 19 ], [ "W", 15 ], [ "W", 15 ], [ "W", 15 ], [ "W", 2 ], [ "W", 15 ], [ "W", 19 ], [ "W", 15 ], [ "W", 15 ], [ "W", 15 ], [ "W", 15 ], [ "W", 15 ], [ "W", 15 ], [ "W", 15 ], [ "W", 15 ], [ "W", 15 ] ]
    } ]
  },
  "ReviewAssemblerController.create" : {
    "t" : [ {
      "id" : 0,
      "a" : [ [ "R", 18 ], [ "R", 14 ], [ "R", 14 ], [ "R", 4 ], [ "R", 4 ], [ "R", 4 ], [ "R", 24 ], [ "R", 18 ], [ "R", 16 ], [ "R", 16 ], [ "R", 5 ], [ "R", 4 ], [ "R", 5 ], [ "W", 22 ], [ "W", 18 ], [ "W", 22 ], [ "W", 22 ], [ "W", 4 ], [ "R", 4 ], [ "R", 22 ], [ "W", 4 ], [ "W", 22 ] ]
    } ]
  },
  "MailboxActorController.list2" : {
    "t" : [ {
      "id" : 0,
      "a" : [ [ "R", 14 ], [ "R", 14 ], [ "R", 2 ], [ "R", 2 ], [ "R", 2 ], [ "R", 24 ], [ "R", 14 ], [ "R", 14 ], [ "R", 2 ], [ "R", 2 ], [ "R", 2 ], [ "R", 24 ], [ "R", 14 ], [ "R", 14 ], [ "R", 14 ], [ "R", 14 ], [ "R", 15 ], [ "R", 15 ], [ "R", 15 ], [ "R", 2 ], [ "R", 15 ], [ "R", 14 ], [ "R", 14 ], [ "R", 2 ], [ "R", 2 ], [ "R", 2 ], [ "R", 24 ], [ "R", 15 ], [ "R", 2 ], [ "R", 14 ], [ "R", 14 ], [ "R", 14 ], [ "R", 14 ], [ "R", 14 ], [ "R", 2 ], [ "R", 2 ], [ "R", 2 ], [ "R", 24 ], [ "R", 15 ], [ "R", 2 ], [ "R", 14 ], [ "R", 14 ], [ "R", 14 ], [ "R", 14 ], [ "R", 15 ], [ "R", 15 ], [ "R", 19 ], [ "R", 15 ], [ "R", 15 ] ]
    } ]
  },
  "RatingCustomerController.save" : {
    "t" : [ {
      "id" : 0,
      "a" : [ [ "R", 14 ], [ "R", 14 ], [ "R", 13 ], [ "R", 13 ], [ "R", 13 ], [ "R", 24 ], [ "R", 13 ], [ "W", 21 ] ]
    } ]
  },
  "FolderActorController.edit" : {
    "t" : [ {
      "id" : 0,
      "a" : [ [ "R", 14 ], [ "R", 14 ], [ "R", 2 ], [ "R", 2 ], [ "R", 2 ], [ "R", 24 ], [ "R", 15 ], [ "R", 14 ], [ "R", 14 ], [ "R", 2 ], [ "R", 2 ], [ "R", 2 ], [ "R", 24 ], [ "R", 15 ], [ "R", 2 ], [ "R", 14 ], [ "R", 14 ], [ "R", 14 ], [ "R", 15 ], [ "R", 2 ], [ "R", 14 ], [ "R", 14 ], [ "R", 14 ], [ "R", 15 ], [ "R", 19 ], [ "R", 15 ], [ "R", 15 ], [ "W", 15 ], [ "W", 2 ], [ "W", 15 ], [ "W", 15 ], [ "W", 19 ], [ "R", 2 ], [ "R", 15 ], [ "R", 15 ], [ "R", 2 ], [ "R", 14 ], [ "R", 14 ], [ "R", 14 ], [ "R", 15 ], [ "R", 19 ], [ "R", 15 ], [ "R", 15 ] ]
    } ]
  },
  "BudgetCustomerController.list" : {
    "t" : [ {
      "id" : 0,
      "a" : [ [ "R", 14 ], [ "R", 14 ], [ "R", 13 ], [ "R", 13 ], [ "R", 13 ], [ "R", 24 ], [ "R", 14 ], [ "R", 8 ], [ "R", 8 ], [ "R", 8 ], [ "R", 13 ] ]
    } ]
  },
  "FurnitureAdministratorController.create" : {
    "t" : [ {
      "id" : 0,
      "a" : [ [ "R", 14 ], [ "R", 24 ], [ "R", 16 ], [ "R", 16 ], [ "R", 16 ], [ "W", 16 ], [ "W", 16 ], [ "W", 16 ], [ "W", 12 ], [ "W", 16 ], [ "W", 17 ], [ "W", 16 ], [ "W", 20 ], [ "W", 16 ], [ "W", 21 ], [ "R", 18 ] ]
    } ]
  },
  "ReviewAssemblerController.listByMaker" : {
    "t" : [ {
      "id" : 0,
      "a" : [ [ "R", 22 ], [ "R", 22 ], [ "R", 22 ], [ "R", 18 ] ]
    } ]
  },
  "FolderActorController.moveMessageToFolder" : {
    "t" : [ {
      "id" : 0,
      "a" : [ [ "R", 14 ], [ "R", 14 ], [ "R", 2 ], [ "R", 2 ], [ "R", 2 ], [ "R", 24 ], [ "R", 14 ], [ "R", 14 ], [ "R", 2 ], [ "R", 2 ], [ "R", 2 ], [ "R", 24 ], [ "R", 14 ], [ "R", 14 ], [ "R", 14 ], [ "R", 14 ], [ "R", 15 ], [ "R", 15 ], [ "R", 15 ], [ "R", 2 ], [ "R", 15 ], [ "R", 14 ], [ "R", 14 ], [ "R", 2 ], [ "R", 2 ], [ "R", 2 ], [ "R", 24 ], [ "R", 15 ], [ "R", 2 ], [ "R", 14 ], [ "R", 14 ], [ "R", 14 ] ]
    } ]
  },
  "SpamTermAdministratorController.showSpamTerm" : {
    "t" : [ {
      "id" : 0,
      "a" : [ [ "R", 23 ], [ "R", 23 ], [ "R", 14 ] ]
    } ]
  },
  "CriticCardCriticController.edit" : {
    "t" : [ {
      "id" : 0,
      "a" : [ [ "R", 14 ], [ "R", 14 ], [ "R", 10 ], [ "R", 10 ], [ "R", 10 ], [ "R", 24 ], [ "R", 10 ], [ "R", 11 ], [ "W", 11 ] ]
    } ]
  },
  "FurnitureAdministratorController.edit" : {
    "t" : [ {
      "id" : 0,
      "a" : [ [ "R", 16 ], [ "R", 16 ], [ "R", 16 ], [ "R", 18 ], [ "R", 14 ], [ "R", 24 ], [ "R", 16 ], [ "R", 16 ], [ "R", 16 ], [ "W", 16 ], [ "W", 16 ], [ "W", 16 ], [ "W", 12 ], [ "W", 16 ], [ "W", 17 ], [ "W", 16 ], [ "W", 20 ], [ "W", 16 ], [ "W", 21 ], [ "R", 18 ] ]
    } ]
  },
  "CritiqueAdministratorController.unban" : {
    "t" : [ {
      "id" : 0,
      "a" : [ [ "R", 12 ], [ "R", 14 ], [ "R", 14 ], [ "R", 3 ], [ "R", 3 ], [ "R", 3 ], [ "R", 24 ], [ "R", 3 ], [ "R", 12 ], [ "W", 12 ], [ "R", 12 ], [ "R", 12 ] ]
    } ]
  },
  "MessageActorController.moveMessageToFolder" : {
    "t" : [ {
      "id" : 0,
      "a" : [ [ "R", 15 ], [ "R", 14 ], [ "R", 14 ], [ "R", 2 ], [ "R", 2 ], [ "R", 2 ], [ "R", 24 ], [ "R", 15 ], [ "R", 2 ], [ "R", 14 ], [ "R", 14 ], [ "R", 14 ], [ "R", 15 ], [ "R", 14 ], [ "R", 14 ], [ "R", 2 ], [ "R", 2 ], [ "R", 2 ], [ "R", 24 ], [ "R", 15 ], [ "R", 2 ], [ "R", 14 ], [ "R", 14 ], [ "R", 14 ], [ "R", 14 ], [ "R", 14 ], [ "R", 2 ], [ "R", 2 ], [ "R", 2 ], [ "R", 24 ], [ "R", 19 ], [ "R", 19 ], [ "R", 19 ], [ "R", 19 ], [ "R", 2 ], [ "R", 14 ], [ "R", 14 ], [ "R", 14 ], [ "R", 19 ], [ "R", 2 ], [ "R", 14 ], [ "R", 14 ], [ "R", 14 ], [ "R", 14 ], [ "R", 14 ], [ "R", 14 ], [ "R", 15 ], [ "R", 19 ], [ "R", 15 ], [ "R", 19 ], [ "R", 14 ], [ "R", 14 ], [ "R", 2 ], [ "R", 2 ], [ "R", 2 ], [ "R", 24 ], [ "R", 19 ], [ "R", 2 ], [ "R", 14 ], [ "R", 14 ], [ "R", 14 ], [ "R", 19 ], [ "R", 2 ], [ "R", 14 ], [ "R", 14 ], [ "R", 14 ], [ "R", 15 ], [ "R", 2 ], [ "R", 14 ], [ "R", 14 ], [ "R", 14 ], [ "R", 15 ], [ "R", 2 ], [ "R", 14 ], [ "R", 14 ], [ "R", 14 ], [ "W", 19 ], [ "W", 15 ], [ "R", 19 ], [ "R", 2 ], [ "R", 19 ], [ "R", 2 ], [ "R", 19 ], [ "R", 2 ], [ "R", 14 ], [ "R", 14 ], [ "R", 14 ], [ "R", 14 ], [ "R", 14 ], [ "R", 2 ], [ "R", 2 ], [ "R", 2 ], [ "R", 24 ], [ "W", 19 ], [ "R", 14 ], [ "R", 19 ], [ "R", 2 ], [ "R", 14 ], [ "R", 14 ], [ "R", 14 ], [ "R", 23 ], [ "R", 19 ], [ "R", 19 ], [ "R", 23 ], [ "R", 19 ], [ "R", 2 ], [ "R", 14 ], [ "R", 15 ], [ "R", 15 ], [ "R", 15 ], [ "R", 2 ], [ "R", 15 ], [ "R", 19 ], [ "R", 2 ], [ "R", 14 ], [ "R", 15 ], [ "R", 15 ], [ "R", 15 ], [ "R", 2 ], [ "R", 15 ], [ "W", 19 ], [ "W", 19 ], [ "W", 15 ], [ "W", 19 ], [ "R", 19 ], [ "R", 2 ], [ "R", 14 ], [ "R", 14 ], [ "R", 14 ], [ "R", 19 ], [ "R", 2 ], [ "R", 14 ], [ "R", 14 ], [ "R", 14 ], [ "W", 19 ], [ "R", 19 ], [ "R", 2 ], [ "R", 2 ], [ "R", 19 ], [ "R", 19 ], [ "R", 2 ], [ "R", 2 ] ]
    } ]
  },
  "FolderActorController.create" : {
    "t" : [ {
      "id" : 0,
      "a" : [ [ "R", 14 ], [ "R", 14 ], [ "R", 2 ], [ "R", 2 ], [ "R", 2 ], [ "R", 24 ], [ "R", 14 ], [ "R", 14 ], [ "R", 2 ], [ "R", 2 ], [ "R", 2 ], [ "R", 24 ], [ "R", 14 ], [ "R", 14 ], [ "R", 14 ], [ "W", 15 ], [ "W", 2 ], [ "W", 15 ], [ "W", 15 ], [ "W", 19 ] ]
    } ]
  },
  "BudgetCustomerController.addAndEdit" : {
    "t" : [ {
      "id" : 0,
      "a" : [ [ "R", 14 ], [ "R", 14 ], [ "R", 13 ], [ "R", 13 ], [ "R", 13 ], [ "R", 24 ], [ "R", 13 ], [ "W", 8 ], [ "W", 8 ], [ "W", 13 ], [ "W", 8 ], [ "W", 8 ], [ "W", 9 ], [ "R", 8 ], [ "R", 13 ], [ "R", 14 ], [ "R", 14 ], [ "R", 13 ], [ "R", 13 ], [ "R", 13 ], [ "R", 24 ], [ "R", 14 ], [ "R", 14 ], [ "R", 14 ], [ "R", 14 ], [ "R", 14 ], [ "W", 8 ], [ "W", 8 ], [ "R", 16 ], [ "R", 16 ], [ "R", 16 ], [ "R", 8 ], [ "R", 9 ], [ "R", 16 ], [ "R", 20 ], [ "R", 20 ], [ "R", 14 ], [ "R", 9 ], [ "R", 9 ], [ "R", 9 ], [ "R", 9 ], [ "R", 8 ], [ "W", 9 ], [ "W", 8 ], [ "R", 16 ], [ "W", 9 ], [ "R", 20 ], [ "W", 9 ], [ "R", 20 ], [ "W", 9 ], [ "W", 9 ], [ "W", 9 ], [ "R", 9 ], [ "W", 9 ], [ "W", 8 ], [ "W", 9 ], [ "R", 14 ], [ "W", 8 ], [ "W", 8 ], [ "R", 8 ], [ "R", 8 ], [ "R", 13 ], [ "R", 14 ], [ "R", 14 ], [ "R", 13 ], [ "R", 13 ], [ "R", 13 ], [ "R", 24 ], [ "R", 14 ], [ "R", 14 ], [ "R", 14 ], [ "R", 14 ], [ "R", 14 ], [ "W", 8 ], [ "W", 8 ], [ "R", 16 ], [ "R", 16 ], [ "R", 16 ], [ "R", 8 ], [ "R", 9 ], [ "R", 16 ], [ "R", 20 ], [ "R", 20 ], [ "R", 14 ], [ "R", 9 ], [ "R", 9 ], [ "R", 9 ], [ "R", 9 ], [ "R", 8 ], [ "W", 9 ], [ "W", 8 ], [ "R", 16 ], [ "W", 9 ], [ "R", 20 ], [ "W", 9 ], [ "R", 20 ], [ "W", 9 ], [ "W", 9 ], [ "W", 9 ], [ "R", 9 ], [ "W", 9 ], [ "W", 8 ], [ "W", 9 ], [ "R", 14 ], [ "W", 8 ], [ "W", 8 ], [ "R", 14 ], [ "R", 16 ], [ "R", 16 ], [ "R", 16 ], [ "R", 16 ], [ "R", 9 ], [ "R", 9 ], [ "R", 9 ], [ "R", 8 ], [ "R", 9 ] ]
    } ]
  },
  "CritiqueCriticController.delete" : {
    "t" : [ {
      "id" : 0,
      "a" : [ [ "R", 14 ], [ "R", 14 ], [ "R", 10 ], [ "R", 10 ], [ "R", 10 ], [ "R", 24 ], [ "R", 10 ], [ "R", 12 ], [ "R", 10 ], [ "R", 14 ], [ "R", 14 ], [ "R", 14 ], [ "W", 12 ] ]
    } ]
  },
  "RatingAdministratorController.listByFurniture" : {
    "t" : [ {
      "id" : 0,
      "a" : [ [ "R", 21 ], [ "R", 21 ], [ "R", 21 ], [ "R", 16 ] ]
    } ]
  },
  "MakerCustomerController.list" : {
    "t" : [ {
      "id" : 0,
      "a" : [ [ "R", 18 ] ]
    } ]
  }
}