{
  "1" : "Actor",
  "2" : "Admin",
  "3" : "Application",
  "4" : "AuditRecord",
  "5" : "Auditor",
  "6" : "Category",
  "7" : "Configuration",
  "8" : "Contact",
  "9" : "Curriculum",
  "10" : "DomainEntity",
  "11" : "EducationRecord",
  "12" : "EndorserRecord",
  "13" : "Explorer",
  "14" : "Finder",
  "15" : "Folder",
  "16" : "HasValue",
  "17" : "LegalText",
  "18" : "Manager",
  "19" : "Message",
  "20" : "MiscellaneousRecord",
  "21" : "Note",
  "22" : "PersonalRecord",
  "23" : "ProfessionalRecord",
  "24" : "Ranger",
  "25" : "SocialIdentity",
  "26" : "Sponsor",
  "27" : "Sponsorship",
  "28" : "Stage",
  "29" : "Story",
  "30" : "SurvivalClass",
  "31" : "Tag",
  "32" : "Trip",
  "33" : "UserAccount"
}