{
  "CommentController.list" : {
    "t" : [ {
      "id" : 0,
      "a" : [ [ "R", 12 ], [ "R", 9 ], [ "R", 9 ], [ "R", 5 ], [ "R", 5 ], [ "R", 5 ], [ "R", 12 ] ]
    } ]
  },
  "WarehouseAdministratorController.delete" : {
    "t" : [ {
      "id" : 0,
      "a" : [ [ "R", 9 ], [ "R", 9 ], [ "R", 1 ], [ "R", 1 ], [ "R", 1 ], [ "R", 19 ], [ "R", 1 ], [ "R", 19 ], [ "R", 19 ], [ "R", 9 ], [ "R", 9 ], [ "R", 1 ], [ "R", 1 ], [ "R", 1 ], [ "R", 19 ], [ "R", 1 ], [ "R", 19 ], [ "R", 19 ], [ "R", 9 ], [ "R", 9 ], [ "R", 1 ], [ "R", 1 ], [ "R", 1 ], [ "R", 19 ], [ "R", 1 ], [ "R", 19 ], [ "R", 19 ], [ "R", 9 ], [ "R", 12 ], [ "R", 12 ], [ "R", 17 ], [ "R", 12 ], [ "R", 12 ], [ "R", 12 ], [ "R", 17 ], [ "R", 20 ], [ "W", 20 ] ]
    } ]
  },
  "MessageActorController.removeFromFolder" : {
    "t" : [ {
      "id" : 0,
      "a" : [ [ "R", 13 ], [ "R", 9 ], [ "R", 9 ], [ "R", 1 ], [ "R", 1 ], [ "R", 1 ], [ "R", 19 ], [ "R", 1 ], [ "R", 19 ], [ "R", 9 ], [ "R", 13 ], [ "R", 1 ], [ "R", 1 ], [ "R", 19 ], [ "R", 9 ], [ "R", 13 ], [ "R", 1 ], [ "R", 1 ], [ "R", 19 ], [ "R", 9 ], [ "R", 11 ], [ "R", 11 ], [ "R", 1 ], [ "R", 1 ], [ "R", 19 ], [ "R", 9 ], [ "R", 9 ], [ "R", 9 ], [ "R", 1 ], [ "R", 1 ], [ "R", 1 ], [ "R", 19 ], [ "R", 1 ], [ "R", 19 ], [ "R", 9 ], [ "R", 9 ], [ "R", 9 ], [ "R", 11 ], [ "R", 1 ], [ "R", 9 ], [ "R", 9 ], [ "R", 1 ], [ "R", 1 ], [ "R", 1 ], [ "R", 19 ], [ "R", 9 ], [ "R", 9 ], [ "R", 9 ], [ "R", 11 ], [ "R", 11 ], [ "R", 11 ], [ "R", 13 ], [ "W", 11 ], [ "R", 9 ], [ "R", 9 ], [ "R", 1 ], [ "R", 1 ], [ "R", 1 ], [ "R", 19 ], [ "R", 1 ], [ "R", 11 ], [ "R", 11 ], [ "R", 13 ], [ "R", 11 ], [ "R", 13 ], [ "R", 9 ], [ "R", 11 ], [ "R", 11 ], [ "R", 11 ], [ "R", 11 ], [ "R", 11 ], [ "R", 1 ], [ "R", 11 ], [ "R", 13 ], [ "W", 11 ], [ "W", 11 ] ]
    } ]
  },
  "WarehouseAdministratorController.list" : {
    "t" : [ {
      "id" : 0,
      "a" : [ [ "R", 9 ], [ "R", 9 ], [ "R", 1 ], [ "R", 1 ], [ "R", 1 ], [ "R", 19 ], [ "R", 1 ], [ "R", 19 ], [ "R", 19 ], [ "R", 9 ], [ "R", 9 ], [ "R", 1 ], [ "R", 1 ], [ "R", 1 ], [ "R", 19 ], [ "R", 1 ], [ "R", 19 ], [ "R", 19 ], [ "R", 20 ] ]
    } ]
  },
  "StorageClerkController.listByWarehouse" : {
    "t" : [ {
      "id" : 0,
      "a" : [ [ "R", 10 ], [ "R", 10 ], [ "R", 10 ], [ "R", 10 ], [ "R", 10 ], [ "R", 20 ], [ "R", 17 ], [ "R", 17 ], [ "R", 17 ], [ "R", 20 ], [ "R", 12 ], [ "R", 17 ], [ "R", 17 ], [ "R", 17 ], [ "R", 12 ] ]
    } ]
  },
  "MessageActorController.display" : {
    "t" : [ {
      "id" : 0,
      "a" : [ [ "R", 13 ], [ "R", 9 ], [ "R", 9 ], [ "R", 1 ], [ "R", 1 ], [ "R", 1 ], [ "R", 19 ], [ "R", 1 ], [ "R", 19 ], [ "R", 9 ], [ "R", 13 ], [ "R", 1 ], [ "R", 1 ], [ "R", 19 ], [ "R", 9 ], [ "R", 13 ], [ "R", 1 ], [ "R", 1 ], [ "R", 19 ], [ "R", 9 ], [ "R", 9 ], [ "R", 9 ], [ "R", 1 ], [ "R", 1 ], [ "R", 1 ], [ "R", 19 ], [ "R", 1 ], [ "R", 19 ], [ "R", 9 ], [ "R", 13 ], [ "R", 1 ], [ "R", 1 ], [ "R", 19 ], [ "R", 9 ], [ "R", 13 ], [ "R", 1 ], [ "R", 1 ], [ "R", 19 ], [ "R", 9 ], [ "R", 9 ], [ "R", 9 ], [ "R", 1 ], [ "R", 1 ], [ "R", 1 ], [ "R", 19 ], [ "R", 9 ], [ "R", 11 ], [ "R", 11 ], [ "R", 11 ], [ "R", 1 ], [ "R", 11 ], [ "R", 13 ] ]
    } ]
  },
  "FolderActorController.save" : {
    "t" : [ {
      "id" : 0,
      "a" : [ [ "R", 11 ], [ "R", 1 ], [ "R", 1 ], [ "R", 19 ], [ "R", 9 ], [ "R", 9 ], [ "R", 9 ], [ "R", 1 ], [ "R", 1 ], [ "R", 1 ], [ "R", 19 ], [ "R", 1 ], [ "R", 19 ], [ "R", 9 ], [ "W", 11 ] ]
    } ]
  },
  "MessageActorController.addFolderSave" : {
    "t" : [ {
      "id" : 0,
      "a" : [ [ "R", 9 ], [ "R", 9 ], [ "R", 1 ], [ "R", 1 ], [ "R", 1 ], [ "R", 19 ], [ "R", 1 ], [ "R", 19 ], [ "R", 9 ], [ "R", 9 ], [ "R", 9 ], [ "R", 1 ], [ "R", 1 ], [ "R", 1 ], [ "R", 19 ], [ "R", 9 ], [ "R", 11 ], [ "R", 11 ], [ "R", 11 ], [ "R", 1 ], [ "R", 13 ], [ "R", 11 ], [ "R", 11 ], [ "R", 13 ], [ "R", 11 ], [ "R", 1 ], [ "R", 1 ], [ "R", 19 ], [ "R", 9 ], [ "R", 11 ], [ "R", 13 ], [ "W", 11 ], [ "R", 9 ], [ "R", 9 ], [ "R", 9 ], [ "R", 1 ], [ "R", 1 ], [ "R", 1 ], [ "R", 19 ], [ "R", 9 ], [ "R", 11 ], [ "R", 11 ], [ "R", 11 ], [ "R", 1 ] ]
    } ]
  },
  "OrderConsumerController.save" : {
    "t" : [ {
      "id" : 0,
      "a" : [ [ "R", 14 ], [ "R", 6 ], [ "R", 9 ], [ "R", 9 ], [ "R", 6 ], [ "R", 6 ], [ "R", 6 ], [ "R", 19 ], [ "R", 9 ], [ "R", 9 ], [ "R", 9 ], [ "R", 14 ], [ "R", 6 ], [ "R", 14 ], [ "R", 6 ], [ "R", 9 ], [ "R", 9 ], [ "R", 9 ], [ "R", 6 ], [ "R", 16 ], [ "R", 14 ], [ "R", 9 ], [ "R", 9 ], [ "R", 6 ], [ "R", 6 ], [ "R", 6 ], [ "R", 19 ], [ "R", 16 ], [ "R", 6 ], [ "R", 9 ], [ "R", 9 ], [ "R", 9 ], [ "R", 9 ], [ "R", 16 ], [ "R", 16 ], [ "R", 7 ], [ "R", 16 ], [ "R", 7 ], [ "R", 12 ], [ "R", 16 ], [ "R", 7 ], [ "R", 12 ], [ "R", 16 ], [ "R", 9 ], [ "R", 9 ], [ "R", 6 ], [ "R", 6 ], [ "R", 6 ], [ "R", 19 ], [ "R", 16 ], [ "R", 6 ], [ "R", 9 ], [ "R", 9 ], [ "R", 9 ], [ "R", 9 ], [ "R", 9 ], [ "R", 9 ], [ "R", 9 ], [ "R", 6 ], [ "R", 6 ], [ "R", 6 ], [ "R", 19 ], [ "R", 16 ], [ "R", 6 ], [ "R", 9 ], [ "R", 9 ], [ "R", 9 ], [ "R", 9 ], [ "R", 9 ], [ "R", 7 ], [ "R", 7 ], [ "R", 7 ], [ "R", 16 ], [ "R", 7 ], [ "R", 12 ], [ "R", 7 ], [ "R", 9 ], [ "R", 12 ], [ "R", 12 ], [ "R", 3 ], [ "R", 12 ], [ "R", 9 ], [ "R", 3 ], [ "R", 3 ], [ "R", 18 ], [ "R", 3 ], [ "R", 12 ], [ "W", 15 ], [ "R", 12 ], [ "W", 15 ], [ "R", 12 ], [ "W", 15 ], [ "R", 12 ], [ "W", 15 ], [ "R", 12 ], [ "W", 15 ], [ "R", 12 ], [ "W", 15 ], [ "R", 18 ], [ "W", 15 ], [ "R", 3 ], [ "W", 15 ], [ "W", 15 ], [ "W", 15 ], [ "W", 14 ], [ "W", 14 ], [ "W", 15 ], [ "R", 15 ], [ "R", 15 ], [ "R", 14 ], [ "W", 14 ], [ "R", 9 ], [ "R", 9 ], [ "R", 6 ], [ "R", 6 ], [ "R", 6 ], [ "R", 19 ], [ "R", 16 ], [ "R", 6 ], [ "R", 9 ], [ "R", 9 ], [ "R", 9 ], [ "R", 9 ], [ "R", 16 ], [ "R", 16 ], [ "R", 7 ], [ "R", 16 ], [ "R", 7 ], [ "R", 12 ], [ "R", 16 ], [ "R", 7 ], [ "R", 12 ], [ "R", 16 ], [ "R", 9 ], [ "R", 9 ], [ "R", 6 ], [ "R", 6 ], [ "R", 6 ], [ "R", 19 ], [ "R", 16 ], [ "R", 6 ], [ "R", 9 ], [ "R", 9 ], [ "R", 9 ], [ "R", 9 ], [ "R", 9 ], [ "R", 9 ], [ "R", 9 ], [ "R", 6 ], [ "R", 6 ], [ "R", 6 ], [ "R", 19 ], [ "R", 16 ], [ "R", 6 ], [ "R", 9 ], [ "R", 9 ], [ "R", 9 ], [ "R", 9 ], [ "R", 9 ], [ "R", 7 ], [ "R", 7 ], [ "R", 7 ], [ "R", 16 ], [ "R", 7 ], [ "R", 12 ], [ "R", 7 ], [ "R", 9 ], [ "R", 12 ], [ "R", 12 ], [ "R", 3 ], [ "R", 12 ], [ "R", 9 ], [ "R", 3 ], [ "R", 3 ], [ "R", 18 ], [ "R", 3 ], [ "R", 12 ], [ "W", 15 ], [ "R", 12 ], [ "W", 15 ], [ "R", 12 ], [ "W", 15 ], [ "R", 12 ], [ "W", 15 ], [ "R", 12 ], [ "W", 15 ], [ "R", 12 ], [ "W", 15 ], [ "R", 18 ], [ "W", 15 ], [ "R", 3 ], [ "W", 15 ], [ "W", 15 ], [ "W", 15 ], [ "W", 14 ], [ "W", 15 ], [ "R", 9 ], [ "R", 9 ], [ "R", 16 ], [ "R", 16 ], [ "R", 16 ], [ "R", 6 ], [ "R", 16 ], [ "R", 9 ], [ "R", 9 ], [ "R", 6 ], [ "R", 6 ], [ "R", 6 ], [ "R", 19 ], [ "R", 16 ], [ "R", 6 ], [ "R", 9 ], [ "R", 9 ], [ "R", 9 ], [ "R", 9 ], [ "R", 7 ], [ "R", 7 ], [ "R", 7 ], [ "R", 16 ], [ "R", 9 ], [ "W", 7 ], [ "W", 16 ] ]
    } ]
  },
  "CommentController.create" : {
    "t" : [ {
      "id" : 0,
      "a" : [ [ "R", 12 ], [ "W", 5 ], [ "W", 12 ], [ "R", 12 ], [ "R", 5 ], [ "W", 12 ], [ "W", 5 ], [ "R", 9 ], [ "R", 9 ], [ "R", 1 ], [ "R", 1 ], [ "R", 1 ], [ "R", 19 ], [ "R", 1 ], [ "R", 19 ], [ "R", 19 ], [ "R", 9 ], [ "R", 9 ], [ "R", 1 ], [ "R", 1 ], [ "R", 1 ], [ "R", 19 ], [ "R", 1 ], [ "R", 19 ], [ "R", 19 ], [ "R", 9 ], [ "R", 9 ], [ "R", 1 ], [ "R", 1 ], [ "R", 1 ], [ "R", 19 ], [ "R", 1 ], [ "R", 19 ], [ "R", 19 ], [ "R", 9 ], [ "R", 9 ], [ "R", 1 ], [ "R", 1 ], [ "R", 1 ], [ "R", 19 ], [ "R", 1 ], [ "W", 5 ], [ "W", 5 ] ]
    } ]
  },
  "OrderItemClerkController.save" : {
    "t" : [ {
      "id" : 0,
      "a" : [ [ "R", 15 ], [ "R", 14 ], [ "R", 9 ], [ "R", 15 ], [ "R", 15 ], [ "R", 14 ], [ "R", 12 ], [ "R", 12 ], [ "R", 12 ], [ "R", 15 ], [ "R", 15 ], [ "R", 15 ], [ "R", 14 ], [ "R", 9 ], [ "R", 15 ], [ "R", 14 ], [ "R", 9 ], [ "R", 14 ], [ "R", 15 ], [ "R", 12 ], [ "R", 12 ], [ "R", 12 ], [ "R", 9 ], [ "R", 9 ], [ "R", 4 ], [ "R", 4 ], [ "R", 4 ], [ "R", 19 ], [ "R", 14 ], [ "R", 4 ], [ "R", 9 ], [ "R", 9 ], [ "R", 9 ], [ "R", 14 ], [ "R", 20 ], [ "R", 14 ], [ "R", 15 ], [ "R", 12 ], [ "R", 15 ], [ "R", 15 ], [ "R", 15 ], [ "R", 9 ], [ "R", 9 ], [ "R", 17 ], [ "R", 17 ], [ "R", 17 ], [ "R", 20 ], [ "R", 17 ], [ "R", 12 ], [ "R", 17 ], [ "R", 20 ], [ "R", 9 ], [ "R", 9 ], [ "R", 9 ], [ "R", 9 ], [ "R", 17 ], [ "R", 17 ], [ "R", 17 ], [ "R", 20 ], [ "R", 17 ], [ "R", 12 ], [ "W", 17 ], [ "W", 20 ], [ "W", 17 ], [ "W", 12 ], [ "R", 17 ], [ "W", 17 ], [ "R", 17 ], [ "R", 9 ], [ "W", 17 ], [ "W", 17 ], [ "W", 15 ], [ "R", 15 ], [ "R", 15 ], [ "R", 15 ], [ "R", 14 ], [ "R", 14 ], [ "R", 15 ], [ "R", 15 ], [ "R", 15 ], [ "R", 14 ], [ "R", 4 ], [ "R", 9 ], [ "R", 9 ], [ "R", 4 ], [ "R", 4 ], [ "R", 4 ], [ "R", 19 ], [ "R", 9 ], [ "R", 9 ], [ "R", 9 ], [ "W", 14 ], [ "W", 14 ], [ "W", 15 ], [ "R", 9 ], [ "R", 15 ], [ "R", 15 ], [ "R", 15 ], [ "R", 14 ], [ "R", 9 ], [ "R", 15 ], [ "R", 14 ], [ "R", 9 ], [ "R", 14 ], [ "R", 15 ], [ "R", 12 ], [ "R", 12 ], [ "R", 12 ], [ "R", 15 ], [ "R", 15 ], [ "R", 15 ], [ "R", 14 ], [ "R", 9 ], [ "R", 15 ], [ "R", 14 ], [ "R", 9 ], [ "R", 14 ], [ "R", 15 ], [ "R", 12 ], [ "R", 12 ], [ "R", 12 ], [ "R", 15 ], [ "R", 15 ], [ "R", 15 ], [ "R", 14 ], [ "R", 9 ], [ "R", 15 ], [ "R", 14 ], [ "R", 9 ], [ "R", 14 ], [ "R", 15 ], [ "R", 12 ], [ "R", 12 ], [ "R", 12 ] ]
    } ]
  },
  "CommentAdministratorController.edit" : {
    "t" : [ {
      "id" : 0,
      "a" : [ [ "R", 5 ], [ "R", 5 ], [ "R", 12 ] ]
    } ]
  },
  "CategoryAdministratorController.create" : {
    "t" : [ {
      "id" : 0,
      "a" : [ [ "R", 9 ], [ "R", 9 ], [ "R", 1 ], [ "R", 1 ], [ "R", 1 ], [ "R", 19 ], [ "R", 1 ], [ "R", 19 ], [ "R", 19 ], [ "R", 18 ] ]
    } ]
  },
  "ItemConsumerController.list" : {
    "t" : [ {
      "id" : 0,
      "a" : [ [ "R", 10 ], [ "R", 12 ], [ "R", 12 ], [ "R", 12 ], [ "R", 12 ], [ "R", 3 ], [ "R", 12 ], [ "R", 12 ], [ "R", 12 ], [ "R", 12 ], [ "R", 12 ], [ "R", 12 ], [ "R", 10 ], [ "R", 10 ], [ "R", 10 ], [ "R", 10 ] ]
    } ]
  },
  "ConsumerAdministratorController.list" : {
    "t" : [ {
      "id" : 0,
      "a" : [ [ "R", 9 ], [ "R", 9 ], [ "R", 1 ], [ "R", 1 ], [ "R", 1 ], [ "R", 19 ], [ "R", 1 ], [ "R", 19 ], [ "R", 19 ], [ "R", 6 ] ]
    } ]
  },
  "ClerkAdministratorController.save" : {
    "t" : [ {
      "id" : 0,
      "a" : [ [ "R", 9 ], [ "R", 9 ], [ "R", 1 ], [ "R", 1 ], [ "R", 1 ], [ "R", 19 ], [ "R", 1 ], [ "R", 19 ], [ "R", 19 ], [ "R", 9 ], [ "R", 9 ], [ "R", 1 ], [ "R", 1 ], [ "R", 1 ], [ "R", 19 ], [ "R", 1 ], [ "R", 19 ], [ "R", 19 ], [ "R", 1 ], [ "R", 19 ], [ "R", 19 ], [ "R", 9 ], [ "R", 1 ], [ "R", 19 ], [ "R", 19 ], [ "W", 19 ], [ "W", 1 ], [ "W", 19 ], [ "W", 11 ], [ "W", 13 ], [ "W", 11 ], [ "W", 11 ], [ "W", 11 ], [ "W", 1 ], [ "W", 1 ], [ "W", 11 ], [ "W", 1 ], [ "W", 11 ], [ "W", 1 ], [ "W", 13 ], [ "W", 1 ], [ "W", 13 ], [ "W", 4 ], [ "W", 14 ], [ "W", 4 ], [ "R", 9 ], [ "W", 11 ], [ "W", 13 ], [ "W", 11 ], [ "W", 11 ], [ "W", 11 ], [ "W", 1 ], [ "W", 1 ], [ "W", 11 ], [ "W", 11 ] ]
    } ]
  },
  "StorageAdministratorController.create" : {
    "t" : [ {
      "id" : 0,
      "a" : [ [ "R", 20 ], [ "W", 17 ], [ "W", 20 ], [ "R", 12 ], [ "R", 12 ], [ "R", 12 ], [ "R", 12 ], [ "R", 3 ], [ "R", 9 ], [ "R", 9 ], [ "R", 1 ], [ "R", 1 ], [ "R", 1 ], [ "R", 19 ], [ "R", 1 ], [ "R", 19 ], [ "R", 19 ], [ "R", 9 ], [ "R", 9 ], [ "R", 1 ], [ "R", 1 ], [ "R", 1 ], [ "R", 19 ], [ "R", 1 ], [ "R", 19 ], [ "R", 19 ], [ "R", 20 ] ]
    } ]
  },
  "StorageAdministratorController.list" : {
    "t" : [ {
      "id" : 0,
      "a" : [ [ "R", 10 ], [ "R", 10 ], [ "R", 10 ], [ "R", 10 ], [ "R", 10 ], [ "R", 17 ], [ "R", 17 ], [ "R", 17 ], [ "R", 20 ], [ "R", 20 ] ]
    } ]
  },
  "CommentAdministratorController.delete" : {
    "t" : [ {
      "id" : 0,
      "a" : [ [ "R", 5 ], [ "R", 12 ], [ "R", 9 ], [ "R", 9 ], [ "R", 9 ], [ "R", 9 ], [ "R", 1 ], [ "R", 1 ], [ "R", 1 ], [ "R", 19 ], [ "R", 1 ], [ "R", 19 ], [ "R", 19 ], [ "R", 9 ], [ "W", 5 ], [ "R", 5 ], [ "R", 12 ] ]
    } ]
  },
  "OrderClerkController.list" : {
    "t" : [ {
      "id" : 0,
      "a" : [ [ "R", 10 ], [ "R", 10 ], [ "R", 10 ], [ "R", 10 ], [ "R", 10 ], [ "R", 9 ], [ "R", 9 ], [ "R", 1 ], [ "R", 1 ], [ "R", 1 ], [ "R", 19 ], [ "R", 1 ], [ "R", 19 ], [ "R", 19 ], [ "R", 9 ], [ "R", 9 ], [ "R", 1 ], [ "R", 1 ], [ "R", 1 ], [ "R", 19 ], [ "R", 1 ], [ "R", 19 ], [ "R", 19 ], [ "R", 14 ], [ "R", 14 ], [ "R", 14 ], [ "R", 4 ], [ "R", 14 ], [ "R", 14 ], [ "R", 9 ], [ "R", 9 ], [ "R", 4 ], [ "R", 4 ], [ "R", 4 ], [ "R", 19 ], [ "R", 9 ], [ "R", 14 ], [ "R", 14 ], [ "R", 14 ], [ "R", 4 ], [ "R", 14 ] ]
    } ]
  },
  "TaxAdministratorController.edit" : {
    "t" : [ {
      "id" : 0,
      "a" : [ [ "R", 18 ] ]
    } ]
  },
  "ItemController.list" : {
    "t" : [ {
      "id" : 0,
      "a" : [ [ "R", 10 ], [ "R", 12 ], [ "R", 12 ], [ "R", 12 ], [ "R", 12 ], [ "R", 3 ], [ "R", 12 ], [ "R", 12 ], [ "R", 12 ], [ "R", 12 ], [ "R", 12 ], [ "R", 12 ], [ "R", 10 ], [ "R", 10 ], [ "R", 10 ], [ "R", 10 ] ]
    } ]
  },
  "CommentController.save" : {
    "t" : [ {
      "id" : 0,
      "a" : [ [ "R", 5 ], [ "R", 12 ], [ "R", 9 ], [ "R", 9 ], [ "R", 1 ], [ "R", 1 ], [ "R", 1 ], [ "R", 19 ], [ "R", 1 ], [ "R", 19 ], [ "R", 19 ], [ "R", 9 ], [ "R", 9 ], [ "R", 1 ], [ "R", 1 ], [ "R", 1 ], [ "R", 19 ], [ "R", 1 ], [ "R", 19 ], [ "R", 19 ], [ "R", 9 ], [ "R", 9 ], [ "R", 1 ], [ "R", 1 ], [ "R", 1 ], [ "R", 19 ], [ "R", 1 ], [ "R", 19 ], [ "R", 19 ], [ "R", 9 ], [ "R", 9 ], [ "R", 1 ], [ "R", 1 ], [ "R", 1 ], [ "R", 19 ], [ "R", 1 ], [ "W", 5 ], [ "W", 5 ], [ "W", 5 ], [ "R", 5 ], [ "R", 12 ], [ "R", 9 ], [ "R", 5 ], [ "R", 12 ], [ "R", 9 ], [ "R", 9 ], [ "R", 1 ], [ "R", 1 ], [ "R", 1 ], [ "R", 19 ], [ "R", 1 ], [ "R", 19 ], [ "R", 19 ], [ "R", 9 ], [ "R", 9 ], [ "R", 1 ], [ "R", 1 ], [ "R", 1 ], [ "R", 19 ], [ "R", 1 ], [ "R", 19 ], [ "R", 19 ], [ "R", 9 ], [ "R", 9 ], [ "R", 1 ], [ "R", 1 ], [ "R", 1 ], [ "R", 19 ], [ "R", 1 ], [ "R", 19 ], [ "R", 19 ], [ "R", 9 ], [ "R", 9 ], [ "R", 1 ], [ "R", 1 ], [ "R", 1 ], [ "R", 19 ], [ "R", 1 ], [ "W", 5 ], [ "W", 5 ] ]
    } ]
  },
  "FolderActorController.list" : {
    "t" : [ {
      "id" : 0,
      "a" : [ [ "R", 9 ], [ "R", 9 ], [ "R", 1 ], [ "R", 1 ], [ "R", 1 ], [ "R", 19 ], [ "R", 9 ], [ "R", 11 ], [ "R", 11 ], [ "R", 11 ], [ "R", 1 ] ]
    } ]
  },
  "ItemAdministratorController.delete" : {
    "t" : [ {
      "id" : 0,
      "a" : [ [ "R", 9 ], [ "R", 9 ], [ "R", 9 ], [ "R", 1 ], [ "R", 1 ], [ "R", 1 ], [ "R", 19 ], [ "R", 1 ], [ "R", 19 ], [ "R", 19 ], [ "R", 9 ], [ "R", 7 ], [ "R", 7 ], [ "R", 7 ], [ "R", 12 ], [ "W", 12 ], [ "R", 9 ], [ "R", 9 ], [ "R", 1 ], [ "R", 1 ], [ "R", 1 ], [ "R", 19 ], [ "R", 1 ], [ "R", 19 ], [ "R", 19 ], [ "W", 12 ], [ "R", 7 ], [ "R", 16 ], [ "R", 9 ], [ "W", 7 ], [ "R", 9 ], [ "R", 7 ], [ "R", 7 ], [ "R", 7 ], [ "R", 16 ], [ "W", 16 ], [ "W", 7 ], [ "W", 16 ], [ "R", 3 ] ]
    } ]
  },
  "MessageActorController.list" : {
    "t" : [ {
      "id" : 0,
      "a" : [ [ "R", 11 ], [ "R", 11 ], [ "R", 1 ], [ "R", 1 ], [ "R", 19 ], [ "R", 9 ], [ "R", 9 ], [ "R", 9 ], [ "R", 1 ], [ "R", 1 ], [ "R", 1 ], [ "R", 19 ], [ "R", 1 ], [ "R", 19 ], [ "R", 9 ], [ "R", 11 ], [ "R", 1 ], [ "R", 1 ], [ "R", 19 ], [ "R", 9 ], [ "R", 9 ], [ "R", 9 ], [ "R", 1 ], [ "R", 1 ], [ "R", 1 ], [ "R", 19 ], [ "R", 1 ], [ "R", 19 ], [ "R", 9 ], [ "R", 11 ], [ "R", 1 ], [ "R", 9 ], [ "R", 9 ], [ "R", 1 ], [ "R", 1 ], [ "R", 1 ], [ "R", 19 ], [ "R", 9 ], [ "R", 9 ], [ "R", 9 ], [ "R", 9 ], [ "R", 13 ], [ "R", 13 ], [ "R", 11 ], [ "R", 13 ], [ "R", 13 ], [ "R", 11 ] ]
    } ]
  },
  "WarehouseAdministratorController.create" : {
    "t" : [ {
      "id" : 0,
      "a" : [ [ "W", 20 ], [ "W", 17 ] ]
    } ]
  },
  "AboutUsController.aboutUs" : {
    "t" : [ {
      "id" : 0,
      "a" : [ [ "R", 8 ] ]
    } ]
  },
  "StorageAdministratorController.edit" : {
    "t" : [ {
      "id" : 0,
      "a" : [ [ "R", 17 ], [ "R", 12 ], [ "R", 12 ], [ "R", 12 ], [ "R", 12 ], [ "R", 3 ], [ "R", 9 ], [ "R", 9 ], [ "R", 1 ], [ "R", 1 ], [ "R", 1 ], [ "R", 19 ], [ "R", 1 ], [ "R", 19 ], [ "R", 19 ], [ "R", 9 ], [ "R", 9 ], [ "R", 1 ], [ "R", 1 ], [ "R", 1 ], [ "R", 19 ], [ "R", 1 ], [ "R", 19 ], [ "R", 19 ], [ "R", 20 ] ]
    } ]
  },
  "TaxAdministratorController.save" : {
    "t" : [ {
      "id" : 0,
      "a" : [ [ "W", 18 ] ]
    } ]
  },
  "ContentConsumerController.list" : {
    "t" : [ {
      "id" : 0,
      "a" : [ [ "R", 10 ], [ "R", 10 ], [ "R", 10 ], [ "R", 10 ], [ "R", 10 ], [ "R", 16 ], [ "R", 16 ], [ "R", 6 ], [ "R", 9 ], [ "R", 9 ], [ "R", 6 ], [ "R", 6 ], [ "R", 6 ], [ "R", 19 ], [ "R", 9 ], [ "R", 9 ], [ "R", 9 ], [ "R", 16 ], [ "R", 6 ], [ "R", 9 ], [ "R", 9 ], [ "R", 6 ], [ "R", 6 ], [ "R", 6 ], [ "R", 19 ], [ "R", 9 ], [ "R", 9 ], [ "R", 9 ], [ "R", 7 ], [ "R", 7 ], [ "R", 7 ], [ "R", 16 ] ]
    } ]
  },
  "WarehouseAdministratorController.save" : {
    "t" : [ {
      "id" : 0,
      "a" : [ [ "R", 9 ], [ "R", 9 ], [ "R", 1 ], [ "R", 1 ], [ "R", 1 ], [ "R", 19 ], [ "R", 1 ], [ "R", 19 ], [ "R", 19 ], [ "R", 9 ], [ "R", 9 ], [ "R", 1 ], [ "R", 1 ], [ "R", 1 ], [ "R", 19 ], [ "R", 1 ], [ "R", 19 ], [ "R", 19 ], [ "W", 20 ] ]
    } ]
  },
  "TaxAdministratorController.delete" : {
    "t" : [ {
      "id" : 0,
      "a" : [ [ "R", 9 ], [ "R", 9 ], [ "R", 12 ], [ "R", 12 ], [ "R", 12 ], [ "R", 3 ], [ "R", 18 ], [ "W", 18 ] ]
    } ]
  },
  "WarehouseAdministratorController.edit" : {
    "t" : [ {
      "id" : 0,
      "a" : [ [ "R", 20 ] ]
    } ]
  },
  "ItemConsumerController.add" : {
    "t" : [ {
      "id" : 0,
      "a" : [ [ "R", 9 ], [ "R", 9 ], [ "R", 6 ], [ "R", 6 ], [ "R", 6 ], [ "R", 19 ], [ "R", 9 ], [ "R", 16 ], [ "R", 16 ], [ "R", 16 ], [ "R", 6 ], [ "R", 12 ], [ "R", 9 ], [ "R", 9 ], [ "R", 6 ], [ "R", 6 ], [ "R", 6 ], [ "R", 19 ], [ "R", 16 ], [ "R", 6 ], [ "R", 9 ], [ "R", 9 ], [ "R", 9 ], [ "R", 9 ], [ "R", 9 ], [ "R", 6 ], [ "R", 6 ], [ "R", 6 ], [ "R", 19 ], [ "R", 16 ], [ "R", 6 ], [ "R", 9 ], [ "R", 9 ], [ "R", 9 ], [ "R", 9 ], [ "R", 9 ], [ "R", 9 ], [ "R", 9 ], [ "R", 6 ], [ "R", 6 ], [ "R", 6 ], [ "R", 19 ], [ "R", 16 ], [ "R", 6 ], [ "R", 9 ], [ "R", 9 ], [ "R", 9 ], [ "R", 9 ], [ "R", 9 ], [ "R", 7 ], [ "R", 7 ], [ "R", 7 ], [ "R", 16 ], [ "R", 7 ], [ "R", 12 ], [ "R", 7 ], [ "R", 9 ], [ "R", 9 ], [ "R", 6 ], [ "R", 6 ], [ "R", 6 ], [ "R", 19 ], [ "R", 16 ], [ "R", 6 ], [ "R", 9 ], [ "R", 9 ], [ "R", 9 ], [ "R", 9 ], [ "R", 9 ], [ "R", 9 ], [ "R", 9 ], [ "R", 9 ], [ "R", 9 ], [ "R", 6 ], [ "R", 6 ], [ "R", 6 ], [ "R", 19 ], [ "R", 16 ], [ "R", 6 ], [ "R", 9 ], [ "R", 9 ], [ "R", 9 ], [ "R", 9 ], [ "R", 9 ], [ "R", 7 ], [ "R", 7 ], [ "R", 7 ], [ "R", 16 ], [ "R", 7 ], [ "R", 12 ], [ "W", 7 ], [ "W", 7 ], [ "W", 16 ], [ "W", 7 ], [ "W", 12 ], [ "W", 7 ], [ "R", 7 ], [ "R", 16 ], [ "R", 16 ], [ "R", 6 ], [ "R", 9 ], [ "R", 9 ], [ "R", 6 ], [ "R", 6 ], [ "R", 6 ], [ "R", 19 ], [ "R", 9 ], [ "R", 9 ], [ "R", 9 ], [ "R", 7 ], [ "R", 7 ], [ "R", 16 ], [ "R", 9 ], [ "W", 7 ], [ "R", 9 ], [ "R", 7 ], [ "R", 7 ], [ "R", 7 ], [ "R", 16 ], [ "W", 16 ], [ "W", 7 ], [ "W", 16 ], [ "W", 7 ] ]
    } ]
  },
  "StorageAdministratorController.save" : {
    "t" : [ {
      "id" : 0,
      "a" : [ [ "R", 12 ], [ "R", 12 ], [ "R", 12 ], [ "R", 12 ], [ "R", 3 ], [ "R", 9 ], [ "R", 9 ], [ "R", 1 ], [ "R", 1 ], [ "R", 1 ], [ "R", 19 ], [ "R", 1 ], [ "R", 19 ], [ "R", 19 ], [ "R", 9 ], [ "R", 9 ], [ "R", 1 ], [ "R", 1 ], [ "R", 1 ], [ "R", 19 ], [ "R", 1 ], [ "R", 19 ], [ "R", 19 ], [ "R", 20 ], [ "R", 17 ], [ "R", 20 ], [ "R", 17 ], [ "R", 12 ], [ "R", 17 ], [ "R", 9 ], [ "R", 9 ], [ "R", 9 ], [ "R", 9 ], [ "R", 17 ], [ "R", 17 ], [ "R", 17 ], [ "R", 20 ], [ "R", 17 ], [ "R", 12 ], [ "W", 17 ], [ "W", 20 ], [ "W", 17 ], [ "W", 12 ], [ "W", 17 ], [ "R", 17 ], [ "R", 9 ], [ "W", 17 ], [ "W", 17 ], [ "R", 17 ], [ "R", 20 ], [ "R", 9 ], [ "R", 12 ], [ "R", 12 ], [ "R", 12 ], [ "R", 12 ], [ "R", 3 ], [ "R", 9 ], [ "R", 9 ], [ "R", 1 ], [ "R", 1 ], [ "R", 1 ], [ "R", 19 ], [ "R", 1 ], [ "R", 19 ], [ "R", 19 ], [ "R", 9 ], [ "R", 9 ], [ "R", 1 ], [ "R", 1 ], [ "R", 1 ], [ "R", 19 ], [ "R", 1 ], [ "R", 19 ], [ "R", 19 ], [ "R", 20 ] ]
    } ]
  },
  "OrderConsumerController.cancel" : {
    "t" : [ {
      "id" : 0,
      "a" : [ [ "R", 14 ], [ "R", 14 ], [ "R", 6 ], [ "R", 9 ], [ "R", 9 ], [ "R", 6 ], [ "R", 6 ], [ "R", 6 ], [ "R", 19 ], [ "R", 9 ], [ "R", 9 ], [ "R", 9 ], [ "R", 9 ], [ "R", 14 ], [ "R", 6 ], [ "R", 9 ], [ "R", 9 ], [ "R", 6 ], [ "R", 6 ], [ "R", 6 ], [ "R", 19 ], [ "R", 9 ], [ "R", 9 ], [ "R", 9 ], [ "R", 14 ], [ "R", 9 ], [ "R", 14 ], [ "R", 14 ], [ "R", 4 ], [ "R", 14 ], [ "W", 14 ], [ "W", 14 ] ]
    } ]
  },
  "ContentConsumerController.delete" : {
    "t" : [ {
      "id" : 0,
      "a" : [ [ "R", 7 ], [ "R", 16 ], [ "R", 16 ], [ "R", 6 ], [ "R", 9 ], [ "R", 9 ], [ "R", 6 ], [ "R", 6 ], [ "R", 6 ], [ "R", 19 ], [ "R", 9 ], [ "R", 9 ], [ "R", 9 ], [ "R", 7 ], [ "R", 16 ], [ "R", 9 ], [ "W", 7 ], [ "R", 9 ], [ "R", 7 ], [ "R", 7 ], [ "R", 7 ], [ "R", 16 ], [ "W", 16 ], [ "W", 7 ], [ "W", 16 ], [ "R", 7 ], [ "R", 16 ], [ "R", 9 ], [ "R", 7 ], [ "R", 12 ] ]
    } ]
  },
  "CategoryAdministratorController.delete" : {
    "t" : [ {
      "id" : 0,
      "a" : [ [ "R", 9 ], [ "R", 9 ], [ "R", 1 ], [ "R", 1 ], [ "R", 1 ], [ "R", 19 ], [ "R", 1 ], [ "R", 19 ], [ "R", 19 ], [ "R", 9 ], [ "R", 12 ], [ "R", 12 ], [ "R", 12 ], [ "R", 3 ], [ "W", 3 ], [ "R", 18 ] ]
    } ]
  },
  "FolderActorController.delete" : {
    "t" : [ {
      "id" : 0,
      "a" : [ [ "R", 11 ], [ "R", 1 ], [ "R", 1 ], [ "R", 19 ], [ "R", 9 ], [ "R", 9 ], [ "R", 9 ], [ "R", 1 ], [ "R", 1 ], [ "R", 1 ], [ "R", 19 ], [ "R", 1 ], [ "R", 19 ], [ "R", 9 ], [ "R", 9 ], [ "R", 11 ], [ "R", 1 ], [ "R", 9 ], [ "R", 9 ], [ "R", 1 ], [ "R", 1 ], [ "R", 1 ], [ "R", 19 ], [ "R", 9 ], [ "R", 9 ], [ "R", 9 ], [ "R", 11 ], [ "W", 11 ] ]
    } ]
  },
  "ShoppingCartConsumerController.save" : {
    "t" : [ {
      "id" : 0,
      "a" : [ [ "R", 16 ], [ "R", 6 ], [ "R", 9 ], [ "R", 9 ], [ "R", 6 ], [ "R", 6 ], [ "R", 6 ], [ "R", 19 ], [ "R", 9 ], [ "R", 9 ], [ "R", 9 ], [ "W", 16 ] ]
    } ]
  },
  "CategoryAdministratorController.edit" : {
    "t" : [ {
      "id" : 0,
      "a" : [ [ "R", 3 ], [ "R", 18 ] ]
    } ]
  },
  "ShoppingCartConsumerController.edit" : {
    "t" : [ {
      "id" : 0,
      "a" : [ [ "R", 16 ], [ "R", 16 ], [ "R", 6 ], [ "R", 9 ], [ "R", 9 ], [ "R", 6 ], [ "R", 6 ], [ "R", 6 ], [ "R", 19 ], [ "R", 9 ], [ "R", 9 ], [ "R", 9 ] ]
    } ]
  },
  "CategoryAdministratorController.save" : {
    "t" : [ {
      "id" : 0,
      "a" : [ [ "R", 18 ], [ "R", 9 ], [ "R", 9 ], [ "R", 1 ], [ "R", 1 ], [ "R", 1 ], [ "R", 19 ], [ "R", 1 ], [ "R", 19 ], [ "R", 19 ], [ "W", 3 ], [ "R", 18 ] ]
    } ]
  },
  "MessageActorController.create" : {
    "t" : [ {
      "id" : 0,
      "a" : [ [ "W", 13 ], [ "W", 11 ], [ "W", 13 ], [ "W", 1 ], [ "R", 9 ], [ "R", 9 ], [ "R", 1 ], [ "R", 1 ], [ "R", 1 ], [ "R", 19 ], [ "W", 13 ], [ "W", 1 ], [ "W", 13 ], [ "R", 9 ], [ "R", 9 ], [ "R", 1 ], [ "R", 1 ], [ "R", 1 ], [ "R", 19 ], [ "W", 13 ], [ "W", 1 ], [ "R", 1 ] ]
    } ]
  },
  "ItemAdministratorController.list" : {
    "t" : [ {
      "id" : 0,
      "a" : [ [ "R", 10 ], [ "R", 12 ], [ "R", 12 ], [ "R", 12 ], [ "R", 12 ], [ "R", 3 ], [ "R", 12 ], [ "R", 12 ], [ "R", 12 ], [ "R", 12 ], [ "R", 12 ], [ "R", 12 ], [ "R", 10 ], [ "R", 10 ], [ "R", 10 ], [ "R", 10 ] ]
    } ]
  },
  "DashboardAdministratorController.list" : {
    "t" : [ {
      "id" : 0,
      "a" : [ [ "R", 9 ], [ "R", 9 ], [ "R", 1 ], [ "R", 1 ], [ "R", 1 ], [ "R", 19 ], [ "R", 1 ], [ "R", 19 ], [ "R", 19 ], [ "R", 6 ], [ "R", 6 ], [ "R", 14 ], [ "R", 6 ], [ "R", 6 ], [ "R", 6 ], [ "R", 14 ], [ "R", 6 ], [ "R", 6 ], [ "R", 14 ], [ "R", 9 ], [ "R", 9 ], [ "R", 1 ], [ "R", 1 ], [ "R", 1 ], [ "R", 19 ], [ "R", 1 ], [ "R", 19 ], [ "R", 19 ], [ "R", 6 ], [ "R", 6 ], [ "R", 14 ], [ "R", 6 ], [ "R", 14 ], [ "R", 6 ], [ "R", 14 ], [ "R", 14 ], [ "R", 14 ], [ "R", 12 ], [ "R", 12 ], [ "R", 12 ], [ "R", 12 ], [ "R", 15 ], [ "R", 15 ], [ "R", 15 ], [ "R", 15 ], [ "R", 15 ], [ "R", 15 ], [ "R", 15 ], [ "R", 15 ], [ "R", 12 ], [ "R", 12 ], [ "R", 12 ], [ "R", 12 ], [ "R", 12 ], [ "R", 12 ], [ "R", 12 ], [ "R", 15 ], [ "R", 15 ], [ "R", 15 ], [ "R", 15 ], [ "R", 15 ], [ "R", 15 ], [ "R", 15 ], [ "R", 15 ], [ "R", 12 ], [ "R", 12 ], [ "R", 12 ], [ "R", 9 ], [ "R", 9 ], [ "R", 1 ], [ "R", 1 ], [ "R", 1 ], [ "R", 19 ], [ "R", 1 ], [ "R", 19 ], [ "R", 19 ], [ "R", 14 ], [ "R", 14 ], [ "R", 4 ], [ "R", 14 ], [ "R", 4 ], [ "R", 14 ], [ "R", 14 ], [ "R", 4 ], [ "R", 14 ], [ "R", 4 ], [ "R", 4 ], [ "R", 14 ], [ "R", 4 ], [ "R", 14 ], [ "R", 4 ], [ "R", 14 ], [ "R", 4 ], [ "R", 9 ], [ "R", 9 ], [ "R", 1 ], [ "R", 1 ], [ "R", 1 ], [ "R", 19 ], [ "R", 1 ], [ "R", 19 ], [ "R", 19 ], [ "R", 14 ], [ "R", 14 ], [ "R", 4 ], [ "R", 14 ], [ "R", 4 ], [ "R", 14 ], [ "R", 14 ], [ "R", 4 ], [ "R", 14 ], [ "R", 4 ], [ "R", 4 ], [ "R", 14 ], [ "R", 4 ], [ "R", 14 ], [ "R", 4 ], [ "R", 14 ], [ "R", 4 ], [ "R", 9 ], [ "R", 9 ], [ "R", 1 ], [ "R", 1 ], [ "R", 1 ], [ "R", 19 ], [ "R", 1 ], [ "R", 19 ], [ "R", 19 ], [ "R", 14 ], [ "R", 14 ], [ "R", 6 ], [ "R", 14 ], [ "R", 6 ], [ "R", 14 ], [ "R", 14 ], [ "R", 6 ], [ "R", 14 ], [ "R", 6 ], [ "R", 6 ], [ "R", 14 ], [ "R", 6 ], [ "R", 14 ], [ "R", 6 ], [ "R", 14 ], [ "R", 6 ], [ "R", 9 ], [ "R", 9 ], [ "R", 1 ], [ "R", 1 ], [ "R", 1 ], [ "R", 19 ], [ "R", 1 ], [ "R", 19 ], [ "R", 19 ], [ "R", 14 ], [ "R", 14 ], [ "R", 6 ], [ "R", 14 ], [ "R", 6 ], [ "R", 14 ], [ "R", 14 ], [ "R", 6 ], [ "R", 14 ], [ "R", 6 ], [ "R", 6 ], [ "R", 14 ], [ "R", 6 ], [ "R", 14 ], [ "R", 6 ], [ "R", 14 ], [ "R", 6 ], [ "R", 9 ], [ "R", 9 ], [ "R", 1 ], [ "R", 1 ], [ "R", 1 ], [ "R", 19 ], [ "R", 1 ], [ "R", 19 ], [ "R", 19 ], [ "R", 9 ], [ "R", 9 ], [ "R", 1 ], [ "R", 1 ], [ "R", 1 ], [ "R", 19 ], [ "R", 1 ], [ "R", 19 ], [ "R", 19 ], [ "R", 14 ], [ "R", 14 ], [ "R", 14 ], [ "R", 14 ], [ "R", 14 ], [ "R", 14 ], [ "R", 14 ], [ "R", 14 ], [ "R", 12 ], [ "R", 12 ], [ "R", 12 ], [ "R", 12 ], [ "R", 5 ], [ "R", 12 ], [ "R", 12 ], [ "R", 5 ], [ "R", 12 ], [ "R", 12 ] ]
    } ]
  },
  "ItemClerkController.list" : {
    "t" : [ {
      "id" : 0,
      "a" : [ [ "R", 10 ], [ "R", 12 ], [ "R", 12 ], [ "R", 12 ], [ "R", 12 ], [ "R", 3 ], [ "R", 12 ], [ "R", 12 ], [ "R", 12 ], [ "R", 12 ], [ "R", 12 ], [ "R", 12 ], [ "R", 10 ], [ "R", 10 ], [ "R", 10 ], [ "R", 10 ] ]
    } ]
  },
  "TaxAdministratorController.list" : {
    "t" : [ {
      "id" : 0,
      "a" : [ [ "R", 18 ] ]
    } ]
  },
  "WelcomeController.index" : {
    "t" : [ {
      "id" : 0,
      "a" : [ [ "R", 10 ], [ "R", 8 ], [ "R", 10 ], [ "R", 10 ], [ "R", 10 ], [ "R", 10 ], [ "R", 12 ], [ "R", 12 ], [ "R", 12 ], [ "R", 12 ], [ "R", 15 ], [ "R", 15 ], [ "R", 15 ], [ "R", 15 ], [ "R", 15 ], [ "R", 15 ], [ "R", 15 ], [ "R", 15 ], [ "R", 12 ], [ "R", 12 ], [ "R", 12 ], [ "R", 8 ], [ "R", 8 ], [ "R", 8 ], [ "R", 8 ], [ "R", 8 ], [ "R", 9 ] ]
    } ]
  },
  "MessageActorController.save" : {
    "t" : [ {
      "id" : 0,
      "a" : [ [ "R", 13 ], [ "R", 1 ], [ "R", 1 ], [ "R", 19 ], [ "R", 9 ], [ "R", 9 ], [ "R", 9 ], [ "R", 1 ], [ "R", 1 ], [ "R", 1 ], [ "R", 19 ], [ "R", 1 ], [ "R", 19 ], [ "R", 9 ], [ "R", 1 ], [ "R", 13 ], [ "R", 1 ], [ "R", 9 ], [ "R", 9 ], [ "R", 1 ], [ "R", 1 ], [ "R", 1 ], [ "R", 19 ], [ "R", 9 ], [ "R", 9 ], [ "R", 9 ], [ "W", 13 ], [ "W", 13 ], [ "R", 13 ], [ "R", 1 ], [ "R", 1 ], [ "R", 11 ], [ "R", 11 ], [ "R", 11 ], [ "R", 11 ], [ "R", 13 ], [ "W", 11 ], [ "R", 13 ], [ "R", 1 ], [ "R", 1 ], [ "R", 11 ], [ "R", 11 ], [ "R", 11 ], [ "R", 11 ], [ "R", 13 ], [ "W", 11 ], [ "R", 1 ] ]
    } ]
  },
  "OrderItemClerkController.create" : {
    "t" : [ {
      "id" : 0,
      "a" : [ [ "R", 15 ], [ "R", 15 ], [ "R", 15 ], [ "R", 15 ], [ "R", 14 ], [ "R", 9 ], [ "R", 15 ], [ "R", 14 ], [ "R", 9 ], [ "R", 14 ], [ "R", 15 ], [ "R", 12 ], [ "R", 12 ], [ "R", 12 ] ]
    } ]
  },
  "ContentConsumerController.edit" : {
    "t" : [ {
      "id" : 0,
      "a" : [ [ "R", 7 ], [ "R", 7 ], [ "R", 16 ], [ "R", 16 ], [ "R", 6 ], [ "R", 9 ], [ "R", 9 ], [ "R", 6 ], [ "R", 6 ], [ "R", 6 ], [ "R", 19 ], [ "R", 9 ], [ "R", 9 ], [ "R", 9 ], [ "R", 7 ], [ "R", 12 ] ]
    } ]
  },
  "ContentConsumerController.save" : {
    "t" : [ {
      "id" : 0,
      "a" : [ [ "R", 7 ], [ "R", 12 ], [ "R", 7 ], [ "R", 16 ], [ "R", 16 ], [ "R", 6 ], [ "R", 9 ], [ "R", 9 ], [ "R", 6 ], [ "R", 6 ], [ "R", 6 ], [ "R", 19 ], [ "R", 9 ], [ "R", 9 ], [ "R", 9 ], [ "R", 7 ], [ "R", 7 ], [ "R", 16 ], [ "R", 9 ], [ "W", 7 ], [ "R", 9 ], [ "R", 7 ], [ "R", 7 ], [ "R", 7 ], [ "R", 16 ], [ "W", 16 ], [ "W", 7 ], [ "W", 16 ], [ "W", 7 ], [ "R", 7 ], [ "R", 16 ], [ "R", 9 ], [ "R", 7 ], [ "R", 12 ] ]
    } ]
  },
  "ItemAdministratorController.edit" : {
    "t" : [ {
      "id" : 0,
      "a" : [ [ "R", 12 ], [ "R", 3 ] ]
    } ]
  },
  "WarehouseClerkController.list" : {
    "t" : [ {
      "id" : 0,
      "a" : [ [ "R", 9 ], [ "R", 9 ], [ "R", 1 ], [ "R", 1 ], [ "R", 1 ], [ "R", 19 ], [ "R", 1 ], [ "R", 19 ], [ "R", 19 ], [ "R", 9 ], [ "R", 9 ], [ "R", 1 ], [ "R", 1 ], [ "R", 1 ], [ "R", 19 ], [ "R", 1 ], [ "R", 19 ], [ "R", 19 ], [ "R", 20 ] ]
    } ]
  },
  "MessageActorController.addFolder" : {
    "t" : [ {
      "id" : 0,
      "a" : [ [ "R", 13 ], [ "R", 9 ], [ "R", 9 ], [ "R", 1 ], [ "R", 1 ], [ "R", 1 ], [ "R", 19 ], [ "R", 1 ], [ "R", 19 ], [ "R", 9 ], [ "R", 13 ], [ "R", 1 ], [ "R", 1 ], [ "R", 19 ], [ "R", 9 ], [ "R", 13 ], [ "R", 1 ], [ "R", 1 ], [ "R", 19 ], [ "R", 9 ], [ "R", 9 ], [ "R", 9 ], [ "R", 1 ], [ "R", 1 ], [ "R", 1 ], [ "R", 19 ], [ "R", 9 ], [ "R", 11 ], [ "R", 11 ], [ "R", 11 ], [ "R", 1 ] ]
    } ]
  },
  "ShoppingCartConsumerController.list" : {
    "t" : [ {
      "id" : 0,
      "a" : [ [ "R", 9 ], [ "R", 9 ], [ "R", 6 ], [ "R", 6 ], [ "R", 6 ], [ "R", 19 ], [ "R", 9 ], [ "R", 16 ], [ "R", 16 ], [ "R", 16 ], [ "R", 6 ] ]
    } ]
  },
  "OrderClerkController.assign" : {
    "t" : [ {
      "id" : 0,
      "a" : [ [ "R", 14 ], [ "R", 9 ], [ "R", 9 ], [ "R", 4 ], [ "R", 4 ], [ "R", 4 ], [ "R", 19 ], [ "R", 9 ], [ "R", 9 ], [ "R", 14 ], [ "R", 4 ], [ "W", 14 ], [ "W", 4 ], [ "W", 14 ] ]
    } ]
  },
  "FolderActorController.edit" : {
    "t" : [ {
      "id" : 0,
      "a" : [ [ "R", 11 ], [ "R", 11 ], [ "R", 1 ], [ "R", 1 ], [ "R", 19 ], [ "R", 9 ], [ "R", 9 ], [ "R", 9 ], [ "R", 1 ], [ "R", 1 ], [ "R", 1 ], [ "R", 19 ], [ "R", 1 ], [ "R", 19 ], [ "R", 9 ], [ "R", 11 ], [ "R", 1 ], [ "R", 1 ], [ "R", 19 ], [ "R", 9 ], [ "R", 9 ], [ "R", 9 ], [ "R", 1 ], [ "R", 1 ], [ "R", 1 ], [ "R", 19 ], [ "R", 1 ], [ "R", 19 ], [ "R", 9 ] ]
    } ]
  },
  "CategoryAdministratorController.list" : {
    "t" : [ {
      "id" : 0,
      "a" : [ [ "R", 3 ] ]
    } ]
  },
  "ItemAdministratorController.save" : {
    "t" : [ {
      "id" : 0,
      "a" : [ [ "R", 3 ], [ "R", 9 ], [ "R", 9 ], [ "R", 1 ], [ "R", 1 ], [ "R", 1 ], [ "R", 19 ], [ "R", 1 ], [ "R", 19 ], [ "R", 19 ], [ "W", 12 ], [ "R", 3 ] ]
    } ]
  },
  "OrderConsumerController.list" : {
    "t" : [ {
      "id" : 0,
      "a" : [ [ "R", 10 ], [ "R", 10 ], [ "R", 10 ], [ "R", 10 ], [ "R", 10 ], [ "R", 9 ], [ "R", 9 ], [ "R", 6 ], [ "R", 6 ], [ "R", 6 ], [ "R", 19 ], [ "R", 9 ], [ "R", 14 ], [ "R", 14 ], [ "R", 14 ], [ "R", 6 ], [ "R", 14 ] ]
    } ]
  },
  "ClerkAdministratorController.create" : {
    "t" : [ {
      "id" : 0,
      "a" : [ [ "R", 9 ], [ "R", 9 ], [ "R", 1 ], [ "R", 1 ], [ "R", 1 ], [ "R", 19 ], [ "R", 1 ], [ "R", 19 ], [ "R", 19 ], [ "W", 19 ], [ "W", 19 ], [ "W", 1 ], [ "W", 19 ] ]
    } ]
  },
  "RegisterController.create" : {
    "t" : [ {
      "id" : 0,
      "a" : [ [ "W", 19 ], [ "W", 19 ], [ "W", 1 ], [ "W", 19 ] ]
    } ]
  },
  "FolderActorController.create" : {
    "t" : [ {
      "id" : 0,
      "a" : [ [ "W", 11 ], [ "W", 13 ], [ "R", 9 ], [ "R", 9 ], [ "R", 1 ], [ "R", 1 ], [ "R", 1 ], [ "R", 19 ], [ "W", 11 ], [ "W", 1 ] ]
    } ]
  },
  "RegisterController.save" : {
    "t" : [ {
      "id" : 0,
      "a" : [ [ "R", 1 ], [ "R", 19 ], [ "R", 19 ], [ "R", 9 ], [ "R", 1 ], [ "R", 19 ], [ "R", 19 ], [ "W", 19 ], [ "W", 1 ], [ "W", 19 ], [ "W", 11 ], [ "W", 13 ], [ "W", 11 ], [ "W", 11 ], [ "W", 11 ], [ "W", 1 ], [ "W", 1 ], [ "W", 11 ], [ "W", 1 ], [ "W", 11 ], [ "W", 1 ], [ "W", 13 ], [ "W", 1 ], [ "W", 13 ], [ "W", 6 ], [ "W", 14 ], [ "W", 16 ], [ "W", 6 ], [ "W", 16 ], [ "W", 7 ], [ "W", 6 ], [ "W", 16 ], [ "W", 6 ], [ "R", 9 ], [ "W", 11 ], [ "W", 13 ], [ "W", 11 ], [ "W", 11 ], [ "W", 11 ], [ "W", 1 ], [ "W", 1 ], [ "W", 11 ], [ "W", 11 ] ]
    } ]
  },
  "OrderItemClerkController.list" : {
    "t" : [ {
      "id" : 0,
      "a" : [ [ "R", 10 ], [ "R", 10 ], [ "R", 10 ], [ "R", 10 ], [ "R", 10 ], [ "R", 14 ], [ "R", 15 ], [ "R", 15 ], [ "R", 15 ], [ "R", 14 ] ]
    } ]
  },
  "OrderAdministratorController.list" : {
    "t" : [ {
      "id" : 0,
      "a" : [ [ "R", 10 ], [ "R", 10 ], [ "R", 10 ], [ "R", 10 ], [ "R", 10 ], [ "R", 9 ], [ "R", 9 ], [ "R", 1 ], [ "R", 1 ], [ "R", 1 ], [ "R", 19 ], [ "R", 1 ], [ "R", 19 ], [ "R", 19 ], [ "R", 9 ], [ "R", 9 ], [ "R", 1 ], [ "R", 1 ], [ "R", 1 ], [ "R", 19 ], [ "R", 1 ], [ "R", 19 ], [ "R", 19 ], [ "R", 14 ] ]
    } ]
  },
  "OrderConsumerController.create" : {
    "t" : [ {
      "id" : 0,
      "a" : [ [ "R", 10 ], [ "R", 10 ], [ "R", 10 ], [ "R", 10 ], [ "R", 10 ], [ "R", 9 ], [ "R", 9 ], [ "R", 1 ], [ "R", 1 ], [ "R", 1 ], [ "R", 19 ], [ "R", 1 ], [ "R", 19 ], [ "R", 19 ], [ "R", 9 ], [ "R", 9 ], [ "R", 6 ], [ "R", 6 ], [ "R", 6 ], [ "R", 19 ], [ "R", 9 ], [ "R", 16 ], [ "R", 16 ], [ "R", 16 ], [ "R", 6 ], [ "R", 9 ], [ "R", 9 ], [ "R", 14 ], [ "R", 14 ], [ "R", 14 ], [ "W", 14 ], [ "W", 14 ], [ "R", 9 ], [ "R", 9 ], [ "R", 6 ], [ "R", 6 ], [ "R", 6 ], [ "R", 19 ], [ "R", 16 ], [ "R", 6 ], [ "R", 9 ], [ "R", 9 ], [ "R", 9 ], [ "R", 9 ], [ "R", 16 ], [ "R", 16 ], [ "R", 7 ], [ "R", 16 ], [ "R", 7 ], [ "R", 12 ], [ "R", 16 ], [ "R", 7 ], [ "R", 12 ], [ "R", 16 ], [ "R", 9 ], [ "R", 9 ], [ "R", 6 ], [ "R", 6 ], [ "R", 6 ], [ "R", 19 ], [ "R", 16 ], [ "R", 6 ], [ "R", 9 ], [ "R", 9 ], [ "R", 9 ], [ "R", 9 ], [ "R", 9 ], [ "R", 9 ], [ "R", 9 ], [ "R", 6 ], [ "R", 6 ], [ "R", 6 ], [ "R", 19 ], [ "R", 16 ], [ "R", 6 ], [ "R", 9 ], [ "R", 9 ], [ "R", 9 ], [ "R", 9 ], [ "R", 9 ], [ "R", 7 ], [ "R", 7 ], [ "R", 7 ], [ "R", 16 ], [ "R", 7 ], [ "R", 12 ], [ "R", 7 ], [ "R", 9 ], [ "R", 12 ], [ "R", 12 ], [ "R", 3 ], [ "R", 12 ], [ "R", 9 ], [ "R", 3 ], [ "R", 3 ], [ "R", 18 ], [ "R", 3 ], [ "R", 12 ], [ "W", 15 ], [ "R", 12 ], [ "W", 15 ], [ "R", 12 ], [ "W", 15 ], [ "R", 12 ], [ "W", 15 ], [ "R", 12 ], [ "W", 15 ], [ "R", 12 ], [ "W", 15 ], [ "R", 18 ], [ "W", 15 ], [ "R", 3 ], [ "W", 15 ], [ "W", 15 ], [ "W", 15 ], [ "W", 14 ], [ "W", 14 ], [ "W", 15 ], [ "R", 15 ], [ "R", 15 ], [ "W", 14 ], [ "W", 14 ], [ "W", 6 ] ]
    } ]
  },
  "ItemAdministratorController.create" : {
    "t" : [ {
      "id" : 0,
      "a" : [ [ "W", 12 ], [ "R", 3 ] ]
    } ]
  }
}