{
  "EventManagerController.create" : {
    "t" : [ {
      "id" : 0,
      "a" : [ [ "R", 11 ], [ "R", 11 ], [ "R", 1 ], [ "R", 1 ], [ "R", 1 ], [ "R", 17 ], [ "R", 11 ], [ "R", 9 ], [ "R", 9 ], [ "R", 9 ], [ "R", 10 ], [ "R", 9 ], [ "R", 9 ], [ "R", 9 ], [ "R", 9 ] ]
    } ]
  },
  "EventController.list" : {
    "t" : [ {
      "id" : 0,
      "a" : [ [ "R", 15 ], [ "R", 15 ], [ "R", 12 ], [ "R", 15 ], [ "R", 12 ], [ "R", 15 ], [ "R", 12 ], [ "R", 15 ], [ "R", 15 ], [ "R", 12 ], [ "R", 15 ], [ "R", 12 ], [ "R", 15 ], [ "R", 12 ], [ "R", 15 ], [ "R", 15 ], [ "R", 15 ], [ "R", 12 ], [ "R", 15 ], [ "R", 12 ], [ "R", 15 ], [ "R", 12 ], [ "R", 15 ], [ "R", 15 ], [ "R", 12 ], [ "R", 15 ], [ "R", 12 ], [ "R", 15 ], [ "R", 12 ], [ "R", 15 ], [ "R", 15 ], [ "R", 12 ], [ "R", 15 ], [ "R", 12 ], [ "R", 15 ], [ "R", 12 ], [ "R", 15 ], [ "R", 15 ], [ "R", 15 ], [ "R", 12 ], [ "R", 15 ], [ "R", 12 ], [ "R", 15 ], [ "R", 12 ], [ "R", 15 ], [ "R", 12 ], [ "R", 15 ] ]
    } ]
  },
  "EventController.view" : {
    "t" : [ {
      "id" : 0,
      "a" : [ [ "R", 12 ], [ "R", 12 ], [ "R", 11 ], [ "R", 15 ], [ "R", 15 ], [ "R", 15 ], [ "R", 12 ], [ "R", 12 ], [ "R", 11 ], [ "R", 11 ], [ "R", 6 ], [ "R", 6 ], [ "R", 6 ], [ "R", 17 ], [ "R", 11 ], [ "R", 11 ], [ "R", 6 ], [ "R", 6 ], [ "R", 6 ], [ "R", 17 ], [ "R", 11 ], [ "R", 11 ], [ "R", 15 ], [ "R", 15 ], [ "R", 15 ], [ "R", 12 ], [ "R", 15 ], [ "R", 6 ], [ "R", 15 ], [ "R", 15 ], [ "R", 6 ], [ "R", 15 ], [ "R", 12 ], [ "R", 12 ] ]
    } ]
  },
  "ChirpCustomerController.forward" : {
    "t" : [ {
      "id" : 0,
      "a" : [ [ "R", 5 ], [ "R", 5 ], [ "R", 10 ], [ "R", 5 ], [ "R", 10 ], [ "R", 5 ], [ "R", 10 ], [ "R", 11 ], [ "R", 11 ], [ "R", 1 ], [ "R", 1 ], [ "R", 1 ], [ "R", 17 ], [ "R", 11 ], [ "R", 11 ], [ "R", 11 ], [ "R", 5 ], [ "R", 5 ], [ "R", 10 ], [ "R", 5 ], [ "R", 10 ], [ "R", 5 ], [ "R", 10 ], [ "R", 11 ], [ "R", 11 ], [ "R", 1 ], [ "R", 1 ], [ "R", 1 ], [ "R", 17 ], [ "R", 11 ], [ "R", 11 ], [ "R", 11 ], [ "R", 5 ], [ "R", 5 ], [ "R", 10 ], [ "R", 11 ], [ "R", 11 ], [ "R", 1 ], [ "R", 1 ], [ "R", 1 ], [ "R", 17 ], [ "R", 11 ], [ "R", 11 ], [ "R", 11 ], [ "R", 5 ], [ "R", 5 ], [ "R", 10 ], [ "R", 11 ], [ "R", 11 ], [ "R", 1 ], [ "R", 1 ], [ "R", 1 ], [ "R", 17 ], [ "R", 11 ], [ "R", 11 ], [ "R", 11 ], [ "R", 5 ], [ "W", 3 ], [ "W", 5 ], [ "R", 11 ], [ "R", 3 ], [ "R", 3 ], [ "R", 3 ], [ "R", 5 ], [ "R", 3 ], [ "W", 3 ], [ "R", 3 ], [ "W", 3 ], [ "R", 5 ], [ "R", 5 ], [ "R", 10 ] ]
    } ]
  },
  "ViewChorbiController.list" : {
    "t" : [ {
      "id" : 0,
      "a" : [ [ "R", 6 ] ]
    } ]
  },
  "SearchTemplateChorbiController.search" : {
    "t" : [ {
      "id" : 0,
      "a" : [ [ "R", 11 ], [ "R", 16 ], [ "W", 16 ], [ "R", 7 ], [ "R", 7 ], [ "R", 7 ], [ "W", 16 ], [ "W", 16 ], [ "W", 6 ], [ "W", 16 ], [ "W", 16 ], [ "W", 16 ], [ "W", 8 ], [ "W", 8 ], [ "W", 8 ], [ "W", 8 ], [ "W", 16 ], [ "W", 8 ], [ "R", 16 ], [ "R", 16 ], [ "R", 16 ], [ "R", 16 ], [ "R", 16 ], [ "R", 16 ], [ "R", 11 ], [ "W", 11 ], [ "R", 11 ], [ "W", 11 ], [ "R", 16 ], [ "W", 16 ], [ "R", 16 ], [ "R", 6 ], [ "W", 16 ], [ "W", 6 ], [ "R", 16 ], [ "R", 6 ], [ "W", 16 ], [ "W", 6 ], [ "R", 16 ], [ "R", 8 ], [ "R", 11 ], [ "W", 11 ], [ "R", 16 ], [ "R", 8 ], [ "R", 11 ], [ "W", 11 ], [ "R", 16 ], [ "R", 8 ], [ "R", 8 ], [ "W", 8 ], [ "R", 16 ], [ "R", 8 ], [ "R", 8 ], [ "W", 8 ], [ "R", 16 ], [ "R", 8 ], [ "R", 8 ], [ "W", 8 ], [ "R", 16 ], [ "R", 8 ], [ "R", 8 ], [ "W", 8 ], [ "W", 16 ], [ "W", 8 ], [ "W", 16 ], [ "W", 16 ], [ "W", 16 ], [ "R", 16 ], [ "W", 16 ], [ "R", 11 ], [ "R", 11 ], [ "R", 1 ], [ "R", 1 ], [ "R", 1 ], [ "R", 17 ], [ "R", 1 ], [ "R", 17 ], [ "R", 17 ], [ "R", 11 ], [ "R", 11 ], [ "R", 6 ], [ "R", 6 ], [ "R", 6 ], [ "R", 17 ], [ "R", 16 ], [ "R", 6 ], [ "R", 11 ], [ "R", 11 ], [ "R", 11 ], [ "R", 11 ], [ "R", 11 ], [ "R", 1 ], [ "R", 1 ], [ "R", 1 ], [ "R", 17 ], [ "R", 11 ], [ "R", 9 ], [ "R", 9 ], [ "R", 9 ], [ "R", 10 ], [ "R", 11 ], [ "R", 11 ], [ "R", 1 ], [ "R", 1 ], [ "R", 1 ], [ "R", 17 ], [ "R", 11 ], [ "R", 9 ], [ "R", 9 ], [ "R", 9 ], [ "R", 10 ], [ "R", 9 ], [ "R", 9 ], [ "R", 9 ], [ "R", 9 ], [ "R", 7 ], [ "R", 7 ], [ "R", 7 ], [ "R", 16 ], [ "R", 11 ], [ "R", 16 ], [ "R", 16 ], [ "R", 16 ], [ "R", 16 ], [ "R", 16 ], [ "R", 16 ], [ "R", 16 ], [ "R", 16 ], [ "R", 16 ], [ "R", 16 ], [ "R", 8 ], [ "R", 8 ], [ "R", 16 ], [ "R", 8 ], [ "R", 8 ], [ "R", 16 ], [ "R", 8 ], [ "R", 8 ], [ "R", 16 ], [ "R", 8 ], [ "R", 8 ], [ "R", 16 ], [ "R", 8 ], [ "R", 8 ], [ "R", 16 ], [ "R", 8 ], [ "R", 8 ], [ "R", 16 ], [ "R", 8 ], [ "R", 8 ], [ "R", 16 ], [ "R", 8 ], [ "R", 8 ], [ "W", 16 ], [ "R", 16 ], [ "R", 16 ], [ "R", 16 ], [ "R", 16 ], [ "R", 16 ], [ "R", 16 ], [ "R", 8 ], [ "R", 8 ], [ "R", 16 ], [ "R", 8 ], [ "R", 8 ], [ "R", 16 ], [ "R", 8 ], [ "R", 8 ], [ "R", 16 ], [ "R", 8 ], [ "R", 8 ], [ "R", 16 ], [ "R", 6 ], [ "R", 6 ], [ "R", 6 ], [ "R", 6 ], [ "R", 6 ], [ "R", 6 ], [ "R", 8 ], [ "R", 6 ], [ "R", 8 ], [ "R", 6 ], [ "R", 8 ], [ "R", 6 ], [ "R", 8 ], [ "R", 6 ], [ "R", 6 ], [ "R", 16 ], [ "R", 16 ], [ "R", 16 ], [ "R", 16 ], [ "R", 16 ], [ "R", 16 ], [ "R", 8 ], [ "R", 8 ], [ "R", 16 ], [ "R", 8 ], [ "R", 8 ], [ "R", 16 ], [ "R", 8 ], [ "R", 8 ], [ "R", 16 ], [ "R", 8 ], [ "R", 8 ], [ "R", 6 ], [ "R", 6 ], [ "R", 6 ], [ "R", 6 ], [ "R", 6 ], [ "R", 6 ], [ "R", 8 ], [ "R", 6 ], [ "R", 8 ], [ "R", 6 ], [ "R", 8 ], [ "R", 6 ], [ "R", 8 ], [ "R", 16 ], [ "R", 16 ], [ "R", 16 ], [ "R", 16 ], [ "R", 16 ], [ "R", 8 ], [ "R", 8 ], [ "R", 16 ], [ "R", 8 ], [ "R", 8 ], [ "R", 16 ], [ "R", 8 ], [ "R", 8 ], [ "R", 16 ], [ "R", 8 ], [ "R", 8 ], [ "R", 16 ], [ "R", 6 ], [ "R", 6 ], [ "R", 6 ], [ "R", 6 ], [ "R", 6 ], [ "R", 8 ], [ "R", 6 ], [ "R", 8 ], [ "R", 6 ], [ "R", 8 ], [ "R", 6 ], [ "R", 8 ], [ "R", 6 ], [ "R", 6 ], [ "R", 16 ], [ "R", 16 ], [ "R", 16 ], [ "R", 8 ], [ "R", 8 ], [ "R", 16 ], [ "R", 8 ], [ "R", 8 ], [ "R", 16 ], [ "R", 8 ], [ "R", 8 ], [ "R", 16 ], [ "R", 8 ], [ "R", 8 ], [ "R", 6 ], [ "R", 6 ], [ "R", 6 ], [ "R", 6 ], [ "R", 6 ], [ "R", 8 ], [ "R", 6 ], [ "R", 8 ], [ "R", 6 ], [ "R", 8 ], [ "R", 6 ], [ "R", 8 ], [ "W", 16 ], [ "W", 6 ], [ "W", 16 ], [ "R", 11 ], [ "R", 11 ], [ "R", 1 ], [ "R", 1 ], [ "R", 1 ], [ "R", 17 ], [ "R", 11 ], [ "R", 16 ], [ "R", 16 ], [ "R", 16 ], [ "R", 6 ], [ "R", 16 ], [ "R", 7 ], [ "R", 7 ], [ "R", 7 ], [ "R", 16 ], [ "R", 6 ], [ "R", 11 ], [ "R", 11 ], [ "R", 1 ], [ "R", 1 ], [ "R", 1 ], [ "R", 17 ], [ "R", 11 ], [ "R", 16 ], [ "R", 16 ], [ "R", 16 ], [ "R", 6 ], [ "R", 16 ], [ "W", 16 ] ]
    } ]
  },
  "LikesChorbiController.view" : {
    "t" : [ {
      "id" : 0,
      "a" : [ [ "R", 13 ], [ "R", 11 ], [ "R", 11 ], [ "R", 6 ], [ "R", 6 ], [ "R", 6 ], [ "R", 17 ], [ "R", 13 ], [ "R", 6 ], [ "R", 11 ], [ "R", 11 ], [ "R", 11 ] ]
    } ]
  },
  "EventManagerController.save" : {
    "t" : [ {
      "id" : 0,
      "a" : [ [ "R", 11 ], [ "R", 11 ], [ "R", 12 ], [ "R", 11 ], [ "W", 11 ], [ "R", 11 ], [ "W", 11 ], [ "R", 12 ], [ "R", 14 ], [ "R", 11 ], [ "R", 14 ], [ "W", 12 ], [ "W", 14 ], [ "R", 11 ], [ "R", 11 ], [ "R", 14 ], [ "R", 14 ], [ "R", 14 ], [ "R", 17 ], [ "W", 12 ], [ "W", 14 ], [ "R", 12 ], [ "W", 12 ], [ "R", 12 ], [ "W", 12 ], [ "R", 12 ], [ "W", 12 ], [ "R", 12 ], [ "W", 12 ], [ "R", 12 ], [ "W", 12 ], [ "R", 11 ], [ "R", 11 ], [ "R", 11 ], [ "R", 14 ], [ "R", 14 ], [ "R", 14 ], [ "R", 17 ], [ "R", 12 ], [ "R", 14 ], [ "R", 11 ], [ "R", 11 ], [ "R", 11 ], [ "R", 12 ], [ "R", 11 ], [ "R", 12 ], [ "R", 11 ], [ "R", 11 ], [ "R", 1 ], [ "R", 1 ], [ "R", 1 ], [ "R", 17 ], [ "R", 11 ], [ "R", 9 ], [ "R", 9 ], [ "R", 9 ], [ "R", 10 ], [ "R", 9 ], [ "R", 9 ], [ "R", 9 ], [ "R", 9 ], [ "R", 11 ], [ "R", 11 ], [ "R", 1 ], [ "R", 1 ], [ "R", 1 ], [ "R", 17 ], [ "R", 10 ], [ "R", 7 ], [ "R", 7 ], [ "R", 7 ], [ "W", 10 ], [ "R", 6 ], [ "R", 1 ], [ "R", 17 ], [ "W", 17 ], [ "W", 1 ], [ "W", 17 ], [ "R", 6 ], [ "R", 8 ], [ "W", 8 ], [ "W", 6 ], [ "W", 8 ], [ "W", 6 ], [ "R", 11 ], [ "W", 16 ], [ "R", 7 ], [ "R", 7 ], [ "R", 7 ], [ "W", 16 ], [ "W", 16 ], [ "W", 6 ], [ "W", 16 ], [ "W", 16 ], [ "W", 16 ], [ "W", 8 ], [ "W", 8 ], [ "W", 8 ], [ "W", 8 ], [ "W", 16 ], [ "W", 8 ], [ "W", 16 ], [ "W", 6 ], [ "W", 16 ], [ "R", 1 ], [ "R", 17 ], [ "W", 17 ], [ "W", 1 ], [ "W", 17 ], [ "W", 14 ], [ "R", 12 ], [ "R", 12 ], [ "R", 14 ], [ "R", 1 ], [ "R", 12 ], [ "R", 12 ], [ "R", 11 ], [ "R", 15 ], [ "R", 15 ], [ "R", 15 ], [ "R", 12 ], [ "W", 12 ], [ "R", 11 ], [ "R", 11 ], [ "R", 1 ], [ "R", 1 ], [ "R", 1 ], [ "R", 17 ], [ "R", 12 ], [ "R", 14 ], [ "R", 11 ], [ "R", 11 ], [ "R", 11 ], [ "R", 11 ], [ "R", 15 ], [ "R", 15 ], [ "R", 6 ], [ "R", 15 ], [ "R", 12 ], [ "R", 11 ], [ "R", 15 ], [ "R", 15 ], [ "R", 6 ], [ "R", 15 ], [ "R", 12 ], [ "R", 11 ], [ "R", 10 ], [ "W", 5 ], [ "W", 10 ], [ "R", 1 ], [ "W", 5 ], [ "R", 11 ], [ "R", 11 ], [ "R", 1 ], [ "R", 1 ], [ "R", 1 ], [ "R", 17 ], [ "W", 5 ], [ "W", 10 ], [ "R", 1 ], [ "W", 5 ], [ "W", 5 ], [ "W", 5 ], [ "W", 5 ], [ "W", 10 ], [ "W", 5 ], [ "W", 5 ], [ "R", 12 ], [ "W", 5 ], [ "W", 5 ] ]
    } ]
  },
  "ChorbiController.delete" : {
    "t" : [ {
      "id" : 0,
      "a" : [ [ "R", 11 ], [ "R", 11 ], [ "R", 6 ], [ "R", 6 ], [ "R", 6 ], [ "R", 17 ], [ "R", 11 ], [ "R", 9 ], [ "R", 9 ], [ "R", 9 ], [ "R", 10 ], [ "W", 9 ], [ "R", 11 ], [ "R", 16 ], [ "R", 16 ], [ "R", 16 ], [ "R", 6 ], [ "R", 16 ], [ "R", 8 ], [ "W", 8 ], [ "W", 16 ], [ "R", 11 ], [ "R", 16 ], [ "R", 16 ], [ "R", 16 ], [ "R", 6 ], [ "R", 16 ], [ "R", 6 ], [ "W", 16 ], [ "R", 11 ], [ "R", 13 ], [ "R", 13 ], [ "R", 13 ], [ "R", 6 ], [ "R", 11 ], [ "R", 13 ], [ "R", 13 ], [ "R", 13 ], [ "R", 6 ], [ "W", 13 ], [ "R", 11 ], [ "R", 5 ], [ "R", 5 ], [ "R", 5 ], [ "R", 10 ], [ "R", 5 ], [ "R", 11 ], [ "R", 5 ], [ "R", 5 ], [ "R", 5 ], [ "R", 10 ], [ "R", 5 ], [ "R", 11 ], [ "R", 3 ], [ "R", 3 ], [ "R", 3 ], [ "R", 5 ], [ "R", 10 ], [ "R", 3 ], [ "R", 5 ], [ "R", 3 ], [ "R", 5 ], [ "R", 10 ], [ "R", 3 ], [ "R", 5 ], [ "W", 3 ], [ "W", 5 ], [ "R", 11 ], [ "R", 5 ], [ "R", 5 ], [ "R", 5 ], [ "R", 10 ], [ "R", 5 ], [ "W", 5 ], [ "W", 10 ], [ "R", 11 ], [ "R", 5 ], [ "R", 5 ], [ "R", 5 ], [ "R", 10 ], [ "R", 5 ], [ "W", 5 ], [ "W", 10 ], [ "W", 5 ], [ "R", 11 ], [ "R", 15 ], [ "R", 15 ], [ "R", 15 ], [ "R", 6 ], [ "R", 15 ], [ "R", 12 ], [ "R", 11 ], [ "R", 11 ], [ "R", 11 ], [ "R", 6 ], [ "R", 6 ], [ "R", 6 ], [ "R", 17 ], [ "R", 11 ], [ "R", 11 ], [ "R", 15 ], [ "R", 15 ], [ "R", 15 ], [ "R", 12 ], [ "R", 15 ], [ "R", 6 ], [ "W", 15 ], [ "W", 6 ], [ "R", 1 ], [ "R", 17 ], [ "R", 11 ], [ "W", 17 ] ]
    } ]
  },
  "ChorbiAdministratorController.updateChorbiesChargedFees" : {
    "t" : [ {
      "id" : 0,
      "a" : [ [ "R", 11 ], [ "R", 11 ], [ "R", 1 ], [ "R", 1 ], [ "R", 1 ], [ "R", 17 ], [ "R", 2 ], [ "R", 9 ], [ "R", 9 ], [ "R", 10 ], [ "R", 9 ], [ "R", 9 ], [ "R", 9 ], [ "R", 9 ], [ "R", 10 ], [ "R", 6 ], [ "R", 7 ], [ "R", 7 ], [ "R", 7 ], [ "R", 10 ], [ "W", 10 ], [ "W", 6 ] ]
    } ]
  },
  "CreditCardCustomerController.delete" : {
    "t" : [ {
      "id" : 0,
      "a" : [ [ "R", 11 ], [ "R", 11 ], [ "R", 1 ], [ "R", 1 ], [ "R", 1 ], [ "R", 17 ], [ "W", 9 ], [ "W", 10 ], [ "R", 11 ], [ "R", 11 ], [ "R", 9 ], [ "R", 9 ], [ "R", 10 ], [ "W", 9 ], [ "W", 10 ], [ "R", 11 ], [ "W", 11 ], [ "R", 11 ], [ "W", 11 ], [ "R", 11 ], [ "R", 11 ], [ "R", 1 ], [ "R", 1 ], [ "R", 1 ], [ "R", 17 ], [ "W", 9 ], [ "W", 10 ], [ "R", 9 ], [ "W", 9 ], [ "R", 9 ], [ "W", 9 ], [ "R", 9 ], [ "W", 9 ], [ "R", 9 ], [ "W", 9 ], [ "R", 9 ], [ "W", 9 ], [ "R", 9 ], [ "W", 9 ], [ "R", 11 ], [ "R", 11 ], [ "R", 1 ], [ "R", 1 ], [ "R", 1 ], [ "R", 17 ], [ "R", 9 ], [ "R", 10 ], [ "R", 11 ], [ "R", 11 ], [ "R", 11 ], [ "W", 9 ], [ "R", 11 ], [ "R", 9 ] ]
    } ]
  },
  "LikesChorbiController.save" : {
    "t" : [ {
      "id" : 0,
      "a" : [ [ "R", 11 ], [ "R", 11 ], [ "R", 6 ], [ "R", 6 ], [ "R", 6 ], [ "R", 17 ], [ "R", 13 ], [ "W", 13 ], [ "R", 13 ], [ "R", 6 ], [ "W", 13 ], [ "W", 6 ], [ "W", 13 ], [ "W", 6 ], [ "R", 13 ], [ "W", 13 ], [ "R", 13 ], [ "W", 13 ], [ "R", 11 ], [ "W", 11 ], [ "R", 11 ], [ "W", 11 ], [ "R", 11 ], [ "R", 13 ], [ "R", 6 ], [ "R", 11 ], [ "R", 11 ], [ "R", 6 ], [ "R", 6 ], [ "R", 6 ], [ "R", 17 ], [ "R", 11 ], [ "R", 11 ], [ "R", 11 ], [ "R", 13 ], [ "R", 6 ], [ "R", 13 ], [ "R", 6 ], [ "R", 11 ], [ "R", 11 ], [ "R", 11 ], [ "R", 13 ], [ "R", 6 ], [ "R", 11 ], [ "R", 11 ], [ "R", 11 ], [ "R", 1 ], [ "R", 1 ], [ "R", 1 ], [ "R", 17 ], [ "R", 11 ], [ "R", 13 ], [ "R", 13 ], [ "R", 13 ], [ "R", 6 ], [ "R", 13 ], [ "R", 6 ], [ "W", 13 ], [ "W", 13 ] ]
    } ]
  },
  "EventController.listAll" : {
    "t" : [ {
      "id" : 0,
      "a" : [ [ "R", 15 ], [ "R", 15 ], [ "R", 12 ], [ "R", 15 ], [ "R", 12 ], [ "R", 15 ], [ "R", 12 ], [ "R", 15 ], [ "R", 12 ], [ "R", 15 ], [ "R", 12 ], [ "R", 15 ], [ "R", 15 ], [ "R", 15 ], [ "R", 12 ], [ "R", 15 ], [ "R", 12 ], [ "R", 15 ], [ "R", 12 ], [ "R", 15 ], [ "R", 15 ], [ "R", 12 ], [ "R", 15 ], [ "R", 12 ], [ "R", 15 ], [ "R", 12 ], [ "R", 15 ], [ "R", 15 ], [ "R", 12 ], [ "R", 15 ], [ "R", 15 ], [ "R", 12 ], [ "R", 15 ], [ "R", 12 ], [ "R", 15 ], [ "R", 12 ], [ "R", 15 ], [ "R", 15 ], [ "R", 12 ], [ "R", 15 ], [ "R", 12 ], [ "R", 15 ] ]
    } ]
  },
  "ConfigurationAdministratorController.save" : {
    "t" : [ {
      "id" : 0,
      "a" : [ [ "R", 7 ], [ "R", 7 ], [ "W", 7 ], [ "W", 7 ], [ "W", 7 ], [ "R", 11 ], [ "W", 11 ], [ "R", 11 ], [ "W", 11 ], [ "R", 11 ], [ "R", 11 ], [ "R", 2 ], [ "R", 2 ], [ "R", 2 ], [ "R", 17 ], [ "R", 1 ], [ "R", 17 ], [ "R", 17 ], [ "W", 7 ] ]
    } ]
  },
  "ChorbiController.save" : {
    "t" : [ {
      "id" : 0,
      "a" : [ [ "W", 17 ], [ "R", 17 ], [ "W", 17 ], [ "W", 17 ], [ "W", 17 ], [ "W", 17 ], [ "W", 17 ], [ "W", 1 ], [ "W", 1 ], [ "W", 1 ], [ "W", 1 ], [ "W", 1 ], [ "W", 17 ], [ "W", 10 ], [ "W", 8 ], [ "W", 8 ], [ "W", 8 ], [ "W", 8 ], [ "R", 1 ], [ "R", 17 ], [ "R", 17 ], [ "R", 17 ], [ "W", 6 ], [ "W", 8 ], [ "R", 1 ], [ "R", 17 ], [ "R", 17 ], [ "W", 17 ], [ "R", 17 ], [ "W", 17 ], [ "W", 1 ], [ "W", 1 ], [ "W", 1 ], [ "W", 1 ], [ "W", 6 ], [ "W", 6 ], [ "W", 6 ], [ "W", 6 ], [ "W", 6 ], [ "W", 8 ], [ "W", 8 ], [ "W", 8 ], [ "W", 8 ], [ "W", 6 ], [ "W", 8 ], [ "R", 1 ], [ "R", 17 ], [ "R", 17 ], [ "W", 17 ], [ "R", 6 ], [ "R", 1 ], [ "R", 17 ], [ "W", 17 ], [ "W", 1 ], [ "W", 17 ], [ "R", 6 ], [ "R", 8 ], [ "W", 8 ], [ "W", 6 ], [ "W", 8 ], [ "W", 6 ], [ "R", 11 ], [ "W", 16 ], [ "R", 7 ], [ "R", 7 ], [ "R", 7 ], [ "W", 16 ], [ "W", 16 ], [ "W", 6 ], [ "W", 16 ], [ "W", 16 ], [ "W", 16 ], [ "W", 8 ], [ "W", 8 ], [ "W", 8 ], [ "W", 8 ], [ "W", 16 ], [ "W", 8 ], [ "W", 16 ], [ "W", 6 ], [ "W", 16 ] ]
    } ]
  },
  "ViewChorbiController.recivedLikedList" : {
    "t" : [ {
      "id" : 0,
      "a" : [ [ "R", 11 ], [ "R", 11 ], [ "R", 6 ], [ "R", 6 ], [ "R", 6 ], [ "R", 17 ], [ "R", 11 ], [ "R", 11 ], [ "R", 1 ], [ "R", 1 ], [ "R", 1 ], [ "R", 17 ], [ "R", 11 ], [ "R", 9 ], [ "R", 9 ], [ "R", 9 ], [ "R", 10 ], [ "R", 11 ], [ "R", 13 ], [ "R", 13 ], [ "R", 13 ], [ "R", 6 ] ]
    } ]
  },
  "ChirpManagerController.write" : {
    "t" : [ {
      "id" : 0,
      "a" : [ [ "R", 11 ], [ "R", 11 ], [ "R", 14 ], [ "R", 14 ], [ "R", 14 ], [ "R", 17 ], [ "R", 11 ], [ "R", 12 ], [ "R", 12 ], [ "R", 12 ], [ "R", 14 ] ]
    } ]
  },
  "CreditCardCustomerController.create" : {
    "t" : [ {
      "id" : 0,
      "a" : [ [ "R", 11 ], [ "R", 11 ], [ "R", 1 ], [ "R", 1 ], [ "R", 1 ], [ "R", 17 ], [ "W", 9 ], [ "W", 10 ] ]
    } ]
  },
  "BannerAdministratorController.save" : {
    "t" : [ {
      "id" : 0,
      "a" : [ [ "R", 11 ], [ "R", 11 ], [ "R", 4 ], [ "R", 11 ], [ "W", 11 ], [ "R", 11 ], [ "W", 11 ], [ "R", 4 ], [ "W", 4 ], [ "R", 4 ], [ "W", 4 ], [ "R", 11 ], [ "R", 11 ], [ "R", 2 ], [ "R", 2 ], [ "R", 2 ], [ "R", 17 ], [ "R", 2 ], [ "W", 4 ] ]
    } ]
  },
  "BannerAdministratorController.list" : {
    "t" : [ {
      "id" : 0,
      "a" : [ [ "R", 4 ] ]
    } ]
  },
  "ChirpCustomerController.reply" : {
    "t" : [ {
      "id" : 0,
      "a" : [ [ "R", 5 ], [ "R", 5 ], [ "R", 10 ], [ "R", 5 ], [ "R", 10 ], [ "R", 5 ], [ "R", 10 ], [ "R", 11 ], [ "R", 11 ], [ "R", 1 ], [ "R", 1 ], [ "R", 1 ], [ "R", 17 ], [ "R", 11 ], [ "R", 11 ], [ "R", 11 ], [ "R", 5 ], [ "R", 5 ], [ "R", 10 ], [ "R", 5 ], [ "R", 10 ], [ "R", 5 ], [ "R", 10 ], [ "R", 11 ], [ "R", 11 ], [ "R", 1 ], [ "R", 1 ], [ "R", 1 ], [ "R", 17 ], [ "R", 11 ], [ "R", 11 ], [ "R", 11 ], [ "R", 5 ], [ "R", 5 ], [ "R", 10 ], [ "R", 11 ], [ "R", 11 ], [ "R", 1 ], [ "R", 1 ], [ "R", 1 ], [ "R", 17 ], [ "R", 11 ], [ "R", 11 ], [ "R", 11 ], [ "R", 5 ], [ "R", 5 ], [ "R", 10 ], [ "R", 11 ], [ "R", 11 ], [ "R", 1 ], [ "R", 1 ], [ "R", 1 ], [ "R", 17 ], [ "R", 11 ], [ "R", 11 ], [ "R", 11 ], [ "R", 5 ], [ "R", 5 ], [ "R", 10 ], [ "R", 5 ], [ "R", 10 ], [ "R", 11 ], [ "R", 10 ], [ "R", 10 ] ]
    } ]
  },
  "ManagerController.edit" : {
    "t" : [ {
      "id" : 0,
      "a" : [ [ "R", 11 ], [ "R", 11 ], [ "R", 14 ], [ "R", 14 ], [ "R", 14 ], [ "R", 17 ], [ "W", 17 ], [ "R", 17 ], [ "W", 17 ], [ "W", 17 ], [ "W", 17 ], [ "W", 17 ], [ "W", 17 ], [ "W", 1 ], [ "W", 1 ], [ "W", 1 ], [ "W", 1 ], [ "W", 1 ], [ "W", 17 ], [ "W", 10 ], [ "R", 1 ], [ "R", 17 ], [ "R", 17 ], [ "R", 17 ], [ "W", 14 ], [ "W", 14 ], [ "R", 1 ], [ "R", 17 ], [ "R", 17 ], [ "W", 17 ], [ "R", 17 ], [ "W", 17 ], [ "W", 1 ], [ "W", 1 ], [ "W", 1 ], [ "W", 1 ], [ "R", 1 ], [ "R", 17 ], [ "R", 1 ], [ "R", 17 ], [ "R", 11 ], [ "W", 11 ], [ "R", 1 ], [ "R", 17 ], [ "R", 11 ], [ "W", 11 ], [ "R", 1 ], [ "R", 17 ], [ "R", 17 ], [ "W", 17 ], [ "R", 1 ], [ "R", 17 ], [ "R", 17 ], [ "W", 17 ], [ "R", 11 ], [ "W", 11 ], [ "R", 11 ], [ "W", 11 ], [ "R", 10 ], [ "W", 10 ], [ "W", 14 ], [ "W", 14 ], [ "R", 1 ], [ "R", 17 ], [ "R", 17 ], [ "W", 17 ], [ "R", 1 ], [ "R", 17 ], [ "W", 17 ], [ "W", 1 ], [ "W", 17 ], [ "W", 14 ] ]
    } ]
  },
  "LikesChorbiController.sent" : {
    "t" : [ {
      "id" : 0,
      "a" : [ [ "R", 11 ], [ "R", 11 ], [ "R", 6 ], [ "R", 6 ], [ "R", 6 ], [ "R", 17 ], [ "R", 11 ], [ "R", 13 ], [ "R", 13 ], [ "R", 13 ], [ "R", 6 ] ]
    } ]
  },
  "ViewChorbiController.view" : {
    "t" : [ {
      "id" : 0,
      "a" : [ [ "R", 11 ], [ "R", 11 ], [ "R", 1 ], [ "R", 1 ], [ "R", 1 ], [ "R", 17 ], [ "R", 6 ], [ "R", 11 ], [ "R", 11 ], [ "R", 1 ], [ "R", 1 ], [ "R", 1 ], [ "R", 17 ], [ "R", 11 ], [ "R", 11 ], [ "R", 11 ], [ "R", 11 ], [ "R", 11 ], [ "R", 11 ], [ "R", 1 ], [ "R", 1 ], [ "R", 1 ], [ "R", 17 ], [ "R", 11 ], [ "R", 13 ], [ "R", 13 ], [ "R", 13 ], [ "R", 6 ], [ "R", 13 ], [ "R", 6 ], [ "R", 11 ], [ "R", 11 ], [ "R", 11 ], [ "R", 13 ], [ "R", 13 ], [ "R", 13 ], [ "R", 6 ] ]
    } ]
  },
  "ManagerController.save" : {
    "t" : [ {
      "id" : 0,
      "a" : [ [ "W", 17 ], [ "R", 17 ], [ "W", 17 ], [ "W", 17 ], [ "W", 17 ], [ "W", 17 ], [ "W", 17 ], [ "W", 1 ], [ "W", 1 ], [ "W", 1 ], [ "W", 1 ], [ "W", 1 ], [ "W", 17 ], [ "W", 10 ], [ "R", 1 ], [ "R", 17 ], [ "R", 17 ], [ "R", 17 ], [ "W", 14 ], [ "W", 14 ], [ "R", 1 ], [ "R", 17 ], [ "R", 17 ], [ "W", 17 ], [ "R", 17 ], [ "W", 17 ], [ "W", 1 ], [ "W", 1 ], [ "W", 1 ], [ "W", 1 ], [ "W", 14 ], [ "W", 14 ], [ "R", 1 ], [ "R", 17 ], [ "R", 17 ], [ "W", 17 ], [ "R", 1 ], [ "R", 17 ], [ "W", 17 ], [ "W", 1 ], [ "W", 17 ], [ "W", 14 ] ]
    } ]
  },
  "ChirpManagerController.addAttachment" : {
    "t" : [ {
      "id" : 0,
      "a" : [ [ "R", 11 ], [ "R", 11 ], [ "R", 14 ], [ "R", 14 ], [ "R", 14 ], [ "R", 17 ], [ "R", 11 ], [ "R", 12 ], [ "R", 12 ], [ "R", 12 ], [ "R", 14 ] ]
    } ]
  },
  "ManagerAdministratorController.list" : {
    "t" : [ {
      "id" : 0,
      "a" : [ [ "R", 14 ] ]
    } ]
  },
  "RegisterChorbiController.register" : {
    "t" : [ {
      "id" : 0,
      "a" : [ [ "R", 12 ], [ "R", 11 ], [ "R", 11 ], [ "R", 6 ], [ "R", 6 ], [ "R", 6 ], [ "R", 17 ], [ "R", 11 ], [ "W", 15 ], [ "W", 6 ], [ "W", 15 ], [ "W", 12 ], [ "R", 15 ], [ "R", 12 ], [ "R", 12 ], [ "R", 11 ], [ "R", 11 ], [ "R", 6 ], [ "R", 6 ], [ "R", 6 ], [ "R", 17 ], [ "R", 11 ], [ "R", 11 ], [ "R", 15 ], [ "R", 15 ], [ "R", 15 ], [ "R", 12 ], [ "R", 15 ], [ "R", 6 ], [ "R", 11 ], [ "R", 15 ], [ "R", 15 ], [ "R", 15 ], [ "R", 12 ], [ "R", 12 ], [ "R", 11 ], [ "R", 15 ], [ "R", 15 ], [ "R", 15 ], [ "R", 12 ], [ "R", 12 ], [ "R", 11 ], [ "R", 15 ], [ "R", 15 ], [ "R", 15 ], [ "R", 12 ], [ "R", 12 ], [ "R", 11 ], [ "R", 15 ], [ "R", 15 ], [ "R", 15 ], [ "R", 12 ], [ "R", 12 ], [ "R", 12 ], [ "R", 12 ], [ "W", 15 ], [ "R", 12 ], [ "R", 11 ], [ "R", 15 ], [ "R", 15 ], [ "R", 15 ], [ "R", 12 ], [ "R", 12 ] ]
    } ]
  },
  "EventChorbiController.received" : {
    "t" : [ {
      "id" : 0,
      "a" : [ [ "R", 11 ], [ "R", 11 ], [ "R", 6 ], [ "R", 6 ], [ "R", 6 ], [ "R", 17 ], [ "R", 11 ], [ "R", 15 ], [ "R", 15 ], [ "R", 12 ], [ "R", 15 ], [ "R", 12 ], [ "R", 15 ], [ "R", 15 ], [ "R", 12 ], [ "R", 15 ], [ "R", 15 ], [ "R", 12 ], [ "R", 15 ], [ "R", 6 ], [ "R", 15 ], [ "R", 12 ], [ "R", 11 ], [ "R", 11 ], [ "R", 6 ], [ "R", 6 ], [ "R", 6 ], [ "R", 17 ], [ "R", 11 ], [ "R", 15 ], [ "R", 15 ], [ "R", 12 ], [ "R", 15 ], [ "R", 12 ], [ "R", 15 ], [ "R", 15 ], [ "R", 12 ], [ "R", 15 ], [ "R", 15 ], [ "R", 12 ], [ "R", 15 ], [ "R", 6 ], [ "R", 15 ], [ "R", 12 ], [ "R", 15 ], [ "R", 12 ], [ "R", 15 ] ]
    } ]
  },
  "BannerAdministratorController.edit" : {
    "t" : [ {
      "id" : 0,
      "a" : [ [ "R", 4 ] ]
    } ]
  },
  "LikesChorbiController.create" : {
    "t" : [ {
      "id" : 0,
      "a" : [ [ "R", 6 ], [ "R", 11 ], [ "R", 11 ], [ "R", 6 ], [ "R", 6 ], [ "R", 6 ], [ "R", 17 ], [ "W", 13 ], [ "W", 6 ], [ "W", 13 ], [ "W", 6 ], [ "R", 13 ], [ "R", 6 ], [ "R", 11 ] ]
    } ]
  },
  "ChirpCustomerController.removeAttachment" : {
    "t" : [ {
      "id" : 0,
      "a" : [ [ "R", 10 ] ]
    } ]
  },
  "DashboardAdministratorController.dashboard" : {
    "t" : [ {
      "id" : 0,
      "a" : [ [ "R", 6 ], [ "R", 6 ], [ "R", 6 ], [ "R", 8 ], [ "R", 6 ], [ "R", 8 ], [ "R", 6 ], [ "R", 6 ], [ "R", 6 ], [ "R", 8 ], [ "R", 6 ], [ "R", 8 ], [ "R", 6 ], [ "R", 6 ], [ "R", 6 ], [ "R", 6 ], [ "R", 6 ], [ "R", 6 ], [ "R", 6 ], [ "R", 9 ], [ "R", 9 ], [ "R", 9 ], [ "R", 9 ], [ "R", 9 ], [ "R", 6 ], [ "R", 6 ], [ "R", 6 ], [ "R", 6 ], [ "R", 6 ], [ "R", 6 ], [ "R", 6 ], [ "R", 6 ], [ "R", 6 ], [ "R", 6 ], [ "R", 6 ], [ "R", 6 ], [ "R", 13 ], [ "R", 6 ], [ "R", 6 ], [ "R", 6 ], [ "R", 13 ], [ "R", 6 ], [ "R", 6 ], [ "R", 6 ], [ "R", 6 ], [ "R", 6 ], [ "R", 6 ], [ "R", 13 ], [ "R", 13 ], [ "R", 6 ], [ "R", 6 ], [ "R", 13 ], [ "R", 13 ], [ "R", 6 ], [ "R", 13 ], [ "R", 6 ], [ "R", 13 ], [ "R", 6 ], [ "R", 13 ], [ "R", 13 ], [ "R", 6 ], [ "R", 13 ], [ "R", 6 ], [ "R", 13 ], [ "R", 6 ], [ "R", 6 ], [ "R", 13 ], [ "R", 6 ], [ "R", 5 ], [ "R", 5 ], [ "R", 5 ], [ "R", 5 ], [ "R", 10 ], [ "R", 5 ], [ "R", 10 ], [ "R", 5 ], [ "R", 5 ], [ "R", 5 ], [ "R", 5 ], [ "R", 5 ], [ "R", 10 ], [ "R", 5 ], [ "R", 10 ], [ "R", 5 ], [ "R", 6 ], [ "R", 5 ], [ "R", 5 ], [ "R", 5 ], [ "R", 5 ], [ "R", 10 ], [ "R", 6 ], [ "R", 5 ], [ "R", 5 ], [ "R", 5 ], [ "R", 5 ], [ "R", 10 ], [ "R", 5 ], [ "R", 10 ], [ "R", 5 ], [ "R", 5 ], [ "R", 5 ], [ "R", 5 ], [ "R", 5 ], [ "R", 10 ], [ "R", 5 ], [ "R", 10 ], [ "R", 5 ], [ "R", 6 ], [ "R", 5 ], [ "R", 5 ], [ "R", 5 ], [ "R", 5 ], [ "R", 10 ], [ "R", 5 ], [ "R", 5 ], [ "R", 5 ], [ "R", 5 ], [ "R", 10 ], [ "R", 5 ], [ "R", 10 ], [ "R", 5 ], [ "R", 5 ], [ "R", 5 ], [ "R", 10 ], [ "R", 5 ], [ "R", 5 ], [ "R", 10 ], [ "R", 5 ], [ "R", 10 ], [ "R", 5 ], [ "R", 5 ], [ "R", 6 ], [ "R", 5 ], [ "R", 5 ], [ "R", 5 ], [ "R", 5 ], [ "R", 10 ], [ "R", 5 ], [ "R", 10 ], [ "R", 5 ], [ "R", 5 ], [ "R", 5 ], [ "R", 10 ], [ "R", 5 ], [ "R", 5 ], [ "R", 10 ], [ "R", 5 ], [ "R", 10 ], [ "R", 5 ], [ "R", 5 ], [ "R", 6 ], [ "R", 12 ], [ "R", 14 ], [ "R", 14 ], [ "R", 12 ], [ "R", 14 ], [ "R", 12 ], [ "R", 14 ], [ "R", 14 ], [ "R", 12 ], [ "R", 14 ], [ "R", 14 ], [ "R", 14 ], [ "R", 12 ], [ "R", 12 ], [ "R", 14 ], [ "R", 14 ], [ "R", 15 ], [ "R", 6 ], [ "R", 6 ], [ "R", 15 ], [ "R", 6 ], [ "R", 15 ], [ "R", 6 ], [ "R", 6 ], [ "R", 15 ], [ "R", 6 ], [ "R", 6 ], [ "R", 6 ], [ "R", 15 ], [ "R", 15 ], [ "R", 6 ], [ "R", 6 ], [ "R", 13 ], [ "R", 6 ], [ "R", 6 ], [ "R", 13 ], [ "R", 13 ], [ "R", 13 ], [ "R", 6 ], [ "R", 13 ], [ "R", 6 ], [ "R", 6 ], [ "R", 6 ], [ "R", 6 ], [ "R", 6 ], [ "R", 13 ], [ "R", 13 ], [ "R", 6 ], [ "R", 13 ], [ "R", 6 ], [ "R", 6 ], [ "R", 13 ], [ "R", 6 ], [ "R", 13 ], [ "R", 6 ], [ "R", 6 ], [ "R", 13 ], [ "R", 6 ], [ "R", 6 ], [ "R", 6 ], [ "R", 13 ], [ "R", 13 ], [ "R", 6 ] ]
    } ]
  },
  "CreditCardCustomerController.save" : {
    "t" : [ {
      "id" : 0,
      "a" : [ [ "R", 11 ], [ "R", 11 ], [ "R", 1 ], [ "R", 1 ], [ "R", 1 ], [ "R", 17 ], [ "W", 9 ], [ "W", 10 ], [ "R", 11 ], [ "R", 11 ], [ "R", 9 ], [ "R", 9 ], [ "R", 10 ], [ "W", 9 ], [ "W", 10 ], [ "R", 11 ], [ "W", 11 ], [ "R", 11 ], [ "W", 11 ], [ "R", 11 ], [ "R", 11 ], [ "R", 1 ], [ "R", 1 ], [ "R", 1 ], [ "R", 17 ], [ "W", 9 ], [ "W", 10 ], [ "R", 9 ], [ "W", 9 ], [ "R", 9 ], [ "W", 9 ], [ "R", 9 ], [ "W", 9 ], [ "R", 9 ], [ "W", 9 ], [ "R", 9 ], [ "W", 9 ], [ "R", 9 ], [ "W", 9 ], [ "R", 9 ], [ "R", 9 ], [ "R", 9 ], [ "R", 9 ], [ "R", 11 ], [ "R", 11 ], [ "R", 1 ], [ "R", 1 ], [ "R", 1 ], [ "R", 17 ], [ "R", 9 ], [ "R", 10 ], [ "R", 11 ], [ "R", 11 ], [ "R", 11 ], [ "W", 9 ] ]
    } ]
  },
  "ChorbiAdministratorController.ban" : {
    "t" : [ {
      "id" : 0,
      "a" : [ [ "R", 11 ], [ "R", 11 ], [ "R", 1 ], [ "R", 1 ], [ "R", 1 ], [ "R", 17 ], [ "R", 1 ], [ "R", 17 ], [ "R", 17 ], [ "R", 6 ], [ "W", 17 ], [ "W", 17 ] ]
    } ]
  },
  "RegisterChorbiController.unregister" : {
    "t" : [ {
      "id" : 0,
      "a" : [ [ "R", 12 ], [ "R", 11 ], [ "R", 11 ], [ "R", 11 ], [ "R", 6 ], [ "R", 6 ], [ "R", 6 ], [ "R", 17 ], [ "R", 11 ], [ "R", 11 ], [ "R", 15 ], [ "R", 15 ], [ "R", 15 ], [ "R", 12 ], [ "R", 15 ], [ "R", 6 ], [ "W", 15 ], [ "R", 12 ], [ "R", 11 ], [ "R", 15 ], [ "R", 15 ], [ "R", 15 ], [ "R", 12 ], [ "R", 12 ] ]
    } ]
  },
  "ChirpCustomerController.delete" : {
    "t" : [ {
      "id" : 0,
      "a" : [ [ "R", 5 ], [ "R", 5 ], [ "R", 10 ], [ "R", 5 ], [ "R", 10 ], [ "R", 5 ], [ "R", 10 ], [ "R", 11 ], [ "R", 11 ], [ "R", 1 ], [ "R", 1 ], [ "R", 1 ], [ "R", 17 ], [ "R", 11 ], [ "R", 11 ], [ "R", 11 ], [ "R", 5 ], [ "R", 5 ], [ "R", 10 ], [ "R", 5 ], [ "R", 10 ], [ "R", 5 ], [ "R", 10 ], [ "R", 11 ], [ "R", 11 ], [ "R", 1 ], [ "R", 1 ], [ "R", 1 ], [ "R", 17 ], [ "R", 11 ], [ "R", 11 ], [ "R", 11 ], [ "R", 5 ], [ "R", 5 ], [ "R", 10 ], [ "R", 11 ], [ "R", 11 ], [ "R", 1 ], [ "R", 1 ], [ "R", 1 ], [ "R", 17 ], [ "R", 11 ], [ "R", 11 ], [ "R", 11 ], [ "R", 5 ], [ "R", 5 ], [ "R", 10 ], [ "R", 11 ], [ "R", 11 ], [ "R", 1 ], [ "R", 1 ], [ "R", 1 ], [ "R", 17 ], [ "R", 11 ], [ "R", 11 ], [ "R", 11 ], [ "R", 5 ], [ "R", 11 ], [ "R", 3 ], [ "R", 3 ], [ "R", 3 ], [ "R", 5 ], [ "R", 11 ], [ "W", 3 ], [ "W", 5 ] ]
    } ]
  },
  "ConfigurationAdministratorController.edit" : {
    "t" : [ {
      "id" : 0,
      "a" : [ [ "R", 7 ], [ "R", 7 ], [ "R", 7 ], [ "R", 7 ], [ "R", 7 ] ]
    } ]
  },
  "WelcomeController.index" : {
    "t" : [ {
      "id" : 0,
      "a" : [ [ "R", 4 ] ]
    } ]
  },
  "ChorbiController.edit" : {
    "t" : [ {
      "id" : 0,
      "a" : [ [ "R", 11 ], [ "R", 11 ], [ "R", 6 ], [ "R", 6 ], [ "R", 6 ], [ "R", 17 ], [ "W", 17 ], [ "R", 17 ], [ "W", 17 ], [ "W", 17 ], [ "W", 17 ], [ "W", 17 ], [ "W", 17 ], [ "W", 1 ], [ "W", 1 ], [ "W", 1 ], [ "W", 1 ], [ "W", 1 ], [ "W", 17 ], [ "W", 10 ], [ "W", 8 ], [ "W", 8 ], [ "W", 8 ], [ "W", 8 ], [ "R", 1 ], [ "R", 17 ], [ "R", 17 ], [ "R", 17 ], [ "W", 6 ], [ "W", 8 ], [ "R", 1 ], [ "R", 17 ], [ "R", 17 ], [ "W", 17 ], [ "R", 17 ], [ "W", 17 ], [ "W", 1 ], [ "W", 1 ], [ "W", 1 ], [ "W", 1 ], [ "R", 1 ], [ "R", 17 ], [ "R", 1 ], [ "R", 17 ], [ "R", 11 ], [ "W", 11 ], [ "R", 1 ], [ "R", 17 ], [ "R", 11 ], [ "W", 11 ], [ "R", 1 ], [ "R", 17 ], [ "R", 17 ], [ "W", 17 ], [ "R", 1 ], [ "R", 17 ], [ "R", 17 ], [ "W", 17 ], [ "R", 11 ], [ "W", 11 ], [ "R", 11 ], [ "W", 11 ], [ "R", 10 ], [ "W", 10 ], [ "W", 6 ], [ "W", 6 ], [ "W", 6 ], [ "W", 6 ], [ "W", 6 ], [ "W", 8 ], [ "W", 8 ], [ "W", 8 ], [ "W", 8 ], [ "W", 6 ], [ "W", 8 ], [ "R", 1 ], [ "R", 17 ], [ "R", 17 ], [ "W", 17 ], [ "R", 6 ], [ "R", 1 ], [ "R", 17 ], [ "W", 17 ], [ "W", 1 ], [ "W", 17 ], [ "R", 6 ], [ "R", 8 ], [ "W", 8 ], [ "W", 6 ], [ "W", 8 ], [ "W", 6 ], [ "R", 11 ], [ "W", 16 ], [ "R", 7 ], [ "R", 7 ], [ "R", 7 ], [ "W", 16 ], [ "W", 16 ], [ "W", 6 ], [ "W", 16 ], [ "W", 16 ], [ "W", 16 ], [ "W", 8 ], [ "W", 8 ], [ "W", 8 ], [ "W", 8 ], [ "W", 16 ], [ "W", 8 ], [ "W", 16 ], [ "W", 6 ], [ "W", 16 ] ]
    } ]
  },
  "ChirpCustomerController.sent" : {
    "t" : [ {
      "id" : 0,
      "a" : [ [ "R", 11 ], [ "R", 11 ], [ "R", 1 ], [ "R", 1 ], [ "R", 1 ], [ "R", 17 ], [ "R", 11 ], [ "R", 5 ], [ "R", 5 ], [ "R", 5 ], [ "R", 10 ], [ "R", 5 ] ]
    } ]
  },
  "BannerAdministratorController.view" : {
    "t" : [ {
      "id" : 0,
      "a" : [ [ "R", 4 ], [ "R", 11 ] ]
    } ]
  },
  "ChirpManagerController.removeAttachment" : {
    "t" : [ {
      "id" : 0,
      "a" : [ [ "R", 11 ], [ "R", 11 ], [ "R", 14 ], [ "R", 14 ], [ "R", 14 ], [ "R", 17 ], [ "R", 11 ], [ "R", 12 ], [ "R", 12 ], [ "R", 12 ], [ "R", 14 ] ]
    } ]
  },
  "ChorbiAdministratorController.unban" : {
    "t" : [ {
      "id" : 0,
      "a" : [ [ "R", 11 ], [ "R", 11 ], [ "R", 1 ], [ "R", 1 ], [ "R", 1 ], [ "R", 17 ], [ "R", 1 ], [ "R", 17 ], [ "R", 17 ], [ "R", 6 ], [ "W", 17 ], [ "W", 17 ] ]
    } ]
  },
  "CreditCardCustomerController.edit" : {
    "t" : [ {
      "id" : 0,
      "a" : [ [ "R", 11 ], [ "R", 11 ], [ "R", 1 ], [ "R", 1 ], [ "R", 1 ], [ "R", 17 ], [ "R", 11 ], [ "R", 9 ], [ "R", 9 ], [ "R", 9 ], [ "R", 10 ] ]
    } ]
  },
  "CreditCardCustomerController.view" : {
    "t" : [ {
      "id" : 0,
      "a" : [ [ "R", 11 ], [ "R", 11 ], [ "R", 1 ], [ "R", 1 ], [ "R", 1 ], [ "R", 17 ], [ "R", 11 ], [ "R", 9 ], [ "R", 9 ], [ "R", 9 ], [ "R", 10 ] ]
    } ]
  },
  "ChirpCustomerController.addAttachment" : {
    "t" : [ {
      "id" : 0,
      "a" : [ [ "R", 10 ] ]
    } ]
  },
  "ManagerController.delete" : {
    "t" : [ {
      "id" : 0,
      "a" : [ [ "R", 11 ], [ "R", 11 ], [ "R", 14 ], [ "R", 14 ], [ "R", 14 ], [ "R", 17 ] ]
    } ]
  },
  "EventManagerController.received" : {
    "t" : [ {
      "id" : 0,
      "a" : [ [ "R", 11 ], [ "R", 11 ], [ "R", 14 ], [ "R", 14 ], [ "R", 14 ], [ "R", 17 ], [ "R", 11 ], [ "R", 15 ], [ "R", 15 ], [ "R", 12 ], [ "R", 15 ], [ "R", 12 ], [ "R", 15 ], [ "R", 12 ], [ "R", 15 ], [ "R", 15 ], [ "R", 12 ], [ "R", 14 ], [ "R", 15 ], [ "R", 12 ], [ "R", 11 ], [ "R", 11 ], [ "R", 14 ], [ "R", 14 ], [ "R", 14 ], [ "R", 17 ], [ "R", 11 ], [ "R", 15 ], [ "R", 15 ], [ "R", 12 ], [ "R", 15 ], [ "R", 12 ], [ "R", 15 ], [ "R", 12 ], [ "R", 15 ], [ "R", 15 ], [ "R", 12 ], [ "R", 14 ], [ "R", 15 ], [ "R", 12 ], [ "R", 15 ], [ "R", 12 ], [ "R", 15 ] ]
    } ]
  },
  "ChorbiAdministratorController.list" : {
    "t" : [ {
      "id" : 0,
      "a" : [ [ "R", 6 ] ]
    } ]
  },
  "ChirpCustomerController.received" : {
    "t" : [ {
      "id" : 0,
      "a" : [ [ "R", 11 ], [ "R", 11 ], [ "R", 1 ], [ "R", 1 ], [ "R", 1 ], [ "R", 17 ], [ "R", 11 ], [ "R", 10 ], [ "R", 5 ], [ "R", 5 ], [ "R", 5 ], [ "R", 10 ], [ "R", 5 ] ]
    } ]
  },
  "ViewChorbiController.myProfile" : {
    "t" : [ {
      "id" : 0,
      "a" : [ [ "R", 11 ], [ "R", 11 ], [ "R", 6 ], [ "R", 6 ], [ "R", 6 ], [ "R", 17 ], [ "R", 11 ], [ "R", 11 ], [ "R", 11 ], [ "R", 1 ], [ "R", 1 ], [ "R", 1 ], [ "R", 17 ], [ "R", 6 ], [ "R", 11 ], [ "R", 11 ], [ "R", 1 ], [ "R", 1 ], [ "R", 1 ], [ "R", 17 ], [ "R", 11 ], [ "R", 11 ], [ "R", 11 ], [ "R", 11 ], [ "R", 11 ], [ "R", 11 ], [ "R", 1 ], [ "R", 1 ], [ "R", 1 ], [ "R", 17 ], [ "R", 11 ], [ "R", 13 ], [ "R", 13 ], [ "R", 13 ], [ "R", 6 ], [ "R", 13 ], [ "R", 6 ], [ "R", 11 ], [ "R", 11 ], [ "R", 11 ], [ "R", 13 ], [ "R", 13 ], [ "R", 13 ], [ "R", 6 ] ]
    } ]
  },
  "ChirpCustomerController.view" : {
    "t" : [ {
      "id" : 0,
      "a" : [ [ "R", 5 ], [ "R", 5 ], [ "R", 10 ], [ "R", 5 ], [ "R", 10 ], [ "R", 5 ], [ "R", 10 ], [ "R", 11 ], [ "R", 11 ], [ "R", 1 ], [ "R", 1 ], [ "R", 1 ], [ "R", 17 ], [ "R", 11 ], [ "R", 11 ], [ "R", 11 ], [ "R", 5 ], [ "R", 5 ], [ "R", 10 ], [ "R", 5 ], [ "R", 10 ], [ "R", 5 ], [ "R", 10 ], [ "R", 11 ], [ "R", 11 ], [ "R", 1 ], [ "R", 1 ], [ "R", 1 ], [ "R", 17 ], [ "R", 11 ], [ "R", 11 ], [ "R", 11 ], [ "R", 5 ], [ "R", 5 ], [ "R", 10 ], [ "R", 11 ], [ "R", 11 ], [ "R", 1 ], [ "R", 1 ], [ "R", 1 ], [ "R", 17 ], [ "R", 11 ], [ "R", 11 ], [ "R", 11 ], [ "R", 5 ], [ "R", 5 ], [ "R", 10 ], [ "R", 11 ], [ "R", 11 ], [ "R", 1 ], [ "R", 1 ], [ "R", 1 ], [ "R", 17 ], [ "R", 11 ], [ "R", 11 ], [ "R", 11 ], [ "R", 5 ], [ "R", 11 ], [ "R", 3 ], [ "R", 3 ], [ "R", 3 ], [ "R", 5 ] ]
    } ]
  },
  "LikesChorbiController.delete" : {
    "t" : [ {
      "id" : 0,
      "a" : [ [ "R", 13 ], [ "R", 11 ], [ "R", 11 ], [ "R", 13 ], [ "R", 11 ], [ "R", 11 ], [ "R", 6 ], [ "R", 6 ], [ "R", 6 ], [ "R", 17 ], [ "R", 13 ], [ "R", 6 ], [ "R", 11 ], [ "R", 11 ], [ "R", 11 ], [ "W", 13 ], [ "R", 11 ], [ "R", 11 ], [ "R", 6 ], [ "R", 6 ], [ "R", 6 ], [ "R", 17 ], [ "R", 11 ], [ "R", 13 ], [ "R", 13 ], [ "R", 13 ], [ "R", 6 ] ]
    } ]
  },
  "EventManagerController.edit" : {
    "t" : [ {
      "id" : 0,
      "a" : [ [ "R", 12 ] ]
    } ]
  },
  "ChirpCustomerController.write" : {
    "t" : [ {
      "id" : 0,
      "a" : [ [ "R", 11 ], [ "R", 10 ], [ "W", 5 ], [ "W", 10 ], [ "R", 1 ], [ "W", 5 ], [ "R", 11 ], [ "R", 11 ], [ "R", 1 ], [ "R", 1 ], [ "R", 1 ], [ "R", 17 ], [ "W", 5 ], [ "W", 10 ], [ "R", 1 ], [ "W", 5 ], [ "W", 5 ], [ "W", 5 ], [ "W", 5 ], [ "W", 5 ], [ "W", 3 ], [ "W", 5 ], [ "R", 10 ], [ "R", 5 ], [ "R", 10 ], [ "R", 5 ], [ "R", 10 ], [ "R", 11 ], [ "R", 11 ], [ "R", 1 ], [ "R", 1 ], [ "R", 1 ], [ "R", 17 ], [ "R", 5 ], [ "R", 10 ], [ "R", 11 ], [ "R", 11 ], [ "R", 11 ], [ "R", 11 ], [ "R", 5 ], [ "R", 10 ], [ "W", 5 ], [ "W", 10 ], [ "R", 5 ], [ "R", 10 ], [ "R", 1 ], [ "W", 5 ], [ "R", 5 ], [ "R", 10 ], [ "W", 5 ], [ "W", 10 ], [ "R", 5 ], [ "R", 10 ], [ "R", 1 ], [ "W", 5 ], [ "R", 5 ], [ "W", 5 ], [ "R", 5 ], [ "W", 5 ], [ "R", 5 ], [ "W", 5 ], [ "W", 5 ], [ "W", 5 ], [ "W", 3 ], [ "W", 5 ], [ "R", 3 ], [ "W", 3 ], [ "R", 3 ], [ "W", 3 ], [ "W", 3 ], [ "W", 5 ], [ "W", 3 ], [ "W", 5 ], [ "R", 3 ], [ "W", 3 ], [ "R", 3 ], [ "W", 3 ], [ "W", 3 ], [ "R", 10 ] ]
    } ]
  },
  "ConfigurationAdministratorController.view" : {
    "t" : [ {
      "id" : 0,
      "a" : [ [ "R", 7 ], [ "R", 7 ], [ "R", 7 ], [ "R", 7 ], [ "R", 7 ] ]
    } ]
  }
}