{
  "1" : "Actor",
  "2" : "Administrator",
  "3" : "Banner",
  "4" : "Bill",
  "5" : "Campaign",
  "6" : "Category",
  "7" : "Comment",
  "8" : "Contest",
  "9" : "Cook",
  "10" : "CreditCard",
  "11" : "Curriculum",
  "12" : "DomainEntity",
  "13" : "Endorser",
  "14" : "Folder",
  "15" : "Ingredient",
  "16" : "LearningMaterial",
  "17" : "MasterClass",
  "18" : "Message",
  "19" : "Nutritionist",
  "20" : "PresentationMaterial",
  "21" : "Property",
  "22" : "Quantity",
  "23" : "Recipe",
  "24" : "Score",
  "25" : "SocialIdentity",
  "26" : "SocialUser",
  "27" : "Sponsor",
  "28" : "Step",
  "29" : "SystemConfiguration",
  "30" : "TextMaterial",
  "31" : "User",
  "32" : "UserAccount",
  "33" : "Value",
  "34" : "VideoMaterial"
}