{
  "AssessmentLecturerController.save" : {
    "t" : [ {
      "id" : 0,
      "a" : [ [ "R", 3 ], [ "R", 6 ], [ "R", 6 ], [ "R", 4 ], [ "R", 7 ], [ "R", 11 ], [ "R", 11 ], [ "R", 11 ], [ "R", 4 ], [ "R", 11 ], [ "R", 11 ], [ "W", 11 ], [ "R", 6 ], [ "W", 3 ], [ "W", 6 ], [ "R", 11 ], [ "W", 3 ], [ "W", 3 ], [ "R", 3 ], [ "R", 6 ], [ "R", 6 ], [ "R", 4 ], [ "R", 7 ], [ "R", 11 ], [ "R", 11 ], [ "R", 11 ], [ "R", 4 ], [ "R", 11 ] ]
    } ]
  },
  "LearningMaterialLecturerController.edit" : {
    "t" : [ {
      "id" : 0,
      "a" : [ [ "R", 9 ], [ "R", 7 ], [ "R", 7 ], [ "R", 10 ], [ "R", 10 ], [ "R", 10 ], [ "R", 16 ], [ "R", 7 ], [ "R", 8 ], [ "R", 8 ], [ "R", 8 ], [ "R", 14 ], [ "R", 10 ] ]
    } ]
  },
  "DeliverableStudentController.delete" : {
    "t" : [ {
      "id" : 0,
      "a" : [ [ "W", 6 ] ]
    } ]
  },
  "LearningMaterialLecturerController.create" : {
    "t" : [ {
      "id" : 0,
      "a" : [ [ "R", 7 ], [ "R", 7 ], [ "R", 10 ], [ "R", 10 ], [ "R", 10 ], [ "R", 16 ], [ "R", 7 ], [ "R", 8 ], [ "R", 8 ], [ "R", 8 ], [ "R", 14 ], [ "R", 10 ] ]
    } ]
  },
  "RubricLecturerController.save" : {
    "t" : [ {
      "id" : 0,
      "a" : [ [ "R", 7 ], [ "R", 7 ], [ "R", 10 ], [ "R", 10 ], [ "R", 10 ], [ "R", 16 ], [ "R", 7 ], [ "R", 8 ], [ "R", 8 ], [ "R", 4 ], [ "R", 8 ], [ "R", 14 ], [ "R", 10 ], [ "R", 11 ], [ "R", 4 ], [ "R", 4 ], [ "R", 11 ], [ "W", 11 ], [ "R", 11 ], [ "R", 4 ], [ "R", 7 ], [ "R", 11 ], [ "R", 11 ], [ "R", 11 ], [ "R", 4 ], [ "R", 11 ], [ "R", 11 ], [ "R", 11 ], [ "W", 11 ], [ "W", 11 ], [ "R", 7 ], [ "R", 7 ], [ "R", 10 ], [ "R", 10 ], [ "R", 10 ], [ "R", 16 ], [ "R", 7 ], [ "R", 8 ], [ "R", 8 ], [ "R", 4 ], [ "R", 8 ], [ "R", 14 ], [ "R", 10 ] ]
    } ]
  },
  "BibliographyLecturerController.edit" : {
    "t" : [ {
      "id" : 0,
      "a" : [ [ "R", 5 ] ]
    } ]
  },
  "SyllabusLecturerController.listBibliographies" : {
    "t" : [ {
      "id" : 0,
      "a" : [ [ "R", 5 ], [ "R", 5 ], [ "R", 15 ], [ "R", 15 ], [ "R", 15 ], [ "R", 5 ], [ "R", 15 ] ]
    } ]
  },
  "SubjectAdministratorController.create" : {
    "t" : [ {
      "id" : 0,
      "a" : [ [ "W", 14 ], [ "R", 10 ] ]
    } ]
  },
  "SyllabusLecturerController.save" : {
    "t" : [ {
      "id" : 0,
      "a" : [ [ "R", 7 ], [ "R", 7 ], [ "R", 10 ], [ "R", 10 ], [ "R", 10 ], [ "R", 16 ], [ "R", 7 ], [ "R", 14 ], [ "R", 14 ], [ "R", 14 ], [ "R", 10 ], [ "R", 5 ], [ "R", 15 ], [ "R", 5 ], [ "R", 7 ], [ "R", 7 ], [ "R", 10 ], [ "R", 10 ], [ "R", 10 ], [ "R", 16 ], [ "R", 10 ], [ "W", 10 ], [ "R", 15 ], [ "R", 15 ], [ "R", 15 ], [ "R", 14 ], [ "R", 7 ], [ "R", 7 ], [ "R", 10 ], [ "R", 10 ], [ "R", 10 ], [ "R", 16 ], [ "R", 15 ], [ "R", 5 ], [ "R", 5 ], [ "W", 5 ], [ "R", 10 ], [ "W", 10 ], [ "R", 7 ], [ "R", 14 ], [ "R", 14 ], [ "R", 14 ], [ "R", 10 ], [ "R", 15 ], [ "R", 14 ], [ "W", 15 ], [ "R", 7 ], [ "R", 7 ], [ "R", 10 ], [ "R", 10 ], [ "R", 10 ], [ "R", 16 ], [ "R", 7 ], [ "R", 14 ], [ "R", 14 ], [ "R", 14 ], [ "R", 10 ], [ "R", 5 ] ]
    } ]
  },
  "SocialIdentityController.edit" : {
    "t" : [ {
      "id" : 0,
      "a" : [ [ "R", 7 ], [ "R", 7 ], [ "R", 1 ], [ "R", 1 ], [ "R", 1 ], [ "R", 16 ], [ "R", 12 ], [ "R", 12 ], [ "R", 1 ], [ "R", 7 ], [ "R", 7 ], [ "R", 7 ] ]
    } ]
  },
  "DeliverableStudentController.edit" : {
    "t" : [ {
      "id" : 0,
      "a" : [ [ "R", 7 ], [ "R", 7 ], [ "R", 13 ], [ "R", 13 ], [ "R", 13 ], [ "R", 16 ], [ "R", 6 ], [ "R", 6 ], [ "R", 4 ], [ "R", 4 ], [ "R", 8 ], [ "R", 8 ], [ "R", 13 ] ]
    } ]
  },
  "AssignmentStudentController.listByGroup" : {
    "t" : [ {
      "id" : 0,
      "a" : [ [ "R", 7 ], [ "R", 7 ], [ "R", 13 ], [ "R", 13 ], [ "R", 13 ], [ "R", 16 ], [ "R", 7 ], [ "R", 8 ], [ "R", 8 ], [ "R", 4 ], [ "R", 8 ], [ "R", 13 ], [ "R", 13 ], [ "R", 13 ], [ "R", 8 ], [ "R", 13 ] ]
    } ]
  },
  "LearningMaterialLecturerController.list" : {
    "t" : [ {
      "id" : 0,
      "a" : [ [ "R", 8 ], [ "R", 7 ], [ "R", 7 ], [ "R", 10 ], [ "R", 10 ], [ "R", 10 ], [ "R", 16 ], [ "R", 8 ], [ "R", 14 ], [ "R", 14 ], [ "R", 10 ], [ "R", 7 ], [ "R", 7 ], [ "R", 7 ], [ "R", 9 ], [ "R", 9 ], [ "R", 9 ], [ "R", 8 ] ]
    } ]
  },
  "StudentController.save" : {
    "t" : [ {
      "id" : 0,
      "a" : [ [ "W", 16 ], [ "R", 16 ], [ "R", 16 ], [ "W", 1 ], [ "W", 16 ], [ "R", 1 ], [ "R", 16 ], [ "W", 16 ], [ "R", 1 ], [ "R", 16 ], [ "W", 16 ], [ "W", 7 ], [ "W", 7 ], [ "W", 1 ], [ "W", 1 ], [ "W", 1 ], [ "W", 1 ], [ "R", 1 ], [ "R", 16 ], [ "R", 16 ], [ "R", 1 ], [ "R", 16 ], [ "W", 16 ], [ "W", 13 ] ]
    } ]
  },
  "AssignmentLecturerController.listByGroup" : {
    "t" : [ {
      "id" : 0,
      "a" : [ [ "R", 7 ], [ "R", 7 ], [ "R", 10 ], [ "R", 10 ], [ "R", 10 ], [ "R", 16 ], [ "R", 7 ], [ "R", 8 ], [ "R", 8 ], [ "R", 4 ], [ "R", 8 ], [ "R", 8 ], [ "R", 14 ], [ "R", 10 ] ]
    } ]
  },
  "AssessmentLecturerController.create" : {
    "t" : [ {
      "id" : 0,
      "a" : [ [ "W", 3 ], [ "R", 6 ], [ "W", 3 ], [ "W", 6 ], [ "R", 3 ], [ "R", 6 ], [ "R", 6 ], [ "R", 4 ], [ "R", 7 ], [ "R", 11 ], [ "R", 11 ], [ "R", 11 ], [ "R", 4 ], [ "R", 11 ] ]
    } ]
  },
  "GroupStudentController.listMyGroups" : {
    "t" : [ {
      "id" : 0,
      "a" : [ [ "R", 7 ], [ "R", 7 ], [ "R", 13 ], [ "R", 13 ], [ "R", 13 ], [ "R", 16 ], [ "R", 7 ], [ "R", 13 ], [ "R", 13 ], [ "R", 8 ], [ "R", 13 ] ]
    } ]
  },
  "DeliverableStudentController.list" : {
    "t" : [ {
      "id" : 0,
      "a" : [ [ "R", 4 ], [ "R", 7 ], [ "R", 7 ], [ "R", 13 ], [ "R", 13 ], [ "R", 13 ], [ "R", 16 ], [ "R", 4 ], [ "R", 8 ], [ "R", 8 ], [ "R", 13 ], [ "R", 6 ], [ "R", 6 ], [ "R", 6 ], [ "R", 4 ], [ "R", 11 ], [ "R", 11 ], [ "R", 11 ], [ "R", 4 ], [ "R", 11 ] ]
    } ]
  },
  "AssignmentLecturerController.delete" : {
    "t" : [ {
      "id" : 0,
      "a" : [ [ "W", 4 ], [ "R", 7 ], [ "R", 7 ], [ "R", 10 ], [ "R", 10 ], [ "R", 10 ], [ "R", 16 ], [ "R", 7 ], [ "R", 8 ], [ "R", 8 ], [ "R", 8 ], [ "R", 14 ], [ "R", 10 ] ]
    } ]
  },
  "RubricLecturerController.edit" : {
    "t" : [ {
      "id" : 0,
      "a" : [ [ "R", 11 ], [ "R", 7 ], [ "R", 7 ], [ "R", 10 ], [ "R", 10 ], [ "R", 10 ], [ "R", 16 ], [ "R", 7 ], [ "R", 8 ], [ "R", 8 ], [ "R", 4 ], [ "R", 8 ], [ "R", 14 ], [ "R", 10 ] ]
    } ]
  },
  "BibliographyLecturerController.list" : {
    "t" : [ {
      "id" : 0,
      "a" : [ [ "R", 5 ] ]
    } ]
  },
  "SocialIdentityController.create" : {
    "t" : [ {
      "id" : 0,
      "a" : [ [ "R", 7 ], [ "R", 7 ], [ "R", 1 ], [ "R", 1 ], [ "R", 1 ], [ "R", 16 ], [ "W", 12 ], [ "W", 1 ] ]
    } ]
  },
  "SubjectController.list" : {
    "t" : [ {
      "id" : 0,
      "a" : [ [ "R", 14 ] ]
    } ]
  },
  "DeliverableStudentController.save" : {
    "t" : [ {
      "id" : 0,
      "a" : [ [ "R", 4 ], [ "W", 6 ], [ "W", 4 ], [ "R", 7 ], [ "R", 7 ], [ "R", 13 ], [ "R", 13 ], [ "R", 13 ], [ "R", 16 ], [ "R", 6 ], [ "R", 4 ], [ "R", 4 ], [ "R", 6 ], [ "W", 6 ], [ "W", 6 ], [ "W", 13 ], [ "W", 6 ], [ "R", 6 ], [ "R", 4 ], [ "R", 4 ], [ "R", 6 ], [ "R", 4 ], [ "R", 4 ], [ "R", 6 ], [ "W", 6 ] ]
    } ]
  },
  "GroupLecturerController.list" : {
    "t" : [ {
      "id" : 0,
      "a" : [ [ "R", 7 ], [ "R", 7 ], [ "R", 10 ], [ "R", 10 ], [ "R", 10 ], [ "R", 16 ], [ "R", 7 ], [ "R", 8 ], [ "R", 8 ], [ "R", 8 ], [ "R", 14 ], [ "R", 10 ] ]
    } ]
  },
  "AdministratorController.dashboard" : {
    "t" : [ {
      "id" : 0,
      "a" : [ [ "R", 14 ], [ "R", 14 ], [ "R", 14 ], [ "R", 8 ], [ "R", 14 ], [ "R", 8 ], [ "R", 13 ], [ "R", 14 ], [ "R", 8 ], [ "R", 13 ], [ "R", 14 ], [ "R", 14 ], [ "R", 13 ], [ "R", 13 ], [ "R", 8 ], [ "R", 13 ], [ "R", 13 ], [ "R", 13 ], [ "R", 8 ], [ "R", 13 ], [ "R", 13 ], [ "R", 13 ], [ "R", 8 ], [ "R", 13 ], [ "R", 13 ], [ "R", 8 ], [ "R", 13 ], [ "R", 8 ], [ "R", 13 ], [ "R", 13 ], [ "R", 13 ], [ "R", 8 ], [ "R", 13 ], [ "R", 13 ], [ "R", 8 ], [ "R", 1 ], [ "R", 10 ], [ "R", 10 ], [ "R", 14 ], [ "R", 10 ], [ "R", 10 ], [ "R", 14 ], [ "R", 10 ], [ "R", 10 ], [ "R", 10 ], [ "R", 14 ], [ "R", 10 ], [ "R", 10 ], [ "R", 14 ], [ "R", 10 ], [ "R", 10 ], [ "R", 14 ], [ "R", 10 ], [ "R", 14 ], [ "R", 10 ], [ "R", 10 ], [ "R", 14 ], [ "R", 10 ], [ "R", 10 ], [ "R", 14 ], [ "R", 1 ], [ "R", 8 ], [ "R", 8 ], [ "R", 13 ], [ "R", 8 ], [ "R", 8 ], [ "R", 13 ], [ "R", 8 ], [ "R", 8 ], [ "R", 8 ], [ "R", 13 ], [ "R", 8 ], [ "R", 8 ], [ "R", 13 ], [ "R", 8 ], [ "R", 8 ], [ "R", 13 ], [ "R", 8 ], [ "R", 13 ], [ "R", 8 ], [ "R", 8 ], [ "R", 13 ], [ "R", 8 ], [ "R", 8 ], [ "R", 13 ], [ "R", 8 ], [ "R", 10 ], [ "R", 10 ], [ "R", 8 ], [ "R", 8 ], [ "R", 9 ], [ "R", 8 ], [ "R", 14 ], [ "R", 10 ], [ "R", 10 ], [ "R", 10 ], [ "R", 8 ], [ "R", 8 ], [ "R", 9 ], [ "R", 8 ], [ "R", 14 ], [ "R", 10 ], [ "R", 10 ], [ "R", 1 ], [ "R", 8 ], [ "R", 8 ], [ "R", 9 ], [ "R", 14 ], [ "R", 14 ], [ "R", 8 ], [ "R", 8 ], [ "R", 9 ], [ "R", 8 ], [ "R", 14 ], [ "R", 14 ], [ "R", 14 ], [ "R", 8 ], [ "R", 8 ], [ "R", 9 ], [ "R", 8 ], [ "R", 14 ], [ "R", 14 ], [ "R", 14 ], [ "R", 1 ], [ "R", 1 ], [ "R", 12 ], [ "R", 14 ], [ "R", 14 ], [ "R", 15 ], [ "R", 15 ], [ "R", 15 ], [ "R", 5 ], [ "R", 14 ], [ "R", 14 ], [ "R", 15 ], [ "R", 15 ], [ "R", 5 ], [ "R", 15 ], [ "R", 14 ], [ "R", 14 ], [ "R", 14 ], [ "R", 15 ], [ "R", 15 ], [ "R", 5 ], [ "R", 15 ], [ "R", 14 ], [ "R", 14 ], [ "R", 14 ], [ "R", 4 ], [ "R", 4 ], [ "R", 11 ], [ "R", 4 ], [ "R", 4 ], [ "R", 4 ], [ "R", 11 ], [ "R", 4 ], [ "R", 4 ], [ "R", 11 ], [ "R", 4 ], [ "R", 4 ], [ "R", 11 ], [ "R", 4 ], [ "R", 11 ], [ "R", 4 ], [ "R", 4 ], [ "R", 11 ], [ "R", 4 ], [ "R", 4 ], [ "R", 11 ], [ "R", 4 ], [ "R", 10 ], [ "R", 10 ], [ "R", 14 ], [ "R", 10 ], [ "R", 14 ], [ "R", 8 ], [ "R", 10 ], [ "R", 14 ], [ "R", 8 ], [ "R", 4 ], [ "R", 10 ], [ "R", 4 ], [ "R", 4 ], [ "R", 11 ], [ "R", 4 ], [ "R", 8 ], [ "R", 14 ], [ "R", 10 ], [ "R", 10 ], [ "R", 10 ], [ "R", 4 ], [ "R", 4 ], [ "R", 11 ], [ "R", 4 ], [ "R", 8 ], [ "R", 14 ], [ "R", 10 ], [ "R", 10 ], [ "R", 1 ], [ "R", 10 ], [ "R", 10 ], [ "R", 14 ], [ "R", 10 ], [ "R", 14 ], [ "R", 8 ], [ "R", 10 ], [ "R", 14 ], [ "R", 8 ], [ "R", 4 ], [ "R", 10 ], [ "R", 4 ], [ "R", 4 ], [ "R", 11 ], [ "R", 4 ], [ "R", 8 ], [ "R", 14 ], [ "R", 10 ], [ "R", 10 ], [ "R", 10 ], [ "R", 4 ], [ "R", 4 ], [ "R", 11 ], [ "R", 4 ], [ "R", 8 ], [ "R", 14 ], [ "R", 10 ], [ "R", 10 ], [ "R", 1 ] ]
    } ]
  },
  "SubjectAdministratorController.save" : {
    "t" : [ {
      "id" : 0,
      "a" : [ [ "R", 10 ], [ "W", 14 ], [ "R", 10 ] ]
    } ]
  },
  "StudentController.modifyProfile" : {
    "t" : [ {
      "id" : 0,
      "a" : [ [ "R", 7 ], [ "R", 7 ], [ "R", 13 ], [ "R", 13 ], [ "R", 13 ], [ "R", 16 ], [ "R", 1 ], [ "R", 1 ], [ "R", 1 ], [ "R", 1 ], [ "W", 1 ], [ "W", 1 ], [ "W", 1 ], [ "W", 1 ] ]
    } ]
  },
  "AssignmentLecturerController.create" : {
    "t" : [ {
      "id" : 0,
      "a" : [ [ "W", 11 ], [ "W", 11 ], [ "W", 11 ], [ "W", 11 ], [ "W", 4 ], [ "W", 11 ], [ "R", 7 ], [ "R", 7 ], [ "R", 10 ], [ "R", 10 ], [ "R", 10 ], [ "R", 16 ], [ "R", 7 ], [ "R", 8 ], [ "R", 8 ], [ "R", 8 ], [ "R", 14 ], [ "R", 10 ] ]
    } ]
  },
  "RubricLecturerController.delete" : {
    "t" : [ {
      "id" : 0,
      "a" : [ [ "W", 11 ], [ "R", 7 ], [ "R", 7 ], [ "R", 10 ], [ "R", 10 ], [ "R", 10 ], [ "R", 16 ], [ "R", 7 ], [ "R", 8 ], [ "R", 8 ], [ "R", 4 ], [ "R", 8 ], [ "R", 14 ], [ "R", 10 ] ]
    } ]
  },
  "BibliographyLecturerController.delete" : {
    "t" : [ {
      "id" : 0,
      "a" : [ [ "W", 5 ] ]
    } ]
  },
  "GroupLecturerController.delete" : {
    "t" : [ {
      "id" : 0,
      "a" : [ [ "W", 8 ], [ "R", 7 ], [ "R", 7 ], [ "R", 10 ], [ "R", 10 ], [ "R", 10 ], [ "R", 16 ], [ "R", 7 ], [ "R", 14 ], [ "R", 14 ], [ "R", 14 ], [ "R", 10 ] ]
    } ]
  },
  "SyllabusLecturerController.create" : {
    "t" : [ {
      "id" : 0,
      "a" : [ [ "R", 7 ], [ "R", 7 ], [ "R", 10 ], [ "R", 10 ], [ "R", 10 ], [ "R", 16 ], [ "R", 7 ], [ "R", 14 ], [ "R", 14 ], [ "R", 14 ], [ "R", 10 ], [ "R", 5 ] ]
    } ]
  },
  "GroupLecturerController.edit" : {
    "t" : [ {
      "id" : 0,
      "a" : [ [ "R", 8 ], [ "R", 7 ], [ "R", 7 ], [ "R", 10 ], [ "R", 10 ], [ "R", 10 ], [ "R", 16 ], [ "R", 7 ], [ "R", 14 ], [ "R", 14 ], [ "R", 14 ], [ "R", 10 ] ]
    } ]
  },
  "SubjectLecturerController.list" : {
    "t" : [ {
      "id" : 0,
      "a" : [ [ "R", 7 ], [ "R", 7 ], [ "R", 10 ], [ "R", 10 ], [ "R", 10 ], [ "R", 16 ], [ "R", 7 ], [ "R", 14 ], [ "R", 14 ], [ "R", 14 ], [ "R", 10 ] ]
    } ]
  },
  "DeliverableLecturerController.list" : {
    "t" : [ {
      "id" : 0,
      "a" : [ [ "R", 4 ], [ "R", 7 ], [ "R", 7 ], [ "R", 10 ], [ "R", 10 ], [ "R", 10 ], [ "R", 16 ], [ "R", 4 ], [ "R", 8 ], [ "R", 8 ], [ "R", 14 ], [ "R", 14 ], [ "R", 10 ], [ "R", 7 ], [ "R", 7 ], [ "R", 7 ], [ "R", 6 ], [ "R", 6 ], [ "R", 6 ], [ "R", 4 ], [ "R", 11 ], [ "R", 11 ], [ "R", 11 ], [ "R", 4 ], [ "R", 11 ], [ "R", 4 ], [ "R", 7 ], [ "R", 11 ], [ "R", 11 ], [ "R", 11 ], [ "R", 4 ], [ "R", 11 ] ]
    } ]
  },
  "SubjectLecturerController.listSyllabi" : {
    "t" : [ {
      "id" : 0,
      "a" : [ [ "R", 7 ], [ "R", 7 ], [ "R", 10 ], [ "R", 10 ], [ "R", 10 ], [ "R", 16 ], [ "R", 7 ], [ "R", 15 ], [ "R", 15 ], [ "R", 15 ], [ "R", 14 ], [ "R", 15 ], [ "R", 14 ], [ "R", 10 ] ]
    } ]
  },
  "SubjectAdministratorController.edit" : {
    "t" : [ {
      "id" : 0,
      "a" : [ [ "R", 14 ], [ "R", 10 ] ]
    } ]
  },
  "GroupStudentController.join" : {
    "t" : [ {
      "id" : 0,
      "a" : [ [ "R", 8 ], [ "R", 8 ], [ "R", 13 ], [ "R", 7 ], [ "R", 7 ], [ "R", 13 ], [ "R", 13 ], [ "R", 13 ], [ "R", 16 ], [ "R", 13 ], [ "R", 8 ], [ "W", 8 ], [ "W", 13 ], [ "W", 13 ], [ "W", 8 ] ]
    } ]
  },
  "SubjectLecturerController.display" : {
    "t" : [ {
      "id" : 0,
      "a" : [ [ "R", 14 ], [ "R", 15 ], [ "R", 15 ], [ "R", 15 ], [ "R", 14 ], [ "R", 15 ] ]
    } ]
  },
  "GroupLecturerController.save" : {
    "t" : [ {
      "id" : 0,
      "a" : [ [ "R", 7 ], [ "R", 7 ], [ "R", 10 ], [ "R", 10 ], [ "R", 10 ], [ "R", 16 ], [ "R", 7 ], [ "R", 14 ], [ "R", 14 ], [ "R", 14 ], [ "R", 10 ], [ "W", 8 ], [ "R", 7 ], [ "R", 7 ], [ "R", 10 ], [ "R", 10 ], [ "R", 10 ], [ "R", 16 ], [ "R", 7 ], [ "R", 14 ], [ "R", 14 ], [ "R", 14 ], [ "R", 10 ] ]
    } ]
  },
  "BibliographyLecturerController.save" : {
    "t" : [ {
      "id" : 0,
      "a" : [ [ "W", 5 ] ]
    } ]
  },
  "RubricStudentController.list" : {
    "t" : [ {
      "id" : 0,
      "a" : [ [ "R", 4 ], [ "R", 7 ], [ "R", 7 ], [ "R", 13 ], [ "R", 13 ], [ "R", 13 ], [ "R", 16 ], [ "R", 11 ], [ "R", 11 ], [ "R", 11 ], [ "R", 11 ], [ "R", 4 ], [ "R", 4 ], [ "R", 8 ], [ "R", 8 ], [ "R", 13 ] ]
    } ]
  },
  "LearningMaterialStudentController.list" : {
    "t" : [ {
      "id" : 0,
      "a" : [ [ "R", 8 ], [ "R", 7 ], [ "R", 7 ], [ "R", 13 ], [ "R", 13 ], [ "R", 13 ], [ "R", 16 ], [ "R", 8 ], [ "R", 13 ], [ "R", 9 ], [ "R", 9 ], [ "R", 9 ], [ "R", 8 ] ]
    } ]
  },
  "StudentController.list" : {
    "t" : [ {
      "id" : 0,
      "a" : [ [ "R", 13 ] ]
    } ]
  },
  "AssessmentLecturerController.delete" : {
    "t" : [ {
      "id" : 0,
      "a" : [ [ "W", 3 ], [ "R", 3 ], [ "R", 6 ], [ "R", 6 ], [ "R", 4 ], [ "R", 7 ], [ "R", 11 ], [ "R", 11 ], [ "R", 11 ], [ "R", 4 ], [ "R", 11 ] ]
    } ]
  },
  "AssignmentLecturerController.edit" : {
    "t" : [ {
      "id" : 0,
      "a" : [ [ "R", 4 ], [ "R", 7 ], [ "R", 7 ], [ "R", 10 ], [ "R", 10 ], [ "R", 10 ], [ "R", 16 ], [ "R", 7 ], [ "R", 8 ], [ "R", 8 ], [ "R", 8 ], [ "R", 14 ], [ "R", 10 ] ]
    } ]
  },
  "SubjectController.listLecturers" : {
    "t" : [ {
      "id" : 0,
      "a" : [ [ "R", 14 ], [ "R", 14 ], [ "R", 10 ], [ "R", 14 ] ]
    } ]
  },
  "GroupStudentController.list" : {
    "t" : [ {
      "id" : 0,
      "a" : [ [ "R", 8 ], [ "R", 7 ], [ "R", 7 ], [ "R", 13 ], [ "R", 13 ], [ "R", 13 ], [ "R", 16 ] ]
    } ]
  },
  "LearningMaterialLecturerController.delete" : {
    "t" : [ {
      "id" : 0,
      "a" : [ [ "W", 9 ], [ "R", 7 ], [ "R", 7 ], [ "R", 10 ], [ "R", 10 ], [ "R", 10 ], [ "R", 16 ], [ "R", 7 ], [ "R", 8 ], [ "R", 8 ], [ "R", 8 ], [ "R", 14 ], [ "R", 10 ] ]
    } ]
  },
  "DeliverableStudentController.create" : {
    "t" : [ {
      "id" : 0,
      "a" : [ [ "R", 7 ], [ "R", 7 ], [ "R", 13 ], [ "R", 13 ], [ "R", 13 ], [ "R", 16 ], [ "W", 6 ], [ "W", 6 ], [ "W", 13 ], [ "W", 6 ], [ "R", 4 ], [ "W", 6 ], [ "W", 4 ] ]
    } ]
  },
  "AssignmentLecturerController.save" : {
    "t" : [ {
      "id" : 0,
      "a" : [ [ "R", 7 ], [ "R", 7 ], [ "R", 10 ], [ "R", 10 ], [ "R", 10 ], [ "R", 16 ], [ "R", 7 ], [ "R", 8 ], [ "R", 8 ], [ "R", 8 ], [ "R", 14 ], [ "R", 10 ], [ "R", 4 ], [ "R", 11 ], [ "W", 11 ], [ "W", 11 ], [ "W", 11 ], [ "W", 11 ], [ "W", 11 ], [ "W", 11 ], [ "W", 4 ], [ "W", 4 ], [ "W", 11 ], [ "R", 4 ], [ "R", 4 ], [ "R", 4 ], [ "W", 4 ], [ "R", 7 ], [ "R", 7 ], [ "R", 10 ], [ "R", 10 ], [ "R", 10 ], [ "R", 16 ], [ "R", 7 ], [ "R", 8 ], [ "R", 8 ], [ "R", 8 ], [ "R", 14 ], [ "R", 10 ] ]
    } ]
  },
  "SubjectController.listSyllabi" : {
    "t" : [ {
      "id" : 0,
      "a" : [ [ "R", 15 ], [ "R", 15 ], [ "R", 15 ], [ "R", 14 ] ]
    } ]
  },
  "StudentController.edit" : {
    "t" : [ {
      "id" : 0,
      "a" : [ [ "R", 7 ], [ "R", 7 ], [ "R", 13 ], [ "R", 13 ], [ "R", 13 ], [ "R", 16 ] ]
    } ]
  },
  "BibliographyController.listBibliographies" : {
    "t" : [ {
      "id" : 0,
      "a" : [ [ "R", 5 ], [ "R", 5 ], [ "R", 15 ], [ "R", 15 ], [ "R", 15 ], [ "R", 5 ], [ "R", 15 ] ]
    } ]
  },
  "RubricLecturerController.create" : {
    "t" : [ {
      "id" : 0,
      "a" : [ [ "W", 11 ], [ "W", 11 ], [ "R", 7 ], [ "R", 7 ], [ "R", 10 ], [ "R", 10 ], [ "R", 10 ], [ "R", 16 ], [ "R", 7 ], [ "R", 8 ], [ "R", 8 ], [ "R", 4 ], [ "R", 8 ], [ "R", 14 ], [ "R", 10 ] ]
    } ]
  },
  "GroupLecturerController.create" : {
    "t" : [ {
      "id" : 0,
      "a" : [ [ "R", 7 ], [ "R", 7 ], [ "R", 10 ], [ "R", 10 ], [ "R", 10 ], [ "R", 16 ], [ "R", 7 ], [ "R", 14 ], [ "R", 14 ], [ "R", 14 ], [ "R", 10 ] ]
    } ]
  },
  "SyllabusLecturerController.delete" : {
    "t" : [ {
      "id" : 0,
      "a" : [ [ "R", 15 ], [ "R", 14 ], [ "R", 14 ], [ "R", 10 ], [ "R", 7 ], [ "R", 7 ], [ "R", 7 ], [ "R", 1 ], [ "R", 1 ], [ "R", 1 ], [ "R", 16 ], [ "R", 7 ], [ "W", 15 ], [ "R", 7 ], [ "R", 7 ], [ "R", 10 ], [ "R", 10 ], [ "R", 10 ], [ "R", 16 ], [ "R", 7 ], [ "R", 14 ], [ "R", 14 ], [ "R", 14 ], [ "R", 10 ], [ "R", 5 ] ]
    } ]
  },
  "SocialIdentityController.save" : {
    "t" : [ {
      "id" : 0,
      "a" : [ [ "R", 7 ], [ "R", 7 ], [ "R", 1 ], [ "R", 1 ], [ "R", 1 ], [ "R", 16 ], [ "W", 12 ], [ "W", 1 ], [ "W", 12 ] ]
    } ]
  },
  "RubricLecturerController.list" : {
    "t" : [ {
      "id" : 0,
      "a" : [ [ "R", 4 ], [ "R", 7 ], [ "R", 7 ], [ "R", 10 ], [ "R", 10 ], [ "R", 10 ], [ "R", 16 ], [ "R", 11 ], [ "R", 11 ], [ "R", 11 ], [ "R", 4 ], [ "R", 4 ], [ "R", 8 ], [ "R", 8 ], [ "R", 14 ], [ "R", 14 ], [ "R", 10 ], [ "R", 7 ], [ "R", 7 ], [ "R", 7 ] ]
    } ]
  },
  "LecturerController.list" : {
    "t" : [ {
      "id" : 0,
      "a" : [ [ "R", 10 ] ]
    } ]
  },
  "DeliverableLecturerController.computeMark" : {
    "t" : [ {
      "id" : 0,
      "a" : [ [ "R", 6 ], [ "R", 6 ], [ "R", 4 ], [ "R", 7 ], [ "R", 11 ], [ "R", 11 ], [ "R", 11 ], [ "R", 4 ], [ "R", 11 ], [ "R", 6 ], [ "R", 4 ], [ "R", 6 ], [ "R", 3 ], [ "R", 7 ], [ "R", 3 ], [ "R", 11 ], [ "R", 11 ], [ "R", 11 ], [ "R", 4 ], [ "R", 11 ], [ "R", 11 ], [ "R", 3 ], [ "W", 6 ], [ "R", 7 ] ]
    } ]
  },
  "AssessmentLecturerController.list" : {
    "t" : [ {
      "id" : 0,
      "a" : [ [ "R", 3 ], [ "R", 3 ], [ "R", 3 ], [ "R", 6 ] ]
    } ]
  },
  "AssignmentStudentController.list" : {
    "t" : [ {
      "id" : 0,
      "a" : [ [ "R", 7 ], [ "R", 7 ], [ "R", 13 ], [ "R", 13 ], [ "R", 13 ], [ "R", 16 ], [ "R", 7 ], [ "R", 13 ], [ "R", 13 ], [ "R", 8 ], [ "R", 13 ], [ "R", 8 ], [ "R", 4 ], [ "R", 13 ] ]
    } ]
  },
  "SyllabusLecturerController.list" : {
    "t" : [ {
      "id" : 0,
      "a" : [ [ "R", 7 ], [ "R", 7 ], [ "R", 10 ], [ "R", 10 ], [ "R", 10 ], [ "R", 16 ], [ "R", 7 ], [ "R", 15 ], [ "R", 15 ], [ "R", 15 ], [ "R", 14 ], [ "R", 10 ] ]
    } ]
  },
  "SocialIdentityController.delete" : {
    "t" : [ {
      "id" : 0,
      "a" : [ [ "W", 12 ] ]
    } ]
  },
  "LearningMaterialLecturerController.save" : {
    "t" : [ {
      "id" : 0,
      "a" : [ [ "R", 7 ], [ "R", 7 ], [ "R", 10 ], [ "R", 10 ], [ "R", 10 ], [ "R", 16 ], [ "R", 7 ], [ "R", 8 ], [ "R", 8 ], [ "R", 8 ], [ "R", 14 ], [ "R", 10 ], [ "W", 9 ], [ "R", 7 ], [ "R", 7 ], [ "R", 10 ], [ "R", 10 ], [ "R", 10 ], [ "R", 16 ], [ "R", 7 ], [ "R", 8 ], [ "R", 8 ], [ "R", 8 ], [ "R", 14 ], [ "R", 10 ] ]
    } ]
  },
  "BibliographyAdministratorController.list" : {
    "t" : [ {
      "id" : 0,
      "a" : [ [ "R", 5 ] ]
    } ]
  },
  "AssessmentLecturerController.edit" : {
    "t" : [ {
      "id" : 0,
      "a" : [ [ "R", 3 ], [ "R", 3 ], [ "R", 6 ], [ "R", 6 ], [ "R", 4 ], [ "R", 7 ], [ "R", 11 ], [ "R", 11 ], [ "R", 11 ], [ "R", 4 ], [ "R", 11 ] ]
    } ]
  },
  "SyllabusLecturerController.edit" : {
    "t" : [ {
      "id" : 0,
      "a" : [ [ "R", 15 ], [ "R", 15 ], [ "R", 14 ], [ "R", 14 ], [ "R", 10 ], [ "R", 7 ], [ "R", 7 ], [ "R", 10 ], [ "R", 10 ], [ "R", 10 ], [ "R", 16 ], [ "R", 7 ], [ "R", 7 ], [ "R", 7 ], [ "R", 7 ], [ "R", 7 ], [ "R", 10 ], [ "R", 10 ], [ "R", 10 ], [ "R", 16 ], [ "R", 7 ], [ "R", 14 ], [ "R", 14 ], [ "R", 14 ], [ "R", 10 ], [ "R", 5 ] ]
    } ]
  },
  "SocialIdentityController.list" : {
    "t" : [ {
      "id" : 0,
      "a" : [ [ "R", 7 ], [ "R", 7 ], [ "R", 1 ], [ "R", 1 ], [ "R", 1 ], [ "R", 16 ], [ "R", 7 ], [ "R", 12 ], [ "R", 12 ], [ "R", 12 ], [ "R", 1 ] ]
    } ]
  },
  "SubjectAdministratorController.delete" : {
    "t" : [ {
      "id" : 0,
      "a" : [ [ "W", 14 ], [ "R", 10 ] ]
    } ]
  },
  "LecturerController.listSubjects" : {
    "t" : [ {
      "id" : 0,
      "a" : [ [ "R", 14 ], [ "R", 14 ], [ "R", 14 ], [ "R", 10 ] ]
    } ]
  },
  "BibliographyLecturerController.create" : {
    "t" : [ {
      "id" : 0,
      "a" : [ [ "W", 5 ] ]
    } ]
  }
}