{
  "Accomodation" : 1,
  "Actor" : 2,
  "Admin" : 3,
  "BookingAccomodation" : 4,
  "BookingTransport" : 5,
  "Cleaner" : 6,
  "CleaningTask" : 7,
  "Complaint" : 8,
  "Config" : 9,
  "Curricula" : 10,
  "Customer" : 11,
  "DomainEntity" : 12,
  "EducationalData" : 13,
  "FinderAccomodation" : 14,
  "FinderRequest" : 15,
  "Host" : 16,
  "JobApplication" : 17,
  "Mailbox" : 18,
  "Message" : 19,
  "MiscellaneousAttachment" : 20,
  "Referee" : 21,
  "Request" : 22,
  "Review" : 23,
  "SocialProfile" : 24,
  "Tag" : 25,
  "Transport" : 26,
  "Transporter" : 27,
  "TravelAgency" : 28,
  "TravelPack" : 29,
  "UserAccount" : 30,
  "Valoration" : 31,
  "Warranty" : 32
}