{
  "1" : "Actor",
  "2" : "Administrator",
  "3" : "Area",
  "4" : "Box",
  "5" : "Brotherhood",
  "6" : "Chapter",
  "7" : "Customisation",
  "8" : "DomainEntity",
  "9" : "Enrolment",
  "10" : "Finder",
  "11" : "Float",
  "12" : "History",
  "13" : "InceptionRecord",
  "14" : "LegalRecord",
  "15" : "LinkRecord",
  "16" : "MemberEntity",
  "17" : "Message",
  "18" : "MiscellaneousRecord",
  "19" : "Parade",
  "20" : "PeriodRecord",
  "21" : "Position",
  "22" : "Proclaim",
  "23" : "Request",
  "24" : "Segment",
  "25" : "SocialProfile",
  "26" : "Sponsor",
  "27" : "Sponsorship",
  "28" : "TranslationPosition",
  "29" : "UserAccount"
}