{
  "1" : "Actor",
  "2" : "Administrator",
  "3" : "Announcement",
  "4" : "Artwork",
  "5" : "Category",
  "6" : "Comment",
  "7" : "Critic",
  "8" : "Critique",
  "9" : "DayPass",
  "10" : "Director",
  "11" : "DomainEntity",
  "12" : "Exhibition",
  "13" : "Group",
  "14" : "Guide",
  "15" : "Incident",
  "16" : "Invitation",
  "17" : "Museum",
  "18" : "Product",
  "19" : "Review",
  "20" : "Room",
  "21" : "Sponsor",
  "22" : "Sponsorship",
  "23" : "Store",
  "24" : "SystemConfiguration",
  "25" : "UserAccount",
  "26" : "Visitor"
}