{
  "CountryAdministratorController.delete" : {
    "t" : [ {
      "id" : 0,
      "a" : [ [ "R", 7 ], [ "W", 7 ], [ "W", 13 ], [ "W", 7 ], [ "W", 7 ], [ "W", 7 ], [ "W", 7 ], [ "R", 9 ], [ "R", 9 ], [ "R", 7 ], [ "R", 9 ], [ "R", 21 ], [ "R", 21 ], [ "R", 21 ], [ "R", 7 ], [ "W", 21 ], [ "W", 21 ], [ "W", 7 ], [ "R", 9 ], [ "R", 20 ], [ "W", 21 ], [ "W", 7 ], [ "R", 7 ], [ "W", 7 ], [ "W", 13 ], [ "W", 7 ], [ "W", 7 ], [ "W", 7 ], [ "W", 7 ], [ "R", 7 ], [ "R", 13 ], [ "R", 7 ], [ "R", 13 ] ]
    } ]
  },
  "RequirementController.list" : {
    "t" : [ {
      "id" : 0,
      "a" : [ [ "R", 21 ], [ "R", 21 ], [ "R", 7 ], [ "R", 21 ], [ "R", 7 ], [ "R", 13 ], [ "R", 21 ], [ "R", 7 ], [ "R", 13 ], [ "R", 18 ], [ "R", 21 ], [ "R", 7 ], [ "R", 13 ], [ "R", 18 ], [ "R", 21 ] ]
    } ]
  },
  "RegisterImmigrantController.edit" : {
    "t" : [ {
      "id" : 0,
      "a" : [ [ "R", 9 ], [ "R", 9 ], [ "R", 11 ], [ "R", 11 ], [ "R", 11 ], [ "R", 20 ], [ "R", 9 ], [ "R", 1 ], [ "R", 1 ], [ "R", 1 ], [ "R", 1 ], [ "R", 1 ], [ "R", 1 ], [ "R", 20 ], [ "R", 20 ] ]
    } ]
  },
  "WorkSectionImmigrantController.create" : {
    "t" : [ {
      "id" : 0,
      "a" : [ [ "R", 9 ], [ "R", 20 ], [ "R", 9 ], [ "R", 9 ], [ "R", 11 ], [ "R", 11 ], [ "R", 11 ], [ "R", 20 ], [ "R", 9 ], [ "R", 9 ], [ "R", 11 ], [ "R", 11 ], [ "R", 11 ], [ "R", 20 ], [ "R", 9 ], [ "R", 4 ], [ "R", 4 ], [ "R", 11 ], [ "R", 4 ], [ "R", 4 ], [ "R", 11 ] ]
    } ]
  },
  "SocialSectionImmigrantController.edit" : {
    "t" : [ {
      "id" : 0,
      "a" : [ [ "R", 9 ], [ "R", 9 ], [ "R", 11 ], [ "R", 11 ], [ "R", 11 ], [ "R", 20 ], [ "R", 19 ], [ "R", 4 ], [ "R", 4 ], [ "R", 19 ], [ "R", 4 ], [ "R", 4 ], [ "R", 19 ], [ "R", 4 ], [ "R", 19 ], [ "R", 4 ], [ "R", 19 ], [ "R", 11 ], [ "R", 4 ], [ "R", 9 ], [ "R", 9 ], [ "R", 11 ], [ "R", 11 ], [ "R", 11 ], [ "R", 20 ], [ "R", 9 ], [ "R", 4 ], [ "R", 4 ], [ "R", 11 ], [ "R", 4 ], [ "R", 4 ], [ "R", 11 ] ]
    } ]
  },
  "WorkSectionImmigrantController.edit" : {
    "t" : [ {
      "id" : 0,
      "a" : [ [ "R", 9 ], [ "R", 9 ], [ "R", 11 ], [ "R", 11 ], [ "R", 11 ], [ "R", 20 ], [ "R", 22 ], [ "R", 4 ], [ "R", 4 ], [ "R", 22 ], [ "R", 4 ], [ "R", 4 ], [ "R", 22 ], [ "R", 4 ], [ "R", 22 ], [ "R", 4 ], [ "R", 22 ], [ "R", 11 ], [ "R", 4 ], [ "R", 9 ], [ "R", 9 ], [ "R", 11 ], [ "R", 11 ], [ "R", 11 ], [ "R", 20 ], [ "R", 9 ], [ "R", 4 ], [ "R", 4 ], [ "R", 11 ], [ "R", 4 ], [ "R", 4 ], [ "R", 11 ] ]
    } ]
  },
  "ContactSectionImmigrantController.delete" : {
    "t" : [ {
      "id" : 0,
      "a" : [ [ "R", 9 ], [ "R", 9 ], [ "R", 6 ], [ "R", 9 ], [ "R", 4 ], [ "R", 4 ], [ "R", 6 ], [ "R", 4 ], [ "R", 4 ], [ "R", 6 ], [ "R", 4 ], [ "R", 6 ], [ "W", 4 ], [ "W", 6 ], [ "W", 6 ], [ "R", 9 ], [ "R", 9 ], [ "R", 11 ], [ "R", 11 ], [ "R", 11 ], [ "R", 20 ], [ "R", 9 ], [ "R", 4 ], [ "R", 4 ], [ "R", 11 ], [ "R", 4 ], [ "R", 4 ], [ "R", 11 ] ]
    } ]
  },
  "VisaAdministratorController.delete" : {
    "t" : [ {
      "id" : 0,
      "a" : [ [ "R", 21 ], [ "R", 9 ], [ "R", 9 ], [ "R", 21 ], [ "R", 9 ], [ "R", 4 ], [ "R", 4 ], [ "R", 21 ], [ "R", 4 ], [ "R", 4 ], [ "R", 21 ], [ "W", 4 ], [ "W", 21 ], [ "W", 21 ] ]
    } ]
  },
  "QuestionOfficerController.list" : {
    "t" : [ {
      "id" : 0,
      "a" : [ [ "R", 9 ], [ "R", 9 ], [ "R", 14 ], [ "R", 14 ], [ "R", 20 ], [ "R", 14 ], [ "R", 14 ], [ "R", 20 ], [ "R", 4 ], [ "R", 4 ], [ "R", 14 ], [ "R", 9 ], [ "R", 9 ], [ "R", 9 ], [ "R", 4 ], [ "R", 16 ], [ "R", 9 ] ]
    } ]
  },
  "EducationSectionImmigrantController.create" : {
    "t" : [ {
      "id" : 0,
      "a" : [ [ "R", 9 ], [ "R", 20 ], [ "R", 9 ], [ "R", 9 ], [ "R", 11 ], [ "R", 11 ], [ "R", 11 ], [ "R", 20 ], [ "R", 9 ], [ "R", 9 ], [ "R", 11 ], [ "R", 11 ], [ "R", 11 ], [ "R", 20 ], [ "R", 9 ], [ "R", 4 ], [ "R", 4 ], [ "R", 11 ], [ "R", 4 ], [ "R", 4 ], [ "R", 11 ] ]
    } ]
  },
  "ApplicationImmigrantController.display" : {
    "t" : [ {
      "id" : 0,
      "a" : [ [ "R", 9 ], [ "R", 9 ], [ "R", 11 ], [ "R", 11 ], [ "R", 11 ], [ "R", 20 ], [ "R", 9 ], [ "R", 4 ], [ "R", 4 ], [ "R", 11 ], [ "R", 4 ], [ "R", 4 ], [ "R", 11 ], [ "R", 4 ], [ "R", 15 ], [ "R", 4 ], [ "R", 6 ], [ "R", 4 ], [ "R", 22 ], [ "R", 4 ], [ "R", 19 ], [ "R", 4 ], [ "R", 10 ], [ "R", 9 ], [ "R", 9 ], [ "R", 11 ], [ "R", 11 ], [ "R", 11 ], [ "R", 20 ], [ "R", 9 ] ]
    } ]
  },
  "VisaController.listByCountry" : {
    "t" : [ {
      "id" : 0,
      "a" : [ [ "R", 21 ], [ "R", 21 ], [ "R", 7 ], [ "R", 21 ], [ "R", 21 ], [ "R", 7 ] ]
    } ]
  },
  "CategoryAdministratorController.create" : {
    "t" : [ {
      "id" : 0,
      "a" : [ [ "R", 9 ], [ "R", 20 ], [ "W", 5 ], [ "W", 5 ], [ "W", 5 ], [ "W", 5 ], [ "W", 5 ], [ "W", 5 ], [ "W", 5 ], [ "W", 21 ], [ "R", 5 ] ]
    } ]
  },
  "RequirementAdministratorController.create" : {
    "t" : [ {
      "id" : 0,
      "a" : [ [ "R", 13 ] ]
    } ]
  },
  "ImmigrantOfficerController.edit" : {
    "t" : [ {
      "id" : 0,
      "a" : [ [ "R", 11 ], [ "R", 9 ], [ "R", 9 ], [ "R", 14 ], [ "R", 14 ], [ "R", 20 ], [ "R", 14 ], [ "R", 14 ], [ "R", 20 ], [ "R", 11 ], [ "R", 4 ], [ "R", 14 ], [ "R", 4 ], [ "R", 11 ], [ "R", 12 ], [ "R", 12 ] ]
    } ]
  },
  "PersonalSectionImmigrantController.create" : {
    "t" : [ {
      "id" : 0,
      "a" : [ [ "R", 9 ], [ "R", 9 ], [ "R", 11 ], [ "R", 11 ], [ "R", 11 ], [ "R", 20 ], [ "W", 15 ] ]
    } ]
  },
  "InvestigatorController.saveEdit" : {
    "t" : [ {
      "id" : 0,
      "a" : [ [ "R", 12 ], [ "W", 20 ], [ "R", 20 ], [ "R", 20 ], [ "W", 1 ], [ "W", 20 ], [ "W", 12 ], [ "W", 17 ], [ "W", 1 ], [ "W", 1 ], [ "W", 1 ], [ "W", 1 ], [ "W", 1 ], [ "R", 1 ], [ "R", 20 ], [ "W", 20 ], [ "R", 1 ], [ "R", 20 ], [ "W", 20 ], [ "R", 1 ], [ "R", 20 ], [ "R", 20 ], [ "R", 1 ], [ "R", 20 ], [ "W", 20 ], [ "W", 12 ] ]
    } ]
  },
  "QuestionOfficerController.create" : {
    "t" : [ {
      "id" : 0,
      "a" : [ [ "R", 9 ], [ "R", 20 ], [ "R", 9 ], [ "R", 9 ], [ "R", 14 ], [ "R", 14 ], [ "R", 20 ], [ "R", 14 ], [ "R", 14 ], [ "R", 20 ], [ "R", 4 ], [ "R", 4 ], [ "R", 14 ], [ "R", 9 ], [ "R", 9 ], [ "R", 9 ], [ "R", 4 ], [ "W", 16 ], [ "W", 16 ], [ "W", 14 ], [ "W", 16 ], [ "W", 4 ], [ "R", 9 ], [ "R", 16 ], [ "R", 4 ], [ "R", 9 ], [ "R", 16 ] ]
    } ]
  },
  "ReportInvestigatorController.save" : {
    "t" : [ {
      "id" : 0,
      "a" : [ [ "R", 17 ], [ "R", 9 ], [ "R", 20 ], [ "R", 9 ], [ "R", 9 ], [ "R", 12 ], [ "R", 12 ], [ "R", 12 ], [ "R", 20 ], [ "R", 11 ], [ "W", 17 ], [ "W", 11 ], [ "W", 17 ], [ "W", 12 ], [ "R", 11 ], [ "R", 12 ], [ "R", 9 ], [ "R", 9 ], [ "R", 9 ], [ "W", 9 ], [ "W", 17 ], [ "W", 17 ], [ "R", 9 ], [ "R", 20 ], [ "W", 17 ] ]
    } ]
  },
  "ContactSectionImmigrantController.edit" : {
    "t" : [ {
      "id" : 0,
      "a" : [ [ "R", 9 ], [ "R", 9 ], [ "R", 11 ], [ "R", 11 ], [ "R", 11 ], [ "R", 20 ], [ "R", 6 ], [ "R", 4 ], [ "R", 4 ], [ "R", 6 ], [ "R", 4 ], [ "R", 4 ], [ "R", 6 ], [ "R", 4 ], [ "R", 6 ], [ "R", 4 ], [ "R", 6 ], [ "R", 11 ], [ "R", 4 ], [ "R", 9 ], [ "R", 9 ], [ "R", 11 ], [ "R", 11 ], [ "R", 11 ], [ "R", 20 ], [ "R", 9 ], [ "R", 4 ], [ "R", 4 ], [ "R", 11 ], [ "R", 4 ], [ "R", 4 ], [ "R", 11 ] ]
    } ]
  },
  "SocialSectionImmigrantController.create" : {
    "t" : [ {
      "id" : 0,
      "a" : [ [ "R", 9 ], [ "R", 20 ], [ "R", 9 ], [ "R", 9 ], [ "R", 11 ], [ "R", 11 ], [ "R", 11 ], [ "R", 20 ], [ "R", 9 ], [ "R", 9 ], [ "R", 11 ], [ "R", 11 ], [ "R", 11 ], [ "R", 20 ], [ "R", 9 ], [ "R", 4 ], [ "R", 4 ], [ "R", 11 ], [ "R", 4 ], [ "R", 4 ], [ "R", 11 ] ]
    } ]
  },
  "ApplicationImmigrantController.save" : {
    "t" : [ {
      "id" : 0,
      "a" : [ [ "R", 21 ], [ "R", 4 ], [ "R", 4 ], [ "R", 19 ], [ "R", 4 ], [ "R", 19 ], [ "R", 9 ], [ "R", 20 ], [ "R", 9 ], [ "R", 9 ], [ "R", 11 ], [ "R", 11 ], [ "R", 11 ], [ "R", 20 ], [ "W", 4 ], [ "W", 4 ], [ "W", 4 ], [ "W", 15 ], [ "W", 4 ], [ "W", 6 ], [ "W", 4 ], [ "W", 22 ], [ "W", 4 ], [ "W", 19 ], [ "W", 4 ], [ "W", 10 ], [ "W", 4 ], [ "W", 16 ], [ "W", 4 ], [ "W", 11 ], [ "W", 4 ], [ "W", 4 ], [ "W", 4 ], [ "W", 15 ], [ "W", 15 ], [ "W", 15 ], [ "W", 15 ], [ "W", 4 ], [ "W", 15 ], [ "W", 19 ], [ "W", 19 ], [ "W", 19 ], [ "W", 4 ], [ "W", 19 ], [ "W", 4 ], [ "W", 21 ], [ "W", 4 ], [ "W", 4 ], [ "R", 4 ], [ "R", 4 ], [ "R", 4 ], [ "W", 4 ], [ "W", 4 ], [ "R", 4 ], [ "R", 4 ], [ "R", 9 ], [ "R", 20 ], [ "R", 9 ], [ "R", 9 ], [ "R", 11 ], [ "R", 11 ], [ "R", 11 ], [ "R", 20 ], [ "R", 9 ], [ "R", 4 ], [ "R", 11 ], [ "R", 9 ], [ "R", 4 ], [ "R", 11 ], [ "R", 11 ], [ "R", 4 ], [ "W", 11 ], [ "R", 4 ], [ "W", 4 ], [ "R", 4 ], [ "R", 21 ], [ "R", 9 ], [ "R", 4 ], [ "R", 4 ], [ "R", 21 ], [ "R", 4 ], [ "R", 4 ], [ "R", 4 ], [ "R", 21 ], [ "R", 4 ], [ "R", 11 ], [ "R", 9 ], [ "R", 9 ], [ "R", 11 ], [ "R", 11 ], [ "R", 11 ], [ "R", 20 ], [ "W", 4 ], [ "R", 4 ], [ "R", 4 ], [ "R", 4 ], [ "R", 4 ], [ "R", 4 ], [ "R", 4 ], [ "R", 4 ], [ "W", 4 ], [ "W", 4 ], [ "W", 4 ], [ "R", 21 ] ]
    } ]
  },
  "ApplicationImmigrantController.create" : {
    "t" : [ {
      "id" : 0,
      "a" : [ [ "R", 21 ] ]
    } ]
  },
  "InvertigatorInvestigatorController.save" : {
    "t" : [ {
      "id" : 0,
      "a" : [ [ "R", 1 ], [ "R", 20 ], [ "R", 20 ], [ "R", 1 ], [ "R", 20 ], [ "W", 20 ], [ "W", 12 ] ]
    } ]
  },
  "ApplicationOfficerController.listAccepted" : {
    "t" : [ {
      "id" : 0,
      "a" : [ [ "R", 9 ], [ "R", 9 ], [ "R", 14 ], [ "R", 14 ], [ "R", 20 ], [ "R", 14 ], [ "R", 14 ], [ "R", 20 ], [ "R", 9 ], [ "R", 14 ], [ "R", 14 ], [ "R", 8 ], [ "R", 14 ], [ "R", 8 ], [ "R", 4 ], [ "R", 14 ], [ "R", 8 ], [ "R", 4 ], [ "R", 14 ], [ "R", 8 ], [ "R", 14 ], [ "R", 8 ] ]
    } ]
  },
  "LawAdministratorController.delete" : {
    "t" : [ {
      "id" : 0,
      "a" : [ [ "R", 13 ], [ "R", 9 ], [ "R", 20 ], [ "R", 9 ], [ "R", 13 ], [ "R", 13 ], [ "R", 13 ], [ "R", 13 ], [ "R", 13 ], [ "R", 13 ], [ "W", 13 ], [ "W", 13 ], [ "R", 9 ], [ "R", 20 ], [ "W", 13 ], [ "R", 13 ], [ "R", 7 ], [ "R", 7 ], [ "R", 13 ], [ "W", 7 ], [ "W", 13 ], [ "R", 9 ], [ "R", 20 ], [ "W", 7 ], [ "R", 13 ], [ "R", 18 ], [ "R", 9 ], [ "R", 9 ], [ "R", 18 ], [ "W", 18 ], [ "W", 13 ], [ "R", 13 ], [ "R", 18 ], [ "R", 7 ] ]
    } ]
  },
  "LawAdministratorController.save" : {
    "t" : [ {
      "id" : 0,
      "a" : [ [ "R", 13 ], [ "R", 18 ], [ "R", 7 ], [ "R", 13 ], [ "R", 9 ], [ "R", 20 ], [ "W", 13 ], [ "W", 18 ], [ "W", 13 ], [ "W", 13 ], [ "W", 9 ], [ "W", 13 ], [ "W", 13 ], [ "W", 13 ], [ "W", 13 ], [ "W", 13 ], [ "W", 13 ], [ "W", 13 ], [ "W", 13 ], [ "W", 13 ], [ "W", 13 ], [ "W", 13 ], [ "W", 13 ], [ "W", 18 ], [ "W", 13 ], [ "W", 7 ], [ "R", 9 ], [ "R", 20 ], [ "W", 13 ], [ "R", 13 ], [ "R", 18 ], [ "R", 7 ] ]
    } ]
  },
  "RequirementController.display" : {
    "t" : [ {
      "id" : 0,
      "a" : [ [ "R", 18 ] ]
    } ]
  },
  "AnswerImmigrantController.save" : {
    "t" : [ {
      "id" : 0,
      "a" : [ [ "R", 3 ], [ "R", 9 ], [ "R", 20 ], [ "R", 16 ], [ "R", 9 ], [ "R", 9 ], [ "R", 11 ], [ "R", 11 ], [ "R", 11 ], [ "R", 20 ], [ "W", 3 ], [ "W", 3 ], [ "W", 11 ], [ "W", 3 ], [ "W", 16 ], [ "W", 3 ], [ "R", 9 ], [ "R", 20 ], [ "R", 3 ], [ "R", 16 ], [ "R", 16 ], [ "R", 4 ], [ "R", 9 ], [ "R", 4 ], [ "R", 9 ], [ "R", 9 ], [ "R", 11 ], [ "R", 11 ], [ "R", 11 ], [ "R", 20 ], [ "R", 11 ], [ "R", 4 ], [ "R", 3 ], [ "R", 16 ], [ "W", 16 ], [ "W", 3 ] ]
    } ]
  },
  "InvestigatorOfficerController.list" : {
    "t" : [ {
      "id" : 0,
      "a" : [ [ "R", 9 ], [ "R", 9 ], [ "R", 14 ], [ "R", 14 ], [ "R", 20 ], [ "R", 14 ], [ "R", 14 ], [ "R", 20 ], [ "R", 14 ], [ "R", 4 ], [ "R", 9 ], [ "R", 11 ], [ "R", 11 ], [ "R", 4 ], [ "R", 11 ], [ "R", 11 ], [ "R", 4 ], [ "R", 9 ], [ "R", 11 ], [ "R", 11 ], [ "R", 12 ], [ "R", 11 ], [ "R", 1 ], [ "R", 20 ], [ "R", 9 ], [ "R", 1 ], [ "R", 1 ], [ "R", 1 ], [ "R", 20 ] ]
    } ]
  },
  "ApplicationImmigrantController.listClosed" : {
    "t" : [ {
      "id" : 0,
      "a" : [ [ "R", 9 ], [ "R", 20 ], [ "R", 9 ], [ "R", 9 ], [ "R", 11 ], [ "R", 11 ], [ "R", 11 ], [ "R", 20 ], [ "R", 9 ], [ "R", 11 ], [ "R", 11 ], [ "R", 4 ], [ "R", 11 ], [ "R", 4 ], [ "R", 11 ], [ "R", 4 ], [ "R", 11 ] ]
    } ]
  },
  "CategoryAdministratorController.delete" : {
    "t" : [ {
      "id" : 0,
      "a" : [ [ "R", 9 ], [ "R", 20 ], [ "R", 5 ], [ "R", 5 ], [ "R", 5 ], [ "R", 5 ], [ "R", 5 ], [ "R", 5 ], [ "R", 5 ], [ "R", 5 ], [ "W", 5 ], [ "W", 5 ], [ "R", 5 ], [ "R", 5 ], [ "R", 5 ], [ "R", 21 ], [ "W", 21 ], [ "W", 5 ], [ "R", 9 ], [ "R", 20 ], [ "W", 21 ], [ "R", 5 ], [ "R", 5 ], [ "W", 5 ], [ "W", 5 ], [ "W", 5 ], [ "W", 5 ], [ "W", 5 ], [ "W", 5 ], [ "R", 5 ] ]
    } ]
  },
  "VisaAdministratorController.list" : {
    "t" : [ {
      "id" : 0,
      "a" : [ [ "R", 21 ] ]
    } ]
  },
  "DashboardAdministratorController.dashboard" : {
    "t" : [ {
      "id" : 0,
      "a" : [ [ "R", 11 ], [ "R", 11 ], [ "R", 4 ], [ "R", 11 ], [ "R", 4 ], [ "R", 11 ], [ "R", 4 ], [ "R", 11 ], [ "R", 4 ], [ "R", 11 ], [ "R", 11 ], [ "R", 4 ], [ "R", 11 ], [ "R", 4 ], [ "R", 11 ], [ "R", 4 ], [ "R", 11 ], [ "R", 4 ], [ "R", 21 ], [ "R", 21 ], [ "R", 21 ], [ "R", 21 ], [ "R", 21 ], [ "R", 12 ], [ "R", 12 ], [ "R", 11 ], [ "R", 12 ], [ "R", 11 ], [ "R", 12 ], [ "R", 11 ], [ "R", 12 ], [ "R", 11 ], [ "R", 8 ], [ "R", 8 ], [ "R", 8 ], [ "R", 4 ], [ "R", 8 ], [ "R", 8 ], [ "R", 4 ], [ "R", 8 ], [ "R", 8 ], [ "R", 4 ], [ "R", 8 ], [ "R", 8 ], [ "R", 4 ], [ "R", 5 ], [ "R", 5 ], [ "R", 21 ], [ "R", 5 ], [ "R", 21 ], [ "R", 5 ], [ "R", 21 ], [ "R", 5 ], [ "R", 21 ], [ "R", 7 ], [ "R", 7 ], [ "R", 13 ], [ "R", 7 ], [ "R", 13 ], [ "R", 7 ], [ "R", 13 ], [ "R", 7 ], [ "R", 13 ], [ "R", 7 ], [ "R", 7 ], [ "R", 13 ], [ "R", 7 ], [ "R", 13 ], [ "R", 18 ], [ "R", 7 ], [ "R", 13 ], [ "R", 18 ], [ "R", 7 ], [ "R", 13 ], [ "R", 18 ], [ "R", 7 ], [ "R", 13 ], [ "R", 18 ] ]
    } ]
  },
  "PersonalSectionImmigrantController.delete" : {
    "t" : [ {
      "id" : 0,
      "a" : [ [ "R", 9 ], [ "R", 9 ], [ "R", 15 ], [ "W", 15 ] ]
    } ]
  },
  "ApplicationOfficerController.listNoDecision" : {
    "t" : [ {
      "id" : 0,
      "a" : [ [ "R", 9 ], [ "R", 9 ], [ "R", 14 ], [ "R", 14 ], [ "R", 20 ], [ "R", 14 ], [ "R", 14 ], [ "R", 20 ], [ "R", 14 ], [ "R", 4 ], [ "R", 9 ], [ "R", 14 ], [ "R", 14 ], [ "R", 8 ], [ "R", 14 ], [ "R", 8 ], [ "R", 4 ], [ "R", 14 ] ]
    } ]
  },
  "CountryAdministratorController.save" : {
    "t" : [ {
      "id" : 0,
      "a" : [ [ "R", 7 ], [ "W", 7 ], [ "W", 13 ], [ "W", 7 ], [ "W", 7 ], [ "W", 7 ], [ "W", 7 ], [ "R", 9 ], [ "R", 20 ], [ "W", 7 ] ]
    } ]
  },
  "CategoryAdministratorController.save" : {
    "t" : [ {
      "id" : 0,
      "a" : [ [ "R", 5 ], [ "R", 9 ], [ "R", 20 ], [ "R", 5 ], [ "R", 5 ], [ "R", 5 ], [ "R", 5 ], [ "R", 5 ], [ "R", 9 ], [ "R", 5 ], [ "R", 5 ], [ "R", 5 ], [ "R", 9 ], [ "R", 5 ], [ "R", 5 ], [ "R", 5 ], [ "R", 5 ], [ "R", 5 ], [ "R", 5 ], [ "R", 5 ], [ "R", 5 ], [ "R", 5 ], [ "W", 5 ], [ "R", 5 ], [ "R", 5 ], [ "R", 5 ], [ "R", 5 ], [ "W", 5 ], [ "W", 5 ], [ "R", 9 ], [ "R", 5 ], [ "R", 9 ], [ "R", 5 ], [ "R", 5 ], [ "R", 5 ], [ "R", 5 ], [ "R", 5 ], [ "R", 5 ], [ "W", 5 ], [ "W", 5 ], [ "W", 5 ], [ "R", 5 ], [ "R", 5 ], [ "R", 5 ], [ "R", 5 ], [ "W", 5 ], [ "W", 5 ], [ "R", 5 ], [ "R", 5 ], [ "R", 5 ], [ "R", 9 ], [ "R", 5 ], [ "R", 5 ], [ "R", 5 ], [ "R", 5 ], [ "R", 5 ], [ "R", 5 ], [ "R", 5 ], [ "R", 5 ], [ "R", 5 ], [ "R", 5 ], [ "R", 5 ], [ "R", 5 ], [ "R", 5 ], [ "W", 5 ], [ "W", 5 ], [ "W", 5 ], [ "R", 5 ], [ "R", 5 ], [ "R", 5 ], [ "R", 5 ], [ "W", 5 ], [ "W", 5 ], [ "R", 5 ] ]
    } ]
  },
  "RequirementAdministratorController.list" : {
    "t" : [ {
      "id" : 0,
      "a" : [ [ "R", 18 ] ]
    } ]
  },
  "LawController.list" : {
    "t" : [ {
      "id" : 0,
      "a" : [ [ "R", 13 ] ]
    } ]
  },
  "QuestionOfficerController.save" : {
    "t" : [ {
      "id" : 0,
      "a" : [ [ "R", 16 ], [ "R", 9 ], [ "R", 20 ], [ "R", 9 ], [ "R", 9 ], [ "R", 14 ], [ "R", 14 ], [ "R", 20 ], [ "R", 14 ], [ "R", 14 ], [ "R", 20 ], [ "R", 4 ], [ "R", 4 ], [ "R", 14 ], [ "R", 9 ], [ "R", 9 ], [ "R", 9 ], [ "R", 4 ], [ "W", 16 ], [ "W", 16 ], [ "W", 14 ], [ "W", 16 ], [ "W", 4 ], [ "W", 16 ], [ "R", 16 ], [ "R", 4 ], [ "R", 14 ], [ "R", 14 ], [ "R", 4 ], [ "W", 16 ], [ "R", 16 ], [ "R", 4 ], [ "R", 9 ] ]
    } ]
  },
  "ReportController.display" : {
    "t" : [ {
      "id" : 0,
      "a" : [ [ "R", 17 ] ]
    } ]
  },
  "AnswerController.list" : {
    "t" : [ {
      "id" : 0,
      "a" : [ [ "R", 3 ], [ "R", 3 ], [ "R", 16 ], [ "R", 3 ], [ "R", 3 ], [ "R", 16 ] ]
    } ]
  },
  "ApplicationImmigrantController.listAccepted" : {
    "t" : [ {
      "id" : 0,
      "a" : [ [ "R", 9 ], [ "R", 20 ], [ "R", 9 ], [ "R", 9 ], [ "R", 11 ], [ "R", 11 ], [ "R", 11 ], [ "R", 20 ], [ "R", 9 ], [ "R", 8 ], [ "R", 8 ], [ "R", 4 ], [ "R", 8 ], [ "R", 4 ], [ "R", 11 ], [ "R", 8 ], [ "R", 4 ], [ "R", 8 ], [ "R", 8 ], [ "R", 4 ], [ "R", 11 ] ]
    } ]
  },
  "ContactSectionImmigrantController.save" : {
    "t" : [ {
      "id" : 0,
      "a" : [ [ "R", 9 ], [ "R", 9 ], [ "R", 11 ], [ "R", 11 ], [ "R", 11 ], [ "R", 20 ], [ "R", 9 ], [ "R", 4 ], [ "R", 4 ], [ "R", 11 ], [ "R", 4 ], [ "R", 4 ], [ "R", 11 ], [ "R", 9 ], [ "R", 20 ], [ "R", 9 ], [ "R", 9 ], [ "R", 11 ], [ "R", 11 ], [ "R", 11 ], [ "R", 20 ], [ "R", 6 ], [ "R", 4 ], [ "R", 4 ], [ "R", 11 ], [ "R", 9 ], [ "W", 6 ], [ "R", 6 ], [ "R", 4 ], [ "R", 4 ], [ "R", 6 ], [ "W", 4 ], [ "W", 6 ], [ "W", 6 ], [ "R", 9 ], [ "R", 9 ], [ "R", 11 ], [ "R", 11 ], [ "R", 11 ], [ "R", 20 ], [ "R", 9 ], [ "R", 4 ], [ "R", 4 ], [ "R", 11 ], [ "R", 4 ], [ "R", 4 ], [ "R", 11 ] ]
    } ]
  },
  "ImmigrantOfficerController.save" : {
    "t" : [ {
      "id" : 0,
      "a" : [ [ "R", 12 ], [ "R", 9 ], [ "R", 20 ], [ "R", 9 ], [ "R", 9 ], [ "R", 14 ], [ "R", 14 ], [ "R", 20 ], [ "R", 14 ], [ "R", 14 ], [ "R", 20 ], [ "R", 11 ], [ "R", 4 ], [ "R", 14 ], [ "R", 4 ], [ "R", 9 ], [ "R", 11 ], [ "W", 11 ], [ "R", 11 ], [ "R", 12 ], [ "R", 11 ], [ "R", 12 ], [ "R", 11 ], [ "R", 12 ], [ "R", 12 ], [ "R", 11 ], [ "W", 12 ], [ "W", 11 ], [ "W", 12 ], [ "W", 12 ], [ "W", 11 ], [ "W", 12 ], [ "R", 12 ] ]
    } ]
  },
  "EducationSectionImmigrantController.save" : {
    "t" : [ {
      "id" : 0,
      "a" : [ [ "R", 9 ], [ "R", 9 ], [ "R", 11 ], [ "R", 11 ], [ "R", 11 ], [ "R", 20 ], [ "R", 9 ], [ "R", 4 ], [ "R", 4 ], [ "R", 11 ], [ "R", 4 ], [ "R", 4 ], [ "R", 11 ], [ "R", 9 ], [ "R", 20 ], [ "R", 9 ], [ "W", 10 ], [ "R", 10 ], [ "R", 4 ], [ "R", 4 ], [ "R", 10 ], [ "W", 4 ], [ "W", 10 ], [ "W", 10 ], [ "R", 9 ], [ "R", 9 ], [ "R", 11 ], [ "R", 11 ], [ "R", 11 ], [ "R", 20 ], [ "R", 9 ], [ "R", 4 ], [ "R", 4 ], [ "R", 11 ], [ "R", 4 ], [ "R", 4 ], [ "R", 11 ] ]
    } ]
  },
  "ApplicationImmigrantController.delete" : {
    "t" : [ {
      "id" : 0,
      "a" : [ [ "R", 4 ], [ "R", 4 ], [ "R", 19 ], [ "R", 4 ], [ "R", 19 ], [ "R", 9 ], [ "R", 20 ], [ "R", 9 ], [ "R", 9 ], [ "R", 11 ], [ "R", 11 ], [ "R", 11 ], [ "R", 20 ], [ "W", 4 ], [ "W", 4 ], [ "W", 4 ], [ "W", 15 ], [ "W", 4 ], [ "W", 6 ], [ "W", 4 ], [ "W", 22 ], [ "W", 4 ], [ "W", 19 ], [ "W", 4 ], [ "W", 10 ], [ "W", 4 ], [ "W", 16 ], [ "W", 4 ], [ "W", 11 ], [ "W", 4 ], [ "W", 4 ], [ "W", 4 ], [ "W", 15 ], [ "W", 15 ], [ "W", 15 ], [ "W", 15 ], [ "W", 4 ], [ "W", 15 ], [ "W", 19 ], [ "W", 19 ], [ "W", 19 ], [ "W", 4 ], [ "W", 19 ], [ "W", 4 ], [ "W", 21 ], [ "W", 4 ], [ "W", 4 ], [ "R", 4 ], [ "R", 4 ], [ "R", 4 ], [ "W", 4 ], [ "W", 4 ], [ "R", 9 ], [ "R", 9 ], [ "R", 4 ], [ "W", 4 ], [ "R", 21 ] ]
    } ]
  },
  "LawAdministratorController.create" : {
    "t" : [ {
      "id" : 0,
      "a" : [ [ "R", 13 ], [ "R", 18 ], [ "R", 7 ] ]
    } ]
  },
  "ReportInvestigatorController.list" : {
    "t" : [ {
      "id" : 0,
      "a" : [ [ "R", 9 ], [ "R", 9 ], [ "R", 12 ], [ "R", 12 ], [ "R", 12 ], [ "R", 20 ], [ "R", 12 ], [ "R", 17 ] ]
    } ]
  },
  "CountryController.list" : {
    "t" : [ {
      "id" : 0,
      "a" : [ [ "R", 7 ] ]
    } ]
  },
  "VisaAdministratorController.invalidate" : {
    "t" : [ {
      "id" : 0,
      "a" : [ [ "R", 7 ], [ "R", 5 ], [ "W", 21 ], [ "R", 9 ], [ "R", 20 ], [ "W", 21 ], [ "R", 21 ], [ "R", 7 ], [ "R", 5 ], [ "R", 7 ], [ "R", 5 ] ]
    } ]
  },
  "PersonalSectionImmigrantController.edit" : {
    "t" : [ {
      "id" : 0,
      "a" : [ [ "R", 9 ], [ "R", 9 ], [ "R", 11 ], [ "R", 11 ], [ "R", 11 ], [ "R", 20 ], [ "R", 15 ], [ "R", 4 ], [ "R", 4 ], [ "R", 15 ], [ "R", 4 ], [ "R", 4 ], [ "R", 15 ], [ "R", 4 ], [ "R", 15 ], [ "R", 11 ], [ "R", 4 ] ]
    } ]
  },
  "RequirementAdministratorController.save" : {
    "t" : [ {
      "id" : 0,
      "a" : [ [ "R", 13 ], [ "R", 18 ], [ "R", 9 ], [ "R", 20 ], [ "W", 18 ], [ "W", 18 ], [ "W", 18 ], [ "R", 13 ], [ "W", 18 ], [ "W", 13 ], [ "R", 9 ], [ "R", 20 ], [ "W", 18 ], [ "R", 13 ] ]
    } ]
  },
  "RegisterOfficerController.save" : {
    "t" : [ {
      "id" : 0,
      "a" : [ [ "R", 14 ], [ "W", 20 ], [ "R", 20 ], [ "R", 20 ], [ "W", 1 ], [ "W", 20 ], [ "W", 14 ], [ "W", 4 ], [ "W", 14 ], [ "W", 16 ], [ "W", 1 ], [ "W", 1 ], [ "W", 1 ], [ "W", 1 ], [ "W", 1 ], [ "R", 1 ], [ "R", 20 ], [ "W", 20 ], [ "R", 1 ], [ "R", 20 ], [ "W", 20 ], [ "R", 1 ], [ "R", 20 ], [ "R", 20 ], [ "R", 1 ], [ "R", 20 ], [ "W", 20 ], [ "W", 14 ] ]
    } ]
  },
  "InvestigatorController.edit" : {
    "t" : [ {
      "id" : 0,
      "a" : [ [ "R", 9 ], [ "R", 9 ], [ "R", 12 ], [ "R", 12 ], [ "R", 12 ], [ "R", 20 ], [ "R", 9 ], [ "R", 1 ], [ "R", 1 ], [ "R", 1 ], [ "R", 1 ], [ "R", 1 ], [ "R", 1 ], [ "R", 20 ], [ "R", 20 ] ]
    } ]
  },
  "AdministratorController.edit" : {
    "t" : [ {
      "id" : 0,
      "a" : [ [ "R", 9 ], [ "R", 9 ], [ "R", 2 ], [ "R", 2 ], [ "R", 2 ], [ "R", 20 ], [ "R", 9 ], [ "R", 1 ], [ "R", 1 ], [ "R", 1 ], [ "R", 1 ], [ "R", 1 ], [ "R", 1 ], [ "R", 20 ], [ "R", 20 ] ]
    } ]
  },
  "AdministratorController.saveEdit" : {
    "t" : [ {
      "id" : 0,
      "a" : [ [ "R", 2 ], [ "W", 20 ], [ "R", 20 ], [ "R", 20 ], [ "W", 1 ], [ "W", 20 ], [ "W", 1 ], [ "W", 1 ], [ "W", 1 ], [ "W", 1 ], [ "W", 1 ], [ "R", 1 ], [ "R", 20 ], [ "W", 20 ], [ "R", 1 ], [ "R", 20 ], [ "W", 20 ], [ "R", 1 ], [ "R", 20 ], [ "R", 20 ], [ "R", 1 ], [ "R", 20 ], [ "W", 20 ], [ "W", 2 ] ]
    } ]
  },
  "RegisterImmigrantController.save" : {
    "t" : [ {
      "id" : 0,
      "a" : [ [ "R", 11 ], [ "W", 20 ], [ "R", 20 ], [ "R", 20 ], [ "W", 1 ], [ "W", 20 ], [ "W", 11 ], [ "W", 4 ], [ "W", 11 ], [ "W", 3 ], [ "W", 1 ], [ "W", 1 ], [ "W", 1 ], [ "W", 1 ], [ "W", 1 ], [ "R", 1 ], [ "R", 20 ], [ "W", 20 ], [ "R", 1 ], [ "R", 20 ], [ "W", 20 ], [ "R", 1 ], [ "R", 20 ], [ "R", 20 ], [ "R", 1 ], [ "R", 20 ], [ "W", 20 ], [ "W", 11 ] ]
    } ]
  },
  "DecisionOfficerController.save" : {
    "t" : [ {
      "id" : 0,
      "a" : [ [ "R", 4 ], [ "R", 8 ], [ "R", 9 ], [ "R", 9 ], [ "R", 14 ], [ "R", 14 ], [ "R", 20 ], [ "R", 14 ], [ "R", 14 ], [ "R", 20 ], [ "R", 4 ], [ "R", 4 ], [ "R", 14 ], [ "R", 9 ], [ "R", 9 ], [ "R", 9 ], [ "R", 9 ], [ "R", 9 ], [ "R", 14 ], [ "R", 14 ], [ "R", 20 ], [ "R", 14 ], [ "R", 14 ], [ "R", 20 ], [ "R", 4 ], [ "W", 8 ], [ "W", 8 ], [ "W", 8 ], [ "W", 4 ], [ "W", 8 ], [ "W", 14 ], [ "W", 8 ], [ "W", 8 ], [ "W", 8 ], [ "R", 9 ], [ "R", 9 ], [ "R", 14 ], [ "R", 14 ], [ "R", 20 ], [ "R", 14 ], [ "R", 14 ], [ "R", 20 ], [ "R", 8 ], [ "R", 4 ], [ "R", 4 ], [ "R", 14 ], [ "R", 9 ], [ "R", 9 ], [ "R", 9 ], [ "R", 8 ], [ "R", 8 ], [ "W", 8 ], [ "R", 8 ], [ "R", 4 ], [ "W", 4 ], [ "R", 8 ], [ "R", 14 ], [ "R", 14 ], [ "R", 8 ], [ "W", 14 ], [ "W", 8 ], [ "R", 9 ], [ "R", 20 ], [ "W", 14 ], [ "R", 4 ] ]
    } ]
  },
  "DecisionOfficerController.display" : {
    "t" : [ {
      "id" : 0,
      "a" : [ [ "R", 9 ], [ "R", 9 ], [ "R", 14 ], [ "R", 14 ], [ "R", 20 ], [ "R", 14 ], [ "R", 14 ], [ "R", 20 ], [ "R", 8 ], [ "R", 8 ], [ "R", 4 ], [ "R", 4 ], [ "R", 14 ], [ "R", 9 ], [ "R", 9 ], [ "R", 9 ] ]
    } ]
  },
  "ReportOfficeController.list" : {
    "t" : [ {
      "id" : 0,
      "a" : [ [ "R", 9 ], [ "R", 20 ], [ "R", 17 ], [ "R", 17 ], [ "R", 12 ], [ "R", 17 ], [ "R", 17 ], [ "R", 12 ] ]
    } ]
  },
  "ImmigrantOfficerController.list" : {
    "t" : [ {
      "id" : 0,
      "a" : [ [ "R", 9 ], [ "R", 9 ], [ "R", 14 ], [ "R", 14 ], [ "R", 20 ], [ "R", 14 ], [ "R", 14 ], [ "R", 20 ], [ "R", 14 ], [ "R", 4 ], [ "R", 11 ], [ "R", 4 ], [ "R", 11 ] ]
    } ]
  },
  "CategoryController.list" : {
    "t" : [ {
      "id" : 0,
      "a" : [ [ "R", 5 ], [ "R", 5 ], [ "R", 5 ] ]
    } ]
  },
  "SocialSectionImmigrantController.save" : {
    "t" : [ {
      "id" : 0,
      "a" : [ [ "R", 9 ], [ "R", 9 ], [ "R", 11 ], [ "R", 11 ], [ "R", 11 ], [ "R", 20 ], [ "R", 9 ], [ "R", 4 ], [ "R", 4 ], [ "R", 11 ], [ "R", 4 ], [ "R", 4 ], [ "R", 11 ], [ "R", 9 ], [ "R", 20 ], [ "R", 9 ], [ "W", 19 ], [ "R", 19 ], [ "R", 4 ], [ "R", 4 ], [ "R", 19 ], [ "W", 4 ], [ "W", 19 ], [ "W", 19 ], [ "R", 9 ], [ "R", 9 ], [ "R", 11 ], [ "R", 11 ], [ "R", 11 ], [ "R", 20 ], [ "R", 9 ], [ "R", 4 ], [ "R", 4 ], [ "R", 11 ], [ "R", 4 ], [ "R", 4 ], [ "R", 11 ] ]
    } ]
  },
  "SocialSectionImmigrantController.delete" : {
    "t" : [ {
      "id" : 0,
      "a" : [ [ "R", 9 ], [ "R", 9 ], [ "R", 19 ], [ "R", 9 ], [ "R", 4 ], [ "R", 4 ], [ "R", 19 ], [ "R", 4 ], [ "R", 4 ], [ "R", 19 ], [ "R", 4 ], [ "R", 19 ], [ "W", 4 ], [ "W", 19 ], [ "W", 19 ], [ "R", 9 ], [ "R", 9 ], [ "R", 11 ], [ "R", 11 ], [ "R", 11 ], [ "R", 20 ], [ "R", 9 ], [ "R", 4 ], [ "R", 4 ], [ "R", 11 ], [ "R", 4 ], [ "R", 4 ], [ "R", 11 ] ]
    } ]
  },
  "WorkSectionImmigrantController.save" : {
    "t" : [ {
      "id" : 0,
      "a" : [ [ "R", 9 ], [ "R", 9 ], [ "R", 11 ], [ "R", 11 ], [ "R", 11 ], [ "R", 20 ], [ "R", 9 ], [ "R", 4 ], [ "R", 4 ], [ "R", 11 ], [ "R", 4 ], [ "R", 4 ], [ "R", 11 ], [ "R", 9 ], [ "R", 20 ], [ "R", 9 ], [ "W", 22 ], [ "R", 22 ], [ "R", 4 ], [ "R", 4 ], [ "R", 22 ], [ "W", 4 ], [ "W", 22 ], [ "W", 22 ], [ "R", 9 ], [ "R", 9 ], [ "R", 11 ], [ "R", 11 ], [ "R", 11 ], [ "R", 20 ], [ "R", 9 ], [ "R", 4 ], [ "R", 4 ], [ "R", 11 ], [ "R", 4 ], [ "R", 4 ], [ "R", 11 ] ]
    } ]
  },
  "InvertigatorInvestigatorController.edit" : {
    "t" : [ {
      "id" : 0,
      "a" : [ [ "R", 9 ], [ "R", 9 ], [ "R", 12 ], [ "R", 12 ], [ "R", 12 ], [ "R", 20 ] ]
    } ]
  },
  "EducationSectionImmigrantController.delete" : {
    "t" : [ {
      "id" : 0,
      "a" : [ [ "R", 9 ], [ "R", 9 ], [ "R", 10 ], [ "R", 9 ], [ "R", 4 ], [ "R", 4 ], [ "R", 10 ], [ "R", 4 ], [ "R", 4 ], [ "R", 10 ], [ "R", 4 ], [ "R", 10 ], [ "W", 4 ], [ "W", 10 ], [ "W", 10 ], [ "R", 9 ], [ "R", 9 ], [ "R", 11 ], [ "R", 11 ], [ "R", 11 ], [ "R", 20 ], [ "R", 9 ], [ "R", 4 ], [ "R", 4 ], [ "R", 11 ], [ "R", 4 ], [ "R", 4 ], [ "R", 11 ] ]
    } ]
  },
  "VisaController.list" : {
    "t" : [ {
      "id" : 0,
      "a" : [ [ "R", 21 ], [ "R", 21 ], [ "R", 5 ], [ "R", 21 ], [ "R", 21 ], [ "R", 5 ] ]
    } ]
  },
  "ImmigrantInvestigatorController.list" : {
    "t" : [ {
      "id" : 0,
      "a" : [ [ "R", 9 ], [ "R", 9 ], [ "R", 12 ], [ "R", 12 ], [ "R", 12 ], [ "R", 20 ], [ "R", 9 ], [ "R", 11 ], [ "R", 11 ], [ "R", 12 ], [ "R", 11 ], [ "R", 11 ], [ "R", 12 ] ]
    } ]
  },
  "ApplicationOfficerController.listApplications" : {
    "t" : [ {
      "id" : 0,
      "a" : [ [ "R", 9 ], [ "R", 9 ], [ "R", 14 ], [ "R", 14 ], [ "R", 20 ], [ "R", 14 ], [ "R", 14 ], [ "R", 20 ], [ "R", 4 ], [ "R", 14 ], [ "R", 14 ], [ "R", 4 ], [ "R", 9 ], [ "R", 14 ], [ "R", 14 ], [ "R", 8 ], [ "R", 14 ], [ "R", 8 ], [ "R", 4 ], [ "R", 14 ] ]
    } ]
  },
  "DecisionImmigrantController.displayImmigrant" : {
    "t" : [ {
      "id" : 0,
      "a" : [ [ "R", 9 ], [ "R", 9 ], [ "R", 11 ], [ "R", 11 ], [ "R", 11 ], [ "R", 20 ], [ "R", 8 ], [ "R", 8 ], [ "R", 4 ], [ "R", 4 ], [ "R", 11 ], [ "R", 9 ], [ "R", 9 ], [ "R", 9 ] ]
    } ]
  },
  "InvestigatorAdministratorController.save" : {
    "t" : [ {
      "id" : 0,
      "a" : [ [ "R", 12 ], [ "W", 20 ], [ "R", 20 ], [ "R", 20 ], [ "W", 1 ], [ "W", 20 ], [ "W", 12 ], [ "W", 17 ], [ "W", 1 ], [ "W", 1 ], [ "W", 1 ], [ "W", 1 ], [ "W", 1 ], [ "R", 1 ], [ "R", 20 ], [ "W", 20 ], [ "R", 1 ], [ "R", 20 ], [ "W", 20 ], [ "R", 1 ], [ "R", 20 ], [ "R", 20 ], [ "R", 1 ], [ "R", 20 ], [ "W", 20 ], [ "W", 12 ] ]
    } ]
  },
  "DecisionOfficerController.create" : {
    "t" : [ {
      "id" : 0,
      "a" : [ [ "R", 9 ], [ "R", 9 ], [ "R", 14 ], [ "R", 14 ], [ "R", 20 ], [ "R", 14 ], [ "R", 14 ], [ "R", 20 ], [ "R", 9 ], [ "R", 9 ], [ "R", 14 ], [ "R", 14 ], [ "R", 20 ], [ "R", 14 ], [ "R", 14 ], [ "R", 20 ], [ "R", 4 ], [ "R", 4 ], [ "R", 14 ], [ "R", 9 ], [ "R", 9 ], [ "R", 9 ], [ "R", 9 ], [ "R", 9 ], [ "R", 14 ], [ "R", 14 ], [ "R", 20 ], [ "R", 14 ], [ "R", 14 ], [ "R", 20 ], [ "R", 4 ], [ "W", 8 ], [ "W", 8 ], [ "W", 8 ], [ "W", 4 ], [ "W", 8 ], [ "W", 14 ], [ "R", 9 ], [ "R", 8 ], [ "R", 8 ], [ "R", 8 ], [ "R", 4 ], [ "R", 9 ], [ "R", 8 ], [ "R", 4 ], [ "R", 4 ], [ "R", 14 ], [ "R", 9 ], [ "R", 9 ], [ "R", 9 ], [ "R", 4 ] ]
    } ]
  },
  "RequirementAdministratorController.delete" : {
    "t" : [ {
      "id" : 0,
      "a" : [ [ "R", 18 ], [ "R", 9 ], [ "R", 20 ], [ "W", 18 ], [ "W", 18 ], [ "W", 18 ], [ "R", 13 ], [ "W", 18 ], [ "W", 13 ], [ "R", 9 ], [ "R", 9 ], [ "R", 18 ], [ "W", 18 ], [ "R", 13 ] ]
    } ]
  },
  "ApplicationImmigrantController.edit" : {
    "t" : [ {
      "id" : 0,
      "a" : [ [ "R", 9 ], [ "R", 9 ], [ "R", 11 ], [ "R", 11 ], [ "R", 11 ], [ "R", 20 ], [ "R", 4 ], [ "R", 11 ], [ "R", 4 ], [ "R", 4 ], [ "R", 4 ], [ "R", 15 ], [ "R", 4 ], [ "R", 19 ], [ "R", 4 ], [ "R", 19 ], [ "R", 15 ], [ "R", 15 ], [ "R", 15 ], [ "R", 15 ], [ "R", 19 ], [ "R", 19 ], [ "R", 19 ], [ "R", 4 ], [ "R", 21 ], [ "R", 9 ], [ "R", 4 ], [ "R", 4 ], [ "R", 4 ], [ "R", 4 ], [ "R", 21 ] ]
    } ]
  },
  "LawAdministratorController.edit" : {
    "t" : [ {
      "id" : 0,
      "a" : [ [ "R", 13 ], [ "R", 9 ], [ "R", 13 ], [ "R", 13 ], [ "R", 13 ], [ "R", 13 ], [ "R", 13 ], [ "R", 13 ], [ "R", 13 ], [ "R", 13 ], [ "R", 13 ], [ "R", 18 ], [ "R", 13 ], [ "R", 7 ], [ "R", 13 ], [ "R", 18 ], [ "R", 7 ] ]
    } ]
  },
  "VisaAdministratorController.create" : {
    "t" : [ {
      "id" : 0,
      "a" : [ [ "R", 9 ], [ "R", 20 ], [ "W", 21 ], [ "W", 7 ], [ "W", 21 ], [ "W", 5 ], [ "W", 21 ], [ "R", 7 ], [ "R", 5 ] ]
    } ]
  },
  "ApplicationImmigrantController.list" : {
    "t" : [ {
      "id" : 0,
      "a" : [ [ "R", 4 ] ]
    } ]
  },
  "DecisionOfficerController.edit" : {
    "t" : [ {
      "id" : 0,
      "a" : [ [ "R", 9 ], [ "R", 9 ], [ "R", 14 ], [ "R", 14 ], [ "R", 20 ], [ "R", 14 ], [ "R", 14 ], [ "R", 20 ], [ "R", 8 ], [ "R", 9 ], [ "R", 8 ], [ "R", 8 ], [ "R", 8 ], [ "R", 4 ], [ "R", 9 ], [ "R", 8 ], [ "R", 4 ], [ "R", 4 ], [ "R", 14 ], [ "R", 9 ], [ "R", 9 ], [ "R", 9 ], [ "R", 4 ] ]
    } ]
  },
  "RegisterOfficerController.edit" : {
    "t" : [ {
      "id" : 0,
      "a" : [ [ "R", 9 ], [ "R", 9 ], [ "R", 14 ], [ "R", 14 ], [ "R", 20 ], [ "R", 14 ], [ "R", 14 ], [ "R", 20 ], [ "R", 9 ], [ "R", 1 ], [ "R", 1 ], [ "R", 1 ], [ "R", 1 ], [ "R", 1 ], [ "R", 1 ], [ "R", 20 ], [ "R", 20 ] ]
    } ]
  },
  "CategoryAdministratorController.edit" : {
    "t" : [ {
      "id" : 0,
      "a" : [ [ "R", 5 ], [ "R", 5 ] ]
    } ]
  },
  "VisaAdministratorController.edit" : {
    "t" : [ {
      "id" : 0,
      "a" : [ [ "R", 21 ], [ "R", 21 ], [ "R", 7 ], [ "R", 5 ] ]
    } ]
  },
  "PersonalSectionImmigrantController.save" : {
    "t" : [ {
      "id" : 0,
      "a" : [ [ "R", 9 ], [ "R", 9 ], [ "R", 11 ], [ "R", 11 ], [ "R", 11 ], [ "R", 20 ], [ "W", 15 ] ]
    } ]
  },
  "ApplicationOfficerController.listRejected" : {
    "t" : [ {
      "id" : 0,
      "a" : [ [ "R", 9 ], [ "R", 9 ], [ "R", 14 ], [ "R", 14 ], [ "R", 20 ], [ "R", 14 ], [ "R", 14 ], [ "R", 20 ], [ "R", 9 ], [ "R", 14 ], [ "R", 14 ], [ "R", 8 ], [ "R", 14 ], [ "R", 8 ], [ "R", 4 ], [ "R", 14 ], [ "R", 8 ], [ "R", 4 ], [ "R", 14 ], [ "R", 8 ], [ "R", 14 ] ]
    } ]
  },
  "ContactSectionImmigrantController.create" : {
    "t" : [ {
      "id" : 0,
      "a" : [ [ "R", 9 ], [ "R", 20 ], [ "R", 9 ], [ "R", 9 ], [ "R", 11 ], [ "R", 11 ], [ "R", 11 ], [ "R", 20 ], [ "R", 9 ], [ "R", 9 ], [ "R", 11 ], [ "R", 11 ], [ "R", 11 ], [ "R", 20 ], [ "R", 9 ], [ "R", 4 ], [ "R", 4 ], [ "R", 11 ], [ "R", 4 ], [ "R", 4 ], [ "R", 11 ] ]
    } ]
  },
  "VisaController.display" : {
    "t" : [ {
      "id" : 0,
      "a" : [ [ "R", 21 ] ]
    } ]
  },
  "OfficerAdministratorController.save" : {
    "t" : [ {
      "id" : 0,
      "a" : [ [ "R", 14 ], [ "W", 20 ], [ "R", 20 ], [ "R", 20 ], [ "W", 1 ], [ "W", 20 ], [ "W", 14 ], [ "W", 4 ], [ "W", 14 ], [ "W", 16 ], [ "W", 1 ], [ "W", 1 ], [ "W", 1 ], [ "W", 1 ], [ "W", 1 ], [ "R", 1 ], [ "R", 20 ], [ "W", 20 ], [ "R", 1 ], [ "R", 20 ], [ "W", 20 ], [ "R", 1 ], [ "R", 20 ], [ "R", 20 ], [ "R", 1 ], [ "R", 20 ], [ "W", 20 ], [ "W", 14 ] ]
    } ]
  },
  "RegisterOfficerController.saveEdit" : {
    "t" : [ {
      "id" : 0,
      "a" : [ [ "R", 14 ], [ "W", 20 ], [ "R", 20 ], [ "R", 20 ], [ "W", 1 ], [ "W", 20 ], [ "W", 14 ], [ "W", 4 ], [ "W", 14 ], [ "W", 16 ], [ "W", 1 ], [ "W", 1 ], [ "W", 1 ], [ "W", 1 ], [ "W", 1 ], [ "R", 1 ], [ "R", 20 ], [ "W", 20 ], [ "R", 1 ], [ "R", 20 ], [ "W", 20 ], [ "R", 1 ], [ "R", 20 ], [ "R", 20 ], [ "R", 1 ], [ "R", 20 ], [ "W", 20 ], [ "W", 14 ] ]
    } ]
  },
  "RegisterImmigrantController.saveEdit" : {
    "t" : [ {
      "id" : 0,
      "a" : [ [ "R", 11 ], [ "W", 20 ], [ "R", 20 ], [ "R", 20 ], [ "W", 1 ], [ "W", 20 ], [ "W", 11 ], [ "W", 4 ], [ "W", 11 ], [ "W", 3 ], [ "W", 1 ], [ "W", 1 ], [ "W", 1 ], [ "W", 1 ], [ "W", 1 ], [ "R", 1 ], [ "R", 20 ], [ "W", 20 ], [ "R", 1 ], [ "R", 20 ], [ "W", 20 ], [ "R", 1 ], [ "R", 20 ], [ "R", 20 ], [ "R", 1 ], [ "R", 20 ], [ "W", 20 ], [ "W", 11 ] ]
    } ]
  },
  "EducationSectionImmigrantController.edit" : {
    "t" : [ {
      "id" : 0,
      "a" : [ [ "R", 9 ], [ "R", 9 ], [ "R", 11 ], [ "R", 11 ], [ "R", 11 ], [ "R", 20 ], [ "R", 10 ], [ "R", 4 ], [ "R", 4 ], [ "R", 10 ], [ "R", 4 ], [ "R", 4 ], [ "R", 10 ], [ "R", 4 ], [ "R", 10 ], [ "R", 4 ], [ "R", 10 ], [ "R", 11 ], [ "R", 4 ], [ "R", 9 ], [ "R", 9 ], [ "R", 11 ], [ "R", 11 ], [ "R", 11 ], [ "R", 20 ], [ "R", 9 ], [ "R", 4 ], [ "R", 4 ], [ "R", 11 ], [ "R", 4 ], [ "R", 4 ], [ "R", 11 ] ]
    } ]
  },
  "QuestionImmigrantController.list" : {
    "t" : [ {
      "id" : 0,
      "a" : [ [ "R", 4 ], [ "R", 9 ], [ "R", 9 ], [ "R", 11 ], [ "R", 11 ], [ "R", 11 ], [ "R", 20 ], [ "R", 11 ], [ "R", 4 ], [ "R", 4 ], [ "R", 4 ], [ "R", 16 ] ]
    } ]
  },
  "ApplicationImmigrantController.listRejected" : {
    "t" : [ {
      "id" : 0,
      "a" : [ [ "R", 9 ], [ "R", 20 ], [ "R", 9 ], [ "R", 9 ], [ "R", 11 ], [ "R", 11 ], [ "R", 11 ], [ "R", 20 ], [ "R", 9 ], [ "R", 8 ], [ "R", 8 ], [ "R", 4 ], [ "R", 8 ], [ "R", 4 ], [ "R", 11 ], [ "R", 8 ], [ "R", 4 ], [ "R", 8 ], [ "R", 8 ], [ "R", 4 ], [ "R", 11 ] ]
    } ]
  },
  "ApplicationOfficerController.save" : {
    "t" : [ {
      "id" : 0,
      "a" : [ [ "R", 4 ], [ "R", 4 ], [ "R", 4 ], [ "R", 14 ], [ "R", 14 ], [ "R", 4 ], [ "R", 9 ], [ "R", 9 ], [ "R", 14 ], [ "R", 14 ], [ "R", 20 ], [ "R", 14 ], [ "R", 14 ], [ "R", 20 ], [ "R", 14 ], [ "R", 4 ], [ "R", 4 ], [ "R", 4 ], [ "R", 4 ], [ "R", 4 ], [ "R", 4 ], [ "R", 4 ], [ "R", 4 ], [ "R", 9 ], [ "R", 20 ], [ "W", 14 ], [ "W", 4 ], [ "W", 14 ], [ "R", 9 ], [ "R", 20 ], [ "W", 4 ], [ "R", 4 ], [ "R", 14 ], [ "R", 4 ], [ "R", 9 ], [ "R", 20 ], [ "W", 14 ], [ "W", 4 ], [ "W", 14 ], [ "R", 9 ], [ "R", 20 ], [ "W", 4 ] ]
    } ]
  },
  "CountryAdministratorController.edit" : {
    "t" : [ {
      "id" : 0,
      "a" : [ [ "R", 7 ], [ "R", 9 ], [ "R", 7 ], [ "R", 7 ], [ "R", 7 ], [ "R", 7 ] ]
    } ]
  },
  "ApplicationImmigrantController.sectionDisplay" : {
    "t" : [ {
      "id" : 0,
      "a" : [ [ "R", 4 ], [ "R", 4 ], [ "R", 15 ], [ "R", 4 ], [ "R", 6 ], [ "R", 4 ], [ "R", 22 ], [ "R", 4 ], [ "R", 19 ], [ "R", 4 ], [ "R", 10 ] ]
    } ]
  },
  "CountryController.edit" : {
    "t" : [ {
      "id" : 0,
      "a" : [ [ "R", 7 ] ]
    } ]
  },
  "VisaController.searchList" : {
    "t" : [ {
      "id" : 0,
      "a" : [ [ "R", 21 ], [ "R", 21 ], [ "R", 21 ], [ "R", 21 ] ]
    } ]
  },
  "RequirementAdministratorController.edit" : {
    "t" : [ {
      "id" : 0,
      "a" : [ [ "R", 18 ], [ "R", 9 ], [ "R", 18 ], [ "R", 18 ], [ "R", 18 ], [ "R", 18 ], [ "R", 13 ], [ "R", 9 ], [ "R", 13 ] ]
    } ]
  },
  "WorkSectionImmigrantController.delete" : {
    "t" : [ {
      "id" : 0,
      "a" : [ [ "R", 9 ], [ "R", 9 ], [ "R", 22 ], [ "R", 9 ], [ "R", 4 ], [ "R", 4 ], [ "R", 22 ], [ "R", 4 ], [ "R", 4 ], [ "R", 22 ], [ "R", 4 ], [ "R", 22 ], [ "W", 4 ], [ "W", 22 ], [ "W", 22 ], [ "R", 9 ], [ "R", 9 ], [ "R", 11 ], [ "R", 11 ], [ "R", 11 ], [ "R", 20 ], [ "R", 9 ], [ "R", 4 ], [ "R", 4 ], [ "R", 11 ], [ "R", 4 ], [ "R", 4 ], [ "R", 11 ] ]
    } ]
  },
  "LawController.display" : {
    "t" : [ {
      "id" : 0,
      "a" : [ [ "R", 13 ] ]
    } ]
  }
}