{
  "CurriculaCleanerController.create" : {
    "t" : [ {
      "id" : 0,
      "a" : [ [ "R", 12 ], [ "R", 12 ], [ "R", 6 ], [ "R", 6 ], [ "R", 30 ], [ "R", 6 ], [ "R", 6 ], [ "R", 30 ] ]
    } ]
  },
  "TravelAgencyController.export" : {
    "t" : [ {
      "id" : 0,
      "a" : [ [ "R", 28 ], [ "R", 12 ], [ "R", 12 ], [ "R", 2 ], [ "R", 30 ], [ "R", 12 ] ]
    } ]
  },
  "MailboxController.save" : {
    "t" : [ {
      "id" : 0,
      "a" : [ [ "R", 12 ], [ "W", 18 ], [ "R", 12 ], [ "R", 18 ], [ "R", 12 ], [ "W", 12 ], [ "R", 12 ], [ "W", 12 ], [ "R", 18 ], [ "W", 18 ], [ "R", 12 ], [ "R", 12 ], [ "R", 2 ], [ "R", 2 ], [ "R", 30 ], [ "R", 2 ], [ "R", 2 ], [ "R", 30 ], [ "R", 12 ], [ "R", 12 ], [ "R", 2 ], [ "R", 2 ], [ "R", 30 ], [ "R", 2 ], [ "R", 2 ], [ "R", 30 ], [ "R", 2 ], [ "R", 18 ], [ "R", 18 ], [ "R", 18 ], [ "R", 12 ], [ "R", 12 ], [ "R", 12 ], [ "R", 12 ], [ "R", 2 ], [ "R", 2 ], [ "R", 30 ], [ "R", 2 ], [ "R", 2 ], [ "R", 30 ], [ "R", 12 ], [ "R", 12 ], [ "R", 18 ], [ "R", 2 ], [ "R", 18 ], [ "R", 2 ], [ "R", 18 ], [ "R", 12 ], [ "R", 18 ], [ "R", 18 ], [ "R", 18 ], [ "R", 18 ], [ "R", 18 ], [ "R", 18 ], [ "R", 18 ], [ "W", 18 ], [ "R", 2 ], [ "R", 18 ], [ "R", 2 ], [ "R", 18 ], [ "W", 2 ], [ "R", 2 ], [ "R", 18 ], [ "R", 12 ], [ "R", 12 ], [ "R", 2 ], [ "R", 2 ], [ "R", 30 ], [ "R", 2 ], [ "R", 2 ], [ "R", 30 ], [ "R", 12 ], [ "R", 12 ], [ "R", 18 ], [ "R", 2 ], [ "R", 18 ], [ "R", 2 ], [ "R", 18 ] ]
    } ]
  },
  "TravelAgencyController.saveEdit" : {
    "t" : [ {
      "id" : 0,
      "a" : [ [ "R", 12 ], [ "R", 28 ], [ "R", 2 ], [ "R", 2 ], [ "R", 2 ], [ "R", 2 ], [ "R", 2 ], [ "R", 2 ], [ "R", 2 ], [ "R", 2 ], [ "R", 2 ], [ "R", 2 ], [ "R", 2 ], [ "R", 2 ], [ "R", 2 ], [ "R", 2 ], [ "R", 2 ], [ "R", 2 ], [ "R", 2 ], [ "R", 2 ], [ "R", 12 ], [ "R", 12 ], [ "R", 28 ], [ "R", 28 ], [ "R", 30 ], [ "R", 28 ], [ "R", 28 ], [ "R", 30 ], [ "R", 2 ], [ "R", 2 ], [ "R", 2 ], [ "R", 2 ], [ "R", 2 ], [ "R", 2 ], [ "R", 2 ], [ "R", 2 ], [ "R", 2 ], [ "R", 2 ], [ "W", 2 ], [ "R", 2 ], [ "W", 2 ], [ "R", 2 ], [ "W", 2 ], [ "R", 2 ], [ "W", 2 ], [ "R", 2 ], [ "W", 2 ], [ "R", 2 ], [ "W", 2 ], [ "R", 2 ], [ "R", 2 ], [ "R", 2 ], [ "R", 2 ], [ "R", 2 ], [ "R", 2 ], [ "W", 2 ], [ "R", 9 ], [ "R", 9 ], [ "R", 2 ], [ "R", 9 ], [ "R", 9 ], [ "R", 2 ], [ "W", 2 ], [ "W", 28 ] ]
    } ]
  },
  "TransportTransporterController.list" : {
    "t" : [ {
      "id" : 0,
      "a" : [ [ "R", 12 ], [ "R", 30 ], [ "R", 12 ], [ "R", 12 ], [ "R", 27 ], [ "R", 27 ], [ "R", 30 ], [ "R", 27 ], [ "R", 27 ], [ "R", 30 ], [ "R", 12 ], [ "R", 26 ], [ "R", 26 ], [ "R", 26 ], [ "R", 27 ], [ "R", 26 ], [ "R", 26 ] ]
    } ]
  },
  "TravelAgencyController.create" : {
    "t" : [ {
      "id" : 0,
      "a" : [ [ "R", 9 ], [ "R", 9 ] ]
    } ]
  },
  "TravelPackTravelAgencyController.show" : {
    "t" : [ {
      "id" : 0,
      "a" : [ [ "R", 29 ], [ "R", 29 ], [ "R", 4 ], [ "R", 4 ], [ "R", 1 ], [ "R", 1 ], [ "R", 4 ], [ "R", 4 ], [ "R", 29 ], [ "R", 5 ], [ "R", 5 ], [ "R", 26 ], [ "R", 26 ] ]
    } ]
  },
  "RequestCustomerController.save" : {
    "t" : [ {
      "id" : 0,
      "a" : [ [ "R", 12 ], [ "R", 12 ], [ "R", 11 ], [ "R", 11 ], [ "R", 30 ], [ "R", 11 ], [ "R", 11 ], [ "R", 30 ], [ "W", 22 ], [ "W", 11 ], [ "R", 22 ], [ "R", 22 ], [ "R", 22 ], [ "R", 22 ], [ "R", 22 ], [ "W", 22 ], [ "R", 22 ], [ "W", 22 ], [ "R", 22 ], [ "W", 22 ], [ "R", 22 ], [ "W", 22 ], [ "W", 22 ], [ "R", 22 ], [ "W", 22 ], [ "R", 22 ], [ "W", 22 ], [ "R", 12 ], [ "R", 12 ], [ "R", 11 ], [ "R", 11 ], [ "R", 30 ], [ "R", 11 ], [ "R", 11 ], [ "R", 30 ], [ "W", 22 ], [ "W", 11 ], [ "W", 22 ] ]
    } ]
  },
  "TravelPackCustomerController.list" : {
    "t" : [ {
      "id" : 0,
      "a" : [ [ "R", 12 ], [ "R", 30 ], [ "R", 12 ], [ "R", 12 ], [ "R", 11 ], [ "R", 11 ], [ "R", 30 ], [ "R", 11 ], [ "R", 11 ], [ "R", 30 ], [ "R", 12 ], [ "R", 29 ], [ "R", 29 ], [ "R", 29 ], [ "R", 11 ], [ "R", 29 ], [ "R", 29 ] ]
    } ]
  },
  "SocialProfileActorController.saveEdit" : {
    "t" : [ {
      "id" : 0,
      "a" : [ [ "R", 12 ], [ "R", 12 ], [ "R", 2 ], [ "R", 2 ], [ "R", 30 ], [ "R", 2 ], [ "R", 2 ], [ "R", 30 ], [ "R", 12 ], [ "R", 24 ], [ "R", 24 ], [ "R", 2 ], [ "R", 24 ], [ "R", 24 ], [ "R", 2 ], [ "R", 12 ], [ "R", 12 ], [ "R", 2 ], [ "R", 2 ], [ "R", 30 ], [ "R", 2 ], [ "R", 2 ], [ "R", 30 ], [ "W", 24 ], [ "W", 2 ], [ "W", 24 ], [ "R", 12 ], [ "R", 12 ], [ "R", 2 ], [ "R", 2 ], [ "R", 30 ], [ "R", 2 ], [ "R", 2 ], [ "R", 30 ], [ "R", 12 ], [ "R", 24 ], [ "R", 24 ], [ "R", 2 ], [ "R", 24 ], [ "R", 24 ], [ "R", 2 ] ]
    } ]
  },
  "AdministratorController.newTransporterBanRatio" : {
    "t" : [ {
      "id" : 0,
      "a" : [ [ "R", 12 ], [ "R", 12 ], [ "R", 3 ], [ "R", 3 ], [ "R", 30 ], [ "R", 3 ], [ "R", 3 ], [ "R", 30 ], [ "R", 12 ], [ "R", 12 ], [ "R", 3 ], [ "R", 3 ], [ "R", 30 ], [ "R", 3 ], [ "R", 3 ], [ "R", 30 ], [ "R", 3 ], [ "R", 9 ], [ "W", 9 ], [ "W", 9 ], [ "R", 12 ], [ "R", 12 ], [ "R", 3 ], [ "R", 3 ], [ "R", 30 ], [ "R", 3 ], [ "R", 3 ], [ "R", 30 ], [ "R", 12 ], [ "R", 12 ], [ "R", 3 ], [ "R", 3 ], [ "R", 30 ], [ "R", 3 ], [ "R", 3 ], [ "R", 30 ], [ "R", 3 ], [ "R", 9 ] ]
    } ]
  },
  "CustomerController.show" : {
    "t" : [ {
      "id" : 0,
      "a" : [ [ "R", 12 ], [ "R", 12 ], [ "R", 11 ], [ "R", 11 ], [ "R", 30 ], [ "R", 11 ], [ "R", 11 ], [ "R", 30 ] ]
    } ]
  },
  "RefereeController.save" : {
    "t" : [ {
      "id" : 0,
      "a" : [ [ "W", 30 ], [ "W", 18 ], [ "W", 19 ], [ "W", 18 ], [ "W", 18 ], [ "W", 19 ], [ "W", 18 ], [ "W", 18 ], [ "W", 18 ], [ "W", 18 ], [ "W", 18 ], [ "W", 18 ], [ "W", 19 ], [ "W", 18 ], [ "W", 19 ], [ "W", 18 ], [ "W", 18 ], [ "W", 2 ], [ "W", 18 ], [ "W", 30 ], [ "W", 2 ], [ "W", 30 ], [ "R", 2 ], [ "R", 2 ], [ "R", 2 ], [ "R", 30 ], [ "R", 2 ], [ "R", 2 ], [ "R", 2 ], [ "R", 2 ], [ "R", 30 ], [ "W", 30 ], [ "R", 2 ], [ "R", 30 ], [ "W", 30 ], [ "W", 2 ], [ "W", 2 ], [ "W", 2 ], [ "W", 2 ], [ "W", 2 ], [ "W", 2 ], [ "W", 2 ], [ "R", 9 ], [ "R", 9 ], [ "R", 2 ], [ "R", 9 ], [ "R", 9 ], [ "R", 2 ], [ "W", 2 ], [ "W", 21 ] ]
    } ]
  },
  "ReviewController.create" : {
    "t" : [ {
      "id" : 0,
      "a" : [ [ "R", 8 ], [ "R", 8 ], [ "R", 8 ], [ "R", 23 ] ]
    } ]
  },
  "AccomodationTravelAgencyController.list" : {
    "t" : [ {
      "id" : 0,
      "a" : [ [ "R", 12 ], [ "R", 1 ] ]
    } ]
  },
  "TransporterController.rateCustomer" : {
    "t" : [ {
      "id" : 0,
      "a" : [ [ "R", 12 ], [ "R", 12 ], [ "R", 27 ], [ "R", 27 ], [ "R", 30 ], [ "R", 27 ], [ "R", 27 ], [ "R", 30 ], [ "R", 12 ], [ "R", 29 ], [ "R", 29 ], [ "R", 5 ], [ "R", 29 ], [ "R", 11 ], [ "R", 29 ], [ "R", 5 ], [ "R", 26 ], [ "R", 27 ], [ "R", 11 ], [ "W", 31 ], [ "W", 27 ], [ "W", 31 ], [ "W", 11 ] ]
    } ]
  },
  "TransporterController.edit" : {
    "t" : [ {
      "id" : 0,
      "a" : [ [ "R", 12 ], [ "R", 12 ], [ "R", 27 ], [ "R", 27 ], [ "R", 30 ], [ "R", 27 ], [ "R", 27 ], [ "R", 30 ], [ "R", 2 ], [ "R", 9 ], [ "R", 9 ] ]
    } ]
  },
  "TransportTravelAgencyController.show" : {
    "t" : [ {
      "id" : 0,
      "a" : [ [ "R", 26 ] ]
    } ]
  },
  "CustomerController.edit" : {
    "t" : [ {
      "id" : 0,
      "a" : [ [ "R", 12 ], [ "R", 12 ], [ "R", 11 ], [ "R", 11 ], [ "R", 30 ], [ "R", 11 ], [ "R", 11 ], [ "R", 30 ], [ "R", 2 ], [ "R", 9 ], [ "R", 9 ] ]
    } ]
  },
  "WarrantyTravelAgencyController.delete" : {
    "t" : [ {
      "id" : 0,
      "a" : [ [ "R", 32 ], [ "R", 12 ], [ "R", 12 ], [ "R", 28 ], [ "R", 28 ], [ "R", 30 ], [ "R", 28 ], [ "R", 28 ], [ "R", 30 ], [ "R", 32 ], [ "R", 28 ], [ "R", 12 ], [ "R", 12 ], [ "R", 12 ], [ "R", 32 ], [ "W", 32 ] ]
    } ]
  },
  "TravelPackTravelAgencyController.edit" : {
    "t" : [ {
      "id" : 0,
      "a" : [ [ "R", 12 ], [ "R", 12 ], [ "R", 28 ], [ "R", 28 ], [ "R", 30 ], [ "R", 28 ], [ "R", 28 ], [ "R", 30 ], [ "R", 29 ], [ "R", 29 ], [ "R", 28 ], [ "R", 12 ], [ "R", 12 ], [ "R", 12 ], [ "R", 12 ], [ "R", 12 ], [ "R", 28 ], [ "R", 28 ], [ "R", 30 ], [ "R", 28 ], [ "R", 28 ], [ "R", 30 ], [ "R", 12 ], [ "R", 32 ], [ "R", 32 ], [ "R", 32 ], [ "R", 28 ] ]
    } ]
  },
  "BookingTransportTravelAgencyController.create" : {
    "t" : [ {
      "id" : 0,
      "a" : [ [ "R", 26 ], [ "R", 12 ], [ "R", 12 ], [ "R", 28 ], [ "R", 28 ], [ "R", 30 ], [ "R", 28 ], [ "R", 28 ], [ "R", 30 ], [ "R", 12 ], [ "R", 29 ], [ "R", 29 ], [ "R", 29 ], [ "R", 28 ], [ "R", 29 ] ]
    } ]
  },
  "AdministratorController.newDefaultPhoneCode" : {
    "t" : [ {
      "id" : 0,
      "a" : [ [ "R", 12 ], [ "R", 12 ], [ "R", 3 ], [ "R", 3 ], [ "R", 30 ], [ "R", 3 ], [ "R", 3 ], [ "R", 30 ], [ "R", 12 ], [ "R", 12 ], [ "R", 3 ], [ "R", 3 ], [ "R", 30 ], [ "R", 3 ], [ "R", 3 ], [ "R", 30 ], [ "R", 3 ], [ "R", 9 ], [ "W", 9 ], [ "W", 9 ] ]
    } ]
  },
  "CustomerController.saveEdit" : {
    "t" : [ {
      "id" : 0,
      "a" : [ [ "R", 12 ], [ "R", 11 ], [ "R", 2 ], [ "R", 2 ], [ "R", 2 ], [ "R", 2 ], [ "R", 2 ], [ "R", 2 ], [ "R", 2 ], [ "R", 2 ], [ "R", 2 ], [ "R", 2 ], [ "R", 2 ], [ "R", 2 ], [ "R", 12 ], [ "R", 12 ], [ "R", 11 ], [ "R", 11 ], [ "R", 30 ], [ "R", 11 ], [ "R", 11 ], [ "R", 30 ], [ "R", 2 ], [ "R", 2 ], [ "R", 2 ], [ "R", 2 ], [ "R", 2 ], [ "R", 2 ], [ "R", 2 ], [ "R", 2 ], [ "R", 2 ], [ "R", 2 ], [ "W", 2 ], [ "R", 2 ], [ "W", 2 ], [ "R", 2 ], [ "W", 2 ], [ "R", 2 ], [ "W", 2 ], [ "R", 2 ], [ "W", 2 ], [ "R", 2 ], [ "W", 2 ], [ "R", 2 ], [ "R", 2 ], [ "R", 2 ], [ "R", 2 ], [ "R", 2 ], [ "R", 2 ], [ "W", 2 ], [ "R", 11 ], [ "W", 11 ], [ "R", 9 ], [ "R", 9 ], [ "R", 2 ], [ "R", 9 ], [ "R", 9 ], [ "R", 2 ], [ "W", 2 ], [ "W", 11 ] ]
    } ]
  },
  "TravelPackCustomerController.accept" : {
    "t" : [ {
      "id" : 0,
      "a" : [ [ "R", 12 ], [ "R", 30 ], [ "R", 29 ], [ "R", 29 ], [ "R", 4 ], [ "R", 12 ], [ "R", 4 ], [ "R", 4 ], [ "R", 29 ], [ "R", 29 ], [ "R", 4 ], [ "R", 29 ], [ "R", 29 ], [ "R", 29 ], [ "R", 4 ], [ "R", 29 ], [ "R", 4 ], [ "R", 29 ], [ "R", 4 ], [ "R", 29 ], [ "R", 4 ], [ "R", 29 ], [ "R", 4 ], [ "R", 29 ], [ "R", 4 ], [ "R", 29 ], [ "R", 4 ], [ "W", 29 ], [ "R", 29 ], [ "R", 28 ], [ "R", 29 ], [ "R", 5 ], [ "R", 5 ], [ "R", 26 ], [ "R", 26 ], [ "R", 29 ], [ "R", 4 ], [ "R", 4 ], [ "R", 1 ], [ "R", 1 ], [ "W", 19 ], [ "W", 19 ], [ "W", 19 ], [ "W", 18 ], [ "R", 29 ], [ "R", 29 ], [ "W", 19 ], [ "R", 29 ], [ "W", 19 ], [ "W", 19 ], [ "R", 2 ], [ "W", 19 ], [ "R", 2 ], [ "R", 2 ], [ "R", 18 ], [ "R", 2 ], [ "R", 18 ], [ "R", 2 ], [ "R", 2 ], [ "R", 18 ], [ "W", 19 ], [ "W", 25 ], [ "R", 19 ], [ "R", 18 ], [ "R", 18 ], [ "R", 19 ], [ "W", 25 ], [ "R", 12 ], [ "R", 2 ], [ "R", 2 ], [ "R", 18 ], [ "R", 2 ], [ "R", 2 ], [ "R", 18 ], [ "R", 12 ], [ "W", 25 ], [ "R", 25 ], [ "R", 19 ], [ "R", 25 ], [ "R", 9 ], [ "R", 9 ], [ "R", 19 ], [ "R", 12 ], [ "W", 25 ], [ "W", 25 ], [ "R", 25 ], [ "R", 19 ], [ "R", 25 ], [ "R", 12 ], [ "R", 12 ], [ "R", 2 ], [ "R", 2 ], [ "R", 30 ], [ "R", 2 ], [ "R", 2 ], [ "R", 30 ], [ "R", 2 ], [ "R", 30 ], [ "R", 30 ], [ "W", 30 ], [ "R", 9 ], [ "R", 9 ], [ "R", 19 ], [ "R", 2 ], [ "R", 30 ], [ "R", 30 ], [ "W", 30 ], [ "R", 2 ], [ "R", 30 ], [ "R", 2 ], [ "R", 30 ], [ "R", 30 ], [ "R", 30 ], [ "R", 30 ], [ "R", 30 ], [ "W", 30 ], [ "W", 2 ], [ "W", 19 ], [ "R", 25 ], [ "R", 19 ], [ "R", 25 ], [ "R", 12 ], [ "W", 25 ], [ "W", 25 ], [ "R", 12 ], [ "R", 30 ], [ "R", 29 ], [ "R", 29 ], [ "R", 5 ], [ "R", 5 ], [ "R", 26 ], [ "R", 12 ], [ "R", 26 ], [ "R", 26 ], [ "W", 26 ], [ "W", 29 ], [ "R", 29 ], [ "R", 28 ], [ "W", 19 ], [ "W", 19 ], [ "W", 19 ], [ "W", 18 ], [ "R", 29 ], [ "R", 29 ], [ "W", 19 ], [ "R", 29 ], [ "W", 19 ], [ "W", 19 ], [ "R", 2 ], [ "W", 19 ], [ "R", 2 ], [ "R", 2 ], [ "R", 18 ], [ "R", 2 ], [ "R", 18 ], [ "R", 2 ], [ "R", 2 ], [ "R", 18 ], [ "W", 19 ], [ "W", 25 ], [ "R", 19 ], [ "R", 18 ], [ "R", 18 ], [ "R", 19 ], [ "W", 25 ], [ "R", 12 ], [ "R", 2 ], [ "R", 2 ], [ "R", 18 ], [ "R", 2 ], [ "R", 2 ], [ "R", 18 ], [ "R", 12 ], [ "W", 25 ], [ "R", 25 ], [ "R", 19 ], [ "R", 25 ], [ "R", 9 ], [ "R", 9 ], [ "R", 19 ], [ "R", 12 ], [ "W", 25 ], [ "W", 25 ], [ "R", 25 ], [ "R", 19 ], [ "R", 25 ], [ "R", 12 ], [ "R", 12 ], [ "R", 2 ], [ "R", 2 ], [ "R", 30 ], [ "R", 2 ], [ "R", 2 ], [ "R", 30 ], [ "R", 2 ], [ "R", 30 ], [ "R", 30 ], [ "W", 30 ], [ "R", 9 ], [ "R", 9 ], [ "R", 19 ], [ "R", 2 ], [ "R", 30 ], [ "R", 30 ], [ "W", 30 ], [ "R", 2 ], [ "R", 30 ], [ "R", 2 ], [ "R", 30 ], [ "R", 30 ], [ "R", 30 ], [ "R", 30 ], [ "R", 30 ], [ "W", 30 ], [ "W", 2 ], [ "W", 19 ], [ "R", 25 ], [ "R", 19 ], [ "R", 25 ], [ "R", 12 ], [ "W", 25 ], [ "W", 25 ] ]
    } ]
  },
  "AdministratorController.deleteCreditCardMake" : {
    "t" : [ {
      "id" : 0,
      "a" : [ [ "R", 12 ], [ "R", 12 ], [ "R", 3 ], [ "R", 3 ], [ "R", 30 ], [ "R", 3 ], [ "R", 3 ], [ "R", 30 ], [ "R", 12 ], [ "R", 12 ], [ "R", 3 ], [ "R", 3 ], [ "R", 30 ], [ "R", 3 ], [ "R", 3 ], [ "R", 30 ], [ "R", 3 ], [ "R", 9 ], [ "R", 9 ], [ "W", 9 ], [ "W", 9 ] ]
    } ]
  },
  "AdministratorController.config" : {
    "t" : [ {
      "id" : 0,
      "a" : [ [ "R", 12 ], [ "R", 12 ], [ "R", 3 ], [ "R", 3 ], [ "R", 30 ], [ "R", 3 ], [ "R", 3 ], [ "R", 30 ], [ "R", 12 ], [ "R", 12 ], [ "R", 3 ], [ "R", 3 ], [ "R", 30 ], [ "R", 3 ], [ "R", 3 ], [ "R", 30 ], [ "R", 3 ], [ "R", 9 ] ]
    } ]
  },
  "WarrantyTravelAgencyController.edit" : {
    "t" : [ {
      "id" : 0,
      "a" : [ [ "R", 12 ], [ "R", 12 ], [ "R", 28 ], [ "R", 28 ], [ "R", 30 ], [ "R", 28 ], [ "R", 28 ], [ "R", 30 ], [ "R", 32 ], [ "R", 32 ], [ "R", 28 ], [ "R", 12 ], [ "R", 12 ], [ "R", 12 ], [ "R", 32 ] ]
    } ]
  },
  "ComplaintCustomerController.createPost" : {
    "t" : [ {
      "id" : 0,
      "a" : [ [ "R", 12 ], [ "R", 30 ], [ "R", 12 ], [ "R", 12 ], [ "R", 8 ], [ "R", 12 ], [ "R", 8 ], [ "R", 12 ], [ "W", 12 ], [ "R", 12 ], [ "W", 12 ], [ "R", 8 ], [ "R", 28 ], [ "W", 8 ], [ "W", 28 ], [ "R", 8 ], [ "R", 16 ], [ "W", 8 ], [ "W", 16 ], [ "R", 8 ], [ "R", 27 ], [ "W", 8 ], [ "W", 27 ], [ "R", 8 ], [ "R", 11 ], [ "W", 8 ], [ "W", 11 ], [ "R", 12 ], [ "R", 12 ], [ "R", 11 ], [ "R", 11 ], [ "R", 30 ], [ "R", 11 ], [ "R", 11 ], [ "R", 30 ], [ "W", 8 ], [ "W", 11 ], [ "W", 8 ], [ "R", 29 ], [ "R", 29 ], [ "R", 28 ], [ "R", 29 ], [ "R", 4 ], [ "R", 4 ], [ "R", 1 ], [ "R", 1 ], [ "R", 16 ], [ "R", 29 ], [ "R", 5 ], [ "R", 5 ], [ "R", 26 ], [ "R", 26 ], [ "R", 27 ], [ "W", 8 ], [ "R", 29 ], [ "R", 29 ], [ "R", 8 ] ]
    } ]
  },
  "JobApplicationCleanerController.create" : {
    "t" : [ {
      "id" : 0,
      "a" : [ [ "R", 12 ], [ "R", 12 ], [ "R", 6 ], [ "R", 6 ], [ "R", 30 ], [ "R", 6 ], [ "R", 6 ], [ "R", 30 ], [ "R", 12 ], [ "R", 12 ], [ "R", 6 ], [ "R", 6 ], [ "R", 30 ], [ "R", 6 ], [ "R", 6 ], [ "R", 30 ], [ "R", 16 ], [ "R", 12 ], [ "R", 12 ], [ "R", 17 ], [ "R", 17 ], [ "R", 17 ], [ "R", 6 ], [ "R", 17 ], [ "R", 16 ], [ "R", 17 ], [ "R", 17 ], [ "R", 17 ], [ "W", 17 ], [ "W", 16 ], [ "W", 17 ], [ "W", 6 ], [ "W", 17 ], [ "W", 17 ], [ "R", 12 ], [ "R", 12 ], [ "R", 6 ], [ "R", 6 ], [ "R", 30 ], [ "R", 6 ], [ "R", 6 ], [ "R", 30 ], [ "R", 12 ], [ "R", 10 ], [ "R", 10 ], [ "R", 10 ], [ "R", 6 ], [ "R", 10 ] ]
    } ]
  },
  "CustomerController.export" : {
    "t" : [ {
      "id" : 0,
      "a" : [ [ "R", 11 ], [ "R", 12 ], [ "R", 12 ], [ "R", 2 ], [ "R", 30 ], [ "R", 12 ] ]
    } ]
  },
  "MessageController.show" : {
    "t" : [ {
      "id" : 0,
      "a" : [ [ "R", 19 ], [ "R", 12 ], [ "R", 12 ], [ "R", 2 ], [ "R", 2 ], [ "R", 30 ], [ "R", 2 ], [ "R", 2 ], [ "R", 30 ], [ "R", 12 ], [ "R", 25 ], [ "R", 25 ], [ "R", 25 ], [ "R", 25 ] ]
    } ]
  },
  "CustomerController.create" : {
    "t" : [ {
      "id" : 0,
      "a" : [ [ "R", 9 ], [ "R", 9 ] ]
    } ]
  },
  "HostController.cleanerList" : {
    "t" : [ {
      "id" : 0,
      "a" : [ [ "R", 1 ], [ "R", 1 ], [ "R", 16 ], [ "R", 12 ], [ "R", 12 ], [ "R", 12 ], [ "R", 16 ], [ "R", 16 ], [ "R", 30 ], [ "R", 16 ], [ "R", 16 ], [ "R", 30 ], [ "R", 16 ], [ "R", 12 ], [ "R", 12 ], [ "R", 12 ], [ "R", 17 ], [ "R", 17 ], [ "R", 17 ], [ "R", 16 ], [ "R", 17 ], [ "R", 17 ], [ "R", 17 ], [ "R", 6 ] ]
    } ]
  },
  "CurriculaController.list" : {
    "t" : [ {
      "id" : 0,
      "a" : [ [ "R", 6 ], [ "R", 12 ], [ "R", 12 ], [ "R", 6 ], [ "R", 6 ], [ "R", 30 ], [ "R", 6 ], [ "R", 6 ], [ "R", 30 ], [ "R", 12 ], [ "R", 12 ], [ "R", 12 ], [ "R", 12 ], [ "R", 10 ], [ "R", 10 ], [ "R", 10 ], [ "R", 6 ], [ "R", 10 ] ]
    } ]
  },
  "RequestCustomerController.delete" : {
    "t" : [ {
      "id" : 0,
      "a" : [ [ "R", 22 ], [ "R", 12 ], [ "R", 12 ], [ "R", 11 ], [ "R", 11 ], [ "R", 30 ], [ "R", 11 ], [ "R", 11 ], [ "R", 30 ], [ "R", 22 ], [ "R", 11 ], [ "R", 12 ], [ "R", 12 ], [ "R", 12 ], [ "R", 22 ], [ "W", 22 ] ]
    } ]
  },
  "MessageController.edit" : {
    "t" : [ {
      "id" : 0,
      "a" : [ [ "R", 19 ], [ "R", 2 ], [ "R", 2 ], [ "R", 2 ], [ "R", 2 ], [ "R", 2 ], [ "R", 2 ], [ "R", 12 ], [ "R", 2 ], [ "R", 2 ], [ "R", 18 ], [ "R", 2 ], [ "R", 18 ], [ "R", 2 ], [ "R", 2 ], [ "R", 18 ] ]
    } ]
  },
  "HostController.save" : {
    "t" : [ {
      "id" : 0,
      "a" : [ [ "W", 30 ], [ "W", 18 ], [ "W", 19 ], [ "W", 18 ], [ "W", 18 ], [ "W", 19 ], [ "W", 18 ], [ "W", 18 ], [ "W", 18 ], [ "W", 18 ], [ "W", 18 ], [ "W", 18 ], [ "W", 19 ], [ "W", 18 ], [ "W", 19 ], [ "W", 18 ], [ "W", 18 ], [ "W", 2 ], [ "W", 18 ], [ "W", 30 ], [ "W", 2 ], [ "W", 30 ], [ "R", 2 ], [ "R", 2 ], [ "R", 2 ], [ "R", 30 ], [ "R", 2 ], [ "R", 2 ], [ "R", 2 ], [ "R", 2 ], [ "R", 30 ], [ "W", 30 ], [ "R", 2 ], [ "R", 30 ], [ "W", 30 ], [ "W", 2 ], [ "W", 2 ], [ "W", 2 ], [ "W", 2 ], [ "W", 2 ], [ "W", 2 ], [ "W", 2 ], [ "R", 9 ], [ "R", 9 ], [ "R", 2 ], [ "R", 9 ], [ "R", 9 ], [ "R", 2 ], [ "W", 2 ], [ "W", 16 ] ]
    } ]
  },
  "CleanerController.edit" : {
    "t" : [ {
      "id" : 0,
      "a" : [ [ "R", 12 ], [ "R", 12 ], [ "R", 6 ], [ "R", 6 ], [ "R", 30 ], [ "R", 6 ], [ "R", 6 ], [ "R", 30 ], [ "R", 2 ], [ "R", 9 ], [ "R", 9 ] ]
    } ]
  },
  "AccomodationHostController.delete" : {
    "t" : [ {
      "id" : 0,
      "a" : [ [ "R", 1 ], [ "R", 12 ], [ "R", 12 ], [ "R", 16 ], [ "R", 16 ], [ "R", 30 ], [ "R", 16 ], [ "R", 16 ], [ "R", 30 ], [ "R", 1 ], [ "R", 16 ], [ "R", 12 ], [ "R", 12 ], [ "R", 12 ], [ "R", 12 ], [ "R", 4 ], [ "R", 4 ], [ "R", 4 ], [ "R", 1 ], [ "R", 4 ], [ "R", 12 ], [ "R", 4 ], [ "R", 4 ], [ "R", 4 ], [ "R", 1 ], [ "W", 4 ], [ "R", 12 ], [ "R", 7 ], [ "R", 7 ], [ "R", 7 ], [ "R", 1 ], [ "W", 7 ], [ "R", 12 ], [ "R", 14 ], [ "R", 14 ], [ "R", 1 ], [ "R", 14 ], [ "R", 14 ], [ "R", 1 ], [ "R", 14 ], [ "R", 1 ], [ "W", 1 ] ]
    } ]
  },
  "MessageController.editBroadcast" : {
    "t" : [ {
      "id" : 0,
      "a" : [ [ "R", 12 ], [ "R", 12 ], [ "R", 2 ], [ "R", 2 ], [ "R", 30 ], [ "R", 2 ], [ "R", 2 ], [ "R", 30 ], [ "R", 2 ], [ "R", 18 ], [ "R", 19 ], [ "R", 2 ], [ "R", 2 ], [ "R", 2 ] ]
    } ]
  },
  "CleanerController.show" : {
    "t" : [ {
      "id" : 0,
      "a" : [ [ "R", 12 ], [ "R", 12 ], [ "R", 6 ], [ "R", 6 ], [ "R", 30 ], [ "R", 6 ], [ "R", 6 ], [ "R", 30 ] ]
    } ]
  },
  "MailboxController.delete" : {
    "t" : [ {
      "id" : 0,
      "a" : [ [ "R", 18 ], [ "R", 12 ], [ "R", 12 ], [ "R", 2 ], [ "R", 2 ], [ "R", 30 ], [ "R", 2 ], [ "R", 2 ], [ "R", 30 ], [ "R", 18 ], [ "R", 2 ], [ "R", 18 ], [ "R", 2 ], [ "R", 18 ], [ "R", 18 ], [ "R", 12 ], [ "R", 18 ], [ "R", 12 ], [ "R", 12 ], [ "R", 2 ], [ "R", 2 ], [ "R", 30 ], [ "R", 2 ], [ "R", 2 ], [ "R", 30 ], [ "R", 2 ], [ "R", 18 ], [ "W", 18 ], [ "R", 12 ], [ "R", 12 ], [ "R", 2 ], [ "R", 2 ], [ "R", 30 ], [ "R", 2 ], [ "R", 2 ], [ "R", 30 ], [ "R", 2 ], [ "R", 2 ], [ "R", 18 ], [ "R", 12 ], [ "R", 12 ], [ "R", 2 ], [ "R", 2 ], [ "R", 30 ], [ "R", 2 ], [ "R", 2 ], [ "R", 30 ], [ "R", 12 ], [ "R", 12 ], [ "R", 18 ], [ "R", 2 ], [ "R", 18 ], [ "R", 2 ], [ "R", 18 ] ]
    } ]
  },
  "AdministratorController.newSystemNombre" : {
    "t" : [ {
      "id" : 0,
      "a" : [ [ "R", 12 ], [ "R", 12 ], [ "R", 3 ], [ "R", 3 ], [ "R", 30 ], [ "R", 3 ], [ "R", 3 ], [ "R", 30 ], [ "R", 12 ], [ "R", 12 ], [ "R", 3 ], [ "R", 3 ], [ "R", 30 ], [ "R", 3 ], [ "R", 3 ], [ "R", 30 ], [ "R", 3 ], [ "R", 9 ], [ "W", 9 ], [ "W", 9 ] ]
    } ]
  },
  "MiscellaneousAttachmentCleanerController.edit" : {
    "t" : [ {
      "id" : 0,
      "a" : [ [ "R", 20 ], [ "R", 10 ], [ "R", 12 ], [ "R", 20 ], [ "R", 10 ], [ "R", 20 ], [ "R", 20 ], [ "R", 12 ], [ "R", 12 ], [ "R", 6 ], [ "R", 6 ], [ "R", 30 ], [ "R", 6 ], [ "R", 6 ], [ "R", 30 ], [ "R", 20 ], [ "R", 10 ], [ "R", 10 ], [ "R", 6 ], [ "R", 12 ], [ "R", 12 ], [ "R", 12 ], [ "R", 12 ], [ "R", 12 ], [ "R", 6 ], [ "R", 6 ], [ "R", 30 ], [ "R", 6 ], [ "R", 6 ], [ "R", 30 ], [ "R", 20 ], [ "R", 10 ], [ "R", 12 ], [ "R", 20 ], [ "R", 20 ], [ "R", 10 ], [ "R", 20 ], [ "R", 20 ], [ "R", 10 ], [ "R", 20 ], [ "R", 10 ], [ "R", 10 ], [ "R", 6 ], [ "R", 12 ], [ "R", 12 ], [ "R", 12 ], [ "W", 20 ], [ "R", 20 ], [ "R", 10 ], [ "R", 12 ], [ "R", 20 ], [ "R", 10 ], [ "R", 12 ], [ "R", 20 ], [ "R", 10 ] ]
    } ]
  },
  "AdministratorController.newScoreWord" : {
    "t" : [ {
      "id" : 0,
      "a" : [ [ "R", 12 ], [ "R", 12 ], [ "R", 3 ], [ "R", 3 ], [ "R", 30 ], [ "R", 3 ], [ "R", 3 ], [ "R", 30 ], [ "R", 12 ], [ "R", 12 ], [ "R", 3 ], [ "R", 3 ], [ "R", 30 ], [ "R", 3 ], [ "R", 3 ], [ "R", 30 ], [ "R", 3 ], [ "R", 9 ], [ "R", 9 ], [ "W", 9 ], [ "W", 9 ] ]
    } ]
  },
  "CustomerController.usersRelatedList" : {
    "t" : [ {
      "id" : 0,
      "a" : [ [ "R", 12 ], [ "R", 12 ], [ "R", 11 ], [ "R", 11 ], [ "R", 30 ], [ "R", 11 ], [ "R", 11 ], [ "R", 30 ], [ "R", 12 ], [ "R", 29 ], [ "R", 29 ], [ "R", 4 ], [ "R", 29 ], [ "R", 4 ], [ "R", 1 ], [ "R", 16 ], [ "R", 29 ], [ "R", 11 ], [ "R", 12 ], [ "R", 29 ], [ "R", 29 ], [ "R", 5 ], [ "R", 29 ], [ "R", 5 ], [ "R", 26 ], [ "R", 27 ], [ "R", 29 ], [ "R", 11 ], [ "R", 12 ], [ "R", 29 ], [ "R", 29 ], [ "R", 28 ], [ "R", 29 ], [ "R", 11 ] ]
    } ]
  },
  "CleaningTaskController.showCleaner" : {
    "t" : [ {
      "id" : 0,
      "a" : [ [ "R", 12 ], [ "R", 12 ], [ "R", 6 ], [ "R", 6 ], [ "R", 30 ], [ "R", 6 ], [ "R", 6 ], [ "R", 30 ], [ "R", 7 ], [ "R", 7 ], [ "R", 6 ], [ "R", 12 ], [ "R", 12 ], [ "R", 12 ] ]
    } ]
  },
  "AdministratorController.deleteScoreWord" : {
    "t" : [ {
      "id" : 0,
      "a" : [ [ "R", 12 ], [ "R", 12 ], [ "R", 3 ], [ "R", 3 ], [ "R", 30 ], [ "R", 3 ], [ "R", 3 ], [ "R", 30 ], [ "R", 12 ], [ "R", 12 ], [ "R", 3 ], [ "R", 3 ], [ "R", 30 ], [ "R", 3 ], [ "R", 3 ], [ "R", 30 ], [ "R", 3 ], [ "R", 9 ], [ "R", 9 ], [ "W", 9 ], [ "W", 9 ] ]
    } ]
  },
  "MessageController.listMessages" : {
    "t" : [ {
      "id" : 0,
      "a" : [ [ "R", 18 ], [ "R", 18 ], [ "R", 19 ] ]
    } ]
  },
  "AccomodationHostController.create" : {
    "t" : [ {
      "id" : 0,
      "a" : [ [ "R", 12 ], [ "R", 12 ], [ "R", 16 ], [ "R", 16 ], [ "R", 30 ], [ "R", 16 ], [ "R", 16 ], [ "R", 30 ], [ "W", 1 ], [ "W", 16 ] ]
    } ]
  },
  "AccomodationHostController.show" : {
    "t" : [ {
      "id" : 0,
      "a" : [ [ "R", 1 ], [ "R", 12 ], [ "R", 12 ], [ "R", 16 ], [ "R", 16 ], [ "R", 30 ], [ "R", 16 ], [ "R", 16 ], [ "R", 30 ], [ "R", 12 ], [ "R", 1 ], [ "R", 16 ], [ "R", 12 ], [ "R", 12 ], [ "R", 4 ], [ "R", 4 ], [ "R", 4 ], [ "R", 1 ], [ "R", 4 ] ]
    } ]
  },
  "SocialProfileActorController.edit" : {
    "t" : [ {
      "id" : 0,
      "a" : [ [ "R", 24 ], [ "R", 24 ], [ "R", 24 ], [ "R", 2 ], [ "R", 12 ], [ "R", 12 ], [ "R", 2 ], [ "R", 2 ], [ "R", 30 ], [ "R", 2 ], [ "R", 2 ], [ "R", 30 ], [ "R", 12 ], [ "R", 12 ], [ "R", 12 ], [ "R", 24 ], [ "R", 24 ], [ "R", 12 ], [ "R", 12 ], [ "R", 2 ], [ "R", 2 ], [ "R", 30 ], [ "R", 2 ], [ "R", 2 ], [ "R", 30 ], [ "R", 12 ], [ "R", 24 ], [ "R", 24 ], [ "R", 2 ], [ "R", 24 ], [ "R", 24 ], [ "R", 2 ] ]
    } ]
  },
  "ComplaintCustomerController.list" : {
    "t" : [ {
      "id" : 0,
      "a" : [ [ "R", 12 ], [ "R", 30 ], [ "R", 12 ], [ "R", 12 ], [ "R", 11 ], [ "R", 11 ], [ "R", 30 ], [ "R", 11 ], [ "R", 11 ], [ "R", 30 ], [ "R", 12 ], [ "R", 8 ], [ "R", 8 ], [ "R", 8 ], [ "R", 11 ], [ "R", 8 ], [ "R", 23 ], [ "R", 8 ], [ "R", 12 ], [ "R", 30 ], [ "R", 12 ], [ "R", 12 ], [ "R", 11 ], [ "R", 11 ], [ "R", 30 ], [ "R", 11 ], [ "R", 11 ], [ "R", 30 ], [ "R", 12 ], [ "R", 8 ], [ "R", 8 ], [ "R", 23 ], [ "R", 8 ], [ "R", 8 ], [ "R", 11 ], [ "R", 8 ] ]
    } ]
  },
  "TransporterController.delete" : {
    "t" : [ {
      "id" : 0,
      "a" : [ [ "R", 27 ], [ "R", 27 ], [ "R", 12 ], [ "R", 12 ], [ "R", 2 ], [ "R", 30 ], [ "R", 12 ], [ "R", 2 ], [ "R", 30 ], [ "R", 12 ], [ "R", 12 ], [ "R", 12 ], [ "R", 12 ], [ "R", 24 ], [ "R", 24 ], [ "R", 2 ], [ "R", 24 ], [ "R", 24 ], [ "R", 2 ], [ "R", 12 ], [ "R", 12 ], [ "R", 2 ], [ "R", 2 ], [ "R", 30 ], [ "R", 2 ], [ "R", 2 ], [ "R", 30 ], [ "R", 24 ], [ "R", 2 ], [ "R", 12 ], [ "R", 12 ], [ "R", 12 ], [ "W", 24 ], [ "W", 2 ], [ "W", 24 ], [ "R", 12 ], [ "R", 30 ], [ "R", 12 ], [ "R", 12 ], [ "R", 27 ], [ "R", 27 ], [ "R", 30 ], [ "R", 27 ], [ "R", 27 ], [ "R", 30 ], [ "R", 12 ], [ "R", 26 ], [ "R", 26 ], [ "R", 26 ], [ "R", 27 ], [ "R", 26 ], [ "R", 12 ], [ "R", 26 ], [ "R", 12 ], [ "R", 12 ], [ "R", 27 ], [ "R", 27 ], [ "R", 30 ], [ "R", 27 ], [ "R", 27 ], [ "R", 30 ], [ "R", 26 ], [ "R", 27 ], [ "R", 12 ], [ "R", 12 ], [ "R", 12 ], [ "R", 26 ], [ "W", 26 ], [ "R", 12 ], [ "R", 8 ], [ "R", 8 ], [ "R", 8 ], [ "R", 27 ], [ "R", 12 ], [ "R", 12 ], [ "R", 30 ], [ "R", 12 ], [ "R", 30 ], [ "R", 8 ], [ "R", 29 ], [ "R", 29 ], [ "R", 8 ], [ "R", 29 ], [ "R", 29 ], [ "R", 8 ], [ "R", 29 ], [ "R", 8 ], [ "R", 8 ], [ "W", 8 ], [ "R", 12 ], [ "R", 31 ], [ "R", 31 ], [ "R", 31 ], [ "R", 27 ], [ "W", 31 ], [ "W", 27 ] ]
    } ]
  },
  "WarrantyTravelAgencyController.create" : {
    "t" : [ {
      "id" : 0,
      "a" : [ [ "R", 12 ], [ "R", 12 ], [ "R", 28 ], [ "R", 28 ], [ "R", 30 ], [ "R", 28 ], [ "R", 28 ], [ "R", 30 ], [ "W", 32 ], [ "W", 28 ] ]
    } ]
  },
  "SocialProfileActorController.create" : {
    "t" : [ {
      "id" : 0,
      "a" : [ [ "R", 12 ], [ "R", 12 ], [ "R", 12 ], [ "R", 2 ], [ "R", 2 ], [ "R", 30 ], [ "R", 2 ], [ "R", 2 ], [ "R", 30 ], [ "R", 12 ], [ "R", 24 ], [ "R", 24 ], [ "R", 2 ], [ "R", 24 ], [ "R", 24 ], [ "R", 2 ] ]
    } ]
  },
  "CurriculaCleanerController.delete" : {
    "t" : [ {
      "id" : 0,
      "a" : [ [ "R", 12 ], [ "R", 12 ], [ "R", 6 ], [ "R", 6 ], [ "R", 30 ], [ "R", 6 ], [ "R", 6 ], [ "R", 30 ], [ "R", 10 ], [ "R", 12 ], [ "R", 12 ], [ "R", 6 ], [ "R", 6 ], [ "R", 30 ], [ "R", 6 ], [ "R", 6 ], [ "R", 30 ], [ "R", 12 ], [ "R", 10 ], [ "R", 10 ], [ "R", 6 ], [ "R", 12 ], [ "R", 12 ], [ "R", 12 ], [ "R", 12 ], [ "R", 13 ], [ "R", 13 ], [ "R", 10 ], [ "R", 13 ], [ "R", 13 ], [ "R", 10 ], [ "R", 12 ], [ "R", 12 ], [ "R", 6 ], [ "R", 6 ], [ "R", 30 ], [ "R", 6 ], [ "R", 6 ], [ "R", 30 ], [ "R", 13 ], [ "R", 10 ], [ "R", 10 ], [ "R", 6 ], [ "R", 12 ], [ "R", 12 ], [ "R", 12 ], [ "W", 13 ], [ "R", 12 ], [ "R", 20 ], [ "R", 20 ], [ "R", 10 ], [ "R", 20 ], [ "R", 20 ], [ "R", 10 ], [ "R", 12 ], [ "R", 12 ], [ "R", 6 ], [ "R", 6 ], [ "R", 30 ], [ "R", 6 ], [ "R", 6 ], [ "R", 30 ], [ "R", 20 ], [ "R", 10 ], [ "R", 10 ], [ "R", 6 ], [ "R", 12 ], [ "R", 12 ], [ "R", 12 ], [ "W", 20 ], [ "W", 10 ], [ "R", 12 ], [ "R", 12 ] ]
    } ]
  },
  "AccomodationHostController.edit" : {
    "t" : [ {
      "id" : 0,
      "a" : [ [ "R", 12 ], [ "R", 12 ], [ "R", 16 ], [ "R", 16 ], [ "R", 30 ], [ "R", 16 ], [ "R", 16 ], [ "R", 30 ], [ "R", 1 ], [ "R", 1 ], [ "R", 16 ], [ "R", 12 ], [ "R", 12 ], [ "R", 12 ], [ "R", 12 ], [ "R", 4 ], [ "R", 4 ], [ "R", 4 ], [ "R", 1 ], [ "R", 4 ] ]
    } ]
  },
  "RefereeController.saveEdit" : {
    "t" : [ {
      "id" : 0,
      "a" : [ [ "R", 12 ], [ "R", 21 ], [ "R", 2 ], [ "R", 2 ], [ "R", 2 ], [ "R", 2 ], [ "R", 2 ], [ "R", 2 ], [ "R", 2 ], [ "R", 2 ], [ "R", 2 ], [ "R", 2 ], [ "R", 2 ], [ "R", 2 ], [ "R", 12 ], [ "R", 12 ], [ "R", 21 ], [ "R", 21 ], [ "R", 30 ], [ "R", 21 ], [ "R", 21 ], [ "R", 30 ], [ "R", 2 ], [ "R", 2 ], [ "R", 2 ], [ "R", 2 ], [ "R", 2 ], [ "R", 2 ], [ "R", 2 ], [ "R", 2 ], [ "R", 2 ], [ "R", 2 ], [ "W", 2 ], [ "R", 2 ], [ "W", 2 ], [ "R", 2 ], [ "W", 2 ], [ "R", 2 ], [ "W", 2 ], [ "R", 2 ], [ "W", 2 ], [ "R", 2 ], [ "W", 2 ], [ "R", 2 ], [ "R", 2 ], [ "R", 2 ], [ "R", 2 ], [ "R", 2 ], [ "R", 2 ], [ "W", 2 ], [ "R", 9 ], [ "R", 9 ], [ "R", 2 ], [ "R", 9 ], [ "R", 9 ], [ "R", 2 ], [ "W", 2 ], [ "W", 21 ] ]
    } ]
  },
  "CurriculaController.show" : {
    "t" : [ {
      "id" : 0,
      "a" : [ [ "R", 10 ], [ "R", 12 ], [ "R", 12 ], [ "R", 6 ], [ "R", 6 ], [ "R", 30 ], [ "R", 6 ], [ "R", 6 ], [ "R", 30 ], [ "R", 10 ], [ "R", 6 ], [ "R", 12 ], [ "R", 12 ], [ "R", 12 ], [ "R", 10 ], [ "R", 12 ], [ "R", 12 ], [ "R", 6 ], [ "R", 6 ], [ "R", 30 ], [ "R", 6 ], [ "R", 6 ], [ "R", 30 ], [ "R", 10 ], [ "R", 6 ], [ "R", 12 ], [ "R", 12 ], [ "R", 12 ], [ "W", 20 ], [ "W", 10 ], [ "W", 20 ], [ "R", 10 ], [ "R", 12 ], [ "R", 20 ], [ "R", 20 ], [ "R", 10 ], [ "R", 20 ], [ "R", 20 ], [ "R", 10 ], [ "R", 12 ], [ "R", 13 ], [ "R", 13 ], [ "R", 10 ], [ "R", 13 ], [ "R", 13 ], [ "R", 10 ], [ "R", 10 ], [ "R", 6 ], [ "R", 12 ], [ "R", 7 ], [ "R", 7 ], [ "R", 7 ], [ "R", 6 ], [ "R", 12 ], [ "R", 20 ], [ "R", 20 ], [ "R", 10 ], [ "R", 20 ], [ "R", 20 ], [ "R", 10 ] ]
    } ]
  },
  "BookingAccomodationTravelAgencyController.delete" : {
    "t" : [ {
      "id" : 0,
      "a" : [ [ "R", 4 ], [ "W", 4 ] ]
    } ]
  },
  "TransporterController.show" : {
    "t" : [ {
      "id" : 0,
      "a" : [ [ "R", 12 ], [ "R", 12 ], [ "R", 27 ], [ "R", 27 ], [ "R", 30 ], [ "R", 27 ], [ "R", 27 ], [ "R", 30 ] ]
    } ]
  },
  "TravelAgencyController.save" : {
    "t" : [ {
      "id" : 0,
      "a" : [ [ "W", 30 ], [ "W", 18 ], [ "W", 19 ], [ "W", 18 ], [ "W", 18 ], [ "W", 19 ], [ "W", 18 ], [ "W", 18 ], [ "W", 18 ], [ "W", 18 ], [ "W", 18 ], [ "W", 18 ], [ "W", 19 ], [ "W", 18 ], [ "W", 19 ], [ "W", 18 ], [ "W", 18 ], [ "W", 2 ], [ "W", 18 ], [ "W", 14 ], [ "W", 14 ], [ "W", 14 ], [ "W", 14 ], [ "R", 12 ], [ "R", 12 ], [ "R", 30 ], [ "W", 14 ], [ "W", 15 ], [ "W", 15 ], [ "R", 12 ], [ "R", 12 ], [ "R", 30 ], [ "W", 15 ], [ "W", 28 ], [ "W", 14 ], [ "W", 28 ], [ "W", 15 ], [ "W", 30 ], [ "W", 2 ], [ "W", 30 ], [ "R", 2 ], [ "R", 2 ], [ "R", 2 ], [ "R", 30 ], [ "R", 2 ], [ "R", 2 ], [ "R", 2 ], [ "R", 2 ], [ "R", 30 ], [ "W", 30 ], [ "R", 2 ], [ "R", 30 ], [ "W", 30 ], [ "W", 2 ], [ "W", 2 ], [ "W", 2 ], [ "W", 2 ], [ "W", 2 ], [ "W", 2 ], [ "W", 2 ], [ "R", 9 ], [ "R", 9 ], [ "R", 2 ], [ "R", 9 ], [ "R", 9 ], [ "R", 2 ], [ "W", 2 ], [ "W", 28 ] ]
    } ]
  },
  "JobApplicationCleanerController.list" : {
    "t" : [ {
      "id" : 0,
      "a" : [ [ "R", 6 ], [ "R", 12 ], [ "R", 12 ], [ "R", 6 ], [ "R", 6 ], [ "R", 30 ], [ "R", 6 ], [ "R", 6 ], [ "R", 30 ], [ "R", 12 ], [ "R", 12 ], [ "R", 12 ], [ "R", 12 ], [ "R", 12 ], [ "R", 6 ], [ "R", 6 ], [ "R", 30 ], [ "R", 6 ], [ "R", 6 ], [ "R", 30 ], [ "R", 12 ], [ "R", 17 ], [ "R", 17 ], [ "R", 17 ], [ "R", 6 ], [ "R", 12 ], [ "R", 6 ], [ "R", 16 ], [ "R", 12 ], [ "R", 17 ], [ "R", 17 ], [ "R", 16 ], [ "R", 17 ], [ "R", 16 ], [ "R", 17 ], [ "R", 6 ], [ "R", 17 ], [ "R", 17 ], [ "R", 17 ] ]
    } ]
  },
  "ReviewController.show" : {
    "t" : [ {
      "id" : 0,
      "a" : [ [ "R", 12 ], [ "R", 12 ], [ "R", 21 ], [ "R", 21 ], [ "R", 30 ], [ "R", 21 ], [ "R", 21 ], [ "R", 30 ], [ "R", 23 ], [ "R", 23 ], [ "R", 21 ], [ "R", 12 ], [ "R", 12 ], [ "R", 12 ], [ "R", 23 ], [ "R", 12 ], [ "R", 8 ], [ "R", 8 ], [ "R", 8 ], [ "R", 23 ] ]
    } ]
  },
  "ComplaintCustomerController.create" : {
    "t" : [ {
      "id" : 0,
      "a" : [ [ "R", 29 ], [ "R", 29 ], [ "R", 28 ], [ "R", 29 ], [ "R", 4 ], [ "R", 4 ], [ "R", 1 ], [ "R", 1 ], [ "R", 16 ], [ "R", 29 ], [ "R", 5 ], [ "R", 5 ], [ "R", 26 ], [ "R", 26 ], [ "R", 27 ] ]
    } ]
  },
  "CleanerController.delete" : {
    "t" : [ {
      "id" : 0,
      "a" : [ [ "R", 6 ], [ "R", 6 ], [ "R", 12 ], [ "R", 12 ], [ "R", 2 ], [ "R", 30 ], [ "R", 12 ], [ "R", 2 ], [ "R", 30 ], [ "R", 12 ], [ "R", 12 ], [ "R", 12 ], [ "R", 12 ], [ "R", 24 ], [ "R", 24 ], [ "R", 2 ], [ "R", 24 ], [ "R", 24 ], [ "R", 2 ], [ "R", 12 ], [ "R", 12 ], [ "R", 2 ], [ "R", 2 ], [ "R", 30 ], [ "R", 2 ], [ "R", 2 ], [ "R", 30 ], [ "R", 24 ], [ "R", 2 ], [ "R", 12 ], [ "R", 12 ], [ "R", 12 ], [ "W", 24 ], [ "W", 2 ], [ "W", 24 ], [ "R", 12 ], [ "R", 7 ], [ "R", 7 ], [ "R", 7 ], [ "R", 6 ], [ "W", 7 ], [ "R", 12 ], [ "R", 17 ], [ "R", 17 ], [ "R", 17 ], [ "R", 6 ], [ "W", 17 ], [ "R", 12 ], [ "R", 10 ], [ "R", 10 ], [ "R", 10 ], [ "R", 6 ], [ "R", 12 ], [ "R", 12 ], [ "R", 6 ], [ "R", 6 ], [ "R", 30 ], [ "R", 6 ], [ "R", 6 ], [ "R", 30 ], [ "R", 12 ], [ "R", 10 ], [ "R", 10 ], [ "R", 6 ], [ "R", 12 ], [ "R", 12 ], [ "R", 12 ], [ "R", 12 ], [ "R", 13 ], [ "R", 13 ], [ "R", 10 ], [ "R", 13 ], [ "R", 13 ], [ "R", 10 ], [ "R", 12 ], [ "R", 12 ], [ "R", 6 ], [ "R", 6 ], [ "R", 30 ], [ "R", 6 ], [ "R", 6 ], [ "R", 30 ], [ "R", 13 ], [ "R", 10 ], [ "R", 10 ], [ "R", 6 ], [ "R", 12 ], [ "R", 12 ], [ "R", 12 ], [ "W", 13 ], [ "R", 12 ], [ "R", 20 ], [ "R", 20 ], [ "R", 10 ], [ "R", 20 ], [ "R", 20 ], [ "R", 10 ], [ "R", 12 ], [ "R", 12 ], [ "R", 6 ], [ "R", 6 ], [ "R", 30 ], [ "R", 6 ], [ "R", 6 ], [ "R", 30 ], [ "R", 20 ], [ "R", 10 ], [ "R", 10 ], [ "R", 6 ], [ "R", 12 ], [ "R", 12 ], [ "R", 12 ], [ "W", 20 ], [ "W", 10 ], [ "R", 12 ], [ "R", 31 ], [ "R", 31 ], [ "R", 31 ], [ "R", 6 ], [ "W", 31 ], [ "W", 6 ] ]
    } ]
  },
  "TransporterController.myCustomers" : {
    "t" : [ {
      "id" : 0,
      "a" : [ [ "R", 12 ], [ "R", 12 ], [ "R", 27 ], [ "R", 27 ], [ "R", 30 ], [ "R", 27 ], [ "R", 27 ], [ "R", 30 ], [ "R", 12 ], [ "R", 29 ], [ "R", 29 ], [ "R", 5 ], [ "R", 29 ], [ "R", 11 ], [ "R", 29 ], [ "R", 5 ], [ "R", 26 ], [ "R", 27 ] ]
    } ]
  },
  "SocialProfileActorController.show" : {
    "t" : [ {
      "id" : 0,
      "a" : [ [ "R", 12 ], [ "R", 12 ], [ "R", 2 ], [ "R", 2 ], [ "R", 30 ], [ "R", 2 ], [ "R", 2 ], [ "R", 30 ], [ "R", 24 ], [ "R", 12 ], [ "R", 24 ], [ "R", 24 ], [ "R", 2 ], [ "R", 24 ], [ "R", 24 ], [ "R", 2 ], [ "R", 24 ], [ "R", 2 ], [ "R", 12 ], [ "R", 12 ], [ "R", 12 ] ]
    } ]
  },
  "HostController.delete" : {
    "t" : [ {
      "id" : 0,
      "a" : [ [ "R", 16 ], [ "R", 16 ], [ "R", 12 ], [ "R", 12 ], [ "R", 2 ], [ "R", 30 ], [ "R", 12 ], [ "R", 2 ], [ "R", 30 ], [ "R", 12 ], [ "R", 12 ], [ "R", 12 ], [ "R", 12 ], [ "R", 24 ], [ "R", 24 ], [ "R", 2 ], [ "R", 24 ], [ "R", 24 ], [ "R", 2 ], [ "R", 12 ], [ "R", 12 ], [ "R", 2 ], [ "R", 2 ], [ "R", 30 ], [ "R", 2 ], [ "R", 2 ], [ "R", 30 ], [ "R", 24 ], [ "R", 2 ], [ "R", 12 ], [ "R", 12 ], [ "R", 12 ], [ "W", 24 ], [ "W", 2 ], [ "W", 24 ], [ "R", 12 ], [ "R", 12 ], [ "R", 16 ], [ "R", 16 ], [ "R", 30 ], [ "R", 16 ], [ "R", 16 ], [ "R", 30 ], [ "R", 12 ], [ "R", 1 ], [ "R", 1 ], [ "R", 1 ], [ "R", 16 ], [ "R", 12 ], [ "R", 12 ], [ "R", 16 ], [ "R", 16 ], [ "R", 30 ], [ "R", 16 ], [ "R", 16 ], [ "R", 30 ], [ "R", 1 ], [ "R", 16 ], [ "R", 12 ], [ "R", 12 ], [ "R", 12 ], [ "R", 12 ], [ "R", 4 ], [ "R", 4 ], [ "R", 4 ], [ "R", 1 ], [ "R", 4 ], [ "R", 12 ], [ "R", 4 ], [ "R", 4 ], [ "R", 4 ], [ "R", 1 ], [ "W", 4 ], [ "R", 12 ], [ "R", 7 ], [ "R", 7 ], [ "R", 7 ], [ "R", 1 ], [ "W", 7 ], [ "R", 12 ], [ "R", 14 ], [ "R", 14 ], [ "R", 1 ], [ "R", 14 ], [ "R", 14 ], [ "R", 1 ], [ "R", 14 ], [ "R", 1 ], [ "W", 1 ], [ "R", 12 ], [ "R", 17 ], [ "R", 17 ], [ "R", 17 ], [ "R", 16 ], [ "W", 17 ], [ "R", 12 ], [ "R", 8 ], [ "R", 8 ], [ "R", 8 ], [ "R", 16 ], [ "R", 12 ], [ "R", 12 ], [ "R", 30 ], [ "R", 12 ], [ "R", 30 ], [ "R", 8 ], [ "R", 29 ], [ "R", 29 ], [ "R", 8 ], [ "R", 29 ], [ "R", 29 ], [ "R", 8 ], [ "R", 29 ], [ "R", 8 ], [ "R", 8 ], [ "W", 8 ], [ "R", 12 ], [ "R", 31 ], [ "R", 31 ], [ "R", 31 ], [ "R", 16 ], [ "W", 31 ], [ "W", 16 ] ]
    } ]
  },
  "MailboxController.create" : {
    "t" : [ {
      "id" : 0,
      "a" : [ [ "W", 18 ], [ "W", 19 ], [ "W", 18 ], [ "R", 12 ], [ "R", 12 ], [ "R", 2 ], [ "R", 2 ], [ "R", 30 ], [ "R", 2 ], [ "R", 2 ], [ "R", 30 ], [ "R", 12 ], [ "R", 12 ], [ "R", 18 ], [ "R", 2 ], [ "R", 18 ], [ "R", 2 ], [ "R", 18 ] ]
    } ]
  },
  "BookingTransportTravelAgencyController.delete" : {
    "t" : [ {
      "id" : 0,
      "a" : [ [ "R", 5 ], [ "R", 5 ], [ "R", 26 ], [ "R", 26 ], [ "W", 26 ], [ "W", 5 ] ]
    } ]
  },
  "AdministratorController.edit" : {
    "t" : [ {
      "id" : 0,
      "a" : [ [ "R", 12 ], [ "R", 12 ], [ "R", 3 ], [ "R", 3 ], [ "R", 30 ], [ "R", 3 ], [ "R", 3 ], [ "R", 30 ], [ "R", 2 ], [ "R", 9 ], [ "R", 9 ] ]
    } ]
  },
  "TravelAgencyController.delete" : {
    "t" : [ {
      "id" : 0,
      "a" : [ [ "R", 28 ], [ "R", 28 ], [ "R", 12 ], [ "R", 12 ], [ "R", 2 ], [ "R", 30 ], [ "R", 12 ], [ "R", 2 ], [ "R", 30 ], [ "R", 12 ], [ "R", 12 ], [ "R", 12 ], [ "R", 12 ], [ "R", 24 ], [ "R", 24 ], [ "R", 2 ], [ "R", 24 ], [ "R", 24 ], [ "R", 2 ], [ "R", 12 ], [ "R", 12 ], [ "R", 2 ], [ "R", 2 ], [ "R", 30 ], [ "R", 2 ], [ "R", 2 ], [ "R", 30 ], [ "R", 24 ], [ "R", 2 ], [ "R", 12 ], [ "R", 12 ], [ "R", 12 ], [ "W", 24 ], [ "W", 2 ], [ "W", 24 ], [ "R", 12 ], [ "R", 12 ], [ "R", 28 ], [ "R", 28 ], [ "R", 30 ], [ "R", 28 ], [ "R", 28 ], [ "R", 30 ], [ "R", 12 ], [ "R", 29 ], [ "R", 29 ], [ "R", 29 ], [ "R", 28 ], [ "R", 29 ], [ "R", 28 ], [ "R", 2 ], [ "R", 30 ], [ "R", 12 ], [ "R", 12 ], [ "R", 12 ], [ "R", 29 ], [ "R", 5 ], [ "R", 5 ], [ "R", 26 ], [ "R", 26 ], [ "W", 26 ], [ "W", 5 ], [ "R", 12 ], [ "W", 29 ], [ "R", 12 ], [ "R", 12 ], [ "R", 28 ], [ "R", 28 ], [ "R", 30 ], [ "R", 28 ], [ "R", 28 ], [ "R", 30 ], [ "R", 12 ], [ "R", 32 ], [ "R", 32 ], [ "R", 32 ], [ "R", 28 ], [ "W", 32 ], [ "R", 12 ], [ "R", 8 ], [ "R", 8 ], [ "R", 8 ], [ "R", 28 ], [ "R", 12 ], [ "R", 12 ], [ "R", 30 ], [ "R", 12 ], [ "R", 30 ], [ "R", 8 ], [ "R", 29 ], [ "R", 29 ], [ "R", 8 ], [ "R", 29 ], [ "R", 29 ], [ "R", 8 ], [ "R", 29 ], [ "R", 8 ], [ "R", 8 ], [ "W", 8 ], [ "W", 28 ] ]
    } ]
  },
  "AdministratorController.saveEdit" : {
    "t" : [ {
      "id" : 0,
      "a" : [ [ "R", 12 ], [ "R", 3 ], [ "R", 2 ], [ "R", 2 ], [ "R", 2 ], [ "R", 2 ], [ "R", 2 ], [ "R", 2 ], [ "R", 2 ], [ "R", 2 ], [ "R", 2 ], [ "R", 2 ], [ "R", 2 ], [ "R", 2 ], [ "R", 2 ], [ "R", 2 ], [ "R", 2 ], [ "R", 2 ], [ "R", 2 ], [ "R", 2 ], [ "R", 2 ], [ "R", 12 ], [ "R", 12 ], [ "R", 3 ], [ "R", 3 ], [ "R", 30 ], [ "R", 3 ], [ "R", 3 ], [ "R", 30 ], [ "R", 2 ], [ "R", 2 ], [ "R", 2 ], [ "R", 2 ], [ "R", 2 ], [ "R", 2 ], [ "R", 2 ], [ "R", 2 ], [ "R", 2 ], [ "R", 2 ], [ "W", 2 ], [ "R", 2 ], [ "W", 2 ], [ "R", 2 ], [ "W", 2 ], [ "R", 2 ], [ "W", 2 ], [ "R", 2 ], [ "W", 2 ], [ "R", 2 ], [ "W", 2 ], [ "R", 2 ], [ "R", 2 ], [ "R", 2 ], [ "R", 2 ], [ "R", 2 ], [ "R", 2 ], [ "W", 2 ], [ "R", 9 ], [ "R", 9 ], [ "R", 2 ], [ "R", 9 ], [ "R", 9 ], [ "R", 2 ], [ "W", 2 ], [ "W", 3 ] ]
    } ]
  },
  "BookingTransportTravelAgencyController.save" : {
    "t" : [ {
      "id" : 0,
      "a" : [ [ "W", 5 ], [ "W", 26 ], [ "W", 5 ], [ "R", 12 ], [ "R", 12 ], [ "R", 28 ], [ "R", 28 ], [ "R", 30 ], [ "R", 28 ], [ "R", 28 ], [ "R", 30 ], [ "R", 12 ], [ "R", 29 ], [ "R", 29 ], [ "R", 29 ], [ "R", 28 ], [ "R", 29 ], [ "R", 5 ], [ "R", 5 ], [ "R", 26 ], [ "R", 12 ], [ "R", 5 ], [ "R", 5 ], [ "R", 5 ], [ "R", 26 ], [ "R", 5 ], [ "R", 5 ], [ "R", 5 ], [ "R", 5 ], [ "R", 5 ], [ "R", 5 ], [ "R", 5 ], [ "R", 26 ], [ "R", 26 ], [ "W", 26 ], [ "W", 5 ], [ "R", 29 ], [ "R", 29 ], [ "R", 5 ], [ "R", 12 ], [ "R", 12 ], [ "R", 28 ], [ "R", 28 ], [ "R", 30 ], [ "R", 28 ], [ "R", 28 ], [ "R", 30 ], [ "R", 12 ], [ "R", 29 ], [ "R", 29 ], [ "R", 29 ], [ "R", 28 ], [ "R", 29 ] ]
    } ]
  },
  "EducationalDataCleanerController.create" : {
    "t" : [ {
      "id" : 0,
      "a" : [ [ "R", 10 ], [ "R", 12 ], [ "R", 12 ], [ "R", 6 ], [ "R", 6 ], [ "R", 30 ], [ "R", 6 ], [ "R", 6 ], [ "R", 30 ], [ "R", 10 ], [ "R", 6 ], [ "R", 12 ], [ "R", 12 ], [ "R", 12 ], [ "R", 12 ], [ "R", 12 ], [ "R", 6 ], [ "R", 6 ], [ "R", 30 ], [ "R", 6 ], [ "R", 6 ], [ "R", 30 ], [ "R", 10 ], [ "R", 6 ], [ "R", 12 ], [ "R", 12 ], [ "R", 12 ], [ "W", 13 ], [ "W", 10 ], [ "W", 13 ] ]
    } ]
  },
  "AdministratorController.show" : {
    "t" : [ {
      "id" : 0,
      "a" : [ [ "R", 12 ], [ "R", 12 ], [ "R", 3 ], [ "R", 3 ], [ "R", 30 ], [ "R", 3 ], [ "R", 3 ], [ "R", 30 ] ]
    } ]
  },
  "JobApplicationHostController.list" : {
    "t" : [ {
      "id" : 0,
      "a" : [ [ "R", 12 ], [ "R", 12 ], [ "R", 16 ], [ "R", 16 ], [ "R", 30 ], [ "R", 16 ], [ "R", 16 ], [ "R", 30 ], [ "R", 12 ], [ "R", 12 ], [ "R", 16 ], [ "R", 16 ], [ "R", 30 ], [ "R", 16 ], [ "R", 16 ], [ "R", 30 ], [ "R", 12 ], [ "R", 12 ], [ "R", 12 ], [ "R", 16 ], [ "R", 16 ], [ "R", 30 ], [ "R", 16 ], [ "R", 16 ], [ "R", 30 ], [ "R", 16 ], [ "R", 12 ], [ "R", 12 ], [ "R", 12 ], [ "R", 17 ], [ "R", 17 ], [ "R", 17 ], [ "R", 16 ], [ "R", 17 ], [ "R", 17 ], [ "R", 12 ], [ "R", 12 ], [ "R", 12 ], [ "R", 16 ], [ "R", 16 ], [ "R", 30 ], [ "R", 16 ], [ "R", 16 ], [ "R", 30 ], [ "R", 16 ], [ "R", 12 ], [ "R", 12 ], [ "R", 12 ], [ "R", 17 ], [ "R", 17 ], [ "R", 17 ], [ "R", 16 ], [ "R", 17 ], [ "R", 17 ], [ "R", 12 ], [ "R", 12 ], [ "R", 12 ], [ "R", 16 ], [ "R", 16 ], [ "R", 30 ], [ "R", 16 ], [ "R", 16 ], [ "R", 30 ], [ "R", 16 ], [ "R", 12 ], [ "R", 12 ], [ "R", 12 ], [ "R", 17 ], [ "R", 17 ], [ "R", 17 ], [ "R", 16 ], [ "R", 17 ], [ "R", 17 ], [ "R", 12 ], [ "R", 12 ], [ "R", 12 ], [ "R", 16 ], [ "R", 16 ], [ "R", 30 ], [ "R", 16 ], [ "R", 16 ], [ "R", 30 ], [ "R", 16 ], [ "R", 12 ], [ "R", 12 ], [ "R", 12 ], [ "R", 17 ], [ "R", 17 ], [ "R", 17 ], [ "R", 16 ], [ "R", 17 ], [ "R", 17 ] ]
    } ]
  },
  "TravelPackTravelAgencyController.delete" : {
    "t" : [ {
      "id" : 0,
      "a" : [ [ "R", 29 ], [ "R", 29 ], [ "R", 28 ], [ "R", 2 ], [ "R", 30 ], [ "R", 12 ], [ "R", 12 ], [ "R", 12 ], [ "R", 29 ], [ "R", 5 ], [ "R", 5 ], [ "R", 26 ], [ "R", 26 ], [ "W", 26 ], [ "W", 5 ], [ "R", 12 ], [ "W", 29 ] ]
    } ]
  },
  "WarrantyTravelAgencyController.save" : {
    "t" : [ {
      "id" : 0,
      "a" : [ [ "R", 12 ], [ "R", 12 ], [ "R", 28 ], [ "R", 28 ], [ "R", 30 ], [ "R", 28 ], [ "R", 28 ], [ "R", 30 ], [ "W", 32 ], [ "W", 28 ], [ "R", 32 ], [ "W", 32 ], [ "R", 32 ], [ "W", 32 ], [ "R", 32 ], [ "W", 32 ], [ "R", 12 ], [ "R", 12 ], [ "R", 28 ], [ "R", 28 ], [ "R", 30 ], [ "R", 28 ], [ "R", 28 ], [ "R", 30 ], [ "W", 32 ], [ "W", 28 ], [ "W", 32 ] ]
    } ]
  },
  "MailboxController.show" : {
    "t" : [ {
      "id" : 0,
      "a" : [ [ "R", 18 ] ]
    } ]
  },
  "HostController.show" : {
    "t" : [ {
      "id" : 0,
      "a" : [ [ "R", 12 ], [ "R", 12 ], [ "R", 16 ], [ "R", 16 ], [ "R", 30 ], [ "R", 16 ], [ "R", 16 ], [ "R", 30 ], [ "R", 16 ], [ "R", 12 ], [ "R", 12 ], [ "R", 6 ], [ "R", 6 ], [ "R", 30 ], [ "R", 6 ], [ "R", 6 ], [ "R", 30 ], [ "R", 12 ], [ "R", 12 ], [ "R", 17 ], [ "R", 17 ], [ "R", 17 ], [ "R", 6 ], [ "R", 17 ], [ "R", 16 ], [ "R", 17 ], [ "R", 17 ], [ "R", 17 ] ]
    } ]
  },
  "TransportTransporterController.listAll" : {
    "t" : [ {
      "id" : 0,
      "a" : [ [ "R", 12 ], [ "R", 30 ], [ "R", 12 ], [ "R", 12 ], [ "R", 27 ], [ "R", 27 ], [ "R", 30 ], [ "R", 27 ], [ "R", 27 ], [ "R", 30 ], [ "R", 12 ], [ "R", 26 ], [ "R", 26 ], [ "R", 26 ], [ "R", 27 ], [ "R", 26 ] ]
    } ]
  },
  "RefereeController.create" : {
    "t" : [ {
      "id" : 0,
      "a" : [ [ "R", 9 ], [ "R", 9 ] ]
    } ]
  },
  "HostController.customerList" : {
    "t" : [ {
      "id" : 0,
      "a" : [ [ "R", 29 ], [ "R", 29 ], [ "R", 4 ], [ "R", 29 ], [ "R", 29 ], [ "R", 4 ], [ "R", 1 ], [ "R", 29 ], [ "R", 11 ] ]
    } ]
  },
  "CustomerController.rateTransporter" : {
    "t" : [ {
      "id" : 0,
      "a" : [ [ "R", 12 ], [ "R", 12 ], [ "R", 11 ], [ "R", 11 ], [ "R", 30 ], [ "R", 11 ], [ "R", 11 ], [ "R", 30 ], [ "R", 12 ], [ "R", 29 ], [ "R", 29 ], [ "R", 5 ], [ "R", 29 ], [ "R", 5 ], [ "R", 26 ], [ "R", 27 ], [ "R", 29 ], [ "R", 11 ], [ "R", 27 ], [ "W", 31 ], [ "W", 11 ], [ "W", 31 ], [ "W", 27 ] ]
    } ]
  },
  "MessageController.delete" : {
    "t" : [ {
      "id" : 0,
      "a" : [ [ "R", 12 ], [ "R", 12 ], [ "R", 2 ], [ "R", 2 ], [ "R", 30 ], [ "R", 2 ], [ "R", 2 ], [ "R", 30 ], [ "R", 19 ], [ "R", 2 ], [ "R", 18 ], [ "R", 19 ], [ "R", 18 ], [ "R", 12 ], [ "R", 2 ], [ "R", 2 ], [ "R", 18 ], [ "R", 2 ], [ "R", 2 ], [ "R", 18 ], [ "R", 2 ], [ "R", 18 ], [ "R", 18 ], [ "R", 19 ], [ "R", 12 ], [ "R", 12 ], [ "R", 2 ], [ "R", 2 ], [ "R", 30 ], [ "R", 2 ], [ "R", 2 ], [ "R", 30 ], [ "R", 19 ], [ "R", 2 ], [ "R", 19 ], [ "R", 2 ], [ "R", 12 ], [ "R", 12 ], [ "R", 12 ], [ "R", 2 ], [ "R", 2 ], [ "R", 30 ], [ "R", 2 ], [ "R", 2 ], [ "R", 30 ], [ "R", 12 ], [ "R", 25 ], [ "R", 25 ], [ "R", 25 ], [ "R", 25 ], [ "R", 25 ], [ "R", 19 ], [ "R", 18 ], [ "R", 18 ], [ "R", 18 ], [ "R", 19 ], [ "R", 19 ], [ "R", 18 ], [ "R", 12 ], [ "R", 12 ], [ "R", 12 ], [ "R", 2 ], [ "R", 2 ], [ "R", 30 ], [ "R", 2 ], [ "R", 2 ], [ "R", 30 ], [ "R", 12 ], [ "R", 25 ], [ "R", 25 ], [ "R", 25 ], [ "R", 25 ], [ "R", 25 ], [ "R", 19 ], [ "R", 25 ], [ "W", 25 ], [ "R", 18 ], [ "R", 18 ], [ "R", 19 ], [ "R", 19 ], [ "R", 18 ], [ "R", 12 ], [ "R", 12 ], [ "R", 12 ], [ "R", 2 ], [ "R", 2 ], [ "R", 30 ], [ "R", 2 ], [ "R", 2 ], [ "R", 30 ], [ "R", 12 ], [ "R", 25 ], [ "R", 25 ], [ "R", 25 ], [ "R", 25 ], [ "R", 25 ], [ "R", 19 ], [ "R", 25 ], [ "W", 25 ], [ "R", 12 ], [ "W", 19 ], [ "R", 12 ], [ "W", 25 ], [ "R", 12 ], [ "W", 25 ], [ "W", 25 ], [ "R", 25 ], [ "R", 19 ], [ "R", 25 ], [ "R", 12 ], [ "R", 19 ], [ "R", 12 ], [ "R", 12 ], [ "R", 12 ], [ "R", 2 ], [ "R", 2 ], [ "R", 30 ], [ "R", 2 ], [ "R", 2 ], [ "R", 30 ], [ "R", 12 ], [ "R", 25 ], [ "R", 25 ], [ "R", 25 ], [ "R", 25 ], [ "R", 25 ], [ "W", 25 ], [ "R", 2 ], [ "R", 18 ] ]
    } ]
  },
  "CurriculaCleanerController.edit" : {
    "t" : [ {
      "id" : 0,
      "a" : [ [ "R", 12 ], [ "R", 12 ], [ "R", 6 ], [ "R", 6 ], [ "R", 30 ], [ "R", 6 ], [ "R", 6 ], [ "R", 30 ], [ "R", 10 ], [ "R", 10 ], [ "R", 10 ], [ "R", 6 ], [ "R", 12 ], [ "R", 12 ], [ "R", 12 ], [ "R", 12 ], [ "R", 12 ], [ "R", 6 ], [ "R", 6 ], [ "R", 30 ], [ "R", 6 ], [ "R", 6 ], [ "R", 30 ], [ "R", 12 ], [ "R", 10 ], [ "R", 10 ], [ "R", 10 ], [ "R", 6 ], [ "R", 10 ] ]
    } ]
  },
  "RefereeController.edit" : {
    "t" : [ {
      "id" : 0,
      "a" : [ [ "R", 12 ], [ "R", 12 ], [ "R", 21 ], [ "R", 21 ], [ "R", 30 ], [ "R", 21 ], [ "R", 21 ], [ "R", 30 ], [ "R", 2 ], [ "R", 9 ], [ "R", 9 ] ]
    } ]
  },
  "RefereeController.export" : {
    "t" : [ {
      "id" : 0,
      "a" : [ [ "R", 21 ], [ "R", 12 ], [ "R", 12 ], [ "R", 2 ], [ "R", 30 ], [ "R", 12 ] ]
    } ]
  },
  "SocialProfileActorController.delete" : {
    "t" : [ {
      "id" : 0,
      "a" : [ [ "R", 24 ], [ "R", 12 ], [ "R", 12 ], [ "R", 2 ], [ "R", 2 ], [ "R", 30 ], [ "R", 2 ], [ "R", 2 ], [ "R", 30 ], [ "R", 24 ], [ "R", 24 ], [ "R", 24 ], [ "R", 2 ], [ "R", 12 ], [ "R", 12 ], [ "R", 2 ], [ "R", 2 ], [ "R", 30 ], [ "R", 2 ], [ "R", 2 ], [ "R", 30 ], [ "R", 12 ], [ "R", 12 ], [ "R", 12 ], [ "R", 12 ], [ "R", 12 ], [ "R", 2 ], [ "R", 2 ], [ "R", 30 ], [ "R", 2 ], [ "R", 2 ], [ "R", 30 ], [ "R", 12 ], [ "R", 24 ], [ "R", 24 ], [ "R", 2 ], [ "R", 24 ], [ "R", 24 ], [ "R", 2 ], [ "R", 24 ], [ "R", 2 ], [ "R", 12 ], [ "R", 12 ], [ "R", 12 ], [ "R", 12 ], [ "R", 12 ], [ "R", 2 ], [ "R", 2 ], [ "R", 30 ], [ "R", 2 ], [ "R", 2 ], [ "R", 30 ], [ "R", 12 ], [ "R", 12 ], [ "R", 2 ], [ "R", 2 ], [ "R", 30 ], [ "R", 2 ], [ "R", 2 ], [ "R", 30 ], [ "R", 24 ], [ "R", 2 ], [ "R", 12 ], [ "R", 12 ], [ "R", 12 ], [ "W", 24 ], [ "W", 2 ], [ "W", 24 ], [ "R", 12 ], [ "R", 24 ], [ "R", 24 ], [ "R", 2 ], [ "R", 24 ], [ "R", 24 ], [ "R", 2 ], [ "R", 12 ], [ "R", 12 ], [ "R", 2 ], [ "R", 2 ], [ "R", 30 ], [ "R", 2 ], [ "R", 2 ], [ "R", 30 ], [ "R", 12 ], [ "R", 24 ], [ "R", 24 ], [ "R", 2 ], [ "R", 24 ], [ "R", 24 ], [ "R", 2 ] ]
    } ]
  },
  "TravelPackTravelAgencyController.save" : {
    "t" : [ {
      "id" : 0,
      "a" : [ [ "R", 12 ], [ "R", 12 ], [ "R", 12 ], [ "R", 28 ], [ "R", 28 ], [ "R", 30 ], [ "R", 28 ], [ "R", 28 ], [ "R", 30 ], [ "W", 29 ], [ "W", 28 ], [ "W", 29 ], [ "W", 4 ], [ "W", 29 ], [ "W", 5 ], [ "R", 12 ], [ "R", 29 ], [ "R", 12 ], [ "W", 12 ], [ "R", 12 ], [ "W", 12 ], [ "R", 29 ], [ "R", 28 ], [ "W", 29 ], [ "W", 28 ], [ "R", 29 ], [ "R", 11 ], [ "W", 29 ], [ "W", 11 ], [ "R", 29 ], [ "R", 4 ], [ "W", 29 ], [ "W", 4 ], [ "R", 29 ], [ "R", 5 ], [ "W", 29 ], [ "W", 5 ], [ "R", 12 ], [ "R", 12 ], [ "R", 28 ], [ "R", 28 ], [ "R", 30 ], [ "R", 28 ], [ "R", 28 ], [ "R", 30 ], [ "R", 12 ], [ "R", 32 ], [ "R", 32 ], [ "R", 32 ], [ "R", 28 ], [ "R", 12 ], [ "R", 12 ], [ "R", 29 ], [ "R", 29 ], [ "R", 29 ], [ "R", 4 ], [ "R", 4 ], [ "R", 1 ], [ "R", 1 ], [ "R", 4 ], [ "R", 4 ], [ "R", 29 ], [ "R", 5 ], [ "R", 5 ], [ "R", 26 ], [ "R", 26 ], [ "W", 29 ], [ "W", 29 ] ]
    } ]
  },
  "BookingAccomodationTravelAgencyController.create" : {
    "t" : [ {
      "id" : 0,
      "a" : [ [ "R", 1 ], [ "R", 12 ], [ "R", 12 ], [ "R", 28 ], [ "R", 28 ], [ "R", 30 ], [ "R", 28 ], [ "R", 28 ], [ "R", 30 ], [ "R", 12 ], [ "R", 29 ], [ "R", 29 ], [ "R", 29 ], [ "R", 28 ], [ "R", 29 ] ]
    } ]
  },
  "TransporterController.create" : {
    "t" : [ {
      "id" : 0,
      "a" : [ [ "R", 9 ], [ "R", 9 ] ]
    } ]
  },
  "TravelPackCustomerController.listAccepted" : {
    "t" : [ {
      "id" : 0,
      "a" : [ [ "R", 12 ], [ "R", 30 ], [ "R", 12 ], [ "R", 12 ], [ "R", 11 ], [ "R", 11 ], [ "R", 30 ], [ "R", 11 ], [ "R", 11 ], [ "R", 30 ], [ "R", 12 ], [ "R", 29 ], [ "R", 29 ], [ "R", 29 ], [ "R", 11 ], [ "R", 29 ], [ "R", 29 ] ]
    } ]
  },
  "BookingTransportCustomerController.show" : {
    "t" : [ {
      "id" : 0,
      "a" : [ [ "R", 5 ] ]
    } ]
  },
  "WarrantyTravelAgencyController.saveEdit" : {
    "t" : [ {
      "id" : 0,
      "a" : [ [ "R", 12 ], [ "R", 12 ], [ "R", 28 ], [ "R", 28 ], [ "R", 30 ], [ "R", 28 ], [ "R", 28 ], [ "R", 30 ], [ "R", 12 ], [ "R", 32 ], [ "R", 32 ], [ "R", 32 ], [ "R", 28 ], [ "R", 12 ], [ "R", 12 ], [ "R", 12 ], [ "R", 32 ], [ "W", 32 ], [ "R", 32 ], [ "W", 32 ], [ "R", 32 ], [ "W", 32 ], [ "R", 12 ], [ "R", 12 ], [ "R", 28 ], [ "R", 28 ], [ "R", 30 ], [ "R", 28 ], [ "R", 28 ], [ "R", 30 ], [ "W", 32 ], [ "W", 28 ], [ "W", 32 ] ]
    } ]
  },
  "SocialProfileActorController.listOnly" : {
    "t" : [ {
      "id" : 0,
      "a" : [ [ "R", 6 ], [ "R", 2 ], [ "R", 30 ], [ "R", 12 ], [ "R", 2 ], [ "R", 2 ], [ "R", 30 ], [ "R", 2 ], [ "R", 2 ], [ "R", 30 ], [ "R", 12 ], [ "R", 24 ], [ "R", 24 ], [ "R", 2 ], [ "R", 24 ], [ "R", 24 ], [ "R", 2 ] ]
    } ]
  },
  "FinderAccomodationTravelAgencyController.refresh" : {
    "t" : [ {
      "id" : 0,
      "a" : [ [ "R", 12 ], [ "R", 12 ], [ "R", 28 ], [ "R", 28 ], [ "R", 30 ], [ "R", 28 ], [ "R", 28 ], [ "R", 30 ], [ "R", 12 ], [ "R", 28 ], [ "R", 28 ], [ "R", 14 ], [ "R", 28 ], [ "R", 12 ], [ "W", 12 ], [ "R", 12 ], [ "W", 12 ], [ "R", 12 ], [ "R", 30 ], [ "R", 14 ], [ "R", 14 ], [ "R", 14 ], [ "R", 14 ], [ "R", 1 ], [ "R", 1 ], [ "R", 1 ], [ "R", 1 ], [ "R", 1 ], [ "R", 1 ], [ "R", 1 ], [ "R", 1 ], [ "R", 1 ], [ "W", 14 ], [ "W", 1 ], [ "R", 12 ], [ "R", 12 ], [ "R", 30 ], [ "W", 14 ], [ "R", 12 ], [ "R", 12 ], [ "R", 28 ], [ "R", 28 ], [ "R", 30 ], [ "R", 28 ], [ "R", 28 ], [ "R", 30 ], [ "R", 12 ], [ "R", 29 ], [ "R", 29 ], [ "R", 29 ], [ "R", 28 ], [ "R", 29 ] ]
    } ]
  },
  "HostController.create" : {
    "t" : [ {
      "id" : 0,
      "a" : [ [ "R", 9 ], [ "R", 9 ] ]
    } ]
  },
  "CustomerController.save" : {
    "t" : [ {
      "id" : 0,
      "a" : [ [ "W", 30 ], [ "W", 18 ], [ "W", 19 ], [ "W", 18 ], [ "W", 18 ], [ "W", 19 ], [ "W", 18 ], [ "W", 18 ], [ "W", 18 ], [ "W", 18 ], [ "W", 18 ], [ "W", 18 ], [ "W", 19 ], [ "W", 18 ], [ "W", 19 ], [ "W", 18 ], [ "W", 18 ], [ "W", 2 ], [ "W", 18 ], [ "W", 30 ], [ "W", 2 ], [ "W", 30 ], [ "R", 2 ], [ "R", 2 ], [ "R", 2 ], [ "R", 30 ], [ "R", 2 ], [ "R", 2 ], [ "R", 2 ], [ "R", 2 ], [ "R", 30 ], [ "W", 30 ], [ "R", 2 ], [ "R", 30 ], [ "W", 30 ], [ "W", 2 ], [ "W", 2 ], [ "W", 2 ], [ "W", 2 ], [ "W", 2 ], [ "W", 2 ], [ "W", 2 ], [ "W", 11 ], [ "R", 9 ], [ "R", 9 ], [ "R", 2 ], [ "R", 9 ], [ "R", 9 ], [ "R", 2 ], [ "W", 2 ], [ "W", 11 ] ]
    } ]
  },
  "RefereeController.show" : {
    "t" : [ {
      "id" : 0,
      "a" : [ [ "R", 12 ], [ "R", 12 ], [ "R", 21 ], [ "R", 21 ], [ "R", 30 ], [ "R", 21 ], [ "R", 21 ], [ "R", 30 ] ]
    } ]
  },
  "JobApplicationCleanerController.delete" : {
    "t" : [ {
      "id" : 0,
      "a" : [ [ "R", 12 ], [ "R", 12 ], [ "R", 6 ], [ "R", 6 ], [ "R", 30 ], [ "R", 6 ], [ "R", 6 ], [ "R", 30 ], [ "R", 17 ], [ "R", 17 ], [ "R", 17 ], [ "R", 6 ], [ "R", 12 ], [ "R", 12 ], [ "R", 12 ], [ "R", 12 ], [ "R", 17 ], [ "R", 17 ], [ "R", 12 ], [ "R", 12 ], [ "R", 6 ], [ "R", 6 ], [ "R", 30 ], [ "R", 6 ], [ "R", 6 ], [ "R", 30 ], [ "R", 12 ], [ "R", 12 ], [ "R", 16 ], [ "R", 16 ], [ "R", 30 ], [ "R", 16 ], [ "R", 16 ], [ "R", 30 ], [ "R", 12 ], [ "R", 17 ], [ "R", 6 ], [ "R", 12 ], [ "R", 12 ], [ "R", 17 ], [ "R", 16 ], [ "R", 12 ], [ "R", 17 ], [ "R", 10 ], [ "R", 12 ], [ "R", 10 ], [ "W", 17 ], [ "R", 12 ], [ "R", 12 ], [ "R", 6 ], [ "R", 6 ], [ "R", 30 ], [ "R", 6 ], [ "R", 6 ], [ "R", 30 ], [ "R", 12 ], [ "R", 10 ], [ "R", 10 ], [ "R", 6 ], [ "R", 12 ], [ "R", 12 ], [ "R", 12 ], [ "R", 12 ], [ "R", 13 ], [ "R", 13 ], [ "R", 10 ], [ "R", 13 ], [ "R", 13 ], [ "R", 10 ], [ "R", 12 ], [ "R", 12 ], [ "R", 6 ], [ "R", 6 ], [ "R", 30 ], [ "R", 6 ], [ "R", 6 ], [ "R", 30 ], [ "R", 13 ], [ "R", 10 ], [ "R", 10 ], [ "R", 6 ], [ "R", 12 ], [ "R", 12 ], [ "R", 12 ], [ "W", 13 ], [ "R", 12 ], [ "R", 20 ], [ "R", 20 ], [ "R", 10 ], [ "R", 20 ], [ "R", 20 ], [ "R", 10 ], [ "R", 12 ], [ "R", 12 ], [ "R", 6 ], [ "R", 6 ], [ "R", 30 ], [ "R", 6 ], [ "R", 6 ], [ "R", 30 ], [ "R", 20 ], [ "R", 10 ], [ "R", 10 ], [ "R", 6 ], [ "R", 12 ], [ "R", 12 ], [ "R", 12 ], [ "W", 20 ], [ "W", 10 ] ]
    } ]
  },
  "TransporterController.export" : {
    "t" : [ {
      "id" : 0,
      "a" : [ [ "R", 27 ], [ "R", 12 ], [ "R", 12 ], [ "R", 2 ], [ "R", 30 ], [ "R", 12 ] ]
    } ]
  },
  "FinderRequestTravelAgencyController.show" : {
    "t" : [ {
      "id" : 0,
      "a" : [ [ "R", 12 ], [ "R", 30 ], [ "R", 12 ], [ "R", 12 ], [ "R", 28 ], [ "R", 28 ], [ "R", 30 ], [ "R", 28 ], [ "R", 28 ], [ "R", 30 ], [ "R", 12 ], [ "R", 28 ], [ "R", 28 ], [ "R", 15 ], [ "R", 28 ], [ "R", 15 ], [ "R", 15 ], [ "R", 15 ], [ "R", 22 ], [ "R", 22 ], [ "R", 22 ], [ "R", 22 ], [ "R", 22 ], [ "W", 15 ], [ "W", 22 ] ]
    } ]
  },
  "TransporterController.saveEdit" : {
    "t" : [ {
      "id" : 0,
      "a" : [ [ "R", 12 ], [ "R", 27 ], [ "R", 2 ], [ "R", 2 ], [ "R", 2 ], [ "R", 2 ], [ "R", 2 ], [ "R", 2 ], [ "R", 2 ], [ "R", 2 ], [ "R", 2 ], [ "R", 2 ], [ "R", 2 ], [ "R", 2 ], [ "R", 12 ], [ "R", 12 ], [ "R", 27 ], [ "R", 27 ], [ "R", 30 ], [ "R", 27 ], [ "R", 27 ], [ "R", 30 ], [ "R", 2 ], [ "R", 2 ], [ "R", 2 ], [ "R", 2 ], [ "R", 2 ], [ "R", 2 ], [ "R", 2 ], [ "R", 2 ], [ "R", 2 ], [ "R", 2 ], [ "W", 2 ], [ "R", 2 ], [ "W", 2 ], [ "R", 2 ], [ "W", 2 ], [ "R", 2 ], [ "W", 2 ], [ "R", 2 ], [ "W", 2 ], [ "R", 2 ], [ "W", 2 ], [ "R", 2 ], [ "R", 2 ], [ "R", 2 ], [ "R", 2 ], [ "R", 2 ], [ "R", 2 ], [ "W", 2 ], [ "R", 9 ], [ "R", 9 ], [ "R", 2 ], [ "R", 9 ], [ "R", 9 ], [ "R", 2 ], [ "W", 2 ], [ "W", 27 ] ]
    } ]
  },
  "TravelPackCustomerController.listRejected" : {
    "t" : [ {
      "id" : 0,
      "a" : [ [ "R", 12 ], [ "R", 30 ], [ "R", 12 ], [ "R", 12 ], [ "R", 11 ], [ "R", 11 ], [ "R", 30 ], [ "R", 11 ], [ "R", 11 ], [ "R", 30 ], [ "R", 12 ], [ "R", 29 ], [ "R", 29 ], [ "R", 29 ], [ "R", 11 ], [ "R", 29 ], [ "R", 29 ] ]
    } ]
  },
  "CleaningTaskController.create" : {
    "t" : [ {
      "id" : 0,
      "a" : [ [ "R", 12 ], [ "R", 12 ], [ "R", 16 ], [ "R", 16 ], [ "R", 30 ], [ "R", 16 ], [ "R", 16 ], [ "R", 30 ], [ "R", 6 ], [ "R", 6 ], [ "R", 6 ], [ "R", 12 ], [ "R", 1 ], [ "R", 1 ], [ "R", 1 ], [ "R", 16 ] ]
    } ]
  },
  "AdministratorController.dashboard" : {
    "t" : [ {
      "id" : 0,
      "a" : [ [ "R", 6 ], [ "R", 10 ], [ "R", 10 ], [ "R", 10 ], [ "R", 6 ], [ "R", 6 ], [ "R", 6 ], [ "R", 10 ], [ "R", 10 ], [ "R", 10 ], [ "R", 6 ], [ "R", 6 ], [ "R", 6 ], [ "R", 10 ], [ "R", 10 ], [ "R", 10 ], [ "R", 6 ], [ "R", 6 ], [ "R", 6 ], [ "R", 10 ], [ "R", 10 ], [ "R", 10 ], [ "R", 6 ], [ "R", 6 ], [ "R", 31 ], [ "R", 31 ], [ "R", 11 ], [ "R", 31 ], [ "R", 11 ], [ "R", 31 ], [ "R", 2 ], [ "R", 30 ], [ "R", 30 ], [ "R", 31 ], [ "R", 31 ], [ "R", 16 ], [ "R", 31 ], [ "R", 16 ], [ "R", 31 ], [ "R", 2 ], [ "R", 30 ], [ "R", 30 ], [ "R", 31 ], [ "R", 31 ], [ "R", 27 ], [ "R", 31 ], [ "R", 16 ], [ "R", 31 ], [ "R", 2 ], [ "R", 30 ], [ "R", 30 ], [ "R", 31 ], [ "R", 31 ], [ "R", 28 ], [ "R", 31 ], [ "R", 16 ], [ "R", 31 ], [ "R", 2 ], [ "R", 30 ], [ "R", 30 ], [ "R", 31 ], [ "R", 31 ], [ "R", 6 ], [ "R", 31 ], [ "R", 16 ], [ "R", 31 ], [ "R", 2 ], [ "R", 30 ], [ "R", 30 ] ]
    } ]
  },
  "TransportTransporterController.edit" : {
    "t" : [ {
      "id" : 0,
      "a" : [ [ "R", 12 ], [ "R", 12 ], [ "R", 12 ], [ "R", 30 ], [ "R", 12 ], [ "R", 26 ], [ "R", 12 ], [ "R", 12 ], [ "R", 27 ], [ "R", 27 ], [ "R", 30 ], [ "R", 27 ], [ "R", 27 ], [ "R", 30 ], [ "R", 26 ], [ "R", 27 ], [ "R", 12 ], [ "R", 12 ], [ "R", 12 ], [ "R", 26 ], [ "R", 12 ], [ "W", 12 ], [ "R", 12 ], [ "W", 12 ], [ "R", 26 ], [ "R", 27 ], [ "W", 26 ], [ "W", 27 ], [ "R", 26 ], [ "R", 12 ], [ "R", 30 ], [ "R", 12 ], [ "R", 12 ], [ "R", 12 ], [ "R", 27 ], [ "R", 27 ], [ "R", 30 ], [ "R", 27 ], [ "R", 27 ], [ "R", 30 ], [ "W", 26 ], [ "W", 27 ], [ "R", 12 ], [ "R", 12 ], [ "R", 27 ], [ "R", 27 ], [ "R", 30 ], [ "R", 27 ], [ "R", 27 ], [ "R", 30 ], [ "R", 26 ], [ "R", 27 ], [ "R", 12 ], [ "R", 12 ], [ "R", 12 ], [ "W", 26 ] ]
    } ]
  },
  "MessageController.saveMailbox" : {
    "t" : [ {
      "id" : 0,
      "a" : [ [ "R", 12 ], [ "R", 12 ], [ "R", 2 ], [ "R", 2 ], [ "R", 30 ], [ "R", 2 ], [ "R", 2 ], [ "R", 30 ], [ "R", 12 ], [ "W", 19 ], [ "W", 19 ], [ "W", 18 ], [ "R", 2 ], [ "W", 19 ], [ "R", 12 ], [ "R", 19 ], [ "R", 12 ], [ "W", 12 ], [ "R", 12 ], [ "W", 12 ], [ "R", 19 ], [ "W", 19 ], [ "R", 19 ], [ "W", 19 ], [ "R", 19 ], [ "W", 19 ], [ "R", 19 ], [ "W", 19 ], [ "R", 19 ], [ "W", 19 ], [ "R", 19 ], [ "R", 19 ], [ "R", 18 ], [ "R", 19 ], [ "R", 18 ], [ "R", 12 ], [ "R", 12 ], [ "R", 2 ], [ "R", 2 ], [ "R", 30 ], [ "R", 2 ], [ "R", 2 ], [ "R", 30 ], [ "R", 12 ], [ "R", 19 ], [ "R", 19 ], [ "R", 18 ], [ "R", 19 ], [ "R", 18 ], [ "R", 19 ], [ "R", 18 ], [ "R", 19 ], [ "R", 18 ], [ "R", 19 ], [ "R", 18 ], [ "R", 19 ], [ "R", 18 ], [ "R", 2 ], [ "R", 18 ], [ "R", 2 ], [ "R", 18 ], [ "R", 19 ], [ "R", 18 ], [ "R", 2 ], [ "R", 2 ], [ "R", 12 ], [ "R", 12 ], [ "R", 2 ], [ "R", 2 ], [ "R", 30 ], [ "R", 2 ], [ "R", 2 ], [ "R", 30 ], [ "R", 2 ], [ "R", 18 ], [ "R", 12 ], [ "R", 12 ], [ "R", 2 ], [ "R", 2 ], [ "R", 30 ], [ "R", 2 ], [ "R", 2 ], [ "R", 30 ], [ "R", 2 ], [ "R", 30 ], [ "R", 30 ], [ "W", 30 ], [ "R", 9 ], [ "R", 9 ], [ "R", 19 ], [ "R", 2 ], [ "R", 30 ], [ "R", 30 ], [ "W", 30 ], [ "R", 2 ], [ "R", 30 ], [ "R", 2 ], [ "R", 30 ], [ "R", 30 ], [ "R", 30 ], [ "R", 30 ], [ "R", 30 ], [ "W", 30 ], [ "W", 2 ], [ "W", 19 ], [ "R", 2 ], [ "R", 18 ], [ "R", 2 ], [ "R", 2 ], [ "R", 2 ], [ "R", 2 ], [ "R", 2 ], [ "R", 2 ], [ "R", 12 ], [ "R", 2 ], [ "R", 2 ], [ "R", 18 ], [ "R", 2 ], [ "R", 18 ], [ "R", 2 ], [ "R", 2 ], [ "R", 18 ] ]
    } ]
  },
  "HostController.rateCustomer" : {
    "t" : [ {
      "id" : 0,
      "a" : [ [ "R", 12 ], [ "R", 12 ], [ "R", 16 ], [ "R", 16 ], [ "R", 30 ], [ "R", 16 ], [ "R", 16 ], [ "R", 30 ], [ "R", 12 ], [ "R", 29 ], [ "R", 29 ], [ "R", 4 ], [ "R", 29 ], [ "R", 11 ], [ "R", 29 ], [ "R", 4 ], [ "R", 1 ], [ "R", 16 ], [ "R", 11 ], [ "W", 31 ], [ "W", 16 ], [ "W", 31 ], [ "W", 11 ] ]
    } ]
  },
  "HostController.export" : {
    "t" : [ {
      "id" : 0,
      "a" : [ [ "R", 16 ], [ "R", 12 ], [ "R", 12 ], [ "R", 2 ], [ "R", 30 ], [ "R", 12 ] ]
    } ]
  },
  "ReviewController.listReviews" : {
    "t" : [ {
      "id" : 0,
      "a" : [ [ "R", 12 ], [ "R", 12 ], [ "R", 21 ], [ "R", 21 ], [ "R", 30 ], [ "R", 21 ], [ "R", 21 ], [ "R", 30 ], [ "R", 12 ], [ "R", 23 ], [ "R", 23 ], [ "R", 23 ], [ "R", 21 ], [ "R", 8 ], [ "R", 8 ], [ "R", 8 ], [ "R", 23 ] ]
    } ]
  },
  "HostController.edit" : {
    "t" : [ {
      "id" : 0,
      "a" : [ [ "R", 12 ], [ "R", 12 ], [ "R", 16 ], [ "R", 16 ], [ "R", 30 ], [ "R", 16 ], [ "R", 16 ], [ "R", 30 ], [ "R", 2 ], [ "R", 9 ], [ "R", 9 ] ]
    } ]
  },
  "EducationalDataCleanerController.delete" : {
    "t" : [ {
      "id" : 0,
      "a" : [ [ "R", 12 ], [ "R", 12 ], [ "R", 6 ], [ "R", 6 ], [ "R", 30 ], [ "R", 6 ], [ "R", 6 ], [ "R", 30 ], [ "R", 13 ], [ "R", 13 ], [ "R", 10 ], [ "R", 10 ], [ "R", 6 ], [ "R", 12 ], [ "R", 12 ], [ "R", 12 ], [ "R", 13 ], [ "R", 10 ], [ "R", 12 ], [ "R", 12 ], [ "R", 12 ], [ "R", 6 ], [ "R", 6 ], [ "R", 30 ], [ "R", 6 ], [ "R", 6 ], [ "R", 30 ], [ "R", 13 ], [ "R", 10 ], [ "R", 10 ], [ "R", 6 ], [ "R", 12 ], [ "R", 12 ], [ "R", 12 ], [ "W", 13 ], [ "R", 13 ], [ "R", 10 ], [ "R", 12 ] ]
    } ]
  },
  "AccomodationHostController.list" : {
    "t" : [ {
      "id" : 0,
      "a" : [ [ "R", 12 ], [ "R", 12 ], [ "R", 16 ], [ "R", 16 ], [ "R", 30 ], [ "R", 16 ], [ "R", 16 ], [ "R", 30 ], [ "R", 12 ], [ "R", 1 ], [ "R", 1 ], [ "R", 1 ], [ "R", 16 ] ]
    } ]
  },
  "TransportTransporterController.show" : {
    "t" : [ {
      "id" : 0,
      "a" : [ [ "R", 12 ], [ "R", 30 ], [ "R", 26 ], [ "R", 12 ], [ "R", 12 ], [ "R", 27 ], [ "R", 27 ], [ "R", 30 ], [ "R", 27 ], [ "R", 27 ], [ "R", 30 ], [ "R", 26 ], [ "R", 27 ], [ "R", 12 ], [ "R", 12 ], [ "R", 12 ] ]
    } ]
  },
  "ReviewController.saveEdit" : {
    "t" : [ {
      "id" : 0,
      "a" : [ [ "R", 8 ], [ "W", 23 ], [ "R", 12 ], [ "R", 12 ], [ "R", 21 ], [ "R", 21 ], [ "R", 30 ], [ "R", 21 ], [ "R", 21 ], [ "R", 30 ], [ "W", 23 ], [ "W", 21 ], [ "W", 23 ], [ "W", 8 ], [ "W", 23 ], [ "W", 8 ], [ "W", 19 ], [ "W", 19 ], [ "W", 19 ], [ "W", 18 ], [ "W", 19 ], [ "R", 8 ], [ "R", 12 ], [ "R", 29 ], [ "R", 29 ], [ "R", 8 ], [ "R", 29 ], [ "R", 29 ], [ "R", 8 ], [ "R", 29 ], [ "R", 23 ], [ "W", 19 ], [ "R", 8 ], [ "R", 11 ], [ "R", 8 ], [ "R", 28 ], [ "R", 8 ], [ "R", 16 ], [ "R", 8 ], [ "R", 27 ], [ "R", 2 ], [ "R", 2 ], [ "R", 2 ], [ "R", 2 ], [ "R", 12 ], [ "R", 12 ], [ "R", 21 ], [ "R", 21 ], [ "R", 30 ], [ "R", 21 ], [ "R", 21 ], [ "R", 30 ], [ "R", 2 ], [ "W", 19 ], [ "R", 2 ], [ "R", 2 ], [ "R", 18 ], [ "R", 2 ], [ "R", 18 ], [ "R", 2 ], [ "R", 2 ], [ "R", 18 ], [ "W", 19 ], [ "W", 25 ], [ "R", 19 ], [ "R", 18 ], [ "R", 18 ], [ "R", 19 ], [ "W", 25 ], [ "R", 12 ], [ "R", 2 ], [ "R", 2 ], [ "R", 18 ], [ "R", 2 ], [ "R", 2 ], [ "R", 18 ], [ "R", 12 ], [ "W", 25 ], [ "R", 25 ], [ "R", 19 ], [ "R", 25 ], [ "R", 9 ], [ "R", 9 ], [ "R", 19 ], [ "R", 12 ], [ "W", 25 ], [ "W", 25 ], [ "R", 25 ], [ "R", 19 ], [ "R", 25 ], [ "R", 12 ], [ "R", 12 ], [ "R", 2 ], [ "R", 2 ], [ "R", 30 ], [ "R", 2 ], [ "R", 2 ], [ "R", 30 ], [ "R", 2 ], [ "R", 30 ], [ "R", 30 ], [ "W", 30 ], [ "R", 9 ], [ "R", 9 ], [ "R", 19 ], [ "R", 2 ], [ "R", 30 ], [ "R", 30 ], [ "W", 30 ], [ "R", 2 ], [ "R", 30 ], [ "R", 2 ], [ "R", 30 ], [ "R", 30 ], [ "R", 30 ], [ "R", 30 ], [ "R", 30 ], [ "W", 30 ], [ "W", 2 ], [ "W", 19 ], [ "R", 25 ], [ "R", 19 ], [ "R", 25 ], [ "R", 12 ], [ "W", 25 ], [ "W", 25 ], [ "R", 12 ], [ "R", 12 ], [ "R", 21 ], [ "R", 21 ], [ "R", 30 ], [ "R", 21 ], [ "R", 21 ], [ "R", 30 ], [ "R", 12 ], [ "R", 23 ], [ "R", 23 ], [ "R", 23 ], [ "R", 21 ], [ "R", 8 ], [ "R", 8 ], [ "R", 8 ], [ "R", 23 ] ]
    } ]
  },
  "TravelPackTravelAgencyController.list" : {
    "t" : [ {
      "id" : 0,
      "a" : [ [ "R", 12 ], [ "R", 12 ], [ "R", 28 ], [ "R", 28 ], [ "R", 30 ], [ "R", 28 ], [ "R", 28 ], [ "R", 30 ], [ "R", 12 ], [ "R", 29 ], [ "R", 29 ], [ "R", 29 ], [ "R", 28 ] ]
    } ]
  },
  "AdministratorController.newCreditCardMake" : {
    "t" : [ {
      "id" : 0,
      "a" : [ [ "R", 12 ], [ "R", 12 ], [ "R", 3 ], [ "R", 3 ], [ "R", 30 ], [ "R", 3 ], [ "R", 3 ], [ "R", 30 ], [ "R", 12 ], [ "R", 12 ], [ "R", 3 ], [ "R", 3 ], [ "R", 30 ], [ "R", 3 ], [ "R", 3 ], [ "R", 30 ], [ "R", 3 ], [ "R", 9 ], [ "R", 9 ], [ "W", 9 ], [ "W", 9 ] ]
    } ]
  },
  "MessageController.send" : {
    "t" : [ {
      "id" : 0,
      "a" : [ [ "R", 12 ], [ "R", 12 ], [ "R", 2 ], [ "R", 2 ], [ "R", 30 ], [ "R", 2 ], [ "R", 2 ], [ "R", 30 ], [ "R", 12 ], [ "W", 19 ], [ "W", 19 ], [ "W", 18 ], [ "R", 2 ], [ "W", 19 ], [ "R", 12 ], [ "R", 19 ], [ "R", 12 ], [ "W", 12 ], [ "R", 12 ], [ "W", 12 ], [ "R", 19 ], [ "W", 19 ], [ "R", 19 ], [ "W", 19 ], [ "R", 19 ], [ "W", 19 ], [ "R", 19 ], [ "W", 19 ], [ "R", 19 ], [ "W", 19 ], [ "R", 19 ], [ "R", 19 ], [ "W", 19 ], [ "R", 12 ], [ "R", 12 ], [ "R", 2 ], [ "R", 2 ], [ "R", 30 ], [ "R", 2 ], [ "R", 2 ], [ "R", 30 ], [ "R", 19 ], [ "R", 25 ], [ "R", 19 ], [ "R", 25 ], [ "W", 19 ], [ "W", 25 ], [ "R", 2 ], [ "R", 18 ], [ "R", 12 ], [ "R", 25 ], [ "R", 12 ], [ "R", 2 ], [ "R", 2 ], [ "R", 2 ], [ "R", 2 ], [ "R", 2 ], [ "R", 2 ], [ "R", 12 ], [ "R", 2 ], [ "R", 2 ], [ "R", 18 ], [ "R", 2 ], [ "R", 18 ], [ "R", 2 ], [ "R", 2 ], [ "R", 18 ], [ "R", 19 ], [ "R", 19 ], [ "R", 19 ], [ "R", 2 ], [ "R", 2 ], [ "R", 2 ], [ "R", 12 ], [ "R", 19 ], [ "R", 12 ], [ "R", 12 ], [ "R", 2 ], [ "R", 2 ], [ "R", 30 ], [ "R", 2 ], [ "R", 2 ], [ "R", 30 ], [ "R", 12 ], [ "R", 2 ], [ "R", 2 ], [ "R", 18 ], [ "R", 2 ], [ "R", 18 ], [ "R", 2 ], [ "R", 2 ], [ "R", 18 ], [ "R", 18 ], [ "R", 19 ], [ "R", 19 ], [ "R", 18 ], [ "R", 18 ], [ "R", 19 ], [ "R", 19 ], [ "R", 18 ], [ "R", 2 ], [ "R", 2 ], [ "R", 18 ], [ "R", 2 ], [ "R", 18 ], [ "R", 2 ], [ "R", 2 ], [ "R", 18 ], [ "R", 18 ], [ "R", 19 ], [ "R", 19 ], [ "R", 18 ], [ "R", 25 ], [ "R", 19 ], [ "R", 25 ], [ "W", 25 ], [ "W", 25 ], [ "W", 19 ], [ "W", 25 ], [ "R", 12 ], [ "W", 25 ], [ "W", 25 ], [ "R", 25 ], [ "W", 25 ], [ "R", 25 ], [ "R", 19 ], [ "R", 25 ], [ "W", 19 ], [ "W", 25 ], [ "W", 19 ], [ "W", 25 ], [ "R", 25 ], [ "R", 19 ], [ "R", 25 ], [ "R", 9 ], [ "R", 9 ], [ "R", 19 ], [ "W", 25 ], [ "W", 25 ], [ "R", 25 ], [ "R", 19 ], [ "R", 25 ], [ "R", 12 ], [ "R", 2 ], [ "R", 2 ], [ "R", 18 ], [ "R", 2 ], [ "R", 18 ], [ "R", 2 ], [ "R", 2 ], [ "R", 18 ], [ "R", 18 ], [ "R", 19 ], [ "R", 12 ], [ "R", 12 ], [ "R", 2 ], [ "R", 2 ], [ "R", 30 ], [ "R", 2 ], [ "R", 2 ], [ "R", 30 ], [ "R", 2 ], [ "R", 30 ], [ "R", 30 ], [ "W", 30 ], [ "R", 9 ], [ "R", 9 ], [ "R", 19 ], [ "R", 2 ], [ "R", 30 ], [ "R", 30 ], [ "W", 30 ], [ "R", 2 ], [ "R", 30 ], [ "R", 2 ], [ "R", 30 ], [ "R", 30 ], [ "R", 30 ], [ "R", 30 ], [ "R", 30 ], [ "W", 30 ], [ "W", 2 ], [ "W", 19 ], [ "R", 25 ], [ "R", 19 ], [ "R", 25 ], [ "R", 12 ], [ "W", 25 ], [ "W", 25 ], [ "R", 2 ], [ "R", 18 ] ]
    } ]
  },
  "CleanerController.export" : {
    "t" : [ {
      "id" : 0,
      "a" : [ [ "R", 6 ], [ "R", 12 ], [ "R", 12 ], [ "R", 2 ], [ "R", 30 ], [ "R", 12 ] ]
    } ]
  },
  "WarrantyTravelAgencyController.list" : {
    "t" : [ {
      "id" : 0,
      "a" : [ [ "R", 12 ], [ "R", 12 ], [ "R", 28 ], [ "R", 28 ], [ "R", 30 ], [ "R", 28 ], [ "R", 28 ], [ "R", 30 ], [ "R", 12 ], [ "R", 32 ], [ "R", 32 ], [ "R", 32 ], [ "R", 28 ] ]
    } ]
  },
  "CleanerController.create" : {
    "t" : [ {
      "id" : 0,
      "a" : [ [ "R", 9 ], [ "R", 9 ] ]
    } ]
  },
  "JobApplicationHostController.delete" : {
    "t" : [ {
      "id" : 0,
      "a" : [ [ "R", 12 ], [ "R", 12 ], [ "R", 16 ], [ "R", 16 ], [ "R", 30 ], [ "R", 16 ], [ "R", 16 ], [ "R", 30 ], [ "R", 12 ], [ "R", 12 ], [ "R", 16 ], [ "R", 16 ], [ "R", 30 ], [ "R", 16 ], [ "R", 16 ], [ "R", 30 ], [ "R", 17 ], [ "R", 17 ], [ "R", 17 ], [ "R", 17 ], [ "R", 16 ], [ "R", 12 ], [ "R", 12 ], [ "R", 12 ], [ "W", 17 ], [ "W", 17 ], [ "R", 12 ], [ "R", 12 ], [ "R", 16 ], [ "R", 16 ], [ "R", 30 ], [ "R", 16 ], [ "R", 16 ], [ "R", 30 ], [ "R", 12 ], [ "R", 12 ], [ "R", 12 ], [ "R", 16 ], [ "R", 16 ], [ "R", 30 ], [ "R", 16 ], [ "R", 16 ], [ "R", 30 ], [ "R", 16 ], [ "R", 12 ], [ "R", 12 ], [ "R", 12 ], [ "R", 17 ], [ "R", 17 ], [ "R", 17 ], [ "R", 16 ], [ "R", 17 ], [ "R", 17 ], [ "R", 12 ], [ "R", 12 ], [ "R", 12 ], [ "R", 16 ], [ "R", 16 ], [ "R", 30 ], [ "R", 16 ], [ "R", 16 ], [ "R", 30 ], [ "R", 16 ], [ "R", 12 ], [ "R", 12 ], [ "R", 12 ], [ "R", 17 ], [ "R", 17 ], [ "R", 17 ], [ "R", 16 ], [ "R", 17 ], [ "R", 17 ], [ "R", 12 ], [ "R", 12 ], [ "R", 12 ], [ "R", 16 ], [ "R", 16 ], [ "R", 30 ], [ "R", 16 ], [ "R", 16 ], [ "R", 30 ], [ "R", 16 ], [ "R", 12 ], [ "R", 12 ], [ "R", 12 ], [ "R", 17 ], [ "R", 17 ], [ "R", 17 ], [ "R", 16 ], [ "R", 17 ], [ "R", 17 ], [ "R", 12 ], [ "R", 12 ], [ "R", 12 ], [ "R", 16 ], [ "R", 16 ], [ "R", 30 ], [ "R", 16 ], [ "R", 16 ], [ "R", 30 ], [ "R", 16 ], [ "R", 12 ], [ "R", 12 ], [ "R", 12 ], [ "R", 17 ], [ "R", 17 ], [ "R", 17 ], [ "R", 16 ], [ "R", 17 ], [ "R", 17 ] ]
    } ]
  },
  "MiscellaneousAttachmentCleanerController.delete" : {
    "t" : [ {
      "id" : 0,
      "a" : [ [ "R", 12 ], [ "R", 12 ], [ "R", 6 ], [ "R", 6 ], [ "R", 30 ], [ "R", 6 ], [ "R", 6 ], [ "R", 30 ], [ "R", 20 ], [ "R", 20 ], [ "R", 10 ], [ "R", 10 ], [ "R", 6 ], [ "R", 12 ], [ "R", 12 ], [ "R", 12 ], [ "R", 20 ], [ "R", 10 ], [ "R", 12 ], [ "R", 12 ], [ "R", 12 ], [ "R", 6 ], [ "R", 6 ], [ "R", 30 ], [ "R", 6 ], [ "R", 6 ], [ "R", 30 ], [ "R", 20 ], [ "R", 10 ], [ "R", 10 ], [ "R", 6 ], [ "R", 12 ], [ "R", 12 ], [ "R", 12 ], [ "W", 20 ], [ "R", 20 ], [ "R", 10 ], [ "R", 12 ] ]
    } ]
  },
  "CleanerController.save" : {
    "t" : [ {
      "id" : 0,
      "a" : [ [ "W", 30 ], [ "W", 18 ], [ "W", 19 ], [ "W", 18 ], [ "W", 18 ], [ "W", 19 ], [ "W", 18 ], [ "W", 18 ], [ "W", 18 ], [ "W", 18 ], [ "W", 18 ], [ "W", 18 ], [ "W", 19 ], [ "W", 18 ], [ "W", 19 ], [ "W", 18 ], [ "W", 18 ], [ "W", 2 ], [ "W", 18 ], [ "W", 30 ], [ "W", 2 ], [ "W", 30 ], [ "R", 2 ], [ "R", 2 ], [ "R", 2 ], [ "R", 30 ], [ "R", 2 ], [ "R", 2 ], [ "R", 2 ], [ "R", 2 ], [ "R", 30 ], [ "W", 30 ], [ "R", 2 ], [ "R", 30 ], [ "W", 30 ], [ "W", 2 ], [ "W", 2 ], [ "W", 2 ], [ "W", 2 ], [ "W", 2 ], [ "W", 2 ], [ "W", 2 ], [ "R", 9 ], [ "R", 9 ], [ "R", 2 ], [ "R", 9 ], [ "R", 9 ], [ "R", 2 ], [ "W", 2 ], [ "W", 6 ] ]
    } ]
  },
  "MailboxController.edit" : {
    "t" : [ {
      "id" : 0,
      "a" : [ [ "R", 12 ], [ "R", 12 ], [ "R", 2 ], [ "R", 2 ], [ "R", 30 ], [ "R", 2 ], [ "R", 2 ], [ "R", 30 ], [ "R", 2 ], [ "R", 18 ], [ "R", 18 ], [ "R", 12 ], [ "R", 12 ], [ "R", 2 ], [ "R", 2 ], [ "R", 30 ], [ "R", 2 ], [ "R", 2 ], [ "R", 30 ], [ "R", 12 ], [ "R", 12 ], [ "R", 18 ], [ "R", 2 ], [ "R", 18 ], [ "R", 2 ], [ "R", 18 ] ]
    } ]
  },
  "TransportTravelAgencyController.list" : {
    "t" : [ {
      "id" : 0,
      "a" : [ [ "R", 12 ], [ "R", 26 ], [ "R", 12 ], [ "R", 12 ], [ "R", 28 ], [ "R", 28 ], [ "R", 30 ], [ "R", 28 ], [ "R", 28 ], [ "R", 30 ], [ "R", 12 ], [ "R", 29 ], [ "R", 29 ], [ "R", 29 ], [ "R", 28 ], [ "R", 29 ] ]
    } ]
  },
  "MessageController.sendBroadcast" : {
    "t" : [ {
      "id" : 0,
      "a" : [ [ "R", 12 ], [ "R", 12 ], [ "R", 2 ], [ "R", 2 ], [ "R", 30 ], [ "R", 2 ], [ "R", 2 ], [ "R", 30 ], [ "R", 12 ], [ "W", 19 ], [ "W", 19 ], [ "W", 18 ], [ "R", 2 ], [ "W", 19 ], [ "R", 12 ], [ "R", 19 ], [ "R", 12 ], [ "W", 12 ], [ "R", 12 ], [ "W", 12 ], [ "R", 19 ], [ "W", 19 ], [ "R", 19 ], [ "W", 19 ], [ "R", 19 ], [ "W", 19 ], [ "R", 19 ], [ "W", 19 ], [ "R", 19 ], [ "W", 19 ], [ "R", 19 ], [ "W", 19 ], [ "W", 25 ], [ "R", 12 ], [ "R", 12 ], [ "R", 2 ], [ "R", 2 ], [ "R", 30 ], [ "R", 2 ], [ "R", 2 ], [ "R", 30 ], [ "R", 2 ], [ "R", 18 ], [ "R", 12 ], [ "R", 12 ], [ "R", 12 ], [ "R", 3 ], [ "R", 3 ], [ "R", 30 ], [ "R", 3 ], [ "R", 3 ], [ "R", 30 ], [ "R", 12 ], [ "R", 12 ], [ "R", 3 ], [ "R", 3 ], [ "R", 30 ], [ "R", 3 ], [ "R", 3 ], [ "R", 30 ], [ "R", 12 ], [ "R", 3 ], [ "R", 3 ], [ "R", 18 ], [ "R", 3 ], [ "R", 18 ], [ "R", 3 ], [ "R", 3 ], [ "R", 18 ], [ "R", 12 ], [ "R", 2 ], [ "R", 2 ], [ "R", 18 ], [ "R", 2 ], [ "R", 18 ], [ "R", 2 ], [ "R", 2 ], [ "R", 18 ], [ "R", 19 ], [ "R", 18 ], [ "R", 18 ], [ "R", 19 ], [ "W", 25 ], [ "R", 12 ], [ "W", 25 ], [ "R", 25 ], [ "R", 19 ], [ "R", 25 ], [ "R", 2 ], [ "R", 2 ], [ "R", 2 ], [ "R", 2 ], [ "W", 19 ], [ "R", 18 ], [ "R", 18 ], [ "R", 18 ], [ "R", 19 ], [ "R", 18 ], [ "R", 18 ], [ "R", 19 ], [ "W", 25 ], [ "R", 12 ], [ "R", 2 ], [ "R", 2 ], [ "R", 18 ], [ "R", 2 ], [ "R", 2 ], [ "R", 18 ], [ "R", 12 ], [ "W", 25 ], [ "R", 25 ], [ "R", 19 ], [ "R", 25 ], [ "R", 9 ], [ "R", 9 ], [ "R", 19 ], [ "R", 12 ], [ "W", 25 ], [ "W", 25 ], [ "R", 25 ], [ "R", 19 ], [ "R", 25 ], [ "R", 12 ], [ "R", 12 ], [ "R", 2 ], [ "R", 2 ], [ "R", 30 ], [ "R", 2 ], [ "R", 2 ], [ "R", 30 ], [ "R", 2 ], [ "R", 30 ], [ "R", 30 ], [ "W", 30 ], [ "R", 9 ], [ "R", 9 ], [ "R", 19 ], [ "R", 2 ], [ "R", 30 ], [ "R", 30 ], [ "W", 30 ], [ "R", 2 ], [ "R", 30 ], [ "R", 2 ], [ "R", 30 ], [ "R", 30 ], [ "R", 30 ], [ "R", 30 ], [ "R", 30 ], [ "W", 30 ], [ "W", 2 ], [ "W", 19 ], [ "R", 25 ], [ "R", 19 ], [ "R", 25 ], [ "R", 12 ], [ "W", 25 ], [ "W", 25 ], [ "R", 2 ], [ "R", 18 ], [ "R", 2 ], [ "R", 2 ], [ "R", 2 ], [ "R", 2 ], [ "R", 2 ], [ "R", 2 ], [ "R", 12 ], [ "R", 2 ], [ "R", 2 ], [ "R", 18 ], [ "R", 2 ], [ "R", 18 ], [ "R", 2 ], [ "R", 2 ], [ "R", 18 ] ]
    } ]
  },
  "RequestCustomerController.create" : {
    "t" : [ {
      "id" : 0,
      "a" : [ [ "R", 12 ], [ "R", 12 ], [ "R", 11 ], [ "R", 11 ], [ "R", 30 ], [ "R", 11 ], [ "R", 11 ], [ "R", 30 ], [ "W", 22 ], [ "W", 11 ] ]
    } ]
  },
  "TransportTransporterController.delete" : {
    "t" : [ {
      "id" : 0,
      "a" : [ [ "R", 26 ], [ "R", 12 ], [ "R", 12 ], [ "R", 27 ], [ "R", 27 ], [ "R", 30 ], [ "R", 27 ], [ "R", 27 ], [ "R", 30 ], [ "R", 26 ], [ "R", 27 ], [ "R", 12 ], [ "R", 12 ], [ "R", 12 ], [ "R", 26 ], [ "W", 26 ] ]
    } ]
  },
  "BookingAccomodationTravelAgencyController.save" : {
    "t" : [ {
      "id" : 0,
      "a" : [ [ "W", 4 ], [ "W", 1 ], [ "W", 4 ], [ "W", 4 ], [ "R", 12 ], [ "R", 12 ], [ "R", 28 ], [ "R", 28 ], [ "R", 30 ], [ "R", 28 ], [ "R", 28 ], [ "R", 30 ], [ "R", 12 ], [ "R", 29 ], [ "R", 29 ], [ "R", 29 ], [ "R", 28 ], [ "R", 29 ], [ "R", 4 ], [ "R", 1 ], [ "R", 12 ], [ "R", 12 ], [ "R", 4 ], [ "R", 1 ], [ "R", 12 ], [ "R", 4 ], [ "R", 4 ], [ "R", 4 ], [ "R", 1 ], [ "R", 4 ], [ "R", 4 ], [ "R", 4 ], [ "R", 4 ], [ "R", 4 ], [ "R", 4 ], [ "R", 4 ], [ "R", 4 ], [ "R", 4 ], [ "R", 4 ], [ "R", 4 ], [ "R", 4 ], [ "R", 4 ], [ "R", 4 ], [ "R", 4 ], [ "R", 4 ], [ "R", 4 ], [ "R", 4 ], [ "R", 4 ], [ "R", 4 ], [ "R", 4 ], [ "R", 4 ], [ "R", 4 ], [ "R", 4 ], [ "R", 4 ], [ "R", 4 ], [ "R", 4 ], [ "R", 4 ], [ "W", 4 ], [ "R", 29 ], [ "R", 29 ], [ "R", 4 ], [ "R", 12 ], [ "R", 12 ], [ "R", 28 ], [ "R", 28 ], [ "R", 30 ], [ "R", 28 ], [ "R", 28 ], [ "R", 30 ], [ "R", 12 ], [ "R", 29 ], [ "R", 29 ], [ "R", 29 ], [ "R", 28 ], [ "R", 29 ] ]
    } ]
  },
  "AdministratorController.newSpamWord" : {
    "t" : [ {
      "id" : 0,
      "a" : [ [ "R", 12 ], [ "R", 12 ], [ "R", 3 ], [ "R", 3 ], [ "R", 30 ], [ "R", 3 ], [ "R", 3 ], [ "R", 30 ], [ "R", 12 ], [ "R", 12 ], [ "R", 3 ], [ "R", 3 ], [ "R", 30 ], [ "R", 3 ], [ "R", 3 ], [ "R", 30 ], [ "R", 3 ], [ "R", 9 ], [ "R", 9 ], [ "W", 9 ], [ "W", 9 ] ]
    } ]
  },
  "AccomodationHostController.save" : {
    "t" : [ {
      "id" : 0,
      "a" : [ [ "R", 12 ], [ "R", 12 ], [ "R", 16 ], [ "R", 16 ], [ "R", 30 ], [ "R", 16 ], [ "R", 16 ], [ "R", 30 ], [ "W", 1 ], [ "W", 16 ], [ "R", 1 ], [ "W", 1 ], [ "R", 1 ], [ "W", 1 ], [ "R", 1 ], [ "W", 1 ], [ "R", 1 ], [ "W", 1 ], [ "R", 1 ], [ "W", 1 ], [ "R", 1 ], [ "W", 1 ], [ "R", 1 ], [ "W", 1 ], [ "R", 12 ], [ "R", 12 ], [ "R", 16 ], [ "R", 16 ], [ "R", 30 ], [ "R", 16 ], [ "R", 16 ], [ "R", 30 ], [ "W", 1 ], [ "W", 16 ], [ "W", 1 ] ]
    } ]
  },
  "CleaningTaskController.delete" : {
    "t" : [ {
      "id" : 0,
      "a" : [ [ "R", 7 ], [ "R", 12 ], [ "R", 12 ], [ "R", 16 ], [ "R", 16 ], [ "R", 30 ], [ "R", 16 ], [ "R", 16 ], [ "R", 30 ], [ "R", 7 ], [ "R", 1 ], [ "R", 1 ], [ "R", 16 ], [ "R", 12 ], [ "R", 12 ], [ "R", 2 ], [ "R", 2 ], [ "R", 30 ], [ "R", 2 ], [ "R", 2 ], [ "R", 30 ], [ "R", 12 ], [ "R", 12 ], [ "R", 12 ], [ "R", 12 ], [ "R", 12 ], [ "R", 2 ], [ "R", 2 ], [ "R", 30 ], [ "R", 2 ], [ "R", 2 ], [ "R", 30 ], [ "W", 7 ], [ "R", 12 ], [ "R", 12 ], [ "R", 16 ], [ "R", 16 ], [ "R", 30 ], [ "R", 16 ], [ "R", 16 ], [ "R", 30 ], [ "R", 12 ], [ "R", 7 ], [ "R", 7 ], [ "R", 1 ], [ "R", 7 ], [ "R", 7 ], [ "R", 1 ], [ "R", 16 ], [ "R", 12 ], [ "R", 12 ], [ "R", 16 ], [ "R", 16 ], [ "R", 30 ], [ "R", 16 ], [ "R", 16 ], [ "R", 30 ], [ "R", 12 ], [ "R", 7 ], [ "R", 7 ], [ "R", 1 ], [ "R", 7 ], [ "R", 7 ], [ "R", 1 ], [ "R", 16 ] ]
    } ]
  },
  "CleaningTaskController.saveEdit" : {
    "t" : [ {
      "id" : 0,
      "a" : [ [ "R", 12 ], [ "R", 12 ], [ "R", 7 ], [ "R", 7 ], [ "R", 1 ], [ "W", 7 ], [ "W", 1 ], [ "R", 7 ], [ "R", 6 ], [ "W", 7 ], [ "W", 6 ], [ "R", 7 ], [ "W", 7 ], [ "R", 7 ], [ "W", 7 ], [ "R", 7 ], [ "W", 7 ], [ "R", 7 ], [ "R", 7 ], [ "R", 7 ], [ "R", 7 ], [ "R", 7 ], [ "R", 7 ], [ "R", 7 ], [ "R", 7 ], [ "R", 12 ], [ "R", 12 ], [ "R", 16 ], [ "R", 16 ], [ "R", 30 ], [ "R", 16 ], [ "R", 16 ], [ "R", 30 ], [ "R", 6 ], [ "R", 6 ], [ "R", 6 ], [ "R", 12 ], [ "R", 1 ], [ "R", 1 ], [ "R", 1 ], [ "R", 16 ], [ "R", 12 ], [ "R", 12 ], [ "R", 16 ], [ "R", 16 ], [ "R", 30 ], [ "R", 16 ], [ "R", 16 ], [ "R", 30 ], [ "R", 7 ], [ "R", 7 ], [ "W", 7 ], [ "R", 12 ], [ "R", 12 ], [ "R", 16 ], [ "R", 16 ], [ "R", 30 ], [ "R", 16 ], [ "R", 16 ], [ "R", 30 ], [ "R", 7 ], [ "R", 1 ], [ "R", 1 ], [ "R", 16 ], [ "R", 12 ], [ "R", 12 ], [ "R", 12 ], [ "R", 12 ], [ "R", 12 ], [ "R", 16 ], [ "R", 16 ], [ "R", 30 ], [ "R", 16 ], [ "R", 16 ], [ "R", 30 ], [ "R", 12 ], [ "R", 7 ], [ "R", 7 ], [ "R", 1 ], [ "R", 7 ], [ "R", 7 ], [ "R", 1 ], [ "R", 16 ] ]
    } ]
  },
  "FinderAccomodationTravelAgencyController.show" : {
    "t" : [ {
      "id" : 0,
      "a" : [ [ "R", 12 ], [ "R", 30 ], [ "R", 12 ], [ "R", 12 ], [ "R", 28 ], [ "R", 28 ], [ "R", 30 ], [ "R", 28 ], [ "R", 28 ], [ "R", 30 ], [ "R", 12 ], [ "R", 28 ], [ "R", 28 ], [ "R", 14 ], [ "R", 28 ], [ "R", 14 ], [ "R", 14 ], [ "R", 14 ], [ "R", 14 ], [ "R", 1 ], [ "R", 1 ], [ "R", 1 ], [ "R", 1 ], [ "R", 1 ], [ "R", 1 ], [ "R", 1 ], [ "R", 1 ], [ "R", 1 ], [ "W", 14 ], [ "W", 1 ], [ "R", 12 ], [ "R", 12 ], [ "R", 28 ], [ "R", 28 ], [ "R", 30 ], [ "R", 28 ], [ "R", 28 ], [ "R", 30 ], [ "R", 12 ], [ "R", 29 ], [ "R", 29 ], [ "R", 29 ], [ "R", 28 ], [ "R", 29 ] ]
    } ]
  },
  "TransportTransporterController.editGet" : {
    "t" : [ {
      "id" : 0,
      "a" : [ [ "R", 12 ], [ "R", 30 ], [ "R", 26 ], [ "R", 12 ], [ "R", 12 ], [ "R", 27 ], [ "R", 27 ], [ "R", 30 ], [ "R", 27 ], [ "R", 27 ], [ "R", 30 ], [ "R", 26 ], [ "R", 27 ], [ "R", 12 ], [ "R", 12 ], [ "R", 12 ], [ "R", 26 ] ]
    } ]
  },
  "WelcomeController.index" : {
    "t" : [ {
      "id" : 0,
      "a" : [ [ "R", 9 ], [ "R", 9 ], [ "R", 9 ], [ "R", 9 ], [ "R", 9 ], [ "R", 9 ], [ "R", 9 ], [ "R", 9 ] ]
    } ]
  },
  "EducationalDataController.show" : {
    "t" : [ {
      "id" : 0,
      "a" : [ [ "R", 13 ], [ "R", 12 ], [ "R", 12 ], [ "R", 6 ], [ "R", 6 ], [ "R", 30 ], [ "R", 6 ], [ "R", 6 ], [ "R", 30 ], [ "R", 13 ], [ "R", 10 ], [ "R", 10 ], [ "R", 6 ], [ "R", 12 ], [ "R", 12 ], [ "R", 12 ] ]
    } ]
  },
  "AdministratorController.create" : {
    "t" : [ {
      "id" : 0,
      "a" : [ [ "R", 9 ], [ "R", 9 ] ]
    } ]
  },
  "HostController.rateCleaner" : {
    "t" : [ {
      "id" : 0,
      "a" : [ [ "R", 12 ], [ "R", 12 ], [ "R", 16 ], [ "R", 16 ], [ "R", 30 ], [ "R", 16 ], [ "R", 16 ], [ "R", 30 ], [ "R", 6 ], [ "R", 12 ], [ "R", 12 ], [ "R", 12 ], [ "R", 16 ], [ "R", 16 ], [ "R", 30 ], [ "R", 16 ], [ "R", 16 ], [ "R", 30 ], [ "R", 16 ], [ "R", 12 ], [ "R", 12 ], [ "R", 12 ], [ "R", 17 ], [ "R", 17 ], [ "R", 17 ], [ "R", 16 ], [ "R", 17 ], [ "R", 17 ], [ "R", 17 ], [ "R", 6 ], [ "W", 31 ], [ "W", 16 ], [ "W", 31 ], [ "W", 6 ] ]
    } ]
  },
  "BookingAccomodationCustomerController.show" : {
    "t" : [ {
      "id" : 0,
      "a" : [ [ "R", 4 ] ]
    } ]
  },
  "TravelAgencyController.edit" : {
    "t" : [ {
      "id" : 0,
      "a" : [ [ "R", 12 ], [ "R", 12 ], [ "R", 28 ], [ "R", 28 ], [ "R", 30 ], [ "R", 28 ], [ "R", 28 ], [ "R", 30 ], [ "R", 2 ], [ "R", 9 ], [ "R", 9 ] ]
    } ]
  },
  "AdministratorController.newWelcomeMessageEs" : {
    "t" : [ {
      "id" : 0,
      "a" : [ [ "R", 12 ], [ "R", 12 ], [ "R", 3 ], [ "R", 3 ], [ "R", 30 ], [ "R", 3 ], [ "R", 3 ], [ "R", 30 ], [ "R", 12 ], [ "R", 12 ], [ "R", 3 ], [ "R", 3 ], [ "R", 30 ], [ "R", 3 ], [ "R", 3 ], [ "R", 30 ], [ "R", 3 ], [ "R", 9 ], [ "W", 9 ], [ "W", 9 ] ]
    } ]
  },
  "AdministratorController.deleteSpamWord" : {
    "t" : [ {
      "id" : 0,
      "a" : [ [ "R", 12 ], [ "R", 12 ], [ "R", 3 ], [ "R", 3 ], [ "R", 30 ], [ "R", 3 ], [ "R", 3 ], [ "R", 30 ], [ "R", 12 ], [ "R", 12 ], [ "R", 3 ], [ "R", 3 ], [ "R", 30 ], [ "R", 3 ], [ "R", 3 ], [ "R", 30 ], [ "R", 3 ], [ "R", 9 ], [ "R", 9 ] ]
    } ]
  },
  "FinderRequestTravelAgencyController.refresh" : {
    "t" : [ {
      "id" : 0,
      "a" : [ [ "R", 12 ], [ "R", 12 ], [ "R", 28 ], [ "R", 28 ], [ "R", 30 ], [ "R", 28 ], [ "R", 28 ], [ "R", 30 ], [ "R", 12 ], [ "R", 28 ], [ "R", 28 ], [ "R", 15 ], [ "R", 28 ], [ "R", 12 ], [ "W", 12 ], [ "R", 12 ], [ "W", 12 ], [ "R", 12 ], [ "R", 30 ], [ "R", 15 ], [ "R", 15 ], [ "R", 15 ], [ "R", 22 ], [ "R", 22 ], [ "R", 22 ], [ "R", 22 ], [ "R", 22 ], [ "W", 15 ], [ "W", 22 ], [ "R", 12 ], [ "R", 12 ], [ "R", 30 ], [ "W", 15 ], [ "R", 15 ], [ "R", 22 ] ]
    } ]
  },
  "SocialProfileActorController.list" : {
    "t" : [ {
      "id" : 0,
      "a" : [ [ "R", 12 ], [ "R", 12 ], [ "R", 2 ], [ "R", 2 ], [ "R", 30 ], [ "R", 2 ], [ "R", 2 ], [ "R", 30 ], [ "R", 12 ], [ "R", 24 ], [ "R", 24 ], [ "R", 2 ], [ "R", 24 ], [ "R", 24 ], [ "R", 2 ] ]
    } ]
  },
  "TransportTransporterController.createMultiplePost" : {
    "t" : [ {
      "id" : 0,
      "a" : [ [ "R", 12 ], [ "R", 12 ], [ "R", 27 ], [ "R", 27 ], [ "R", 30 ], [ "R", 27 ], [ "R", 27 ], [ "R", 30 ], [ "W", 26 ], [ "W", 26 ], [ "W", 26 ], [ "W", 26 ], [ "W", 26 ], [ "W", 26 ], [ "W", 26 ], [ "W", 26 ], [ "W", 27 ], [ "W", 26 ] ]
    } ]
  },
  "TravelPackTravelAgencyController.create" : {
    "t" : [ {
      "id" : 0,
      "a" : [ [ "R", 11 ], [ "W", 29 ], [ "R", 12 ], [ "R", 12 ], [ "R", 28 ], [ "R", 28 ], [ "R", 30 ], [ "R", 28 ], [ "R", 28 ], [ "R", 30 ], [ "W", 29 ], [ "W", 28 ], [ "W", 29 ], [ "W", 11 ], [ "R", 12 ], [ "R", 12 ], [ "R", 28 ], [ "R", 28 ], [ "R", 30 ], [ "R", 28 ], [ "R", 28 ], [ "R", 30 ], [ "R", 12 ], [ "R", 32 ], [ "R", 32 ], [ "R", 32 ], [ "R", 28 ] ]
    } ]
  },
  "TransporterController.save" : {
    "t" : [ {
      "id" : 0,
      "a" : [ [ "W", 30 ], [ "W", 18 ], [ "W", 19 ], [ "W", 18 ], [ "W", 18 ], [ "W", 19 ], [ "W", 18 ], [ "W", 18 ], [ "W", 18 ], [ "W", 18 ], [ "W", 18 ], [ "W", 18 ], [ "W", 19 ], [ "W", 18 ], [ "W", 19 ], [ "W", 18 ], [ "W", 18 ], [ "W", 2 ], [ "W", 18 ], [ "W", 30 ], [ "W", 2 ], [ "W", 30 ], [ "R", 2 ], [ "R", 2 ], [ "R", 2 ], [ "R", 30 ], [ "R", 2 ], [ "R", 2 ], [ "R", 2 ], [ "R", 2 ], [ "R", 30 ], [ "W", 30 ], [ "R", 2 ], [ "R", 30 ], [ "W", 30 ], [ "W", 2 ], [ "W", 2 ], [ "W", 2 ], [ "W", 2 ], [ "W", 2 ], [ "W", 2 ], [ "W", 2 ], [ "R", 9 ], [ "R", 9 ], [ "R", 2 ], [ "R", 9 ], [ "R", 9 ], [ "R", 2 ], [ "W", 2 ], [ "W", 27 ] ]
    } ]
  },
  "MailboxController.listMailbox" : {
    "t" : [ {
      "id" : 0,
      "a" : [ [ "R", 12 ], [ "R", 12 ], [ "R", 2 ], [ "R", 2 ], [ "R", 30 ], [ "R", 2 ], [ "R", 2 ], [ "R", 30 ], [ "R", 2 ], [ "R", 2 ], [ "R", 18 ] ]
    } ]
  },
  "TravelAgencyController.show" : {
    "t" : [ {
      "id" : 0,
      "a" : [ [ "R", 12 ], [ "R", 12 ], [ "R", 28 ], [ "R", 28 ], [ "R", 30 ], [ "R", 28 ], [ "R", 28 ], [ "R", 30 ] ]
    } ]
  },
  "ComplaintCustomerController.delete" : {
    "t" : [ {
      "id" : 0,
      "a" : [ [ "R", 12 ], [ "R", 30 ], [ "R", 12 ], [ "R", 30 ], [ "R", 8 ], [ "R", 29 ], [ "R", 29 ], [ "R", 8 ], [ "R", 29 ], [ "R", 29 ], [ "R", 8 ], [ "R", 29 ], [ "R", 8 ], [ "R", 8 ], [ "W", 8 ] ]
    } ]
  },
  "CustomerController.delete" : {
    "t" : [ {
      "id" : 0,
      "a" : [ [ "R", 11 ], [ "R", 11 ], [ "R", 12 ], [ "R", 12 ], [ "R", 2 ], [ "R", 30 ], [ "R", 12 ], [ "R", 2 ], [ "R", 30 ], [ "R", 12 ], [ "R", 12 ], [ "R", 12 ], [ "R", 12 ], [ "R", 24 ], [ "R", 24 ], [ "R", 2 ], [ "R", 24 ], [ "R", 24 ], [ "R", 2 ], [ "R", 12 ], [ "R", 12 ], [ "R", 2 ], [ "R", 2 ], [ "R", 30 ], [ "R", 2 ], [ "R", 2 ], [ "R", 30 ], [ "R", 24 ], [ "R", 2 ], [ "R", 12 ], [ "R", 12 ], [ "R", 12 ], [ "W", 24 ], [ "W", 2 ], [ "W", 24 ], [ "R", 12 ], [ "R", 12 ], [ "R", 11 ], [ "R", 11 ], [ "R", 30 ], [ "R", 11 ], [ "R", 11 ], [ "R", 30 ], [ "R", 12 ], [ "R", 22 ], [ "R", 22 ], [ "R", 22 ], [ "R", 11 ], [ "W", 22 ], [ "R", 12 ], [ "R", 8 ], [ "R", 8 ], [ "R", 8 ], [ "R", 11 ], [ "R", 12 ], [ "R", 12 ], [ "R", 30 ], [ "R", 12 ], [ "R", 30 ], [ "R", 8 ], [ "R", 29 ], [ "R", 29 ], [ "R", 8 ], [ "R", 29 ], [ "R", 29 ], [ "R", 8 ], [ "R", 29 ], [ "R", 8 ], [ "R", 8 ], [ "W", 8 ], [ "R", 12 ], [ "R", 29 ], [ "R", 29 ], [ "R", 29 ], [ "R", 11 ], [ "W", 29 ], [ "R", 12 ], [ "R", 31 ], [ "R", 31 ], [ "R", 31 ], [ "R", 11 ], [ "W", 31 ], [ "W", 11 ] ]
    } ]
  },
  "CleaningTaskController.listCleaningTaskCleaner" : {
    "t" : [ {
      "id" : 0,
      "a" : [ [ "R", 12 ], [ "R", 12 ], [ "R", 6 ], [ "R", 6 ], [ "R", 30 ], [ "R", 6 ], [ "R", 6 ], [ "R", 30 ], [ "R", 12 ], [ "R", 7 ], [ "R", 7 ], [ "R", 7 ], [ "R", 6 ] ]
    } ]
  },
  "AdministratorController.newWelcomeMessageEn" : {
    "t" : [ {
      "id" : 0,
      "a" : [ [ "R", 12 ], [ "R", 12 ], [ "R", 3 ], [ "R", 3 ], [ "R", 30 ], [ "R", 3 ], [ "R", 3 ], [ "R", 30 ], [ "R", 12 ], [ "R", 12 ], [ "R", 3 ], [ "R", 3 ], [ "R", 30 ], [ "R", 3 ], [ "R", 3 ], [ "R", 30 ], [ "R", 3 ], [ "R", 9 ], [ "W", 9 ], [ "W", 9 ] ]
    } ]
  },
  "AccomodationTravelAgencyController.show" : {
    "t" : [ {
      "id" : 0,
      "a" : [ [ "R", 1 ], [ "R", 1 ], [ "R", 1 ] ]
    } ]
  },
  "AdministratorController.actorList" : {
    "t" : [ {
      "id" : 0,
      "a" : [ [ "R", 2 ], [ "R", 2 ], [ "R", 2 ], [ "R", 30 ], [ "R", 2 ], [ "R", 3 ], [ "R", 3 ], [ "R", 2 ], [ "R", 2 ], [ "R", 2 ], [ "R", 30 ], [ "R", 2 ], [ "R", 3 ], [ "R", 3 ] ]
    } ]
  },
  "MessageController.editMailbox" : {
    "t" : [ {
      "id" : 0,
      "a" : [ [ "R", 19 ], [ "R", 12 ], [ "R", 12 ], [ "R", 2 ], [ "R", 2 ], [ "R", 30 ], [ "R", 2 ], [ "R", 2 ], [ "R", 30 ], [ "R", 2 ], [ "R", 18 ], [ "R", 18 ], [ "R", 18 ], [ "R", 19 ], [ "R", 12 ], [ "R", 12 ], [ "R", 2 ], [ "R", 2 ], [ "R", 30 ], [ "R", 2 ], [ "R", 2 ], [ "R", 30 ], [ "R", 2 ], [ "R", 18 ], [ "R", 19 ], [ "R", 18 ], [ "R", 12 ], [ "R", 2 ], [ "R", 2 ], [ "R", 18 ], [ "R", 2 ], [ "R", 2 ], [ "R", 18 ], [ "R", 2 ], [ "R", 18 ], [ "R", 18 ], [ "R", 19 ] ]
    } ]
  },
  "AdministratorController.newSystemName" : {
    "t" : [ {
      "id" : 0,
      "a" : [ [ "R", 12 ], [ "R", 12 ], [ "R", 3 ], [ "R", 3 ], [ "R", 30 ], [ "R", 3 ], [ "R", 3 ], [ "R", 30 ], [ "R", 12 ], [ "R", 12 ], [ "R", 3 ], [ "R", 3 ], [ "R", 30 ], [ "R", 3 ], [ "R", 3 ], [ "R", 30 ], [ "R", 3 ], [ "R", 9 ], [ "W", 9 ], [ "W", 9 ] ]
    } ]
  },
  "MessageController.createBroadcast" : {
    "t" : [ {
      "id" : 0,
      "a" : [ [ "W", 19 ], [ "W", 19 ], [ "W", 19 ], [ "W", 18 ], [ "R", 2 ], [ "R", 2 ], [ "R", 2 ] ]
    } ]
  },
  "JobApplicationHostController.edit" : {
    "t" : [ {
      "id" : 0,
      "a" : [ [ "R", 12 ], [ "R", 12 ], [ "R", 16 ], [ "R", 16 ], [ "R", 30 ], [ "R", 16 ], [ "R", 16 ], [ "R", 30 ], [ "R", 17 ], [ "R", 17 ], [ "R", 17 ], [ "R", 17 ], [ "R", 16 ], [ "R", 12 ], [ "R", 12 ], [ "R", 12 ], [ "W", 17 ], [ "W", 17 ], [ "R", 12 ], [ "R", 12 ], [ "R", 16 ], [ "R", 16 ], [ "R", 30 ], [ "R", 16 ], [ "R", 16 ], [ "R", 30 ], [ "R", 12 ], [ "R", 12 ], [ "R", 12 ], [ "R", 16 ], [ "R", 16 ], [ "R", 30 ], [ "R", 16 ], [ "R", 16 ], [ "R", 30 ], [ "R", 16 ], [ "R", 12 ], [ "R", 12 ], [ "R", 12 ], [ "R", 17 ], [ "R", 17 ], [ "R", 17 ], [ "R", 16 ], [ "R", 17 ], [ "R", 17 ], [ "R", 12 ], [ "R", 12 ], [ "R", 12 ], [ "R", 16 ], [ "R", 16 ], [ "R", 30 ], [ "R", 16 ], [ "R", 16 ], [ "R", 30 ], [ "R", 16 ], [ "R", 12 ], [ "R", 12 ], [ "R", 12 ], [ "R", 17 ], [ "R", 17 ], [ "R", 17 ], [ "R", 16 ], [ "R", 17 ], [ "R", 17 ], [ "R", 12 ], [ "R", 12 ], [ "R", 12 ], [ "R", 16 ], [ "R", 16 ], [ "R", 30 ], [ "R", 16 ], [ "R", 16 ], [ "R", 30 ], [ "R", 16 ], [ "R", 12 ], [ "R", 12 ], [ "R", 12 ], [ "R", 17 ], [ "R", 17 ], [ "R", 17 ], [ "R", 16 ], [ "R", 17 ], [ "R", 17 ], [ "R", 12 ], [ "R", 12 ], [ "R", 12 ], [ "R", 16 ], [ "R", 16 ], [ "R", 30 ], [ "R", 16 ], [ "R", 16 ], [ "R", 30 ], [ "R", 16 ], [ "R", 12 ], [ "R", 12 ], [ "R", 12 ], [ "R", 17 ], [ "R", 17 ], [ "R", 17 ], [ "R", 16 ], [ "R", 17 ], [ "R", 17 ] ]
    } ]
  },
  "AccomodationHostController.saveEdit" : {
    "t" : [ {
      "id" : 0,
      "a" : [ [ "R", 12 ], [ "R", 1 ], [ "R", 1 ], [ "W", 1 ], [ "R", 1 ], [ "W", 1 ], [ "R", 1 ], [ "W", 1 ], [ "R", 1 ], [ "W", 1 ], [ "R", 1 ], [ "W", 1 ], [ "R", 1 ], [ "W", 1 ], [ "R", 1 ], [ "W", 1 ], [ "R", 12 ], [ "R", 12 ], [ "R", 16 ], [ "R", 16 ], [ "R", 30 ], [ "R", 16 ], [ "R", 16 ], [ "R", 30 ], [ "R", 1 ], [ "R", 16 ], [ "R", 12 ], [ "R", 12 ], [ "R", 12 ], [ "W", 1 ] ]
    } ]
  },
  "CustomerController.rateHost" : {
    "t" : [ {
      "id" : 0,
      "a" : [ [ "R", 12 ], [ "R", 12 ], [ "R", 11 ], [ "R", 11 ], [ "R", 30 ], [ "R", 11 ], [ "R", 11 ], [ "R", 30 ], [ "R", 12 ], [ "R", 29 ], [ "R", 29 ], [ "R", 4 ], [ "R", 29 ], [ "R", 4 ], [ "R", 1 ], [ "R", 16 ], [ "R", 29 ], [ "R", 11 ], [ "R", 16 ], [ "W", 31 ], [ "W", 11 ], [ "R", 16 ], [ "W", 31 ], [ "W", 16 ] ]
    } ]
  },
  "JobApplicationHostController.reject" : {
    "t" : [ {
      "id" : 0,
      "a" : [ [ "R", 12 ], [ "R", 12 ], [ "R", 16 ], [ "R", 16 ], [ "R", 30 ], [ "R", 16 ], [ "R", 16 ], [ "R", 30 ], [ "R", 17 ] ]
    } ]
  },
  "JobApplicationCleanerController.edit" : {
    "t" : [ {
      "id" : 0,
      "a" : [ [ "R", 12 ], [ "R", 12 ], [ "R", 6 ], [ "R", 6 ], [ "R", 30 ], [ "R", 6 ], [ "R", 6 ], [ "R", 30 ], [ "R", 17 ], [ "R", 17 ], [ "R", 17 ], [ "R", 17 ], [ "R", 6 ], [ "R", 12 ], [ "R", 12 ], [ "R", 12 ], [ "R", 12 ], [ "R", 12 ], [ "R", 6 ], [ "R", 6 ], [ "R", 30 ], [ "R", 6 ], [ "R", 6 ], [ "R", 30 ], [ "R", 12 ], [ "R", 10 ], [ "R", 10 ], [ "R", 10 ], [ "R", 6 ], [ "R", 10 ] ]
    } ]
  },
  "CustomerController.rateTravelAgency" : {
    "t" : [ {
      "id" : 0,
      "a" : [ [ "R", 12 ], [ "R", 12 ], [ "R", 11 ], [ "R", 11 ], [ "R", 30 ], [ "R", 11 ], [ "R", 11 ], [ "R", 30 ], [ "R", 12 ], [ "R", 29 ], [ "R", 29 ], [ "R", 28 ], [ "R", 29 ], [ "R", 11 ], [ "R", 28 ], [ "W", 31 ], [ "W", 11 ], [ "W", 31 ], [ "W", 28 ] ]
    } ]
  },
  "CleaningTaskController.listCleaningTask" : {
    "t" : [ {
      "id" : 0,
      "a" : [ [ "R", 12 ], [ "R", 12 ], [ "R", 16 ], [ "R", 16 ], [ "R", 30 ], [ "R", 16 ], [ "R", 16 ], [ "R", 30 ], [ "R", 12 ], [ "R", 7 ], [ "R", 7 ], [ "R", 1 ], [ "R", 7 ], [ "R", 7 ], [ "R", 1 ], [ "R", 16 ] ]
    } ]
  },
  "RequestCustomerController.list" : {
    "t" : [ {
      "id" : 0,
      "a" : [ [ "R", 12 ], [ "R", 12 ], [ "R", 11 ], [ "R", 11 ], [ "R", 30 ], [ "R", 11 ], [ "R", 11 ], [ "R", 30 ], [ "R", 12 ], [ "R", 22 ], [ "R", 22 ], [ "R", 22 ], [ "R", 11 ] ]
    } ]
  },
  "TravelPackCustomerController.reject" : {
    "t" : [ {
      "id" : 0,
      "a" : [ [ "R", 12 ], [ "R", 30 ], [ "R", 29 ], [ "R", 29 ], [ "R", 5 ], [ "R", 5 ], [ "R", 26 ], [ "R", 12 ], [ "R", 26 ], [ "R", 26 ], [ "W", 26 ], [ "W", 29 ], [ "R", 29 ], [ "R", 28 ], [ "W", 19 ], [ "W", 19 ], [ "W", 19 ], [ "W", 18 ], [ "R", 29 ], [ "R", 29 ], [ "W", 19 ], [ "R", 29 ], [ "W", 19 ], [ "W", 19 ], [ "R", 2 ], [ "W", 19 ], [ "R", 2 ], [ "R", 2 ], [ "R", 18 ], [ "R", 2 ], [ "R", 18 ], [ "R", 2 ], [ "R", 2 ], [ "R", 18 ], [ "W", 19 ], [ "W", 25 ], [ "R", 19 ], [ "R", 18 ], [ "R", 18 ], [ "R", 19 ], [ "W", 25 ], [ "R", 12 ], [ "R", 2 ], [ "R", 2 ], [ "R", 18 ], [ "R", 2 ], [ "R", 2 ], [ "R", 18 ], [ "R", 12 ], [ "W", 25 ], [ "R", 25 ], [ "R", 19 ], [ "R", 25 ], [ "R", 9 ], [ "R", 9 ], [ "R", 19 ], [ "R", 12 ], [ "W", 25 ], [ "W", 25 ], [ "R", 25 ], [ "R", 19 ], [ "R", 25 ], [ "R", 12 ], [ "R", 12 ], [ "R", 2 ], [ "R", 2 ], [ "R", 30 ], [ "R", 2 ], [ "R", 2 ], [ "R", 30 ], [ "R", 2 ], [ "R", 30 ], [ "R", 30 ], [ "W", 30 ], [ "R", 9 ], [ "R", 9 ], [ "R", 19 ], [ "R", 2 ], [ "R", 30 ], [ "R", 30 ], [ "W", 30 ], [ "R", 2 ], [ "R", 30 ], [ "R", 2 ], [ "R", 30 ], [ "R", 30 ], [ "R", 30 ], [ "R", 30 ], [ "R", 30 ], [ "W", 30 ], [ "W", 2 ], [ "W", 19 ], [ "R", 25 ], [ "R", 19 ], [ "R", 25 ], [ "R", 12 ], [ "W", 25 ], [ "W", 25 ] ]
    } ]
  },
  "ComplaintCustomerController.editPost" : {
    "t" : [ {
      "id" : 0,
      "a" : [ [ "R", 12 ], [ "R", 30 ], [ "R", 12 ], [ "R", 12 ], [ "R", 8 ], [ "R", 12 ], [ "R", 8 ], [ "R", 12 ], [ "W", 12 ], [ "R", 12 ], [ "W", 12 ], [ "R", 8 ], [ "R", 28 ], [ "W", 8 ], [ "W", 28 ], [ "R", 8 ], [ "R", 16 ], [ "W", 8 ], [ "W", 16 ], [ "R", 8 ], [ "R", 27 ], [ "W", 8 ], [ "W", 27 ], [ "R", 8 ], [ "R", 11 ], [ "W", 8 ], [ "W", 11 ], [ "R", 12 ], [ "R", 12 ], [ "R", 11 ], [ "R", 11 ], [ "R", 30 ], [ "R", 11 ], [ "R", 11 ], [ "R", 30 ], [ "W", 8 ], [ "W", 11 ], [ "W", 8 ], [ "W", 8 ], [ "R", 29 ], [ "R", 29 ], [ "R", 8 ] ]
    } ]
  },
  "AdministratorController.newBanner" : {
    "t" : [ {
      "id" : 0,
      "a" : [ [ "R", 12 ], [ "R", 12 ], [ "R", 3 ], [ "R", 3 ], [ "R", 30 ], [ "R", 3 ], [ "R", 3 ], [ "R", 30 ], [ "R", 12 ], [ "R", 12 ], [ "R", 3 ], [ "R", 3 ], [ "R", 30 ], [ "R", 3 ], [ "R", 3 ], [ "R", 30 ], [ "R", 3 ], [ "R", 9 ], [ "W", 9 ], [ "W", 9 ], [ "R", 12 ], [ "R", 12 ], [ "R", 3 ], [ "R", 3 ], [ "R", 30 ], [ "R", 3 ], [ "R", 3 ], [ "R", 30 ], [ "R", 12 ], [ "R", 12 ], [ "R", 3 ], [ "R", 3 ], [ "R", 30 ], [ "R", 3 ], [ "R", 3 ], [ "R", 30 ], [ "R", 3 ], [ "R", 9 ] ]
    } ]
  },
  "AdministratorController.banOrUnban" : {
    "t" : [ {
      "id" : 0,
      "a" : [ [ "R", 12 ], [ "R", 12 ], [ "R", 3 ], [ "R", 3 ], [ "R", 30 ], [ "R", 3 ], [ "R", 3 ], [ "R", 30 ], [ "R", 2 ], [ "R", 2 ], [ "R", 2 ], [ "R", 2 ], [ "R", 30 ], [ "R", 30 ], [ "R", 2 ], [ "R", 30 ], [ "R", 30 ], [ "R", 2 ], [ "R", 30 ], [ "R", 30 ], [ "W", 30 ], [ "W", 2 ] ]
    } ]
  },
  "CleanerController.saveEdit" : {
    "t" : [ {
      "id" : 0,
      "a" : [ [ "R", 12 ], [ "R", 6 ], [ "R", 2 ], [ "R", 2 ], [ "R", 2 ], [ "R", 2 ], [ "R", 2 ], [ "R", 2 ], [ "R", 2 ], [ "R", 2 ], [ "R", 2 ], [ "R", 2 ], [ "R", 2 ], [ "R", 2 ], [ "R", 12 ], [ "R", 12 ], [ "R", 6 ], [ "R", 6 ], [ "R", 30 ], [ "R", 6 ], [ "R", 6 ], [ "R", 30 ], [ "R", 2 ], [ "R", 2 ], [ "R", 2 ], [ "R", 2 ], [ "R", 2 ], [ "R", 2 ], [ "R", 2 ], [ "R", 2 ], [ "R", 2 ], [ "R", 2 ], [ "W", 2 ], [ "R", 2 ], [ "W", 2 ], [ "R", 2 ], [ "W", 2 ], [ "R", 2 ], [ "W", 2 ], [ "R", 2 ], [ "W", 2 ], [ "R", 2 ], [ "W", 2 ], [ "R", 2 ], [ "R", 2 ], [ "R", 2 ], [ "R", 2 ], [ "R", 2 ], [ "R", 2 ], [ "W", 2 ], [ "R", 9 ], [ "R", 9 ], [ "R", 2 ], [ "R", 9 ], [ "R", 9 ], [ "R", 2 ], [ "W", 2 ], [ "W", 6 ] ]
    } ]
  },
  "EducationalDataCleanerController.edit" : {
    "t" : [ {
      "id" : 0,
      "a" : [ [ "R", 13 ], [ "R", 13 ], [ "R", 12 ], [ "R", 12 ], [ "R", 6 ], [ "R", 6 ], [ "R", 30 ], [ "R", 6 ], [ "R", 6 ], [ "R", 30 ], [ "R", 13 ], [ "R", 10 ], [ "R", 10 ], [ "R", 6 ], [ "R", 12 ], [ "R", 12 ], [ "R", 12 ], [ "R", 13 ], [ "R", 10 ] ]
    } ]
  },
  "RefereeController.delete" : {
    "t" : [ {
      "id" : 0,
      "a" : [ [ "R", 21 ], [ "R", 21 ], [ "R", 12 ], [ "R", 12 ], [ "R", 2 ], [ "R", 30 ], [ "R", 12 ], [ "R", 2 ], [ "R", 30 ], [ "R", 12 ], [ "R", 12 ], [ "R", 12 ], [ "R", 12 ], [ "R", 24 ], [ "R", 24 ], [ "R", 2 ], [ "R", 24 ], [ "R", 24 ], [ "R", 2 ], [ "R", 12 ], [ "R", 12 ], [ "R", 2 ], [ "R", 2 ], [ "R", 30 ], [ "R", 2 ], [ "R", 2 ], [ "R", 30 ], [ "R", 24 ], [ "R", 2 ], [ "R", 12 ], [ "R", 12 ], [ "R", 12 ], [ "W", 24 ], [ "W", 2 ], [ "W", 24 ], [ "R", 12 ], [ "R", 12 ], [ "R", 21 ], [ "R", 21 ], [ "R", 30 ], [ "R", 21 ], [ "R", 21 ], [ "R", 30 ], [ "R", 12 ], [ "R", 23 ], [ "R", 23 ], [ "R", 23 ], [ "R", 21 ], [ "W", 23 ], [ "W", 21 ] ]
    } ]
  },
  "HostController.saveEdit" : {
    "t" : [ {
      "id" : 0,
      "a" : [ [ "R", 12 ], [ "R", 16 ], [ "R", 2 ], [ "R", 2 ], [ "R", 2 ], [ "R", 2 ], [ "R", 2 ], [ "R", 2 ], [ "R", 2 ], [ "R", 2 ], [ "R", 2 ], [ "R", 2 ], [ "R", 2 ], [ "R", 2 ], [ "R", 12 ], [ "R", 12 ], [ "R", 16 ], [ "R", 16 ], [ "R", 30 ], [ "R", 16 ], [ "R", 16 ], [ "R", 30 ], [ "R", 2 ], [ "R", 2 ], [ "R", 2 ], [ "R", 2 ], [ "R", 2 ], [ "R", 2 ], [ "R", 2 ], [ "R", 2 ], [ "R", 2 ], [ "R", 2 ], [ "W", 2 ], [ "R", 2 ], [ "W", 2 ], [ "R", 2 ], [ "W", 2 ], [ "R", 2 ], [ "W", 2 ], [ "R", 2 ], [ "W", 2 ], [ "R", 2 ], [ "W", 2 ], [ "R", 2 ], [ "R", 2 ], [ "R", 2 ], [ "R", 2 ], [ "R", 2 ], [ "R", 2 ], [ "W", 2 ], [ "R", 9 ], [ "R", 9 ], [ "R", 2 ], [ "R", 9 ], [ "R", 9 ], [ "R", 2 ], [ "W", 2 ], [ "W", 16 ] ]
    } ]
  },
  "ComplaintCustomerController.edit" : {
    "t" : [ {
      "id" : 0,
      "a" : [ [ "R", 12 ], [ "R", 30 ], [ "R", 12 ], [ "R", 12 ], [ "R", 11 ], [ "R", 11 ], [ "R", 30 ], [ "R", 11 ], [ "R", 11 ], [ "R", 30 ], [ "R", 12 ], [ "R", 8 ], [ "R", 8 ], [ "R", 8 ], [ "R", 11 ], [ "R", 8 ] ]
    } ]
  },
  "MessageController.create" : {
    "t" : [ {
      "id" : 0,
      "a" : [ [ "W", 19 ], [ "W", 19 ], [ "W", 19 ], [ "W", 18 ], [ "R", 2 ], [ "R", 2 ], [ "R", 2 ], [ "R", 2 ], [ "R", 2 ], [ "R", 2 ], [ "R", 12 ], [ "R", 2 ], [ "R", 2 ], [ "R", 18 ], [ "R", 2 ], [ "R", 18 ], [ "R", 2 ], [ "R", 2 ], [ "R", 18 ] ]
    } ]
  },
  "CleaningTaskController.show" : {
    "t" : [ {
      "id" : 0,
      "a" : [ [ "R", 12 ], [ "R", 12 ], [ "R", 16 ], [ "R", 16 ], [ "R", 30 ], [ "R", 16 ], [ "R", 16 ], [ "R", 30 ], [ "R", 7 ], [ "R", 7 ], [ "R", 1 ], [ "R", 1 ], [ "R", 16 ], [ "R", 12 ], [ "R", 12 ], [ "R", 12 ] ]
    } ]
  },
  "AdministratorController.save" : {
    "t" : [ {
      "id" : 0,
      "a" : [ [ "R", 12 ], [ "R", 30 ], [ "W", 30 ], [ "W", 18 ], [ "W", 19 ], [ "W", 18 ], [ "W", 18 ], [ "W", 19 ], [ "W", 18 ], [ "W", 18 ], [ "W", 18 ], [ "W", 18 ], [ "W", 18 ], [ "W", 18 ], [ "W", 19 ], [ "W", 18 ], [ "W", 19 ], [ "W", 18 ], [ "W", 18 ], [ "W", 2 ], [ "W", 18 ], [ "W", 30 ], [ "W", 2 ], [ "W", 30 ], [ "R", 2 ], [ "R", 2 ], [ "R", 2 ], [ "R", 30 ], [ "R", 2 ], [ "R", 2 ], [ "R", 2 ], [ "R", 2 ], [ "R", 30 ], [ "W", 30 ], [ "R", 2 ], [ "R", 30 ], [ "W", 30 ], [ "W", 2 ], [ "W", 2 ], [ "W", 2 ], [ "W", 2 ], [ "W", 2 ], [ "W", 2 ], [ "W", 2 ], [ "R", 9 ], [ "R", 9 ], [ "R", 2 ], [ "R", 9 ], [ "R", 9 ], [ "R", 2 ], [ "W", 2 ], [ "W", 3 ] ]
    } ]
  }
}