{
  "LessorValueController.save" : {
    "t" : [ {
      "id" : 0,
      "a" : [ [ "R", 4 ], [ "R", 15 ], [ "W", 20 ], [ "W", 4 ], [ "W", 20 ], [ "W", 20 ], [ "W", 15 ], [ "R", 20 ], [ "R", 15 ], [ "R", 15 ], [ "R", 20 ], [ "R", 20 ], [ "R", 4 ], [ "R", 20 ], [ "R", 4 ], [ "R", 10 ], [ "R", 10 ], [ "R", 10 ], [ "W", 20 ], [ "R", 20 ], [ "R", 15 ], [ "R", 10 ], [ "R", 4 ] ]
    } ]
  },
  "AuditController.display" : {
    "t" : [ {
      "id" : 0,
      "a" : [ [ "R", 5 ], [ "R", 5 ], [ "R", 3 ] ]
    } ]
  },
  "AdministratorProfileController.save" : {
    "t" : [ {
      "id" : 0,
      "a" : [ [ "R", 2 ], [ "W", 1 ], [ "W", 1 ], [ "W", 1 ], [ "W", 1 ], [ "W", 1 ], [ "W", 2 ] ]
    } ]
  },
  "TenantControllerProfile.display" : {
    "t" : [ {
      "id" : 0,
      "a" : [ [ "R", 18 ], [ "R", 8 ], [ "R", 7 ], [ "R", 1 ], [ "R", 17 ] ]
    } ]
  },
  "AdministratorFeeController.edit" : {
    "t" : [ {
      "id" : 0,
      "a" : [ [ "R", 11 ], [ "R", 10 ], [ "R", 11 ] ]
    } ]
  },
  "AdministratorVatController.edit" : {
    "t" : [ {
      "id" : 0,
      "a" : [ [ "R", 21 ], [ "R", 10 ], [ "R", 21 ] ]
    } ]
  },
  "LessorValueController.create" : {
    "t" : [ {
      "id" : 0,
      "a" : [ [ "R", 4 ], [ "R", 4 ] ]
    } ]
  },
  "AuditorAuditsController.list" : {
    "t" : [ {
      "id" : 0,
      "a" : [ [ "R", 10 ], [ "R", 10 ], [ "R", 6 ], [ "R", 6 ], [ "R", 6 ], [ "R", 19 ], [ "R", 5 ], [ "R", 5 ], [ "R", 5 ], [ "R", 6 ] ]
    } ]
  },
  "AuditorAuditsController.edit" : {
    "t" : [ {
      "id" : 0,
      "a" : [ [ "R", 5 ], [ "R", 10 ], [ "R", 5 ], [ "R", 5 ], [ "R", 15 ], [ "R", 10 ], [ "R", 5 ], [ "R", 5 ] ]
    } ]
  },
  "SocialIdentityController.edit" : {
    "t" : [ {
      "id" : 0,
      "a" : [ [ "R", 17 ] ]
    } ]
  },
  "TenantFinderController.display" : {
    "t" : [ {
      "id" : 0,
      "a" : [ [ "R", 10 ], [ "R", 18 ], [ "R", 18 ], [ "R", 12 ], [ "R", 18 ], [ "R", 19 ], [ "R", 12 ], [ "W", 12 ], [ "W", 15 ], [ "R", 12 ], [ "R", 15 ] ]
    } ]
  },
  "TenantRequestController.save" : {
    "t" : [ {
      "id" : 0,
      "a" : [ [ "R", 10 ], [ "R", 10 ], [ "R", 18 ], [ "R", 18 ], [ "R", 18 ], [ "R", 19 ], [ "W", 16 ], [ "W", 18 ], [ "W", 16 ], [ "R", 15 ], [ "W", 16 ], [ "W", 15 ], [ "W", 16 ], [ "W", 16 ], [ "W", 16 ], [ "W", 16 ], [ "R", 16 ], [ "R", 15 ], [ "R", 15 ], [ "R", 16 ], [ "R", 16 ], [ "R", 16 ], [ "R", 16 ], [ "R", 16 ], [ "R", 16 ], [ "R", 16 ], [ "R", 16 ], [ "R", 16 ], [ "R", 16 ], [ "R", 16 ], [ "W", 16 ], [ "R", 10 ], [ "R", 10 ], [ "R", 18 ], [ "R", 18 ], [ "R", 18 ], [ "R", 19 ], [ "R", 16 ], [ "R", 16 ], [ "R", 16 ], [ "R", 18 ], [ "R", 16 ], [ "R", 16 ], [ "R", 16 ], [ "R", 16 ], [ "R", 16 ], [ "R", 16 ], [ "R", 10 ], [ "W", 10 ], [ "R", 16 ], [ "W", 16 ], [ "R", 16 ], [ "W", 16 ], [ "R", 16 ], [ "R", 15 ], [ "W", 16 ], [ "W", 15 ], [ "R", 16 ], [ "R", 18 ], [ "W", 16 ], [ "W", 18 ], [ "R", 16 ], [ "W", 16 ], [ "R", 16 ], [ "W", 16 ], [ "W", 16 ], [ "R", 1 ], [ "R", 19 ], [ "R", 19 ] ]
    } ]
  },
  "TenantFinderController.edit" : {
    "t" : [ {
      "id" : 0,
      "a" : [ [ "R", 12 ], [ "R", 12 ], [ "R", 12 ], [ "R", 12 ], [ "R", 12 ] ]
    } ]
  },
  "AuditorAttachmentController.save" : {
    "t" : [ {
      "id" : 0,
      "a" : [ [ "R", 5 ], [ "R", 10 ], [ "R", 19 ], [ "W", 3 ], [ "W", 5 ], [ "W", 10 ], [ "W", 3 ], [ "R", 10 ], [ "R", 19 ], [ "W", 3 ], [ "R", 3 ], [ "R", 5 ], [ "R", 3 ], [ "R", 5 ], [ "R", 5 ], [ "R", 3 ] ]
    } ]
  },
  "TenantRequestController.browse" : {
    "t" : [ {
      "id" : 0,
      "a" : [ [ "R", 10 ], [ "R", 10 ], [ "R", 18 ], [ "R", 18 ], [ "R", 18 ], [ "R", 19 ], [ "R", 16 ], [ "R", 16 ], [ "R", 16 ], [ "R", 18 ], [ "R", 16 ], [ "R", 16 ], [ "R", 16 ], [ "R", 16 ], [ "R", 16 ], [ "R", 16 ], [ "R", 10 ], [ "W", 10 ], [ "R", 16 ], [ "W", 16 ], [ "R", 16 ], [ "W", 16 ], [ "R", 16 ], [ "R", 15 ], [ "W", 16 ], [ "W", 15 ], [ "R", 16 ], [ "R", 18 ], [ "W", 16 ], [ "W", 18 ], [ "R", 16 ], [ "W", 16 ], [ "R", 16 ], [ "W", 16 ], [ "W", 16 ], [ "R", 1 ], [ "R", 19 ], [ "R", 19 ] ]
    } ]
  },
  "LessorControllerProfile.save" : {
    "t" : [ {
      "id" : 0,
      "a" : [ [ "R", 14 ], [ "W", 1 ], [ "W", 1 ], [ "W", 1 ], [ "W", 1 ], [ "W", 1 ], [ "W", 14 ], [ "W", 14 ] ]
    } ]
  },
  "AuditController.browse" : {
    "t" : [ {
      "id" : 0,
      "a" : [ [ "R", 15 ], [ "R", 15 ], [ "R", 5 ], [ "R", 5 ] ]
    } ]
  },
  "LessorControllerProfile.displayByReq" : {
    "t" : [ {
      "id" : 0,
      "a" : [ [ "R", 16 ], [ "R", 16 ], [ "R", 15 ], [ "R", 15 ], [ "R", 14 ], [ "R", 10 ], [ "W", 10 ], [ "R", 1 ], [ "R", 19 ], [ "W", 1 ], [ "W", 19 ], [ "R", 8 ], [ "R", 7 ], [ "W", 8 ], [ "W", 7 ], [ "R", 1 ], [ "W", 1 ], [ "R", 14 ], [ "W", 14 ], [ "R", 1 ], [ "W", 1 ], [ "R", 1 ], [ "W", 1 ], [ "R", 1 ], [ "W", 1 ], [ "R", 1 ], [ "W", 1 ], [ "R", 1 ], [ "R", 17 ], [ "W", 1 ], [ "W", 17 ], [ "R", 14 ], [ "R", 14 ], [ "R", 14 ], [ "R", 14 ], [ "R", 14 ], [ "R", 14 ], [ "W", 14 ], [ "R", 8 ], [ "R", 7 ], [ "R", 1 ], [ "R", 17 ] ]
    } ]
  },
  "LessorControllerProfile.edit" : {
    "t" : [ {
      "id" : 0,
      "a" : [ [ "R", 10 ], [ "R", 10 ], [ "R", 14 ], [ "R", 14 ], [ "R", 14 ], [ "R", 19 ], [ "R", 10 ], [ "R", 1 ], [ "R", 19 ], [ "R", 19 ], [ "R", 1 ], [ "R", 19 ], [ "R", 19 ], [ "R", 1 ], [ "R", 19 ], [ "R", 19 ], [ "R", 1 ], [ "R", 1 ], [ "R", 1 ], [ "R", 1 ], [ "R", 14 ], [ "R", 1 ] ]
    } ]
  },
  "LessorPropertyController.edit" : {
    "t" : [ {
      "id" : 0,
      "a" : [ [ "R", 15 ] ]
    } ]
  },
  "AdministratorController.dashboard" : {
    "t" : [ {
      "id" : 0,
      "a" : [ [ "R", 16 ], [ "R", 16 ], [ "R", 16 ], [ "R", 16 ], [ "R", 16 ], [ "R", 16 ], [ "R", 16 ], [ "R", 16 ], [ "R", 16 ], [ "R", 16 ], [ "R", 18 ], [ "R", 16 ], [ "R", 16 ], [ "R", 16 ], [ "R", 18 ], [ "R", 18 ], [ "R", 16 ], [ "R", 16 ], [ "R", 16 ], [ "R", 18 ], [ "R", 16 ], [ "R", 16 ], [ "R", 15 ], [ "R", 14 ], [ "R", 16 ], [ "R", 16 ], [ "R", 15 ], [ "R", 14 ], [ "R", 16 ], [ "R", 16 ], [ "R", 16 ], [ "R", 16 ], [ "R", 16 ], [ "R", 15 ], [ "R", 14 ], [ "R", 16 ], [ "R", 16 ], [ "R", 15 ], [ "R", 14 ], [ "R", 16 ], [ "R", 16 ], [ "R", 15 ], [ "R", 14 ], [ "R", 16 ], [ "R", 16 ], [ "R", 16 ], [ "R", 16 ], [ "R", 16 ], [ "R", 15 ], [ "R", 14 ], [ "R", 16 ], [ "R", 16 ], [ "R", 15 ], [ "R", 14 ], [ "R", 16 ], [ "R", 16 ], [ "R", 15 ], [ "R", 14 ], [ "R", 16 ], [ "R", 16 ], [ "R", 16 ], [ "R", 16 ], [ "R", 16 ], [ "R", 15 ], [ "R", 14 ], [ "R", 16 ], [ "R", 16 ], [ "R", 18 ], [ "R", 16 ], [ "R", 16 ], [ "R", 18 ], [ "R", 16 ], [ "R", 16 ], [ "R", 16 ], [ "R", 16 ], [ "R", 16 ], [ "R", 18 ], [ "R", 16 ], [ "R", 16 ], [ "R", 18 ], [ "R", 16 ], [ "R", 16 ], [ "R", 18 ], [ "R", 16 ], [ "R", 16 ], [ "R", 16 ], [ "R", 16 ], [ "R", 16 ], [ "R", 18 ], [ "R", 16 ], [ "R", 16 ], [ "R", 18 ], [ "R", 16 ], [ "R", 16 ], [ "R", 18 ], [ "R", 16 ], [ "R", 16 ], [ "R", 16 ], [ "R", 16 ], [ "R", 16 ], [ "R", 18 ], [ "R", 16 ], [ "R", 16 ], [ "R", 15 ], [ "R", 14 ], [ "R", 16 ], [ "R", 16 ], [ "R", 16 ], [ "R", 16 ], [ "R", 15 ], [ "R", 14 ], [ "R", 16 ], [ "R", 15 ], [ "R", 14 ], [ "R", 16 ], [ "R", 16 ], [ "R", 15 ], [ "R", 14 ], [ "R", 16 ], [ "R", 16 ], [ "R", 15 ], [ "R", 14 ], [ "R", 16 ], [ "R", 16 ], [ "R", 16 ], [ "R", 16 ], [ "R", 15 ], [ "R", 14 ], [ "R", 16 ], [ "R", 15 ], [ "R", 14 ], [ "R", 16 ], [ "R", 16 ], [ "R", 15 ], [ "R", 14 ], [ "R", 16 ], [ "R", 16 ], [ "R", 18 ], [ "R", 16 ], [ "R", 16 ], [ "R", 16 ], [ "R", 16 ], [ "R", 18 ], [ "R", 16 ], [ "R", 18 ], [ "R", 16 ], [ "R", 16 ], [ "R", 18 ], [ "R", 16 ], [ "R", 16 ], [ "R", 18 ], [ "R", 16 ], [ "R", 16 ], [ "R", 16 ], [ "R", 16 ], [ "R", 18 ], [ "R", 16 ], [ "R", 18 ], [ "R", 16 ], [ "R", 16 ], [ "R", 18 ], [ "R", 12 ], [ "R", 12 ], [ "R", 15 ], [ "R", 12 ], [ "R", 12 ], [ "R", 15 ], [ "R", 12 ], [ "R", 12 ], [ "R", 15 ], [ "R", 15 ], [ "R", 15 ], [ "R", 5 ], [ "R", 15 ], [ "R", 15 ], [ "R", 5 ], [ "R", 15 ], [ "R", 15 ], [ "R", 5 ], [ "R", 4 ], [ "R", 4 ], [ "R", 4 ], [ "R", 20 ], [ "R", 1 ], [ "R", 1 ], [ "R", 17 ], [ "R", 1 ], [ "R", 1 ], [ "R", 17 ], [ "R", 1 ], [ "R", 1 ], [ "R", 17 ], [ "R", 16 ], [ "R", 16 ], [ "R", 16 ], [ "R", 16 ], [ "R", 18 ], [ "R", 16 ], [ "R", 16 ], [ "R", 16 ], [ "R", 16 ], [ "R", 16 ], [ "R", 18 ], [ "R", 18 ], [ "R", 16 ], [ "R", 16 ], [ "R", 16 ], [ "R", 18 ], [ "R", 16 ], [ "R", 16 ], [ "R", 16 ], [ "R", 16 ], [ "R", 18 ], [ "R", 16 ], [ "R", 16 ], [ "R", 16 ], [ "R", 16 ], [ "R", 16 ], [ "R", 18 ], [ "R", 13 ], [ "R", 13 ], [ "R", 15 ], [ "R", 15 ], [ "R", 15 ], [ "R", 16 ], [ "R", 15 ], [ "R", 5 ], [ "R", 15 ], [ "R", 15 ], [ "R", 5 ], [ "R", 15 ], [ "R", 15 ], [ "R", 15 ], [ "R", 16 ], [ "R", 15 ], [ "R", 5 ], [ "R", 15 ], [ "R", 15 ], [ "R", 5 ] ]
    } ]
  },
  "CommentController.save" : {
    "t" : [ {
      "id" : 0,
      "a" : [ [ "W", 7 ], [ "R", 10 ], [ "R", 19 ], [ "R", 9 ], [ "R", 9 ], [ "R", 9 ], [ "R", 19 ], [ "R", 10 ], [ "R", 19 ], [ "R", 9 ], [ "R", 9 ], [ "R", 9 ], [ "R", 19 ], [ "W", 7 ], [ "W", 9 ], [ "R", 8 ], [ "R", 8 ], [ "R", 8 ], [ "R", 8 ], [ "R", 8 ], [ "W", 7 ], [ "W", 8 ], [ "W", 7 ], [ "W", 7 ], [ "W", 7 ], [ "W", 7 ], [ "R", 7 ], [ "R", 8 ], [ "R", 10 ], [ "R", 14 ] ]
    } ]
  },
  "AuditorAuditsController.delete" : {
    "t" : [ {
      "id" : 0,
      "a" : [ [ "R", 10 ], [ "R", 19 ], [ "R", 10 ], [ "R", 10 ], [ "R", 6 ], [ "R", 6 ], [ "R", 6 ], [ "R", 19 ], [ "W", 5 ], [ "W", 6 ], [ "R", 15 ], [ "W", 5 ], [ "W", 15 ], [ "R", 5 ], [ "W", 5 ], [ "W", 5 ], [ "W", 5 ], [ "R", 10 ], [ "R", 19 ], [ "R", 10 ], [ "W", 5 ], [ "R", 10 ], [ "R", 10 ], [ "R", 6 ], [ "R", 6 ], [ "R", 6 ], [ "R", 19 ], [ "R", 5 ], [ "R", 5 ], [ "R", 5 ], [ "R", 6 ] ]
    } ]
  },
  "PropertyController.browse" : {
    "t" : [ {
      "id" : 0,
      "a" : [ [ "R", 15 ] ]
    } ]
  },
  "AdministratorController.dashboardLessor" : {
    "t" : [ {
      "id" : 0,
      "a" : [ [ "R", 14 ], [ "R", 1 ], [ "R", 19 ], [ "R", 19 ], [ "R", 15 ], [ "R", 15 ], [ "R", 15 ], [ "R", 14 ], [ "R", 15 ], [ "R", 5 ], [ "R", 15 ], [ "R", 15 ], [ "R", 15 ], [ "R", 14 ], [ "R", 15 ], [ "R", 16 ], [ "R", 15 ], [ "R", 15 ], [ "R", 16 ], [ "R", 15 ], [ "R", 15 ], [ "R", 16 ], [ "R", 15 ], [ "R", 14 ], [ "R", 15 ], [ "R", 16 ], [ "R", 15 ], [ "R", 15 ], [ "R", 16 ], [ "R", 15 ], [ "R", 15 ], [ "R", 16 ], [ "R", 15 ], [ "R", 14 ], [ "R", 15 ], [ "R", 16 ], [ "R", 15 ], [ "R", 15 ], [ "R", 16 ], [ "R", 15 ], [ "R", 15 ], [ "R", 16 ], [ "R", 15 ], [ "R", 14 ], [ "R", 15 ], [ "R", 16 ] ]
    } ]
  },
  "PropertyController.browseByReq" : {
    "t" : [ {
      "id" : 0,
      "a" : [ [ "R", 15 ], [ "R", 15 ], [ "R", 15 ], [ "R", 16 ] ]
    } ]
  },
  "LessorPropertyController.list" : {
    "t" : [ {
      "id" : 0,
      "a" : [ [ "R", 10 ], [ "R", 15 ], [ "R", 15 ], [ "R", 15 ], [ "R", 14 ], [ "R", 19 ] ]
    } ]
  },
  "AuditorRegisterController.save" : {
    "t" : [ {
      "id" : 0,
      "a" : [ [ "R", 10 ], [ "R", 19 ], [ "W", 1 ], [ "W", 19 ], [ "W", 1 ], [ "W", 17 ], [ "W", 6 ], [ "W", 5 ], [ "W", 19 ], [ "W", 19 ], [ "W", 19 ], [ "R", 19 ], [ "R", 19 ], [ "W", 1 ], [ "W", 19 ], [ "W", 1 ], [ "W", 1 ], [ "W", 1 ], [ "W", 1 ], [ "W", 1 ], [ "W", 6 ], [ "R", 1 ], [ "R", 19 ], [ "R", 19 ], [ "R", 1 ], [ "R", 19 ], [ "W", 19 ], [ "W", 6 ] ]
    } ]
  },
  "AdministratorAttributeController.delete" : {
    "t" : [ {
      "id" : 0,
      "a" : [ [ "R", 10 ], [ "R", 10 ], [ "R", 4 ], [ "R", 4 ], [ "W", 4 ], [ "R", 10 ], [ "R", 19 ], [ "R", 10 ], [ "W", 4 ], [ "R", 4 ] ]
    } ]
  },
  "AdministratorAttributeController.save" : {
    "t" : [ {
      "id" : 0,
      "a" : [ [ "R", 10 ], [ "R", 10 ], [ "R", 4 ], [ "R", 4 ], [ "W", 4 ], [ "W", 4 ], [ "R", 4 ] ]
    } ]
  },
  "AuditorAttachmentController.delete" : {
    "t" : [ {
      "id" : 0,
      "a" : [ [ "R", 3 ], [ "R", 10 ], [ "R", 19 ], [ "R", 10 ], [ "W", 3 ], [ "R", 3 ], [ "R", 5 ], [ "R", 3 ], [ "R", 5 ], [ "R", 5 ], [ "R", 3 ] ]
    } ]
  },
  "AdministratorAttributeController.edit" : {
    "t" : [ {
      "id" : 0,
      "a" : [ [ "R", 4 ] ]
    } ]
  },
  "PropertyController.display" : {
    "t" : [ {
      "id" : 0,
      "a" : [ [ "R", 15 ] ]
    } ]
  },
  "LessorPropertyController.delete" : {
    "t" : [ {
      "id" : 0,
      "a" : [ [ "R", 10 ], [ "R", 10 ], [ "R", 10 ], [ "R", 14 ], [ "R", 14 ], [ "R", 14 ], [ "R", 19 ], [ "W", 15 ], [ "W", 14 ], [ "R", 10 ], [ "R", 15 ], [ "R", 15 ], [ "W", 15 ], [ "R", 15 ], [ "W", 15 ], [ "R", 15 ], [ "R", 15 ], [ "W", 15 ], [ "R", 15 ], [ "W", 15 ], [ "R", 15 ], [ "W", 15 ], [ "R", 10 ], [ "R", 19 ], [ "R", 10 ], [ "W", 15 ], [ "R", 10 ], [ "R", 15 ], [ "R", 15 ], [ "R", 15 ], [ "R", 14 ], [ "R", 19 ] ]
    } ]
  },
  "TenantController.save" : {
    "t" : [ {
      "id" : 0,
      "a" : [ [ "W", 19 ], [ "R", 19 ], [ "R", 19 ], [ "W", 1 ], [ "W", 19 ], [ "W", 12 ], [ "W", 15 ], [ "W", 12 ], [ "W", 12 ], [ "W", 12 ], [ "W", 12 ], [ "W", 12 ], [ "W", 18 ], [ "W", 12 ], [ "W", 8 ], [ "W", 1 ], [ "W", 17 ], [ "W", 18 ], [ "W", 16 ], [ "W", 9 ], [ "W", 7 ], [ "W", 8 ], [ "W", 7 ], [ "W", 8 ], [ "W", 19 ], [ "W", 19 ], [ "W", 19 ], [ "R", 19 ], [ "R", 19 ], [ "W", 1 ], [ "W", 19 ], [ "W", 1 ], [ "W", 1 ], [ "W", 1 ], [ "W", 1 ], [ "W", 1 ], [ "R", 1 ], [ "R", 19 ], [ "R", 19 ], [ "R", 1 ], [ "R", 19 ], [ "W", 19 ], [ "W", 18 ] ]
    } ]
  },
  "LessorPropertyController.save" : {
    "t" : [ {
      "id" : 0,
      "a" : [ [ "R", 10 ], [ "R", 10 ], [ "R", 10 ], [ "R", 14 ], [ "R", 14 ], [ "R", 14 ], [ "R", 19 ], [ "W", 15 ], [ "W", 14 ], [ "R", 10 ], [ "R", 15 ], [ "R", 15 ], [ "W", 15 ], [ "R", 15 ], [ "W", 15 ], [ "R", 15 ], [ "R", 15 ], [ "W", 15 ], [ "R", 15 ], [ "W", 15 ], [ "R", 15 ], [ "W", 15 ], [ "W", 15 ], [ "R", 10 ], [ "R", 15 ], [ "R", 15 ], [ "R", 15 ], [ "R", 14 ], [ "R", 19 ] ]
    } ]
  },
  "LessorControllerProfile.displayById" : {
    "t" : [ {
      "id" : 0,
      "a" : [ [ "R", 14 ], [ "R", 10 ], [ "W", 10 ], [ "R", 1 ], [ "R", 19 ], [ "W", 1 ], [ "W", 19 ], [ "R", 8 ], [ "R", 7 ], [ "W", 8 ], [ "W", 7 ], [ "R", 1 ], [ "W", 1 ], [ "R", 14 ], [ "W", 14 ], [ "R", 1 ], [ "W", 1 ], [ "R", 1 ], [ "W", 1 ], [ "R", 1 ], [ "W", 1 ], [ "R", 1 ], [ "W", 1 ], [ "R", 1 ], [ "R", 17 ], [ "W", 1 ], [ "W", 17 ], [ "R", 14 ], [ "R", 14 ], [ "R", 14 ], [ "R", 14 ], [ "R", 14 ], [ "R", 14 ], [ "W", 14 ], [ "R", 8 ], [ "R", 7 ], [ "R", 1 ], [ "R", 17 ] ]
    } ]
  },
  "AuditorAuditsController.accept" : {
    "t" : [ {
      "id" : 0,
      "a" : [ [ "R", 5 ], [ "W", 5 ], [ "R", 10 ], [ "R", 19 ], [ "W", 5 ], [ "R", 10 ], [ "R", 10 ], [ "R", 6 ], [ "R", 6 ], [ "R", 6 ], [ "R", 19 ], [ "R", 5 ], [ "R", 5 ], [ "R", 5 ], [ "R", 6 ] ]
    } ]
  },
  "AdministratorAttributeController.list" : {
    "t" : [ {
      "id" : 0,
      "a" : [ [ "R", 4 ] ]
    } ]
  },
  "TenantControllerProfile.edit" : {
    "t" : [ {
      "id" : 0,
      "a" : [ [ "R", 10 ], [ "R", 10 ], [ "R", 18 ], [ "R", 18 ], [ "R", 18 ], [ "R", 19 ], [ "R", 10 ], [ "R", 1 ], [ "R", 19 ], [ "R", 19 ], [ "R", 1 ], [ "R", 19 ], [ "R", 19 ], [ "R", 1 ], [ "R", 19 ], [ "R", 19 ], [ "R", 1 ], [ "R", 1 ], [ "R", 1 ], [ "R", 1 ], [ "R", 1 ] ]
    } ]
  },
  "RequestController.deny" : {
    "t" : [ {
      "id" : 0,
      "a" : [ [ "R", 16 ], [ "W", 16 ], [ "R", 16 ], [ "W", 16 ], [ "R", 16 ], [ "R", 15 ], [ "R", 15 ], [ "R", 14 ], [ "R", 15 ], [ "R", 15 ], [ "R", 16 ], [ "R", 15 ], [ "R", 16 ], [ "R", 15 ], [ "R", 14 ], [ "R", 16 ], [ "R", 16 ], [ "R", 16 ], [ "R", 16 ], [ "R", 16 ], [ "R", 16 ], [ "R", 10 ], [ "W", 10 ], [ "R", 16 ], [ "W", 16 ], [ "R", 16 ], [ "W", 16 ], [ "R", 16 ], [ "R", 15 ], [ "W", 16 ], [ "W", 15 ], [ "R", 16 ], [ "R", 18 ], [ "W", 16 ], [ "W", 18 ], [ "R", 16 ], [ "W", 16 ], [ "R", 16 ], [ "W", 16 ], [ "W", 16 ] ]
    } ]
  },
  "LessorValueController.delete" : {
    "t" : [ {
      "id" : 0,
      "a" : [ [ "R", 20 ], [ "R", 20 ], [ "R", 15 ], [ "R", 10 ], [ "R", 10 ], [ "W", 20 ] ]
    } ]
  },
  "TenantControllerProfile.save" : {
    "t" : [ {
      "id" : 0,
      "a" : [ [ "R", 18 ], [ "W", 1 ], [ "W", 1 ], [ "W", 1 ], [ "W", 1 ], [ "W", 1 ], [ "W", 18 ] ]
    } ]
  },
  "TenantFinderController.save" : {
    "t" : [ {
      "id" : 0,
      "a" : [ [ "R", 10 ], [ "R", 10 ], [ "R", 18 ], [ "R", 18 ], [ "R", 18 ], [ "R", 19 ], [ "R", 18 ], [ "R", 12 ], [ "W", 12 ], [ "W", 12 ], [ "W", 12 ], [ "W", 12 ], [ "W", 12 ], [ "R", 10 ], [ "R", 18 ], [ "R", 18 ], [ "R", 12 ], [ "R", 18 ], [ "R", 19 ], [ "R", 12 ], [ "R", 12 ], [ "R", 12 ], [ "R", 12 ], [ "R", 12 ], [ "R", 12 ], [ "R", 12 ], [ "R", 12 ], [ "R", 12 ], [ "R", 12 ], [ "R", 20 ], [ "R", 20 ], [ "R", 15 ], [ "R", 20 ], [ "R", 12 ], [ "R", 12 ], [ "R", 15 ], [ "R", 15 ], [ "R", 20 ], [ "R", 15 ], [ "R", 15 ], [ "R", 20 ], [ "R", 15 ], [ "R", 15 ], [ "R", 15 ], [ "R", 12 ], [ "R", 12 ], [ "R", 12 ], [ "R", 15 ], [ "R", 12 ], [ "R", 12 ], [ "R", 15 ], [ "R", 12 ], [ "R", 15 ], [ "R", 12 ], [ "R", 15 ], [ "R", 12 ], [ "W", 12 ], [ "W", 15 ], [ "R", 10 ], [ "R", 19 ], [ "W", 12 ], [ "R", 10 ], [ "R", 18 ], [ "R", 18 ], [ "R", 12 ], [ "R", 18 ], [ "R", 19 ], [ "R", 12 ], [ "W", 12 ], [ "W", 15 ], [ "R", 12 ], [ "R", 15 ], [ "R", 12 ], [ "R", 15 ] ]
    } ]
  },
  "SocialIdentityController.save" : {
    "t" : [ {
      "id" : 0,
      "a" : [ [ "R", 10 ], [ "R", 10 ], [ "R", 10 ], [ "R", 1 ], [ "R", 1 ], [ "R", 1 ], [ "R", 19 ], [ "W", 17 ], [ "W", 1 ], [ "R", 10 ], [ "R", 17 ], [ "R", 17 ], [ "W", 17 ], [ "R", 17 ], [ "W", 17 ], [ "R", 17 ], [ "W", 17 ], [ "W", 17 ], [ "R", 10 ], [ "R", 10 ], [ "R", 1 ], [ "R", 1 ], [ "R", 1 ], [ "R", 19 ], [ "R", 17 ], [ "R", 17 ], [ "R", 17 ], [ "R", 1 ] ]
    } ]
  },
  "AdministratorController.listLessor" : {
    "t" : [ {
      "id" : 0,
      "a" : [ [ "R", 14 ] ]
    } ]
  },
  "RequestController.display" : {
    "t" : [ {
      "id" : 0,
      "a" : [ [ "R", 10 ], [ "R", 10 ], [ "R", 14 ], [ "R", 14 ], [ "R", 14 ], [ "R", 19 ], [ "R", 15 ], [ "R", 15 ], [ "R", 16 ], [ "R", 15 ], [ "R", 16 ], [ "R", 15 ], [ "R", 14 ], [ "R", 16 ], [ "R", 16 ], [ "R", 16 ], [ "R", 16 ], [ "R", 16 ], [ "R", 16 ], [ "R", 10 ], [ "W", 10 ], [ "R", 16 ], [ "W", 16 ], [ "R", 16 ], [ "W", 16 ], [ "R", 16 ], [ "R", 15 ], [ "W", 16 ], [ "W", 15 ], [ "R", 16 ], [ "R", 18 ], [ "W", 16 ], [ "W", 18 ], [ "R", 16 ], [ "W", 16 ], [ "R", 16 ], [ "W", 16 ], [ "W", 16 ] ]
    } ]
  },
  "AuditorAuditsController.save" : {
    "t" : [ {
      "id" : 0,
      "a" : [ [ "R", 10 ], [ "R", 19 ], [ "R", 10 ], [ "R", 10 ], [ "R", 6 ], [ "R", 6 ], [ "R", 6 ], [ "R", 19 ], [ "W", 5 ], [ "W", 6 ], [ "R", 15 ], [ "W", 5 ], [ "W", 15 ], [ "R", 5 ], [ "W", 5 ], [ "W", 5 ], [ "W", 5 ], [ "R", 10 ], [ "R", 19 ], [ "W", 5 ], [ "R", 10 ], [ "R", 10 ], [ "R", 6 ], [ "R", 6 ], [ "R", 6 ], [ "R", 19 ], [ "R", 5 ], [ "R", 5 ], [ "R", 5 ], [ "R", 6 ] ]
    } ]
  },
  "AdministratorProfileController.edit" : {
    "t" : [ {
      "id" : 0,
      "a" : [ [ "R", 10 ], [ "R", 10 ], [ "R", 2 ], [ "R", 2 ], [ "R", 2 ], [ "R", 19 ], [ "R", 10 ], [ "R", 1 ], [ "R", 19 ], [ "R", 19 ], [ "R", 1 ], [ "R", 19 ], [ "R", 19 ], [ "R", 1 ], [ "R", 19 ], [ "R", 19 ], [ "R", 1 ], [ "R", 1 ], [ "R", 1 ], [ "R", 1 ], [ "R", 1 ] ]
    } ]
  },
  "PropertyController.displayByRequest" : {
    "t" : [ {
      "id" : 0,
      "a" : [ [ "R", 16 ], [ "R", 16 ], [ "R", 15 ] ]
    } ]
  },
  "LessorController.save" : {
    "t" : [ {
      "id" : 0,
      "a" : [ [ "W", 19 ], [ "R", 19 ], [ "R", 19 ], [ "W", 1 ], [ "W", 19 ], [ "W", 8 ], [ "W", 7 ], [ "W", 9 ], [ "W", 7 ], [ "W", 8 ], [ "W", 1 ], [ "W", 17 ], [ "W", 14 ], [ "W", 15 ], [ "W", 19 ], [ "W", 19 ], [ "W", 19 ], [ "R", 19 ], [ "R", 19 ], [ "W", 1 ], [ "W", 19 ], [ "W", 1 ], [ "W", 1 ], [ "W", 1 ], [ "W", 1 ], [ "W", 1 ], [ "W", 14 ], [ "W", 14 ], [ "R", 1 ], [ "R", 19 ], [ "R", 19 ], [ "R", 1 ], [ "R", 19 ], [ "W", 19 ], [ "W", 14 ] ]
    } ]
  },
  "LessorControllerProfile.display" : {
    "t" : [ {
      "id" : 0,
      "a" : [ [ "R", 15 ], [ "R", 15 ], [ "R", 14 ], [ "R", 10 ], [ "W", 10 ], [ "R", 1 ], [ "R", 19 ], [ "W", 1 ], [ "W", 19 ], [ "R", 8 ], [ "R", 7 ], [ "W", 8 ], [ "W", 7 ], [ "R", 1 ], [ "W", 1 ], [ "R", 14 ], [ "W", 14 ], [ "R", 1 ], [ "W", 1 ], [ "R", 1 ], [ "W", 1 ], [ "R", 1 ], [ "W", 1 ], [ "R", 1 ], [ "W", 1 ], [ "R", 1 ], [ "R", 17 ], [ "W", 1 ], [ "W", 17 ], [ "R", 14 ], [ "R", 14 ], [ "R", 14 ], [ "R", 14 ], [ "R", 14 ], [ "R", 14 ], [ "W", 14 ], [ "R", 8 ], [ "R", 7 ], [ "R", 1 ], [ "R", 17 ] ]
    } ]
  },
  "SocialIdentityController.delete" : {
    "t" : [ {
      "id" : 0,
      "a" : [ [ "R", 10 ], [ "R", 10 ], [ "R", 10 ], [ "R", 1 ], [ "R", 1 ], [ "R", 1 ], [ "R", 19 ], [ "W", 17 ], [ "W", 1 ], [ "R", 10 ], [ "R", 17 ], [ "R", 17 ], [ "W", 17 ], [ "R", 17 ], [ "W", 17 ], [ "R", 17 ], [ "W", 17 ], [ "R", 10 ], [ "W", 17 ], [ "R", 10 ], [ "R", 10 ], [ "R", 1 ], [ "R", 1 ], [ "R", 1 ], [ "R", 19 ], [ "R", 17 ], [ "R", 17 ], [ "R", 17 ], [ "R", 1 ] ]
    } ]
  },
  "AdministratorProfileController.display" : {
    "t" : [ {
      "id" : 0,
      "a" : [ [ "R", 10 ], [ "R", 10 ], [ "R", 2 ], [ "R", 2 ], [ "R", 2 ], [ "R", 19 ], [ "R", 1 ], [ "R", 17 ] ]
    } ]
  },
  "AuditorProfileController.display" : {
    "t" : [ {
      "id" : 0,
      "a" : [ [ "R", 10 ], [ "R", 10 ], [ "R", 6 ], [ "R", 6 ], [ "R", 6 ], [ "R", 19 ], [ "R", 1 ], [ "R", 17 ] ]
    } ]
  },
  "AuditorAuditsController.create" : {
    "t" : [ {
      "id" : 0,
      "a" : [ [ "R", 15 ], [ "R", 10 ], [ "R", 10 ], [ "R", 6 ], [ "R", 6 ], [ "R", 6 ], [ "R", 19 ], [ "R", 6 ], [ "R", 5 ], [ "R", 6 ], [ "R", 5 ], [ "R", 5 ], [ "R", 15 ], [ "R", 10 ], [ "R", 10 ], [ "R", 10 ], [ "R", 10 ], [ "R", 10 ], [ "R", 6 ], [ "R", 6 ], [ "R", 6 ], [ "R", 19 ], [ "R", 5 ], [ "R", 5 ], [ "R", 5 ], [ "R", 6 ] ]
    } ]
  },
  "AuditorProfileController.save" : {
    "t" : [ {
      "id" : 0,
      "a" : [ [ "R", 6 ], [ "W", 1 ], [ "W", 1 ], [ "W", 1 ], [ "W", 1 ], [ "W", 1 ], [ "W", 6 ], [ "W", 6 ] ]
    } ]
  },
  "RequestController.accept" : {
    "t" : [ {
      "id" : 0,
      "a" : [ [ "R", 16 ], [ "W", 16 ], [ "R", 16 ], [ "R", 16 ], [ "R", 15 ], [ "R", 15 ], [ "R", 16 ], [ "R", 18 ], [ "R", 1 ], [ "R", 16 ], [ "R", 18 ], [ "R", 1 ], [ "R", 16 ], [ "R", 18 ], [ "R", 1 ], [ "R", 16 ], [ "R", 18 ], [ "R", 1 ], [ "R", 16 ], [ "R", 18 ], [ "R", 1 ], [ "R", 16 ], [ "R", 18 ], [ "R", 1 ], [ "R", 16 ], [ "R", 16 ], [ "R", 16 ], [ "R", 15 ], [ "R", 15 ], [ "R", 21 ], [ "R", 21 ], [ "W", 13 ], [ "W", 13 ], [ "W", 13 ], [ "W", 13 ], [ "W", 13 ], [ "W", 13 ], [ "W", 16 ], [ "W", 13 ], [ "R", 16 ], [ "W", 16 ], [ "R", 16 ], [ "R", 15 ], [ "R", 15 ], [ "R", 14 ], [ "R", 14 ], [ "R", 11 ], [ "R", 11 ], [ "W", 14 ], [ "W", 14 ], [ "R", 15 ], [ "R", 15 ], [ "R", 16 ], [ "R", 15 ], [ "R", 16 ], [ "R", 15 ], [ "R", 14 ], [ "R", 16 ], [ "R", 16 ], [ "R", 15 ], [ "R", 15 ], [ "R", 16 ], [ "R", 16 ], [ "R", 16 ], [ "R", 16 ], [ "R", 16 ], [ "R", 16 ], [ "R", 16 ], [ "R", 16 ], [ "R", 16 ], [ "R", 16 ], [ "W", 16 ], [ "R", 16 ], [ "W", 16 ], [ "R", 16 ], [ "R", 16 ], [ "R", 16 ], [ "R", 16 ], [ "R", 16 ], [ "R", 16 ], [ "R", 10 ], [ "W", 10 ], [ "R", 16 ], [ "W", 16 ], [ "R", 16 ], [ "W", 16 ], [ "R", 16 ], [ "R", 15 ], [ "W", 16 ], [ "W", 15 ], [ "R", 16 ], [ "R", 18 ], [ "W", 16 ], [ "W", 18 ], [ "R", 16 ], [ "W", 16 ], [ "R", 16 ], [ "W", 16 ], [ "W", 16 ] ]
    } ]
  },
  "TenantInvoiceController.display" : {
    "t" : [ {
      "id" : 0,
      "a" : [ [ "R", 16 ], [ "R", 16 ], [ "R", 13 ], [ "R", 16 ] ]
    } ]
  },
  "SocialIdentityController.list" : {
    "t" : [ {
      "id" : 0,
      "a" : [ [ "R", 10 ], [ "R", 10 ], [ "R", 1 ], [ "R", 1 ], [ "R", 1 ], [ "R", 19 ], [ "R", 17 ], [ "R", 17 ], [ "R", 17 ], [ "R", 1 ] ]
    } ]
  },
  "AuditorProfileController.edit" : {
    "t" : [ {
      "id" : 0,
      "a" : [ [ "R", 10 ], [ "R", 10 ], [ "R", 6 ], [ "R", 6 ], [ "R", 6 ], [ "R", 19 ], [ "R", 10 ], [ "R", 1 ], [ "R", 19 ], [ "R", 19 ], [ "R", 1 ], [ "R", 19 ], [ "R", 19 ], [ "R", 1 ], [ "R", 19 ], [ "R", 19 ], [ "R", 1 ], [ "R", 1 ], [ "R", 1 ], [ "R", 1 ], [ "R", 1 ], [ "R", 6 ] ]
    } ]
  },
  "AdministratorFeeController.save" : {
    "t" : [ {
      "id" : 0,
      "a" : [ [ "R", 11 ], [ "W", 11 ], [ "R", 10 ], [ "R", 19 ], [ "W", 11 ] ]
    } ]
  },
  "AdministratorVatController.save" : {
    "t" : [ {
      "id" : 0,
      "a" : [ [ "R", 21 ], [ "W", 21 ], [ "R", 10 ], [ "R", 19 ], [ "W", 21 ] ]
    } ]
  },
  "AdministratorController.save" : {
    "t" : [ {
      "id" : 0,
      "a" : [ [ "W", 19 ], [ "W", 19 ], [ "W", 1 ], [ "W", 19 ], [ "W", 1 ], [ "W", 17 ], [ "W", 19 ], [ "W", 19 ], [ "W", 19 ], [ "R", 19 ], [ "R", 19 ], [ "W", 1 ], [ "W", 19 ], [ "W", 1 ], [ "W", 1 ], [ "W", 1 ], [ "W", 1 ], [ "W", 1 ], [ "R", 1 ], [ "R", 19 ], [ "R", 19 ], [ "R", 1 ], [ "R", 19 ], [ "W", 19 ], [ "W", 2 ] ]
    } ]
  }
}