{
  "CommentController.list" : {
    "t" : [ {
      "id" : 0,
      "a" : [ [ "R", 5 ], [ "R", 5 ], [ "R", 5 ], [ "R", 6 ], [ "R", 5 ], [ "R", 6 ], [ "R", 6 ], [ "R", 6 ], [ "R", 2 ], [ "R", 20 ] ]
    } ]
  },
  "ServiceAdministratorController.create" : {
    "t" : [ {
      "id" : 0,
      "a" : [ [ "R", 9 ], [ "R", 9 ], [ "R", 2 ], [ "R", 2 ], [ "R", 2 ], [ "R", 21 ], [ "R", 2 ], [ "R", 21 ], [ "R", 21 ], [ "W", 17 ], [ "W", 13 ], [ "W", 17 ], [ "W", 6 ], [ "W", 5 ], [ "W", 17 ], [ "W", 1 ], [ "W", 17 ], [ "W", 20 ] ]
    } ]
  },
  "BulletinAdministratorController.create" : {
    "t" : [ {
      "id" : 0,
      "a" : [ [ "R", 9 ], [ "R", 9 ], [ "R", 2 ], [ "R", 2 ], [ "R", 2 ], [ "R", 21 ], [ "R", 2 ], [ "R", 21 ], [ "R", 21 ], [ "R", 13 ], [ "W", 4 ], [ "W", 13 ], [ "W", 4 ], [ "R", 13 ] ]
    } ]
  },
  "MessageActorController.removeFromFolder" : {
    "t" : [ {
      "id" : 0,
      "a" : [ [ "R", 15 ], [ "R", 9 ], [ "R", 9 ], [ "R", 2 ], [ "R", 2 ], [ "R", 2 ], [ "R", 21 ], [ "R", 2 ], [ "R", 21 ], [ "R", 9 ], [ "R", 15 ], [ "R", 2 ], [ "R", 2 ], [ "R", 21 ], [ "R", 9 ], [ "R", 15 ], [ "R", 2 ], [ "R", 2 ], [ "R", 21 ], [ "R", 9 ], [ "R", 12 ], [ "R", 12 ], [ "R", 2 ], [ "R", 2 ], [ "R", 21 ], [ "R", 9 ], [ "R", 9 ], [ "R", 9 ], [ "R", 2 ], [ "R", 2 ], [ "R", 2 ], [ "R", 21 ], [ "R", 2 ], [ "R", 21 ], [ "R", 9 ], [ "R", 9 ], [ "R", 9 ], [ "R", 12 ], [ "R", 2 ], [ "R", 9 ], [ "R", 9 ], [ "R", 2 ], [ "R", 2 ], [ "R", 2 ], [ "R", 21 ], [ "R", 9 ], [ "R", 9 ], [ "R", 9 ], [ "R", 12 ], [ "R", 2 ], [ "R", 2 ], [ "R", 21 ], [ "R", 9 ], [ "R", 9 ], [ "R", 9 ], [ "R", 2 ], [ "R", 2 ], [ "R", 2 ], [ "R", 21 ], [ "R", 2 ], [ "R", 21 ], [ "R", 9 ], [ "R", 12 ], [ "R", 12 ], [ "R", 12 ], [ "R", 15 ], [ "W", 12 ], [ "R", 9 ], [ "R", 9 ], [ "R", 2 ], [ "R", 2 ], [ "R", 2 ], [ "R", 21 ], [ "R", 2 ], [ "R", 12 ], [ "R", 12 ], [ "R", 15 ], [ "R", 12 ], [ "R", 15 ], [ "R", 9 ], [ "R", 12 ], [ "R", 12 ], [ "R", 12 ], [ "R", 12 ], [ "R", 12 ], [ "R", 2 ], [ "R", 12 ], [ "R", 15 ], [ "W", 12 ], [ "W", 12 ] ]
    } ]
  },
  "SpamTermAdministratorController.edit" : {
    "t" : [ {
      "id" : 0,
      "a" : [ [ "R", 9 ], [ "R", 9 ], [ "R", 2 ], [ "R", 2 ], [ "R", 2 ], [ "R", 21 ], [ "R", 2 ], [ "R", 21 ], [ "R", 21 ], [ "R", 19 ] ]
    } ]
  },
  "ServiceTrainerController.specialised" : {
    "t" : [ {
      "id" : 0,
      "a" : [ [ "R", 9 ], [ "R", 9 ], [ "R", 20 ], [ "R", 20 ], [ "R", 20 ], [ "R", 21 ], [ "R", 20 ], [ "R", 1 ], [ "R", 1 ], [ "R", 17 ], [ "R", 9 ], [ "R", 1 ], [ "R", 17 ], [ "R", 9 ], [ "R", 20 ], [ "R", 17 ], [ "R", 20 ], [ "R", 1 ], [ "R", 9 ], [ "R", 1 ], [ "R", 1 ], [ "R", 8 ], [ "R", 1 ], [ "R", 8 ], [ "R", 1 ], [ "R", 17 ], [ "R", 9 ] ]
    } ]
  },
  "MessageActorController.display" : {
    "t" : [ {
      "id" : 0,
      "a" : [ [ "R", 15 ], [ "R", 9 ], [ "R", 9 ], [ "R", 2 ], [ "R", 2 ], [ "R", 2 ], [ "R", 21 ], [ "R", 2 ], [ "R", 21 ], [ "R", 9 ], [ "R", 15 ], [ "R", 2 ], [ "R", 2 ], [ "R", 21 ], [ "R", 9 ], [ "R", 15 ], [ "R", 2 ], [ "R", 2 ], [ "R", 21 ], [ "R", 9 ], [ "R", 9 ], [ "R", 9 ], [ "R", 2 ], [ "R", 2 ], [ "R", 2 ], [ "R", 21 ], [ "R", 2 ], [ "R", 21 ], [ "R", 9 ], [ "R", 15 ], [ "R", 2 ], [ "R", 2 ], [ "R", 21 ], [ "R", 9 ], [ "R", 15 ], [ "R", 2 ], [ "R", 2 ], [ "R", 21 ], [ "R", 9 ], [ "R", 9 ], [ "R", 9 ], [ "R", 2 ], [ "R", 2 ], [ "R", 2 ], [ "R", 21 ], [ "R", 9 ], [ "R", 12 ], [ "R", 12 ], [ "R", 12 ], [ "R", 2 ], [ "R", 12 ], [ "R", 15 ] ]
    } ]
  },
  "MessageActorController.addFolderSave" : {
    "t" : [ {
      "id" : 0,
      "a" : [ [ "R", 9 ], [ "R", 9 ], [ "R", 2 ], [ "R", 2 ], [ "R", 2 ], [ "R", 21 ], [ "R", 2 ], [ "R", 21 ], [ "R", 9 ], [ "R", 9 ], [ "R", 9 ], [ "R", 2 ], [ "R", 2 ], [ "R", 2 ], [ "R", 21 ], [ "R", 9 ], [ "R", 12 ], [ "R", 12 ], [ "R", 12 ], [ "R", 2 ], [ "R", 15 ], [ "R", 12 ], [ "R", 12 ], [ "R", 15 ], [ "R", 12 ], [ "R", 2 ], [ "R", 2 ], [ "R", 21 ], [ "R", 9 ], [ "R", 12 ], [ "R", 15 ], [ "R", 9 ], [ "W", 12 ], [ "R", 9 ], [ "R", 9 ], [ "R", 2 ], [ "R", 2 ], [ "R", 2 ], [ "R", 21 ], [ "R", 2 ], [ "R", 21 ], [ "R", 21 ], [ "R", 9 ], [ "R", 9 ], [ "R", 2 ], [ "R", 2 ], [ "R", 2 ], [ "R", 21 ], [ "R", 2 ], [ "R", 21 ], [ "R", 21 ], [ "R", 9 ], [ "R", 9 ], [ "R", 2 ], [ "R", 2 ], [ "R", 2 ], [ "R", 21 ], [ "R", 2 ], [ "R", 21 ], [ "R", 21 ], [ "R", 9 ], [ "R", 9 ], [ "R", 9 ], [ "R", 2 ], [ "R", 2 ], [ "R", 2 ], [ "R", 21 ], [ "W", 12 ], [ "W", 2 ], [ "R", 12 ], [ "R", 2 ], [ "R", 2 ], [ "R", 21 ], [ "R", 9 ], [ "R", 9 ], [ "R", 9 ], [ "R", 2 ], [ "R", 2 ], [ "R", 2 ], [ "R", 21 ], [ "R", 2 ], [ "R", 21 ], [ "R", 9 ], [ "W", 12 ], [ "R", 9 ], [ "R", 9 ], [ "R", 9 ], [ "R", 2 ], [ "R", 2 ], [ "R", 2 ], [ "R", 21 ], [ "R", 9 ], [ "R", 12 ], [ "R", 12 ], [ "R", 12 ], [ "R", 2 ] ]
    } ]
  },
  "ActivityAdministratorController.edit" : {
    "t" : [ {
      "id" : 0,
      "a" : [ [ "R", 1 ], [ "R", 1 ], [ "R", 17 ], [ "R", 9 ], [ "R", 17 ], [ "R", 17 ], [ "R", 13 ], [ "R", 17 ], [ "R", 13 ], [ "R", 16 ], [ "R", 17 ], [ "R", 13 ], [ "R", 16 ], [ "R", 17 ], [ "R", 1 ], [ "R", 8 ], [ "R", 1 ], [ "R", 16 ], [ "R", 16 ], [ "R", 13 ], [ "R", 13 ], [ "R", 16 ], [ "R", 20 ], [ "R", 20 ], [ "R", 17 ], [ "R", 20 ], [ "R", 20 ], [ "R", 17 ] ]
    } ]
  },
  "InvoiceCustomerController.create" : {
    "t" : [ {
      "id" : 0,
      "a" : [ [ "R", 9 ], [ "R", 9 ], [ "R", 2 ], [ "R", 2 ], [ "R", 2 ], [ "R", 21 ], [ "R", 2 ], [ "R", 21 ], [ "R", 21 ], [ "R", 9 ], [ "R", 9 ], [ "R", 2 ], [ "R", 2 ], [ "R", 2 ], [ "R", 21 ], [ "R", 9 ], [ "R", 2 ], [ "R", 11 ], [ "R", 11 ], [ "R", 11 ], [ "R", 8 ], [ "R", 11 ], [ "R", 14 ], [ "R", 11 ], [ "R", 2 ], [ "R", 2 ], [ "R", 2 ], [ "R", 2 ] ]
    } ]
  },
  "TrainerController.specialised" : {
    "t" : [ {
      "id" : 0,
      "a" : [ [ "R", 20 ], [ "R", 20 ], [ "R", 17 ], [ "R", 9 ], [ "R", 1 ], [ "R", 1 ], [ "R", 8 ], [ "R", 1 ], [ "R", 8 ], [ "R", 1 ], [ "R", 17 ], [ "R", 9 ] ]
    } ]
  },
  "CurriculumTrainerController.edit" : {
    "t" : [ {
      "id" : 0,
      "a" : [ [ "R", 9 ], [ "R", 9 ], [ "R", 20 ], [ "R", 20 ], [ "R", 20 ], [ "R", 21 ], [ "R", 20 ], [ "R", 7 ] ]
    } ]
  },
  "GymCustomerController.listFeePaymentsNotActive" : {
    "t" : [ {
      "id" : 0,
      "a" : [ [ "R", 13 ], [ "R", 9 ], [ "R", 9 ], [ "R", 8 ], [ "R", 8 ], [ "R", 8 ], [ "R", 21 ], [ "R", 9 ], [ "R", 13 ], [ "R", 13 ], [ "R", 11 ], [ "R", 13 ], [ "R", 13 ], [ "R", 11 ], [ "R", 13 ], [ "R", 11 ], [ "R", 13 ], [ "R", 11 ], [ "R", 8 ], [ "R", 13 ], [ "R", 13 ], [ "R", 13 ], [ "R", 13 ], [ "R", 9 ], [ "R", 1 ], [ "R", 1 ], [ "R", 8 ], [ "R", 1 ], [ "R", 8 ], [ "R", 1 ], [ "R", 16 ], [ "R", 13 ], [ "R", 9 ] ]
    } ]
  },
  "ServiceCustomerController.list" : {
    "t" : [ {
      "id" : 0,
      "a" : [ [ "R", 17 ], [ "R", 17 ], [ "R", 17 ], [ "R", 13 ], [ "R", 17 ], [ "R", 17 ], [ "R", 13 ], [ "R", 9 ], [ "R", 9 ], [ "R", 8 ], [ "R", 8 ], [ "R", 8 ], [ "R", 21 ], [ "R", 9 ], [ "R", 13 ], [ "R", 13 ], [ "R", 11 ], [ "R", 13 ], [ "R", 13 ], [ "R", 11 ], [ "R", 13 ], [ "R", 11 ], [ "R", 13 ], [ "R", 11 ], [ "R", 8 ], [ "R", 13 ], [ "R", 9 ], [ "R", 1 ], [ "R", 1 ], [ "R", 8 ], [ "R", 1 ], [ "R", 8 ], [ "R", 1 ], [ "R", 17 ], [ "R", 9 ] ]
    } ]
  },
  "GymCustomerController.listFeePaymentsActive" : {
    "t" : [ {
      "id" : 0,
      "a" : [ [ "R", 9 ], [ "R", 9 ], [ "R", 8 ], [ "R", 8 ], [ "R", 8 ], [ "R", 21 ], [ "R", 9 ], [ "R", 13 ], [ "R", 13 ], [ "R", 11 ], [ "R", 13 ], [ "R", 13 ], [ "R", 11 ], [ "R", 13 ], [ "R", 11 ], [ "R", 13 ], [ "R", 11 ], [ "R", 8 ], [ "R", 13 ], [ "R", 13 ], [ "R", 13 ], [ "R", 13 ], [ "R", 9 ], [ "R", 1 ], [ "R", 1 ], [ "R", 8 ], [ "R", 1 ], [ "R", 8 ], [ "R", 1 ], [ "R", 16 ], [ "R", 13 ], [ "R", 9 ] ]
    } ]
  },
  "GymAdministratorController.delete" : {
    "t" : [ {
      "id" : 0,
      "a" : [ [ "R", 9 ], [ "R", 9 ], [ "R", 9 ], [ "R", 2 ], [ "R", 2 ], [ "R", 2 ], [ "R", 21 ], [ "R", 2 ], [ "R", 21 ], [ "R", 21 ], [ "R", 13 ], [ "R", 11 ], [ "R", 6 ], [ "R", 5 ], [ "R", 13 ], [ "R", 4 ], [ "R", 13 ], [ "R", 16 ], [ "R", 16 ], [ "R", 1 ], [ "R", 17 ], [ "R", 17 ], [ "R", 13 ], [ "W", 17 ], [ "W", 13 ], [ "R", 17 ], [ "R", 17 ], [ "R", 17 ] ]
    } ]
  },
  "FeePaymentAdministratorController.list" : {
    "t" : [ {
      "id" : 0,
      "a" : [ [ "R", 9 ], [ "R", 9 ], [ "R", 2 ], [ "R", 2 ], [ "R", 2 ], [ "R", 21 ], [ "R", 2 ], [ "R", 21 ], [ "R", 21 ], [ "R", 11 ] ]
    } ]
  },
  "InvoiceCustomerController.print" : {
    "t" : [ {
      "id" : 0,
      "a" : [ [ "R", 9 ], [ "R", 9 ], [ "R", 2 ], [ "R", 2 ], [ "R", 2 ], [ "R", 21 ], [ "R", 9 ], [ "R", 9 ], [ "R", 9 ], [ "R", 2 ], [ "R", 2 ], [ "R", 2 ], [ "R", 21 ], [ "R", 2 ], [ "R", 9 ], [ "R", 9 ], [ "R", 2 ], [ "R", 2 ], [ "R", 2 ], [ "R", 21 ], [ "R", 2 ], [ "R", 21 ], [ "R", 21 ], [ "R", 14 ] ]
    } ]
  },
  "CustomerController.edit" : {
    "t" : [ {
      "id" : 0,
      "a" : [ [ "R", 9 ], [ "R", 9 ], [ "R", 2 ], [ "R", 2 ], [ "R", 2 ], [ "R", 21 ], [ "R", 2 ], [ "R", 21 ], [ "R", 21 ], [ "R", 9 ], [ "R", 9 ], [ "R", 2 ], [ "R", 2 ], [ "R", 2 ], [ "R", 21 ], [ "R", 2 ], [ "R", 21 ], [ "R", 21 ], [ "R", 9 ], [ "R", 9 ], [ "R", 2 ], [ "R", 2 ], [ "R", 2 ], [ "R", 21 ], [ "R", 2 ], [ "R", 21 ], [ "R", 21 ], [ "R", 9 ], [ "R", 9 ], [ "R", 2 ], [ "R", 2 ], [ "R", 2 ], [ "R", 21 ], [ "R", 2 ], [ "R", 2 ], [ "R", 2 ], [ "R", 2 ], [ "R", 21 ], [ "R", 21 ], [ "R", 9 ], [ "R", 9 ], [ "R", 2 ], [ "R", 2 ], [ "R", 2 ], [ "R", 21 ], [ "R", 2 ], [ "R", 21 ], [ "R", 21 ], [ "R", 9 ], [ "R", 9 ], [ "R", 20 ], [ "R", 20 ], [ "R", 20 ], [ "R", 21 ], [ "R", 20 ] ]
    } ]
  },
  "ActivityCustomerController.book" : {
    "t" : [ {
      "id" : 0,
      "a" : [ [ "R", 1 ], [ "R", 9 ], [ "R", 9 ], [ "R", 9 ], [ "R", 2 ], [ "R", 2 ], [ "R", 2 ], [ "R", 21 ], [ "R", 2 ], [ "R", 21 ], [ "R", 21 ], [ "R", 1 ], [ "R", 9 ], [ "R", 9 ], [ "R", 8 ], [ "R", 8 ], [ "R", 8 ], [ "R", 21 ], [ "R", 8 ], [ "R", 11 ], [ "R", 8 ], [ "R", 1 ], [ "R", 11 ], [ "R", 11 ], [ "R", 11 ], [ "R", 13 ], [ "R", 9 ], [ "R", 9 ], [ "R", 8 ], [ "R", 8 ], [ "R", 8 ], [ "R", 21 ], [ "R", 1 ], [ "R", 1 ], [ "R", 8 ], [ "R", 1 ], [ "R", 1 ], [ "R", 1 ], [ "R", 1 ], [ "R", 1 ], [ "R", 1 ], [ "R", 1 ], [ "R", 8 ], [ "R", 1 ], [ "R", 1 ], [ "R", 16 ], [ "R", 16 ], [ "R", 13 ], [ "R", 1 ], [ "R", 1 ], [ "R", 8 ], [ "R", 1 ], [ "R", 1 ], [ "R", 8 ], [ "W", 8 ], [ "W", 1 ], [ "R", 2 ], [ "R", 21 ], [ "R", 21 ], [ "R", 2 ], [ "R", 21 ], [ "R", 21 ], [ "R", 2 ], [ "R", 21 ], [ "R", 21 ], [ "R", 9 ], [ "R", 9 ], [ "R", 9 ], [ "R", 2 ], [ "R", 2 ], [ "R", 2 ], [ "R", 21 ], [ "R", 2 ], [ "R", 21 ], [ "R", 21 ], [ "R", 9 ], [ "R", 9 ], [ "R", 2 ], [ "R", 2 ], [ "R", 2 ], [ "R", 21 ], [ "R", 2 ], [ "R", 21 ], [ "R", 21 ], [ "R", 2 ], [ "R", 21 ], [ "R", 21 ], [ "W", 21 ], [ "W", 2 ], [ "W", 21 ], [ "W", 12 ], [ "W", 15 ], [ "W", 12 ], [ "W", 12 ], [ "W", 12 ], [ "W", 2 ], [ "W", 2 ], [ "W", 12 ], [ "W", 2 ], [ "W", 12 ], [ "W", 2 ], [ "W", 15 ], [ "W", 2 ], [ "W", 15 ], [ "W", 2 ], [ "W", 5 ], [ "W", 6 ], [ "W", 5 ], [ "W", 8 ], [ "W", 11 ], [ "W", 8 ], [ "W", 1 ], [ "W", 8 ], [ "R", 9 ], [ "W", 12 ], [ "W", 15 ], [ "W", 12 ], [ "W", 12 ], [ "W", 12 ], [ "W", 2 ], [ "W", 2 ], [ "W", 12 ], [ "W", 12 ], [ "W", 1 ] ]
    } ]
  },
  "BulletinAdministratorController.save" : {
    "t" : [ {
      "id" : 0,
      "a" : [ [ "R", 13 ], [ "R", 9 ], [ "R", 9 ], [ "R", 2 ], [ "R", 2 ], [ "R", 2 ], [ "R", 21 ], [ "R", 2 ], [ "R", 21 ], [ "R", 21 ], [ "R", 4 ], [ "R", 13 ], [ "W", 4 ], [ "W", 4 ], [ "R", 13 ], [ "R", 4 ], [ "W", 13 ], [ "R", 4 ], [ "R", 13 ], [ "R", 9 ], [ "R", 13 ] ]
    } ]
  },
  "ServiceController.list" : {
    "t" : [ {
      "id" : 0,
      "a" : [ [ "R", 17 ], [ "R", 17 ], [ "R", 17 ], [ "R", 13 ], [ "R", 17 ], [ "R", 17 ], [ "R", 13 ], [ "R", 9 ], [ "R", 1 ], [ "R", 1 ], [ "R", 8 ], [ "R", 1 ], [ "R", 8 ], [ "R", 1 ], [ "R", 17 ], [ "R", 9 ] ]
    } ]
  },
  "GymAdministratorController.save" : {
    "t" : [ {
      "id" : 0,
      "a" : [ [ "R", 17 ], [ "R", 17 ], [ "R", 17 ], [ "R", 9 ], [ "R", 9 ], [ "R", 2 ], [ "R", 2 ], [ "R", 2 ], [ "R", 21 ], [ "R", 2 ], [ "R", 21 ], [ "R", 21 ], [ "R", 17 ], [ "R", 17 ], [ "R", 17 ], [ "R", 13 ], [ "R", 17 ], [ "W", 13 ], [ "W", 17 ], [ "R", 13 ], [ "R", 17 ], [ "R", 9 ], [ "R", 9 ], [ "R", 13 ], [ "R", 13 ], [ "R", 11 ], [ "R", 6 ], [ "R", 5 ], [ "R", 13 ], [ "R", 17 ], [ "R", 13 ], [ "R", 11 ], [ "R", 13 ], [ "R", 11 ], [ "R", 6 ], [ "R", 5 ], [ "R", 6 ], [ "R", 5 ], [ "R", 9 ], [ "R", 9 ], [ "R", 2 ], [ "R", 2 ], [ "R", 2 ], [ "R", 21 ], [ "R", 2 ], [ "R", 21 ], [ "R", 21 ], [ "W", 16 ], [ "W", 16 ], [ "W", 1 ], [ "W", 16 ], [ "W", 16 ], [ "W", 16 ], [ "W", 16 ], [ "W", 13 ], [ "W", 13 ], [ "W", 16 ], [ "R", 13 ], [ "R", 17 ], [ "W", 13 ], [ "R", 17 ], [ "R", 13 ], [ "W", 17 ], [ "R", 17 ], [ "R", 13 ], [ "W", 17 ], [ "R", 17 ], [ "R", 17 ], [ "R", 17 ] ]
    } ]
  },
  "FeePaymentCustomerController.save" : {
    "t" : [ {
      "id" : 0,
      "a" : [ [ "R", 9 ], [ "R", 9 ], [ "R", 8 ], [ "R", 8 ], [ "R", 8 ], [ "R", 21 ], [ "R", 13 ], [ "W", 11 ], [ "W", 8 ], [ "W", 11 ], [ "W", 11 ], [ "W", 13 ], [ "R", 13 ], [ "W", 11 ], [ "R", 8 ], [ "W", 11 ], [ "W", 11 ], [ "W", 11 ], [ "R", 9 ], [ "R", 11 ], [ "R", 9 ], [ "R", 9 ], [ "R", 8 ], [ "R", 8 ], [ "R", 8 ], [ "R", 21 ], [ "R", 9 ], [ "R", 11 ], [ "R", 8 ], [ "R", 9 ], [ "R", 11 ], [ "R", 11 ], [ "R", 11 ], [ "R", 11 ], [ "R", 11 ], [ "W", 11 ], [ "W", 11 ], [ "R", 9 ], [ "R", 9 ], [ "R", 8 ], [ "R", 8 ], [ "R", 8 ], [ "R", 21 ], [ "R", 9 ], [ "R", 11 ], [ "R", 11 ], [ "R", 11 ], [ "R", 8 ], [ "R", 11 ], [ "R", 11 ], [ "R", 13 ], [ "R", 11 ], [ "R", 13 ], [ "R", 11 ], [ "R", 11 ], [ "R", 11 ], [ "R", 11 ], [ "R", 11 ], [ "R", 11 ], [ "W", 11 ], [ "R", 11 ], [ "R", 13 ], [ "R", 11 ], [ "R", 8 ], [ "R", 13 ], [ "R", 11 ], [ "R", 8 ], [ "R", 11 ], [ "W", 13 ], [ "R", 2 ], [ "R", 21 ], [ "R", 21 ], [ "R", 2 ], [ "R", 21 ], [ "R", 21 ], [ "R", 2 ], [ "R", 21 ], [ "R", 21 ], [ "R", 9 ], [ "R", 9 ], [ "R", 9 ], [ "R", 2 ], [ "R", 2 ], [ "R", 2 ], [ "R", 21 ], [ "R", 2 ], [ "R", 21 ], [ "R", 21 ], [ "R", 9 ], [ "R", 9 ], [ "R", 2 ], [ "R", 2 ], [ "R", 2 ], [ "R", 21 ], [ "R", 2 ], [ "R", 21 ], [ "R", 21 ], [ "R", 2 ], [ "R", 21 ], [ "R", 21 ], [ "W", 21 ], [ "W", 2 ], [ "W", 21 ], [ "W", 12 ], [ "W", 15 ], [ "W", 12 ], [ "W", 12 ], [ "W", 12 ], [ "W", 2 ], [ "W", 2 ], [ "W", 12 ], [ "W", 2 ], [ "W", 12 ], [ "W", 2 ], [ "W", 15 ], [ "W", 2 ], [ "W", 15 ], [ "W", 2 ], [ "W", 5 ], [ "W", 6 ], [ "W", 5 ], [ "W", 8 ], [ "W", 11 ], [ "W", 8 ], [ "W", 1 ], [ "W", 8 ], [ "R", 9 ], [ "W", 12 ], [ "W", 15 ], [ "W", 12 ], [ "W", 12 ], [ "W", 12 ], [ "W", 2 ], [ "W", 2 ], [ "W", 12 ], [ "W", 12 ], [ "R", 9 ], [ "R", 9 ], [ "R", 2 ], [ "R", 2 ], [ "R", 2 ], [ "R", 21 ], [ "R", 2 ], [ "R", 21 ], [ "R", 21 ], [ "R", 9 ], [ "R", 9 ], [ "R", 9 ], [ "R", 2 ], [ "R", 2 ], [ "R", 2 ], [ "R", 21 ], [ "R", 2 ], [ "R", 21 ], [ "R", 21 ], [ "R", 11 ], [ "R", 11 ], [ "R", 8 ], [ "R", 9 ], [ "R", 11 ], [ "R", 8 ], [ "R", 9 ], [ "R", 11 ], [ "R", 13 ], [ "R", 9 ], [ "R", 11 ], [ "R", 13 ], [ "R", 9 ], [ "R", 11 ], [ "R", 11 ], [ "R", 11 ], [ "R", 11 ], [ "R", 11 ], [ "R", 11 ], [ "R", 11 ], [ "R", 11 ], [ "R", 11 ], [ "R", 11 ], [ "W", 11 ] ]
    } ]
  },
  "RoomAdministratorController.edit" : {
    "t" : [ {
      "id" : 0,
      "a" : [ [ "R", 9 ], [ "R", 9 ], [ "R", 2 ], [ "R", 2 ], [ "R", 2 ], [ "R", 21 ], [ "R", 2 ], [ "R", 21 ], [ "R", 21 ], [ "R", 16 ], [ "R", 13 ] ]
    } ]
  },
  "CreditCardController.save" : {
    "t" : [ {
      "id" : 0,
      "a" : [ [ "R", 9 ], [ "R", 9 ], [ "R", 8 ], [ "R", 8 ], [ "R", 8 ], [ "R", 21 ], [ "R", 8 ], [ "W", 8 ], [ "R", 2 ], [ "R", 21 ], [ "R", 21 ], [ "R", 2 ], [ "R", 21 ], [ "R", 21 ], [ "R", 2 ], [ "R", 21 ], [ "R", 21 ], [ "R", 9 ], [ "R", 9 ], [ "R", 9 ], [ "R", 2 ], [ "R", 2 ], [ "R", 2 ], [ "R", 21 ], [ "R", 2 ], [ "R", 21 ], [ "R", 21 ], [ "R", 9 ], [ "R", 9 ], [ "R", 2 ], [ "R", 2 ], [ "R", 2 ], [ "R", 21 ], [ "R", 2 ], [ "R", 21 ], [ "R", 21 ], [ "R", 2 ], [ "R", 21 ], [ "R", 21 ], [ "W", 21 ], [ "W", 2 ], [ "W", 21 ], [ "W", 12 ], [ "W", 15 ], [ "W", 12 ], [ "W", 12 ], [ "W", 12 ], [ "W", 2 ], [ "W", 2 ], [ "W", 12 ], [ "W", 2 ], [ "W", 12 ], [ "W", 2 ], [ "W", 15 ], [ "W", 2 ], [ "W", 15 ], [ "W", 2 ], [ "W", 5 ], [ "W", 6 ], [ "W", 5 ], [ "W", 8 ], [ "W", 11 ], [ "W", 8 ], [ "W", 1 ], [ "W", 8 ], [ "R", 9 ], [ "W", 12 ], [ "W", 15 ], [ "W", 12 ], [ "W", 12 ], [ "W", 12 ], [ "W", 2 ], [ "W", 2 ], [ "W", 12 ], [ "W", 12 ], [ "R", 9 ], [ "R", 9 ], [ "R", 8 ], [ "R", 8 ], [ "R", 8 ], [ "R", 21 ], [ "R", 9 ] ]
    } ]
  },
  "AdministratorAdministratorController.edit" : {
    "t" : [ {
      "id" : 0,
      "a" : [ [ "R", 9 ], [ "R", 9 ], [ "R", 2 ], [ "R", 2 ], [ "R", 2 ], [ "R", 21 ], [ "R", 2 ], [ "R", 21 ], [ "R", 21 ], [ "R", 9 ], [ "R", 9 ], [ "R", 2 ], [ "R", 2 ], [ "R", 2 ], [ "R", 21 ], [ "R", 2 ], [ "R", 21 ], [ "R", 21 ], [ "R", 9 ], [ "R", 9 ], [ "R", 2 ], [ "R", 2 ], [ "R", 2 ], [ "R", 21 ], [ "R", 2 ], [ "R", 21 ], [ "R", 21 ], [ "R", 9 ], [ "R", 9 ], [ "R", 2 ], [ "R", 2 ], [ "R", 2 ], [ "R", 21 ], [ "R", 2 ], [ "R", 2 ], [ "R", 2 ], [ "R", 2 ], [ "R", 21 ], [ "R", 21 ], [ "R", 9 ], [ "R", 9 ], [ "R", 2 ], [ "R", 2 ], [ "R", 2 ], [ "R", 21 ], [ "R", 2 ], [ "R", 21 ], [ "R", 21 ], [ "R", 9 ], [ "R", 9 ], [ "R", 20 ], [ "R", 20 ], [ "R", 20 ], [ "R", 21 ], [ "R", 20 ] ]
    } ]
  },
  "MessageActorController.create" : {
    "t" : [ {
      "id" : 0,
      "a" : [ [ "W", 15 ], [ "W", 12 ], [ "W", 15 ], [ "W", 2 ], [ "R", 9 ], [ "R", 9 ], [ "R", 2 ], [ "R", 2 ], [ "R", 2 ], [ "R", 21 ], [ "W", 15 ], [ "W", 2 ], [ "W", 15 ], [ "R", 9 ], [ "R", 9 ], [ "R", 2 ], [ "R", 2 ], [ "R", 2 ], [ "R", 21 ], [ "W", 15 ], [ "W", 2 ], [ "R", 2 ] ]
    } ]
  },
  "ServiceTrainerController.remove" : {
    "t" : [ {
      "id" : 0,
      "a" : [ [ "R", 17 ], [ "R", 9 ], [ "R", 9 ], [ "R", 20 ], [ "R", 20 ], [ "R", 20 ], [ "R", 21 ], [ "R", 20 ], [ "R", 1 ], [ "R", 1 ], [ "R", 17 ], [ "R", 9 ], [ "R", 9 ], [ "R", 9 ], [ "R", 9 ], [ "R", 20 ], [ "R", 20 ], [ "R", 20 ], [ "R", 21 ], [ "R", 20 ], [ "R", 17 ], [ "R", 17 ], [ "R", 20 ], [ "W", 17 ], [ "W", 20 ], [ "W", 20 ], [ "W", 17 ], [ "R", 2 ], [ "R", 21 ], [ "R", 21 ], [ "R", 2 ], [ "R", 21 ], [ "R", 21 ], [ "R", 2 ], [ "R", 21 ], [ "R", 21 ], [ "R", 9 ], [ "R", 9 ], [ "R", 9 ], [ "R", 2 ], [ "R", 2 ], [ "R", 2 ], [ "R", 21 ], [ "R", 2 ], [ "R", 21 ], [ "R", 21 ], [ "R", 2 ], [ "R", 21 ], [ "R", 21 ], [ "W", 21 ], [ "W", 2 ], [ "W", 21 ], [ "W", 12 ], [ "W", 15 ], [ "W", 12 ], [ "W", 12 ], [ "W", 12 ], [ "W", 2 ], [ "W", 2 ], [ "W", 12 ], [ "W", 2 ], [ "W", 12 ], [ "W", 2 ], [ "W", 15 ], [ "W", 2 ], [ "W", 15 ], [ "W", 20 ], [ "W", 17 ], [ "W", 20 ], [ "W", 1 ], [ "W", 6 ], [ "W", 5 ], [ "W", 2 ], [ "W", 5 ], [ "W", 20 ], [ "R", 9 ], [ "W", 12 ], [ "W", 15 ], [ "W", 12 ], [ "W", 12 ], [ "W", 12 ], [ "W", 2 ], [ "W", 2 ], [ "W", 12 ], [ "W", 12 ] ]
    } ]
  },
  "CommentAdministratorController.create" : {
    "t" : [ {
      "id" : 0,
      "a" : [ [ "R", 5 ], [ "R", 5 ], [ "R", 6 ], [ "R", 9 ], [ "R", 9 ], [ "R", 5 ], [ "R", 9 ], [ "R", 9 ], [ "R", 2 ], [ "R", 2 ], [ "R", 2 ], [ "R", 21 ], [ "R", 2 ], [ "R", 21 ], [ "R", 21 ], [ "W", 5 ] ]
    } ]
  },
  "TrainerAdministratorController.save" : {
    "t" : [ {
      "id" : 0,
      "a" : [ [ "R", 9 ], [ "R", 9 ], [ "R", 2 ], [ "R", 2 ], [ "R", 2 ], [ "R", 21 ], [ "R", 2 ], [ "R", 21 ], [ "R", 21 ], [ "R", 9 ], [ "R", 9 ], [ "R", 2 ], [ "R", 2 ], [ "R", 2 ], [ "R", 21 ], [ "R", 2 ], [ "R", 21 ], [ "R", 21 ], [ "R", 9 ], [ "R", 9 ], [ "R", 2 ], [ "R", 2 ], [ "R", 2 ], [ "R", 21 ], [ "R", 2 ], [ "R", 21 ], [ "R", 21 ], [ "R", 9 ], [ "R", 9 ], [ "R", 2 ], [ "R", 2 ], [ "R", 2 ], [ "R", 21 ], [ "R", 2 ], [ "R", 21 ], [ "R", 21 ], [ "R", 9 ], [ "R", 9 ], [ "R", 2 ], [ "R", 2 ], [ "R", 2 ], [ "R", 21 ], [ "R", 2 ], [ "R", 21 ], [ "R", 21 ], [ "R", 9 ], [ "R", 9 ], [ "R", 2 ], [ "R", 2 ], [ "R", 2 ], [ "R", 21 ], [ "R", 2 ], [ "R", 21 ], [ "R", 21 ], [ "R", 9 ], [ "R", 9 ], [ "R", 2 ], [ "R", 2 ], [ "R", 2 ], [ "R", 21 ], [ "R", 2 ], [ "R", 21 ], [ "W", 21 ], [ "W", 21 ], [ "R", 21 ], [ "W", 21 ], [ "R", 9 ], [ "R", 9 ], [ "R", 8 ], [ "R", 8 ], [ "R", 8 ], [ "R", 21 ], [ "W", 2 ], [ "W", 2 ], [ "W", 2 ], [ "W", 2 ], [ "W", 21 ], [ "R", 2 ], [ "R", 21 ], [ "R", 21 ], [ "R", 2 ], [ "R", 21 ], [ "R", 21 ], [ "R", 2 ], [ "R", 21 ], [ "R", 21 ], [ "R", 9 ], [ "R", 9 ], [ "R", 9 ], [ "R", 2 ], [ "R", 2 ], [ "R", 2 ], [ "R", 21 ], [ "R", 2 ], [ "R", 21 ], [ "R", 21 ], [ "R", 9 ], [ "R", 9 ], [ "R", 2 ], [ "R", 2 ], [ "R", 2 ], [ "R", 21 ], [ "R", 2 ], [ "R", 21 ], [ "R", 21 ], [ "R", 2 ], [ "R", 21 ], [ "R", 21 ], [ "W", 21 ], [ "W", 2 ], [ "W", 21 ], [ "W", 12 ], [ "W", 15 ], [ "W", 12 ], [ "W", 12 ], [ "W", 12 ], [ "W", 2 ], [ "W", 2 ], [ "W", 12 ], [ "W", 2 ], [ "W", 12 ], [ "W", 2 ], [ "W", 15 ], [ "W", 2 ], [ "W", 15 ], [ "W", 2 ], [ "W", 5 ], [ "W", 6 ], [ "W", 5 ], [ "W", 8 ], [ "W", 11 ], [ "W", 8 ], [ "W", 1 ], [ "W", 8 ], [ "R", 9 ], [ "W", 12 ], [ "W", 15 ], [ "W", 12 ], [ "W", 12 ], [ "W", 12 ], [ "W", 2 ], [ "W", 2 ], [ "W", 12 ], [ "W", 12 ], [ "R", 9 ], [ "R", 9 ], [ "R", 9 ], [ "R", 3 ], [ "R", 3 ], [ "R", 3 ], [ "R", 21 ], [ "W", 2 ], [ "W", 2 ], [ "W", 2 ], [ "W", 2 ], [ "W", 21 ], [ "R", 9 ], [ "R", 9 ], [ "R", 9 ], [ "R", 2 ], [ "R", 2 ], [ "R", 2 ], [ "R", 21 ], [ "R", 9 ], [ "W", 3 ], [ "R", 9 ], [ "R", 9 ], [ "R", 9 ], [ "R", 20 ], [ "R", 20 ], [ "R", 20 ], [ "R", 21 ], [ "W", 2 ], [ "W", 2 ], [ "W", 2 ], [ "W", 20 ], [ "W", 2 ], [ "W", 21 ], [ "R", 2 ], [ "R", 21 ], [ "R", 21 ], [ "R", 2 ], [ "R", 21 ], [ "R", 21 ], [ "R", 2 ], [ "R", 21 ], [ "R", 21 ], [ "R", 9 ], [ "R", 9 ], [ "R", 9 ], [ "R", 2 ], [ "R", 2 ], [ "R", 2 ], [ "R", 21 ], [ "R", 2 ], [ "R", 21 ], [ "R", 21 ], [ "R", 2 ], [ "R", 21 ], [ "R", 21 ], [ "W", 21 ], [ "W", 2 ], [ "W", 21 ], [ "W", 12 ], [ "W", 15 ], [ "W", 12 ], [ "W", 12 ], [ "W", 12 ], [ "W", 2 ], [ "W", 2 ], [ "W", 12 ], [ "W", 2 ], [ "W", 12 ], [ "W", 2 ], [ "W", 15 ], [ "W", 2 ], [ "W", 15 ], [ "W", 20 ], [ "W", 17 ], [ "W", 20 ], [ "W", 1 ], [ "W", 6 ], [ "W", 5 ], [ "W", 2 ], [ "W", 5 ], [ "W", 20 ], [ "R", 9 ], [ "W", 12 ], [ "W", 15 ], [ "W", 12 ], [ "W", 12 ], [ "W", 12 ], [ "W", 2 ], [ "W", 2 ], [ "W", 12 ], [ "W", 12 ], [ "R", 9 ], [ "R", 9 ], [ "R", 9 ], [ "R", 2 ], [ "R", 2 ], [ "R", 2 ], [ "R", 21 ], [ "R", 2 ], [ "R", 21 ], [ "R", 21 ], [ "W", 21 ], [ "W", 21 ], [ "W", 21 ], [ "W", 21 ], [ "W", 21 ], [ "W", 21 ], [ "W", 2 ], [ "W", 21 ], [ "W", 2 ], [ "W", 2 ], [ "W", 2 ], [ "W", 2 ], [ "W", 21 ], [ "R", 2 ], [ "R", 21 ], [ "R", 21 ], [ "R", 2 ], [ "R", 21 ], [ "R", 21 ], [ "R", 2 ], [ "R", 21 ], [ "R", 21 ], [ "R", 9 ], [ "R", 9 ], [ "R", 9 ], [ "R", 2 ], [ "R", 2 ], [ "R", 2 ], [ "R", 21 ], [ "R", 2 ], [ "R", 21 ], [ "R", 21 ], [ "R", 2 ], [ "R", 21 ], [ "R", 21 ], [ "W", 21 ], [ "W", 2 ], [ "W", 21 ], [ "W", 12 ], [ "W", 15 ], [ "W", 12 ], [ "W", 12 ], [ "W", 12 ], [ "W", 2 ], [ "W", 2 ], [ "W", 12 ], [ "W", 2 ], [ "W", 12 ], [ "W", 2 ], [ "W", 15 ], [ "W", 2 ], [ "W", 15 ], [ "W", 20 ], [ "W", 17 ], [ "W", 20 ], [ "W", 1 ], [ "W", 6 ], [ "W", 5 ], [ "W", 2 ], [ "W", 5 ], [ "W", 20 ], [ "R", 9 ], [ "W", 12 ], [ "W", 15 ], [ "W", 12 ], [ "W", 12 ], [ "W", 12 ], [ "W", 2 ], [ "W", 2 ], [ "W", 12 ], [ "W", 12 ], [ "R", 9 ], [ "W", 21 ], [ "W", 21 ], [ "W", 21 ], [ "W", 21 ], [ "W", 21 ], [ "W", 21 ], [ "W", 2 ], [ "W", 21 ], [ "W", 2 ], [ "W", 2 ], [ "W", 2 ], [ "W", 2 ], [ "W", 21 ], [ "R", 2 ], [ "R", 21 ], [ "R", 21 ], [ "R", 2 ], [ "R", 21 ], [ "R", 21 ], [ "R", 2 ], [ "R", 21 ], [ "R", 21 ], [ "R", 9 ], [ "R", 9 ], [ "R", 9 ], [ "R", 2 ], [ "R", 2 ], [ "R", 2 ], [ "R", 21 ], [ "R", 2 ], [ "R", 21 ], [ "R", 21 ], [ "R", 9 ], [ "R", 9 ], [ "R", 2 ], [ "R", 2 ], [ "R", 2 ], [ "R", 21 ], [ "R", 2 ], [ "R", 21 ], [ "R", 21 ], [ "R", 2 ], [ "R", 21 ], [ "R", 21 ], [ "W", 21 ], [ "W", 2 ], [ "W", 21 ], [ "W", 12 ], [ "W", 15 ], [ "W", 12 ], [ "W", 12 ], [ "W", 12 ], [ "W", 2 ], [ "W", 2 ], [ "W", 12 ], [ "W", 2 ], [ "W", 12 ], [ "W", 2 ], [ "W", 15 ], [ "W", 2 ], [ "W", 15 ], [ "W", 2 ], [ "W", 5 ], [ "W", 6 ], [ "W", 5 ], [ "W", 8 ], [ "W", 11 ], [ "W", 8 ], [ "W", 1 ], [ "W", 8 ], [ "R", 9 ], [ "W", 12 ], [ "W", 15 ], [ "W", 12 ], [ "W", 12 ], [ "W", 12 ], [ "W", 2 ], [ "W", 2 ], [ "W", 12 ], [ "W", 12 ], [ "R", 9 ] ]
    } ]
  },
  "MessageActorController.save" : {
    "t" : [ {
      "id" : 0,
      "a" : [ [ "R", 15 ], [ "R", 2 ], [ "R", 2 ], [ "R", 21 ], [ "R", 9 ], [ "R", 9 ], [ "R", 9 ], [ "R", 2 ], [ "R", 2 ], [ "R", 2 ], [ "R", 21 ], [ "R", 2 ], [ "R", 21 ], [ "R", 9 ], [ "R", 15 ], [ "R", 15 ], [ "R", 2 ], [ "R", 15 ], [ "R", 2 ], [ "R", 15 ], [ "R", 2 ], [ "R", 9 ], [ "R", 9 ], [ "R", 2 ], [ "R", 2 ], [ "R", 2 ], [ "R", 21 ], [ "R", 9 ], [ "R", 9 ], [ "R", 9 ], [ "W", 15 ], [ "W", 15 ], [ "R", 15 ], [ "R", 15 ], [ "R", 19 ], [ "R", 19 ], [ "R", 19 ], [ "R", 15 ], [ "R", 2 ], [ "R", 2 ], [ "R", 12 ], [ "R", 12 ], [ "R", 12 ], [ "R", 12 ], [ "R", 15 ], [ "W", 12 ], [ "R", 15 ], [ "R", 2 ], [ "R", 2 ], [ "R", 12 ], [ "R", 12 ], [ "R", 12 ], [ "R", 12 ], [ "R", 12 ], [ "R", 15 ], [ "W", 12 ], [ "R", 2 ] ]
    } ]
  },
  "CurriculumTrainerController.save" : {
    "t" : [ {
      "id" : 0,
      "a" : [ [ "R", 9 ], [ "R", 9 ], [ "R", 2 ], [ "R", 2 ], [ "R", 2 ], [ "R", 21 ], [ "R", 2 ], [ "R", 21 ], [ "R", 21 ], [ "R", 9 ], [ "R", 9 ], [ "R", 9 ], [ "R", 9 ], [ "R", 20 ], [ "R", 20 ], [ "R", 20 ], [ "R", 21 ], [ "R", 20 ], [ "R", 20 ], [ "R", 20 ], [ "R", 7 ], [ "W", 7 ], [ "R", 9 ], [ "R", 9 ], [ "R", 20 ], [ "R", 20 ], [ "R", 20 ], [ "R", 21 ], [ "R", 9 ], [ "R", 7 ], [ "R", 7 ], [ "R", 20 ], [ "R", 20 ], [ "R", 20 ], [ "W", 7 ], [ "W", 7 ], [ "W", 20 ], [ "W", 7 ], [ "R", 2 ], [ "R", 21 ], [ "R", 21 ], [ "R", 2 ], [ "R", 21 ], [ "R", 21 ], [ "R", 2 ], [ "R", 21 ], [ "R", 21 ], [ "R", 9 ], [ "R", 9 ], [ "R", 9 ], [ "R", 2 ], [ "R", 2 ], [ "R", 2 ], [ "R", 21 ], [ "R", 2 ], [ "R", 21 ], [ "R", 21 ], [ "R", 2 ], [ "R", 21 ], [ "R", 21 ], [ "W", 21 ], [ "W", 2 ], [ "W", 21 ], [ "W", 12 ], [ "W", 15 ], [ "W", 12 ], [ "W", 12 ], [ "W", 12 ], [ "W", 2 ], [ "W", 2 ], [ "W", 12 ], [ "W", 2 ], [ "W", 12 ], [ "W", 2 ], [ "W", 15 ], [ "W", 2 ], [ "W", 15 ], [ "W", 20 ], [ "W", 17 ], [ "W", 20 ], [ "W", 1 ], [ "W", 6 ], [ "W", 5 ], [ "W", 2 ], [ "W", 5 ], [ "W", 20 ], [ "R", 9 ], [ "W", 12 ], [ "W", 15 ], [ "W", 12 ], [ "W", 12 ], [ "W", 12 ], [ "W", 2 ], [ "W", 2 ], [ "W", 12 ], [ "W", 12 ] ]
    } ]
  },
  "GymAdministratorController.list" : {
    "t" : [ {
      "id" : 0,
      "a" : [ [ "R", 13 ], [ "R", 13 ], [ "R", 13 ], [ "R", 17 ], [ "R", 13 ], [ "R", 13 ], [ "R", 17 ], [ "R", 13 ], [ "R", 13 ], [ "R", 13 ], [ "R", 13 ], [ "R", 9 ], [ "R", 1 ], [ "R", 1 ], [ "R", 8 ], [ "R", 1 ], [ "R", 8 ], [ "R", 1 ], [ "R", 16 ], [ "R", 13 ], [ "R", 9 ] ]
    } ]
  },
  "CommentActorController.create" : {
    "t" : [ {
      "id" : 0,
      "a" : [ [ "R", 9 ], [ "R", 9 ], [ "R", 2 ], [ "R", 2 ], [ "R", 2 ], [ "R", 21 ], [ "R", 2 ], [ "R", 21 ], [ "R", 21 ], [ "R", 9 ], [ "R", 9 ], [ "R", 2 ], [ "R", 2 ], [ "R", 2 ], [ "R", 21 ], [ "R", 2 ], [ "R", 21 ], [ "R", 21 ], [ "R", 9 ], [ "R", 9 ], [ "R", 2 ], [ "R", 2 ], [ "R", 2 ], [ "R", 21 ], [ "R", 2 ], [ "R", 21 ], [ "R", 21 ], [ "R", 6 ], [ "R", 6 ], [ "R", 6 ], [ "R", 2 ], [ "R", 20 ], [ "R", 2 ], [ "R", 20 ], [ "R", 9 ], [ "R", 9 ], [ "R", 2 ], [ "R", 2 ], [ "R", 2 ], [ "R", 21 ], [ "W", 5 ], [ "W", 5 ], [ "W", 6 ], [ "W", 5 ], [ "W", 2 ], [ "W", 5 ], [ "R", 6 ], [ "R", 6 ], [ "R", 6 ], [ "R", 2 ], [ "R", 20 ] ]
    } ]
  },
  "CreditCardController.delete" : {
    "t" : [ {
      "id" : 0,
      "a" : [ [ "R", 9 ], [ "R", 9 ], [ "R", 8 ], [ "R", 8 ], [ "R", 8 ], [ "R", 21 ], [ "R", 8 ], [ "W", 8 ], [ "R", 2 ], [ "R", 21 ], [ "R", 21 ], [ "R", 2 ], [ "R", 21 ], [ "R", 21 ], [ "R", 2 ], [ "R", 21 ], [ "R", 21 ], [ "R", 9 ], [ "R", 9 ], [ "R", 9 ], [ "R", 2 ], [ "R", 2 ], [ "R", 2 ], [ "R", 21 ], [ "R", 2 ], [ "R", 21 ], [ "R", 21 ], [ "R", 9 ], [ "R", 9 ], [ "R", 2 ], [ "R", 2 ], [ "R", 2 ], [ "R", 21 ], [ "R", 2 ], [ "R", 21 ], [ "R", 21 ], [ "R", 2 ], [ "R", 21 ], [ "R", 21 ], [ "W", 21 ], [ "W", 2 ], [ "W", 21 ], [ "W", 12 ], [ "W", 15 ], [ "W", 12 ], [ "W", 12 ], [ "W", 12 ], [ "W", 2 ], [ "W", 2 ], [ "W", 12 ], [ "W", 2 ], [ "W", 12 ], [ "W", 2 ], [ "W", 15 ], [ "W", 2 ], [ "W", 15 ], [ "W", 2 ], [ "W", 5 ], [ "W", 6 ], [ "W", 5 ], [ "W", 8 ], [ "W", 11 ], [ "W", 8 ], [ "W", 1 ], [ "W", 8 ], [ "R", 9 ], [ "W", 12 ], [ "W", 15 ], [ "W", 12 ], [ "W", 12 ], [ "W", 12 ], [ "W", 2 ], [ "W", 2 ], [ "W", 12 ], [ "W", 12 ] ]
    } ]
  },
  "MessageActorController.addFolder" : {
    "t" : [ {
      "id" : 0,
      "a" : [ [ "R", 15 ], [ "R", 9 ], [ "R", 9 ], [ "R", 2 ], [ "R", 2 ], [ "R", 2 ], [ "R", 21 ], [ "R", 2 ], [ "R", 21 ], [ "R", 9 ], [ "R", 15 ], [ "R", 2 ], [ "R", 2 ], [ "R", 21 ], [ "R", 9 ], [ "R", 15 ], [ "R", 2 ], [ "R", 2 ], [ "R", 21 ], [ "R", 9 ], [ "R", 9 ], [ "R", 9 ], [ "R", 2 ], [ "R", 2 ], [ "R", 2 ], [ "R", 21 ], [ "R", 9 ], [ "R", 12 ], [ "R", 12 ], [ "R", 12 ], [ "R", 2 ] ]
    } ]
  },
  "RoomAdministratorController.create" : {
    "t" : [ {
      "id" : 0,
      "a" : [ [ "R", 13 ], [ "R", 9 ], [ "R", 9 ], [ "R", 2 ], [ "R", 2 ], [ "R", 2 ], [ "R", 21 ], [ "R", 2 ], [ "R", 21 ], [ "R", 21 ], [ "W", 16 ], [ "W", 16 ], [ "W", 1 ], [ "W", 16 ], [ "W", 13 ], [ "R", 13 ] ]
    } ]
  },
  "ExchangeRateAdministratorController.list" : {
    "t" : [ {
      "id" : 0,
      "a" : [ [ "R", 10 ] ]
    } ]
  },
  "RegisterController.create" : {
    "t" : [ {
      "id" : 0,
      "a" : [ [ "R", 9 ], [ "R", 9 ], [ "R", 2 ], [ "R", 2 ], [ "R", 2 ], [ "R", 21 ], [ "R", 2 ], [ "R", 21 ], [ "R", 21 ], [ "R", 9 ], [ "R", 9 ], [ "R", 2 ], [ "R", 2 ], [ "R", 2 ], [ "R", 21 ], [ "R", 2 ], [ "R", 21 ], [ "R", 21 ], [ "R", 9 ], [ "R", 9 ], [ "R", 2 ], [ "R", 2 ], [ "R", 2 ], [ "R", 21 ], [ "R", 2 ], [ "R", 21 ], [ "R", 21 ], [ "R", 9 ], [ "R", 9 ], [ "R", 2 ], [ "R", 2 ], [ "R", 2 ], [ "R", 21 ], [ "R", 2 ], [ "R", 2 ], [ "R", 2 ], [ "R", 2 ], [ "R", 21 ], [ "R", 21 ], [ "R", 9 ], [ "R", 9 ], [ "R", 2 ], [ "R", 2 ], [ "R", 2 ], [ "R", 21 ], [ "R", 2 ], [ "R", 21 ], [ "R", 21 ], [ "R", 9 ], [ "R", 9 ], [ "R", 20 ], [ "R", 20 ], [ "R", 20 ], [ "R", 21 ], [ "R", 20 ] ]
    } ]
  },
  "GymController.list" : {
    "t" : [ {
      "id" : 0,
      "a" : [ [ "R", 13 ], [ "R", 13 ], [ "R", 13 ], [ "R", 17 ], [ "R", 13 ], [ "R", 13 ], [ "R", 17 ], [ "R", 13 ], [ "R", 13 ], [ "R", 13 ], [ "R", 13 ], [ "R", 9 ], [ "R", 1 ], [ "R", 1 ], [ "R", 8 ], [ "R", 1 ], [ "R", 8 ], [ "R", 1 ], [ "R", 16 ], [ "R", 13 ], [ "R", 9 ] ]
    } ]
  },
  "FeePaymentAdministratorController.edit" : {
    "t" : [ {
      "id" : 0,
      "a" : [ [ "R", 9 ], [ "R", 9 ], [ "R", 2 ], [ "R", 2 ], [ "R", 2 ], [ "R", 21 ], [ "R", 2 ], [ "R", 21 ], [ "R", 21 ], [ "R", 11 ] ]
    } ]
  },
  "FolderActorController.create" : {
    "t" : [ {
      "id" : 0,
      "a" : [ [ "W", 12 ], [ "W", 15 ], [ "R", 9 ], [ "R", 9 ], [ "R", 2 ], [ "R", 2 ], [ "R", 2 ], [ "R", 21 ], [ "W", 12 ], [ "W", 2 ] ]
    } ]
  },
  "ActivityAdministratorController.create" : {
    "t" : [ {
      "id" : 0,
      "a" : [ [ "R", 9 ], [ "R", 9 ], [ "R", 2 ], [ "R", 2 ], [ "R", 2 ], [ "R", 21 ], [ "R", 2 ], [ "R", 21 ], [ "R", 21 ], [ "W", 1 ], [ "W", 8 ], [ "R", 1 ], [ "R", 17 ], [ "W", 1 ], [ "W", 17 ], [ "R", 17 ] ]
    } ]
  },
  "AdministratorAdministratorController.display" : {
    "t" : [ {
      "id" : 0,
      "a" : [ [ "R", 9 ], [ "R", 9 ], [ "R", 3 ], [ "R", 3 ], [ "R", 3 ], [ "R", 21 ] ]
    } ]
  },
  "RegisterController.save" : {
    "t" : [ {
      "id" : 0,
      "a" : [ [ "R", 9 ], [ "R", 9 ], [ "R", 2 ], [ "R", 2 ], [ "R", 2 ], [ "R", 21 ], [ "R", 2 ], [ "R", 21 ], [ "R", 21 ], [ "R", 9 ], [ "R", 9 ], [ "R", 2 ], [ "R", 2 ], [ "R", 2 ], [ "R", 21 ], [ "R", 2 ], [ "R", 21 ], [ "R", 21 ], [ "R", 9 ], [ "R", 9 ], [ "R", 2 ], [ "R", 2 ], [ "R", 2 ], [ "R", 21 ], [ "R", 2 ], [ "R", 21 ], [ "R", 21 ], [ "R", 9 ], [ "R", 9 ], [ "R", 2 ], [ "R", 2 ], [ "R", 2 ], [ "R", 21 ], [ "R", 2 ], [ "R", 21 ], [ "R", 21 ], [ "R", 9 ], [ "R", 9 ], [ "R", 2 ], [ "R", 2 ], [ "R", 2 ], [ "R", 21 ], [ "R", 2 ], [ "R", 21 ], [ "R", 21 ], [ "R", 9 ], [ "R", 9 ], [ "R", 2 ], [ "R", 2 ], [ "R", 2 ], [ "R", 21 ], [ "R", 2 ], [ "R", 21 ], [ "R", 21 ], [ "R", 9 ], [ "R", 9 ], [ "R", 2 ], [ "R", 2 ], [ "R", 2 ], [ "R", 21 ], [ "R", 2 ], [ "R", 21 ], [ "W", 21 ], [ "W", 21 ], [ "R", 21 ], [ "W", 21 ], [ "R", 9 ], [ "R", 9 ], [ "R", 8 ], [ "R", 8 ], [ "R", 8 ], [ "R", 21 ], [ "W", 2 ], [ "W", 2 ], [ "W", 2 ], [ "W", 2 ], [ "W", 21 ], [ "R", 2 ], [ "R", 21 ], [ "R", 21 ], [ "R", 2 ], [ "R", 21 ], [ "R", 21 ], [ "R", 2 ], [ "R", 21 ], [ "R", 21 ], [ "R", 9 ], [ "R", 9 ], [ "R", 9 ], [ "R", 2 ], [ "R", 2 ], [ "R", 2 ], [ "R", 21 ], [ "R", 2 ], [ "R", 21 ], [ "R", 21 ], [ "R", 9 ], [ "R", 9 ], [ "R", 2 ], [ "R", 2 ], [ "R", 2 ], [ "R", 21 ], [ "R", 2 ], [ "R", 21 ], [ "R", 21 ], [ "R", 2 ], [ "R", 21 ], [ "R", 21 ], [ "W", 21 ], [ "W", 2 ], [ "W", 21 ], [ "W", 12 ], [ "W", 15 ], [ "W", 12 ], [ "W", 12 ], [ "W", 12 ], [ "W", 2 ], [ "W", 2 ], [ "W", 12 ], [ "W", 2 ], [ "W", 12 ], [ "W", 2 ], [ "W", 15 ], [ "W", 2 ], [ "W", 15 ], [ "W", 2 ], [ "W", 5 ], [ "W", 6 ], [ "W", 5 ], [ "W", 8 ], [ "W", 11 ], [ "W", 8 ], [ "W", 1 ], [ "W", 8 ], [ "R", 9 ], [ "W", 12 ], [ "W", 15 ], [ "W", 12 ], [ "W", 12 ], [ "W", 12 ], [ "W", 2 ], [ "W", 2 ], [ "W", 12 ], [ "W", 12 ], [ "R", 9 ], [ "R", 9 ], [ "R", 9 ], [ "R", 3 ], [ "R", 3 ], [ "R", 3 ], [ "R", 21 ], [ "W", 2 ], [ "W", 2 ], [ "W", 2 ], [ "W", 2 ], [ "W", 21 ], [ "R", 9 ], [ "R", 9 ], [ "R", 9 ], [ "R", 2 ], [ "R", 2 ], [ "R", 2 ], [ "R", 21 ], [ "R", 9 ], [ "W", 3 ], [ "R", 9 ], [ "R", 9 ], [ "R", 9 ], [ "R", 20 ], [ "R", 20 ], [ "R", 20 ], [ "R", 21 ], [ "W", 2 ], [ "W", 2 ], [ "W", 2 ], [ "W", 20 ], [ "W", 2 ], [ "W", 21 ], [ "R", 2 ], [ "R", 21 ], [ "R", 21 ], [ "R", 2 ], [ "R", 21 ], [ "R", 21 ], [ "R", 2 ], [ "R", 21 ], [ "R", 21 ], [ "R", 9 ], [ "R", 9 ], [ "R", 9 ], [ "R", 2 ], [ "R", 2 ], [ "R", 2 ], [ "R", 21 ], [ "R", 2 ], [ "R", 21 ], [ "R", 21 ], [ "R", 2 ], [ "R", 21 ], [ "R", 21 ], [ "W", 21 ], [ "W", 2 ], [ "W", 21 ], [ "W", 12 ], [ "W", 15 ], [ "W", 12 ], [ "W", 12 ], [ "W", 12 ], [ "W", 2 ], [ "W", 2 ], [ "W", 12 ], [ "W", 2 ], [ "W", 12 ], [ "W", 2 ], [ "W", 15 ], [ "W", 2 ], [ "W", 15 ], [ "W", 20 ], [ "W", 17 ], [ "W", 20 ], [ "W", 1 ], [ "W", 6 ], [ "W", 5 ], [ "W", 2 ], [ "W", 5 ], [ "W", 20 ], [ "R", 9 ], [ "W", 12 ], [ "W", 15 ], [ "W", 12 ], [ "W", 12 ], [ "W", 12 ], [ "W", 2 ], [ "W", 2 ], [ "W", 12 ], [ "W", 12 ], [ "R", 9 ], [ "R", 9 ], [ "R", 9 ], [ "R", 2 ], [ "R", 2 ], [ "R", 2 ], [ "R", 21 ], [ "R", 2 ], [ "R", 21 ], [ "R", 21 ], [ "W", 21 ], [ "W", 21 ], [ "W", 21 ], [ "W", 21 ], [ "W", 21 ], [ "W", 21 ], [ "W", 2 ], [ "W", 21 ], [ "W", 2 ], [ "W", 2 ], [ "W", 2 ], [ "W", 2 ], [ "W", 21 ], [ "R", 2 ], [ "R", 21 ], [ "R", 21 ], [ "R", 2 ], [ "R", 21 ], [ "R", 21 ], [ "R", 2 ], [ "R", 21 ], [ "R", 21 ], [ "R", 9 ], [ "R", 9 ], [ "R", 9 ], [ "R", 2 ], [ "R", 2 ], [ "R", 2 ], [ "R", 21 ], [ "R", 2 ], [ "R", 21 ], [ "R", 21 ], [ "R", 2 ], [ "R", 21 ], [ "R", 21 ], [ "W", 21 ], [ "W", 2 ], [ "W", 21 ], [ "W", 12 ], [ "W", 15 ], [ "W", 12 ], [ "W", 12 ], [ "W", 12 ], [ "W", 2 ], [ "W", 2 ], [ "W", 12 ], [ "W", 2 ], [ "W", 12 ], [ "W", 2 ], [ "W", 15 ], [ "W", 2 ], [ "W", 15 ], [ "W", 20 ], [ "W", 17 ], [ "W", 20 ], [ "W", 1 ], [ "W", 6 ], [ "W", 5 ], [ "W", 2 ], [ "W", 5 ], [ "W", 20 ], [ "R", 9 ], [ "W", 12 ], [ "W", 15 ], [ "W", 12 ], [ "W", 12 ], [ "W", 12 ], [ "W", 2 ], [ "W", 2 ], [ "W", 12 ], [ "W", 12 ], [ "R", 9 ], [ "W", 21 ], [ "W", 21 ], [ "W", 21 ], [ "W", 21 ], [ "W", 21 ], [ "W", 21 ], [ "W", 2 ], [ "W", 21 ], [ "W", 2 ], [ "W", 2 ], [ "W", 2 ], [ "W", 2 ], [ "W", 21 ], [ "R", 2 ], [ "R", 21 ], [ "R", 21 ], [ "R", 2 ], [ "R", 21 ], [ "R", 21 ], [ "R", 2 ], [ "R", 21 ], [ "R", 21 ], [ "R", 9 ], [ "R", 9 ], [ "R", 9 ], [ "R", 2 ], [ "R", 2 ], [ "R", 2 ], [ "R", 21 ], [ "R", 2 ], [ "R", 21 ], [ "R", 21 ], [ "R", 9 ], [ "R", 9 ], [ "R", 2 ], [ "R", 2 ], [ "R", 2 ], [ "R", 21 ], [ "R", 2 ], [ "R", 21 ], [ "R", 21 ], [ "R", 2 ], [ "R", 21 ], [ "R", 21 ], [ "W", 21 ], [ "W", 2 ], [ "W", 21 ], [ "W", 12 ], [ "W", 15 ], [ "W", 12 ], [ "W", 12 ], [ "W", 12 ], [ "W", 2 ], [ "W", 2 ], [ "W", 12 ], [ "W", 2 ], [ "W", 12 ], [ "W", 2 ], [ "W", 15 ], [ "W", 2 ], [ "W", 15 ], [ "W", 2 ], [ "W", 5 ], [ "W", 6 ], [ "W", 5 ], [ "W", 8 ], [ "W", 11 ], [ "W", 8 ], [ "W", 1 ], [ "W", 8 ], [ "R", 9 ], [ "W", 12 ], [ "W", 15 ], [ "W", 12 ], [ "W", 12 ], [ "W", 12 ], [ "W", 2 ], [ "W", 2 ], [ "W", 12 ], [ "W", 12 ], [ "R", 9 ] ]
    } ]
  },
  "CommentActorController.save" : {
    "t" : [ {
      "id" : 0,
      "a" : [ [ "R", 6 ], [ "R", 6 ], [ "R", 6 ], [ "R", 2 ], [ "R", 20 ], [ "W", 5 ], [ "W", 6 ], [ "R", 9 ], [ "R", 9 ], [ "R", 2 ], [ "R", 2 ], [ "R", 2 ], [ "R", 21 ], [ "R", 2 ], [ "R", 21 ], [ "R", 21 ], [ "R", 9 ], [ "R", 9 ], [ "R", 2 ], [ "R", 2 ], [ "R", 2 ], [ "R", 21 ], [ "R", 2 ], [ "R", 21 ], [ "R", 21 ], [ "R", 9 ], [ "R", 9 ], [ "R", 2 ], [ "R", 2 ], [ "R", 2 ], [ "R", 21 ], [ "R", 2 ], [ "R", 21 ], [ "R", 21 ], [ "R", 5 ], [ "R", 5 ], [ "R", 2 ], [ "R", 9 ], [ "R", 9 ], [ "R", 9 ], [ "R", 2 ], [ "R", 2 ], [ "R", 2 ], [ "R", 21 ], [ "R", 9 ], [ "W", 5 ], [ "W", 5 ] ]
    } ]
  },
  "CustomerController.display" : {
    "t" : [ {
      "id" : 0,
      "a" : [ [ "R", 9 ], [ "R", 9 ], [ "R", 8 ], [ "R", 8 ], [ "R", 8 ], [ "R", 21 ] ]
    } ]
  },
  "ServiceAdministratorController.edit" : {
    "t" : [ {
      "id" : 0,
      "a" : [ [ "R", 17 ] ]
    } ]
  },
  "CreditCardController.display" : {
    "t" : [ {
      "id" : 0,
      "a" : [ [ "R", 9 ], [ "R", 9 ], [ "R", 8 ], [ "R", 8 ], [ "R", 8 ], [ "R", 21 ], [ "R", 8 ] ]
    } ]
  },
  "InvoiceCustomerController.list" : {
    "t" : [ {
      "id" : 0,
      "a" : [ [ "R", 9 ], [ "R", 9 ], [ "R", 2 ], [ "R", 2 ], [ "R", 2 ], [ "R", 21 ], [ "R", 9 ], [ "R", 9 ], [ "R", 9 ], [ "R", 2 ], [ "R", 2 ], [ "R", 2 ], [ "R", 21 ], [ "R", 2 ], [ "R", 21 ], [ "R", 21 ], [ "R", 11 ], [ "R", 11 ], [ "R", 14 ], [ "R", 11 ], [ "R", 8 ] ]
    } ]
  },
  "ServiceTrainerController.add" : {
    "t" : [ {
      "id" : 0,
      "a" : [ [ "R", 17 ], [ "R", 9 ], [ "R", 9 ], [ "R", 20 ], [ "R", 20 ], [ "R", 20 ], [ "R", 21 ], [ "R", 20 ], [ "R", 17 ], [ "R", 17 ], [ "R", 20 ], [ "W", 17 ], [ "W", 20 ], [ "W", 20 ], [ "W", 17 ], [ "R", 2 ], [ "R", 21 ], [ "R", 21 ], [ "R", 2 ], [ "R", 21 ], [ "R", 21 ], [ "R", 2 ], [ "R", 21 ], [ "R", 21 ], [ "R", 9 ], [ "R", 9 ], [ "R", 9 ], [ "R", 2 ], [ "R", 2 ], [ "R", 2 ], [ "R", 21 ], [ "R", 2 ], [ "R", 21 ], [ "R", 21 ], [ "R", 2 ], [ "R", 21 ], [ "R", 21 ], [ "W", 21 ], [ "W", 2 ], [ "W", 21 ], [ "W", 12 ], [ "W", 15 ], [ "W", 12 ], [ "W", 12 ], [ "W", 12 ], [ "W", 2 ], [ "W", 2 ], [ "W", 12 ], [ "W", 2 ], [ "W", 12 ], [ "W", 2 ], [ "W", 15 ], [ "W", 2 ], [ "W", 15 ], [ "W", 20 ], [ "W", 17 ], [ "W", 20 ], [ "W", 1 ], [ "W", 6 ], [ "W", 5 ], [ "W", 2 ], [ "W", 5 ], [ "W", 20 ], [ "R", 9 ], [ "W", 12 ], [ "W", 15 ], [ "W", 12 ], [ "W", 12 ], [ "W", 12 ], [ "W", 2 ], [ "W", 2 ], [ "W", 12 ], [ "W", 12 ] ]
    } ]
  },
  "BulletinController.list" : {
    "t" : [ {
      "id" : 0,
      "a" : [ [ "R", 4 ], [ "R", 4 ], [ "R", 4 ], [ "R", 13 ], [ "R", 13 ], [ "R", 4 ], [ "R", 4 ], [ "R", 4 ], [ "R", 4 ], [ "R", 4 ], [ "R", 13 ] ]
    } ]
  },
  "ActivityAdministratorController.save" : {
    "t" : [ {
      "id" : 0,
      "a" : [ [ "R", 1 ], [ "R", 17 ], [ "R", 9 ], [ "R", 17 ], [ "R", 17 ], [ "R", 13 ], [ "R", 17 ], [ "R", 13 ], [ "R", 16 ], [ "R", 17 ], [ "R", 13 ], [ "R", 16 ], [ "R", 17 ], [ "R", 1 ], [ "R", 8 ], [ "R", 1 ], [ "R", 16 ], [ "R", 16 ], [ "R", 13 ], [ "R", 13 ], [ "R", 16 ], [ "R", 20 ], [ "R", 20 ], [ "R", 17 ], [ "R", 20 ], [ "R", 20 ], [ "R", 17 ], [ "R", 9 ], [ "R", 9 ], [ "R", 2 ], [ "R", 2 ], [ "R", 2 ], [ "R", 21 ], [ "R", 2 ], [ "R", 21 ], [ "R", 21 ], [ "R", 1 ], [ "R", 16 ], [ "R", 16 ], [ "R", 13 ], [ "R", 13 ], [ "R", 17 ], [ "R", 1 ], [ "R", 17 ], [ "R", 1 ], [ "R", 20 ], [ "R", 20 ], [ "R", 17 ], [ "R", 1 ], [ "R", 17 ], [ "R", 1 ], [ "R", 1 ], [ "R", 16 ], [ "R", 16 ], [ "R", 1 ], [ "R", 20 ], [ "R", 1 ], [ "R", 1 ], [ "R", 20 ], [ "R", 1 ], [ "R", 9 ], [ "R", 9 ], [ "R", 1 ], [ "R", 1 ], [ "R", 1 ], [ "R", 1 ], [ "R", 1 ], [ "R", 1 ], [ "R", 1 ], [ "R", 1 ], [ "R", 1 ], [ "R", 1 ], [ "R", 1 ], [ "R", 9 ], [ "W", 1 ], [ "W", 1 ], [ "W", 8 ], [ "W", 1 ], [ "R", 1 ], [ "R", 16 ], [ "R", 1 ], [ "R", 20 ], [ "R", 1 ], [ "R", 17 ], [ "R", 16 ], [ "R", 1 ], [ "R", 20 ], [ "R", 1 ], [ "R", 17 ], [ "R", 1 ], [ "W", 16 ], [ "R", 2 ], [ "R", 21 ], [ "R", 21 ], [ "R", 2 ], [ "R", 21 ], [ "R", 21 ], [ "R", 2 ], [ "R", 21 ], [ "R", 21 ], [ "R", 9 ], [ "R", 9 ], [ "R", 9 ], [ "R", 2 ], [ "R", 2 ], [ "R", 2 ], [ "R", 21 ], [ "R", 2 ], [ "R", 21 ], [ "R", 21 ], [ "R", 2 ], [ "R", 21 ], [ "R", 21 ], [ "W", 21 ], [ "W", 2 ], [ "W", 21 ], [ "W", 12 ], [ "W", 15 ], [ "W", 12 ], [ "W", 12 ], [ "W", 12 ], [ "W", 2 ], [ "W", 2 ], [ "W", 12 ], [ "W", 2 ], [ "W", 12 ], [ "W", 2 ], [ "W", 15 ], [ "W", 2 ], [ "W", 15 ], [ "W", 20 ], [ "W", 17 ], [ "W", 20 ], [ "W", 1 ], [ "W", 6 ], [ "W", 5 ], [ "W", 2 ], [ "W", 5 ], [ "W", 20 ], [ "R", 9 ], [ "W", 12 ], [ "W", 15 ], [ "W", 12 ], [ "W", 12 ], [ "W", 12 ], [ "W", 2 ], [ "W", 2 ], [ "W", 12 ], [ "W", 12 ], [ "W", 17 ], [ "R", 1 ], [ "R", 1 ], [ "R", 8 ], [ "R", 9 ], [ "R", 1 ], [ "R", 1 ], [ "R", 16 ], [ "R", 1 ], [ "R", 20 ], [ "R", 1 ], [ "R", 8 ], [ "R", 1 ], [ "R", 16 ], [ "R", 16 ], [ "R", 13 ], [ "R", 9 ], [ "R", 1 ], [ "R", 16 ], [ "R", 16 ], [ "R", 13 ], [ "R", 9 ], [ "R", 1 ], [ "R", 17 ], [ "R", 9 ], [ "R", 1 ], [ "R", 17 ], [ "R", 9 ], [ "W", 1 ], [ "R", 1 ], [ "R", 16 ], [ "R", 1 ], [ "R", 20 ], [ "R", 16 ], [ "R", 1 ], [ "R", 20 ], [ "R", 1 ], [ "R", 16 ], [ "R", 1 ], [ "R", 20 ], [ "R", 1 ], [ "W", 16 ], [ "W", 16 ], [ "R", 2 ], [ "R", 21 ], [ "R", 21 ], [ "R", 2 ], [ "R", 21 ], [ "R", 21 ], [ "R", 2 ], [ "R", 21 ], [ "R", 21 ], [ "R", 9 ], [ "R", 9 ], [ "R", 9 ], [ "R", 2 ], [ "R", 2 ], [ "R", 2 ], [ "R", 21 ], [ "R", 2 ], [ "R", 21 ], [ "R", 21 ], [ "R", 2 ], [ "R", 21 ], [ "R", 21 ], [ "W", 21 ], [ "W", 2 ], [ "W", 21 ], [ "W", 12 ], [ "W", 15 ], [ "W", 12 ], [ "W", 12 ], [ "W", 12 ], [ "W", 2 ], [ "W", 2 ], [ "W", 12 ], [ "W", 2 ], [ "W", 12 ], [ "W", 2 ], [ "W", 15 ], [ "W", 2 ], [ "W", 15 ], [ "W", 20 ], [ "W", 17 ], [ "W", 20 ], [ "W", 1 ], [ "W", 6 ], [ "W", 5 ], [ "W", 2 ], [ "W", 5 ], [ "W", 20 ], [ "R", 9 ], [ "W", 12 ], [ "W", 15 ], [ "W", 12 ], [ "W", 12 ], [ "W", 12 ], [ "W", 2 ], [ "W", 2 ], [ "W", 12 ], [ "W", 12 ], [ "R", 2 ], [ "R", 21 ], [ "R", 21 ], [ "R", 2 ], [ "R", 21 ], [ "R", 21 ], [ "R", 2 ], [ "R", 21 ], [ "R", 21 ], [ "R", 9 ], [ "R", 9 ], [ "R", 9 ], [ "R", 2 ], [ "R", 2 ], [ "R", 2 ], [ "R", 21 ], [ "R", 2 ], [ "R", 21 ], [ "R", 21 ], [ "R", 2 ], [ "R", 21 ], [ "R", 21 ], [ "W", 21 ], [ "W", 2 ], [ "W", 21 ], [ "W", 12 ], [ "W", 15 ], [ "W", 12 ], [ "W", 12 ], [ "W", 12 ], [ "W", 2 ], [ "W", 2 ], [ "W", 12 ], [ "W", 2 ], [ "W", 12 ], [ "W", 2 ], [ "W", 15 ], [ "W", 2 ], [ "W", 15 ], [ "W", 20 ], [ "W", 17 ], [ "W", 20 ], [ "W", 1 ], [ "W", 6 ], [ "W", 5 ], [ "W", 2 ], [ "W", 5 ], [ "W", 20 ], [ "R", 9 ], [ "W", 12 ], [ "W", 15 ], [ "W", 12 ], [ "W", 12 ], [ "W", 12 ], [ "W", 2 ], [ "W", 2 ], [ "W", 12 ], [ "W", 12 ], [ "R", 1 ], [ "R", 17 ], [ "R", 9 ], [ "R", 17 ], [ "R", 17 ], [ "R", 13 ], [ "R", 17 ], [ "R", 13 ], [ "R", 16 ], [ "R", 17 ], [ "R", 13 ], [ "R", 16 ], [ "R", 17 ], [ "R", 1 ], [ "R", 8 ], [ "R", 1 ], [ "R", 16 ], [ "R", 16 ], [ "R", 13 ], [ "R", 13 ], [ "R", 16 ], [ "R", 20 ], [ "R", 20 ], [ "R", 17 ], [ "R", 20 ], [ "R", 20 ], [ "R", 17 ] ]
    } ]
  },
  "CurriculumTrainerController.list" : {
    "t" : [ {
      "id" : 0,
      "a" : [ [ "R", 9 ], [ "R", 9 ], [ "R", 20 ], [ "R", 20 ], [ "R", 20 ], [ "R", 21 ], [ "R", 20 ], [ "R", 7 ], [ "R", 20 ], [ "R", 7 ], [ "R", 7 ], [ "R", 7 ] ]
    } ]
  },
  "SpamTermAdministratorController.delete" : {
    "t" : [ {
      "id" : 0,
      "a" : [ [ "R", 9 ], [ "R", 9 ], [ "R", 9 ], [ "R", 2 ], [ "R", 2 ], [ "R", 2 ], [ "R", 21 ], [ "R", 2 ], [ "R", 21 ], [ "R", 21 ], [ "W", 19 ] ]
    } ]
  },
  "ActivityCustomerController.cancel" : {
    "t" : [ {
      "id" : 0,
      "a" : [ [ "R", 1 ], [ "R", 9 ], [ "R", 9 ], [ "R", 9 ], [ "R", 2 ], [ "R", 2 ], [ "R", 2 ], [ "R", 21 ], [ "R", 2 ], [ "R", 21 ], [ "R", 21 ], [ "R", 1 ], [ "R", 1 ], [ "R", 9 ], [ "R", 9 ], [ "R", 8 ], [ "R", 8 ], [ "R", 8 ], [ "R", 21 ], [ "R", 1 ], [ "R", 8 ], [ "R", 8 ], [ "R", 1 ], [ "R", 1 ], [ "R", 8 ], [ "R", 8 ], [ "R", 1 ], [ "R", 1 ], [ "R", 8 ], [ "R", 8 ], [ "R", 1 ], [ "W", 1 ] ]
    } ]
  },
  "TrainerTrainerController.save" : {
    "t" : [ {
      "id" : 0,
      "a" : [ [ "R", 9 ], [ "R", 9 ], [ "R", 2 ], [ "R", 2 ], [ "R", 2 ], [ "R", 21 ], [ "R", 2 ], [ "R", 21 ], [ "R", 21 ], [ "R", 9 ], [ "R", 9 ], [ "R", 2 ], [ "R", 2 ], [ "R", 2 ], [ "R", 21 ], [ "R", 2 ], [ "R", 21 ], [ "R", 21 ], [ "R", 9 ], [ "R", 9 ], [ "R", 2 ], [ "R", 2 ], [ "R", 2 ], [ "R", 21 ], [ "R", 2 ], [ "R", 21 ], [ "R", 21 ], [ "R", 9 ], [ "R", 9 ], [ "R", 2 ], [ "R", 2 ], [ "R", 2 ], [ "R", 21 ], [ "R", 2 ], [ "R", 21 ], [ "R", 21 ], [ "R", 9 ], [ "R", 9 ], [ "R", 2 ], [ "R", 2 ], [ "R", 2 ], [ "R", 21 ], [ "R", 2 ], [ "R", 21 ], [ "R", 21 ], [ "R", 9 ], [ "R", 9 ], [ "R", 2 ], [ "R", 2 ], [ "R", 2 ], [ "R", 21 ], [ "R", 2 ], [ "R", 21 ], [ "R", 21 ], [ "R", 9 ], [ "R", 9 ], [ "R", 2 ], [ "R", 2 ], [ "R", 2 ], [ "R", 21 ], [ "R", 2 ], [ "R", 21 ], [ "W", 21 ], [ "W", 21 ], [ "R", 21 ], [ "W", 21 ], [ "R", 9 ], [ "R", 9 ], [ "R", 8 ], [ "R", 8 ], [ "R", 8 ], [ "R", 21 ], [ "W", 2 ], [ "W", 2 ], [ "W", 2 ], [ "W", 2 ], [ "W", 21 ], [ "R", 2 ], [ "R", 21 ], [ "R", 21 ], [ "R", 2 ], [ "R", 21 ], [ "R", 21 ], [ "R", 2 ], [ "R", 21 ], [ "R", 21 ], [ "R", 9 ], [ "R", 9 ], [ "R", 9 ], [ "R", 2 ], [ "R", 2 ], [ "R", 2 ], [ "R", 21 ], [ "R", 2 ], [ "R", 21 ], [ "R", 21 ], [ "R", 9 ], [ "R", 9 ], [ "R", 2 ], [ "R", 2 ], [ "R", 2 ], [ "R", 21 ], [ "R", 2 ], [ "R", 21 ], [ "R", 21 ], [ "R", 2 ], [ "R", 21 ], [ "R", 21 ], [ "W", 21 ], [ "W", 2 ], [ "W", 21 ], [ "W", 12 ], [ "W", 15 ], [ "W", 12 ], [ "W", 12 ], [ "W", 12 ], [ "W", 2 ], [ "W", 2 ], [ "W", 12 ], [ "W", 2 ], [ "W", 12 ], [ "W", 2 ], [ "W", 15 ], [ "W", 2 ], [ "W", 15 ], [ "W", 2 ], [ "W", 5 ], [ "W", 6 ], [ "W", 5 ], [ "W", 8 ], [ "W", 11 ], [ "W", 8 ], [ "W", 1 ], [ "W", 8 ], [ "R", 9 ], [ "W", 12 ], [ "W", 15 ], [ "W", 12 ], [ "W", 12 ], [ "W", 12 ], [ "W", 2 ], [ "W", 2 ], [ "W", 12 ], [ "W", 12 ], [ "R", 9 ], [ "R", 9 ], [ "R", 9 ], [ "R", 3 ], [ "R", 3 ], [ "R", 3 ], [ "R", 21 ], [ "W", 2 ], [ "W", 2 ], [ "W", 2 ], [ "W", 2 ], [ "W", 21 ], [ "R", 9 ], [ "R", 9 ], [ "R", 9 ], [ "R", 2 ], [ "R", 2 ], [ "R", 2 ], [ "R", 21 ], [ "R", 9 ], [ "W", 3 ], [ "R", 9 ], [ "R", 9 ], [ "R", 9 ], [ "R", 20 ], [ "R", 20 ], [ "R", 20 ], [ "R", 21 ], [ "W", 2 ], [ "W", 2 ], [ "W", 2 ], [ "W", 20 ], [ "W", 2 ], [ "W", 21 ], [ "R", 2 ], [ "R", 21 ], [ "R", 21 ], [ "R", 2 ], [ "R", 21 ], [ "R", 21 ], [ "R", 2 ], [ "R", 21 ], [ "R", 21 ], [ "R", 9 ], [ "R", 9 ], [ "R", 9 ], [ "R", 2 ], [ "R", 2 ], [ "R", 2 ], [ "R", 21 ], [ "R", 2 ], [ "R", 21 ], [ "R", 21 ], [ "R", 2 ], [ "R", 21 ], [ "R", 21 ], [ "W", 21 ], [ "W", 2 ], [ "W", 21 ], [ "W", 12 ], [ "W", 15 ], [ "W", 12 ], [ "W", 12 ], [ "W", 12 ], [ "W", 2 ], [ "W", 2 ], [ "W", 12 ], [ "W", 2 ], [ "W", 12 ], [ "W", 2 ], [ "W", 15 ], [ "W", 2 ], [ "W", 15 ], [ "W", 20 ], [ "W", 17 ], [ "W", 20 ], [ "W", 1 ], [ "W", 6 ], [ "W", 5 ], [ "W", 2 ], [ "W", 5 ], [ "W", 20 ], [ "R", 9 ], [ "W", 12 ], [ "W", 15 ], [ "W", 12 ], [ "W", 12 ], [ "W", 12 ], [ "W", 2 ], [ "W", 2 ], [ "W", 12 ], [ "W", 12 ], [ "R", 9 ], [ "R", 9 ], [ "R", 9 ], [ "R", 2 ], [ "R", 2 ], [ "R", 2 ], [ "R", 21 ], [ "R", 2 ], [ "R", 21 ], [ "R", 21 ], [ "W", 21 ], [ "W", 21 ], [ "W", 21 ], [ "W", 21 ], [ "W", 21 ], [ "W", 21 ], [ "W", 2 ], [ "W", 21 ], [ "W", 2 ], [ "W", 2 ], [ "W", 2 ], [ "W", 2 ], [ "W", 21 ], [ "R", 2 ], [ "R", 21 ], [ "R", 21 ], [ "R", 2 ], [ "R", 21 ], [ "R", 21 ], [ "R", 2 ], [ "R", 21 ], [ "R", 21 ], [ "R", 9 ], [ "R", 9 ], [ "R", 9 ], [ "R", 2 ], [ "R", 2 ], [ "R", 2 ], [ "R", 21 ], [ "R", 2 ], [ "R", 21 ], [ "R", 21 ], [ "R", 2 ], [ "R", 21 ], [ "R", 21 ], [ "W", 21 ], [ "W", 2 ], [ "W", 21 ], [ "W", 12 ], [ "W", 15 ], [ "W", 12 ], [ "W", 12 ], [ "W", 12 ], [ "W", 2 ], [ "W", 2 ], [ "W", 12 ], [ "W", 2 ], [ "W", 12 ], [ "W", 2 ], [ "W", 15 ], [ "W", 2 ], [ "W", 15 ], [ "W", 20 ], [ "W", 17 ], [ "W", 20 ], [ "W", 1 ], [ "W", 6 ], [ "W", 5 ], [ "W", 2 ], [ "W", 5 ], [ "W", 20 ], [ "R", 9 ], [ "W", 12 ], [ "W", 15 ], [ "W", 12 ], [ "W", 12 ], [ "W", 12 ], [ "W", 2 ], [ "W", 2 ], [ "W", 12 ], [ "W", 12 ], [ "R", 9 ], [ "W", 21 ], [ "W", 21 ], [ "W", 21 ], [ "W", 21 ], [ "W", 21 ], [ "W", 21 ], [ "W", 2 ], [ "W", 21 ], [ "W", 2 ], [ "W", 2 ], [ "W", 2 ], [ "W", 2 ], [ "W", 21 ], [ "R", 2 ], [ "R", 21 ], [ "R", 21 ], [ "R", 2 ], [ "R", 21 ], [ "R", 21 ], [ "R", 2 ], [ "R", 21 ], [ "R", 21 ], [ "R", 9 ], [ "R", 9 ], [ "R", 9 ], [ "R", 2 ], [ "R", 2 ], [ "R", 2 ], [ "R", 21 ], [ "R", 2 ], [ "R", 21 ], [ "R", 21 ], [ "R", 9 ], [ "R", 9 ], [ "R", 2 ], [ "R", 2 ], [ "R", 2 ], [ "R", 21 ], [ "R", 2 ], [ "R", 21 ], [ "R", 21 ], [ "R", 2 ], [ "R", 21 ], [ "R", 21 ], [ "W", 21 ], [ "W", 2 ], [ "W", 21 ], [ "W", 12 ], [ "W", 15 ], [ "W", 12 ], [ "W", 12 ], [ "W", 12 ], [ "W", 2 ], [ "W", 2 ], [ "W", 12 ], [ "W", 2 ], [ "W", 12 ], [ "W", 2 ], [ "W", 15 ], [ "W", 2 ], [ "W", 15 ], [ "W", 2 ], [ "W", 5 ], [ "W", 6 ], [ "W", 5 ], [ "W", 8 ], [ "W", 11 ], [ "W", 8 ], [ "W", 1 ], [ "W", 8 ], [ "R", 9 ], [ "W", 12 ], [ "W", 15 ], [ "W", 12 ], [ "W", 12 ], [ "W", 12 ], [ "W", 2 ], [ "W", 2 ], [ "W", 12 ], [ "W", 12 ], [ "R", 9 ] ]
    } ]
  },
  "FolderActorController.save" : {
    "t" : [ {
      "id" : 0,
      "a" : [ [ "R", 12 ], [ "R", 2 ], [ "R", 2 ], [ "R", 21 ], [ "R", 9 ], [ "R", 9 ], [ "R", 9 ], [ "R", 2 ], [ "R", 2 ], [ "R", 2 ], [ "R", 21 ], [ "R", 2 ], [ "R", 21 ], [ "R", 9 ], [ "R", 9 ], [ "R", 9 ], [ "R", 12 ], [ "R", 12 ], [ "R", 2 ], [ "R", 2 ], [ "R", 21 ], [ "R", 9 ], [ "R", 9 ], [ "R", 9 ], [ "R", 2 ], [ "R", 2 ], [ "R", 2 ], [ "R", 21 ], [ "R", 2 ], [ "R", 21 ], [ "R", 9 ], [ "W", 12 ], [ "W", 15 ], [ "R", 12 ], [ "W", 12 ], [ "R", 9 ], [ "W", 12 ], [ "R", 9 ], [ "R", 9 ], [ "R", 2 ], [ "R", 2 ], [ "R", 2 ], [ "R", 21 ], [ "R", 2 ], [ "R", 21 ], [ "R", 21 ], [ "R", 9 ], [ "R", 9 ], [ "R", 2 ], [ "R", 2 ], [ "R", 2 ], [ "R", 21 ], [ "R", 2 ], [ "R", 21 ], [ "R", 21 ], [ "R", 9 ], [ "R", 9 ], [ "R", 2 ], [ "R", 2 ], [ "R", 2 ], [ "R", 21 ], [ "R", 2 ], [ "R", 21 ], [ "R", 21 ], [ "R", 9 ], [ "R", 9 ], [ "R", 9 ], [ "R", 2 ], [ "R", 2 ], [ "R", 2 ], [ "R", 21 ], [ "W", 12 ], [ "W", 2 ], [ "R", 12 ], [ "R", 2 ], [ "R", 2 ], [ "R", 21 ], [ "R", 9 ], [ "R", 9 ], [ "R", 9 ], [ "R", 2 ], [ "R", 2 ], [ "R", 2 ], [ "R", 21 ], [ "R", 2 ], [ "R", 21 ], [ "R", 9 ], [ "W", 12 ] ]
    } ]
  },
  "ExchangeRateAdministratorController.save" : {
    "t" : [ {
      "id" : 0,
      "a" : [ [ "R", 9 ], [ "R", 9 ], [ "R", 2 ], [ "R", 2 ], [ "R", 2 ], [ "R", 21 ], [ "R", 2 ], [ "R", 21 ], [ "R", 21 ], [ "W", 10 ] ]
    } ]
  },
  "TrainerTrainerController.display" : {
    "t" : [ {
      "id" : 0,
      "a" : [ [ "R", 9 ], [ "R", 9 ], [ "R", 20 ], [ "R", 20 ], [ "R", 20 ], [ "R", 21 ] ]
    } ]
  },
  "InvoiceCustomerController.draft" : {
    "t" : [ {
      "id" : 0,
      "a" : [ [ "R", 9 ], [ "R", 9 ], [ "R", 2 ], [ "R", 2 ], [ "R", 2 ], [ "R", 21 ], [ "R", 9 ], [ "R", 9 ], [ "R", 9 ], [ "R", 2 ], [ "R", 2 ], [ "R", 2 ], [ "R", 21 ], [ "R", 2 ], [ "R", 21 ], [ "R", 21 ], [ "R", 9 ], [ "R", 9 ], [ "R", 2 ], [ "R", 2 ], [ "R", 2 ], [ "R", 21 ], [ "R", 2 ], [ "R", 21 ], [ "R", 21 ], [ "R", 9 ], [ "R", 9 ], [ "R", 2 ], [ "R", 2 ], [ "R", 2 ], [ "R", 21 ], [ "R", 9 ], [ "R", 2 ], [ "R", 11 ], [ "R", 11 ], [ "R", 11 ], [ "R", 8 ], [ "R", 11 ], [ "R", 14 ], [ "R", 11 ], [ "R", 2 ], [ "R", 2 ], [ "R", 2 ], [ "R", 2 ], [ "R", 14 ], [ "R", 14 ], [ "R", 14 ], [ "R", 9 ], [ "R", 9 ], [ "R", 2 ], [ "R", 2 ], [ "R", 2 ], [ "R", 21 ], [ "R", 2 ], [ "R", 21 ], [ "R", 21 ], [ "R", 14 ], [ "R", 11 ], [ "R", 14 ], [ "R", 11 ], [ "R", 11 ], [ "R", 14 ], [ "R", 14 ], [ "R", 11 ], [ "R", 11 ], [ "W", 14 ], [ "W", 14 ], [ "W", 14 ], [ "R", 14 ], [ "R", 11 ], [ "W", 11 ], [ "W", 14 ], [ "W", 11 ], [ "R", 9 ], [ "R", 9 ], [ "R", 2 ], [ "R", 2 ], [ "R", 2 ], [ "R", 21 ], [ "R", 2 ], [ "R", 21 ], [ "R", 21 ], [ "R", 9 ], [ "R", 9 ], [ "R", 2 ], [ "R", 2 ], [ "R", 2 ], [ "R", 21 ], [ "R", 2 ], [ "R", 21 ], [ "R", 21 ], [ "R", 9 ], [ "R", 9 ], [ "R", 2 ], [ "R", 2 ], [ "R", 2 ], [ "R", 21 ], [ "R", 9 ], [ "R", 2 ], [ "R", 11 ], [ "R", 11 ], [ "R", 11 ], [ "R", 8 ], [ "R", 11 ], [ "R", 14 ], [ "R", 11 ], [ "R", 2 ], [ "R", 2 ], [ "R", 2 ], [ "R", 2 ], [ "R", 14 ], [ "R", 14 ], [ "R", 14 ] ]
    } ]
  },
  "RoomController.list" : {
    "t" : [ {
      "id" : 0,
      "a" : [ [ "R", 16 ], [ "R", 16 ], [ "R", 16 ], [ "R", 13 ], [ "R", 13 ] ]
    } ]
  },
  "ExchangeRateAdministratorController.delete" : {
    "t" : [ {
      "id" : 0,
      "a" : [ [ "R", 9 ], [ "R", 9 ], [ "R", 2 ], [ "R", 2 ], [ "R", 2 ], [ "R", 21 ], [ "R", 2 ], [ "R", 21 ], [ "R", 21 ], [ "W", 10 ] ]
    } ]
  },
  "CustomerController.save" : {
    "t" : [ {
      "id" : 0,
      "a" : [ [ "R", 9 ], [ "R", 9 ], [ "R", 2 ], [ "R", 2 ], [ "R", 2 ], [ "R", 21 ], [ "R", 2 ], [ "R", 21 ], [ "R", 21 ], [ "R", 9 ], [ "R", 9 ], [ "R", 2 ], [ "R", 2 ], [ "R", 2 ], [ "R", 21 ], [ "R", 2 ], [ "R", 21 ], [ "R", 21 ], [ "R", 9 ], [ "R", 9 ], [ "R", 2 ], [ "R", 2 ], [ "R", 2 ], [ "R", 21 ], [ "R", 2 ], [ "R", 21 ], [ "R", 21 ], [ "R", 9 ], [ "R", 9 ], [ "R", 2 ], [ "R", 2 ], [ "R", 2 ], [ "R", 21 ], [ "R", 2 ], [ "R", 21 ], [ "R", 21 ], [ "R", 9 ], [ "R", 9 ], [ "R", 2 ], [ "R", 2 ], [ "R", 2 ], [ "R", 21 ], [ "R", 2 ], [ "R", 21 ], [ "R", 21 ], [ "R", 9 ], [ "R", 9 ], [ "R", 2 ], [ "R", 2 ], [ "R", 2 ], [ "R", 21 ], [ "R", 2 ], [ "R", 21 ], [ "R", 21 ], [ "R", 9 ], [ "R", 9 ], [ "R", 2 ], [ "R", 2 ], [ "R", 2 ], [ "R", 21 ], [ "R", 2 ], [ "R", 21 ], [ "W", 21 ], [ "W", 21 ], [ "R", 21 ], [ "W", 21 ], [ "R", 9 ], [ "R", 9 ], [ "R", 8 ], [ "R", 8 ], [ "R", 8 ], [ "R", 21 ], [ "W", 2 ], [ "W", 2 ], [ "W", 2 ], [ "W", 2 ], [ "W", 21 ], [ "R", 2 ], [ "R", 21 ], [ "R", 21 ], [ "R", 2 ], [ "R", 21 ], [ "R", 21 ], [ "R", 2 ], [ "R", 21 ], [ "R", 21 ], [ "R", 9 ], [ "R", 9 ], [ "R", 9 ], [ "R", 2 ], [ "R", 2 ], [ "R", 2 ], [ "R", 21 ], [ "R", 2 ], [ "R", 21 ], [ "R", 21 ], [ "R", 9 ], [ "R", 9 ], [ "R", 2 ], [ "R", 2 ], [ "R", 2 ], [ "R", 21 ], [ "R", 2 ], [ "R", 21 ], [ "R", 21 ], [ "R", 2 ], [ "R", 21 ], [ "R", 21 ], [ "W", 21 ], [ "W", 2 ], [ "W", 21 ], [ "W", 12 ], [ "W", 15 ], [ "W", 12 ], [ "W", 12 ], [ "W", 12 ], [ "W", 2 ], [ "W", 2 ], [ "W", 12 ], [ "W", 2 ], [ "W", 12 ], [ "W", 2 ], [ "W", 15 ], [ "W", 2 ], [ "W", 15 ], [ "W", 2 ], [ "W", 5 ], [ "W", 6 ], [ "W", 5 ], [ "W", 8 ], [ "W", 11 ], [ "W", 8 ], [ "W", 1 ], [ "W", 8 ], [ "R", 9 ], [ "W", 12 ], [ "W", 15 ], [ "W", 12 ], [ "W", 12 ], [ "W", 12 ], [ "W", 2 ], [ "W", 2 ], [ "W", 12 ], [ "W", 12 ], [ "R", 9 ], [ "R", 9 ], [ "R", 9 ], [ "R", 3 ], [ "R", 3 ], [ "R", 3 ], [ "R", 21 ], [ "W", 2 ], [ "W", 2 ], [ "W", 2 ], [ "W", 2 ], [ "W", 21 ], [ "R", 9 ], [ "R", 9 ], [ "R", 9 ], [ "R", 2 ], [ "R", 2 ], [ "R", 2 ], [ "R", 21 ], [ "R", 9 ], [ "W", 3 ], [ "R", 9 ], [ "R", 9 ], [ "R", 9 ], [ "R", 20 ], [ "R", 20 ], [ "R", 20 ], [ "R", 21 ], [ "W", 2 ], [ "W", 2 ], [ "W", 2 ], [ "W", 20 ], [ "W", 2 ], [ "W", 21 ], [ "R", 2 ], [ "R", 21 ], [ "R", 21 ], [ "R", 2 ], [ "R", 21 ], [ "R", 21 ], [ "R", 2 ], [ "R", 21 ], [ "R", 21 ], [ "R", 9 ], [ "R", 9 ], [ "R", 9 ], [ "R", 2 ], [ "R", 2 ], [ "R", 2 ], [ "R", 21 ], [ "R", 2 ], [ "R", 21 ], [ "R", 21 ], [ "R", 2 ], [ "R", 21 ], [ "R", 21 ], [ "W", 21 ], [ "W", 2 ], [ "W", 21 ], [ "W", 12 ], [ "W", 15 ], [ "W", 12 ], [ "W", 12 ], [ "W", 12 ], [ "W", 2 ], [ "W", 2 ], [ "W", 12 ], [ "W", 2 ], [ "W", 12 ], [ "W", 2 ], [ "W", 15 ], [ "W", 2 ], [ "W", 15 ], [ "W", 20 ], [ "W", 17 ], [ "W", 20 ], [ "W", 1 ], [ "W", 6 ], [ "W", 5 ], [ "W", 2 ], [ "W", 5 ], [ "W", 20 ], [ "R", 9 ], [ "W", 12 ], [ "W", 15 ], [ "W", 12 ], [ "W", 12 ], [ "W", 12 ], [ "W", 2 ], [ "W", 2 ], [ "W", 12 ], [ "W", 12 ], [ "R", 9 ], [ "R", 9 ], [ "R", 9 ], [ "R", 2 ], [ "R", 2 ], [ "R", 2 ], [ "R", 21 ], [ "R", 2 ], [ "R", 21 ], [ "R", 21 ], [ "W", 21 ], [ "W", 21 ], [ "W", 21 ], [ "W", 21 ], [ "W", 21 ], [ "W", 21 ], [ "W", 2 ], [ "W", 21 ], [ "W", 2 ], [ "W", 2 ], [ "W", 2 ], [ "W", 2 ], [ "W", 21 ], [ "R", 2 ], [ "R", 21 ], [ "R", 21 ], [ "R", 2 ], [ "R", 21 ], [ "R", 21 ], [ "R", 2 ], [ "R", 21 ], [ "R", 21 ], [ "R", 9 ], [ "R", 9 ], [ "R", 9 ], [ "R", 2 ], [ "R", 2 ], [ "R", 2 ], [ "R", 21 ], [ "R", 2 ], [ "R", 21 ], [ "R", 21 ], [ "R", 2 ], [ "R", 21 ], [ "R", 21 ], [ "W", 21 ], [ "W", 2 ], [ "W", 21 ], [ "W", 12 ], [ "W", 15 ], [ "W", 12 ], [ "W", 12 ], [ "W", 12 ], [ "W", 2 ], [ "W", 2 ], [ "W", 12 ], [ "W", 2 ], [ "W", 12 ], [ "W", 2 ], [ "W", 15 ], [ "W", 2 ], [ "W", 15 ], [ "W", 20 ], [ "W", 17 ], [ "W", 20 ], [ "W", 1 ], [ "W", 6 ], [ "W", 5 ], [ "W", 2 ], [ "W", 5 ], [ "W", 20 ], [ "R", 9 ], [ "W", 12 ], [ "W", 15 ], [ "W", 12 ], [ "W", 12 ], [ "W", 12 ], [ "W", 2 ], [ "W", 2 ], [ "W", 12 ], [ "W", 12 ], [ "R", 9 ], [ "W", 21 ], [ "W", 21 ], [ "W", 21 ], [ "W", 21 ], [ "W", 21 ], [ "W", 21 ], [ "W", 2 ], [ "W", 21 ], [ "W", 2 ], [ "W", 2 ], [ "W", 2 ], [ "W", 2 ], [ "W", 21 ], [ "R", 2 ], [ "R", 21 ], [ "R", 21 ], [ "R", 2 ], [ "R", 21 ], [ "R", 21 ], [ "R", 2 ], [ "R", 21 ], [ "R", 21 ], [ "R", 9 ], [ "R", 9 ], [ "R", 9 ], [ "R", 2 ], [ "R", 2 ], [ "R", 2 ], [ "R", 21 ], [ "R", 2 ], [ "R", 21 ], [ "R", 21 ], [ "R", 9 ], [ "R", 9 ], [ "R", 2 ], [ "R", 2 ], [ "R", 2 ], [ "R", 21 ], [ "R", 2 ], [ "R", 21 ], [ "R", 21 ], [ "R", 2 ], [ "R", 21 ], [ "R", 21 ], [ "W", 21 ], [ "W", 2 ], [ "W", 21 ], [ "W", 12 ], [ "W", 15 ], [ "W", 12 ], [ "W", 12 ], [ "W", 12 ], [ "W", 2 ], [ "W", 2 ], [ "W", 12 ], [ "W", 2 ], [ "W", 12 ], [ "W", 2 ], [ "W", 15 ], [ "W", 2 ], [ "W", 15 ], [ "W", 2 ], [ "W", 5 ], [ "W", 6 ], [ "W", 5 ], [ "W", 8 ], [ "W", 11 ], [ "W", 8 ], [ "W", 1 ], [ "W", 8 ], [ "R", 9 ], [ "W", 12 ], [ "W", 15 ], [ "W", 12 ], [ "W", 12 ], [ "W", 12 ], [ "W", 2 ], [ "W", 2 ], [ "W", 12 ], [ "W", 12 ], [ "R", 9 ] ]
    } ]
  },
  "TrainerAdministratorController.edit" : {
    "t" : [ {
      "id" : 0,
      "a" : [ [ "R", 9 ], [ "R", 9 ], [ "R", 2 ], [ "R", 2 ], [ "R", 2 ], [ "R", 21 ], [ "R", 2 ], [ "R", 2 ], [ "R", 2 ], [ "R", 2 ], [ "R", 21 ], [ "R", 21 ], [ "R", 9 ], [ "R", 9 ], [ "R", 2 ], [ "R", 2 ], [ "R", 2 ], [ "R", 21 ], [ "R", 2 ], [ "R", 21 ], [ "R", 21 ], [ "R", 9 ], [ "R", 9 ], [ "R", 20 ], [ "R", 20 ], [ "R", 20 ], [ "R", 21 ], [ "R", 20 ] ]
    } ]
  },
  "RoomAdministratorController.list" : {
    "t" : [ {
      "id" : 0,
      "a" : [ [ "R", 16 ], [ "R", 16 ], [ "R", 16 ], [ "R", 13 ], [ "R", 13 ] ]
    } ]
  },
  "SocialIdentityController.create" : {
    "t" : [ {
      "id" : 0,
      "a" : [ [ "R", 9 ], [ "R", 9 ], [ "R", 8 ], [ "R", 8 ], [ "R", 8 ], [ "R", 21 ], [ "R", 8 ], [ "R", 18 ] ]
    } ]
  },
  "SpamTermAdministratorController.list" : {
    "t" : [ {
      "id" : 0,
      "a" : [ [ "R", 19 ] ]
    } ]
  },
  "ActivityAdministratorController.list" : {
    "t" : [ {
      "id" : 0,
      "a" : [ [ "R", 9 ], [ "R", 9 ], [ "R", 2 ], [ "R", 2 ], [ "R", 2 ], [ "R", 21 ], [ "R", 2 ], [ "R", 21 ], [ "R", 21 ], [ "R", 1 ], [ "R", 1 ], [ "R", 1 ], [ "R", 16 ], [ "R", 1 ], [ "R", 16 ], [ "R", 13 ], [ "R", 1 ], [ "R", 1 ], [ "R", 16 ], [ "R", 13 ] ]
    } ]
  },
  "ActivityAdministratorController.saveOfCreate" : {
    "t" : [ {
      "id" : 0,
      "a" : [ [ "R", 1 ], [ "R", 17 ], [ "R", 9 ], [ "R", 17 ], [ "R", 17 ], [ "R", 13 ], [ "R", 17 ], [ "R", 13 ], [ "R", 16 ], [ "R", 17 ], [ "R", 13 ], [ "R", 16 ], [ "R", 17 ], [ "R", 1 ], [ "R", 8 ], [ "R", 1 ], [ "R", 16 ], [ "R", 16 ], [ "R", 13 ], [ "R", 13 ], [ "R", 16 ], [ "R", 20 ], [ "R", 20 ], [ "R", 17 ], [ "R", 20 ], [ "R", 20 ], [ "R", 17 ], [ "R", 1 ], [ "R", 17 ], [ "R", 17 ], [ "W", 1 ], [ "R", 1 ], [ "R", 17 ], [ "R", 17 ], [ "W", 1 ], [ "R", 1 ], [ "R", 17 ], [ "R", 9 ], [ "R", 17 ], [ "R", 17 ], [ "R", 13 ], [ "R", 17 ], [ "R", 13 ], [ "R", 16 ], [ "R", 17 ], [ "R", 13 ], [ "R", 16 ], [ "R", 17 ], [ "R", 1 ], [ "R", 8 ], [ "R", 1 ], [ "R", 16 ], [ "R", 16 ], [ "R", 13 ], [ "R", 13 ], [ "R", 16 ], [ "R", 20 ], [ "R", 20 ], [ "R", 17 ], [ "R", 20 ], [ "R", 20 ], [ "R", 17 ], [ "R", 17 ] ]
    } ]
  },
  "CurriculumTrainerController.create" : {
    "t" : [ {
      "id" : 0,
      "a" : [ [ "R", 9 ], [ "R", 9 ], [ "R", 2 ], [ "R", 2 ], [ "R", 2 ], [ "R", 21 ], [ "R", 2 ], [ "R", 21 ], [ "R", 21 ], [ "W", 7 ] ]
    } ]
  },
  "FolderActorController.list" : {
    "t" : [ {
      "id" : 0,
      "a" : [ [ "R", 9 ], [ "R", 9 ], [ "R", 2 ], [ "R", 2 ], [ "R", 2 ], [ "R", 21 ], [ "R", 9 ], [ "R", 12 ], [ "R", 12 ], [ "R", 12 ], [ "R", 2 ] ]
    } ]
  },
  "MessageActorController.list" : {
    "t" : [ {
      "id" : 0,
      "a" : [ [ "R", 12 ], [ "R", 12 ], [ "R", 2 ], [ "R", 2 ], [ "R", 21 ], [ "R", 9 ], [ "R", 9 ], [ "R", 9 ], [ "R", 2 ], [ "R", 2 ], [ "R", 2 ], [ "R", 21 ], [ "R", 2 ], [ "R", 21 ], [ "R", 9 ], [ "R", 12 ], [ "R", 2 ], [ "R", 2 ], [ "R", 21 ], [ "R", 9 ], [ "R", 9 ], [ "R", 9 ], [ "R", 2 ], [ "R", 2 ], [ "R", 2 ], [ "R", 21 ], [ "R", 2 ], [ "R", 21 ], [ "R", 9 ], [ "R", 12 ], [ "R", 2 ], [ "R", 9 ], [ "R", 9 ], [ "R", 2 ], [ "R", 2 ], [ "R", 2 ], [ "R", 21 ], [ "R", 9 ], [ "R", 9 ], [ "R", 9 ], [ "R", 9 ], [ "R", 15 ], [ "R", 15 ], [ "R", 12 ], [ "R", 15 ], [ "R", 15 ], [ "R", 12 ] ]
    } ]
  },
  "ServiceTrainerController.list" : {
    "t" : [ {
      "id" : 0,
      "a" : [ [ "R", 9 ], [ "R", 9 ], [ "R", 20 ], [ "R", 20 ], [ "R", 20 ], [ "R", 21 ], [ "R", 17 ], [ "R", 20 ], [ "R", 17 ], [ "R", 9 ], [ "R", 1 ], [ "R", 1 ], [ "R", 8 ], [ "R", 1 ], [ "R", 8 ], [ "R", 1 ], [ "R", 17 ], [ "R", 9 ] ]
    } ]
  },
  "RoomAdministratorController.delete" : {
    "t" : [ {
      "id" : 0,
      "a" : [ [ "R", 16 ], [ "R", 13 ], [ "R", 9 ], [ "R", 9 ], [ "R", 9 ], [ "R", 2 ], [ "R", 2 ], [ "R", 2 ], [ "R", 21 ], [ "R", 2 ], [ "R", 21 ], [ "R", 21 ], [ "R", 16 ], [ "R", 1 ], [ "R", 16 ], [ "R", 13 ], [ "R", 13 ], [ "R", 16 ], [ "W", 13 ], [ "W", 16 ], [ "R", 13 ] ]
    } ]
  },
  "SpamTermAdministratorController.save" : {
    "t" : [ {
      "id" : 0,
      "a" : [ [ "R", 9 ], [ "R", 9 ], [ "R", 2 ], [ "R", 2 ], [ "R", 2 ], [ "R", 21 ], [ "R", 2 ], [ "R", 21 ], [ "R", 21 ], [ "W", 19 ] ]
    } ]
  },
  "RoomAdministratorController.save" : {
    "t" : [ {
      "id" : 0,
      "a" : [ [ "R", 13 ], [ "R", 9 ], [ "R", 9 ], [ "R", 2 ], [ "R", 2 ], [ "R", 2 ], [ "R", 21 ], [ "R", 2 ], [ "R", 21 ], [ "R", 21 ], [ "R", 9 ], [ "W", 16 ], [ "R", 16 ], [ "R", 13 ], [ "R", 13 ], [ "R", 16 ], [ "W", 13 ], [ "R", 9 ], [ "R", 9 ], [ "R", 9 ], [ "R", 2 ], [ "R", 2 ], [ "R", 2 ], [ "R", 21 ], [ "R", 2 ], [ "R", 21 ], [ "R", 21 ], [ "R", 16 ], [ "R", 16 ], [ "R", 1 ], [ "R", 16 ], [ "R", 1 ], [ "R", 16 ], [ "R", 13 ], [ "R", 9 ], [ "R", 16 ], [ "R", 13 ], [ "R", 9 ], [ "W", 16 ], [ "R", 16 ], [ "R", 13 ], [ "R", 9 ], [ "R", 13 ] ]
    } ]
  },
  "TrainerController.list" : {
    "t" : [ {
      "id" : 0,
      "a" : [ [ "R", 20 ], [ "R", 20 ], [ "R", 20 ], [ "R", 7 ], [ "R", 20 ], [ "R", 20 ], [ "R", 20 ], [ "R", 20 ], [ "R", 7 ], [ "R", 20 ], [ "R", 7 ], [ "R", 20 ], [ "R", 7 ], [ "R", 20 ], [ "R", 7 ] ]
    } ]
  },
  "BulletinAdministratorController.list" : {
    "t" : [ {
      "id" : 0,
      "a" : [ [ "R", 4 ], [ "R", 4 ], [ "R", 4 ], [ "R", 13 ], [ "R", 13 ], [ "R", 4 ], [ "R", 4 ], [ "R", 4 ], [ "R", 4 ], [ "R", 4 ], [ "R", 13 ] ]
    } ]
  },
  "SocialIdentityController.display" : {
    "t" : [ {
      "id" : 0,
      "a" : [ [ "R", 9 ], [ "R", 9 ], [ "R", 8 ], [ "R", 8 ], [ "R", 8 ], [ "R", 21 ], [ "R", 8 ], [ "R", 18 ] ]
    } ]
  },
  "GymAdministratorController.edit" : {
    "t" : [ {
      "id" : 0,
      "a" : [ [ "R", 13 ], [ "R", 17 ], [ "R", 17 ], [ "R", 17 ] ]
    } ]
  },
  "FeePaymentAdministratorController.save" : {
    "t" : [ {
      "id" : 0,
      "a" : [ [ "R", 9 ], [ "R", 11 ], [ "R", 9 ], [ "R", 9 ], [ "R", 8 ], [ "R", 8 ], [ "R", 8 ], [ "R", 21 ], [ "R", 9 ], [ "R", 11 ], [ "R", 8 ], [ "R", 9 ], [ "R", 11 ], [ "R", 11 ], [ "R", 11 ], [ "R", 11 ], [ "R", 11 ], [ "W", 11 ], [ "W", 11 ], [ "R", 9 ], [ "R", 9 ], [ "R", 8 ], [ "R", 8 ], [ "R", 8 ], [ "R", 21 ], [ "R", 9 ], [ "R", 11 ], [ "R", 11 ], [ "R", 11 ], [ "R", 8 ], [ "R", 11 ], [ "R", 11 ], [ "R", 13 ], [ "R", 11 ], [ "R", 13 ], [ "R", 11 ], [ "R", 11 ], [ "R", 11 ], [ "R", 11 ], [ "R", 11 ], [ "R", 11 ], [ "W", 11 ], [ "R", 11 ], [ "R", 13 ], [ "R", 11 ], [ "R", 8 ], [ "R", 13 ], [ "R", 11 ], [ "R", 8 ], [ "R", 11 ], [ "W", 13 ], [ "R", 2 ], [ "R", 21 ], [ "R", 21 ], [ "R", 2 ], [ "R", 21 ], [ "R", 21 ], [ "R", 2 ], [ "R", 21 ], [ "R", 21 ], [ "R", 9 ], [ "R", 9 ], [ "R", 9 ], [ "R", 2 ], [ "R", 2 ], [ "R", 2 ], [ "R", 21 ], [ "R", 2 ], [ "R", 21 ], [ "R", 21 ], [ "R", 9 ], [ "R", 9 ], [ "R", 2 ], [ "R", 2 ], [ "R", 2 ], [ "R", 21 ], [ "R", 2 ], [ "R", 21 ], [ "R", 21 ], [ "R", 2 ], [ "R", 21 ], [ "R", 21 ], [ "W", 21 ], [ "W", 2 ], [ "W", 21 ], [ "W", 12 ], [ "W", 15 ], [ "W", 12 ], [ "W", 12 ], [ "W", 12 ], [ "W", 2 ], [ "W", 2 ], [ "W", 12 ], [ "W", 2 ], [ "W", 12 ], [ "W", 2 ], [ "W", 15 ], [ "W", 2 ], [ "W", 15 ], [ "W", 2 ], [ "W", 5 ], [ "W", 6 ], [ "W", 5 ], [ "W", 8 ], [ "W", 11 ], [ "W", 8 ], [ "W", 1 ], [ "W", 8 ], [ "R", 9 ], [ "W", 12 ], [ "W", 15 ], [ "W", 12 ], [ "W", 12 ], [ "W", 12 ], [ "W", 2 ], [ "W", 2 ], [ "W", 12 ], [ "W", 12 ], [ "R", 9 ], [ "R", 9 ], [ "R", 2 ], [ "R", 2 ], [ "R", 2 ], [ "R", 21 ], [ "R", 2 ], [ "R", 21 ], [ "R", 21 ], [ "R", 9 ], [ "R", 9 ], [ "R", 9 ], [ "R", 2 ], [ "R", 2 ], [ "R", 2 ], [ "R", 21 ], [ "R", 2 ], [ "R", 21 ], [ "R", 21 ], [ "R", 11 ], [ "R", 11 ], [ "R", 8 ], [ "R", 9 ], [ "R", 11 ], [ "R", 8 ], [ "R", 9 ], [ "R", 11 ], [ "R", 13 ], [ "R", 9 ], [ "R", 11 ], [ "R", 13 ], [ "R", 9 ], [ "R", 11 ], [ "R", 11 ], [ "R", 11 ], [ "R", 11 ], [ "R", 11 ], [ "R", 11 ], [ "R", 11 ], [ "R", 11 ], [ "R", 11 ], [ "R", 11 ], [ "W", 11 ] ]
    } ]
  },
  "FolderActorController.delete" : {
    "t" : [ {
      "id" : 0,
      "a" : [ [ "R", 12 ], [ "R", 2 ], [ "R", 2 ], [ "R", 21 ], [ "R", 9 ], [ "R", 9 ], [ "R", 9 ], [ "R", 2 ], [ "R", 2 ], [ "R", 2 ], [ "R", 21 ], [ "R", 2 ], [ "R", 21 ], [ "R", 9 ], [ "R", 9 ], [ "R", 12 ], [ "R", 2 ], [ "R", 9 ], [ "R", 9 ], [ "R", 2 ], [ "R", 2 ], [ "R", 2 ], [ "R", 21 ], [ "R", 9 ], [ "R", 9 ], [ "R", 9 ], [ "R", 12 ], [ "W", 12 ] ]
    } ]
  },
  "GymAdministratorController.create" : {
    "t" : [ {
      "id" : 0,
      "a" : [ [ "R", 9 ], [ "R", 9 ], [ "R", 2 ], [ "R", 2 ], [ "R", 2 ], [ "R", 21 ], [ "R", 2 ], [ "R", 21 ], [ "R", 21 ], [ "W", 13 ], [ "W", 17 ], [ "W", 13 ], [ "W", 11 ], [ "W", 6 ], [ "W", 5 ], [ "W", 13 ], [ "W", 16 ], [ "W", 13 ], [ "W", 4 ], [ "R", 17 ], [ "R", 17 ], [ "R", 17 ] ]
    } ]
  },
  "ExchangeRateController.edit" : {
    "t" : [ {
      "id" : 0,
      "a" : [ [ "R", 10 ], [ "R", 10 ], [ "R", 10 ], [ "R", 10 ], [ "R", 9 ], [ "R", 10 ], [ "R", 10 ], [ "R", 10 ], [ "R", 9 ], [ "R", 10 ], [ "R", 10 ], [ "R", 10 ] ]
    } ]
  },
  "DashboardAdministratorController.list" : {
    "t" : [ {
      "id" : 0,
      "a" : [ [ "R", 9 ], [ "R", 9 ], [ "R", 2 ], [ "R", 2 ], [ "R", 2 ], [ "R", 21 ], [ "R", 2 ], [ "R", 21 ], [ "R", 21 ], [ "R", 13 ], [ "R", 13 ], [ "R", 11 ], [ "R", 13 ], [ "R", 13 ], [ "R", 11 ], [ "R", 13 ], [ "R", 11 ], [ "R", 13 ], [ "R", 13 ], [ "R", 11 ], [ "R", 13 ], [ "R", 13 ], [ "R", 11 ], [ "R", 13 ], [ "R", 11 ], [ "R", 13 ], [ "R", 11 ], [ "R", 13 ], [ "R", 11 ], [ "R", 13 ], [ "R", 9 ], [ "R", 9 ], [ "R", 2 ], [ "R", 2 ], [ "R", 2 ], [ "R", 21 ], [ "R", 2 ], [ "R", 21 ], [ "R", 21 ], [ "R", 13 ], [ "R", 13 ], [ "R", 11 ], [ "R", 13 ], [ "R", 13 ], [ "R", 11 ], [ "R", 13 ], [ "R", 11 ], [ "R", 13 ], [ "R", 13 ], [ "R", 11 ], [ "R", 13 ], [ "R", 13 ], [ "R", 11 ], [ "R", 13 ], [ "R", 11 ], [ "R", 13 ], [ "R", 11 ], [ "R", 13 ], [ "R", 11 ], [ "R", 13 ], [ "R", 9 ], [ "R", 9 ], [ "R", 2 ], [ "R", 2 ], [ "R", 2 ], [ "R", 21 ], [ "R", 2 ], [ "R", 21 ], [ "R", 21 ], [ "R", 17 ], [ "R", 17 ], [ "R", 1 ], [ "R", 17 ], [ "R", 17 ], [ "R", 17 ], [ "R", 1 ], [ "R", 17 ], [ "R", 17 ], [ "R", 1 ], [ "R", 17 ], [ "R", 1 ], [ "R", 17 ], [ "R", 9 ], [ "R", 9 ], [ "R", 2 ], [ "R", 2 ], [ "R", 2 ], [ "R", 21 ], [ "R", 2 ], [ "R", 21 ], [ "R", 21 ], [ "R", 17 ], [ "R", 17 ], [ "R", 1 ], [ "R", 17 ], [ "R", 17 ], [ "R", 17 ], [ "R", 1 ], [ "R", 17 ], [ "R", 17 ], [ "R", 1 ], [ "R", 17 ], [ "R", 1 ], [ "R", 17 ], [ "R", 9 ], [ "R", 9 ], [ "R", 2 ], [ "R", 2 ], [ "R", 2 ], [ "R", 21 ], [ "R", 2 ], [ "R", 21 ], [ "R", 21 ], [ "R", 8 ], [ "R", 8 ], [ "R", 11 ], [ "R", 8 ], [ "R", 8 ], [ "R", 8 ], [ "R", 11 ], [ "R", 8 ], [ "R", 8 ], [ "R", 11 ], [ "R", 8 ], [ "R", 11 ], [ "R", 8 ], [ "R", 9 ], [ "R", 9 ], [ "R", 2 ], [ "R", 2 ], [ "R", 2 ], [ "R", 21 ], [ "R", 2 ], [ "R", 21 ], [ "R", 21 ], [ "R", 8 ], [ "R", 8 ], [ "R", 11 ], [ "R", 8 ], [ "R", 8 ], [ "R", 8 ], [ "R", 11 ], [ "R", 8 ], [ "R", 8 ], [ "R", 11 ], [ "R", 8 ], [ "R", 11 ], [ "R", 8 ], [ "R", 9 ], [ "R", 9 ], [ "R", 2 ], [ "R", 2 ], [ "R", 2 ], [ "R", 21 ], [ "R", 2 ], [ "R", 21 ], [ "R", 21 ], [ "R", 13 ], [ "R", 13 ], [ "R", 16 ], [ "R", 9 ], [ "R", 9 ], [ "R", 2 ], [ "R", 2 ], [ "R", 2 ], [ "R", 21 ], [ "R", 2 ], [ "R", 21 ], [ "R", 21 ], [ "R", 13 ], [ "R", 13 ], [ "R", 16 ], [ "R", 9 ], [ "R", 9 ], [ "R", 2 ], [ "R", 2 ], [ "R", 2 ], [ "R", 21 ], [ "R", 2 ], [ "R", 21 ], [ "R", 21 ], [ "R", 13 ], [ "R", 13 ], [ "R", 13 ], [ "R", 13 ], [ "R", 16 ], [ "R", 13 ], [ "R", 13 ], [ "R", 16 ], [ "R", 9 ], [ "R", 9 ], [ "R", 2 ], [ "R", 2 ], [ "R", 2 ], [ "R", 21 ], [ "R", 2 ], [ "R", 21 ], [ "R", 21 ], [ "R", 13 ], [ "R", 13 ], [ "R", 13 ], [ "R", 13 ], [ "R", 16 ], [ "R", 13 ], [ "R", 13 ], [ "R", 16 ], [ "R", 9 ], [ "R", 9 ], [ "R", 2 ], [ "R", 2 ], [ "R", 2 ], [ "R", 21 ], [ "R", 2 ], [ "R", 21 ], [ "R", 21 ], [ "R", 8 ], [ "R", 8 ], [ "R", 11 ], [ "R", 8 ], [ "R", 11 ], [ "R", 14 ], [ "R", 8 ], [ "R", 8 ], [ "R", 11 ], [ "R", 14 ], [ "R", 8 ], [ "R", 8 ], [ "R", 11 ], [ "R", 14 ], [ "R", 8 ], [ "R", 8 ], [ "R", 11 ], [ "R", 8 ], [ "R", 11 ], [ "R", 14 ], [ "R", 8 ], [ "R", 11 ], [ "R", 14 ], [ "R", 8 ], [ "R", 11 ], [ "R", 14 ], [ "R", 8 ], [ "R", 9 ], [ "R", 9 ], [ "R", 2 ], [ "R", 2 ], [ "R", 2 ], [ "R", 21 ], [ "R", 2 ], [ "R", 21 ], [ "R", 21 ], [ "R", 8 ], [ "R", 8 ], [ "R", 11 ], [ "R", 8 ], [ "R", 11 ], [ "R", 14 ], [ "R", 8 ], [ "R", 8 ], [ "R", 11 ], [ "R", 14 ], [ "R", 8 ], [ "R", 9 ], [ "R", 9 ], [ "R", 2 ], [ "R", 2 ], [ "R", 2 ], [ "R", 21 ], [ "R", 2 ], [ "R", 21 ], [ "R", 21 ], [ "R", 12 ], [ "R", 12 ], [ "R", 15 ], [ "R", 12 ], [ "R", 15 ], [ "R", 2 ], [ "R", 12 ], [ "R", 12 ], [ "R", 12 ], [ "R", 15 ], [ "R", 12 ], [ "R", 12 ], [ "R", 15 ], [ "R", 12 ], [ "R", 15 ], [ "R", 12 ], [ "R", 12 ], [ "R", 9 ], [ "R", 9 ], [ "R", 2 ], [ "R", 2 ], [ "R", 2 ], [ "R", 21 ], [ "R", 2 ], [ "R", 21 ], [ "R", 21 ], [ "R", 2 ], [ "R", 2 ], [ "R", 15 ], [ "R", 9 ], [ "R", 9 ], [ "R", 2 ], [ "R", 2 ], [ "R", 2 ], [ "R", 21 ], [ "R", 2 ], [ "R", 21 ], [ "R", 21 ], [ "R", 1 ], [ "R", 1 ], [ "R", 8 ], [ "R", 1 ], [ "R", 1 ], [ "R", 1 ], [ "R", 8 ], [ "R", 9 ], [ "R", 9 ], [ "R", 2 ], [ "R", 2 ], [ "R", 2 ], [ "R", 21 ], [ "R", 2 ], [ "R", 21 ], [ "R", 21 ], [ "R", 13 ], [ "R", 13 ], [ "R", 17 ], [ "R", 13 ], [ "R", 17 ], [ "R", 1 ], [ "R", 13 ], [ "R", 17 ], [ "R", 13 ], [ "R", 17 ], [ "R", 13 ], [ "R", 13 ], [ "R", 17 ], [ "R", 13 ], [ "R", 17 ], [ "R", 13 ], [ "R", 17 ], [ "R", 13 ], [ "R", 17 ], [ "R", 9 ], [ "R", 9 ], [ "R", 2 ], [ "R", 2 ], [ "R", 2 ], [ "R", 21 ], [ "R", 2 ], [ "R", 21 ], [ "R", 21 ], [ "R", 20 ], [ "R", 20 ], [ "R", 17 ], [ "R", 9 ], [ "R", 9 ], [ "R", 2 ], [ "R", 2 ], [ "R", 2 ], [ "R", 21 ], [ "R", 2 ], [ "R", 21 ], [ "R", 21 ], [ "R", 17 ], [ "R", 17 ], [ "R", 20 ], [ "R", 17 ], [ "R", 17 ], [ "R", 17 ], [ "R", 20 ], [ "R", 17 ], [ "R", 17 ], [ "R", 20 ], [ "R", 17 ], [ "R", 20 ], [ "R", 17 ], [ "R", 9 ], [ "R", 9 ], [ "R", 2 ], [ "R", 2 ], [ "R", 2 ], [ "R", 21 ], [ "R", 2 ], [ "R", 21 ], [ "R", 21 ], [ "R", 13 ], [ "R", 13 ], [ "R", 5 ], [ "R", 13 ], [ "R", 13 ], [ "R", 13 ], [ "R", 5 ], [ "R", 13 ], [ "R", 13 ], [ "R", 5 ], [ "R", 13 ], [ "R", 5 ], [ "R", 13 ], [ "R", 9 ], [ "R", 9 ], [ "R", 2 ], [ "R", 2 ], [ "R", 2 ], [ "R", 21 ], [ "R", 2 ], [ "R", 21 ], [ "R", 21 ], [ "R", 17 ], [ "R", 17 ], [ "R", 5 ], [ "R", 17 ], [ "R", 17 ], [ "R", 17 ], [ "R", 5 ], [ "R", 17 ], [ "R", 17 ], [ "R", 5 ], [ "R", 9 ], [ "R", 9 ], [ "R", 2 ], [ "R", 2 ], [ "R", 2 ], [ "R", 21 ], [ "R", 2 ], [ "R", 21 ], [ "R", 21 ], [ "R", 2 ], [ "R", 2 ], [ "R", 5 ], [ "R", 9 ], [ "R", 9 ], [ "R", 2 ], [ "R", 2 ], [ "R", 2 ], [ "R", 21 ], [ "R", 2 ], [ "R", 21 ], [ "R", 21 ], [ "R", 2 ], [ "R", 2 ], [ "R", 5 ], [ "R", 9 ], [ "R", 9 ], [ "R", 2 ], [ "R", 2 ], [ "R", 2 ], [ "R", 21 ], [ "R", 2 ], [ "R", 21 ], [ "R", 21 ], [ "R", 13 ], [ "R", 13 ], [ "R", 5 ], [ "R", 9 ], [ "R", 9 ], [ "R", 2 ], [ "R", 2 ], [ "R", 2 ], [ "R", 21 ], [ "R", 2 ], [ "R", 21 ], [ "R", 21 ], [ "R", 17 ], [ "R", 17 ], [ "R", 5 ], [ "R", 9 ], [ "R", 9 ], [ "R", 2 ], [ "R", 2 ], [ "R", 2 ], [ "R", 21 ], [ "R", 2 ], [ "R", 21 ], [ "R", 21 ], [ "R", 8 ], [ "R", 8 ], [ "R", 5 ], [ "R", 8 ], [ "R", 8 ], [ "R", 5 ], [ "R", 8 ], [ "R", 8 ], [ "R", 5 ], [ "R", 8 ], [ "R", 8 ], [ "R", 5 ], [ "R", 8 ], [ "R", 5 ], [ "R", 8 ], [ "R", 5 ], [ "R", 8 ], [ "R", 17 ], [ "R", 17 ], [ "R", 20 ], [ "R", 20 ], [ "R", 20 ], [ "R", 7 ], [ "R", 20 ], [ "R", 7 ], [ "R", 7 ] ]
    } ]
  },
  "FeePaymentCustomerController.list" : {
    "t" : [ {
      "id" : 0,
      "a" : [ [ "R", 9 ], [ "R", 9 ], [ "R", 8 ], [ "R", 8 ], [ "R", 8 ], [ "R", 21 ], [ "R", 9 ], [ "R", 11 ], [ "R", 11 ], [ "R", 11 ], [ "R", 8 ], [ "R", 11 ], [ "R", 9 ], [ "R", 9 ], [ "R", 8 ], [ "R", 8 ], [ "R", 8 ], [ "R", 21 ], [ "R", 9 ], [ "R", 11 ], [ "R", 11 ], [ "R", 11 ], [ "R", 8 ], [ "R", 11 ], [ "R", 13 ], [ "R", 11 ] ]
    } ]
  },
  "ActivityController.list" : {
    "t" : [ {
      "id" : 0,
      "a" : [ [ "R", 1 ], [ "R", 1 ], [ "R", 16 ], [ "R", 1 ], [ "R", 16 ], [ "R", 13 ], [ "R", 1 ], [ "R", 1 ], [ "R", 16 ], [ "R", 13 ], [ "R", 1 ], [ "R", 1 ] ]
    } ]
  },
  "WelcomeController.index" : {
    "t" : [ {
      "id" : 0,
      "a" : [ [ "R", 9 ], [ "R", 9 ], [ "R", 2 ], [ "R", 2 ], [ "R", 2 ], [ "R", 21 ], [ "R", 2 ], [ "R", 21 ], [ "R", 21 ], [ "R", 9 ], [ "R", 9 ], [ "R", 8 ], [ "R", 8 ], [ "R", 8 ], [ "R", 21 ], [ "R", 9 ], [ "R", 11 ], [ "R", 11 ], [ "R", 11 ], [ "R", 11 ], [ "R", 11 ], [ "R", 8 ], [ "R", 11 ], [ "R", 13 ], [ "R", 13 ], [ "R", 16 ], [ "R", 16 ], [ "R", 1 ], [ "R", 9 ], [ "R", 9 ], [ "R", 8 ], [ "R", 8 ], [ "R", 8 ], [ "R", 21 ], [ "R", 9 ], [ "R", 11 ], [ "R", 11 ], [ "R", 11 ], [ "R", 11 ], [ "R", 11 ], [ "R", 8 ], [ "R", 11 ], [ "R", 13 ], [ "R", 13 ], [ "R", 17 ], [ "R", 9 ], [ "R", 9 ], [ "R", 8 ], [ "R", 8 ], [ "R", 8 ], [ "R", 21 ], [ "R", 9 ], [ "R", 1 ], [ "R", 1 ], [ "R", 8 ], [ "R", 1 ], [ "R", 1 ], [ "R", 8 ], [ "R", 1 ], [ "R", 17 ], [ "R", 1 ], [ "R", 17 ], [ "R", 1 ], [ "R", 17 ], [ "R", 1 ], [ "R", 9 ], [ "R", 9 ], [ "R", 8 ], [ "R", 8 ], [ "R", 8 ], [ "R", 21 ], [ "R", 1 ], [ "R", 1 ], [ "R", 8 ], [ "R", 1 ], [ "R", 1 ], [ "R", 1 ], [ "R", 1 ], [ "R", 1 ], [ "R", 1 ], [ "R", 1 ], [ "R", 1 ], [ "R", 1 ], [ "R", 8 ], [ "R", 9 ], [ "R", 9 ], [ "R", 2 ], [ "R", 2 ], [ "R", 2 ], [ "R", 21 ], [ "R", 9 ], [ "R", 9 ], [ "R", 9 ], [ "R", 2 ], [ "R", 2 ], [ "R", 2 ], [ "R", 21 ], [ "R", 2 ], [ "R", 21 ], [ "R", 21 ], [ "R", 9 ], [ "R", 9 ], [ "R", 2 ], [ "R", 2 ], [ "R", 2 ], [ "R", 21 ], [ "R", 2 ], [ "R", 21 ], [ "R", 21 ], [ "R", 10 ], [ "R", 10 ], [ "R", 10 ], [ "R", 10 ], [ "R", 9 ], [ "R", 10 ], [ "R", 10 ], [ "R", 10 ], [ "R", 9 ], [ "R", 10 ], [ "R", 10 ], [ "R", 10 ] ]
    } ]
  },
  "ServiceAdministratorController.delete" : {
    "t" : [ {
      "id" : 0,
      "a" : [ [ "R", 9 ], [ "R", 9 ], [ "R", 9 ], [ "R", 2 ], [ "R", 2 ], [ "R", 2 ], [ "R", 21 ], [ "R", 2 ], [ "R", 21 ], [ "R", 21 ], [ "R", 17 ], [ "R", 13 ], [ "R", 6 ], [ "R", 5 ], [ "R", 17 ], [ "R", 17 ], [ "R", 1 ], [ "W", 17 ] ]
    } ]
  },
  "AdministratorAdministratorController.save" : {
    "t" : [ {
      "id" : 0,
      "a" : [ [ "R", 9 ], [ "R", 9 ], [ "R", 2 ], [ "R", 2 ], [ "R", 2 ], [ "R", 21 ], [ "R", 2 ], [ "R", 21 ], [ "R", 21 ], [ "R", 9 ], [ "R", 9 ], [ "R", 2 ], [ "R", 2 ], [ "R", 2 ], [ "R", 21 ], [ "R", 2 ], [ "R", 21 ], [ "R", 21 ], [ "R", 9 ], [ "R", 9 ], [ "R", 2 ], [ "R", 2 ], [ "R", 2 ], [ "R", 21 ], [ "R", 2 ], [ "R", 21 ], [ "R", 21 ], [ "R", 9 ], [ "R", 9 ], [ "R", 2 ], [ "R", 2 ], [ "R", 2 ], [ "R", 21 ], [ "R", 2 ], [ "R", 21 ], [ "R", 21 ], [ "R", 9 ], [ "R", 9 ], [ "R", 2 ], [ "R", 2 ], [ "R", 2 ], [ "R", 21 ], [ "R", 2 ], [ "R", 21 ], [ "R", 21 ], [ "R", 9 ], [ "R", 9 ], [ "R", 2 ], [ "R", 2 ], [ "R", 2 ], [ "R", 21 ], [ "R", 2 ], [ "R", 21 ], [ "R", 21 ], [ "R", 9 ], [ "R", 9 ], [ "R", 2 ], [ "R", 2 ], [ "R", 2 ], [ "R", 21 ], [ "R", 2 ], [ "R", 21 ], [ "W", 21 ], [ "W", 21 ], [ "R", 21 ], [ "W", 21 ], [ "R", 9 ], [ "R", 9 ], [ "R", 8 ], [ "R", 8 ], [ "R", 8 ], [ "R", 21 ], [ "W", 2 ], [ "W", 2 ], [ "W", 2 ], [ "W", 2 ], [ "W", 21 ], [ "R", 2 ], [ "R", 21 ], [ "R", 21 ], [ "R", 2 ], [ "R", 21 ], [ "R", 21 ], [ "R", 2 ], [ "R", 21 ], [ "R", 21 ], [ "R", 9 ], [ "R", 9 ], [ "R", 9 ], [ "R", 2 ], [ "R", 2 ], [ "R", 2 ], [ "R", 21 ], [ "R", 2 ], [ "R", 21 ], [ "R", 21 ], [ "R", 9 ], [ "R", 9 ], [ "R", 2 ], [ "R", 2 ], [ "R", 2 ], [ "R", 21 ], [ "R", 2 ], [ "R", 21 ], [ "R", 21 ], [ "R", 2 ], [ "R", 21 ], [ "R", 21 ], [ "W", 21 ], [ "W", 2 ], [ "W", 21 ], [ "W", 12 ], [ "W", 15 ], [ "W", 12 ], [ "W", 12 ], [ "W", 12 ], [ "W", 2 ], [ "W", 2 ], [ "W", 12 ], [ "W", 2 ], [ "W", 12 ], [ "W", 2 ], [ "W", 15 ], [ "W", 2 ], [ "W", 15 ], [ "W", 2 ], [ "W", 5 ], [ "W", 6 ], [ "W", 5 ], [ "W", 8 ], [ "W", 11 ], [ "W", 8 ], [ "W", 1 ], [ "W", 8 ], [ "R", 9 ], [ "W", 12 ], [ "W", 15 ], [ "W", 12 ], [ "W", 12 ], [ "W", 12 ], [ "W", 2 ], [ "W", 2 ], [ "W", 12 ], [ "W", 12 ], [ "R", 9 ], [ "R", 9 ], [ "R", 9 ], [ "R", 3 ], [ "R", 3 ], [ "R", 3 ], [ "R", 21 ], [ "W", 2 ], [ "W", 2 ], [ "W", 2 ], [ "W", 2 ], [ "W", 21 ], [ "R", 9 ], [ "R", 9 ], [ "R", 9 ], [ "R", 2 ], [ "R", 2 ], [ "R", 2 ], [ "R", 21 ], [ "R", 9 ], [ "W", 3 ], [ "R", 9 ], [ "R", 9 ], [ "R", 9 ], [ "R", 20 ], [ "R", 20 ], [ "R", 20 ], [ "R", 21 ], [ "W", 2 ], [ "W", 2 ], [ "W", 2 ], [ "W", 20 ], [ "W", 2 ], [ "W", 21 ], [ "R", 2 ], [ "R", 21 ], [ "R", 21 ], [ "R", 2 ], [ "R", 21 ], [ "R", 21 ], [ "R", 2 ], [ "R", 21 ], [ "R", 21 ], [ "R", 9 ], [ "R", 9 ], [ "R", 9 ], [ "R", 2 ], [ "R", 2 ], [ "R", 2 ], [ "R", 21 ], [ "R", 2 ], [ "R", 21 ], [ "R", 21 ], [ "R", 2 ], [ "R", 21 ], [ "R", 21 ], [ "W", 21 ], [ "W", 2 ], [ "W", 21 ], [ "W", 12 ], [ "W", 15 ], [ "W", 12 ], [ "W", 12 ], [ "W", 12 ], [ "W", 2 ], [ "W", 2 ], [ "W", 12 ], [ "W", 2 ], [ "W", 12 ], [ "W", 2 ], [ "W", 15 ], [ "W", 2 ], [ "W", 15 ], [ "W", 20 ], [ "W", 17 ], [ "W", 20 ], [ "W", 1 ], [ "W", 6 ], [ "W", 5 ], [ "W", 2 ], [ "W", 5 ], [ "W", 20 ], [ "R", 9 ], [ "W", 12 ], [ "W", 15 ], [ "W", 12 ], [ "W", 12 ], [ "W", 12 ], [ "W", 2 ], [ "W", 2 ], [ "W", 12 ], [ "W", 12 ], [ "R", 9 ], [ "R", 9 ], [ "R", 9 ], [ "R", 2 ], [ "R", 2 ], [ "R", 2 ], [ "R", 21 ], [ "R", 2 ], [ "R", 21 ], [ "R", 21 ], [ "W", 21 ], [ "W", 21 ], [ "W", 21 ], [ "W", 21 ], [ "W", 21 ], [ "W", 21 ], [ "W", 2 ], [ "W", 21 ], [ "W", 2 ], [ "W", 2 ], [ "W", 2 ], [ "W", 2 ], [ "W", 21 ], [ "R", 2 ], [ "R", 21 ], [ "R", 21 ], [ "R", 2 ], [ "R", 21 ], [ "R", 21 ], [ "R", 2 ], [ "R", 21 ], [ "R", 21 ], [ "R", 9 ], [ "R", 9 ], [ "R", 9 ], [ "R", 2 ], [ "R", 2 ], [ "R", 2 ], [ "R", 21 ], [ "R", 2 ], [ "R", 21 ], [ "R", 21 ], [ "R", 2 ], [ "R", 21 ], [ "R", 21 ], [ "W", 21 ], [ "W", 2 ], [ "W", 21 ], [ "W", 12 ], [ "W", 15 ], [ "W", 12 ], [ "W", 12 ], [ "W", 12 ], [ "W", 2 ], [ "W", 2 ], [ "W", 12 ], [ "W", 2 ], [ "W", 12 ], [ "W", 2 ], [ "W", 15 ], [ "W", 2 ], [ "W", 15 ], [ "W", 20 ], [ "W", 17 ], [ "W", 20 ], [ "W", 1 ], [ "W", 6 ], [ "W", 5 ], [ "W", 2 ], [ "W", 5 ], [ "W", 20 ], [ "R", 9 ], [ "W", 12 ], [ "W", 15 ], [ "W", 12 ], [ "W", 12 ], [ "W", 12 ], [ "W", 2 ], [ "W", 2 ], [ "W", 12 ], [ "W", 12 ], [ "R", 9 ], [ "W", 21 ], [ "W", 21 ], [ "W", 21 ], [ "W", 21 ], [ "W", 21 ], [ "W", 21 ], [ "W", 2 ], [ "W", 21 ], [ "W", 2 ], [ "W", 2 ], [ "W", 2 ], [ "W", 2 ], [ "W", 21 ], [ "R", 2 ], [ "R", 21 ], [ "R", 21 ], [ "R", 2 ], [ "R", 21 ], [ "R", 21 ], [ "R", 2 ], [ "R", 21 ], [ "R", 21 ], [ "R", 9 ], [ "R", 9 ], [ "R", 9 ], [ "R", 2 ], [ "R", 2 ], [ "R", 2 ], [ "R", 21 ], [ "R", 2 ], [ "R", 21 ], [ "R", 21 ], [ "R", 9 ], [ "R", 9 ], [ "R", 2 ], [ "R", 2 ], [ "R", 2 ], [ "R", 21 ], [ "R", 2 ], [ "R", 21 ], [ "R", 21 ], [ "R", 2 ], [ "R", 21 ], [ "R", 21 ], [ "W", 21 ], [ "W", 2 ], [ "W", 21 ], [ "W", 12 ], [ "W", 15 ], [ "W", 12 ], [ "W", 12 ], [ "W", 12 ], [ "W", 2 ], [ "W", 2 ], [ "W", 12 ], [ "W", 2 ], [ "W", 12 ], [ "W", 2 ], [ "W", 15 ], [ "W", 2 ], [ "W", 15 ], [ "W", 2 ], [ "W", 5 ], [ "W", 6 ], [ "W", 5 ], [ "W", 8 ], [ "W", 11 ], [ "W", 8 ], [ "W", 1 ], [ "W", 8 ], [ "R", 9 ], [ "W", 12 ], [ "W", 15 ], [ "W", 12 ], [ "W", 12 ], [ "W", 12 ], [ "W", 2 ], [ "W", 2 ], [ "W", 12 ], [ "W", 12 ], [ "R", 9 ] ]
    } ]
  },
  "ActivityCustomerController.list" : {
    "t" : [ {
      "id" : 0,
      "a" : [ [ "R", 9 ], [ "R", 9 ], [ "R", 8 ], [ "R", 8 ], [ "R", 8 ], [ "R", 21 ], [ "R", 9 ], [ "R", 1 ], [ "R", 1 ], [ "R", 8 ], [ "R", 1 ], [ "R", 1 ], [ "R", 8 ], [ "R", 1 ], [ "R", 1 ], [ "R", 16 ], [ "R", 1 ], [ "R", 16 ], [ "R", 13 ], [ "R", 1 ], [ "R", 1 ], [ "R", 16 ], [ "R", 13 ], [ "R", 1 ], [ "R", 1 ], [ "R", 13 ], [ "R", 9 ], [ "R", 9 ], [ "R", 8 ], [ "R", 8 ], [ "R", 8 ], [ "R", 21 ], [ "R", 9 ], [ "R", 13 ], [ "R", 13 ], [ "R", 11 ], [ "R", 13 ], [ "R", 13 ], [ "R", 11 ], [ "R", 13 ], [ "R", 11 ], [ "R", 13 ], [ "R", 11 ], [ "R", 8 ] ]
    } ]
  },
  "TrainerTrainerController.edit" : {
    "t" : [ {
      "id" : 0,
      "a" : [ [ "R", 9 ], [ "R", 9 ], [ "R", 2 ], [ "R", 2 ], [ "R", 2 ], [ "R", 21 ], [ "R", 2 ], [ "R", 21 ], [ "R", 21 ], [ "R", 9 ], [ "R", 9 ], [ "R", 2 ], [ "R", 2 ], [ "R", 2 ], [ "R", 21 ], [ "R", 2 ], [ "R", 21 ], [ "R", 21 ], [ "R", 9 ], [ "R", 9 ], [ "R", 2 ], [ "R", 2 ], [ "R", 2 ], [ "R", 21 ], [ "R", 2 ], [ "R", 21 ], [ "R", 21 ], [ "R", 9 ], [ "R", 9 ], [ "R", 2 ], [ "R", 2 ], [ "R", 2 ], [ "R", 21 ], [ "R", 2 ], [ "R", 2 ], [ "R", 2 ], [ "R", 2 ], [ "R", 21 ], [ "R", 21 ], [ "R", 9 ], [ "R", 9 ], [ "R", 2 ], [ "R", 2 ], [ "R", 2 ], [ "R", 21 ], [ "R", 2 ], [ "R", 21 ], [ "R", 21 ], [ "R", 9 ], [ "R", 9 ], [ "R", 20 ], [ "R", 20 ], [ "R", 20 ], [ "R", 21 ], [ "R", 20 ] ]
    } ]
  },
  "InvoiceCustomerController.draftCancel" : {
    "t" : [ {
      "id" : 0,
      "a" : [ [ "R", 9 ], [ "R", 9 ], [ "R", 2 ], [ "R", 2 ], [ "R", 2 ], [ "R", 21 ], [ "R", 2 ], [ "R", 21 ], [ "R", 21 ], [ "R", 9 ], [ "R", 9 ], [ "R", 2 ], [ "R", 2 ], [ "R", 2 ], [ "R", 21 ], [ "R", 2 ], [ "R", 21 ], [ "R", 21 ], [ "R", 9 ], [ "R", 9 ], [ "R", 2 ], [ "R", 2 ], [ "R", 2 ], [ "R", 21 ], [ "R", 9 ], [ "R", 2 ], [ "R", 11 ], [ "R", 11 ], [ "R", 11 ], [ "R", 8 ], [ "R", 11 ], [ "R", 14 ], [ "R", 11 ], [ "R", 2 ], [ "R", 2 ], [ "R", 2 ], [ "R", 2 ], [ "R", 14 ], [ "R", 14 ], [ "R", 14 ], [ "R", 9 ], [ "R", 9 ], [ "R", 2 ], [ "R", 2 ], [ "R", 2 ], [ "R", 21 ], [ "R", 2 ], [ "R", 21 ], [ "R", 21 ], [ "R", 9 ], [ "R", 9 ], [ "R", 2 ], [ "R", 2 ], [ "R", 2 ], [ "R", 21 ], [ "R", 2 ], [ "R", 21 ], [ "R", 21 ], [ "R", 9 ], [ "R", 9 ], [ "R", 2 ], [ "R", 2 ], [ "R", 2 ], [ "R", 21 ], [ "R", 9 ], [ "R", 2 ], [ "R", 11 ], [ "R", 11 ], [ "R", 11 ], [ "R", 8 ], [ "R", 11 ], [ "R", 14 ], [ "R", 11 ], [ "R", 2 ], [ "R", 2 ], [ "R", 2 ], [ "R", 2 ], [ "R", 14 ], [ "R", 14 ], [ "R", 14 ], [ "R", 9 ], [ "R", 9 ], [ "R", 2 ], [ "R", 2 ], [ "R", 2 ], [ "R", 21 ], [ "R", 2 ], [ "R", 21 ], [ "R", 21 ], [ "R", 9 ], [ "R", 9 ], [ "R", 2 ], [ "R", 2 ], [ "R", 2 ], [ "R", 21 ], [ "R", 2 ], [ "R", 21 ], [ "R", 21 ], [ "R", 9 ], [ "R", 9 ], [ "R", 2 ], [ "R", 2 ], [ "R", 2 ], [ "R", 21 ], [ "R", 9 ], [ "R", 2 ], [ "R", 11 ], [ "R", 11 ], [ "R", 11 ], [ "R", 8 ], [ "R", 11 ], [ "R", 14 ], [ "R", 11 ], [ "R", 2 ], [ "R", 2 ], [ "R", 2 ], [ "R", 2 ], [ "R", 14 ], [ "R", 14 ], [ "R", 14 ] ]
    } ]
  },
  "ExchangeRateAdministratorController.create" : {
    "t" : [ {
      "id" : 0,
      "a" : [ [ "R", 10 ] ]
    } ]
  },
  "SocialIdentityController.save" : {
    "t" : [ {
      "id" : 0,
      "a" : [ [ "R", 9 ], [ "R", 9 ], [ "R", 2 ], [ "R", 2 ], [ "R", 2 ], [ "R", 21 ], [ "R", 9 ], [ "R", 9 ], [ "R", 9 ], [ "R", 8 ], [ "R", 8 ], [ "R", 8 ], [ "R", 21 ], [ "W", 18 ], [ "W", 8 ], [ "W", 18 ], [ "R", 2 ], [ "R", 21 ], [ "R", 21 ], [ "R", 2 ], [ "R", 21 ], [ "R", 21 ], [ "R", 2 ], [ "R", 21 ], [ "R", 21 ], [ "R", 9 ], [ "R", 9 ], [ "R", 9 ], [ "R", 2 ], [ "R", 2 ], [ "R", 2 ], [ "R", 21 ], [ "R", 2 ], [ "R", 21 ], [ "R", 21 ], [ "R", 9 ], [ "R", 9 ], [ "R", 2 ], [ "R", 2 ], [ "R", 2 ], [ "R", 21 ], [ "R", 2 ], [ "R", 21 ], [ "R", 21 ], [ "R", 2 ], [ "R", 21 ], [ "R", 21 ], [ "W", 21 ], [ "W", 2 ], [ "W", 21 ], [ "W", 12 ], [ "W", 15 ], [ "W", 12 ], [ "W", 12 ], [ "W", 12 ], [ "W", 2 ], [ "W", 2 ], [ "W", 12 ], [ "W", 2 ], [ "W", 12 ], [ "W", 2 ], [ "W", 15 ], [ "W", 2 ], [ "W", 15 ], [ "W", 2 ], [ "W", 5 ], [ "W", 6 ], [ "W", 5 ], [ "W", 8 ], [ "W", 11 ], [ "W", 8 ], [ "W", 1 ], [ "W", 8 ], [ "R", 9 ], [ "W", 12 ], [ "W", 15 ], [ "W", 12 ], [ "W", 12 ], [ "W", 12 ], [ "W", 2 ], [ "W", 2 ], [ "W", 12 ], [ "W", 12 ] ]
    } ]
  },
  "ServiceAdministratorController.list" : {
    "t" : [ {
      "id" : 0,
      "a" : [ [ "R", 17 ], [ "R", 17 ], [ "R", 17 ], [ "R", 13 ], [ "R", 17 ], [ "R", 17 ], [ "R", 13 ], [ "R", 9 ], [ "R", 1 ], [ "R", 1 ], [ "R", 8 ], [ "R", 1 ], [ "R", 8 ], [ "R", 1 ], [ "R", 17 ], [ "R", 9 ] ]
    } ]
  },
  "FolderActorController.edit" : {
    "t" : [ {
      "id" : 0,
      "a" : [ [ "R", 12 ], [ "R", 12 ], [ "R", 2 ], [ "R", 2 ], [ "R", 21 ], [ "R", 9 ], [ "R", 9 ], [ "R", 9 ], [ "R", 2 ], [ "R", 2 ], [ "R", 2 ], [ "R", 21 ], [ "R", 2 ], [ "R", 21 ], [ "R", 9 ], [ "R", 12 ], [ "R", 2 ], [ "R", 2 ], [ "R", 21 ], [ "R", 9 ], [ "R", 9 ], [ "R", 9 ], [ "R", 2 ], [ "R", 2 ], [ "R", 2 ], [ "R", 21 ], [ "R", 2 ], [ "R", 21 ], [ "R", 9 ] ]
    } ]
  },
  "FeePaymentCustomerController.create" : {
    "t" : [ {
      "id" : 0,
      "a" : [ [ "R", 9 ], [ "R", 9 ], [ "R", 8 ], [ "R", 8 ], [ "R", 8 ], [ "R", 21 ], [ "R", 8 ] ]
    } ]
  },
  "CreditCardController.create" : {
    "t" : [ {
      "id" : 0,
      "a" : [ [ "R", 9 ], [ "R", 9 ], [ "R", 8 ], [ "R", 8 ], [ "R", 8 ], [ "R", 21 ], [ "R", 8 ] ]
    } ]
  },
  "SocialIdentityController.delete" : {
    "t" : [ {
      "id" : 0,
      "a" : [ [ "R", 9 ], [ "R", 9 ], [ "R", 8 ], [ "R", 8 ], [ "R", 8 ], [ "R", 21 ], [ "R", 8 ], [ "R", 18 ], [ "W", 8 ], [ "W", 18 ], [ "W", 18 ], [ "R", 2 ], [ "R", 21 ], [ "R", 21 ], [ "R", 2 ], [ "R", 21 ], [ "R", 21 ], [ "R", 2 ], [ "R", 21 ], [ "R", 21 ], [ "R", 9 ], [ "R", 9 ], [ "R", 9 ], [ "R", 2 ], [ "R", 2 ], [ "R", 2 ], [ "R", 21 ], [ "R", 2 ], [ "R", 21 ], [ "R", 21 ], [ "R", 9 ], [ "R", 9 ], [ "R", 2 ], [ "R", 2 ], [ "R", 2 ], [ "R", 21 ], [ "R", 2 ], [ "R", 21 ], [ "R", 21 ], [ "R", 2 ], [ "R", 21 ], [ "R", 21 ], [ "W", 21 ], [ "W", 2 ], [ "W", 21 ], [ "W", 12 ], [ "W", 15 ], [ "W", 12 ], [ "W", 12 ], [ "W", 12 ], [ "W", 2 ], [ "W", 2 ], [ "W", 12 ], [ "W", 2 ], [ "W", 12 ], [ "W", 2 ], [ "W", 15 ], [ "W", 2 ], [ "W", 15 ], [ "W", 2 ], [ "W", 5 ], [ "W", 6 ], [ "W", 5 ], [ "W", 8 ], [ "W", 11 ], [ "W", 8 ], [ "W", 1 ], [ "W", 8 ], [ "R", 9 ], [ "W", 12 ], [ "W", 15 ], [ "W", 12 ], [ "W", 12 ], [ "W", 12 ], [ "W", 2 ], [ "W", 2 ], [ "W", 12 ], [ "W", 12 ] ]
    } ]
  },
  "ActivityAdministratorController.cancel" : {
    "t" : [ {
      "id" : 0,
      "a" : [ [ "R", 1 ], [ "R", 9 ], [ "R", 9 ], [ "R", 9 ], [ "R", 2 ], [ "R", 2 ], [ "R", 2 ], [ "R", 21 ], [ "R", 2 ], [ "R", 21 ], [ "R", 21 ], [ "R", 1 ], [ "R", 1 ], [ "R", 8 ], [ "W", 1 ], [ "W", 1 ], [ "R", 1 ], [ "R", 17 ], [ "R", 9 ], [ "R", 17 ], [ "R", 17 ], [ "R", 13 ], [ "R", 17 ], [ "R", 13 ], [ "R", 16 ], [ "R", 17 ], [ "R", 13 ], [ "R", 16 ], [ "R", 17 ], [ "R", 1 ], [ "R", 8 ], [ "R", 1 ], [ "R", 16 ], [ "R", 16 ], [ "R", 13 ], [ "R", 13 ], [ "R", 16 ], [ "R", 20 ], [ "R", 20 ], [ "R", 17 ], [ "R", 20 ], [ "R", 20 ], [ "R", 17 ] ]
    } ]
  },
  "ServiceAdministratorController.save" : {
    "t" : [ {
      "id" : 0,
      "a" : [ [ "R", 9 ], [ "R", 9 ], [ "R", 2 ], [ "R", 2 ], [ "R", 2 ], [ "R", 21 ], [ "R", 2 ], [ "R", 21 ], [ "R", 21 ], [ "R", 9 ], [ "R", 9 ], [ "R", 17 ], [ "R", 17 ], [ "R", 17 ], [ "R", 17 ], [ "R", 13 ], [ "R", 6 ], [ "R", 5 ], [ "R", 17 ], [ "R", 13 ], [ "R", 17 ], [ "R", 13 ], [ "R", 6 ], [ "R", 5 ], [ "R", 6 ], [ "R", 5 ], [ "W", 17 ], [ "W", 1 ], [ "W", 17 ], [ "W", 20 ], [ "W", 17 ] ]
    } ]
  },
  "CurriculumTrainerController.delete" : {
    "t" : [ {
      "id" : 0,
      "a" : [ [ "R", 9 ], [ "R", 9 ], [ "R", 2 ], [ "R", 2 ], [ "R", 2 ], [ "R", 21 ], [ "R", 2 ], [ "R", 21 ], [ "R", 21 ], [ "R", 9 ], [ "R", 9 ], [ "R", 9 ], [ "R", 9 ], [ "R", 20 ], [ "R", 20 ], [ "R", 20 ], [ "R", 21 ], [ "R", 20 ], [ "R", 20 ], [ "R", 20 ], [ "R", 7 ], [ "R", 9 ], [ "R", 9 ], [ "R", 20 ], [ "R", 20 ], [ "R", 20 ], [ "R", 21 ], [ "W", 20 ], [ "W", 7 ], [ "W", 7 ] ]
    } ]
  }
}