{
  "1" : "Actor",
  "2" : "Administrator",
  "3" : "Application",
  "4" : "Audit",
  "5" : "Auditor",
  "6" : "Company",
  "7" : "CreditCard",
  "8" : "Curricula",
  "9" : "DomainEntity",
  "10" : "EducationData",
  "11" : "Finder",
  "12" : "Item",
  "13" : "Message",
  "14" : "MiscellaneousData",
  "15" : "Notification",
  "16" : "NuevaEntidadXXX",
  "17" : "PersonalData",
  "18" : "Position",
  "19" : "PositionData",
  "20" : "PositionProblem",
  "21" : "Provider",
  "22" : "Rookie",
  "23" : "SocialProfile",
  "24" : "Sponsorship",
  "25" : "SystemConfig",
  "26" : "UserAccount"
}