{
  "ActivityCommentActorController.edit" : {
    "t" : [ {
      "id" : 0,
      "a" : [ [ "R", 13 ], [ "R", 13 ], [ "R", 4 ], [ "R", 4 ], [ "R", 4 ], [ "R", 21 ], [ "R", 2 ], [ "R", 9 ], [ "R", 4 ], [ "R", 13 ], [ "R", 13 ], [ "R", 13 ] ]
    } ]
  },
  "TripUserController.delete" : {
    "t" : [ {
      "id" : 0,
      "a" : [ [ "R", 18 ], [ "R", 20 ], [ "R", 13 ], [ "R", 13 ], [ "R", 13 ], [ "R", 4 ], [ "R", 4 ], [ "R", 4 ], [ "R", 21 ], [ "R", 13 ], [ "W", 18 ] ]
    } ]
  },
  "CampaignManagerController.edit" : {
    "t" : [ {
      "id" : 0,
      "a" : [ [ "R", 13 ], [ "R", 13 ], [ "R", 4 ], [ "R", 4 ], [ "R", 4 ], [ "R", 21 ], [ "R", 7 ], [ "R", 7 ], [ "R", 15 ], [ "R", 13 ], [ "R", 13 ], [ "R", 4 ], [ "R", 4 ], [ "R", 4 ], [ "R", 21 ], [ "R", 13 ], [ "R", 13 ], [ "R", 7 ], [ "R", 7 ], [ "R", 15 ], [ "R", 13 ], [ "R", 13 ], [ "R", 13 ], [ "R", 13 ], [ "R", 13 ], [ "R", 4 ], [ "R", 4 ], [ "R", 4 ], [ "R", 21 ], [ "R", 13 ], [ "R", 10 ], [ "R", 10 ], [ "R", 10 ], [ "R", 15 ] ]
    } ]
  },
  "TripController.listByUser" : {
    "t" : [ {
      "id" : 0,
      "a" : [ [ "R", 18 ], [ "R", 18 ], [ "R", 18 ], [ "R", 20 ], [ "R", 20 ], [ "R", 20 ], [ "R", 20 ], [ "R", 18 ], [ "R", 20 ] ]
    } ]
  },
  "SlotUserController.save" : {
    "t" : [ {
      "id" : 0,
      "a" : [ [ "R", 13 ], [ "R", 13 ], [ "R", 20 ], [ "R", 20 ], [ "R", 20 ], [ "R", 21 ], [ "R", 13 ], [ "R", 1 ], [ "R", 1 ], [ "R", 1 ], [ "R", 20 ], [ "R", 11 ], [ "W", 17 ], [ "W", 11 ], [ "W", 17 ], [ "R", 13 ], [ "R", 13 ], [ "R", 20 ], [ "R", 20 ], [ "R", 20 ], [ "R", 21 ], [ "R", 13 ], [ "R", 1 ], [ "R", 1 ], [ "R", 1 ], [ "R", 20 ] ]
    } ]
  },
  "MessageActorController.star" : {
    "t" : [ {
      "id" : 0,
      "a" : [ [ "R", 13 ], [ "R", 13 ], [ "R", 4 ], [ "R", 4 ], [ "R", 4 ], [ "R", 21 ], [ "R", 16 ], [ "R", 16 ], [ "R", 4 ], [ "R", 13 ], [ "R", 13 ], [ "R", 13 ], [ "R", 16 ], [ "R", 4 ], [ "R", 13 ], [ "R", 13 ], [ "R", 13 ], [ "R", 13 ], [ "R", 13 ], [ "R", 4 ], [ "R", 4 ], [ "R", 4 ], [ "R", 21 ], [ "R", 13 ], [ "R", 14 ], [ "R", 14 ], [ "R", 14 ], [ "R", 14 ], [ "R", 4 ], [ "R", 16 ], [ "R", 14 ], [ "R", 13 ], [ "W", 16 ], [ "W", 16 ], [ "W", 14 ] ]
    } ]
  },
  "UserController.save" : {
    "t" : [ {
      "id" : 0,
      "a" : [ [ "W", 21 ], [ "R", 21 ], [ "R", 21 ], [ "W", 4 ], [ "W", 21 ], [ "W", 14 ], [ "W", 14 ], [ "W", 14 ], [ "W", 4 ], [ "W", 14 ], [ "W", 16 ], [ "W", 4 ], [ "W", 14 ], [ "R", 4 ], [ "R", 21 ], [ "W", 21 ], [ "R", 4 ], [ "R", 21 ], [ "W", 21 ], [ "W", 13 ], [ "W", 13 ], [ "W", 4 ], [ "W", 4 ], [ "W", 4 ], [ "W", 4 ], [ "W", 20 ], [ "W", 18 ], [ "W", 20 ], [ "W", 1 ], [ "W", 4 ], [ "W", 14 ], [ "W", 20 ], [ "R", 13 ], [ "R", 13 ], [ "R", 13 ], [ "R", 13 ], [ "R", 4 ], [ "R", 4 ], [ "R", 4 ], [ "R", 21 ], [ "R", 13 ], [ "R", 13 ], [ "R", 4 ], [ "R", 21 ], [ "R", 21 ], [ "R", 4 ], [ "R", 21 ], [ "W", 21 ], [ "W", 14 ], [ "W", 14 ], [ "W", 14 ], [ "W", 4 ], [ "W", 14 ], [ "W", 16 ], [ "W", 4 ], [ "W", 14 ], [ "W", 4 ], [ "W", 14 ], [ "W", 20 ] ]
    } ]
  },
  "ChargeRecordAdministratorController.list" : {
    "t" : [ {
      "id" : 0,
      "a" : [ [ "R", 8 ], [ "R", 8 ], [ "R", 8 ] ]
    } ]
  },
  "MessageActorController.move" : {
    "t" : [ {
      "id" : 0,
      "a" : [ [ "R", 16 ], [ "R", 13 ], [ "R", 13 ], [ "R", 4 ], [ "R", 4 ], [ "R", 4 ], [ "R", 21 ], [ "R", 16 ], [ "R", 4 ], [ "R", 13 ], [ "R", 13 ], [ "R", 13 ], [ "R", 16 ], [ "R", 4 ], [ "R", 13 ], [ "R", 13 ], [ "R", 13 ], [ "R", 14 ], [ "W", 16 ], [ "W", 14 ], [ "R", 4 ], [ "R", 13 ], [ "R", 13 ], [ "R", 4 ], [ "R", 4 ], [ "R", 4 ], [ "R", 21 ] ]
    } ]
  },
  "ActivityTypeController.list" : {
    "t" : [ {
      "id" : 0,
      "a" : [ [ "R", 3 ] ]
    } ]
  },
  "UserController.modifyProfile" : {
    "t" : [ {
      "id" : 0,
      "a" : [ [ "R", 13 ], [ "R", 13 ], [ "R", 4 ], [ "R", 4 ], [ "R", 4 ], [ "R", 21 ], [ "R", 4 ], [ "R", 4 ], [ "R", 4 ], [ "R", 4 ], [ "W", 4 ], [ "W", 4 ], [ "W", 4 ], [ "W", 4 ] ]
    } ]
  },
  "TripUserController.subscribe" : {
    "t" : [ {
      "id" : 0,
      "a" : [ [ "R", 18 ], [ "R", 13 ], [ "R", 13 ], [ "R", 20 ], [ "R", 20 ], [ "R", 20 ], [ "R", 21 ], [ "R", 18 ], [ "R", 20 ], [ "W", 18 ], [ "W", 20 ] ]
    } ]
  },
  "MessageActorController.display" : {
    "t" : [ {
      "id" : 0,
      "a" : [ [ "R", 13 ], [ "R", 13 ], [ "R", 4 ], [ "R", 4 ], [ "R", 4 ], [ "R", 21 ], [ "R", 16 ], [ "R", 16 ], [ "R", 4 ], [ "R", 13 ], [ "R", 13 ], [ "R", 13 ], [ "R", 16 ], [ "R", 4 ], [ "R", 13 ], [ "R", 13 ], [ "R", 13 ] ]
    } ]
  },
  "FolderActorController.save" : {
    "t" : [ {
      "id" : 0,
      "a" : [ [ "R", 14 ], [ "R", 13 ], [ "R", 13 ], [ "R", 4 ], [ "R", 4 ], [ "R", 4 ], [ "R", 21 ], [ "R", 13 ], [ "R", 14 ], [ "R", 4 ], [ "R", 13 ], [ "R", 13 ], [ "W", 14 ], [ "W", 4 ], [ "W", 14 ] ]
    } ]
  },
  "CreditCardManagerController.create" : {
    "t" : [ {
      "id" : 0,
      "a" : [ [ "R", 13 ], [ "R", 13 ], [ "R", 4 ], [ "R", 4 ], [ "R", 4 ], [ "R", 21 ], [ "R", 4 ], [ "R", 21 ], [ "R", 21 ], [ "R", 13 ], [ "R", 13 ], [ "R", 15 ], [ "R", 15 ], [ "R", 15 ], [ "R", 21 ], [ "W", 10 ], [ "W", 15 ], [ "W", 10 ], [ "W", 7 ], [ "W", 10 ], [ "W", 8 ], [ "R", 13 ], [ "R", 13 ], [ "R", 4 ], [ "R", 4 ], [ "R", 4 ], [ "R", 21 ], [ "R", 13 ], [ "R", 10 ], [ "R", 10 ], [ "R", 10 ], [ "R", 15 ] ]
    } ]
  },
  "ActivityUserController.create" : {
    "t" : [ {
      "id" : 0,
      "a" : [ [ "R", 13 ], [ "R", 13 ], [ "R", 20 ], [ "R", 20 ], [ "R", 20 ], [ "R", 21 ], [ "W", 1 ], [ "W", 20 ], [ "W", 1 ], [ "R", 3 ] ]
    } ]
  },
  "CampaignManagerController.list" : {
    "t" : [ {
      "id" : 0,
      "a" : [ [ "R", 13 ], [ "R", 13 ], [ "R", 4 ], [ "R", 4 ], [ "R", 4 ], [ "R", 21 ], [ "R", 13 ], [ "R", 7 ], [ "R", 7 ], [ "R", 7 ], [ "R", 15 ] ]
    } ]
  },
  "TripUserController.copyTrip" : {
    "t" : [ {
      "id" : 0,
      "a" : [ [ "R", 18 ], [ "R", 13 ], [ "R", 13 ], [ "R", 20 ], [ "R", 20 ], [ "R", 20 ], [ "R", 21 ], [ "W", 18 ], [ "W", 20 ], [ "W", 18 ], [ "W", 11 ], [ "W", 18 ], [ "W", 19 ], [ "W", 18 ], [ "W", 20 ], [ "R", 18 ], [ "R", 11 ], [ "R", 13 ], [ "R", 13 ], [ "R", 20 ], [ "R", 20 ], [ "R", 20 ], [ "R", 21 ], [ "W", 11 ], [ "W", 17 ], [ "R", 11 ], [ "W", 11 ], [ "R", 11 ], [ "W", 11 ], [ "R", 11 ], [ "W", 11 ], [ "W", 11 ], [ "W", 17 ], [ "W", 11 ], [ "W", 18 ], [ "R", 11 ], [ "W", 11 ], [ "W", 18 ], [ "W", 11 ], [ "R", 18 ], [ "W", 18 ], [ "R", 18 ], [ "W", 18 ], [ "R", 18 ], [ "W", 18 ], [ "R", 18 ], [ "W", 18 ], [ "W", 18 ], [ "W", 20 ], [ "R", 18 ], [ "W", 18 ], [ "R", 18 ], [ "R", 20 ], [ "R", 13 ], [ "R", 13 ], [ "R", 13 ], [ "R", 4 ], [ "R", 4 ], [ "R", 4 ], [ "R", 21 ], [ "R", 13 ], [ "R", 18 ], [ "R", 18 ], [ "R", 13 ], [ "R", 13 ], [ "R", 20 ], [ "R", 20 ], [ "R", 20 ], [ "R", 21 ], [ "R", 13 ], [ "W", 18 ], [ "W", 20 ], [ "R", 18 ], [ "R", 20 ], [ "R", 13 ], [ "R", 18 ], [ "R", 20 ], [ "R", 18 ], [ "R", 20 ], [ "R", 13 ], [ "R", 13 ], [ "R", 4 ], [ "R", 4 ], [ "R", 4 ], [ "R", 21 ], [ "R", 13 ], [ "R", 14 ], [ "R", 14 ], [ "R", 14 ], [ "R", 14 ], [ "R", 4 ], [ "W", 16 ], [ "W", 4 ], [ "W", 16 ], [ "W", 16 ], [ "W", 14 ], [ "R", 13 ], [ "R", 14 ], [ "R", 14 ], [ "R", 14 ], [ "R", 14 ], [ "R", 4 ], [ "W", 16 ], [ "W", 4 ], [ "W", 16 ], [ "W", 4 ], [ "W", 16 ], [ "W", 14 ], [ "R", 18 ], [ "W", 16 ], [ "W", 16 ], [ "R", 13 ], [ "W", 16 ], [ "R", 13 ], [ "R", 13 ], [ "R", 4 ], [ "R", 4 ], [ "R", 4 ], [ "R", 21 ], [ "W", 16 ], [ "R", 13 ], [ "W", 16 ], [ "W", 4 ], [ "W", 16 ], [ "W", 18 ] ]
    } ]
  },
  "SlotUserController.edit" : {
    "t" : [ {
      "id" : 0,
      "a" : [ [ "R", 13 ], [ "R", 13 ], [ "R", 20 ], [ "R", 20 ], [ "R", 20 ], [ "R", 21 ], [ "R", 17 ], [ "R", 17 ], [ "R", 11 ], [ "R", 11 ], [ "R", 18 ], [ "R", 18 ], [ "R", 20 ], [ "R", 13 ], [ "R", 13 ], [ "R", 13 ], [ "R", 13 ], [ "R", 13 ], [ "R", 20 ], [ "R", 20 ], [ "R", 20 ], [ "R", 21 ], [ "R", 13 ], [ "R", 1 ], [ "R", 1 ], [ "R", 1 ], [ "R", 20 ] ]
    } ]
  },
  "CreditCardManagerController.edit" : {
    "t" : [ {
      "id" : 0,
      "a" : [ [ "R", 13 ], [ "R", 13 ], [ "R", 4 ], [ "R", 4 ], [ "R", 4 ], [ "R", 21 ], [ "R", 13 ], [ "R", 13 ], [ "R", 15 ], [ "R", 15 ], [ "R", 15 ], [ "R", 21 ], [ "R", 10 ], [ "R", 10 ], [ "R", 15 ], [ "R", 13 ], [ "R", 13 ], [ "R", 10 ], [ "R", 15 ], [ "R", 13 ], [ "R", 13 ], [ "R", 13 ], [ "R", 13 ], [ "R", 13 ], [ "R", 4 ], [ "R", 4 ], [ "R", 4 ], [ "R", 21 ], [ "R", 13 ], [ "R", 10 ], [ "R", 10 ], [ "R", 10 ], [ "R", 15 ] ]
    } ]
  },
  "ActivityCommentActorController.delete" : {
    "t" : [ {
      "id" : 0,
      "a" : [ [ "W", 2 ] ]
    } ]
  },
  "ActivityCommentActorController.save" : {
    "t" : [ {
      "id" : 0,
      "a" : [ [ "R", 1 ], [ "W", 2 ], [ "W", 1 ], [ "W", 9 ], [ "R", 13 ], [ "R", 13 ], [ "R", 4 ], [ "R", 4 ], [ "R", 4 ], [ "R", 21 ], [ "W", 9 ], [ "W", 4 ], [ "W", 2 ] ]
    } ]
  },
  "MessageActorController.spam" : {
    "t" : [ {
      "id" : 0,
      "a" : [ [ "R", 13 ], [ "R", 13 ], [ "R", 4 ], [ "R", 4 ], [ "R", 4 ], [ "R", 21 ], [ "R", 16 ], [ "R", 16 ], [ "R", 4 ], [ "R", 13 ], [ "R", 13 ], [ "R", 13 ], [ "R", 16 ], [ "R", 4 ], [ "R", 13 ], [ "R", 13 ], [ "R", 13 ], [ "R", 13 ], [ "R", 13 ], [ "R", 4 ], [ "R", 4 ], [ "R", 4 ], [ "R", 21 ], [ "R", 13 ], [ "R", 14 ], [ "R", 14 ], [ "R", 14 ], [ "R", 14 ], [ "R", 4 ], [ "W", 16 ], [ "W", 14 ] ]
    } ]
  },
  "ActivityAdministratorController.flagActivity" : {
    "t" : [ {
      "id" : 0,
      "a" : [ [ "R", 1 ], [ "R", 13 ], [ "R", 13 ], [ "R", 4 ], [ "R", 4 ], [ "R", 4 ], [ "R", 21 ], [ "R", 4 ], [ "R", 21 ], [ "R", 21 ], [ "W", 1 ] ]
    } ]
  },
  "TripUserController.list" : {
    "t" : [ {
      "id" : 0,
      "a" : [ [ "R", 13 ], [ "R", 13 ], [ "R", 20 ], [ "R", 20 ], [ "R", 20 ], [ "R", 21 ], [ "R", 13 ], [ "R", 18 ], [ "R", 18 ], [ "R", 18 ], [ "R", 20 ], [ "R", 20 ], [ "R", 20 ], [ "R", 20 ], [ "R", 18 ], [ "R", 20 ] ]
    } ]
  },
  "DisplayPriceAdminsitratorController.chargeDisplays" : {
    "t" : [ {
      "id" : 0,
      "a" : [ [ "R", 6 ], [ "R", 12 ], [ "R", 12 ], [ "R", 12 ], [ "R", 6 ], [ "W", 8 ], [ "R", 6 ], [ "W", 8 ], [ "W", 8 ], [ "R", 6 ], [ "R", 7 ], [ "R", 7 ], [ "R", 10 ], [ "W", 8 ], [ "W", 10 ], [ "W", 8 ], [ "W", 8 ], [ "W", 6 ] ]
    } ]
  },
  "CreditCardManagerController.save" : {
    "t" : [ {
      "id" : 0,
      "a" : [ [ "R", 13 ], [ "R", 13 ], [ "R", 4 ], [ "R", 4 ], [ "R", 4 ], [ "R", 21 ], [ "R", 13 ], [ "R", 10 ], [ "R", 10 ], [ "R", 10 ], [ "R", 15 ], [ "R", 13 ], [ "R", 13 ], [ "R", 4 ], [ "R", 4 ], [ "R", 4 ], [ "R", 21 ], [ "R", 4 ], [ "R", 21 ], [ "R", 21 ], [ "R", 13 ], [ "R", 13 ], [ "R", 15 ], [ "R", 15 ], [ "R", 15 ], [ "R", 21 ], [ "R", 10 ], [ "R", 15 ], [ "R", 13 ], [ "R", 13 ], [ "W", 10 ], [ "W", 15 ], [ "R", 10 ], [ "R", 10 ], [ "R", 10 ], [ "W", 10 ], [ "R", 13 ], [ "R", 13 ], [ "R", 4 ], [ "R", 4 ], [ "R", 4 ], [ "R", 21 ], [ "R", 13 ], [ "R", 10 ], [ "R", 10 ], [ "R", 10 ], [ "R", 15 ] ]
    } ]
  },
  "ActivityTypeAdministratorController.list" : {
    "t" : [ {
      "id" : 0,
      "a" : [ [ "R", 3 ] ]
    } ]
  },
  "SlotController.list" : {
    "t" : [ {
      "id" : 0,
      "a" : [ [ "R", 11 ], [ "R", 11 ], [ "R", 17 ], [ "R", 11 ], [ "R", 17 ], [ "R", 11 ] ]
    } ]
  },
  "MessageActorController.delete" : {
    "t" : [ {
      "id" : 0,
      "a" : [ [ "R", 13 ], [ "R", 13 ], [ "R", 4 ], [ "R", 4 ], [ "R", 4 ], [ "R", 21 ], [ "R", 16 ], [ "R", 16 ], [ "R", 4 ], [ "R", 13 ], [ "R", 13 ], [ "R", 13 ], [ "R", 16 ], [ "R", 4 ], [ "R", 13 ], [ "R", 13 ], [ "R", 13 ], [ "R", 16 ], [ "R", 14 ], [ "R", 13 ], [ "R", 13 ], [ "R", 4 ], [ "R", 4 ], [ "R", 4 ], [ "R", 21 ], [ "R", 13 ], [ "R", 14 ], [ "R", 14 ], [ "R", 14 ], [ "R", 14 ], [ "R", 4 ], [ "R", 14 ], [ "W", 16 ], [ "W", 14 ], [ "W", 16 ] ]
    } ]
  },
  "ActivityAdministratorController.list" : {
    "t" : [ {
      "id" : 0,
      "a" : [ [ "R", 1 ] ]
    } ]
  },
  "AdministratorController.dashboard" : {
    "t" : [ {
      "id" : 0,
      "a" : [ [ "R", 20 ], [ "R", 20 ], [ "R", 18 ], [ "R", 18 ], [ "R", 20 ], [ "R", 20 ], [ "R", 18 ], [ "R", 20 ], [ "R", 20 ], [ "R", 18 ], [ "R", 20 ], [ "R", 20 ], [ "R", 18 ], [ "R", 20 ], [ "R", 18 ], [ "R", 20 ], [ "R", 20 ], [ "R", 18 ], [ "R", 20 ], [ "R", 20 ], [ "R", 20 ], [ "R", 20 ], [ "R", 20 ], [ "R", 18 ], [ "R", 20 ], [ "R", 20 ], [ "R", 18 ], [ "R", 4 ], [ "R", 20 ], [ "R", 20 ], [ "R", 18 ], [ "R", 20 ], [ "R", 18 ], [ "R", 11 ], [ "R", 20 ], [ "R", 18 ], [ "R", 11 ], [ "R", 20 ], [ "R", 20 ], [ "R", 18 ], [ "R", 20 ], [ "R", 18 ], [ "R", 11 ], [ "R", 20 ], [ "R", 18 ], [ "R", 11 ], [ "R", 20 ], [ "R", 20 ], [ "R", 18 ], [ "R", 20 ], [ "R", 18 ], [ "R", 11 ], [ "R", 20 ], [ "R", 18 ], [ "R", 11 ], [ "R", 20 ], [ "R", 18 ], [ "R", 11 ], [ "R", 20 ], [ "R", 20 ], [ "R", 18 ], [ "R", 20 ], [ "R", 18 ], [ "R", 11 ], [ "R", 20 ], [ "R", 18 ], [ "R", 11 ], [ "R", 20 ], [ "R", 20 ], [ "R", 15 ], [ "R", 15 ], [ "R", 7 ], [ "R", 15 ], [ "R", 7 ], [ "R", 15 ], [ "R", 7 ], [ "R", 7 ], [ "R", 7 ], [ "R", 7 ], [ "R", 10 ], [ "R", 7 ], [ "R", 10 ], [ "R", 8 ], [ "R", 7 ], [ "R", 10 ], [ "R", 8 ], [ "R", 7 ], [ "R", 7 ], [ "R", 15 ], [ "R", 15 ], [ "R", 15 ], [ "R", 7 ], [ "R", 15 ], [ "R", 15 ], [ "R", 7 ], [ "R", 4 ], [ "R", 6 ], [ "R", 6 ], [ "R", 6 ], [ "R", 6 ], [ "R", 6 ], [ "R", 6 ], [ "R", 6 ], [ "R", 6 ], [ "R", 7 ], [ "R", 6 ], [ "R", 6 ], [ "R", 6 ], [ "R", 6 ], [ "R", 6 ], [ "R", 6 ], [ "R", 6 ], [ "R", 6 ], [ "R", 7 ], [ "R", 7 ], [ "R", 7 ], [ "R", 7 ], [ "R", 7 ], [ "R", 7 ], [ "R", 7 ], [ "R", 7 ], [ "R", 7 ], [ "R", 7 ], [ "R", 7 ], [ "R", 7 ], [ "R", 7 ], [ "R", 7 ], [ "R", 7 ], [ "R", 7 ], [ "R", 7 ], [ "R", 7 ], [ "R", 20 ], [ "R", 20 ], [ "R", 20 ] ]
    } ]
  },
  "DailyPlanUserController.save" : {
    "t" : [ {
      "id" : 0,
      "a" : [ [ "R", 18 ], [ "W", 11 ], [ "W", 18 ], [ "R", 11 ], [ "R", 18 ], [ "R", 18 ], [ "R", 20 ], [ "R", 18 ], [ "R", 20 ], [ "R", 13 ], [ "R", 13 ], [ "R", 4 ], [ "R", 4 ], [ "R", 4 ], [ "R", 21 ], [ "R", 13 ], [ "R", 14 ], [ "R", 14 ], [ "R", 14 ], [ "R", 14 ], [ "R", 4 ], [ "W", 16 ], [ "W", 4 ], [ "W", 16 ], [ "W", 16 ], [ "W", 14 ], [ "R", 13 ], [ "R", 14 ], [ "R", 14 ], [ "R", 14 ], [ "R", 14 ], [ "R", 4 ], [ "W", 16 ], [ "W", 4 ], [ "W", 16 ], [ "W", 4 ], [ "W", 16 ], [ "W", 14 ], [ "R", 18 ], [ "W", 16 ], [ "W", 16 ], [ "R", 13 ], [ "W", 16 ], [ "R", 13 ], [ "R", 13 ], [ "R", 4 ], [ "R", 4 ], [ "R", 4 ], [ "R", 21 ], [ "W", 16 ], [ "R", 13 ], [ "W", 16 ], [ "W", 4 ], [ "W", 16 ], [ "W", 11 ] ]
    } ]
  },
  "BannerManagerController.listByCampaign" : {
    "t" : [ {
      "id" : 0,
      "a" : [ [ "R", 13 ], [ "R", 13 ], [ "R", 4 ], [ "R", 4 ], [ "R", 4 ], [ "R", 21 ], [ "R", 13 ], [ "R", 6 ], [ "R", 6 ], [ "R", 6 ], [ "R", 7 ], [ "R", 6 ], [ "R", 7 ], [ "R", 15 ] ]
    } ]
  },
  "DisplayPriceAdminsitratorController.edit" : {
    "t" : [ {
      "id" : 0,
      "a" : [ [ "R", 12 ] ]
    } ]
  },
  "FolderActorController.list" : {
    "t" : [ {
      "id" : 0,
      "a" : [ [ "R", 13 ], [ "R", 13 ], [ "R", 4 ], [ "R", 4 ], [ "R", 4 ], [ "R", 21 ], [ "R", 13 ], [ "R", 14 ], [ "R", 14 ], [ "R", 14 ], [ "R", 4 ] ]
    } ]
  },
  "CampaignManagerController.delete" : {
    "t" : [ {
      "id" : 0,
      "a" : [ [ "R", 7 ], [ "R", 13 ], [ "R", 13 ], [ "R", 4 ], [ "R", 4 ], [ "R", 4 ], [ "R", 21 ], [ "R", 7 ], [ "R", 15 ], [ "R", 13 ], [ "R", 13 ], [ "R", 7 ], [ "W", 7 ], [ "R", 13 ], [ "R", 13 ], [ "R", 4 ], [ "R", 4 ], [ "R", 4 ], [ "R", 21 ], [ "R", 13 ], [ "R", 10 ], [ "R", 10 ], [ "R", 10 ], [ "R", 15 ] ]
    } ]
  },
  "TripCommentActorController.create" : {
    "t" : [ {
      "id" : 0,
      "a" : [ [ "R", 13 ], [ "R", 13 ], [ "R", 4 ], [ "R", 4 ], [ "R", 4 ], [ "R", 21 ], [ "W", 9 ], [ "W", 9 ], [ "W", 4 ], [ "R", 18 ], [ "W", 19 ], [ "W", 18 ] ]
    } ]
  },
  "UserController.edit" : {
    "t" : [ {
      "id" : 0,
      "a" : [ [ "R", 13 ], [ "R", 13 ], [ "R", 4 ], [ "R", 4 ], [ "R", 4 ], [ "R", 21 ] ]
    } ]
  },
  "DailyPlanUserController.edit" : {
    "t" : [ {
      "id" : 0,
      "a" : [ [ "R", 13 ], [ "R", 13 ], [ "R", 20 ], [ "R", 20 ], [ "R", 20 ], [ "R", 21 ], [ "R", 11 ], [ "R", 11 ], [ "R", 18 ], [ "R", 18 ], [ "R", 20 ], [ "R", 13 ], [ "R", 13 ], [ "R", 13 ] ]
    } ]
  },
  "MessageActorController.removeStar" : {
    "t" : [ {
      "id" : 0,
      "a" : [ [ "R", 13 ], [ "R", 13 ], [ "R", 4 ], [ "R", 4 ], [ "R", 4 ], [ "R", 21 ], [ "R", 16 ], [ "R", 16 ], [ "R", 4 ], [ "R", 13 ], [ "R", 13 ], [ "R", 13 ], [ "R", 16 ], [ "R", 4 ], [ "R", 13 ], [ "R", 13 ], [ "R", 13 ], [ "R", 16 ], [ "R", 14 ], [ "W", 16 ], [ "W", 14 ] ]
    } ]
  },
  "MessageActorController.list" : {
    "t" : [ {
      "id" : 0,
      "a" : [ [ "R", 13 ], [ "R", 13 ], [ "R", 4 ], [ "R", 4 ], [ "R", 4 ], [ "R", 21 ], [ "R", 13 ], [ "R", 14 ], [ "R", 14 ], [ "R", 14 ], [ "R", 4 ], [ "R", 14 ], [ "R", 13 ], [ "R", 13 ], [ "R", 4 ], [ "R", 4 ], [ "R", 4 ], [ "R", 21 ], [ "R", 14 ], [ "R", 14 ], [ "R", 4 ], [ "R", 13 ], [ "R", 13 ], [ "R", 13 ], [ "R", 14 ], [ "R", 14 ], [ "R", 16 ], [ "R", 14 ], [ "R", 13 ], [ "R", 13 ], [ "R", 4 ], [ "R", 4 ], [ "R", 4 ], [ "R", 21 ], [ "R", 13 ], [ "R", 14 ], [ "R", 14 ], [ "R", 14 ], [ "R", 14 ], [ "R", 4 ], [ "R", 13 ], [ "R", 13 ], [ "R", 14 ], [ "R", 14 ], [ "R", 14 ], [ "R", 14 ], [ "R", 4 ], [ "R", 13 ], [ "R", 13 ], [ "R", 14 ], [ "R", 14 ], [ "R", 14 ], [ "R", 14 ], [ "R", 4 ], [ "R", 13 ] ]
    } ]
  },
  "TripController.listByActivityType" : {
    "t" : [ {
      "id" : 0,
      "a" : [ [ "R", 3 ], [ "R", 3 ], [ "R", 1 ], [ "R", 3 ], [ "R", 1 ], [ "R", 17 ], [ "R", 3 ], [ "R", 1 ], [ "R", 17 ], [ "R", 11 ], [ "R", 18 ], [ "R", 3 ], [ "R", 1 ], [ "R", 17 ], [ "R", 11 ], [ "R", 18 ], [ "R", 3 ] ]
    } ]
  },
  "CreditCardManagerController.delete" : {
    "t" : [ {
      "id" : 0,
      "a" : [ [ "R", 13 ], [ "R", 13 ], [ "R", 4 ], [ "R", 4 ], [ "R", 4 ], [ "R", 21 ], [ "R", 10 ], [ "R", 15 ], [ "R", 13 ], [ "R", 13 ], [ "W", 10 ], [ "R", 13 ], [ "R", 13 ], [ "R", 4 ], [ "R", 4 ], [ "R", 4 ], [ "R", 21 ], [ "R", 13 ], [ "R", 10 ], [ "R", 10 ], [ "R", 10 ], [ "R", 15 ] ]
    } ]
  },
  "TripUserController.edit" : {
    "t" : [ {
      "id" : 0,
      "a" : [ [ "R", 13 ], [ "R", 13 ], [ "R", 20 ], [ "R", 20 ], [ "R", 20 ], [ "R", 21 ], [ "R", 18 ], [ "R", 18 ], [ "R", 20 ], [ "R", 13 ], [ "R", 13 ], [ "R", 13 ] ]
    } ]
  },
  "DailyPlanUserController.create" : {
    "t" : [ {
      "id" : 0,
      "a" : [ [ "W", 11 ], [ "W", 17 ], [ "R", 18 ], [ "W", 11 ], [ "W", 18 ] ]
    } ]
  },
  "ChargeRecordManagerController.list" : {
    "t" : [ {
      "id" : 0,
      "a" : [ [ "R", 13 ], [ "R", 13 ], [ "R", 4 ], [ "R", 4 ], [ "R", 4 ], [ "R", 21 ], [ "R", 13 ], [ "R", 10 ], [ "R", 10 ], [ "R", 8 ], [ "R", 10 ], [ "R", 10 ], [ "R", 15 ], [ "R", 13 ], [ "R", 13 ], [ "R", 15 ], [ "R", 15 ], [ "R", 15 ], [ "R", 21 ], [ "R", 10 ], [ "R", 10 ], [ "R", 15 ], [ "R", 13 ], [ "R", 13 ], [ "R", 10 ], [ "R", 15 ], [ "R", 13 ], [ "R", 13 ] ]
    } ]
  },
  "FolderActorController.deleteFolder" : {
    "t" : [ {
      "id" : 0,
      "a" : [ [ "R", 13 ], [ "R", 13 ], [ "R", 4 ], [ "R", 4 ], [ "R", 4 ], [ "R", 21 ], [ "R", 14 ], [ "R", 14 ], [ "R", 4 ], [ "R", 13 ], [ "R", 13 ], [ "R", 13 ], [ "R", 13 ], [ "R", 13 ], [ "R", 4 ], [ "R", 4 ], [ "R", 4 ], [ "R", 21 ], [ "R", 14 ], [ "R", 14 ], [ "R", 4 ], [ "R", 13 ], [ "R", 13 ], [ "R", 14 ], [ "R", 16 ], [ "R", 13 ], [ "R", 13 ], [ "R", 4 ], [ "R", 4 ], [ "R", 4 ], [ "R", 21 ], [ "R", 13 ], [ "R", 14 ], [ "R", 14 ], [ "R", 14 ], [ "R", 14 ], [ "R", 4 ], [ "W", 16 ], [ "W", 14 ], [ "W", 14 ] ]
    } ]
  },
  "CreditCardManagerController.list" : {
    "t" : [ {
      "id" : 0,
      "a" : [ [ "R", 13 ], [ "R", 13 ], [ "R", 4 ], [ "R", 4 ], [ "R", 4 ], [ "R", 21 ], [ "R", 13 ], [ "R", 10 ], [ "R", 10 ], [ "R", 10 ], [ "R", 15 ] ]
    } ]
  },
  "SlotUserController.delete" : {
    "t" : [ {
      "id" : 0,
      "a" : [ [ "W", 17 ], [ "R", 13 ], [ "R", 13 ], [ "R", 20 ], [ "R", 20 ], [ "R", 20 ], [ "R", 21 ], [ "R", 13 ], [ "R", 1 ], [ "R", 1 ], [ "R", 1 ], [ "R", 20 ] ]
    } ]
  },
  "ManagerAdministratorController.save" : {
    "t" : [ {
      "id" : 0,
      "a" : [ [ "R", 4 ], [ "R", 21 ], [ "R", 4 ], [ "R", 21 ], [ "R", 21 ], [ "R", 4 ], [ "R", 21 ], [ "W", 21 ], [ "W", 14 ], [ "W", 14 ], [ "W", 14 ], [ "W", 4 ], [ "W", 14 ], [ "W", 16 ], [ "W", 4 ], [ "W", 14 ], [ "W", 4 ], [ "W", 14 ], [ "W", 15 ], [ "R", 4 ], [ "R", 21 ] ]
    } ]
  },
  "MessageActorController.edit" : {
    "t" : [ {
      "id" : 0,
      "a" : [ [ "R", 16 ] ]
    } ]
  },
  "TripUserController.save" : {
    "t" : [ {
      "id" : 0,
      "a" : [ [ "R", 18 ], [ "R", 20 ], [ "R", 13 ], [ "R", 13 ], [ "R", 13 ], [ "R", 4 ], [ "R", 4 ], [ "R", 4 ], [ "R", 21 ], [ "R", 13 ], [ "R", 18 ], [ "R", 18 ], [ "R", 13 ], [ "R", 13 ], [ "R", 20 ], [ "R", 20 ], [ "R", 20 ], [ "R", 21 ], [ "R", 13 ], [ "W", 18 ], [ "W", 20 ], [ "R", 18 ], [ "R", 20 ], [ "R", 13 ], [ "R", 18 ], [ "R", 20 ], [ "R", 18 ], [ "R", 20 ], [ "R", 13 ], [ "R", 13 ], [ "R", 4 ], [ "R", 4 ], [ "R", 4 ], [ "R", 21 ], [ "R", 13 ], [ "R", 14 ], [ "R", 14 ], [ "R", 14 ], [ "R", 14 ], [ "R", 4 ], [ "W", 16 ], [ "W", 4 ], [ "W", 16 ], [ "W", 16 ], [ "W", 14 ], [ "R", 13 ], [ "R", 14 ], [ "R", 14 ], [ "R", 14 ], [ "R", 14 ], [ "R", 4 ], [ "W", 16 ], [ "W", 4 ], [ "W", 16 ], [ "W", 4 ], [ "W", 16 ], [ "W", 14 ], [ "R", 18 ], [ "W", 16 ], [ "W", 16 ], [ "R", 13 ], [ "W", 16 ], [ "R", 13 ], [ "R", 13 ], [ "R", 4 ], [ "R", 4 ], [ "R", 4 ], [ "R", 21 ], [ "W", 16 ], [ "R", 13 ], [ "W", 16 ], [ "W", 4 ], [ "W", 16 ], [ "W", 18 ] ]
    } ]
  },
  "BannerManagerController.list" : {
    "t" : [ {
      "id" : 0,
      "a" : [ [ "R", 13 ], [ "R", 13 ], [ "R", 4 ], [ "R", 4 ], [ "R", 4 ], [ "R", 21 ], [ "R", 13 ], [ "R", 6 ], [ "R", 6 ], [ "R", 6 ], [ "R", 7 ], [ "R", 15 ] ]
    } ]
  },
  "ActivityTypeAdministratorController.save" : {
    "t" : [ {
      "id" : 0,
      "a" : [ [ "R", 13 ], [ "R", 13 ], [ "R", 4 ], [ "R", 4 ], [ "R", 4 ], [ "R", 21 ], [ "R", 4 ], [ "R", 21 ], [ "R", 21 ], [ "W", 3 ] ]
    } ]
  },
  "DailyPlanUserController.delete" : {
    "t" : [ {
      "id" : 0,
      "a" : [ [ "W", 11 ] ]
    } ]
  },
  "FolderActorController.delete" : {
    "t" : [ {
      "id" : 0,
      "a" : [ [ "R", 13 ], [ "R", 13 ], [ "R", 4 ], [ "R", 4 ], [ "R", 4 ], [ "R", 21 ], [ "R", 14 ], [ "R", 14 ], [ "R", 4 ], [ "R", 13 ], [ "R", 13 ], [ "R", 14 ], [ "R", 16 ], [ "R", 13 ], [ "R", 13 ], [ "R", 4 ], [ "R", 4 ], [ "R", 4 ], [ "R", 21 ], [ "R", 13 ], [ "R", 14 ], [ "R", 14 ], [ "R", 14 ], [ "R", 14 ], [ "R", 4 ], [ "W", 16 ], [ "W", 14 ], [ "W", 14 ] ]
    } ]
  },
  "TripCommentActorController.list" : {
    "t" : [ {
      "id" : 0,
      "a" : [ [ "R", 19 ], [ "R", 19 ], [ "R", 19 ], [ "R", 18 ], [ "R", 19 ] ]
    } ]
  },
  "BannerManagerController.create" : {
    "t" : [ {
      "id" : 0,
      "a" : [ [ "W", 6 ], [ "W", 6 ], [ "R", 13 ], [ "R", 13 ], [ "R", 4 ], [ "R", 4 ], [ "R", 4 ], [ "R", 21 ], [ "R", 13 ], [ "R", 7 ], [ "R", 7 ], [ "R", 7 ], [ "R", 15 ] ]
    } ]
  },
  "CommentAdministratorController.flagComment" : {
    "t" : [ {
      "id" : 0,
      "a" : [ [ "R", 9 ], [ "R", 9 ], [ "R", 9 ], [ "R", 13 ], [ "R", 13 ], [ "R", 4 ], [ "R", 4 ], [ "R", 4 ], [ "R", 21 ], [ "R", 4 ], [ "R", 21 ], [ "R", 21 ], [ "W", 9 ] ]
    } ]
  },
  "MessageActorController.create" : {
    "t" : [ {
      "id" : 0,
      "a" : [ [ "R", 13 ], [ "R", 13 ], [ "R", 4 ], [ "R", 4 ], [ "R", 4 ], [ "R", 21 ], [ "R", 13 ], [ "R", 14 ], [ "R", 14 ], [ "R", 14 ], [ "R", 14 ], [ "R", 4 ], [ "W", 16 ], [ "W", 4 ], [ "W", 16 ], [ "W", 16 ], [ "W", 14 ], [ "R", 4 ], [ "R", 13 ], [ "R", 13 ], [ "R", 4 ], [ "R", 4 ], [ "R", 4 ], [ "R", 21 ] ]
    } ]
  },
  "TripController.list" : {
    "t" : [ {
      "id" : 0,
      "a" : [ [ "R", 18 ] ]
    } ]
  },
  "DisplayPriceAdminsitratorController.save" : {
    "t" : [ {
      "id" : 0,
      "a" : [ [ "W", 12 ] ]
    } ]
  },
  "CampaignManagerController.cancelCampaign" : {
    "t" : [ {
      "id" : 0,
      "a" : [ [ "R", 13 ], [ "R", 13 ], [ "R", 4 ], [ "R", 4 ], [ "R", 4 ], [ "R", 21 ], [ "R", 7 ], [ "R", 7 ], [ "R", 15 ], [ "R", 13 ], [ "R", 13 ], [ "R", 4 ], [ "R", 4 ], [ "R", 4 ], [ "R", 21 ], [ "R", 13 ], [ "R", 13 ], [ "R", 7 ], [ "R", 15 ], [ "R", 13 ], [ "R", 13 ], [ "R", 13 ], [ "R", 7 ], [ "R", 7 ], [ "R", 15 ], [ "R", 13 ], [ "R", 13 ], [ "R", 4 ], [ "R", 4 ], [ "R", 4 ], [ "R", 21 ], [ "R", 13 ], [ "R", 13 ], [ "R", 7 ], [ "W", 7 ] ]
    } ]
  },
  "ActivityController.list" : {
    "t" : [ {
      "id" : 0,
      "a" : [ [ "R", 17 ], [ "R", 17 ], [ "R", 1 ], [ "R", 17 ], [ "R", 17 ], [ "R", 1 ] ]
    } ]
  },
  "ActivityTypeAdministratorController.edit" : {
    "t" : [ {
      "id" : 0,
      "a" : [ [ "R", 3 ] ]
    } ]
  },
  "TripUserController.create" : {
    "t" : [ {
      "id" : 0,
      "a" : [ [ "R", 13 ], [ "R", 13 ], [ "R", 20 ], [ "R", 20 ], [ "R", 20 ], [ "R", 21 ], [ "W", 18 ], [ "W", 20 ], [ "W", 18 ], [ "W", 11 ], [ "W", 18 ], [ "W", 19 ], [ "W", 18 ], [ "W", 20 ] ]
    } ]
  },
  "MessageActorController.save" : {
    "t" : [ {
      "id" : 0,
      "a" : [ [ "R", 4 ], [ "R", 13 ], [ "R", 13 ], [ "R", 4 ], [ "R", 4 ], [ "R", 4 ], [ "R", 21 ], [ "R", 13 ], [ "R", 13 ], [ "R", 4 ], [ "R", 4 ], [ "R", 4 ], [ "R", 21 ], [ "R", 13 ], [ "R", 14 ], [ "R", 14 ], [ "R", 14 ], [ "R", 14 ], [ "R", 4 ], [ "R", 14 ], [ "R", 16 ], [ "W", 16 ], [ "W", 16 ], [ "W", 4 ], [ "W", 16 ], [ "W", 14 ], [ "W", 14 ], [ "W", 16 ], [ "R", 13 ], [ "R", 13 ], [ "R", 4 ], [ "R", 4 ], [ "R", 4 ], [ "R", 21 ], [ "R", 13 ], [ "R", 14 ], [ "R", 14 ], [ "R", 14 ], [ "R", 14 ], [ "R", 4 ], [ "W", 16 ], [ "W", 4 ], [ "W", 16 ], [ "W", 16 ], [ "W", 14 ], [ "R", 16 ], [ "R", 4 ], [ "R", 16 ], [ "W", 16 ], [ "R", 16 ], [ "W", 16 ], [ "R", 16 ], [ "W", 16 ], [ "R", 16 ], [ "W", 16 ], [ "W", 16 ], [ "W", 4 ], [ "R", 16 ], [ "R", 4 ], [ "W", 16 ], [ "W", 4 ], [ "R", 13 ], [ "R", 14 ], [ "R", 14 ], [ "R", 14 ], [ "R", 14 ], [ "R", 4 ], [ "W", 16 ], [ "W", 14 ], [ "R", 14 ], [ "R", 16 ], [ "W", 14 ], [ "W", 16 ], [ "R", 13 ], [ "R", 13 ], [ "R", 4 ], [ "R", 4 ], [ "R", 4 ], [ "R", 21 ], [ "W", 16 ], [ "R", 13 ], [ "W", 16 ], [ "W", 4 ], [ "W", 16 ], [ "R", 13 ], [ "R", 13 ], [ "R", 4 ], [ "R", 4 ], [ "R", 4 ], [ "R", 21 ], [ "W", 16 ], [ "R", 13 ], [ "W", 16 ], [ "W", 4 ], [ "W", 16 ], [ "R", 4 ], [ "R", 13 ], [ "R", 13 ], [ "R", 4 ], [ "R", 4 ], [ "R", 4 ], [ "R", 21 ] ]
    } ]
  },
  "AdministratorController.create" : {
    "t" : [ {
      "id" : 0,
      "a" : [ [ "R", 13 ], [ "R", 13 ], [ "R", 4 ], [ "R", 4 ], [ "R", 4 ], [ "R", 21 ], [ "R", 4 ], [ "R", 21 ], [ "R", 21 ], [ "W", 21 ], [ "R", 21 ], [ "R", 21 ], [ "W", 4 ], [ "W", 21 ], [ "R", 4 ], [ "R", 21 ] ]
    } ]
  },
  "ManagerAdministratorController.edit" : {
    "t" : [ {
      "id" : 0,
      "a" : [ [ "R", 15 ], [ "R", 4 ], [ "R", 21 ] ]
    } ]
  },
  "UserController.list" : {
    "t" : [ {
      "id" : 0,
      "a" : [ [ "R", 20 ] ]
    } ]
  },
  "TripCommentActorController.edit" : {
    "t" : [ {
      "id" : 0,
      "a" : [ [ "R", 13 ], [ "R", 13 ], [ "R", 4 ], [ "R", 4 ], [ "R", 4 ], [ "R", 21 ], [ "R", 19 ], [ "R", 9 ], [ "R", 4 ], [ "R", 13 ], [ "R", 13 ], [ "R", 13 ] ]
    } ]
  },
  "ActivityUserController.save" : {
    "t" : [ {
      "id" : 0,
      "a" : [ [ "R", 3 ], [ "R", 13 ], [ "R", 13 ], [ "R", 20 ], [ "R", 20 ], [ "R", 20 ], [ "R", 21 ], [ "W", 1 ], [ "W", 20 ], [ "W", 1 ], [ "W", 1 ], [ "R", 3 ] ]
    } ]
  },
  "ActivityUserController.delete" : {
    "t" : [ {
      "id" : 0,
      "a" : [ [ "W", 1 ], [ "R", 3 ] ]
    } ]
  },
  "ManagerAdministratorController.create" : {
    "t" : [ {
      "id" : 0,
      "a" : [ [ "R", 13 ], [ "R", 13 ], [ "R", 4 ], [ "R", 4 ], [ "R", 4 ], [ "R", 21 ], [ "R", 4 ], [ "R", 21 ], [ "R", 21 ], [ "W", 21 ], [ "R", 21 ], [ "R", 21 ], [ "W", 4 ], [ "W", 21 ], [ "R", 4 ], [ "R", 21 ] ]
    } ]
  },
  "ActivityUserController.edit" : {
    "t" : [ {
      "id" : 0,
      "a" : [ [ "R", 13 ], [ "R", 13 ], [ "R", 20 ], [ "R", 20 ], [ "R", 20 ], [ "R", 21 ], [ "R", 1 ], [ "R", 1 ], [ "R", 20 ], [ "R", 13 ], [ "R", 13 ], [ "R", 13 ], [ "R", 3 ] ]
    } ]
  },
  "ActivityCommentActorController.create" : {
    "t" : [ {
      "id" : 0,
      "a" : [ [ "R", 13 ], [ "R", 13 ], [ "R", 4 ], [ "R", 4 ], [ "R", 4 ], [ "R", 21 ], [ "W", 9 ], [ "W", 9 ], [ "W", 4 ], [ "R", 1 ], [ "W", 2 ], [ "W", 1 ] ]
    } ]
  },
  "FolderActorController.edit" : {
    "t" : [ {
      "id" : 0,
      "a" : [ [ "R", 13 ], [ "R", 13 ], [ "R", 4 ], [ "R", 4 ], [ "R", 4 ], [ "R", 21 ], [ "R", 14 ], [ "R", 14 ], [ "R", 4 ], [ "R", 13 ], [ "R", 13 ], [ "R", 13 ] ]
    } ]
  },
  "TripCommentActorController.save" : {
    "t" : [ {
      "id" : 0,
      "a" : [ [ "R", 18 ], [ "W", 19 ], [ "W", 18 ], [ "W", 9 ], [ "R", 13 ], [ "R", 13 ], [ "R", 4 ], [ "R", 4 ], [ "R", 4 ], [ "R", 21 ], [ "W", 9 ], [ "W", 4 ], [ "W", 19 ] ]
    } ]
  },
  "ActivityTypeAdministratorController.delete" : {
    "t" : [ {
      "id" : 0,
      "a" : [ [ "W", 3 ] ]
    } ]
  },
  "ActivityCommentActorController.list" : {
    "t" : [ {
      "id" : 0,
      "a" : [ [ "R", 2 ], [ "R", 2 ], [ "R", 2 ], [ "R", 1 ], [ "R", 2 ] ]
    } ]
  },
  "BannerManagerController.edit" : {
    "t" : [ {
      "id" : 0,
      "a" : [ [ "R", 13 ], [ "R", 13 ], [ "R", 4 ], [ "R", 4 ], [ "R", 4 ], [ "R", 21 ], [ "R", 6 ], [ "R", 6 ], [ "R", 7 ], [ "R", 7 ], [ "R", 15 ], [ "R", 13 ], [ "R", 13 ], [ "R", 13 ], [ "R", 13 ], [ "R", 13 ], [ "R", 4 ], [ "R", 4 ], [ "R", 4 ], [ "R", 21 ], [ "R", 13 ], [ "R", 7 ], [ "R", 7 ], [ "R", 7 ], [ "R", 15 ] ]
    } ]
  },
  "BannerManagerController.delete" : {
    "t" : [ {
      "id" : 0,
      "a" : [ [ "W", 6 ], [ "R", 13 ], [ "R", 13 ], [ "R", 4 ], [ "R", 4 ], [ "R", 4 ], [ "R", 21 ], [ "R", 13 ], [ "R", 7 ], [ "R", 7 ], [ "R", 7 ], [ "R", 15 ] ]
    } ]
  },
  "FolderActorController.create" : {
    "t" : [ {
      "id" : 0,
      "a" : [ [ "R", 13 ], [ "R", 13 ], [ "R", 4 ], [ "R", 4 ], [ "R", 4 ], [ "R", 21 ], [ "W", 14 ], [ "W", 4 ] ]
    } ]
  },
  "SlotUserController.create" : {
    "t" : [ {
      "id" : 0,
      "a" : [ [ "R", 11 ], [ "W", 17 ], [ "W", 11 ], [ "R", 13 ], [ "R", 13 ], [ "R", 20 ], [ "R", 20 ], [ "R", 20 ], [ "R", 21 ], [ "R", 13 ], [ "R", 1 ], [ "R", 1 ], [ "R", 1 ], [ "R", 20 ] ]
    } ]
  },
  "CampaignManagerController.save" : {
    "t" : [ {
      "id" : 0,
      "a" : [ [ "R", 13 ], [ "R", 13 ], [ "R", 4 ], [ "R", 4 ], [ "R", 4 ], [ "R", 21 ], [ "R", 13 ], [ "R", 10 ], [ "R", 10 ], [ "R", 10 ], [ "R", 15 ], [ "R", 7 ], [ "R", 7 ], [ "R", 13 ], [ "R", 13 ], [ "R", 15 ], [ "R", 15 ], [ "R", 15 ], [ "R", 21 ], [ "R", 7 ], [ "R", 15 ], [ "R", 13 ], [ "R", 13 ], [ "W", 7 ], [ "W", 15 ], [ "W", 7 ], [ "R", 13 ], [ "R", 13 ], [ "R", 4 ], [ "R", 4 ], [ "R", 4 ], [ "R", 21 ], [ "R", 13 ], [ "R", 10 ], [ "R", 10 ], [ "R", 10 ], [ "R", 15 ] ]
    } ]
  },
  "CampaignManagerController.create" : {
    "t" : [ {
      "id" : 0,
      "a" : [ [ "R", 13 ], [ "R", 13 ], [ "R", 15 ], [ "R", 15 ], [ "R", 15 ], [ "R", 21 ], [ "W", 7 ], [ "W", 15 ], [ "W", 7 ], [ "W", 6 ], [ "R", 13 ], [ "R", 13 ], [ "R", 4 ], [ "R", 4 ], [ "R", 4 ], [ "R", 21 ], [ "R", 13 ], [ "R", 10 ], [ "R", 10 ], [ "R", 10 ], [ "R", 15 ] ]
    } ]
  },
  "TripCommentActorController.delete" : {
    "t" : [ {
      "id" : 0,
      "a" : [ [ "W", 19 ] ]
    } ]
  },
  "AdministratorController.edit" : {
    "t" : [ {
      "id" : 0,
      "a" : [ [ "R", 5 ], [ "R", 4 ], [ "R", 21 ] ]
    } ]
  },
  "TripController.listKeyword" : {
    "t" : [ {
      "id" : 0,
      "a" : [ [ "R", 18 ], [ "R", 18 ], [ "R", 11 ], [ "R", 18 ], [ "R", 11 ], [ "R", 17 ], [ "R", 18 ], [ "R", 18 ], [ "R", 18 ], [ "R", 18 ], [ "R", 11 ], [ "R", 18 ], [ "R", 11 ], [ "R", 18 ], [ "R", 11 ], [ "R", 17 ], [ "R", 18 ], [ "R", 11 ], [ "R", 17 ], [ "R", 18 ], [ "R", 11 ], [ "R", 17 ], [ "R", 1 ], [ "R", 18 ], [ "R", 11 ], [ "R", 17 ], [ "R", 1 ] ]
    } ]
  },
  "TripController.display" : {
    "t" : [ {
      "id" : 0,
      "a" : [ [ "R", 18 ], [ "R", 6 ], [ "R", 6 ], [ "R", 18 ], [ "R", 18 ], [ "R", 11 ], [ "R", 18 ], [ "R", 11 ], [ "R", 17 ], [ "R", 18 ], [ "R", 18 ], [ "R", 18 ], [ "R", 18 ], [ "R", 11 ], [ "R", 18 ], [ "R", 11 ], [ "R", 18 ], [ "R", 11 ], [ "R", 17 ], [ "R", 18 ], [ "R", 11 ], [ "R", 17 ], [ "R", 18 ], [ "R", 11 ], [ "R", 17 ], [ "R", 1 ], [ "R", 18 ], [ "R", 11 ], [ "R", 17 ], [ "R", 1 ], [ "R", 6 ], [ "R", 6 ], [ "W", 6 ], [ "R", 6 ], [ "W", 6 ], [ "R", 6 ], [ "W", 6 ] ]
    } ]
  },
  "ActivityUserController.list" : {
    "t" : [ {
      "id" : 0,
      "a" : [ [ "R", 13 ], [ "R", 13 ], [ "R", 20 ], [ "R", 20 ], [ "R", 20 ], [ "R", 21 ], [ "R", 13 ], [ "R", 1 ], [ "R", 1 ], [ "R", 1 ], [ "R", 20 ] ]
    } ]
  },
  "BannerManagerController.save" : {
    "t" : [ {
      "id" : 0,
      "a" : [ [ "R", 13 ], [ "R", 13 ], [ "R", 4 ], [ "R", 4 ], [ "R", 4 ], [ "R", 21 ], [ "R", 13 ], [ "R", 7 ], [ "R", 7 ], [ "R", 7 ], [ "R", 15 ], [ "W", 6 ], [ "R", 13 ], [ "R", 13 ], [ "R", 4 ], [ "R", 4 ], [ "R", 4 ], [ "R", 21 ], [ "R", 13 ], [ "R", 7 ], [ "R", 7 ], [ "R", 7 ], [ "R", 15 ] ]
    } ]
  },
  "DailyPlanController.list" : {
    "t" : [ {
      "id" : 0,
      "a" : [ [ "R", 18 ], [ "R", 18 ], [ "R", 11 ], [ "R", 18 ], [ "R", 11 ], [ "R", 18 ] ]
    } ]
  },
  "AdministratorController.save" : {
    "t" : [ {
      "id" : 0,
      "a" : [ [ "R", 4 ], [ "R", 21 ], [ "R", 13 ], [ "R", 13 ], [ "R", 4 ], [ "R", 4 ], [ "R", 4 ], [ "R", 21 ], [ "R", 4 ], [ "R", 21 ], [ "R", 21 ], [ "R", 4 ], [ "R", 21 ], [ "R", 21 ], [ "R", 4 ], [ "R", 21 ], [ "W", 21 ], [ "W", 14 ], [ "W", 14 ], [ "W", 14 ], [ "W", 4 ], [ "W", 14 ], [ "W", 16 ], [ "W", 4 ], [ "W", 14 ], [ "W", 4 ], [ "W", 14 ], [ "W", 5 ], [ "R", 4 ], [ "R", 21 ] ]
    } ]
  }
}