{
  "PartnerPartnerController.save" : {
    "t" : [ {
      "id" : 0,
      "a" : [ [ "R", 14 ], [ "R", 14 ], [ "R", 17 ], [ "R", 17 ], [ "R", 17 ], [ "R", 24 ], [ "W", 24 ], [ "R", 24 ], [ "W", 24 ], [ "W", 24 ], [ "W", 24 ], [ "W", 24 ], [ "W", 24 ], [ "W", 2 ], [ "W", 2 ], [ "W", 2 ], [ "W", 2 ], [ "W", 2 ], [ "W", 24 ], [ "R", 2 ], [ "R", 24 ], [ "R", 24 ], [ "R", 24 ], [ "W", 17 ], [ "W", 17 ], [ "W", 17 ], [ "W", 17 ], [ "W", 17 ], [ "R", 2 ], [ "R", 24 ], [ "R", 24 ], [ "W", 24 ], [ "R", 24 ], [ "W", 24 ], [ "W", 2 ], [ "W", 2 ], [ "W", 2 ], [ "W", 2 ], [ "R", 2 ], [ "R", 24 ], [ "R", 2 ], [ "R", 24 ], [ "R", 14 ], [ "W", 14 ], [ "R", 2 ], [ "R", 24 ], [ "R", 14 ], [ "W", 14 ], [ "R", 2 ], [ "R", 24 ], [ "R", 24 ], [ "W", 24 ], [ "R", 2 ], [ "R", 24 ], [ "R", 24 ], [ "W", 24 ], [ "R", 14 ], [ "W", 14 ], [ "R", 14 ], [ "W", 14 ], [ "W", 17 ], [ "W", 17 ], [ "W", 17 ], [ "R", 17 ], [ "W", 17 ], [ "R", 17 ], [ "W", 17 ], [ "R", 2 ], [ "R", 24 ], [ "R", 24 ], [ "W", 24 ], [ "R", 14 ], [ "R", 14 ], [ "R", 14 ], [ "R", 3 ], [ "R", 3 ], [ "R", 3 ], [ "R", 24 ], [ "R", 2 ], [ "R", 24 ], [ "W", 24 ], [ "W", 2 ], [ "W", 24 ], [ "W", 17 ], [ "R", 14 ], [ "W", 15 ], [ "W", 2 ], [ "W", 15 ], [ "W", 15 ], [ "W", 15 ] ]
    } ]
  },
  "BannerPartnerController.edit" : {
    "t" : [ {
      "id" : 0,
      "a" : [ [ "R", 9 ] ]
    } ]
  },
  "PetAnimaniacController.myPets" : {
    "t" : [ {
      "id" : 0,
      "a" : [ [ "R", 14 ], [ "R", 14 ], [ "R", 4 ], [ "R", 4 ], [ "R", 4 ], [ "R", 24 ], [ "R", 14 ], [ "R", 18 ], [ "R", 18 ], [ "R", 18 ], [ "R", 4 ], [ "R", 4 ], [ "R", 14 ], [ "R", 14 ], [ "R", 4 ], [ "R", 4 ], [ "R", 4 ], [ "R", 24 ], [ "R", 14 ], [ "R", 14 ], [ "R", 14 ] ]
    } ]
  },
  "MessageActorController.move" : {
    "t" : [ {
      "id" : 0,
      "a" : [ [ "R", 14 ], [ "R", 14 ], [ "R", 2 ], [ "R", 2 ], [ "R", 2 ], [ "R", 24 ], [ "R", 14 ], [ "R", 15 ], [ "R", 15 ], [ "R", 15 ], [ "R", 2 ], [ "R", 16 ], [ "R", 16 ], [ "R", 15 ], [ "R", 15 ], [ "R", 2 ], [ "R", 14 ], [ "R", 14 ], [ "R", 2 ], [ "R", 2 ], [ "R", 2 ], [ "R", 24 ], [ "R", 14 ], [ "R", 14 ], [ "R", 14 ] ]
    } ]
  },
  "VetVetController.edit" : {
    "t" : [ {
      "id" : 0,
      "a" : [ [ "R", 14 ], [ "R", 14 ], [ "R", 25 ], [ "R", 25 ], [ "R", 25 ], [ "R", 24 ], [ "R", 2 ], [ "R", 2 ], [ "R", 2 ], [ "R", 2 ], [ "R", 2 ], [ "R", 24 ], [ "R", 25 ] ]
    } ]
  },
  "AttributeAdministratorController.save" : {
    "t" : [ {
      "id" : 0,
      "a" : [ [ "R", 23 ], [ "R", 14 ], [ "R", 14 ], [ "R", 3 ], [ "R", 3 ], [ "R", 3 ], [ "R", 24 ], [ "R", 14 ], [ "R", 14 ], [ "R", 8 ], [ "R", 8 ], [ "R", 8 ], [ "R", 7 ], [ "R", 7 ], [ "R", 7 ], [ "R", 23 ], [ "R", 14 ], [ "R", 7 ], [ "R", 7 ], [ "R", 7 ], [ "R", 7 ], [ "R", 23 ], [ "R", 14 ], [ "R", 14 ], [ "W", 7 ], [ "R", 23 ] ]
    } ]
  },
  "SpamWordAdministratorController.delete" : {
    "t" : [ {
      "id" : 0,
      "a" : [ [ "R", 14 ], [ "R", 14 ], [ "R", 2 ], [ "R", 2 ], [ "R", 2 ], [ "R", 24 ], [ "R", 3 ], [ "W", 22 ] ]
    } ]
  },
  "RequestAnimaniacController.save" : {
    "t" : [ {
      "id" : 0,
      "a" : [ [ "R", 14 ], [ "R", 14 ], [ "R", 4 ], [ "R", 4 ], [ "R", 4 ], [ "R", 24 ], [ "W", 20 ], [ "W", 18 ], [ "W", 20 ], [ "R", 4 ], [ "W", 20 ], [ "R", 20 ], [ "W", 20 ], [ "R", 20 ], [ "W", 20 ], [ "R", 20 ], [ "W", 20 ], [ "R", 20 ], [ "W", 20 ], [ "R", 20 ], [ "R", 18 ], [ "W", 20 ], [ "W", 18 ], [ "R", 14 ], [ "R", 14 ], [ "R", 4 ], [ "R", 4 ], [ "R", 4 ], [ "R", 24 ], [ "R", 14 ], [ "R", 18 ], [ "R", 18 ], [ "R", 18 ], [ "R", 4 ], [ "R", 18 ], [ "R", 20 ], [ "R", 20 ], [ "R", 18 ], [ "R", 20 ], [ "R", 18 ], [ "R", 20 ], [ "R", 18 ], [ "R", 4 ], [ "R", 20 ], [ "R", 14 ], [ "R", 14 ], [ "R", 4 ], [ "R", 4 ], [ "R", 4 ], [ "R", 24 ], [ "R", 14 ], [ "R", 20 ], [ "R", 20 ], [ "R", 18 ], [ "R", 20 ], [ "R", 20 ], [ "R", 18 ], [ "R", 4 ], [ "R", 20 ], [ "R", 14 ], [ "R", 14 ], [ "R", 4 ], [ "R", 4 ], [ "R", 4 ], [ "R", 24 ], [ "R", 14 ], [ "R", 14 ], [ "R", 4 ], [ "R", 4 ], [ "R", 4 ], [ "R", 24 ], [ "R", 14 ], [ "R", 18 ], [ "R", 18 ], [ "R", 18 ], [ "R", 4 ], [ "R", 18 ], [ "R", 20 ], [ "R", 20 ], [ "R", 18 ], [ "R", 20 ], [ "R", 18 ], [ "R", 20 ], [ "R", 18 ], [ "R", 4 ], [ "R", 20 ], [ "R", 20 ], [ "R", 18 ], [ "R", 20 ], [ "R", 20 ], [ "R", 20 ], [ "W", 20 ], [ "R", 14 ], [ "R", 14 ], [ "R", 4 ], [ "R", 4 ], [ "R", 4 ], [ "R", 24 ], [ "R", 14 ], [ "R", 18 ], [ "R", 18 ], [ "R", 18 ], [ "R", 4 ], [ "R", 18 ], [ "R", 20 ], [ "R", 20 ], [ "R", 18 ], [ "R", 20 ], [ "R", 18 ], [ "R", 20 ], [ "R", 18 ], [ "R", 4 ], [ "R", 20 ], [ "R", 14 ], [ "R", 14 ], [ "R", 4 ], [ "R", 4 ], [ "R", 4 ], [ "R", 24 ], [ "R", 14 ], [ "R", 20 ], [ "R", 20 ], [ "R", 18 ], [ "R", 20 ], [ "R", 20 ], [ "R", 18 ], [ "R", 4 ], [ "R", 20 ], [ "R", 14 ], [ "R", 14 ], [ "R", 4 ], [ "R", 4 ], [ "R", 4 ], [ "R", 24 ] ]
    } ]
  },
  "FolderActorController.save" : {
    "t" : [ {
      "id" : 0,
      "a" : [ [ "R", 15 ], [ "R", 14 ], [ "R", 14 ], [ "R", 2 ], [ "R", 2 ], [ "R", 2 ], [ "R", 24 ], [ "R", 15 ], [ "R", 2 ], [ "R", 15 ], [ "R", 2 ], [ "R", 14 ], [ "R", 14 ], [ "R", 14 ], [ "R", 15 ], [ "R", 14 ], [ "R", 15 ], [ "R", 15 ], [ "R", 15 ], [ "R", 15 ], [ "R", 2 ], [ "R", 15 ], [ "R", 15 ], [ "R", 14 ], [ "W", 15 ] ]
    } ]
  },
  "PetController.list" : {
    "t" : [ {
      "id" : 0,
      "a" : [ [ "R", 18 ] ]
    } ]
  },
  "VetAdministratorController.saveNew" : {
    "t" : [ {
      "id" : 0,
      "a" : [ [ "W", 24 ], [ "R", 24 ], [ "W", 24 ], [ "W", 24 ], [ "W", 24 ], [ "W", 24 ], [ "W", 24 ], [ "W", 2 ], [ "W", 2 ], [ "W", 2 ], [ "W", 2 ], [ "W", 2 ], [ "W", 24 ], [ "R", 2 ], [ "R", 24 ], [ "R", 24 ], [ "R", 24 ], [ "W", 25 ], [ "R", 2 ], [ "R", 24 ], [ "R", 24 ], [ "W", 24 ], [ "R", 24 ], [ "W", 24 ], [ "W", 2 ], [ "W", 2 ], [ "W", 2 ], [ "W", 2 ], [ "W", 25 ], [ "R", 2 ], [ "R", 24 ], [ "R", 24 ], [ "W", 24 ], [ "R", 14 ], [ "R", 14 ], [ "R", 14 ], [ "R", 3 ], [ "R", 3 ], [ "R", 3 ], [ "R", 24 ], [ "R", 2 ], [ "R", 24 ], [ "W", 24 ], [ "W", 2 ], [ "W", 24 ], [ "W", 25 ], [ "R", 14 ], [ "W", 15 ], [ "W", 2 ], [ "W", 15 ], [ "W", 15 ], [ "W", 15 ] ]
    } ]
  },
  "RequestAnimaniacController.create" : {
    "t" : [ {
      "id" : 0,
      "a" : [ [ "R", 14 ], [ "R", 14 ], [ "R", 4 ], [ "R", 4 ], [ "R", 4 ], [ "R", 24 ], [ "W", 20 ], [ "W", 18 ], [ "W", 20 ], [ "R", 4 ], [ "W", 20 ], [ "R", 14 ], [ "R", 14 ], [ "R", 4 ], [ "R", 4 ], [ "R", 4 ], [ "R", 24 ], [ "R", 14 ], [ "R", 18 ], [ "R", 18 ], [ "R", 18 ], [ "R", 4 ], [ "R", 18 ], [ "R", 20 ], [ "R", 20 ], [ "R", 18 ], [ "R", 20 ], [ "R", 18 ], [ "R", 20 ], [ "R", 18 ], [ "R", 4 ], [ "R", 20 ], [ "R", 14 ], [ "R", 14 ], [ "R", 4 ], [ "R", 4 ], [ "R", 4 ], [ "R", 24 ], [ "R", 14 ], [ "R", 20 ], [ "R", 20 ], [ "R", 18 ], [ "R", 20 ], [ "R", 20 ], [ "R", 18 ], [ "R", 4 ], [ "R", 20 ], [ "R", 14 ], [ "R", 14 ], [ "R", 4 ], [ "R", 4 ], [ "R", 4 ], [ "R", 24 ] ]
    } ]
  },
  "VetVetController.save" : {
    "t" : [ {
      "id" : 0,
      "a" : [ [ "R", 14 ], [ "R", 14 ], [ "R", 25 ], [ "R", 25 ], [ "R", 25 ], [ "R", 24 ], [ "W", 24 ], [ "R", 24 ], [ "W", 24 ], [ "W", 24 ], [ "W", 24 ], [ "W", 24 ], [ "W", 24 ], [ "W", 2 ], [ "W", 2 ], [ "W", 2 ], [ "W", 2 ], [ "W", 2 ], [ "W", 24 ], [ "R", 2 ], [ "R", 24 ], [ "R", 24 ], [ "R", 24 ], [ "W", 25 ], [ "R", 2 ], [ "R", 24 ], [ "R", 24 ], [ "W", 24 ], [ "R", 24 ], [ "W", 24 ], [ "W", 2 ], [ "W", 2 ], [ "W", 2 ], [ "W", 2 ], [ "R", 2 ], [ "R", 24 ], [ "R", 2 ], [ "R", 24 ], [ "R", 14 ], [ "W", 14 ], [ "R", 2 ], [ "R", 24 ], [ "R", 14 ], [ "W", 14 ], [ "R", 2 ], [ "R", 24 ], [ "R", 24 ], [ "W", 24 ], [ "R", 2 ], [ "R", 24 ], [ "R", 24 ], [ "W", 24 ], [ "R", 14 ], [ "W", 14 ], [ "R", 14 ], [ "W", 14 ], [ "W", 25 ], [ "R", 2 ], [ "R", 24 ], [ "R", 24 ], [ "W", 24 ], [ "R", 14 ], [ "R", 14 ], [ "R", 14 ], [ "R", 3 ], [ "R", 3 ], [ "R", 3 ], [ "R", 24 ], [ "R", 2 ], [ "R", 24 ], [ "W", 24 ], [ "W", 2 ], [ "W", 24 ], [ "W", 25 ], [ "R", 14 ], [ "W", 15 ], [ "W", 2 ], [ "W", 15 ], [ "W", 15 ], [ "W", 15 ] ]
    } ]
  },
  "AdministratorController.view" : {
    "t" : [ {
      "id" : 0,
      "a" : [ [ "R", 14 ], [ "R", 14 ], [ "R", 2 ], [ "R", 2 ], [ "R", 2 ], [ "R", 24 ], [ "R", 3 ], [ "R", 14 ], [ "R", 14 ], [ "R", 14 ] ]
    } ]
  },
  "ApplicationAnimaniacController.save" : {
    "t" : [ {
      "id" : 0,
      "a" : [ [ "R", 5 ], [ "R", 20 ], [ "R", 14 ], [ "R", 14 ], [ "R", 14 ], [ "R", 4 ], [ "R", 4 ], [ "R", 4 ], [ "R", 24 ], [ "R", 20 ], [ "W", 5 ], [ "W", 4 ], [ "W", 5 ], [ "W", 20 ], [ "W", 5 ], [ "R", 5 ], [ "W", 5 ], [ "R", 14 ], [ "R", 14 ], [ "R", 4 ], [ "R", 4 ], [ "R", 4 ], [ "R", 24 ], [ "R", 14 ], [ "R", 5 ], [ "R", 20 ], [ "R", 14 ], [ "R", 5 ], [ "R", 5 ], [ "R", 5 ], [ "R", 4 ], [ "R", 5 ], [ "R", 20 ], [ "R", 5 ], [ "R", 20 ], [ "R", 14 ], [ "R", 5 ], [ "R", 5 ], [ "R", 5 ], [ "R", 20 ], [ "R", 5 ], [ "R", 5 ], [ "R", 20 ], [ "R", 14 ], [ "R", 20 ], [ "R", 14 ], [ "R", 14 ], [ "R", 4 ], [ "R", 4 ], [ "R", 4 ], [ "R", 24 ], [ "R", 20 ], [ "R", 18 ], [ "R", 18 ], [ "R", 4 ], [ "R", 14 ], [ "R", 14 ], [ "R", 14 ], [ "R", 5 ], [ "R", 20 ], [ "R", 20 ], [ "W", 5 ] ]
    } ]
  },
  "BannerPartnerController.view" : {
    "t" : [ {
      "id" : 0,
      "a" : [ [ "R", 9 ], [ "R", 14 ] ]
    } ]
  },
  "PetAnimaniacController.create" : {
    "t" : [ {
      "id" : 0,
      "a" : [ [ "R", 14 ], [ "R", 14 ], [ "R", 4 ], [ "R", 4 ], [ "R", 4 ], [ "R", 24 ], [ "R", 23 ], [ "W", 18 ], [ "W", 4 ], [ "W", 18 ], [ "W", 23 ], [ "R", 7 ], [ "R", 7 ], [ "R", 7 ], [ "R", 23 ], [ "W", 8 ], [ "W", 18 ], [ "W", 8 ], [ "W", 7 ], [ "R", 7 ], [ "R", 7 ], [ "R", 7 ], [ "R", 23 ], [ "R", 23 ] ]
    } ]
  },
  "AbuseReportAnimaniacController.save" : {
    "t" : [ {
      "id" : 0,
      "a" : [ [ "R", 1 ], [ "R", 4 ], [ "R", 14 ], [ "R", 4 ], [ "W", 1 ], [ "W", 4 ], [ "R", 14 ], [ "R", 14 ], [ "R", 4 ], [ "R", 4 ], [ "R", 4 ], [ "R", 24 ], [ "W", 1 ], [ "W", 4 ], [ "R", 1 ], [ "W", 1 ], [ "W", 1 ], [ "R", 1 ], [ "R", 4 ], [ "R", 1 ], [ "R", 4 ], [ "R", 14 ], [ "R", 14 ], [ "R", 14 ], [ "W", 1 ], [ "R", 1 ], [ "R", 4 ], [ "R", 14 ] ]
    } ]
  },
  "PartnerPartnerController.edit" : {
    "t" : [ {
      "id" : 0,
      "a" : [ [ "R", 14 ], [ "R", 14 ], [ "R", 17 ], [ "R", 17 ], [ "R", 17 ], [ "R", 24 ], [ "R", 2 ], [ "R", 2 ], [ "R", 2 ], [ "R", 2 ], [ "R", 2 ], [ "R", 24 ], [ "R", 17 ], [ "R", 17 ], [ "R", 17 ] ]
    } ]
  },
  "BannerPartnerController.list" : {
    "t" : [ {
      "id" : 0,
      "a" : [ [ "R", 14 ], [ "R", 14 ], [ "R", 17 ], [ "R", 17 ], [ "R", 17 ], [ "R", 24 ], [ "R", 14 ], [ "R", 9 ], [ "R", 9 ], [ "R", 9 ], [ "R", 17 ] ]
    } ]
  },
  "ActorController.view" : {
    "t" : [ {
      "id" : 0,
      "a" : [ [ "R", 2 ] ]
    } ]
  },
  "PetAnimaniacController.edit" : {
    "t" : [ {
      "id" : 0,
      "a" : [ [ "R", 18 ], [ "R", 18 ], [ "R", 18 ], [ "R", 18 ], [ "R", 23 ], [ "R", 18 ], [ "R", 14 ], [ "R", 18 ], [ "R", 23 ], [ "R", 14 ], [ "R", 7 ], [ "R", 7 ], [ "R", 7 ], [ "R", 23 ], [ "W", 8 ], [ "W", 18 ], [ "W", 8 ], [ "W", 7 ], [ "R", 14 ], [ "R", 8 ], [ "R", 8 ], [ "R", 8 ], [ "R", 18 ], [ "R", 18 ], [ "R", 23 ], [ "R", 14 ], [ "R", 7 ], [ "R", 7 ], [ "R", 7 ], [ "R", 23 ], [ "R", 8 ], [ "R", 7 ], [ "R", 14 ], [ "R", 19 ], [ "R", 19 ], [ "R", 19 ], [ "R", 18 ] ]
    } ]
  },
  "MessageActorController.delete" : {
    "t" : [ {
      "id" : 0,
      "a" : [ [ "R", 16 ], [ "R", 16 ], [ "R", 15 ], [ "R", 15 ], [ "R", 2 ], [ "R", 14 ], [ "R", 14 ], [ "R", 2 ], [ "R", 2 ], [ "R", 2 ], [ "R", 24 ], [ "R", 14 ], [ "R", 14 ], [ "R", 14 ], [ "R", 16 ], [ "R", 15 ], [ "R", 15 ], [ "R", 2 ], [ "R", 14 ], [ "R", 14 ], [ "R", 2 ], [ "R", 2 ], [ "R", 2 ], [ "R", 24 ], [ "R", 14 ], [ "R", 14 ], [ "R", 14 ], [ "R", 16 ], [ "R", 15 ], [ "R", 15 ], [ "R", 14 ], [ "R", 6 ], [ "R", 6 ], [ "R", 6 ], [ "R", 16 ], [ "R", 14 ], [ "W", 6 ], [ "W", 16 ], [ "R", 16 ], [ "R", 15 ], [ "R", 15 ], [ "R", 2 ], [ "R", 14 ], [ "R", 15 ], [ "R", 15 ], [ "R", 15 ], [ "R", 2 ], [ "R", 15 ], [ "W", 16 ], [ "W", 15 ], [ "W", 16 ] ]
    } ]
  },
  "ConfigurationAdministratorController.save" : {
    "t" : [ {
      "id" : 0,
      "a" : [ [ "R", 12 ], [ "R", 12 ], [ "W", 12 ], [ "W", 12 ], [ "R", 14 ], [ "W", 14 ], [ "R", 14 ], [ "W", 14 ], [ "R", 3 ], [ "R", 14 ], [ "R", 14 ], [ "R", 2 ], [ "R", 2 ], [ "R", 2 ], [ "R", 24 ], [ "R", 12 ], [ "W", 12 ] ]
    } ]
  },
  "RequestAnimaniacController.list" : {
    "t" : [ {
      "id" : 0,
      "a" : [ [ "R", 14 ], [ "R", 14 ], [ "R", 4 ], [ "R", 4 ], [ "R", 4 ], [ "R", 24 ], [ "R", 14 ], [ "R", 20 ], [ "R", 20 ], [ "R", 18 ], [ "R", 20 ], [ "R", 20 ], [ "R", 18 ], [ "R", 4 ], [ "R", 20 ], [ "R", 14 ], [ "R", 14 ], [ "R", 4 ], [ "R", 4 ], [ "R", 4 ], [ "R", 24 ] ]
    } ]
  },
  "RequestAnimaniacController.saveRate" : {
    "t" : [ {
      "id" : 0,
      "a" : [ [ "R", 20 ], [ "R", 14 ], [ "R", 5 ], [ "R", 5 ], [ "R", 5 ], [ "R", 20 ], [ "R", 5 ], [ "R", 5 ], [ "R", 4 ], [ "R", 20 ], [ "R", 14 ], [ "R", 5 ], [ "R", 5 ], [ "R", 5 ], [ "R", 20 ], [ "R", 5 ], [ "R", 14 ], [ "R", 14 ], [ "R", 4 ], [ "R", 4 ], [ "R", 4 ], [ "R", 24 ], [ "R", 20 ], [ "R", 18 ], [ "R", 18 ], [ "R", 4 ], [ "R", 14 ], [ "R", 14 ], [ "R", 14 ], [ "R", 20 ], [ "R", 20 ], [ "R", 20 ], [ "R", 14 ], [ "R", 5 ], [ "R", 5 ], [ "R", 5 ], [ "R", 20 ], [ "R", 5 ], [ "R", 5 ], [ "R", 4 ], [ "W", 20 ], [ "W", 20 ], [ "R", 4 ], [ "W", 4 ], [ "W", 4 ], [ "R", 20 ], [ "R", 14 ], [ "R", 5 ], [ "R", 5 ], [ "R", 5 ], [ "R", 20 ], [ "R", 5 ], [ "R", 5 ], [ "R", 4 ] ]
    } ]
  },
  "FolderActorController.list" : {
    "t" : [ {
      "id" : 0,
      "a" : [ [ "R", 14 ], [ "R", 14 ], [ "R", 2 ], [ "R", 2 ], [ "R", 2 ], [ "R", 24 ], [ "R", 14 ], [ "R", 15 ], [ "R", 15 ], [ "R", 15 ], [ "R", 2 ] ]
    } ]
  },
  "AttributeAdministratorController.list" : {
    "t" : [ {
      "id" : 0,
      "a" : [ [ "R", 7 ] ]
    } ]
  },
  "CommentAnimaniacController.delete" : {
    "t" : [ {
      "id" : 0,
      "a" : [ [ "R", 10 ], [ "R", 14 ], [ "R", 14 ], [ "R", 10 ], [ "R", 14 ], [ "R", 14 ], [ "R", 4 ], [ "R", 4 ], [ "R", 4 ], [ "R", 24 ], [ "R", 10 ], [ "R", 4 ], [ "R", 14 ], [ "R", 14 ], [ "R", 14 ], [ "W", 10 ], [ "R", 4 ], [ "R", 10 ], [ "R", 11 ], [ "R", 10 ], [ "R", 11 ], [ "R", 14 ], [ "R", 14 ], [ "R", 14 ], [ "R", 2 ], [ "R", 2 ], [ "R", 2 ], [ "R", 24 ], [ "R", 4 ], [ "R", 14 ], [ "R", 14 ], [ "R", 14 ], [ "R", 10 ], [ "R", 10 ], [ "R", 10 ], [ "R", 11 ], [ "R", 13 ], [ "R", 13 ], [ "R", 13 ], [ "R", 4 ], [ "R", 18 ], [ "R", 10 ], [ "R", 11 ], [ "R", 10 ], [ "R", 11 ], [ "R", 14 ], [ "R", 18 ], [ "R", 18 ], [ "R", 4 ], [ "R", 14 ], [ "R", 14 ], [ "R", 4 ], [ "R", 4 ], [ "R", 4 ], [ "R", 24 ], [ "R", 14 ], [ "R", 14 ], [ "R", 14 ], [ "R", 14 ], [ "R", 19 ], [ "R", 19 ], [ "R", 19 ], [ "R", 18 ], [ "R", 14 ], [ "R", 8 ], [ "R", 8 ], [ "R", 8 ], [ "R", 18 ], [ "R", 10 ], [ "R", 10 ], [ "R", 10 ], [ "R", 11 ], [ "R", 18 ], [ "R", 23 ] ]
    } ]
  },
  "SearchEngineAnimaniacController.search" : {
    "t" : [ {
      "id" : 0,
      "a" : [ [ "R", 9 ], [ "R", 9 ], [ "R", 17 ], [ "R", 17 ], [ "R", 12 ], [ "R", 12 ], [ "R", 12 ], [ "W", 17 ], [ "R", 14 ], [ "R", 21 ], [ "R", 14 ], [ "R", 14 ], [ "R", 2 ], [ "R", 2 ], [ "R", 2 ], [ "R", 24 ], [ "R", 14 ], [ "R", 4 ], [ "W", 21 ], [ "W", 4 ], [ "W", 21 ], [ "W", 20 ], [ "W", 21 ], [ "W", 21 ], [ "R", 12 ], [ "R", 12 ], [ "R", 12 ], [ "W", 21 ], [ "W", 21 ], [ "W", 21 ], [ "R", 14 ], [ "W", 14 ], [ "R", 14 ], [ "W", 14 ], [ "R", 21 ], [ "W", 21 ], [ "R", 21 ], [ "R", 20 ], [ "W", 21 ], [ "W", 20 ], [ "R", 21 ], [ "R", 4 ], [ "W", 21 ], [ "W", 4 ], [ "R", 21 ], [ "W", 21 ], [ "R", 21 ], [ "W", 21 ], [ "R", 21 ], [ "W", 21 ], [ "R", 21 ], [ "W", 21 ], [ "R", 4 ], [ "R", 14 ], [ "R", 14 ], [ "R", 2 ], [ "R", 2 ], [ "R", 2 ], [ "R", 24 ], [ "R", 14 ], [ "R", 14 ], [ "R", 4 ], [ "R", 4 ], [ "R", 4 ], [ "R", 24 ], [ "R", 21 ], [ "R", 4 ], [ "R", 14 ], [ "R", 14 ], [ "R", 14 ], [ "R", 12 ], [ "R", 12 ], [ "R", 12 ], [ "R", 21 ], [ "R", 14 ], [ "R", 21 ], [ "R", 21 ], [ "R", 21 ], [ "R", 21 ], [ "R", 21 ], [ "R", 21 ], [ "R", 21 ], [ "R", 21 ], [ "R", 21 ], [ "R", 21 ], [ "R", 21 ], [ "R", 21 ], [ "R", 21 ], [ "R", 21 ], [ "R", 21 ], [ "R", 21 ], [ "R", 21 ], [ "W", 21 ], [ "R", 21 ], [ "R", 21 ], [ "R", 21 ], [ "R", 21 ], [ "R", 21 ], [ "R", 21 ], [ "R", 21 ], [ "R", 20 ], [ "R", 20 ], [ "R", 20 ], [ "R", 20 ], [ "R", 20 ], [ "R", 20 ], [ "R", 20 ], [ "R", 20 ], [ "R", 18 ], [ "R", 20 ], [ "R", 20 ], [ "R", 18 ], [ "R", 18 ], [ "R", 18 ], [ "R", 18 ], [ "R", 23 ], [ "R", 21 ], [ "R", 20 ], [ "R", 20 ], [ "R", 20 ], [ "R", 20 ], [ "R", 20 ], [ "W", 21 ], [ "W", 20 ], [ "W", 21 ], [ "W", 23 ], [ "R", 23 ], [ "R", 14 ], [ "R", 14 ], [ "R", 2 ], [ "R", 2 ], [ "R", 2 ], [ "R", 24 ], [ "R", 14 ], [ "R", 21 ], [ "R", 21 ], [ "R", 21 ], [ "R", 4 ], [ "R", 21 ], [ "R", 20 ], [ "R", 9 ], [ "R", 9 ], [ "R", 17 ], [ "R", 17 ], [ "R", 12 ], [ "R", 12 ], [ "R", 12 ], [ "W", 17 ], [ "R", 14 ], [ "R", 14 ], [ "R", 2 ], [ "R", 2 ], [ "R", 2 ], [ "R", 24 ], [ "W", 23 ], [ "R", 23 ], [ "R", 14 ], [ "R", 14 ], [ "R", 2 ], [ "R", 2 ], [ "R", 2 ], [ "R", 24 ] ]
    } ]
  },
  "MessageActorController.forward" : {
    "t" : [ {
      "id" : 0,
      "a" : [ [ "R", 16 ], [ "R", 16 ], [ "R", 15 ], [ "R", 15 ], [ "R", 2 ], [ "R", 14 ], [ "R", 14 ], [ "R", 2 ], [ "R", 2 ], [ "R", 2 ], [ "R", 24 ], [ "R", 14 ], [ "R", 14 ], [ "R", 14 ], [ "W", 6 ], [ "W", 16 ], [ "R", 14 ], [ "R", 6 ], [ "R", 6 ], [ "R", 6 ], [ "R", 16 ], [ "R", 6 ], [ "W", 6 ], [ "R", 6 ], [ "W", 6 ], [ "R", 16 ], [ "R", 16 ], [ "R", 2 ] ]
    } ]
  },
  "ApplicationAnimaniacController.list" : {
    "t" : [ {
      "id" : 0,
      "a" : [ [ "R", 14 ], [ "R", 14 ], [ "R", 4 ], [ "R", 4 ], [ "R", 4 ], [ "R", 24 ], [ "R", 14 ], [ "R", 5 ], [ "R", 5 ], [ "R", 5 ], [ "R", 4 ], [ "R", 20 ], [ "R", 14 ], [ "R", 14 ], [ "R", 4 ], [ "R", 4 ], [ "R", 4 ], [ "R", 24 ], [ "R", 20 ], [ "R", 18 ], [ "R", 18 ], [ "R", 4 ], [ "R", 14 ], [ "R", 14 ], [ "R", 14 ], [ "R", 5 ], [ "R", 5 ], [ "R", 5 ], [ "R", 20 ], [ "R", 20 ], [ "R", 14 ], [ "R", 14 ], [ "R", 4 ], [ "R", 4 ], [ "R", 4 ], [ "R", 24 ], [ "R", 20 ], [ "R", 18 ], [ "R", 18 ], [ "R", 4 ], [ "R", 14 ], [ "R", 14 ], [ "R", 14 ] ]
    } ]
  },
  "FolderActorController.view" : {
    "t" : [ {
      "id" : 0,
      "a" : [ [ "R", 15 ], [ "R", 16 ], [ "R", 16 ], [ "R", 16 ], [ "R", 15 ] ]
    } ]
  },
  "TypeAdministratorController.save" : {
    "t" : [ {
      "id" : 0,
      "a" : [ [ "R", 14 ], [ "R", 14 ], [ "R", 3 ], [ "R", 3 ], [ "R", 3 ], [ "R", 24 ], [ "R", 14 ], [ "R", 14 ], [ "R", 18 ], [ "R", 18 ], [ "R", 18 ], [ "R", 23 ], [ "R", 23 ], [ "R", 23 ], [ "R", 23 ], [ "R", 23 ], [ "R", 14 ], [ "R", 14 ], [ "W", 23 ] ]
    } ]
  },
  "SpamWordAdministratorController.save" : {
    "t" : [ {
      "id" : 0,
      "a" : [ [ "R", 14 ], [ "R", 14 ], [ "R", 2 ], [ "R", 2 ], [ "R", 2 ], [ "R", 24 ], [ "R", 3 ], [ "R", 22 ], [ "R", 22 ], [ "R", 22 ], [ "R", 22 ], [ "R", 22 ], [ "R", 22 ], [ "R", 22 ], [ "R", 22 ], [ "W", 22 ] ]
    } ]
  },
  "BannerPartnerController.save" : {
    "t" : [ {
      "id" : 0,
      "a" : [ [ "R", 14 ], [ "R", 14 ], [ "R", 17 ], [ "R", 17 ], [ "R", 17 ], [ "R", 24 ], [ "R", 14 ], [ "R", 14 ], [ "R", 9 ], [ "R", 14 ], [ "W", 14 ], [ "R", 14 ], [ "W", 14 ], [ "R", 9 ], [ "R", 17 ], [ "W", 9 ], [ "W", 17 ], [ "W", 9 ], [ "W", 17 ], [ "R", 9 ], [ "W", 9 ], [ "R", 9 ], [ "W", 9 ], [ "R", 14 ], [ "R", 14 ], [ "R", 17 ], [ "R", 17 ], [ "R", 17 ], [ "R", 24 ], [ "R", 17 ], [ "R", 9 ], [ "R", 17 ], [ "R", 14 ], [ "R", 14 ], [ "R", 17 ], [ "R", 17 ], [ "R", 17 ], [ "R", 24 ], [ "R", 14 ], [ "R", 14 ], [ "R", 14 ], [ "W", 9 ] ]
    } ]
  },
  "MessageActorController.addAttachment" : {
    "t" : [ {
      "id" : 0,
      "a" : [ [ "R", 2 ] ]
    } ]
  },
  "AttributeAdministratorController.edit" : {
    "t" : [ {
      "id" : 0,
      "a" : [ [ "R", 7 ], [ "R", 23 ] ]
    } ]
  },
  "ActorController.myProfile" : {
    "t" : [ {
      "id" : 0,
      "a" : [ [ "R", 14 ], [ "R", 14 ], [ "R", 2 ], [ "R", 2 ], [ "R", 2 ], [ "R", 24 ], [ "R", 14 ], [ "R", 14 ], [ "R", 14 ], [ "R", 14 ] ]
    } ]
  },
  "ApplicationAnimaniacController.accept" : {
    "t" : [ {
      "id" : 0,
      "a" : [ [ "R", 5 ], [ "R", 5 ], [ "R", 5 ], [ "R", 20 ], [ "R", 14 ], [ "R", 20 ], [ "R", 14 ], [ "R", 14 ], [ "R", 4 ], [ "R", 4 ], [ "R", 4 ], [ "R", 24 ], [ "R", 20 ], [ "R", 18 ], [ "R", 18 ], [ "R", 4 ], [ "R", 14 ], [ "R", 14 ], [ "R", 14 ], [ "R", 5 ], [ "R", 20 ], [ "R", 14 ], [ "R", 20 ], [ "R", 14 ], [ "R", 14 ], [ "R", 4 ], [ "R", 4 ], [ "R", 4 ], [ "R", 24 ], [ "R", 20 ], [ "R", 18 ], [ "R", 18 ], [ "R", 4 ], [ "R", 14 ], [ "R", 14 ], [ "R", 14 ], [ "R", 5 ], [ "R", 5 ], [ "R", 5 ], [ "R", 20 ], [ "W", 5 ], [ "W", 5 ], [ "W", 5 ], [ "W", 5 ], [ "R", 5 ], [ "R", 20 ], [ "R", 14 ] ]
    } ]
  },
  "MessageActorController.removeAttachment" : {
    "t" : [ {
      "id" : 0,
      "a" : [ [ "R", 2 ] ]
    } ]
  },
  "RequestAnimaniacController.delete" : {
    "t" : [ {
      "id" : 0,
      "a" : [ [ "R", 20 ], [ "R", 14 ], [ "R", 5 ], [ "R", 5 ], [ "R", 5 ], [ "R", 20 ], [ "R", 5 ], [ "R", 20 ], [ "R", 14 ], [ "R", 14 ], [ "R", 4 ], [ "R", 4 ], [ "R", 4 ], [ "R", 24 ], [ "R", 20 ], [ "R", 18 ], [ "R", 18 ], [ "R", 4 ], [ "R", 14 ], [ "R", 14 ], [ "R", 14 ], [ "R", 14 ], [ "R", 14 ], [ "R", 5 ], [ "R", 5 ], [ "R", 5 ], [ "R", 20 ], [ "W", 5 ], [ "R", 14 ], [ "R", 21 ], [ "R", 21 ], [ "R", 21 ], [ "R", 20 ], [ "R", 21 ], [ "R", 20 ], [ "W", 21 ], [ "W", 20 ], [ "R", 14 ], [ "R", 14 ], [ "R", 4 ], [ "R", 4 ], [ "R", 4 ], [ "R", 24 ], [ "R", 14 ], [ "R", 20 ], [ "R", 20 ], [ "R", 18 ], [ "R", 20 ], [ "R", 20 ], [ "R", 18 ], [ "R", 4 ], [ "R", 20 ], [ "R", 14 ], [ "R", 14 ], [ "R", 4 ], [ "R", 4 ], [ "R", 4 ], [ "R", 24 ] ]
    } ]
  },
  "MessageActorController.view" : {
    "t" : [ {
      "id" : 0,
      "a" : [ [ "R", 14 ], [ "R", 14 ], [ "R", 2 ], [ "R", 2 ], [ "R", 2 ], [ "R", 24 ], [ "R", 14 ], [ "R", 15 ], [ "R", 15 ], [ "R", 15 ], [ "R", 2 ], [ "R", 16 ], [ "R", 16 ], [ "R", 15 ], [ "R", 15 ], [ "R", 2 ], [ "R", 14 ], [ "R", 14 ], [ "R", 2 ], [ "R", 2 ], [ "R", 2 ], [ "R", 24 ], [ "R", 14 ], [ "R", 14 ], [ "R", 14 ], [ "R", 14 ], [ "R", 6 ], [ "R", 6 ], [ "R", 6 ], [ "R", 16 ], [ "R", 3 ], [ "R", 16 ], [ "R", 2 ] ]
    } ]
  },
  "PartnerAdministratorController.saveNew" : {
    "t" : [ {
      "id" : 0,
      "a" : [ [ "W", 24 ], [ "R", 24 ], [ "W", 24 ], [ "W", 24 ], [ "W", 24 ], [ "W", 24 ], [ "W", 24 ], [ "W", 2 ], [ "W", 2 ], [ "W", 2 ], [ "W", 2 ], [ "W", 2 ], [ "W", 24 ], [ "R", 2 ], [ "R", 24 ], [ "R", 24 ], [ "R", 24 ], [ "W", 17 ], [ "W", 17 ], [ "W", 17 ], [ "W", 17 ], [ "W", 17 ], [ "R", 2 ], [ "R", 24 ], [ "R", 24 ], [ "W", 24 ], [ "R", 24 ], [ "W", 24 ], [ "W", 2 ], [ "W", 2 ], [ "W", 2 ], [ "W", 2 ], [ "W", 17 ], [ "W", 17 ], [ "W", 17 ], [ "R", 2 ], [ "R", 24 ], [ "R", 24 ], [ "W", 24 ], [ "R", 14 ], [ "R", 14 ], [ "R", 14 ], [ "R", 3 ], [ "R", 3 ], [ "R", 3 ], [ "R", 24 ], [ "R", 2 ], [ "R", 24 ], [ "W", 24 ], [ "W", 2 ], [ "W", 24 ], [ "W", 17 ], [ "R", 14 ], [ "W", 15 ], [ "W", 2 ], [ "W", 15 ], [ "W", 15 ], [ "W", 15 ] ]
    } ]
  },
  "CommentAnimaniacController.create" : {
    "t" : [ {
      "id" : 0,
      "a" : [ [ "R", 11 ], [ "R", 11 ], [ "R", 14 ], [ "R", 14 ], [ "R", 14 ], [ "R", 4 ], [ "R", 4 ], [ "R", 4 ], [ "R", 24 ], [ "W", 10 ], [ "W", 4 ], [ "W", 10 ], [ "W", 11 ], [ "R", 10 ], [ "R", 11 ], [ "R", 14 ], [ "R", 4 ], [ "R", 10 ], [ "R", 11 ], [ "R", 10 ], [ "R", 11 ], [ "R", 14 ], [ "R", 18 ], [ "R", 10 ], [ "R", 11 ], [ "R", 10 ], [ "R", 11 ], [ "R", 14 ] ]
    } ]
  },
  "VetController.list" : {
    "t" : [ {
      "id" : 0,
      "a" : [ [ "R", 25 ] ]
    } ]
  },
  "AnimaniacController.saveNew" : {
    "t" : [ {
      "id" : 0,
      "a" : [ [ "W", 24 ], [ "R", 24 ], [ "W", 24 ], [ "W", 24 ], [ "W", 24 ], [ "W", 24 ], [ "W", 24 ], [ "W", 2 ], [ "W", 2 ], [ "W", 2 ], [ "W", 2 ], [ "W", 2 ], [ "W", 24 ], [ "R", 2 ], [ "R", 24 ], [ "R", 24 ], [ "R", 24 ], [ "W", 4 ], [ "W", 4 ], [ "W", 4 ], [ "W", 4 ], [ "R", 2 ], [ "R", 24 ], [ "R", 24 ], [ "W", 24 ], [ "R", 24 ], [ "W", 24 ], [ "W", 2 ], [ "W", 2 ], [ "W", 2 ], [ "W", 2 ], [ "W", 4 ], [ "W", 4 ], [ "W", 4 ], [ "R", 2 ], [ "R", 24 ], [ "R", 24 ], [ "W", 24 ], [ "R", 2 ], [ "R", 24 ], [ "W", 24 ], [ "W", 2 ], [ "W", 24 ], [ "W", 4 ], [ "R", 14 ], [ "R", 14 ], [ "R", 4 ], [ "W", 21 ], [ "W", 4 ], [ "W", 21 ], [ "W", 20 ], [ "W", 21 ], [ "W", 21 ], [ "R", 12 ], [ "R", 12 ], [ "R", 12 ], [ "W", 21 ], [ "W", 21 ], [ "W", 21 ], [ "W", 21 ], [ "W", 15 ], [ "W", 2 ], [ "W", 15 ], [ "W", 15 ], [ "W", 15 ] ]
    } ]
  },
  "FolderActorController.delete" : {
    "t" : [ {
      "id" : 0,
      "a" : [ [ "R", 15 ], [ "R", 14 ], [ "R", 14 ], [ "R", 2 ], [ "R", 2 ], [ "R", 2 ], [ "R", 24 ], [ "R", 14 ], [ "R", 15 ], [ "R", 2 ], [ "R", 14 ], [ "R", 14 ], [ "R", 14 ], [ "R", 15 ], [ "R", 14 ], [ "R", 16 ], [ "R", 16 ], [ "R", 16 ], [ "R", 15 ], [ "R", 14 ], [ "R", 16 ], [ "R", 16 ], [ "R", 15 ], [ "R", 15 ], [ "R", 2 ], [ "R", 14 ], [ "R", 14 ], [ "R", 2 ], [ "R", 2 ], [ "R", 2 ], [ "R", 24 ], [ "R", 14 ], [ "R", 14 ], [ "R", 14 ], [ "R", 16 ], [ "R", 15 ], [ "R", 15 ], [ "R", 2 ], [ "R", 14 ], [ "R", 14 ], [ "R", 2 ], [ "R", 2 ], [ "R", 2 ], [ "R", 24 ], [ "R", 14 ], [ "R", 14 ], [ "R", 14 ], [ "R", 16 ], [ "R", 15 ], [ "R", 15 ], [ "R", 14 ], [ "R", 6 ], [ "R", 6 ], [ "R", 6 ], [ "R", 16 ], [ "R", 14 ], [ "W", 6 ], [ "W", 16 ], [ "R", 16 ], [ "R", 15 ], [ "R", 15 ], [ "R", 2 ], [ "R", 14 ], [ "R", 15 ], [ "R", 15 ], [ "R", 15 ], [ "R", 2 ], [ "R", 15 ], [ "W", 16 ], [ "W", 15 ], [ "W", 16 ], [ "W", 15 ] ]
    } ]
  },
  "DashboardAdministratorController.dashboard" : {
    "t" : [ {
      "id" : 0,
      "a" : [ [ "R", 2 ], [ "R", 16 ], [ "R", 16 ], [ "R", 16 ], [ "R", 16 ], [ "R", 2 ], [ "R", 2 ], [ "R", 16 ], [ "R", 16 ], [ "R", 16 ], [ "R", 16 ], [ "R", 2 ], [ "R", 16 ], [ "R", 2 ], [ "R", 16 ], [ "R", 16 ], [ "R", 16 ], [ "R", 16 ], [ "R", 16 ], [ "R", 2 ], [ "R", 16 ], [ "R", 2 ], [ "R", 16 ], [ "R", 2 ], [ "R", 16 ], [ "R", 16 ], [ "R", 16 ], [ "R", 16 ], [ "R", 2 ], [ "R", 2 ], [ "R", 16 ], [ "R", 16 ], [ "R", 16 ], [ "R", 16 ], [ "R", 2 ], [ "R", 16 ], [ "R", 2 ], [ "R", 16 ], [ "R", 16 ], [ "R", 16 ], [ "R", 16 ], [ "R", 16 ], [ "R", 2 ], [ "R", 16 ], [ "R", 2 ], [ "R", 16 ], [ "R", 2 ], [ "R", 10 ], [ "R", 2 ], [ "R", 10 ], [ "R", 10 ], [ "R", 10 ], [ "R", 4 ], [ "R", 10 ], [ "R", 10 ], [ "R", 10 ], [ "R", 10 ], [ "R", 4 ], [ "R", 10 ], [ "R", 11 ], [ "R", 10 ], [ "R", 1 ], [ "R", 1 ], [ "R", 4 ], [ "R", 1 ], [ "R", 1 ], [ "R", 4 ], [ "R", 4 ], [ "R", 1 ], [ "R", 1 ], [ "R", 4 ], [ "R", 1 ], [ "R", 4 ], [ "R", 1 ], [ "R", 4 ], [ "R", 1 ], [ "R", 4 ], [ "R", 17 ], [ "R", 17 ], [ "R", 5 ], [ "R", 5 ], [ "R", 4 ], [ "R", 5 ], [ "R", 5 ], [ "R", 5 ], [ "R", 4 ], [ "R", 5 ], [ "R", 4 ], [ "R", 5 ], [ "R", 5 ], [ "R", 5 ], [ "R", 5 ], [ "R", 5 ], [ "R", 5 ], [ "R", 4 ], [ "R", 4 ], [ "R", 4 ], [ "R", 18 ], [ "R", 18 ], [ "R", 4 ], [ "R", 18 ], [ "R", 4 ], [ "R", 18 ], [ "R", 4 ], [ "R", 9 ], [ "R", 9 ], [ "R", 17 ], [ "R", 9 ], [ "R", 17 ], [ "R", 9 ], [ "R", 17 ], [ "R", 17 ], [ "R", 17 ], [ "R", 17 ], [ "R", 17 ], [ "R", 17 ], [ "R", 18 ], [ "R", 18 ], [ "R", 18 ], [ "R", 18 ], [ "R", 18 ], [ "R", 18 ], [ "R", 4 ], [ "R", 18 ], [ "R", 18 ], [ "R", 18 ], [ "R", 4 ], [ "R", 18 ], [ "R", 4 ], [ "R", 18 ], [ "R", 18 ] ]
    } ]
  },
  "AnimaniacAnimaniacController.delete" : {
    "t" : [ {
      "id" : 0,
      "a" : [ [ "R", 14 ], [ "R", 14 ], [ "R", 4 ], [ "R", 4 ], [ "R", 4 ], [ "R", 24 ], [ "R", 14 ], [ "R", 1 ], [ "R", 1 ], [ "R", 1 ], [ "R", 4 ], [ "R", 14 ], [ "R", 1 ], [ "R", 1 ], [ "R", 1 ], [ "R", 4 ], [ "W", 1 ], [ "W", 1 ], [ "W", 4 ], [ "W", 1 ], [ "R", 14 ], [ "R", 13 ], [ "R", 13 ], [ "R", 13 ], [ "R", 4 ], [ "W", 13 ], [ "R", 14 ], [ "R", 18 ], [ "R", 18 ], [ "R", 18 ], [ "R", 4 ], [ "R", 14 ], [ "R", 20 ], [ "R", 20 ], [ "R", 20 ], [ "R", 18 ], [ "R", 14 ], [ "R", 5 ], [ "R", 5 ], [ "R", 5 ], [ "R", 20 ], [ "R", 5 ], [ "R", 20 ], [ "R", 14 ], [ "R", 5 ], [ "R", 5 ], [ "R", 5 ], [ "R", 20 ], [ "W", 5 ], [ "R", 14 ], [ "R", 21 ], [ "R", 21 ], [ "R", 21 ], [ "R", 20 ], [ "R", 21 ], [ "R", 20 ], [ "W", 21 ], [ "W", 20 ], [ "R", 14 ], [ "R", 18 ], [ "R", 4 ], [ "R", 18 ], [ "R", 4 ], [ "R", 14 ], [ "R", 14 ], [ "R", 2 ], [ "R", 2 ], [ "R", 2 ], [ "R", 24 ], [ "R", 3 ], [ "R", 14 ], [ "R", 14 ], [ "R", 2 ], [ "R", 2 ], [ "R", 2 ], [ "R", 24 ], [ "R", 14 ], [ "R", 20 ], [ "R", 20 ], [ "R", 20 ], [ "R", 18 ], [ "R", 14 ], [ "R", 5 ], [ "R", 5 ], [ "R", 5 ], [ "R", 20 ], [ "R", 5 ], [ "R", 20 ], [ "R", 14 ], [ "R", 5 ], [ "R", 5 ], [ "R", 5 ], [ "R", 20 ], [ "W", 5 ], [ "R", 14 ], [ "R", 21 ], [ "R", 21 ], [ "R", 21 ], [ "R", 20 ], [ "R", 21 ], [ "R", 20 ], [ "W", 21 ], [ "W", 20 ], [ "R", 14 ], [ "R", 8 ], [ "R", 8 ], [ "R", 8 ], [ "R", 18 ], [ "W", 8 ], [ "R", 14 ], [ "R", 10 ], [ "R", 10 ], [ "R", 10 ], [ "R", 11 ], [ "W", 10 ], [ "R", 14 ], [ "R", 19 ], [ "R", 19 ], [ "R", 19 ], [ "R", 18 ], [ "W", 19 ], [ "R", 14 ], [ "W", 18 ], [ "R", 14 ], [ "R", 21 ], [ "R", 21 ], [ "R", 21 ], [ "R", 4 ], [ "W", 21 ], [ "R", 14 ], [ "R", 5 ], [ "R", 5 ], [ "R", 5 ], [ "R", 4 ], [ "W", 5 ], [ "R", 14 ], [ "R", 16 ], [ "R", 16 ], [ "R", 16 ], [ "R", 15 ], [ "R", 2 ], [ "R", 14 ], [ "R", 6 ], [ "R", 6 ], [ "R", 6 ], [ "R", 16 ], [ "R", 15 ], [ "R", 2 ], [ "W", 6 ], [ "W", 16 ], [ "R", 14 ], [ "R", 16 ], [ "R", 16 ], [ "R", 16 ], [ "R", 2 ], [ "W", 16 ], [ "W", 2 ], [ "W", 16 ], [ "R", 14 ], [ "R", 16 ], [ "R", 16 ], [ "R", 16 ], [ "R", 2 ], [ "W", 16 ], [ "W", 2 ], [ "W", 16 ], [ "R", 4 ], [ "R", 14 ], [ "R", 10 ], [ "R", 10 ], [ "R", 10 ], [ "R", 4 ], [ "W", 10 ], [ "R", 14 ], [ "R", 10 ], [ "R", 10 ], [ "R", 10 ], [ "R", 11 ], [ "W", 10 ], [ "W", 4 ], [ "R", 2 ], [ "R", 24 ], [ "R", 14 ], [ "W", 24 ] ]
    } ]
  },
  "MessageActorController.write" : {
    "t" : [ {
      "id" : 0,
      "a" : [ [ "R", 2 ], [ "R", 2 ], [ "R", 2 ], [ "R", 2 ] ]
    } ]
  },
  "AdministratorAdministratorController.edit" : {
    "t" : [ {
      "id" : 0,
      "a" : [ [ "R", 14 ], [ "R", 14 ], [ "R", 3 ], [ "R", 3 ], [ "R", 3 ], [ "R", 24 ], [ "R", 2 ], [ "R", 2 ], [ "R", 2 ], [ "R", 2 ], [ "R", 2 ], [ "R", 24 ] ]
    } ]
  },
  "TypeAdministratorController.edit" : {
    "t" : [ {
      "id" : 0,
      "a" : [ [ "R", 23 ] ]
    } ]
  },
  "AnimaniacAdministratorController.deleteBanned" : {
    "t" : [ {
      "id" : 0,
      "a" : [ [ "R", 4 ], [ "R", 14 ], [ "R", 14 ], [ "R", 2 ], [ "R", 2 ], [ "R", 2 ], [ "R", 24 ], [ "R", 3 ], [ "R", 4 ], [ "R", 2 ], [ "R", 24 ], [ "R", 24 ], [ "R", 4 ], [ "R", 14 ], [ "R", 1 ], [ "R", 1 ], [ "R", 1 ], [ "R", 4 ], [ "R", 14 ], [ "R", 1 ], [ "R", 1 ], [ "R", 1 ], [ "R", 4 ], [ "W", 1 ], [ "W", 1 ], [ "W", 4 ], [ "W", 1 ], [ "R", 14 ], [ "R", 13 ], [ "R", 13 ], [ "R", 13 ], [ "R", 4 ], [ "W", 13 ], [ "R", 14 ], [ "R", 18 ], [ "R", 18 ], [ "R", 18 ], [ "R", 4 ], [ "R", 14 ], [ "R", 20 ], [ "R", 20 ], [ "R", 20 ], [ "R", 18 ], [ "R", 14 ], [ "R", 5 ], [ "R", 5 ], [ "R", 5 ], [ "R", 20 ], [ "W", 5 ], [ "R", 14 ], [ "R", 21 ], [ "R", 21 ], [ "R", 21 ], [ "R", 20 ], [ "R", 21 ], [ "R", 20 ], [ "W", 21 ], [ "W", 20 ], [ "R", 14 ], [ "R", 18 ], [ "R", 4 ], [ "R", 18 ], [ "R", 4 ], [ "R", 14 ], [ "R", 14 ], [ "R", 2 ], [ "R", 2 ], [ "R", 2 ], [ "R", 24 ], [ "R", 3 ], [ "R", 14 ], [ "R", 14 ], [ "R", 2 ], [ "R", 2 ], [ "R", 2 ], [ "R", 24 ], [ "R", 14 ], [ "R", 20 ], [ "R", 20 ], [ "R", 20 ], [ "R", 18 ], [ "R", 14 ], [ "R", 5 ], [ "R", 5 ], [ "R", 5 ], [ "R", 20 ], [ "R", 5 ], [ "R", 20 ], [ "R", 14 ], [ "R", 5 ], [ "R", 5 ], [ "R", 5 ], [ "R", 20 ], [ "W", 5 ], [ "R", 14 ], [ "R", 21 ], [ "R", 21 ], [ "R", 21 ], [ "R", 20 ], [ "R", 21 ], [ "R", 20 ], [ "W", 21 ], [ "W", 20 ], [ "R", 14 ], [ "R", 8 ], [ "R", 8 ], [ "R", 8 ], [ "R", 18 ], [ "W", 8 ], [ "R", 14 ], [ "R", 10 ], [ "R", 10 ], [ "R", 10 ], [ "R", 11 ], [ "W", 10 ], [ "R", 14 ], [ "R", 19 ], [ "R", 19 ], [ "R", 19 ], [ "R", 18 ], [ "W", 19 ], [ "R", 14 ], [ "W", 18 ], [ "R", 14 ], [ "R", 21 ], [ "R", 21 ], [ "R", 21 ], [ "R", 4 ], [ "W", 21 ], [ "R", 14 ], [ "R", 5 ], [ "R", 5 ], [ "R", 5 ], [ "R", 4 ], [ "W", 5 ], [ "R", 14 ], [ "R", 16 ], [ "R", 16 ], [ "R", 16 ], [ "R", 15 ], [ "R", 2 ], [ "R", 14 ], [ "R", 6 ], [ "R", 6 ], [ "R", 6 ], [ "R", 16 ], [ "R", 15 ], [ "R", 2 ], [ "W", 6 ], [ "W", 16 ], [ "R", 14 ], [ "R", 16 ], [ "R", 16 ], [ "R", 16 ], [ "R", 2 ], [ "W", 16 ], [ "W", 2 ], [ "W", 16 ], [ "R", 14 ], [ "R", 16 ], [ "R", 16 ], [ "R", 16 ], [ "R", 2 ], [ "W", 16 ], [ "W", 2 ], [ "W", 16 ], [ "R", 4 ], [ "R", 14 ], [ "R", 10 ], [ "R", 10 ], [ "R", 10 ], [ "R", 4 ], [ "W", 10 ], [ "R", 14 ], [ "R", 10 ], [ "R", 10 ], [ "R", 10 ], [ "R", 11 ], [ "W", 10 ], [ "W", 4 ], [ "R", 2 ], [ "R", 24 ], [ "R", 14 ], [ "W", 24 ] ]
    } ]
  },
  "ApplicationAnimaniacController.create" : {
    "t" : [ {
      "id" : 0,
      "a" : [ [ "R", 14 ], [ "R", 14 ], [ "R", 4 ], [ "R", 4 ], [ "R", 4 ], [ "R", 24 ], [ "R", 20 ], [ "W", 5 ], [ "W", 4 ], [ "W", 5 ], [ "W", 20 ], [ "W", 5 ] ]
    } ]
  },
  "CommentAnimaniacController.save" : {
    "t" : [ {
      "id" : 0,
      "a" : [ [ "R", 10 ], [ "R", 11 ], [ "R", 14 ], [ "R", 14 ], [ "R", 14 ], [ "R", 4 ], [ "R", 4 ], [ "R", 4 ], [ "R", 24 ], [ "W", 10 ], [ "W", 4 ], [ "W", 10 ], [ "W", 11 ], [ "R", 10 ], [ "W", 10 ], [ "R", 10 ], [ "W", 10 ], [ "W", 10 ], [ "R", 14 ], [ "W", 14 ], [ "R", 14 ], [ "W", 14 ], [ "R", 14 ], [ "R", 10 ], [ "R", 4 ], [ "R", 14 ], [ "R", 14 ], [ "R", 4 ], [ "R", 4 ], [ "R", 4 ], [ "R", 24 ], [ "R", 14 ], [ "R", 14 ], [ "R", 14 ], [ "W", 10 ], [ "W", 10 ], [ "R", 4 ], [ "R", 10 ], [ "R", 11 ], [ "R", 10 ], [ "R", 11 ], [ "R", 14 ], [ "R", 14 ], [ "R", 14 ], [ "R", 2 ], [ "R", 2 ], [ "R", 2 ], [ "R", 24 ], [ "R", 4 ], [ "R", 14 ], [ "R", 14 ], [ "R", 14 ], [ "R", 10 ], [ "R", 10 ], [ "R", 10 ], [ "R", 11 ], [ "R", 13 ], [ "R", 13 ], [ "R", 13 ], [ "R", 4 ], [ "R", 18 ], [ "R", 10 ], [ "R", 11 ], [ "R", 10 ], [ "R", 11 ], [ "R", 14 ], [ "R", 18 ], [ "R", 18 ], [ "R", 4 ], [ "R", 14 ], [ "R", 14 ], [ "R", 4 ], [ "R", 4 ], [ "R", 4 ], [ "R", 24 ], [ "R", 14 ], [ "R", 14 ], [ "R", 14 ], [ "R", 14 ], [ "R", 19 ], [ "R", 19 ], [ "R", 19 ], [ "R", 18 ], [ "R", 14 ], [ "R", 8 ], [ "R", 8 ], [ "R", 8 ], [ "R", 18 ], [ "R", 10 ], [ "R", 10 ], [ "R", 10 ], [ "R", 11 ], [ "R", 18 ], [ "R", 23 ] ]
    } ]
  },
  "ConfigurationAdministratorController.edit" : {
    "t" : [ {
      "id" : 0,
      "a" : [ [ "R", 12 ], [ "R", 12 ], [ "R", 12 ], [ "R", 12 ] ]
    } ]
  },
  "PetAnimaniacController.list" : {
    "t" : [ {
      "id" : 0,
      "a" : [ [ "R", 18 ], [ "R", 18 ], [ "R", 18 ], [ "R", 4 ], [ "R", 4 ], [ "R", 14 ], [ "R", 14 ], [ "R", 4 ], [ "R", 4 ], [ "R", 4 ], [ "R", 24 ], [ "R", 14 ], [ "R", 14 ], [ "R", 14 ] ]
    } ]
  },
  "WelcomeController.index" : {
    "t" : [ {
      "id" : 0,
      "a" : [ [ "R", 9 ], [ "R", 9 ], [ "R", 17 ], [ "R", 17 ], [ "R", 12 ], [ "R", 12 ], [ "R", 12 ], [ "W", 17 ] ]
    } ]
  },
  "AnimaniacAdministratorController.unban" : {
    "t" : [ {
      "id" : 0,
      "a" : [ [ "R", 14 ], [ "R", 14 ], [ "R", 2 ], [ "R", 2 ], [ "R", 2 ], [ "R", 24 ], [ "R", 2 ], [ "R", 24 ], [ "R", 24 ], [ "R", 4 ], [ "W", 24 ], [ "W", 24 ] ]
    } ]
  },
  "AdministratorAdministratorController.save" : {
    "t" : [ {
      "id" : 0,
      "a" : [ [ "R", 14 ], [ "R", 14 ], [ "R", 3 ], [ "R", 3 ], [ "R", 3 ], [ "R", 24 ], [ "W", 24 ], [ "R", 24 ], [ "W", 24 ], [ "W", 24 ], [ "W", 24 ], [ "W", 24 ], [ "W", 24 ], [ "W", 2 ], [ "W", 2 ], [ "W", 2 ], [ "W", 2 ], [ "W", 2 ], [ "W", 24 ], [ "R", 2 ], [ "R", 24 ], [ "R", 24 ], [ "R", 24 ], [ "R", 2 ], [ "R", 24 ], [ "R", 24 ], [ "W", 24 ], [ "R", 24 ], [ "W", 24 ], [ "W", 2 ], [ "W", 2 ], [ "W", 2 ], [ "W", 2 ], [ "R", 2 ], [ "R", 24 ], [ "R", 2 ], [ "R", 24 ], [ "R", 14 ], [ "W", 14 ], [ "R", 2 ], [ "R", 24 ], [ "R", 14 ], [ "W", 14 ], [ "R", 2 ], [ "R", 24 ], [ "R", 24 ], [ "W", 24 ], [ "R", 2 ], [ "R", 24 ], [ "R", 24 ], [ "W", 24 ], [ "R", 14 ], [ "W", 14 ], [ "R", 14 ], [ "W", 14 ], [ "R", 2 ], [ "R", 24 ], [ "R", 24 ], [ "W", 24 ], [ "R", 2 ], [ "R", 24 ], [ "W", 24 ], [ "W", 2 ], [ "W", 24 ], [ "W", 3 ] ]
    } ]
  },
  "PartnerController.view" : {
    "t" : [ {
      "id" : 0,
      "a" : [ [ "R", 14 ], [ "R", 14 ], [ "R", 2 ], [ "R", 2 ], [ "R", 2 ], [ "R", 24 ], [ "R", 17 ], [ "R", 14 ], [ "R", 14 ], [ "R", 14 ] ]
    } ]
  },
  "VetPetController.cetificate" : {
    "t" : [ {
      "id" : 0,
      "a" : [ [ "R", 18 ], [ "R", 14 ], [ "R", 14 ], [ "R", 25 ], [ "R", 25 ], [ "R", 25 ], [ "R", 24 ], [ "R", 2 ], [ "R", 24 ], [ "R", 24 ], [ "R", 18 ], [ "R", 25 ], [ "R", 2 ], [ "R", 2 ], [ "W", 18 ], [ "W", 18 ], [ "W", 25 ], [ "W", 18 ], [ "R", 14 ], [ "R", 18 ], [ "R", 14 ] ]
    } ]
  },
  "SpamWordAdministratorController.list" : {
    "t" : [ {
      "id" : 0,
      "a" : [ [ "R", 22 ] ]
    } ]
  },
  "AbuseReportAnimaniacController.edit" : {
    "t" : [ {
      "id" : 0,
      "a" : [ [ "R", 4 ], [ "W", 1 ], [ "W", 4 ] ]
    } ]
  },
  "PartnerPartnerController.delete" : {
    "t" : [ {
      "id" : 0,
      "a" : [ [ "R", 14 ], [ "R", 14 ], [ "R", 17 ], [ "R", 17 ], [ "R", 17 ], [ "R", 24 ], [ "R", 14 ], [ "R", 16 ], [ "R", 16 ], [ "R", 16 ], [ "R", 15 ], [ "R", 2 ], [ "R", 14 ], [ "R", 6 ], [ "R", 6 ], [ "R", 6 ], [ "R", 16 ], [ "R", 15 ], [ "R", 2 ], [ "W", 6 ], [ "W", 16 ], [ "R", 14 ], [ "R", 16 ], [ "R", 16 ], [ "R", 16 ], [ "R", 2 ], [ "W", 16 ], [ "W", 2 ], [ "W", 16 ], [ "R", 14 ], [ "R", 16 ], [ "R", 16 ], [ "R", 16 ], [ "R", 2 ], [ "W", 16 ], [ "W", 2 ], [ "W", 16 ], [ "R", 14 ], [ "R", 9 ], [ "R", 9 ], [ "R", 9 ], [ "R", 17 ], [ "W", 9 ], [ "W", 17 ], [ "R", 2 ], [ "R", 24 ], [ "R", 14 ], [ "W", 24 ] ]
    } ]
  },
  "TypeAdministratorController.list" : {
    "t" : [ {
      "id" : 0,
      "a" : [ [ "R", 23 ] ]
    } ]
  },
  "ApplicationAnimaniacController.deny" : {
    "t" : [ {
      "id" : 0,
      "a" : [ [ "R", 5 ], [ "R", 5 ], [ "R", 5 ], [ "R", 20 ], [ "R", 14 ], [ "R", 20 ], [ "R", 14 ], [ "R", 14 ], [ "R", 4 ], [ "R", 4 ], [ "R", 4 ], [ "R", 24 ], [ "R", 20 ], [ "R", 18 ], [ "R", 18 ], [ "R", 4 ], [ "R", 14 ], [ "R", 14 ], [ "R", 14 ], [ "W", 5 ], [ "W", 5 ], [ "R", 5 ], [ "R", 20 ], [ "R", 14 ] ]
    } ]
  },
  "VetController.view" : {
    "t" : [ {
      "id" : 0,
      "a" : [ [ "R", 14 ], [ "R", 14 ], [ "R", 2 ], [ "R", 2 ], [ "R", 2 ], [ "R", 24 ], [ "R", 25 ], [ "R", 14 ], [ "R", 14 ], [ "R", 14 ] ]
    } ]
  },
  "PartnerController.list" : {
    "t" : [ {
      "id" : 0,
      "a" : [ [ "R", 17 ] ]
    } ]
  },
  "AnimaniacController.list" : {
    "t" : [ {
      "id" : 0,
      "a" : [ [ "R", 4 ] ]
    } ]
  },
  "PetAnimaniacController.view" : {
    "t" : [ {
      "id" : 0,
      "a" : [ [ "R", 18 ], [ "R", 18 ], [ "R", 4 ], [ "R", 14 ], [ "R", 14 ], [ "R", 4 ], [ "R", 4 ], [ "R", 4 ], [ "R", 24 ], [ "R", 14 ], [ "R", 14 ], [ "R", 14 ], [ "R", 14 ], [ "R", 19 ], [ "R", 19 ], [ "R", 19 ], [ "R", 18 ], [ "R", 14 ], [ "R", 8 ], [ "R", 8 ], [ "R", 8 ], [ "R", 18 ], [ "R", 10 ], [ "R", 10 ], [ "R", 10 ], [ "R", 11 ], [ "R", 18 ], [ "R", 23 ] ]
    } ]
  },
  "RequestActorController.list" : {
    "t" : [ {
      "id" : 0,
      "a" : [ [ "R", 20 ], [ "R", 20 ], [ "R", 14 ], [ "R", 14 ], [ "R", 2 ], [ "R", 2 ], [ "R", 2 ], [ "R", 24 ] ]
    } ]
  },
  "TypeAdministratorController.delete" : {
    "t" : [ {
      "id" : 0,
      "a" : [ [ "R", 14 ], [ "R", 14 ], [ "R", 3 ], [ "R", 3 ], [ "R", 3 ], [ "R", 24 ], [ "R", 14 ], [ "R", 18 ], [ "R", 18 ], [ "R", 18 ], [ "R", 23 ], [ "R", 14 ], [ "R", 14 ], [ "W", 23 ] ]
    } ]
  },
  "FolderActorController.edit" : {
    "t" : [ {
      "id" : 0,
      "a" : [ [ "R", 15 ], [ "R", 14 ], [ "R", 14 ], [ "R", 2 ], [ "R", 2 ], [ "R", 2 ], [ "R", 24 ], [ "W", 15 ], [ "W", 2 ] ]
    } ]
  },
  "TypeController.select" : {
    "t" : [ {
      "id" : 0,
      "a" : [ [ "R", 23 ] ]
    } ]
  },
  "AnimaniacController.view" : {
    "t" : [ {
      "id" : 0,
      "a" : [ [ "R", 14 ], [ "R", 14 ], [ "R", 2 ], [ "R", 2 ], [ "R", 2 ], [ "R", 24 ], [ "R", 4 ], [ "R", 14 ], [ "R", 14 ], [ "R", 14 ], [ "R", 10 ], [ "R", 10 ], [ "R", 10 ], [ "R", 11 ], [ "R", 13 ], [ "R", 13 ], [ "R", 13 ], [ "R", 4 ] ]
    } ]
  },
  "PetAnimaniacController.write" : {
    "t" : [ {
      "id" : 0,
      "a" : [ [ "R", 14 ], [ "R", 14 ], [ "R", 14 ], [ "R", 4 ], [ "R", 4 ], [ "R", 4 ], [ "R", 24 ], [ "R", 23 ], [ "W", 18 ], [ "W", 4 ], [ "W", 18 ], [ "W", 23 ], [ "R", 14 ], [ "R", 14 ], [ "R", 4 ], [ "R", 4 ], [ "R", 4 ], [ "R", 24 ], [ "W", 18 ], [ "W", 4 ], [ "W", 18 ], [ "W", 18 ], [ "W", 18 ], [ "W", 18 ], [ "W", 23 ], [ "W", 19 ], [ "W", 18 ], [ "W", 8 ], [ "W", 18 ], [ "W", 8 ], [ "W", 7 ], [ "R", 18 ], [ "R", 14 ], [ "R", 14 ], [ "R", 14 ], [ "R", 4 ], [ "R", 4 ], [ "R", 4 ], [ "R", 24 ], [ "R", 23 ], [ "W", 18 ], [ "W", 4 ], [ "W", 18 ], [ "W", 23 ], [ "R", 14 ], [ "R", 14 ], [ "R", 4 ], [ "R", 4 ], [ "R", 4 ], [ "R", 24 ], [ "W", 18 ], [ "W", 4 ], [ "W", 18 ], [ "W", 18 ], [ "W", 18 ], [ "W", 18 ], [ "W", 23 ], [ "R", 18 ], [ "W", 18 ], [ "W", 14 ], [ "R", 14 ], [ "W", 14 ], [ "W", 19 ], [ "W", 18 ], [ "W", 8 ], [ "W", 18 ], [ "W", 8 ], [ "W", 7 ], [ "R", 20 ], [ "R", 20 ], [ "R", 20 ], [ "R", 18 ], [ "R", 14 ], [ "R", 5 ], [ "R", 5 ], [ "R", 5 ], [ "R", 20 ], [ "R", 5 ], [ "R", 20 ], [ "R", 18 ], [ "R", 4 ], [ "R", 18 ], [ "R", 4 ], [ "R", 14 ], [ "R", 14 ], [ "R", 4 ], [ "R", 4 ], [ "R", 4 ], [ "R", 24 ], [ "W", 18 ], [ "R", 14 ], [ "R", 8 ], [ "R", 7 ], [ "W", 8 ], [ "W", 18 ], [ "W", 8 ], [ "W", 7 ], [ "R", 8 ], [ "W", 8 ], [ "R", 8 ], [ "W", 8 ], [ "R", 14 ], [ "R", 8 ], [ "R", 8 ], [ "R", 8 ], [ "R", 18 ], [ "R", 8 ], [ "R", 7 ], [ "R", 7 ], [ "R", 8 ], [ "R", 7 ], [ "R", 7 ], [ "R", 8 ], [ "R", 7 ], [ "W", 8 ], [ "W", 18 ], [ "W", 8 ], [ "W", 7 ], [ "R", 8 ], [ "W", 8 ], [ "R", 14 ], [ "W", 14 ], [ "R", 14 ], [ "W", 14 ], [ "R", 8 ], [ "W", 8 ], [ "R", 14 ], [ "W", 8 ], [ "R", 8 ], [ "R", 7 ], [ "W", 8 ], [ "W", 18 ], [ "W", 8 ], [ "W", 7 ], [ "R", 8 ], [ "W", 8 ], [ "R", 8 ], [ "W", 8 ], [ "R", 14 ], [ "W", 19 ], [ "W", 18 ], [ "R", 19 ], [ "W", 19 ], [ "W", 19 ], [ "W", 18 ], [ "W", 19 ], [ "R", 19 ], [ "R", 19 ], [ "R", 19 ], [ "R", 18 ], [ "W", 19 ], [ "W", 19 ], [ "W", 18 ], [ "R", 19 ], [ "W", 19 ], [ "W", 19 ], [ "W", 18 ], [ "W", 19 ], [ "R", 14 ], [ "R", 18 ], [ "R", 18 ], [ "R", 4 ], [ "R", 14 ], [ "R", 14 ], [ "R", 4 ], [ "R", 4 ], [ "R", 4 ], [ "R", 24 ], [ "R", 14 ], [ "R", 14 ], [ "R", 14 ], [ "R", 14 ], [ "R", 19 ], [ "R", 19 ], [ "R", 19 ], [ "R", 18 ], [ "R", 14 ], [ "R", 8 ], [ "R", 8 ], [ "R", 8 ], [ "R", 18 ], [ "R", 10 ], [ "R", 10 ], [ "R", 10 ], [ "R", 11 ], [ "R", 18 ], [ "R", 23 ] ]
    } ]
  },
  "AnimaniacAnimaniacController.edit" : {
    "t" : [ {
      "id" : 0,
      "a" : [ [ "R", 14 ], [ "R", 14 ], [ "R", 4 ], [ "R", 4 ], [ "R", 4 ], [ "R", 24 ], [ "R", 2 ], [ "R", 2 ], [ "R", 2 ], [ "R", 2 ], [ "R", 2 ], [ "R", 24 ], [ "R", 4 ], [ "R", 4 ], [ "R", 4 ] ]
    } ]
  },
  "RequestAnimaniacController.rate" : {
    "t" : [ {
      "id" : 0,
      "a" : [ [ "R", 20 ], [ "R", 14 ], [ "R", 5 ], [ "R", 5 ], [ "R", 5 ], [ "R", 20 ], [ "R", 5 ], [ "R", 14 ], [ "R", 14 ], [ "R", 4 ], [ "R", 4 ], [ "R", 4 ], [ "R", 24 ], [ "R", 20 ], [ "R", 18 ], [ "R", 18 ], [ "R", 4 ], [ "R", 14 ], [ "R", 14 ], [ "R", 14 ], [ "R", 20 ], [ "R", 20 ], [ "R", 20 ], [ "R", 14 ], [ "R", 5 ], [ "R", 5 ], [ "R", 5 ], [ "R", 20 ], [ "R", 5 ], [ "R", 5 ], [ "R", 4 ], [ "R", 14 ], [ "R", 14 ], [ "R", 4 ], [ "R", 4 ], [ "R", 4 ], [ "R", 24 ], [ "R", 14 ], [ "R", 20 ], [ "R", 20 ], [ "R", 18 ], [ "R", 20 ], [ "R", 20 ], [ "R", 18 ], [ "R", 4 ], [ "R", 20 ], [ "R", 14 ], [ "R", 14 ], [ "R", 4 ], [ "R", 4 ], [ "R", 4 ], [ "R", 24 ] ]
    } ]
  },
  "CurriculumAnimaniacController.delete" : {
    "t" : [ {
      "id" : 0,
      "a" : [ [ "R", 14 ], [ "R", 14 ], [ "R", 4 ], [ "R", 4 ], [ "R", 4 ], [ "R", 24 ], [ "R", 14 ], [ "R", 13 ], [ "R", 13 ], [ "R", 13 ], [ "R", 4 ], [ "W", 13 ] ]
    } ]
  },
  "AnimaniacAdministratorController.ban" : {
    "t" : [ {
      "id" : 0,
      "a" : [ [ "R", 14 ], [ "R", 14 ], [ "R", 2 ], [ "R", 2 ], [ "R", 2 ], [ "R", 24 ], [ "R", 2 ], [ "R", 24 ], [ "R", 24 ], [ "R", 4 ], [ "W", 24 ], [ "W", 24 ], [ "R", 14 ], [ "R", 14 ], [ "R", 3 ], [ "R", 3 ], [ "R", 3 ], [ "R", 24 ], [ "R", 3 ], [ "R", 4 ], [ "R", 20 ], [ "R", 20 ], [ "R", 18 ], [ "R", 20 ], [ "R", 20 ], [ "R", 18 ], [ "R", 4 ], [ "R", 20 ], [ "R", 20 ], [ "R", 20 ], [ "R", 14 ], [ "R", 5 ], [ "R", 5 ], [ "R", 4 ], [ "R", 5 ], [ "R", 20 ], [ "R", 5 ], [ "R", 14 ], [ "R", 2 ], [ "W", 16 ], [ "W", 2 ], [ "R", 14 ], [ "R", 14 ], [ "R", 2 ], [ "R", 2 ], [ "R", 2 ], [ "R", 24 ], [ "W", 16 ], [ "W", 2 ], [ "R", 14 ], [ "R", 15 ], [ "R", 15 ], [ "R", 15 ], [ "R", 2 ], [ "R", 15 ], [ "W", 16 ], [ "W", 15 ], [ "R", 2 ], [ "W", 16 ], [ "R", 2 ], [ "W", 16 ], [ "W", 16 ], [ "W", 16 ], [ "R", 2 ], [ "R", 2 ], [ "W", 16 ], [ "R", 16 ], [ "R", 16 ], [ "R", 16 ], [ "R", 2 ], [ "R", 16 ], [ "R", 2 ], [ "R", 14 ], [ "R", 14 ], [ "R", 2 ], [ "R", 2 ], [ "R", 2 ], [ "R", 24 ], [ "R", 16 ], [ "R", 2 ], [ "R", 14 ], [ "R", 14 ], [ "R", 14 ], [ "R", 14 ], [ "R", 16 ], [ "R", 16 ], [ "R", 22 ], [ "R", 22 ], [ "R", 22 ], [ "R", 16 ], [ "R", 2 ], [ "R", 14 ], [ "R", 15 ], [ "R", 15 ], [ "R", 15 ], [ "R", 2 ], [ "R", 15 ], [ "R", 16 ], [ "R", 2 ], [ "R", 14 ], [ "R", 15 ], [ "R", 15 ], [ "R", 15 ], [ "R", 2 ], [ "R", 15 ], [ "W", 16 ], [ "W", 15 ], [ "R", 16 ], [ "R", 2 ], [ "W", 16 ], [ "W", 2 ], [ "R", 16 ], [ "R", 2 ], [ "W", 16 ], [ "W", 2 ], [ "R", 16 ], [ "R", 2 ], [ "R", 2 ], [ "W", 16 ], [ "R", 16 ], [ "R", 2 ], [ "R", 2 ], [ "W", 16 ], [ "R", 16 ], [ "W", 16 ], [ "R", 16 ], [ "W", 16 ], [ "R", 16 ], [ "W", 16 ], [ "W", 16 ], [ "W", 16 ], [ "W", 6 ], [ "W", 16 ], [ "R", 6 ], [ "W", 6 ], [ "R", 6 ], [ "W", 6 ], [ "W", 6 ], [ "W", 16 ], [ "W", 6 ], [ "W", 16 ], [ "R", 6 ], [ "W", 6 ], [ "R", 6 ], [ "W", 6 ], [ "W", 6 ] ]
    } ]
  },
  "AnimaniacAnimaniacController.save" : {
    "t" : [ {
      "id" : 0,
      "a" : [ [ "R", 14 ], [ "R", 14 ], [ "R", 4 ], [ "R", 4 ], [ "R", 4 ], [ "R", 24 ], [ "W", 24 ], [ "R", 24 ], [ "W", 24 ], [ "W", 24 ], [ "W", 24 ], [ "W", 24 ], [ "W", 24 ], [ "W", 2 ], [ "W", 2 ], [ "W", 2 ], [ "W", 2 ], [ "W", 2 ], [ "W", 24 ], [ "R", 2 ], [ "R", 24 ], [ "R", 24 ], [ "R", 24 ], [ "W", 4 ], [ "W", 4 ], [ "W", 4 ], [ "W", 4 ], [ "R", 2 ], [ "R", 24 ], [ "R", 24 ], [ "W", 24 ], [ "R", 24 ], [ "W", 24 ], [ "W", 2 ], [ "W", 2 ], [ "W", 2 ], [ "W", 2 ], [ "R", 2 ], [ "R", 24 ], [ "R", 2 ], [ "R", 24 ], [ "R", 14 ], [ "W", 14 ], [ "R", 2 ], [ "R", 24 ], [ "R", 14 ], [ "W", 14 ], [ "R", 2 ], [ "R", 24 ], [ "R", 24 ], [ "W", 24 ], [ "R", 2 ], [ "R", 24 ], [ "R", 24 ], [ "W", 24 ], [ "R", 14 ], [ "W", 14 ], [ "R", 14 ], [ "W", 14 ], [ "W", 4 ], [ "W", 4 ], [ "W", 4 ], [ "R", 4 ], [ "W", 4 ], [ "R", 2 ], [ "R", 24 ], [ "R", 24 ], [ "W", 24 ], [ "R", 2 ], [ "R", 24 ], [ "W", 24 ], [ "W", 2 ], [ "W", 24 ], [ "W", 4 ], [ "R", 14 ], [ "R", 14 ], [ "R", 4 ], [ "W", 21 ], [ "W", 4 ], [ "W", 21 ], [ "W", 20 ], [ "W", 21 ], [ "W", 21 ], [ "R", 12 ], [ "R", 12 ], [ "R", 12 ], [ "W", 21 ], [ "W", 21 ], [ "W", 21 ], [ "W", 21 ], [ "W", 15 ], [ "W", 2 ], [ "W", 15 ], [ "W", 15 ], [ "W", 15 ] ]
    } ]
  },
  "VetVetController.delete" : {
    "t" : [ {
      "id" : 0,
      "a" : [ [ "R", 14 ], [ "R", 14 ], [ "R", 25 ], [ "R", 25 ], [ "R", 25 ], [ "R", 24 ], [ "R", 14 ], [ "R", 16 ], [ "R", 16 ], [ "R", 16 ], [ "R", 15 ], [ "R", 2 ], [ "R", 14 ], [ "R", 6 ], [ "R", 6 ], [ "R", 6 ], [ "R", 16 ], [ "R", 15 ], [ "R", 2 ], [ "W", 6 ], [ "W", 16 ], [ "R", 14 ], [ "R", 16 ], [ "R", 16 ], [ "R", 16 ], [ "R", 2 ], [ "W", 16 ], [ "W", 2 ], [ "W", 16 ], [ "R", 14 ], [ "R", 16 ], [ "R", 16 ], [ "R", 16 ], [ "R", 2 ], [ "W", 16 ], [ "W", 2 ], [ "W", 16 ], [ "R", 14 ], [ "R", 18 ], [ "R", 18 ], [ "R", 18 ], [ "R", 25 ], [ "W", 18 ], [ "W", 25 ], [ "W", 18 ], [ "W", 25 ], [ "R", 2 ], [ "R", 24 ], [ "R", 14 ], [ "W", 24 ] ]
    } ]
  },
  "CurriculumAnimaniacController.edit" : {
    "t" : [ {
      "id" : 0,
      "a" : [ [ "R", 14 ], [ "R", 14 ], [ "R", 4 ], [ "R", 4 ], [ "R", 4 ], [ "R", 24 ], [ "R", 14 ], [ "R", 13 ], [ "R", 13 ], [ "R", 13 ], [ "R", 4 ] ]
    } ]
  },
  "MessageActorController.reply" : {
    "t" : [ {
      "id" : 0,
      "a" : [ [ "R", 16 ], [ "R", 16 ], [ "R", 15 ], [ "R", 15 ], [ "R", 2 ], [ "R", 14 ], [ "R", 14 ], [ "R", 2 ], [ "R", 2 ], [ "R", 2 ], [ "R", 24 ], [ "R", 14 ], [ "R", 14 ], [ "R", 14 ], [ "R", 16 ], [ "R", 2 ], [ "R", 16 ], [ "R", 2 ], [ "R", 2 ] ]
    } ]
  },
  "PetAnimaniacController.delete" : {
    "t" : [ {
      "id" : 0,
      "a" : [ [ "R", 18 ], [ "R", 14 ], [ "R", 18 ], [ "R", 4 ], [ "R", 18 ], [ "R", 4 ], [ "R", 14 ], [ "R", 14 ], [ "R", 2 ], [ "R", 2 ], [ "R", 2 ], [ "R", 24 ], [ "R", 3 ], [ "R", 14 ], [ "R", 14 ], [ "R", 2 ], [ "R", 2 ], [ "R", 2 ], [ "R", 24 ], [ "R", 14 ], [ "R", 20 ], [ "R", 20 ], [ "R", 20 ], [ "R", 18 ], [ "R", 14 ], [ "R", 5 ], [ "R", 5 ], [ "R", 5 ], [ "R", 20 ], [ "R", 5 ], [ "R", 20 ], [ "R", 14 ], [ "R", 5 ], [ "R", 5 ], [ "R", 5 ], [ "R", 20 ], [ "W", 5 ], [ "R", 14 ], [ "R", 21 ], [ "R", 21 ], [ "R", 21 ], [ "R", 20 ], [ "R", 21 ], [ "R", 20 ], [ "W", 21 ], [ "W", 20 ], [ "R", 14 ], [ "R", 8 ], [ "R", 8 ], [ "R", 8 ], [ "R", 18 ], [ "W", 8 ], [ "R", 14 ], [ "R", 10 ], [ "R", 10 ], [ "R", 10 ], [ "R", 11 ], [ "W", 10 ], [ "R", 14 ], [ "R", 19 ], [ "R", 19 ], [ "R", 19 ], [ "R", 18 ], [ "W", 19 ], [ "R", 14 ], [ "W", 18 ], [ "R", 14 ], [ "R", 14 ], [ "R", 4 ], [ "R", 4 ], [ "R", 4 ], [ "R", 24 ], [ "R", 14 ], [ "R", 18 ], [ "R", 18 ], [ "R", 18 ], [ "R", 4 ], [ "R", 4 ], [ "R", 14 ], [ "R", 14 ], [ "R", 4 ], [ "R", 4 ], [ "R", 4 ], [ "R", 24 ], [ "R", 14 ], [ "R", 14 ], [ "R", 14 ] ]
    } ]
  },
  "CurriculumAnimaniacController.save" : {
    "t" : [ {
      "id" : 0,
      "a" : [ [ "R", 14 ], [ "R", 14 ], [ "R", 4 ], [ "R", 4 ], [ "R", 4 ], [ "R", 24 ], [ "R", 14 ], [ "R", 13 ], [ "R", 13 ], [ "R", 13 ], [ "R", 4 ], [ "R", 14 ], [ "W", 14 ], [ "R", 14 ], [ "W", 14 ], [ "W", 13 ], [ "W", 4 ], [ "R", 13 ], [ "W", 13 ], [ "R", 13 ], [ "W", 13 ], [ "R", 13 ], [ "W", 13 ], [ "W", 13 ] ]
    } ]
  },
  "ConfigurationAdministratorController.view" : {
    "t" : [ {
      "id" : 0,
      "a" : [ [ "R", 12 ], [ "R", 12 ], [ "R", 12 ], [ "R", 12 ] ]
    } ]
  },
  "AbuseReportAdministratorController.list" : {
    "t" : [ {
      "id" : 0,
      "a" : [ [ "R", 1 ], [ "R", 1 ], [ "R", 1 ] ]
    } ]
  },
  "AttributeAdministratorController.delete" : {
    "t" : [ {
      "id" : 0,
      "a" : [ [ "R", 14 ], [ "R", 14 ], [ "R", 3 ], [ "R", 3 ], [ "R", 3 ], [ "R", 24 ], [ "R", 14 ], [ "R", 8 ], [ "R", 8 ], [ "R", 8 ], [ "R", 7 ], [ "W", 8 ], [ "R", 14 ], [ "W", 7 ], [ "R", 23 ] ]
    } ]
  }
}