{
  "SocialProfileaHandyWorkerController.edit" : {
    "t" : [ {
      "id" : 0,
      "a" : [ [ "R", 26 ], [ "R", 8 ], [ "R", 8 ], [ "R", 15 ], [ "R", 15 ], [ "R", 30 ], [ "R", 15 ], [ "R", 15 ], [ "R", 30 ], [ "R", 1 ], [ "R", 26 ], [ "R", 26 ], [ "R", 26 ], [ "R", 26 ] ]
    } ]
  },
  "ComplaintRefereeController.show" : {
    "t" : [ {
      "id" : 0,
      "a" : [ [ "R", 5 ], [ "R", 5 ], [ "R", 14 ], [ "R", 14 ], [ "R", 7 ], [ "R", 8 ], [ "R", 14 ], [ "R", 14 ], [ "R", 7 ], [ "R", 14 ], [ "R", 14 ], [ "R", 7 ], [ "R", 5 ], [ "R", 23 ], [ "R", 5 ], [ "R", 23 ], [ "R", 8 ], [ "R", 23 ] ]
    } ]
  },
  "NoteHandyWorkerController.edit" : {
    "t" : [ {
      "id" : 0,
      "a" : [ [ "R", 19 ], [ "R", 8 ], [ "R", 8 ], [ "R", 15 ], [ "R", 15 ], [ "R", 30 ], [ "R", 15 ], [ "R", 15 ], [ "R", 30 ] ]
    } ]
  },
  "HandyWorkerController.saveEdit" : {
    "t" : [ {
      "id" : 0,
      "a" : [ [ "R", 1 ], [ "R", 30 ], [ "R", 30 ], [ "R", 1 ], [ "R", 30 ], [ "R", 30 ], [ "R", 1 ], [ "R", 30 ], [ "R", 30 ], [ "R", 1 ], [ "R", 30 ], [ "R", 30 ], [ "R", 1 ], [ "R", 30 ], [ "R", 30 ], [ "R", 30 ], [ "R", 30 ], [ "R", 30 ], [ "R", 1 ], [ "R", 30 ], [ "R", 8 ], [ "R", 8 ], [ "R", 8 ], [ "R", 1 ], [ "R", 1 ], [ "R", 1 ], [ "R", 1 ], [ "R", 1 ], [ "R", 8 ], [ "R", 8 ], [ "R", 15 ], [ "R", 15 ], [ "R", 30 ], [ "R", 15 ], [ "R", 15 ], [ "R", 30 ], [ "R", 8 ], [ "R", 1 ], [ "R", 1 ], [ "R", 1 ], [ "R", 1 ], [ "R", 8 ], [ "R", 1 ], [ "R", 1 ], [ "R", 8 ], [ "R", 15 ], [ "R", 1 ], [ "R", 1 ], [ "W", 1 ], [ "W", 15 ] ]
    } ]
  },
  "HandyWorkerController.list" : {
    "t" : [ {
      "id" : 0,
      "a" : [ [ "R", 8 ], [ "R", 8 ], [ "R", 15 ], [ "R", 15 ], [ "R", 30 ], [ "R", 15 ], [ "R", 15 ], [ "R", 30 ], [ "R", 1 ], [ "R", 26 ], [ "R", 15 ], [ "R", 3 ], [ "R", 15 ], [ "R", 14 ] ]
    } ]
  },
  "FixUpHandyWorkerController.show" : {
    "t" : [ {
      "id" : 0,
      "a" : [ [ "R", 14 ], [ "R", 8 ], [ "R", 8 ], [ "R", 15 ], [ "R", 15 ], [ "R", 30 ], [ "R", 15 ], [ "R", 15 ], [ "R", 30 ], [ "R", 14 ], [ "R", 15 ], [ "R", 8 ], [ "R", 14 ], [ "R", 15 ], [ "R", 8 ], [ "R", 14 ], [ "R", 4 ], [ "R", 8 ], [ "R", 21 ], [ "R", 21 ], [ "R", 21 ], [ "R", 14 ], [ "R", 14 ], [ "R", 14 ], [ "R", 14 ], [ "R", 15 ], [ "R", 8 ], [ "R", 14 ], [ "R", 15 ], [ "R", 8 ] ]
    } ]
  },
  "AdministratorCategoryController.edit" : {
    "t" : [ {
      "id" : 0,
      "a" : [ [ "R", 4 ], [ "R", 4 ], [ "R", 4 ], [ "R", 4 ], [ "R", 4 ], [ "R", 4 ], [ "R", 4 ], [ "R", 4 ], [ "R", 4 ] ]
    } ]
  },
  "AdministratorWarrantyController.save" : {
    "t" : [ {
      "id" : 0,
      "a" : [ [ "R", 31 ], [ "R", 8 ], [ "R", 8 ], [ "R", 2 ], [ "R", 2 ], [ "R", 30 ], [ "R", 2 ], [ "R", 2 ], [ "R", 30 ], [ "W", 31 ], [ "R", 31 ] ]
    } ]
  },
  "TutorialHandyWorkerController.save" : {
    "t" : [ {
      "id" : 0,
      "a" : [ [ "R", 29 ], [ "R", 25 ], [ "R", 8 ], [ "R", 8 ], [ "R", 15 ], [ "R", 15 ], [ "R", 30 ], [ "R", 15 ], [ "R", 15 ], [ "R", 30 ], [ "R", 29 ], [ "R", 15 ], [ "R", 8 ], [ "R", 8 ], [ "R", 8 ], [ "W", 29 ], [ "R", 29 ], [ "R", 25 ] ]
    } ]
  },
  "MailBoxController.edit" : {
    "t" : [ {
      "id" : 0,
      "a" : [ [ "R", 8 ], [ "R", 8 ], [ "R", 1 ], [ "R", 1 ], [ "R", 30 ], [ "R", 1 ], [ "R", 1 ], [ "R", 30 ], [ "R", 1 ], [ "R", 16 ], [ "R", 16 ], [ "R", 8 ], [ "R", 8 ], [ "R", 1 ], [ "R", 1 ], [ "R", 30 ], [ "R", 1 ], [ "R", 1 ], [ "R", 30 ], [ "R", 8 ], [ "R", 8 ], [ "R", 16 ], [ "R", 1 ], [ "R", 16 ], [ "R", 1 ], [ "R", 16 ] ]
    } ]
  },
  "SponsorController.edit" : {
    "t" : [ {
      "id" : 0,
      "a" : [ [ "R", 8 ], [ "R", 8 ], [ "R", 27 ], [ "R", 27 ], [ "R", 30 ], [ "R", 27 ], [ "R", 27 ], [ "R", 30 ] ]
    } ]
  },
  "EndorsementHandyWorkerController.edit" : {
    "t" : [ {
      "id" : 0,
      "a" : [ [ "R", 11 ], [ "R", 11 ], [ "R", 10 ], [ "R", 1 ], [ "R", 30 ], [ "R", 8 ], [ "R", 8 ], [ "R", 8 ], [ "R", 11 ] ]
    } ]
  },
  "SectionHandyWorkerController.delete" : {
    "t" : [ {
      "id" : 0,
      "a" : [ [ "R", 25 ], [ "R", 8 ], [ "R", 8 ], [ "R", 15 ], [ "R", 15 ], [ "R", 30 ], [ "R", 15 ], [ "R", 15 ], [ "R", 30 ], [ "R", 25 ], [ "R", 29 ], [ "R", 29 ], [ "R", 15 ], [ "R", 8 ], [ "R", 8 ], [ "R", 8 ], [ "W", 25 ], [ "R", 25 ], [ "R", 29 ], [ "R", 8 ] ]
    } ]
  },
  "ComplaintHandyWorkerController.delete" : {
    "t" : [ {
      "id" : 0,
      "a" : [ [ "R", 5 ], [ "W", 5 ], [ "R", 8 ], [ "R", 8 ], [ "R", 15 ], [ "R", 15 ], [ "R", 30 ], [ "R", 15 ], [ "R", 15 ], [ "R", 30 ], [ "R", 8 ], [ "R", 14 ], [ "R", 14 ], [ "R", 7 ], [ "R", 14 ], [ "R", 14 ], [ "R", 7 ], [ "R", 23 ] ]
    } ]
  },
  "SocialProfileActorController.saveEdit" : {
    "t" : [ {
      "id" : 0,
      "a" : [ [ "W", 26 ], [ "R", 8 ], [ "R", 8 ], [ "R", 1 ], [ "R", 1 ], [ "R", 30 ], [ "R", 1 ], [ "R", 1 ], [ "R", 30 ], [ "R", 1 ], [ "R", 26 ], [ "R", 1 ], [ "R", 26 ], [ "R", 1 ], [ "R", 26 ], [ "R", 1 ], [ "R", 26 ], [ "W", 1 ], [ "R", 1 ], [ "R", 26 ] ]
    } ]
  },
  "EndorsementAdministratorController.list" : {
    "t" : [ {
      "id" : 0,
      "a" : [ [ "R", 7 ], [ "R", 15 ] ]
    } ]
  },
  "PhaseHandyWorkerController.edit" : {
    "t" : [ {
      "id" : 0,
      "a" : [ [ "R", 21 ], [ "R", 8 ], [ "R", 8 ], [ "R", 21 ], [ "R", 14 ], [ "R", 14 ], [ "R", 15 ], [ "R", 1 ], [ "R", 30 ], [ "R", 8 ] ]
    } ]
  },
  "RefereeController.save" : {
    "t" : [ {
      "id" : 0,
      "a" : [ [ "R", 1 ], [ "R", 1 ], [ "R", 1 ], [ "R", 1 ], [ "R", 1 ], [ "R", 30 ], [ "R", 30 ], [ "R", 1 ], [ "R", 30 ], [ "W", 30 ], [ "W", 23 ] ]
    } ]
  },
  "FinderHandyWorkerController.save" : {
    "t" : [ {
      "id" : 0,
      "a" : [ [ "R", 13 ], [ "R", 13 ], [ "R", 4 ], [ "R", 13 ], [ "R", 31 ], [ "R", 13 ], [ "R", 13 ], [ "R", 13 ], [ "R", 13 ], [ "R", 13 ], [ "R", 8 ], [ "R", 30 ], [ "R", 14 ], [ "R", 14 ], [ "R", 14 ], [ "R", 14 ], [ "R", 14 ], [ "R", 14 ], [ "R", 8 ], [ "R", 14 ], [ "R", 14 ], [ "R", 14 ], [ "R", 31 ], [ "R", 8 ], [ "R", 14 ], [ "R", 14 ], [ "R", 14 ], [ "R", 4 ], [ "R", 14 ], [ "R", 14 ], [ "R", 14 ], [ "R", 14 ], [ "R", 14 ], [ "R", 14 ], [ "R", 14 ], [ "W", 13 ], [ "W", 14 ], [ "R", 8 ], [ "R", 13 ], [ "R", 13 ], [ "R", 13 ], [ "R", 13 ], [ "R", 13 ], [ "R", 13 ], [ "R", 13 ], [ "R", 13 ], [ "R", 13 ], [ "R", 13 ], [ "R", 13 ], [ "R", 13 ], [ "R", 13 ], [ "R", 13 ], [ "R", 13 ], [ "R", 13 ], [ "R", 13 ], [ "R", 13 ], [ "R", 13 ], [ "R", 13 ], [ "R", 13 ], [ "W", 13 ], [ "R", 8 ], [ "R", 8 ], [ "R", 15 ], [ "R", 15 ], [ "R", 30 ], [ "R", 15 ], [ "R", 15 ], [ "R", 30 ], [ "R", 15 ], [ "R", 13 ], [ "R", 1 ], [ "R", 26 ], [ "W", 15 ], [ "W", 13 ], [ "W", 15 ], [ "W", 13 ], [ "W", 15 ], [ "R", 15 ], [ "R", 14 ], [ "R", 13 ], [ "R", 14 ], [ "R", 13 ], [ "R", 13 ], [ "R", 14 ], [ "R", 4 ], [ "R", 31 ], [ "R", 4 ], [ "R", 31 ], [ "R", 4 ], [ "R", 31 ], [ "R", 4 ], [ "R", 31 ], [ "R", 4 ], [ "R", 31 ] ]
    } ]
  },
  "AdministratorCategoryController.show" : {
    "t" : [ {
      "id" : 0,
      "a" : [ [ "R", 4 ] ]
    } ]
  },
  "PhaseHandyWorkerController.show" : {
    "t" : [ {
      "id" : 0,
      "a" : [ [ "R", 14 ], [ "R", 8 ], [ "R", 21 ], [ "R", 21 ], [ "R", 21 ], [ "R", 14 ] ]
    } ]
  },
  "SectionHandyWorkerController.save" : {
    "t" : [ {
      "id" : 0,
      "a" : [ [ "R", 8 ], [ "R", 8 ], [ "R", 15 ], [ "R", 15 ], [ "R", 30 ], [ "R", 15 ], [ "R", 15 ], [ "R", 30 ], [ "R", 25 ], [ "R", 29 ], [ "R", 29 ], [ "R", 15 ], [ "R", 8 ], [ "R", 8 ], [ "R", 8 ], [ "W", 25 ], [ "R", 25 ], [ "R", 29 ], [ "R", 8 ] ]
    } ]
  },
  "EndorsementCustomerController.list" : {
    "t" : [ {
      "id" : 0,
      "a" : [ [ "R", 8 ], [ "R", 8 ], [ "R", 15 ], [ "R", 15 ], [ "R", 30 ], [ "R", 15 ], [ "R", 15 ], [ "R", 30 ], [ "R", 7 ], [ "R", 7 ], [ "R", 30 ], [ "R", 7 ], [ "R", 7 ], [ "R", 30 ], [ "R", 8 ], [ "R", 8 ], [ "R", 8 ], [ "R", 7 ], [ "R", 7 ], [ "R", 30 ], [ "R", 7 ], [ "R", 7 ], [ "R", 30 ], [ "R", 15 ], [ "R", 15 ], [ "R", 30 ], [ "R", 15 ], [ "R", 15 ], [ "R", 30 ], [ "R", 8 ], [ "R", 8 ], [ "R", 11 ], [ "R", 11 ], [ "R", 11 ], [ "R", 10 ], [ "R", 8 ], [ "R", 8 ], [ "R", 8 ], [ "R", 7 ], [ "R", 7 ], [ "R", 30 ], [ "R", 7 ], [ "R", 7 ], [ "R", 30 ], [ "R", 15 ], [ "R", 15 ], [ "R", 30 ], [ "R", 15 ], [ "R", 15 ], [ "R", 30 ], [ "R", 8 ], [ "R", 8 ], [ "R", 11 ], [ "R", 11 ], [ "R", 11 ], [ "R", 10 ], [ "R", 10 ], [ "R", 10 ], [ "R", 30 ], [ "R", 10 ], [ "R", 10 ], [ "R", 30 ], [ "R", 10 ], [ "R", 11 ] ]
    } ]
  },
  "ApplicationHandyWorkerController.create" : {
    "t" : [ {
      "id" : 0,
      "a" : [ [ "R", 8 ], [ "R", 8 ], [ "R", 15 ], [ "R", 15 ], [ "R", 30 ], [ "R", 15 ], [ "R", 15 ], [ "R", 30 ], [ "W", 3 ], [ "W", 15 ], [ "W", 3 ], [ "R", 14 ], [ "W", 3 ], [ "W", 14 ] ]
    } ]
  },
  "HandyWorkerController.create" : {
    "t" : [ {
      "id" : 0,
      "a" : [ [ "R", 8 ], [ "W", 30 ], [ "W", 30 ], [ "W", 10 ], [ "W", 1 ], [ "W", 30 ], [ "W", 16 ], [ "W", 17 ], [ "W", 16 ], [ "W", 16 ], [ "W", 16 ], [ "W", 16 ], [ "W", 17 ], [ "W", 16 ], [ "W", 16 ], [ "W", 16 ], [ "W", 16 ], [ "W", 17 ], [ "W", 16 ], [ "W", 16 ], [ "W", 16 ], [ "W", 16 ], [ "W", 17 ], [ "W", 16 ], [ "W", 16 ], [ "W", 16 ], [ "W", 16 ], [ "W", 16 ], [ "W", 16 ], [ "W", 16 ], [ "W", 1 ], [ "W", 16 ], [ "W", 1 ], [ "W", 1 ], [ "W", 10 ], [ "W", 13 ], [ "W", 13 ], [ "R", 13 ], [ "R", 13 ], [ "R", 13 ], [ "R", 13 ], [ "R", 13 ], [ "R", 13 ], [ "R", 13 ], [ "R", 13 ], [ "R", 13 ], [ "R", 13 ], [ "R", 13 ], [ "R", 13 ], [ "R", 13 ], [ "R", 13 ], [ "R", 13 ], [ "R", 13 ], [ "R", 13 ], [ "R", 13 ], [ "R", 13 ], [ "R", 13 ], [ "R", 13 ], [ "W", 13 ], [ "W", 15 ], [ "W", 13 ] ]
    } ]
  },
  "SocialProfileRefereeController.saveEdit" : {
    "t" : [ {
      "id" : 0,
      "a" : [ [ "W", 26 ], [ "R", 8 ], [ "R", 8 ], [ "R", 23 ], [ "R", 23 ], [ "R", 30 ], [ "R", 23 ], [ "R", 23 ], [ "R", 30 ], [ "R", 1 ], [ "R", 26 ], [ "R", 1 ], [ "R", 26 ], [ "R", 1 ], [ "R", 26 ], [ "R", 1 ], [ "R", 26 ], [ "W", 23 ], [ "R", 1 ], [ "R", 26 ] ]
    } ]
  },
  "NoteCustomerController.create" : {
    "t" : [ {
      "id" : 0,
      "a" : [ [ "R", 8 ], [ "W", 19 ], [ "W", 19 ], [ "W", 24 ], [ "R", 24 ], [ "R", 24 ], [ "R", 5 ], [ "R", 5 ], [ "R", 14 ], [ "R", 14 ], [ "R", 15 ], [ "R", 8 ], [ "R", 7 ], [ "R", 7 ], [ "R", 30 ], [ "R", 7 ], [ "R", 7 ], [ "R", 30 ], [ "W", 19 ], [ "W", 15 ], [ "W", 19 ], [ "W", 24 ], [ "W", 19 ], [ "W", 7 ], [ "R", 8 ], [ "R", 8 ], [ "R", 7 ], [ "R", 7 ], [ "R", 30 ], [ "R", 7 ], [ "R", 7 ], [ "R", 30 ] ]
    } ]
  },
  "ComplaintRefereeController.add" : {
    "t" : [ {
      "id" : 0,
      "a" : [ [ "R", 5 ], [ "R", 8 ], [ "R", 8 ], [ "R", 8 ], [ "R", 23 ], [ "R", 23 ], [ "R", 30 ], [ "R", 23 ], [ "R", 23 ], [ "R", 30 ], [ "R", 5 ], [ "R", 23 ], [ "W", 5 ], [ "W", 23 ], [ "R", 5 ], [ "R", 23 ], [ "R", 5 ], [ "R", 14 ], [ "W", 5 ] ]
    } ]
  },
  "ProfessionalRecordController.saveEdit" : {
    "t" : [ {
      "id" : 0,
      "a" : [ [ "W", 22 ], [ "R", 8 ], [ "R", 8 ], [ "R", 15 ], [ "R", 15 ], [ "R", 30 ], [ "R", 15 ], [ "R", 15 ], [ "R", 30 ], [ "R", 15 ], [ "R", 6 ], [ "R", 6 ], [ "R", 22 ], [ "R", 15 ], [ "R", 6 ], [ "R", 6 ], [ "R", 22 ], [ "R", 15 ], [ "R", 6 ], [ "R", 6 ], [ "R", 22 ], [ "R", 15 ], [ "R", 6 ], [ "R", 6 ], [ "R", 22 ], [ "W", 15 ], [ "R", 15 ], [ "R", 6 ] ]
    } ]
  },
  "MessageController.show" : {
    "t" : [ {
      "id" : 0,
      "a" : [ [ "R", 17 ] ]
    } ]
  },
  "CustomerController.create" : {
    "t" : [ {
      "id" : 0,
      "a" : [ [ "R", 8 ], [ "W", 30 ], [ "W", 30 ], [ "W", 10 ], [ "W", 1 ], [ "W", 30 ], [ "W", 16 ], [ "W", 17 ], [ "W", 16 ], [ "W", 16 ], [ "W", 16 ], [ "W", 16 ], [ "W", 17 ], [ "W", 16 ], [ "W", 16 ], [ "W", 16 ], [ "W", 16 ], [ "W", 17 ], [ "W", 16 ], [ "W", 16 ], [ "W", 16 ], [ "W", 16 ], [ "W", 17 ], [ "W", 16 ], [ "W", 16 ], [ "W", 16 ], [ "W", 16 ], [ "W", 16 ], [ "W", 16 ], [ "W", 16 ], [ "W", 1 ], [ "W", 16 ], [ "W", 1 ], [ "W", 1 ], [ "W", 10 ] ]
    } ]
  },
  "ActorController.edit" : {
    "t" : [ {
      "id" : 0,
      "a" : [ [ "R", 8 ], [ "R", 8 ], [ "R", 1 ], [ "R", 1 ], [ "R", 30 ], [ "R", 1 ], [ "R", 1 ], [ "R", 30 ] ]
    } ]
  },
  "ApplicationHandyWorkerController.show" : {
    "t" : [ {
      "id" : 0,
      "a" : [ [ "R", 3 ], [ "R", 8 ], [ "R", 8 ], [ "R", 15 ], [ "R", 15 ], [ "R", 30 ], [ "R", 15 ], [ "R", 15 ], [ "R", 30 ], [ "R", 8 ], [ "R", 3 ], [ "R", 3 ], [ "R", 15 ], [ "R", 3 ], [ "R", 3 ], [ "R", 15 ], [ "R", 3 ], [ "R", 3 ], [ "R", 3 ], [ "R", 14 ], [ "R", 14 ], [ "R", 3 ], [ "R", 3 ] ]
    } ]
  },
  "HandyWorkerController.save" : {
    "t" : [ {
      "id" : 0,
      "a" : [ [ "R", 1 ], [ "R", 1 ], [ "R", 1 ], [ "R", 1 ], [ "R", 1 ], [ "R", 1 ], [ "R", 1 ], [ "R", 30 ], [ "R", 30 ], [ "R", 1 ], [ "R", 30 ], [ "R", 30 ], [ "R", 1 ], [ "R", 30 ], [ "R", 30 ], [ "R", 1 ], [ "R", 30 ], [ "R", 30 ], [ "R", 1 ], [ "R", 30 ], [ "R", 30 ], [ "R", 30 ], [ "R", 30 ], [ "R", 30 ], [ "R", 15 ], [ "R", 1 ], [ "R", 1 ], [ "W", 15 ], [ "R", 1 ], [ "R", 1 ], [ "W", 1 ], [ "R", 1 ], [ "R", 30 ], [ "R", 30 ], [ "R", 30 ], [ "R", 30 ], [ "R", 30 ], [ "R", 1 ], [ "R", 30 ], [ "R", 30 ], [ "R", 1 ], [ "R", 30 ], [ "W", 30 ], [ "W", 15 ] ]
    } ]
  },
  "MessageController.edit" : {
    "t" : [ {
      "id" : 0,
      "a" : [ [ "R", 17 ], [ "R", 1 ], [ "R", 1 ], [ "R", 1 ], [ "R", 1 ], [ "R", 1 ], [ "R", 1 ], [ "R", 8 ], [ "R", 1 ], [ "R", 1 ], [ "R", 16 ], [ "R", 1 ], [ "R", 16 ], [ "R", 1 ], [ "R", 1 ], [ "R", 16 ] ]
    } ]
  },
  "FixUpCustomerController.create" : {
    "t" : [ {
      "id" : 0,
      "a" : [ [ "W", 14 ], [ "R", 8 ], [ "R", 8 ], [ "R", 7 ], [ "R", 7 ], [ "R", 30 ], [ "R", 7 ], [ "R", 7 ], [ "R", 30 ], [ "W", 14 ], [ "W", 7 ], [ "W", 14 ], [ "W", 14 ], [ "W", 14 ], [ "R", 31 ], [ "R", 31 ], [ "R", 31 ], [ "R", 4 ] ]
    } ]
  },
  "TutorialHandyWorkerController.list" : {
    "t" : [ {
      "id" : 0,
      "a" : [ [ "R", 8 ], [ "R", 8 ], [ "R", 15 ], [ "R", 15 ], [ "R", 30 ], [ "R", 15 ], [ "R", 15 ], [ "R", 30 ], [ "R", 15 ], [ "R", 29 ] ]
    } ]
  },
  "ActorAdministratorController.edit" : {
    "t" : [ {
      "id" : 0,
      "a" : [ [ "R", 1 ], [ "R", 1 ], [ "R", 1 ], [ "R", 8 ], [ "R", 8 ], [ "R", 2 ], [ "R", 2 ], [ "R", 30 ], [ "R", 2 ], [ "R", 2 ], [ "R", 30 ], [ "R", 8 ], [ "R", 1 ], [ "R", 1 ], [ "W", 1 ], [ "W", 1 ], [ "R", 8 ], [ "R", 8 ], [ "R", 2 ], [ "R", 2 ], [ "R", 30 ], [ "R", 2 ], [ "R", 2 ], [ "R", 30 ], [ "R", 8 ], [ "R", 1 ], [ "R", 1 ], [ "W", 1 ], [ "W", 1 ], [ "R", 1 ], [ "W", 1 ] ]
    } ]
  },
  "TutorialController.show" : {
    "t" : [ {
      "id" : 0,
      "a" : [ [ "R", 29 ], [ "R", 29 ], [ "R", 28 ], [ "R", 29 ], [ "R", 25 ] ]
    } ]
  },
  "MessageController.editBroadcast" : {
    "t" : [ {
      "id" : 0,
      "a" : [ [ "R", 8 ], [ "R", 8 ], [ "R", 1 ], [ "R", 1 ], [ "R", 30 ], [ "R", 1 ], [ "R", 1 ], [ "R", 30 ], [ "R", 1 ], [ "R", 16 ], [ "R", 17 ], [ "R", 1 ], [ "R", 1 ], [ "R", 1 ] ]
    } ]
  },
  "ReportRefereeController.create" : {
    "t" : [ {
      "id" : 0,
      "a" : [ [ "W", 24 ], [ "W", 24 ], [ "W", 24 ], [ "W", 24 ], [ "R", 5 ], [ "W", 24 ], [ "W", 5 ] ]
    } ]
  },
  "FinderHandyWorkerController.list" : {
    "t" : [ {
      "id" : 0,
      "a" : [ [ "R", 8 ], [ "R", 8 ], [ "R", 15 ], [ "R", 15 ], [ "R", 30 ], [ "R", 15 ], [ "R", 15 ], [ "R", 30 ], [ "R", 15 ], [ "R", 13 ], [ "R", 13 ], [ "R", 13 ], [ "R", 13 ], [ "R", 31 ], [ "R", 13 ], [ "R", 4 ], [ "R", 13 ], [ "R", 13 ], [ "R", 13 ], [ "R", 13 ], [ "R", 8 ], [ "R", 30 ], [ "R", 14 ], [ "R", 14 ], [ "R", 14 ], [ "R", 14 ], [ "R", 14 ], [ "R", 14 ], [ "R", 8 ], [ "R", 14 ], [ "R", 14 ], [ "R", 14 ], [ "R", 31 ], [ "R", 8 ], [ "R", 14 ], [ "R", 14 ], [ "R", 14 ], [ "R", 4 ], [ "R", 14 ], [ "R", 14 ], [ "R", 14 ], [ "R", 14 ], [ "R", 14 ], [ "R", 14 ], [ "R", 14 ], [ "W", 13 ], [ "W", 14 ], [ "R", 13 ], [ "R", 13 ], [ "R", 13 ], [ "R", 13 ], [ "R", 13 ], [ "R", 13 ], [ "R", 13 ], [ "R", 13 ], [ "R", 13 ], [ "R", 13 ], [ "R", 13 ], [ "R", 13 ], [ "R", 13 ], [ "R", 13 ], [ "R", 13 ], [ "R", 13 ], [ "R", 13 ], [ "R", 13 ], [ "R", 13 ], [ "R", 13 ], [ "R", 13 ], [ "W", 13 ], [ "R", 13 ], [ "R", 14 ], [ "R", 8 ], [ "R", 8 ], [ "R", 15 ], [ "R", 15 ], [ "R", 30 ], [ "R", 15 ], [ "R", 15 ], [ "R", 30 ], [ "R", 1 ], [ "R", 26 ], [ "R", 13 ], [ "R", 14 ] ]
    } ]
  },
  "RefereeAdministratorController.save" : {
    "t" : [ {
      "id" : 0,
      "a" : [ [ "R", 1 ], [ "R", 1 ], [ "R", 1 ], [ "R", 1 ], [ "R", 1 ], [ "R", 1 ], [ "R", 1 ], [ "R", 30 ], [ "R", 30 ], [ "R", 1 ], [ "R", 30 ], [ "R", 30 ], [ "R", 1 ], [ "R", 30 ], [ "R", 30 ], [ "R", 1 ], [ "R", 30 ], [ "R", 30 ], [ "R", 1 ], [ "R", 30 ], [ "R", 30 ], [ "R", 30 ], [ "R", 30 ], [ "R", 30 ], [ "R", 1 ], [ "R", 1 ], [ "W", 1 ], [ "R", 1 ], [ "R", 30 ], [ "R", 30 ], [ "R", 1 ], [ "R", 30 ], [ "W", 30 ], [ "W", 23 ] ]
    } ]
  },
  "AdministratorController.newLogo" : {
    "t" : [ {
      "id" : 0,
      "a" : [ [ "R", 8 ], [ "R", 8 ], [ "R", 2 ], [ "R", 2 ], [ "R", 30 ], [ "R", 2 ], [ "R", 2 ], [ "R", 30 ], [ "R", 1 ], [ "R", 1 ], [ "R", 1 ], [ "R", 8 ], [ "R", 8 ], [ "R", 2 ], [ "R", 2 ], [ "R", 30 ], [ "R", 2 ], [ "R", 2 ], [ "R", 30 ], [ "R", 1 ], [ "R", 1 ], [ "R", 1 ] ]
    } ]
  },
  "NoteHandyWorkerController.show" : {
    "t" : [ {
      "id" : 0,
      "a" : [ [ "R", 19 ] ]
    } ]
  },
  "TutorialController.edit" : {
    "t" : [ {
      "id" : 0,
      "a" : [ [ "R", 29 ], [ "R", 29 ], [ "R", 25 ] ]
    } ]
  },
  "AdministratorController.newResult" : {
    "t" : [ {
      "id" : 0,
      "a" : [ [ "R", 8 ], [ "R", 8 ], [ "R", 2 ], [ "R", 2 ], [ "R", 30 ], [ "R", 2 ], [ "R", 2 ], [ "R", 30 ], [ "R", 1 ], [ "R", 1 ], [ "R", 1 ], [ "R", 8 ], [ "R", 8 ], [ "R", 2 ], [ "R", 2 ], [ "R", 30 ], [ "R", 2 ], [ "R", 2 ], [ "R", 30 ], [ "R", 1 ], [ "R", 1 ], [ "R", 1 ] ]
    } ]
  },
  "FixUpCustomerController.list" : {
    "t" : [ {
      "id" : 0,
      "a" : [ [ "R", 8 ], [ "R", 8 ], [ "R", 7 ], [ "R", 7 ], [ "R", 30 ], [ "R", 7 ], [ "R", 7 ], [ "R", 30 ], [ "R", 8 ], [ "R", 7 ], [ "R", 7 ], [ "R", 30 ], [ "R", 7 ], [ "R", 7 ], [ "R", 30 ], [ "R", 8 ], [ "R", 14 ], [ "R", 14 ], [ "R", 7 ], [ "R", 14 ], [ "R", 14 ], [ "R", 7 ] ]
    } ]
  },
  "ApplicationCustomerController.edit" : {
    "t" : [ {
      "id" : 0,
      "a" : [ [ "R", 3 ], [ "R", 3 ], [ "R", 3 ], [ "R", 3 ], [ "R", 14 ], [ "R", 14 ], [ "R", 7 ], [ "R", 1 ], [ "R", 30 ], [ "R", 8 ], [ "R", 8 ], [ "R", 8 ], [ "R", 8 ], [ "R", 8 ], [ "R", 7 ], [ "R", 7 ], [ "R", 30 ], [ "R", 7 ], [ "R", 7 ], [ "R", 30 ], [ "R", 8 ], [ "R", 3 ], [ "R", 3 ], [ "R", 14 ], [ "R", 3 ], [ "R", 3 ], [ "R", 14 ], [ "R", 7 ] ]
    } ]
  },
  "SocialProfileRefereeController.delete" : {
    "t" : [ {
      "id" : 0,
      "a" : [ [ "R", 26 ], [ "R", 8 ], [ "R", 8 ], [ "R", 23 ], [ "R", 23 ], [ "R", 30 ], [ "R", 23 ], [ "R", 23 ], [ "R", 30 ], [ "R", 1 ], [ "R", 26 ], [ "R", 26 ], [ "R", 8 ], [ "R", 8 ], [ "R", 23 ], [ "R", 23 ], [ "R", 30 ], [ "R", 23 ], [ "R", 23 ], [ "R", 30 ], [ "R", 1 ], [ "R", 26 ], [ "R", 26 ], [ "R", 8 ], [ "R", 8 ], [ "R", 23 ], [ "R", 23 ], [ "R", 30 ], [ "R", 23 ], [ "R", 23 ], [ "R", 30 ], [ "R", 1 ], [ "R", 26 ], [ "W", 23 ], [ "R", 8 ], [ "R", 8 ], [ "R", 15 ], [ "R", 15 ], [ "R", 30 ], [ "R", 15 ], [ "R", 15 ], [ "R", 30 ], [ "R", 15 ], [ "R", 15 ], [ "R", 30 ], [ "R", 15 ], [ "R", 15 ], [ "R", 30 ], [ "R", 1 ], [ "R", 26 ], [ "R", 1 ], [ "R", 26 ], [ "W", 15 ], [ "R", 7 ], [ "R", 7 ], [ "R", 30 ], [ "R", 7 ], [ "R", 7 ], [ "R", 30 ], [ "R", 7 ], [ "R", 7 ], [ "R", 30 ], [ "R", 7 ], [ "R", 7 ], [ "R", 30 ], [ "R", 1 ], [ "R", 26 ], [ "R", 1 ], [ "R", 26 ], [ "W", 7 ], [ "W", 26 ], [ "R", 1 ], [ "R", 26 ] ]
    } ]
  },
  "ActorController.save" : {
    "t" : [ {
      "id" : 0,
      "a" : [ [ "R", 1 ], [ "R", 30 ], [ "R", 30 ], [ "R", 1 ], [ "R", 30 ], [ "R", 30 ], [ "R", 1 ], [ "R", 30 ], [ "R", 30 ], [ "R", 1 ], [ "R", 30 ], [ "R", 30 ], [ "R", 1 ], [ "R", 30 ], [ "R", 30 ], [ "R", 30 ], [ "R", 30 ], [ "R", 30 ], [ "R", 1 ], [ "R", 30 ], [ "R", 8 ], [ "R", 8 ], [ "R", 8 ], [ "R", 1 ], [ "R", 1 ], [ "R", 1 ], [ "R", 1 ], [ "R", 1 ], [ "R", 8 ], [ "R", 8 ], [ "R", 1 ], [ "R", 1 ], [ "R", 30 ], [ "R", 1 ], [ "R", 1 ], [ "R", 30 ], [ "R", 8 ], [ "R", 1 ], [ "R", 1 ], [ "R", 1 ], [ "R", 1 ], [ "R", 8 ], [ "R", 1 ], [ "R", 1 ], [ "R", 8 ], [ "R", 7 ], [ "R", 8 ], [ "R", 7 ], [ "R", 1 ], [ "W", 1 ], [ "R", 1 ], [ "W", 1 ], [ "R", 1 ], [ "W", 1 ], [ "R", 1 ], [ "W", 1 ], [ "R", 1 ], [ "W", 1 ], [ "R", 1 ], [ "W", 1 ], [ "R", 1 ], [ "R", 1 ], [ "W", 1 ], [ "R", 1 ], [ "W", 1 ], [ "R", 1 ], [ "R", 30 ], [ "R", 1 ], [ "R", 30 ], [ "R", 30 ], [ "W", 30 ], [ "R", 1 ], [ "R", 30 ], [ "R", 1 ], [ "R", 30 ], [ "R", 30 ], [ "W", 30 ], [ "R", 1 ], [ "R", 16 ], [ "W", 1 ], [ "W", 16 ], [ "W", 7 ], [ "R", 1 ], [ "R", 30 ], [ "R", 8 ], [ "R", 27 ], [ "R", 27 ], [ "R", 30 ], [ "R", 27 ], [ "R", 27 ], [ "R", 30 ], [ "R", 1 ], [ "R", 30 ], [ "R", 30 ], [ "R", 1 ], [ "R", 30 ], [ "W", 30 ], [ "R", 8 ], [ "R", 27 ], [ "R", 1 ], [ "W", 1 ], [ "R", 1 ], [ "W", 1 ], [ "R", 1 ], [ "W", 1 ], [ "R", 1 ], [ "W", 1 ], [ "R", 1 ], [ "W", 1 ], [ "R", 1 ], [ "W", 1 ], [ "R", 1 ], [ "R", 30 ], [ "R", 1 ], [ "R", 30 ], [ "R", 30 ], [ "W", 30 ], [ "R", 1 ], [ "R", 30 ], [ "R", 1 ], [ "R", 30 ], [ "R", 30 ], [ "W", 30 ], [ "R", 1 ], [ "R", 16 ], [ "W", 1 ], [ "W", 16 ], [ "R", 1 ], [ "W", 1 ], [ "W", 27 ] ]
    } ]
  },
  "MessageController.listMessages" : {
    "t" : [ {
      "id" : 0,
      "a" : [ [ "R", 16 ], [ "R", 16 ], [ "R", 17 ] ]
    } ]
  },
  "NoteCustomerController.show" : {
    "t" : [ {
      "id" : 0,
      "a" : [ [ "R", 19 ] ]
    } ]
  },
  "TutorialController.create" : {
    "t" : [ {
      "id" : 0,
      "a" : [ [ "R", 8 ], [ "R", 8 ], [ "R", 15 ], [ "R", 15 ], [ "R", 30 ], [ "R", 15 ], [ "R", 15 ], [ "R", 30 ], [ "W", 29 ], [ "W", 15 ], [ "W", 29 ], [ "R", 29 ], [ "R", 25 ] ]
    } ]
  },
  "SocialProfileActorController.edit" : {
    "t" : [ {
      "id" : 0,
      "a" : [ [ "R", 26 ], [ "R", 8 ], [ "R", 8 ], [ "R", 1 ], [ "R", 1 ], [ "R", 30 ], [ "R", 1 ], [ "R", 1 ], [ "R", 30 ], [ "R", 1 ], [ "R", 26 ], [ "R", 26 ], [ "R", 26 ], [ "R", 26 ] ]
    } ]
  },
  "EducationalRecordController.delete" : {
    "t" : [ {
      "id" : 0,
      "a" : [ [ "R", 8 ], [ "R", 8 ], [ "R", 15 ], [ "R", 15 ], [ "R", 30 ], [ "R", 15 ], [ "R", 15 ], [ "R", 30 ], [ "R", 9 ], [ "R", 15 ], [ "R", 6 ], [ "R", 15 ], [ "R", 6 ], [ "R", 6 ], [ "R", 9 ], [ "R", 8 ], [ "R", 8 ], [ "R", 15 ], [ "R", 15 ], [ "R", 30 ], [ "R", 15 ], [ "R", 15 ], [ "R", 30 ], [ "R", 15 ], [ "R", 6 ], [ "R", 6 ], [ "R", 9 ], [ "R", 9 ], [ "R", 15 ], [ "R", 6 ], [ "R", 9 ], [ "R", 8 ], [ "R", 8 ], [ "R", 15 ], [ "R", 15 ], [ "R", 30 ], [ "R", 15 ], [ "R", 15 ], [ "R", 30 ], [ "R", 15 ], [ "R", 6 ], [ "R", 8 ], [ "R", 8 ], [ "R", 15 ], [ "R", 15 ], [ "R", 30 ], [ "R", 15 ], [ "R", 15 ], [ "R", 30 ], [ "R", 15 ], [ "R", 15 ], [ "R", 30 ], [ "R", 15 ], [ "R", 15 ], [ "R", 30 ], [ "R", 15 ], [ "R", 6 ], [ "R", 6 ], [ "R", 9 ], [ "R", 6 ], [ "R", 9 ], [ "W", 15 ], [ "W", 9 ], [ "W", 15 ], [ "R", 15 ], [ "R", 6 ] ]
    } ]
  },
  "ComplaintCustomerController.list" : {
    "t" : [ {
      "id" : 0,
      "a" : [ [ "R", 8 ], [ "R", 8 ], [ "R", 7 ], [ "R", 7 ], [ "R", 30 ], [ "R", 7 ], [ "R", 7 ], [ "R", 30 ], [ "R", 8 ], [ "R", 7 ], [ "R", 7 ], [ "R", 30 ], [ "R", 7 ], [ "R", 7 ], [ "R", 30 ], [ "R", 8 ], [ "R", 5 ], [ "R", 5 ], [ "R", 14 ], [ "R", 5 ], [ "R", 5 ], [ "R", 14 ], [ "R", 7 ] ]
    } ]
  },
  "EndorsementHandyWorkerController.saveEdit" : {
    "t" : [ {
      "id" : 0,
      "a" : [ [ "R", 8 ], [ "R", 8 ], [ "R", 10 ], [ "R", 10 ], [ "R", 30 ], [ "R", 10 ], [ "R", 10 ], [ "R", 30 ], [ "R", 11 ], [ "R", 10 ], [ "R", 8 ], [ "R", 8 ], [ "R", 8 ], [ "W", 11 ], [ "R", 11 ], [ "R", 10 ], [ "R", 11 ], [ "R", 10 ], [ "R", 11 ], [ "R", 11 ], [ "R", 11 ], [ "R", 10 ], [ "R", 10 ], [ "W", 10 ], [ "R", 8 ], [ "R", 8 ], [ "R", 15 ], [ "R", 15 ], [ "R", 30 ], [ "R", 15 ], [ "R", 15 ], [ "R", 30 ] ]
    } ]
  },
  "EndorsementHandyWorkerController.delete" : {
    "t" : [ {
      "id" : 0,
      "a" : [ [ "R", 11 ], [ "R", 11 ], [ "R", 10 ], [ "R", 1 ], [ "R", 30 ], [ "R", 8 ], [ "R", 8 ], [ "R", 8 ], [ "R", 11 ], [ "R", 10 ], [ "R", 10 ], [ "R", 11 ], [ "W", 10 ], [ "W", 11 ], [ "R", 11 ], [ "R", 10 ], [ "R", 10 ], [ "R", 11 ], [ "W", 10 ], [ "W", 11 ], [ "R", 11 ], [ "R", 10 ], [ "W", 10 ], [ "R", 11 ], [ "R", 10 ], [ "W", 10 ], [ "R", 8 ], [ "R", 8 ], [ "R", 7 ], [ "R", 7 ], [ "R", 30 ], [ "R", 7 ], [ "R", 7 ], [ "R", 30 ], [ "R", 15 ], [ "R", 15 ], [ "R", 30 ], [ "R", 15 ], [ "R", 15 ], [ "R", 30 ], [ "R", 11 ], [ "R", 10 ], [ "R", 8 ], [ "R", 8 ], [ "R", 11 ], [ "R", 10 ], [ "R", 10 ], [ "R", 11 ], [ "W", 10 ], [ "W", 11 ], [ "R", 11 ], [ "R", 10 ], [ "R", 10 ], [ "R", 11 ], [ "W", 10 ], [ "W", 11 ], [ "R", 8 ], [ "R", 11 ], [ "R", 10 ], [ "R", 8 ], [ "R", 11 ], [ "R", 10 ], [ "R", 8 ], [ "R", 8 ], [ "R", 11 ], [ "R", 10 ], [ "R", 10 ], [ "R", 11 ], [ "W", 10 ], [ "W", 11 ], [ "R", 11 ], [ "R", 10 ], [ "R", 10 ], [ "R", 11 ], [ "W", 10 ], [ "W", 11 ], [ "R", 8 ], [ "R", 11 ], [ "R", 10 ], [ "R", 8 ], [ "W", 11 ] ]
    } ]
  },
  "ComplaintHandyWorkerController.save" : {
    "t" : [ {
      "id" : 0,
      "a" : [ [ "R", 8 ], [ "R", 8 ], [ "R", 15 ], [ "R", 15 ], [ "R", 30 ], [ "R", 15 ], [ "R", 15 ], [ "R", 30 ], [ "R", 8 ], [ "R", 14 ], [ "R", 14 ], [ "R", 7 ], [ "R", 14 ], [ "R", 14 ], [ "R", 7 ], [ "R", 23 ], [ "R", 5 ], [ "R", 14 ], [ "W", 5 ], [ "R", 8 ], [ "R", 8 ], [ "R", 15 ], [ "R", 15 ], [ "R", 30 ], [ "R", 15 ], [ "R", 15 ], [ "R", 30 ], [ "R", 8 ], [ "R", 14 ], [ "R", 14 ], [ "R", 7 ], [ "R", 14 ], [ "R", 14 ], [ "R", 7 ], [ "R", 23 ] ]
    } ]
  },
  "NoteRefereeController.edit" : {
    "t" : [ {
      "id" : 0,
      "a" : [ [ "R", 19 ] ]
    } ]
  },
  "ApplicationCustomerController.show" : {
    "t" : [ {
      "id" : 0,
      "a" : [ [ "R", 3 ], [ "R", 3 ], [ "R", 14 ], [ "R", 14 ], [ "R", 7 ], [ "R", 1 ], [ "R", 30 ], [ "R", 8 ], [ "R", 8 ], [ "R", 8 ], [ "R", 8 ], [ "R", 8 ], [ "R", 7 ], [ "R", 7 ], [ "R", 30 ], [ "R", 7 ], [ "R", 7 ], [ "R", 30 ], [ "R", 8 ], [ "R", 3 ], [ "R", 3 ], [ "R", 14 ], [ "R", 3 ], [ "R", 3 ], [ "R", 14 ], [ "R", 7 ], [ "R", 3 ], [ "R", 3 ], [ "R", 3 ], [ "R", 14 ], [ "R", 14 ], [ "R", 3 ], [ "R", 3 ] ]
    } ]
  },
  "EndorsementCustomerController.edit" : {
    "t" : [ {
      "id" : 0,
      "a" : [ [ "R", 11 ], [ "R", 11 ], [ "R", 10 ], [ "R", 1 ], [ "R", 30 ], [ "R", 8 ], [ "R", 8 ], [ "R", 8 ], [ "R", 11 ] ]
    } ]
  },
  "ReportRefereeController.save" : {
    "t" : [ {
      "id" : 0,
      "a" : [ [ "R", 8 ], [ "R", 8 ], [ "R", 23 ], [ "R", 23 ], [ "R", 30 ], [ "R", 23 ], [ "R", 23 ], [ "R", 30 ], [ "R", 24 ], [ "R", 5 ], [ "R", 24 ], [ "R", 5 ], [ "R", 5 ], [ "R", 23 ], [ "W", 24 ], [ "R", 24 ], [ "R", 5 ], [ "R", 8 ] ]
    } ]
  },
  "RefereeController.saveEdit" : {
    "t" : [ {
      "id" : 0,
      "a" : [ [ "R", 1 ], [ "R", 30 ], [ "R", 30 ], [ "R", 1 ], [ "R", 30 ], [ "R", 30 ], [ "R", 1 ], [ "R", 30 ], [ "R", 30 ], [ "R", 1 ], [ "R", 30 ], [ "R", 30 ], [ "R", 1 ], [ "R", 30 ], [ "R", 30 ], [ "R", 30 ], [ "R", 30 ], [ "R", 30 ], [ "R", 1 ], [ "R", 30 ], [ "R", 8 ], [ "R", 8 ], [ "R", 8 ], [ "R", 1 ], [ "R", 1 ], [ "R", 1 ], [ "R", 1 ], [ "R", 1 ], [ "R", 8 ], [ "R", 8 ], [ "R", 23 ], [ "R", 23 ], [ "R", 30 ], [ "R", 23 ], [ "R", 23 ], [ "R", 30 ], [ "R", 8 ], [ "R", 1 ], [ "R", 1 ], [ "R", 1 ], [ "R", 1 ], [ "R", 8 ], [ "R", 1 ], [ "R", 1 ], [ "R", 8 ], [ "R", 23 ], [ "R", 1 ], [ "R", 1 ], [ "W", 1 ], [ "W", 23 ] ]
    } ]
  },
  "AdministratorController.newTime" : {
    "t" : [ {
      "id" : 0,
      "a" : [ [ "R", 8 ], [ "R", 8 ], [ "R", 2 ], [ "R", 2 ], [ "R", 30 ], [ "R", 2 ], [ "R", 2 ], [ "R", 30 ], [ "R", 1 ], [ "R", 1 ], [ "R", 1 ], [ "R", 8 ], [ "R", 8 ], [ "R", 2 ], [ "R", 2 ], [ "R", 30 ], [ "R", 2 ], [ "R", 2 ], [ "R", 30 ], [ "R", 1 ], [ "R", 1 ], [ "R", 1 ] ]
    } ]
  },
  "NoteAdministratorController.action1" : {
    "t" : [ {
      "id" : 0,
      "a" : [ [ "R", 24 ], [ "R", 24 ], [ "R", 19 ], [ "R", 24 ], [ "R", 19 ], [ "R", 24 ], [ "R", 24 ], [ "R", 19 ], [ "R", 24 ], [ "R", 24 ], [ "R", 19 ], [ "R", 24 ], [ "R", 19 ], [ "R", 24 ], [ "R", 24 ], [ "R", 19 ], [ "R", 24 ], [ "R", 24 ], [ "R", 19 ], [ "R", 24 ], [ "R", 19 ], [ "R", 24 ], [ "R", 24 ], [ "R", 19 ], [ "R", 24 ], [ "R", 24 ], [ "R", 19 ], [ "R", 24 ], [ "R", 19 ], [ "R", 24 ], [ "R", 24 ], [ "R", 19 ], [ "R", 24 ], [ "R", 24 ], [ "R", 19 ], [ "R", 24 ], [ "R", 24 ], [ "R", 19 ], [ "R", 24 ], [ "R", 24 ], [ "R", 19 ], [ "R", 24 ], [ "R", 19 ], [ "R", 24 ], [ "R", 19 ], [ "R", 24 ], [ "R", 19 ], [ "R", 24 ], [ "R", 19 ], [ "R", 24 ], [ "R", 24 ], [ "R", 19 ], [ "R", 24 ], [ "R", 19 ], [ "R", 24 ], [ "R", 19 ], [ "R", 24 ], [ "R", 19 ], [ "R", 24 ], [ "R", 19 ] ]
    } ]
  },
  "MailBoxController.save" : {
    "t" : [ {
      "id" : 0,
      "a" : [ [ "R", 8 ], [ "R", 8 ], [ "R", 1 ], [ "R", 1 ], [ "R", 30 ], [ "R", 1 ], [ "R", 1 ], [ "R", 30 ], [ "R", 8 ], [ "R", 8 ], [ "R", 1 ], [ "R", 1 ], [ "R", 30 ], [ "R", 1 ], [ "R", 1 ], [ "R", 30 ], [ "R", 1 ], [ "R", 16 ], [ "R", 16 ], [ "R", 16 ], [ "R", 8 ], [ "R", 8 ], [ "R", 1 ], [ "R", 1 ], [ "R", 30 ], [ "R", 1 ], [ "R", 1 ], [ "R", 30 ], [ "R", 8 ], [ "R", 8 ], [ "R", 16 ], [ "R", 1 ], [ "R", 16 ], [ "R", 1 ], [ "R", 16 ], [ "R", 8 ], [ "R", 16 ], [ "R", 16 ], [ "R", 16 ], [ "R", 16 ], [ "R", 16 ], [ "R", 16 ], [ "R", 16 ], [ "W", 16 ], [ "R", 1 ], [ "R", 16 ], [ "R", 1 ], [ "R", 16 ], [ "W", 1 ], [ "R", 1 ], [ "R", 16 ], [ "R", 8 ], [ "R", 8 ], [ "R", 1 ], [ "R", 1 ], [ "R", 30 ], [ "R", 1 ], [ "R", 1 ], [ "R", 30 ], [ "R", 8 ], [ "R", 8 ], [ "R", 16 ], [ "R", 1 ], [ "R", 16 ], [ "R", 1 ], [ "R", 16 ] ]
    } ]
  },
  "RefereeAdministratorController.create" : {
    "t" : [ {
      "id" : 0,
      "a" : [ [ "R", 8 ], [ "R", 8 ], [ "R", 2 ], [ "R", 2 ], [ "R", 30 ], [ "R", 2 ], [ "R", 2 ], [ "R", 30 ], [ "W", 30 ], [ "W", 30 ], [ "W", 1 ], [ "W", 30 ], [ "W", 16 ], [ "W", 17 ], [ "W", 16 ], [ "W", 16 ], [ "W", 16 ], [ "W", 16 ], [ "W", 17 ], [ "W", 16 ], [ "W", 16 ], [ "W", 16 ], [ "W", 16 ], [ "W", 17 ], [ "W", 16 ], [ "W", 16 ], [ "W", 16 ], [ "W", 16 ], [ "W", 17 ], [ "W", 16 ], [ "W", 16 ], [ "W", 16 ], [ "W", 16 ], [ "W", 16 ], [ "W", 16 ], [ "W", 16 ], [ "W", 1 ], [ "W", 16 ], [ "W", 1 ], [ "W", 1 ] ]
    } ]
  },
  "RefereeAdministratorController.list" : {
    "t" : [ {
      "id" : 0,
      "a" : [ [ "R", 23 ] ]
    } ]
  },
  "EndorsementCustomerController.saveEdit" : {
    "t" : [ {
      "id" : 0,
      "a" : [ [ "R", 8 ], [ "R", 8 ], [ "R", 10 ], [ "R", 10 ], [ "R", 30 ], [ "R", 10 ], [ "R", 10 ], [ "R", 30 ], [ "R", 11 ], [ "R", 10 ], [ "R", 8 ], [ "R", 8 ], [ "R", 8 ], [ "W", 11 ], [ "R", 11 ], [ "R", 10 ], [ "R", 11 ], [ "R", 10 ], [ "R", 11 ], [ "R", 11 ], [ "R", 11 ], [ "R", 10 ], [ "R", 10 ], [ "W", 10 ], [ "R", 8 ], [ "R", 8 ], [ "R", 7 ], [ "R", 7 ], [ "R", 30 ], [ "R", 7 ], [ "R", 7 ], [ "R", 30 ] ]
    } ]
  },
  "FixUpHandyWorkerController.list" : {
    "t" : [ {
      "id" : 0,
      "a" : [ [ "R", 14 ], [ "R", 8 ], [ "R", 8 ], [ "R", 15 ], [ "R", 15 ], [ "R", 30 ], [ "R", 15 ], [ "R", 15 ], [ "R", 30 ], [ "R", 8 ], [ "R", 14 ], [ "R", 14 ], [ "R", 14 ], [ "R", 15 ] ]
    } ]
  },
  "MailBoxController.listMailBox" : {
    "t" : [ {
      "id" : 0,
      "a" : [ [ "R", 8 ], [ "R", 8 ], [ "R", 1 ], [ "R", 1 ], [ "R", 30 ], [ "R", 1 ], [ "R", 1 ], [ "R", 30 ], [ "R", 1 ], [ "R", 1 ], [ "R", 16 ] ]
    } ]
  },
  "ComplaintCustomerController.create" : {
    "t" : [ {
      "id" : 0,
      "a" : [ [ "W", 5 ], [ "W", 5 ], [ "W", 5 ], [ "W", 5 ], [ "R", 8 ], [ "R", 8 ], [ "R", 7 ], [ "R", 7 ], [ "R", 30 ], [ "R", 7 ], [ "R", 7 ], [ "R", 30 ], [ "R", 8 ], [ "R", 14 ], [ "R", 14 ], [ "R", 7 ], [ "R", 14 ], [ "R", 14 ], [ "R", 7 ], [ "R", 23 ] ]
    } ]
  },
  "AdministratorCategoryController.delete" : {
    "t" : [ {
      "id" : 0,
      "a" : [ [ "R", 4 ], [ "R", 4 ], [ "R", 4 ], [ "R", 4 ], [ "R", 4 ], [ "R", 4 ], [ "R", 4 ], [ "R", 4 ], [ "R", 4 ], [ "R", 4 ], [ "R", 8 ], [ "R", 4 ], [ "R", 4 ], [ "W", 4 ], [ "W", 4 ], [ "R", 4 ], [ "R", 4 ], [ "R", 8 ], [ "W", 4 ], [ "W", 4 ], [ "R", 14 ], [ "R", 14 ], [ "R", 4 ], [ "R", 14 ], [ "R", 4 ], [ "R", 8 ], [ "W", 14 ], [ "W", 4 ], [ "R", 8 ], [ "R", 8 ], [ "R", 2 ], [ "R", 2 ], [ "R", 30 ], [ "R", 2 ], [ "R", 2 ], [ "R", 30 ], [ "R", 8 ], [ "R", 4 ], [ "W", 4 ] ]
    } ]
  },
  "SponsorController.saveEdit" : {
    "t" : [ {
      "id" : 0,
      "a" : [ [ "R", 1 ], [ "R", 30 ], [ "R", 30 ], [ "R", 1 ], [ "R", 30 ], [ "R", 30 ], [ "R", 1 ], [ "R", 30 ], [ "R", 30 ], [ "R", 1 ], [ "R", 30 ], [ "R", 30 ], [ "R", 1 ], [ "R", 30 ], [ "R", 30 ], [ "R", 30 ], [ "R", 30 ], [ "R", 30 ], [ "R", 1 ], [ "R", 30 ], [ "R", 8 ], [ "R", 8 ], [ "R", 8 ], [ "R", 1 ], [ "R", 1 ], [ "R", 1 ], [ "R", 1 ], [ "R", 1 ], [ "R", 8 ], [ "R", 8 ], [ "R", 27 ], [ "R", 27 ], [ "R", 30 ], [ "R", 27 ], [ "R", 27 ], [ "R", 30 ], [ "R", 8 ], [ "R", 1 ], [ "R", 1 ], [ "R", 1 ], [ "R", 1 ], [ "R", 8 ], [ "R", 1 ], [ "R", 1 ], [ "R", 1 ], [ "R", 1 ], [ "W", 1 ], [ "W", 27 ] ]
    } ]
  },
  "NoteRefereeController.show" : {
    "t" : [ {
      "id" : 0,
      "a" : [ [ "R", 19 ] ]
    } ]
  },
  "SponsorController.create" : {
    "t" : [ {
      "id" : 0,
      "a" : [ [ "R", 8 ], [ "W", 30 ], [ "W", 30 ], [ "W", 1 ], [ "W", 30 ], [ "W", 16 ], [ "W", 17 ], [ "W", 16 ], [ "W", 16 ], [ "W", 16 ], [ "W", 16 ], [ "W", 17 ], [ "W", 16 ], [ "W", 16 ], [ "W", 16 ], [ "W", 16 ], [ "W", 17 ], [ "W", 16 ], [ "W", 16 ], [ "W", 16 ], [ "W", 16 ], [ "W", 17 ], [ "W", 16 ], [ "W", 16 ], [ "W", 16 ], [ "W", 16 ], [ "W", 16 ], [ "W", 16 ], [ "W", 16 ], [ "W", 1 ], [ "W", 16 ], [ "W", 1 ], [ "W", 1 ] ]
    } ]
  },
  "SocialProfileaHandyWorkerController.delete" : {
    "t" : [ {
      "id" : 0,
      "a" : [ [ "R", 26 ], [ "R", 26 ], [ "R", 8 ], [ "R", 8 ], [ "R", 15 ], [ "R", 15 ], [ "R", 30 ], [ "R", 15 ], [ "R", 15 ], [ "R", 30 ], [ "R", 1 ], [ "R", 26 ], [ "R", 26 ], [ "R", 8 ], [ "R", 8 ], [ "R", 15 ], [ "R", 15 ], [ "R", 30 ], [ "R", 15 ], [ "R", 15 ], [ "R", 30 ], [ "R", 1 ], [ "R", 26 ], [ "R", 8 ], [ "R", 8 ], [ "R", 15 ], [ "R", 15 ], [ "R", 30 ], [ "R", 15 ], [ "R", 15 ], [ "R", 30 ], [ "R", 15 ], [ "R", 15 ], [ "R", 30 ], [ "R", 15 ], [ "R", 15 ], [ "R", 30 ], [ "R", 1 ], [ "R", 26 ], [ "R", 1 ], [ "R", 26 ], [ "W", 15 ], [ "R", 7 ], [ "R", 7 ], [ "R", 30 ], [ "R", 7 ], [ "R", 7 ], [ "R", 30 ], [ "R", 7 ], [ "R", 7 ], [ "R", 30 ], [ "R", 7 ], [ "R", 7 ], [ "R", 30 ], [ "R", 1 ], [ "R", 26 ], [ "R", 1 ], [ "R", 26 ], [ "W", 7 ], [ "W", 26 ], [ "R", 8 ], [ "R", 8 ], [ "R", 15 ], [ "R", 15 ], [ "R", 30 ], [ "R", 15 ], [ "R", 15 ], [ "R", 30 ], [ "R", 1 ], [ "R", 26 ] ]
    } ]
  },
  "FixUpCustomerController.save" : {
    "t" : [ {
      "id" : 0,
      "a" : [ [ "R", 14 ], [ "R", 31 ], [ "R", 31 ], [ "R", 31 ], [ "R", 4 ], [ "R", 14 ], [ "R", 8 ], [ "R", 8 ], [ "R", 1 ], [ "R", 1 ], [ "R", 30 ], [ "R", 1 ], [ "R", 1 ], [ "R", 30 ], [ "W", 1 ], [ "R", 14 ], [ "R", 14 ], [ "R", 14 ], [ "R", 14 ], [ "W", 14 ], [ "R", 31 ], [ "R", 4 ], [ "R", 31 ], [ "R", 4 ], [ "R", 31 ], [ "R", 4 ] ]
    } ]
  },
  "ComplaintHandyWorkerController.list" : {
    "t" : [ {
      "id" : 0,
      "a" : [ [ "R", 8 ], [ "R", 8 ], [ "R", 15 ], [ "R", 15 ], [ "R", 30 ], [ "R", 15 ], [ "R", 15 ], [ "R", 30 ], [ "R", 8 ], [ "R", 5 ], [ "R", 5 ], [ "R", 14 ], [ "R", 5 ], [ "R", 5 ], [ "R", 14 ], [ "R", 15 ] ]
    } ]
  },
  "PersonalRecordController.delete" : {
    "t" : [ {
      "id" : 0,
      "a" : [ [ "R", 8 ], [ "R", 8 ], [ "R", 15 ], [ "R", 15 ], [ "R", 30 ], [ "R", 15 ], [ "R", 15 ], [ "R", 30 ], [ "R", 20 ], [ "R", 15 ], [ "R", 6 ], [ "R", 15 ], [ "R", 6 ], [ "R", 6 ], [ "R", 20 ], [ "R", 8 ], [ "R", 8 ], [ "R", 15 ], [ "R", 15 ], [ "R", 30 ], [ "R", 15 ], [ "R", 15 ], [ "R", 30 ], [ "R", 15 ], [ "R", 6 ], [ "R", 6 ], [ "R", 20 ], [ "R", 20 ], [ "R", 8 ], [ "R", 8 ], [ "R", 8 ], [ "R", 15 ], [ "R", 6 ], [ "R", 20 ], [ "R", 8 ], [ "R", 8 ], [ "R", 15 ], [ "R", 15 ], [ "R", 30 ], [ "R", 15 ], [ "R", 15 ], [ "R", 30 ], [ "R", 15 ], [ "R", 6 ], [ "R", 8 ], [ "R", 8 ], [ "R", 15 ], [ "R", 15 ], [ "R", 30 ], [ "R", 15 ], [ "R", 15 ], [ "R", 30 ], [ "R", 15 ], [ "R", 15 ], [ "R", 30 ], [ "R", 15 ], [ "R", 15 ], [ "R", 30 ], [ "R", 15 ], [ "R", 6 ], [ "R", 6 ], [ "R", 20 ], [ "R", 8 ], [ "R", 8 ], [ "R", 8 ], [ "W", 6 ], [ "W", 20 ], [ "W", 15 ], [ "W", 20 ], [ "W", 15 ], [ "R", 15 ], [ "R", 6 ] ]
    } ]
  },
  "AdministratorWarrantyController.delete" : {
    "t" : [ {
      "id" : 0,
      "a" : [ [ "R", 31 ], [ "R", 31 ], [ "R", 8 ], [ "R", 8 ], [ "R", 2 ], [ "R", 2 ], [ "R", 30 ], [ "R", 2 ], [ "R", 2 ], [ "R", 30 ], [ "R", 8 ], [ "R", 31 ], [ "R", 31 ], [ "W", 31 ] ]
    } ]
  },
  "TutorialHandyWorkerController.create" : {
    "t" : [ {
      "id" : 0,
      "a" : [ [ "R", 8 ], [ "R", 8 ], [ "R", 15 ], [ "R", 15 ], [ "R", 30 ], [ "R", 15 ], [ "R", 15 ], [ "R", 30 ], [ "W", 29 ], [ "W", 15 ], [ "W", 29 ], [ "R", 29 ], [ "R", 25 ] ]
    } ]
  },
  "ComplaintCustomerController.save" : {
    "t" : [ {
      "id" : 0,
      "a" : [ [ "R", 8 ], [ "R", 8 ], [ "R", 7 ], [ "R", 7 ], [ "R", 30 ], [ "R", 7 ], [ "R", 7 ], [ "R", 30 ], [ "R", 8 ], [ "R", 14 ], [ "R", 14 ], [ "R", 7 ], [ "R", 14 ], [ "R", 14 ], [ "R", 7 ], [ "R", 23 ], [ "R", 5 ], [ "R", 14 ], [ "W", 5 ], [ "R", 8 ], [ "R", 8 ], [ "R", 7 ], [ "R", 7 ], [ "R", 30 ], [ "R", 7 ], [ "R", 7 ], [ "R", 30 ], [ "R", 8 ], [ "R", 14 ], [ "R", 14 ], [ "R", 7 ], [ "R", 14 ], [ "R", 14 ], [ "R", 7 ], [ "R", 23 ] ]
    } ]
  },
  "PersonalRecordController.saveEdit" : {
    "t" : [ {
      "id" : 0,
      "a" : [ [ "W", 20 ], [ "R", 8 ], [ "R", 8 ], [ "R", 15 ], [ "R", 15 ], [ "R", 30 ], [ "R", 15 ], [ "R", 15 ], [ "R", 30 ], [ "R", 15 ], [ "R", 6 ], [ "W", 6 ], [ "W", 20 ], [ "W", 15 ], [ "R", 15 ], [ "R", 6 ] ]
    } ]
  },
  "AdministratorController.edit" : {
    "t" : [ {
      "id" : 0,
      "a" : [ [ "R", 8 ], [ "R", 8 ], [ "R", 2 ], [ "R", 2 ], [ "R", 30 ], [ "R", 2 ], [ "R", 2 ], [ "R", 30 ], [ "R", 1 ], [ "R", 1 ], [ "R", 1 ], [ "R", 1 ], [ "R", 8 ], [ "R", 8 ], [ "R", 2 ], [ "R", 2 ], [ "R", 30 ], [ "R", 2 ], [ "R", 2 ], [ "R", 30 ], [ "R", 1 ], [ "R", 1 ], [ "R", 1 ], [ "R", 1 ], [ "R", 1 ], [ "R", 8 ], [ "R", 8 ], [ "R", 2 ], [ "R", 2 ], [ "R", 30 ], [ "R", 2 ], [ "R", 2 ], [ "R", 30 ], [ "R", 8 ], [ "R", 1 ], [ "R", 1 ], [ "W", 1 ], [ "W", 1 ], [ "R", 8 ], [ "R", 8 ], [ "R", 2 ], [ "R", 2 ], [ "R", 30 ], [ "R", 2 ], [ "R", 2 ], [ "R", 30 ], [ "R", 8 ], [ "R", 1 ], [ "R", 1 ], [ "W", 1 ], [ "W", 1 ], [ "R", 1 ], [ "W", 1 ] ]
    } ]
  },
  "CustomerAdministratorController.list" : {
    "t" : [ {
      "id" : 0,
      "a" : [ [ "R", 7 ], [ "R", 7 ], [ "R", 14 ], [ "R", 7 ], [ "R", 7 ], [ "R", 14 ], [ "R", 5 ], [ "R", 7 ], [ "R", 14 ], [ "R", 5 ] ]
    } ]
  },
  "AdministratorController.saveEdit" : {
    "t" : [ {
      "id" : 0,
      "a" : [ [ "R", 1 ], [ "R", 1 ], [ "R", 1 ], [ "R", 1 ], [ "R", 1 ], [ "R", 8 ], [ "R", 8 ], [ "R", 2 ], [ "R", 2 ], [ "R", 30 ], [ "R", 2 ], [ "R", 2 ], [ "R", 30 ], [ "R", 8 ], [ "R", 1 ], [ "R", 1 ], [ "R", 1 ], [ "R", 1 ], [ "R", 8 ], [ "R", 1 ], [ "R", 1 ], [ "R", 1 ], [ "R", 1 ], [ "R", 1 ], [ "R", 30 ], [ "R", 30 ], [ "R", 1 ], [ "R", 30 ], [ "R", 30 ], [ "R", 1 ], [ "R", 30 ], [ "R", 30 ], [ "R", 30 ], [ "R", 30 ], [ "R", 30 ], [ "R", 1 ], [ "R", 30 ], [ "R", 8 ], [ "R", 8 ], [ "R", 8 ], [ "R", 1 ], [ "R", 1 ], [ "W", 1 ], [ "W", 2 ] ]
    } ]
  },
  "NoteCustomerController.edit" : {
    "t" : [ {
      "id" : 0,
      "a" : [ [ "R", 19 ], [ "R", 8 ], [ "R", 8 ], [ "R", 7 ], [ "R", 7 ], [ "R", 30 ], [ "R", 7 ], [ "R", 7 ], [ "R", 30 ] ]
    } ]
  },
  "ReportCustomerController.show" : {
    "t" : [ {
      "id" : 0,
      "a" : [ [ "R", 24 ] ]
    } ]
  },
  "MailBoxController.create" : {
    "t" : [ {
      "id" : 0,
      "a" : [ [ "W", 16 ], [ "W", 17 ], [ "W", 16 ], [ "R", 8 ], [ "R", 8 ], [ "R", 1 ], [ "R", 1 ], [ "R", 30 ], [ "R", 1 ], [ "R", 1 ], [ "R", 30 ], [ "R", 8 ], [ "R", 8 ], [ "R", 16 ], [ "R", 1 ], [ "R", 16 ], [ "R", 1 ], [ "R", 16 ] ]
    } ]
  },
  "EndorsementHandyWorkerController.list" : {
    "t" : [ {
      "id" : 0,
      "a" : [ [ "R", 8 ], [ "R", 8 ], [ "R", 15 ], [ "R", 15 ], [ "R", 30 ], [ "R", 15 ], [ "R", 15 ], [ "R", 30 ], [ "R", 7 ], [ "R", 7 ], [ "R", 30 ], [ "R", 7 ], [ "R", 7 ], [ "R", 30 ], [ "R", 8 ], [ "R", 8 ], [ "R", 8 ], [ "R", 7 ], [ "R", 7 ], [ "R", 30 ], [ "R", 7 ], [ "R", 7 ], [ "R", 30 ], [ "R", 15 ], [ "R", 15 ], [ "R", 30 ], [ "R", 15 ], [ "R", 15 ], [ "R", 30 ], [ "R", 8 ], [ "R", 8 ], [ "R", 11 ], [ "R", 11 ], [ "R", 11 ], [ "R", 10 ], [ "R", 8 ], [ "R", 8 ], [ "R", 8 ], [ "R", 7 ], [ "R", 7 ], [ "R", 30 ], [ "R", 7 ], [ "R", 7 ], [ "R", 30 ], [ "R", 15 ], [ "R", 15 ], [ "R", 30 ], [ "R", 15 ], [ "R", 15 ], [ "R", 30 ], [ "R", 8 ], [ "R", 8 ], [ "R", 11 ], [ "R", 11 ], [ "R", 11 ], [ "R", 10 ], [ "R", 8 ], [ "R", 8 ], [ "R", 8 ], [ "R", 7 ], [ "R", 7 ], [ "R", 30 ], [ "R", 7 ], [ "R", 7 ], [ "R", 30 ], [ "R", 15 ], [ "R", 15 ], [ "R", 30 ], [ "R", 15 ], [ "R", 15 ], [ "R", 30 ], [ "R", 8 ], [ "R", 8 ], [ "R", 11 ], [ "R", 11 ], [ "R", 11 ], [ "R", 10 ], [ "R", 10 ], [ "R", 10 ], [ "R", 30 ], [ "R", 10 ], [ "R", 10 ], [ "R", 30 ], [ "R", 10 ], [ "R", 11 ] ]
    } ]
  },
  "MessageController.saveMailBox" : {
    "t" : [ {
      "id" : 0,
      "a" : [ [ "R", 17 ], [ "R", 16 ], [ "R", 8 ], [ "R", 8 ], [ "R", 1 ], [ "R", 1 ], [ "R", 30 ], [ "R", 1 ], [ "R", 1 ], [ "R", 30 ], [ "R", 8 ], [ "R", 17 ], [ "R", 17 ], [ "R", 16 ], [ "R", 17 ], [ "R", 16 ], [ "R", 17 ], [ "R", 16 ], [ "R", 17 ], [ "R", 16 ], [ "R", 17 ], [ "R", 16 ], [ "R", 1 ], [ "R", 16 ], [ "R", 17 ], [ "R", 16 ], [ "R", 1 ], [ "R", 1 ], [ "R", 1 ], [ "R", 16 ], [ "W", 17 ], [ "R", 1 ], [ "R", 16 ], [ "R", 1 ], [ "R", 1 ], [ "R", 1 ], [ "R", 1 ], [ "R", 1 ], [ "R", 1 ], [ "R", 8 ], [ "R", 1 ], [ "R", 1 ], [ "R", 16 ], [ "R", 1 ], [ "R", 16 ], [ "R", 1 ], [ "R", 1 ], [ "R", 16 ] ]
    } ]
  },
  "RefereeController.create" : {
    "t" : [ {
      "id" : 0,
      "a" : [ [ "R", 8 ], [ "R", 8 ], [ "R", 2 ], [ "R", 2 ], [ "R", 30 ], [ "R", 2 ], [ "R", 2 ], [ "R", 30 ], [ "W", 30 ], [ "W", 30 ], [ "W", 1 ], [ "W", 30 ], [ "W", 16 ], [ "W", 17 ], [ "W", 16 ], [ "W", 16 ], [ "W", 16 ], [ "W", 16 ], [ "W", 17 ], [ "W", 16 ], [ "W", 16 ], [ "W", 16 ], [ "W", 16 ], [ "W", 17 ], [ "W", 16 ], [ "W", 16 ], [ "W", 16 ], [ "W", 16 ], [ "W", 17 ], [ "W", 16 ], [ "W", 16 ], [ "W", 16 ], [ "W", 16 ], [ "W", 16 ], [ "W", 16 ], [ "W", 16 ], [ "W", 1 ], [ "W", 16 ], [ "W", 1 ], [ "W", 1 ] ]
    } ]
  },
  "FinderHandyWorkerController.edit" : {
    "t" : [ {
      "id" : 0,
      "a" : [ [ "R", 8 ], [ "R", 8 ], [ "R", 15 ], [ "R", 15 ], [ "R", 30 ], [ "R", 15 ], [ "R", 15 ], [ "R", 30 ], [ "R", 13 ], [ "R", 13 ], [ "R", 8 ], [ "R", 8 ], [ "R", 8 ] ]
    } ]
  },
  "EndorsementCustomerController.delete" : {
    "t" : [ {
      "id" : 0,
      "a" : [ [ "R", 11 ], [ "R", 11 ], [ "R", 10 ], [ "R", 1 ], [ "R", 30 ], [ "R", 8 ], [ "R", 8 ], [ "R", 8 ], [ "R", 11 ], [ "R", 10 ], [ "R", 10 ], [ "R", 11 ], [ "W", 10 ], [ "W", 11 ], [ "R", 11 ], [ "R", 10 ], [ "R", 10 ], [ "R", 11 ], [ "W", 10 ], [ "W", 11 ], [ "R", 11 ], [ "R", 10 ], [ "W", 10 ], [ "R", 11 ], [ "R", 10 ], [ "W", 10 ], [ "R", 8 ], [ "R", 8 ], [ "R", 7 ], [ "R", 7 ], [ "R", 30 ], [ "R", 7 ], [ "R", 7 ], [ "R", 30 ], [ "R", 15 ], [ "R", 15 ], [ "R", 30 ], [ "R", 15 ], [ "R", 15 ], [ "R", 30 ], [ "R", 11 ], [ "R", 10 ], [ "R", 8 ], [ "R", 8 ], [ "R", 11 ], [ "R", 10 ], [ "R", 10 ], [ "R", 11 ], [ "W", 10 ], [ "W", 11 ], [ "R", 11 ], [ "R", 10 ], [ "R", 10 ], [ "R", 11 ], [ "W", 10 ], [ "W", 11 ], [ "R", 8 ], [ "R", 11 ], [ "R", 10 ], [ "R", 8 ], [ "R", 11 ], [ "R", 10 ], [ "R", 8 ], [ "R", 8 ], [ "R", 11 ], [ "R", 10 ], [ "R", 10 ], [ "R", 11 ], [ "W", 10 ], [ "W", 11 ], [ "R", 11 ], [ "R", 10 ], [ "R", 10 ], [ "R", 11 ], [ "W", 10 ], [ "W", 11 ], [ "R", 8 ], [ "R", 11 ], [ "R", 10 ], [ "R", 8 ], [ "W", 11 ] ]
    } ]
  },
  "MessageController.delete" : {
    "t" : [ {
      "id" : 0,
      "a" : [ [ "R", 8 ], [ "R", 8 ], [ "R", 1 ], [ "R", 1 ], [ "R", 30 ], [ "R", 1 ], [ "R", 1 ], [ "R", 30 ], [ "R", 17 ], [ "R", 1 ], [ "R", 16 ], [ "R", 17 ], [ "R", 16 ], [ "R", 8 ], [ "R", 1 ], [ "R", 1 ], [ "R", 16 ], [ "R", 1 ], [ "R", 1 ], [ "R", 16 ], [ "R", 1 ], [ "R", 16 ], [ "R", 16 ], [ "R", 17 ], [ "R", 8 ], [ "R", 8 ], [ "R", 1 ], [ "R", 1 ], [ "R", 30 ], [ "R", 1 ], [ "R", 1 ], [ "R", 30 ], [ "R", 1 ], [ "R", 16 ], [ "R", 16 ], [ "R", 16 ], [ "R", 16 ], [ "R", 17 ], [ "R", 16 ], [ "R", 16 ], [ "R", 17 ], [ "R", 17 ], [ "R", 16 ], [ "R", 16 ], [ "R", 17 ], [ "R", 16 ], [ "R", 17 ], [ "R", 17 ], [ "R", 16 ], [ "R", 16 ], [ "R", 17 ], [ "R", 17 ], [ "R", 16 ], [ "W", 17 ], [ "R", 1 ], [ "R", 16 ] ]
    } ]
  },
  "SocialProfileActorController.delete" : {
    "t" : [ {
      "id" : 0,
      "a" : [ [ "R", 26 ], [ "R", 26 ], [ "R", 8 ], [ "R", 8 ], [ "R", 1 ], [ "R", 1 ], [ "R", 30 ], [ "R", 1 ], [ "R", 1 ], [ "R", 30 ], [ "R", 1 ], [ "R", 26 ], [ "R", 26 ], [ "R", 8 ], [ "R", 8 ], [ "R", 1 ], [ "R", 1 ], [ "R", 30 ], [ "R", 1 ], [ "R", 1 ], [ "R", 30 ], [ "R", 8 ], [ "R", 8 ], [ "R", 1 ], [ "R", 1 ], [ "R", 30 ], [ "R", 1 ], [ "R", 1 ], [ "R", 30 ], [ "R", 1 ], [ "R", 26 ], [ "R", 8 ], [ "R", 8 ], [ "R", 1 ], [ "R", 1 ], [ "R", 30 ], [ "R", 1 ], [ "R", 1 ], [ "R", 30 ], [ "R", 1 ], [ "R", 26 ], [ "W", 1 ], [ "R", 8 ], [ "R", 8 ], [ "R", 15 ], [ "R", 15 ], [ "R", 30 ], [ "R", 15 ], [ "R", 15 ], [ "R", 30 ], [ "R", 15 ], [ "R", 15 ], [ "R", 30 ], [ "R", 15 ], [ "R", 15 ], [ "R", 30 ], [ "R", 1 ], [ "R", 26 ], [ "R", 1 ], [ "R", 26 ], [ "W", 15 ], [ "R", 7 ], [ "R", 7 ], [ "R", 30 ], [ "R", 7 ], [ "R", 7 ], [ "R", 30 ], [ "R", 7 ], [ "R", 7 ], [ "R", 30 ], [ "R", 7 ], [ "R", 7 ], [ "R", 30 ], [ "R", 1 ], [ "R", 26 ], [ "R", 1 ], [ "R", 26 ], [ "W", 7 ], [ "W", 26 ], [ "R", 1 ], [ "R", 26 ], [ "R", 8 ], [ "R", 8 ], [ "R", 1 ], [ "R", 1 ], [ "R", 30 ], [ "R", 1 ], [ "R", 1 ], [ "R", 30 ], [ "R", 1 ], [ "R", 26 ] ]
    } ]
  },
  "RefereeController.edit" : {
    "t" : [ {
      "id" : 0,
      "a" : [ [ "R", 8 ], [ "R", 8 ], [ "R", 23 ], [ "R", 23 ], [ "R", 30 ], [ "R", 23 ], [ "R", 23 ], [ "R", 30 ] ]
    } ]
  },
  "AdministratorWarrantyController.show" : {
    "t" : [ {
      "id" : 0,
      "a" : [ [ "R", 31 ] ]
    } ]
  },
  "AdministratorController.statistics" : {
    "t" : [ {
      "id" : 0,
      "a" : [ [ "R", 8 ], [ "R", 8 ], [ "R", 2 ], [ "R", 2 ], [ "R", 30 ], [ "R", 2 ], [ "R", 2 ], [ "R", 30 ], [ "R", 15 ], [ "R", 15 ], [ "R", 14 ], [ "R", 8 ], [ "R", 8 ], [ "R", 2 ], [ "R", 2 ], [ "R", 30 ], [ "R", 2 ], [ "R", 2 ], [ "R", 30 ], [ "R", 15 ], [ "R", 15 ], [ "R", 14 ], [ "R", 8 ], [ "R", 8 ], [ "R", 2 ], [ "R", 2 ], [ "R", 30 ], [ "R", 2 ], [ "R", 2 ], [ "R", 30 ], [ "R", 15 ], [ "R", 15 ], [ "R", 14 ], [ "R", 8 ], [ "R", 8 ], [ "R", 2 ], [ "R", 2 ], [ "R", 30 ], [ "R", 2 ], [ "R", 2 ], [ "R", 30 ], [ "R", 15 ], [ "R", 15 ], [ "R", 14 ], [ "R", 15 ], [ "R", 14 ], [ "R", 15 ], [ "R", 15 ], [ "R", 14 ], [ "R", 15 ], [ "R", 14 ], [ "R", 8 ], [ "R", 8 ], [ "R", 2 ], [ "R", 2 ], [ "R", 30 ], [ "R", 2 ], [ "R", 2 ], [ "R", 30 ], [ "R", 14 ], [ "R", 14 ], [ "R", 3 ], [ "R", 8 ], [ "R", 8 ], [ "R", 2 ], [ "R", 2 ], [ "R", 30 ], [ "R", 2 ], [ "R", 2 ], [ "R", 30 ], [ "R", 14 ], [ "R", 14 ], [ "R", 3 ], [ "R", 8 ], [ "R", 8 ], [ "R", 2 ], [ "R", 2 ], [ "R", 30 ], [ "R", 2 ], [ "R", 2 ], [ "R", 30 ], [ "R", 14 ], [ "R", 14 ], [ "R", 3 ], [ "R", 8 ], [ "R", 8 ], [ "R", 2 ], [ "R", 2 ], [ "R", 30 ], [ "R", 2 ], [ "R", 2 ], [ "R", 30 ], [ "R", 14 ], [ "R", 14 ], [ "R", 3 ], [ "R", 14 ], [ "R", 3 ], [ "R", 14 ], [ "R", 3 ], [ "R", 14 ], [ "R", 3 ], [ "R", 14 ], [ "R", 3 ], [ "R", 8 ], [ "R", 8 ], [ "R", 2 ], [ "R", 2 ], [ "R", 30 ], [ "R", 2 ], [ "R", 2 ], [ "R", 30 ], [ "R", 14 ], [ "R", 14 ], [ "R", 14 ], [ "R", 8 ], [ "R", 8 ], [ "R", 2 ], [ "R", 2 ], [ "R", 30 ], [ "R", 2 ], [ "R", 2 ], [ "R", 30 ], [ "R", 14 ], [ "R", 14 ], [ "R", 14 ], [ "R", 8 ], [ "R", 8 ], [ "R", 2 ], [ "R", 2 ], [ "R", 30 ], [ "R", 2 ], [ "R", 2 ], [ "R", 30 ], [ "R", 14 ], [ "R", 14 ], [ "R", 14 ], [ "R", 8 ], [ "R", 8 ], [ "R", 2 ], [ "R", 2 ], [ "R", 30 ], [ "R", 2 ], [ "R", 2 ], [ "R", 30 ], [ "R", 14 ], [ "R", 14 ], [ "R", 14 ], [ "R", 14 ], [ "R", 14 ], [ "R", 14 ], [ "R", 14 ], [ "R", 8 ], [ "R", 8 ], [ "R", 2 ], [ "R", 2 ], [ "R", 30 ], [ "R", 2 ], [ "R", 2 ], [ "R", 30 ], [ "R", 3 ], [ "R", 3 ], [ "R", 3 ], [ "R", 8 ], [ "R", 8 ], [ "R", 2 ], [ "R", 2 ], [ "R", 30 ], [ "R", 2 ], [ "R", 2 ], [ "R", 30 ], [ "R", 3 ], [ "R", 3 ], [ "R", 3 ], [ "R", 8 ], [ "R", 8 ], [ "R", 2 ], [ "R", 2 ], [ "R", 30 ], [ "R", 2 ], [ "R", 2 ], [ "R", 30 ], [ "R", 3 ], [ "R", 3 ], [ "R", 3 ], [ "R", 8 ], [ "R", 8 ], [ "R", 2 ], [ "R", 2 ], [ "R", 30 ], [ "R", 2 ], [ "R", 2 ], [ "R", 30 ], [ "R", 3 ], [ "R", 3 ], [ "R", 3 ], [ "R", 3 ], [ "R", 3 ], [ "R", 3 ], [ "R", 3 ], [ "R", 8 ], [ "R", 8 ], [ "R", 2 ], [ "R", 2 ], [ "R", 30 ], [ "R", 2 ], [ "R", 2 ], [ "R", 30 ], [ "R", 3 ], [ "R", 3 ], [ "R", 3 ], [ "R", 3 ], [ "R", 3 ], [ "R", 8 ], [ "R", 8 ], [ "R", 2 ], [ "R", 2 ], [ "R", 30 ], [ "R", 2 ], [ "R", 2 ], [ "R", 30 ], [ "R", 3 ], [ "R", 3 ], [ "R", 3 ], [ "R", 3 ], [ "R", 3 ], [ "R", 8 ], [ "R", 8 ], [ "R", 2 ], [ "R", 2 ], [ "R", 30 ], [ "R", 2 ], [ "R", 2 ], [ "R", 30 ], [ "R", 3 ], [ "R", 3 ], [ "R", 3 ], [ "R", 3 ], [ "R", 3 ], [ "R", 8 ], [ "R", 8 ], [ "R", 2 ], [ "R", 2 ], [ "R", 30 ], [ "R", 2 ], [ "R", 2 ], [ "R", 30 ], [ "R", 3 ], [ "R", 14 ], [ "R", 3 ], [ "R", 14 ], [ "R", 3 ], [ "R", 3 ], [ "R", 14 ], [ "R", 3 ], [ "R", 14 ], [ "R", 3 ], [ "R", 14 ], [ "R", 3 ], [ "R", 8 ], [ "R", 8 ], [ "R", 2 ], [ "R", 2 ], [ "R", 30 ], [ "R", 2 ], [ "R", 2 ], [ "R", 30 ], [ "R", 7 ], [ "R", 7 ], [ "R", 14 ], [ "R", 7 ], [ "R", 7 ], [ "R", 14 ], [ "R", 7 ], [ "R", 7 ], [ "R", 14 ], [ "R", 7 ], [ "R", 7 ], [ "R", 14 ], [ "R", 3 ], [ "R", 8 ], [ "R", 8 ], [ "R", 2 ], [ "R", 2 ], [ "R", 30 ], [ "R", 2 ], [ "R", 2 ], [ "R", 30 ], [ "R", 15 ], [ "R", 15 ], [ "R", 15 ], [ "R", 15 ], [ "R", 3 ], [ "R", 15 ], [ "R", 3 ], [ "R", 15 ], [ "R", 3 ], [ "R", 15 ], [ "R", 15 ], [ "R", 15 ], [ "R", 15 ], [ "R", 3 ], [ "R", 15 ], [ "R", 3 ], [ "R", 15 ], [ "R", 3 ] ]
    } ]
  },
  "TutorialHandyWorkerController.show" : {
    "t" : [ {
      "id" : 0,
      "a" : [ [ "R", 29 ], [ "R", 29 ], [ "R", 28 ], [ "R", 29 ], [ "R", 25 ] ]
    } ]
  },
  "PhaseHandyWorkerController.create" : {
    "t" : [ {
      "id" : 0,
      "a" : [ [ "R", 14 ], [ "W", 21 ], [ "W", 14 ] ]
    } ]
  },
  "AdministratorWarrantyController.edit" : {
    "t" : [ {
      "id" : 0,
      "a" : [ [ "R", 31 ], [ "R", 31 ], [ "R", 31 ] ]
    } ]
  },
  "ProfessionalRecordController.edit" : {
    "t" : [ {
      "id" : 0,
      "a" : [ [ "R", 8 ], [ "R", 8 ], [ "R", 15 ], [ "R", 15 ], [ "R", 30 ], [ "R", 15 ], [ "R", 15 ], [ "R", 30 ], [ "R", 22 ], [ "R", 15 ], [ "R", 6 ], [ "R", 15 ], [ "R", 6 ], [ "R", 6 ], [ "R", 22 ], [ "R", 8 ], [ "R", 8 ], [ "R", 15 ], [ "R", 15 ], [ "R", 30 ], [ "R", 15 ], [ "R", 15 ], [ "R", 30 ], [ "R", 15 ], [ "R", 6 ], [ "R", 6 ], [ "R", 22 ], [ "R", 22 ], [ "R", 15 ], [ "R", 6 ], [ "R", 22 ], [ "R", 22 ] ]
    } ]
  },
  "PersonalRecordController.edit" : {
    "t" : [ {
      "id" : 0,
      "a" : [ [ "R", 8 ], [ "R", 8 ], [ "R", 15 ], [ "R", 15 ], [ "R", 30 ], [ "R", 15 ], [ "R", 15 ], [ "R", 30 ], [ "R", 20 ], [ "R", 15 ], [ "R", 6 ], [ "R", 15 ], [ "R", 6 ], [ "R", 6 ], [ "R", 20 ], [ "R", 8 ], [ "R", 8 ], [ "R", 15 ], [ "R", 15 ], [ "R", 30 ], [ "R", 15 ], [ "R", 15 ], [ "R", 30 ], [ "R", 15 ], [ "R", 6 ], [ "R", 6 ], [ "R", 20 ], [ "R", 20 ], [ "R", 8 ], [ "R", 8 ], [ "R", 8 ], [ "R", 15 ], [ "R", 6 ], [ "R", 20 ], [ "R", 20 ] ]
    } ]
  },
  "FixUpCustomerController.delete" : {
    "t" : [ {
      "id" : 0,
      "a" : [ [ "R", 14 ], [ "R", 14 ], [ "R", 8 ], [ "R", 8 ], [ "R", 14 ], [ "R", 7 ], [ "R", 1 ], [ "R", 30 ], [ "R", 8 ], [ "R", 8 ], [ "R", 14 ], [ "R", 8 ], [ "R", 8 ], [ "R", 14 ], [ "R", 7 ], [ "R", 1 ], [ "R", 30 ], [ "R", 8 ], [ "R", 8 ], [ "R", 13 ], [ "R", 13 ], [ "R", 14 ], [ "R", 13 ], [ "R", 13 ], [ "R", 14 ], [ "R", 13 ], [ "R", 14 ], [ "R", 8 ], [ "R", 21 ], [ "R", 21 ], [ "R", 21 ], [ "R", 14 ], [ "R", 8 ], [ "W", 21 ], [ "W", 14 ], [ "R", 31 ], [ "R", 4 ] ]
    } ]
  },
  "AdministratorController.list" : {
    "t" : [ {
      "id" : 0,
      "a" : [ [ "R", 8 ], [ "R", 8 ], [ "R", 2 ], [ "R", 2 ], [ "R", 30 ], [ "R", 2 ], [ "R", 2 ], [ "R", 30 ], [ "R", 1 ], [ "R", 1 ], [ "R", 1 ], [ "R", 8 ], [ "R", 8 ], [ "R", 2 ], [ "R", 2 ], [ "R", 30 ], [ "R", 2 ], [ "R", 2 ], [ "R", 30 ], [ "R", 1 ], [ "R", 1 ], [ "R", 1 ] ]
    } ]
  },
  "CustomerController.save" : {
    "t" : [ {
      "id" : 0,
      "a" : [ [ "R", 1 ], [ "R", 1 ], [ "R", 1 ], [ "R", 1 ], [ "R", 1 ], [ "R", 1 ], [ "R", 1 ], [ "R", 30 ], [ "R", 30 ], [ "R", 1 ], [ "R", 30 ], [ "R", 30 ], [ "R", 1 ], [ "R", 30 ], [ "R", 30 ], [ "R", 1 ], [ "R", 30 ], [ "R", 30 ], [ "R", 1 ], [ "R", 30 ], [ "R", 30 ], [ "R", 30 ], [ "R", 30 ], [ "R", 30 ], [ "R", 1 ], [ "R", 1 ], [ "W", 1 ], [ "R", 1 ], [ "R", 30 ], [ "R", 30 ], [ "R", 1 ], [ "R", 30 ], [ "W", 30 ], [ "W", 7 ] ]
    } ]
  },
  "AdministratorCategoryController.save" : {
    "t" : [ {
      "id" : 0,
      "a" : [ [ "R", 4 ], [ "R", 4 ], [ "R", 4 ], [ "R", 4 ], [ "R", 4 ], [ "R", 4 ], [ "R", 4 ], [ "R", 4 ], [ "R", 4 ], [ "R", 8 ], [ "R", 8 ], [ "R", 2 ], [ "R", 2 ], [ "R", 30 ], [ "R", 2 ], [ "R", 2 ], [ "R", 30 ], [ "W", 4 ], [ "R", 4 ], [ "R", 4 ], [ "R", 4 ], [ "R", 4 ], [ "R", 4 ], [ "R", 4 ], [ "R", 4 ] ]
    } ]
  },
  "SocialProfileaHandyWorkerController.saveEdit" : {
    "t" : [ {
      "id" : 0,
      "a" : [ [ "W", 26 ], [ "R", 8 ], [ "R", 8 ], [ "R", 15 ], [ "R", 15 ], [ "R", 30 ], [ "R", 15 ], [ "R", 15 ], [ "R", 30 ], [ "R", 1 ], [ "R", 26 ], [ "R", 1 ], [ "R", 26 ], [ "R", 1 ], [ "R", 26 ], [ "R", 1 ], [ "R", 26 ], [ "W", 15 ], [ "R", 1 ], [ "R", 26 ] ]
    } ]
  },
  "PhaseHandyWorkerController.save" : {
    "t" : [ {
      "id" : 0,
      "a" : [ [ "R", 8 ], [ "R", 8 ], [ "R", 21 ], [ "R", 14 ], [ "R", 14 ], [ "R", 15 ], [ "R", 1 ], [ "R", 30 ], [ "R", 8 ], [ "R", 30 ], [ "R", 21 ], [ "R", 14 ], [ "R", 21 ], [ "R", 21 ], [ "W", 21 ], [ "R", 21 ], [ "R", 14 ], [ "R", 8 ] ]
    } ]
  },
  "AdministratorCategoryController.listCategories" : {
    "t" : [ {
      "id" : 0,
      "a" : [ [ "R", 8 ], [ "R", 4 ] ]
    } ]
  },
  "TutorialHandyWorkerController.edit" : {
    "t" : [ {
      "id" : 0,
      "a" : [ [ "R", 29 ], [ "R", 29 ], [ "R", 25 ] ]
    } ]
  },
  "EndorsementHandyWorkerController.create" : {
    "t" : [ {
      "id" : 0,
      "a" : [ [ "R", 8 ], [ "R", 8 ], [ "R", 15 ], [ "R", 15 ], [ "R", 30 ], [ "R", 15 ], [ "R", 15 ], [ "R", 30 ], [ "R", 7 ], [ "R", 8 ], [ "R", 15 ], [ "R", 15 ], [ "R", 14 ], [ "R", 15 ], [ "R", 14 ], [ "R", 7 ], [ "R", 15 ], [ "R", 14 ], [ "R", 7 ], [ "R", 15 ], [ "R", 14 ], [ "R", 8 ], [ "R", 8 ], [ "R", 15 ], [ "R", 15 ], [ "R", 30 ], [ "R", 15 ], [ "R", 15 ], [ "R", 30 ], [ "R", 8 ], [ "R", 14 ], [ "R", 14 ], [ "R", 14 ], [ "R", 15 ], [ "W", 11 ], [ "W", 10 ], [ "W", 11 ], [ "W", 10 ], [ "W", 11 ] ]
    } ]
  },
  "NoteHandyWorkerController.create" : {
    "t" : [ {
      "id" : 0,
      "a" : [ [ "R", 8 ], [ "W", 19 ], [ "W", 19 ], [ "W", 24 ], [ "R", 24 ], [ "R", 24 ], [ "R", 5 ], [ "R", 5 ], [ "R", 14 ], [ "R", 14 ], [ "R", 7 ], [ "R", 8 ], [ "R", 15 ], [ "R", 15 ], [ "R", 30 ], [ "R", 15 ], [ "R", 15 ], [ "R", 30 ], [ "W", 19 ], [ "W", 24 ], [ "W", 19 ], [ "W", 15 ], [ "W", 19 ], [ "W", 7 ], [ "R", 8 ], [ "R", 8 ], [ "R", 15 ], [ "R", 15 ], [ "R", 30 ], [ "R", 15 ], [ "R", 15 ], [ "R", 30 ] ]
    } ]
  },
  "ActorController.list" : {
    "t" : [ {
      "id" : 0,
      "a" : [ [ "R", 8 ], [ "R", 8 ], [ "R", 1 ], [ "R", 1 ], [ "R", 30 ], [ "R", 1 ], [ "R", 1 ], [ "R", 30 ], [ "R", 7 ], [ "R", 7 ], [ "R", 30 ], [ "R", 7 ], [ "R", 7 ], [ "R", 30 ], [ "R", 7 ], [ "R", 7 ], [ "R", 30 ], [ "R", 7 ], [ "R", 7 ], [ "R", 30 ], [ "R", 10 ], [ "R", 1 ], [ "R", 26 ] ]
    } ]
  },
  "ReportHandyWorkerController.show" : {
    "t" : [ {
      "id" : 0,
      "a" : [ [ "R", 24 ] ]
    } ]
  },
  "TutorialController.delete" : {
    "t" : [ {
      "id" : 0,
      "a" : [ [ "R", 29 ], [ "R", 8 ], [ "R", 8 ], [ "R", 15 ], [ "R", 15 ], [ "R", 30 ], [ "R", 15 ], [ "R", 15 ], [ "R", 30 ], [ "R", 29 ], [ "R", 15 ], [ "R", 8 ], [ "R", 8 ], [ "R", 8 ], [ "W", 29 ], [ "R", 29 ], [ "R", 25 ] ]
    } ]
  },
  "MiscellaneousRecordController.edit" : {
    "t" : [ {
      "id" : 0,
      "a" : [ [ "R", 8 ], [ "R", 8 ], [ "R", 15 ], [ "R", 15 ], [ "R", 30 ], [ "R", 15 ], [ "R", 15 ], [ "R", 30 ], [ "R", 18 ], [ "R", 15 ], [ "R", 6 ], [ "R", 15 ], [ "R", 6 ], [ "R", 6 ], [ "R", 18 ], [ "R", 8 ], [ "R", 8 ], [ "R", 15 ], [ "R", 15 ], [ "R", 30 ], [ "R", 15 ], [ "R", 15 ], [ "R", 30 ], [ "R", 15 ], [ "R", 6 ], [ "R", 6 ], [ "R", 18 ], [ "R", 18 ], [ "R", 15 ], [ "R", 6 ], [ "R", 18 ], [ "R", 18 ] ]
    } ]
  },
  "ComplaintAdministratorController.action1" : {
    "t" : [ {
      "id" : 0,
      "a" : [ [ "R", 14 ], [ "R", 14 ], [ "R", 5 ], [ "R", 14 ], [ "R", 5 ], [ "R", 14 ], [ "R", 14 ], [ "R", 5 ], [ "R", 14 ], [ "R", 14 ], [ "R", 5 ], [ "R", 14 ], [ "R", 5 ], [ "R", 14 ], [ "R", 14 ], [ "R", 5 ], [ "R", 14 ], [ "R", 14 ], [ "R", 5 ], [ "R", 14 ], [ "R", 5 ], [ "R", 14 ], [ "R", 14 ], [ "R", 5 ], [ "R", 14 ], [ "R", 14 ], [ "R", 5 ], [ "R", 14 ], [ "R", 5 ], [ "R", 14 ], [ "R", 14 ], [ "R", 5 ], [ "R", 14 ], [ "R", 14 ], [ "R", 5 ], [ "R", 14 ], [ "R", 14 ], [ "R", 5 ], [ "R", 14 ], [ "R", 14 ], [ "R", 5 ], [ "R", 14 ], [ "R", 5 ], [ "R", 14 ], [ "R", 14 ], [ "R", 5 ], [ "R", 14 ], [ "R", 5 ], [ "R", 14 ], [ "R", 14 ], [ "R", 5 ], [ "R", 14 ], [ "R", 5 ], [ "R", 14 ], [ "R", 14 ], [ "R", 5 ], [ "R", 14 ], [ "R", 5 ] ]
    } ]
  },
  "HandyWorkerAdministratorController.list" : {
    "t" : [ {
      "id" : 0,
      "a" : [ [ "R", 15 ], [ "R", 15 ], [ "R", 14 ], [ "R", 15 ], [ "R", 15 ], [ "R", 14 ], [ "R", 5 ] ]
    } ]
  },
  "SectionHandyWorkerController.create" : {
    "t" : [ {
      "id" : 0,
      "a" : [ [ "R", 29 ], [ "R", 8 ], [ "R", 8 ], [ "R", 15 ], [ "R", 15 ], [ "R", 30 ], [ "R", 15 ], [ "R", 15 ], [ "R", 30 ], [ "W", 25 ], [ "W", 25 ], [ "W", 25 ], [ "W", 29 ], [ "R", 29 ], [ "R", 25 ], [ "W", 25 ] ]
    } ]
  },
  "ApplicationHandyWorkerController.update" : {
    "t" : [ {
      "id" : 0,
      "a" : [ [ "R", 3 ], [ "R", 3 ], [ "R", 3 ], [ "R", 3 ], [ "R", 8 ], [ "R", 8 ], [ "R", 15 ], [ "R", 15 ], [ "R", 30 ], [ "R", 15 ], [ "R", 15 ], [ "R", 30 ], [ "R", 3 ], [ "R", 15 ], [ "R", 8 ], [ "R", 8 ], [ "R", 8 ], [ "R", 8 ], [ "R", 3 ], [ "R", 3 ], [ "R", 3 ], [ "R", 3 ], [ "W", 3 ] ]
    } ]
  },
  "ApplicationCustomerController.listApplication" : {
    "t" : [ {
      "id" : 0,
      "a" : [ [ "R", 8 ], [ "R", 8 ], [ "R", 7 ], [ "R", 7 ], [ "R", 30 ], [ "R", 7 ], [ "R", 7 ], [ "R", 30 ], [ "R", 8 ], [ "R", 3 ], [ "R", 3 ], [ "R", 14 ], [ "R", 3 ], [ "R", 3 ], [ "R", 14 ], [ "R", 7 ] ]
    } ]
  },
  "ActorAdministratorController.list" : {
    "t" : [ {
      "id" : 0,
      "a" : [ [ "R", 8 ], [ "R", 8 ], [ "R", 2 ], [ "R", 2 ], [ "R", 30 ], [ "R", 2 ], [ "R", 2 ], [ "R", 30 ], [ "R", 1 ], [ "R", 1 ], [ "R", 1 ] ]
    } ]
  },
  "FixUpAdministratorController.action1" : {
    "t" : [ {
      "id" : 0,
      "a" : [ [ "R", 14 ], [ "R", 14 ], [ "R", 14 ], [ "R", 14 ], [ "R", 5 ], [ "R", 14 ], [ "R", 14 ], [ "R", 14 ], [ "R", 14 ], [ "R", 14 ], [ "R", 5 ], [ "R", 14 ] ]
    } ]
  },
  "CustomerHandyWorkerController.show" : {
    "t" : [ {
      "id" : 0,
      "a" : [ [ "R", 7 ], [ "R", 7 ], [ "R", 14 ] ]
    } ]
  },
  "AdministratorController.newIVA" : {
    "t" : [ {
      "id" : 0,
      "a" : [ [ "R", 8 ], [ "R", 8 ], [ "R", 2 ], [ "R", 2 ], [ "R", 30 ], [ "R", 2 ], [ "R", 2 ], [ "R", 30 ], [ "R", 1 ], [ "R", 1 ], [ "R", 1 ], [ "R", 8 ], [ "R", 8 ], [ "R", 2 ], [ "R", 2 ], [ "R", 30 ], [ "R", 2 ], [ "R", 2 ], [ "R", 30 ], [ "R", 1 ], [ "R", 1 ], [ "R", 1 ] ]
    } ]
  },
  "ApplicationHandyWorkerController.save" : {
    "t" : [ {
      "id" : 0,
      "a" : [ [ "R", 3 ], [ "R", 3 ], [ "R", 14 ], [ "R", 14 ], [ "R", 3 ], [ "R", 3 ], [ "R", 15 ], [ "R", 1 ], [ "R", 30 ], [ "R", 8 ], [ "R", 8 ], [ "R", 8 ], [ "W", 3 ] ]
    } ]
  },
  "MiscellaneousRecordController.saveEdit" : {
    "t" : [ {
      "id" : 0,
      "a" : [ [ "W", 18 ], [ "R", 8 ], [ "R", 8 ], [ "R", 15 ], [ "R", 15 ], [ "R", 30 ], [ "R", 15 ], [ "R", 15 ], [ "R", 30 ], [ "R", 15 ], [ "R", 6 ], [ "R", 6 ], [ "R", 18 ], [ "R", 15 ], [ "R", 6 ], [ "R", 6 ], [ "R", 18 ], [ "R", 15 ], [ "R", 6 ], [ "R", 6 ], [ "R", 18 ], [ "R", 15 ], [ "R", 6 ], [ "R", 6 ], [ "R", 18 ], [ "W", 15 ], [ "R", 15 ], [ "R", 6 ] ]
    } ]
  },
  "HandyWorkerController.show" : {
    "t" : [ {
      "id" : 0,
      "a" : [ [ "R", 15 ], [ "R", 15 ], [ "R", 29 ] ]
    } ]
  },
  "MessageController.send" : {
    "t" : [ {
      "id" : 0,
      "a" : [ [ "R", 17 ], [ "W", 17 ], [ "R", 8 ], [ "R", 8 ], [ "R", 1 ], [ "R", 1 ], [ "R", 30 ], [ "R", 1 ], [ "R", 1 ], [ "R", 30 ], [ "R", 17 ], [ "R", 1 ], [ "R", 16 ], [ "R", 8 ], [ "R", 8 ], [ "R", 1 ], [ "R", 1 ], [ "R", 1 ], [ "R", 1 ], [ "R", 1 ], [ "R", 1 ], [ "R", 8 ], [ "R", 1 ], [ "R", 1 ], [ "R", 16 ], [ "R", 1 ], [ "R", 16 ], [ "R", 1 ], [ "R", 1 ], [ "R", 16 ], [ "R", 17 ], [ "R", 17 ], [ "R", 17 ], [ "R", 1 ], [ "R", 1 ], [ "R", 1 ], [ "R", 8 ], [ "R", 17 ], [ "R", 8 ], [ "R", 8 ], [ "R", 1 ], [ "R", 1 ], [ "R", 30 ], [ "R", 1 ], [ "R", 1 ], [ "R", 30 ], [ "W", 1 ], [ "R", 8 ], [ "R", 8 ], [ "R", 1 ], [ "R", 1 ], [ "R", 30 ], [ "R", 1 ], [ "R", 1 ], [ "R", 30 ], [ "R", 8 ], [ "R", 1 ], [ "R", 1 ], [ "R", 16 ], [ "R", 1 ], [ "R", 16 ], [ "R", 1 ], [ "R", 1 ], [ "R", 16 ], [ "R", 16 ], [ "R", 17 ], [ "R", 17 ], [ "R", 16 ], [ "R", 16 ], [ "R", 17 ], [ "R", 17 ], [ "R", 16 ], [ "R", 1 ], [ "R", 1 ], [ "R", 16 ], [ "R", 1 ], [ "R", 16 ], [ "R", 1 ], [ "R", 1 ], [ "R", 16 ], [ "R", 16 ], [ "R", 17 ], [ "R", 17 ], [ "R", 16 ], [ "R", 1 ], [ "R", 1 ], [ "R", 16 ], [ "R", 1 ], [ "R", 16 ], [ "R", 1 ], [ "R", 1 ], [ "R", 16 ], [ "R", 16 ], [ "R", 17 ], [ "R", 17 ], [ "R", 16 ], [ "R", 8 ], [ "R", 1 ], [ "R", 1 ], [ "R", 16 ], [ "R", 1 ], [ "R", 16 ], [ "R", 1 ], [ "R", 1 ], [ "R", 16 ], [ "R", 16 ], [ "R", 17 ], [ "R", 17 ], [ "R", 16 ], [ "R", 8 ], [ "R", 1 ], [ "R", 1 ], [ "R", 16 ], [ "R", 1 ], [ "R", 16 ], [ "R", 1 ], [ "R", 1 ], [ "R", 16 ], [ "R", 16 ], [ "R", 17 ], [ "R", 17 ], [ "W", 17 ], [ "R", 1 ], [ "R", 1 ], [ "R", 1 ], [ "R", 1 ], [ "R", 1 ], [ "R", 1 ], [ "R", 8 ], [ "R", 1 ], [ "R", 1 ], [ "R", 16 ], [ "R", 1 ], [ "R", 16 ], [ "R", 1 ], [ "R", 1 ], [ "R", 16 ] ]
    } ]
  },
  "EndorserRecordController.saveEdit" : {
    "t" : [ {
      "id" : 0,
      "a" : [ [ "W", 12 ], [ "R", 8 ], [ "R", 8 ], [ "R", 15 ], [ "R", 15 ], [ "R", 30 ], [ "R", 15 ], [ "R", 15 ], [ "R", 30 ], [ "R", 15 ], [ "R", 6 ], [ "R", 6 ], [ "R", 12 ], [ "R", 15 ], [ "R", 6 ], [ "R", 6 ], [ "R", 12 ], [ "R", 15 ], [ "R", 6 ], [ "R", 6 ], [ "R", 12 ], [ "R", 15 ], [ "R", 6 ], [ "R", 6 ], [ "R", 12 ], [ "W", 15 ], [ "R", 15 ], [ "R", 6 ] ]
    } ]
  },
  "TutorialController.save" : {
    "t" : [ {
      "id" : 0,
      "a" : [ [ "R", 29 ], [ "R", 25 ], [ "R", 8 ], [ "R", 8 ], [ "R", 15 ], [ "R", 15 ], [ "R", 30 ], [ "R", 15 ], [ "R", 15 ], [ "R", 30 ], [ "R", 29 ], [ "R", 15 ], [ "R", 8 ], [ "R", 8 ], [ "R", 8 ], [ "W", 29 ], [ "R", 29 ], [ "R", 25 ] ]
    } ]
  },
  "EndorserRecordController.delete" : {
    "t" : [ {
      "id" : 0,
      "a" : [ [ "R", 8 ], [ "R", 8 ], [ "R", 15 ], [ "R", 15 ], [ "R", 30 ], [ "R", 15 ], [ "R", 15 ], [ "R", 30 ], [ "R", 12 ], [ "R", 15 ], [ "R", 6 ], [ "R", 15 ], [ "R", 6 ], [ "R", 6 ], [ "R", 12 ], [ "R", 8 ], [ "R", 8 ], [ "R", 15 ], [ "R", 15 ], [ "R", 30 ], [ "R", 15 ], [ "R", 15 ], [ "R", 30 ], [ "R", 15 ], [ "R", 6 ], [ "R", 6 ], [ "R", 12 ], [ "R", 12 ], [ "R", 15 ], [ "R", 6 ], [ "R", 12 ], [ "R", 8 ], [ "R", 8 ], [ "R", 15 ], [ "R", 15 ], [ "R", 30 ], [ "R", 15 ], [ "R", 15 ], [ "R", 30 ], [ "R", 15 ], [ "R", 6 ], [ "R", 8 ], [ "R", 8 ], [ "R", 15 ], [ "R", 15 ], [ "R", 30 ], [ "R", 15 ], [ "R", 15 ], [ "R", 30 ], [ "R", 15 ], [ "R", 15 ], [ "R", 30 ], [ "R", 15 ], [ "R", 15 ], [ "R", 30 ], [ "R", 15 ], [ "R", 6 ], [ "R", 6 ], [ "R", 12 ], [ "R", 6 ], [ "R", 12 ], [ "W", 15 ], [ "W", 12 ], [ "W", 15 ], [ "R", 15 ], [ "R", 6 ] ]
    } ]
  },
  "HandyWorkerController.edit" : {
    "t" : [ {
      "id" : 0,
      "a" : [ [ "R", 8 ], [ "R", 8 ], [ "R", 15 ], [ "R", 15 ], [ "R", 30 ], [ "R", 15 ], [ "R", 15 ], [ "R", 30 ] ]
    } ]
  },
  "ApplicationHandyWorkerController.edit" : {
    "t" : [ {
      "id" : 0,
      "a" : [ [ "R", 3 ] ]
    } ]
  },
  "AdministratorWarrantyController.listWarranties" : {
    "t" : [ {
      "id" : 0,
      "a" : [ [ "R", 31 ] ]
    } ]
  },
  "SectionHandyWorkerController.edit" : {
    "t" : [ {
      "id" : 0,
      "a" : [ [ "R", 25 ] ]
    } ]
  },
  "CurriculumHandyWorkerController.list" : {
    "t" : [ {
      "id" : 0,
      "a" : [ [ "R", 8 ], [ "R", 8 ], [ "R", 15 ], [ "R", 15 ], [ "R", 30 ], [ "R", 15 ], [ "R", 15 ], [ "R", 30 ], [ "R", 15 ], [ "R", 6 ] ]
    } ]
  },
  "NoteHandyWorkerController.save" : {
    "t" : [ {
      "id" : 0,
      "a" : [ [ "R", 8 ], [ "R", 8 ], [ "R", 15 ], [ "R", 15 ], [ "R", 30 ], [ "R", 15 ], [ "R", 15 ], [ "R", 30 ], [ "W", 19 ], [ "R", 19 ], [ "R", 24 ], [ "R", 8 ], [ "R", 8 ], [ "R", 8 ], [ "R", 15 ], [ "R", 15 ], [ "R", 30 ], [ "R", 15 ], [ "R", 15 ], [ "R", 30 ] ]
    } ]
  },
  "MessageController.sendBroadcast" : {
    "t" : [ {
      "id" : 0,
      "a" : [ [ "R", 8 ], [ "R", 8 ], [ "R", 1 ], [ "R", 1 ], [ "R", 30 ], [ "R", 1 ], [ "R", 1 ], [ "R", 30 ], [ "R", 17 ], [ "R", 16 ], [ "R", 8 ], [ "R", 1 ], [ "R", 1 ], [ "R", 16 ], [ "R", 1 ], [ "R", 16 ], [ "R", 1 ], [ "R", 1 ], [ "R", 16 ], [ "R", 16 ], [ "R", 17 ], [ "R", 1 ], [ "R", 16 ], [ "R", 8 ], [ "R", 8 ], [ "R", 8 ], [ "R", 2 ], [ "R", 2 ], [ "R", 30 ], [ "R", 2 ], [ "R", 2 ], [ "R", 30 ], [ "R", 8 ], [ "R", 8 ], [ "R", 2 ], [ "R", 2 ], [ "R", 30 ], [ "R", 2 ], [ "R", 2 ], [ "R", 30 ], [ "R", 8 ], [ "R", 2 ], [ "R", 2 ], [ "R", 16 ], [ "R", 2 ], [ "R", 16 ], [ "R", 2 ], [ "R", 2 ], [ "R", 16 ], [ "R", 8 ], [ "R", 1 ], [ "R", 1 ], [ "R", 16 ], [ "R", 1 ], [ "R", 16 ], [ "R", 1 ], [ "R", 1 ], [ "R", 16 ], [ "R", 8 ], [ "R", 1 ], [ "R", 1 ], [ "R", 16 ], [ "R", 1 ], [ "R", 16 ], [ "R", 1 ], [ "R", 1 ], [ "R", 16 ], [ "R", 17 ], [ "R", 16 ], [ "R", 16 ], [ "R", 17 ], [ "R", 17 ], [ "R", 8 ], [ "R", 8 ], [ "R", 1 ], [ "R", 1 ], [ "R", 30 ], [ "R", 1 ], [ "R", 1 ], [ "R", 30 ], [ "W", 1 ], [ "R", 16 ], [ "R", 16 ], [ "R", 16 ], [ "R", 17 ], [ "R", 16 ], [ "R", 16 ], [ "R", 17 ], [ "R", 16 ], [ "R", 16 ], [ "R", 16 ], [ "R", 17 ], [ "R", 16 ], [ "R", 16 ], [ "R", 17 ], [ "W", 17 ], [ "R", 1 ], [ "R", 16 ], [ "R", 1 ], [ "R", 1 ], [ "R", 1 ], [ "R", 1 ], [ "R", 1 ], [ "R", 1 ], [ "R", 8 ], [ "R", 1 ], [ "R", 1 ], [ "R", 16 ], [ "R", 1 ], [ "R", 16 ], [ "R", 1 ], [ "R", 1 ], [ "R", 16 ] ]
    } ]
  },
  "ApplicationHandyWorkerController.listApplication" : {
    "t" : [ {
      "id" : 0,
      "a" : [ [ "R", 8 ], [ "R", 8 ], [ "R", 15 ], [ "R", 15 ], [ "R", 30 ], [ "R", 15 ], [ "R", 15 ], [ "R", 30 ], [ "R", 8 ], [ "R", 3 ], [ "R", 3 ], [ "R", 15 ], [ "R", 3 ], [ "R", 3 ], [ "R", 15 ] ]
    } ]
  },
  "ComplaintHandyWorkerController.create" : {
    "t" : [ {
      "id" : 0,
      "a" : [ [ "W", 5 ], [ "W", 5 ], [ "W", 5 ], [ "W", 5 ], [ "R", 8 ], [ "R", 8 ], [ "R", 15 ], [ "R", 15 ], [ "R", 30 ], [ "R", 15 ], [ "R", 15 ], [ "R", 30 ], [ "R", 8 ], [ "R", 14 ], [ "R", 14 ], [ "R", 7 ], [ "R", 14 ], [ "R", 14 ], [ "R", 7 ], [ "R", 23 ] ]
    } ]
  },
  "MessageController.editMailBox" : {
    "t" : [ {
      "id" : 0,
      "a" : [ [ "R", 17 ], [ "R", 8 ], [ "R", 8 ], [ "R", 1 ], [ "R", 1 ], [ "R", 30 ], [ "R", 1 ], [ "R", 1 ], [ "R", 30 ], [ "R", 1 ], [ "R", 16 ], [ "R", 16 ], [ "R", 8 ], [ "R", 8 ], [ "R", 1 ], [ "R", 1 ], [ "R", 30 ], [ "R", 1 ], [ "R", 1 ], [ "R", 30 ], [ "R", 1 ], [ "R", 16 ], [ "R", 17 ], [ "R", 16 ], [ "R", 8 ], [ "R", 1 ], [ "R", 1 ], [ "R", 16 ], [ "R", 1 ], [ "R", 1 ], [ "R", 16 ], [ "R", 1 ], [ "R", 16 ], [ "R", 16 ], [ "R", 17 ] ]
    } ]
  },
  "ComplaintRefereeController.addpost" : {
    "t" : [ {
      "id" : 0,
      "a" : [ [ "R", 8 ], [ "R", 8 ], [ "R", 23 ], [ "R", 23 ], [ "R", 30 ], [ "R", 23 ], [ "R", 23 ], [ "R", 30 ], [ "R", 5 ], [ "R", 23 ], [ "W", 5 ], [ "W", 23 ], [ "R", 5 ], [ "R", 23 ], [ "R", 5 ], [ "R", 14 ], [ "W", 5 ] ]
    } ]
  },
  "NoteRefereeController.create" : {
    "t" : [ {
      "id" : 0,
      "a" : [ [ "W", 19 ], [ "W", 19 ], [ "W", 24 ], [ "R", 24 ], [ "R", 24 ], [ "R", 5 ], [ "R", 5 ], [ "R", 14 ], [ "R", 14 ], [ "R", 15 ], [ "R", 24 ], [ "R", 5 ], [ "R", 5 ], [ "R", 14 ], [ "R", 14 ], [ "R", 7 ], [ "W", 19 ], [ "W", 15 ], [ "W", 19 ], [ "W", 24 ], [ "W", 19 ], [ "W", 7 ] ]
    } ]
  },
  "MiscellaneousRecordController.delete" : {
    "t" : [ {
      "id" : 0,
      "a" : [ [ "R", 8 ], [ "R", 8 ], [ "R", 15 ], [ "R", 15 ], [ "R", 30 ], [ "R", 15 ], [ "R", 15 ], [ "R", 30 ], [ "R", 18 ], [ "R", 15 ], [ "R", 6 ], [ "R", 15 ], [ "R", 6 ], [ "R", 6 ], [ "R", 18 ], [ "R", 8 ], [ "R", 8 ], [ "R", 15 ], [ "R", 15 ], [ "R", 30 ], [ "R", 15 ], [ "R", 15 ], [ "R", 30 ], [ "R", 15 ], [ "R", 6 ], [ "R", 6 ], [ "R", 18 ], [ "R", 18 ], [ "R", 15 ], [ "R", 6 ], [ "R", 18 ], [ "R", 8 ], [ "R", 8 ], [ "R", 15 ], [ "R", 15 ], [ "R", 30 ], [ "R", 15 ], [ "R", 15 ], [ "R", 30 ], [ "R", 15 ], [ "R", 6 ], [ "W", 15 ], [ "R", 8 ], [ "R", 8 ], [ "R", 15 ], [ "R", 15 ], [ "R", 30 ], [ "R", 15 ], [ "R", 15 ], [ "R", 30 ], [ "R", 15 ], [ "R", 15 ], [ "R", 30 ], [ "R", 15 ], [ "R", 15 ], [ "R", 30 ], [ "R", 15 ], [ "R", 6 ], [ "R", 6 ], [ "R", 18 ], [ "R", 6 ], [ "R", 18 ], [ "W", 15 ], [ "W", 18 ], [ "R", 15 ], [ "R", 6 ] ]
    } ]
  },
  "ComplaintHandyWorkerController.edit" : {
    "t" : [ {
      "id" : 0,
      "a" : [ [ "R", 5 ], [ "R", 8 ], [ "R", 8 ], [ "R", 15 ], [ "R", 15 ], [ "R", 30 ], [ "R", 15 ], [ "R", 15 ], [ "R", 30 ], [ "R", 8 ], [ "R", 14 ], [ "R", 14 ], [ "R", 7 ], [ "R", 14 ], [ "R", 14 ], [ "R", 7 ], [ "R", 23 ] ]
    } ]
  },
  "NoteCustomerController.save" : {
    "t" : [ {
      "id" : 0,
      "a" : [ [ "R", 8 ], [ "R", 8 ], [ "R", 7 ], [ "R", 7 ], [ "R", 30 ], [ "R", 7 ], [ "R", 7 ], [ "R", 30 ], [ "W", 19 ], [ "R", 19 ], [ "R", 24 ], [ "R", 8 ], [ "R", 8 ], [ "R", 8 ], [ "R", 7 ], [ "R", 7 ], [ "R", 30 ], [ "R", 7 ], [ "R", 7 ], [ "R", 30 ] ]
    } ]
  },
  "TutorialHandyWorkerController.delete" : {
    "t" : [ {
      "id" : 0,
      "a" : [ [ "R", 29 ], [ "R", 8 ], [ "R", 8 ], [ "R", 15 ], [ "R", 15 ], [ "R", 30 ], [ "R", 15 ], [ "R", 15 ], [ "R", 30 ], [ "R", 29 ], [ "R", 15 ], [ "R", 8 ], [ "R", 8 ], [ "R", 8 ], [ "W", 29 ], [ "R", 29 ], [ "R", 25 ] ]
    } ]
  },
  "SocialProfileRefereeController.edit" : {
    "t" : [ {
      "id" : 0,
      "a" : [ [ "R", 26 ], [ "R", 8 ], [ "R", 8 ], [ "R", 23 ], [ "R", 23 ], [ "R", 30 ], [ "R", 23 ], [ "R", 23 ], [ "R", 30 ], [ "R", 1 ], [ "R", 26 ], [ "R", 26 ], [ "R", 26 ], [ "R", 26 ] ]
    } ]
  },
  "ComplaintHandyWorkerController.show" : {
    "t" : [ {
      "id" : 0,
      "a" : [ [ "R", 5 ], [ "R", 5 ], [ "R", 14 ], [ "R", 14 ], [ "R", 7 ], [ "R", 8 ], [ "R", 14 ], [ "R", 14 ], [ "R", 7 ], [ "R", 14 ], [ "R", 14 ], [ "R", 7 ], [ "R", 5 ], [ "R", 23 ], [ "R", 5 ], [ "R", 23 ], [ "R", 8 ], [ "R", 23 ], [ "R", 5 ], [ "R", 14 ], [ "R", 14 ], [ "R", 7 ], [ "R", 8 ], [ "R", 7 ] ]
    } ]
  },
  "ApplicationCustomerController.save" : {
    "t" : [ {
      "id" : 0,
      "a" : [ [ "R", 3 ], [ "R", 3 ], [ "R", 15 ], [ "R", 3 ], [ "R", 14 ], [ "R", 14 ], [ "R", 7 ], [ "R", 8 ], [ "R", 1 ], [ "R", 1 ], [ "R", 16 ], [ "R", 1 ], [ "R", 16 ], [ "R", 1 ], [ "R", 1 ], [ "R", 16 ], [ "R", 8 ], [ "R", 1 ], [ "R", 1 ], [ "R", 16 ], [ "R", 1 ], [ "R", 16 ], [ "R", 1 ], [ "R", 1 ], [ "R", 16 ], [ "R", 3 ], [ "R", 3 ], [ "R", 3 ], [ "R", 3 ], [ "R", 3 ], [ "R", 3 ], [ "R", 3 ], [ "R", 3 ], [ "R", 3 ], [ "R", 3 ], [ "R", 3 ], [ "R", 3 ], [ "R", 3 ], [ "R", 3 ], [ "R", 8 ], [ "R", 8 ], [ "R", 7 ], [ "R", 7 ], [ "R", 30 ], [ "R", 7 ], [ "R", 7 ], [ "R", 30 ], [ "R", 3 ], [ "R", 14 ], [ "R", 14 ], [ "R", 7 ], [ "R", 8 ], [ "R", 8 ], [ "R", 8 ], [ "R", 8 ], [ "R", 3 ], [ "R", 3 ], [ "R", 3 ], [ "R", 3 ], [ "R", 14 ], [ "R", 3 ], [ "R", 15 ], [ "W", 14 ], [ "W", 15 ], [ "R", 14 ], [ "R", 8 ], [ "R", 8 ], [ "R", 1 ], [ "R", 1 ], [ "R", 30 ], [ "R", 1 ], [ "R", 1 ], [ "R", 30 ], [ "W", 1 ], [ "R", 14 ], [ "R", 14 ], [ "R", 14 ], [ "R", 14 ], [ "W", 14 ], [ "W", 3 ], [ "R", 3 ], [ "W", 17 ], [ "W", 17 ], [ "W", 17 ], [ "W", 16 ], [ "W", 17 ], [ "R", 3 ], [ "R", 8 ], [ "R", 8 ], [ "W", 17 ], [ "R", 8 ], [ "R", 8 ], [ "W", 17 ], [ "R", 17 ], [ "R", 16 ], [ "R", 17 ], [ "R", 16 ], [ "W", 17 ], [ "R", 16 ], [ "R", 17 ], [ "R", 16 ], [ "R", 17 ], [ "R", 17 ], [ "R", 16 ], [ "R", 16 ], [ "R", 17 ], [ "R", 16 ], [ "R", 17 ] ]
    } ]
  },
  "AdministratorCategoryController.create" : {
    "t" : [ {
      "id" : 0,
      "a" : [ [ "R", 8 ], [ "R", 8 ], [ "R", 2 ], [ "R", 2 ], [ "R", 30 ], [ "R", 2 ], [ "R", 2 ], [ "R", 30 ], [ "R", 4 ], [ "R", 4 ], [ "R", 4 ], [ "R", 4 ], [ "R", 4 ], [ "R", 4 ], [ "R", 4 ] ]
    } ]
  },
  "AdministratorController.create" : {
    "t" : [ {
      "id" : 0,
      "a" : [ [ "R", 8 ], [ "R", 8 ], [ "R", 2 ], [ "R", 2 ], [ "R", 30 ], [ "R", 2 ], [ "R", 2 ], [ "R", 30 ], [ "W", 30 ], [ "W", 30 ], [ "W", 1 ], [ "W", 30 ], [ "W", 16 ], [ "W", 17 ], [ "W", 16 ], [ "W", 16 ], [ "W", 16 ], [ "W", 16 ], [ "W", 17 ], [ "W", 16 ], [ "W", 16 ], [ "W", 16 ], [ "W", 16 ], [ "W", 17 ], [ "W", 16 ], [ "W", 16 ], [ "W", 16 ], [ "W", 16 ], [ "W", 17 ], [ "W", 16 ], [ "W", 16 ], [ "W", 16 ], [ "W", 16 ], [ "W", 16 ], [ "W", 16 ], [ "W", 16 ], [ "W", 1 ], [ "W", 16 ], [ "W", 1 ], [ "W", 1 ] ]
    } ]
  },
  "ReportRefereeController.show" : {
    "t" : [ {
      "id" : 0,
      "a" : [ [ "R", 24 ] ]
    } ]
  },
  "MailBoxController.delete" : {
    "t" : [ {
      "id" : 0,
      "a" : [ [ "R", 16 ], [ "R", 8 ], [ "R", 8 ], [ "R", 1 ], [ "R", 1 ], [ "R", 30 ], [ "R", 1 ], [ "R", 1 ], [ "R", 30 ], [ "R", 16 ], [ "R", 1 ], [ "R", 16 ], [ "R", 1 ], [ "R", 16 ], [ "R", 16 ], [ "R", 8 ], [ "R", 16 ], [ "R", 8 ], [ "R", 8 ], [ "R", 1 ], [ "R", 1 ], [ "R", 30 ], [ "R", 1 ], [ "R", 1 ], [ "R", 30 ], [ "R", 1 ], [ "R", 16 ], [ "W", 16 ], [ "R", 8 ], [ "R", 8 ], [ "R", 1 ], [ "R", 1 ], [ "R", 30 ], [ "R", 1 ], [ "R", 1 ], [ "R", 30 ], [ "R", 8 ], [ "R", 8 ], [ "R", 16 ], [ "R", 1 ], [ "R", 16 ], [ "R", 1 ], [ "R", 16 ] ]
    } ]
  },
  "TutorialController.list" : {
    "t" : [ {
      "id" : 0,
      "a" : [ [ "R", 29 ] ]
    } ]
  },
  "MailBoxController.show" : {
    "t" : [ {
      "id" : 0,
      "a" : [ [ "R", 16 ] ]
    } ]
  },
  "EndorserRecordController.edit" : {
    "t" : [ {
      "id" : 0,
      "a" : [ [ "R", 8 ], [ "R", 8 ], [ "R", 15 ], [ "R", 15 ], [ "R", 30 ], [ "R", 15 ], [ "R", 15 ], [ "R", 30 ], [ "R", 12 ], [ "R", 15 ], [ "R", 6 ], [ "R", 15 ], [ "R", 6 ], [ "R", 6 ], [ "R", 12 ], [ "R", 8 ], [ "R", 8 ], [ "R", 15 ], [ "R", 15 ], [ "R", 30 ], [ "R", 15 ], [ "R", 15 ], [ "R", 30 ], [ "R", 15 ], [ "R", 6 ], [ "R", 6 ], [ "R", 12 ], [ "R", 12 ], [ "R", 15 ], [ "R", 6 ], [ "R", 12 ], [ "R", 12 ] ]
    } ]
  },
  "ComplaintCustomerController.delete" : {
    "t" : [ {
      "id" : 0,
      "a" : [ [ "R", 5 ], [ "W", 5 ], [ "R", 8 ], [ "R", 8 ], [ "R", 7 ], [ "R", 7 ], [ "R", 30 ], [ "R", 7 ], [ "R", 7 ], [ "R", 30 ], [ "R", 8 ], [ "R", 14 ], [ "R", 14 ], [ "R", 7 ], [ "R", 14 ], [ "R", 14 ], [ "R", 7 ], [ "R", 23 ] ]
    } ]
  },
  "EducationalRecordController.edit" : {
    "t" : [ {
      "id" : 0,
      "a" : [ [ "R", 8 ], [ "R", 8 ], [ "R", 15 ], [ "R", 15 ], [ "R", 30 ], [ "R", 15 ], [ "R", 15 ], [ "R", 30 ], [ "R", 9 ], [ "R", 15 ], [ "R", 6 ], [ "R", 15 ], [ "R", 6 ], [ "R", 6 ], [ "R", 9 ], [ "R", 8 ], [ "R", 8 ], [ "R", 15 ], [ "R", 15 ], [ "R", 30 ], [ "R", 15 ], [ "R", 15 ], [ "R", 30 ], [ "R", 15 ], [ "R", 6 ], [ "R", 6 ], [ "R", 9 ], [ "R", 9 ], [ "R", 15 ], [ "R", 6 ], [ "R", 9 ], [ "R", 9 ] ]
    } ]
  },
  "AdministratorWarrantyController.create" : {
    "t" : [ {
      "id" : 0,
      "a" : [ [ "R", 8 ], [ "R", 8 ], [ "R", 2 ], [ "R", 2 ], [ "R", 30 ], [ "R", 2 ], [ "R", 2 ], [ "R", 30 ], [ "W", 31 ], [ "R", 31 ] ]
    } ]
  },
  "PhaseHandyWorkerController.delete" : {
    "t" : [ {
      "id" : 0,
      "a" : [ [ "R", 21 ], [ "R", 21 ], [ "R", 14 ], [ "R", 8 ], [ "R", 8 ], [ "R", 21 ], [ "R", 14 ], [ "R", 14 ], [ "R", 15 ], [ "R", 1 ], [ "R", 30 ], [ "R", 8 ], [ "R", 30 ], [ "R", 8 ], [ "W", 21 ], [ "R", 21 ], [ "R", 14 ], [ "R", 8 ] ]
    } ]
  },
  "RefereeController.list" : {
    "t" : [ {
      "id" : 0,
      "a" : [ [ "R", 8 ], [ "R", 8 ], [ "R", 23 ], [ "R", 23 ], [ "R", 30 ], [ "R", 23 ], [ "R", 23 ], [ "R", 30 ], [ "R", 1 ], [ "R", 26 ], [ "R", 8 ], [ "R", 8 ], [ "R", 8 ], [ "R", 23 ], [ "R", 23 ], [ "R", 30 ], [ "R", 23 ], [ "R", 23 ], [ "R", 30 ], [ "R", 8 ], [ "R", 23 ], [ "R", 23 ], [ "R", 30 ], [ "R", 23 ], [ "R", 23 ], [ "R", 30 ], [ "R", 8 ], [ "R", 5 ], [ "R", 5 ], [ "R", 5 ], [ "R", 23 ] ]
    } ]
  },
  "NoteRefereeController.save" : {
    "t" : [ {
      "id" : 0,
      "a" : [ [ "W", 19 ], [ "R", 19 ], [ "R", 24 ], [ "R", 8 ] ]
    } ]
  },
  "MessageController.createBroadcast" : {
    "t" : [ {
      "id" : 0,
      "a" : [ [ "W", 17 ], [ "W", 17 ], [ "W", 17 ], [ "W", 16 ], [ "R", 1 ], [ "R", 1 ], [ "R", 1 ] ]
    } ]
  },
  "FinderHandyWorkerController.create" : {
    "t" : [ {
      "id" : 0,
      "a" : [ [ "R", 4 ], [ "R", 31 ], [ "W", 13 ] ]
    } ]
  },
  "FixUpCustomerController.show" : {
    "t" : [ {
      "id" : 0,
      "a" : [ [ "R", 14 ], [ "R", 14 ], [ "R", 8 ], [ "R", 8 ], [ "R", 14 ], [ "R", 7 ], [ "R", 1 ], [ "R", 30 ], [ "R", 8 ], [ "R", 14 ], [ "R", 4 ], [ "R", 8 ], [ "R", 3 ], [ "R", 3 ], [ "R", 14 ], [ "R", 3 ], [ "R", 3 ], [ "R", 14 ], [ "R", 8 ], [ "R", 5 ], [ "R", 5 ], [ "R", 5 ], [ "R", 14 ], [ "R", 14 ], [ "R", 14 ] ]
    } ]
  },
  "EducationalRecordController.saveEdit" : {
    "t" : [ {
      "id" : 0,
      "a" : [ [ "W", 9 ], [ "R", 8 ], [ "R", 8 ], [ "R", 15 ], [ "R", 15 ], [ "R", 30 ], [ "R", 15 ], [ "R", 15 ], [ "R", 30 ], [ "R", 15 ], [ "R", 6 ], [ "R", 6 ], [ "R", 9 ], [ "R", 15 ], [ "R", 6 ], [ "R", 6 ], [ "R", 9 ], [ "R", 15 ], [ "R", 6 ], [ "R", 6 ], [ "R", 9 ], [ "R", 15 ], [ "R", 6 ], [ "R", 6 ], [ "R", 9 ], [ "W", 15 ], [ "R", 15 ], [ "R", 6 ] ]
    } ]
  },
  "SponsorController.save" : {
    "t" : [ {
      "id" : 0,
      "a" : [ [ "R", 1 ], [ "R", 1 ], [ "R", 1 ], [ "R", 1 ], [ "R", 1 ], [ "R", 1 ], [ "R", 1 ], [ "R", 30 ], [ "R", 30 ], [ "R", 1 ], [ "R", 30 ], [ "R", 30 ], [ "R", 1 ], [ "R", 30 ], [ "R", 30 ], [ "R", 1 ], [ "R", 30 ], [ "R", 30 ], [ "R", 1 ], [ "R", 30 ], [ "R", 1 ], [ "R", 30 ], [ "R", 30 ], [ "R", 1 ], [ "R", 30 ], [ "R", 30 ], [ "R", 30 ], [ "R", 30 ], [ "R", 30 ], [ "R", 1 ], [ "R", 1 ], [ "W", 1 ], [ "R", 1 ], [ "R", 30 ], [ "R", 30 ], [ "R", 1 ], [ "R", 30 ], [ "W", 30 ], [ "W", 27 ] ]
    } ]
  },
  "ComplaintRefereeController.list" : {
    "t" : [ {
      "id" : 0,
      "a" : [ [ "R", 8 ], [ "R", 8 ], [ "R", 23 ], [ "R", 23 ], [ "R", 30 ], [ "R", 23 ], [ "R", 23 ], [ "R", 30 ], [ "R", 8 ], [ "R", 8 ], [ "R", 23 ], [ "R", 23 ], [ "R", 30 ], [ "R", 23 ], [ "R", 23 ], [ "R", 30 ], [ "R", 5 ], [ "R", 5 ], [ "R", 5 ], [ "R", 23 ], [ "R", 8 ], [ "R", 8 ], [ "R", 8 ], [ "R", 23 ], [ "R", 23 ], [ "R", 30 ], [ "R", 23 ], [ "R", 23 ], [ "R", 30 ], [ "R", 8 ], [ "R", 23 ], [ "R", 23 ], [ "R", 30 ], [ "R", 23 ], [ "R", 23 ], [ "R", 30 ], [ "R", 8 ], [ "R", 5 ], [ "R", 5 ], [ "R", 5 ], [ "R", 23 ] ]
    } ]
  },
  "FixUpCustomerController.edit" : {
    "t" : [ {
      "id" : 0,
      "a" : [ [ "R", 14 ], [ "R", 14 ], [ "R", 8 ], [ "R", 8 ], [ "R", 14 ], [ "R", 7 ], [ "R", 1 ], [ "R", 30 ], [ "R", 8 ], [ "R", 31 ], [ "R", 31 ], [ "R", 31 ], [ "R", 4 ] ]
    } ]
  },
  "ComplaintCustomerController.show" : {
    "t" : [ {
      "id" : 0,
      "a" : [ [ "R", 5 ], [ "R", 5 ], [ "R", 14 ], [ "R", 14 ], [ "R", 7 ], [ "R", 8 ], [ "R", 14 ], [ "R", 14 ], [ "R", 7 ], [ "R", 14 ], [ "R", 14 ], [ "R", 7 ], [ "R", 5 ], [ "R", 23 ], [ "R", 5 ], [ "R", 23 ], [ "R", 8 ], [ "R", 23 ], [ "R", 5 ], [ "R", 14 ], [ "R", 14 ], [ "R", 15 ], [ "R", 8 ], [ "R", 15 ] ]
    } ]
  },
  "ComplaintCustomerController.edit" : {
    "t" : [ {
      "id" : 0,
      "a" : [ [ "R", 5 ], [ "R", 8 ], [ "R", 8 ], [ "R", 7 ], [ "R", 7 ], [ "R", 30 ], [ "R", 7 ], [ "R", 7 ], [ "R", 30 ], [ "R", 8 ], [ "R", 14 ], [ "R", 14 ], [ "R", 7 ], [ "R", 14 ], [ "R", 14 ], [ "R", 7 ], [ "R", 23 ] ]
    } ]
  },
  "EndorsementCustomerController.create" : {
    "t" : [ {
      "id" : 0,
      "a" : [ [ "R", 8 ], [ "R", 8 ], [ "R", 7 ], [ "R", 7 ], [ "R", 30 ], [ "R", 7 ], [ "R", 7 ], [ "R", 30 ], [ "R", 15 ], [ "R", 8 ], [ "R", 7 ], [ "R", 7 ], [ "R", 14 ], [ "R", 7 ], [ "R", 14 ], [ "R", 15 ], [ "R", 7 ], [ "R", 14 ], [ "R", 15 ], [ "R", 7 ], [ "R", 8 ], [ "R", 8 ], [ "R", 7 ], [ "R", 7 ], [ "R", 30 ], [ "R", 7 ], [ "R", 7 ], [ "R", 30 ], [ "R", 8 ], [ "R", 7 ], [ "R", 7 ], [ "R", 30 ], [ "R", 7 ], [ "R", 7 ], [ "R", 30 ], [ "R", 8 ], [ "R", 14 ], [ "R", 14 ], [ "R", 7 ], [ "R", 14 ], [ "R", 14 ], [ "R", 7 ], [ "W", 11 ], [ "W", 10 ], [ "W", 11 ], [ "W", 10 ], [ "W", 11 ] ]
    } ]
  },
  "MessageController.create" : {
    "t" : [ {
      "id" : 0,
      "a" : [ [ "W", 17 ], [ "W", 17 ], [ "W", 17 ], [ "W", 16 ], [ "R", 1 ], [ "R", 1 ], [ "R", 1 ], [ "R", 1 ], [ "R", 1 ], [ "R", 1 ], [ "R", 8 ], [ "R", 1 ], [ "R", 1 ], [ "R", 16 ], [ "R", 1 ], [ "R", 16 ], [ "R", 1 ], [ "R", 1 ], [ "R", 16 ] ]
    } ]
  },
  "ProfessionalRecordController.delete" : {
    "t" : [ {
      "id" : 0,
      "a" : [ [ "R", 8 ], [ "R", 8 ], [ "R", 15 ], [ "R", 15 ], [ "R", 30 ], [ "R", 15 ], [ "R", 15 ], [ "R", 30 ], [ "R", 22 ], [ "R", 15 ], [ "R", 6 ], [ "R", 15 ], [ "R", 6 ], [ "R", 6 ], [ "R", 22 ], [ "R", 8 ], [ "R", 8 ], [ "R", 15 ], [ "R", 15 ], [ "R", 30 ], [ "R", 15 ], [ "R", 15 ], [ "R", 30 ], [ "R", 15 ], [ "R", 6 ], [ "R", 6 ], [ "R", 22 ], [ "R", 22 ], [ "R", 15 ], [ "R", 6 ], [ "R", 22 ], [ "R", 8 ], [ "R", 8 ], [ "R", 15 ], [ "R", 15 ], [ "R", 30 ], [ "R", 15 ], [ "R", 15 ], [ "R", 30 ], [ "R", 15 ], [ "R", 6 ], [ "R", 8 ], [ "R", 8 ], [ "R", 15 ], [ "R", 15 ], [ "R", 30 ], [ "R", 15 ], [ "R", 15 ], [ "R", 30 ], [ "R", 15 ], [ "R", 15 ], [ "R", 30 ], [ "R", 15 ], [ "R", 15 ], [ "R", 30 ], [ "R", 15 ], [ "R", 6 ], [ "R", 6 ], [ "R", 22 ], [ "R", 6 ], [ "R", 22 ], [ "W", 15 ], [ "W", 22 ], [ "W", 15 ], [ "R", 15 ], [ "R", 6 ] ]
    } ]
  },
  "AdministratorController.save" : {
    "t" : [ {
      "id" : 0,
      "a" : [ [ "R", 1 ], [ "R", 1 ], [ "R", 1 ], [ "R", 1 ], [ "R", 1 ], [ "R", 1 ], [ "R", 1 ], [ "R", 1 ], [ "R", 1 ], [ "R", 30 ], [ "R", 30 ], [ "R", 1 ], [ "R", 30 ], [ "R", 30 ], [ "R", 1 ], [ "R", 30 ], [ "R", 30 ], [ "R", 1 ], [ "R", 30 ], [ "R", 30 ], [ "R", 1 ], [ "R", 30 ], [ "R", 30 ], [ "R", 30 ], [ "R", 30 ], [ "R", 30 ], [ "R", 1 ], [ "R", 1 ], [ "W", 1 ], [ "R", 1 ], [ "R", 30 ], [ "R", 30 ], [ "R", 1 ], [ "R", 30 ], [ "W", 30 ], [ "W", 2 ] ]
    } ]
  }
}