{
  "FinderController.save" : {
    "t" : [ {
      "id" : 0,
      "a" : [ [ "W", 8 ], [ "W", 8 ], [ "W", 8 ], [ "W", 8 ], [ "W", 8 ], [ "R", 6 ], [ "R", 6 ], [ "R", 9 ], [ "R", 9 ], [ "R", 9 ], [ "R", 19 ], [ "W", 8 ], [ "W", 9 ], [ "W", 8 ], [ "W", 14 ], [ "R", 8 ], [ "W", 8 ], [ "W", 8 ], [ "W", 8 ], [ "W", 8 ], [ "W", 8 ], [ "R", 14 ], [ "R", 14 ], [ "R", 14 ], [ "R", 14 ], [ "R", 14 ], [ "R", 14 ], [ "R", 14 ], [ "R", 14 ], [ "R", 14 ], [ "R", 14 ], [ "R", 14 ], [ "W", 8 ], [ "W", 8 ], [ "W", 14 ], [ "R", 6 ], [ "R", 6 ], [ "R", 9 ], [ "R", 9 ], [ "R", 9 ], [ "R", 19 ], [ "R", 6 ], [ "R", 8 ], [ "R", 8 ], [ "R", 8 ], [ "R", 9 ], [ "R", 8 ], [ "R", 8 ], [ "R", 8 ], [ "R", 14 ], [ "R", 8 ], [ "R", 14 ] ]
    } ]
  },
  "ApplicationController.hackerList" : {
    "t" : [ {
      "id" : 0,
      "a" : [ [ "R", 6 ], [ "R", 6 ], [ "R", 9 ], [ "R", 9 ], [ "R", 9 ], [ "R", 19 ], [ "R", 6 ], [ "R", 3 ], [ "R", 3 ], [ "R", 3 ], [ "R", 9 ], [ "R", 3 ], [ "R", 3 ] ]
    } ]
  },
  "SocialProfileController.create" : {
    "t" : [ {
      "id" : 0,
      "a" : [ [ "R", 6 ], [ "R", 6 ], [ "R", 1 ], [ "R", 1 ], [ "R", 1 ], [ "R", 19 ] ]
    } ]
  },
  "ApplicationController.accept" : {
    "t" : [ {
      "id" : 0,
      "a" : [ [ "R", 6 ], [ "R", 6 ], [ "R", 4 ], [ "R", 4 ], [ "R", 4 ], [ "R", 19 ], [ "R", 3 ], [ "R", 14 ], [ "R", 14 ], [ "R", 4 ], [ "R", 6 ], [ "R", 6 ], [ "R", 6 ], [ "W", 3 ], [ "R", 6 ], [ "R", 6 ], [ "R", 4 ], [ "R", 4 ], [ "R", 4 ], [ "R", 19 ], [ "R", 3 ], [ "R", 14 ], [ "R", 14 ], [ "R", 4 ], [ "R", 6 ], [ "R", 6 ], [ "R", 6 ] ]
    } ]
  },
  "PositionDataController.save" : {
    "t" : [ {
      "id" : 0,
      "a" : [ [ "R", 5 ], [ "R", 5 ], [ "R", 9 ], [ "R", 19 ], [ "R", 5 ], [ "R", 5 ], [ "R", 5 ], [ "R", 15 ], [ "R", 5 ], [ "R", 9 ], [ "R", 19 ], [ "R", 5 ], [ "R", 15 ], [ "R", 6 ], [ "R", 6 ], [ "R", 15 ], [ "W", 15 ], [ "W", 15 ], [ "W", 15 ], [ "W", 15 ], [ "R", 6 ], [ "R", 6 ], [ "R", 5 ], [ "R", 15 ], [ "W", 5 ], [ "W", 15 ] ]
    } ]
  },
  "ProblemController.save" : {
    "t" : [ {
      "id" : 0,
      "a" : [ [ "R", 6 ], [ "R", 6 ], [ "R", 4 ], [ "R", 4 ], [ "R", 4 ], [ "R", 19 ], [ "W", 16 ], [ "W", 4 ], [ "W", 16 ], [ "W", 16 ], [ "W", 16 ], [ "W", 16 ], [ "W", 16 ], [ "R", 16 ], [ "W", 16 ], [ "W", 16 ], [ "W", 16 ], [ "W", 16 ], [ "W", 16 ], [ "W", 16 ], [ "R", 6 ] ]
    } ]
  },
  "MiscellaneousDataController.save" : {
    "t" : [ {
      "id" : 0,
      "a" : [ [ "R", 5 ], [ "R", 5 ], [ "R", 9 ], [ "R", 19 ], [ "R", 5 ], [ "R", 5 ], [ "R", 5 ], [ "R", 12 ], [ "R", 5 ], [ "R", 9 ], [ "R", 19 ], [ "R", 5 ], [ "R", 12 ], [ "R", 6 ], [ "R", 6 ], [ "R", 12 ], [ "W", 12 ], [ "W", 12 ], [ "R", 6 ], [ "R", 6 ], [ "R", 5 ], [ "R", 12 ], [ "W", 5 ], [ "W", 12 ] ]
    } ]
  },
  "PositionController.finalMode" : {
    "t" : [ {
      "id" : 0,
      "a" : [ [ "R", 14 ], [ "R", 4 ], [ "R", 6 ], [ "R", 6 ], [ "R", 4 ], [ "R", 4 ], [ "R", 4 ], [ "R", 19 ], [ "R", 14 ], [ "R", 16 ], [ "W", 14 ], [ "W", 14 ], [ "R", 6 ], [ "R", 6 ], [ "W", 14 ], [ "R", 6 ], [ "R", 6 ], [ "R", 4 ], [ "R", 4 ], [ "R", 4 ], [ "R", 19 ], [ "R", 4 ], [ "R", 14 ], [ "R", 14 ], [ "R", 14 ], [ "W", 14 ] ]
    } ]
  },
  "MiscellaneousDataController.delete" : {
    "t" : [ {
      "id" : 0,
      "a" : [ [ "R", 5 ], [ "R", 5 ], [ "R", 12 ], [ "R", 5 ], [ "R", 9 ], [ "R", 19 ], [ "R", 5 ], [ "R", 12 ], [ "R", 6 ], [ "R", 6 ], [ "R", 12 ], [ "W", 12 ], [ "W", 12 ], [ "R", 6 ], [ "R", 6 ], [ "R", 5 ], [ "R", 12 ], [ "W", 5 ], [ "W", 12 ] ]
    } ]
  },
  "PositionDataController.delete" : {
    "t" : [ {
      "id" : 0,
      "a" : [ [ "R", 5 ], [ "R", 5 ], [ "R", 15 ], [ "R", 5 ], [ "R", 9 ], [ "R", 19 ], [ "R", 5 ], [ "R", 15 ], [ "R", 6 ], [ "R", 6 ], [ "R", 15 ], [ "W", 15 ], [ "W", 15 ], [ "W", 15 ], [ "W", 15 ], [ "R", 6 ], [ "R", 6 ], [ "R", 5 ], [ "R", 15 ], [ "W", 5 ], [ "W", 15 ] ]
    } ]
  },
  "RegisterController.registerCompanyPost" : {
    "t" : [ {
      "id" : 0,
      "a" : [ [ "R", 19 ], [ "R", 19 ], [ "R", 6 ], [ "R", 6 ], [ "R", 4 ], [ "R", 4 ], [ "R", 4 ], [ "R", 19 ], [ "R", 1 ], [ "R", 19 ], [ "R", 19 ], [ "W", 19 ], [ "W", 19 ], [ "W", 19 ], [ "W", 19 ], [ "W", 4 ], [ "W", 1 ], [ "W", 1 ], [ "W", 1 ], [ "W", 1 ], [ "W", 1 ], [ "W", 1 ], [ "W", 1 ], [ "W", 1 ], [ "W", 1 ], [ "W", 1 ], [ "W", 19 ], [ "W", 1 ], [ "R", 4 ], [ "W", 4 ], [ "W", 1 ], [ "W", 1 ], [ "W", 4 ], [ "W", 1 ], [ "W", 1 ], [ "W", 1 ], [ "W", 1 ], [ "W", 1 ], [ "R", 1 ], [ "R", 19 ], [ "W", 19 ], [ "R", 1 ], [ "R", 19 ], [ "W", 19 ], [ "W", 1 ], [ "W", 4 ], [ "R", 1 ], [ "R", 19 ], [ "R", 1 ], [ "R", 19 ], [ "R", 19 ], [ "W", 19 ], [ "W", 19 ], [ "W", 1 ], [ "W", 19 ], [ "R", 6 ], [ "W", 11 ], [ "W", 11 ], [ "W", 11 ], [ "W", 11 ], [ "W", 11 ], [ "W", 11 ], [ "W", 11 ], [ "W", 11 ], [ "W", 11 ], [ "W", 11 ], [ "W", 11 ], [ "W", 1 ] ]
    } ]
  },
  "ApplicationController.reject" : {
    "t" : [ {
      "id" : 0,
      "a" : [ [ "R", 6 ], [ "R", 6 ], [ "R", 4 ], [ "R", 4 ], [ "R", 4 ], [ "R", 19 ], [ "R", 3 ], [ "R", 14 ], [ "R", 14 ], [ "R", 4 ], [ "R", 6 ], [ "R", 6 ], [ "R", 6 ], [ "W", 3 ], [ "R", 6 ], [ "R", 6 ], [ "R", 4 ], [ "R", 4 ], [ "R", 4 ], [ "R", 19 ], [ "R", 3 ], [ "R", 14 ], [ "R", 14 ], [ "R", 4 ], [ "R", 6 ], [ "R", 6 ], [ "R", 6 ] ]
    } ]
  },
  "EducationDataController.create" : {
    "t" : [ {
      "id" : 0,
      "a" : [ [ "R", 7 ], [ "R", 7 ], [ "R", 7 ], [ "R", 7 ], [ "R", 7 ], [ "R", 6 ] ]
    } ]
  },
  "AdministratorController.dashboard" : {
    "t" : [ {
      "id" : 0,
      "a" : [ [ "R", 4 ], [ "R", 14 ], [ "R", 14 ], [ "R", 4 ], [ "R", 14 ], [ "R", 4 ], [ "R", 4 ], [ "R", 4 ], [ "R", 14 ], [ "R", 14 ], [ "R", 4 ], [ "R", 14 ], [ "R", 4 ], [ "R", 4 ], [ "R", 4 ], [ "R", 14 ], [ "R", 14 ], [ "R", 4 ], [ "R", 14 ], [ "R", 4 ], [ "R", 4 ], [ "R", 4 ], [ "R", 14 ], [ "R", 14 ], [ "R", 4 ], [ "R", 14 ], [ "R", 4 ], [ "R", 4 ], [ "R", 9 ], [ "R", 3 ], [ "R", 3 ], [ "R", 9 ], [ "R", 3 ], [ "R", 9 ], [ "R", 9 ], [ "R", 9 ], [ "R", 3 ], [ "R", 3 ], [ "R", 9 ], [ "R", 3 ], [ "R", 9 ], [ "R", 9 ], [ "R", 9 ], [ "R", 3 ], [ "R", 3 ], [ "R", 9 ], [ "R", 3 ], [ "R", 9 ], [ "R", 9 ], [ "R", 9 ], [ "R", 3 ], [ "R", 3 ], [ "R", 9 ], [ "R", 3 ], [ "R", 9 ], [ "R", 9 ] ]
    } ]
  },
  "ApplicationController.create" : {
    "t" : [ {
      "id" : 0,
      "a" : [ [ "R", 6 ], [ "R", 6 ], [ "R", 9 ], [ "R", 9 ], [ "R", 9 ], [ "R", 19 ], [ "R", 5 ], [ "R", 9 ], [ "R", 6 ], [ "R", 6 ], [ "R", 6 ], [ "W", 5 ], [ "W", 5 ], [ "W", 7 ], [ "R", 6 ], [ "R", 6 ], [ "R", 9 ], [ "R", 9 ], [ "R", 9 ], [ "R", 19 ], [ "W", 5 ], [ "W", 9 ], [ "W", 5 ], [ "W", 12 ], [ "W", 5 ], [ "W", 15 ], [ "R", 5 ], [ "W", 5 ], [ "R", 5 ], [ "R", 9 ], [ "W", 5 ], [ "W", 9 ], [ "R", 5 ], [ "R", 13 ], [ "R", 13 ], [ "W", 13 ], [ "R", 13 ], [ "W", 13 ], [ "R", 13 ], [ "W", 13 ], [ "R", 13 ], [ "W", 13 ], [ "R", 13 ], [ "W", 13 ], [ "W", 5 ], [ "W", 13 ], [ "R", 5 ], [ "R", 15 ], [ "R", 15 ], [ "W", 15 ], [ "R", 15 ], [ "W", 15 ], [ "R", 15 ], [ "W", 15 ], [ "R", 15 ], [ "W", 15 ], [ "W", 5 ], [ "W", 15 ], [ "R", 5 ], [ "R", 7 ], [ "R", 7 ], [ "W", 7 ], [ "R", 7 ], [ "W", 7 ], [ "R", 7 ], [ "W", 7 ], [ "R", 7 ], [ "W", 7 ], [ "R", 7 ], [ "W", 7 ], [ "W", 5 ], [ "W", 7 ], [ "R", 5 ], [ "R", 12 ], [ "R", 12 ], [ "W", 12 ], [ "R", 12 ], [ "W", 12 ], [ "W", 5 ], [ "W", 12 ], [ "W", 5 ], [ "W", 9 ], [ "R", 14 ], [ "R", 16 ], [ "W", 3 ], [ "W", 3 ], [ "W", 5 ], [ "W", 3 ], [ "W", 16 ], [ "W", 3 ], [ "W", 14 ], [ "W", 3 ], [ "W", 9 ], [ "R", 6 ], [ "R", 6 ], [ "R", 6 ], [ "R", 9 ], [ "R", 9 ], [ "R", 9 ], [ "R", 19 ], [ "R", 3 ], [ "R", 9 ], [ "R", 6 ], [ "R", 6 ], [ "R", 6 ] ]
    } ]
  },
  "CurriculumController.show" : {
    "t" : [ {
      "id" : 0,
      "a" : [ [ "R", 5 ], [ "R", 9 ], [ "R", 6 ], [ "R", 6 ], [ "R", 9 ], [ "R", 9 ], [ "R", 9 ], [ "R", 19 ], [ "R", 5 ], [ "R", 13 ], [ "R", 5 ], [ "R", 12 ], [ "R", 5 ], [ "R", 7 ], [ "R", 5 ], [ "R", 15 ], [ "R", 5 ] ]
    } ]
  },
  "ProblemController.list" : {
    "t" : [ {
      "id" : 0,
      "a" : [ [ "R", 14 ], [ "R", 16 ] ]
    } ]
  },
  "ProblemController.saveFinal" : {
    "t" : [ {
      "id" : 0,
      "a" : [ [ "R", 6 ], [ "R", 6 ], [ "R", 4 ], [ "R", 4 ], [ "R", 4 ], [ "R", 19 ], [ "W", 16 ], [ "W", 4 ], [ "W", 16 ], [ "W", 16 ], [ "W", 16 ], [ "W", 16 ], [ "W", 16 ], [ "R", 16 ], [ "W", 16 ], [ "W", 16 ], [ "W", 16 ], [ "W", 16 ], [ "W", 16 ], [ "W", 16 ], [ "R", 6 ] ]
    } ]
  },
  "RegisterController.registerAdministratorPost" : {
    "t" : [ {
      "id" : 0,
      "a" : [ [ "R", 19 ], [ "R", 19 ], [ "R", 6 ], [ "R", 6 ], [ "R", 2 ], [ "R", 2 ], [ "R", 2 ], [ "R", 19 ], [ "R", 1 ], [ "R", 19 ], [ "R", 19 ], [ "W", 19 ], [ "W", 19 ], [ "W", 19 ], [ "W", 19 ], [ "W", 1 ], [ "W", 19 ], [ "W", 1 ], [ "W", 1 ], [ "W", 1 ], [ "W", 1 ], [ "W", 1 ], [ "W", 1 ], [ "W", 1 ], [ "W", 1 ], [ "W", 1 ], [ "W", 1 ], [ "R", 2 ], [ "W", 1 ], [ "W", 1 ], [ "W", 1 ], [ "W", 1 ], [ "W", 1 ], [ "W", 1 ], [ "W", 1 ], [ "W", 1 ], [ "R", 1 ], [ "R", 19 ], [ "W", 19 ], [ "R", 1 ], [ "R", 19 ], [ "W", 19 ], [ "W", 1 ], [ "W", 2 ], [ "R", 1 ], [ "R", 19 ], [ "R", 1 ], [ "R", 19 ], [ "R", 19 ], [ "W", 19 ], [ "W", 19 ], [ "W", 1 ], [ "W", 19 ], [ "R", 6 ], [ "W", 11 ], [ "W", 11 ], [ "W", 11 ], [ "W", 11 ], [ "W", 11 ], [ "W", 11 ], [ "W", 11 ], [ "W", 11 ], [ "W", 11 ], [ "W", 11 ], [ "W", 11 ], [ "W", 1 ] ]
    } ]
  },
  "EducationDataController.save" : {
    "t" : [ {
      "id" : 0,
      "a" : [ [ "R", 5 ], [ "R", 5 ], [ "R", 9 ], [ "R", 19 ], [ "R", 5 ], [ "R", 5 ], [ "R", 5 ], [ "R", 7 ], [ "R", 5 ], [ "R", 9 ], [ "R", 19 ], [ "R", 5 ], [ "R", 7 ], [ "R", 6 ], [ "R", 6 ], [ "R", 7 ], [ "W", 7 ], [ "W", 7 ], [ "W", 7 ], [ "W", 7 ], [ "W", 7 ], [ "R", 6 ], [ "R", 6 ], [ "R", 5 ], [ "R", 7 ], [ "W", 5 ], [ "W", 7 ] ]
    } ]
  },
  "PositionController.create" : {
    "t" : [ {
      "id" : 0,
      "a" : [ [ "R", 6 ], [ "R", 6 ], [ "R", 4 ], [ "R", 4 ], [ "R", 4 ], [ "R", 19 ], [ "R", 6 ], [ "R", 16 ], [ "R", 16 ], [ "R", 16 ], [ "R", 4 ], [ "R", 16 ] ]
    } ]
  },
  "EducationDataController.delete" : {
    "t" : [ {
      "id" : 0,
      "a" : [ [ "R", 5 ], [ "R", 5 ], [ "R", 7 ], [ "R", 5 ], [ "R", 9 ], [ "R", 19 ], [ "R", 5 ], [ "R", 7 ], [ "R", 6 ], [ "R", 6 ], [ "R", 7 ], [ "W", 7 ], [ "W", 7 ], [ "W", 7 ], [ "W", 7 ], [ "W", 7 ], [ "R", 6 ], [ "R", 6 ], [ "R", 5 ], [ "R", 7 ], [ "W", 5 ], [ "W", 7 ] ]
    } ]
  },
  "MiscellaneousDataController.create" : {
    "t" : [ {
      "id" : 0,
      "a" : [ [ "R", 12 ], [ "R", 12 ], [ "R", 6 ] ]
    } ]
  },
  "SocialProfileController.show" : {
    "t" : [ {
      "id" : 0,
      "a" : [ [ "R", 6 ], [ "R", 6 ], [ "R", 1 ], [ "R", 1 ], [ "R", 1 ], [ "R", 19 ], [ "R", 17 ], [ "R", 1 ], [ "R", 6 ], [ "R", 6 ], [ "R", 6 ] ]
    } ]
  },
  "PersonalDataController.save" : {
    "t" : [ {
      "id" : 0,
      "a" : [ [ "R", 6 ], [ "R", 6 ], [ "R", 9 ], [ "R", 9 ], [ "R", 9 ], [ "R", 19 ], [ "W", 5 ], [ "W", 5 ], [ "W", 7 ], [ "R", 6 ], [ "R", 6 ], [ "R", 9 ], [ "R", 9 ], [ "R", 9 ], [ "R", 19 ], [ "W", 5 ], [ "W", 9 ], [ "W", 5 ], [ "W", 12 ], [ "W", 5 ], [ "W", 15 ], [ "R", 5 ], [ "R", 5 ], [ "R", 13 ], [ "R", 5 ], [ "R", 5 ], [ "R", 13 ], [ "R", 13 ], [ "W", 13 ], [ "W", 13 ], [ "W", 13 ], [ "W", 13 ], [ "W", 13 ], [ "W", 5 ], [ "W", 13 ], [ "W", 5 ], [ "W", 9 ], [ "W", 5 ], [ "W", 13 ], [ "R", 5 ], [ "R", 7 ], [ "R", 5 ], [ "R", 12 ], [ "R", 5 ], [ "R", 15 ], [ "W", 5 ] ]
    } ]
  },
  "CurriculumController.list" : {
    "t" : [ {
      "id" : 0,
      "a" : [ [ "R", 6 ], [ "R", 6 ], [ "R", 9 ], [ "R", 9 ], [ "R", 9 ], [ "R", 19 ], [ "R", 6 ], [ "R", 5 ], [ "R", 5 ], [ "R", 9 ], [ "R", 5 ], [ "R", 5 ], [ "R", 9 ] ]
    } ]
  },
  "PositionDataController.create" : {
    "t" : [ {
      "id" : 0,
      "a" : [ [ "R", 15 ], [ "R", 15 ], [ "R", 15 ], [ "R", 15 ], [ "R", 6 ] ]
    } ]
  },
  "ApplicationController.submit" : {
    "t" : [ {
      "id" : 0,
      "a" : [ [ "R", 6 ], [ "R", 6 ], [ "R", 9 ], [ "R", 9 ], [ "R", 9 ], [ "R", 19 ], [ "R", 3 ], [ "R", 9 ], [ "R", 6 ], [ "R", 6 ], [ "R", 6 ], [ "R", 3 ], [ "R", 3 ], [ "R", 6 ], [ "R", 3 ], [ "R", 3 ] ]
    } ]
  },
  "PersonalDataController.edit" : {
    "t" : [ {
      "id" : 0,
      "a" : [ [ "R", 6 ], [ "R", 6 ], [ "R", 9 ], [ "R", 9 ], [ "R", 9 ], [ "R", 19 ], [ "R", 6 ], [ "R", 5 ], [ "R", 5 ], [ "R", 9 ], [ "R", 5 ], [ "R", 5 ], [ "R", 9 ], [ "R", 5 ], [ "R", 13 ], [ "R", 6 ], [ "R", 6 ], [ "R", 5 ], [ "R", 5 ], [ "R", 13 ], [ "R", 5 ], [ "R", 5 ], [ "R", 13 ], [ "R", 5 ], [ "R", 13 ], [ "R", 13 ], [ "R", 13 ], [ "R", 6 ], [ "R", 13 ], [ "R", 13 ] ]
    } ]
  },
  "PositionController.publicShow" : {
    "t" : [ {
      "id" : 0,
      "a" : [ [ "R", 6 ], [ "R", 14 ], [ "R", 14 ], [ "R", 14 ], [ "R", 4 ], [ "R", 14 ] ]
    } ]
  },
  "SocialProfileController.delete" : {
    "t" : [ {
      "id" : 0,
      "a" : [ [ "R", 6 ], [ "R", 6 ], [ "R", 1 ], [ "R", 1 ], [ "R", 1 ], [ "R", 19 ], [ "R", 17 ], [ "R", 1 ], [ "R", 6 ], [ "R", 6 ], [ "R", 6 ], [ "R", 6 ], [ "R", 6 ], [ "R", 1 ], [ "R", 1 ], [ "R", 1 ], [ "R", 19 ], [ "R", 6 ], [ "R", 17 ], [ "R", 17 ], [ "R", 17 ], [ "R", 1 ] ]
    } ]
  },
  "PositionController.list" : {
    "t" : [ {
      "id" : 0,
      "a" : [ [ "R", 6 ], [ "R", 6 ], [ "R", 4 ], [ "R", 4 ], [ "R", 4 ], [ "R", 19 ], [ "R", 6 ], [ "R", 14 ], [ "R", 14 ], [ "R", 14 ], [ "R", 4 ] ]
    } ]
  },
  "ApplicationController.companyList" : {
    "t" : [ {
      "id" : 0,
      "a" : [ [ "R", 6 ], [ "R", 6 ], [ "R", 4 ], [ "R", 4 ], [ "R", 4 ], [ "R", 19 ], [ "R", 6 ], [ "R", 3 ], [ "R", 3 ], [ "R", 3 ], [ "R", 14 ], [ "R", 3 ], [ "R", 3 ] ]
    } ]
  },
  "MiscellaneousDataController.edit" : {
    "t" : [ {
      "id" : 0,
      "a" : [ [ "R", 12 ], [ "R", 12 ], [ "R", 6 ], [ "R", 5 ], [ "R", 5 ], [ "R", 12 ], [ "R", 5 ], [ "R", 9 ], [ "R", 19 ], [ "R", 5 ], [ "R", 12 ], [ "R", 5 ], [ "R", 5 ], [ "R", 12 ], [ "R", 5 ], [ "R", 5 ], [ "R", 12 ], [ "R", 6 ], [ "R", 6 ] ]
    } ]
  },
  "ApplicationController.hackerShow" : {
    "t" : [ {
      "id" : 0,
      "a" : [ [ "R", 6 ], [ "R", 6 ], [ "R", 9 ], [ "R", 9 ], [ "R", 9 ], [ "R", 19 ], [ "R", 3 ], [ "R", 9 ], [ "R", 6 ], [ "R", 6 ], [ "R", 6 ] ]
    } ]
  },
  "SocialProfileController.list" : {
    "t" : [ {
      "id" : 0,
      "a" : [ [ "R", 6 ], [ "R", 6 ], [ "R", 1 ], [ "R", 1 ], [ "R", 1 ], [ "R", 19 ], [ "R", 6 ], [ "R", 17 ], [ "R", 17 ], [ "R", 17 ], [ "R", 1 ] ]
    } ]
  },
  "FinderController.list" : {
    "t" : [ {
      "id" : 0,
      "a" : [ [ "R", 6 ], [ "R", 6 ], [ "R", 9 ], [ "R", 9 ], [ "R", 9 ], [ "R", 19 ], [ "R", 6 ], [ "R", 8 ], [ "R", 8 ], [ "R", 8 ], [ "R", 9 ], [ "R", 8 ], [ "R", 8 ], [ "R", 8 ], [ "R", 14 ], [ "R", 8 ], [ "R", 14 ] ]
    } ]
  },
  "RegisterController.editH" : {
    "t" : [ {
      "id" : 0,
      "a" : [ [ "R", 6 ], [ "R", 6 ], [ "R", 9 ], [ "R", 9 ], [ "R", 9 ], [ "R", 19 ], [ "R", 6 ], [ "R", 1 ], [ "R", 1 ], [ "R", 1 ], [ "R", 1 ], [ "R", 1 ], [ "R", 1 ], [ "R", 1 ], [ "R", 1 ], [ "R", 19 ], [ "R", 19 ], [ "R", 1 ], [ "R", 1 ], [ "R", 1 ], [ "R", 1 ], [ "R", 1 ], [ "R", 1 ] ]
    } ]
  },
  "ProblemController.edit" : {
    "t" : [ {
      "id" : 0,
      "a" : [ [ "R", 16 ] ]
    } ]
  },
  "RegisterController.editA" : {
    "t" : [ {
      "id" : 0,
      "a" : [ [ "R", 6 ], [ "R", 6 ], [ "R", 2 ], [ "R", 2 ], [ "R", 2 ], [ "R", 19 ], [ "R", 6 ], [ "R", 1 ], [ "R", 1 ], [ "R", 1 ], [ "R", 1 ], [ "R", 1 ], [ "R", 1 ], [ "R", 1 ], [ "R", 1 ], [ "R", 19 ], [ "R", 19 ], [ "R", 1 ], [ "R", 19 ], [ "R", 19 ], [ "R", 1 ], [ "R", 1 ], [ "R", 1 ], [ "R", 1 ], [ "R", 1 ], [ "R", 1 ] ]
    } ]
  },
  "PositionController.edit" : {
    "t" : [ {
      "id" : 0,
      "a" : [ [ "R", 6 ], [ "R", 6 ], [ "R", 4 ], [ "R", 4 ], [ "R", 4 ], [ "R", 19 ], [ "R", 14 ], [ "R", 4 ], [ "R", 6 ], [ "R", 6 ], [ "R", 4 ], [ "R", 4 ], [ "R", 4 ], [ "R", 19 ], [ "R", 14 ], [ "R", 6 ], [ "R", 14 ], [ "R", 14 ], [ "R", 14 ], [ "R", 14 ], [ "R", 14 ], [ "R", 14 ], [ "R", 14 ], [ "R", 14 ], [ "R", 16 ], [ "R", 6 ], [ "R", 6 ], [ "R", 4 ], [ "R", 4 ], [ "R", 4 ], [ "R", 19 ], [ "R", 6 ], [ "R", 16 ], [ "R", 16 ], [ "R", 16 ], [ "R", 4 ], [ "R", 16 ] ]
    } ]
  },
  "RegisterController.editC" : {
    "t" : [ {
      "id" : 0,
      "a" : [ [ "R", 6 ], [ "R", 6 ], [ "R", 4 ], [ "R", 4 ], [ "R", 4 ], [ "R", 19 ], [ "R", 6 ], [ "R", 4 ], [ "R", 1 ], [ "R", 4 ], [ "R", 1 ], [ "R", 1 ], [ "R", 1 ], [ "R", 1 ], [ "R", 1 ], [ "R", 1 ], [ "R", 1 ], [ "R", 19 ], [ "R", 19 ], [ "R", 1 ], [ "R", 19 ], [ "R", 19 ], [ "R", 1 ], [ "R", 1 ], [ "R", 1 ], [ "R", 1 ], [ "R", 1 ], [ "R", 1 ] ]
    } ]
  },
  "ProblemController.delete" : {
    "t" : [ {
      "id" : 0,
      "a" : [ [ "R", 6 ], [ "R", 6 ], [ "R", 4 ], [ "R", 4 ], [ "R", 4 ], [ "R", 19 ], [ "W", 16 ], [ "W", 4 ], [ "W", 16 ], [ "W", 16 ], [ "W", 16 ], [ "W", 16 ], [ "W", 16 ], [ "R", 16 ], [ "W", 16 ], [ "W", 16 ], [ "W", 16 ], [ "W", 16 ], [ "W", 16 ], [ "R", 16 ], [ "R", 6 ], [ "R", 14 ], [ "R", 14 ], [ "R", 16 ], [ "R", 14 ], [ "R", 14 ], [ "R", 16 ], [ "R", 14 ], [ "R", 16 ], [ "R", 6 ], [ "R", 6 ], [ "W", 14 ], [ "R", 6 ], [ "R", 6 ], [ "R", 4 ], [ "R", 4 ], [ "R", 4 ], [ "R", 19 ], [ "R", 4 ], [ "R", 14 ], [ "R", 14 ], [ "R", 14 ], [ "W", 14 ], [ "R", 6 ] ]
    } ]
  },
  "PositionController.cancelStatus" : {
    "t" : [ {
      "id" : 0,
      "a" : [ [ "R", 14 ], [ "R", 14 ], [ "R", 4 ], [ "R", 6 ], [ "R", 6 ], [ "R", 4 ], [ "R", 4 ], [ "R", 4 ], [ "R", 19 ], [ "W", 14 ], [ "R", 6 ], [ "R", 6 ], [ "W", 14 ], [ "R", 6 ], [ "R", 6 ], [ "R", 4 ], [ "R", 4 ], [ "R", 4 ], [ "R", 19 ], [ "R", 4 ], [ "R", 14 ], [ "R", 14 ], [ "R", 14 ], [ "W", 14 ] ]
    } ]
  },
  "PositionDataController.edit" : {
    "t" : [ {
      "id" : 0,
      "a" : [ [ "R", 15 ], [ "R", 15 ], [ "R", 15 ], [ "R", 15 ], [ "R", 6 ], [ "R", 5 ], [ "R", 5 ], [ "R", 15 ], [ "R", 5 ], [ "R", 9 ], [ "R", 19 ], [ "R", 5 ], [ "R", 15 ], [ "R", 5 ], [ "R", 5 ], [ "R", 15 ], [ "R", 5 ], [ "R", 5 ], [ "R", 15 ], [ "R", 6 ], [ "R", 6 ] ]
    } ]
  },
  "FinderController.delete" : {
    "t" : [ {
      "id" : 0,
      "a" : [ [ "R", 6 ], [ "R", 6 ], [ "R", 9 ], [ "R", 9 ], [ "R", 9 ], [ "R", 19 ], [ "R", 6 ], [ "R", 8 ], [ "R", 8 ], [ "R", 8 ], [ "R", 9 ], [ "R", 8 ], [ "R", 8 ], [ "R", 8 ], [ "R", 14 ], [ "R", 8 ], [ "R", 14 ] ]
    } ]
  },
  "SocialProfileController.edit" : {
    "t" : [ {
      "id" : 0,
      "a" : [ [ "R", 6 ], [ "R", 6 ], [ "R", 1 ], [ "R", 1 ], [ "R", 1 ], [ "R", 19 ], [ "R", 17 ], [ "R", 1 ], [ "R", 6 ], [ "R", 6 ], [ "R", 6 ], [ "R", 6 ], [ "R", 17 ], [ "R", 17 ], [ "R", 17 ] ]
    } ]
  },
  "ApplicationController.companyShow" : {
    "t" : [ {
      "id" : 0,
      "a" : [ [ "R", 6 ], [ "R", 6 ], [ "R", 4 ], [ "R", 4 ], [ "R", 4 ], [ "R", 19 ], [ "R", 3 ], [ "R", 14 ], [ "R", 14 ], [ "R", 4 ], [ "R", 6 ], [ "R", 6 ], [ "R", 6 ] ]
    } ]
  },
  "AdministratorController.systemConfiguration" : {
    "t" : [ {
      "id" : 0,
      "a" : [ [ "R", 18 ], [ "W", 18 ], [ "W", 18 ], [ "W", 18 ], [ "W", 18 ], [ "W", 18 ], [ "W", 18 ], [ "W", 18 ], [ "W", 18 ], [ "R", 6 ], [ "R", 18 ], [ "R", 6 ], [ "W", 18 ] ]
    } ]
  },
  "PositionController.show" : {
    "t" : [ {
      "id" : 0,
      "a" : [ [ "R", 6 ], [ "R", 6 ], [ "R", 4 ], [ "R", 4 ], [ "R", 4 ], [ "R", 19 ], [ "R", 14 ], [ "R", 4 ], [ "R", 14 ], [ "R", 14 ], [ "R", 16 ] ]
    } ]
  },
  "RegisterController.registerHackerPost" : {
    "t" : [ {
      "id" : 0,
      "a" : [ [ "R", 19 ], [ "R", 19 ], [ "R", 6 ], [ "R", 6 ], [ "R", 9 ], [ "R", 9 ], [ "R", 9 ], [ "R", 19 ], [ "R", 1 ], [ "R", 19 ], [ "R", 19 ], [ "W", 19 ], [ "W", 19 ], [ "W", 19 ], [ "W", 19 ], [ "W", 1 ], [ "W", 1 ], [ "W", 1 ], [ "W", 1 ], [ "W", 1 ], [ "W", 1 ], [ "W", 1 ], [ "W", 1 ], [ "W", 1 ], [ "W", 1 ], [ "W", 19 ], [ "W", 1 ], [ "R", 9 ], [ "W", 1 ], [ "W", 1 ], [ "W", 1 ], [ "W", 1 ], [ "W", 1 ], [ "W", 1 ], [ "W", 1 ], [ "R", 1 ], [ "R", 19 ], [ "W", 19 ], [ "R", 1 ], [ "R", 19 ], [ "W", 19 ], [ "W", 1 ], [ "R", 1 ], [ "R", 19 ], [ "R", 1 ], [ "R", 19 ], [ "R", 19 ], [ "W", 19 ], [ "W", 19 ], [ "W", 1 ], [ "W", 19 ], [ "R", 6 ], [ "W", 11 ], [ "W", 11 ], [ "W", 11 ], [ "W", 11 ], [ "W", 11 ], [ "W", 11 ], [ "W", 11 ], [ "W", 11 ], [ "W", 11 ], [ "W", 11 ], [ "W", 11 ], [ "W", 1 ] ]
    } ]
  },
  "EducationDataController.edit" : {
    "t" : [ {
      "id" : 0,
      "a" : [ [ "R", 7 ], [ "R", 7 ], [ "R", 7 ], [ "R", 7 ], [ "R", 7 ], [ "R", 6 ], [ "R", 5 ], [ "R", 5 ], [ "R", 7 ], [ "R", 5 ], [ "R", 9 ], [ "R", 19 ], [ "R", 5 ], [ "R", 7 ], [ "R", 5 ], [ "R", 5 ], [ "R", 7 ], [ "R", 5 ], [ "R", 5 ], [ "R", 7 ], [ "R", 6 ], [ "R", 6 ] ]
    } ]
  }
}