{
  "PatronageUserController.save" : {
    "t" : [ {
      "id" : 0,
      "a" : [ [ "R", 14 ], [ "W", 14 ], [ "W", 14 ], [ "W", 11 ], [ "W", 14 ], [ "W", 15 ], [ "R", 14 ], [ "R", 11 ], [ "R", 11 ], [ "R", 19 ], [ "R", 19 ], [ "R", 19 ], [ "R", 20 ], [ "R", 14 ], [ "R", 15 ], [ "R", 15 ], [ "R", 14 ], [ "R", 14 ], [ "R", 1 ], [ "R", 20 ], [ "R", 20 ], [ "W", 14 ], [ "R", 11 ], [ "W", 14 ], [ "W", 14 ], [ "R", 15 ], [ "W", 14 ], [ "W", 15 ], [ "R", 11 ], [ "R", 11 ], [ "R", 19 ], [ "R", 19 ], [ "R", 19 ], [ "R", 20 ], [ "W", 14 ], [ "W", 19 ], [ "R", 15 ], [ "R", 15 ], [ "R", 15 ], [ "R", 19 ], [ "R", 15 ], [ "W", 11 ], [ "W", 14 ], [ "W", 14 ], [ "R", 11 ], [ "R", 15 ], [ "W", 14 ], [ "W", 15 ], [ "R", 14 ], [ "R", 14 ], [ "R", 15 ], [ "R", 14 ], [ "R", 15 ], [ "R", 15 ], [ "R", 14 ], [ "R", 14 ], [ "R", 15 ], [ "R", 15 ], [ "R", 14 ], [ "R", 11 ], [ "R", 11 ], [ "R", 19 ], [ "R", 19 ], [ "R", 19 ], [ "R", 20 ], [ "R", 15 ], [ "R", 19 ], [ "R", 1 ], [ "R", 20 ], [ "R", 20 ], [ "R", 11 ], [ "R", 14 ], [ "R", 14 ], [ "R", 14 ], [ "R", 15 ], [ "R", 14 ], [ "R", 14 ], [ "R", 15 ], [ "W", 14 ] ]
    } ]
  },
  "CorporationCorporationController.edit" : {
    "t" : [ {
      "id" : 0,
      "a" : [ [ "R", 11 ], [ "R", 11 ], [ "R", 1 ], [ "R", 1 ], [ "R", 1 ], [ "R", 20 ], [ "R", 11 ], [ "R", 1 ], [ "R", 1 ], [ "R", 1 ], [ "R", 1 ], [ "R", 1 ], [ "R", 20 ], [ "R", 20 ] ]
    } ]
  },
  "AnnouncementUserController.stream" : {
    "t" : [ {
      "id" : 0,
      "a" : [ [ "R", 11 ], [ "R", 11 ], [ "R", 19 ], [ "R", 19 ], [ "R", 19 ], [ "R", 20 ], [ "R", 11 ], [ "R", 14 ], [ "R", 14 ], [ "R", 15 ], [ "R", 3 ], [ "R", 14 ], [ "R", 15 ], [ "R", 3 ], [ "R", 14 ], [ "R", 19 ], [ "R", 14 ], [ "R", 15 ], [ "R", 3 ] ]
    } ]
  },
  "AwardCommentController.list" : {
    "t" : [ {
      "id" : 0,
      "a" : [ [ "R", 5 ], [ "R", 5 ], [ "R", 5 ], [ "R", 6 ], [ "R", 5 ], [ "R", 15 ], [ "R", 15 ], [ "R", 15 ], [ "R", 15 ], [ "R", 15 ] ]
    } ]
  },
  "UserController.save" : {
    "t" : [ {
      "id" : 0,
      "a" : [ [ "R", 11 ], [ "R", 11 ], [ "R", 1 ], [ "R", 1 ], [ "R", 1 ], [ "R", 20 ], [ "R", 11 ], [ "R", 1 ], [ "R", 20 ], [ "W", 20 ], [ "R", 11 ], [ "R", 11 ], [ "R", 2 ], [ "R", 2 ], [ "R", 2 ], [ "R", 20 ], [ "W", 1 ], [ "W", 1 ], [ "W", 1 ], [ "W", 1 ], [ "W", 1 ], [ "W", 20 ], [ "R", 11 ], [ "R", 11 ], [ "R", 2 ], [ "R", 2 ], [ "R", 2 ], [ "R", 20 ], [ "R", 11 ], [ "R", 11 ], [ "R", 1 ], [ "R", 20 ], [ "R", 20 ], [ "R", 1 ], [ "R", 20 ], [ "R", 20 ], [ "W", 20 ], [ "W", 1 ], [ "W", 20 ], [ "W", 2 ], [ "R", 11 ], [ "R", 11 ], [ "R", 1 ], [ "R", 1 ], [ "R", 1 ], [ "R", 20 ], [ "R", 11 ], [ "R", 1 ], [ "R", 20 ], [ "W", 20 ], [ "R", 11 ], [ "R", 11 ], [ "R", 19 ], [ "R", 19 ], [ "R", 19 ], [ "R", 20 ], [ "W", 1 ], [ "W", 1 ], [ "W", 1 ], [ "W", 1 ], [ "W", 1 ], [ "W", 20 ], [ "R", 11 ], [ "R", 11 ], [ "R", 19 ], [ "R", 19 ], [ "R", 19 ], [ "R", 20 ], [ "R", 11 ], [ "R", 11 ], [ "R", 1 ], [ "R", 20 ], [ "R", 20 ], [ "R", 1 ], [ "R", 20 ], [ "R", 20 ], [ "W", 20 ], [ "W", 1 ], [ "W", 20 ], [ "W", 19 ], [ "R", 11 ], [ "R", 11 ], [ "R", 1 ], [ "R", 1 ], [ "R", 1 ], [ "R", 20 ], [ "R", 11 ], [ "R", 1 ], [ "R", 20 ], [ "W", 20 ], [ "R", 11 ], [ "R", 11 ], [ "R", 13 ], [ "R", 13 ], [ "R", 13 ], [ "R", 20 ], [ "W", 1 ], [ "W", 1 ], [ "W", 1 ], [ "W", 1 ], [ "W", 1 ], [ "W", 20 ], [ "R", 11 ], [ "R", 11 ], [ "R", 13 ], [ "R", 13 ], [ "R", 13 ], [ "R", 20 ], [ "R", 11 ], [ "R", 11 ], [ "R", 1 ], [ "R", 20 ], [ "R", 20 ], [ "R", 1 ], [ "R", 20 ], [ "R", 20 ], [ "W", 20 ], [ "W", 1 ], [ "W", 20 ], [ "W", 13 ], [ "R", 11 ], [ "R", 11 ], [ "R", 1 ], [ "R", 1 ], [ "R", 1 ], [ "R", 20 ], [ "R", 11 ], [ "R", 1 ], [ "R", 20 ], [ "W", 20 ], [ "R", 11 ], [ "R", 11 ], [ "R", 10 ], [ "R", 10 ], [ "R", 10 ], [ "R", 20 ], [ "W", 1 ], [ "W", 1 ], [ "W", 1 ], [ "W", 1 ], [ "W", 1 ], [ "W", 20 ], [ "R", 11 ], [ "R", 11 ], [ "R", 10 ], [ "R", 10 ], [ "R", 10 ], [ "R", 20 ], [ "R", 11 ], [ "R", 11 ], [ "R", 1 ], [ "R", 20 ], [ "R", 20 ], [ "R", 1 ], [ "R", 20 ], [ "R", 20 ], [ "W", 20 ], [ "W", 1 ], [ "W", 20 ], [ "W", 10 ], [ "R", 11 ], [ "R", 11 ], [ "R", 2 ], [ "R", 2 ], [ "R", 2 ], [ "R", 20 ], [ "R", 1 ], [ "R", 20 ], [ "R", 20 ], [ "W", 20 ], [ "W", 20 ], [ "W", 20 ], [ "W", 20 ], [ "W", 20 ], [ "R", 20 ], [ "W", 20 ], [ "W", 20 ], [ "W", 20 ], [ "W", 1 ], [ "W", 20 ], [ "W", 1 ], [ "W", 1 ], [ "W", 1 ], [ "W", 1 ], [ "W", 1 ], [ "W", 20 ], [ "R", 11 ], [ "R", 11 ], [ "R", 2 ], [ "R", 2 ], [ "R", 2 ], [ "R", 20 ], [ "R", 1 ], [ "R", 20 ], [ "R", 20 ], [ "R", 1 ], [ "R", 20 ], [ "R", 20 ], [ "R", 20 ], [ "R", 20 ], [ "R", 20 ], [ "W", 2 ], [ "R", 11 ], [ "R", 11 ], [ "R", 1 ], [ "R", 1 ], [ "R", 1 ], [ "R", 20 ], [ "W", 20 ], [ "W", 20 ], [ "W", 20 ], [ "W", 20 ], [ "W", 20 ], [ "R", 20 ], [ "W", 20 ], [ "W", 19 ], [ "W", 3 ], [ "W", 19 ], [ "W", 8 ], [ "W", 19 ], [ "W", 14 ], [ "W", 19 ], [ "W", 15 ], [ "W", 19 ], [ "W", 17 ], [ "W", 20 ], [ "W", 20 ], [ "W", 1 ], [ "W", 20 ], [ "W", 1 ], [ "W", 1 ], [ "W", 1 ], [ "W", 1 ], [ "W", 1 ], [ "W", 20 ], [ "R", 11 ], [ "R", 11 ], [ "R", 1 ], [ "R", 1 ], [ "R", 1 ], [ "R", 20 ], [ "R", 1 ], [ "R", 20 ], [ "R", 20 ], [ "R", 1 ], [ "R", 20 ], [ "R", 20 ], [ "R", 20 ], [ "R", 20 ], [ "R", 20 ], [ "W", 19 ], [ "R", 11 ], [ "R", 11 ], [ "R", 2 ], [ "R", 2 ], [ "R", 2 ], [ "R", 20 ], [ "R", 1 ], [ "R", 20 ], [ "R", 20 ], [ "W", 20 ], [ "W", 20 ], [ "W", 20 ], [ "W", 20 ], [ "W", 20 ], [ "R", 20 ], [ "W", 20 ], [ "W", 20 ], [ "W", 20 ], [ "W", 1 ], [ "W", 20 ], [ "W", 1 ], [ "W", 1 ], [ "W", 1 ], [ "W", 1 ], [ "W", 1 ], [ "W", 20 ], [ "R", 11 ], [ "R", 11 ], [ "R", 2 ], [ "R", 2 ], [ "R", 2 ], [ "R", 20 ], [ "R", 1 ], [ "R", 20 ], [ "R", 20 ], [ "R", 1 ], [ "R", 20 ], [ "R", 20 ], [ "R", 20 ], [ "R", 20 ], [ "R", 20 ], [ "W", 13 ], [ "R", 11 ], [ "R", 11 ], [ "R", 1 ], [ "R", 1 ], [ "R", 1 ], [ "R", 20 ], [ "W", 20 ], [ "W", 20 ], [ "W", 20 ], [ "W", 20 ], [ "W", 20 ], [ "R", 20 ], [ "W", 20 ], [ "W", 10 ], [ "W", 18 ], [ "W", 20 ], [ "W", 20 ], [ "W", 1 ], [ "W", 20 ], [ "W", 1 ], [ "W", 1 ], [ "W", 1 ], [ "W", 1 ], [ "W", 1 ], [ "W", 20 ], [ "R", 11 ], [ "R", 11 ], [ "R", 1 ], [ "R", 1 ], [ "R", 1 ], [ "R", 20 ], [ "R", 1 ], [ "R", 20 ], [ "R", 20 ], [ "R", 1 ], [ "R", 20 ], [ "R", 20 ], [ "R", 20 ], [ "R", 20 ], [ "R", 20 ], [ "W", 10 ] ]
    } ]
  },
  "SponsorshipCorporationController.delete" : {
    "t" : [ {
      "id" : 0,
      "a" : [ [ "R", 18 ], [ "R", 11 ], [ "R", 18 ], [ "R", 18 ], [ "R", 10 ], [ "R", 11 ], [ "R", 11 ], [ "R", 11 ], [ "R", 10 ], [ "R", 10 ], [ "R", 10 ], [ "R", 20 ], [ "R", 1 ], [ "R", 20 ], [ "R", 20 ], [ "R", 11 ], [ "W", 18 ], [ "R", 11 ], [ "R", 11 ], [ "R", 10 ], [ "R", 10 ], [ "R", 10 ], [ "R", 20 ], [ "R", 10 ], [ "R", 18 ] ]
    } ]
  },
  "AwardController.list" : {
    "t" : [ {
      "id" : 0,
      "a" : [ [ "R", 15 ], [ "R", 11 ], [ "R", 11 ], [ "R", 1 ], [ "R", 1 ], [ "R", 1 ], [ "R", 20 ], [ "R", 11 ], [ "R", 11 ], [ "R", 1 ], [ "R", 1 ], [ "R", 1 ], [ "R", 20 ], [ "R", 1 ], [ "R", 20 ], [ "R", 20 ], [ "R", 11 ], [ "R", 11 ], [ "R", 19 ], [ "R", 19 ], [ "R", 19 ], [ "R", 20 ], [ "R", 15 ], [ "R", 19 ], [ "R", 11 ], [ "R", 11 ], [ "R", 11 ], [ "R", 15 ], [ "R", 15 ], [ "R", 5 ], [ "R", 15 ], [ "R", 5 ], [ "R", 15 ], [ "R", 15 ], [ "R", 1 ], [ "R", 20 ], [ "R", 20 ], [ "R", 15 ], [ "R", 5 ], [ "R", 15 ], [ "R", 15 ], [ "R", 15 ], [ "R", 5 ], [ "R", 15 ], [ "R", 15 ], [ "R", 15 ], [ "R", 5 ] ]
    } ]
  },
  "ReportUserController.createReport" : {
    "t" : [ {
      "id" : 0,
      "a" : [ [ "R", 15 ], [ "R", 15 ], [ "R", 15 ], [ "R", 15 ], [ "R", 15 ], [ "R", 11 ], [ "R", 17 ], [ "R", 15 ], [ "R", 17 ], [ "R", 15 ], [ "R", 15 ], [ "R", 17 ], [ "R", 15 ], [ "R", 15 ], [ "R", 17 ], [ "R", 15 ], [ "R", 15 ], [ "W", 17 ], [ "R", 11 ], [ "R", 11 ], [ "R", 19 ], [ "R", 19 ], [ "R", 19 ], [ "R", 20 ], [ "R", 1 ], [ "R", 20 ], [ "R", 20 ], [ "W", 17 ], [ "W", 19 ], [ "W", 17 ], [ "W", 17 ], [ "R", 15 ], [ "R", 15 ], [ "R", 15 ], [ "R", 15 ], [ "R", 15 ] ]
    } ]
  },
  "CorporationController.save" : {
    "t" : [ {
      "id" : 0,
      "a" : [ [ "R", 11 ], [ "R", 11 ], [ "R", 1 ], [ "R", 1 ], [ "R", 1 ], [ "R", 20 ], [ "R", 11 ], [ "R", 1 ], [ "R", 20 ], [ "W", 20 ], [ "R", 11 ], [ "R", 11 ], [ "R", 2 ], [ "R", 2 ], [ "R", 2 ], [ "R", 20 ], [ "W", 1 ], [ "W", 1 ], [ "W", 1 ], [ "W", 1 ], [ "W", 1 ], [ "W", 20 ], [ "R", 11 ], [ "R", 11 ], [ "R", 2 ], [ "R", 2 ], [ "R", 2 ], [ "R", 20 ], [ "R", 11 ], [ "R", 11 ], [ "R", 1 ], [ "R", 20 ], [ "R", 20 ], [ "R", 1 ], [ "R", 20 ], [ "R", 20 ], [ "W", 20 ], [ "W", 1 ], [ "W", 20 ], [ "W", 2 ], [ "R", 11 ], [ "R", 11 ], [ "R", 1 ], [ "R", 1 ], [ "R", 1 ], [ "R", 20 ], [ "R", 11 ], [ "R", 1 ], [ "R", 20 ], [ "W", 20 ], [ "R", 11 ], [ "R", 11 ], [ "R", 19 ], [ "R", 19 ], [ "R", 19 ], [ "R", 20 ], [ "W", 1 ], [ "W", 1 ], [ "W", 1 ], [ "W", 1 ], [ "W", 1 ], [ "W", 20 ], [ "R", 11 ], [ "R", 11 ], [ "R", 19 ], [ "R", 19 ], [ "R", 19 ], [ "R", 20 ], [ "R", 11 ], [ "R", 11 ], [ "R", 1 ], [ "R", 20 ], [ "R", 20 ], [ "R", 1 ], [ "R", 20 ], [ "R", 20 ], [ "W", 20 ], [ "W", 1 ], [ "W", 20 ], [ "W", 19 ], [ "R", 11 ], [ "R", 11 ], [ "R", 1 ], [ "R", 1 ], [ "R", 1 ], [ "R", 20 ], [ "R", 11 ], [ "R", 1 ], [ "R", 20 ], [ "W", 20 ], [ "R", 11 ], [ "R", 11 ], [ "R", 13 ], [ "R", 13 ], [ "R", 13 ], [ "R", 20 ], [ "W", 1 ], [ "W", 1 ], [ "W", 1 ], [ "W", 1 ], [ "W", 1 ], [ "W", 20 ], [ "R", 11 ], [ "R", 11 ], [ "R", 13 ], [ "R", 13 ], [ "R", 13 ], [ "R", 20 ], [ "R", 11 ], [ "R", 11 ], [ "R", 1 ], [ "R", 20 ], [ "R", 20 ], [ "R", 1 ], [ "R", 20 ], [ "R", 20 ], [ "W", 20 ], [ "W", 1 ], [ "W", 20 ], [ "W", 13 ], [ "R", 11 ], [ "R", 11 ], [ "R", 1 ], [ "R", 1 ], [ "R", 1 ], [ "R", 20 ], [ "R", 11 ], [ "R", 1 ], [ "R", 20 ], [ "W", 20 ], [ "R", 11 ], [ "R", 11 ], [ "R", 10 ], [ "R", 10 ], [ "R", 10 ], [ "R", 20 ], [ "W", 1 ], [ "W", 1 ], [ "W", 1 ], [ "W", 1 ], [ "W", 1 ], [ "W", 20 ], [ "R", 11 ], [ "R", 11 ], [ "R", 10 ], [ "R", 10 ], [ "R", 10 ], [ "R", 20 ], [ "R", 11 ], [ "R", 11 ], [ "R", 1 ], [ "R", 20 ], [ "R", 20 ], [ "R", 1 ], [ "R", 20 ], [ "R", 20 ], [ "W", 20 ], [ "W", 1 ], [ "W", 20 ], [ "W", 10 ], [ "R", 11 ], [ "R", 11 ], [ "R", 2 ], [ "R", 2 ], [ "R", 2 ], [ "R", 20 ], [ "R", 1 ], [ "R", 20 ], [ "R", 20 ], [ "W", 20 ], [ "W", 20 ], [ "W", 20 ], [ "W", 20 ], [ "W", 20 ], [ "R", 20 ], [ "W", 20 ], [ "W", 20 ], [ "W", 20 ], [ "W", 1 ], [ "W", 20 ], [ "W", 1 ], [ "W", 1 ], [ "W", 1 ], [ "W", 1 ], [ "W", 1 ], [ "W", 20 ], [ "R", 11 ], [ "R", 11 ], [ "R", 2 ], [ "R", 2 ], [ "R", 2 ], [ "R", 20 ], [ "R", 1 ], [ "R", 20 ], [ "R", 20 ], [ "R", 1 ], [ "R", 20 ], [ "R", 20 ], [ "R", 20 ], [ "R", 20 ], [ "R", 20 ], [ "W", 2 ], [ "R", 11 ], [ "R", 11 ], [ "R", 1 ], [ "R", 1 ], [ "R", 1 ], [ "R", 20 ], [ "W", 20 ], [ "W", 20 ], [ "W", 20 ], [ "W", 20 ], [ "W", 20 ], [ "R", 20 ], [ "W", 20 ], [ "W", 19 ], [ "W", 3 ], [ "W", 19 ], [ "W", 8 ], [ "W", 19 ], [ "W", 14 ], [ "W", 19 ], [ "W", 15 ], [ "W", 19 ], [ "W", 17 ], [ "W", 20 ], [ "W", 20 ], [ "W", 1 ], [ "W", 20 ], [ "W", 1 ], [ "W", 1 ], [ "W", 1 ], [ "W", 1 ], [ "W", 1 ], [ "W", 20 ], [ "R", 11 ], [ "R", 11 ], [ "R", 1 ], [ "R", 1 ], [ "R", 1 ], [ "R", 20 ], [ "R", 1 ], [ "R", 20 ], [ "R", 20 ], [ "R", 1 ], [ "R", 20 ], [ "R", 20 ], [ "R", 20 ], [ "R", 20 ], [ "R", 20 ], [ "W", 19 ], [ "R", 11 ], [ "R", 11 ], [ "R", 2 ], [ "R", 2 ], [ "R", 2 ], [ "R", 20 ], [ "R", 1 ], [ "R", 20 ], [ "R", 20 ], [ "W", 20 ], [ "W", 20 ], [ "W", 20 ], [ "W", 20 ], [ "W", 20 ], [ "R", 20 ], [ "W", 20 ], [ "W", 20 ], [ "W", 20 ], [ "W", 1 ], [ "W", 20 ], [ "W", 1 ], [ "W", 1 ], [ "W", 1 ], [ "W", 1 ], [ "W", 1 ], [ "W", 20 ], [ "R", 11 ], [ "R", 11 ], [ "R", 2 ], [ "R", 2 ], [ "R", 2 ], [ "R", 20 ], [ "R", 1 ], [ "R", 20 ], [ "R", 20 ], [ "R", 1 ], [ "R", 20 ], [ "R", 20 ], [ "R", 20 ], [ "R", 20 ], [ "R", 20 ], [ "W", 13 ], [ "R", 11 ], [ "R", 11 ], [ "R", 1 ], [ "R", 1 ], [ "R", 1 ], [ "R", 20 ], [ "W", 20 ], [ "W", 20 ], [ "W", 20 ], [ "W", 20 ], [ "W", 20 ], [ "R", 20 ], [ "W", 20 ], [ "W", 10 ], [ "W", 18 ], [ "W", 20 ], [ "W", 20 ], [ "W", 1 ], [ "W", 20 ], [ "W", 1 ], [ "W", 1 ], [ "W", 1 ], [ "W", 1 ], [ "W", 1 ], [ "W", 20 ], [ "R", 11 ], [ "R", 11 ], [ "R", 1 ], [ "R", 1 ], [ "R", 1 ], [ "R", 20 ], [ "R", 1 ], [ "R", 20 ], [ "R", 20 ], [ "R", 1 ], [ "R", 20 ], [ "R", 20 ], [ "R", 20 ], [ "R", 20 ], [ "R", 20 ], [ "W", 10 ] ]
    } ]
  },
  "UserAdministratorController.ban" : {
    "t" : [ {
      "id" : 0,
      "a" : [ [ "R", 11 ], [ "R", 11 ], [ "R", 1 ], [ "R", 1 ], [ "R", 1 ], [ "R", 20 ], [ "R", 1 ], [ "R", 20 ], [ "R", 20 ], [ "R", 1 ], [ "R", 1 ], [ "R", 20 ], [ "R", 20 ], [ "R", 17 ], [ "R", 17 ], [ "R", 17 ], [ "R", 17 ], [ "R", 15 ], [ "R", 19 ], [ "R", 1 ], [ "R", 20 ], [ "W", 20 ], [ "W", 1 ] ]
    } ]
  },
  "MessageActorController.listSentMessages" : {
    "t" : [ {
      "id" : 0,
      "a" : [ [ "R", 11 ], [ "R", 11 ], [ "R", 1 ], [ "R", 1 ], [ "R", 1 ], [ "R", 20 ], [ "R", 11 ], [ "R", 12 ], [ "R", 12 ], [ "R", 12 ], [ "R", 1 ] ]
    } ]
  },
  "CategoryController.list" : {
    "t" : [ {
      "id" : 0,
      "a" : [ [ "R", 7 ] ]
    } ]
  },
  "AnnouncementCommentUserController.create" : {
    "t" : [ {
      "id" : 0,
      "a" : [ [ "R", 3 ], [ "R", 11 ], [ "R", 11 ], [ "R", 19 ], [ "R", 19 ], [ "R", 19 ], [ "R", 20 ], [ "R", 3 ], [ "R", 15 ], [ "R", 15 ], [ "R", 3 ], [ "R", 15 ], [ "R", 15 ], [ "R", 11 ], [ "R", 3 ], [ "R", 15 ], [ "R", 11 ], [ "R", 14 ], [ "R", 14 ], [ "R", 14 ], [ "R", 19 ], [ "R", 14 ], [ "R", 15 ], [ "R", 3 ], [ "R", 19 ], [ "R", 11 ], [ "R", 11 ], [ "R", 11 ], [ "W", 9 ], [ "R", 11 ], [ "R", 11 ], [ "R", 19 ], [ "R", 19 ], [ "R", 19 ], [ "R", 20 ], [ "R", 11 ], [ "R", 4 ], [ "R", 4 ], [ "R", 4 ], [ "R", 19 ] ]
    } ]
  },
  "ReportModeratorController.reject" : {
    "t" : [ {
      "id" : 0,
      "a" : [ [ "R", 17 ], [ "R", 17 ], [ "R", 11 ], [ "R", 11 ], [ "R", 13 ], [ "R", 13 ], [ "R", 13 ], [ "R", 20 ], [ "R", 1 ], [ "R", 20 ], [ "R", 20 ], [ "W", 17 ], [ "W", 17 ], [ "R", 17 ], [ "R", 17 ], [ "R", 17 ] ]
    } ]
  },
  "ProjectUserController.create" : {
    "t" : [ {
      "id" : 0,
      "a" : [ [ "R", 7 ], [ "R", 11 ], [ "R", 11 ], [ "R", 19 ], [ "R", 19 ], [ "R", 19 ], [ "R", 20 ], [ "W", 15 ], [ "W", 15 ], [ "W", 19 ], [ "W", 15 ], [ "W", 3 ], [ "W", 15 ], [ "W", 17 ], [ "W", 15 ], [ "W", 14 ], [ "W", 15 ], [ "W", 16 ], [ "W", 15 ], [ "W", 18 ], [ "W", 15 ], [ "W", 5 ], [ "W", 15 ], [ "W", 15 ], [ "W", 15 ], [ "W", 15 ], [ "W", 15 ], [ "W", 15 ], [ "W", 15 ], [ "W", 7 ], [ "W", 15 ], [ "R", 15 ], [ "R", 15 ], [ "R", 15 ], [ "W", 15 ], [ "R", 11 ], [ "R", 11 ], [ "R", 19 ], [ "R", 19 ], [ "R", 19 ], [ "R", 20 ], [ "R", 19 ], [ "R", 15 ], [ "W", 19 ], [ "R", 7 ] ]
    } ]
  },
  "ReportModeratorController.accept" : {
    "t" : [ {
      "id" : 0,
      "a" : [ [ "R", 17 ], [ "R", 17 ], [ "R", 11 ], [ "R", 11 ], [ "R", 13 ], [ "R", 13 ], [ "R", 13 ], [ "R", 20 ], [ "R", 1 ], [ "R", 20 ], [ "R", 20 ], [ "W", 17 ], [ "W", 17 ], [ "W", 17 ] ]
    } ]
  },
  "CommentAdministratorController.deleteProjectComment" : {
    "t" : [ {
      "id" : 0,
      "a" : [ [ "R", 16 ], [ "R", 11 ], [ "R", 11 ], [ "R", 2 ], [ "R", 2 ], [ "R", 2 ], [ "R", 20 ], [ "R", 11 ], [ "W", 16 ], [ "R", 6 ], [ "R", 16 ], [ "R", 4 ] ]
    } ]
  },
  "CorporationController.list" : {
    "t" : [ {
      "id" : 0,
      "a" : [ [ "R", 10 ] ]
    } ]
  },
  "AwardAdministratorController.display" : {
    "t" : [ {
      "id" : 0,
      "a" : [ [ "R", 5 ], [ "R", 5 ], [ "R", 15 ], [ "R", 11 ] ]
    } ]
  },
  "ProjectUserController.delete" : {
    "t" : [ {
      "id" : 0,
      "a" : [ [ "R", 15 ], [ "R", 11 ], [ "R", 11 ], [ "R", 19 ], [ "R", 19 ], [ "R", 19 ], [ "R", 20 ], [ "R", 15 ], [ "R", 19 ], [ "R", 11 ], [ "R", 11 ], [ "R", 11 ], [ "R", 15 ], [ "R", 15 ], [ "R", 15 ], [ "R", 14 ], [ "R", 19 ], [ "R", 15 ], [ "W", 19 ], [ "W", 15 ] ]
    } ]
  },
  "SponsorshipCorporationController.list" : {
    "t" : [ {
      "id" : 0,
      "a" : [ [ "R", 11 ], [ "R", 11 ], [ "R", 10 ], [ "R", 10 ], [ "R", 10 ], [ "R", 20 ], [ "R", 10 ], [ "R", 18 ] ]
    } ]
  },
  "ProjectCommentUserController.list" : {
    "t" : [ {
      "id" : 0,
      "a" : [ [ "R", 11 ], [ "R", 11 ], [ "R", 19 ], [ "R", 19 ], [ "R", 19 ], [ "R", 20 ], [ "R", 11 ], [ "R", 16 ], [ "R", 16 ], [ "R", 16 ], [ "R", 19 ] ]
    } ]
  },
  "PatronageUserController.listPatronagesToMyProjects" : {
    "t" : [ {
      "id" : 0,
      "a" : [ [ "R", 11 ], [ "R", 11 ], [ "R", 19 ], [ "R", 19 ], [ "R", 19 ], [ "R", 20 ], [ "R", 11 ], [ "R", 14 ], [ "R", 14 ], [ "R", 14 ], [ "R", 15 ], [ "R", 19 ] ]
    } ]
  },
  "AnnouncementUserController.create" : {
    "t" : [ {
      "id" : 0,
      "a" : [ [ "R", 11 ], [ "R", 11 ], [ "R", 19 ], [ "R", 19 ], [ "R", 19 ], [ "R", 20 ], [ "R", 15 ], [ "R", 15 ], [ "R", 19 ], [ "R", 11 ], [ "R", 11 ], [ "R", 11 ], [ "R", 11 ], [ "R", 11 ], [ "R", 19 ], [ "R", 19 ], [ "R", 19 ], [ "R", 20 ], [ "R", 11 ], [ "R", 11 ], [ "R", 11 ], [ "R", 19 ], [ "R", 19 ], [ "R", 19 ], [ "R", 20 ] ]
    } ]
  },
  "ProjectAdministratorController.list" : {
    "t" : [ {
      "id" : 0,
      "a" : [ [ "R", 15 ], [ "R", 15 ], [ "R", 17 ], [ "R", 15 ], [ "R", 15 ], [ "R", 17 ], [ "R", 15 ], [ "R", 15 ], [ "R", 15 ], [ "R", 15 ], [ "R", 15 ], [ "R", 11 ], [ "R", 14 ], [ "R", 14 ], [ "R", 14 ], [ "R", 15 ], [ "R", 11 ] ]
    } ]
  },
  "ProjectUserController.cancel" : {
    "t" : [ {
      "id" : 0,
      "a" : [ [ "R", 15 ], [ "R", 11 ], [ "R", 11 ], [ "R", 19 ], [ "R", 19 ], [ "R", 19 ], [ "R", 20 ], [ "R", 15 ], [ "R", 19 ], [ "R", 11 ], [ "R", 11 ], [ "R", 11 ], [ "R", 15 ], [ "R", 15 ], [ "R", 15 ], [ "R", 15 ], [ "R", 14 ], [ "R", 15 ], [ "R", 14 ], [ "W", 14 ], [ "W", 15 ], [ "W", 15 ] ]
    } ]
  },
  "AnnouncementCommentController.list" : {
    "t" : [ {
      "id" : 0,
      "a" : [ [ "R", 3 ], [ "R", 3 ], [ "R", 3 ], [ "R", 4 ], [ "R", 3 ], [ "R", 15 ], [ "R", 15 ], [ "R", 15 ], [ "R", 15 ], [ "R", 15 ] ]
    } ]
  },
  "SponsorshipCorporationController.edit" : {
    "t" : [ {
      "id" : 0,
      "a" : [ [ "R", 18 ], [ "R", 15 ], [ "R", 15 ], [ "R", 15 ], [ "R", 15 ], [ "R", 15 ], [ "R", 15 ], [ "R", 15 ], [ "R", 15 ], [ "R", 14 ], [ "R", 14 ], [ "R", 14 ], [ "R", 15 ], [ "R", 15 ], [ "R", 15 ], [ "R", 14 ], [ "R", 11 ] ]
    } ]
  },
  "CommentAdministratorController.deleteAnnouncementComment" : {
    "t" : [ {
      "id" : 0,
      "a" : [ [ "R", 4 ], [ "R", 11 ], [ "R", 11 ], [ "R", 2 ], [ "R", 2 ], [ "R", 2 ], [ "R", 20 ], [ "R", 11 ], [ "W", 4 ], [ "R", 6 ], [ "R", 16 ], [ "R", 4 ] ]
    } ]
  },
  "ModeratorAdministratorController.save" : {
    "t" : [ {
      "id" : 0,
      "a" : [ [ "R", 11 ], [ "R", 11 ], [ "R", 1 ], [ "R", 1 ], [ "R", 1 ], [ "R", 20 ], [ "R", 11 ], [ "R", 1 ], [ "R", 20 ], [ "W", 20 ], [ "R", 11 ], [ "R", 11 ], [ "R", 2 ], [ "R", 2 ], [ "R", 2 ], [ "R", 20 ], [ "W", 1 ], [ "W", 1 ], [ "W", 1 ], [ "W", 1 ], [ "W", 1 ], [ "W", 20 ], [ "R", 11 ], [ "R", 11 ], [ "R", 2 ], [ "R", 2 ], [ "R", 2 ], [ "R", 20 ], [ "R", 11 ], [ "R", 11 ], [ "R", 1 ], [ "R", 20 ], [ "R", 20 ], [ "R", 1 ], [ "R", 20 ], [ "R", 20 ], [ "W", 20 ], [ "W", 1 ], [ "W", 20 ], [ "W", 2 ], [ "R", 11 ], [ "R", 11 ], [ "R", 1 ], [ "R", 1 ], [ "R", 1 ], [ "R", 20 ], [ "R", 11 ], [ "R", 1 ], [ "R", 20 ], [ "W", 20 ], [ "R", 11 ], [ "R", 11 ], [ "R", 19 ], [ "R", 19 ], [ "R", 19 ], [ "R", 20 ], [ "W", 1 ], [ "W", 1 ], [ "W", 1 ], [ "W", 1 ], [ "W", 1 ], [ "W", 20 ], [ "R", 11 ], [ "R", 11 ], [ "R", 19 ], [ "R", 19 ], [ "R", 19 ], [ "R", 20 ], [ "R", 11 ], [ "R", 11 ], [ "R", 1 ], [ "R", 20 ], [ "R", 20 ], [ "R", 1 ], [ "R", 20 ], [ "R", 20 ], [ "W", 20 ], [ "W", 1 ], [ "W", 20 ], [ "W", 19 ], [ "R", 11 ], [ "R", 11 ], [ "R", 1 ], [ "R", 1 ], [ "R", 1 ], [ "R", 20 ], [ "R", 11 ], [ "R", 1 ], [ "R", 20 ], [ "W", 20 ], [ "R", 11 ], [ "R", 11 ], [ "R", 13 ], [ "R", 13 ], [ "R", 13 ], [ "R", 20 ], [ "W", 1 ], [ "W", 1 ], [ "W", 1 ], [ "W", 1 ], [ "W", 1 ], [ "W", 20 ], [ "R", 11 ], [ "R", 11 ], [ "R", 13 ], [ "R", 13 ], [ "R", 13 ], [ "R", 20 ], [ "R", 11 ], [ "R", 11 ], [ "R", 1 ], [ "R", 20 ], [ "R", 20 ], [ "R", 1 ], [ "R", 20 ], [ "R", 20 ], [ "W", 20 ], [ "W", 1 ], [ "W", 20 ], [ "W", 13 ], [ "R", 11 ], [ "R", 11 ], [ "R", 1 ], [ "R", 1 ], [ "R", 1 ], [ "R", 20 ], [ "R", 11 ], [ "R", 1 ], [ "R", 20 ], [ "W", 20 ], [ "R", 11 ], [ "R", 11 ], [ "R", 10 ], [ "R", 10 ], [ "R", 10 ], [ "R", 20 ], [ "W", 1 ], [ "W", 1 ], [ "W", 1 ], [ "W", 1 ], [ "W", 1 ], [ "W", 20 ], [ "R", 11 ], [ "R", 11 ], [ "R", 10 ], [ "R", 10 ], [ "R", 10 ], [ "R", 20 ], [ "R", 11 ], [ "R", 11 ], [ "R", 1 ], [ "R", 20 ], [ "R", 20 ], [ "R", 1 ], [ "R", 20 ], [ "R", 20 ], [ "W", 20 ], [ "W", 1 ], [ "W", 20 ], [ "W", 10 ], [ "R", 11 ], [ "R", 11 ], [ "R", 2 ], [ "R", 2 ], [ "R", 2 ], [ "R", 20 ], [ "R", 1 ], [ "R", 20 ], [ "R", 20 ], [ "W", 20 ], [ "W", 20 ], [ "W", 20 ], [ "W", 20 ], [ "W", 20 ], [ "R", 20 ], [ "W", 20 ], [ "W", 20 ], [ "W", 20 ], [ "W", 1 ], [ "W", 20 ], [ "W", 1 ], [ "W", 1 ], [ "W", 1 ], [ "W", 1 ], [ "W", 1 ], [ "W", 20 ], [ "R", 11 ], [ "R", 11 ], [ "R", 2 ], [ "R", 2 ], [ "R", 2 ], [ "R", 20 ], [ "R", 1 ], [ "R", 20 ], [ "R", 20 ], [ "R", 1 ], [ "R", 20 ], [ "R", 20 ], [ "R", 20 ], [ "R", 20 ], [ "R", 20 ], [ "W", 2 ], [ "R", 11 ], [ "R", 11 ], [ "R", 1 ], [ "R", 1 ], [ "R", 1 ], [ "R", 20 ], [ "W", 20 ], [ "W", 20 ], [ "W", 20 ], [ "W", 20 ], [ "W", 20 ], [ "R", 20 ], [ "W", 20 ], [ "W", 19 ], [ "W", 3 ], [ "W", 19 ], [ "W", 8 ], [ "W", 19 ], [ "W", 14 ], [ "W", 19 ], [ "W", 15 ], [ "W", 19 ], [ "W", 17 ], [ "W", 20 ], [ "W", 20 ], [ "W", 1 ], [ "W", 20 ], [ "W", 1 ], [ "W", 1 ], [ "W", 1 ], [ "W", 1 ], [ "W", 1 ], [ "W", 20 ], [ "R", 11 ], [ "R", 11 ], [ "R", 1 ], [ "R", 1 ], [ "R", 1 ], [ "R", 20 ], [ "R", 1 ], [ "R", 20 ], [ "R", 20 ], [ "R", 1 ], [ "R", 20 ], [ "R", 20 ], [ "R", 20 ], [ "R", 20 ], [ "R", 20 ], [ "W", 19 ], [ "R", 11 ], [ "R", 11 ], [ "R", 2 ], [ "R", 2 ], [ "R", 2 ], [ "R", 20 ], [ "R", 1 ], [ "R", 20 ], [ "R", 20 ], [ "W", 20 ], [ "W", 20 ], [ "W", 20 ], [ "W", 20 ], [ "W", 20 ], [ "R", 20 ], [ "W", 20 ], [ "W", 20 ], [ "W", 20 ], [ "W", 1 ], [ "W", 20 ], [ "W", 1 ], [ "W", 1 ], [ "W", 1 ], [ "W", 1 ], [ "W", 1 ], [ "W", 20 ], [ "R", 11 ], [ "R", 11 ], [ "R", 2 ], [ "R", 2 ], [ "R", 2 ], [ "R", 20 ], [ "R", 1 ], [ "R", 20 ], [ "R", 20 ], [ "R", 1 ], [ "R", 20 ], [ "R", 20 ], [ "R", 20 ], [ "R", 20 ], [ "R", 20 ], [ "W", 13 ], [ "R", 11 ], [ "R", 11 ], [ "R", 1 ], [ "R", 1 ], [ "R", 1 ], [ "R", 20 ], [ "W", 20 ], [ "W", 20 ], [ "W", 20 ], [ "W", 20 ], [ "W", 20 ], [ "R", 20 ], [ "W", 20 ], [ "W", 10 ], [ "W", 18 ], [ "W", 20 ], [ "W", 20 ], [ "W", 1 ], [ "W", 20 ], [ "W", 1 ], [ "W", 1 ], [ "W", 1 ], [ "W", 1 ], [ "W", 1 ], [ "W", 20 ], [ "R", 11 ], [ "R", 11 ], [ "R", 1 ], [ "R", 1 ], [ "R", 1 ], [ "R", 20 ], [ "R", 1 ], [ "R", 20 ], [ "R", 20 ], [ "R", 1 ], [ "R", 20 ], [ "R", 20 ], [ "R", 20 ], [ "R", 20 ], [ "R", 20 ], [ "W", 10 ] ]
    } ]
  },
  "ProjectCommentUserController.create" : {
    "t" : [ {
      "id" : 0,
      "a" : [ [ "R", 15 ], [ "R", 15 ], [ "R", 15 ], [ "W", 9 ], [ "R", 11 ], [ "R", 11 ], [ "R", 19 ], [ "R", 19 ], [ "R", 19 ], [ "R", 20 ], [ "R", 11 ], [ "R", 16 ], [ "R", 16 ], [ "R", 16 ], [ "R", 19 ] ]
    } ]
  },
  "CategoryAdministratorController.delete" : {
    "t" : [ {
      "id" : 0,
      "a" : [ [ "R", 7 ], [ "R", 11 ], [ "R", 11 ], [ "R", 2 ], [ "R", 2 ], [ "R", 2 ], [ "R", 20 ], [ "R", 7 ], [ "R", 15 ], [ "R", 1 ], [ "R", 20 ], [ "R", 20 ], [ "W", 7 ] ]
    } ]
  },
  "SponsorshipCorporationController.save" : {
    "t" : [ {
      "id" : 0,
      "a" : [ [ "R", 15 ], [ "R", 15 ], [ "R", 15 ], [ "R", 15 ], [ "R", 15 ], [ "R", 15 ], [ "R", 15 ], [ "R", 15 ], [ "R", 14 ], [ "R", 14 ], [ "R", 14 ], [ "R", 15 ], [ "R", 15 ], [ "R", 15 ], [ "R", 14 ], [ "R", 11 ], [ "R", 11 ], [ "R", 18 ], [ "R", 10 ], [ "R", 18 ], [ "R", 10 ], [ "R", 11 ], [ "R", 11 ], [ "R", 11 ], [ "R", 10 ], [ "R", 10 ], [ "R", 10 ], [ "R", 20 ], [ "R", 1 ], [ "R", 20 ], [ "R", 20 ], [ "R", 11 ], [ "R", 18 ], [ "R", 18 ], [ "R", 18 ], [ "R", 15 ], [ "R", 11 ], [ "R", 18 ], [ "R", 18 ], [ "R", 15 ], [ "R", 11 ], [ "R", 18 ], [ "R", 15 ], [ "R", 11 ], [ "R", 18 ], [ "R", 10 ], [ "R", 11 ], [ "R", 11 ], [ "R", 11 ], [ "R", 10 ], [ "R", 10 ], [ "R", 10 ], [ "R", 20 ], [ "R", 1 ], [ "R", 20 ], [ "R", 20 ], [ "R", 11 ], [ "W", 18 ], [ "R", 11 ], [ "R", 11 ], [ "R", 10 ], [ "R", 10 ], [ "R", 10 ], [ "R", 20 ], [ "R", 1 ], [ "R", 20 ], [ "R", 20 ], [ "W", 18 ], [ "W", 10 ], [ "R", 18 ], [ "R", 18 ], [ "R", 18 ], [ "R", 15 ], [ "R", 18 ], [ "R", 15 ], [ "R", 15 ], [ "R", 18 ], [ "R", 15 ], [ "R", 15 ], [ "R", 14 ], [ "R", 14 ], [ "R", 18 ], [ "R", 15 ], [ "R", 15 ], [ "W", 18 ], [ "R", 15 ], [ "R", 15 ], [ "R", 15 ], [ "R", 15 ], [ "R", 15 ], [ "R", 15 ], [ "R", 15 ], [ "R", 15 ], [ "R", 14 ], [ "R", 14 ], [ "R", 14 ], [ "R", 15 ], [ "R", 15 ], [ "R", 15 ], [ "R", 14 ], [ "R", 11 ] ]
    } ]
  },
  "AwardCommentUserController.create" : {
    "t" : [ {
      "id" : 0,
      "a" : [ [ "R", 5 ], [ "R", 5 ], [ "R", 15 ], [ "R", 15 ], [ "R", 5 ], [ "R", 15 ], [ "R", 15 ], [ "W", 9 ], [ "R", 11 ], [ "R", 11 ], [ "R", 19 ], [ "R", 19 ], [ "R", 19 ], [ "R", 20 ], [ "R", 11 ], [ "R", 6 ], [ "R", 6 ], [ "R", 6 ], [ "R", 19 ] ]
    } ]
  },
  "SponsorshipController.list" : {
    "t" : [ {
      "id" : 0,
      "a" : [ [ "R", 15 ], [ "R", 15 ], [ "R", 18 ] ]
    } ]
  },
  "AdministratorAdministratorController.edit" : {
    "t" : [ {
      "id" : 0,
      "a" : [ [ "R", 11 ], [ "R", 11 ], [ "R", 1 ], [ "R", 1 ], [ "R", 1 ], [ "R", 20 ], [ "R", 11 ], [ "R", 1 ], [ "R", 1 ], [ "R", 1 ], [ "R", 1 ], [ "R", 1 ], [ "R", 20 ], [ "R", 20 ] ]
    } ]
  },
  "CategoryAdministratorController.edit" : {
    "t" : [ {
      "id" : 0,
      "a" : [ [ "R", 7 ], [ "R", 11 ], [ "R", 7 ], [ "R", 7 ] ]
    } ]
  },
  "MessageActorController.listReceivedMessages" : {
    "t" : [ {
      "id" : 0,
      "a" : [ [ "R", 11 ], [ "R", 11 ], [ "R", 1 ], [ "R", 1 ], [ "R", 1 ], [ "R", 20 ], [ "R", 11 ], [ "R", 12 ], [ "R", 12 ], [ "R", 12 ], [ "R", 1 ] ]
    } ]
  },
  "UserUserController.save" : {
    "t" : [ {
      "id" : 0,
      "a" : [ [ "R", 11 ], [ "R", 11 ], [ "R", 1 ], [ "R", 1 ], [ "R", 1 ], [ "R", 20 ], [ "R", 11 ], [ "R", 1 ], [ "R", 20 ], [ "W", 20 ], [ "R", 11 ], [ "R", 11 ], [ "R", 2 ], [ "R", 2 ], [ "R", 2 ], [ "R", 20 ], [ "W", 1 ], [ "W", 1 ], [ "W", 1 ], [ "W", 1 ], [ "W", 1 ], [ "W", 20 ], [ "R", 11 ], [ "R", 11 ], [ "R", 2 ], [ "R", 2 ], [ "R", 2 ], [ "R", 20 ], [ "R", 11 ], [ "R", 11 ], [ "R", 1 ], [ "R", 20 ], [ "R", 20 ], [ "R", 1 ], [ "R", 20 ], [ "R", 20 ], [ "W", 20 ], [ "W", 1 ], [ "W", 20 ], [ "W", 2 ], [ "R", 11 ], [ "R", 11 ], [ "R", 1 ], [ "R", 1 ], [ "R", 1 ], [ "R", 20 ], [ "R", 11 ], [ "R", 1 ], [ "R", 20 ], [ "W", 20 ], [ "R", 11 ], [ "R", 11 ], [ "R", 19 ], [ "R", 19 ], [ "R", 19 ], [ "R", 20 ], [ "W", 1 ], [ "W", 1 ], [ "W", 1 ], [ "W", 1 ], [ "W", 1 ], [ "W", 20 ], [ "R", 11 ], [ "R", 11 ], [ "R", 19 ], [ "R", 19 ], [ "R", 19 ], [ "R", 20 ], [ "R", 11 ], [ "R", 11 ], [ "R", 1 ], [ "R", 20 ], [ "R", 20 ], [ "R", 1 ], [ "R", 20 ], [ "R", 20 ], [ "W", 20 ], [ "W", 1 ], [ "W", 20 ], [ "W", 19 ], [ "R", 11 ], [ "R", 11 ], [ "R", 1 ], [ "R", 1 ], [ "R", 1 ], [ "R", 20 ], [ "R", 11 ], [ "R", 1 ], [ "R", 20 ], [ "W", 20 ], [ "R", 11 ], [ "R", 11 ], [ "R", 13 ], [ "R", 13 ], [ "R", 13 ], [ "R", 20 ], [ "W", 1 ], [ "W", 1 ], [ "W", 1 ], [ "W", 1 ], [ "W", 1 ], [ "W", 20 ], [ "R", 11 ], [ "R", 11 ], [ "R", 13 ], [ "R", 13 ], [ "R", 13 ], [ "R", 20 ], [ "R", 11 ], [ "R", 11 ], [ "R", 1 ], [ "R", 20 ], [ "R", 20 ], [ "R", 1 ], [ "R", 20 ], [ "R", 20 ], [ "W", 20 ], [ "W", 1 ], [ "W", 20 ], [ "W", 13 ], [ "R", 11 ], [ "R", 11 ], [ "R", 1 ], [ "R", 1 ], [ "R", 1 ], [ "R", 20 ], [ "R", 11 ], [ "R", 1 ], [ "R", 20 ], [ "W", 20 ], [ "R", 11 ], [ "R", 11 ], [ "R", 10 ], [ "R", 10 ], [ "R", 10 ], [ "R", 20 ], [ "W", 1 ], [ "W", 1 ], [ "W", 1 ], [ "W", 1 ], [ "W", 1 ], [ "W", 20 ], [ "R", 11 ], [ "R", 11 ], [ "R", 10 ], [ "R", 10 ], [ "R", 10 ], [ "R", 20 ], [ "R", 11 ], [ "R", 11 ], [ "R", 1 ], [ "R", 20 ], [ "R", 20 ], [ "R", 1 ], [ "R", 20 ], [ "R", 20 ], [ "W", 20 ], [ "W", 1 ], [ "W", 20 ], [ "W", 10 ], [ "R", 11 ], [ "R", 11 ], [ "R", 2 ], [ "R", 2 ], [ "R", 2 ], [ "R", 20 ], [ "R", 1 ], [ "R", 20 ], [ "R", 20 ], [ "W", 20 ], [ "W", 20 ], [ "W", 20 ], [ "W", 20 ], [ "W", 20 ], [ "R", 20 ], [ "W", 20 ], [ "W", 20 ], [ "W", 20 ], [ "W", 1 ], [ "W", 20 ], [ "W", 1 ], [ "W", 1 ], [ "W", 1 ], [ "W", 1 ], [ "W", 1 ], [ "W", 20 ], [ "R", 11 ], [ "R", 11 ], [ "R", 2 ], [ "R", 2 ], [ "R", 2 ], [ "R", 20 ], [ "R", 1 ], [ "R", 20 ], [ "R", 20 ], [ "R", 1 ], [ "R", 20 ], [ "R", 20 ], [ "R", 20 ], [ "R", 20 ], [ "R", 20 ], [ "W", 2 ], [ "R", 11 ], [ "R", 11 ], [ "R", 1 ], [ "R", 1 ], [ "R", 1 ], [ "R", 20 ], [ "W", 20 ], [ "W", 20 ], [ "W", 20 ], [ "W", 20 ], [ "W", 20 ], [ "R", 20 ], [ "W", 20 ], [ "W", 19 ], [ "W", 3 ], [ "W", 19 ], [ "W", 8 ], [ "W", 19 ], [ "W", 14 ], [ "W", 19 ], [ "W", 15 ], [ "W", 19 ], [ "W", 17 ], [ "W", 20 ], [ "W", 20 ], [ "W", 1 ], [ "W", 20 ], [ "W", 1 ], [ "W", 1 ], [ "W", 1 ], [ "W", 1 ], [ "W", 1 ], [ "W", 20 ], [ "R", 11 ], [ "R", 11 ], [ "R", 1 ], [ "R", 1 ], [ "R", 1 ], [ "R", 20 ], [ "R", 1 ], [ "R", 20 ], [ "R", 20 ], [ "R", 1 ], [ "R", 20 ], [ "R", 20 ], [ "R", 20 ], [ "R", 20 ], [ "R", 20 ], [ "W", 19 ], [ "R", 11 ], [ "R", 11 ], [ "R", 2 ], [ "R", 2 ], [ "R", 2 ], [ "R", 20 ], [ "R", 1 ], [ "R", 20 ], [ "R", 20 ], [ "W", 20 ], [ "W", 20 ], [ "W", 20 ], [ "W", 20 ], [ "W", 20 ], [ "R", 20 ], [ "W", 20 ], [ "W", 20 ], [ "W", 20 ], [ "W", 1 ], [ "W", 20 ], [ "W", 1 ], [ "W", 1 ], [ "W", 1 ], [ "W", 1 ], [ "W", 1 ], [ "W", 20 ], [ "R", 11 ], [ "R", 11 ], [ "R", 2 ], [ "R", 2 ], [ "R", 2 ], [ "R", 20 ], [ "R", 1 ], [ "R", 20 ], [ "R", 20 ], [ "R", 1 ], [ "R", 20 ], [ "R", 20 ], [ "R", 20 ], [ "R", 20 ], [ "R", 20 ], [ "W", 13 ], [ "R", 11 ], [ "R", 11 ], [ "R", 1 ], [ "R", 1 ], [ "R", 1 ], [ "R", 20 ], [ "W", 20 ], [ "W", 20 ], [ "W", 20 ], [ "W", 20 ], [ "W", 20 ], [ "R", 20 ], [ "W", 20 ], [ "W", 10 ], [ "W", 18 ], [ "W", 20 ], [ "W", 20 ], [ "W", 1 ], [ "W", 20 ], [ "W", 1 ], [ "W", 1 ], [ "W", 1 ], [ "W", 1 ], [ "W", 1 ], [ "W", 20 ], [ "R", 11 ], [ "R", 11 ], [ "R", 1 ], [ "R", 1 ], [ "R", 1 ], [ "R", 20 ], [ "R", 1 ], [ "R", 20 ], [ "R", 20 ], [ "R", 1 ], [ "R", 20 ], [ "R", 20 ], [ "R", 20 ], [ "R", 20 ], [ "R", 20 ], [ "W", 10 ] ]
    } ]
  },
  "CategoryAdministratorController.save" : {
    "t" : [ {
      "id" : 0,
      "a" : [ [ "R", 7 ], [ "W", 7 ], [ "W", 7 ], [ "W", 11 ], [ "R", 11 ], [ "R", 11 ], [ "R", 2 ], [ "R", 2 ], [ "R", 2 ], [ "R", 20 ], [ "R", 7 ], [ "R", 7 ], [ "R", 7 ], [ "R", 1 ], [ "R", 20 ], [ "R", 20 ], [ "R", 7 ], [ "R", 15 ], [ "R", 11 ], [ "R", 11 ], [ "R", 2 ], [ "R", 2 ], [ "R", 2 ], [ "R", 20 ], [ "R", 7 ], [ "R", 15 ], [ "R", 1 ], [ "R", 20 ], [ "R", 20 ], [ "W", 7 ], [ "W", 7 ], [ "W", 15 ], [ "W", 11 ], [ "W", 7 ], [ "W", 7 ], [ "R", 7 ], [ "R", 7 ], [ "R", 7 ], [ "R", 11 ], [ "R", 11 ], [ "R", 2 ], [ "R", 2 ], [ "R", 2 ], [ "R", 20 ], [ "R", 1 ], [ "R", 20 ], [ "R", 20 ], [ "R", 11 ], [ "R", 11 ], [ "R", 2 ], [ "R", 2 ], [ "R", 2 ], [ "R", 20 ], [ "R", 7 ], [ "R", 15 ], [ "R", 1 ], [ "R", 20 ], [ "R", 20 ], [ "W", 7 ] ]
    } ]
  },
  "MessageActorController.create" : {
    "t" : [ {
      "id" : 0,
      "a" : [ [ "R", 1 ], [ "R", 11 ], [ "R", 11 ], [ "R", 1 ], [ "R", 1 ], [ "R", 1 ], [ "R", 20 ] ]
    } ]
  },
  "UserAdministratorController.unban" : {
    "t" : [ {
      "id" : 0,
      "a" : [ [ "R", 11 ], [ "R", 11 ], [ "R", 1 ], [ "R", 1 ], [ "R", 1 ], [ "R", 20 ], [ "R", 1 ], [ "R", 20 ], [ "R", 20 ], [ "R", 1 ], [ "R", 1 ], [ "R", 20 ], [ "R", 20 ], [ "R", 1 ], [ "R", 20 ], [ "W", 20 ], [ "W", 1 ] ]
    } ]
  },
  "AwardCommentUserController.list" : {
    "t" : [ {
      "id" : 0,
      "a" : [ [ "R", 11 ], [ "R", 11 ], [ "R", 19 ], [ "R", 19 ], [ "R", 19 ], [ "R", 20 ], [ "R", 11 ], [ "R", 6 ], [ "R", 6 ], [ "R", 6 ], [ "R", 19 ] ]
    } ]
  },
  "DashboardAdministratorController.list" : {
    "t" : [ {
      "id" : 0,
      "a" : [ [ "R", 19 ], [ "R", 19 ], [ "R", 15 ], [ "R", 19 ], [ "R", 19 ], [ "R", 15 ], [ "R", 19 ], [ "R", 15 ], [ "R", 19 ], [ "R", 15 ], [ "R", 19 ], [ "R", 15 ], [ "R", 19 ], [ "R", 15 ], [ "R", 15 ], [ "R", 15 ], [ "R", 5 ], [ "R", 15 ], [ "R", 15 ], [ "R", 5 ], [ "R", 15 ], [ "R", 5 ], [ "R", 15 ], [ "R", 5 ], [ "R", 15 ], [ "R", 5 ], [ "R", 15 ], [ "R", 5 ], [ "R", 19 ], [ "R", 19 ], [ "R", 15 ], [ "R", 19 ], [ "R", 15 ], [ "R", 5 ], [ "R", 19 ], [ "R", 19 ], [ "R", 15 ], [ "R", 19 ], [ "R", 15 ], [ "R", 5 ], [ "R", 19 ], [ "R", 15 ], [ "R", 5 ], [ "R", 19 ], [ "R", 15 ], [ "R", 5 ], [ "R", 19 ], [ "R", 15 ], [ "R", 5 ], [ "R", 19 ], [ "R", 15 ], [ "R", 5 ], [ "R", 15 ], [ "R", 15 ], [ "R", 15 ], [ "R", 15 ], [ "R", 15 ], [ "R", 14 ], [ "R", 14 ], [ "R", 14 ], [ "R", 15 ], [ "R", 15 ], [ "R", 19 ], [ "R", 19 ], [ "R", 19 ], [ "R", 15 ], [ "R", 19 ], [ "R", 19 ], [ "R", 15 ], [ "R", 19 ], [ "R", 19 ], [ "R", 15 ], [ "R", 19 ], [ "R", 19 ], [ "R", 15 ], [ "R", 14 ], [ "R", 19 ], [ "R", 19 ], [ "R", 15 ], [ "R", 19 ], [ "R", 15 ], [ "R", 14 ], [ "R", 19 ], [ "R", 14 ], [ "R", 14 ], [ "R", 15 ], [ "R", 14 ], [ "R", 15 ], [ "R", 14 ], [ "R", 15 ], [ "R", 14 ], [ "R", 14 ], [ "R", 14 ], [ "R", 15 ], [ "R", 14 ], [ "R", 15 ], [ "R", 14 ], [ "R", 15 ], [ "R", 14 ], [ "R", 10 ], [ "R", 10 ], [ "R", 18 ], [ "R", 10 ], [ "R", 10 ], [ "R", 18 ], [ "R", 10 ], [ "R", 18 ], [ "R", 10 ], [ "R", 18 ], [ "R", 10 ], [ "R", 18 ], [ "R", 10 ], [ "R", 18 ], [ "R", 15 ], [ "R", 15 ], [ "R", 18 ], [ "R", 15 ], [ "R", 15 ], [ "R", 18 ], [ "R", 15 ], [ "R", 18 ], [ "R", 15 ], [ "R", 18 ], [ "R", 15 ], [ "R", 18 ], [ "R", 15 ], [ "R", 18 ], [ "R", 15 ], [ "R", 15 ], [ "R", 16 ], [ "R", 15 ], [ "R", 15 ], [ "R", 16 ], [ "R", 15 ], [ "R", 16 ], [ "R", 15 ], [ "R", 16 ], [ "R", 15 ], [ "R", 16 ], [ "R", 15 ], [ "R", 16 ], [ "R", 15 ], [ "R", 15 ], [ "R", 15 ], [ "R", 18 ], [ "R", 15 ], [ "R", 15 ], [ "R", 18 ], [ "R", 10 ], [ "R", 10 ], [ "R", 10 ], [ "R", 18 ], [ "R", 10 ], [ "R", 10 ], [ "R", 18 ], [ "R", 15 ], [ "R", 15 ], [ "R", 17 ], [ "R", 15 ], [ "R", 15 ], [ "R", 17 ], [ "R", 15 ], [ "R", 17 ], [ "R", 15 ], [ "R", 17 ], [ "R", 15 ], [ "R", 17 ], [ "R", 15 ], [ "R", 17 ], [ "R", 17 ], [ "R", 17 ], [ "R", 15 ], [ "R", 15 ], [ "R", 17 ], [ "R", 17 ], [ "R", 19 ], [ "R", 19 ], [ "R", 17 ], [ "R", 17 ], [ "R", 17 ], [ "R", 17 ], [ "R", 17 ], [ "R", 19 ], [ "R", 19 ], [ "R", 19 ], [ "R", 19 ], [ "R", 19 ], [ "R", 20 ], [ "R", 19 ], [ "R", 20 ] ]
    } ]
  },
  "SponsorshipCorporationController.create" : {
    "t" : [ {
      "id" : 0,
      "a" : [ [ "R", 11 ], [ "R", 11 ], [ "R", 10 ], [ "R", 10 ], [ "R", 10 ], [ "R", 20 ], [ "R", 1 ], [ "R", 20 ], [ "R", 20 ], [ "W", 18 ], [ "W", 10 ], [ "R", 15 ], [ "R", 15 ], [ "R", 15 ], [ "R", 15 ], [ "R", 15 ], [ "R", 15 ], [ "R", 15 ], [ "R", 15 ], [ "R", 14 ], [ "R", 14 ], [ "R", 14 ], [ "R", 15 ], [ "R", 15 ], [ "R", 15 ], [ "R", 14 ], [ "R", 11 ] ]
    } ]
  },
  "ReportAdministratorController.list" : {
    "t" : [ {
      "id" : 0,
      "a" : [ [ "R", 17 ], [ "R", 17 ], [ "R", 17 ] ]
    } ]
  },
  "AnnouncementUserController.save" : {
    "t" : [ {
      "id" : 0,
      "a" : [ [ "R", 11 ], [ "R", 11 ], [ "R", 19 ], [ "R", 19 ], [ "R", 19 ], [ "R", 20 ], [ "W", 3 ], [ "W", 4 ], [ "W", 3 ], [ "R", 15 ], [ "R", 11 ], [ "R", 11 ], [ "R", 19 ], [ "R", 19 ], [ "R", 19 ], [ "R", 20 ], [ "W", 11 ], [ "W", 3 ], [ "W", 3 ], [ "W", 3 ], [ "W", 15 ], [ "W", 3 ], [ "W", 19 ], [ "R", 11 ], [ "R", 11 ], [ "R", 19 ], [ "R", 19 ], [ "R", 19 ], [ "R", 20 ], [ "R", 11 ], [ "R", 3 ], [ "R", 15 ], [ "R", 15 ], [ "R", 19 ], [ "R", 11 ], [ "R", 11 ], [ "R", 11 ], [ "W", 3 ], [ "W", 3 ], [ "R", 11 ], [ "R", 11 ], [ "R", 19 ], [ "R", 19 ], [ "R", 19 ], [ "R", 20 ] ]
    } ]
  },
  "ProjectUserController.list" : {
    "t" : [ {
      "id" : 0,
      "a" : [ [ "R", 11 ], [ "R", 11 ], [ "R", 19 ], [ "R", 19 ], [ "R", 19 ], [ "R", 20 ], [ "R", 19 ], [ "R", 15 ], [ "R", 11 ], [ "R", 15 ], [ "R", 15 ], [ "R", 15 ], [ "R", 15 ], [ "R", 15 ], [ "R", 19 ], [ "R", 11 ], [ "R", 14 ], [ "R", 14 ], [ "R", 14 ], [ "R", 15 ], [ "R", 11 ] ]
    } ]
  },
  "AwardUserController.create" : {
    "t" : [ {
      "id" : 0,
      "a" : [ [ "R", 11 ], [ "R", 11 ], [ "R", 19 ], [ "R", 19 ], [ "R", 19 ], [ "R", 20 ], [ "R", 15 ], [ "R", 15 ], [ "R", 19 ], [ "R", 11 ], [ "R", 11 ], [ "R", 11 ], [ "R", 15 ], [ "R", 15 ], [ "R", 11 ], [ "R", 11 ], [ "R", 19 ], [ "R", 19 ], [ "R", 19 ], [ "R", 20 ], [ "R", 15 ], [ "R", 11 ], [ "R", 15 ], [ "R", 11 ], [ "R", 11 ], [ "R", 19 ], [ "R", 19 ], [ "R", 19 ], [ "R", 20 ], [ "R", 15 ], [ "R", 15 ] ]
    } ]
  },
  "AwardUserController.save" : {
    "t" : [ {
      "id" : 0,
      "a" : [ [ "R", 11 ], [ "R", 11 ], [ "R", 19 ], [ "R", 19 ], [ "R", 19 ], [ "R", 20 ], [ "R", 15 ], [ "R", 15 ], [ "R", 15 ], [ "W", 5 ], [ "W", 15 ], [ "W", 5 ], [ "W", 6 ], [ "R", 15 ], [ "W", 11 ], [ "W", 5 ], [ "W", 5 ], [ "W", 5 ], [ "W", 5 ], [ "W", 15 ], [ "R", 11 ], [ "R", 11 ], [ "R", 19 ], [ "R", 19 ], [ "R", 19 ], [ "R", 20 ], [ "R", 11 ], [ "R", 5 ], [ "R", 15 ], [ "R", 15 ], [ "R", 19 ], [ "R", 11 ], [ "R", 11 ], [ "R", 11 ], [ "R", 5 ], [ "R", 15 ], [ "R", 15 ], [ "R", 5 ], [ "R", 15 ], [ "R", 15 ], [ "R", 5 ], [ "R", 5 ], [ "R", 15 ], [ "R", 15 ], [ "W", 5 ], [ "R", 15 ], [ "W", 5 ], [ "W", 15 ], [ "W", 5 ], [ "W", 6 ], [ "R", 15 ], [ "W", 11 ], [ "W", 5 ], [ "W", 5 ], [ "W", 5 ], [ "W", 5 ], [ "W", 15 ], [ "R", 11 ], [ "R", 11 ], [ "R", 19 ], [ "R", 19 ], [ "R", 19 ], [ "R", 20 ], [ "R", 5 ], [ "R", 15 ], [ "R", 15 ], [ "R", 19 ], [ "R", 11 ], [ "R", 11 ], [ "R", 11 ], [ "R", 5 ], [ "R", 15 ], [ "R", 15 ], [ "R", 5 ], [ "R", 15 ], [ "R", 15 ], [ "R", 5 ], [ "R", 15 ], [ "R", 15 ], [ "R", 5 ], [ "R", 5 ], [ "R", 15 ], [ "R", 15 ], [ "W", 5 ], [ "R", 11 ], [ "R", 11 ], [ "R", 19 ], [ "R", 19 ], [ "R", 19 ], [ "R", 20 ], [ "R", 15 ], [ "R", 15 ] ]
    } ]
  },
  "MessageActorController.save" : {
    "t" : [ {
      "id" : 0,
      "a" : [ [ "R", 1 ], [ "R", 11 ], [ "R", 11 ], [ "R", 1 ], [ "R", 1 ], [ "R", 1 ], [ "R", 20 ], [ "R", 11 ], [ "R", 11 ], [ "R", 1 ], [ "R", 1 ], [ "R", 1 ], [ "R", 20 ], [ "R", 1 ], [ "W", 12 ], [ "W", 12 ], [ "W", 12 ], [ "W", 12 ], [ "W", 1 ], [ "W", 12 ], [ "W", 1 ], [ "R", 11 ], [ "R", 11 ], [ "R", 1 ], [ "R", 1 ], [ "R", 1 ], [ "R", 20 ], [ "R", 12 ], [ "R", 1 ], [ "R", 11 ], [ "R", 11 ], [ "R", 12 ], [ "R", 1 ], [ "R", 11 ], [ "R", 11 ], [ "W", 12 ], [ "R", 1 ], [ "R", 11 ], [ "R", 11 ], [ "R", 1 ], [ "R", 1 ], [ "R", 1 ], [ "R", 20 ] ]
    } ]
  },
  "AdministratorAdministratorController.save" : {
    "t" : [ {
      "id" : 0,
      "a" : [ [ "R", 11 ], [ "R", 11 ], [ "R", 1 ], [ "R", 1 ], [ "R", 1 ], [ "R", 20 ], [ "R", 11 ], [ "R", 1 ], [ "R", 20 ], [ "W", 20 ], [ "R", 11 ], [ "R", 11 ], [ "R", 2 ], [ "R", 2 ], [ "R", 2 ], [ "R", 20 ], [ "W", 1 ], [ "W", 1 ], [ "W", 1 ], [ "W", 1 ], [ "W", 1 ], [ "W", 20 ], [ "R", 11 ], [ "R", 11 ], [ "R", 2 ], [ "R", 2 ], [ "R", 2 ], [ "R", 20 ], [ "R", 11 ], [ "R", 11 ], [ "R", 1 ], [ "R", 20 ], [ "R", 20 ], [ "R", 1 ], [ "R", 20 ], [ "R", 20 ], [ "W", 20 ], [ "W", 1 ], [ "W", 20 ], [ "W", 2 ], [ "R", 11 ], [ "R", 11 ], [ "R", 1 ], [ "R", 1 ], [ "R", 1 ], [ "R", 20 ], [ "R", 11 ], [ "R", 1 ], [ "R", 20 ], [ "W", 20 ], [ "R", 11 ], [ "R", 11 ], [ "R", 19 ], [ "R", 19 ], [ "R", 19 ], [ "R", 20 ], [ "W", 1 ], [ "W", 1 ], [ "W", 1 ], [ "W", 1 ], [ "W", 1 ], [ "W", 20 ], [ "R", 11 ], [ "R", 11 ], [ "R", 19 ], [ "R", 19 ], [ "R", 19 ], [ "R", 20 ], [ "R", 11 ], [ "R", 11 ], [ "R", 1 ], [ "R", 20 ], [ "R", 20 ], [ "R", 1 ], [ "R", 20 ], [ "R", 20 ], [ "W", 20 ], [ "W", 1 ], [ "W", 20 ], [ "W", 19 ], [ "R", 11 ], [ "R", 11 ], [ "R", 1 ], [ "R", 1 ], [ "R", 1 ], [ "R", 20 ], [ "R", 11 ], [ "R", 1 ], [ "R", 20 ], [ "W", 20 ], [ "R", 11 ], [ "R", 11 ], [ "R", 13 ], [ "R", 13 ], [ "R", 13 ], [ "R", 20 ], [ "W", 1 ], [ "W", 1 ], [ "W", 1 ], [ "W", 1 ], [ "W", 1 ], [ "W", 20 ], [ "R", 11 ], [ "R", 11 ], [ "R", 13 ], [ "R", 13 ], [ "R", 13 ], [ "R", 20 ], [ "R", 11 ], [ "R", 11 ], [ "R", 1 ], [ "R", 20 ], [ "R", 20 ], [ "R", 1 ], [ "R", 20 ], [ "R", 20 ], [ "W", 20 ], [ "W", 1 ], [ "W", 20 ], [ "W", 13 ], [ "R", 11 ], [ "R", 11 ], [ "R", 1 ], [ "R", 1 ], [ "R", 1 ], [ "R", 20 ], [ "R", 11 ], [ "R", 1 ], [ "R", 20 ], [ "W", 20 ], [ "R", 11 ], [ "R", 11 ], [ "R", 10 ], [ "R", 10 ], [ "R", 10 ], [ "R", 20 ], [ "W", 1 ], [ "W", 1 ], [ "W", 1 ], [ "W", 1 ], [ "W", 1 ], [ "W", 20 ], [ "R", 11 ], [ "R", 11 ], [ "R", 10 ], [ "R", 10 ], [ "R", 10 ], [ "R", 20 ], [ "R", 11 ], [ "R", 11 ], [ "R", 1 ], [ "R", 20 ], [ "R", 20 ], [ "R", 1 ], [ "R", 20 ], [ "R", 20 ], [ "W", 20 ], [ "W", 1 ], [ "W", 20 ], [ "W", 10 ], [ "R", 11 ], [ "R", 11 ], [ "R", 2 ], [ "R", 2 ], [ "R", 2 ], [ "R", 20 ], [ "R", 1 ], [ "R", 20 ], [ "R", 20 ], [ "W", 20 ], [ "W", 20 ], [ "W", 20 ], [ "W", 20 ], [ "W", 20 ], [ "R", 20 ], [ "W", 20 ], [ "W", 20 ], [ "W", 20 ], [ "W", 1 ], [ "W", 20 ], [ "W", 1 ], [ "W", 1 ], [ "W", 1 ], [ "W", 1 ], [ "W", 1 ], [ "W", 20 ], [ "R", 11 ], [ "R", 11 ], [ "R", 2 ], [ "R", 2 ], [ "R", 2 ], [ "R", 20 ], [ "R", 1 ], [ "R", 20 ], [ "R", 20 ], [ "R", 1 ], [ "R", 20 ], [ "R", 20 ], [ "R", 20 ], [ "R", 20 ], [ "R", 20 ], [ "W", 2 ], [ "R", 11 ], [ "R", 11 ], [ "R", 1 ], [ "R", 1 ], [ "R", 1 ], [ "R", 20 ], [ "W", 20 ], [ "W", 20 ], [ "W", 20 ], [ "W", 20 ], [ "W", 20 ], [ "R", 20 ], [ "W", 20 ], [ "W", 19 ], [ "W", 3 ], [ "W", 19 ], [ "W", 8 ], [ "W", 19 ], [ "W", 14 ], [ "W", 19 ], [ "W", 15 ], [ "W", 19 ], [ "W", 17 ], [ "W", 20 ], [ "W", 20 ], [ "W", 1 ], [ "W", 20 ], [ "W", 1 ], [ "W", 1 ], [ "W", 1 ], [ "W", 1 ], [ "W", 1 ], [ "W", 20 ], [ "R", 11 ], [ "R", 11 ], [ "R", 1 ], [ "R", 1 ], [ "R", 1 ], [ "R", 20 ], [ "R", 1 ], [ "R", 20 ], [ "R", 20 ], [ "R", 1 ], [ "R", 20 ], [ "R", 20 ], [ "R", 20 ], [ "R", 20 ], [ "R", 20 ], [ "W", 19 ], [ "R", 11 ], [ "R", 11 ], [ "R", 2 ], [ "R", 2 ], [ "R", 2 ], [ "R", 20 ], [ "R", 1 ], [ "R", 20 ], [ "R", 20 ], [ "W", 20 ], [ "W", 20 ], [ "W", 20 ], [ "W", 20 ], [ "W", 20 ], [ "R", 20 ], [ "W", 20 ], [ "W", 20 ], [ "W", 20 ], [ "W", 1 ], [ "W", 20 ], [ "W", 1 ], [ "W", 1 ], [ "W", 1 ], [ "W", 1 ], [ "W", 1 ], [ "W", 20 ], [ "R", 11 ], [ "R", 11 ], [ "R", 2 ], [ "R", 2 ], [ "R", 2 ], [ "R", 20 ], [ "R", 1 ], [ "R", 20 ], [ "R", 20 ], [ "R", 1 ], [ "R", 20 ], [ "R", 20 ], [ "R", 20 ], [ "R", 20 ], [ "R", 20 ], [ "W", 13 ], [ "R", 11 ], [ "R", 11 ], [ "R", 1 ], [ "R", 1 ], [ "R", 1 ], [ "R", 20 ], [ "W", 20 ], [ "W", 20 ], [ "W", 20 ], [ "W", 20 ], [ "W", 20 ], [ "R", 20 ], [ "W", 20 ], [ "W", 10 ], [ "W", 18 ], [ "W", 20 ], [ "W", 20 ], [ "W", 1 ], [ "W", 20 ], [ "W", 1 ], [ "W", 1 ], [ "W", 1 ], [ "W", 1 ], [ "W", 1 ], [ "W", 20 ], [ "R", 11 ], [ "R", 11 ], [ "R", 1 ], [ "R", 1 ], [ "R", 1 ], [ "R", 20 ], [ "R", 1 ], [ "R", 20 ], [ "R", 20 ], [ "R", 1 ], [ "R", 20 ], [ "R", 20 ], [ "R", 20 ], [ "R", 20 ], [ "R", 20 ], [ "W", 10 ] ]
    } ]
  },
  "ModeratorModeratorController.edit" : {
    "t" : [ {
      "id" : 0,
      "a" : [ [ "R", 11 ], [ "R", 11 ], [ "R", 1 ], [ "R", 1 ], [ "R", 1 ], [ "R", 20 ], [ "R", 11 ], [ "R", 1 ], [ "R", 1 ], [ "R", 1 ], [ "R", 1 ], [ "R", 1 ], [ "R", 20 ], [ "R", 20 ] ]
    } ]
  },
  "UserController.list" : {
    "t" : [ {
      "id" : 0,
      "a" : [ [ "R", 19 ], [ "R", 11 ], [ "R", 11 ], [ "R", 2 ], [ "R", 2 ], [ "R", 2 ], [ "R", 20 ], [ "R", 11 ], [ "R", 17 ], [ "R", 17 ], [ "R", 17 ], [ "R", 17 ], [ "R", 15 ], [ "R", 19 ], [ "R", 11 ] ]
    } ]
  },
  "AwardController.display" : {
    "t" : [ {
      "id" : 0,
      "a" : [ [ "R", 5 ], [ "R", 5 ], [ "R", 15 ], [ "R", 11 ], [ "R", 11 ], [ "R", 1 ], [ "R", 1 ], [ "R", 1 ], [ "R", 20 ], [ "R", 11 ], [ "R", 11 ], [ "R", 1 ], [ "R", 1 ], [ "R", 1 ], [ "R", 20 ], [ "R", 1 ], [ "R", 20 ], [ "R", 20 ], [ "R", 11 ], [ "R", 11 ], [ "R", 19 ], [ "R", 19 ], [ "R", 19 ], [ "R", 20 ], [ "R", 15 ], [ "R", 19 ], [ "R", 11 ], [ "R", 11 ], [ "R", 11 ], [ "R", 15 ], [ "R", 15 ], [ "R", 1 ], [ "R", 20 ], [ "R", 20 ], [ "R", 15 ], [ "R", 15 ], [ "R", 15 ], [ "R", 15 ], [ "R", 5 ], [ "R", 15 ], [ "R", 11 ], [ "R", 11 ] ]
    } ]
  },
  "ReportModeratorController.list" : {
    "t" : [ {
      "id" : 0,
      "a" : [ [ "R", 17 ], [ "R", 17 ], [ "R", 17 ] ]
    } ]
  },
  "AwardUserController.edit" : {
    "t" : [ {
      "id" : 0,
      "a" : [ [ "R", 5 ], [ "R", 11 ], [ "R", 11 ], [ "R", 19 ], [ "R", 19 ], [ "R", 19 ], [ "R", 20 ], [ "R", 5 ], [ "R", 15 ], [ "R", 15 ], [ "R", 19 ], [ "R", 11 ], [ "R", 11 ], [ "R", 11 ], [ "R", 5 ], [ "R", 15 ], [ "R", 15 ], [ "R", 5 ], [ "R", 15 ], [ "R", 15 ], [ "R", 5 ], [ "R", 11 ], [ "R", 5 ], [ "R", 5 ], [ "R", 5 ], [ "R", 5 ], [ "R", 15 ], [ "R", 15 ], [ "R", 5 ], [ "R", 15 ], [ "R", 15 ], [ "R", 19 ], [ "R", 11 ], [ "R", 5 ], [ "R", 15 ], [ "R", 11 ], [ "R", 11 ], [ "R", 11 ], [ "R", 19 ], [ "R", 19 ], [ "R", 19 ], [ "R", 20 ], [ "R", 15 ], [ "R", 15 ] ]
    } ]
  },
  "AwardAdministratorController.list" : {
    "t" : [ {
      "id" : 0,
      "a" : [ [ "R", 15 ], [ "R", 15 ], [ "R", 5 ] ]
    } ]
  },
  "AnnouncementCommentUserController.list" : {
    "t" : [ {
      "id" : 0,
      "a" : [ [ "R", 11 ], [ "R", 11 ], [ "R", 19 ], [ "R", 19 ], [ "R", 19 ], [ "R", 20 ], [ "R", 11 ], [ "R", 4 ], [ "R", 4 ], [ "R", 4 ], [ "R", 19 ] ]
    } ]
  },
  "ModeratorModeratorController.save" : {
    "t" : [ {
      "id" : 0,
      "a" : [ [ "R", 11 ], [ "R", 11 ], [ "R", 1 ], [ "R", 1 ], [ "R", 1 ], [ "R", 20 ], [ "R", 11 ], [ "R", 1 ], [ "R", 20 ], [ "W", 20 ], [ "R", 11 ], [ "R", 11 ], [ "R", 2 ], [ "R", 2 ], [ "R", 2 ], [ "R", 20 ], [ "W", 1 ], [ "W", 1 ], [ "W", 1 ], [ "W", 1 ], [ "W", 1 ], [ "W", 20 ], [ "R", 11 ], [ "R", 11 ], [ "R", 2 ], [ "R", 2 ], [ "R", 2 ], [ "R", 20 ], [ "R", 11 ], [ "R", 11 ], [ "R", 1 ], [ "R", 20 ], [ "R", 20 ], [ "R", 1 ], [ "R", 20 ], [ "R", 20 ], [ "W", 20 ], [ "W", 1 ], [ "W", 20 ], [ "W", 2 ], [ "R", 11 ], [ "R", 11 ], [ "R", 1 ], [ "R", 1 ], [ "R", 1 ], [ "R", 20 ], [ "R", 11 ], [ "R", 1 ], [ "R", 20 ], [ "W", 20 ], [ "R", 11 ], [ "R", 11 ], [ "R", 19 ], [ "R", 19 ], [ "R", 19 ], [ "R", 20 ], [ "W", 1 ], [ "W", 1 ], [ "W", 1 ], [ "W", 1 ], [ "W", 1 ], [ "W", 20 ], [ "R", 11 ], [ "R", 11 ], [ "R", 19 ], [ "R", 19 ], [ "R", 19 ], [ "R", 20 ], [ "R", 11 ], [ "R", 11 ], [ "R", 1 ], [ "R", 20 ], [ "R", 20 ], [ "R", 1 ], [ "R", 20 ], [ "R", 20 ], [ "W", 20 ], [ "W", 1 ], [ "W", 20 ], [ "W", 19 ], [ "R", 11 ], [ "R", 11 ], [ "R", 1 ], [ "R", 1 ], [ "R", 1 ], [ "R", 20 ], [ "R", 11 ], [ "R", 1 ], [ "R", 20 ], [ "W", 20 ], [ "R", 11 ], [ "R", 11 ], [ "R", 13 ], [ "R", 13 ], [ "R", 13 ], [ "R", 20 ], [ "W", 1 ], [ "W", 1 ], [ "W", 1 ], [ "W", 1 ], [ "W", 1 ], [ "W", 20 ], [ "R", 11 ], [ "R", 11 ], [ "R", 13 ], [ "R", 13 ], [ "R", 13 ], [ "R", 20 ], [ "R", 11 ], [ "R", 11 ], [ "R", 1 ], [ "R", 20 ], [ "R", 20 ], [ "R", 1 ], [ "R", 20 ], [ "R", 20 ], [ "W", 20 ], [ "W", 1 ], [ "W", 20 ], [ "W", 13 ], [ "R", 11 ], [ "R", 11 ], [ "R", 1 ], [ "R", 1 ], [ "R", 1 ], [ "R", 20 ], [ "R", 11 ], [ "R", 1 ], [ "R", 20 ], [ "W", 20 ], [ "R", 11 ], [ "R", 11 ], [ "R", 10 ], [ "R", 10 ], [ "R", 10 ], [ "R", 20 ], [ "W", 1 ], [ "W", 1 ], [ "W", 1 ], [ "W", 1 ], [ "W", 1 ], [ "W", 20 ], [ "R", 11 ], [ "R", 11 ], [ "R", 10 ], [ "R", 10 ], [ "R", 10 ], [ "R", 20 ], [ "R", 11 ], [ "R", 11 ], [ "R", 1 ], [ "R", 20 ], [ "R", 20 ], [ "R", 1 ], [ "R", 20 ], [ "R", 20 ], [ "W", 20 ], [ "W", 1 ], [ "W", 20 ], [ "W", 10 ], [ "R", 11 ], [ "R", 11 ], [ "R", 2 ], [ "R", 2 ], [ "R", 2 ], [ "R", 20 ], [ "R", 1 ], [ "R", 20 ], [ "R", 20 ], [ "W", 20 ], [ "W", 20 ], [ "W", 20 ], [ "W", 20 ], [ "W", 20 ], [ "R", 20 ], [ "W", 20 ], [ "W", 20 ], [ "W", 20 ], [ "W", 1 ], [ "W", 20 ], [ "W", 1 ], [ "W", 1 ], [ "W", 1 ], [ "W", 1 ], [ "W", 1 ], [ "W", 20 ], [ "R", 11 ], [ "R", 11 ], [ "R", 2 ], [ "R", 2 ], [ "R", 2 ], [ "R", 20 ], [ "R", 1 ], [ "R", 20 ], [ "R", 20 ], [ "R", 1 ], [ "R", 20 ], [ "R", 20 ], [ "R", 20 ], [ "R", 20 ], [ "R", 20 ], [ "W", 2 ], [ "R", 11 ], [ "R", 11 ], [ "R", 1 ], [ "R", 1 ], [ "R", 1 ], [ "R", 20 ], [ "W", 20 ], [ "W", 20 ], [ "W", 20 ], [ "W", 20 ], [ "W", 20 ], [ "R", 20 ], [ "W", 20 ], [ "W", 19 ], [ "W", 3 ], [ "W", 19 ], [ "W", 8 ], [ "W", 19 ], [ "W", 14 ], [ "W", 19 ], [ "W", 15 ], [ "W", 19 ], [ "W", 17 ], [ "W", 20 ], [ "W", 20 ], [ "W", 1 ], [ "W", 20 ], [ "W", 1 ], [ "W", 1 ], [ "W", 1 ], [ "W", 1 ], [ "W", 1 ], [ "W", 20 ], [ "R", 11 ], [ "R", 11 ], [ "R", 1 ], [ "R", 1 ], [ "R", 1 ], [ "R", 20 ], [ "R", 1 ], [ "R", 20 ], [ "R", 20 ], [ "R", 1 ], [ "R", 20 ], [ "R", 20 ], [ "R", 20 ], [ "R", 20 ], [ "R", 20 ], [ "W", 19 ], [ "R", 11 ], [ "R", 11 ], [ "R", 2 ], [ "R", 2 ], [ "R", 2 ], [ "R", 20 ], [ "R", 1 ], [ "R", 20 ], [ "R", 20 ], [ "W", 20 ], [ "W", 20 ], [ "W", 20 ], [ "W", 20 ], [ "W", 20 ], [ "R", 20 ], [ "W", 20 ], [ "W", 20 ], [ "W", 20 ], [ "W", 1 ], [ "W", 20 ], [ "W", 1 ], [ "W", 1 ], [ "W", 1 ], [ "W", 1 ], [ "W", 1 ], [ "W", 20 ], [ "R", 11 ], [ "R", 11 ], [ "R", 2 ], [ "R", 2 ], [ "R", 2 ], [ "R", 20 ], [ "R", 1 ], [ "R", 20 ], [ "R", 20 ], [ "R", 1 ], [ "R", 20 ], [ "R", 20 ], [ "R", 20 ], [ "R", 20 ], [ "R", 20 ], [ "W", 13 ], [ "R", 11 ], [ "R", 11 ], [ "R", 1 ], [ "R", 1 ], [ "R", 1 ], [ "R", 20 ], [ "W", 20 ], [ "W", 20 ], [ "W", 20 ], [ "W", 20 ], [ "W", 20 ], [ "R", 20 ], [ "W", 20 ], [ "W", 10 ], [ "W", 18 ], [ "W", 20 ], [ "W", 20 ], [ "W", 1 ], [ "W", 20 ], [ "W", 1 ], [ "W", 1 ], [ "W", 1 ], [ "W", 1 ], [ "W", 1 ], [ "W", 20 ], [ "R", 11 ], [ "R", 11 ], [ "R", 1 ], [ "R", 1 ], [ "R", 1 ], [ "R", 20 ], [ "R", 1 ], [ "R", 20 ], [ "R", 20 ], [ "R", 1 ], [ "R", 20 ], [ "R", 20 ], [ "R", 20 ], [ "R", 20 ], [ "R", 20 ], [ "W", 10 ] ]
    } ]
  },
  "AwardUserController.delete" : {
    "t" : [ {
      "id" : 0,
      "a" : [ [ "R", 5 ], [ "R", 11 ], [ "R", 11 ], [ "R", 19 ], [ "R", 19 ], [ "R", 19 ], [ "R", 20 ], [ "R", 5 ], [ "R", 15 ], [ "R", 15 ], [ "R", 19 ], [ "R", 11 ], [ "R", 11 ], [ "R", 11 ], [ "R", 5 ], [ "R", 15 ], [ "R", 15 ], [ "R", 5 ], [ "R", 15 ], [ "R", 15 ], [ "R", 5 ], [ "R", 15 ], [ "R", 15 ], [ "R", 11 ], [ "R", 11 ], [ "R", 19 ], [ "R", 19 ], [ "R", 19 ], [ "R", 20 ], [ "R", 5 ], [ "R", 15 ], [ "R", 15 ], [ "R", 19 ], [ "R", 11 ], [ "R", 11 ], [ "R", 11 ], [ "R", 5 ], [ "R", 15 ], [ "R", 15 ], [ "R", 5 ], [ "R", 15 ], [ "R", 15 ], [ "W", 5 ], [ "R", 5 ], [ "R", 15 ], [ "R", 11 ], [ "R", 5 ], [ "R", 15 ], [ "R", 11 ] ]
    } ]
  },
  "ProjectUserController.edit" : {
    "t" : [ {
      "id" : 0,
      "a" : [ [ "R", 15 ], [ "R", 11 ], [ "R", 11 ], [ "R", 19 ], [ "R", 19 ], [ "R", 19 ], [ "R", 20 ], [ "R", 15 ], [ "R", 19 ], [ "R", 11 ], [ "R", 11 ], [ "R", 11 ], [ "R", 15 ], [ "R", 15 ], [ "R", 15 ], [ "R", 15 ], [ "R", 15 ], [ "R", 15 ], [ "R", 15 ], [ "R", 15 ], [ "R", 15 ], [ "R", 7 ], [ "R", 11 ], [ "R", 7 ] ]
    } ]
  },
  "PatronageUserController.list" : {
    "t" : [ {
      "id" : 0,
      "a" : [ [ "R", 11 ], [ "R", 11 ], [ "R", 19 ], [ "R", 19 ], [ "R", 19 ], [ "R", 20 ], [ "R", 19 ], [ "R", 14 ] ]
    } ]
  },
  "UserUserController.edit" : {
    "t" : [ {
      "id" : 0,
      "a" : [ [ "R", 11 ], [ "R", 11 ], [ "R", 1 ], [ "R", 1 ], [ "R", 1 ], [ "R", 20 ], [ "R", 11 ], [ "R", 1 ], [ "R", 1 ], [ "R", 1 ], [ "R", 1 ], [ "R", 1 ], [ "R", 20 ], [ "R", 20 ] ]
    } ]
  },
  "PatronageUserController.create" : {
    "t" : [ {
      "id" : 0,
      "a" : [ [ "W", 14 ], [ "W", 14 ], [ "R", 15 ], [ "W", 14 ], [ "W", 15 ], [ "R", 11 ], [ "R", 11 ], [ "R", 19 ], [ "R", 19 ], [ "R", 19 ], [ "R", 20 ], [ "W", 14 ], [ "W", 19 ], [ "R", 15 ], [ "R", 15 ], [ "R", 15 ], [ "R", 19 ], [ "R", 15 ], [ "R", 15 ], [ "R", 11 ], [ "R", 11 ], [ "R", 19 ], [ "R", 19 ], [ "R", 19 ], [ "R", 20 ], [ "R", 15 ], [ "R", 19 ], [ "R", 11 ], [ "R", 14 ], [ "R", 14 ], [ "R", 15 ] ]
    } ]
  },
  "PatronageUserController.edit" : {
    "t" : [ {
      "id" : 0,
      "a" : [ [ "W", 14 ], [ "W", 14 ], [ "R", 15 ], [ "W", 14 ], [ "W", 15 ], [ "R", 11 ], [ "R", 11 ], [ "R", 19 ], [ "R", 19 ], [ "R", 19 ], [ "R", 20 ], [ "W", 14 ], [ "W", 19 ], [ "R", 15 ], [ "R", 15 ], [ "R", 15 ], [ "R", 19 ], [ "R", 15 ], [ "R", 15 ], [ "R", 11 ], [ "R", 11 ], [ "R", 19 ], [ "R", 19 ], [ "R", 19 ], [ "R", 20 ], [ "R", 15 ], [ "R", 19 ], [ "R", 11 ], [ "R", 14 ], [ "R", 14 ], [ "R", 15 ] ]
    } ]
  },
  "CorporationCorporationController.save" : {
    "t" : [ {
      "id" : 0,
      "a" : [ [ "R", 11 ], [ "R", 11 ], [ "R", 1 ], [ "R", 1 ], [ "R", 1 ], [ "R", 20 ], [ "R", 11 ], [ "R", 1 ], [ "R", 20 ], [ "W", 20 ], [ "R", 11 ], [ "R", 11 ], [ "R", 2 ], [ "R", 2 ], [ "R", 2 ], [ "R", 20 ], [ "W", 1 ], [ "W", 1 ], [ "W", 1 ], [ "W", 1 ], [ "W", 1 ], [ "W", 20 ], [ "R", 11 ], [ "R", 11 ], [ "R", 2 ], [ "R", 2 ], [ "R", 2 ], [ "R", 20 ], [ "R", 11 ], [ "R", 11 ], [ "R", 1 ], [ "R", 20 ], [ "R", 20 ], [ "R", 1 ], [ "R", 20 ], [ "R", 20 ], [ "W", 20 ], [ "W", 1 ], [ "W", 20 ], [ "W", 2 ], [ "R", 11 ], [ "R", 11 ], [ "R", 1 ], [ "R", 1 ], [ "R", 1 ], [ "R", 20 ], [ "R", 11 ], [ "R", 1 ], [ "R", 20 ], [ "W", 20 ], [ "R", 11 ], [ "R", 11 ], [ "R", 19 ], [ "R", 19 ], [ "R", 19 ], [ "R", 20 ], [ "W", 1 ], [ "W", 1 ], [ "W", 1 ], [ "W", 1 ], [ "W", 1 ], [ "W", 20 ], [ "R", 11 ], [ "R", 11 ], [ "R", 19 ], [ "R", 19 ], [ "R", 19 ], [ "R", 20 ], [ "R", 11 ], [ "R", 11 ], [ "R", 1 ], [ "R", 20 ], [ "R", 20 ], [ "R", 1 ], [ "R", 20 ], [ "R", 20 ], [ "W", 20 ], [ "W", 1 ], [ "W", 20 ], [ "W", 19 ], [ "R", 11 ], [ "R", 11 ], [ "R", 1 ], [ "R", 1 ], [ "R", 1 ], [ "R", 20 ], [ "R", 11 ], [ "R", 1 ], [ "R", 20 ], [ "W", 20 ], [ "R", 11 ], [ "R", 11 ], [ "R", 13 ], [ "R", 13 ], [ "R", 13 ], [ "R", 20 ], [ "W", 1 ], [ "W", 1 ], [ "W", 1 ], [ "W", 1 ], [ "W", 1 ], [ "W", 20 ], [ "R", 11 ], [ "R", 11 ], [ "R", 13 ], [ "R", 13 ], [ "R", 13 ], [ "R", 20 ], [ "R", 11 ], [ "R", 11 ], [ "R", 1 ], [ "R", 20 ], [ "R", 20 ], [ "R", 1 ], [ "R", 20 ], [ "R", 20 ], [ "W", 20 ], [ "W", 1 ], [ "W", 20 ], [ "W", 13 ], [ "R", 11 ], [ "R", 11 ], [ "R", 1 ], [ "R", 1 ], [ "R", 1 ], [ "R", 20 ], [ "R", 11 ], [ "R", 1 ], [ "R", 20 ], [ "W", 20 ], [ "R", 11 ], [ "R", 11 ], [ "R", 10 ], [ "R", 10 ], [ "R", 10 ], [ "R", 20 ], [ "W", 1 ], [ "W", 1 ], [ "W", 1 ], [ "W", 1 ], [ "W", 1 ], [ "W", 20 ], [ "R", 11 ], [ "R", 11 ], [ "R", 10 ], [ "R", 10 ], [ "R", 10 ], [ "R", 20 ], [ "R", 11 ], [ "R", 11 ], [ "R", 1 ], [ "R", 20 ], [ "R", 20 ], [ "R", 1 ], [ "R", 20 ], [ "R", 20 ], [ "W", 20 ], [ "W", 1 ], [ "W", 20 ], [ "W", 10 ], [ "R", 11 ], [ "R", 11 ], [ "R", 2 ], [ "R", 2 ], [ "R", 2 ], [ "R", 20 ], [ "R", 1 ], [ "R", 20 ], [ "R", 20 ], [ "W", 20 ], [ "W", 20 ], [ "W", 20 ], [ "W", 20 ], [ "W", 20 ], [ "R", 20 ], [ "W", 20 ], [ "W", 20 ], [ "W", 20 ], [ "W", 1 ], [ "W", 20 ], [ "W", 1 ], [ "W", 1 ], [ "W", 1 ], [ "W", 1 ], [ "W", 1 ], [ "W", 20 ], [ "R", 11 ], [ "R", 11 ], [ "R", 2 ], [ "R", 2 ], [ "R", 2 ], [ "R", 20 ], [ "R", 1 ], [ "R", 20 ], [ "R", 20 ], [ "R", 1 ], [ "R", 20 ], [ "R", 20 ], [ "R", 20 ], [ "R", 20 ], [ "R", 20 ], [ "W", 2 ], [ "R", 11 ], [ "R", 11 ], [ "R", 1 ], [ "R", 1 ], [ "R", 1 ], [ "R", 20 ], [ "W", 20 ], [ "W", 20 ], [ "W", 20 ], [ "W", 20 ], [ "W", 20 ], [ "R", 20 ], [ "W", 20 ], [ "W", 19 ], [ "W", 3 ], [ "W", 19 ], [ "W", 8 ], [ "W", 19 ], [ "W", 14 ], [ "W", 19 ], [ "W", 15 ], [ "W", 19 ], [ "W", 17 ], [ "W", 20 ], [ "W", 20 ], [ "W", 1 ], [ "W", 20 ], [ "W", 1 ], [ "W", 1 ], [ "W", 1 ], [ "W", 1 ], [ "W", 1 ], [ "W", 20 ], [ "R", 11 ], [ "R", 11 ], [ "R", 1 ], [ "R", 1 ], [ "R", 1 ], [ "R", 20 ], [ "R", 1 ], [ "R", 20 ], [ "R", 20 ], [ "R", 1 ], [ "R", 20 ], [ "R", 20 ], [ "R", 20 ], [ "R", 20 ], [ "R", 20 ], [ "W", 19 ], [ "R", 11 ], [ "R", 11 ], [ "R", 2 ], [ "R", 2 ], [ "R", 2 ], [ "R", 20 ], [ "R", 1 ], [ "R", 20 ], [ "R", 20 ], [ "W", 20 ], [ "W", 20 ], [ "W", 20 ], [ "W", 20 ], [ "W", 20 ], [ "R", 20 ], [ "W", 20 ], [ "W", 20 ], [ "W", 20 ], [ "W", 1 ], [ "W", 20 ], [ "W", 1 ], [ "W", 1 ], [ "W", 1 ], [ "W", 1 ], [ "W", 1 ], [ "W", 20 ], [ "R", 11 ], [ "R", 11 ], [ "R", 2 ], [ "R", 2 ], [ "R", 2 ], [ "R", 20 ], [ "R", 1 ], [ "R", 20 ], [ "R", 20 ], [ "R", 1 ], [ "R", 20 ], [ "R", 20 ], [ "R", 20 ], [ "R", 20 ], [ "R", 20 ], [ "W", 13 ], [ "R", 11 ], [ "R", 11 ], [ "R", 1 ], [ "R", 1 ], [ "R", 1 ], [ "R", 20 ], [ "W", 20 ], [ "W", 20 ], [ "W", 20 ], [ "W", 20 ], [ "W", 20 ], [ "R", 20 ], [ "W", 20 ], [ "W", 10 ], [ "W", 18 ], [ "W", 20 ], [ "W", 20 ], [ "W", 1 ], [ "W", 20 ], [ "W", 1 ], [ "W", 1 ], [ "W", 1 ], [ "W", 1 ], [ "W", 1 ], [ "W", 20 ], [ "R", 11 ], [ "R", 11 ], [ "R", 1 ], [ "R", 1 ], [ "R", 1 ], [ "R", 20 ], [ "R", 1 ], [ "R", 20 ], [ "R", 20 ], [ "R", 1 ], [ "R", 20 ], [ "R", 20 ], [ "R", 20 ], [ "R", 20 ], [ "R", 20 ], [ "W", 10 ] ]
    } ]
  },
  "ProjectCommentController.list" : {
    "t" : [ {
      "id" : 0,
      "a" : [ [ "R", 15 ], [ "R", 15 ], [ "R", 15 ], [ "R", 16 ], [ "R", 15 ], [ "R", 15 ], [ "R", 15 ], [ "R", 15 ], [ "R", 15 ], [ "R", 15 ] ]
    } ]
  },
  "CommentAdministratorController.deleteAwardComment" : {
    "t" : [ {
      "id" : 0,
      "a" : [ [ "R", 6 ], [ "R", 11 ], [ "R", 11 ], [ "R", 2 ], [ "R", 2 ], [ "R", 2 ], [ "R", 20 ], [ "W", 6 ], [ "R", 6 ], [ "R", 16 ], [ "R", 4 ] ]
    } ]
  },
  "UserController.display" : {
    "t" : [ {
      "id" : 0,
      "a" : [ [ "R", 19 ], [ "R", 15 ], [ "R", 15 ], [ "R", 15 ], [ "R", 19 ], [ "R", 15 ], [ "R", 15 ], [ "R", 14 ], [ "R", 14 ], [ "R", 15 ], [ "R", 14 ], [ "R", 19 ] ]
    } ]
  },
  "ProjectController.listOrdered" : {
    "t" : [ {
      "id" : 0,
      "a" : [ [ "R", 15 ], [ "R", 15 ], [ "R", 17 ], [ "R", 15 ], [ "R", 15 ], [ "R", 17 ], [ "R", 15 ], [ "R", 15 ], [ "R", 15 ], [ "R", 15 ], [ "R", 15 ], [ "R", 15 ], [ "R", 11 ], [ "R", 11 ], [ "R", 1 ], [ "R", 1 ], [ "R", 1 ], [ "R", 20 ], [ "R", 11 ], [ "R", 11 ], [ "R", 1 ], [ "R", 1 ], [ "R", 1 ], [ "R", 20 ], [ "R", 1 ], [ "R", 20 ], [ "R", 20 ], [ "R", 11 ], [ "R", 11 ], [ "R", 19 ], [ "R", 19 ], [ "R", 19 ], [ "R", 20 ], [ "R", 11 ], [ "R", 14 ], [ "R", 14 ], [ "R", 14 ], [ "R", 15 ], [ "R", 11 ] ]
    } ]
  },
  "AnnouncementController.list" : {
    "t" : [ {
      "id" : 0,
      "a" : [ [ "R", 15 ], [ "R", 11 ], [ "R", 11 ], [ "R", 1 ], [ "R", 1 ], [ "R", 1 ], [ "R", 20 ], [ "R", 11 ], [ "R", 11 ], [ "R", 1 ], [ "R", 1 ], [ "R", 1 ], [ "R", 20 ], [ "R", 1 ], [ "R", 20 ], [ "R", 20 ], [ "R", 11 ], [ "R", 11 ], [ "R", 19 ], [ "R", 19 ], [ "R", 19 ], [ "R", 20 ], [ "R", 11 ], [ "R", 14 ], [ "R", 14 ], [ "R", 14 ], [ "R", 19 ], [ "R", 14 ], [ "R", 15 ], [ "R", 15 ], [ "R", 19 ], [ "R", 11 ], [ "R", 11 ], [ "R", 11 ], [ "R", 15 ], [ "R", 15 ], [ "R", 3 ], [ "R", 15 ], [ "R", 3 ], [ "R", 1 ], [ "R", 20 ], [ "R", 20 ], [ "R", 15 ], [ "R", 3 ], [ "R", 15 ], [ "R", 15 ], [ "R", 3 ], [ "R", 15 ], [ "R", 15 ], [ "R", 3 ] ]
    } ]
  },
  "ProjectController.list" : {
    "t" : [ {
      "id" : 0,
      "a" : [ [ "R", 15 ], [ "R", 15 ], [ "R", 17 ], [ "R", 15 ], [ "R", 15 ], [ "R", 17 ], [ "R", 15 ], [ "R", 15 ], [ "R", 15 ], [ "R", 15 ], [ "R", 15 ], [ "R", 15 ], [ "R", 15 ], [ "R", 15 ], [ "R", 15 ], [ "R", 15 ], [ "R", 11 ], [ "R", 11 ], [ "R", 1 ], [ "R", 1 ], [ "R", 1 ], [ "R", 20 ], [ "R", 11 ], [ "R", 11 ], [ "R", 1 ], [ "R", 1 ], [ "R", 1 ], [ "R", 20 ], [ "R", 1 ], [ "R", 20 ], [ "R", 20 ], [ "R", 11 ], [ "R", 11 ], [ "R", 19 ], [ "R", 19 ], [ "R", 19 ], [ "R", 20 ], [ "R", 11 ], [ "R", 14 ], [ "R", 14 ], [ "R", 14 ], [ "R", 15 ], [ "R", 11 ] ]
    } ]
  },
  "ProjectController.info" : {
    "t" : [ {
      "id" : 0,
      "a" : [ [ "R", 15 ], [ "R", 11 ], [ "R", 15 ], [ "R", 15 ], [ "R", 18 ] ]
    } ]
  },
  "AwardUserController.list" : {
    "t" : [ {
      "id" : 0,
      "a" : [ [ "R", 11 ], [ "R", 11 ], [ "R", 19 ], [ "R", 19 ], [ "R", 19 ], [ "R", 20 ], [ "R", 11 ], [ "R", 14 ], [ "R", 14 ], [ "R", 15 ], [ "R", 5 ], [ "R", 14 ], [ "R", 15 ], [ "R", 5 ], [ "R", 14 ], [ "R", 19 ], [ "R", 14 ], [ "R", 15 ], [ "R", 14 ], [ "R", 15 ], [ "R", 14 ], [ "R", 14 ], [ "R", 14 ], [ "R", 15 ], [ "R", 14 ], [ "R", 15 ], [ "R", 14 ], [ "R", 15 ], [ "R", 5 ], [ "R", 14 ], [ "R", 14 ], [ "R", 14 ], [ "R", 15 ], [ "R", 14 ], [ "R", 15 ] ]
    } ]
  },
  "ProjectAdministratorController.delete" : {
    "t" : [ {
      "id" : 0,
      "a" : [ [ "R", 15 ], [ "R", 11 ], [ "R", 11 ], [ "R", 1 ], [ "R", 1 ], [ "R", 1 ], [ "R", 20 ], [ "R", 1 ], [ "R", 20 ], [ "R", 20 ], [ "R", 11 ], [ "R", 15 ], [ "R", 15 ], [ "R", 17 ], [ "R", 15 ], [ "R", 17 ], [ "R", 15 ], [ "R", 17 ], [ "R", 15 ], [ "R", 15 ], [ "R", 19 ], [ "R", 19 ], [ "R", 15 ], [ "W", 19 ], [ "W", 15 ] ]
    } ]
  },
  "ProjectController.listByCategory" : {
    "t" : [ {
      "id" : 0,
      "a" : [ [ "R", 7 ], [ "R", 15 ], [ "R", 15 ], [ "R", 17 ], [ "R", 15 ], [ "R", 15 ], [ "R", 17 ], [ "R", 11 ], [ "R", 15 ], [ "R", 15 ], [ "R", 15 ], [ "R", 7 ], [ "R", 15 ], [ "R", 15 ], [ "R", 15 ], [ "R", 11 ], [ "R", 11 ], [ "R", 1 ], [ "R", 1 ], [ "R", 1 ], [ "R", 20 ], [ "R", 11 ], [ "R", 11 ], [ "R", 1 ], [ "R", 1 ], [ "R", 1 ], [ "R", 20 ], [ "R", 1 ], [ "R", 20 ], [ "R", 20 ], [ "R", 11 ], [ "R", 11 ], [ "R", 19 ], [ "R", 19 ], [ "R", 19 ], [ "R", 20 ], [ "R", 11 ], [ "R", 14 ], [ "R", 14 ], [ "R", 14 ], [ "R", 15 ], [ "R", 11 ] ]
    } ]
  },
  "CommentAdministratorController.list" : {
    "t" : [ {
      "id" : 0,
      "a" : [ [ "R", 6 ], [ "R", 16 ], [ "R", 4 ] ]
    } ]
  }
}