{
  "1" : "Actor",
  "2" : "Administrator",
  "3" : "Box",
  "4" : "Competition",
  "5" : "Configuration",
  "6" : "DomainEntity",
  "7" : "Federation",
  "8" : "Finder",
  "9" : "Format",
  "10" : "Game",
  "11" : "Hiring",
  "12" : "History",
  "13" : "Manager",
  "14" : "Message",
  "15" : "Minutes",
  "16" : "PersonalData",
  "17" : "Player",
  "18" : "PlayerRecord",
  "19" : "President",
  "20" : "Referee",
  "21" : "Report",
  "22" : "Signing",
  "23" : "Sponsor",
  "24" : "Sponsorship",
  "25" : "SportRecord",
  "26" : "StatisticalData",
  "27" : "Team",
  "28" : "Training",
  "29" : "UserAccount"
}