{
  "TripCustomerController.createRequest" : {
    "t" : [ {
      "id" : 0,
      "a" : [ [ "W", 11 ], [ "R", 9 ], [ "R", 9 ], [ "R", 8 ], [ "R", 8 ], [ "R", 8 ], [ "R", 12 ], [ "W", 11 ], [ "W", 8 ], [ "W", 11 ], [ "R", 11 ] ]
    } ]
  },
  "MessageActorController.received" : {
    "t" : [ {
      "id" : 0,
      "a" : [ [ "R", 9 ], [ "R", 9 ], [ "R", 1 ], [ "R", 1 ], [ "R", 1 ], [ "R", 12 ], [ "R", 9 ], [ "R", 10 ], [ "R", 10 ], [ "R", 10 ], [ "R", 1 ], [ "R", 10 ] ]
    } ]
  },
  "CommentAdministratorController.unban" : {
    "t" : [ {
      "id" : 0,
      "a" : [ [ "R", 5 ], [ "R", 5 ], [ "R", 6 ], [ "R", 9 ], [ "R", 9 ], [ "R", 1 ], [ "R", 1 ], [ "R", 1 ], [ "R", 12 ], [ "R", 5 ], [ "R", 5 ], [ "W", 5 ], [ "W", 5 ], [ "R", 9 ], [ "R", 9 ] ]
    } ]
  },
  "DashboardAdministratorController.dashboard" : {
    "t" : [ {
      "id" : 0,
      "a" : [ [ "R", 11 ], [ "R", 11 ], [ "R", 11 ], [ "R", 11 ], [ "R", 11 ], [ "R", 11 ], [ "R", 11 ], [ "R", 11 ], [ "R", 11 ], [ "R", 8 ], [ "R", 11 ], [ "R", 11 ], [ "R", 11 ], [ "R", 8 ], [ "R", 3 ], [ "R", 11 ], [ "R", 3 ], [ "R", 3 ], [ "R", 8 ], [ "R", 3 ], [ "R", 3 ], [ "R", 8 ], [ "R", 3 ], [ "R", 3 ], [ "R", 3 ], [ "R", 8 ], [ "R", 3 ], [ "R", 3 ], [ "R", 8 ], [ "R", 3 ], [ "R", 5 ], [ "R", 5 ], [ "R", 5 ], [ "R", 6 ], [ "R", 8 ], [ "R", 5 ], [ "R", 6 ], [ "R", 2 ], [ "R", 1 ], [ "R", 5 ], [ "R", 5 ], [ "R", 5 ], [ "R", 6 ], [ "R", 11 ], [ "R", 5 ], [ "R", 6 ], [ "R", 11 ], [ "R", 11 ], [ "R", 11 ], [ "R", 5 ], [ "R", 5 ], [ "R", 5 ], [ "R", 6 ], [ "R", 11 ], [ "R", 5 ], [ "R", 6 ], [ "R", 11 ], [ "R", 11 ], [ "R", 11 ], [ "R", 5 ], [ "R", 1 ], [ "R", 5 ], [ "R", 1 ], [ "R", 5 ], [ "R", 5 ], [ "R", 1 ], [ "R", 5 ], [ "R", 5 ], [ "R", 5 ], [ "R", 1 ], [ "R", 5 ], [ "R", 1 ], [ "R", 5 ], [ "R", 5 ], [ "R", 5 ], [ "R", 1 ], [ "R", 5 ], [ "R", 1 ], [ "R", 5 ], [ "R", 1 ], [ "R", 10 ], [ "R", 10 ], [ "R", 10 ], [ "R", 10 ], [ "R", 1 ], [ "R", 10 ], [ "R", 10 ], [ "R", 10 ], [ "R", 10 ], [ "R", 1 ], [ "R", 10 ], [ "R", 1 ], [ "R", 10 ], [ "R", 10 ], [ "R", 10 ], [ "R", 10 ], [ "R", 10 ], [ "R", 1 ], [ "R", 10 ], [ "R", 1 ], [ "R", 10 ], [ "R", 10 ], [ "R", 10 ], [ "R", 10 ], [ "R", 10 ], [ "R", 1 ], [ "R", 10 ], [ "R", 10 ], [ "R", 10 ], [ "R", 10 ], [ "R", 1 ], [ "R", 10 ], [ "R", 1 ], [ "R", 10 ], [ "R", 10 ], [ "R", 10 ], [ "R", 10 ], [ "R", 10 ], [ "R", 1 ], [ "R", 10 ], [ "R", 1 ], [ "R", 10 ], [ "R", 10 ], [ "R", 10 ], [ "R", 1 ], [ "R", 10 ], [ "R", 10 ], [ "R", 1 ], [ "R", 10 ], [ "R", 1 ], [ "R", 10 ], [ "R", 10 ], [ "R", 10 ], [ "R", 1 ], [ "R", 10 ], [ "R", 10 ], [ "R", 1 ], [ "R", 10 ], [ "R", 1 ], [ "R", 10 ] ]
    } ]
  },
  "CommentAdministratorController.ban" : {
    "t" : [ {
      "id" : 0,
      "a" : [ [ "R", 5 ], [ "R", 5 ], [ "R", 6 ], [ "R", 9 ], [ "R", 9 ], [ "R", 1 ], [ "R", 1 ], [ "R", 1 ], [ "R", 12 ], [ "R", 5 ], [ "R", 5 ], [ "W", 5 ], [ "W", 5 ], [ "R", 9 ], [ "R", 9 ] ]
    } ]
  },
  "MessageActorController.write" : {
    "t" : [ {
      "id" : 0,
      "a" : [ [ "R", 9 ], [ "R", 1 ], [ "W", 10 ], [ "W", 1 ], [ "R", 1 ], [ "W", 10 ], [ "R", 9 ], [ "R", 9 ], [ "R", 1 ], [ "R", 1 ], [ "R", 1 ], [ "R", 12 ], [ "W", 10 ], [ "W", 1 ], [ "R", 1 ], [ "W", 10 ], [ "W", 10 ], [ "W", 10 ], [ "W", 10 ], [ "W", 10 ], [ "W", 4 ], [ "W", 10 ], [ "R", 1 ], [ "R", 10 ], [ "R", 1 ], [ "R", 10 ], [ "R", 1 ], [ "R", 9 ], [ "R", 9 ], [ "R", 1 ], [ "R", 1 ], [ "R", 1 ], [ "R", 12 ], [ "R", 10 ], [ "R", 1 ], [ "R", 9 ], [ "R", 9 ], [ "R", 9 ], [ "R", 9 ], [ "R", 10 ], [ "R", 1 ], [ "W", 10 ], [ "W", 1 ], [ "R", 10 ], [ "R", 1 ], [ "R", 1 ], [ "W", 10 ], [ "R", 10 ], [ "R", 1 ], [ "W", 10 ], [ "W", 1 ], [ "R", 10 ], [ "R", 1 ], [ "R", 1 ], [ "W", 10 ], [ "R", 10 ], [ "W", 10 ], [ "R", 10 ], [ "W", 10 ], [ "R", 10 ], [ "W", 10 ], [ "W", 10 ], [ "W", 10 ], [ "W", 4 ], [ "W", 10 ], [ "R", 4 ], [ "W", 4 ], [ "R", 4 ], [ "W", 4 ], [ "W", 4 ], [ "W", 10 ], [ "W", 4 ], [ "W", 10 ], [ "R", 4 ], [ "W", 4 ], [ "R", 4 ], [ "W", 4 ], [ "W", 4 ], [ "R", 1 ] ]
    } ]
  },
  "TripAdministratorController.listOffers" : {
    "t" : [ {
      "id" : 0,
      "a" : [ [ "R", 11 ], [ "R", 11 ], [ "R", 11 ] ]
    } ]
  },
  "MessageActorController.sent" : {
    "t" : [ {
      "id" : 0,
      "a" : [ [ "R", 9 ], [ "R", 9 ], [ "R", 1 ], [ "R", 1 ], [ "R", 1 ], [ "R", 12 ], [ "R", 9 ], [ "R", 10 ], [ "R", 10 ], [ "R", 10 ], [ "R", 1 ], [ "R", 10 ] ]
    } ]
  },
  "TripCustomerController.listOffers" : {
    "t" : [ {
      "id" : 0,
      "a" : [ [ "R", 9 ], [ "R", 9 ], [ "R", 8 ], [ "R", 8 ], [ "R", 8 ], [ "R", 12 ], [ "R", 11 ], [ "R", 11 ], [ "R", 11 ], [ "R", 11 ], [ "R", 11 ], [ "R", 11 ], [ "R", 11 ], [ "R", 11 ], [ "R", 11 ], [ "R", 9 ], [ "R", 9 ], [ "R", 1 ], [ "R", 1 ], [ "R", 1 ], [ "R", 12 ] ]
    } ]
  },
  "TripCustomerController.save" : {
    "t" : [ {
      "id" : 0,
      "a" : [ [ "W", 11 ], [ "R", 9 ], [ "R", 9 ], [ "R", 8 ], [ "R", 8 ], [ "R", 8 ], [ "R", 12 ], [ "W", 11 ], [ "W", 8 ], [ "R", 11 ], [ "W", 11 ], [ "R", 11 ], [ "W", 11 ], [ "R", 11 ], [ "W", 11 ], [ "R", 11 ], [ "W", 11 ], [ "R", 11 ], [ "W", 11 ], [ "R", 11 ], [ "W", 11 ], [ "R", 11 ], [ "W", 11 ], [ "R", 11 ], [ "W", 11 ], [ "R", 11 ], [ "W", 11 ], [ "R", 11 ], [ "W", 11 ], [ "R", 11 ], [ "R", 11 ], [ "R", 11 ], [ "R", 11 ], [ "R", 11 ], [ "R", 11 ], [ "R", 11 ], [ "R", 11 ], [ "R", 11 ], [ "R", 11 ], [ "W", 11 ], [ "R", 11 ], [ "R", 11 ] ]
    } ]
  },
  "ActorController.delete" : {
    "t" : [ {
      "id" : 0,
      "a" : [ [ "R", 9 ], [ "R", 9 ], [ "R", 8 ], [ "R", 8 ], [ "R", 8 ], [ "R", 12 ], [ "R", 9 ], [ "R", 3 ], [ "R", 3 ], [ "R", 3 ], [ "R", 8 ], [ "W", 3 ], [ "W", 8 ], [ "W", 3 ], [ "R", 9 ], [ "R", 11 ], [ "R", 11 ], [ "R", 11 ], [ "R", 11 ], [ "R", 8 ], [ "R", 9 ], [ "R", 11 ], [ "R", 11 ], [ "R", 11 ], [ "R", 11 ], [ "R", 8 ], [ "W", 11 ], [ "W", 8 ], [ "W", 11 ], [ "R", 9 ], [ "R", 10 ], [ "R", 10 ], [ "R", 10 ], [ "R", 1 ], [ "R", 10 ], [ "R", 9 ], [ "R", 10 ], [ "R", 10 ], [ "R", 10 ], [ "R", 1 ], [ "R", 10 ], [ "R", 9 ], [ "R", 4 ], [ "R", 4 ], [ "R", 4 ], [ "R", 10 ], [ "R", 1 ], [ "R", 4 ], [ "R", 10 ], [ "R", 4 ], [ "R", 10 ], [ "R", 1 ], [ "R", 4 ], [ "R", 10 ], [ "W", 4 ], [ "W", 10 ], [ "R", 9 ], [ "R", 10 ], [ "R", 10 ], [ "R", 10 ], [ "R", 1 ], [ "R", 10 ], [ "W", 10 ], [ "W", 1 ], [ "R", 9 ], [ "R", 10 ], [ "R", 10 ], [ "R", 10 ], [ "R", 1 ], [ "R", 10 ], [ "W", 10 ], [ "W", 1 ], [ "W", 10 ], [ "R", 9 ], [ "R", 5 ], [ "R", 5 ], [ "R", 5 ], [ "R", 1 ], [ "W", 5 ], [ "R", 9 ], [ "R", 5 ], [ "R", 5 ], [ "R", 5 ], [ "R", 6 ], [ "W", 5 ], [ "W", 8 ], [ "R", 1 ], [ "R", 12 ], [ "R", 9 ], [ "W", 12 ] ]
    } ]
  },
  "ApplicationCustomerController.accept" : {
    "t" : [ {
      "id" : 0,
      "a" : [ [ "R", 3 ], [ "R", 3 ], [ "R", 9 ], [ "R", 9 ], [ "R", 8 ], [ "R", 8 ], [ "R", 8 ], [ "R", 12 ], [ "R", 3 ], [ "R", 11 ], [ "R", 11 ], [ "R", 8 ], [ "R", 9 ], [ "R", 9 ], [ "R", 9 ], [ "R", 3 ], [ "R", 11 ], [ "R", 11 ], [ "R", 3 ], [ "W", 3 ], [ "R", 3 ], [ "R", 3 ], [ "R", 3 ], [ "W", 3 ], [ "R", 3 ], [ "R", 11 ], [ "R", 9 ], [ "R", 3 ], [ "R", 11 ], [ "R", 9 ], [ "R", 9 ], [ "R", 9 ], [ "R", 1 ], [ "R", 1 ], [ "R", 1 ], [ "R", 12 ], [ "R", 1 ], [ "R", 12 ], [ "R", 12 ], [ "R", 11 ], [ "R", 9 ], [ "R", 9 ], [ "R", 1 ], [ "R", 1 ], [ "R", 1 ], [ "R", 12 ], [ "R", 11 ], [ "R", 11 ], [ "R", 11 ], [ "R", 8 ], [ "R", 9 ], [ "R", 9 ], [ "R", 9 ], [ "R", 11 ], [ "R", 3 ], [ "R", 3 ], [ "R", 3 ], [ "R", 11 ], [ "R", 5 ], [ "R", 5 ], [ "R", 5 ], [ "R", 6 ], [ "R", 5 ], [ "R", 9 ], [ "R", 9 ], [ "R", 1 ], [ "R", 1 ], [ "R", 1 ], [ "R", 12 ], [ "R", 9 ], [ "R", 5 ], [ "R", 5 ], [ "R", 5 ], [ "R", 6 ], [ "R", 5 ], [ "R", 1 ], [ "R", 5 ], [ "R", 5 ], [ "R", 5 ], [ "R", 5 ], [ "R", 6 ], [ "R", 5 ], [ "R", 9 ], [ "R", 9 ], [ "R", 8 ], [ "R", 8 ], [ "R", 8 ], [ "R", 12 ], [ "R", 11 ], [ "R", 8 ], [ "R", 9 ], [ "R", 9 ], [ "R", 9 ], [ "R", 11 ], [ "R", 9 ] ]
    } ]
  },
  "TripCustomerController.listRequests" : {
    "t" : [ {
      "id" : 0,
      "a" : [ [ "R", 9 ], [ "R", 9 ], [ "R", 8 ], [ "R", 8 ], [ "R", 8 ], [ "R", 12 ], [ "R", 11 ], [ "R", 11 ], [ "R", 11 ], [ "R", 11 ], [ "R", 11 ], [ "R", 11 ], [ "R", 11 ], [ "R", 11 ], [ "R", 11 ], [ "R", 9 ], [ "R", 9 ], [ "R", 1 ], [ "R", 1 ], [ "R", 1 ], [ "R", 12 ] ]
    } ]
  },
  "CommentController.create" : {
    "t" : [ {
      "id" : 0,
      "a" : [ [ "R", 6 ], [ "R", 6 ], [ "R", 9 ], [ "R", 9 ], [ "R", 1 ], [ "R", 1 ], [ "R", 1 ], [ "R", 12 ], [ "W", 5 ], [ "W", 1 ], [ "W", 5 ], [ "W", 5 ], [ "W", 6 ], [ "W", 5 ], [ "R", 6 ], [ "R", 6 ] ]
    } ]
  },
  "WelcomeController.index" : {
    "t" : [ {
      "id" : 0,
      "a" : [ [ "R", 7 ], [ "R", 7 ] ]
    } ]
  },
  "ApplicationCustomerController.deny" : {
    "t" : [ {
      "id" : 0,
      "a" : [ [ "R", 3 ], [ "R", 3 ], [ "R", 9 ], [ "R", 9 ], [ "R", 8 ], [ "R", 8 ], [ "R", 8 ], [ "R", 12 ], [ "R", 3 ], [ "R", 11 ], [ "R", 11 ], [ "R", 8 ], [ "R", 9 ], [ "R", 9 ], [ "R", 9 ], [ "R", 3 ], [ "R", 11 ], [ "R", 11 ], [ "R", 3 ], [ "W", 3 ], [ "R", 3 ], [ "R", 3 ], [ "R", 3 ], [ "W", 3 ], [ "R", 3 ], [ "R", 11 ], [ "R", 9 ], [ "R", 3 ], [ "R", 11 ], [ "R", 9 ], [ "R", 9 ], [ "R", 9 ], [ "R", 1 ], [ "R", 1 ], [ "R", 1 ], [ "R", 12 ], [ "R", 1 ], [ "R", 12 ], [ "R", 12 ], [ "R", 11 ], [ "R", 9 ], [ "R", 9 ], [ "R", 1 ], [ "R", 1 ], [ "R", 1 ], [ "R", 12 ], [ "R", 11 ], [ "R", 11 ], [ "R", 11 ], [ "R", 8 ], [ "R", 9 ], [ "R", 9 ], [ "R", 9 ], [ "R", 11 ], [ "R", 3 ], [ "R", 3 ], [ "R", 3 ], [ "R", 11 ], [ "R", 5 ], [ "R", 5 ], [ "R", 5 ], [ "R", 6 ], [ "R", 5 ], [ "R", 9 ], [ "R", 9 ], [ "R", 1 ], [ "R", 1 ], [ "R", 1 ], [ "R", 12 ], [ "R", 9 ], [ "R", 5 ], [ "R", 5 ], [ "R", 5 ], [ "R", 6 ], [ "R", 5 ], [ "R", 1 ], [ "R", 5 ], [ "R", 5 ], [ "R", 5 ], [ "R", 5 ], [ "R", 6 ], [ "R", 5 ], [ "R", 9 ], [ "R", 9 ], [ "R", 8 ], [ "R", 8 ], [ "R", 8 ], [ "R", 12 ], [ "R", 11 ], [ "R", 8 ], [ "R", 9 ], [ "R", 9 ], [ "R", 9 ], [ "R", 11 ], [ "R", 9 ] ]
    } ]
  },
  "ActorController.view" : {
    "t" : [ {
      "id" : 0,
      "a" : [ [ "R", 9 ], [ "R", 9 ], [ "R", 1 ], [ "R", 1 ], [ "R", 1 ], [ "R", 12 ], [ "R", 9 ], [ "R", 9 ], [ "R", 9 ], [ "R", 1 ], [ "R", 1 ], [ "R", 1 ], [ "R", 12 ], [ "R", 1 ], [ "R", 12 ], [ "R", 12 ], [ "R", 5 ], [ "R", 5 ], [ "R", 5 ], [ "R", 6 ], [ "R", 5 ], [ "R", 9 ], [ "R", 9 ], [ "R", 1 ], [ "R", 1 ], [ "R", 1 ], [ "R", 12 ], [ "R", 9 ], [ "R", 5 ], [ "R", 5 ], [ "R", 5 ], [ "R", 6 ], [ "R", 5 ], [ "R", 1 ], [ "R", 5 ], [ "R", 5 ], [ "R", 5 ], [ "R", 5 ], [ "R", 6 ], [ "R", 5 ], [ "R", 1 ], [ "R", 9 ] ]
    } ]
  },
  "TripAdministratorController.unban" : {
    "t" : [ {
      "id" : 0,
      "a" : [ [ "R", 9 ], [ "R", 9 ], [ "R", 1 ], [ "R", 1 ], [ "R", 1 ], [ "R", 12 ], [ "R", 11 ], [ "R", 11 ], [ "W", 11 ], [ "W", 11 ], [ "R", 11 ] ]
    } ]
  },
  "MessageActorController.delete" : {
    "t" : [ {
      "id" : 0,
      "a" : [ [ "R", 10 ], [ "R", 10 ], [ "R", 1 ], [ "R", 10 ], [ "R", 1 ], [ "R", 10 ], [ "R", 1 ], [ "R", 9 ], [ "R", 9 ], [ "R", 1 ], [ "R", 1 ], [ "R", 1 ], [ "R", 12 ], [ "R", 9 ], [ "R", 9 ], [ "R", 9 ], [ "R", 10 ], [ "R", 10 ], [ "R", 1 ], [ "R", 10 ], [ "R", 1 ], [ "R", 10 ], [ "R", 1 ], [ "R", 9 ], [ "R", 9 ], [ "R", 1 ], [ "R", 1 ], [ "R", 1 ], [ "R", 12 ], [ "R", 9 ], [ "R", 9 ], [ "R", 9 ], [ "R", 10 ], [ "R", 10 ], [ "R", 1 ], [ "R", 9 ], [ "R", 9 ], [ "R", 1 ], [ "R", 1 ], [ "R", 1 ], [ "R", 12 ], [ "R", 9 ], [ "R", 9 ], [ "R", 9 ], [ "R", 10 ], [ "R", 10 ], [ "R", 1 ], [ "R", 9 ], [ "R", 9 ], [ "R", 1 ], [ "R", 1 ], [ "R", 1 ], [ "R", 12 ], [ "R", 9 ], [ "R", 9 ], [ "R", 9 ], [ "R", 10 ], [ "R", 9 ], [ "R", 4 ], [ "R", 4 ], [ "R", 4 ], [ "R", 10 ], [ "R", 9 ], [ "W", 4 ], [ "W", 10 ] ]
    } ]
  },
  "TripCustomerController.createOffer" : {
    "t" : [ {
      "id" : 0,
      "a" : [ [ "W", 11 ], [ "R", 9 ], [ "R", 9 ], [ "R", 8 ], [ "R", 8 ], [ "R", 8 ], [ "R", 12 ], [ "W", 11 ], [ "W", 8 ], [ "W", 11 ], [ "R", 11 ] ]
    } ]
  },
  "ApplicationCustomerController.apply" : {
    "t" : [ {
      "id" : 0,
      "a" : [ [ "R", 9 ], [ "R", 9 ], [ "R", 8 ], [ "R", 8 ], [ "R", 8 ], [ "R", 12 ], [ "R", 11 ], [ "R", 9 ], [ "R", 9 ], [ "R", 1 ], [ "R", 1 ], [ "R", 1 ], [ "R", 12 ], [ "R", 11 ], [ "R", 11 ], [ "R", 11 ], [ "R", 8 ], [ "R", 9 ], [ "R", 9 ], [ "R", 9 ], [ "R", 11 ], [ "R", 11 ], [ "R", 8 ], [ "W", 3 ], [ "W", 11 ], [ "R", 3 ], [ "R", 11 ], [ "R", 11 ], [ "W", 3 ], [ "W", 8 ], [ "W", 3 ], [ "R", 9 ], [ "R", 9 ], [ "R", 8 ], [ "R", 8 ], [ "R", 8 ], [ "R", 12 ], [ "R", 3 ], [ "R", 11 ], [ "R", 11 ], [ "R", 8 ], [ "R", 9 ], [ "R", 9 ], [ "R", 9 ], [ "R", 3 ], [ "R", 3 ], [ "R", 3 ], [ "W", 3 ], [ "R", 9 ], [ "R", 9 ], [ "R", 1 ], [ "R", 1 ], [ "R", 1 ], [ "R", 12 ], [ "R", 1 ], [ "R", 12 ], [ "R", 12 ], [ "R", 11 ], [ "R", 9 ], [ "R", 9 ], [ "R", 1 ], [ "R", 1 ], [ "R", 1 ], [ "R", 12 ], [ "R", 11 ], [ "R", 11 ], [ "R", 11 ], [ "R", 8 ], [ "R", 9 ], [ "R", 9 ], [ "R", 9 ], [ "R", 11 ], [ "R", 3 ], [ "R", 3 ], [ "R", 3 ], [ "R", 11 ], [ "R", 5 ], [ "R", 5 ], [ "R", 5 ], [ "R", 6 ], [ "R", 5 ], [ "R", 9 ], [ "R", 9 ], [ "R", 1 ], [ "R", 1 ], [ "R", 1 ], [ "R", 12 ], [ "R", 9 ], [ "R", 5 ], [ "R", 5 ], [ "R", 5 ], [ "R", 6 ], [ "R", 5 ], [ "R", 1 ], [ "R", 5 ], [ "R", 5 ], [ "R", 5 ], [ "R", 5 ], [ "R", 6 ], [ "R", 5 ], [ "R", 9 ], [ "R", 9 ], [ "R", 8 ], [ "R", 8 ], [ "R", 8 ], [ "R", 12 ], [ "R", 11 ], [ "R", 8 ], [ "R", 9 ], [ "R", 9 ], [ "R", 9 ], [ "R", 11 ], [ "R", 9 ] ]
    } ]
  },
  "ConfigurationAdministratorController.save" : {
    "t" : [ {
      "id" : 0,
      "a" : [ [ "R", 7 ], [ "R", 7 ], [ "W", 7 ], [ "R", 9 ], [ "W", 9 ], [ "R", 9 ], [ "W", 9 ], [ "R", 9 ], [ "R", 9 ], [ "R", 1 ], [ "R", 1 ], [ "R", 1 ], [ "R", 12 ], [ "R", 1 ], [ "R", 12 ], [ "R", 12 ], [ "W", 7 ] ]
    } ]
  },
  "ConfigurationAdministratorController.createOffer" : {
    "t" : [ {
      "id" : 0,
      "a" : [ [ "R", 7 ] ]
    } ]
  },
  "CommentController.save" : {
    "t" : [ {
      "id" : 0,
      "a" : [ [ "R", 5 ], [ "R", 6 ], [ "R", 9 ], [ "R", 6 ], [ "R", 6 ], [ "R", 9 ], [ "R", 9 ], [ "R", 1 ], [ "R", 1 ], [ "R", 1 ], [ "R", 12 ], [ "W", 5 ], [ "W", 1 ], [ "W", 5 ], [ "W", 5 ], [ "W", 6 ], [ "W", 5 ], [ "R", 5 ], [ "W", 5 ], [ "R", 5 ], [ "W", 5 ], [ "R", 5 ], [ "W", 5 ], [ "W", 5 ], [ "W", 5 ], [ "W", 5 ], [ "R", 5 ], [ "R", 6 ], [ "R", 5 ], [ "R", 6 ], [ "R", 5 ], [ "R", 6 ], [ "R", 9 ] ]
    } ]
  },
  "ApplicationCustomerController.list" : {
    "t" : [ {
      "id" : 0,
      "a" : [ [ "R", 9 ], [ "R", 9 ], [ "R", 8 ], [ "R", 8 ], [ "R", 8 ], [ "R", 12 ], [ "R", 9 ], [ "R", 3 ], [ "R", 3 ], [ "R", 3 ], [ "R", 8 ] ]
    } ]
  },
  "TripAdministratorController.deny" : {
    "t" : [ {
      "id" : 0,
      "a" : [ [ "R", 9 ], [ "R", 9 ], [ "R", 1 ], [ "R", 1 ], [ "R", 1 ], [ "R", 12 ], [ "R", 11 ], [ "R", 11 ], [ "W", 11 ], [ "W", 11 ], [ "R", 11 ] ]
    } ]
  },
  "SecurityController.save" : {
    "t" : [ {
      "id" : 0,
      "a" : [ [ "W", 12 ], [ "R", 12 ], [ "W", 12 ], [ "R", 12 ], [ "W", 12 ], [ "W", 12 ], [ "W", 1 ], [ "W", 1 ], [ "W", 1 ], [ "W", 1 ], [ "W", 1 ], [ "W", 12 ], [ "R", 12 ], [ "W", 12 ], [ "R", 12 ], [ "R", 1 ], [ "R", 12 ], [ "W", 12 ], [ "W", 1 ], [ "W", 12 ], [ "W", 8 ] ]
    } ]
  },
  "MessageActorController.forward" : {
    "t" : [ {
      "id" : 0,
      "a" : [ [ "R", 10 ], [ "R", 10 ], [ "R", 1 ], [ "R", 10 ], [ "R", 1 ], [ "R", 10 ], [ "R", 1 ], [ "R", 9 ], [ "R", 9 ], [ "R", 1 ], [ "R", 1 ], [ "R", 1 ], [ "R", 12 ], [ "R", 9 ], [ "R", 9 ], [ "R", 9 ], [ "R", 10 ], [ "R", 10 ], [ "R", 1 ], [ "R", 10 ], [ "R", 1 ], [ "R", 10 ], [ "R", 1 ], [ "R", 9 ], [ "R", 9 ], [ "R", 1 ], [ "R", 1 ], [ "R", 1 ], [ "R", 12 ], [ "R", 9 ], [ "R", 9 ], [ "R", 9 ], [ "R", 10 ], [ "R", 10 ], [ "R", 1 ], [ "R", 9 ], [ "R", 9 ], [ "R", 1 ], [ "R", 1 ], [ "R", 1 ], [ "R", 12 ], [ "R", 9 ], [ "R", 9 ], [ "R", 9 ], [ "R", 10 ], [ "R", 10 ], [ "R", 1 ], [ "R", 9 ], [ "R", 9 ], [ "R", 1 ], [ "R", 1 ], [ "R", 1 ], [ "R", 12 ], [ "R", 9 ], [ "R", 9 ], [ "R", 9 ], [ "R", 10 ], [ "W", 4 ], [ "W", 10 ], [ "R", 9 ], [ "R", 4 ], [ "R", 4 ], [ "R", 4 ], [ "R", 10 ], [ "R", 4 ], [ "W", 4 ], [ "R", 4 ], [ "W", 4 ], [ "R", 10 ], [ "R", 10 ], [ "R", 1 ] ]
    } ]
  },
  "MessageActorController.reply" : {
    "t" : [ {
      "id" : 0,
      "a" : [ [ "R", 10 ], [ "R", 10 ], [ "R", 1 ], [ "R", 10 ], [ "R", 1 ], [ "R", 10 ], [ "R", 1 ], [ "R", 9 ], [ "R", 9 ], [ "R", 1 ], [ "R", 1 ], [ "R", 1 ], [ "R", 12 ], [ "R", 9 ], [ "R", 9 ], [ "R", 9 ], [ "R", 10 ], [ "R", 10 ], [ "R", 1 ], [ "R", 10 ], [ "R", 1 ], [ "R", 10 ], [ "R", 1 ], [ "R", 9 ], [ "R", 9 ], [ "R", 1 ], [ "R", 1 ], [ "R", 1 ], [ "R", 12 ], [ "R", 9 ], [ "R", 9 ], [ "R", 9 ], [ "R", 10 ], [ "R", 10 ], [ "R", 1 ], [ "R", 9 ], [ "R", 9 ], [ "R", 1 ], [ "R", 1 ], [ "R", 1 ], [ "R", 12 ], [ "R", 9 ], [ "R", 9 ], [ "R", 9 ], [ "R", 10 ], [ "R", 10 ], [ "R", 1 ], [ "R", 9 ], [ "R", 9 ], [ "R", 1 ], [ "R", 1 ], [ "R", 1 ], [ "R", 12 ], [ "R", 9 ], [ "R", 9 ], [ "R", 9 ], [ "R", 10 ], [ "R", 10 ], [ "R", 1 ], [ "R", 10 ], [ "R", 1 ], [ "R", 9 ], [ "R", 1 ], [ "R", 1 ] ]
    } ]
  },
  "MessageActorController.addAttachment" : {
    "t" : [ {
      "id" : 0,
      "a" : [ [ "R", 1 ] ]
    } ]
  },
  "TripAdministratorController.listRequests" : {
    "t" : [ {
      "id" : 0,
      "a" : [ [ "R", 11 ], [ "R", 11 ], [ "R", 11 ] ]
    } ]
  },
  "ActorController.myProfile" : {
    "t" : [ {
      "id" : 0,
      "a" : [ [ "R", 9 ], [ "R", 9 ], [ "R", 1 ], [ "R", 1 ], [ "R", 1 ], [ "R", 12 ], [ "R", 9 ], [ "R", 9 ], [ "R", 9 ], [ "R", 1 ], [ "R", 1 ], [ "R", 1 ], [ "R", 12 ], [ "R", 9 ], [ "R", 9 ], [ "R", 9 ], [ "R", 1 ], [ "R", 1 ], [ "R", 1 ], [ "R", 12 ], [ "R", 1 ], [ "R", 12 ], [ "R", 12 ], [ "R", 5 ], [ "R", 5 ], [ "R", 5 ], [ "R", 6 ], [ "R", 5 ], [ "R", 9 ], [ "R", 9 ], [ "R", 1 ], [ "R", 1 ], [ "R", 1 ], [ "R", 12 ], [ "R", 9 ], [ "R", 5 ], [ "R", 5 ], [ "R", 5 ], [ "R", 6 ], [ "R", 5 ], [ "R", 1 ], [ "R", 5 ], [ "R", 5 ], [ "R", 5 ], [ "R", 5 ], [ "R", 6 ], [ "R", 5 ], [ "R", 1 ], [ "R", 9 ] ]
    } ]
  },
  "MessageActorController.removeAttachment" : {
    "t" : [ {
      "id" : 0,
      "a" : [ [ "R", 1 ] ]
    } ]
  },
  "TripController.display" : {
    "t" : [ {
      "id" : 0,
      "a" : [ [ "R", 9 ], [ "R", 9 ], [ "R", 1 ], [ "R", 1 ], [ "R", 1 ], [ "R", 12 ], [ "R", 1 ], [ "R", 12 ], [ "R", 12 ], [ "R", 11 ], [ "R", 9 ], [ "R", 9 ], [ "R", 1 ], [ "R", 1 ], [ "R", 1 ], [ "R", 12 ], [ "R", 11 ], [ "R", 11 ], [ "R", 11 ], [ "R", 8 ], [ "R", 9 ], [ "R", 9 ], [ "R", 9 ], [ "R", 11 ], [ "R", 3 ], [ "R", 3 ], [ "R", 3 ], [ "R", 11 ], [ "R", 5 ], [ "R", 5 ], [ "R", 5 ], [ "R", 6 ], [ "R", 5 ], [ "R", 9 ], [ "R", 9 ], [ "R", 1 ], [ "R", 1 ], [ "R", 1 ], [ "R", 12 ], [ "R", 9 ], [ "R", 5 ], [ "R", 5 ], [ "R", 5 ], [ "R", 6 ], [ "R", 5 ], [ "R", 1 ], [ "R", 5 ], [ "R", 5 ], [ "R", 5 ], [ "R", 5 ], [ "R", 6 ], [ "R", 5 ], [ "R", 9 ], [ "R", 9 ], [ "R", 8 ], [ "R", 8 ], [ "R", 8 ], [ "R", 12 ], [ "R", 11 ], [ "R", 8 ], [ "R", 9 ], [ "R", 9 ], [ "R", 9 ], [ "R", 11 ], [ "R", 9 ] ]
    } ]
  },
  "MessageActorController.view" : {
    "t" : [ {
      "id" : 0,
      "a" : [ [ "R", 10 ], [ "R", 10 ], [ "R", 1 ], [ "R", 10 ], [ "R", 1 ], [ "R", 10 ], [ "R", 1 ], [ "R", 9 ], [ "R", 9 ], [ "R", 1 ], [ "R", 1 ], [ "R", 1 ], [ "R", 12 ], [ "R", 9 ], [ "R", 9 ], [ "R", 9 ], [ "R", 10 ], [ "R", 10 ], [ "R", 1 ], [ "R", 10 ], [ "R", 1 ], [ "R", 10 ], [ "R", 1 ], [ "R", 9 ], [ "R", 9 ], [ "R", 1 ], [ "R", 1 ], [ "R", 1 ], [ "R", 12 ], [ "R", 9 ], [ "R", 9 ], [ "R", 9 ], [ "R", 10 ], [ "R", 10 ], [ "R", 1 ], [ "R", 9 ], [ "R", 9 ], [ "R", 1 ], [ "R", 1 ], [ "R", 1 ], [ "R", 12 ], [ "R", 9 ], [ "R", 9 ], [ "R", 9 ], [ "R", 10 ], [ "R", 10 ], [ "R", 1 ], [ "R", 9 ], [ "R", 9 ], [ "R", 1 ], [ "R", 1 ], [ "R", 1 ], [ "R", 12 ], [ "R", 9 ], [ "R", 9 ], [ "R", 9 ], [ "R", 10 ], [ "R", 9 ], [ "R", 4 ], [ "R", 4 ], [ "R", 4 ], [ "R", 10 ] ]
    } ]
  }
}