{
  "1" : "Actor",
  "2" : "Administrador",
  "3" : "Alergeno",
  "4" : "Analisis",
  "5" : "Bandeja",
  "6" : "Buscador",
  "7" : "Cliente",
  "8" : "Consumicion",
  "9" : "ContencionMensaje",
  "10" : "Critica",
  "11" : "Critico",
  "12" : "Cupon",
  "13" : "DomainEntity",
  "14" : "LineaDeReserva",
  "15" : "LineaOfertaReserva",
  "16" : "LineaPlatoOferta",
  "17" : "Mensaje",
  "18" : "Mesa",
  "19" : "Notificacion",
  "20" : "Oferta",
  "21" : "Peticion",
  "22" : "Plato",
  "23" : "Quedada",
  "24" : "Reserva",
  "25" : "Restaurante",
  "26" : "SystemConfig",
  "27" : "Ticket",
  "28" : "UserAccount",
  "29" : "Valoracion"
}