{
  "1" : "Accomodation",
  "2" : "Actor",
  "3" : "Admin",
  "4" : "BookingAccomodation",
  "5" : "BookingTransport",
  "6" : "Cleaner",
  "7" : "CleaningTask",
  "8" : "Complaint",
  "9" : "Config",
  "10" : "Curricula",
  "11" : "Customer",
  "12" : "DomainEntity",
  "13" : "EducationalData",
  "14" : "FinderAccomodation",
  "15" : "FinderRequest",
  "16" : "Host",
  "17" : "JobApplication",
  "18" : "Mailbox",
  "19" : "Message",
  "20" : "MiscellaneousAttachment",
  "21" : "Referee",
  "22" : "Request",
  "23" : "Review",
  "24" : "SocialProfile",
  "25" : "Tag",
  "26" : "Transport",
  "27" : "Transporter",
  "28" : "TravelAgency",
  "29" : "TravelPack",
  "30" : "UserAccount",
  "31" : "Valoration",
  "32" : "Warranty"
}