{
  "Actor" : 1,
  "Administrator" : 2,
  "Application" : 3,
  "Article" : 4,
  "Audit" : 5,
  "Auditor" : 6,
  "Box" : 7,
  "Category" : 8,
  "Comment" : 9,
  "CreditCard" : 10,
  "Curriculum" : 11,
  "Customer" : 12,
  "Customisation" : 13,
  "DomainEntity" : 14,
  "EducationRecord" : 15,
  "Endorsement" : 16,
  "EndorserRecord" : 17,
  "Finder" : 18,
  "Message" : 19,
  "MiscellaneousRecord" : 20,
  "Nutritionist" : 21,
  "PersonalRecord" : 22,
  "ProfessionalRecord" : 23,
  "Session" : 24,
  "SocialProfile" : 25,
  "Trainer" : 26,
  "UserAccount" : 27,
  "WorkingOut" : 28
}