{
  "1" : "Actor",
  "2" : "Administrator",
  "3" : "Answer",
  "4" : "Bargain",
  "5" : "Category",
  "6" : "Comment",
  "7" : "Company",
  "8" : "Configuration",
  "9" : "CreditCard",
  "10" : "DomainEntity",
  "11" : "Evaluation",
  "12" : "Groupon",
  "13" : "Identifier",
  "14" : "Internationalization",
  "15" : "Level",
  "16" : "Moderator",
  "17" : "Notification",
  "18" : "Participation",
  "19" : "Plan",
  "20" : "Question",
  "21" : "Raffle",
  "22" : "Sponsor",
  "23" : "Sponsorship",
  "24" : "Subscription",
  "25" : "Survey",
  "26" : "Tag",
  "27" : "Ticket",
  "28" : "User",
  "29" : "UserAccount"
}