{
  "1" : "Actor",
  "2" : "Administrator",
  "3" : "Bulletin",
  "4" : "Category",
  "5" : "Classification",
  "6" : "Club",
  "7" : "Comment",
  "8" : "CommentedEntity",
  "9" : "Curriculum",
  "10" : "DomainEntity",
  "11" : "Entered",
  "12" : "FeePayment",
  "13" : "Finances",
  "14" : "Folder",
  "15" : "League",
  "16" : "Manager",
  "17" : "MessageEntity",
  "18" : "Participates",
  "19" : "Punishment",
  "20" : "Race",
  "21" : "Referee",
  "22" : "Runner",
  "23" : "Sponsor",
  "24" : "UserAccount"
}