{
  "Actor" : 1,
  "Admin" : 2,
  "Application" : 3,
  "AuditRecord" : 4,
  "Auditor" : 5,
  "Category" : 6,
  "Configuration" : 7,
  "Contact" : 8,
  "Curriculum" : 9,
  "DomainEntity" : 10,
  "EducationRecord" : 11,
  "EndorserRecord" : 12,
  "Explorer" : 13,
  "Finder" : 14,
  "Folder" : 15,
  "HasValue" : 16,
  "LegalText" : 17,
  "Manager" : 18,
  "Message" : 19,
  "MiscellaneousRecord" : 20,
  "Note" : 21,
  "PersonalRecord" : 22,
  "ProfessionalRecord" : 23,
  "Ranger" : 24,
  "SocialIdentity" : 25,
  "Sponsor" : 26,
  "Sponsorship" : 27,
  "Stage" : 28,
  "Story" : 29,
  "SurvivalClass" : 30,
  "Tag" : 31,
  "Trip" : 32,
  "UserAccount" : 33
}