{
  "1" : "Actor",
  "2" : "Admin",
  "3" : "Advertisement",
  "4" : "Answer",
  "5" : "AuctionAdvertisement",
  "6" : "Bid",
  "7" : "Business",
  "8" : "BusinessInfo",
  "9" : "Chat",
  "10" : "Config",
  "11" : "DomainEntity",
  "12" : "ExpressAdvertisement",
  "13" : "FacturationData",
  "14" : "Folder",
  "15" : "Item",
  "16" : "Message",
  "17" : "Moderator",
  "18" : "Question",
  "19" : "Report",
  "20" : "Review",
  "21" : "SaleLine",
  "22" : "ShipmentAddress",
  "23" : "ShippingInfo",
  "24" : "ShopAdvertisement",
  "25" : "ShoppingCart",
  "26" : "SocialIdentity",
  "27" : "Ticket",
  "28" : "User",
  "29" : "UserAccount",
  "30" : "Valoration"
}