{
  "CommentController.list" : {
    "t" : [ {
      "id" : 0,
      "a" : [ [ "R", 9 ], [ "R", 9 ], [ "R", 9 ], [ "R", 9 ], [ "R", 8 ], [ "R", 8 ], [ "R", 8 ], [ "R", 9 ], [ "R", 8 ], [ "R", 8 ], [ "R", 8 ], [ "R", 8 ], [ "R", 9 ] ]
    } ]
  },
  "EconomicTransactionCreateMoneyController.list" : {
    "t" : [ {
      "id" : 0,
      "a" : [ [ "R", 11 ], [ "R", 11 ], [ "R", 1 ], [ "R", 1 ], [ "R", 1 ], [ "R", 20 ], [ "R", 12 ], [ "R", 12 ], [ "R", 2 ], [ "R", 1 ], [ "R", 20 ], [ "R", 12 ], [ "R", 12 ], [ "R", 2 ], [ "R", 1 ], [ "R", 20 ], [ "R", 12 ], [ "R", 12 ], [ "R", 12 ], [ "R", 2 ], [ "R", 1 ], [ "R", 20 ], [ "R", 12 ], [ "R", 12 ], [ "R", 2 ], [ "R", 1 ], [ "R", 20 ], [ "R", 12 ] ]
    } ]
  },
  "BankAgentGovernmentAgentController.denied" : {
    "t" : [ {
      "id" : 0,
      "a" : [ [ "R", 11 ], [ "R", 11 ], [ "R", 1 ], [ "R", 1 ], [ "R", 1 ], [ "R", 20 ], [ "R", 3 ], [ "R", 3 ], [ "W", 3 ] ]
    } ]
  },
  "CommentActorController.delete" : {
    "t" : [ {
      "id" : 0,
      "a" : [ [ "R", 8 ], [ "R", 11 ], [ "R", 11 ], [ "R", 7 ], [ "R", 7 ], [ "R", 7 ], [ "R", 20 ], [ "R", 11 ], [ "R", 11 ], [ "R", 15 ], [ "R", 15 ], [ "R", 15 ], [ "R", 20 ], [ "W", 8 ], [ "R", 11 ], [ "R", 11 ], [ "R", 1 ], [ "R", 1 ], [ "R", 1 ], [ "R", 20 ], [ "W", 8 ], [ "W", 1 ], [ "R", 9 ], [ "R", 9 ], [ "R", 9 ], [ "W", 8 ], [ "W", 9 ], [ "R", 8 ], [ "W", 8 ], [ "W", 8 ], [ "W", 8 ], [ "W", 8 ], [ "W", 8 ], [ "W", 8 ], [ "W", 8 ], [ "R", 11 ], [ "R", 11 ], [ "R", 15 ], [ "R", 15 ], [ "R", 15 ], [ "R", 20 ], [ "R", 8 ], [ "R", 9 ], [ "R", 9 ], [ "R", 8 ], [ "R", 8 ], [ "R", 1 ], [ "R", 1 ], [ "R", 8 ], [ "R", 8 ], [ "R", 8 ], [ "R", 8 ], [ "R", 8 ], [ "R", 8 ], [ "R", 8 ], [ "R", 8 ], [ "R", 8 ], [ "W", 8 ] ]
    } ]
  },
  "MessageController.delete" : {
    "t" : [ {
      "id" : 0,
      "a" : [ [ "R", 11 ], [ "R", 11 ], [ "R", 1 ], [ "R", 1 ], [ "R", 1 ], [ "R", 20 ], [ "R", 11 ], [ "R", 18 ], [ "R", 14 ], [ "R", 11 ], [ "R", 18 ], [ "R", 11 ], [ "R", 11 ], [ "R", 1 ], [ "R", 1 ], [ "R", 1 ], [ "R", 20 ], [ "R", 1 ], [ "R", 20 ], [ "R", 11 ], [ "R", 1 ], [ "R", 1 ], [ "R", 14 ], [ "R", 1 ], [ "R", 20 ], [ "W", 18 ], [ "W", 14 ], [ "W", 18 ], [ "R", 11 ], [ "R", 11 ], [ "R", 1 ], [ "R", 1 ], [ "R", 1 ], [ "R", 20 ], [ "W", 18 ], [ "W", 1 ], [ "R", 1 ], [ "R", 20 ], [ "R", 11 ], [ "R", 14 ], [ "R", 1 ], [ "R", 1 ], [ "R", 14 ], [ "R", 1 ], [ "R", 14 ], [ "R", 1 ], [ "R", 20 ], [ "R", 1 ], [ "R", 14 ], [ "W", 18 ], [ "W", 14 ], [ "W", 18 ], [ "W", 18 ], [ "W", 1 ], [ "R", 1 ], [ "R", 20 ], [ "R", 11 ], [ "R", 14 ], [ "R", 1 ], [ "R", 1 ], [ "R", 14 ], [ "R", 1 ], [ "R", 14 ], [ "R", 1 ], [ "R", 20 ], [ "R", 1 ], [ "R", 14 ], [ "W", 18 ], [ "W", 14 ], [ "R", 18 ], [ "W", 18 ], [ "R", 18 ], [ "W", 18 ], [ "R", 18 ], [ "W", 18 ], [ "R", 18 ], [ "R", 1 ], [ "W", 18 ], [ "W", 1 ], [ "R", 18 ], [ "R", 14 ], [ "R", 11 ], [ "R", 11 ], [ "R", 11 ], [ "R", 1 ], [ "R", 1 ], [ "R", 1 ], [ "R", 20 ], [ "R", 18 ], [ "R", 1 ], [ "R", 11 ], [ "R", 11 ], [ "R", 11 ], [ "R", 18 ], [ "R", 1 ], [ "R", 11 ], [ "R", 11 ], [ "R", 11 ], [ "R", 11 ], [ "R", 11 ], [ "R", 1 ], [ "R", 1 ], [ "R", 1 ], [ "R", 20 ], [ "R", 1 ], [ "R", 20 ], [ "R", 11 ], [ "R", 14 ], [ "R", 1 ], [ "R", 1 ], [ "R", 14 ], [ "R", 1 ], [ "R", 14 ], [ "R", 1 ], [ "R", 20 ], [ "R", 1 ], [ "R", 14 ], [ "R", 18 ], [ "R", 14 ], [ "W", 18 ], [ "W", 14 ], [ "W", 18 ], [ "R", 14 ], [ "R", 18 ], [ "W", 18 ], [ "R", 1 ], [ "R", 11 ], [ "R", 11 ], [ "R", 1 ], [ "R", 1 ], [ "R", 1 ], [ "R", 20 ], [ "R", 11 ], [ "R", 11 ], [ "R", 1 ], [ "R", 1 ], [ "R", 14 ], [ "R", 1 ], [ "R", 20 ], [ "R", 11 ], [ "R", 11 ], [ "R", 18 ], [ "R", 18 ], [ "R", 1 ], [ "R", 1 ], [ "R", 18 ], [ "R", 1 ], [ "R", 1 ] ]
    } ]
  },
  "LotteryGovernmentAgentController.makeWinner" : {
    "t" : [ {
      "id" : 0,
      "a" : [ [ "R", 16 ], [ "R", 16 ], [ "R", 17 ], [ "R", 16 ], [ "R", 16 ], [ "R", 15 ], [ "R", 11 ], [ "R", 16 ], [ "R", 16 ], [ "R", 16 ], [ "R", 15 ], [ "R", 16 ], [ "R", 17 ], [ "R", 16 ], [ "R", 17 ], [ "W", 16 ], [ "W", 17 ], [ "R", 16 ], [ "R", 17 ], [ "R", 16 ], [ "R", 16 ], [ "R", 17 ], [ "R", 7 ], [ "R", 11 ], [ "R", 1 ], [ "R", 16 ], [ "R", 15 ], [ "R", 11 ], [ "R", 1 ], [ "R", 1 ], [ "R", 2 ], [ "R", 2 ], [ "R", 1 ], [ "R", 2 ], [ "R", 2 ], [ "R", 1 ], [ "R", 2 ], [ "W", 2 ], [ "R", 1 ], [ "R", 2 ], [ "W", 2 ] ]
    } ]
  },
  "BankAgentController.list" : {
    "t" : [ {
      "id" : 0,
      "a" : [ [ "R", 3 ], [ "R", 11 ], [ "R", 11 ], [ "R", 1 ], [ "R", 1 ], [ "R", 1 ], [ "R", 20 ] ]
    } ]
  },
  "ChirpGovernmentAgentController.save" : {
    "t" : [ {
      "id" : 0,
      "a" : [ [ "R", 11 ], [ "R", 11 ], [ "R", 15 ], [ "R", 15 ], [ "R", 15 ], [ "R", 20 ], [ "R", 11 ], [ "R", 6 ], [ "R", 11 ], [ "R", 11 ], [ "R", 15 ], [ "R", 15 ], [ "R", 15 ], [ "R", 20 ], [ "R", 11 ], [ "R", 11 ], [ "R", 15 ], [ "R", 15 ], [ "R", 15 ], [ "R", 20 ], [ "W", 6 ], [ "R", 11 ], [ "R", 11 ], [ "R", 15 ], [ "R", 15 ], [ "R", 15 ], [ "R", 20 ], [ "W", 6 ], [ "W", 15 ], [ "W", 6 ], [ "W", 15 ], [ "W", 6 ], [ "W", 6 ], [ "W", 6 ], [ "W", 6 ], [ "W", 6 ], [ "R", 11 ], [ "R", 11 ], [ "R", 15 ], [ "R", 15 ], [ "R", 15 ], [ "R", 20 ], [ "R", 6 ], [ "R", 6 ], [ "R", 6 ], [ "R", 6 ], [ "R", 11 ], [ "W", 6 ], [ "W", 6 ], [ "R", 11 ], [ "R", 6 ], [ "R", 15 ], [ "R", 15 ], [ "R", 6 ], [ "R", 11 ], [ "R", 11 ], [ "R", 15 ], [ "R", 15 ], [ "R", 15 ], [ "R", 20 ], [ "R", 11 ] ]
    } ]
  },
  "ElectionGovernmentAgentController.save" : {
    "t" : [ {
      "id" : 0,
      "a" : [ [ "R", 13 ], [ "R", 11 ], [ "R", 11 ], [ "R", 15 ], [ "R", 15 ], [ "R", 15 ], [ "R", 20 ], [ "R", 11 ], [ "R", 11 ], [ "R", 15 ], [ "R", 15 ], [ "R", 15 ], [ "R", 20 ], [ "R", 11 ], [ "R", 11 ], [ "R", 15 ], [ "R", 15 ], [ "R", 15 ], [ "R", 20 ], [ "R", 15 ], [ "R", 11 ], [ "R", 11 ], [ "R", 15 ], [ "R", 15 ], [ "R", 15 ], [ "R", 20 ], [ "W", 13 ], [ "W", 15 ], [ "W", 13 ], [ "W", 5 ], [ "W", 13 ], [ "W", 7 ], [ "W", 9 ], [ "W", 8 ], [ "W", 13 ], [ "W", 15 ], [ "W", 13 ], [ "W", 13 ], [ "W", 13 ], [ "R", 11 ], [ "R", 11 ], [ "R", 15 ], [ "R", 15 ], [ "R", 15 ], [ "R", 20 ], [ "R", 11 ], [ "R", 11 ], [ "R", 15 ], [ "R", 15 ], [ "R", 15 ], [ "R", 20 ], [ "R", 15 ], [ "R", 13 ], [ "R", 13 ], [ "W", 13 ], [ "R", 11 ], [ "R", 13 ], [ "R", 15 ], [ "R", 15 ], [ "R", 13 ] ]
    } ]
  },
  "CandidatureCitizenController.create" : {
    "t" : [ {
      "id" : 0,
      "a" : [ [ "R", 11 ], [ "R", 11 ], [ "R", 7 ], [ "R", 7 ], [ "R", 7 ], [ "R", 20 ], [ "R", 13 ], [ "R", 13 ], [ "R", 13 ], [ "R", 13 ], [ "W", 5 ], [ "W", 5 ], [ "W", 13 ], [ "W", 5 ], [ "W", 4 ], [ "W", 9 ], [ "W", 8 ], [ "R", 11 ], [ "R", 5 ], [ "R", 13 ], [ "R", 11 ], [ "R", 5 ], [ "R", 5 ], [ "R", 5 ], [ "R", 5 ] ]
    } ]
  },
  "FolderController.delete" : {
    "t" : [ {
      "id" : 0,
      "a" : [ [ "R", 14 ], [ "W", 14 ], [ "W", 14 ], [ "W", 14 ], [ "W", 14 ], [ "W", 14 ], [ "W", 14 ], [ "W", 18 ], [ "R", 14 ], [ "W", 14 ], [ "W", 14 ], [ "W", 14 ], [ "R", 11 ], [ "R", 11 ], [ "R", 1 ], [ "R", 1 ], [ "R", 1 ], [ "R", 20 ], [ "R", 1 ], [ "R", 20 ], [ "R", 11 ], [ "R", 1 ], [ "R", 1 ], [ "R", 14 ], [ "R", 1 ], [ "R", 20 ], [ "R", 11 ], [ "R", 11 ], [ "R", 1 ], [ "R", 1 ], [ "R", 1 ], [ "R", 20 ], [ "R", 14 ], [ "R", 14 ], [ "R", 14 ], [ "R", 18 ], [ "W", 18 ], [ "R", 1 ], [ "R", 14 ], [ "R", 14 ], [ "R", 14 ], [ "W", 14 ], [ "R", 11 ], [ "R", 11 ], [ "R", 1 ], [ "R", 1 ], [ "R", 14 ], [ "R", 1 ], [ "R", 20 ], [ "R", 14 ] ]
    } ]
  },
  "PetitionGovernmentAgentController.delete" : {
    "t" : [ {
      "id" : 0,
      "a" : [ [ "R", 19 ], [ "R", 11 ], [ "R", 11 ], [ "R", 15 ], [ "R", 15 ], [ "R", 15 ], [ "R", 20 ], [ "R", 19 ], [ "R", 7 ], [ "R", 7 ], [ "R", 19 ], [ "R", 19 ], [ "R", 15 ], [ "R", 9 ], [ "R", 8 ], [ "R", 15 ], [ "R", 19 ], [ "R", 11 ], [ "R", 11 ], [ "R", 15 ], [ "R", 15 ], [ "R", 15 ], [ "R", 20 ], [ "R", 8 ], [ "R", 9 ], [ "R", 9 ], [ "R", 8 ], [ "R", 8 ], [ "R", 1 ], [ "R", 1 ], [ "R", 8 ], [ "R", 8 ], [ "R", 8 ], [ "R", 8 ], [ "R", 8 ], [ "R", 8 ], [ "R", 8 ], [ "R", 8 ], [ "R", 8 ], [ "W", 8 ], [ "W", 19 ], [ "R", 19 ], [ "R", 7 ], [ "R", 11 ], [ "R", 19 ], [ "R", 7 ], [ "R", 11 ] ]
    } ]
  },
  "BankAccountBankAgentController.save" : {
    "t" : [ {
      "id" : 0,
      "a" : [ [ "R", 11 ], [ "R", 2 ], [ "R", 11 ], [ "R", 11 ], [ "R", 3 ], [ "R", 3 ], [ "R", 3 ], [ "R", 20 ], [ "R", 11 ], [ "R", 11 ], [ "R", 3 ], [ "R", 3 ], [ "R", 3 ], [ "R", 20 ], [ "W", 2 ], [ "W", 12 ], [ "W", 2 ], [ "W", 12 ], [ "W", 2 ], [ "R", 11 ], [ "R", 11 ], [ "R", 3 ], [ "R", 3 ], [ "R", 3 ], [ "R", 20 ], [ "R", 3 ], [ "R", 2 ], [ "R", 2 ], [ "R", 11 ], [ "R", 11 ], [ "R", 3 ], [ "R", 3 ], [ "R", 3 ], [ "R", 20 ], [ "R", 3 ], [ "W", 2 ], [ "W", 2 ], [ "W", 3 ], [ "W", 2 ], [ "W", 3 ], [ "R", 11 ], [ "R", 11 ], [ "R", 3 ], [ "R", 3 ], [ "R", 3 ], [ "R", 20 ], [ "R", 3 ], [ "R", 2 ], [ "R", 2 ], [ "R", 11 ], [ "R", 11 ], [ "R", 3 ], [ "R", 3 ], [ "R", 3 ], [ "R", 20 ], [ "R", 3 ], [ "W", 2 ], [ "W", 2 ], [ "W", 12 ], [ "W", 2 ], [ "W", 12 ], [ "W", 2 ], [ "R", 2 ], [ "R", 1 ], [ "W", 2 ], [ "W", 1 ], [ "R", 1 ], [ "R", 1 ], [ "R", 1 ], [ "R", 2 ], [ "W", 2 ], [ "R", 2 ], [ "R", 1 ], [ "W", 1 ], [ "W", 2 ], [ "R", 1 ], [ "R", 1 ], [ "R", 1 ], [ "R", 2 ] ]
    } ]
  },
  "CandidatureCitizenController.vote" : {
    "t" : [ {
      "id" : 0,
      "a" : [ [ "R", 5 ], [ "R", 5 ], [ "R", 13 ], [ "R", 11 ], [ "R", 11 ], [ "R", 7 ], [ "R", 7 ], [ "R", 7 ], [ "R", 20 ], [ "R", 7 ], [ "R", 13 ], [ "R", 11 ], [ "R", 11 ], [ "R", 7 ], [ "R", 7 ], [ "R", 7 ], [ "R", 20 ], [ "R", 5 ], [ "R", 13 ], [ "R", 7 ], [ "R", 13 ], [ "R", 5 ], [ "W", 5 ], [ "R", 7 ], [ "R", 13 ], [ "R", 13 ], [ "R", 7 ], [ "W", 5 ], [ "R", 5 ], [ "R", 13 ], [ "R", 11 ], [ "R", 5 ], [ "R", 13 ], [ "R", 11 ] ]
    } ]
  },
  "WelcomeMessageGovernmentAgentController.create" : {
    "t" : [ {
      "id" : 0,
      "a" : [ [ "R", 10 ], [ "R", 11 ], [ "R", 11 ], [ "R", 11 ], [ "R", 15 ], [ "R", 15 ], [ "R", 15 ], [ "R", 20 ], [ "R", 11 ], [ "R", 21 ], [ "R", 21 ] ]
    } ]
  },
  "FolderController.list" : {
    "t" : [ {
      "id" : 0,
      "a" : [ [ "R", 11 ], [ "R", 11 ], [ "R", 1 ], [ "R", 1 ], [ "R", 1 ], [ "R", 20 ], [ "R", 1 ], [ "R", 20 ], [ "R", 11 ], [ "R", 14 ], [ "R", 1 ], [ "R", 1 ], [ "R", 14 ], [ "R", 1 ], [ "R", 14 ], [ "R", 1 ], [ "R", 20 ], [ "R", 1 ], [ "R", 14 ], [ "R", 14 ], [ "R", 14 ], [ "R", 11 ], [ "R", 11 ], [ "R", 1 ], [ "R", 1 ], [ "R", 1 ], [ "R", 20 ], [ "R", 1 ], [ "R", 20 ], [ "R", 11 ], [ "R", 1 ], [ "R", 1 ], [ "R", 14 ], [ "R", 1 ], [ "R", 20 ], [ "R", 14 ], [ "R", 14 ] ]
    } ]
  },
  "BankAgentController.listUser" : {
    "t" : [ {
      "id" : 0,
      "a" : [ [ "R", 3 ] ]
    } ]
  },
  "ChirpGovernmentAgentController.create" : {
    "t" : [ {
      "id" : 0,
      "a" : [ [ "R", 11 ], [ "R", 11 ], [ "R", 15 ], [ "R", 15 ], [ "R", 15 ], [ "R", 20 ], [ "R", 6 ], [ "R", 6 ], [ "R", 15 ], [ "R", 11 ], [ "R", 11 ], [ "R", 15 ], [ "R", 15 ], [ "R", 15 ], [ "R", 20 ], [ "R", 11 ], [ "R", 11 ], [ "R", 11 ], [ "R", 11 ], [ "R", 11 ], [ "R", 11 ], [ "R", 15 ], [ "R", 15 ], [ "R", 15 ], [ "R", 20 ], [ "R", 11 ], [ "R", 6 ], [ "R", 6 ], [ "R", 6 ], [ "R", 6 ], [ "R", 6 ] ]
    } ]
  },
  "CommentGovernmentAgentController.delete" : {
    "t" : [ {
      "id" : 0,
      "a" : [ [ "R", 8 ], [ "R", 11 ], [ "R", 11 ], [ "R", 15 ], [ "R", 15 ], [ "R", 15 ], [ "R", 20 ], [ "R", 8 ], [ "R", 9 ], [ "R", 9 ], [ "R", 8 ], [ "R", 8 ], [ "R", 1 ], [ "R", 1 ], [ "R", 8 ], [ "R", 8 ], [ "R", 8 ], [ "R", 8 ], [ "R", 8 ], [ "R", 8 ], [ "R", 8 ], [ "R", 8 ], [ "R", 8 ], [ "W", 8 ], [ "R", 8 ], [ "R", 8 ], [ "R", 8 ], [ "R", 8 ], [ "R", 11 ], [ "R", 8 ], [ "R", 8 ], [ "R", 8 ], [ "R", 9 ], [ "R", 11 ], [ "R", 8 ], [ "R", 8 ], [ "R", 8 ], [ "R", 8 ], [ "R", 11 ], [ "R", 8 ], [ "R", 8 ], [ "R", 8 ], [ "R", 9 ], [ "R", 11 ] ]
    } ]
  },
  "CandidatureController.display" : {
    "t" : [ {
      "id" : 0,
      "a" : [ [ "R", 5 ], [ "R", 11 ], [ "R", 11 ], [ "R", 7 ], [ "R", 7 ], [ "R", 7 ], [ "R", 20 ], [ "R", 11 ], [ "R", 11 ], [ "R", 7 ], [ "R", 7 ], [ "R", 7 ], [ "R", 20 ], [ "R", 11 ], [ "R", 4 ], [ "R", 4 ], [ "R", 4 ], [ "R", 7 ], [ "R", 4 ], [ "R", 5 ], [ "R", 5 ], [ "R", 13 ], [ "R", 13 ] ]
    } ]
  },
  "BankAccountController.display" : {
    "t" : [ {
      "id" : 0,
      "a" : [ [ "R", 11 ], [ "R", 11 ], [ "R", 1 ], [ "R", 1 ], [ "R", 1 ], [ "R", 20 ], [ "R", 1 ], [ "R", 2 ], [ "R", 11 ], [ "R", 2 ] ]
    } ]
  },
  "ElectionGovernmentAgentController.create" : {
    "t" : [ {
      "id" : 0,
      "a" : [ [ "R", 11 ], [ "R", 11 ], [ "R", 15 ], [ "R", 15 ], [ "R", 15 ], [ "R", 20 ], [ "R", 11 ], [ "R", 11 ], [ "R", 15 ], [ "R", 15 ], [ "R", 15 ], [ "R", 20 ], [ "R", 11 ], [ "R", 11 ], [ "R", 15 ], [ "R", 15 ], [ "R", 15 ], [ "R", 20 ], [ "R", 15 ], [ "R", 11 ], [ "R", 11 ], [ "R", 15 ], [ "R", 15 ], [ "R", 15 ], [ "R", 20 ], [ "W", 13 ], [ "W", 15 ], [ "W", 13 ], [ "W", 5 ], [ "W", 13 ], [ "W", 7 ], [ "W", 9 ], [ "W", 8 ], [ "R", 11 ], [ "R", 13 ], [ "R", 15 ], [ "R", 11 ], [ "R", 13 ], [ "R", 13 ], [ "R", 13 ] ]
    } ]
  },
  "LotteryGovernmentAgentController.create" : {
    "t" : [ {
      "id" : 0,
      "a" : [ [ "R", 11 ], [ "R", 11 ], [ "R", 1 ], [ "R", 1 ], [ "R", 1 ], [ "R", 20 ], [ "W", 16 ], [ "W", 17 ], [ "W", 16 ], [ "W", 15 ], [ "W", 16 ] ]
    } ]
  },
  "BankAgentGovernmentAgentController.create" : {
    "t" : [ {
      "id" : 0,
      "a" : [ [ "W", 20 ], [ "R", 20 ], [ "R", 20 ], [ "W", 1 ], [ "W", 20 ], [ "W", 1 ], [ "W", 14 ], [ "W", 1 ], [ "W", 8 ], [ "W", 3 ], [ "W", 2 ], [ "R", 11 ], [ "R", 1 ], [ "R", 1 ], [ "R", 1 ], [ "R", 1 ], [ "R", 1 ], [ "R", 3 ], [ "R", 3 ], [ "R", 1 ], [ "R", 20 ], [ "R", 20 ], [ "R", 1 ], [ "R", 20 ], [ "R", 20 ], [ "R", 1 ], [ "R", 20 ], [ "R", 20 ], [ "R", 11 ], [ "R", 11 ], [ "R", 15 ], [ "R", 15 ], [ "R", 15 ], [ "R", 20 ], [ "R", 15 ] ]
    } ]
  },
  "LotteryController.buy" : {
    "t" : [ {
      "id" : 0,
      "a" : [ [ "R", 11 ], [ "R", 11 ], [ "R", 1 ], [ "R", 1 ], [ "R", 1 ], [ "R", 20 ], [ "R", 16 ], [ "W", 17 ], [ "W", 16 ], [ "W", 17 ], [ "W", 7 ], [ "R", 17 ], [ "R", 17 ], [ "R", 17 ], [ "R", 16 ], [ "R", 17 ], [ "R", 16 ], [ "R", 16 ], [ "R", 17 ], [ "R", 17 ], [ "R", 17 ], [ "R", 17 ], [ "R", 17 ], [ "R", 16 ], [ "R", 17 ], [ "W", 17 ], [ "R", 11 ], [ "R", 11 ], [ "R", 7 ], [ "R", 7 ], [ "R", 7 ], [ "R", 20 ], [ "R", 16 ], [ "R", 17 ], [ "R", 16 ], [ "R", 16 ], [ "R", 1 ], [ "R", 2 ], [ "R", 1 ], [ "R", 2 ], [ "R", 2 ], [ "R", 17 ], [ "R", 16 ], [ "R", 16 ], [ "R", 1 ], [ "R", 2 ], [ "W", 2 ], [ "R", 7 ], [ "R", 17 ], [ "R", 16 ], [ "R", 17 ], [ "R", 16 ], [ "W", 16 ], [ "W", 17 ], [ "R", 11 ], [ "R", 11 ], [ "R", 11 ], [ "R", 15 ], [ "R", 15 ], [ "R", 15 ], [ "R", 20 ], [ "R", 1 ], [ "R", 20 ], [ "R", 20 ], [ "W", 14 ], [ "W", 14 ], [ "W", 14 ], [ "W", 14 ], [ "W", 14 ], [ "W", 14 ], [ "W", 18 ], [ "W", 14 ], [ "W", 14 ], [ "W", 14 ], [ "W", 14 ], [ "W", 14 ], [ "W", 14 ], [ "W", 18 ], [ "W", 14 ], [ "W", 14 ], [ "W", 14 ], [ "W", 14 ], [ "W", 14 ], [ "W", 14 ], [ "W", 18 ], [ "W", 14 ], [ "W", 14 ], [ "W", 14 ], [ "W", 14 ], [ "W", 14 ], [ "W", 14 ], [ "W", 18 ], [ "W", 14 ], [ "W", 14 ], [ "W", 18 ], [ "W", 14 ], [ "W", 14 ], [ "W", 14 ], [ "W", 14 ], [ "W", 18 ], [ "W", 14 ], [ "W", 14 ], [ "W", 14 ], [ "W", 14 ], [ "W", 18 ], [ "W", 14 ], [ "W", 14 ], [ "W", 14 ], [ "W", 14 ], [ "W", 18 ], [ "W", 14 ], [ "W", 14 ], [ "W", 14 ], [ "W", 1 ], [ "W", 14 ], [ "R", 1 ], [ "R", 20 ], [ "W", 20 ], [ "R", 1 ], [ "R", 10 ], [ "R", 10 ], [ "R", 1 ], [ "W", 1 ], [ "R", 1 ], [ "R", 20 ], [ "R", 20 ], [ "R", 20 ], [ "R", 20 ], [ "R", 20 ], [ "W", 7 ], [ "R", 16 ], [ "R", 16 ], [ "W", 16 ], [ "R", 16 ], [ "R", 11 ], [ "R", 11 ], [ "R", 7 ], [ "R", 7 ], [ "R", 7 ], [ "R", 20 ] ]
    } ]
  },
  "WelcomeMessageGovernmentAgentController.edit" : {
    "t" : [ {
      "id" : 0,
      "a" : [ [ "R", 21 ], [ "R", 11 ], [ "R", 21 ], [ "R", 21 ] ]
    } ]
  },
  "ElectionController.list" : {
    "t" : [ {
      "id" : 0,
      "a" : [ [ "R", 13 ], [ "R", 11 ], [ "R", 11 ], [ "R", 15 ], [ "R", 15 ], [ "R", 15 ], [ "R", 20 ], [ "R", 11 ], [ "R", 11 ], [ "R", 15 ], [ "R", 15 ], [ "R", 15 ], [ "R", 20 ] ]
    } ]
  },
  "PetitionController.list" : {
    "t" : [ {
      "id" : 0,
      "a" : [ [ "R", 11 ], [ "R", 11 ], [ "R", 15 ], [ "R", 15 ], [ "R", 15 ], [ "R", 20 ], [ "R", 7 ], [ "R", 7 ], [ "R", 19 ], [ "R", 19 ], [ "R", 19 ], [ "R", 7 ], [ "R", 19 ], [ "R", 19 ], [ "R", 19 ], [ "R", 19 ], [ "R", 11 ], [ "R", 11 ], [ "R", 15 ], [ "R", 15 ], [ "R", 15 ], [ "R", 20 ], [ "R", 7 ], [ "R", 7 ], [ "R", 7 ], [ "R", 19 ], [ "R", 19 ], [ "R", 19 ], [ "R", 7 ], [ "R", 19 ] ]
    } ]
  },
  "CandidatureController.list" : {
    "t" : [ {
      "id" : 0,
      "a" : [ [ "R", 5 ], [ "R", 5 ], [ "R", 5 ], [ "R", 13 ], [ "R", 13 ], [ "R", 11 ], [ "R", 11 ], [ "R", 7 ], [ "R", 7 ], [ "R", 7 ], [ "R", 20 ], [ "R", 11 ], [ "R", 11 ], [ "R", 7 ], [ "R", 7 ], [ "R", 7 ], [ "R", 20 ], [ "R", 7 ], [ "R", 13 ], [ "R", 13 ], [ "R", 13 ], [ "R", 13 ], [ "R", 11 ], [ "R", 11 ], [ "R", 7 ], [ "R", 7 ], [ "R", 7 ], [ "R", 20 ], [ "R", 11 ], [ "R", 5 ], [ "R", 5 ], [ "R", 4 ], [ "R", 5 ], [ "R", 5 ], [ "R", 4 ], [ "R", 7 ] ]
    } ]
  },
  "GovernmentAgentController.list" : {
    "t" : [ {
      "id" : 0,
      "a" : [ [ "R", 15 ] ]
    } ]
  },
  "BankAgentController.save" : {
    "t" : [ {
      "id" : 0,
      "a" : [ [ "R", 3 ], [ "W", 20 ], [ "R", 20 ], [ "R", 20 ], [ "W", 1 ], [ "W", 20 ], [ "W", 1 ], [ "W", 14 ], [ "W", 1 ], [ "W", 8 ], [ "W", 3 ], [ "W", 2 ], [ "W", 1 ], [ "W", 1 ], [ "W", 1 ], [ "W", 1 ], [ "W", 1 ], [ "W", 3 ], [ "W", 3 ], [ "R", 1 ], [ "R", 20 ], [ "W", 20 ], [ "R", 1 ], [ "R", 20 ], [ "W", 20 ], [ "R", 3 ], [ "R", 1 ], [ "W", 1 ], [ "R", 11 ], [ "R", 11 ], [ "R", 15 ], [ "R", 15 ], [ "R", 15 ], [ "R", 20 ], [ "R", 15 ], [ "R", 1 ], [ "R", 1 ], [ "R", 1 ], [ "W", 1 ], [ "R", 11 ], [ "R", 11 ], [ "R", 11 ], [ "R", 15 ], [ "R", 15 ], [ "R", 15 ], [ "R", 20 ], [ "R", 1 ], [ "R", 10 ], [ "R", 10 ], [ "R", 1 ], [ "W", 1 ], [ "W", 14 ], [ "W", 14 ], [ "W", 14 ], [ "W", 14 ], [ "W", 14 ], [ "W", 14 ], [ "W", 18 ], [ "W", 14 ], [ "W", 14 ], [ "W", 14 ], [ "W", 14 ], [ "W", 14 ], [ "W", 14 ], [ "W", 18 ], [ "W", 14 ], [ "W", 14 ], [ "W", 14 ], [ "W", 14 ], [ "W", 14 ], [ "W", 14 ], [ "W", 18 ], [ "W", 14 ], [ "W", 14 ], [ "W", 14 ], [ "W", 14 ], [ "W", 14 ], [ "W", 14 ], [ "W", 18 ], [ "W", 14 ], [ "W", 14 ], [ "W", 18 ], [ "W", 14 ], [ "W", 14 ], [ "W", 14 ], [ "W", 14 ], [ "W", 18 ], [ "W", 14 ], [ "W", 14 ], [ "W", 14 ], [ "W", 14 ], [ "W", 18 ], [ "W", 14 ], [ "W", 14 ], [ "W", 14 ], [ "W", 14 ], [ "W", 18 ], [ "W", 14 ], [ "W", 14 ], [ "W", 14 ], [ "W", 1 ], [ "W", 14 ], [ "R", 1 ], [ "R", 20 ], [ "R", 1 ], [ "R", 20 ], [ "R", 20 ], [ "W", 20 ], [ "R", 1 ], [ "R", 20 ], [ "R", 20 ], [ "R", 20 ], [ "R", 20 ], [ "R", 20 ], [ "W", 3 ] ]
    } ]
  },
  "CandidatureCitizenController.delete" : {
    "t" : [ {
      "id" : 0,
      "a" : [ [ "R", 5 ], [ "R", 5 ], [ "R", 4 ], [ "R", 11 ], [ "R", 11 ], [ "R", 7 ], [ "R", 7 ], [ "R", 7 ], [ "R", 20 ], [ "R", 11 ], [ "R", 4 ], [ "R", 4 ], [ "R", 4 ], [ "R", 7 ], [ "R", 4 ], [ "R", 5 ], [ "R", 11 ], [ "R", 11 ], [ "R", 15 ], [ "R", 15 ], [ "R", 15 ], [ "R", 20 ], [ "R", 11 ], [ "R", 11 ], [ "R", 7 ], [ "R", 7 ], [ "R", 7 ], [ "R", 20 ], [ "R", 5 ], [ "R", 13 ], [ "R", 13 ], [ "R", 5 ], [ "R", 5 ], [ "R", 4 ], [ "R", 9 ], [ "R", 8 ], [ "R", 4 ], [ "R", 7 ], [ "R", 7 ], [ "R", 4 ], [ "R", 4 ], [ "R", 5 ], [ "R", 5 ], [ "R", 4 ], [ "W", 4 ], [ "R", 11 ], [ "R", 11 ], [ "R", 15 ], [ "R", 15 ], [ "R", 15 ], [ "R", 20 ], [ "R", 8 ], [ "R", 9 ], [ "R", 9 ], [ "R", 8 ], [ "R", 8 ], [ "R", 1 ], [ "R", 1 ], [ "R", 8 ], [ "R", 8 ], [ "R", 8 ], [ "R", 8 ], [ "R", 8 ], [ "R", 8 ], [ "R", 8 ], [ "R", 8 ], [ "R", 8 ], [ "W", 8 ], [ "W", 5 ], [ "R", 5 ], [ "R", 13 ], [ "R", 11 ], [ "R", 5 ], [ "R", 13 ], [ "R", 11 ] ]
    } ]
  },
  "MessageController.save" : {
    "t" : [ {
      "id" : 0,
      "a" : [ [ "R", 11 ], [ "R", 11 ], [ "R", 1 ], [ "R", 1 ], [ "R", 1 ], [ "R", 20 ], [ "R", 11 ], [ "R", 18 ], [ "R", 14 ], [ "R", 11 ], [ "R", 18 ], [ "R", 11 ], [ "R", 11 ], [ "R", 1 ], [ "R", 1 ], [ "R", 1 ], [ "R", 20 ], [ "R", 1 ], [ "R", 20 ], [ "R", 11 ], [ "R", 1 ], [ "R", 1 ], [ "R", 14 ], [ "R", 1 ], [ "R", 20 ], [ "W", 18 ], [ "W", 14 ], [ "W", 18 ], [ "R", 11 ], [ "R", 11 ], [ "R", 1 ], [ "R", 1 ], [ "R", 1 ], [ "R", 20 ], [ "W", 18 ], [ "W", 1 ], [ "R", 1 ], [ "R", 20 ], [ "R", 11 ], [ "R", 14 ], [ "R", 1 ], [ "R", 1 ], [ "R", 14 ], [ "R", 1 ], [ "R", 14 ], [ "R", 1 ], [ "R", 20 ], [ "R", 1 ], [ "R", 14 ], [ "W", 18 ], [ "W", 14 ], [ "W", 18 ], [ "W", 18 ], [ "W", 1 ], [ "R", 1 ], [ "R", 20 ], [ "R", 11 ], [ "R", 14 ], [ "R", 1 ], [ "R", 1 ], [ "R", 14 ], [ "R", 1 ], [ "R", 14 ], [ "R", 1 ], [ "R", 20 ], [ "R", 1 ], [ "R", 14 ], [ "W", 18 ], [ "W", 14 ], [ "R", 18 ], [ "W", 18 ], [ "R", 18 ], [ "W", 18 ], [ "R", 18 ], [ "W", 18 ], [ "R", 18 ], [ "R", 1 ], [ "W", 18 ], [ "W", 1 ], [ "R", 1 ], [ "R", 11 ], [ "R", 11 ], [ "R", 1 ], [ "R", 1 ], [ "R", 1 ], [ "R", 20 ], [ "R", 11 ], [ "R", 11 ], [ "R", 1 ], [ "R", 1 ], [ "R", 14 ], [ "R", 1 ], [ "R", 20 ], [ "R", 11 ], [ "R", 11 ], [ "R", 18 ], [ "R", 18 ], [ "R", 1 ], [ "R", 1 ], [ "R", 18 ], [ "R", 1 ], [ "R", 1 ], [ "R", 11 ], [ "R", 11 ], [ "R", 1 ], [ "R", 1 ], [ "R", 1 ], [ "R", 20 ], [ "R", 11 ], [ "R", 18 ], [ "R", 14 ], [ "R", 11 ], [ "R", 18 ], [ "R", 11 ], [ "R", 11 ], [ "R", 1 ], [ "R", 1 ], [ "R", 1 ], [ "R", 20 ], [ "R", 1 ], [ "R", 20 ], [ "R", 11 ], [ "R", 1 ], [ "R", 1 ], [ "R", 14 ], [ "R", 1 ], [ "R", 20 ], [ "W", 18 ], [ "W", 14 ], [ "W", 18 ], [ "R", 11 ], [ "R", 11 ], [ "R", 1 ], [ "R", 1 ], [ "R", 1 ], [ "R", 20 ], [ "W", 18 ], [ "W", 1 ], [ "R", 1 ], [ "R", 20 ], [ "R", 11 ], [ "R", 14 ], [ "R", 1 ], [ "R", 1 ], [ "R", 14 ], [ "R", 1 ], [ "R", 14 ], [ "R", 1 ], [ "R", 20 ], [ "R", 1 ], [ "R", 14 ], [ "W", 18 ], [ "W", 14 ], [ "W", 18 ], [ "W", 18 ], [ "W", 1 ], [ "R", 1 ], [ "R", 20 ], [ "R", 11 ], [ "R", 14 ], [ "R", 1 ], [ "R", 1 ], [ "R", 14 ], [ "R", 1 ], [ "R", 14 ], [ "R", 1 ], [ "R", 20 ], [ "R", 1 ], [ "R", 14 ], [ "W", 18 ], [ "W", 14 ], [ "R", 18 ], [ "W", 18 ], [ "R", 18 ], [ "W", 18 ], [ "R", 18 ], [ "W", 18 ], [ "R", 18 ], [ "R", 1 ], [ "W", 18 ], [ "W", 1 ], [ "R", 18 ], [ "R", 14 ], [ "R", 11 ], [ "R", 11 ], [ "R", 1 ], [ "R", 1 ], [ "R", 1 ], [ "R", 20 ], [ "R", 1 ], [ "R", 20 ], [ "R", 11 ], [ "R", 1 ], [ "R", 1 ], [ "R", 14 ], [ "R", 1 ], [ "R", 20 ], [ "R", 11 ], [ "R", 18 ], [ "R", 1 ], [ "R", 18 ], [ "R", 1 ], [ "R", 11 ], [ "W", 18 ], [ "R", 11 ], [ "R", 11 ], [ "R", 1 ], [ "R", 1 ], [ "R", 1 ], [ "R", 20 ], [ "W", 18 ], [ "W", 1 ], [ "R", 1 ], [ "R", 20 ], [ "R", 11 ], [ "R", 14 ], [ "R", 1 ], [ "R", 1 ], [ "R", 14 ], [ "R", 1 ], [ "R", 14 ], [ "R", 1 ], [ "R", 20 ], [ "R", 1 ], [ "R", 14 ], [ "W", 18 ], [ "W", 14 ], [ "R", 18 ], [ "W", 18 ], [ "R", 18 ], [ "W", 18 ], [ "R", 18 ], [ "W", 18 ], [ "R", 18 ], [ "W", 18 ], [ "R", 18 ], [ "R", 1 ], [ "W", 18 ], [ "W", 1 ], [ "R", 18 ], [ "R", 1 ], [ "W", 18 ], [ "W", 1 ], [ "R", 18 ], [ "R", 1 ], [ "R", 1 ], [ "R", 20 ], [ "R", 11 ], [ "R", 14 ], [ "R", 1 ], [ "R", 1 ], [ "R", 14 ], [ "R", 1 ], [ "R", 14 ], [ "R", 1 ], [ "R", 20 ], [ "R", 1 ], [ "R", 14 ], [ "W", 18 ], [ "W", 14 ], [ "W", 18 ], [ "W", 18 ], [ "R", 14 ], [ "R", 18 ], [ "R", 18 ], [ "R", 14 ], [ "W", 18 ], [ "W", 18 ], [ "R", 14 ], [ "R", 18 ], [ "W", 18 ], [ "R", 18 ], [ "R", 14 ], [ "R", 14 ], [ "R", 18 ], [ "R", 18 ], [ "R", 14 ], [ "R", 14 ], [ "R", 18 ], [ "R", 18 ], [ "R", 14 ], [ "R", 11 ], [ "R", 1 ], [ "R", 11 ], [ "R", 11 ], [ "R", 1 ], [ "R", 1 ], [ "R", 1 ], [ "R", 20 ], [ "R", 11 ], [ "R", 11 ], [ "R", 1 ], [ "R", 1 ], [ "R", 14 ], [ "R", 1 ], [ "R", 20 ], [ "R", 11 ], [ "R", 11 ], [ "R", 18 ], [ "R", 18 ], [ "R", 1 ], [ "R", 1 ], [ "R", 18 ], [ "R", 1 ], [ "R", 1 ] ]
    } ]
  },
  "EconomicTransactionCreateMoneyController.createMoney" : {
    "t" : [ {
      "id" : 0,
      "a" : [ [ "R", 11 ], [ "R", 11 ], [ "R", 1 ], [ "R", 1 ], [ "R", 1 ], [ "R", 20 ], [ "W", 12 ], [ "R", 1 ], [ "R", 2 ], [ "W", 12 ], [ "W", 2 ], [ "W", 12 ], [ "R", 2 ], [ "R", 11 ], [ "R", 11 ], [ "R", 1 ], [ "R", 1 ], [ "R", 1 ], [ "R", 20 ], [ "R", 11 ], [ "R", 11 ], [ "R", 3 ], [ "R", 3 ], [ "R", 3 ], [ "R", 20 ], [ "R", 11 ], [ "R", 11 ], [ "R", 15 ], [ "R", 15 ], [ "R", 15 ], [ "R", 20 ] ]
    } ]
  },
  "BankAccountBankAgentController.create" : {
    "t" : [ {
      "id" : 0,
      "a" : [ [ "R", 1 ], [ "R", 1 ], [ "R", 1 ], [ "R", 2 ], [ "R", 11 ], [ "R", 11 ], [ "R", 3 ], [ "R", 3 ], [ "R", 3 ], [ "R", 20 ], [ "W", 2 ], [ "W", 12 ], [ "W", 2 ], [ "W", 12 ], [ "W", 2 ], [ "R", 11 ], [ "R", 11 ], [ "R", 3 ], [ "R", 3 ], [ "R", 3 ], [ "R", 20 ], [ "R", 3 ], [ "R", 2 ], [ "R", 2 ], [ "R", 11 ], [ "R", 11 ], [ "R", 3 ], [ "R", 3 ], [ "R", 3 ], [ "R", 20 ], [ "R", 3 ], [ "W", 2 ], [ "W", 2 ], [ "W", 3 ], [ "R", 1 ], [ "R", 1 ], [ "R", 1 ], [ "R", 2 ] ]
    } ]
  },
  "WelcomeMessageGovernmentAgentController.save" : {
    "t" : [ {
      "id" : 0,
      "a" : [ [ "R", 21 ], [ "R", 10 ], [ "R", 11 ], [ "R", 11 ], [ "R", 11 ], [ "R", 15 ], [ "R", 15 ], [ "R", 15 ], [ "R", 20 ], [ "W", 21 ], [ "W", 21 ], [ "R", 11 ], [ "R", 11 ], [ "R", 15 ], [ "R", 15 ], [ "R", 15 ], [ "R", 20 ], [ "R", 11 ], [ "R", 21 ], [ "R", 21 ], [ "R", 21 ], [ "R", 21 ], [ "W", 21 ], [ "R", 11 ], [ "R", 10 ], [ "R", 10 ], [ "R", 21 ], [ "R", 10 ], [ "W", 10 ], [ "W", 21 ] ]
    } ]
  },
  "BankAgentGovernmentAgentController.save" : {
    "t" : [ {
      "id" : 0,
      "a" : [ [ "R", 11 ], [ "R", 11 ], [ "R", 15 ], [ "R", 15 ], [ "R", 15 ], [ "R", 20 ], [ "R", 15 ], [ "R", 11 ], [ "R", 11 ], [ "R", 15 ], [ "R", 15 ], [ "R", 15 ], [ "R", 20 ], [ "R", 15 ], [ "R", 11 ], [ "R", 11 ], [ "R", 15 ], [ "R", 15 ], [ "R", 15 ], [ "R", 20 ], [ "R", 15 ], [ "R", 11 ], [ "R", 11 ], [ "R", 15 ], [ "R", 15 ], [ "R", 15 ], [ "R", 20 ], [ "R", 15 ], [ "R", 11 ], [ "R", 11 ], [ "R", 15 ], [ "R", 15 ], [ "R", 15 ], [ "R", 20 ], [ "R", 15 ], [ "R", 3 ], [ "W", 20 ], [ "R", 20 ], [ "R", 20 ], [ "W", 1 ], [ "W", 20 ], [ "W", 1 ], [ "W", 14 ], [ "W", 1 ], [ "W", 8 ], [ "W", 3 ], [ "W", 2 ], [ "W", 1 ], [ "W", 1 ], [ "W", 1 ], [ "W", 1 ], [ "W", 1 ], [ "W", 3 ], [ "W", 3 ], [ "R", 1 ], [ "R", 20 ], [ "W", 20 ], [ "R", 1 ], [ "R", 20 ], [ "W", 20 ], [ "R", 3 ], [ "R", 1 ], [ "W", 1 ], [ "R", 11 ], [ "R", 11 ], [ "R", 15 ], [ "R", 15 ], [ "R", 15 ], [ "R", 20 ], [ "R", 15 ], [ "R", 1 ], [ "R", 1 ], [ "R", 1 ], [ "W", 1 ], [ "R", 11 ], [ "R", 11 ], [ "R", 11 ], [ "R", 15 ], [ "R", 15 ], [ "R", 15 ], [ "R", 20 ], [ "R", 1 ], [ "R", 10 ], [ "R", 10 ], [ "R", 1 ], [ "W", 1 ], [ "W", 14 ], [ "W", 14 ], [ "W", 14 ], [ "W", 14 ], [ "W", 14 ], [ "W", 14 ], [ "W", 18 ], [ "W", 14 ], [ "W", 14 ], [ "W", 14 ], [ "W", 14 ], [ "W", 14 ], [ "W", 14 ], [ "W", 18 ], [ "W", 14 ], [ "W", 14 ], [ "W", 14 ], [ "W", 14 ], [ "W", 14 ], [ "W", 14 ], [ "W", 18 ], [ "W", 14 ], [ "W", 14 ], [ "W", 14 ], [ "W", 14 ], [ "W", 14 ], [ "W", 14 ], [ "W", 18 ], [ "W", 14 ], [ "W", 14 ], [ "W", 18 ], [ "W", 14 ], [ "W", 14 ], [ "W", 14 ], [ "W", 14 ], [ "W", 18 ], [ "W", 14 ], [ "W", 14 ], [ "W", 14 ], [ "W", 14 ], [ "W", 18 ], [ "W", 14 ], [ "W", 14 ], [ "W", 14 ], [ "W", 14 ], [ "W", 18 ], [ "W", 14 ], [ "W", 14 ], [ "W", 14 ], [ "W", 1 ], [ "W", 14 ], [ "R", 1 ], [ "R", 20 ], [ "R", 1 ], [ "R", 20 ], [ "R", 20 ], [ "W", 20 ], [ "R", 1 ], [ "R", 20 ], [ "R", 20 ], [ "R", 20 ], [ "R", 20 ], [ "R", 20 ], [ "W", 3 ], [ "R", 11 ], [ "R", 11 ], [ "R", 15 ], [ "R", 15 ], [ "R", 15 ], [ "R", 20 ], [ "R", 15 ], [ "R", 11 ], [ "R", 11 ], [ "R", 15 ], [ "R", 15 ], [ "R", 15 ], [ "R", 20 ], [ "R", 15 ] ]
    } ]
  },
  "EconomicTransactionController.create" : {
    "t" : [ {
      "id" : 0,
      "a" : [ [ "R", 2 ], [ "R", 11 ], [ "R", 11 ], [ "R", 1 ], [ "R", 1 ], [ "R", 1 ], [ "R", 20 ], [ "R", 1 ], [ "R", 2 ], [ "R", 11 ], [ "R", 11 ], [ "R", 1 ], [ "R", 1 ], [ "R", 1 ], [ "R", 20 ], [ "W", 12 ], [ "R", 1 ], [ "R", 2 ], [ "W", 12 ], [ "W", 2 ], [ "W", 12 ], [ "R", 11 ], [ "R", 11 ], [ "R", 1 ], [ "R", 1 ], [ "R", 1 ], [ "R", 20 ] ]
    } ]
  },
  "MessageController.edit" : {
    "t" : [ {
      "id" : 0,
      "a" : [ [ "R", 18 ], [ "R", 11 ], [ "R", 11 ], [ "R", 1 ], [ "R", 1 ], [ "R", 1 ], [ "R", 20 ], [ "R", 18 ], [ "R", 1 ], [ "R", 11 ], [ "R", 11 ], [ "R", 11 ], [ "R", 18 ], [ "R", 1 ], [ "R", 11 ], [ "R", 11 ], [ "R", 11 ], [ "R", 11 ], [ "R", 11 ], [ "R", 1 ], [ "R", 1 ], [ "R", 1 ], [ "R", 20 ], [ "R", 18 ], [ "R", 1 ], [ "R", 1 ], [ "R", 18 ], [ "R", 1 ], [ "R", 1 ], [ "R", 1 ], [ "R", 14 ] ]
    } ]
  },
  "PetitionCitizenController.removeGovernmentAgent" : {
    "t" : [ {
      "id" : 0,
      "a" : [ [ "R", 19 ], [ "R", 19 ], [ "R", 19 ], [ "R", 7 ], [ "R", 11 ], [ "R", 11 ], [ "R", 7 ], [ "R", 7 ], [ "R", 7 ], [ "R", 20 ], [ "R", 15 ], [ "R", 19 ], [ "R", 15 ], [ "R", 19 ], [ "R", 15 ], [ "R", 15 ], [ "R", 19 ], [ "R", 19 ], [ "R", 19 ], [ "R", 19 ], [ "R", 19 ], [ "R", 19 ], [ "R", 19 ], [ "R", 19 ], [ "R", 15 ], [ "R", 11 ], [ "W", 19 ], [ "W", 19 ], [ "R", 11 ], [ "R", 19 ], [ "R", 7 ], [ "R", 7 ], [ "R", 19 ], [ "R", 11 ], [ "R", 11 ], [ "R", 11 ], [ "R", 15 ], [ "R", 15 ], [ "R", 15 ], [ "R", 20 ], [ "R", 1 ], [ "R", 20 ], [ "R", 20 ], [ "R", 1 ], [ "R", 20 ], [ "W", 20 ], [ "W", 14 ], [ "W", 14 ], [ "W", 14 ], [ "W", 14 ], [ "W", 14 ], [ "W", 14 ], [ "W", 18 ], [ "W", 14 ], [ "W", 14 ], [ "W", 14 ], [ "W", 14 ], [ "W", 14 ], [ "W", 14 ], [ "W", 18 ], [ "W", 14 ], [ "W", 14 ], [ "W", 14 ], [ "W", 14 ], [ "W", 14 ], [ "W", 14 ], [ "W", 18 ], [ "W", 14 ], [ "W", 14 ], [ "W", 14 ], [ "W", 14 ], [ "W", 14 ], [ "W", 14 ], [ "W", 18 ], [ "W", 14 ], [ "W", 14 ], [ "W", 18 ], [ "W", 14 ], [ "W", 14 ], [ "W", 14 ], [ "W", 14 ], [ "W", 18 ], [ "W", 14 ], [ "W", 14 ], [ "W", 14 ], [ "W", 14 ], [ "W", 18 ], [ "W", 14 ], [ "W", 14 ], [ "W", 14 ], [ "W", 14 ], [ "W", 18 ], [ "W", 14 ], [ "W", 14 ], [ "W", 14 ], [ "W", 1 ], [ "W", 14 ], [ "R", 1 ], [ "R", 10 ], [ "R", 10 ], [ "R", 1 ], [ "W", 1 ], [ "R", 1 ], [ "R", 20 ], [ "R", 20 ], [ "R", 20 ], [ "R", 20 ], [ "R", 20 ], [ "W", 15 ] ]
    } ]
  },
  "MessageGovernmentAgentController.notification" : {
    "t" : [ {
      "id" : 0,
      "a" : [ [ "R", 11 ], [ "R", 11 ], [ "R", 1 ], [ "R", 1 ], [ "R", 1 ], [ "R", 20 ], [ "R", 11 ], [ "R", 18 ], [ "R", 14 ], [ "R", 11 ], [ "R", 18 ], [ "R", 11 ], [ "R", 11 ], [ "R", 1 ], [ "R", 1 ], [ "R", 1 ], [ "R", 20 ], [ "R", 1 ], [ "R", 20 ], [ "R", 11 ], [ "R", 1 ], [ "R", 1 ], [ "R", 14 ], [ "R", 1 ], [ "R", 20 ], [ "W", 18 ], [ "W", 14 ], [ "W", 18 ], [ "R", 11 ], [ "R", 11 ], [ "R", 1 ], [ "R", 1 ], [ "R", 1 ], [ "R", 20 ], [ "W", 18 ], [ "W", 1 ], [ "R", 1 ], [ "R", 20 ], [ "R", 11 ], [ "R", 14 ], [ "R", 1 ], [ "R", 1 ], [ "R", 14 ], [ "R", 1 ], [ "R", 14 ], [ "R", 1 ], [ "R", 20 ], [ "R", 1 ], [ "R", 14 ], [ "W", 18 ], [ "W", 14 ], [ "W", 18 ], [ "W", 18 ], [ "W", 1 ], [ "R", 1 ], [ "R", 20 ], [ "R", 11 ], [ "R", 14 ], [ "R", 1 ], [ "R", 1 ], [ "R", 14 ], [ "R", 1 ], [ "R", 14 ], [ "R", 1 ], [ "R", 20 ], [ "R", 1 ], [ "R", 14 ], [ "W", 18 ], [ "W", 14 ], [ "R", 18 ], [ "W", 18 ], [ "R", 18 ], [ "W", 18 ], [ "R", 18 ], [ "W", 18 ], [ "R", 18 ], [ "R", 1 ], [ "W", 18 ], [ "W", 1 ], [ "R", 1 ], [ "R", 11 ], [ "R", 11 ], [ "R", 1 ], [ "R", 1 ], [ "R", 1 ], [ "R", 20 ], [ "R", 11 ], [ "R", 11 ], [ "R", 1 ], [ "R", 1 ], [ "R", 1 ], [ "R", 20 ], [ "R", 11 ], [ "R", 18 ], [ "R", 14 ], [ "R", 11 ], [ "R", 18 ], [ "R", 11 ], [ "R", 11 ], [ "R", 1 ], [ "R", 1 ], [ "R", 1 ], [ "R", 20 ], [ "R", 1 ], [ "R", 20 ], [ "R", 11 ], [ "R", 1 ], [ "R", 1 ], [ "R", 14 ], [ "R", 1 ], [ "R", 20 ], [ "W", 18 ], [ "W", 14 ], [ "W", 18 ], [ "R", 11 ], [ "R", 11 ], [ "R", 1 ], [ "R", 1 ], [ "R", 1 ], [ "R", 20 ], [ "W", 18 ], [ "W", 1 ], [ "R", 1 ], [ "R", 20 ], [ "R", 11 ], [ "R", 14 ], [ "R", 1 ], [ "R", 1 ], [ "R", 14 ], [ "R", 1 ], [ "R", 14 ], [ "R", 1 ], [ "R", 20 ], [ "R", 1 ], [ "R", 14 ], [ "W", 18 ], [ "W", 14 ], [ "W", 18 ], [ "W", 18 ], [ "W", 1 ], [ "R", 1 ], [ "R", 20 ], [ "R", 11 ], [ "R", 14 ], [ "R", 1 ], [ "R", 1 ], [ "R", 14 ], [ "R", 1 ], [ "R", 14 ], [ "R", 1 ], [ "R", 20 ], [ "R", 1 ], [ "R", 14 ], [ "W", 18 ], [ "W", 14 ], [ "R", 18 ], [ "W", 18 ], [ "R", 18 ], [ "W", 18 ], [ "R", 18 ], [ "W", 18 ], [ "R", 18 ], [ "R", 1 ], [ "W", 18 ], [ "W", 1 ], [ "R", 11 ], [ "R", 11 ], [ "R", 15 ], [ "R", 15 ], [ "R", 15 ], [ "R", 20 ], [ "W", 18 ], [ "R", 18 ], [ "R", 1 ], [ "R", 1 ], [ "R", 20 ], [ "R", 11 ], [ "R", 14 ], [ "R", 1 ], [ "R", 1 ], [ "R", 14 ], [ "R", 1 ], [ "R", 14 ], [ "R", 1 ], [ "R", 20 ], [ "R", 1 ], [ "R", 14 ], [ "W", 18 ], [ "W", 14 ], [ "R", 1 ], [ "R", 11 ], [ "R", 11 ], [ "R", 1 ], [ "R", 1 ], [ "R", 1 ], [ "R", 20 ], [ "W", 18 ], [ "W", 1 ], [ "W", 18 ], [ "R", 11 ], [ "R", 11 ], [ "R", 1 ], [ "R", 1 ], [ "R", 1 ], [ "R", 20 ], [ "W", 18 ], [ "W", 1 ], [ "R", 1 ], [ "R", 20 ], [ "R", 11 ], [ "R", 14 ], [ "R", 1 ], [ "R", 1 ], [ "R", 14 ], [ "R", 1 ], [ "R", 14 ], [ "R", 1 ], [ "R", 20 ], [ "R", 1 ], [ "R", 14 ], [ "W", 18 ], [ "W", 14 ], [ "R", 18 ], [ "W", 18 ], [ "R", 18 ], [ "W", 18 ], [ "R", 18 ], [ "W", 18 ], [ "R", 18 ], [ "W", 18 ], [ "R", 18 ], [ "R", 1 ], [ "W", 18 ], [ "W", 1 ], [ "R", 18 ], [ "R", 1 ], [ "W", 18 ], [ "W", 1 ], [ "R", 1 ], [ "R", 20 ], [ "R", 11 ], [ "R", 14 ], [ "R", 1 ], [ "R", 1 ], [ "R", 14 ], [ "R", 1 ], [ "R", 14 ], [ "R", 1 ], [ "R", 20 ], [ "R", 1 ], [ "R", 14 ], [ "W", 18 ], [ "W", 14 ], [ "W", 18 ], [ "R", 14 ], [ "R", 18 ], [ "W", 18 ], [ "R", 14 ], [ "R", 18 ], [ "R", 18 ], [ "R", 14 ], [ "R", 11 ], [ "R", 1 ], [ "R", 11 ], [ "R", 11 ], [ "R", 1 ], [ "R", 1 ], [ "R", 1 ], [ "R", 20 ] ]
    } ]
  },
  "ConfigurationGovernmentAgentController.edit" : {
    "t" : [ {
      "id" : 0,
      "a" : [ [ "R", 10 ], [ "R", 21 ] ]
    } ]
  },
  "ConfigurationGovernmentAgentController.save" : {
    "t" : [ {
      "id" : 0,
      "a" : [ [ "R", 21 ], [ "R", 11 ], [ "R", 11 ], [ "R", 15 ], [ "R", 15 ], [ "R", 15 ], [ "R", 20 ], [ "W", 10 ], [ "R", 21 ] ]
    } ]
  },
  "PetitionCitizenController.addGovernmentAgent" : {
    "t" : [ {
      "id" : 0,
      "a" : [ [ "R", 19 ], [ "R", 19 ], [ "R", 19 ], [ "R", 7 ], [ "R", 11 ], [ "R", 11 ], [ "R", 7 ], [ "R", 7 ], [ "R", 7 ], [ "R", 20 ], [ "R", 15 ], [ "R", 19 ], [ "R", 15 ], [ "R", 19 ], [ "R", 15 ], [ "R", 15 ], [ "R", 19 ], [ "R", 19 ], [ "R", 19 ], [ "R", 19 ], [ "R", 19 ], [ "R", 19 ], [ "R", 19 ], [ "R", 19 ], [ "R", 15 ], [ "R", 11 ], [ "W", 19 ], [ "W", 19 ], [ "R", 11 ], [ "R", 19 ], [ "R", 7 ], [ "R", 7 ], [ "R", 19 ], [ "R", 11 ], [ "R", 11 ], [ "R", 11 ], [ "R", 15 ], [ "R", 15 ], [ "R", 15 ], [ "R", 20 ], [ "R", 1 ], [ "R", 20 ], [ "R", 20 ], [ "R", 1 ], [ "R", 20 ], [ "W", 20 ], [ "W", 14 ], [ "W", 14 ], [ "W", 14 ], [ "W", 14 ], [ "W", 14 ], [ "W", 14 ], [ "W", 18 ], [ "W", 14 ], [ "W", 14 ], [ "W", 14 ], [ "W", 14 ], [ "W", 14 ], [ "W", 14 ], [ "W", 18 ], [ "W", 14 ], [ "W", 14 ], [ "W", 14 ], [ "W", 14 ], [ "W", 14 ], [ "W", 14 ], [ "W", 18 ], [ "W", 14 ], [ "W", 14 ], [ "W", 14 ], [ "W", 14 ], [ "W", 14 ], [ "W", 14 ], [ "W", 18 ], [ "W", 14 ], [ "W", 14 ], [ "W", 18 ], [ "W", 14 ], [ "W", 14 ], [ "W", 14 ], [ "W", 14 ], [ "W", 18 ], [ "W", 14 ], [ "W", 14 ], [ "W", 14 ], [ "W", 14 ], [ "W", 18 ], [ "W", 14 ], [ "W", 14 ], [ "W", 14 ], [ "W", 14 ], [ "W", 18 ], [ "W", 14 ], [ "W", 14 ], [ "W", 14 ], [ "W", 1 ], [ "W", 14 ], [ "R", 1 ], [ "R", 10 ], [ "R", 10 ], [ "R", 1 ], [ "W", 1 ], [ "R", 1 ], [ "R", 20 ], [ "R", 20 ], [ "R", 20 ], [ "R", 20 ], [ "R", 20 ], [ "W", 15 ] ]
    } ]
  },
  "GovernmentAgentController.display" : {
    "t" : [ {
      "id" : 0,
      "a" : [ [ "R", 15 ], [ "R", 11 ], [ "R", 6 ], [ "R", 6 ], [ "R", 6 ], [ "R", 15 ] ]
    } ]
  },
  "CandidatureCitizenController.edit" : {
    "t" : [ {
      "id" : 0,
      "a" : [ [ "R", 5 ], [ "R", 5 ], [ "R", 13 ], [ "R", 13 ], [ "R", 5 ], [ "R", 13 ], [ "R", 13 ], [ "R", 5 ], [ "R", 13 ], [ "R", 13 ], [ "R", 11 ], [ "R", 5 ], [ "R", 4 ], [ "R", 11 ], [ "R", 11 ], [ "R", 7 ], [ "R", 7 ], [ "R", 7 ], [ "R", 20 ], [ "R", 11 ], [ "R", 5 ], [ "R", 13 ], [ "R", 11 ], [ "R", 5 ], [ "R", 5 ], [ "R", 5 ], [ "R", 5 ], [ "R", 5 ], [ "R", 13 ], [ "R", 11 ] ]
    } ]
  },
  "EconomicTransactionController.list" : {
    "t" : [ {
      "id" : 0,
      "a" : [ [ "R", 11 ], [ "R", 11 ], [ "R", 1 ], [ "R", 1 ], [ "R", 1 ], [ "R", 20 ], [ "R", 11 ], [ "R", 12 ], [ "R", 12 ], [ "R", 12 ], [ "R", 2 ], [ "R", 1 ], [ "R", 11 ], [ "R", 12 ], [ "R", 12 ], [ "R", 12 ], [ "R", 2 ], [ "R", 1 ], [ "R", 11 ], [ "R", 11 ], [ "R", 3 ], [ "R", 3 ], [ "R", 3 ], [ "R", 20 ], [ "R", 11 ], [ "R", 11 ], [ "R", 15 ], [ "R", 15 ], [ "R", 15 ], [ "R", 20 ] ]
    } ]
  },
  "FolderController.save" : {
    "t" : [ {
      "id" : 0,
      "a" : [ [ "R", 11 ], [ "R", 11 ], [ "R", 1 ], [ "R", 1 ], [ "R", 14 ], [ "R", 1 ], [ "R", 20 ], [ "R", 14 ], [ "R", 14 ], [ "W", 14 ], [ "W", 14 ], [ "W", 14 ], [ "W", 14 ], [ "W", 14 ], [ "W", 14 ], [ "W", 18 ], [ "R", 14 ], [ "W", 14 ], [ "W", 14 ], [ "W", 14 ], [ "R", 14 ], [ "R", 14 ], [ "R", 14 ], [ "R", 14 ], [ "R", 11 ], [ "R", 11 ], [ "R", 1 ], [ "R", 1 ], [ "R", 1 ], [ "R", 20 ], [ "R", 1 ], [ "R", 20 ], [ "R", 11 ], [ "R", 1 ], [ "R", 1 ], [ "R", 14 ], [ "R", 1 ], [ "R", 20 ], [ "R", 11 ], [ "W", 14 ], [ "R", 11 ], [ "R", 11 ], [ "R", 1 ], [ "R", 1 ], [ "R", 1 ], [ "R", 20 ], [ "R", 1 ], [ "R", 14 ], [ "R", 14 ], [ "R", 14 ], [ "R", 14 ], [ "R", 14 ], [ "W", 14 ], [ "R", 14 ], [ "R", 14 ], [ "R", 14 ], [ "R", 14 ], [ "R", 14 ], [ "R", 14 ], [ "R", 14 ], [ "R", 14 ], [ "R", 14 ], [ "R", 14 ], [ "R", 11 ], [ "R", 11 ], [ "R", 1 ], [ "R", 1 ], [ "R", 14 ], [ "R", 1 ], [ "R", 20 ], [ "R", 14 ] ]
    } ]
  },
  "PetitionGovernmentAgentController.resolve" : {
    "t" : [ {
      "id" : 0,
      "a" : [ [ "R", 19 ], [ "R", 11 ], [ "R", 11 ], [ "R", 11 ], [ "R", 15 ], [ "R", 15 ], [ "R", 15 ], [ "R", 20 ], [ "R", 19 ], [ "W", 19 ], [ "R", 19 ], [ "R", 19 ], [ "R", 19 ], [ "R", 19 ], [ "R", 19 ], [ "R", 19 ], [ "R", 19 ], [ "R", 15 ], [ "R", 11 ], [ "W", 19 ], [ "W", 19 ], [ "R", 11 ], [ "R", 19 ], [ "R", 7 ], [ "R", 7 ], [ "R", 19 ] ]
    } ]
  },
  "BankAgentController.create" : {
    "t" : [ {
      "id" : 0,
      "a" : [ [ "W", 20 ], [ "R", 20 ], [ "R", 20 ], [ "W", 1 ], [ "W", 20 ], [ "W", 1 ], [ "W", 14 ], [ "W", 1 ], [ "W", 8 ], [ "W", 3 ], [ "W", 2 ], [ "R", 11 ], [ "R", 1 ], [ "R", 1 ], [ "R", 1 ], [ "R", 1 ], [ "R", 1 ], [ "R", 3 ], [ "R", 3 ], [ "R", 1 ], [ "R", 20 ], [ "R", 20 ], [ "R", 1 ], [ "R", 20 ], [ "R", 20 ], [ "R", 1 ], [ "R", 20 ], [ "R", 20 ] ]
    } ]
  },
  "ChirpGovernmentAgentController.delete" : {
    "t" : [ {
      "id" : 0,
      "a" : [ [ "R", 6 ], [ "R", 11 ], [ "R", 11 ], [ "R", 15 ], [ "R", 15 ], [ "R", 15 ], [ "R", 20 ], [ "R", 11 ], [ "R", 11 ], [ "R", 15 ], [ "R", 15 ], [ "R", 15 ], [ "R", 20 ], [ "W", 6 ], [ "R", 11 ], [ "R", 11 ], [ "R", 15 ], [ "R", 15 ], [ "R", 15 ], [ "R", 20 ], [ "W", 6 ], [ "W", 15 ], [ "W", 6 ], [ "W", 15 ], [ "W", 6 ], [ "W", 6 ], [ "W", 6 ], [ "W", 6 ], [ "W", 6 ], [ "R", 11 ], [ "R", 11 ], [ "R", 15 ], [ "R", 15 ], [ "R", 15 ], [ "R", 20 ], [ "R", 6 ], [ "R", 15 ], [ "R", 15 ], [ "R", 6 ], [ "W", 6 ] ]
    } ]
  },
  "WelcomeMessageGovernmentAgentController.delete" : {
    "t" : [ {
      "id" : 0,
      "a" : [ [ "R", 21 ], [ "R", 11 ], [ "R", 11 ], [ "R", 15 ], [ "R", 15 ], [ "R", 15 ], [ "R", 20 ], [ "R", 10 ], [ "R", 10 ], [ "R", 21 ], [ "R", 10 ], [ "W", 10 ], [ "W", 21 ], [ "W", 21 ] ]
    } ]
  },
  "MessageController.list" : {
    "t" : [ {
      "id" : 0,
      "a" : [ [ "R", 14 ], [ "R", 11 ], [ "R", 11 ], [ "R", 1 ], [ "R", 1 ], [ "R", 1 ], [ "R", 20 ], [ "R", 1 ], [ "R", 20 ], [ "R", 11 ], [ "R", 1 ], [ "R", 1 ], [ "R", 14 ], [ "R", 1 ], [ "R", 20 ], [ "R", 14 ], [ "R", 18 ], [ "R", 14 ] ]
    } ]
  },
  "PetitionCitizenController.list" : {
    "t" : [ {
      "id" : 0,
      "a" : [ [ "R", 11 ], [ "R", 11 ], [ "R", 7 ], [ "R", 7 ], [ "R", 7 ], [ "R", 20 ], [ "R", 11 ], [ "R", 19 ], [ "R", 19 ], [ "R", 19 ], [ "R", 7 ], [ "R", 19 ] ]
    } ]
  },
  "GovernmentAgentGovernmentAgentController.create" : {
    "t" : [ {
      "id" : 0,
      "a" : [ [ "W", 20 ], [ "W", 1 ], [ "W", 14 ], [ "W", 1 ], [ "W", 8 ], [ "W", 15 ], [ "W", 6 ], [ "W", 15 ], [ "W", 13 ], [ "W", 15 ], [ "W", 16 ], [ "W", 15 ], [ "W", 19 ], [ "R", 20 ], [ "R", 20 ], [ "W", 1 ], [ "W", 20 ], [ "R", 11 ], [ "R", 1 ], [ "R", 1 ], [ "R", 1 ], [ "R", 1 ], [ "R", 1 ], [ "R", 15 ], [ "R", 15 ], [ "R", 1 ], [ "R", 20 ], [ "R", 20 ], [ "R", 1 ], [ "R", 20 ], [ "R", 20 ], [ "R", 1 ], [ "R", 20 ], [ "R", 20 ], [ "R", 11 ], [ "R", 11 ], [ "R", 15 ], [ "R", 15 ], [ "R", 15 ], [ "R", 20 ], [ "R", 15 ], [ "R", 15 ] ]
    } ]
  },
  "WelcomeController.index" : {
    "t" : [ {
      "id" : 0,
      "a" : [ [ "R", 6 ], [ "R", 11 ], [ "R", 11 ], [ "R", 1 ], [ "R", 1 ], [ "R", 1 ], [ "R", 20 ], [ "R", 11 ], [ "R", 11 ], [ "R", 1 ], [ "R", 1 ], [ "R", 1 ], [ "R", 20 ], [ "R", 1 ], [ "R", 11 ], [ "R", 11 ], [ "R", 1 ], [ "R", 1 ], [ "R", 1 ], [ "R", 20 ], [ "R", 21 ], [ "R", 21 ], [ "R", 21 ], [ "R", 21 ], [ "R", 21 ], [ "R", 21 ], [ "R", 21 ], [ "R", 21 ], [ "R", 21 ], [ "R", 21 ], [ "R", 21 ], [ "R", 21 ], [ "R", 21 ], [ "R", 21 ], [ "R", 21 ], [ "R", 21 ] ]
    } ]
  },
  "PetitionController.display" : {
    "t" : [ {
      "id" : 0,
      "a" : [ [ "R", 19 ], [ "R", 11 ], [ "R", 11 ], [ "R", 15 ], [ "R", 15 ], [ "R", 15 ], [ "R", 20 ], [ "R", 11 ], [ "R", 11 ], [ "R", 15 ], [ "R", 15 ], [ "R", 15 ], [ "R", 20 ] ]
    } ]
  },
  "GovernmentAgentCitizenController.list" : {
    "t" : [ {
      "id" : 0,
      "a" : [ [ "R", 15 ], [ "R", 19 ] ]
    } ]
  },
  "CommentActorController.create" : {
    "t" : [ {
      "id" : 0,
      "a" : [ [ "R", 8 ], [ "R", 8 ], [ "R", 9 ], [ "R", 11 ], [ "R", 11 ], [ "R", 11 ], [ "R", 11 ], [ "R", 7 ], [ "R", 7 ], [ "R", 7 ], [ "R", 20 ], [ "R", 11 ], [ "R", 11 ], [ "R", 15 ], [ "R", 15 ], [ "R", 15 ], [ "R", 20 ], [ "W", 8 ], [ "R", 11 ], [ "R", 11 ], [ "R", 1 ], [ "R", 1 ], [ "R", 1 ], [ "R", 20 ], [ "W", 8 ], [ "W", 1 ], [ "R", 9 ], [ "R", 9 ], [ "R", 9 ], [ "W", 8 ], [ "W", 9 ], [ "R", 8 ], [ "W", 8 ], [ "W", 8 ], [ "W", 8 ], [ "W", 8 ], [ "R", 11 ], [ "R", 11 ], [ "R", 7 ], [ "R", 7 ], [ "R", 7 ], [ "R", 20 ], [ "R", 11 ], [ "R", 11 ], [ "R", 15 ], [ "R", 15 ], [ "R", 15 ], [ "R", 20 ], [ "W", 8 ], [ "R", 11 ], [ "R", 11 ], [ "R", 1 ], [ "R", 1 ], [ "R", 1 ], [ "R", 20 ], [ "W", 8 ], [ "W", 1 ], [ "R", 9 ], [ "R", 9 ], [ "R", 9 ], [ "W", 8 ], [ "W", 9 ], [ "R", 8 ], [ "W", 8 ], [ "W", 8 ], [ "W", 8 ], [ "W", 8 ], [ "R", 11 ], [ "R", 8 ], [ "R", 8 ], [ "R", 8 ], [ "R", 8 ], [ "R", 11 ], [ "R", 8 ], [ "R", 1 ], [ "R", 11 ], [ "R", 8 ], [ "R", 9 ], [ "R", 11 ], [ "R", 8 ], [ "R", 8 ], [ "R", 8 ] ]
    } ]
  },
  "LotteryGovernmentAgentController.save" : {
    "t" : [ {
      "id" : 0,
      "a" : [ [ "R", 11 ], [ "R", 11 ], [ "R", 16 ], [ "R", 11 ], [ "R", 11 ], [ "R", 15 ], [ "R", 15 ], [ "R", 15 ], [ "R", 20 ], [ "R", 11 ], [ "R", 11 ], [ "R", 1 ], [ "R", 1 ], [ "R", 1 ], [ "R", 20 ], [ "W", 16 ], [ "W", 17 ], [ "W", 16 ], [ "W", 15 ], [ "W", 16 ], [ "W", 16 ], [ "W", 15 ], [ "W", 16 ], [ "W", 17 ], [ "W", 16 ], [ "R", 16 ], [ "W", 16 ], [ "R", 16 ], [ "W", 16 ], [ "R", 16 ], [ "W", 16 ], [ "R", 16 ], [ "W", 16 ], [ "R", 11 ], [ "R", 16 ], [ "R", 16 ], [ "R", 16 ], [ "W", 16 ] ]
    } ]
  },
  "CandidateCitizenController.register" : {
    "t" : [ {
      "id" : 0,
      "a" : [ [ "R", 11 ], [ "R", 11 ], [ "R", 7 ], [ "R", 7 ], [ "R", 7 ], [ "R", 20 ], [ "W", 4 ], [ "W", 7 ], [ "R", 5 ], [ "R", 5 ], [ "R", 4 ], [ "W", 4 ], [ "R", 5 ], [ "W", 4 ], [ "W", 5 ], [ "W", 4 ], [ "R", 11 ], [ "R", 4 ], [ "R", 5 ], [ "R", 5 ], [ "R", 4 ], [ "R", 4 ], [ "R", 7 ], [ "R", 7 ], [ "R", 4 ] ]
    } ]
  },
  "PetitionCitizenController.create" : {
    "t" : [ {
      "id" : 0,
      "a" : [ [ "R", 11 ], [ "R", 11 ], [ "R", 7 ], [ "R", 7 ], [ "R", 7 ], [ "R", 20 ], [ "W", 19 ], [ "W", 19 ], [ "W", 19 ], [ "W", 19 ], [ "R", 11 ], [ "R", 11 ], [ "R", 7 ], [ "R", 7 ], [ "R", 7 ], [ "R", 20 ], [ "W", 19 ], [ "W", 7 ], [ "W", 19 ], [ "W", 15 ], [ "W", 9 ], [ "W", 8 ], [ "R", 11 ], [ "R", 19 ], [ "R", 7 ], [ "R", 11 ], [ "R", 19 ], [ "R", 19 ], [ "R", 19 ], [ "R", 19 ], [ "R", 19 ], [ "R", 19 ], [ "R", 19 ] ]
    } ]
  },
  "CandidatureGovernmentAgentController.delete" : {
    "t" : [ {
      "id" : 0,
      "a" : [ [ "R", 5 ], [ "R", 11 ], [ "R", 11 ], [ "R", 15 ], [ "R", 15 ], [ "R", 15 ], [ "R", 20 ], [ "R", 11 ], [ "R", 11 ], [ "R", 7 ], [ "R", 7 ], [ "R", 7 ], [ "R", 20 ], [ "R", 5 ], [ "R", 13 ], [ "R", 13 ], [ "R", 5 ], [ "R", 5 ], [ "R", 4 ], [ "R", 9 ], [ "R", 8 ], [ "R", 4 ], [ "R", 7 ], [ "R", 7 ], [ "R", 4 ], [ "R", 4 ], [ "R", 5 ], [ "R", 5 ], [ "R", 4 ], [ "W", 4 ], [ "R", 11 ], [ "R", 11 ], [ "R", 15 ], [ "R", 15 ], [ "R", 15 ], [ "R", 20 ], [ "R", 8 ], [ "R", 9 ], [ "R", 9 ], [ "R", 8 ], [ "R", 8 ], [ "R", 1 ], [ "R", 1 ], [ "R", 8 ], [ "R", 8 ], [ "R", 8 ], [ "R", 8 ], [ "R", 8 ], [ "R", 8 ], [ "R", 8 ], [ "R", 8 ], [ "R", 8 ], [ "W", 8 ], [ "W", 5 ], [ "R", 5 ], [ "R", 13 ], [ "R", 11 ], [ "R", 5 ], [ "R", 13 ], [ "R", 11 ] ]
    } ]
  },
  "EconomicTransactionCreateMoneyController.save" : {
    "t" : [ {
      "id" : 0,
      "a" : [ [ "R", 11 ], [ "R", 11 ], [ "R", 1 ], [ "R", 1 ], [ "R", 1 ], [ "R", 20 ], [ "W", 12 ], [ "R", 1 ], [ "R", 2 ], [ "W", 12 ], [ "W", 2 ], [ "W", 12 ], [ "R", 12 ], [ "W", 12 ], [ "R", 12 ], [ "R", 2 ], [ "W", 12 ], [ "W", 2 ], [ "R", 11 ], [ "R", 11 ], [ "R", 1 ], [ "R", 1 ], [ "R", 1 ], [ "R", 20 ], [ "R", 1 ], [ "R", 2 ], [ "W", 12 ], [ "W", 2 ], [ "R", 12 ], [ "W", 12 ], [ "R", 12 ], [ "W", 12 ], [ "W", 12 ], [ "R", 2 ], [ "R", 11 ], [ "R", 11 ], [ "R", 1 ], [ "R", 1 ], [ "R", 1 ], [ "R", 20 ], [ "R", 12 ], [ "R", 2 ], [ "W", 12 ], [ "R", 12 ], [ "R", 12 ], [ "R", 2 ], [ "R", 11 ], [ "R", 11 ], [ "R", 3 ], [ "R", 3 ], [ "R", 3 ], [ "R", 20 ], [ "R", 11 ], [ "R", 11 ], [ "R", 15 ], [ "R", 15 ], [ "R", 15 ], [ "R", 20 ], [ "R", 15 ], [ "R", 3 ], [ "R", 2 ], [ "W", 2 ], [ "W", 2 ], [ "R", 2 ], [ "R", 11 ], [ "R", 11 ], [ "R", 1 ], [ "R", 1 ], [ "R", 1 ], [ "R", 20 ] ]
    } ]
  },
  "CitizenController.listUser" : {
    "t" : [ {
      "id" : 0,
      "a" : [ [ "R", 7 ], [ "R", 11 ], [ "R", 5 ], [ "R", 5 ], [ "R", 4 ], [ "R", 5 ], [ "R", 5 ], [ "R", 4 ], [ "R", 7 ] ]
    } ]
  },
  "CommentActorController.list" : {
    "t" : [ {
      "id" : 0,
      "a" : [ [ "R", 11 ], [ "R", 11 ], [ "R", 1 ], [ "R", 1 ], [ "R", 1 ], [ "R", 20 ], [ "R", 1 ], [ "R", 8 ] ]
    } ]
  },
  "PetitionCitizenController.delete" : {
    "t" : [ {
      "id" : 0,
      "a" : [ [ "R", 19 ], [ "R", 11 ], [ "R", 11 ], [ "R", 7 ], [ "R", 7 ], [ "R", 7 ], [ "R", 20 ], [ "W", 19 ], [ "W", 19 ], [ "W", 19 ], [ "W", 19 ], [ "R", 11 ], [ "R", 11 ], [ "R", 7 ], [ "R", 7 ], [ "R", 7 ], [ "R", 20 ], [ "W", 19 ], [ "W", 7 ], [ "W", 19 ], [ "W", 15 ], [ "W", 9 ], [ "W", 8 ], [ "W", 19 ], [ "W", 19 ], [ "W", 19 ], [ "R", 19 ], [ "R", 15 ], [ "W", 19 ], [ "W", 19 ], [ "W", 19 ], [ "R", 11 ], [ "R", 11 ], [ "R", 11 ], [ "R", 7 ], [ "R", 7 ], [ "R", 7 ], [ "R", 20 ], [ "R", 19 ], [ "W", 19 ], [ "R", 19 ], [ "R", 19 ], [ "R", 19 ], [ "R", 19 ], [ "R", 19 ], [ "R", 19 ], [ "R", 19 ], [ "R", 15 ], [ "R", 11 ], [ "W", 19 ], [ "W", 19 ], [ "R", 11 ], [ "R", 19 ], [ "R", 7 ], [ "R", 7 ], [ "R", 19 ] ]
    } ]
  },
  "ChirpController.list" : {
    "t" : [ {
      "id" : 0,
      "a" : [ [ "R", 15 ], [ "R", 6 ], [ "R", 6 ], [ "R", 6 ], [ "R", 15 ], [ "R", 15 ], [ "R", 6 ] ]
    } ]
  },
  "LotteryTicketCitizenController.display" : {
    "t" : [ {
      "id" : 0,
      "a" : [ [ "R", 11 ], [ "R", 11 ], [ "R", 7 ], [ "R", 7 ], [ "R", 7 ], [ "R", 20 ], [ "R", 11 ], [ "R", 17 ], [ "R", 17 ], [ "R", 17 ], [ "R", 7 ] ]
    } ]
  },
  "PetitionCitizenController.save" : {
    "t" : [ {
      "id" : 0,
      "a" : [ [ "R", 19 ], [ "R", 11 ], [ "R", 11 ], [ "R", 7 ], [ "R", 7 ], [ "R", 7 ], [ "R", 20 ], [ "W", 19 ], [ "W", 19 ], [ "W", 19 ], [ "W", 19 ], [ "R", 11 ], [ "R", 11 ], [ "R", 7 ], [ "R", 7 ], [ "R", 7 ], [ "R", 20 ], [ "W", 19 ], [ "W", 7 ], [ "W", 19 ], [ "W", 15 ], [ "W", 9 ], [ "W", 8 ], [ "W", 19 ], [ "W", 19 ], [ "W", 19 ], [ "R", 19 ], [ "R", 15 ], [ "W", 19 ], [ "W", 19 ], [ "W", 19 ], [ "R", 19 ], [ "R", 19 ], [ "R", 19 ], [ "R", 19 ], [ "R", 19 ], [ "R", 19 ], [ "R", 19 ], [ "R", 15 ], [ "R", 11 ], [ "W", 19 ], [ "W", 19 ], [ "R", 11 ], [ "R", 19 ], [ "R", 7 ], [ "R", 7 ], [ "R", 19 ] ]
    } ]
  },
  "MessageGovernmentAgentController.createNotification" : {
    "t" : [ {
      "id" : 0,
      "a" : [ [ "W", 18 ], [ "R", 11 ], [ "R", 11 ], [ "R", 1 ], [ "R", 1 ], [ "R", 1 ], [ "R", 20 ], [ "W", 18 ], [ "W", 1 ], [ "R", 1 ], [ "R", 20 ], [ "R", 11 ], [ "R", 14 ], [ "R", 1 ], [ "R", 1 ], [ "R", 14 ], [ "R", 1 ], [ "R", 14 ], [ "R", 1 ], [ "R", 20 ], [ "R", 1 ], [ "R", 14 ], [ "W", 18 ], [ "W", 14 ], [ "R", 11 ], [ "R", 11 ], [ "R", 1 ], [ "R", 1 ], [ "R", 1 ], [ "R", 20 ], [ "W", 18 ], [ "W", 1 ], [ "R", 1 ], [ "R", 11 ], [ "R", 11 ], [ "R", 1 ], [ "R", 1 ], [ "R", 1 ], [ "R", 20 ] ]
    } ]
  },
  "EconomicTransactionController.save" : {
    "t" : [ {
      "id" : 0,
      "a" : [ [ "R", 2 ], [ "R", 11 ], [ "R", 11 ], [ "R", 1 ], [ "R", 1 ], [ "R", 1 ], [ "R", 20 ], [ "R", 1 ], [ "R", 2 ], [ "R", 11 ], [ "R", 11 ], [ "R", 1 ], [ "R", 1 ], [ "R", 1 ], [ "R", 20 ], [ "W", 12 ], [ "R", 1 ], [ "R", 2 ], [ "W", 12 ], [ "W", 2 ], [ "W", 12 ], [ "R", 12 ], [ "W", 12 ], [ "R", 12 ], [ "R", 2 ], [ "W", 12 ], [ "W", 2 ], [ "R", 11 ], [ "R", 11 ], [ "R", 1 ], [ "R", 1 ], [ "R", 1 ], [ "R", 20 ], [ "R", 1 ], [ "R", 2 ], [ "W", 12 ], [ "W", 2 ], [ "R", 12 ], [ "W", 12 ], [ "R", 12 ], [ "W", 12 ], [ "W", 12 ], [ "R", 11 ], [ "R", 11 ], [ "R", 1 ], [ "R", 1 ], [ "R", 1 ], [ "R", 20 ], [ "R", 11 ], [ "R", 11 ], [ "R", 1 ], [ "R", 1 ], [ "R", 1 ], [ "R", 20 ], [ "R", 12 ], [ "R", 2 ], [ "R", 1 ], [ "R", 2 ], [ "R", 11 ], [ "R", 11 ], [ "R", 11 ], [ "R", 12 ], [ "R", 2 ], [ "R", 2 ], [ "R", 12 ], [ "R", 11 ], [ "R", 11 ], [ "R", 15 ], [ "R", 15 ], [ "R", 15 ], [ "R", 20 ], [ "R", 12 ], [ "R", 12 ], [ "R", 2 ], [ "R", 11 ], [ "R", 11 ], [ "R", 15 ], [ "R", 15 ], [ "R", 15 ], [ "R", 20 ], [ "R", 11 ], [ "R", 11 ], [ "R", 11 ], [ "W", 12 ], [ "R", 12 ], [ "R", 2 ], [ "R", 12 ], [ "R", 2 ], [ "R", 12 ], [ "R", 12 ], [ "R", 2 ], [ "R", 2 ], [ "R", 1 ], [ "R", 12 ], [ "R", 2 ], [ "R", 2 ], [ "R", 1 ], [ "R", 1 ], [ "R", 2 ], [ "R", 2 ], [ "R", 1 ], [ "R", 2 ], [ "R", 2 ], [ "R", 1 ], [ "R", 2 ], [ "W", 2 ], [ "R", 1 ], [ "R", 2 ], [ "W", 2 ], [ "W", 12 ], [ "R", 11 ], [ "R", 11 ], [ "R", 1 ], [ "R", 1 ], [ "R", 1 ], [ "R", 20 ] ]
    } ]
  },
  "GovernmentAgentGovernmentAgentController.list" : {
    "t" : [ {
      "id" : 0,
      "a" : [ [ "R", 19 ], [ "R", 19 ], [ "R", 19 ], [ "R", 8 ], [ "R", 1 ], [ "R", 1 ], [ "R", 15 ], [ "R", 15 ], [ "R", 19 ], [ "R", 15 ], [ "R", 19 ], [ "R", 15 ], [ "R", 19 ], [ "R", 15 ], [ "R", 19 ], [ "R", 15 ], [ "R", 19 ], [ "R", 15 ], [ "R", 19 ], [ "R", 15 ], [ "R", 19 ], [ "R", 15 ], [ "R", 19 ], [ "R", 7 ], [ "R", 7 ], [ "R", 19 ], [ "R", 7 ], [ "R", 19 ], [ "R", 7 ], [ "R", 19 ], [ "R", 7 ], [ "R", 19 ], [ "R", 7 ], [ "R", 19 ], [ "R", 7 ], [ "R", 19 ], [ "R", 7 ], [ "R", 19 ], [ "R", 7 ], [ "R", 19 ], [ "R", 19 ], [ "R", 19 ], [ "R", 19 ], [ "R", 8 ], [ "R", 13 ], [ "R", 13 ], [ "R", 13 ], [ "R", 8 ], [ "R", 7 ], [ "R", 7 ], [ "R", 7 ], [ "R", 7 ], [ "R", 4 ], [ "R", 7 ], [ "R", 7 ], [ "R", 7 ], [ "R", 7 ], [ "R", 7 ], [ "R", 17 ], [ "R", 7 ], [ "R", 7 ], [ "R", 17 ], [ "R", 5 ], [ "R", 5 ], [ "R", 5 ], [ "R", 5 ], [ "R", 5 ], [ "R", 5 ], [ "R", 13 ], [ "R", 13 ], [ "R", 7 ], [ "R", 13 ], [ "R", 7 ], [ "R", 13 ], [ "R", 7 ], [ "R", 13 ], [ "R", 7 ], [ "R", 13 ], [ "R", 7 ], [ "R", 13 ], [ "R", 7 ], [ "R", 13 ], [ "R", 7 ], [ "R", 13 ], [ "R", 7 ], [ "R", 13 ], [ "R", 13 ], [ "R", 5 ], [ "R", 13 ], [ "R", 5 ], [ "R", 13 ], [ "R", 5 ], [ "R", 13 ], [ "R", 5 ], [ "R", 13 ], [ "R", 5 ], [ "R", 13 ], [ "R", 5 ], [ "R", 13 ], [ "R", 5 ], [ "R", 13 ], [ "R", 5 ], [ "R", 2 ], [ "R", 2 ], [ "R", 1 ], [ "R", 1 ], [ "R", 2 ], [ "R", 1 ], [ "R", 2 ], [ "R", 1 ], [ "R", 2 ], [ "R", 1 ], [ "R", 2 ], [ "R", 1 ], [ "R", 2 ], [ "R", 1 ], [ "R", 2 ], [ "R", 1 ], [ "R", 1 ], [ "R", 2 ], [ "R", 1 ], [ "R", 2 ] ]
    } ]
  },
  "GovernmentAgentGovernmentAgentController.save" : {
    "t" : [ {
      "id" : 0,
      "a" : [ [ "R", 11 ], [ "R", 11 ], [ "R", 15 ], [ "R", 15 ], [ "R", 15 ], [ "R", 20 ], [ "R", 15 ], [ "R", 15 ], [ "R", 11 ], [ "R", 11 ], [ "R", 15 ], [ "R", 15 ], [ "R", 15 ], [ "R", 20 ], [ "R", 15 ], [ "R", 15 ], [ "R", 11 ], [ "R", 11 ], [ "R", 15 ], [ "R", 15 ], [ "R", 15 ], [ "R", 20 ], [ "R", 15 ], [ "R", 15 ], [ "R", 11 ], [ "R", 11 ], [ "R", 15 ], [ "R", 15 ], [ "R", 15 ], [ "R", 20 ], [ "R", 15 ], [ "R", 11 ], [ "R", 11 ], [ "R", 15 ], [ "R", 15 ], [ "R", 15 ], [ "R", 20 ], [ "R", 15 ], [ "R", 15 ], [ "R", 11 ], [ "R", 11 ], [ "R", 15 ], [ "R", 15 ], [ "R", 15 ], [ "R", 20 ], [ "R", 15 ], [ "R", 11 ], [ "R", 11 ], [ "R", 15 ], [ "R", 15 ], [ "R", 15 ], [ "R", 20 ], [ "R", 15 ], [ "R", 15 ], [ "R", 15 ], [ "W", 20 ], [ "W", 1 ], [ "W", 14 ], [ "W", 1 ], [ "W", 8 ], [ "W", 15 ], [ "W", 6 ], [ "W", 15 ], [ "W", 13 ], [ "W", 15 ], [ "W", 16 ], [ "W", 15 ], [ "W", 19 ], [ "R", 20 ], [ "R", 20 ], [ "W", 1 ], [ "W", 20 ], [ "R", 11 ], [ "R", 11 ], [ "R", 15 ], [ "R", 15 ], [ "R", 15 ], [ "R", 20 ], [ "R", 15 ], [ "R", 1 ], [ "R", 1 ], [ "R", 1 ], [ "W", 1 ], [ "W", 1 ], [ "W", 1 ], [ "W", 1 ], [ "W", 1 ], [ "W", 1 ], [ "W", 15 ], [ "W", 15 ], [ "R", 1 ], [ "R", 20 ], [ "W", 20 ], [ "R", 1 ], [ "R", 20 ], [ "W", 20 ], [ "R", 11 ], [ "R", 11 ], [ "R", 11 ], [ "R", 15 ], [ "R", 15 ], [ "R", 15 ], [ "R", 20 ], [ "R", 1 ], [ "R", 20 ], [ "R", 20 ], [ "R", 1 ], [ "R", 20 ], [ "W", 20 ], [ "W", 14 ], [ "W", 14 ], [ "W", 14 ], [ "W", 14 ], [ "W", 14 ], [ "W", 14 ], [ "W", 18 ], [ "W", 14 ], [ "W", 14 ], [ "W", 14 ], [ "W", 14 ], [ "W", 14 ], [ "W", 14 ], [ "W", 18 ], [ "W", 14 ], [ "W", 14 ], [ "W", 14 ], [ "W", 14 ], [ "W", 14 ], [ "W", 14 ], [ "W", 18 ], [ "W", 14 ], [ "W", 14 ], [ "W", 14 ], [ "W", 14 ], [ "W", 14 ], [ "W", 14 ], [ "W", 18 ], [ "W", 14 ], [ "W", 14 ], [ "W", 18 ], [ "W", 14 ], [ "W", 14 ], [ "W", 14 ], [ "W", 14 ], [ "W", 18 ], [ "W", 14 ], [ "W", 14 ], [ "W", 14 ], [ "W", 14 ], [ "W", 18 ], [ "W", 14 ], [ "W", 14 ], [ "W", 14 ], [ "W", 14 ], [ "W", 18 ], [ "W", 14 ], [ "W", 14 ], [ "W", 14 ], [ "W", 1 ], [ "W", 14 ], [ "R", 1 ], [ "R", 10 ], [ "R", 10 ], [ "R", 1 ], [ "W", 1 ], [ "R", 1 ], [ "R", 20 ], [ "R", 20 ], [ "R", 20 ], [ "R", 20 ], [ "R", 20 ], [ "W", 15 ], [ "R", 11 ], [ "R", 11 ], [ "R", 15 ], [ "R", 15 ], [ "R", 15 ], [ "R", 20 ], [ "R", 15 ], [ "R", 15 ], [ "R", 11 ], [ "R", 11 ], [ "R", 15 ], [ "R", 15 ], [ "R", 15 ], [ "R", 20 ], [ "R", 15 ], [ "R", 15 ] ]
    } ]
  },
  "CandidatureCitizenController.save" : {
    "t" : [ {
      "id" : 0,
      "a" : [ [ "R", 5 ], [ "R", 11 ], [ "R", 11 ], [ "R", 7 ], [ "R", 7 ], [ "R", 7 ], [ "R", 20 ], [ "R", 13 ], [ "R", 13 ], [ "R", 13 ], [ "R", 13 ], [ "W", 5 ], [ "W", 5 ], [ "W", 13 ], [ "W", 5 ], [ "W", 4 ], [ "W", 9 ], [ "W", 8 ], [ "W", 5 ], [ "W", 5 ], [ "W", 5 ], [ "W", 5 ], [ "R", 11 ], [ "R", 5 ], [ "R", 4 ], [ "R", 11 ], [ "R", 11 ], [ "R", 11 ], [ "R", 7 ], [ "R", 7 ], [ "R", 7 ], [ "R", 20 ], [ "R", 11 ], [ "R", 4 ], [ "R", 4 ], [ "R", 4 ], [ "R", 7 ], [ "R", 4 ], [ "R", 5 ], [ "R", 11 ], [ "R", 11 ], [ "R", 7 ], [ "R", 7 ], [ "R", 7 ], [ "R", 20 ], [ "R", 5 ], [ "R", 13 ], [ "R", 13 ], [ "R", 13 ], [ "R", 13 ], [ "R", 5 ], [ "R", 5 ], [ "R", 5 ], [ "R", 5 ], [ "R", 5 ], [ "R", 5 ], [ "W", 5 ], [ "R", 11 ], [ "R", 5 ], [ "R", 13 ], [ "R", 13 ], [ "R", 5 ], [ "R", 11 ], [ "R", 11 ], [ "R", 11 ], [ "R", 7 ], [ "R", 7 ], [ "R", 7 ], [ "R", 20 ], [ "W", 4 ], [ "W", 7 ], [ "R", 5 ], [ "R", 5 ], [ "R", 4 ], [ "W", 4 ], [ "R", 5 ], [ "W", 4 ], [ "W", 5 ], [ "W", 4 ], [ "R", 11 ], [ "R", 4 ], [ "R", 5 ], [ "R", 5 ], [ "R", 4 ], [ "R", 4 ], [ "R", 7 ], [ "R", 7 ], [ "R", 4 ], [ "R", 5 ], [ "R", 13 ], [ "R", 11 ] ]
    } ]
  },
  "MessageController.display" : {
    "t" : [ {
      "id" : 0,
      "a" : [ [ "R", 18 ], [ "R", 11 ], [ "R", 11 ], [ "R", 1 ], [ "R", 1 ], [ "R", 1 ], [ "R", 20 ], [ "R", 18 ], [ "R", 1 ], [ "R", 11 ], [ "R", 11 ], [ "R", 11 ], [ "R", 18 ], [ "R", 1 ], [ "R", 11 ], [ "R", 11 ], [ "R", 11 ], [ "R", 18 ], [ "R", 18 ], [ "R", 1 ], [ "R", 18 ], [ "R", 18 ], [ "R", 18 ], [ "R", 1 ], [ "R", 18 ] ]
    } ]
  },
  "CitizenGovernmentAgentController.save" : {
    "t" : [ {
      "id" : 0,
      "a" : [ [ "R", 7 ], [ "R", 11 ], [ "R", 11 ], [ "R", 15 ], [ "R", 15 ], [ "R", 15 ], [ "R", 20 ], [ "R", 15 ], [ "R", 1 ], [ "R", 1 ], [ "R", 1 ], [ "W", 20 ], [ "W", 7 ], [ "W", 4 ], [ "W", 1 ], [ "W", 8 ], [ "W", 7 ], [ "W", 13 ], [ "W", 1 ], [ "W", 14 ], [ "W", 7 ], [ "W", 17 ], [ "W", 7 ], [ "W", 19 ], [ "W", 1 ], [ "R", 20 ], [ "R", 20 ], [ "W", 1 ], [ "W", 20 ], [ "R", 11 ], [ "R", 11 ], [ "R", 15 ], [ "R", 15 ], [ "R", 15 ], [ "R", 20 ], [ "R", 15 ], [ "R", 1 ], [ "R", 1 ], [ "R", 1 ], [ "W", 1 ], [ "W", 1 ], [ "W", 1 ], [ "W", 1 ], [ "W", 1 ], [ "W", 1 ], [ "W", 1 ], [ "R", 1 ], [ "R", 20 ], [ "W", 20 ], [ "R", 1 ], [ "R", 20 ], [ "W", 20 ], [ "R", 11 ], [ "R", 11 ], [ "R", 11 ], [ "R", 15 ], [ "R", 15 ], [ "R", 15 ], [ "R", 20 ], [ "R", 1 ], [ "R", 20 ], [ "R", 20 ], [ "W", 14 ], [ "W", 14 ], [ "W", 14 ], [ "W", 14 ], [ "W", 14 ], [ "W", 14 ], [ "W", 18 ], [ "W", 14 ], [ "W", 14 ], [ "W", 14 ], [ "W", 14 ], [ "W", 14 ], [ "W", 14 ], [ "W", 18 ], [ "W", 14 ], [ "W", 14 ], [ "W", 14 ], [ "W", 14 ], [ "W", 14 ], [ "W", 14 ], [ "W", 18 ], [ "W", 14 ], [ "W", 14 ], [ "W", 14 ], [ "W", 14 ], [ "W", 14 ], [ "W", 14 ], [ "W", 18 ], [ "W", 14 ], [ "W", 14 ], [ "W", 18 ], [ "W", 14 ], [ "W", 14 ], [ "W", 14 ], [ "W", 14 ], [ "W", 18 ], [ "W", 14 ], [ "W", 14 ], [ "W", 14 ], [ "W", 14 ], [ "W", 18 ], [ "W", 14 ], [ "W", 14 ], [ "W", 14 ], [ "W", 14 ], [ "W", 18 ], [ "W", 14 ], [ "W", 14 ], [ "W", 14 ], [ "W", 1 ], [ "W", 14 ], [ "R", 1 ], [ "R", 20 ], [ "W", 20 ], [ "R", 1 ], [ "R", 10 ], [ "R", 10 ], [ "R", 1 ], [ "W", 1 ], [ "R", 1 ], [ "R", 20 ], [ "R", 20 ], [ "R", 20 ], [ "R", 20 ], [ "R", 20 ], [ "W", 7 ] ]
    } ]
  },
  "LotteryGovernmentAgentController.display" : {
    "t" : [ {
      "id" : 0,
      "a" : [ [ "R", 11 ], [ "R", 11 ], [ "R", 15 ], [ "R", 15 ], [ "R", 15 ], [ "R", 20 ], [ "R", 11 ], [ "R", 16 ], [ "R", 16 ], [ "R", 16 ], [ "R", 15 ] ]
    } ]
  },
  "FolderController.edit" : {
    "t" : [ {
      "id" : 0,
      "a" : [ [ "R", 14 ], [ "R", 11 ], [ "R", 11 ], [ "R", 1 ], [ "R", 1 ], [ "R", 1 ], [ "R", 20 ], [ "R", 1 ], [ "R", 20 ], [ "R", 11 ], [ "R", 1 ], [ "R", 1 ], [ "R", 14 ], [ "R", 1 ], [ "R", 20 ], [ "R", 14 ], [ "R", 11 ], [ "R", 14 ], [ "R", 14 ], [ "R", 14 ], [ "R", 14 ], [ "R", 11 ], [ "R", 14 ], [ "R", 11 ], [ "R", 11 ], [ "R", 1 ], [ "R", 1 ], [ "R", 14 ], [ "R", 1 ], [ "R", 20 ], [ "R", 14 ] ]
    } ]
  },
  "FolderController.create" : {
    "t" : [ {
      "id" : 0,
      "a" : [ [ "W", 14 ], [ "W", 14 ], [ "W", 14 ], [ "W", 14 ], [ "W", 14 ], [ "W", 14 ], [ "W", 18 ], [ "R", 11 ], [ "R", 14 ], [ "R", 14 ], [ "R", 14 ], [ "R", 14 ], [ "R", 11 ], [ "R", 14 ], [ "R", 11 ], [ "R", 11 ], [ "R", 1 ], [ "R", 1 ], [ "R", 14 ], [ "R", 1 ], [ "R", 20 ], [ "R", 14 ] ]
    } ]
  },
  "ChirpController.display" : {
    "t" : [ {
      "id" : 0,
      "a" : [ [ "R", 6 ] ]
    } ]
  },
  "ChirpGovernmentAgentController.list" : {
    "t" : [ {
      "id" : 0,
      "a" : [ [ "R", 11 ], [ "R", 11 ], [ "R", 15 ], [ "R", 15 ], [ "R", 15 ], [ "R", 20 ], [ "R", 11 ], [ "R", 11 ], [ "R", 15 ], [ "R", 15 ], [ "R", 15 ], [ "R", 20 ], [ "R", 11 ], [ "R", 6 ], [ "R", 6 ], [ "R", 6 ], [ "R", 15 ] ]
    } ]
  },
  "CommentActorController.save" : {
    "t" : [ {
      "id" : 0,
      "a" : [ [ "R", 8 ], [ "R", 11 ], [ "R", 11 ], [ "R", 7 ], [ "R", 7 ], [ "R", 7 ], [ "R", 20 ], [ "R", 11 ], [ "R", 11 ], [ "R", 15 ], [ "R", 15 ], [ "R", 15 ], [ "R", 20 ], [ "W", 8 ], [ "R", 11 ], [ "R", 11 ], [ "R", 1 ], [ "R", 1 ], [ "R", 1 ], [ "R", 20 ], [ "W", 8 ], [ "W", 1 ], [ "R", 9 ], [ "R", 9 ], [ "R", 9 ], [ "W", 8 ], [ "W", 9 ], [ "R", 8 ], [ "W", 8 ], [ "W", 8 ], [ "W", 8 ], [ "W", 8 ], [ "W", 8 ], [ "W", 8 ], [ "W", 8 ], [ "R", 8 ], [ "R", 8 ], [ "R", 11 ], [ "W", 8 ], [ "W", 8 ], [ "R", 11 ], [ "R", 8 ], [ "R", 1 ], [ "R", 1 ], [ "R", 8 ], [ "R", 8 ], [ "R", 9 ], [ "R", 9 ], [ "R", 8 ], [ "R", 8 ], [ "R", 8 ], [ "R", 8 ], [ "R", 8 ], [ "R", 8 ], [ "R", 8 ] ]
    } ]
  },
  "CitizenGovernmentAgentController.create" : {
    "t" : [ {
      "id" : 0,
      "a" : [ [ "R", 11 ], [ "R", 11 ], [ "R", 15 ], [ "R", 15 ], [ "R", 15 ], [ "R", 20 ], [ "R", 15 ], [ "R", 1 ], [ "R", 1 ], [ "R", 1 ], [ "W", 20 ], [ "W", 7 ], [ "W", 4 ], [ "W", 1 ], [ "W", 8 ], [ "W", 7 ], [ "W", 13 ], [ "W", 1 ], [ "W", 14 ], [ "W", 7 ], [ "W", 17 ], [ "W", 7 ], [ "W", 19 ], [ "W", 1 ], [ "R", 20 ], [ "R", 20 ], [ "W", 1 ], [ "W", 20 ], [ "R", 11 ], [ "R", 1 ], [ "R", 1 ], [ "R", 1 ], [ "R", 1 ], [ "R", 1 ], [ "R", 1 ], [ "R", 1 ], [ "R", 20 ], [ "R", 20 ], [ "R", 1 ], [ "R", 20 ], [ "R", 20 ], [ "R", 1 ], [ "R", 20 ], [ "R", 20 ] ]
    } ]
  },
  "LotteryController.list" : {
    "t" : [ {
      "id" : 0,
      "a" : [ [ "R", 16 ], [ "R", 11 ], [ "R", 11 ], [ "R", 7 ], [ "R", 7 ], [ "R", 7 ], [ "R", 20 ] ]
    } ]
  },
  "CommentController.display" : {
    "t" : [ {
      "id" : 0,
      "a" : [ [ "R", 8 ], [ "R", 8 ], [ "R", 1 ], [ "R", 8 ], [ "R", 1 ] ]
    } ]
  },
  "MessageController.create" : {
    "t" : [ {
      "id" : 0,
      "a" : [ [ "W", 18 ], [ "R", 11 ], [ "R", 11 ], [ "R", 1 ], [ "R", 1 ], [ "R", 1 ], [ "R", 20 ], [ "W", 18 ], [ "W", 1 ], [ "R", 1 ], [ "R", 20 ], [ "R", 11 ], [ "R", 14 ], [ "R", 1 ], [ "R", 1 ], [ "R", 14 ], [ "R", 1 ], [ "R", 14 ], [ "R", 1 ], [ "R", 20 ], [ "R", 1 ], [ "R", 14 ], [ "W", 18 ], [ "W", 14 ], [ "R", 1 ], [ "W", 18 ], [ "W", 1 ], [ "R", 1 ], [ "R", 11 ], [ "R", 11 ], [ "R", 1 ], [ "R", 1 ], [ "R", 1 ], [ "R", 20 ], [ "R", 11 ], [ "R", 11 ], [ "R", 1 ], [ "R", 1 ], [ "R", 14 ], [ "R", 1 ], [ "R", 20 ], [ "R", 11 ], [ "R", 11 ], [ "R", 18 ], [ "R", 18 ], [ "R", 1 ], [ "R", 1 ], [ "R", 18 ], [ "R", 1 ], [ "R", 1 ] ]
    } ]
  },
  "PetitionCitizenController.edit" : {
    "t" : [ {
      "id" : 0,
      "a" : [ [ "R", 19 ], [ "R", 19 ], [ "R", 7 ], [ "R", 11 ], [ "R", 11 ], [ "R", 7 ], [ "R", 7 ], [ "R", 7 ], [ "R", 20 ], [ "R", 19 ], [ "R", 11 ], [ "R", 19 ], [ "R", 7 ], [ "R", 11 ], [ "R", 19 ], [ "R", 19 ], [ "R", 19 ], [ "R", 19 ], [ "R", 19 ], [ "R", 19 ], [ "R", 19 ] ]
    } ]
  },
  "CitizenController.list" : {
    "t" : [ {
      "id" : 0,
      "a" : [ [ "R", 7 ] ]
    } ]
  },
  "CommentActorController.edit" : {
    "t" : [ {
      "id" : 0,
      "a" : [ [ "R", 8 ], [ "R", 8 ], [ "R", 1 ], [ "R", 11 ], [ "R", 11 ], [ "R", 1 ], [ "R", 1 ], [ "R", 1 ], [ "R", 20 ], [ "R", 11 ], [ "R", 11 ], [ "R", 11 ], [ "R", 11 ], [ "R", 8 ], [ "R", 8 ], [ "R", 8 ], [ "R", 8 ], [ "R", 11 ], [ "R", 8 ], [ "R", 1 ], [ "R", 11 ], [ "R", 8 ], [ "R", 9 ], [ "R", 11 ], [ "R", 8 ], [ "R", 8 ], [ "R", 8 ] ]
    } ]
  },
  "ElectionController.display" : {
    "t" : [ {
      "id" : 0,
      "a" : [ [ "R", 13 ], [ "R", 13 ], [ "R", 13 ], [ "R", 10 ], [ "R", 10 ], [ "R", 11 ], [ "R", 11 ], [ "R", 7 ], [ "R", 7 ], [ "R", 7 ], [ "R", 20 ], [ "R", 11 ], [ "R", 11 ], [ "R", 7 ], [ "R", 7 ], [ "R", 7 ], [ "R", 20 ], [ "R", 11 ], [ "R", 5 ], [ "R", 5 ], [ "R", 4 ], [ "R", 5 ], [ "R", 5 ], [ "R", 4 ], [ "R", 7 ], [ "R", 11 ], [ "R", 11 ], [ "R", 7 ], [ "R", 7 ], [ "R", 7 ], [ "R", 20 ], [ "R", 7 ], [ "R", 13 ], [ "R", 13 ] ]
    } ]
  }
}