{
  "EvaluationUserController.delete" : {
    "t" : [ {
      "id" : 0,
      "a" : [ [ "R", 10 ], [ "R", 11 ], [ "R", 10 ], [ "R", 29 ], [ "R", 11 ], [ "R", 28 ], [ "R", 1 ], [ "R", 29 ], [ "R", 10 ], [ "R", 10 ], [ "R", 10 ], [ "R", 10 ], [ "W", 11 ], [ "R", 10 ], [ "R", 10 ], [ "R", 10 ], [ "R", 28 ], [ "R", 28 ], [ "R", 28 ], [ "R", 29 ], [ "R", 11 ], [ "R", 28 ], [ "R", 10 ], [ "R", 10 ], [ "R", 10 ] ]
    } ]
  },
  "CommentController.list" : {
    "t" : [ {
      "id" : 0,
      "a" : [ [ "R", 6 ], [ "R", 6 ], [ "R", 6 ], [ "R", 4 ], [ "R", 6 ], [ "R", 28 ], [ "R", 10 ], [ "R", 24 ], [ "R", 24 ], [ "R", 19 ], [ "R", 24 ], [ "R", 28 ] ]
    } ]
  },
  "UserController.save" : {
    "t" : [ {
      "id" : 0,
      "a" : [ [ "W", 29 ], [ "R", 29 ], [ "R", 29 ], [ "W", 1 ], [ "W", 29 ], [ "R", 1 ], [ "R", 29 ], [ "W", 29 ], [ "R", 1 ], [ "R", 29 ], [ "W", 29 ], [ "W", 28 ], [ "W", 28 ], [ "W", 4 ], [ "R", 1 ], [ "R", 29 ], [ "W", 29 ], [ "R", 28 ], [ "R", 1 ], [ "R", 29 ], [ "R", 29 ], [ "W", 1 ], [ "W", 1 ], [ "W", 1 ], [ "W", 1 ], [ "W", 1 ], [ "W", 1 ], [ "R", 8 ], [ "R", 8 ], [ "W", 28 ], [ "R", 10 ], [ "R", 10 ], [ "R", 29 ], [ "R", 1 ], [ "R", 29 ], [ "R", 10 ], [ "R", 10 ], [ "R", 10 ], [ "R", 10 ], [ "R", 10 ], [ "R", 28 ], [ "R", 1 ], [ "R", 29 ], [ "R", 29 ], [ "R", 1 ], [ "R", 29 ], [ "R", 29 ], [ "R", 1 ], [ "R", 29 ], [ "R", 29 ], [ "R", 1 ], [ "R", 29 ], [ "R", 29 ], [ "R", 1 ], [ "R", 29 ], [ "R", 1 ], [ "R", 29 ], [ "R", 29 ], [ "W", 29 ], [ "R", 8 ], [ "R", 8 ], [ "R", 28 ], [ "R", 28 ], [ "R", 28 ], [ "W", 28 ], [ "W", 28 ] ]
    } ]
  },
  "CommentUserController.save" : {
    "t" : [ {
      "id" : 0,
      "a" : [ [ "R", 10 ], [ "R", 10 ], [ "R", 10 ], [ "R", 28 ], [ "R", 28 ], [ "R", 28 ], [ "R", 29 ], [ "R", 6 ], [ "R", 4 ], [ "R", 10 ], [ "R", 4 ], [ "R", 6 ], [ "R", 6 ], [ "R", 6 ], [ "R", 6 ], [ "R", 10 ], [ "R", 6 ], [ "W", 6 ], [ "W", 6 ], [ "W", 6 ], [ "W", 28 ], [ "W", 6 ], [ "W", 4 ], [ "R", 6 ], [ "R", 28 ], [ "R", 10 ], [ "R", 24 ], [ "R", 24 ], [ "R", 19 ], [ "R", 24 ], [ "R", 28 ], [ "W", 6 ], [ "R", 10 ], [ "R", 6 ], [ "R", 10 ], [ "W", 10 ], [ "R", 6 ], [ "R", 28 ], [ "W", 6 ], [ "W", 28 ], [ "R", 6 ], [ "R", 4 ], [ "W", 6 ], [ "W", 4 ], [ "R", 6 ], [ "R", 6 ], [ "W", 6 ], [ "W", 6 ], [ "R", 10 ], [ "R", 10 ], [ "R", 28 ], [ "R", 28 ], [ "R", 28 ], [ "R", 29 ], [ "R", 6 ], [ "R", 28 ], [ "R", 10 ], [ "R", 10 ], [ "R", 10 ], [ "R", 6 ], [ "R", 28 ], [ "R", 10 ], [ "R", 24 ], [ "R", 24 ], [ "R", 19 ], [ "R", 24 ], [ "R", 28 ], [ "R", 6 ], [ "R", 28 ], [ "R", 6 ], [ "R", 4 ], [ "R", 10 ], [ "R", 29 ], [ "R", 10 ], [ "R", 10 ], [ "R", 10 ], [ "R", 28 ], [ "R", 28 ], [ "R", 28 ], [ "R", 29 ], [ "R", 10 ], [ "R", 10 ], [ "R", 28 ], [ "R", 28 ], [ "R", 28 ], [ "R", 29 ], [ "R", 28 ], [ "W", 28 ], [ "R", 10 ], [ "R", 10 ], [ "R", 29 ], [ "R", 1 ], [ "R", 29 ], [ "R", 10 ], [ "R", 10 ], [ "R", 10 ], [ "R", 10 ], [ "R", 10 ], [ "R", 28 ], [ "R", 1 ], [ "R", 29 ], [ "R", 29 ], [ "R", 1 ], [ "R", 29 ], [ "R", 29 ], [ "R", 1 ], [ "R", 29 ], [ "R", 29 ], [ "R", 1 ], [ "R", 29 ], [ "R", 29 ], [ "R", 1 ], [ "R", 29 ], [ "R", 1 ], [ "R", 29 ], [ "R", 29 ], [ "W", 29 ], [ "R", 8 ], [ "R", 8 ], [ "R", 28 ], [ "R", 28 ], [ "R", 28 ], [ "W", 28 ], [ "W", 28 ], [ "R", 6 ], [ "R", 28 ], [ "R", 10 ], [ "R", 10 ], [ "R", 10 ], [ "R", 10 ], [ "R", 6 ], [ "R", 6 ], [ "R", 28 ], [ "R", 10 ], [ "R", 24 ], [ "R", 24 ], [ "R", 19 ], [ "R", 24 ], [ "R", 28 ], [ "R", 6 ], [ "R", 6 ], [ "R", 6 ], [ "R", 6 ], [ "R", 6 ], [ "R", 4 ], [ "R", 6 ], [ "R", 4 ], [ "R", 10 ], [ "R", 10 ], [ "R", 10 ], [ "W", 6 ], [ "W", 6 ], [ "R", 10 ], [ "R", 10 ], [ "R", 28 ], [ "R", 28 ], [ "R", 28 ], [ "R", 29 ], [ "R", 6 ], [ "R", 28 ], [ "R", 10 ], [ "R", 10 ], [ "R", 10 ], [ "R", 6 ], [ "R", 28 ], [ "R", 10 ], [ "R", 24 ], [ "R", 24 ], [ "R", 19 ], [ "R", 24 ], [ "R", 28 ] ]
    } ]
  },
  "BargainCompanyController.delete" : {
    "t" : [ {
      "id" : 0,
      "a" : [ [ "R", 10 ], [ "R", 4 ], [ "R", 4 ], [ "R", 7 ], [ "R", 1 ], [ "R", 29 ], [ "R", 10 ], [ "R", 10 ], [ "R", 10 ], [ "R", 10 ], [ "R", 10 ], [ "R", 29 ], [ "R", 10 ], [ "R", 26 ], [ "R", 26 ], [ "R", 4 ], [ "R", 26 ], [ "R", 26 ], [ "R", 4 ], [ "R", 26 ], [ "R", 26 ], [ "R", 4 ], [ "R", 10 ], [ "R", 29 ], [ "R", 29 ], [ "W", 26 ], [ "R", 26 ], [ "R", 4 ], [ "W", 26 ], [ "W", 4 ], [ "R", 10 ], [ "R", 29 ], [ "R", 10 ], [ "R", 29 ], [ "W", 26 ], [ "R", 10 ], [ "R", 6 ], [ "R", 6 ], [ "R", 6 ], [ "R", 4 ], [ "R", 10 ], [ "R", 6 ], [ "R", 6 ], [ "R", 6 ], [ "R", 4 ], [ "R", 10 ], [ "R", 6 ], [ "R", 10 ], [ "R", 29 ], [ "R", 10 ], [ "R", 29 ], [ "R", 10 ], [ "R", 29 ], [ "R", 10 ], [ "R", 29 ], [ "R", 10 ], [ "R", 10 ], [ "R", 28 ], [ "R", 28 ], [ "R", 28 ], [ "R", 29 ], [ "R", 6 ], [ "R", 28 ], [ "R", 10 ], [ "R", 10 ], [ "R", 10 ], [ "R", 10 ], [ "R", 6 ], [ "R", 6 ], [ "R", 6 ], [ "R", 6 ], [ "R", 10 ], [ "R", 6 ], [ "R", 6 ], [ "R", 6 ], [ "R", 6 ], [ "R", 10 ], [ "R", 29 ], [ "R", 10 ], [ "R", 6 ], [ "R", 6 ], [ "R", 6 ], [ "R", 6 ], [ "R", 10 ], [ "R", 6 ], [ "R", 6 ], [ "R", 6 ], [ "R", 6 ], [ "R", 10 ], [ "R", 6 ], [ "W", 6 ], [ "R", 10 ], [ "R", 6 ], [ "R", 6 ], [ "R", 6 ], [ "R", 6 ], [ "R", 10 ], [ "R", 6 ], [ "R", 6 ], [ "R", 6 ], [ "R", 6 ], [ "R", 10 ], [ "R", 6 ], [ "W", 6 ], [ "R", 10 ], [ "R", 29 ], [ "R", 4 ], [ "R", 7 ], [ "R", 1 ], [ "R", 29 ], [ "R", 10 ], [ "R", 10 ], [ "R", 10 ], [ "R", 10 ], [ "R", 10 ], [ "R", 28 ], [ "R", 28 ], [ "R", 4 ], [ "R", 28 ], [ "R", 28 ], [ "R", 4 ], [ "R", 28 ], [ "R", 4 ], [ "W", 28 ], [ "R", 10 ], [ "R", 23 ], [ "R", 23 ], [ "R", 23 ], [ "R", 4 ], [ "W", 23 ], [ "R", 10 ], [ "R", 5 ], [ "R", 5 ], [ "R", 4 ], [ "R", 5 ], [ "R", 5 ], [ "R", 4 ], [ "R", 5 ], [ "R", 4 ], [ "W", 5 ], [ "W", 4 ], [ "W", 5 ], [ "W", 4 ], [ "R", 10 ], [ "R", 10 ], [ "R", 4 ], [ "R", 4 ] ]
    } ]
  },
  "EvaluationUserController.save" : {
    "t" : [ {
      "id" : 0,
      "a" : [ [ "R", 10 ], [ "R", 10 ], [ "R", 10 ], [ "R", 28 ], [ "R", 28 ], [ "R", 28 ], [ "R", 29 ], [ "W", 11 ], [ "W", 28 ], [ "R", 10 ], [ "R", 11 ], [ "R", 10 ], [ "W", 10 ], [ "R", 11 ], [ "R", 28 ], [ "W", 11 ], [ "W", 28 ], [ "R", 11 ], [ "R", 7 ], [ "W", 11 ], [ "W", 7 ], [ "R", 10 ], [ "R", 10 ], [ "R", 10 ], [ "R", 28 ], [ "R", 28 ], [ "R", 28 ], [ "R", 29 ], [ "R", 11 ], [ "R", 28 ], [ "R", 10 ], [ "R", 10 ], [ "R", 10 ], [ "R", 10 ], [ "R", 29 ], [ "R", 11 ], [ "R", 28 ], [ "R", 1 ], [ "R", 29 ], [ "R", 10 ], [ "R", 10 ], [ "R", 10 ], [ "R", 10 ], [ "R", 11 ], [ "R", 28 ], [ "R", 28 ], [ "W", 28 ], [ "W", 28 ], [ "W", 11 ], [ "R", 10 ], [ "R", 10 ], [ "R", 10 ], [ "R", 28 ], [ "R", 28 ], [ "R", 28 ], [ "R", 29 ], [ "R", 11 ], [ "R", 28 ], [ "R", 10 ], [ "R", 10 ], [ "R", 10 ] ]
    } ]
  },
  "SubscriptionUserController.save" : {
    "t" : [ {
      "id" : 0,
      "a" : [ [ "R", 10 ], [ "R", 10 ], [ "R", 10 ], [ "R", 28 ], [ "R", 28 ], [ "R", 28 ], [ "R", 29 ], [ "W", 24 ], [ "W", 28 ], [ "R", 10 ], [ "R", 24 ], [ "R", 10 ], [ "W", 10 ], [ "R", 24 ], [ "R", 19 ], [ "W", 24 ], [ "W", 19 ], [ "R", 24 ], [ "R", 28 ], [ "W", 24 ], [ "W", 28 ], [ "R", 10 ], [ "R", 10 ], [ "R", 10 ], [ "R", 29 ], [ "R", 10 ], [ "R", 10 ], [ "R", 9 ], [ "R", 9 ], [ "R", 9 ], [ "R", 28 ], [ "R", 29 ], [ "R", 9 ], [ "R", 9 ], [ "R", 9 ], [ "R", 10 ], [ "R", 24 ], [ "R", 9 ], [ "R", 24 ], [ "R", 28 ], [ "R", 1 ], [ "R", 29 ], [ "R", 10 ], [ "R", 10 ], [ "R", 9 ], [ "W", 24 ], [ "W", 9 ], [ "R", 10 ], [ "R", 10 ], [ "R", 24 ], [ "R", 28 ], [ "R", 1 ], [ "R", 29 ], [ "R", 10 ], [ "R", 10 ], [ "R", 10 ], [ "R", 10 ], [ "R", 29 ], [ "R", 10 ], [ "R", 10 ], [ "R", 9 ], [ "R", 9 ], [ "R", 9 ], [ "R", 28 ], [ "R", 29 ], [ "R", 24 ], [ "R", 9 ], [ "R", 24 ], [ "R", 9 ], [ "R", 9 ], [ "R", 24 ], [ "R", 9 ], [ "R", 9 ], [ "R", 24 ], [ "R", 9 ], [ "R", 9 ], [ "R", 10 ], [ "R", 10 ], [ "R", 10 ], [ "R", 28 ], [ "R", 28 ], [ "R", 28 ], [ "R", 29 ], [ "R", 10 ], [ "R", 24 ], [ "R", 24 ], [ "R", 24 ], [ "R", 28 ], [ "W", 24 ], [ "R", 10 ], [ "R", 10 ], [ "R", 10 ], [ "R", 29 ], [ "R", 10 ], [ "R", 10 ], [ "R", 9 ], [ "R", 9 ], [ "R", 9 ], [ "R", 28 ], [ "R", 29 ], [ "R", 9 ], [ "R", 9 ], [ "R", 9 ], [ "R", 10 ], [ "R", 24 ], [ "R", 9 ], [ "R", 24 ], [ "R", 28 ], [ "R", 1 ], [ "R", 29 ], [ "R", 10 ], [ "R", 10 ], [ "R", 9 ], [ "W", 24 ], [ "W", 9 ] ]
    } ]
  },
  "CategoryModeratorController.create" : {
    "t" : [ {
      "id" : 0,
      "a" : [ [ "R", 5 ], [ "W", 5 ], [ "W", 5 ], [ "W", 5 ], [ "W", 5 ], [ "W", 4 ], [ "R", 10 ] ]
    } ]
  },
  "GrouponController.display" : {
    "t" : [ {
      "id" : 0,
      "a" : [ [ "R", 12 ], [ "R", 12 ], [ "R", 10 ], [ "R", 29 ], [ "R", 12 ], [ "R", 28 ], [ "R", 1 ], [ "R", 29 ], [ "R", 10 ], [ "R", 10 ], [ "R", 10 ], [ "R", 10 ], [ "R", 10 ], [ "R", 10 ], [ "R", 28 ], [ "R", 28 ], [ "R", 28 ], [ "R", 29 ], [ "R", 10 ], [ "R", 18 ], [ "R", 18 ], [ "R", 18 ], [ "R", 12 ], [ "R", 18 ], [ "R", 28 ], [ "R", 10 ], [ "R", 10 ], [ "R", 28 ], [ "R", 28 ], [ "R", 28 ], [ "R", 29 ], [ "R", 10 ], [ "R", 24 ], [ "R", 24 ], [ "R", 19 ], [ "R", 24 ], [ "R", 28 ], [ "R", 10 ], [ "R", 29 ], [ "R", 10 ], [ "R", 29 ], [ "R", 12 ], [ "R", 28 ], [ "R", 1 ], [ "R", 29 ], [ "R", 10 ], [ "R", 10 ], [ "R", 10 ], [ "R", 10 ], [ "R", 10 ], [ "R", 10 ], [ "R", 28 ], [ "R", 28 ], [ "R", 28 ], [ "R", 29 ], [ "R", 10 ], [ "R", 18 ], [ "R", 18 ], [ "R", 18 ], [ "R", 12 ], [ "R", 18 ], [ "R", 28 ], [ "R", 12 ], [ "R", 28 ], [ "R", 1 ], [ "R", 29 ], [ "R", 10 ], [ "R", 10 ], [ "R", 10 ], [ "R", 10 ], [ "R", 10 ], [ "R", 10 ], [ "R", 28 ], [ "R", 28 ], [ "R", 28 ], [ "R", 29 ], [ "R", 10 ], [ "R", 18 ], [ "R", 18 ], [ "R", 18 ], [ "R", 12 ], [ "R", 18 ], [ "R", 28 ] ]
    } ]
  },
  "PlanAdministratorController.save" : {
    "t" : [ {
      "id" : 0,
      "a" : [ [ "R", 10 ], [ "R", 19 ], [ "R", 10 ], [ "W", 10 ], [ "R", 19 ], [ "W", 19 ], [ "R", 10 ], [ "R", 29 ], [ "R", 10 ], [ "R", 19 ], [ "R", 10 ], [ "R", 19 ], [ "R", 19 ], [ "W", 19 ] ]
    } ]
  },
  "ParticipationUserController.create" : {
    "t" : [ {
      "id" : 0,
      "a" : [ [ "R", 12 ], [ "R", 10 ], [ "R", 29 ], [ "R", 10 ], [ "R", 10 ], [ "R", 10 ], [ "R", 28 ], [ "R", 28 ], [ "R", 28 ], [ "R", 29 ], [ "R", 10 ], [ "R", 18 ], [ "R", 18 ], [ "R", 18 ], [ "R", 12 ], [ "R", 18 ], [ "R", 28 ], [ "R", 10 ], [ "R", 10 ], [ "R", 28 ], [ "R", 28 ], [ "R", 28 ], [ "R", 29 ], [ "R", 12 ], [ "R", 28 ], [ "R", 10 ], [ "R", 10 ], [ "R", 10 ], [ "R", 24 ], [ "R", 24 ], [ "R", 19 ], [ "R", 24 ], [ "R", 28 ], [ "R", 12 ], [ "W", 18 ], [ "W", 28 ], [ "W", 18 ], [ "W", 12 ], [ "R", 10 ] ]
    } ]
  },
  "DashboardAdministratorController.display" : {
    "t" : [ {
      "id" : 0,
      "a" : [ [ "R", 10 ], [ "R", 29 ], [ "R", 22 ], [ "R", 23 ], [ "R", 23 ], [ "R", 23 ], [ "R", 22 ], [ "R", 22 ], [ "R", 23 ], [ "R", 23 ], [ "R", 23 ], [ "R", 22 ], [ "R", 22 ], [ "R", 23 ], [ "R", 23 ], [ "R", 23 ], [ "R", 22 ], [ "R", 22 ], [ "R", 23 ], [ "R", 23 ], [ "R", 23 ], [ "R", 22 ], [ "R", 22 ], [ "R", 23 ], [ "R", 23 ], [ "R", 23 ], [ "R", 22 ], [ "R", 22 ], [ "R", 22 ], [ "R", 22 ], [ "R", 23 ], [ "R", 23 ], [ "R", 23 ], [ "R", 22 ], [ "R", 22 ], [ "R", 23 ], [ "R", 23 ], [ "R", 23 ], [ "R", 22 ], [ "R", 22 ], [ "R", 4 ], [ "R", 26 ], [ "R", 26 ], [ "R", 26 ], [ "R", 26 ], [ "R", 4 ], [ "R", 26 ], [ "R", 4 ], [ "R", 17 ], [ "R", 17 ], [ "R", 17 ], [ "R", 17 ], [ "R", 17 ], [ "R", 10 ], [ "R", 29 ], [ "R", 12 ], [ "R", 18 ], [ "R", 28 ], [ "R", 28 ], [ "R", 18 ], [ "R", 12 ], [ "R", 12 ], [ "R", 18 ], [ "R", 28 ], [ "R", 28 ], [ "R", 28 ], [ "R", 28 ], [ "R", 10 ], [ "R", 29 ], [ "R", 28 ], [ "R", 6 ], [ "R", 28 ], [ "R", 28 ], [ "R", 28 ], [ "R", 6 ], [ "R", 28 ], [ "R", 28 ], [ "R", 4 ], [ "R", 5 ], [ "R", 5 ], [ "R", 5 ], [ "R", 5 ], [ "R", 4 ], [ "R", 5 ], [ "R", 4 ], [ "R", 4 ], [ "R", 4 ], [ "R", 4 ], [ "R", 4 ], [ "R", 4 ], [ "R", 4 ], [ "R", 4 ], [ "R", 4 ], [ "R", 4 ], [ "R", 4 ], [ "R", 4 ], [ "R", 4 ], [ "R", 4 ], [ "R", 10 ], [ "R", 29 ], [ "R", 12 ], [ "R", 12 ], [ "R", 12 ], [ "R", 12 ], [ "R", 12 ], [ "R", 12 ], [ "R", 12 ], [ "R", 12 ], [ "R", 12 ], [ "R", 12 ], [ "R", 12 ], [ "R", 12 ], [ "R", 12 ], [ "R", 10 ], [ "R", 29 ], [ "R", 21 ], [ "R", 27 ], [ "R", 27 ], [ "R", 27 ], [ "R", 21 ], [ "R", 21 ] ]
    } ]
  },
  "CategoryCompanyController.removeCategory" : {
    "t" : [ {
      "id" : 0,
      "a" : [ [ "R", 4 ], [ "R", 4 ], [ "R", 7 ], [ "R", 1 ], [ "R", 29 ], [ "R", 10 ], [ "R", 10 ], [ "R", 10 ], [ "R", 5 ], [ "R", 5 ], [ "R", 4 ], [ "R", 5 ], [ "R", 5 ], [ "R", 4 ] ]
    } ]
  },
  "NotificationActorController.display" : {
    "t" : [ {
      "id" : 0,
      "a" : [ [ "R", 17 ], [ "R", 10 ], [ "R", 10 ], [ "R", 1 ], [ "R", 1 ], [ "R", 1 ], [ "R", 29 ], [ "R", 17 ], [ "R", 1 ], [ "R", 10 ], [ "R", 10 ], [ "R", 17 ], [ "W", 17 ], [ "W", 17 ] ]
    } ]
  },
  "ConfigurationAdministratorController.display" : {
    "t" : [ {
      "id" : 0,
      "a" : [ [ "R", 10 ], [ "R", 29 ], [ "R", 8 ], [ "R", 8 ], [ "R", 8 ], [ "R", 14 ], [ "R", 14 ], [ "R", 14 ], [ "R", 14 ], [ "R", 14 ], [ "R", 14 ], [ "R", 14 ], [ "R", 14 ] ]
    } ]
  },
  "UserAdministratorController.purchase25PercentageMoreTotalForAllRaffles" : {
    "t" : [ {
      "id" : 0,
      "a" : [ [ "R", 10 ], [ "R", 29 ], [ "R", 28 ], [ "R", 28 ], [ "R", 27 ], [ "R", 27 ], [ "R", 27 ], [ "R", 28 ], [ "R", 28 ], [ "R", 27 ], [ "R", 27 ], [ "R", 28 ], [ "R", 15 ], [ "R", 15 ], [ "R", 15 ], [ "R", 15 ], [ "R", 15 ], [ "R", 15 ], [ "R", 15 ], [ "R", 15 ], [ "R", 15 ], [ "R", 15 ], [ "R", 15 ], [ "R", 15 ], [ "R", 15 ], [ "R", 15 ], [ "R", 15 ], [ "R", 15 ], [ "R", 15 ], [ "R", 15 ] ]
    } ]
  },
  "EvaluationCompanyController.list" : {
    "t" : [ {
      "id" : 0,
      "a" : [ [ "R", 10 ], [ "R", 10 ], [ "R", 7 ], [ "R", 7 ], [ "R", 7 ], [ "R", 29 ], [ "R", 10 ], [ "R", 11 ], [ "R", 11 ], [ "R", 11 ], [ "R", 7 ] ]
    } ]
  },
  "CategoryModeratorController.reorganising" : {
    "t" : [ {
      "id" : 0,
      "a" : [ [ "R", 5 ], [ "R", 5 ], [ "R", 10 ], [ "R", 29 ], [ "R", 5 ], [ "R", 5 ], [ "R", 5 ], [ "R", 5 ], [ "R", 5 ], [ "R", 5 ], [ "R", 5 ], [ "R", 5 ], [ "R", 5 ], [ "R", 5 ], [ "R", 5 ], [ "R", 5 ], [ "R", 5 ], [ "R", 5 ], [ "R", 5 ], [ "R", 10 ], [ "R", 10 ], [ "R", 10 ], [ "R", 10 ], [ "R", 5 ], [ "R", 5 ], [ "R", 5 ], [ "R", 5 ], [ "R", 5 ], [ "R", 5 ], [ "W", 5 ], [ "W", 5 ], [ "W", 5 ], [ "R", 10 ], [ "R", 10 ], [ "R", 10 ], [ "W", 5 ], [ "W", 5 ], [ "R", 10 ], [ "R", 10 ], [ "R", 1 ], [ "R", 1 ], [ "R", 1 ], [ "R", 29 ], [ "R", 1 ], [ "R", 29 ], [ "R", 29 ], [ "R", 5 ], [ "R", 5 ], [ "R", 5 ], [ "R", 5 ], [ "R", 10 ], [ "R", 10 ], [ "R", 10 ], [ "R", 10 ], [ "R", 5 ], [ "R", 5 ], [ "R", 5 ], [ "R", 5 ], [ "R", 5 ], [ "R", 10 ], [ "R", 10 ], [ "R", 5 ], [ "R", 5 ], [ "R", 5 ], [ "R", 5 ], [ "R", 5 ], [ "R", 5 ], [ "R", 5 ], [ "R", 5 ], [ "R", 5 ], [ "R", 5 ], [ "R", 5 ], [ "R", 5 ], [ "R", 5 ], [ "R", 5 ], [ "R", 5 ], [ "R", 5 ], [ "W", 5 ], [ "R", 10 ], [ "R", 10 ] ]
    } ]
  },
  "RaffleController.display" : {
    "t" : [ {
      "id" : 0,
      "a" : [ [ "R", 21 ], [ "R", 10 ], [ "R", 27 ], [ "R", 27 ], [ "R", 27 ], [ "R", 21 ], [ "R", 10 ], [ "R", 29 ], [ "R", 21 ], [ "R", 10 ], [ "R", 10 ], [ "R", 27 ], [ "R", 27 ], [ "R", 27 ], [ "R", 28 ], [ "R", 29 ], [ "R", 27 ], [ "R", 21 ] ]
    } ]
  },
  "ParticipationUserController.list" : {
    "t" : [ {
      "id" : 0,
      "a" : [ [ "R", 10 ], [ "R", 10 ], [ "R", 28 ], [ "R", 28 ], [ "R", 28 ], [ "R", 29 ], [ "R", 10 ], [ "R", 10 ], [ "R", 29 ], [ "R", 10 ], [ "R", 10 ], [ "R", 28 ], [ "R", 28 ], [ "R", 28 ], [ "R", 29 ], [ "R", 10 ], [ "R", 18 ], [ "R", 18 ], [ "R", 18 ], [ "R", 28 ] ]
    } ]
  },
  "SurveyController.save" : {
    "t" : [ {
      "id" : 0,
      "a" : [ [ "R", 10 ], [ "R", 10 ], [ "R", 16 ], [ "R", 16 ], [ "R", 16 ], [ "R", 29 ], [ "R", 10 ], [ "R", 10 ], [ "R", 7 ], [ "R", 7 ], [ "R", 7 ], [ "R", 29 ], [ "R", 10 ], [ "R", 10 ], [ "R", 22 ], [ "R", 22 ], [ "R", 22 ], [ "R", 29 ], [ "W", 25 ], [ "R", 25 ], [ "W", 25 ], [ "R", 25 ], [ "R", 1 ], [ "R", 25 ], [ "R", 1 ], [ "R", 29 ], [ "R", 10 ], [ "R", 10 ], [ "R", 10 ], [ "R", 10 ], [ "W", 25 ], [ "W", 20 ], [ "W", 20 ], [ "W", 25 ], [ "W", 20 ], [ "W", 25 ], [ "R", 20 ], [ "W", 20 ], [ "R", 10 ], [ "R", 10 ], [ "R", 20 ], [ "R", 20 ], [ "R", 20 ], [ "R", 20 ], [ "W", 20 ], [ "R", 10 ], [ "W", 3 ], [ "W", 3 ], [ "W", 20 ], [ "W", 10 ], [ "W", 10 ], [ "R", 3 ], [ "W", 3 ], [ "R", 10 ], [ "R", 3 ], [ "R", 3 ], [ "W", 3 ], [ "R", 3 ], [ "R", 3 ], [ "R", 20 ], [ "W", 3 ], [ "W", 20 ], [ "W", 20 ], [ "W", 25 ], [ "W", 20 ], [ "W", 25 ], [ "R", 20 ], [ "W", 20 ], [ "R", 10 ], [ "R", 10 ], [ "R", 20 ], [ "R", 20 ], [ "R", 20 ], [ "R", 20 ], [ "W", 20 ], [ "R", 10 ], [ "W", 3 ], [ "W", 3 ], [ "W", 20 ], [ "W", 10 ], [ "W", 10 ], [ "R", 3 ], [ "W", 3 ], [ "R", 10 ], [ "R", 3 ], [ "R", 3 ], [ "W", 3 ], [ "R", 3 ], [ "R", 3 ], [ "R", 20 ], [ "W", 3 ], [ "R", 28 ], [ "R", 28 ], [ "R", 28 ], [ "R", 10 ], [ "W", 17 ], [ "W", 1 ], [ "W", 17 ], [ "W", 17 ], [ "W", 17 ], [ "W", 17 ], [ "R", 10 ], [ "R", 17 ], [ "W", 17 ], [ "R", 10 ], [ "R", 29 ], [ "R", 1 ], [ "R", 25 ], [ "R", 10 ], [ "R", 22 ], [ "R", 23 ], [ "R", 22 ], [ "R", 23 ], [ "R", 22 ], [ "R", 22 ], [ "R", 23 ], [ "R", 4 ], [ "R", 7 ], [ "R", 10 ], [ "W", 17 ], [ "W", 1 ], [ "W", 17 ], [ "W", 17 ], [ "W", 17 ], [ "W", 17 ], [ "R", 10 ], [ "R", 17 ], [ "W", 17 ], [ "R", 22 ], [ "R", 22 ], [ "R", 10 ], [ "W", 17 ], [ "W", 1 ], [ "W", 17 ], [ "W", 17 ], [ "W", 17 ], [ "W", 17 ], [ "R", 10 ], [ "R", 17 ], [ "W", 17 ] ]
    } ]
  },
  "RaffleController.list" : {
    "t" : [ {
      "id" : 0,
      "a" : [ [ "R", 21 ], [ "R", 21 ], [ "R", 21 ] ]
    } ]
  },
  "RaffleModeratorController.delete" : {
    "t" : [ {
      "id" : 0,
      "a" : [ [ "R", 10 ], [ "R", 29 ], [ "R", 21 ], [ "R", 10 ], [ "R", 21 ], [ "R", 10 ], [ "R", 27 ], [ "R", 27 ], [ "R", 27 ], [ "R", 21 ], [ "R", 10 ], [ "R", 29 ], [ "R", 10 ], [ "R", 29 ], [ "R", 21 ], [ "R", 7 ], [ "R", 1 ], [ "R", 29 ], [ "R", 10 ], [ "R", 10 ], [ "R", 10 ], [ "R", 10 ], [ "R", 10 ], [ "R", 27 ], [ "R", 27 ], [ "R", 27 ], [ "R", 21 ], [ "R", 10 ], [ "R", 29 ], [ "W", 27 ], [ "W", 21 ] ]
    } ]
  },
  "ActorController.profile" : {
    "t" : [ {
      "id" : 0,
      "a" : [ [ "R", 1 ], [ "R", 10 ], [ "R", 10 ], [ "R", 1 ], [ "R", 1 ], [ "R", 1 ], [ "R", 29 ], [ "R", 28 ], [ "R", 15 ], [ "R", 15 ], [ "R", 15 ], [ "R", 15 ], [ "R", 15 ], [ "R", 15 ], [ "R", 15 ], [ "R", 15 ], [ "R", 15 ], [ "R", 15 ], [ "R", 15 ], [ "R", 15 ], [ "R", 15 ], [ "R", 15 ], [ "R", 15 ], [ "R", 15 ], [ "R", 15 ], [ "R", 15 ] ]
    } ]
  },
  "LevelAdministratorController.edit" : {
    "t" : [ {
      "id" : 0,
      "a" : [ [ "R", 15 ], [ "R", 10 ], [ "R", 29 ], [ "R", 10 ], [ "R", 10 ], [ "R", 15 ], [ "R", 15 ], [ "R", 10 ], [ "R", 15 ], [ "R", 15 ], [ "R", 10 ], [ "R", 15 ], [ "R", 10 ], [ "R", 15 ], [ "R", 15 ], [ "R", 15 ], [ "R", 15 ], [ "R", 15 ], [ "R", 10 ], [ "R", 10 ], [ "R", 15 ], [ "R", 10 ], [ "R", 15 ], [ "R", 15 ], [ "R", 15 ], [ "R", 15 ], [ "R", 15 ], [ "R", 10 ], [ "R", 15 ], [ "R", 15 ], [ "R", 15 ], [ "R", 15 ], [ "R", 15 ] ]
    } ]
  },
  "SurveyController.answer" : {
    "t" : [ {
      "id" : 0,
      "a" : [ [ "R", 25 ], [ "R", 20 ], [ "R", 20 ], [ "R", 20 ], [ "R", 25 ], [ "R", 20 ], [ "R", 20 ], [ "R", 20 ], [ "R", 25 ], [ "R", 20 ], [ "R", 10 ], [ "R", 3 ], [ "R", 3 ], [ "R", 3 ], [ "R", 20 ] ]
    } ]
  },
  "EvaluationController.list" : {
    "t" : [ {
      "id" : 0,
      "a" : [ [ "R", 11 ], [ "R", 11 ], [ "R", 11 ], [ "R", 7 ] ]
    } ]
  },
  "TagController.list" : {
    "t" : [ {
      "id" : 0,
      "a" : [ [ "R", 26 ], [ "R", 26 ] ]
    } ]
  },
  "ConfigurationAdministratorController.save" : {
    "t" : [ {
      "id" : 0,
      "a" : [ [ "R", 10 ], [ "R", 8 ], [ "R", 10 ], [ "W", 10 ], [ "R", 8 ], [ "W", 8 ], [ "R", 8 ], [ "R", 10 ], [ "R", 8 ], [ "R", 10 ], [ "R", 29 ], [ "R", 14 ], [ "R", 14 ], [ "R", 14 ], [ "R", 14 ], [ "R", 14 ], [ "R", 14 ], [ "R", 14 ], [ "W", 14 ], [ "R", 10 ], [ "R", 10 ], [ "R", 14 ], [ "R", 14 ], [ "R", 14 ], [ "R", 14 ], [ "R", 14 ], [ "R", 10 ], [ "R", 29 ], [ "W", 14 ], [ "W", 8 ] ]
    } ]
  },
  "RaffleCompanyController.list" : {
    "t" : [ {
      "id" : 0,
      "a" : [ [ "R", 10 ], [ "R", 10 ], [ "R", 10 ], [ "R", 29 ], [ "R", 21 ], [ "R", 21 ], [ "R", 21 ], [ "R", 7 ], [ "R", 29 ] ]
    } ]
  },
  "CreditCardUserController.delete" : {
    "t" : [ {
      "id" : 0,
      "a" : [ [ "R", 10 ], [ "R", 9 ], [ "R", 9 ], [ "R", 28 ], [ "R", 1 ], [ "R", 29 ], [ "R", 10 ], [ "R", 10 ], [ "R", 10 ], [ "R", 10 ], [ "R", 10 ], [ "R", 27 ], [ "R", 27 ], [ "R", 27 ], [ "R", 9 ], [ "R", 27 ], [ "R", 9 ], [ "R", 10 ], [ "R", 24 ], [ "R", 24 ], [ "R", 24 ], [ "R", 9 ], [ "W", 9 ], [ "R", 10 ], [ "R", 10 ], [ "R", 27 ], [ "R", 27 ], [ "R", 27 ], [ "R", 9 ], [ "R", 27 ], [ "R", 9 ], [ "R", 10 ], [ "R", 24 ], [ "R", 24 ], [ "R", 24 ], [ "R", 9 ] ]
    } ]
  },
  "BargainAdministratorController.isInMoreWishList" : {
    "t" : [ {
      "id" : 0,
      "a" : [ [ "R", 10 ], [ "R", 29 ], [ "R", 4 ], [ "R", 4 ], [ "R", 28 ], [ "R", 28 ], [ "R", 4 ], [ "R", 28 ], [ "R", 4 ] ]
    } ]
  },
  "BargainCompanyController.addCategory" : {
    "t" : [ {
      "id" : 0,
      "a" : [ [ "R", 4 ], [ "R", 5 ], [ "R", 5 ], [ "R", 4 ], [ "R", 4 ], [ "R", 7 ], [ "R", 1 ], [ "R", 29 ], [ "R", 10 ], [ "R", 10 ], [ "R", 10 ], [ "R", 5 ], [ "R", 4 ], [ "W", 5 ] ]
    } ]
  },
  "UserAdministratorController.purchaseMoreTickets" : {
    "t" : [ {
      "id" : 0,
      "a" : [ [ "R", 10 ], [ "R", 29 ], [ "R", 28 ], [ "R", 28 ], [ "R", 27 ], [ "R", 27 ], [ "R", 27 ], [ "R", 28 ], [ "R", 28 ], [ "R", 28 ], [ "R", 27 ], [ "R", 27 ], [ "R", 27 ], [ "R", 28 ], [ "R", 28 ], [ "R", 28 ], [ "R", 15 ], [ "R", 15 ], [ "R", 15 ], [ "R", 15 ], [ "R", 15 ], [ "R", 15 ], [ "R", 15 ], [ "R", 15 ], [ "R", 15 ], [ "R", 15 ], [ "R", 15 ], [ "R", 15 ], [ "R", 15 ], [ "R", 15 ], [ "R", 15 ], [ "R", 15 ], [ "R", 15 ], [ "R", 15 ] ]
    } ]
  },
  "UserController.changeWishList" : {
    "t" : [ {
      "id" : 0,
      "a" : [ [ "R", 10 ], [ "R", 10 ], [ "R", 28 ], [ "R", 28 ], [ "R", 28 ], [ "R", 29 ], [ "R", 1 ], [ "R", 29 ], [ "R", 10 ], [ "R", 10 ], [ "R", 10 ], [ "R", 10 ], [ "R", 28 ], [ "W", 28 ], [ "W", 28 ], [ "R", 10 ], [ "R", 10 ], [ "R", 29 ], [ "R", 1 ], [ "R", 29 ], [ "R", 10 ], [ "R", 10 ], [ "R", 10 ], [ "R", 10 ], [ "R", 10 ], [ "R", 28 ], [ "R", 1 ], [ "R", 29 ], [ "R", 29 ], [ "R", 1 ], [ "R", 29 ], [ "R", 29 ], [ "R", 1 ], [ "R", 29 ], [ "R", 29 ], [ "R", 1 ], [ "R", 29 ], [ "R", 29 ], [ "R", 1 ], [ "R", 29 ], [ "R", 1 ], [ "R", 29 ], [ "R", 29 ], [ "W", 29 ], [ "R", 8 ], [ "R", 8 ], [ "R", 28 ], [ "R", 28 ], [ "R", 28 ], [ "W", 28 ], [ "W", 28 ] ]
    } ]
  },
  "NotificationActorController.delete" : {
    "t" : [ {
      "id" : 0,
      "a" : [ [ "R", 17 ], [ "R", 10 ], [ "R", 10 ], [ "R", 1 ], [ "R", 1 ], [ "R", 1 ], [ "R", 29 ], [ "R", 17 ], [ "R", 1 ], [ "R", 10 ], [ "R", 10 ], [ "R", 17 ], [ "W", 17 ], [ "W", 17 ], [ "R", 10 ], [ "R", 17 ], [ "R", 10 ], [ "R", 10 ], [ "R", 1 ], [ "R", 1 ], [ "R", 1 ], [ "R", 29 ], [ "R", 1 ], [ "R", 29 ], [ "R", 10 ], [ "R", 17 ], [ "R", 1 ], [ "R", 1 ], [ "R", 29 ], [ "R", 10 ], [ "W", 17 ] ]
    } ]
  },
  "BargainAdministratorController.listWithLessSponsorships" : {
    "t" : [ {
      "id" : 0,
      "a" : [ [ "R", 4 ], [ "R", 4 ], [ "R", 23 ], [ "R", 23 ], [ "R", 23 ], [ "R", 4 ], [ "R", 4 ], [ "R", 4 ], [ "R", 23 ], [ "R", 23 ], [ "R", 23 ], [ "R", 4 ], [ "R", 4 ] ]
    } ]
  },
  "TermConditionAdministratorController.save" : {
    "t" : [ {
      "id" : 0,
      "a" : [ [ "R", 10 ], [ "R", 14 ], [ "R", 10 ], [ "W", 10 ], [ "R", 14 ], [ "W", 14 ], [ "R", 14 ], [ "W", 14 ], [ "R", 10 ], [ "R", 10 ], [ "R", 14 ], [ "R", 14 ], [ "R", 14 ], [ "R", 14 ], [ "R", 14 ], [ "R", 10 ], [ "R", 29 ], [ "W", 14 ] ]
    } ]
  },
  "SubscriptionUserController.display" : {
    "t" : [ {
      "id" : 0,
      "a" : [ [ "R", 10 ], [ "R", 10 ], [ "R", 28 ], [ "R", 28 ], [ "R", 28 ], [ "R", 29 ], [ "R", 10 ], [ "R", 24 ], [ "R", 24 ], [ "R", 24 ], [ "R", 28 ] ]
    } ]
  },
  "CommentUserController.list" : {
    "t" : [ {
      "id" : 0,
      "a" : [ [ "R", 10 ], [ "R", 10 ], [ "R", 6 ], [ "R", 6 ], [ "R", 6 ], [ "R", 28 ], [ "R", 29 ], [ "R", 6 ], [ "R", 28 ], [ "R", 10 ], [ "R", 24 ], [ "R", 24 ], [ "R", 19 ], [ "R", 24 ], [ "R", 28 ] ]
    } ]
  },
  "CommentUserController.delete" : {
    "t" : [ {
      "id" : 0,
      "a" : [ [ "R", 10 ], [ "R", 10 ], [ "R", 10 ], [ "R", 28 ], [ "R", 28 ], [ "R", 28 ], [ "R", 29 ], [ "R", 6 ], [ "R", 4 ], [ "R", 10 ], [ "R", 4 ], [ "R", 6 ], [ "R", 6 ], [ "R", 6 ], [ "R", 6 ], [ "R", 10 ], [ "R", 6 ], [ "W", 6 ], [ "W", 6 ], [ "W", 6 ], [ "W", 28 ], [ "W", 6 ], [ "W", 4 ], [ "R", 6 ], [ "R", 28 ], [ "R", 10 ], [ "R", 24 ], [ "R", 24 ], [ "R", 19 ], [ "R", 24 ], [ "R", 28 ], [ "W", 6 ], [ "R", 10 ], [ "R", 6 ], [ "R", 10 ], [ "W", 10 ], [ "R", 6 ], [ "R", 28 ], [ "W", 6 ], [ "W", 28 ], [ "R", 6 ], [ "R", 4 ], [ "W", 6 ], [ "W", 4 ], [ "R", 6 ], [ "R", 6 ], [ "W", 6 ], [ "W", 6 ], [ "R", 6 ], [ "R", 4 ], [ "R", 10 ], [ "R", 29 ], [ "R", 10 ], [ "R", 29 ], [ "R", 10 ], [ "R", 29 ], [ "R", 10 ], [ "R", 29 ], [ "R", 10 ], [ "R", 10 ], [ "R", 28 ], [ "R", 28 ], [ "R", 28 ], [ "R", 29 ], [ "R", 6 ], [ "R", 28 ], [ "R", 10 ], [ "R", 10 ], [ "R", 10 ], [ "R", 10 ], [ "R", 6 ], [ "R", 6 ], [ "R", 6 ], [ "R", 6 ], [ "R", 10 ], [ "R", 6 ], [ "R", 6 ], [ "R", 6 ], [ "R", 6 ], [ "R", 10 ], [ "R", 29 ], [ "R", 10 ], [ "R", 6 ], [ "R", 6 ], [ "R", 6 ], [ "R", 6 ], [ "R", 10 ], [ "R", 6 ], [ "R", 6 ], [ "R", 6 ], [ "R", 6 ], [ "R", 10 ], [ "R", 6 ], [ "W", 6 ], [ "R", 10 ], [ "R", 6 ], [ "R", 6 ], [ "R", 6 ], [ "R", 6 ], [ "R", 10 ], [ "R", 6 ], [ "R", 6 ], [ "R", 6 ], [ "R", 6 ], [ "R", 10 ], [ "R", 6 ], [ "W", 6 ], [ "R", 10 ], [ "R", 10 ], [ "R", 28 ], [ "R", 28 ], [ "R", 28 ], [ "R", 29 ], [ "R", 6 ], [ "R", 28 ], [ "R", 10 ], [ "R", 10 ], [ "R", 10 ], [ "R", 6 ], [ "R", 28 ], [ "R", 10 ], [ "R", 24 ], [ "R", 24 ], [ "R", 19 ], [ "R", 24 ], [ "R", 28 ] ]
    } ]
  },
  "CreditCardUserController.edit" : {
    "t" : [ {
      "id" : 0,
      "a" : [ [ "R", 9 ], [ "R", 9 ], [ "R", 28 ], [ "R", 1 ], [ "R", 29 ], [ "R", 10 ], [ "R", 10 ], [ "R", 10 ], [ "R", 10 ], [ "R", 27 ], [ "R", 27 ], [ "R", 27 ], [ "R", 9 ], [ "R", 27 ], [ "R", 9 ], [ "R", 24 ], [ "R", 24 ], [ "R", 24 ], [ "R", 9 ], [ "R", 10 ], [ "R", 10 ], [ "R", 27 ], [ "R", 27 ], [ "R", 27 ], [ "R", 9 ], [ "R", 27 ], [ "R", 9 ], [ "R", 10 ], [ "R", 24 ], [ "R", 24 ], [ "R", 24 ], [ "R", 9 ] ]
    } ]
  },
  "LevelAdministratorController.delete" : {
    "t" : [ {
      "id" : 0,
      "a" : [ [ "R", 10 ], [ "R", 15 ], [ "R", 10 ], [ "R", 29 ], [ "R", 15 ], [ "R", 15 ], [ "R", 15 ], [ "R", 15 ], [ "R", 15 ], [ "R", 15 ], [ "R", 15 ], [ "R", 15 ], [ "R", 15 ], [ "R", 15 ], [ "R", 15 ], [ "R", 10 ], [ "R", 10 ], [ "R", 10 ], [ "R", 10 ], [ "R", 15 ], [ "R", 15 ], [ "R", 15 ], [ "R", 15 ], [ "R", 15 ], [ "R", 15 ], [ "R", 15 ], [ "R", 15 ], [ "R", 15 ], [ "R", 15 ], [ "R", 15 ], [ "R", 15 ], [ "R", 15 ], [ "R", 15 ], [ "R", 15 ], [ "R", 15 ], [ "R", 15 ], [ "R", 15 ], [ "R", 15 ], [ "R", 15 ], [ "R", 15 ], [ "W", 15 ], [ "R", 15 ], [ "R", 15 ], [ "R", 15 ], [ "R", 15 ], [ "R", 15 ], [ "R", 15 ], [ "R", 15 ], [ "R", 15 ], [ "R", 15 ], [ "R", 15 ], [ "R", 15 ], [ "R", 15 ], [ "R", 15 ], [ "R", 15 ], [ "R", 15 ], [ "R", 15 ], [ "R", 15 ], [ "R", 15 ], [ "R", 15 ], [ "R", 15 ], [ "R", 15 ], [ "W", 15 ], [ "W", 15 ], [ "W", 15 ], [ "W", 15 ], [ "R", 10 ], [ "R", 10 ], [ "R", 15 ], [ "R", 15 ], [ "R", 10 ], [ "R", 15 ], [ "R", 15 ], [ "R", 10 ], [ "R", 15 ], [ "R", 10 ], [ "R", 15 ], [ "R", 15 ], [ "R", 15 ], [ "R", 15 ], [ "R", 15 ], [ "R", 10 ], [ "R", 10 ], [ "R", 15 ], [ "R", 10 ], [ "R", 15 ], [ "R", 15 ], [ "R", 15 ], [ "R", 15 ], [ "R", 15 ], [ "R", 10 ], [ "R", 15 ], [ "R", 15 ], [ "R", 15 ], [ "R", 15 ], [ "R", 15 ] ]
    } ]
  },
  "UserAdministratorController.more10PercentageInteractions" : {
    "t" : [ {
      "id" : 0,
      "a" : [ [ "R", 10 ], [ "R", 29 ], [ "R", 28 ], [ "R", 28 ], [ "R", 28 ], [ "R", 28 ], [ "R", 28 ], [ "R", 28 ], [ "R", 15 ], [ "R", 15 ], [ "R", 15 ], [ "R", 15 ], [ "R", 15 ], [ "R", 15 ], [ "R", 15 ], [ "R", 15 ], [ "R", 15 ], [ "R", 15 ], [ "R", 15 ], [ "R", 15 ], [ "R", 15 ], [ "R", 15 ], [ "R", 15 ], [ "R", 15 ], [ "R", 15 ], [ "R", 15 ] ]
    } ]
  },
  "SponsorshipSponsorController.list" : {
    "t" : [ {
      "id" : 0,
      "a" : [ [ "R", 10 ], [ "R", 10 ], [ "R", 22 ], [ "R", 22 ], [ "R", 22 ], [ "R", 29 ], [ "R", 10 ], [ "R", 23 ], [ "R", 23 ], [ "R", 23 ], [ "R", 22 ] ]
    } ]
  },
  "RaffleCompanyController.create" : {
    "t" : [ {
      "id" : 0,
      "a" : [ [ "R", 10 ], [ "R", 10 ], [ "R", 7 ], [ "R", 7 ], [ "R", 7 ], [ "R", 29 ], [ "W", 21 ], [ "W", 7 ], [ "R", 10 ], [ "R", 10 ], [ "R", 27 ], [ "R", 27 ], [ "R", 27 ], [ "R", 21 ] ]
    } ]
  },
  "GrouponController.list" : {
    "t" : [ {
      "id" : 0,
      "a" : [ [ "R", 10 ], [ "R", 29 ], [ "R", 10 ], [ "R", 10 ], [ "R", 28 ], [ "R", 28 ], [ "R", 28 ], [ "R", 29 ], [ "R", 10 ], [ "R", 24 ], [ "R", 24 ], [ "R", 19 ], [ "R", 24 ], [ "R", 28 ], [ "R", 10 ], [ "R", 29 ], [ "R", 10 ], [ "R", 29 ], [ "R", 10 ], [ "R", 29 ], [ "R", 10 ], [ "R", 10 ], [ "R", 28 ], [ "R", 28 ], [ "R", 28 ], [ "R", 29 ], [ "R", 10 ], [ "R", 24 ], [ "R", 24 ], [ "R", 19 ], [ "R", 24 ], [ "R", 28 ], [ "R", 12 ], [ "R", 12 ], [ "R", 12 ], [ "R", 12 ], [ "R", 12 ], [ "R", 10 ], [ "R", 29 ], [ "R", 10 ], [ "R", 29 ], [ "R", 10 ], [ "R", 29 ], [ "R", 10 ], [ "R", 29 ], [ "R", 10 ], [ "R", 10 ], [ "R", 28 ], [ "R", 28 ], [ "R", 28 ], [ "R", 29 ], [ "R", 10 ], [ "R", 24 ], [ "R", 24 ], [ "R", 19 ], [ "R", 24 ], [ "R", 28 ], [ "R", 12 ], [ "R", 12 ], [ "R", 12 ], [ "R", 12 ], [ "R", 12 ] ]
    } ]
  },
  "SurveyController.create" : {
    "t" : [ {
      "id" : 0,
      "a" : [ [ "R", 10 ], [ "R", 10 ], [ "R", 16 ], [ "R", 16 ], [ "R", 16 ], [ "R", 29 ], [ "R", 10 ], [ "R", 10 ], [ "R", 7 ], [ "R", 7 ], [ "R", 7 ], [ "R", 29 ], [ "R", 10 ], [ "R", 10 ], [ "R", 22 ], [ "R", 22 ], [ "R", 22 ], [ "R", 29 ] ]
    } ]
  },
  "UserAdministratorController.topFiveUsersMoreValorations" : {
    "t" : [ {
      "id" : 0,
      "a" : [ [ "R", 10 ], [ "R", 29 ], [ "R", 28 ], [ "R", 28 ], [ "R", 11 ], [ "R", 11 ], [ "R", 28 ], [ "R", 11 ], [ "R", 28 ], [ "R", 28 ], [ "R", 28 ], [ "R", 15 ], [ "R", 15 ], [ "R", 15 ], [ "R", 15 ], [ "R", 15 ], [ "R", 15 ], [ "R", 15 ], [ "R", 15 ], [ "R", 15 ], [ "R", 15 ], [ "R", 15 ], [ "R", 15 ], [ "R", 15 ], [ "R", 15 ], [ "R", 15 ], [ "R", 15 ], [ "R", 15 ], [ "R", 15 ] ]
    } ]
  },
  "CreditCardUserController.primary" : {
    "t" : [ {
      "id" : 0,
      "a" : [ [ "R", 9 ], [ "R", 9 ], [ "R", 28 ], [ "R", 1 ], [ "R", 29 ], [ "R", 10 ], [ "R", 10 ], [ "R", 10 ], [ "R", 10 ], [ "R", 9 ], [ "R", 28 ], [ "R", 1 ], [ "R", 29 ], [ "R", 10 ], [ "R", 10 ] ]
    } ]
  },
  "ActorController.save" : {
    "t" : [ {
      "id" : 0,
      "a" : [ [ "W", 29 ], [ "R", 29 ], [ "R", 29 ], [ "W", 1 ], [ "W", 29 ], [ "R", 1 ], [ "R", 29 ], [ "W", 29 ], [ "R", 1 ], [ "R", 29 ], [ "W", 29 ], [ "R", 1 ], [ "R", 29 ], [ "W", 29 ], [ "R", 22 ], [ "R", 1 ], [ "R", 29 ], [ "R", 29 ], [ "W", 1 ], [ "W", 1 ], [ "W", 1 ], [ "W", 1 ], [ "W", 1 ], [ "W", 1 ], [ "W", 29 ], [ "R", 29 ], [ "R", 29 ], [ "W", 1 ], [ "W", 29 ], [ "R", 1 ], [ "R", 29 ], [ "W", 29 ], [ "R", 1 ], [ "R", 29 ], [ "W", 29 ], [ "R", 1 ], [ "R", 29 ], [ "W", 29 ], [ "R", 16 ], [ "R", 1 ], [ "R", 29 ], [ "R", 29 ], [ "W", 1 ], [ "W", 1 ], [ "W", 1 ], [ "W", 1 ], [ "W", 1 ], [ "W", 1 ], [ "R", 1 ], [ "R", 29 ], [ "W", 29 ], [ "R", 1 ], [ "R", 29 ], [ "W", 29 ], [ "R", 2 ], [ "R", 1 ], [ "R", 29 ], [ "R", 29 ], [ "W", 1 ], [ "W", 1 ], [ "W", 1 ], [ "W", 1 ], [ "W", 1 ], [ "W", 1 ], [ "R", 10 ], [ "R", 1 ], [ "R", 29 ], [ "R", 1 ], [ "R", 29 ], [ "R", 29 ], [ "W", 29 ], [ "R", 1 ], [ "R", 29 ], [ "R", 10 ], [ "R", 10 ], [ "R", 10 ], [ "R", 10 ], [ "R", 10 ], [ "R", 22 ], [ "R", 1 ], [ "R", 29 ], [ "R", 29 ], [ "R", 1 ], [ "R", 29 ], [ "R", 29 ], [ "R", 1 ], [ "R", 29 ], [ "R", 29 ], [ "R", 1 ], [ "R", 29 ], [ "R", 29 ], [ "W", 22 ], [ "R", 10 ], [ "R", 10 ], [ "R", 29 ], [ "R", 1 ], [ "R", 29 ], [ "R", 1 ], [ "R", 29 ], [ "R", 29 ], [ "W", 29 ], [ "R", 1 ], [ "R", 29 ], [ "R", 10 ], [ "R", 10 ], [ "R", 10 ], [ "R", 10 ], [ "R", 10 ], [ "R", 16 ], [ "R", 1 ], [ "R", 29 ], [ "R", 29 ], [ "R", 1 ], [ "R", 29 ], [ "R", 29 ], [ "R", 1 ], [ "R", 29 ], [ "R", 29 ], [ "R", 1 ], [ "R", 29 ], [ "R", 29 ], [ "W", 16 ], [ "R", 10 ], [ "R", 10 ], [ "R", 1 ], [ "R", 29 ], [ "R", 10 ], [ "R", 10 ], [ "R", 10 ], [ "R", 10 ], [ "R", 2 ], [ "R", 1 ], [ "R", 29 ], [ "R", 29 ], [ "R", 1 ], [ "R", 29 ], [ "R", 29 ], [ "R", 1 ], [ "R", 29 ], [ "R", 29 ], [ "R", 1 ], [ "R", 29 ], [ "R", 29 ], [ "R", 29 ], [ "R", 1 ], [ "R", 29 ], [ "R", 1 ], [ "R", 29 ], [ "R", 29 ], [ "W", 29 ], [ "W", 2 ] ]
    } ]
  },
  "TicketUserController.completePayment" : {
    "t" : [ {
      "id" : 0,
      "a" : [ [ "R", 21 ], [ "R", 10 ], [ "R", 10 ], [ "R", 28 ], [ "R", 28 ], [ "R", 28 ], [ "R", 29 ], [ "R", 10 ], [ "R", 29 ], [ "R", 10 ], [ "R", 10 ], [ "R", 28 ], [ "R", 28 ], [ "R", 28 ], [ "R", 29 ], [ "R", 21 ], [ "W", 27 ], [ "W", 21 ], [ "W", 27 ], [ "W", 28 ], [ "W", 27 ], [ "W", 9 ], [ "W", 27 ], [ "R", 27 ], [ "R", 21 ], [ "R", 21 ], [ "R", 27 ], [ "R", 9 ], [ "R", 27 ], [ "R", 28 ], [ "R", 10 ], [ "R", 24 ], [ "R", 24 ], [ "R", 19 ], [ "R", 24 ], [ "R", 28 ], [ "R", 10 ], [ "R", 29 ], [ "R", 19 ], [ "R", 27 ], [ "R", 21 ], [ "R", 21 ], [ "R", 7 ], [ "R", 1 ], [ "R", 29 ], [ "R", 10 ], [ "R", 10 ], [ "R", 10 ], [ "R", 10 ], [ "R", 27 ], [ "R", 28 ], [ "R", 1 ], [ "R", 29 ], [ "R", 10 ], [ "R", 10 ], [ "R", 10 ], [ "R", 10 ], [ "R", 27 ], [ "R", 21 ], [ "R", 21 ], [ "R", 28 ], [ "R", 27 ], [ "R", 21 ], [ "R", 21 ], [ "R", 27 ], [ "R", 21 ], [ "R", 10 ], [ "R", 27 ], [ "R", 28 ], [ "R", 10 ], [ "R", 27 ], [ "R", 27 ], [ "R", 27 ], [ "R", 21 ], [ "R", 27 ], [ "R", 28 ], [ "R", 27 ], [ "R", 9 ], [ "R", 10 ], [ "R", 10 ], [ "R", 10 ], [ "R", 29 ], [ "R", 10 ], [ "R", 10 ], [ "R", 9 ], [ "R", 9 ], [ "R", 9 ], [ "R", 28 ], [ "R", 29 ], [ "R", 27 ], [ "R", 9 ], [ "R", 27 ], [ "R", 9 ], [ "R", 9 ], [ "R", 27 ], [ "R", 9 ], [ "R", 9 ], [ "R", 27 ], [ "R", 9 ], [ "R", 9 ], [ "R", 27 ], [ "R", 21 ], [ "R", 10 ], [ "R", 13 ], [ "R", 13 ], [ "R", 13 ], [ "R", 13 ], [ "R", 13 ], [ "R", 13 ], [ "R", 13 ], [ "R", 13 ], [ "W", 13 ], [ "R", 13 ], [ "W", 13 ], [ "R", 13 ], [ "R", 13 ], [ "W", 13 ], [ "R", 13 ], [ "W", 13 ], [ "R", 13 ], [ "R", 13 ], [ "W", 13 ], [ "R", 13 ], [ "W", 13 ], [ "R", 13 ], [ "R", 13 ], [ "W", 13 ], [ "R", 13 ], [ "W", 13 ], [ "R", 13 ], [ "R", 13 ], [ "W", 13 ], [ "R", 13 ], [ "W", 13 ], [ "W", 13 ], [ "W", 27 ], [ "R", 27 ], [ "W", 27 ], [ "R", 27 ], [ "R", 28 ], [ "R", 28 ], [ "W", 28 ], [ "W", 28 ], [ "R", 10 ], [ "R", 10 ], [ "R", 10 ], [ "R", 29 ], [ "R", 10 ], [ "R", 10 ], [ "R", 9 ], [ "R", 9 ], [ "R", 9 ], [ "R", 28 ], [ "R", 29 ], [ "R", 9 ], [ "R", 9 ], [ "R", 9 ], [ "R", 10 ], [ "R", 10 ], [ "R", 9 ], [ "R", 10 ] ]
    } ]
  },
  "CommentModeratorController.edit" : {
    "t" : [ {
      "id" : 0,
      "a" : [ [ "R", 6 ] ]
    } ]
  },
  "SponsorshipSponsorController.edit" : {
    "t" : [ {
      "id" : 0,
      "a" : [ [ "R", 23 ], [ "R", 23 ], [ "R", 22 ], [ "R", 1 ], [ "R", 29 ], [ "R", 10 ], [ "R", 10 ], [ "R", 10 ], [ "R", 10 ], [ "R", 10 ] ]
    } ]
  },
  "UserModeratorController.ban" : {
    "t" : [ {
      "id" : 0,
      "a" : [ [ "R", 28 ], [ "R", 10 ], [ "R", 29 ], [ "R", 1 ], [ "R", 29 ], [ "R", 29 ], [ "R", 1 ], [ "R", 29 ], [ "W", 29 ], [ "R", 1 ], [ "R", 29 ], [ "W", 29 ], [ "R", 10 ], [ "R", 10 ], [ "R", 29 ], [ "R", 1 ], [ "R", 29 ], [ "R", 10 ], [ "R", 10 ], [ "R", 10 ], [ "R", 10 ], [ "R", 10 ], [ "R", 28 ], [ "R", 1 ], [ "R", 29 ], [ "R", 29 ], [ "R", 1 ], [ "R", 29 ], [ "R", 29 ], [ "R", 1 ], [ "R", 29 ], [ "R", 29 ], [ "R", 1 ], [ "R", 29 ], [ "R", 29 ], [ "R", 1 ], [ "R", 29 ], [ "R", 1 ], [ "R", 29 ], [ "R", 29 ], [ "W", 29 ], [ "R", 8 ], [ "R", 8 ], [ "R", 28 ], [ "R", 28 ], [ "R", 28 ], [ "W", 28 ], [ "W", 28 ] ]
    } ]
  },
  "ConfigurationAdministratorController.edit" : {
    "t" : [ {
      "id" : 0,
      "a" : [ [ "R", 10 ], [ "R", 29 ], [ "R", 8 ], [ "R", 8 ], [ "R", 8 ], [ "R", 14 ], [ "R", 14 ], [ "R", 14 ], [ "R", 14 ], [ "R", 14 ], [ "R", 14 ], [ "R", 14 ], [ "R", 14 ] ]
    } ]
  },
  "BargainModeratorController.list" : {
    "t" : [ {
      "id" : 0,
      "a" : [ [ "R", 10 ], [ "R", 29 ], [ "R", 4 ], [ "R", 4 ], [ "R", 4 ], [ "R", 23 ], [ "R", 23 ], [ "R", 23 ], [ "R", 4 ], [ "R", 4 ], [ "R", 4 ], [ "R", 4 ], [ "R", 4 ], [ "R", 5 ], [ "R", 5 ], [ "R", 4 ], [ "R", 5 ], [ "R", 4 ], [ "R", 5 ], [ "R", 4 ], [ "R", 5 ], [ "R", 26 ], [ "R", 26 ], [ "R", 4 ], [ "R", 26 ], [ "R", 4 ], [ "R", 26 ], [ "R", 4 ], [ "R", 26 ], [ "R", 10 ], [ "R", 29 ], [ "R", 10 ], [ "R", 10 ], [ "R", 7 ], [ "R", 7 ], [ "R", 7 ], [ "R", 29 ], [ "R", 10 ], [ "R", 4 ], [ "R", 4 ], [ "R", 4 ], [ "R", 4 ], [ "R", 7 ], [ "R", 23 ], [ "R", 23 ], [ "R", 23 ], [ "R", 4 ], [ "R", 4 ], [ "R", 10 ], [ "R", 4 ], [ "R", 4 ], [ "R", 4 ], [ "R", 4 ], [ "R", 7 ], [ "R", 10 ], [ "R", 5 ], [ "R", 5 ], [ "R", 4 ], [ "R", 5 ], [ "R", 4 ], [ "R", 5 ], [ "R", 4 ], [ "R", 5 ], [ "R", 4 ], [ "R", 7 ], [ "R", 5 ], [ "R", 10 ], [ "R", 26 ], [ "R", 26 ], [ "R", 4 ], [ "R", 26 ], [ "R", 4 ], [ "R", 26 ], [ "R", 4 ], [ "R", 26 ], [ "R", 4 ], [ "R", 7 ], [ "R", 26 ], [ "R", 10 ], [ "R", 29 ], [ "R", 10 ], [ "R", 10 ], [ "R", 28 ], [ "R", 28 ], [ "R", 28 ], [ "R", 29 ], [ "R", 10 ], [ "R", 24 ], [ "R", 24 ], [ "R", 19 ], [ "R", 24 ], [ "R", 28 ], [ "R", 19 ], [ "R", 4 ], [ "R", 4 ], [ "R", 23 ], [ "R", 23 ], [ "R", 23 ], [ "R", 4 ], [ "R", 4 ], [ "R", 4 ], [ "R", 4 ], [ "R", 5 ], [ "R", 5 ], [ "R", 4 ], [ "R", 5 ], [ "R", 4 ], [ "R", 5 ], [ "R", 26 ], [ "R", 26 ], [ "R", 4 ], [ "R", 26 ], [ "R", 4 ], [ "R", 26 ], [ "R", 19 ], [ "R", 4 ], [ "R", 4 ], [ "R", 4 ], [ "R", 23 ], [ "R", 23 ], [ "R", 23 ], [ "R", 4 ], [ "R", 4 ], [ "R", 4 ], [ "R", 4 ], [ "R", 4 ], [ "R", 5 ], [ "R", 5 ], [ "R", 4 ], [ "R", 5 ], [ "R", 4 ], [ "R", 5 ], [ "R", 4 ], [ "R", 5 ], [ "R", 26 ], [ "R", 26 ], [ "R", 4 ], [ "R", 26 ], [ "R", 4 ], [ "R", 26 ], [ "R", 4 ], [ "R", 26 ], [ "R", 10 ], [ "R", 29 ], [ "R", 10 ], [ "R", 29 ], [ "R", 4 ], [ "R", 4 ], [ "R", 23 ], [ "R", 23 ], [ "R", 23 ], [ "R", 4 ], [ "R", 4 ], [ "R", 4 ], [ "R", 4 ], [ "R", 5 ], [ "R", 5 ], [ "R", 4 ], [ "R", 5 ], [ "R", 4 ], [ "R", 5 ], [ "R", 26 ], [ "R", 26 ], [ "R", 4 ], [ "R", 26 ], [ "R", 4 ], [ "R", 26 ] ]
    } ]
  },
  "CategoryAdministratorController.createBargain" : {
    "t" : [ {
      "id" : 0,
      "a" : [ [ "R", 10 ], [ "R", 29 ], [ "R", 5 ], [ "R", 5 ], [ "R", 4 ], [ "R", 4 ], [ "R", 4 ], [ "R", 5 ], [ "R", 4 ], [ "R", 5 ], [ "R", 4 ], [ "R", 4 ], [ "R", 4 ], [ "R", 5 ], [ "R", 4 ] ]
    } ]
  },
  "GrouponUserController.request" : {
    "t" : [ {
      "id" : 0,
      "a" : [ [ "R", 10 ], [ "R", 29 ], [ "R", 10 ], [ "R", 10 ], [ "R", 28 ], [ "R", 28 ], [ "R", 28 ], [ "R", 29 ], [ "W", 12 ], [ "W", 28 ], [ "R", 10 ], [ "R", 10 ], [ "R", 10 ], [ "R", 18 ], [ "R", 18 ], [ "R", 18 ], [ "R", 12 ], [ "R", 12 ] ]
    } ]
  },
  "EvaluationUserController.list" : {
    "t" : [ {
      "id" : 0,
      "a" : [ [ "R", 10 ], [ "R", 10 ], [ "R", 10 ], [ "R", 29 ], [ "R", 11 ], [ "R", 11 ], [ "R", 11 ], [ "R", 28 ], [ "R", 29 ] ]
    } ]
  },
  "UserController.list" : {
    "t" : [ {
      "id" : 0,
      "a" : [ [ "R", 28 ], [ "R", 28 ], [ "R", 28 ], [ "R", 28 ], [ "R", 15 ], [ "R", 15 ], [ "R", 15 ], [ "R", 15 ], [ "R", 15 ], [ "R", 15 ], [ "R", 15 ], [ "R", 15 ], [ "R", 15 ], [ "R", 15 ], [ "R", 15 ], [ "R", 15 ], [ "R", 15 ], [ "R", 15 ], [ "R", 15 ], [ "R", 15 ], [ "R", 15 ], [ "R", 15 ] ]
    } ]
  },
  "CompanyAdministratorController.list" : {
    "t" : [ {
      "id" : 0,
      "a" : [ [ "R", 10 ], [ "R", 29 ], [ "R", 7 ], [ "R", 7 ], [ "R", 26 ], [ "R", 26 ], [ "R", 4 ], [ "R", 26 ], [ "R", 26 ], [ "R", 4 ], [ "R", 7 ], [ "R", 7 ] ]
    } ]
  },
  "EvaluationModeratorController.edit" : {
    "t" : [ {
      "id" : 0,
      "a" : [ [ "R", 11 ] ]
    } ]
  },
  "CategoryCompanyController.addCategory" : {
    "t" : [ {
      "id" : 0,
      "a" : [ [ "R", 4 ], [ "R", 4 ], [ "R", 7 ], [ "R", 1 ], [ "R", 29 ], [ "R", 10 ], [ "R", 10 ], [ "R", 10 ], [ "R", 5 ], [ "R", 5 ], [ "R", 5 ], [ "R", 4 ] ]
    } ]
  },
  "UserController.wishList" : {
    "t" : [ {
      "id" : 0,
      "a" : [ [ "R", 28 ], [ "R", 10 ], [ "R", 1 ], [ "R", 29 ], [ "R", 10 ], [ "R", 10 ], [ "R", 10 ], [ "R", 28 ], [ "R", 28 ], [ "R", 28 ], [ "R", 28 ], [ "R", 4 ], [ "R", 28 ], [ "R", 4 ], [ "R", 28 ] ]
    } ]
  },
  "SponsorshipSponsorController.display" : {
    "t" : [ {
      "id" : 0,
      "a" : [ [ "R", 23 ], [ "R", 23 ], [ "R", 22 ], [ "R", 1 ], [ "R", 29 ], [ "R", 10 ], [ "R", 10 ], [ "R", 10 ], [ "R", 10 ], [ "R", 23 ], [ "R", 4 ], [ "R", 4 ], [ "R", 10 ], [ "R", 29 ], [ "R", 4 ], [ "R", 7 ], [ "R", 1 ], [ "R", 29 ], [ "R", 10 ], [ "R", 10 ], [ "R", 10 ], [ "R", 10 ], [ "R", 29 ], [ "R", 10 ], [ "R", 10 ], [ "R", 28 ], [ "R", 28 ], [ "R", 28 ], [ "R", 29 ], [ "R", 10 ], [ "R", 24 ], [ "R", 24 ], [ "R", 19 ], [ "R", 24 ], [ "R", 28 ], [ "R", 19 ], [ "R", 10 ], [ "R", 29 ], [ "R", 23 ], [ "R", 8 ], [ "R", 8 ] ]
    } ]
  },
  "ParticipationUserController.edit" : {
    "t" : [ {
      "id" : 0,
      "a" : [ [ "R", 18 ], [ "R", 10 ], [ "R", 10 ], [ "R", 18 ], [ "R", 28 ], [ "R", 1 ], [ "R", 29 ], [ "R", 10 ], [ "R", 10 ] ]
    } ]
  },
  "CategoryModeratorController.save" : {
    "t" : [ {
      "id" : 0,
      "a" : [ [ "R", 10 ], [ "R", 10 ], [ "R", 5 ], [ "R", 10 ], [ "W", 10 ], [ "R", 5 ], [ "R", 5 ], [ "W", 5 ], [ "W", 5 ], [ "R", 5 ], [ "W", 5 ], [ "R", 5 ], [ "R", 4 ], [ "W", 5 ], [ "W", 4 ], [ "R", 5 ], [ "R", 5 ], [ "W", 5 ], [ "W", 5 ], [ "W", 5 ], [ "W", 5 ], [ "W", 4 ], [ "R", 10 ], [ "W", 10 ], [ "W", 5 ], [ "W", 5 ], [ "W", 4 ], [ "R", 10 ], [ "R", 10 ], [ "R", 10 ], [ "R", 1 ], [ "R", 1 ], [ "R", 1 ], [ "R", 29 ], [ "R", 1 ], [ "R", 29 ], [ "R", 29 ], [ "R", 5 ], [ "R", 5 ], [ "R", 5 ], [ "R", 5 ], [ "R", 10 ], [ "R", 10 ], [ "R", 10 ], [ "R", 10 ], [ "R", 5 ], [ "R", 5 ], [ "R", 5 ], [ "R", 5 ], [ "R", 5 ], [ "R", 10 ], [ "R", 10 ], [ "R", 5 ], [ "R", 5 ], [ "R", 5 ], [ "R", 5 ], [ "R", 5 ], [ "R", 5 ], [ "R", 5 ], [ "R", 5 ], [ "R", 5 ], [ "R", 5 ], [ "R", 5 ], [ "R", 5 ], [ "R", 5 ], [ "R", 5 ], [ "R", 5 ], [ "R", 5 ], [ "W", 5 ], [ "R", 10 ], [ "R", 10 ] ]
    } ]
  },
  "CreditCardUserController.display" : {
    "t" : [ {
      "id" : 0,
      "a" : [ [ "R", 9 ], [ "R", 9 ], [ "R", 28 ], [ "R", 1 ], [ "R", 29 ], [ "R", 10 ], [ "R", 10 ], [ "R", 10 ], [ "R", 10 ] ]
    } ]
  },
  "CompanyController.save" : {
    "t" : [ {
      "id" : 0,
      "a" : [ [ "W", 29 ], [ "R", 29 ], [ "R", 29 ], [ "W", 1 ], [ "W", 29 ], [ "R", 1 ], [ "R", 29 ], [ "W", 29 ], [ "R", 1 ], [ "R", 29 ], [ "W", 29 ], [ "R", 1 ], [ "R", 29 ], [ "W", 29 ], [ "R", 7 ], [ "W", 1 ], [ "W", 1 ], [ "W", 1 ], [ "W", 1 ], [ "W", 1 ], [ "W", 1 ], [ "W", 7 ], [ "W", 7 ], [ "R", 10 ], [ "R", 1 ], [ "R", 29 ], [ "R", 1 ], [ "R", 29 ], [ "R", 29 ], [ "W", 29 ], [ "R", 1 ], [ "R", 29 ], [ "R", 10 ], [ "R", 10 ], [ "R", 10 ], [ "R", 10 ], [ "R", 10 ], [ "R", 7 ], [ "R", 1 ], [ "R", 29 ], [ "R", 29 ], [ "R", 1 ], [ "R", 29 ], [ "R", 29 ], [ "R", 1 ], [ "R", 29 ], [ "R", 29 ], [ "R", 1 ], [ "R", 29 ], [ "R", 29 ], [ "W", 7 ] ]
    } ]
  },
  "EvaluationModeratorController.delete" : {
    "t" : [ {
      "id" : 0,
      "a" : [ [ "R", 10 ], [ "R", 10 ], [ "R", 10 ], [ "R", 28 ], [ "R", 28 ], [ "R", 28 ], [ "R", 29 ], [ "W", 11 ], [ "W", 28 ], [ "R", 10 ], [ "R", 11 ], [ "R", 10 ], [ "W", 10 ], [ "R", 11 ], [ "R", 28 ], [ "W", 11 ], [ "W", 28 ], [ "R", 11 ], [ "R", 7 ], [ "W", 11 ], [ "W", 7 ], [ "R", 10 ], [ "R", 11 ], [ "R", 11 ], [ "R", 28 ], [ "R", 28 ], [ "W", 28 ], [ "W", 28 ], [ "R", 10 ], [ "R", 29 ], [ "W", 11 ] ]
    } ]
  },
  "GrouponUserController.save" : {
    "t" : [ {
      "id" : 0,
      "a" : [ [ "R", 10 ], [ "R", 10 ], [ "R", 10 ], [ "R", 28 ], [ "R", 28 ], [ "R", 28 ], [ "R", 29 ], [ "W", 12 ], [ "W", 28 ], [ "R", 10 ], [ "R", 12 ], [ "R", 10 ], [ "W", 10 ], [ "R", 12 ], [ "R", 28 ], [ "W", 12 ], [ "W", 28 ], [ "R", 10 ], [ "R", 18 ], [ "R", 18 ], [ "R", 18 ], [ "R", 12 ], [ "R", 12 ], [ "R", 12 ], [ "W", 12 ], [ "R", 10 ], [ "R", 10 ], [ "R", 10 ], [ "R", 18 ], [ "R", 18 ], [ "R", 18 ], [ "R", 12 ], [ "R", 12 ], [ "R", 10 ], [ "R", 10 ], [ "R", 12 ], [ "R", 28 ], [ "R", 1 ], [ "R", 29 ], [ "R", 10 ], [ "R", 12 ], [ "R", 12 ], [ "R", 10 ], [ "R", 12 ], [ "R", 12 ], [ "R", 12 ], [ "R", 28 ], [ "R", 28 ], [ "W", 28 ], [ "W", 28 ], [ "R", 10 ], [ "R", 12 ], [ "R", 12 ], [ "R", 12 ], [ "R", 12 ], [ "R", 10 ], [ "R", 18 ], [ "R", 18 ], [ "R", 18 ], [ "R", 12 ], [ "R", 12 ], [ "R", 12 ], [ "R", 12 ], [ "R", 12 ], [ "W", 12 ], [ "R", 10 ], [ "R", 10 ], [ "R", 10 ], [ "R", 18 ], [ "R", 18 ], [ "R", 18 ], [ "R", 12 ], [ "R", 12 ] ]
    } ]
  },
  "BargainCompanyController.save" : {
    "t" : [ {
      "id" : 0,
      "a" : [ [ "R", 10 ], [ "R", 10 ], [ "R", 4 ], [ "R", 4 ], [ "R", 7 ], [ "W", 4 ], [ "W", 7 ], [ "R", 4 ], [ "W", 4 ], [ "R", 10 ], [ "R", 10 ], [ "R", 7 ], [ "R", 7 ], [ "R", 7 ], [ "R", 29 ], [ "W", 4 ], [ "W", 7 ], [ "R", 4 ], [ "R", 7 ], [ "W", 4 ], [ "W", 7 ], [ "R", 10 ], [ "W", 10 ], [ "R", 4 ], [ "W", 4 ], [ "R", 10 ], [ "R", 10 ], [ "R", 4 ], [ "R", 4 ], [ "R", 10 ], [ "R", 10 ], [ "R", 7 ], [ "R", 7 ], [ "R", 7 ], [ "R", 29 ], [ "R", 4 ], [ "R", 7 ], [ "R", 10 ], [ "R", 10 ], [ "R", 10 ], [ "R", 4 ], [ "R", 4 ], [ "R", 10 ], [ "R", 4 ], [ "W", 4 ], [ "R", 10 ], [ "R", 4 ], [ "R", 4 ], [ "R", 4 ], [ "R", 4 ], [ "R", 4 ], [ "R", 4 ], [ "R", 4 ], [ "R", 4 ], [ "R", 4 ], [ "R", 10 ], [ "R", 23 ], [ "R", 23 ], [ "R", 23 ], [ "R", 4 ], [ "R", 23 ], [ "R", 4 ], [ "W", 4 ], [ "R", 4 ], [ "R", 4 ], [ "W", 4 ], [ "R", 4 ], [ "R", 4 ], [ "R", 24 ], [ "R", 24 ], [ "R", 28 ], [ "R", 24 ], [ "R", 19 ], [ "R", 4 ], [ "R", 10 ], [ "W", 17 ], [ "W", 1 ], [ "W", 17 ], [ "W", 17 ], [ "W", 17 ], [ "W", 17 ], [ "R", 10 ], [ "R", 17 ], [ "W", 17 ], [ "W", 4 ], [ "R", 10 ], [ "R", 26 ], [ "R", 26 ], [ "R", 4 ], [ "R", 26 ], [ "R", 26 ], [ "R", 4 ], [ "R", 26 ], [ "R", 26 ], [ "R", 26 ], [ "R", 26 ], [ "W", 26 ], [ "W", 4 ], [ "W", 26 ], [ "R", 10 ], [ "R", 29 ], [ "R", 10 ], [ "R", 29 ], [ "W", 26 ], [ "R", 26 ], [ "R", 4 ], [ "R", 26 ], [ "R", 4 ], [ "W", 26 ], [ "W", 4 ], [ "R", 10 ], [ "R", 29 ], [ "R", 10 ], [ "R", 29 ], [ "W", 26 ], [ "R", 26 ], [ "R", 4 ], [ "R", 10 ], [ "R", 26 ], [ "R", 26 ], [ "R", 4 ], [ "R", 10 ], [ "R", 29 ], [ "R", 29 ], [ "W", 26 ], [ "R", 26 ], [ "R", 4 ], [ "R", 10 ], [ "R", 29 ], [ "R", 10 ], [ "R", 29 ], [ "W", 26 ], [ "R", 10 ], [ "R", 4 ], [ "R", 24 ], [ "R", 24 ], [ "R", 28 ], [ "R", 24 ], [ "R", 19 ], [ "R", 4 ], [ "R", 10 ], [ "W", 17 ], [ "W", 1 ], [ "W", 17 ], [ "W", 17 ], [ "W", 17 ], [ "W", 17 ], [ "R", 10 ], [ "R", 17 ], [ "W", 17 ], [ "R", 5 ], [ "R", 5 ], [ "R", 4 ], [ "W", 5 ], [ "W", 4 ], [ "W", 5 ], [ "R", 24 ], [ "R", 24 ], [ "R", 28 ], [ "R", 24 ], [ "R", 19 ], [ "R", 4 ], [ "R", 10 ], [ "W", 17 ], [ "W", 1 ], [ "W", 17 ], [ "W", 17 ], [ "W", 17 ], [ "W", 17 ], [ "R", 10 ], [ "R", 17 ], [ "W", 17 ], [ "R", 10 ], [ "R", 10 ], [ "R", 4 ], [ "R", 4 ] ]
    } ]
  },
  "ParticipationUserController.delete" : {
    "t" : [ {
      "id" : 0,
      "a" : [ [ "R", 10 ], [ "R", 18 ], [ "R", 10 ], [ "R", 10 ], [ "R", 18 ], [ "R", 28 ], [ "R", 1 ], [ "R", 29 ], [ "R", 10 ], [ "W", 18 ], [ "R", 10 ] ]
    } ]
  },
  "SurveyController.list" : {
    "t" : [ {
      "id" : 0,
      "a" : [ [ "R", 10 ], [ "R", 10 ], [ "R", 25 ], [ "R", 25 ], [ "R", 25 ] ]
    } ]
  },
  "GrouponAdministratorController.list" : {
    "t" : [ {
      "id" : 0,
      "a" : [ [ "R", 10 ], [ "R", 29 ], [ "R", 12 ], [ "R", 12 ], [ "R", 18 ], [ "R", 18 ], [ "R", 18 ], [ "R", 12 ], [ "R", 12 ], [ "R", 12 ], [ "R", 18 ], [ "R", 18 ], [ "R", 18 ], [ "R", 12 ], [ "R", 12 ] ]
    } ]
  },
  "CategoryController.display" : {
    "t" : [ {
      "id" : 0,
      "a" : [ [ "R", 5 ], [ "R", 10 ], [ "R", 5 ], [ "R", 5 ], [ "R", 5 ], [ "R", 5 ], [ "R", 5 ], [ "R", 5 ], [ "R", 5 ], [ "R", 5 ], [ "R", 5 ], [ "R", 8 ], [ "R", 8 ] ]
    } ]
  },
  "ActorController.editProfile" : {
    "t" : [ {
      "id" : 0,
      "a" : [ [ "R", 10 ], [ "R", 10 ], [ "R", 1 ], [ "R", 1 ], [ "R", 1 ], [ "R", 29 ], [ "R", 1 ], [ "R", 29 ], [ "R", 10 ], [ "R", 10 ], [ "R", 10 ], [ "R", 1 ], [ "R", 1 ], [ "R", 10 ], [ "R", 1 ], [ "R", 1 ], [ "R", 1 ], [ "R", 1 ], [ "R", 29 ], [ "R", 29 ], [ "R", 1 ], [ "R", 1 ], [ "R", 1 ], [ "R", 10 ], [ "R", 1 ], [ "R", 1 ], [ "R", 1 ], [ "R", 1 ], [ "R", 29 ], [ "R", 29 ], [ "R", 1 ], [ "R", 10 ], [ "R", 7 ], [ "R", 7 ], [ "R", 7 ], [ "R", 1 ], [ "R", 1 ], [ "R", 10 ], [ "R", 1 ], [ "R", 1 ], [ "R", 1 ], [ "R", 1 ], [ "R", 29 ], [ "R", 29 ], [ "R", 1 ], [ "R", 10 ], [ "R", 28 ], [ "R", 28 ] ]
    } ]
  },
  "BargainController.bytag" : {
    "t" : [ {
      "id" : 0,
      "a" : [ [ "R", 10 ], [ "R", 29 ], [ "R", 4 ], [ "R", 4 ], [ "R", 4 ], [ "R", 23 ], [ "R", 23 ], [ "R", 23 ], [ "R", 4 ], [ "R", 4 ], [ "R", 4 ], [ "R", 4 ], [ "R", 4 ], [ "R", 5 ], [ "R", 5 ], [ "R", 4 ], [ "R", 5 ], [ "R", 4 ], [ "R", 5 ], [ "R", 4 ], [ "R", 5 ], [ "R", 26 ], [ "R", 26 ], [ "R", 4 ], [ "R", 26 ], [ "R", 4 ], [ "R", 26 ], [ "R", 4 ], [ "R", 26 ], [ "R", 10 ], [ "R", 29 ], [ "R", 10 ], [ "R", 10 ], [ "R", 7 ], [ "R", 7 ], [ "R", 7 ], [ "R", 29 ], [ "R", 10 ], [ "R", 4 ], [ "R", 4 ], [ "R", 4 ], [ "R", 4 ], [ "R", 7 ], [ "R", 23 ], [ "R", 23 ], [ "R", 23 ], [ "R", 4 ], [ "R", 4 ], [ "R", 10 ], [ "R", 4 ], [ "R", 4 ], [ "R", 4 ], [ "R", 4 ], [ "R", 7 ], [ "R", 10 ], [ "R", 5 ], [ "R", 5 ], [ "R", 4 ], [ "R", 5 ], [ "R", 4 ], [ "R", 5 ], [ "R", 4 ], [ "R", 5 ], [ "R", 4 ], [ "R", 7 ], [ "R", 5 ], [ "R", 10 ], [ "R", 26 ], [ "R", 26 ], [ "R", 4 ], [ "R", 26 ], [ "R", 4 ], [ "R", 26 ], [ "R", 4 ], [ "R", 26 ], [ "R", 4 ], [ "R", 7 ], [ "R", 26 ], [ "R", 10 ], [ "R", 29 ], [ "R", 10 ], [ "R", 10 ], [ "R", 28 ], [ "R", 28 ], [ "R", 28 ], [ "R", 29 ], [ "R", 10 ], [ "R", 24 ], [ "R", 24 ], [ "R", 19 ], [ "R", 24 ], [ "R", 28 ], [ "R", 19 ], [ "R", 4 ], [ "R", 4 ], [ "R", 23 ], [ "R", 23 ], [ "R", 23 ], [ "R", 4 ], [ "R", 4 ], [ "R", 4 ], [ "R", 4 ], [ "R", 5 ], [ "R", 5 ], [ "R", 4 ], [ "R", 5 ], [ "R", 4 ], [ "R", 5 ], [ "R", 26 ], [ "R", 26 ], [ "R", 4 ], [ "R", 26 ], [ "R", 4 ], [ "R", 26 ], [ "R", 19 ], [ "R", 4 ], [ "R", 4 ], [ "R", 4 ], [ "R", 23 ], [ "R", 23 ], [ "R", 23 ], [ "R", 4 ], [ "R", 4 ], [ "R", 4 ], [ "R", 4 ], [ "R", 4 ], [ "R", 5 ], [ "R", 5 ], [ "R", 4 ], [ "R", 5 ], [ "R", 4 ], [ "R", 5 ], [ "R", 4 ], [ "R", 5 ], [ "R", 26 ], [ "R", 26 ], [ "R", 4 ], [ "R", 26 ], [ "R", 4 ], [ "R", 26 ], [ "R", 4 ], [ "R", 26 ], [ "R", 10 ], [ "R", 29 ], [ "R", 10 ], [ "R", 29 ], [ "R", 4 ], [ "R", 4 ], [ "R", 23 ], [ "R", 23 ], [ "R", 23 ], [ "R", 4 ], [ "R", 4 ], [ "R", 4 ], [ "R", 4 ], [ "R", 5 ], [ "R", 5 ], [ "R", 4 ], [ "R", 5 ], [ "R", 4 ], [ "R", 5 ], [ "R", 26 ], [ "R", 26 ], [ "R", 4 ], [ "R", 26 ], [ "R", 4 ], [ "R", 26 ], [ "R", 10 ], [ "R", 29 ], [ "R", 10 ], [ "R", 29 ], [ "R", 10 ], [ "R", 10 ], [ "R", 28 ], [ "R", 28 ], [ "R", 28 ], [ "R", 29 ], [ "R", 10 ], [ "R", 24 ], [ "R", 24 ], [ "R", 19 ], [ "R", 24 ], [ "R", 28 ] ]
    } ]
  },
  "CommentUserController.create" : {
    "t" : [ {
      "id" : 0,
      "a" : [ [ "R", 4 ], [ "R", 6 ], [ "R", 10 ], [ "R", 10 ], [ "R", 28 ], [ "R", 28 ], [ "R", 28 ], [ "R", 29 ], [ "W", 6 ], [ "W", 28 ], [ "W", 6 ], [ "W", 6 ], [ "W", 6 ], [ "W", 4 ], [ "W", 6 ], [ "W", 6 ], [ "R", 10 ], [ "R", 10 ], [ "R", 28 ], [ "R", 28 ], [ "R", 28 ], [ "R", 29 ], [ "R", 6 ], [ "R", 28 ], [ "R", 10 ], [ "R", 10 ], [ "R", 10 ], [ "R", 6 ], [ "R", 28 ], [ "R", 10 ], [ "R", 24 ], [ "R", 24 ], [ "R", 19 ], [ "R", 24 ], [ "R", 28 ] ]
    } ]
  },
  "GrouponModeratorController.list" : {
    "t" : [ {
      "id" : 0,
      "a" : [ [ "R", 10 ], [ "R", 29 ], [ "R", 10 ], [ "R", 29 ], [ "R", 10 ], [ "R", 29 ], [ "R", 10 ], [ "R", 10 ], [ "R", 28 ], [ "R", 28 ], [ "R", 28 ], [ "R", 29 ], [ "R", 10 ], [ "R", 24 ], [ "R", 24 ], [ "R", 19 ], [ "R", 24 ], [ "R", 28 ], [ "R", 12 ], [ "R", 12 ] ]
    } ]
  },
  "SponsorshipSponsorController.create" : {
    "t" : [ {
      "id" : 0,
      "a" : [ [ "R", 4 ], [ "R", 10 ], [ "R", 10 ], [ "R", 22 ], [ "R", 22 ], [ "R", 22 ], [ "R", 29 ], [ "R", 10 ], [ "R", 23 ], [ "R", 23 ], [ "R", 23 ], [ "R", 22 ], [ "R", 23 ], [ "R", 4 ], [ "R", 10 ], [ "R", 10 ], [ "R", 22 ], [ "R", 22 ], [ "R", 22 ], [ "R", 29 ], [ "W", 23 ], [ "W", 22 ], [ "W", 23 ], [ "W", 4 ], [ "R", 10 ] ]
    } ]
  },
  "SurveyController.display" : {
    "t" : [ {
      "id" : 0,
      "a" : [ [ "R", 25 ], [ "R", 1 ], [ "R", 25 ], [ "R", 1 ], [ "R", 29 ], [ "R", 10 ], [ "R", 10 ], [ "R", 10 ], [ "R", 10 ], [ "R", 20 ], [ "R", 20 ], [ "R", 20 ], [ "R", 25 ], [ "R", 20 ], [ "R", 20 ], [ "R", 20 ], [ "R", 25 ], [ "R", 20 ], [ "R", 10 ], [ "R", 3 ], [ "R", 3 ], [ "R", 3 ], [ "R", 20 ], [ "R", 10 ], [ "R", 10 ], [ "R", 3 ], [ "R", 3 ], [ "R", 3 ], [ "R", 3 ], [ "R", 3 ], [ "R", 20 ], [ "R", 3 ] ]
    } ]
  },
  "SurveyController.delete" : {
    "t" : [ {
      "id" : 0,
      "a" : [ [ "R", 10 ], [ "R", 10 ], [ "R", 16 ], [ "R", 16 ], [ "R", 16 ], [ "R", 29 ], [ "R", 10 ], [ "R", 10 ], [ "R", 7 ], [ "R", 7 ], [ "R", 7 ], [ "R", 29 ], [ "R", 10 ], [ "R", 10 ], [ "R", 22 ], [ "R", 22 ], [ "R", 22 ], [ "R", 29 ], [ "W", 25 ], [ "R", 25 ], [ "W", 25 ], [ "R", 10 ], [ "R", 29 ], [ "R", 29 ], [ "R", 29 ], [ "R", 10 ], [ "R", 20 ], [ "R", 20 ], [ "R", 20 ], [ "R", 25 ], [ "R", 20 ], [ "R", 10 ], [ "R", 3 ], [ "R", 3 ], [ "R", 3 ], [ "R", 20 ], [ "R", 10 ], [ "R", 29 ], [ "R", 29 ], [ "R", 29 ], [ "R", 10 ], [ "R", 3 ], [ "W", 3 ], [ "R", 10 ], [ "R", 29 ], [ "R", 29 ], [ "R", 29 ], [ "R", 10 ], [ "R", 20 ], [ "R", 10 ], [ "R", 3 ], [ "R", 3 ], [ "R", 3 ], [ "R", 20 ], [ "R", 10 ], [ "R", 29 ], [ "R", 29 ], [ "R", 29 ], [ "R", 10 ], [ "R", 3 ], [ "W", 3 ], [ "R", 20 ], [ "R", 20 ], [ "R", 25 ], [ "R", 10 ], [ "R", 20 ], [ "R", 20 ], [ "R", 20 ], [ "R", 20 ], [ "R", 25 ], [ "R", 20 ], [ "W", 20 ], [ "W", 20 ], [ "W", 20 ], [ "W", 25 ] ]
    } ]
  },
  "SubscriptionUserController.edit" : {
    "t" : [ {
      "id" : 0,
      "a" : [ [ "R", 24 ], [ "R", 10 ], [ "R", 10 ], [ "R", 24 ], [ "R", 28 ], [ "R", 1 ], [ "R", 29 ], [ "R", 10 ], [ "R", 10 ], [ "R", 10 ], [ "R", 10 ], [ "R", 29 ], [ "R", 10 ], [ "R", 10 ], [ "R", 9 ], [ "R", 9 ], [ "R", 9 ], [ "R", 28 ], [ "R", 29 ], [ "R", 9 ], [ "R", 9 ], [ "R", 9 ], [ "R", 10 ], [ "R", 24 ], [ "R", 9 ] ]
    } ]
  },
  "LevelAdministratorController.save" : {
    "t" : [ {
      "id" : 0,
      "a" : [ [ "R", 10 ], [ "R", 10 ], [ "R", 15 ], [ "R", 10 ], [ "W", 10 ], [ "R", 10 ], [ "R", 10 ], [ "R", 15 ], [ "R", 15 ], [ "R", 10 ], [ "R", 15 ], [ "R", 15 ], [ "R", 10 ], [ "R", 15 ], [ "R", 10 ], [ "R", 15 ], [ "R", 15 ], [ "R", 15 ], [ "R", 15 ], [ "R", 15 ], [ "R", 10 ], [ "R", 10 ], [ "R", 15 ], [ "R", 10 ], [ "R", 15 ], [ "R", 15 ], [ "R", 15 ], [ "R", 15 ], [ "R", 15 ], [ "R", 10 ], [ "R", 15 ], [ "R", 15 ], [ "R", 15 ], [ "R", 15 ], [ "R", 15 ], [ "R", 15 ], [ "R", 15 ], [ "R", 15 ], [ "R", 15 ], [ "R", 15 ], [ "R", 15 ], [ "R", 15 ], [ "R", 15 ], [ "R", 15 ], [ "R", 15 ], [ "R", 10 ], [ "R", 29 ], [ "R", 15 ], [ "R", 15 ], [ "R", 10 ], [ "R", 15 ], [ "R", 15 ], [ "R", 15 ], [ "R", 15 ], [ "R", 15 ], [ "R", 15 ], [ "R", 15 ], [ "W", 15 ], [ "W", 15 ], [ "R", 15 ], [ "R", 15 ], [ "R", 15 ], [ "W", 15 ], [ "W", 15 ], [ "R", 10 ], [ "R", 15 ], [ "R", 10 ], [ "R", 10 ], [ "R", 10 ], [ "R", 10 ], [ "R", 15 ], [ "R", 15 ], [ "R", 15 ], [ "R", 15 ], [ "R", 15 ], [ "R", 15 ], [ "R", 15 ], [ "R", 15 ], [ "R", 15 ], [ "R", 15 ], [ "R", 15 ], [ "R", 15 ], [ "R", 15 ], [ "R", 15 ], [ "R", 15 ], [ "R", 15 ], [ "R", 15 ], [ "R", 15 ], [ "R", 15 ], [ "R", 15 ], [ "R", 15 ], [ "R", 15 ], [ "R", 15 ], [ "R", 15 ], [ "R", 15 ], [ "R", 15 ], [ "R", 15 ], [ "R", 15 ], [ "W", 15 ], [ "W", 15 ], [ "R", 15 ], [ "R", 15 ], [ "R", 15 ], [ "R", 15 ], [ "R", 15 ], [ "R", 15 ], [ "R", 15 ], [ "R", 15 ], [ "R", 15 ], [ "R", 15 ], [ "R", 15 ], [ "R", 15 ], [ "R", 15 ], [ "R", 15 ], [ "R", 15 ], [ "R", 15 ], [ "R", 15 ], [ "R", 15 ], [ "R", 15 ], [ "R", 15 ], [ "R", 15 ], [ "R", 15 ], [ "R", 15 ], [ "R", 15 ], [ "W", 15 ], [ "W", 15 ], [ "R", 15 ], [ "R", 15 ], [ "R", 15 ], [ "R", 15 ], [ "R", 15 ], [ "R", 15 ], [ "R", 15 ], [ "R", 15 ], [ "R", 15 ], [ "R", 15 ], [ "R", 15 ], [ "R", 15 ], [ "R", 15 ], [ "R", 15 ], [ "R", 15 ], [ "R", 15 ], [ "R", 15 ], [ "R", 15 ], [ "R", 15 ], [ "R", 15 ], [ "R", 15 ], [ "R", 15 ], [ "R", 15 ], [ "R", 15 ], [ "W", 15 ], [ "R", 15 ], [ "R", 15 ], [ "R", 15 ], [ "R", 15 ], [ "R", 15 ], [ "R", 15 ], [ "R", 15 ], [ "R", 15 ], [ "R", 15 ], [ "R", 15 ], [ "R", 15 ], [ "R", 15 ], [ "R", 15 ], [ "R", 15 ], [ "R", 15 ], [ "R", 15 ], [ "R", 15 ], [ "R", 15 ], [ "R", 15 ], [ "R", 15 ], [ "W", 15 ], [ "W", 15 ], [ "W", 15 ], [ "R", 10 ], [ "R", 10 ], [ "R", 15 ], [ "R", 15 ], [ "R", 15 ], [ "R", 15 ], [ "R", 15 ], [ "R", 15 ], [ "R", 15 ], [ "R", 15 ], [ "R", 15 ], [ "R", 15 ], [ "R", 15 ], [ "R", 15 ], [ "R", 15 ], [ "R", 15 ], [ "R", 15 ], [ "R", 15 ], [ "R", 15 ], [ "R", 15 ], [ "R", 15 ], [ "R", 15 ], [ "R", 15 ], [ "R", 15 ], [ "R", 15 ], [ "R", 15 ], [ "W", 15 ], [ "W", 15 ], [ "R", 10 ], [ "R", 10 ], [ "R", 15 ], [ "R", 15 ], [ "R", 15 ], [ "R", 15 ], [ "R", 15 ], [ "R", 15 ], [ "R", 15 ], [ "R", 15 ], [ "R", 15 ], [ "R", 15 ], [ "R", 15 ], [ "R", 15 ], [ "R", 15 ], [ "R", 15 ], [ "R", 15 ], [ "R", 15 ], [ "R", 15 ], [ "R", 15 ], [ "R", 15 ], [ "R", 15 ], [ "R", 15 ], [ "R", 15 ], [ "R", 15 ], [ "R", 15 ], [ "W", 15 ], [ "W", 15 ], [ "W", 15 ], [ "R", 10 ], [ "R", 10 ], [ "R", 15 ], [ "R", 15 ], [ "R", 10 ], [ "R", 15 ], [ "R", 15 ], [ "R", 10 ], [ "R", 15 ], [ "R", 10 ], [ "R", 15 ], [ "R", 15 ], [ "R", 15 ], [ "R", 15 ], [ "R", 15 ], [ "R", 10 ], [ "R", 10 ], [ "R", 15 ], [ "R", 10 ], [ "R", 15 ], [ "R", 15 ], [ "R", 15 ], [ "R", 15 ], [ "R", 15 ], [ "R", 10 ], [ "R", 15 ], [ "R", 15 ], [ "R", 15 ], [ "R", 15 ], [ "R", 15 ] ]
    } ]
  },
  "CompanyController.list" : {
    "t" : [ {
      "id" : 0,
      "a" : [ [ "R", 7 ] ]
    } ]
  },
  "CommentUserController.edit" : {
    "t" : [ {
      "id" : 0,
      "a" : [ [ "R", 6 ], [ "R", 10 ], [ "R", 10 ], [ "R", 28 ], [ "R", 28 ], [ "R", 28 ], [ "R", 29 ], [ "R", 6 ], [ "R", 28 ], [ "R", 10 ], [ "R", 10 ], [ "R", 10 ], [ "R", 6 ], [ "R", 28 ], [ "R", 10 ], [ "R", 24 ], [ "R", 24 ], [ "R", 19 ], [ "R", 24 ], [ "R", 28 ] ]
    } ]
  },
  "PlanAdministratorController.edit" : {
    "t" : [ {
      "id" : 0,
      "a" : [ [ "R", 19 ], [ "R", 10 ], [ "R", 29 ] ]
    } ]
  },
  "BargainAdministratorController.listWithMoreSponsorships" : {
    "t" : [ {
      "id" : 0,
      "a" : [ [ "R", 4 ], [ "R", 4 ], [ "R", 23 ], [ "R", 23 ], [ "R", 23 ], [ "R", 4 ], [ "R", 4 ], [ "R", 4 ], [ "R", 23 ], [ "R", 23 ], [ "R", 23 ], [ "R", 4 ], [ "R", 4 ] ]
    } ]
  },
  "GrouponUserController.list" : {
    "t" : [ {
      "id" : 0,
      "a" : [ [ "R", 10 ], [ "R", 10 ], [ "R", 28 ], [ "R", 28 ], [ "R", 28 ], [ "R", 29 ], [ "R", 10 ], [ "R", 10 ], [ "R", 29 ], [ "R", 10 ], [ "R", 10 ], [ "R", 28 ], [ "R", 28 ], [ "R", 28 ], [ "R", 29 ], [ "R", 10 ], [ "R", 12 ], [ "R", 12 ], [ "R", 12 ], [ "R", 28 ] ]
    } ]
  },
  "BargainCompanyController.list" : {
    "t" : [ {
      "id" : 0,
      "a" : [ [ "R", 10 ], [ "R", 10 ], [ "R", 7 ], [ "R", 7 ], [ "R", 7 ], [ "R", 29 ], [ "R", 10 ], [ "R", 4 ], [ "R", 4 ], [ "R", 4 ], [ "R", 7 ] ]
    } ]
  },
  "TermConditionAdministratorController.display" : {
    "t" : [ {
      "id" : 0,
      "a" : [ [ "R", 14 ], [ "R", 14 ], [ "R", 14 ], [ "R", 14 ], [ "R", 14 ], [ "R", 14 ], [ "R", 14 ], [ "R", 14 ], [ "R", 14 ], [ "R", 14 ], [ "R", 14 ], [ "R", 14 ], [ "R", 14 ], [ "R", 14 ], [ "R", 14 ], [ "R", 14 ] ]
    } ]
  },
  "CompanyAdministratorController.writerOfMorePercentage10" : {
    "t" : [ {
      "id" : 0,
      "a" : [ [ "R", 10 ], [ "R", 29 ], [ "R", 7 ], [ "R", 7 ], [ "R", 25 ], [ "R", 25 ], [ "R", 25 ], [ "R", 25 ], [ "R", 25 ], [ "R", 25 ], [ "R", 7 ] ]
    } ]
  },
  "NotificationActorController.list" : {
    "t" : [ {
      "id" : 0,
      "a" : [ [ "R", 10 ], [ "R", 10 ], [ "R", 1 ], [ "R", 1 ], [ "R", 1 ], [ "R", 29 ], [ "R", 10 ], [ "R", 17 ], [ "R", 17 ], [ "R", 17 ], [ "R", 1 ] ]
    } ]
  },
  "RaffleUserController.list" : {
    "t" : [ {
      "id" : 0,
      "a" : [ [ "R", 10 ], [ "R", 10 ], [ "R", 10 ], [ "R", 29 ], [ "R", 21 ], [ "R", 21 ], [ "R", 21 ], [ "R", 27 ], [ "R", 27 ], [ "R", 21 ], [ "R", 27 ], [ "R", 28 ], [ "R", 29 ] ]
    } ]
  },
  "BargainSponsorController.list" : {
    "t" : [ {
      "id" : 0,
      "a" : [ [ "R", 10 ], [ "R", 10 ], [ "R", 22 ], [ "R", 22 ], [ "R", 22 ], [ "R", 29 ], [ "R", 10 ], [ "R", 4 ], [ "R", 4 ], [ "R", 4 ], [ "R", 23 ], [ "R", 23 ], [ "R", 4 ], [ "R", 23 ], [ "R", 22 ] ]
    } ]
  },
  "CompanyAdministratorController.writerOfMorePercentage15" : {
    "t" : [ {
      "id" : 0,
      "a" : [ [ "R", 10 ], [ "R", 29 ], [ "R", 7 ], [ "R", 7 ], [ "R", 25 ], [ "R", 25 ], [ "R", 25 ], [ "R", 25 ], [ "R", 25 ], [ "R", 25 ], [ "R", 7 ] ]
    } ]
  },
  "CreditCardUserController.list" : {
    "t" : [ {
      "id" : 0,
      "a" : [ [ "R", 10 ], [ "R", 10 ], [ "R", 10 ], [ "R", 29 ], [ "R", 10 ], [ "R", 10 ], [ "R", 9 ], [ "R", 9 ], [ "R", 9 ], [ "R", 28 ], [ "R", 29 ], [ "R", 10 ], [ "R", 10 ] ]
    } ]
  },
  "TermConditionAdministratorController.edit" : {
    "t" : [ {
      "id" : 0,
      "a" : [ [ "R", 14 ], [ "R", 14 ], [ "R", 14 ], [ "R", 14 ], [ "R", 14 ], [ "R", 14 ], [ "R", 14 ], [ "R", 14 ], [ "R", 14 ], [ "R", 14 ], [ "R", 14 ], [ "R", 14 ], [ "R", 14 ], [ "R", 14 ] ]
    } ]
  },
  "LevelAdministratorController.request" : {
    "t" : [ {
      "id" : 0,
      "a" : [ [ "R", 10 ], [ "R", 29 ], [ "R", 10 ], [ "R", 10 ], [ "R", 15 ], [ "R", 15 ], [ "R", 10 ], [ "R", 15 ], [ "R", 15 ], [ "R", 10 ], [ "R", 15 ], [ "R", 10 ], [ "R", 15 ], [ "R", 15 ], [ "R", 15 ], [ "R", 15 ], [ "R", 15 ], [ "R", 10 ], [ "R", 10 ], [ "R", 15 ], [ "R", 10 ], [ "R", 15 ], [ "R", 15 ], [ "R", 15 ], [ "R", 15 ], [ "R", 15 ], [ "R", 10 ], [ "R", 15 ], [ "R", 15 ], [ "R", 15 ], [ "R", 15 ], [ "R", 15 ] ]
    } ]
  },
  "EvaluationUserController.create" : {
    "t" : [ {
      "id" : 0,
      "a" : [ [ "R", 7 ], [ "R", 10 ], [ "R", 10 ], [ "R", 28 ], [ "R", 28 ], [ "R", 28 ], [ "R", 29 ], [ "W", 11 ], [ "W", 7 ], [ "W", 11 ], [ "W", 28 ], [ "R", 10 ], [ "R", 10 ], [ "R", 10 ], [ "R", 28 ], [ "R", 28 ], [ "R", 28 ], [ "R", 29 ], [ "R", 11 ], [ "R", 28 ], [ "R", 10 ], [ "R", 10 ], [ "R", 10 ] ]
    } ]
  },
  "CommentModeratorController.list" : {
    "t" : [ {
      "id" : 0,
      "a" : [ [ "R", 6 ], [ "R", 6 ], [ "R", 6 ], [ "R", 28 ], [ "R", 10 ], [ "R", 24 ], [ "R", 24 ], [ "R", 19 ], [ "R", 24 ], [ "R", 28 ] ]
    } ]
  },
  "LevelController.list" : {
    "t" : [ {
      "id" : 0,
      "a" : [ [ "R", 15 ], [ "R", 15 ], [ "R", 15 ] ]
    } ]
  },
  "RaffleModeratorController.raffle" : {
    "t" : [ {
      "id" : 0,
      "a" : [ [ "R", 10 ], [ "R", 29 ], [ "R", 21 ], [ "R", 21 ], [ "R", 21 ], [ "R", 28 ], [ "R", 10 ], [ "R", 27 ], [ "R", 27 ], [ "R", 28 ], [ "R", 27 ], [ "R", 21 ], [ "R", 10 ], [ "W", 10 ], [ "R", 10 ], [ "W", 10 ], [ "R", 21 ], [ "W", 21 ], [ "R", 21 ], [ "W", 21 ], [ "R", 21 ], [ "W", 21 ], [ "R", 21 ], [ "W", 21 ], [ "R", 21 ], [ "W", 21 ], [ "R", 21 ], [ "W", 21 ], [ "R", 21 ], [ "R", 28 ], [ "W", 21 ], [ "W", 28 ], [ "R", 21 ], [ "R", 7 ], [ "W", 21 ], [ "W", 7 ], [ "W", 21 ], [ "W", 28 ], [ "R", 10 ], [ "R", 10 ], [ "R", 29 ], [ "R", 21 ], [ "R", 7 ], [ "R", 1 ], [ "R", 29 ], [ "R", 10 ], [ "R", 10 ], [ "R", 10 ], [ "R", 10 ], [ "R", 21 ], [ "R", 21 ], [ "R", 28 ], [ "R", 10 ], [ "R", 21 ], [ "R", 10 ], [ "R", 29 ], [ "R", 21 ], [ "R", 7 ], [ "R", 1 ], [ "R", 29 ], [ "R", 10 ], [ "R", 10 ], [ "R", 10 ], [ "R", 10 ], [ "R", 21 ], [ "R", 21 ], [ "R", 28 ], [ "R", 10 ], [ "R", 29 ], [ "R", 21 ], [ "R", 28 ], [ "R", 21 ], [ "R", 28 ], [ "R", 21 ], [ "R", 21 ], [ "R", 10 ], [ "R", 29 ], [ "R", 21 ], [ "R", 28 ], [ "R", 21 ], [ "R", 28 ], [ "W", 21 ], [ "R", 10 ], [ "R", 24 ], [ "R", 24 ], [ "R", 28 ], [ "R", 24 ], [ "R", 19 ], [ "W", 27 ], [ "W", 21 ], [ "W", 27 ], [ "W", 28 ], [ "W", 27 ], [ "W", 27 ], [ "R", 27 ], [ "R", 28 ], [ "R", 10 ], [ "R", 24 ], [ "R", 24 ], [ "R", 19 ], [ "R", 24 ], [ "R", 28 ], [ "R", 10 ], [ "R", 29 ], [ "R", 19 ], [ "R", 27 ], [ "R", 21 ], [ "R", 21 ], [ "R", 7 ], [ "R", 1 ], [ "R", 29 ], [ "R", 10 ], [ "R", 10 ], [ "R", 10 ], [ "R", 10 ], [ "R", 27 ], [ "R", 28 ], [ "R", 1 ], [ "R", 29 ], [ "R", 10 ], [ "R", 10 ], [ "R", 10 ], [ "R", 10 ], [ "R", 27 ], [ "R", 21 ], [ "R", 21 ], [ "R", 28 ], [ "R", 27 ], [ "R", 21 ], [ "R", 21 ], [ "R", 27 ], [ "R", 21 ], [ "R", 10 ], [ "R", 27 ], [ "R", 28 ], [ "R", 10 ], [ "R", 27 ], [ "R", 27 ], [ "R", 27 ], [ "R", 21 ], [ "R", 27 ], [ "R", 28 ], [ "R", 27 ], [ "R", 9 ], [ "R", 10 ], [ "R", 10 ], [ "R", 10 ], [ "R", 29 ], [ "R", 10 ], [ "R", 10 ], [ "R", 9 ], [ "R", 9 ], [ "R", 9 ], [ "R", 28 ], [ "R", 29 ], [ "R", 27 ], [ "R", 9 ], [ "R", 27 ], [ "R", 9 ], [ "R", 9 ], [ "R", 27 ], [ "R", 9 ], [ "R", 9 ], [ "R", 27 ], [ "R", 9 ], [ "R", 9 ], [ "R", 27 ], [ "R", 21 ], [ "R", 10 ], [ "R", 13 ], [ "R", 13 ], [ "R", 13 ], [ "R", 13 ], [ "R", 13 ], [ "R", 13 ], [ "R", 13 ], [ "R", 13 ], [ "W", 13 ], [ "R", 13 ], [ "W", 13 ], [ "R", 13 ], [ "R", 13 ], [ "W", 13 ], [ "R", 13 ], [ "W", 13 ], [ "R", 13 ], [ "R", 13 ], [ "W", 13 ], [ "R", 13 ], [ "W", 13 ], [ "R", 13 ], [ "R", 13 ], [ "W", 13 ], [ "R", 13 ], [ "W", 13 ], [ "R", 13 ], [ "R", 13 ], [ "W", 13 ], [ "R", 13 ], [ "W", 13 ], [ "W", 13 ], [ "W", 27 ], [ "R", 27 ], [ "W", 27 ], [ "R", 27 ], [ "R", 28 ], [ "R", 28 ], [ "W", 28 ], [ "W", 28 ], [ "R", 21 ], [ "W", 17 ], [ "W", 1 ], [ "W", 17 ], [ "W", 17 ], [ "W", 17 ], [ "W", 17 ], [ "R", 10 ], [ "R", 17 ], [ "W", 17 ] ]
    } ]
  },
  "RaffleCompanyController.edit" : {
    "t" : [ {
      "id" : 0,
      "a" : [ [ "R", 21 ], [ "R", 21 ], [ "R", 7 ], [ "R", 1 ], [ "R", 29 ], [ "R", 10 ], [ "R", 10 ], [ "R", 10 ], [ "R", 10 ], [ "R", 21 ], [ "R", 28 ], [ "R", 27 ], [ "R", 27 ], [ "R", 27 ], [ "R", 21 ], [ "R", 10 ], [ "R", 10 ], [ "R", 27 ], [ "R", 27 ], [ "R", 27 ], [ "R", 21 ] ]
    } ]
  },
  "CategoryModeratorController.delete" : {
    "t" : [ {
      "id" : 0,
      "a" : [ [ "R", 10 ], [ "R", 29 ], [ "R", 5 ], [ "R", 5 ], [ "R", 5 ], [ "R", 10 ], [ "R", 5 ], [ "R", 10 ], [ "R", 10 ], [ "R", 10 ], [ "R", 5 ], [ "R", 5 ], [ "R", 5 ], [ "R", 5 ], [ "R", 5 ], [ "R", 4 ], [ "R", 10 ], [ "R", 5 ], [ "R", 5 ], [ "R", 4 ], [ "R", 5 ], [ "R", 5 ], [ "R", 4 ], [ "R", 5 ], [ "R", 4 ], [ "R", 10 ], [ "R", 10 ], [ "R", 1 ], [ "R", 1 ], [ "R", 1 ], [ "R", 29 ], [ "R", 1 ], [ "R", 29 ], [ "R", 29 ], [ "R", 5 ], [ "R", 5 ], [ "R", 5 ], [ "R", 5 ], [ "R", 10 ], [ "R", 10 ], [ "R", 10 ], [ "R", 10 ], [ "R", 5 ], [ "R", 5 ], [ "R", 5 ], [ "R", 5 ], [ "R", 5 ], [ "R", 10 ], [ "R", 10 ], [ "R", 5 ], [ "R", 5 ], [ "R", 5 ], [ "R", 5 ], [ "R", 5 ], [ "R", 5 ], [ "R", 5 ], [ "R", 5 ], [ "R", 5 ], [ "R", 5 ], [ "R", 5 ], [ "R", 5 ], [ "R", 5 ], [ "R", 5 ], [ "R", 5 ], [ "R", 5 ], [ "W", 5 ], [ "R", 10 ], [ "R", 5 ], [ "W", 5 ], [ "R", 5 ], [ "R", 5 ], [ "R", 5 ], [ "R", 5 ], [ "R", 10 ], [ "R", 10 ] ]
    } ]
  },
  "TicketUserController.buy" : {
    "t" : [ {
      "id" : 0,
      "a" : [ [ "R", 21 ], [ "R", 10 ], [ "R", 10 ], [ "R", 10 ], [ "R", 29 ], [ "R", 10 ], [ "R", 10 ], [ "R", 9 ], [ "R", 9 ], [ "R", 9 ], [ "R", 28 ], [ "R", 29 ], [ "R", 9 ], [ "R", 9 ], [ "R", 9 ], [ "R", 10 ], [ "R", 10 ], [ "R", 9 ], [ "R", 21 ] ]
    } ]
  },
  "UserController.addRemoveWishList" : {
    "t" : [ {
      "id" : 0,
      "a" : [ [ "R", 4 ], [ "R", 10 ], [ "R", 10 ], [ "R", 28 ], [ "R", 28 ], [ "R", 28 ], [ "R", 29 ], [ "R", 4 ], [ "R", 10 ], [ "R", 24 ], [ "R", 24 ], [ "R", 19 ], [ "R", 24 ], [ "R", 28 ], [ "R", 19 ], [ "R", 28 ], [ "R", 4 ], [ "R", 28 ], [ "R", 4 ], [ "R", 28 ], [ "R", 4 ], [ "R", 10 ], [ "R", 10 ], [ "R", 29 ], [ "R", 1 ], [ "R", 29 ], [ "R", 10 ], [ "R", 10 ], [ "R", 10 ], [ "R", 10 ], [ "R", 10 ], [ "R", 28 ], [ "R", 1 ], [ "R", 29 ], [ "R", 29 ], [ "R", 1 ], [ "R", 29 ], [ "R", 29 ], [ "R", 1 ], [ "R", 29 ], [ "R", 29 ], [ "R", 1 ], [ "R", 29 ], [ "R", 29 ], [ "R", 1 ], [ "R", 29 ], [ "R", 1 ], [ "R", 29 ], [ "R", 29 ], [ "W", 29 ], [ "R", 8 ], [ "R", 8 ], [ "R", 28 ], [ "R", 28 ], [ "R", 28 ], [ "W", 28 ], [ "W", 28 ] ]
    } ]
  },
  "PlanController.display" : {
    "t" : [ {
      "id" : 0,
      "a" : [ [ "R", 19 ], [ "R", 10 ], [ "R", 29 ], [ "R", 10 ], [ "R", 10 ], [ "R", 28 ], [ "R", 28 ], [ "R", 28 ], [ "R", 29 ], [ "R", 10 ], [ "R", 24 ], [ "R", 24 ], [ "R", 24 ], [ "R", 28 ] ]
    } ]
  },
  "TicketUserController.list" : {
    "t" : [ {
      "id" : 0,
      "a" : [ [ "R", 10 ], [ "R", 10 ], [ "R", 27 ], [ "R", 27 ], [ "R", 27 ], [ "R", 28 ], [ "R", 29 ] ]
    } ]
  },
  "ParticipationUserController.save" : {
    "t" : [ {
      "id" : 0,
      "a" : [ [ "R", 10 ], [ "R", 10 ], [ "R", 10 ], [ "R", 28 ], [ "R", 28 ], [ "R", 28 ], [ "R", 29 ], [ "W", 18 ], [ "W", 28 ], [ "R", 10 ], [ "R", 18 ], [ "R", 10 ], [ "W", 10 ], [ "R", 18 ], [ "R", 12 ], [ "W", 18 ], [ "W", 12 ], [ "R", 18 ], [ "R", 28 ], [ "W", 18 ], [ "W", 28 ], [ "R", 10 ], [ "R", 10 ], [ "R", 10 ], [ "R", 18 ], [ "R", 28 ], [ "R", 1 ], [ "R", 29 ], [ "R", 10 ], [ "R", 10 ], [ "R", 18 ], [ "R", 12 ], [ "R", 10 ], [ "R", 10 ], [ "R", 10 ], [ "R", 28 ], [ "R", 28 ], [ "R", 28 ], [ "R", 29 ], [ "R", 10 ], [ "R", 18 ], [ "R", 18 ], [ "R", 18 ], [ "R", 12 ], [ "R", 18 ], [ "R", 28 ], [ "R", 18 ], [ "R", 12 ], [ "R", 12 ], [ "R", 28 ], [ "R", 10 ], [ "R", 18 ], [ "R", 28 ], [ "R", 10 ], [ "R", 18 ], [ "R", 28 ], [ "R", 10 ], [ "R", 24 ], [ "R", 24 ], [ "R", 19 ], [ "R", 24 ], [ "R", 28 ], [ "R", 18 ], [ "R", 12 ], [ "R", 12 ], [ "R", 18 ], [ "R", 28 ], [ "R", 28 ], [ "W", 28 ], [ "W", 28 ], [ "W", 18 ], [ "R", 10 ] ]
    } ]
  },
  "UserAdministratorController.moreWonRaffles" : {
    "t" : [ {
      "id" : 0,
      "a" : [ [ "R", 10 ], [ "R", 29 ], [ "R", 28 ], [ "R", 28 ], [ "R", 21 ], [ "R", 21 ], [ "R", 28 ], [ "R", 21 ], [ "R", 28 ], [ "R", 28 ], [ "R", 28 ], [ "R", 21 ], [ "R", 21 ], [ "R", 28 ], [ "R", 21 ], [ "R", 28 ], [ "R", 28 ], [ "R", 28 ], [ "R", 15 ], [ "R", 15 ], [ "R", 15 ], [ "R", 15 ], [ "R", 15 ], [ "R", 15 ], [ "R", 15 ], [ "R", 15 ], [ "R", 15 ], [ "R", 15 ], [ "R", 15 ], [ "R", 15 ], [ "R", 15 ], [ "R", 15 ], [ "R", 15 ], [ "R", 15 ], [ "R", 15 ], [ "R", 15 ] ]
    } ]
  },
  "SubscriptionUserController.request" : {
    "t" : [ {
      "id" : 0,
      "a" : [ [ "R", 19 ], [ "R", 10 ], [ "R", 29 ], [ "R", 10 ], [ "R", 10 ], [ "R", 28 ], [ "R", 28 ], [ "R", 28 ], [ "R", 29 ], [ "R", 10 ], [ "R", 24 ], [ "R", 24 ], [ "R", 24 ], [ "R", 28 ], [ "R", 10 ], [ "R", 10 ], [ "R", 28 ], [ "R", 28 ], [ "R", 28 ], [ "R", 29 ], [ "W", 24 ], [ "W", 28 ], [ "W", 24 ], [ "W", 19 ], [ "R", 10 ], [ "R", 10 ], [ "R", 10 ], [ "R", 29 ], [ "R", 10 ], [ "R", 10 ], [ "R", 9 ], [ "R", 9 ], [ "R", 9 ], [ "R", 28 ], [ "R", 29 ], [ "R", 9 ], [ "R", 9 ], [ "R", 9 ], [ "R", 10 ], [ "R", 24 ], [ "R", 9 ], [ "R", 24 ], [ "R", 28 ], [ "R", 1 ], [ "R", 29 ], [ "R", 10 ], [ "R", 9 ], [ "W", 24 ], [ "W", 9 ] ]
    } ]
  },
  "SponsorshipController.list" : {
    "t" : [ {
      "id" : 0,
      "a" : [ [ "R", 4 ], [ "R", 4 ], [ "R", 10 ], [ "R", 29 ], [ "R", 4 ], [ "R", 7 ], [ "R", 1 ], [ "R", 29 ], [ "R", 10 ], [ "R", 10 ], [ "R", 10 ], [ "R", 10 ], [ "R", 29 ], [ "R", 10 ], [ "R", 10 ], [ "R", 28 ], [ "R", 28 ], [ "R", 28 ], [ "R", 29 ], [ "R", 10 ], [ "R", 24 ], [ "R", 24 ], [ "R", 19 ], [ "R", 24 ], [ "R", 28 ], [ "R", 19 ], [ "R", 10 ], [ "R", 29 ], [ "R", 23 ], [ "R", 23 ], [ "R", 23 ], [ "R", 4 ], [ "R", 23 ], [ "R", 8 ], [ "R", 8 ] ]
    } ]
  },
  "RaffleModeratorController.list" : {
    "t" : [ {
      "id" : 0,
      "a" : [ [ "R", 10 ], [ "R", 29 ], [ "R", 21 ], [ "R", 21 ] ]
    } ]
  },
  "CreditCardUserController.save" : {
    "t" : [ {
      "id" : 0,
      "a" : [ [ "R", 10 ], [ "R", 10 ], [ "R", 28 ], [ "R", 28 ], [ "R", 28 ], [ "R", 29 ], [ "R", 1 ], [ "R", 1 ], [ "W", 9 ], [ "R", 10 ], [ "R", 10 ], [ "R", 9 ], [ "R", 10 ], [ "W", 10 ], [ "R", 9 ], [ "R", 28 ], [ "W", 9 ], [ "W", 28 ], [ "R", 10 ], [ "R", 10 ], [ "R", 28 ], [ "R", 28 ], [ "R", 28 ], [ "R", 29 ], [ "W", 9 ], [ "W", 28 ], [ "R", 10 ], [ "R", 10 ], [ "R", 27 ], [ "R", 27 ], [ "R", 27 ], [ "R", 9 ], [ "R", 27 ], [ "R", 9 ], [ "R", 10 ], [ "R", 24 ], [ "R", 24 ], [ "R", 24 ], [ "R", 9 ], [ "R", 10 ], [ "R", 29 ], [ "R", 9 ], [ "R", 28 ], [ "R", 1 ], [ "R", 29 ], [ "R", 10 ], [ "R", 10 ], [ "R", 10 ], [ "R", 10 ], [ "R", 9 ], [ "R", 9 ], [ "R", 9 ], [ "W", 9 ], [ "R", 10 ], [ "R", 10 ], [ "R", 27 ], [ "R", 27 ], [ "R", 27 ], [ "R", 9 ], [ "R", 27 ], [ "R", 9 ], [ "R", 10 ], [ "R", 24 ], [ "R", 24 ], [ "R", 24 ], [ "R", 9 ] ]
    } ]
  },
  "UserAdministratorController.purchaseLessTickets" : {
    "t" : [ {
      "id" : 0,
      "a" : [ [ "R", 10 ], [ "R", 29 ], [ "R", 28 ], [ "R", 28 ], [ "R", 27 ], [ "R", 27 ], [ "R", 27 ], [ "R", 28 ], [ "R", 28 ], [ "R", 28 ], [ "R", 27 ], [ "R", 27 ], [ "R", 27 ], [ "R", 28 ], [ "R", 28 ], [ "R", 28 ], [ "R", 15 ], [ "R", 15 ], [ "R", 15 ], [ "R", 15 ], [ "R", 15 ], [ "R", 15 ], [ "R", 15 ], [ "R", 15 ], [ "R", 15 ], [ "R", 15 ], [ "R", 15 ], [ "R", 15 ], [ "R", 15 ], [ "R", 15 ], [ "R", 15 ], [ "R", 15 ], [ "R", 15 ], [ "R", 15 ] ]
    } ]
  },
  "GrouponModeratorController.delete" : {
    "t" : [ {
      "id" : 0,
      "a" : [ [ "R", 12 ], [ "R", 10 ], [ "R", 12 ], [ "R", 10 ], [ "R", 29 ], [ "R", 10 ], [ "R", 18 ], [ "R", 18 ], [ "R", 18 ], [ "R", 12 ], [ "R", 10 ], [ "R", 29 ], [ "W", 18 ], [ "R", 12 ], [ "R", 28 ], [ "R", 28 ], [ "W", 28 ], [ "W", 28 ], [ "W", 12 ] ]
    } ]
  },
  "EvaluationController.display" : {
    "t" : [ {
      "id" : 0,
      "a" : [ [ "R", 11 ] ]
    } ]
  },
  "CommentModeratorController.delete" : {
    "t" : [ {
      "id" : 0,
      "a" : [ [ "R", 10 ], [ "R", 10 ], [ "R", 10 ], [ "R", 28 ], [ "R", 28 ], [ "R", 28 ], [ "R", 29 ], [ "R", 6 ], [ "R", 4 ], [ "R", 10 ], [ "R", 4 ], [ "R", 6 ], [ "R", 6 ], [ "R", 6 ], [ "R", 6 ], [ "R", 10 ], [ "R", 6 ], [ "W", 6 ], [ "W", 6 ], [ "W", 6 ], [ "W", 28 ], [ "W", 6 ], [ "W", 4 ], [ "R", 6 ], [ "R", 28 ], [ "R", 10 ], [ "R", 24 ], [ "R", 24 ], [ "R", 19 ], [ "R", 24 ], [ "R", 28 ], [ "W", 6 ], [ "R", 10 ], [ "R", 6 ], [ "R", 10 ], [ "W", 10 ], [ "R", 6 ], [ "R", 28 ], [ "W", 6 ], [ "W", 28 ], [ "R", 6 ], [ "R", 4 ], [ "W", 6 ], [ "W", 4 ], [ "R", 6 ], [ "R", 6 ], [ "W", 6 ], [ "W", 6 ], [ "R", 6 ], [ "R", 4 ], [ "R", 10 ], [ "R", 29 ], [ "R", 10 ], [ "R", 6 ], [ "R", 6 ], [ "R", 6 ], [ "R", 6 ], [ "R", 6 ], [ "R", 28 ], [ "R", 28 ], [ "W", 28 ], [ "W", 28 ], [ "R", 10 ], [ "R", 6 ], [ "R", 6 ], [ "R", 6 ], [ "R", 6 ], [ "R", 10 ], [ "R", 6 ], [ "W", 6 ] ]
    } ]
  },
  "CategoryModeratorController.edit" : {
    "t" : [ {
      "id" : 0,
      "a" : [ [ "R", 5 ], [ "R", 10 ] ]
    } ]
  },
  "CategoryCompanyController.createBargain" : {
    "t" : [ {
      "id" : 0,
      "a" : [ [ "R", 5 ], [ "R", 5 ] ]
    } ]
  },
  "TermConditionController.display" : {
    "t" : [ {
      "id" : 0,
      "a" : [ [ "R", 14 ], [ "R", 14 ], [ "R", 14 ], [ "R", 14 ], [ "R", 14 ], [ "R", 14 ], [ "R", 14 ], [ "R", 14 ], [ "R", 14 ], [ "R", 14 ], [ "R", 14 ], [ "R", 14 ], [ "R", 14 ], [ "R", 14 ], [ "R", 14 ], [ "R", 14 ] ]
    } ]
  },
  "WelcomeController.index" : {
    "t" : [ {
      "id" : 0,
      "a" : [ [ "R", 21 ], [ "R", 21 ], [ "R", 21 ], [ "R", 21 ], [ "R", 10 ], [ "R", 29 ], [ "R", 4 ], [ "R", 4 ], [ "R", 4 ], [ "R", 23 ], [ "R", 23 ], [ "R", 23 ], [ "R", 4 ], [ "R", 4 ], [ "R", 4 ], [ "R", 4 ], [ "R", 4 ], [ "R", 5 ], [ "R", 5 ], [ "R", 4 ], [ "R", 5 ], [ "R", 4 ], [ "R", 5 ], [ "R", 4 ], [ "R", 5 ], [ "R", 26 ], [ "R", 26 ], [ "R", 4 ], [ "R", 26 ], [ "R", 4 ], [ "R", 26 ], [ "R", 4 ], [ "R", 26 ], [ "R", 10 ], [ "R", 29 ], [ "R", 10 ], [ "R", 10 ], [ "R", 7 ], [ "R", 7 ], [ "R", 7 ], [ "R", 29 ], [ "R", 10 ], [ "R", 4 ], [ "R", 4 ], [ "R", 4 ], [ "R", 4 ], [ "R", 7 ], [ "R", 23 ], [ "R", 23 ], [ "R", 23 ], [ "R", 4 ], [ "R", 4 ], [ "R", 10 ], [ "R", 4 ], [ "R", 4 ], [ "R", 4 ], [ "R", 4 ], [ "R", 7 ], [ "R", 10 ], [ "R", 5 ], [ "R", 5 ], [ "R", 4 ], [ "R", 5 ], [ "R", 4 ], [ "R", 5 ], [ "R", 4 ], [ "R", 5 ], [ "R", 4 ], [ "R", 7 ], [ "R", 5 ], [ "R", 10 ], [ "R", 26 ], [ "R", 26 ], [ "R", 4 ], [ "R", 26 ], [ "R", 4 ], [ "R", 26 ], [ "R", 4 ], [ "R", 26 ], [ "R", 4 ], [ "R", 7 ], [ "R", 26 ], [ "R", 10 ], [ "R", 29 ], [ "R", 10 ], [ "R", 10 ], [ "R", 28 ], [ "R", 28 ], [ "R", 28 ], [ "R", 29 ], [ "R", 10 ], [ "R", 24 ], [ "R", 24 ], [ "R", 19 ], [ "R", 24 ], [ "R", 28 ], [ "R", 19 ], [ "R", 4 ], [ "R", 4 ], [ "R", 23 ], [ "R", 23 ], [ "R", 23 ], [ "R", 4 ], [ "R", 4 ], [ "R", 4 ], [ "R", 4 ], [ "R", 5 ], [ "R", 5 ], [ "R", 4 ], [ "R", 5 ], [ "R", 4 ], [ "R", 5 ], [ "R", 26 ], [ "R", 26 ], [ "R", 4 ], [ "R", 26 ], [ "R", 4 ], [ "R", 26 ], [ "R", 19 ], [ "R", 4 ], [ "R", 4 ], [ "R", 4 ], [ "R", 23 ], [ "R", 23 ], [ "R", 23 ], [ "R", 4 ], [ "R", 4 ], [ "R", 4 ], [ "R", 4 ], [ "R", 4 ], [ "R", 5 ], [ "R", 5 ], [ "R", 4 ], [ "R", 5 ], [ "R", 4 ], [ "R", 5 ], [ "R", 4 ], [ "R", 5 ], [ "R", 26 ], [ "R", 26 ], [ "R", 4 ], [ "R", 26 ], [ "R", 4 ], [ "R", 26 ], [ "R", 4 ], [ "R", 26 ], [ "R", 10 ], [ "R", 29 ], [ "R", 10 ], [ "R", 29 ], [ "R", 4 ], [ "R", 4 ], [ "R", 23 ], [ "R", 23 ], [ "R", 23 ], [ "R", 4 ], [ "R", 4 ], [ "R", 4 ], [ "R", 4 ], [ "R", 5 ], [ "R", 5 ], [ "R", 4 ], [ "R", 5 ], [ "R", 4 ], [ "R", 5 ], [ "R", 26 ], [ "R", 26 ], [ "R", 4 ], [ "R", 26 ], [ "R", 4 ], [ "R", 26 ], [ "R", 10 ], [ "R", 29 ], [ "R", 10 ], [ "R", 10 ], [ "R", 28 ], [ "R", 28 ], [ "R", 28 ], [ "R", 29 ], [ "R", 10 ], [ "R", 24 ], [ "R", 24 ], [ "R", 19 ], [ "R", 24 ], [ "R", 28 ], [ "R", 10 ], [ "R", 29 ], [ "R", 8 ], [ "R", 8 ] ]
    } ]
  },
  "SponsorshipSponsorController.save" : {
    "t" : [ {
      "id" : 0,
      "a" : [ [ "R", 10 ], [ "R", 10 ], [ "R", 10 ], [ "R", 22 ], [ "R", 22 ], [ "R", 22 ], [ "R", 29 ], [ "W", 23 ], [ "W", 22 ], [ "R", 23 ], [ "R", 4 ], [ "R", 10 ], [ "R", 10 ], [ "R", 22 ], [ "R", 22 ], [ "R", 22 ], [ "R", 29 ], [ "W", 23 ], [ "W", 22 ], [ "W", 23 ], [ "W", 4 ], [ "R", 10 ], [ "W", 10 ], [ "R", 10 ], [ "R", 23 ], [ "R", 10 ], [ "W", 10 ], [ "R", 23 ], [ "R", 22 ], [ "W", 23 ], [ "W", 22 ], [ "R", 23 ], [ "R", 4 ], [ "W", 23 ], [ "W", 4 ], [ "R", 10 ], [ "R", 10 ], [ "R", 10 ], [ "R", 22 ], [ "R", 22 ], [ "R", 22 ], [ "R", 29 ], [ "R", 23 ], [ "R", 22 ], [ "R", 23 ], [ "R", 22 ], [ "R", 10 ], [ "R", 10 ], [ "R", 10 ], [ "R", 23 ], [ "R", 4 ], [ "R", 10 ], [ "R", 10 ], [ "R", 10 ], [ "R", 22 ], [ "R", 22 ], [ "R", 22 ], [ "R", 29 ], [ "R", 10 ], [ "R", 23 ], [ "R", 23 ], [ "R", 23 ], [ "R", 22 ], [ "R", 23 ], [ "R", 4 ], [ "R", 10 ], [ "R", 10 ], [ "R", 23 ], [ "R", 4 ], [ "R", 10 ], [ "R", 10 ], [ "R", 23 ], [ "R", 23 ], [ "R", 23 ], [ "R", 4 ], [ "R", 23 ], [ "R", 23 ], [ "R", 4 ], [ "R", 4 ], [ "R", 23 ], [ "R", 4 ], [ "W", 4 ], [ "R", 4 ], [ "R", 23 ], [ "R", 4 ], [ "W", 4 ], [ "W", 4 ], [ "W", 23 ], [ "R", 10 ] ]
    } ]
  },
  "GrouponUserController.delete" : {
    "t" : [ {
      "id" : 0,
      "a" : [ [ "R", 10 ], [ "R", 12 ], [ "R", 10 ], [ "R", 10 ], [ "R", 12 ], [ "R", 28 ], [ "R", 1 ], [ "R", 29 ], [ "R", 10 ], [ "R", 10 ], [ "R", 18 ], [ "R", 18 ], [ "R", 18 ], [ "R", 12 ], [ "R", 10 ], [ "R", 10 ], [ "R", 18 ], [ "R", 12 ], [ "R", 12 ], [ "R", 28 ], [ "R", 1 ], [ "R", 29 ], [ "R", 10 ], [ "W", 18 ], [ "W", 12 ], [ "R", 10 ], [ "R", 10 ], [ "R", 10 ], [ "R", 18 ], [ "R", 18 ], [ "R", 18 ], [ "R", 12 ], [ "R", 12 ] ]
    } ]
  },
  "BargainCompanyController.removeCategory" : {
    "t" : [ {
      "id" : 0,
      "a" : [ [ "R", 4 ], [ "R", 5 ], [ "R", 5 ], [ "R", 5 ], [ "R", 5 ], [ "R", 10 ], [ "R", 5 ], [ "R", 5 ], [ "R", 4 ], [ "R", 5 ], [ "R", 5 ], [ "R", 4 ], [ "R", 5 ], [ "R", 4 ], [ "R", 4 ], [ "R", 7 ], [ "R", 1 ], [ "R", 29 ], [ "R", 10 ], [ "R", 10 ], [ "R", 10 ], [ "R", 5 ], [ "R", 5 ], [ "R", 4 ], [ "R", 5 ], [ "R", 4 ], [ "R", 5 ], [ "R", 4 ], [ "W", 5 ] ]
    } ]
  },
  "EvaluationModeratorController.list" : {
    "t" : [ {
      "id" : 0,
      "a" : [ [ "R", 10 ], [ "R", 29 ], [ "R", 11 ], [ "R", 11 ] ]
    } ]
  },
  "BargainCompanyController.edit" : {
    "t" : [ {
      "id" : 0,
      "a" : [ [ "R", 10 ], [ "R", 10 ], [ "R", 7 ], [ "R", 7 ], [ "R", 7 ], [ "R", 29 ], [ "R", 4 ], [ "R", 4 ], [ "R", 7 ], [ "R", 10 ], [ "R", 10 ], [ "R", 10 ], [ "R", 10 ], [ "R", 26 ], [ "R", 26 ], [ "R", 4 ], [ "R", 26 ], [ "R", 26 ], [ "R", 4 ], [ "R", 26 ], [ "R", 10 ], [ "R", 10 ], [ "R", 4 ], [ "R", 4 ] ]
    } ]
  },
  "BargainController.list" : {
    "t" : [ {
      "id" : 0,
      "a" : [ [ "R", 10 ], [ "R", 29 ], [ "R", 4 ], [ "R", 4 ], [ "R", 4 ], [ "R", 23 ], [ "R", 23 ], [ "R", 23 ], [ "R", 4 ], [ "R", 4 ], [ "R", 4 ], [ "R", 4 ], [ "R", 4 ], [ "R", 5 ], [ "R", 5 ], [ "R", 4 ], [ "R", 5 ], [ "R", 4 ], [ "R", 5 ], [ "R", 4 ], [ "R", 5 ], [ "R", 26 ], [ "R", 26 ], [ "R", 4 ], [ "R", 26 ], [ "R", 4 ], [ "R", 26 ], [ "R", 4 ], [ "R", 26 ], [ "R", 10 ], [ "R", 29 ], [ "R", 10 ], [ "R", 10 ], [ "R", 7 ], [ "R", 7 ], [ "R", 7 ], [ "R", 29 ], [ "R", 10 ], [ "R", 4 ], [ "R", 4 ], [ "R", 4 ], [ "R", 4 ], [ "R", 7 ], [ "R", 23 ], [ "R", 23 ], [ "R", 23 ], [ "R", 4 ], [ "R", 4 ], [ "R", 10 ], [ "R", 4 ], [ "R", 4 ], [ "R", 4 ], [ "R", 4 ], [ "R", 7 ], [ "R", 10 ], [ "R", 5 ], [ "R", 5 ], [ "R", 4 ], [ "R", 5 ], [ "R", 4 ], [ "R", 5 ], [ "R", 4 ], [ "R", 5 ], [ "R", 4 ], [ "R", 7 ], [ "R", 5 ], [ "R", 10 ], [ "R", 26 ], [ "R", 26 ], [ "R", 4 ], [ "R", 26 ], [ "R", 4 ], [ "R", 26 ], [ "R", 4 ], [ "R", 26 ], [ "R", 4 ], [ "R", 7 ], [ "R", 26 ], [ "R", 10 ], [ "R", 29 ], [ "R", 10 ], [ "R", 10 ], [ "R", 28 ], [ "R", 28 ], [ "R", 28 ], [ "R", 29 ], [ "R", 10 ], [ "R", 24 ], [ "R", 24 ], [ "R", 19 ], [ "R", 24 ], [ "R", 28 ], [ "R", 19 ], [ "R", 4 ], [ "R", 4 ], [ "R", 23 ], [ "R", 23 ], [ "R", 23 ], [ "R", 4 ], [ "R", 4 ], [ "R", 4 ], [ "R", 4 ], [ "R", 5 ], [ "R", 5 ], [ "R", 4 ], [ "R", 5 ], [ "R", 4 ], [ "R", 5 ], [ "R", 26 ], [ "R", 26 ], [ "R", 4 ], [ "R", 26 ], [ "R", 4 ], [ "R", 26 ], [ "R", 19 ], [ "R", 4 ], [ "R", 4 ], [ "R", 4 ], [ "R", 23 ], [ "R", 23 ], [ "R", 23 ], [ "R", 4 ], [ "R", 4 ], [ "R", 4 ], [ "R", 4 ], [ "R", 4 ], [ "R", 5 ], [ "R", 5 ], [ "R", 4 ], [ "R", 5 ], [ "R", 4 ], [ "R", 5 ], [ "R", 4 ], [ "R", 5 ], [ "R", 26 ], [ "R", 26 ], [ "R", 4 ], [ "R", 26 ], [ "R", 4 ], [ "R", 26 ], [ "R", 4 ], [ "R", 26 ], [ "R", 10 ], [ "R", 29 ], [ "R", 10 ], [ "R", 29 ], [ "R", 4 ], [ "R", 4 ], [ "R", 23 ], [ "R", 23 ], [ "R", 23 ], [ "R", 4 ], [ "R", 4 ], [ "R", 4 ], [ "R", 4 ], [ "R", 5 ], [ "R", 5 ], [ "R", 4 ], [ "R", 5 ], [ "R", 4 ], [ "R", 5 ], [ "R", 26 ], [ "R", 26 ], [ "R", 4 ], [ "R", 26 ], [ "R", 4 ], [ "R", 26 ], [ "R", 10 ], [ "R", 29 ], [ "R", 10 ], [ "R", 29 ], [ "R", 10 ], [ "R", 10 ], [ "R", 28 ], [ "R", 28 ], [ "R", 28 ], [ "R", 29 ], [ "R", 10 ], [ "R", 24 ], [ "R", 24 ], [ "R", 19 ], [ "R", 24 ], [ "R", 28 ] ]
    } ]
  },
  "EvaluationUserController.edit" : {
    "t" : [ {
      "id" : 0,
      "a" : [ [ "R", 11 ], [ "R", 10 ], [ "R", 10 ], [ "R", 10 ], [ "R", 28 ], [ "R", 28 ], [ "R", 28 ], [ "R", 29 ], [ "R", 11 ], [ "R", 28 ], [ "R", 10 ], [ "R", 10 ], [ "R", 10 ] ]
    } ]
  },
  "SurveyController.edit" : {
    "t" : [ {
      "id" : 0,
      "a" : [ [ "R", 25 ], [ "R", 1 ], [ "R", 25 ], [ "R", 1 ], [ "R", 29 ], [ "R", 10 ], [ "R", 10 ], [ "R", 10 ], [ "R", 10 ], [ "R", 25 ], [ "R", 10 ], [ "R", 1 ], [ "R", 25 ], [ "R", 10 ], [ "R", 20 ], [ "R", 20 ], [ "R", 20 ], [ "R", 25 ], [ "R", 20 ], [ "R", 10 ], [ "R", 3 ], [ "R", 3 ], [ "R", 3 ], [ "R", 20 ], [ "R", 10 ], [ "R", 20 ], [ "R", 1 ], [ "R", 25 ] ]
    } ]
  },
  "GrouponUserController.edit" : {
    "t" : [ {
      "id" : 0,
      "a" : [ [ "R", 12 ], [ "R", 10 ], [ "R", 10 ], [ "R", 12 ], [ "R", 28 ], [ "R", 1 ], [ "R", 29 ], [ "R", 10 ], [ "R", 10 ], [ "R", 10 ], [ "R", 10 ], [ "R", 18 ], [ "R", 18 ], [ "R", 18 ], [ "R", 12 ], [ "R", 12 ] ]
    } ]
  },
  "RaffleCompanyController.delete" : {
    "t" : [ {
      "id" : 0,
      "a" : [ [ "R", 10 ], [ "R", 21 ], [ "R", 10 ], [ "R", 27 ], [ "R", 27 ], [ "R", 27 ], [ "R", 21 ], [ "R", 10 ], [ "R", 29 ], [ "R", 10 ], [ "R", 29 ], [ "R", 21 ], [ "R", 7 ], [ "R", 1 ], [ "R", 29 ], [ "R", 10 ], [ "R", 10 ], [ "R", 10 ], [ "R", 10 ], [ "R", 10 ], [ "R", 27 ], [ "R", 27 ], [ "R", 27 ], [ "R", 21 ], [ "R", 10 ], [ "R", 29 ], [ "W", 27 ], [ "W", 21 ], [ "R", 10 ], [ "R", 10 ], [ "R", 27 ], [ "R", 27 ], [ "R", 27 ], [ "R", 21 ] ]
    } ]
  },
  "UserController.display" : {
    "t" : [ {
      "id" : 0,
      "a" : [ [ "R", 28 ], [ "R", 28 ], [ "R", 15 ], [ "R", 15 ], [ "R", 15 ], [ "R", 15 ], [ "R", 15 ], [ "R", 15 ], [ "R", 15 ], [ "R", 15 ], [ "R", 15 ], [ "R", 15 ], [ "R", 15 ], [ "R", 15 ], [ "R", 15 ], [ "R", 15 ], [ "R", 15 ], [ "R", 15 ], [ "R", 15 ], [ "R", 15 ] ]
    } ]
  },
  "UserAdministratorController.moreAverageCharacterLenght" : {
    "t" : [ {
      "id" : 0,
      "a" : [ [ "R", 10 ], [ "R", 29 ], [ "R", 28 ], [ "R", 28 ], [ "R", 11 ], [ "R", 11 ], [ "R", 11 ], [ "R", 28 ], [ "R", 28 ], [ "R", 28 ], [ "R", 11 ], [ "R", 11 ], [ "R", 11 ], [ "R", 28 ], [ "R", 28 ], [ "R", 28 ], [ "R", 15 ], [ "R", 15 ], [ "R", 15 ], [ "R", 15 ], [ "R", 15 ], [ "R", 15 ], [ "R", 15 ], [ "R", 15 ], [ "R", 15 ], [ "R", 15 ], [ "R", 15 ], [ "R", 15 ], [ "R", 15 ], [ "R", 15 ], [ "R", 15 ], [ "R", 15 ], [ "R", 15 ], [ "R", 15 ] ]
    } ]
  },
  "BargainCompanyController.create" : {
    "t" : [ {
      "id" : 0,
      "a" : [ [ "R", 10 ], [ "R", 10 ], [ "R", 7 ], [ "R", 7 ], [ "R", 7 ], [ "R", 29 ], [ "W", 4 ], [ "W", 7 ], [ "R", 10 ], [ "R", 10 ], [ "R", 4 ], [ "R", 4 ] ]
    } ]
  },
  "UserModeratorController.list" : {
    "t" : [ {
      "id" : 0,
      "a" : [ [ "R", 28 ], [ "R", 28 ], [ "R", 28 ], [ "R", 28 ], [ "R", 15 ], [ "R", 15 ], [ "R", 15 ], [ "R", 15 ], [ "R", 15 ], [ "R", 15 ], [ "R", 15 ], [ "R", 15 ], [ "R", 15 ], [ "R", 15 ], [ "R", 15 ], [ "R", 15 ], [ "R", 15 ], [ "R", 15 ], [ "R", 15 ], [ "R", 15 ], [ "R", 15 ], [ "R", 15 ] ]
    } ]
  },
  "SubscriptionUserController.delete" : {
    "t" : [ {
      "id" : 0,
      "a" : [ [ "R", 10 ], [ "R", 24 ], [ "R", 10 ], [ "R", 10 ], [ "R", 24 ], [ "R", 28 ], [ "R", 1 ], [ "R", 29 ], [ "R", 10 ], [ "W", 24 ], [ "R", 10 ], [ "R", 10 ], [ "R", 10 ], [ "R", 29 ], [ "R", 10 ], [ "R", 10 ], [ "R", 9 ], [ "R", 9 ], [ "R", 9 ], [ "R", 28 ], [ "R", 29 ], [ "R", 9 ], [ "R", 9 ], [ "R", 9 ], [ "R", 10 ], [ "R", 24 ], [ "R", 9 ] ]
    } ]
  },
  "CreditCardUserController.create" : {
    "t" : [ {
      "id" : 0,
      "a" : [ [ "R", 10 ], [ "R", 10 ], [ "R", 28 ], [ "R", 28 ], [ "R", 28 ], [ "R", 29 ], [ "W", 9 ], [ "W", 28 ], [ "R", 10 ], [ "R", 10 ], [ "R", 27 ], [ "R", 27 ], [ "R", 27 ], [ "R", 9 ], [ "R", 27 ], [ "R", 9 ], [ "R", 10 ], [ "R", 24 ], [ "R", 24 ], [ "R", 24 ], [ "R", 9 ] ]
    } ]
  },
  "CompanyAdministratorController.writerOfMorePercentage5" : {
    "t" : [ {
      "id" : 0,
      "a" : [ [ "R", 10 ], [ "R", 29 ], [ "R", 7 ], [ "R", 7 ], [ "R", 25 ], [ "R", 25 ], [ "R", 25 ], [ "R", 25 ], [ "R", 25 ], [ "R", 25 ], [ "R", 7 ] ]
    } ]
  },
  "SponsorshipSponsorController.delete" : {
    "t" : [ {
      "id" : 0,
      "a" : [ [ "R", 10 ], [ "R", 23 ], [ "R", 10 ], [ "R", 10 ], [ "R", 22 ], [ "R", 22 ], [ "R", 22 ], [ "R", 29 ], [ "R", 23 ], [ "R", 22 ], [ "R", 10 ], [ "R", 10 ], [ "R", 10 ], [ "R", 23 ], [ "R", 4 ], [ "R", 10 ], [ "R", 10 ], [ "R", 23 ], [ "R", 23 ], [ "R", 23 ], [ "R", 4 ], [ "R", 23 ], [ "R", 23 ], [ "R", 4 ], [ "R", 4 ], [ "R", 4 ], [ "W", 4 ], [ "R", 4 ], [ "W", 4 ], [ "W", 4 ], [ "W", 23 ], [ "R", 10 ] ]
    } ]
  },
  "CommentController.display" : {
    "t" : [ {
      "id" : 0,
      "a" : [ [ "R", 6 ], [ "R", 6 ], [ "R", 4 ], [ "R", 10 ], [ "R", 4 ], [ "R", 4 ], [ "R", 10 ], [ "R", 29 ], [ "R", 4 ], [ "R", 7 ], [ "R", 1 ], [ "R", 29 ], [ "R", 10 ], [ "R", 10 ], [ "R", 10 ], [ "R", 10 ], [ "R", 29 ], [ "R", 10 ], [ "R", 10 ], [ "R", 28 ], [ "R", 28 ], [ "R", 28 ], [ "R", 29 ], [ "R", 10 ], [ "R", 24 ], [ "R", 24 ], [ "R", 19 ], [ "R", 24 ], [ "R", 28 ], [ "R", 19 ], [ "R", 10 ], [ "R", 29 ], [ "R", 10 ], [ "R", 6 ], [ "R", 6 ], [ "R", 6 ], [ "R", 6 ], [ "R", 6 ], [ "R", 28 ], [ "R", 10 ], [ "R", 24 ], [ "R", 24 ], [ "R", 19 ], [ "R", 24 ], [ "R", 28 ], [ "R", 6 ], [ "R", 28 ], [ "R", 10 ], [ "R", 24 ], [ "R", 24 ], [ "R", 19 ], [ "R", 24 ], [ "R", 28 ], [ "R", 8 ], [ "R", 8 ], [ "R", 6 ] ]
    } ]
  },
  "BargainController.display" : {
    "t" : [ {
      "id" : 0,
      "a" : [ [ "R", 4 ], [ "R", 4 ], [ "R", 10 ], [ "R", 29 ], [ "R", 4 ], [ "R", 7 ], [ "R", 1 ], [ "R", 29 ], [ "R", 10 ], [ "R", 10 ], [ "R", 10 ], [ "R", 10 ], [ "R", 29 ], [ "R", 10 ], [ "R", 10 ], [ "R", 28 ], [ "R", 28 ], [ "R", 28 ], [ "R", 29 ], [ "R", 10 ], [ "R", 24 ], [ "R", 24 ], [ "R", 19 ], [ "R", 24 ], [ "R", 28 ], [ "R", 19 ], [ "R", 10 ], [ "R", 29 ], [ "R", 10 ], [ "R", 23 ], [ "R", 23 ], [ "R", 23 ], [ "R", 4 ], [ "R", 23 ], [ "R", 23 ], [ "R", 26 ], [ "R", 26 ], [ "R", 4 ], [ "R", 26 ], [ "R", 26 ], [ "R", 4 ], [ "R", 26 ], [ "R", 10 ], [ "R", 29 ], [ "R", 10 ], [ "R", 10 ], [ "R", 28 ], [ "R", 28 ], [ "R", 28 ], [ "R", 29 ], [ "R", 10 ], [ "R", 24 ], [ "R", 24 ], [ "R", 19 ], [ "R", 24 ], [ "R", 28 ], [ "R", 28 ], [ "R", 4 ], [ "R", 6 ], [ "R", 6 ], [ "R", 6 ], [ "R", 6 ], [ "R", 6 ], [ "R", 4 ], [ "R", 6 ], [ "R", 28 ], [ "R", 10 ], [ "R", 24 ], [ "R", 24 ], [ "R", 19 ], [ "R", 24 ], [ "R", 28 ], [ "R", 4 ], [ "R", 8 ], [ "R", 8 ] ]
    } ]
  },
  "BargainModeratorController.create" : {
    "t" : [ {
      "id" : 0,
      "a" : [ [ "R", 4 ], [ "R", 10 ], [ "R", 4 ], [ "R", 4 ], [ "R", 7 ], [ "R", 1 ], [ "R", 29 ], [ "R", 10 ], [ "R", 10 ], [ "R", 10 ], [ "R", 10 ], [ "R", 10 ], [ "R", 29 ], [ "R", 10 ], [ "R", 26 ], [ "R", 26 ], [ "R", 4 ], [ "R", 26 ], [ "R", 26 ], [ "R", 4 ], [ "R", 26 ], [ "R", 26 ], [ "R", 4 ], [ "R", 10 ], [ "R", 29 ], [ "R", 29 ], [ "W", 26 ], [ "R", 26 ], [ "R", 4 ], [ "W", 26 ], [ "W", 4 ], [ "R", 10 ], [ "R", 29 ], [ "R", 10 ], [ "R", 29 ], [ "W", 26 ], [ "R", 10 ], [ "R", 6 ], [ "R", 6 ], [ "R", 6 ], [ "R", 4 ], [ "R", 10 ], [ "R", 6 ], [ "R", 6 ], [ "R", 6 ], [ "R", 4 ], [ "R", 10 ], [ "R", 6 ], [ "R", 10 ], [ "R", 29 ], [ "R", 10 ], [ "R", 29 ], [ "R", 10 ], [ "R", 29 ], [ "R", 10 ], [ "R", 29 ], [ "R", 10 ], [ "R", 10 ], [ "R", 28 ], [ "R", 28 ], [ "R", 28 ], [ "R", 29 ], [ "R", 6 ], [ "R", 28 ], [ "R", 10 ], [ "R", 10 ], [ "R", 10 ], [ "R", 10 ], [ "R", 6 ], [ "R", 6 ], [ "R", 6 ], [ "R", 6 ], [ "R", 10 ], [ "R", 6 ], [ "R", 6 ], [ "R", 6 ], [ "R", 6 ], [ "R", 10 ], [ "R", 29 ], [ "R", 10 ], [ "R", 6 ], [ "R", 6 ], [ "R", 6 ], [ "R", 6 ], [ "R", 10 ], [ "R", 6 ], [ "R", 6 ], [ "R", 6 ], [ "R", 6 ], [ "R", 10 ], [ "R", 6 ], [ "W", 6 ], [ "R", 10 ], [ "R", 6 ], [ "R", 6 ], [ "R", 6 ], [ "R", 6 ], [ "R", 10 ], [ "R", 6 ], [ "R", 6 ], [ "R", 6 ], [ "R", 6 ], [ "R", 10 ], [ "R", 6 ], [ "W", 6 ], [ "R", 10 ], [ "R", 29 ], [ "R", 4 ], [ "R", 7 ], [ "R", 1 ], [ "R", 29 ], [ "R", 10 ], [ "R", 10 ], [ "R", 10 ], [ "R", 10 ], [ "R", 10 ], [ "R", 28 ], [ "R", 28 ], [ "R", 4 ], [ "R", 28 ], [ "R", 28 ], [ "R", 4 ], [ "R", 28 ], [ "R", 4 ], [ "W", 28 ], [ "R", 10 ], [ "R", 23 ], [ "R", 23 ], [ "R", 23 ], [ "R", 4 ], [ "W", 23 ], [ "R", 10 ], [ "R", 5 ], [ "R", 5 ], [ "R", 4 ], [ "R", 5 ], [ "R", 5 ], [ "R", 4 ], [ "R", 5 ], [ "R", 4 ], [ "W", 5 ], [ "W", 4 ], [ "W", 5 ], [ "W", 4 ] ]
    } ]
  }
}