{
  "TvShowProducerController.addSave" : {
    "t" : [ {
      "id" : 0,
      "a" : [ [ "R", 25 ], [ "R", 3 ], [ "R", 19 ], [ "R", 10 ], [ "R", 10 ], [ "R", 19 ], [ "R", 19 ], [ "R", 19 ], [ "R", 27 ], [ "R", 10 ], [ "R", 10 ], [ "R", 10 ], [ "R", 6 ], [ "R", 7 ], [ "R", 6 ], [ "W", 7 ], [ "W", 6 ], [ "W", 25 ] ]
    } ]
  },
  "OrderUserController.list" : {
    "t" : [ {
      "id" : 0,
      "a" : [ [ "R", 10 ], [ "R", 10 ], [ "R", 1 ], [ "R", 1 ], [ "R", 1 ], [ "R", 27 ], [ "R", 1 ], [ "R", 27 ], [ "R", 27 ], [ "R", 10 ], [ "R", 10 ], [ "R", 1 ], [ "R", 1 ], [ "R", 1 ], [ "R", 27 ], [ "R", 1 ], [ "R", 27 ], [ "R", 27 ], [ "R", 10 ], [ "R", 10 ], [ "R", 26 ], [ "R", 26 ], [ "R", 26 ], [ "R", 27 ], [ "R", 10 ], [ "R", 18 ], [ "R", 18 ], [ "R", 18 ], [ "R", 26 ], [ "R", 18 ], [ "R", 10 ], [ "R", 18 ], [ "R", 18 ], [ "R", 18 ], [ "R", 26 ], [ "R", 18 ], [ "R", 18 ], [ "R", 10 ], [ "R", 18 ], [ "R", 18 ], [ "R", 18 ], [ "R", 26 ], [ "R", 18 ], [ "R", 18 ], [ "R", 10 ], [ "R", 18 ], [ "R", 18 ], [ "R", 18 ], [ "R", 26 ], [ "R", 18 ], [ "R", 18 ], [ "R", 10 ], [ "R", 10 ], [ "R", 1 ], [ "R", 1 ], [ "R", 1 ], [ "R", 27 ], [ "R", 1 ], [ "R", 27 ], [ "R", 27 ], [ "R", 10 ], [ "R", 10 ], [ "R", 1 ], [ "R", 1 ], [ "R", 1 ], [ "R", 27 ], [ "R", 1 ], [ "R", 27 ], [ "R", 27 ], [ "R", 18 ], [ "R", 18 ], [ "R", 18 ], [ "R", 18 ], [ "R", 18 ], [ "R", 18 ], [ "R", 18 ], [ "R", 18 ], [ "R", 18 ], [ "R", 18 ], [ "R", 18 ], [ "R", 18 ], [ "R", 18 ], [ "R", 18 ], [ "R", 18 ] ]
    } ]
  },
  "UserController.save" : {
    "t" : [ {
      "id" : 0,
      "a" : [ [ "W", 1 ], [ "W", 1 ], [ "W", 1 ], [ "W", 1 ], [ "W", 1 ], [ "W", 27 ], [ "W", 1 ], [ "W", 27 ], [ "R", 27 ], [ "R", 10 ], [ "R", 1 ], [ "R", 27 ], [ "R", 27 ], [ "R", 1 ], [ "R", 27 ], [ "W", 27 ], [ "W", 26 ] ]
    } ]
  },
  "ProducerAdministratorController.list" : {
    "t" : [ {
      "id" : 0,
      "a" : [ [ "R", 19 ] ]
    } ]
  },
  "ReviewCriticController.delete" : {
    "t" : [ {
      "id" : 0,
      "a" : [ [ "R", 10 ], [ "R", 10 ], [ "R", 9 ], [ "R", 9 ], [ "R", 9 ], [ "R", 27 ], [ "R", 10 ], [ "R", 21 ], [ "R", 10 ], [ "R", 10 ], [ "R", 9 ], [ "R", 9 ], [ "R", 9 ], [ "R", 27 ], [ "R", 21 ], [ "R", 9 ], [ "R", 10 ], [ "R", 10 ], [ "W", 21 ] ]
    } ]
  },
  "ReviewController.list" : {
    "t" : [ {
      "id" : 0,
      "a" : [ [ "R", 21 ], [ "R", 21 ], [ "R", 21 ], [ "R", 7 ], [ "R", 21 ] ]
    } ]
  },
  "ShippingAddressController.save" : {
    "t" : [ {
      "id" : 0,
      "a" : [ [ "R", 10 ], [ "R", 10 ], [ "R", 10 ], [ "R", 26 ], [ "R", 26 ], [ "R", 26 ], [ "R", 27 ], [ "W", 23 ], [ "W", 26 ], [ "R", 10 ], [ "R", 10 ], [ "R", 1 ], [ "R", 1 ], [ "R", 1 ], [ "R", 27 ], [ "R", 1 ], [ "R", 27 ], [ "R", 27 ], [ "W", 23 ] ]
    } ]
  },
  "SocialIdentityController.edit" : {
    "t" : [ {
      "id" : 0,
      "a" : [ [ "R", 24 ], [ "R", 10 ], [ "R", 10 ], [ "R", 26 ], [ "R", 26 ], [ "R", 26 ], [ "R", 27 ], [ "R", 24 ], [ "R", 26 ], [ "R", 10 ], [ "R", 10 ], [ "R", 24 ] ]
    } ]
  },
  "ShippingAddressController.create" : {
    "t" : [ {
      "id" : 0,
      "a" : [ [ "R", 10 ], [ "R", 10 ], [ "R", 1 ], [ "R", 1 ], [ "R", 1 ], [ "R", 27 ], [ "R", 1 ], [ "R", 27 ], [ "R", 27 ], [ "R", 10 ], [ "R", 10 ], [ "R", 26 ], [ "R", 26 ], [ "R", 26 ], [ "R", 27 ], [ "R", 1 ], [ "W", 23 ], [ "R", 1 ], [ "W", 23 ], [ "R", 1 ], [ "W", 23 ], [ "R", 1 ], [ "W", 23 ] ]
    } ]
  },
  "CriticCriticController.edit" : {
    "t" : [ {
      "id" : 0,
      "a" : [ [ "R", 10 ], [ "R", 10 ], [ "R", 9 ], [ "R", 9 ], [ "R", 9 ], [ "R", 27 ] ]
    } ]
  },
  "ProducerProducerController.save" : {
    "t" : [ {
      "id" : 0,
      "a" : [ [ "R", 10 ], [ "R", 10 ], [ "R", 19 ], [ "R", 19 ], [ "R", 19 ], [ "R", 27 ], [ "R", 1 ], [ "W", 1 ], [ "R", 1 ], [ "W", 1 ], [ "R", 1 ], [ "W", 1 ], [ "R", 19 ], [ "W", 19 ], [ "R", 1 ], [ "R", 27 ], [ "W", 1 ], [ "W", 27 ], [ "R", 1 ], [ "R", 8 ], [ "W", 1 ], [ "W", 8 ], [ "R", 10 ], [ "R", 1 ], [ "R", 27 ], [ "R", 27 ], [ "R", 1 ], [ "R", 27 ], [ "R", 1 ], [ "R", 27 ], [ "R", 27 ], [ "W", 27 ], [ "W", 19 ] ]
    } ]
  },
  "ProducerAdministratorController.save" : {
    "t" : [ {
      "id" : 0,
      "a" : [ [ "W", 10 ], [ "W", 10 ], [ "W", 1 ], [ "W", 1 ], [ "W", 1 ], [ "W", 1 ], [ "W", 1 ], [ "W", 19 ], [ "W", 1 ], [ "W", 8 ], [ "W", 1 ], [ "W", 27 ], [ "R", 1 ], [ "R", 27 ], [ "R", 27 ], [ "R", 27 ], [ "R", 1 ], [ "R", 27 ], [ "R", 27 ], [ "R", 10 ], [ "R", 1 ], [ "R", 27 ], [ "R", 27 ], [ "R", 1 ], [ "R", 27 ], [ "R", 1 ], [ "R", 27 ], [ "R", 27 ], [ "W", 27 ], [ "W", 19 ] ]
    } ]
  },
  "SeasonProducerController.save" : {
    "t" : [ {
      "id" : 0,
      "a" : [ [ "R", 10 ], [ "R", 10 ], [ "R", 22 ], [ "R", 10 ], [ "R", 10 ], [ "R", 19 ], [ "R", 19 ], [ "R", 19 ], [ "R", 27 ], [ "R", 22 ], [ "R", 25 ], [ "R", 3 ], [ "R", 19 ], [ "R", 10 ], [ "R", 10 ], [ "R", 10 ], [ "W", 10 ], [ "R", 22 ], [ "R", 25 ], [ "W", 22 ], [ "W", 25 ], [ "R", 10 ], [ "R", 10 ], [ "R", 19 ], [ "R", 19 ], [ "R", 19 ], [ "R", 27 ], [ "R", 22 ], [ "R", 25 ], [ "R", 3 ], [ "R", 19 ], [ "R", 10 ], [ "R", 10 ], [ "R", 22 ], [ "R", 25 ], [ "R", 10 ], [ "W", 22 ], [ "R", 22 ], [ "R", 25 ], [ "R", 10 ], [ "R", 22 ], [ "R", 25 ], [ "R", 10 ] ]
    } ]
  },
  "CinematicEntityController.display" : {
    "t" : [ {
      "id" : 0,
      "a" : [ [ "R", 6 ], [ "R", 7 ], [ "R", 7 ], [ "R", 6 ], [ "R", 7 ], [ "R", 7 ], [ "R", 6 ] ]
    } ]
  },
  "ContentController.search" : {
    "t" : [ {
      "id" : 0,
      "a" : [ [ "R", 7 ], [ "R", 7 ], [ "R", 7 ] ]
    } ]
  },
  "TvShowProducerController.add" : {
    "t" : [ {
      "id" : 0,
      "a" : [ [ "R", 6 ], [ "R", 25 ], [ "R", 3 ], [ "R", 19 ], [ "R", 10 ], [ "R", 10 ], [ "R", 19 ], [ "R", 19 ], [ "R", 19 ], [ "R", 27 ], [ "R", 10 ], [ "R", 10 ], [ "R", 10 ], [ "R", 7 ], [ "R", 6 ], [ "R", 10 ], [ "R", 6 ] ]
    } ]
  },
  "ReviewCriticController.savePublish" : {
    "t" : [ {
      "id" : 0,
      "a" : [ [ "R", 10 ], [ "R", 10 ], [ "R", 21 ], [ "R", 10 ], [ "R", 10 ], [ "R", 9 ], [ "R", 9 ], [ "R", 9 ], [ "R", 27 ], [ "R", 21 ], [ "R", 9 ], [ "R", 10 ], [ "R", 10 ], [ "R", 21 ], [ "R", 7 ], [ "W", 21 ], [ "W", 7 ], [ "R", 21 ], [ "R", 9 ], [ "W", 21 ], [ "W", 9 ], [ "R", 10 ], [ "R", 10 ], [ "R", 9 ], [ "R", 9 ], [ "R", 9 ], [ "R", 27 ], [ "R", 7 ], [ "W", 21 ], [ "W", 7 ], [ "W", 21 ], [ "W", 9 ], [ "W", 21 ], [ "R", 10 ], [ "R", 10 ], [ "R", 9 ], [ "R", 9 ], [ "R", 9 ], [ "R", 27 ], [ "R", 21 ], [ "R", 9 ], [ "R", 10 ], [ "R", 10 ], [ "W", 21 ] ]
    } ]
  },
  "ProductProducerController.edit" : {
    "t" : [ {
      "id" : 0,
      "a" : [ [ "R", 20 ] ]
    } ]
  },
  "ShippingAddressController.display" : {
    "t" : [ {
      "id" : 0,
      "a" : [ [ "R", 23 ], [ "R", 10 ], [ "R", 10 ], [ "R", 26 ], [ "R", 26 ], [ "R", 26 ], [ "R", 27 ], [ "R", 23 ], [ "R", 26 ], [ "R", 10 ], [ "R", 10 ], [ "R", 10 ] ]
    } ]
  },
  "CampaignProducerController.create" : {
    "t" : [ {
      "id" : 0,
      "a" : [ [ "R", 10 ], [ "R", 10 ], [ "R", 19 ], [ "R", 19 ], [ "R", 19 ], [ "R", 27 ], [ "R", 10 ], [ "R", 10 ], [ "R", 1 ], [ "R", 1 ], [ "R", 1 ], [ "R", 27 ], [ "R", 1 ], [ "R", 27 ], [ "R", 27 ], [ "R", 10 ], [ "R", 10 ], [ "R", 19 ], [ "R", 19 ], [ "R", 19 ], [ "R", 27 ], [ "R", 1 ], [ "R", 8 ], [ "R", 1 ], [ "R", 8 ], [ "R", 8 ], [ "R", 8 ], [ "R", 8 ], [ "R", 1 ], [ "R", 8 ] ]
    } ]
  },
  "MessageEntityController.display" : {
    "t" : [ {
      "id" : 0,
      "a" : [ [ "R", 10 ], [ "R", 10 ], [ "R", 1 ], [ "R", 1 ], [ "R", 1 ], [ "R", 27 ], [ "R", 1 ], [ "R", 27 ], [ "R", 27 ], [ "R", 10 ], [ "R", 10 ], [ "R", 1 ], [ "R", 1 ], [ "R", 1 ], [ "R", 27 ], [ "R", 1 ], [ "R", 27 ], [ "R", 27 ], [ "R", 15 ], [ "R", 10 ], [ "R", 10 ], [ "R", 1 ], [ "R", 1 ], [ "R", 1 ], [ "R", 27 ], [ "R", 15 ] ]
    } ]
  },
  "FeeAdministratorController.edit" : {
    "t" : [ {
      "id" : 0,
      "a" : [ [ "R", 11 ] ]
    } ]
  },
  "MessageEntityController.create" : {
    "t" : [ {
      "id" : 0,
      "a" : [ [ "R", 10 ], [ "R", 10 ], [ "R", 1 ], [ "R", 1 ], [ "R", 1 ], [ "R", 27 ], [ "R", 1 ], [ "R", 27 ], [ "R", 27 ], [ "R", 10 ], [ "R", 10 ], [ "R", 1 ], [ "R", 1 ], [ "R", 1 ], [ "R", 27 ], [ "R", 1 ], [ "R", 27 ], [ "R", 27 ], [ "R", 10 ], [ "R", 10 ], [ "R", 1 ], [ "R", 1 ], [ "R", 1 ], [ "R", 27 ], [ "R", 1 ], [ "R", 10 ], [ "R", 10 ], [ "R", 1 ], [ "R", 1 ], [ "R", 1 ], [ "R", 27 ], [ "R", 1 ], [ "R", 27 ], [ "R", 27 ], [ "R", 10 ], [ "R", 10 ], [ "R", 1 ], [ "R", 1 ], [ "R", 1 ], [ "R", 27 ], [ "R", 1 ], [ "R", 27 ], [ "R", 27 ], [ "R", 10 ], [ "R", 10 ], [ "R", 10 ], [ "W", 15 ], [ "W", 1 ], [ "W", 15 ], [ "W", 1 ], [ "W", 15 ], [ "W", 15 ] ]
    } ]
  },
  "CreditCardController.save" : {
    "t" : [ {
      "id" : 0,
      "a" : [ [ "R", 10 ], [ "R", 10 ], [ "R", 1 ], [ "R", 1 ], [ "R", 1 ], [ "R", 27 ], [ "R", 1 ], [ "R", 27 ], [ "R", 27 ], [ "R", 10 ], [ "R", 10 ], [ "R", 1 ], [ "R", 1 ], [ "R", 1 ], [ "R", 27 ], [ "R", 1 ], [ "R", 27 ], [ "R", 27 ], [ "R", 10 ], [ "R", 10 ], [ "R", 1 ], [ "R", 1 ], [ "R", 1 ], [ "R", 27 ], [ "R", 10 ], [ "R", 1 ], [ "R", 8 ], [ "R", 10 ], [ "R", 10 ], [ "R", 1 ], [ "R", 8 ], [ "R", 10 ], [ "R", 8 ], [ "R", 8 ], [ "R", 8 ], [ "R", 8 ], [ "R", 10 ], [ "R", 10 ], [ "R", 1 ], [ "R", 1 ], [ "R", 1 ], [ "R", 27 ], [ "R", 1 ], [ "R", 27 ], [ "R", 27 ], [ "R", 10 ], [ "R", 10 ], [ "R", 1 ], [ "R", 1 ], [ "R", 1 ], [ "R", 27 ], [ "R", 1 ], [ "R", 27 ], [ "R", 27 ], [ "R", 10 ], [ "R", 10 ], [ "R", 1 ], [ "R", 1 ], [ "R", 1 ], [ "R", 27 ], [ "R", 8 ], [ "W", 8 ], [ "W", 8 ], [ "R", 10 ], [ "W", 1 ], [ "W", 8 ], [ "R", 10 ], [ "R", 1 ], [ "R", 27 ], [ "R", 27 ], [ "R", 1 ], [ "R", 27 ], [ "W", 27 ], [ "W", 1 ] ]
    } ]
  },
  "ReviewCriticController.listMyReviews" : {
    "t" : [ {
      "id" : 0,
      "a" : [ [ "R", 10 ], [ "R", 10 ], [ "R", 9 ], [ "R", 9 ], [ "R", 9 ], [ "R", 27 ], [ "R", 10 ], [ "R", 21 ], [ "R", 21 ], [ "R", 21 ], [ "R", 9 ] ]
    } ]
  },
  "DashboardAdministratorController.dashboard" : {
    "t" : [ {
      "id" : 0,
      "a" : [ [ "R", 19 ], [ "R", 19 ], [ "R", 16 ], [ "R", 16 ], [ "R", 19 ], [ "R", 16 ], [ "R", 19 ], [ "R", 7 ], [ "R", 7 ], [ "R", 19 ], [ "R", 7 ], [ "R", 7 ], [ "R", 7 ], [ "R", 19 ], [ "R", 7 ], [ "R", 7 ], [ "R", 7 ], [ "R", 19 ], [ "R", 19 ], [ "R", 7 ], [ "R", 7 ], [ "R", 7 ], [ "R", 19 ], [ "R", 7 ], [ "R", 7 ], [ "R", 7 ], [ "R", 19 ], [ "R", 7 ], [ "R", 16 ], [ "R", 16 ], [ "R", 12 ], [ "R", 16 ], [ "R", 16 ], [ "R", 12 ], [ "R", 16 ], [ "R", 12 ], [ "R", 25 ], [ "R", 25 ], [ "R", 12 ], [ "R", 25 ], [ "R", 25 ], [ "R", 12 ], [ "R", 25 ], [ "R", 12 ], [ "R", 13 ], [ "R", 13 ], [ "R", 13 ], [ "R", 13 ], [ "R", 13 ], [ "R", 13 ], [ "R", 13 ], [ "R", 13 ], [ "R", 13 ], [ "R", 18 ], [ "R", 18 ], [ "R", 18 ], [ "R", 18 ], [ "R", 23 ], [ "R", 23 ], [ "R", 26 ], [ "R", 26 ], [ "R", 26 ], [ "R", 26 ], [ "R", 18 ], [ "R", 18 ], [ "R", 26 ], [ "R", 18 ], [ "R", 26 ], [ "R", 18 ], [ "R", 18 ], [ "R", 26 ], [ "R", 18 ], [ "R", 18 ], [ "R", 26 ], [ "R", 18 ], [ "R", 18 ], [ "R", 18 ], [ "R", 26 ], [ "R", 26 ], [ "R", 18 ], [ "R", 18 ], [ "R", 26 ], [ "R", 18 ], [ "R", 18 ], [ "R", 26 ], [ "R", 18 ], [ "R", 18 ], [ "R", 18 ], [ "R", 18 ], [ "R", 18 ], [ "R", 18 ], [ "R", 18 ], [ "R", 18 ], [ "R", 18 ], [ "R", 18 ], [ "R", 18 ], [ "R", 18 ], [ "R", 18 ], [ "R", 18 ], [ "R", 18 ], [ "R", 18 ], [ "R", 9 ], [ "R", 9 ], [ "R", 21 ], [ "R", 21 ], [ "R", 9 ], [ "R", 21 ], [ "R", 9 ], [ "R", 21 ], [ "R", 21 ], [ "R", 9 ], [ "R", 21 ], [ "R", 21 ], [ "R", 9 ], [ "R", 21 ], [ "R", 21 ], [ "R", 21 ], [ "R", 9 ], [ "R", 9 ], [ "R", 21 ], [ "R", 21 ], [ "R", 9 ], [ "R", 21 ], [ "R", 21 ], [ "R", 9 ], [ "R", 21 ], [ "R", 21 ], [ "R", 21 ], [ "R", 7 ], [ "R", 21 ], [ "R", 21 ], [ "R", 21 ], [ "R", 7 ], [ "R", 21 ], [ "R", 21 ], [ "R", 7 ], [ "R", 21 ], [ "R", 7 ], [ "R", 21 ], [ "R", 21 ], [ "R", 7 ], [ "R", 21 ], [ "R", 21 ], [ "R", 21 ], [ "R", 7 ], [ "R", 21 ], [ "R", 21 ], [ "R", 7 ], [ "R", 21 ], [ "R", 7 ], [ "R", 5 ], [ "R", 5 ], [ "R", 22 ], [ "R", 22 ], [ "R", 5 ], [ "R", 5 ], [ "R", 22 ], [ "R", 5 ], [ "R", 5 ], [ "R", 22 ], [ "R", 5 ], [ "R", 22 ], [ "R", 22 ], [ "R", 25 ], [ "R", 25 ], [ "R", 22 ], [ "R", 22 ], [ "R", 25 ], [ "R", 22 ], [ "R", 22 ], [ "R", 25 ], [ "R", 22 ] ]
    } ]
  },
  "LikeUserUserController.delete" : {
    "t" : [ {
      "id" : 0,
      "a" : [ [ "R", 10 ], [ "R", 14 ], [ "R", 10 ], [ "R", 10 ], [ "R", 26 ], [ "R", 26 ], [ "R", 26 ], [ "R", 27 ], [ "R", 14 ], [ "R", 26 ], [ "R", 10 ], [ "R", 10 ], [ "R", 10 ], [ "W", 14 ] ]
    } ]
  },
  "OrderUserAdministratorController.markCancel" : {
    "t" : [ {
      "id" : 0,
      "a" : [ [ "R", 18 ], [ "R", 10 ], [ "R", 10 ], [ "R", 1 ], [ "R", 1 ], [ "R", 1 ], [ "R", 27 ], [ "R", 1 ], [ "R", 27 ], [ "R", 27 ], [ "R", 18 ], [ "W", 18 ], [ "R", 10 ], [ "R", 10 ], [ "R", 1 ], [ "R", 1 ], [ "R", 1 ], [ "R", 27 ], [ "R", 1 ], [ "R", 27 ], [ "R", 27 ], [ "R", 10 ], [ "R", 10 ], [ "R", 1 ], [ "R", 1 ], [ "R", 1 ], [ "R", 27 ], [ "R", 1 ], [ "R", 27 ], [ "R", 27 ], [ "W", 18 ] ]
    } ]
  },
  "ChapterProducerController.edit" : {
    "t" : [ {
      "id" : 0,
      "a" : [ [ "R", 5 ], [ "R", 10 ], [ "R", 10 ], [ "R", 19 ], [ "R", 19 ], [ "R", 19 ], [ "R", 27 ], [ "R", 5 ], [ "R", 22 ], [ "R", 22 ], [ "R", 25 ], [ "R", 3 ], [ "R", 19 ], [ "R", 10 ], [ "R", 10 ] ]
    } ]
  },
  "UserController.list" : {
    "t" : [ {
      "id" : 0,
      "a" : [ [ "R", 26 ], [ "R", 10 ], [ "R", 10 ], [ "R", 1 ], [ "R", 1 ], [ "R", 1 ], [ "R", 27 ], [ "R", 1 ], [ "R", 27 ], [ "R", 27 ], [ "R", 10 ], [ "R", 10 ], [ "R", 26 ], [ "R", 26 ], [ "R", 26 ], [ "R", 27 ] ]
    } ]
  },
  "LikeUserUserController.edit" : {
    "t" : [ {
      "id" : 0,
      "a" : [ [ "R", 14 ] ]
    } ]
  },
  "ContentController.display" : {
    "t" : [ {
      "id" : 0,
      "a" : [ [ "R", 7 ], [ "R", 7 ], [ "R", 7 ], [ "R", 10 ], [ "R", 10 ], [ "R", 1 ], [ "R", 1 ], [ "R", 1 ], [ "R", 27 ], [ "R", 10 ], [ "R", 10 ], [ "R", 22 ], [ "R", 22 ], [ "R", 25 ], [ "R", 22 ], [ "R", 22 ], [ "R", 25 ] ]
    } ]
  },
  "ProducerAdministratorController.create" : {
    "t" : [ {
      "id" : 0,
      "a" : [ [ "R", 10 ], [ "R", 10 ], [ "R", 1 ], [ "R", 1 ], [ "R", 1 ], [ "R", 27 ], [ "R", 1 ], [ "R", 27 ], [ "R", 27 ], [ "W", 27 ], [ "W", 27 ], [ "W", 27 ], [ "W", 1 ], [ "W", 27 ], [ "R", 1 ], [ "R", 27 ], [ "R", 27 ], [ "R", 27 ], [ "R", 10 ], [ "R", 10 ], [ "R", 1 ], [ "R", 1 ], [ "R", 1 ], [ "R", 1 ], [ "R", 1 ], [ "R", 19 ], [ "R", 1 ], [ "R", 8 ], [ "R", 1 ], [ "R", 27 ] ]
    } ]
  },
  "CinematicEntityController.list" : {
    "t" : [ {
      "id" : 0,
      "a" : [ [ "R", 10 ], [ "R", 10 ], [ "R", 1 ], [ "R", 1 ], [ "R", 1 ], [ "R", 27 ], [ "R", 1 ], [ "R", 27 ], [ "R", 27 ], [ "R", 10 ], [ "R", 10 ], [ "R", 26 ], [ "R", 26 ], [ "R", 26 ], [ "R", 27 ], [ "R", 10 ], [ "R", 14 ], [ "R", 14 ], [ "R", 14 ], [ "R", 26 ], [ "R", 6 ] ]
    } ]
  },
  "TvShowProducerController.save" : {
    "t" : [ {
      "id" : 0,
      "a" : [ [ "W", 10 ], [ "W", 7 ], [ "W", 7 ], [ "W", 7 ], [ "W", 7 ], [ "R", 10 ], [ "R", 10 ], [ "R", 19 ], [ "R", 19 ], [ "R", 19 ], [ "R", 27 ], [ "W", 3 ], [ "W", 19 ], [ "R", 12 ], [ "R", 12 ], [ "R", 12 ], [ "W", 7 ], [ "W", 12 ], [ "W", 7 ], [ "W", 6 ], [ "R", 10 ], [ "R", 25 ], [ "R", 10 ], [ "W", 10 ], [ "R", 7 ], [ "W", 7 ], [ "R", 7 ], [ "R", 6 ], [ "W", 7 ], [ "W", 6 ], [ "R", 7 ], [ "W", 25 ] ]
    } ]
  },
  "CinematicEntityController.save" : {
    "t" : [ {
      "id" : 0,
      "a" : [ [ "R", 10 ], [ "R", 10 ], [ "R", 1 ], [ "R", 1 ], [ "R", 1 ], [ "R", 27 ], [ "R", 1 ], [ "R", 27 ], [ "R", 27 ], [ "W", 6 ] ]
    } ]
  },
  "OrderUserController.save" : {
    "t" : [ {
      "id" : 0,
      "a" : [ [ "R", 10 ], [ "R", 10 ], [ "R", 1 ], [ "R", 1 ], [ "R", 1 ], [ "R", 27 ], [ "R", 1 ], [ "R", 27 ], [ "R", 27 ], [ "R", 10 ], [ "R", 10 ], [ "R", 1 ], [ "R", 1 ], [ "R", 1 ], [ "R", 27 ], [ "R", 1 ], [ "R", 27 ], [ "R", 27 ], [ "R", 10 ], [ "R", 10 ], [ "R", 26 ], [ "R", 26 ], [ "R", 26 ], [ "R", 27 ], [ "R", 10 ], [ "R", 18 ], [ "R", 18 ], [ "R", 18 ], [ "R", 26 ], [ "R", 18 ], [ "R", 10 ], [ "R", 10 ], [ "R", 1 ], [ "R", 1 ], [ "R", 1 ], [ "R", 27 ], [ "R", 1 ], [ "R", 27 ], [ "R", 27 ], [ "R", 10 ], [ "R", 10 ], [ "R", 26 ], [ "R", 26 ], [ "R", 26 ], [ "R", 27 ], [ "W", 18 ], [ "W", 18 ], [ "W", 26 ], [ "W", 18 ], [ "W", 18 ], [ "W", 18 ], [ "W", 17 ], [ "R", 10 ], [ "R", 10 ], [ "R", 1 ], [ "R", 1 ], [ "R", 1 ], [ "R", 27 ], [ "R", 1 ], [ "R", 27 ], [ "R", 27 ], [ "R", 10 ], [ "R", 10 ], [ "R", 26 ], [ "R", 26 ], [ "R", 26 ], [ "R", 27 ], [ "R", 10 ], [ "R", 23 ], [ "R", 23 ], [ "R", 23 ], [ "R", 26 ], [ "R", 10 ], [ "R", 10 ], [ "R", 18 ], [ "R", 23 ], [ "R", 18 ], [ "R", 17 ], [ "W", 18 ], [ "W", 17 ], [ "R", 18 ], [ "W", 18 ], [ "R", 18 ], [ "R", 26 ], [ "W", 18 ], [ "W", 26 ], [ "R", 10 ], [ "R", 10 ], [ "R", 1 ], [ "R", 1 ], [ "R", 1 ], [ "R", 27 ], [ "R", 1 ], [ "R", 27 ], [ "R", 27 ], [ "R", 10 ], [ "R", 10 ], [ "R", 26 ], [ "R", 26 ], [ "R", 26 ], [ "R", 27 ], [ "R", 10 ], [ "R", 23 ], [ "R", 23 ], [ "R", 23 ], [ "R", 26 ], [ "R", 10 ], [ "R", 10 ], [ "R", 1 ], [ "R", 1 ], [ "R", 1 ], [ "R", 27 ], [ "R", 1 ], [ "R", 27 ], [ "R", 27 ], [ "R", 10 ], [ "R", 10 ], [ "R", 1 ], [ "R", 1 ], [ "R", 1 ], [ "R", 27 ], [ "R", 10 ], [ "R", 1 ], [ "R", 1 ], [ "R", 8 ], [ "R", 1 ], [ "R", 8 ], [ "R", 8 ], [ "R", 8 ], [ "R", 18 ], [ "R", 17 ], [ "R", 17 ], [ "R", 17 ], [ "R", 20 ], [ "R", 20 ], [ "R", 18 ], [ "R", 17 ], [ "R", 17 ], [ "R", 20 ], [ "R", 20 ], [ "R", 17 ], [ "W", 20 ], [ "R", 10 ], [ "R", 10 ], [ "R", 1 ], [ "R", 1 ], [ "R", 1 ], [ "R", 27 ], [ "R", 1 ], [ "R", 27 ], [ "R", 27 ], [ "R", 10 ], [ "R", 10 ], [ "R", 1 ], [ "R", 1 ], [ "R", 1 ], [ "R", 27 ], [ "R", 1 ], [ "R", 27 ], [ "R", 27 ], [ "R", 10 ], [ "R", 10 ], [ "R", 1 ], [ "R", 1 ], [ "R", 1 ], [ "R", 27 ], [ "R", 1 ], [ "R", 27 ], [ "R", 27 ], [ "R", 20 ], [ "R", 7 ], [ "R", 10 ], [ "R", 7 ], [ "R", 10 ], [ "R", 10 ], [ "R", 19 ], [ "R", 19 ], [ "R", 19 ], [ "R", 27 ], [ "R", 10 ], [ "R", 7 ], [ "R", 7 ], [ "R", 7 ], [ "R", 19 ], [ "W", 20 ], [ "W", 18 ], [ "W", 18 ], [ "R", 18 ], [ "R", 17 ], [ "R", 17 ], [ "R", 17 ], [ "R", 20 ], [ "R", 20 ], [ "W", 18 ], [ "R", 10 ], [ "R", 10 ], [ "R", 1 ], [ "R", 1 ], [ "R", 1 ], [ "R", 27 ], [ "R", 1 ], [ "R", 27 ], [ "R", 27 ], [ "R", 10 ], [ "R", 10 ], [ "R", 1 ], [ "R", 1 ], [ "R", 1 ], [ "R", 27 ], [ "R", 1 ], [ "R", 27 ], [ "R", 27 ], [ "W", 18 ], [ "R", 10 ], [ "R", 10 ] ]
    } ]
  },
  "ReviewCriticController.create" : {
    "t" : [ {
      "id" : 0,
      "a" : [ [ "R", 10 ], [ "R", 10 ], [ "R", 9 ], [ "R", 9 ], [ "R", 9 ], [ "R", 27 ], [ "R", 7 ], [ "W", 21 ], [ "W", 21 ], [ "W", 21 ], [ "W", 21 ] ]
    } ]
  },
  "ShippingAddressController.delete" : {
    "t" : [ {
      "id" : 0,
      "a" : [ [ "R", 23 ], [ "R", 10 ], [ "R", 10 ], [ "R", 26 ], [ "R", 26 ], [ "R", 26 ], [ "R", 27 ], [ "R", 23 ], [ "R", 26 ], [ "R", 10 ], [ "R", 10 ], [ "R", 10 ], [ "R", 10 ], [ "R", 10 ], [ "R", 1 ], [ "R", 1 ], [ "R", 1 ], [ "R", 27 ], [ "R", 1 ], [ "R", 27 ], [ "R", 27 ], [ "R", 10 ], [ "R", 23 ], [ "R", 10 ], [ "R", 10 ], [ "R", 26 ], [ "R", 26 ], [ "R", 26 ], [ "R", 27 ], [ "R", 23 ], [ "R", 26 ], [ "R", 10 ], [ "R", 10 ], [ "R", 10 ], [ "R", 10 ], [ "R", 10 ], [ "R", 10 ], [ "R", 1 ], [ "R", 1 ], [ "R", 1 ], [ "R", 27 ], [ "R", 1 ], [ "R", 27 ], [ "R", 27 ], [ "R", 18 ], [ "R", 18 ], [ "R", 18 ], [ "R", 23 ], [ "W", 18 ], [ "W", 23 ], [ "R", 10 ], [ "R", 10 ], [ "R", 1 ], [ "R", 1 ], [ "R", 1 ], [ "R", 27 ], [ "R", 1 ], [ "R", 27 ], [ "R", 27 ], [ "R", 10 ], [ "R", 10 ], [ "R", 1 ], [ "R", 1 ], [ "R", 1 ], [ "R", 27 ], [ "R", 1 ], [ "R", 27 ], [ "R", 27 ], [ "W", 18 ], [ "W", 23 ] ]
    } ]
  },
  "CreditCardController.display" : {
    "t" : [ {
      "id" : 0,
      "a" : [ [ "R", 10 ], [ "R", 10 ], [ "R", 1 ], [ "R", 1 ], [ "R", 1 ], [ "R", 27 ], [ "R", 10 ], [ "R", 1 ], [ "R", 1 ], [ "R", 8 ], [ "R", 1 ], [ "R", 8 ], [ "R", 8 ] ]
    } ]
  },
  "UserAccountController.save" : {
    "t" : [ {
      "id" : 0,
      "a" : [ [ "R", 10 ], [ "R", 10 ], [ "R", 1 ], [ "R", 1 ], [ "R", 1 ], [ "R", 27 ], [ "R", 1 ], [ "R", 27 ], [ "R", 27 ], [ "R", 10 ], [ "R", 10 ], [ "R", 1 ], [ "R", 1 ], [ "R", 1 ], [ "R", 27 ], [ "R", 1 ], [ "R", 27 ], [ "R", 27 ], [ "R", 10 ], [ "R", 10 ], [ "R", 1 ], [ "R", 1 ], [ "R", 1 ], [ "R", 27 ], [ "R", 1 ], [ "R", 27 ], [ "R", 27 ], [ "R", 10 ], [ "R", 10 ], [ "R", 1 ], [ "R", 1 ], [ "R", 1 ], [ "R", 27 ], [ "R", 1 ], [ "R", 27 ], [ "W", 27 ], [ "W", 27 ], [ "R", 10 ], [ "W", 10 ], [ "R", 10 ], [ "W", 10 ], [ "R", 27 ], [ "W", 27 ], [ "R", 27 ], [ "W", 27 ], [ "R", 27 ], [ "R", 27 ], [ "W", 27 ], [ "W", 27 ] ]
    } ]
  },
  "MovieProducerController.edit" : {
    "t" : [ {
      "id" : 0,
      "a" : [ [ "R", 16 ], [ "R", 3 ], [ "R", 19 ], [ "R", 10 ], [ "R", 10 ], [ "R", 19 ], [ "R", 19 ], [ "R", 19 ], [ "R", 27 ], [ "R", 10 ], [ "R", 10 ], [ "R", 10 ], [ "R", 10 ], [ "R", 7 ], [ "R", 7 ], [ "R", 7 ], [ "R", 7 ] ]
    } ]
  },
  "InvoiceProducerController.setPaid" : {
    "t" : [ {
      "id" : 0,
      "a" : [ [ "R", 13 ], [ "R", 10 ], [ "R", 10 ], [ "R", 19 ], [ "R", 19 ], [ "R", 19 ], [ "R", 27 ], [ "R", 1 ], [ "R", 8 ], [ "R", 8 ], [ "R", 8 ], [ "R", 8 ], [ "R", 10 ], [ "R", 8 ], [ "R", 8 ], [ "R", 8 ], [ "R", 10 ], [ "R", 10 ], [ "R", 1 ], [ "R", 1 ], [ "R", 1 ], [ "R", 27 ], [ "R", 1 ], [ "R", 27 ], [ "R", 27 ], [ "R", 13 ], [ "W", 13 ] ]
    } ]
  },
  "SeasonController.display" : {
    "t" : [ {
      "id" : 0,
      "a" : [ [ "R", 10 ], [ "R", 10 ], [ "R", 1 ], [ "R", 1 ], [ "R", 1 ], [ "R", 27 ], [ "R", 10 ], [ "R", 22 ], [ "R", 5 ], [ "R", 5 ], [ "R", 22 ], [ "R", 5 ], [ "R", 5 ], [ "R", 22 ] ]
    } ]
  },
  "SeasonProducerController.create" : {
    "t" : [ {
      "id" : 0,
      "a" : [ [ "R", 25 ], [ "R", 3 ], [ "R", 19 ], [ "R", 10 ], [ "R", 10 ], [ "R", 19 ], [ "R", 19 ], [ "R", 19 ], [ "R", 27 ], [ "R", 10 ], [ "R", 10 ], [ "R", 10 ], [ "W", 22 ], [ "W", 25 ], [ "R", 22 ], [ "R", 25 ], [ "R", 10 ] ]
    } ]
  },
  "MovieProducerController.addSave" : {
    "t" : [ {
      "id" : 0,
      "a" : [ [ "R", 16 ], [ "R", 3 ], [ "R", 19 ], [ "R", 10 ], [ "R", 10 ], [ "R", 19 ], [ "R", 19 ], [ "R", 19 ], [ "R", 27 ], [ "R", 10 ], [ "R", 10 ], [ "R", 10 ], [ "R", 6 ], [ "R", 7 ], [ "R", 6 ], [ "W", 7 ], [ "W", 6 ], [ "W", 16 ] ]
    } ]
  },
  "CriticAdministratorController.save" : {
    "t" : [ {
      "id" : 0,
      "a" : [ [ "W", 1 ], [ "W", 1 ], [ "W", 1 ], [ "W", 1 ], [ "W", 1 ], [ "W", 9 ], [ "W", 27 ], [ "W", 1 ], [ "W", 27 ], [ "R", 27 ], [ "R", 10 ], [ "R", 1 ], [ "R", 27 ], [ "R", 27 ], [ "R", 1 ], [ "R", 27 ], [ "R", 1 ], [ "R", 27 ], [ "R", 27 ], [ "W", 27 ], [ "W", 9 ] ]
    } ]
  },
  "OrderQuantityController.edit" : {
    "t" : [ {
      "id" : 0,
      "a" : [ [ "R", 17 ] ]
    } ]
  },
  "CampaignAdministratorController.list" : {
    "t" : [ {
      "id" : 0,
      "a" : [ [ "R", 4 ] ]
    } ]
  },
  "CriticCriticController.save" : {
    "t" : [ {
      "id" : 0,
      "a" : [ [ "R", 10 ], [ "R", 10 ], [ "R", 1 ], [ "R", 1 ], [ "R", 1 ], [ "R", 27 ], [ "R", 1 ], [ "R", 27 ], [ "R", 27 ], [ "R", 10 ], [ "R", 10 ], [ "R", 9 ], [ "R", 9 ], [ "R", 9 ], [ "R", 27 ], [ "R", 1 ], [ "R", 8 ], [ "W", 1 ], [ "W", 8 ], [ "R", 1 ], [ "R", 27 ], [ "W", 1 ], [ "W", 27 ], [ "R", 10 ], [ "R", 1 ], [ "R", 27 ], [ "R", 27 ], [ "R", 1 ], [ "R", 27 ], [ "R", 1 ], [ "R", 27 ], [ "R", 27 ], [ "W", 27 ], [ "W", 9 ] ]
    } ]
  },
  "FeeAdministratorController.list" : {
    "t" : [ {
      "id" : 0,
      "a" : [ [ "R", 11 ] ]
    } ]
  },
  "MovieProducerController.create" : {
    "t" : [ {
      "id" : 0,
      "a" : [ [ "R", 10 ], [ "R", 7 ], [ "R", 7 ], [ "R", 7 ], [ "R", 7 ] ]
    } ]
  },
  "InvoiceProducerController.list" : {
    "t" : [ {
      "id" : 0,
      "a" : [ [ "R", 10 ], [ "R", 10 ], [ "R", 19 ], [ "R", 19 ], [ "R", 19 ], [ "R", 27 ], [ "R", 10 ], [ "R", 13 ], [ "R", 13 ], [ "R", 4 ], [ "R", 13 ], [ "R", 13 ], [ "R", 4 ], [ "R", 19 ] ]
    } ]
  },
  "MessageEntityController.sendToAdmin" : {
    "t" : [ {
      "id" : 0,
      "a" : [ [ "R", 10 ], [ "R", 10 ], [ "R", 1 ], [ "R", 1 ], [ "R", 1 ], [ "R", 27 ], [ "R", 1 ], [ "R", 27 ], [ "R", 27 ], [ "R", 1 ], [ "R", 1 ], [ "R", 1 ], [ "R", 10 ], [ "R", 10 ], [ "R", 10 ], [ "R", 1 ], [ "R", 1 ], [ "R", 1 ], [ "R", 27 ], [ "R", 1 ], [ "R", 27 ], [ "R", 27 ], [ "R", 10 ], [ "R", 10 ], [ "R", 1 ], [ "R", 1 ], [ "R", 1 ], [ "R", 27 ], [ "R", 1 ], [ "R", 27 ], [ "R", 27 ], [ "R", 10 ], [ "R", 10 ], [ "R", 1 ], [ "R", 1 ], [ "R", 1 ], [ "R", 27 ], [ "R", 1 ], [ "R", 10 ], [ "R", 10 ], [ "R", 1 ], [ "R", 1 ], [ "R", 1 ], [ "R", 27 ], [ "R", 1 ], [ "R", 27 ], [ "R", 27 ], [ "R", 10 ], [ "R", 10 ], [ "R", 1 ], [ "R", 1 ], [ "R", 1 ], [ "R", 27 ], [ "R", 1 ], [ "R", 27 ], [ "R", 27 ], [ "R", 10 ], [ "R", 10 ], [ "R", 10 ], [ "W", 15 ], [ "W", 1 ], [ "W", 15 ], [ "W", 1 ], [ "W", 15 ], [ "W", 15 ] ]
    } ]
  },
  "SeasonProducerController.edit" : {
    "t" : [ {
      "id" : 0,
      "a" : [ [ "R", 22 ], [ "R", 10 ], [ "R", 10 ], [ "R", 19 ], [ "R", 19 ], [ "R", 19 ], [ "R", 27 ], [ "R", 22 ], [ "R", 25 ], [ "R", 3 ], [ "R", 19 ], [ "R", 10 ], [ "R", 10 ], [ "R", 22 ], [ "R", 25 ], [ "R", 10 ] ]
    } ]
  },
  "TvShowProducerController.create" : {
    "t" : [ {
      "id" : 0,
      "a" : [ [ "R", 10 ], [ "R", 7 ], [ "R", 7 ], [ "R", 7 ], [ "R", 7 ] ]
    } ]
  },
  "MessageEntityController.listReceived" : {
    "t" : [ {
      "id" : 0,
      "a" : [ [ "R", 10 ], [ "R", 10 ], [ "R", 1 ], [ "R", 1 ], [ "R", 1 ], [ "R", 27 ], [ "R", 1 ], [ "R", 27 ], [ "R", 27 ], [ "R", 10 ], [ "R", 10 ], [ "R", 1 ], [ "R", 1 ], [ "R", 1 ], [ "R", 27 ], [ "R", 1 ], [ "R", 27 ], [ "R", 27 ], [ "R", 10 ], [ "R", 10 ], [ "R", 1 ], [ "R", 1 ], [ "R", 1 ], [ "R", 27 ], [ "R", 10 ], [ "R", 15 ], [ "R", 15 ], [ "R", 15 ], [ "R", 15 ], [ "R", 1 ], [ "R", 10 ], [ "R", 10 ], [ "R", 1 ], [ "R", 1 ], [ "R", 1 ], [ "R", 27 ] ]
    } ]
  },
  "SocialIdentityController.create" : {
    "t" : [ {
      "id" : 0,
      "a" : [ [ "R", 10 ], [ "R", 10 ], [ "R", 26 ], [ "R", 26 ], [ "R", 26 ], [ "R", 27 ], [ "W", 24 ], [ "W", 26 ], [ "R", 24 ] ]
    } ]
  },
  "FeeAdministratorController.save" : {
    "t" : [ {
      "id" : 0,
      "a" : [ [ "R", 10 ], [ "R", 10 ], [ "R", 1 ], [ "R", 1 ], [ "R", 1 ], [ "R", 27 ], [ "R", 1 ], [ "R", 27 ], [ "R", 27 ], [ "W", 11 ] ]
    } ]
  },
  "InvoiceAdministratorController.list" : {
    "t" : [ {
      "id" : 0,
      "a" : [ [ "R", 13 ] ]
    } ]
  },
  "OrderUserAdministratorController.markSent" : {
    "t" : [ {
      "id" : 0,
      "a" : [ [ "R", 18 ], [ "R", 10 ], [ "R", 10 ], [ "R", 1 ], [ "R", 1 ], [ "R", 1 ], [ "R", 27 ], [ "R", 1 ], [ "R", 27 ], [ "R", 27 ], [ "R", 18 ], [ "W", 18 ], [ "R", 10 ], [ "R", 10 ], [ "R", 1 ], [ "R", 1 ], [ "R", 1 ], [ "R", 27 ], [ "R", 1 ], [ "R", 27 ], [ "R", 27 ], [ "R", 10 ], [ "R", 10 ], [ "R", 1 ], [ "R", 1 ], [ "R", 1 ], [ "R", 27 ], [ "R", 1 ], [ "R", 27 ], [ "R", 27 ], [ "W", 18 ] ]
    } ]
  },
  "CreditCardController.edit" : {
    "t" : [ {
      "id" : 0,
      "a" : [ [ "R", 10 ], [ "R", 10 ], [ "R", 1 ], [ "R", 1 ], [ "R", 1 ], [ "R", 27 ], [ "R", 8 ], [ "R", 10 ], [ "R", 10 ], [ "R", 1 ], [ "R", 1 ], [ "R", 1 ], [ "R", 27 ], [ "R", 10 ], [ "R", 1 ], [ "R", 1 ], [ "R", 8 ], [ "R", 1 ], [ "R", 10 ], [ "R", 10 ], [ "R", 10 ] ]
    } ]
  },
  "ContentController.list" : {
    "t" : [ {
      "id" : 0,
      "a" : [ [ "R", 10 ], [ "R", 10 ], [ "R", 1 ], [ "R", 1 ], [ "R", 1 ], [ "R", 27 ], [ "R", 1 ], [ "R", 27 ], [ "R", 27 ], [ "R", 10 ], [ "R", 10 ], [ "R", 26 ], [ "R", 26 ], [ "R", 26 ], [ "R", 27 ], [ "R", 10 ], [ "R", 14 ], [ "R", 14 ], [ "R", 14 ], [ "R", 26 ], [ "R", 7 ] ]
    } ]
  },
  "MovieProducerController.listProducer" : {
    "t" : [ {
      "id" : 0,
      "a" : [ [ "R", 10 ], [ "R", 10 ], [ "R", 19 ], [ "R", 19 ], [ "R", 19 ], [ "R", 27 ], [ "R", 10 ], [ "R", 16 ], [ "R", 16 ], [ "R", 16 ], [ "R", 19 ] ]
    } ]
  },
  "TvShowProducerController.listProducer" : {
    "t" : [ {
      "id" : 0,
      "a" : [ [ "R", 10 ], [ "R", 10 ], [ "R", 19 ], [ "R", 19 ], [ "R", 19 ], [ "R", 27 ], [ "R", 10 ], [ "R", 25 ], [ "R", 25 ], [ "R", 25 ], [ "R", 19 ] ]
    } ]
  },
  "ProductProducerController.create" : {
    "t" : [ {
      "id" : 0,
      "a" : [ [ "R", 7 ], [ "R", 10 ], [ "R", 10 ], [ "R", 19 ], [ "R", 19 ], [ "R", 19 ], [ "R", 27 ], [ "R", 10 ], [ "R", 7 ], [ "R", 7 ], [ "R", 7 ], [ "R", 19 ], [ "W", 20 ], [ "W", 20 ], [ "W", 20 ], [ "W", 20 ], [ "R", 20 ], [ "R", 20 ], [ "W", 20 ], [ "W", 20 ], [ "W", 7 ] ]
    } ]
  },
  "OrderUserController.finishOrder" : {
    "t" : [ {
      "id" : 0,
      "a" : [ [ "R", 10 ], [ "R", 10 ], [ "R", 1 ], [ "R", 1 ], [ "R", 1 ], [ "R", 27 ], [ "R", 10 ], [ "R", 1 ], [ "R", 1 ], [ "R", 8 ], [ "R", 1 ], [ "R", 8 ], [ "R", 8 ], [ "R", 8 ], [ "R", 10 ], [ "R", 10 ], [ "R", 1 ], [ "R", 1 ], [ "R", 1 ], [ "R", 27 ], [ "R", 1 ], [ "R", 27 ], [ "R", 27 ], [ "R", 10 ], [ "R", 10 ], [ "R", 26 ], [ "R", 26 ], [ "R", 26 ], [ "R", 27 ], [ "R", 10 ], [ "R", 18 ], [ "R", 18 ], [ "R", 18 ], [ "R", 26 ], [ "R", 18 ], [ "R", 10 ], [ "R", 10 ], [ "R", 1 ], [ "R", 1 ], [ "R", 1 ], [ "R", 27 ], [ "R", 1 ], [ "R", 27 ], [ "R", 27 ], [ "R", 10 ], [ "R", 10 ], [ "R", 26 ], [ "R", 26 ], [ "R", 26 ], [ "R", 27 ], [ "W", 18 ], [ "W", 18 ], [ "W", 26 ], [ "W", 18 ], [ "W", 18 ], [ "W", 18 ], [ "W", 17 ], [ "R", 10 ], [ "R", 10 ], [ "R", 1 ], [ "R", 1 ], [ "R", 1 ], [ "R", 27 ], [ "R", 1 ], [ "R", 27 ], [ "R", 27 ], [ "R", 10 ], [ "R", 10 ], [ "R", 26 ], [ "R", 26 ], [ "R", 26 ], [ "R", 27 ], [ "R", 10 ], [ "R", 23 ], [ "R", 23 ], [ "R", 23 ], [ "R", 26 ] ]
    } ]
  },
  "LikeUserUserController.listComments" : {
    "t" : [ {
      "id" : 0,
      "a" : [ [ "R", 10 ], [ "R", 10 ], [ "R", 26 ], [ "R", 26 ], [ "R", 26 ], [ "R", 27 ], [ "R", 10 ], [ "R", 14 ], [ "R", 14 ], [ "R", 14 ], [ "R", 26 ] ]
    } ]
  },
  "OrderUserController.removeProduct" : {
    "t" : [ {
      "id" : 0,
      "a" : [ [ "R", 10 ], [ "R", 10 ], [ "R", 1 ], [ "R", 1 ], [ "R", 1 ], [ "R", 27 ], [ "R", 1 ], [ "R", 27 ], [ "R", 27 ], [ "R", 10 ], [ "R", 10 ], [ "R", 1 ], [ "R", 1 ], [ "R", 1 ], [ "R", 27 ], [ "R", 1 ], [ "R", 27 ], [ "R", 27 ], [ "R", 10 ], [ "R", 10 ], [ "R", 26 ], [ "R", 26 ], [ "R", 26 ], [ "R", 27 ], [ "R", 10 ], [ "R", 18 ], [ "R", 18 ], [ "R", 18 ], [ "R", 26 ], [ "R", 18 ], [ "R", 10 ], [ "R", 10 ], [ "R", 1 ], [ "R", 1 ], [ "R", 1 ], [ "R", 27 ], [ "R", 1 ], [ "R", 27 ], [ "R", 27 ], [ "R", 10 ], [ "R", 10 ], [ "R", 26 ], [ "R", 26 ], [ "R", 26 ], [ "R", 27 ], [ "W", 18 ], [ "W", 18 ], [ "W", 26 ], [ "W", 18 ], [ "W", 18 ], [ "W", 18 ], [ "W", 17 ], [ "R", 17 ], [ "R", 18 ], [ "R", 17 ], [ "R", 18 ], [ "R", 17 ], [ "R", 18 ], [ "R", 17 ], [ "R", 17 ], [ "R", 17 ], [ "R", 20 ], [ "R", 20 ], [ "W", 18 ], [ "R", 10 ], [ "R", 10 ], [ "R", 1 ], [ "R", 1 ], [ "R", 1 ], [ "R", 27 ], [ "R", 1 ], [ "R", 27 ], [ "R", 27 ], [ "R", 10 ], [ "R", 10 ], [ "R", 1 ], [ "R", 1 ], [ "R", 1 ], [ "R", 27 ], [ "R", 1 ], [ "R", 27 ], [ "R", 27 ], [ "W", 18 ], [ "R", 18 ], [ "R", 17 ], [ "R", 18 ], [ "W", 18 ] ]
    } ]
  },
  "CampaignAdministratorController.cancel" : {
    "t" : [ {
      "id" : 0,
      "a" : [ [ "R", 4 ], [ "R", 10 ], [ "R", 10 ], [ "R", 1 ], [ "R", 1 ], [ "R", 1 ], [ "R", 27 ], [ "R", 1 ], [ "R", 27 ], [ "R", 27 ], [ "R", 4 ], [ "W", 4 ] ]
    } ]
  },
  "ProducerProducerController.edit" : {
    "t" : [ {
      "id" : 0,
      "a" : [ [ "R", 10 ], [ "R", 10 ], [ "R", 19 ], [ "R", 19 ], [ "R", 19 ], [ "R", 27 ] ]
    } ]
  },
  "LikeUserController.listComments" : {
    "t" : [ {
      "id" : 0,
      "a" : [ [ "R", 10 ], [ "R", 10 ], [ "R", 1 ], [ "R", 1 ], [ "R", 1 ], [ "R", 27 ], [ "R", 1 ], [ "R", 27 ], [ "R", 27 ], [ "R", 10 ], [ "R", 10 ], [ "R", 26 ], [ "R", 26 ], [ "R", 26 ], [ "R", 27 ], [ "R", 10 ], [ "R", 14 ], [ "R", 14 ], [ "R", 14 ], [ "R", 3 ], [ "R", 14 ] ]
    } ]
  },
  "ProductProducerController.save" : {
    "t" : [ {
      "id" : 0,
      "a" : [ [ "R", 10 ], [ "R", 20 ], [ "R", 20 ], [ "W", 20 ], [ "R", 10 ], [ "R", 20 ], [ "R", 20 ], [ "W", 20 ], [ "R", 20 ], [ "R", 7 ], [ "W", 20 ], [ "W", 7 ], [ "R", 10 ], [ "R", 10 ], [ "R", 1 ], [ "R", 1 ], [ "R", 1 ], [ "R", 27 ], [ "R", 1 ], [ "R", 27 ], [ "R", 27 ], [ "R", 10 ], [ "R", 10 ], [ "R", 1 ], [ "R", 1 ], [ "R", 1 ], [ "R", 27 ], [ "R", 1 ], [ "R", 27 ], [ "R", 27 ], [ "R", 10 ], [ "R", 10 ], [ "R", 1 ], [ "R", 1 ], [ "R", 1 ], [ "R", 27 ], [ "R", 1 ], [ "R", 27 ], [ "R", 27 ], [ "R", 20 ], [ "R", 7 ], [ "R", 10 ], [ "R", 7 ], [ "R", 10 ], [ "R", 10 ], [ "R", 19 ], [ "R", 19 ], [ "R", 19 ], [ "R", 27 ], [ "R", 10 ], [ "R", 7 ], [ "R", 7 ], [ "R", 7 ], [ "R", 19 ], [ "W", 20 ] ]
    } ]
  },
  "ChapterProducerController.save" : {
    "t" : [ {
      "id" : 0,
      "a" : [ [ "R", 10 ], [ "R", 10 ], [ "R", 5 ], [ "R", 10 ], [ "R", 10 ], [ "R", 19 ], [ "R", 19 ], [ "R", 19 ], [ "R", 27 ], [ "R", 5 ], [ "R", 22 ], [ "R", 22 ], [ "R", 25 ], [ "R", 3 ], [ "R", 19 ], [ "R", 10 ], [ "R", 10 ], [ "R", 10 ], [ "W", 10 ], [ "R", 5 ], [ "R", 22 ], [ "W", 5 ], [ "W", 22 ], [ "R", 10 ], [ "R", 10 ], [ "R", 19 ], [ "R", 19 ], [ "R", 19 ], [ "R", 27 ], [ "R", 5 ], [ "R", 22 ], [ "R", 22 ], [ "R", 25 ], [ "R", 3 ], [ "R", 19 ], [ "R", 10 ], [ "R", 10 ], [ "W", 5 ], [ "R", 5 ], [ "R", 22 ], [ "R", 10 ] ]
    } ]
  },
  "ProductController.list" : {
    "t" : [ {
      "id" : 0,
      "a" : [ [ "R", 10 ], [ "R", 10 ], [ "R", 1 ], [ "R", 1 ], [ "R", 1 ], [ "R", 27 ], [ "R", 1 ], [ "R", 27 ], [ "R", 27 ], [ "R", 10 ], [ "R", 10 ], [ "R", 19 ], [ "R", 19 ], [ "R", 19 ], [ "R", 27 ], [ "R", 10 ], [ "R", 7 ], [ "R", 7 ], [ "R", 7 ], [ "R", 19 ], [ "R", 7 ], [ "R", 20 ], [ "R", 20 ], [ "R", 20 ], [ "R", 7 ] ]
    } ]
  },
  "ReviewCriticController.saveDraft" : {
    "t" : [ {
      "id" : 0,
      "a" : [ [ "R", 10 ], [ "R", 10 ], [ "R", 21 ], [ "R", 10 ], [ "R", 10 ], [ "R", 9 ], [ "R", 9 ], [ "R", 9 ], [ "R", 27 ], [ "R", 21 ], [ "R", 9 ], [ "R", 10 ], [ "R", 10 ], [ "R", 21 ], [ "R", 7 ], [ "W", 21 ], [ "W", 7 ], [ "R", 21 ], [ "R", 9 ], [ "W", 21 ], [ "W", 9 ], [ "R", 10 ], [ "R", 10 ], [ "R", 9 ], [ "R", 9 ], [ "R", 9 ], [ "R", 27 ], [ "R", 7 ], [ "W", 21 ], [ "W", 7 ], [ "W", 21 ], [ "W", 9 ], [ "W", 21 ], [ "R", 10 ], [ "R", 10 ], [ "R", 9 ], [ "R", 9 ], [ "R", 9 ], [ "R", 27 ], [ "R", 21 ], [ "R", 9 ], [ "R", 10 ], [ "R", 10 ], [ "W", 21 ] ]
    } ]
  },
  "CinematicEntityController.edit" : {
    "t" : [ {
      "id" : 0,
      "a" : [ [ "R", 6 ] ]
    } ]
  },
  "CampaignProducerController.list" : {
    "t" : [ {
      "id" : 0,
      "a" : [ [ "R", 10 ], [ "R", 10 ], [ "R", 19 ], [ "R", 19 ], [ "R", 19 ], [ "R", 27 ], [ "R", 10 ], [ "R", 4 ], [ "R", 4 ], [ "R", 4 ], [ "R", 19 ] ]
    } ]
  },
  "TvShowProducerController.edit" : {
    "t" : [ {
      "id" : 0,
      "a" : [ [ "R", 25 ], [ "R", 3 ], [ "R", 19 ], [ "R", 10 ], [ "R", 10 ], [ "R", 19 ], [ "R", 19 ], [ "R", 19 ], [ "R", 27 ], [ "R", 10 ], [ "R", 10 ], [ "R", 10 ], [ "R", 10 ], [ "R", 7 ], [ "R", 7 ], [ "R", 7 ], [ "R", 7 ] ]
    } ]
  },
  "LikeUserUserController.like" : {
    "t" : [ {
      "id" : 0,
      "a" : [ [ "R", 10 ], [ "R", 10 ], [ "R", 26 ], [ "R", 26 ], [ "R", 26 ], [ "R", 27 ], [ "R", 10 ], [ "R", 14 ], [ "R", 14 ], [ "R", 14 ], [ "R", 26 ], [ "R", 14 ], [ "R", 3 ], [ "W", 14 ], [ "W", 14 ], [ "W", 26 ], [ "R", 3 ], [ "W", 14 ], [ "W", 3 ], [ "R", 10 ], [ "R", 10 ], [ "R", 26 ], [ "R", 26 ], [ "R", 26 ], [ "R", 27 ], [ "R", 10 ], [ "R", 10 ], [ "R", 26 ], [ "R", 26 ], [ "R", 26 ], [ "R", 27 ], [ "R", 10 ], [ "R", 14 ], [ "R", 14 ], [ "R", 14 ], [ "R", 26 ], [ "R", 14 ], [ "R", 3 ], [ "R", 10 ], [ "R", 14 ], [ "R", 3 ], [ "R", 10 ], [ "R", 10 ], [ "R", 10 ], [ "R", 14 ], [ "R", 26 ], [ "R", 10 ], [ "R", 10 ], [ "R", 10 ], [ "W", 14 ] ]
    } ]
  },
  "InvoiceAdministratorController.create" : {
    "t" : [ {
      "id" : 0,
      "a" : [ [ "R", 10 ], [ "R", 10 ], [ "R", 1 ], [ "R", 1 ], [ "R", 1 ], [ "R", 27 ], [ "R", 1 ], [ "R", 27 ], [ "R", 27 ], [ "R", 4 ], [ "R", 4 ], [ "R", 4 ], [ "R", 4 ], [ "R", 4 ], [ "R", 4 ], [ "R", 13 ], [ "R", 13 ], [ "R", 4 ], [ "R", 13 ], [ "R", 4 ] ]
    } ]
  },
  "LikeUserUserController.unlike" : {
    "t" : [ {
      "id" : 0,
      "a" : [ [ "R", 10 ], [ "R", 10 ], [ "R", 26 ], [ "R", 26 ], [ "R", 26 ], [ "R", 27 ], [ "R", 10 ], [ "R", 14 ], [ "R", 14 ], [ "R", 14 ], [ "R", 26 ], [ "R", 14 ], [ "R", 3 ], [ "R", 10 ], [ "R", 14 ], [ "R", 10 ], [ "R", 10 ], [ "R", 26 ], [ "R", 26 ], [ "R", 26 ], [ "R", 27 ], [ "R", 14 ], [ "R", 26 ], [ "R", 10 ], [ "R", 10 ], [ "R", 10 ], [ "W", 14 ] ]
    } ]
  },
  "MessageEntityController.send" : {
    "t" : [ {
      "id" : 0,
      "a" : [ [ "R", 1 ], [ "R", 1 ], [ "R", 1 ], [ "R", 10 ], [ "R", 10 ], [ "R", 10 ], [ "R", 1 ], [ "R", 1 ], [ "R", 1 ], [ "R", 27 ], [ "R", 10 ], [ "R", 10 ], [ "R", 1 ], [ "R", 1 ], [ "R", 1 ], [ "R", 27 ], [ "R", 10 ], [ "R", 10 ], [ "R", 1 ], [ "R", 1 ], [ "R", 1 ], [ "R", 27 ], [ "R", 1 ], [ "R", 27 ], [ "R", 27 ], [ "R", 10 ], [ "R", 10 ], [ "R", 1 ], [ "R", 1 ], [ "R", 1 ], [ "R", 27 ], [ "R", 1 ], [ "R", 27 ], [ "R", 27 ], [ "R", 10 ], [ "R", 10 ], [ "R", 1 ], [ "R", 1 ], [ "R", 1 ], [ "R", 27 ], [ "R", 1 ], [ "W", 15 ], [ "W", 15 ], [ "W", 1 ], [ "W", 15 ], [ "W", 1 ], [ "W", 15 ], [ "R", 10 ], [ "R", 10 ], [ "R", 1 ], [ "R", 1 ], [ "R", 1 ], [ "R", 27 ], [ "R", 1 ], [ "R", 27 ], [ "R", 27 ], [ "R", 10 ], [ "R", 10 ], [ "R", 1 ], [ "R", 1 ], [ "R", 1 ], [ "R", 27 ], [ "R", 1 ], [ "R", 27 ], [ "R", 27 ], [ "R", 10 ], [ "R", 10 ], [ "R", 1 ], [ "R", 1 ], [ "R", 1 ], [ "R", 27 ], [ "R", 1 ], [ "W", 15 ], [ "W", 15 ], [ "W", 1 ], [ "W", 15 ], [ "W", 1 ], [ "W", 15 ], [ "R", 10 ], [ "R", 10 ], [ "R", 1 ], [ "R", 1 ], [ "R", 1 ], [ "R", 27 ], [ "R", 1 ], [ "R", 27 ], [ "R", 27 ], [ "R", 10 ], [ "R", 10 ], [ "R", 1 ], [ "R", 1 ], [ "R", 1 ], [ "R", 27 ], [ "R", 1 ], [ "R", 27 ], [ "R", 27 ], [ "W", 15 ], [ "W", 15 ], [ "W", 15 ], [ "R", 10 ], [ "R", 10 ], [ "R", 1 ], [ "R", 1 ], [ "R", 1 ], [ "R", 27 ], [ "R", 1 ], [ "R", 27 ], [ "R", 27 ], [ "R", 10 ], [ "R", 10 ], [ "R", 1 ], [ "R", 1 ], [ "R", 1 ], [ "R", 27 ], [ "R", 1 ], [ "R", 27 ], [ "R", 27 ], [ "W", 15 ], [ "R", 15 ], [ "R", 1 ], [ "W", 15 ], [ "W", 1 ], [ "R", 15 ], [ "R", 1 ], [ "W", 15 ], [ "W", 1 ], [ "R", 15 ], [ "W", 15 ], [ "R", 15 ], [ "W", 15 ], [ "R", 15 ], [ "W", 15 ], [ "W", 15 ] ]
    } ]
  },
  "WelcomeController.index" : {
    "t" : [ {
      "id" : 0,
      "a" : [ [ "R", 10 ], [ "R", 10 ], [ "R", 1 ], [ "R", 1 ], [ "R", 1 ], [ "R", 27 ], [ "R", 1 ], [ "R", 4 ], [ "R", 4 ], [ "R", 4 ], [ "R", 4 ], [ "R", 4 ], [ "R", 4 ], [ "R", 4 ], [ "R", 4 ], [ "R", 4 ], [ "W", 4 ], [ "W", 4 ] ]
    } ]
  },
  "LikeUserUserController.save" : {
    "t" : [ {
      "id" : 0,
      "a" : [ [ "R", 10 ], [ "R", 10 ], [ "R", 10 ], [ "R", 26 ], [ "R", 26 ], [ "R", 26 ], [ "R", 27 ], [ "W", 14 ], [ "W", 26 ], [ "R", 10 ], [ "R", 14 ], [ "R", 14 ], [ "W", 14 ], [ "R", 14 ], [ "W", 14 ], [ "R", 10 ], [ "R", 10 ], [ "R", 26 ], [ "R", 26 ], [ "R", 26 ], [ "R", 27 ], [ "R", 10 ], [ "R", 10 ], [ "R", 26 ], [ "R", 26 ], [ "R", 26 ], [ "R", 27 ], [ "R", 10 ], [ "R", 14 ], [ "R", 14 ], [ "R", 14 ], [ "R", 26 ], [ "R", 14 ], [ "R", 3 ], [ "R", 10 ], [ "R", 14 ], [ "R", 3 ], [ "R", 10 ], [ "R", 10 ], [ "R", 10 ], [ "R", 14 ], [ "R", 26 ], [ "R", 10 ], [ "R", 10 ], [ "R", 10 ], [ "W", 14 ] ]
    } ]
  },
  "OrderUserController.display" : {
    "t" : [ {
      "id" : 0,
      "a" : [ [ "R", 10 ], [ "R", 10 ], [ "R", 1 ], [ "R", 1 ], [ "R", 1 ], [ "R", 27 ], [ "R", 1 ], [ "R", 27 ], [ "R", 27 ], [ "R", 10 ], [ "R", 10 ], [ "R", 26 ], [ "R", 26 ], [ "R", 26 ], [ "R", 27 ], [ "R", 10 ], [ "R", 18 ], [ "R", 18 ], [ "R", 18 ], [ "R", 26 ], [ "R", 18 ], [ "R", 10 ], [ "R", 10 ], [ "R", 1 ], [ "R", 1 ], [ "R", 1 ], [ "R", 27 ], [ "R", 1 ], [ "R", 27 ], [ "R", 27 ], [ "R", 10 ], [ "R", 10 ], [ "R", 26 ], [ "R", 26 ], [ "R", 26 ], [ "R", 27 ], [ "W", 18 ], [ "W", 18 ], [ "W", 26 ], [ "W", 18 ], [ "W", 18 ], [ "W", 18 ], [ "W", 17 ], [ "R", 18 ] ]
    } ]
  },
  "InvoiceAdministratorController.save" : {
    "t" : [ {
      "id" : 0,
      "a" : [ [ "R", 10 ], [ "R", 10 ], [ "R", 1 ], [ "R", 1 ], [ "R", 1 ], [ "R", 27 ], [ "R", 1 ], [ "R", 27 ], [ "R", 27 ], [ "R", 10 ], [ "R", 13 ], [ "R", 4 ], [ "R", 13 ], [ "R", 4 ], [ "W", 13 ], [ "W", 13 ], [ "R", 4 ], [ "R", 4 ], [ "W", 13 ], [ "R", 4 ], [ "R", 4 ], [ "R", 4 ], [ "R", 4 ], [ "R", 4 ], [ "R", 4 ], [ "R", 13 ], [ "R", 13 ], [ "R", 4 ], [ "R", 13 ], [ "R", 4 ], [ "R", 10 ], [ "R", 10 ], [ "R", 1 ], [ "R", 1 ], [ "R", 1 ], [ "R", 27 ], [ "R", 1 ], [ "R", 27 ], [ "R", 27 ], [ "R", 13 ], [ "R", 4 ], [ "R", 10 ], [ "R", 13 ], [ "R", 13 ], [ "R", 4 ], [ "R", 13 ], [ "R", 13 ], [ "R", 4 ], [ "R", 4 ], [ "R", 4 ], [ "R", 4 ], [ "R", 4 ], [ "R", 4 ], [ "W", 13 ] ]
    } ]
  },
  "OrderUserController.addProduct" : {
    "t" : [ {
      "id" : 0,
      "a" : [ [ "R", 10 ], [ "R", 10 ], [ "R", 1 ], [ "R", 1 ], [ "R", 1 ], [ "R", 27 ], [ "R", 1 ], [ "R", 27 ], [ "R", 27 ], [ "R", 20 ], [ "R", 20 ], [ "R", 10 ], [ "R", 10 ], [ "R", 1 ], [ "R", 1 ], [ "R", 1 ], [ "R", 27 ], [ "R", 1 ], [ "R", 27 ], [ "R", 27 ], [ "R", 10 ], [ "R", 10 ], [ "R", 26 ], [ "R", 26 ], [ "R", 26 ], [ "R", 27 ], [ "R", 10 ], [ "R", 18 ], [ "R", 18 ], [ "R", 18 ], [ "R", 26 ], [ "R", 18 ], [ "R", 10 ], [ "R", 10 ], [ "R", 1 ], [ "R", 1 ], [ "R", 1 ], [ "R", 27 ], [ "R", 1 ], [ "R", 27 ], [ "R", 27 ], [ "R", 10 ], [ "R", 10 ], [ "R", 26 ], [ "R", 26 ], [ "R", 26 ], [ "R", 27 ], [ "W", 18 ], [ "W", 18 ], [ "W", 26 ], [ "W", 18 ], [ "W", 18 ], [ "W", 18 ], [ "W", 17 ], [ "R", 10 ], [ "R", 10 ], [ "R", 18 ], [ "R", 18 ], [ "R", 17 ], [ "R", 18 ], [ "R", 17 ], [ "R", 20 ], [ "R", 18 ], [ "R", 17 ], [ "R", 20 ], [ "R", 18 ], [ "R", 18 ], [ "R", 10 ], [ "R", 10 ], [ "R", 1 ], [ "R", 1 ], [ "R", 1 ], [ "R", 27 ], [ "R", 1 ], [ "R", 27 ], [ "R", 27 ], [ "W", 17 ], [ "W", 17 ], [ "W", 20 ], [ "R", 10 ], [ "R", 10 ], [ "R", 1 ], [ "R", 1 ], [ "R", 1 ], [ "R", 27 ], [ "R", 1 ], [ "R", 27 ], [ "R", 27 ], [ "W", 17 ], [ "R", 18 ], [ "R", 17 ], [ "R", 18 ], [ "R", 17 ], [ "R", 17 ], [ "R", 17 ], [ "R", 20 ], [ "R", 20 ], [ "W", 18 ], [ "R", 10 ], [ "R", 10 ], [ "R", 1 ], [ "R", 1 ], [ "R", 1 ], [ "R", 27 ], [ "R", 1 ], [ "R", 27 ], [ "R", 27 ], [ "R", 10 ], [ "R", 10 ], [ "R", 1 ], [ "R", 1 ], [ "R", 1 ], [ "R", 27 ], [ "R", 1 ], [ "R", 27 ], [ "R", 27 ], [ "W", 18 ] ]
    } ]
  },
  "CampaignAdministratorController.approve" : {
    "t" : [ {
      "id" : 0,
      "a" : [ [ "R", 4 ], [ "R", 10 ], [ "R", 10 ], [ "R", 1 ], [ "R", 1 ], [ "R", 1 ], [ "R", 27 ], [ "R", 1 ], [ "R", 27 ], [ "R", 27 ], [ "R", 4 ], [ "W", 4 ] ]
    } ]
  },
  "SocialIdentityController.save" : {
    "t" : [ {
      "id" : 0,
      "a" : [ [ "R", 10 ], [ "R", 10 ], [ "R", 10 ], [ "R", 26 ], [ "R", 26 ], [ "R", 26 ], [ "R", 27 ], [ "W", 24 ], [ "W", 26 ], [ "R", 10 ], [ "R", 24 ], [ "R", 24 ], [ "R", 26 ], [ "W", 24 ], [ "W", 26 ], [ "R", 24 ], [ "R", 10 ], [ "R", 10 ], [ "R", 10 ], [ "R", 26 ], [ "R", 26 ], [ "R", 26 ], [ "R", 27 ], [ "R", 10 ], [ "R", 1 ], [ "R", 27 ], [ "R", 27 ], [ "R", 1 ], [ "R", 27 ], [ "W", 27 ], [ "W", 26 ], [ "W", 24 ], [ "R", 24 ] ]
    } ]
  },
  "CampaignProducerController.save" : {
    "t" : [ {
      "id" : 0,
      "a" : [ [ "R", 10 ], [ "R", 10 ], [ "R", 1 ], [ "R", 1 ], [ "R", 1 ], [ "R", 27 ], [ "R", 1 ], [ "R", 27 ], [ "R", 27 ], [ "R", 10 ], [ "R", 10 ], [ "R", 10 ], [ "R", 19 ], [ "R", 19 ], [ "R", 19 ], [ "R", 27 ], [ "R", 1 ], [ "R", 8 ], [ "R", 11 ], [ "R", 11 ], [ "W", 4 ], [ "W", 4 ], [ "W", 19 ], [ "W", 4 ], [ "R", 4 ], [ "R", 10 ], [ "R", 10 ], [ "R", 1 ], [ "R", 1 ], [ "R", 1 ], [ "R", 27 ], [ "R", 1 ], [ "R", 27 ], [ "R", 27 ], [ "W", 4 ] ]
    } ]
  },
  "MovieProducerController.save" : {
    "t" : [ {
      "id" : 0,
      "a" : [ [ "W", 10 ], [ "W", 7 ], [ "W", 7 ], [ "W", 7 ], [ "W", 7 ], [ "R", 10 ], [ "R", 10 ], [ "R", 19 ], [ "R", 19 ], [ "R", 19 ], [ "R", 27 ], [ "W", 3 ], [ "W", 19 ], [ "R", 12 ], [ "R", 12 ], [ "R", 12 ], [ "W", 7 ], [ "W", 12 ], [ "W", 7 ], [ "W", 6 ], [ "R", 10 ], [ "R", 16 ], [ "R", 10 ], [ "W", 10 ], [ "R", 7 ], [ "W", 7 ], [ "R", 7 ], [ "R", 6 ], [ "W", 7 ], [ "W", 6 ], [ "R", 7 ], [ "W", 16 ] ]
    } ]
  },
  "ShippingAddressController.list" : {
    "t" : [ {
      "id" : 0,
      "a" : [ [ "R", 10 ], [ "R", 10 ], [ "R", 1 ], [ "R", 1 ], [ "R", 1 ], [ "R", 27 ], [ "R", 1 ], [ "R", 27 ], [ "R", 27 ], [ "R", 10 ], [ "R", 10 ], [ "R", 26 ], [ "R", 26 ], [ "R", 26 ], [ "R", 27 ], [ "R", 10 ], [ "R", 23 ], [ "R", 23 ], [ "R", 23 ], [ "R", 26 ] ]
    } ]
  },
  "CreditCardController.create" : {
    "t" : [ {
      "id" : 0,
      "a" : [ [ "W", 8 ], [ "W", 8 ], [ "W", 8 ], [ "W", 8 ], [ "W", 8 ], [ "W", 8 ] ]
    } ]
  },
  "MovieProducerController.add" : {
    "t" : [ {
      "id" : 0,
      "a" : [ [ "R", 6 ], [ "R", 16 ], [ "R", 3 ], [ "R", 19 ], [ "R", 10 ], [ "R", 10 ], [ "R", 19 ], [ "R", 19 ], [ "R", 19 ], [ "R", 27 ], [ "R", 10 ], [ "R", 10 ], [ "R", 10 ], [ "R", 7 ], [ "R", 6 ], [ "R", 10 ], [ "R", 6 ] ]
    } ]
  },
  "UserController.display" : {
    "t" : [ {
      "id" : 0,
      "a" : [ [ "R", 10 ], [ "R", 10 ], [ "R", 26 ], [ "R", 26 ], [ "R", 26 ], [ "R", 27 ], [ "R", 10 ], [ "R", 26 ], [ "R", 14 ], [ "R", 14 ], [ "R", 3 ], [ "R", 14 ], [ "R", 14 ], [ "R", 26 ], [ "R", 14 ], [ "R", 3 ], [ "R", 14 ], [ "R", 3 ], [ "R", 14 ], [ "R", 14 ], [ "R", 3 ], [ "R", 14 ], [ "R", 14 ], [ "R", 26 ], [ "R", 14 ], [ "R", 3 ], [ "R", 24 ], [ "R", 24 ], [ "R", 24 ], [ "R", 26 ] ]
    } ]
  },
  "SocialIdentityController.delete" : {
    "t" : [ {
      "id" : 0,
      "a" : [ [ "R", 10 ], [ "R", 10 ], [ "R", 24 ], [ "R", 10 ], [ "R", 10 ], [ "R", 26 ], [ "R", 26 ], [ "R", 26 ], [ "R", 27 ], [ "R", 10 ], [ "R", 1 ], [ "R", 27 ], [ "R", 27 ], [ "R", 1 ], [ "R", 27 ], [ "W", 27 ], [ "W", 26 ], [ "W", 24 ], [ "R", 24 ] ]
    } ]
  },
  "CinematicEntityController.search" : {
    "t" : [ {
      "id" : 0,
      "a" : [ [ "R", 6 ], [ "R", 6 ], [ "R", 6 ], [ "R", 6 ] ]
    } ]
  },
  "ChapterProducerController.create" : {
    "t" : [ {
      "id" : 0,
      "a" : [ [ "R", 22 ], [ "R", 10 ], [ "R", 10 ], [ "R", 19 ], [ "R", 19 ], [ "R", 19 ], [ "R", 27 ], [ "R", 22 ], [ "R", 25 ], [ "R", 3 ], [ "R", 19 ], [ "R", 10 ], [ "R", 10 ], [ "W", 5 ], [ "W", 22 ] ]
    } ]
  },
  "LikeUserUserController.create" : {
    "t" : [ {
      "id" : 0,
      "a" : [ [ "R", 10 ], [ "R", 10 ], [ "R", 26 ], [ "R", 26 ], [ "R", 26 ], [ "R", 27 ], [ "R", 10 ], [ "R", 14 ], [ "R", 14 ], [ "R", 14 ], [ "R", 26 ], [ "R", 14 ], [ "R", 3 ], [ "W", 14 ], [ "W", 14 ], [ "W", 26 ], [ "R", 3 ], [ "W", 14 ], [ "W", 3 ] ]
    } ]
  },
  "MessageEntityController.sentList" : {
    "t" : [ {
      "id" : 0,
      "a" : [ [ "R", 10 ], [ "R", 10 ], [ "R", 1 ], [ "R", 1 ], [ "R", 1 ], [ "R", 27 ], [ "R", 1 ], [ "R", 27 ], [ "R", 27 ], [ "R", 10 ], [ "R", 10 ], [ "R", 1 ], [ "R", 1 ], [ "R", 1 ], [ "R", 27 ], [ "R", 1 ], [ "R", 27 ], [ "R", 27 ], [ "R", 10 ], [ "R", 10 ], [ "R", 1 ], [ "R", 1 ], [ "R", 1 ], [ "R", 27 ], [ "R", 10 ], [ "R", 15 ], [ "R", 15 ], [ "R", 15 ], [ "R", 15 ], [ "R", 1 ], [ "R", 10 ], [ "R", 10 ], [ "R", 1 ], [ "R", 1 ], [ "R", 1 ], [ "R", 27 ] ]
    } ]
  },
  "OrderQuantityController.save" : {
    "t" : [ {
      "id" : 0,
      "a" : [ [ "R", 10 ], [ "R", 17 ], [ "R", 10 ], [ "R", 10 ], [ "R", 1 ], [ "R", 1 ], [ "R", 1 ], [ "R", 27 ], [ "R", 1 ], [ "R", 27 ], [ "R", 27 ], [ "R", 10 ], [ "R", 10 ], [ "R", 26 ], [ "R", 26 ], [ "R", 26 ], [ "R", 27 ], [ "R", 10 ], [ "R", 18 ], [ "R", 18 ], [ "R", 18 ], [ "R", 26 ], [ "R", 18 ], [ "R", 10 ], [ "R", 10 ], [ "R", 1 ], [ "R", 1 ], [ "R", 1 ], [ "R", 27 ], [ "R", 1 ], [ "R", 27 ], [ "R", 27 ], [ "R", 10 ], [ "R", 10 ], [ "R", 26 ], [ "R", 26 ], [ "R", 26 ], [ "R", 27 ], [ "W", 18 ], [ "W", 18 ], [ "W", 26 ], [ "W", 18 ], [ "W", 18 ], [ "W", 18 ], [ "W", 17 ], [ "R", 18 ], [ "R", 17 ], [ "R", 17 ], [ "R", 20 ], [ "W", 17 ], [ "W", 20 ], [ "R", 17 ], [ "R", 17 ], [ "R", 20 ], [ "R", 20 ], [ "R", 10 ], [ "R", 10 ], [ "R", 1 ], [ "R", 1 ], [ "R", 1 ], [ "R", 27 ], [ "R", 1 ], [ "R", 27 ], [ "R", 27 ], [ "W", 17 ], [ "R", 10 ], [ "R", 10 ], [ "R", 1 ], [ "R", 1 ], [ "R", 1 ], [ "R", 27 ], [ "R", 1 ], [ "R", 27 ], [ "R", 27 ], [ "R", 10 ], [ "R", 10 ], [ "R", 26 ], [ "R", 26 ], [ "R", 26 ], [ "R", 27 ], [ "R", 10 ], [ "R", 18 ], [ "R", 18 ], [ "R", 18 ], [ "R", 26 ], [ "R", 18 ], [ "R", 10 ], [ "R", 10 ], [ "R", 1 ], [ "R", 1 ], [ "R", 1 ], [ "R", 27 ], [ "R", 1 ], [ "R", 27 ], [ "R", 27 ], [ "R", 10 ], [ "R", 10 ], [ "R", 26 ], [ "R", 26 ], [ "R", 26 ], [ "R", 27 ], [ "W", 18 ], [ "W", 18 ], [ "W", 26 ], [ "W", 18 ], [ "W", 18 ], [ "W", 18 ], [ "W", 17 ], [ "R", 18 ], [ "R", 17 ], [ "R", 17 ], [ "R", 17 ], [ "R", 20 ], [ "R", 20 ], [ "W", 18 ], [ "R", 10 ], [ "R", 10 ], [ "R", 1 ], [ "R", 1 ], [ "R", 1 ], [ "R", 27 ], [ "R", 1 ], [ "R", 27 ], [ "R", 27 ], [ "R", 10 ], [ "R", 10 ], [ "R", 1 ], [ "R", 1 ], [ "R", 1 ], [ "R", 27 ], [ "R", 1 ], [ "R", 27 ], [ "R", 27 ], [ "W", 18 ], [ "R", 10 ] ]
    } ]
  },
  "ReviewCriticController.edit" : {
    "t" : [ {
      "id" : 0,
      "a" : [ [ "R", 21 ], [ "R", 10 ], [ "R", 10 ], [ "R", 9 ], [ "R", 9 ], [ "R", 9 ], [ "R", 27 ], [ "R", 21 ], [ "R", 9 ], [ "R", 10 ], [ "R", 10 ], [ "R", 21 ], [ "R", 7 ], [ "R", 10 ] ]
    } ]
  },
  "SocialIdentityController.list" : {
    "t" : [ {
      "id" : 0,
      "a" : [ [ "R", 10 ], [ "R", 10 ], [ "R", 26 ], [ "R", 26 ], [ "R", 26 ], [ "R", 27 ], [ "R", 10 ], [ "R", 24 ], [ "R", 24 ], [ "R", 24 ], [ "R", 26 ] ]
    } ]
  }
}