{
  "Actor" : 1,
  "Administrator" : 2,
  "AssessableEntity" : 3,
  "Campaign" : 4,
  "Chapter" : 5,
  "CinematicEntity" : 6,
  "Content" : 7,
  "CreditCard" : 8,
  "Critic" : 9,
  "DomainEntity" : 10,
  "Fee" : 11,
  "Genre" : 12,
  "Invoice" : 13,
  "LikeUser" : 14,
  "MessageEntity" : 15,
  "Movie" : 16,
  "OrderQuantity" : 17,
  "OrderUser" : 18,
  "Producer" : 19,
  "Product" : 20,
  "Review" : 21,
  "Season" : 22,
  "ShippingAddress" : 23,
  "SocialIdentity" : 24,
  "TvShow" : 25,
  "User" : 26,
  "UserAccount" : 27
}