{
  "ANMessageUserController.edit" : {
    "t" : [ {
      "id" : 0,
      "a" : [ [ "R", 9 ], [ "R", 9 ], [ "R", 2 ], [ "R", 2 ], [ "R", 2 ], [ "R", 15 ], [ "R", 1 ], [ "R", 2 ], [ "R", 1 ], [ "R", 2 ], [ "R", 1 ], [ "R", 1 ], [ "R", 10 ], [ "R", 9 ], [ "R", 9 ], [ "R", 2 ], [ "R", 2 ], [ "R", 2 ], [ "R", 15 ], [ "R", 9 ], [ "R", 9 ], [ "R", 10 ], [ "R", 10 ], [ "R", 10 ], [ "R", 10 ], [ "R", 2 ] ]
    } ]
  },
  "VolumeUserController.addNewspaper" : {
    "t" : [ {
      "id" : 0,
      "a" : [ [ "R", 9 ], [ "R", 9 ], [ "R", 14 ], [ "R", 14 ], [ "R", 14 ], [ "R", 15 ], [ "R", 16 ], [ "R", 14 ], [ "R", 16 ], [ "R", 9 ], [ "R", 9 ], [ "R", 14 ], [ "R", 14 ], [ "R", 14 ], [ "R", 15 ], [ "R", 9 ], [ "R", 16 ], [ "R", 9 ], [ "R", 9 ], [ "R", 14 ], [ "R", 14 ], [ "R", 14 ], [ "R", 15 ], [ "R", 14 ], [ "R", 16 ], [ "R", 9 ], [ "R", 9 ], [ "R", 11 ], [ "R", 14 ], [ "R", 16 ], [ "R", 11 ], [ "R", 11 ], [ "R", 14 ], [ "R", 11 ], [ "R", 16 ], [ "R", 14 ], [ "R", 11 ], [ "R", 16 ], [ "R", 11 ], [ "R", 11 ], [ "R", 14 ], [ "R", 11 ], [ "R", 16 ], [ "R", 11 ], [ "R", 14 ], [ "R", 11 ], [ "R", 14 ], [ "R", 11 ], [ "R", 16 ], [ "R", 11 ], [ "R", 14 ], [ "R", 11 ] ]
    } ]
  },
  "FolderAgentController.list" : {
    "t" : [ {
      "id" : 0,
      "a" : [ [ "R", 9 ], [ "R", 9 ], [ "R", 2 ], [ "R", 2 ], [ "R", 2 ], [ "R", 15 ], [ "R", 9 ], [ "R", 9 ], [ "R", 2 ], [ "R", 2 ], [ "R", 2 ], [ "R", 15 ], [ "R", 9 ], [ "R", 10 ], [ "R", 10 ], [ "R", 10 ], [ "R", 2 ], [ "R", 10 ], [ "R", 10 ], [ "R", 10 ], [ "R", 10 ], [ "R", 2 ], [ "R", 9 ], [ "R", 9 ], [ "R", 9 ], [ "R", 9 ], [ "R", 9 ], [ "R", 2 ], [ "R", 2 ], [ "R", 2 ], [ "R", 15 ], [ "R", 9 ], [ "R", 9 ], [ "R", 10 ], [ "R", 10 ], [ "R", 10 ], [ "R", 10 ], [ "R", 10 ], [ "R", 2 ], [ "R", 9 ], [ "R", 1 ], [ "R", 1 ], [ "R", 1 ], [ "R", 10 ] ]
    } ]
  },
  "UserController.save" : {
    "t" : [ {
      "id" : 0,
      "a" : [ [ "W", 15 ], [ "W", 15 ], [ "R", 15 ], [ "W", 2 ], [ "W", 15 ], [ "W", 14 ], [ "W", 11 ], [ "W", 14 ], [ "W", 6 ], [ "W", 14 ], [ "W", 7 ], [ "W", 14 ], [ "W", 14 ], [ "W", 14 ], [ "W", 14 ], [ "W", 14 ], [ "W", 16 ], [ "W", 2 ], [ "W", 1 ], [ "W", 2 ], [ "W", 1 ], [ "W", 2 ], [ "W", 2 ], [ "W", 2 ], [ "W", 2 ], [ "W", 2 ], [ "R", 2 ], [ "R", 15 ], [ "W", 15 ], [ "R", 2 ], [ "R", 15 ], [ "W", 15 ], [ "R", 2 ], [ "R", 15 ], [ "R", 2 ], [ "R", 15 ], [ "R", 9 ], [ "R", 9 ], [ "R", 2 ], [ "R", 15 ], [ "R", 15 ], [ "R", 2 ], [ "R", 15 ], [ "W", 15 ], [ "W", 14 ], [ "W", 10 ], [ "W", 10 ], [ "W", 1 ], [ "W", 10 ], [ "W", 10 ], [ "W", 10 ], [ "W", 2 ], [ "W", 10 ], [ "W", 10 ], [ "R", 10 ], [ "R", 10 ], [ "W", 10 ], [ "W", 10 ], [ "W", 10 ], [ "W", 2 ], [ "W", 10 ] ]
    } ]
  },
  "ANMessageAgentController.create" : {
    "t" : [ {
      "id" : 0,
      "a" : [ [ "R", 2 ] ]
    } ]
  },
  "SubscriptionCustomerController.save" : {
    "t" : [ {
      "id" : 0,
      "a" : [ [ "R", 9 ], [ "R", 9 ], [ "R", 9 ], [ "R", 8 ], [ "R", 8 ], [ "R", 8 ], [ "R", 15 ], [ "W", 12 ], [ "W", 8 ], [ "R", 9 ], [ "R", 9 ], [ "R", 8 ], [ "R", 8 ], [ "R", 8 ], [ "R", 15 ], [ "R", 12 ], [ "R", 11 ], [ "R", 12 ], [ "R", 8 ], [ "R", 9 ], [ "R", 9 ], [ "R", 9 ], [ "R", 12 ], [ "R", 11 ], [ "R", 9 ], [ "R", 9 ], [ "R", 12 ], [ "R", 12 ], [ "R", 12 ], [ "R", 8 ], [ "R", 12 ], [ "R", 11 ], [ "R", 12 ], [ "R", 11 ], [ "R", 11 ], [ "R", 12 ], [ "R", 11 ], [ "R", 11 ], [ "R", 9 ], [ "R", 12 ], [ "R", 12 ], [ "R", 12 ], [ "R", 12 ], [ "R", 12 ], [ "R", 12 ], [ "W", 12 ], [ "R", 12 ], [ "R", 11 ], [ "R", 9 ] ]
    } ]
  },
  "UserCustomerController.display" : {
    "t" : [ {
      "id" : 0,
      "a" : [ [ "R", 14 ], [ "R", 9 ], [ "R", 9 ], [ "R", 8 ], [ "R", 8 ], [ "R", 8 ], [ "R", 15 ], [ "R", 9 ], [ "R", 6 ], [ "R", 6 ], [ "R", 6 ], [ "R", 11 ], [ "R", 6 ], [ "R", 11 ], [ "R", 6 ], [ "R", 14 ], [ "R", 9 ], [ "R", 9 ], [ "R", 6 ], [ "R", 12 ], [ "R", 6 ], [ "R", 6 ], [ "R", 14 ], [ "R", 6 ], [ "R", 11 ], [ "R", 12 ], [ "R", 11 ], [ "R", 12 ], [ "R", 8 ], [ "R", 9 ], [ "R", 7 ], [ "R", 7 ], [ "R", 7 ], [ "R", 14 ] ]
    } ]
  },
  "ArticleController.list" : {
    "t" : [ {
      "id" : 0,
      "a" : [ [ "R", 6 ], [ "R", 6 ], [ "R", 6 ], [ "R", 6 ], [ "R", 6 ], [ "R", 6 ], [ "R", 11 ], [ "R", 6 ], [ "R", 11 ] ]
    } ]
  },
  "VolumeCustomerController.list" : {
    "t" : [ {
      "id" : 0,
      "a" : [ [ "R", 16 ], [ "R", 16 ] ]
    } ]
  },
  "ArticleUserController.create" : {
    "t" : [ {
      "id" : 0,
      "a" : [ [ "R", 9 ], [ "R", 9 ], [ "R", 14 ], [ "R", 14 ], [ "R", 14 ], [ "R", 15 ], [ "R", 11 ], [ "R", 6 ], [ "R", 11 ], [ "R", 9 ], [ "R", 9 ], [ "R", 14 ], [ "R", 14 ], [ "R", 14 ], [ "R", 15 ], [ "W", 6 ], [ "W", 6 ], [ "W", 11 ], [ "W", 6 ], [ "W", 14 ], [ "W", 6 ], [ "W", 6 ], [ "W", 6 ], [ "R", 6 ], [ "R", 6 ], [ "R", 6 ], [ "R", 6 ], [ "R", 9 ], [ "R", 6 ], [ "R", 11 ], [ "R", 9 ], [ "R", 6 ], [ "R", 6 ], [ "R", 6 ], [ "R", 14 ], [ "R", 9 ], [ "R", 9 ], [ "R", 9 ], [ "R", 6 ], [ "R", 6 ], [ "R", 11 ], [ "R", 11 ], [ "R", 6 ], [ "R", 6 ], [ "R", 11 ], [ "R", 6 ], [ "R", 11 ], [ "R", 11 ], [ "R", 9 ], [ "R", 9 ], [ "R", 14 ], [ "R", 14 ], [ "R", 14 ], [ "R", 15 ], [ "R", 6 ], [ "R", 14 ], [ "R", 9 ], [ "R", 9 ], [ "R", 9 ], [ "W", 6 ], [ "W", 6 ], [ "W", 6 ], [ "W", 6 ], [ "W", 14 ], [ "R", 6 ], [ "R", 11 ], [ "W", 6 ], [ "W", 11 ], [ "R", 6 ], [ "R", 6 ], [ "W", 6 ], [ "R", 6 ], [ "R", 6 ], [ "R", 6 ], [ "R", 6 ], [ "R", 9 ], [ "R", 6 ], [ "R", 11 ], [ "R", 9 ] ]
    } ]
  },
  "ANMessageUserController.delete" : {
    "t" : [ {
      "id" : 0,
      "a" : [ [ "R", 9 ], [ "R", 9 ], [ "R", 2 ], [ "R", 2 ], [ "R", 2 ], [ "R", 15 ], [ "R", 1 ], [ "R", 2 ], [ "R", 1 ], [ "R", 2 ], [ "R", 1 ], [ "R", 9 ], [ "R", 9 ], [ "R", 2 ], [ "R", 2 ], [ "R", 2 ], [ "R", 15 ], [ "R", 2 ], [ "R", 1 ], [ "R", 2 ], [ "R", 1 ], [ "R", 1 ], [ "R", 10 ], [ "R", 10 ], [ "R", 2 ], [ "R", 9 ], [ "R", 9 ], [ "R", 9 ], [ "R", 1 ], [ "R", 10 ], [ "R", 10 ], [ "R", 2 ], [ "R", 1 ], [ "R", 2 ], [ "R", 1 ], [ "W", 1 ], [ "R", 9 ], [ "R", 10 ], [ "R", 10 ], [ "R", 10 ], [ "R", 2 ], [ "R", 10 ], [ "W", 1 ], [ "W", 10 ], [ "R", 9 ], [ "R", 9 ], [ "R", 2 ], [ "R", 2 ], [ "R", 2 ], [ "R", 15 ], [ "R", 1 ], [ "R", 10 ], [ "R", 1 ], [ "R", 10 ], [ "R", 10 ], [ "R", 2 ], [ "R", 9 ], [ "R", 9 ], [ "R", 9 ], [ "R", 1 ], [ "R", 2 ], [ "R", 9 ], [ "R", 9 ], [ "R", 9 ], [ "R", 9 ], [ "W", 1 ], [ "R", 1 ], [ "R", 10 ], [ "W", 10 ] ]
    } ]
  },
  "NewspaperUserController.listPublished" : {
    "t" : [ {
      "id" : 0,
      "a" : [ [ "R", 11 ], [ "R", 11 ], [ "R", 11 ] ]
    } ]
  },
  "VolumeController.list" : {
    "t" : [ {
      "id" : 0,
      "a" : [ [ "R", 16 ], [ "R", 16 ] ]
    } ]
  },
  "NewspaperAdministratorController.list" : {
    "t" : [ {
      "id" : 0,
      "a" : [ [ "R", 11 ], [ "R", 11 ] ]
    } ]
  },
  "FolderCustomerController.save" : {
    "t" : [ {
      "id" : 0,
      "a" : [ [ "R", 9 ], [ "W", 10 ], [ "W", 10 ], [ "R", 9 ], [ "R", 9 ], [ "R", 2 ], [ "R", 2 ], [ "R", 2 ], [ "R", 15 ], [ "W", 10 ], [ "W", 2 ], [ "W", 10 ], [ "W", 1 ], [ "W", 10 ], [ "R", 9 ], [ "R", 10 ], [ "R", 10 ], [ "R", 10 ], [ "W", 10 ], [ "W", 10 ], [ "R", 10 ], [ "R", 1 ], [ "W", 10 ], [ "W", 1 ], [ "R", 10 ], [ "W", 10 ], [ "R", 10 ], [ "R", 2 ], [ "W", 10 ], [ "W", 2 ], [ "R", 9 ], [ "R", 9 ], [ "R", 9 ], [ "R", 2 ], [ "R", 2 ], [ "R", 2 ], [ "R", 15 ], [ "R", 9 ], [ "R", 10 ], [ "R", 2 ], [ "R", 9 ], [ "R", 9 ], [ "R", 9 ], [ "R", 10 ], [ "R", 9 ], [ "R", 10 ], [ "R", 10 ], [ "R", 10 ], [ "R", 10 ], [ "R", 10 ], [ "R", 10 ], [ "R", 10 ], [ "R", 9 ], [ "R", 10 ], [ "R", 10 ], [ "R", 10 ], [ "R", 10 ], [ "R", 2 ], [ "R", 10 ], [ "R", 9 ], [ "R", 9 ], [ "R", 2 ], [ "R", 2 ], [ "R", 2 ], [ "R", 15 ], [ "R", 10 ], [ "R", 2 ], [ "R", 9 ], [ "R", 9 ], [ "R", 9 ], [ "R", 10 ], [ "R", 10 ], [ "R", 2 ], [ "R", 2 ], [ "R", 15 ], [ "R", 9 ], [ "R", 9 ], [ "R", 9 ], [ "R", 9 ], [ "R", 10 ], [ "R", 10 ], [ "R", 10 ], [ "R", 10 ], [ "R", 10 ], [ "R", 10 ], [ "R", 10 ], [ "R", 10 ], [ "R", 10 ], [ "R", 9 ], [ "R", 9 ], [ "R", 9 ], [ "R", 10 ], [ "R", 10 ], [ "R", 10 ], [ "R", 2 ], [ "R", 9 ], [ "R", 9 ], [ "R", 9 ], [ "R", 10 ], [ "R", 10 ], [ "R", 10 ], [ "R", 10 ], [ "R", 10 ], [ "R", 10 ], [ "R", 9 ], [ "R", 9 ], [ "R", 9 ], [ "R", 10 ], [ "R", 10 ], [ "R", 10 ], [ "R", 10 ], [ "R", 9 ], [ "R", 9 ], [ "R", 9 ], [ "R", 2 ], [ "R", 2 ], [ "R", 2 ], [ "R", 15 ], [ "R", 9 ], [ "R", 10 ], [ "R", 10 ], [ "R", 10 ], [ "R", 2 ], [ "R", 10 ], [ "R", 10 ], [ "R", 9 ], [ "R", 9 ], [ "R", 9 ], [ "R", 10 ], [ "R", 10 ], [ "R", 10 ], [ "R", 10 ], [ "R", 10 ], [ "R", 10 ], [ "R", 9 ], [ "R", 9 ], [ "R", 9 ], [ "R", 10 ], [ "R", 10 ], [ "W", 10 ], [ "R", 9 ], [ "R", 9 ], [ "R", 9 ], [ "R", 2 ], [ "R", 2 ], [ "R", 2 ], [ "R", 15 ], [ "R", 9 ], [ "R", 10 ], [ "R", 2 ], [ "R", 9 ], [ "R", 9 ], [ "R", 9 ], [ "R", 10 ], [ "R", 9 ], [ "R", 10 ], [ "R", 10 ], [ "R", 10 ], [ "R", 10 ], [ "R", 10 ], [ "R", 10 ], [ "R", 10 ], [ "R", 9 ], [ "R", 10 ], [ "R", 10 ], [ "R", 10 ], [ "R", 10 ], [ "R", 2 ], [ "R", 10 ] ]
    } ]
  },
  "AdvertisementAdministratorController.list" : {
    "t" : [ {
      "id" : 0,
      "a" : [ [ "R", 4 ], [ "R", 4 ] ]
    } ]
  },
  "VolumeCustomerController.display" : {
    "t" : [ {
      "id" : 0,
      "a" : [ [ "R", 16 ], [ "R", 9 ], [ "R", 9 ], [ "R", 8 ], [ "R", 8 ], [ "R", 8 ], [ "R", 15 ], [ "R", 9 ], [ "R", 11 ], [ "R", 11 ], [ "R", 16 ], [ "R", 11 ], [ "R", 11 ], [ "R", 16 ], [ "R", 11 ], [ "R", 9 ], [ "R", 9 ], [ "R", 17 ], [ "R", 17 ], [ "R", 17 ], [ "R", 8 ], [ "R", 17 ], [ "R", 16 ], [ "R", 14 ], [ "R", 14 ], [ "R", 14 ], [ "R", 16 ] ]
    } ]
  },
  "AdvertisementAdministratorController.listTabooed" : {
    "t" : [ {
      "id" : 0,
      "a" : [ [ "R", 4 ], [ "R", 4 ], [ "R", 4 ] ]
    } ]
  },
  "ANMessageCustomerController.save" : {
    "t" : [ {
      "id" : 0,
      "a" : [ [ "R", 9 ], [ "R", 9 ], [ "R", 2 ], [ "R", 2 ], [ "R", 2 ], [ "R", 15 ], [ "R", 9 ], [ "R", 9 ], [ "R", 2 ], [ "R", 2 ], [ "R", 2 ], [ "R", 15 ], [ "W", 1 ], [ "W", 2 ], [ "W", 1 ], [ "R", 9 ], [ "R", 10 ], [ "R", 10 ], [ "R", 10 ], [ "R", 2 ], [ "R", 10 ], [ "W", 1 ], [ "W", 10 ], [ "W", 1 ], [ "W", 1 ], [ "W", 1 ], [ "W", 1 ], [ "W", 2 ], [ "W", 1 ], [ "W", 2 ], [ "R", 1 ], [ "R", 2 ], [ "R", 2 ], [ "R", 9 ], [ "R", 10 ], [ "R", 10 ], [ "R", 10 ], [ "R", 2 ], [ "R", 10 ], [ "W", 1 ], [ "W", 1 ], [ "W", 2 ], [ "W", 1 ], [ "W", 10 ], [ "R", 2 ], [ "R", 1 ], [ "R", 2 ], [ "R", 9 ], [ "R", 9 ], [ "R", 9 ], [ "R", 2 ], [ "R", 2 ], [ "R", 2 ], [ "R", 15 ], [ "W", 1 ], [ "W", 2 ], [ "R", 1 ], [ "R", 1 ], [ "R", 13 ], [ "R", 13 ], [ "W", 1 ], [ "R", 9 ], [ "R", 10 ], [ "R", 10 ], [ "R", 10 ], [ "R", 2 ], [ "R", 10 ], [ "W", 1 ], [ "W", 10 ], [ "R", 9 ], [ "R", 9 ], [ "R", 2 ], [ "R", 2 ], [ "R", 2 ], [ "R", 15 ], [ "R", 1 ], [ "R", 10 ], [ "R", 1 ], [ "R", 10 ], [ "R", 10 ], [ "R", 2 ], [ "R", 9 ], [ "R", 9 ], [ "R", 9 ], [ "R", 1 ], [ "R", 2 ], [ "R", 9 ], [ "R", 9 ], [ "R", 9 ], [ "R", 9 ], [ "W", 1 ], [ "R", 1 ], [ "R", 10 ], [ "W", 10 ], [ "R", 10 ], [ "R", 1 ], [ "W", 10 ], [ "R", 2 ], [ "R", 1 ], [ "W", 2 ], [ "R", 9 ], [ "R", 9 ], [ "R", 2 ], [ "R", 2 ], [ "R", 2 ], [ "R", 15 ], [ "W", 1 ], [ "W", 2 ], [ "W", 1 ], [ "R", 9 ], [ "R", 10 ], [ "R", 10 ], [ "R", 10 ], [ "R", 2 ], [ "R", 10 ], [ "W", 1 ], [ "W", 10 ], [ "R", 1 ], [ "W", 1 ], [ "R", 1 ], [ "W", 1 ], [ "R", 1 ], [ "R", 2 ], [ "W", 1 ], [ "W", 2 ], [ "W", 1 ], [ "W", 2 ], [ "R", 1 ], [ "W", 1 ], [ "W", 1 ], [ "R", 9 ], [ "R", 10 ], [ "R", 10 ], [ "R", 10 ], [ "R", 2 ], [ "R", 10 ], [ "R", 9 ], [ "R", 10 ], [ "R", 10 ], [ "R", 10 ], [ "R", 2 ], [ "R", 10 ], [ "W", 1 ], [ "W", 10 ], [ "R", 9 ], [ "R", 9 ], [ "R", 2 ], [ "R", 2 ], [ "R", 2 ], [ "R", 15 ], [ "R", 1 ], [ "R", 10 ], [ "R", 1 ], [ "R", 10 ], [ "R", 10 ], [ "R", 2 ], [ "R", 9 ], [ "R", 9 ], [ "R", 9 ], [ "R", 1 ], [ "R", 2 ], [ "R", 9 ], [ "R", 9 ], [ "R", 9 ], [ "R", 9 ], [ "W", 1 ], [ "R", 1 ], [ "R", 10 ], [ "W", 10 ], [ "R", 10 ], [ "R", 1 ], [ "W", 10 ], [ "R", 2 ], [ "R", 1 ], [ "W", 2 ], [ "R", 2 ] ]
    } ]
  },
  "ANMessageCustomerController.delete" : {
    "t" : [ {
      "id" : 0,
      "a" : [ [ "R", 9 ], [ "R", 9 ], [ "R", 2 ], [ "R", 2 ], [ "R", 2 ], [ "R", 15 ], [ "R", 1 ], [ "R", 2 ], [ "R", 1 ], [ "R", 2 ], [ "R", 1 ], [ "R", 9 ], [ "R", 9 ], [ "R", 2 ], [ "R", 2 ], [ "R", 2 ], [ "R", 15 ], [ "R", 2 ], [ "R", 1 ], [ "R", 2 ], [ "R", 1 ], [ "R", 1 ], [ "R", 10 ], [ "R", 10 ], [ "R", 2 ], [ "R", 9 ], [ "R", 9 ], [ "R", 9 ], [ "R", 1 ], [ "R", 10 ], [ "R", 10 ], [ "R", 2 ], [ "R", 1 ], [ "R", 2 ], [ "R", 1 ], [ "W", 1 ], [ "R", 9 ], [ "R", 10 ], [ "R", 10 ], [ "R", 10 ], [ "R", 2 ], [ "R", 10 ], [ "W", 1 ], [ "W", 10 ], [ "R", 9 ], [ "R", 9 ], [ "R", 2 ], [ "R", 2 ], [ "R", 2 ], [ "R", 15 ], [ "R", 1 ], [ "R", 10 ], [ "R", 1 ], [ "R", 10 ], [ "R", 10 ], [ "R", 2 ], [ "R", 9 ], [ "R", 9 ], [ "R", 9 ], [ "R", 1 ], [ "R", 2 ], [ "R", 9 ], [ "R", 9 ], [ "R", 9 ], [ "R", 9 ], [ "W", 1 ], [ "R", 1 ], [ "R", 10 ], [ "W", 10 ] ]
    } ]
  },
  "ANMessageAgentController.edit" : {
    "t" : [ {
      "id" : 0,
      "a" : [ [ "R", 9 ], [ "R", 9 ], [ "R", 2 ], [ "R", 2 ], [ "R", 2 ], [ "R", 15 ], [ "R", 1 ], [ "R", 2 ], [ "R", 1 ], [ "R", 2 ], [ "R", 1 ], [ "R", 1 ], [ "R", 10 ], [ "R", 9 ], [ "R", 9 ], [ "R", 2 ], [ "R", 2 ], [ "R", 2 ], [ "R", 15 ], [ "R", 9 ], [ "R", 9 ], [ "R", 10 ], [ "R", 10 ], [ "R", 10 ], [ "R", 10 ], [ "R", 2 ] ]
    } ]
  },
  "NewspaperAgentController.display" : {
    "t" : [ {
      "id" : 0,
      "a" : [ [ "R", 11 ], [ "R", 9 ], [ "R", 9 ], [ "R", 5 ], [ "R", 5 ], [ "R", 5 ], [ "R", 15 ], [ "R", 9 ], [ "R", 14 ], [ "R", 11 ], [ "R", 14 ], [ "R", 11 ], [ "R", 11 ], [ "R", 14 ], [ "R", 11 ], [ "R", 11 ], [ "R", 11 ], [ "R", 9 ], [ "R", 9 ], [ "R", 4 ], [ "R", 11 ], [ "R", 4 ], [ "R", 11 ], [ "R", 4 ], [ "R", 11 ], [ "R", 11 ], [ "R", 4 ], [ "R", 5 ], [ "R", 9 ], [ "R", 6 ], [ "R", 6 ], [ "R", 6 ], [ "R", 6 ], [ "R", 11 ] ]
    } ]
  },
  "ArticleAdministratorController.delete" : {
    "t" : [ {
      "id" : 0,
      "a" : [ [ "R", 6 ], [ "R", 6 ] ]
    } ]
  },
  "FolderAdministratorController.edit" : {
    "t" : [ {
      "id" : 0,
      "a" : [ [ "R", 9 ], [ "R", 9 ], [ "R", 2 ], [ "R", 2 ], [ "R", 2 ], [ "R", 15 ], [ "R", 10 ], [ "R", 10 ], [ "R", 2 ], [ "R", 9 ], [ "R", 9 ], [ "R", 9 ], [ "R", 10 ], [ "R", 9 ], [ "R", 9 ], [ "R", 9 ], [ "R", 2 ], [ "R", 2 ], [ "R", 2 ], [ "R", 15 ], [ "R", 9 ], [ "R", 10 ], [ "R", 2 ], [ "R", 9 ], [ "R", 9 ], [ "R", 9 ], [ "R", 10 ], [ "R", 9 ], [ "R", 10 ], [ "R", 10 ], [ "R", 10 ], [ "R", 10 ], [ "R", 10 ], [ "R", 10 ], [ "R", 10 ], [ "R", 9 ], [ "R", 10 ], [ "R", 10 ], [ "R", 10 ], [ "R", 10 ], [ "R", 2 ], [ "R", 10 ] ]
    } ]
  },
  "UserUserController.listFollowers" : {
    "t" : [ {
      "id" : 0,
      "a" : [ [ "R", 9 ], [ "R", 9 ], [ "R", 14 ], [ "R", 14 ], [ "R", 14 ], [ "R", 15 ], [ "R", 9 ], [ "R", 14 ], [ "R", 14 ], [ "R", 14 ], [ "R", 14 ], [ "R", 14 ], [ "R", 14 ], [ "R", 14 ] ]
    } ]
  },
  "FolderAdministratorController.create" : {
    "t" : [ {
      "id" : 0,
      "a" : [ [ "R", 9 ], [ "R", 9 ], [ "R", 2 ], [ "R", 2 ], [ "R", 2 ], [ "R", 15 ], [ "R", 10 ], [ "W", 10 ], [ "W", 10 ], [ "W", 1 ], [ "W", 10 ], [ "W", 10 ], [ "W", 10 ], [ "W", 2 ], [ "W", 10 ], [ "W", 10 ], [ "R", 10 ], [ "R", 10 ], [ "W", 10 ], [ "W", 10 ], [ "W", 1 ], [ "W", 10 ], [ "W", 10 ], [ "W", 10 ], [ "W", 2 ], [ "W", 10 ], [ "W", 10 ], [ "R", 10 ], [ "R", 10 ], [ "R", 9 ], [ "R", 9 ], [ "R", 9 ], [ "R", 2 ], [ "R", 2 ], [ "R", 2 ], [ "R", 15 ], [ "R", 9 ], [ "R", 10 ], [ "R", 2 ], [ "R", 9 ], [ "R", 9 ], [ "R", 9 ], [ "R", 10 ], [ "R", 9 ], [ "R", 10 ], [ "R", 10 ], [ "R", 10 ], [ "R", 10 ], [ "R", 10 ], [ "R", 10 ], [ "R", 10 ], [ "R", 9 ], [ "R", 10 ], [ "R", 10 ], [ "R", 10 ], [ "R", 10 ], [ "R", 2 ], [ "R", 10 ] ]
    } ]
  },
  "ChirpAdministratorController.list" : {
    "t" : [ {
      "id" : 0,
      "a" : [ [ "R", 7 ], [ "R", 7 ], [ "R", 7 ] ]
    } ]
  },
  "NewspaperUserController.unprivatize" : {
    "t" : [ {
      "id" : 0,
      "a" : [ [ "R", 11 ], [ "R", 11 ], [ "W", 11 ], [ "R", 9 ], [ "R", 9 ], [ "R", 14 ], [ "R", 14 ], [ "R", 14 ], [ "R", 15 ], [ "R", 9 ], [ "R", 14 ], [ "R", 11 ], [ "R", 9 ], [ "R", 9 ], [ "R", 9 ], [ "R", 5 ], [ "R", 5 ], [ "R", 5 ], [ "R", 15 ], [ "R", 9 ], [ "R", 9 ], [ "R", 3 ], [ "R", 3 ], [ "R", 3 ], [ "R", 15 ], [ "R", 9 ], [ "R", 11 ], [ "R", 11 ], [ "R", 11 ], [ "R", 11 ], [ "R", 11 ], [ "R", 11 ], [ "R", 11 ], [ "R", 11 ], [ "R", 11 ], [ "R", 11 ], [ "R", 11 ], [ "R", 11 ], [ "R", 11 ], [ "R", 11 ], [ "R", 11 ], [ "R", 13 ], [ "R", 13 ], [ "W", 11 ], [ "W", 11 ], [ "R", 9 ], [ "R", 14 ], [ "R", 11 ] ]
    } ]
  },
  "NewspaperAdministratorController.delete" : {
    "t" : [ {
      "id" : 0,
      "a" : [ [ "R", 9 ], [ "R", 11 ], [ "R", 9 ], [ "R", 9 ], [ "R", 3 ], [ "R", 3 ], [ "R", 3 ], [ "R", 15 ], [ "R", 11 ], [ "R", 6 ], [ "R", 9 ], [ "R", 9 ], [ "R", 3 ], [ "R", 3 ], [ "R", 3 ], [ "R", 15 ], [ "R", 6 ], [ "R", 6 ], [ "R", 9 ], [ "R", 6 ], [ "W", 6 ], [ "W", 6 ], [ "W", 6 ], [ "R", 6 ], [ "R", 11 ], [ "R", 11 ], [ "R", 6 ], [ "W", 6 ], [ "R", 9 ], [ "R", 12 ], [ "R", 12 ], [ "R", 12 ], [ "R", 11 ], [ "R", 9 ], [ "R", 9 ], [ "R", 3 ], [ "R", 3 ], [ "R", 3 ], [ "R", 15 ], [ "R", 12 ], [ "R", 8 ], [ "R", 8 ], [ "R", 12 ], [ "R", 12 ], [ "R", 8 ], [ "R", 9 ], [ "R", 9 ], [ "R", 9 ], [ "R", 3 ], [ "R", 3 ], [ "R", 3 ], [ "R", 15 ], [ "W", 8 ], [ "W", 12 ], [ "R", 14 ], [ "R", 14 ], [ "R", 14 ], [ "R", 11 ], [ "R", 14 ], [ "R", 11 ], [ "W", 11 ] ]
    } ]
  },
  "ANMessageCustomerController.display" : {
    "t" : [ {
      "id" : 0,
      "a" : [ [ "R", 9 ], [ "R", 9 ], [ "R", 2 ], [ "R", 2 ], [ "R", 2 ], [ "R", 15 ], [ "R", 1 ], [ "R", 2 ], [ "R", 1 ], [ "R", 2 ], [ "R", 1 ] ]
    } ]
  },
  "ANMessageUserController.display" : {
    "t" : [ {
      "id" : 0,
      "a" : [ [ "R", 9 ], [ "R", 9 ], [ "R", 2 ], [ "R", 2 ], [ "R", 2 ], [ "R", 15 ], [ "R", 1 ], [ "R", 2 ], [ "R", 1 ], [ "R", 2 ], [ "R", 1 ] ]
    } ]
  },
  "FolderUserController.save" : {
    "t" : [ {
      "id" : 0,
      "a" : [ [ "R", 9 ], [ "W", 10 ], [ "W", 10 ], [ "R", 9 ], [ "R", 9 ], [ "R", 2 ], [ "R", 2 ], [ "R", 2 ], [ "R", 15 ], [ "W", 10 ], [ "W", 2 ], [ "W", 10 ], [ "W", 1 ], [ "W", 10 ], [ "R", 9 ], [ "R", 10 ], [ "R", 10 ], [ "R", 10 ], [ "W", 10 ], [ "W", 10 ], [ "R", 10 ], [ "R", 1 ], [ "W", 10 ], [ "W", 1 ], [ "R", 10 ], [ "W", 10 ], [ "R", 10 ], [ "R", 2 ], [ "W", 10 ], [ "W", 2 ], [ "R", 9 ], [ "R", 9 ], [ "R", 9 ], [ "R", 2 ], [ "R", 2 ], [ "R", 2 ], [ "R", 15 ], [ "R", 9 ], [ "R", 10 ], [ "R", 2 ], [ "R", 9 ], [ "R", 9 ], [ "R", 9 ], [ "R", 10 ], [ "R", 9 ], [ "R", 10 ], [ "R", 10 ], [ "R", 10 ], [ "R", 10 ], [ "R", 10 ], [ "R", 10 ], [ "R", 10 ], [ "R", 9 ], [ "R", 10 ], [ "R", 10 ], [ "R", 10 ], [ "R", 10 ], [ "R", 2 ], [ "R", 10 ], [ "R", 9 ], [ "R", 9 ], [ "R", 2 ], [ "R", 2 ], [ "R", 2 ], [ "R", 15 ], [ "R", 10 ], [ "R", 2 ], [ "R", 9 ], [ "R", 9 ], [ "R", 9 ], [ "R", 10 ], [ "R", 10 ], [ "R", 2 ], [ "R", 2 ], [ "R", 15 ], [ "R", 9 ], [ "R", 9 ], [ "R", 9 ], [ "R", 9 ], [ "R", 10 ], [ "R", 10 ], [ "R", 10 ], [ "R", 10 ], [ "R", 10 ], [ "R", 10 ], [ "R", 10 ], [ "R", 10 ], [ "R", 10 ], [ "R", 9 ], [ "R", 9 ], [ "R", 9 ], [ "R", 10 ], [ "R", 10 ], [ "R", 10 ], [ "R", 2 ], [ "R", 9 ], [ "R", 9 ], [ "R", 9 ], [ "R", 10 ], [ "R", 10 ], [ "R", 10 ], [ "R", 10 ], [ "R", 10 ], [ "R", 10 ], [ "R", 9 ], [ "R", 9 ], [ "R", 9 ], [ "R", 10 ], [ "R", 10 ], [ "R", 10 ], [ "R", 10 ], [ "R", 9 ], [ "R", 9 ], [ "R", 9 ], [ "R", 2 ], [ "R", 2 ], [ "R", 2 ], [ "R", 15 ], [ "R", 9 ], [ "R", 10 ], [ "R", 10 ], [ "R", 10 ], [ "R", 2 ], [ "R", 10 ], [ "R", 10 ], [ "R", 9 ], [ "R", 9 ], [ "R", 9 ], [ "R", 10 ], [ "R", 10 ], [ "R", 10 ], [ "R", 10 ], [ "R", 10 ], [ "R", 10 ], [ "R", 9 ], [ "R", 9 ], [ "R", 9 ], [ "R", 10 ], [ "R", 10 ], [ "W", 10 ], [ "R", 9 ], [ "R", 9 ], [ "R", 9 ], [ "R", 2 ], [ "R", 2 ], [ "R", 2 ], [ "R", 15 ], [ "R", 9 ], [ "R", 10 ], [ "R", 2 ], [ "R", 9 ], [ "R", 9 ], [ "R", 9 ], [ "R", 10 ], [ "R", 9 ], [ "R", 10 ], [ "R", 10 ], [ "R", 10 ], [ "R", 10 ], [ "R", 10 ], [ "R", 10 ], [ "R", 10 ], [ "R", 9 ], [ "R", 10 ], [ "R", 10 ], [ "R", 10 ], [ "R", 10 ], [ "R", 2 ], [ "R", 10 ] ]
    } ]
  },
  "ANMessageAdministratorController.display" : {
    "t" : [ {
      "id" : 0,
      "a" : [ [ "R", 9 ], [ "R", 9 ], [ "R", 2 ], [ "R", 2 ], [ "R", 2 ], [ "R", 15 ], [ "R", 1 ], [ "R", 2 ], [ "R", 1 ], [ "R", 2 ], [ "R", 1 ] ]
    } ]
  },
  "FolderAdministratorController.delete" : {
    "t" : [ {
      "id" : 0,
      "a" : [ [ "R", 9 ], [ "W", 10 ], [ "W", 10 ], [ "R", 9 ], [ "R", 9 ], [ "R", 2 ], [ "R", 2 ], [ "R", 2 ], [ "R", 15 ], [ "W", 10 ], [ "W", 2 ], [ "W", 10 ], [ "W", 1 ], [ "W", 10 ], [ "R", 9 ], [ "R", 10 ], [ "R", 10 ], [ "R", 10 ], [ "W", 10 ], [ "W", 10 ], [ "R", 10 ], [ "R", 1 ], [ "W", 10 ], [ "W", 1 ], [ "R", 10 ], [ "W", 10 ], [ "R", 10 ], [ "R", 2 ], [ "W", 10 ], [ "W", 2 ], [ "R", 10 ], [ "R", 9 ], [ "R", 9 ], [ "R", 2 ], [ "R", 2 ], [ "R", 2 ], [ "R", 15 ], [ "R", 10 ], [ "R", 2 ], [ "R", 9 ], [ "R", 9 ], [ "R", 9 ], [ "R", 10 ], [ "R", 1 ], [ "R", 9 ], [ "R", 9 ], [ "R", 2 ], [ "R", 2 ], [ "R", 2 ], [ "R", 15 ], [ "R", 2 ], [ "R", 1 ], [ "R", 2 ], [ "R", 1 ], [ "R", 1 ], [ "R", 10 ], [ "R", 10 ], [ "R", 2 ], [ "R", 9 ], [ "R", 9 ], [ "R", 9 ], [ "R", 1 ], [ "R", 10 ], [ "R", 10 ], [ "R", 2 ], [ "R", 1 ], [ "R", 2 ], [ "R", 1 ], [ "W", 1 ], [ "R", 9 ], [ "R", 10 ], [ "R", 10 ], [ "R", 10 ], [ "R", 2 ], [ "R", 10 ], [ "W", 1 ], [ "W", 10 ], [ "R", 9 ], [ "R", 9 ], [ "R", 2 ], [ "R", 2 ], [ "R", 2 ], [ "R", 15 ], [ "R", 1 ], [ "R", 10 ], [ "R", 1 ], [ "R", 10 ], [ "R", 10 ], [ "R", 2 ], [ "R", 9 ], [ "R", 9 ], [ "R", 9 ], [ "R", 1 ], [ "R", 2 ], [ "R", 9 ], [ "R", 9 ], [ "R", 9 ], [ "R", 9 ], [ "W", 1 ], [ "R", 1 ], [ "R", 10 ], [ "W", 10 ], [ "R", 10 ], [ "R", 10 ], [ "R", 10 ], [ "R", 10 ], [ "R", 10 ], [ "R", 10 ], [ "R", 10 ], [ "R", 10 ], [ "W", 10 ], [ "R", 9 ], [ "R", 9 ], [ "R", 9 ], [ "R", 2 ], [ "R", 2 ], [ "R", 2 ], [ "R", 15 ], [ "R", 9 ], [ "R", 10 ], [ "R", 2 ], [ "R", 9 ], [ "R", 9 ], [ "R", 9 ], [ "R", 10 ], [ "R", 9 ], [ "R", 10 ], [ "R", 10 ], [ "R", 10 ], [ "R", 10 ], [ "R", 10 ], [ "R", 10 ], [ "R", 10 ], [ "R", 9 ], [ "R", 10 ], [ "R", 10 ], [ "R", 10 ], [ "R", 10 ], [ "R", 2 ], [ "R", 10 ] ]
    } ]
  },
  "FolderUserController.delete" : {
    "t" : [ {
      "id" : 0,
      "a" : [ [ "R", 9 ], [ "W", 10 ], [ "W", 10 ], [ "R", 9 ], [ "R", 9 ], [ "R", 2 ], [ "R", 2 ], [ "R", 2 ], [ "R", 15 ], [ "W", 10 ], [ "W", 2 ], [ "W", 10 ], [ "W", 1 ], [ "W", 10 ], [ "R", 9 ], [ "R", 10 ], [ "R", 10 ], [ "R", 10 ], [ "W", 10 ], [ "W", 10 ], [ "R", 10 ], [ "R", 1 ], [ "W", 10 ], [ "W", 1 ], [ "R", 10 ], [ "W", 10 ], [ "R", 10 ], [ "R", 2 ], [ "W", 10 ], [ "W", 2 ], [ "R", 10 ], [ "R", 9 ], [ "R", 9 ], [ "R", 2 ], [ "R", 2 ], [ "R", 2 ], [ "R", 15 ], [ "R", 10 ], [ "R", 2 ], [ "R", 9 ], [ "R", 9 ], [ "R", 9 ], [ "R", 10 ], [ "R", 1 ], [ "R", 9 ], [ "R", 9 ], [ "R", 2 ], [ "R", 2 ], [ "R", 2 ], [ "R", 15 ], [ "R", 2 ], [ "R", 1 ], [ "R", 2 ], [ "R", 1 ], [ "R", 1 ], [ "R", 10 ], [ "R", 10 ], [ "R", 2 ], [ "R", 9 ], [ "R", 9 ], [ "R", 9 ], [ "R", 1 ], [ "R", 10 ], [ "R", 10 ], [ "R", 2 ], [ "R", 1 ], [ "R", 2 ], [ "R", 1 ], [ "W", 1 ], [ "R", 9 ], [ "R", 10 ], [ "R", 10 ], [ "R", 10 ], [ "R", 2 ], [ "R", 10 ], [ "W", 1 ], [ "W", 10 ], [ "R", 9 ], [ "R", 9 ], [ "R", 2 ], [ "R", 2 ], [ "R", 2 ], [ "R", 15 ], [ "R", 1 ], [ "R", 10 ], [ "R", 1 ], [ "R", 10 ], [ "R", 10 ], [ "R", 2 ], [ "R", 9 ], [ "R", 9 ], [ "R", 9 ], [ "R", 1 ], [ "R", 2 ], [ "R", 9 ], [ "R", 9 ], [ "R", 9 ], [ "R", 9 ], [ "W", 1 ], [ "R", 1 ], [ "R", 10 ], [ "W", 10 ], [ "R", 10 ], [ "R", 10 ], [ "R", 10 ], [ "R", 10 ], [ "R", 10 ], [ "R", 10 ], [ "R", 10 ], [ "R", 10 ], [ "W", 10 ], [ "R", 9 ], [ "R", 9 ], [ "R", 9 ], [ "R", 2 ], [ "R", 2 ], [ "R", 2 ], [ "R", 15 ], [ "R", 9 ], [ "R", 10 ], [ "R", 2 ], [ "R", 9 ], [ "R", 9 ], [ "R", 9 ], [ "R", 10 ], [ "R", 9 ], [ "R", 10 ], [ "R", 10 ], [ "R", 10 ], [ "R", 10 ], [ "R", 10 ], [ "R", 10 ], [ "R", 10 ], [ "R", 9 ], [ "R", 10 ], [ "R", 10 ], [ "R", 10 ], [ "R", 10 ], [ "R", 2 ], [ "R", 10 ] ]
    } ]
  },
  "UserUserController.follow" : {
    "t" : [ {
      "id" : 0,
      "a" : [ [ "R", 14 ], [ "R", 9 ], [ "R", 9 ], [ "R", 9 ], [ "R", 14 ], [ "R", 14 ], [ "R", 14 ], [ "R", 15 ], [ "R", 14 ], [ "R", 14 ], [ "R", 14 ], [ "R", 14 ], [ "W", 14 ], [ "R", 14 ], [ "R", 9 ], [ "R", 6 ], [ "R", 6 ], [ "R", 6 ], [ "R", 11 ], [ "R", 6 ], [ "R", 14 ], [ "R", 9 ], [ "R", 9 ], [ "R", 14 ], [ "R", 14 ], [ "R", 14 ], [ "R", 15 ], [ "R", 14 ], [ "R", 14 ], [ "R", 9 ], [ "R", 7 ], [ "R", 7 ], [ "R", 7 ], [ "R", 14 ], [ "R", 9 ] ]
    } ]
  },
  "UserController.list" : {
    "t" : [ {
      "id" : 0,
      "a" : [ [ "R", 14 ], [ "R", 14 ] ]
    } ]
  },
  "SystemConfigurationAdministratorController.listTabooWords" : {
    "t" : [ {
      "id" : 0,
      "a" : [ [ "R", 13 ], [ "R", 13 ] ]
    } ]
  },
  "ArticleUserController.list" : {
    "t" : [ {
      "id" : 0,
      "a" : [ [ "R", 6 ], [ "R", 6 ], [ "R", 6 ], [ "R", 6 ], [ "R", 6 ], [ "R", 6 ], [ "R", 11 ] ]
    } ]
  },
  "FolderUserController.list" : {
    "t" : [ {
      "id" : 0,
      "a" : [ [ "R", 9 ], [ "R", 9 ], [ "R", 2 ], [ "R", 2 ], [ "R", 2 ], [ "R", 15 ], [ "R", 9 ], [ "R", 9 ], [ "R", 2 ], [ "R", 2 ], [ "R", 2 ], [ "R", 15 ], [ "R", 9 ], [ "R", 10 ], [ "R", 10 ], [ "R", 10 ], [ "R", 2 ], [ "R", 10 ], [ "R", 10 ], [ "R", 10 ], [ "R", 10 ], [ "R", 2 ], [ "R", 9 ], [ "R", 9 ], [ "R", 9 ], [ "R", 9 ], [ "R", 9 ], [ "R", 2 ], [ "R", 2 ], [ "R", 2 ], [ "R", 15 ], [ "R", 9 ], [ "R", 9 ], [ "R", 10 ], [ "R", 10 ], [ "R", 10 ], [ "R", 10 ], [ "R", 10 ], [ "R", 2 ], [ "R", 9 ], [ "R", 1 ], [ "R", 1 ], [ "R", 1 ], [ "R", 10 ] ]
    } ]
  },
  "SubscriptionCustomerController.create" : {
    "t" : [ {
      "id" : 0,
      "a" : [ [ "R", 11 ], [ "R", 11 ], [ "R", 11 ], [ "R", 9 ], [ "R", 9 ], [ "R", 8 ], [ "R", 8 ], [ "R", 8 ], [ "R", 15 ], [ "R", 9 ], [ "R", 9 ], [ "R", 8 ], [ "R", 8 ], [ "R", 8 ], [ "R", 15 ], [ "W", 12 ], [ "W", 8 ], [ "W", 12 ], [ "W", 11 ], [ "R", 9 ], [ "R", 9 ], [ "R", 12 ], [ "R", 12 ], [ "R", 12 ], [ "R", 8 ], [ "R", 12 ], [ "R", 11 ], [ "R", 9 ], [ "R", 9 ], [ "R", 17 ], [ "R", 11 ], [ "R", 17 ], [ "R", 17 ], [ "R", 8 ], [ "R", 11 ], [ "R", 11 ], [ "R", 17 ], [ "R", 16 ], [ "R", 11 ] ]
    } ]
  },
  "UserUserController.list" : {
    "t" : [ {
      "id" : 0,
      "a" : [ [ "R", 14 ], [ "R", 14 ] ]
    } ]
  },
  "ArticleUserController.display" : {
    "t" : [ {
      "id" : 0,
      "a" : [ [ "R", 6 ], [ "R", 9 ], [ "R", 9 ], [ "R", 14 ], [ "R", 14 ], [ "R", 14 ], [ "R", 15 ], [ "R", 6 ], [ "R", 14 ], [ "R", 9 ], [ "R", 9 ], [ "R", 9 ], [ "R", 6 ], [ "R", 14 ], [ "R", 9 ], [ "R", 9 ], [ "R", 9 ], [ "R", 6 ], [ "R", 6 ], [ "R", 6 ], [ "R", 14 ], [ "R", 11 ], [ "R", 6 ], [ "R", 11 ], [ "R", 6 ], [ "R", 14 ], [ "R", 9 ], [ "R", 9 ], [ "R", 9 ], [ "R", 6 ], [ "R", 6 ], [ "R", 6 ], [ "R", 6 ], [ "R", 6 ], [ "R", 14 ], [ "R", 11 ], [ "R", 6 ], [ "R", 6 ], [ "R", 6 ], [ "R", 11 ], [ "R", 6 ], [ "R", 11 ], [ "R", 11 ], [ "R", 4 ], [ "R", 9 ], [ "R", 6 ], [ "R", 6 ], [ "R", 6 ], [ "R", 6 ] ]
    } ]
  },
  "VolumeAdministratorController.display" : {
    "t" : [ {
      "id" : 0,
      "a" : [ [ "R", 16 ], [ "R", 9 ], [ "R", 11 ], [ "R", 11 ], [ "R", 16 ], [ "R", 11 ], [ "R", 11 ], [ "R", 16 ], [ "R", 14 ], [ "R", 14 ], [ "R", 14 ], [ "R", 16 ] ]
    } ]
  },
  "ArticleCustomerController.display" : {
    "t" : [ {
      "id" : 0,
      "a" : [ [ "R", 6 ], [ "R", 9 ], [ "R", 9 ], [ "R", 8 ], [ "R", 8 ], [ "R", 8 ], [ "R", 15 ], [ "R", 6 ], [ "R", 6 ], [ "R", 6 ], [ "R", 11 ], [ "R", 9 ], [ "R", 9 ], [ "R", 12 ], [ "R", 12 ], [ "R", 12 ], [ "R", 8 ], [ "R", 12 ], [ "R", 11 ], [ "R", 6 ], [ "R", 11 ], [ "R", 11 ], [ "R", 6 ], [ "R", 11 ], [ "R", 9 ], [ "R", 9 ], [ "R", 17 ], [ "R", 11 ], [ "R", 17 ], [ "R", 17 ], [ "R", 8 ], [ "R", 11 ], [ "R", 11 ], [ "R", 17 ], [ "R", 16 ], [ "R", 11 ], [ "R", 6 ], [ "R", 6 ], [ "R", 6 ], [ "R", 6 ], [ "R", 11 ], [ "R", 9 ], [ "R", 9 ], [ "R", 12 ], [ "R", 12 ], [ "R", 12 ], [ "R", 8 ], [ "R", 12 ], [ "R", 11 ], [ "R", 6 ], [ "R", 6 ], [ "R", 6 ], [ "R", 11 ], [ "R", 11 ], [ "R", 6 ], [ "R", 6 ], [ "R", 6 ], [ "R", 11 ], [ "R", 9 ], [ "R", 9 ], [ "R", 17 ], [ "R", 11 ], [ "R", 17 ], [ "R", 17 ], [ "R", 8 ], [ "R", 11 ], [ "R", 11 ], [ "R", 17 ], [ "R", 16 ], [ "R", 11 ], [ "R", 6 ], [ "R", 6 ], [ "R", 6 ], [ "R", 6 ], [ "R", 11 ], [ "R", 11 ], [ "R", 4 ], [ "R", 9 ], [ "R", 6 ], [ "R", 6 ], [ "R", 6 ], [ "R", 6 ] ]
    } ]
  },
  "SystemConfigurationAdministratorController.deleteTabooWord" : {
    "t" : [ {
      "id" : 0,
      "a" : [ [ "R", 13 ], [ "R", 13 ], [ "R", 9 ], [ "R", 9 ], [ "R", 3 ], [ "R", 3 ], [ "R", 3 ], [ "R", 15 ], [ "R", 13 ], [ "R", 13 ], [ "W", 13 ], [ "R", 9 ], [ "R", 9 ], [ "R", 3 ], [ "R", 3 ], [ "R", 3 ], [ "R", 15 ], [ "R", 13 ], [ "R", 9 ], [ "R", 9 ], [ "R", 9 ], [ "W", 13 ], [ "W", 13 ], [ "R", 7 ], [ "R", 7 ], [ "R", 7 ], [ "R", 6 ], [ "R", 6 ], [ "R", 6 ], [ "R", 11 ], [ "R", 11 ], [ "R", 11 ], [ "R", 4 ], [ "R", 4 ], [ "R", 4 ], [ "R", 9 ], [ "R", 9 ], [ "R", 3 ], [ "R", 3 ], [ "R", 3 ], [ "R", 15 ], [ "R", 7 ], [ "R", 7 ], [ "R", 13 ], [ "R", 13 ], [ "W", 7 ], [ "W", 7 ], [ "R", 9 ], [ "R", 9 ], [ "R", 3 ], [ "R", 3 ], [ "R", 3 ], [ "R", 15 ], [ "R", 6 ], [ "R", 6 ], [ "R", 6 ], [ "R", 13 ], [ "R", 13 ], [ "W", 6 ], [ "W", 6 ], [ "R", 9 ], [ "R", 9 ], [ "R", 3 ], [ "R", 3 ], [ "R", 3 ], [ "R", 15 ], [ "R", 11 ], [ "R", 11 ], [ "R", 13 ], [ "R", 13 ], [ "W", 11 ], [ "W", 11 ], [ "R", 9 ], [ "R", 9 ], [ "R", 3 ], [ "R", 3 ], [ "R", 3 ], [ "R", 15 ], [ "R", 4 ], [ "R", 13 ], [ "R", 13 ], [ "W", 4 ], [ "W", 4 ] ]
    } ]
  },
  "FolderAgentController.delete" : {
    "t" : [ {
      "id" : 0,
      "a" : [ [ "R", 9 ], [ "W", 10 ], [ "W", 10 ], [ "R", 9 ], [ "R", 9 ], [ "R", 2 ], [ "R", 2 ], [ "R", 2 ], [ "R", 15 ], [ "W", 10 ], [ "W", 2 ], [ "W", 10 ], [ "W", 1 ], [ "W", 10 ], [ "R", 9 ], [ "R", 10 ], [ "R", 10 ], [ "R", 10 ], [ "W", 10 ], [ "W", 10 ], [ "R", 10 ], [ "R", 1 ], [ "W", 10 ], [ "W", 1 ], [ "R", 10 ], [ "W", 10 ], [ "R", 10 ], [ "R", 2 ], [ "W", 10 ], [ "W", 2 ], [ "R", 10 ], [ "R", 9 ], [ "R", 9 ], [ "R", 2 ], [ "R", 2 ], [ "R", 2 ], [ "R", 15 ], [ "R", 10 ], [ "R", 2 ], [ "R", 9 ], [ "R", 9 ], [ "R", 9 ], [ "R", 10 ], [ "R", 1 ], [ "R", 9 ], [ "R", 9 ], [ "R", 2 ], [ "R", 2 ], [ "R", 2 ], [ "R", 15 ], [ "R", 2 ], [ "R", 1 ], [ "R", 2 ], [ "R", 1 ], [ "R", 1 ], [ "R", 10 ], [ "R", 10 ], [ "R", 2 ], [ "R", 9 ], [ "R", 9 ], [ "R", 9 ], [ "R", 1 ], [ "R", 10 ], [ "R", 10 ], [ "R", 2 ], [ "R", 1 ], [ "R", 2 ], [ "R", 1 ], [ "W", 1 ], [ "R", 9 ], [ "R", 10 ], [ "R", 10 ], [ "R", 10 ], [ "R", 2 ], [ "R", 10 ], [ "W", 1 ], [ "W", 10 ], [ "R", 9 ], [ "R", 9 ], [ "R", 2 ], [ "R", 2 ], [ "R", 2 ], [ "R", 15 ], [ "R", 1 ], [ "R", 10 ], [ "R", 1 ], [ "R", 10 ], [ "R", 10 ], [ "R", 2 ], [ "R", 9 ], [ "R", 9 ], [ "R", 9 ], [ "R", 1 ], [ "R", 2 ], [ "R", 9 ], [ "R", 9 ], [ "R", 9 ], [ "R", 9 ], [ "W", 1 ], [ "R", 1 ], [ "R", 10 ], [ "W", 10 ], [ "R", 10 ], [ "R", 10 ], [ "R", 10 ], [ "R", 10 ], [ "R", 10 ], [ "R", 10 ], [ "R", 10 ], [ "R", 10 ], [ "W", 10 ], [ "R", 9 ], [ "R", 9 ], [ "R", 9 ], [ "R", 2 ], [ "R", 2 ], [ "R", 2 ], [ "R", 15 ], [ "R", 9 ], [ "R", 10 ], [ "R", 2 ], [ "R", 9 ], [ "R", 9 ], [ "R", 9 ], [ "R", 10 ], [ "R", 9 ], [ "R", 10 ], [ "R", 10 ], [ "R", 10 ], [ "R", 10 ], [ "R", 10 ], [ "R", 10 ], [ "R", 10 ], [ "R", 9 ], [ "R", 10 ], [ "R", 10 ], [ "R", 10 ], [ "R", 10 ], [ "R", 2 ], [ "R", 10 ] ]
    } ]
  },
  "NewspaperAgentController.listAdvertised" : {
    "t" : [ {
      "id" : 0,
      "a" : [ [ "R", 9 ], [ "R", 9 ], [ "R", 5 ], [ "R", 5 ], [ "R", 5 ], [ "R", 15 ], [ "R", 9 ], [ "R", 11 ], [ "R", 11 ], [ "R", 4 ], [ "R", 11 ], [ "R", 11 ], [ "R", 4 ], [ "R", 5 ] ]
    } ]
  },
  "VolumeSubscriptionCustomerController.save" : {
    "t" : [ {
      "id" : 0,
      "a" : [ [ "R", 9 ], [ "R", 9 ], [ "R", 9 ], [ "R", 8 ], [ "R", 8 ], [ "R", 8 ], [ "R", 15 ], [ "W", 17 ], [ "W", 8 ], [ "R", 9 ], [ "R", 9 ], [ "R", 9 ], [ "R", 8 ], [ "R", 8 ], [ "R", 8 ], [ "R", 15 ], [ "R", 17 ], [ "R", 16 ], [ "R", 9 ], [ "R", 9 ], [ "R", 17 ], [ "R", 17 ], [ "R", 17 ], [ "R", 8 ], [ "R", 17 ], [ "R", 16 ], [ "R", 17 ], [ "R", 8 ], [ "R", 17 ], [ "R", 8 ], [ "R", 9 ], [ "R", 9 ], [ "R", 9 ], [ "R", 17 ], [ "R", 17 ], [ "R", 17 ], [ "R", 17 ], [ "R", 17 ], [ "R", 17 ], [ "W", 17 ], [ "R", 17 ], [ "R", 16 ], [ "R", 9 ] ]
    } ]
  },
  "AdvertisementAgentController.create" : {
    "t" : [ {
      "id" : 0,
      "a" : [ [ "R", 9 ], [ "R", 9 ], [ "R", 5 ], [ "R", 5 ], [ "R", 5 ], [ "R", 15 ], [ "W", 4 ], [ "W", 5 ], [ "W", 4 ], [ "W", 4 ], [ "W", 11 ], [ "W", 4 ], [ "R", 11 ] ]
    } ]
  },
  "ChirpAdministratorController.delete" : {
    "t" : [ {
      "id" : 0,
      "a" : [ [ "R", 7 ] ]
    } ]
  },
  "NewspaperUserController.display" : {
    "t" : [ {
      "id" : 0,
      "a" : [ [ "R", 11 ], [ "R", 9 ], [ "R", 9 ], [ "R", 14 ], [ "R", 14 ], [ "R", 14 ], [ "R", 15 ], [ "R", 14 ], [ "R", 11 ], [ "R", 9 ], [ "R", 6 ], [ "R", 6 ], [ "R", 6 ], [ "R", 6 ], [ "R", 11 ], [ "R", 9 ], [ "R", 14 ], [ "R", 11 ], [ "R", 14 ], [ "R", 11 ], [ "R", 11 ], [ "R", 14 ], [ "R", 11 ], [ "R", 9 ], [ "R", 6 ], [ "R", 6 ], [ "R", 6 ], [ "R", 11 ], [ "R", 6 ], [ "R", 6 ], [ "R", 9 ], [ "R", 9 ], [ "R", 6 ], [ "R", 6 ], [ "R", 6 ], [ "R", 11 ], [ "R", 6 ], [ "R", 14 ], [ "R", 6 ], [ "R", 6 ], [ "R", 11 ], [ "R", 6 ], [ "R", 6 ], [ "R", 11 ], [ "R", 6 ], [ "R", 11 ], [ "R", 6 ], [ "R", 9 ] ]
    } ]
  },
  "NewspaperUserController.edit" : {
    "t" : [ {
      "id" : 0,
      "a" : [ [ "R", 9 ], [ "W", 11 ], [ "W", 6 ], [ "W", 11 ], [ "W", 4 ], [ "W", 11 ], [ "W", 16 ], [ "R", 9 ], [ "R", 11 ], [ "R", 11 ], [ "R", 6 ], [ "W", 11 ], [ "W", 6 ], [ "R", 11 ], [ "R", 4 ], [ "W", 11 ], [ "W", 4 ], [ "R", 11 ], [ "R", 16 ], [ "W", 11 ], [ "W", 16 ], [ "R", 9 ], [ "R", 9 ], [ "R", 14 ], [ "R", 14 ], [ "R", 14 ], [ "R", 15 ], [ "R", 9 ], [ "R", 14 ], [ "R", 11 ], [ "R", 9 ], [ "R", 9 ], [ "R", 9 ], [ "R", 5 ], [ "R", 5 ], [ "R", 5 ], [ "R", 15 ], [ "R", 9 ], [ "R", 9 ], [ "R", 3 ], [ "R", 3 ], [ "R", 3 ], [ "R", 15 ], [ "R", 9 ], [ "R", 11 ], [ "R", 11 ], [ "R", 11 ], [ "R", 11 ], [ "R", 11 ], [ "R", 11 ], [ "R", 11 ], [ "R", 11 ], [ "R", 11 ], [ "R", 11 ], [ "R", 11 ], [ "R", 11 ], [ "R", 11 ], [ "R", 11 ], [ "R", 11 ], [ "R", 13 ], [ "R", 13 ], [ "W", 11 ], [ "W", 11 ], [ "R", 9 ], [ "R", 14 ], [ "R", 11 ] ]
    } ]
  },
  "ANMessageAdministratorController.save" : {
    "t" : [ {
      "id" : 0,
      "a" : [ [ "R", 9 ], [ "R", 9 ], [ "R", 2 ], [ "R", 2 ], [ "R", 2 ], [ "R", 15 ], [ "R", 9 ], [ "R", 9 ], [ "R", 2 ], [ "R", 2 ], [ "R", 2 ], [ "R", 15 ], [ "W", 1 ], [ "W", 2 ], [ "W", 1 ], [ "R", 9 ], [ "R", 10 ], [ "R", 10 ], [ "R", 10 ], [ "R", 2 ], [ "R", 10 ], [ "W", 1 ], [ "W", 10 ], [ "W", 1 ], [ "W", 1 ], [ "W", 1 ], [ "W", 1 ], [ "W", 2 ], [ "W", 1 ], [ "W", 2 ], [ "R", 1 ], [ "R", 2 ], [ "R", 2 ], [ "R", 9 ], [ "R", 10 ], [ "R", 10 ], [ "R", 10 ], [ "R", 2 ], [ "R", 10 ], [ "W", 1 ], [ "W", 1 ], [ "W", 2 ], [ "W", 1 ], [ "W", 10 ], [ "R", 2 ], [ "R", 1 ], [ "R", 2 ], [ "R", 9 ], [ "R", 9 ], [ "R", 9 ], [ "R", 2 ], [ "R", 2 ], [ "R", 2 ], [ "R", 15 ], [ "W", 1 ], [ "W", 2 ], [ "R", 1 ], [ "R", 1 ], [ "R", 13 ], [ "R", 13 ], [ "W", 1 ], [ "R", 9 ], [ "R", 10 ], [ "R", 10 ], [ "R", 10 ], [ "R", 2 ], [ "R", 10 ], [ "W", 1 ], [ "W", 10 ], [ "R", 9 ], [ "R", 9 ], [ "R", 2 ], [ "R", 2 ], [ "R", 2 ], [ "R", 15 ], [ "R", 1 ], [ "R", 10 ], [ "R", 1 ], [ "R", 10 ], [ "R", 10 ], [ "R", 2 ], [ "R", 9 ], [ "R", 9 ], [ "R", 9 ], [ "R", 1 ], [ "R", 2 ], [ "R", 9 ], [ "R", 9 ], [ "R", 9 ], [ "R", 9 ], [ "W", 1 ], [ "R", 1 ], [ "R", 10 ], [ "W", 10 ], [ "R", 10 ], [ "R", 1 ], [ "W", 10 ], [ "R", 2 ], [ "R", 1 ], [ "W", 2 ], [ "R", 9 ], [ "R", 9 ], [ "R", 2 ], [ "R", 2 ], [ "R", 2 ], [ "R", 15 ], [ "W", 1 ], [ "W", 2 ], [ "W", 1 ], [ "R", 9 ], [ "R", 10 ], [ "R", 10 ], [ "R", 10 ], [ "R", 2 ], [ "R", 10 ], [ "W", 1 ], [ "W", 10 ], [ "R", 1 ], [ "W", 1 ], [ "R", 1 ], [ "W", 1 ], [ "R", 1 ], [ "R", 2 ], [ "W", 1 ], [ "W", 2 ], [ "W", 1 ], [ "W", 2 ], [ "R", 1 ], [ "W", 1 ], [ "W", 1 ], [ "R", 9 ], [ "R", 10 ], [ "R", 10 ], [ "R", 10 ], [ "R", 2 ], [ "R", 10 ], [ "R", 9 ], [ "R", 10 ], [ "R", 10 ], [ "R", 10 ], [ "R", 2 ], [ "R", 10 ], [ "W", 1 ], [ "W", 10 ], [ "R", 9 ], [ "R", 9 ], [ "R", 2 ], [ "R", 2 ], [ "R", 2 ], [ "R", 15 ], [ "R", 1 ], [ "R", 10 ], [ "R", 1 ], [ "R", 10 ], [ "R", 10 ], [ "R", 2 ], [ "R", 9 ], [ "R", 9 ], [ "R", 9 ], [ "R", 1 ], [ "R", 2 ], [ "R", 9 ], [ "R", 9 ], [ "R", 9 ], [ "R", 9 ], [ "W", 1 ], [ "R", 1 ], [ "R", 10 ], [ "W", 10 ], [ "R", 10 ], [ "R", 1 ], [ "W", 10 ], [ "R", 2 ], [ "R", 1 ], [ "W", 2 ], [ "R", 2 ] ]
    } ]
  },
  "ANMessageCustomerController.create" : {
    "t" : [ {
      "id" : 0,
      "a" : [ [ "R", 2 ] ]
    } ]
  },
  "NewspaperCustomerController.display" : {
    "t" : [ {
      "id" : 0,
      "a" : [ [ "R", 11 ], [ "R", 11 ], [ "R", 9 ], [ "R", 9 ], [ "R", 8 ], [ "R", 8 ], [ "R", 8 ], [ "R", 15 ], [ "R", 9 ], [ "R", 9 ], [ "R", 12 ], [ "R", 12 ], [ "R", 12 ], [ "R", 8 ], [ "R", 12 ], [ "R", 11 ], [ "R", 9 ], [ "R", 9 ], [ "R", 17 ], [ "R", 11 ], [ "R", 17 ], [ "R", 17 ], [ "R", 8 ], [ "R", 11 ], [ "R", 11 ], [ "R", 17 ], [ "R", 16 ], [ "R", 11 ], [ "R", 9 ], [ "R", 14 ], [ "R", 11 ], [ "R", 14 ], [ "R", 11 ], [ "R", 11 ], [ "R", 14 ], [ "R", 11 ], [ "R", 9 ], [ "R", 6 ], [ "R", 6 ], [ "R", 6 ], [ "R", 6 ], [ "R", 11 ] ]
    } ]
  },
  "FolderCustomerController.edit" : {
    "t" : [ {
      "id" : 0,
      "a" : [ [ "R", 9 ], [ "R", 9 ], [ "R", 2 ], [ "R", 2 ], [ "R", 2 ], [ "R", 15 ], [ "R", 10 ], [ "R", 10 ], [ "R", 2 ], [ "R", 9 ], [ "R", 9 ], [ "R", 9 ], [ "R", 10 ], [ "R", 9 ], [ "R", 9 ], [ "R", 9 ], [ "R", 2 ], [ "R", 2 ], [ "R", 2 ], [ "R", 15 ], [ "R", 9 ], [ "R", 10 ], [ "R", 2 ], [ "R", 9 ], [ "R", 9 ], [ "R", 9 ], [ "R", 10 ], [ "R", 9 ], [ "R", 10 ], [ "R", 10 ], [ "R", 10 ], [ "R", 10 ], [ "R", 10 ], [ "R", 10 ], [ "R", 10 ], [ "R", 9 ], [ "R", 10 ], [ "R", 10 ], [ "R", 10 ], [ "R", 10 ], [ "R", 2 ], [ "R", 10 ] ]
    } ]
  },
  "ANMessageAdministratorController.delete" : {
    "t" : [ {
      "id" : 0,
      "a" : [ [ "R", 9 ], [ "R", 9 ], [ "R", 2 ], [ "R", 2 ], [ "R", 2 ], [ "R", 15 ], [ "R", 1 ], [ "R", 2 ], [ "R", 1 ], [ "R", 2 ], [ "R", 1 ], [ "R", 9 ], [ "R", 9 ], [ "R", 2 ], [ "R", 2 ], [ "R", 2 ], [ "R", 15 ], [ "R", 2 ], [ "R", 1 ], [ "R", 2 ], [ "R", 1 ], [ "R", 1 ], [ "R", 10 ], [ "R", 10 ], [ "R", 2 ], [ "R", 9 ], [ "R", 9 ], [ "R", 9 ], [ "R", 1 ], [ "R", 10 ], [ "R", 10 ], [ "R", 2 ], [ "R", 1 ], [ "R", 2 ], [ "R", 1 ], [ "W", 1 ], [ "R", 9 ], [ "R", 10 ], [ "R", 10 ], [ "R", 10 ], [ "R", 2 ], [ "R", 10 ], [ "W", 1 ], [ "W", 10 ], [ "R", 9 ], [ "R", 9 ], [ "R", 2 ], [ "R", 2 ], [ "R", 2 ], [ "R", 15 ], [ "R", 1 ], [ "R", 10 ], [ "R", 1 ], [ "R", 10 ], [ "R", 10 ], [ "R", 2 ], [ "R", 9 ], [ "R", 9 ], [ "R", 9 ], [ "R", 1 ], [ "R", 2 ], [ "R", 9 ], [ "R", 9 ], [ "R", 9 ], [ "R", 9 ], [ "W", 1 ], [ "R", 1 ], [ "R", 10 ], [ "W", 10 ] ]
    } ]
  },
  "NewspaperCustomerController.listSearchResults" : {
    "t" : [ {
      "id" : 0,
      "a" : [ [ "R", 11 ], [ "R", 11 ], [ "R", 11 ], [ "R", 11 ], [ "R", 11 ] ]
    } ]
  },
  "UserUserController.display" : {
    "t" : [ {
      "id" : 0,
      "a" : [ [ "R", 14 ], [ "R", 9 ], [ "R", 6 ], [ "R", 6 ], [ "R", 6 ], [ "R", 11 ], [ "R", 6 ], [ "R", 14 ], [ "R", 9 ], [ "R", 9 ], [ "R", 14 ], [ "R", 14 ], [ "R", 14 ], [ "R", 15 ], [ "R", 14 ], [ "R", 14 ], [ "R", 9 ], [ "R", 7 ], [ "R", 7 ], [ "R", 7 ], [ "R", 14 ], [ "R", 9 ] ]
    } ]
  },
  "NewspaperUserController.listMine" : {
    "t" : [ {
      "id" : 0,
      "a" : [ [ "R", 9 ], [ "R", 9 ], [ "R", 14 ], [ "R", 14 ], [ "R", 14 ], [ "R", 15 ], [ "R", 9 ], [ "R", 11 ], [ "R", 14 ], [ "R", 11 ], [ "R", 11 ], [ "R", 14 ], [ "R", 11 ], [ "R", 14 ] ]
    } ]
  },
  "ANMessageAgentController.display" : {
    "t" : [ {
      "id" : 0,
      "a" : [ [ "R", 9 ], [ "R", 9 ], [ "R", 2 ], [ "R", 2 ], [ "R", 2 ], [ "R", 15 ], [ "R", 1 ], [ "R", 2 ], [ "R", 1 ], [ "R", 2 ], [ "R", 1 ] ]
    } ]
  },
  "ArticleController.display" : {
    "t" : [ {
      "id" : 0,
      "a" : [ [ "R", 6 ], [ "R", 6 ], [ "R", 6 ], [ "R", 6 ], [ "R", 6 ], [ "R", 11 ], [ "R", 11 ], [ "R", 6 ], [ "R", 6 ], [ "R", 6 ], [ "R", 6 ], [ "R", 6 ], [ "R", 6 ], [ "R", 11 ], [ "R", 11 ], [ "R", 6 ], [ "R", 11 ], [ "R", 11 ], [ "R", 4 ], [ "R", 9 ], [ "R", 6 ], [ "R", 6 ], [ "R", 6 ], [ "R", 6 ] ]
    } ]
  },
  "NewspaperAdministratorController.requestDelete" : {
    "t" : [ {
      "id" : 0,
      "a" : [ [ "R", 11 ] ]
    } ]
  },
  "UserAdministratorController.list" : {
    "t" : [ {
      "id" : 0,
      "a" : [ [ "R", 14 ], [ "R", 14 ] ]
    } ]
  },
  "VolumeSubscriptionCustomerController.create" : {
    "t" : [ {
      "id" : 0,
      "a" : [ [ "R", 16 ], [ "R", 9 ], [ "R", 9 ], [ "R", 8 ], [ "R", 8 ], [ "R", 8 ], [ "R", 15 ], [ "R", 9 ], [ "R", 9 ], [ "R", 17 ], [ "R", 17 ], [ "R", 17 ], [ "R", 8 ], [ "R", 17 ], [ "R", 16 ], [ "R", 9 ], [ "R", 9 ], [ "R", 8 ], [ "R", 8 ], [ "R", 8 ], [ "R", 15 ], [ "W", 17 ], [ "W", 8 ], [ "W", 17 ], [ "W", 16 ] ]
    } ]
  },
  "FolderAgentController.edit" : {
    "t" : [ {
      "id" : 0,
      "a" : [ [ "R", 9 ], [ "R", 9 ], [ "R", 2 ], [ "R", 2 ], [ "R", 2 ], [ "R", 15 ], [ "R", 10 ], [ "R", 10 ], [ "R", 2 ], [ "R", 9 ], [ "R", 9 ], [ "R", 9 ], [ "R", 10 ], [ "R", 9 ], [ "R", 9 ], [ "R", 9 ], [ "R", 2 ], [ "R", 2 ], [ "R", 2 ], [ "R", 15 ], [ "R", 9 ], [ "R", 10 ], [ "R", 2 ], [ "R", 9 ], [ "R", 9 ], [ "R", 9 ], [ "R", 10 ], [ "R", 9 ], [ "R", 10 ], [ "R", 10 ], [ "R", 10 ], [ "R", 10 ], [ "R", 10 ], [ "R", 10 ], [ "R", 10 ], [ "R", 9 ], [ "R", 10 ], [ "R", 10 ], [ "R", 10 ], [ "R", 10 ], [ "R", 2 ], [ "R", 10 ] ]
    } ]
  },
  "VolumeAgentController.display" : {
    "t" : [ {
      "id" : 0,
      "a" : [ [ "R", 16 ], [ "R", 9 ], [ "R", 11 ], [ "R", 11 ], [ "R", 16 ], [ "R", 11 ], [ "R", 11 ], [ "R", 16 ], [ "R", 14 ], [ "R", 14 ], [ "R", 14 ], [ "R", 16 ] ]
    } ]
  },
  "ANMessageUserController.save" : {
    "t" : [ {
      "id" : 0,
      "a" : [ [ "R", 9 ], [ "R", 9 ], [ "R", 2 ], [ "R", 2 ], [ "R", 2 ], [ "R", 15 ], [ "R", 9 ], [ "R", 9 ], [ "R", 2 ], [ "R", 2 ], [ "R", 2 ], [ "R", 15 ], [ "W", 1 ], [ "W", 2 ], [ "W", 1 ], [ "R", 9 ], [ "R", 10 ], [ "R", 10 ], [ "R", 10 ], [ "R", 2 ], [ "R", 10 ], [ "W", 1 ], [ "W", 10 ], [ "W", 1 ], [ "W", 1 ], [ "W", 1 ], [ "W", 1 ], [ "W", 2 ], [ "W", 1 ], [ "W", 2 ], [ "R", 1 ], [ "R", 2 ], [ "R", 2 ], [ "R", 9 ], [ "R", 10 ], [ "R", 10 ], [ "R", 10 ], [ "R", 2 ], [ "R", 10 ], [ "W", 1 ], [ "W", 1 ], [ "W", 2 ], [ "W", 1 ], [ "W", 10 ], [ "R", 2 ], [ "R", 1 ], [ "R", 2 ], [ "R", 9 ], [ "R", 9 ], [ "R", 9 ], [ "R", 2 ], [ "R", 2 ], [ "R", 2 ], [ "R", 15 ], [ "W", 1 ], [ "W", 2 ], [ "R", 1 ], [ "R", 1 ], [ "R", 13 ], [ "R", 13 ], [ "W", 1 ], [ "R", 9 ], [ "R", 10 ], [ "R", 10 ], [ "R", 10 ], [ "R", 2 ], [ "R", 10 ], [ "W", 1 ], [ "W", 10 ], [ "R", 9 ], [ "R", 9 ], [ "R", 2 ], [ "R", 2 ], [ "R", 2 ], [ "R", 15 ], [ "R", 1 ], [ "R", 10 ], [ "R", 1 ], [ "R", 10 ], [ "R", 10 ], [ "R", 2 ], [ "R", 9 ], [ "R", 9 ], [ "R", 9 ], [ "R", 1 ], [ "R", 2 ], [ "R", 9 ], [ "R", 9 ], [ "R", 9 ], [ "R", 9 ], [ "W", 1 ], [ "R", 1 ], [ "R", 10 ], [ "W", 10 ], [ "R", 10 ], [ "R", 1 ], [ "W", 10 ], [ "R", 2 ], [ "R", 1 ], [ "W", 2 ], [ "R", 9 ], [ "R", 9 ], [ "R", 2 ], [ "R", 2 ], [ "R", 2 ], [ "R", 15 ], [ "W", 1 ], [ "W", 2 ], [ "W", 1 ], [ "R", 9 ], [ "R", 10 ], [ "R", 10 ], [ "R", 10 ], [ "R", 2 ], [ "R", 10 ], [ "W", 1 ], [ "W", 10 ], [ "R", 1 ], [ "W", 1 ], [ "R", 1 ], [ "W", 1 ], [ "R", 1 ], [ "R", 2 ], [ "W", 1 ], [ "W", 2 ], [ "W", 1 ], [ "W", 2 ], [ "R", 1 ], [ "W", 1 ], [ "W", 1 ], [ "R", 9 ], [ "R", 10 ], [ "R", 10 ], [ "R", 10 ], [ "R", 2 ], [ "R", 10 ], [ "R", 9 ], [ "R", 10 ], [ "R", 10 ], [ "R", 10 ], [ "R", 2 ], [ "R", 10 ], [ "W", 1 ], [ "W", 10 ], [ "R", 9 ], [ "R", 9 ], [ "R", 2 ], [ "R", 2 ], [ "R", 2 ], [ "R", 15 ], [ "R", 1 ], [ "R", 10 ], [ "R", 1 ], [ "R", 10 ], [ "R", 10 ], [ "R", 2 ], [ "R", 9 ], [ "R", 9 ], [ "R", 9 ], [ "R", 1 ], [ "R", 2 ], [ "R", 9 ], [ "R", 9 ], [ "R", 9 ], [ "R", 9 ], [ "W", 1 ], [ "R", 1 ], [ "R", 10 ], [ "W", 10 ], [ "R", 10 ], [ "R", 1 ], [ "W", 10 ], [ "R", 2 ], [ "R", 1 ], [ "W", 2 ], [ "R", 2 ] ]
    } ]
  },
  "CustomerController.save" : {
    "t" : [ {
      "id" : 0,
      "a" : [ [ "W", 15 ], [ "W", 15 ], [ "R", 15 ], [ "W", 2 ], [ "W", 15 ], [ "W", 8 ], [ "W", 12 ], [ "W", 2 ], [ "W", 1 ], [ "W", 2 ], [ "W", 1 ], [ "W", 8 ], [ "W", 17 ], [ "W", 2 ], [ "W", 2 ], [ "W", 2 ], [ "W", 2 ], [ "W", 2 ], [ "R", 2 ], [ "R", 15 ], [ "W", 15 ], [ "R", 2 ], [ "R", 15 ], [ "W", 15 ], [ "R", 2 ], [ "R", 15 ], [ "R", 2 ], [ "R", 15 ], [ "R", 9 ], [ "R", 9 ], [ "R", 2 ], [ "R", 15 ], [ "R", 15 ], [ "R", 2 ], [ "R", 15 ], [ "W", 15 ], [ "W", 8 ], [ "W", 10 ], [ "W", 10 ], [ "W", 1 ], [ "W", 10 ], [ "W", 10 ], [ "W", 10 ], [ "W", 2 ], [ "W", 10 ], [ "W", 10 ], [ "R", 10 ], [ "R", 10 ], [ "W", 10 ], [ "W", 10 ], [ "W", 10 ], [ "W", 2 ], [ "W", 10 ] ]
    } ]
  },
  "ANMessageCustomerController.edit" : {
    "t" : [ {
      "id" : 0,
      "a" : [ [ "R", 9 ], [ "R", 9 ], [ "R", 2 ], [ "R", 2 ], [ "R", 2 ], [ "R", 15 ], [ "R", 1 ], [ "R", 2 ], [ "R", 1 ], [ "R", 2 ], [ "R", 1 ], [ "R", 1 ], [ "R", 10 ], [ "R", 9 ], [ "R", 9 ], [ "R", 2 ], [ "R", 2 ], [ "R", 2 ], [ "R", 15 ], [ "R", 9 ], [ "R", 9 ], [ "R", 10 ], [ "R", 10 ], [ "R", 10 ], [ "R", 10 ], [ "R", 2 ] ]
    } ]
  },
  "FolderUserController.create" : {
    "t" : [ {
      "id" : 0,
      "a" : [ [ "R", 9 ], [ "R", 9 ], [ "R", 2 ], [ "R", 2 ], [ "R", 2 ], [ "R", 15 ], [ "R", 10 ], [ "W", 10 ], [ "W", 10 ], [ "W", 1 ], [ "W", 10 ], [ "W", 10 ], [ "W", 10 ], [ "W", 2 ], [ "W", 10 ], [ "W", 10 ], [ "R", 10 ], [ "R", 10 ], [ "W", 10 ], [ "W", 10 ], [ "W", 1 ], [ "W", 10 ], [ "W", 10 ], [ "W", 10 ], [ "W", 2 ], [ "W", 10 ], [ "W", 10 ], [ "R", 10 ], [ "R", 10 ], [ "R", 9 ], [ "R", 9 ], [ "R", 9 ], [ "R", 2 ], [ "R", 2 ], [ "R", 2 ], [ "R", 15 ], [ "R", 9 ], [ "R", 10 ], [ "R", 2 ], [ "R", 9 ], [ "R", 9 ], [ "R", 9 ], [ "R", 10 ], [ "R", 9 ], [ "R", 10 ], [ "R", 10 ], [ "R", 10 ], [ "R", 10 ], [ "R", 10 ], [ "R", 10 ], [ "R", 10 ], [ "R", 9 ], [ "R", 10 ], [ "R", 10 ], [ "R", 10 ], [ "R", 10 ], [ "R", 2 ], [ "R", 10 ] ]
    } ]
  },
  "VolumeUserController.create" : {
    "t" : [ {
      "id" : 0,
      "a" : [ [ "R", 9 ], [ "R", 9 ], [ "R", 14 ], [ "R", 14 ], [ "R", 14 ], [ "R", 15 ], [ "W", 16 ], [ "W", 11 ] ]
    } ]
  },
  "ChirpUserController.create" : {
    "t" : [ {
      "id" : 0,
      "a" : [ [ "R", 9 ], [ "R", 9 ], [ "R", 14 ], [ "R", 14 ], [ "R", 14 ], [ "R", 15 ], [ "W", 7 ], [ "W", 14 ], [ "W", 7 ], [ "W", 7 ] ]
    } ]
  },
  "NewspaperUserController.publish" : {
    "t" : [ {
      "id" : 0,
      "a" : [ [ "R", 9 ], [ "R", 11 ], [ "R", 9 ], [ "R", 9 ], [ "R", 14 ], [ "R", 14 ], [ "R", 14 ], [ "R", 15 ], [ "R", 14 ], [ "R", 11 ], [ "R", 14 ], [ "R", 11 ], [ "R", 11 ], [ "R", 11 ], [ "R", 6 ], [ "R", 11 ], [ "R", 6 ], [ "R", 6 ], [ "W", 11 ], [ "R", 11 ], [ "R", 6 ], [ "W", 6 ], [ "R", 9 ], [ "R", 6 ], [ "R", 6 ], [ "R", 9 ], [ "R", 9 ], [ "R", 14 ], [ "R", 14 ], [ "R", 14 ], [ "R", 15 ], [ "R", 6 ], [ "R", 11 ], [ "R", 14 ], [ "R", 14 ], [ "R", 14 ], [ "R", 11 ], [ "R", 9 ], [ "R", 9 ], [ "R", 9 ], [ "W", 6 ], [ "R", 9 ], [ "R", 9 ], [ "R", 14 ], [ "R", 14 ], [ "R", 14 ], [ "R", 15 ], [ "R", 9 ], [ "R", 14 ], [ "R", 11 ], [ "R", 9 ], [ "R", 9 ], [ "R", 9 ], [ "R", 5 ], [ "R", 5 ], [ "R", 5 ], [ "R", 15 ], [ "R", 9 ], [ "R", 9 ], [ "R", 3 ], [ "R", 3 ], [ "R", 3 ], [ "R", 15 ], [ "R", 9 ], [ "R", 11 ], [ "R", 11 ], [ "R", 11 ], [ "R", 11 ], [ "R", 11 ], [ "R", 11 ], [ "R", 11 ], [ "R", 11 ], [ "R", 11 ], [ "R", 11 ], [ "R", 11 ], [ "R", 11 ], [ "R", 11 ], [ "R", 11 ], [ "R", 11 ], [ "R", 13 ], [ "R", 13 ], [ "W", 11 ], [ "W", 11 ], [ "R", 9 ], [ "R", 14 ], [ "R", 11 ], [ "R", 9 ] ]
    } ]
  },
  "AdministratorController.dashboard" : {
    "t" : [ {
      "id" : 0,
      "a" : [ [ "R", 9 ], [ "R", 9 ], [ "R", 3 ], [ "R", 3 ], [ "R", 3 ], [ "R", 15 ], [ "R", 14 ], [ "R", 14 ], [ "R", 11 ], [ "R", 9 ], [ "R", 9 ], [ "R", 3 ], [ "R", 3 ], [ "R", 3 ], [ "R", 15 ], [ "R", 14 ], [ "R", 14 ], [ "R", 11 ], [ "R", 14 ], [ "R", 11 ], [ "R", 14 ], [ "R", 11 ], [ "R", 14 ], [ "R", 11 ], [ "R", 14 ], [ "R", 11 ], [ "R", 9 ], [ "R", 9 ], [ "R", 3 ], [ "R", 3 ], [ "R", 3 ], [ "R", 15 ], [ "R", 14 ], [ "R", 14 ], [ "R", 6 ], [ "R", 9 ], [ "R", 9 ], [ "R", 3 ], [ "R", 3 ], [ "R", 3 ], [ "R", 15 ], [ "R", 14 ], [ "R", 14 ], [ "R", 6 ], [ "R", 14 ], [ "R", 6 ], [ "R", 14 ], [ "R", 6 ], [ "R", 14 ], [ "R", 6 ], [ "R", 14 ], [ "R", 6 ], [ "R", 9 ], [ "R", 9 ], [ "R", 3 ], [ "R", 3 ], [ "R", 3 ], [ "R", 15 ], [ "R", 11 ], [ "R", 11 ], [ "R", 6 ], [ "R", 9 ], [ "R", 9 ], [ "R", 3 ], [ "R", 3 ], [ "R", 3 ], [ "R", 15 ], [ "R", 11 ], [ "R", 11 ], [ "R", 6 ], [ "R", 11 ], [ "R", 6 ], [ "R", 11 ], [ "R", 6 ], [ "R", 11 ], [ "R", 6 ], [ "R", 11 ], [ "R", 6 ], [ "R", 9 ], [ "R", 9 ], [ "R", 3 ], [ "R", 3 ], [ "R", 3 ], [ "R", 15 ], [ "R", 11 ], [ "R", 11 ], [ "R", 11 ], [ "R", 6 ], [ "R", 11 ], [ "R", 11 ], [ "R", 6 ], [ "R", 11 ], [ "R", 11 ], [ "R", 6 ], [ "R", 9 ], [ "R", 9 ], [ "R", 3 ], [ "R", 3 ], [ "R", 3 ], [ "R", 15 ], [ "R", 11 ], [ "R", 11 ], [ "R", 11 ], [ "R", 6 ], [ "R", 11 ], [ "R", 11 ], [ "R", 6 ], [ "R", 11 ], [ "R", 11 ], [ "R", 6 ], [ "R", 9 ], [ "R", 9 ], [ "R", 3 ], [ "R", 3 ], [ "R", 3 ], [ "R", 15 ], [ "R", 14 ], [ "R", 14 ], [ "R", 14 ], [ "R", 14 ], [ "R", 14 ], [ "R", 11 ], [ "R", 9 ], [ "R", 9 ], [ "R", 3 ], [ "R", 3 ], [ "R", 3 ], [ "R", 15 ], [ "R", 14 ], [ "R", 14 ], [ "R", 14 ], [ "R", 14 ], [ "R", 14 ], [ "R", 6 ], [ "R", 9 ], [ "R", 9 ], [ "R", 3 ], [ "R", 3 ], [ "R", 3 ], [ "R", 15 ], [ "R", 6 ], [ "R", 6 ], [ "R", 6 ], [ "R", 9 ], [ "R", 9 ], [ "R", 3 ], [ "R", 3 ], [ "R", 3 ], [ "R", 15 ], [ "R", 6 ], [ "R", 6 ], [ "R", 6 ], [ "R", 6 ], [ "R", 6 ], [ "R", 6 ], [ "R", 6 ], [ "R", 6 ], [ "R", 6 ], [ "R", 6 ], [ "R", 6 ], [ "R", 6 ], [ "R", 9 ], [ "R", 9 ], [ "R", 3 ], [ "R", 3 ], [ "R", 3 ], [ "R", 15 ], [ "R", 6 ], [ "R", 6 ], [ "R", 6 ], [ "R", 6 ], [ "R", 6 ], [ "R", 6 ], [ "R", 6 ], [ "R", 6 ], [ "R", 6 ], [ "R", 6 ], [ "R", 6 ], [ "R", 6 ], [ "R", 9 ], [ "R", 9 ], [ "R", 3 ], [ "R", 3 ], [ "R", 3 ], [ "R", 15 ], [ "R", 14 ], [ "R", 14 ], [ "R", 7 ], [ "R", 9 ], [ "R", 9 ], [ "R", 3 ], [ "R", 3 ], [ "R", 3 ], [ "R", 15 ], [ "R", 14 ], [ "R", 14 ], [ "R", 7 ], [ "R", 14 ], [ "R", 7 ], [ "R", 14 ], [ "R", 7 ], [ "R", 14 ], [ "R", 7 ], [ "R", 14 ], [ "R", 7 ], [ "R", 9 ], [ "R", 9 ], [ "R", 3 ], [ "R", 3 ], [ "R", 3 ], [ "R", 15 ], [ "R", 14 ], [ "R", 14 ], [ "R", 14 ], [ "R", 14 ], [ "R", 14 ], [ "R", 7 ], [ "R", 14 ], [ "R", 14 ], [ "R", 7 ], [ "R", 9 ], [ "R", 9 ], [ "R", 3 ], [ "R", 3 ], [ "R", 3 ], [ "R", 15 ], [ "R", 11 ], [ "R", 11 ], [ "R", 11 ], [ "R", 11 ], [ "R", 11 ], [ "R", 11 ], [ "R", 9 ], [ "R", 9 ], [ "R", 3 ], [ "R", 3 ], [ "R", 3 ], [ "R", 15 ], [ "R", 11 ], [ "R", 11 ], [ "R", 6 ], [ "R", 11 ], [ "R", 11 ], [ "R", 11 ], [ "R", 11 ], [ "R", 9 ], [ "R", 9 ], [ "R", 3 ], [ "R", 3 ], [ "R", 3 ], [ "R", 15 ], [ "R", 11 ], [ "R", 11 ], [ "R", 6 ], [ "R", 11 ], [ "R", 11 ], [ "R", 11 ], [ "R", 11 ], [ "R", 9 ], [ "R", 9 ], [ "R", 3 ], [ "R", 3 ], [ "R", 3 ], [ "R", 15 ], [ "R", 8 ], [ "R", 8 ], [ "R", 8 ], [ "R", 8 ], [ "R", 8 ], [ "R", 12 ], [ "R", 9 ], [ "R", 9 ], [ "R", 3 ], [ "R", 3 ], [ "R", 3 ], [ "R", 15 ], [ "R", 11 ], [ "R", 14 ], [ "R", 14 ], [ "R", 11 ], [ "R", 11 ], [ "R", 11 ], [ "R", 11 ], [ "R", 14 ], [ "R", 11 ], [ "R", 11 ], [ "R", 14 ], [ "R", 9 ], [ "R", 9 ], [ "R", 3 ], [ "R", 3 ], [ "R", 3 ], [ "R", 15 ], [ "R", 11 ], [ "R", 11 ], [ "R", 11 ], [ "R", 11 ], [ "R", 11 ], [ "R", 4 ], [ "R", 11 ], [ "R", 4 ], [ "R", 9 ], [ "R", 9 ], [ "R", 3 ], [ "R", 3 ], [ "R", 3 ], [ "R", 15 ], [ "R", 4 ], [ "R", 4 ], [ "R", 4 ], [ "R", 4 ], [ "R", 4 ], [ "R", 9 ], [ "R", 9 ], [ "R", 3 ], [ "R", 3 ], [ "R", 3 ], [ "R", 15 ], [ "R", 16 ], [ "R", 16 ], [ "R", 11 ], [ "R", 9 ], [ "R", 9 ], [ "R", 3 ], [ "R", 3 ], [ "R", 3 ], [ "R", 15 ], [ "R", 8 ], [ "R", 8 ], [ "R", 17 ], [ "R", 8 ], [ "R", 12 ] ]
    } ]
  },
  "FolderAgentController.create" : {
    "t" : [ {
      "id" : 0,
      "a" : [ [ "R", 9 ], [ "R", 9 ], [ "R", 2 ], [ "R", 2 ], [ "R", 2 ], [ "R", 15 ], [ "R", 10 ], [ "W", 10 ], [ "W", 10 ], [ "W", 1 ], [ "W", 10 ], [ "W", 10 ], [ "W", 10 ], [ "W", 2 ], [ "W", 10 ], [ "W", 10 ], [ "R", 10 ], [ "R", 10 ], [ "W", 10 ], [ "W", 10 ], [ "W", 1 ], [ "W", 10 ], [ "W", 10 ], [ "W", 10 ], [ "W", 2 ], [ "W", 10 ], [ "W", 10 ], [ "R", 10 ], [ "R", 10 ], [ "R", 9 ], [ "R", 9 ], [ "R", 9 ], [ "R", 2 ], [ "R", 2 ], [ "R", 2 ], [ "R", 15 ], [ "R", 9 ], [ "R", 10 ], [ "R", 2 ], [ "R", 9 ], [ "R", 9 ], [ "R", 9 ], [ "R", 10 ], [ "R", 9 ], [ "R", 10 ], [ "R", 10 ], [ "R", 10 ], [ "R", 10 ], [ "R", 10 ], [ "R", 10 ], [ "R", 10 ], [ "R", 9 ], [ "R", 10 ], [ "R", 10 ], [ "R", 10 ], [ "R", 10 ], [ "R", 2 ], [ "R", 10 ] ]
    } ]
  },
  "VolumeAgentController.list" : {
    "t" : [ {
      "id" : 0,
      "a" : [ [ "R", 16 ], [ "R", 16 ] ]
    } ]
  },
  "VolumeAdministratorController.list" : {
    "t" : [ {
      "id" : 0,
      "a" : [ [ "R", 16 ], [ "R", 16 ] ]
    } ]
  },
  "FolderAdministratorController.save" : {
    "t" : [ {
      "id" : 0,
      "a" : [ [ "R", 9 ], [ "W", 10 ], [ "W", 10 ], [ "R", 9 ], [ "R", 9 ], [ "R", 2 ], [ "R", 2 ], [ "R", 2 ], [ "R", 15 ], [ "W", 10 ], [ "W", 2 ], [ "W", 10 ], [ "W", 1 ], [ "W", 10 ], [ "R", 9 ], [ "R", 10 ], [ "R", 10 ], [ "R", 10 ], [ "W", 10 ], [ "W", 10 ], [ "R", 10 ], [ "R", 1 ], [ "W", 10 ], [ "W", 1 ], [ "R", 10 ], [ "W", 10 ], [ "R", 10 ], [ "R", 2 ], [ "W", 10 ], [ "W", 2 ], [ "R", 9 ], [ "R", 9 ], [ "R", 9 ], [ "R", 2 ], [ "R", 2 ], [ "R", 2 ], [ "R", 15 ], [ "R", 9 ], [ "R", 10 ], [ "R", 2 ], [ "R", 9 ], [ "R", 9 ], [ "R", 9 ], [ "R", 10 ], [ "R", 9 ], [ "R", 10 ], [ "R", 10 ], [ "R", 10 ], [ "R", 10 ], [ "R", 10 ], [ "R", 10 ], [ "R", 10 ], [ "R", 9 ], [ "R", 10 ], [ "R", 10 ], [ "R", 10 ], [ "R", 10 ], [ "R", 2 ], [ "R", 10 ], [ "R", 9 ], [ "R", 9 ], [ "R", 2 ], [ "R", 2 ], [ "R", 2 ], [ "R", 15 ], [ "R", 10 ], [ "R", 2 ], [ "R", 9 ], [ "R", 9 ], [ "R", 9 ], [ "R", 10 ], [ "R", 10 ], [ "R", 2 ], [ "R", 2 ], [ "R", 15 ], [ "R", 9 ], [ "R", 9 ], [ "R", 9 ], [ "R", 9 ], [ "R", 10 ], [ "R", 10 ], [ "R", 10 ], [ "R", 10 ], [ "R", 10 ], [ "R", 10 ], [ "R", 10 ], [ "R", 10 ], [ "R", 10 ], [ "R", 9 ], [ "R", 9 ], [ "R", 9 ], [ "R", 10 ], [ "R", 10 ], [ "R", 10 ], [ "R", 2 ], [ "R", 9 ], [ "R", 9 ], [ "R", 9 ], [ "R", 10 ], [ "R", 10 ], [ "R", 10 ], [ "R", 10 ], [ "R", 10 ], [ "R", 10 ], [ "R", 9 ], [ "R", 9 ], [ "R", 9 ], [ "R", 10 ], [ "R", 10 ], [ "R", 10 ], [ "R", 10 ], [ "R", 9 ], [ "R", 9 ], [ "R", 9 ], [ "R", 2 ], [ "R", 2 ], [ "R", 2 ], [ "R", 15 ], [ "R", 9 ], [ "R", 10 ], [ "R", 10 ], [ "R", 10 ], [ "R", 2 ], [ "R", 10 ], [ "R", 10 ], [ "R", 9 ], [ "R", 9 ], [ "R", 9 ], [ "R", 10 ], [ "R", 10 ], [ "R", 10 ], [ "R", 10 ], [ "R", 10 ], [ "R", 10 ], [ "R", 9 ], [ "R", 9 ], [ "R", 9 ], [ "R", 10 ], [ "R", 10 ], [ "W", 10 ], [ "R", 9 ], [ "R", 9 ], [ "R", 9 ], [ "R", 2 ], [ "R", 2 ], [ "R", 2 ], [ "R", 15 ], [ "R", 9 ], [ "R", 10 ], [ "R", 2 ], [ "R", 9 ], [ "R", 9 ], [ "R", 9 ], [ "R", 10 ], [ "R", 9 ], [ "R", 10 ], [ "R", 10 ], [ "R", 10 ], [ "R", 10 ], [ "R", 10 ], [ "R", 10 ], [ "R", 10 ], [ "R", 9 ], [ "R", 10 ], [ "R", 10 ], [ "R", 10 ], [ "R", 10 ], [ "R", 2 ], [ "R", 10 ] ]
    } ]
  },
  "VolumeUserController.save" : {
    "t" : [ {
      "id" : 0,
      "a" : [ [ "W", 16 ], [ "W", 11 ], [ "R", 9 ], [ "R", 9 ], [ "R", 14 ], [ "R", 14 ], [ "R", 14 ], [ "R", 15 ], [ "R", 16 ], [ "W", 16 ], [ "R", 14 ], [ "R", 16 ] ]
    } ]
  },
  "VolumeUserController.removeNewspaper" : {
    "t" : [ {
      "id" : 0,
      "a" : [ [ "R", 9 ], [ "R", 9 ], [ "R", 14 ], [ "R", 14 ], [ "R", 14 ], [ "R", 15 ], [ "R", 16 ], [ "R", 11 ], [ "R", 14 ], [ "R", 11 ], [ "R", 14 ], [ "R", 16 ], [ "R", 9 ], [ "R", 9 ], [ "R", 14 ], [ "R", 14 ], [ "R", 14 ], [ "R", 15 ], [ "R", 14 ], [ "R", 11 ], [ "R", 14 ], [ "R", 16 ], [ "R", 16 ], [ "R", 11 ], [ "R", 11 ], [ "R", 16 ], [ "R", 11 ], [ "R", 16 ], [ "R", 16 ], [ "R", 11 ], [ "R", 9 ], [ "R", 9 ] ]
    } ]
  },
  "UserAgentController.display" : {
    "t" : [ {
      "id" : 0,
      "a" : [ [ "R", 9 ], [ "R", 9 ], [ "R", 5 ], [ "R", 5 ], [ "R", 5 ], [ "R", 15 ], [ "R", 14 ], [ "R", 9 ], [ "R", 6 ], [ "R", 6 ], [ "R", 6 ], [ "R", 11 ], [ "R", 6 ], [ "R", 11 ], [ "R", 6 ], [ "R", 14 ], [ "R", 9 ], [ "R", 7 ], [ "R", 7 ], [ "R", 7 ], [ "R", 14 ] ]
    } ]
  },
  "ArticleCustomerController.list" : {
    "t" : [ {
      "id" : 0,
      "a" : [ [ "R", 9 ], [ "R", 9 ], [ "R", 8 ], [ "R", 8 ], [ "R", 8 ], [ "R", 15 ], [ "R", 9 ], [ "R", 6 ], [ "R", 12 ], [ "R", 6 ], [ "R", 6 ], [ "R", 6 ], [ "R", 6 ], [ "R", 6 ], [ "R", 11 ], [ "R", 6 ], [ "R", 11 ], [ "R", 12 ], [ "R", 8 ], [ "R", 6 ], [ "R", 11 ], [ "R", 12 ], [ "R", 11 ] ]
    } ]
  },
  "UserAdministratorController.display" : {
    "t" : [ {
      "id" : 0,
      "a" : [ [ "R", 14 ], [ "R", 9 ], [ "R", 6 ], [ "R", 6 ], [ "R", 6 ], [ "R", 11 ], [ "R", 6 ], [ "R", 14 ], [ "R", 9 ], [ "R", 7 ], [ "R", 7 ], [ "R", 7 ], [ "R", 14 ] ]
    } ]
  },
  "NewspaperUserController.privatize" : {
    "t" : [ {
      "id" : 0,
      "a" : [ [ "R", 11 ], [ "W", 11 ], [ "R", 9 ], [ "R", 9 ], [ "R", 14 ], [ "R", 14 ], [ "R", 14 ], [ "R", 15 ], [ "R", 9 ], [ "R", 14 ], [ "R", 11 ], [ "R", 9 ], [ "R", 9 ], [ "R", 9 ], [ "R", 5 ], [ "R", 5 ], [ "R", 5 ], [ "R", 15 ], [ "R", 9 ], [ "R", 9 ], [ "R", 3 ], [ "R", 3 ], [ "R", 3 ], [ "R", 15 ], [ "R", 9 ], [ "R", 11 ], [ "R", 11 ], [ "R", 11 ], [ "R", 11 ], [ "R", 11 ], [ "R", 11 ], [ "R", 11 ], [ "R", 11 ], [ "R", 11 ], [ "R", 11 ], [ "R", 11 ], [ "R", 11 ], [ "R", 11 ], [ "R", 11 ], [ "R", 11 ], [ "R", 13 ], [ "R", 13 ], [ "W", 11 ], [ "W", 11 ], [ "R", 9 ], [ "R", 14 ], [ "R", 11 ] ]
    } ]
  },
  "VolumeController.display" : {
    "t" : [ {
      "id" : 0,
      "a" : [ [ "R", 16 ], [ "R", 9 ], [ "R", 11 ], [ "R", 11 ], [ "R", 16 ], [ "R", 11 ], [ "R", 11 ], [ "R", 16 ], [ "R", 11 ], [ "R", 14 ], [ "R", 14 ], [ "R", 14 ], [ "R", 16 ] ]
    } ]
  },
  "NewspaperAdministratorController.listTabooed" : {
    "t" : [ {
      "id" : 0,
      "a" : [ [ "R", 11 ], [ "R", 11 ], [ "R", 11 ] ]
    } ]
  },
  "ANMessageAgentController.delete" : {
    "t" : [ {
      "id" : 0,
      "a" : [ [ "R", 9 ], [ "R", 9 ], [ "R", 2 ], [ "R", 2 ], [ "R", 2 ], [ "R", 15 ], [ "R", 1 ], [ "R", 2 ], [ "R", 1 ], [ "R", 2 ], [ "R", 1 ], [ "R", 9 ], [ "R", 9 ], [ "R", 2 ], [ "R", 2 ], [ "R", 2 ], [ "R", 15 ], [ "R", 2 ], [ "R", 1 ], [ "R", 2 ], [ "R", 1 ], [ "R", 1 ], [ "R", 10 ], [ "R", 10 ], [ "R", 2 ], [ "R", 9 ], [ "R", 9 ], [ "R", 9 ], [ "R", 1 ], [ "R", 10 ], [ "R", 10 ], [ "R", 2 ], [ "R", 1 ], [ "R", 2 ], [ "R", 1 ], [ "W", 1 ], [ "R", 9 ], [ "R", 10 ], [ "R", 10 ], [ "R", 10 ], [ "R", 2 ], [ "R", 10 ], [ "W", 1 ], [ "W", 10 ], [ "R", 9 ], [ "R", 9 ], [ "R", 2 ], [ "R", 2 ], [ "R", 2 ], [ "R", 15 ], [ "R", 1 ], [ "R", 10 ], [ "R", 1 ], [ "R", 10 ], [ "R", 10 ], [ "R", 2 ], [ "R", 9 ], [ "R", 9 ], [ "R", 9 ], [ "R", 1 ], [ "R", 2 ], [ "R", 9 ], [ "R", 9 ], [ "R", 9 ], [ "R", 9 ], [ "W", 1 ], [ "R", 1 ], [ "R", 10 ], [ "W", 10 ] ]
    } ]
  },
  "FolderCustomerController.delete" : {
    "t" : [ {
      "id" : 0,
      "a" : [ [ "R", 9 ], [ "W", 10 ], [ "W", 10 ], [ "R", 9 ], [ "R", 9 ], [ "R", 2 ], [ "R", 2 ], [ "R", 2 ], [ "R", 15 ], [ "W", 10 ], [ "W", 2 ], [ "W", 10 ], [ "W", 1 ], [ "W", 10 ], [ "R", 9 ], [ "R", 10 ], [ "R", 10 ], [ "R", 10 ], [ "W", 10 ], [ "W", 10 ], [ "R", 10 ], [ "R", 1 ], [ "W", 10 ], [ "W", 1 ], [ "R", 10 ], [ "W", 10 ], [ "R", 10 ], [ "R", 2 ], [ "W", 10 ], [ "W", 2 ], [ "R", 10 ], [ "R", 9 ], [ "R", 9 ], [ "R", 2 ], [ "R", 2 ], [ "R", 2 ], [ "R", 15 ], [ "R", 10 ], [ "R", 2 ], [ "R", 9 ], [ "R", 9 ], [ "R", 9 ], [ "R", 10 ], [ "R", 1 ], [ "R", 9 ], [ "R", 9 ], [ "R", 2 ], [ "R", 2 ], [ "R", 2 ], [ "R", 15 ], [ "R", 2 ], [ "R", 1 ], [ "R", 2 ], [ "R", 1 ], [ "R", 1 ], [ "R", 10 ], [ "R", 10 ], [ "R", 2 ], [ "R", 9 ], [ "R", 9 ], [ "R", 9 ], [ "R", 1 ], [ "R", 10 ], [ "R", 10 ], [ "R", 2 ], [ "R", 1 ], [ "R", 2 ], [ "R", 1 ], [ "W", 1 ], [ "R", 9 ], [ "R", 10 ], [ "R", 10 ], [ "R", 10 ], [ "R", 2 ], [ "R", 10 ], [ "W", 1 ], [ "W", 10 ], [ "R", 9 ], [ "R", 9 ], [ "R", 2 ], [ "R", 2 ], [ "R", 2 ], [ "R", 15 ], [ "R", 1 ], [ "R", 10 ], [ "R", 1 ], [ "R", 10 ], [ "R", 10 ], [ "R", 2 ], [ "R", 9 ], [ "R", 9 ], [ "R", 9 ], [ "R", 1 ], [ "R", 2 ], [ "R", 9 ], [ "R", 9 ], [ "R", 9 ], [ "R", 9 ], [ "W", 1 ], [ "R", 1 ], [ "R", 10 ], [ "W", 10 ], [ "R", 10 ], [ "R", 10 ], [ "R", 10 ], [ "R", 10 ], [ "R", 10 ], [ "R", 10 ], [ "R", 10 ], [ "R", 10 ], [ "W", 10 ], [ "R", 9 ], [ "R", 9 ], [ "R", 9 ], [ "R", 2 ], [ "R", 2 ], [ "R", 2 ], [ "R", 15 ], [ "R", 9 ], [ "R", 10 ], [ "R", 2 ], [ "R", 9 ], [ "R", 9 ], [ "R", 9 ], [ "R", 10 ], [ "R", 9 ], [ "R", 10 ], [ "R", 10 ], [ "R", 10 ], [ "R", 10 ], [ "R", 10 ], [ "R", 10 ], [ "R", 10 ], [ "R", 9 ], [ "R", 10 ], [ "R", 10 ], [ "R", 10 ], [ "R", 10 ], [ "R", 2 ], [ "R", 10 ] ]
    } ]
  },
  "ArticleAdministratorController.display" : {
    "t" : [ {
      "id" : 0,
      "a" : [ [ "R", 6 ], [ "R", 6 ], [ "R", 6 ], [ "R", 6 ], [ "R", 6 ], [ "R", 6 ], [ "R", 6 ], [ "R", 6 ], [ "R", 11 ], [ "R", 11 ], [ "R", 4 ], [ "R", 9 ], [ "R", 6 ], [ "R", 6 ], [ "R", 6 ], [ "R", 6 ] ]
    } ]
  },
  "NewspaperAdministratorController.display" : {
    "t" : [ {
      "id" : 0,
      "a" : [ [ "R", 11 ], [ "R", 9 ], [ "R", 14 ], [ "R", 11 ], [ "R", 14 ], [ "R", 11 ], [ "R", 11 ], [ "R", 14 ], [ "R", 11 ], [ "R", 9 ], [ "R", 6 ], [ "R", 6 ], [ "R", 6 ], [ "R", 6 ], [ "R", 11 ] ]
    } ]
  },
  "UserUserController.listFollowing" : {
    "t" : [ {
      "id" : 0,
      "a" : [ [ "R", 9 ], [ "R", 9 ], [ "R", 14 ], [ "R", 14 ], [ "R", 14 ], [ "R", 15 ], [ "R", 9 ], [ "R", 14 ], [ "R", 14 ], [ "R", 14 ], [ "R", 14 ], [ "R", 14 ], [ "R", 14 ], [ "R", 14 ] ]
    } ]
  },
  "SystemConfigurationAdministratorController.editTabooWord" : {
    "t" : [ {
      "id" : 0,
      "a" : [ [ "R", 13 ], [ "R", 13 ], [ "R", 9 ], [ "R", 9 ], [ "R", 3 ], [ "R", 3 ], [ "R", 3 ], [ "R", 15 ], [ "R", 13 ], [ "R", 13 ], [ "W", 13 ], [ "R", 9 ], [ "R", 9 ], [ "R", 3 ], [ "R", 3 ], [ "R", 3 ], [ "R", 15 ], [ "R", 13 ], [ "R", 9 ], [ "R", 9 ], [ "R", 9 ], [ "W", 13 ], [ "W", 13 ], [ "R", 7 ], [ "R", 7 ], [ "R", 7 ], [ "R", 6 ], [ "R", 6 ], [ "R", 6 ], [ "R", 11 ], [ "R", 11 ], [ "R", 11 ], [ "R", 4 ], [ "R", 4 ], [ "R", 4 ], [ "R", 9 ], [ "R", 9 ], [ "R", 3 ], [ "R", 3 ], [ "R", 3 ], [ "R", 15 ], [ "R", 7 ], [ "R", 7 ], [ "R", 13 ], [ "R", 13 ], [ "W", 7 ], [ "W", 7 ], [ "R", 9 ], [ "R", 9 ], [ "R", 3 ], [ "R", 3 ], [ "R", 3 ], [ "R", 15 ], [ "R", 6 ], [ "R", 6 ], [ "R", 6 ], [ "R", 13 ], [ "R", 13 ], [ "W", 6 ], [ "W", 6 ], [ "R", 9 ], [ "R", 9 ], [ "R", 3 ], [ "R", 3 ], [ "R", 3 ], [ "R", 15 ], [ "R", 11 ], [ "R", 11 ], [ "R", 13 ], [ "R", 13 ], [ "W", 11 ], [ "W", 11 ], [ "R", 9 ], [ "R", 9 ], [ "R", 3 ], [ "R", 3 ], [ "R", 3 ], [ "R", 15 ], [ "R", 4 ], [ "R", 13 ], [ "R", 13 ], [ "W", 4 ], [ "W", 4 ] ]
    } ]
  },
  "ANMessageUserController.create" : {
    "t" : [ {
      "id" : 0,
      "a" : [ [ "R", 2 ] ]
    } ]
  },
  "NewspaperUserController.listUnpublished" : {
    "t" : [ {
      "id" : 0,
      "a" : [ [ "R", 11 ], [ "R", 11 ], [ "R", 11 ] ]
    } ]
  },
  "FolderAdministratorController.list" : {
    "t" : [ {
      "id" : 0,
      "a" : [ [ "R", 9 ], [ "R", 9 ], [ "R", 2 ], [ "R", 2 ], [ "R", 2 ], [ "R", 15 ], [ "R", 9 ], [ "R", 9 ], [ "R", 2 ], [ "R", 2 ], [ "R", 2 ], [ "R", 15 ], [ "R", 9 ], [ "R", 10 ], [ "R", 10 ], [ "R", 10 ], [ "R", 2 ], [ "R", 10 ], [ "R", 10 ], [ "R", 10 ], [ "R", 10 ], [ "R", 2 ], [ "R", 9 ], [ "R", 9 ], [ "R", 9 ], [ "R", 9 ], [ "R", 9 ], [ "R", 2 ], [ "R", 2 ], [ "R", 2 ], [ "R", 15 ], [ "R", 9 ], [ "R", 9 ], [ "R", 10 ], [ "R", 10 ], [ "R", 10 ], [ "R", 10 ], [ "R", 10 ], [ "R", 2 ], [ "R", 9 ], [ "R", 1 ], [ "R", 1 ], [ "R", 1 ], [ "R", 10 ] ]
    } ]
  },
  "ANMessageAdministratorController.sendBroadcast" : {
    "t" : [ {
      "id" : 0,
      "a" : [ [ "R", 9 ], [ "R", 9 ], [ "R", 9 ], [ "R", 3 ], [ "R", 3 ], [ "R", 3 ], [ "R", 15 ], [ "R", 9 ], [ "R", 10 ], [ "R", 10 ], [ "R", 10 ], [ "R", 2 ], [ "R", 10 ], [ "W", 1 ], [ "W", 1 ], [ "W", 2 ], [ "W", 1 ], [ "W", 10 ], [ "W", 1 ], [ "W", 2 ], [ "R", 1 ], [ "R", 10 ], [ "R", 9 ], [ "R", 9 ], [ "R", 2 ], [ "R", 2 ], [ "R", 2 ], [ "R", 15 ], [ "R", 9 ], [ "R", 9 ], [ "R", 10 ], [ "R", 10 ], [ "R", 10 ], [ "R", 10 ], [ "R", 2 ], [ "R", 9 ], [ "R", 9 ], [ "R", 3 ], [ "R", 3 ], [ "R", 3 ], [ "R", 15 ], [ "R", 1 ], [ "R", 2 ], [ "R", 1 ], [ "R", 2 ], [ "R", 9 ], [ "R", 9 ], [ "R", 9 ], [ "R", 2 ], [ "W", 1 ], [ "W", 2 ], [ "R", 9 ], [ "R", 9 ], [ "R", 9 ], [ "R", 2 ], [ "R", 2 ], [ "R", 2 ], [ "R", 15 ], [ "W", 1 ], [ "W", 2 ], [ "R", 1 ], [ "R", 1 ], [ "R", 13 ], [ "R", 13 ], [ "W", 1 ], [ "R", 9 ], [ "R", 10 ], [ "R", 10 ], [ "R", 10 ], [ "R", 2 ], [ "R", 10 ], [ "W", 1 ], [ "W", 10 ], [ "R", 9 ], [ "R", 9 ], [ "R", 2 ], [ "R", 2 ], [ "R", 2 ], [ "R", 15 ], [ "R", 1 ], [ "R", 10 ], [ "R", 1 ], [ "R", 10 ], [ "R", 10 ], [ "R", 2 ], [ "R", 9 ], [ "R", 9 ], [ "R", 9 ], [ "R", 1 ], [ "R", 2 ], [ "R", 9 ], [ "R", 9 ], [ "R", 9 ], [ "R", 9 ], [ "W", 1 ], [ "R", 1 ], [ "R", 10 ], [ "W", 10 ], [ "R", 10 ], [ "R", 1 ], [ "W", 10 ], [ "R", 2 ], [ "R", 1 ], [ "W", 2 ], [ "R", 9 ], [ "R", 9 ], [ "R", 2 ], [ "R", 2 ], [ "R", 2 ], [ "R", 15 ], [ "W", 1 ], [ "W", 2 ], [ "W", 1 ], [ "R", 9 ], [ "R", 10 ], [ "R", 10 ], [ "R", 10 ], [ "R", 2 ], [ "R", 10 ], [ "W", 1 ], [ "W", 10 ], [ "R", 1 ], [ "W", 1 ], [ "R", 1 ], [ "W", 1 ], [ "R", 1 ], [ "R", 2 ], [ "W", 1 ], [ "W", 2 ], [ "W", 1 ], [ "W", 2 ], [ "R", 1 ], [ "W", 1 ], [ "W", 1 ], [ "R", 9 ], [ "R", 10 ], [ "R", 10 ], [ "R", 10 ], [ "R", 2 ], [ "R", 10 ], [ "R", 9 ], [ "R", 10 ], [ "R", 10 ], [ "R", 10 ], [ "R", 2 ], [ "R", 10 ], [ "W", 1 ], [ "W", 10 ], [ "R", 9 ], [ "R", 9 ], [ "R", 2 ], [ "R", 2 ], [ "R", 2 ], [ "R", 15 ], [ "R", 1 ], [ "R", 10 ], [ "R", 1 ], [ "R", 10 ], [ "R", 10 ], [ "R", 2 ], [ "R", 9 ], [ "R", 9 ], [ "R", 9 ], [ "R", 1 ], [ "R", 2 ], [ "R", 9 ], [ "R", 9 ], [ "R", 9 ], [ "R", 9 ], [ "W", 1 ], [ "R", 1 ], [ "R", 10 ], [ "W", 10 ], [ "R", 10 ], [ "R", 1 ], [ "W", 10 ], [ "R", 2 ], [ "R", 1 ], [ "W", 2 ], [ "R", 1 ], [ "R", 10 ], [ "R", 9 ], [ "R", 9 ], [ "R", 2 ], [ "R", 2 ], [ "R", 2 ], [ "R", 15 ], [ "R", 9 ], [ "R", 9 ], [ "R", 10 ], [ "R", 10 ], [ "R", 10 ], [ "R", 10 ], [ "R", 2 ] ]
    } ]
  },
  "ANMessageAgentController.save" : {
    "t" : [ {
      "id" : 0,
      "a" : [ [ "R", 9 ], [ "R", 9 ], [ "R", 2 ], [ "R", 2 ], [ "R", 2 ], [ "R", 15 ], [ "R", 9 ], [ "R", 9 ], [ "R", 2 ], [ "R", 2 ], [ "R", 2 ], [ "R", 15 ], [ "W", 1 ], [ "W", 2 ], [ "W", 1 ], [ "R", 9 ], [ "R", 10 ], [ "R", 10 ], [ "R", 10 ], [ "R", 2 ], [ "R", 10 ], [ "W", 1 ], [ "W", 10 ], [ "W", 1 ], [ "W", 1 ], [ "W", 1 ], [ "W", 1 ], [ "W", 2 ], [ "W", 1 ], [ "W", 2 ], [ "R", 1 ], [ "R", 2 ], [ "R", 2 ], [ "R", 9 ], [ "R", 10 ], [ "R", 10 ], [ "R", 10 ], [ "R", 2 ], [ "R", 10 ], [ "W", 1 ], [ "W", 1 ], [ "W", 2 ], [ "W", 1 ], [ "W", 10 ], [ "R", 2 ], [ "R", 1 ], [ "R", 2 ], [ "R", 9 ], [ "R", 9 ], [ "R", 9 ], [ "R", 2 ], [ "R", 2 ], [ "R", 2 ], [ "R", 15 ], [ "W", 1 ], [ "W", 2 ], [ "R", 1 ], [ "R", 1 ], [ "R", 13 ], [ "R", 13 ], [ "W", 1 ], [ "R", 9 ], [ "R", 10 ], [ "R", 10 ], [ "R", 10 ], [ "R", 2 ], [ "R", 10 ], [ "W", 1 ], [ "W", 10 ], [ "R", 9 ], [ "R", 9 ], [ "R", 2 ], [ "R", 2 ], [ "R", 2 ], [ "R", 15 ], [ "R", 1 ], [ "R", 10 ], [ "R", 1 ], [ "R", 10 ], [ "R", 10 ], [ "R", 2 ], [ "R", 9 ], [ "R", 9 ], [ "R", 9 ], [ "R", 1 ], [ "R", 2 ], [ "R", 9 ], [ "R", 9 ], [ "R", 9 ], [ "R", 9 ], [ "W", 1 ], [ "R", 1 ], [ "R", 10 ], [ "W", 10 ], [ "R", 10 ], [ "R", 1 ], [ "W", 10 ], [ "R", 2 ], [ "R", 1 ], [ "W", 2 ], [ "R", 9 ], [ "R", 9 ], [ "R", 2 ], [ "R", 2 ], [ "R", 2 ], [ "R", 15 ], [ "W", 1 ], [ "W", 2 ], [ "W", 1 ], [ "R", 9 ], [ "R", 10 ], [ "R", 10 ], [ "R", 10 ], [ "R", 2 ], [ "R", 10 ], [ "W", 1 ], [ "W", 10 ], [ "R", 1 ], [ "W", 1 ], [ "R", 1 ], [ "W", 1 ], [ "R", 1 ], [ "R", 2 ], [ "W", 1 ], [ "W", 2 ], [ "W", 1 ], [ "W", 2 ], [ "R", 1 ], [ "W", 1 ], [ "W", 1 ], [ "R", 9 ], [ "R", 10 ], [ "R", 10 ], [ "R", 10 ], [ "R", 2 ], [ "R", 10 ], [ "R", 9 ], [ "R", 10 ], [ "R", 10 ], [ "R", 10 ], [ "R", 2 ], [ "R", 10 ], [ "W", 1 ], [ "W", 10 ], [ "R", 9 ], [ "R", 9 ], [ "R", 2 ], [ "R", 2 ], [ "R", 2 ], [ "R", 15 ], [ "R", 1 ], [ "R", 10 ], [ "R", 1 ], [ "R", 10 ], [ "R", 10 ], [ "R", 2 ], [ "R", 9 ], [ "R", 9 ], [ "R", 9 ], [ "R", 1 ], [ "R", 2 ], [ "R", 9 ], [ "R", 9 ], [ "R", 9 ], [ "R", 9 ], [ "W", 1 ], [ "R", 1 ], [ "R", 10 ], [ "W", 10 ], [ "R", 10 ], [ "R", 1 ], [ "W", 10 ], [ "R", 2 ], [ "R", 1 ], [ "W", 2 ], [ "R", 2 ] ]
    } ]
  },
  "ChirpUserController.edit" : {
    "t" : [ {
      "id" : 0,
      "a" : [ [ "R", 9 ], [ "R", 9 ], [ "R", 9 ], [ "R", 14 ], [ "R", 14 ], [ "R", 14 ], [ "R", 15 ], [ "W", 7 ], [ "W", 7 ], [ "W", 7 ], [ "W", 14 ], [ "R", 9 ], [ "R", 9 ], [ "R", 14 ], [ "R", 14 ], [ "R", 14 ], [ "R", 15 ], [ "R", 7 ], [ "R", 14 ], [ "R", 9 ], [ "R", 9 ], [ "R", 9 ], [ "W", 7 ], [ "R", 7 ], [ "R", 7 ], [ "R", 13 ], [ "R", 13 ], [ "W", 7 ], [ "W", 7 ], [ "R", 14 ], [ "R", 7 ] ]
    } ]
  },
  "VolumeUserController.list" : {
    "t" : [ {
      "id" : 0,
      "a" : [ [ "R", 16 ], [ "R", 16 ] ]
    } ]
  },
  "AdvertisementAdministratorController.delete" : {
    "t" : [ {
      "id" : 0,
      "a" : [ [ "R", 4 ] ]
    } ]
  },
  "VolumeUserController.display" : {
    "t" : [ {
      "id" : 0,
      "a" : [ [ "R", 9 ], [ "R", 9 ], [ "R", 14 ], [ "R", 14 ], [ "R", 14 ], [ "R", 15 ], [ "R", 16 ], [ "R", 9 ], [ "R", 11 ], [ "R", 11 ], [ "R", 16 ], [ "R", 11 ], [ "R", 11 ], [ "R", 16 ], [ "R", 14 ], [ "R", 14 ], [ "R", 14 ], [ "R", 16 ], [ "R", 14 ], [ "R", 16 ] ]
    } ]
  },
  "FolderCustomerController.create" : {
    "t" : [ {
      "id" : 0,
      "a" : [ [ "R", 9 ], [ "R", 9 ], [ "R", 2 ], [ "R", 2 ], [ "R", 2 ], [ "R", 15 ], [ "R", 10 ], [ "W", 10 ], [ "W", 10 ], [ "W", 1 ], [ "W", 10 ], [ "W", 10 ], [ "W", 10 ], [ "W", 2 ], [ "W", 10 ], [ "W", 10 ], [ "R", 10 ], [ "R", 10 ], [ "W", 10 ], [ "W", 10 ], [ "W", 1 ], [ "W", 10 ], [ "W", 10 ], [ "W", 10 ], [ "W", 2 ], [ "W", 10 ], [ "W", 10 ], [ "R", 10 ], [ "R", 10 ], [ "R", 9 ], [ "R", 9 ], [ "R", 9 ], [ "R", 2 ], [ "R", 2 ], [ "R", 2 ], [ "R", 15 ], [ "R", 9 ], [ "R", 10 ], [ "R", 2 ], [ "R", 9 ], [ "R", 9 ], [ "R", 9 ], [ "R", 10 ], [ "R", 9 ], [ "R", 10 ], [ "R", 10 ], [ "R", 10 ], [ "R", 10 ], [ "R", 10 ], [ "R", 10 ], [ "R", 10 ], [ "R", 9 ], [ "R", 10 ], [ "R", 10 ], [ "R", 10 ], [ "R", 10 ], [ "R", 2 ], [ "R", 10 ] ]
    } ]
  },
  "NewspaperAdministratorController.listSearchResults" : {
    "t" : [ {
      "id" : 0,
      "a" : [ [ "R", 11 ], [ "R", 11 ], [ "R", 11 ], [ "R", 11 ], [ "R", 11 ] ]
    } ]
  },
  "NewspaperController.display" : {
    "t" : [ {
      "id" : 0,
      "a" : [ [ "R", 11 ], [ "R", 11 ], [ "R", 9 ], [ "R", 14 ], [ "R", 11 ], [ "R", 14 ], [ "R", 11 ], [ "R", 11 ], [ "R", 14 ], [ "R", 11 ], [ "R", 9 ], [ "R", 6 ], [ "R", 6 ], [ "R", 6 ], [ "R", 11 ], [ "R", 6 ], [ "R", 6 ] ]
    } ]
  },
  "UserUserController.unfollow" : {
    "t" : [ {
      "id" : 0,
      "a" : [ [ "R", 14 ], [ "R", 9 ], [ "R", 9 ], [ "R", 9 ], [ "R", 14 ], [ "R", 14 ], [ "R", 14 ], [ "R", 15 ], [ "R", 14 ], [ "R", 14 ], [ "R", 14 ], [ "R", 14 ], [ "W", 14 ], [ "R", 14 ], [ "R", 9 ], [ "R", 6 ], [ "R", 6 ], [ "R", 6 ], [ "R", 11 ], [ "R", 6 ], [ "R", 14 ], [ "R", 9 ], [ "R", 9 ], [ "R", 14 ], [ "R", 14 ], [ "R", 14 ], [ "R", 15 ], [ "R", 14 ], [ "R", 14 ], [ "R", 9 ], [ "R", 7 ], [ "R", 7 ], [ "R", 7 ], [ "R", 14 ], [ "R", 9 ] ]
    } ]
  },
  "AdvertisementAgentController.save" : {
    "t" : [ {
      "id" : 0,
      "a" : [ [ "R", 9 ], [ "R", 9 ], [ "R", 9 ], [ "R", 5 ], [ "R", 5 ], [ "R", 5 ], [ "R", 15 ], [ "W", 4 ], [ "W", 5 ], [ "W", 4 ], [ "W", 11 ], [ "R", 11 ], [ "R", 9 ], [ "R", 9 ], [ "R", 5 ], [ "R", 5 ], [ "R", 5 ], [ "R", 15 ], [ "R", 4 ], [ "R", 5 ], [ "R", 9 ], [ "R", 9 ], [ "R", 9 ], [ "R", 4 ], [ "R", 4 ], [ "R", 13 ], [ "R", 13 ], [ "W", 4 ], [ "R", 4 ], [ "R", 4 ], [ "R", 4 ], [ "R", 9 ], [ "R", 9 ], [ "R", 4 ], [ "R", 4 ], [ "R", 5 ], [ "R", 9 ], [ "R", 9 ], [ "R", 9 ], [ "R", 4 ], [ "R", 4 ], [ "R", 4 ], [ "R", 4 ], [ "R", 4 ], [ "R", 4 ], [ "R", 4 ], [ "R", 4 ], [ "W", 4 ], [ "R", 9 ], [ "R", 5 ], [ "R", 4 ], [ "R", 11 ] ]
    } ]
  },
  "ChirpUserController.stream" : {
    "t" : [ {
      "id" : 0,
      "a" : [ [ "R", 9 ], [ "R", 9 ], [ "R", 14 ], [ "R", 14 ], [ "R", 14 ], [ "R", 15 ], [ "R", 9 ], [ "R", 14 ], [ "R", 14 ], [ "R", 14 ], [ "R", 14 ], [ "R", 14 ], [ "R", 7 ], [ "R", 14 ], [ "R", 14 ], [ "R", 7 ], [ "R", 14 ], [ "R", 14 ], [ "R", 14 ], [ "R", 7 ] ]
    } ]
  },
  "ANMessageAdministratorController.create" : {
    "t" : [ {
      "id" : 0,
      "a" : [ [ "R", 9 ], [ "R", 9 ], [ "R", 2 ], [ "R", 2 ], [ "R", 2 ], [ "R", 15 ], [ "W", 1 ], [ "W", 2 ], [ "W", 1 ], [ "R", 9 ], [ "R", 10 ], [ "R", 10 ], [ "R", 10 ], [ "R", 2 ], [ "R", 10 ], [ "W", 1 ], [ "W", 10 ], [ "R", 1 ], [ "R", 10 ], [ "R", 9 ], [ "R", 9 ], [ "R", 2 ], [ "R", 2 ], [ "R", 2 ], [ "R", 15 ], [ "R", 9 ], [ "R", 9 ], [ "R", 10 ], [ "R", 10 ], [ "R", 10 ], [ "R", 10 ], [ "R", 2 ], [ "R", 2 ] ]
    } ]
  },
  "AgentController.register" : {
    "t" : [ {
      "id" : 0,
      "a" : [ [ "W", 15 ], [ "W", 15 ], [ "R", 15 ], [ "W", 2 ], [ "W", 15 ], [ "W", 2 ], [ "W", 1 ], [ "W", 2 ], [ "W", 1 ], [ "W", 5 ], [ "W", 4 ], [ "W", 2 ], [ "W", 2 ], [ "W", 2 ], [ "W", 2 ], [ "W", 2 ], [ "R", 2 ], [ "R", 15 ], [ "W", 15 ], [ "R", 2 ], [ "R", 15 ], [ "W", 15 ], [ "R", 2 ], [ "R", 15 ], [ "R", 2 ], [ "R", 15 ], [ "R", 9 ], [ "R", 9 ], [ "R", 2 ], [ "R", 15 ], [ "R", 15 ], [ "R", 2 ], [ "R", 15 ], [ "W", 15 ], [ "W", 5 ], [ "W", 10 ], [ "W", 10 ], [ "W", 1 ], [ "W", 10 ], [ "W", 10 ], [ "W", 10 ], [ "W", 2 ], [ "W", 10 ], [ "W", 10 ], [ "R", 10 ], [ "R", 10 ], [ "W", 10 ], [ "W", 10 ], [ "W", 10 ], [ "W", 2 ], [ "W", 10 ] ]
    } ]
  },
  "FolderAgentController.save" : {
    "t" : [ {
      "id" : 0,
      "a" : [ [ "R", 9 ], [ "W", 10 ], [ "W", 10 ], [ "R", 9 ], [ "R", 9 ], [ "R", 2 ], [ "R", 2 ], [ "R", 2 ], [ "R", 15 ], [ "W", 10 ], [ "W", 2 ], [ "W", 10 ], [ "W", 1 ], [ "W", 10 ], [ "R", 9 ], [ "R", 10 ], [ "R", 10 ], [ "R", 10 ], [ "W", 10 ], [ "W", 10 ], [ "R", 10 ], [ "R", 1 ], [ "W", 10 ], [ "W", 1 ], [ "R", 10 ], [ "W", 10 ], [ "R", 10 ], [ "R", 2 ], [ "W", 10 ], [ "W", 2 ], [ "R", 9 ], [ "R", 9 ], [ "R", 9 ], [ "R", 2 ], [ "R", 2 ], [ "R", 2 ], [ "R", 15 ], [ "R", 9 ], [ "R", 10 ], [ "R", 2 ], [ "R", 9 ], [ "R", 9 ], [ "R", 9 ], [ "R", 10 ], [ "R", 9 ], [ "R", 10 ], [ "R", 10 ], [ "R", 10 ], [ "R", 10 ], [ "R", 10 ], [ "R", 10 ], [ "R", 10 ], [ "R", 9 ], [ "R", 10 ], [ "R", 10 ], [ "R", 10 ], [ "R", 10 ], [ "R", 2 ], [ "R", 10 ], [ "R", 9 ], [ "R", 9 ], [ "R", 2 ], [ "R", 2 ], [ "R", 2 ], [ "R", 15 ], [ "R", 10 ], [ "R", 2 ], [ "R", 9 ], [ "R", 9 ], [ "R", 9 ], [ "R", 10 ], [ "R", 10 ], [ "R", 2 ], [ "R", 2 ], [ "R", 15 ], [ "R", 9 ], [ "R", 9 ], [ "R", 9 ], [ "R", 9 ], [ "R", 10 ], [ "R", 10 ], [ "R", 10 ], [ "R", 10 ], [ "R", 10 ], [ "R", 10 ], [ "R", 10 ], [ "R", 10 ], [ "R", 10 ], [ "R", 9 ], [ "R", 9 ], [ "R", 9 ], [ "R", 10 ], [ "R", 10 ], [ "R", 10 ], [ "R", 2 ], [ "R", 9 ], [ "R", 9 ], [ "R", 9 ], [ "R", 10 ], [ "R", 10 ], [ "R", 10 ], [ "R", 10 ], [ "R", 10 ], [ "R", 10 ], [ "R", 9 ], [ "R", 9 ], [ "R", 9 ], [ "R", 10 ], [ "R", 10 ], [ "R", 10 ], [ "R", 10 ], [ "R", 9 ], [ "R", 9 ], [ "R", 9 ], [ "R", 2 ], [ "R", 2 ], [ "R", 2 ], [ "R", 15 ], [ "R", 9 ], [ "R", 10 ], [ "R", 10 ], [ "R", 10 ], [ "R", 2 ], [ "R", 10 ], [ "R", 10 ], [ "R", 9 ], [ "R", 9 ], [ "R", 9 ], [ "R", 10 ], [ "R", 10 ], [ "R", 10 ], [ "R", 10 ], [ "R", 10 ], [ "R", 10 ], [ "R", 9 ], [ "R", 9 ], [ "R", 9 ], [ "R", 10 ], [ "R", 10 ], [ "W", 10 ], [ "R", 9 ], [ "R", 9 ], [ "R", 9 ], [ "R", 2 ], [ "R", 2 ], [ "R", 2 ], [ "R", 15 ], [ "R", 9 ], [ "R", 10 ], [ "R", 2 ], [ "R", 9 ], [ "R", 9 ], [ "R", 9 ], [ "R", 10 ], [ "R", 9 ], [ "R", 10 ], [ "R", 10 ], [ "R", 10 ], [ "R", 10 ], [ "R", 10 ], [ "R", 10 ], [ "R", 10 ], [ "R", 9 ], [ "R", 10 ], [ "R", 10 ], [ "R", 10 ], [ "R", 10 ], [ "R", 2 ], [ "R", 10 ] ]
    } ]
  },
  "NewspaperAgentController.listNotAdvertised" : {
    "t" : [ {
      "id" : 0,
      "a" : [ [ "R", 9 ], [ "R", 9 ], [ "R", 5 ], [ "R", 5 ], [ "R", 5 ], [ "R", 15 ], [ "R", 9 ], [ "R", 11 ], [ "R", 11 ], [ "R", 11 ], [ "R", 11 ], [ "R", 11 ], [ "R", 4 ], [ "R", 11 ], [ "R", 11 ], [ "R", 4 ], [ "R", 5 ] ]
    } ]
  },
  "NewspaperController.listSearchResults" : {
    "t" : [ {
      "id" : 0,
      "a" : [ [ "R", 11 ], [ "R", 11 ], [ "R", 11 ], [ "R", 11 ], [ "R", 11 ] ]
    } ]
  },
  "NewspaperUserController.create" : {
    "t" : [ {
      "id" : 0,
      "a" : [ [ "W", 11 ], [ "W", 6 ], [ "W", 11 ], [ "W", 4 ], [ "W", 11 ], [ "W", 16 ] ]
    } ]
  },
  "UserCustomerController.list" : {
    "t" : [ {
      "id" : 0,
      "a" : [ [ "R", 14 ], [ "R", 14 ] ]
    } ]
  },
  "AdvertisementAgentController.list" : {
    "t" : [ {
      "id" : 0,
      "a" : [ [ "R", 9 ], [ "R", 9 ], [ "R", 5 ], [ "R", 5 ], [ "R", 5 ], [ "R", 15 ], [ "R", 9 ], [ "R", 9 ], [ "R", 5 ], [ "R", 5 ], [ "R", 5 ], [ "R", 15 ], [ "R", 9 ], [ "R", 5 ], [ "R", 5 ], [ "R", 4 ], [ "R", 5 ], [ "R", 4 ], [ "R", 5 ] ]
    } ]
  },
  "NewspaperUserController.listSearchResults" : {
    "t" : [ {
      "id" : 0,
      "a" : [ [ "R", 11 ], [ "R", 11 ], [ "R", 11 ], [ "R", 11 ], [ "R", 11 ] ]
    } ]
  },
  "NewspaperController.list" : {
    "t" : [ {
      "id" : 0,
      "a" : [ [ "R", 11 ], [ "R", 11 ], [ "R", 11 ] ]
    } ]
  },
  "NewspaperCustomerController.list" : {
    "t" : [ {
      "id" : 0,
      "a" : [ [ "R", 11 ], [ "R", 11 ], [ "R", 11 ] ]
    } ]
  },
  "ArticleAdministratorController.list" : {
    "t" : [ {
      "id" : 0,
      "a" : [ [ "R", 6 ], [ "R", 6 ], [ "R", 6 ], [ "R", 6 ], [ "R", 6 ], [ "R", 6 ], [ "R", 11 ], [ "R", 6 ], [ "R", 6 ], [ "R", 6 ], [ "R", 6 ] ]
    } ]
  },
  "UserController.display" : {
    "t" : [ {
      "id" : 0,
      "a" : [ [ "R", 14 ], [ "R", 9 ], [ "R", 6 ], [ "R", 6 ], [ "R", 6 ], [ "R", 11 ], [ "R", 6 ], [ "R", 11 ], [ "R", 6 ], [ "R", 14 ], [ "R", 9 ], [ "R", 7 ], [ "R", 7 ], [ "R", 7 ], [ "R", 14 ] ]
    } ]
  },
  "ANMessageAdministratorController.edit" : {
    "t" : [ {
      "id" : 0,
      "a" : [ [ "R", 9 ], [ "R", 9 ], [ "R", 2 ], [ "R", 2 ], [ "R", 2 ], [ "R", 15 ], [ "R", 1 ], [ "R", 2 ], [ "R", 1 ], [ "R", 2 ], [ "R", 1 ], [ "R", 1 ], [ "R", 10 ], [ "R", 9 ], [ "R", 9 ], [ "R", 2 ], [ "R", 2 ], [ "R", 2 ], [ "R", 15 ], [ "R", 9 ], [ "R", 9 ], [ "R", 10 ], [ "R", 10 ], [ "R", 10 ], [ "R", 10 ], [ "R", 2 ] ]
    } ]
  },
  "AdvertisementAgentController.advertise" : {
    "t" : [ {
      "id" : 0,
      "a" : [ [ "R", 11 ], [ "R", 9 ], [ "R", 9 ], [ "R", 5 ], [ "R", 5 ], [ "R", 5 ], [ "R", 15 ], [ "R", 9 ], [ "R", 9 ], [ "R", 5 ], [ "R", 5 ], [ "R", 5 ], [ "R", 15 ], [ "R", 9 ], [ "R", 9 ], [ "R", 4 ], [ "R", 11 ], [ "R", 4 ], [ "R", 11 ], [ "R", 11 ], [ "R", 4 ], [ "R", 11 ], [ "R", 4 ], [ "R", 5 ], [ "R", 5 ], [ "R", 4 ], [ "R", 11 ], [ "R", 4 ], [ "R", 5 ], [ "R", 4 ], [ "R", 5 ], [ "R", 4 ], [ "R", 11 ], [ "R", 4 ], [ "R", 5 ], [ "R", 4 ] ]
    } ]
  },
  "FolderCustomerController.list" : {
    "t" : [ {
      "id" : 0,
      "a" : [ [ "R", 9 ], [ "R", 9 ], [ "R", 2 ], [ "R", 2 ], [ "R", 2 ], [ "R", 15 ], [ "R", 9 ], [ "R", 9 ], [ "R", 2 ], [ "R", 2 ], [ "R", 2 ], [ "R", 15 ], [ "R", 9 ], [ "R", 10 ], [ "R", 10 ], [ "R", 10 ], [ "R", 2 ], [ "R", 10 ], [ "R", 10 ], [ "R", 10 ], [ "R", 10 ], [ "R", 2 ], [ "R", 9 ], [ "R", 9 ], [ "R", 9 ], [ "R", 9 ], [ "R", 9 ], [ "R", 2 ], [ "R", 2 ], [ "R", 2 ], [ "R", 15 ], [ "R", 9 ], [ "R", 9 ], [ "R", 10 ], [ "R", 10 ], [ "R", 10 ], [ "R", 10 ], [ "R", 10 ], [ "R", 2 ], [ "R", 9 ], [ "R", 1 ], [ "R", 1 ], [ "R", 1 ], [ "R", 10 ] ]
    } ]
  },
  "FolderUserController.edit" : {
    "t" : [ {
      "id" : 0,
      "a" : [ [ "R", 9 ], [ "R", 9 ], [ "R", 2 ], [ "R", 2 ], [ "R", 2 ], [ "R", 15 ], [ "R", 10 ], [ "R", 10 ], [ "R", 2 ], [ "R", 9 ], [ "R", 9 ], [ "R", 9 ], [ "R", 10 ], [ "R", 9 ], [ "R", 9 ], [ "R", 9 ], [ "R", 2 ], [ "R", 2 ], [ "R", 2 ], [ "R", 15 ], [ "R", 9 ], [ "R", 10 ], [ "R", 2 ], [ "R", 9 ], [ "R", 9 ], [ "R", 9 ], [ "R", 10 ], [ "R", 9 ], [ "R", 10 ], [ "R", 10 ], [ "R", 10 ], [ "R", 10 ], [ "R", 10 ], [ "R", 10 ], [ "R", 10 ], [ "R", 9 ], [ "R", 10 ], [ "R", 10 ], [ "R", 10 ], [ "R", 10 ], [ "R", 2 ], [ "R", 10 ] ]
    } ]
  },
  "ArticleUserController.edit" : {
    "t" : [ {
      "id" : 0,
      "a" : [ [ "R", 11 ], [ "R", 6 ], [ "R", 9 ], [ "R", 9 ], [ "R", 14 ], [ "R", 14 ], [ "R", 14 ], [ "R", 15 ], [ "W", 6 ], [ "W", 14 ], [ "R", 11 ], [ "W", 6 ], [ "W", 11 ], [ "R", 9 ], [ "R", 6 ], [ "R", 14 ], [ "R", 9 ], [ "R", 9 ], [ "R", 9 ], [ "W", 6 ], [ "W", 6 ], [ "W", 6 ], [ "R", 6 ], [ "R", 11 ], [ "W", 6 ], [ "W", 11 ], [ "W", 6 ], [ "R", 6 ], [ "R", 6 ], [ "R", 6 ], [ "R", 13 ], [ "R", 13 ], [ "W", 6 ], [ "R", 9 ], [ "R", 9 ], [ "R", 6 ], [ "R", 6 ], [ "R", 6 ], [ "R", 6 ], [ "W", 6 ], [ "R", 6 ], [ "R", 6 ], [ "W", 6 ], [ "W", 6 ], [ "R", 6 ], [ "R", 6 ], [ "R", 6 ], [ "R", 6 ], [ "R", 9 ], [ "R", 6 ], [ "R", 11 ], [ "R", 9 ], [ "R", 9 ], [ "R", 9 ], [ "R", 14 ], [ "R", 14 ], [ "R", 14 ], [ "R", 15 ], [ "R", 6 ], [ "R", 14 ], [ "R", 9 ], [ "R", 9 ], [ "R", 9 ], [ "R", 9 ], [ "R", 9 ], [ "R", 6 ], [ "R", 6 ], [ "R", 6 ], [ "R", 14 ], [ "R", 6 ], [ "R", 14 ], [ "R", 9 ], [ "R", 9 ], [ "R", 9 ], [ "R", 6 ], [ "R", 11 ], [ "R", 6 ], [ "R", 11 ], [ "R", 9 ], [ "R", 9 ], [ "R", 9 ], [ "R", 6 ], [ "R", 6 ], [ "R", 6 ], [ "R", 6 ], [ "R", 6 ], [ "R", 6 ], [ "R", 6 ], [ "R", 6 ], [ "R", 14 ], [ "R", 9 ], [ "R", 9 ], [ "R", 9 ], [ "R", 6 ], [ "R", 6 ], [ "R", 6 ], [ "R", 6 ], [ "R", 6 ], [ "R", 6 ], [ "R", 6 ], [ "R", 6 ], [ "R", 6 ], [ "R", 6 ], [ "R", 13 ], [ "R", 13 ], [ "W", 6 ], [ "W", 6 ], [ "R", 9 ], [ "R", 9 ], [ "R", 6 ], [ "R", 6 ], [ "R", 6 ], [ "R", 6 ], [ "R", 9 ], [ "R", 6 ], [ "R", 11 ], [ "R", 9 ] ]
    } ]
  },
  "NewspaperUserController.requestPublish" : {
    "t" : [ {
      "id" : 0,
      "a" : [ [ "R", 9 ], [ "R", 9 ], [ "R", 14 ], [ "R", 14 ], [ "R", 14 ], [ "R", 15 ], [ "R", 11 ], [ "R", 14 ], [ "R", 11 ], [ "R", 14 ], [ "R", 11 ], [ "R", 11 ], [ "R", 11 ], [ "R", 6 ], [ "R", 11 ], [ "R", 6 ], [ "R", 6 ] ]
    } ]
  },
  "ArticleAgentController.display" : {
    "t" : [ {
      "id" : 0,
      "a" : [ [ "R", 6 ], [ "R", 9 ], [ "R", 9 ], [ "R", 5 ], [ "R", 5 ], [ "R", 5 ], [ "R", 15 ], [ "R", 6 ], [ "R", 6 ], [ "R", 6 ], [ "R", 6 ], [ "R", 11 ], [ "R", 9 ], [ "R", 9 ], [ "R", 4 ], [ "R", 11 ], [ "R", 4 ], [ "R", 11 ], [ "R", 4 ], [ "R", 11 ], [ "R", 11 ], [ "R", 4 ], [ "R", 5 ], [ "R", 6 ], [ "R", 6 ], [ "R", 11 ], [ "R", 11 ], [ "R", 6 ], [ "R", 6 ], [ "R", 6 ], [ "R", 6 ], [ "R", 6 ], [ "R", 6 ], [ "R", 11 ], [ "R", 9 ], [ "R", 9 ], [ "R", 4 ], [ "R", 11 ], [ "R", 4 ], [ "R", 11 ], [ "R", 4 ], [ "R", 11 ], [ "R", 11 ], [ "R", 4 ], [ "R", 5 ], [ "R", 6 ], [ "R", 6 ], [ "R", 6 ], [ "R", 6 ], [ "R", 6 ], [ "R", 6 ], [ "R", 11 ], [ "R", 11 ], [ "R", 6 ], [ "R", 11 ], [ "R", 11 ], [ "R", 4 ], [ "R", 9 ], [ "R", 6 ], [ "R", 6 ], [ "R", 6 ], [ "R", 6 ] ]
    } ]
  }
}