{
  "1" : "Activity",
  "2" : "Actor",
  "3" : "Administrator",
  "4" : "Author",
  "5" : "Box",
  "6" : "CameraReadyPaper",
  "7" : "Category",
  "8" : "Comment",
  "9" : "Commentable",
  "10" : "Conference",
  "11" : "Customisation",
  "12" : "DomainEntity",
  "13" : "Finder",
  "14" : "Message",
  "15" : "Panel",
  "16" : "Paper",
  "17" : "Presentation",
  "18" : "Registration",
  "19" : "Report",
  "20" : "Reviewer",
  "21" : "Section",
  "22" : "Sponsor",
  "23" : "Sponsorship",
  "24" : "Submission",
  "25" : "SubmissionForm",
  "26" : "Tutorial",
  "27" : "UserAccount"
}