{
  "Actor" : 1,
  "Administrator" : 2,
  "Answer" : 3,
  "Bargain" : 4,
  "Category" : 5,
  "Comment" : 6,
  "Company" : 7,
  "Configuration" : 8,
  "CreditCard" : 9,
  "DomainEntity" : 10,
  "Evaluation" : 11,
  "Groupon" : 12,
  "Identifier" : 13,
  "Internationalization" : 14,
  "Level" : 15,
  "Moderator" : 16,
  "Notification" : 17,
  "Participation" : 18,
  "Plan" : 19,
  "Question" : 20,
  "Raffle" : 21,
  "Sponsor" : 22,
  "Sponsorship" : 23,
  "Subscription" : 24,
  "Survey" : 25,
  "Tag" : 26,
  "Ticket" : 27,
  "User" : 28,
  "UserAccount" : 29
}