{
  "Actor" : 1,
  "Administrator" : 2,
  "Artist" : 3,
  "Attraction" : 4,
  "Caseta" : 5,
  "CollectionRecord" : 6,
  "DomainEntity" : 7,
  "ExpensesRecord" : 8,
  "Feriante" : 9,
  "Finder" : 10,
  "FoodLetter" : 11,
  "History" : 12,
  "Inscription" : 13,
  "InscriptionApplication" : 14,
  "LegalTerm" : 15,
  "License" : 16,
  "LicenseApplication" : 17,
  "Message" : 18,
  "Partner" : 19,
  "Performance" : 20,
  "PermissionApplication" : 21,
  "Product" : 22,
  "SocialProfile" : 23,
  "SystemRequirements" : 24,
  "Townhall" : 25,
  "UserAccount" : 26,
  "WorkersRecord" : 27
}