{
  "1" : "Actor",
  "2" : "Administrator",
  "3" : "Application",
  "4" : "Category",
  "5" : "Complaint",
  "6" : "Curriculum",
  "7" : "Customer",
  "8" : "DomainEntity",
  "9" : "EducationalRecord",
  "10" : "Endorsable",
  "11" : "Endorsement",
  "12" : "EndorserRecord",
  "13" : "Finder",
  "14" : "FixUp",
  "15" : "HandyWorker",
  "16" : "MailBox",
  "17" : "Message",
  "18" : "MiscellaneousRecord",
  "19" : "Note",
  "20" : "PersonalRecord",
  "21" : "Phase",
  "22" : "ProfessionalRecord",
  "23" : "Referee",
  "24" : "Report",
  "25" : "Section",
  "26" : "SocialProfile",
  "27" : "Sponsor",
  "28" : "Sponsorship",
  "29" : "Tutorial",
  "30" : "UserAccount",
  "31" : "Warranty"
}