{
  "LanguageExchangePolyglotController.save" : {
    "t" : [ {
      "id" : 0,
      "a" : [ [ "R", 9 ], [ "R", 11 ], [ "R", 9 ], [ "R", 9 ], [ "R", 11 ], [ "W", 9 ], [ "R", 6 ], [ "R", 6 ], [ "R", 14 ], [ "R", 14 ], [ "R", 14 ], [ "R", 17 ], [ "W", 11 ], [ "W", 14 ], [ "R", 6 ], [ "R", 6 ], [ "R", 6 ], [ "R", 14 ], [ "R", 14 ], [ "R", 14 ], [ "R", 17 ], [ "R", 11 ], [ "R", 6 ], [ "R", 7 ], [ "R", 7 ], [ "R", 7 ], [ "R", 7 ], [ "R", 1 ], [ "W", 7 ], [ "W", 13 ], [ "W", 7 ], [ "W", 7 ], [ "W", 1 ], [ "W", 7 ], [ "R", 11 ], [ "W", 7 ], [ "R", 6 ], [ "R", 6 ], [ "R", 1 ], [ "R", 1 ], [ "R", 1 ], [ "R", 17 ], [ "W", 7 ], [ "W", 1 ], [ "W", 7 ], [ "W", 11 ], [ "R", 9 ] ]
    } ]
  },
  "BannerAgentController.create" : {
    "t" : [ {
      "id" : 0,
      "a" : [ [ "R", 6 ], [ "R", 6 ], [ "R", 1 ], [ "R", 1 ], [ "R", 1 ], [ "R", 17 ], [ "R", 1 ], [ "R", 17 ], [ "R", 17 ], [ "R", 9 ], [ "R", 6 ], [ "R", 6 ], [ "R", 3 ], [ "R", 3 ], [ "R", 3 ], [ "R", 17 ], [ "R", 6 ], [ "R", 15 ], [ "R", 15 ], [ "R", 15 ], [ "R", 3 ] ]
    } ]
  },
  "MessageActorController.move" : {
    "t" : [ {
      "id" : 0,
      "a" : [ [ "R", 13 ], [ "R", 6 ], [ "R", 6 ], [ "R", 1 ], [ "R", 1 ], [ "R", 1 ], [ "R", 17 ], [ "R", 13 ], [ "R", 1 ], [ "R", 6 ], [ "R", 6 ], [ "R", 6 ], [ "R", 13 ], [ "R", 1 ], [ "R", 6 ], [ "R", 6 ], [ "R", 6 ], [ "R", 7 ], [ "W", 13 ], [ "W", 7 ], [ "R", 1 ], [ "R", 6 ], [ "R", 6 ], [ "R", 1 ], [ "R", 1 ], [ "R", 1 ], [ "R", 17 ] ]
    } ]
  },
  "LanguageExchangePolyglotController.cancelExchange" : {
    "t" : [ {
      "id" : 0,
      "a" : [ [ "R", 11 ], [ "R", 6 ], [ "R", 6 ], [ "R", 14 ], [ "R", 14 ], [ "R", 14 ], [ "R", 17 ], [ "R", 11 ], [ "R", 14 ], [ "R", 6 ], [ "R", 6 ], [ "R", 6 ], [ "W", 11 ] ]
    } ]
  },
  "MessageActorController.display" : {
    "t" : [ {
      "id" : 0,
      "a" : [ [ "R", 6 ], [ "R", 6 ], [ "R", 1 ], [ "R", 1 ], [ "R", 1 ], [ "R", 17 ], [ "R", 13 ], [ "R", 13 ], [ "R", 1 ], [ "R", 6 ], [ "R", 6 ], [ "R", 6 ], [ "R", 13 ], [ "R", 1 ], [ "R", 6 ], [ "R", 6 ], [ "R", 6 ] ]
    } ]
  },
  "LanguageDescriptionAdministratorController.create" : {
    "t" : [ {
      "id" : 0,
      "a" : [ [ "R", 6 ], [ "R", 6 ], [ "R", 1 ], [ "R", 1 ], [ "R", 1 ], [ "R", 17 ], [ "R", 1 ], [ "R", 17 ], [ "R", 17 ], [ "R", 9 ] ]
    } ]
  },
  "FolderActorController.save" : {
    "t" : [ {
      "id" : 0,
      "a" : [ [ "R", 6 ], [ "R", 6 ], [ "R", 1 ], [ "R", 1 ], [ "R", 1 ], [ "R", 17 ], [ "W", 7 ], [ "W", 1 ], [ "W", 7 ] ]
    } ]
  },
  "LanguageExchangePolyglotController.unJoin" : {
    "t" : [ {
      "id" : 0,
      "a" : [ [ "R", 11 ], [ "R", 6 ], [ "R", 6 ], [ "R", 14 ], [ "R", 14 ], [ "R", 14 ], [ "R", 17 ], [ "R", 11 ], [ "R", 14 ], [ "R", 14 ], [ "R", 11 ], [ "W", 11 ], [ "W", 14 ], [ "W", 14 ], [ "W", 11 ] ]
    } ]
  },
  "MessageActorController.spam" : {
    "t" : [ {
      "id" : 0,
      "a" : [ [ "R", 6 ], [ "R", 6 ], [ "R", 1 ], [ "R", 1 ], [ "R", 1 ], [ "R", 17 ], [ "R", 13 ], [ "R", 13 ], [ "R", 1 ], [ "R", 6 ], [ "R", 6 ], [ "R", 6 ], [ "R", 13 ], [ "R", 1 ], [ "R", 6 ], [ "R", 6 ], [ "R", 6 ], [ "R", 6 ], [ "R", 6 ], [ "R", 1 ], [ "R", 1 ], [ "R", 1 ], [ "R", 17 ], [ "R", 6 ], [ "R", 7 ], [ "R", 7 ], [ "R", 7 ], [ "R", 7 ], [ "R", 1 ], [ "W", 13 ], [ "W", 7 ] ]
    } ]
  },
  "LanguageExchangeDescriptionPolyglotController.create" : {
    "t" : [ {
      "id" : 0,
      "a" : [ [ "R", 6 ], [ "R", 6 ], [ "R", 14 ], [ "R", 14 ], [ "R", 14 ], [ "R", 17 ], [ "R", 6 ], [ "R", 11 ], [ "R", 11 ], [ "R", 11 ], [ "R", 14 ], [ "R", 9 ] ]
    } ]
  },
  "MessageActorController.delete" : {
    "t" : [ {
      "id" : 0,
      "a" : [ [ "R", 6 ], [ "R", 6 ], [ "R", 1 ], [ "R", 1 ], [ "R", 1 ], [ "R", 17 ], [ "R", 13 ], [ "R", 13 ], [ "R", 1 ], [ "R", 6 ], [ "R", 6 ], [ "R", 6 ], [ "R", 13 ], [ "R", 1 ], [ "R", 6 ], [ "R", 6 ], [ "R", 6 ], [ "R", 13 ], [ "R", 7 ], [ "R", 6 ], [ "R", 6 ], [ "R", 1 ], [ "R", 1 ], [ "R", 1 ], [ "R", 17 ], [ "R", 6 ], [ "R", 7 ], [ "R", 7 ], [ "R", 7 ], [ "R", 7 ], [ "R", 1 ], [ "R", 7 ], [ "W", 13 ], [ "W", 7 ], [ "W", 13 ] ]
    } ]
  },
  "AdministratorController.dashboard" : {
    "t" : [ {
      "id" : 0,
      "a" : [ [ "R", 9 ], [ "R", 9 ], [ "R", 9 ], [ "R", 14 ], [ "R", 14 ], [ "R", 14 ], [ "R", 11 ], [ "R", 14 ], [ "R", 14 ], [ "R", 14 ], [ "R", 11 ], [ "R", 11 ], [ "R", 11 ], [ "R", 11 ], [ "R", 15 ], [ "R", 14 ], [ "R", 14 ], [ "R", 11 ], [ "R", 14 ], [ "R", 11 ], [ "R", 15 ], [ "R", 14 ], [ "R", 14 ], [ "R", 11 ], [ "R", 15 ], [ "R", 11 ], [ "R", 11 ], [ "R", 15 ], [ "R", 11 ], [ "R", 11 ], [ "R", 15 ], [ "R", 11 ], [ "R", 15 ], [ "R", 7 ], [ "R", 7 ], [ "R", 13 ], [ "R", 7 ], [ "R", 13 ], [ "R", 7 ], [ "R", 13 ], [ "R", 9 ], [ "R", 9 ], [ "R", 9 ], [ "R", 13 ], [ "R", 13 ], [ "R", 13 ], [ "R", 13 ], [ "R", 13 ] ]
    } ]
  },
  "SponsorshipAgentController.edit" : {
    "t" : [ {
      "id" : 0,
      "a" : [ [ "R", 6 ], [ "R", 6 ], [ "R", 3 ], [ "R", 3 ], [ "R", 3 ], [ "R", 17 ], [ "R", 15 ], [ "R", 15 ], [ "R", 3 ], [ "R", 6 ], [ "R", 6 ], [ "R", 6 ], [ "R", 11 ] ]
    } ]
  },
  "SponsorshipDescriptionController.display" : {
    "t" : [ {
      "id" : 0,
      "a" : [ [ "R", 15 ], [ "R", 15 ], [ "R", 16 ], [ "R", 15 ], [ "R", 16 ], [ "R", 15 ], [ "R", 15 ], [ "R", 16 ], [ "R", 15 ], [ "R", 15 ], [ "R", 16 ], [ "R", 15 ], [ "R", 16 ], [ "R", 15 ], [ "R", 15 ], [ "R", 16 ], [ "R", 15 ], [ "R", 15 ], [ "R", 16 ], [ "R", 15 ], [ "R", 16 ], [ "R", 15 ] ]
    } ]
  },
  "PolyglotController.edit" : {
    "t" : [ {
      "id" : 0,
      "a" : [ [ "R", 6 ], [ "R", 6 ], [ "R", 1 ], [ "R", 1 ], [ "R", 1 ], [ "R", 17 ] ]
    } ]
  },
  "LanguageExchangePolyglotController.list" : {
    "t" : [ {
      "id" : 0,
      "a" : [ [ "R", 6 ], [ "R", 6 ], [ "R", 14 ], [ "R", 14 ], [ "R", 14 ], [ "R", 17 ], [ "R", 6 ], [ "R", 11 ], [ "R", 11 ], [ "R", 11 ], [ "R", 14 ], [ "R", 6 ], [ "R", 6 ], [ "R", 14 ], [ "R", 14 ], [ "R", 14 ], [ "R", 17 ], [ "R", 9 ] ]
    } ]
  },
  "LanguageExchangeDescriptionController.display" : {
    "t" : [ {
      "id" : 0,
      "a" : [ [ "R", 11 ], [ "R", 11 ], [ "R", 12 ], [ "R", 11 ], [ "R", 12 ], [ "R", 11 ], [ "R", 11 ], [ "R", 12 ], [ "R", 11 ], [ "R", 11 ], [ "R", 12 ], [ "R", 11 ], [ "R", 12 ], [ "R", 11 ], [ "R", 11 ], [ "R", 12 ], [ "R", 11 ], [ "R", 11 ], [ "R", 12 ], [ "R", 11 ], [ "R", 12 ], [ "R", 11 ], [ "R", 12 ], [ "R", 11 ], [ "R", 11 ], [ "R", 15 ], [ "R", 11 ], [ "R", 11 ], [ "R", 15 ], [ "R", 11 ], [ "R", 15 ], [ "R", 4 ], [ "R", 11 ], [ "R", 15 ], [ "R", 4 ], [ "R", 11 ], [ "R", 11 ], [ "R", 15 ], [ "R", 4 ], [ "R", 11 ], [ "R", 11 ], [ "R", 15 ], [ "R", 11 ], [ "R", 15 ], [ "R", 4 ], [ "R", 11 ], [ "R", 15 ], [ "R", 4 ], [ "R", 11 ], [ "R", 11 ], [ "R", 15 ], [ "R", 4 ], [ "R", 11 ], [ "R", 11 ], [ "R", 15 ], [ "R", 11 ], [ "R", 15 ], [ "R", 4 ], [ "R", 11 ], [ "R", 15 ], [ "R", 4 ], [ "R", 11 ] ]
    } ]
  },
  "FolderActorController.list" : {
    "t" : [ {
      "id" : 0,
      "a" : [ [ "R", 6 ], [ "R", 6 ], [ "R", 1 ], [ "R", 1 ], [ "R", 1 ], [ "R", 17 ], [ "R", 6 ], [ "R", 7 ], [ "R", 7 ], [ "R", 7 ], [ "R", 1 ] ]
    } ]
  },
  "ActorAdministratorController.unban" : {
    "t" : [ {
      "id" : 0,
      "a" : [ [ "R", 1 ], [ "R", 1 ], [ "R", 17 ], [ "W", 17 ] ]
    } ]
  },
  "LanguageExchangePolyglotController.listJoined" : {
    "t" : [ {
      "id" : 0,
      "a" : [ [ "R", 6 ], [ "R", 6 ], [ "R", 14 ], [ "R", 14 ], [ "R", 14 ], [ "R", 17 ], [ "R", 6 ], [ "R", 14 ], [ "R", 14 ], [ "R", 11 ], [ "R", 14 ], [ "R", 6 ], [ "R", 6 ], [ "R", 14 ], [ "R", 14 ], [ "R", 14 ], [ "R", 17 ], [ "R", 9 ] ]
    } ]
  },
  "ActorAdministratorController.list" : {
    "t" : [ {
      "id" : 0,
      "a" : [ [ "R", 1 ] ]
    } ]
  },
  "MessageActorController.list" : {
    "t" : [ {
      "id" : 0,
      "a" : [ [ "R", 6 ], [ "R", 6 ], [ "R", 1 ], [ "R", 1 ], [ "R", 1 ], [ "R", 17 ], [ "R", 6 ], [ "R", 7 ], [ "R", 7 ], [ "R", 7 ], [ "R", 1 ], [ "R", 7 ], [ "R", 6 ], [ "R", 6 ], [ "R", 1 ], [ "R", 1 ], [ "R", 1 ], [ "R", 17 ], [ "R", 7 ], [ "R", 7 ], [ "R", 1 ], [ "R", 6 ], [ "R", 6 ], [ "R", 6 ], [ "R", 7 ], [ "R", 7 ], [ "R", 13 ], [ "R", 7 ], [ "R", 6 ], [ "R", 6 ], [ "R", 1 ], [ "R", 1 ], [ "R", 1 ], [ "R", 17 ], [ "R", 6 ], [ "R", 7 ], [ "R", 7 ], [ "R", 7 ], [ "R", 7 ], [ "R", 1 ], [ "R", 6 ], [ "R", 6 ], [ "R", 7 ], [ "R", 7 ], [ "R", 7 ], [ "R", 7 ], [ "R", 1 ], [ "R", 6 ] ]
    } ]
  },
  "BannerAgentController.save" : {
    "t" : [ {
      "id" : 0,
      "a" : [ [ "R", 9 ], [ "R", 6 ], [ "R", 6 ], [ "R", 3 ], [ "R", 3 ], [ "R", 3 ], [ "R", 17 ], [ "R", 6 ], [ "R", 15 ], [ "R", 15 ], [ "R", 15 ], [ "R", 3 ], [ "R", 6 ], [ "R", 6 ], [ "R", 1 ], [ "R", 1 ], [ "R", 1 ], [ "R", 17 ], [ "R", 1 ], [ "R", 17 ], [ "R", 17 ], [ "R", 4 ], [ "R", 15 ], [ "R", 15 ], [ "R", 3 ], [ "R", 6 ], [ "R", 6 ], [ "R", 1 ], [ "R", 1 ], [ "R", 1 ], [ "R", 17 ], [ "R", 6 ], [ "R", 6 ], [ "R", 6 ], [ "W", 4 ], [ "R", 9 ], [ "R", 6 ], [ "R", 6 ], [ "R", 3 ], [ "R", 3 ], [ "R", 3 ], [ "R", 17 ], [ "R", 6 ], [ "R", 15 ], [ "R", 15 ], [ "R", 15 ], [ "R", 3 ] ]
    } ]
  },
  "SponsorshipAgentController.save" : {
    "t" : [ {
      "id" : 0,
      "a" : [ [ "R", 11 ], [ "R", 6 ], [ "R", 6 ], [ "R", 3 ], [ "R", 3 ], [ "R", 3 ], [ "R", 17 ], [ "W", 15 ], [ "W", 3 ], [ "W", 15 ], [ "R", 11 ] ]
    } ]
  },
  "LanguageExchangeActorController.list3MonthsTime" : {
    "t" : [ {
      "id" : 0,
      "a" : [ [ "R", 11 ], [ "R", 11 ], [ "R", 11 ], [ "R", 6 ], [ "R", 6 ], [ "R", 1 ], [ "R", 1 ], [ "R", 1 ], [ "R", 17 ], [ "R", 9 ] ]
    } ]
  },
  "SponsorshipAgentController.create" : {
    "t" : [ {
      "id" : 0,
      "a" : [ [ "R", 6 ], [ "R", 6 ], [ "R", 3 ], [ "R", 3 ], [ "R", 3 ], [ "R", 17 ], [ "W", 15 ], [ "W", 3 ], [ "W", 15 ], [ "W", 4 ], [ "W", 15 ], [ "W", 16 ], [ "R", 11 ] ]
    } ]
  },
  "LanguageDescriptionAdministratorController.display" : {
    "t" : [ {
      "id" : 0,
      "a" : [ [ "R", 9 ], [ "R", 9 ], [ "R", 10 ], [ "R", 9 ], [ "R", 10 ], [ "R", 9 ], [ "R", 9 ], [ "R", 10 ], [ "R", 9 ], [ "R", 9 ], [ "R", 10 ], [ "R", 9 ], [ "R", 10 ], [ "R", 9 ], [ "R", 9 ], [ "R", 10 ], [ "R", 9 ], [ "R", 9 ], [ "R", 10 ], [ "R", 9 ], [ "R", 10 ], [ "R", 9 ] ]
    } ]
  },
  "FolderActorController.deleteFolder" : {
    "t" : [ {
      "id" : 0,
      "a" : [ [ "R", 6 ], [ "R", 6 ], [ "R", 1 ], [ "R", 1 ], [ "R", 1 ], [ "R", 17 ], [ "R", 7 ], [ "R", 7 ], [ "R", 1 ], [ "R", 6 ], [ "R", 6 ], [ "R", 6 ], [ "R", 7 ], [ "R", 7 ], [ "R", 13 ], [ "R", 6 ], [ "R", 6 ], [ "R", 1 ], [ "R", 1 ], [ "R", 1 ], [ "R", 17 ], [ "R", 7 ], [ "R", 6 ], [ "R", 7 ], [ "R", 7 ], [ "R", 7 ], [ "R", 7 ], [ "R", 1 ], [ "W", 13 ], [ "W", 7 ], [ "W", 7 ] ]
    } ]
  },
  "PolyglotController.list" : {
    "t" : [ {
      "id" : 0,
      "a" : [ [ "R", 14 ] ]
    } ]
  },
  "languageController.list" : {
    "t" : [ {
      "id" : 0,
      "a" : [ [ "R", 9 ] ]
    } ]
  },
  "LanguageExchangePolyglotController.create" : {
    "t" : [ {
      "id" : 0,
      "a" : [ [ "R", 6 ], [ "R", 6 ], [ "R", 14 ], [ "R", 14 ], [ "R", 14 ], [ "R", 17 ], [ "W", 11 ], [ "W", 14 ], [ "W", 11 ], [ "W", 14 ], [ "W", 11 ], [ "W", 9 ], [ "W", 11 ], [ "W", 12 ], [ "W", 11 ], [ "R", 9 ] ]
    } ]
  },
  "LanguageExchangePolyglotController.edit" : {
    "t" : [ {
      "id" : 0,
      "a" : [ [ "R", 6 ], [ "R", 6 ], [ "R", 14 ], [ "R", 14 ], [ "R", 14 ], [ "R", 17 ], [ "R", 11 ], [ "R", 11 ], [ "R", 14 ], [ "R", 6 ], [ "R", 6 ], [ "R", 6 ], [ "R", 9 ] ]
    } ]
  },
  "LanguageDescriptionAdministratorController.delete" : {
    "t" : [ {
      "id" : 0,
      "a" : [ [ "R", 6 ], [ "R", 6 ], [ "R", 1 ], [ "R", 1 ], [ "R", 1 ], [ "R", 17 ], [ "R", 1 ], [ "R", 17 ], [ "R", 17 ], [ "W", 10 ], [ "R", 9 ] ]
    } ]
  },
  "BannerAgentController.edit" : {
    "t" : [ {
      "id" : 0,
      "a" : [ [ "R", 4 ], [ "R", 6 ], [ "R", 6 ], [ "R", 3 ], [ "R", 3 ], [ "R", 3 ], [ "R", 17 ], [ "R", 4 ], [ "R", 15 ], [ "R", 15 ], [ "R", 3 ], [ "R", 6 ], [ "R", 6 ], [ "R", 6 ], [ "R", 9 ], [ "R", 6 ], [ "R", 6 ], [ "R", 3 ], [ "R", 3 ], [ "R", 3 ], [ "R", 17 ], [ "R", 6 ], [ "R", 15 ], [ "R", 15 ], [ "R", 15 ], [ "R", 3 ] ]
    } ]
  },
  "LanguageAdministratorController.delete" : {
    "t" : [ {
      "id" : 0,
      "a" : [ [ "R", 6 ], [ "R", 6 ], [ "R", 1 ], [ "R", 1 ], [ "R", 1 ], [ "R", 17 ], [ "R", 1 ], [ "R", 17 ], [ "R", 17 ], [ "W", 9 ] ]
    } ]
  },
  "MessageActorController.edit" : {
    "t" : [ {
      "id" : 0,
      "a" : [ [ "R", 13 ] ]
    } ]
  },
  "LanguageExchangeActorController.list3MonthsAgo" : {
    "t" : [ {
      "id" : 0,
      "a" : [ [ "R", 11 ], [ "R", 11 ], [ "R", 11 ], [ "R", 6 ], [ "R", 6 ], [ "R", 1 ], [ "R", 1 ], [ "R", 1 ], [ "R", 17 ], [ "R", 9 ] ]
    } ]
  },
  "FolderActorController.delete" : {
    "t" : [ {
      "id" : 0,
      "a" : [ [ "R", 7 ], [ "R", 7 ], [ "R", 13 ], [ "R", 6 ], [ "R", 6 ], [ "R", 1 ], [ "R", 1 ], [ "R", 1 ], [ "R", 17 ], [ "R", 7 ], [ "R", 6 ], [ "R", 7 ], [ "R", 7 ], [ "R", 7 ], [ "R", 7 ], [ "R", 1 ], [ "W", 13 ], [ "W", 7 ], [ "W", 7 ] ]
    } ]
  },
  "SponsorshipDescriptionController.edit" : {
    "t" : [ {
      "id" : 0,
      "a" : [ [ "R", 16 ], [ "R", 6 ], [ "R", 6 ], [ "R", 3 ], [ "R", 3 ], [ "R", 3 ], [ "R", 17 ], [ "R", 16 ], [ "R", 15 ], [ "R", 15 ], [ "R", 3 ], [ "R", 6 ], [ "R", 6 ], [ "R", 6 ], [ "R", 9 ], [ "R", 6 ], [ "R", 6 ], [ "R", 3 ], [ "R", 3 ], [ "R", 3 ], [ "R", 17 ], [ "R", 6 ], [ "R", 15 ], [ "R", 15 ], [ "R", 15 ], [ "R", 3 ] ]
    } ]
  },
  "LanguageAdministratorController.edit" : {
    "t" : [ {
      "id" : 0,
      "a" : [ [ "R", 9 ] ]
    } ]
  },
  "LanguageExchangeController.listKeyword2" : {
    "t" : [ {
      "id" : 0,
      "a" : [ [ "R", 11 ], [ "R", 11 ], [ "R", 12 ], [ "R", 11 ], [ "R", 11 ], [ "R", 12 ], [ "R", 11 ], [ "R", 12 ], [ "R", 11 ], [ "R", 11 ], [ "R", 12 ], [ "R", 9 ], [ "R", 6 ], [ "R", 6 ], [ "R", 1 ], [ "R", 1 ], [ "R", 1 ], [ "R", 17 ], [ "R", 1 ], [ "R", 8 ], [ "R", 6 ], [ "R", 8 ], [ "R", 8 ], [ "R", 8 ], [ "R", 8 ], [ "R", 1 ], [ "W", 8 ], [ "W", 8 ], [ "W", 8 ], [ "W", 1 ], [ "W", 8 ], [ "R", 8 ], [ "W", 8 ], [ "W", 1 ], [ "W", 8 ] ]
    } ]
  },
  "LanguageAdministratorController.list" : {
    "t" : [ {
      "id" : 0,
      "a" : [ [ "R", 9 ] ]
    } ]
  },
  "LanguageExchangeController.listKeyword1" : {
    "t" : [ {
      "id" : 0,
      "a" : [ [ "R", 11 ], [ "R", 11 ], [ "R", 12 ], [ "R", 11 ], [ "R", 11 ], [ "R", 12 ], [ "R", 11 ], [ "R", 12 ], [ "R", 11 ], [ "R", 11 ], [ "R", 12 ], [ "R", 9 ] ]
    } ]
  },
  "LanguageExchangeDescriptionPolyglotController.delete" : {
    "t" : [ {
      "id" : 0,
      "a" : [ [ "R", 6 ], [ "R", 6 ], [ "R", 14 ], [ "R", 14 ], [ "R", 14 ], [ "R", 17 ], [ "R", 12 ], [ "R", 11 ], [ "R", 11 ], [ "R", 14 ], [ "R", 6 ], [ "R", 6 ], [ "R", 6 ], [ "W", 12 ], [ "R", 6 ], [ "R", 6 ], [ "R", 14 ], [ "R", 14 ], [ "R", 14 ], [ "R", 17 ], [ "R", 6 ], [ "R", 11 ], [ "R", 11 ], [ "R", 11 ], [ "R", 14 ], [ "R", 9 ] ]
    } ]
  },
  "MessageActorController.create" : {
    "t" : [ {
      "id" : 0,
      "a" : [ [ "R", 6 ], [ "R", 6 ], [ "R", 1 ], [ "R", 1 ], [ "R", 1 ], [ "R", 17 ], [ "R", 6 ], [ "R", 7 ], [ "R", 7 ], [ "R", 7 ], [ "R", 7 ], [ "R", 1 ], [ "W", 13 ], [ "W", 1 ], [ "W", 13 ], [ "W", 13 ], [ "W", 13 ], [ "W", 7 ], [ "W", 13 ], [ "W", 1 ], [ "R", 1 ], [ "R", 6 ], [ "R", 6 ], [ "R", 1 ], [ "R", 1 ], [ "R", 1 ], [ "R", 17 ] ]
    } ]
  },
  "LanguageDescriptionAdministratorController.save" : {
    "t" : [ {
      "id" : 0,
      "a" : [ [ "R", 9 ], [ "R", 6 ], [ "R", 6 ], [ "R", 1 ], [ "R", 1 ], [ "R", 1 ], [ "R", 17 ], [ "R", 1 ], [ "R", 17 ], [ "R", 17 ], [ "W", 10 ], [ "R", 9 ] ]
    } ]
  },
  "SponsorshipAgentController.list" : {
    "t" : [ {
      "id" : 0,
      "a" : [ [ "R", 6 ], [ "R", 6 ], [ "R", 3 ], [ "R", 3 ], [ "R", 3 ], [ "R", 17 ], [ "R", 6 ], [ "R", 15 ], [ "R", 15 ], [ "R", 15 ], [ "R", 3 ], [ "R", 9 ] ]
    } ]
  },
  "LanguageExchangePolyglotController.join" : {
    "t" : [ {
      "id" : 0,
      "a" : [ [ "R", 11 ], [ "R", 6 ], [ "R", 6 ], [ "R", 14 ], [ "R", 14 ], [ "R", 14 ], [ "R", 17 ], [ "R", 11 ], [ "R", 14 ], [ "R", 14 ], [ "R", 11 ], [ "W", 11 ], [ "W", 14 ], [ "W", 14 ], [ "W", 11 ], [ "R", 11 ], [ "R", 14 ], [ "R", 6 ], [ "R", 6 ], [ "R", 6 ], [ "R", 6 ], [ "R", 6 ], [ "R", 14 ], [ "R", 14 ], [ "R", 14 ], [ "R", 17 ], [ "R", 11 ], [ "R", 6 ], [ "R", 7 ], [ "R", 7 ], [ "R", 7 ], [ "R", 7 ], [ "R", 1 ], [ "W", 7 ], [ "W", 13 ], [ "W", 7 ], [ "W", 7 ], [ "W", 1 ], [ "W", 7 ], [ "R", 11 ], [ "W", 7 ], [ "R", 6 ], [ "R", 6 ], [ "R", 1 ], [ "R", 1 ], [ "R", 1 ], [ "R", 17 ], [ "W", 7 ], [ "W", 1 ], [ "W", 7 ] ]
    } ]
  },
  "BannerAgentController.delete" : {
    "t" : [ {
      "id" : 0,
      "a" : [ [ "R", 6 ], [ "R", 6 ], [ "R", 1 ], [ "R", 1 ], [ "R", 1 ], [ "R", 17 ], [ "R", 1 ], [ "R", 17 ], [ "R", 17 ], [ "R", 4 ], [ "R", 15 ], [ "R", 15 ], [ "R", 3 ], [ "R", 6 ], [ "R", 6 ], [ "R", 1 ], [ "R", 1 ], [ "R", 1 ], [ "R", 17 ], [ "R", 6 ], [ "R", 6 ], [ "R", 6 ], [ "W", 4 ], [ "R", 9 ], [ "R", 6 ], [ "R", 6 ], [ "R", 3 ], [ "R", 3 ], [ "R", 3 ], [ "R", 17 ], [ "R", 6 ], [ "R", 15 ], [ "R", 15 ], [ "R", 15 ], [ "R", 3 ] ]
    } ]
  },
  "MessageActorController.save" : {
    "t" : [ {
      "id" : 0,
      "a" : [ [ "R", 1 ], [ "R", 6 ], [ "R", 6 ], [ "R", 1 ], [ "R", 1 ], [ "R", 1 ], [ "R", 17 ], [ "R", 13 ], [ "R", 1 ], [ "R", 6 ], [ "R", 6 ], [ "R", 1 ], [ "R", 1 ], [ "R", 1 ], [ "R", 17 ], [ "R", 6 ], [ "R", 7 ], [ "R", 7 ], [ "R", 7 ], [ "R", 7 ], [ "R", 1 ], [ "R", 7 ], [ "R", 13 ], [ "W", 13 ], [ "W", 13 ], [ "W", 1 ], [ "W", 13 ], [ "W", 7 ], [ "W", 7 ], [ "W", 13 ], [ "R", 6 ], [ "R", 6 ], [ "R", 1 ], [ "R", 1 ], [ "R", 1 ], [ "R", 17 ], [ "R", 6 ], [ "R", 7 ], [ "R", 7 ], [ "R", 7 ], [ "R", 7 ], [ "R", 1 ], [ "W", 13 ], [ "W", 1 ], [ "W", 13 ], [ "W", 13 ], [ "W", 13 ], [ "W", 7 ], [ "W", 13 ], [ "W", 1 ], [ "R", 13 ], [ "R", 1 ], [ "R", 13 ], [ "W", 13 ], [ "R", 13 ], [ "W", 13 ], [ "W", 13 ], [ "R", 13 ], [ "W", 13 ], [ "R", 13 ], [ "W", 13 ], [ "R", 13 ], [ "W", 13 ], [ "W", 13 ], [ "W", 1 ], [ "R", 13 ], [ "R", 1 ], [ "W", 13 ], [ "W", 1 ], [ "R", 13 ], [ "W", 13 ], [ "R", 6 ], [ "R", 7 ], [ "R", 7 ], [ "R", 7 ], [ "R", 7 ], [ "R", 1 ], [ "W", 13 ], [ "W", 7 ], [ "R", 7 ], [ "R", 13 ], [ "W", 7 ], [ "W", 13 ], [ "R", 6 ], [ "R", 6 ], [ "R", 1 ], [ "R", 1 ], [ "R", 1 ], [ "R", 17 ], [ "R", 6 ], [ "W", 13 ], [ "W", 1 ], [ "W", 13 ], [ "R", 6 ], [ "R", 6 ], [ "R", 1 ], [ "R", 1 ], [ "R", 1 ], [ "R", 17 ], [ "R", 6 ], [ "W", 13 ], [ "W", 1 ], [ "W", 13 ], [ "R", 1 ], [ "R", 6 ], [ "R", 6 ], [ "R", 1 ], [ "R", 1 ], [ "R", 1 ], [ "R", 17 ] ]
    } ]
  },
  "LanguageExchangeController.list3MonthsAgo" : {
    "t" : [ {
      "id" : 0,
      "a" : [ [ "R", 11 ], [ "R", 11 ], [ "R", 11 ], [ "R", 9 ] ]
    } ]
  },
  "BannerAgentController.list" : {
    "t" : [ {
      "id" : 0,
      "a" : [ [ "R", 6 ], [ "R", 6 ], [ "R", 3 ], [ "R", 3 ], [ "R", 3 ], [ "R", 17 ], [ "R", 6 ], [ "R", 4 ], [ "R", 4 ], [ "R", 4 ], [ "R", 15 ], [ "R", 3 ] ]
    } ]
  },
  "LanguageDescriptionAdministratorController.edit" : {
    "t" : [ {
      "id" : 0,
      "a" : [ [ "R", 10 ], [ "R", 9 ] ]
    } ]
  },
  "LanguageExchangeDescriptionPolyglotController.list" : {
    "t" : [ {
      "id" : 0,
      "a" : [ [ "R", 6 ], [ "R", 6 ], [ "R", 14 ], [ "R", 14 ], [ "R", 14 ], [ "R", 17 ], [ "R", 6 ], [ "R", 12 ], [ "R", 12 ], [ "R", 12 ], [ "R", 11 ], [ "R", 14 ] ]
    } ]
  },
  "MessageActorController.createBroadcast" : {
    "t" : [ {
      "id" : 0,
      "a" : [ [ "R", 6 ], [ "R", 6 ], [ "R", 1 ], [ "R", 1 ], [ "R", 1 ], [ "R", 17 ], [ "R", 6 ], [ "R", 7 ], [ "R", 7 ], [ "R", 7 ], [ "R", 7 ], [ "R", 1 ], [ "W", 13 ], [ "W", 1 ], [ "W", 13 ], [ "W", 13 ], [ "W", 13 ], [ "W", 7 ], [ "W", 13 ], [ "W", 1 ] ]
    } ]
  },
  "SponsorshipDescriptionController.create" : {
    "t" : [ {
      "id" : 0,
      "a" : [ [ "R", 9 ], [ "R", 6 ], [ "R", 6 ], [ "R", 3 ], [ "R", 3 ], [ "R", 3 ], [ "R", 17 ], [ "R", 6 ], [ "R", 15 ], [ "R", 15 ], [ "R", 15 ], [ "R", 3 ] ]
    } ]
  },
  "KeywordAdministratorController.list" : {
    "t" : [ {
      "id" : 0,
      "a" : [ [ "R", 8 ], [ "R", 8 ], [ "R", 8 ], [ "R", 8 ], [ "R", 8 ], [ "R", 8 ] ]
    } ]
  },
  "SponsorshipDescriptionController.save" : {
    "t" : [ {
      "id" : 0,
      "a" : [ [ "R", 9 ], [ "R", 6 ], [ "R", 6 ], [ "R", 3 ], [ "R", 3 ], [ "R", 3 ], [ "R", 17 ], [ "R", 6 ], [ "R", 15 ], [ "R", 15 ], [ "R", 15 ], [ "R", 3 ], [ "R", 6 ], [ "R", 6 ], [ "R", 3 ], [ "R", 3 ], [ "R", 3 ], [ "R", 17 ], [ "R", 16 ], [ "R", 15 ], [ "R", 15 ], [ "R", 3 ], [ "R", 6 ], [ "R", 6 ], [ "R", 6 ], [ "W", 16 ], [ "R", 9 ], [ "R", 6 ], [ "R", 6 ], [ "R", 3 ], [ "R", 3 ], [ "R", 3 ], [ "R", 17 ], [ "R", 6 ], [ "R", 15 ], [ "R", 15 ], [ "R", 15 ], [ "R", 3 ] ]
    } ]
  },
  "PolyglotController.save" : {
    "t" : [ {
      "id" : 0,
      "a" : [ [ "W", 17 ], [ "R", 17 ], [ "R", 17 ], [ "W", 17 ], [ "W", 1 ], [ "W", 17 ], [ "R", 1 ], [ "R", 17 ], [ "W", 17 ], [ "R", 1 ], [ "R", 17 ], [ "W", 17 ], [ "W", 6 ], [ "W", 6 ], [ "W", 1 ], [ "W", 1 ], [ "W", 1 ], [ "W", 1 ], [ "W", 14 ], [ "W", 11 ], [ "W", 14 ], [ "W", 11 ], [ "R", 1 ], [ "R", 17 ], [ "R", 17 ], [ "R", 1 ], [ "R", 17 ], [ "R", 17 ], [ "R", 6 ], [ "R", 6 ], [ "R", 6 ], [ "R", 1 ], [ "R", 1 ], [ "R", 1 ], [ "R", 17 ], [ "R", 1 ], [ "R", 17 ], [ "R", 17 ], [ "R", 6 ], [ "R", 6 ], [ "R", 1 ], [ "R", 1 ], [ "R", 1 ], [ "R", 17 ], [ "R", 1 ], [ "R", 17 ], [ "R", 17 ], [ "R", 6 ], [ "R", 6 ], [ "R", 1 ], [ "R", 1 ], [ "R", 1 ], [ "R", 17 ], [ "R", 1 ], [ "R", 17 ], [ "R", 17 ], [ "R", 1 ], [ "R", 17 ], [ "R", 17 ], [ "R", 1 ], [ "R", 17 ], [ "W", 17 ], [ "W", 7 ], [ "W", 13 ], [ "W", 7 ], [ "W", 7 ], [ "W", 7 ], [ "W", 1 ], [ "W", 1 ], [ "W", 7 ], [ "W", 1 ], [ "W", 7 ], [ "W", 14 ] ]
    } ]
  },
  "SponsorshipDescriptionController.delete" : {
    "t" : [ {
      "id" : 0,
      "a" : [ [ "R", 6 ], [ "R", 6 ], [ "R", 3 ], [ "R", 3 ], [ "R", 3 ], [ "R", 17 ], [ "R", 16 ], [ "R", 15 ], [ "R", 15 ], [ "R", 3 ], [ "R", 6 ], [ "R", 6 ], [ "R", 6 ], [ "W", 16 ], [ "R", 9 ], [ "R", 6 ], [ "R", 6 ], [ "R", 3 ], [ "R", 3 ], [ "R", 3 ], [ "R", 17 ], [ "R", 6 ], [ "R", 15 ], [ "R", 15 ], [ "R", 15 ], [ "R", 3 ] ]
    } ]
  },
  "SponsorshipAgentController.delete" : {
    "t" : [ {
      "id" : 0,
      "a" : [ [ "R", 6 ], [ "R", 6 ], [ "R", 3 ], [ "R", 3 ], [ "R", 3 ], [ "R", 17 ], [ "R", 15 ], [ "R", 3 ], [ "R", 6 ], [ "R", 6 ], [ "R", 6 ], [ "W", 15 ], [ "R", 11 ] ]
    } ]
  },
  "FolderActorController.edit" : {
    "t" : [ {
      "id" : 0,
      "a" : [ [ "R", 6 ], [ "R", 6 ], [ "R", 1 ], [ "R", 1 ], [ "R", 1 ], [ "R", 17 ], [ "R", 7 ], [ "R", 7 ], [ "R", 1 ], [ "R", 6 ], [ "R", 6 ], [ "R", 6 ] ]
    } ]
  },
  "PolyglotController.modifyProfile" : {
    "t" : [ {
      "id" : 0,
      "a" : [ [ "R", 6 ], [ "R", 6 ], [ "R", 1 ], [ "R", 1 ], [ "R", 1 ], [ "R", 17 ], [ "R", 1 ], [ "R", 1 ], [ "R", 1 ], [ "R", 1 ], [ "W", 1 ], [ "W", 1 ], [ "W", 1 ], [ "W", 1 ], [ "R", 1 ], [ "R", 1 ] ]
    } ]
  },
  "KeywordAdministratorController.listByActor" : {
    "t" : [ {
      "id" : 0,
      "a" : [ [ "R", 8 ], [ "R", 8 ], [ "R", 8 ], [ "R", 1 ] ]
    } ]
  },
  "LanguageAdministratorController.create" : {
    "t" : [ {
      "id" : 0,
      "a" : [ [ "R", 6 ], [ "R", 6 ], [ "R", 1 ], [ "R", 1 ], [ "R", 1 ], [ "R", 17 ], [ "R", 1 ], [ "R", 17 ], [ "R", 17 ] ]
    } ]
  },
  "ActorAdministratorController.ban" : {
    "t" : [ {
      "id" : 0,
      "a" : [ [ "R", 1 ], [ "R", 1 ], [ "R", 17 ], [ "W", 17 ] ]
    } ]
  },
  "LanguageExchangePolyglotController.delete" : {
    "t" : [ {
      "id" : 0,
      "a" : [ [ "W", 11 ], [ "R", 9 ] ]
    } ]
  },
  "LanguageAdministratorController.save" : {
    "t" : [ {
      "id" : 0,
      "a" : [ [ "R", 6 ], [ "R", 6 ], [ "R", 1 ], [ "R", 1 ], [ "R", 1 ], [ "R", 17 ], [ "R", 1 ], [ "R", 17 ], [ "R", 17 ], [ "W", 9 ] ]
    } ]
  },
  "LanguageExchangeController.list3MonthsTime" : {
    "t" : [ {
      "id" : 0,
      "a" : [ [ "R", 11 ], [ "R", 11 ], [ "R", 11 ], [ "R", 9 ] ]
    } ]
  },
  "FolderActorController.create" : {
    "t" : [ {
      "id" : 0,
      "a" : [ [ "R", 6 ], [ "R", 6 ], [ "R", 1 ], [ "R", 1 ], [ "R", 1 ], [ "R", 17 ], [ "W", 7 ], [ "W", 1 ] ]
    } ]
  },
  "LanguageExchangeDescriptionPolyglotController.edit" : {
    "t" : [ {
      "id" : 0,
      "a" : [ [ "R", 6 ], [ "R", 6 ], [ "R", 14 ], [ "R", 14 ], [ "R", 14 ], [ "R", 17 ], [ "R", 12 ], [ "R", 12 ], [ "R", 11 ], [ "R", 11 ], [ "R", 14 ], [ "R", 6 ], [ "R", 6 ], [ "R", 6 ], [ "R", 6 ], [ "R", 6 ], [ "R", 14 ], [ "R", 14 ], [ "R", 14 ], [ "R", 17 ], [ "R", 6 ], [ "R", 11 ], [ "R", 11 ], [ "R", 11 ], [ "R", 14 ], [ "R", 9 ] ]
    } ]
  },
  "LanguageExchangeDescriptionPolyglotController.save" : {
    "t" : [ {
      "id" : 0,
      "a" : [ [ "R", 6 ], [ "R", 6 ], [ "R", 14 ], [ "R", 14 ], [ "R", 14 ], [ "R", 17 ], [ "R", 6 ], [ "R", 11 ], [ "R", 11 ], [ "R", 11 ], [ "R", 14 ], [ "R", 9 ], [ "R", 6 ], [ "R", 6 ], [ "R", 14 ], [ "R", 14 ], [ "R", 14 ], [ "R", 17 ], [ "R", 12 ], [ "R", 11 ], [ "R", 11 ], [ "R", 14 ], [ "R", 6 ], [ "R", 6 ], [ "R", 6 ], [ "W", 12 ], [ "R", 6 ], [ "R", 6 ], [ "R", 14 ], [ "R", 14 ], [ "R", 14 ], [ "R", 17 ], [ "R", 6 ], [ "R", 11 ], [ "R", 11 ], [ "R", 11 ], [ "R", 14 ], [ "R", 9 ] ]
    } ]
  },
  "LanguageExchangeController.list" : {
    "t" : [ {
      "id" : 0,
      "a" : [ [ "R", 11 ], [ "R", 9 ] ]
    } ]
  },
  "LanguageExchangeController.listByLanguage" : {
    "t" : [ {
      "id" : 0,
      "a" : [ [ "R", 11 ], [ "R", 11 ], [ "R", 9 ], [ "R", 9 ], [ "R", 9 ], [ "R", 11 ], [ "R", 9 ], [ "R", 9 ] ]
    } ]
  },
  "SponsorshipDescriptionController.list" : {
    "t" : [ {
      "id" : 0,
      "a" : [ [ "R", 6 ], [ "R", 6 ], [ "R", 3 ], [ "R", 3 ], [ "R", 3 ], [ "R", 17 ], [ "R", 6 ], [ "R", 16 ], [ "R", 16 ], [ "R", 16 ], [ "R", 15 ], [ "R", 3 ] ]
    } ]
  }
}