{
  "1" : "AbuseReport",
  "2" : "Actor",
  "3" : "Administrator",
  "4" : "Animaniac",
  "5" : "Application",
  "6" : "Attachment",
  "7" : "Attribute",
  "8" : "AttributeValue",
  "9" : "Banner",
  "10" : "Comment",
  "11" : "Commentable",
  "12" : "Configuration",
  "13" : "Curriculum",
  "14" : "DomainEntity",
  "15" : "Folder",
  "16" : "Message",
  "17" : "Partner",
  "18" : "Pet",
  "19" : "Photo",
  "20" : "Request",
  "21" : "SearchEngine",
  "22" : "SpamWord",
  "23" : "Type",
  "24" : "UserAccount",
  "25" : "Vet"
}