{
  "DayController.list" : {
    "t" : [ {
      "id" : 0,
      "a" : [ [ "R", 6 ], [ "R", 6 ], [ "R", 6 ] ]
    } ]
  },
  "CustomerController.listPlayers" : {
    "t" : [ {
      "id" : 0,
      "a" : [ [ "R", 10 ], [ "R", 10 ], [ "R", 5 ], [ "R", 10 ] ]
    } ]
  },
  "OpenMatchCustomerController.delete" : {
    "t" : [ {
      "id" : 0,
      "a" : [ [ "R", 8 ], [ "R", 8 ], [ "R", 5 ], [ "R", 5 ], [ "R", 5 ], [ "R", 16 ], [ "R", 10 ], [ "R", 5 ], [ "R", 8 ], [ "R", 8 ], [ "R", 8 ], [ "W", 10 ], [ "R", 8 ], [ "R", 8 ], [ "R", 5 ], [ "R", 5 ], [ "R", 5 ], [ "R", 16 ], [ "R", 8 ], [ "R", 5 ], [ "R", 5 ], [ "R", 13 ], [ "R", 5 ], [ "R", 13 ], [ "R", 5 ], [ "R", 13 ], [ "R", 5 ], [ "R", 5 ], [ "R", 10 ], [ "R", 5 ], [ "R", 10 ], [ "R", 13 ], [ "R", 5 ], [ "R", 10 ], [ "R", 13 ], [ "R", 5 ], [ "R", 10 ], [ "R", 13 ], [ "R", 10 ], [ "R", 13 ] ]
    } ]
  },
  "CourtAdministratorController.list" : {
    "t" : [ {
      "id" : 0,
      "a" : [ [ "R", 4 ] ]
    } ]
  },
  "CustomerController.save" : {
    "t" : [ {
      "id" : 0,
      "a" : [ [ "W", 16 ], [ "R", 16 ], [ "R", 16 ], [ "W", 1 ], [ "W", 16 ], [ "R", 1 ], [ "R", 16 ], [ "W", 16 ], [ "R", 1 ], [ "R", 16 ], [ "W", 16 ], [ "W", 8 ], [ "W", 8 ], [ "W", 1 ], [ "W", 1 ], [ "W", 1 ], [ "W", 1 ], [ "W", 1 ], [ "R", 1 ], [ "R", 16 ], [ "R", 16 ], [ "R", 1 ], [ "R", 16 ], [ "R", 16 ], [ "R", 1 ], [ "R", 16 ], [ "R", 16 ], [ "R", 1 ], [ "R", 16 ], [ "W", 16 ], [ "R", 8 ], [ "R", 8 ], [ "R", 8 ], [ "R", 1 ], [ "R", 1 ], [ "R", 1 ], [ "R", 16 ], [ "R", 1 ], [ "R", 16 ], [ "R", 16 ], [ "R", 8 ], [ "R", 8 ], [ "R", 1 ], [ "R", 1 ], [ "R", 1 ], [ "R", 16 ], [ "R", 1 ], [ "R", 16 ], [ "R", 16 ], [ "R", 8 ], [ "R", 8 ], [ "R", 1 ], [ "R", 1 ], [ "R", 1 ], [ "R", 16 ], [ "R", 1 ], [ "R", 16 ], [ "R", 16 ], [ "W", 5 ] ]
    } ]
  },
  "ReportSupervisorController.delete" : {
    "t" : [ {
      "id" : 0,
      "a" : [ [ "R", 8 ], [ "R", 8 ], [ "R", 1 ], [ "R", 1 ], [ "R", 1 ], [ "R", 16 ], [ "R", 1 ], [ "R", 16 ], [ "R", 16 ], [ "W", 12 ], [ "R", 4 ] ]
    } ]
  },
  "CustomerController.edit" : {
    "t" : [ {
      "id" : 0,
      "a" : [ [ "R", 8 ], [ "R", 8 ], [ "R", 5 ], [ "R", 5 ], [ "R", 5 ], [ "R", 16 ] ]
    } ]
  },
  "RentingCustomerController.delete" : {
    "t" : [ {
      "id" : 0,
      "a" : [ [ "W", 11 ] ]
    } ]
  },
  "SupervisorAdministratorController.create" : {
    "t" : [ {
      "id" : 0,
      "a" : [ [ "R", 8 ], [ "R", 8 ], [ "R", 1 ], [ "R", 1 ], [ "R", 1 ], [ "R", 16 ], [ "R", 1 ], [ "R", 16 ], [ "R", 16 ], [ "W", 16 ], [ "R", 16 ], [ "R", 16 ], [ "W", 1 ], [ "W", 16 ] ]
    } ]
  },
  "RentingCustomerController.save" : {
    "t" : [ {
      "id" : 0,
      "a" : [ [ "R", 11 ], [ "R", 14 ], [ "R", 14 ], [ "R", 4 ], [ "R", 8 ], [ "R", 8 ], [ "R", 5 ], [ "R", 5 ], [ "R", 5 ], [ "R", 16 ], [ "R", 5 ], [ "R", 13 ], [ "R", 13 ], [ "R", 4 ], [ "R", 8 ], [ "R", 8 ], [ "R", 8 ], [ "R", 8 ], [ "R", 8 ], [ "R", 5 ], [ "R", 5 ], [ "R", 5 ], [ "R", 16 ], [ "W", 11 ], [ "W", 5 ], [ "R", 11 ], [ "W", 11 ] ]
    } ]
  },
  "SportEquipmentAdministratorController.list" : {
    "t" : [ {
      "id" : 0,
      "a" : [ [ "R", 14 ] ]
    } ]
  },
  "DisplayPriceAdminsitratorController.edit" : {
    "t" : [ {
      "id" : 0,
      "a" : [ [ "R", 7 ] ]
    } ]
  },
  "SupervisorAdministratorController.list" : {
    "t" : [ {
      "id" : 0,
      "a" : [ [ "R", 15 ] ]
    } ]
  },
  "CourtAdministratorController.edit" : {
    "t" : [ {
      "id" : 0,
      "a" : [ [ "R", 4 ], [ "R", 3 ] ]
    } ]
  },
  "ReservationCustomerController.bookCourt" : {
    "t" : [ {
      "id" : 0,
      "a" : [ [ "W", 13 ], [ "R", 6 ], [ "R", 6 ], [ "R", 9 ], [ "R", 9 ], [ "R", 9 ], [ "R", 6 ], [ "R", 9 ], [ "R", 9 ], [ "R", 9 ], [ "R", 4 ], [ "R", 6 ], [ "W", 13 ], [ "R", 9 ], [ "W", 13 ], [ "R", 9 ], [ "W", 13 ], [ "R", 8 ], [ "R", 8 ], [ "R", 5 ], [ "R", 5 ], [ "R", 5 ], [ "R", 16 ], [ "W", 13 ], [ "W", 5 ], [ "W", 13 ], [ "W", 4 ] ]
    } ]
  },
  "OpenMatchCustomerController.join" : {
    "t" : [ {
      "id" : 0,
      "a" : [ [ "R", 10 ], [ "R", 10 ], [ "R", 10 ], [ "R", 10 ], [ "R", 5 ], [ "R", 8 ], [ "R", 8 ], [ "R", 5 ], [ "R", 5 ], [ "R", 5 ], [ "R", 16 ], [ "R", 10 ], [ "R", 5 ], [ "R", 10 ], [ "W", 10 ], [ "W", 10 ], [ "W", 5 ], [ "W", 5 ], [ "W", 10 ] ]
    } ]
  },
  "SportEquipmentAdministratorController.create" : {
    "t" : [ {
      "id" : 0,
      "a" : [ [ "W", 14 ], [ "R", 4 ] ]
    } ]
  },
  "RentingCustomerController.edit" : {
    "t" : [ {
      "id" : 0,
      "a" : [ [ "R", 11 ] ]
    } ]
  },
  "CourtAdministratorController.save" : {
    "t" : [ {
      "id" : 0,
      "a" : [ [ "R", 3 ], [ "W", 4 ], [ "R", 3 ] ]
    } ]
  },
  "CustomerController.modifyProfile" : {
    "t" : [ {
      "id" : 0,
      "a" : [ [ "R", 8 ], [ "R", 8 ], [ "R", 5 ], [ "R", 5 ], [ "R", 5 ], [ "R", 16 ], [ "R", 1 ], [ "R", 1 ], [ "R", 1 ], [ "R", 1 ], [ "R", 1 ], [ "W", 1 ], [ "W", 1 ], [ "W", 1 ], [ "W", 1 ], [ "W", 1 ] ]
    } ]
  },
  "SportEquipmentAdministratorController.edit" : {
    "t" : [ {
      "id" : 0,
      "a" : [ [ "R", 14 ], [ "R", 4 ] ]
    } ]
  },
  "ReportSupervisorController.list" : {
    "t" : [ {
      "id" : 0,
      "a" : [ [ "R", 12 ] ]
    } ]
  },
  "SupervisorAdministratorController.save" : {
    "t" : [ {
      "id" : 0,
      "a" : [ [ "R", 1 ], [ "R", 16 ], [ "R", 16 ], [ "R", 1 ], [ "R", 16 ], [ "W", 16 ], [ "W", 15 ] ]
    } ]
  },
  "SportEquipmentAdministratorController.save" : {
    "t" : [ {
      "id" : 0,
      "a" : [ [ "R", 4 ], [ "W", 14 ], [ "R", 4 ] ]
    } ]
  },
  "RentingCustomerController.list" : {
    "t" : [ {
      "id" : 0,
      "a" : [ [ "R", 8 ], [ "R", 8 ], [ "R", 5 ], [ "R", 5 ], [ "R", 5 ], [ "R", 16 ], [ "R", 8 ], [ "R", 11 ], [ "R", 11 ], [ "R", 11 ], [ "R", 5 ] ]
    } ]
  },
  "OpenMatchCustomerController.list" : {
    "t" : [ {
      "id" : 0,
      "a" : [ [ "R", 10 ], [ "R", 8 ], [ "R", 8 ], [ "R", 5 ], [ "R", 5 ], [ "R", 5 ], [ "R", 16 ] ]
    } ]
  },
  "ReservationCustomerController.edit" : {
    "t" : [ {
      "id" : 0,
      "a" : [ [ "R", 13 ] ]
    } ]
  },
  "SportEquipmentCustomerController.listByCourt" : {
    "t" : [ {
      "id" : 0,
      "a" : [ [ "R", 13 ], [ "R", 8 ], [ "R", 8 ], [ "R", 5 ], [ "R", 5 ], [ "R", 5 ], [ "R", 16 ], [ "R", 13 ], [ "R", 5 ], [ "R", 8 ], [ "R", 8 ], [ "R", 8 ], [ "R", 13 ], [ "R", 4 ], [ "R", 4 ], [ "R", 14 ] ]
    } ]
  },
  "CourtAdministratorController.create" : {
    "t" : [ {
      "id" : 0,
      "a" : [ [ "R", 8 ], [ "R", 8 ], [ "R", 1 ], [ "R", 1 ], [ "R", 1 ], [ "R", 16 ], [ "R", 1 ], [ "R", 16 ], [ "R", 16 ], [ "R", 3 ] ]
    } ]
  },
  "CentreAdministratorController.delete" : {
    "t" : [ {
      "id" : 0,
      "a" : [ [ "R", 8 ], [ "R", 8 ], [ "R", 1 ], [ "R", 1 ], [ "R", 1 ], [ "R", 16 ], [ "R", 1 ], [ "R", 16 ], [ "R", 16 ], [ "W", 3 ] ]
    } ]
  },
  "ReportSupervisorController.create" : {
    "t" : [ {
      "id" : 0,
      "a" : [ [ "R", 8 ], [ "R", 8 ], [ "R", 1 ], [ "R", 1 ], [ "R", 1 ], [ "R", 16 ], [ "R", 1 ], [ "R", 16 ], [ "R", 16 ], [ "R", 8 ], [ "R", 8 ], [ "R", 15 ], [ "R", 15 ], [ "R", 15 ], [ "R", 16 ], [ "W", 12 ], [ "W", 15 ], [ "W", 12 ], [ "R", 4 ] ]
    } ]
  },
  "CentreAdministratorController.edit" : {
    "t" : [ {
      "id" : 0,
      "a" : [ [ "R", 3 ] ]
    } ]
  },
  "DisplayPriceAdminsitratorController.save" : {
    "t" : [ {
      "id" : 0,
      "a" : [ [ "R", 8 ], [ "R", 8 ], [ "R", 1 ], [ "R", 1 ], [ "R", 1 ], [ "R", 16 ], [ "R", 1 ], [ "R", 16 ], [ "R", 16 ], [ "W", 7 ] ]
    } ]
  },
  "ReportSupervisorController.edit" : {
    "t" : [ {
      "id" : 0,
      "a" : [ [ "R", 12 ], [ "R", 4 ] ]
    } ]
  },
  "ReservationCustomerController.create" : {
    "t" : [ {
      "id" : 0,
      "a" : [ [ "W", 13 ] ]
    } ]
  },
  "OpenMatchCustomerController.edit" : {
    "t" : [ {
      "id" : 0,
      "a" : [ [ "R", 10 ], [ "R", 8 ], [ "R", 8 ], [ "R", 5 ], [ "R", 5 ], [ "R", 5 ], [ "R", 16 ], [ "R", 10 ], [ "R", 5 ], [ "R", 8 ], [ "R", 8 ], [ "R", 8 ], [ "R", 8 ], [ "R", 8 ], [ "R", 5 ], [ "R", 5 ], [ "R", 5 ], [ "R", 16 ], [ "R", 8 ], [ "R", 5 ], [ "R", 5 ], [ "R", 13 ], [ "R", 5 ], [ "R", 13 ], [ "R", 5 ], [ "R", 13 ], [ "R", 5 ], [ "R", 5 ], [ "R", 10 ], [ "R", 5 ], [ "R", 10 ], [ "R", 13 ], [ "R", 5 ], [ "R", 10 ], [ "R", 13 ], [ "R", 5 ], [ "R", 10 ], [ "R", 13 ], [ "R", 10 ], [ "R", 13 ] ]
    } ]
  },
  "SupervisorAdministratorController.edit" : {
    "t" : [ {
      "id" : 0,
      "a" : [ [ "R", 15 ] ]
    } ]
  },
  "RentingCustomerController.create" : {
    "t" : [ {
      "id" : 0,
      "a" : [ [ "R", 8 ], [ "R", 8 ], [ "R", 1 ], [ "R", 1 ], [ "R", 1 ], [ "R", 16 ], [ "R", 1 ], [ "R", 16 ], [ "R", 16 ], [ "R", 8 ], [ "R", 8 ], [ "R", 5 ], [ "R", 5 ], [ "R", 5 ], [ "R", 16 ], [ "W", 11 ], [ "W", 11 ], [ "W", 5 ], [ "R", 14 ], [ "R", 13 ], [ "R", 14 ], [ "R", 7 ], [ "R", 7 ], [ "R", 13 ], [ "W", 11 ], [ "R", 13 ], [ "W", 11 ], [ "R", 13 ], [ "W", 11 ], [ "W", 11 ], [ "W", 14 ], [ "W", 11 ] ]
    } ]
  },
  "CentreAdministratorController.list" : {
    "t" : [ {
      "id" : 0,
      "a" : [ [ "R", 3 ] ]
    } ]
  },
  "ReservationCustomerController.save" : {
    "t" : [ {
      "id" : 0,
      "a" : [ [ "R", 9 ], [ "R", 6 ], [ "R", 6 ], [ "R", 9 ], [ "R", 9 ], [ "R", 9 ], [ "R", 6 ], [ "R", 9 ], [ "R", 13 ], [ "R", 4 ], [ "R", 4 ], [ "R", 6 ], [ "R", 6 ], [ "R", 9 ], [ "R", 13 ], [ "W", 13 ], [ "R", 9 ], [ "W", 9 ] ]
    } ]
  },
  "CentreController.list" : {
    "t" : [ {
      "id" : 0,
      "a" : [ [ "R", 3 ] ]
    } ]
  },
  "OpenMatchCustomerController.create" : {
    "t" : [ {
      "id" : 0,
      "a" : [ [ "R", 8 ], [ "R", 8 ], [ "R", 5 ], [ "R", 5 ], [ "R", 5 ], [ "R", 16 ], [ "W", 10 ], [ "W", 5 ], [ "W", 10 ], [ "R", 8 ], [ "R", 8 ], [ "R", 5 ], [ "R", 5 ], [ "R", 5 ], [ "R", 16 ], [ "R", 8 ], [ "R", 5 ], [ "R", 5 ], [ "R", 13 ], [ "R", 5 ], [ "R", 13 ], [ "R", 5 ], [ "R", 13 ], [ "R", 5 ], [ "R", 5 ], [ "R", 10 ], [ "R", 5 ], [ "R", 10 ], [ "R", 13 ], [ "R", 5 ], [ "R", 10 ], [ "R", 13 ], [ "R", 5 ], [ "R", 10 ], [ "R", 13 ], [ "R", 10 ], [ "R", 13 ] ]
    } ]
  },
  "ReservationCustomerController.createResevation" : {
    "t" : [ {
      "id" : 0,
      "a" : [ [ "R", 8 ], [ "R", 8 ], [ "R", 1 ], [ "R", 1 ], [ "R", 1 ], [ "R", 16 ], [ "R", 1 ], [ "R", 16 ], [ "R", 16 ], [ "W", 13 ], [ "R", 6 ], [ "R", 9 ], [ "R", 9 ], [ "R", 4 ], [ "R", 6 ], [ "W", 13 ], [ "R", 9 ], [ "W", 13 ], [ "R", 9 ], [ "W", 13 ], [ "R", 8 ], [ "R", 8 ], [ "R", 5 ], [ "R", 5 ], [ "R", 5 ], [ "R", 16 ], [ "W", 13 ], [ "W", 5 ], [ "W", 13 ], [ "W", 4 ], [ "R", 7 ], [ "R", 7 ], [ "R", 7 ], [ "W", 13 ] ]
    } ]
  },
  "OpenMatchCustomerController.save" : {
    "t" : [ {
      "id" : 0,
      "a" : [ [ "R", 8 ], [ "R", 8 ], [ "R", 5 ], [ "R", 5 ], [ "R", 5 ], [ "R", 16 ], [ "R", 8 ], [ "R", 5 ], [ "R", 5 ], [ "R", 13 ], [ "R", 5 ], [ "R", 13 ], [ "R", 5 ], [ "R", 13 ], [ "R", 5 ], [ "R", 5 ], [ "R", 10 ], [ "R", 5 ], [ "R", 10 ], [ "R", 13 ], [ "R", 5 ], [ "R", 10 ], [ "R", 13 ], [ "R", 5 ], [ "R", 10 ], [ "R", 13 ], [ "R", 10 ], [ "R", 13 ], [ "R", 8 ], [ "R", 8 ], [ "R", 5 ], [ "R", 5 ], [ "R", 5 ], [ "R", 16 ], [ "R", 5 ], [ "R", 10 ], [ "W", 10 ], [ "W", 5 ], [ "W", 5 ], [ "W", 10 ], [ "R", 10 ], [ "W", 10 ], [ "W", 10 ], [ "R", 8 ], [ "R", 8 ], [ "R", 5 ], [ "R", 5 ], [ "R", 5 ], [ "R", 16 ], [ "R", 8 ], [ "R", 5 ], [ "R", 5 ], [ "R", 13 ], [ "R", 5 ], [ "R", 13 ], [ "R", 5 ], [ "R", 13 ], [ "R", 5 ], [ "R", 5 ], [ "R", 10 ], [ "R", 5 ], [ "R", 10 ], [ "R", 13 ], [ "R", 5 ], [ "R", 10 ], [ "R", 13 ], [ "R", 5 ], [ "R", 10 ], [ "R", 13 ], [ "R", 10 ], [ "R", 13 ] ]
    } ]
  },
  "CentreAdministratorController.create" : {
    "t" : [ {
      "id" : 0,
      "a" : [ [ "R", 8 ], [ "R", 8 ], [ "R", 1 ], [ "R", 1 ], [ "R", 1 ], [ "R", 16 ], [ "R", 1 ], [ "R", 16 ], [ "R", 16 ] ]
    } ]
  },
  "ReportSupervisorController.save" : {
    "t" : [ {
      "id" : 0,
      "a" : [ [ "R", 4 ], [ "R", 8 ], [ "R", 8 ], [ "R", 15 ], [ "R", 15 ], [ "R", 15 ], [ "R", 16 ], [ "W", 12 ], [ "W", 12 ], [ "W", 15 ], [ "W", 12 ], [ "R", 4 ] ]
    } ]
  },
  "SportEquipmentAdministratorController.delete" : {
    "t" : [ {
      "id" : 0,
      "a" : [ [ "W", 14 ], [ "R", 4 ] ]
    } ]
  },
  "ReservationController.schedule" : {
    "t" : [ {
      "id" : 0,
      "a" : [ [ "R", 3 ], [ "R", 3 ], [ "R", 6 ], [ "R", 6 ], [ "R", 9 ], [ "R", 6 ], [ "R", 6 ], [ "R", 6 ], [ "R", 6 ], [ "R", 6 ], [ "R", 4 ], [ "R", 4 ], [ "R", 4 ], [ "R", 4 ], [ "R", 3 ] ]
    } ]
  },
  "OpenMatchCustomerController.listMine" : {
    "t" : [ {
      "id" : 0,
      "a" : [ [ "R", 8 ], [ "R", 8 ], [ "R", 5 ], [ "R", 5 ], [ "R", 5 ], [ "R", 16 ], [ "R", 8 ], [ "R", 10 ], [ "R", 10 ], [ "R", 10 ], [ "R", 5 ], [ "R", 5 ], [ "R", 5 ], [ "R", 5 ], [ "R", 5 ], [ "R", 5 ], [ "R", 5 ], [ "R", 10 ], [ "R", 5 ], [ "R", 8 ], [ "R", 8 ], [ "R", 5 ], [ "R", 5 ], [ "R", 5 ], [ "R", 16 ] ]
    } ]
  },
  "DayAdministratorController.createToday" : {
    "t" : [ {
      "id" : 0,
      "a" : [ [ "R", 6 ], [ "R", 6 ], [ "R", 6 ], [ "R", 4 ], [ "R", 4 ], [ "R", 6 ], [ "W", 6 ], [ "W", 6 ], [ "W", 4 ], [ "W", 9 ], [ "W", 9 ], [ "W", 9 ], [ "W", 9 ], [ "W", 6 ], [ "W", 9 ], [ "W", 6 ], [ "W", 4 ], [ "W", 6 ] ]
    } ]
  },
  "DayController.listByCentre" : {
    "t" : [ {
      "id" : 0,
      "a" : [ [ "R", 6 ], [ "R", 6 ], [ "R", 6 ] ]
    } ]
  },
  "CentreAdministratorController.save" : {
    "t" : [ {
      "id" : 0,
      "a" : [ [ "W", 3 ] ]
    } ]
  },
  "CustomerController.list" : {
    "t" : [ {
      "id" : 0,
      "a" : [ [ "R", 5 ] ]
    } ]
  },
  "CourtAdministratorController.delete" : {
    "t" : [ {
      "id" : 0,
      "a" : [ [ "R", 8 ], [ "R", 8 ], [ "R", 1 ], [ "R", 1 ], [ "R", 1 ], [ "R", 16 ], [ "R", 1 ], [ "R", 16 ], [ "R", 16 ], [ "W", 4 ], [ "R", 3 ] ]
    } ]
  },
  "ReservationCustomerController.list" : {
    "t" : [ {
      "id" : 0,
      "a" : [ [ "R", 8 ], [ "R", 8 ], [ "R", 5 ], [ "R", 5 ], [ "R", 5 ], [ "R", 16 ], [ "R", 8 ], [ "R", 5 ], [ "R", 5 ], [ "R", 13 ], [ "R", 5 ], [ "R", 13 ], [ "R", 5 ] ]
    } ]
  }
}