{
  "Actor" : 1,
  "Admin" : 2,
  "Assesment" : 3,
  "Buy" : 4,
  "Buyer" : 5,
  "Carrier" : 6,
  "CleanPoint" : 7,
  "Comment" : 8,
  "ConfigurationSystem" : 9,
  "Course" : 10,
  "DomainEntity" : 11,
  "Editor" : 12,
  "Finder" : 13,
  "Incidence" : 14,
  "Item" : 15,
  "Label" : 16,
  "LabelMaterial" : 17,
  "LabelProduct" : 18,
  "Legislation" : 19,
  "Lesson" : 20,
  "Manager" : 21,
  "Material" : 22,
  "Message" : 23,
  "MessageFolder" : 24,
  "Newscast" : 25,
  "Opinable" : 26,
  "Opinion" : 27,
  "Recycler" : 28,
  "Request" : 29,
  "TabooWord" : 30,
  "UserAccount" : 31
}