{
  "CommentController.list" : {
    "t" : [ {
      "id" : 0,
      "a" : [ [ "R", 7 ], [ "R", 7 ], [ "R", 7 ], [ "R", 23 ] ]
    } ]
  },
  "ActorController.display" : {
    "t" : [ {
      "id" : 0,
      "a" : [ [ "R", 12 ], [ "R", 12 ], [ "R", 1 ], [ "R", 1 ], [ "R", 1 ], [ "R", 32 ], [ "R", 1 ], [ "R", 1 ], [ "R", 1 ], [ "R", 32 ], [ "R", 12 ], [ "R", 12 ], [ "R", 12 ], [ "R", 12 ], [ "R", 12 ] ]
    } ]
  },
  "UserController.save" : {
    "t" : [ {
      "id" : 0,
      "a" : [ [ "R", 1 ], [ "R", 32 ], [ "R", 12 ], [ "R", 1 ], [ "R", 32 ], [ "R", 32 ], [ "R", 1 ], [ "R", 32 ], [ "W", 32 ], [ "W", 31 ], [ "R", 12 ] ]
    } ]
  },
  "NutritionistNutritionistController.follow" : {
    "t" : [ {
      "id" : 0,
      "a" : [ [ "R", 19 ], [ "R", 12 ], [ "R", 12 ], [ "R", 26 ], [ "R", 26 ], [ "R", 26 ], [ "R", 32 ], [ "R", 26 ], [ "R", 26 ], [ "W", 26 ] ]
    } ]
  },
  "SystemConfigurationAdministratorController.addKeyword" : {
    "t" : [ {
      "id" : 0,
      "a" : [ [ "R", 29 ], [ "R", 29 ], [ "R", 29 ], [ "W", 29 ], [ "R", 12 ], [ "R", 12 ], [ "R", 32 ], [ "W", 29 ] ]
    } ]
  },
  "NutritionistNutritionistController.edit" : {
    "t" : [ {
      "id" : 0,
      "a" : [ [ "R", 12 ], [ "R", 12 ], [ "R", 19 ], [ "R", 19 ], [ "R", 19 ], [ "R", 32 ] ]
    } ]
  },
  "TextMaterialCookController.delete" : {
    "t" : [ {
      "id" : 0,
      "a" : [ [ "R", 12 ], [ "R", 12 ], [ "R", 9 ], [ "R", 9 ], [ "R", 9 ], [ "R", 32 ], [ "R", 16 ], [ "R", 17 ], [ "R", 17 ], [ "R", 9 ], [ "R", 12 ], [ "R", 12 ], [ "R", 12 ], [ "W", 30 ], [ "R", 16 ], [ "R", 17 ], [ "R", 12 ], [ "R", 16 ], [ "R", 17 ], [ "R", 12 ] ]
    } ]
  },
  "MasterClassAdministratorController.promote" : {
    "t" : [ {
      "id" : 0,
      "a" : [ [ "R", 17 ], [ "R", 12 ], [ "R", 12 ], [ "R", 32 ], [ "R", 17 ], [ "W", 17 ], [ "W", 17 ] ]
    } ]
  },
  "CookAdministratorController.create" : {
    "t" : [ {
      "id" : 0,
      "a" : [ [ "R", 12 ], [ "R", 12 ], [ "R", 32 ], [ "W", 1 ], [ "W", 14 ], [ "W", 9 ], [ "W", 17 ], [ "W", 1 ], [ "W", 25 ], [ "W", 32 ], [ "W", 32 ], [ "W", 1 ], [ "W", 32 ] ]
    } ]
  },
  "TextMaterialCookController.edit" : {
    "t" : [ {
      "id" : 0,
      "a" : [ [ "R", 30 ], [ "R", 12 ], [ "R", 12 ], [ "R", 9 ], [ "R", 9 ], [ "R", 9 ], [ "R", 32 ], [ "R", 16 ], [ "R", 17 ], [ "R", 17 ], [ "R", 9 ], [ "R", 12 ], [ "R", 12 ], [ "R", 12 ], [ "R", 16 ], [ "R", 17 ], [ "R", 12 ] ]
    } ]
  },
  "StepUserController.create" : {
    "t" : [ {
      "id" : 0,
      "a" : [ [ "R", 23 ], [ "W", 28 ], [ "W", 23 ] ]
    } ]
  },
  "EndorserNutritionistController.save" : {
    "t" : [ {
      "id" : 0,
      "a" : [ [ "R", 13 ], [ "R", 11 ], [ "R", 11 ], [ "R", 19 ], [ "R", 1 ], [ "R", 32 ], [ "R", 12 ], [ "R", 12 ], [ "R", 12 ], [ "R", 12 ], [ "W", 13 ] ]
    } ]
  },
  "SponsorController.edit" : {
    "t" : [ {
      "id" : 0,
      "a" : [ [ "R", 27 ], [ "R", 10 ], [ "R", 10 ], [ "R", 10 ], [ "R", 1 ], [ "R", 32 ], [ "R", 12 ], [ "R", 1 ], [ "R", 32 ], [ "R", 32 ], [ "R", 1 ], [ "R", 32 ], [ "W", 32 ], [ "W", 27 ], [ "R", 12 ], [ "W", 14 ], [ "W", 1 ], [ "W", 14 ], [ "W", 18 ], [ "W", 14 ], [ "W", 14 ], [ "W", 14 ], [ "W", 14 ], [ "W", 14 ], [ "W", 1 ], [ "W", 14 ], [ "W", 18 ], [ "W", 14 ], [ "W", 14 ], [ "W", 14 ], [ "W", 14 ], [ "W", 14 ], [ "W", 1 ], [ "W", 14 ], [ "W", 18 ], [ "W", 14 ], [ "W", 14 ], [ "W", 14 ], [ "W", 14 ], [ "W", 14 ], [ "W", 1 ], [ "W", 14 ], [ "W", 18 ], [ "W", 14 ], [ "W", 14 ], [ "W", 14 ], [ "W", 14 ], [ "W", 14 ], [ "R", 12 ] ]
    } ]
  },
  "RecipeController.own" : {
    "t" : [ {
      "id" : 0,
      "a" : [ [ "R", 31 ], [ "R", 12 ], [ "R", 23 ], [ "R", 23 ], [ "R", 23 ], [ "R", 31 ], [ "R", 23 ] ]
    } ]
  },
  "ContestController.list" : {
    "t" : [ {
      "id" : 0,
      "a" : [ [ "R", 8 ], [ "R", 8 ], [ "R", 12 ], [ "R", 32 ], [ "R", 12 ], [ "R", 12 ], [ "R", 31 ], [ "R", 31 ], [ "R", 31 ], [ "R", 32 ], [ "R", 12 ], [ "R", 23 ], [ "R", 23 ], [ "R", 23 ], [ "R", 8 ], [ "R", 23 ], [ "R", 31 ], [ "R", 23 ], [ "R", 23 ], [ "R", 24 ], [ "R", 24 ] ]
    } ]
  },
  "CategoryAdministratorController.create" : {
    "t" : [ {
      "id" : 0,
      "a" : [ [ "R", 6 ], [ "R", 6 ], [ "R", 6 ], [ "W", 6 ], [ "W", 6 ] ]
    } ]
  },
  "CommentSocialUserController.create" : {
    "t" : [ {
      "id" : 0,
      "a" : [ [ "R", 23 ], [ "R", 12 ], [ "R", 12 ], [ "R", 26 ], [ "R", 26 ], [ "R", 26 ], [ "R", 32 ], [ "W", 7 ], [ "W", 26 ], [ "W", 7 ], [ "W", 7 ], [ "W", 23 ], [ "R", 12 ], [ "R", 12 ] ]
    } ]
  },
  "SponsorSponsorController.edit" : {
    "t" : [ {
      "id" : 0,
      "a" : [ [ "R", 1 ], [ "R", 32 ], [ "R", 12 ], [ "R", 1 ], [ "R", 32 ], [ "R", 32 ], [ "R", 1 ], [ "R", 32 ], [ "W", 32 ], [ "W", 27 ], [ "R", 12 ], [ "W", 14 ], [ "W", 1 ], [ "W", 14 ], [ "W", 18 ], [ "W", 14 ], [ "W", 14 ], [ "W", 14 ], [ "W", 14 ], [ "W", 14 ], [ "W", 1 ], [ "W", 14 ], [ "W", 18 ], [ "W", 14 ], [ "W", 14 ], [ "W", 14 ], [ "W", 14 ], [ "W", 14 ], [ "W", 1 ], [ "W", 14 ], [ "W", 18 ], [ "W", 14 ], [ "W", 14 ], [ "W", 14 ], [ "W", 14 ], [ "W", 14 ], [ "W", 1 ], [ "W", 14 ], [ "W", 18 ], [ "W", 14 ], [ "W", 14 ], [ "W", 14 ], [ "W", 14 ], [ "W", 14 ], [ "R", 12 ] ]
    } ]
  },
  "MasterClassAdministratorController.demote" : {
    "t" : [ {
      "id" : 0,
      "a" : [ [ "R", 17 ], [ "R", 12 ], [ "R", 12 ], [ "R", 32 ], [ "R", 17 ], [ "W", 17 ], [ "W", 17 ] ]
    } ]
  },
  "MasterClassCookController.create" : {
    "t" : [ {
      "id" : 0,
      "a" : [ [ "R", 12 ], [ "R", 12 ], [ "R", 9 ], [ "R", 9 ], [ "R", 9 ], [ "R", 32 ], [ "W", 17 ], [ "W", 9 ], [ "W", 17 ], [ "W", 1 ], [ "W", 17 ], [ "W", 16 ], [ "W", 17 ], [ "W", 17 ] ]
    } ]
  },
  "ContestAdministratorController.edit" : {
    "t" : [ {
      "id" : 0,
      "a" : [ [ "R", 12 ], [ "R", 12 ], [ "R", 32 ], [ "R", 8 ] ]
    } ]
  },
  "MessageActorController.delete" : {
    "t" : [ {
      "id" : 0,
      "a" : [ [ "R", 18 ], [ "R", 12 ], [ "R", 18 ], [ "R", 32 ], [ "R", 12 ], [ "R", 12 ], [ "R", 12 ], [ "R", 18 ], [ "R", 32 ], [ "R", 12 ], [ "R", 12 ], [ "R", 12 ], [ "R", 18 ], [ "R", 14 ], [ "R", 14 ], [ "R", 18 ], [ "R", 14 ], [ "R", 14 ], [ "W", 18 ], [ "R", 12 ], [ "R", 12 ], [ "R", 1 ], [ "R", 1 ], [ "R", 1 ], [ "R", 32 ], [ "R", 12 ], [ "R", 14 ], [ "R", 14 ], [ "R", 14 ], [ "R", 14 ], [ "R", 1 ], [ "R", 14 ], [ "R", 12 ], [ "R", 18 ], [ "R", 32 ], [ "R", 12 ], [ "R", 12 ], [ "R", 12 ], [ "R", 18 ], [ "R", 32 ], [ "R", 12 ], [ "R", 12 ], [ "R", 12 ], [ "R", 12 ], [ "R", 12 ], [ "R", 1 ], [ "R", 1 ], [ "R", 1 ], [ "R", 32 ], [ "R", 14 ], [ "R", 1 ], [ "R", 12 ], [ "R", 12 ], [ "R", 12 ], [ "W", 18 ], [ "W", 14 ], [ "W", 18 ], [ "R", 18 ], [ "R", 14 ], [ "R", 12 ] ]
    } ]
  },
  "RecipeUserController.delete" : {
    "t" : [ {
      "id" : 0,
      "a" : [ [ "R", 23 ], [ "R", 31 ], [ "R", 1 ], [ "R", 32 ], [ "R", 12 ], [ "R", 12 ], [ "R", 12 ], [ "R", 12 ], [ "W", 23 ], [ "R", 12 ], [ "W", 23 ], [ "W", 23 ], [ "W", 23 ] ]
    } ]
  },
  "CurriculumNutritionistController.edit" : {
    "t" : [ {
      "id" : 0,
      "a" : [ [ "R", 12 ], [ "R", 12 ], [ "R", 19 ], [ "R", 19 ], [ "R", 19 ], [ "R", 32 ], [ "R", 19 ], [ "R", 11 ] ]
    } ]
  },
  "LearningMaterialActorController.list" : {
    "t" : [ {
      "id" : 0,
      "a" : [ [ "R", 12 ], [ "R", 12 ], [ "R", 1 ], [ "R", 1 ], [ "R", 1 ], [ "R", 32 ], [ "R", 16 ], [ "R", 16 ], [ "R", 16 ], [ "R", 17 ] ]
    } ]
  },
  "SystemConfigurationAdministratorController.edit" : {
    "t" : [ {
      "id" : 0,
      "a" : [ [ "R", 29 ], [ "R", 29 ] ]
    } ]
  },
  "CampaignSponsorController.create" : {
    "t" : [ {
      "id" : 0,
      "a" : [ [ "R", 12 ], [ "R", 12 ], [ "R", 27 ], [ "R", 27 ], [ "R", 27 ], [ "R", 32 ], [ "W", 5 ], [ "W", 27 ], [ "W", 5 ], [ "W", 5 ], [ "W", 5 ], [ "W", 3 ] ]
    } ]
  },
  "ContestAdministratorController.payBill" : {
    "t" : [ {
      "id" : 0,
      "a" : [ [ "R", 12 ], [ "R", 12 ], [ "R", 32 ], [ "R", 8 ], [ "R", 8 ], [ "R", 23 ], [ "R", 12 ], [ "R", 8 ], [ "R", 8 ], [ "R", 23 ], [ "R", 8 ], [ "R", 23 ], [ "R", 24 ], [ "R", 8 ], [ "R", 23 ], [ "R", 8 ], [ "R", 8 ], [ "R", 23 ], [ "R", 24 ], [ "W", 23 ], [ "W", 8 ], [ "R", 12 ], [ "W", 23 ], [ "W", 23 ], [ "W", 23 ], [ "W", 8 ], [ "W", 23 ], [ "R", 12 ], [ "R", 12 ], [ "R", 32 ], [ "R", 12 ], [ "R", 12 ], [ "R", 12 ], [ "R", 12 ], [ "R", 32 ], [ "R", 8 ], [ "R", 8 ], [ "R", 8 ], [ "R", 8 ], [ "R", 8 ], [ "R", 8 ], [ "R", 8 ], [ "R", 8 ], [ "R", 8 ], [ "R", 8 ], [ "R", 8 ], [ "R", 8 ], [ "R", 23 ], [ "R", 8 ], [ "R", 8 ], [ "W", 8 ] ]
    } ]
  },
  "CampaignSponsorController.edit" : {
    "t" : [ {
      "id" : 0,
      "a" : [ [ "R", 5 ], [ "R", 3 ], [ "R", 3 ], [ "R", 3 ], [ "R", 5 ] ]
    } ]
  },
  "BannerSponsorController.delete" : {
    "t" : [ {
      "id" : 0,
      "a" : [ [ "W", 3 ], [ "R", 3 ], [ "R", 5 ], [ "R", 12 ], [ "R", 3 ], [ "R", 5 ], [ "R", 12 ] ]
    } ]
  },
  "UserSocialUserController.unfollowUsers" : {
    "t" : [ {
      "id" : 0,
      "a" : [ [ "R", 31 ], [ "R", 12 ], [ "R", 12 ], [ "R", 26 ], [ "R", 26 ], [ "R", 26 ], [ "R", 32 ], [ "R", 26 ], [ "R", 26 ], [ "W", 26 ], [ "W", 26 ] ]
    } ]
  },
  "RecipeUserController.addCategory" : {
    "t" : [ {
      "id" : 0,
      "a" : [ [ "R", 23 ], [ "R", 6 ], [ "R", 12 ], [ "R", 23 ], [ "R", 6 ], [ "R", 23 ], [ "R", 6 ], [ "R", 6 ], [ "R", 23 ], [ "W", 6 ], [ "R", 12 ], [ "W", 23 ], [ "W", 23 ], [ "W", 23 ], [ "R", 12 ], [ "R", 12 ] ]
    } ]
  },
  "RecipeController.listWinners" : {
    "t" : [ {
      "id" : 0,
      "a" : [ [ "R", 8 ], [ "R", 8 ], [ "R", 23 ], [ "R", 8 ] ]
    } ]
  },
  "IngredientNutritionistController.create" : {
    "t" : [ {
      "id" : 0,
      "a" : [ [ "W", 15 ] ]
    } ]
  },
  "CommentSocialUserController.edit" : {
    "t" : [ {
      "id" : 0,
      "a" : [ [ "W", 7 ], [ "R", 7 ], [ "R", 23 ], [ "R", 12 ] ]
    } ]
  },
  "EndorserNutritionistController.list" : {
    "t" : [ {
      "id" : 0,
      "a" : [ [ "R", 13 ] ]
    } ]
  },
  "CreditCardSponsorController.create" : {
    "t" : [ {
      "id" : 0,
      "a" : [ [ "R", 12 ], [ "R", 12 ], [ "R", 27 ], [ "R", 27 ], [ "R", 27 ], [ "R", 32 ] ]
    } ]
  },
  "IngredientNutritionistController.addProperty" : {
    "t" : [ {
      "id" : 0,
      "a" : [ [ "R", 15 ], [ "R", 21 ], [ "R", 12 ], [ "W", 33 ], [ "W", 15 ], [ "W", 33 ], [ "W", 21 ], [ "R", 12 ] ]
    } ]
  },
  "RecipeUserController.removeCategory" : {
    "t" : [ {
      "id" : 0,
      "a" : [ [ "R", 23 ], [ "R", 6 ], [ "R", 12 ], [ "R", 23 ], [ "R", 6 ], [ "R", 23 ], [ "R", 6 ], [ "R", 6 ], [ "R", 23 ], [ "W", 6 ], [ "R", 12 ], [ "W", 23 ], [ "W", 23 ], [ "W", 23 ], [ "R", 12 ], [ "R", 12 ] ]
    } ]
  },
  "MasterClassCookController.edit" : {
    "t" : [ {
      "id" : 0,
      "a" : [ [ "R", 17 ], [ "R", 12 ], [ "R", 12 ], [ "R", 9 ], [ "R", 9 ], [ "R", 9 ], [ "R", 32 ], [ "R", 17 ], [ "R", 9 ], [ "R", 12 ], [ "R", 12 ], [ "R", 12 ], [ "R", 16 ], [ "R", 16 ], [ "R", 16 ], [ "R", 17 ] ]
    } ]
  },
  "IngredientNutritionistController.deleteProperty" : {
    "t" : [ {
      "id" : 0,
      "a" : [ [ "R", 21 ], [ "R", 21 ], [ "R", 33 ], [ "W", 21 ], [ "W", 21 ] ]
    } ]
  },
  "CategoryAdministratorController.delete" : {
    "t" : [ {
      "id" : 0,
      "a" : [ [ "R", 6 ], [ "R", 23 ], [ "R", 6 ], [ "R", 6 ], [ "R", 6 ], [ "R", 6 ], [ "W", 6 ], [ "W", 6 ], [ "W", 6 ], [ "W", 6 ] ]
    } ]
  },
  "IngredientNutritionistController.list" : {
    "t" : [ {
      "id" : 0,
      "a" : [ [ "R", 23 ], [ "R", 23 ], [ "R", 23 ], [ "R", 15 ], [ "R", 15 ], [ "R", 21 ], [ "R", 21 ] ]
    } ]
  },
  "CookCookController.edit" : {
    "t" : [ {
      "id" : 0,
      "a" : [ [ "R", 12 ], [ "R", 12 ], [ "R", 9 ], [ "R", 9 ], [ "R", 9 ], [ "R", 32 ] ]
    } ]
  },
  "NutritionistSocialUserController.unfollowNutritionists" : {
    "t" : [ {
      "id" : 0,
      "a" : [ [ "R", 19 ], [ "R", 12 ], [ "R", 12 ], [ "R", 26 ], [ "R", 26 ], [ "R", 26 ], [ "R", 32 ], [ "R", 26 ], [ "R", 26 ], [ "W", 26 ], [ "W", 26 ] ]
    } ]
  },
  "AdministratorAdministratorController.edit" : {
    "t" : [ {
      "id" : 0,
      "a" : [ [ "R", 12 ], [ "R", 12 ], [ "R", 2 ], [ "R", 2 ], [ "R", 2 ], [ "R", 32 ] ]
    } ]
  },
  "MasterClassUserController.display" : {
    "t" : [ {
      "id" : 0,
      "a" : [ [ "R", 15 ], [ "R", 15 ], [ "R", 17 ] ]
    } ]
  },
  "BannerSponsorController.edit" : {
    "t" : [ {
      "id" : 0,
      "a" : [ [ "R", 3 ], [ "R", 12 ], [ "R", 12 ], [ "R", 27 ], [ "R", 27 ], [ "R", 27 ], [ "R", 32 ], [ "R", 3 ], [ "R", 5 ], [ "R", 12 ], [ "R", 3 ], [ "R", 5 ], [ "R", 12 ] ]
    } ]
  },
  "UserUserController.save" : {
    "t" : [ {
      "id" : 0,
      "a" : [ [ "R", 1 ], [ "R", 32 ], [ "R", 12 ], [ "R", 1 ], [ "R", 32 ], [ "R", 32 ], [ "R", 1 ], [ "R", 32 ], [ "W", 32 ], [ "W", 31 ], [ "R", 12 ] ]
    } ]
  },
  "MessageActorController.create" : {
    "t" : [ {
      "id" : 0,
      "a" : [ [ "R", 12 ], [ "R", 12 ], [ "R", 1 ], [ "R", 1 ], [ "R", 1 ], [ "R", 32 ], [ "R", 12 ], [ "R", 14 ], [ "R", 14 ], [ "R", 14 ], [ "R", 14 ], [ "R", 1 ], [ "R", 14 ], [ "W", 18 ], [ "R", 1 ], [ "R", 32 ], [ "W", 18 ], [ "W", 32 ], [ "W", 18 ], [ "W", 18 ], [ "W", 14 ], [ "R", 1 ] ]
    } ]
  },
  "ContestUserController.addRecipe" : {
    "t" : [ {
      "id" : 0,
      "a" : [ [ "R", 12 ], [ "R", 12 ], [ "R", 32 ], [ "R", 8 ], [ "R", 23 ], [ "R", 23 ], [ "R", 31 ], [ "W", 23 ], [ "W", 31 ], [ "R", 23 ], [ "W", 23 ], [ "R", 23 ], [ "R", 6 ], [ "W", 23 ], [ "W", 6 ], [ "R", 23 ], [ "W", 23 ], [ "R", 23 ], [ "W", 23 ], [ "W", 23 ], [ "W", 22 ], [ "R", 23 ], [ "W", 23 ], [ "W", 23 ], [ "W", 28 ], [ "W", 23 ], [ "R", 23 ], [ "W", 23 ], [ "W", 23 ], [ "W", 7 ], [ "R", 23 ], [ "W", 23 ], [ "W", 23 ], [ "W", 24 ], [ "R", 12 ], [ "W", 23 ], [ "W", 23 ], [ "W", 23 ], [ "R", 23 ], [ "R", 28 ], [ "R", 28 ], [ "W", 28 ], [ "R", 28 ], [ "W", 28 ], [ "R", 28 ], [ "W", 28 ], [ "R", 28 ], [ "W", 28 ], [ "R", 28 ], [ "R", 23 ], [ "W", 28 ], [ "W", 23 ], [ "W", 28 ], [ "W", 28 ], [ "W", 23 ], [ "W", 28 ], [ "R", 23 ], [ "R", 22 ], [ "R", 22 ], [ "R", 15 ], [ "W", 22 ], [ "W", 15 ], [ "R", 22 ], [ "W", 22 ], [ "R", 22 ], [ "W", 22 ], [ "W", 22 ], [ "W", 23 ], [ "W", 22 ], [ "W", 23 ], [ "W", 28 ], [ "W", 23 ], [ "W", 22 ], [ "R", 12 ], [ "W", 23 ], [ "W", 23 ], [ "W", 23 ], [ "W", 23 ], [ "W", 8 ], [ "R", 12 ], [ "W", 23 ], [ "W", 23 ], [ "W", 23 ], [ "R", 8 ], [ "R", 23 ], [ "R", 12 ], [ "R", 12 ], [ "R", 32 ], [ "R", 12 ], [ "R", 12 ], [ "R", 12 ], [ "R", 12 ], [ "R", 32 ], [ "R", 8 ], [ "R", 8 ], [ "R", 8 ], [ "R", 8 ], [ "R", 8 ], [ "R", 8 ], [ "R", 8 ], [ "R", 8 ], [ "R", 8 ], [ "R", 8 ], [ "R", 8 ], [ "R", 8 ], [ "R", 23 ], [ "R", 8 ], [ "R", 8 ], [ "W", 8 ] ]
    } ]
  },
  "CampaignSponsorController.delete" : {
    "t" : [ {
      "id" : 0,
      "a" : [ [ "R", 5 ], [ "R", 5 ], [ "R", 5 ], [ "R", 12 ], [ "R", 12 ], [ "R", 27 ], [ "R", 27 ], [ "R", 27 ], [ "R", 32 ], [ "R", 5 ], [ "R", 5 ], [ "R", 5 ], [ "W", 5 ], [ "R", 12 ], [ "R", 12 ], [ "R", 27 ], [ "R", 27 ], [ "R", 27 ], [ "R", 32 ], [ "R", 5 ], [ "R", 27 ], [ "R", 12 ], [ "R", 12 ], [ "R", 12 ], [ "R", 5 ], [ "R", 5 ], [ "W", 5 ] ]
    } ]
  },
  "MessageActorController.save" : {
    "t" : [ {
      "id" : 0,
      "a" : [ [ "R", 1 ], [ "R", 12 ], [ "R", 12 ], [ "R", 1 ], [ "R", 1 ], [ "R", 1 ], [ "R", 32 ], [ "R", 1 ], [ "R", 32 ], [ "R", 18 ], [ "R", 32 ], [ "R", 12 ], [ "R", 12 ], [ "R", 12 ], [ "W", 18 ], [ "R", 18 ], [ "R", 32 ], [ "R", 12 ], [ "R", 1 ], [ "R", 1 ], [ "R", 1 ], [ "R", 32 ], [ "W", 18 ], [ "R", 29 ], [ "R", 29 ], [ "R", 29 ], [ "R", 18 ], [ "R", 18 ], [ "R", 12 ], [ "R", 14 ], [ "R", 14 ], [ "R", 14 ], [ "R", 14 ], [ "R", 1 ], [ "R", 14 ], [ "W", 18 ], [ "W", 14 ], [ "R", 12 ], [ "R", 14 ], [ "R", 14 ], [ "R", 14 ], [ "R", 14 ], [ "R", 1 ], [ "R", 14 ], [ "W", 18 ], [ "W", 14 ], [ "W", 18 ], [ "R", 18 ], [ "R", 14 ], [ "R", 12 ], [ "R", 1 ] ]
    } ]
  },
  "RecipeUserController.editQuantity" : {
    "t" : [ {
      "id" : 0,
      "a" : [ [ "R", 22 ] ]
    } ]
  },
  "UserUserController.follow" : {
    "t" : [ {
      "id" : 0,
      "a" : [ [ "R", 31 ], [ "R", 12 ], [ "R", 12 ], [ "R", 26 ], [ "R", 26 ], [ "R", 26 ], [ "R", 32 ], [ "R", 26 ], [ "R", 26 ], [ "W", 26 ] ]
    } ]
  },
  "CreditCardSponsorController.display" : {
    "t" : [ {
      "id" : 0,
      "a" : [ [ "R", 12 ], [ "R", 12 ], [ "R", 27 ], [ "R", 27 ], [ "R", 27 ], [ "R", 32 ], [ "R", 12 ], [ "R", 12 ], [ "R", 27 ], [ "R", 27 ], [ "R", 27 ], [ "R", 32 ], [ "R", 27 ], [ "R", 10 ] ]
    } ]
  },
  "UserController.list" : {
    "t" : [ {
      "id" : 0,
      "a" : [ [ "R", 31 ], [ "R", 12 ], [ "R", 12 ], [ "R", 1 ], [ "R", 1 ], [ "R", 1 ], [ "R", 32 ], [ "R", 26 ], [ "R", 26 ] ]
    } ]
  },
  "RecipeController.list" : {
    "t" : [ {
      "id" : 0,
      "a" : [ [ "R", 23 ], [ "R", 23 ], [ "R", 23 ] ]
    } ]
  },
  "TextMaterialCookController.create" : {
    "t" : [ {
      "id" : 0,
      "a" : [ [ "R", 17 ], [ "W", 16 ], [ "W", 17 ], [ "R", 16 ], [ "R", 17 ], [ "R", 12 ] ]
    } ]
  },
  "CampaignSponsorController.list" : {
    "t" : [ {
      "id" : 0,
      "a" : [ [ "R", 12 ], [ "R", 12 ], [ "R", 27 ], [ "R", 27 ], [ "R", 27 ], [ "R", 32 ], [ "R", 12 ], [ "R", 12 ], [ "R", 27 ], [ "R", 27 ], [ "R", 27 ], [ "R", 32 ], [ "R", 12 ], [ "R", 5 ], [ "R", 5 ], [ "R", 5 ], [ "R", 27 ], [ "R", 5 ] ]
    } ]
  },
  "MasterClassActorController.list" : {
    "t" : [ {
      "id" : 0,
      "a" : [ [ "R", 12 ], [ "R", 12 ], [ "R", 1 ], [ "R", 1 ], [ "R", 1 ], [ "R", 32 ], [ "R", 17 ], [ "R", 17 ], [ "R", 17 ] ]
    } ]
  },
  "RecipeUserController.addIngredient" : {
    "t" : [ {
      "id" : 0,
      "a" : [ [ "R", 23 ], [ "R", 15 ], [ "R", 12 ], [ "W", 22 ], [ "W", 15 ], [ "W", 22 ], [ "W", 23 ], [ "R", 12 ] ]
    } ]
  },
  "StepUserController.delete" : {
    "t" : [ {
      "id" : 0,
      "a" : [ [ "W", 28 ], [ "R", 28 ], [ "R", 23 ], [ "R", 12 ] ]
    } ]
  },
  "VideoMaterialCookController.delete" : {
    "t" : [ {
      "id" : 0,
      "a" : [ [ "R", 12 ], [ "R", 12 ], [ "R", 9 ], [ "R", 9 ], [ "R", 9 ], [ "R", 32 ], [ "R", 16 ], [ "R", 17 ], [ "R", 17 ], [ "R", 9 ], [ "R", 12 ], [ "R", 12 ], [ "R", 12 ], [ "W", 34 ], [ "R", 16 ], [ "R", 17 ], [ "R", 12 ], [ "R", 16 ], [ "R", 17 ], [ "R", 12 ] ]
    } ]
  },
  "SponsorController.create" : {
    "t" : [ {
      "id" : 0,
      "a" : [ [ "W", 32 ], [ "W", 1 ], [ "W", 14 ], [ "W", 1 ], [ "W", 25 ], [ "W", 27 ], [ "W", 5 ], [ "W", 27 ], [ "W", 4 ], [ "W", 32 ], [ "W", 1 ], [ "W", 32 ] ]
    } ]
  },
  "CurriculumNutritionistController.create" : {
    "t" : [ {
      "id" : 0,
      "a" : [ [ "W", 11 ], [ "R", 12 ], [ "R", 12 ], [ "R", 19 ], [ "R", 19 ], [ "R", 19 ], [ "R", 32 ], [ "W", 11 ], [ "W", 19 ], [ "W", 11 ], [ "W", 13 ] ]
    } ]
  },
  "CategoryAdministratorController.list" : {
    "t" : [ {
      "id" : 0,
      "a" : [ [ "R", 6 ], [ "R", 6 ], [ "R", 6 ] ]
    } ]
  },
  "SocialIdentityActorController.save" : {
    "t" : [ {
      "id" : 0,
      "a" : [ [ "R", 12 ], [ "R", 12 ], [ "R", 1 ], [ "R", 1 ], [ "R", 1 ], [ "R", 32 ], [ "R", 25 ], [ "R", 1 ], [ "R", 12 ], [ "R", 12 ], [ "R", 12 ], [ "W", 25 ] ]
    } ]
  },
  "EndorserNutritionistController.delete" : {
    "t" : [ {
      "id" : 0,
      "a" : [ [ "R", 13 ], [ "R", 11 ], [ "R", 11 ], [ "R", 19 ], [ "R", 1 ], [ "R", 32 ], [ "R", 12 ], [ "R", 12 ], [ "R", 12 ], [ "R", 12 ], [ "W", 13 ] ]
    } ]
  },
  "RecipeUserController.create" : {
    "t" : [ {
      "id" : 0,
      "a" : [ [ "R", 12 ], [ "R", 12 ], [ "R", 31 ], [ "R", 31 ], [ "R", 31 ], [ "R", 32 ], [ "W", 23 ], [ "W", 23 ], [ "W", 23 ], [ "W", 31 ], [ "W", 23 ], [ "W", 23 ] ]
    } ]
  },
  "FolderActorController.create" : {
    "t" : [ {
      "id" : 0,
      "a" : [ [ "R", 12 ], [ "R", 12 ], [ "R", 1 ], [ "R", 1 ], [ "R", 1 ], [ "R", 32 ], [ "W", 14 ], [ "W", 1 ], [ "W", 14 ], [ "W", 18 ], [ "W", 14 ], [ "W", 14 ], [ "R", 12 ], [ "R", 12 ], [ "R", 1 ], [ "R", 1 ], [ "R", 1 ], [ "R", 32 ], [ "R", 12 ], [ "R", 14 ], [ "R", 14 ], [ "R", 14 ], [ "R", 1 ] ]
    } ]
  },
  "SystemConfigurationAdministratorController.deleteWord" : {
    "t" : [ {
      "id" : 0,
      "a" : [ [ "R", 29 ], [ "R", 29 ], [ "R", 29 ], [ "W", 29 ], [ "R", 12 ], [ "R", 12 ], [ "R", 32 ], [ "W", 29 ] ]
    } ]
  },
  "PresentationMaterialCookController.delete" : {
    "t" : [ {
      "id" : 0,
      "a" : [ [ "R", 12 ], [ "R", 12 ], [ "R", 9 ], [ "R", 9 ], [ "R", 9 ], [ "R", 32 ], [ "W", 20 ], [ "R", 16 ], [ "R", 17 ], [ "R", 12 ], [ "R", 16 ], [ "R", 17 ], [ "R", 12 ] ]
    } ]
  },
  "RecipeUserController.removeIngredient" : {
    "t" : [ {
      "id" : 0,
      "a" : [ [ "R", 22 ], [ "R", 22 ], [ "R", 23 ], [ "W", 22 ], [ "R", 12 ] ]
    } ]
  },
  "BillSponsorController.list" : {
    "t" : [ {
      "id" : 0,
      "a" : [ [ "R", 12 ], [ "R", 12 ], [ "R", 27 ], [ "R", 27 ], [ "R", 27 ], [ "R", 32 ], [ "R", 12 ], [ "R", 12 ], [ "R", 27 ], [ "R", 27 ], [ "R", 27 ], [ "R", 32 ], [ "R", 12 ], [ "R", 27 ], [ "R", 27 ], [ "R", 4 ], [ "R", 27 ], [ "R", 4 ], [ "R", 27 ] ]
    } ]
  },
  "RecipeSocialUserController.dislike" : {
    "t" : [ {
      "id" : 0,
      "a" : [ [ "R", 23 ], [ "R", 12 ], [ "R", 12 ], [ "R", 26 ], [ "R", 26 ], [ "R", 26 ], [ "R", 32 ], [ "W", 24 ], [ "W", 23 ], [ "W", 24 ], [ "W", 26 ], [ "W", 24 ], [ "W", 24 ], [ "R", 12 ], [ "W", 23 ], [ "W", 23 ], [ "W", 23 ], [ "R", 12 ] ]
    } ]
  },
  "BannerSponsorController.create" : {
    "t" : [ {
      "id" : 0,
      "a" : [ [ "R", 5 ], [ "R", 12 ], [ "R", 12 ], [ "R", 27 ], [ "R", 27 ], [ "R", 27 ], [ "R", 32 ], [ "W", 3 ], [ "W", 5 ], [ "R", 3 ], [ "R", 5 ], [ "R", 12 ], [ "R", 3 ], [ "R", 5 ], [ "R", 12 ] ]
    } ]
  },
  "ContestAdministratorController.create" : {
    "t" : [ {
      "id" : 0,
      "a" : [ [ "R", 12 ], [ "R", 12 ], [ "R", 32 ] ]
    } ]
  },
  "IngredientNutritionistController.delete" : {
    "t" : [ {
      "id" : 0,
      "a" : [ [ "R", 15 ], [ "R", 22 ], [ "W", 15 ], [ "W", 15 ] ]
    } ]
  },
  "SponsorController.display" : {
    "t" : [ {
      "id" : 0,
      "a" : [ [ "R", 12 ], [ "R", 12 ], [ "R", 27 ], [ "R", 27 ], [ "R", 27 ], [ "R", 32 ], [ "R", 27 ] ]
    } ]
  },
  "MessageActorController.move" : {
    "t" : [ {
      "id" : 0,
      "a" : [ [ "R", 18 ], [ "R", 12 ], [ "R", 12 ], [ "R", 1 ], [ "R", 1 ], [ "R", 1 ], [ "R", 32 ], [ "R", 12 ], [ "R", 14 ], [ "R", 14 ], [ "R", 14 ], [ "R", 1 ] ]
    } ]
  },
  "RecipeSocialUserController.listFollowed" : {
    "t" : [ {
      "id" : 0,
      "a" : [ [ "R", 12 ], [ "R", 12 ], [ "R", 26 ], [ "R", 26 ], [ "R", 26 ], [ "R", 32 ], [ "R", 12 ], [ "R", 26 ], [ "R", 31 ], [ "R", 31 ], [ "R", 26 ], [ "R", 31 ], [ "R", 26 ], [ "R", 26 ], [ "R", 12 ], [ "R", 23 ], [ "R", 23 ], [ "R", 23 ], [ "R", 31 ], [ "R", 23 ] ]
    } ]
  },
  "RecipeUserController.addPicture" : {
    "t" : [ {
      "id" : 0,
      "a" : [ [ "R", 23 ], [ "R", 12 ], [ "R", 23 ], [ "R", 12 ], [ "W", 23 ], [ "W", 23 ], [ "W", 23 ], [ "R", 12 ], [ "R", 12 ] ]
    } ]
  },
  "CampaignAdministratorController.list" : {
    "t" : [ {
      "id" : 0,
      "a" : [ [ "R", 5 ], [ "R", 5 ] ]
    } ]
  },
  "FolderActorController.save" : {
    "t" : [ {
      "id" : 0,
      "a" : [ [ "R", 12 ], [ "R", 12 ], [ "R", 1 ], [ "R", 1 ], [ "R", 1 ], [ "R", 32 ], [ "R", 12 ], [ "R", 14 ], [ "R", 14 ], [ "R", 14 ], [ "R", 1 ], [ "R", 12 ], [ "R", 12 ], [ "R", 1 ], [ "R", 1 ], [ "R", 1 ], [ "R", 32 ], [ "R", 14 ], [ "R", 1 ], [ "R", 12 ], [ "R", 12 ], [ "R", 12 ], [ "W", 14 ], [ "R", 12 ], [ "R", 12 ], [ "R", 1 ], [ "R", 1 ], [ "R", 1 ], [ "R", 32 ], [ "R", 12 ], [ "R", 14 ], [ "R", 14 ], [ "R", 14 ], [ "R", 1 ] ]
    } ]
  },
  "PresentationMaterialCookController.create" : {
    "t" : [ {
      "id" : 0,
      "a" : [ [ "R", 17 ], [ "W", 16 ], [ "W", 17 ], [ "R", 16 ], [ "R", 17 ], [ "R", 12 ] ]
    } ]
  },
  "SocialIdentityActorController.list" : {
    "t" : [ {
      "id" : 0,
      "a" : [ [ "R", 12 ], [ "R", 12 ], [ "R", 1 ], [ "R", 1 ], [ "R", 1 ], [ "R", 32 ], [ "R", 12 ], [ "R", 25 ], [ "R", 25 ], [ "R", 25 ], [ "R", 1 ] ]
    } ]
  },
  "IngredientController.display" : {
    "t" : [ {
      "id" : 0,
      "a" : [ [ "R", 21 ], [ "R", 21 ], [ "R", 15 ], [ "R", 15 ], [ "R", 33 ] ]
    } ]
  },
  "AdministratorAdministratorController.dashboard" : {
    "t" : [ {
      "id" : 0,
      "a" : [ [ "R", 31 ], [ "R", 31 ], [ "R", 23 ], [ "R", 31 ], [ "R", 23 ], [ "R", 31 ], [ "R", 23 ], [ "R", 8 ], [ "R", 8 ], [ "R", 23 ], [ "R", 8 ], [ "R", 23 ], [ "R", 8 ], [ "R", 23 ], [ "R", 31 ], [ "R", 31 ], [ "R", 31 ], [ "R", 23 ], [ "R", 31 ], [ "R", 31 ], [ "R", 23 ], [ "R", 8 ], [ "R", 8 ], [ "R", 8 ], [ "R", 23 ], [ "R", 8 ], [ "R", 8 ], [ "R", 23 ], [ "R", 23 ], [ "R", 23 ], [ "R", 28 ], [ "R", 23 ], [ "R", 28 ], [ "R", 23 ], [ "R", 23 ], [ "R", 22 ], [ "R", 23 ], [ "R", 22 ], [ "R", 31 ], [ "R", 31 ], [ "R", 31 ], [ "R", 26 ], [ "R", 24 ], [ "R", 24 ], [ "R", 24 ], [ "R", 23 ], [ "R", 24 ], [ "R", 23 ], [ "R", 31 ], [ "R", 24 ], [ "R", 24 ], [ "R", 23 ], [ "R", 31 ], [ "R", 24 ], [ "R", 24 ], [ "R", 24 ], [ "R", 27 ], [ "R", 27 ], [ "R", 5 ], [ "R", 27 ], [ "R", 5 ], [ "R", 27 ], [ "R", 5 ], [ "R", 5 ], [ "R", 5 ], [ "R", 5 ], [ "R", 5 ], [ "R", 5 ], [ "R", 27 ], [ "R", 27 ], [ "R", 27 ], [ "R", 27 ], [ "R", 27 ], [ "R", 5 ], [ "R", 27 ], [ "R", 27 ], [ "R", 4 ], [ "R", 27 ], [ "R", 27 ], [ "R", 27 ], [ "R", 4 ], [ "R", 4 ], [ "R", 4 ], [ "R", 4 ], [ "R", 4 ], [ "R", 4 ], [ "R", 4 ], [ "R", 4 ], [ "R", 4 ], [ "R", 4 ], [ "R", 4 ], [ "R", 27 ], [ "R", 27 ], [ "R", 5 ], [ "R", 5 ], [ "R", 5 ], [ "R", 27 ], [ "R", 27 ], [ "R", 5 ], [ "R", 27 ], [ "R", 5 ], [ "R", 27 ], [ "R", 27 ], [ "R", 4 ], [ "R", 27 ], [ "R", 4 ], [ "R", 4 ], [ "R", 4 ], [ "R", 4 ], [ "R", 4 ], [ "R", 27 ], [ "R", 4 ], [ "R", 4 ], [ "R", 27 ], [ "R", 4 ], [ "R", 4 ], [ "R", 4 ], [ "R", 4 ], [ "R", 9 ], [ "R", 9 ], [ "R", 17 ], [ "R", 9 ], [ "R", 17 ], [ "R", 9 ], [ "R", 17 ], [ "R", 9 ], [ "R", 17 ], [ "R", 12 ], [ "R", 12 ], [ "R", 32 ], [ "R", 16 ], [ "R", 16 ], [ "R", 17 ], [ "R", 17 ], [ "R", 16 ], [ "R", 12 ], [ "R", 12 ], [ "R", 32 ], [ "R", 17 ], [ "R", 17 ], [ "R", 17 ], [ "R", 12 ], [ "R", 12 ], [ "R", 32 ], [ "R", 17 ], [ "R", 17 ], [ "R", 9 ], [ "R", 17 ], [ "R", 9 ], [ "R", 17 ], [ "R", 12 ], [ "R", 12 ], [ "R", 32 ], [ "R", 17 ], [ "R", 17 ], [ "R", 9 ], [ "R", 9 ], [ "R", 17 ], [ "R", 17 ], [ "R", 17 ], [ "R", 9 ], [ "R", 9 ], [ "R", 17 ] ]
    } ]
  },
  "NutritionistController.display" : {
    "t" : [ {
      "id" : 0,
      "a" : [ [ "R", 12 ], [ "R", 12 ], [ "R", 19 ], [ "R", 19 ], [ "R", 19 ], [ "R", 32 ], [ "R", 19 ] ]
    } ]
  },
  "NutritionistNutritionistController.save" : {
    "t" : [ {
      "id" : 0,
      "a" : [ [ "R", 1 ], [ "R", 32 ], [ "R", 12 ], [ "R", 1 ], [ "R", 32 ], [ "R", 32 ], [ "R", 1 ], [ "R", 32 ], [ "W", 1 ], [ "W", 32 ], [ "R", 1 ], [ "R", 32 ], [ "W", 32 ], [ "W", 19 ], [ "R", 12 ] ]
    } ]
  },
  "VideoMaterialCookController.create" : {
    "t" : [ {
      "id" : 0,
      "a" : [ [ "R", 17 ], [ "W", 16 ], [ "W", 17 ], [ "R", 16 ], [ "R", 17 ], [ "R", 12 ] ]
    } ]
  },
  "CurriculumNutritionistController.delete" : {
    "t" : [ {
      "id" : 0,
      "a" : [ [ "R", 11 ], [ "R", 19 ], [ "R", 1 ], [ "R", 32 ], [ "R", 12 ], [ "R", 12 ], [ "R", 12 ], [ "R", 12 ], [ "W", 11 ] ]
    } ]
  },
  "SocialIdentityActorController.delete" : {
    "t" : [ {
      "id" : 0,
      "a" : [ [ "R", 12 ], [ "R", 12 ], [ "R", 1 ], [ "R", 1 ], [ "R", 1 ], [ "R", 32 ], [ "R", 25 ], [ "R", 1 ], [ "R", 12 ], [ "R", 12 ], [ "R", 12 ], [ "W", 25 ] ]
    } ]
  },
  "RecipeSocialUserController.like" : {
    "t" : [ {
      "id" : 0,
      "a" : [ [ "R", 23 ], [ "R", 12 ], [ "R", 12 ], [ "R", 26 ], [ "R", 26 ], [ "R", 26 ], [ "R", 32 ], [ "W", 24 ], [ "W", 23 ], [ "W", 24 ], [ "W", 26 ], [ "W", 24 ], [ "W", 24 ], [ "R", 12 ], [ "W", 23 ], [ "W", 23 ], [ "W", 23 ], [ "R", 12 ] ]
    } ]
  },
  "VideoMaterialCookController.edit" : {
    "t" : [ {
      "id" : 0,
      "a" : [ [ "R", 34 ], [ "R", 12 ], [ "R", 12 ], [ "R", 9 ], [ "R", 9 ], [ "R", 9 ], [ "R", 32 ], [ "R", 16 ], [ "R", 17 ], [ "R", 17 ], [ "R", 9 ], [ "R", 12 ], [ "R", 12 ], [ "R", 12 ], [ "R", 16 ], [ "R", 17 ], [ "R", 12 ] ]
    } ]
  },
  "MasterClassController.list" : {
    "t" : [ {
      "id" : 0,
      "a" : [ [ "R", 17 ], [ "R", 17 ], [ "R", 17 ] ]
    } ]
  },
  "FolderActorController.list" : {
    "t" : [ {
      "id" : 0,
      "a" : [ [ "R", 12 ], [ "R", 12 ], [ "R", 1 ], [ "R", 1 ], [ "R", 1 ], [ "R", 32 ], [ "R", 12 ], [ "R", 14 ], [ "R", 14 ], [ "R", 14 ], [ "R", 1 ] ]
    } ]
  },
  "StepUserController.edit" : {
    "t" : [ {
      "id" : 0,
      "a" : [ [ "R", 28 ] ]
    } ]
  },
  "EndorserNutritionistController.edit" : {
    "t" : [ {
      "id" : 0,
      "a" : [ [ "R", 13 ], [ "R", 13 ], [ "R", 11 ], [ "R", 11 ], [ "R", 19 ], [ "R", 1 ], [ "R", 32 ], [ "R", 12 ], [ "R", 12 ], [ "R", 12 ], [ "R", 12 ] ]
    } ]
  },
  "RecipeController.listQualified" : {
    "t" : [ {
      "id" : 0,
      "a" : [ [ "R", 8 ], [ "R", 8 ], [ "R", 23 ], [ "R", 8 ] ]
    } ]
  },
  "MessageActorController.list" : {
    "t" : [ {
      "id" : 0,
      "a" : [ [ "R", 14 ], [ "R", 12 ], [ "R", 12 ], [ "R", 1 ], [ "R", 1 ], [ "R", 1 ], [ "R", 32 ], [ "R", 14 ], [ "R", 1 ], [ "R", 12 ], [ "R", 12 ], [ "R", 12 ], [ "R", 14 ], [ "R", 12 ], [ "R", 12 ], [ "R", 1 ], [ "R", 1 ], [ "R", 1 ], [ "R", 32 ], [ "R", 1 ], [ "R", 14 ], [ "R", 18 ], [ "R", 18 ], [ "R", 18 ], [ "R", 14 ] ]
    } ]
  },
  "CurriculumNutritionistController.save" : {
    "t" : [ {
      "id" : 0,
      "a" : [ [ "W", 11 ], [ "R", 12 ], [ "R", 12 ], [ "R", 19 ], [ "R", 19 ], [ "R", 19 ], [ "R", 32 ], [ "W", 19 ], [ "W", 11 ], [ "R", 11 ], [ "R", 19 ], [ "R", 1 ], [ "R", 32 ], [ "R", 12 ], [ "R", 12 ], [ "R", 12 ], [ "R", 12 ], [ "R", 12 ] ]
    } ]
  },
  "CategoryAdministratorController.display" : {
    "t" : [ {
      "id" : 0,
      "a" : [ [ "R", 6 ] ]
    } ]
  },
  "AdministratorController.display" : {
    "t" : [ {
      "id" : 0,
      "a" : [ [ "R", 12 ], [ "R", 12 ], [ "R", 2 ], [ "R", 2 ], [ "R", 2 ], [ "R", 32 ], [ "R", 2 ] ]
    } ]
  },
  "BillAdministratorController.computeBills" : {
    "t" : [ {
      "id" : 0,
      "a" : [ [ "R", 12 ], [ "R", 12 ], [ "R", 32 ], [ "R", 27 ], [ "R", 12 ], [ "R", 27 ], [ "R", 27 ], [ "R", 5 ], [ "R", 27 ], [ "R", 5 ], [ "R", 3 ], [ "R", 29 ], [ "R", 27 ], [ "R", 5 ], [ "R", 3 ], [ "R", 29 ], [ "R", 27 ], [ "W", 4 ], [ "W", 4 ], [ "R", 12 ], [ "R", 27 ], [ "R", 27 ], [ "R", 5 ], [ "R", 27 ], [ "R", 5 ], [ "R", 3 ], [ "R", 27 ], [ "R", 5 ], [ "R", 3 ], [ "R", 27 ], [ "R", 27 ], [ "R", 5 ], [ "R", 3 ], [ "R", 3 ], [ "R", 3 ], [ "R", 3 ], [ "W", 3 ], [ "W", 3 ], [ "W", 3 ], [ "W", 4 ], [ "W", 4 ], [ "W", 27 ], [ "R", 4 ], [ "W", 4 ] ]
    } ]
  },
  "RecipeController.display" : {
    "t" : [ {
      "id" : 0,
      "a" : [ [ "R", 15 ], [ "R", 15 ], [ "R", 23 ], [ "R", 12 ], [ "R", 32 ], [ "R", 12 ], [ "R", 12 ], [ "R", 26 ], [ "R", 26 ], [ "R", 26 ], [ "R", 32 ], [ "R", 12 ], [ "R", 24 ], [ "R", 24 ], [ "R", 24 ], [ "R", 26 ], [ "R", 24 ], [ "R", 23 ], [ "R", 23 ], [ "R", 22 ], [ "R", 23 ], [ "R", 28 ], [ "R", 23 ], [ "R", 6 ], [ "R", 6 ], [ "R", 6 ], [ "R", 6 ], [ "R", 3 ], [ "R", 3 ], [ "R", 3 ], [ "R", 5 ], [ "R", 3 ], [ "R", 5 ], [ "R", 3 ], [ "R", 5 ], [ "R", 3 ], [ "R", 3 ], [ "R", 3 ], [ "R", 3 ], [ "R", 3 ], [ "R", 3 ], [ "R", 5 ], [ "R", 3 ], [ "R", 5 ], [ "R", 3 ], [ "R", 3 ], [ "R", 3 ], [ "R", 3 ], [ "W", 3 ], [ "W", 3 ] ]
    } ]
  },
  "BillAdministratorController.list" : {
    "t" : [ {
      "id" : 0,
      "a" : [ [ "R", 4 ] ]
    } ]
  },
  "RecipeUserController.own" : {
    "t" : [ {
      "id" : 0,
      "a" : [ [ "R", 12 ], [ "R", 12 ], [ "R", 31 ], [ "R", 31 ], [ "R", 31 ], [ "R", 32 ], [ "R", 12 ], [ "R", 23 ], [ "R", 23 ], [ "R", 23 ], [ "R", 31 ], [ "R", 23 ] ]
    } ]
  },
  "RecipeController.filter" : {
    "t" : [ {
      "id" : 0,
      "a" : [ [ "R", 23 ], [ "R", 23 ], [ "R", 23 ], [ "R", 23 ], [ "R", 23 ], [ "R", 23 ] ]
    } ]
  },
  "MasterClassActorController.display" : {
    "t" : [ {
      "id" : 0,
      "a" : [ [ "R", 17 ], [ "R", 12 ], [ "R", 12 ], [ "R", 1 ], [ "R", 1 ], [ "R", 1 ], [ "R", 32 ], [ "R", 1 ], [ "R", 17 ], [ "R", 17 ], [ "R", 9 ], [ "R", 12 ], [ "R", 12 ], [ "R", 12 ], [ "R", 16 ], [ "R", 16 ], [ "R", 16 ], [ "R", 17 ] ]
    } ]
  },
  "EndorserNutritionistController.create" : {
    "t" : [ {
      "id" : 0,
      "a" : [ [ "R", 12 ], [ "R", 12 ], [ "R", 19 ], [ "R", 19 ], [ "R", 19 ], [ "R", 32 ], [ "R", 19 ], [ "R", 11 ], [ "W", 13 ], [ "W", 11 ] ]
    } ]
  },
  "UserSocialUserController.followUsers" : {
    "t" : [ {
      "id" : 0,
      "a" : [ [ "R", 31 ], [ "R", 12 ], [ "R", 12 ], [ "R", 26 ], [ "R", 26 ], [ "R", 26 ], [ "R", 32 ], [ "R", 26 ], [ "R", 26 ], [ "W", 26 ] ]
    } ]
  },
  "CookAdministratorController.edit" : {
    "t" : [ {
      "id" : 0,
      "a" : [ [ "R", 12 ], [ "R", 12 ], [ "R", 12 ], [ "R", 32 ], [ "R", 1 ], [ "R", 32 ], [ "R", 32 ], [ "R", 1 ], [ "R", 32 ], [ "W", 32 ], [ "R", 12 ], [ "R", 12 ], [ "R", 9 ], [ "R", 9 ], [ "R", 9 ], [ "R", 32 ], [ "R", 12 ], [ "R", 12 ], [ "W", 9 ], [ "R", 12 ], [ "W", 14 ], [ "W", 1 ], [ "W", 14 ], [ "W", 18 ], [ "W", 14 ], [ "W", 14 ], [ "W", 14 ], [ "W", 14 ], [ "W", 14 ], [ "W", 1 ], [ "W", 14 ], [ "W", 18 ], [ "W", 14 ], [ "W", 14 ], [ "W", 14 ], [ "W", 14 ], [ "W", 14 ], [ "W", 1 ], [ "W", 14 ], [ "W", 18 ], [ "W", 14 ], [ "W", 14 ], [ "W", 14 ], [ "W", 14 ], [ "W", 14 ], [ "W", 1 ], [ "W", 14 ], [ "W", 18 ], [ "W", 14 ], [ "W", 14 ], [ "W", 14 ], [ "W", 14 ], [ "W", 14 ] ]
    } ]
  },
  "RecipeUserController.edit" : {
    "t" : [ {
      "id" : 0,
      "a" : [ [ "R", 23 ], [ "R", 23 ], [ "R", 8 ] ]
    } ]
  },
  "FolderActorController.delete" : {
    "t" : [ {
      "id" : 0,
      "a" : [ [ "R", 14 ], [ "R", 12 ], [ "R", 12 ], [ "R", 1 ], [ "R", 1 ], [ "R", 1 ], [ "R", 32 ], [ "R", 14 ], [ "R", 1 ], [ "R", 12 ], [ "R", 12 ], [ "R", 12 ], [ "W", 14 ], [ "R", 12 ], [ "R", 12 ], [ "R", 1 ], [ "R", 1 ], [ "R", 1 ], [ "R", 32 ], [ "R", 12 ], [ "R", 14 ], [ "R", 14 ], [ "R", 14 ], [ "R", 1 ] ]
    } ]
  },
  "NutritionistNutritionistController.unfollow" : {
    "t" : [ {
      "id" : 0,
      "a" : [ [ "R", 19 ], [ "R", 12 ], [ "R", 12 ], [ "R", 26 ], [ "R", 26 ], [ "R", 26 ], [ "R", 32 ], [ "R", 26 ], [ "R", 26 ], [ "W", 26 ], [ "W", 26 ] ]
    } ]
  },
  "NutritionistController.create" : {
    "t" : [ {
      "id" : 0,
      "a" : [ [ "W", 26 ], [ "W", 7 ], [ "W", 1 ], [ "W", 17 ], [ "W", 1 ], [ "W", 14 ], [ "W", 26 ], [ "W", 26 ], [ "W", 26 ], [ "W", 26 ], [ "W", 26 ], [ "W", 24 ], [ "W", 1 ], [ "W", 25 ], [ "W", 32 ], [ "W", 32 ], [ "W", 1 ], [ "W", 32 ] ]
    } ]
  },
  "NutritionistController.filterNutritionists" : {
    "t" : [ {
      "id" : 0,
      "a" : [ [ "R", 19 ], [ "R", 1 ], [ "R", 1 ], [ "R", 1 ], [ "R", 1 ], [ "R", 17 ], [ "R", 1 ] ]
    } ]
  },
  "IngredientNutritionistController.removeProperty" : {
    "t" : [ {
      "id" : 0,
      "a" : [ [ "R", 33 ], [ "R", 33 ], [ "R", 15 ], [ "W", 33 ], [ "R", 12 ] ]
    } ]
  },
  "ContestUserController.create" : {
    "t" : [ {
      "id" : 0,
      "a" : [ [ "R", 12 ], [ "R", 12 ], [ "R", 32 ], [ "R", 8 ] ]
    } ]
  },
  "CookController.display" : {
    "t" : [ {
      "id" : 0,
      "a" : [ [ "R", 12 ], [ "R", 12 ], [ "R", 9 ], [ "R", 9 ], [ "R", 9 ], [ "R", 32 ], [ "R", 9 ] ]
    } ]
  },
  "CategoryAdministratorController.edit" : {
    "t" : [ {
      "id" : 0,
      "a" : [ [ "R", 6 ] ]
    } ]
  },
  "CurriculumNutritionistController.display" : {
    "t" : [ {
      "id" : 0,
      "a" : [ [ "R", 12 ], [ "R", 12 ], [ "R", 19 ], [ "R", 19 ], [ "R", 19 ], [ "R", 32 ], [ "R", 19 ], [ "R", 11 ] ]
    } ]
  },
  "MasterClassActorController.enrol" : {
    "t" : [ {
      "id" : 0,
      "a" : [ [ "R", 12 ], [ "R", 12 ], [ "R", 1 ], [ "R", 1 ], [ "R", 1 ], [ "R", 32 ], [ "R", 17 ], [ "R", 17 ], [ "R", 17 ], [ "R", 17 ], [ "R", 12 ], [ "R", 12 ], [ "R", 1 ], [ "R", 1 ], [ "R", 1 ], [ "R", 32 ], [ "R", 1 ], [ "R", 17 ], [ "R", 1 ], [ "R", 17 ], [ "R", 1 ], [ "R", 32 ], [ "R", 12 ], [ "R", 1 ], [ "R", 32 ], [ "R", 32 ], [ "R", 1 ], [ "R", 32 ], [ "W", 32 ], [ "W", 31 ], [ "R", 1 ], [ "R", 32 ], [ "R", 12 ], [ "R", 1 ], [ "R", 32 ], [ "R", 32 ], [ "R", 1 ], [ "R", 32 ], [ "W", 1 ], [ "W", 32 ], [ "R", 1 ], [ "R", 32 ], [ "W", 32 ], [ "W", 19 ], [ "W", 2 ], [ "R", 12 ], [ "W", 14 ], [ "W", 1 ], [ "W", 14 ], [ "W", 18 ], [ "W", 14 ], [ "W", 14 ], [ "W", 14 ], [ "W", 14 ], [ "W", 14 ], [ "W", 1 ], [ "W", 14 ], [ "W", 18 ], [ "W", 14 ], [ "W", 14 ], [ "W", 14 ], [ "W", 14 ], [ "W", 14 ], [ "W", 1 ], [ "W", 14 ], [ "W", 18 ], [ "W", 14 ], [ "W", 14 ], [ "W", 14 ], [ "W", 14 ], [ "W", 14 ], [ "W", 1 ], [ "W", 14 ], [ "W", 18 ], [ "W", 14 ], [ "W", 14 ], [ "W", 14 ], [ "W", 14 ], [ "W", 14 ], [ "R", 1 ], [ "R", 32 ], [ "R", 12 ], [ "R", 1 ], [ "R", 32 ], [ "R", 32 ], [ "R", 1 ], [ "R", 32 ], [ "W", 32 ], [ "W", 27 ], [ "R", 12 ], [ "W", 14 ], [ "W", 1 ], [ "W", 14 ], [ "W", 18 ], [ "W", 14 ], [ "W", 14 ], [ "W", 14 ], [ "W", 14 ], [ "W", 14 ], [ "W", 1 ], [ "W", 14 ], [ "W", 18 ], [ "W", 14 ], [ "W", 14 ], [ "W", 14 ], [ "W", 14 ], [ "W", 14 ], [ "W", 1 ], [ "W", 14 ], [ "W", 18 ], [ "W", 14 ], [ "W", 14 ], [ "W", 14 ], [ "W", 14 ], [ "W", 14 ], [ "W", 1 ], [ "W", 14 ], [ "W", 18 ], [ "W", 14 ], [ "W", 14 ], [ "W", 14 ], [ "W", 14 ], [ "W", 14 ], [ "R", 12 ], [ "R", 12 ], [ "R", 12 ], [ "R", 32 ], [ "R", 1 ], [ "R", 32 ], [ "R", 32 ], [ "R", 1 ], [ "R", 32 ], [ "W", 32 ], [ "R", 12 ], [ "R", 12 ], [ "R", 9 ], [ "R", 9 ], [ "R", 9 ], [ "R", 32 ], [ "R", 12 ], [ "R", 12 ], [ "W", 9 ], [ "R", 12 ], [ "W", 14 ], [ "W", 1 ], [ "W", 14 ], [ "W", 18 ], [ "W", 14 ], [ "W", 14 ], [ "W", 14 ], [ "W", 14 ], [ "W", 14 ], [ "W", 1 ], [ "W", 14 ], [ "W", 18 ], [ "W", 14 ], [ "W", 14 ], [ "W", 14 ], [ "W", 14 ], [ "W", 14 ], [ "W", 1 ], [ "W", 14 ], [ "W", 18 ], [ "W", 14 ], [ "W", 14 ], [ "W", 14 ], [ "W", 14 ], [ "W", 14 ], [ "W", 1 ], [ "W", 14 ], [ "W", 18 ], [ "W", 14 ], [ "W", 14 ], [ "W", 14 ], [ "W", 14 ], [ "W", 14 ] ]
    } ]
  },
  "WelcomeController.index" : {
    "t" : [ {
      "id" : 0,
      "a" : [ [ "R", 3 ], [ "R", 3 ], [ "R", 3 ], [ "R", 5 ], [ "R", 3 ], [ "R", 5 ], [ "R", 3 ], [ "R", 5 ], [ "R", 3 ], [ "R", 3 ], [ "R", 3 ], [ "R", 3 ], [ "R", 3 ], [ "R", 3 ], [ "R", 5 ], [ "R", 3 ], [ "R", 5 ], [ "R", 3 ], [ "R", 3 ], [ "R", 3 ], [ "R", 3 ], [ "W", 3 ], [ "W", 3 ], [ "R", 17 ], [ "R", 17 ], [ "R", 17 ], [ "R", 12 ], [ "R", 12 ], [ "R", 1 ], [ "R", 1 ], [ "R", 1 ], [ "R", 32 ], [ "R", 1 ], [ "R", 1 ] ]
    } ]
  },
  "ContestAdministratorController.delete" : {
    "t" : [ {
      "id" : 0,
      "a" : [ [ "R", 12 ], [ "R", 12 ], [ "R", 32 ], [ "R", 8 ], [ "R", 23 ], [ "W", 8 ] ]
    } ]
  },
  "UserUserController.unfollow" : {
    "t" : [ {
      "id" : 0,
      "a" : [ [ "R", 31 ], [ "R", 12 ], [ "R", 12 ], [ "R", 26 ], [ "R", 26 ], [ "R", 26 ], [ "R", 32 ], [ "R", 26 ], [ "R", 26 ], [ "W", 26 ], [ "W", 26 ] ]
    } ]
  },
  "MasterClassController.display" : {
    "t" : [ {
      "id" : 0,
      "a" : [ [ "R", 17 ] ]
    } ]
  },
  "AdministratorAdministratorController.save" : {
    "t" : [ {
      "id" : 0,
      "a" : [ [ "W", 2 ], [ "R", 12 ], [ "W", 14 ], [ "W", 1 ], [ "W", 14 ], [ "W", 18 ], [ "W", 14 ], [ "W", 14 ], [ "W", 14 ], [ "W", 14 ], [ "W", 14 ], [ "W", 1 ], [ "W", 14 ], [ "W", 18 ], [ "W", 14 ], [ "W", 14 ], [ "W", 14 ], [ "W", 14 ], [ "W", 14 ], [ "W", 1 ], [ "W", 14 ], [ "W", 18 ], [ "W", 14 ], [ "W", 14 ], [ "W", 14 ], [ "W", 14 ], [ "W", 14 ], [ "W", 1 ], [ "W", 14 ], [ "W", 18 ], [ "W", 14 ], [ "W", 14 ], [ "W", 14 ], [ "W", 14 ], [ "W", 14 ], [ "R", 12 ] ]
    } ]
  },
  "SystemConfigurationAdministratorController.setFee" : {
    "t" : [ {
      "id" : 0,
      "a" : [ [ "R", 29 ], [ "R", 29 ], [ "W", 29 ], [ "R", 12 ], [ "R", 12 ], [ "R", 32 ], [ "W", 29 ] ]
    } ]
  },
  "NutritionistSocialUserController.followNutritionists" : {
    "t" : [ {
      "id" : 0,
      "a" : [ [ "R", 19 ], [ "R", 12 ], [ "R", 12 ], [ "R", 26 ], [ "R", 26 ], [ "R", 26 ], [ "R", 32 ], [ "R", 26 ], [ "R", 26 ], [ "W", 26 ] ]
    } ]
  },
  "CampaignAdministratorController.payBill" : {
    "t" : [ {
      "id" : 0,
      "a" : [ [ "R", 5 ], [ "R", 5 ], [ "W", 5 ], [ "W", 5 ], [ "R", 12 ], [ "R", 12 ], [ "R", 32 ], [ "W", 5 ] ]
    } ]
  },
  "CreditCardSponsorController.edit" : {
    "t" : [ {
      "id" : 0,
      "a" : [ [ "R", 10 ] ]
    } ]
  },
  "ContestUserController.edit" : {
    "t" : [ {
      "id" : 0,
      "a" : [ [ "R", 12 ], [ "R", 12 ], [ "R", 32 ], [ "R", 12 ], [ "R", 12 ], [ "R", 12 ], [ "R", 12 ], [ "R", 32 ], [ "R", 8 ], [ "R", 8 ], [ "R", 8 ], [ "R", 8 ], [ "R", 8 ], [ "R", 8 ], [ "R", 8 ], [ "R", 8 ], [ "R", 8 ], [ "R", 8 ], [ "R", 8 ], [ "R", 8 ], [ "R", 23 ], [ "R", 8 ], [ "R", 8 ], [ "W", 8 ] ]
    } ]
  },
  "FolderActorController.edit" : {
    "t" : [ {
      "id" : 0,
      "a" : [ [ "R", 14 ], [ "R", 12 ], [ "R", 12 ], [ "R", 1 ], [ "R", 1 ], [ "R", 1 ], [ "R", 32 ], [ "R", 14 ], [ "R", 1 ], [ "R", 12 ], [ "R", 12 ], [ "R", 12 ], [ "R", 12 ], [ "R", 12 ], [ "R", 1 ], [ "R", 1 ], [ "R", 1 ], [ "R", 32 ], [ "R", 12 ], [ "R", 14 ], [ "R", 14 ], [ "R", 14 ], [ "R", 1 ] ]
    } ]
  },
  "UserUserController.edit" : {
    "t" : [ {
      "id" : 0,
      "a" : [ [ "R", 12 ], [ "R", 12 ], [ "R", 31 ], [ "R", 31 ], [ "R", 31 ], [ "R", 32 ] ]
    } ]
  },
  "SocialIdentityActorController.create" : {
    "t" : [ {
      "id" : 0,
      "a" : [ [ "R", 12 ], [ "R", 12 ], [ "R", 1 ], [ "R", 1 ], [ "R", 1 ], [ "R", 32 ], [ "W", 25 ], [ "W", 1 ] ]
    } ]
  },
  "UserController.create" : {
    "t" : [ {
      "id" : 0,
      "a" : [ [ "W", 31 ], [ "W", 23 ], [ "W", 26 ], [ "W", 7 ], [ "W", 1 ], [ "W", 17 ], [ "W", 1 ], [ "W", 14 ], [ "W", 26 ], [ "W", 26 ], [ "W", 26 ], [ "W", 26 ], [ "W", 26 ], [ "W", 24 ], [ "W", 1 ], [ "W", 25 ], [ "W", 32 ], [ "W", 32 ], [ "W", 1 ], [ "W", 32 ] ]
    } ]
  },
  "IngredientNutritionistController.editValue" : {
    "t" : [ {
      "id" : 0,
      "a" : [ [ "R", 33 ] ]
    } ]
  },
  "CookCookController.save" : {
    "t" : [ {
      "id" : 0,
      "a" : [ [ "R", 12 ], [ "R", 12 ], [ "R", 12 ], [ "R", 32 ], [ "R", 1 ], [ "R", 32 ], [ "R", 32 ], [ "R", 1 ], [ "R", 32 ], [ "W", 32 ], [ "R", 12 ], [ "R", 12 ], [ "R", 9 ], [ "R", 9 ], [ "R", 9 ], [ "R", 32 ], [ "R", 12 ], [ "R", 12 ], [ "W", 9 ], [ "R", 12 ], [ "W", 14 ], [ "W", 1 ], [ "W", 14 ], [ "W", 18 ], [ "W", 14 ], [ "W", 14 ], [ "W", 14 ], [ "W", 14 ], [ "W", 14 ], [ "W", 1 ], [ "W", 14 ], [ "W", 18 ], [ "W", 14 ], [ "W", 14 ], [ "W", 14 ], [ "W", 14 ], [ "W", 14 ], [ "W", 1 ], [ "W", 14 ], [ "W", 18 ], [ "W", 14 ], [ "W", 14 ], [ "W", 14 ], [ "W", 14 ], [ "W", 14 ], [ "W", 1 ], [ "W", 14 ], [ "W", 18 ], [ "W", 14 ], [ "W", 14 ], [ "W", 14 ], [ "W", 14 ], [ "W", 14 ], [ "R", 12 ] ]
    } ]
  },
  "IngredientNutritionistController.addPicture" : {
    "t" : [ {
      "id" : 0,
      "a" : [ [ "R", 15 ], [ "R", 12 ], [ "R", 15 ], [ "W", 15 ], [ "R", 12 ], [ "R", 12 ] ]
    } ]
  },
  "NutritionistController.save" : {
    "t" : [ {
      "id" : 0,
      "a" : [ [ "R", 1 ], [ "R", 32 ], [ "R", 12 ], [ "R", 1 ], [ "R", 32 ], [ "R", 32 ], [ "R", 1 ], [ "R", 32 ], [ "W", 1 ], [ "W", 32 ], [ "R", 1 ], [ "R", 32 ], [ "W", 32 ], [ "W", 19 ], [ "R", 12 ] ]
    } ]
  },
  "UserController.display" : {
    "t" : [ {
      "id" : 0,
      "a" : [ [ "R", 12 ], [ "R", 12 ], [ "R", 31 ], [ "R", 31 ], [ "R", 31 ], [ "R", 32 ], [ "R", 31 ] ]
    } ]
  },
  "MasterClassUserController.list" : {
    "t" : [ {
      "id" : 0,
      "a" : [ [ "R", 17 ], [ "R", 17 ], [ "R", 17 ] ]
    } ]
  },
  "NutritionistController.listNutritionists" : {
    "t" : [ {
      "id" : 0,
      "a" : [ [ "R", 19 ], [ "R", 12 ], [ "R", 12 ], [ "R", 1 ], [ "R", 1 ], [ "R", 1 ], [ "R", 32 ], [ "R", 26 ], [ "R", 26 ] ]
    } ]
  },
  "IngredientNutritionistController.edit" : {
    "t" : [ {
      "id" : 0,
      "a" : [ [ "R", 15 ] ]
    } ]
  },
  "UserController.filter" : {
    "t" : [ {
      "id" : 0,
      "a" : [ [ "R", 31 ], [ "R", 1 ], [ "R", 1 ], [ "R", 1 ], [ "R", 1 ], [ "R", 17 ], [ "R", 1 ] ]
    } ]
  },
  "MasterClassCookController.delete" : {
    "t" : [ {
      "id" : 0,
      "a" : [ [ "R", 12 ], [ "R", 12 ], [ "R", 9 ], [ "R", 9 ], [ "R", 9 ], [ "R", 32 ], [ "R", 17 ], [ "R", 9 ], [ "R", 12 ], [ "R", 12 ], [ "R", 12 ], [ "W", 17 ], [ "W", 17 ], [ "R", 12 ], [ "R", 1 ], [ "R", 1 ], [ "R", 17 ], [ "R", 1 ], [ "R", 1 ], [ "R", 17 ], [ "R", 2 ], [ "R", 2 ], [ "R", 2 ], [ "R", 32 ], [ "R", 12 ], [ "R", 14 ], [ "R", 14 ], [ "R", 14 ], [ "R", 14 ], [ "R", 1 ], [ "R", 14 ], [ "R", 12 ], [ "R", 12 ], [ "R", 1 ], [ "R", 1 ], [ "R", 1 ], [ "R", 32 ], [ "W", 18 ], [ "R", 1 ], [ "R", 32 ], [ "W", 18 ], [ "W", 32 ], [ "R", 1 ], [ "R", 32 ], [ "W", 18 ], [ "W", 32 ], [ "W", 18 ], [ "R", 17 ], [ "W", 18 ], [ "W", 18 ], [ "R", 1 ], [ "R", 32 ], [ "W", 18 ], [ "W", 32 ], [ "W", 18 ], [ "W", 14 ], [ "W", 18 ], [ "R", 18 ], [ "R", 32 ], [ "R", 12 ], [ "R", 1 ], [ "R", 1 ], [ "R", 1 ], [ "R", 32 ], [ "W", 18 ], [ "R", 29 ], [ "R", 29 ], [ "R", 29 ], [ "R", 18 ], [ "R", 18 ], [ "R", 12 ], [ "R", 14 ], [ "R", 14 ], [ "R", 14 ], [ "R", 14 ], [ "R", 1 ], [ "R", 14 ], [ "W", 18 ], [ "W", 14 ], [ "R", 12 ], [ "R", 14 ], [ "R", 14 ], [ "R", 14 ], [ "R", 14 ], [ "R", 1 ], [ "R", 14 ], [ "W", 18 ], [ "W", 14 ], [ "W", 18 ], [ "R", 12 ], [ "R", 16 ], [ "R", 16 ], [ "R", 16 ], [ "R", 17 ] ]
    } ]
  },
  "BillSponsorController.payBill" : {
    "t" : [ {
      "id" : 0,
      "a" : [ [ "R", 4 ], [ "R", 12 ], [ "R", 12 ], [ "R", 27 ], [ "R", 27 ], [ "R", 27 ], [ "R", 32 ], [ "R", 4 ], [ "R", 27 ], [ "R", 12 ], [ "R", 12 ], [ "R", 12 ], [ "R", 12 ], [ "R", 12 ], [ "R", 27 ], [ "R", 27 ], [ "R", 27 ], [ "R", 32 ], [ "W", 4 ], [ "R", 12 ], [ "R", 12 ], [ "R", 27 ], [ "R", 27 ], [ "R", 27 ], [ "R", 32 ], [ "W", 4 ], [ "R", 12 ], [ "R", 12 ], [ "R", 27 ], [ "R", 27 ], [ "R", 27 ], [ "R", 32 ], [ "W", 4 ] ]
    } ]
  },
  "SocialIdentityActorController.edit" : {
    "t" : [ {
      "id" : 0,
      "a" : [ [ "R", 25 ], [ "R", 12 ], [ "R", 12 ], [ "R", 1 ], [ "R", 1 ], [ "R", 1 ], [ "R", 32 ], [ "R", 25 ], [ "R", 1 ], [ "R", 12 ], [ "R", 12 ], [ "R", 12 ] ]
    } ]
  },
  "BillAdministratorController.generateEmails" : {
    "t" : [ {
      "id" : 0,
      "a" : [ [ "R", 12 ], [ "R", 12 ], [ "R", 32 ], [ "R", 2 ], [ "R", 2 ], [ "R", 2 ], [ "R", 32 ], [ "R", 12 ], [ "R", 14 ], [ "R", 14 ], [ "R", 14 ], [ "R", 14 ], [ "R", 1 ], [ "R", 14 ], [ "R", 4 ], [ "R", 4 ], [ "R", 4 ], [ "R", 4 ], [ "R", 4 ], [ "R", 4 ], [ "R", 27 ], [ "R", 12 ], [ "R", 12 ], [ "R", 1 ], [ "R", 1 ], [ "R", 1 ], [ "R", 32 ], [ "W", 18 ], [ "R", 1 ], [ "R", 32 ], [ "W", 18 ], [ "W", 32 ], [ "R", 1 ], [ "R", 32 ], [ "W", 18 ], [ "W", 32 ], [ "W", 18 ], [ "R", 1 ], [ "R", 32 ], [ "W", 18 ], [ "W", 32 ], [ "W", 18 ], [ "W", 14 ], [ "W", 18 ], [ "W", 18 ], [ "R", 4 ], [ "W", 18 ], [ "W", 18 ], [ "R", 18 ], [ "R", 32 ], [ "R", 12 ], [ "R", 1 ], [ "R", 1 ], [ "R", 1 ], [ "R", 32 ], [ "W", 18 ], [ "R", 29 ], [ "R", 29 ], [ "R", 29 ], [ "R", 18 ], [ "R", 18 ], [ "R", 12 ], [ "R", 14 ], [ "R", 14 ], [ "R", 14 ], [ "R", 14 ], [ "R", 1 ], [ "R", 14 ], [ "W", 18 ], [ "W", 14 ], [ "R", 12 ], [ "R", 14 ], [ "R", 14 ], [ "R", 14 ], [ "R", 14 ], [ "R", 1 ], [ "R", 14 ], [ "W", 18 ], [ "W", 14 ], [ "W", 18 ] ]
    } ]
  },
  "PresentationMaterialCookController.edit" : {
    "t" : [ {
      "id" : 0,
      "a" : [ [ "R", 20 ], [ "R", 12 ], [ "R", 12 ], [ "R", 9 ], [ "R", 9 ], [ "R", 9 ], [ "R", 32 ], [ "R", 16 ], [ "R", 17 ], [ "R", 12 ] ]
    } ]
  },
  "MasterClassCookController.listOwn" : {
    "t" : [ {
      "id" : 0,
      "a" : [ [ "R", 12 ], [ "R", 12 ], [ "R", 1 ], [ "R", 1 ], [ "R", 1 ], [ "R", 32 ], [ "R", 12 ], [ "R", 12 ], [ "R", 9 ], [ "R", 9 ], [ "R", 9 ], [ "R", 32 ], [ "R", 12 ], [ "R", 17 ], [ "R", 17 ], [ "R", 17 ], [ "R", 9 ], [ "R", 17 ] ]
    } ]
  }
}