{
  "AbstractCreateController.createGet" : {
    "t" : [ {
      "id" : 0,
      "a" : [ [ "R", 15 ], [ "R", 1 ], [ "R", 15 ], [ "R", 15 ], [ "R", 1 ], [ "R", 1 ], [ "R", 1 ], [ "R", 15 ], [ "R", 1 ], [ "R", 15 ], [ "R", 15 ], [ "R", 15 ], [ "R", 1 ], [ "R", 1 ], [ "R", 1 ], [ "R", 15 ], [ "R", 1 ], [ "R", 1 ], [ "R", 15 ], [ "R", 15 ], [ "R", 1 ], [ "R", 1 ], [ "R", 1 ], [ "R", 15 ], [ "R", 1 ], [ "R", 15 ], [ "R", 15 ], [ "R", 15 ], [ "R", 1 ], [ "R", 1 ], [ "R", 1 ], [ "R", 15 ], [ "R", 1 ], [ "R", 15 ], [ "R", 15 ], [ "R", 14 ], [ "R", 15 ], [ "R", 15 ], [ "R", 14 ], [ "R", 1 ], [ "R", 15 ], [ "R", 15 ], [ "R", 1 ], [ "R", 1 ], [ "R", 1 ], [ "R", 15 ], [ "R", 1 ], [ "R", 15 ], [ "R", 15 ], [ "R", 15 ], [ "R", 1 ], [ "R", 1 ], [ "R", 1 ], [ "R", 15 ], [ "R", 1 ], [ "R", 15 ], [ "R", 15 ], [ "R", 14 ] ]
    } ]
  },
  "AbstractCreateController.createPost" : {
    "t" : [ {
      "id" : 0,
      "a" : [ [ "R", 15 ], [ "R", 1 ], [ "R", 15 ], [ "R", 15 ], [ "R", 1 ], [ "R", 1 ], [ "R", 1 ], [ "R", 15 ], [ "R", 1 ], [ "R", 15 ], [ "R", 15 ], [ "R", 15 ], [ "R", 1 ], [ "R", 1 ], [ "R", 1 ], [ "R", 15 ], [ "R", 1 ], [ "R", 1 ], [ "R", 15 ], [ "R", 15 ], [ "R", 1 ], [ "R", 1 ], [ "R", 1 ], [ "R", 15 ], [ "R", 1 ], [ "R", 15 ], [ "R", 15 ], [ "R", 15 ], [ "R", 1 ], [ "R", 1 ], [ "R", 1 ], [ "R", 15 ], [ "R", 1 ], [ "R", 15 ], [ "R", 15 ], [ "R", 14 ], [ "R", 15 ], [ "R", 15 ], [ "R", 14 ], [ "R", 1 ], [ "R", 15 ], [ "R", 15 ], [ "R", 1 ], [ "R", 1 ], [ "R", 1 ], [ "R", 15 ], [ "R", 1 ], [ "R", 15 ], [ "R", 15 ], [ "R", 15 ], [ "R", 1 ], [ "R", 1 ], [ "R", 1 ], [ "R", 15 ], [ "R", 1 ], [ "R", 15 ], [ "R", 15 ], [ "R", 14 ], [ "R", 1 ], [ "R", 15 ], [ "R", 15 ], [ "R", 1 ], [ "R", 1 ], [ "R", 1 ], [ "R", 15 ], [ "R", 1 ], [ "R", 15 ], [ "R", 15 ], [ "R", 15 ], [ "R", 1 ], [ "R", 1 ], [ "R", 1 ], [ "R", 15 ], [ "R", 1 ], [ "R", 1 ], [ "R", 15 ], [ "R", 15 ], [ "R", 1 ], [ "R", 1 ], [ "R", 1 ], [ "R", 15 ], [ "R", 1 ], [ "R", 15 ], [ "R", 15 ], [ "R", 15 ], [ "R", 1 ], [ "R", 1 ], [ "R", 1 ], [ "R", 15 ], [ "R", 1 ], [ "R", 15 ], [ "R", 15 ], [ "R", 14 ], [ "R", 15 ], [ "R", 15 ], [ "R", 14 ], [ "R", 1 ], [ "R", 15 ], [ "R", 15 ], [ "R", 1 ], [ "R", 1 ], [ "R", 1 ], [ "R", 15 ], [ "R", 1 ], [ "R", 15 ], [ "R", 15 ], [ "R", 15 ], [ "R", 1 ], [ "R", 1 ], [ "R", 1 ], [ "R", 15 ], [ "R", 1 ], [ "R", 15 ], [ "R", 15 ], [ "R", 14 ], [ "R", 1 ], [ "R", 15 ], [ "R", 15 ], [ "R", 1 ], [ "R", 1 ], [ "R", 1 ], [ "R", 15 ], [ "R", 1 ], [ "R", 15 ], [ "R", 15 ], [ "R", 15 ], [ "R", 1 ], [ "R", 1 ], [ "R", 1 ], [ "R", 15 ], [ "R", 1 ], [ "R", 1 ], [ "R", 15 ], [ "R", 15 ], [ "R", 1 ], [ "R", 1 ], [ "R", 1 ], [ "R", 15 ], [ "R", 1 ], [ "R", 15 ], [ "R", 15 ], [ "R", 15 ], [ "R", 1 ], [ "R", 1 ], [ "R", 1 ], [ "R", 15 ], [ "R", 1 ], [ "R", 15 ], [ "R", 15 ], [ "R", 14 ], [ "R", 15 ], [ "R", 15 ], [ "R", 14 ], [ "R", 1 ], [ "R", 15 ], [ "R", 15 ], [ "R", 1 ], [ "R", 1 ], [ "R", 1 ], [ "R", 15 ], [ "R", 1 ], [ "R", 15 ], [ "R", 15 ], [ "R", 15 ], [ "R", 1 ], [ "R", 1 ], [ "R", 1 ], [ "R", 15 ], [ "R", 1 ], [ "R", 15 ], [ "R", 15 ], [ "R", 14 ] ]
    } ]
  },
  "AbstractDeleteController.deleteGet" : {
    "t" : [ {
      "id" : 0,
      "a" : [ [ "R", 15 ], [ "R", 1 ], [ "R", 15 ], [ "R", 15 ], [ "R", 1 ], [ "R", 1 ], [ "R", 1 ], [ "R", 15 ], [ "R", 1 ], [ "R", 15 ], [ "R", 15 ], [ "R", 15 ], [ "R", 1 ], [ "R", 1 ], [ "R", 1 ], [ "R", 15 ], [ "R", 1 ], [ "R", 1 ], [ "R", 15 ], [ "R", 15 ], [ "R", 1 ], [ "R", 1 ], [ "R", 1 ], [ "R", 15 ], [ "R", 1 ], [ "R", 15 ], [ "R", 15 ], [ "R", 15 ], [ "R", 1 ], [ "R", 1 ], [ "R", 1 ], [ "R", 15 ], [ "R", 1 ], [ "R", 15 ], [ "R", 15 ], [ "R", 14 ], [ "R", 15 ], [ "R", 15 ], [ "R", 14 ], [ "R", 1 ], [ "R", 15 ], [ "R", 15 ], [ "R", 1 ], [ "R", 1 ], [ "R", 1 ], [ "R", 15 ], [ "R", 1 ], [ "R", 15 ], [ "R", 15 ], [ "R", 15 ], [ "R", 1 ], [ "R", 1 ], [ "R", 1 ], [ "R", 15 ], [ "R", 1 ], [ "R", 15 ], [ "R", 15 ], [ "R", 14 ] ]
    } ]
  },
  "AbstractPostController.post" : {
    "t" : [ {
      "id" : 0,
      "a" : [ [ "R", 15 ], [ "R", 1 ], [ "R", 15 ], [ "R", 15 ], [ "R", 1 ], [ "R", 1 ], [ "R", 1 ], [ "R", 15 ], [ "R", 1 ], [ "R", 15 ], [ "R", 15 ], [ "R", 15 ], [ "R", 1 ], [ "R", 1 ], [ "R", 1 ], [ "R", 15 ], [ "R", 1 ], [ "R", 1 ], [ "R", 15 ], [ "R", 15 ], [ "R", 1 ], [ "R", 1 ], [ "R", 1 ], [ "R", 15 ], [ "R", 1 ], [ "R", 15 ], [ "R", 15 ], [ "R", 15 ], [ "R", 1 ], [ "R", 1 ], [ "R", 1 ], [ "R", 15 ], [ "R", 1 ], [ "R", 15 ], [ "R", 15 ], [ "R", 14 ], [ "R", 15 ], [ "R", 15 ], [ "R", 14 ], [ "R", 1 ], [ "R", 15 ], [ "R", 15 ], [ "R", 1 ], [ "R", 1 ], [ "R", 1 ], [ "R", 15 ], [ "R", 1 ], [ "R", 15 ], [ "R", 15 ], [ "R", 15 ], [ "R", 1 ], [ "R", 1 ], [ "R", 1 ], [ "R", 15 ], [ "R", 1 ], [ "R", 15 ], [ "R", 15 ], [ "R", 14 ], [ "R", 1 ], [ "R", 15 ], [ "R", 15 ], [ "R", 1 ], [ "R", 1 ], [ "R", 1 ], [ "R", 15 ], [ "R", 1 ], [ "R", 15 ], [ "R", 15 ], [ "R", 15 ], [ "R", 1 ], [ "R", 1 ], [ "R", 1 ], [ "R", 15 ], [ "R", 1 ], [ "R", 1 ], [ "R", 15 ], [ "R", 15 ], [ "R", 1 ], [ "R", 1 ], [ "R", 1 ], [ "R", 15 ], [ "R", 1 ], [ "R", 15 ], [ "R", 15 ], [ "R", 15 ], [ "R", 1 ], [ "R", 1 ], [ "R", 1 ], [ "R", 15 ], [ "R", 1 ], [ "R", 15 ], [ "R", 15 ], [ "R", 14 ], [ "R", 15 ], [ "R", 15 ], [ "R", 14 ], [ "R", 1 ], [ "R", 15 ], [ "R", 15 ], [ "R", 1 ], [ "R", 1 ], [ "R", 1 ], [ "R", 15 ], [ "R", 1 ], [ "R", 15 ], [ "R", 15 ], [ "R", 15 ], [ "R", 1 ], [ "R", 1 ], [ "R", 1 ], [ "R", 15 ], [ "R", 1 ], [ "R", 15 ], [ "R", 15 ], [ "R", 14 ], [ "R", 1 ], [ "R", 15 ], [ "R", 15 ], [ "R", 1 ], [ "R", 1 ], [ "R", 1 ], [ "R", 15 ], [ "R", 1 ], [ "R", 15 ], [ "R", 15 ], [ "R", 15 ], [ "R", 1 ], [ "R", 1 ], [ "R", 1 ], [ "R", 15 ], [ "R", 1 ], [ "R", 1 ], [ "R", 15 ], [ "R", 15 ], [ "R", 1 ], [ "R", 1 ], [ "R", 1 ], [ "R", 15 ], [ "R", 1 ], [ "R", 15 ], [ "R", 15 ], [ "R", 15 ], [ "R", 1 ], [ "R", 1 ], [ "R", 1 ], [ "R", 15 ], [ "R", 1 ], [ "R", 15 ], [ "R", 15 ], [ "R", 14 ], [ "R", 15 ], [ "R", 15 ], [ "R", 14 ], [ "R", 1 ], [ "R", 15 ], [ "R", 15 ], [ "R", 1 ], [ "R", 1 ], [ "R", 1 ], [ "R", 15 ], [ "R", 1 ], [ "R", 15 ], [ "R", 15 ], [ "R", 15 ], [ "R", 1 ], [ "R", 1 ], [ "R", 1 ], [ "R", 15 ], [ "R", 1 ], [ "R", 15 ], [ "R", 15 ], [ "R", 14 ] ]
    } ]
  },
  "ProviderSignInController.oauth2Callback" : {
    "t" : [ {
      "id" : 0,
      "a" : [ [ "R", 15 ], [ "R", 15 ], [ "R", 5 ], [ "R", 5 ], [ "R", 5 ], [ "R", 15 ], [ "R", 5 ], [ "R", 15 ], [ "R", 15 ], [ "R", 12 ], [ "W", 5 ], [ "W", 5 ], [ "R", 14 ], [ "W", 13 ], [ "W", 13 ], [ "W", 13 ], [ "W", 13 ], [ "R", 5 ], [ "R", 15 ], [ "W", 15 ], [ "W", 15 ], [ "R", 15 ], [ "R", 15 ], [ "W", 15 ], [ "W", 15 ], [ "W", 12 ], [ "W", 12 ], [ "R", 5 ], [ "R", 15 ], [ "R", 15 ], [ "R", 12 ], [ "R", 15 ], [ "R", 15 ], [ "W", 15 ], [ "W", 15 ], [ "W", 12 ], [ "W", 12 ], [ "W", 13 ], [ "W", 13 ], [ "W", 13 ], [ "W", 13 ], [ "R", 12 ], [ "R", 10 ], [ "W", 5 ], [ "W", 5 ], [ "W", 1 ], [ "W", 15 ], [ "W", 15 ], [ "W", 15 ], [ "W", 12 ], [ "R", 15 ], [ "R", 15 ], [ "W", 15 ], [ "W", 15 ], [ "W", 5 ], [ "W", 15 ], [ "W", 14 ], [ "W", 14 ], [ "W", 14 ], [ "W", 14 ], [ "W", 5 ], [ "W", 5 ], [ "W", 1 ], [ "W", 15 ], [ "W", 15 ], [ "W", 15 ], [ "W", 12 ], [ "R", 15 ], [ "R", 15 ], [ "W", 15 ], [ "W", 15 ], [ "W", 5 ], [ "W", 15 ], [ "W", 8 ], [ "W", 8 ], [ "W", 8 ], [ "W", 8 ], [ "W", 8 ], [ "W", 8 ], [ "R", 8 ], [ "R", 8 ], [ "R", 15 ], [ "R", 15 ], [ "W", 4 ], [ "W", 4 ], [ "W", 4 ], [ "W", 4 ], [ "W", 4 ], [ "W", 4 ], [ "W", 4 ], [ "W", 4 ], [ "W", 14 ], [ "W", 4 ], [ "W", 8 ], [ "W", 4 ], [ "W", 8 ], [ "W", 7 ], [ "W", 7 ], [ "W", 7 ], [ "W", 1 ], [ "W", 7 ], [ "W", 7 ], [ "W", 7 ], [ "W", 1 ], [ "W", 7 ], [ "W", 7 ], [ "W", 7 ], [ "W", 1 ], [ "W", 7 ], [ "W", 7 ], [ "W", 7 ], [ "W", 1 ], [ "W", 13 ], [ "W", 14 ], [ "R", 5 ], [ "R", 15 ], [ "W", 15 ], [ "W", 12 ], [ "W", 15 ], [ "W", 5 ], [ "R", 15 ], [ "R", 15 ], [ "W", 15 ], [ "W", 15 ], [ "R", 5 ], [ "R", 15 ], [ "R", 15 ], [ "R", 15 ], [ "R", 15 ], [ "R", 15 ], [ "R", 15 ], [ "R", 15 ], [ "R", 15 ], [ "R", 15 ], [ "R", 5 ], [ "R", 15 ], [ "R", 5 ], [ "W", 5 ], [ "W", 5 ], [ "R", 14 ], [ "W", 13 ], [ "W", 13 ], [ "W", 13 ], [ "W", 13 ], [ "R", 5 ], [ "R", 15 ], [ "W", 15 ], [ "W", 15 ], [ "R", 15 ], [ "R", 15 ], [ "W", 15 ], [ "W", 15 ], [ "R", 14 ], [ "R", 5 ], [ "R", 15 ], [ "R", 15 ], [ "R", 15 ], [ "R", 15 ], [ "R", 15 ], [ "R", 15 ], [ "R", 15 ], [ "R", 15 ], [ "R", 15 ], [ "R", 5 ], [ "R", 15 ], [ "R", 5 ] ]
    } ]
  },
  "AbstractUpdateController.updatePost" : {
    "t" : [ {
      "id" : 0,
      "a" : [ [ "R", 15 ], [ "R", 1 ], [ "R", 15 ], [ "R", 15 ], [ "R", 1 ], [ "R", 1 ], [ "R", 1 ], [ "R", 15 ], [ "R", 1 ], [ "R", 15 ], [ "R", 15 ], [ "R", 15 ], [ "R", 1 ], [ "R", 1 ], [ "R", 1 ], [ "R", 15 ], [ "R", 1 ], [ "R", 1 ], [ "R", 15 ], [ "R", 15 ], [ "R", 1 ], [ "R", 1 ], [ "R", 1 ], [ "R", 15 ], [ "R", 1 ], [ "R", 15 ], [ "R", 15 ], [ "R", 15 ], [ "R", 1 ], [ "R", 1 ], [ "R", 1 ], [ "R", 15 ], [ "R", 1 ], [ "R", 15 ], [ "R", 15 ], [ "R", 14 ], [ "R", 15 ], [ "R", 15 ], [ "R", 14 ], [ "R", 1 ], [ "R", 15 ], [ "R", 15 ], [ "R", 1 ], [ "R", 1 ], [ "R", 1 ], [ "R", 15 ], [ "R", 1 ], [ "R", 15 ], [ "R", 15 ], [ "R", 15 ], [ "R", 1 ], [ "R", 1 ], [ "R", 1 ], [ "R", 15 ], [ "R", 1 ], [ "R", 15 ], [ "R", 15 ], [ "R", 14 ], [ "R", 1 ], [ "R", 15 ], [ "R", 15 ], [ "R", 1 ], [ "R", 1 ], [ "R", 1 ], [ "R", 15 ], [ "R", 1 ], [ "R", 15 ], [ "R", 15 ], [ "R", 15 ], [ "R", 1 ], [ "R", 1 ], [ "R", 1 ], [ "R", 15 ], [ "R", 1 ], [ "R", 1 ], [ "R", 15 ], [ "R", 15 ], [ "R", 1 ], [ "R", 1 ], [ "R", 1 ], [ "R", 15 ], [ "R", 1 ], [ "R", 15 ], [ "R", 15 ], [ "R", 15 ], [ "R", 1 ], [ "R", 1 ], [ "R", 1 ], [ "R", 15 ], [ "R", 1 ], [ "R", 15 ], [ "R", 15 ], [ "R", 14 ], [ "R", 15 ], [ "R", 15 ], [ "R", 14 ], [ "R", 1 ], [ "R", 15 ], [ "R", 15 ], [ "R", 1 ], [ "R", 1 ], [ "R", 1 ], [ "R", 15 ], [ "R", 1 ], [ "R", 15 ], [ "R", 15 ], [ "R", 15 ], [ "R", 1 ], [ "R", 1 ], [ "R", 1 ], [ "R", 15 ], [ "R", 1 ], [ "R", 15 ], [ "R", 15 ], [ "R", 14 ], [ "R", 1 ], [ "R", 15 ], [ "R", 15 ], [ "R", 1 ], [ "R", 1 ], [ "R", 1 ], [ "R", 15 ], [ "R", 1 ], [ "R", 15 ], [ "R", 15 ], [ "R", 15 ], [ "R", 1 ], [ "R", 1 ], [ "R", 1 ], [ "R", 15 ], [ "R", 1 ], [ "R", 1 ], [ "R", 15 ], [ "R", 15 ], [ "R", 1 ], [ "R", 1 ], [ "R", 1 ], [ "R", 15 ], [ "R", 1 ], [ "R", 15 ], [ "R", 15 ], [ "R", 15 ], [ "R", 1 ], [ "R", 1 ], [ "R", 1 ], [ "R", 15 ], [ "R", 1 ], [ "R", 15 ], [ "R", 15 ], [ "R", 14 ], [ "R", 15 ], [ "R", 15 ], [ "R", 14 ], [ "R", 1 ], [ "R", 15 ], [ "R", 15 ], [ "R", 1 ], [ "R", 1 ], [ "R", 1 ], [ "R", 15 ], [ "R", 1 ], [ "R", 15 ], [ "R", 15 ], [ "R", 15 ], [ "R", 1 ], [ "R", 1 ], [ "R", 1 ], [ "R", 15 ], [ "R", 1 ], [ "R", 15 ], [ "R", 15 ], [ "R", 14 ] ]
    } ]
  },
  "AbstractUpdateController.updateGet" : {
    "t" : [ {
      "id" : 0,
      "a" : [ [ "R", 15 ], [ "R", 1 ], [ "R", 15 ], [ "R", 15 ], [ "R", 1 ], [ "R", 1 ], [ "R", 1 ], [ "R", 15 ], [ "R", 1 ], [ "R", 15 ], [ "R", 15 ], [ "R", 15 ], [ "R", 1 ], [ "R", 1 ], [ "R", 1 ], [ "R", 15 ], [ "R", 1 ], [ "R", 1 ], [ "R", 15 ], [ "R", 15 ], [ "R", 1 ], [ "R", 1 ], [ "R", 1 ], [ "R", 15 ], [ "R", 1 ], [ "R", 15 ], [ "R", 15 ], [ "R", 15 ], [ "R", 1 ], [ "R", 1 ], [ "R", 1 ], [ "R", 15 ], [ "R", 1 ], [ "R", 15 ], [ "R", 15 ], [ "R", 14 ], [ "R", 15 ], [ "R", 15 ], [ "R", 14 ], [ "R", 1 ], [ "R", 15 ], [ "R", 15 ], [ "R", 1 ], [ "R", 1 ], [ "R", 1 ], [ "R", 15 ], [ "R", 1 ], [ "R", 15 ], [ "R", 15 ], [ "R", 15 ], [ "R", 1 ], [ "R", 1 ], [ "R", 1 ], [ "R", 15 ], [ "R", 1 ], [ "R", 15 ], [ "R", 15 ], [ "R", 14 ] ]
    } ]
  },
  "AbstractDeleteController.deletePost" : {
    "t" : [ {
      "id" : 0,
      "a" : [ [ "R", 15 ], [ "R", 1 ], [ "R", 15 ], [ "R", 15 ], [ "R", 1 ], [ "R", 1 ], [ "R", 1 ], [ "R", 15 ], [ "R", 1 ], [ "R", 15 ], [ "R", 15 ], [ "R", 15 ], [ "R", 1 ], [ "R", 1 ], [ "R", 1 ], [ "R", 15 ], [ "R", 1 ], [ "R", 1 ], [ "R", 15 ], [ "R", 15 ], [ "R", 1 ], [ "R", 1 ], [ "R", 1 ], [ "R", 15 ], [ "R", 1 ], [ "R", 15 ], [ "R", 15 ], [ "R", 15 ], [ "R", 1 ], [ "R", 1 ], [ "R", 1 ], [ "R", 15 ], [ "R", 1 ], [ "R", 15 ], [ "R", 15 ], [ "R", 14 ], [ "R", 15 ], [ "R", 15 ], [ "R", 14 ], [ "R", 1 ], [ "R", 15 ], [ "R", 15 ], [ "R", 1 ], [ "R", 1 ], [ "R", 1 ], [ "R", 15 ], [ "R", 1 ], [ "R", 15 ], [ "R", 15 ], [ "R", 15 ], [ "R", 1 ], [ "R", 1 ], [ "R", 1 ], [ "R", 15 ], [ "R", 1 ], [ "R", 15 ], [ "R", 15 ], [ "R", 14 ], [ "R", 1 ], [ "R", 15 ], [ "R", 15 ], [ "R", 1 ], [ "R", 1 ], [ "R", 1 ], [ "R", 15 ], [ "R", 1 ], [ "R", 15 ], [ "R", 15 ], [ "R", 15 ], [ "R", 1 ], [ "R", 1 ], [ "R", 1 ], [ "R", 15 ], [ "R", 1 ], [ "R", 1 ], [ "R", 15 ], [ "R", 15 ], [ "R", 1 ], [ "R", 1 ], [ "R", 1 ], [ "R", 15 ], [ "R", 1 ], [ "R", 15 ], [ "R", 15 ], [ "R", 15 ], [ "R", 1 ], [ "R", 1 ], [ "R", 1 ], [ "R", 15 ], [ "R", 1 ], [ "R", 15 ], [ "R", 15 ], [ "R", 14 ], [ "R", 15 ], [ "R", 15 ], [ "R", 14 ], [ "R", 1 ], [ "R", 15 ], [ "R", 15 ], [ "R", 1 ], [ "R", 1 ], [ "R", 1 ], [ "R", 15 ], [ "R", 1 ], [ "R", 15 ], [ "R", 15 ], [ "R", 15 ], [ "R", 1 ], [ "R", 1 ], [ "R", 1 ], [ "R", 15 ], [ "R", 1 ], [ "R", 15 ], [ "R", 15 ], [ "R", 14 ], [ "R", 1 ], [ "R", 15 ], [ "R", 15 ], [ "R", 1 ], [ "R", 1 ], [ "R", 1 ], [ "R", 15 ], [ "R", 1 ], [ "R", 15 ], [ "R", 15 ], [ "R", 15 ], [ "R", 1 ], [ "R", 1 ], [ "R", 1 ], [ "R", 15 ], [ "R", 1 ], [ "R", 1 ], [ "R", 15 ], [ "R", 15 ], [ "R", 1 ], [ "R", 1 ], [ "R", 1 ], [ "R", 15 ], [ "R", 1 ], [ "R", 15 ], [ "R", 15 ], [ "R", 15 ], [ "R", 1 ], [ "R", 1 ], [ "R", 1 ], [ "R", 15 ], [ "R", 1 ], [ "R", 15 ], [ "R", 15 ], [ "R", 14 ], [ "R", 15 ], [ "R", 15 ], [ "R", 14 ], [ "R", 1 ], [ "R", 15 ], [ "R", 15 ], [ "R", 1 ], [ "R", 1 ], [ "R", 1 ], [ "R", 15 ], [ "R", 1 ], [ "R", 15 ], [ "R", 15 ], [ "R", 15 ], [ "R", 1 ], [ "R", 1 ], [ "R", 1 ], [ "R", 15 ], [ "R", 1 ], [ "R", 15 ], [ "R", 15 ], [ "R", 14 ] ]
    } ]
  },
  "AbstractListController.list" : {
    "t" : [ {
      "id" : 0,
      "a" : [ [ "R", 1 ], [ "R", 15 ], [ "R", 15 ], [ "R", 1 ], [ "R", 1 ], [ "R", 1 ], [ "R", 15 ], [ "R", 1 ], [ "R", 15 ], [ "R", 15 ], [ "R", 15 ], [ "R", 1 ], [ "R", 1 ], [ "R", 1 ], [ "R", 15 ], [ "R", 1 ], [ "R", 1 ], [ "R", 15 ], [ "R", 15 ], [ "R", 1 ], [ "R", 1 ], [ "R", 1 ], [ "R", 15 ], [ "R", 1 ], [ "R", 15 ], [ "R", 15 ], [ "R", 15 ], [ "R", 1 ], [ "R", 1 ], [ "R", 1 ], [ "R", 15 ], [ "R", 1 ], [ "R", 15 ], [ "R", 15 ], [ "R", 14 ], [ "R", 15 ], [ "R", 15 ], [ "R", 14 ], [ "R", 1 ], [ "R", 15 ], [ "R", 15 ], [ "R", 1 ], [ "R", 1 ], [ "R", 1 ], [ "R", 15 ], [ "R", 1 ], [ "R", 15 ], [ "R", 15 ], [ "R", 15 ], [ "R", 1 ], [ "R", 1 ], [ "R", 1 ], [ "R", 15 ], [ "R", 1 ], [ "R", 15 ], [ "R", 15 ], [ "R", 14 ] ]
    } ]
  },
  "ProviderSignInController.oauth1Callback" : {
    "t" : [ {
      "id" : 0,
      "a" : [ [ "R", 15 ], [ "R", 15 ], [ "R", 5 ], [ "R", 5 ], [ "R", 5 ], [ "R", 15 ], [ "R", 5 ], [ "R", 15 ], [ "R", 15 ], [ "R", 12 ], [ "W", 5 ], [ "W", 5 ], [ "R", 14 ], [ "W", 13 ], [ "W", 13 ], [ "W", 13 ], [ "W", 13 ], [ "R", 5 ], [ "R", 15 ], [ "W", 15 ], [ "W", 15 ], [ "R", 15 ], [ "R", 15 ], [ "W", 15 ], [ "W", 15 ], [ "W", 12 ], [ "W", 12 ], [ "R", 5 ], [ "R", 15 ], [ "R", 15 ], [ "R", 12 ], [ "R", 15 ], [ "R", 15 ], [ "W", 15 ], [ "W", 15 ], [ "W", 12 ], [ "W", 12 ], [ "W", 13 ], [ "W", 13 ], [ "W", 13 ], [ "W", 13 ], [ "R", 12 ], [ "R", 10 ], [ "W", 5 ], [ "W", 5 ], [ "W", 1 ], [ "W", 15 ], [ "W", 15 ], [ "W", 15 ], [ "W", 12 ], [ "R", 15 ], [ "R", 15 ], [ "W", 15 ], [ "W", 15 ], [ "W", 5 ], [ "W", 15 ], [ "W", 14 ], [ "W", 14 ], [ "W", 14 ], [ "W", 14 ], [ "W", 5 ], [ "W", 5 ], [ "W", 1 ], [ "W", 15 ], [ "W", 15 ], [ "W", 15 ], [ "W", 12 ], [ "R", 15 ], [ "R", 15 ], [ "W", 15 ], [ "W", 15 ], [ "W", 5 ], [ "W", 15 ], [ "W", 8 ], [ "W", 8 ], [ "W", 8 ], [ "W", 8 ], [ "W", 8 ], [ "W", 8 ], [ "R", 8 ], [ "R", 8 ], [ "R", 15 ], [ "R", 15 ], [ "W", 4 ], [ "W", 4 ], [ "W", 4 ], [ "W", 4 ], [ "W", 4 ], [ "W", 4 ], [ "W", 4 ], [ "W", 4 ], [ "W", 14 ], [ "W", 4 ], [ "W", 8 ], [ "W", 4 ], [ "W", 8 ], [ "W", 7 ], [ "W", 7 ], [ "W", 7 ], [ "W", 1 ], [ "W", 7 ], [ "W", 7 ], [ "W", 7 ], [ "W", 1 ], [ "W", 7 ], [ "W", 7 ], [ "W", 7 ], [ "W", 1 ], [ "W", 7 ], [ "W", 7 ], [ "W", 7 ], [ "W", 1 ], [ "W", 13 ], [ "W", 14 ], [ "R", 5 ], [ "R", 15 ], [ "W", 15 ], [ "W", 12 ], [ "W", 15 ], [ "W", 5 ], [ "R", 15 ], [ "R", 15 ], [ "W", 15 ], [ "W", 15 ], [ "R", 5 ], [ "R", 15 ], [ "R", 15 ], [ "R", 15 ], [ "R", 15 ], [ "R", 15 ], [ "R", 15 ], [ "R", 15 ], [ "R", 15 ], [ "R", 15 ], [ "R", 5 ], [ "R", 15 ], [ "R", 5 ], [ "W", 5 ], [ "W", 5 ], [ "R", 14 ], [ "W", 13 ], [ "W", 13 ], [ "W", 13 ], [ "W", 13 ], [ "R", 5 ], [ "R", 15 ], [ "W", 15 ], [ "W", 15 ], [ "R", 15 ], [ "R", 15 ], [ "W", 15 ], [ "W", 15 ], [ "R", 14 ], [ "R", 5 ], [ "R", 15 ], [ "R", 15 ], [ "R", 15 ], [ "R", 15 ], [ "R", 15 ], [ "R", 15 ], [ "R", 15 ], [ "R", 15 ], [ "R", 15 ], [ "R", 5 ], [ "R", 15 ], [ "R", 5 ] ]
    } ]
  },
  "AbstractPostController.get" : {
    "t" : [ {
      "id" : 0,
      "a" : [ [ "R", 15 ], [ "R", 1 ], [ "R", 15 ], [ "R", 15 ], [ "R", 1 ], [ "R", 1 ], [ "R", 1 ], [ "R", 15 ], [ "R", 1 ], [ "R", 15 ], [ "R", 15 ], [ "R", 15 ], [ "R", 1 ], [ "R", 1 ], [ "R", 1 ], [ "R", 15 ], [ "R", 1 ], [ "R", 1 ], [ "R", 15 ], [ "R", 15 ], [ "R", 1 ], [ "R", 1 ], [ "R", 1 ], [ "R", 15 ], [ "R", 1 ], [ "R", 15 ], [ "R", 15 ], [ "R", 15 ], [ "R", 1 ], [ "R", 1 ], [ "R", 1 ], [ "R", 15 ], [ "R", 1 ], [ "R", 15 ], [ "R", 15 ], [ "R", 14 ], [ "R", 15 ], [ "R", 15 ], [ "R", 14 ], [ "R", 1 ], [ "R", 15 ], [ "R", 15 ], [ "R", 1 ], [ "R", 1 ], [ "R", 1 ], [ "R", 15 ], [ "R", 1 ], [ "R", 15 ], [ "R", 15 ], [ "R", 15 ], [ "R", 1 ], [ "R", 1 ], [ "R", 1 ], [ "R", 15 ], [ "R", 1 ], [ "R", 15 ], [ "R", 15 ], [ "R", 14 ] ]
    } ]
  },
  "AbstractGetListDataController.data" : {
    "t" : [ {
      "id" : 0,
      "a" : [ [ "R", 15 ], [ "R", 15 ], [ "R", 5 ], [ "R", 15 ], [ "R", 5 ], [ "R", 4 ], [ "R", 6 ] ]
    } ]
  },
  "AbstractShowController.show" : {
    "t" : [ {
      "id" : 0,
      "a" : [ [ "R", 15 ], [ "R", 1 ], [ "R", 15 ], [ "R", 15 ], [ "R", 1 ], [ "R", 1 ], [ "R", 1 ], [ "R", 15 ], [ "R", 1 ], [ "R", 15 ], [ "R", 15 ], [ "R", 15 ], [ "R", 1 ], [ "R", 1 ], [ "R", 1 ], [ "R", 15 ], [ "R", 1 ], [ "R", 1 ], [ "R", 15 ], [ "R", 15 ], [ "R", 1 ], [ "R", 1 ], [ "R", 1 ], [ "R", 15 ], [ "R", 1 ], [ "R", 15 ], [ "R", 15 ], [ "R", 15 ], [ "R", 1 ], [ "R", 1 ], [ "R", 1 ], [ "R", 15 ], [ "R", 1 ], [ "R", 15 ], [ "R", 15 ], [ "R", 14 ], [ "R", 15 ], [ "R", 15 ], [ "R", 14 ], [ "R", 1 ], [ "R", 15 ], [ "R", 15 ], [ "R", 1 ], [ "R", 1 ], [ "R", 1 ], [ "R", 15 ], [ "R", 1 ], [ "R", 15 ], [ "R", 15 ], [ "R", 15 ], [ "R", 1 ], [ "R", 1 ], [ "R", 1 ], [ "R", 15 ], [ "R", 1 ], [ "R", 15 ], [ "R", 15 ], [ "R", 14 ] ]
    } ]
  }
}