{
  "CriticaCriticoController.delete" : {
    "t" : [ {
      "id" : 0,
      "a" : [ [ "R", 13 ], [ "R", 13 ], [ "R", 10 ], [ "R", 10 ], [ "R", 25 ], [ "W", 10 ], [ "W", 25 ], [ "R", 10 ], [ "R", 11 ], [ "W", 10 ], [ "W", 11 ], [ "W", 10 ], [ "R", 13 ], [ "R", 13 ], [ "R", 10 ], [ "R", 10 ], [ "R", 13 ], [ "R", 13 ], [ "R", 11 ], [ "R", 11 ], [ "R", 11 ], [ "R", 28 ], [ "R", 10 ], [ "R", 11 ], [ "R", 13 ], [ "R", 13 ], [ "R", 13 ], [ "W", 10 ], [ "R", 13 ] ]
    } ]
  },
  "ExportAndDeleteClienteController.delete" : {
    "t" : [ {
      "id" : 0,
      "a" : [ [ "R", 13 ], [ "R", 13 ], [ "R", 7 ], [ "R", 7 ], [ "R", 7 ], [ "R", 28 ], [ "W", 1 ], [ "W", 1 ], [ "W", 1 ], [ "W", 1 ], [ "W", 1 ], [ "W", 1 ], [ "W", 1 ], [ "R", 1 ], [ "R", 28 ], [ "W", 28 ], [ "W", 28 ] ]
    } ]
  },
  "PlatoController.display" : {
    "t" : [ {
      "id" : 0,
      "a" : [ [ "R", 22 ] ]
    } ]
  },
  "MensajeController.deleteBox" : {
    "t" : [ {
      "id" : 0,
      "a" : [ [ "R", 5 ], [ "R", 5 ], [ "R", 13 ], [ "R", 13 ], [ "R", 1 ], [ "R", 1 ], [ "R", 1 ], [ "R", 28 ], [ "R", 13 ], [ "R", 5 ], [ "R", 1 ], [ "R", 13 ], [ "R", 13 ], [ "R", 9 ], [ "R", 9 ], [ "R", 9 ], [ "R", 5 ], [ "W", 9 ], [ "W", 5 ] ]
    } ]
  },
  "MensajeController.createBox" : {
    "t" : [ {
      "id" : 0,
      "a" : [ [ "R", 13 ], [ "R", 13 ], [ "R", 1 ], [ "R", 1 ], [ "R", 1 ], [ "R", 28 ], [ "W", 5 ], [ "W", 1 ] ]
    } ]
  },
  "ReservaClienteController.display" : {
    "t" : [ {
      "id" : 0,
      "a" : [ [ "R", 13 ], [ "R", 13 ], [ "R", 7 ], [ "R", 7 ], [ "R", 7 ], [ "R", 28 ], [ "R", 24 ], [ "R", 13 ], [ "R", 24 ], [ "R", 7 ], [ "R", 13 ], [ "R", 13 ], [ "R", 14 ], [ "R", 14 ], [ "R", 14 ], [ "R", 24 ], [ "R", 13 ], [ "R", 15 ], [ "R", 15 ], [ "R", 15 ], [ "R", 24 ], [ "R", 24 ], [ "R", 12 ] ]
    } ]
  },
  "OfertaRestauranteController.display" : {
    "t" : [ {
      "id" : 0,
      "a" : [ [ "R", 20 ], [ "R", 13 ], [ "R", 16 ], [ "R", 16 ], [ "R", 16 ], [ "R", 20 ] ]
    } ]
  },
  "QuedadaRestauranteController.delete" : {
    "t" : [ {
      "id" : 0,
      "a" : [ [ "R", 13 ], [ "R", 13 ], [ "R", 23 ], [ "R", 23 ], [ "R", 18 ], [ "W", 23 ], [ "W", 18 ], [ "R", 23 ], [ "W", 23 ], [ "W", 23 ], [ "R", 13 ], [ "R", 13 ], [ "R", 13 ], [ "R", 25 ], [ "R", 25 ], [ "R", 25 ], [ "R", 28 ], [ "R", 23 ], [ "R", 18 ], [ "R", 18 ], [ "R", 25 ], [ "R", 13 ], [ "R", 13 ], [ "R", 13 ], [ "R", 13 ], [ "R", 21 ], [ "R", 21 ], [ "R", 21 ], [ "R", 23 ], [ "R", 13 ], [ "W", 21 ], [ "W", 23 ], [ "R", 23 ], [ "R", 23 ], [ "R", 13 ], [ "R", 13 ] ]
    } ]
  },
  "PeticionRestauranteController.create" : {
    "t" : [ {
      "id" : 0,
      "a" : [ [ "R", 21 ], [ "R", 21 ], [ "R", 13 ], [ "R", 13 ], [ "R", 25 ], [ "R", 25 ], [ "R", 25 ], [ "R", 28 ], [ "R", 1 ], [ "R", 28 ], [ "R", 28 ], [ "W", 21 ], [ "W", 21 ], [ "R", 21 ], [ "R", 23 ], [ "R", 13 ], [ "R", 21 ], [ "R", 21 ], [ "R", 21 ], [ "R", 23 ], [ "R", 21 ], [ "R", 21 ], [ "R", 23 ], [ "R", 13 ], [ "R", 21 ], [ "R", 21 ], [ "R", 21 ], [ "R", 23 ], [ "R", 21 ], [ "R", 21 ], [ "R", 23 ], [ "R", 23 ], [ "R", 21 ], [ "R", 13 ], [ "R", 13 ], [ "R", 25 ], [ "R", 25 ], [ "R", 25 ], [ "R", 28 ], [ "R", 1 ], [ "R", 28 ], [ "R", 28 ], [ "W", 21 ], [ "W", 21 ] ]
    } ]
  },
  "CriticaCriticoController.list" : {
    "t" : [ {
      "id" : 0,
      "a" : [ [ "R", 13 ], [ "R", 13 ], [ "R", 11 ], [ "R", 11 ], [ "R", 11 ], [ "R", 28 ], [ "R", 13 ], [ "R", 10 ], [ "R", 10 ], [ "R", 10 ], [ "R", 11 ] ]
    } ]
  },
  "ConsumicionesRestauranteController.list" : {
    "t" : [ {
      "id" : 0,
      "a" : [ [ "R", 13 ], [ "R", 13 ], [ "R", 25 ], [ "R", 25 ], [ "R", 25 ], [ "R", 28 ], [ "R", 13 ], [ "R", 8 ], [ "R", 8 ], [ "R", 8 ], [ "R", 18 ], [ "R", 25 ] ]
    } ]
  },
  "AlergenoAdministratorController.saveEdit" : {
    "t" : [ {
      "id" : 0,
      "a" : [ [ "R", 13 ], [ "R", 13 ], [ "R", 1 ], [ "R", 1 ], [ "R", 1 ], [ "R", 28 ], [ "R", 1 ], [ "R", 28 ], [ "R", 28 ], [ "R", 13 ], [ "R", 13 ], [ "R", 2 ], [ "R", 2 ], [ "R", 2 ], [ "R", 28 ], [ "R", 13 ], [ "R", 13 ], [ "R", 1 ], [ "R", 1 ], [ "R", 1 ], [ "R", 28 ], [ "R", 1 ], [ "R", 28 ], [ "R", 28 ], [ "R", 13 ], [ "R", 13 ], [ "R", 2 ], [ "R", 2 ], [ "R", 2 ], [ "R", 28 ], [ "W", 3 ], [ "R", 13 ], [ "R", 13 ], [ "R", 3 ], [ "R", 3 ], [ "W", 3 ], [ "W", 3 ], [ "W", 3 ] ]
    } ]
  },
  "SystemConfigAdministratorController.edit" : {
    "t" : [ {
      "id" : 0,
      "a" : [ [ "R", 26 ], [ "W", 26 ], [ "W", 26 ], [ "W", 26 ], [ "W", 26 ], [ "W", 26 ], [ "W", 26 ], [ "W", 26 ], [ "W", 26 ], [ "R", 13 ], [ "W", 26 ] ]
    } ]
  },
  "AlergenoAdministratorController.list" : {
    "t" : [ {
      "id" : 0,
      "a" : [ [ "R", 3 ], [ "R", 22 ], [ "R", 22 ], [ "R", 3 ], [ "R", 3 ] ]
    } ]
  },
  "ValoracionesClienteController.list" : {
    "t" : [ {
      "id" : 0,
      "a" : [ [ "R", 13 ], [ "R", 13 ], [ "R", 7 ], [ "R", 7 ], [ "R", 7 ], [ "R", 28 ], [ "R", 13 ], [ "R", 29 ], [ "R", 29 ], [ "R", 29 ], [ "R", 7 ] ]
    } ]
  },
  "AnalisisCriticoController.save" : {
    "t" : [ {
      "id" : 0,
      "a" : [ [ "R", 13 ], [ "R", 13 ], [ "R", 4 ], [ "R", 4 ], [ "R", 22 ], [ "W", 4 ], [ "W", 22 ], [ "R", 4 ], [ "R", 11 ], [ "W", 4 ], [ "W", 11 ], [ "W", 4 ], [ "R", 13 ], [ "R", 13 ], [ "R", 13 ], [ "R", 4 ], [ "R", 4 ], [ "R", 13 ], [ "R", 13 ], [ "R", 11 ], [ "R", 11 ], [ "R", 11 ], [ "R", 28 ], [ "R", 4 ], [ "R", 11 ], [ "R", 13 ], [ "R", 13 ], [ "R", 13 ], [ "W", 4 ], [ "R", 13 ] ]
    } ]
  },
  "MesasRestauranteController.changeReserved" : {
    "t" : [ {
      "id" : 0,
      "a" : [ [ "R", 13 ], [ "R", 13 ], [ "R", 1 ], [ "R", 1 ], [ "R", 1 ], [ "R", 28 ], [ "R", 1 ], [ "R", 28 ], [ "R", 28 ], [ "R", 18 ], [ "R", 18 ], [ "W", 18 ], [ "R", 13 ], [ "R", 13 ], [ "R", 1 ], [ "R", 1 ], [ "R", 1 ], [ "R", 28 ], [ "R", 18 ], [ "R", 25 ], [ "R", 13 ], [ "R", 13 ], [ "R", 13 ], [ "R", 13 ], [ "R", 1 ], [ "R", 1 ], [ "R", 1 ], [ "R", 28 ], [ "R", 1 ], [ "R", 28 ], [ "R", 28 ], [ "R", 13 ], [ "R", 13 ], [ "R", 25 ], [ "R", 25 ], [ "R", 25 ], [ "R", 28 ], [ "R", 13 ], [ "R", 13 ], [ "R", 25 ], [ "R", 25 ], [ "R", 25 ], [ "R", 28 ], [ "W", 18 ], [ "W", 25 ], [ "W", 18 ], [ "W", 18 ], [ "R", 13 ], [ "R", 13 ], [ "R", 25 ], [ "R", 25 ], [ "R", 25 ], [ "R", 28 ], [ "R", 13 ], [ "R", 18 ], [ "R", 18 ], [ "R", 18 ], [ "R", 25 ], [ "W", 18 ], [ "R", 13 ], [ "R", 13 ], [ "R", 25 ], [ "R", 25 ], [ "R", 25 ], [ "R", 28 ], [ "R", 13 ], [ "R", 18 ], [ "R", 18 ], [ "R", 18 ], [ "R", 25 ], [ "W", 18 ], [ "R", 13 ], [ "R", 13 ], [ "R", 18 ], [ "R", 18 ], [ "W", 18 ], [ "R", 18 ], [ "W", 18 ], [ "W", 18 ], [ "W", 18 ] ]
    } ]
  },
  "NotificacionController.display" : {
    "t" : [ {
      "id" : 0,
      "a" : [ [ "R", 19 ] ]
    } ]
  },
  "RestaurantController.dashboard" : {
    "t" : [ {
      "id" : 0,
      "a" : [ [ "R", 13 ], [ "R", 13 ], [ "R", 25 ], [ "R", 25 ], [ "R", 25 ], [ "R", 28 ], [ "R", 13 ], [ "R", 8 ], [ "R", 8 ], [ "R", 8 ], [ "R", 18 ], [ "R", 25 ], [ "R", 13 ], [ "R", 8 ], [ "R", 8 ], [ "R", 18 ], [ "R", 8 ], [ "R", 18 ], [ "R", 8 ], [ "R", 18 ], [ "R", 25 ], [ "R", 13 ], [ "R", 24 ], [ "R", 24 ], [ "R", 24 ], [ "R", 25 ], [ "R", 24 ], [ "R", 13 ], [ "R", 8 ], [ "R", 8 ], [ "R", 8 ], [ "R", 18 ], [ "R", 25 ], [ "R", 13 ], [ "R", 25 ], [ "R", 25 ], [ "R", 25 ] ]
    } ]
  },
  "PlatosRestauranteController.display" : {
    "t" : [ {
      "id" : 0,
      "a" : [ [ "R", 22 ] ]
    } ]
  },
  "ValoracionesClienteController.create" : {
    "t" : [ {
      "id" : 0,
      "a" : [ [ "R", 13 ], [ "R", 13 ], [ "R", 1 ], [ "R", 1 ], [ "R", 1 ], [ "R", 28 ], [ "R", 1 ], [ "R", 28 ], [ "R", 28 ], [ "R", 13 ], [ "R", 13 ], [ "R", 7 ], [ "R", 7 ], [ "R", 7 ], [ "R", 28 ], [ "R", 13 ], [ "R", 13 ], [ "R", 7 ], [ "R", 7 ], [ "R", 7 ], [ "R", 28 ], [ "W", 29 ], [ "W", 7 ], [ "R", 13 ], [ "R", 13 ], [ "R", 7 ], [ "R", 7 ], [ "R", 7 ], [ "R", 28 ], [ "R", 13 ], [ "R", 24 ], [ "R", 24 ], [ "R", 25 ], [ "R", 24 ], [ "R", 7 ], [ "R", 24 ], [ "R", 24 ], [ "R", 13 ] ]
    } ]
  },
  "ActorController.displayRestaurante" : {
    "t" : [ {
      "id" : 0,
      "a" : [ [ "R", 25 ], [ "R", 13 ], [ "R", 13 ], [ "R", 1 ], [ "R", 1 ], [ "R", 1 ], [ "R", 28 ], [ "R", 13 ], [ "R", 13 ], [ "R", 1 ], [ "R", 1 ], [ "R", 1 ], [ "R", 28 ], [ "R", 13 ], [ "R", 13 ], [ "R", 13 ], [ "R", 1 ], [ "R", 1 ], [ "R", 1 ], [ "R", 28 ], [ "R", 13 ], [ "R", 25 ], [ "R", 13 ] ]
    } ]
  },
  "MensajeController.editBox" : {
    "t" : [ {
      "id" : 0,
      "a" : [ [ "R", 5 ] ]
    } ]
  },
  "MensajeController.list" : {
    "t" : [ {
      "id" : 0,
      "a" : [ [ "R", 13 ], [ "R", 13 ], [ "R", 1 ], [ "R", 1 ], [ "R", 1 ], [ "R", 28 ], [ "R", 13 ], [ "R", 9 ], [ "R", 9 ], [ "R", 17 ], [ "R", 9 ], [ "R", 5 ], [ "R", 9 ], [ "R", 5 ], [ "R", 1 ], [ "R", 13 ], [ "R", 13 ], [ "R", 1 ], [ "R", 1 ], [ "R", 1 ], [ "R", 28 ], [ "R", 13 ], [ "R", 5 ], [ "R", 5 ], [ "R", 5 ], [ "R", 1 ] ]
    } ]
  },
  "ActorController.editCliente" : {
    "t" : [ {
      "id" : 0,
      "a" : [ [ "R", 13 ], [ "R", 13 ], [ "R", 1 ], [ "R", 1 ], [ "R", 1 ], [ "R", 28 ], [ "R", 13 ], [ "R", 7 ], [ "R", 1 ], [ "R", 1 ], [ "R", 1 ], [ "R", 1 ] ]
    } ]
  },
  "CriticaCriticoController.save" : {
    "t" : [ {
      "id" : 0,
      "a" : [ [ "R", 13 ], [ "R", 13 ], [ "R", 10 ], [ "R", 10 ], [ "R", 25 ], [ "W", 10 ], [ "W", 25 ], [ "R", 10 ], [ "R", 11 ], [ "W", 10 ], [ "W", 11 ], [ "W", 10 ], [ "R", 13 ], [ "R", 13 ], [ "R", 13 ], [ "R", 10 ], [ "R", 10 ], [ "R", 13 ], [ "R", 13 ], [ "R", 11 ], [ "R", 11 ], [ "R", 11 ], [ "R", 28 ], [ "R", 10 ], [ "R", 11 ], [ "R", 13 ], [ "R", 13 ], [ "R", 13 ], [ "W", 10 ], [ "R", 13 ] ]
    } ]
  },
  "ReservaRestauranteController.reject" : {
    "t" : [ {
      "id" : 0,
      "a" : [ [ "R", 24 ], [ "R", 13 ], [ "R", 13 ], [ "R", 25 ], [ "R", 25 ], [ "R", 25 ], [ "R", 28 ], [ "R", 24 ], [ "R", 24 ], [ "R", 25 ], [ "R", 13 ], [ "R", 13 ], [ "W", 24 ], [ "R", 13 ], [ "R", 13 ], [ "R", 1 ], [ "R", 1 ], [ "R", 1 ], [ "R", 28 ], [ "R", 24 ], [ "R", 7 ], [ "R", 13 ], [ "R", 13 ], [ "R", 24 ], [ "R", 25 ], [ "R", 13 ], [ "R", 13 ], [ "R", 13 ], [ "W", 24 ], [ "R", 13 ], [ "R", 13 ], [ "R", 7 ], [ "R", 7 ], [ "R", 7 ], [ "R", 28 ], [ "W", 24 ], [ "W", 7 ], [ "W", 24 ], [ "W", 24 ], [ "R", 13 ], [ "R", 13 ], [ "R", 1 ], [ "R", 1 ], [ "R", 1 ], [ "R", 28 ], [ "R", 13 ], [ "R", 24 ], [ "R", 7 ], [ "R", 13 ], [ "R", 24 ], [ "R", 12 ], [ "R", 12 ], [ "W", 12 ], [ "W", 24 ], [ "W", 12 ], [ "R", 13 ], [ "R", 13 ], [ "R", 1 ], [ "R", 1 ], [ "R", 1 ], [ "R", 28 ], [ "R", 24 ], [ "R", 7 ], [ "R", 13 ], [ "R", 13 ], [ "R", 24 ], [ "R", 25 ], [ "R", 13 ], [ "R", 13 ], [ "R", 13 ], [ "W", 24 ], [ "R", 13 ], [ "R", 13 ], [ "R", 7 ], [ "R", 7 ], [ "R", 7 ], [ "R", 28 ], [ "W", 24 ], [ "W", 7 ], [ "W", 24 ], [ "W", 24 ], [ "R", 24 ], [ "R", 7 ], [ "R", 24 ], [ "R", 25 ], [ "R", 24 ], [ "R", 25 ], [ "R", 24 ], [ "R", 7 ], [ "W", 17 ], [ "W", 1 ], [ "W", 17 ], [ "W", 1 ], [ "W", 17 ], [ "R", 24 ], [ "R", 24 ], [ "R", 24 ], [ "R", 24 ], [ "W", 17 ], [ "W", 17 ], [ "R", 13 ], [ "R", 5 ], [ "R", 5 ], [ "R", 5 ], [ "R", 1 ], [ "R", 5 ], [ "R", 13 ], [ "R", 5 ], [ "R", 5 ], [ "R", 5 ], [ "R", 1 ], [ "R", 5 ], [ "W", 17 ], [ "W", 9 ], [ "W", 5 ], [ "W", 9 ], [ "W", 17 ], [ "W", 9 ], [ "W", 9 ], [ "W", 5 ], [ "W", 9 ], [ "W", 17 ], [ "W", 9 ] ]
    } ]
  },
  "AnalisisCriticoController.list" : {
    "t" : [ {
      "id" : 0,
      "a" : [ [ "R", 13 ], [ "R", 13 ], [ "R", 11 ], [ "R", 11 ], [ "R", 11 ], [ "R", 28 ], [ "R", 13 ], [ "R", 4 ], [ "R", 4 ], [ "R", 4 ], [ "R", 11 ] ]
    } ]
  },
  "AdministratorController.ban" : {
    "t" : [ {
      "id" : 0,
      "a" : [ [ "R", 1 ], [ "R", 1 ], [ "R", 28 ], [ "R", 13 ], [ "R", 13 ], [ "R", 1 ], [ "R", 1 ], [ "R", 1 ], [ "R", 28 ], [ "W", 28 ], [ "W", 28 ] ]
    } ]
  },
  "ReservaClienteController.confirm" : {
    "t" : [ {
      "id" : 0,
      "a" : [ [ "R", 24 ], [ "R", 24 ], [ "R", 13 ], [ "R", 13 ], [ "R", 1 ], [ "R", 1 ], [ "R", 1 ], [ "R", 28 ], [ "W", 12 ], [ "W", 12 ], [ "R", 24 ], [ "R", 12 ], [ "R", 24 ], [ "R", 12 ], [ "R", 12 ], [ "R", 12 ], [ "R", 12 ], [ "R", 13 ], [ "R", 14 ], [ "R", 14 ], [ "R", 14 ], [ "R", 24 ], [ "R", 14 ], [ "R", 22 ], [ "R", 22 ], [ "R", 14 ], [ "R", 14 ], [ "R", 22 ], [ "R", 22 ], [ "R", 14 ], [ "R", 22 ], [ "R", 22 ], [ "R", 14 ], [ "R", 13 ], [ "R", 15 ], [ "R", 15 ], [ "R", 15 ], [ "R", 24 ], [ "R", 15 ], [ "R", 20 ], [ "R", 20 ], [ "R", 15 ], [ "R", 15 ], [ "R", 20 ], [ "R", 13 ], [ "R", 16 ], [ "R", 16 ], [ "R", 16 ], [ "R", 20 ], [ "R", 16 ], [ "R", 22 ], [ "R", 22 ], [ "R", 16 ], [ "R", 16 ], [ "R", 22 ], [ "R", 22 ], [ "R", 16 ], [ "R", 15 ], [ "R", 20 ], [ "R", 20 ], [ "R", 15 ], [ "R", 12 ], [ "R", 12 ], [ "W", 24 ], [ "W", 27 ], [ "W", 27 ], [ "W", 27 ], [ "W", 24 ], [ "W", 27 ], [ "R", 13 ], [ "R", 14 ], [ "R", 14 ], [ "R", 14 ], [ "R", 24 ], [ "W", 14 ], [ "R", 13 ], [ "R", 15 ], [ "R", 15 ], [ "R", 15 ], [ "R", 24 ], [ "R", 13 ], [ "R", 13 ], [ "R", 15 ], [ "W", 15 ], [ "R", 13 ], [ "R", 13 ], [ "R", 1 ], [ "R", 1 ], [ "R", 1 ], [ "R", 28 ], [ "R", 24 ], [ "R", 7 ], [ "R", 13 ], [ "R", 13 ], [ "R", 24 ], [ "R", 25 ], [ "R", 13 ], [ "R", 13 ], [ "R", 13 ], [ "W", 24 ], [ "R", 13 ], [ "R", 13 ], [ "R", 7 ], [ "R", 7 ], [ "R", 7 ], [ "R", 28 ], [ "W", 24 ], [ "W", 7 ], [ "W", 24 ], [ "W", 24 ], [ "R", 24 ], [ "R", 7 ], [ "R", 24 ], [ "R", 25 ], [ "R", 24 ], [ "R", 25 ], [ "R", 24 ], [ "R", 7 ], [ "W", 17 ], [ "W", 1 ], [ "W", 17 ], [ "W", 1 ], [ "W", 17 ], [ "R", 24 ], [ "R", 24 ], [ "R", 24 ], [ "R", 24 ], [ "W", 17 ], [ "W", 17 ], [ "R", 13 ], [ "R", 5 ], [ "R", 5 ], [ "R", 5 ], [ "R", 1 ], [ "R", 5 ], [ "R", 13 ], [ "R", 5 ], [ "R", 5 ], [ "R", 5 ], [ "R", 1 ], [ "R", 5 ], [ "W", 17 ], [ "W", 9 ], [ "W", 5 ], [ "W", 9 ], [ "W", 17 ], [ "W", 9 ], [ "W", 9 ], [ "W", 5 ], [ "W", 9 ], [ "W", 17 ], [ "W", 9 ] ]
    } ]
  },
  "CriticaController.display" : {
    "t" : [ {
      "id" : 0,
      "a" : [ [ "R", 10 ] ]
    } ]
  },
  "MesasRestauranteController.list" : {
    "t" : [ {
      "id" : 0,
      "a" : [ [ "R", 13 ], [ "R", 13 ], [ "R", 25 ], [ "R", 25 ], [ "R", 25 ], [ "R", 28 ], [ "R", 13 ], [ "R", 18 ], [ "R", 18 ], [ "R", 18 ], [ "R", 25 ] ]
    } ]
  },
  "ReservaClienteController.saveLineaDeReserva" : {
    "t" : [ {
      "id" : 0,
      "a" : [ [ "R", 14 ], [ "R", 24 ], [ "R", 24 ], [ "R", 25 ], [ "R", 13 ], [ "R", 22 ], [ "R", 22 ], [ "R", 22 ], [ "R", 25 ], [ "R", 14 ], [ "R", 22 ], [ "R", 22 ], [ "R", 25 ], [ "R", 14 ], [ "R", 24 ], [ "R", 24 ], [ "R", 25 ], [ "R", 13 ], [ "R", 13 ], [ "R", 13 ], [ "R", 13 ], [ "R", 13 ], [ "R", 7 ], [ "R", 7 ], [ "R", 7 ], [ "R", 28 ], [ "R", 14 ], [ "R", 24 ], [ "R", 24 ], [ "R", 7 ], [ "R", 13 ], [ "R", 13 ], [ "R", 13 ], [ "R", 14 ], [ "R", 24 ], [ "R", 24 ], [ "W", 14 ], [ "R", 14 ], [ "R", 24 ], [ "R", 13 ], [ "R", 14 ], [ "R", 24 ], [ "R", 24 ], [ "R", 25 ], [ "R", 13 ], [ "R", 22 ], [ "R", 22 ], [ "R", 22 ], [ "R", 25 ] ]
    } ]
  },
  "ReservaClienteController.saveLineaOfertaReserva" : {
    "t" : [ {
      "id" : 0,
      "a" : [ [ "R", 15 ], [ "R", 24 ], [ "R", 24 ], [ "R", 25 ], [ "R", 13 ], [ "R", 20 ], [ "R", 20 ], [ "R", 20 ], [ "R", 25 ], [ "R", 15 ], [ "R", 20 ], [ "R", 20 ], [ "R", 25 ], [ "R", 15 ], [ "R", 24 ], [ "R", 24 ], [ "R", 25 ], [ "R", 13 ], [ "R", 13 ], [ "R", 13 ], [ "R", 13 ], [ "R", 13 ], [ "R", 7 ], [ "R", 7 ], [ "R", 7 ], [ "R", 28 ], [ "R", 15 ], [ "R", 24 ], [ "R", 24 ], [ "R", 7 ], [ "R", 13 ], [ "R", 13 ], [ "R", 13 ], [ "R", 15 ], [ "R", 24 ], [ "R", 24 ], [ "W", 15 ], [ "R", 15 ], [ "R", 24 ], [ "R", 13 ], [ "R", 15 ], [ "R", 24 ], [ "R", 24 ], [ "R", 25 ], [ "R", 13 ], [ "R", 20 ], [ "R", 20 ], [ "R", 20 ], [ "R", 25 ] ]
    } ]
  },
  "LineaPlatoOfertaRestauranteController.edit" : {
    "t" : [ {
      "id" : 0,
      "a" : [ [ "R", 13 ], [ "R", 13 ], [ "R", 25 ], [ "R", 25 ], [ "R", 25 ], [ "R", 28 ], [ "R", 13 ], [ "R", 22 ], [ "R", 22 ], [ "R", 22 ], [ "R", 25 ], [ "R", 13 ], [ "R", 13 ], [ "R", 1 ], [ "R", 1 ], [ "R", 1 ], [ "R", 28 ], [ "R", 1 ], [ "R", 28 ], [ "R", 28 ], [ "R", 13 ], [ "R", 13 ], [ "R", 25 ], [ "R", 25 ], [ "R", 25 ], [ "R", 28 ], [ "R", 13 ], [ "R", 13 ], [ "R", 1 ], [ "R", 1 ], [ "R", 1 ], [ "R", 28 ], [ "R", 1 ], [ "R", 28 ], [ "R", 28 ], [ "R", 13 ], [ "R", 13 ], [ "R", 25 ], [ "R", 25 ], [ "R", 25 ], [ "R", 28 ], [ "W", 16 ], [ "W", 16 ], [ "W", 20 ], [ "W", 16 ], [ "W", 22 ], [ "R", 13 ], [ "R", 13 ], [ "R", 16 ], [ "R", 16 ], [ "W", 16 ], [ "R", 16 ], [ "R", 20 ], [ "W", 16 ], [ "W", 20 ], [ "R", 16 ], [ "R", 22 ], [ "W", 16 ], [ "W", 22 ], [ "W", 16 ], [ "R", 16 ], [ "R", 20 ], [ "R", 13 ], [ "R", 13 ], [ "R", 1 ], [ "R", 1 ], [ "R", 1 ], [ "R", 28 ], [ "R", 1 ], [ "R", 28 ], [ "R", 28 ], [ "R", 13 ], [ "R", 13 ], [ "R", 25 ], [ "R", 25 ], [ "R", 25 ], [ "R", 28 ], [ "R", 13 ], [ "R", 13 ], [ "R", 1 ], [ "R", 1 ], [ "R", 1 ], [ "R", 28 ], [ "R", 1 ], [ "R", 28 ], [ "R", 28 ], [ "R", 13 ], [ "R", 13 ], [ "R", 25 ], [ "R", 25 ], [ "R", 25 ], [ "R", 28 ], [ "W", 20 ], [ "W", 20 ], [ "R", 13 ], [ "R", 13 ], [ "R", 25 ], [ "R", 25 ], [ "R", 25 ], [ "R", 28 ], [ "W", 20 ], [ "W", 25 ], [ "R", 13 ], [ "R", 13 ], [ "R", 20 ], [ "R", 13 ], [ "R", 13 ], [ "R", 25 ], [ "R", 25 ], [ "R", 25 ], [ "R", 28 ], [ "R", 13 ], [ "R", 20 ], [ "R", 25 ], [ "R", 13 ], [ "R", 20 ], [ "W", 20 ], [ "R", 13 ], [ "R", 16 ], [ "R", 16 ], [ "R", 16 ], [ "R", 20 ], [ "R", 16 ], [ "R", 22 ], [ "R", 22 ], [ "R", 16 ], [ "R", 20 ], [ "W", 20 ], [ "R", 13 ], [ "R", 16 ], [ "R", 16 ], [ "R", 16 ], [ "R", 20 ], [ "R", 16 ], [ "R", 22 ], [ "R", 22 ], [ "R", 16 ], [ "R", 16 ], [ "R", 22 ], [ "R", 22 ], [ "R", 16 ], [ "W", 20 ], [ "W", 20 ], [ "W", 20 ], [ "W", 16 ], [ "R", 16 ], [ "R", 20 ], [ "R", 13 ], [ "R", 13 ], [ "R", 13 ], [ "R", 25 ], [ "R", 25 ], [ "R", 25 ], [ "R", 28 ], [ "R", 13 ], [ "R", 22 ], [ "R", 22 ], [ "R", 22 ], [ "R", 25 ] ]
    } ]
  },
  "PlatosRestauranteController.edit" : {
    "t" : [ {
      "id" : 0,
      "a" : [ [ "R", 22 ], [ "R", 22 ], [ "R", 3 ], [ "R", 3 ], [ "R", 3 ], [ "R", 22 ], [ "R", 22 ], [ "R", 22 ], [ "R", 22 ] ]
    } ]
  },
  "PlatosRestauranteController.delete" : {
    "t" : [ {
      "id" : 0,
      "a" : [ [ "R", 22 ], [ "R", 13 ], [ "R", 13 ], [ "R", 1 ], [ "R", 1 ], [ "R", 1 ], [ "R", 28 ], [ "R", 1 ], [ "R", 28 ], [ "R", 28 ], [ "R", 13 ], [ "R", 13 ], [ "R", 25 ], [ "R", 25 ], [ "R", 25 ], [ "R", 28 ], [ "R", 13 ], [ "R", 13 ], [ "R", 22 ], [ "R", 13 ], [ "R", 16 ], [ "R", 16 ], [ "R", 16 ], [ "R", 22 ], [ "R", 13 ], [ "R", 13 ], [ "R", 1 ], [ "R", 1 ], [ "R", 1 ], [ "R", 28 ], [ "R", 1 ], [ "R", 28 ], [ "R", 28 ], [ "R", 13 ], [ "R", 13 ], [ "R", 25 ], [ "R", 25 ], [ "R", 25 ], [ "R", 28 ], [ "R", 13 ], [ "R", 13 ], [ "R", 16 ], [ "W", 16 ], [ "R", 16 ], [ "R", 20 ], [ "R", 13 ], [ "R", 13 ], [ "R", 1 ], [ "R", 1 ], [ "R", 1 ], [ "R", 28 ], [ "R", 1 ], [ "R", 28 ], [ "R", 28 ], [ "R", 13 ], [ "R", 13 ], [ "R", 25 ], [ "R", 25 ], [ "R", 25 ], [ "R", 28 ], [ "R", 13 ], [ "R", 13 ], [ "R", 1 ], [ "R", 1 ], [ "R", 1 ], [ "R", 28 ], [ "R", 1 ], [ "R", 28 ], [ "R", 28 ], [ "R", 13 ], [ "R", 13 ], [ "R", 25 ], [ "R", 25 ], [ "R", 25 ], [ "R", 28 ], [ "W", 20 ], [ "W", 20 ], [ "R", 13 ], [ "R", 13 ], [ "R", 25 ], [ "R", 25 ], [ "R", 25 ], [ "R", 28 ], [ "W", 20 ], [ "W", 25 ], [ "R", 13 ], [ "R", 13 ], [ "R", 20 ], [ "R", 13 ], [ "R", 13 ], [ "R", 25 ], [ "R", 25 ], [ "R", 25 ], [ "R", 28 ], [ "R", 13 ], [ "R", 20 ], [ "R", 25 ], [ "R", 13 ], [ "R", 20 ], [ "W", 20 ], [ "R", 13 ], [ "R", 16 ], [ "R", 16 ], [ "R", 16 ], [ "R", 20 ], [ "R", 16 ], [ "R", 22 ], [ "R", 22 ], [ "R", 16 ], [ "R", 20 ], [ "W", 20 ], [ "R", 13 ], [ "R", 16 ], [ "R", 16 ], [ "R", 16 ], [ "R", 20 ], [ "R", 16 ], [ "R", 22 ], [ "R", 22 ], [ "R", 16 ], [ "R", 16 ], [ "R", 22 ], [ "R", 22 ], [ "R", 16 ], [ "W", 20 ], [ "W", 20 ], [ "W", 20 ], [ "R", 13 ], [ "R", 14 ], [ "R", 14 ], [ "R", 14 ], [ "R", 22 ], [ "W", 14 ], [ "R", 13 ], [ "R", 4 ], [ "R", 4 ], [ "R", 4 ], [ "R", 22 ], [ "W", 4 ], [ "W", 22 ] ]
    } ]
  },
  "ReservaClienteController.createLineaOfertaReserva" : {
    "t" : [ {
      "id" : 0,
      "a" : [ [ "R", 24 ], [ "W", 15 ], [ "W", 24 ], [ "R", 15 ], [ "R", 24 ], [ "R", 24 ], [ "R", 25 ], [ "R", 13 ], [ "R", 20 ], [ "R", 20 ], [ "R", 20 ], [ "R", 25 ] ]
    } ]
  },
  "ReservaClienteController.createLineaDeReserva" : {
    "t" : [ {
      "id" : 0,
      "a" : [ [ "R", 24 ], [ "W", 14 ], [ "W", 24 ], [ "R", 14 ], [ "R", 24 ], [ "R", 24 ], [ "R", 25 ], [ "R", 13 ], [ "R", 22 ], [ "R", 22 ], [ "R", 22 ], [ "R", 25 ] ]
    } ]
  },
  "ReservaRestauranteController.list" : {
    "t" : [ {
      "id" : 0,
      "a" : [ [ "R", 13 ], [ "R", 13 ], [ "R", 25 ], [ "R", 25 ], [ "R", 25 ], [ "R", 28 ], [ "R", 13 ], [ "R", 24 ], [ "R", 24 ], [ "R", 24 ], [ "R", 25 ], [ "R", 24 ] ]
    } ]
  },
  "ActorController.save" : {
    "t" : [ {
      "id" : 0,
      "a" : [ [ "R", 26 ], [ "R", 26 ], [ "W", 28 ], [ "W", 28 ], [ "W", 28 ], [ "W", 28 ], [ "W", 28 ], [ "W", 1 ], [ "W", 28 ], [ "W", 1 ], [ "W", 1 ], [ "W", 1 ], [ "W", 1 ], [ "W", 25 ], [ "W", 25 ], [ "W", 25 ], [ "W", 25 ], [ "W", 25 ], [ "W", 5 ], [ "W", 5 ], [ "W", 5 ], [ "W", 1 ], [ "W", 5 ] ]
    } ]
  },
  "NotificacionAdminController.save" : {
    "t" : [ {
      "id" : 0,
      "a" : [ [ "R", 13 ], [ "R", 28 ], [ "W", 19 ] ]
    } ]
  },
  "OfertaRestauranteController.create" : {
    "t" : [ {
      "id" : 0,
      "a" : [ [ "R", 13 ], [ "R", 13 ], [ "R", 1 ], [ "R", 1 ], [ "R", 1 ], [ "R", 28 ], [ "R", 1 ], [ "R", 28 ], [ "R", 28 ], [ "R", 13 ], [ "R", 13 ], [ "R", 25 ], [ "R", 25 ], [ "R", 25 ], [ "R", 28 ], [ "W", 20 ], [ "W", 20 ], [ "R", 13 ], [ "R", 13 ], [ "R", 25 ], [ "R", 25 ], [ "R", 25 ], [ "R", 28 ], [ "W", 20 ], [ "W", 25 ] ]
    } ]
  },
  "ExportAndDeleteClienteController.export" : {
    "t" : [ {
      "id" : 0,
      "a" : [ [ "R", 13 ], [ "R", 13 ], [ "R", 7 ], [ "R", 7 ], [ "R", 7 ], [ "R", 28 ], [ "R", 1 ], [ "R", 1 ], [ "R", 1 ], [ "R", 1 ], [ "R", 1 ], [ "R", 13 ], [ "R", 5 ], [ "R", 5 ], [ "R", 5 ], [ "R", 1 ], [ "R", 5 ], [ "R", 13 ], [ "R", 17 ], [ "R", 17 ], [ "R", 17 ], [ "R", 1 ], [ "R", 17 ], [ "R", 17 ], [ "R", 17 ], [ "R", 17 ], [ "R", 13 ], [ "R", 17 ], [ "R", 17 ], [ "R", 17 ], [ "R", 1 ], [ "R", 17 ], [ "R", 17 ], [ "R", 17 ], [ "R", 17 ], [ "R", 13 ], [ "R", 21 ], [ "R", 21 ], [ "R", 21 ], [ "R", 7 ], [ "R", 21 ], [ "R", 21 ], [ "R", 21 ], [ "R", 23 ], [ "R", 23 ], [ "R", 23 ], [ "R", 23 ], [ "R", 18 ], [ "R", 18 ], [ "R", 18 ], [ "R", 13 ], [ "R", 8 ], [ "R", 8 ], [ "R", 8 ], [ "R", 18 ], [ "R", 8 ], [ "R", 8 ], [ "R", 13 ], [ "R", 24 ], [ "R", 24 ], [ "R", 24 ], [ "R", 7 ], [ "R", 24 ], [ "R", 24 ], [ "R", 24 ], [ "R", 24 ], [ "R", 24 ], [ "R", 27 ], [ "R", 27 ], [ "R", 27 ], [ "R", 27 ], [ "R", 24 ], [ "R", 12 ], [ "R", 12 ], [ "R", 12 ], [ "R", 12 ], [ "R", 12 ], [ "R", 12 ], [ "R", 13 ], [ "R", 6 ], [ "R", 6 ], [ "R", 6 ], [ "R", 7 ], [ "R", 6 ], [ "R", 6 ], [ "R", 6 ], [ "R", 6 ], [ "R", 13 ], [ "R", 29 ], [ "R", 29 ], [ "R", 29 ], [ "R", 7 ], [ "R", 29 ], [ "R", 29 ] ]
    } ]
  },
  "ActorController.editCritico" : {
    "t" : [ {
      "id" : 0,
      "a" : [ [ "R", 13 ], [ "R", 13 ], [ "R", 1 ], [ "R", 1 ], [ "R", 1 ], [ "R", 28 ], [ "R", 13 ], [ "R", 11 ], [ "R", 1 ], [ "R", 1 ], [ "R", 1 ], [ "R", 1 ] ]
    } ]
  },
  "BuscadorClienteController.clean" : {
    "t" : [ {
      "id" : 0,
      "a" : [ [ "R", 13 ], [ "R", 13 ], [ "R", 7 ], [ "R", 7 ], [ "R", 7 ], [ "R", 28 ], [ "R", 13 ], [ "R", 6 ], [ "R", 6 ], [ "R", 6 ], [ "R", 7 ], [ "R", 13 ], [ "R", 13 ], [ "R", 6 ], [ "W", 6 ] ]
    } ]
  },
  "ExportAndDeleteAdministratorController.export" : {
    "t" : [ {
      "id" : 0,
      "a" : [ [ "R", 13 ], [ "R", 13 ], [ "R", 2 ], [ "R", 2 ], [ "R", 2 ], [ "R", 28 ], [ "R", 1 ], [ "R", 1 ], [ "R", 1 ], [ "R", 1 ], [ "R", 1 ], [ "R", 13 ], [ "R", 5 ], [ "R", 5 ], [ "R", 5 ], [ "R", 1 ], [ "R", 5 ], [ "R", 13 ], [ "R", 17 ], [ "R", 17 ], [ "R", 17 ], [ "R", 1 ], [ "R", 17 ], [ "R", 17 ], [ "R", 17 ], [ "R", 17 ], [ "R", 13 ], [ "R", 17 ], [ "R", 17 ], [ "R", 17 ], [ "R", 1 ], [ "R", 17 ], [ "R", 17 ], [ "R", 17 ], [ "R", 17 ], [ "R", 13 ], [ "R", 19 ], [ "R", 19 ], [ "R", 19 ], [ "R", 2 ], [ "R", 19 ], [ "R", 19 ] ]
    } ]
  },
  "ActorController.saveAdministrador" : {
    "t" : [ {
      "id" : 0,
      "a" : [ [ "R", 13 ], [ "R", 13 ], [ "R", 1 ], [ "R", 1 ], [ "R", 1 ], [ "R", 28 ], [ "R", 13 ], [ "R", 2 ], [ "W", 1 ], [ "W", 1 ], [ "W", 1 ], [ "W", 1 ], [ "W", 2 ], [ "W", 2 ] ]
    } ]
  },
  "QuedadaRestauranteController.save" : {
    "t" : [ {
      "id" : 0,
      "a" : [ [ "R", 13 ], [ "R", 13 ], [ "R", 23 ], [ "R", 23 ], [ "R", 18 ], [ "W", 23 ], [ "W", 18 ], [ "R", 23 ], [ "W", 23 ], [ "W", 23 ], [ "R", 23 ], [ "R", 23 ], [ "R", 13 ], [ "R", 13 ], [ "R", 23 ], [ "R", 13 ], [ "R", 13 ], [ "R", 25 ], [ "R", 25 ], [ "R", 25 ], [ "R", 28 ], [ "R", 23 ], [ "R", 18 ], [ "R", 18 ], [ "R", 25 ], [ "R", 13 ], [ "R", 13 ], [ "R", 13 ], [ "W", 23 ], [ "R", 23 ], [ "R", 23 ], [ "R", 13 ], [ "R", 13 ] ]
    } ]
  },
  "LineaPlatoOfertaRestauranteController.create" : {
    "t" : [ {
      "id" : 0,
      "a" : [ [ "R", 13 ], [ "R", 13 ], [ "R", 1 ], [ "R", 1 ], [ "R", 1 ], [ "R", 28 ], [ "R", 1 ], [ "R", 28 ], [ "R", 28 ], [ "R", 13 ], [ "R", 13 ], [ "R", 25 ], [ "R", 25 ], [ "R", 25 ], [ "R", 28 ], [ "W", 16 ], [ "W", 16 ], [ "W", 20 ], [ "W", 16 ], [ "W", 22 ], [ "R", 20 ], [ "W", 16 ], [ "W", 20 ], [ "R", 13 ], [ "R", 13 ], [ "R", 25 ], [ "R", 25 ], [ "R", 25 ], [ "R", 28 ], [ "R", 13 ], [ "R", 22 ], [ "R", 22 ], [ "R", 22 ], [ "R", 25 ], [ "R", 13 ], [ "R", 13 ], [ "R", 25 ], [ "R", 25 ], [ "R", 25 ], [ "R", 28 ], [ "R", 13 ], [ "R", 22 ], [ "R", 22 ], [ "R", 22 ], [ "R", 25 ] ]
    } ]
  },
  "ExportAndDeleteAdministratorController.delete" : {
    "t" : [ {
      "id" : 0,
      "a" : [ [ "R", 13 ], [ "R", 13 ], [ "R", 2 ], [ "R", 2 ], [ "R", 2 ], [ "R", 28 ], [ "W", 1 ], [ "W", 1 ], [ "W", 1 ], [ "W", 1 ], [ "W", 1 ], [ "W", 1 ], [ "W", 1 ], [ "R", 1 ], [ "R", 28 ], [ "W", 28 ], [ "W", 28 ] ]
    } ]
  },
  "OfertaRestauranteController.edit" : {
    "t" : [ {
      "id" : 0,
      "a" : [ [ "R", 20 ] ]
    } ]
  },
  "ReservaClienteController.addCupon" : {
    "t" : [ {
      "id" : 0,
      "a" : [ [ "R", 13 ], [ "R", 13 ], [ "R", 7 ], [ "R", 7 ], [ "R", 7 ], [ "R", 28 ], [ "R", 24 ], [ "R", 13 ], [ "R", 24 ], [ "R", 7 ], [ "R", 13 ], [ "R", 12 ], [ "R", 12 ], [ "R", 12 ], [ "W", 24 ], [ "W", 12 ], [ "R", 12 ], [ "R", 12 ], [ "R", 25 ], [ "R", 13 ], [ "R", 24 ], [ "R", 25 ], [ "R", 13 ], [ "R", 12 ], [ "W", 12 ], [ "W", 12 ], [ "R", 13 ], [ "R", 13 ], [ "R", 1 ], [ "R", 1 ], [ "R", 1 ], [ "R", 28 ], [ "R", 24 ], [ "R", 7 ], [ "R", 13 ], [ "R", 13 ], [ "R", 24 ], [ "R", 25 ], [ "R", 13 ], [ "R", 13 ], [ "R", 13 ], [ "W", 24 ], [ "R", 13 ], [ "R", 13 ], [ "R", 7 ], [ "R", 7 ], [ "R", 7 ], [ "R", 28 ], [ "W", 24 ], [ "W", 7 ], [ "W", 24 ], [ "W", 24 ] ]
    } ]
  },
  "ReservaClienteController.deleteLineaDeReserva" : {
    "t" : [ {
      "id" : 0,
      "a" : [ [ "R", 14 ], [ "R", 14 ], [ "R", 24 ], [ "R", 13 ], [ "R", 13 ], [ "R", 13 ], [ "R", 7 ], [ "R", 7 ], [ "R", 7 ], [ "R", 28 ], [ "R", 14 ], [ "R", 24 ], [ "R", 24 ], [ "R", 7 ], [ "R", 13 ], [ "R", 13 ], [ "R", 13 ], [ "W", 14 ] ]
    } ]
  },
  "MensajeController.create" : {
    "t" : [ {
      "id" : 0,
      "a" : [ [ "R", 1 ], [ "R", 13 ], [ "R", 13 ], [ "R", 1 ], [ "R", 1 ], [ "R", 1 ], [ "R", 28 ], [ "R", 13 ], [ "R", 13 ], [ "R", 1 ], [ "R", 1 ], [ "R", 1 ], [ "R", 28 ], [ "R", 17 ], [ "R", 1 ], [ "W", 17 ], [ "W", 1 ], [ "R", 26 ], [ "R", 26 ], [ "R", 17 ], [ "R", 17 ], [ "R", 17 ], [ "W", 1 ], [ "W", 1 ], [ "W", 1 ], [ "R", 13 ], [ "R", 5 ], [ "R", 5 ], [ "R", 5 ], [ "R", 1 ], [ "R", 5 ], [ "R", 13 ], [ "R", 5 ], [ "R", 5 ], [ "R", 5 ], [ "R", 1 ], [ "R", 5 ], [ "R", 13 ], [ "R", 17 ], [ "R", 1 ], [ "R", 13 ], [ "W", 17 ], [ "W", 9 ], [ "W", 5 ], [ "W", 9 ], [ "W", 17 ], [ "W", 9 ], [ "W", 9 ], [ "W", 5 ], [ "W", 9 ], [ "W", 17 ], [ "W", 9 ], [ "R", 1 ], [ "R", 13 ], [ "R", 13 ], [ "R", 1 ], [ "R", 1 ], [ "R", 1 ], [ "R", 28 ] ]
    } ]
  },
  "ReservaClienteController.save" : {
    "t" : [ {
      "id" : 0,
      "a" : [ [ "R", 24 ], [ "R", 13 ], [ "R", 13 ], [ "R", 7 ], [ "R", 7 ], [ "R", 7 ], [ "R", 28 ], [ "R", 24 ], [ "R", 7 ], [ "R", 13 ], [ "R", 13 ], [ "R", 13 ], [ "R", 24 ], [ "R", 24 ], [ "R", 18 ], [ "W", 18 ], [ "R", 24 ], [ "R", 18 ], [ "R", 13 ], [ "R", 13 ], [ "R", 13 ], [ "W", 18 ], [ "R", 13 ], [ "R", 14 ], [ "R", 14 ], [ "R", 14 ], [ "R", 24 ], [ "W", 14 ], [ "R", 13 ], [ "R", 15 ], [ "R", 15 ], [ "R", 15 ], [ "R", 24 ], [ "R", 13 ], [ "R", 13 ], [ "R", 15 ], [ "W", 15 ], [ "R", 13 ], [ "R", 13 ], [ "R", 1 ], [ "R", 1 ], [ "R", 1 ], [ "R", 28 ], [ "R", 13 ], [ "R", 24 ], [ "R", 7 ], [ "R", 13 ], [ "R", 24 ], [ "R", 12 ], [ "R", 12 ], [ "W", 12 ], [ "W", 24 ], [ "W", 12 ], [ "R", 13 ], [ "R", 13 ], [ "R", 1 ], [ "R", 1 ], [ "R", 1 ], [ "R", 28 ], [ "R", 24 ], [ "R", 7 ], [ "R", 13 ], [ "R", 13 ], [ "R", 24 ], [ "R", 25 ], [ "R", 13 ], [ "R", 13 ], [ "R", 13 ], [ "W", 24 ], [ "R", 13 ], [ "R", 13 ], [ "R", 7 ], [ "R", 7 ], [ "R", 7 ], [ "R", 28 ], [ "W", 24 ], [ "W", 7 ], [ "W", 24 ], [ "W", 24 ], [ "W", 24 ] ]
    } ]
  },
  "ReservaRestauranteController.display" : {
    "t" : [ {
      "id" : 0,
      "a" : [ [ "R", 13 ], [ "R", 13 ], [ "R", 25 ], [ "R", 25 ], [ "R", 25 ], [ "R", 28 ], [ "R", 24 ], [ "R", 13 ], [ "R", 24 ], [ "R", 25 ], [ "R", 13 ], [ "R", 24 ] ]
    } ]
  },
  "ReservaRestauranteController.accept" : {
    "t" : [ {
      "id" : 0,
      "a" : [ [ "R", 24 ], [ "R", 24 ], [ "R", 25 ], [ "R", 13 ], [ "R", 24 ], [ "R", 18 ], [ "R", 18 ], [ "R", 18 ], [ "R", 25 ], [ "R", 18 ], [ "R", 18 ] ]
    } ]
  },
  "AdministratorController.getScoreRestaurant" : {
    "t" : [ {
      "id" : 0,
      "a" : [ [ "R", 13 ], [ "R", 13 ], [ "R", 1 ], [ "R", 1 ], [ "R", 1 ], [ "R", 28 ], [ "R", 1 ], [ "R", 28 ], [ "R", 28 ], [ "R", 25 ], [ "R", 13 ], [ "R", 29 ], [ "R", 29 ], [ "R", 29 ], [ "R", 25 ], [ "W", 25 ], [ "W", 25 ], [ "W", 25 ] ]
    } ]
  },
  "AlergenoAdministratorController.edit" : {
    "t" : [ {
      "id" : 0,
      "a" : [ [ "R", 3 ] ]
    } ]
  },
  "ConsumicionesRestauranteController.edit" : {
    "t" : [ {
      "id" : 0,
      "a" : [ [ "R", 8 ], [ "R", 18 ], [ "R", 18 ], [ "R", 18 ] ]
    } ]
  },
  "ActorController.displayCritico" : {
    "t" : [ {
      "id" : 0,
      "a" : [ [ "R", 11 ], [ "R", 13 ], [ "R", 13 ], [ "R", 1 ], [ "R", 1 ], [ "R", 1 ], [ "R", 28 ], [ "R", 13 ], [ "R", 13 ], [ "R", 1 ], [ "R", 1 ], [ "R", 1 ], [ "R", 28 ], [ "R", 13 ], [ "R", 13 ], [ "R", 13 ], [ "R", 1 ], [ "R", 1 ], [ "R", 1 ], [ "R", 28 ], [ "R", 13 ], [ "R", 11 ], [ "R", 13 ] ]
    } ]
  },
  "QuedadaRestauranteController.list" : {
    "t" : [ {
      "id" : 0,
      "a" : [ [ "R", 13 ], [ "R", 13 ], [ "R", 25 ], [ "R", 25 ], [ "R", 25 ], [ "R", 28 ], [ "R", 13 ], [ "R", 23 ], [ "R", 23 ], [ "R", 23 ], [ "R", 18 ], [ "R", 25 ] ]
    } ]
  },
  "BuscadorClienteController.create" : {
    "t" : [ {
      "id" : 0,
      "a" : [ [ "R", 13 ], [ "R", 13 ], [ "R", 7 ], [ "R", 7 ], [ "R", 7 ], [ "R", 28 ], [ "R", 13 ], [ "R", 6 ], [ "R", 6 ], [ "R", 6 ], [ "R", 7 ], [ "W", 6 ], [ "W", 25 ], [ "W", 6 ], [ "R", 13 ], [ "R", 13 ], [ "R", 7 ], [ "R", 7 ], [ "R", 7 ], [ "R", 28 ], [ "W", 6 ], [ "W", 7 ], [ "W", 6 ], [ "W", 6 ], [ "W", 7 ], [ "R", 6 ], [ "R", 26 ], [ "R", 26 ], [ "R", 6 ], [ "R", 25 ], [ "R", 6 ], [ "R", 25 ], [ "R", 26 ], [ "R", 26 ], [ "R", 26 ], [ "R", 26 ], [ "R", 6 ], [ "R", 22 ], [ "R", 22 ], [ "R", 25 ], [ "R", 22 ], [ "R", 6 ], [ "R", 25 ], [ "R", 6 ], [ "R", 18 ], [ "R", 18 ], [ "R", 18 ], [ "R", 18 ], [ "R", 25 ], [ "R", 6 ], [ "R", 13 ], [ "R", 29 ], [ "R", 29 ], [ "R", 29 ], [ "R", 25 ], [ "R", 6 ], [ "R", 26 ], [ "R", 26 ], [ "R", 26 ], [ "R", 26 ], [ "W", 6 ], [ "W", 25 ], [ "R", 13 ], [ "R", 13 ], [ "R", 7 ], [ "R", 7 ], [ "R", 7 ], [ "R", 28 ], [ "W", 6 ], [ "W", 7 ], [ "W", 6 ], [ "R", 6 ], [ "R", 25 ] ]
    } ]
  },
  "ValoracionesClienteController.delete" : {
    "t" : [ {
      "id" : 0,
      "a" : [ [ "R", 29 ], [ "R", 13 ], [ "R", 13 ], [ "R", 7 ], [ "R", 7 ], [ "R", 7 ], [ "R", 28 ], [ "R", 29 ], [ "R", 7 ], [ "R", 13 ], [ "R", 13 ], [ "R", 13 ], [ "W", 29 ] ]
    } ]
  },
  "MesasRestauranteController.delete" : {
    "t" : [ {
      "id" : 0,
      "a" : [ [ "R", 18 ], [ "R", 13 ], [ "R", 13 ], [ "R", 1 ], [ "R", 1 ], [ "R", 1 ], [ "R", 28 ], [ "R", 1 ], [ "R", 28 ], [ "R", 28 ], [ "R", 13 ], [ "R", 13 ], [ "R", 25 ], [ "R", 25 ], [ "R", 25 ], [ "R", 28 ], [ "R", 13 ], [ "R", 13 ], [ "R", 18 ], [ "R", 13 ], [ "R", 13 ], [ "R", 25 ], [ "R", 25 ], [ "R", 25 ], [ "R", 28 ], [ "R", 13 ], [ "R", 18 ], [ "R", 18 ], [ "R", 18 ], [ "R", 25 ], [ "W", 18 ], [ "R", 13 ], [ "R", 13 ], [ "R", 1 ], [ "R", 1 ], [ "R", 1 ], [ "R", 28 ], [ "R", 18 ], [ "R", 25 ], [ "R", 13 ], [ "R", 13 ], [ "R", 13 ], [ "R", 13 ], [ "R", 1 ], [ "R", 1 ], [ "R", 1 ], [ "R", 28 ], [ "R", 1 ], [ "R", 28 ], [ "R", 28 ], [ "R", 13 ], [ "R", 13 ], [ "R", 25 ], [ "R", 25 ], [ "R", 25 ], [ "R", 28 ], [ "R", 13 ], [ "R", 13 ], [ "R", 25 ], [ "R", 25 ], [ "R", 25 ], [ "R", 28 ], [ "W", 18 ], [ "W", 25 ], [ "W", 18 ], [ "W", 18 ], [ "R", 13 ], [ "R", 13 ], [ "R", 25 ], [ "R", 25 ], [ "R", 25 ], [ "R", 28 ], [ "R", 13 ], [ "R", 18 ], [ "R", 18 ], [ "R", 18 ], [ "R", 25 ], [ "W", 18 ], [ "R", 13 ], [ "R", 13 ], [ "R", 25 ], [ "R", 25 ], [ "R", 25 ], [ "R", 28 ], [ "R", 13 ], [ "R", 18 ], [ "R", 18 ], [ "R", 18 ], [ "R", 25 ], [ "W", 18 ], [ "R", 13 ], [ "R", 13 ], [ "R", 18 ], [ "R", 18 ], [ "W", 18 ], [ "R", 18 ], [ "W", 18 ], [ "W", 18 ], [ "W", 18 ], [ "W", 18 ] ]
    } ]
  },
  "AnalisisCriticoController.create" : {
    "t" : [ {
      "id" : 0,
      "a" : [ [ "R", 22 ], [ "R", 13 ], [ "R", 13 ], [ "R", 11 ], [ "R", 11 ], [ "R", 11 ], [ "R", 28 ], [ "W", 4 ], [ "W", 11 ], [ "W", 4 ], [ "W", 22 ], [ "R", 13 ] ]
    } ]
  },
  "ReservaClienteController.list" : {
    "t" : [ {
      "id" : 0,
      "a" : [ [ "R", 13 ], [ "R", 13 ], [ "R", 7 ], [ "R", 7 ], [ "R", 7 ], [ "R", 28 ], [ "R", 13 ], [ "R", 24 ], [ "R", 24 ], [ "R", 24 ], [ "R", 7 ] ]
    } ]
  },
  "ExportAndDeleteCriticoController.export" : {
    "t" : [ {
      "id" : 0,
      "a" : [ [ "R", 13 ], [ "R", 13 ], [ "R", 11 ], [ "R", 11 ], [ "R", 11 ], [ "R", 28 ], [ "R", 1 ], [ "R", 1 ], [ "R", 1 ], [ "R", 1 ], [ "R", 1 ], [ "R", 13 ], [ "R", 5 ], [ "R", 5 ], [ "R", 5 ], [ "R", 1 ], [ "R", 5 ], [ "R", 13 ], [ "R", 17 ], [ "R", 17 ], [ "R", 17 ], [ "R", 1 ], [ "R", 17 ], [ "R", 17 ], [ "R", 17 ], [ "R", 17 ], [ "R", 13 ], [ "R", 17 ], [ "R", 17 ], [ "R", 17 ], [ "R", 1 ], [ "R", 17 ], [ "R", 17 ], [ "R", 17 ], [ "R", 17 ], [ "R", 13 ], [ "R", 4 ], [ "R", 4 ], [ "R", 4 ], [ "R", 11 ], [ "R", 4 ], [ "R", 4 ], [ "R", 4 ], [ "R", 4 ], [ "R", 22 ], [ "R", 22 ], [ "R", 22 ], [ "R", 22 ], [ "R", 22 ], [ "R", 22 ], [ "R", 3 ], [ "R", 3 ], [ "R", 13 ], [ "R", 10 ], [ "R", 10 ], [ "R", 10 ], [ "R", 11 ], [ "R", 10 ], [ "R", 10 ], [ "R", 10 ], [ "R", 10 ], [ "R", 10 ], [ "R", 10 ] ]
    } ]
  },
  "CuponesRestauranteController.delete" : {
    "t" : [ {
      "id" : 0,
      "a" : [ [ "R", 12 ], [ "R", 13 ], [ "R", 13 ], [ "R", 1 ], [ "R", 1 ], [ "R", 1 ], [ "R", 28 ], [ "R", 1 ], [ "R", 28 ], [ "R", 28 ], [ "R", 13 ], [ "R", 13 ], [ "R", 25 ], [ "R", 25 ], [ "R", 25 ], [ "R", 28 ], [ "R", 13 ], [ "R", 13 ], [ "R", 12 ], [ "W", 12 ] ]
    } ]
  },
  "PeticionRestauranteController.list" : {
    "t" : [ {
      "id" : 0,
      "a" : [ [ "R", 13 ], [ "R", 13 ], [ "R", 25 ], [ "R", 25 ], [ "R", 25 ], [ "R", 28 ], [ "R", 13 ], [ "R", 21 ], [ "R", 21 ], [ "R", 21 ], [ "R", 23 ], [ "R", 18 ], [ "R", 25 ] ]
    } ]
  },
  "AnalisisCriticoController.edit" : {
    "t" : [ {
      "id" : 0,
      "a" : [ [ "R", 4 ], [ "R", 13 ] ]
    } ]
  },
  "LineaPlatoOfertaRestauranteController.delete" : {
    "t" : [ {
      "id" : 0,
      "a" : [ [ "R", 16 ], [ "R", 13 ], [ "R", 13 ], [ "R", 1 ], [ "R", 1 ], [ "R", 1 ], [ "R", 28 ], [ "R", 1 ], [ "R", 28 ], [ "R", 28 ], [ "R", 13 ], [ "R", 13 ], [ "R", 25 ], [ "R", 25 ], [ "R", 25 ], [ "R", 28 ], [ "R", 13 ], [ "R", 13 ], [ "R", 16 ], [ "W", 16 ], [ "R", 16 ], [ "R", 20 ], [ "R", 13 ], [ "R", 13 ], [ "R", 1 ], [ "R", 1 ], [ "R", 1 ], [ "R", 28 ], [ "R", 1 ], [ "R", 28 ], [ "R", 28 ], [ "R", 13 ], [ "R", 13 ], [ "R", 25 ], [ "R", 25 ], [ "R", 25 ], [ "R", 28 ], [ "R", 13 ], [ "R", 13 ], [ "R", 1 ], [ "R", 1 ], [ "R", 1 ], [ "R", 28 ], [ "R", 1 ], [ "R", 28 ], [ "R", 28 ], [ "R", 13 ], [ "R", 13 ], [ "R", 25 ], [ "R", 25 ], [ "R", 25 ], [ "R", 28 ], [ "W", 20 ], [ "W", 20 ], [ "R", 13 ], [ "R", 13 ], [ "R", 25 ], [ "R", 25 ], [ "R", 25 ], [ "R", 28 ], [ "W", 20 ], [ "W", 25 ], [ "R", 13 ], [ "R", 13 ], [ "R", 20 ], [ "R", 13 ], [ "R", 13 ], [ "R", 25 ], [ "R", 25 ], [ "R", 25 ], [ "R", 28 ], [ "R", 13 ], [ "R", 20 ], [ "R", 25 ], [ "R", 13 ], [ "R", 20 ], [ "W", 20 ], [ "R", 13 ], [ "R", 16 ], [ "R", 16 ], [ "R", 16 ], [ "R", 20 ], [ "R", 16 ], [ "R", 22 ], [ "R", 22 ], [ "R", 16 ], [ "R", 20 ], [ "W", 20 ], [ "R", 13 ], [ "R", 16 ], [ "R", 16 ], [ "R", 16 ], [ "R", 20 ], [ "R", 16 ], [ "R", 22 ], [ "R", 22 ], [ "R", 16 ], [ "R", 16 ], [ "R", 22 ], [ "R", 22 ], [ "R", 16 ], [ "W", 20 ], [ "W", 20 ], [ "W", 20 ], [ "R", 16 ], [ "R", 20 ], [ "R", 13 ], [ "R", 16 ], [ "R", 20 ], [ "R", 13 ] ]
    } ]
  },
  "OfertaRestauranteController.delete" : {
    "t" : [ {
      "id" : 0,
      "a" : [ [ "R", 20 ], [ "R", 13 ], [ "R", 13 ], [ "R", 1 ], [ "R", 1 ], [ "R", 1 ], [ "R", 28 ], [ "R", 1 ], [ "R", 28 ], [ "R", 28 ], [ "R", 13 ], [ "R", 13 ], [ "R", 25 ], [ "R", 25 ], [ "R", 25 ], [ "R", 28 ], [ "R", 13 ], [ "R", 13 ], [ "R", 20 ], [ "R", 13 ], [ "R", 13 ], [ "R", 25 ], [ "R", 25 ], [ "R", 25 ], [ "R", 28 ], [ "R", 13 ], [ "R", 20 ], [ "R", 25 ], [ "R", 13 ], [ "R", 13 ], [ "R", 15 ], [ "R", 15 ], [ "R", 15 ], [ "R", 20 ], [ "R", 13 ], [ "R", 16 ], [ "R", 16 ], [ "R", 16 ], [ "R", 20 ], [ "R", 13 ], [ "R", 13 ], [ "R", 25 ], [ "R", 25 ], [ "R", 25 ], [ "R", 28 ], [ "R", 15 ], [ "R", 24 ], [ "R", 24 ], [ "R", 25 ], [ "R", 13 ], [ "R", 13 ], [ "R", 13 ], [ "R", 13 ], [ "R", 13 ], [ "R", 15 ], [ "W", 15 ], [ "R", 13 ], [ "R", 13 ], [ "R", 1 ], [ "R", 1 ], [ "R", 1 ], [ "R", 28 ], [ "R", 1 ], [ "R", 28 ], [ "R", 28 ], [ "R", 13 ], [ "R", 13 ], [ "R", 25 ], [ "R", 25 ], [ "R", 25 ], [ "R", 28 ], [ "R", 13 ], [ "R", 13 ], [ "R", 16 ], [ "W", 16 ], [ "R", 16 ], [ "R", 20 ], [ "R", 13 ], [ "R", 13 ], [ "R", 1 ], [ "R", 1 ], [ "R", 1 ], [ "R", 28 ], [ "R", 1 ], [ "R", 28 ], [ "R", 28 ], [ "R", 13 ], [ "R", 13 ], [ "R", 25 ], [ "R", 25 ], [ "R", 25 ], [ "R", 28 ], [ "R", 13 ], [ "R", 13 ], [ "R", 1 ], [ "R", 1 ], [ "R", 1 ], [ "R", 28 ], [ "R", 1 ], [ "R", 28 ], [ "R", 28 ], [ "R", 13 ], [ "R", 13 ], [ "R", 25 ], [ "R", 25 ], [ "R", 25 ], [ "R", 28 ], [ "W", 20 ], [ "W", 20 ], [ "R", 13 ], [ "R", 13 ], [ "R", 25 ], [ "R", 25 ], [ "R", 25 ], [ "R", 28 ], [ "W", 20 ], [ "W", 25 ], [ "R", 13 ], [ "R", 13 ], [ "R", 20 ], [ "R", 13 ], [ "R", 13 ], [ "R", 25 ], [ "R", 25 ], [ "R", 25 ], [ "R", 28 ], [ "R", 13 ], [ "R", 20 ], [ "R", 25 ], [ "R", 13 ], [ "R", 20 ], [ "W", 20 ], [ "R", 13 ], [ "R", 16 ], [ "R", 16 ], [ "R", 16 ], [ "R", 20 ], [ "R", 16 ], [ "R", 22 ], [ "R", 22 ], [ "R", 16 ], [ "R", 20 ], [ "W", 20 ], [ "R", 13 ], [ "R", 16 ], [ "R", 16 ], [ "R", 16 ], [ "R", 20 ], [ "R", 16 ], [ "R", 22 ], [ "R", 22 ], [ "R", 16 ], [ "R", 16 ], [ "R", 22 ], [ "R", 22 ], [ "R", 16 ], [ "W", 20 ], [ "W", 20 ], [ "W", 20 ], [ "W", 20 ] ]
    } ]
  },
  "ReservaClienteController.create" : {
    "t" : [ {
      "id" : 0,
      "a" : [ [ "R", 25 ], [ "W", 24 ], [ "W", 25 ], [ "W", 24 ], [ "R", 13 ], [ "R", 13 ], [ "R", 7 ], [ "R", 7 ], [ "R", 7 ], [ "R", 28 ], [ "W", 24 ], [ "W", 7 ], [ "W", 24 ] ]
    } ]
  },
  "ValoracionesClienteController.edit" : {
    "t" : [ {
      "id" : 0,
      "a" : [ [ "R", 29 ] ]
    } ]
  },
  "AdministratorController.dashboard" : {
    "t" : [ {
      "id" : 0,
      "a" : [ [ "R", 8 ], [ "R", 8 ], [ "R", 18 ], [ "R", 8 ], [ "R", 18 ], [ "R", 25 ], [ "R", 8 ], [ "R", 18 ], [ "R", 25 ], [ "R", 8 ], [ "R", 18 ], [ "R", 25 ], [ "R", 8 ], [ "R", 8 ], [ "R", 8 ], [ "R", 18 ], [ "R", 8 ], [ "R", 18 ], [ "R", 25 ], [ "R", 8 ], [ "R", 18 ], [ "R", 25 ], [ "R", 8 ], [ "R", 18 ], [ "R", 25 ], [ "R", 8 ], [ "R", 18 ], [ "R", 25 ], [ "R", 25 ], [ "R", 25 ], [ "R", 10 ], [ "R", 10 ], [ "R", 25 ], [ "R", 10 ], [ "R", 25 ], [ "R", 10 ], [ "R", 10 ], [ "R", 25 ], [ "R", 10 ], [ "R", 10 ], [ "R", 10 ], [ "R", 25 ], [ "R", 10 ], [ "R", 25 ], [ "R", 10 ], [ "R", 10 ], [ "R", 25 ], [ "R", 10 ], [ "R", 10 ], [ "R", 10 ], [ "R", 25 ], [ "R", 10 ], [ "R", 25 ], [ "R", 10 ], [ "R", 10 ], [ "R", 25 ], [ "R", 10 ], [ "R", 10 ], [ "R", 10 ], [ "R", 25 ], [ "R", 10 ], [ "R", 25 ], [ "R", 10 ], [ "R", 10 ], [ "R", 25 ], [ "R", 10 ] ]
    } ]
  },
  "AlergenoAdministratorController.delete" : {
    "t" : [ {
      "id" : 0,
      "a" : [ [ "R", 3 ], [ "R", 13 ], [ "R", 13 ], [ "R", 1 ], [ "R", 1 ], [ "R", 1 ], [ "R", 28 ], [ "R", 1 ], [ "R", 28 ], [ "R", 28 ], [ "R", 13 ], [ "R", 13 ], [ "R", 2 ], [ "R", 2 ], [ "R", 2 ], [ "R", 28 ], [ "R", 13 ], [ "R", 13 ], [ "R", 3 ], [ "W", 3 ] ]
    } ]
  },
  "PlatosRestauranteController.list" : {
    "t" : [ {
      "id" : 0,
      "a" : [ [ "R", 13 ], [ "R", 13 ], [ "R", 25 ], [ "R", 25 ], [ "R", 25 ], [ "R", 28 ], [ "R", 13 ], [ "R", 22 ], [ "R", 22 ], [ "R", 22 ], [ "R", 25 ] ]
    } ]
  },
  "CriticaCriticoController.edit" : {
    "t" : [ {
      "id" : 0,
      "a" : [ [ "R", 10 ], [ "R", 13 ] ]
    } ]
  },
  "AdministratorController.userManagement" : {
    "t" : [ {
      "id" : 0,
      "a" : [ [ "R", 1 ] ]
    } ]
  },
  "CuponesRestauranteController.list" : {
    "t" : [ {
      "id" : 0,
      "a" : [ [ "R", 13 ], [ "R", 13 ], [ "R", 25 ], [ "R", 25 ], [ "R", 25 ], [ "R", 28 ], [ "R", 13 ], [ "R", 12 ], [ "R", 12 ], [ "R", 12 ], [ "R", 25 ] ]
    } ]
  },
  "MesasRestauranteController.edit" : {
    "t" : [ {
      "id" : 0,
      "a" : [ [ "R", 18 ] ]
    } ]
  },
  "CriticaCriticoController.create" : {
    "t" : [ {
      "id" : 0,
      "a" : [ [ "R", 25 ], [ "R", 13 ], [ "R", 13 ], [ "R", 11 ], [ "R", 11 ], [ "R", 11 ], [ "R", 28 ], [ "W", 10 ], [ "W", 11 ], [ "W", 10 ], [ "W", 25 ], [ "R", 13 ] ]
    } ]
  },
  "ActorController.saveCritico" : {
    "t" : [ {
      "id" : 0,
      "a" : [ [ "R", 13 ], [ "R", 13 ], [ "R", 1 ], [ "R", 1 ], [ "R", 1 ], [ "R", 28 ], [ "R", 13 ], [ "R", 11 ], [ "W", 1 ], [ "W", 1 ], [ "W", 1 ], [ "W", 1 ], [ "W", 11 ], [ "W", 11 ] ]
    } ]
  },
  "ReservaClienteController.deleteLineaOfertaReserva" : {
    "t" : [ {
      "id" : 0,
      "a" : [ [ "R", 15 ], [ "R", 15 ], [ "R", 24 ], [ "R", 13 ], [ "R", 13 ], [ "R", 13 ], [ "R", 7 ], [ "R", 7 ], [ "R", 7 ], [ "R", 28 ], [ "R", 15 ], [ "R", 24 ], [ "R", 24 ], [ "R", 7 ], [ "R", 13 ], [ "R", 13 ], [ "R", 13 ], [ "R", 13 ], [ "R", 13 ], [ "R", 15 ], [ "W", 15 ] ]
    } ]
  },
  "RestaurantController.list" : {
    "t" : [ {
      "id" : 0,
      "a" : [ [ "R", 25 ] ]
    } ]
  },
  "ExportAndDeleteRestauranteController.delete" : {
    "t" : [ {
      "id" : 0,
      "a" : [ [ "R", 13 ], [ "R", 13 ], [ "R", 25 ], [ "R", 25 ], [ "R", 25 ], [ "R", 28 ], [ "W", 1 ], [ "W", 1 ], [ "W", 1 ], [ "W", 1 ], [ "W", 1 ], [ "W", 25 ], [ "W", 25 ], [ "W", 25 ], [ "W", 25 ], [ "W", 1 ], [ "W", 1 ], [ "R", 1 ], [ "R", 28 ], [ "W", 28 ], [ "W", 28 ] ]
    } ]
  },
  "MensajeController.display" : {
    "t" : [ {
      "id" : 0,
      "a" : [ [ "R", 17 ], [ "R", 13 ], [ "R", 13 ], [ "R", 1 ], [ "R", 1 ], [ "R", 1 ], [ "R", 28 ], [ "R", 17 ], [ "R", 1 ], [ "R", 13 ], [ "R", 13 ], [ "R", 17 ], [ "R", 1 ], [ "R", 13 ], [ "R", 13 ] ]
    } ]
  },
  "ActorController.editAdministrador" : {
    "t" : [ {
      "id" : 0,
      "a" : [ [ "R", 13 ], [ "R", 13 ], [ "R", 1 ], [ "R", 1 ], [ "R", 1 ], [ "R", 28 ], [ "R", 13 ], [ "R", 2 ], [ "R", 1 ], [ "R", 1 ], [ "R", 1 ], [ "R", 1 ] ]
    } ]
  },
  "AnalisisCriticoController.delete" : {
    "t" : [ {
      "id" : 0,
      "a" : [ [ "R", 13 ], [ "R", 13 ], [ "R", 4 ], [ "R", 4 ], [ "R", 22 ], [ "W", 4 ], [ "W", 22 ], [ "R", 4 ], [ "R", 11 ], [ "W", 4 ], [ "W", 11 ], [ "W", 4 ], [ "R", 13 ], [ "R", 13 ], [ "R", 4 ], [ "R", 4 ], [ "R", 13 ], [ "R", 13 ], [ "R", 11 ], [ "R", 11 ], [ "R", 11 ], [ "R", 28 ], [ "R", 4 ], [ "R", 11 ], [ "R", 13 ], [ "R", 13 ], [ "R", 13 ], [ "W", 4 ], [ "R", 13 ] ]
    } ]
  },
  "ReservaRestauranteController.finalize" : {
    "t" : [ {
      "id" : 0,
      "a" : [ [ "R", 24 ], [ "R", 24 ], [ "R", 13 ], [ "R", 13 ], [ "R", 1 ], [ "R", 1 ], [ "R", 1 ], [ "R", 28 ], [ "R", 24 ], [ "R", 18 ], [ "W", 18 ], [ "W", 24 ], [ "W", 18 ], [ "R", 24 ], [ "R", 27 ], [ "R", 27 ], [ "W", 12 ], [ "W", 12 ], [ "R", 24 ], [ "R", 12 ], [ "R", 24 ], [ "R", 12 ], [ "R", 12 ], [ "W", 27 ], [ "R", 27 ], [ "R", 27 ], [ "R", 27 ], [ "R", 12 ], [ "W", 27 ], [ "W", 24 ], [ "R", 13 ], [ "R", 13 ], [ "R", 1 ], [ "R", 1 ], [ "R", 1 ], [ "R", 28 ], [ "R", 18 ], [ "R", 25 ], [ "R", 13 ], [ "R", 13 ], [ "R", 13 ], [ "R", 13 ], [ "R", 1 ], [ "R", 1 ], [ "R", 1 ], [ "R", 28 ], [ "R", 1 ], [ "R", 28 ], [ "R", 28 ], [ "R", 13 ], [ "R", 13 ], [ "R", 25 ], [ "R", 25 ], [ "R", 25 ], [ "R", 28 ], [ "R", 13 ], [ "R", 13 ], [ "R", 25 ], [ "R", 25 ], [ "R", 25 ], [ "R", 28 ], [ "W", 18 ], [ "W", 25 ], [ "W", 18 ], [ "W", 18 ], [ "R", 13 ], [ "R", 13 ], [ "R", 25 ], [ "R", 25 ], [ "R", 25 ], [ "R", 28 ], [ "R", 13 ], [ "R", 18 ], [ "R", 18 ], [ "R", 18 ], [ "R", 25 ], [ "W", 18 ], [ "R", 13 ], [ "R", 13 ], [ "R", 25 ], [ "R", 25 ], [ "R", 25 ], [ "R", 28 ], [ "R", 13 ], [ "R", 18 ], [ "R", 18 ], [ "R", 18 ], [ "R", 25 ], [ "W", 18 ], [ "R", 13 ], [ "R", 13 ], [ "R", 18 ], [ "R", 18 ], [ "W", 18 ], [ "R", 18 ], [ "W", 18 ], [ "W", 18 ], [ "W", 18 ], [ "W", 27 ], [ "R", 13 ], [ "R", 13 ], [ "R", 1 ], [ "R", 1 ], [ "R", 1 ], [ "R", 28 ], [ "R", 24 ], [ "R", 7 ], [ "R", 13 ], [ "R", 13 ], [ "R", 24 ], [ "R", 25 ], [ "R", 13 ], [ "R", 13 ], [ "R", 13 ], [ "W", 24 ], [ "R", 13 ], [ "R", 13 ], [ "R", 7 ], [ "R", 7 ], [ "R", 7 ], [ "R", 28 ], [ "W", 24 ], [ "W", 7 ], [ "W", 24 ], [ "W", 24 ], [ "R", 24 ], [ "R", 7 ], [ "R", 24 ], [ "R", 25 ], [ "R", 24 ], [ "R", 25 ], [ "R", 24 ], [ "R", 7 ], [ "W", 17 ], [ "W", 1 ], [ "W", 17 ], [ "W", 1 ], [ "W", 17 ], [ "R", 24 ], [ "R", 24 ], [ "R", 24 ], [ "R", 24 ], [ "W", 17 ], [ "W", 17 ], [ "R", 13 ], [ "R", 5 ], [ "R", 5 ], [ "R", 5 ], [ "R", 1 ], [ "R", 5 ], [ "R", 13 ], [ "R", 5 ], [ "R", 5 ], [ "R", 5 ], [ "R", 1 ], [ "R", 5 ], [ "W", 17 ], [ "W", 9 ], [ "W", 5 ], [ "W", 9 ], [ "W", 17 ], [ "W", 9 ], [ "W", 9 ], [ "W", 5 ], [ "W", 9 ], [ "W", 17 ], [ "W", 9 ] ]
    } ]
  },
  "ActorController.editRestaurante" : {
    "t" : [ {
      "id" : 0,
      "a" : [ [ "R", 13 ], [ "R", 13 ], [ "R", 1 ], [ "R", 1 ], [ "R", 1 ], [ "R", 28 ], [ "R", 13 ], [ "R", 25 ], [ "R", 1 ], [ "R", 1 ], [ "R", 1 ], [ "R", 1 ], [ "W", 25 ], [ "R", 25 ], [ "R", 25 ] ]
    } ]
  },
  "MensajeController.delete" : {
    "t" : [ {
      "id" : 0,
      "a" : [ [ "R", 17 ], [ "R", 13 ], [ "R", 13 ], [ "R", 1 ], [ "R", 1 ], [ "R", 1 ], [ "R", 28 ], [ "R", 13 ], [ "R", 13 ], [ "R", 9 ], [ "R", 9 ], [ "R", 9 ], [ "R", 5 ], [ "R", 1 ], [ "R", 9 ], [ "R", 17 ], [ "R", 9 ], [ "R", 5 ], [ "R", 5 ], [ "W", 9 ], [ "R", 13 ], [ "R", 5 ], [ "R", 5 ], [ "R", 5 ], [ "R", 1 ], [ "R", 5 ], [ "W", 9 ], [ "W", 5 ], [ "R", 13 ], [ "R", 13 ], [ "R", 1 ], [ "R", 1 ], [ "R", 1 ], [ "R", 28 ], [ "R", 9 ], [ "R", 17 ], [ "R", 13 ], [ "R", 13 ], [ "R", 9 ], [ "R", 9 ], [ "R", 9 ], [ "R", 5 ], [ "R", 1 ], [ "R", 9 ], [ "R", 17 ], [ "R", 9 ], [ "R", 5 ], [ "R", 5 ], [ "R", 1 ], [ "R", 13 ], [ "R", 9 ], [ "R", 5 ], [ "R", 5 ], [ "R", 1 ], [ "R", 13 ], [ "R", 9 ], [ "R", 5 ], [ "R", 5 ], [ "R", 1 ], [ "R", 13 ], [ "R", 13 ], [ "W", 9 ] ]
    } ]
  },
  "PeticionRestauranteController.reject" : {
    "t" : [ {
      "id" : 0,
      "a" : [ [ "R", 21 ], [ "R", 21 ], [ "R", 13 ], [ "R", 13 ], [ "R", 25 ], [ "R", 25 ], [ "R", 25 ], [ "R", 28 ], [ "R", 1 ], [ "R", 28 ], [ "R", 28 ], [ "W", 21 ], [ "W", 21 ] ]
    } ]
  },
  "CuponesRestauranteController.edit" : {
    "t" : [ {
      "id" : 0,
      "a" : [ [ "R", 13 ], [ "R", 13 ], [ "R", 1 ], [ "R", 1 ], [ "R", 1 ], [ "R", 28 ], [ "R", 1 ], [ "R", 28 ], [ "R", 28 ], [ "R", 13 ], [ "R", 13 ], [ "R", 1 ], [ "R", 1 ], [ "R", 1 ], [ "R", 28 ], [ "R", 1 ], [ "R", 28 ], [ "R", 28 ], [ "R", 13 ], [ "R", 13 ], [ "R", 25 ], [ "R", 25 ], [ "R", 25 ], [ "R", 28 ], [ "R", 13 ], [ "R", 13 ], [ "R", 25 ], [ "R", 25 ], [ "R", 25 ], [ "R", 28 ], [ "W", 12 ], [ "W", 25 ], [ "W", 12 ], [ "W", 12 ], [ "R", 13 ], [ "R", 13 ], [ "R", 1 ], [ "R", 1 ], [ "R", 1 ], [ "R", 28 ], [ "R", 1 ], [ "R", 28 ], [ "R", 28 ], [ "R", 13 ], [ "R", 13 ], [ "R", 25 ], [ "R", 25 ], [ "R", 25 ], [ "R", 28 ], [ "R", 13 ], [ "R", 13 ], [ "R", 25 ], [ "R", 25 ], [ "R", 25 ], [ "R", 28 ], [ "R", 13 ], [ "R", 12 ], [ "R", 12 ], [ "R", 12 ], [ "R", 25 ], [ "R", 12 ], [ "R", 12 ], [ "R", 12 ], [ "R", 13 ], [ "R", 13 ], [ "R", 25 ], [ "R", 25 ], [ "R", 25 ], [ "R", 28 ], [ "R", 25 ], [ "W", 12 ], [ "W", 12 ], [ "W", 12 ], [ "W", 12 ], [ "W", 12 ], [ "W", 12 ], [ "W", 12 ], [ "W", 12 ], [ "R", 13 ], [ "R", 13 ], [ "R", 1 ], [ "R", 1 ], [ "R", 1 ], [ "R", 28 ], [ "R", 1 ], [ "R", 28 ], [ "R", 28 ], [ "R", 13 ], [ "R", 13 ], [ "R", 25 ], [ "R", 25 ], [ "R", 25 ], [ "R", 28 ], [ "R", 13 ], [ "R", 13 ], [ "R", 1 ], [ "R", 1 ], [ "R", 1 ], [ "R", 28 ], [ "R", 1 ], [ "R", 28 ], [ "R", 28 ], [ "R", 13 ], [ "R", 13 ], [ "R", 25 ], [ "R", 25 ], [ "R", 25 ], [ "R", 28 ], [ "R", 13 ], [ "R", 13 ], [ "R", 25 ], [ "R", 25 ], [ "R", 25 ], [ "R", 28 ], [ "W", 12 ], [ "W", 25 ], [ "W", 12 ], [ "W", 12 ], [ "R", 13 ], [ "R", 13 ], [ "R", 1 ], [ "R", 1 ], [ "R", 1 ], [ "R", 28 ], [ "R", 1 ], [ "R", 28 ], [ "R", 28 ], [ "R", 13 ], [ "R", 13 ], [ "R", 25 ], [ "R", 25 ], [ "R", 25 ], [ "R", 28 ], [ "R", 13 ], [ "R", 13 ], [ "R", 25 ], [ "R", 25 ], [ "R", 25 ], [ "R", 28 ], [ "R", 13 ], [ "R", 12 ], [ "R", 12 ], [ "R", 12 ], [ "R", 25 ], [ "R", 12 ], [ "R", 12 ], [ "R", 12 ], [ "R", 13 ], [ "R", 13 ], [ "R", 25 ], [ "R", 25 ], [ "R", 25 ], [ "R", 28 ], [ "R", 25 ], [ "W", 12 ], [ "W", 12 ], [ "W", 12 ], [ "R", 13 ], [ "R", 13 ], [ "R", 12 ], [ "R", 12 ], [ "W", 12 ], [ "R", 12 ], [ "W", 12 ], [ "R", 12 ], [ "W", 12 ], [ "R", 12 ], [ "W", 12 ], [ "W", 12 ], [ "W", 12 ] ]
    } ]
  },
  "ActorController.saveRestaurante" : {
    "t" : [ {
      "id" : 0,
      "a" : [ [ "R", 13 ], [ "R", 13 ], [ "R", 1 ], [ "R", 1 ], [ "R", 1 ], [ "R", 28 ], [ "R", 13 ], [ "R", 25 ], [ "W", 1 ], [ "W", 1 ], [ "W", 1 ], [ "W", 1 ], [ "W", 25 ], [ "W", 25 ], [ "W", 25 ], [ "W", 25 ], [ "W", 25 ] ]
    } ]
  },
  "PeticionClienteController.create" : {
    "t" : [ {
      "id" : 0,
      "a" : [ [ "R", 23 ], [ "R", 13 ], [ "R", 13 ], [ "R", 7 ], [ "R", 7 ], [ "R", 7 ], [ "R", 28 ], [ "W", 21 ], [ "W", 21 ], [ "W", 7 ], [ "W", 21 ], [ "W", 21 ], [ "W", 23 ], [ "R", 13 ], [ "R", 13 ], [ "R", 7 ], [ "R", 7 ], [ "R", 7 ], [ "R", 28 ], [ "R", 21 ], [ "R", 7 ], [ "R", 13 ], [ "R", 13 ], [ "R", 13 ], [ "W", 21 ] ]
    } ]
  },
  "AdministratorController.unban" : {
    "t" : [ {
      "id" : 0,
      "a" : [ [ "R", 1 ], [ "R", 1 ], [ "R", 28 ], [ "R", 13 ], [ "R", 13 ], [ "R", 1 ], [ "R", 1 ], [ "R", 1 ], [ "R", 28 ], [ "W", 28 ], [ "W", 28 ] ]
    } ]
  },
  "WelcomeController.index" : {
    "t" : [ {
      "id" : 0,
      "a" : [ [ "R", 26 ], [ "R", 13 ], [ "R", 13 ], [ "R", 1 ], [ "R", 1 ], [ "R", 1 ], [ "R", 28 ], [ "R", 1 ], [ "R", 1 ], [ "R", 26 ], [ "R", 26 ] ]
    } ]
  },
  "QuedadaClienteController.list" : {
    "t" : [ {
      "id" : 0,
      "a" : [ [ "R", 23 ], [ "R", 13 ], [ "R", 13 ], [ "R", 7 ], [ "R", 7 ], [ "R", 7 ], [ "R", 28 ], [ "R", 13 ], [ "R", 21 ], [ "R", 21 ], [ "R", 21 ], [ "R", 7 ], [ "R", 13 ], [ "R", 21 ], [ "R", 21 ], [ "R", 21 ], [ "R", 23 ], [ "R", 21 ], [ "R", 23 ], [ "R", 23 ], [ "R", 13 ], [ "R", 21 ], [ "R", 21 ], [ "R", 21 ], [ "R", 23 ] ]
    } ]
  },
  "ActorController.displayAdministrador" : {
    "t" : [ {
      "id" : 0,
      "a" : [ [ "R", 2 ], [ "R", 13 ], [ "R", 13 ], [ "R", 1 ], [ "R", 1 ], [ "R", 1 ], [ "R", 28 ], [ "R", 13 ], [ "R", 13 ], [ "R", 1 ], [ "R", 1 ], [ "R", 1 ], [ "R", 28 ], [ "R", 13 ], [ "R", 13 ], [ "R", 13 ], [ "R", 1 ], [ "R", 1 ], [ "R", 1 ], [ "R", 28 ], [ "R", 13 ], [ "R", 2 ], [ "R", 13 ] ]
    } ]
  },
  "NotificacionAdminController.create" : {
    "t" : [ {
      "id" : 0,
      "a" : [ [ "R", 13 ], [ "R", 13 ], [ "R", 2 ], [ "R", 2 ], [ "R", 2 ], [ "R", 28 ], [ "W", 19 ], [ "W", 2 ], [ "W", 19 ], [ "W", 19 ] ]
    } ]
  },
  "ConsumicionesRestauranteController.create" : {
    "t" : [ {
      "id" : 0,
      "a" : [ [ "R", 13 ], [ "R", 13 ], [ "R", 1 ], [ "R", 1 ], [ "R", 1 ], [ "R", 28 ], [ "R", 1 ], [ "R", 28 ], [ "R", 28 ], [ "R", 13 ], [ "R", 13 ], [ "R", 25 ], [ "R", 25 ], [ "R", 25 ], [ "R", 28 ], [ "W", 8 ], [ "W", 8 ], [ "R", 18 ], [ "R", 18 ], [ "R", 18 ] ]
    } ]
  },
  "ActorController.displayCliente" : {
    "t" : [ {
      "id" : 0,
      "a" : [ [ "R", 7 ], [ "R", 13 ], [ "R", 13 ], [ "R", 1 ], [ "R", 1 ], [ "R", 1 ], [ "R", 28 ], [ "R", 13 ], [ "R", 13 ], [ "R", 1 ], [ "R", 1 ], [ "R", 1 ], [ "R", 28 ], [ "R", 13 ], [ "R", 13 ], [ "R", 13 ], [ "R", 1 ], [ "R", 1 ], [ "R", 1 ], [ "R", 28 ], [ "R", 13 ], [ "R", 7 ], [ "R", 13 ] ]
    } ]
  },
  "MesasRestauranteController.create" : {
    "t" : [ {
      "id" : 0,
      "a" : [ [ "R", 13 ], [ "R", 13 ], [ "R", 1 ], [ "R", 1 ], [ "R", 1 ], [ "R", 28 ], [ "R", 1 ], [ "R", 28 ], [ "R", 28 ], [ "R", 13 ], [ "R", 13 ], [ "R", 25 ], [ "R", 25 ], [ "R", 25 ], [ "R", 28 ], [ "R", 13 ], [ "R", 13 ], [ "R", 25 ], [ "R", 25 ], [ "R", 25 ], [ "R", 28 ], [ "W", 18 ], [ "W", 25 ], [ "W", 18 ], [ "W", 18 ], [ "R", 13 ], [ "R", 13 ], [ "R", 25 ], [ "R", 25 ], [ "R", 25 ], [ "R", 28 ], [ "R", 13 ], [ "R", 18 ], [ "R", 18 ], [ "R", 18 ], [ "R", 25 ], [ "W", 18 ], [ "R", 13 ], [ "R", 13 ], [ "R", 25 ], [ "R", 25 ], [ "R", 25 ], [ "R", 28 ], [ "R", 13 ], [ "R", 18 ], [ "R", 18 ], [ "R", 18 ], [ "R", 25 ], [ "W", 18 ], [ "R", 13 ], [ "R", 13 ], [ "R", 1 ], [ "R", 1 ], [ "R", 1 ], [ "R", 28 ], [ "R", 18 ], [ "R", 25 ], [ "R", 13 ], [ "R", 13 ], [ "R", 13 ], [ "R", 13 ], [ "R", 1 ], [ "R", 1 ], [ "R", 1 ], [ "R", 28 ], [ "R", 1 ], [ "R", 28 ], [ "R", 28 ], [ "R", 13 ], [ "R", 13 ], [ "R", 25 ], [ "R", 25 ], [ "R", 25 ], [ "R", 28 ], [ "R", 13 ], [ "R", 13 ], [ "R", 25 ], [ "R", 25 ], [ "R", 25 ], [ "R", 28 ], [ "W", 18 ], [ "W", 25 ], [ "W", 18 ], [ "W", 18 ], [ "R", 13 ], [ "R", 13 ], [ "R", 25 ], [ "R", 25 ], [ "R", 25 ], [ "R", 28 ], [ "R", 13 ], [ "R", 18 ], [ "R", 18 ], [ "R", 18 ], [ "R", 25 ], [ "W", 18 ], [ "R", 13 ], [ "R", 13 ], [ "R", 25 ], [ "R", 25 ], [ "R", 25 ], [ "R", 28 ], [ "R", 13 ], [ "R", 18 ], [ "R", 18 ], [ "R", 18 ], [ "R", 25 ], [ "W", 18 ], [ "R", 13 ], [ "R", 13 ], [ "R", 18 ], [ "R", 18 ], [ "W", 18 ], [ "R", 18 ], [ "W", 18 ], [ "W", 18 ], [ "W", 18 ], [ "W", 18 ] ]
    } ]
  },
  "ExportAndDeleteCriticoController.delete" : {
    "t" : [ {
      "id" : 0,
      "a" : [ [ "R", 13 ], [ "R", 13 ], [ "R", 11 ], [ "R", 11 ], [ "R", 11 ], [ "R", 28 ], [ "W", 1 ], [ "W", 1 ], [ "W", 1 ], [ "W", 1 ], [ "W", 1 ], [ "W", 1 ], [ "W", 1 ], [ "R", 1 ], [ "R", 28 ], [ "W", 28 ], [ "W", 28 ] ]
    } ]
  },
  "ReservaClienteController.deleteCupon" : {
    "t" : [ {
      "id" : 0,
      "a" : [ [ "R", 24 ], [ "R", 13 ], [ "R", 13 ], [ "R", 1 ], [ "R", 1 ], [ "R", 1 ], [ "R", 28 ], [ "R", 13 ], [ "R", 24 ], [ "R", 7 ], [ "R", 13 ], [ "R", 24 ], [ "R", 12 ], [ "R", 12 ], [ "W", 12 ], [ "W", 24 ], [ "W", 12 ], [ "R", 13 ], [ "R", 13 ], [ "R", 1 ], [ "R", 1 ], [ "R", 1 ], [ "R", 28 ], [ "R", 24 ], [ "R", 7 ], [ "R", 13 ], [ "R", 13 ], [ "R", 24 ], [ "R", 25 ], [ "R", 13 ], [ "R", 13 ], [ "R", 13 ], [ "W", 24 ], [ "R", 13 ], [ "R", 13 ], [ "R", 7 ], [ "R", 7 ], [ "R", 7 ], [ "R", 28 ], [ "W", 24 ], [ "W", 7 ], [ "W", 24 ], [ "W", 24 ] ]
    } ]
  },
  "RestaurantController.display" : {
    "t" : [ {
      "id" : 0,
      "a" : [ [ "R", 25 ], [ "R", 13 ], [ "R", 23 ], [ "R", 23 ], [ "R", 23 ], [ "R", 18 ], [ "R", 25 ], [ "R", 13 ], [ "R", 22 ], [ "R", 22 ], [ "R", 22 ], [ "R", 25 ], [ "R", 13 ], [ "R", 4 ], [ "R", 4 ], [ "R", 4 ], [ "R", 22 ], [ "R", 25 ], [ "R", 4 ], [ "R", 13 ], [ "R", 10 ], [ "R", 10 ], [ "R", 10 ], [ "R", 25 ], [ "R", 10 ], [ "R", 13 ], [ "R", 29 ], [ "R", 29 ], [ "R", 29 ], [ "R", 25 ] ]
    } ]
  },
  "PeticionClienteController.list" : {
    "t" : [ {
      "id" : 0,
      "a" : [ [ "R", 13 ], [ "R", 13 ], [ "R", 7 ], [ "R", 7 ], [ "R", 7 ], [ "R", 28 ], [ "R", 13 ], [ "R", 21 ], [ "R", 21 ], [ "R", 21 ], [ "R", 7 ] ]
    } ]
  },
  "ActorController.saveCliente" : {
    "t" : [ {
      "id" : 0,
      "a" : [ [ "R", 13 ], [ "R", 13 ], [ "R", 1 ], [ "R", 1 ], [ "R", 1 ], [ "R", 28 ], [ "R", 13 ], [ "R", 7 ], [ "W", 1 ], [ "W", 1 ], [ "W", 1 ], [ "W", 1 ], [ "W", 7 ], [ "W", 7 ] ]
    } ]
  },
  "MensajeController.saveBox" : {
    "t" : [ {
      "id" : 0,
      "a" : [ [ "R", 13 ], [ "R", 13 ], [ "R", 13 ], [ "R", 1 ], [ "R", 1 ], [ "R", 1 ], [ "R", 28 ], [ "W", 5 ], [ "W", 1 ], [ "W", 5 ], [ "R", 13 ], [ "R", 5 ], [ "R", 5 ], [ "R", 1 ], [ "W", 5 ], [ "W", 1 ], [ "R", 5 ], [ "W", 5 ], [ "R", 5 ], [ "W", 5 ], [ "R", 13 ], [ "W", 13 ], [ "R", 13 ], [ "W", 13 ], [ "R", 5 ], [ "W", 5 ], [ "R", 5 ] ]
    } ]
  },
  "PlatosRestauranteController.create" : {
    "t" : [ {
      "id" : 0,
      "a" : [ [ "R", 13 ], [ "R", 13 ], [ "R", 1 ], [ "R", 1 ], [ "R", 1 ], [ "R", 28 ], [ "R", 1 ], [ "R", 28 ], [ "R", 28 ], [ "R", 13 ], [ "R", 13 ], [ "R", 25 ], [ "R", 25 ], [ "R", 25 ], [ "R", 28 ], [ "R", 13 ], [ "R", 13 ], [ "R", 25 ], [ "R", 25 ], [ "R", 25 ], [ "R", 28 ], [ "W", 22 ], [ "W", 25 ], [ "W", 22 ], [ "W", 3 ], [ "W", 22 ], [ "W", 22 ], [ "W", 22 ], [ "W", 22 ], [ "R", 3 ], [ "R", 3 ], [ "R", 22 ], [ "R", 22 ], [ "R", 22 ], [ "R", 22 ] ]
    } ]
  },
  "QuedadaRestauranteController.edit" : {
    "t" : [ {
      "id" : 0,
      "a" : [ [ "R", 23 ], [ "R", 23 ], [ "R", 23 ], [ "R", 13 ], [ "R", 13 ] ]
    } ]
  },
  "ReservaClienteController.edit" : {
    "t" : [ {
      "id" : 0,
      "a" : [ [ "R", 24 ] ]
    } ]
  },
  "NotificacionController.list" : {
    "t" : [ {
      "id" : 0,
      "a" : [ [ "R", 19 ] ]
    } ]
  },
  "OfertaRestauranteController.list" : {
    "t" : [ {
      "id" : 0,
      "a" : [ [ "R", 13 ], [ "R", 13 ], [ "R", 25 ], [ "R", 25 ], [ "R", 25 ], [ "R", 28 ], [ "R", 13 ], [ "R", 20 ], [ "R", 20 ], [ "R", 20 ], [ "R", 25 ] ]
    } ]
  },
  "AnalisisController.display" : {
    "t" : [ {
      "id" : 0,
      "a" : [ [ "R", 4 ] ]
    } ]
  },
  "ExportAndDeleteRestauranteController.export" : {
    "t" : [ {
      "id" : 0,
      "a" : [ [ "R", 13 ], [ "R", 13 ], [ "R", 25 ], [ "R", 25 ], [ "R", 25 ], [ "R", 28 ], [ "R", 1 ], [ "R", 1 ], [ "R", 1 ], [ "R", 1 ], [ "R", 1 ], [ "R", 25 ], [ "R", 25 ], [ "R", 25 ], [ "R", 25 ], [ "R", 13 ], [ "R", 5 ], [ "R", 5 ], [ "R", 5 ], [ "R", 1 ], [ "R", 5 ], [ "R", 13 ], [ "R", 17 ], [ "R", 17 ], [ "R", 17 ], [ "R", 1 ], [ "R", 17 ], [ "R", 17 ], [ "R", 17 ], [ "R", 17 ], [ "R", 13 ], [ "R", 17 ], [ "R", 17 ], [ "R", 17 ], [ "R", 1 ], [ "R", 17 ], [ "R", 17 ], [ "R", 17 ], [ "R", 17 ], [ "R", 13 ], [ "R", 22 ], [ "R", 22 ], [ "R", 22 ], [ "R", 25 ], [ "R", 22 ], [ "R", 22 ], [ "R", 22 ], [ "R", 22 ], [ "R", 22 ], [ "R", 3 ], [ "R", 3 ], [ "R", 13 ], [ "R", 24 ], [ "R", 24 ], [ "R", 24 ], [ "R", 25 ], [ "R", 24 ], [ "R", 24 ], [ "R", 24 ], [ "R", 24 ], [ "R", 24 ], [ "R", 27 ], [ "R", 27 ], [ "R", 27 ], [ "R", 27 ], [ "R", 24 ], [ "R", 12 ], [ "R", 12 ], [ "R", 12 ], [ "R", 12 ], [ "R", 12 ], [ "R", 12 ], [ "R", 13 ], [ "R", 10 ], [ "R", 10 ], [ "R", 10 ], [ "R", 25 ], [ "R", 10 ], [ "R", 10 ], [ "R", 10 ], [ "R", 10 ], [ "R", 10 ], [ "R", 10 ], [ "R", 13 ], [ "R", 29 ], [ "R", 29 ], [ "R", 29 ], [ "R", 25 ], [ "R", 29 ], [ "R", 29 ], [ "R", 13 ], [ "R", 18 ], [ "R", 18 ], [ "R", 18 ], [ "R", 25 ], [ "R", 18 ], [ "R", 18 ], [ "R", 13 ], [ "R", 8 ], [ "R", 8 ], [ "R", 8 ], [ "R", 18 ], [ "R", 8 ], [ "R", 8 ] ]
    } ]
  },
  "AlergenoAdministratorController.create" : {
    "t" : [ {
      "id" : 0,
      "a" : [ [ "R", 13 ], [ "R", 13 ], [ "R", 1 ], [ "R", 1 ], [ "R", 1 ], [ "R", 28 ], [ "R", 1 ], [ "R", 28 ], [ "R", 28 ], [ "R", 13 ], [ "R", 13 ], [ "R", 2 ], [ "R", 2 ], [ "R", 2 ], [ "R", 28 ], [ "W", 3 ] ]
    } ]
  },
  "BuscadorClienteController.save" : {
    "t" : [ {
      "id" : 0,
      "a" : [ [ "R", 6 ], [ "R", 25 ], [ "R", 6 ], [ "R", 25 ], [ "R", 26 ], [ "R", 26 ], [ "R", 26 ], [ "R", 26 ], [ "R", 6 ], [ "R", 22 ], [ "R", 22 ], [ "R", 25 ], [ "R", 22 ], [ "R", 6 ], [ "R", 25 ], [ "R", 6 ], [ "R", 18 ], [ "R", 18 ], [ "R", 18 ], [ "R", 18 ], [ "R", 25 ], [ "R", 6 ], [ "R", 13 ], [ "R", 29 ], [ "R", 29 ], [ "R", 29 ], [ "R", 25 ], [ "R", 6 ], [ "R", 26 ], [ "R", 26 ], [ "R", 26 ], [ "R", 26 ], [ "W", 6 ], [ "W", 25 ], [ "R", 13 ], [ "R", 13 ], [ "R", 7 ], [ "R", 7 ], [ "R", 7 ], [ "R", 28 ], [ "W", 6 ], [ "W", 7 ], [ "W", 6 ], [ "W", 6 ], [ "R", 6 ], [ "R", 25 ] ]
    } ]
  },
  "MensajeController.move" : {
    "t" : [ {
      "id" : 0,
      "a" : [ [ "R", 17 ], [ "R", 13 ], [ "R", 13 ], [ "R", 1 ], [ "R", 1 ], [ "R", 1 ], [ "R", 28 ], [ "R", 13 ], [ "R", 13 ], [ "R", 9 ], [ "R", 9 ], [ "R", 9 ], [ "R", 5 ], [ "R", 1 ], [ "R", 9 ], [ "R", 17 ], [ "R", 13 ], [ "R", 13 ], [ "R", 1 ], [ "R", 1 ], [ "R", 1 ], [ "R", 28 ], [ "R", 13 ], [ "R", 5 ], [ "R", 5 ], [ "R", 5 ], [ "R", 1 ] ]
    } ]
  },
  "QuedadaRestauranteController.create" : {
    "t" : [ {
      "id" : 0,
      "a" : [ [ "R", 18 ], [ "W", 23 ], [ "W", 18 ], [ "R", 18 ], [ "W", 23 ], [ "R", 13 ] ]
    } ]
  }
}