{
  "1" : "Actor",
  "2" : "Admin",
  "3" : "Assesment",
  "4" : "Buy",
  "5" : "Buyer",
  "6" : "Carrier",
  "7" : "CleanPoint",
  "8" : "Comment",
  "9" : "ConfigurationSystem",
  "10" : "Course",
  "11" : "DomainEntity",
  "12" : "Editor",
  "13" : "Finder",
  "14" : "Incidence",
  "15" : "Item",
  "16" : "Label",
  "17" : "LabelMaterial",
  "18" : "LabelProduct",
  "19" : "Legislation",
  "20" : "Lesson",
  "21" : "Manager",
  "22" : "Material",
  "23" : "Message",
  "24" : "MessageFolder",
  "25" : "Newscast",
  "26" : "Opinable",
  "27" : "Opinion",
  "28" : "Recycler",
  "29" : "Request",
  "30" : "TabooWord",
  "31" : "UserAccount"
}