{
  "EmployeeBossController.assign" : {
    "t" : [ {
      "id" : 0,
      "a" : [ [ "R", 11 ], [ "R", 11 ], [ "R", 5 ], [ "R", 9 ], [ "R", 9 ], [ "R", 4 ], [ "R", 4 ], [ "R", 20 ], [ "R", 4 ], [ "R", 4 ], [ "R", 20 ], [ "R", 4 ], [ "R", 5 ] ]
    } ]
  },
  "EventController.list" : {
    "t" : [ {
      "id" : 0,
      "a" : [ [ "R", 12 ], [ "R", 12 ], [ "R", 12 ] ]
    } ]
  },
  "MedicalReportVeterinaryController.display" : {
    "t" : [ {
      "id" : 0,
      "a" : [ [ "R", 14 ] ]
    } ]
  },
  "CenterBossController.save" : {
    "t" : [ {
      "id" : 0,
      "a" : [ [ "R", 9 ], [ "R", 11 ], [ "R", 11 ], [ "R", 5 ], [ "R", 11 ], [ "R", 11 ], [ "R", 5 ], [ "R", 5 ], [ "R", 23 ], [ "R", 9 ], [ "R", 20 ], [ "W", 23 ], [ "R", 9 ], [ "R", 9 ], [ "R", 4 ], [ "R", 4 ], [ "R", 20 ], [ "R", 4 ], [ "R", 4 ], [ "R", 20 ], [ "W", 5 ], [ "W", 4 ], [ "R", 9 ], [ "R", 23 ], [ "W", 5 ], [ "W", 23 ], [ "R", 9 ], [ "R", 20 ], [ "R", 5 ], [ "R", 4 ], [ "R", 9 ], [ "R", 9 ], [ "R", 4 ], [ "R", 4 ], [ "R", 20 ], [ "R", 4 ], [ "R", 4 ], [ "R", 20 ], [ "R", 9 ], [ "R", 9 ], [ "R", 9 ], [ "W", 5 ], [ "R", 9 ], [ "R", 11 ], [ "R", 11 ], [ "R", 5 ], [ "R", 11 ], [ "R", 11 ], [ "R", 5 ] ]
    } ]
  },
  "MessageController.listPending" : {
    "t" : [ {
      "id" : 0,
      "a" : [ [ "R", 9 ], [ "R", 9 ], [ "R", 1 ], [ "R", 1 ], [ "R", 1 ], [ "R", 20 ], [ "R", 15 ], [ "R", 15 ], [ "R", 13 ], [ "R", 13 ], [ "R", 13 ], [ "R", 1 ] ]
    } ]
  },
  "DonationVoluntaryController.save" : {
    "t" : [ {
      "id" : 0,
      "a" : [ [ "W", 10 ], [ "R", 10 ], [ "R", 12 ], [ "R", 12 ], [ "R", 10 ] ]
    } ]
  },
  "StandBossController.create" : {
    "t" : [ {
      "id" : 0,
      "a" : [ [ "R", 9 ], [ "R", 20 ], [ "R", 7 ] ]
    } ]
  },
  "ReportEmployeeController.create" : {
    "t" : [ {
      "id" : 0,
      "a" : [ [ "W", 18 ], [ "R", 3 ], [ "R", 3 ], [ "W", 18 ], [ "W", 3 ] ]
    } ]
  },
  "PetEmployeeController.edit" : {
    "t" : [ {
      "id" : 0,
      "a" : [ [ "R", 17 ], [ "R", 17 ], [ "R", 9 ], [ "R", 9 ], [ "R", 11 ], [ "R", 11 ], [ "R", 20 ], [ "R", 11 ], [ "R", 11 ], [ "R", 20 ], [ "R", 11 ], [ "R", 5 ] ]
    } ]
  },
  "CenterAdministratorController.delete" : {
    "t" : [ {
      "id" : 0,
      "a" : [ [ "R", 5 ], [ "R", 9 ], [ "R", 11 ], [ "R", 11 ], [ "R", 5 ], [ "R", 11 ], [ "R", 11 ], [ "R", 5 ], [ "R", 9 ], [ "R", 20 ], [ "R", 9 ], [ "R", 20 ], [ "R", 5 ], [ "R", 4 ], [ "R", 9 ], [ "R", 9 ], [ "R", 4 ], [ "R", 4 ], [ "R", 20 ], [ "R", 4 ], [ "R", 4 ], [ "R", 20 ], [ "R", 9 ], [ "R", 9 ], [ "R", 9 ], [ "R", 9 ], [ "R", 9 ], [ "R", 5 ], [ "R", 9 ], [ "R", 11 ], [ "R", 11 ], [ "R", 5 ], [ "R", 11 ], [ "R", 11 ], [ "R", 5 ], [ "R", 11 ], [ "R", 19 ], [ "W", 11 ], [ "W", 19 ], [ "R", 9 ], [ "R", 20 ], [ "R", 9 ], [ "R", 20 ], [ "R", 19 ], [ "R", 7 ], [ "R", 7 ], [ "R", 12 ], [ "R", 12 ], [ "R", 5 ], [ "R", 5 ], [ "R", 4 ], [ "R", 9 ], [ "R", 9 ], [ "R", 4 ], [ "R", 4 ], [ "R", 20 ], [ "R", 4 ], [ "R", 4 ], [ "R", 20 ], [ "R", 9 ], [ "R", 9 ], [ "R", 9 ], [ "R", 9 ], [ "R", 9 ], [ "R", 19 ], [ "W", 19 ], [ "R", 9 ], [ "R", 9 ], [ "R", 11 ], [ "R", 11 ], [ "R", 18 ], [ "R", 9 ], [ "R", 9 ], [ "R", 18 ], [ "R", 18 ], [ "R", 3 ], [ "W", 3 ], [ "W", 18 ], [ "W", 3 ], [ "W", 18 ], [ "W", 11 ], [ "R", 9 ], [ "R", 12 ], [ "R", 12 ], [ "R", 5 ], [ "R", 12 ], [ "R", 12 ], [ "R", 5 ], [ "R", 12 ], [ "R", 7 ], [ "W", 7 ], [ "W", 12 ], [ "R", 9 ], [ "R", 20 ], [ "R", 9 ], [ "R", 20 ], [ "W", 7 ], [ "R", 9 ], [ "R", 20 ], [ "R", 9 ], [ "R", 20 ], [ "R", 9 ], [ "R", 9 ], [ "R", 4 ], [ "R", 4 ], [ "R", 20 ], [ "R", 4 ], [ "R", 4 ], [ "R", 20 ], [ "R", 4 ], [ "R", 5 ], [ "R", 12 ], [ "R", 5 ], [ "R", 9 ], [ "R", 9 ], [ "R", 12 ], [ "W", 12 ], [ "R", 9 ], [ "R", 17 ], [ "R", 17 ], [ "R", 5 ], [ "R", 17 ], [ "R", 17 ], [ "R", 5 ], [ "R", 9 ], [ "R", 9 ], [ "R", 17 ], [ "R", 9 ], [ "R", 20 ], [ "R", 9 ], [ "R", 9 ], [ "R", 11 ], [ "R", 11 ], [ "R", 20 ], [ "R", 11 ], [ "R", 11 ], [ "R", 20 ], [ "R", 11 ], [ "R", 5 ], [ "R", 17 ], [ "R", 5 ], [ "R", 9 ], [ "R", 9 ], [ "R", 9 ], [ "R", 17 ], [ "R", 14 ], [ "R", 9 ], [ "R", 20 ], [ "R", 9 ], [ "R", 9 ], [ "R", 14 ], [ "R", 14 ], [ "R", 17 ], [ "W", 17 ], [ "W", 14 ], [ "R", 9 ], [ "R", 20 ], [ "R", 17 ], [ "R", 17 ], [ "R", 9 ], [ "R", 20 ], [ "R", 9 ], [ "R", 9 ], [ "R", 20 ], [ "R", 17 ], [ "R", 5 ], [ "R", 9 ], [ "R", 9 ], [ "R", 11 ], [ "R", 11 ], [ "R", 20 ], [ "R", 11 ], [ "R", 11 ], [ "R", 20 ], [ "R", 11 ], [ "R", 5 ], [ "R", 9 ], [ "R", 9 ], [ "R", 9 ], [ "R", 17 ], [ "W", 17 ], [ "W", 17 ], [ "W", 14 ], [ "R", 17 ], [ "R", 3 ], [ "R", 9 ], [ "R", 20 ], [ "R", 9 ], [ "R", 9 ], [ "R", 3 ], [ "R", 3 ], [ "R", 17 ], [ "W", 17 ], [ "W", 3 ], [ "R", 9 ], [ "R", 20 ], [ "R", 17 ], [ "R", 17 ], [ "R", 9 ], [ "R", 20 ], [ "R", 9 ], [ "R", 9 ], [ "R", 20 ], [ "R", 17 ], [ "R", 5 ], [ "R", 9 ], [ "R", 9 ], [ "R", 11 ], [ "R", 11 ], [ "R", 20 ], [ "R", 11 ], [ "R", 11 ], [ "R", 20 ], [ "R", 11 ], [ "R", 5 ], [ "R", 9 ], [ "R", 9 ], [ "R", 9 ], [ "R", 17 ], [ "W", 17 ], [ "W", 17 ], [ "R", 3 ], [ "R", 18 ], [ "R", 9 ], [ "R", 9 ], [ "R", 18 ], [ "R", 18 ], [ "R", 3 ], [ "W", 3 ], [ "W", 18 ], [ "W", 3 ], [ "W", 18 ], [ "W", 3 ], [ "W", 17 ], [ "W", 5 ] ]
    } ]
  },
  "MedicalReportAdministratorController.list" : {
    "t" : [ {
      "id" : 0,
      "a" : [ [ "R", 14 ], [ "R", 14 ], [ "R", 21 ], [ "R", 14 ], [ "R", 14 ], [ "R", 21 ] ]
    } ]
  },
  "EventBossController.create" : {
    "t" : [ {
      "id" : 0,
      "a" : [ [ "R", 9 ], [ "R", 20 ], [ "W", 12 ], [ "W", 12 ], [ "W", 10 ], [ "R", 9 ], [ "R", 9 ], [ "R", 4 ], [ "R", 4 ], [ "R", 20 ], [ "R", 4 ], [ "R", 4 ], [ "R", 20 ], [ "R", 4 ], [ "R", 5 ] ]
    } ]
  },
  "ConfigurationAdministratorController.save" : {
    "t" : [ {
      "id" : 0,
      "a" : [ [ "R", 9 ], [ "R", 20 ], [ "R", 8 ], [ "R", 8 ], [ "W", 8 ], [ "R", 8 ], [ "W", 8 ], [ "R", 8 ], [ "W", 8 ], [ "R", 8 ], [ "W", 8 ], [ "W", 8 ] ]
    } ]
  },
  "StandVoluntaryController.edit" : {
    "t" : [ {
      "id" : 0,
      "a" : [ [ "R", 19 ], [ "R", 19 ], [ "R", 9 ], [ "R", 9 ], [ "R", 22 ], [ "R", 22 ], [ "R", 20 ], [ "R", 22 ], [ "R", 22 ], [ "R", 20 ], [ "R", 19 ], [ "R", 22 ] ]
    } ]
  },
  "VoluntaryEmployeeController.untie" : {
    "t" : [ {
      "id" : 0,
      "a" : [ [ "R", 9 ], [ "R", 9 ], [ "R", 11 ], [ "R", 11 ], [ "R", 20 ], [ "R", 11 ], [ "R", 11 ], [ "R", 20 ], [ "R", 11 ], [ "R", 19 ], [ "R", 9 ], [ "R", 20 ], [ "W", 19 ], [ "W", 22 ], [ "W", 19 ] ]
    } ]
  },
  "PetEmployeeController.listPending" : {
    "t" : [ {
      "id" : 0,
      "a" : [ [ "R", 17 ] ]
    } ]
  },
  "MessageController.listOutBox" : {
    "t" : [ {
      "id" : 0,
      "a" : [ [ "R", 9 ], [ "R", 9 ], [ "R", 1 ], [ "R", 1 ], [ "R", 1 ], [ "R", 20 ], [ "R", 1 ], [ "R", 13 ], [ "R", 13 ], [ "R", 13 ], [ "R", 15 ] ]
    } ]
  },
  "ApplicationClientController.list" : {
    "t" : [ {
      "id" : 0,
      "a" : [ [ "R", 3 ], [ "R", 3 ], [ "R", 3 ], [ "R", 18 ] ]
    } ]
  },
  "NoticeVoluntaryController.save" : {
    "t" : [ {
      "id" : 0,
      "a" : [ [ "W", 16 ] ]
    } ]
  },
  "EventBossController.edit" : {
    "t" : [ {
      "id" : 0,
      "a" : [ [ "R", 12 ], [ "R", 12 ], [ "R", 9 ], [ "R", 9 ], [ "R", 4 ], [ "R", 4 ], [ "R", 20 ], [ "R", 4 ], [ "R", 4 ], [ "R", 20 ], [ "R", 4 ], [ "R", 5 ] ]
    } ]
  },
  "AdministratorController.debanVoluntary" : {
    "t" : [ {
      "id" : 0,
      "a" : [ [ "R", 9 ], [ "R", 20 ], [ "R", 22 ], [ "W", 22 ], [ "R", 1 ], [ "R", 20 ], [ "R", 20 ], [ "R", 1 ], [ "R", 20 ], [ "W", 20 ], [ "W", 22 ] ]
    } ]
  },
  "AdministratorController.banClient" : {
    "t" : [ {
      "id" : 0,
      "a" : [ [ "R", 9 ], [ "R", 20 ], [ "R", 6 ], [ "W", 6 ], [ "R", 1 ], [ "R", 20 ], [ "R", 20 ], [ "R", 1 ], [ "R", 20 ], [ "W", 20 ], [ "W", 6 ] ]
    } ]
  },
  "VeterinaryController.saveEdit" : {
    "t" : [ {
      "id" : 0,
      "a" : [ [ "R", 21 ], [ "R", 9 ], [ "R", 20 ], [ "W", 20 ], [ "R", 20 ], [ "R", 20 ], [ "W", 1 ], [ "W", 20 ], [ "W", 1 ], [ "W", 13 ], [ "W", 21 ], [ "W", 21 ], [ "W", 14 ], [ "W", 1 ], [ "W", 1 ], [ "W", 1 ], [ "W", 1 ], [ "W", 1 ], [ "R", 1 ], [ "R", 20 ], [ "W", 20 ], [ "R", 1 ], [ "R", 20 ], [ "W", 20 ], [ "R", 1 ], [ "R", 20 ], [ "R", 20 ], [ "R", 1 ], [ "R", 20 ], [ "W", 20 ], [ "W", 21 ] ]
    } ]
  },
  "ApplicationAdministratorController.listPending" : {
    "t" : [ {
      "id" : 0,
      "a" : [ [ "R", 3 ], [ "R", 3 ], [ "R", 3 ] ]
    } ]
  },
  "DashboardAdministratorController.dashboard" : {
    "t" : [ {
      "id" : 0,
      "a" : [ [ "R", 6 ], [ "R", 6 ], [ "R", 3 ], [ "R", 6 ], [ "R", 3 ], [ "R", 6 ], [ "R", 3 ], [ "R", 6 ], [ "R", 3 ], [ "R", 22 ], [ "R", 22 ], [ "R", 16 ], [ "R", 22 ], [ "R", 16 ], [ "R", 22 ], [ "R", 16 ], [ "R", 22 ], [ "R", 16 ], [ "R", 11 ], [ "R", 11 ], [ "R", 18 ], [ "R", 11 ], [ "R", 18 ], [ "R", 11 ], [ "R", 18 ], [ "R", 11 ], [ "R", 18 ], [ "R", 11 ], [ "R", 11 ], [ "R", 18 ], [ "R", 11 ], [ "R", 18 ], [ "R", 11 ], [ "R", 18 ], [ "R", 11 ], [ "R", 18 ], [ "R", 21 ], [ "R", 21 ], [ "R", 14 ], [ "R", 21 ], [ "R", 14 ], [ "R", 21 ], [ "R", 14 ], [ "R", 21 ], [ "R", 14 ], [ "R", 6 ], [ "R", 6 ], [ "R", 3 ], [ "R", 6 ], [ "R", 3 ], [ "R", 6 ], [ "R", 3 ], [ "R", 6 ], [ "R", 3 ], [ "R", 6 ], [ "R", 3 ], [ "R", 6 ], [ "R", 3 ], [ "R", 21 ], [ "R", 21 ], [ "R", 14 ], [ "R", 21 ], [ "R", 14 ], [ "R", 21 ], [ "R", 14 ], [ "R", 21 ], [ "R", 14 ], [ "R", 21 ], [ "R", 14 ], [ "R", 21 ], [ "R", 14 ], [ "R", 11 ], [ "R", 11 ], [ "R", 18 ], [ "R", 11 ], [ "R", 18 ], [ "R", 11 ], [ "R", 18 ], [ "R", 11 ], [ "R", 18 ], [ "R", 11 ], [ "R", 18 ], [ "R", 11 ], [ "R", 18 ], [ "R", 6 ], [ "R", 6 ], [ "R", 6 ], [ "R", 3 ], [ "R", 21 ], [ "R", 21 ], [ "R", 21 ], [ "R", 14 ], [ "R", 11 ], [ "R", 11 ], [ "R", 11 ], [ "R", 18 ], [ "R", 11 ], [ "R", 11 ], [ "R", 11 ], [ "R", 18 ], [ "R", 21 ], [ "R", 21 ], [ "R", 21 ], [ "R", 14 ], [ "R", 21 ], [ "R", 21 ], [ "R", 14 ] ]
    } ]
  },
  "EmployeeController.saveEdit" : {
    "t" : [ {
      "id" : 0,
      "a" : [ [ "R", 11 ], [ "R", 9 ], [ "R", 20 ], [ "W", 20 ], [ "R", 20 ], [ "R", 20 ], [ "W", 1 ], [ "W", 20 ], [ "W", 1 ], [ "W", 13 ], [ "W", 11 ], [ "W", 18 ], [ "W", 11 ], [ "W", 11 ], [ "W", 5 ], [ "W", 1 ], [ "W", 1 ], [ "W", 1 ], [ "W", 1 ], [ "W", 1 ], [ "R", 1 ], [ "R", 20 ], [ "W", 20 ], [ "R", 1 ], [ "R", 20 ], [ "W", 20 ], [ "R", 1 ], [ "R", 20 ], [ "R", 20 ], [ "R", 1 ], [ "R", 20 ], [ "W", 20 ], [ "W", 11 ] ]
    } ]
  },
  "CompanyBossController.edit" : {
    "t" : [ {
      "id" : 0,
      "a" : [ [ "R", 7 ], [ "R", 7 ] ]
    } ]
  },
  "CenterController.list" : {
    "t" : [ {
      "id" : 0,
      "a" : [ [ "R", 9 ], [ "R", 9 ], [ "R", 2 ], [ "R", 2 ], [ "R", 20 ], [ "R", 2 ], [ "R", 2 ], [ "R", 20 ], [ "R", 5 ], [ "R", 9 ], [ "R", 11 ], [ "R", 11 ], [ "R", 5 ], [ "R", 11 ], [ "R", 11 ], [ "R", 5 ], [ "R", 11 ], [ "R", 5 ], [ "R", 5 ] ]
    } ]
  },
  "CenterBossController.delete" : {
    "t" : [ {
      "id" : 0,
      "a" : [ [ "R", 9 ], [ "R", 20 ], [ "R", 9 ], [ "R", 20 ], [ "R", 5 ], [ "R", 4 ], [ "R", 9 ], [ "R", 9 ], [ "R", 4 ], [ "R", 4 ], [ "R", 20 ], [ "R", 4 ], [ "R", 4 ], [ "R", 20 ], [ "R", 9 ], [ "R", 9 ], [ "R", 9 ], [ "R", 9 ], [ "R", 9 ], [ "R", 5 ], [ "R", 9 ], [ "R", 11 ], [ "R", 11 ], [ "R", 5 ], [ "R", 11 ], [ "R", 11 ], [ "R", 5 ], [ "R", 11 ], [ "R", 19 ], [ "W", 11 ], [ "W", 19 ], [ "R", 9 ], [ "R", 20 ], [ "R", 9 ], [ "R", 20 ], [ "R", 19 ], [ "R", 7 ], [ "R", 7 ], [ "R", 12 ], [ "R", 12 ], [ "R", 5 ], [ "R", 5 ], [ "R", 4 ], [ "R", 9 ], [ "R", 9 ], [ "R", 4 ], [ "R", 4 ], [ "R", 20 ], [ "R", 4 ], [ "R", 4 ], [ "R", 20 ], [ "R", 9 ], [ "R", 9 ], [ "R", 9 ], [ "R", 9 ], [ "R", 9 ], [ "R", 19 ], [ "W", 19 ], [ "R", 9 ], [ "R", 9 ], [ "R", 11 ], [ "R", 11 ], [ "R", 18 ], [ "R", 9 ], [ "R", 9 ], [ "R", 18 ], [ "R", 18 ], [ "R", 3 ], [ "W", 3 ], [ "W", 18 ], [ "W", 3 ], [ "W", 18 ], [ "W", 11 ], [ "R", 9 ], [ "R", 12 ], [ "R", 12 ], [ "R", 5 ], [ "R", 12 ], [ "R", 12 ], [ "R", 5 ], [ "R", 12 ], [ "R", 7 ], [ "W", 7 ], [ "W", 12 ], [ "R", 9 ], [ "R", 20 ], [ "R", 9 ], [ "R", 20 ], [ "W", 7 ], [ "R", 9 ], [ "R", 20 ], [ "R", 9 ], [ "R", 20 ], [ "R", 9 ], [ "R", 9 ], [ "R", 4 ], [ "R", 4 ], [ "R", 20 ], [ "R", 4 ], [ "R", 4 ], [ "R", 20 ], [ "R", 4 ], [ "R", 5 ], [ "R", 12 ], [ "R", 5 ], [ "R", 9 ], [ "R", 9 ], [ "R", 12 ], [ "W", 12 ], [ "R", 9 ], [ "R", 17 ], [ "R", 17 ], [ "R", 5 ], [ "R", 17 ], [ "R", 17 ], [ "R", 5 ], [ "R", 9 ], [ "R", 9 ], [ "R", 17 ], [ "R", 9 ], [ "R", 20 ], [ "R", 9 ], [ "R", 9 ], [ "R", 11 ], [ "R", 11 ], [ "R", 20 ], [ "R", 11 ], [ "R", 11 ], [ "R", 20 ], [ "R", 11 ], [ "R", 5 ], [ "R", 17 ], [ "R", 5 ], [ "R", 9 ], [ "R", 9 ], [ "R", 9 ], [ "R", 17 ], [ "R", 14 ], [ "R", 9 ], [ "R", 20 ], [ "R", 9 ], [ "R", 9 ], [ "R", 14 ], [ "R", 14 ], [ "R", 17 ], [ "W", 17 ], [ "W", 14 ], [ "R", 9 ], [ "R", 20 ], [ "R", 17 ], [ "R", 17 ], [ "R", 9 ], [ "R", 20 ], [ "R", 9 ], [ "R", 9 ], [ "R", 20 ], [ "R", 17 ], [ "R", 5 ], [ "R", 9 ], [ "R", 9 ], [ "R", 11 ], [ "R", 11 ], [ "R", 20 ], [ "R", 11 ], [ "R", 11 ], [ "R", 20 ], [ "R", 11 ], [ "R", 5 ], [ "R", 9 ], [ "R", 9 ], [ "R", 9 ], [ "R", 17 ], [ "W", 17 ], [ "W", 17 ], [ "W", 14 ], [ "R", 17 ], [ "R", 3 ], [ "R", 9 ], [ "R", 20 ], [ "R", 9 ], [ "R", 9 ], [ "R", 3 ], [ "R", 3 ], [ "R", 17 ], [ "W", 17 ], [ "W", 3 ], [ "R", 9 ], [ "R", 20 ], [ "R", 17 ], [ "R", 17 ], [ "R", 9 ], [ "R", 20 ], [ "R", 9 ], [ "R", 9 ], [ "R", 20 ], [ "R", 17 ], [ "R", 5 ], [ "R", 9 ], [ "R", 9 ], [ "R", 11 ], [ "R", 11 ], [ "R", 20 ], [ "R", 11 ], [ "R", 11 ], [ "R", 20 ], [ "R", 11 ], [ "R", 5 ], [ "R", 9 ], [ "R", 9 ], [ "R", 9 ], [ "R", 17 ], [ "W", 17 ], [ "W", 17 ], [ "R", 3 ], [ "R", 18 ], [ "R", 9 ], [ "R", 9 ], [ "R", 18 ], [ "R", 18 ], [ "R", 3 ], [ "W", 3 ], [ "W", 18 ], [ "W", 3 ], [ "W", 18 ], [ "W", 3 ], [ "W", 17 ], [ "W", 5 ], [ "R", 9 ], [ "R", 11 ], [ "R", 11 ], [ "R", 5 ], [ "R", 11 ], [ "R", 11 ], [ "R", 5 ] ]
    } ]
  },
  "ConfigurationAdministratorController.edit" : {
    "t" : [ {
      "id" : 0,
      "a" : [ [ "R", 8 ] ]
    } ]
  },
  "AdministratorController.listClients" : {
    "t" : [ {
      "id" : 0,
      "a" : [ [ "R", 6 ] ]
    } ]
  },
  "DonationVoluntaryController.create" : {
    "t" : [ {
      "id" : 0,
      "a" : [ [ "R", 12 ], [ "R", 12 ], [ "R", 9 ], [ "R", 9 ], [ "R", 22 ], [ "R", 22 ], [ "R", 20 ], [ "R", 22 ], [ "R", 22 ], [ "R", 20 ], [ "W", 10 ], [ "W", 22 ], [ "R", 9 ], [ "R", 9 ], [ "R", 6 ], [ "R", 6 ], [ "R", 20 ], [ "R", 6 ], [ "R", 6 ], [ "R", 20 ], [ "W", 10 ], [ "W", 6 ], [ "W", 10 ], [ "W", 12 ] ]
    } ]
  },
  "AdministratorController.banVeterinary" : {
    "t" : [ {
      "id" : 0,
      "a" : [ [ "R", 9 ], [ "R", 20 ], [ "R", 21 ], [ "W", 21 ], [ "R", 1 ], [ "R", 20 ], [ "R", 20 ], [ "R", 1 ], [ "R", 20 ], [ "W", 20 ], [ "W", 21 ] ]
    } ]
  },
  "EmployeeBossController.listNonDescarted" : {
    "t" : [ {
      "id" : 0,
      "a" : [ [ "R", 9 ], [ "R", 9 ], [ "R", 4 ], [ "R", 4 ], [ "R", 20 ], [ "R", 4 ], [ "R", 4 ], [ "R", 20 ], [ "R", 4 ], [ "R", 5 ], [ "R", 9 ], [ "R", 11 ], [ "R", 11 ], [ "R", 5 ], [ "R", 11 ], [ "R", 11 ], [ "R", 5 ], [ "R", 9 ], [ "R", 11 ], [ "R", 11 ], [ "R", 5 ], [ "R", 11 ], [ "R", 11 ], [ "R", 5 ] ]
    } ]
  },
  "PetController.listPetsWaitingAdoption" : {
    "t" : [ {
      "id" : 0,
      "a" : [ [ "R", 17 ], [ "R", 17 ], [ "R", 3 ], [ "R", 17 ], [ "R", 17 ], [ "R", 3 ], [ "R", 17 ], [ "R", 3 ], [ "R", 17 ], [ "R", 3 ], [ "R", 3 ], [ "R", 18 ], [ "R", 3 ], [ "R", 18 ], [ "R", 18 ] ]
    } ]
  },
  "NoticeAdministratorController.delete" : {
    "t" : [ {
      "id" : 0,
      "a" : [ [ "R", 16 ], [ "R", 9 ], [ "R", 9 ], [ "R", 16 ], [ "W", 16 ] ]
    } ]
  },
  "AdministratorController.debanVeterinary" : {
    "t" : [ {
      "id" : 0,
      "a" : [ [ "R", 9 ], [ "R", 20 ], [ "R", 21 ], [ "W", 21 ], [ "R", 1 ], [ "R", 20 ], [ "R", 20 ], [ "R", 1 ], [ "R", 20 ], [ "W", 20 ], [ "W", 21 ] ]
    } ]
  },
  "CompanyBossController.delete" : {
    "t" : [ {
      "id" : 0,
      "a" : [ [ "R", 9 ], [ "R", 20 ], [ "R", 9 ], [ "R", 9 ], [ "R", 7 ], [ "W", 7 ] ]
    } ]
  },
  "RegisterVoluntaryController.save" : {
    "t" : [ {
      "id" : 0,
      "a" : [ [ "R", 22 ], [ "W", 20 ], [ "R", 20 ], [ "R", 20 ], [ "W", 1 ], [ "W", 20 ], [ "W", 1 ], [ "W", 13 ], [ "W", 22 ], [ "W", 1 ], [ "W", 1 ], [ "W", 1 ], [ "W", 1 ], [ "W", 1 ], [ "R", 1 ], [ "R", 20 ], [ "W", 20 ], [ "R", 1 ], [ "R", 20 ], [ "W", 20 ], [ "R", 1 ], [ "R", 20 ], [ "R", 20 ], [ "R", 1 ], [ "R", 20 ], [ "W", 20 ], [ "W", 22 ] ]
    } ]
  },
  "ApplicationClientController.create" : {
    "t" : [ {
      "id" : 0,
      "a" : [ [ "R", 17 ], [ "R", 17 ], [ "R", 17 ], [ "R", 9 ], [ "R", 9 ], [ "R", 6 ], [ "R", 6 ], [ "R", 20 ], [ "R", 6 ], [ "R", 6 ], [ "R", 20 ], [ "W", 3 ], [ "W", 6 ], [ "W", 3 ], [ "W", 17 ], [ "W", 3 ], [ "R", 17 ], [ "W", 3 ], [ "W", 3 ] ]
    } ]
  },
  "NoticeVoluntaryController.create" : {
    "t" : [ {
      "id" : 0,
      "a" : [ [ "R", 9 ], [ "R", 20 ], [ "R", 9 ], [ "R", 9 ], [ "R", 22 ], [ "R", 22 ], [ "R", 20 ], [ "R", 22 ], [ "R", 22 ], [ "R", 20 ], [ "W", 16 ], [ "W", 22 ], [ "W", 16 ], [ "W", 16 ] ]
    } ]
  },
  "PetAdministratorController.delete" : {
    "t" : [ {
      "id" : 0,
      "a" : [ [ "R", 17 ], [ "R", 9 ], [ "R", 9 ], [ "R", 17 ], [ "R", 9 ], [ "R", 20 ], [ "R", 9 ], [ "R", 9 ], [ "R", 11 ], [ "R", 11 ], [ "R", 20 ], [ "R", 11 ], [ "R", 11 ], [ "R", 20 ], [ "R", 11 ], [ "R", 5 ], [ "R", 17 ], [ "R", 5 ], [ "R", 9 ], [ "R", 9 ], [ "R", 9 ], [ "R", 17 ], [ "R", 14 ], [ "R", 9 ], [ "R", 20 ], [ "R", 9 ], [ "R", 9 ], [ "R", 14 ], [ "R", 14 ], [ "R", 17 ], [ "W", 17 ], [ "W", 14 ], [ "R", 9 ], [ "R", 20 ], [ "R", 17 ], [ "R", 17 ], [ "R", 9 ], [ "R", 20 ], [ "R", 9 ], [ "R", 9 ], [ "R", 20 ], [ "R", 17 ], [ "R", 5 ], [ "R", 9 ], [ "R", 9 ], [ "R", 11 ], [ "R", 11 ], [ "R", 20 ], [ "R", 11 ], [ "R", 11 ], [ "R", 20 ], [ "R", 11 ], [ "R", 5 ], [ "R", 9 ], [ "R", 9 ], [ "R", 9 ], [ "R", 17 ], [ "W", 17 ], [ "W", 17 ], [ "W", 14 ], [ "R", 17 ], [ "R", 3 ], [ "R", 9 ], [ "R", 20 ], [ "R", 9 ], [ "R", 9 ], [ "R", 3 ], [ "R", 3 ], [ "R", 17 ], [ "W", 17 ], [ "W", 3 ], [ "R", 9 ], [ "R", 20 ], [ "R", 17 ], [ "R", 17 ], [ "R", 9 ], [ "R", 20 ], [ "R", 9 ], [ "R", 9 ], [ "R", 20 ], [ "R", 17 ], [ "R", 5 ], [ "R", 9 ], [ "R", 9 ], [ "R", 11 ], [ "R", 11 ], [ "R", 20 ], [ "R", 11 ], [ "R", 11 ], [ "R", 20 ], [ "R", 11 ], [ "R", 5 ], [ "R", 9 ], [ "R", 9 ], [ "R", 9 ], [ "R", 17 ], [ "W", 17 ], [ "W", 17 ], [ "R", 3 ], [ "R", 18 ], [ "R", 9 ], [ "R", 9 ], [ "R", 18 ], [ "R", 18 ], [ "R", 3 ], [ "W", 3 ], [ "W", 18 ], [ "W", 3 ], [ "W", 18 ], [ "W", 3 ], [ "W", 17 ] ]
    } ]
  },
  "StandBossController.save" : {
    "t" : [ {
      "id" : 0,
      "a" : [ [ "R", 7 ], [ "W", 19 ], [ "R", 7 ] ]
    } ]
  },
  "AdministratorController.banEmployee" : {
    "t" : [ {
      "id" : 0,
      "a" : [ [ "R", 9 ], [ "R", 20 ], [ "R", 11 ], [ "W", 11 ], [ "R", 1 ], [ "R", 20 ], [ "R", 20 ], [ "R", 1 ], [ "R", 20 ], [ "W", 20 ], [ "W", 11 ] ]
    } ]
  },
  "CenterBossController.list" : {
    "t" : [ {
      "id" : 0,
      "a" : [ [ "R", 9 ], [ "R", 9 ], [ "R", 4 ], [ "R", 4 ], [ "R", 20 ], [ "R", 4 ], [ "R", 4 ], [ "R", 20 ], [ "R", 4 ], [ "R", 5 ] ]
    } ]
  },
  "AdministratorController.listEmployees" : {
    "t" : [ {
      "id" : 0,
      "a" : [ [ "R", 11 ] ]
    } ]
  },
  "MessageAdministratorController.delete" : {
    "t" : [ {
      "id" : 0,
      "a" : [ [ "R", 15 ], [ "R", 9 ], [ "R", 20 ], [ "R", 9 ], [ "R", 9 ], [ "R", 15 ], [ "W", 15 ] ]
    } ]
  },
  "AdministratorController.listVeterinaries" : {
    "t" : [ {
      "id" : 0,
      "a" : [ [ "R", 21 ] ]
    } ]
  },
  "RegisterClientController.save" : {
    "t" : [ {
      "id" : 0,
      "a" : [ [ "R", 6 ], [ "W", 20 ], [ "R", 20 ], [ "R", 20 ], [ "W", 1 ], [ "W", 20 ], [ "W", 6 ], [ "W", 3 ], [ "W", 1 ], [ "W", 13 ], [ "W", 6 ], [ "W", 1 ], [ "W", 1 ], [ "W", 1 ], [ "W", 1 ], [ "W", 1 ], [ "R", 1 ], [ "R", 20 ], [ "W", 20 ], [ "R", 1 ], [ "R", 20 ], [ "W", 20 ], [ "R", 1 ], [ "R", 20 ], [ "R", 20 ], [ "R", 1 ], [ "R", 20 ], [ "W", 20 ], [ "W", 6 ], [ "W", 13 ], [ "W", 15 ], [ "W", 13 ], [ "W", 13 ], [ "W", 15 ], [ "W", 13 ], [ "W", 13 ], [ "W", 15 ], [ "W", 13 ], [ "W", 13 ], [ "W", 13 ], [ "W", 13 ], [ "W", 13 ], [ "W", 1 ], [ "W", 13 ], [ "W", 1 ], [ "W", 13 ], [ "W", 1 ], [ "W", 1 ], [ "W", 13 ] ]
    } ]
  },
  "PetEmployeeController.delete" : {
    "t" : [ {
      "id" : 0,
      "a" : [ [ "R", 9 ], [ "R", 9 ], [ "R", 17 ], [ "R", 9 ], [ "R", 20 ], [ "R", 9 ], [ "R", 9 ], [ "R", 11 ], [ "R", 11 ], [ "R", 20 ], [ "R", 11 ], [ "R", 11 ], [ "R", 20 ], [ "R", 11 ], [ "R", 5 ], [ "R", 17 ], [ "R", 5 ], [ "R", 9 ], [ "R", 9 ], [ "R", 9 ], [ "R", 17 ], [ "R", 14 ], [ "R", 9 ], [ "R", 20 ], [ "R", 9 ], [ "R", 9 ], [ "R", 14 ], [ "R", 14 ], [ "R", 17 ], [ "W", 17 ], [ "W", 14 ], [ "R", 9 ], [ "R", 20 ], [ "R", 17 ], [ "R", 17 ], [ "R", 9 ], [ "R", 20 ], [ "R", 9 ], [ "R", 9 ], [ "R", 20 ], [ "R", 17 ], [ "R", 5 ], [ "R", 9 ], [ "R", 9 ], [ "R", 11 ], [ "R", 11 ], [ "R", 20 ], [ "R", 11 ], [ "R", 11 ], [ "R", 20 ], [ "R", 11 ], [ "R", 5 ], [ "R", 9 ], [ "R", 9 ], [ "R", 9 ], [ "R", 17 ], [ "W", 17 ], [ "W", 17 ], [ "W", 14 ], [ "R", 17 ], [ "R", 3 ], [ "R", 9 ], [ "R", 20 ], [ "R", 9 ], [ "R", 9 ], [ "R", 3 ], [ "R", 3 ], [ "R", 17 ], [ "W", 17 ], [ "W", 3 ], [ "R", 9 ], [ "R", 20 ], [ "R", 17 ], [ "R", 17 ], [ "R", 9 ], [ "R", 20 ], [ "R", 9 ], [ "R", 9 ], [ "R", 20 ], [ "R", 17 ], [ "R", 5 ], [ "R", 9 ], [ "R", 9 ], [ "R", 11 ], [ "R", 11 ], [ "R", 20 ], [ "R", 11 ], [ "R", 11 ], [ "R", 20 ], [ "R", 11 ], [ "R", 5 ], [ "R", 9 ], [ "R", 9 ], [ "R", 9 ], [ "R", 17 ], [ "W", 17 ], [ "W", 17 ], [ "R", 3 ], [ "R", 18 ], [ "R", 9 ], [ "R", 9 ], [ "R", 18 ], [ "R", 18 ], [ "R", 3 ], [ "W", 3 ], [ "W", 18 ], [ "W", 3 ], [ "W", 18 ], [ "W", 3 ], [ "W", 17 ] ]
    } ]
  },
  "AdministratorController.edit" : {
    "t" : [ {
      "id" : 0,
      "a" : [ [ "R", 9 ], [ "R", 9 ], [ "R", 2 ], [ "R", 2 ], [ "R", 20 ], [ "R", 2 ], [ "R", 2 ], [ "R", 20 ], [ "R", 9 ], [ "R", 1 ], [ "R", 1 ], [ "R", 1 ], [ "R", 1 ], [ "R", 1 ], [ "R", 1 ], [ "R", 20 ], [ "R", 20 ] ]
    } ]
  },
  "AdministratorController.saveEdit" : {
    "t" : [ {
      "id" : 0,
      "a" : [ [ "R", 2 ], [ "W", 20 ], [ "R", 20 ], [ "R", 20 ], [ "W", 1 ], [ "W", 20 ], [ "W", 1 ], [ "W", 1 ], [ "W", 1 ], [ "W", 1 ], [ "W", 1 ], [ "R", 1 ], [ "R", 20 ], [ "W", 20 ], [ "R", 1 ], [ "R", 20 ], [ "W", 20 ], [ "R", 1 ], [ "R", 20 ], [ "R", 20 ], [ "R", 1 ], [ "R", 20 ], [ "W", 20 ], [ "W", 2 ] ]
    } ]
  },
  "AdministratorController.listVoluntaries" : {
    "t" : [ {
      "id" : 0,
      "a" : [ [ "R", 22 ] ]
    } ]
  },
  "RegisterVoluntaryController.saveEdit" : {
    "t" : [ {
      "id" : 0,
      "a" : [ [ "R", 22 ], [ "W", 20 ], [ "R", 20 ], [ "R", 20 ], [ "W", 1 ], [ "W", 20 ], [ "W", 1 ], [ "W", 13 ], [ "W", 22 ], [ "W", 1 ], [ "W", 1 ], [ "W", 1 ], [ "W", 1 ], [ "W", 1 ], [ "R", 1 ], [ "R", 20 ], [ "W", 20 ], [ "R", 1 ], [ "R", 20 ], [ "W", 20 ], [ "R", 1 ], [ "R", 20 ], [ "R", 20 ], [ "R", 1 ], [ "R", 20 ], [ "W", 20 ], [ "W", 22 ], [ "W", 13 ], [ "W", 15 ], [ "W", 13 ], [ "W", 13 ], [ "W", 15 ], [ "W", 13 ], [ "W", 13 ], [ "W", 15 ], [ "W", 13 ], [ "W", 13 ], [ "W", 13 ], [ "W", 13 ], [ "W", 13 ], [ "W", 1 ], [ "W", 13 ], [ "W", 1 ], [ "W", 13 ], [ "W", 1 ], [ "W", 1 ], [ "W", 13 ] ]
    } ]
  },
  "AdministratorController.debanClient" : {
    "t" : [ {
      "id" : 0,
      "a" : [ [ "R", 9 ], [ "R", 20 ], [ "R", 6 ], [ "W", 6 ], [ "R", 1 ], [ "R", 20 ], [ "R", 20 ], [ "R", 1 ], [ "R", 20 ], [ "W", 20 ], [ "W", 6 ] ]
    } ]
  },
  "CompanyBossController.affiliate" : {
    "t" : [ {
      "id" : 0,
      "a" : [ [ "R", 7 ], [ "R", 7 ], [ "R", 12 ] ]
    } ]
  },
  "EmployeeController.edit" : {
    "t" : [ {
      "id" : 0,
      "a" : [ [ "R", 9 ], [ "R", 9 ], [ "R", 11 ], [ "R", 11 ], [ "R", 20 ], [ "R", 11 ], [ "R", 11 ], [ "R", 20 ], [ "R", 9 ], [ "R", 1 ], [ "R", 1 ], [ "R", 1 ], [ "R", 1 ], [ "R", 11 ], [ "R", 5 ], [ "R", 1 ], [ "R", 1 ], [ "R", 20 ], [ "R", 20 ] ]
    } ]
  },
  "MedicalReportAdministratorController.delete" : {
    "t" : [ {
      "id" : 0,
      "a" : [ [ "R", 14 ], [ "R", 9 ], [ "R", 20 ], [ "R", 9 ], [ "R", 9 ], [ "R", 14 ], [ "R", 14 ], [ "R", 17 ], [ "W", 17 ], [ "W", 14 ], [ "R", 9 ], [ "R", 20 ], [ "R", 17 ], [ "R", 17 ], [ "R", 9 ], [ "R", 20 ], [ "R", 9 ], [ "R", 9 ], [ "R", 20 ], [ "R", 17 ], [ "R", 5 ], [ "R", 9 ], [ "R", 9 ], [ "R", 11 ], [ "R", 11 ], [ "R", 20 ], [ "R", 11 ], [ "R", 11 ], [ "R", 20 ], [ "R", 11 ], [ "R", 5 ], [ "R", 9 ], [ "R", 9 ], [ "R", 9 ], [ "R", 17 ], [ "W", 17 ], [ "W", 17 ], [ "W", 14 ] ]
    } ]
  },
  "MessageAdministratorController.listAllInInTrash" : {
    "t" : [ {
      "id" : 0,
      "a" : [ [ "R", 15 ], [ "R", 15 ], [ "R", 15 ] ]
    } ]
  },
  "MedicalReportVeterinaryController.edit" : {
    "t" : [ {
      "id" : 0,
      "a" : [ [ "R", 14 ], [ "R", 9 ], [ "R", 9 ], [ "R", 21 ], [ "R", 21 ], [ "R", 20 ], [ "R", 21 ], [ "R", 21 ], [ "R", 20 ], [ "R", 14 ], [ "R", 21 ], [ "R", 9 ], [ "R", 9 ], [ "R", 9 ] ]
    } ]
  },
  "NoticeAdministratorController.display" : {
    "t" : [ {
      "id" : 0,
      "a" : [ [ "R", 16 ] ]
    } ]
  },
  "BossController.saveEdit" : {
    "t" : [ {
      "id" : 0,
      "a" : [ [ "R", 4 ], [ "W", 20 ], [ "R", 20 ], [ "R", 20 ], [ "W", 1 ], [ "W", 20 ], [ "W", 1 ], [ "W", 13 ], [ "W", 4 ], [ "W", 5 ], [ "W", 1 ], [ "W", 1 ], [ "W", 1 ], [ "W", 1 ], [ "W", 1 ], [ "R", 1 ], [ "R", 20 ], [ "W", 20 ], [ "R", 1 ], [ "R", 20 ], [ "W", 20 ], [ "R", 1 ], [ "R", 20 ], [ "R", 20 ], [ "R", 1 ], [ "R", 20 ], [ "W", 20 ], [ "W", 4 ] ]
    } ]
  },
  "StandBossController.saveAffiliate" : {
    "t" : [ {
      "id" : 0,
      "a" : [ [ "R", 11 ], [ "W", 19 ], [ "R", 11 ] ]
    } ]
  },
  "EventBossController.list" : {
    "t" : [ {
      "id" : 0,
      "a" : [ [ "R", 12 ] ]
    } ]
  },
  "EmployeeBossController.save" : {
    "t" : [ {
      "id" : 0,
      "a" : [ [ "R", 9 ], [ "R", 9 ], [ "R", 4 ], [ "R", 4 ], [ "R", 20 ], [ "R", 4 ], [ "R", 4 ], [ "R", 20 ], [ "R", 4 ], [ "R", 5 ], [ "R", 9 ], [ "R", 9 ], [ "R", 4 ], [ "R", 4 ], [ "R", 20 ], [ "R", 4 ], [ "R", 4 ], [ "R", 20 ], [ "R", 4 ], [ "R", 5 ], [ "R", 9 ], [ "R", 9 ], [ "R", 4 ], [ "R", 4 ], [ "R", 20 ], [ "R", 4 ], [ "R", 4 ], [ "R", 20 ], [ "R", 4 ], [ "R", 5 ], [ "R", 9 ], [ "R", 9 ], [ "R", 4 ], [ "R", 4 ], [ "R", 20 ], [ "R", 4 ], [ "R", 4 ], [ "R", 20 ], [ "R", 4 ], [ "R", 5 ], [ "R", 11 ], [ "R", 9 ], [ "R", 20 ], [ "W", 20 ], [ "R", 20 ], [ "R", 20 ], [ "W", 1 ], [ "W", 20 ], [ "W", 1 ], [ "W", 13 ], [ "W", 11 ], [ "W", 18 ], [ "W", 11 ], [ "W", 11 ], [ "W", 5 ], [ "W", 1 ], [ "W", 1 ], [ "W", 1 ], [ "W", 1 ], [ "W", 1 ], [ "R", 1 ], [ "R", 20 ], [ "W", 20 ], [ "R", 1 ], [ "R", 20 ], [ "W", 20 ], [ "R", 1 ], [ "R", 20 ], [ "R", 20 ], [ "R", 1 ], [ "R", 20 ], [ "W", 20 ], [ "W", 11 ], [ "W", 13 ], [ "W", 15 ], [ "W", 13 ], [ "W", 13 ], [ "W", 15 ], [ "W", 13 ], [ "W", 13 ], [ "W", 15 ], [ "W", 13 ], [ "W", 13 ], [ "W", 13 ], [ "W", 13 ], [ "W", 13 ], [ "W", 1 ], [ "W", 13 ], [ "W", 1 ], [ "W", 13 ], [ "W", 1 ], [ "W", 1 ], [ "W", 13 ], [ "R", 9 ], [ "R", 9 ], [ "R", 4 ], [ "R", 4 ], [ "R", 20 ], [ "R", 4 ], [ "R", 4 ], [ "R", 20 ], [ "R", 4 ], [ "R", 5 ] ]
    } ]
  },
  "PetController.listPetsPermitAdoption" : {
    "t" : [ {
      "id" : 0,
      "a" : [ [ "R", 17 ], [ "R", 17 ], [ "R", 17 ], [ "R", 17 ], [ "R", 3 ], [ "R", 17 ], [ "R", 3 ], [ "R", 3 ], [ "R", 18 ], [ "R", 3 ], [ "R", 18 ], [ "R", 18 ] ]
    } ]
  },
  "VoluntaryEmployeeController.list" : {
    "t" : [ {
      "id" : 0,
      "a" : [ [ "R", 9 ], [ "R", 9 ], [ "R", 11 ], [ "R", 11 ], [ "R", 20 ], [ "R", 11 ], [ "R", 11 ], [ "R", 20 ], [ "R", 9 ], [ "R", 11 ], [ "R", 11 ], [ "R", 19 ], [ "R", 11 ], [ "R", 19 ], [ "R", 22 ], [ "R", 11 ], [ "R", 19 ], [ "R", 22 ], [ "R", 11 ] ]
    } ]
  },
  "EventBossController.delete" : {
    "t" : [ {
      "id" : 0,
      "a" : [ [ "R", 9 ], [ "R", 20 ], [ "R", 9 ], [ "R", 20 ], [ "R", 9 ], [ "R", 9 ], [ "R", 4 ], [ "R", 4 ], [ "R", 20 ], [ "R", 4 ], [ "R", 4 ], [ "R", 20 ], [ "R", 4 ], [ "R", 5 ], [ "R", 12 ], [ "R", 5 ], [ "R", 9 ], [ "R", 9 ], [ "R", 12 ], [ "W", 12 ] ]
    } ]
  },
  "PetVeterinaryController.list" : {
    "t" : [ {
      "id" : 0,
      "a" : [ [ "R", 17 ], [ "R", 9 ], [ "R", 9 ], [ "R", 21 ], [ "R", 21 ], [ "R", 20 ], [ "R", 21 ], [ "R", 21 ], [ "R", 20 ] ]
    } ]
  },
  "NoticeAdministratorController.listClientBan" : {
    "t" : [ {
      "id" : 0,
      "a" : [ [ "R", 9 ], [ "R", 20 ], [ "R", 16 ] ]
    } ]
  },
  "CompanyController.list" : {
    "t" : [ {
      "id" : 0,
      "a" : [ [ "R", 7 ] ]
    } ]
  },
  "AdministratorController.list" : {
    "t" : [ {
      "id" : 0,
      "a" : [ [ "R", 1 ] ]
    } ]
  },
  "PetEmployeeController.save" : {
    "t" : [ {
      "id" : 0,
      "a" : [ [ "R", 9 ], [ "R", 9 ], [ "R", 11 ], [ "R", 11 ], [ "R", 20 ], [ "R", 11 ], [ "R", 11 ], [ "R", 20 ], [ "R", 11 ], [ "R", 5 ], [ "R", 9 ], [ "R", 20 ], [ "R", 17 ], [ "R", 17 ], [ "R", 9 ], [ "R", 20 ], [ "R", 9 ], [ "R", 9 ], [ "R", 20 ], [ "R", 17 ], [ "R", 5 ], [ "R", 9 ], [ "R", 9 ], [ "R", 11 ], [ "R", 11 ], [ "R", 20 ], [ "R", 11 ], [ "R", 11 ], [ "R", 20 ], [ "R", 11 ], [ "R", 5 ], [ "R", 9 ], [ "R", 9 ], [ "R", 9 ], [ "R", 17 ], [ "W", 17 ], [ "W", 17 ], [ "R", 9 ], [ "R", 9 ], [ "R", 11 ], [ "R", 11 ], [ "R", 20 ], [ "R", 11 ], [ "R", 11 ], [ "R", 20 ], [ "R", 11 ], [ "R", 5 ] ]
    } ]
  },
  "AdministratorController.debanEmployee" : {
    "t" : [ {
      "id" : 0,
      "a" : [ [ "R", 9 ], [ "R", 20 ], [ "R", 11 ], [ "W", 11 ], [ "R", 1 ], [ "R", 20 ], [ "R", 20 ], [ "R", 1 ], [ "R", 20 ], [ "W", 20 ], [ "W", 11 ] ]
    } ]
  },
  "EventBossController.save" : {
    "t" : [ {
      "id" : 0,
      "a" : [ [ "R", 9 ], [ "R", 9 ], [ "R", 4 ], [ "R", 4 ], [ "R", 20 ], [ "R", 4 ], [ "R", 4 ], [ "R", 20 ], [ "R", 4 ], [ "R", 5 ], [ "R", 9 ], [ "R", 20 ], [ "R", 9 ], [ "R", 20 ], [ "W", 12 ], [ "R", 9 ], [ "R", 9 ], [ "R", 4 ], [ "R", 4 ], [ "R", 20 ], [ "R", 4 ], [ "R", 4 ], [ "R", 20 ], [ "R", 4 ], [ "R", 5 ] ]
    } ]
  },
  "AdministratorController.listBoss" : {
    "t" : [ {
      "id" : 0,
      "a" : [ [ "R", 4 ] ]
    } ]
  },
  "VeterinaryBossController.save" : {
    "t" : [ {
      "id" : 0,
      "a" : [ [ "R", 21 ], [ "R", 9 ], [ "R", 20 ], [ "W", 20 ], [ "R", 20 ], [ "R", 20 ], [ "W", 1 ], [ "W", 20 ], [ "W", 1 ], [ "W", 13 ], [ "W", 21 ], [ "W", 21 ], [ "W", 14 ], [ "W", 1 ], [ "W", 1 ], [ "W", 1 ], [ "W", 1 ], [ "W", 1 ], [ "R", 1 ], [ "R", 20 ], [ "W", 20 ], [ "R", 1 ], [ "R", 20 ], [ "W", 20 ], [ "R", 1 ], [ "R", 20 ], [ "R", 20 ], [ "R", 1 ], [ "R", 20 ], [ "W", 20 ], [ "W", 21 ], [ "W", 13 ], [ "W", 15 ], [ "W", 13 ], [ "W", 13 ], [ "W", 15 ], [ "W", 13 ], [ "W", 13 ], [ "W", 15 ], [ "W", 13 ], [ "W", 13 ], [ "W", 13 ], [ "W", 13 ], [ "W", 13 ], [ "W", 1 ], [ "W", 13 ], [ "W", 1 ], [ "W", 13 ], [ "W", 1 ], [ "W", 1 ], [ "W", 13 ] ]
    } ]
  },
  "CenterBossController.edit" : {
    "t" : [ {
      "id" : 0,
      "a" : [ [ "R", 5 ], [ "R", 5 ], [ "R", 9 ], [ "R", 9 ], [ "R", 4 ], [ "R", 4 ], [ "R", 20 ], [ "R", 4 ], [ "R", 4 ], [ "R", 20 ], [ "R", 4 ], [ "R", 5 ], [ "R", 9 ], [ "R", 11 ], [ "R", 11 ], [ "R", 5 ], [ "R", 11 ], [ "R", 11 ], [ "R", 5 ] ]
    } ]
  },
  "CompanyBossController.saveAffiliate" : {
    "t" : [ {
      "id" : 0,
      "a" : [ [ "R", 12 ], [ "R", 9 ], [ "R", 20 ], [ "R", 9 ], [ "R", 20 ], [ "W", 7 ], [ "R", 12 ] ]
    } ]
  },
  "BossBossController.save" : {
    "t" : [ {
      "id" : 0,
      "a" : [ [ "R", 4 ], [ "W", 20 ], [ "R", 20 ], [ "R", 20 ], [ "W", 1 ], [ "W", 20 ], [ "W", 1 ], [ "W", 13 ], [ "W", 4 ], [ "W", 5 ], [ "W", 1 ], [ "W", 1 ], [ "W", 1 ], [ "W", 1 ], [ "W", 1 ], [ "R", 1 ], [ "R", 20 ], [ "W", 20 ], [ "R", 1 ], [ "R", 20 ], [ "W", 20 ], [ "R", 1 ], [ "R", 20 ], [ "R", 20 ], [ "R", 1 ], [ "R", 20 ], [ "W", 20 ], [ "W", 4 ], [ "W", 13 ], [ "W", 15 ], [ "W", 13 ], [ "W", 13 ], [ "W", 15 ], [ "W", 13 ], [ "W", 13 ], [ "W", 15 ], [ "W", 13 ], [ "W", 13 ], [ "W", 13 ], [ "W", 13 ], [ "W", 13 ], [ "W", 1 ], [ "W", 13 ], [ "W", 1 ], [ "W", 13 ], [ "W", 1 ], [ "W", 1 ], [ "W", 13 ] ]
    } ]
  },
  "DonationClientController.create" : {
    "t" : [ {
      "id" : 0,
      "a" : [ [ "R", 12 ], [ "R", 12 ], [ "R", 9 ], [ "R", 9 ], [ "R", 22 ], [ "R", 22 ], [ "R", 20 ], [ "R", 22 ], [ "R", 22 ], [ "R", 20 ], [ "W", 10 ], [ "W", 22 ], [ "R", 9 ], [ "R", 9 ], [ "R", 6 ], [ "R", 6 ], [ "R", 20 ], [ "R", 6 ], [ "R", 6 ], [ "R", 20 ], [ "W", 10 ], [ "W", 6 ], [ "W", 10 ], [ "W", 12 ] ]
    } ]
  },
  "MessageController.save" : {
    "t" : [ {
      "id" : 0,
      "a" : [ [ "R", 1 ], [ "R", 15 ], [ "W", 15 ], [ "W", 13 ], [ "W", 15 ], [ "W", 15 ], [ "W", 15 ], [ "W", 15 ], [ "W", 15 ], [ "R", 1 ], [ "R", 13 ], [ "R", 13 ], [ "R", 9 ], [ "R", 9 ], [ "R", 1 ], [ "R", 1 ], [ "R", 1 ], [ "R", 20 ], [ "R", 1 ], [ "R", 13 ], [ "R", 13 ], [ "W", 15 ], [ "W", 13 ], [ "W", 15 ], [ "W", 13 ], [ "W", 15 ], [ "R", 15 ], [ "R", 13 ], [ "R", 13 ], [ "R", 15 ], [ "W", 13 ], [ "W", 15 ], [ "W", 13 ], [ "R", 1 ] ]
    } ]
  },
  "ApplicationAdministratorController.listClientBan" : {
    "t" : [ {
      "id" : 0,
      "a" : [ [ "R", 3 ], [ "R", 3 ], [ "R", 6 ], [ "R", 3 ], [ "R", 3 ], [ "R", 6 ] ]
    } ]
  },
  "PetAdministratorController.listPending" : {
    "t" : [ {
      "id" : 0,
      "a" : [ [ "R", 17 ] ]
    } ]
  },
  "StandVoluntaryController.save" : {
    "t" : [ {
      "id" : 0,
      "a" : [ [ "R", 9 ], [ "R", 9 ], [ "R", 22 ], [ "R", 22 ], [ "R", 20 ], [ "R", 22 ], [ "R", 22 ], [ "R", 20 ], [ "R", 19 ], [ "R", 22 ], [ "R", 9 ], [ "R", 9 ], [ "R", 22 ], [ "R", 22 ], [ "R", 20 ], [ "R", 22 ], [ "R", 22 ], [ "R", 20 ], [ "R", 19 ], [ "R", 22 ], [ "R", 19 ], [ "R", 22 ], [ "W", 19 ], [ "W", 22 ], [ "W", 19 ], [ "R", 19 ], [ "R", 22 ], [ "R", 19 ], [ "R", 19 ], [ "R", 22 ], [ "W", 19 ], [ "W", 22 ], [ "W", 19 ], [ "R", 9 ], [ "R", 9 ], [ "R", 22 ], [ "R", 22 ], [ "R", 20 ], [ "R", 22 ], [ "R", 22 ], [ "R", 20 ], [ "R", 19 ], [ "R", 22 ] ]
    } ]
  },
  "CenterEmployeeController.list" : {
    "t" : [ {
      "id" : 0,
      "a" : [ [ "R", 17 ], [ "R", 17 ], [ "R", 5 ], [ "R", 17 ], [ "R", 5 ], [ "R", 17 ] ]
    } ]
  },
  "NoticeEmployeeController.discard" : {
    "t" : [ {
      "id" : 0,
      "a" : [ [ "R", 16 ], [ "R", 9 ], [ "R", 20 ], [ "R", 16 ], [ "W", 16 ], [ "W", 16 ] ]
    } ]
  },
  "StandBossController.affiliate" : {
    "t" : [ {
      "id" : 0,
      "a" : [ [ "R", 19 ], [ "R", 19 ], [ "R", 11 ] ]
    } ]
  },
  "MedicalReportVeterinaryController.create" : {
    "t" : [ {
      "id" : 0,
      "a" : [ [ "R", 9 ], [ "R", 20 ], [ "R", 17 ], [ "R", 9 ], [ "R", 9 ], [ "R", 21 ], [ "R", 21 ], [ "R", 20 ], [ "R", 21 ], [ "R", 21 ], [ "R", 20 ], [ "W", 14 ], [ "W", 14 ], [ "W", 21 ], [ "W", 14 ], [ "W", 17 ] ]
    } ]
  },
  "ApplicationAdministratorController.delete" : {
    "t" : [ {
      "id" : 0,
      "a" : [ [ "R", 3 ], [ "R", 9 ], [ "R", 20 ], [ "R", 9 ], [ "R", 9 ], [ "R", 3 ], [ "R", 3 ], [ "R", 17 ], [ "W", 17 ], [ "W", 3 ], [ "R", 9 ], [ "R", 20 ], [ "R", 17 ], [ "R", 17 ], [ "R", 9 ], [ "R", 20 ], [ "R", 9 ], [ "R", 9 ], [ "R", 20 ], [ "R", 17 ], [ "R", 5 ], [ "R", 9 ], [ "R", 9 ], [ "R", 11 ], [ "R", 11 ], [ "R", 20 ], [ "R", 11 ], [ "R", 11 ], [ "R", 20 ], [ "R", 11 ], [ "R", 5 ], [ "R", 9 ], [ "R", 9 ], [ "R", 9 ], [ "R", 17 ], [ "W", 17 ], [ "W", 17 ], [ "R", 3 ], [ "R", 18 ], [ "R", 9 ], [ "R", 9 ], [ "R", 18 ], [ "R", 18 ], [ "R", 3 ], [ "W", 3 ], [ "W", 18 ], [ "W", 3 ], [ "W", 18 ], [ "W", 3 ] ]
    } ]
  },
  "StandBossController.delete" : {
    "t" : [ {
      "id" : 0,
      "a" : [ [ "R", 9 ], [ "R", 20 ], [ "R", 9 ], [ "R", 20 ], [ "R", 19 ], [ "R", 7 ], [ "R", 7 ], [ "R", 12 ], [ "R", 12 ], [ "R", 5 ], [ "R", 5 ], [ "R", 4 ], [ "R", 9 ], [ "R", 9 ], [ "R", 4 ], [ "R", 4 ], [ "R", 20 ], [ "R", 4 ], [ "R", 4 ], [ "R", 20 ], [ "R", 9 ], [ "R", 9 ], [ "R", 9 ], [ "R", 9 ], [ "R", 9 ], [ "R", 19 ], [ "W", 19 ] ]
    } ]
  },
  "CenterBossController.create" : {
    "t" : [ {
      "id" : 0,
      "a" : [ [ "R", 9 ], [ "R", 20 ], [ "R", 9 ], [ "R", 9 ], [ "R", 4 ], [ "R", 4 ], [ "R", 20 ], [ "R", 4 ], [ "R", 4 ], [ "R", 20 ], [ "W", 23 ], [ "W", 23 ], [ "W", 23 ], [ "W", 23 ], [ "W", 23 ], [ "R", 9 ], [ "R", 20 ], [ "W", 23 ], [ "W", 5 ], [ "W", 4 ], [ "W", 5 ], [ "W", 23 ], [ "W", 23 ], [ "W", 23 ], [ "W", 23 ], [ "W", 23 ], [ "W", 23 ], [ "W", 5 ], [ "W", 23 ], [ "R", 9 ], [ "R", 11 ], [ "R", 11 ], [ "R", 5 ], [ "R", 11 ], [ "R", 11 ], [ "R", 5 ] ]
    } ]
  },
  "VeterinaryController.edit" : {
    "t" : [ {
      "id" : 0,
      "a" : [ [ "R", 9 ], [ "R", 9 ], [ "R", 21 ], [ "R", 21 ], [ "R", 20 ], [ "R", 21 ], [ "R", 21 ], [ "R", 20 ], [ "R", 9 ], [ "R", 1 ], [ "R", 1 ], [ "R", 1 ], [ "R", 1 ], [ "R", 1 ], [ "R", 1 ], [ "R", 20 ], [ "R", 20 ] ]
    } ]
  },
  "PetEmployeeController.create" : {
    "t" : [ {
      "id" : 0,
      "a" : [ [ "W", 17 ], [ "R", 9 ], [ "R", 9 ], [ "R", 11 ], [ "R", 11 ], [ "R", 20 ], [ "R", 11 ], [ "R", 11 ], [ "R", 20 ], [ "R", 11 ], [ "R", 5 ] ]
    } ]
  },
  "BossController.edit" : {
    "t" : [ {
      "id" : 0,
      "a" : [ [ "R", 9 ], [ "R", 9 ], [ "R", 4 ], [ "R", 4 ], [ "R", 20 ], [ "R", 4 ], [ "R", 4 ], [ "R", 20 ], [ "R", 9 ], [ "R", 1 ], [ "R", 1 ], [ "R", 1 ], [ "R", 1 ], [ "R", 1 ], [ "R", 1 ], [ "R", 20 ], [ "R", 20 ] ]
    } ]
  },
  "EmployeeBossController.create" : {
    "t" : [ {
      "id" : 0,
      "a" : [ [ "R", 9 ], [ "R", 9 ], [ "R", 4 ], [ "R", 4 ], [ "R", 20 ], [ "R", 4 ], [ "R", 4 ], [ "R", 20 ], [ "R", 4 ], [ "R", 5 ] ]
    } ]
  },
  "RegisterClientController.saveEdit" : {
    "t" : [ {
      "id" : 0,
      "a" : [ [ "R", 6 ], [ "W", 20 ], [ "R", 20 ], [ "R", 20 ], [ "W", 1 ], [ "W", 20 ], [ "W", 6 ], [ "W", 3 ], [ "W", 1 ], [ "W", 13 ], [ "W", 6 ], [ "W", 1 ], [ "W", 1 ], [ "W", 1 ], [ "W", 1 ], [ "W", 1 ], [ "R", 1 ], [ "R", 20 ], [ "W", 20 ], [ "R", 1 ], [ "R", 20 ], [ "W", 20 ], [ "R", 1 ], [ "R", 20 ], [ "R", 20 ], [ "R", 1 ], [ "R", 20 ], [ "W", 20 ], [ "W", 6 ] ]
    } ]
  },
  "MessageController.listTrashBox" : {
    "t" : [ {
      "id" : 0,
      "a" : [ [ "R", 9 ], [ "R", 9 ], [ "R", 1 ], [ "R", 1 ], [ "R", 1 ], [ "R", 20 ], [ "R", 15 ], [ "R", 15 ], [ "R", 13 ], [ "R", 13 ], [ "R", 13 ], [ "R", 1 ] ]
    } ]
  },
  "ApplicationEmployeeController.list" : {
    "t" : [ {
      "id" : 0,
      "a" : [ [ "R", 9 ], [ "R", 9 ], [ "R", 11 ], [ "R", 11 ], [ "R", 20 ], [ "R", 11 ], [ "R", 11 ], [ "R", 20 ], [ "R", 11 ], [ "R", 5 ], [ "R", 3 ], [ "R", 3 ], [ "R", 17 ], [ "R", 3 ], [ "R", 3 ], [ "R", 3 ], [ "R", 17 ], [ "R", 5 ] ]
    } ]
  },
  "AdministratorController.banVoluntary" : {
    "t" : [ {
      "id" : 0,
      "a" : [ [ "R", 9 ], [ "R", 20 ], [ "R", 22 ], [ "W", 22 ], [ "R", 1 ], [ "R", 20 ], [ "R", 20 ], [ "R", 1 ], [ "R", 20 ], [ "W", 20 ], [ "W", 22 ] ]
    } ]
  },
  "ApplicationClientController.save" : {
    "t" : [ {
      "id" : 0,
      "a" : [ [ "W", 3 ], [ "R", 3 ], [ "R", 17 ], [ "R", 3 ], [ "R", 6 ], [ "R", 17 ], [ "R", 3 ], [ "R", 6 ], [ "R", 3 ], [ "R", 9 ], [ "R", 20 ], [ "R", 17 ], [ "R", 17 ], [ "R", 9 ], [ "R", 20 ], [ "R", 9 ], [ "R", 9 ], [ "R", 20 ], [ "R", 17 ], [ "R", 5 ], [ "R", 9 ], [ "R", 9 ], [ "R", 11 ], [ "R", 11 ], [ "R", 20 ], [ "R", 11 ], [ "R", 11 ], [ "R", 20 ], [ "R", 11 ], [ "R", 5 ], [ "R", 9 ], [ "R", 9 ], [ "R", 9 ], [ "R", 17 ], [ "W", 17 ], [ "W", 17 ], [ "W", 6 ] ]
    } ]
  },
  "WelcomeController.index" : {
    "t" : [ {
      "id" : 0,
      "a" : [ [ "R", 8 ], [ "R", 8 ], [ "R", 8 ], [ "R", 8 ] ]
    } ]
  },
  "DonationClientController.save" : {
    "t" : [ {
      "id" : 0,
      "a" : [ [ "W", 10 ], [ "R", 10 ], [ "R", 12 ], [ "R", 12 ], [ "R", 10 ], [ "R", 9 ], [ "R", 20 ], [ "R", 9 ], [ "R", 20 ], [ "W", 12 ] ]
    } ]
  },
  "RegisterVoluntaryController.edit" : {
    "t" : [ {
      "id" : 0,
      "a" : [ [ "R", 9 ], [ "R", 9 ], [ "R", 22 ], [ "R", 22 ], [ "R", 20 ], [ "R", 22 ], [ "R", 22 ], [ "R", 20 ], [ "R", 9 ], [ "R", 1 ], [ "R", 1 ], [ "R", 1 ], [ "R", 1 ], [ "R", 1 ], [ "R", 1 ], [ "R", 20 ], [ "R", 20 ] ]
    } ]
  },
  "NoticeEmployeeController.listNonDescarted" : {
    "t" : [ {
      "id" : 0,
      "a" : [ [ "R", 16 ], [ "R", 16 ], [ "R", 16 ], [ "R", 16 ] ]
    } ]
  },
  "NoticeEmployeeController.display" : {
    "t" : [ {
      "id" : 0,
      "a" : [ [ "R", 16 ] ]
    } ]
  },
  "CompanyBossController.save" : {
    "t" : [ {
      "id" : 0,
      "a" : [ [ "R", 9 ], [ "R", 20 ], [ "R", 9 ], [ "R", 20 ], [ "W", 7 ] ]
    } ]
  },
  "ReportEmployeeController.save" : {
    "t" : [ {
      "id" : 0,
      "a" : [ [ "R", 9 ], [ "R", 9 ], [ "R", 11 ], [ "R", 11 ], [ "R", 20 ], [ "R", 11 ], [ "R", 11 ], [ "R", 20 ], [ "W", 18 ], [ "W", 11 ], [ "R", 18 ], [ "R", 3 ], [ "R", 18 ], [ "R", 3 ], [ "R", 18 ], [ "R", 3 ], [ "W", 3 ], [ "W", 3 ], [ "R", 18 ], [ "R", 3 ], [ "R", 17 ], [ "R", 17 ], [ "R", 3 ], [ "W", 3 ], [ "W", 18 ], [ "W", 3 ], [ "W", 18 ], [ "W", 3 ] ]
    } ]
  },
  "MedicalReportVeterinaryController.save" : {
    "t" : [ {
      "id" : 0,
      "a" : [ [ "W", 14 ] ]
    } ]
  },
  "StandController.list" : {
    "t" : [ {
      "id" : 0,
      "a" : [ [ "R", 19 ] ]
    } ]
  },
  "CompanyBossController.create" : {
    "t" : [ {
      "id" : 0,
      "a" : [ [ "R", 9 ], [ "R", 20 ], [ "W", 7 ], [ "W", 19 ] ]
    } ]
  },
  "MessageController.deleteToTrash" : {
    "t" : [ {
      "id" : 0,
      "a" : [ [ "R", 15 ], [ "R", 9 ], [ "R", 9 ], [ "R", 1 ], [ "R", 1 ], [ "R", 1 ], [ "R", 20 ], [ "R", 15 ], [ "R", 13 ], [ "R", 13 ], [ "R", 1 ], [ "R", 13 ], [ "R", 15 ], [ "W", 13 ], [ "W", 15 ], [ "R", 1 ], [ "R", 13 ], [ "R", 13 ], [ "R", 13 ], [ "R", 15 ], [ "W", 13 ], [ "W", 15 ], [ "R", 15 ], [ "R", 13 ], [ "W", 15 ], [ "W", 13 ], [ "W", 15 ], [ "W", 15 ] ]
    } ]
  },
  "MessageAdministratorController.list" : {
    "t" : [ {
      "id" : 0,
      "a" : [ [ "R", 15 ], [ "R", 15 ], [ "R", 15 ] ]
    } ]
  },
  "StandBossController.edit" : {
    "t" : [ {
      "id" : 0,
      "a" : [ [ "R", 19 ], [ "R", 19 ], [ "R", 7 ] ]
    } ]
  },
  "MessageController.create" : {
    "t" : [ {
      "id" : 0,
      "a" : [ [ "R", 1 ] ]
    } ]
  },
  "RegisterClientController.edit" : {
    "t" : [ {
      "id" : 0,
      "a" : [ [ "R", 9 ], [ "R", 9 ], [ "R", 6 ], [ "R", 6 ], [ "R", 20 ], [ "R", 6 ], [ "R", 6 ], [ "R", 20 ], [ "R", 9 ], [ "R", 1 ], [ "R", 1 ], [ "R", 1 ], [ "R", 1 ], [ "R", 1 ], [ "R", 1 ], [ "R", 20 ], [ "R", 20 ] ]
    } ]
  }
}