{
  "AuditController.display" : {
    "t" : [ {
      "id" : 0,
      "a" : [ [ "R", 4 ] ]
    } ]
  },
  "ActorController.displayAuditor" : {
    "t" : [ {
      "id" : 0,
      "a" : [ [ "R", 5 ], [ "R", 9 ], [ "R", 9 ], [ "R", 1 ], [ "R", 1 ], [ "R", 1 ], [ "R", 26 ], [ "R", 9 ], [ "R", 9 ], [ "R", 9 ], [ "R", 1 ], [ "R", 1 ], [ "R", 1 ], [ "R", 26 ], [ "R", 9 ], [ "R", 5 ], [ "R", 9 ] ]
    } ]
  },
  "PositionDataRookieController.delete" : {
    "t" : [ {
      "id" : 0,
      "a" : [ [ "R", 9 ], [ "R", 9 ], [ "R", 22 ], [ "R", 22 ], [ "R", 22 ], [ "R", 26 ], [ "R", 19 ], [ "R", 9 ], [ "R", 8 ], [ "R", 8 ], [ "R", 19 ], [ "R", 8 ], [ "R", 8 ], [ "R", 19 ], [ "R", 8 ], [ "R", 22 ], [ "R", 9 ], [ "R", 9 ], [ "R", 9 ], [ "R", 9 ], [ "R", 9 ], [ "R", 19 ], [ "R", 9 ], [ "R", 8 ], [ "R", 8 ], [ "R", 19 ], [ "R", 8 ], [ "R", 8 ], [ "R", 19 ], [ "R", 8 ], [ "R", 22 ], [ "R", 9 ], [ "R", 9 ], [ "R", 22 ], [ "R", 22 ], [ "R", 22 ], [ "R", 26 ], [ "R", 9 ], [ "R", 9 ], [ "R", 9 ], [ "R", 8 ], [ "R", 19 ], [ "W", 19 ], [ "R", 9 ], [ "R", 9 ] ]
    } ]
  },
  "ActorController.saveProvider" : {
    "t" : [ {
      "id" : 0,
      "a" : [ [ "R", 9 ], [ "R", 9 ], [ "R", 1 ], [ "R", 1 ], [ "R", 1 ], [ "R", 26 ], [ "R", 9 ], [ "R", 21 ], [ "W", 1 ], [ "W", 1 ], [ "W", 1 ], [ "W", 1 ], [ "W", 1 ], [ "W", 1 ], [ "W", 1 ], [ "W", 21 ], [ "W", 21 ], [ "W", 21 ] ]
    } ]
  },
  "EducationDataRookieController.create" : {
    "t" : [ {
      "id" : 0,
      "a" : [ [ "R", 10 ], [ "R", 9 ], [ "R", 10 ], [ "R", 10 ], [ "R", 10 ], [ "R", 10 ], [ "R", 9 ], [ "R", 9 ] ]
    } ]
  },
  "NuevaEntidadXXXAuditorController.list" : {
    "t" : [ {
      "id" : 0,
      "a" : [ [ "R", 9 ], [ "R", 9 ], [ "R", 5 ], [ "R", 5 ], [ "R", 5 ], [ "R", 26 ], [ "R", 9 ], [ "R", 16 ], [ "R", 16 ], [ "R", 16 ], [ "R", 4 ], [ "R", 5 ], [ "R", 16 ] ]
    } ]
  },
  "SystemConfigAdministratorController.edit" : {
    "t" : [ {
      "id" : 0,
      "a" : [ [ "R", 25 ], [ "W", 25 ], [ "W", 25 ], [ "W", 25 ], [ "W", 25 ], [ "W", 25 ], [ "W", 25 ], [ "W", 25 ], [ "W", 25 ], [ "W", 25 ], [ "W", 25 ], [ "R", 9 ], [ "W", 25 ] ]
    } ]
  },
  "PositionCompanyController.create" : {
    "t" : [ {
      "id" : 0,
      "a" : [ [ "R", 9 ], [ "R", 9 ], [ "R", 6 ], [ "R", 6 ], [ "R", 6 ], [ "R", 26 ], [ "R", 6 ], [ "W", 18 ], [ "W", 18 ], [ "W", 6 ], [ "R", 9 ] ]
    } ]
  },
  "PositionCompanyController.list" : {
    "t" : [ {
      "id" : 0,
      "a" : [ [ "R", 9 ], [ "R", 9 ], [ "R", 6 ], [ "R", 6 ], [ "R", 6 ], [ "R", 26 ], [ "R", 9 ], [ "R", 18 ], [ "R", 18 ], [ "R", 18 ], [ "R", 6 ] ]
    } ]
  },
  "PositionProblemCompanyController.delete" : {
    "t" : [ {
      "id" : 0,
      "a" : [ [ "R", 9 ], [ "R", 9 ], [ "R", 20 ], [ "R", 20 ], [ "R", 9 ], [ "R", 9 ], [ "R", 6 ], [ "R", 6 ], [ "R", 6 ], [ "R", 26 ], [ "R", 20 ], [ "R", 18 ], [ "R", 18 ], [ "R", 6 ], [ "R", 9 ], [ "R", 9 ], [ "R", 9 ], [ "W", 20 ], [ "R", 9 ] ]
    } ]
  },
  "AuditAuditorController.create" : {
    "t" : [ {
      "id" : 0,
      "a" : [ [ "R", 18 ], [ "R", 9 ], [ "R", 9 ], [ "R", 5 ], [ "R", 5 ], [ "R", 5 ], [ "R", 26 ], [ "W", 4 ], [ "W", 4 ], [ "W", 5 ], [ "W", 4 ], [ "W", 18 ], [ "R", 9 ] ]
    } ]
  },
  "ItemController.list" : {
    "t" : [ {
      "id" : 0,
      "a" : [ [ "R", 12 ], [ "R", 12 ], [ "R", 12 ], [ "R", 21 ], [ "R", 12 ] ]
    } ]
  },
  "SponsorshipProviderController.display" : {
    "t" : [ {
      "id" : 0,
      "a" : [ [ "R", 24 ] ]
    } ]
  },
  "SponsorshipProviderController.edit" : {
    "t" : [ {
      "id" : 0,
      "a" : [ [ "R", 24 ], [ "R", 24 ], [ "R", 24 ], [ "R", 7 ], [ "R", 7 ], [ "R", 24 ], [ "R", 7 ], [ "R", 7 ], [ "R", 24 ], [ "R", 7 ], [ "R", 7 ], [ "R", 24 ], [ "R", 7 ], [ "R", 7 ], [ "R", 9 ], [ "R", 24 ], [ "R", 7 ], [ "R", 7 ], [ "R", 24 ], [ "R", 7 ], [ "R", 7 ], [ "R", 24 ], [ "R", 18 ], [ "R", 9 ], [ "R", 24 ], [ "R", 9 ] ]
    } ]
  },
  "ActorController.displayProvider" : {
    "t" : [ {
      "id" : 0,
      "a" : [ [ "R", 21 ], [ "R", 9 ], [ "R", 9 ], [ "R", 1 ], [ "R", 1 ], [ "R", 1 ], [ "R", 26 ], [ "R", 9 ], [ "R", 9 ], [ "R", 9 ], [ "R", 1 ], [ "R", 1 ], [ "R", 1 ], [ "R", 26 ], [ "R", 9 ], [ "R", 21 ], [ "R", 9 ] ]
    } ]
  },
  "ExportAndDeleteDataProviderController.delete" : {
    "t" : [ {
      "id" : 0,
      "a" : [ [ "R", 9 ], [ "R", 9 ], [ "R", 21 ], [ "R", 21 ], [ "R", 21 ], [ "R", 26 ], [ "W", 1 ], [ "W", 1 ], [ "W", 1 ], [ "W", 1 ], [ "W", 1 ], [ "W", 1 ], [ "W", 1 ], [ "W", 1 ], [ "W", 21 ], [ "W", 1 ], [ "W", 1 ], [ "R", 1 ], [ "R", 26 ], [ "W", 26 ], [ "W", 26 ] ]
    } ]
  },
  "ItemProviderController.delete" : {
    "t" : [ {
      "id" : 0,
      "a" : [ [ "R", 12 ], [ "R", 9 ], [ "R", 9 ], [ "R", 1 ], [ "R", 1 ], [ "R", 1 ], [ "R", 26 ], [ "R", 1 ], [ "R", 26 ], [ "R", 26 ], [ "R", 9 ], [ "R", 9 ], [ "R", 21 ], [ "R", 21 ], [ "R", 21 ], [ "R", 26 ], [ "R", 9 ], [ "R", 9 ], [ "R", 12 ], [ "W", 12 ] ]
    } ]
  },
  "PositionCompanyController.display" : {
    "t" : [ {
      "id" : 0,
      "a" : [ [ "R", 9 ], [ "R", 9 ], [ "R", 6 ], [ "R", 6 ], [ "R", 6 ], [ "R", 26 ], [ "R", 18 ], [ "R", 4 ], [ "R", 4 ], [ "R", 4 ], [ "R", 18 ], [ "R", 4 ], [ "R", 18 ], [ "R", 6 ], [ "R", 9 ], [ "R", 9 ], [ "R", 9 ], [ "R", 9 ], [ "R", 20 ], [ "R", 20 ], [ "R", 20 ], [ "R", 18 ], [ "R", 18 ], [ "R", 18 ], [ "R", 9 ], [ "R", 3 ], [ "R", 3 ], [ "R", 3 ], [ "R", 20 ], [ "R", 18 ], [ "R", 3 ] ]
    } ]
  },
  "ActorController.saveAuditor" : {
    "t" : [ {
      "id" : 0,
      "a" : [ [ "R", 9 ], [ "R", 9 ], [ "R", 1 ], [ "R", 1 ], [ "R", 1 ], [ "R", 26 ], [ "R", 9 ], [ "R", 5 ], [ "W", 1 ], [ "W", 1 ], [ "W", 1 ], [ "W", 1 ], [ "W", 1 ], [ "W", 1 ], [ "W", 1 ], [ "W", 5 ], [ "W", 5 ] ]
    } ]
  },
  "MiscellaneousDataRookieController.edit" : {
    "t" : [ {
      "id" : 0,
      "a" : [ [ "R", 14 ], [ "R", 14 ], [ "R", 9 ], [ "R", 14 ], [ "R", 14 ], [ "R", 9 ], [ "R", 9 ], [ "R", 8 ], [ "R", 8 ], [ "R", 8 ], [ "R", 14 ], [ "R", 9 ] ]
    } ]
  },
  "AdministratorController.ban" : {
    "t" : [ {
      "id" : 0,
      "a" : [ [ "R", 1 ], [ "R", 1 ], [ "R", 26 ], [ "R", 9 ], [ "R", 9 ], [ "R", 1 ], [ "R", 1 ], [ "R", 1 ], [ "R", 26 ], [ "W", 26 ], [ "W", 26 ] ]
    } ]
  },
  "ExportAndDeleteDataAuditorController.delete" : {
    "t" : [ {
      "id" : 0,
      "a" : [ [ "R", 9 ], [ "R", 9 ], [ "R", 5 ], [ "R", 5 ], [ "R", 5 ], [ "R", 26 ], [ "W", 1 ], [ "W", 1 ], [ "W", 1 ], [ "W", 1 ], [ "W", 1 ], [ "W", 1 ], [ "W", 1 ], [ "W", 1 ], [ "W", 1 ], [ "W", 1 ], [ "R", 1 ], [ "R", 26 ], [ "W", 26 ], [ "W", 26 ] ]
    } ]
  },
  "PositionProblemCompanyController.display" : {
    "t" : [ {
      "id" : 0,
      "a" : [ [ "R", 9 ], [ "R", 9 ], [ "R", 6 ], [ "R", 6 ], [ "R", 6 ], [ "R", 26 ], [ "R", 9 ], [ "R", 20 ], [ "R", 20 ], [ "R", 20 ], [ "R", 18 ], [ "R", 6 ], [ "R", 20 ] ]
    } ]
  },
  "SocialProfileController.display" : {
    "t" : [ {
      "id" : 0,
      "a" : [ [ "R", 9 ], [ "R", 9 ], [ "R", 1 ], [ "R", 1 ], [ "R", 1 ], [ "R", 26 ], [ "R", 9 ], [ "R", 23 ], [ "R", 23 ], [ "R", 23 ], [ "R", 1 ], [ "R", 23 ] ]
    } ]
  },
  "PositionCompanyController.delete" : {
    "t" : [ {
      "id" : 0,
      "a" : [ [ "R", 18 ], [ "R", 9 ], [ "R", 9 ], [ "R", 6 ], [ "R", 6 ], [ "R", 6 ], [ "R", 26 ], [ "R", 9 ], [ "R", 18 ], [ "R", 9 ], [ "R", 18 ], [ "R", 9 ], [ "R", 9 ], [ "R", 6 ], [ "R", 6 ], [ "R", 6 ], [ "R", 26 ], [ "R", 18 ], [ "R", 6 ], [ "R", 9 ], [ "R", 9 ], [ "R", 9 ], [ "R", 9 ], [ "R", 20 ], [ "R", 20 ], [ "R", 20 ], [ "R", 18 ], [ "R", 9 ], [ "R", 9 ], [ "R", 20 ], [ "R", 20 ], [ "R", 9 ], [ "R", 9 ], [ "R", 6 ], [ "R", 6 ], [ "R", 6 ], [ "R", 26 ], [ "R", 20 ], [ "R", 18 ], [ "R", 18 ], [ "R", 6 ], [ "R", 9 ], [ "R", 9 ], [ "R", 9 ], [ "W", 20 ], [ "W", 18 ], [ "R", 9 ], [ "R", 18 ], [ "R", 18 ], [ "R", 18 ], [ "R", 6 ] ]
    } ]
  },
  "ActorController.save" : {
    "t" : [ {
      "id" : 0,
      "a" : [ [ "R", 25 ], [ "R", 25 ], [ "W", 26 ], [ "W", 26 ], [ "W", 26 ], [ "W", 26 ], [ "W", 26 ], [ "W", 7 ], [ "W", 7 ], [ "W", 7 ], [ "W", 7 ], [ "W", 7 ], [ "W", 7 ], [ "W", 1 ], [ "W", 26 ], [ "W", 1 ], [ "W", 1 ], [ "W", 1 ], [ "W", 1 ], [ "W", 1 ], [ "W", 1 ], [ "W", 1 ], [ "W", 7 ], [ "W", 1 ], [ "W", 1 ], [ "W", 22 ], [ "W", 22 ] ]
    } ]
  },
  "PositionDataRookieController.save" : {
    "t" : [ {
      "id" : 0,
      "a" : [ [ "R", 19 ], [ "W", 9 ], [ "W", 9 ], [ "W", 19 ], [ "W", 19 ], [ "W", 19 ], [ "W", 19 ], [ "R", 8 ], [ "R", 8 ], [ "R", 22 ], [ "R", 9 ], [ "R", 9 ], [ "R", 22 ], [ "R", 22 ], [ "R", 22 ], [ "R", 26 ], [ "R", 9 ], [ "R", 9 ], [ "R", 9 ], [ "R", 8 ], [ "R", 9 ], [ "R", 8 ], [ "R", 19 ], [ "R", 8 ], [ "R", 8 ], [ "R", 22 ], [ "R", 9 ], [ "R", 9 ], [ "R", 22 ], [ "R", 22 ], [ "R", 22 ], [ "R", 26 ], [ "R", 9 ], [ "R", 9 ], [ "R", 9 ], [ "W", 8 ], [ "W", 8 ], [ "W", 8 ], [ "R", 19 ], [ "R", 19 ], [ "R", 19 ], [ "W", 19 ], [ "W", 19 ] ]
    } ]
  },
  "EducationDataRookieController.save" : {
    "t" : [ {
      "id" : 0,
      "a" : [ [ "R", 10 ], [ "W", 9 ], [ "W", 9 ], [ "W", 10 ], [ "W", 10 ], [ "W", 10 ], [ "W", 10 ], [ "W", 10 ], [ "R", 8 ], [ "R", 8 ], [ "R", 22 ], [ "R", 9 ], [ "R", 9 ], [ "R", 22 ], [ "R", 22 ], [ "R", 22 ], [ "R", 26 ], [ "R", 9 ], [ "R", 9 ], [ "R", 9 ], [ "R", 8 ], [ "R", 9 ], [ "R", 8 ], [ "R", 10 ], [ "R", 8 ], [ "R", 8 ], [ "R", 22 ], [ "R", 9 ], [ "R", 9 ], [ "R", 22 ], [ "R", 22 ], [ "R", 22 ], [ "R", 26 ], [ "R", 9 ], [ "R", 9 ], [ "R", 9 ], [ "W", 8 ], [ "W", 8 ], [ "W", 8 ], [ "R", 10 ], [ "R", 10 ], [ "R", 10 ], [ "W", 10 ], [ "W", 10 ] ]
    } ]
  },
  "AuditAuditorController.edit" : {
    "t" : [ {
      "id" : 0,
      "a" : [ [ "R", 4 ], [ "R", 9 ] ]
    } ]
  },
  "ActorController.editCompany" : {
    "t" : [ {
      "id" : 0,
      "a" : [ [ "R", 9 ], [ "R", 9 ], [ "R", 1 ], [ "R", 1 ], [ "R", 1 ], [ "R", 26 ], [ "R", 9 ], [ "R", 6 ], [ "R", 1 ], [ "R", 1 ], [ "R", 1 ], [ "R", 1 ], [ "R", 1 ], [ "R", 1 ], [ "R", 1 ], [ "R", 6 ] ]
    } ]
  },
  "AuditAuditorController.display" : {
    "t" : [ {
      "id" : 0,
      "a" : [ [ "R", 9 ], [ "R", 9 ], [ "R", 5 ], [ "R", 5 ], [ "R", 5 ], [ "R", 26 ], [ "R", 9 ], [ "R", 4 ], [ "R", 4 ], [ "R", 4 ], [ "R", 5 ], [ "R", 4 ], [ "R", 9 ], [ "R", 16 ], [ "R", 16 ], [ "R", 16 ], [ "R", 4 ] ]
    } ]
  },
  "ItemController.display" : {
    "t" : [ {
      "id" : 0,
      "a" : [ [ "R", 12 ] ]
    } ]
  },
  "PersonalDataRookieController.create" : {
    "t" : [ {
      "id" : 0,
      "a" : [ [ "R", 9 ] ]
    } ]
  },
  "PositionProblemCompanyController.list" : {
    "t" : [ {
      "id" : 0,
      "a" : [ [ "R", 9 ], [ "R", 9 ], [ "R", 6 ], [ "R", 6 ], [ "R", 6 ], [ "R", 26 ], [ "R", 9 ], [ "R", 20 ], [ "R", 20 ], [ "R", 20 ], [ "R", 18 ], [ "R", 6 ] ]
    } ]
  },
  "ExportAndDeleteDataProviderController.export" : {
    "t" : [ {
      "id" : 0,
      "a" : [ [ "R", 9 ], [ "R", 9 ], [ "R", 21 ], [ "R", 21 ], [ "R", 21 ], [ "R", 26 ], [ "R", 1 ], [ "R", 1 ], [ "R", 1 ], [ "R", 1 ], [ "R", 1 ], [ "R", 1 ], [ "R", 1 ], [ "R", 1 ], [ "R", 9 ], [ "R", 13 ], [ "R", 13 ], [ "R", 13 ], [ "R", 1 ], [ "R", 13 ], [ "R", 1 ], [ "R", 1 ], [ "R", 13 ], [ "R", 1 ], [ "R", 1 ], [ "R", 13 ], [ "R", 13 ], [ "R", 13 ], [ "R", 13 ], [ "R", 13 ], [ "R", 9 ], [ "R", 13 ], [ "R", 13 ], [ "R", 13 ], [ "R", 1 ], [ "R", 13 ], [ "R", 1 ], [ "R", 1 ], [ "R", 13 ], [ "R", 1 ], [ "R", 1 ], [ "R", 13 ], [ "R", 13 ], [ "R", 13 ], [ "R", 13 ], [ "R", 13 ], [ "R", 9 ], [ "R", 23 ], [ "R", 23 ], [ "R", 23 ], [ "R", 1 ], [ "R", 23 ], [ "R", 23 ], [ "R", 23 ], [ "R", 9 ], [ "R", 12 ], [ "R", 12 ], [ "R", 12 ], [ "R", 21 ], [ "R", 12 ], [ "R", 12 ], [ "R", 12 ], [ "R", 12 ], [ "R", 12 ], [ "R", 9 ], [ "R", 24 ], [ "R", 24 ], [ "R", 24 ], [ "R", 21 ], [ "R", 24 ], [ "R", 24 ], [ "R", 24 ] ]
    } ]
  },
  "NuevaEntidadXXXCompanyController.edit" : {
    "t" : [ {
      "id" : 0,
      "a" : [ [ "R", 16 ], [ "R", 9 ] ]
    } ]
  },
  "ExportAndDeleteDataRookieController.export" : {
    "t" : [ {
      "id" : 0,
      "a" : [ [ "R", 9 ], [ "R", 9 ], [ "R", 22 ], [ "R", 22 ], [ "R", 22 ], [ "R", 26 ], [ "R", 1 ], [ "R", 1 ], [ "R", 1 ], [ "R", 1 ], [ "R", 1 ], [ "R", 1 ], [ "R", 1 ], [ "R", 1 ], [ "R", 9 ], [ "R", 13 ], [ "R", 13 ], [ "R", 13 ], [ "R", 1 ], [ "R", 13 ], [ "R", 1 ], [ "R", 1 ], [ "R", 13 ], [ "R", 1 ], [ "R", 1 ], [ "R", 13 ], [ "R", 13 ], [ "R", 13 ], [ "R", 13 ], [ "R", 13 ], [ "R", 9 ], [ "R", 13 ], [ "R", 13 ], [ "R", 13 ], [ "R", 1 ], [ "R", 13 ], [ "R", 1 ], [ "R", 1 ], [ "R", 13 ], [ "R", 1 ], [ "R", 1 ], [ "R", 13 ], [ "R", 13 ], [ "R", 13 ], [ "R", 13 ], [ "R", 13 ], [ "R", 9 ], [ "R", 23 ], [ "R", 23 ], [ "R", 23 ], [ "R", 1 ], [ "R", 23 ], [ "R", 23 ], [ "R", 23 ], [ "R", 9 ], [ "R", 3 ], [ "R", 3 ], [ "R", 3 ], [ "R", 22 ], [ "R", 3 ], [ "R", 20 ], [ "R", 20 ], [ "R", 3 ], [ "R", 3 ], [ "R", 3 ], [ "R", 3 ], [ "R", 3 ], [ "R", 9 ], [ "R", 11 ], [ "R", 11 ], [ "R", 11 ], [ "R", 22 ], [ "R", 11 ], [ "R", 11 ], [ "R", 11 ], [ "R", 11 ], [ "R", 9 ], [ "R", 8 ], [ "R", 8 ], [ "R", 8 ], [ "R", 22 ], [ "W", 8 ] ]
    } ]
  },
  "SocialProfileController.delete" : {
    "t" : [ {
      "id" : 0,
      "a" : [ [ "R", 9 ], [ "R", 9 ], [ "R", 1 ], [ "R", 1 ], [ "R", 1 ], [ "R", 26 ], [ "R", 9 ], [ "R", 23 ], [ "R", 23 ], [ "R", 23 ], [ "R", 1 ], [ "W", 23 ], [ "R", 9 ] ]
    } ]
  },
  "ApplicationRookieController.list" : {
    "t" : [ {
      "id" : 0,
      "a" : [ [ "R", 9 ], [ "R", 9 ], [ "R", 1 ], [ "R", 1 ], [ "R", 1 ], [ "R", 26 ], [ "R", 1 ], [ "R", 26 ], [ "R", 26 ], [ "R", 9 ], [ "R", 9 ], [ "R", 22 ], [ "R", 22 ], [ "R", 22 ], [ "R", 26 ], [ "R", 9 ], [ "R", 9 ], [ "R", 22 ], [ "R", 22 ], [ "R", 22 ], [ "R", 26 ], [ "R", 9 ], [ "R", 3 ], [ "R", 3 ], [ "R", 3 ], [ "R", 22 ], [ "R", 3 ] ]
    } ]
  },
  "FinderRookieController.save" : {
    "t" : [ {
      "id" : 0,
      "a" : [ [ "R", 11 ], [ "R", 18 ], [ "R", 11 ], [ "R", 18 ], [ "R", 25 ], [ "R", 25 ], [ "R", 25 ], [ "R", 25 ], [ "R", 11 ], [ "R", 18 ], [ "R", 18 ], [ "R", 18 ], [ "R", 18 ], [ "R", 18 ], [ "R", 18 ], [ "R", 18 ], [ "R", 18 ], [ "R", 11 ], [ "R", 18 ], [ "R", 25 ], [ "R", 25 ], [ "R", 25 ], [ "R", 25 ], [ "R", 11 ], [ "R", 18 ], [ "R", 18 ], [ "R", 18 ], [ "R", 11 ], [ "R", 18 ], [ "R", 25 ], [ "R", 25 ], [ "R", 25 ], [ "R", 25 ], [ "R", 11 ], [ "R", 18 ], [ "R", 18 ], [ "R", 18 ], [ "R", 25 ], [ "R", 25 ], [ "R", 25 ], [ "R", 25 ], [ "W", 11 ], [ "W", 18 ], [ "R", 9 ], [ "R", 9 ], [ "R", 22 ], [ "R", 22 ], [ "R", 22 ], [ "R", 26 ], [ "W", 11 ], [ "W", 22 ], [ "W", 11 ], [ "W", 11 ], [ "R", 11 ], [ "R", 18 ] ]
    } ]
  },
  "MiscellaneousDataRookieController.create" : {
    "t" : [ {
      "id" : 0,
      "a" : [ [ "R", 14 ], [ "R", 9 ], [ "R", 14 ], [ "R", 14 ], [ "R", 9 ], [ "R", 9 ] ]
    } ]
  },
  "SponsorshipProviderController.delete" : {
    "t" : [ {
      "id" : 0,
      "a" : [ [ "R", 24 ], [ "R", 9 ], [ "R", 9 ], [ "R", 24 ], [ "R", 24 ], [ "R", 21 ], [ "R", 9 ], [ "R", 9 ], [ "R", 21 ], [ "R", 21 ], [ "R", 21 ], [ "R", 26 ], [ "R", 9 ], [ "R", 9 ], [ "R", 9 ], [ "R", 24 ], [ "R", 18 ], [ "R", 18 ], [ "R", 24 ], [ "W", 18 ], [ "R", 24 ], [ "R", 21 ], [ "R", 21 ], [ "R", 24 ], [ "W", 21 ], [ "W", 24 ] ]
    } ]
  },
  "FinderRookieController.clean" : {
    "t" : [ {
      "id" : 0,
      "a" : [ [ "R", 9 ], [ "R", 9 ], [ "R", 22 ], [ "R", 22 ], [ "R", 22 ], [ "R", 26 ], [ "R", 9 ], [ "R", 11 ], [ "R", 11 ], [ "R", 11 ], [ "R", 22 ], [ "R", 9 ], [ "R", 9 ], [ "R", 11 ], [ "W", 11 ] ]
    } ]
  },
  "ActorController.displayAdmin" : {
    "t" : [ {
      "id" : 0,
      "a" : [ [ "R", 2 ], [ "R", 9 ], [ "R", 9 ], [ "R", 1 ], [ "R", 1 ], [ "R", 1 ], [ "R", 26 ], [ "R", 9 ], [ "R", 9 ], [ "R", 1 ], [ "R", 1 ], [ "R", 1 ], [ "R", 26 ], [ "R", 9 ], [ "R", 9 ], [ "R", 9 ], [ "R", 1 ], [ "R", 1 ], [ "R", 1 ], [ "R", 26 ], [ "R", 9 ], [ "R", 2 ], [ "R", 9 ], [ "R", 9 ], [ "R", 1 ], [ "R", 1 ], [ "R", 1 ], [ "R", 26 ], [ "R", 9 ], [ "R", 23 ], [ "R", 23 ], [ "R", 23 ], [ "R", 1 ], [ "R", 9 ] ]
    } ]
  },
  "SocialProfileController.edit" : {
    "t" : [ {
      "id" : 0,
      "a" : [ [ "R", 23 ], [ "R", 9 ] ]
    } ]
  },
  "ApplicationCompanyController.rejectApplication" : {
    "t" : [ {
      "id" : 0,
      "a" : [ [ "R", 3 ], [ "R", 9 ], [ "R", 9 ], [ "R", 1 ], [ "R", 1 ], [ "R", 1 ], [ "R", 26 ], [ "R", 1 ], [ "R", 26 ], [ "R", 26 ], [ "R", 9 ], [ "R", 9 ], [ "R", 6 ], [ "R", 6 ], [ "R", 6 ], [ "R", 26 ], [ "R", 1 ], [ "R", 26 ], [ "R", 26 ], [ "R", 9 ], [ "R", 9 ], [ "R", 6 ], [ "R", 6 ], [ "R", 6 ], [ "R", 26 ], [ "R", 9 ], [ "R", 3 ], [ "R", 3 ], [ "R", 3 ], [ "R", 20 ], [ "R", 18 ], [ "R", 6 ], [ "R", 3 ], [ "W", 3 ], [ "W", 3 ], [ "W", 3 ], [ "R", 9 ], [ "R", 9 ], [ "R", 1 ], [ "R", 1 ], [ "R", 1 ], [ "R", 26 ], [ "W", 13 ], [ "W", 1 ], [ "W", 13 ], [ "W", 13 ], [ "R", 3 ], [ "R", 20 ], [ "R", 20 ], [ "R", 3 ], [ "W", 13 ], [ "W", 13 ], [ "R", 3 ], [ "R", 20 ], [ "R", 20 ], [ "R", 18 ], [ "R", 18 ], [ "R", 6 ], [ "W", 13 ], [ "W", 1 ], [ "R", 3 ], [ "R", 22 ], [ "W", 13 ], [ "W", 1 ], [ "R", 25 ], [ "R", 25 ], [ "R", 13 ], [ "R", 13 ], [ "R", 13 ], [ "W", 13 ], [ "W", 13 ], [ "W", 13 ] ]
    } ]
  },
  "PersonalDataRookieController.save" : {
    "t" : [ {
      "id" : 0,
      "a" : [ [ "R", 9 ], [ "R", 9 ], [ "R", 8 ], [ "R", 8 ], [ "R", 8 ], [ "R", 17 ], [ "R", 9 ], [ "R", 9 ], [ "R", 9 ], [ "R", 22 ], [ "R", 22 ], [ "R", 22 ], [ "R", 26 ], [ "R", 9 ], [ "R", 9 ], [ "R", 22 ], [ "R", 22 ], [ "R", 22 ], [ "R", 26 ], [ "W", 8 ], [ "W", 10 ], [ "W", 8 ], [ "W", 17 ], [ "W", 8 ], [ "W", 19 ], [ "W", 8 ], [ "W", 8 ], [ "W", 22 ], [ "W", 8 ], [ "W", 17 ], [ "W", 8 ], [ "W", 22 ], [ "R", 8 ], [ "R", 8 ], [ "R", 22 ], [ "R", 9 ], [ "R", 9 ], [ "R", 22 ], [ "R", 22 ], [ "R", 22 ], [ "R", 26 ], [ "R", 9 ], [ "R", 9 ], [ "R", 9 ], [ "W", 8 ], [ "W", 8 ], [ "R", 9 ], [ "R", 8 ], [ "R", 8 ], [ "R", 8 ], [ "R", 17 ], [ "R", 8 ], [ "R", 22 ], [ "R", 9 ], [ "R", 9 ], [ "R", 22 ], [ "R", 22 ], [ "R", 22 ], [ "R", 26 ], [ "R", 9 ], [ "R", 9 ], [ "R", 9 ], [ "R", 9 ], [ "R", 8 ], [ "R", 8 ], [ "R", 8 ], [ "R", 17 ], [ "R", 8 ], [ "W", 17 ], [ "W", 17 ], [ "R", 9 ], [ "R", 9 ], [ "R", 8 ], [ "R", 8 ], [ "R", 8 ], [ "R", 17 ] ]
    } ]
  },
  "ActorController.editAdmin" : {
    "t" : [ {
      "id" : 0,
      "a" : [ [ "R", 9 ], [ "R", 9 ], [ "R", 1 ], [ "R", 1 ], [ "R", 1 ], [ "R", 26 ], [ "R", 9 ], [ "R", 2 ], [ "R", 1 ], [ "R", 1 ], [ "R", 1 ], [ "R", 1 ], [ "R", 1 ], [ "R", 1 ], [ "R", 1 ] ]
    } ]
  },
  "AdministratorController.getSpammers" : {
    "t" : [ {
      "id" : 0,
      "a" : [ [ "R", 1 ], [ "R", 9 ], [ "R", 13 ], [ "R", 13 ], [ "R", 13 ], [ "R", 1 ], [ "R", 13 ], [ "R", 9 ], [ "R", 13 ], [ "R", 13 ], [ "R", 13 ], [ "R", 1 ], [ "R", 13 ], [ "W", 1 ], [ "W", 1 ], [ "W", 1 ], [ "W", 1 ], [ "W", 1 ], [ "W", 1 ] ]
    } ]
  },
  "ExportAndDeleteDataCompanyController.export" : {
    "t" : [ {
      "id" : 0,
      "a" : [ [ "R", 9 ], [ "R", 9 ], [ "R", 6 ], [ "R", 6 ], [ "R", 6 ], [ "R", 26 ], [ "R", 1 ], [ "R", 1 ], [ "R", 1 ], [ "R", 1 ], [ "R", 1 ], [ "R", 1 ], [ "R", 1 ], [ "R", 1 ], [ "R", 9 ], [ "R", 13 ], [ "R", 13 ], [ "R", 13 ], [ "R", 1 ], [ "R", 13 ], [ "R", 1 ], [ "R", 1 ], [ "R", 13 ], [ "R", 1 ], [ "R", 1 ], [ "R", 13 ], [ "R", 13 ], [ "R", 13 ], [ "R", 13 ], [ "R", 13 ], [ "R", 9 ], [ "R", 13 ], [ "R", 13 ], [ "R", 13 ], [ "R", 1 ], [ "R", 13 ], [ "R", 1 ], [ "R", 1 ], [ "R", 13 ], [ "R", 1 ], [ "R", 1 ], [ "R", 13 ], [ "R", 13 ], [ "R", 13 ], [ "R", 13 ], [ "R", 13 ], [ "R", 9 ], [ "R", 23 ], [ "R", 23 ], [ "R", 23 ], [ "R", 1 ], [ "R", 23 ], [ "R", 23 ], [ "R", 23 ], [ "R", 9 ], [ "R", 18 ], [ "R", 18 ], [ "R", 18 ], [ "R", 6 ], [ "R", 18 ], [ "R", 18 ], [ "R", 18 ], [ "R", 18 ], [ "R", 18 ], [ "R", 18 ], [ "R", 18 ], [ "R", 18 ], [ "R", 18 ], [ "R", 9 ], [ "R", 20 ], [ "R", 20 ], [ "R", 20 ], [ "R", 18 ], [ "R", 20 ], [ "R", 20 ], [ "R", 20 ], [ "R", 20 ], [ "R", 20 ] ]
    } ]
  },
  "PositionProblemCompanyController.save" : {
    "t" : [ {
      "id" : 0,
      "a" : [ [ "R", 9 ], [ "R", 9 ], [ "R", 20 ], [ "R", 20 ], [ "R", 18 ], [ "W", 20 ], [ "W", 18 ], [ "W", 20 ], [ "R", 9 ], [ "R", 9 ], [ "R", 9 ], [ "R", 20 ], [ "R", 20 ], [ "R", 9 ], [ "R", 9 ], [ "R", 6 ], [ "R", 6 ], [ "R", 6 ], [ "R", 26 ], [ "R", 20 ], [ "R", 18 ], [ "R", 18 ], [ "R", 6 ], [ "R", 9 ], [ "R", 9 ], [ "R", 9 ], [ "W", 20 ], [ "R", 9 ] ]
    } ]
  },
  "ApplicationRookieController.display" : {
    "t" : [ {
      "id" : 0,
      "a" : [ [ "R", 3 ] ]
    } ]
  },
  "CurriculaCompanyController.display" : {
    "t" : [ {
      "id" : 0,
      "a" : [ [ "R", 8 ] ]
    } ]
  },
  "PositionController.display" : {
    "t" : [ {
      "id" : 0,
      "a" : [ [ "R", 18 ], [ "R", 4 ], [ "R", 4 ], [ "R", 4 ], [ "R", 18 ], [ "R", 4 ], [ "R", 18 ], [ "R", 24 ], [ "R", 24 ], [ "R", 25 ], [ "R", 25 ], [ "W", 24 ], [ "W", 24 ], [ "R", 9 ], [ "R", 24 ], [ "R", 21 ], [ "W", 24 ], [ "R", 24 ], [ "R", 18 ], [ "R", 18 ], [ "R", 24 ], [ "W", 18 ], [ "R", 21 ], [ "R", 24 ], [ "W", 21 ], [ "R", 4 ], [ "R", 5 ], [ "R", 9 ], [ "R", 9 ], [ "R", 1 ], [ "R", 1 ], [ "R", 1 ], [ "R", 26 ], [ "R", 9 ], [ "R", 9 ] ]
    } ]
  },
  "MiscellaneousDataRookieController.save" : {
    "t" : [ {
      "id" : 0,
      "a" : [ [ "R", 14 ], [ "W", 9 ], [ "W", 9 ], [ "W", 14 ], [ "W", 14 ], [ "R", 8 ], [ "R", 8 ], [ "R", 8 ], [ "R", 22 ], [ "R", 9 ], [ "R", 9 ], [ "R", 22 ], [ "R", 22 ], [ "R", 22 ], [ "R", 26 ], [ "R", 9 ], [ "R", 9 ], [ "R", 9 ], [ "W", 8 ], [ "W", 14 ], [ "R", 8 ], [ "R", 8 ], [ "R", 22 ], [ "R", 9 ], [ "R", 9 ], [ "R", 22 ], [ "R", 22 ], [ "R", 22 ], [ "R", 26 ], [ "R", 9 ], [ "R", 9 ], [ "R", 9 ], [ "W", 8 ], [ "W", 8 ], [ "W", 8 ], [ "W", 14 ], [ "W", 14 ], [ "R", 9 ] ]
    } ]
  },
  "FinderRookieController.create" : {
    "t" : [ {
      "id" : 0,
      "a" : [ [ "R", 9 ], [ "R", 9 ], [ "R", 22 ], [ "R", 22 ], [ "R", 22 ], [ "R", 26 ], [ "R", 9 ], [ "R", 11 ], [ "R", 11 ], [ "R", 11 ], [ "R", 22 ], [ "W", 11 ], [ "W", 18 ], [ "W", 11 ], [ "R", 9 ], [ "R", 9 ], [ "R", 22 ], [ "R", 22 ], [ "R", 22 ], [ "R", 26 ], [ "W", 11 ], [ "W", 22 ], [ "W", 11 ], [ "W", 11 ], [ "W", 22 ], [ "R", 11 ], [ "R", 25 ], [ "R", 25 ], [ "R", 11 ], [ "R", 18 ], [ "R", 11 ], [ "R", 18 ], [ "R", 25 ], [ "R", 25 ], [ "R", 25 ], [ "R", 25 ], [ "R", 11 ], [ "R", 18 ], [ "R", 18 ], [ "R", 18 ], [ "R", 18 ], [ "R", 18 ], [ "R", 18 ], [ "R", 18 ], [ "R", 18 ], [ "R", 11 ], [ "R", 18 ], [ "R", 25 ], [ "R", 25 ], [ "R", 25 ], [ "R", 25 ], [ "R", 11 ], [ "R", 18 ], [ "R", 18 ], [ "R", 18 ], [ "R", 11 ], [ "R", 18 ], [ "R", 25 ], [ "R", 25 ], [ "R", 25 ], [ "R", 25 ], [ "R", 11 ], [ "R", 18 ], [ "R", 18 ], [ "R", 18 ], [ "R", 25 ], [ "R", 25 ], [ "R", 25 ], [ "R", 25 ], [ "W", 11 ], [ "W", 18 ], [ "R", 9 ], [ "R", 9 ], [ "R", 22 ], [ "R", 22 ], [ "R", 22 ], [ "R", 26 ], [ "W", 11 ], [ "W", 22 ], [ "W", 11 ], [ "R", 11 ], [ "R", 18 ] ]
    } ]
  },
  "ItemProviderController.updateApplication" : {
    "t" : [ {
      "id" : 0,
      "a" : [ [ "R", 12 ] ]
    } ]
  },
  "ActorController.saveCompany" : {
    "t" : [ {
      "id" : 0,
      "a" : [ [ "R", 9 ], [ "R", 9 ], [ "R", 1 ], [ "R", 1 ], [ "R", 1 ], [ "R", 26 ], [ "R", 9 ], [ "R", 6 ], [ "W", 1 ], [ "W", 1 ], [ "W", 1 ], [ "W", 1 ], [ "W", 1 ], [ "W", 1 ], [ "W", 1 ], [ "W", 6 ], [ "W", 6 ], [ "W", 6 ] ]
    } ]
  },
  "PositionCompanyController.cancel" : {
    "t" : [ {
      "id" : 0,
      "a" : [ [ "R", 18 ], [ "R", 9 ], [ "R", 9 ], [ "R", 6 ], [ "R", 6 ], [ "R", 6 ], [ "R", 26 ], [ "R", 9 ], [ "R", 9 ], [ "R", 18 ], [ "R", 9 ], [ "R", 9 ], [ "R", 6 ], [ "R", 6 ], [ "R", 6 ], [ "R", 26 ], [ "R", 18 ], [ "R", 6 ], [ "R", 9 ], [ "R", 9 ], [ "R", 9 ], [ "R", 9 ], [ "R", 3 ], [ "R", 3 ], [ "R", 3 ], [ "R", 20 ], [ "R", 18 ], [ "R", 3 ], [ "W", 3 ], [ "W", 3 ], [ "W", 3 ], [ "W", 18 ], [ "W", 18 ], [ "R", 9 ], [ "R", 18 ], [ "R", 18 ], [ "R", 18 ], [ "R", 6 ], [ "R", 9 ] ]
    } ]
  },
  "ProviderController.list" : {
    "t" : [ {
      "id" : 0,
      "a" : [ [ "R", 21 ] ]
    } ]
  },
  "ActorController.displayRookie" : {
    "t" : [ {
      "id" : 0,
      "a" : [ [ "R", 22 ], [ "R", 9 ], [ "R", 9 ], [ "R", 1 ], [ "R", 1 ], [ "R", 1 ], [ "R", 26 ], [ "R", 9 ], [ "R", 9 ], [ "R", 9 ], [ "R", 1 ], [ "R", 1 ], [ "R", 1 ], [ "R", 26 ], [ "R", 9 ], [ "R", 22 ], [ "R", 9 ] ]
    } ]
  },
  "SocialProfileController.create" : {
    "t" : [ {
      "id" : 0,
      "a" : [ [ "R", 9 ], [ "R", 9 ], [ "R", 1 ], [ "R", 1 ], [ "R", 1 ], [ "R", 26 ], [ "W", 23 ], [ "W", 1 ], [ "R", 9 ] ]
    } ]
  },
  "ApplicationCompanyController.display" : {
    "t" : [ {
      "id" : 0,
      "a" : [ [ "R", 3 ] ]
    } ]
  },
  "MessageController.delete" : {
    "t" : [ {
      "id" : 0,
      "a" : [ [ "R", 13 ], [ "R", 9 ], [ "R", 9 ], [ "R", 1 ], [ "R", 1 ], [ "R", 1 ], [ "R", 26 ], [ "R", 13 ], [ "R", 1 ], [ "R", 9 ], [ "R", 9 ], [ "R", 9 ], [ "R", 13 ], [ "R", 9 ], [ "R", 9 ], [ "R", 13 ], [ "W", 13 ], [ "W", 13 ], [ "R", 25 ], [ "R", 25 ], [ "R", 13 ], [ "R", 13 ], [ "R", 13 ], [ "W", 13 ], [ "W", 13 ], [ "W", 13 ] ]
    } ]
  },
  "ApplicationController.display" : {
    "t" : [ {
      "id" : 0,
      "a" : [ [ "R", 3 ], [ "R", 9 ], [ "R", 9 ], [ "R", 1 ], [ "R", 1 ], [ "R", 1 ], [ "R", 26 ], [ "R", 1 ], [ "R", 26 ], [ "R", 26 ], [ "R", 9 ], [ "R", 9 ], [ "R", 1 ], [ "R", 1 ], [ "R", 1 ], [ "R", 26 ], [ "R", 1 ], [ "R", 26 ], [ "R", 26 ] ]
    } ]
  },
  "ExportAndDeleteDataAuditorController.export" : {
    "t" : [ {
      "id" : 0,
      "a" : [ [ "R", 9 ], [ "R", 9 ], [ "R", 5 ], [ "R", 5 ], [ "R", 5 ], [ "R", 26 ], [ "R", 1 ], [ "R", 1 ], [ "R", 1 ], [ "R", 1 ], [ "R", 1 ], [ "R", 1 ], [ "R", 1 ], [ "R", 1 ], [ "R", 9 ], [ "R", 13 ], [ "R", 13 ], [ "R", 13 ], [ "R", 1 ], [ "R", 13 ], [ "R", 1 ], [ "R", 1 ], [ "R", 13 ], [ "R", 1 ], [ "R", 1 ], [ "R", 13 ], [ "R", 13 ], [ "R", 13 ], [ "R", 13 ], [ "R", 13 ], [ "R", 9 ], [ "R", 13 ], [ "R", 13 ], [ "R", 13 ], [ "R", 1 ], [ "R", 13 ], [ "R", 1 ], [ "R", 1 ], [ "R", 13 ], [ "R", 1 ], [ "R", 1 ], [ "R", 13 ], [ "R", 13 ], [ "R", 13 ], [ "R", 13 ], [ "R", 13 ], [ "R", 9 ], [ "R", 23 ], [ "R", 23 ], [ "R", 23 ], [ "R", 1 ], [ "R", 23 ], [ "R", 23 ], [ "R", 23 ], [ "R", 9 ], [ "R", 4 ], [ "R", 4 ], [ "R", 4 ], [ "R", 5 ], [ "R", 4 ], [ "R", 4 ], [ "R", 4 ] ]
    } ]
  },
  "ExportAndDeleteDataCompanyController.delete" : {
    "t" : [ {
      "id" : 0,
      "a" : [ [ "R", 9 ], [ "R", 9 ], [ "R", 6 ], [ "R", 6 ], [ "R", 6 ], [ "R", 26 ], [ "W", 1 ], [ "W", 1 ], [ "W", 1 ], [ "W", 1 ], [ "W", 1 ], [ "W", 1 ], [ "W", 1 ], [ "W", 1 ], [ "W", 6 ], [ "W", 6 ], [ "W", 1 ], [ "W", 1 ], [ "R", 1 ], [ "R", 26 ], [ "W", 26 ], [ "W", 26 ] ]
    } ]
  },
  "PositionCompanyController.edit" : {
    "t" : [ {
      "id" : 0,
      "a" : [ [ "R", 18 ], [ "R", 9 ] ]
    } ]
  },
  "ExportAndDeleteDataRookieController.delete" : {
    "t" : [ {
      "id" : 0,
      "a" : [ [ "R", 9 ], [ "R", 9 ], [ "R", 22 ], [ "R", 22 ], [ "R", 22 ], [ "R", 26 ], [ "W", 1 ], [ "W", 1 ], [ "W", 1 ], [ "W", 1 ], [ "W", 1 ], [ "W", 1 ], [ "W", 1 ], [ "W", 1 ], [ "W", 1 ], [ "W", 1 ], [ "R", 1 ], [ "R", 26 ], [ "W", 26 ], [ "W", 26 ] ]
    } ]
  },
  "CurriculaRookieController.delete" : {
    "t" : [ {
      "id" : 0,
      "a" : [ [ "R", 9 ], [ "R", 9 ], [ "R", 22 ], [ "R", 22 ], [ "R", 22 ], [ "R", 26 ], [ "R", 8 ], [ "R", 8 ], [ "R", 22 ], [ "R", 9 ], [ "R", 9 ], [ "R", 9 ], [ "R", 9 ], [ "R", 8 ], [ "R", 22 ], [ "R", 9 ], [ "R", 9 ], [ "R", 22 ], [ "R", 22 ], [ "R", 22 ], [ "R", 26 ], [ "R", 9 ], [ "R", 9 ], [ "R", 9 ], [ "R", 9 ], [ "R", 8 ], [ "W", 8 ], [ "R", 9 ], [ "R", 8 ], [ "R", 8 ], [ "R", 8 ], [ "R", 22 ], [ "R", 8 ], [ "R", 8 ], [ "R", 8 ], [ "R", 9 ] ]
    } ]
  },
  "CompanyController.list" : {
    "t" : [ {
      "id" : 0,
      "a" : [ [ "R", 6 ] ]
    } ]
  },
  "ActorController.saveRookie" : {
    "t" : [ {
      "id" : 0,
      "a" : [ [ "R", 9 ], [ "R", 9 ], [ "R", 1 ], [ "R", 1 ], [ "R", 1 ], [ "R", 26 ], [ "R", 9 ], [ "R", 22 ], [ "W", 1 ], [ "W", 1 ], [ "W", 1 ], [ "W", 1 ], [ "W", 1 ], [ "W", 1 ], [ "W", 1 ], [ "W", 22 ], [ "W", 22 ] ]
    } ]
  },
  "MiscellaneousDataRookieController.delete" : {
    "t" : [ {
      "id" : 0,
      "a" : [ [ "R", 9 ], [ "R", 9 ], [ "R", 22 ], [ "R", 22 ], [ "R", 22 ], [ "R", 26 ], [ "R", 14 ], [ "R", 9 ], [ "R", 8 ], [ "R", 8 ], [ "R", 8 ], [ "R", 14 ], [ "R", 8 ], [ "R", 22 ], [ "R", 9 ], [ "R", 9 ], [ "R", 9 ], [ "R", 9 ], [ "R", 9 ], [ "R", 14 ], [ "R", 9 ], [ "R", 8 ], [ "R", 8 ], [ "R", 8 ], [ "R", 14 ], [ "R", 8 ], [ "R", 22 ], [ "R", 9 ], [ "R", 9 ], [ "R", 22 ], [ "R", 22 ], [ "R", 22 ], [ "R", 26 ], [ "R", 9 ], [ "R", 9 ], [ "R", 9 ], [ "W", 14 ], [ "R", 9 ], [ "R", 9 ] ]
    } ]
  },
  "SponsorshipProviderController.list" : {
    "t" : [ {
      "id" : 0,
      "a" : [ [ "R", 9 ], [ "R", 9 ], [ "R", 21 ], [ "R", 21 ], [ "R", 21 ], [ "R", 26 ], [ "R", 9 ], [ "R", 24 ], [ "R", 24 ], [ "R", 24 ], [ "R", 21 ] ]
    } ]
  },
  "NuevaEntidadXXXCompanyController.create" : {
    "t" : [ {
      "id" : 0,
      "a" : [ [ "R", 4 ], [ "W", 16 ], [ "W", 16 ], [ "W", 16 ], [ "W", 4 ], [ "R", 9 ] ]
    } ]
  },
  "AdministratorController.dashboard" : {
    "t" : [ {
      "id" : 0,
      "a" : [ [ "R", 9 ], [ "R", 9 ], [ "R", 2 ], [ "R", 2 ], [ "R", 2 ], [ "R", 26 ], [ "R", 18 ], [ "R", 18 ], [ "R", 6 ], [ "R", 18 ], [ "R", 6 ], [ "R", 9 ], [ "R", 9 ], [ "R", 2 ], [ "R", 2 ], [ "R", 2 ], [ "R", 26 ], [ "R", 3 ], [ "R", 3 ], [ "R", 22 ], [ "R", 3 ], [ "R", 22 ], [ "R", 9 ], [ "R", 9 ], [ "R", 2 ], [ "R", 2 ], [ "R", 2 ], [ "R", 26 ], [ "R", 18 ], [ "R", 18 ], [ "R", 6 ], [ "R", 18 ], [ "R", 6 ], [ "R", 18 ], [ "R", 6 ], [ "R", 18 ], [ "R", 6 ], [ "R", 9 ], [ "R", 9 ], [ "R", 2 ], [ "R", 2 ], [ "R", 2 ], [ "R", 26 ], [ "R", 3 ], [ "R", 3 ], [ "R", 22 ], [ "R", 3 ], [ "R", 22 ], [ "R", 3 ], [ "R", 22 ], [ "R", 3 ], [ "R", 22 ], [ "R", 9 ], [ "R", 9 ], [ "R", 2 ], [ "R", 2 ], [ "R", 2 ], [ "R", 26 ], [ "R", 18 ], [ "R", 18 ], [ "R", 18 ], [ "R", 18 ], [ "R", 18 ], [ "R", 9 ], [ "R", 9 ], [ "R", 2 ], [ "R", 2 ], [ "R", 2 ], [ "R", 26 ], [ "R", 18 ], [ "R", 18 ], [ "R", 18 ], [ "W", 18 ], [ "R", 9 ], [ "R", 9 ], [ "R", 2 ], [ "R", 2 ], [ "R", 2 ], [ "R", 26 ], [ "R", 18 ], [ "R", 18 ], [ "R", 18 ], [ "W", 18 ], [ "R", 8 ], [ "R", 8 ], [ "R", 22 ], [ "R", 8 ], [ "R", 22 ], [ "R", 9 ], [ "R", 9 ], [ "R", 2 ], [ "R", 2 ], [ "R", 2 ], [ "R", 26 ], [ "R", 11 ], [ "R", 11 ], [ "R", 18 ], [ "R", 11 ], [ "R", 18 ], [ "R", 11 ], [ "R", 18 ], [ "R", 11 ], [ "R", 18 ], [ "R", 9 ], [ "R", 9 ], [ "R", 2 ], [ "R", 2 ], [ "R", 2 ], [ "R", 26 ], [ "R", 11 ], [ "R", 11 ], [ "R", 11 ], [ "R", 18 ], [ "R", 11 ], [ "R", 18 ], [ "R", 11 ], [ "R", 11 ], [ "R", 11 ], [ "R", 18 ], [ "R", 11 ], [ "R", 18 ], [ "R", 4 ], [ "R", 4 ], [ "R", 4 ], [ "R", 4 ], [ "R", 4 ], [ "R", 6 ], [ "R", 6 ], [ "R", 6 ], [ "R", 6 ], [ "R", 6 ], [ "R", 6 ], [ "R", 6 ], [ "R", 6 ], [ "R", 4 ], [ "R", 4 ], [ "R", 18 ], [ "R", 4 ], [ "R", 18 ], [ "R", 4 ], [ "R", 4 ], [ "R", 4 ], [ "R", 12 ], [ "R", 12 ], [ "R", 21 ], [ "R", 12 ], [ "R", 21 ], [ "R", 12 ], [ "R", 12 ], [ "R", 21 ], [ "R", 12 ], [ "R", 21 ], [ "R", 12 ], [ "R", 21 ], [ "R", 21 ], [ "R", 21 ], [ "R", 24 ], [ "R", 21 ], [ "R", 24 ], [ "R", 21 ], [ "R", 24 ], [ "R", 21 ], [ "R", 24 ], [ "R", 18 ], [ "R", 18 ], [ "R", 24 ], [ "R", 18 ], [ "R", 24 ], [ "R", 18 ], [ "R", 24 ], [ "R", 18 ], [ "R", 24 ], [ "R", 21 ], [ "R", 21 ], [ "R", 21 ], [ "R", 24 ], [ "R", 21 ], [ "R", 21 ], [ "R", 24 ] ]
    } ]
  },
  "AdministratorController.computeAuditScores" : {
    "t" : [ {
      "id" : 0,
      "a" : [ [ "R", 9 ], [ "R", 9 ], [ "R", 2 ], [ "R", 2 ], [ "R", 2 ], [ "R", 26 ], [ "R", 6 ], [ "R", 9 ], [ "R", 6 ], [ "R", 6 ], [ "R", 4 ], [ "R", 4 ], [ "R", 4 ], [ "R", 18 ], [ "R", 6 ], [ "W", 6 ], [ "R", 4 ], [ "W", 6 ], [ "W", 6 ], [ "W", 6 ], [ "W", 6 ], [ "W", 6 ] ]
    } ]
  },
  "AdministratorController.userManagement" : {
    "t" : [ {
      "id" : 0,
      "a" : [ [ "R", 1 ] ]
    } ]
  },
  "NuevaEntidadXXXCompanyController.list" : {
    "t" : [ {
      "id" : 0,
      "a" : [ [ "R", 9 ], [ "R", 9 ], [ "R", 6 ], [ "R", 6 ], [ "R", 6 ], [ "R", 26 ], [ "R", 9 ], [ "R", 16 ], [ "R", 16 ], [ "R", 16 ], [ "R", 4 ], [ "R", 18 ], [ "R", 6 ] ]
    } ]
  },
  "PositionProblemCompanyController.create" : {
    "t" : [ {
      "id" : 0,
      "a" : [ [ "R", 18 ], [ "W", 20 ], [ "W", 20 ], [ "W", 18 ], [ "R", 9 ] ]
    } ]
  },
  "NuevaEntidadXXXAuditorController.display" : {
    "t" : [ {
      "id" : 0,
      "a" : [ [ "R", 16 ] ]
    } ]
  },
  "ActorController.editRookie" : {
    "t" : [ {
      "id" : 0,
      "a" : [ [ "R", 9 ], [ "R", 9 ], [ "R", 1 ], [ "R", 1 ], [ "R", 1 ], [ "R", 26 ], [ "R", 9 ], [ "R", 22 ], [ "R", 1 ], [ "R", 1 ], [ "R", 1 ], [ "R", 1 ], [ "R", 1 ], [ "R", 1 ], [ "R", 1 ] ]
    } ]
  },
  "ApplicationRookieController.updateApplication" : {
    "t" : [ {
      "id" : 0,
      "a" : [ [ "R", 3 ] ]
    } ]
  },
  "MessageController.save" : {
    "t" : [ {
      "id" : 0,
      "a" : [ [ "R", 1 ], [ "R", 9 ], [ "R", 9 ], [ "R", 1 ], [ "R", 1 ], [ "R", 1 ], [ "R", 26 ], [ "R", 9 ], [ "R", 9 ], [ "R", 1 ], [ "R", 1 ], [ "R", 1 ], [ "R", 26 ], [ "R", 13 ], [ "R", 1 ], [ "R", 9 ], [ "R", 9 ], [ "R", 9 ], [ "W", 13 ], [ "W", 1 ], [ "W", 13 ], [ "R", 25 ], [ "R", 25 ], [ "R", 13 ], [ "R", 13 ], [ "R", 13 ], [ "W", 13 ], [ "W", 13 ], [ "W", 13 ], [ "R", 1 ], [ "R", 9 ], [ "R", 9 ], [ "R", 1 ], [ "R", 1 ], [ "R", 1 ], [ "R", 26 ] ]
    } ]
  },
  "AuditAuditorController.delete" : {
    "t" : [ {
      "id" : 0,
      "a" : [ [ "R", 9 ], [ "R", 9 ], [ "R", 4 ], [ "R", 4 ], [ "R", 9 ], [ "R", 9 ], [ "R", 5 ], [ "R", 5 ], [ "R", 5 ], [ "R", 26 ], [ "R", 4 ], [ "R", 5 ], [ "R", 9 ], [ "R", 9 ], [ "R", 9 ], [ "W", 4 ], [ "R", 9 ] ]
    } ]
  },
  "SponsorshipProviderController.save" : {
    "t" : [ {
      "id" : 0,
      "a" : [ [ "R", 18 ], [ "W", 24 ], [ "W", 18 ], [ "W", 24 ], [ "W", 7 ], [ "R", 9 ], [ "R", 9 ], [ "R", 21 ], [ "R", 21 ], [ "R", 21 ], [ "R", 26 ], [ "W", 24 ], [ "W", 21 ], [ "R", 24 ], [ "R", 7 ], [ "R", 24 ], [ "R", 24 ], [ "R", 18 ], [ "R", 24 ], [ "R", 7 ], [ "W", 7 ], [ "W", 7 ], [ "W", 7 ], [ "W", 7 ], [ "W", 7 ], [ "W", 7 ], [ "W", 7 ], [ "W", 7 ], [ "W", 9 ], [ "W", 24 ], [ "W", 7 ], [ "W", 24 ], [ "W", 24 ], [ "R", 9 ], [ "R", 24 ], [ "R", 21 ], [ "R", 9 ], [ "R", 9 ], [ "R", 21 ], [ "R", 21 ], [ "R", 21 ], [ "R", 26 ], [ "R", 9 ], [ "R", 9 ], [ "R", 9 ], [ "W", 24 ], [ "R", 9 ], [ "R", 24 ], [ "R", 21 ], [ "W", 24 ], [ "R", 24 ], [ "R", 18 ], [ "R", 18 ], [ "R", 24 ], [ "W", 18 ], [ "R", 21 ], [ "R", 24 ], [ "W", 21 ] ]
    } ]
  },
  "ActorController.displayCompany" : {
    "t" : [ {
      "id" : 0,
      "a" : [ [ "R", 6 ], [ "R", 9 ], [ "R", 9 ], [ "R", 1 ], [ "R", 1 ], [ "R", 1 ], [ "R", 26 ], [ "R", 9 ], [ "R", 9 ], [ "R", 9 ], [ "R", 1 ], [ "R", 1 ], [ "R", 1 ], [ "R", 26 ], [ "R", 9 ], [ "R", 6 ], [ "R", 9 ] ]
    } ]
  },
  "PositionDataRookieController.create" : {
    "t" : [ {
      "id" : 0,
      "a" : [ [ "R", 19 ], [ "R", 9 ], [ "R", 19 ], [ "R", 19 ], [ "R", 19 ], [ "R", 9 ], [ "R", 9 ] ]
    } ]
  },
  "ApplicationCompanyController.acceptApplication" : {
    "t" : [ {
      "id" : 0,
      "a" : [ [ "R", 3 ], [ "R", 9 ], [ "R", 9 ], [ "R", 1 ], [ "R", 1 ], [ "R", 1 ], [ "R", 26 ], [ "R", 1 ], [ "R", 26 ], [ "R", 26 ], [ "R", 9 ], [ "R", 9 ], [ "R", 6 ], [ "R", 6 ], [ "R", 6 ], [ "R", 26 ], [ "R", 1 ], [ "R", 26 ], [ "R", 26 ], [ "R", 9 ], [ "R", 9 ], [ "R", 6 ], [ "R", 6 ], [ "R", 6 ], [ "R", 26 ], [ "R", 9 ], [ "R", 3 ], [ "R", 3 ], [ "R", 3 ], [ "R", 20 ], [ "R", 18 ], [ "R", 6 ], [ "R", 3 ], [ "R", 3 ], [ "R", 20 ], [ "R", 20 ], [ "R", 18 ], [ "R", 9 ], [ "R", 3 ], [ "R", 3 ], [ "R", 3 ], [ "R", 20 ], [ "R", 18 ], [ "W", 3 ], [ "W", 3 ], [ "W", 3 ], [ "R", 9 ], [ "R", 9 ], [ "R", 1 ], [ "R", 1 ], [ "R", 1 ], [ "R", 26 ], [ "W", 13 ], [ "W", 1 ], [ "W", 13 ], [ "W", 13 ], [ "R", 3 ], [ "R", 20 ], [ "R", 20 ], [ "R", 3 ], [ "W", 13 ], [ "W", 13 ], [ "R", 3 ], [ "R", 20 ], [ "R", 20 ], [ "R", 18 ], [ "R", 18 ], [ "R", 6 ], [ "W", 13 ], [ "W", 1 ], [ "R", 3 ], [ "R", 22 ], [ "W", 13 ], [ "W", 1 ], [ "R", 25 ], [ "R", 25 ], [ "R", 13 ], [ "R", 13 ], [ "R", 13 ], [ "W", 13 ], [ "W", 13 ], [ "W", 13 ], [ "W", 3 ], [ "W", 3 ], [ "W", 3 ], [ "R", 9 ], [ "R", 9 ], [ "R", 1 ], [ "R", 1 ], [ "R", 1 ], [ "R", 26 ], [ "W", 13 ], [ "W", 1 ], [ "W", 13 ], [ "W", 13 ], [ "R", 3 ], [ "R", 20 ], [ "R", 20 ], [ "R", 3 ], [ "W", 13 ], [ "W", 13 ], [ "R", 3 ], [ "R", 20 ], [ "R", 20 ], [ "R", 18 ], [ "R", 18 ], [ "R", 6 ], [ "W", 13 ], [ "W", 1 ], [ "R", 3 ], [ "R", 22 ], [ "W", 13 ], [ "W", 1 ], [ "R", 25 ], [ "R", 25 ], [ "R", 13 ], [ "R", 13 ], [ "R", 13 ], [ "W", 13 ], [ "W", 13 ], [ "W", 13 ] ]
    } ]
  },
  "PersonalDataRookieController.edit" : {
    "t" : [ {
      "id" : 0,
      "a" : [ [ "R", 17 ], [ "R", 9 ], [ "R", 9 ], [ "R", 8 ], [ "R", 8 ], [ "R", 8 ], [ "R", 17 ] ]
    } ]
  },
  "ApplicationRookieController.create" : {
    "t" : [ {
      "id" : 0,
      "a" : [ [ "R", 18 ], [ "R", 9 ], [ "R", 9 ], [ "R", 1 ], [ "R", 1 ], [ "R", 1 ], [ "R", 26 ], [ "R", 1 ], [ "R", 26 ], [ "R", 26 ], [ "R", 9 ], [ "R", 9 ], [ "R", 22 ], [ "R", 22 ], [ "R", 22 ], [ "R", 26 ], [ "R", 18 ], [ "R", 6 ], [ "R", 9 ], [ "R", 20 ], [ "R", 20 ], [ "R", 20 ], [ "R", 18 ], [ "R", 6 ], [ "R", 18 ], [ "R", 6 ], [ "R", 9 ], [ "R", 20 ], [ "R", 20 ], [ "R", 20 ], [ "R", 18 ], [ "R", 6 ], [ "W", 3 ], [ "W", 20 ], [ "W", 3 ], [ "W", 3 ], [ "R", 9 ], [ "R", 9 ], [ "R", 22 ], [ "R", 22 ], [ "R", 22 ], [ "R", 26 ], [ "W", 3 ], [ "W", 22 ], [ "W", 3 ], [ "W", 3 ] ]
    } ]
  },
  "MessageController.list" : {
    "t" : [ {
      "id" : 0,
      "a" : [ [ "R", 9 ], [ "R", 9 ], [ "R", 1 ], [ "R", 1 ], [ "R", 1 ], [ "R", 26 ], [ "R", 9 ], [ "R", 9 ], [ "R", 1 ], [ "R", 1 ], [ "R", 1 ], [ "R", 26 ], [ "R", 9 ], [ "R", 13 ], [ "R", 13 ], [ "R", 13 ], [ "R", 1 ], [ "R", 9 ], [ "R", 13 ], [ "R", 13 ], [ "R", 13 ], [ "R", 1 ], [ "R", 13 ] ]
    } ]
  },
  "SocialProfileController.save" : {
    "t" : [ {
      "id" : 0,
      "a" : [ [ "R", 9 ], [ "R", 9 ], [ "R", 23 ], [ "R", 23 ], [ "R", 1 ], [ "W", 23 ], [ "W", 1 ], [ "W", 23 ], [ "R", 9 ], [ "R", 9 ], [ "R", 9 ], [ "R", 1 ], [ "R", 1 ], [ "R", 1 ], [ "R", 26 ], [ "R", 9 ], [ "R", 9 ], [ "R", 23 ], [ "R", 23 ], [ "R", 23 ], [ "R", 1 ], [ "W", 23 ], [ "R", 9 ] ]
    } ]
  },
  "AuditAuditorController.save" : {
    "t" : [ {
      "id" : 0,
      "a" : [ [ "R", 9 ], [ "R", 9 ], [ "R", 4 ], [ "R", 4 ], [ "R", 5 ], [ "W", 4 ], [ "W", 5 ], [ "R", 4 ], [ "R", 18 ], [ "W", 4 ], [ "W", 18 ], [ "R", 4 ], [ "W", 4 ], [ "W", 4 ], [ "R", 9 ], [ "R", 9 ], [ "R", 9 ], [ "R", 4 ], [ "R", 4 ], [ "R", 9 ], [ "R", 9 ], [ "R", 5 ], [ "R", 5 ], [ "R", 5 ], [ "R", 26 ], [ "R", 4 ], [ "R", 5 ], [ "R", 9 ], [ "R", 9 ], [ "R", 9 ], [ "W", 4 ], [ "R", 9 ] ]
    } ]
  },
  "ExportAndDeleteDataAdministratorController.export" : {
    "t" : [ {
      "id" : 0,
      "a" : [ [ "R", 9 ], [ "R", 9 ], [ "R", 2 ], [ "R", 2 ], [ "R", 2 ], [ "R", 26 ], [ "R", 1 ], [ "R", 1 ], [ "R", 1 ], [ "R", 1 ], [ "R", 1 ], [ "R", 1 ], [ "R", 1 ], [ "R", 1 ], [ "R", 9 ], [ "R", 13 ], [ "R", 13 ], [ "R", 13 ], [ "R", 1 ], [ "R", 13 ], [ "R", 1 ], [ "R", 1 ], [ "R", 13 ], [ "R", 1 ], [ "R", 1 ], [ "R", 13 ], [ "R", 13 ], [ "R", 13 ], [ "R", 13 ], [ "R", 13 ], [ "R", 9 ], [ "R", 13 ], [ "R", 13 ], [ "R", 13 ], [ "R", 1 ], [ "R", 13 ], [ "R", 1 ], [ "R", 1 ], [ "R", 13 ], [ "R", 1 ], [ "R", 1 ], [ "R", 13 ], [ "R", 13 ], [ "R", 13 ], [ "R", 13 ], [ "R", 13 ], [ "R", 9 ], [ "R", 23 ], [ "R", 23 ], [ "R", 23 ], [ "R", 1 ], [ "R", 23 ], [ "R", 23 ], [ "R", 23 ], [ "R", 9 ], [ "R", 15 ], [ "R", 15 ], [ "R", 15 ], [ "R", 2 ], [ "R", 15 ], [ "R", 15 ], [ "R", 15 ], [ "R", 15 ] ]
    } ]
  },
  "AdministratorController.unban" : {
    "t" : [ {
      "id" : 0,
      "a" : [ [ "R", 1 ], [ "R", 1 ], [ "R", 26 ], [ "R", 9 ], [ "R", 9 ], [ "R", 1 ], [ "R", 1 ], [ "R", 1 ], [ "R", 26 ], [ "W", 26 ], [ "W", 26 ] ]
    } ]
  },
  "WelcomeController.index" : {
    "t" : [ {
      "id" : 0,
      "a" : [ [ "R", 25 ], [ "R", 9 ], [ "R", 9 ], [ "R", 1 ], [ "R", 1 ], [ "R", 1 ], [ "R", 26 ], [ "R", 1 ], [ "R", 1 ], [ "R", 25 ], [ "R", 25 ] ]
    } ]
  },
  "PositionDataRookieController.edit" : {
    "t" : [ {
      "id" : 0,
      "a" : [ [ "R", 19 ], [ "R", 19 ], [ "R", 9 ], [ "R", 19 ], [ "R", 19 ], [ "R", 19 ], [ "R", 9 ], [ "R", 9 ], [ "R", 8 ], [ "R", 8 ], [ "R", 19 ], [ "R", 8 ], [ "R", 8 ], [ "R", 19 ], [ "R", 9 ] ]
    } ]
  },
  "NuevaEntidadXXXCompanyController.delete" : {
    "t" : [ {
      "id" : 0,
      "a" : [ [ "R", 9 ], [ "R", 9 ], [ "R", 16 ], [ "R", 16 ], [ "R", 4 ], [ "W", 16 ], [ "W", 4 ], [ "R", 16 ], [ "W", 16 ], [ "R", 16 ], [ "W", 16 ], [ "W", 16 ], [ "R", 9 ], [ "R", 9 ], [ "R", 16 ], [ "R", 16 ], [ "R", 9 ], [ "R", 9 ], [ "R", 6 ], [ "R", 6 ], [ "R", 6 ], [ "R", 26 ], [ "R", 16 ], [ "R", 4 ], [ "R", 4 ], [ "R", 18 ], [ "R", 18 ], [ "R", 6 ], [ "R", 9 ], [ "R", 9 ], [ "R", 9 ], [ "W", 16 ], [ "R", 9 ] ]
    } ]
  },
  "CurriculaRookieController.display" : {
    "t" : [ {
      "id" : 0,
      "a" : [ [ "R", 9 ], [ "R", 9 ], [ "R", 22 ], [ "R", 22 ], [ "R", 22 ], [ "R", 26 ], [ "R", 8 ], [ "R", 8 ], [ "R", 22 ], [ "R", 9 ], [ "R", 9 ], [ "R", 9 ] ]
    } ]
  },
  "CurriculaRookieController.list" : {
    "t" : [ {
      "id" : 0,
      "a" : [ [ "R", 9 ], [ "R", 9 ], [ "R", 22 ], [ "R", 22 ], [ "R", 22 ], [ "R", 26 ], [ "R", 9 ], [ "R", 8 ], [ "R", 8 ], [ "R", 8 ], [ "R", 22 ], [ "R", 8 ], [ "R", 8 ], [ "R", 8 ] ]
    } ]
  },
  "EducationDataRookieController.edit" : {
    "t" : [ {
      "id" : 0,
      "a" : [ [ "R", 10 ], [ "R", 9 ], [ "R", 8 ], [ "R", 8 ], [ "R", 10 ], [ "R", 8 ], [ "R", 8 ], [ "R", 10 ], [ "R", 10 ], [ "R", 9 ], [ "R", 10 ], [ "R", 10 ], [ "R", 10 ], [ "R", 10 ], [ "R", 9 ], [ "R", 9 ] ]
    } ]
  },
  "ActorController.editProvider" : {
    "t" : [ {
      "id" : 0,
      "a" : [ [ "R", 9 ], [ "R", 9 ], [ "R", 1 ], [ "R", 1 ], [ "R", 1 ], [ "R", 26 ], [ "R", 9 ], [ "R", 21 ], [ "R", 1 ], [ "R", 1 ], [ "R", 1 ], [ "R", 1 ], [ "R", 1 ], [ "R", 1 ], [ "R", 1 ], [ "R", 21 ] ]
    } ]
  },
  "NotificationController.list" : {
    "t" : [ {
      "id" : 0,
      "a" : [ [ "R", 15 ] ]
    } ]
  },
  "ItemProviderController.create" : {
    "t" : [ {
      "id" : 0,
      "a" : [ [ "R", 9 ], [ "R", 9 ], [ "R", 1 ], [ "R", 1 ], [ "R", 1 ], [ "R", 26 ], [ "R", 1 ], [ "R", 26 ], [ "R", 26 ], [ "R", 9 ], [ "R", 9 ], [ "R", 21 ], [ "R", 21 ], [ "R", 21 ], [ "R", 26 ], [ "R", 9 ], [ "R", 9 ], [ "R", 21 ], [ "R", 21 ], [ "R", 21 ], [ "R", 26 ], [ "W", 12 ], [ "W", 21 ] ]
    } ]
  },
  "ActorController.saveAdmin" : {
    "t" : [ {
      "id" : 0,
      "a" : [ [ "R", 9 ], [ "R", 9 ], [ "R", 1 ], [ "R", 1 ], [ "R", 1 ], [ "R", 26 ], [ "R", 9 ], [ "R", 2 ], [ "W", 1 ], [ "W", 1 ], [ "W", 1 ], [ "W", 1 ], [ "W", 1 ], [ "W", 1 ], [ "W", 1 ], [ "W", 2 ], [ "W", 2 ] ]
    } ]
  },
  "SponsorshipProviderController.create" : {
    "t" : [ {
      "id" : 0,
      "a" : [ [ "R", 18 ], [ "W", 24 ], [ "W", 18 ], [ "W", 24 ], [ "W", 7 ], [ "R", 24 ], [ "R", 24 ], [ "R", 7 ], [ "R", 7 ], [ "R", 24 ], [ "R", 7 ], [ "R", 7 ], [ "R", 24 ], [ "R", 7 ], [ "R", 7 ], [ "R", 24 ], [ "R", 7 ], [ "R", 7 ], [ "R", 9 ], [ "R", 24 ], [ "R", 7 ], [ "R", 7 ], [ "R", 24 ], [ "R", 7 ], [ "R", 7 ], [ "R", 24 ], [ "R", 18 ], [ "R", 9 ], [ "R", 24 ], [ "R", 9 ] ]
    } ]
  },
  "NuevaEntidadXXXCompanyController.save" : {
    "t" : [ {
      "id" : 0,
      "a" : [ [ "R", 9 ], [ "R", 9 ], [ "R", 16 ], [ "R", 16 ], [ "R", 4 ], [ "W", 16 ], [ "W", 4 ], [ "R", 16 ], [ "W", 16 ], [ "R", 16 ], [ "W", 16 ], [ "W", 16 ], [ "R", 9 ], [ "R", 9 ], [ "R", 9 ], [ "R", 16 ], [ "R", 16 ], [ "R", 9 ], [ "R", 9 ], [ "R", 6 ], [ "R", 6 ], [ "R", 6 ], [ "R", 26 ], [ "R", 16 ], [ "R", 4 ], [ "R", 4 ], [ "R", 18 ], [ "R", 18 ], [ "R", 6 ], [ "R", 9 ], [ "R", 9 ], [ "R", 9 ], [ "W", 16 ], [ "R", 9 ] ]
    } ]
  },
  "CompanyController.display" : {
    "t" : [ {
      "id" : 0,
      "a" : [ [ "R", 6 ], [ "R", 9 ], [ "R", 18 ], [ "R", 18 ], [ "R", 18 ], [ "R", 6 ], [ "R", 18 ], [ "R", 18 ], [ "R", 18 ] ]
    } ]
  },
  "PositionController.list" : {
    "t" : [ {
      "id" : 0,
      "a" : [ [ "R", 18 ], [ "R", 18 ], [ "R", 18 ] ]
    } ]
  },
  "ActorController.editAuditor" : {
    "t" : [ {
      "id" : 0,
      "a" : [ [ "R", 9 ], [ "R", 9 ], [ "R", 1 ], [ "R", 1 ], [ "R", 1 ], [ "R", 26 ], [ "R", 9 ], [ "R", 5 ], [ "R", 1 ], [ "R", 1 ], [ "R", 1 ], [ "R", 1 ], [ "R", 1 ], [ "R", 1 ], [ "R", 1 ] ]
    } ]
  },
  "SocialProfileController.list" : {
    "t" : [ {
      "id" : 0,
      "a" : [ [ "R", 9 ], [ "R", 9 ], [ "R", 1 ], [ "R", 1 ], [ "R", 1 ], [ "R", 26 ], [ "R", 9 ], [ "R", 23 ], [ "R", 23 ], [ "R", 23 ], [ "R", 1 ] ]
    } ]
  },
  "NotificationController.display" : {
    "t" : [ {
      "id" : 0,
      "a" : [ [ "R", 15 ] ]
    } ]
  },
  "ItemProviderController.list" : {
    "t" : [ {
      "id" : 0,
      "a" : [ [ "R", 9 ], [ "R", 9 ], [ "R", 1 ], [ "R", 1 ], [ "R", 1 ], [ "R", 26 ], [ "R", 1 ], [ "R", 26 ], [ "R", 26 ], [ "R", 9 ], [ "R", 9 ], [ "R", 21 ], [ "R", 21 ], [ "R", 21 ], [ "R", 26 ], [ "R", 9 ], [ "R", 9 ], [ "R", 21 ], [ "R", 21 ], [ "R", 21 ], [ "R", 26 ], [ "R", 9 ], [ "R", 12 ], [ "R", 12 ], [ "R", 12 ], [ "R", 21 ] ]
    } ]
  },
  "ItemProviderController.display" : {
    "t" : [ {
      "id" : 0,
      "a" : [ [ "R", 12 ] ]
    } ]
  },
  "EducationDataRookieController.delete" : {
    "t" : [ {
      "id" : 0,
      "a" : [ [ "R", 9 ], [ "R", 9 ], [ "R", 22 ], [ "R", 22 ], [ "R", 22 ], [ "R", 26 ], [ "R", 10 ], [ "R", 9 ], [ "R", 8 ], [ "R", 8 ], [ "R", 10 ], [ "R", 8 ], [ "R", 8 ], [ "R", 10 ], [ "R", 8 ], [ "R", 22 ], [ "R", 9 ], [ "R", 9 ], [ "R", 9 ], [ "R", 9 ], [ "R", 9 ], [ "R", 10 ], [ "R", 9 ], [ "R", 8 ], [ "R", 8 ], [ "R", 10 ], [ "R", 8 ], [ "R", 8 ], [ "R", 10 ], [ "R", 8 ], [ "R", 22 ], [ "R", 9 ], [ "R", 9 ], [ "R", 22 ], [ "R", 22 ], [ "R", 22 ], [ "R", 26 ], [ "R", 9 ], [ "R", 9 ], [ "R", 9 ], [ "R", 8 ], [ "R", 10 ], [ "W", 10 ], [ "R", 9 ], [ "R", 9 ] ]
    } ]
  },
  "ApplicationCompanyController.list" : {
    "t" : [ {
      "id" : 0,
      "a" : [ [ "R", 9 ], [ "R", 9 ], [ "R", 6 ], [ "R", 6 ], [ "R", 6 ], [ "R", 26 ], [ "R", 1 ], [ "R", 26 ], [ "R", 26 ], [ "R", 9 ], [ "R", 9 ], [ "R", 6 ], [ "R", 6 ], [ "R", 6 ], [ "R", 26 ], [ "R", 9 ], [ "R", 3 ], [ "R", 3 ], [ "R", 3 ], [ "R", 20 ], [ "R", 18 ], [ "R", 6 ], [ "R", 3 ] ]
    } ]
  },
  "MessageController.display" : {
    "t" : [ {
      "id" : 0,
      "a" : [ [ "R", 13 ] ]
    } ]
  },
  "NotificationController.save" : {
    "t" : [ {
      "id" : 0,
      "a" : [ [ "R", 25 ], [ "R", 15 ], [ "R", 15 ], [ "R", 15 ], [ "R", 15 ], [ "R", 15 ], [ "R", 25 ], [ "W", 25 ], [ "R", 9 ], [ "W", 25 ], [ "R", 9 ], [ "R", 9 ], [ "R", 2 ], [ "R", 2 ], [ "R", 2 ], [ "R", 26 ], [ "W", 15 ], [ "W", 2 ], [ "R", 9 ], [ "R", 26 ], [ "W", 15 ] ]
    } ]
  },
  "NotificationController.create" : {
    "t" : [ {
      "id" : 0,
      "a" : [ [ "R", 9 ], [ "R", 9 ], [ "R", 2 ], [ "R", 2 ], [ "R", 2 ], [ "R", 26 ], [ "W", 15 ], [ "W", 2 ], [ "W", 15 ], [ "W", 15 ] ]
    } ]
  },
  "AuditAuditorController.list" : {
    "t" : [ {
      "id" : 0,
      "a" : [ [ "R", 9 ], [ "R", 9 ], [ "R", 5 ], [ "R", 5 ], [ "R", 5 ], [ "R", 26 ], [ "R", 9 ], [ "R", 4 ], [ "R", 4 ], [ "R", 4 ], [ "R", 5 ] ]
    } ]
  },
  "PositionCompanyController.save" : {
    "t" : [ {
      "id" : 0,
      "a" : [ [ "R", 9 ], [ "R", 9 ], [ "R", 9 ], [ "R", 6 ], [ "R", 6 ], [ "R", 6 ], [ "R", 26 ], [ "R", 9 ], [ "R", 9 ], [ "R", 18 ], [ "R", 18 ], [ "R", 18 ], [ "R", 9 ], [ "R", 18 ], [ "R", 6 ], [ "R", 9 ], [ "R", 9 ], [ "R", 9 ], [ "R", 9 ], [ "R", 18 ], [ "R", 18 ], [ "R", 18 ], [ "R", 18 ], [ "R", 18 ], [ "R", 6 ], [ "R", 9 ], [ "R", 9 ], [ "R", 9 ], [ "R", 9 ], [ "R", 20 ], [ "R", 20 ], [ "R", 20 ], [ "R", 18 ], [ "R", 18 ], [ "W", 18 ], [ "R", 11 ], [ "R", 9 ], [ "R", 9 ], [ "R", 1 ], [ "R", 1 ], [ "R", 1 ], [ "R", 26 ], [ "W", 13 ], [ "W", 1 ], [ "W", 13 ], [ "R", 11 ], [ "R", 18 ], [ "R", 18 ], [ "R", 18 ], [ "R", 18 ], [ "R", 18 ], [ "R", 18 ], [ "R", 11 ], [ "R", 11 ], [ "R", 18 ], [ "R", 11 ], [ "W", 13 ], [ "R", 18 ], [ "R", 18 ], [ "W", 13 ], [ "W", 13 ], [ "R", 18 ], [ "R", 6 ], [ "W", 13 ], [ "W", 1 ], [ "R", 11 ], [ "R", 22 ], [ "W", 13 ], [ "W", 1 ], [ "R", 25 ], [ "R", 25 ], [ "R", 13 ], [ "R", 13 ], [ "R", 13 ], [ "W", 13 ], [ "W", 13 ], [ "W", 13 ], [ "W", 18 ], [ "R", 9 ] ]
    } ]
  },
  "ExportAndDeleteDataAdministratorController.delete" : {
    "t" : [ {
      "id" : 0,
      "a" : [ [ "R", 9 ], [ "R", 9 ], [ "R", 2 ], [ "R", 2 ], [ "R", 2 ], [ "R", 26 ], [ "R", 9 ], [ "R", 13 ], [ "R", 13 ], [ "R", 13 ], [ "R", 1 ], [ "W", 13 ], [ "R", 9 ], [ "R", 13 ], [ "R", 13 ], [ "R", 13 ], [ "R", 1 ], [ "W", 13 ], [ "R", 9 ], [ "R", 23 ], [ "R", 23 ], [ "R", 23 ], [ "R", 1 ], [ "W", 23 ], [ "R", 9 ], [ "R", 15 ], [ "R", 15 ], [ "R", 15 ], [ "R", 2 ], [ "W", 15 ], [ "W", 2 ] ]
    } ]
  },
  "PositionProblemCompanyController.edit" : {
    "t" : [ {
      "id" : 0,
      "a" : [ [ "R", 20 ], [ "R", 9 ] ]
    } ]
  },
  "MessageController.create" : {
    "t" : [ {
      "id" : 0,
      "a" : [ [ "R", 9 ], [ "R", 9 ], [ "R", 1 ], [ "R", 1 ], [ "R", 1 ], [ "R", 26 ], [ "W", 13 ], [ "W", 1 ], [ "W", 13 ], [ "R", 1 ], [ "R", 9 ], [ "R", 9 ], [ "R", 1 ], [ "R", 1 ], [ "R", 1 ], [ "R", 26 ] ]
    } ]
  },
  "NuevaEntidadXXXCompanyController.display" : {
    "t" : [ {
      "id" : 0,
      "a" : [ [ "R", 16 ] ]
    } ]
  }
}