{
  "AnnouncementAdministratorController.edit" : {
    "t" : [ {
      "id" : 0,
      "a" : [ [ "R", 3 ], [ "R", 5 ], [ "R", 5 ], [ "R", 5 ], [ "R", 3 ], [ "R", 8 ], [ "R", 3 ], [ "R", 8 ], [ "R", 8 ], [ "R", 5 ], [ "R", 3 ], [ "R", 5 ], [ "R", 3 ], [ "R", 8 ], [ "R", 3 ], [ "R", 8 ], [ "R", 8 ], [ "R", 5 ], [ "R", 3 ], [ "R", 5 ], [ "R", 5 ], [ "R", 8 ], [ "R", 14 ] ]
    } ]
  },
  "AnnouncementAdministratorController.delete" : {
    "t" : [ {
      "id" : 0,
      "a" : [ [ "R", 7 ], [ "R", 7 ], [ "R", 3 ], [ "R", 7 ], [ "R", 13 ], [ "R", 13 ], [ "R", 13 ], [ "R", 3 ], [ "W", 3 ], [ "R", 5 ], [ "R", 5 ], [ "R", 5 ], [ "R", 3 ], [ "R", 8 ], [ "R", 3 ], [ "R", 8 ], [ "R", 8 ], [ "R", 5 ], [ "R", 3 ], [ "R", 5 ], [ "R", 3 ], [ "R", 8 ], [ "R", 3 ], [ "R", 8 ], [ "R", 8 ], [ "R", 5 ], [ "R", 3 ], [ "R", 5 ], [ "R", 5 ], [ "R", 8 ], [ "R", 14 ] ]
    } ]
  },
  "CustomerAdministratorController.create" : {
    "t" : [ {
      "id" : 0,
      "a" : [ [ "W", 6 ], [ "W", 13 ] ]
    } ]
  },
  "CertificationAdministratorController.list" : {
    "t" : [ {
      "id" : 0,
      "a" : [ [ "R", 5 ] ]
    } ]
  },
  "ActorAdministratorController.list" : {
    "t" : [ {
      "id" : 0,
      "a" : [ [ "R", 1 ] ]
    } ]
  },
  "AnnouncementCustomerController.unregister" : {
    "t" : [ {
      "id" : 0,
      "a" : [ [ "R", 7 ], [ "R", 7 ], [ "R", 6 ], [ "R", 6 ], [ "R", 6 ], [ "R", 17 ], [ "R", 3 ], [ "R", 7 ], [ "R", 7 ], [ "R", 13 ], [ "R", 13 ], [ "R", 13 ], [ "R", 6 ], [ "R", 13 ], [ "R", 3 ], [ "R", 3 ], [ "R", 6 ], [ "R", 13 ], [ "W", 13 ], [ "W", 6 ], [ "R", 3 ], [ "R", 13 ], [ "W", 13 ], [ "W", 3 ], [ "W", 6 ], [ "R", 3 ], [ "R", 8 ], [ "R", 3 ], [ "R", 8 ], [ "R", 8 ], [ "R", 5 ], [ "R", 3 ], [ "R", 5 ], [ "R", 5 ], [ "R", 3 ], [ "R", 8 ], [ "R", 3 ], [ "R", 8 ], [ "R", 8 ], [ "R", 5 ], [ "R", 3 ], [ "R", 5 ], [ "R", 5 ], [ "R", 8 ], [ "R", 3 ], [ "R", 8 ], [ "W", 3 ], [ "R", 7 ], [ "W", 13 ], [ "R", 3 ], [ "R", 3 ], [ "R", 3 ], [ "R", 7 ], [ "R", 7 ], [ "R", 6 ], [ "R", 6 ], [ "R", 6 ], [ "R", 17 ], [ "R", 7 ], [ "R", 6 ], [ "R", 6 ], [ "R", 13 ], [ "R", 6 ], [ "R", 13 ], [ "R", 3 ], [ "R", 6 ], [ "R", 3 ], [ "R", 3 ], [ "R", 3 ], [ "R", 7 ], [ "R", 7 ], [ "R", 6 ], [ "R", 6 ], [ "R", 6 ], [ "R", 17 ], [ "R", 7 ], [ "R", 6 ], [ "R", 6 ], [ "R", 13 ], [ "R", 6 ], [ "R", 13 ], [ "R", 3 ], [ "R", 6 ] ]
    } ]
  },
  "CertificationCustomerController.list" : {
    "t" : [ {
      "id" : 0,
      "a" : [ [ "R", 5 ], [ "R", 5 ], [ "R", 5 ] ]
    } ]
  },
  "AnnouncementAdministratorController.save" : {
    "t" : [ {
      "id" : 0,
      "a" : [ [ "R", 5 ], [ "R", 5 ], [ "R", 5 ], [ "R", 3 ], [ "R", 8 ], [ "R", 3 ], [ "R", 8 ], [ "R", 8 ], [ "R", 5 ], [ "R", 3 ], [ "R", 5 ], [ "R", 3 ], [ "R", 8 ], [ "R", 3 ], [ "R", 8 ], [ "R", 8 ], [ "R", 5 ], [ "R", 3 ], [ "R", 5 ], [ "R", 5 ], [ "R", 8 ], [ "R", 14 ], [ "R", 3 ], [ "R", 8 ], [ "R", 3 ], [ "R", 8 ], [ "R", 8 ], [ "R", 5 ], [ "R", 3 ], [ "R", 5 ], [ "R", 5 ], [ "R", 3 ], [ "R", 8 ], [ "R", 3 ], [ "R", 8 ], [ "R", 8 ], [ "R", 5 ], [ "R", 3 ], [ "R", 5 ], [ "R", 5 ], [ "R", 8 ], [ "R", 3 ], [ "R", 8 ], [ "W", 3 ], [ "R", 5 ], [ "R", 5 ], [ "R", 5 ], [ "R", 3 ], [ "R", 8 ], [ "R", 3 ], [ "R", 8 ], [ "R", 8 ], [ "R", 5 ], [ "R", 3 ], [ "R", 5 ], [ "R", 3 ], [ "R", 8 ], [ "R", 3 ], [ "R", 8 ], [ "R", 8 ], [ "R", 5 ], [ "R", 3 ], [ "R", 5 ], [ "R", 5 ], [ "R", 8 ], [ "R", 14 ] ]
    } ]
  },
  "AnnouncementCustomerController.register" : {
    "t" : [ {
      "id" : 0,
      "a" : [ [ "R", 7 ], [ "R", 7 ], [ "R", 6 ], [ "R", 6 ], [ "R", 6 ], [ "R", 17 ], [ "R", 3 ], [ "R", 3 ], [ "R", 7 ], [ "R", 7 ], [ "R", 13 ], [ "R", 13 ], [ "R", 13 ], [ "R", 6 ], [ "R", 13 ], [ "R", 3 ], [ "R", 7 ], [ "R", 7 ], [ "R", 6 ], [ "R", 6 ], [ "R", 6 ], [ "R", 17 ], [ "W", 13 ], [ "W", 3 ], [ "W", 13 ], [ "W", 13 ], [ "W", 6 ], [ "R", 6 ], [ "R", 13 ], [ "W", 13 ], [ "W", 6 ], [ "R", 3 ], [ "R", 13 ], [ "W", 13 ], [ "W", 3 ], [ "W", 6 ], [ "R", 3 ], [ "R", 8 ], [ "R", 3 ], [ "R", 8 ], [ "R", 8 ], [ "R", 5 ], [ "R", 3 ], [ "R", 5 ], [ "R", 5 ], [ "R", 3 ], [ "R", 8 ], [ "R", 3 ], [ "R", 8 ], [ "R", 8 ], [ "R", 5 ], [ "R", 3 ], [ "R", 5 ], [ "R", 5 ], [ "R", 8 ], [ "R", 3 ], [ "R", 8 ], [ "W", 3 ], [ "W", 13 ], [ "R", 3 ], [ "R", 3 ], [ "R", 3 ], [ "R", 7 ], [ "R", 7 ], [ "R", 6 ], [ "R", 6 ], [ "R", 6 ], [ "R", 17 ], [ "R", 7 ], [ "R", 6 ], [ "R", 6 ], [ "R", 13 ], [ "R", 6 ], [ "R", 13 ], [ "R", 3 ], [ "R", 6 ], [ "R", 3 ], [ "R", 3 ], [ "R", 3 ], [ "R", 7 ], [ "R", 7 ], [ "R", 6 ], [ "R", 6 ], [ "R", 6 ], [ "R", 17 ], [ "R", 7 ], [ "R", 6 ], [ "R", 6 ], [ "R", 13 ], [ "R", 6 ], [ "R", 13 ], [ "R", 3 ], [ "R", 6 ] ]
    } ]
  },
  "AnnouncementCustomerController.list" : {
    "t" : [ {
      "id" : 0,
      "a" : [ [ "R", 3 ], [ "R", 3 ], [ "R", 3 ], [ "R", 7 ], [ "R", 7 ], [ "R", 6 ], [ "R", 6 ], [ "R", 6 ], [ "R", 17 ], [ "R", 7 ], [ "R", 6 ], [ "R", 6 ], [ "R", 13 ], [ "R", 6 ], [ "R", 13 ], [ "R", 3 ], [ "R", 6 ] ]
    } ]
  },
  "CustomerAdministratorController.delete" : {
    "t" : [ {
      "id" : 0,
      "a" : [ [ "R", 7 ], [ "W", 6 ] ]
    } ]
  },
  "CustomerAdministratorController.edit" : {
    "t" : [ {
      "id" : 0,
      "a" : [ [ "R", 6 ] ]
    } ]
  },
  "ExamController.findByCertificationId" : {
    "t" : [ {
      "id" : 0,
      "a" : [ [ "R", 8 ], [ "R", 8 ], [ "R", 8 ], [ "R", 5 ] ]
    } ]
  },
  "AnnouncementAdministratorController.create" : {
    "t" : [ {
      "id" : 0,
      "a" : [ [ "W", 3 ], [ "W", 13 ], [ "R", 5 ], [ "R", 5 ], [ "R", 5 ], [ "R", 3 ], [ "R", 8 ], [ "R", 3 ], [ "R", 8 ], [ "R", 8 ], [ "R", 5 ], [ "R", 3 ], [ "R", 5 ], [ "R", 3 ], [ "R", 8 ], [ "R", 3 ], [ "R", 8 ], [ "R", 8 ], [ "R", 5 ], [ "R", 3 ], [ "R", 5 ], [ "R", 5 ], [ "R", 8 ], [ "R", 14 ] ]
    } ]
  },
  "CustomerAdministratorController.list" : {
    "t" : [ {
      "id" : 0,
      "a" : [ [ "R", 6 ] ]
    } ]
  },
  "CustomerAdministratorController.save" : {
    "t" : [ {
      "id" : 0,
      "a" : [ [ "W", 6 ] ]
    } ]
  },
  "AnnouncementAdministratorController.list" : {
    "t" : [ {
      "id" : 0,
      "a" : [ [ "R", 3 ] ]
    } ]
  }
}