{
  "Actor" : 1,
  "Admin" : 2,
  "Advertisement" : 3,
  "Answer" : 4,
  "AuctionAdvertisement" : 5,
  "Bid" : 6,
  "Business" : 7,
  "BusinessInfo" : 8,
  "Chat" : 9,
  "Config" : 10,
  "DomainEntity" : 11,
  "ExpressAdvertisement" : 12,
  "FacturationData" : 13,
  "Folder" : 14,
  "Item" : 15,
  "Message" : 16,
  "Moderator" : 17,
  "Question" : 18,
  "Report" : 19,
  "Review" : 20,
  "SaleLine" : 21,
  "ShipmentAddress" : 22,
  "ShippingInfo" : 23,
  "ShopAdvertisement" : 24,
  "ShoppingCart" : 25,
  "SocialIdentity" : 26,
  "Ticket" : 27,
  "User" : 28,
  "UserAccount" : 29,
  "Valoration" : 30
}