{
  "Actor" : 1,
  "Administrator" : 2,
  "Banner" : 3,
  "Bill" : 4,
  "Campaign" : 5,
  "Category" : 6,
  "Comment" : 7,
  "Contest" : 8,
  "Cook" : 9,
  "CreditCard" : 10,
  "Curriculum" : 11,
  "DomainEntity" : 12,
  "Endorser" : 13,
  "Folder" : 14,
  "Ingredient" : 15,
  "LearningMaterial" : 16,
  "MasterClass" : 17,
  "Message" : 18,
  "Nutritionist" : 19,
  "PresentationMaterial" : 20,
  "Property" : 21,
  "Quantity" : 22,
  "Recipe" : 23,
  "Score" : 24,
  "SocialIdentity" : 25,
  "SocialUser" : 26,
  "Sponsor" : 27,
  "Step" : 28,
  "SystemConfiguration" : 29,
  "TextMaterial" : 30,
  "User" : 31,
  "UserAccount" : 32,
  "Value" : 33,
  "VideoMaterial" : 34
}