{
  "SubmissionAdministratorController.decision" : {
    "t" : [ {
      "id" : 0,
      "a" : [ [ "R", 12 ], [ "R", 12 ], [ "R", 3 ], [ "R", 3 ], [ "R", 3 ], [ "R", 27 ] ]
    } ]
  },
  "ConferenceAdministratorController.runningList" : {
    "t" : [ {
      "id" : 0,
      "a" : [ [ "R", 10 ], [ "R", 10 ], [ "R", 10 ], [ "R", 10 ] ]
    } ]
  },
  "CustomisationAdministratorController.save" : {
    "t" : [ {
      "id" : 0,
      "a" : [ [ "W", 11 ] ]
    } ]
  },
  "ActivityAdministratorController.show" : {
    "t" : [ {
      "id" : 0,
      "a" : [ [ "R", 15 ], [ "R", 15 ], [ "R", 15 ], [ "R", 17 ], [ "R", 17 ], [ "R", 17 ], [ "R", 26 ], [ "R", 26 ], [ "R", 26 ], [ "R", 17 ], [ "R", 17 ], [ "R", 17 ], [ "R", 1 ], [ "R", 10 ], [ "R", 10 ], [ "R", 12 ], [ "R", 8 ], [ "R", 8 ], [ "R", 8 ], [ "R", 9 ], [ "R", 12 ], [ "R", 8 ], [ "R", 8 ], [ "R", 8 ], [ "R", 9 ], [ "R", 26 ], [ "R", 26 ], [ "R", 26 ], [ "R", 1 ], [ "R", 10 ], [ "R", 10 ], [ "R", 12 ], [ "R", 21 ], [ "R", 21 ], [ "R", 21 ], [ "R", 26 ], [ "R", 1 ], [ "R", 10 ], [ "R", 10 ], [ "R", 12 ], [ "R", 8 ], [ "R", 8 ], [ "R", 8 ], [ "R", 9 ], [ "R", 12 ], [ "R", 8 ], [ "R", 8 ], [ "R", 8 ], [ "R", 9 ], [ "R", 15 ], [ "R", 15 ], [ "R", 15 ], [ "R", 1 ], [ "R", 10 ], [ "R", 10 ], [ "R", 12 ], [ "R", 8 ], [ "R", 8 ], [ "R", 8 ], [ "R", 9 ], [ "R", 12 ], [ "R", 8 ], [ "R", 8 ], [ "R", 8 ], [ "R", 9 ], [ "R", 12 ], [ "R", 12 ], [ "R", 12 ] ]
    } ]
  },
  "ActivityAdministratorController.edit" : {
    "t" : [ {
      "id" : 0,
      "a" : [ [ "R", 15 ], [ "R", 15 ], [ "R", 15 ], [ "R", 17 ], [ "R", 17 ], [ "R", 17 ], [ "R", 26 ], [ "R", 26 ], [ "R", 26 ], [ "R", 17 ], [ "R", 15 ], [ "R", 26 ] ]
    } ]
  },
  "SponsorController.edit" : {
    "t" : [ {
      "id" : 0,
      "a" : [ [ "W", 27 ], [ "R", 27 ], [ "R", 27 ], [ "W", 2 ], [ "W", 27 ], [ "W", 5 ], [ "W", 5 ], [ "W", 5 ], [ "W", 5 ], [ "W", 2 ], [ "W", 5 ], [ "W", 2 ], [ "W", 2 ], [ "W", 2 ], [ "W", 2 ], [ "W", 2 ], [ "W", 2 ] ]
    } ]
  },
  "AuthorAdministratorController.decision" : {
    "t" : [ {
      "id" : 0,
      "a" : [ [ "R", 4 ], [ "R", 12 ], [ "R", 12 ], [ "R", 3 ], [ "R", 3 ], [ "R", 3 ], [ "R", 27 ] ]
    } ]
  },
  "CategoryAdministratorController.create" : {
    "t" : [ {
      "id" : 0,
      "a" : [ [ "R", 12 ], [ "R", 27 ], [ "R", 7 ] ]
    } ]
  },
  "AuthorController.edit" : {
    "t" : [ {
      "id" : 0,
      "a" : [ [ "W", 27 ], [ "R", 27 ], [ "R", 27 ], [ "W", 2 ], [ "W", 27 ], [ "W", 2 ], [ "W", 2 ], [ "W", 2 ], [ "W", 2 ], [ "W", 2 ], [ "W", 2 ], [ "W", 4 ], [ "W", 13 ] ]
    } ]
  },
  "SponsorSponsorController.edit" : {
    "t" : [ {
      "id" : 0,
      "a" : [ [ "R", 12 ], [ "R", 12 ], [ "R", 22 ], [ "R", 22 ], [ "R", 22 ], [ "R", 27 ], [ "R", 2 ], [ "R", 5 ] ]
    } ]
  },
  "ConferenceAdministratorController.create" : {
    "t" : [ {
      "id" : 0,
      "a" : [ [ "W", 10 ], [ "R", 7 ] ]
    } ]
  },
  "CameraReadyPaperAdministratorController.list" : {
    "t" : [ {
      "id" : 0,
      "a" : [ [ "R", 6 ], [ "R", 6 ], [ "R", 6 ], [ "R", 24 ], [ "R", 10 ] ]
    } ]
  },
  "CommentController.save" : {
    "t" : [ {
      "id" : 0,
      "a" : [ [ "R", 8 ], [ "R", 8 ], [ "W", 8 ] ]
    } ]
  },
  "CommentController.createByConferenceId" : {
    "t" : [ {
      "id" : 0,
      "a" : [ [ "R", 12 ], [ "R", 12 ], [ "R", 4 ], [ "R", 4 ], [ "R", 4 ], [ "R", 27 ], [ "W", 8 ], [ "W", 2 ], [ "R", 12 ], [ "R", 12 ], [ "R", 3 ], [ "R", 3 ], [ "R", 3 ], [ "R", 27 ], [ "W", 8 ], [ "W", 2 ], [ "R", 12 ], [ "R", 12 ], [ "R", 20 ], [ "R", 20 ], [ "R", 20 ], [ "R", 27 ], [ "W", 8 ], [ "W", 2 ], [ "R", 12 ], [ "R", 12 ], [ "R", 22 ], [ "R", 22 ], [ "R", 22 ], [ "R", 27 ], [ "W", 8 ], [ "W", 2 ], [ "W", 8 ], [ "W", 12 ], [ "R", 10 ], [ "W", 8 ], [ "W", 9 ], [ "R", 10 ], [ "R", 15 ], [ "R", 15 ], [ "R", 15 ], [ "R", 17 ], [ "R", 17 ], [ "R", 17 ], [ "R", 26 ], [ "R", 26 ], [ "R", 26 ], [ "R", 17 ], [ "R", 26 ], [ "R", 15 ], [ "W", 8 ], [ "W", 9 ], [ "R", 1 ], [ "R", 10 ], [ "R", 10 ], [ "R", 19 ], [ "R", 19 ], [ "R", 24 ], [ "R", 24 ], [ "R", 12 ], [ "R", 12 ], [ "R", 4 ], [ "R", 4 ], [ "R", 4 ], [ "R", 27 ], [ "R", 12 ], [ "R", 19 ], [ "R", 24 ], [ "R", 24 ], [ "R", 4 ], [ "R", 12 ], [ "W", 8 ], [ "W", 9 ], [ "R", 19 ], [ "R", 24 ], [ "R", 24 ], [ "R", 10 ], [ "R", 10 ], [ "R", 19 ], [ "R", 20 ], [ "R", 12 ], [ "R", 12 ], [ "R", 12 ], [ "R", 20 ], [ "R", 20 ], [ "R", 20 ], [ "R", 27 ], [ "R", 12 ] ]
    } ]
  },
  "ReportAuthorController.show" : {
    "t" : [ {
      "id" : 0,
      "a" : [ [ "R", 19 ], [ "R", 19 ], [ "R", 24 ], [ "R", 24 ], [ "R", 12 ], [ "R", 12 ], [ "R", 4 ], [ "R", 4 ], [ "R", 4 ], [ "R", 27 ], [ "R", 12 ], [ "R", 19 ], [ "R", 24 ], [ "R", 24 ], [ "R", 4 ], [ "R", 12 ], [ "R", 19 ], [ "R", 24 ], [ "R", 24 ], [ "R", 10 ], [ "R", 10 ], [ "R", 12 ], [ "R", 8 ], [ "R", 8 ], [ "R", 8 ], [ "R", 9 ], [ "R", 12 ], [ "R", 8 ], [ "R", 8 ], [ "R", 8 ], [ "R", 9 ], [ "R", 12 ] ]
    } ]
  },
  "SponsorshipSponsorController.list" : {
    "t" : [ {
      "id" : 0,
      "a" : [ [ "R", 12 ], [ "R", 12 ], [ "R", 22 ], [ "R", 22 ], [ "R", 22 ], [ "R", 27 ], [ "R", 12 ], [ "R", 23 ], [ "R", 23 ], [ "R", 23 ], [ "R", 22 ] ]
    } ]
  },
  "ReviewerController.save" : {
    "t" : [ {
      "id" : 0,
      "a" : [ [ "R", 2 ], [ "R", 2 ], [ "R", 2 ], [ "R", 2 ], [ "R", 2 ], [ "R", 27 ], [ "R", 27 ], [ "R", 2 ], [ "R", 2 ], [ "R", 2 ], [ "R", 27 ], [ "R", 2 ], [ "R", 11 ], [ "R", 11 ], [ "W", 2 ], [ "R", 12 ], [ "W", 5 ], [ "W", 5 ], [ "W", 5 ], [ "W", 5 ], [ "W", 2 ], [ "W", 5 ], [ "R", 2 ], [ "R", 27 ], [ "R", 27 ], [ "R", 2 ], [ "R", 27 ], [ "W", 27 ], [ "W", 2 ], [ "W", 27 ], [ "W", 20 ], [ "W", 20 ] ]
    } ]
  },
  "RegistrationAuthorController.save" : {
    "t" : [ {
      "id" : 0,
      "a" : [ [ "R", 12 ], [ "R", 12 ], [ "R", 4 ], [ "R", 4 ], [ "R", 4 ], [ "R", 27 ], [ "R", 12 ], [ "R", 10 ], [ "R", 10 ], [ "R", 10 ], [ "R", 10 ], [ "R", 10 ], [ "R", 18 ], [ "R", 18 ], [ "R", 10 ], [ "R", 18 ], [ "R", 4 ], [ "R", 11 ], [ "R", 11 ], [ "R", 18 ], [ "R", 10 ], [ "R", 18 ], [ "R", 4 ], [ "R", 12 ], [ "R", 18 ], [ "R", 10 ], [ "R", 12 ], [ "R", 18 ], [ "R", 18 ], [ "R", 18 ], [ "R", 4 ], [ "R", 18 ], [ "R", 10 ], [ "R", 18 ], [ "R", 4 ], [ "R", 12 ], [ "R", 18 ], [ "R", 10 ], [ "R", 12 ], [ "R", 18 ], [ "R", 18 ], [ "R", 18 ], [ "R", 4 ], [ "R", 18 ], [ "R", 10 ], [ "R", 18 ], [ "R", 18 ], [ "R", 11 ], [ "R", 11 ], [ "R", 18 ], [ "W", 18 ], [ "R", 12 ], [ "R", 12 ], [ "R", 4 ], [ "R", 4 ], [ "R", 4 ], [ "R", 27 ], [ "R", 12 ], [ "R", 10 ], [ "R", 10 ], [ "R", 10 ], [ "R", 10 ], [ "R", 10 ], [ "R", 18 ], [ "R", 18 ], [ "R", 10 ], [ "R", 18 ], [ "R", 4 ], [ "R", 11 ], [ "R", 11 ], [ "R", 12 ], [ "R", 12 ], [ "R", 4 ], [ "R", 4 ], [ "R", 4 ], [ "R", 27 ], [ "R", 12 ], [ "R", 10 ], [ "R", 10 ], [ "R", 10 ], [ "R", 10 ], [ "R", 10 ], [ "R", 18 ], [ "R", 18 ], [ "R", 10 ], [ "R", 18 ], [ "R", 4 ], [ "R", 11 ], [ "R", 11 ], [ "R", 12 ], [ "R", 12 ], [ "R", 4 ], [ "R", 4 ], [ "R", 4 ], [ "R", 27 ], [ "R", 12 ], [ "R", 10 ], [ "R", 10 ], [ "R", 10 ], [ "R", 10 ], [ "R", 10 ], [ "R", 18 ], [ "R", 18 ], [ "R", 10 ], [ "R", 18 ], [ "R", 4 ], [ "R", 11 ], [ "R", 11 ], [ "R", 12 ], [ "R", 12 ], [ "R", 4 ], [ "R", 4 ], [ "R", 4 ], [ "R", 27 ], [ "R", 12 ], [ "R", 10 ], [ "R", 10 ], [ "R", 10 ], [ "R", 10 ], [ "R", 10 ], [ "R", 18 ], [ "R", 18 ], [ "R", 10 ], [ "R", 18 ], [ "R", 4 ], [ "R", 11 ], [ "R", 11 ] ]
    } ]
  },
  "ConferenceAdministratorController.cRElapsesSoonList" : {
    "t" : [ {
      "id" : 0,
      "a" : [ [ "R", 10 ], [ "R", 10 ], [ "R", 10 ] ]
    } ]
  },
  "CategoryAdministratorController.delete" : {
    "t" : [ {
      "id" : 0,
      "a" : [ [ "R", 12 ], [ "R", 27 ], [ "R", 7 ], [ "R", 10 ], [ "R", 10 ], [ "R", 10 ], [ "R", 7 ], [ "R", 7 ], [ "R", 7 ], [ "W", 10 ], [ "W", 7 ], [ "R", 7 ], [ "R", 7 ], [ "R", 7 ], [ "R", 7 ], [ "R", 7 ], [ "R", 7 ], [ "W", 7 ], [ "W", 7 ], [ "W", 7 ], [ "R", 7 ] ]
    } ]
  },
  "AuthorAuthorController.edit" : {
    "t" : [ {
      "id" : 0,
      "a" : [ [ "R", 12 ], [ "R", 12 ], [ "R", 4 ], [ "R", 4 ], [ "R", 4 ], [ "R", 27 ], [ "R", 2 ], [ "R", 5 ] ]
    } ]
  },
  "DashboardAdministratorController.dashboard" : {
    "t" : [ {
      "id" : 0,
      "a" : [ [ "R", 12 ], [ "R", 27 ], [ "R", 10 ], [ "R", 24 ], [ "R", 24 ], [ "R", 24 ], [ "R", 10 ], [ "R", 10 ], [ "R", 12 ], [ "R", 27 ], [ "R", 10 ], [ "R", 24 ], [ "R", 24 ], [ "R", 24 ], [ "R", 10 ], [ "R", 10 ], [ "R", 24 ], [ "R", 10 ], [ "R", 12 ], [ "R", 27 ], [ "R", 10 ], [ "R", 24 ], [ "R", 24 ], [ "R", 24 ], [ "R", 10 ], [ "R", 10 ], [ "R", 24 ], [ "R", 10 ], [ "R", 12 ], [ "R", 27 ], [ "R", 10 ], [ "R", 24 ], [ "R", 24 ], [ "R", 24 ], [ "R", 10 ], [ "R", 10 ], [ "R", 12 ], [ "R", 27 ], [ "R", 10 ], [ "R", 18 ], [ "R", 18 ], [ "R", 18 ], [ "R", 10 ], [ "R", 10 ], [ "R", 12 ], [ "R", 27 ], [ "R", 10 ], [ "R", 18 ], [ "R", 18 ], [ "R", 18 ], [ "R", 10 ], [ "R", 10 ], [ "R", 18 ], [ "R", 10 ], [ "R", 12 ], [ "R", 27 ], [ "R", 10 ], [ "R", 18 ], [ "R", 18 ], [ "R", 18 ], [ "R", 10 ], [ "R", 10 ], [ "R", 18 ], [ "R", 10 ], [ "R", 12 ], [ "R", 27 ], [ "R", 10 ], [ "R", 18 ], [ "R", 18 ], [ "R", 18 ], [ "R", 10 ], [ "R", 10 ], [ "R", 12 ], [ "R", 27 ], [ "R", 10 ], [ "R", 10 ], [ "R", 12 ], [ "R", 27 ], [ "R", 10 ], [ "R", 10 ], [ "R", 12 ], [ "R", 27 ], [ "R", 10 ], [ "R", 10 ], [ "R", 12 ], [ "R", 27 ], [ "R", 10 ], [ "R", 10 ], [ "R", 10 ], [ "R", 10 ], [ "R", 10 ], [ "R", 10 ], [ "R", 12 ], [ "R", 27 ], [ "R", 7 ], [ "R", 10 ], [ "R", 10 ], [ "R", 10 ], [ "R", 7 ], [ "R", 7 ], [ "R", 12 ], [ "R", 27 ], [ "R", 7 ], [ "R", 10 ], [ "R", 10 ], [ "R", 10 ], [ "R", 7 ], [ "R", 7 ], [ "R", 10 ], [ "R", 7 ], [ "R", 12 ], [ "R", 27 ], [ "R", 7 ], [ "R", 10 ], [ "R", 10 ], [ "R", 10 ], [ "R", 7 ], [ "R", 7 ], [ "R", 10 ], [ "R", 7 ], [ "R", 12 ], [ "R", 27 ], [ "R", 7 ], [ "R", 10 ], [ "R", 10 ], [ "R", 10 ], [ "R", 7 ], [ "R", 7 ], [ "R", 12 ], [ "R", 27 ], [ "R", 10 ], [ "R", 8 ], [ "R", 8 ], [ "R", 8 ], [ "R", 9 ], [ "R", 10 ], [ "R", 12 ], [ "R", 27 ], [ "R", 10 ], [ "R", 8 ], [ "R", 8 ], [ "R", 8 ], [ "R", 9 ], [ "R", 10 ], [ "R", 8 ], [ "R", 9 ], [ "R", 12 ], [ "R", 27 ], [ "R", 10 ], [ "R", 8 ], [ "R", 8 ], [ "R", 8 ], [ "R", 9 ], [ "R", 10 ], [ "R", 8 ], [ "R", 9 ], [ "R", 12 ], [ "R", 27 ], [ "R", 10 ], [ "R", 8 ], [ "R", 8 ], [ "R", 8 ], [ "R", 9 ], [ "R", 10 ], [ "R", 12 ], [ "R", 27 ], [ "R", 1 ], [ "R", 8 ], [ "R", 8 ], [ "R", 8 ], [ "R", 9 ], [ "R", 1 ], [ "R", 12 ], [ "R", 27 ], [ "R", 1 ], [ "R", 8 ], [ "R", 8 ], [ "R", 8 ], [ "R", 9 ], [ "R", 1 ], [ "R", 8 ], [ "R", 9 ], [ "R", 12 ], [ "R", 27 ], [ "R", 1 ], [ "R", 8 ], [ "R", 8 ], [ "R", 8 ], [ "R", 9 ], [ "R", 1 ], [ "R", 8 ], [ "R", 9 ], [ "R", 12 ], [ "R", 27 ], [ "R", 1 ], [ "R", 8 ], [ "R", 8 ], [ "R", 8 ], [ "R", 9 ], [ "R", 1 ] ]
    } ]
  },
  "AdministratorAdministratorController.edit" : {
    "t" : [ {
      "id" : 0,
      "a" : [ [ "R", 12 ], [ "R", 12 ], [ "R", 3 ], [ "R", 3 ], [ "R", 3 ], [ "R", 27 ], [ "R", 2 ], [ "R", 5 ], [ "R", 2 ], [ "R", 27 ] ]
    } ]
  },
  "SubmissionAdministratorController.assignReviewers" : {
    "t" : [ {
      "id" : 0,
      "a" : [ [ "R", 24 ], [ "R", 12 ], [ "R", 12 ], [ "R", 3 ], [ "R", 3 ], [ "R", 3 ], [ "R", 27 ], [ "R", 24 ], [ "R", 10 ], [ "R", 20 ], [ "R", 10 ], [ "R", 10 ], [ "R", 20 ], [ "W", 24 ], [ "W", 20 ], [ "W", 24 ], [ "R", 24 ] ]
    } ]
  },
  "ConferenceAdministratorController.nDElapsesSoonList" : {
    "t" : [ {
      "id" : 0,
      "a" : [ [ "R", 10 ], [ "R", 10 ], [ "R", 10 ] ]
    } ]
  },
  "CategoryAdministratorController.save" : {
    "t" : [ {
      "id" : 0,
      "a" : [ [ "R", 7 ], [ "R", 12 ], [ "R", 27 ], [ "R", 7 ], [ "R", 7 ], [ "R", 7 ], [ "R", 7 ], [ "R", 7 ], [ "W", 7 ], [ "R", 7 ], [ "R", 7 ] ]
    } ]
  },
  "CameraReadyPaperController.save" : {
    "t" : [ {
      "id" : 0,
      "a" : [ [ "R", 4 ], [ "R", 12 ], [ "R", 12 ], [ "R", 4 ], [ "R", 4 ], [ "R", 4 ], [ "R", 27 ], [ "R", 12 ], [ "R", 24 ], [ "R", 24 ], [ "R", 24 ], [ "R", 4 ], [ "R", 24 ], [ "R", 10 ], [ "R", 24 ], [ "R", 24 ], [ "R", 6 ], [ "R", 6 ], [ "R", 24 ], [ "W", 6 ], [ "W", 6 ], [ "R", 4 ], [ "R", 12 ], [ "R", 12 ], [ "R", 4 ], [ "R", 4 ], [ "R", 4 ], [ "R", 27 ], [ "R", 12 ], [ "R", 24 ], [ "R", 24 ], [ "R", 24 ], [ "R", 4 ], [ "R", 24 ], [ "R", 10 ], [ "R", 24 ], [ "R", 24 ], [ "R", 6 ], [ "R", 6 ], [ "R", 24 ] ]
    } ]
  },
  "SponsorshipSponsorController.edit" : {
    "t" : [ {
      "id" : 0,
      "a" : [ [ "R", 23 ], [ "R", 12 ], [ "R", 12 ], [ "R", 22 ], [ "R", 22 ], [ "R", 22 ], [ "R", 27 ], [ "R", 12 ], [ "R", 23 ], [ "R", 23 ], [ "R", 23 ], [ "R", 22 ], [ "R", 12 ], [ "R", 12 ], [ "R", 22 ], [ "R", 22 ], [ "R", 22 ], [ "R", 27 ], [ "R", 12 ], [ "R", 10 ], [ "R", 10 ], [ "R", 10 ], [ "R", 10 ], [ "R", 10 ], [ "R", 18 ], [ "R", 18 ], [ "R", 10 ], [ "R", 18 ], [ "R", 4 ], [ "R", 11 ], [ "R", 11 ] ]
    } ]
  },
  "ConferenceAdministratorController.search" : {
    "t" : [ {
      "id" : 0,
      "a" : [ [ "R", 10 ], [ "R", 10 ], [ "R", 10 ], [ "R", 10 ], [ "R", 10 ], [ "R", 10 ] ]
    } ]
  },
  "ConferenceController.list" : {
    "t" : [ {
      "id" : 0,
      "a" : [ [ "R", 10 ], [ "R", 10 ], [ "R", 10 ] ]
    } ]
  },
  "SponsorshipSponsorController.show" : {
    "t" : [ {
      "id" : 0,
      "a" : [ [ "R", 23 ], [ "R", 12 ], [ "R", 12 ], [ "R", 22 ], [ "R", 22 ], [ "R", 22 ], [ "R", 27 ], [ "R", 12 ], [ "R", 23 ], [ "R", 23 ], [ "R", 23 ], [ "R", 22 ] ]
    } ]
  },
  "RegistrationAuthorController.list" : {
    "t" : [ {
      "id" : 0,
      "a" : [ [ "R", 12 ], [ "R", 12 ], [ "R", 4 ], [ "R", 4 ], [ "R", 4 ], [ "R", 27 ], [ "R", 12 ], [ "R", 18 ], [ "R", 18 ], [ "R", 18 ], [ "R", 4 ] ]
    } ]
  },
  "ReportReviewerController.save" : {
    "t" : [ {
      "id" : 0,
      "a" : [ [ "R", 12 ], [ "R", 12 ], [ "R", 20 ], [ "R", 20 ], [ "R", 20 ], [ "R", 27 ], [ "R", 24 ], [ "R", 24 ], [ "R", 24 ], [ "R", 24 ], [ "R", 20 ], [ "R", 12 ], [ "R", 19 ], [ "R", 19 ], [ "R", 19 ], [ "R", 20 ], [ "R", 19 ], [ "R", 24 ], [ "R", 12 ], [ "R", 12 ], [ "R", 20 ], [ "R", 20 ], [ "R", 20 ], [ "R", 27 ], [ "R", 12 ], [ "R", 19 ], [ "R", 20 ], [ "R", 12 ], [ "R", 24 ], [ "R", 24 ], [ "R", 24 ], [ "R", 20 ], [ "R", 19 ], [ "R", 24 ], [ "W", 19 ], [ "R", 12 ], [ "R", 12 ], [ "R", 20 ], [ "R", 20 ], [ "R", 20 ], [ "R", 27 ], [ "R", 24 ], [ "R", 24 ], [ "R", 24 ], [ "R", 24 ], [ "R", 20 ], [ "R", 12 ], [ "R", 19 ], [ "R", 19 ], [ "R", 19 ], [ "R", 20 ], [ "R", 19 ], [ "R", 24 ] ]
    } ]
  },
  "SubmissionAuthorController.create" : {
    "t" : [ {
      "id" : 0,
      "a" : [ [ "R", 12 ], [ "R", 12 ], [ "R", 4 ], [ "R", 4 ], [ "R", 4 ], [ "R", 27 ], [ "W", 25 ], [ "W", 4 ], [ "W", 25 ], [ "R", 2 ], [ "R", 2 ], [ "R", 2 ], [ "R", 2 ], [ "R", 2 ], [ "W", 25 ], [ "W", 25 ], [ "R", 4 ], [ "R", 12 ], [ "R", 12 ], [ "R", 4 ], [ "R", 4 ], [ "R", 4 ], [ "R", 27 ], [ "R", 12 ], [ "R", 10 ], [ "R", 10 ], [ "R", 10 ], [ "R", 10 ], [ "R", 10 ], [ "R", 24 ], [ "R", 24 ], [ "R", 10 ], [ "R", 24 ], [ "R", 4 ] ]
    } ]
  },
  "ConferenceAdministratorController.edit" : {
    "t" : [ {
      "id" : 0,
      "a" : [ [ "R", 10 ], [ "R", 10 ], [ "R", 7 ] ]
    } ]
  },
  "CameraReadyPaperAdministratorController.show" : {
    "t" : [ {
      "id" : 0,
      "a" : [ [ "R", 6 ] ]
    } ]
  },
  "ConferenceAdministratorController.show" : {
    "t" : [ {
      "id" : 0,
      "a" : [ [ "R", 23 ], [ "R", 10 ], [ "R", 10 ], [ "R", 12 ], [ "R", 18 ], [ "R", 18 ], [ "R", 18 ], [ "R", 10 ], [ "R", 10 ], [ "R", 12 ], [ "R", 1 ], [ "R", 1 ], [ "R", 1 ], [ "R", 10 ], [ "R", 10 ], [ "R", 12 ], [ "R", 8 ], [ "R", 8 ], [ "R", 8 ], [ "R", 9 ], [ "R", 23 ], [ "R", 23 ], [ "R", 12 ] ]
    } ]
  },
  "ConferenceAdministratorController.organisedSoon" : {
    "t" : [ {
      "id" : 0,
      "a" : [ [ "R", 10 ], [ "R", 10 ], [ "R", 10 ] ]
    } ]
  },
  "ConferenceController.search" : {
    "t" : [ {
      "id" : 0,
      "a" : [ [ "R", 10 ], [ "R", 10 ], [ "R", 10 ], [ "R", 10 ], [ "R", 10 ], [ "R", 10 ], [ "R", 10 ] ]
    } ]
  },
  "FinderAuthorController.save" : {
    "t" : [ {
      "id" : 0,
      "a" : [ [ "R", 12 ], [ "R", 27 ], [ "R", 12 ], [ "R", 12 ], [ "R", 12 ], [ "R", 4 ], [ "R", 4 ], [ "R", 4 ], [ "R", 27 ], [ "R", 4 ], [ "R", 13 ], [ "R", 12 ], [ "R", 12 ], [ "R", 10 ], [ "R", 10 ], [ "R", 10 ], [ "R", 13 ], [ "R", 13 ], [ "R", 13 ], [ "R", 10 ], [ "R", 10 ], [ "R", 10 ], [ "R", 10 ], [ "R", 10 ], [ "R", 10 ], [ "R", 10 ], [ "R", 13 ], [ "R", 13 ], [ "R", 10 ], [ "R", 10 ], [ "R", 10 ], [ "R", 10 ], [ "R", 13 ], [ "R", 13 ], [ "R", 10 ], [ "R", 10 ], [ "R", 10 ], [ "R", 10 ], [ "R", 13 ], [ "R", 7 ], [ "R", 13 ], [ "R", 7 ], [ "R", 10 ], [ "R", 10 ], [ "R", 10 ], [ "R", 7 ], [ "R", 10 ], [ "R", 13 ], [ "R", 13 ], [ "R", 10 ], [ "R", 10 ], [ "R", 10 ], [ "R", 10 ], [ "W", 13 ], [ "W", 10 ], [ "W", 13 ], [ "R", 7 ], [ "R", 7 ] ]
    } ]
  },
  "CategoryAdministratorController.list" : {
    "t" : [ {
      "id" : 0,
      "a" : [ [ "R", 7 ] ]
    } ]
  },
  "SectionAdministratorController.edit" : {
    "t" : [ {
      "id" : 0,
      "a" : [ [ "R", 21 ] ]
    } ]
  },
  "MessageController.listNotification" : {
    "t" : [ {
      "id" : 0,
      "a" : [ [ "R", 12 ], [ "R", 12 ], [ "R", 12 ], [ "R", 2 ], [ "R", 2 ], [ "R", 2 ], [ "R", 27 ], [ "R", 2 ], [ "R", 5 ], [ "R", 5 ], [ "R", 5 ], [ "R", 14 ] ]
    } ]
  },
  "RegistrationAdministratorController.list" : {
    "t" : [ {
      "id" : 0,
      "a" : [ [ "R", 18 ], [ "R", 18 ], [ "R", 18 ], [ "R", 10 ] ]
    } ]
  },
  "SubmissionAuthorController.save" : {
    "t" : [ {
      "id" : 0,
      "a" : [ [ "R", 4 ], [ "R", 12 ], [ "R", 12 ], [ "R", 4 ], [ "R", 4 ], [ "R", 4 ], [ "R", 27 ], [ "R", 12 ], [ "R", 10 ], [ "R", 10 ], [ "R", 10 ], [ "R", 10 ], [ "R", 10 ], [ "R", 24 ], [ "R", 24 ], [ "R", 10 ], [ "R", 24 ], [ "R", 4 ], [ "R", 25 ], [ "R", 10 ], [ "R", 12 ], [ "R", 12 ], [ "R", 4 ], [ "R", 4 ], [ "R", 4 ], [ "R", 27 ], [ "W", 24 ], [ "W", 4 ], [ "R", 25 ], [ "W", 24 ], [ "R", 25 ], [ "W", 24 ], [ "R", 25 ], [ "W", 24 ], [ "R", 25 ], [ "R", 10 ], [ "W", 24 ], [ "W", 10 ], [ "R", 25 ], [ "W", 16 ], [ "R", 25 ], [ "W", 16 ], [ "R", 25 ], [ "W", 16 ], [ "R", 25 ], [ "W", 16 ], [ "W", 16 ], [ "W", 24 ], [ "W", 16 ], [ "W", 24 ], [ "R", 4 ], [ "R", 12 ], [ "R", 12 ], [ "R", 4 ], [ "R", 4 ], [ "R", 4 ], [ "R", 27 ], [ "R", 12 ], [ "R", 10 ], [ "R", 10 ], [ "R", 10 ], [ "R", 10 ], [ "R", 10 ], [ "R", 24 ], [ "R", 24 ], [ "R", 10 ], [ "R", 24 ], [ "R", 4 ], [ "R", 4 ], [ "R", 12 ], [ "R", 12 ], [ "R", 4 ], [ "R", 4 ], [ "R", 4 ], [ "R", 27 ], [ "R", 12 ], [ "R", 10 ], [ "R", 10 ], [ "R", 10 ], [ "R", 10 ], [ "R", 10 ], [ "R", 24 ], [ "R", 24 ], [ "R", 10 ], [ "R", 24 ], [ "R", 4 ] ]
    } ]
  },
  "ReviewerReviewerController.save" : {
    "t" : [ {
      "id" : 0,
      "a" : [ [ "R", 2 ], [ "R", 2 ], [ "R", 2 ], [ "R", 2 ], [ "R", 2 ], [ "R", 11 ], [ "R", 11 ], [ "W", 2 ], [ "R", 12 ], [ "W", 5 ], [ "W", 5 ], [ "W", 5 ], [ "W", 5 ], [ "W", 2 ], [ "W", 5 ], [ "R", 2 ], [ "R", 27 ], [ "R", 27 ], [ "R", 2 ], [ "R", 27 ], [ "W", 27 ], [ "W", 2 ], [ "W", 27 ], [ "W", 20 ], [ "W", 20 ], [ "R", 2 ], [ "R", 5 ], [ "R", 2 ], [ "R", 5 ], [ "R", 2 ], [ "R", 5 ], [ "R", 2 ], [ "R", 5 ] ]
    } ]
  },
  "RegistrationController.show" : {
    "t" : [ {
      "id" : 0,
      "a" : [ [ "R", 18 ], [ "R", 12 ], [ "R", 12 ], [ "R", 12 ], [ "R", 2 ], [ "R", 2 ], [ "R", 2 ], [ "R", 27 ], [ "R", 12 ], [ "R", 18 ], [ "R", 4 ], [ "R", 12 ] ]
    } ]
  },
  "ActivityAdministratorController.create" : {
    "t" : [ {
      "id" : 0,
      "a" : [ [ "W", 12 ], [ "R", 10 ], [ "W", 1 ], [ "W", 10 ], [ "W", 12 ], [ "R", 10 ], [ "W", 1 ], [ "W", 10 ] ]
    } ]
  },
  "ConferenceAdministratorController.pastList" : {
    "t" : [ {
      "id" : 0,
      "a" : [ [ "R", 10 ], [ "R", 10 ], [ "R", 10 ] ]
    } ]
  },
  "ReportReviewerController.list" : {
    "t" : [ {
      "id" : 0,
      "a" : [ [ "R", 12 ], [ "R", 12 ], [ "R", 20 ], [ "R", 20 ], [ "R", 20 ], [ "R", 27 ], [ "R", 12 ], [ "R", 19 ], [ "R", 19 ], [ "R", 19 ], [ "R", 20 ] ]
    } ]
  },
  "ReportReviewerController.create2" : {
    "t" : [ {
      "id" : 0,
      "a" : [ [ "R", 12 ], [ "R", 12 ], [ "R", 20 ], [ "R", 20 ], [ "R", 20 ], [ "R", 27 ], [ "W", 19 ], [ "W", 20 ], [ "R", 12 ], [ "R", 12 ], [ "R", 20 ], [ "R", 20 ], [ "R", 20 ], [ "R", 27 ], [ "R", 24 ], [ "R", 24 ], [ "R", 24 ], [ "R", 24 ], [ "R", 20 ], [ "R", 12 ], [ "R", 19 ], [ "R", 19 ], [ "R", 19 ], [ "R", 20 ], [ "R", 19 ], [ "R", 24 ] ]
    } ]
  },
  "SubmissionController.show" : {
    "t" : [ {
      "id" : 0,
      "a" : [ [ "R", 24 ], [ "R", 12 ], [ "R", 12 ], [ "R", 12 ], [ "R", 2 ], [ "R", 2 ], [ "R", 2 ], [ "R", 27 ], [ "R", 12 ], [ "R", 24 ], [ "R", 4 ], [ "R", 12 ], [ "R", 12 ], [ "R", 12 ], [ "R", 12 ], [ "R", 2 ], [ "R", 2 ], [ "R", 2 ], [ "R", 27 ], [ "R", 24 ], [ "R", 20 ] ]
    } ]
  },
  "ConferenceAdministratorController.forthCommingList" : {
    "t" : [ {
      "id" : 0,
      "a" : [ [ "R", 10 ], [ "R", 10 ], [ "R", 10 ] ]
    } ]
  },
  "CommentController.createByReportId" : {
    "t" : [ {
      "id" : 0,
      "a" : [ [ "R", 12 ], [ "R", 12 ], [ "R", 4 ], [ "R", 4 ], [ "R", 4 ], [ "R", 27 ], [ "W", 8 ], [ "W", 2 ], [ "R", 12 ], [ "R", 12 ], [ "R", 3 ], [ "R", 3 ], [ "R", 3 ], [ "R", 27 ], [ "W", 8 ], [ "W", 2 ], [ "R", 12 ], [ "R", 12 ], [ "R", 20 ], [ "R", 20 ], [ "R", 20 ], [ "R", 27 ], [ "W", 8 ], [ "W", 2 ], [ "R", 12 ], [ "R", 12 ], [ "R", 22 ], [ "R", 22 ], [ "R", 22 ], [ "R", 27 ], [ "W", 8 ], [ "W", 2 ], [ "W", 8 ], [ "W", 12 ], [ "R", 10 ], [ "W", 8 ], [ "W", 9 ], [ "R", 10 ], [ "R", 15 ], [ "R", 15 ], [ "R", 15 ], [ "R", 17 ], [ "R", 17 ], [ "R", 17 ], [ "R", 26 ], [ "R", 26 ], [ "R", 26 ], [ "R", 17 ], [ "R", 26 ], [ "R", 15 ], [ "W", 8 ], [ "W", 9 ], [ "R", 1 ], [ "R", 10 ], [ "R", 10 ], [ "R", 19 ], [ "R", 19 ], [ "R", 24 ], [ "R", 24 ], [ "R", 12 ], [ "R", 12 ], [ "R", 4 ], [ "R", 4 ], [ "R", 4 ], [ "R", 27 ], [ "R", 12 ], [ "R", 19 ], [ "R", 24 ], [ "R", 24 ], [ "R", 4 ], [ "R", 12 ], [ "W", 8 ], [ "W", 9 ], [ "R", 19 ], [ "R", 24 ], [ "R", 24 ], [ "R", 10 ], [ "R", 10 ], [ "R", 19 ], [ "R", 20 ], [ "R", 12 ], [ "R", 12 ], [ "R", 12 ], [ "R", 20 ], [ "R", 20 ], [ "R", 20 ], [ "R", 27 ], [ "R", 12 ] ]
    } ]
  },
  "ConferenceController.pastList" : {
    "t" : [ {
      "id" : 0,
      "a" : [ [ "R", 10 ], [ "R", 10 ], [ "R", 10 ], [ "R", 10 ] ]
    } ]
  },
  "ActivityAdministratorController.save" : {
    "t" : [ {
      "id" : 0,
      "a" : [ [ "R", 1 ], [ "R", 1 ], [ "R", 12 ], [ "R", 1 ], [ "R", 1 ], [ "W", 1 ], [ "R", 12 ], [ "R", 26 ], [ "R", 1 ], [ "R", 1 ], [ "R", 1 ], [ "R", 10 ], [ "W", 1 ], [ "W", 10 ], [ "R", 12 ], [ "W", 12 ], [ "R", 12 ], [ "W", 12 ], [ "W", 1 ], [ "R", 1 ], [ "R", 10 ], [ "R", 10 ], [ "R", 1 ], [ "R", 1 ], [ "R", 10 ], [ "R", 10 ], [ "R", 1 ], [ "R", 1 ], [ "R", 10 ], [ "R", 10 ], [ "R", 1 ], [ "R", 1 ], [ "R", 10 ], [ "R", 10 ], [ "R", 1 ], [ "R", 10 ], [ "R", 10 ], [ "R", 1 ], [ "R", 1 ], [ "R", 10 ], [ "R", 10 ], [ "R", 1 ], [ "R", 1 ], [ "R", 10 ], [ "R", 10 ], [ "R", 1 ], [ "R", 1 ], [ "R", 10 ], [ "R", 10 ], [ "R", 1 ], [ "R", 1 ], [ "R", 10 ], [ "R", 10 ], [ "R", 1 ], [ "R", 10 ], [ "R", 10 ], [ "W", 26 ], [ "R", 1 ], [ "R", 10 ], [ "R", 12 ] ]
    } ]
  },
  "SubmissionAuthorController.list" : {
    "t" : [ {
      "id" : 0,
      "a" : [ [ "R", 12 ], [ "R", 12 ], [ "R", 4 ], [ "R", 4 ], [ "R", 4 ], [ "R", 27 ], [ "R", 12 ], [ "R", 24 ], [ "R", 24 ], [ "R", 24 ], [ "R", 4 ] ]
    } ]
  },
  "AuthorController.save" : {
    "t" : [ {
      "id" : 0,
      "a" : [ [ "R", 2 ], [ "R", 2 ], [ "R", 2 ], [ "R", 2 ], [ "R", 2 ], [ "R", 27 ], [ "R", 27 ], [ "R", 2 ], [ "R", 2 ], [ "R", 2 ], [ "R", 27 ], [ "R", 2 ], [ "R", 11 ], [ "R", 11 ], [ "W", 2 ], [ "R", 12 ], [ "W", 5 ], [ "W", 5 ], [ "W", 5 ], [ "W", 5 ], [ "W", 2 ], [ "W", 5 ], [ "R", 2 ], [ "R", 27 ], [ "R", 27 ], [ "R", 2 ], [ "R", 27 ], [ "W", 27 ], [ "W", 2 ], [ "W", 27 ], [ "W", 13 ], [ "W", 4 ], [ "W", 13 ], [ "W", 4 ], [ "W", 4 ] ]
    } ]
  },
  "SponsorshipSponsorController.create" : {
    "t" : [ {
      "id" : 0,
      "a" : [ [ "R", 12 ], [ "R", 12 ], [ "R", 22 ], [ "R", 22 ], [ "R", 22 ], [ "R", 27 ], [ "W", 23 ], [ "W", 22 ], [ "R", 12 ], [ "R", 12 ], [ "R", 22 ], [ "R", 22 ], [ "R", 22 ], [ "R", 27 ], [ "R", 12 ], [ "R", 10 ], [ "R", 10 ], [ "R", 10 ], [ "R", 10 ], [ "R", 10 ], [ "R", 18 ], [ "R", 18 ], [ "R", 10 ], [ "R", 18 ], [ "R", 4 ], [ "R", 11 ], [ "R", 11 ] ]
    } ]
  },
  "MessageController.delete" : {
    "t" : [ {
      "id" : 0,
      "a" : [ [ "R", 12 ], [ "R", 14 ], [ "R", 12 ], [ "R", 12 ], [ "R", 14 ], [ "R", 12 ], [ "R", 12 ], [ "R", 12 ], [ "R", 2 ], [ "R", 2 ], [ "R", 2 ], [ "R", 27 ], [ "R", 2 ], [ "R", 5 ], [ "R", 5 ], [ "R", 14 ], [ "R", 2 ], [ "R", 12 ], [ "R", 12 ], [ "R", 5 ], [ "R", 14 ], [ "R", 5 ], [ "R", 14 ], [ "R", 2 ], [ "R", 12 ], [ "R", 12 ], [ "R", 5 ], [ "R", 14 ], [ "R", 5 ], [ "R", 14 ], [ "R", 2 ], [ "R", 12 ], [ "R", 12 ], [ "R", 5 ], [ "R", 14 ], [ "R", 5 ], [ "R", 14 ], [ "R", 12 ], [ "R", 12 ], [ "R", 12 ], [ "R", 2 ], [ "R", 2 ], [ "R", 2 ], [ "R", 27 ], [ "W", 5 ], [ "R", 2 ], [ "R", 5 ], [ "R", 2 ], [ "R", 5 ], [ "W", 2 ], [ "W", 5 ], [ "R", 2 ], [ "R", 5 ], [ "R", 5 ], [ "R", 5 ], [ "R", 2 ] ]
    } ]
  },
  "CameraReadyPaperController.create" : {
    "t" : [ {
      "id" : 0,
      "a" : [ [ "R", 4 ], [ "R", 12 ], [ "R", 12 ], [ "R", 4 ], [ "R", 4 ], [ "R", 4 ], [ "R", 27 ], [ "R", 12 ], [ "R", 24 ], [ "R", 24 ], [ "R", 24 ], [ "R", 4 ], [ "R", 24 ], [ "R", 10 ], [ "R", 24 ], [ "R", 24 ], [ "R", 6 ], [ "R", 6 ], [ "R", 24 ] ]
    } ]
  },
  "CommentController.createByActivityId" : {
    "t" : [ {
      "id" : 0,
      "a" : [ [ "R", 12 ], [ "R", 12 ], [ "R", 4 ], [ "R", 4 ], [ "R", 4 ], [ "R", 27 ], [ "W", 8 ], [ "W", 2 ], [ "R", 12 ], [ "R", 12 ], [ "R", 3 ], [ "R", 3 ], [ "R", 3 ], [ "R", 27 ], [ "W", 8 ], [ "W", 2 ], [ "R", 12 ], [ "R", 12 ], [ "R", 20 ], [ "R", 20 ], [ "R", 20 ], [ "R", 27 ], [ "W", 8 ], [ "W", 2 ], [ "R", 12 ], [ "R", 12 ], [ "R", 22 ], [ "R", 22 ], [ "R", 22 ], [ "R", 27 ], [ "W", 8 ], [ "W", 2 ], [ "W", 8 ], [ "W", 12 ], [ "R", 10 ], [ "W", 8 ], [ "W", 9 ], [ "R", 10 ], [ "R", 15 ], [ "R", 15 ], [ "R", 15 ], [ "R", 17 ], [ "R", 17 ], [ "R", 17 ], [ "R", 26 ], [ "R", 26 ], [ "R", 26 ], [ "R", 17 ], [ "R", 26 ], [ "R", 15 ], [ "W", 8 ], [ "W", 9 ], [ "R", 1 ], [ "R", 10 ], [ "R", 10 ], [ "R", 19 ], [ "R", 19 ], [ "R", 24 ], [ "R", 24 ], [ "R", 12 ], [ "R", 12 ], [ "R", 4 ], [ "R", 4 ], [ "R", 4 ], [ "R", 27 ], [ "R", 12 ], [ "R", 19 ], [ "R", 24 ], [ "R", 24 ], [ "R", 4 ], [ "R", 12 ], [ "W", 8 ], [ "W", 9 ], [ "R", 19 ], [ "R", 24 ], [ "R", 24 ], [ "R", 10 ], [ "R", 10 ], [ "R", 19 ], [ "R", 20 ], [ "R", 12 ], [ "R", 12 ], [ "R", 12 ], [ "R", 20 ], [ "R", 20 ], [ "R", 20 ], [ "R", 27 ], [ "R", 12 ] ]
    } ]
  },
  "ActivityAdministratorController.createP" : {
    "t" : [ {
      "id" : 0,
      "a" : [ [ "W", 12 ], [ "R", 10 ], [ "W", 1 ], [ "W", 10 ], [ "R", 6 ], [ "W", 17 ], [ "W", 6 ] ]
    } ]
  },
  "SponsorSponsorController.save" : {
    "t" : [ {
      "id" : 0,
      "a" : [ [ "R", 2 ], [ "R", 2 ], [ "R", 2 ], [ "R", 2 ], [ "R", 2 ], [ "R", 11 ], [ "R", 11 ], [ "W", 2 ], [ "R", 12 ], [ "W", 5 ], [ "W", 5 ], [ "W", 5 ], [ "W", 5 ], [ "W", 2 ], [ "W", 5 ], [ "R", 2 ], [ "R", 27 ], [ "R", 27 ], [ "R", 2 ], [ "R", 27 ], [ "W", 27 ], [ "W", 2 ], [ "W", 27 ], [ "W", 22 ], [ "W", 22 ], [ "R", 2 ], [ "R", 5 ], [ "R", 2 ], [ "R", 5 ], [ "R", 2 ], [ "R", 5 ], [ "R", 2 ], [ "R", 5 ] ]
    } ]
  },
  "SectionAdministratorController.delete" : {
    "t" : [ {
      "id" : 0,
      "a" : [ [ "R", 12 ], [ "R", 21 ], [ "R", 21 ], [ "R", 26 ], [ "R", 1 ], [ "R", 10 ], [ "R", 10 ], [ "R", 21 ], [ "R", 26 ], [ "R", 1 ], [ "R", 10 ], [ "R", 10 ], [ "W", 21 ], [ "R", 21 ], [ "R", 26 ], [ "R", 1 ], [ "R", 10 ], [ "R", 12 ] ]
    } ]
  },
  "ActivityAdministratorController.list" : {
    "t" : [ {
      "id" : 0,
      "a" : [ [ "R", 1 ] ]
    } ]
  },
  "AuthorAdministratorController.show" : {
    "t" : [ {
      "id" : 0,
      "a" : [ [ "R", 4 ], [ "R", 2 ], [ "R", 2 ], [ "R", 2 ], [ "R", 2 ], [ "R", 2 ], [ "R", 2 ], [ "R", 2 ], [ "R", 4 ] ]
    } ]
  },
  "AdministratorAdministratorController.saveCreate" : {
    "t" : [ {
      "id" : 0,
      "a" : [ [ "R", 2 ], [ "R", 2 ], [ "R", 2 ], [ "R", 2 ], [ "R", 2 ], [ "R", 2 ], [ "R", 2 ], [ "R", 27 ], [ "R", 27 ], [ "R", 2 ], [ "R", 2 ], [ "R", 2 ], [ "R", 27 ], [ "R", 2 ], [ "R", 11 ], [ "R", 11 ], [ "W", 2 ], [ "R", 12 ], [ "R", 12 ], [ "R", 12 ], [ "R", 3 ], [ "R", 3 ], [ "R", 3 ], [ "R", 27 ], [ "R", 12 ], [ "R", 12 ], [ "W", 5 ], [ "W", 5 ], [ "W", 5 ], [ "W", 5 ], [ "W", 2 ], [ "W", 5 ], [ "R", 2 ], [ "R", 27 ], [ "R", 27 ], [ "R", 2 ], [ "R", 27 ], [ "W", 27 ], [ "W", 2 ], [ "W", 27 ], [ "W", 3 ], [ "W", 3 ] ]
    } ]
  },
  "ReportAuthorController.list" : {
    "t" : [ {
      "id" : 0,
      "a" : [ [ "R", 24 ], [ "R", 24 ], [ "R", 4 ], [ "R", 12 ], [ "R", 12 ], [ "R", 12 ], [ "R", 4 ], [ "R", 4 ], [ "R", 4 ], [ "R", 27 ], [ "R", 12 ], [ "R", 19 ], [ "R", 19 ], [ "R", 19 ], [ "R", 24 ], [ "R", 19 ], [ "R", 24 ] ]
    } ]
  },
  "SubmissionAdministratorController.save" : {
    "t" : [ {
      "id" : 0,
      "a" : [ [ "R", 20 ], [ "R", 24 ], [ "R", 20 ], [ "R", 24 ], [ "R", 20 ], [ "R", 24 ], [ "R", 10 ], [ "W", 24 ], [ "R", 20 ] ]
    } ]
  },
  "ConferenceAdministratorController.sdElapsedList" : {
    "t" : [ {
      "id" : 0,
      "a" : [ [ "R", 10 ], [ "R", 10 ], [ "R", 10 ] ]
    } ]
  },
  "SubmissionAdministratorController.list" : {
    "t" : [ {
      "id" : 0,
      "a" : [ [ "R", 24 ] ]
    } ]
  },
  "AuthorAdministratorController.procedure" : {
    "t" : [ {
      "id" : 0,
      "a" : [ [ "R", 4 ], [ "R", 12 ], [ "R", 12 ], [ "R", 3 ], [ "R", 3 ], [ "R", 3 ], [ "R", 27 ], [ "R", 10 ], [ "R", 10 ], [ "R", 10 ], [ "R", 10 ], [ "R", 10 ], [ "R", 10 ], [ "R", 11 ], [ "R", 11 ], [ "R", 11 ], [ "R", 11 ], [ "R", 11 ], [ "R", 11 ], [ "R", 4 ], [ "W", 4 ], [ "R", 12 ], [ "R", 6 ], [ "R", 6 ], [ "R", 6 ], [ "R", 24 ], [ "R", 4 ], [ "R", 6 ], [ "R", 6 ], [ "W", 4 ], [ "R", 4 ], [ "W", 4 ] ]
    } ]
  },
  "ActivityController.show" : {
    "t" : [ {
      "id" : 0,
      "a" : [ [ "R", 15 ], [ "R", 15 ], [ "R", 15 ], [ "R", 17 ], [ "R", 17 ], [ "R", 17 ], [ "R", 26 ], [ "R", 26 ], [ "R", 26 ], [ "R", 17 ], [ "R", 17 ], [ "R", 17 ], [ "R", 1 ], [ "R", 10 ], [ "R", 10 ], [ "R", 12 ], [ "R", 8 ], [ "R", 8 ], [ "R", 8 ], [ "R", 9 ], [ "R", 12 ], [ "R", 8 ], [ "R", 8 ], [ "R", 8 ], [ "R", 9 ], [ "R", 1 ], [ "R", 10 ], [ "R", 10 ], [ "R", 26 ], [ "R", 26 ], [ "R", 26 ], [ "R", 1 ], [ "R", 10 ], [ "R", 10 ], [ "R", 12 ], [ "R", 21 ], [ "R", 21 ], [ "R", 21 ], [ "R", 26 ], [ "R", 1 ], [ "R", 10 ], [ "R", 10 ], [ "R", 12 ], [ "R", 8 ], [ "R", 8 ], [ "R", 8 ], [ "R", 9 ], [ "R", 12 ], [ "R", 8 ], [ "R", 8 ], [ "R", 8 ], [ "R", 9 ], [ "R", 1 ], [ "R", 10 ], [ "R", 10 ], [ "R", 15 ], [ "R", 15 ], [ "R", 15 ], [ "R", 1 ], [ "R", 10 ], [ "R", 10 ], [ "R", 12 ], [ "R", 8 ], [ "R", 8 ], [ "R", 8 ], [ "R", 9 ], [ "R", 12 ], [ "R", 8 ], [ "R", 8 ], [ "R", 8 ], [ "R", 9 ], [ "R", 1 ], [ "R", 10 ], [ "R", 10 ], [ "R", 12 ], [ "R", 12 ], [ "R", 12 ] ]
    } ]
  },
  "MessageController.send" : {
    "t" : [ {
      "id" : 0,
      "a" : [ [ "R", 12 ], [ "R", 12 ], [ "R", 12 ], [ "R", 12 ], [ "R", 2 ], [ "R", 2 ], [ "R", 2 ], [ "R", 27 ], [ "R", 14 ], [ "R", 14 ], [ "R", 14 ], [ "R", 2 ], [ "R", 14 ], [ "R", 2 ], [ "R", 14 ], [ "R", 14 ], [ "R", 14 ], [ "R", 14 ], [ "R", 2 ], [ "R", 12 ], [ "R", 12 ], [ "R", 12 ], [ "R", 2 ], [ "R", 2 ], [ "R", 2 ], [ "R", 27 ], [ "R", 11 ], [ "R", 11 ], [ "R", 11 ], [ "R", 2 ], [ "R", 12 ], [ "R", 12 ], [ "R", 12 ], [ "R", 2 ], [ "R", 2 ], [ "R", 2 ], [ "R", 27 ], [ "R", 11 ], [ "R", 11 ], [ "R", 11 ], [ "R", 2 ], [ "R", 12 ], [ "R", 12 ], [ "R", 12 ], [ "R", 2 ], [ "R", 2 ], [ "R", 2 ], [ "R", 27 ], [ "R", 11 ], [ "R", 11 ], [ "R", 11 ], [ "R", 14 ], [ "R", 2 ], [ "R", 2 ], [ "R", 12 ], [ "R", 12 ], [ "R", 12 ], [ "R", 2 ], [ "R", 2 ], [ "R", 2 ], [ "R", 27 ], [ "R", 11 ], [ "R", 11 ], [ "R", 11 ], [ "R", 2 ], [ "R", 5 ], [ "R", 12 ], [ "W", 14 ], [ "R", 12 ], [ "R", 12 ], [ "R", 12 ], [ "R", 2 ], [ "R", 2 ], [ "R", 2 ], [ "R", 27 ], [ "W", 14 ], [ "R", 2 ], [ "R", 5 ], [ "R", 5 ], [ "R", 5 ], [ "R", 14 ], [ "W", 5 ], [ "W", 14 ], [ "R", 14 ], [ "R", 2 ], [ "R", 2 ], [ "R", 5 ], [ "R", 5 ], [ "R", 5 ], [ "R", 14 ], [ "W", 5 ], [ "W", 14 ], [ "R", 2 ], [ "R", 12 ], [ "R", 12 ], [ "R", 12 ], [ "R", 2 ], [ "R", 2 ], [ "R", 2 ], [ "R", 27 ], [ "R", 11 ], [ "R", 11 ], [ "R", 11 ] ]
    } ]
  },
  "ConferenceController.show" : {
    "t" : [ {
      "id" : 0,
      "a" : [ [ "R", 23 ], [ "R", 10 ], [ "R", 10 ], [ "R", 12 ], [ "R", 18 ], [ "R", 18 ], [ "R", 18 ], [ "R", 10 ], [ "R", 10 ], [ "R", 12 ], [ "R", 1 ], [ "R", 1 ], [ "R", 1 ], [ "R", 10 ], [ "R", 10 ], [ "R", 12 ], [ "R", 8 ], [ "R", 8 ], [ "R", 8 ], [ "R", 9 ], [ "R", 10 ], [ "R", 23 ], [ "R", 23 ], [ "R", 12 ] ]
    } ]
  },
  "ReviewerController.edit" : {
    "t" : [ {
      "id" : 0,
      "a" : [ [ "W", 27 ], [ "R", 27 ], [ "R", 27 ], [ "W", 2 ], [ "W", 27 ], [ "W", 2 ], [ "W", 2 ], [ "W", 2 ], [ "W", 2 ], [ "W", 2 ], [ "W", 2 ] ]
    } ]
  },
  "SubmissionAdministratorController.procedure" : {
    "t" : [ {
      "id" : 0,
      "a" : [ [ "R", 10 ], [ "R", 10 ], [ "R", 12 ], [ "R", 12 ], [ "R", 3 ], [ "R", 3 ], [ "R", 3 ], [ "R", 27 ], [ "R", 19 ], [ "R", 19 ], [ "R", 24 ], [ "R", 19 ], [ "R", 24 ], [ "R", 19 ], [ "R", 24 ], [ "R", 10 ], [ "R", 10 ], [ "R", 19 ], [ "R", 19 ], [ "R", 24 ], [ "R", 19 ], [ "R", 24 ], [ "R", 19 ], [ "R", 24 ], [ "R", 10 ], [ "R", 12 ], [ "R", 19 ], [ "R", 19 ], [ "R", 19 ], [ "R", 24 ], [ "R", 19 ], [ "R", 19 ], [ "R", 19 ], [ "W", 24 ], [ "R", 24 ], [ "R", 24 ], [ "R", 24 ], [ "R", 24 ], [ "R", 24 ], [ "W", 14 ], [ "W", 12 ], [ "W", 14 ], [ "R", 24 ], [ "R", 4 ], [ "W", 14 ], [ "W", 2 ], [ "R", 12 ], [ "R", 12 ], [ "R", 3 ], [ "R", 3 ], [ "R", 3 ], [ "R", 27 ], [ "W", 14 ], [ "W", 2 ], [ "W", 14 ], [ "W", 14 ], [ "W", 14 ], [ "R", 24 ], [ "R", 4 ], [ "R", 2 ], [ "R", 5 ], [ "R", 5 ], [ "R", 5 ], [ "R", 14 ], [ "W", 5 ], [ "W", 14 ], [ "R", 12 ], [ "R", 12 ], [ "R", 12 ], [ "R", 2 ], [ "R", 2 ], [ "R", 2 ], [ "R", 27 ], [ "R", 2 ], [ "R", 5 ], [ "W", 5 ], [ "R", 12 ], [ "R", 12 ], [ "R", 3 ], [ "R", 3 ], [ "R", 3 ], [ "R", 27 ], [ "R", 2 ], [ "R", 5 ], [ "R", 5 ], [ "R", 5 ], [ "R", 14 ], [ "W", 5 ], [ "W", 14 ], [ "R", 12 ], [ "R", 12 ], [ "R", 12 ], [ "R", 2 ], [ "R", 2 ], [ "R", 2 ], [ "R", 27 ], [ "R", 2 ], [ "R", 5 ], [ "W", 5 ], [ "W", 24 ], [ "R", 24 ], [ "R", 24 ], [ "R", 24 ], [ "R", 24 ], [ "R", 24 ], [ "W", 14 ], [ "W", 12 ], [ "W", 14 ], [ "R", 24 ], [ "R", 4 ], [ "W", 14 ], [ "W", 2 ], [ "R", 12 ], [ "R", 12 ], [ "R", 3 ], [ "R", 3 ], [ "R", 3 ], [ "R", 27 ], [ "W", 14 ], [ "W", 2 ], [ "W", 14 ], [ "W", 14 ], [ "W", 14 ], [ "R", 24 ], [ "R", 4 ], [ "R", 2 ], [ "R", 5 ], [ "R", 5 ], [ "R", 5 ], [ "R", 14 ], [ "W", 5 ], [ "W", 14 ], [ "R", 12 ], [ "R", 12 ], [ "R", 12 ], [ "R", 2 ], [ "R", 2 ], [ "R", 2 ], [ "R", 27 ], [ "R", 2 ], [ "R", 5 ], [ "W", 5 ], [ "R", 12 ], [ "R", 12 ], [ "R", 3 ], [ "R", 3 ], [ "R", 3 ], [ "R", 27 ], [ "R", 2 ], [ "R", 5 ], [ "R", 5 ], [ "R", 5 ], [ "R", 14 ], [ "W", 5 ], [ "W", 14 ], [ "R", 12 ], [ "R", 12 ], [ "R", 12 ], [ "R", 2 ], [ "R", 2 ], [ "R", 2 ], [ "R", 27 ], [ "R", 2 ], [ "R", 5 ], [ "W", 5 ], [ "W", 24 ], [ "W", 24 ], [ "R", 24 ], [ "R", 10 ] ]
    } ]
  },
  "RegistrationAuthorController.create" : {
    "t" : [ {
      "id" : 0,
      "a" : [ [ "R", 12 ], [ "R", 12 ], [ "R", 4 ], [ "R", 4 ], [ "R", 4 ], [ "R", 27 ], [ "W", 18 ], [ "W", 4 ], [ "R", 12 ], [ "R", 12 ], [ "R", 4 ], [ "R", 4 ], [ "R", 4 ], [ "R", 27 ], [ "R", 12 ], [ "R", 10 ], [ "R", 10 ], [ "R", 10 ], [ "R", 10 ], [ "R", 10 ], [ "R", 18 ], [ "R", 18 ], [ "R", 10 ], [ "R", 18 ], [ "R", 4 ], [ "R", 11 ], [ "R", 11 ] ]
    } ]
  },
  "MessageController.listOut" : {
    "t" : [ {
      "id" : 0,
      "a" : [ [ "R", 12 ], [ "R", 12 ], [ "R", 12 ], [ "R", 2 ], [ "R", 2 ], [ "R", 2 ], [ "R", 27 ], [ "R", 2 ], [ "R", 5 ], [ "R", 5 ], [ "R", 5 ], [ "R", 14 ] ]
    } ]
  },
  "MessageController.sendBroadcast" : {
    "t" : [ {
      "id" : 0,
      "a" : [ [ "R", 12 ], [ "R", 12 ], [ "R", 12 ], [ "R", 2 ], [ "R", 2 ], [ "R", 2 ], [ "R", 27 ], [ "R", 14 ], [ "R", 14 ], [ "R", 14 ], [ "R", 14 ], [ "R", 14 ], [ "R", 14 ], [ "R", 11 ], [ "R", 11 ], [ "R", 11 ], [ "R", 10 ], [ "R", 10 ], [ "R", 10 ], [ "R", 24 ], [ "R", 24 ], [ "R", 10 ], [ "R", 10 ], [ "R", 10 ], [ "R", 10 ], [ "R", 18 ], [ "R", 18 ], [ "R", 10 ], [ "R", 11 ], [ "R", 11 ], [ "R", 11 ], [ "R", 10 ], [ "R", 10 ], [ "R", 10 ], [ "R", 24 ], [ "R", 24 ], [ "R", 10 ], [ "R", 10 ], [ "R", 10 ], [ "R", 10 ], [ "R", 18 ], [ "R", 18 ], [ "R", 10 ], [ "R", 11 ], [ "R", 11 ], [ "R", 11 ], [ "R", 10 ], [ "R", 10 ], [ "R", 10 ], [ "R", 24 ], [ "R", 24 ], [ "R", 10 ], [ "R", 10 ], [ "R", 10 ], [ "R", 10 ], [ "R", 18 ], [ "R", 18 ], [ "R", 10 ], [ "W", 14 ], [ "W", 14 ], [ "R", 12 ], [ "R", 24 ], [ "R", 24 ], [ "R", 4 ], [ "R", 24 ], [ "R", 10 ], [ "R", 12 ], [ "R", 18 ], [ "R", 18 ], [ "R", 4 ], [ "R", 18 ], [ "R", 10 ], [ "R", 4 ], [ "R", 4 ], [ "R", 2 ], [ "W", 14 ], [ "W", 2 ], [ "R", 12 ], [ "R", 12 ], [ "R", 12 ], [ "R", 2 ], [ "R", 2 ], [ "R", 2 ], [ "R", 27 ], [ "W", 14 ], [ "R", 2 ], [ "R", 5 ], [ "R", 5 ], [ "R", 5 ], [ "R", 14 ], [ "W", 5 ], [ "W", 14 ], [ "R", 14 ], [ "R", 2 ], [ "R", 2 ], [ "R", 5 ], [ "R", 5 ], [ "R", 5 ], [ "R", 14 ], [ "W", 5 ], [ "W", 14 ], [ "R", 11 ], [ "R", 11 ], [ "R", 11 ], [ "R", 10 ], [ "R", 10 ], [ "R", 10 ], [ "R", 24 ], [ "R", 24 ], [ "R", 10 ], [ "R", 10 ], [ "R", 10 ], [ "R", 10 ], [ "R", 18 ], [ "R", 18 ], [ "R", 10 ] ]
    } ]
  },
  "AdministratorAdministratorController.create" : {
    "t" : [ {
      "id" : 0,
      "a" : [ [ "W", 27 ], [ "R", 27 ], [ "W", 27 ], [ "W", 2 ], [ "W", 27 ] ]
    } ]
  },
  "SectionAdministratorController.save" : {
    "t" : [ {
      "id" : 0,
      "a" : [ [ "R", 21 ], [ "R", 12 ], [ "R", 12 ], [ "R", 21 ], [ "R", 12 ], [ "W", 12 ], [ "R", 21 ], [ "R", 26 ], [ "W", 21 ], [ "W", 26 ], [ "R", 12 ], [ "W", 12 ], [ "R", 21 ], [ "W", 21 ], [ "R", 21 ], [ "W", 21 ], [ "R", 21 ], [ "W", 21 ], [ "R", 21 ], [ "R", 26 ], [ "R", 1 ], [ "R", 10 ], [ "R", 10 ], [ "R", 21 ], [ "R", 26 ], [ "R", 1 ], [ "R", 10 ], [ "R", 10 ], [ "W", 21 ], [ "R", 21 ], [ "R", 26 ], [ "R", 12 ] ]
    } ]
  },
  "ConferenceAdministratorController.list" : {
    "t" : [ {
      "id" : 0,
      "a" : [ [ "R", 10 ] ]
    } ]
  },
  "ConferenceAdministratorController.delete" : {
    "t" : [ {
      "id" : 0,
      "a" : [ [ "R", 10 ], [ "W", 10 ], [ "R", 7 ] ]
    } ]
  },
  "MessageController.list" : {
    "t" : [ {
      "id" : 0,
      "a" : [ [ "R", 12 ], [ "R", 12 ], [ "R", 12 ], [ "R", 2 ], [ "R", 2 ], [ "R", 2 ], [ "R", 27 ], [ "R", 2 ], [ "R", 5 ], [ "R", 5 ], [ "R", 5 ], [ "R", 14 ] ]
    } ]
  },
  "CategoryAdministratorController.edit" : {
    "t" : [ {
      "id" : 0,
      "a" : [ [ "R", 7 ], [ "R", 7 ], [ "R", 7 ] ]
    } ]
  },
  "ReportReviewerController.create" : {
    "t" : [ {
      "id" : 0,
      "a" : [ [ "R", 24 ], [ "W", 19 ], [ "W", 24 ], [ "R", 12 ], [ "R", 12 ], [ "R", 20 ], [ "R", 20 ], [ "R", 20 ], [ "R", 27 ], [ "W", 19 ], [ "W", 20 ], [ "R", 12 ], [ "R", 12 ], [ "R", 20 ], [ "R", 20 ], [ "R", 20 ], [ "R", 27 ] ]
    } ]
  },
  "SectionAdministratorController.create" : {
    "t" : [ {
      "id" : 0,
      "a" : [ [ "W", 12 ], [ "R", 26 ], [ "W", 21 ], [ "W", 26 ] ]
    } ]
  },
  "AdministratorAdministratorController.save" : {
    "t" : [ {
      "id" : 0,
      "a" : [ [ "R", 2 ], [ "R", 5 ], [ "R", 2 ], [ "R", 27 ], [ "R", 2 ], [ "R", 2 ], [ "R", 2 ], [ "R", 2 ], [ "R", 2 ], [ "R", 2 ], [ "R", 2 ], [ "R", 11 ], [ "R", 11 ], [ "W", 2 ], [ "R", 12 ], [ "R", 12 ], [ "R", 12 ], [ "R", 3 ], [ "R", 3 ], [ "R", 3 ], [ "R", 27 ], [ "R", 12 ], [ "R", 12 ], [ "W", 5 ], [ "W", 5 ], [ "W", 5 ], [ "W", 5 ], [ "W", 2 ], [ "W", 5 ], [ "R", 2 ], [ "R", 27 ], [ "R", 27 ], [ "R", 2 ], [ "R", 27 ], [ "W", 27 ], [ "W", 2 ], [ "W", 27 ], [ "W", 3 ], [ "W", 3 ], [ "R", 2 ], [ "R", 5 ], [ "R", 2 ], [ "R", 27 ], [ "R", 2 ], [ "R", 5 ], [ "R", 2 ], [ "R", 27 ] ]
    } ]
  },
  "SponsorshipSponsorController.save" : {
    "t" : [ {
      "id" : 0,
      "a" : [ [ "R", 12 ], [ "R", 12 ], [ "R", 22 ], [ "R", 22 ], [ "R", 22 ], [ "R", 27 ], [ "R", 12 ], [ "R", 10 ], [ "R", 10 ], [ "R", 10 ], [ "R", 10 ], [ "R", 10 ], [ "R", 18 ], [ "R", 18 ], [ "R", 10 ], [ "R", 18 ], [ "R", 4 ], [ "R", 11 ], [ "R", 11 ], [ "R", 23 ], [ "R", 23 ], [ "R", 12 ], [ "R", 12 ], [ "R", 12 ], [ "R", 22 ], [ "R", 22 ], [ "R", 22 ], [ "R", 27 ], [ "W", 23 ], [ "W", 22 ], [ "R", 11 ], [ "R", 11 ], [ "R", 23 ], [ "W", 23 ], [ "R", 12 ], [ "R", 12 ], [ "R", 22 ], [ "R", 22 ], [ "R", 22 ], [ "R", 27 ], [ "R", 12 ], [ "R", 10 ], [ "R", 10 ], [ "R", 10 ], [ "R", 10 ], [ "R", 10 ], [ "R", 18 ], [ "R", 18 ], [ "R", 10 ], [ "R", 18 ], [ "R", 4 ], [ "R", 11 ], [ "R", 11 ], [ "R", 12 ], [ "R", 12 ], [ "R", 22 ], [ "R", 22 ], [ "R", 22 ], [ "R", 27 ], [ "R", 12 ], [ "R", 10 ], [ "R", 10 ], [ "R", 10 ], [ "R", 10 ], [ "R", 10 ], [ "R", 18 ], [ "R", 18 ], [ "R", 10 ], [ "R", 18 ], [ "R", 4 ], [ "R", 11 ], [ "R", 11 ] ]
    } ]
  },
  "SubmissionReviewerController.list" : {
    "t" : [ {
      "id" : 0,
      "a" : [ [ "R", 12 ], [ "R", 12 ], [ "R", 20 ], [ "R", 20 ], [ "R", 20 ], [ "R", 27 ], [ "R", 24 ], [ "R", 24 ], [ "R", 24 ], [ "R", 20 ] ]
    } ]
  },
  "ReportReviewerController.show" : {
    "t" : [ {
      "id" : 0,
      "a" : [ [ "R", 19 ], [ "R", 19 ], [ "R", 24 ], [ "R", 24 ], [ "R", 12 ], [ "R", 12 ], [ "R", 4 ], [ "R", 4 ], [ "R", 4 ], [ "R", 27 ], [ "R", 12 ], [ "R", 19 ], [ "R", 24 ], [ "R", 24 ], [ "R", 4 ], [ "R", 12 ], [ "R", 19 ], [ "R", 24 ], [ "R", 24 ], [ "R", 10 ], [ "R", 10 ], [ "R", 12 ], [ "R", 8 ], [ "R", 8 ], [ "R", 8 ], [ "R", 9 ], [ "R", 12 ], [ "R", 8 ], [ "R", 8 ], [ "R", 8 ], [ "R", 9 ], [ "R", 12 ] ]
    } ]
  },
  "ActivityAdministratorController.delete" : {
    "t" : [ {
      "id" : 0,
      "a" : [ [ "R", 12 ], [ "R", 26 ], [ "R", 1 ], [ "R", 10 ], [ "R", 10 ], [ "R", 1 ], [ "R", 10 ], [ "R", 10 ], [ "R", 12 ], [ "R", 21 ], [ "R", 21 ], [ "R", 21 ], [ "R", 26 ], [ "R", 21 ], [ "R", 26 ], [ "R", 1 ], [ "R", 10 ], [ "R", 10 ], [ "W", 21 ], [ "W", 26 ], [ "R", 1 ], [ "R", 10 ], [ "R", 12 ] ]
    } ]
  },
  "CustomisationAdministratorController.editCustomisation" : {
    "t" : [ {
      "id" : 0,
      "a" : [ [ "R", 11 ] ]
    } ]
  },
  "ConferenceController.forthCommingList" : {
    "t" : [ {
      "id" : 0,
      "a" : [ [ "R", 10 ], [ "R", 10 ], [ "R", 10 ], [ "R", 10 ] ]
    } ]
  },
  "FinderAuthorController.edit" : {
    "t" : [ {
      "id" : 0,
      "a" : [ [ "R", 12 ], [ "R", 12 ], [ "R", 4 ], [ "R", 4 ], [ "R", 4 ], [ "R", 27 ], [ "R", 4 ], [ "R", 13 ], [ "R", 7 ] ]
    } ]
  },
  "SubmissionAdministratorController.assignReviewersManual" : {
    "t" : [ {
      "id" : 0,
      "a" : [ [ "R", 24 ], [ "R", 12 ], [ "R", 12 ], [ "R", 3 ], [ "R", 3 ], [ "R", 3 ], [ "R", 27 ], [ "R", 20 ] ]
    } ]
  },
  "ReviewerReviewerController.edit" : {
    "t" : [ {
      "id" : 0,
      "a" : [ [ "R", 12 ], [ "R", 12 ], [ "R", 20 ], [ "R", 20 ], [ "R", 20 ], [ "R", 27 ], [ "R", 2 ], [ "R", 5 ] ]
    } ]
  },
  "ConferenceController.runningList" : {
    "t" : [ {
      "id" : 0,
      "a" : [ [ "R", 10 ], [ "R", 10 ], [ "R", 10 ], [ "R", 10 ], [ "R", 10 ] ]
    } ]
  },
  "ConferenceAdministratorController.save" : {
    "t" : [ {
      "id" : 0,
      "a" : [ [ "R", 7 ], [ "R", 10 ], [ "R", 10 ], [ "R", 10 ], [ "R", 10 ], [ "R", 10 ], [ "R", 10 ], [ "R", 10 ], [ "R", 10 ], [ "R", 10 ], [ "R", 10 ], [ "R", 10 ], [ "R", 10 ], [ "R", 10 ], [ "W", 10 ], [ "R", 7 ], [ "R", 7 ], [ "R", 7 ], [ "R", 7 ], [ "R", 7 ], [ "R", 7 ] ]
    } ]
  },
  "MessageController.createBroadcast" : {
    "t" : [ {
      "id" : 0,
      "a" : [ [ "R", 12 ], [ "R", 12 ], [ "R", 12 ], [ "R", 2 ], [ "R", 2 ], [ "R", 2 ], [ "R", 27 ], [ "W", 14 ], [ "W", 14 ], [ "W", 2 ], [ "W", 14 ], [ "W", 2 ], [ "R", 14 ], [ "R", 2 ], [ "R", 2 ], [ "R", 11 ], [ "R", 11 ], [ "R", 11 ], [ "R", 10 ], [ "R", 10 ], [ "R", 10 ], [ "R", 24 ], [ "R", 24 ], [ "R", 10 ], [ "R", 10 ], [ "R", 10 ], [ "R", 10 ], [ "R", 18 ], [ "R", 18 ], [ "R", 10 ] ]
    } ]
  },
  "FinderAuthorController.show" : {
    "t" : [ {
      "id" : 0,
      "a" : [ [ "R", 12 ], [ "R", 12 ], [ "R", 4 ], [ "R", 4 ], [ "R", 4 ], [ "R", 27 ], [ "R", 4 ], [ "R", 13 ] ]
    } ]
  },
  "SponsorController.save" : {
    "t" : [ {
      "id" : 0,
      "a" : [ [ "R", 2 ], [ "R", 2 ], [ "R", 2 ], [ "R", 2 ], [ "R", 2 ], [ "R", 27 ], [ "R", 27 ], [ "R", 2 ], [ "R", 2 ], [ "R", 2 ], [ "R", 27 ], [ "R", 2 ], [ "R", 11 ], [ "R", 11 ], [ "W", 2 ], [ "R", 12 ], [ "W", 5 ], [ "W", 5 ], [ "W", 5 ], [ "W", 5 ], [ "W", 2 ], [ "W", 5 ], [ "R", 2 ], [ "R", 27 ], [ "R", 27 ], [ "R", 2 ], [ "R", 27 ], [ "W", 27 ], [ "W", 2 ], [ "W", 27 ], [ "W", 22 ], [ "W", 22 ] ]
    } ]
  },
  "AuthorAuthorController.save" : {
    "t" : [ {
      "id" : 0,
      "a" : [ [ "R", 2 ], [ "R", 2 ], [ "R", 2 ], [ "R", 2 ], [ "R", 2 ], [ "R", 11 ], [ "R", 11 ], [ "W", 2 ], [ "R", 12 ], [ "W", 5 ], [ "W", 5 ], [ "W", 5 ], [ "W", 5 ], [ "W", 2 ], [ "W", 5 ], [ "R", 2 ], [ "R", 27 ], [ "R", 27 ], [ "R", 2 ], [ "R", 27 ], [ "W", 27 ], [ "W", 2 ], [ "W", 27 ], [ "W", 13 ], [ "W", 4 ], [ "W", 13 ], [ "W", 4 ], [ "W", 4 ], [ "R", 2 ], [ "R", 5 ], [ "R", 2 ], [ "R", 5 ], [ "R", 2 ], [ "R", 5 ], [ "R", 2 ], [ "R", 5 ] ]
    } ]
  },
  "MessageController.display" : {
    "t" : [ {
      "id" : 0,
      "a" : [ [ "R", 14 ], [ "R", 12 ], [ "R", 12 ], [ "R", 12 ], [ "R", 2 ], [ "R", 2 ], [ "R", 2 ], [ "R", 27 ], [ "R", 14 ], [ "R", 2 ], [ "R", 14 ], [ "R", 2 ], [ "R", 12 ], [ "R", 12 ], [ "R", 12 ], [ "R", 12 ], [ "R", 12 ], [ "R", 2 ], [ "R", 2 ], [ "R", 2 ], [ "R", 27 ], [ "R", 14 ], [ "R", 2 ], [ "R", 12 ], [ "R", 12 ], [ "R", 12 ] ]
    } ]
  },
  "SponsorshipSponsorController.delete" : {
    "t" : [ {
      "id" : 0,
      "a" : [ [ "R", 12 ], [ "R", 12 ], [ "R", 22 ], [ "R", 22 ], [ "R", 22 ], [ "R", 27 ], [ "R", 12 ], [ "R", 23 ], [ "R", 23 ], [ "R", 23 ], [ "R", 22 ], [ "W", 23 ], [ "R", 12 ], [ "R", 12 ], [ "R", 22 ], [ "R", 22 ], [ "R", 22 ], [ "R", 27 ], [ "R", 12 ], [ "R", 10 ], [ "R", 10 ], [ "R", 10 ], [ "R", 10 ], [ "R", 10 ], [ "R", 18 ], [ "R", 18 ], [ "R", 10 ], [ "R", 18 ], [ "R", 4 ], [ "R", 11 ], [ "R", 11 ] ]
    } ]
  },
  "MessageController.create" : {
    "t" : [ {
      "id" : 0,
      "a" : [ [ "R", 12 ], [ "R", 12 ], [ "R", 12 ], [ "R", 2 ], [ "R", 2 ], [ "R", 2 ], [ "R", 27 ], [ "W", 14 ], [ "W", 14 ], [ "W", 2 ], [ "W", 14 ], [ "W", 2 ], [ "R", 14 ], [ "R", 2 ], [ "R", 2 ], [ "R", 2 ], [ "R", 12 ], [ "R", 12 ], [ "R", 12 ], [ "R", 2 ], [ "R", 2 ], [ "R", 2 ], [ "R", 27 ], [ "R", 11 ], [ "R", 11 ], [ "R", 11 ] ]
    } ]
  }
}