{
  "UserController.save" : {
    "t" : [ {
      "id" : 0,
      "a" : [ [ "R", 22 ], [ "W", 1 ], [ "W", 1 ], [ "W", 1 ], [ "W", 1 ], [ "W", 1 ], [ "W", 18 ], [ "W", 22 ] ]
    } ]
  },
  "AdministratorFeeController.edit" : {
    "t" : [ {
      "id" : 0,
      "a" : [ [ "R", 7 ], [ "R", 6 ], [ "R", 7 ] ]
    } ]
  },
  "ManagerController.display" : {
    "t" : [ {
      "id" : 0,
      "a" : [ [ "R", 6 ], [ "R", 6 ], [ "R", 9 ], [ "R", 9 ], [ "R", 9 ], [ "R", 23 ], [ "W", 23 ], [ "R", 23 ], [ "R", 23 ], [ "W", 1 ], [ "W", 23 ], [ "W", 9 ], [ "W", 19 ], [ "W", 18 ], [ "W", 17 ], [ "W", 9 ], [ "W", 12 ], [ "R", 6 ], [ "W", 6 ], [ "R", 1 ], [ "R", 23 ], [ "W", 1 ], [ "W", 23 ], [ "R", 1 ], [ "W", 1 ], [ "R", 1 ], [ "W", 1 ], [ "R", 1 ], [ "W", 1 ], [ "R", 1 ], [ "W", 1 ], [ "R", 1 ], [ "W", 1 ], [ "R", 18 ], [ "R", 18 ], [ "R", 18 ], [ "R", 18 ], [ "R", 18 ], [ "R", 18 ], [ "W", 18 ] ]
    } ]
  },
  "ManagerController.dashboard" : {
    "t" : [ {
      "id" : 0,
      "a" : [ [ "R", 6 ], [ "R", 6 ], [ "R", 9 ], [ "R", 9 ], [ "R", 9 ], [ "R", 23 ], [ "R", 6 ], [ "R", 23 ], [ "R", 19 ], [ "R", 19 ], [ "R", 19 ], [ "R", 11 ], [ "R", 19 ], [ "R", 9 ], [ "R", 6 ], [ "R", 23 ], [ "R", 19 ], [ "R", 19 ], [ "R", 19 ], [ "R", 9 ], [ "R", 19 ], [ "R", 19 ], [ "R", 19 ], [ "R", 19 ], [ "R", 9 ], [ "R", 6 ], [ "R", 23 ], [ "R", 19 ], [ "R", 19 ], [ "R", 19 ], [ "R", 9 ], [ "R", 19 ], [ "R", 19 ], [ "R", 19 ], [ "R", 19 ], [ "R", 9 ], [ "R", 6 ], [ "R", 23 ], [ "R", 19 ], [ "R", 11 ], [ "R", 11 ], [ "R", 11 ], [ "R", 11 ], [ "R", 19 ], [ "R", 9 ], [ "R", 19 ], [ "R", 19 ], [ "R", 9 ], [ "R", 6 ], [ "R", 23 ], [ "R", 11 ], [ "R", 11 ], [ "R", 19 ], [ "R", 11 ], [ "R", 11 ], [ "R", 11 ], [ "R", 19 ], [ "R", 9 ], [ "R", 11 ], [ "R", 19 ], [ "R", 6 ], [ "R", 23 ], [ "R", 11 ], [ "R", 11 ], [ "R", 19 ], [ "R", 11 ], [ "R", 11 ], [ "R", 19 ], [ "R", 9 ], [ "R", 6 ], [ "R", 23 ], [ "R", 19 ], [ "R", 19 ], [ "R", 19 ], [ "R", 9 ], [ "R", 19 ], [ "R", 11 ], [ "R", 19 ], [ "R", 19 ], [ "R", 11 ], [ "R", 19 ], [ "R", 9 ], [ "R", 6 ], [ "R", 23 ], [ "R", 19 ], [ "R", 19 ], [ "R", 19 ], [ "R", 9 ], [ "R", 19 ], [ "R", 11 ], [ "R", 19 ], [ "R", 19 ], [ "R", 11 ], [ "R", 19 ], [ "R", 9 ] ]
    } ]
  },
  "ManagerMonthlyBillController.display" : {
    "t" : [ {
      "id" : 0,
      "a" : [ [ "R", 12 ], [ "R", 12 ], [ "R", 12 ], [ "R", 9 ], [ "R", 18 ] ]
    } ]
  },
  "ReviewLikeController.delete" : {
    "t" : [ {
      "id" : 0,
      "a" : [ [ "R", 20 ], [ "R", 6 ], [ "R", 23 ], [ "R", 6 ], [ "R", 6 ], [ "R", 22 ], [ "R", 22 ], [ "R", 22 ], [ "R", 23 ], [ "R", 16 ], [ "R", 16 ], [ "R", 16 ], [ "R", 22 ], [ "R", 16 ], [ "R", 20 ], [ "R", 6 ], [ "R", 23 ], [ "R", 6 ], [ "R", 16 ], [ "R", 20 ], [ "R", 6 ], [ "R", 23 ], [ "R", 6 ], [ "R", 6 ], [ "R", 22 ], [ "R", 22 ], [ "R", 22 ], [ "R", 23 ], [ "R", 16 ], [ "R", 16 ], [ "R", 16 ], [ "R", 22 ], [ "R", 16 ], [ "R", 20 ], [ "W", 16 ], [ "R", 20 ], [ "R", 16 ], [ "R", 20 ], [ "R", 15 ] ]
    } ]
  },
  "AdministratorVATNumberController.save" : {
    "t" : [ {
      "id" : 0,
      "a" : [ [ "R", 24 ], [ "W", 24 ], [ "R", 6 ], [ "R", 23 ], [ "W", 24 ] ]
    } ]
  },
  "MealOrderController.browseByManager" : {
    "t" : [ {
      "id" : 0,
      "a" : [ [ "R", 6 ], [ "R", 23 ], [ "R", 6 ], [ "R", 6 ], [ "R", 9 ], [ "R", 9 ], [ "R", 9 ], [ "R", 23 ], [ "R", 6 ], [ "R", 11 ], [ "R", 11 ], [ "R", 11 ], [ "R", 19 ], [ "R", 9 ], [ "R", 11 ], [ "R", 19 ] ]
    } ]
  },
  "MealOrderController.browseCurrentlyByManager" : {
    "t" : [ {
      "id" : 0,
      "a" : [ [ "R", 6 ], [ "R", 23 ], [ "R", 6 ], [ "R", 6 ], [ "R", 9 ], [ "R", 9 ], [ "R", 9 ], [ "R", 23 ], [ "R", 6 ], [ "R", 11 ], [ "R", 11 ], [ "R", 11 ], [ "R", 19 ], [ "R", 9 ], [ "R", 11 ], [ "R", 11 ], [ "R", 11 ], [ "R", 19 ] ]
    } ]
  },
  "InvoiceController.display" : {
    "t" : [ {
      "id" : 0,
      "a" : [ [ "R", 8 ] ]
    } ]
  },
  "InvoiceController.list" : {
    "t" : [ {
      "id" : 0,
      "a" : [ [ "R", 6 ], [ "R", 23 ], [ "R", 6 ], [ "R", 6 ], [ "R", 22 ], [ "R", 22 ], [ "R", 22 ], [ "R", 23 ], [ "R", 6 ], [ "R", 8 ], [ "R", 8 ], [ "R", 8 ], [ "R", 11 ], [ "R", 22 ] ]
    } ]
  },
  "ManagerRestaurantController.list" : {
    "t" : [ {
      "id" : 0,
      "a" : [ [ "R", 6 ], [ "R", 23 ], [ "R", 6 ], [ "R", 6 ], [ "R", 9 ], [ "R", 9 ], [ "R", 9 ], [ "R", 23 ], [ "R", 6 ], [ "R", 19 ], [ "R", 19 ], [ "R", 19 ], [ "R", 9 ] ]
    } ]
  },
  "AdministratorVATNumberController.edit" : {
    "t" : [ {
      "id" : 0,
      "a" : [ [ "R", 24 ], [ "R", 6 ], [ "R", 24 ] ]
    } ]
  },
  "ManagerMealController.edit" : {
    "t" : [ {
      "id" : 0,
      "a" : [ [ "R", 10 ], [ "R", 6 ], [ "R", 23 ], [ "R", 6 ], [ "R", 23 ], [ "R", 10 ], [ "R", 19 ], [ "R", 6 ], [ "R", 6 ], [ "R", 10 ], [ "R", 10 ], [ "R", 10 ], [ "R", 10 ], [ "R", 3 ], [ "R", 6 ], [ "R", 23 ], [ "R", 6 ], [ "R", 6 ], [ "R", 9 ], [ "R", 9 ], [ "R", 9 ], [ "R", 23 ], [ "R", 6 ], [ "R", 3 ], [ "R", 3 ], [ "R", 3 ], [ "R", 9 ], [ "R", 6 ], [ "R", 3 ] ]
    } ]
  },
  "ManagerMonthlyBillController.pay" : {
    "t" : [ {
      "id" : 0,
      "a" : [ [ "R", 12 ], [ "W", 12 ], [ "R", 12 ], [ "R", 12 ], [ "R", 12 ], [ "R", 9 ], [ "R", 18 ] ]
    } ]
  },
  "UserMealOrderController.morder" : {
    "t" : [ {
      "id" : 0,
      "a" : [ [ "R", 19 ], [ "R", 6 ], [ "R", 6 ], [ "R", 22 ], [ "R", 22 ], [ "R", 22 ], [ "R", 23 ], [ "R", 22 ], [ "R", 11 ], [ "R", 11 ], [ "R", 19 ], [ "R", 6 ], [ "R", 6 ], [ "R", 6 ], [ "R", 11 ], [ "R", 6 ], [ "R", 23 ], [ "W", 11 ], [ "W", 14 ], [ "W", 11 ], [ "W", 11 ], [ "W", 19 ], [ "W", 11 ], [ "W", 22 ], [ "W", 11 ], [ "W", 11 ], [ "W", 11 ], [ "W", 11 ], [ "R", 6 ], [ "R", 23 ], [ "R", 23 ], [ "W", 11 ], [ "R", 19 ], [ "R", 10 ], [ "R", 11 ], [ "R", 14 ] ]
    } ]
  },
  "MealOrderController.display" : {
    "t" : [ {
      "id" : 0,
      "a" : [ [ "R", 6 ], [ "R", 11 ], [ "R", 23 ], [ "R", 11 ], [ "R", 19 ], [ "R", 19 ], [ "R", 9 ], [ "R", 1 ], [ "R", 23 ], [ "R", 23 ], [ "R", 6 ], [ "R", 23 ], [ "R", 23 ], [ "R", 11 ], [ "R", 22 ], [ "R", 1 ], [ "R", 23 ], [ "R", 23 ], [ "R", 6 ], [ "R", 23 ], [ "R", 11 ], [ "R", 14 ], [ "R", 23 ], [ "R", 6 ], [ "R", 23 ], [ "R", 6 ], [ "R", 6 ], [ "R", 22 ], [ "R", 22 ], [ "R", 22 ], [ "R", 23 ], [ "R", 6 ], [ "R", 11 ], [ "R", 11 ], [ "R", 11 ], [ "R", 22 ], [ "R", 11 ], [ "R", 6 ], [ "R", 23 ], [ "R", 6 ], [ "R", 6 ], [ "R", 9 ], [ "R", 9 ], [ "R", 9 ], [ "R", 23 ], [ "R", 6 ], [ "R", 11 ], [ "R", 11 ], [ "R", 11 ], [ "R", 19 ], [ "R", 9 ], [ "R", 11 ], [ "R", 19 ] ]
    } ]
  },
  "UserMealOrderController.delete" : {
    "t" : [ {
      "id" : 0,
      "a" : [ [ "R", 11 ], [ "R", 11 ], [ "R", 19 ], [ "R", 6 ], [ "R", 11 ], [ "R", 11 ], [ "R", 14 ], [ "R", 6 ], [ "R", 23 ], [ "R", 6 ], [ "W", 14 ], [ "R", 6 ], [ "R", 23 ], [ "R", 6 ], [ "R", 6 ], [ "R", 11 ], [ "R", 11 ], [ "R", 14 ], [ "R", 6 ], [ "R", 23 ], [ "R", 6 ], [ "W", 14 ], [ "R", 11 ], [ "W", 11 ] ]
    } ]
  },
  "CriticReviewController.delete" : {
    "t" : [ {
      "id" : 0,
      "a" : [ [ "R", 6 ], [ "R", 23 ], [ "R", 6 ], [ "R", 23 ], [ "R", 6 ], [ "R", 6 ], [ "R", 5 ], [ "R", 5 ], [ "R", 5 ], [ "R", 23 ], [ "W", 20 ], [ "W", 5 ], [ "W", 20 ], [ "W", 16 ], [ "W", 20 ], [ "W", 15 ], [ "R", 20 ], [ "W", 6 ], [ "R", 19 ], [ "W", 20 ], [ "W", 19 ], [ "W", 20 ], [ "W", 20 ], [ "W", 20 ], [ "R", 6 ], [ "R", 23 ], [ "R", 6 ], [ "W", 20 ], [ "R", 6 ], [ "R", 23 ], [ "R", 6 ], [ "R", 6 ], [ "R", 5 ], [ "R", 5 ], [ "R", 5 ], [ "R", 23 ], [ "R", 6 ], [ "R", 20 ], [ "R", 20 ], [ "R", 20 ], [ "R", 5 ] ]
    } ]
  },
  "CriticReviewController.list" : {
    "t" : [ {
      "id" : 0,
      "a" : [ [ "R", 6 ], [ "R", 23 ], [ "R", 6 ], [ "R", 6 ], [ "R", 5 ], [ "R", 5 ], [ "R", 5 ], [ "R", 23 ], [ "R", 6 ], [ "R", 20 ], [ "R", 20 ], [ "R", 20 ], [ "R", 5 ] ]
    } ]
  },
  "AdministratorController.dashboard" : {
    "t" : [ {
      "id" : 0,
      "a" : [ [ "R", 6 ], [ "R", 23 ], [ "R", 22 ], [ "R", 22 ], [ "R", 11 ], [ "R", 22 ], [ "R", 22 ], [ "R", 11 ], [ "R", 22 ], [ "R", 22 ], [ "R", 11 ], [ "R", 6 ], [ "R", 23 ], [ "R", 19 ], [ "R", 19 ], [ "R", 19 ], [ "R", 11 ], [ "R", 19 ], [ "R", 19 ], [ "R", 11 ], [ "R", 6 ], [ "R", 23 ], [ "R", 19 ], [ "R", 19 ], [ "R", 19 ], [ "R", 11 ], [ "R", 19 ], [ "R", 19 ], [ "R", 11 ], [ "R", 6 ], [ "R", 23 ], [ "R", 19 ], [ "R", 19 ], [ "R", 19 ], [ "R", 19 ], [ "R", 21 ], [ "R", 19 ], [ "R", 6 ], [ "R", 23 ], [ "R", 5 ], [ "R", 5 ], [ "R", 20 ], [ "R", 5 ], [ "R", 5 ], [ "R", 20 ], [ "R", 5 ], [ "R", 5 ], [ "R", 20 ], [ "R", 6 ], [ "R", 23 ], [ "R", 19 ], [ "R", 19 ], [ "R", 19 ], [ "R", 20 ], [ "R", 19 ], [ "R", 19 ], [ "R", 20 ], [ "R", 6 ], [ "R", 23 ], [ "R", 19 ], [ "R", 19 ], [ "R", 19 ], [ "R", 20 ], [ "R", 19 ], [ "R", 19 ], [ "R", 20 ], [ "R", 6 ], [ "R", 23 ], [ "R", 20 ], [ "R", 20 ], [ "R", 20 ], [ "R", 16 ], [ "R", 20 ], [ "R", 20 ], [ "R", 16 ], [ "R", 6 ], [ "R", 23 ], [ "R", 9 ], [ "R", 9 ], [ "R", 12 ], [ "R", 9 ], [ "R", 9 ], [ "R", 12 ], [ "R", 9 ], [ "R", 9 ], [ "R", 12 ], [ "R", 6 ], [ "R", 23 ], [ "R", 19 ], [ "R", 19 ], [ "R", 19 ], [ "R", 19 ], [ "R", 13 ], [ "R", 19 ], [ "R", 6 ], [ "R", 23 ], [ "R", 19 ], [ "R", 19 ], [ "R", 19 ], [ "R", 19 ], [ "R", 19 ], [ "R", 6 ], [ "R", 23 ], [ "R", 22 ], [ "R", 22 ], [ "R", 22 ], [ "R", 11 ], [ "R", 22 ], [ "R", 22 ], [ "R", 11 ], [ "R", 6 ], [ "R", 23 ], [ "R", 22 ], [ "R", 22 ], [ "R", 22 ], [ "R", 11 ], [ "R", 22 ], [ "R", 22 ], [ "R", 11 ], [ "R", 6 ], [ "R", 23 ], [ "R", 22 ], [ "R", 22 ], [ "R", 22 ], [ "R", 4 ], [ "R", 22 ], [ "R", 22 ], [ "R", 4 ], [ "R", 6 ], [ "R", 23 ], [ "R", 22 ], [ "R", 22 ], [ "R", 22 ], [ "R", 4 ], [ "R", 22 ], [ "R", 22 ], [ "R", 4 ] ]
    } ]
  },
  "RegisterManagerController.save" : {
    "t" : [ {
      "id" : 0,
      "a" : [ [ "W", 23 ], [ "R", 23 ], [ "R", 23 ], [ "W", 1 ], [ "W", 23 ], [ "W", 9 ], [ "W", 19 ], [ "W", 18 ], [ "W", 17 ], [ "W", 9 ], [ "W", 12 ], [ "W", 23 ], [ "R", 23 ], [ "R", 23 ], [ "W", 23 ], [ "W", 23 ], [ "W", 1 ], [ "W", 23 ], [ "W", 1 ], [ "W", 1 ], [ "W", 1 ], [ "W", 1 ], [ "W", 1 ], [ "W", 18 ], [ "R", 1 ], [ "R", 23 ], [ "R", 23 ], [ "R", 1 ], [ "R", 23 ], [ "W", 23 ], [ "R", 6 ], [ "R", 6 ], [ "R", 6 ], [ "R", 9 ], [ "R", 9 ], [ "R", 9 ], [ "R", 23 ], [ "R", 6 ], [ "R", 6 ], [ "R", 6 ], [ "R", 23 ], [ "W", 9 ] ]
    } ]
  },
  "CommentController.save" : {
    "t" : [ {
      "id" : 0,
      "a" : [ [ "R", 6 ], [ "R", 23 ], [ "R", 6 ], [ "R", 6 ], [ "R", 22 ], [ "R", 22 ], [ "R", 22 ], [ "R", 23 ], [ "R", 19 ], [ "W", 4 ], [ "W", 22 ], [ "W", 4 ], [ "W", 19 ], [ "W", 4 ], [ "W", 4 ], [ "W", 4 ], [ "W", 4 ], [ "R", 6 ], [ "R", 23 ], [ "W", 4 ], [ "R", 4 ], [ "R", 19 ], [ "R", 6 ], [ "R", 19 ], [ "R", 4 ], [ "R", 4 ], [ "R", 4 ], [ "R", 4 ], [ "R", 19 ], [ "R", 4 ], [ "R", 4 ], [ "R", 19 ], [ "W", 19 ], [ "R", 6 ], [ "R", 23 ], [ "R", 23 ], [ "R", 23 ], [ "W", 19 ], [ "R", 4 ], [ "R", 19 ], [ "R", 6 ] ]
    } ]
  },
  "QuantityController.delete" : {
    "t" : [ {
      "id" : 0,
      "a" : [ [ "R", 14 ], [ "R", 14 ], [ "R", 10 ], [ "R", 10 ], [ "R", 19 ], [ "R", 6 ], [ "R", 6 ], [ "R", 23 ], [ "R", 6 ], [ "W", 14 ], [ "R", 14 ], [ "R", 11 ], [ "R", 6 ], [ "R", 11 ], [ "R", 11 ], [ "R", 14 ], [ "R", 14 ], [ "R", 14 ], [ "R", 10 ], [ "R", 10 ], [ "W", 11 ], [ "R", 6 ], [ "R", 23 ], [ "R", 23 ], [ "W", 11 ] ]
    } ]
  },
  "ManagerMealController.create" : {
    "t" : [ {
      "id" : 0,
      "a" : [ [ "R", 6 ], [ "R", 23 ], [ "R", 6 ], [ "R", 23 ], [ "R", 6 ], [ "R", 6 ], [ "R", 9 ], [ "R", 9 ], [ "R", 9 ], [ "R", 23 ], [ "R", 6 ], [ "R", 3 ], [ "R", 3 ], [ "R", 3 ], [ "R", 9 ], [ "R", 6 ], [ "R", 3 ] ]
    } ]
  },
  "ManagerCategoryController.list" : {
    "t" : [ {
      "id" : 0,
      "a" : [ [ "R", 6 ], [ "R", 23 ], [ "R", 6 ], [ "R", 6 ], [ "R", 9 ], [ "R", 9 ], [ "R", 9 ], [ "R", 23 ], [ "R", 6 ], [ "R", 3 ], [ "R", 3 ], [ "R", 3 ], [ "R", 9 ] ]
    } ]
  },
  "ManagerRestaurantController.enable" : {
    "t" : [ {
      "id" : 0,
      "a" : [ [ "R", 6 ], [ "R", 23 ], [ "R", 6 ], [ "R", 6 ], [ "R", 9 ], [ "R", 9 ], [ "R", 9 ], [ "R", 23 ], [ "R", 6 ], [ "R", 23 ], [ "W", 19 ], [ "W", 19 ], [ "W", 4 ], [ "W", 19 ], [ "W", 11 ], [ "W", 19 ], [ "W", 10 ], [ "W", 19 ], [ "W", 20 ], [ "W", 19 ], [ "W", 13 ], [ "W", 19 ], [ "W", 21 ], [ "W", 19 ], [ "R", 19 ], [ "W", 6 ], [ "W", 19 ], [ "W", 9 ], [ "W", 19 ], [ "W", 19 ], [ "W", 19 ], [ "W", 19 ], [ "W", 19 ], [ "W", 19 ], [ "W", 19 ], [ "W", 19 ], [ "W", 19 ], [ "W", 19 ], [ "W", 19 ], [ "W", 19 ], [ "R", 6 ], [ "R", 23 ], [ "R", 6 ], [ "W", 19 ], [ "R", 6 ], [ "R", 23 ], [ "R", 6 ], [ "R", 6 ], [ "R", 9 ], [ "R", 9 ], [ "R", 9 ], [ "R", 23 ], [ "R", 6 ], [ "R", 19 ], [ "R", 19 ], [ "R", 19 ], [ "R", 9 ] ]
    } ]
  },
  "QuantityController.save" : {
    "t" : [ {
      "id" : 0,
      "a" : [ [ "R", 11 ], [ "R", 6 ], [ "R", 23 ], [ "R", 11 ], [ "R", 10 ], [ "W", 14 ], [ "W", 10 ], [ "W", 14 ], [ "W", 11 ], [ "W", 14 ], [ "R", 6 ], [ "R", 23 ], [ "W", 14 ], [ "R", 14 ], [ "R", 11 ], [ "R", 6 ], [ "R", 11 ], [ "R", 11 ], [ "R", 14 ], [ "R", 14 ], [ "R", 14 ], [ "R", 10 ], [ "R", 10 ], [ "W", 11 ], [ "R", 6 ], [ "R", 23 ], [ "R", 23 ], [ "W", 11 ] ]
    } ]
  },
  "UserController.edit" : {
    "t" : [ {
      "id" : 0,
      "a" : [ [ "R", 6 ], [ "R", 6 ], [ "R", 22 ], [ "R", 22 ], [ "R", 22 ], [ "R", 23 ], [ "R", 6 ], [ "R", 1 ], [ "R", 23 ], [ "R", 23 ], [ "R", 1 ], [ "R", 23 ], [ "R", 23 ], [ "R", 1 ], [ "R", 23 ], [ "R", 23 ], [ "R", 18 ], [ "R", 1 ], [ "R", 1 ], [ "R", 1 ], [ "R", 1 ], [ "R", 1 ] ]
    } ]
  },
  "ManagerSocialIdentityController.edit" : {
    "t" : [ {
      "id" : 0,
      "a" : [ [ "R", 21 ], [ "R", 21 ], [ "R", 19 ], [ "R", 6 ], [ "R", 21 ], [ "R", 19 ], [ "R", 6 ], [ "R", 6 ], [ "R", 21 ], [ "R", 21 ], [ "R", 21 ], [ "R", 21 ] ]
    } ]
  },
  "ManagerSocialIdentityController.browse" : {
    "t" : [ {
      "id" : 0,
      "a" : [ [ "R", 6 ], [ "R", 6 ], [ "R", 9 ], [ "R", 9 ], [ "R", 9 ], [ "R", 23 ], [ "R", 6 ], [ "R", 19 ], [ "R", 19 ], [ "R", 21 ], [ "R", 19 ], [ "R", 9 ] ]
    } ]
  },
  "ManagerRestaurantController.save" : {
    "t" : [ {
      "id" : 0,
      "a" : [ [ "R", 6 ], [ "R", 23 ], [ "R", 6 ], [ "R", 6 ], [ "R", 9 ], [ "R", 9 ], [ "R", 9 ], [ "R", 23 ], [ "R", 6 ], [ "R", 23 ], [ "W", 19 ], [ "W", 19 ], [ "W", 4 ], [ "W", 19 ], [ "W", 11 ], [ "W", 19 ], [ "W", 10 ], [ "W", 19 ], [ "W", 20 ], [ "W", 19 ], [ "W", 13 ], [ "W", 19 ], [ "W", 21 ], [ "W", 19 ], [ "R", 19 ], [ "W", 6 ], [ "W", 19 ], [ "W", 9 ], [ "W", 19 ], [ "W", 19 ], [ "W", 19 ], [ "W", 19 ], [ "W", 19 ], [ "W", 19 ], [ "W", 19 ], [ "W", 19 ], [ "W", 19 ], [ "W", 19 ], [ "W", 19 ], [ "W", 19 ], [ "R", 6 ], [ "R", 23 ], [ "R", 23 ], [ "R", 23 ], [ "W", 19 ], [ "R", 6 ], [ "R", 23 ], [ "R", 6 ], [ "R", 6 ], [ "R", 9 ], [ "R", 9 ], [ "R", 9 ], [ "R", 23 ], [ "R", 6 ], [ "R", 19 ], [ "R", 19 ], [ "R", 19 ], [ "R", 9 ] ]
    } ]
  },
  "MealOrderController.browseByUser" : {
    "t" : [ {
      "id" : 0,
      "a" : [ [ "R", 6 ], [ "R", 23 ], [ "R", 6 ], [ "R", 6 ], [ "R", 22 ], [ "R", 22 ], [ "R", 22 ], [ "R", 23 ], [ "R", 6 ], [ "R", 11 ], [ "R", 11 ], [ "R", 11 ], [ "R", 22 ], [ "R", 11 ] ]
    } ]
  },
  "RegisterUserController.save" : {
    "t" : [ {
      "id" : 0,
      "a" : [ [ "W", 23 ], [ "R", 23 ], [ "R", 23 ], [ "W", 22 ], [ "W", 1 ], [ "W", 23 ], [ "W", 22 ], [ "W", 4 ], [ "W", 22 ], [ "W", 11 ], [ "W", 22 ], [ "W", 15 ], [ "W", 22 ], [ "W", 16 ], [ "W", 18 ], [ "W", 17 ], [ "W", 23 ], [ "R", 23 ], [ "R", 23 ], [ "W", 23 ], [ "W", 23 ], [ "W", 1 ], [ "W", 23 ], [ "W", 1 ], [ "W", 1 ], [ "W", 1 ], [ "W", 1 ], [ "W", 1 ], [ "W", 18 ], [ "R", 1 ], [ "R", 23 ], [ "R", 23 ], [ "R", 1 ], [ "R", 23 ], [ "W", 23 ], [ "R", 6 ], [ "R", 6 ], [ "R", 6 ], [ "R", 22 ], [ "R", 22 ], [ "R", 22 ], [ "R", 23 ], [ "R", 6 ], [ "R", 6 ], [ "R", 6 ], [ "R", 23 ], [ "W", 22 ] ]
    } ]
  },
  "ManagerController.edit" : {
    "t" : [ {
      "id" : 0,
      "a" : [ [ "R", 6 ], [ "R", 6 ], [ "R", 9 ], [ "R", 9 ], [ "R", 9 ], [ "R", 23 ], [ "R", 6 ], [ "R", 1 ], [ "R", 23 ], [ "R", 23 ], [ "R", 1 ], [ "R", 23 ], [ "R", 23 ], [ "R", 1 ], [ "R", 23 ], [ "R", 23 ], [ "R", 18 ], [ "R", 1 ], [ "R", 1 ], [ "R", 1 ], [ "R", 1 ], [ "R", 1 ] ]
    } ]
  },
  "ReviewController.browse" : {
    "t" : [ {
      "id" : 0,
      "a" : [ [ "R", 20 ] ]
    } ]
  },
  "AdministratorBanUnbanController.unban" : {
    "t" : [ {
      "id" : 0,
      "a" : [ [ "R", 22 ], [ "R", 22 ], [ "R", 6 ], [ "R", 23 ], [ "R", 22 ], [ "W", 22 ], [ "W", 22 ], [ "R", 4 ], [ "R", 4 ], [ "R", 22 ], [ "R", 4 ], [ "R", 17 ], [ "R", 4 ], [ "R", 22 ], [ "R", 4 ], [ "R", 4 ], [ "R", 22 ], [ "R", 4 ], [ "R", 17 ], [ "R", 4 ], [ "R", 22 ] ]
    } ]
  },
  "ManagerCategoryController.delete" : {
    "t" : [ {
      "id" : 0,
      "a" : [ [ "R", 3 ], [ "R", 3 ], [ "R", 10 ], [ "R", 10 ], [ "R", 10 ], [ "R", 3 ], [ "R", 6 ], [ "R", 23 ], [ "R", 6 ], [ "R", 23 ], [ "R", 3 ], [ "R", 9 ], [ "R", 1 ], [ "R", 23 ], [ "R", 23 ], [ "R", 23 ], [ "R", 6 ], [ "W", 3 ], [ "R", 6 ], [ "R", 23 ], [ "R", 6 ], [ "R", 6 ], [ "R", 9 ], [ "R", 9 ], [ "R", 9 ], [ "R", 23 ], [ "R", 6 ], [ "R", 3 ], [ "R", 3 ], [ "R", 3 ], [ "R", 9 ] ]
    } ]
  },
  "ManagerController.save" : {
    "t" : [ {
      "id" : 0,
      "a" : [ [ "R", 9 ], [ "W", 1 ], [ "W", 1 ], [ "W", 1 ], [ "W", 1 ], [ "W", 1 ], [ "W", 18 ], [ "W", 9 ] ]
    } ]
  },
  "MealOrderController.step" : {
    "t" : [ {
      "id" : 0,
      "a" : [ [ "R", 11 ], [ "R", 6 ], [ "R", 23 ], [ "R", 11 ], [ "R", 19 ], [ "R", 19 ], [ "R", 9 ], [ "R", 1 ], [ "R", 23 ], [ "R", 23 ], [ "R", 23 ], [ "R", 11 ], [ "R", 11 ], [ "R", 11 ], [ "W", 11 ], [ "W", 11 ], [ "R", 6 ], [ "R", 23 ], [ "R", 23 ], [ "W", 11 ], [ "R", 6 ], [ "R", 23 ], [ "R", 6 ], [ "R", 6 ], [ "R", 9 ], [ "R", 9 ], [ "R", 9 ], [ "R", 23 ], [ "R", 6 ], [ "R", 11 ], [ "R", 11 ], [ "R", 11 ], [ "R", 19 ], [ "R", 9 ], [ "R", 11 ], [ "R", 11 ], [ "R", 11 ], [ "R", 19 ] ]
    } ]
  },
  "ManagerRestaurantController.edit" : {
    "t" : [ {
      "id" : 0,
      "a" : [ [ "R", 19 ], [ "R", 6 ], [ "R", 23 ], [ "R", 6 ], [ "R", 23 ], [ "R", 6 ], [ "R", 19 ], [ "R", 19 ], [ "R", 19 ], [ "R", 19 ], [ "R", 19 ], [ "R", 19 ], [ "R", 19 ], [ "R", 19 ], [ "R", 19 ], [ "R", 19 ] ]
    } ]
  },
  "AdministratorBanUnbanController.commentReported" : {
    "t" : [ {
      "id" : 0,
      "a" : [ [ "R", 4 ], [ "R", 4 ], [ "R", 4 ], [ "R", 17 ], [ "R", 4 ], [ "R", 22 ], [ "R", 4 ], [ "R", 17 ] ]
    } ]
  },
  "ManagerRestaurantController.delete" : {
    "t" : [ {
      "id" : 0,
      "a" : [ [ "R", 6 ], [ "R", 23 ], [ "R", 6 ], [ "R", 6 ], [ "R", 9 ], [ "R", 9 ], [ "R", 9 ], [ "R", 23 ], [ "R", 6 ], [ "R", 23 ], [ "W", 19 ], [ "W", 19 ], [ "W", 4 ], [ "W", 19 ], [ "W", 11 ], [ "W", 19 ], [ "W", 10 ], [ "W", 19 ], [ "W", 20 ], [ "W", 19 ], [ "W", 13 ], [ "W", 19 ], [ "W", 21 ], [ "W", 19 ], [ "R", 19 ], [ "W", 6 ], [ "W", 19 ], [ "W", 9 ], [ "W", 19 ], [ "W", 19 ], [ "W", 19 ], [ "W", 19 ], [ "W", 19 ], [ "W", 19 ], [ "W", 19 ], [ "W", 19 ], [ "W", 19 ], [ "W", 19 ], [ "W", 19 ], [ "W", 19 ], [ "R", 6 ], [ "R", 23 ], [ "R", 6 ], [ "R", 19 ], [ "R", 9 ], [ "R", 1 ], [ "R", 23 ], [ "R", 6 ], [ "R", 6 ], [ "R", 6 ], [ "W", 19 ], [ "R", 6 ], [ "R", 23 ], [ "R", 6 ], [ "R", 6 ], [ "R", 9 ], [ "R", 9 ], [ "R", 9 ], [ "R", 23 ], [ "R", 6 ], [ "R", 19 ], [ "R", 19 ], [ "R", 19 ], [ "R", 9 ] ]
    } ]
  },
  "MealOrderController.delete" : {
    "t" : [ {
      "id" : 0,
      "a" : [ [ "R", 11 ], [ "R", 6 ], [ "R", 23 ], [ "R", 6 ], [ "R", 6 ], [ "R", 11 ], [ "R", 11 ], [ "R", 14 ], [ "R", 6 ], [ "R", 23 ], [ "R", 6 ], [ "W", 14 ], [ "R", 11 ], [ "W", 11 ] ]
    } ]
  },
  "CriticReviewController.save" : {
    "t" : [ {
      "id" : 0,
      "a" : [ [ "R", 6 ], [ "R", 23 ], [ "R", 6 ], [ "R", 23 ], [ "R", 6 ], [ "R", 6 ], [ "R", 5 ], [ "R", 5 ], [ "R", 5 ], [ "R", 23 ], [ "W", 20 ], [ "W", 5 ], [ "W", 20 ], [ "W", 16 ], [ "W", 20 ], [ "W", 15 ], [ "R", 20 ], [ "W", 6 ], [ "R", 19 ], [ "W", 20 ], [ "W", 19 ], [ "W", 20 ], [ "W", 20 ], [ "W", 20 ], [ "R", 6 ], [ "R", 23 ], [ "W", 20 ], [ "R", 20 ], [ "R", 19 ], [ "R", 6 ], [ "R", 19 ], [ "R", 20 ], [ "R", 20 ], [ "R", 20 ], [ "R", 20 ], [ "R", 19 ], [ "R", 20 ], [ "R", 20 ], [ "R", 19 ], [ "W", 19 ], [ "R", 6 ], [ "R", 23 ], [ "R", 23 ], [ "R", 23 ], [ "W", 19 ], [ "R", 6 ], [ "R", 23 ], [ "R", 6 ], [ "R", 6 ], [ "R", 5 ], [ "R", 5 ], [ "R", 5 ], [ "R", 23 ], [ "R", 6 ], [ "R", 20 ], [ "R", 20 ], [ "R", 20 ], [ "R", 5 ] ]
    } ]
  },
  "ManagerPromoteController.list" : {
    "t" : [ {
      "id" : 0,
      "a" : [ [ "R", 6 ], [ "R", 23 ], [ "R", 6 ], [ "R", 6 ], [ "R", 9 ], [ "R", 9 ], [ "R", 9 ], [ "R", 23 ], [ "R", 6 ], [ "R", 13 ], [ "R", 13 ], [ "R", 13 ], [ "R", 19 ], [ "R", 9 ], [ "R", 13 ], [ "R", 13 ], [ "R", 13 ], [ "R", 13 ] ]
    } ]
  },
  "UserMealOrderController.edit" : {
    "t" : [ {
      "id" : 0,
      "a" : [ [ "R", 11 ], [ "R", 19 ], [ "R", 19 ], [ "R", 19 ], [ "R", 11 ], [ "R", 19 ], [ "R", 19 ] ]
    } ]
  },
  "AdministratorBanUnbanController.ban" : {
    "t" : [ {
      "id" : 0,
      "a" : [ [ "R", 22 ], [ "R", 22 ], [ "R", 6 ], [ "R", 23 ], [ "R", 22 ], [ "W", 22 ], [ "W", 22 ], [ "R", 4 ], [ "R", 4 ], [ "R", 22 ], [ "R", 4 ], [ "R", 17 ], [ "R", 4 ], [ "R", 22 ], [ "R", 4 ], [ "R", 4 ], [ "R", 22 ], [ "R", 4 ], [ "R", 17 ], [ "R", 4 ], [ "R", 22 ] ]
    } ]
  },
  "ManagerCategoryController.create" : {
    "t" : [ {
      "id" : 0,
      "a" : [ [ "R", 6 ], [ "R", 23 ] ]
    } ]
  },
  "ManagerCategoryController.save" : {
    "t" : [ {
      "id" : 0,
      "a" : [ [ "R", 6 ], [ "R", 23 ], [ "R", 6 ], [ "R", 6 ], [ "R", 9 ], [ "R", 9 ], [ "R", 9 ], [ "R", 23 ], [ "R", 6 ], [ "R", 23 ], [ "W", 3 ], [ "W", 9 ], [ "W", 3 ], [ "R", 3 ], [ "R", 3 ], [ "R", 3 ], [ "W", 3 ], [ "R", 6 ], [ "R", 23 ], [ "R", 23 ], [ "R", 3 ], [ "R", 9 ], [ "R", 1 ], [ "R", 23 ], [ "R", 23 ], [ "R", 23 ], [ "R", 6 ], [ "W", 3 ] ]
    } ]
  },
  "CriticController.display" : {
    "t" : [ {
      "id" : 0,
      "a" : [ [ "R", 5 ] ]
    } ]
  },
  "RestaurantController.browse" : {
    "t" : [ {
      "id" : 0,
      "a" : [ [ "R", 19 ], [ "R", 19 ], [ "R", 19 ] ]
    } ]
  },
  "ReviewDislikeController.delete" : {
    "t" : [ {
      "id" : 0,
      "a" : [ [ "R", 20 ], [ "R", 6 ], [ "R", 23 ], [ "R", 6 ], [ "R", 6 ], [ "R", 22 ], [ "R", 22 ], [ "R", 22 ], [ "R", 23 ], [ "R", 15 ], [ "R", 15 ], [ "R", 15 ], [ "R", 22 ], [ "R", 15 ], [ "R", 20 ], [ "R", 6 ], [ "R", 23 ], [ "R", 6 ], [ "R", 15 ], [ "R", 20 ], [ "R", 6 ], [ "R", 23 ], [ "R", 6 ], [ "R", 6 ], [ "R", 22 ], [ "R", 22 ], [ "R", 22 ], [ "R", 23 ], [ "R", 15 ], [ "R", 15 ], [ "R", 15 ], [ "R", 22 ], [ "R", 15 ], [ "R", 20 ], [ "W", 15 ], [ "R", 20 ], [ "R", 16 ], [ "R", 20 ], [ "R", 15 ] ]
    } ]
  },
  "ManagerPromoteController.generate" : {
    "t" : [ {
      "id" : 0,
      "a" : [ [ "R", 6 ], [ "R", 23 ], [ "W", 13 ], [ "W", 13 ], [ "R", 6 ], [ "R", 23 ], [ "R", 6 ], [ "R", 6 ], [ "R", 9 ], [ "R", 9 ], [ "R", 9 ], [ "R", 23 ], [ "R", 6 ], [ "R", 19 ], [ "R", 19 ], [ "R", 19 ], [ "R", 9 ], [ "R", 6 ], [ "R", 23 ], [ "R", 6 ], [ "R", 6 ], [ "R", 9 ], [ "R", 9 ], [ "R", 9 ], [ "R", 23 ], [ "R", 6 ], [ "R", 13 ], [ "R", 13 ], [ "R", 13 ], [ "R", 19 ], [ "R", 9 ], [ "R", 13 ], [ "R", 13 ], [ "R", 13 ], [ "R", 13 ], [ "R", 19 ], [ "R", 13 ], [ "R", 6 ], [ "R", 19 ], [ "R", 13 ], [ "R", 19 ], [ "R", 19 ], [ "R", 13 ], [ "R", 6 ], [ "R", 19 ] ]
    } ]
  },
  "AdministratorBanUnbanController.deleteReport" : {
    "t" : [ {
      "id" : 0,
      "a" : [ [ "R", 17 ], [ "R", 6 ], [ "R", 23 ], [ "R", 6 ], [ "W", 17 ], [ "R", 4 ], [ "R", 4 ], [ "R", 22 ], [ "R", 4 ], [ "R", 17 ], [ "R", 4 ], [ "R", 22 ], [ "R", 4 ], [ "R", 4 ], [ "R", 22 ], [ "R", 4 ], [ "R", 17 ], [ "R", 4 ], [ "R", 22 ] ]
    } ]
  },
  "CriticReviewController.edit" : {
    "t" : [ {
      "id" : 0,
      "a" : [ [ "R", 20 ], [ "R", 6 ], [ "R", 23 ], [ "R", 6 ], [ "R", 23 ], [ "R", 6 ], [ "R", 20 ], [ "R", 20 ], [ "R", 20 ], [ "R", 20 ], [ "R", 19 ], [ "R", 6 ] ]
    } ]
  },
  "CriticReviewController.listLike" : {
    "t" : [ {
      "id" : 0,
      "a" : [ [ "R", 6 ], [ "R", 23 ], [ "R", 6 ], [ "R", 6 ], [ "R", 5 ], [ "R", 5 ], [ "R", 5 ], [ "R", 23 ], [ "R", 6 ], [ "R", 20 ], [ "R", 20 ], [ "R", 20 ], [ "R", 5 ], [ "R", 6 ], [ "R", 23 ], [ "R", 20 ], [ "R", 20 ], [ "R", 20 ], [ "R", 16 ] ]
    } ]
  },
  "WelcomeController.index" : {
    "t" : [ {
      "id" : 0,
      "a" : [ [ "R", 6 ], [ "R", 6 ], [ "R", 6 ], [ "R", 22 ], [ "R", 22 ], [ "R", 22 ], [ "R", 23 ], [ "R", 19 ], [ "R", 19 ], [ "R", 13 ], [ "R", 13 ], [ "R", 13 ], [ "R", 13 ], [ "R", 13 ], [ "R", 13 ], [ "R", 13 ], [ "R", 19 ], [ "R", 13 ], [ "W", 13 ], [ "R", 13 ], [ "W", 13 ], [ "R", 20 ], [ "R", 22 ] ]
    } ]
  },
  "MealController.browse" : {
    "t" : [ {
      "id" : 0,
      "a" : [ [ "R", 19 ], [ "R", 6 ], [ "R", 10 ], [ "R", 10 ], [ "R", 10 ], [ "R", 19 ] ]
    } ]
  },
  "ManagerCategoryController.edit" : {
    "t" : [ {
      "id" : 0,
      "a" : [ [ "R", 6 ], [ "R", 23 ], [ "R", 3 ], [ "R", 3 ] ]
    } ]
  },
  "ManagerSocialIdentityController.save" : {
    "t" : [ {
      "id" : 0,
      "a" : [ [ "R", 6 ], [ "R", 23 ], [ "R", 6 ], [ "R", 23 ], [ "R", 21 ], [ "R", 19 ], [ "W", 21 ], [ "W", 19 ], [ "W", 21 ], [ "W", 21 ], [ "W", 21 ], [ "W", 21 ], [ "R", 6 ], [ "R", 23 ], [ "R", 21 ], [ "R", 19 ], [ "R", 19 ], [ "R", 9 ], [ "R", 1 ], [ "R", 23 ], [ "R", 23 ], [ "R", 23 ], [ "W", 21 ], [ "R", 6 ], [ "R", 6 ], [ "R", 9 ], [ "R", 9 ], [ "R", 9 ], [ "R", 23 ], [ "R", 6 ], [ "R", 19 ], [ "R", 19 ], [ "R", 21 ], [ "R", 19 ], [ "R", 9 ] ]
    } ]
  },
  "AdministratorMonthBillController.display" : {
    "t" : [ {
      "id" : 0,
      "a" : [ [ "R", 12 ] ]
    } ]
  },
  "ReviewLikeController.create" : {
    "t" : [ {
      "id" : 0,
      "a" : [ [ "R", 20 ], [ "R", 6 ], [ "R", 6 ], [ "R", 22 ], [ "R", 22 ], [ "R", 22 ], [ "R", 23 ], [ "R", 6 ], [ "R", 23 ], [ "W", 16 ], [ "W", 20 ], [ "W", 16 ], [ "W", 22 ], [ "R", 6 ], [ "R", 23 ], [ "R", 16 ], [ "R", 20 ], [ "R", 6 ], [ "R", 23 ], [ "R", 6 ], [ "R", 6 ], [ "R", 22 ], [ "R", 22 ], [ "R", 22 ], [ "R", 23 ], [ "R", 16 ], [ "R", 16 ], [ "R", 16 ], [ "R", 22 ], [ "R", 16 ], [ "R", 20 ], [ "W", 16 ], [ "R", 6 ], [ "R", 23 ], [ "R", 6 ], [ "R", 6 ], [ "R", 22 ], [ "R", 22 ], [ "R", 22 ], [ "R", 23 ], [ "R", 15 ], [ "R", 15 ], [ "R", 15 ], [ "R", 22 ], [ "R", 15 ], [ "R", 20 ], [ "R", 6 ], [ "R", 23 ], [ "R", 6 ], [ "R", 15 ], [ "R", 20 ], [ "R", 6 ], [ "R", 23 ], [ "R", 6 ], [ "R", 6 ], [ "R", 22 ], [ "R", 22 ], [ "R", 22 ], [ "R", 23 ], [ "R", 15 ], [ "R", 15 ], [ "R", 15 ], [ "R", 22 ], [ "R", 15 ], [ "R", 20 ], [ "W", 15 ], [ "R", 20 ], [ "R", 16 ], [ "R", 20 ], [ "R", 15 ] ]
    } ]
  },
  "RestaurantController.display" : {
    "t" : [ {
      "id" : 0,
      "a" : [ [ "R", 19 ], [ "R", 6 ], [ "R", 23 ], [ "R", 19 ], [ "R", 9 ], [ "R", 1 ], [ "R", 23 ], [ "R", 23 ], [ "R", 6 ], [ "R", 23 ], [ "R", 6 ], [ "R", 10 ], [ "R", 10 ], [ "R", 10 ], [ "R", 19 ], [ "R", 6 ], [ "R", 10 ], [ "R", 10 ], [ "R", 10 ], [ "R", 19 ], [ "R", 10 ], [ "R", 6 ], [ "R", 10 ], [ "R", 10 ], [ "R", 10 ], [ "R", 19 ], [ "R", 10 ], [ "R", 6 ], [ "R", 4 ], [ "R", 4 ], [ "R", 4 ], [ "R", 22 ], [ "R", 4 ], [ "R", 19 ], [ "R", 4 ] ]
    } ]
  },
  "ManagerPromoteController.save" : {
    "t" : [ {
      "id" : 0,
      "a" : [ [ "R", 6 ], [ "R", 23 ], [ "R", 6 ], [ "R", 6 ], [ "R", 9 ], [ "R", 9 ], [ "R", 9 ], [ "R", 23 ], [ "R", 6 ], [ "R", 19 ], [ "R", 19 ], [ "R", 19 ], [ "R", 9 ], [ "R", 6 ], [ "R", 23 ], [ "R", 6 ], [ "R", 6 ], [ "R", 9 ], [ "R", 9 ], [ "R", 9 ], [ "R", 23 ], [ "R", 6 ], [ "R", 13 ], [ "R", 13 ], [ "R", 13 ], [ "R", 19 ], [ "R", 9 ], [ "R", 13 ], [ "R", 13 ], [ "R", 13 ], [ "R", 13 ], [ "R", 19 ], [ "R", 13 ], [ "R", 6 ], [ "R", 19 ], [ "R", 13 ], [ "R", 19 ], [ "R", 19 ], [ "R", 13 ], [ "R", 6 ], [ "R", 19 ], [ "R", 13 ], [ "R", 13 ], [ "R", 13 ], [ "R", 13 ], [ "R", 13 ], [ "R", 13 ], [ "R", 19 ], [ "R", 6 ], [ "R", 23 ], [ "R", 13 ], [ "R", 19 ], [ "R", 19 ], [ "R", 9 ], [ "R", 1 ], [ "R", 23 ], [ "R", 23 ], [ "R", 23 ], [ "R", 13 ], [ "R", 13 ], [ "R", 13 ], [ "R", 13 ], [ "R", 13 ], [ "R", 13 ], [ "R", 19 ], [ "W", 13 ], [ "R", 6 ], [ "R", 23 ], [ "R", 6 ], [ "R", 6 ], [ "R", 9 ], [ "R", 9 ], [ "R", 9 ], [ "R", 23 ], [ "R", 6 ], [ "R", 13 ], [ "R", 13 ], [ "R", 13 ], [ "R", 19 ], [ "R", 9 ], [ "R", 13 ], [ "R", 13 ], [ "R", 13 ], [ "R", 13 ], [ "R", 6 ], [ "R", 23 ], [ "R", 6 ], [ "R", 6 ], [ "R", 9 ], [ "R", 9 ], [ "R", 9 ], [ "R", 23 ], [ "R", 6 ], [ "R", 19 ], [ "R", 19 ], [ "R", 19 ], [ "R", 9 ], [ "R", 6 ], [ "R", 23 ], [ "R", 6 ], [ "R", 6 ], [ "R", 9 ], [ "R", 9 ], [ "R", 9 ], [ "R", 23 ], [ "R", 6 ], [ "R", 13 ], [ "R", 13 ], [ "R", 13 ], [ "R", 19 ], [ "R", 9 ], [ "R", 13 ], [ "R", 13 ], [ "R", 13 ], [ "R", 13 ], [ "R", 19 ], [ "R", 13 ], [ "R", 6 ], [ "R", 19 ], [ "R", 13 ], [ "R", 19 ], [ "R", 19 ], [ "R", 13 ], [ "R", 6 ], [ "R", 19 ] ]
    } ]
  },
  "AdministratorBanUnbanController.browse" : {
    "t" : [ {
      "id" : 0,
      "a" : [ [ "R", 4 ], [ "R", 4 ], [ "R", 22 ], [ "R", 4 ], [ "R", 17 ], [ "R", 4 ], [ "R", 22 ] ]
    } ]
  },
  "ManagerMealController.save" : {
    "t" : [ {
      "id" : 0,
      "a" : [ [ "R", 6 ], [ "R", 23 ], [ "R", 6 ], [ "R", 6 ], [ "R", 9 ], [ "R", 9 ], [ "R", 9 ], [ "R", 23 ], [ "R", 6 ], [ "R", 3 ], [ "R", 3 ], [ "R", 3 ], [ "R", 9 ], [ "R", 6 ], [ "R", 3 ], [ "R", 6 ], [ "R", 23 ], [ "R", 6 ], [ "R", 6 ], [ "R", 9 ], [ "R", 9 ], [ "R", 9 ], [ "R", 23 ], [ "R", 6 ], [ "R", 3 ], [ "R", 3 ], [ "R", 3 ], [ "R", 9 ], [ "R", 6 ], [ "R", 3 ], [ "R", 6 ], [ "R", 23 ], [ "R", 19 ], [ "R", 6 ], [ "R", 23 ], [ "W", 10 ], [ "W", 10 ], [ "W", 14 ], [ "R", 10 ], [ "W", 6 ], [ "W", 10 ], [ "W", 19 ], [ "W", 10 ], [ "W", 10 ], [ "W", 10 ], [ "W", 10 ], [ "W", 3 ], [ "R", 10 ], [ "R", 19 ], [ "R", 19 ], [ "R", 9 ], [ "R", 1 ], [ "R", 23 ], [ "R", 23 ], [ "R", 23 ], [ "R", 6 ], [ "R", 23 ], [ "R", 23 ], [ "R", 10 ], [ "R", 19 ], [ "R", 19 ], [ "R", 9 ], [ "R", 1 ], [ "R", 23 ], [ "R", 23 ], [ "R", 23 ], [ "W", 10 ], [ "R", 10 ], [ "R", 19 ], [ "R", 6 ], [ "R", 6 ], [ "R", 23 ], [ "R", 6 ], [ "R", 6 ], [ "R", 9 ], [ "R", 9 ], [ "R", 9 ], [ "R", 23 ], [ "R", 6 ], [ "R", 3 ], [ "R", 3 ], [ "R", 3 ], [ "R", 9 ], [ "R", 6 ], [ "R", 3 ], [ "R", 6 ], [ "R", 23 ], [ "R", 6 ], [ "R", 6 ], [ "R", 9 ], [ "R", 9 ], [ "R", 9 ], [ "R", 23 ], [ "R", 6 ], [ "R", 3 ], [ "R", 3 ], [ "R", 3 ], [ "R", 9 ], [ "R", 6 ], [ "R", 3 ] ]
    } ]
  },
  "AdministratorMonthBillController.generate" : {
    "t" : [ {
      "id" : 0,
      "a" : [ [ "R", 6 ], [ "R", 23 ], [ "R", 23 ], [ "R", 7 ], [ "R", 13 ], [ "R", 13 ], [ "R", 13 ], [ "R", 13 ], [ "R", 13 ], [ "R", 7 ], [ "W", 12 ], [ "W", 12 ], [ "R", 13 ], [ "R", 19 ], [ "R", 19 ], [ "R", 9 ], [ "W", 12 ], [ "W", 9 ], [ "R", 6 ], [ "R", 23 ], [ "W", 12 ], [ "W", 13 ], [ "R", 6 ], [ "R", 23 ], [ "R", 23 ], [ "R", 7 ], [ "R", 13 ], [ "R", 13 ], [ "R", 13 ], [ "R", 13 ], [ "R", 13 ], [ "R", 7 ], [ "W", 12 ], [ "W", 12 ], [ "R", 13 ], [ "R", 19 ], [ "R", 19 ], [ "R", 9 ], [ "W", 12 ], [ "W", 9 ], [ "R", 6 ], [ "R", 23 ], [ "W", 12 ], [ "W", 13 ] ]
    } ]
  },
  "MealOrderController.browseCurrentlyByUser" : {
    "t" : [ {
      "id" : 0,
      "a" : [ [ "R", 6 ], [ "R", 23 ], [ "R", 6 ], [ "R", 6 ], [ "R", 22 ], [ "R", 22 ], [ "R", 22 ], [ "R", 23 ], [ "R", 6 ], [ "R", 11 ], [ "R", 11 ], [ "R", 11 ], [ "R", 22 ], [ "R", 11 ], [ "R", 11 ], [ "R", 11 ], [ "R", 19 ] ]
    } ]
  },
  "ManagerMonthlyBillController.list" : {
    "t" : [ {
      "id" : 0,
      "a" : [ [ "R", 6 ], [ "R", 23 ], [ "R", 6 ], [ "R", 6 ], [ "R", 9 ], [ "R", 9 ], [ "R", 9 ], [ "R", 23 ], [ "R", 6 ], [ "R", 12 ], [ "R", 12 ], [ "R", 12 ], [ "R", 9 ] ]
    } ]
  },
  "RestaurantController.search" : {
    "t" : [ {
      "id" : 0,
      "a" : [ [ "R", 19 ], [ "R", 19 ], [ "R", 19 ], [ "R", 19 ], [ "R", 19 ], [ "R", 10 ], [ "R", 10 ], [ "R", 10 ], [ "R", 3 ], [ "R", 10 ], [ "R", 19 ], [ "R", 19 ], [ "R", 19 ], [ "R", 19 ] ]
    } ]
  },
  "AdministratorBanUnbanController.browseBanned" : {
    "t" : [ {
      "id" : 0,
      "a" : [ [ "R", 4 ], [ "R", 4 ], [ "R", 22 ], [ "R", 4 ], [ "R", 17 ], [ "R", 4 ], [ "R", 22 ], [ "R", 4 ], [ "R", 22 ] ]
    } ]
  },
  "CriticReviewController.create" : {
    "t" : [ {
      "id" : 0,
      "a" : [ [ "R", 6 ], [ "R", 23 ] ]
    } ]
  },
  "UserMealOrderController.save" : {
    "t" : [ {
      "id" : 0,
      "a" : [ [ "R", 24 ], [ "R", 24 ], [ "R", 11 ], [ "W", 11 ], [ "W", 11 ], [ "W", 11 ], [ "W", 11 ], [ "R", 19 ], [ "W", 11 ], [ "W", 11 ], [ "R", 19 ], [ "R", 11 ], [ "R", 19 ], [ "W", 11 ], [ "R", 6 ], [ "R", 23 ], [ "R", 23 ], [ "W", 11 ], [ "R", 6 ], [ "R", 23 ], [ "W", 8 ], [ "W", 11 ], [ "W", 8 ], [ "R", 11 ], [ "R", 22 ], [ "R", 1 ], [ "W", 8 ], [ "R", 11 ], [ "R", 22 ], [ "R", 1 ], [ "W", 8 ], [ "W", 8 ], [ "R", 11 ], [ "R", 22 ], [ "R", 18 ], [ "R", 11 ], [ "W", 8 ], [ "R", 6 ], [ "R", 23 ], [ "W", 8 ], [ "R", 6 ], [ "R", 11 ], [ "R", 19 ], [ "R", 19 ], [ "R", 19 ], [ "R", 11 ], [ "R", 19 ], [ "R", 19 ] ]
    } ]
  },
  "UserController.displayById" : {
    "t" : [ {
      "id" : 0,
      "a" : [ [ "R", 22 ] ]
    } ]
  },
  "UserController.display" : {
    "t" : [ {
      "id" : 0,
      "a" : [ [ "R", 6 ], [ "R", 6 ], [ "R", 22 ], [ "R", 22 ], [ "R", 22 ], [ "R", 23 ], [ "W", 23 ], [ "R", 23 ], [ "R", 23 ], [ "W", 22 ], [ "W", 1 ], [ "W", 23 ], [ "W", 22 ], [ "W", 4 ], [ "W", 22 ], [ "W", 11 ], [ "W", 22 ], [ "W", 15 ], [ "W", 22 ], [ "W", 16 ], [ "W", 18 ], [ "W", 17 ], [ "R", 6 ], [ "W", 6 ], [ "R", 1 ], [ "R", 23 ], [ "W", 1 ], [ "W", 23 ], [ "R", 1 ], [ "W", 1 ], [ "R", 1 ], [ "W", 1 ], [ "R", 1 ], [ "W", 1 ], [ "R", 1 ], [ "W", 1 ], [ "R", 1 ], [ "W", 1 ], [ "R", 18 ], [ "R", 18 ], [ "R", 18 ], [ "R", 18 ], [ "R", 18 ], [ "R", 18 ], [ "W", 18 ] ]
    } ]
  },
  "ManagerCategoryController.saveCreate" : {
    "t" : [ {
      "id" : 0,
      "a" : [ [ "R", 6 ], [ "R", 23 ], [ "R", 6 ], [ "R", 6 ], [ "R", 9 ], [ "R", 9 ], [ "R", 9 ], [ "R", 23 ], [ "R", 6 ], [ "R", 23 ], [ "W", 3 ], [ "W", 9 ], [ "W", 3 ], [ "R", 3 ], [ "R", 3 ], [ "R", 3 ], [ "W", 3 ], [ "R", 3 ], [ "R", 3 ], [ "R", 3 ], [ "R", 6 ], [ "R", 23 ], [ "R", 23 ], [ "R", 3 ], [ "R", 9 ], [ "R", 1 ], [ "R", 23 ], [ "R", 23 ], [ "R", 23 ], [ "R", 6 ], [ "W", 3 ] ]
    } ]
  },
  "ReviewController.display" : {
    "t" : [ {
      "id" : 0,
      "a" : [ [ "R", 20 ], [ "R", 20 ], [ "R", 16 ], [ "R", 20 ], [ "R", 15 ] ]
    } ]
  },
  "ManagerRestaurantController.create" : {
    "t" : [ {
      "id" : 0,
      "a" : [ [ "R", 6 ], [ "R", 23 ] ]
    } ]
  },
  "RegisterCriticController.save" : {
    "t" : [ {
      "id" : 0,
      "a" : [ [ "R", 6 ], [ "R", 23 ], [ "W", 23 ], [ "R", 23 ], [ "R", 23 ], [ "W", 5 ], [ "W", 20 ], [ "W", 1 ], [ "W", 23 ], [ "W", 23 ], [ "R", 23 ], [ "R", 23 ], [ "W", 23 ], [ "W", 23 ], [ "W", 1 ], [ "W", 23 ], [ "W", 1 ], [ "W", 1 ], [ "W", 1 ], [ "W", 1 ], [ "W", 1 ], [ "W", 5 ], [ "R", 6 ], [ "R", 23 ], [ "R", 23 ], [ "R", 1 ], [ "R", 23 ], [ "R", 23 ], [ "R", 1 ], [ "R", 23 ], [ "W", 23 ], [ "R", 6 ], [ "R", 6 ], [ "R", 6 ], [ "R", 5 ], [ "R", 5 ], [ "R", 5 ], [ "R", 23 ], [ "R", 6 ], [ "R", 6 ], [ "R", 6 ], [ "R", 23 ], [ "W", 5 ] ]
    } ]
  },
  "ReportController.save" : {
    "t" : [ {
      "id" : 0,
      "a" : [ [ "R", 6 ], [ "R", 23 ], [ "R", 23 ], [ "R", 6 ], [ "R", 6 ], [ "R", 18 ], [ "R", 18 ], [ "R", 18 ], [ "R", 23 ], [ "R", 4 ], [ "W", 17 ], [ "W", 17 ], [ "W", 18 ], [ "W", 17 ], [ "W", 4 ], [ "W", 17 ], [ "R", 6 ], [ "R", 23 ], [ "R", 23 ], [ "W", 17 ], [ "R", 17 ], [ "R", 4 ], [ "R", 4 ], [ "R", 19 ], [ "R", 6 ] ]
    } ]
  },
  "ManagerMealController.delete" : {
    "t" : [ {
      "id" : 0,
      "a" : [ [ "R", 10 ], [ "R", 6 ], [ "R", 23 ], [ "R", 6 ], [ "R", 10 ], [ "W", 10 ], [ "W", 10 ], [ "W", 10 ], [ "R", 10 ], [ "R", 19 ], [ "R", 6 ] ]
    } ]
  },
  "AdministratorMonthBillController.list" : {
    "t" : [ {
      "id" : 0,
      "a" : [ [ "R", 6 ], [ "R", 23 ], [ "R", 12 ] ]
    } ]
  },
  "ReviewDislikeController.create" : {
    "t" : [ {
      "id" : 0,
      "a" : [ [ "R", 20 ], [ "R", 6 ], [ "R", 6 ], [ "R", 22 ], [ "R", 22 ], [ "R", 22 ], [ "R", 23 ], [ "R", 6 ], [ "R", 23 ], [ "W", 15 ], [ "W", 20 ], [ "W", 15 ], [ "W", 22 ], [ "R", 6 ], [ "R", 23 ], [ "R", 15 ], [ "R", 20 ], [ "R", 6 ], [ "R", 23 ], [ "R", 6 ], [ "R", 6 ], [ "R", 22 ], [ "R", 22 ], [ "R", 22 ], [ "R", 23 ], [ "R", 15 ], [ "R", 15 ], [ "R", 15 ], [ "R", 22 ], [ "R", 15 ], [ "R", 20 ], [ "W", 15 ], [ "R", 6 ], [ "R", 23 ], [ "R", 6 ], [ "R", 6 ], [ "R", 22 ], [ "R", 22 ], [ "R", 22 ], [ "R", 23 ], [ "R", 16 ], [ "R", 16 ], [ "R", 16 ], [ "R", 22 ], [ "R", 16 ], [ "R", 20 ], [ "R", 6 ], [ "R", 23 ], [ "R", 6 ], [ "R", 16 ], [ "R", 20 ], [ "R", 6 ], [ "R", 23 ], [ "R", 6 ], [ "R", 6 ], [ "R", 22 ], [ "R", 22 ], [ "R", 22 ], [ "R", 23 ], [ "R", 16 ], [ "R", 16 ], [ "R", 16 ], [ "R", 22 ], [ "R", 16 ], [ "R", 20 ], [ "W", 16 ], [ "R", 20 ], [ "R", 16 ], [ "R", 20 ], [ "R", 15 ] ]
    } ]
  },
  "AdministratorFeeController.save" : {
    "t" : [ {
      "id" : 0,
      "a" : [ [ "R", 7 ], [ "W", 7 ], [ "R", 6 ], [ "R", 23 ], [ "W", 7 ] ]
    } ]
  },
  "ManagerSocialIdentityController.delete" : {
    "t" : [ {
      "id" : 0,
      "a" : [ [ "R", 6 ], [ "R", 23 ], [ "R", 6 ], [ "R", 23 ], [ "R", 21 ], [ "R", 19 ], [ "W", 21 ], [ "W", 19 ], [ "W", 21 ], [ "W", 21 ], [ "W", 21 ], [ "W", 21 ], [ "R", 6 ], [ "R", 23 ], [ "R", 6 ], [ "W", 21 ], [ "R", 6 ], [ "R", 6 ], [ "R", 9 ], [ "R", 9 ], [ "R", 9 ], [ "R", 23 ], [ "R", 6 ], [ "R", 19 ], [ "R", 19 ], [ "R", 21 ], [ "R", 19 ], [ "R", 9 ] ]
    } ]
  }
}