{
  "FloaatController.listOwn" : {
    "t" : [ {
      "id" : 0,
      "a" : [ [ "R", 7 ], [ "R", 7 ], [ "R", 5 ], [ "R", 5 ], [ "R", 5 ], [ "R", 17 ], [ "R", 7 ], [ "R", 5 ], [ "R", 10 ], [ "R", 10 ], [ "R", 10 ], [ "R", 5 ], [ "R", 6 ], [ "R", 6 ], [ "R", 6 ], [ "R", 6 ], [ "R", 5 ] ]
    } ]
  },
  "PositionAdministratorController.save" : {
    "t" : [ {
      "id" : 0,
      "a" : [ [ "R", 13 ], [ "R", 6 ], [ "R", 6 ], [ "R", 6 ], [ "R", 6 ], [ "W", 13 ], [ "R", 7 ], [ "R", 17 ], [ "R", 1 ], [ "R", 1 ], [ "R", 1 ], [ "R", 17 ], [ "R", 1 ], [ "R", 17 ], [ "R", 17 ], [ "W", 13 ], [ "R", 13 ], [ "R", 13 ], [ "R", 6 ], [ "R", 6 ], [ "R", 6 ], [ "R", 6 ] ]
    } ]
  },
  "LoginController.login" : {
    "t" : [ {
      "id" : 0,
      "a" : [ [ "R", 6 ], [ "R", 6 ], [ "R", 6 ], [ "R", 6 ] ]
    } ]
  },
  "RequestBrotherhoodController.declineSave" : {
    "t" : [ {
      "id" : 0,
      "a" : [ [ "R", 7 ], [ "R", 7 ], [ "R", 5 ], [ "R", 5 ], [ "R", 5 ], [ "R", 17 ], [ "R", 7 ], [ "R", 6 ], [ "R", 6 ], [ "R", 6 ], [ "R", 6 ], [ "R", 15 ], [ "W", 15 ], [ "R", 15 ], [ "R", 14 ], [ "R", 14 ], [ "R", 5 ], [ "R", 7 ], [ "R", 15 ], [ "W", 15 ], [ "R", 15 ], [ "R", 15 ], [ "R", 15 ], [ "R", 15 ], [ "R", 15 ], [ "R", 15 ], [ "R", 15 ], [ "R", 15 ], [ "R", 14 ], [ "R", 7 ], [ "R", 15 ], [ "R", 15 ], [ "R", 15 ], [ "R", 15 ], [ "R", 15 ], [ "R", 14 ], [ "W", 15 ], [ "R", 15 ], [ "R", 15 ], [ "R", 15 ], [ "R", 14 ], [ "R", 14 ], [ "R", 5 ], [ "R", 7 ], [ "R", 6 ], [ "R", 6 ], [ "R", 6 ], [ "R", 6 ], [ "R", 6 ], [ "R", 6 ], [ "R", 6 ], [ "R", 6 ] ]
    } ]
  },
  "FloaatBrotherhoodController.delete" : {
    "t" : [ {
      "id" : 0,
      "a" : [ [ "R", 7 ], [ "R", 7 ], [ "R", 5 ], [ "R", 5 ], [ "R", 5 ], [ "R", 17 ], [ "R", 6 ], [ "R", 6 ], [ "R", 6 ], [ "R", 6 ], [ "R", 10 ], [ "R", 10 ], [ "R", 5 ], [ "R", 7 ], [ "R", 7 ], [ "R", 7 ], [ "R", 14 ], [ "R", 14 ], [ "R", 14 ], [ "R", 10 ], [ "R", 14 ], [ "R", 10 ], [ "R", 7 ], [ "R", 17 ], [ "W", 14 ], [ "R", 10 ], [ "W", 10 ], [ "R", 6 ], [ "R", 6 ], [ "R", 6 ], [ "R", 6 ] ]
    } ]
  },
  "ProcessionBrotherhoodController.list" : {
    "t" : [ {
      "id" : 0,
      "a" : [ [ "R", 7 ], [ "R", 7 ], [ "R", 5 ], [ "R", 5 ], [ "R", 5 ], [ "R", 17 ], [ "R", 7 ], [ "R", 5 ], [ "R", 14 ], [ "R", 14 ], [ "R", 14 ], [ "R", 5 ], [ "R", 6 ], [ "R", 6 ], [ "R", 6 ], [ "R", 6 ] ]
    } ]
  },
  "requestMemberController.delete" : {
    "t" : [ {
      "id" : 0,
      "a" : [ [ "R", 15 ], [ "R", 7 ], [ "R", 7 ], [ "R", 11 ], [ "R", 11 ], [ "R", 11 ], [ "R", 17 ], [ "R", 15 ], [ "R", 11 ], [ "R", 7 ], [ "R", 7 ], [ "R", 15 ], [ "W", 15 ], [ "R", 15 ], [ "R", 11 ], [ "R", 7 ], [ "R", 7 ], [ "R", 7 ] ]
    } ]
  },
  "ActorController.showMember" : {
    "t" : [ {
      "id" : 0,
      "a" : [ [ "R", 11 ], [ "R", 7 ], [ "R", 7 ], [ "R", 5 ], [ "R", 5 ], [ "R", 5 ], [ "R", 17 ], [ "R", 11 ], [ "R", 8 ], [ "R", 8 ], [ "R", 5 ], [ "R", 1 ], [ "R", 17 ], [ "R", 1 ], [ "R", 1 ], [ "R", 1 ], [ "R", 1 ], [ "R", 1 ], [ "R", 1 ], [ "R", 1 ], [ "R", 6 ], [ "R", 6 ], [ "R", 6 ], [ "R", 6 ] ]
    } ]
  },
  "MessageController.broadcastMessageBrotherhoods" : {
    "t" : [ {
      "id" : 0,
      "a" : [ [ "R", 7 ], [ "R", 7 ], [ "R", 1 ], [ "R", 1 ], [ "R", 1 ], [ "R", 17 ], [ "R", 7 ], [ "R", 4 ], [ "R", 4 ], [ "R", 4 ], [ "R", 4 ], [ "R", 1 ], [ "W", 12 ], [ "W", 12 ], [ "W", 12 ], [ "W", 12 ], [ "W", 12 ], [ "W", 12 ], [ "W", 4 ], [ "W", 12 ], [ "W", 1 ], [ "R", 7 ], [ "R", 7 ], [ "R", 1 ], [ "R", 1 ], [ "R", 1 ], [ "R", 17 ], [ "W", 12 ], [ "W", 1 ], [ "W", 12 ], [ "W", 12 ], [ "W", 12 ], [ "R", 5 ], [ "R", 6 ], [ "R", 6 ], [ "R", 6 ], [ "R", 6 ], [ "R", 6 ], [ "R", 6 ] ]
    } ]
  },
  "ConfigurationAdministratorController.save" : {
    "t" : [ {
      "id" : 0,
      "a" : [ [ "R", 6 ], [ "R", 6 ], [ "R", 6 ], [ "R", 6 ], [ "R", 6 ], [ "W", 6 ], [ "W", 6 ], [ "W", 6 ], [ "W", 6 ], [ "W", 6 ], [ "W", 6 ], [ "W", 6 ], [ "W", 6 ], [ "W", 6 ], [ "W", 6 ], [ "R", 6 ], [ "R", 6 ], [ "R", 6 ], [ "R", 6 ] ]
    } ]
  },
  "AreaController.edit" : {
    "t" : [ {
      "id" : 0,
      "a" : [ [ "R", 3 ], [ "R", 6 ], [ "R", 6 ], [ "R", 6 ], [ "R", 6 ] ]
    } ]
  },
  "BoxController.list" : {
    "t" : [ {
      "id" : 0,
      "a" : [ [ "R", 7 ], [ "R", 7 ], [ "R", 1 ], [ "R", 1 ], [ "R", 1 ], [ "R", 17 ], [ "R", 7 ], [ "R", 4 ], [ "R", 4 ], [ "R", 4 ], [ "R", 1 ], [ "R", 7 ], [ "R", 4 ], [ "R", 4 ], [ "R", 4 ], [ "R", 4 ], [ "R", 1 ], [ "R", 6 ], [ "R", 6 ], [ "R", 6 ], [ "R", 6 ] ]
    } ]
  },
  "FinderMemberController.updateFinder" : {
    "t" : [ {
      "id" : 0,
      "a" : [ [ "R", 3 ], [ "R", 7 ], [ "R", 7 ], [ "R", 1 ], [ "R", 1 ], [ "R", 1 ], [ "R", 17 ], [ "R", 7 ], [ "R", 11 ], [ "R", 11 ], [ "R", 9 ], [ "R", 11 ], [ "R", 1 ], [ "R", 17 ], [ "R", 17 ], [ "R", 7 ], [ "R", 7 ], [ "R", 7 ], [ "R", 7 ], [ "R", 6 ], [ "R", 6 ], [ "W", 9 ], [ "R", 7 ], [ "R", 7 ], [ "R", 1 ], [ "R", 1 ], [ "R", 1 ], [ "R", 17 ], [ "R", 7 ], [ "R", 11 ], [ "R", 11 ], [ "R", 9 ], [ "R", 11 ], [ "R", 1 ], [ "R", 17 ], [ "R", 17 ], [ "R", 7 ], [ "R", 7 ], [ "R", 7 ], [ "R", 7 ], [ "R", 9 ], [ "W", 9 ], [ "R", 9 ], [ "W", 9 ], [ "R", 9 ], [ "W", 9 ], [ "R", 9 ], [ "W", 9 ], [ "R", 6 ], [ "R", 6 ], [ "R", 9 ], [ "R", 7 ], [ "R", 6 ], [ "R", 9 ], [ "W", 9 ], [ "R", 9 ], [ "W", 9 ], [ "R", 9 ], [ "W", 9 ], [ "R", 9 ], [ "W", 9 ], [ "R", 9 ], [ "R", 9 ], [ "R", 9 ], [ "R", 9 ], [ "R", 14 ], [ "R", 14 ], [ "R", 14 ], [ "R", 14 ], [ "R", 14 ], [ "R", 14 ], [ "R", 14 ], [ "R", 5 ], [ "R", 3 ], [ "R", 14 ], [ "W", 9 ], [ "W", 14 ], [ "W", 9 ], [ "W", 9 ], [ "R", 7 ], [ "R", 7 ], [ "R", 7 ], [ "R", 11 ], [ "R", 11 ], [ "R", 11 ], [ "R", 17 ], [ "W", 11 ], [ "W", 9 ], [ "W", 11 ], [ "R", 3 ] ]
    } ]
  },
  "ActorAdministratorController.unban" : {
    "t" : [ {
      "id" : 0,
      "a" : [ [ "R", 1 ], [ "R", 1 ], [ "W", 1 ], [ "W", 1 ], [ "R", 1 ], [ "R", 17 ], [ "W", 17 ], [ "W", 1 ], [ "R", 1 ], [ "R", 1 ], [ "R", 1 ], [ "R", 1 ] ]
    } ]
  },
  "MessageController.show" : {
    "t" : [ {
      "id" : 0,
      "a" : [ [ "R", 12 ], [ "R", 7 ], [ "R", 7 ], [ "R", 1 ], [ "R", 1 ], [ "R", 1 ], [ "R", 17 ], [ "R", 12 ], [ "R", 1 ], [ "R", 7 ], [ "R", 7 ], [ "R", 7 ], [ "R", 12 ], [ "R", 1 ], [ "R", 7 ], [ "R", 7 ], [ "R", 7 ], [ "R", 7 ], [ "R", 7 ], [ "R", 1 ], [ "R", 1 ], [ "R", 1 ], [ "R", 17 ], [ "R", 7 ], [ "R", 4 ], [ "R", 4 ], [ "R", 4 ], [ "R", 1 ], [ "R", 12 ], [ "R", 4 ], [ "R", 7 ], [ "R", 7 ], [ "R", 1 ], [ "R", 1 ], [ "R", 1 ], [ "R", 17 ], [ "R", 1 ], [ "R", 6 ], [ "R", 6 ], [ "R", 6 ], [ "R", 6 ], [ "R", 6 ], [ "R", 6 ], [ "R", 7 ], [ "R", 7 ], [ "R", 1 ], [ "R", 1 ], [ "R", 1 ], [ "R", 17 ], [ "R", 12 ], [ "R", 1 ], [ "R", 7 ], [ "R", 7 ], [ "R", 7 ], [ "R", 12 ], [ "R", 1 ], [ "R", 7 ], [ "R", 7 ], [ "R", 7 ] ]
    } ]
  },
  "ActorController.edit" : {
    "t" : [ {
      "id" : 0,
      "a" : [ [ "R", 3 ], [ "R", 7 ], [ "R", 7 ], [ "R", 1 ], [ "R", 1 ], [ "R", 1 ], [ "R", 17 ], [ "R", 1 ], [ "R", 17 ], [ "R", 17 ], [ "R", 1 ], [ "R", 17 ], [ "R", 17 ], [ "R", 1 ], [ "R", 17 ], [ "R", 7 ], [ "R", 5 ], [ "R", 5 ], [ "R", 5 ], [ "R", 17 ], [ "R", 5 ], [ "R", 5 ], [ "R", 5 ], [ "R", 3 ], [ "R", 1 ], [ "R", 17 ], [ "R", 17 ], [ "R", 1 ], [ "R", 17 ], [ "R", 7 ], [ "R", 7 ], [ "R", 1 ], [ "R", 1 ], [ "R", 1 ], [ "R", 1 ], [ "R", 1 ], [ "R", 1 ], [ "R", 1 ], [ "R", 17 ], [ "R", 7 ], [ "R", 5 ], [ "R", 5 ], [ "R", 5 ], [ "R", 17 ], [ "R", 5 ], [ "R", 5 ], [ "R", 5 ], [ "R", 3 ], [ "R", 3 ], [ "R", 6 ], [ "R", 6 ], [ "R", 6 ], [ "R", 6 ] ]
    } ]
  },
  "MessageController.exchangeMessageMembers" : {
    "t" : [ {
      "id" : 0,
      "a" : [ [ "R", 7 ], [ "R", 7 ], [ "R", 1 ], [ "R", 1 ], [ "R", 1 ], [ "R", 17 ], [ "R", 7 ], [ "R", 4 ], [ "R", 4 ], [ "R", 4 ], [ "R", 4 ], [ "R", 1 ], [ "W", 12 ], [ "W", 12 ], [ "W", 12 ], [ "W", 12 ], [ "W", 12 ], [ "W", 12 ], [ "W", 4 ], [ "W", 12 ], [ "W", 1 ], [ "R", 11 ], [ "R", 6 ], [ "R", 6 ], [ "R", 6 ], [ "R", 6 ], [ "R", 6 ], [ "R", 6 ] ]
    } ]
  },
  "ProcessionBrotherhoodController.save" : {
    "t" : [ {
      "id" : 0,
      "a" : [ [ "R", 6 ], [ "R", 6 ], [ "R", 6 ], [ "R", 6 ], [ "W", 14 ], [ "W", 14 ], [ "R", 7 ], [ "R", 7 ], [ "R", 5 ], [ "R", 5 ], [ "R", 5 ], [ "R", 17 ], [ "W", 14 ], [ "W", 5 ], [ "W", 14 ], [ "W", 10 ], [ "W", 14 ], [ "W", 14 ], [ "W", 14 ], [ "W", 14 ], [ "R", 7 ], [ "R", 17 ], [ "W", 14 ], [ "R", 6 ], [ "R", 6 ], [ "R", 6 ], [ "R", 6 ] ]
    } ]
  },
  "MessageController.edit" : {
    "t" : [ {
      "id" : 0,
      "a" : [ [ "R", 12 ], [ "R", 4 ], [ "R", 7 ], [ "R", 7 ], [ "R", 1 ], [ "R", 1 ], [ "R", 1 ], [ "R", 17 ], [ "R", 12 ], [ "R", 1 ], [ "R", 7 ], [ "R", 7 ], [ "R", 7 ], [ "R", 12 ], [ "R", 1 ], [ "R", 7 ], [ "R", 7 ], [ "R", 7 ], [ "R", 4 ], [ "W", 12 ], [ "R", 7 ], [ "R", 4 ], [ "R", 4 ], [ "R", 4 ], [ "R", 4 ], [ "R", 1 ], [ "W", 12 ], [ "W", 4 ], [ "W", 12 ], [ "R", 7 ], [ "R", 7 ], [ "R", 1 ], [ "R", 1 ], [ "R", 1 ], [ "R", 17 ], [ "R", 1 ], [ "R", 6 ], [ "R", 6 ], [ "R", 6 ], [ "R", 6 ], [ "R", 6 ], [ "R", 6 ] ]
    } ]
  },
  "ActorAdministratorController.edit" : {
    "t" : [ {
      "id" : 0,
      "a" : [ [ "R", 1 ], [ "R", 7 ], [ "R", 12 ], [ "R", 12 ], [ "R", 12 ], [ "R", 1 ], [ "R", 12 ], [ "R", 4 ], [ "R", 1 ], [ "R", 12 ], [ "R", 12 ], [ "R", 12 ], [ "R", 6 ], [ "R", 6 ], [ "R", 6 ], [ "R", 6 ], [ "R", 6 ], [ "R", 6 ], [ "R", 6 ], [ "W", 1 ], [ "W", 1 ], [ "R", 1 ], [ "R", 1 ], [ "R", 6 ], [ "R", 6 ], [ "R", 6 ], [ "R", 6 ], [ "R", 1 ], [ "R", 1 ], [ "R", 6 ], [ "R", 6 ], [ "R", 6 ], [ "R", 6 ] ]
    } ]
  },
  "SocialProfileController.save2" : {
    "t" : [ {
      "id" : 0,
      "a" : [ [ "R", 7 ], [ "R", 7 ], [ "R", 1 ], [ "R", 1 ], [ "R", 1 ], [ "R", 17 ], [ "W", 16 ], [ "W", 1 ], [ "R", 6 ], [ "R", 6 ], [ "R", 6 ], [ "R", 6 ], [ "R", 7 ], [ "R", 7 ], [ "R", 1 ], [ "R", 1 ], [ "R", 1 ], [ "R", 17 ], [ "W", 16 ], [ "W", 1 ], [ "W", 16 ], [ "W", 16 ], [ "W", 16 ], [ "R", 16 ], [ "R", 1 ], [ "R", 1 ], [ "R", 17 ], [ "R", 7 ], [ "R", 7 ], [ "R", 7 ], [ "R", 7 ], [ "W", 16 ], [ "R", 6 ], [ "R", 6 ], [ "R", 6 ], [ "R", 6 ] ]
    } ]
  },
  "ProcessionBrotherhoodController.delete" : {
    "t" : [ {
      "id" : 0,
      "a" : [ [ "R", 7 ], [ "R", 7 ], [ "R", 5 ], [ "R", 5 ], [ "R", 5 ], [ "R", 17 ], [ "R", 6 ], [ "R", 6 ], [ "R", 6 ], [ "R", 6 ], [ "R", 14 ], [ "R", 14 ], [ "R", 5 ], [ "R", 7 ], [ "R", 7 ], [ "R", 7 ], [ "R", 14 ], [ "R", 14 ], [ "W", 14 ], [ "R", 6 ], [ "R", 6 ], [ "R", 6 ], [ "R", 6 ] ]
    } ]
  },
  "DashboardAdministratorController.dashboard" : {
    "t" : [ {
      "id" : 0,
      "a" : [ [ "R", 5 ], [ "R", 8 ], [ "R", 8 ], [ "R", 8 ], [ "R", 5 ], [ "R", 5 ], [ "R", 8 ], [ "R", 8 ], [ "R", 8 ], [ "R", 5 ], [ "R", 5 ], [ "R", 8 ], [ "R", 8 ], [ "R", 8 ], [ "R", 5 ], [ "R", 5 ], [ "R", 8 ], [ "R", 8 ], [ "R", 8 ], [ "R", 5 ], [ "R", 5 ], [ "R", 8 ], [ "R", 8 ], [ "R", 5 ], [ "R", 8 ], [ "R", 5 ], [ "R", 8 ], [ "R", 8 ], [ "R", 5 ], [ "R", 8 ], [ "R", 8 ], [ "R", 5 ], [ "R", 8 ], [ "R", 5 ], [ "R", 8 ], [ "R", 8 ], [ "R", 5 ], [ "R", 15 ], [ "R", 15 ], [ "R", 15 ], [ "R", 15 ], [ "R", 15 ], [ "R", 15 ], [ "R", 14 ], [ "R", 14 ], [ "R", 14 ], [ "R", 11 ], [ "R", 11 ], [ "R", 15 ], [ "R", 15 ], [ "R", 15 ], [ "R", 15 ], [ "R", 15 ], [ "R", 15 ], [ "R", 11 ], [ "R", 11 ], [ "R", 8 ], [ "R", 8 ], [ "R", 13 ], [ "R", 8 ], [ "R", 8 ], [ "R", 13 ], [ "R", 13 ], [ "R", 3 ], [ "R", 5 ], [ "R", 5 ], [ "R", 5 ], [ "R", 3 ], [ "R", 3 ], [ "R", 5 ], [ "R", 5 ], [ "R", 5 ], [ "R", 3 ], [ "R", 3 ], [ "R", 5 ], [ "R", 5 ], [ "R", 5 ], [ "R", 3 ], [ "R", 3 ], [ "R", 5 ], [ "R", 5 ], [ "R", 5 ], [ "R", 3 ], [ "R", 3 ], [ "R", 5 ], [ "R", 5 ], [ "R", 3 ], [ "R", 5 ], [ "R", 3 ], [ "R", 3 ], [ "R", 5 ], [ "R", 5 ], [ "R", 3 ], [ "R", 9 ], [ "R", 9 ], [ "R", 14 ], [ "R", 9 ], [ "R", 14 ], [ "R", 9 ], [ "R", 14 ], [ "R", 9 ], [ "R", 14 ], [ "R", 9 ], [ "R", 9 ], [ "R", 9 ], [ "R", 9 ], [ "R", 14 ], [ "R", 14 ], [ "R", 14 ], [ "R", 9 ], [ "R", 9 ], [ "R", 9 ], [ "R", 9 ], [ "R", 9 ], [ "R", 14 ], [ "R", 14 ], [ "R", 14 ], [ "R", 9 ], [ "R", 6 ], [ "R", 6 ], [ "R", 6 ], [ "R", 6 ] ]
    } ]
  },
  "ActorController.save" : {
    "t" : [ {
      "id" : 0,
      "a" : [ [ "R", 17 ], [ "R", 7 ], [ "R", 5 ], [ "R", 5 ], [ "R", 5 ], [ "R", 17 ], [ "R", 5 ], [ "R", 5 ], [ "R", 5 ], [ "R", 3 ], [ "R", 3 ], [ "R", 6 ], [ "R", 6 ], [ "R", 6 ], [ "R", 6 ], [ "R", 17 ], [ "R", 11 ], [ "W", 17 ], [ "W", 17 ], [ "W", 17 ], [ "W", 1 ], [ "W", 17 ], [ "W", 1 ], [ "W", 1 ], [ "W", 11 ], [ "W", 8 ], [ "W", 1 ], [ "W", 17 ], [ "W", 7 ], [ "W", 7 ], [ "W", 1 ], [ "W", 1 ], [ "W", 1 ], [ "W", 1 ], [ "W", 1 ], [ "W", 1 ], [ "W", 1 ], [ "W", 11 ], [ "R", 7 ], [ "R", 4 ], [ "R", 4 ], [ "R", 4 ], [ "R", 4 ], [ "R", 1 ], [ "W", 4 ], [ "W", 4 ], [ "W", 4 ], [ "W", 4 ], [ "W", 4 ], [ "W", 4 ], [ "W", 4 ], [ "W", 1 ], [ "W", 4 ], [ "W", 4 ], [ "W", 4 ], [ "W", 4 ], [ "W", 4 ], [ "W", 4 ], [ "W", 4 ], [ "W", 1 ], [ "W", 4 ], [ "W", 4 ], [ "W", 4 ], [ "W", 4 ], [ "W", 4 ], [ "W", 4 ], [ "W", 4 ], [ "W", 1 ], [ "W", 4 ], [ "W", 4 ], [ "W", 4 ], [ "W", 4 ], [ "W", 4 ], [ "W", 4 ], [ "W", 4 ], [ "W", 1 ], [ "W", 4 ], [ "W", 4 ], [ "W", 4 ], [ "W", 4 ], [ "W", 4 ], [ "W", 4 ], [ "W", 4 ], [ "W", 1 ], [ "W", 4 ], [ "R", 5 ], [ "W", 17 ], [ "W", 17 ], [ "W", 17 ], [ "W", 1 ], [ "W", 17 ], [ "W", 1 ], [ "W", 1 ], [ "W", 5 ], [ "W", 5 ], [ "W", 5 ], [ "W", 1 ], [ "W", 17 ], [ "W", 7 ], [ "W", 7 ], [ "W", 1 ], [ "W", 1 ], [ "W", 1 ], [ "W", 1 ], [ "W", 1 ], [ "W", 1 ], [ "W", 1 ], [ "W", 5 ], [ "W", 5 ], [ "W", 5 ], [ "W", 3 ], [ "W", 5 ], [ "R", 7 ], [ "R", 4 ], [ "R", 4 ], [ "R", 4 ], [ "R", 4 ], [ "R", 1 ], [ "W", 4 ], [ "W", 4 ], [ "W", 4 ], [ "W", 4 ], [ "W", 4 ], [ "W", 4 ], [ "W", 4 ], [ "W", 1 ], [ "W", 4 ], [ "W", 4 ], [ "W", 4 ], [ "W", 4 ], [ "W", 4 ], [ "W", 4 ], [ "W", 4 ], [ "W", 1 ], [ "W", 4 ], [ "W", 4 ], [ "W", 4 ], [ "W", 4 ], [ "W", 4 ], [ "W", 4 ], [ "W", 4 ], [ "W", 1 ], [ "W", 4 ], [ "W", 4 ], [ "W", 4 ], [ "W", 4 ], [ "W", 4 ], [ "W", 4 ], [ "W", 4 ], [ "W", 1 ], [ "W", 4 ], [ "W", 4 ], [ "W", 4 ], [ "W", 4 ], [ "W", 4 ], [ "W", 4 ], [ "W", 4 ], [ "W", 1 ], [ "W", 4 ], [ "R", 2 ], [ "W", 17 ], [ "W", 17 ], [ "W", 17 ], [ "W", 1 ], [ "W", 17 ], [ "W", 1 ], [ "W", 1 ], [ "W", 1 ], [ "W", 17 ], [ "W", 7 ], [ "W", 7 ], [ "W", 1 ], [ "W", 1 ], [ "W", 1 ], [ "W", 1 ], [ "W", 1 ], [ "W", 1 ], [ "W", 1 ], [ "R", 7 ], [ "R", 17 ], [ "W", 2 ], [ "R", 7 ], [ "R", 4 ], [ "R", 4 ], [ "R", 4 ], [ "R", 4 ], [ "R", 1 ], [ "W", 4 ], [ "W", 4 ], [ "W", 4 ], [ "W", 4 ], [ "W", 4 ], [ "W", 4 ], [ "W", 4 ], [ "W", 1 ], [ "W", 4 ], [ "W", 4 ], [ "W", 4 ], [ "W", 4 ], [ "W", 4 ], [ "W", 4 ], [ "W", 4 ], [ "W", 1 ], [ "W", 4 ], [ "W", 4 ], [ "W", 4 ], [ "W", 4 ], [ "W", 4 ], [ "W", 4 ], [ "W", 4 ], [ "W", 1 ], [ "W", 4 ], [ "W", 4 ], [ "W", 4 ], [ "W", 4 ], [ "W", 4 ], [ "W", 4 ], [ "W", 4 ], [ "W", 1 ], [ "W", 4 ], [ "W", 4 ], [ "W", 4 ], [ "W", 4 ], [ "W", 4 ], [ "W", 4 ], [ "W", 4 ], [ "W", 1 ], [ "W", 4 ], [ "R", 17 ], [ "R", 7 ], [ "R", 5 ], [ "R", 5 ], [ "R", 5 ], [ "R", 17 ], [ "R", 5 ], [ "R", 5 ], [ "R", 5 ], [ "R", 3 ], [ "R", 3 ], [ "R", 6 ], [ "R", 6 ], [ "R", 6 ], [ "R", 6 ], [ "R", 17 ], [ "R", 7 ], [ "R", 5 ], [ "R", 5 ], [ "R", 5 ], [ "R", 17 ], [ "R", 5 ], [ "R", 5 ], [ "R", 5 ], [ "R", 3 ], [ "R", 3 ], [ "R", 6 ], [ "R", 6 ], [ "R", 6 ], [ "R", 6 ] ]
    } ]
  },
  "SocialProfileController.show" : {
    "t" : [ {
      "id" : 0,
      "a" : [ [ "R", 16 ], [ "R", 7 ], [ "R", 7 ], [ "R", 1 ], [ "R", 1 ], [ "R", 1 ], [ "R", 17 ], [ "R", 7 ], [ "R", 16 ], [ "R", 1 ], [ "R", 7 ], [ "R", 16 ], [ "R", 16 ], [ "R", 16 ], [ "R", 6 ], [ "R", 6 ], [ "R", 6 ], [ "R", 6 ], [ "R", 7 ], [ "R", 16 ], [ "R", 1 ], [ "R", 7 ] ]
    } ]
  },
  "ConfigurationAdministratorController.edit" : {
    "t" : [ {
      "id" : 0,
      "a" : [ [ "R", 6 ], [ "R", 6 ], [ "R", 7 ], [ "R", 6 ], [ "R", 6 ], [ "R", 6 ], [ "R", 6 ], [ "R", 6 ], [ "R", 6 ], [ "R", 6 ], [ "R", 6 ], [ "R", 6 ], [ "R", 6 ], [ "R", 6 ], [ "R", 6 ], [ "R", 6 ], [ "R", 6 ], [ "R", 6 ], [ "R", 6 ] ]
    } ]
  },
  "WelcomeController.terms" : {
    "t" : [ {
      "id" : 0,
      "a" : [ [ "R", 6 ], [ "R", 6 ], [ "R", 6 ], [ "R", 6 ] ]
    } ]
  },
  "EnrolmentController.enrol" : {
    "t" : [ {
      "id" : 0,
      "a" : [ [ "R", 7 ], [ "R", 7 ], [ "R", 5 ], [ "R", 5 ], [ "R", 5 ], [ "R", 17 ], [ "R", 7 ], [ "R", 8 ], [ "R", 5 ], [ "R", 8 ], [ "R", 5 ], [ "R", 5 ], [ "R", 7 ], [ "R", 7 ], [ "R", 7 ], [ "R", 8 ], [ "R", 7 ], [ "R", 13 ], [ "R", 6 ], [ "R", 6 ], [ "R", 6 ], [ "R", 6 ], [ "R", 8 ], [ "R", 5 ], [ "R", 5 ], [ "R", 7 ], [ "R", 7 ], [ "R", 7 ], [ "R", 8 ], [ "R", 13 ], [ "R", 6 ], [ "R", 6 ], [ "R", 6 ], [ "R", 6 ] ]
    } ]
  },
  "ActorAdministratorController.listBanneds" : {
    "t" : [ {
      "id" : 0,
      "a" : [ [ "R", 1 ], [ "R", 1 ], [ "R", 1 ], [ "R", 1 ], [ "R", 1 ], [ "R", 6 ], [ "R", 6 ], [ "R", 6 ], [ "R", 6 ], [ "R", 6 ], [ "R", 6 ], [ "R", 6 ], [ "R", 6 ] ]
    } ]
  },
  "EnrolmentController.list" : {
    "t" : [ {
      "id" : 0,
      "a" : [ [ "R", 7 ], [ "R", 7 ], [ "R", 5 ], [ "R", 5 ], [ "R", 5 ], [ "R", 17 ], [ "R", 7 ], [ "R", 5 ], [ "R", 8 ], [ "R", 8 ], [ "R", 8 ], [ "R", 5 ], [ "R", 11 ], [ "R", 11 ], [ "R", 11 ], [ "R", 8 ], [ "R", 6 ], [ "R", 6 ], [ "R", 6 ], [ "R", 6 ] ]
    } ]
  },
  "BoxController.edit" : {
    "t" : [ {
      "id" : 0,
      "a" : [ [ "R", 4 ], [ "R", 4 ], [ "R", 7 ], [ "R", 7 ], [ "R", 1 ], [ "R", 1 ], [ "R", 1 ], [ "R", 17 ], [ "R", 4 ], [ "R", 1 ], [ "R", 7 ], [ "R", 7 ], [ "R", 7 ], [ "R", 7 ], [ "R", 7 ], [ "R", 4 ], [ "R", 4 ], [ "R", 4 ], [ "R", 4 ], [ "R", 4 ], [ "R", 1 ], [ "R", 7 ], [ "R", 7 ], [ "R", 1 ], [ "R", 1 ], [ "R", 1 ], [ "R", 17 ], [ "R", 7 ], [ "R", 4 ], [ "R", 4 ], [ "R", 4 ], [ "R", 1 ], [ "R", 4 ], [ "R", 4 ], [ "R", 4 ], [ "R", 4 ], [ "R", 1 ], [ "R", 7 ], [ "R", 4 ], [ "R", 4 ], [ "R", 6 ], [ "R", 6 ], [ "R", 6 ], [ "R", 6 ], [ "R", 4 ], [ "R", 7 ], [ "R", 7 ], [ "R", 1 ], [ "R", 1 ], [ "R", 1 ], [ "R", 17 ], [ "R", 4 ], [ "R", 4 ], [ "R", 1 ], [ "R", 7 ], [ "R", 7 ], [ "R", 7 ] ]
    } ]
  },
  "requestMemberController.request" : {
    "t" : [ {
      "id" : 0,
      "a" : [ [ "R", 14 ], [ "W", 15 ], [ "R", 7 ], [ "R", 7 ], [ "R", 11 ], [ "R", 11 ], [ "R", 11 ], [ "R", 17 ], [ "W", 15 ], [ "W", 11 ], [ "R", 7 ], [ "R", 7 ], [ "R", 11 ], [ "R", 11 ], [ "R", 11 ], [ "R", 17 ], [ "R", 7 ], [ "R", 15 ], [ "R", 15 ], [ "R", 15 ], [ "R", 11 ], [ "R", 15 ], [ "R", 14 ], [ "W", 15 ], [ "W", 14 ], [ "R", 15 ], [ "R", 15 ], [ "R", 15 ], [ "R", 15 ], [ "R", 15 ], [ "R", 15 ], [ "R", 15 ], [ "R", 15 ], [ "R", 14 ], [ "R", 7 ], [ "R", 15 ], [ "R", 15 ], [ "R", 15 ], [ "R", 15 ], [ "R", 15 ], [ "R", 14 ], [ "W", 15 ], [ "R", 15 ], [ "R", 11 ], [ "R", 7 ], [ "R", 7 ], [ "R", 7 ] ]
    } ]
  },
  "PositionAdministratorController.deleteEdit" : {
    "t" : [ {
      "id" : 0,
      "a" : [ [ "R", 13 ], [ "R", 7 ], [ "R", 17 ], [ "R", 1 ], [ "R", 1 ], [ "R", 1 ], [ "R", 17 ], [ "R", 1 ], [ "R", 17 ], [ "R", 17 ], [ "R", 7 ], [ "R", 8 ], [ "R", 8 ], [ "R", 8 ], [ "R", 13 ], [ "W", 13 ], [ "R", 13 ], [ "R", 13 ], [ "R", 6 ], [ "R", 6 ], [ "R", 6 ], [ "R", 6 ], [ "R", 13 ], [ "R", 13 ], [ "R", 6 ], [ "R", 6 ], [ "R", 6 ], [ "R", 6 ] ]
    } ]
  },
  "SocialProfileController.delete" : {
    "t" : [ {
      "id" : 0,
      "a" : [ [ "R", 16 ], [ "R", 7 ], [ "R", 7 ], [ "R", 1 ], [ "R", 1 ], [ "R", 1 ], [ "R", 17 ], [ "R", 7 ], [ "R", 7 ], [ "R", 1 ], [ "R", 1 ], [ "R", 1 ], [ "R", 17 ], [ "R", 7 ], [ "R", 16 ], [ "R", 1 ], [ "R", 7 ], [ "W", 16 ], [ "R", 6 ], [ "R", 6 ], [ "R", 6 ], [ "R", 6 ] ]
    } ]
  },
  "MessageController.saveBroadcast" : {
    "t" : [ {
      "id" : 0,
      "a" : [ [ "R", 7 ], [ "R", 7 ], [ "R", 1 ], [ "R", 1 ], [ "R", 1 ], [ "R", 17 ], [ "R", 1 ], [ "R", 6 ], [ "R", 6 ], [ "R", 6 ], [ "R", 6 ], [ "R", 6 ], [ "R", 6 ], [ "R", 6 ], [ "R", 6 ], [ "R", 12 ], [ "R", 7 ], [ "R", 17 ], [ "R", 1 ], [ "R", 7 ], [ "R", 7 ], [ "R", 1 ], [ "R", 1 ], [ "R", 1 ], [ "R", 17 ], [ "R", 7 ], [ "R", 4 ], [ "R", 4 ], [ "R", 4 ], [ "R", 4 ], [ "R", 1 ], [ "W", 12 ], [ "W", 12 ], [ "W", 12 ], [ "W", 12 ], [ "W", 12 ], [ "W", 12 ], [ "W", 4 ], [ "W", 12 ], [ "W", 1 ], [ "R", 12 ], [ "W", 12 ], [ "R", 12 ], [ "W", 12 ], [ "R", 12 ], [ "R", 1 ], [ "W", 12 ], [ "W", 1 ], [ "R", 12 ], [ "R", 1 ], [ "W", 12 ], [ "W", 1 ], [ "R", 12 ], [ "W", 12 ], [ "R", 12 ], [ "W", 12 ], [ "R", 12 ], [ "W", 12 ], [ "W", 12 ], [ "W", 1 ], [ "R", 6 ], [ "R", 6 ], [ "R", 12 ], [ "R", 12 ], [ "R", 12 ], [ "R", 7 ], [ "R", 4 ], [ "R", 4 ], [ "R", 4 ], [ "R", 4 ], [ "R", 1 ], [ "R", 7 ], [ "R", 4 ], [ "R", 4 ], [ "R", 4 ], [ "R", 4 ], [ "R", 1 ], [ "W", 12 ], [ "W", 4 ], [ "W", 12 ], [ "R", 7 ], [ "R", 7 ], [ "R", 1 ], [ "R", 1 ], [ "R", 1 ], [ "R", 17 ], [ "R", 1 ], [ "R", 6 ], [ "R", 6 ], [ "R", 6 ], [ "R", 6 ], [ "R", 6 ], [ "R", 6 ] ]
    } ]
  },
  "PositionAdministratorController.saveEdit" : {
    "t" : [ {
      "id" : 0,
      "a" : [ [ "R", 13 ], [ "R", 13 ], [ "R", 6 ], [ "R", 6 ], [ "R", 6 ], [ "R", 6 ], [ "R", 13 ], [ "W", 13 ], [ "R", 7 ], [ "R", 17 ], [ "R", 1 ], [ "R", 1 ], [ "R", 1 ], [ "R", 17 ], [ "R", 1 ], [ "R", 17 ], [ "R", 17 ], [ "W", 13 ], [ "R", 13 ], [ "R", 13 ], [ "R", 6 ], [ "R", 6 ], [ "R", 6 ], [ "R", 6 ], [ "R", 13 ], [ "R", 13 ], [ "R", 6 ], [ "R", 6 ], [ "R", 6 ], [ "R", 6 ] ]
    } ]
  },
  "FloaatBrotherhoodController.edit" : {
    "t" : [ {
      "id" : 0,
      "a" : [ [ "R", 7 ], [ "R", 7 ], [ "R", 5 ], [ "R", 5 ], [ "R", 5 ], [ "R", 17 ], [ "R", 10 ], [ "R", 10 ], [ "R", 10 ], [ "R", 5 ], [ "R", 7 ], [ "R", 7 ], [ "R", 7 ], [ "R", 7 ], [ "R", 10 ], [ "R", 10 ], [ "R", 10 ], [ "R", 6 ], [ "R", 6 ], [ "R", 6 ], [ "R", 6 ], [ "R", 10 ], [ "R", 10 ], [ "R", 10 ], [ "R", 5 ], [ "R", 7 ], [ "R", 7 ], [ "R", 7 ] ]
    } ]
  },
  "FloaatController.save" : {
    "t" : [ {
      "id" : 0,
      "a" : [ [ "R", 5 ], [ "R", 6 ], [ "R", 6 ], [ "R", 6 ], [ "R", 6 ], [ "R", 7 ], [ "R", 17 ], [ "W", 10 ], [ "R", 5 ], [ "R", 6 ], [ "R", 6 ], [ "R", 6 ], [ "R", 6 ] ]
    } ]
  },
  "SocialProfileController.edit" : {
    "t" : [ {
      "id" : 0,
      "a" : [ [ "R", 16 ], [ "R", 7 ], [ "R", 7 ], [ "R", 1 ], [ "R", 1 ], [ "R", 1 ], [ "R", 17 ], [ "R", 7 ], [ "R", 16 ], [ "R", 1 ], [ "R", 7 ], [ "R", 16 ], [ "R", 16 ], [ "R", 16 ], [ "R", 6 ], [ "R", 6 ], [ "R", 6 ], [ "R", 6 ], [ "R", 7 ], [ "R", 16 ], [ "R", 1 ], [ "R", 7 ] ]
    } ]
  },
  "RequestBrotherhoodController.decline" : {
    "t" : [ {
      "id" : 0,
      "a" : [ [ "R", 15 ], [ "R", 7 ], [ "R", 7 ], [ "R", 5 ], [ "R", 5 ], [ "R", 5 ], [ "R", 17 ], [ "R", 7 ], [ "R", 15 ], [ "R", 14 ], [ "R", 14 ], [ "R", 5 ], [ "R", 7 ], [ "R", 15 ], [ "R", 7 ], [ "R", 6 ], [ "R", 6 ], [ "R", 6 ], [ "R", 6 ], [ "R", 15 ], [ "R", 14 ], [ "R", 14 ], [ "R", 5 ], [ "R", 7 ], [ "R", 15 ], [ "R", 6 ], [ "R", 6 ], [ "R", 6 ], [ "R", 6 ], [ "R", 6 ], [ "R", 6 ], [ "R", 6 ], [ "R", 6 ] ]
    } ]
  },
  "EnrolmentMemberController.list" : {
    "t" : [ {
      "id" : 0,
      "a" : [ [ "R", 7 ], [ "R", 7 ], [ "R", 11 ], [ "R", 11 ], [ "R", 11 ], [ "R", 17 ], [ "R", 7 ], [ "R", 11 ], [ "R", 11 ], [ "R", 8 ], [ "R", 11 ], [ "R", 8 ], [ "R", 11 ], [ "R", 11 ], [ "R", 8 ], [ "R", 7 ], [ "R", 11 ], [ "R", 11 ], [ "R", 8 ], [ "R", 11 ], [ "R", 8 ], [ "R", 11 ], [ "R", 11 ], [ "R", 8 ], [ "R", 11 ], [ "R", 8 ], [ "R", 7 ], [ "R", 11 ], [ "R", 11 ], [ "R", 8 ], [ "R", 11 ], [ "R", 8 ], [ "R", 11 ], [ "R", 11 ], [ "R", 8 ], [ "R", 11 ], [ "R", 8 ], [ "R", 5 ], [ "R", 8 ], [ "R", 5 ], [ "R", 8 ], [ "R", 5 ], [ "R", 8 ], [ "R", 5 ], [ "R", 6 ], [ "R", 6 ], [ "R", 6 ], [ "R", 6 ] ]
    } ]
  },
  "BoxController.create" : {
    "t" : [ {
      "id" : 0,
      "a" : [ [ "R", 7 ], [ "R", 7 ], [ "R", 1 ], [ "R", 1 ], [ "R", 1 ], [ "R", 17 ], [ "W", 4 ], [ "W", 4 ], [ "W", 4 ], [ "W", 4 ], [ "W", 4 ], [ "W", 4 ], [ "W", 4 ], [ "W", 1 ], [ "R", 7 ], [ "R", 7 ], [ "R", 1 ], [ "R", 1 ], [ "R", 1 ], [ "R", 17 ], [ "R", 7 ], [ "R", 4 ], [ "R", 4 ], [ "R", 4 ], [ "R", 1 ], [ "R", 4 ], [ "R", 4 ], [ "R", 4 ], [ "R", 4 ], [ "R", 1 ], [ "R", 7 ], [ "R", 4 ], [ "R", 4 ], [ "R", 6 ], [ "R", 6 ], [ "R", 6 ], [ "R", 6 ] ]
    } ]
  },
  "RegisterController.save" : {
    "t" : [ {
      "id" : 0,
      "a" : [ [ "R", 17 ], [ "R", 3 ], [ "R", 6 ], [ "R", 6 ], [ "R", 6 ], [ "R", 6 ], [ "R", 17 ], [ "W", 17 ], [ "R", 17 ], [ "R", 11 ], [ "W", 17 ], [ "W", 17 ], [ "W", 17 ], [ "W", 1 ], [ "W", 17 ], [ "W", 1 ], [ "W", 1 ], [ "W", 11 ], [ "W", 8 ], [ "W", 1 ], [ "W", 17 ], [ "W", 7 ], [ "W", 7 ], [ "W", 1 ], [ "W", 1 ], [ "W", 1 ], [ "W", 1 ], [ "W", 1 ], [ "W", 1 ], [ "W", 1 ], [ "W", 11 ], [ "R", 7 ], [ "R", 4 ], [ "R", 4 ], [ "R", 4 ], [ "R", 4 ], [ "R", 1 ], [ "W", 4 ], [ "W", 4 ], [ "W", 4 ], [ "W", 4 ], [ "W", 4 ], [ "W", 4 ], [ "W", 4 ], [ "W", 1 ], [ "W", 4 ], [ "W", 4 ], [ "W", 4 ], [ "W", 4 ], [ "W", 4 ], [ "W", 4 ], [ "W", 4 ], [ "W", 1 ], [ "W", 4 ], [ "W", 4 ], [ "W", 4 ], [ "W", 4 ], [ "W", 4 ], [ "W", 4 ], [ "W", 4 ], [ "W", 1 ], [ "W", 4 ], [ "W", 4 ], [ "W", 4 ], [ "W", 4 ], [ "W", 4 ], [ "W", 4 ], [ "W", 4 ], [ "W", 1 ], [ "W", 4 ], [ "W", 4 ], [ "W", 4 ], [ "W", 4 ], [ "W", 4 ], [ "W", 4 ], [ "W", 4 ], [ "W", 1 ], [ "W", 4 ], [ "R", 5 ], [ "W", 17 ], [ "W", 17 ], [ "W", 17 ], [ "W", 1 ], [ "W", 17 ], [ "W", 1 ], [ "W", 1 ], [ "W", 5 ], [ "W", 5 ], [ "W", 5 ], [ "W", 1 ], [ "W", 17 ], [ "W", 7 ], [ "W", 7 ], [ "W", 1 ], [ "W", 1 ], [ "W", 1 ], [ "W", 1 ], [ "W", 1 ], [ "W", 1 ], [ "W", 1 ], [ "W", 5 ], [ "W", 5 ], [ "W", 5 ], [ "W", 3 ], [ "W", 5 ], [ "R", 7 ], [ "R", 4 ], [ "R", 4 ], [ "R", 4 ], [ "R", 4 ], [ "R", 1 ], [ "W", 4 ], [ "W", 4 ], [ "W", 4 ], [ "W", 4 ], [ "W", 4 ], [ "W", 4 ], [ "W", 4 ], [ "W", 1 ], [ "W", 4 ], [ "W", 4 ], [ "W", 4 ], [ "W", 4 ], [ "W", 4 ], [ "W", 4 ], [ "W", 4 ], [ "W", 1 ], [ "W", 4 ], [ "W", 4 ], [ "W", 4 ], [ "W", 4 ], [ "W", 4 ], [ "W", 4 ], [ "W", 4 ], [ "W", 1 ], [ "W", 4 ], [ "W", 4 ], [ "W", 4 ], [ "W", 4 ], [ "W", 4 ], [ "W", 4 ], [ "W", 4 ], [ "W", 1 ], [ "W", 4 ], [ "W", 4 ], [ "W", 4 ], [ "W", 4 ], [ "W", 4 ], [ "W", 4 ], [ "W", 4 ], [ "W", 1 ], [ "W", 4 ], [ "R", 2 ], [ "W", 17 ], [ "W", 17 ], [ "W", 17 ], [ "W", 1 ], [ "W", 17 ], [ "W", 1 ], [ "W", 1 ], [ "W", 1 ], [ "W", 17 ], [ "W", 7 ], [ "W", 7 ], [ "W", 1 ], [ "W", 1 ], [ "W", 1 ], [ "W", 1 ], [ "W", 1 ], [ "W", 1 ], [ "W", 1 ], [ "R", 7 ], [ "R", 17 ], [ "W", 2 ], [ "R", 7 ], [ "R", 4 ], [ "R", 4 ], [ "R", 4 ], [ "R", 4 ], [ "R", 1 ], [ "W", 4 ], [ "W", 4 ], [ "W", 4 ], [ "W", 4 ], [ "W", 4 ], [ "W", 4 ], [ "W", 4 ], [ "W", 1 ], [ "W", 4 ], [ "W", 4 ], [ "W", 4 ], [ "W", 4 ], [ "W", 4 ], [ "W", 4 ], [ "W", 4 ], [ "W", 1 ], [ "W", 4 ], [ "W", 4 ], [ "W", 4 ], [ "W", 4 ], [ "W", 4 ], [ "W", 4 ], [ "W", 4 ], [ "W", 1 ], [ "W", 4 ], [ "W", 4 ], [ "W", 4 ], [ "W", 4 ], [ "W", 4 ], [ "W", 4 ], [ "W", 4 ], [ "W", 1 ], [ "W", 4 ], [ "W", 4 ], [ "W", 4 ], [ "W", 4 ], [ "W", 4 ], [ "W", 4 ], [ "W", 4 ], [ "W", 1 ], [ "W", 4 ], [ "R", 17 ], [ "R", 1 ], [ "R", 1 ], [ "R", 1 ], [ "R", 17 ], [ "R", 17 ], [ "R", 3 ], [ "R", 6 ], [ "R", 6 ], [ "R", 6 ], [ "R", 6 ], [ "R", 17 ], [ "R", 3 ], [ "R", 6 ], [ "R", 6 ], [ "R", 6 ], [ "R", 6 ], [ "R", 17 ], [ "R", 3 ], [ "R", 6 ], [ "R", 6 ], [ "R", 6 ], [ "R", 6 ], [ "R", 17 ], [ "R", 3 ], [ "R", 6 ], [ "R", 6 ], [ "R", 6 ], [ "R", 6 ] ]
    } ]
  },
  "FloaatController.list" : {
    "t" : [ {
      "id" : 0,
      "a" : [ [ "R", 5 ], [ "R", 10 ], [ "R", 10 ], [ "R", 10 ], [ "R", 5 ], [ "R", 6 ], [ "R", 6 ], [ "R", 6 ], [ "R", 6 ], [ "R", 5 ] ]
    } ]
  },
  "PositionAdministratorController.create" : {
    "t" : [ {
      "id" : 0,
      "a" : [ [ "R", 13 ], [ "R", 6 ], [ "R", 6 ], [ "R", 6 ], [ "R", 6 ] ]
    } ]
  },
  "RegisterController.createBrotherhoodAndMember" : {
    "t" : [ {
      "id" : 0,
      "a" : [ [ "W", 17 ], [ "R", 3 ], [ "W", 17 ], [ "W", 17 ], [ "R", 17 ], [ "R", 3 ], [ "R", 6 ], [ "R", 6 ], [ "R", 6 ], [ "R", 6 ] ]
    } ]
  },
  "RequestBrotherhoodController.list" : {
    "t" : [ {
      "id" : 0,
      "a" : [ [ "R", 7 ], [ "R", 7 ], [ "R", 5 ], [ "R", 5 ], [ "R", 5 ], [ "R", 17 ], [ "R", 7 ], [ "R", 5 ], [ "R", 14 ], [ "R", 14 ], [ "R", 14 ], [ "R", 5 ], [ "R", 7 ], [ "R", 15 ], [ "R", 15 ], [ "R", 15 ], [ "R", 14 ], [ "R", 15 ], [ "R", 15 ], [ "R", 6 ], [ "R", 6 ], [ "R", 6 ], [ "R", 6 ] ]
    } ]
  },
  "CustomerController.action2" : {
    "t" : [ {
      "id" : 0,
      "a" : [ [ "R", 6 ], [ "R", 6 ], [ "R", 6 ], [ "R", 6 ] ]
    } ]
  },
  "ActorAdministratorController.find" : {
    "t" : [ {
      "id" : 0,
      "a" : [ [ "R", 12 ], [ "R", 12 ], [ "R", 1 ], [ "R", 12 ], [ "R", 1 ], [ "R", 12 ], [ "R", 12 ], [ "R", 12 ], [ "R", 1 ], [ "R", 12 ], [ "R", 1 ], [ "R", 12 ], [ "R", 4 ], [ "R", 12 ], [ "R", 12 ], [ "R", 12 ], [ "R", 1 ], [ "R", 12 ], [ "R", 1 ], [ "R", 1 ], [ "W", 1 ], [ "W", 1 ], [ "W", 1 ] ]
    } ]
  },
  "CustomerController.action1" : {
    "t" : [ {
      "id" : 0,
      "a" : [ [ "R", 6 ], [ "R", 6 ], [ "R", 6 ], [ "R", 6 ] ]
    } ]
  },
  "SocialProfileController.create" : {
    "t" : [ {
      "id" : 0,
      "a" : [ [ "R", 6 ], [ "R", 6 ], [ "R", 6 ], [ "R", 6 ] ]
    } ]
  },
  "FloaatController.edit" : {
    "t" : [ {
      "id" : 0,
      "a" : [ [ "R", 10 ], [ "R", 5 ], [ "R", 6 ], [ "R", 6 ], [ "R", 6 ], [ "R", 6 ] ]
    } ]
  },
  "LoginController.failure" : {
    "t" : [ {
      "id" : 0,
      "a" : [ [ "R", 6 ], [ "R", 6 ], [ "R", 6 ], [ "R", 6 ] ]
    } ]
  },
  "ConfigurationAdministratorController.delete" : {
    "t" : [ {
      "id" : 0,
      "a" : [ [ "R", 6 ], [ "W", 6 ], [ "W", 6 ], [ "W", 6 ], [ "W", 6 ], [ "W", 6 ], [ "W", 6 ], [ "W", 6 ], [ "W", 6 ], [ "W", 6 ], [ "R", 6 ], [ "R", 6 ], [ "R", 6 ], [ "R", 6 ] ]
    } ]
  },
  "EnrolmentController.dropout" : {
    "t" : [ {
      "id" : 0,
      "a" : [ [ "R", 7 ], [ "R", 7 ], [ "R", 5 ], [ "R", 5 ], [ "R", 5 ], [ "R", 17 ], [ "R", 7 ], [ "R", 8 ], [ "R", 5 ], [ "R", 8 ], [ "R", 5 ], [ "R", 5 ], [ "R", 7 ], [ "R", 7 ], [ "R", 7 ], [ "R", 8 ], [ "R", 7 ], [ "R", 6 ], [ "R", 6 ], [ "R", 6 ], [ "R", 6 ], [ "R", 8 ], [ "R", 5 ], [ "R", 5 ], [ "R", 7 ], [ "R", 7 ], [ "R", 7 ], [ "R", 8 ], [ "R", 6 ], [ "R", 6 ], [ "R", 6 ], [ "R", 6 ] ]
    } ]
  },
  "AdministratorController.action2" : {
    "t" : [ {
      "id" : 0,
      "a" : [ [ "R", 6 ], [ "R", 6 ], [ "R", 6 ], [ "R", 6 ] ]
    } ]
  },
  "AdministratorController.action1" : {
    "t" : [ {
      "id" : 0,
      "a" : [ [ "R", 6 ], [ "R", 6 ], [ "R", 6 ], [ "R", 6 ] ]
    } ]
  },
  "EnrolmentController.dropOutSave" : {
    "t" : [ {
      "id" : 0,
      "a" : [ [ "R", 7 ], [ "R", 7 ], [ "R", 5 ], [ "R", 5 ], [ "R", 5 ], [ "R", 17 ], [ "R", 7 ], [ "R", 8 ], [ "R", 6 ], [ "R", 6 ], [ "R", 6 ], [ "R", 6 ], [ "R", 5 ], [ "R", 8 ], [ "R", 5 ], [ "R", 5 ], [ "R", 7 ], [ "R", 7 ], [ "R", 7 ], [ "W", 8 ], [ "W", 8 ], [ "W", 8 ], [ "W", 8 ], [ "W", 13 ], [ "W", 8 ], [ "R", 8 ], [ "R", 5 ], [ "R", 5 ], [ "R", 7 ], [ "R", 7 ], [ "R", 7 ], [ "R", 6 ], [ "R", 6 ], [ "R", 6 ], [ "R", 6 ] ]
    } ]
  },
  "FinderMemberController.listProcessions" : {
    "t" : [ {
      "id" : 0,
      "a" : [ [ "R", 7 ], [ "R", 7 ], [ "R", 11 ], [ "R", 11 ], [ "R", 11 ], [ "R", 17 ], [ "R", 7 ], [ "R", 11 ], [ "R", 11 ], [ "R", 9 ], [ "R", 11 ], [ "R", 7 ], [ "R", 7 ], [ "R", 1 ], [ "R", 1 ], [ "R", 1 ], [ "R", 17 ], [ "R", 1 ], [ "R", 17 ], [ "R", 17 ], [ "W", 9 ], [ "W", 9 ], [ "W", 9 ], [ "W", 9 ], [ "W", 14 ], [ "W", 9 ], [ "W", 9 ], [ "R", 7 ], [ "R", 7 ], [ "R", 1 ], [ "R", 1 ], [ "R", 1 ], [ "R", 17 ], [ "R", 7 ], [ "R", 11 ], [ "R", 11 ], [ "R", 9 ], [ "R", 11 ], [ "R", 1 ], [ "R", 17 ], [ "R", 17 ], [ "R", 7 ], [ "R", 7 ], [ "R", 7 ], [ "R", 7 ], [ "R", 6 ], [ "R", 6 ], [ "W", 9 ], [ "R", 7 ], [ "R", 7 ], [ "R", 1 ], [ "R", 1 ], [ "R", 1 ], [ "R", 17 ], [ "R", 7 ], [ "R", 11 ], [ "R", 11 ], [ "R", 9 ], [ "R", 11 ], [ "R", 1 ], [ "R", 17 ], [ "R", 17 ], [ "R", 7 ], [ "R", 7 ], [ "R", 7 ], [ "R", 7 ], [ "R", 9 ], [ "W", 9 ], [ "R", 9 ], [ "W", 9 ], [ "R", 9 ], [ "W", 9 ], [ "R", 9 ], [ "W", 9 ], [ "R", 6 ], [ "R", 6 ], [ "R", 9 ], [ "R", 7 ], [ "R", 6 ], [ "R", 9 ], [ "W", 9 ], [ "R", 9 ], [ "W", 9 ], [ "R", 9 ], [ "W", 9 ], [ "R", 9 ], [ "W", 9 ], [ "R", 9 ], [ "R", 9 ], [ "R", 9 ], [ "R", 9 ], [ "R", 14 ], [ "R", 14 ], [ "R", 14 ], [ "R", 14 ], [ "R", 14 ], [ "R", 14 ], [ "R", 14 ], [ "R", 5 ], [ "R", 3 ], [ "R", 14 ], [ "W", 9 ], [ "W", 14 ], [ "W", 9 ], [ "W", 9 ], [ "R", 7 ], [ "R", 7 ], [ "R", 7 ], [ "R", 11 ], [ "R", 11 ], [ "R", 11 ], [ "R", 17 ], [ "W", 11 ], [ "W", 9 ], [ "W", 11 ], [ "R", 7 ], [ "R", 7 ], [ "R", 1 ], [ "R", 1 ], [ "R", 1 ], [ "R", 17 ], [ "R", 7 ], [ "R", 11 ], [ "R", 11 ], [ "R", 9 ], [ "R", 11 ], [ "R", 1 ], [ "R", 17 ], [ "R", 17 ], [ "R", 7 ], [ "R", 7 ], [ "R", 7 ], [ "R", 7 ], [ "R", 9 ], [ "W", 9 ], [ "R", 9 ], [ "W", 9 ], [ "R", 9 ], [ "W", 9 ], [ "R", 9 ], [ "W", 9 ], [ "R", 6 ], [ "R", 6 ], [ "R", 9 ], [ "R", 7 ], [ "R", 6 ], [ "R", 9 ], [ "W", 9 ], [ "R", 9 ], [ "W", 9 ], [ "R", 9 ], [ "W", 9 ], [ "R", 9 ], [ "W", 9 ], [ "R", 9 ], [ "R", 9 ], [ "R", 9 ], [ "R", 9 ], [ "R", 14 ], [ "R", 14 ], [ "R", 14 ], [ "R", 14 ], [ "R", 14 ], [ "R", 14 ], [ "R", 14 ], [ "R", 5 ], [ "R", 3 ], [ "R", 14 ], [ "W", 9 ], [ "W", 14 ], [ "W", 9 ], [ "R", 9 ], [ "R", 14 ], [ "R", 7 ], [ "R", 7 ], [ "R", 11 ], [ "R", 11 ], [ "R", 11 ], [ "R", 17 ], [ "R", 7 ], [ "R", 6 ], [ "R", 6 ], [ "R", 6 ], [ "R", 6 ] ]
    } ]
  },
  "AreaController.create" : {
    "t" : [ {
      "id" : 0,
      "a" : [ [ "R", 6 ], [ "R", 6 ], [ "R", 6 ], [ "R", 6 ] ]
    } ]
  },
  "ConfigurationAdministratorController.show" : {
    "t" : [ {
      "id" : 0,
      "a" : [ [ "R", 6 ], [ "R", 7 ], [ "R", 6 ], [ "R", 6 ], [ "R", 6 ], [ "R", 6 ], [ "R", 6 ], [ "R", 6 ], [ "R", 6 ], [ "R", 6 ], [ "R", 6 ], [ "R", 6 ], [ "R", 6 ], [ "R", 6 ], [ "R", 6 ], [ "R", 6 ], [ "R", 6 ], [ "R", 6 ] ]
    } ]
  },
  "RegisterAdministratorController.save" : {
    "t" : [ {
      "id" : 0,
      "a" : [ [ "R", 17 ], [ "R", 6 ], [ "R", 6 ], [ "R", 6 ], [ "R", 6 ], [ "R", 17 ], [ "W", 17 ], [ "W", 17 ], [ "R", 17 ], [ "R", 11 ], [ "W", 17 ], [ "W", 17 ], [ "W", 17 ], [ "W", 1 ], [ "W", 17 ], [ "W", 1 ], [ "W", 1 ], [ "W", 11 ], [ "W", 8 ], [ "W", 1 ], [ "W", 17 ], [ "W", 7 ], [ "W", 7 ], [ "W", 1 ], [ "W", 1 ], [ "W", 1 ], [ "W", 1 ], [ "W", 1 ], [ "W", 1 ], [ "W", 1 ], [ "W", 11 ], [ "R", 7 ], [ "R", 4 ], [ "R", 4 ], [ "R", 4 ], [ "R", 4 ], [ "R", 1 ], [ "W", 4 ], [ "W", 4 ], [ "W", 4 ], [ "W", 4 ], [ "W", 4 ], [ "W", 4 ], [ "W", 4 ], [ "W", 1 ], [ "W", 4 ], [ "W", 4 ], [ "W", 4 ], [ "W", 4 ], [ "W", 4 ], [ "W", 4 ], [ "W", 4 ], [ "W", 1 ], [ "W", 4 ], [ "W", 4 ], [ "W", 4 ], [ "W", 4 ], [ "W", 4 ], [ "W", 4 ], [ "W", 4 ], [ "W", 1 ], [ "W", 4 ], [ "W", 4 ], [ "W", 4 ], [ "W", 4 ], [ "W", 4 ], [ "W", 4 ], [ "W", 4 ], [ "W", 1 ], [ "W", 4 ], [ "W", 4 ], [ "W", 4 ], [ "W", 4 ], [ "W", 4 ], [ "W", 4 ], [ "W", 4 ], [ "W", 1 ], [ "W", 4 ], [ "R", 5 ], [ "W", 17 ], [ "W", 17 ], [ "W", 17 ], [ "W", 1 ], [ "W", 17 ], [ "W", 1 ], [ "W", 1 ], [ "W", 5 ], [ "W", 5 ], [ "W", 5 ], [ "W", 1 ], [ "W", 17 ], [ "W", 7 ], [ "W", 7 ], [ "W", 1 ], [ "W", 1 ], [ "W", 1 ], [ "W", 1 ], [ "W", 1 ], [ "W", 1 ], [ "W", 1 ], [ "W", 5 ], [ "W", 5 ], [ "W", 5 ], [ "W", 3 ], [ "W", 5 ], [ "R", 7 ], [ "R", 4 ], [ "R", 4 ], [ "R", 4 ], [ "R", 4 ], [ "R", 1 ], [ "W", 4 ], [ "W", 4 ], [ "W", 4 ], [ "W", 4 ], [ "W", 4 ], [ "W", 4 ], [ "W", 4 ], [ "W", 1 ], [ "W", 4 ], [ "W", 4 ], [ "W", 4 ], [ "W", 4 ], [ "W", 4 ], [ "W", 4 ], [ "W", 4 ], [ "W", 1 ], [ "W", 4 ], [ "W", 4 ], [ "W", 4 ], [ "W", 4 ], [ "W", 4 ], [ "W", 4 ], [ "W", 4 ], [ "W", 1 ], [ "W", 4 ], [ "W", 4 ], [ "W", 4 ], [ "W", 4 ], [ "W", 4 ], [ "W", 4 ], [ "W", 4 ], [ "W", 1 ], [ "W", 4 ], [ "W", 4 ], [ "W", 4 ], [ "W", 4 ], [ "W", 4 ], [ "W", 4 ], [ "W", 4 ], [ "W", 1 ], [ "W", 4 ], [ "R", 2 ], [ "W", 17 ], [ "W", 17 ], [ "W", 17 ], [ "W", 1 ], [ "W", 17 ], [ "W", 1 ], [ "W", 1 ], [ "W", 1 ], [ "W", 17 ], [ "W", 7 ], [ "W", 7 ], [ "W", 1 ], [ "W", 1 ], [ "W", 1 ], [ "W", 1 ], [ "W", 1 ], [ "W", 1 ], [ "W", 1 ], [ "R", 7 ], [ "R", 17 ], [ "W", 2 ], [ "R", 7 ], [ "R", 4 ], [ "R", 4 ], [ "R", 4 ], [ "R", 4 ], [ "R", 1 ], [ "W", 4 ], [ "W", 4 ], [ "W", 4 ], [ "W", 4 ], [ "W", 4 ], [ "W", 4 ], [ "W", 4 ], [ "W", 1 ], [ "W", 4 ], [ "W", 4 ], [ "W", 4 ], [ "W", 4 ], [ "W", 4 ], [ "W", 4 ], [ "W", 4 ], [ "W", 1 ], [ "W", 4 ], [ "W", 4 ], [ "W", 4 ], [ "W", 4 ], [ "W", 4 ], [ "W", 4 ], [ "W", 4 ], [ "W", 1 ], [ "W", 4 ], [ "W", 4 ], [ "W", 4 ], [ "W", 4 ], [ "W", 4 ], [ "W", 4 ], [ "W", 4 ], [ "W", 1 ], [ "W", 4 ], [ "W", 4 ], [ "W", 4 ], [ "W", 4 ], [ "W", 4 ], [ "W", 4 ], [ "W", 4 ], [ "W", 1 ], [ "W", 4 ], [ "R", 17 ], [ "R", 1 ], [ "R", 1 ], [ "R", 1 ], [ "R", 17 ], [ "R", 17 ], [ "R", 6 ], [ "R", 6 ], [ "R", 6 ], [ "R", 6 ], [ "R", 17 ], [ "R", 6 ], [ "R", 6 ], [ "R", 6 ], [ "R", 6 ], [ "R", 17 ], [ "R", 6 ], [ "R", 6 ], [ "R", 6 ], [ "R", 6 ] ]
    } ]
  },
  "MessageController.saveBroadcastBrotherhoods" : {
    "t" : [ {
      "id" : 0,
      "a" : [ [ "R", 5 ], [ "R", 6 ], [ "R", 6 ], [ "R", 6 ], [ "R", 6 ], [ "R", 6 ], [ "R", 6 ], [ "R", 6 ], [ "R", 6 ], [ "R", 12 ], [ "R", 7 ], [ "R", 17 ], [ "R", 5 ], [ "R", 7 ], [ "R", 7 ], [ "R", 1 ], [ "R", 1 ], [ "R", 1 ], [ "R", 17 ], [ "R", 7 ], [ "R", 4 ], [ "R", 4 ], [ "R", 4 ], [ "R", 4 ], [ "R", 1 ], [ "W", 12 ], [ "W", 12 ], [ "W", 12 ], [ "W", 12 ], [ "W", 12 ], [ "W", 12 ], [ "W", 4 ], [ "W", 12 ], [ "W", 1 ], [ "R", 12 ], [ "W", 12 ], [ "R", 12 ], [ "W", 12 ], [ "R", 12 ], [ "R", 1 ], [ "W", 12 ], [ "W", 1 ], [ "R", 12 ], [ "R", 1 ], [ "W", 12 ], [ "W", 1 ], [ "R", 12 ], [ "W", 12 ], [ "R", 12 ], [ "W", 12 ], [ "R", 12 ], [ "W", 12 ], [ "W", 12 ], [ "W", 1 ], [ "R", 6 ], [ "R", 6 ], [ "R", 12 ], [ "R", 12 ], [ "R", 12 ], [ "R", 7 ], [ "R", 4 ], [ "R", 4 ], [ "R", 4 ], [ "R", 4 ], [ "R", 1 ], [ "R", 7 ], [ "R", 4 ], [ "R", 4 ], [ "R", 4 ], [ "R", 4 ], [ "R", 1 ], [ "W", 12 ], [ "W", 4 ], [ "W", 12 ], [ "R", 5 ], [ "R", 6 ], [ "R", 6 ], [ "R", 6 ], [ "R", 6 ], [ "R", 6 ], [ "R", 6 ] ]
    } ]
  },
  "PositionAdministratorController.edit" : {
    "t" : [ {
      "id" : 0,
      "a" : [ [ "R", 13 ], [ "R", 13 ], [ "R", 7 ], [ "R", 13 ], [ "R", 13 ], [ "R", 6 ], [ "R", 6 ], [ "R", 6 ], [ "R", 6 ] ]
    } ]
  },
  "ProcessionBrotherhoodController.edit" : {
    "t" : [ {
      "id" : 0,
      "a" : [ [ "R", 7 ], [ "R", 7 ], [ "R", 5 ], [ "R", 5 ], [ "R", 5 ], [ "R", 17 ], [ "R", 14 ], [ "R", 14 ], [ "R", 14 ], [ "R", 5 ], [ "R", 7 ], [ "R", 7 ], [ "R", 7 ], [ "R", 14 ], [ "R", 14 ], [ "R", 7 ], [ "R", 14 ], [ "R", 14 ], [ "R", 14 ], [ "R", 14 ], [ "R", 6 ], [ "R", 6 ], [ "R", 6 ], [ "R", 6 ], [ "R", 14 ], [ "R", 14 ], [ "R", 14 ], [ "R", 14 ], [ "R", 14 ], [ "R", 5 ], [ "R", 7 ], [ "R", 7 ], [ "R", 7 ] ]
    } ]
  },
  "FloaatBrotherhoodController.save2" : {
    "t" : [ {
      "id" : 0,
      "a" : [ [ "R", 7 ], [ "R", 7 ], [ "R", 5 ], [ "R", 5 ], [ "R", 5 ], [ "R", 17 ], [ "R", 6 ], [ "R", 6 ], [ "R", 6 ], [ "R", 6 ], [ "R", 10 ], [ "R", 10 ], [ "R", 5 ], [ "R", 7 ], [ "R", 7 ], [ "R", 7 ], [ "W", 10 ], [ "W", 10 ], [ "W", 10 ], [ "R", 7 ], [ "R", 17 ], [ "W", 10 ], [ "R", 6 ], [ "R", 6 ], [ "R", 6 ], [ "R", 6 ] ]
    } ]
  },
  "AreaController.save" : {
    "t" : [ {
      "id" : 0,
      "a" : [ [ "R", 6 ], [ "R", 6 ], [ "R", 6 ], [ "R", 6 ], [ "W", 3 ], [ "R", 6 ], [ "R", 6 ], [ "R", 6 ], [ "R", 6 ] ]
    } ]
  },
  "MessageController.save" : {
    "t" : [ {
      "id" : 0,
      "a" : [ [ "R", 7 ], [ "R", 7 ], [ "R", 1 ], [ "R", 1 ], [ "R", 1 ], [ "R", 17 ], [ "R", 1 ], [ "R", 6 ], [ "R", 6 ], [ "R", 6 ], [ "R", 6 ], [ "R", 6 ], [ "R", 6 ], [ "R", 7 ], [ "R", 7 ], [ "R", 12 ], [ "R", 4 ], [ "R", 7 ], [ "R", 12 ], [ "R", 7 ], [ "R", 7 ], [ "R", 1 ], [ "R", 1 ], [ "R", 1 ], [ "R", 17 ], [ "R", 7 ], [ "R", 4 ], [ "R", 4 ], [ "R", 4 ], [ "R", 1 ], [ "R", 12 ], [ "R", 4 ], [ "R", 7 ], [ "R", 7 ], [ "R", 1 ], [ "R", 1 ], [ "R", 1 ], [ "R", 17 ], [ "R", 12 ], [ "R", 1 ], [ "R", 7 ], [ "R", 7 ], [ "R", 7 ], [ "R", 12 ], [ "R", 1 ], [ "R", 7 ], [ "R", 7 ], [ "R", 7 ], [ "W", 12 ], [ "W", 4 ], [ "W", 12 ], [ "R", 6 ], [ "R", 6 ], [ "R", 12 ], [ "R", 6 ], [ "R", 6 ], [ "R", 12 ], [ "R", 12 ], [ "R", 12 ], [ "R", 12 ], [ "R", 1 ], [ "R", 12 ], [ "R", 1 ], [ "R", 7 ], [ "R", 7 ], [ "R", 1 ], [ "R", 1 ], [ "R", 1 ], [ "R", 17 ], [ "R", 7 ], [ "R", 4 ], [ "R", 4 ], [ "R", 4 ], [ "R", 4 ], [ "R", 1 ], [ "W", 12 ], [ "W", 12 ], [ "W", 12 ], [ "W", 12 ], [ "W", 12 ], [ "W", 12 ], [ "W", 4 ], [ "W", 12 ], [ "W", 1 ], [ "R", 12 ], [ "W", 12 ], [ "R", 12 ], [ "W", 12 ], [ "R", 12 ], [ "R", 1 ], [ "W", 12 ], [ "W", 1 ], [ "R", 12 ], [ "R", 1 ], [ "W", 12 ], [ "W", 1 ], [ "R", 12 ], [ "W", 12 ], [ "R", 12 ], [ "W", 12 ], [ "R", 12 ], [ "W", 12 ], [ "R", 7 ], [ "R", 7 ], [ "R", 1 ], [ "R", 1 ], [ "R", 1 ], [ "R", 17 ], [ "R", 7 ], [ "R", 4 ], [ "R", 4 ], [ "R", 4 ], [ "R", 4 ], [ "R", 1 ], [ "W", 12 ], [ "W", 12 ], [ "W", 12 ], [ "W", 12 ], [ "W", 12 ], [ "W", 12 ], [ "W", 4 ], [ "W", 12 ], [ "W", 1 ], [ "R", 12 ], [ "W", 12 ], [ "R", 12 ], [ "W", 12 ], [ "R", 12 ], [ "R", 1 ], [ "W", 12 ], [ "W", 1 ], [ "R", 12 ], [ "R", 1 ], [ "W", 12 ], [ "W", 1 ], [ "R", 12 ], [ "W", 12 ], [ "R", 12 ], [ "W", 12 ], [ "R", 12 ], [ "W", 12 ], [ "W", 12 ], [ "W", 1 ], [ "W", 12 ], [ "W", 1 ], [ "W", 12 ], [ "W", 1 ], [ "W", 12 ], [ "W", 1 ], [ "R", 7 ], [ "R", 4 ], [ "R", 4 ], [ "R", 4 ], [ "R", 4 ], [ "R", 1 ], [ "W", 12 ], [ "W", 4 ], [ "R", 7 ], [ "R", 4 ], [ "R", 4 ], [ "R", 4 ], [ "R", 4 ], [ "R", 1 ], [ "W", 12 ], [ "W", 4 ], [ "R", 7 ], [ "R", 4 ], [ "R", 4 ], [ "R", 4 ], [ "R", 4 ], [ "R", 1 ], [ "W", 12 ], [ "W", 4 ], [ "W", 12 ], [ "R", 7 ], [ "R", 7 ], [ "R", 1 ], [ "R", 1 ], [ "R", 1 ], [ "R", 17 ], [ "R", 1 ], [ "R", 6 ], [ "R", 6 ], [ "R", 6 ], [ "R", 6 ], [ "R", 6 ], [ "R", 6 ], [ "R", 7 ] ]
    } ]
  },
  "ActorAdministratorController.list" : {
    "t" : [ {
      "id" : 0,
      "a" : [ [ "R", 1 ], [ "R", 1 ], [ "R", 6 ], [ "R", 6 ], [ "R", 6 ], [ "R", 6 ], [ "R", 6 ], [ "R", 6 ], [ "R", 6 ], [ "R", 6 ] ]
    } ]
  },
  "FloaatBrotherhoodController.display" : {
    "t" : [ {
      "id" : 0,
      "a" : [ [ "R", 7 ], [ "R", 7 ], [ "R", 5 ], [ "R", 5 ], [ "R", 5 ], [ "R", 17 ], [ "R", 10 ], [ "R", 10 ], [ "R", 5 ], [ "R", 7 ], [ "R", 7 ], [ "R", 7 ], [ "R", 10 ], [ "R", 10 ], [ "R", 10 ], [ "R", 6 ], [ "R", 6 ], [ "R", 6 ], [ "R", 6 ], [ "R", 10 ], [ "R", 10 ], [ "R", 10 ], [ "R", 5 ], [ "R", 7 ], [ "R", 7 ], [ "R", 7 ] ]
    } ]
  },
  "MessageController.exchangeMessage" : {
    "t" : [ {
      "id" : 0,
      "a" : [ [ "R", 7 ], [ "R", 7 ], [ "R", 1 ], [ "R", 1 ], [ "R", 1 ], [ "R", 17 ], [ "R", 7 ], [ "R", 4 ], [ "R", 4 ], [ "R", 4 ], [ "R", 4 ], [ "R", 1 ], [ "W", 12 ], [ "W", 12 ], [ "W", 12 ], [ "W", 12 ], [ "W", 12 ], [ "W", 12 ], [ "W", 4 ], [ "W", 12 ], [ "W", 1 ], [ "R", 7 ], [ "R", 7 ], [ "R", 1 ], [ "R", 1 ], [ "R", 1 ], [ "R", 17 ], [ "R", 1 ], [ "R", 6 ], [ "R", 6 ], [ "R", 6 ], [ "R", 6 ], [ "R", 6 ], [ "R", 6 ] ]
    } ]
  },
  "ProcessionBrotherhoodController.show" : {
    "t" : [ {
      "id" : 0,
      "a" : [ [ "R", 7 ], [ "R", 7 ], [ "R", 5 ], [ "R", 5 ], [ "R", 5 ], [ "R", 17 ], [ "R", 14 ], [ "R", 14 ], [ "R", 5 ], [ "R", 7 ], [ "R", 7 ], [ "R", 7 ], [ "R", 14 ], [ "R", 14 ], [ "R", 14 ], [ "R", 14 ], [ "R", 6 ], [ "R", 6 ], [ "R", 6 ], [ "R", 6 ], [ "R", 14 ], [ "R", 14 ], [ "R", 14 ], [ "R", 14 ], [ "R", 14 ], [ "R", 5 ], [ "R", 7 ], [ "R", 7 ], [ "R", 7 ] ]
    } ]
  },
  "RegisterAdministratorController.createHandyWorker" : {
    "t" : [ {
      "id" : 0,
      "a" : [ [ "W", 17 ], [ "R", 3 ], [ "W", 17 ], [ "W", 17 ], [ "R", 17 ], [ "R", 6 ], [ "R", 6 ], [ "R", 6 ], [ "R", 6 ] ]
    } ]
  },
  "requestMemberController.list" : {
    "t" : [ {
      "id" : 0,
      "a" : [ [ "R", 7 ], [ "R", 7 ], [ "R", 11 ], [ "R", 11 ], [ "R", 11 ], [ "R", 17 ], [ "R", 7 ], [ "R", 11 ], [ "R", 15 ], [ "R", 15 ], [ "R", 15 ], [ "R", 11 ], [ "R", 15 ], [ "R", 15 ], [ "R", 14 ], [ "R", 15 ], [ "R", 14 ], [ "R", 15 ], [ "R", 14 ], [ "R", 15 ], [ "R", 14 ], [ "R", 6 ], [ "R", 6 ], [ "R", 6 ], [ "R", 6 ] ]
    } ]
  },
  "FloaatController.delete" : {
    "t" : [ {
      "id" : 0,
      "a" : [ [ "W", 10 ], [ "R", 5 ], [ "R", 6 ], [ "R", 6 ], [ "R", 6 ], [ "R", 6 ] ]
    } ]
  },
  "MessageController.exchangeMessageBrotherhoods" : {
    "t" : [ {
      "id" : 0,
      "a" : [ [ "R", 7 ], [ "R", 7 ], [ "R", 1 ], [ "R", 1 ], [ "R", 1 ], [ "R", 17 ], [ "R", 7 ], [ "R", 4 ], [ "R", 4 ], [ "R", 4 ], [ "R", 4 ], [ "R", 1 ], [ "W", 12 ], [ "W", 12 ], [ "W", 12 ], [ "W", 12 ], [ "W", 12 ], [ "W", 12 ], [ "W", 4 ], [ "W", 12 ], [ "W", 1 ], [ "R", 5 ], [ "R", 6 ], [ "R", 6 ], [ "R", 6 ], [ "R", 6 ], [ "R", 6 ], [ "R", 6 ] ]
    } ]
  },
  "ProfileController.action1" : {
    "t" : [ {
      "id" : 0,
      "a" : [ [ "R", 6 ], [ "R", 6 ], [ "R", 6 ], [ "R", 6 ] ]
    } ]
  },
  "ProfileController.action2" : {
    "t" : [ {
      "id" : 0,
      "a" : [ [ "R", 6 ], [ "R", 6 ], [ "R", 6 ], [ "R", 6 ] ]
    } ]
  },
  "MessageController.saveBroadcastMembers" : {
    "t" : [ {
      "id" : 0,
      "a" : [ [ "R", 11 ], [ "R", 6 ], [ "R", 6 ], [ "R", 6 ], [ "R", 6 ], [ "R", 6 ], [ "R", 6 ], [ "R", 6 ], [ "R", 6 ], [ "R", 12 ], [ "R", 7 ], [ "R", 17 ], [ "R", 11 ], [ "R", 7 ], [ "R", 7 ], [ "R", 1 ], [ "R", 1 ], [ "R", 1 ], [ "R", 17 ], [ "R", 7 ], [ "R", 4 ], [ "R", 4 ], [ "R", 4 ], [ "R", 4 ], [ "R", 1 ], [ "W", 12 ], [ "W", 12 ], [ "W", 12 ], [ "W", 12 ], [ "W", 12 ], [ "W", 12 ], [ "W", 4 ], [ "W", 12 ], [ "W", 1 ], [ "R", 12 ], [ "W", 12 ], [ "R", 12 ], [ "W", 12 ], [ "R", 12 ], [ "R", 1 ], [ "W", 12 ], [ "W", 1 ], [ "R", 12 ], [ "R", 1 ], [ "W", 12 ], [ "W", 1 ], [ "R", 12 ], [ "W", 12 ], [ "R", 12 ], [ "W", 12 ], [ "R", 12 ], [ "W", 12 ], [ "W", 12 ], [ "W", 1 ], [ "R", 6 ], [ "R", 6 ], [ "R", 12 ], [ "R", 12 ], [ "R", 12 ], [ "R", 7 ], [ "R", 4 ], [ "R", 4 ], [ "R", 4 ], [ "R", 4 ], [ "R", 1 ], [ "R", 7 ], [ "R", 4 ], [ "R", 4 ], [ "R", 4 ], [ "R", 4 ], [ "R", 1 ], [ "W", 12 ], [ "W", 4 ], [ "W", 12 ], [ "R", 11 ], [ "R", 6 ], [ "R", 6 ], [ "R", 6 ], [ "R", 6 ], [ "R", 6 ], [ "R", 6 ] ]
    } ]
  },
  "ConfigurationAdministratorController.list" : {
    "t" : [ {
      "id" : 0,
      "a" : [ [ "R", 6 ], [ "R", 6 ], [ "R", 6 ], [ "R", 6 ], [ "R", 6 ] ]
    } ]
  },
  "ActorController.show" : {
    "t" : [ {
      "id" : 0,
      "a" : [ [ "R", 1 ], [ "R", 5 ], [ "R", 5 ], [ "R", 5 ], [ "R", 5 ], [ "R", 5 ], [ "R", 3 ], [ "R", 1 ], [ "R", 17 ], [ "R", 1 ], [ "R", 1 ], [ "R", 1 ], [ "R", 1 ], [ "R", 1 ], [ "R", 1 ], [ "R", 1 ], [ "R", 6 ], [ "R", 6 ], [ "R", 6 ], [ "R", 6 ] ]
    } ]
  },
  "BrotherhoodController.list" : {
    "t" : [ {
      "id" : 0,
      "a" : [ [ "R", 5 ], [ "R", 6 ], [ "R", 6 ], [ "R", 6 ], [ "R", 6 ] ]
    } ]
  },
  "MessageController.list" : {
    "t" : [ {
      "id" : 0,
      "a" : [ [ "R", 4 ], [ "R", 7 ], [ "R", 7 ], [ "R", 1 ], [ "R", 1 ], [ "R", 1 ], [ "R", 17 ], [ "R", 4 ], [ "R", 1 ], [ "R", 7 ], [ "R", 7 ], [ "R", 7 ], [ "R", 7 ], [ "R", 7 ], [ "R", 4 ], [ "R", 4 ], [ "R", 4 ], [ "R", 4 ], [ "R", 4 ], [ "R", 1 ], [ "R", 7 ], [ "R", 12 ], [ "R", 12 ], [ "R", 12 ], [ "R", 4 ], [ "R", 6 ], [ "R", 6 ], [ "R", 6 ], [ "R", 6 ], [ "R", 4 ], [ "R", 7 ], [ "R", 7 ], [ "R", 1 ], [ "R", 1 ], [ "R", 1 ], [ "R", 17 ], [ "R", 4 ], [ "R", 1 ], [ "R", 7 ], [ "R", 7 ], [ "R", 7 ] ]
    } ]
  },
  "FloaatBrotherhoodController.create" : {
    "t" : [ {
      "id" : 0,
      "a" : [ [ "R", 6 ], [ "R", 6 ], [ "R", 6 ], [ "R", 6 ] ]
    } ]
  },
  "SocialProfileController.save" : {
    "t" : [ {
      "id" : 0,
      "a" : [ [ "R", 16 ], [ "R", 6 ], [ "R", 6 ], [ "R", 6 ], [ "R", 6 ], [ "R", 7 ], [ "R", 7 ], [ "R", 1 ], [ "R", 1 ], [ "R", 1 ], [ "R", 17 ], [ "R", 7 ], [ "R", 16 ], [ "R", 1 ], [ "R", 7 ], [ "W", 16 ], [ "W", 16 ], [ "W", 16 ], [ "R", 16 ], [ "R", 1 ], [ "R", 1 ], [ "R", 17 ], [ "R", 7 ], [ "R", 7 ], [ "R", 7 ], [ "R", 7 ], [ "W", 16 ], [ "R", 6 ], [ "R", 6 ], [ "R", 6 ], [ "R", 6 ] ]
    } ]
  },
  "BoxController.save" : {
    "t" : [ {
      "id" : 0,
      "a" : [ [ "R", 7 ], [ "R", 7 ], [ "R", 1 ], [ "R", 1 ], [ "R", 1 ], [ "R", 17 ], [ "R", 7 ], [ "R", 4 ], [ "R", 4 ], [ "R", 4 ], [ "R", 1 ], [ "R", 4 ], [ "R", 4 ], [ "R", 4 ], [ "R", 4 ], [ "R", 1 ], [ "R", 7 ], [ "R", 4 ], [ "R", 4 ], [ "R", 6 ], [ "R", 6 ], [ "R", 6 ], [ "R", 6 ], [ "R", 7 ], [ "R", 7 ], [ "R", 1 ], [ "R", 1 ], [ "R", 1 ], [ "R", 17 ], [ "R", 4 ], [ "R", 1 ], [ "R", 7 ], [ "R", 7 ], [ "R", 7 ], [ "R", 7 ], [ "R", 7 ], [ "R", 4 ], [ "R", 4 ], [ "R", 4 ], [ "R", 4 ], [ "R", 4 ], [ "R", 1 ], [ "R", 4 ], [ "R", 4 ], [ "R", 4 ], [ "R", 7 ], [ "R", 4 ], [ "R", 7 ], [ "R", 4 ], [ "R", 4 ], [ "R", 4 ], [ "R", 7 ], [ "R", 7 ], [ "R", 7 ], [ "R", 4 ], [ "R", 4 ], [ "W", 4 ], [ "W", 4 ], [ "R", 7 ], [ "R", 4 ], [ "R", 4 ], [ "W", 4 ], [ "R", 7 ], [ "R", 17 ], [ "R", 1 ], [ "R", 1 ], [ "R", 1 ], [ "R", 17 ], [ "R", 7 ], [ "R", 4 ], [ "R", 4 ], [ "R", 4 ], [ "R", 4 ], [ "R", 4 ], [ "R", 1 ], [ "R", 7 ], [ "R", 7 ], [ "R", 1 ], [ "R", 1 ], [ "R", 1 ], [ "R", 17 ], [ "R", 7 ], [ "R", 4 ], [ "R", 4 ], [ "R", 4 ], [ "R", 1 ], [ "R", 4 ], [ "R", 4 ], [ "R", 4 ], [ "R", 4 ], [ "R", 1 ], [ "R", 7 ], [ "R", 4 ], [ "R", 4 ], [ "R", 6 ], [ "R", 6 ], [ "R", 6 ], [ "R", 6 ], [ "R", 7 ], [ "R", 7 ], [ "R", 1 ], [ "R", 1 ], [ "R", 1 ], [ "R", 17 ], [ "R", 7 ], [ "R", 4 ], [ "R", 4 ], [ "R", 4 ], [ "R", 1 ], [ "R", 4 ], [ "R", 4 ], [ "R", 4 ], [ "R", 4 ], [ "R", 1 ], [ "R", 7 ], [ "R", 4 ], [ "R", 4 ], [ "R", 6 ], [ "R", 6 ], [ "R", 6 ], [ "R", 6 ] ]
    } ]
  },
  "AreaController.list" : {
    "t" : [ {
      "id" : 0,
      "a" : [ [ "R", 3 ], [ "R", 6 ], [ "R", 6 ], [ "R", 6 ], [ "R", 6 ] ]
    } ]
  },
  "MessageController.broadcastMessageMembers" : {
    "t" : [ {
      "id" : 0,
      "a" : [ [ "R", 7 ], [ "R", 7 ], [ "R", 1 ], [ "R", 1 ], [ "R", 1 ], [ "R", 17 ], [ "R", 7 ], [ "R", 4 ], [ "R", 4 ], [ "R", 4 ], [ "R", 4 ], [ "R", 1 ], [ "W", 12 ], [ "W", 12 ], [ "W", 12 ], [ "W", 12 ], [ "W", 12 ], [ "W", 12 ], [ "W", 4 ], [ "W", 12 ], [ "W", 1 ], [ "R", 7 ], [ "R", 7 ], [ "R", 1 ], [ "R", 1 ], [ "R", 1 ], [ "R", 17 ], [ "W", 12 ], [ "W", 1 ], [ "W", 12 ], [ "W", 12 ], [ "W", 12 ], [ "R", 11 ], [ "R", 6 ], [ "R", 6 ], [ "R", 6 ], [ "R", 6 ], [ "R", 6 ], [ "R", 6 ] ]
    } ]
  },
  "RequestBrotherhoodController.acceptSave" : {
    "t" : [ {
      "id" : 0,
      "a" : [ [ "R", 7 ], [ "R", 7 ], [ "R", 5 ], [ "R", 5 ], [ "R", 5 ], [ "R", 17 ], [ "R", 7 ], [ "R", 15 ], [ "R", 6 ], [ "R", 6 ], [ "R", 6 ], [ "R", 6 ], [ "R", 15 ], [ "R", 15 ], [ "R", 14 ], [ "R", 14 ], [ "R", 5 ], [ "R", 7 ], [ "R", 15 ], [ "R", 14 ], [ "R", 7 ], [ "R", 15 ], [ "R", 15 ], [ "R", 15 ], [ "R", 15 ], [ "R", 15 ], [ "R", 14 ], [ "W", 15 ], [ "W", 15 ], [ "W", 15 ], [ "R", 15 ], [ "R", 15 ], [ "R", 15 ], [ "R", 15 ], [ "R", 15 ], [ "R", 15 ], [ "R", 15 ], [ "R", 15 ], [ "R", 14 ], [ "R", 7 ], [ "R", 15 ], [ "R", 15 ], [ "R", 15 ], [ "R", 15 ], [ "R", 15 ], [ "R", 14 ], [ "W", 15 ], [ "R", 15 ], [ "R", 15 ], [ "R", 14 ], [ "R", 14 ], [ "R", 5 ], [ "R", 7 ], [ "R", 15 ], [ "R", 14 ], [ "R", 7 ], [ "R", 15 ], [ "R", 15 ], [ "R", 15 ], [ "R", 15 ], [ "R", 15 ], [ "R", 14 ], [ "R", 6 ], [ "R", 6 ], [ "R", 6 ], [ "R", 6 ], [ "R", 6 ], [ "R", 6 ], [ "R", 6 ], [ "R", 6 ] ]
    } ]
  },
  "FloaatBrotherhoodController.save" : {
    "t" : [ {
      "id" : 0,
      "a" : [ [ "R", 6 ], [ "R", 6 ], [ "R", 6 ], [ "R", 6 ], [ "R", 7 ], [ "R", 7 ], [ "R", 5 ], [ "R", 5 ], [ "R", 5 ], [ "R", 17 ], [ "W", 10 ], [ "W", 5 ], [ "W", 10 ], [ "W", 10 ], [ "W", 10 ], [ "R", 7 ], [ "R", 17 ], [ "W", 10 ], [ "R", 6 ], [ "R", 6 ], [ "R", 6 ], [ "R", 6 ] ]
    } ]
  },
  "MessageController.broadcastMessage" : {
    "t" : [ {
      "id" : 0,
      "a" : [ [ "R", 7 ], [ "R", 7 ], [ "R", 1 ], [ "R", 1 ], [ "R", 1 ], [ "R", 17 ], [ "R", 7 ], [ "R", 4 ], [ "R", 4 ], [ "R", 4 ], [ "R", 4 ], [ "R", 1 ], [ "W", 12 ], [ "W", 12 ], [ "W", 12 ], [ "W", 12 ], [ "W", 12 ], [ "W", 12 ], [ "W", 4 ], [ "W", 12 ], [ "W", 1 ], [ "R", 7 ], [ "R", 7 ], [ "R", 1 ], [ "R", 1 ], [ "R", 1 ], [ "R", 17 ], [ "W", 12 ], [ "W", 1 ], [ "R", 7 ], [ "R", 7 ], [ "R", 1 ], [ "R", 1 ], [ "R", 1 ], [ "R", 17 ], [ "R", 1 ], [ "R", 6 ], [ "R", 6 ], [ "R", 6 ], [ "R", 6 ], [ "R", 6 ], [ "R", 6 ] ]
    } ]
  },
  "WelcomeController.index" : {
    "t" : [ {
      "id" : 0,
      "a" : [ [ "R", 6 ], [ "R", 6 ], [ "R", 6 ], [ "R", 6 ], [ "R", 6 ], [ "R", 6 ] ]
    } ]
  },
  "RequestBrotherhoodController.accept" : {
    "t" : [ {
      "id" : 0,
      "a" : [ [ "R", 15 ], [ "R", 7 ], [ "R", 7 ], [ "R", 5 ], [ "R", 5 ], [ "R", 5 ], [ "R", 17 ], [ "R", 7 ], [ "R", 15 ], [ "R", 14 ], [ "R", 14 ], [ "R", 5 ], [ "R", 7 ], [ "R", 15 ], [ "R", 15 ], [ "R", 14 ], [ "R", 7 ], [ "R", 15 ], [ "R", 15 ], [ "R", 15 ], [ "R", 15 ], [ "R", 15 ], [ "R", 14 ], [ "R", 7 ], [ "R", 6 ], [ "R", 6 ], [ "R", 6 ], [ "R", 6 ], [ "R", 15 ], [ "R", 14 ], [ "R", 14 ], [ "R", 5 ], [ "R", 7 ], [ "R", 15 ], [ "R", 6 ], [ "R", 6 ], [ "R", 6 ], [ "R", 6 ] ]
    } ]
  },
  "AreaController.delete" : {
    "t" : [ {
      "id" : 0,
      "a" : [ [ "R", 7 ], [ "R", 5 ], [ "R", 5 ], [ "R", 5 ], [ "R", 3 ], [ "W", 3 ], [ "R", 6 ], [ "R", 6 ], [ "R", 6 ], [ "R", 6 ], [ "R", 6 ], [ "R", 6 ], [ "R", 6 ], [ "R", 6 ] ]
    } ]
  },
  "MemberController.list" : {
    "t" : [ {
      "id" : 0,
      "a" : [ [ "R", 5 ], [ "R", 8 ], [ "R", 8 ], [ "R", 8 ], [ "R", 8 ], [ "R", 5 ], [ "R", 11 ], [ "R", 11 ], [ "R", 11 ], [ "R", 8 ], [ "R", 6 ], [ "R", 6 ], [ "R", 6 ], [ "R", 6 ] ]
    } ]
  },
  "ProcessionController.list" : {
    "t" : [ {
      "id" : 0,
      "a" : [ [ "R", 5 ], [ "R", 14 ], [ "R", 14 ], [ "R", 14 ], [ "R", 14 ], [ "R", 5 ], [ "R", 6 ], [ "R", 6 ], [ "R", 6 ], [ "R", 6 ], [ "R", 5 ] ]
    } ]
  },
  "SocialProfileController.list" : {
    "t" : [ {
      "id" : 0,
      "a" : [ [ "R", 7 ], [ "R", 7 ], [ "R", 1 ], [ "R", 1 ], [ "R", 1 ], [ "R", 17 ], [ "R", 7 ], [ "R", 16 ], [ "R", 16 ], [ "R", 16 ], [ "R", 1 ], [ "R", 1 ], [ "R", 17 ], [ "R", 17 ], [ "R", 6 ], [ "R", 6 ], [ "R", 6 ], [ "R", 6 ] ]
    } ]
  },
  "ProcessionBrotherhoodController.save2" : {
    "t" : [ {
      "id" : 0,
      "a" : [ [ "R", 7 ], [ "R", 7 ], [ "R", 5 ], [ "R", 5 ], [ "R", 5 ], [ "R", 17 ], [ "R", 6 ], [ "R", 6 ], [ "R", 6 ], [ "R", 6 ], [ "R", 14 ], [ "R", 14 ], [ "R", 5 ], [ "R", 7 ], [ "R", 7 ], [ "R", 7 ], [ "R", 14 ], [ "W", 14 ], [ "W", 14 ], [ "W", 14 ], [ "W", 14 ], [ "R", 7 ], [ "R", 17 ], [ "W", 14 ], [ "R", 6 ], [ "R", 6 ], [ "R", 6 ], [ "R", 6 ] ]
    } ]
  },
  "PositionAdministratorController.list" : {
    "t" : [ {
      "id" : 0,
      "a" : [ [ "R", 13 ], [ "R", 6 ], [ "R", 6 ], [ "R", 6 ], [ "R", 6 ] ]
    } ]
  },
  "ActorAdministratorController.ban" : {
    "t" : [ {
      "id" : 0,
      "a" : [ [ "R", 1 ], [ "R", 1 ], [ "R", 1 ], [ "R", 1 ], [ "W", 1 ], [ "R", 1 ], [ "R", 17 ], [ "W", 17 ], [ "W", 1 ], [ "R", 1 ], [ "R", 1 ], [ "R", 1 ], [ "R", 1 ] ]
    } ]
  },
  "ProcessionBrotherhoodController.create" : {
    "t" : [ {
      "id" : 0,
      "a" : [ [ "R", 6 ], [ "R", 6 ], [ "R", 6 ], [ "R", 6 ] ]
    } ]
  },
  "EnrolmentMemberController.dropout" : {
    "t" : [ {
      "id" : 0,
      "a" : [ [ "R", 8 ], [ "R", 7 ], [ "R", 7 ], [ "R", 11 ], [ "R", 11 ], [ "R", 11 ], [ "R", 17 ], [ "R", 11 ], [ "R", 8 ], [ "R", 8 ], [ "W", 8 ], [ "W", 8 ], [ "W", 13 ], [ "W", 8 ], [ "W", 8 ], [ "W", 8 ], [ "R", 11 ], [ "R", 8 ], [ "R", 8 ] ]
    } ]
  },
  "FloaatBrotherhoodController.list" : {
    "t" : [ {
      "id" : 0,
      "a" : [ [ "R", 7 ], [ "R", 7 ], [ "R", 5 ], [ "R", 5 ], [ "R", 5 ], [ "R", 17 ], [ "R", 7 ], [ "R", 5 ], [ "R", 10 ], [ "R", 10 ], [ "R", 10 ], [ "R", 5 ], [ "R", 6 ], [ "R", 6 ], [ "R", 6 ], [ "R", 6 ] ]
    } ]
  },
  "EnrolmentMemberController.cancel" : {
    "t" : [ {
      "id" : 0,
      "a" : [ [ "R", 8 ], [ "R", 7 ], [ "R", 7 ], [ "R", 11 ], [ "R", 11 ], [ "R", 11 ], [ "R", 17 ], [ "R", 11 ], [ "R", 8 ], [ "R", 8 ], [ "R", 8 ], [ "R", 11 ], [ "R", 8 ], [ "W", 11 ], [ "W", 8 ], [ "R", 11 ], [ "R", 8 ], [ "R", 8 ], [ "R", 8 ] ]
    } ]
  },
  "MessageController.move" : {
    "t" : [ {
      "id" : 0,
      "a" : [ [ "R", 7 ], [ "R", 7 ], [ "R", 1 ], [ "R", 1 ], [ "R", 1 ], [ "R", 17 ], [ "R", 12 ], [ "R", 7 ], [ "R", 7 ], [ "R", 1 ], [ "R", 1 ], [ "R", 1 ], [ "R", 17 ], [ "R", 12 ], [ "R", 1 ], [ "R", 7 ], [ "R", 7 ], [ "R", 7 ], [ "R", 12 ], [ "R", 1 ], [ "R", 7 ], [ "R", 7 ], [ "R", 7 ], [ "R", 7 ], [ "R", 4 ], [ "R", 4 ], [ "R", 4 ], [ "R", 1 ], [ "R", 12 ], [ "R", 4 ], [ "R", 7 ], [ "R", 7 ], [ "R", 1 ], [ "R", 1 ], [ "R", 1 ], [ "R", 17 ], [ "R", 1 ], [ "R", 6 ], [ "R", 6 ], [ "R", 6 ], [ "R", 6 ], [ "R", 6 ], [ "R", 6 ], [ "R", 12 ], [ "R", 1 ], [ "R", 7 ], [ "R", 7 ], [ "R", 7 ], [ "R", 12 ], [ "R", 1 ], [ "R", 7 ], [ "R", 7 ], [ "R", 7 ] ]
    } ]
  },
  "EnrolmentController.enrolSave" : {
    "t" : [ {
      "id" : 0,
      "a" : [ [ "R", 7 ], [ "R", 7 ], [ "R", 5 ], [ "R", 5 ], [ "R", 5 ], [ "R", 17 ], [ "R", 7 ], [ "R", 8 ], [ "R", 13 ], [ "R", 6 ], [ "R", 6 ], [ "R", 6 ], [ "R", 6 ], [ "R", 5 ], [ "R", 8 ], [ "R", 5 ], [ "R", 5 ], [ "R", 7 ], [ "R", 7 ], [ "R", 7 ], [ "W", 8 ], [ "W", 8 ], [ "W", 8 ], [ "W", 8 ], [ "W", 13 ], [ "W", 8 ], [ "R", 8 ], [ "R", 5 ], [ "R", 5 ], [ "R", 7 ], [ "R", 7 ], [ "R", 7 ], [ "R", 13 ], [ "R", 6 ], [ "R", 6 ], [ "R", 6 ], [ "R", 6 ] ]
    } ]
  },
  "EnrolmentMemberController.join" : {
    "t" : [ {
      "id" : 0,
      "a" : [ [ "W", 8 ], [ "R", 5 ], [ "R", 7 ], [ "R", 7 ], [ "R", 11 ], [ "R", 11 ], [ "R", 11 ], [ "R", 17 ], [ "R", 7 ], [ "R", 11 ], [ "R", 11 ], [ "R", 8 ], [ "R", 11 ], [ "R", 8 ], [ "R", 11 ], [ "R", 11 ], [ "R", 8 ], [ "R", 5 ], [ "W", 8 ], [ "W", 5 ], [ "W", 8 ], [ "R", 11 ], [ "R", 8 ], [ "W", 11 ], [ "R", 7 ], [ "R", 11 ], [ "R", 11 ], [ "R", 8 ], [ "R", 11 ], [ "R", 8 ], [ "R", 11 ], [ "R", 11 ], [ "R", 8 ], [ "R", 5 ] ]
    } ]
  }
}