{
  "1" : "Actor",
  "2" : "Administrator",
  "3" : "Category",
  "4" : "Comment",
  "5" : "Critic",
  "6" : "DomainEntity",
  "7" : "Fee",
  "8" : "Invoice",
  "9" : "Manager",
  "10" : "Meal",
  "11" : "MealOrder",
  "12" : "MonthlyBill",
  "13" : "Promote",
  "14" : "Quantity",
  "15" : "RelationDislike",
  "16" : "RelationLike",
  "17" : "Report",
  "18" : "Reporter",
  "19" : "Restaurant",
  "20" : "Review",
  "21" : "SocialIdentity",
  "22" : "User",
  "23" : "UserAccount",
  "24" : "VATNumber"
}