{
  "1" : "Actor",
  "2" : "Administrator",
  "3" : "Artist",
  "4" : "Attraction",
  "5" : "Caseta",
  "6" : "CollectionRecord",
  "7" : "DomainEntity",
  "8" : "ExpensesRecord",
  "9" : "Feriante",
  "10" : "Finder",
  "11" : "FoodLetter",
  "12" : "History",
  "13" : "Inscription",
  "14" : "InscriptionApplication",
  "15" : "LegalTerm",
  "16" : "License",
  "17" : "LicenseApplication",
  "18" : "Message",
  "19" : "Partner",
  "20" : "Performance",
  "21" : "PermissionApplication",
  "22" : "Product",
  "23" : "SocialProfile",
  "24" : "SystemRequirements",
  "25" : "Townhall",
  "26" : "UserAccount",
  "27" : "WorkersRecord"
}