{
  "1" : "Actor",
  "2" : "Administrator",
  "3" : "ApplicationClub",
  "4" : "ApplicationJob",
  "5" : "Box",
  "6" : "BuyedOffer",
  "7" : "Category",
  "8" : "Client",
  "9" : "Club",
  "10" : "Configuration",
  "11" : "CreditCard",
  "12" : "Curricula",
  "13" : "DomainEntity",
  "14" : "EducationRecord",
  "15" : "Event",
  "16" : "Follow",
  "17" : "JobOffer",
  "18" : "Manager",
  "19" : "Message",
  "20" : "MiscellaneousRecord",
  "21" : "Offer",
  "22" : "Opinion",
  "23" : "ParticipationEvent",
  "24" : "ProfessionalRecord",
  "25" : "Publiciter",
  "26" : "SocialProfile",
  "27" : "UserAccount"
}