{
  "EventManagerController.create" : {
    "t" : [ {
      "id" : 0,
      "a" : [ [ "R", 13 ], [ "R", 13 ], [ "R", 18 ], [ "R", 18 ], [ "R", 18 ], [ "R", 27 ], [ "R", 13 ], [ "R", 9 ], [ "R", 9 ], [ "R", 9 ], [ "R", 18 ], [ "R", 9 ], [ "R", 13 ], [ "R", 27 ], [ "R", 18 ], [ "R", 18 ], [ "R", 18 ], [ "R", 27 ], [ "R", 7 ], [ "R", 13 ], [ "R", 9 ], [ "R", 9 ], [ "R", 9 ], [ "R", 18 ], [ "R", 9 ], [ "R", 10 ], [ "R", 10 ], [ "R", 10 ], [ "R", 10 ], [ "R", 10 ], [ "R", 10 ], [ "R", 13 ], [ "R", 9 ], [ "R", 9 ], [ "R", 9 ], [ "R", 18 ], [ "R", 9 ] ]
    } ]
  },
  "EventController.list" : {
    "t" : [ {
      "id" : 0,
      "a" : [ [ "R", 15 ], [ "R", 15 ], [ "R", 15 ], [ "R", 15 ], [ "R", 9 ], [ "R", 15 ], [ "R", 15 ], [ "R", 15 ], [ "R", 9 ], [ "R", 15 ], [ "R", 15 ], [ "R", 10 ], [ "R", 10 ], [ "R", 10 ], [ "R", 10 ], [ "R", 10 ], [ "R", 10 ] ]
    } ]
  },
  "EventManagerController.show" : {
    "t" : [ {
      "id" : 0,
      "a" : [ [ "R", 13 ], [ "R", 13 ], [ "R", 18 ], [ "R", 18 ], [ "R", 18 ], [ "R", 27 ], [ "R", 15 ], [ "R", 15 ], [ "R", 9 ], [ "R", 9 ], [ "R", 18 ], [ "R", 13 ], [ "R", 13 ], [ "R", 13 ], [ "R", 15 ], [ "R", 15 ], [ "R", 15 ], [ "R", 15 ], [ "R", 15 ], [ "R", 9 ], [ "R", 15 ], [ "R", 7 ], [ "R", 15 ], [ "R", 15 ], [ "R", 15 ], [ "R", 15 ], [ "R", 15 ], [ "R", 15 ], [ "R", 13 ], [ "R", 27 ], [ "R", 18 ], [ "R", 18 ], [ "R", 18 ], [ "R", 27 ], [ "R", 7 ], [ "R", 13 ], [ "R", 9 ], [ "R", 9 ], [ "R", 9 ], [ "R", 18 ], [ "R", 9 ], [ "R", 10 ], [ "R", 10 ], [ "R", 10 ], [ "R", 10 ], [ "R", 10 ], [ "R", 10 ], [ "R", 15 ], [ "R", 15 ], [ "R", 9 ], [ "R", 9 ], [ "R", 18 ], [ "R", 13 ], [ "R", 13 ], [ "R", 13 ] ]
    } ]
  },
  "EventManagerController.myList" : {
    "t" : [ {
      "id" : 0,
      "a" : [ [ "R", 13 ], [ "R", 13 ], [ "R", 18 ], [ "R", 18 ], [ "R", 18 ], [ "R", 27 ], [ "R", 13 ], [ "R", 15 ], [ "R", 15 ], [ "R", 15 ], [ "R", 9 ], [ "R", 18 ], [ "R", 15 ], [ "R", 13 ], [ "R", 15 ], [ "R", 15 ], [ "R", 15 ], [ "R", 9 ], [ "R", 18 ], [ "R", 15 ], [ "R", 10 ], [ "R", 10 ], [ "R", 10 ], [ "R", 10 ], [ "R", 10 ], [ "R", 10 ] ]
    } ]
  },
  "SocialProfileController.create" : {
    "t" : [ {
      "id" : 0,
      "a" : [ [ "R", 13 ], [ "R", 27 ], [ "R", 1 ], [ "R", 1 ], [ "R", 1 ], [ "R", 27 ], [ "R", 10 ], [ "R", 10 ], [ "R", 10 ], [ "R", 10 ] ]
    } ]
  },
  "EventManagerController.save" : {
    "t" : [ {
      "id" : 0,
      "a" : [ [ "R", 13 ], [ "R", 27 ], [ "R", 18 ], [ "R", 18 ], [ "R", 18 ], [ "R", 27 ], [ "R", 7 ], [ "R", 13 ], [ "R", 9 ], [ "R", 9 ], [ "R", 9 ], [ "R", 18 ], [ "R", 9 ], [ "R", 10 ], [ "R", 10 ], [ "R", 10 ], [ "R", 10 ], [ "R", 10 ], [ "R", 10 ], [ "W", 15 ], [ "W", 15 ], [ "W", 15 ], [ "W", 15 ], [ "W", 23 ], [ "W", 15 ], [ "W", 22 ], [ "W", 15 ], [ "W", 15 ], [ "W", 15 ], [ "W", 15 ], [ "W", 9 ], [ "W", 15 ], [ "W", 7 ], [ "W", 15 ], [ "W", 15 ], [ "W", 15 ], [ "W", 15 ], [ "W", 15 ], [ "R", 15 ], [ "R", 15 ], [ "R", 15 ], [ "R", 13 ], [ "R", 27 ], [ "R", 13 ], [ "R", 13 ], [ "R", 18 ], [ "R", 18 ], [ "R", 18 ], [ "R", 27 ], [ "R", 15 ], [ "R", 9 ], [ "R", 9 ], [ "R", 18 ], [ "R", 13 ], [ "R", 13 ], [ "R", 13 ], [ "R", 15 ], [ "R", 15 ], [ "W", 15 ], [ "W", 15 ], [ "R", 13 ], [ "R", 27 ], [ "R", 18 ], [ "R", 18 ], [ "R", 18 ], [ "R", 27 ], [ "R", 7 ], [ "R", 13 ], [ "R", 9 ], [ "R", 9 ], [ "R", 9 ], [ "R", 18 ], [ "R", 9 ], [ "R", 10 ], [ "R", 10 ], [ "R", 10 ], [ "R", 10 ], [ "R", 10 ], [ "R", 10 ], [ "R", 15 ], [ "R", 13 ], [ "R", 27 ], [ "R", 18 ], [ "R", 18 ], [ "R", 18 ], [ "R", 27 ], [ "R", 7 ], [ "R", 13 ], [ "R", 9 ], [ "R", 9 ], [ "R", 9 ], [ "R", 18 ], [ "R", 9 ], [ "R", 10 ], [ "R", 10 ], [ "R", 10 ], [ "R", 10 ], [ "R", 10 ], [ "R", 10 ], [ "R", 15 ], [ "R", 15 ], [ "R", 13 ], [ "R", 27 ], [ "R", 18 ], [ "R", 18 ], [ "R", 18 ], [ "R", 27 ], [ "R", 7 ], [ "R", 13 ], [ "R", 9 ], [ "R", 9 ], [ "R", 9 ], [ "R", 18 ], [ "R", 9 ], [ "R", 10 ], [ "R", 10 ], [ "R", 10 ], [ "R", 10 ], [ "R", 10 ], [ "R", 10 ] ]
    } ]
  },
  "ManagerController.listClubs" : {
    "t" : [ {
      "id" : 0,
      "a" : [ [ "R", 13 ], [ "R", 13 ], [ "R", 18 ], [ "R", 18 ], [ "R", 18 ], [ "R", 27 ], [ "R", 13 ], [ "R", 9 ], [ "R", 9 ], [ "R", 9 ], [ "R", 18 ], [ "R", 9 ], [ "R", 9 ], [ "R", 9 ], [ "R", 9 ], [ "R", 9 ], [ "R", 18 ], [ "R", 9 ], [ "R", 9 ], [ "R", 9 ], [ "R", 9 ], [ "R", 9 ], [ "R", 9 ], [ "R", 9 ], [ "R", 18 ], [ "R", 9 ], [ "R", 9 ], [ "R", 9 ], [ "R", 9 ], [ "R", 9 ], [ "R", 9 ], [ "R", 18 ], [ "R", 10 ], [ "R", 10 ], [ "R", 10 ], [ "R", 10 ] ]
    } ]
  },
  "LoginController.login" : {
    "t" : [ {
      "id" : 0,
      "a" : [ [ "R", 10 ], [ "R", 10 ], [ "R", 10 ], [ "R", 10 ] ]
    } ]
  },
  "CategoryAdministratorController.create" : {
    "t" : [ {
      "id" : 0,
      "a" : [ [ "R", 7 ], [ "R", 10 ], [ "R", 10 ], [ "R", 10 ], [ "R", 10 ] ]
    } ]
  },
  "ClubManagerController.delete" : {
    "t" : [ {
      "id" : 0,
      "a" : [ [ "R", 10 ], [ "R", 10 ], [ "R", 10 ], [ "R", 10 ], [ "R", 13 ], [ "R", 13 ], [ "R", 18 ], [ "R", 18 ], [ "R", 18 ], [ "R", 27 ], [ "R", 9 ], [ "R", 9 ], [ "R", 18 ], [ "R", 13 ], [ "R", 13 ], [ "R", 13 ], [ "R", 13 ], [ "R", 27 ], [ "R", 13 ], [ "R", 13 ], [ "R", 18 ], [ "R", 18 ], [ "R", 18 ], [ "R", 27 ], [ "R", 9 ], [ "R", 9 ], [ "R", 18 ], [ "R", 13 ], [ "R", 13 ], [ "R", 13 ], [ "W", 9 ], [ "R", 10 ], [ "R", 10 ], [ "R", 10 ], [ "R", 10 ] ]
    } ]
  },
  "CreditCardClientController.edit" : {
    "t" : [ {
      "id" : 0,
      "a" : [ [ "R", 13 ], [ "R", 13 ], [ "R", 8 ], [ "R", 8 ], [ "R", 8 ], [ "R", 27 ], [ "R", 8 ], [ "R", 11 ], [ "R", 13 ], [ "R", 13 ], [ "R", 11 ], [ "R", 11 ], [ "R", 11 ], [ "R", 11 ], [ "R", 11 ], [ "R", 11 ], [ "R", 10 ], [ "R", 10 ], [ "R", 10 ], [ "R", 10 ] ]
    } ]
  },
  "ManagerController.list" : {
    "t" : [ {
      "id" : 0,
      "a" : [ [ "R", 18 ], [ "R", 10 ], [ "R", 10 ], [ "R", 10 ], [ "R", 10 ] ]
    } ]
  },
  "ConfigurationAdministratorController.save" : {
    "t" : [ {
      "id" : 0,
      "a" : [ [ "R", 10 ], [ "R", 10 ], [ "R", 10 ], [ "R", 10 ], [ "R", 10 ], [ "W", 10 ], [ "W", 10 ], [ "W", 10 ], [ "W", 10 ], [ "W", 10 ], [ "W", 10 ], [ "R", 13 ], [ "R", 27 ], [ "W", 10 ], [ "R", 10 ], [ "R", 10 ], [ "R", 10 ], [ "R", 10 ] ]
    } ]
  },
  "ConfigurationAdministratorController.show" : {
    "t" : [ {
      "id" : 0,
      "a" : [ [ "R", 10 ], [ "R", 13 ], [ "R", 10 ], [ "R", 10 ], [ "R", 10 ], [ "R", 10 ], [ "R", 10 ], [ "R", 10 ], [ "R", 10 ], [ "R", 10 ], [ "R", 10 ], [ "R", 10 ], [ "R", 10 ], [ "R", 10 ], [ "R", 10 ], [ "R", 10 ], [ "R", 10 ], [ "R", 10 ] ]
    } ]
  },
  "EventController.listOpinions" : {
    "t" : [ {
      "id" : 0,
      "a" : [ [ "R", 15 ], [ "R", 13 ], [ "R", 15 ], [ "R", 15 ], [ "R", 22 ], [ "R", 15 ], [ "R", 22 ], [ "R", 15 ], [ "R", 10 ], [ "R", 10 ], [ "R", 10 ], [ "R", 10 ] ]
    } ]
  },
  "RegisterAdministratorController.save" : {
    "t" : [ {
      "id" : 0,
      "a" : [ [ "R", 27 ], [ "R", 10 ], [ "R", 10 ], [ "R", 10 ], [ "R", 10 ], [ "R", 27 ], [ "R", 27 ], [ "W", 27 ], [ "R", 27 ], [ "R", 18 ], [ "W", 27 ], [ "W", 27 ], [ "W", 27 ], [ "W", 1 ], [ "W", 27 ], [ "W", 1 ], [ "W", 1 ], [ "W", 1 ], [ "W", 27 ], [ "R", 13 ], [ "R", 13 ], [ "R", 27 ], [ "W", 13 ], [ "W", 13 ], [ "W", 1 ], [ "W", 1 ], [ "W", 1 ], [ "W", 1 ], [ "W", 1 ], [ "W", 1 ], [ "W", 1 ], [ "R", 13 ], [ "R", 13 ], [ "R", 1 ], [ "R", 27 ], [ "R", 13 ], [ "R", 13 ], [ "R", 13 ], [ "W", 18 ], [ "R", 13 ], [ "R", 5 ], [ "R", 5 ], [ "R", 5 ], [ "R", 5 ], [ "R", 1 ], [ "W", 5 ], [ "W", 5 ], [ "W", 5 ], [ "W", 5 ], [ "W", 5 ], [ "W", 5 ], [ "W", 5 ], [ "W", 1 ], [ "W", 5 ], [ "W", 5 ], [ "W", 5 ], [ "W", 5 ], [ "W", 5 ], [ "W", 5 ], [ "W", 5 ], [ "W", 1 ], [ "W", 5 ], [ "W", 5 ], [ "W", 5 ], [ "W", 5 ], [ "W", 5 ], [ "W", 5 ], [ "W", 5 ], [ "W", 1 ], [ "W", 5 ], [ "W", 5 ], [ "W", 5 ], [ "W", 5 ], [ "W", 5 ], [ "W", 5 ], [ "W", 5 ], [ "W", 1 ], [ "W", 5 ], [ "W", 5 ], [ "W", 5 ], [ "W", 5 ], [ "W", 5 ], [ "W", 5 ], [ "W", 5 ], [ "W", 1 ], [ "W", 5 ], [ "R", 25 ], [ "W", 27 ], [ "W", 27 ], [ "W", 27 ], [ "W", 1 ], [ "W", 27 ], [ "W", 1 ], [ "W", 1 ], [ "W", 1 ], [ "W", 27 ], [ "R", 13 ], [ "R", 13 ], [ "R", 27 ], [ "W", 13 ], [ "W", 13 ], [ "W", 1 ], [ "W", 1 ], [ "W", 1 ], [ "W", 1 ], [ "W", 1 ], [ "W", 1 ], [ "W", 1 ], [ "W", 25 ], [ "R", 13 ], [ "R", 5 ], [ "R", 5 ], [ "R", 5 ], [ "R", 5 ], [ "R", 1 ], [ "W", 5 ], [ "W", 5 ], [ "W", 5 ], [ "W", 5 ], [ "W", 5 ], [ "W", 5 ], [ "W", 5 ], [ "W", 1 ], [ "W", 5 ], [ "W", 5 ], [ "W", 5 ], [ "W", 5 ], [ "W", 5 ], [ "W", 5 ], [ "W", 5 ], [ "W", 1 ], [ "W", 5 ], [ "W", 5 ], [ "W", 5 ], [ "W", 5 ], [ "W", 5 ], [ "W", 5 ], [ "W", 5 ], [ "W", 1 ], [ "W", 5 ], [ "W", 5 ], [ "W", 5 ], [ "W", 5 ], [ "W", 5 ], [ "W", 5 ], [ "W", 5 ], [ "W", 1 ], [ "W", 5 ], [ "W", 5 ], [ "W", 5 ], [ "W", 5 ], [ "W", 5 ], [ "W", 5 ], [ "W", 5 ], [ "W", 1 ], [ "W", 5 ], [ "R", 8 ], [ "W", 27 ], [ "W", 27 ], [ "W", 27 ], [ "W", 1 ], [ "W", 27 ], [ "W", 1 ], [ "W", 1 ], [ "W", 1 ], [ "W", 27 ], [ "R", 13 ], [ "R", 13 ], [ "R", 27 ], [ "W", 13 ], [ "W", 13 ], [ "W", 1 ], [ "W", 1 ], [ "W", 1 ], [ "W", 1 ], [ "W", 1 ], [ "W", 1 ], [ "W", 1 ], [ "W", 8 ], [ "R", 13 ], [ "R", 13 ], [ "R", 1 ], [ "R", 27 ], [ "R", 13 ], [ "R", 13 ], [ "R", 13 ], [ "W", 8 ], [ "R", 13 ], [ "R", 5 ], [ "R", 5 ], [ "R", 5 ], [ "R", 5 ], [ "R", 1 ], [ "W", 5 ], [ "W", 5 ], [ "W", 5 ], [ "W", 5 ], [ "W", 5 ], [ "W", 5 ], [ "W", 5 ], [ "W", 1 ], [ "W", 5 ], [ "W", 5 ], [ "W", 5 ], [ "W", 5 ], [ "W", 5 ], [ "W", 5 ], [ "W", 5 ], [ "W", 1 ], [ "W", 5 ], [ "W", 5 ], [ "W", 5 ], [ "W", 5 ], [ "W", 5 ], [ "W", 5 ], [ "W", 5 ], [ "W", 1 ], [ "W", 5 ], [ "W", 5 ], [ "W", 5 ], [ "W", 5 ], [ "W", 5 ], [ "W", 5 ], [ "W", 5 ], [ "W", 1 ], [ "W", 5 ], [ "W", 5 ], [ "W", 5 ], [ "W", 5 ], [ "W", 5 ], [ "W", 5 ], [ "W", 5 ], [ "W", 1 ], [ "W", 5 ], [ "R", 13 ], [ "R", 13 ], [ "R", 27 ], [ "R", 2 ], [ "W", 27 ], [ "W", 27 ], [ "W", 27 ], [ "W", 1 ], [ "W", 27 ], [ "W", 1 ], [ "W", 1 ], [ "W", 1 ], [ "W", 27 ], [ "W", 13 ], [ "W", 13 ], [ "W", 1 ], [ "W", 1 ], [ "W", 1 ], [ "W", 1 ], [ "W", 1 ], [ "W", 1 ], [ "W", 1 ], [ "R", 13 ], [ "R", 27 ], [ "R", 13 ], [ "R", 13 ], [ "R", 1 ], [ "R", 27 ], [ "R", 13 ], [ "R", 13 ], [ "R", 13 ], [ "W", 2 ], [ "R", 13 ], [ "R", 5 ], [ "R", 5 ], [ "R", 5 ], [ "R", 5 ], [ "R", 1 ], [ "W", 5 ], [ "W", 5 ], [ "W", 5 ], [ "W", 5 ], [ "W", 5 ], [ "W", 5 ], [ "W", 5 ], [ "W", 1 ], [ "W", 5 ], [ "W", 5 ], [ "W", 5 ], [ "W", 5 ], [ "W", 5 ], [ "W", 5 ], [ "W", 5 ], [ "W", 1 ], [ "W", 5 ], [ "W", 5 ], [ "W", 5 ], [ "W", 5 ], [ "W", 5 ], [ "W", 5 ], [ "W", 5 ], [ "W", 1 ], [ "W", 5 ], [ "W", 5 ], [ "W", 5 ], [ "W", 5 ], [ "W", 5 ], [ "W", 5 ], [ "W", 5 ], [ "W", 1 ], [ "W", 5 ], [ "W", 5 ], [ "W", 5 ], [ "W", 5 ], [ "W", 5 ], [ "W", 5 ], [ "W", 5 ], [ "W", 1 ], [ "W", 5 ], [ "R", 27 ], [ "R", 1 ], [ "R", 1 ], [ "R", 1 ], [ "R", 27 ], [ "R", 27 ], [ "R", 10 ], [ "R", 10 ], [ "R", 10 ], [ "R", 10 ], [ "R", 27 ], [ "R", 10 ], [ "R", 10 ], [ "R", 10 ], [ "R", 10 ], [ "R", 27 ], [ "R", 10 ], [ "R", 10 ], [ "R", 10 ], [ "R", 10 ], [ "R", 27 ], [ "R", 10 ], [ "R", 10 ], [ "R", 10 ], [ "R", 10 ], [ "R", 27 ], [ "R", 10 ], [ "R", 10 ], [ "R", 10 ], [ "R", 10 ], [ "R", 27 ], [ "R", 10 ], [ "R", 10 ], [ "R", 10 ], [ "R", 10 ] ]
    } ]
  },
  "ClubManagerController.listFollows" : {
    "t" : [ {
      "id" : 0,
      "a" : [ [ "R", 13 ], [ "R", 13 ], [ "R", 18 ], [ "R", 18 ], [ "R", 18 ], [ "R", 27 ], [ "R", 9 ], [ "R", 9 ], [ "R", 18 ], [ "R", 13 ], [ "R", 13 ], [ "R", 13 ], [ "R", 9 ], [ "R", 9 ], [ "R", 16 ], [ "R", 10 ], [ "R", 10 ], [ "R", 10 ], [ "R", 10 ], [ "R", 9 ], [ "R", 18 ], [ "R", 13 ], [ "R", 13 ], [ "R", 13 ], [ "R", 9 ] ]
    } ]
  },
  "ClubClientController.list" : {
    "t" : [ {
      "id" : 0,
      "a" : [ [ "R", 13 ], [ "R", 13 ], [ "R", 8 ], [ "R", 8 ], [ "R", 8 ], [ "R", 27 ], [ "R", 13 ], [ "R", 9 ], [ "R", 9 ], [ "R", 16 ], [ "R", 9 ], [ "R", 9 ], [ "R", 16 ], [ "R", 8 ], [ "R", 9 ], [ "R", 9 ], [ "R", 9 ], [ "R", 9 ], [ "R", 10 ], [ "R", 10 ], [ "R", 10 ], [ "R", 10 ] ]
    } ]
  },
  "BoxController.list" : {
    "t" : [ {
      "id" : 0,
      "a" : [ [ "R", 13 ], [ "R", 13 ], [ "R", 1 ], [ "R", 1 ], [ "R", 1 ], [ "R", 27 ], [ "R", 13 ], [ "R", 5 ], [ "R", 5 ], [ "R", 5 ], [ "R", 1 ], [ "R", 13 ], [ "R", 5 ], [ "R", 5 ], [ "R", 5 ], [ "R", 5 ], [ "R", 1 ], [ "R", 10 ], [ "R", 10 ], [ "R", 10 ], [ "R", 10 ] ]
    } ]
  },
  "ActorAdministratorController.unban" : {
    "t" : [ {
      "id" : 0,
      "a" : [ [ "R", 1 ], [ "R", 1 ], [ "R", 1 ], [ "W", 1 ], [ "W", 1 ], [ "R", 1 ], [ "R", 27 ], [ "W", 27 ], [ "W", 1 ], [ "R", 1 ], [ "R", 1 ] ]
    } ]
  },
  "MessageController.save" : {
    "t" : [ {
      "id" : 0,
      "a" : [ [ "R", 13 ], [ "R", 13 ], [ "R", 1 ], [ "R", 1 ], [ "R", 1 ], [ "R", 27 ], [ "R", 1 ], [ "R", 10 ], [ "R", 10 ], [ "R", 10 ], [ "R", 10 ], [ "R", 10 ], [ "R", 10 ], [ "R", 13 ], [ "R", 13 ], [ "R", 19 ], [ "R", 5 ], [ "R", 13 ], [ "R", 19 ], [ "R", 13 ], [ "R", 13 ], [ "R", 1 ], [ "R", 1 ], [ "R", 1 ], [ "R", 27 ], [ "R", 13 ], [ "R", 5 ], [ "R", 5 ], [ "R", 5 ], [ "R", 1 ], [ "R", 19 ], [ "R", 5 ], [ "R", 13 ], [ "R", 13 ], [ "R", 1 ], [ "R", 1 ], [ "R", 1 ], [ "R", 27 ], [ "R", 19 ], [ "R", 1 ], [ "R", 13 ], [ "R", 13 ], [ "R", 13 ], [ "R", 19 ], [ "R", 1 ], [ "R", 13 ], [ "R", 13 ], [ "R", 13 ], [ "W", 19 ], [ "W", 5 ], [ "W", 19 ], [ "R", 13 ], [ "R", 19 ], [ "R", 5 ], [ "R", 5 ], [ "R", 1 ], [ "R", 13 ], [ "R", 13 ], [ "R", 1 ], [ "R", 1 ], [ "R", 1 ], [ "R", 27 ], [ "R", 13 ], [ "R", 13 ], [ "R", 13 ], [ "R", 10 ], [ "R", 10 ], [ "R", 19 ], [ "R", 10 ], [ "R", 10 ], [ "R", 19 ], [ "R", 19 ], [ "R", 19 ], [ "R", 19 ], [ "R", 1 ], [ "R", 19 ], [ "R", 1 ], [ "R", 13 ], [ "R", 13 ], [ "R", 1 ], [ "R", 1 ], [ "R", 1 ], [ "R", 27 ], [ "R", 13 ], [ "R", 5 ], [ "R", 5 ], [ "R", 5 ], [ "R", 5 ], [ "R", 1 ], [ "W", 19 ], [ "W", 19 ], [ "W", 19 ], [ "W", 19 ], [ "W", 19 ], [ "W", 19 ], [ "W", 5 ], [ "W", 19 ], [ "W", 1 ], [ "R", 19 ], [ "W", 19 ], [ "R", 19 ], [ "W", 19 ], [ "R", 19 ], [ "R", 1 ], [ "W", 19 ], [ "W", 1 ], [ "R", 19 ], [ "R", 1 ], [ "W", 19 ], [ "W", 1 ], [ "R", 19 ], [ "W", 19 ], [ "R", 19 ], [ "W", 19 ], [ "R", 19 ], [ "W", 19 ], [ "R", 13 ], [ "R", 13 ], [ "R", 1 ], [ "R", 1 ], [ "R", 1 ], [ "R", 27 ], [ "R", 13 ], [ "R", 5 ], [ "R", 5 ], [ "R", 5 ], [ "R", 5 ], [ "R", 1 ], [ "W", 19 ], [ "W", 19 ], [ "W", 19 ], [ "W", 19 ], [ "W", 19 ], [ "W", 19 ], [ "W", 5 ], [ "W", 19 ], [ "W", 1 ], [ "R", 19 ], [ "W", 19 ], [ "R", 19 ], [ "W", 19 ], [ "R", 19 ], [ "R", 1 ], [ "W", 19 ], [ "W", 1 ], [ "R", 19 ], [ "R", 1 ], [ "W", 19 ], [ "W", 1 ], [ "R", 19 ], [ "W", 19 ], [ "R", 19 ], [ "W", 19 ], [ "R", 19 ], [ "W", 19 ], [ "W", 19 ], [ "W", 1 ], [ "W", 19 ], [ "W", 1 ], [ "W", 19 ], [ "W", 1 ], [ "W", 19 ], [ "W", 1 ], [ "R", 13 ], [ "R", 5 ], [ "R", 5 ], [ "R", 5 ], [ "R", 5 ], [ "R", 1 ], [ "W", 19 ], [ "W", 5 ], [ "R", 13 ], [ "R", 5 ], [ "R", 5 ], [ "R", 5 ], [ "R", 5 ], [ "R", 1 ], [ "W", 19 ], [ "W", 5 ], [ "R", 1 ], [ "R", 27 ], [ "R", 27 ], [ "R", 13 ], [ "R", 2 ], [ "R", 2 ], [ "R", 2 ], [ "R", 27 ], [ "W", 1 ], [ "W", 2 ], [ "R", 13 ], [ "R", 8 ], [ "R", 8 ], [ "R", 8 ], [ "R", 27 ], [ "W", 1 ], [ "W", 8 ], [ "R", 13 ], [ "R", 18 ], [ "R", 18 ], [ "R", 18 ], [ "R", 27 ], [ "W", 1 ], [ "W", 18 ], [ "R", 13 ], [ "R", 5 ], [ "R", 5 ], [ "R", 5 ], [ "R", 5 ], [ "R", 1 ], [ "W", 19 ], [ "W", 5 ], [ "W", 19 ], [ "R", 13 ], [ "R", 13 ], [ "R", 1 ], [ "R", 1 ], [ "R", 1 ], [ "R", 27 ], [ "R", 1 ], [ "R", 10 ], [ "R", 10 ], [ "R", 10 ], [ "R", 10 ], [ "R", 10 ], [ "R", 10 ], [ "R", 13 ] ]
    } ]
  },
  "MessageController.show" : {
    "t" : [ {
      "id" : 0,
      "a" : [ [ "R", 19 ], [ "R", 13 ], [ "R", 13 ], [ "R", 1 ], [ "R", 1 ], [ "R", 1 ], [ "R", 27 ], [ "R", 19 ], [ "R", 1 ], [ "R", 13 ], [ "R", 13 ], [ "R", 13 ], [ "R", 19 ], [ "R", 1 ], [ "R", 13 ], [ "R", 13 ], [ "R", 13 ], [ "R", 13 ], [ "R", 13 ], [ "R", 1 ], [ "R", 1 ], [ "R", 1 ], [ "R", 27 ], [ "R", 13 ], [ "R", 5 ], [ "R", 5 ], [ "R", 5 ], [ "R", 1 ], [ "R", 19 ], [ "R", 5 ], [ "R", 13 ], [ "R", 13 ], [ "R", 1 ], [ "R", 1 ], [ "R", 1 ], [ "R", 27 ], [ "R", 1 ], [ "R", 10 ], [ "R", 10 ], [ "R", 10 ], [ "R", 10 ], [ "R", 10 ], [ "R", 10 ], [ "R", 13 ], [ "R", 13 ], [ "R", 1 ], [ "R", 1 ], [ "R", 1 ], [ "R", 27 ], [ "R", 19 ], [ "R", 1 ], [ "R", 13 ], [ "R", 13 ], [ "R", 13 ], [ "R", 19 ], [ "R", 1 ], [ "R", 13 ], [ "R", 13 ], [ "R", 13 ] ]
    } ]
  },
  "ActorAdministratorController.list" : {
    "t" : [ {
      "id" : 0,
      "a" : [ [ "R", 1 ], [ "R", 1 ], [ "R", 1 ], [ "R", 10 ], [ "R", 10 ], [ "R", 10 ], [ "R", 10 ] ]
    } ]
  },
  "ActorController.edit" : {
    "t" : [ {
      "id" : 0,
      "a" : [ [ "R", 13 ], [ "R", 13 ], [ "R", 1 ], [ "R", 1 ], [ "R", 1 ], [ "R", 27 ], [ "R", 1 ], [ "R", 27 ], [ "R", 27 ], [ "R", 1 ], [ "R", 27 ], [ "R", 27 ], [ "R", 1 ], [ "R", 27 ], [ "R", 13 ], [ "R", 8 ], [ "R", 8 ], [ "R", 8 ], [ "R", 27 ], [ "R", 8 ], [ "R", 1 ], [ "R", 27 ], [ "R", 27 ], [ "R", 1 ], [ "R", 27 ], [ "R", 27 ], [ "R", 1 ], [ "R", 27 ], [ "R", 13 ], [ "R", 13 ], [ "R", 1 ], [ "R", 1 ], [ "R", 1 ], [ "R", 1 ], [ "R", 1 ], [ "R", 1 ], [ "R", 1 ], [ "R", 27 ], [ "R", 13 ], [ "R", 8 ], [ "R", 8 ], [ "R", 8 ], [ "R", 27 ], [ "R", 8 ], [ "R", 10 ], [ "R", 10 ], [ "R", 10 ], [ "R", 10 ] ]
    } ]
  },
  "ClubClientController.follow" : {
    "t" : [ {
      "id" : 0,
      "a" : [ [ "R", 13 ], [ "R", 13 ], [ "R", 8 ], [ "R", 8 ], [ "R", 8 ], [ "R", 27 ], [ "R", 9 ], [ "R", 13 ], [ "R", 13 ], [ "R", 9 ], [ "R", 9 ], [ "R", 16 ], [ "R", 9 ], [ "R", 9 ], [ "R", 16 ], [ "R", 8 ], [ "R", 9 ], [ "R", 13 ], [ "R", 13 ], [ "R", 8 ], [ "R", 8 ], [ "R", 8 ], [ "R", 27 ], [ "R", 13 ], [ "R", 27 ], [ "R", 9 ], [ "R", 13 ], [ "R", 13 ], [ "R", 9 ], [ "R", 9 ], [ "R", 16 ], [ "R", 9 ], [ "R", 9 ], [ "R", 16 ], [ "R", 8 ], [ "R", 9 ], [ "R", 13 ], [ "R", 13 ], [ "R", 8 ], [ "R", 8 ], [ "R", 8 ], [ "R", 27 ], [ "W", 16 ], [ "W", 8 ], [ "W", 16 ], [ "R", 13 ], [ "R", 13 ], [ "R", 8 ], [ "R", 8 ], [ "R", 8 ], [ "R", 27 ], [ "R", 16 ], [ "R", 8 ], [ "R", 13 ], [ "R", 13 ], [ "R", 13 ], [ "W", 16 ], [ "R", 9 ], [ "R", 16 ], [ "W", 9 ], [ "R", 13 ], [ "R", 13 ], [ "R", 9 ], [ "R", 9 ], [ "R", 16 ], [ "R", 9 ], [ "R", 9 ], [ "R", 16 ], [ "R", 8 ], [ "R", 9 ] ]
    } ]
  },
  "MessageController.exchangeMessage" : {
    "t" : [ {
      "id" : 0,
      "a" : [ [ "R", 13 ], [ "R", 13 ], [ "R", 1 ], [ "R", 1 ], [ "R", 1 ], [ "R", 27 ], [ "R", 13 ], [ "R", 5 ], [ "R", 5 ], [ "R", 5 ], [ "R", 5 ], [ "R", 1 ], [ "W", 19 ], [ "W", 19 ], [ "W", 19 ], [ "W", 19 ], [ "W", 19 ], [ "W", 19 ], [ "W", 5 ], [ "W", 19 ], [ "W", 1 ], [ "R", 13 ], [ "R", 13 ], [ "R", 1 ], [ "R", 1 ], [ "R", 1 ], [ "R", 27 ], [ "R", 1 ], [ "R", 10 ], [ "R", 10 ], [ "R", 10 ], [ "R", 10 ], [ "R", 10 ], [ "R", 10 ] ]
    } ]
  },
  "EventClientController.list" : {
    "t" : [ {
      "id" : 0,
      "a" : [ [ "R", 13 ], [ "R", 13 ], [ "R", 8 ], [ "R", 8 ], [ "R", 8 ], [ "R", 27 ], [ "R", 13 ], [ "R", 15 ], [ "R", 15 ], [ "R", 15 ], [ "R", 15 ], [ "R", 15 ], [ "R", 15 ], [ "R", 9 ], [ "R", 9 ], [ "R", 9 ], [ "R", 16 ], [ "R", 9 ], [ "R", 9 ], [ "R", 16 ], [ "R", 8 ], [ "R", 13 ], [ "R", 15 ], [ "R", 15 ], [ "R", 15 ], [ "R", 15 ], [ "R", 15 ], [ "R", 9 ], [ "R", 9 ], [ "R", 9 ], [ "R", 16 ], [ "R", 9 ], [ "R", 9 ], [ "R", 16 ], [ "R", 8 ], [ "R", 13 ], [ "R", 15 ], [ "R", 15 ], [ "R", 15 ], [ "R", 15 ], [ "R", 15 ], [ "R", 15 ], [ "R", 9 ], [ "R", 9 ], [ "R", 9 ], [ "R", 16 ], [ "R", 9 ], [ "R", 9 ], [ "R", 16 ], [ "R", 8 ], [ "R", 9 ], [ "R", 13 ], [ "R", 13 ], [ "R", 13 ], [ "R", 9 ], [ "R", 9 ], [ "R", 16 ], [ "R", 9 ], [ "R", 9 ], [ "R", 16 ], [ "R", 8 ], [ "R", 9 ], [ "R", 13 ], [ "R", 13 ], [ "R", 13 ], [ "R", 15 ], [ "R", 15 ], [ "R", 15 ], [ "R", 15 ], [ "R", 15 ], [ "R", 15 ], [ "R", 9 ], [ "R", 9 ], [ "R", 9 ], [ "R", 16 ], [ "R", 9 ], [ "R", 9 ], [ "R", 16 ], [ "R", 8 ], [ "R", 9 ], [ "R", 13 ], [ "R", 13 ], [ "R", 15 ], [ "R", 15 ], [ "R", 15 ], [ "R", 15 ], [ "R", 15 ], [ "R", 9 ], [ "R", 9 ], [ "R", 9 ], [ "R", 16 ], [ "R", 9 ], [ "R", 9 ], [ "R", 16 ], [ "R", 8 ], [ "R", 9 ], [ "R", 13 ], [ "R", 13 ], [ "R", 15 ], [ "R", 15 ], [ "R", 15 ], [ "R", 15 ], [ "R", 15 ], [ "R", 15 ], [ "R", 9 ], [ "R", 9 ], [ "R", 9 ], [ "R", 16 ], [ "R", 9 ], [ "R", 9 ], [ "R", 16 ], [ "R", 8 ], [ "R", 9 ], [ "R", 10 ], [ "R", 10 ], [ "R", 10 ], [ "R", 10 ], [ "R", 10 ], [ "R", 10 ] ]
    } ]
  },
  "EventManagerController.save2" : {
    "t" : [ {
      "id" : 0,
      "a" : [ [ "R", 13 ], [ "R", 27 ], [ "R", 18 ], [ "R", 18 ], [ "R", 18 ], [ "R", 27 ], [ "R", 7 ], [ "R", 13 ], [ "R", 9 ], [ "R", 9 ], [ "R", 9 ], [ "R", 18 ], [ "R", 9 ], [ "R", 10 ], [ "R", 10 ], [ "R", 10 ], [ "R", 10 ], [ "R", 10 ], [ "R", 10 ], [ "R", 13 ], [ "R", 13 ], [ "R", 18 ], [ "R", 18 ], [ "R", 18 ], [ "R", 27 ], [ "R", 15 ], [ "W", 15 ], [ "W", 15 ], [ "W", 15 ], [ "W", 15 ], [ "W", 9 ], [ "W", 15 ], [ "W", 7 ], [ "W", 15 ], [ "W", 15 ], [ "W", 15 ], [ "W", 15 ], [ "W", 15 ], [ "R", 15 ], [ "R", 15 ], [ "R", 13 ], [ "R", 27 ], [ "R", 13 ], [ "R", 13 ], [ "R", 18 ], [ "R", 18 ], [ "R", 18 ], [ "R", 27 ], [ "R", 15 ], [ "R", 9 ], [ "R", 9 ], [ "R", 18 ], [ "R", 13 ], [ "R", 13 ], [ "R", 13 ], [ "R", 15 ], [ "R", 15 ], [ "W", 15 ], [ "W", 15 ], [ "R", 15 ], [ "R", 15 ], [ "R", 9 ], [ "R", 9 ], [ "R", 16 ], [ "R", 16 ], [ "R", 8 ], [ "R", 13 ], [ "R", 13 ], [ "R", 1 ], [ "R", 1 ], [ "R", 1 ], [ "R", 27 ], [ "R", 13 ], [ "R", 5 ], [ "R", 5 ], [ "R", 5 ], [ "R", 5 ], [ "R", 1 ], [ "W", 19 ], [ "W", 19 ], [ "W", 19 ], [ "W", 19 ], [ "W", 19 ], [ "W", 19 ], [ "W", 5 ], [ "W", 19 ], [ "W", 1 ], [ "R", 15 ], [ "R", 15 ], [ "R", 9 ], [ "R", 9 ], [ "R", 15 ], [ "R", 15 ], [ "R", 9 ], [ "R", 9 ], [ "W", 19 ], [ "W", 19 ], [ "R", 15 ], [ "R", 9 ], [ "R", 9 ], [ "R", 18 ], [ "W", 19 ], [ "W", 1 ], [ "R", 15 ], [ "R", 15 ], [ "W", 19 ], [ "W", 19 ], [ "R", 10 ], [ "R", 10 ], [ "R", 19 ], [ "R", 13 ], [ "R", 13 ], [ "R", 1 ], [ "R", 1 ], [ "R", 1 ], [ "R", 27 ], [ "R", 13 ], [ "R", 5 ], [ "R", 5 ], [ "R", 5 ], [ "R", 5 ], [ "R", 1 ], [ "W", 19 ], [ "W", 19 ], [ "W", 19 ], [ "W", 19 ], [ "W", 19 ], [ "W", 19 ], [ "W", 5 ], [ "W", 19 ], [ "W", 1 ], [ "R", 19 ], [ "W", 19 ], [ "R", 19 ], [ "W", 19 ], [ "R", 19 ], [ "R", 1 ], [ "W", 19 ], [ "W", 1 ], [ "R", 19 ], [ "R", 1 ], [ "W", 19 ], [ "W", 1 ], [ "R", 19 ], [ "W", 19 ], [ "R", 19 ], [ "W", 19 ], [ "R", 19 ], [ "W", 19 ], [ "W", 19 ], [ "W", 1 ], [ "R", 10 ], [ "R", 10 ], [ "R", 19 ], [ "R", 19 ], [ "R", 19 ], [ "R", 13 ], [ "R", 5 ], [ "R", 5 ], [ "R", 5 ], [ "R", 5 ], [ "R", 1 ], [ "R", 19 ], [ "R", 1 ], [ "R", 1 ], [ "R", 27 ], [ "R", 27 ], [ "R", 13 ], [ "R", 2 ], [ "R", 2 ], [ "R", 2 ], [ "R", 27 ], [ "W", 1 ], [ "W", 2 ], [ "R", 13 ], [ "R", 8 ], [ "R", 8 ], [ "R", 8 ], [ "R", 27 ], [ "W", 1 ], [ "W", 8 ], [ "R", 13 ], [ "R", 18 ], [ "R", 18 ], [ "R", 18 ], [ "R", 27 ], [ "W", 1 ], [ "W", 18 ], [ "R", 13 ], [ "R", 5 ], [ "R", 5 ], [ "R", 5 ], [ "R", 5 ], [ "R", 1 ], [ "W", 19 ], [ "W", 5 ], [ "W", 19 ], [ "R", 13 ], [ "R", 27 ], [ "R", 18 ], [ "R", 18 ], [ "R", 18 ], [ "R", 27 ], [ "R", 7 ], [ "R", 13 ], [ "R", 9 ], [ "R", 9 ], [ "R", 9 ], [ "R", 18 ], [ "R", 9 ], [ "R", 10 ], [ "R", 10 ], [ "R", 10 ], [ "R", 10 ], [ "R", 10 ], [ "R", 10 ], [ "R", 15 ], [ "R", 15 ], [ "R", 13 ], [ "R", 27 ], [ "R", 18 ], [ "R", 18 ], [ "R", 18 ], [ "R", 27 ], [ "R", 7 ], [ "R", 13 ], [ "R", 9 ], [ "R", 9 ], [ "R", 9 ], [ "R", 18 ], [ "R", 9 ], [ "R", 10 ], [ "R", 10 ], [ "R", 10 ], [ "R", 10 ], [ "R", 10 ], [ "R", 10 ] ]
    } ]
  },
  "MessageController.edit" : {
    "t" : [ {
      "id" : 0,
      "a" : [ [ "R", 19 ], [ "R", 5 ], [ "R", 5 ], [ "R", 1 ], [ "R", 13 ], [ "R", 13 ], [ "R", 1 ], [ "R", 1 ], [ "R", 1 ], [ "R", 27 ], [ "R", 13 ], [ "R", 13 ], [ "R", 13 ], [ "R", 19 ], [ "R", 5 ], [ "R", 13 ], [ "R", 13 ], [ "R", 1 ], [ "R", 1 ], [ "R", 1 ], [ "R", 27 ], [ "R", 19 ], [ "R", 1 ], [ "R", 13 ], [ "R", 13 ], [ "R", 13 ], [ "R", 19 ], [ "R", 1 ], [ "R", 13 ], [ "R", 13 ], [ "R", 13 ], [ "R", 5 ], [ "W", 19 ], [ "R", 13 ], [ "R", 5 ], [ "R", 5 ], [ "R", 5 ], [ "R", 5 ], [ "R", 1 ], [ "W", 19 ], [ "W", 5 ], [ "W", 19 ], [ "R", 13 ], [ "R", 13 ], [ "R", 1 ], [ "R", 1 ], [ "R", 1 ], [ "R", 27 ], [ "R", 1 ], [ "R", 10 ], [ "R", 10 ], [ "R", 10 ], [ "R", 10 ], [ "R", 10 ], [ "R", 10 ] ]
    } ]
  },
  "ClubAdministratorController.list" : {
    "t" : [ {
      "id" : 0,
      "a" : [ [ "R", 9 ], [ "R", 9 ], [ "R", 9 ], [ "R", 9 ], [ "R", 9 ], [ "R", 9 ], [ "R", 9 ], [ "R", 9 ], [ "R", 9 ], [ "R", 9 ], [ "R", 9 ], [ "R", 9 ], [ "R", 9 ], [ "R", 9 ], [ "R", 9 ], [ "R", 10 ], [ "R", 10 ], [ "R", 10 ], [ "R", 10 ] ]
    } ]
  },
  "ClubAdministratorController.accept" : {
    "t" : [ {
      "id" : 0,
      "a" : [ [ "R", 9 ], [ "R", 13 ], [ "R", 27 ], [ "R", 9 ], [ "R", 9 ], [ "R", 13 ], [ "R", 27 ], [ "R", 9 ], [ "R", 9 ], [ "R", 9 ], [ "W", 9 ], [ "W", 9 ], [ "R", 9 ], [ "R", 18 ], [ "R", 13 ], [ "R", 13 ], [ "R", 1 ], [ "R", 1 ], [ "R", 1 ], [ "R", 27 ], [ "R", 13 ], [ "R", 5 ], [ "R", 5 ], [ "R", 5 ], [ "R", 5 ], [ "R", 1 ], [ "W", 19 ], [ "W", 19 ], [ "W", 19 ], [ "W", 19 ], [ "W", 19 ], [ "W", 19 ], [ "W", 5 ], [ "W", 19 ], [ "W", 1 ], [ "R", 9 ], [ "R", 9 ], [ "W", 19 ], [ "W", 19 ], [ "R", 13 ], [ "R", 2 ], [ "R", 2 ], [ "R", 2 ], [ "R", 27 ], [ "W", 19 ], [ "W", 1 ], [ "R", 9 ], [ "R", 9 ], [ "W", 19 ], [ "W", 19 ], [ "R", 10 ], [ "R", 10 ], [ "R", 19 ], [ "R", 13 ], [ "R", 13 ], [ "R", 1 ], [ "R", 1 ], [ "R", 1 ], [ "R", 27 ], [ "R", 13 ], [ "R", 5 ], [ "R", 5 ], [ "R", 5 ], [ "R", 5 ], [ "R", 1 ], [ "W", 19 ], [ "W", 19 ], [ "W", 19 ], [ "W", 19 ], [ "W", 19 ], [ "W", 19 ], [ "W", 5 ], [ "W", 19 ], [ "W", 1 ], [ "R", 19 ], [ "W", 19 ], [ "R", 19 ], [ "W", 19 ], [ "R", 19 ], [ "R", 1 ], [ "W", 19 ], [ "W", 1 ], [ "R", 19 ], [ "R", 1 ], [ "W", 19 ], [ "W", 1 ], [ "R", 19 ], [ "W", 19 ], [ "R", 19 ], [ "W", 19 ], [ "R", 19 ], [ "W", 19 ], [ "W", 19 ], [ "W", 1 ], [ "R", 10 ], [ "R", 10 ], [ "R", 19 ], [ "R", 19 ], [ "R", 19 ], [ "R", 13 ], [ "R", 5 ], [ "R", 5 ], [ "R", 5 ], [ "R", 5 ], [ "R", 1 ], [ "R", 19 ], [ "R", 1 ], [ "R", 1 ], [ "R", 27 ], [ "R", 27 ], [ "R", 13 ], [ "R", 2 ], [ "R", 2 ], [ "R", 2 ], [ "R", 27 ], [ "W", 1 ], [ "W", 2 ], [ "R", 13 ], [ "R", 8 ], [ "R", 8 ], [ "R", 8 ], [ "R", 27 ], [ "W", 1 ], [ "W", 8 ], [ "R", 13 ], [ "R", 18 ], [ "R", 18 ], [ "R", 18 ], [ "R", 27 ], [ "W", 1 ], [ "W", 18 ], [ "R", 13 ], [ "R", 5 ], [ "R", 5 ], [ "R", 5 ], [ "R", 5 ], [ "R", 1 ], [ "W", 19 ], [ "W", 5 ], [ "W", 19 ], [ "R", 13 ], [ "R", 13 ], [ "R", 13 ], [ "R", 9 ], [ "R", 9 ] ]
    } ]
  },
  "ManagerController.show" : {
    "t" : [ {
      "id" : 0,
      "a" : [ [ "R", 18 ], [ "R", 13 ], [ "R", 1 ], [ "R", 1 ], [ "R", 1 ], [ "R", 1 ], [ "R", 1 ], [ "R", 1 ], [ "R", 1 ], [ "R", 1 ], [ "R", 1 ], [ "R", 10 ], [ "R", 10 ], [ "R", 10 ], [ "R", 10 ] ]
    } ]
  },
  "SocialProfileController.save2" : {
    "t" : [ {
      "id" : 0,
      "a" : [ [ "R", 10 ], [ "R", 10 ], [ "R", 10 ], [ "R", 10 ], [ "R", 26 ], [ "W", 26 ], [ "W", 26 ], [ "W", 26 ], [ "W", 1 ], [ "W", 26 ], [ "R", 13 ], [ "R", 13 ], [ "R", 13 ], [ "R", 1 ], [ "R", 1 ], [ "R", 1 ], [ "R", 27 ], [ "R", 26 ], [ "R", 1 ], [ "R", 13 ], [ "R", 13 ], [ "R", 13 ], [ "W", 26 ], [ "R", 10 ], [ "R", 10 ], [ "R", 10 ], [ "R", 10 ] ]
    } ]
  },
  "ParticipationEventClientController.list" : {
    "t" : [ {
      "id" : 0,
      "a" : [ [ "R", 13 ], [ "R", 13 ], [ "R", 8 ], [ "R", 8 ], [ "R", 8 ], [ "R", 27 ], [ "R", 13 ], [ "R", 23 ], [ "R", 23 ], [ "R", 23 ], [ "R", 8 ], [ "R", 15 ], [ "R", 15 ], [ "R", 15 ], [ "R", 23 ], [ "R", 23 ], [ "R", 23 ], [ "R", 15 ], [ "R", 15 ], [ "R", 13 ], [ "R", 10 ], [ "R", 10 ], [ "R", 10 ], [ "R", 10 ] ]
    } ]
  },
  "ConfigurationAdministratorController.list" : {
    "t" : [ {
      "id" : 0,
      "a" : [ [ "R", 10 ], [ "R", 10 ], [ "R", 10 ], [ "R", 10 ], [ "R", 10 ] ]
    } ]
  },
  "OpinionManagerController.list" : {
    "t" : [ {
      "id" : 0,
      "a" : [ [ "R", 13 ], [ "R", 13 ], [ "R", 18 ], [ "R", 18 ], [ "R", 18 ], [ "R", 27 ], [ "R", 13 ], [ "R", 15 ], [ "R", 15 ], [ "R", 22 ], [ "R", 15 ], [ "R", 22 ], [ "R", 15 ], [ "R", 9 ], [ "R", 18 ], [ "R", 15 ], [ "R", 15 ], [ "R", 15 ], [ "R", 22 ], [ "R", 22 ], [ "R", 22 ], [ "R", 22 ], [ "R", 15 ], [ "R", 22 ], [ "R", 13 ], [ "R", 15 ], [ "R", 15 ], [ "R", 15 ], [ "R", 9 ], [ "R", 18 ], [ "R", 10 ], [ "R", 10 ], [ "R", 10 ], [ "R", 10 ] ]
    } ]
  },
  "MessageController.saveBroadcastNotify" : {
    "t" : [ {
      "id" : 0,
      "a" : [ [ "R", 1 ], [ "R", 10 ], [ "R", 10 ], [ "R", 10 ], [ "R", 10 ], [ "R", 10 ], [ "R", 10 ], [ "R", 10 ], [ "R", 10 ], [ "R", 19 ], [ "R", 13 ], [ "R", 27 ], [ "R", 1 ], [ "R", 13 ], [ "R", 13 ], [ "R", 1 ], [ "R", 1 ], [ "R", 1 ], [ "R", 27 ], [ "R", 13 ], [ "R", 5 ], [ "R", 5 ], [ "R", 5 ], [ "R", 5 ], [ "R", 1 ], [ "W", 19 ], [ "W", 19 ], [ "W", 19 ], [ "W", 19 ], [ "W", 19 ], [ "W", 19 ], [ "W", 5 ], [ "W", 19 ], [ "W", 1 ], [ "R", 19 ], [ "W", 19 ], [ "R", 19 ], [ "W", 19 ], [ "R", 19 ], [ "R", 1 ], [ "W", 19 ], [ "W", 1 ], [ "R", 19 ], [ "R", 1 ], [ "W", 19 ], [ "W", 1 ], [ "R", 19 ], [ "W", 19 ], [ "R", 19 ], [ "W", 19 ], [ "R", 19 ], [ "W", 19 ], [ "W", 19 ], [ "W", 1 ], [ "R", 13 ], [ "R", 5 ], [ "R", 5 ], [ "R", 5 ], [ "R", 5 ], [ "R", 1 ], [ "W", 19 ], [ "W", 5 ], [ "W", 19 ], [ "R", 1 ], [ "R", 10 ], [ "R", 10 ], [ "R", 10 ], [ "R", 10 ], [ "R", 10 ], [ "R", 10 ] ]
    } ]
  },
  "ClientController.show" : {
    "t" : [ {
      "id" : 0,
      "a" : [ [ "R", 8 ], [ "R", 13 ], [ "R", 1 ], [ "R", 1 ], [ "R", 1 ], [ "R", 1 ], [ "R", 1 ], [ "R", 1 ], [ "R", 1 ], [ "R", 1 ], [ "R", 1 ], [ "R", 10 ], [ "R", 10 ], [ "R", 10 ], [ "R", 10 ] ]
    } ]
  },
  "DashboardAdministratorController.dashboard" : {
    "t" : [ {
      "id" : 0,
      "a" : [ [ "R", 18 ], [ "R", 9 ], [ "R", 9 ], [ "R", 9 ], [ "R", 18 ], [ "R", 18 ], [ "R", 9 ], [ "R", 9 ], [ "R", 9 ], [ "R", 18 ], [ "R", 18 ], [ "R", 9 ], [ "R", 9 ], [ "R", 9 ], [ "R", 18 ], [ "R", 18 ], [ "R", 9 ], [ "R", 9 ], [ "R", 9 ], [ "R", 18 ], [ "R", 18 ], [ "R", 9 ], [ "R", 15 ], [ "R", 15 ], [ "R", 15 ], [ "R", 9 ], [ "R", 9 ], [ "R", 15 ], [ "R", 15 ], [ "R", 15 ], [ "R", 9 ], [ "R", 9 ], [ "R", 15 ], [ "R", 15 ], [ "R", 15 ], [ "R", 9 ], [ "R", 9 ], [ "R", 15 ], [ "R", 15 ], [ "R", 15 ], [ "R", 9 ], [ "R", 9 ], [ "R", 15 ], [ "R", 15 ], [ "R", 15 ], [ "R", 15 ], [ "R", 15 ], [ "R", 15 ], [ "R", 15 ], [ "R", 23 ], [ "R", 15 ], [ "R", 23 ], [ "R", 15 ], [ "R", 23 ], [ "R", 15 ], [ "R", 23 ], [ "R", 15 ], [ "R", 15 ], [ "R", 15 ], [ "R", 15 ], [ "R", 15 ], [ "R", 15 ], [ "R", 15 ], [ "R", 15 ], [ "R", 15 ], [ "R", 15 ], [ "R", 15 ], [ "R", 15 ], [ "R", 9 ], [ "R", 9 ], [ "R", 15 ], [ "R", 15 ], [ "R", 15 ], [ "R", 9 ], [ "R", 9 ], [ "R", 15 ], [ "R", 15 ], [ "R", 15 ], [ "R", 15 ], [ "R", 15 ], [ "R", 15 ], [ "R", 9 ], [ "R", 9 ], [ "R", 10 ], [ "R", 10 ], [ "R", 10 ], [ "R", 10 ] ]
    } ]
  },
  "CategoryAdministratorController.deleteEdit" : {
    "t" : [ {
      "id" : 0,
      "a" : [ [ "R", 7 ], [ "R", 7 ], [ "R", 10 ], [ "R", 10 ], [ "R", 10 ], [ "R", 10 ], [ "R", 7 ], [ "R", 7 ], [ "R", 7 ], [ "R", 13 ], [ "R", 27 ], [ "R", 1 ], [ "R", 1 ], [ "R", 1 ], [ "R", 27 ], [ "R", 1 ], [ "R", 27 ], [ "R", 27 ], [ "R", 13 ], [ "R", 7 ], [ "R", 7 ], [ "R", 7 ], [ "R", 7 ], [ "R", 13 ], [ "R", 15 ], [ "R", 15 ], [ "R", 15 ], [ "R", 7 ], [ "R", 7 ], [ "R", 7 ], [ "W", 15 ], [ "W", 7 ], [ "W", 15 ], [ "W", 7 ], [ "R", 7 ], [ "R", 7 ], [ "R", 10 ], [ "R", 10 ], [ "R", 10 ], [ "R", 10 ] ]
    } ]
  },
  "RegisterAdministratorController.createRookieAndCompany" : {
    "t" : [ {
      "id" : 0,
      "a" : [ [ "W", 27 ], [ "W", 27 ], [ "W", 27 ], [ "R", 27 ], [ "R", 10 ], [ "R", 10 ], [ "R", 10 ], [ "R", 10 ] ]
    } ]
  },
  "ActorController.save" : {
    "t" : [ {
      "id" : 0,
      "a" : [ [ "R", 27 ], [ "R", 13 ], [ "R", 8 ], [ "R", 8 ], [ "R", 8 ], [ "R", 27 ], [ "R", 8 ], [ "R", 10 ], [ "R", 10 ], [ "R", 10 ], [ "R", 10 ], [ "R", 27 ], [ "R", 18 ], [ "W", 27 ], [ "W", 27 ], [ "W", 27 ], [ "W", 1 ], [ "W", 27 ], [ "W", 1 ], [ "W", 1 ], [ "W", 1 ], [ "W", 27 ], [ "R", 13 ], [ "R", 13 ], [ "R", 27 ], [ "W", 13 ], [ "W", 13 ], [ "W", 1 ], [ "W", 1 ], [ "W", 1 ], [ "W", 1 ], [ "W", 1 ], [ "W", 1 ], [ "W", 1 ], [ "R", 13 ], [ "R", 13 ], [ "R", 1 ], [ "R", 27 ], [ "R", 13 ], [ "R", 13 ], [ "R", 13 ], [ "W", 18 ], [ "R", 13 ], [ "R", 5 ], [ "R", 5 ], [ "R", 5 ], [ "R", 5 ], [ "R", 1 ], [ "W", 5 ], [ "W", 5 ], [ "W", 5 ], [ "W", 5 ], [ "W", 5 ], [ "W", 5 ], [ "W", 5 ], [ "W", 1 ], [ "W", 5 ], [ "W", 5 ], [ "W", 5 ], [ "W", 5 ], [ "W", 5 ], [ "W", 5 ], [ "W", 5 ], [ "W", 1 ], [ "W", 5 ], [ "W", 5 ], [ "W", 5 ], [ "W", 5 ], [ "W", 5 ], [ "W", 5 ], [ "W", 5 ], [ "W", 1 ], [ "W", 5 ], [ "W", 5 ], [ "W", 5 ], [ "W", 5 ], [ "W", 5 ], [ "W", 5 ], [ "W", 5 ], [ "W", 1 ], [ "W", 5 ], [ "W", 5 ], [ "W", 5 ], [ "W", 5 ], [ "W", 5 ], [ "W", 5 ], [ "W", 5 ], [ "W", 1 ], [ "W", 5 ], [ "R", 25 ], [ "W", 27 ], [ "W", 27 ], [ "W", 27 ], [ "W", 1 ], [ "W", 27 ], [ "W", 1 ], [ "W", 1 ], [ "W", 1 ], [ "W", 27 ], [ "R", 13 ], [ "R", 13 ], [ "R", 27 ], [ "W", 13 ], [ "W", 13 ], [ "W", 1 ], [ "W", 1 ], [ "W", 1 ], [ "W", 1 ], [ "W", 1 ], [ "W", 1 ], [ "W", 1 ], [ "W", 25 ], [ "R", 13 ], [ "R", 5 ], [ "R", 5 ], [ "R", 5 ], [ "R", 5 ], [ "R", 1 ], [ "W", 5 ], [ "W", 5 ], [ "W", 5 ], [ "W", 5 ], [ "W", 5 ], [ "W", 5 ], [ "W", 5 ], [ "W", 1 ], [ "W", 5 ], [ "W", 5 ], [ "W", 5 ], [ "W", 5 ], [ "W", 5 ], [ "W", 5 ], [ "W", 5 ], [ "W", 1 ], [ "W", 5 ], [ "W", 5 ], [ "W", 5 ], [ "W", 5 ], [ "W", 5 ], [ "W", 5 ], [ "W", 5 ], [ "W", 1 ], [ "W", 5 ], [ "W", 5 ], [ "W", 5 ], [ "W", 5 ], [ "W", 5 ], [ "W", 5 ], [ "W", 5 ], [ "W", 1 ], [ "W", 5 ], [ "W", 5 ], [ "W", 5 ], [ "W", 5 ], [ "W", 5 ], [ "W", 5 ], [ "W", 5 ], [ "W", 1 ], [ "W", 5 ], [ "R", 8 ], [ "W", 27 ], [ "W", 27 ], [ "W", 27 ], [ "W", 1 ], [ "W", 27 ], [ "W", 1 ], [ "W", 1 ], [ "W", 1 ], [ "W", 27 ], [ "R", 13 ], [ "R", 13 ], [ "R", 27 ], [ "W", 13 ], [ "W", 13 ], [ "W", 1 ], [ "W", 1 ], [ "W", 1 ], [ "W", 1 ], [ "W", 1 ], [ "W", 1 ], [ "W", 1 ], [ "W", 8 ], [ "R", 13 ], [ "R", 13 ], [ "R", 1 ], [ "R", 27 ], [ "R", 13 ], [ "R", 13 ], [ "R", 13 ], [ "W", 8 ], [ "R", 13 ], [ "R", 5 ], [ "R", 5 ], [ "R", 5 ], [ "R", 5 ], [ "R", 1 ], [ "W", 5 ], [ "W", 5 ], [ "W", 5 ], [ "W", 5 ], [ "W", 5 ], [ "W", 5 ], [ "W", 5 ], [ "W", 1 ], [ "W", 5 ], [ "W", 5 ], [ "W", 5 ], [ "W", 5 ], [ "W", 5 ], [ "W", 5 ], [ "W", 5 ], [ "W", 1 ], [ "W", 5 ], [ "W", 5 ], [ "W", 5 ], [ "W", 5 ], [ "W", 5 ], [ "W", 5 ], [ "W", 5 ], [ "W", 1 ], [ "W", 5 ], [ "W", 5 ], [ "W", 5 ], [ "W", 5 ], [ "W", 5 ], [ "W", 5 ], [ "W", 5 ], [ "W", 1 ], [ "W", 5 ], [ "W", 5 ], [ "W", 5 ], [ "W", 5 ], [ "W", 5 ], [ "W", 5 ], [ "W", 5 ], [ "W", 1 ], [ "W", 5 ], [ "R", 13 ], [ "R", 13 ], [ "R", 27 ], [ "R", 2 ], [ "W", 27 ], [ "W", 27 ], [ "W", 27 ], [ "W", 1 ], [ "W", 27 ], [ "W", 1 ], [ "W", 1 ], [ "W", 1 ], [ "W", 27 ], [ "W", 13 ], [ "W", 13 ], [ "W", 1 ], [ "W", 1 ], [ "W", 1 ], [ "W", 1 ], [ "W", 1 ], [ "W", 1 ], [ "W", 1 ], [ "R", 13 ], [ "R", 27 ], [ "R", 13 ], [ "R", 13 ], [ "R", 1 ], [ "R", 27 ], [ "R", 13 ], [ "R", 13 ], [ "R", 13 ], [ "W", 2 ], [ "R", 13 ], [ "R", 5 ], [ "R", 5 ], [ "R", 5 ], [ "R", 5 ], [ "R", 1 ], [ "W", 5 ], [ "W", 5 ], [ "W", 5 ], [ "W", 5 ], [ "W", 5 ], [ "W", 5 ], [ "W", 5 ], [ "W", 1 ], [ "W", 5 ], [ "W", 5 ], [ "W", 5 ], [ "W", 5 ], [ "W", 5 ], [ "W", 5 ], [ "W", 5 ], [ "W", 1 ], [ "W", 5 ], [ "W", 5 ], [ "W", 5 ], [ "W", 5 ], [ "W", 5 ], [ "W", 5 ], [ "W", 5 ], [ "W", 1 ], [ "W", 5 ], [ "W", 5 ], [ "W", 5 ], [ "W", 5 ], [ "W", 5 ], [ "W", 5 ], [ "W", 5 ], [ "W", 1 ], [ "W", 5 ], [ "W", 5 ], [ "W", 5 ], [ "W", 5 ], [ "W", 5 ], [ "W", 5 ], [ "W", 5 ], [ "W", 1 ], [ "W", 5 ], [ "R", 27 ], [ "R", 13 ], [ "R", 8 ], [ "R", 8 ], [ "R", 8 ], [ "R", 27 ], [ "R", 8 ], [ "R", 10 ], [ "R", 10 ], [ "R", 10 ], [ "R", 10 ], [ "R", 27 ], [ "R", 13 ], [ "R", 8 ], [ "R", 8 ], [ "R", 8 ], [ "R", 27 ], [ "R", 8 ], [ "R", 10 ], [ "R", 10 ], [ "R", 10 ], [ "R", 10 ], [ "R", 27 ], [ "R", 13 ], [ "R", 8 ], [ "R", 8 ], [ "R", 8 ], [ "R", 27 ], [ "R", 8 ], [ "R", 10 ], [ "R", 10 ], [ "R", 10 ], [ "R", 10 ], [ "R", 27 ], [ "R", 13 ], [ "R", 8 ], [ "R", 8 ], [ "R", 8 ], [ "R", 27 ], [ "R", 8 ], [ "R", 10 ], [ "R", 10 ], [ "R", 10 ], [ "R", 10 ] ]
    } ]
  },
  "ClubManagerController.edit" : {
    "t" : [ {
      "id" : 0,
      "a" : [ [ "R", 13 ], [ "R", 13 ], [ "R", 18 ], [ "R", 18 ], [ "R", 18 ], [ "R", 27 ], [ "R", 9 ], [ "R", 9 ], [ "R", 9 ], [ "R", 18 ], [ "R", 13 ], [ "R", 13 ], [ "R", 13 ], [ "R", 13 ], [ "R", 9 ], [ "R", 9 ], [ "R", 9 ], [ "R", 9 ], [ "R", 9 ], [ "R", 9 ], [ "R", 18 ], [ "R", 10 ], [ "R", 10 ], [ "R", 10 ], [ "R", 10 ], [ "R", 9 ], [ "R", 18 ], [ "R", 13 ], [ "R", 13 ], [ "R", 13 ], [ "R", 9 ] ]
    } ]
  },
  "MessageController.list" : {
    "t" : [ {
      "id" : 0,
      "a" : [ [ "R", 5 ], [ "R", 13 ], [ "R", 13 ], [ "R", 1 ], [ "R", 1 ], [ "R", 1 ], [ "R", 27 ], [ "R", 5 ], [ "R", 1 ], [ "R", 13 ], [ "R", 13 ], [ "R", 13 ], [ "R", 13 ], [ "R", 13 ], [ "R", 5 ], [ "R", 5 ], [ "R", 5 ], [ "R", 5 ], [ "R", 5 ], [ "R", 1 ], [ "R", 13 ], [ "R", 19 ], [ "R", 19 ], [ "R", 19 ], [ "R", 5 ], [ "R", 10 ], [ "R", 10 ], [ "R", 10 ], [ "R", 10 ], [ "R", 5 ], [ "R", 13 ], [ "R", 13 ], [ "R", 1 ], [ "R", 1 ], [ "R", 1 ], [ "R", 27 ], [ "R", 5 ], [ "R", 1 ], [ "R", 13 ], [ "R", 13 ], [ "R", 13 ] ]
    } ]
  },
  "SocialProfileController.save" : {
    "t" : [ {
      "id" : 0,
      "a" : [ [ "R", 10 ], [ "R", 10 ], [ "R", 10 ], [ "R", 10 ], [ "R", 13 ], [ "R", 13 ], [ "R", 1 ], [ "R", 1 ], [ "R", 1 ], [ "R", 27 ], [ "W", 26 ], [ "W", 1 ], [ "W", 26 ], [ "W", 26 ], [ "W", 26 ], [ "W", 26 ], [ "W", 1 ], [ "R", 13 ], [ "R", 13 ], [ "R", 13 ], [ "R", 1 ], [ "R", 1 ], [ "R", 1 ], [ "R", 27 ], [ "R", 26 ], [ "R", 1 ], [ "R", 13 ], [ "R", 13 ], [ "R", 13 ], [ "W", 26 ], [ "R", 10 ], [ "R", 10 ], [ "R", 10 ], [ "R", 10 ] ]
    } ]
  },
  "SocialProfileController.show" : {
    "t" : [ {
      "id" : 0,
      "a" : [ [ "R", 26 ], [ "R", 13 ], [ "R", 27 ], [ "R", 1 ], [ "R", 1 ], [ "R", 1 ], [ "R", 27 ], [ "R", 1 ], [ "R", 27 ], [ "R", 27 ], [ "R", 13 ], [ "R", 26 ], [ "R", 1 ], [ "R", 13 ], [ "R", 13 ], [ "R", 26 ], [ "R", 1 ], [ "R", 26 ], [ "R", 26 ], [ "R", 26 ], [ "R", 10 ], [ "R", 10 ], [ "R", 10 ], [ "R", 10 ], [ "R", 26 ], [ "R", 26 ], [ "R", 26 ], [ "R", 1 ], [ "R", 13 ], [ "R", 13 ], [ "R", 13 ] ]
    } ]
  },
  "BoxController.save" : {
    "t" : [ {
      "id" : 0,
      "a" : [ [ "R", 13 ], [ "R", 13 ], [ "R", 1 ], [ "R", 1 ], [ "R", 1 ], [ "R", 27 ], [ "R", 13 ], [ "R", 5 ], [ "R", 5 ], [ "R", 5 ], [ "R", 1 ], [ "R", 5 ], [ "R", 5 ], [ "R", 5 ], [ "R", 5 ], [ "R", 1 ], [ "R", 13 ], [ "R", 5 ], [ "R", 5 ], [ "R", 10 ], [ "R", 10 ], [ "R", 10 ], [ "R", 10 ], [ "R", 13 ], [ "R", 13 ], [ "R", 1 ], [ "R", 1 ], [ "R", 1 ], [ "R", 27 ], [ "R", 5 ], [ "R", 1 ], [ "R", 13 ], [ "R", 13 ], [ "R", 13 ], [ "R", 13 ], [ "R", 13 ], [ "R", 5 ], [ "R", 5 ], [ "R", 5 ], [ "R", 5 ], [ "R", 5 ], [ "R", 1 ], [ "R", 5 ], [ "R", 5 ], [ "R", 5 ], [ "R", 13 ], [ "R", 5 ], [ "R", 13 ], [ "R", 5 ], [ "R", 5 ], [ "R", 5 ], [ "R", 13 ], [ "R", 13 ], [ "R", 13 ], [ "R", 5 ], [ "R", 5 ], [ "W", 5 ], [ "W", 5 ], [ "R", 13 ], [ "R", 5 ], [ "R", 5 ], [ "W", 5 ], [ "R", 13 ], [ "R", 27 ], [ "R", 1 ], [ "R", 1 ], [ "R", 1 ], [ "R", 27 ], [ "R", 13 ], [ "R", 5 ], [ "R", 5 ], [ "R", 5 ], [ "R", 5 ], [ "R", 5 ], [ "R", 1 ], [ "R", 13 ], [ "R", 13 ], [ "R", 1 ], [ "R", 1 ], [ "R", 1 ], [ "R", 27 ], [ "R", 13 ], [ "R", 5 ], [ "R", 5 ], [ "R", 5 ], [ "R", 1 ], [ "R", 5 ], [ "R", 5 ], [ "R", 5 ], [ "R", 5 ], [ "R", 1 ], [ "R", 13 ], [ "R", 5 ], [ "R", 5 ], [ "R", 10 ], [ "R", 10 ], [ "R", 10 ], [ "R", 10 ], [ "R", 13 ], [ "R", 13 ], [ "R", 1 ], [ "R", 1 ], [ "R", 1 ], [ "R", 27 ], [ "R", 13 ], [ "R", 5 ], [ "R", 5 ], [ "R", 5 ], [ "R", 1 ], [ "R", 5 ], [ "R", 5 ], [ "R", 5 ], [ "R", 5 ], [ "R", 1 ], [ "R", 13 ], [ "R", 5 ], [ "R", 5 ], [ "R", 10 ], [ "R", 10 ], [ "R", 10 ], [ "R", 10 ] ]
    } ]
  },
  "CategoryAdministratorController.edit" : {
    "t" : [ {
      "id" : 0,
      "a" : [ [ "R", 7 ], [ "R", 7 ], [ "R", 7 ], [ "R", 7 ], [ "R", 7 ], [ "R", 13 ], [ "R", 7 ], [ "R", 13 ], [ "R", 7 ], [ "R", 7 ], [ "R", 7 ], [ "R", 7 ], [ "R", 10 ], [ "R", 10 ], [ "R", 10 ], [ "R", 10 ], [ "R", 7 ], [ "R", 7 ], [ "R", 7 ], [ "R", 7 ], [ "R", 13 ] ]
    } ]
  },
  "ClubAdministratorController.reject" : {
    "t" : [ {
      "id" : 0,
      "a" : [ [ "R", 9 ], [ "R", 9 ], [ "R", 9 ], [ "R", 10 ], [ "R", 10 ], [ "R", 10 ], [ "R", 10 ], [ "R", 9 ], [ "R", 9 ] ]
    } ]
  },
  "CategoryAdministratorController.save" : {
    "t" : [ {
      "id" : 0,
      "a" : [ [ "R", 7 ], [ "R", 10 ], [ "R", 10 ], [ "R", 10 ], [ "R", 10 ], [ "W", 7 ], [ "W", 7 ], [ "W", 7 ], [ "W", 7 ], [ "R", 7 ], [ "R", 7 ], [ "R", 7 ], [ "R", 7 ], [ "R", 7 ], [ "R", 7 ], [ "W", 7 ], [ "W", 7 ], [ "R", 13 ], [ "R", 27 ], [ "R", 1 ], [ "R", 1 ], [ "R", 1 ], [ "R", 27 ], [ "R", 1 ], [ "R", 27 ], [ "R", 27 ], [ "W", 7 ], [ "R", 7 ], [ "R", 7 ], [ "R", 10 ], [ "R", 10 ], [ "R", 10 ], [ "R", 10 ] ]
    } ]
  },
  "ActorAdministratorController.show" : {
    "t" : [ {
      "id" : 0,
      "a" : [ [ "R", 1 ], [ "R", 10 ], [ "R", 10 ], [ "R", 10 ], [ "R", 10 ] ]
    } ]
  },
  "ConfigurationAdministratorController.edit" : {
    "t" : [ {
      "id" : 0,
      "a" : [ [ "R", 10 ], [ "R", 13 ], [ "R", 10 ], [ "R", 10 ], [ "R", 10 ], [ "R", 10 ], [ "R", 10 ], [ "R", 10 ], [ "R", 10 ], [ "R", 10 ], [ "R", 10 ], [ "R", 10 ], [ "R", 10 ], [ "R", 10 ] ]
    } ]
  },
  "WelcomeController.terms" : {
    "t" : [ {
      "id" : 0,
      "a" : [ [ "R", 10 ], [ "R", 10 ], [ "R", 10 ], [ "R", 10 ] ]
    } ]
  },
  "MessageController.broadcastMessage" : {
    "t" : [ {
      "id" : 0,
      "a" : [ [ "R", 13 ], [ "R", 13 ], [ "R", 1 ], [ "R", 1 ], [ "R", 1 ], [ "R", 27 ], [ "R", 13 ], [ "R", 5 ], [ "R", 5 ], [ "R", 5 ], [ "R", 5 ], [ "R", 1 ], [ "W", 19 ], [ "W", 19 ], [ "W", 19 ], [ "W", 19 ], [ "W", 19 ], [ "W", 19 ], [ "W", 5 ], [ "W", 19 ], [ "W", 1 ], [ "R", 13 ], [ "R", 13 ], [ "R", 1 ], [ "R", 1 ], [ "R", 1 ], [ "R", 27 ], [ "W", 19 ], [ "W", 1 ], [ "R", 13 ], [ "R", 13 ], [ "R", 1 ], [ "R", 1 ], [ "R", 1 ], [ "R", 27 ], [ "R", 1 ], [ "R", 10 ], [ "R", 10 ], [ "R", 10 ], [ "R", 10 ], [ "R", 10 ], [ "R", 10 ] ]
    } ]
  },
  "MessageController.broadcastMessageNotify" : {
    "t" : [ {
      "id" : 0,
      "a" : [ [ "R", 13 ], [ "R", 13 ], [ "R", 1 ], [ "R", 1 ], [ "R", 1 ], [ "R", 27 ], [ "R", 13 ], [ "R", 5 ], [ "R", 5 ], [ "R", 5 ], [ "R", 5 ], [ "R", 1 ], [ "W", 19 ], [ "W", 19 ], [ "W", 19 ], [ "W", 19 ], [ "W", 19 ], [ "W", 19 ], [ "W", 5 ], [ "W", 19 ], [ "W", 1 ], [ "R", 13 ], [ "R", 13 ], [ "R", 1 ], [ "R", 1 ], [ "R", 1 ], [ "R", 27 ], [ "W", 19 ], [ "W", 1 ], [ "W", 19 ], [ "W", 19 ], [ "W", 19 ], [ "R", 1 ], [ "R", 10 ], [ "R", 10 ], [ "R", 10 ], [ "R", 10 ], [ "R", 10 ], [ "R", 10 ] ]
    } ]
  },
  "WelcomeController.index" : {
    "t" : [ {
      "id" : 0,
      "a" : [ [ "R", 10 ], [ "R", 10 ], [ "R", 10 ], [ "R", 10 ], [ "R", 10 ], [ "R", 10 ] ]
    } ]
  },
  "EventManagerController.delete" : {
    "t" : [ {
      "id" : 0,
      "a" : [ [ "R", 13 ], [ "R", 13 ], [ "R", 18 ], [ "R", 18 ], [ "R", 18 ], [ "R", 27 ], [ "R", 15 ], [ "R", 13 ], [ "R", 27 ], [ "R", 13 ], [ "R", 13 ], [ "R", 18 ], [ "R", 18 ], [ "R", 18 ], [ "R", 27 ], [ "R", 15 ], [ "R", 9 ], [ "R", 9 ], [ "R", 18 ], [ "R", 13 ], [ "R", 13 ], [ "R", 13 ], [ "R", 15 ], [ "W", 15 ], [ "R", 13 ], [ "R", 27 ], [ "R", 18 ], [ "R", 18 ], [ "R", 18 ], [ "R", 27 ], [ "R", 7 ], [ "R", 13 ], [ "R", 9 ], [ "R", 9 ], [ "R", 9 ], [ "R", 18 ], [ "R", 9 ], [ "R", 10 ], [ "R", 10 ], [ "R", 10 ], [ "R", 10 ], [ "R", 10 ], [ "R", 10 ] ]
    } ]
  },
  "DownloadPDFController.list" : {
    "t" : [ {
      "id" : 0,
      "a" : [ [ "R", 10 ], [ "R", 10 ], [ "R", 10 ], [ "R", 10 ] ]
    } ]
  },
  "ClubManagerController.create" : {
    "t" : [ {
      "id" : 0,
      "a" : [ [ "R", 13 ], [ "R", 13 ], [ "R", 18 ], [ "R", 18 ], [ "R", 18 ], [ "R", 27 ], [ "R", 10 ], [ "R", 10 ], [ "R", 10 ], [ "R", 10 ] ]
    } ]
  },
  "BoxController.edit" : {
    "t" : [ {
      "id" : 0,
      "a" : [ [ "R", 5 ], [ "R", 5 ], [ "R", 13 ], [ "R", 13 ], [ "R", 1 ], [ "R", 1 ], [ "R", 1 ], [ "R", 27 ], [ "R", 5 ], [ "R", 1 ], [ "R", 13 ], [ "R", 13 ], [ "R", 13 ], [ "R", 13 ], [ "R", 13 ], [ "R", 5 ], [ "R", 5 ], [ "R", 5 ], [ "R", 5 ], [ "R", 5 ], [ "R", 1 ], [ "R", 13 ], [ "R", 13 ], [ "R", 1 ], [ "R", 1 ], [ "R", 1 ], [ "R", 27 ], [ "R", 13 ], [ "R", 5 ], [ "R", 5 ], [ "R", 5 ], [ "R", 1 ], [ "R", 5 ], [ "R", 5 ], [ "R", 5 ], [ "R", 5 ], [ "R", 1 ], [ "R", 13 ], [ "R", 5 ], [ "R", 5 ], [ "R", 10 ], [ "R", 10 ], [ "R", 10 ], [ "R", 10 ], [ "R", 5 ], [ "R", 13 ], [ "R", 13 ], [ "R", 1 ], [ "R", 1 ], [ "R", 1 ], [ "R", 27 ], [ "R", 5 ], [ "R", 5 ], [ "R", 1 ], [ "R", 13 ], [ "R", 13 ], [ "R", 13 ] ]
    } ]
  },
  "ClubClientController.unfollow" : {
    "t" : [ {
      "id" : 0,
      "a" : [ [ "R", 13 ], [ "R", 13 ], [ "R", 8 ], [ "R", 8 ], [ "R", 8 ], [ "R", 27 ], [ "R", 9 ], [ "R", 13 ], [ "R", 13 ], [ "R", 9 ], [ "R", 9 ], [ "R", 16 ], [ "R", 9 ], [ "R", 9 ], [ "R", 16 ], [ "R", 8 ], [ "R", 9 ], [ "R", 13 ], [ "R", 13 ], [ "R", 8 ], [ "R", 8 ], [ "R", 8 ], [ "R", 27 ], [ "R", 13 ], [ "R", 27 ], [ "R", 13 ], [ "R", 13 ], [ "R", 9 ], [ "R", 9 ], [ "R", 16 ], [ "R", 9 ], [ "R", 9 ], [ "R", 16 ], [ "R", 8 ], [ "R", 9 ], [ "R", 13 ], [ "R", 13 ], [ "R", 9 ], [ "R", 9 ], [ "R", 16 ], [ "R", 9 ], [ "R", 16 ], [ "R", 9 ], [ "R", 16 ], [ "R", 8 ], [ "R", 9 ], [ "R", 9 ], [ "R", 16 ], [ "W", 9 ], [ "W", 16 ], [ "R", 13 ], [ "R", 13 ], [ "R", 9 ], [ "R", 9 ], [ "R", 16 ], [ "R", 9 ], [ "R", 9 ], [ "R", 16 ], [ "R", 8 ], [ "R", 9 ] ]
    } ]
  },
  "OpinionClientController.save" : {
    "t" : [ {
      "id" : 0,
      "a" : [ [ "R", 13 ], [ "R", 13 ], [ "R", 8 ], [ "R", 8 ], [ "R", 8 ], [ "R", 27 ], [ "R", 13 ], [ "R", 15 ], [ "R", 15 ], [ "R", 23 ], [ "R", 15 ], [ "R", 15 ], [ "R", 23 ], [ "R", 8 ], [ "R", 15 ], [ "R", 15 ], [ "R", 13 ], [ "R", 15 ], [ "R", 15 ], [ "R", 22 ], [ "R", 15 ], [ "R", 15 ], [ "R", 22 ], [ "R", 8 ], [ "R", 13 ], [ "R", 13 ], [ "R", 8 ], [ "R", 8 ], [ "R", 8 ], [ "R", 27 ], [ "R", 13 ], [ "R", 22 ], [ "R", 22 ], [ "R", 22 ], [ "R", 8 ], [ "R", 15 ], [ "R", 15 ], [ "R", 15 ], [ "R", 22 ], [ "R", 22 ], [ "R", 22 ], [ "R", 15 ], [ "R", 22 ], [ "R", 15 ], [ "R", 22 ], [ "R", 13 ], [ "R", 10 ], [ "R", 10 ], [ "R", 10 ], [ "R", 10 ], [ "R", 10 ], [ "R", 10 ], [ "R", 10 ], [ "R", 10 ], [ "R", 13 ], [ "R", 13 ], [ "R", 8 ], [ "R", 8 ], [ "R", 8 ], [ "R", 27 ], [ "W", 22 ], [ "W", 8 ], [ "W", 22 ], [ "W", 22 ], [ "W", 22 ], [ "W", 22 ], [ "R", 13 ], [ "R", 13 ], [ "R", 8 ], [ "R", 8 ], [ "R", 8 ], [ "R", 27 ], [ "R", 13 ], [ "R", 15 ], [ "R", 15 ], [ "R", 23 ], [ "R", 15 ], [ "R", 15 ], [ "R", 23 ], [ "R", 8 ], [ "R", 15 ], [ "R", 15 ], [ "R", 13 ], [ "R", 15 ], [ "R", 15 ], [ "R", 22 ], [ "R", 15 ], [ "R", 15 ], [ "R", 22 ], [ "R", 8 ], [ "R", 13 ], [ "R", 13 ], [ "R", 8 ], [ "R", 8 ], [ "R", 8 ], [ "R", 27 ], [ "R", 13 ], [ "R", 27 ], [ "W", 22 ], [ "R", 15 ], [ "R", 22 ], [ "W", 15 ], [ "R", 13 ], [ "R", 15 ], [ "R", 15 ], [ "R", 22 ], [ "R", 15 ], [ "R", 22 ], [ "R", 15 ], [ "R", 22 ], [ "R", 15 ], [ "W", 15 ], [ "W", 15 ], [ "R", 15 ], [ "R", 9 ], [ "R", 13 ], [ "R", 15 ], [ "R", 15 ], [ "R", 15 ], [ "R", 15 ], [ "R", 9 ], [ "R", 15 ], [ "R", 15 ], [ "R", 9 ], [ "W", 9 ], [ "W", 9 ], [ "R", 13 ], [ "R", 13 ], [ "R", 8 ], [ "R", 8 ], [ "R", 8 ], [ "R", 27 ], [ "R", 13 ], [ "R", 15 ], [ "R", 15 ], [ "R", 23 ], [ "R", 15 ], [ "R", 15 ], [ "R", 23 ], [ "R", 8 ], [ "R", 15 ], [ "R", 15 ], [ "R", 13 ], [ "R", 15 ], [ "R", 15 ], [ "R", 22 ], [ "R", 15 ], [ "R", 15 ], [ "R", 22 ], [ "R", 8 ], [ "R", 13 ], [ "R", 13 ], [ "R", 8 ], [ "R", 8 ], [ "R", 8 ], [ "R", 27 ], [ "R", 13 ], [ "R", 22 ], [ "R", 22 ], [ "R", 22 ], [ "R", 8 ], [ "R", 15 ], [ "R", 15 ], [ "R", 15 ], [ "R", 22 ], [ "R", 22 ], [ "R", 22 ], [ "R", 15 ], [ "R", 22 ], [ "R", 15 ], [ "R", 22 ], [ "R", 13 ], [ "R", 10 ], [ "R", 10 ], [ "R", 10 ], [ "R", 10 ], [ "R", 10 ], [ "R", 10 ], [ "R", 10 ], [ "R", 10 ] ]
    } ]
  },
  "DownloadPDFController.deletePersonalData" : {
    "t" : [ {
      "id" : 0,
      "a" : [ [ "R", 13 ], [ "R", 27 ], [ "R", 13 ], [ "R", 8 ], [ "R", 8 ], [ "R", 8 ], [ "R", 27 ], [ "W", 1 ], [ "W", 1 ], [ "W", 1 ], [ "W", 8 ], [ "W", 11 ], [ "W", 8 ], [ "W", 1 ], [ "W", 1 ], [ "W", 1 ], [ "W", 1 ], [ "W", 27 ], [ "R", 13 ], [ "R", 26 ], [ "R", 26 ], [ "R", 26 ], [ "R", 1 ], [ "R", 27 ], [ "R", 13 ], [ "R", 13 ], [ "R", 1 ], [ "R", 1 ], [ "R", 1 ], [ "R", 27 ], [ "R", 26 ], [ "R", 1 ], [ "R", 13 ], [ "R", 13 ], [ "R", 13 ], [ "W", 26 ], [ "R", 13 ], [ "R", 13 ], [ "R", 1 ], [ "R", 27 ], [ "R", 13 ], [ "R", 13 ], [ "R", 13 ], [ "W", 8 ], [ "R", 27 ], [ "W", 27 ], [ "W", 27 ], [ "R", 27 ], [ "R", 13 ], [ "R", 18 ], [ "R", 18 ], [ "R", 18 ], [ "R", 27 ], [ "W", 1 ], [ "W", 1 ], [ "W", 1 ], [ "W", 1 ], [ "W", 1 ], [ "W", 1 ], [ "W", 1 ], [ "W", 27 ], [ "R", 13 ], [ "R", 26 ], [ "R", 26 ], [ "R", 26 ], [ "R", 1 ], [ "R", 27 ], [ "R", 13 ], [ "R", 13 ], [ "R", 1 ], [ "R", 1 ], [ "R", 1 ], [ "R", 27 ], [ "R", 26 ], [ "R", 1 ], [ "R", 13 ], [ "R", 13 ], [ "R", 13 ], [ "W", 26 ], [ "R", 13 ], [ "R", 13 ], [ "R", 1 ], [ "R", 27 ], [ "R", 13 ], [ "R", 13 ], [ "R", 13 ], [ "W", 18 ], [ "R", 27 ], [ "W", 27 ], [ "W", 27 ], [ "R", 13 ], [ "R", 27 ] ]
    } ]
  },
  "ClientController.showByParticipationEvent" : {
    "t" : [ {
      "id" : 0,
      "a" : [ [ "R", 23 ], [ "R", 23 ], [ "R", 8 ], [ "R", 13 ], [ "R", 1 ], [ "R", 1 ], [ "R", 1 ], [ "R", 1 ], [ "R", 1 ], [ "R", 1 ], [ "R", 1 ], [ "R", 1 ], [ "R", 1 ], [ "R", 10 ], [ "R", 10 ], [ "R", 10 ], [ "R", 10 ] ]
    } ]
  },
  "SocialProfileController.delete" : {
    "t" : [ {
      "id" : 0,
      "a" : [ [ "R", 26 ], [ "R", 13 ], [ "R", 13 ], [ "R", 1 ], [ "R", 1 ], [ "R", 1 ], [ "R", 27 ], [ "R", 26 ], [ "R", 1 ], [ "R", 13 ], [ "R", 13 ], [ "R", 13 ], [ "W", 26 ], [ "R", 10 ], [ "R", 10 ], [ "R", 10 ], [ "R", 10 ] ]
    } ]
  },
  "MessageController.exchangeMessageNotify" : {
    "t" : [ {
      "id" : 0,
      "a" : [ [ "R", 13 ], [ "R", 13 ], [ "R", 1 ], [ "R", 1 ], [ "R", 1 ], [ "R", 27 ], [ "R", 13 ], [ "R", 5 ], [ "R", 5 ], [ "R", 5 ], [ "R", 5 ], [ "R", 1 ], [ "W", 19 ], [ "W", 19 ], [ "W", 19 ], [ "W", 19 ], [ "W", 19 ], [ "W", 19 ], [ "W", 5 ], [ "W", 19 ], [ "W", 1 ], [ "R", 1 ], [ "R", 10 ], [ "R", 10 ], [ "R", 10 ], [ "R", 10 ], [ "R", 10 ], [ "R", 10 ] ]
    } ]
  },
  "CreditCardClientController.save" : {
    "t" : [ {
      "id" : 0,
      "a" : [ [ "R", 10 ], [ "R", 10 ], [ "R", 10 ], [ "R", 10 ], [ "W", 13 ], [ "W", 13 ], [ "W", 11 ], [ "W", 11 ], [ "W", 11 ], [ "W", 11 ], [ "W", 11 ], [ "W", 11 ], [ "R", 13 ], [ "R", 27 ], [ "R", 13 ], [ "R", 13 ], [ "R", 13 ], [ "R", 8 ], [ "R", 8 ], [ "R", 8 ], [ "R", 27 ], [ "R", 8 ], [ "R", 11 ], [ "R", 13 ], [ "R", 13 ], [ "R", 11 ], [ "R", 11 ], [ "R", 11 ], [ "R", 11 ], [ "R", 11 ], [ "R", 11 ], [ "W", 11 ], [ "R", 13 ], [ "R", 13 ], [ "R", 13 ], [ "R", 8 ], [ "R", 8 ], [ "R", 8 ], [ "R", 27 ], [ "W", 8 ], [ "W", 11 ], [ "R", 13 ], [ "R", 13 ], [ "R", 1 ], [ "R", 27 ], [ "R", 13 ], [ "R", 13 ], [ "R", 13 ], [ "W", 8 ], [ "R", 13 ], [ "R", 13 ], [ "R", 11 ], [ "R", 11 ], [ "R", 11 ], [ "R", 11 ], [ "R", 11 ], [ "R", 11 ], [ "R", 10 ], [ "R", 10 ], [ "R", 10 ], [ "R", 10 ], [ "R", 10 ], [ "R", 10 ], [ "R", 10 ], [ "R", 10 ], [ "R", 10 ], [ "R", 10 ], [ "R", 10 ], [ "R", 10 ], [ "R", 10 ], [ "R", 10 ], [ "R", 10 ], [ "R", 10 ] ]
    } ]
  },
  "ClubController.list" : {
    "t" : [ {
      "id" : 0,
      "a" : [ [ "R", 9 ], [ "R", 9 ], [ "R", 9 ], [ "R", 9 ], [ "R", 15 ], [ "R", 15 ], [ "R", 9 ], [ "R", 15 ], [ "R", 9 ], [ "R", 15 ], [ "R", 9 ], [ "R", 9 ], [ "R", 9 ], [ "R", 18 ], [ "R", 9 ], [ "R", 10 ], [ "R", 10 ], [ "R", 10 ], [ "R", 10 ] ]
    } ]
  },
  "ManagerController.showByClub" : {
    "t" : [ {
      "id" : 0,
      "a" : [ [ "R", 9 ], [ "R", 9 ], [ "R", 18 ], [ "R", 13 ], [ "R", 1 ], [ "R", 1 ], [ "R", 1 ], [ "R", 1 ], [ "R", 1 ], [ "R", 1 ], [ "R", 1 ], [ "R", 1 ], [ "R", 1 ], [ "R", 10 ], [ "R", 10 ], [ "R", 10 ], [ "R", 10 ] ]
    } ]
  },
  "MessageController.saveBroadcast" : {
    "t" : [ {
      "id" : 0,
      "a" : [ [ "R", 13 ], [ "R", 13 ], [ "R", 1 ], [ "R", 1 ], [ "R", 1 ], [ "R", 27 ], [ "R", 1 ], [ "R", 10 ], [ "R", 10 ], [ "R", 10 ], [ "R", 10 ], [ "R", 10 ], [ "R", 10 ], [ "R", 10 ], [ "R", 10 ], [ "R", 19 ], [ "R", 13 ], [ "R", 27 ], [ "R", 1 ], [ "R", 13 ], [ "R", 13 ], [ "R", 1 ], [ "R", 1 ], [ "R", 1 ], [ "R", 27 ], [ "R", 13 ], [ "R", 5 ], [ "R", 5 ], [ "R", 5 ], [ "R", 5 ], [ "R", 1 ], [ "W", 19 ], [ "W", 19 ], [ "W", 19 ], [ "W", 19 ], [ "W", 19 ], [ "W", 19 ], [ "W", 5 ], [ "W", 19 ], [ "W", 1 ], [ "R", 19 ], [ "W", 19 ], [ "R", 19 ], [ "W", 19 ], [ "R", 19 ], [ "R", 1 ], [ "W", 19 ], [ "W", 1 ], [ "R", 19 ], [ "R", 1 ], [ "W", 19 ], [ "W", 1 ], [ "R", 19 ], [ "W", 19 ], [ "R", 19 ], [ "W", 19 ], [ "R", 19 ], [ "W", 19 ], [ "W", 19 ], [ "W", 1 ], [ "R", 10 ], [ "R", 10 ], [ "R", 19 ], [ "R", 19 ], [ "R", 19 ], [ "R", 13 ], [ "R", 5 ], [ "R", 5 ], [ "R", 5 ], [ "R", 5 ], [ "R", 1 ], [ "R", 19 ], [ "R", 1 ], [ "R", 1 ], [ "R", 27 ], [ "R", 27 ], [ "R", 13 ], [ "R", 2 ], [ "R", 2 ], [ "R", 2 ], [ "R", 27 ], [ "W", 1 ], [ "W", 2 ], [ "R", 13 ], [ "R", 8 ], [ "R", 8 ], [ "R", 8 ], [ "R", 27 ], [ "W", 1 ], [ "W", 8 ], [ "R", 13 ], [ "R", 18 ], [ "R", 18 ], [ "R", 18 ], [ "R", 27 ], [ "W", 1 ], [ "W", 18 ], [ "R", 13 ], [ "R", 5 ], [ "R", 5 ], [ "R", 5 ], [ "R", 5 ], [ "R", 1 ], [ "W", 19 ], [ "W", 5 ], [ "W", 19 ], [ "R", 13 ], [ "R", 13 ], [ "R", 1 ], [ "R", 1 ], [ "R", 1 ], [ "R", 27 ], [ "R", 1 ], [ "R", 10 ], [ "R", 10 ], [ "R", 10 ], [ "R", 10 ], [ "R", 10 ], [ "R", 10 ] ]
    } ]
  },
  "SocialProfileController.list" : {
    "t" : [ {
      "id" : 0,
      "a" : [ [ "R", 13 ], [ "R", 13 ], [ "R", 26 ], [ "R", 26 ], [ "R", 26 ], [ "R", 1 ], [ "R", 27 ], [ "R", 10 ], [ "R", 10 ], [ "R", 10 ], [ "R", 10 ] ]
    } ]
  },
  "CategoryAdministratorController.list" : {
    "t" : [ {
      "id" : 0,
      "a" : [ [ "R", 7 ], [ "R", 7 ], [ "R", 7 ], [ "R", 7 ], [ "R", 13 ], [ "R", 7 ], [ "R", 7 ], [ "R", 7 ], [ "R", 7 ], [ "R", 7 ], [ "R", 7 ], [ "R", 7 ], [ "R", 7 ], [ "R", 10 ], [ "R", 10 ], [ "R", 10 ], [ "R", 10 ] ]
    } ]
  },
  "EventManagerController.list" : {
    "t" : [ {
      "id" : 0,
      "a" : [ [ "R", 15 ], [ "R", 15 ], [ "R", 15 ], [ "R", 9 ], [ "R", 10 ], [ "R", 10 ], [ "R", 10 ], [ "R", 10 ], [ "R", 10 ], [ "R", 10 ] ]
    } ]
  },
  "ClubManagerController.save" : {
    "t" : [ {
      "id" : 0,
      "a" : [ [ "R", 10 ], [ "R", 10 ], [ "R", 10 ], [ "R", 10 ], [ "R", 13 ], [ "R", 27 ], [ "R", 13 ], [ "R", 13 ], [ "R", 18 ], [ "R", 18 ], [ "R", 18 ], [ "R", 27 ], [ "W", 9 ], [ "W", 18 ], [ "W", 9 ], [ "W", 16 ], [ "W", 9 ], [ "W", 3 ], [ "W", 9 ], [ "W", 9 ], [ "W", 9 ], [ "W", 9 ], [ "W", 9 ], [ "W", 9 ], [ "W", 18 ], [ "W", 9 ], [ "W", 9 ], [ "R", 13 ], [ "R", 27 ], [ "R", 13 ], [ "R", 13 ], [ "R", 18 ], [ "R", 18 ], [ "R", 18 ], [ "R", 27 ], [ "R", 9 ], [ "R", 18 ], [ "R", 13 ], [ "R", 13 ], [ "R", 13 ], [ "W", 9 ], [ "R", 10 ], [ "R", 10 ], [ "R", 10 ], [ "R", 10 ] ]
    } ]
  },
  "ClubManagerController.show" : {
    "t" : [ {
      "id" : 0,
      "a" : [ [ "R", 13 ], [ "R", 13 ], [ "R", 18 ], [ "R", 18 ], [ "R", 18 ], [ "R", 27 ], [ "R", 9 ], [ "R", 9 ], [ "R", 18 ], [ "R", 13 ], [ "R", 13 ], [ "R", 13 ], [ "R", 9 ], [ "R", 13 ], [ "R", 9 ], [ "R", 9 ], [ "R", 9 ], [ "R", 9 ], [ "R", 9 ], [ "R", 9 ], [ "R", 18 ], [ "R", 9 ], [ "R", 10 ], [ "R", 10 ], [ "R", 10 ], [ "R", 10 ], [ "R", 9 ], [ "R", 18 ], [ "R", 13 ], [ "R", 13 ], [ "R", 13 ], [ "R", 9 ] ]
    } ]
  },
  "ParticipationEventManagerController.list" : {
    "t" : [ {
      "id" : 0,
      "a" : [ [ "R", 15 ], [ "R", 13 ], [ "R", 13 ], [ "R", 18 ], [ "R", 18 ], [ "R", 18 ], [ "R", 27 ], [ "R", 13 ], [ "R", 15 ], [ "R", 15 ], [ "R", 15 ], [ "R", 9 ], [ "R", 18 ], [ "R", 15 ], [ "R", 15 ], [ "R", 9 ], [ "R", 9 ], [ "R", 18 ], [ "R", 13 ], [ "R", 13 ], [ "R", 13 ], [ "R", 15 ], [ "R", 23 ], [ "R", 10 ], [ "R", 10 ], [ "R", 10 ], [ "R", 10 ], [ "R", 15 ], [ "R", 15 ], [ "R", 9 ], [ "R", 9 ], [ "R", 18 ], [ "R", 13 ], [ "R", 13 ], [ "R", 13 ] ]
    } ]
  },
  "EventController.show" : {
    "t" : [ {
      "id" : 0,
      "a" : [ [ "R", 15 ], [ "R", 15 ], [ "R", 15 ], [ "R", 15 ], [ "R", 15 ], [ "R", 15 ], [ "R", 9 ], [ "R", 15 ], [ "R", 7 ], [ "R", 15 ], [ "R", 15 ], [ "R", 15 ], [ "R", 15 ], [ "R", 15 ], [ "R", 15 ], [ "R", 10 ], [ "R", 10 ], [ "R", 10 ], [ "R", 10 ], [ "R", 10 ], [ "R", 10 ] ]
    } ]
  },
  "ManagerController.listProfiles" : {
    "t" : [ {
      "id" : 0,
      "a" : [ [ "R", 26 ], [ "R", 26 ], [ "R", 26 ], [ "R", 1 ], [ "R", 10 ], [ "R", 10 ], [ "R", 10 ], [ "R", 10 ] ]
    } ]
  },
  "ActorAdministratorController.ban" : {
    "t" : [ {
      "id" : 0,
      "a" : [ [ "R", 1 ], [ "R", 1 ], [ "R", 1 ], [ "W", 1 ], [ "R", 1 ], [ "R", 27 ], [ "W", 27 ], [ "W", 1 ], [ "R", 1 ], [ "R", 1 ] ]
    } ]
  },
  "EventClientController.search" : {
    "t" : [ {
      "id" : 0,
      "a" : [ [ "R", 13 ], [ "R", 13 ], [ "R", 8 ], [ "R", 8 ], [ "R", 8 ], [ "R", 27 ], [ "R", 13 ], [ "R", 15 ], [ "R", 15 ], [ "R", 15 ], [ "R", 15 ], [ "R", 9 ], [ "R", 9 ], [ "R", 9 ], [ "R", 16 ], [ "R", 9 ], [ "R", 9 ], [ "R", 16 ], [ "R", 8 ], [ "R", 10 ], [ "R", 10 ], [ "R", 10 ], [ "R", 10 ], [ "R", 10 ], [ "R", 10 ], [ "R", 15 ], [ "R", 15 ], [ "R", 15 ], [ "R", 15 ], [ "R", 15 ], [ "R", 15 ], [ "R", 15 ], [ "R", 9 ], [ "R", 15 ], [ "R", 7 ], [ "R", 7 ], [ "R", 7 ], [ "R", 7 ], [ "R", 7 ], [ "R", 7 ], [ "R", 15 ], [ "R", 15 ], [ "R", 13 ], [ "R", 13 ], [ "R", 8 ], [ "R", 8 ], [ "R", 8 ], [ "R", 27 ], [ "R", 13 ], [ "R", 15 ], [ "R", 15 ], [ "R", 15 ], [ "R", 15 ], [ "R", 9 ], [ "R", 9 ], [ "R", 9 ], [ "R", 16 ], [ "R", 9 ], [ "R", 9 ], [ "R", 16 ], [ "R", 8 ], [ "R", 10 ], [ "R", 10 ], [ "R", 10 ], [ "R", 10 ], [ "R", 10 ], [ "R", 10 ], [ "R", 13 ], [ "R", 13 ], [ "R", 8 ], [ "R", 8 ], [ "R", 8 ], [ "R", 27 ], [ "R", 13 ], [ "R", 15 ], [ "R", 15 ], [ "R", 15 ], [ "R", 15 ], [ "R", 9 ], [ "R", 9 ], [ "R", 9 ], [ "R", 16 ], [ "R", 9 ], [ "R", 9 ], [ "R", 16 ], [ "R", 8 ], [ "R", 10 ], [ "R", 10 ], [ "R", 10 ], [ "R", 10 ], [ "R", 10 ], [ "R", 10 ] ]
    } ]
  },
  "ClubController.show" : {
    "t" : [ {
      "id" : 0,
      "a" : [ [ "R", 9 ], [ "R", 9 ], [ "R", 13 ], [ "R", 9 ], [ "R", 9 ], [ "R", 9 ], [ "R", 9 ], [ "R", 9 ], [ "R", 9 ], [ "R", 18 ], [ "R", 9 ], [ "R", 10 ], [ "R", 10 ], [ "R", 10 ], [ "R", 10 ] ]
    } ]
  },
  "SocialProfileController.edit" : {
    "t" : [ {
      "id" : 0,
      "a" : [ [ "R", 13 ], [ "R", 27 ], [ "R", 1 ], [ "R", 1 ], [ "R", 1 ], [ "R", 27 ], [ "R", 26 ], [ "R", 26 ], [ "R", 1 ], [ "R", 13 ], [ "R", 13 ], [ "R", 13 ], [ "R", 13 ], [ "R", 26 ], [ "R", 1 ], [ "R", 26 ], [ "R", 26 ], [ "R", 26 ], [ "R", 10 ], [ "R", 10 ], [ "R", 10 ], [ "R", 10 ], [ "R", 26 ], [ "R", 26 ], [ "R", 1 ], [ "R", 13 ], [ "R", 13 ], [ "R", 13 ] ]
    } ]
  },
  "CategoryAdministratorController.saveEdit" : {
    "t" : [ {
      "id" : 0,
      "a" : [ [ "R", 7 ], [ "R", 7 ], [ "R", 10 ], [ "R", 10 ], [ "R", 10 ], [ "R", 10 ], [ "R", 7 ], [ "W", 7 ], [ "W", 7 ], [ "W", 7 ], [ "R", 7 ], [ "R", 7 ], [ "R", 7 ], [ "R", 7 ], [ "R", 7 ], [ "R", 7 ], [ "W", 7 ], [ "W", 7 ], [ "R", 13 ], [ "R", 27 ], [ "R", 1 ], [ "R", 1 ], [ "R", 1 ], [ "R", 27 ], [ "R", 1 ], [ "R", 27 ], [ "R", 27 ], [ "W", 7 ], [ "R", 7 ], [ "R", 7 ], [ "R", 10 ], [ "R", 10 ], [ "R", 10 ], [ "R", 10 ] ]
    } ]
  },
  "EventManagerController.cancel" : {
    "t" : [ {
      "id" : 0,
      "a" : [ [ "R", 15 ], [ "R", 13 ], [ "R", 13 ], [ "R", 18 ], [ "R", 18 ], [ "R", 18 ], [ "R", 27 ], [ "R", 27 ], [ "R", 15 ], [ "R", 9 ], [ "R", 9 ], [ "R", 18 ], [ "R", 13 ], [ "R", 13 ], [ "R", 13 ], [ "R", 15 ], [ "R", 15 ], [ "R", 15 ], [ "R", 13 ], [ "R", 27 ], [ "R", 13 ], [ "R", 13 ], [ "R", 18 ], [ "R", 18 ], [ "R", 18 ], [ "R", 27 ], [ "R", 15 ], [ "R", 9 ], [ "R", 9 ], [ "R", 18 ], [ "R", 13 ], [ "R", 13 ], [ "R", 13 ], [ "R", 15 ], [ "R", 15 ], [ "W", 15 ], [ "W", 15 ], [ "R", 15 ], [ "R", 23 ], [ "R", 23 ], [ "R", 8 ], [ "R", 13 ], [ "R", 13 ], [ "R", 1 ], [ "R", 1 ], [ "R", 1 ], [ "R", 27 ], [ "R", 13 ], [ "R", 5 ], [ "R", 5 ], [ "R", 5 ], [ "R", 5 ], [ "R", 1 ], [ "W", 19 ], [ "W", 19 ], [ "W", 19 ], [ "W", 19 ], [ "W", 19 ], [ "W", 19 ], [ "W", 5 ], [ "W", 19 ], [ "W", 1 ], [ "R", 15 ], [ "R", 15 ], [ "W", 19 ], [ "W", 19 ], [ "R", 15 ], [ "R", 9 ], [ "R", 9 ], [ "R", 18 ], [ "W", 19 ], [ "W", 1 ], [ "R", 15 ], [ "R", 15 ], [ "W", 19 ], [ "W", 19 ], [ "R", 10 ], [ "R", 10 ], [ "R", 19 ], [ "R", 13 ], [ "R", 13 ], [ "R", 1 ], [ "R", 1 ], [ "R", 1 ], [ "R", 27 ], [ "R", 13 ], [ "R", 5 ], [ "R", 5 ], [ "R", 5 ], [ "R", 5 ], [ "R", 1 ], [ "W", 19 ], [ "W", 19 ], [ "W", 19 ], [ "W", 19 ], [ "W", 19 ], [ "W", 19 ], [ "W", 5 ], [ "W", 19 ], [ "W", 1 ], [ "R", 19 ], [ "W", 19 ], [ "R", 19 ], [ "W", 19 ], [ "R", 19 ], [ "R", 1 ], [ "W", 19 ], [ "W", 1 ], [ "R", 19 ], [ "R", 1 ], [ "W", 19 ], [ "W", 1 ], [ "R", 19 ], [ "W", 19 ], [ "R", 19 ], [ "W", 19 ], [ "R", 19 ], [ "W", 19 ], [ "W", 19 ], [ "W", 1 ], [ "R", 10 ], [ "R", 10 ], [ "R", 19 ], [ "R", 19 ], [ "R", 19 ], [ "R", 13 ], [ "R", 5 ], [ "R", 5 ], [ "R", 5 ], [ "R", 5 ], [ "R", 1 ], [ "R", 19 ], [ "R", 1 ], [ "R", 1 ], [ "R", 27 ], [ "R", 27 ], [ "R", 13 ], [ "R", 2 ], [ "R", 2 ], [ "R", 2 ], [ "R", 27 ], [ "W", 1 ], [ "W", 2 ], [ "R", 13 ], [ "R", 8 ], [ "R", 8 ], [ "R", 8 ], [ "R", 27 ], [ "W", 1 ], [ "W", 8 ], [ "R", 13 ], [ "R", 18 ], [ "R", 18 ], [ "R", 18 ], [ "R", 27 ], [ "W", 1 ], [ "W", 18 ], [ "R", 13 ], [ "R", 5 ], [ "R", 5 ], [ "R", 5 ], [ "R", 5 ], [ "R", 1 ], [ "W", 19 ], [ "W", 5 ], [ "W", 19 ], [ "R", 15 ], [ "R", 9 ], [ "R", 9 ], [ "R", 18 ], [ "R", 13 ], [ "R", 13 ], [ "R", 13 ], [ "R", 15 ], [ "R", 15 ], [ "R", 15 ] ]
    } ]
  },
  "BoxController.create" : {
    "t" : [ {
      "id" : 0,
      "a" : [ [ "R", 13 ], [ "R", 13 ], [ "R", 1 ], [ "R", 1 ], [ "R", 1 ], [ "R", 27 ], [ "W", 5 ], [ "W", 5 ], [ "W", 5 ], [ "W", 5 ], [ "W", 5 ], [ "W", 5 ], [ "W", 5 ], [ "W", 1 ], [ "R", 13 ], [ "R", 13 ], [ "R", 1 ], [ "R", 1 ], [ "R", 1 ], [ "R", 27 ], [ "R", 13 ], [ "R", 5 ], [ "R", 5 ], [ "R", 5 ], [ "R", 1 ], [ "R", 5 ], [ "R", 5 ], [ "R", 5 ], [ "R", 5 ], [ "R", 1 ], [ "R", 13 ], [ "R", 5 ], [ "R", 5 ], [ "R", 10 ], [ "R", 10 ], [ "R", 10 ], [ "R", 10 ] ]
    } ]
  },
  "ClubManagerController.save2" : {
    "t" : [ {
      "id" : 0,
      "a" : [ [ "R", 10 ], [ "R", 10 ], [ "R", 10 ], [ "R", 10 ], [ "R", 13 ], [ "R", 13 ], [ "R", 18 ], [ "R", 18 ], [ "R", 18 ], [ "R", 27 ], [ "R", 9 ], [ "W", 9 ], [ "W", 9 ], [ "W", 9 ], [ "W", 9 ], [ "W", 9 ], [ "W", 18 ], [ "W", 9 ], [ "W", 9 ], [ "R", 13 ], [ "R", 27 ], [ "R", 13 ], [ "R", 13 ], [ "R", 18 ], [ "R", 18 ], [ "R", 18 ], [ "R", 27 ], [ "R", 9 ], [ "R", 18 ], [ "R", 13 ], [ "R", 13 ], [ "R", 13 ], [ "W", 9 ], [ "R", 10 ], [ "R", 10 ], [ "R", 10 ], [ "R", 10 ] ]
    } ]
  },
  "OpinionClientController.list" : {
    "t" : [ {
      "id" : 0,
      "a" : [ [ "R", 13 ], [ "R", 13 ], [ "R", 8 ], [ "R", 8 ], [ "R", 8 ], [ "R", 27 ], [ "R", 13 ], [ "R", 22 ], [ "R", 22 ], [ "R", 22 ], [ "R", 8 ], [ "R", 15 ], [ "R", 15 ], [ "R", 15 ], [ "R", 22 ], [ "R", 22 ], [ "R", 22 ], [ "R", 15 ], [ "R", 22 ], [ "R", 15 ], [ "R", 22 ], [ "R", 13 ], [ "R", 10 ], [ "R", 10 ], [ "R", 10 ], [ "R", 10 ] ]
    } ]
  },
  "RegisterController.save" : {
    "t" : [ {
      "id" : 0,
      "a" : [ [ "R", 27 ], [ "R", 10 ], [ "R", 10 ], [ "R", 10 ], [ "R", 10 ], [ "R", 27 ], [ "R", 27 ], [ "W", 27 ], [ "R", 27 ], [ "R", 18 ], [ "W", 27 ], [ "W", 27 ], [ "W", 27 ], [ "W", 1 ], [ "W", 27 ], [ "W", 1 ], [ "W", 1 ], [ "W", 1 ], [ "W", 27 ], [ "R", 13 ], [ "R", 13 ], [ "R", 27 ], [ "W", 13 ], [ "W", 13 ], [ "W", 1 ], [ "W", 1 ], [ "W", 1 ], [ "W", 1 ], [ "W", 1 ], [ "W", 1 ], [ "W", 1 ], [ "R", 13 ], [ "R", 13 ], [ "R", 1 ], [ "R", 27 ], [ "R", 13 ], [ "R", 13 ], [ "R", 13 ], [ "W", 18 ], [ "R", 13 ], [ "R", 5 ], [ "R", 5 ], [ "R", 5 ], [ "R", 5 ], [ "R", 1 ], [ "W", 5 ], [ "W", 5 ], [ "W", 5 ], [ "W", 5 ], [ "W", 5 ], [ "W", 5 ], [ "W", 5 ], [ "W", 1 ], [ "W", 5 ], [ "W", 5 ], [ "W", 5 ], [ "W", 5 ], [ "W", 5 ], [ "W", 5 ], [ "W", 5 ], [ "W", 1 ], [ "W", 5 ], [ "W", 5 ], [ "W", 5 ], [ "W", 5 ], [ "W", 5 ], [ "W", 5 ], [ "W", 5 ], [ "W", 1 ], [ "W", 5 ], [ "W", 5 ], [ "W", 5 ], [ "W", 5 ], [ "W", 5 ], [ "W", 5 ], [ "W", 5 ], [ "W", 1 ], [ "W", 5 ], [ "W", 5 ], [ "W", 5 ], [ "W", 5 ], [ "W", 5 ], [ "W", 5 ], [ "W", 5 ], [ "W", 1 ], [ "W", 5 ], [ "R", 25 ], [ "W", 27 ], [ "W", 27 ], [ "W", 27 ], [ "W", 1 ], [ "W", 27 ], [ "W", 1 ], [ "W", 1 ], [ "W", 1 ], [ "W", 27 ], [ "R", 13 ], [ "R", 13 ], [ "R", 27 ], [ "W", 13 ], [ "W", 13 ], [ "W", 1 ], [ "W", 1 ], [ "W", 1 ], [ "W", 1 ], [ "W", 1 ], [ "W", 1 ], [ "W", 1 ], [ "W", 25 ], [ "R", 13 ], [ "R", 5 ], [ "R", 5 ], [ "R", 5 ], [ "R", 5 ], [ "R", 1 ], [ "W", 5 ], [ "W", 5 ], [ "W", 5 ], [ "W", 5 ], [ "W", 5 ], [ "W", 5 ], [ "W", 5 ], [ "W", 1 ], [ "W", 5 ], [ "W", 5 ], [ "W", 5 ], [ "W", 5 ], [ "W", 5 ], [ "W", 5 ], [ "W", 5 ], [ "W", 1 ], [ "W", 5 ], [ "W", 5 ], [ "W", 5 ], [ "W", 5 ], [ "W", 5 ], [ "W", 5 ], [ "W", 5 ], [ "W", 1 ], [ "W", 5 ], [ "W", 5 ], [ "W", 5 ], [ "W", 5 ], [ "W", 5 ], [ "W", 5 ], [ "W", 5 ], [ "W", 1 ], [ "W", 5 ], [ "W", 5 ], [ "W", 5 ], [ "W", 5 ], [ "W", 5 ], [ "W", 5 ], [ "W", 5 ], [ "W", 1 ], [ "W", 5 ], [ "R", 8 ], [ "W", 27 ], [ "W", 27 ], [ "W", 27 ], [ "W", 1 ], [ "W", 27 ], [ "W", 1 ], [ "W", 1 ], [ "W", 1 ], [ "W", 27 ], [ "R", 13 ], [ "R", 13 ], [ "R", 27 ], [ "W", 13 ], [ "W", 13 ], [ "W", 1 ], [ "W", 1 ], [ "W", 1 ], [ "W", 1 ], [ "W", 1 ], [ "W", 1 ], [ "W", 1 ], [ "W", 8 ], [ "R", 13 ], [ "R", 13 ], [ "R", 1 ], [ "R", 27 ], [ "R", 13 ], [ "R", 13 ], [ "R", 13 ], [ "W", 8 ], [ "R", 13 ], [ "R", 5 ], [ "R", 5 ], [ "R", 5 ], [ "R", 5 ], [ "R", 1 ], [ "W", 5 ], [ "W", 5 ], [ "W", 5 ], [ "W", 5 ], [ "W", 5 ], [ "W", 5 ], [ "W", 5 ], [ "W", 1 ], [ "W", 5 ], [ "W", 5 ], [ "W", 5 ], [ "W", 5 ], [ "W", 5 ], [ "W", 5 ], [ "W", 5 ], [ "W", 1 ], [ "W", 5 ], [ "W", 5 ], [ "W", 5 ], [ "W", 5 ], [ "W", 5 ], [ "W", 5 ], [ "W", 5 ], [ "W", 1 ], [ "W", 5 ], [ "W", 5 ], [ "W", 5 ], [ "W", 5 ], [ "W", 5 ], [ "W", 5 ], [ "W", 5 ], [ "W", 1 ], [ "W", 5 ], [ "W", 5 ], [ "W", 5 ], [ "W", 5 ], [ "W", 5 ], [ "W", 5 ], [ "W", 5 ], [ "W", 1 ], [ "W", 5 ], [ "R", 13 ], [ "R", 13 ], [ "R", 27 ], [ "R", 2 ], [ "W", 27 ], [ "W", 27 ], [ "W", 27 ], [ "W", 1 ], [ "W", 27 ], [ "W", 1 ], [ "W", 1 ], [ "W", 1 ], [ "W", 27 ], [ "W", 13 ], [ "W", 13 ], [ "W", 1 ], [ "W", 1 ], [ "W", 1 ], [ "W", 1 ], [ "W", 1 ], [ "W", 1 ], [ "W", 1 ], [ "R", 13 ], [ "R", 27 ], [ "R", 13 ], [ "R", 13 ], [ "R", 1 ], [ "R", 27 ], [ "R", 13 ], [ "R", 13 ], [ "R", 13 ], [ "W", 2 ], [ "R", 13 ], [ "R", 5 ], [ "R", 5 ], [ "R", 5 ], [ "R", 5 ], [ "R", 1 ], [ "W", 5 ], [ "W", 5 ], [ "W", 5 ], [ "W", 5 ], [ "W", 5 ], [ "W", 5 ], [ "W", 5 ], [ "W", 1 ], [ "W", 5 ], [ "W", 5 ], [ "W", 5 ], [ "W", 5 ], [ "W", 5 ], [ "W", 5 ], [ "W", 5 ], [ "W", 1 ], [ "W", 5 ], [ "W", 5 ], [ "W", 5 ], [ "W", 5 ], [ "W", 5 ], [ "W", 5 ], [ "W", 5 ], [ "W", 1 ], [ "W", 5 ], [ "W", 5 ], [ "W", 5 ], [ "W", 5 ], [ "W", 5 ], [ "W", 5 ], [ "W", 5 ], [ "W", 1 ], [ "W", 5 ], [ "W", 5 ], [ "W", 5 ], [ "W", 5 ], [ "W", 5 ], [ "W", 5 ], [ "W", 5 ], [ "W", 1 ], [ "W", 5 ], [ "R", 27 ], [ "R", 1 ], [ "R", 1 ], [ "R", 1 ], [ "R", 27 ], [ "R", 27 ], [ "R", 10 ], [ "R", 10 ], [ "R", 10 ], [ "R", 10 ], [ "R", 27 ], [ "R", 10 ], [ "R", 10 ], [ "R", 10 ], [ "R", 10 ], [ "R", 27 ], [ "R", 10 ], [ "R", 10 ], [ "R", 10 ], [ "R", 10 ], [ "R", 27 ], [ "R", 10 ], [ "R", 10 ], [ "R", 10 ], [ "R", 10 ], [ "R", 27 ], [ "R", 10 ], [ "R", 10 ], [ "R", 10 ], [ "R", 10 ], [ "R", 27 ], [ "R", 10 ], [ "R", 10 ], [ "R", 10 ], [ "R", 10 ] ]
    } ]
  },
  "OpinionClientController.create" : {
    "t" : [ {
      "id" : 0,
      "a" : [ [ "R", 13 ], [ "R", 13 ], [ "R", 8 ], [ "R", 8 ], [ "R", 8 ], [ "R", 27 ], [ "R", 13 ], [ "R", 15 ], [ "R", 15 ], [ "R", 23 ], [ "R", 15 ], [ "R", 15 ], [ "R", 23 ], [ "R", 8 ], [ "R", 15 ], [ "R", 15 ], [ "R", 13 ], [ "R", 15 ], [ "R", 15 ], [ "R", 22 ], [ "R", 15 ], [ "R", 15 ], [ "R", 22 ], [ "R", 8 ], [ "R", 13 ], [ "R", 13 ], [ "R", 8 ], [ "R", 8 ], [ "R", 8 ], [ "R", 27 ], [ "R", 13 ], [ "R", 22 ], [ "R", 22 ], [ "R", 22 ], [ "R", 8 ], [ "R", 15 ], [ "R", 15 ], [ "R", 15 ], [ "R", 22 ], [ "R", 22 ], [ "R", 22 ], [ "R", 15 ], [ "R", 22 ], [ "R", 15 ], [ "R", 22 ], [ "R", 13 ], [ "R", 10 ], [ "R", 10 ], [ "R", 10 ], [ "R", 10 ], [ "R", 10 ], [ "R", 10 ], [ "R", 10 ], [ "R", 10 ] ]
    } ]
  },
  "EventClientController.participate" : {
    "t" : [ {
      "id" : 0,
      "a" : [ [ "R", 15 ], [ "R", 15 ], [ "R", 13 ], [ "R", 13 ], [ "R", 8 ], [ "R", 8 ], [ "R", 8 ], [ "R", 27 ], [ "R", 8 ], [ "R", 11 ], [ "R", 13 ], [ "R", 15 ], [ "R", 15 ], [ "R", 15 ], [ "R", 15 ], [ "R", 9 ], [ "R", 9 ], [ "R", 9 ], [ "R", 16 ], [ "R", 9 ], [ "R", 9 ], [ "R", 16 ], [ "R", 8 ], [ "R", 13 ], [ "R", 15 ], [ "R", 9 ], [ "R", 13 ], [ "R", 9 ], [ "R", 9 ], [ "R", 16 ], [ "R", 9 ], [ "R", 9 ], [ "R", 16 ], [ "R", 8 ], [ "R", 9 ], [ "R", 15 ], [ "R", 15 ], [ "R", 15 ], [ "R", 23 ], [ "R", 23 ], [ "R", 8 ], [ "R", 13 ], [ "R", 13 ], [ "R", 13 ], [ "R", 13 ], [ "R", 13 ], [ "R", 8 ], [ "R", 8 ], [ "R", 8 ], [ "R", 27 ], [ "R", 8 ], [ "R", 11 ], [ "R", 11 ], [ "W", 23 ], [ "W", 23 ], [ "W", 8 ], [ "W", 23 ], [ "W", 23 ], [ "R", 15 ], [ "R", 23 ], [ "R", 15 ], [ "R", 13 ], [ "R", 13 ], [ "R", 8 ], [ "R", 8 ], [ "R", 8 ], [ "R", 27 ], [ "R", 13 ], [ "R", 27 ], [ "R", 8 ], [ "R", 11 ], [ "R", 13 ], [ "R", 15 ], [ "R", 15 ], [ "R", 15 ], [ "R", 15 ], [ "R", 9 ], [ "R", 9 ], [ "R", 9 ], [ "R", 16 ], [ "R", 9 ], [ "R", 9 ], [ "R", 16 ], [ "R", 8 ], [ "R", 13 ], [ "R", 15 ], [ "R", 9 ], [ "R", 13 ], [ "R", 9 ], [ "R", 9 ], [ "R", 16 ], [ "R", 9 ], [ "R", 9 ], [ "R", 16 ], [ "R", 8 ], [ "R", 9 ], [ "R", 15 ], [ "W", 15 ], [ "R", 15 ], [ "R", 8 ], [ "R", 11 ], [ "R", 13 ], [ "R", 15 ], [ "R", 15 ], [ "R", 15 ], [ "R", 15 ], [ "R", 9 ], [ "R", 9 ], [ "R", 9 ], [ "R", 16 ], [ "R", 9 ], [ "R", 9 ], [ "R", 16 ], [ "R", 8 ], [ "R", 13 ], [ "R", 15 ], [ "R", 9 ], [ "R", 13 ], [ "R", 9 ], [ "R", 9 ], [ "R", 16 ], [ "R", 9 ], [ "R", 9 ], [ "R", 16 ], [ "R", 8 ], [ "R", 9 ], [ "R", 15 ], [ "R", 15 ] ]
    } ]
  },
  "EventManagerController.edit" : {
    "t" : [ {
      "id" : 0,
      "a" : [ [ "R", 13 ], [ "R", 13 ], [ "R", 18 ], [ "R", 18 ], [ "R", 18 ], [ "R", 27 ], [ "R", 15 ], [ "R", 15 ], [ "R", 15 ], [ "R", 9 ], [ "R", 9 ], [ "R", 18 ], [ "R", 13 ], [ "R", 13 ], [ "R", 13 ], [ "R", 13 ], [ "R", 15 ], [ "R", 15 ], [ "R", 15 ], [ "R", 15 ], [ "R", 9 ], [ "R", 15 ], [ "R", 7 ], [ "R", 15 ], [ "R", 15 ], [ "R", 15 ], [ "R", 15 ], [ "R", 15 ], [ "R", 13 ], [ "R", 27 ], [ "R", 18 ], [ "R", 18 ], [ "R", 18 ], [ "R", 27 ], [ "R", 7 ], [ "R", 13 ], [ "R", 9 ], [ "R", 9 ], [ "R", 9 ], [ "R", 18 ], [ "R", 9 ], [ "R", 10 ], [ "R", 10 ], [ "R", 10 ], [ "R", 10 ], [ "R", 10 ], [ "R", 10 ], [ "R", 15 ], [ "R", 9 ], [ "R", 9 ], [ "R", 18 ], [ "R", 13 ], [ "R", 13 ], [ "R", 13 ], [ "R", 15 ] ]
    } ]
  },
  "MessageController.move" : {
    "t" : [ {
      "id" : 0,
      "a" : [ [ "R", 13 ], [ "R", 13 ], [ "R", 1 ], [ "R", 1 ], [ "R", 1 ], [ "R", 27 ], [ "R", 19 ], [ "R", 13 ], [ "R", 13 ], [ "R", 1 ], [ "R", 1 ], [ "R", 1 ], [ "R", 27 ], [ "R", 19 ], [ "R", 1 ], [ "R", 13 ], [ "R", 13 ], [ "R", 13 ], [ "R", 19 ], [ "R", 1 ], [ "R", 13 ], [ "R", 13 ], [ "R", 13 ], [ "R", 13 ], [ "R", 5 ], [ "R", 5 ], [ "R", 5 ], [ "R", 1 ], [ "R", 19 ], [ "R", 5 ], [ "R", 13 ], [ "R", 13 ], [ "R", 1 ], [ "R", 1 ], [ "R", 1 ], [ "R", 27 ], [ "R", 1 ], [ "R", 10 ], [ "R", 10 ], [ "R", 10 ], [ "R", 10 ], [ "R", 10 ], [ "R", 10 ], [ "R", 19 ], [ "R", 1 ], [ "R", 13 ], [ "R", 13 ], [ "R", 13 ], [ "R", 19 ], [ "R", 1 ], [ "R", 13 ], [ "R", 13 ], [ "R", 13 ] ]
    } ]
  },
  "RegisterController.createRookieAndCompany" : {
    "t" : [ {
      "id" : 0,
      "a" : [ [ "W", 27 ], [ "W", 27 ], [ "W", 27 ], [ "R", 27 ], [ "R", 10 ], [ "R", 10 ], [ "R", 10 ], [ "R", 10 ] ]
    } ]
  },
  "DownloadPDFController.downloadPersonalData" : {
    "t" : [ {
      "id" : 0,
      "a" : [ [ "R", 13 ], [ "R", 27 ], [ "R", 13 ], [ "R", 8 ], [ "R", 8 ], [ "R", 8 ], [ "R", 27 ], [ "R", 27 ], [ "R", 13 ], [ "R", 18 ], [ "R", 18 ], [ "R", 18 ], [ "R", 27 ], [ "R", 27 ], [ "R", 13 ], [ "R", 2 ], [ "R", 2 ], [ "R", 2 ], [ "R", 27 ] ]
    } ]
  }
}