{
  "ConfigurationSystemAdministratorController.save" : {
    "t" : [ {
      "id" : 0,
      "a" : [ [ "W", 7 ] ]
    } ]
  },
  "RendezvousesUserController.edit" : {
    "t" : [ {
      "id" : 0,
      "a" : [ [ "R", 8 ], [ "R", 8 ], [ "R", 14 ], [ "R", 14 ], [ "R", 14 ], [ "R", 15 ], [ "R", 11 ], [ "R", 14 ], [ "R", 11 ], [ "R", 11 ], [ "R", 11 ], [ "R", 8 ], [ "R", 8 ], [ "R", 14 ], [ "R", 14 ], [ "R", 14 ], [ "R", 15 ], [ "R", 14 ], [ "R", 8 ], [ "R", 11 ], [ "R", 11 ], [ "R", 11 ], [ "R", 11 ], [ "R", 11 ], [ "R", 11 ], [ "R", 8 ], [ "R", 11 ], [ "R", 11 ], [ "R", 11 ], [ "R", 11 ], [ "R", 11 ] ]
    } ]
  },
  "RendezvousController.list" : {
    "t" : [ {
      "id" : 0,
      "a" : [ [ "R", 14 ], [ "R", 14 ], [ "R", 11 ], [ "R", 14 ], [ "R", 11 ], [ "R", 14 ], [ "R", 14 ], [ "R", 11 ] ]
    } ]
  },
  "AnnouncementUserController.listb" : {
    "t" : [ {
      "id" : 0,
      "a" : [ [ "R", 3 ], [ "R", 3 ], [ "R", 3 ], [ "R", 11 ] ]
    } ]
  },
  "RendezvousesUserController.listasisProfile" : {
    "t" : [ {
      "id" : 0,
      "a" : [ [ "R", 8 ], [ "R", 15 ], [ "R", 14 ], [ "R", 8 ], [ "R", 8 ], [ "R", 14 ], [ "R", 14 ], [ "R", 14 ], [ "R", 15 ], [ "R", 14 ], [ "R", 8 ], [ "R", 11 ], [ "R", 11 ], [ "R", 11 ], [ "R", 11 ], [ "R", 11 ], [ "R", 8 ], [ "R", 11 ], [ "R", 11 ], [ "R", 11 ], [ "R", 11 ] ]
    } ]
  },
  "AnnouncementAdministratorController.delete" : {
    "t" : [ {
      "id" : 0,
      "a" : [ [ "R", 3 ], [ "R", 8 ], [ "R", 3 ], [ "R", 11 ], [ "R", 11 ], [ "R", 3 ], [ "R", 8 ], [ "R", 15 ], [ "W", 3 ], [ "R", 3 ] ]
    } ]
  },
  "RendezvousesUserController.listasis" : {
    "t" : [ {
      "id" : 0,
      "a" : [ [ "R", 8 ], [ "R", 15 ], [ "R", 8 ], [ "R", 8 ], [ "R", 14 ], [ "R", 14 ], [ "R", 14 ], [ "R", 15 ], [ "R", 8 ], [ "R", 11 ], [ "R", 11 ], [ "R", 11 ], [ "R", 11 ], [ "R", 11 ] ]
    } ]
  },
  "CommentUserController.create" : {
    "t" : [ {
      "id" : 0,
      "a" : [ [ "R", 8 ], [ "R", 8 ], [ "R", 14 ], [ "R", 14 ], [ "R", 14 ], [ "R", 15 ], [ "R", 11 ], [ "R", 8 ], [ "R", 11 ], [ "R", 11 ], [ "R", 14 ], [ "R", 11 ], [ "R", 8 ], [ "R", 8 ], [ "R", 14 ], [ "R", 14 ], [ "R", 14 ], [ "R", 15 ], [ "W", 6 ], [ "W", 6 ], [ "W", 6 ], [ "W", 14 ], [ "W", 6 ], [ "W", 6 ], [ "W", 11 ], [ "R", 6 ], [ "R", 11 ], [ "R", 8 ], [ "R", 8 ], [ "R", 14 ], [ "R", 14 ], [ "R", 14 ], [ "R", 15 ] ]
    } ]
  },
  "ManagerController.display" : {
    "t" : [ {
      "id" : 0,
      "a" : [ [ "R", 9 ] ]
    } ]
  },
  "ManagerController.saveManager" : {
    "t" : [ {
      "id" : 0,
      "a" : [ [ "R", 8 ], [ "R", 1 ], [ "R", 15 ], [ "R", 15 ], [ "R", 15 ], [ "W", 1 ], [ "W", 15 ], [ "W", 9 ], [ "W", 13 ], [ "R", 8 ], [ "R", 9 ], [ "R", 8 ], [ "W", 8 ], [ "R", 8 ], [ "W", 8 ], [ "R", 1 ], [ "R", 15 ], [ "W", 1 ], [ "W", 15 ], [ "R", 9 ], [ "R", 13 ], [ "W", 9 ], [ "W", 13 ], [ "R", 8 ], [ "R", 1 ], [ "R", 15 ], [ "R", 15 ], [ "R", 8 ], [ "R", 1 ], [ "R", 15 ], [ "R", 15 ], [ "R", 1 ], [ "R", 15 ], [ "W", 15 ], [ "W", 9 ] ]
    } ]
  },
  "RendezvousesUserController.deletevirtual" : {
    "t" : [ {
      "id" : 0,
      "a" : [ [ "R", 8 ], [ "W", 11 ], [ "W", 14 ], [ "W", 11 ], [ "W", 3 ], [ "W", 11 ], [ "W", 11 ], [ "W", 11 ], [ "W", 13 ], [ "W", 11 ], [ "R", 8 ], [ "R", 11 ], [ "R", 8 ], [ "W", 8 ], [ "R", 8 ], [ "W", 8 ], [ "R", 11 ], [ "R", 14 ], [ "W", 11 ], [ "W", 14 ], [ "R", 11 ], [ "R", 3 ], [ "W", 11 ], [ "W", 3 ], [ "R", 11 ], [ "R", 13 ], [ "W", 11 ], [ "W", 13 ], [ "R", 11 ], [ "R", 11 ], [ "W", 11 ], [ "W", 11 ], [ "R", 8 ], [ "R", 8 ], [ "R", 14 ], [ "R", 14 ], [ "R", 14 ], [ "R", 15 ], [ "R", 14 ], [ "R", 8 ], [ "R", 11 ], [ "R", 11 ], [ "R", 11 ], [ "R", 11 ], [ "R", 11 ], [ "R", 11 ], [ "R", 8 ], [ "R", 11 ], [ "R", 11 ], [ "R", 11 ], [ "R", 11 ], [ "R", 11 ], [ "R", 8 ], [ "R", 8 ], [ "R", 14 ], [ "R", 14 ], [ "R", 14 ], [ "R", 15 ], [ "R", 14 ], [ "R", 11 ], [ "R", 11 ], [ "W", 11 ], [ "W", 11 ], [ "R", 8 ], [ "R", 8 ], [ "R", 14 ], [ "R", 14 ], [ "R", 14 ], [ "R", 15 ], [ "R", 14 ], [ "R", 8 ], [ "R", 11 ], [ "R", 11 ], [ "R", 11 ], [ "R", 11 ], [ "R", 11 ], [ "R", 11 ], [ "R", 8 ], [ "R", 11 ], [ "R", 11 ], [ "R", 11 ], [ "R", 11 ], [ "R", 11 ] ]
    } ]
  },
  "CommentUserController.save" : {
    "t" : [ {
      "id" : 0,
      "a" : [ [ "R", 8 ], [ "R", 8 ], [ "R", 8 ], [ "R", 14 ], [ "R", 14 ], [ "R", 14 ], [ "R", 15 ], [ "W", 6 ], [ "W", 14 ], [ "W", 6 ], [ "W", 6 ], [ "W", 6 ], [ "R", 8 ], [ "R", 6 ], [ "R", 8 ], [ "W", 8 ], [ "R", 8 ], [ "W", 8 ], [ "R", 6 ], [ "R", 14 ], [ "W", 6 ], [ "W", 14 ], [ "R", 6 ], [ "R", 6 ], [ "W", 6 ], [ "W", 6 ], [ "R", 6 ], [ "W", 6 ], [ "R", 6 ], [ "R", 11 ], [ "R", 8 ], [ "R", 8 ], [ "R", 14 ], [ "R", 14 ], [ "R", 14 ], [ "R", 15 ], [ "R", 8 ], [ "R", 8 ], [ "R", 14 ], [ "R", 14 ], [ "R", 14 ], [ "R", 15 ], [ "R", 6 ], [ "R", 11 ], [ "R", 11 ], [ "R", 14 ], [ "R", 8 ], [ "R", 15 ], [ "R", 6 ], [ "R", 14 ], [ "R", 8 ], [ "R", 8 ], [ "R", 8 ], [ "R", 8 ], [ "W", 6 ], [ "W", 6 ], [ "R", 6 ], [ "R", 11 ], [ "R", 8 ], [ "R", 6 ], [ "R", 11 ], [ "R", 8 ], [ "R", 8 ], [ "R", 14 ], [ "R", 14 ], [ "R", 14 ], [ "R", 15 ] ]
    } ]
  },
  "RendezvousController.listSimilar" : {
    "t" : [ {
      "id" : 0,
      "a" : [ [ "R", 11 ], [ "R", 11 ], [ "R", 11 ], [ "R", 11 ], [ "R", 11 ], [ "R", 11 ], [ "R", 11 ], [ "R", 11 ], [ "R", 11 ], [ "R", 11 ], [ "R", 11 ], [ "R", 11 ] ]
    } ]
  },
  "ServiceOfferedAdministratorController.delete" : {
    "t" : [ {
      "id" : 0,
      "a" : [ [ "R", 13 ], [ "R", 8 ], [ "R", 8 ], [ "R", 15 ], [ "W", 13 ], [ "R", 13 ] ]
    } ]
  },
  "ServiceOfferedAdministratorController.list" : {
    "t" : [ {
      "id" : 0,
      "a" : [ [ "R", 13 ] ]
    } ]
  },
  "RendezvousesUserController.editNotSimilar" : {
    "t" : [ {
      "id" : 0,
      "a" : [ [ "R", 8 ], [ "R", 8 ], [ "R", 14 ], [ "R", 14 ], [ "R", 14 ], [ "R", 15 ], [ "R", 11 ], [ "R", 14 ], [ "R", 11 ], [ "R", 11 ], [ "R", 8 ], [ "R", 8 ], [ "R", 14 ], [ "R", 14 ], [ "R", 14 ], [ "R", 15 ], [ "R", 8 ], [ "R", 11 ], [ "R", 11 ], [ "R", 11 ], [ "R", 11 ], [ "R", 11 ], [ "R", 11 ], [ "R", 11 ], [ "R", 14 ], [ "R", 11 ], [ "R", 11 ], [ "R", 11 ] ]
    } ]
  },
  "ServiceOfferedManagerController.edit" : {
    "t" : [ {
      "id" : 0,
      "a" : [ [ "R", 13 ], [ "R", 8 ], [ "R", 8 ], [ "R", 9 ], [ "R", 9 ], [ "R", 9 ], [ "R", 15 ], [ "R", 9 ], [ "R", 9 ], [ "R", 13 ], [ "R", 9 ], [ "R", 9 ], [ "R", 13 ], [ "R", 8 ], [ "R", 8 ], [ "R", 8 ], [ "R", 13 ], [ "R", 11 ], [ "R", 13 ], [ "R", 5 ] ]
    } ]
  },
  "CategoryController.list" : {
    "t" : [ {
      "id" : 0,
      "a" : [ [ "R", 5 ] ]
    } ]
  },
  "RendezvousesUserController.save" : {
    "t" : [ {
      "id" : 0,
      "a" : [ [ "R", 8 ], [ "W", 11 ], [ "W", 14 ], [ "W", 11 ], [ "W", 3 ], [ "W", 11 ], [ "W", 11 ], [ "W", 11 ], [ "W", 13 ], [ "W", 11 ], [ "R", 8 ], [ "R", 11 ], [ "R", 8 ], [ "W", 8 ], [ "R", 8 ], [ "W", 8 ], [ "R", 11 ], [ "R", 14 ], [ "W", 11 ], [ "W", 14 ], [ "R", 11 ], [ "R", 3 ], [ "W", 11 ], [ "W", 3 ], [ "R", 11 ], [ "R", 13 ], [ "W", 11 ], [ "W", 13 ], [ "R", 11 ], [ "R", 11 ], [ "W", 11 ], [ "W", 11 ], [ "R", 8 ], [ "R", 8 ], [ "R", 14 ], [ "R", 14 ], [ "R", 14 ], [ "R", 15 ], [ "R", 14 ], [ "R", 8 ], [ "R", 11 ], [ "R", 11 ], [ "R", 11 ], [ "R", 11 ], [ "R", 11 ], [ "R", 11 ], [ "R", 8 ], [ "R", 11 ], [ "R", 11 ], [ "R", 11 ], [ "R", 11 ], [ "R", 11 ], [ "R", 8 ], [ "R", 8 ], [ "R", 14 ], [ "R", 14 ], [ "R", 14 ], [ "R", 15 ], [ "R", 8 ], [ "R", 11 ], [ "R", 14 ], [ "R", 11 ], [ "R", 11 ], [ "R", 14 ], [ "W", 11 ], [ "R", 8 ], [ "R", 14 ], [ "R", 11 ], [ "R", 8 ], [ "R", 8 ], [ "R", 14 ], [ "R", 14 ], [ "R", 14 ], [ "R", 15 ], [ "R", 14 ], [ "R", 8 ], [ "R", 11 ], [ "R", 11 ], [ "R", 11 ], [ "R", 11 ], [ "R", 11 ], [ "R", 11 ], [ "R", 8 ], [ "R", 11 ], [ "R", 11 ], [ "R", 11 ], [ "R", 11 ], [ "R", 11 ], [ "R", 8 ], [ "R", 8 ], [ "R", 14 ], [ "R", 14 ], [ "R", 14 ], [ "R", 15 ], [ "R", 14 ], [ "R", 8 ], [ "R", 11 ], [ "R", 11 ], [ "R", 11 ], [ "R", 11 ], [ "R", 11 ], [ "R", 11 ], [ "R", 8 ], [ "R", 11 ], [ "R", 11 ], [ "R", 11 ], [ "R", 11 ], [ "R", 11 ], [ "R", 8 ], [ "R", 8 ], [ "R", 14 ], [ "R", 14 ], [ "R", 14 ], [ "R", 15 ], [ "R", 14 ], [ "R", 8 ], [ "R", 11 ], [ "R", 11 ], [ "R", 11 ], [ "R", 11 ], [ "R", 11 ], [ "R", 11 ], [ "R", 8 ], [ "R", 11 ], [ "R", 11 ], [ "R", 11 ], [ "R", 11 ], [ "R", 11 ] ]
    } ]
  },
  "RendezvousController.list3" : {
    "t" : [ {
      "id" : 0,
      "a" : [ [ "R", 14 ], [ "R", 14 ], [ "R", 11 ], [ "R", 14 ], [ "R", 14 ], [ "R", 11 ] ]
    } ]
  },
  "ManagerController.createManager" : {
    "t" : [ {
      "id" : 0,
      "a" : [ [ "W", 15 ], [ "R", 15 ], [ "R", 15 ], [ "W", 1 ], [ "W", 15 ], [ "W", 9 ], [ "W", 13 ] ]
    } ]
  },
  "ConfigurationSystemAdministratorController.edit" : {
    "t" : [ {
      "id" : 0,
      "a" : [ [ "R", 7 ] ]
    } ]
  },
  "CategoryAdministratorController.create" : {
    "t" : [ {
      "id" : 0,
      "a" : [ [ "R", 8 ], [ "R", 8 ], [ "R", 2 ], [ "R", 2 ], [ "R", 2 ], [ "R", 15 ], [ "W", 5 ], [ "W", 5 ], [ "W", 5 ], [ "W", 13 ], [ "R", 5 ] ]
    } ]
  },
  "RendezvousesUserController.assist" : {
    "t" : [ {
      "id" : 0,
      "a" : [ [ "R", 11 ], [ "R", 8 ], [ "R", 8 ], [ "R", 14 ], [ "R", 14 ], [ "R", 14 ], [ "R", 15 ], [ "R", 11 ], [ "R", 14 ], [ "R", 11 ], [ "R", 14 ], [ "R", 11 ], [ "R", 14 ], [ "W", 11 ], [ "R", 8 ], [ "R", 15 ], [ "R", 8 ], [ "R", 8 ], [ "R", 14 ], [ "R", 14 ], [ "R", 14 ], [ "R", 15 ], [ "R", 8 ], [ "R", 11 ], [ "R", 11 ], [ "R", 11 ], [ "R", 11 ], [ "R", 11 ], [ "R", 8 ], [ "R", 15 ], [ "R", 8 ], [ "R", 8 ], [ "R", 14 ], [ "R", 14 ], [ "R", 14 ], [ "R", 15 ], [ "R", 14 ], [ "R", 8 ], [ "R", 11 ], [ "R", 11 ], [ "R", 11 ], [ "R", 11 ], [ "R", 11 ], [ "R", 11 ], [ "R", 8 ], [ "R", 11 ], [ "R", 11 ], [ "R", 11 ], [ "R", 11 ], [ "R", 11 ] ]
    } ]
  },
  "RendezvousesUserController.editSimilarLink" : {
    "t" : [ {
      "id" : 0,
      "a" : [ [ "R", 8 ], [ "R", 11 ], [ "R", 8 ], [ "W", 8 ], [ "R", 8 ], [ "W", 8 ], [ "R", 11 ], [ "R", 14 ], [ "W", 11 ], [ "W", 14 ], [ "R", 11 ], [ "R", 3 ], [ "W", 11 ], [ "W", 3 ], [ "R", 11 ], [ "R", 13 ], [ "W", 11 ], [ "W", 13 ], [ "R", 11 ], [ "R", 11 ], [ "W", 11 ], [ "W", 11 ], [ "R", 11 ], [ "R", 3 ], [ "W", 11 ], [ "W", 3 ], [ "R", 11 ], [ "W", 11 ], [ "R", 11 ], [ "W", 11 ], [ "R", 11 ], [ "W", 11 ], [ "R", 11 ], [ "W", 11 ], [ "R", 11 ], [ "W", 11 ], [ "R", 11 ], [ "W", 11 ], [ "R", 8 ], [ "R", 8 ], [ "R", 14 ], [ "R", 14 ], [ "R", 14 ], [ "R", 15 ], [ "R", 14 ], [ "R", 8 ], [ "R", 11 ], [ "R", 11 ], [ "R", 11 ], [ "R", 11 ], [ "R", 11 ], [ "R", 11 ], [ "R", 8 ], [ "R", 11 ], [ "R", 11 ], [ "R", 11 ], [ "R", 11 ], [ "R", 11 ], [ "R", 8 ], [ "R", 8 ], [ "R", 14 ], [ "R", 14 ], [ "R", 14 ], [ "R", 15 ], [ "R", 8 ], [ "R", 11 ], [ "R", 11 ], [ "R", 11 ], [ "R", 11 ], [ "R", 11 ], [ "R", 11 ], [ "R", 11 ], [ "R", 11 ], [ "R", 11 ], [ "R", 11 ], [ "R", 11 ], [ "R", 11 ], [ "R", 11 ], [ "R", 14 ], [ "R", 11 ], [ "R", 11 ], [ "R", 11 ], [ "R", 11 ], [ "R", 11 ], [ "W", 11 ], [ "R", 8 ], [ "R", 8 ], [ "R", 14 ], [ "R", 14 ], [ "R", 14 ], [ "R", 15 ], [ "R", 8 ], [ "R", 11 ], [ "R", 11 ], [ "R", 11 ], [ "R", 11 ], [ "R", 11 ], [ "R", 11 ], [ "R", 11 ], [ "R", 11 ], [ "R", 11 ], [ "R", 14 ], [ "R", 11 ], [ "R", 11 ], [ "R", 11 ] ]
    } ]
  },
  "RendezvousController.list2" : {
    "t" : [ {
      "id" : 0,
      "a" : [ [ "R", 11 ], [ "R", 11 ], [ "R", 14 ], [ "R", 11 ] ]
    } ]
  },
  "ServiceOfferedController.display" : {
    "t" : [ {
      "id" : 0,
      "a" : [ [ "R", 13 ] ]
    } ]
  },
  "CommentAdministratorController.delete" : {
    "t" : [ {
      "id" : 0,
      "a" : [ [ "R", 6 ], [ "R", 8 ], [ "R", 8 ], [ "R", 6 ], [ "R", 8 ], [ "R", 15 ], [ "R", 6 ], [ "R", 6 ], [ "R", 6 ], [ "R", 6 ], [ "W", 6 ], [ "R", 6 ] ]
    } ]
  },
  "RequestUserController.save" : {
    "t" : [ {
      "id" : 0,
      "a" : [ [ "R", 8 ], [ "R", 8 ], [ "R", 8 ], [ "R", 14 ], [ "R", 14 ], [ "R", 14 ], [ "R", 15 ], [ "W", 12 ], [ "W", 14 ], [ "W", 12 ], [ "R", 8 ], [ "R", 12 ], [ "R", 8 ], [ "W", 8 ], [ "R", 8 ], [ "W", 8 ], [ "R", 12 ], [ "R", 14 ], [ "W", 12 ], [ "W", 14 ], [ "R", 12 ], [ "W", 12 ], [ "R", 12 ], [ "R", 11 ], [ "R", 12 ], [ "R", 13 ], [ "R", 13 ], [ "R", 13 ], [ "R", 11 ], [ "R", 13 ], [ "R", 13 ], [ "R", 5 ], [ "R", 11 ], [ "R", 8 ], [ "R", 8 ], [ "R", 14 ], [ "R", 14 ], [ "R", 14 ], [ "R", 15 ], [ "R", 12 ], [ "R", 11 ], [ "R", 14 ], [ "R", 11 ], [ "W", 12 ], [ "R", 11 ], [ "R", 13 ], [ "R", 12 ], [ "R", 13 ], [ "R", 12 ], [ "W", 12 ], [ "R", 12 ], [ "R", 11 ], [ "R", 12 ], [ "R", 13 ], [ "R", 13 ], [ "R", 13 ], [ "R", 11 ], [ "R", 13 ], [ "R", 13 ], [ "R", 5 ], [ "R", 11 ], [ "R", 12 ], [ "R", 11 ], [ "R", 12 ], [ "R", 13 ], [ "R", 13 ], [ "R", 13 ], [ "R", 11 ], [ "R", 13 ], [ "R", 13 ], [ "R", 5 ], [ "R", 11 ], [ "R", 12 ], [ "R", 11 ], [ "R", 12 ], [ "R", 13 ], [ "R", 13 ], [ "R", 13 ], [ "R", 11 ], [ "R", 13 ], [ "R", 13 ], [ "R", 5 ], [ "R", 11 ] ]
    } ]
  },
  "RequestUserController.create" : {
    "t" : [ {
      "id" : 0,
      "a" : [ [ "R", 8 ], [ "R", 8 ], [ "R", 14 ], [ "R", 14 ], [ "R", 14 ], [ "R", 15 ], [ "R", 8 ], [ "R", 8 ], [ "R", 8 ], [ "R", 14 ], [ "R", 14 ], [ "R", 14 ], [ "R", 15 ], [ "R", 8 ], [ "R", 12 ], [ "R", 12 ], [ "R", 12 ], [ "R", 14 ], [ "R", 12 ], [ "R", 8 ], [ "R", 8 ], [ "R", 14 ], [ "R", 14 ], [ "R", 14 ], [ "R", 15 ], [ "R", 11 ], [ "R", 14 ], [ "R", 11 ], [ "R", 11 ], [ "W", 12 ], [ "R", 8 ], [ "R", 8 ], [ "R", 14 ], [ "R", 14 ], [ "R", 14 ], [ "R", 15 ], [ "W", 12 ], [ "W", 14 ], [ "W", 12 ], [ "R", 8 ], [ "R", 8 ], [ "R", 8 ], [ "R", 14 ], [ "R", 14 ], [ "R", 14 ], [ "R", 15 ], [ "R", 8 ], [ "R", 12 ], [ "R", 12 ], [ "R", 12 ], [ "R", 14 ], [ "R", 12 ], [ "W", 12 ], [ "R", 12 ], [ "R", 11 ], [ "R", 12 ], [ "R", 13 ], [ "R", 13 ], [ "R", 13 ], [ "R", 11 ], [ "R", 13 ], [ "R", 13 ], [ "R", 5 ], [ "R", 11 ] ]
    } ]
  },
  "RendezvousesUserController.list2" : {
    "t" : [ {
      "id" : 0,
      "a" : [ [ "R", 8 ], [ "R", 8 ], [ "R", 14 ], [ "R", 14 ], [ "R", 14 ], [ "R", 15 ], [ "R", 8 ], [ "R", 8 ], [ "R", 8 ], [ "R", 14 ], [ "R", 14 ], [ "R", 14 ], [ "R", 15 ], [ "R", 8 ], [ "R", 14 ], [ "R", 14 ], [ "R", 11 ], [ "R", 14 ], [ "R", 11 ], [ "R", 14 ], [ "R", 11 ], [ "R", 14 ] ]
    } ]
  },
  "CommentUserController.display" : {
    "t" : [ {
      "id" : 0,
      "a" : [ [ "R", 6 ] ]
    } ]
  },
  "RendezvousesUserController.editSimilar" : {
    "t" : [ {
      "id" : 0,
      "a" : [ [ "R", 8 ], [ "R", 8 ], [ "R", 14 ], [ "R", 14 ], [ "R", 14 ], [ "R", 15 ], [ "R", 11 ], [ "R", 14 ], [ "R", 11 ], [ "R", 11 ], [ "R", 8 ], [ "R", 8 ], [ "R", 14 ], [ "R", 14 ], [ "R", 14 ], [ "R", 15 ], [ "R", 8 ], [ "R", 11 ], [ "R", 11 ], [ "R", 11 ], [ "R", 11 ], [ "R", 11 ], [ "R", 11 ], [ "R", 11 ], [ "R", 11 ], [ "R", 11 ], [ "R", 14 ], [ "R", 11 ], [ "R", 11 ], [ "R", 11 ] ]
    } ]
  },
  "UserController.createUser" : {
    "t" : [ {
      "id" : 0,
      "a" : [ [ "W", 15 ], [ "R", 15 ], [ "R", 15 ], [ "W", 1 ], [ "W", 15 ], [ "W", 14 ], [ "W", 11 ], [ "W", 14 ], [ "W", 11 ] ]
    } ]
  },
  "CommentAdministratorController.display" : {
    "t" : [ {
      "id" : 0,
      "a" : [ [ "R", 6 ] ]
    } ]
  },
  "RendezvousesUserController.notassist" : {
    "t" : [ {
      "id" : 0,
      "a" : [ [ "R", 11 ], [ "R", 8 ], [ "R", 8 ], [ "R", 14 ], [ "R", 14 ], [ "R", 14 ], [ "R", 15 ], [ "R", 11 ], [ "R", 14 ], [ "R", 11 ], [ "R", 14 ], [ "W", 11 ], [ "R", 8 ], [ "R", 15 ], [ "R", 8 ], [ "R", 8 ], [ "R", 14 ], [ "R", 14 ], [ "R", 14 ], [ "R", 15 ], [ "R", 14 ], [ "R", 8 ], [ "R", 11 ], [ "R", 11 ], [ "R", 11 ], [ "R", 11 ], [ "R", 11 ], [ "R", 11 ], [ "R", 8 ], [ "R", 11 ], [ "R", 11 ], [ "R", 11 ], [ "R", 11 ], [ "R", 11 ], [ "R", 8 ], [ "R", 15 ], [ "R", 8 ], [ "R", 8 ], [ "R", 14 ], [ "R", 14 ], [ "R", 14 ], [ "R", 15 ], [ "R", 8 ], [ "R", 11 ], [ "R", 11 ], [ "R", 11 ], [ "R", 11 ], [ "R", 11 ] ]
    } ]
  },
  "UserController.edit" : {
    "t" : [ {
      "id" : 0,
      "a" : [ [ "R", 8 ], [ "R", 8 ], [ "R", 14 ], [ "R", 14 ], [ "R", 14 ], [ "R", 15 ] ]
    } ]
  },
  "AnnouncementUserController.create" : {
    "t" : [ {
      "id" : 0,
      "a" : [ [ "R", 8 ], [ "R", 15 ], [ "R", 11 ], [ "W", 3 ], [ "W", 3 ], [ "W", 11 ], [ "R", 3 ], [ "R", 11 ], [ "R", 11 ] ]
    } ]
  },
  "AnswerUserController.deletevirtual" : {
    "t" : [ {
      "id" : 0,
      "a" : [ [ "R", 8 ], [ "R", 8 ], [ "R", 4 ], [ "R", 8 ], [ "R", 15 ], [ "R", 8 ], [ "R", 15 ], [ "W", 4 ] ]
    } ]
  },
  "ServiceOfferedManagerController.create" : {
    "t" : [ {
      "id" : 0,
      "a" : [ [ "R", 8 ], [ "R", 15 ], [ "W", 13 ], [ "W", 11 ], [ "W", 13 ], [ "R", 5 ] ]
    } ]
  },
  "CommentUserController.list" : {
    "t" : [ {
      "id" : 0,
      "a" : [ [ "R", 11 ], [ "R", 8 ], [ "R", 8 ], [ "R", 14 ], [ "R", 14 ], [ "R", 14 ], [ "R", 15 ], [ "R", 6 ], [ "R", 6 ], [ "R", 6 ], [ "R", 11 ], [ "R", 6 ], [ "R", 6 ], [ "R", 8 ], [ "R", 11 ], [ "R", 11 ], [ "R", 14 ], [ "R", 11 ] ]
    } ]
  },
  "CommentAdministratorController.listByRendezvouse" : {
    "t" : [ {
      "id" : 0,
      "a" : [ [ "R", 6 ], [ "R", 6 ], [ "R", 6 ], [ "R", 11 ] ]
    } ]
  },
  "RendezvousesUserController.list" : {
    "t" : [ {
      "id" : 0,
      "a" : [ [ "R", 8 ], [ "R", 15 ], [ "R", 8 ], [ "R", 8 ], [ "R", 14 ], [ "R", 14 ], [ "R", 14 ], [ "R", 15 ], [ "R", 8 ], [ "R", 14 ], [ "R", 14 ], [ "R", 11 ], [ "R", 14 ], [ "R", 11 ], [ "R", 14 ], [ "R", 14 ], [ "R", 11 ] ]
    } ]
  },
  "RendezvousesUserController.editSimilarUnlink" : {
    "t" : [ {
      "id" : 0,
      "a" : [ [ "R", 8 ], [ "R", 11 ], [ "R", 8 ], [ "W", 8 ], [ "R", 8 ], [ "W", 8 ], [ "R", 11 ], [ "R", 14 ], [ "W", 11 ], [ "W", 14 ], [ "R", 11 ], [ "R", 3 ], [ "W", 11 ], [ "W", 3 ], [ "R", 11 ], [ "R", 13 ], [ "W", 11 ], [ "W", 13 ], [ "R", 11 ], [ "R", 11 ], [ "W", 11 ], [ "W", 11 ], [ "R", 11 ], [ "R", 3 ], [ "W", 11 ], [ "W", 3 ], [ "R", 11 ], [ "W", 11 ], [ "R", 11 ], [ "W", 11 ], [ "R", 11 ], [ "W", 11 ], [ "R", 11 ], [ "W", 11 ], [ "R", 11 ], [ "W", 11 ], [ "R", 11 ], [ "W", 11 ], [ "R", 8 ], [ "R", 8 ], [ "R", 14 ], [ "R", 14 ], [ "R", 14 ], [ "R", 15 ], [ "R", 14 ], [ "R", 8 ], [ "R", 11 ], [ "R", 11 ], [ "R", 11 ], [ "R", 11 ], [ "R", 11 ], [ "R", 11 ], [ "R", 8 ], [ "R", 11 ], [ "R", 11 ], [ "R", 11 ], [ "R", 11 ], [ "R", 11 ], [ "R", 8 ], [ "R", 8 ], [ "R", 14 ], [ "R", 14 ], [ "R", 14 ], [ "R", 15 ], [ "R", 8 ], [ "R", 11 ], [ "R", 11 ], [ "R", 11 ], [ "R", 11 ], [ "R", 11 ], [ "R", 11 ], [ "R", 11 ], [ "R", 11 ], [ "R", 11 ], [ "R", 11 ], [ "R", 11 ], [ "R", 11 ], [ "R", 11 ], [ "R", 14 ], [ "R", 11 ], [ "R", 11 ], [ "R", 11 ], [ "R", 11 ], [ "R", 11 ], [ "W", 11 ], [ "R", 8 ], [ "R", 8 ], [ "R", 14 ], [ "R", 14 ], [ "R", 14 ], [ "R", 15 ], [ "R", 8 ], [ "R", 11 ], [ "R", 11 ], [ "R", 11 ], [ "R", 11 ], [ "R", 11 ], [ "R", 11 ], [ "R", 11 ], [ "R", 11 ], [ "R", 11 ], [ "R", 14 ], [ "R", 11 ], [ "R", 11 ], [ "R", 11 ] ]
    } ]
  },
  "RendezvousAdministratorController.list" : {
    "t" : [ {
      "id" : 0,
      "a" : [ [ "R", 11 ] ]
    } ]
  },
  "ManagerController.edit" : {
    "t" : [ {
      "id" : 0,
      "a" : [ [ "R", 8 ], [ "R", 8 ], [ "R", 9 ], [ "R", 9 ], [ "R", 9 ], [ "R", 15 ] ]
    } ]
  },
  "QuestionController.question" : {
    "t" : [ {
      "id" : 0,
      "a" : [ [ "R", 10 ], [ "R", 10 ], [ "R", 10 ], [ "R", 11 ] ]
    } ]
  },
  "QuestionUserController.delete" : {
    "t" : [ {
      "id" : 0,
      "a" : [ [ "R", 8 ], [ "R", 8 ], [ "R", 10 ], [ "R", 8 ], [ "R", 4 ], [ "R", 4 ], [ "R", 4 ], [ "R", 10 ], [ "R", 8 ], [ "R", 8 ], [ "R", 4 ], [ "R", 8 ], [ "R", 15 ], [ "R", 8 ], [ "R", 15 ], [ "W", 4 ], [ "W", 10 ], [ "R", 8 ], [ "R", 8 ], [ "R", 14 ], [ "R", 14 ], [ "R", 14 ], [ "R", 15 ], [ "R", 8 ], [ "R", 14 ], [ "R", 14 ], [ "R", 11 ], [ "R", 14 ], [ "R", 11 ], [ "R", 14 ], [ "R", 14 ], [ "R", 11 ], [ "R", 14 ], [ "R", 11 ] ]
    } ]
  },
  "RendezvousController.display" : {
    "t" : [ {
      "id" : 0,
      "a" : [ [ "R", 13 ], [ "R", 13 ], [ "R", 11 ], [ "R", 13 ], [ "R", 13 ], [ "R", 11 ], [ "R", 13 ], [ "R", 3 ], [ "R", 3 ], [ "R", 3 ], [ "R", 11 ], [ "R", 10 ], [ "R", 10 ], [ "R", 10 ], [ "R", 11 ], [ "R", 11 ], [ "R", 11 ], [ "R", 11 ], [ "R", 11 ], [ "R", 11 ], [ "R", 11 ], [ "R", 11 ], [ "R", 11 ], [ "R", 11 ], [ "R", 11 ], [ "R", 11 ], [ "R", 11 ], [ "R", 11 ], [ "R", 11 ] ]
    } ]
  },
  "CategoryAdministratorController.delete" : {
    "t" : [ {
      "id" : 0,
      "a" : [ [ "R", 8 ], [ "R", 8 ], [ "R", 8 ], [ "R", 2 ], [ "R", 2 ], [ "R", 2 ], [ "R", 15 ], [ "W", 5 ], [ "W", 5 ], [ "W", 5 ], [ "W", 13 ], [ "R", 8 ], [ "R", 5 ], [ "R", 8 ], [ "W", 8 ], [ "R", 8 ], [ "W", 8 ], [ "R", 5 ], [ "R", 5 ], [ "W", 5 ], [ "W", 5 ], [ "R", 5 ], [ "R", 13 ], [ "W", 5 ], [ "W", 13 ], [ "R", 8 ], [ "R", 15 ], [ "R", 5 ], [ "R", 13 ], [ "R", 5 ], [ "R", 5 ], [ "R", 5 ], [ "R", 5 ], [ "W", 5 ], [ "R", 5 ] ]
    } ]
  },
  "RendezvousesUserController.create" : {
    "t" : [ {
      "id" : 0,
      "a" : [ [ "W", 11 ], [ "W", 14 ], [ "W", 11 ], [ "W", 3 ], [ "W", 11 ], [ "W", 11 ], [ "W", 11 ], [ "W", 11 ], [ "W", 13 ], [ "R", 8 ], [ "R", 8 ], [ "R", 14 ], [ "R", 14 ], [ "R", 14 ], [ "R", 15 ], [ "R", 14 ], [ "R", 8 ], [ "R", 11 ], [ "R", 11 ], [ "R", 11 ], [ "R", 11 ], [ "R", 11 ], [ "R", 11 ], [ "R", 8 ], [ "R", 11 ], [ "R", 11 ], [ "R", 11 ], [ "R", 11 ], [ "R", 11 ] ]
    } ]
  },
  "RendezvousController.listCategory" : {
    "t" : [ {
      "id" : 0,
      "a" : [ [ "R", 11 ], [ "R", 11 ], [ "R", 13 ], [ "R", 11 ], [ "R", 13 ], [ "R", 5 ], [ "R", 11 ], [ "R", 11 ], [ "R", 13 ], [ "R", 5 ], [ "R", 11 ], [ "R", 11 ], [ "R", 11 ], [ "R", 11 ] ]
    } ]
  },
  "AdministratorDashboardController.display" : {
    "t" : [ {
      "id" : 0,
      "a" : [ [ "R", 8 ], [ "R", 15 ], [ "R", 14 ], [ "R", 14 ], [ "R", 11 ], [ "R", 14 ], [ "R", 11 ], [ "R", 8 ], [ "R", 15 ], [ "R", 14 ], [ "R", 14 ], [ "R", 14 ], [ "R", 14 ], [ "R", 11 ], [ "R", 14 ], [ "R", 14 ], [ "R", 11 ], [ "R", 8 ], [ "R", 15 ], [ "R", 11 ], [ "R", 11 ], [ "R", 14 ], [ "R", 11 ], [ "R", 14 ], [ "R", 8 ], [ "R", 15 ], [ "R", 14 ], [ "R", 14 ], [ "R", 11 ], [ "R", 14 ], [ "R", 11 ], [ "R", 8 ], [ "R", 15 ], [ "R", 11 ], [ "R", 11 ], [ "R", 11 ], [ "R", 14 ], [ "R", 11 ], [ "R", 14 ], [ "R", 11 ], [ "R", 11 ], [ "R", 3 ], [ "R", 11 ], [ "R", 3 ], [ "R", 8 ], [ "R", 15 ], [ "R", 8 ], [ "R", 15 ], [ "R", 11 ], [ "R", 11 ], [ "R", 11 ], [ "R", 3 ], [ "R", 11 ], [ "R", 11 ], [ "R", 3 ], [ "R", 8 ], [ "R", 15 ], [ "R", 11 ], [ "R", 11 ], [ "R", 11 ], [ "R", 11 ], [ "R", 11 ], [ "R", 11 ], [ "R", 11 ], [ "R", 8 ], [ "R", 15 ], [ "R", 11 ], [ "R", 10 ], [ "R", 10 ], [ "R", 10 ], [ "R", 11 ], [ "R", 11 ], [ "R", 8 ], [ "R", 15 ], [ "R", 11 ], [ "R", 4 ], [ "R", 4 ], [ "R", 4 ], [ "R", 10 ], [ "R", 11 ], [ "R", 11 ], [ "R", 8 ], [ "R", 15 ], [ "R", 6 ], [ "R", 6 ], [ "R", 6 ], [ "R", 6 ], [ "R", 6 ], [ "R", 8 ], [ "R", 15 ], [ "R", 13 ], [ "R", 13 ], [ "R", 13 ], [ "R", 11 ], [ "R", 13 ], [ "R", 13 ], [ "R", 11 ], [ "R", 8 ], [ "R", 15 ], [ "R", 9 ], [ "R", 9 ], [ "R", 9 ], [ "R", 13 ], [ "R", 9 ], [ "R", 9 ], [ "R", 13 ], [ "R", 8 ], [ "R", 15 ], [ "R", 9 ], [ "R", 13 ], [ "R", 13 ], [ "R", 13 ], [ "R", 13 ], [ "R", 9 ], [ "R", 13 ], [ "R", 9 ], [ "R", 9 ], [ "R", 13 ], [ "R", 13 ], [ "R", 13 ], [ "R", 13 ], [ "R", 9 ], [ "R", 13 ], [ "R", 8 ], [ "R", 15 ], [ "R", 11 ], [ "R", 11 ], [ "R", 13 ], [ "R", 13 ], [ "R", 5 ], [ "R", 13 ], [ "R", 5 ], [ "R", 8 ], [ "R", 15 ], [ "R", 5 ], [ "R", 5 ], [ "R", 13 ], [ "R", 8 ], [ "R", 15 ], [ "R", 11 ], [ "R", 11 ], [ "R", 13 ], [ "R", 11 ], [ "R", 13 ], [ "R", 11 ], [ "R", 13 ], [ "R", 11 ], [ "R", 13 ], [ "R", 8 ], [ "R", 15 ], [ "R", 13 ], [ "R", 13 ], [ "R", 13 ], [ "R", 11 ], [ "R", 13 ], [ "R", 11 ] ]
    } ]
  },
  "CategoryAdministratorController.edit" : {
    "t" : [ {
      "id" : 0,
      "a" : [ [ "R", 5 ], [ "R", 13 ], [ "R", 13 ], [ "R", 13 ], [ "R", 5 ], [ "R", 5 ], [ "R", 5 ] ]
    } ]
  },
  "AnswerUserController.create" : {
    "t" : [ {
      "id" : 0,
      "a" : [ [ "R", 8 ], [ "R", 8 ], [ "R", 14 ], [ "R", 14 ], [ "R", 14 ], [ "R", 15 ], [ "R", 10 ], [ "R", 10 ], [ "R", 11 ], [ "R", 14 ], [ "R", 11 ], [ "R", 8 ], [ "R", 8 ], [ "R", 14 ], [ "R", 14 ], [ "R", 14 ], [ "R", 15 ], [ "W", 4 ], [ "W", 10 ], [ "W", 4 ], [ "W", 14 ] ]
    } ]
  },
  "CategoryAdministratorController.save" : {
    "t" : [ {
      "id" : 0,
      "a" : [ [ "R", 8 ], [ "R", 8 ], [ "R", 8 ], [ "R", 2 ], [ "R", 2 ], [ "R", 2 ], [ "R", 15 ], [ "W", 5 ], [ "W", 5 ], [ "W", 5 ], [ "W", 13 ], [ "R", 8 ], [ "R", 5 ], [ "R", 8 ], [ "W", 8 ], [ "R", 8 ], [ "W", 8 ], [ "R", 5 ], [ "R", 5 ], [ "W", 5 ], [ "W", 5 ], [ "R", 5 ], [ "R", 13 ], [ "W", 5 ], [ "W", 13 ], [ "R", 5 ], [ "R", 8 ], [ "R", 15 ], [ "R", 5 ], [ "R", 8 ], [ "R", 5 ], [ "R", 5 ], [ "R", 5 ], [ "R", 5 ], [ "R", 5 ], [ "R", 5 ], [ "R", 5 ], [ "R", 5 ], [ "R", 5 ], [ "R", 5 ], [ "R", 8 ], [ "R", 8 ], [ "R", 8 ], [ "R", 8 ], [ "R", 5 ], [ "R", 5 ], [ "R", 5 ], [ "R", 5 ], [ "R", 5 ], [ "R", 5 ], [ "R", 5 ], [ "R", 5 ], [ "R", 5 ], [ "R", 5 ], [ "R", 5 ], [ "R", 5 ], [ "R", 8 ], [ "R", 8 ], [ "R", 8 ], [ "W", 5 ], [ "R", 5 ] ]
    } ]
  },
  "AnswerUserController.list" : {
    "t" : [ {
      "id" : 0,
      "a" : [ [ "R", 8 ], [ "R", 8 ], [ "R", 14 ], [ "R", 14 ], [ "R", 14 ], [ "R", 15 ], [ "R", 8 ], [ "R", 4 ], [ "R", 4 ], [ "R", 4 ], [ "R", 14 ] ]
    } ]
  },
  "CommentUserController.createReply" : {
    "t" : [ {
      "id" : 0,
      "a" : [ [ "R", 8 ], [ "R", 8 ], [ "R", 14 ], [ "R", 14 ], [ "R", 14 ], [ "R", 15 ], [ "R", 6 ], [ "R", 6 ], [ "R", 11 ], [ "R", 8 ], [ "R", 11 ], [ "R", 11 ], [ "R", 14 ], [ "R", 11 ], [ "R", 8 ], [ "R", 8 ], [ "R", 14 ], [ "R", 14 ], [ "R", 14 ], [ "R", 15 ], [ "W", 6 ], [ "W", 6 ], [ "W", 6 ], [ "W", 14 ], [ "W", 6 ], [ "W", 6 ], [ "W", 11 ], [ "W", 6 ], [ "W", 6 ], [ "R", 6 ], [ "R", 11 ], [ "R", 8 ], [ "R", 8 ], [ "R", 14 ], [ "R", 14 ], [ "R", 14 ], [ "R", 15 ] ]
    } ]
  },
  "RendezvousesUserController.listnotasis" : {
    "t" : [ {
      "id" : 0,
      "a" : [ [ "R", 8 ], [ "R", 15 ], [ "R", 8 ], [ "R", 8 ], [ "R", 14 ], [ "R", 14 ], [ "R", 14 ], [ "R", 15 ], [ "R", 14 ], [ "R", 8 ], [ "R", 11 ], [ "R", 11 ], [ "R", 11 ], [ "R", 11 ], [ "R", 11 ], [ "R", 11 ], [ "R", 8 ], [ "R", 11 ], [ "R", 11 ], [ "R", 11 ], [ "R", 11 ], [ "R", 11 ] ]
    } ]
  },
  "AnnouncementUserController.save" : {
    "t" : [ {
      "id" : 0,
      "a" : [ [ "R", 3 ], [ "R", 11 ], [ "R", 11 ], [ "R", 8 ], [ "R", 8 ], [ "R", 14 ], [ "R", 14 ], [ "R", 14 ], [ "R", 15 ], [ "R", 8 ], [ "R", 8 ], [ "R", 14 ], [ "R", 14 ], [ "R", 11 ], [ "R", 14 ], [ "R", 11 ], [ "R", 3 ], [ "R", 14 ], [ "R", 11 ], [ "R", 3 ], [ "R", 14 ], [ "R", 14 ], [ "R", 11 ], [ "R", 3 ], [ "R", 11 ], [ "W", 3 ], [ "R", 3 ], [ "R", 11 ], [ "R", 8 ] ]
    } ]
  },
  "ServiceOfferedUserController.list" : {
    "t" : [ {
      "id" : 0,
      "a" : [ [ "R", 13 ], [ "R", 13 ], [ "R", 13 ] ]
    } ]
  },
  "AdministratorController.create" : {
    "t" : [ {
      "id" : 0,
      "a" : [ [ "W", 15 ], [ "R", 15 ], [ "R", 15 ], [ "W", 1 ], [ "W", 15 ] ]
    } ]
  },
  "QuestionUserController.save" : {
    "t" : [ {
      "id" : 0,
      "a" : [ [ "R", 8 ], [ "R", 8 ], [ "R", 8 ], [ "R", 14 ], [ "R", 14 ], [ "R", 14 ], [ "R", 15 ], [ "W", 10 ], [ "W", 14 ], [ "R", 8 ], [ "R", 10 ], [ "R", 8 ], [ "W", 8 ], [ "R", 8 ], [ "W", 8 ], [ "R", 10 ], [ "R", 14 ], [ "W", 10 ], [ "W", 14 ], [ "R", 8 ], [ "R", 8 ], [ "R", 14 ], [ "R", 14 ], [ "R", 14 ], [ "R", 15 ], [ "R", 8 ], [ "R", 14 ], [ "R", 14 ], [ "R", 11 ], [ "R", 14 ], [ "R", 11 ], [ "R", 14 ], [ "R", 14 ], [ "R", 11 ], [ "R", 14 ], [ "R", 11 ], [ "R", 8 ], [ "R", 8 ], [ "R", 14 ], [ "R", 14 ], [ "R", 14 ], [ "R", 15 ], [ "R", 8 ], [ "R", 4 ], [ "R", 4 ], [ "R", 4 ], [ "R", 10 ], [ "R", 14 ], [ "R", 11 ], [ "R", 10 ], [ "R", 11 ], [ "W", 10 ], [ "R", 8 ], [ "R", 8 ], [ "R", 14 ], [ "R", 14 ], [ "R", 14 ], [ "R", 15 ], [ "R", 8 ], [ "R", 14 ], [ "R", 14 ], [ "R", 11 ], [ "R", 14 ], [ "R", 11 ], [ "R", 14 ], [ "R", 14 ], [ "R", 11 ], [ "R", 14 ], [ "R", 11 ], [ "R", 8 ], [ "R", 8 ], [ "R", 14 ], [ "R", 14 ], [ "R", 14 ], [ "R", 15 ], [ "R", 8 ], [ "R", 14 ], [ "R", 14 ], [ "R", 11 ], [ "R", 14 ], [ "R", 11 ], [ "R", 14 ], [ "R", 14 ], [ "R", 11 ], [ "R", 14 ], [ "R", 11 ] ]
    } ]
  },
  "ServiceOfferedManagerController.listAll" : {
    "t" : [ {
      "id" : 0,
      "a" : [ [ "R", 8 ], [ "R", 8 ], [ "R", 9 ], [ "R", 9 ], [ "R", 9 ], [ "R", 15 ], [ "R", 9 ], [ "R", 13 ] ]
    } ]
  },
  "UserController.list" : {
    "t" : [ {
      "id" : 0,
      "a" : [ [ "R", 14 ] ]
    } ]
  },
  "RendezvousesUserController.display" : {
    "t" : [ {
      "id" : 0,
      "a" : [ [ "R", 8 ], [ "R", 8 ], [ "R", 14 ], [ "R", 14 ], [ "R", 14 ], [ "R", 15 ], [ "R", 11 ], [ "R", 10 ], [ "R", 10 ], [ "R", 10 ], [ "R", 11 ], [ "R", 11 ], [ "R", 11 ], [ "R", 13 ], [ "R", 11 ], [ "R", 3 ], [ "R", 3 ], [ "R", 3 ], [ "R", 11 ], [ "R", 14 ], [ "R", 11 ], [ "R", 11 ], [ "R", 11 ], [ "R", 11 ], [ "R", 11 ], [ "R", 11 ], [ "R", 11 ], [ "R", 11 ], [ "R", 11 ], [ "R", 11 ], [ "R", 11 ], [ "R", 11 ], [ "R", 11 ], [ "R", 11 ], [ "R", 11 ], [ "R", 14 ] ]
    } ]
  },
  "CategoryController.listBycat" : {
    "t" : [ {
      "id" : 0,
      "a" : [ [ "R", 5 ] ]
    } ]
  },
  "ServiceOfferedAdministratorController.display" : {
    "t" : [ {
      "id" : 0,
      "a" : [ [ "R", 13 ] ]
    } ]
  },
  "ServiceOfferedManagerController.delete" : {
    "t" : [ {
      "id" : 0,
      "a" : [ [ "R", 8 ], [ "W", 13 ], [ "W", 11 ], [ "W", 13 ], [ "R", 8 ], [ "R", 13 ], [ "R", 8 ], [ "W", 8 ], [ "R", 8 ], [ "W", 8 ], [ "R", 13 ], [ "R", 11 ], [ "W", 13 ], [ "W", 11 ], [ "R", 8 ], [ "R", 8 ], [ "R", 9 ], [ "R", 9 ], [ "R", 13 ], [ "R", 9 ], [ "R", 9 ], [ "R", 13 ], [ "R", 8 ], [ "R", 12 ], [ "R", 12 ], [ "R", 12 ], [ "R", 13 ], [ "R", 13 ], [ "R", 11 ], [ "R", 9 ], [ "R", 13 ], [ "R", 8 ], [ "R", 8 ], [ "R", 12 ], [ "W", 12 ], [ "R", 11 ], [ "R", 13 ], [ "R", 13 ], [ "R", 11 ], [ "W", 13 ], [ "R", 5 ] ]
    } ]
  },
  "RendezvousAdministratorController.delete" : {
    "t" : [ {
      "id" : 0,
      "a" : [ [ "R", 11 ], [ "R", 8 ], [ "R", 14 ], [ "R", 14 ], [ "R", 11 ], [ "R", 14 ], [ "R", 14 ], [ "R", 11 ], [ "R", 8 ], [ "R", 11 ], [ "R", 11 ], [ "R", 11 ], [ "R", 11 ], [ "R", 8 ], [ "R", 11 ], [ "R", 11 ], [ "R", 3 ], [ "R", 11 ], [ "R", 8 ], [ "R", 10 ], [ "R", 10 ], [ "R", 10 ], [ "R", 11 ], [ "R", 8 ], [ "R", 6 ], [ "R", 6 ], [ "R", 11 ], [ "R", 6 ], [ "R", 6 ], [ "R", 11 ], [ "R", 6 ], [ "R", 6 ], [ "R", 8 ], [ "R", 11 ], [ "R", 11 ], [ "R", 14 ], [ "R", 11 ], [ "R", 14 ], [ "R", 11 ], [ "R", 14 ], [ "R", 11 ], [ "R", 11 ], [ "R", 11 ], [ "R", 8 ], [ "R", 8 ], [ "R", 6 ], [ "R", 8 ], [ "R", 15 ], [ "R", 6 ], [ "R", 6 ], [ "R", 6 ], [ "R", 6 ], [ "W", 6 ], [ "R", 8 ], [ "R", 8 ], [ "R", 10 ], [ "R", 8 ], [ "R", 4 ], [ "R", 4 ], [ "R", 4 ], [ "R", 10 ], [ "R", 8 ], [ "R", 8 ], [ "R", 4 ], [ "R", 8 ], [ "R", 15 ], [ "R", 8 ], [ "R", 15 ], [ "W", 4 ], [ "W", 10 ], [ "R", 8 ], [ "R", 3 ], [ "R", 11 ], [ "R", 11 ], [ "R", 3 ], [ "R", 8 ], [ "R", 15 ], [ "W", 3 ], [ "R", 14 ], [ "R", 11 ], [ "W", 11 ], [ "R", 11 ] ]
    } ]
  },
  "QuestionUserController.display" : {
    "t" : [ {
      "id" : 0,
      "a" : [ [ "R", 10 ] ]
    } ]
  },
  "RendezvousesUserController.delete" : {
    "t" : [ {
      "id" : 0,
      "a" : [ [ "R", 8 ], [ "R", 14 ], [ "R", 14 ], [ "R", 11 ], [ "R", 14 ], [ "R", 14 ], [ "R", 11 ], [ "R", 8 ], [ "R", 11 ], [ "R", 11 ], [ "R", 11 ], [ "R", 11 ], [ "R", 8 ], [ "R", 11 ], [ "R", 11 ], [ "R", 3 ], [ "R", 11 ], [ "R", 8 ], [ "R", 10 ], [ "R", 10 ], [ "R", 10 ], [ "R", 11 ], [ "R", 8 ], [ "R", 6 ], [ "R", 6 ], [ "R", 11 ], [ "R", 6 ], [ "R", 6 ], [ "R", 11 ], [ "R", 6 ], [ "R", 6 ], [ "R", 8 ], [ "R", 11 ], [ "R", 11 ], [ "R", 14 ], [ "R", 11 ], [ "R", 14 ], [ "R", 11 ], [ "R", 14 ], [ "R", 11 ], [ "R", 11 ], [ "R", 11 ], [ "R", 8 ], [ "R", 8 ], [ "R", 6 ], [ "R", 8 ], [ "R", 15 ], [ "R", 6 ], [ "R", 6 ], [ "R", 6 ], [ "R", 6 ], [ "W", 6 ], [ "R", 8 ], [ "R", 8 ], [ "R", 10 ], [ "R", 8 ], [ "R", 4 ], [ "R", 4 ], [ "R", 4 ], [ "R", 10 ], [ "R", 8 ], [ "R", 8 ], [ "R", 4 ], [ "R", 8 ], [ "R", 15 ], [ "R", 8 ], [ "R", 15 ], [ "W", 4 ], [ "W", 10 ], [ "R", 8 ], [ "R", 3 ], [ "R", 11 ], [ "R", 11 ], [ "R", 3 ], [ "R", 8 ], [ "R", 15 ], [ "W", 3 ], [ "R", 14 ], [ "R", 11 ], [ "W", 11 ], [ "R", 8 ], [ "R", 8 ], [ "R", 14 ], [ "R", 14 ], [ "R", 14 ], [ "R", 15 ], [ "R", 14 ], [ "R", 8 ], [ "R", 11 ], [ "R", 11 ], [ "R", 11 ], [ "R", 11 ], [ "R", 11 ], [ "R", 11 ], [ "R", 8 ], [ "R", 11 ], [ "R", 11 ], [ "R", 11 ], [ "R", 11 ], [ "R", 11 ] ]
    } ]
  },
  "CategoryAdministratorController.list" : {
    "t" : [ {
      "id" : 0,
      "a" : [ [ "R", 5 ] ]
    } ]
  },
  "RendezvousAdministratorController.display" : {
    "t" : [ {
      "id" : 0,
      "a" : [ [ "R", 11 ], [ "R", 10 ], [ "R", 10 ], [ "R", 10 ], [ "R", 11 ], [ "R", 11 ], [ "R", 11 ], [ "R", 13 ], [ "R", 11 ], [ "R", 3 ], [ "R", 3 ], [ "R", 3 ], [ "R", 11 ], [ "R", 11 ], [ "R", 11 ] ]
    } ]
  },
  "ServiceOfferedManagerController.save" : {
    "t" : [ {
      "id" : 0,
      "a" : [ [ "R", 8 ], [ "W", 13 ], [ "W", 11 ], [ "W", 13 ], [ "R", 8 ], [ "R", 13 ], [ "R", 8 ], [ "W", 8 ], [ "R", 8 ], [ "W", 8 ], [ "R", 13 ], [ "R", 11 ], [ "W", 13 ], [ "W", 11 ], [ "R", 5 ], [ "R", 8 ], [ "R", 8 ], [ "R", 9 ], [ "R", 9 ], [ "R", 9 ], [ "R", 15 ], [ "R", 13 ], [ "R", 11 ], [ "W", 13 ], [ "R", 8 ], [ "R", 9 ], [ "R", 13 ], [ "R", 5 ] ]
    } ]
  },
  "QuestionUserController.create" : {
    "t" : [ {
      "id" : 0,
      "a" : [ [ "R", 8 ], [ "R", 8 ], [ "R", 14 ], [ "R", 14 ], [ "R", 14 ], [ "R", 15 ], [ "W", 10 ], [ "W", 14 ], [ "R", 8 ], [ "R", 8 ], [ "R", 14 ], [ "R", 14 ], [ "R", 14 ], [ "R", 15 ], [ "R", 8 ], [ "R", 14 ], [ "R", 14 ], [ "R", 11 ], [ "R", 14 ], [ "R", 11 ], [ "R", 14 ], [ "R", 14 ], [ "R", 11 ], [ "R", 14 ], [ "R", 11 ] ]
    } ]
  },
  "CommentUserController.listReplys" : {
    "t" : [ {
      "id" : 0,
      "a" : [ [ "R", 6 ], [ "R", 6 ], [ "R", 6 ] ]
    } ]
  },
  "AnnouncementUserController.edit" : {
    "t" : [ {
      "id" : 0,
      "a" : [ [ "R", 3 ], [ "R", 8 ], [ "R", 8 ], [ "R", 8 ], [ "R", 14 ], [ "R", 14 ], [ "R", 14 ], [ "R", 15 ], [ "R", 8 ], [ "R", 14 ], [ "R", 14 ], [ "R", 11 ], [ "R", 14 ], [ "R", 11 ], [ "R", 3 ], [ "R", 14 ], [ "R", 11 ], [ "R", 3 ], [ "R", 14 ], [ "R", 3 ], [ "R", 11 ], [ "R", 11 ] ]
    } ]
  },
  "AnswerUserController.save" : {
    "t" : [ {
      "id" : 0,
      "a" : [ [ "R", 8 ], [ "R", 8 ], [ "R", 8 ], [ "R", 14 ], [ "R", 14 ], [ "R", 14 ], [ "R", 15 ], [ "W", 4 ], [ "W", 14 ], [ "R", 8 ], [ "R", 4 ], [ "R", 8 ], [ "W", 8 ], [ "R", 8 ], [ "W", 8 ], [ "R", 4 ], [ "R", 14 ], [ "W", 4 ], [ "W", 14 ], [ "R", 8 ], [ "R", 8 ], [ "R", 14 ], [ "R", 14 ], [ "R", 14 ], [ "R", 15 ], [ "R", 14 ], [ "R", 11 ], [ "R", 4 ], [ "R", 10 ], [ "R", 10 ], [ "R", 11 ], [ "R", 4 ], [ "R", 14 ], [ "R", 8 ], [ "R", 8 ], [ "R", 8 ], [ "R", 4 ], [ "R", 10 ], [ "R", 10 ], [ "R", 11 ], [ "R", 11 ], [ "W", 4 ], [ "W", 4 ], [ "W", 14 ] ]
    } ]
  },
  "UserController.saveCustomer" : {
    "t" : [ {
      "id" : 0,
      "a" : [ [ "R", 8 ], [ "R", 1 ], [ "R", 15 ], [ "R", 15 ], [ "R", 15 ], [ "W", 1 ], [ "W", 15 ], [ "W", 14 ], [ "W", 11 ], [ "W", 14 ], [ "W", 11 ], [ "R", 8 ], [ "R", 14 ], [ "R", 8 ], [ "W", 8 ], [ "R", 8 ], [ "W", 8 ], [ "R", 1 ], [ "R", 15 ], [ "W", 1 ], [ "W", 15 ], [ "R", 14 ], [ "R", 11 ], [ "W", 14 ], [ "W", 11 ], [ "R", 14 ], [ "R", 11 ], [ "W", 14 ], [ "W", 11 ], [ "R", 8 ], [ "R", 1 ], [ "R", 15 ], [ "R", 15 ], [ "R", 8 ], [ "R", 1 ], [ "R", 15 ], [ "R", 15 ], [ "R", 1 ], [ "R", 15 ], [ "W", 15 ], [ "W", 14 ] ]
    } ]
  },
  "QuestionUserController.edit" : {
    "t" : [ {
      "id" : 0,
      "a" : [ [ "R", 4 ], [ "R", 4 ], [ "R", 4 ], [ "R", 10 ], [ "R", 8 ], [ "R", 8 ], [ "R", 14 ], [ "R", 14 ], [ "R", 14 ], [ "R", 15 ], [ "R", 10 ], [ "R", 8 ], [ "R", 8 ], [ "R", 14 ], [ "R", 14 ], [ "R", 14 ], [ "R", 15 ], [ "R", 8 ], [ "R", 10 ], [ "R", 10 ], [ "R", 10 ], [ "R", 14 ], [ "R", 8 ], [ "R", 8 ], [ "R", 14 ], [ "R", 14 ], [ "R", 14 ], [ "R", 15 ], [ "R", 8 ], [ "R", 10 ], [ "R", 10 ], [ "R", 10 ], [ "R", 14 ], [ "R", 8 ], [ "R", 8 ], [ "R", 14 ], [ "R", 14 ], [ "R", 14 ], [ "R", 15 ], [ "R", 8 ], [ "R", 14 ], [ "R", 14 ], [ "R", 11 ], [ "R", 14 ], [ "R", 11 ], [ "R", 14 ], [ "R", 14 ], [ "R", 11 ], [ "R", 14 ], [ "R", 11 ], [ "R", 8 ], [ "R", 8 ], [ "R", 14 ], [ "R", 14 ], [ "R", 14 ], [ "R", 15 ], [ "R", 8 ], [ "R", 10 ], [ "R", 10 ], [ "R", 10 ], [ "R", 14 ] ]
    } ]
  },
  "UserController.display" : {
    "t" : [ {
      "id" : 0,
      "a" : [ [ "R", 14 ] ]
    } ]
  },
  "RendezvousController.listAssistant" : {
    "t" : [ {
      "id" : 0,
      "a" : [ [ "R", 14 ], [ "R", 14 ], [ "R", 11 ], [ "R", 14 ], [ "R", 11 ], [ "R", 14 ], [ "R", 14 ], [ "R", 11 ], [ "R", 14 ], [ "R", 11 ], [ "R", 14 ], [ "R", 11 ] ]
    } ]
  },
  "AnnouncementController.list" : {
    "t" : [ {
      "id" : 0,
      "a" : [ [ "R", 3 ], [ "R", 3 ], [ "R", 3 ], [ "R", 11 ] ]
    } ]
  },
  "AnswerUserController.edit" : {
    "t" : [ {
      "id" : 0,
      "a" : [ [ "R", 8 ], [ "R", 8 ], [ "R", 14 ], [ "R", 14 ], [ "R", 14 ], [ "R", 15 ], [ "R", 4 ], [ "R", 8 ], [ "R", 8 ], [ "R", 14 ], [ "R", 14 ], [ "R", 14 ], [ "R", 15 ], [ "R", 8 ], [ "R", 4 ], [ "R", 4 ], [ "R", 4 ], [ "R", 14 ] ]
    } ]
  },
  "AnswerController.display" : {
    "t" : [ {
      "id" : 0,
      "a" : [ [ "R", 4 ], [ "R", 4 ], [ "R", 4 ], [ "R", 10 ] ]
    } ]
  },
  "ServiceOfferedManagerController.list" : {
    "t" : [ {
      "id" : 0,
      "a" : [ [ "R", 8 ], [ "R", 8 ], [ "R", 9 ], [ "R", 9 ], [ "R", 9 ], [ "R", 15 ], [ "R", 13 ], [ "R", 13 ], [ "R", 13 ] ]
    } ]
  },
  "AnnouncementUserController.list" : {
    "t" : [ {
      "id" : 0,
      "a" : [ [ "R", 3 ], [ "R", 3 ], [ "R", 3 ], [ "R", 11 ] ]
    } ]
  },
  "QuestionUserController.list" : {
    "t" : [ {
      "id" : 0,
      "a" : [ [ "R", 8 ], [ "R", 8 ], [ "R", 14 ], [ "R", 14 ], [ "R", 14 ], [ "R", 15 ], [ "R", 8 ], [ "R", 10 ], [ "R", 10 ], [ "R", 10 ], [ "R", 14 ] ]
    } ]
  },
  "AdministratorController.edit" : {
    "t" : [ {
      "id" : 0,
      "a" : [ [ "R", 8 ], [ "R", 8 ], [ "R", 2 ], [ "R", 2 ], [ "R", 2 ], [ "R", 15 ] ]
    } ]
  },
  "AnnouncementAdministratorController.list" : {
    "t" : [ {
      "id" : 0,
      "a" : [ [ "R", 3 ] ]
    } ]
  },
  "AnswerUserController.delete" : {
    "t" : [ {
      "id" : 0,
      "a" : [ [ "R", 8 ], [ "R", 8 ], [ "R", 4 ], [ "R", 8 ], [ "R", 15 ], [ "R", 8 ], [ "R", 15 ], [ "W", 4 ] ]
    } ]
  },
  "CommentAdministratorController.list" : {
    "t" : [ {
      "id" : 0,
      "a" : [ [ "R", 6 ] ]
    } ]
  },
  "AdministratorController.save" : {
    "t" : [ {
      "id" : 0,
      "a" : [ [ "R", 8 ], [ "R", 1 ], [ "R", 15 ], [ "R", 15 ], [ "R", 15 ], [ "W", 1 ], [ "W", 15 ], [ "R", 8 ], [ "R", 2 ], [ "R", 8 ], [ "W", 8 ], [ "R", 8 ], [ "W", 8 ], [ "R", 1 ], [ "R", 15 ], [ "W", 1 ], [ "W", 15 ], [ "R", 8 ], [ "R", 1 ], [ "R", 15 ], [ "R", 15 ], [ "R", 8 ], [ "R", 1 ], [ "R", 15 ], [ "R", 15 ], [ "R", 1 ], [ "R", 15 ], [ "W", 15 ], [ "W", 2 ] ]
    } ]
  }
}