{
  "Actor" : 1,
  "Administrator" : 2,
  "Box" : 3,
  "Competition" : 4,
  "Configuration" : 5,
  "DomainEntity" : 6,
  "Federation" : 7,
  "Finder" : 8,
  "Format" : 9,
  "Game" : 10,
  "Hiring" : 11,
  "History" : 12,
  "Manager" : 13,
  "Message" : 14,
  "Minutes" : 15,
  "PersonalData" : 16,
  "Player" : 17,
  "PlayerRecord" : 18,
  "President" : 19,
  "Referee" : 20,
  "Report" : 21,
  "Signing" : 22,
  "Sponsor" : 23,
  "Sponsorship" : 24,
  "SportRecord" : 25,
  "StatisticalData" : 26,
  "Team" : 27,
  "Training" : 28,
  "UserAccount" : 29
}