{
  "Actor" : 1,
  "Administrator" : 2,
  "Application" : 3,
  "Audit" : 4,
  "Auditor" : 5,
  "Company" : 6,
  "CreditCard" : 7,
  "Curricula" : 8,
  "DomainEntity" : 9,
  "EducationData" : 10,
  "Finder" : 11,
  "Item" : 12,
  "Message" : 13,
  "MiscellaneousData" : 14,
  "Notification" : 15,
  "NuevaEntidadXXX" : 16,
  "PersonalData" : 17,
  "Position" : 18,
  "PositionData" : 19,
  "PositionProblem" : 20,
  "Provider" : 21,
  "Rookie" : 22,
  "SocialProfile" : 23,
  "Sponsorship" : 24,
  "SystemConfig" : 25,
  "UserAccount" : 26
}