{
  "NotificationActorController.show" : {
    "t" : [ {
      "id" : 0,
      "a" : [ [ "R", 12 ] ]
    } ]
  },
  "CustomerController.createForm" : {
    "t" : [ {
      "id" : 0,
      "a" : [ [ "W", 1 ], [ "W", 1 ], [ "W", 1 ], [ "W", 1 ], [ "W", 1 ], [ "W", 1 ], [ "W", 1 ], [ "W", 6 ], [ "W", 5 ], [ "W", 17 ], [ "W", 17 ], [ "R", 17 ], [ "W", 17 ], [ "W", 17 ], [ "W", 1 ], [ "W", 17 ], [ "R", 7 ], [ "R", 7 ], [ "W", 1 ] ]
    } ]
  },
  "FoodDishCustomerController.show" : {
    "t" : [ {
      "id" : 0,
      "a" : [ [ "R", 11 ], [ "R", 11 ], [ "R", 15 ], [ "R", 9 ] ]
    } ]
  },
  "CashOrderRestaurantController.list" : {
    "t" : [ {
      "id" : 0,
      "a" : [ [ "R", 9 ], [ "R", 9 ], [ "R", 1 ], [ "R", 1 ], [ "R", 1 ], [ "R", 17 ], [ "R", 9 ], [ "R", 3 ], [ "R", 3 ], [ "R", 3 ], [ "R", 15 ], [ "R", 3 ], [ "R", 3 ], [ "R", 3 ], [ "W", 3 ], [ "R", 3 ], [ "W", 3 ], [ "R", 3 ], [ "W", 3 ], [ "W", 3 ], [ "W", 3 ], [ "W", 3 ], [ "W", 3 ], [ "W", 3 ], [ "R", 9 ], [ "R", 3 ], [ "R", 3 ], [ "R", 3 ], [ "R", 15 ], [ "R", 3 ], [ "R", 3 ] ]
    } ]
  },
  "FoodDishesRestaurantController.create" : {
    "t" : [ {
      "id" : 0,
      "a" : [ [ "W", 11 ], [ "W", 11 ], [ "W", 11 ], [ "W", 11 ], [ "W", 11 ], [ "W", 11 ], [ "W", 11 ], [ "W", 15 ] ]
    } ]
  },
  "OfferRestaurantController.list" : {
    "t" : [ {
      "id" : 0,
      "a" : [ [ "R", 9 ], [ "R", 9 ], [ "R", 15 ], [ "R", 15 ], [ "R", 15 ], [ "R", 17 ], [ "R", 9 ], [ "R", 13 ], [ "R", 13 ], [ "R", 13 ], [ "R", 15 ] ]
    } ]
  },
  "CashOrderCustomerController.list" : {
    "t" : [ {
      "id" : 0,
      "a" : [ [ "R", 9 ], [ "R", 9 ], [ "R", 1 ], [ "R", 1 ], [ "R", 1 ], [ "R", 17 ], [ "R", 9 ], [ "R", 3 ], [ "R", 3 ], [ "R", 3 ], [ "R", 6 ] ]
    } ]
  },
  "OfferRestaurantController.delete" : {
    "t" : [ {
      "id" : 0,
      "a" : [ [ "R", 9 ], [ "R", 9 ], [ "R", 9 ], [ "R", 15 ], [ "R", 15 ], [ "R", 15 ], [ "R", 17 ], [ "W", 13 ], [ "W", 15 ], [ "R", 9 ], [ "R", 13 ], [ "R", 9 ], [ "W", 9 ], [ "R", 9 ], [ "W", 9 ], [ "R", 13 ], [ "W", 13 ], [ "R", 13 ], [ "W", 13 ], [ "R", 13 ], [ "R", 15 ], [ "W", 13 ], [ "W", 15 ], [ "R", 13 ], [ "R", 11 ], [ "W", 13 ], [ "W", 11 ], [ "R", 9 ], [ "R", 17 ], [ "R", 13 ], [ "R", 15 ], [ "R", 9 ], [ "R", 15 ], [ "R", 15 ], [ "R", 15 ], [ "R", 17 ], [ "R", 9 ], [ "R", 9 ], [ "R", 9 ], [ "W", 13 ], [ "R", 9 ], [ "R", 9 ], [ "R", 15 ], [ "R", 15 ], [ "R", 15 ], [ "R", 17 ], [ "R", 9 ], [ "R", 11 ], [ "R", 11 ], [ "R", 11 ], [ "R", 15 ], [ "R", 9 ], [ "R", 9 ], [ "R", 15 ], [ "R", 15 ], [ "R", 15 ], [ "R", 17 ], [ "R", 9 ], [ "R", 11 ], [ "R", 11 ], [ "R", 11 ], [ "R", 15 ] ]
    } ]
  },
  "RestaurantAdministratorController.restaurant" : {
    "t" : [ {
      "id" : 0,
      "a" : [ [ "R", 9 ], [ "R", 17 ], [ "R", 15 ] ]
    } ]
  },
  "OfferRestaurantController.edit" : {
    "t" : [ {
      "id" : 0,
      "a" : [ [ "R", 9 ], [ "R", 9 ], [ "R", 15 ], [ "R", 15 ], [ "R", 15 ], [ "R", 17 ], [ "R", 9 ], [ "R", 11 ], [ "R", 11 ], [ "R", 11 ], [ "R", 15 ], [ "R", 13 ], [ "R", 9 ], [ "R", 9 ], [ "R", 15 ], [ "R", 15 ], [ "R", 15 ], [ "R", 17 ], [ "R", 17 ], [ "R", 13 ], [ "R", 15 ] ]
    } ]
  },
  "SocialProfileRestaurantController.list" : {
    "t" : [ {
      "id" : 0,
      "a" : [ [ "R", 9 ], [ "R", 9 ], [ "R", 15 ], [ "R", 15 ], [ "R", 15 ], [ "R", 17 ], [ "R", 9 ], [ "R", 16 ], [ "R", 16 ], [ "R", 16 ], [ "R", 15 ] ]
    } ]
  },
  "CashOrderCustomerController.delete" : {
    "t" : [ {
      "id" : 0,
      "a" : [ [ "R", 9 ], [ "R", 3 ], [ "R", 9 ], [ "R", 9 ], [ "R", 1 ], [ "R", 1 ], [ "R", 1 ], [ "R", 17 ], [ "R", 3 ], [ "R", 6 ], [ "R", 9 ], [ "R", 9 ], [ "R", 9 ], [ "R", 3 ], [ "R", 3 ], [ "W", 3 ], [ "R", 3 ], [ "R", 15 ], [ "R", 9 ], [ "R", 13 ], [ "R", 13 ], [ "R", 13 ], [ "R", 15 ], [ "R", 3 ], [ "R", 15 ], [ "R", 9 ], [ "R", 11 ], [ "R", 11 ], [ "R", 11 ], [ "R", 15 ], [ "R", 9 ], [ "R", 3 ], [ "R", 3 ], [ "R", 15 ], [ "R", 9 ], [ "R", 13 ], [ "R", 13 ], [ "R", 13 ], [ "R", 15 ], [ "R", 3 ], [ "R", 15 ], [ "R", 9 ], [ "R", 11 ], [ "R", 11 ], [ "R", 11 ], [ "R", 15 ] ]
    } ]
  },
  "OfferRestaurantController.listOfferSinAutentificar" : {
    "t" : [ {
      "id" : 0,
      "a" : [ [ "R", 13 ], [ "R", 13 ], [ "R", 13 ], [ "R", 15 ], [ "R", 15 ] ]
    } ]
  },
  "CashOrderRestaurantController.edit" : {
    "t" : [ {
      "id" : 0,
      "a" : [ [ "R", 3 ], [ "R", 3 ], [ "R", 3 ], [ "R", 15 ], [ "R", 9 ], [ "R", 8 ], [ "R", 8 ], [ "R", 8 ], [ "R", 15 ], [ "R", 9 ], [ "R", 9 ], [ "R", 1 ], [ "R", 1 ], [ "R", 1 ], [ "R", 17 ], [ "R", 3 ], [ "R", 15 ], [ "R", 9 ], [ "R", 9 ], [ "R", 9 ] ]
    } ]
  },
  "DealerRestaurantController.createDealerForm" : {
    "t" : [ {
      "id" : 0,
      "a" : [ [ "W", 1 ], [ "W", 1 ], [ "W", 1 ], [ "W", 1 ], [ "W", 1 ], [ "W", 1 ], [ "W", 1 ], [ "W", 17 ], [ "W", 17 ], [ "R", 17 ], [ "W", 17 ], [ "W", 17 ], [ "W", 1 ], [ "W", 17 ], [ "R", 7 ], [ "R", 7 ], [ "W", 1 ] ]
    } ]
  },
  "AdministratorController.createForm" : {
    "t" : [ {
      "id" : 0,
      "a" : [ [ "W", 1 ], [ "W", 1 ], [ "W", 1 ], [ "W", 1 ], [ "W", 1 ], [ "W", 1 ], [ "W", 1 ], [ "W", 17 ], [ "W", 17 ], [ "R", 17 ], [ "W", 17 ], [ "W", 17 ], [ "W", 1 ], [ "W", 17 ], [ "R", 7 ], [ "R", 7 ], [ "W", 1 ] ]
    } ]
  },
  "SocialProfileRestaurantController.edit" : {
    "t" : [ {
      "id" : 0,
      "a" : [ [ "R", 16 ], [ "R", 9 ], [ "R", 9 ], [ "R", 15 ], [ "R", 15 ], [ "R", 15 ], [ "R", 17 ], [ "R", 17 ], [ "R", 16 ], [ "R", 15 ] ]
    } ]
  },
  "FinderCustomerController.edit" : {
    "t" : [ {
      "id" : 0,
      "a" : [ [ "R", 9 ], [ "R", 9 ], [ "R", 6 ], [ "R", 6 ], [ "R", 6 ], [ "R", 17 ], [ "R", 6 ], [ "R", 10 ], [ "R", 9 ], [ "W", 9 ], [ "R", 9 ], [ "W", 9 ], [ "R", 10 ], [ "W", 10 ], [ "R", 10 ], [ "W", 10 ], [ "R", 10 ], [ "W", 10 ], [ "R", 10 ], [ "W", 10 ], [ "R", 10 ], [ "W", 10 ], [ "R", 10 ], [ "W", 10 ], [ "R", 10 ], [ "W", 10 ], [ "R", 10 ], [ "W", 10 ], [ "R", 10 ], [ "W", 10 ], [ "R", 10 ], [ "W", 10 ], [ "R", 10 ], [ "R", 10 ], [ "R", 10 ], [ "R", 10 ], [ "R", 10 ], [ "R", 10 ], [ "R", 10 ], [ "R", 7 ], [ "R", 7 ], [ "R", 10 ], [ "R", 10 ], [ "R", 10 ], [ "R", 15 ], [ "R", 15 ], [ "R", 15 ], [ "R", 15 ], [ "R", 15 ], [ "R", 15 ], [ "W", 10 ], [ "W", 15 ], [ "W", 10 ], [ "R", 10 ], [ "R", 15 ], [ "W", 10 ], [ "W", 15 ], [ "R", 9 ], [ "R", 10 ], [ "W", 10 ], [ "W", 10 ], [ "R", 9 ], [ "R", 9 ], [ "R", 6 ], [ "R", 6 ], [ "R", 6 ], [ "R", 17 ], [ "R", 6 ], [ "R", 10 ], [ "R", 10 ], [ "W", 10 ], [ "R", 10 ], [ "R", 15 ], [ "W", 10 ], [ "W", 15 ], [ "R", 10 ], [ "W", 10 ], [ "R", 10 ], [ "W", 10 ], [ "R", 10 ], [ "W", 10 ], [ "R", 10 ], [ "W", 10 ] ]
    } ]
  },
  "CashOrderCustomerController.edit" : {
    "t" : [ {
      "id" : 0,
      "a" : [ [ "R", 9 ], [ "R", 9 ], [ "R", 1 ], [ "R", 1 ], [ "R", 1 ], [ "R", 17 ], [ "R", 3 ], [ "R", 3 ], [ "R", 3 ], [ "R", 3 ], [ "R", 6 ], [ "R", 9 ], [ "R", 9 ], [ "R", 9 ], [ "R", 3 ], [ "R", 15 ], [ "R", 9 ], [ "R", 13 ], [ "R", 13 ], [ "R", 13 ], [ "R", 15 ], [ "R", 3 ], [ "R", 15 ], [ "R", 9 ], [ "R", 11 ], [ "R", 11 ], [ "R", 11 ], [ "R", 15 ] ]
    } ]
  },
  "RestaurantCustomerController.list" : {
    "t" : [ {
      "id" : 0,
      "a" : [ [ "R", 15 ], [ "R", 15 ], [ "R", 11 ], [ "R", 11 ], [ "R", 11 ], [ "R", 15 ], [ "R", 15 ], [ "R", 15 ] ]
    } ]
  },
  "CustomerController.save" : {
    "t" : [ {
      "id" : 0,
      "a" : [ [ "R", 9 ], [ "W", 9 ], [ "R", 9 ], [ "W", 9 ], [ "W", 5 ], [ "W", 5 ], [ "W", 5 ], [ "W", 5 ], [ "W", 5 ], [ "W", 5 ], [ "R", 5 ], [ "R", 5 ], [ "R", 5 ], [ "W", 6 ], [ "W", 5 ], [ "R", 9 ], [ "R", 1 ], [ "R", 17 ], [ "R", 9 ], [ "W", 9 ], [ "R", 9 ], [ "W", 9 ], [ "R", 1 ], [ "W", 1 ], [ "R", 1 ], [ "W", 1 ], [ "R", 1 ], [ "W", 1 ], [ "R", 1 ], [ "W", 1 ], [ "R", 1 ], [ "W", 1 ], [ "R", 1 ], [ "W", 1 ], [ "R", 1 ], [ "W", 1 ], [ "R", 6 ], [ "R", 5 ], [ "W", 6 ], [ "W", 5 ], [ "W", 6 ], [ "W", 14 ], [ "W", 6 ], [ "W", 4 ], [ "W", 10 ], [ "W", 10 ], [ "W", 10 ], [ "W", 15 ], [ "W", 10 ], [ "W", 10 ], [ "R", 9 ], [ "R", 10 ], [ "W", 10 ], [ "W", 10 ], [ "R", 9 ], [ "R", 9 ], [ "R", 6 ], [ "R", 6 ], [ "R", 6 ], [ "R", 17 ], [ "R", 6 ], [ "R", 10 ], [ "R", 10 ], [ "W", 10 ], [ "R", 10 ], [ "R", 15 ], [ "W", 10 ], [ "W", 15 ], [ "R", 10 ], [ "W", 10 ], [ "R", 10 ], [ "W", 10 ], [ "R", 10 ], [ "W", 10 ], [ "R", 10 ], [ "W", 10 ], [ "W", 6 ], [ "W", 10 ], [ "W", 17 ], [ "W", 17 ], [ "R", 17 ], [ "W", 1 ], [ "W", 17 ], [ "R", 1 ], [ "R", 17 ], [ "R", 17 ], [ "W", 17 ], [ "R", 1 ], [ "R", 17 ], [ "R", 17 ], [ "W", 17 ], [ "R", 1 ], [ "R", 17 ], [ "R", 17 ], [ "R", 1 ], [ "W", 1 ], [ "R", 1 ], [ "R", 1 ], [ "R", 1 ], [ "R", 9 ], [ "R", 6 ], [ "R", 1 ], [ "R", 17 ], [ "R", 17 ], [ "R", 1 ], [ "R", 17 ], [ "W", 1 ], [ "W", 17 ], [ "R", 1 ], [ "R", 17 ], [ "R", 1 ], [ "R", 17 ], [ "R", 17 ], [ "W", 17 ], [ "W", 1 ], [ "W", 17 ], [ "R", 1 ], [ "R", 17 ], [ "R", 17 ], [ "R", 1 ], [ "R", 17 ], [ "R", 17 ], [ "R", 1 ], [ "R", 17 ], [ "R", 17 ], [ "R", 1 ], [ "R", 17 ], [ "W", 1 ], [ "W", 17 ], [ "R", 1 ], [ "R", 17 ], [ "R", 1 ], [ "R", 17 ], [ "R", 17 ], [ "W", 17 ], [ "R", 9 ], [ "W", 9 ], [ "R", 9 ], [ "W", 9 ], [ "R", 1 ], [ "W", 1 ], [ "R", 1 ], [ "W", 1 ], [ "R", 1 ], [ "W", 1 ], [ "R", 1 ], [ "W", 1 ], [ "R", 1 ], [ "W", 1 ], [ "R", 1 ], [ "W", 1 ], [ "R", 1 ], [ "W", 1 ], [ "R", 6 ], [ "R", 5 ], [ "W", 6 ], [ "W", 5 ], [ "R", 6 ], [ "R", 14 ], [ "W", 6 ], [ "W", 14 ], [ "R", 6 ], [ "R", 10 ], [ "W", 6 ], [ "W", 10 ], [ "R", 6 ], [ "R", 4 ], [ "W", 6 ], [ "W", 4 ], [ "R", 1 ], [ "W", 1 ], [ "R", 1 ], [ "R", 1 ], [ "R", 1 ], [ "R", 1 ], [ "R", 17 ], [ "R", 1 ], [ "R", 17 ], [ "R", 17 ], [ "W", 17 ], [ "R", 1 ], [ "R", 17 ], [ "R", 17 ], [ "R", 5 ], [ "R", 5 ], [ "R", 9 ], [ "R", 9 ], [ "R", 5 ], [ "R", 5 ], [ "R", 5 ], [ "R", 5 ], [ "R", 5 ], [ "R", 5 ], [ "R", 5 ], [ "W", 5 ], [ "W", 6 ], [ "W", 5 ], [ "R", 1 ], [ "R", 1 ], [ "R", 1 ], [ "R", 1 ], [ "R", 17 ], [ "R", 1 ], [ "R", 1 ], [ "R", 1 ], [ "R", 6 ], [ "R", 5 ], [ "R", 1 ], [ "R", 1 ], [ "R", 1 ], [ "R", 1 ], [ "R", 9 ], [ "R", 1 ], [ "R", 1 ], [ "R", 17 ], [ "R", 17 ], [ "R", 1 ], [ "R", 17 ], [ "R", 17 ], [ "R", 1 ], [ "R", 17 ], [ "R", 17 ], [ "R", 1 ], [ "R", 17 ], [ "R", 17 ], [ "R", 9 ], [ "R", 1 ], [ "R", 17 ], [ "R", 17 ], [ "R", 1 ], [ "R", 17 ], [ "W", 17 ], [ "W", 6 ], [ "R", 5 ], [ "R", 5 ], [ "R", 5 ], [ "R", 5 ], [ "R", 5 ], [ "R", 5 ], [ "R", 5 ], [ "R", 9 ], [ "R", 9 ], [ "R", 9 ], [ "W", 5 ] ]
    } ]
  },
  "SocialProfileRestaurantController.delete" : {
    "t" : [ {
      "id" : 0,
      "a" : [ [ "R", 9 ], [ "R", 9 ], [ "R", 9 ], [ "R", 15 ], [ "R", 15 ], [ "R", 15 ], [ "R", 17 ], [ "W", 16 ], [ "W", 15 ], [ "R", 9 ], [ "R", 16 ], [ "R", 9 ], [ "W", 9 ], [ "R", 9 ], [ "W", 9 ], [ "R", 16 ], [ "W", 16 ], [ "R", 16 ], [ "W", 16 ], [ "R", 16 ], [ "W", 16 ], [ "R", 16 ], [ "R", 15 ], [ "W", 16 ], [ "W", 15 ], [ "R", 9 ], [ "R", 17 ], [ "R", 16 ], [ "R", 15 ], [ "R", 9 ], [ "R", 15 ], [ "R", 15 ], [ "R", 15 ], [ "R", 17 ], [ "R", 9 ], [ "R", 9 ], [ "R", 9 ], [ "W", 16 ] ]
    } ]
  },
  "FinderCustomerController.show" : {
    "t" : [ {
      "id" : 0,
      "a" : [ [ "R", 9 ], [ "R", 9 ], [ "R", 6 ], [ "R", 6 ], [ "R", 6 ], [ "R", 17 ], [ "R", 6 ], [ "R", 10 ], [ "R", 10 ], [ "R", 15 ], [ "R", 7 ], [ "R", 7 ] ]
    } ]
  },
  "FoodDishController.list" : {
    "t" : [ {
      "id" : 0,
      "a" : [ [ "R", 11 ], [ "R", 11 ], [ "R", 11 ], [ "R", 15 ] ]
    } ]
  },
  "RatingCustomerController.create" : {
    "t" : [ {
      "id" : 0,
      "a" : [ [ "W", 14 ], [ "W", 14 ], [ "W", 14 ], [ "W", 15 ], [ "R", 9 ], [ "R", 9 ], [ "R", 6 ], [ "R", 6 ], [ "R", 6 ], [ "R", 17 ], [ "R", 9 ], [ "R", 3 ], [ "R", 3 ], [ "R", 15 ], [ "R", 3 ], [ "R", 6 ], [ "R", 3 ], [ "R", 3 ], [ "R", 3 ], [ "R", 9 ], [ "R", 9 ], [ "R", 6 ], [ "R", 6 ], [ "R", 6 ], [ "R", 17 ], [ "R", 9 ], [ "R", 14 ], [ "R", 14 ], [ "R", 15 ], [ "R", 14 ], [ "R", 6 ] ]
    } ]
  },
  "AdministratorController.dashboard" : {
    "t" : [ {
      "id" : 0,
      "a" : [ [ "R", 15 ], [ "R", 15 ], [ "R", 15 ], [ "R", 15 ], [ "R", 15 ], [ "R", 15 ], [ "R", 15 ], [ "R", 15 ], [ "R", 15 ], [ "R", 15 ], [ "R", 6 ], [ "R", 6 ], [ "R", 3 ], [ "R", 3 ], [ "R", 3 ], [ "R", 6 ], [ "R", 6 ], [ "R", 6 ], [ "R", 3 ], [ "R", 3 ], [ "R", 3 ], [ "R", 6 ], [ "R", 6 ], [ "R", 10 ], [ "R", 10 ], [ "R", 15 ], [ "R", 10 ], [ "R", 15 ], [ "R", 10 ], [ "R", 15 ], [ "R", 10 ], [ "R", 15 ], [ "R", 10 ], [ "R", 15 ], [ "R", 10 ], [ "R", 10 ], [ "R", 15 ], [ "R", 10 ], [ "R", 15 ], [ "R", 15 ], [ "R", 3 ], [ "R", 3 ], [ "R", 15 ], [ "R", 3 ], [ "R", 3 ], [ "R", 15 ], [ "R", 15 ], [ "R", 3 ], [ "R", 3 ], [ "R", 15 ], [ "R", 3 ], [ "R", 3 ], [ "R", 15 ], [ "R", 15 ], [ "R", 3 ], [ "R", 3 ], [ "R", 15 ], [ "R", 3 ], [ "R", 3 ], [ "R", 15 ], [ "R", 15 ], [ "R", 3 ], [ "R", 3 ], [ "R", 15 ], [ "R", 3 ], [ "R", 3 ], [ "R", 15 ], [ "R", 15 ], [ "R", 3 ], [ "R", 3 ], [ "R", 15 ], [ "R", 3 ], [ "R", 3 ], [ "R", 15 ], [ "R", 15 ], [ "R", 15 ], [ "R", 3 ], [ "R", 3 ], [ "R", 15 ], [ "R", 3 ], [ "R", 3 ], [ "R", 15 ], [ "R", 15 ], [ "R", 3 ], [ "R", 3 ], [ "R", 15 ], [ "R", 3 ], [ "R", 3 ], [ "R", 15 ], [ "R", 15 ], [ "R", 6 ], [ "R", 3 ], [ "R", 3 ], [ "R", 6 ], [ "R", 3 ], [ "R", 3 ], [ "R", 6 ], [ "R", 6 ], [ "R", 3 ], [ "R", 3 ], [ "R", 6 ], [ "R", 3 ], [ "R", 3 ], [ "R", 6 ], [ "R", 6 ], [ "R", 3 ], [ "R", 3 ], [ "R", 6 ], [ "R", 3 ], [ "R", 3 ], [ "R", 6 ], [ "R", 6 ], [ "R", 3 ], [ "R", 3 ], [ "R", 6 ], [ "R", 3 ], [ "R", 3 ], [ "R", 6 ], [ "R", 6 ], [ "R", 3 ], [ "R", 3 ], [ "R", 6 ], [ "R", 3 ], [ "R", 3 ], [ "R", 6 ], [ "R", 6 ], [ "R", 6 ], [ "R", 3 ], [ "R", 3 ], [ "R", 6 ], [ "R", 3 ], [ "R", 3 ], [ "R", 6 ], [ "R", 6 ], [ "R", 3 ], [ "R", 3 ], [ "R", 6 ], [ "R", 3 ], [ "R", 3 ], [ "R", 6 ], [ "R", 6 ], [ "R", 15 ], [ "R", 15 ], [ "R", 15 ], [ "R", 15 ], [ "R", 4 ], [ "R", 4 ], [ "R", 4 ], [ "R", 3 ], [ "R", 15 ], [ "R", 15 ], [ "R", 15 ], [ "R", 15 ], [ "R", 13 ], [ "R", 13 ], [ "R", 13 ], [ "R", 15 ], [ "R", 15 ], [ "R", 15 ], [ "R", 13 ], [ "R", 13 ], [ "R", 13 ], [ "R", 15 ], [ "R", 15 ], [ "R", 3 ], [ "R", 15 ], [ "R", 15 ] ]
    } ]
  },
  "NotificationActorController.list" : {
    "t" : [ {
      "id" : 0,
      "a" : [ [ "R", 12 ] ]
    } ]
  },
  "RestaurantAdministratorController.list2" : {
    "t" : [ {
      "id" : 0,
      "a" : [ [ "R", 15 ], [ "R", 15 ], [ "R", 15 ], [ "R", 15 ] ]
    } ]
  },
  "DealerRestaurantController.list" : {
    "t" : [ {
      "id" : 0,
      "a" : [ [ "R", 9 ], [ "R", 9 ], [ "R", 8 ], [ "R", 8 ], [ "R", 8 ], [ "R", 15 ], [ "R", 17 ] ]
    } ]
  },
  "RatingRestaurantController.list" : {
    "t" : [ {
      "id" : 0,
      "a" : [ [ "R", 9 ], [ "R", 9 ], [ "R", 15 ], [ "R", 15 ], [ "R", 15 ], [ "R", 17 ], [ "R", 15 ], [ "R", 14 ] ]
    } ]
  },
  "ProfileController.editHacker" : {
    "t" : [ {
      "id" : 0,
      "a" : [ [ "R", 9 ], [ "W", 9 ], [ "R", 9 ], [ "W", 9 ], [ "W", 5 ], [ "W", 5 ], [ "W", 5 ], [ "W", 5 ], [ "W", 5 ], [ "W", 5 ], [ "R", 5 ], [ "R", 5 ], [ "R", 5 ], [ "W", 6 ], [ "W", 5 ], [ "R", 9 ], [ "R", 1 ], [ "R", 17 ], [ "R", 9 ], [ "W", 9 ], [ "R", 9 ], [ "W", 9 ], [ "R", 1 ], [ "W", 1 ], [ "R", 1 ], [ "W", 1 ], [ "R", 1 ], [ "W", 1 ], [ "R", 1 ], [ "W", 1 ], [ "R", 1 ], [ "W", 1 ], [ "R", 1 ], [ "W", 1 ], [ "R", 1 ], [ "W", 1 ], [ "R", 6 ], [ "R", 5 ], [ "W", 6 ], [ "W", 5 ], [ "W", 6 ], [ "W", 14 ], [ "W", 6 ], [ "W", 4 ], [ "W", 10 ], [ "W", 10 ], [ "W", 10 ], [ "W", 15 ], [ "W", 10 ], [ "W", 10 ], [ "R", 9 ], [ "R", 10 ], [ "W", 10 ], [ "W", 10 ], [ "R", 9 ], [ "R", 9 ], [ "R", 6 ], [ "R", 6 ], [ "R", 6 ], [ "R", 17 ], [ "R", 6 ], [ "R", 10 ], [ "R", 10 ], [ "W", 10 ], [ "R", 10 ], [ "R", 15 ], [ "W", 10 ], [ "W", 15 ], [ "R", 10 ], [ "W", 10 ], [ "R", 10 ], [ "W", 10 ], [ "R", 10 ], [ "W", 10 ], [ "R", 10 ], [ "W", 10 ], [ "W", 6 ], [ "W", 10 ], [ "W", 17 ], [ "W", 17 ], [ "R", 17 ], [ "W", 1 ], [ "W", 17 ], [ "R", 1 ], [ "R", 17 ], [ "R", 17 ], [ "W", 17 ], [ "R", 1 ], [ "R", 17 ], [ "R", 17 ], [ "W", 17 ], [ "R", 1 ], [ "R", 17 ], [ "R", 17 ], [ "R", 1 ], [ "W", 1 ], [ "R", 1 ], [ "R", 1 ], [ "R", 1 ], [ "R", 9 ], [ "R", 6 ], [ "R", 1 ], [ "R", 17 ], [ "R", 17 ], [ "R", 1 ], [ "R", 17 ], [ "W", 1 ], [ "W", 17 ], [ "R", 1 ], [ "R", 17 ], [ "R", 1 ], [ "R", 17 ], [ "R", 17 ], [ "W", 17 ], [ "W", 1 ], [ "W", 17 ], [ "R", 1 ], [ "R", 17 ], [ "R", 17 ], [ "R", 1 ], [ "R", 17 ], [ "R", 17 ], [ "R", 1 ], [ "R", 17 ], [ "R", 17 ], [ "R", 1 ], [ "R", 17 ], [ "W", 1 ], [ "W", 17 ], [ "R", 1 ], [ "R", 17 ], [ "R", 1 ], [ "R", 17 ], [ "R", 17 ], [ "W", 17 ], [ "R", 9 ], [ "W", 9 ], [ "R", 9 ], [ "W", 9 ], [ "R", 1 ], [ "W", 1 ], [ "R", 1 ], [ "W", 1 ], [ "R", 1 ], [ "W", 1 ], [ "R", 1 ], [ "W", 1 ], [ "R", 1 ], [ "W", 1 ], [ "R", 1 ], [ "W", 1 ], [ "R", 1 ], [ "W", 1 ], [ "R", 6 ], [ "R", 5 ], [ "W", 6 ], [ "W", 5 ], [ "R", 6 ], [ "R", 14 ], [ "W", 6 ], [ "W", 14 ], [ "R", 6 ], [ "R", 10 ], [ "W", 6 ], [ "W", 10 ], [ "R", 6 ], [ "R", 4 ], [ "W", 6 ], [ "W", 4 ], [ "R", 1 ], [ "W", 1 ], [ "R", 1 ], [ "R", 1 ], [ "R", 1 ], [ "R", 1 ], [ "R", 17 ], [ "R", 1 ], [ "R", 17 ], [ "R", 17 ], [ "W", 17 ], [ "R", 5 ], [ "R", 5 ], [ "R", 9 ], [ "R", 9 ], [ "R", 5 ], [ "R", 5 ], [ "R", 5 ], [ "R", 5 ], [ "R", 5 ], [ "R", 5 ], [ "R", 5 ], [ "W", 5 ], [ "W", 6 ], [ "W", 5 ], [ "R", 1 ], [ "R", 1 ], [ "R", 1 ], [ "R", 1 ], [ "R", 17 ], [ "R", 1 ], [ "R", 1 ], [ "R", 1 ], [ "R", 6 ], [ "R", 5 ], [ "R", 1 ], [ "R", 1 ], [ "R", 1 ], [ "R", 1 ], [ "R", 9 ], [ "R", 1 ], [ "R", 1 ], [ "R", 17 ], [ "R", 17 ], [ "R", 1 ], [ "R", 17 ], [ "R", 17 ], [ "R", 1 ], [ "R", 17 ], [ "R", 17 ], [ "R", 1 ], [ "R", 17 ], [ "R", 17 ], [ "R", 9 ], [ "R", 1 ], [ "R", 17 ], [ "R", 17 ], [ "R", 1 ], [ "R", 17 ], [ "W", 17 ], [ "W", 6 ] ]
    } ]
  },
  "RestaurantController.list" : {
    "t" : [ {
      "id" : 0,
      "a" : [ [ "R", 15 ] ]
    } ]
  },
  "FoodDishesRestaurantController.delete" : {
    "t" : [ {
      "id" : 0,
      "a" : [ [ "R", 9 ], [ "R", 9 ], [ "R", 9 ], [ "R", 1 ], [ "R", 1 ], [ "R", 1 ], [ "R", 17 ], [ "W", 11 ], [ "W", 15 ], [ "R", 9 ], [ "R", 11 ], [ "R", 11 ], [ "R", 15 ], [ "W", 11 ], [ "W", 15 ], [ "R", 9 ], [ "W", 9 ], [ "R", 9 ], [ "W", 9 ], [ "R", 11 ], [ "W", 11 ], [ "R", 11 ], [ "W", 11 ], [ "R", 11 ], [ "W", 11 ], [ "R", 11 ], [ "W", 11 ], [ "R", 11 ], [ "W", 11 ], [ "R", 11 ], [ "W", 11 ], [ "R", 9 ], [ "R", 9 ], [ "R", 1 ], [ "R", 1 ], [ "R", 1 ], [ "R", 17 ], [ "R", 11 ], [ "R", 15 ], [ "R", 9 ], [ "R", 9 ], [ "R", 9 ], [ "W", 11 ] ]
    } ]
  },
  "NotificationAdministratorController.create" : {
    "t" : [ {
      "id" : 0,
      "a" : [ [ "W", 12 ], [ "W", 12 ] ]
    } ]
  },
  "DealerRestaurantController.edit" : {
    "t" : [ {
      "id" : 0,
      "a" : [ [ "R", 8 ], [ "R", 8 ], [ "R", 15 ], [ "R", 9 ], [ "R", 9 ], [ "R", 15 ], [ "R", 15 ], [ "R", 15 ], [ "R", 17 ], [ "R", 9 ], [ "R", 9 ], [ "R", 9 ], [ "R", 9 ], [ "W", 9 ], [ "R", 9 ], [ "W", 9 ], [ "R", 1 ], [ "W", 1 ], [ "R", 1 ], [ "W", 1 ], [ "R", 1 ], [ "W", 1 ], [ "R", 1 ], [ "W", 1 ], [ "R", 1 ], [ "W", 1 ], [ "R", 1 ], [ "W", 1 ], [ "R", 1 ], [ "W", 1 ], [ "R", 1 ], [ "R", 17 ], [ "R", 17 ], [ "W", 17 ], [ "R", 1 ], [ "R", 17 ], [ "R", 17 ], [ "W", 17 ], [ "R", 1 ], [ "R", 17 ], [ "R", 17 ], [ "W", 17 ], [ "W", 1 ], [ "W", 17 ] ]
    } ]
  },
  "OfferCustomerController.showOffersCustomer" : {
    "t" : [ {
      "id" : 0,
      "a" : [ [ "R", 13 ], [ "R", 13 ], [ "R", 11 ], [ "R", 15 ] ]
    } ]
  },
  "ProfileController.editProvider" : {
    "t" : [ {
      "id" : 0,
      "a" : [ [ "R", 9 ], [ "R", 1 ], [ "R", 17 ], [ "R", 9 ], [ "W", 9 ], [ "R", 9 ], [ "W", 9 ], [ "R", 1 ], [ "W", 1 ], [ "R", 1 ], [ "W", 1 ], [ "R", 1 ], [ "W", 1 ], [ "R", 1 ], [ "W", 1 ], [ "R", 1 ], [ "W", 1 ], [ "R", 1 ], [ "W", 1 ], [ "R", 1 ], [ "W", 1 ], [ "W", 15 ], [ "W", 14 ], [ "W", 15 ], [ "W", 15 ], [ "W", 15 ], [ "W", 15 ], [ "W", 15 ], [ "W", 17 ], [ "W", 17 ], [ "R", 17 ], [ "W", 1 ], [ "W", 17 ], [ "R", 1 ], [ "R", 17 ], [ "R", 17 ], [ "W", 17 ], [ "R", 1 ], [ "R", 17 ], [ "R", 17 ], [ "W", 17 ], [ "R", 1 ], [ "R", 17 ], [ "R", 17 ], [ "R", 1 ], [ "W", 1 ], [ "R", 1 ], [ "R", 1 ], [ "R", 1 ], [ "R", 9 ], [ "R", 15 ], [ "R", 1 ], [ "R", 17 ], [ "R", 17 ], [ "R", 1 ], [ "R", 17 ], [ "W", 1 ], [ "W", 17 ], [ "R", 1 ], [ "R", 17 ], [ "R", 1 ], [ "R", 17 ], [ "R", 17 ], [ "W", 17 ], [ "W", 1 ], [ "W", 17 ], [ "R", 1 ], [ "R", 17 ], [ "R", 17 ], [ "R", 1 ], [ "R", 17 ], [ "R", 17 ], [ "R", 1 ], [ "R", 17 ], [ "R", 17 ], [ "R", 1 ], [ "R", 17 ], [ "W", 1 ], [ "W", 17 ], [ "R", 1 ], [ "R", 17 ], [ "R", 1 ], [ "R", 17 ], [ "R", 17 ], [ "W", 17 ], [ "R", 9 ], [ "W", 9 ], [ "R", 9 ], [ "W", 9 ], [ "R", 1 ], [ "W", 1 ], [ "R", 1 ], [ "W", 1 ], [ "R", 1 ], [ "W", 1 ], [ "R", 1 ], [ "W", 1 ], [ "R", 1 ], [ "W", 1 ], [ "R", 1 ], [ "W", 1 ], [ "R", 1 ], [ "W", 1 ], [ "R", 15 ], [ "R", 14 ], [ "W", 15 ], [ "W", 14 ], [ "W", 15 ], [ "W", 15 ], [ "R", 15 ], [ "W", 15 ], [ "R", 15 ], [ "W", 15 ], [ "W", 15 ], [ "R", 1 ], [ "W", 1 ], [ "R", 1 ], [ "R", 1 ], [ "R", 1 ], [ "R", 1 ], [ "R", 17 ], [ "R", 1 ], [ "R", 17 ], [ "R", 17 ], [ "W", 17 ], [ "R", 15 ], [ "R", 15 ], [ "R", 15 ], [ "R", 15 ], [ "R", 1 ], [ "R", 1 ], [ "R", 1 ], [ "R", 1 ], [ "R", 17 ], [ "R", 1 ], [ "R", 1 ], [ "R", 1 ], [ "R", 1 ], [ "R", 1 ], [ "R", 1 ], [ "R", 1 ], [ "R", 9 ], [ "R", 1 ], [ "R", 1 ], [ "R", 17 ], [ "R", 17 ], [ "R", 1 ], [ "R", 17 ], [ "R", 17 ], [ "R", 1 ], [ "R", 17 ], [ "R", 17 ], [ "R", 1 ], [ "R", 17 ], [ "R", 17 ], [ "R", 9 ], [ "R", 1 ], [ "R", 17 ], [ "R", 17 ], [ "R", 1 ], [ "R", 17 ], [ "W", 17 ], [ "W", 15 ] ]
    } ]
  },
  "ProfileController.action2" : {
    "t" : [ {
      "id" : 0,
      "a" : [ [ "R", 9 ], [ "R", 9 ], [ "R", 1 ], [ "R", 1 ], [ "R", 1 ], [ "R", 17 ], [ "R", 17 ], [ "R", 9 ], [ "R", 6 ], [ "R", 6 ], [ "R", 6 ], [ "R", 17 ], [ "R", 6 ], [ "R", 5 ] ]
    } ]
  },
  "RestaurantAdministratorController.editRestaurant" : {
    "t" : [ {
      "id" : 0,
      "a" : [ [ "R", 9 ], [ "W", 17 ], [ "W", 17 ], [ "R", 17 ], [ "W", 1 ], [ "W", 17 ], [ "R", 1 ], [ "R", 17 ], [ "R", 17 ], [ "W", 17 ], [ "R", 1 ], [ "R", 17 ], [ "R", 17 ], [ "W", 17 ], [ "R", 9 ], [ "R", 15 ], [ "R", 9 ], [ "W", 9 ], [ "R", 9 ], [ "W", 9 ], [ "R", 1 ], [ "W", 1 ], [ "R", 1 ], [ "W", 1 ], [ "R", 1 ], [ "W", 1 ], [ "R", 1 ], [ "W", 1 ], [ "R", 1 ], [ "W", 1 ], [ "R", 1 ], [ "W", 1 ], [ "R", 1 ], [ "W", 1 ], [ "R", 1 ], [ "R", 17 ], [ "W", 1 ], [ "W", 17 ], [ "R", 15 ], [ "R", 14 ], [ "W", 15 ], [ "W", 14 ], [ "R", 15 ], [ "W", 15 ], [ "R", 15 ], [ "W", 15 ], [ "R", 15 ], [ "W", 15 ], [ "R", 15 ], [ "W", 15 ], [ "R", 15 ], [ "W", 15 ], [ "R", 15 ], [ "R", 1 ], [ "R", 17 ], [ "W", 17 ], [ "R", 15 ], [ "R", 1 ], [ "R", 17 ], [ "W", 17 ], [ "R", 15 ], [ "R", 15 ], [ "R", 15 ], [ "R", 15 ], [ "R", 1 ], [ "R", 1 ], [ "R", 1 ], [ "R", 1 ], [ "R", 17 ], [ "R", 1 ], [ "R", 1 ], [ "R", 1 ], [ "R", 1 ], [ "R", 1 ], [ "R", 1 ], [ "R", 1 ], [ "R", 9 ], [ "R", 1 ], [ "R", 1 ], [ "R", 17 ], [ "R", 17 ], [ "R", 1 ], [ "R", 17 ], [ "R", 17 ], [ "R", 1 ], [ "R", 17 ], [ "R", 17 ], [ "R", 1 ], [ "R", 17 ], [ "R", 17 ], [ "R", 9 ], [ "R", 1 ], [ "R", 17 ], [ "R", 17 ], [ "R", 1 ], [ "R", 17 ], [ "W", 17 ], [ "W", 15 ] ]
    } ]
  },
  "ComplainCustomerController.list" : {
    "t" : [ {
      "id" : 0,
      "a" : [ [ "R", 9 ], [ "R", 9 ], [ "R", 6 ], [ "R", 6 ], [ "R", 6 ], [ "R", 17 ], [ "R", 9 ], [ "R", 4 ], [ "R", 4 ], [ "R", 4 ], [ "R", 6 ] ]
    } ]
  },
  "RatingCustomerController.list" : {
    "t" : [ {
      "id" : 0,
      "a" : [ [ "R", 9 ], [ "R", 9 ], [ "R", 6 ], [ "R", 6 ], [ "R", 6 ], [ "R", 17 ], [ "R", 9 ], [ "R", 14 ], [ "R", 14 ], [ "R", 14 ], [ "R", 6 ] ]
    } ]
  },
  "CashOrderCustomerController.create" : {
    "t" : [ {
      "id" : 0,
      "a" : [ [ "W", 3 ], [ "W", 3 ], [ "W", 3 ], [ "W", 3 ], [ "W", 3 ], [ "W", 3 ], [ "W", 3 ], [ "W", 3 ], [ "W", 6 ], [ "W", 3 ], [ "W", 15 ], [ "W", 3 ], [ "W", 8 ], [ "W", 3 ], [ "W", 11 ], [ "W", 3 ], [ "W", 13 ], [ "W", 3 ], [ "W", 3 ], [ "W", 4 ], [ "R", 15 ], [ "R", 9 ], [ "R", 11 ], [ "R", 11 ], [ "R", 11 ], [ "R", 15 ], [ "R", 13 ], [ "R", 13 ], [ "R", 13 ], [ "R", 15 ], [ "W", 3 ], [ "W", 15 ] ]
    } ]
  },
  "RestaurantController.createForm" : {
    "t" : [ {
      "id" : 0,
      "a" : [ [ "W", 1 ], [ "W", 1 ], [ "W", 1 ], [ "W", 1 ], [ "W", 1 ], [ "W", 1 ], [ "W", 1 ], [ "W", 17 ], [ "W", 17 ], [ "R", 17 ], [ "W", 17 ], [ "W", 17 ], [ "W", 1 ], [ "W", 17 ], [ "R", 7 ], [ "R", 7 ], [ "W", 1 ] ]
    } ]
  },
  "FoodDishesRestaurantController.list" : {
    "t" : [ {
      "id" : 0,
      "a" : [ [ "R", 9 ], [ "R", 9 ], [ "R", 1 ], [ "R", 1 ], [ "R", 1 ], [ "R", 17 ], [ "R", 9 ], [ "R", 11 ], [ "R", 11 ], [ "R", 11 ], [ "R", 15 ] ]
    } ]
  },
  "CustomizableSystemAdministratorController.edit" : {
    "t" : [ {
      "id" : 0,
      "a" : [ [ "R", 9 ], [ "R", 9 ], [ "R", 1 ], [ "R", 1 ], [ "R", 1 ], [ "R", 17 ], [ "R", 1 ], [ "R", 17 ], [ "R", 17 ], [ "R", 7 ], [ "R", 7 ], [ "R", 7 ], [ "R", 7 ], [ "R", 7 ], [ "R", 7 ], [ "R", 7 ], [ "R", 7 ], [ "R", 7 ], [ "R", 7 ], [ "R", 7 ], [ "R", 7 ], [ "R", 7 ], [ "R", 7 ], [ "R", 7 ], [ "R", 9 ], [ "R", 7 ], [ "R", 7 ], [ "R", 7 ], [ "W", 12 ], [ "W", 12 ], [ "W", 12 ], [ "R", 7 ], [ "R", 7 ], [ "R", 7 ], [ "R", 7 ], [ "W", 12 ], [ "R", 9 ], [ "R", 17 ], [ "R", 12 ], [ "R", 12 ], [ "R", 12 ], [ "R", 12 ], [ "W", 12 ], [ "W", 7 ] ]
    } ]
  },
  "SocialProfileRestaurantController.create" : {
    "t" : [ {
      "id" : 0,
      "a" : [ [ "R", 9 ], [ "R", 9 ], [ "R", 1 ], [ "R", 1 ], [ "R", 1 ], [ "R", 17 ], [ "R", 1 ], [ "R", 17 ], [ "W", 16 ], [ "W", 16 ], [ "W", 16 ], [ "R", 9 ], [ "R", 15 ], [ "R", 15 ], [ "R", 15 ], [ "R", 17 ], [ "W", 16 ], [ "W", 15 ] ]
    } ]
  },
  "RatingCustomerController.edit" : {
    "t" : [ {
      "id" : 0,
      "a" : [ [ "R", 14 ] ]
    } ]
  },
  "WelcomeController.index" : {
    "t" : [ {
      "id" : 0,
      "a" : [ [ "R", 7 ], [ "R", 7 ], [ "R", 7 ], [ "R", 7 ], [ "R", 7 ], [ "R", 7 ], [ "R", 7 ], [ "R", 7 ] ]
    } ]
  },
  "ComplainCustomerController.create" : {
    "t" : [ {
      "id" : 0,
      "a" : [ [ "R", 9 ], [ "R", 9 ], [ "R", 1 ], [ "R", 1 ], [ "R", 1 ], [ "R", 17 ], [ "R", 1 ], [ "R", 17 ], [ "W", 4 ], [ "R", 9 ], [ "R", 6 ], [ "R", 6 ], [ "R", 6 ], [ "R", 17 ], [ "W", 4 ], [ "W", 6 ], [ "W", 4 ], [ "W", 3 ], [ "R", 3 ], [ "R", 3 ], [ "R", 3 ], [ "R", 3 ] ]
    } ]
  },
  "OfferRestaurantController.showOfferSinAutenticar" : {
    "t" : [ {
      "id" : 0,
      "a" : [ [ "R", 13 ], [ "R", 13 ], [ "R", 11 ], [ "R", 15 ] ]
    } ]
  },
  "CustomizableSystemAdministratorController.show" : {
    "t" : [ {
      "id" : 0,
      "a" : [ [ "R", 7 ] ]
    } ]
  },
  "CashOrderCustomerController.show" : {
    "t" : [ {
      "id" : 0,
      "a" : [ [ "R", 9 ], [ "R", 9 ], [ "R", 1 ], [ "R", 1 ], [ "R", 1 ], [ "R", 17 ], [ "R", 3 ], [ "R", 3 ], [ "R", 6 ], [ "R", 9 ], [ "R", 9 ], [ "R", 9 ] ]
    } ]
  },
  "RestaurantController.save" : {
    "t" : [ {
      "id" : 0,
      "a" : [ [ "R", 9 ], [ "R", 1 ], [ "R", 17 ], [ "R", 9 ], [ "W", 9 ], [ "R", 9 ], [ "W", 9 ], [ "R", 1 ], [ "W", 1 ], [ "R", 1 ], [ "W", 1 ], [ "R", 1 ], [ "W", 1 ], [ "R", 1 ], [ "W", 1 ], [ "R", 1 ], [ "W", 1 ], [ "R", 1 ], [ "W", 1 ], [ "R", 1 ], [ "W", 1 ], [ "W", 15 ], [ "W", 14 ], [ "W", 15 ], [ "W", 15 ], [ "W", 15 ], [ "W", 15 ], [ "W", 15 ], [ "W", 17 ], [ "W", 17 ], [ "R", 17 ], [ "W", 1 ], [ "W", 17 ], [ "R", 1 ], [ "R", 17 ], [ "R", 17 ], [ "W", 17 ], [ "R", 1 ], [ "R", 17 ], [ "R", 17 ], [ "W", 17 ], [ "R", 1 ], [ "R", 17 ], [ "R", 17 ], [ "R", 1 ], [ "W", 1 ], [ "R", 1 ], [ "R", 1 ], [ "R", 1 ], [ "R", 9 ], [ "R", 15 ], [ "R", 1 ], [ "R", 17 ], [ "R", 17 ], [ "R", 1 ], [ "R", 17 ], [ "W", 1 ], [ "W", 17 ], [ "R", 1 ], [ "R", 17 ], [ "R", 1 ], [ "R", 17 ], [ "R", 17 ], [ "W", 17 ], [ "W", 1 ], [ "W", 17 ], [ "R", 1 ], [ "R", 17 ], [ "R", 17 ], [ "R", 1 ], [ "R", 17 ], [ "R", 17 ], [ "R", 1 ], [ "R", 17 ], [ "R", 17 ], [ "R", 1 ], [ "R", 17 ], [ "W", 1 ], [ "W", 17 ], [ "R", 1 ], [ "R", 17 ], [ "R", 1 ], [ "R", 17 ], [ "R", 17 ], [ "W", 17 ], [ "R", 9 ], [ "W", 9 ], [ "R", 9 ], [ "W", 9 ], [ "R", 1 ], [ "W", 1 ], [ "R", 1 ], [ "W", 1 ], [ "R", 1 ], [ "W", 1 ], [ "R", 1 ], [ "W", 1 ], [ "R", 1 ], [ "W", 1 ], [ "R", 1 ], [ "W", 1 ], [ "R", 1 ], [ "W", 1 ], [ "R", 15 ], [ "R", 14 ], [ "W", 15 ], [ "W", 14 ], [ "W", 15 ], [ "W", 15 ], [ "R", 15 ], [ "W", 15 ], [ "R", 15 ], [ "W", 15 ], [ "W", 15 ], [ "R", 1 ], [ "W", 1 ], [ "R", 1 ], [ "R", 1 ], [ "R", 1 ], [ "R", 1 ], [ "R", 17 ], [ "R", 1 ], [ "R", 17 ], [ "R", 17 ], [ "W", 17 ], [ "R", 1 ], [ "R", 17 ], [ "R", 17 ], [ "R", 15 ], [ "R", 15 ], [ "R", 15 ], [ "R", 15 ], [ "R", 1 ], [ "R", 1 ], [ "R", 1 ], [ "R", 1 ], [ "R", 17 ], [ "R", 1 ], [ "R", 1 ], [ "R", 1 ], [ "R", 1 ], [ "R", 1 ], [ "R", 1 ], [ "R", 1 ], [ "R", 9 ], [ "R", 1 ], [ "R", 1 ], [ "R", 17 ], [ "R", 17 ], [ "R", 1 ], [ "R", 17 ], [ "R", 17 ], [ "R", 1 ], [ "R", 17 ], [ "R", 17 ], [ "R", 1 ], [ "R", 17 ], [ "R", 17 ], [ "R", 9 ], [ "R", 1 ], [ "R", 17 ], [ "R", 17 ], [ "R", 1 ], [ "R", 17 ], [ "W", 17 ], [ "W", 15 ] ]
    } ]
  },
  "OfferRestaurantController.create" : {
    "t" : [ {
      "id" : 0,
      "a" : [ [ "R", 9 ], [ "R", 9 ], [ "R", 15 ], [ "R", 15 ], [ "R", 15 ], [ "R", 17 ], [ "R", 9 ], [ "R", 11 ], [ "R", 11 ], [ "R", 11 ], [ "R", 15 ], [ "R", 9 ], [ "R", 9 ], [ "R", 1 ], [ "R", 1 ], [ "R", 1 ], [ "R", 17 ], [ "R", 1 ], [ "R", 17 ], [ "W", 13 ], [ "W", 13 ], [ "R", 9 ], [ "R", 15 ], [ "R", 15 ], [ "R", 15 ], [ "R", 17 ], [ "W", 13 ], [ "W", 15 ], [ "W", 13 ], [ "W", 11 ] ]
    } ]
  },
  "OfferRestaurantController.show" : {
    "t" : [ {
      "id" : 0,
      "a" : [ [ "R", 13 ], [ "R", 9 ], [ "R", 9 ], [ "R", 15 ], [ "R", 15 ], [ "R", 15 ], [ "R", 17 ], [ "R", 17 ], [ "R", 13 ], [ "R", 15 ], [ "R", 13 ], [ "R", 11 ] ]
    } ]
  },
  "ComplainCustomerController.delete" : {
    "t" : [ {
      "id" : 0,
      "a" : [ [ "R", 9 ], [ "R", 9 ], [ "R", 9 ], [ "R", 6 ], [ "R", 6 ], [ "R", 6 ], [ "R", 17 ], [ "W", 4 ], [ "W", 6 ], [ "R", 9 ], [ "R", 4 ], [ "R", 9 ], [ "W", 9 ], [ "R", 9 ], [ "W", 9 ], [ "R", 4 ], [ "W", 4 ], [ "R", 4 ], [ "R", 6 ], [ "W", 4 ], [ "W", 6 ], [ "R", 4 ], [ "R", 3 ], [ "W", 4 ], [ "W", 3 ], [ "R", 9 ], [ "R", 17 ], [ "R", 4 ], [ "R", 6 ], [ "R", 9 ], [ "R", 6 ], [ "R", 6 ], [ "R", 6 ], [ "R", 17 ], [ "R", 9 ], [ "R", 9 ], [ "R", 9 ], [ "W", 4 ], [ "R", 3 ], [ "R", 3 ], [ "R", 3 ], [ "R", 3 ], [ "R", 3 ], [ "R", 3 ], [ "R", 3 ], [ "R", 3 ] ]
    } ]
  },
  "CashOrderDealerController.edit" : {
    "t" : [ {
      "id" : 0,
      "a" : [ [ "R", 3 ], [ "R", 3 ], [ "R", 9 ], [ "R", 9 ], [ "R", 1 ], [ "R", 1 ], [ "R", 1 ], [ "R", 17 ], [ "R", 3 ], [ "R", 8 ], [ "R", 9 ], [ "R", 9 ], [ "R", 9 ] ]
    } ]
  },
  "FoodDishesRestaurantController.show" : {
    "t" : [ {
      "id" : 0,
      "a" : [ [ "R", 9 ], [ "R", 9 ], [ "R", 1 ], [ "R", 1 ], [ "R", 1 ], [ "R", 17 ], [ "R", 11 ], [ "R", 11 ], [ "R", 15 ], [ "R", 9 ], [ "R", 9 ], [ "R", 9 ] ]
    } ]
  },
  "RatingCustomerController.show" : {
    "t" : [ {
      "id" : 0,
      "a" : [ [ "R", 14 ] ]
    } ]
  },
  "CashOrderDealerController.list" : {
    "t" : [ {
      "id" : 0,
      "a" : [ [ "R", 9 ], [ "R", 9 ], [ "R", 1 ], [ "R", 1 ], [ "R", 1 ], [ "R", 17 ], [ "R", 8 ], [ "R", 15 ], [ "R", 9 ], [ "R", 3 ], [ "R", 3 ], [ "R", 3 ], [ "R", 15 ], [ "R", 3 ], [ "R", 3 ], [ "R", 3 ], [ "W", 3 ], [ "R", 3 ], [ "W", 3 ], [ "R", 3 ], [ "W", 3 ], [ "W", 3 ], [ "W", 3 ], [ "W", 3 ], [ "W", 3 ], [ "W", 3 ], [ "R", 9 ], [ "R", 3 ], [ "R", 3 ], [ "R", 3 ], [ "R", 8 ], [ "R", 3 ], [ "R", 3 ], [ "R", 3 ] ]
    } ]
  },
  "JSONController.getMyJSONProfile" : {
    "t" : [ {
      "id" : 0,
      "a" : [ [ "R", 9 ], [ "R", 9 ], [ "R", 1 ], [ "R", 1 ], [ "R", 1 ], [ "R", 17 ], [ "R", 6 ], [ "R", 6 ], [ "R", 6 ], [ "R", 17 ], [ "R", 15 ], [ "R", 15 ], [ "R", 15 ], [ "R", 17 ], [ "R", 6 ], [ "R", 6 ], [ "R", 6 ], [ "R", 17 ], [ "R", 6 ], [ "R", 10 ], [ "R", 10 ], [ "R", 15 ], [ "R", 6 ], [ "R", 10 ], [ "W", 10 ], [ "W", 15 ], [ "R", 6 ], [ "R", 14 ], [ "W", 6 ], [ "W", 14 ], [ "R", 6 ], [ "R", 4 ], [ "W", 6 ], [ "W", 4 ], [ "R", 6 ], [ "R", 10 ], [ "W", 10 ], [ "W", 15 ], [ "W", 6 ], [ "W", 14 ], [ "W", 6 ], [ "W", 4 ], [ "R", 15 ], [ "R", 15 ], [ "R", 15 ], [ "R", 17 ], [ "R", 15 ], [ "R", 14 ], [ "W", 15 ], [ "W", 14 ], [ "W", 15 ], [ "W", 14 ] ]
    } ]
  },
  "FinderCustomerController.getInfoRestaurant" : {
    "t" : [ {
      "id" : 0,
      "a" : [ [ "R", 11 ], [ "R", 11 ], [ "R", 11 ], [ "R", 15 ], [ "R", 11 ], [ "R", 11 ] ]
    } ]
  },
  "ProfileController.editAdmin" : {
    "t" : [ {
      "id" : 0,
      "a" : [ [ "R", 9 ], [ "R", 1 ], [ "R", 17 ], [ "R", 9 ], [ "W", 9 ], [ "R", 9 ], [ "W", 9 ], [ "R", 1 ], [ "W", 1 ], [ "R", 1 ], [ "W", 1 ], [ "R", 1 ], [ "W", 1 ], [ "R", 1 ], [ "W", 1 ], [ "R", 1 ], [ "W", 1 ], [ "R", 1 ], [ "W", 1 ], [ "R", 1 ], [ "W", 1 ], [ "W", 17 ], [ "W", 17 ], [ "R", 17 ], [ "W", 1 ], [ "W", 17 ], [ "R", 1 ], [ "R", 17 ], [ "R", 17 ], [ "W", 17 ], [ "R", 1 ], [ "R", 17 ], [ "R", 17 ], [ "W", 17 ], [ "R", 1 ], [ "R", 17 ], [ "R", 17 ], [ "R", 1 ], [ "W", 1 ], [ "R", 1 ], [ "R", 1 ], [ "R", 1 ], [ "R", 1 ], [ "R", 1 ], [ "R", 9 ], [ "R", 2 ], [ "R", 1 ], [ "R", 17 ], [ "R", 17 ], [ "R", 1 ], [ "R", 17 ], [ "W", 1 ], [ "W", 17 ], [ "R", 1 ], [ "R", 17 ], [ "R", 1 ], [ "R", 17 ], [ "R", 17 ], [ "W", 17 ], [ "W", 1 ], [ "W", 17 ], [ "R", 1 ], [ "R", 17 ], [ "R", 17 ], [ "R", 1 ], [ "R", 17 ], [ "R", 17 ], [ "R", 1 ], [ "R", 17 ], [ "R", 17 ], [ "R", 1 ], [ "R", 17 ], [ "W", 1 ], [ "W", 17 ], [ "R", 1 ], [ "R", 17 ], [ "R", 1 ], [ "R", 17 ], [ "R", 17 ], [ "W", 17 ], [ "R", 9 ], [ "W", 9 ], [ "R", 9 ], [ "W", 9 ], [ "R", 1 ], [ "W", 1 ], [ "R", 1 ], [ "W", 1 ], [ "R", 1 ], [ "W", 1 ], [ "R", 1 ], [ "W", 1 ], [ "R", 1 ], [ "W", 1 ], [ "R", 1 ], [ "W", 1 ], [ "R", 1 ], [ "W", 1 ], [ "R", 1 ], [ "W", 1 ], [ "R", 1 ], [ "R", 1 ], [ "R", 1 ], [ "R", 1 ], [ "R", 1 ], [ "R", 1 ], [ "R", 17 ], [ "R", 1 ], [ "R", 17 ], [ "R", 17 ], [ "W", 17 ], [ "R", 9 ], [ "R", 17 ], [ "R", 1 ], [ "R", 1 ], [ "R", 1 ], [ "R", 1 ], [ "R", 1 ], [ "R", 17 ], [ "R", 1 ], [ "R", 1 ], [ "R", 1 ], [ "R", 1 ], [ "R", 1 ], [ "R", 1 ], [ "R", 1 ], [ "R", 1 ], [ "R", 9 ], [ "R", 1 ], [ "R", 1 ], [ "R", 17 ], [ "R", 17 ], [ "R", 1 ], [ "R", 17 ], [ "R", 17 ], [ "R", 1 ], [ "R", 17 ], [ "R", 17 ], [ "R", 1 ], [ "R", 17 ], [ "R", 17 ], [ "R", 9 ], [ "R", 1 ], [ "R", 17 ], [ "R", 17 ], [ "R", 1 ], [ "R", 17 ], [ "W", 17 ], [ "W", 2 ] ]
    } ]
  },
  "FoodDishCustomerController.list" : {
    "t" : [ {
      "id" : 0,
      "a" : [ [ "R", 11 ], [ "R", 11 ], [ "R", 11 ], [ "R", 15 ] ]
    } ]
  },
  "NotificationAdministratorController.edit" : {
    "t" : [ {
      "id" : 0,
      "a" : [ [ "R", 12 ] ]
    } ]
  },
  "RestaurantAdministratorController.list" : {
    "t" : [ {
      "id" : 0,
      "a" : [ [ "R", 15 ], [ "R", 15 ], [ "R", 15 ] ]
    } ]
  },
  "FoodDishesRestaurantController.edit" : {
    "t" : [ {
      "id" : 0,
      "a" : [ [ "R", 9 ], [ "R", 9 ], [ "R", 1 ], [ "R", 1 ], [ "R", 1 ], [ "R", 17 ], [ "R", 11 ], [ "R", 11 ], [ "R", 15 ], [ "R", 9 ], [ "R", 9 ], [ "R", 9 ] ]
    } ]
  },
  "FoodDishController.show" : {
    "t" : [ {
      "id" : 0,
      "a" : [ [ "R", 11 ], [ "R", 11 ], [ "R", 15 ], [ "R", 9 ] ]
    } ]
  },
  "FoodDishCustomerController.getPrice" : {
    "t" : [ {
      "id" : 0,
      "a" : [ [ "R", 11 ], [ "R", 11 ] ]
    } ]
  },
  "OfferCustomerController.listOffersCustomer" : {
    "t" : [ {
      "id" : 0,
      "a" : [ [ "R", 13 ], [ "R", 13 ], [ "R", 13 ], [ "R", 15 ], [ "R", 15 ] ]
    } ]
  },
  "ComplainCustomerController.edit" : {
    "t" : [ {
      "id" : 0,
      "a" : [ [ "R", 4 ], [ "R", 9 ], [ "R", 9 ], [ "R", 6 ], [ "R", 6 ], [ "R", 6 ], [ "R", 17 ], [ "R", 4 ], [ "R", 6 ], [ "R", 17 ], [ "R", 3 ], [ "R", 3 ], [ "R", 3 ], [ "R", 3 ] ]
    } ]
  },
  "AdministratorController.save" : {
    "t" : [ {
      "id" : 0,
      "a" : [ [ "R", 9 ], [ "R", 1 ], [ "R", 17 ], [ "R", 9 ], [ "W", 9 ], [ "R", 9 ], [ "W", 9 ], [ "R", 1 ], [ "W", 1 ], [ "R", 1 ], [ "W", 1 ], [ "R", 1 ], [ "W", 1 ], [ "R", 1 ], [ "W", 1 ], [ "R", 1 ], [ "W", 1 ], [ "R", 1 ], [ "W", 1 ], [ "R", 1 ], [ "W", 1 ], [ "W", 17 ], [ "W", 17 ], [ "R", 17 ], [ "W", 1 ], [ "W", 17 ], [ "R", 1 ], [ "R", 17 ], [ "R", 17 ], [ "W", 17 ], [ "R", 1 ], [ "R", 17 ], [ "R", 17 ], [ "W", 17 ], [ "R", 1 ], [ "R", 17 ], [ "R", 17 ], [ "R", 1 ], [ "W", 1 ], [ "R", 1 ], [ "R", 1 ], [ "R", 1 ], [ "R", 1 ], [ "R", 1 ], [ "R", 9 ], [ "R", 2 ], [ "R", 1 ], [ "R", 17 ], [ "R", 17 ], [ "R", 1 ], [ "R", 17 ], [ "W", 1 ], [ "W", 17 ], [ "R", 1 ], [ "R", 17 ], [ "R", 1 ], [ "R", 17 ], [ "R", 17 ], [ "W", 17 ], [ "W", 1 ], [ "W", 17 ], [ "R", 1 ], [ "R", 17 ], [ "R", 17 ], [ "R", 1 ], [ "R", 17 ], [ "R", 17 ], [ "R", 1 ], [ "R", 17 ], [ "R", 17 ], [ "R", 1 ], [ "R", 17 ], [ "W", 1 ], [ "W", 17 ], [ "R", 1 ], [ "R", 17 ], [ "R", 1 ], [ "R", 17 ], [ "R", 17 ], [ "W", 17 ], [ "R", 9 ], [ "W", 9 ], [ "R", 9 ], [ "W", 9 ], [ "R", 1 ], [ "W", 1 ], [ "R", 1 ], [ "W", 1 ], [ "R", 1 ], [ "W", 1 ], [ "R", 1 ], [ "W", 1 ], [ "R", 1 ], [ "W", 1 ], [ "R", 1 ], [ "W", 1 ], [ "R", 1 ], [ "W", 1 ], [ "R", 1 ], [ "W", 1 ], [ "R", 1 ], [ "R", 1 ], [ "R", 1 ], [ "R", 1 ], [ "R", 1 ], [ "R", 1 ], [ "R", 17 ], [ "R", 1 ], [ "R", 17 ], [ "R", 17 ], [ "W", 17 ], [ "R", 1 ], [ "R", 17 ], [ "R", 17 ], [ "R", 9 ], [ "R", 17 ], [ "R", 1 ], [ "R", 1 ], [ "R", 1 ], [ "R", 1 ], [ "R", 1 ], [ "R", 17 ], [ "R", 1 ], [ "R", 1 ], [ "R", 1 ], [ "R", 1 ], [ "R", 1 ], [ "R", 1 ], [ "R", 1 ], [ "R", 1 ], [ "R", 9 ], [ "R", 1 ], [ "R", 1 ], [ "R", 17 ], [ "R", 17 ], [ "R", 1 ], [ "R", 17 ], [ "R", 17 ], [ "R", 1 ], [ "R", 17 ], [ "R", 17 ], [ "R", 1 ], [ "R", 17 ], [ "R", 17 ], [ "R", 9 ], [ "R", 1 ], [ "R", 17 ], [ "R", 17 ], [ "R", 1 ], [ "R", 17 ], [ "W", 17 ], [ "W", 2 ] ]
    } ]
  }
}