{
  "RouteUserController.delete" : {
    "t" : [ {
      "id" : 0,
      "a" : [ [ "R", 10 ], [ "R", 10 ], [ "R", 15 ], [ "R", 10 ], [ "R", 17 ], [ "R", 15 ], [ "R", 16 ], [ "R", 10 ], [ "R", 10 ], [ "R", 16 ], [ "R", 16 ], [ "R", 16 ], [ "R", 17 ], [ "R", 10 ], [ "R", 10 ], [ "R", 10 ], [ "R", 10 ], [ "R", 11 ], [ "R", 11 ], [ "R", 11 ], [ "R", 15 ], [ "R", 10 ], [ "R", 10 ], [ "R", 11 ], [ "R", 10 ], [ "R", 3 ], [ "R", 3 ], [ "R", 3 ], [ "R", 11 ], [ "R", 10 ], [ "R", 10 ], [ "R", 3 ], [ "R", 10 ], [ "R", 17 ], [ "R", 10 ], [ "R", 4 ], [ "R", 4 ], [ "R", 3 ], [ "R", 4 ], [ "R", 4 ], [ "R", 3 ], [ "R", 4 ], [ "R", 3 ], [ "W", 3 ], [ "R", 14 ], [ "R", 14 ], [ "R", 14 ], [ "R", 11 ], [ "R", 10 ], [ "R", 10 ], [ "R", 14 ], [ "R", 14 ], [ "R", 12 ], [ "R", 12 ], [ "R", 14 ], [ "R", 14 ], [ "R", 12 ], [ "W", 12 ], [ "W", 14 ], [ "W", 12 ], [ "W", 14 ], [ "W", 11 ], [ "R", 18 ], [ "R", 18 ], [ "R", 18 ], [ "R", 15 ], [ "R", 10 ], [ "R", 10 ], [ "R", 18 ], [ "R", 8 ], [ "R", 8 ], [ "R", 8 ], [ "R", 18 ], [ "R", 10 ], [ "R", 10 ], [ "R", 8 ], [ "R", 8 ], [ "R", 16 ], [ "R", 10 ], [ "R", 16 ], [ "R", 16 ], [ "R", 8 ], [ "W", 16 ], [ "W", 8 ], [ "R", 10 ], [ "R", 10 ], [ "R", 10 ], [ "R", 1 ], [ "R", 17 ], [ "R", 17 ], [ "R", 1 ], [ "R", 17 ], [ "W", 17 ], [ "W", 16 ], [ "W", 8 ], [ "W", 18 ], [ "W", 15 ], [ "R", 11 ], [ "R", 11 ], [ "R", 11 ], [ "R", 15 ], [ "R", 15 ], [ "R", 11 ], [ "R", 10 ] ]
    } ]
  },
  "RouteController.hikesList" : {
    "t" : [ {
      "id" : 0,
      "a" : [ [ "R", 15 ], [ "R", 15 ], [ "R", 15 ], [ "R", 15 ], [ "R", 11 ], [ "R", 15 ], [ "R", 11 ] ]
    } ]
  },
  "UserController.listFollowing" : {
    "t" : [ {
      "id" : 0,
      "a" : [ [ "R", 16 ], [ "R", 16 ], [ "R", 16 ] ]
    } ]
  },
  "RouteUserController.edit" : {
    "t" : [ {
      "id" : 0,
      "a" : [ [ "R", 15 ], [ "R", 15 ], [ "R", 11 ], [ "R", 11 ], [ "R", 11 ], [ "R", 15 ], [ "R", 15 ], [ "R", 11 ], [ "R", 10 ] ]
    } ]
  },
  "InnInnkeeperController.save" : {
    "t" : [ {
      "id" : 0,
      "a" : [ [ "R", 16 ], [ "R", 11 ], [ "R", 11 ], [ "R", 11 ], [ "R", 12 ], [ "R", 10 ], [ "R", 17 ], [ "W", 14 ], [ "W", 14 ], [ "W", 11 ], [ "W", 14 ], [ "W", 16 ], [ "W", 14 ], [ "W", 14 ], [ "W", 12 ], [ "R", 14 ], [ "R", 14 ], [ "R", 12 ], [ "R", 14 ], [ "R", 16 ], [ "R", 14 ], [ "R", 11 ], [ "R", 14 ], [ "R", 14 ], [ "R", 14 ], [ "R", 14 ], [ "R", 12 ], [ "R", 14 ], [ "R", 16 ], [ "R", 14 ], [ "R", 11 ], [ "R", 10 ], [ "R", 17 ], [ "R", 10 ], [ "R", 10 ], [ "R", 13 ], [ "R", 13 ], [ "R", 13 ], [ "R", 17 ], [ "R", 14 ], [ "R", 12 ], [ "R", 12 ], [ "R", 13 ], [ "W", 14 ], [ "R", 16 ], [ "R", 11 ], [ "R", 11 ], [ "R", 11 ], [ "R", 16 ], [ "R", 11 ], [ "R", 11 ], [ "R", 11 ] ]
    } ]
  },
  "AmenityInnkeeperController.create" : {
    "t" : [ {
      "id" : 0,
      "a" : [ [ "R", 10 ], [ "R", 10 ], [ "R", 13 ], [ "R", 13 ], [ "R", 13 ], [ "R", 17 ], [ "R", 13 ], [ "R", 12 ] ]
    } ]
  },
  "CompostelaUserController.display" : {
    "t" : [ {
      "id" : 0,
      "a" : [ [ "R", 10 ], [ "R", 10 ], [ "R", 16 ], [ "R", 16 ], [ "R", 16 ], [ "R", 17 ], [ "R", 8 ], [ "R", 8 ], [ "R", 16 ], [ "R", 10 ], [ "R", 10 ], [ "R", 8 ], [ "R", 8 ], [ "R", 8 ] ]
    } ]
  },
  "HikeAgentController.list" : {
    "t" : [ {
      "id" : 0,
      "a" : [ [ "R", 10 ], [ "R", 10 ], [ "R", 4 ], [ "R", 4 ], [ "R", 4 ], [ "R", 17 ], [ "R", 4 ], [ "R", 3 ], [ "R", 10 ], [ "R", 10 ], [ "R", 17 ], [ "R", 3 ], [ "R", 3 ], [ "R", 11 ], [ "R", 3 ] ]
    } ]
  },
  "CommentUserController.listHike" : {
    "t" : [ {
      "id" : 0,
      "a" : [ [ "R", 11 ], [ "R", 11 ], [ "R", 11 ], [ "R", 7 ] ]
    } ]
  },
  "RouteController.lengthList" : {
    "t" : [ {
      "id" : 0,
      "a" : [ [ "R", 15 ], [ "R", 15 ], [ "R", 15 ], [ "R", 15 ], [ "R", 15 ] ]
    } ]
  },
  "UserController.listFollowers" : {
    "t" : [ {
      "id" : 0,
      "a" : [ [ "R", 16 ], [ "R", 16 ], [ "R", 16 ] ]
    } ]
  },
  "CommentAdministratorController.edit" : {
    "t" : [ {
      "id" : 0,
      "a" : [ [ "R", 7 ], [ "R", 7 ] ]
    } ]
  },
  "CommentAdministratorController.listAll" : {
    "t" : [ {
      "id" : 0,
      "a" : [ [ "R", 7 ] ]
    } ]
  },
  "ChirpAdministratorController.listAll" : {
    "t" : [ {
      "id" : 0,
      "a" : [ [ "R", 6 ], [ "R", 10 ], [ "R", 17 ], [ "R", 9 ], [ "R", 9 ], [ "R", 9 ], [ "R", 6 ], [ "R", 6 ], [ "R", 6 ], [ "W", 6 ], [ "R", 10 ], [ "R", 17 ], [ "R", 6 ], [ "R", 6 ], [ "R", 6 ] ]
    } ]
  },
  "HikeUserController.list" : {
    "t" : [ {
      "id" : 0,
      "a" : [ [ "R", 11 ], [ "R", 10 ], [ "R", 10 ], [ "R", 16 ], [ "R", 16 ], [ "R", 16 ], [ "R", 17 ] ]
    } ]
  },
  "CompostelaAdministratorController.save" : {
    "t" : [ {
      "id" : 0,
      "a" : [ [ "R", 8 ], [ "R", 18 ], [ "R", 18 ], [ "R", 15 ], [ "R", 15 ], [ "R", 11 ], [ "R", 8 ], [ "R", 16 ], [ "R", 14 ], [ "R", 14 ], [ "R", 14 ], [ "R", 16 ], [ "R", 14 ], [ "R", 11 ], [ "R", 14 ], [ "R", 11 ], [ "R", 14 ], [ "R", 11 ], [ "R", 8 ], [ "R", 18 ], [ "R", 18 ], [ "R", 8 ], [ "R", 18 ], [ "R", 18 ], [ "R", 15 ], [ "R", 8 ], [ "R", 8 ], [ "R", 8 ], [ "R", 8 ], [ "R", 8 ], [ "R", 18 ], [ "R", 18 ], [ "R", 15 ], [ "R", 15 ], [ "R", 11 ], [ "R", 8 ], [ "R", 16 ], [ "R", 14 ], [ "R", 14 ], [ "R", 14 ], [ "R", 16 ], [ "R", 14 ], [ "R", 11 ], [ "R", 14 ], [ "R", 11 ], [ "R", 14 ], [ "R", 11 ], [ "R", 8 ], [ "R", 18 ], [ "R", 18 ], [ "R", 8 ], [ "R", 18 ], [ "R", 18 ], [ "R", 15 ], [ "R", 10 ], [ "R", 10 ], [ "R", 17 ], [ "R", 10 ], [ "R", 17 ], [ "R", 8 ], [ "R", 8 ], [ "W", 8 ], [ "W", 8 ], [ "R", 8 ], [ "R", 18 ], [ "R", 18 ], [ "R", 15 ], [ "R", 15 ], [ "R", 11 ], [ "R", 8 ], [ "R", 16 ], [ "R", 14 ], [ "R", 14 ], [ "R", 14 ], [ "R", 16 ], [ "R", 14 ], [ "R", 11 ], [ "R", 14 ], [ "R", 11 ], [ "R", 14 ], [ "R", 11 ], [ "R", 8 ], [ "R", 18 ], [ "R", 18 ], [ "R", 8 ], [ "R", 18 ], [ "R", 18 ], [ "R", 15 ] ]
    } ]
  },
  "AdvertisementAdministratorController.list" : {
    "t" : [ {
      "id" : 0,
      "a" : [ [ "R", 3 ] ]
    } ]
  },
  "CommentAdministratorController.delete" : {
    "t" : [ {
      "id" : 0,
      "a" : [ [ "R", 10 ], [ "R", 10 ], [ "R", 17 ], [ "R", 10 ], [ "R", 7 ], [ "R", 7 ], [ "R", 16 ], [ "R", 10 ], [ "R", 16 ], [ "R", 16 ], [ "R", 7 ], [ "W", 7 ] ]
    } ]
  },
  "InnInnkeeperController.edit" : {
    "t" : [ {
      "id" : 0,
      "a" : [ [ "R", 12 ], [ "R", 12 ], [ "R", 12 ], [ "R", 12 ], [ "R", 12 ], [ "R", 12 ], [ "R", 10 ], [ "R", 12 ], [ "R", 12 ], [ "R", 10 ], [ "R", 12 ], [ "R", 12 ], [ "R", 13 ], [ "R", 16 ], [ "R", 11 ], [ "R", 11 ], [ "R", 11 ] ]
    } ]
  },
  "ChirpUserController.create" : {
    "t" : [ {
      "id" : 0,
      "a" : [ [ "R", 10 ], [ "R", 17 ], [ "R", 10 ], [ "R", 10 ], [ "R", 16 ], [ "R", 16 ], [ "R", 16 ], [ "R", 17 ], [ "W", 6 ], [ "W", 6 ], [ "W", 16 ] ]
    } ]
  },
  "UserController.searchList" : {
    "t" : [ {
      "id" : 0,
      "a" : [ [ "R", 16 ], [ "R", 16 ], [ "R", 16 ], [ "R", 8 ], [ "R", 8 ], [ "R", 8 ], [ "R", 8 ], [ "R", 18 ], [ "R", 18 ], [ "R", 15 ], [ "R", 10 ], [ "R", 10 ], [ "R", 16 ], [ "R", 16 ], [ "R", 16 ], [ "R", 17 ], [ "R", 10 ] ]
    } ]
  },
  "CompostelaUserController.create" : {
    "t" : [ {
      "id" : 0,
      "a" : [ [ "R", 10 ], [ "R", 10 ], [ "R", 16 ], [ "R", 16 ], [ "R", 16 ], [ "R", 17 ], [ "W", 8 ], [ "W", 16 ], [ "R", 18 ], [ "W", 8 ], [ "W", 18 ] ]
    } ]
  },
  "AdvertisementAdministratorController.edit" : {
    "t" : [ {
      "id" : 0,
      "a" : [ [ "R", 3 ], [ "R", 3 ] ]
    } ]
  },
  "CommentUserController.createRoute" : {
    "t" : [ {
      "id" : 0,
      "a" : [ [ "R", 15 ], [ "R", 10 ], [ "R", 10 ], [ "R", 16 ], [ "R", 16 ], [ "R", 16 ], [ "R", 17 ], [ "W", 7 ], [ "W", 16 ], [ "W", 7 ], [ "R", 15 ], [ "W", 7 ], [ "W", 15 ] ]
    } ]
  },
  "CommentUserController.saveRoute" : {
    "t" : [ {
      "id" : 0,
      "a" : [ [ "R", 10 ], [ "R", 10 ], [ "R", 16 ], [ "R", 16 ], [ "R", 16 ], [ "R", 17 ], [ "W", 7 ], [ "W", 16 ], [ "W", 7 ], [ "R", 10 ], [ "R", 17 ], [ "R", 9 ], [ "R", 9 ], [ "R", 9 ], [ "R", 7 ], [ "R", 7 ], [ "W", 7 ], [ "R", 10 ], [ "R", 10 ], [ "R", 10 ], [ "R", 16 ], [ "R", 16 ], [ "R", 16 ], [ "R", 17 ], [ "W", 7 ], [ "W", 16 ], [ "W", 7 ], [ "R", 10 ], [ "R", 7 ], [ "R", 15 ], [ "R", 7 ], [ "R", 15 ], [ "R", 15 ], [ "R", 7 ], [ "W", 15 ], [ "W", 7 ], [ "R", 10 ], [ "R", 7 ], [ "R", 11 ], [ "R", 7 ], [ "R", 11 ], [ "R", 11 ], [ "R", 7 ], [ "W", 11 ], [ "W", 7 ], [ "W", 11 ] ]
    } ]
  },
  "ConfigurationAdmnistratorController.edit" : {
    "t" : [ {
      "id" : 0,
      "a" : [ [ "R", 9 ] ]
    } ]
  },
  "InnInnkeeperController.list" : {
    "t" : [ {
      "id" : 0,
      "a" : [ [ "R", 12 ], [ "R", 12 ], [ "R", 12 ], [ "R", 12 ], [ "R", 12 ], [ "R", 12 ], [ "R", 10 ], [ "R", 10 ], [ "R", 13 ], [ "R", 13 ], [ "R", 13 ], [ "R", 17 ], [ "R", 13 ], [ "R", 12 ] ]
    } ]
  },
  "AdvertisementAdministratorController.save" : {
    "t" : [ {
      "id" : 0,
      "a" : [ [ "R", 10 ], [ "R", 10 ], [ "R", 17 ], [ "R", 10 ], [ "R", 17 ], [ "R", 9 ], [ "R", 9 ], [ "R", 9 ], [ "R", 3 ], [ "W", 3 ], [ "W", 3 ], [ "R", 10 ], [ "R", 10 ], [ "R", 10 ], [ "R", 4 ], [ "R", 4 ], [ "R", 4 ], [ "R", 17 ], [ "R", 4 ], [ "R", 3 ], [ "W", 4 ], [ "W", 3 ], [ "R", 1 ], [ "R", 17 ], [ "R", 17 ], [ "R", 1 ], [ "R", 17 ], [ "W", 17 ], [ "R", 10 ], [ "R", 4 ], [ "R", 1 ], [ "R", 17 ], [ "R", 17 ], [ "R", 1 ], [ "R", 17 ], [ "R", 17 ], [ "W", 4 ] ]
    } ]
  },
  "RegisterUserController.save" : {
    "t" : [ {
      "id" : 0,
      "a" : [ [ "R", 10 ], [ "R", 1 ], [ "R", 17 ], [ "W", 1 ], [ "W", 17 ], [ "R", 17 ], [ "R", 17 ], [ "W", 16 ], [ "W", 7 ], [ "W", 16 ], [ "W", 6 ], [ "W", 16 ], [ "W", 15 ], [ "W", 16 ], [ "W", 16 ], [ "W", 16 ], [ "W", 16 ], [ "R", 10 ], [ "R", 16 ], [ "R", 10 ], [ "W", 10 ], [ "R", 10 ], [ "W", 10 ], [ "R", 1 ], [ "R", 17 ], [ "W", 1 ], [ "W", 17 ], [ "R", 16 ], [ "R", 7 ], [ "W", 16 ], [ "W", 7 ], [ "R", 16 ], [ "R", 16 ], [ "W", 16 ], [ "W", 16 ], [ "R", 16 ], [ "R", 16 ], [ "W", 16 ], [ "W", 16 ], [ "R", 10 ], [ "R", 1 ], [ "R", 17 ], [ "R", 17 ], [ "R", 10 ], [ "R", 10 ], [ "R", 10 ], [ "R", 1 ], [ "R", 17 ], [ "R", 17 ], [ "R", 1 ], [ "R", 17 ], [ "W", 17 ], [ "W", 16 ] ]
    } ]
  },
  "RouteUserController.save" : {
    "t" : [ {
      "id" : 0,
      "a" : [ [ "R", 11 ], [ "R", 11 ], [ "R", 11 ], [ "R", 15 ], [ "R", 15 ], [ "R", 11 ], [ "R", 10 ], [ "R", 10 ], [ "R", 17 ], [ "R", 15 ], [ "R", 16 ], [ "R", 10 ], [ "R", 10 ], [ "R", 16 ], [ "R", 16 ], [ "R", 16 ], [ "R", 17 ], [ "R", 10 ], [ "R", 10 ], [ "R", 10 ], [ "R", 15 ], [ "R", 11 ], [ "W", 11 ], [ "W", 15 ], [ "W", 11 ], [ "W", 15 ], [ "R", 11 ], [ "R", 11 ], [ "R", 11 ], [ "R", 15 ], [ "R", 15 ], [ "R", 11 ], [ "R", 10 ] ]
    } ]
  },
  "AmenityInnkeeperController.edit" : {
    "t" : [ {
      "id" : 0,
      "a" : [ [ "R", 5 ], [ "R", 10 ], [ "R", 5 ], [ "R", 12 ], [ "R", 5 ], [ "R", 5 ], [ "R", 5 ], [ "R", 10 ], [ "R", 10 ], [ "R", 13 ], [ "R", 13 ], [ "R", 13 ], [ "R", 17 ], [ "R", 13 ], [ "R", 12 ] ]
    } ]
  },
  "RouteController.list" : {
    "t" : [ {
      "id" : 0,
      "a" : [ [ "R", 15 ], [ "R", 10 ], [ "R", 10 ], [ "R", 16 ], [ "R", 16 ], [ "R", 16 ], [ "R", 17 ] ]
    } ]
  },
  "HikeUserController.create" : {
    "t" : [ {
      "id" : 0,
      "a" : [ [ "R", 10 ], [ "R", 10 ], [ "R", 16 ], [ "R", 16 ], [ "R", 16 ], [ "R", 17 ] ]
    } ]
  },
  "AmenityInnkeeperController.save" : {
    "t" : [ {
      "id" : 0,
      "a" : [ [ "R", 10 ], [ "R", 10 ], [ "R", 13 ], [ "R", 13 ], [ "R", 13 ], [ "R", 17 ], [ "R", 13 ], [ "R", 12 ], [ "R", 5 ], [ "W", 5 ], [ "W", 5 ], [ "W", 12 ], [ "W", 10 ], [ "W", 5 ], [ "W", 12 ], [ "W", 5 ], [ "W", 5 ], [ "W", 5 ], [ "R", 10 ], [ "R", 17 ], [ "R", 10 ], [ "R", 5 ], [ "R", 12 ], [ "R", 12 ], [ "R", 13 ], [ "R", 10 ], [ "R", 10 ], [ "R", 13 ], [ "R", 13 ], [ "R", 13 ], [ "R", 17 ], [ "R", 10 ], [ "R", 10 ], [ "R", 10 ], [ "W", 5 ], [ "R", 10 ], [ "R", 10 ], [ "R", 10 ], [ "R", 13 ], [ "R", 13 ], [ "R", 13 ], [ "R", 17 ], [ "R", 13 ], [ "R", 5 ], [ "W", 13 ], [ "W", 5 ], [ "R", 1 ], [ "R", 17 ], [ "R", 17 ], [ "R", 1 ], [ "R", 17 ], [ "W", 17 ], [ "W", 13 ], [ "R", 10 ], [ "R", 10 ], [ "R", 10 ], [ "R", 13 ], [ "R", 13 ], [ "R", 13 ], [ "R", 17 ], [ "R", 13 ], [ "R", 12 ] ]
    } ]
  },
  "ChirpAdministratorController.list" : {
    "t" : [ {
      "id" : 0,
      "a" : [ [ "R", 10 ], [ "R", 17 ], [ "R", 9 ], [ "R", 9 ], [ "R", 9 ], [ "R", 6 ], [ "R", 6 ], [ "R", 6 ], [ "W", 6 ], [ "R", 10 ], [ "R", 17 ], [ "R", 6 ], [ "R", 6 ], [ "R", 6 ] ]
    } ]
  },
  "HikeUserController.edit" : {
    "t" : [ {
      "id" : 0,
      "a" : [ [ "R", 11 ], [ "R", 10 ], [ "R", 10 ], [ "R", 16 ], [ "R", 16 ], [ "R", 16 ], [ "R", 17 ], [ "R", 11 ], [ "R", 11 ], [ "R", 15 ], [ "R", 15 ], [ "R", 16 ], [ "R", 10 ], [ "R", 10 ], [ "R", 10 ] ]
    } ]
  },
  "AmenityController.list" : {
    "t" : [ {
      "id" : 0,
      "a" : [ [ "R", 5 ], [ "R", 5 ], [ "R", 12 ], [ "R", 5 ], [ "R", 5 ], [ "R", 12 ] ]
    } ]
  },
  "HikeUserController.save" : {
    "t" : [ {
      "id" : 0,
      "a" : [ [ "W", 11 ] ]
    } ]
  },
  "CommentUserController.listRoute" : {
    "t" : [ {
      "id" : 0,
      "a" : [ [ "R", 15 ], [ "R", 15 ], [ "R", 15 ], [ "R", 7 ] ]
    } ]
  },
  "RegisterAgentController.save" : {
    "t" : [ {
      "id" : 0,
      "a" : [ [ "R", 10 ], [ "R", 1 ], [ "R", 17 ], [ "W", 1 ], [ "W", 17 ], [ "R", 17 ], [ "R", 17 ], [ "W", 4 ], [ "W", 3 ], [ "R", 10 ], [ "R", 4 ], [ "R", 10 ], [ "W", 10 ], [ "R", 10 ], [ "W", 10 ], [ "R", 1 ], [ "R", 17 ], [ "W", 1 ], [ "W", 17 ], [ "R", 4 ], [ "R", 3 ], [ "W", 4 ], [ "W", 3 ], [ "R", 10 ], [ "R", 1 ], [ "R", 17 ], [ "R", 17 ], [ "R", 1 ], [ "R", 17 ], [ "R", 17 ], [ "R", 1 ], [ "R", 17 ], [ "W", 17 ], [ "R", 10 ], [ "R", 4 ], [ "R", 1 ], [ "R", 17 ], [ "R", 17 ], [ "R", 1 ], [ "R", 17 ], [ "R", 17 ], [ "W", 4 ] ]
    } ]
  },
  "HikeAgentController.listWithoutAd" : {
    "t" : [ {
      "id" : 0,
      "a" : [ [ "R", 10 ], [ "R", 10 ], [ "R", 4 ], [ "R", 4 ], [ "R", 4 ], [ "R", 17 ], [ "R", 4 ], [ "R", 3 ], [ "R", 10 ], [ "R", 10 ], [ "R", 17 ], [ "R", 3 ], [ "R", 3 ], [ "R", 11 ], [ "R", 3 ], [ "R", 11 ] ]
    } ]
  },
  "ConfigurationAdmnistratorController.save" : {
    "t" : [ {
      "id" : 0,
      "a" : [ [ "R", 10 ], [ "R", 17 ], [ "W", 9 ] ]
    } ]
  },
  "WalkUserController.create" : {
    "t" : [ {
      "id" : 0,
      "a" : [ [ "R", 15 ], [ "R", 15 ], [ "R", 16 ], [ "R", 10 ], [ "R", 10 ], [ "R", 16 ], [ "R", 16 ], [ "R", 16 ], [ "R", 17 ], [ "R", 10 ], [ "R", 10 ], [ "R", 10 ], [ "R", 15 ], [ "R", 15 ], [ "R", 11 ], [ "W", 18 ], [ "W", 15 ], [ "W", 18 ], [ "R", 10 ], [ "R", 10 ], [ "R", 1 ], [ "R", 1 ], [ "R", 1 ], [ "R", 17 ], [ "R", 12 ] ]
    } ]
  },
  "CompostelaAdministratorController.list" : {
    "t" : [ {
      "id" : 0,
      "a" : [ [ "R", 10 ], [ "R", 17 ], [ "R", 8 ], [ "R", 8 ], [ "R", 8 ] ]
    } ]
  },
  "ChirpUserController.edit" : {
    "t" : [ {
      "id" : 0,
      "a" : [ [ "R", 6 ], [ "R", 6 ] ]
    } ]
  },
  "AdvertisementAdministratorController.delete" : {
    "t" : [ {
      "id" : 0,
      "a" : [ [ "R", 10 ], [ "R", 10 ], [ "R", 3 ], [ "R", 10 ], [ "R", 17 ], [ "R", 10 ], [ "R", 4 ], [ "R", 4 ], [ "R", 3 ], [ "R", 4 ], [ "R", 4 ], [ "R", 3 ], [ "R", 4 ], [ "R", 3 ], [ "W", 3 ] ]
    } ]
  },
  "DashboardAdministratorController.dashboard" : {
    "t" : [ {
      "id" : 0,
      "a" : [ [ "R", 16 ], [ "R", 16 ], [ "R", 15 ], [ "R", 16 ], [ "R", 15 ], [ "R", 15 ], [ "R", 15 ], [ "R", 11 ], [ "R", 15 ], [ "R", 11 ], [ "R", 15 ], [ "R", 15 ], [ "R", 15 ], [ "R", 11 ], [ "R", 11 ], [ "R", 11 ], [ "R", 16 ], [ "R", 16 ], [ "R", 6 ], [ "R", 16 ], [ "R", 16 ], [ "R", 16 ], [ "R", 6 ], [ "R", 16 ], [ "R", 16 ], [ "R", 6 ], [ "R", 16 ], [ "R", 16 ], [ "R", 16 ], [ "R", 6 ], [ "R", 16 ], [ "R", 16 ], [ "R", 6 ], [ "R", 15 ], [ "R", 15 ], [ "R", 11 ], [ "R", 15 ], [ "R", 7 ], [ "R", 15 ], [ "R", 11 ], [ "R", 7 ], [ "R", 13 ], [ "R", 13 ], [ "R", 12 ], [ "R", 13 ], [ "R", 12 ], [ "R", 12 ], [ "R", 12 ], [ "R", 14 ], [ "R", 12 ], [ "R", 14 ], [ "R", 12 ], [ "R", 14 ], [ "R", 12 ], [ "R", 14 ], [ "R", 15 ], [ "R", 15 ], [ "R", 15 ], [ "R", 15 ], [ "R", 15 ], [ "R", 15 ], [ "R", 15 ], [ "R", 15 ], [ "R", 15 ], [ "R", 15 ], [ "R", 15 ], [ "R", 15 ], [ "R", 3 ], [ "R", 3 ], [ "R", 11 ], [ "R", 15 ], [ "R", 15 ], [ "R", 15 ], [ "R", 3 ], [ "R", 3 ], [ "R", 11 ], [ "R", 15 ], [ "R", 3 ], [ "R", 3 ], [ "R", 3 ], [ "R", 3 ], [ "R", 3 ], [ "R", 8 ], [ "R", 8 ], [ "R", 8 ], [ "R", 8 ], [ "R", 8 ], [ "R", 8 ], [ "R", 8 ], [ "R", 8 ], [ "R", 8 ], [ "R", 8 ], [ "R", 8 ], [ "R", 8 ] ]
    } ]
  },
  "RegisterAgentController.create" : {
    "t" : [ {
      "id" : 0,
      "a" : [ [ "W", 17 ], [ "R", 17 ], [ "R", 17 ], [ "W", 1 ], [ "W", 17 ] ]
    } ]
  },
  "AdvertisementAgentController.delete" : {
    "t" : [ {
      "id" : 0,
      "a" : [ [ "R", 10 ], [ "R", 10 ], [ "R", 3 ], [ "R", 10 ], [ "R", 17 ], [ "R", 10 ], [ "R", 4 ], [ "R", 4 ], [ "R", 3 ], [ "R", 4 ], [ "R", 4 ], [ "R", 3 ], [ "R", 4 ], [ "R", 3 ], [ "W", 3 ] ]
    } ]
  },
  "AdvertisementAgentController.edit" : {
    "t" : [ {
      "id" : 0,
      "a" : [ [ "R", 3 ], [ "R", 3 ] ]
    } ]
  },
  "WalkUserController.save" : {
    "t" : [ {
      "id" : 0,
      "a" : [ [ "R", 10 ], [ "R", 10 ], [ "R", 1 ], [ "R", 1 ], [ "R", 1 ], [ "R", 17 ], [ "R", 12 ], [ "R", 10 ], [ "R", 17 ], [ "W", 18 ], [ "R", 10 ], [ "R", 10 ], [ "R", 1 ], [ "R", 1 ], [ "R", 1 ], [ "R", 17 ], [ "R", 12 ] ]
    } ]
  },
  "ChirpAdministratorController.edit" : {
    "t" : [ {
      "id" : 0,
      "a" : [ [ "R", 6 ], [ "R", 6 ] ]
    } ]
  },
  "RouteAdministratorController.delete" : {
    "t" : [ {
      "id" : 0,
      "a" : [ [ "R", 10 ], [ "R", 10 ], [ "R", 15 ], [ "R", 10 ], [ "R", 17 ], [ "R", 15 ], [ "R", 16 ], [ "R", 10 ], [ "R", 10 ], [ "R", 16 ], [ "R", 16 ], [ "R", 16 ], [ "R", 17 ], [ "R", 10 ], [ "R", 10 ], [ "R", 10 ], [ "R", 10 ], [ "R", 11 ], [ "R", 11 ], [ "R", 11 ], [ "R", 15 ], [ "R", 10 ], [ "R", 10 ], [ "R", 11 ], [ "R", 10 ], [ "R", 3 ], [ "R", 3 ], [ "R", 3 ], [ "R", 11 ], [ "R", 10 ], [ "R", 10 ], [ "R", 3 ], [ "R", 10 ], [ "R", 17 ], [ "R", 10 ], [ "R", 4 ], [ "R", 4 ], [ "R", 3 ], [ "R", 4 ], [ "R", 4 ], [ "R", 3 ], [ "R", 4 ], [ "R", 3 ], [ "W", 3 ], [ "R", 14 ], [ "R", 14 ], [ "R", 14 ], [ "R", 11 ], [ "R", 10 ], [ "R", 10 ], [ "R", 14 ], [ "R", 14 ], [ "R", 12 ], [ "R", 12 ], [ "R", 14 ], [ "R", 14 ], [ "R", 12 ], [ "W", 12 ], [ "W", 14 ], [ "W", 12 ], [ "W", 14 ], [ "W", 11 ], [ "R", 18 ], [ "R", 18 ], [ "R", 18 ], [ "R", 15 ], [ "R", 10 ], [ "R", 10 ], [ "R", 18 ], [ "R", 8 ], [ "R", 8 ], [ "R", 8 ], [ "R", 18 ], [ "R", 10 ], [ "R", 10 ], [ "R", 8 ], [ "R", 8 ], [ "R", 16 ], [ "R", 10 ], [ "R", 16 ], [ "R", 16 ], [ "R", 8 ], [ "W", 16 ], [ "W", 8 ], [ "R", 10 ], [ "R", 10 ], [ "R", 10 ], [ "R", 1 ], [ "R", 17 ], [ "R", 17 ], [ "R", 1 ], [ "R", 17 ], [ "W", 17 ], [ "W", 16 ], [ "W", 8 ], [ "W", 18 ], [ "W", 15 ] ]
    } ]
  },
  "ChirpUserController.save" : {
    "t" : [ {
      "id" : 0,
      "a" : [ [ "R", 10 ], [ "R", 10 ], [ "R", 10 ], [ "R", 16 ], [ "R", 16 ], [ "R", 16 ], [ "R", 17 ], [ "W", 6 ], [ "W", 16 ], [ "R", 10 ], [ "R", 6 ], [ "R", 10 ], [ "W", 10 ], [ "R", 10 ], [ "W", 10 ], [ "R", 6 ], [ "W", 6 ], [ "R", 6 ], [ "R", 16 ], [ "W", 6 ], [ "W", 16 ], [ "R", 6 ], [ "W", 6 ], [ "R", 6 ], [ "W", 6 ], [ "W", 6 ] ]
    } ]
  },
  "RouteUserController.create" : {
    "t" : [ {
      "id" : 0,
      "a" : [ [ "R", 10 ], [ "R", 10 ], [ "R", 16 ], [ "R", 16 ], [ "R", 16 ], [ "R", 17 ], [ "W", 15 ], [ "W", 16 ], [ "R", 11 ], [ "R", 11 ], [ "R", 11 ], [ "R", 15 ], [ "R", 15 ], [ "R", 11 ], [ "R", 10 ] ]
    } ]
  },
  "CompostelaAdministratorController.edit" : {
    "t" : [ {
      "id" : 0,
      "a" : [ [ "R", 8 ], [ "R", 8 ], [ "R", 8 ], [ "R", 18 ], [ "R", 18 ], [ "R", 15 ], [ "R", 15 ], [ "R", 11 ], [ "R", 8 ], [ "R", 16 ], [ "R", 14 ], [ "R", 14 ], [ "R", 14 ], [ "R", 16 ], [ "R", 14 ], [ "R", 11 ], [ "R", 14 ], [ "R", 11 ], [ "R", 14 ], [ "R", 11 ], [ "R", 8 ], [ "R", 18 ], [ "R", 18 ], [ "R", 8 ], [ "R", 18 ], [ "R", 18 ], [ "R", 15 ] ]
    } ]
  },
  "ChirpUserController.delete" : {
    "t" : [ {
      "id" : 0,
      "a" : [ [ "R", 10 ], [ "R", 17 ], [ "R", 10 ], [ "R", 10 ], [ "R", 6 ], [ "W", 6 ] ]
    } ]
  },
  "AdvertisementAgentController.save" : {
    "t" : [ {
      "id" : 0,
      "a" : [ [ "R", 10 ], [ "R", 10 ], [ "R", 17 ], [ "R", 10 ], [ "R", 17 ], [ "R", 9 ], [ "R", 9 ], [ "R", 9 ], [ "R", 3 ], [ "W", 3 ], [ "W", 3 ], [ "R", 10 ], [ "R", 10 ], [ "R", 10 ], [ "R", 4 ], [ "R", 4 ], [ "R", 4 ], [ "R", 17 ], [ "R", 4 ], [ "R", 3 ], [ "W", 4 ], [ "W", 3 ], [ "R", 1 ], [ "R", 17 ], [ "R", 17 ], [ "R", 1 ], [ "R", 17 ], [ "W", 17 ], [ "R", 10 ], [ "R", 4 ], [ "R", 1 ], [ "R", 17 ], [ "R", 17 ], [ "R", 1 ], [ "R", 17 ], [ "R", 17 ], [ "W", 4 ] ]
    } ]
  },
  "CompostelaUserController.list" : {
    "t" : [ {
      "id" : 0,
      "a" : [ [ "R", 10 ], [ "R", 10 ], [ "R", 16 ], [ "R", 16 ], [ "R", 16 ], [ "R", 17 ], [ "R", 16 ], [ "R", 8 ], [ "R", 8 ], [ "R", 8 ] ]
    } ]
  },
  "UserController.list" : {
    "t" : [ {
      "id" : 0,
      "a" : [ [ "R", 16 ] ]
    } ]
  },
  "UserController.unfollow" : {
    "t" : [ {
      "id" : 0,
      "a" : [ [ "R", 16 ], [ "R", 10 ], [ "R", 17 ], [ "R", 10 ], [ "R", 10 ], [ "R", 16 ], [ "R", 16 ], [ "R", 16 ], [ "R", 17 ], [ "R", 16 ], [ "R", 16 ], [ "R", 16 ], [ "R", 16 ], [ "R", 16 ], [ "W", 16 ], [ "W", 16 ], [ "W", 16 ], [ "W", 16 ] ]
    } ]
  },
  "RouteAdministratorController.edit" : {
    "t" : [ {
      "id" : 0,
      "a" : [ [ "R", 15 ], [ "R", 15 ], [ "R", 15 ], [ "R", 11 ] ]
    } ]
  },
  "RouteController.searchList" : {
    "t" : [ {
      "id" : 0,
      "a" : [ [ "R", 15 ], [ "R", 15 ], [ "R", 15 ], [ "R", 15 ], [ "R", 15 ], [ "R", 15 ], [ "R", 15 ], [ "R", 15 ], [ "R", 11 ], [ "R", 15 ], [ "R", 15 ], [ "R", 11 ] ]
    } ]
  },
  "RegisterUserController.create" : {
    "t" : [ {
      "id" : 0,
      "a" : [ [ "W", 17 ], [ "R", 17 ], [ "R", 17 ], [ "W", 1 ], [ "W", 17 ] ]
    } ]
  },
  "AmenityController.display" : {
    "t" : [ {
      "id" : 0,
      "a" : [ [ "R", 5 ] ]
    } ]
  },
  "AmenityInnkeeperController.delete" : {
    "t" : [ {
      "id" : 0,
      "a" : [ [ "R", 10 ], [ "R", 5 ], [ "W", 5 ], [ "W", 5 ], [ "W", 12 ], [ "W", 10 ], [ "W", 5 ], [ "W", 12 ], [ "W", 5 ], [ "W", 5 ], [ "W", 5 ], [ "R", 10 ], [ "R", 17 ], [ "R", 10 ], [ "R", 10 ], [ "R", 5 ], [ "R", 10 ], [ "R", 10 ], [ "R", 13 ], [ "R", 13 ], [ "R", 13 ], [ "R", 17 ], [ "R", 13 ], [ "R", 5 ], [ "W", 5 ], [ "R", 10 ], [ "R", 10 ], [ "R", 13 ], [ "R", 13 ], [ "R", 13 ], [ "R", 17 ], [ "R", 13 ], [ "R", 12 ] ]
    } ]
  },
  "UserController.follow" : {
    "t" : [ {
      "id" : 0,
      "a" : [ [ "R", 16 ], [ "R", 10 ], [ "R", 17 ], [ "R", 10 ], [ "R", 10 ], [ "R", 16 ], [ "R", 16 ], [ "R", 16 ], [ "R", 17 ], [ "R", 16 ], [ "R", 16 ], [ "R", 16 ], [ "R", 16 ], [ "R", 16 ], [ "W", 16 ], [ "W", 16 ], [ "W", 16 ], [ "W", 16 ], [ "W", 16 ], [ "W", 16 ], [ "W", 16 ], [ "W", 16 ] ]
    } ]
  },
  "AdvertisementAgentController.list" : {
    "t" : [ {
      "id" : 0,
      "a" : [ [ "R", 3 ], [ "R", 3 ], [ "R", 3 ], [ "R", 11 ] ]
    } ]
  },
  "InnController.list" : {
    "t" : [ {
      "id" : 0,
      "a" : [ [ "R", 12 ], [ "R", 12 ], [ "R", 12 ], [ "R", 12 ], [ "R", 12 ], [ "R", 12 ] ]
    } ]
  },
  "HikeAgentController.searchList" : {
    "t" : [ {
      "id" : 0,
      "a" : [ [ "R", 3 ], [ "R", 3 ], [ "R", 3 ], [ "R", 11 ], [ "R", 11 ], [ "R", 11 ] ]
    } ]
  },
  "WalkUserController.list" : {
    "t" : [ {
      "id" : 0,
      "a" : [ [ "R", 10 ], [ "R", 10 ], [ "R", 16 ], [ "R", 16 ], [ "R", 16 ], [ "R", 17 ], [ "R", 10 ], [ "R", 10 ], [ "R", 17 ], [ "R", 18 ], [ "R", 18 ], [ "R", 15 ], [ "R", 18 ], [ "R", 18 ], [ "R", 15 ], [ "R", 16 ] ]
    } ]
  },
  "ChirpUserController.display" : {
    "t" : [ {
      "id" : 0,
      "a" : [ [ "R", 10 ], [ "R", 10 ], [ "R", 16 ], [ "R", 16 ], [ "R", 16 ], [ "R", 17 ], [ "R", 16 ], [ "R", 16 ], [ "R", 16 ], [ "R", 6 ], [ "R", 16 ], [ "R", 6 ], [ "R", 10 ], [ "R", 17 ], [ "R", 6 ], [ "R", 6 ], [ "R", 6 ] ]
    } ]
  },
  "CommentUserController.saveHike" : {
    "t" : [ {
      "id" : 0,
      "a" : [ [ "R", 10 ], [ "R", 10 ], [ "R", 16 ], [ "R", 16 ], [ "R", 16 ], [ "R", 17 ], [ "W", 7 ], [ "W", 16 ], [ "W", 7 ], [ "R", 10 ], [ "R", 17 ], [ "R", 9 ], [ "R", 9 ], [ "R", 9 ], [ "R", 7 ], [ "R", 7 ], [ "W", 7 ], [ "R", 10 ], [ "R", 10 ], [ "R", 10 ], [ "R", 16 ], [ "R", 16 ], [ "R", 16 ], [ "R", 17 ], [ "W", 7 ], [ "W", 16 ], [ "W", 7 ], [ "R", 10 ], [ "R", 7 ], [ "R", 15 ], [ "R", 7 ], [ "R", 15 ], [ "R", 15 ], [ "R", 7 ], [ "W", 15 ], [ "W", 7 ], [ "R", 10 ], [ "R", 7 ], [ "R", 11 ], [ "R", 7 ], [ "R", 11 ], [ "R", 11 ], [ "R", 7 ], [ "W", 11 ], [ "W", 7 ], [ "W", 11 ] ]
    } ]
  },
  "CompostelaUserController.save" : {
    "t" : [ {
      "id" : 0,
      "a" : [ [ "R", 10 ], [ "R", 10 ], [ "R", 17 ], [ "R", 10 ], [ "R", 17 ], [ "R", 8 ], [ "R", 8 ], [ "W", 8 ], [ "W", 8 ] ]
    } ]
  },
  "HikeUserController.delete" : {
    "t" : [ {
      "id" : 0,
      "a" : [ [ "R", 10 ], [ "R", 10 ], [ "R", 11 ], [ "R", 10 ], [ "R", 3 ], [ "R", 3 ], [ "R", 3 ], [ "R", 11 ], [ "R", 10 ], [ "R", 10 ], [ "R", 3 ], [ "R", 10 ], [ "R", 17 ], [ "R", 10 ], [ "R", 4 ], [ "R", 4 ], [ "R", 3 ], [ "R", 4 ], [ "R", 4 ], [ "R", 3 ], [ "R", 4 ], [ "R", 3 ], [ "W", 3 ], [ "R", 14 ], [ "R", 14 ], [ "R", 14 ], [ "R", 11 ], [ "R", 10 ], [ "R", 10 ], [ "R", 14 ], [ "R", 14 ], [ "R", 12 ], [ "R", 12 ], [ "R", 14 ], [ "R", 14 ], [ "R", 12 ], [ "W", 12 ], [ "W", 14 ], [ "W", 12 ], [ "W", 14 ], [ "W", 11 ] ]
    } ]
  },
  "AdvertisementAgentController.create" : {
    "t" : [ {
      "id" : 0,
      "a" : [ [ "R", 11 ], [ "R", 11 ], [ "W", 3 ], [ "W", 11 ] ]
    } ]
  },
  "ChirpAdministratorController.delete" : {
    "t" : [ {
      "id" : 0,
      "a" : [ [ "R", 10 ], [ "R", 17 ], [ "R", 10 ], [ "R", 10 ], [ "R", 6 ], [ "W", 6 ] ]
    } ]
  },
  "CommentUserController.createHike" : {
    "t" : [ {
      "id" : 0,
      "a" : [ [ "R", 11 ], [ "R", 10 ], [ "R", 10 ], [ "R", 16 ], [ "R", 16 ], [ "R", 16 ], [ "R", 17 ], [ "W", 7 ], [ "W", 16 ], [ "W", 7 ], [ "R", 11 ], [ "W", 7 ], [ "W", 11 ] ]
    } ]
  },
  "CommentAdministratorController.list" : {
    "t" : [ {
      "id" : 0,
      "a" : [ [ "R", 10 ], [ "R", 17 ], [ "R", 7 ], [ "R", 7 ], [ "R", 7 ] ]
    } ]
  }
}