{
  "1" : "Actor",
  "2" : "Administrator",
  "3" : "AssessableEntity",
  "4" : "Campaign",
  "5" : "Chapter",
  "6" : "CinematicEntity",
  "7" : "Content",
  "8" : "CreditCard",
  "9" : "Critic",
  "10" : "DomainEntity",
  "11" : "Fee",
  "12" : "Genre",
  "13" : "Invoice",
  "14" : "LikeUser",
  "15" : "MessageEntity",
  "16" : "Movie",
  "17" : "OrderQuantity",
  "18" : "OrderUser",
  "19" : "Producer",
  "20" : "Product",
  "21" : "Review",
  "22" : "Season",
  "23" : "ShippingAddress",
  "24" : "SocialIdentity",
  "25" : "TvShow",
  "26" : "User",
  "27" : "UserAccount"
}