{
  "Activity" : 1,
  "Actor" : 2,
  "Administrator" : 3,
  "Author" : 4,
  "Box" : 5,
  "CameraReadyPaper" : 6,
  "Category" : 7,
  "Comment" : 8,
  "Commentable" : 9,
  "Conference" : 10,
  "Customisation" : 11,
  "DomainEntity" : 12,
  "Finder" : 13,
  "Message" : 14,
  "Panel" : 15,
  "Paper" : 16,
  "Presentation" : 17,
  "Registration" : 18,
  "Report" : 19,
  "Reviewer" : 20,
  "Section" : 21,
  "Sponsor" : 22,
  "Sponsorship" : 23,
  "Submission" : 24,
  "SubmissionForm" : 25,
  "Tutorial" : 26,
  "UserAccount" : 27
}