{
  "StarController.status" : {
    "t" : [ {
      "id" : 0,
      "a" : [ [ "R", 60 ], [ "R", 60 ], [ "W", 60 ], [ "W", 60 ], [ "R", 60 ], [ "W", 60 ], [ "W", 60 ], [ "R", 60 ], [ "W", 60 ], [ "W", 60 ] ]
    } ]
  },
  "ChannelConfigController.edit" : {
    "t" : [ {
      "id" : 0,
      "a" : [ [ "R", 17 ], [ "R", 17 ], [ "R", 17 ], [ "R", 17 ], [ "R", 17 ], [ "R", 17 ], [ "R", 17 ], [ "R", 17 ], [ "R", 17 ], [ "R", 17 ], [ "R", 17 ], [ "R", 17 ], [ "R", 17 ], [ "R", 17 ], [ "R", 17 ], [ "R", 17 ], [ "R", 17 ], [ "R", 17 ], [ "R", 17 ], [ "R", 17 ], [ "W", 17 ], [ "W", 17 ], [ "W", 17 ], [ "R", 17 ], [ "R", 17 ], [ "R", 17 ] ]
    } ]
  },
  "WidgetItemController.batchAdd" : {
    "t" : [ {
      "id" : 0,
      "a" : [ [ "R", 80 ], [ "R", 80 ], [ "R", 80 ], [ "R", 80 ], [ "R", 80 ], [ "R", 80 ], [ "R", 80 ], [ "W", 80 ], [ "W", 80 ], [ "W", 80 ], [ "W", 80 ], [ "W", 80 ], [ "W", 80 ], [ "W", 80 ], [ "W", 80 ], [ "W", 80 ], [ "R", 80 ], [ "R", 80 ] ]
    } ]
  },
  "CategoryIndexController.getTreeWithRoot" : {
    "t" : [ {
      "id" : 0,
      "a" : [ [ "R", 13 ], [ "R", 13 ], [ "R", 13 ], [ "R", 13 ], [ "R", 13 ], [ "R", 13 ], [ "R", 13 ], [ "R", 13 ], [ "R", 13 ], [ "R", 13 ], [ "R", 13 ], [ "R", 13 ], [ "R", 13 ], [ "R", 13 ], [ "R", 13 ], [ "R", 13 ], [ "R", 13 ], [ "R", 13 ], [ "R", 13 ], [ "R", 13 ], [ "R", 13 ] ]
    } ]
  },
  "TranscodeTaskController.list" : {
    "t" : [ {
      "id" : 0,
      "a" : [ [ "R", 72 ], [ "R", 72 ], [ "R", 72 ], [ "R", 72 ], [ "R", 72 ], [ "R", 72 ], [ "R", 72 ], [ "R", 72 ], [ "R"