{
  "GalleryAdminController.removeGallery" : {
    "t" : [ {
      "id" : 0,
      "a" : [ [ "R", 6 ], [ "W", 6 ] ]
    } ]
  },
  "TeamAdminController.addTeam" : {
    "t" : [ {
      "id" : 0,
      "a" : [ [ "R", 15 ], [ "R", 14 ], [ "W", 15 ], [ "W", 14 ], [ "R", 15 ], [ "W", 14 ], [ "W", 15 ], [ "W", 14 ] ]
    } ]
  },
  "IndexController.index" : {
    "t" : [ {
      "id" : 0,
      "a" : [ [ "R", 6 ], [ "R", 7 ], [ "R", 18 ], [ "R", 18 ], [ "R", 15 ] ]
    } ]
  },
  "RegisterController.doRegister" : {
    "t" : [ {
      "id" : 0,
      "a" : [ [ "R", 1 ], [ "R", 1 ], [ "W", 1 ], [ "R", 1 ], [ "W", 1 ], [ "R", 1 ], [ "W", 1 ], [ "R", 11 ], [ "W", 1 ], [ "W", 11 ], [ "W", 1 ] ]
    } ]
  },
  "WorldLeagueTournamentController.worldLeagueTournament" : {
    "t" : [ {
      "id" : 0,
      "a" : [ [ "R", 22 ], [ "R", 20 ], [ "R", 17 ], [ "W", 20 ], [ "W", 17 ], [ "W", 22 ], [ "W", 20 ] ]
    } ]
  },
  "NewsDetailController.news" : {
    "t" : [ {
      "id" : 0,
      "a" : [ [ "R", 9 ], [ "R", 9 ], [ "W", 9 ], [ "R", 9 ], [ "W", 9 ], [ "R", 9 ], [ "W", 9 ], [ "R", 9 ] ]
    } ]
  },
  "TeamDetailController.team" : {
    "t" : [ {
      "id" : 0,
      "a" : [ [ "R", 14 ] ]
    } ]
  },
  "TournamentAdminController.addTournament" : {
    "t" : [ {
      "id" : 0,
      "a" : [ [ "R", 7 ], [ "R", 15 ], [ "W", 7 ], [ "W", 15 ], [ "R", 7 ], [ "W", 15 ], [ "W", 7 ], [ "W", 15 ], [ "W", 15 ], [ "W", 15 ], [ "W", 15 ] ]
    } ]
  },
  "CommercialController.doCommercial" : {
    "t" : [ {
      "id" : 0,
      "a" : [ [ "W", 3 ], [ "W", 3 ] ]
    } ]
  },
  "AccountController.account" : {
    "t" : [ {
      "id" : 0,
      "a" : [ [ "R", 1 ], [ "R", 1 ], [ "W", 1 ], [ "R", 1 ], [ "W", 1 ], [ "R", 1 ], [ "W", 1 ], [ "R", 1 ], [ "W", 1 ], [ "R", 1 ], [ "W", 1 ], [ "W", 1 ] ]
    } ]
  },
  "WorldNewsController.news" : {
    "t" : [ {
      "id" : 0,
      "a" : [ [ "R", 18 ] ]
    } ]
  },
  "UsersController.removeTournament" : {
    "t" : [ {
      "id" : 0,
      "a" : [ [ "R", 1 ], [ "W", 1 ] ]
    } ]
  },
  "SupportDetailController.addConversation" : {
    "t" : [ {
      "id" : 0,
      "a" : [ [ "R", 13 ], [ "R", 4 ], [ "W", 13 ], [ "W", 4 ], [ "R", 13 ], [ "W", 13 ], [ "R", 13 ], [ "R", 4 ], [ "R", 4 ], [ "W", 4 ] ]
    } ]
  },
  "LeagueAdminController.addLeague" : {
    "t" : [ {
      "id" : 0,
      "a" : [ [ "R", 1 ], [ "R", 7 ], [ "W", 1 ], [ "W", 7 ], [ "R", 1 ], [ "W", 7 ], [ "W", 1 ], [ "W", 7 ], [ "W", 7 ], [ "W", 7 ], [ "W", 7 ] ]
    } ]
  },
  "ActivateController.activate" : {
    "t" : [ {
      "id" : 0,
      "a" : [ [ "R", 1 ], [ "W", 1 ] ]
    } ]
  },
  "OpenNewsController.openLeague" : {
    "t" : [ {
      "id" : 0,
      "a" : [ [ "R", 9 ] ]
    } ]
  },
  "SupportController.addConversation" : {
    "t" : [ {
      "id" : 0,
      "a" : [ [ "R", 1 ], [ "R", 13 ], [ "R", 4 ], [ "W", 13 ], [ "W", 4 ], [ "W", 1 ], [ "W", 13 ], [ "R", 1 ], [ "R", 13 ], [ "W", 13 ], [ "R", 4 ], [ "W", 4 ], [ "W", 4 ], [ "W", 13 ], [ "W", 4 ] ]
    } ]
  },
  "ClusterDetailController.cluster" : {
    "t" : [ {
      "id" : 0,
      "a" : [ [ "R", 2 ], [ "R", 2 ], [ "R", 15 ], [ "R", 14 ], [ "W", 2 ], [ "W", 15 ], [ "W", 2 ], [ "W", 14 ] ]
    } ]
  },
  "WorldLeagueTableController.removeSchedule" : {
    "t" : [ {
      "id" : 0,
      "a" : [ [ "R", 19 ], [ "W", 19 ] ]
    } ]
  },
  "RestoreController.restore" : {
    "t" : [ {
      "id" : 0,
      "a" : [ [ "R", 1 ], [ "W", 1 ] ]
    } ]
  },
  "ScheduleDetailController.schedule" : {
    "t" : [ {
      "id" : 0,
      "a" : [ [ "R", 8 ] ]
    } ]
  },
  "ResultLeagueController.openLeague" : {
    "t" : [ {
      "id" : 0,
      "a" : [ [ "R", 7 ], [ "R", 15 ], [ "W", 7 ], [ "W", 15 ] ]
    } ]
  },
  "WorldLeagueTableDetailController.updateTeam" : {
    "t" : [ {
      "id" : 0,
      "a" : [ [ "R", 21 ], [ "R", 21 ], [ "R", 21 ], [ "W", 21 ], [ "R", 21 ], [ "W", 21 ], [ "R", 21 ], [ "W", 21 ], [ "R", 21 ], [ "W", 21 ], [ "R", 21 ], [ "W", 21 ], [ "R", 21 ], [ "W", 21 ], [ "R", 21 ], [ "W", 21 ], [ "R", 21 ], [ "W", 21 ] ]
    } ]
  },
  "ClusterAdminController.addCluster" : {
    "t" : [ {
      "id" : 0,
      "a" : [ [ "R", 15 ], [ "R", 2 ], [ "R", 14 ], [ "W", 2 ], [ "W", 14 ], [ "W", 15 ], [ "W", 2 ], [ "R", 15 ], [ "W", 2 ], [ "W", 15 ], [ "W", 2 ] ]
    } ]
  },
  "ExceptionsController.openLeague" : {
    "t" : [ {
      "id" : 0,
      "a" : [ [ "R", 5 ] ]
    } ]
  },
  "WorldLeagueDetailController.worldLeagueDetail" : {
    "t" : [ {
      "id" : 0,
      "a" : [ [ "R", 16 ], [ "R", 22 ], [ "W", 16 ], [ "W", 22 ] ]
    } ]
  },
  "LeagueDetailController.league" : {
    "t" : [ {
      "id" : 0,
      "a" : [ [ "R", 7 ] ]
    } ]
  },
  "WorldLeagueTournamentController.removeSchedule" : {
    "t" : [ {
      "id" : 0,
      "a" : [ [ "R", 20 ], [ "W", 20 ] ]
    } ]
  },
  "GalleryAdminController.gallery" : {
    "t" : [ {
      "id" : 0,
      "a" : [ [ "R", 6 ] ]
    } ]
  },
  "LeagueAdminController.league" : {
    "t" : [ {
      "id" : 0,
      "a" : [ [ "R", 1 ], [ "R", 7 ], [ "W", 1 ], [ "W", 7 ] ]
    } ]
  },
  "ScheduleDetailController.addSchedule" : {
    "t" : [ {
      "id" : 0,
      "a" : [ [ "R", 8 ], [ "R", 8 ], [ "R", 8 ], [ "W", 8 ], [ "R", 8 ], [ "W", 8 ], [ "R", 8 ], [ "W", 8 ], [ "R", 8 ], [ "W", 8 ], [ "R", 8 ], [ "W", 8 ], [ "R", 8 ], [ "R", 8 ], [ "R", 12 ], [ "R", 8 ], [ "R", 10 ], [ "R", 10 ], [ "W", 10 ], [ "R", 8 ], [ "R", 10 ], [ "R", 10 ], [ "R", 15 ], [ "R", 8 ], [ "R", 12 ], [ "R", 12 ], [ "W", 12 ], [ "R", 8 ], [ "R", 12 ], [ "R", 12 ], [ "R", 15 ], [ "R", 8 ], [ "R", 12 ], [ "R", 12 ], [ "R", 2 ], [ "R", 2 ], [ "R", 15 ], [ "R", 8 ], [ "R", 12 ], [ "R", 12 ], [ "R", 15 ], [ "R", 15 ], [ "R", 15 ], [ "W", 15 ], [ "R", 8 ], [ "R", 14 ], [ "R", 8 ], [ "R", 14 ], [ "R", 14 ], [ "W", 14 ], [ "R", 14 ], [ "R", 8 ], [ "W", 14 ], [ "R", 14 ], [ "R", 8 ], [ "W", 14 ], [ "R", 14 ], [ "R", 14 ], [ "W", 14 ], [ "R", 14 ], [ "W", 14 ], [ "R", 14 ], [ "R", 8 ], [ "W", 14 ], [ "R", 14 ], [ "R", 8 ], [ "W", 14 ], [ "R", 14 ], [ "R", 14 ], [ "W", 14 ], [ "R", 8 ], [ "R", 8 ], [ "R", 14 ], [ "W", 14 ], [ "R", 14 ], [ "W", 14 ], [ "R", 14 ], [ "W", 14 ], [ "R", 14 ], [ "W", 14 ], [ "R", 8 ], [ "R", 8 ], [ "R", 14 ], [ "W", 14 ], [ "R", 14 ], [ "W", 14 ], [ "R", 14 ], [ "W", 14 ], [ "R", 14 ], [ "W", 14 ], [ "R", 14 ], [ "W", 14 ], [ "R", 14 ], [ "W", 14 ], [ "R", 15 ], [ "R", 15 ], [ "R", 15 ], [ "R", 15 ], [ "R", 14 ], [ "R", 14 ], [ "W", 15 ], [ "W", 15 ], [ "R", 15 ], [ "R", 15 ], [ "W", 15 ], [ "R", 10 ], [ "R", 14 ], [ "R", 15 ], [ "R", 10 ], [ "R", 8 ], [ "R", 10 ], [ "R", 8 ], [ "R", 14 ], [ "W", 8 ], [ "R", 10 ], [ "R", 8 ], [ "R", 10 ], [ "R", 8 ], [ "R", 14 ], [ "W", 8 ], [ "R", 10 ], [ "R", 8 ], [ "R", 10 ], [ "R", 8 ], [ "R", 14 ], [ "W", 8 ], [ "R", 10 ], [ "R", 8 ], [ "R", 10 ], [ "R", 8 ], [ "R", 14 ], [ "W", 8 ], [ "W", 10 ], [ "R", 10 ], [ "R", 14 ], [ "R", 10 ], [ "R", 10 ], [ "R", 8 ], [ "R", 8 ], [ "R", 8 ], [ "R", 8 ], [ "R", 8 ], [ "R", 8 ], [ "R", 8 ], [ "R", 8 ], [ "R", 14 ], [ "R", 14 ], [ "W", 8 ], [ "R", 8 ], [ "R", 8 ], [ "R", 8 ], [ "W", 8 ], [ "R", 8 ], [ "R", 8 ], [ "R", 8 ], [ "W", 8 ], [ "R", 8 ], [ "R", 8 ], [ "W", 10 ], [ "W", 10 ], [ "R", 14 ], [ "R", 10 ], [ "R", 8 ], [ "W", 8 ], [ "W", 8 ], [ "W", 8 ], [ "W", 8 ], [ "R", 10 ], [ "R", 8 ], [ "R", 10 ], [ "R", 8 ], [ "R", 8 ], [ "W", 15 ], [ "W", 15 ], [ "R", 15 ], [ "R", 15 ], [ "W", 15 ], [ "R", 10 ], [ "R", 2 ], [ "R", 15 ], [ "R", 14 ], [ "R", 15 ], [ "R", 14 ], [ "R", 14 ], [ "R", 15 ], [ "R", 14 ], [ "R", 14 ], [ "R", 14 ], [ "R", 14 ], [ "R", 15 ], [ "R", 10 ], [ "R", 8 ], [ "R", 10 ], [ "R", 8 ], [ "R", 14 ], [ "W", 8 ], [ "R", 10 ], [ "R", 8 ], [ "R", 10 ], [ "R", 8 ], [ "R", 14 ], [ "W", 8 ], [ "R", 10 ], [ "R", 8 ], [ "R", 10 ], [ "R", 8 ], [ "R", 14 ], [ "W", 8 ], [ "R", 10 ], [ "R", 8 ], [ "R", 10 ], [ "R", 8 ], [ "R", 14 ], [ "W", 8 ], [ "W", 10 ], [ "R", 10 ], [ "R", 2 ], [ "R", 15 ], [ "R", 14 ], [ "R", 15 ], [ "R", 14 ], [ "R", 14 ], [ "R", 15 ], [ "R", 14 ], [ "R", 14 ], [ "R", 14 ], [ "R", 14 ], [ "R", 10 ], [ "R", 10 ], [ "R", 8 ], [ "R", 8 ], [ "R", 8 ], [ "R", 8 ], [ "R", 8 ], [ "R", 8 ], [ "R", 8 ], [ "R", 8 ], [ "R", 14 ], [ "R", 14 ], [ "R", 14 ], [ "R", 14 ], [ "R", 14 ], [ "R", 14 ], [ "R", 14 ], [ "R", 14 ], [ "R", 14 ], [ "R", 14 ], [ "R", 14 ], [ "R", 14 ], [ "R", 14 ], [ "R", 14 ], [ "R", 14 ], [ "R", 14 ], [ "W", 8 ], [ "R", 8 ], [ "R", 8 ], [ "R", 8 ], [ "W", 8 ], [ "R", 8 ], [ "R", 8 ], [ "R", 8 ], [ "W", 8 ], [ "R", 8 ], [ "R", 8 ], [ "W", 10 ], [ "W", 10 ], [ "R", 14 ], [ "R", 10 ], [ "R", 8 ], [ "W", 8 ], [ "W", 8 ], [ "W", 8 ], [ "W", 8 ], [ "R", 10 ], [ "R", 8 ], [ "R", 10 ], [ "R", 8 ], [ "R", 8 ], [ "W", 15 ], [ "W", 15 ], [ "R", 15 ], [ "R", 10 ], [ "R", 14 ], [ "R", 10 ], [ "R", 10 ], [ "R", 8 ], [ "R", 8 ], [ "R", 8 ], [ "R", 8 ], [ "R", 8 ], [ "R", 8 ], [ "R", 8 ], [ "R", 8 ], [ "R", 14 ], [ "R", 14 ], [ "W", 8 ], [ "R", 8 ], [ "R", 8 ], [ "R", 8 ], [ "W", 8 ], [ "R", 8 ], [ "R", 8 ], [ "R", 8 ], [ "W", 8 ], [ "R", 8 ], [ "R", 8 ], [ "W", 10 ], [ "W", 10 ], [ "R", 14 ], [ "R", 10 ], [ "R", 8 ], [ "W", 8 ], [ "W", 8 ], [ "W", 8 ], [ "W", 8 ], [ "R", 10 ], [ "R", 8 ], [ "R", 10 ], [ "R", 8 ], [ "R", 8 ], [ "W", 15 ], [ "W", 15 ] ]
    } ]
  },
  "WorldLeagueController.worldLeague" : {
    "t" : [ {
      "id" : 0,
      "a" : [ [ "R", 16 ] ]
    } ]
  },
  "ScheduleAdminController.addSchedulePoints" : {
    "t" : [ {
      "id" : 0,
      "a" : [ [ "R", 15 ], [ "R", 12 ], [ "R", 8 ], [ "W", 12 ], [ "W", 8 ], [ "W", 15 ], [ "W", 12 ], [ "R", 2 ], [ "R", 12 ], [ "R", 8 ], [ "W", 12 ], [ "W", 8 ], [ "W", 2 ], [ "W", 12 ], [ "W", 15 ], [ "W", 2 ], [ "R", 10 ], [ "R", 8 ], [ "W", 10 ], [ "W", 8 ], [ "W", 15 ], [ "W", 10 ], [ "R", 15 ], [ "R", 14 ], [ "R", 15 ], [ "W", 14 ], [ "W", 12 ], [ "W", 15 ], [ "R", 14 ], [ "R", 14 ], [ "R", 14 ], [ "R", 14 ], [ "W", 12 ], [ "R", 14 ], [ "W", 12 ], [ "W", 8 ], [ "W", 12 ], [ "R", 14 ], [ "W", 8 ], [ "R", 14 ], [ "W", 8 ], [ "R", 14 ], [ "W", 8 ], [ "R", 14 ], [ "W", 8 ], [ "W", 8 ], [ "W", 8 ], [ "W", 8 ], [ "W", 8 ], [ "R", 14 ], [ "R", 14 ], [ "R", 14 ], [ "R", 14 ], [ "W", 12 ], [ "R", 14 ], [ "W", 12 ], [ "W", 8 ], [ "W", 12 ], [ "R", 14 ], [ "W", 8 ], [ "R", 14 ], [ "W", 8 ], [ "R", 14 ], [ "W", 8 ], [ "R", 14 ], [ "W", 8 ], [ "W", 8 ], [ "W", 8 ], [ "W", 8 ], [ "W", 8 ], [ "R", 12 ], [ "W", 12 ], [ "W", 12 ], [ "W", 12 ], [ "R", 15 ], [ "W", 12 ], [ "W", 15 ], [ "R", 14 ], [ "R", 14 ], [ "R", 14 ], [ "R", 14 ], [ "W", 12 ], [ "R", 14 ], [ "W", 12 ], [ "W", 8 ], [ "W", 12 ], [ "R", 14 ], [ "W", 8 ], [ "R", 14 ], [ "W", 8 ], [ "R", 14 ], [ "W", 8 ], [ "R", 14 ], [ "W", 8 ], [ "W", 8 ], [ "W", 8 ], [ "W", 8 ], [ "W", 8 ], [ "R", 14 ], [ "R", 14 ], [ "R", 14 ], [ "R", 14 ], [ "W", 12 ], [ "R", 14 ], [ "W", 12 ], [ "W", 8 ], [ "W", 12 ], [ "R", 14 ], [ "W", 8 ], [ "R", 14 ], [ "W", 8 ], [ "R", 14 ], [ "W", 8 ], [ "R", 14 ], [ "W", 8 ], [ "W", 8 ], [ "W", 8 ], [ "W", 8 ], [ "W", 8 ], [ "R", 12 ], [ "W", 12 ], [ "W", 12 ], [ "W", 12 ], [ "R", 15 ], [ "W", 10 ], [ "W", 15 ], [ "W", 10 ], [ "W", 8 ], [ "W", 10 ], [ "W", 8 ], [ "W", 8 ], [ "W", 8 ], [ "W", 8 ], [ "W", 8 ], [ "W", 8 ], [ "W", 8 ], [ "W", 8 ], [ "W", 10 ], [ "W", 10 ], [ "R", 15 ], [ "W", 15 ], [ "R", 15 ], [ "W", 15 ], [ "W", 15 ], [ "W", 15 ], [ "W", 15 ], [ "W", 15 ] ]
    } ]
  },
  "CommercialAdminController.gallery" : {
    "t" : [ {
      "id" : 0,
      "a" : [ [ "R", 3 ], [ "R", 3 ] ]
    } ]
  },
  "SupportController.removeSupportCase" : {
    "t" : [ {
      "id" : 0,
      "a" : [ [ "R", 13 ], [ "R", 13 ], [ "W", 13 ] ]
    } ]
  },
  "NewsAdminController.removeLeague" : {
    "t" : [ {
      "id" : 0,
      "a" : [ [ "R", 9 ], [ "W", 9 ] ]
    } ]
  },
  "AccountController.updateAccount" : {
    "t" : [ {
      "id" : 0,
      "a" : [ [ "R", 1 ], [ "R", 1 ], [ "W", 1 ], [ "R", 1 ], [ "W", 1 ], [ "R", 1 ], [ "W", 1 ], [ "R", 1 ], [ "W", 1 ], [ "R", 1 ], [ "W", 1 ], [ "W", 1 ], [ "R", 1 ], [ "R", 1 ], [ "W", 1 ], [ "R", 1 ], [ "W", 1 ], [ "R", 1 ], [ "W", 1 ], [ "R", 1 ], [ "W", 1 ], [ "R", 1 ], [ "W", 1 ] ]
    } ]
  },
  "ScheduleAdminController.addSchedulePointsPlayoffs" : {
    "t" : [ {
      "id" : 0,
      "a" : [ [ "R", 15 ], [ "R", 12 ], [ "R", 8 ], [ "W", 12 ], [ "W", 8 ], [ "W", 15 ], [ "W", 12 ], [ "R", 2 ], [ "R", 12 ], [ "R", 8 ], [ "W", 12 ], [ "W", 8 ], [ "W", 2 ], [ "W", 12 ], [ "W", 15 ], [ "W", 2 ], [ "R", 10 ], [ "R", 8 ], [ "W", 10 ], [ "W", 8 ], [ "W", 15 ], [ "W", 10 ], [ "R", 15 ], [ "R", 14 ], [ "R", 15 ], [ "W", 14 ], [ "W", 12 ], [ "W", 15 ], [ "R", 14 ], [ "R", 14 ], [ "R", 14 ], [ "R", 14 ], [ "W", 12 ], [ "R", 14 ], [ "W", 12 ], [ "W", 8 ], [ "W", 12 ], [ "R", 14 ], [ "W", 8 ], [ "R", 14 ], [ "W", 8 ], [ "R", 14 ], [ "W", 8 ], [ "R", 14 ], [ "W", 8 ], [ "W", 8 ], [ "W", 8 ], [ "W", 8 ], [ "W", 8 ], [ "R", 14 ], [ "R", 14 ], [ "R", 14 ], [ "R", 14 ], [ "W", 12 ], [ "R", 14 ], [ "W", 12 ], [ "W", 8 ], [ "W", 12 ], [ "R", 14 ], [ "W", 8 ], [ "R", 14 ], [ "W", 8 ], [ "R", 14 ], [ "W", 8 ], [ "R", 14 ], [ "W", 8 ], [ "W", 8 ], [ "W", 8 ], [ "W", 8 ], [ "W", 8 ], [ "R", 12 ], [ "W", 12 ], [ "W", 12 ], [ "W", 12 ], [ "R", 15 ], [ "W", 12 ], [ "W", 15 ], [ "R", 14 ], [ "R", 14 ], [ "R", 14 ], [ "R", 14 ], [ "W", 12 ], [ "R", 14 ], [ "W", 12 ], [ "W", 8 ], [ "W", 12 ], [ "R", 14 ], [ "W", 8 ], [ "R", 14 ], [ "W", 8 ], [ "R", 14 ], [ "W", 8 ], [ "R", 14 ], [ "W", 8 ], [ "W", 8 ], [ "W", 8 ], [ "W", 8 ], [ "W", 8 ], [ "R", 14 ], [ "R", 14 ], [ "R", 14 ], [ "R", 14 ], [ "W", 12 ], [ "R", 14 ], [ "W", 12 ], [ "W", 8 ], [ "W", 12 ], [ "R", 14 ], [ "W", 8 ], [ "R", 14 ], [ "W", 8 ], [ "R", 14 ], [ "W", 8 ], [ "R", 14 ], [ "W", 8 ], [ "W", 8 ], [ "W", 8 ], [ "W", 8 ], [ "W", 8 ], [ "R", 12 ], [ "W", 12 ], [ "W", 12 ], [ "W", 12 ], [ "R", 15 ], [ "W", 10 ], [ "W", 15 ], [ "W", 10 ], [ "W", 8 ], [ "W", 10 ], [ "W", 8 ], [ "W", 8 ], [ "W", 8 ], [ "W", 8 ], [ "W", 8 ], [ "W", 8 ], [ "W", 8 ], [ "W", 8 ], [ "W", 10 ], [ "W", 10 ], [ "R", 15 ], [ "W", 15 ], [ "R", 15 ], [ "W", 15 ], [ "W", 15 ], [ "W", 15 ], [ "W", 15 ], [ "W", 15 ] ]
    } ]
  },
  "RegisterController.available" : {
    "t" : [ {
      "id" : 0,
      "a" : [ [ "R", 1 ] ]
    } ]
  },
  "NewsDetailController.updateNew" : {
    "t" : [ {
      "id" : 0,
      "a" : [ [ "R", 9 ], [ "R", 9 ], [ "W", 9 ], [ "R", 9 ], [ "W", 9 ], [ "R", 9 ], [ "W", 9 ], [ "R", 9 ], [ "R", 9 ], [ "R", 9 ], [ "W", 9 ], [ "R", 9 ], [ "W", 9 ], [ "R", 9 ], [ "W", 9 ] ]
    } ]
  },
  "WorldLeagueTournamentDetailController.addSchedule" : {
    "t" : [ {
      "id" : 0,
      "a" : [ [ "R", 17 ], [ "R", 17 ], [ "R", 17 ], [ "W", 17 ], [ "R", 17 ], [ "W", 17 ], [ "R", 17 ], [ "W", 17 ], [ "R", 17 ], [ "W", 17 ], [ "R", 17 ], [ "W", 17 ] ]
    } ]
  },
  "CommercialAdminController.removeCommercial" : {
    "t" : [ {
      "id" : 0,
      "a" : [ [ "R", 3 ], [ "W", 3 ] ]
    } ]
  },
  "ClusterDetailController.addTeam" : {
    "t" : [ {
      "id" : 0,
      "a" : [ [ "R", 2 ], [ "R", 2 ], [ "R", 15 ], [ "R", 14 ], [ "W", 2 ], [ "W", 15 ], [ "W", 2 ], [ "W", 14 ], [ "R", 2 ], [ "W", 14 ], [ "W", 2 ], [ "W", 14 ] ]
    } ]
  },
  "ClusterDetailController.removeTeam" : {
    "t" : [ {
      "id" : 0,
      "a" : [ [ "R", 14 ], [ "W", 14 ] ]
    } ]
  },
  "ExceptionsController.removeLeague" : {
    "t" : [ {
      "id" : 0,
      "a" : [ [ "R", 5 ], [ "W", 5 ] ]
    } ]
  },
  "ClusterAdminController.removeCluster" : {
    "t" : [ {
      "id" : 0,
      "a" : [ [ "R", 2 ], [ "W", 2 ] ]
    } ]
  },
  "TeamAdminController.team" : {
    "t" : [ {
      "id" : 0,
      "a" : [ [ "R", 15 ], [ "R", 14 ], [ "W", 15 ], [ "W", 14 ] ]
    } ]
  },
  "NewsAdminController.addNew" : {
    "t" : [ {
      "id" : 0,
      "a" : [ [ "R", 1 ], [ "R", 9 ], [ "W", 1 ], [ "W", 9 ], [ "R", 1 ], [ "W", 9 ], [ "W", 1 ], [ "W", 9 ], [ "W", 9 ] ]
    } ]
  },
  "TeamAdminController.removeTeam" : {
    "t" : [ {
      "id" : 0,
      "a" : [ [ "R", 14 ], [ "W", 14 ] ]
    } ]
  },
  "TournamentAdminController.removeTournament" : {
    "t" : [ {
      "id" : 0,
      "a" : [ [ "R", 15 ], [ "W", 15 ] ]
    } ]
  },
  "ResultTournamentController.openLeague" : {
    "t" : [ {
      "id" : 0,
      "a" : [ [ "R", 15 ], [ "R", 12 ], [ "R", 8 ], [ "W", 12 ], [ "W", 8 ], [ "W", 15 ], [ "W", 12 ], [ "R", 2 ], [ "R", 12 ], [ "R", 8 ], [ "W", 12 ], [ "W", 8 ], [ "W", 2 ], [ "W", 12 ], [ "W", 15 ], [ "W", 2 ], [ "R", 10 ], [ "R", 8 ], [ "W", 10 ], [ "W", 8 ], [ "W", 15 ], [ "W", 10 ], [ "R", 15 ], [ "R", 14 ], [ "W", 15 ], [ "W", 14 ], [ "R", 15 ], [ "R", 2 ], [ "R", 14 ], [ "W", 2 ], [ "W", 14 ], [ "W", 15 ], [ "W", 2 ] ]
    } ]
  },
  "NewsAdminController.news" : {
    "t" : [ {
      "id" : 0,
      "a" : [ [ "R", 1 ], [ "R", 9 ], [ "W", 1 ], [ "W", 9 ] ]
    } ]
  },
  "TournamentAdminController.tournament" : {
    "t" : [ {
      "id" : 0,
      "a" : [ [ "R", 7 ], [ "R", 15 ], [ "W", 7 ], [ "W", 15 ] ]
    } ]
  },
  "OpenLeagueController.openLeague" : {
    "t" : [ {
      "id" : 0,
      "a" : [ [ "R", 7 ] ]
    } ]
  },
  "RecoverController.updatePassword" : {
    "t" : [ {
      "id" : 0,
      "a" : [ [ "R", 1 ], [ "R", 1 ], [ "R", 1 ], [ "R", 1 ], [ "R", 1 ], [ "R", 1 ], [ "R", 1 ], [ "R", 1 ], [ "R", 1 ], [ "W", 1 ] ]
    } ]
  },
  "ScheduleAdminController.addScheduleGroupsPlayoffs" : {
    "t" : [ {
      "id" : 0,
      "a" : [ [ "R", 15 ], [ "R", 12 ], [ "R", 8 ], [ "W", 12 ], [ "W", 8 ], [ "W", 15 ], [ "W", 12 ], [ "R", 2 ], [ "R", 12 ], [ "R", 8 ], [ "W", 12 ], [ "W", 8 ], [ "W", 2 ], [ "W", 12 ], [ "W", 15 ], [ "W", 2 ], [ "R", 10 ], [ "R", 8 ], [ "W", 10 ], [ "W", 8 ], [ "W", 15 ], [ "W", 10 ], [ "R", 15 ], [ "R", 2 ], [ "R", 14 ], [ "W", 2 ], [ "W", 14 ], [ "R", 15 ], [ "R", 2 ], [ "R", 14 ], [ "R", 2 ], [ "R", 14 ], [ "R", 2 ], [ "R", 15 ], [ "R", 2 ], [ "R", 14 ], [ "R", 2 ], [ "R", 14 ], [ "R", 2 ], [ "R", 15 ], [ "R", 2 ], [ "R", 14 ], [ "R", 2 ], [ "R", 14 ], [ "R", 2 ], [ "R", 2 ], [ "R", 14 ], [ "R", 2 ], [ "R", 14 ], [ "W", 14 ], [ "R", 2 ], [ "R", 14 ], [ "W", 2 ], [ "W", 14 ], [ "R", 2 ], [ "R", 14 ], [ "R", 2 ], [ "R", 14 ], [ "R", 2 ], [ "R", 14 ], [ "R", 2 ], [ "R", 14 ], [ "R", 2 ], [ "R", 14 ], [ "W", 12 ], [ "W", 2 ], [ "W", 12 ], [ "R", 2 ], [ "R", 14 ], [ "R", 2 ], [ "R", 14 ], [ "R", 14 ], [ "R", 14 ], [ "R", 2 ], [ "R", 14 ], [ "R", 2 ], [ "R", 14 ], [ "R", 14 ], [ "R", 14 ], [ "W", 12 ], [ "R", 2 ], [ "R", 14 ], [ "R", 2 ], [ "R", 14 ], [ "R", 14 ], [ "W", 12 ], [ "W", 8 ], [ "W", 12 ], [ "R", 2 ], [ "R", 14 ], [ "R", 2 ], [ "R", 14 ], [ "R", 14 ], [ "W", 8 ], [ "R", 2 ], [ "R", 14 ], [ "R", 2 ], [ "R", 14 ], [ "R", 14 ], [ "W", 8 ], [ "R", 14 ], [ "W", 8 ], [ "R", 14 ], [ "W", 8 ], [ "W", 8 ], [ "W", 8 ], [ "W", 8 ], [ "W", 8 ], [ "R", 14 ], [ "R", 14 ], [ "R", 2 ], [ "R", 14 ], [ "R", 2 ], [ "R", 14 ], [ "R", 14 ], [ "R", 14 ], [ "W", 12 ], [ "R", 14 ], [ "W", 12 ], [ "W", 8 ], [ "W", 12 ], [ "R", 14 ], [ "W", 8 ], [ "R", 14 ], [ "W", 8 ], [ "R", 14 ], [ "W", 8 ], [ "R", 14 ], [ "W", 8 ], [ "W", 8 ], [ "W", 8 ], [ "W", 8 ], [ "W", 8 ], [ "R", 12 ], [ "W", 12 ], [ "W", 12 ], [ "R", 15 ], [ "W", 12 ], [ "W", 2 ], [ "W", 12 ], [ "R", 2 ], [ "R", 14 ], [ "R", 2 ], [ "R", 14 ], [ "R", 14 ], [ "R", 14 ], [ "R", 2 ], [ "R", 14 ], [ "R", 2 ], [ "R", 14 ], [ "R", 14 ], [ "R", 14 ], [ "W", 12 ], [ "R", 2 ], [ "R", 14 ], [ "R", 2 ], [ "R", 14 ], [ "R", 14 ], [ "W", 12 ], [ "W", 8 ], [ "W", 12 ], [ "R", 14 ], [ "W", 8 ], [ "R", 14 ], [ "W", 8 ], [ "R", 2 ], [ "R", 14 ], [ "R", 2 ], [ "R", 14 ], [ "R", 14 ], [ "W", 8 ], [ "R", 2 ], [ "R", 14 ], [ "R", 2 ], [ "R", 14 ], [ "R", 14 ], [ "W", 8 ], [ "W", 8 ], [ "W", 8 ], [ "W", 8 ], [ "W", 8 ], [ "R", 14 ], [ "R", 14 ], [ "R", 2 ], [ "R", 14 ], [ "R", 2 ], [ "R", 14 ], [ "R", 14 ], [ "R", 14 ], [ "W", 12 ], [ "R", 14 ], [ "W", 12 ], [ "W", 8 ], [ "W", 12 ], [ "R", 14 ], [ "W", 8 ], [ "R", 14 ], [ "W", 8 ], [ "R", 14 ], [ "W", 8 ], [ "R", 14 ], [ "W", 8 ], [ "W", 8 ], [ "W", 8 ], [ "W", 8 ], [ "W", 8 ], [ "R", 12 ], [ "W", 12 ], [ "W", 12 ], [ "W", 10 ], [ "W", 15 ], [ "W", 10 ], [ "W", 10 ], [ "W", 8 ], [ "W", 10 ], [ "W", 8 ], [ "W", 8 ], [ "W", 8 ], [ "W", 8 ], [ "W", 8 ], [ "W", 8 ], [ "W", 8 ], [ "W", 8 ], [ "W", 10 ], [ "W", 15 ], [ "R", 15 ], [ "W", 15 ], [ "W", 15 ], [ "W", 15 ], [ "W", 15 ], [ "W", 15 ], [ "R", 15 ], [ "W", 15 ] ]
    } ]
  },
  "LeagueAdminController.removeLeague" : {
    "t" : [ {
      "id" : 0,
      "a" : [ [ "R", 7 ], [ "W", 7 ] ]
    } ]
  },
  "ClusterTeamDetailController.team" : {
    "t" : [ {
      "id" : 0,
      "a" : [ [ "R", 14 ] ]
    } ]
  },
  "SupportDetailController.support" : {
    "t" : [ {
      "id" : 0,
      "a" : [ [ "R", 13 ], [ "R", 4 ], [ "W", 13 ], [ "W", 4 ] ]
    } ]
  },
  "LoginController.addTeam" : {
    "t" : [ {
      "id" : 0,
      "a" : [ [ "R", 1 ], [ "R", 1 ], [ "R", 1 ], [ "R", 1 ], [ "R", 1 ], [ "W", 5 ], [ "W", 5 ], [ "W", 5 ], [ "W", 5 ], [ "R", 1 ], [ "W", 5 ], [ "W", 5 ], [ "W", 5 ], [ "W", 5 ], [ "R", 1 ], [ "W", 5 ], [ "W", 5 ], [ "W", 5 ], [ "W", 5 ], [ "R", 1 ], [ "W", 5 ], [ "W", 5 ], [ "W", 5 ], [ "W", 5 ], [ "R", 1 ], [ "W", 5 ], [ "W", 5 ], [ "W", 5 ], [ "W", 5 ], [ "R", 1 ], [ "W", 5 ], [ "W", 5 ], [ "W", 5 ], [ "W", 5 ], [ "R", 1 ], [ "W", 5 ], [ "W", 5 ], [ "W", 5 ], [ "W", 5 ], [ "R", 1 ], [ "W", 5 ], [ "W", 5 ], [ "W", 5 ], [ "W", 5 ], [ "R", 1 ], [ "W", 5 ], [ "W", 5 ], [ "W", 5 ], [ "W", 5 ] ]
    } ]
  },
  "ScheduleAdminController.addSchedulePlayoffs" : {
    "t" : [ {
      "id" : 0,
      "a" : [ [ "R", 15 ], [ "R", 12 ], [ "R", 8 ], [ "W", 12 ], [ "W", 8 ], [ "W", 15 ], [ "W", 12 ], [ "R", 2 ], [ "R", 12 ], [ "R", 8 ], [ "W", 12 ], [ "W", 8 ], [ "W", 2 ], [ "W", 12 ], [ "W", 15 ], [ "W", 2 ], [ "R", 10 ], [ "R", 8 ], [ "W", 10 ], [ "W", 8 ], [ "W", 15 ], [ "W", 10 ], [ "R", 15 ], [ "R", 14 ], [ "W", 14 ], [ "W", 10 ], [ "W", 15 ], [ "W", 10 ], [ "W", 8 ], [ "W", 10 ], [ "R", 14 ], [ "W", 8 ], [ "R", 14 ], [ "W", 8 ], [ "R", 14 ], [ "W", 8 ], [ "R", 14 ], [ "W", 8 ], [ "W", 8 ], [ "W", 8 ], [ "W", 8 ], [ "W", 8 ], [ "W", 10 ], [ "W", 8 ], [ "W", 10 ], [ "W", 8 ], [ "W", 8 ], [ "W", 8 ], [ "W", 8 ], [ "W", 8 ], [ "W", 8 ], [ "W", 8 ], [ "W", 8 ], [ "W", 10 ], [ "W", 10 ], [ "W", 15 ], [ "W", 15 ], [ "W", 15 ], [ "W", 15 ], [ "W", 15 ], [ "W", 15 ] ]
    } ]
  },
  "SupportAdminController.support" : {
    "t" : [ {
      "id" : 0,
      "a" : [ [ "R", 13 ] ]
    } ]
  },
  "WorldLeagueTableDetailController.team" : {
    "t" : [ {
      "id" : 0,
      "a" : [ [ "R", 21 ] ]
    } ]
  },
  "WorldLeagueTableController.addSchedule" : {
    "t" : [ {
      "id" : 0,
      "a" : [ [ "R", 22 ], [ "R", 19 ], [ "R", 21 ], [ "W", 19 ], [ "W", 21 ], [ "W", 22 ], [ "W", 19 ], [ "R", 22 ], [ "W", 19 ], [ "W", 22 ], [ "W", 19 ], [ "R", 19 ], [ "W", 21 ], [ "W", 21 ], [ "W", 21 ], [ "W", 21 ], [ "W", 21 ], [ "W", 21 ], [ "W", 21 ], [ "W", 21 ], [ "W", 21 ], [ "W", 19 ], [ "W", 21 ], [ "R", 19 ], [ "W", 5 ], [ "W", 5 ], [ "W", 5 ], [ "W", 5 ] ]
    } ]
  },
  "WorldLeagueDetailController.addWorldTournament" : {
    "t" : [ {
      "id" : 0,
      "a" : [ [ "R", 16 ], [ "R", 22 ], [ "W", 16 ], [ "W", 22 ], [ "R", 16 ], [ "W", 22 ], [ "W", 16 ], [ "W", 22 ] ]
    } ]
  },
  "WorldLeagueTournamentController.addSchedule" : {
    "t" : [ {
      "id" : 0,
      "a" : [ [ "R", 22 ], [ "R", 20 ], [ "R", 17 ], [ "W", 20 ], [ "W", 17 ], [ "W", 22 ], [ "W", 20 ], [ "R", 22 ], [ "W", 20 ], [ "W", 22 ], [ "W", 20 ], [ "R", 20 ], [ "W", 17 ], [ "W", 17 ], [ "W", 17 ], [ "W", 17 ], [ "W", 20 ], [ "W", 17 ], [ "W", 17 ], [ "W", 17 ], [ "R", 20 ], [ "W", 5 ], [ "W", 5 ], [ "W", 5 ], [ "W", 5 ] ]
    } ]
  },
  "GalleryAdminController.addGallery" : {
    "t" : [ {
      "id" : 0,
      "a" : [ [ "R", 6 ], [ "W", 6 ] ]
    } ]
  },
  "SupportController.addSupportCase" : {
    "t" : [ {
      "id" : 0,
      "a" : [ [ "R", 1 ], [ "R", 13 ], [ "R", 4 ], [ "W", 13 ], [ "W", 4 ], [ "W", 1 ], [ "W", 13 ], [ "R", 1 ], [ "W", 13 ], [ "W", 13 ], [ "W", 1 ], [ "W", 13 ], [ "W", 13 ], [ "R", 13 ], [ "W", 4 ], [ "W", 4 ], [ "W", 13 ], [ "W", 4 ] ]
    } ]
  },
  "ScheduleAdminController.schedule" : {
    "t" : [ {
      "id" : 0,
      "a" : [ [ "R", 15 ], [ "R", 12 ], [ "R", 8 ], [ "W", 12 ], [ "W", 8 ], [ "W", 15 ], [ "W", 12 ], [ "R", 2 ], [ "R", 12 ], [ "R", 8 ], [ "W", 12 ], [ "W", 8 ], [ "W", 2 ], [ "W", 12 ], [ "W", 15 ], [ "W", 2 ], [ "R", 10 ], [ "R", 8 ], [ "W", 10 ], [ "W", 8 ], [ "W", 15 ], [ "W", 10 ] ]
    } ]
  },
  "WorldLeagueTableController.worldLeagueTable" : {
    "t" : [ {
      "id" : 0,
      "a" : [ [ "R", 22 ], [ "R", 19 ], [ "R", 21 ], [ "W", 19 ], [ "W", 21 ], [ "W", 22 ], [ "W", 19 ] ]
    } ]
  },
  "TeamDetailController.updateTeam" : {
    "t" : [ {
      "id" : 0,
      "a" : [ [ "R", 14 ], [ "R", 14 ], [ "R", 14 ], [ "W", 14 ], [ "R", 14 ], [ "W", 14 ], [ "R", 14 ], [ "W", 14 ], [ "R", 14 ], [ "W", 14 ], [ "R", 14 ], [ "W", 14 ], [ "R", 14 ], [ "W", 14 ], [ "R", 14 ], [ "W", 14 ], [ "R", 14 ], [ "W", 14 ], [ "R", 14 ], [ "W", 14 ] ]
    } ]
  },
  "TournamentDetailController.updateTournament" : {
    "t" : [ {
      "id" : 0,
      "a" : [ [ "R", 15 ], [ "R", 15 ], [ "R", 15 ], [ "W", 15 ], [ "R", 15 ], [ "W", 15 ] ]
    } ]
  },
  "SupportDetailController.removeSupportCase" : {
    "t" : [ {
      "id" : 0,
      "a" : [ [ "R", 13 ], [ "R", 13 ], [ "W", 13 ] ]
    } ]
  },
  "WorldLeagueDetailController.removeTournament" : {
    "t" : [ {
      "id" : 0,
      "a" : [ [ "R", 22 ], [ "R", 20 ], [ "R", 17 ], [ "W", 20 ], [ "W", 17 ], [ "W", 22 ], [ "W", 20 ], [ "W", 22 ] ]
    } ]
  },
  "LeagueDetailController.updateLeague" : {
    "t" : [ {
      "id" : 0,
      "a" : [ [ "R", 7 ], [ "R", 7 ], [ "R", 7 ], [ "W", 7 ], [ "R", 7 ], [ "W", 7 ], [ "R", 7 ], [ "W", 7 ], [ "R", 7 ], [ "W", 7 ] ]
    } ]
  },
  "OpenWorldNewsController.news" : {
    "t" : [ {
      "id" : 0,
      "a" : [ [ "R", 18 ], [ "R", 18 ] ]
    } ]
  },
  "CommercialController.remove" : {
    "t" : [ {
      "id" : 0,
      "a" : [ [ "R", 3 ], [ "W", 3 ] ]
    } ]
  },
  "UsersController.index" : {
    "t" : [ {
      "id" : 0,
      "a" : [ [ "R", 1 ] ]
    } ]
  },
  "WorldLeagueController.addWorldLeague" : {
    "t" : [ {
      "id" : 0,
      "a" : [ [ "R", 16 ], [ "W", 16 ] ]
    } ]
  },
  "WorldLeagueTournamentDetailController.match" : {
    "t" : [ {
      "id" : 0,
      "a" : [ [ "R", 17 ] ]
    } ]
  },
  "WorldNewsController.addNew" : {
    "t" : [ {
      "id" : 0,
      "a" : [ [ "R", 18 ], [ "W", 18 ], [ "W", 18 ] ]
    } ]
  },
  "TournamentDetailController.tournament" : {
    "t" : [ {
      "id" : 0,
      "a" : [ [ "R", 15 ] ]
    } ]
  },
  "OpenWorldLeagueController.openLeague" : {
    "t" : [ {
      "id" : 0,
      "a" : [ [ "R", 16 ], [ "R", 16 ], [ "R", 22 ], [ "R", 20 ], [ "R", 17 ], [ "W", 20 ], [ "W", 17 ], [ "W", 22 ], [ "W", 20 ], [ "R", 19 ], [ "R", 21 ], [ "W", 19 ], [ "W", 21 ], [ "W", 22 ], [ "W", 19 ], [ "W", 16 ], [ "W", 22 ] ]
    } ]
  },
  "ClusterAdminController.cluster" : {
    "t" : [ {
      "id" : 0,
      "a" : [ [ "R", 15 ], [ "R", 2 ], [ "R", 14 ], [ "W", 2 ], [ "W", 14 ], [ "W", 15 ], [ "W", 2 ] ]
    } ]
  },
  "WorldLeagueTournamentController.removeMatch" : {
    "t" : [ {
      "id" : 0,
      "a" : [ [ "R", 17 ], [ "W", 17 ] ]
    } ]
  },
  "ClusterTeamDetailController.updateTeam" : {
    "t" : [ {
      "id" : 0,
      "a" : [ [ "R", 14 ], [ "R", 14 ], [ "R", 14 ], [ "W", 14 ], [ "R", 14 ], [ "W", 14 ], [ "R", 14 ], [ "W", 14 ], [ "R", 14 ], [ "W", 14 ], [ "R", 14 ], [ "W", 14 ], [ "R", 14 ], [ "W", 14 ], [ "R", 14 ], [ "W", 14 ], [ "R", 14 ], [ "W", 14 ], [ "R", 14 ], [ "W", 14 ] ]
    } ]
  },
  "WorldLeagueController.removeLeague" : {
    "t" : [ {
      "id" : 0,
      "a" : [ [ "R", 16 ], [ "R", 22 ], [ "W", 16 ], [ "W", 22 ], [ "W", 16 ] ]
    } ]
  },
  "WorldNewsController.removeLeague" : {
    "t" : [ {
      "id" : 0,
      "a" : [ [ "R", 18 ], [ "W", 18 ] ]
    } ]
  },
  "SupportController.support" : {
    "t" : [ {
      "id" : 0,
      "a" : [ [ "R", 1 ], [ "R", 13 ], [ "R", 4 ], [ "W", 13 ], [ "W", 4 ], [ "W", 1 ], [ "W", 13 ] ]
    } ]
  },
  "WorldLeagueTableController.removeMatch" : {
    "t" : [ {
      "id" : 0,
      "a" : [ [ "R", 21 ], [ "W", 21 ] ]
    } ]
  }
}