{
  "AssetClinicalRecord" : 1,
  "AssetClinicalRecordErrlog" : 2,
  "AssetContract" : 3,
  "AssetDepreciation" : 4,
  "AssetFileAttachment" : 5,
  "AssetInfo" : 6,
  "AssetSummit" : 7,
  "ChartConfig" : 8,
  "DataTableConfig" : 9,
  "EdgeServerInfo" : 10,
  "FieldCodeType" : 11,
  "FileUploaded" : 12,
  "I18nMessage" : 13,
  "InspectionChecklist" : 14,
  "InspectionOrder" : 15,
  "InspectionOrderDetail" : 16,
  "OrgInfo" : 17,
  "PmOrder" : 18,
  "ProcedureNameMaping" : 19,
  "SiteInfo" : 20,
  "Supplier" : 21,
  "SysRole" : 22,
  "UserAccount" : 23,
  "UserRole" : 24,
  "WorkOrder" : 25,
  "WorkOrderHistory" : 26,
  "WorkOrderStep" : 27,
  "WorkOrderStepDetail" : 28
}