{
  "1" : "AssetClinicalRecord",
  "2" : "AssetClinicalRecordErrlog",
  "3" : "AssetContract",
  "4" : "AssetDepreciation",
  "5" : "AssetFileAttachment",
  "6" : "AssetInfo",
  "7" : "AssetSummit",
  "8" : "ChartConfig",
  "9" : "DataTableConfig",
  "10" : "EdgeServerInfo",
  "11" : "FieldCodeType",
  "12" : "FileUploaded",
  "13" : "I18nMessage",
  "14" : "InspectionChecklist",
  "15" : "InspectionOrder",
  "16" : "InspectionOrderDetail",
  "17" : "OrgInfo",
  "18" : "PmOrder",
  "19" : "ProcedureNameMaping",
  "20" : "SiteInfo",
  "21" : "Supplier",
  "22" : "SysRole",
  "23" : "UserAccount",
  "24" : "UserRole",
  "25" : "WorkOrder",
  "26" : "WorkOrderHistory",
  "27" : "WorkOrderStep",
  "28" : "WorkOrderStepDetail"
}