{
  "WorkOrderController.getMsg" : {
    "t" : [ {
      "id" : 0,
      "a" : [ [ "R", 13 ] ]
    } ]
  },
  "WorkOrderController.woCreate" : {
    "t" : [ {
      "id" : 0,
      "a" : [ [ "R", 23 ] ]
    } ]
  },
  "AssetExamController.excute" : {
    "t" : [ {
      "id" : 0,
      "a" : [ [ "R", 1 ], [ "R", 1 ], [ "R", 1 ], [ "R", 1 ], [ "R", 1 ], [ "R", 7 ], [ "R", 7 ], [ "R", 7 ], [ "R", 7 ], [ "R", 7 ], [ "R", 7 ], [ "W", 7 ], [ "W", 7 ], [ "W", 7 ], [ "W", 7 ], [ "W", 7 ], [ "W", 7 ] ]
    } ]
  },
  "WeChatCoreController.bindUser" : {
    "t" : [ {
      "id" : 0,
      "a" : [ [ "R", 23 ], [ "R", 23 ], [ "R", 23 ], [ "R", 23 ], [ "W", 23 ], [ "W", 23 ], [ "R", 23 ], [ "R", 23 ], [ "R", 23 ] ]
    } ]
  },
  "AssetExamController.aggreByDay" : {
    "t" : [ {
      "id" : 0,
      "a" : [ [ "R", 1 ], [ "R", 1 ], [ "R", 1 ], [ "R", 1 ], [ "R", 1 ], [ "R", 7 ], [ "R", 7 ], [ "R", 7 ], [ "R", 7 ], [ "R", 7 ], [ "R", 7 ], [ "W", 7 ], [ "W", 7 ], [ "W", 7 ], [ "W", 7 ], [ "W", 7 ], [ "W", 7 ] ]
    } ]
  },
  "TestController.getUsers" : {
    "t" : [ {
      "id" : 0,
      "a" : [ [ "R", 23 ] ]
    } ]
  },
  "WorkOrderController.detailCost" : {
    "t" : [ {
      "id" : 0,
      "a" : [ [ "R", 28 ] ]
    } ]
  },
  "WorkOrderController.woListData" : {
    "t" : [ {
      "id" : 0,
      "a" : [ [ "R", 23 ], [ "R", 23 ], [ "R", 25 ] ]
    } ]
  },
  "ProxyController.proxyHandler" : {
    "t" : [ {
      "id" : 0,
      "a" : [ [ "R", 23 ], [ "R", 23 ], [ "R", 23 ], [ "R", 23 ] ]
    } ]
  },
  "WorkOrderController.getRequestor" : {
    "t" : [ {
      "id" : 0,
      "a" : [ [ "R", 23 ], [ "R", 23 ], [ "R", 23 ], [ "R", 23 ] ]
    } ]
  },
  "WorkOrderController.woDetail" : {
    "t" : [ {
      "id" : 0,
      "a" : [ [ "R", 25 ] ]
    } ]
  },
  "WeChatMenuDispatcher.wechatMenuItem" : {
    "t" : [ {
      "id" : 0,
      "a" : [ [ "R", 23 ], [ "R", 23 ], [ "R", 23 ] ]
    } ]
  },
  "TestController.getData" : {
    "t" : [ {
      "id" : 0,
      "a" : [ [ "R", 23 ] ]
    } ]
  },
  "RepairProcessController.findRepairList" : {
    "t" : [ {
      "id" : 0,
      "a" : [ [ "R", 25 ] ]
    } ]
  },
  "WorkOrderController.uploadMediaToWeChat" : {
    "t" : [ {
      "id" : 0,
      "a" : [ [ "R", 12 ] ]
    } ]
  },
  "WorkOrderController.saveWorkOrder" : {
    "t" : [ {
      "id" : 0,
      "a" : [ [ "R", 23 ], [ "R", 23 ], [ "W", 25 ], [ "R", 23 ], [ "W", 25 ], [ "W", 25 ], [ "W", 25 ], [ "W", 25 ], [ "W", 25 ], [ "W", 25 ], [ "R", 25 ], [ "W", 27 ], [ "R", 25 ], [ "W", 27 ], [ "R", 25 ], [ "R", 25 ], [ "W", 27 ], [ "R", 25 ], [ "R", 25 ], [ "W", 27 ], [ "R", 25 ], [ "W", 27 ], [ "R", 25 ], [ "W", 27 ], [ "W", 27 ], [ "R", 25 ], [ "W", 25 ], [ "W", 27 ], [ "R", 27 ], [ "W", 25 ], [ "R", 25 ], [ "R", 23 ], [ "R", 23 ], [ "W", 25 ], [ "W", 25 ], [ "R", 25 ], [ "R", 25 ], [ "R", 25 ], [ "W", 25 ], [ "R", 25 ], [ "R", 23 ], [ "R", 23 ], [ "W", 25 ], [ "W", 25 ], [ "R", 25 ], [ "W", 27 ], [ "R", 25 ], [ "W", 27 ], [ "R", 25 ], [ "R", 25 ], [ "W", 27 ], [ "R", 25 ], [ "R", 25 ], [ "W", 27 ], [ "R", 25 ], [ "W", 27 ], [ "R", 25 ], [ "W", 27 ], [ "W", 27 ], [ "R", 25 ], [ "W", 25 ], [ "W", 25 ], [ "R", 25 ], [ "W", 27 ], [ "R", 25 ], [ "W", 27 ], [ "R", 25 ], [ "W", 27 ], [ "R", 27 ], [ "R", 28 ], [ "R", 27 ], [ "R", 28 ], [ "R", 27 ], [ "R", 28 ], [ "R", 27 ], [ "R", 28 ], [ "R", 27 ], [ "R", 28 ], [ "R", 28 ], [ "R", 28 ], [ "R", 28 ], [ "R", 28 ], [ "R", 28 ], [ "R", 27 ], [ "R", 28 ], [ "W", 27 ], [ "W", 28 ], [ "W", 27 ], [ "R", 25 ], [ "R", 25 ], [ "R", 25 ], [ "R", 25 ], [ "R", 20 ], [ "R", 20 ], [ "R", 20 ], [ "R", 27 ], [ "R", 28 ], [ "R", 28 ], [ "R", 28 ], [ "R", 28 ], [ "R", 28 ], [ "R", 28 ], [ "R", 28 ], [ "R", 28 ], [ "R", 28 ], [ "R", 28 ], [ "R", 28 ], [ "W", 25 ], [ "W", 25 ], [ "W", 25 ], [ "R", 25 ], [ "W", 27 ], [ "R", 25 ], [ "W", 27 ], [ "R", 25 ], [ "W", 27 ], [ "R", 27 ], [ "R", 28 ], [ "R", 27 ], [ "R", 28 ], [ "R", 27 ], [ "R", 28 ], [ "R", 27 ], [ "R", 28 ], [ "R", 27 ], [ "R", 28 ], [ "R", 28 ], [ "R", 28 ], [ "R", 28 ], [ "R", 28 ], [ "R", 28 ], [ "R", 27 ], [ "R", 28 ], [ "W", 27 ], [ "W", 28 ], [ "W", 27 ], [ "R", 27 ], [ "W", 25 ], [ "R", 27 ], [ "W", 25 ], [ "R", 27 ], [ "W", 25 ], [ "R", 27 ], [ "R", 25 ], [ "R", 23 ], [ "R", 23 ], [ "R", 27 ], [ "R", 27 ], [ "R", 27 ], [ "R", 27 ], [ "R", 25 ], [ "R", 25 ], [ "R", 25 ], [ "R", 20 ], [ "R", 25 ], [ "R", 27 ], [ "R", 27 ], [ "R", 27 ], [ "R", 27 ], [ "R", 27 ], [ "R", 27 ], [ "R", 20 ], [ "R", 20 ], [ "R", 20 ], [ "R", 20 ], [ "R", 20 ], [ "W", 25 ], [ "W", 25 ], [ "W", 27 ], [ "R", 27 ], [ "R", 25 ], [ "W", 25 ], [ "W", 25 ], [ "R", 25 ], [ "W", 27 ], [ "R", 25 ], [ "W", 27 ], [ "R", 25 ], [ "W", 27 ], [ "R", 27 ], [ "R", 28 ], [ "R", 27 ], [ "R", 28 ], [ "R", 27 ], [ "R", 28 ], [ "R", 27 ], [ "R", 28 ], [ "R", 27 ], [ "R", 28 ], [ "R", 28 ], [ "R", 28 ], [ "R", 28 ], [ "R", 28 ], [ "R", 28 ], [ "R", 27 ], [ "R", 28 ], [ "W", 27 ], [ "W", 28 ], [ "W", 27 ], [ "R", 25 ], [ "R", 25 ], [ "R", 25 ], [ "R", 25 ], [ "R", 20 ], [ "R", 20 ], [ "R", 20 ], [ "R", 27 ], [ "R", 28 ], [ "R", 28 ], [ "R", 28 ], [ "R", 28 ], [ "R", 28 ], [ "R", 28 ], [ "R", 28 ], [ "R", 28 ], [ "R", 28 ], [ "R", 28 ], [ "R", 28 ], [ "W", 25 ], [ "W", 25 ], [ "W", 25 ], [ "R", 25 ], [ "W", 27 ], [ "R", 25 ], [ "W", 27 ], [ "R", 25 ], [ "W", 27 ], [ "R", 27 ], [ "R", 28 ], [ "R", 27 ], [ "R", 28 ], [ "R", 27 ], [ "R", 28 ], [ "R", 27 ], [ "R", 28 ], [ "R", 27 ], [ "R", 28 ], [ "R", 28 ], [ "R", 28 ], [ "R", 28 ], [ "R", 28 ], [ "R", 28 ], [ "R", 27 ], [ "R", 28 ], [ "W", 27 ], [ "W", 28 ], [ "W", 27 ], [ "R", 25 ], [ "W", 27 ], [ "R", 25 ], [ "W", 27 ], [ "R", 25 ], [ "R", 25 ], [ "W", 27 ], [ "R", 25 ], [ "R", 25 ], [ "W", 27 ], [ "R", 25 ], [ "W", 27 ], [ "R", 25 ], [ "W", 27 ], [ "W", 27 ], [ "W", 27 ], [ "R", 25 ], [ "W", 25 ], [ "W", 25 ], [ "R", 25 ], [ "W", 27 ], [ "R", 25 ], [ "W", 27 ], [ "R", 25 ], [ "W", 27 ], [ "R", 27 ], [ "R", 28 ], [ "R", 27 ], [ "R", 28 ], [ "R", 27 ], [ "R", 28 ], [ "R", 27 ], [ "R", 28 ], [ "R", 27 ], [ "R", 28 ], [ "R", 28 ], [ "R", 28 ], [ "R", 28 ], [ "R", 28 ], [ "R", 28 ], [ "R", 27 ], [ "R", 28 ], [ "W", 27 ], [ "W", 28 ], [ "W", 27 ], [ "R", 25 ], [ "R", 25 ], [ "R", 25 ], [ "R", 25 ], [ "R", 20 ], [ "R", 20 ], [ "R", 20 ], [ "R", 27 ], [ "R", 28 ], [ "R", 28 ], [ "R", 28 ], [ "R", 28 ], [ "R", 28 ], [ "R", 28 ], [ "R", 28 ], [ "R", 28 ], [ "R", 28 ], [ "R", 28 ], [ "R", 28 ], [ "W", 25 ], [ "W", 25 ], [ "W", 25 ], [ "R", 25 ], [ "W", 27 ], [ "R", 25 ], [ "W", 27 ], [ "R", 25 ], [ "W", 27 ], [ "R", 27 ], [ "R", 28 ], [ "R", 27 ], [ "R", 28 ], [ "R", 27 ], [ "R", 28 ], [ "R", 27 ], [ "R", 28 ], [ "R", 27 ], [ "R", 28 ], [ "R", 28 ], [ "R", 28 ], [ "R", 28 ], [ "R", 28 ], [ "R", 28 ], [ "R", 27 ], [ "R", 28 ], [ "W", 27 ], [ "W", 28 ], [ "W", 27 ], [ "W", 25 ], [ "R", 25 ], [ "R", 27 ], [ "R", 27 ], [ "R", 27 ], [ "R", 27 ], [ "R", 27 ], [ "R", 27 ], [ "R", 27 ], [ "W", 12 ], [ "W", 27 ], [ "W", 27 ], [ "W", 27 ] ]
    } ]
  },
  "WorkOrderController.findAsset" : {
    "t" : [ {
      "id" : 0,
      "a" : [ [ "R", 6 ], [ "R", 6 ], [ "R", 6 ] ]
    } ]
  },
  "WorkOrderController.getImage" : {
    "t" : [ {
      "id" : 0,
      "a" : [ [ "R", 12 ] ]
    } ]
  },
  "WorkOrderController.getCurrentPerson" : {
    "t" : [ {
      "id" : 0,
      "a" : [ [ "R", 23 ], [ "R", 23 ], [ "R", 24 ], [ "R", 23 ], [ "R", 23 ], [ "R", 23 ], [ "R", 24 ], [ "R", 24 ], [ "R", 23 ], [ "R", 23 ] ]
    } ]
  },
  "AssetCostController.excuteTask" : {
    "t" : [ {
      "id" : 0,
      "a" : [ [ "R", 7 ], [ "R", 6 ], [ "R", 25 ], [ "R", 6 ], [ "R", 25 ], [ "R", 25 ], [ "R", 4 ], [ "R", 7 ] ]
    } ]
  },
  "WorkOrderController.assetWorkOrderList" : {
    "t" : [ {
      "id" : 0,
      "a" : [ [ "R", 23 ], [ "R", 23 ], [ "R", 25 ] ]
    } ]
  },
  "WorkOrderController.woStepDetail" : {
    "t" : [ {
      "id" : 0,
      "a" : [ [ "R", 27 ] ]
    } ]
  },
  "AssetExamController.aggreFromTo" : {
    "t" : [ {
      "id" : 0,
      "a" : [ [ "R", 1 ], [ "R", 1 ], [ "R", 1 ], [ "R", 1 ], [ "R", 1 ], [ "R", 7 ], [ "R", 7 ], [ "R", 7 ], [ "R", 7 ], [ "R", 7 ], [ "R", 7 ], [ "W", 7 ], [ "W", 7 ], [ "W", 7 ], [ "W", 7 ], [ "W", 7 ], [ "W", 7 ] ]
    } ]
  },
  "AssetCostController.calByFromTo" : {
    "t" : [ {
      "id" : 0,
      "a" : [ [ "R", 7 ], [ "R", 6 ], [ "R", 25 ], [ "R", 6 ], [ "R", 25 ], [ "R", 25 ], [ "R", 4 ], [ "R", 7 ] ]
    } ]
  },
  "AssetCostController.calByDay" : {
    "t" : [ {
      "id" : 0,
      "a" : [ [ "R", 7 ], [ "R", 6 ], [ "R", 25 ], [ "R", 6 ], [ "R", 25 ], [ "R", 25 ], [ "R", 4 ], [ "R", 7 ], [ "R", 6 ], [ "R", 25 ], [ "R", 6 ], [ "R", 25 ], [ "R", 25 ], [ "R", 4 ], [ "R", 7 ] ]
    } ]
  },
  "WorkOrderController.finishWo" : {
    "t" : [ {
      "id" : 0,
      "a" : [ [ "R", 25 ], [ "W", 25 ], [ "W", 25 ], [ "R", 25 ], [ "R", 25 ], [ "R", 27 ], [ "R", 27 ], [ "R", 27 ], [ "R", 27 ], [ "R", 27 ], [ "W", 27 ], [ "R", 27 ], [ "W", 28 ], [ "R", 27 ], [ "R", 28 ], [ "W", 27 ], [ "W", 28 ], [ "R", 27 ], [ "R", 28 ], [ "W", 27 ], [ "W", 28 ], [ "W", 27 ], [ "R", 27 ], [ "W", 25 ], [ "R", 25 ], [ "R", 23 ], [ "R", 23 ], [ "W", 25 ], [ "W", 25 ], [ "R", 25 ], [ "R", 25 ], [ "R", 25 ], [ "W", 25 ], [ "R", 25 ], [ "R", 23 ], [ "R", 23 ], [ "W", 25 ], [ "W", 25 ], [ "R", 25 ], [ "W", 27 ], [ "R", 25 ], [ "W", 27 ], [ "R", 25 ], [ "R", 25 ], [ "W", 27 ], [ "R", 25 ], [ "R", 25 ], [ "W", 27 ], [ "R", 25 ], [ "W", 27 ], [ "R", 25 ], [ "W", 27 ], [ "W", 27 ], [ "R", 25 ], [ "W", 25 ], [ "W", 25 ], [ "R", 25 ], [ "W", 27 ], [ "R", 25 ], [ "W", 27 ], [ "R", 25 ], [ "W", 27 ], [ "R", 27 ], [ "R", 28 ], [ "R", 27 ], [ "R", 28 ], [ "R", 27 ], [ "R", 28 ], [ "R", 27 ], [ "R", 28 ], [ "R", 27 ], [ "R", 28 ], [ "R", 28 ], [ "R", 28 ], [ "R", 28 ], [ "R", 28 ], [ "R", 28 ], [ "R", 27 ], [ "R", 28 ], [ "W", 27 ], [ "W", 28 ], [ "W", 27 ], [ "R", 25 ], [ "R", 25 ], [ "R", 25 ], [ "R", 25 ], [ "R", 20 ], [ "R", 20 ], [ "R", 20 ], [ "R", 27 ], [ "R", 28 ], [ "R", 28 ], [ "R", 28 ], [ "R", 28 ], [ "R", 28 ], [ "R", 28 ], [ "R", 28 ], [ "R", 28 ], [ "R", 28 ], [ "R", 28 ], [ "R", 28 ], [ "W", 25 ], [ "W", 25 ], [ "W", 25 ], [ "R", 25 ], [ "W", 27 ], [ "R", 25 ], [ "W", 27 ], [ "R", 25 ], [ "W", 27 ], [ "R", 27 ], [ "R", 28 ], [ "R", 27 ], [ "R", 28 ], [ "R", 27 ], [ "R", 28 ], [ "R", 27 ], [ "R", 28 ], [ "R", 27 ], [ "R", 28 ], [ "R", 28 ], [ "R", 28 ], [ "R", 28 ], [ "R", 28 ], [ "R", 28 ], [ "R", 27 ], [ "R", 28 ], [ "W", 27 ], [ "W", 28 ], [ "W", 27 ], [ "R", 27 ], [ "W", 25 ], [ "R", 27 ], [ "W", 25 ], [ "R", 27 ], [ "W", 25 ], [ "R", 27 ], [ "R", 25 ], [ "R", 23 ], [ "R", 23 ], [ "R", 27 ], [ "R", 27 ], [ "R", 27 ], [ "R", 27 ], [ "R", 25 ], [ "R", 25 ], [ "R", 25 ], [ "R", 20 ], [ "R", 25 ], [ "R", 27 ], [ "R", 27 ], [ "R", 27 ], [ "R", 27 ], [ "R", 27 ], [ "R", 27 ], [ "R", 20 ], [ "R", 20 ], [ "R", 20 ], [ "R", 20 ], [ "R", 20 ], [ "W", 25 ], [ "W", 25 ], [ "W", 27 ], [ "R", 27 ], [ "R", 25 ], [ "W", 25 ], [ "W", 25 ], [ "R", 25 ], [ "W", 27 ], [ "R", 25 ], [ "W", 27 ], [ "R", 25 ], [ "W", 27 ], [ "R", 27 ], [ "R", 28 ], [ "R", 27 ], [ "R", 28 ], [ "R", 27 ], [ "R", 28 ], [ "R", 27 ], [ "R", 28 ], [ "R", 27 ], [ "R", 28 ], [ "R", 28 ], [ "R", 28 ], [ "R", 28 ], [ "R", 28 ], [ "R", 28 ], [ "R", 27 ], [ "R", 28 ], [ "W", 27 ], [ "W", 28 ], [ "W", 27 ], [ "R", 25 ], [ "R", 25 ], [ "R", 25 ], [ "R", 25 ], [ "R", 20 ], [ "R", 20 ], [ "R", 20 ], [ "R", 27 ], [ "R", 28 ], [ "R", 28 ], [ "R", 28 ], [ "R", 28 ], [ "R", 28 ], [ "R", 28 ], [ "R", 28 ], [ "R", 28 ], [ "R", 28 ], [ "R", 28 ], [ "R", 28 ], [ "W", 25 ], [ "W", 25 ], [ "W", 25 ], [ "R", 25 ], [ "W", 27 ], [ "R", 25 ], [ "W", 27 ], [ "R", 25 ], [ "W", 27 ], [ "R", 27 ], [ "R", 28 ], [ "R", 27 ], [ "R", 28 ], [ "R", 27 ], [ "R", 28 ], [ "R", 27 ], [ "R", 28 ], [ "R", 27 ], [ "R", 28 ], [ "R", 28 ], [ "R", 28 ], [ "R", 28 ], [ "R", 28 ], [ "R", 28 ], [ "R", 27 ], [ "R", 28 ], [ "W", 27 ], [ "W", 28 ], [ "W", 27 ], [ "R", 25 ], [ "W", 27 ], [ "R", 25 ], [ "W", 27 ], [ "R", 25 ], [ "R", 25 ], [ "W", 27 ], [ "R", 25 ], [ "R", 25 ], [ "W", 27 ], [ "R", 25 ], [ "W", 27 ], [ "R", 25 ], [ "W", 27 ], [ "W", 27 ], [ "W", 27 ], [ "R", 25 ], [ "W", 25 ], [ "W", 25 ], [ "R", 25 ], [ "W", 27 ], [ "R", 25 ], [ "W", 27 ], [ "R", 25 ], [ "W", 27 ], [ "R", 27 ], [ "R", 28 ], [ "R", 27 ], [ "R", 28 ], [ "R", 27 ], [ "R", 28 ], [ "R", 27 ], [ "R", 28 ], [ "R", 27 ], [ "R", 28 ], [ "R", 28 ], [ "R", 28 ], [ "R", 28 ], [ "R", 28 ], [ "R", 28 ], [ "R", 27 ], [ "R", 28 ], [ "W", 27 ], [ "W", 28 ], [ "W", 27 ], [ "R", 25 ], [ "R", 25 ], [ "R", 25 ], [ "R", 25 ], [ "R", 20 ], [ "R", 20 ], [ "R", 20 ], [ "R", 27 ], [ "R", 28 ], [ "R", 28 ], [ "R", 28 ], [ "R", 28 ], [ "R", 28 ], [ "R", 28 ], [ "R", 28 ], [ "R", 28 ], [ "R", 28 ], [ "R", 28 ], [ "R", 28 ], [ "W", 25 ], [ "W", 25 ], [ "W", 25 ], [ "R", 25 ], [ "W", 27 ], [ "R", 25 ], [ "W", 27 ], [ "R", 25 ], [ "W", 27 ], [ "R", 27 ], [ "R", 28 ], [ "R", 27 ], [ "R", 28 ], [ "R", 27 ], [ "R", 28 ], [ "R", 27 ], [ "R", 28 ], [ "R", 27 ], [ "R", 28 ], [ "R", 28 ], [ "R", 28 ], [ "R", 28 ], [ "R", 28 ], [ "R", 28 ], [ "R", 27 ], [ "R", 28 ], [ "W", 27 ], [ "W", 28 ], [ "W", 27 ], [ "W", 25 ], [ "R", 25 ], [ "R", 23 ], [ "R", 23 ], [ "W", 25 ], [ "W", 25 ], [ "R", 25 ], [ "R", 25 ], [ "R", 25 ], [ "W", 25 ], [ "R", 25 ], [ "R", 23 ], [ "R", 23 ], [ "W", 25 ], [ "W", 25 ], [ "R", 25 ], [ "W", 27 ], [ "R", 25 ], [ "W", 27 ], [ "R", 25 ], [ "R", 25 ], [ "W", 27 ], [ "R", 25 ], [ "R", 25 ], [ "W", 27 ], [ "R", 25 ], [ "W", 27 ], [ "R", 25 ], [ "W", 27 ], [ "W", 27 ], [ "R", 25 ], [ "W", 25 ], [ "W", 25 ], [ "R", 25 ], [ "W", 27 ], [ "R", 25 ], [ "W", 27 ], [ "R", 25 ], [ "W", 27 ], [ "R", 27 ], [ "R", 28 ], [ "R", 27 ], [ "R", 28 ], [ "R", 27 ], [ "R", 28 ], [ "R", 27 ], [ "R", 28 ], [ "R", 27 ], [ "R", 28 ], [ "R", 28 ], [ "R", 28 ], [ "R", 28 ], [ "R", 28 ], [ "R", 28 ], [ "R", 27 ], [ "R", 28 ], [ "W", 27 ], [ "W", 28 ], [ "W", 27 ], [ "R", 25 ], [ "R", 25 ], [ "R", 25 ], [ "R", 25 ], [ "R", 20 ], [ "R", 20 ], [ "R", 20 ], [ "R", 27 ], [ "R", 28 ], [ "R", 28 ], [ "R", 28 ], [ "R", 28 ], [ "R", 28 ], [ "R", 28 ], [ "R", 28 ], [ "R", 28 ], [ "R", 28 ], [ "R", 28 ], [ "R", 28 ], [ "W", 25 ], [ "W", 25 ], [ "W", 25 ], [ "R", 25 ], [ "W", 27 ], [ "R", 25 ], [ "W", 27 ], [ "R", 25 ], [ "W", 27 ], [ "R", 27 ], [ "R", 28 ], [ "R", 27 ], [ "R", 28 ], [ "R", 27 ], [ "R", 28 ], [ "R", 27 ], [ "R", 28 ], [ "R", 27 ], [ "R", 28 ], [ "R", 28 ], [ "R", 28 ], [ "R", 28 ], [ "R", 28 ], [ "R", 28 ], [ "R", 27 ], [ "R", 28 ], [ "W", 27 ], [ "W", 28 ], [ "W", 27 ], [ "W", 25 ], [ "R", 27 ], [ "R", 25 ], [ "R", 23 ], [ "R", 23 ], [ "R", 27 ], [ "R", 27 ], [ "R", 27 ], [ "R", 27 ], [ "W", 25 ], [ "W", 25 ], [ "W", 27 ], [ "R", 27 ], [ "R", 25 ], [ "W", 25 ], [ "W", 25 ], [ "R", 25 ], [ "W", 27 ], [ "R", 25 ], [ "W", 27 ], [ "R", 25 ], [ "W", 27 ], [ "R", 27 ], [ "R", 28 ], [ "R", 27 ], [ "R", 28 ], [ "R", 27 ], [ "R", 28 ], [ "R", 27 ], [ "R", 28 ], [ "R", 27 ], [ "R", 28 ], [ "R", 28 ], [ "R", 28 ], [ "R", 28 ], [ "R", 28 ], [ "R", 28 ], [ "R", 27 ], [ "R", 28 ], [ "W", 27 ], [ "W", 28 ], [ "W", 27 ], [ "R", 25 ], [ "R", 25 ], [ "R", 25 ], [ "R", 25 ], [ "R", 20 ], [ "R", 20 ], [ "R", 20 ], [ "R", 27 ], [ "R", 28 ], [ "R", 28 ], [ "R", 28 ], [ "R", 28 ], [ "R", 28 ], [ "R", 28 ], [ "R", 28 ], [ "R", 28 ], [ "R", 28 ], [ "R", 28 ], [ "R", 28 ], [ "W", 25 ], [ "W", 25 ], [ "W", 25 ], [ "R", 25 ], [ "W", 27 ], [ "R", 25 ], [ "W", 27 ], [ "R", 25 ], [ "W", 27 ], [ "R", 27 ], [ "R", 28 ], [ "R", 27 ], [ "R", 28 ], [ "R", 27 ], [ "R", 28 ], [ "R", 27 ], [ "R", 28 ], [ "R", 27 ], [ "R", 28 ], [ "R", 28 ], [ "R", 28 ], [ "R", 28 ], [ "R", 28 ], [ "R", 28 ], [ "R", 27 ], [ "R", 28 ], [ "W", 27 ], [ "W", 28 ], [ "W", 27 ], [ "R", 25 ], [ "W", 27 ], [ "R", 25 ], [ "W", 27 ], [ "R", 25 ], [ "R", 25 ], [ "W", 27 ], [ "R", 25 ], [ "R", 25 ], [ "W", 27 ], [ "R", 25 ], [ "W", 27 ], [ "R", 25 ], [ "W", 27 ], [ "W", 27 ], [ "W", 27 ], [ "R", 25 ], [ "W", 25 ], [ "W", 25 ], [ "R", 25 ], [ "W", 27 ], [ "R", 25 ], [ "W", 27 ], [ "R", 25 ], [ "W", 27 ], [ "R", 27 ], [ "R", 28 ], [ "R", 27 ], [ "R", 28 ], [ "R", 27 ], [ "R", 28 ], [ "R", 27 ], [ "R", 28 ], [ "R", 27 ], [ "R", 28 ], [ "R", 28 ], [ "R", 28 ], [ "R", 28 ], [ "R", 28 ], [ "R", 28 ], [ "R", 27 ], [ "R", 28 ], [ "W", 27 ], [ "W", 28 ], [ "W", 27 ], [ "R", 25 ], [ "R", 25 ], [ "R", 25 ], [ "R", 25 ], [ "R", 20 ], [ "R", 20 ], [ "R", 20 ], [ "R", 27 ], [ "R", 28 ], [ "R", 28 ], [ "R", 28 ], [ "R", 28 ], [ "R", 28 ], [ "R", 28 ], [ "R", 28 ], [ "R", 28 ], [ "R", 28 ], [ "R", 28 ], [ "R", 28 ], [ "W", 25 ], [ "W", 25 ], [ "W", 25 ], [ "R", 25 ], [ "W", 27 ], [ "R", 25 ], [ "W", 27 ], [ "R", 25 ], [ "W", 27 ], [ "R", 27 ], [ "R", 28 ], [ "R", 27 ], [ "R", 28 ], [ "R", 27 ], [ "R", 28 ], [ "R", 27 ], [ "R", 28 ], [ "R", 27 ], [ "R", 28 ], [ "R", 28 ], [ "R", 28 ], [ "R", 28 ], [ "R", 28 ], [ "R", 28 ], [ "R", 27 ], [ "R", 28 ], [ "W", 27 ], [ "W", 28 ], [ "W", 27 ], [ "W", 25 ], [ "R", 25 ], [ "R", 6 ], [ "W", 6 ], [ "W", 6 ], [ "R", 27 ], [ "R", 27 ], [ "W", 12 ], [ "W", 27 ], [ "W", 27 ], [ "W", 27 ] ]
    } ]
  },
  "RepairProcessController.findRepairDetail" : {
    "t" : [ {
      "id" : 0,
      "a" : [ [ "R", 25 ], [ "R", 25 ], [ "R", 25 ] ]
    } ]
  },
  "WorkOrderController.savevoice" : {
    "t" : [ {
      "id" : 0,
      "a" : [ [ "W", 25 ], [ "R", 25 ], [ "R", 27 ], [ "R", 27 ], [ "R", 27 ], [ "R", 27 ], [ "R", 27 ], [ "R", 27 ], [ "R", 27 ], [ "W", 12 ], [ "W", 27 ], [ "W", 27 ], [ "W", 27 ] ]
    } ]
  }
}