{
  "1" : "Action",
  "2" : "Advice",
  "3" : "App",
  "4" : "AppChannel",
  "5" : "AppPackage",
  "6" : "AppPatch",
  "7" : "AppType",
  "8" : "AppVersion",
  "9" : "AppWidget",
  "10" : "BaseEntity",
  "11" : "Bug",
  "12" : "BugAuth",
  "13" : "BugMark",
  "14" : "BugMember",
  "15" : "BugModule",
  "16" : "BugStatusSort",
  "17" : "CheckInfo",
  "18" : "DataModel",
  "19" : "Document",
  "20" : "DocumentChapter",
  "21" : "DocumentMarker",
  "22" : "Dynamic",
  "23" : "DynamicDependency",
  "24" : "DynamicModule",
  "25" : "Engine",
  "26" : "Enterprise",
  "27" : "EntityResourceRel",
  "28" : "FilialeInfo",
  "29" : "GitOperationLog",
  "30" : "IdentityCode",
  "31" : "Notice",
  "32" : "NoticeDependency",
  "33" : "NoticeModule",
  "34" : "Permission",
  "35" : "PermissionInterceptor",
  "36" : "Plugin",
  "37" : "PluginCategory",
  "38" : "PluginResource",
  "39" : "PluginVersion",
  "40" : "Process",
  "41" : "ProcessAuth",
  "42" : "ProcessConfig",
  "43" : "ProcessMember",
  "44" : "ProcessTemplate",
  "45" : "Project",
  "46" : "ProjectAuth",
  "47" : "ProjectCategory",
  "48" : "ProjectMember",
  "49" : "ProjectParent",
  "50" : "ProjectSort",
  "51" : "Resource",
  "52" : "ResourceContent",
  "53" : "ResourceFileInfo",
  "54" : "ResourceFileRelation",
  "55" : "ResourceType",
  "56" : "Role",
  "57" : "RoleAuth",
  "58" : "SEQ",
  "59" : "Setting",
  "60" : "SettingsConfig",
  "61" : "TInterFace",
  "62" : "Tag",
  "63" : "Task",
  "64" : "TaskAuth",
  "65" : "TaskComment",
  "66" : "TaskGroup",
  "67" : "TaskGroupSort",
  "68" : "TaskLeaf",
  "69" : "TaskMember",
  "70" : "TaskTag",
  "71" : "Team",
  "72" : "TeamAnaly",
  "73" : "TeamAuth",
  "74" : "TeamGroup",
  "75" : "TeamMember",
  "76" : "TempletInfo",
  "77" : "Topic",
  "78" : "TopicAuth",
  "79" : "TopicComment",
  "80" : "TopicMember",
  "81" : "TopicResource",
  "82" : "Trans",
  "83" : "TransFlowHIS",
  "84" : "TransHis",
  "85" : "User",
  "86" : "UserActiveTool",
  "87" : "UserAuth",
  "88" : "Video"
}