{
  "1" : "Action",
  "2" : "BackupLog",
  "3" : "BaseEntity",
  "4" : "DiskStatistic",
  "5" : "Engine",
  "6" : "FilialeInfo",
  "7" : "GitOperationLog",
  "8" : "LogAction",
  "9" : "Manager",
  "10" : "ManagerAuth",
  "11" : "Module",
  "12" : "OperationLog",
  "13" : "Permission",
  "14" : "PermissionType",
  "15" : "PermissionTypeAuth",
  "16" : "PlatFormLog",
  "17" : "Plugin",
  "18" : "PluginCategory",
  "19" : "PluginVersion",
  "20" : "ProcessConfig",
  "21" : "ProcessTemplate",
  "22" : "ProjectDynamic",
  "23" : "ResourceContent",
  "24" : "ResourceFileInfo",
  "25" : "ResourceFileRelation",
  "26" : "ResourceType",
  "27" : "Role",
  "28" : "RoleAuth",
  "29" : "Setting",
  "30" : "TaskConfig",
  "31" : "TaskConfigRelate",
  "32" : "TeamDynamic",
  "33" : "TempletInfo",
  "34" : "User",
  "35" : "UserAuth",
  "36" : "UserDynamic",
  "37" : "Video"
}