{
  "AttributeController.attributeDel" : {
    "t" : [ {
      "id" : 0,
      "a" : [ [ "W", 10 ] ]
    } ]
  },
  "PublicPlatformController.saveSelfmenu" : {
    "t" : [ {
      "id" : 0,
      "a" : [ [ "R", 64 ], [ "R", 64 ], [ "R", 3 ], [ "R", 64 ], [ "R", 64 ], [ "R", 64 ], [ "R", 64 ], [ "R", 3 ], [ "R", 3 ], [ "W", 64 ], [ "W", 3 ], [ "W", 64 ], [ "W", 64 ], [ "W", 64 ], [ "W", 64 ], [ "W", 64 ], [ "W", 64 ], [ "W", 3 ], [ "W", 64 ], [ "W", 64 ], [ "W", 64 ], [ "W", 64 ], [ "W", 64 ], [ "W", 64 ], [ "W", 64 ] ]
    } ]
  },
  "CmsModelController.modelListJson" : {
    "t" : [ {
      "id" : 0,
      "a" : [ [ "R", 65 ], [ "R", 65 ], [ "R", 65 ], [ "R", 65 ], [ "R", 65 ], [ "R", 65 ], [ "R", 65 ], [ "R", 65 ], [ "R", 65 ], [ "R", 17 ], [ "R", 17 ], [ "R", 17 ], [ "R", 65 ], [ "R", 17 ], [ "R", 17 ], [ "R", 17 ], [ "R", 17 ], [ "R", 17 ], [ "R", 17 ], [ "R", 17 ] ]
    } ]
  },
  "SysPluginController.pluginUpdate" : {
    "t" : [ {
      "id" : 0,
      "a" : [ [ "W"