{
  "SettingController.deleteBackupLog" : {
    "t" : [ {
      "id" : 0,
      "a" : [ [ "W", 2 ] ]
    } ]
  },
  "SettingController.updateAuthorize" : {
    "t" : [ {
      "id" : 0,
      "a" : [ [ "R", 29 ], [ "W", 29 ], [ "W", 29 ], [ "W", 29 ], [ "R", 8 ], [ "R", 8 ], [ "R", 29 ] ]
    } ]
  },
  "LoginController.toSSOloginCallback" : {
    "t" : [ {
      "id" : 0,
      "a" : [ [ "R", 9 ], [ "W", 9 ], [ "W", 9 ], [ "W", 9 ], [ "W", 9 ], [ "R", 9 ], [ "R", 9 ], [ "R", 9 ], [ "W", 9 ], [ "R", 9 ], [ "R", 9 ], [ "W", 9 ], [ "W", 9 ], [ "R", 9 ], [ "R", 9 ], [ "W", 10 ], [ "W", 10 ], [ "W", 10 ], [ "R", 9 ], [ "R", 11 ], [ "R", 11 ], [ "R", 10 ], [ "R", 10 ], [ "R", 10 ], [ "R", 11 ], [ "R", 11 ], [ "R", 11 ], [ "R", 11 ], [ "R", 11 ], [ "R", 11 ], [ "W", 11 ], [ "R", 11 ], [ "W", 9 ] ]
    } ]
  },
  "FilialeInfoController.findAllFilialeInfo" : {
    "t" : [ {
      "id" : 0,
      "a" : [ [ "R", 9 ], [ "R", 9 ], [ "R", 9 ], [ "R", 6 ], [ "R", 6 ], [ "R", 6 ] ]
    } ]
  },
  "PlatFormLogController.index" : {
    "t" : [ {
      "id" : 0,
      "a" : [ [ "R", 16 ] ]
    } ]
  },
  "ManagerController.resetPWD" : {
    "t" : [ {
      "id" : 0,
      "a" : [ [ "R", 9 ], [ "R", 9 ], [ "R", 11 ], [ "R", 11 ], [ "R", 10 ], [ "R", 10 ], [ "R", 10 ], [ "R", 11 ], [ "W", 9 ], [ "R", 9 ], [ "R", 6 ], [ "R", 6 ], [ "W", 9 ], [ "W", 9 ], [ "R", 9 ], [ "R", 29 ], [ "R", 29 ], [ "R", 9 ], [ "R", 29 ], [ "R", 29 ], [ "R", 29 ], [ "R", 29 ], [ "R", 29 ], [ "R", 29 ], [ "R", 29 ], [ "R", 29 ], [ "R", 29 ], [ "R", 29 ], [ "R", 29 ], [ "R", 29 ], [ "R", 29 ], [ "R", 29 ], [ "R", 29 ], [ "R", 29 ], [ "R", 29 ], [ "R", 29 ], [ "W", 9 ], [ "R", 9 ], [ "R", 9 ], [ "R", 9 ], [ "W", 9 ], [ "R", 9 ], [ "R", 9 ], [ "W", 9 ], [ "W", 9 ], [ "R", 9 ], [ "R", 9 ], [ "W", 10 ], [ "W", 10 ], [ "W", 10 ] ]
    } ]
  },
  "TaskConfigController.getTaskList" : {
    "t" : [ {
      "id" : 0,
      "a" : [ [ "R", 31 ], [ "R", 30 ], [ "R", 31 ], [ "R", 31 ], [ "R", 30 ], [ "R", 31 ], [ "R", 30 ], [ "R", 31 ], [ "R", 30 ], [ "R", 30 ], [ "R", 30 ], [ "W", 30 ], [ "W", 30 ] ]
    } ]
  },
  "DynamicUserController.listday" : {
    "t" : [ {
      "id" : 0,
      "a" : [ [ "W", 36 ], [ "W", 36 ], [ "W", 36 ], [ "W", 36 ], [ "W", 36 ], [ "W", 36 ], [ "W", 36 ], [ "R", 36 ], [ "R", 36 ], [ "R", 36 ], [ "R", 36 ], [ "R", 36 ], [ "R", 36 ], [ "R", 36 ], [ "R", 36 ], [ "R", 36 ], [ "R", 36 ], [ "R", 36 ], [ "R", 36 ], [ "R", 36 ], [ "R", 36 ], [ "R", 36 ], [ "R", 36 ], [ "R", 36 ], [ "R", 36 ], [ "R", 36 ], [ "R", 36 ], [ "R", 36 ], [ "R", 36 ], [ "R", 36 ], [ "R", 36 ], [ "R", 36 ], [ "R", 36 ], [ "R", 36 ], [ "R", 36 ], [ "R", 36 ], [ "R", 36 ], [ "R", 36 ], [ "R", 36 ], [ "R", 36 ], [ "R", 36 ], [ "R", 36 ], [ "R", 36 ], [ "R", 36 ], [ "R", 36 ], [ "R", 36 ], [ "R", 36 ], [ "R", 36 ], [ "R", 36 ], [ "R", 36 ], [ "R", 36 ], [ "R", 36 ], [ "R", 36 ], [ "R", 36 ], [ "R", 36 ], [ "R", 36 ], [ "R", 36 ], [ "R", 36 ], [ "R", 36 ], [ "R", 36 ], [ "R", 36 ], [ "R", 36 ], [ "R", 36 ], [ "R", 36 ], [ "R", 36 ], [ "R", 36 ], [ "R", 36 ], [ "R", 36 ], [ "R", 36 ], [ "R", 36 ], [ "R", 36 ], [ "R", 36 ], [ "R", 36 ], [ "R", 36 ], [ "R", 36 ], [ "R", 36 ], [ "R", 36 ], [ "R", 36 ], [ "R", 36 ], [ "R", 36 ], [ "R", 36 ], [ "R", 36 ], [ "R", 36 ], [ "R", 36 ], [ "R", 36 ], [ "R", 36 ], [ "R", 36 ], [ "R", 36 ], [ "R", 36 ], [ "R", 36 ], [ "R", 36 ], [ "R", 36 ], [ "R", 36 ], [ "R", 36 ], [ "R", 36 ], [ "R", 36 ], [ "R", 36 ], [ "R", 36 ], [ "R", 36 ], [ "R", 36 ], [ "R", 36 ] ]
    } ]
  },
  "SettingController.unAutomaticBackupPlat" : {
    "t" : [ {
      "id" : 0,
      "a" : [ [ "R", 29 ], [ "R", 29 ], [ "R", 29 ], [ "W", 2 ], [ "W", 2 ], [ "W", 2 ], [ "W", 2 ], [ "W", 2 ], [ "W", 2 ], [ "W", 2 ], [ "R", 2 ] ]
    } ]
  },
  "ManagerController.rewritePWD" : {
    "t" : [ {
      "id" : 0,
      "a" : [ [ "R", 9 ], [ "R", 9 ], [ "R", 11 ], [ "R", 11 ], [ "R", 10 ], [ "R", 10 ], [ "R", 10 ], [ "R", 11 ], [ "W", 9 ], [ "R", 9 ], [ "R", 6 ], [ "R", 6 ], [ "W", 9 ], [ "W", 9 ], [ "W", 9 ], [ "R", 9 ], [ "R", 9 ], [ "R", 9 ], [ "W", 9 ], [ "R", 9 ], [ "R", 9 ], [ "W", 9 ], [ "W", 9 ], [ "R", 9 ], [ "R", 9 ], [ "W", 10 ], [ "W", 10 ], [ "W", 10 ] ]
    } ]
  },
  "LoginController.login" : {
    "t" : [ {
      "id" : 0,
      "a" : [ [ "R", 9 ], [ "R", 9 ], [ "R", 9 ], [ "R", 11 ], [ "R", 11 ], [ "R", 9 ], [ "R", 9 ], [ "R", 9 ], [ "R", 9 ], [ "R", 9 ], [ "R", 9 ], [ "R", 9 ], [ "R", 9 ], [ "R", 9 ], [ "R", 11 ], [ "R", 11 ], [ "R", 10 ], [ "R", 10 ], [ "R", 10 ], [ "R", 11 ], [ "R", 11 ], [ "R", 11 ], [ "R", 11 ], [ "R", 11 ], [ "R", 11 ], [ "W", 11 ], [ "R", 11 ], [ "W", 9 ], [ "R", 9 ], [ "R", 9 ], [ "R", 9 ], [ "R", 11 ], [ "R", 11 ] ]
    } ]
  },
  "GitStatisticController.expotExcel" : {
    "t" : [ {
      "id" : 0,
      "a" : [ [ "R", 7 ], [ "R", 7 ], [ "R", 7 ], [ "R", 7 ], [ "R", 7 ], [ "W", 7 ], [ "R", 7 ] ]
    } ]
  },
  "SettingController.getPlatForm" : {
    "t" : [ {
      "id" : 0,
      "a" : [ [ "R", 29 ] ]
    } ]
  },
  "EngineController.uploadEngine" : {
    "t" : [ {
      "id" : 0,
      "a" : [ [ "R", 5 ], [ "R", 5 ], [ "R", 5 ], [ "R", 5 ], [ "R", 5 ], [ "R", 5 ], [ "R", 5 ], [ "R", 5 ], [ "R", 5 ], [ "W", 5 ], [ "W", 5 ], [ "W", 5 ], [ "W", 5 ], [ "W", 5 ], [ "W", 5 ], [ "W", 5 ], [ "W", 5 ], [ "W", 5 ], [ "W", 5 ], [ "W", 5 ], [ "R", 5 ], [ "R", 5 ], [ "R", 5 ], [ "W", 5 ], [ "R", 5 ], [ "R", 5 ], [ "R", 5 ], [ "R", 5 ], [ "R", 5 ], [ "R", 5 ] ]
    } ]
  },
  "ProcessController.addProcessTemplate" : {
    "t" : [ {
      "id" : 0,
      "a" : [ [ "R", 21 ], [ "W", 21 ], [ "W", 21 ], [ "W", 21 ], [ "R", 21 ] ]
    } ]
  },
  "ManagerController.getSuperManager" : {
    "t" : [ {
      "id" : 0,
      "a" : [ [ "R", 9 ] ]
    } ]
  },
  "ProcessController.editProcessConfig" : {
    "t" : [ {
      "id" : 0,
      "a" : [ [ "R", 20 ], [ "R", 20 ], [ "R", 20 ], [ "R", 20 ], [ "R", 20 ], [ "R", 20 ], [ "R", 20 ] ]
    } ]
  },
  "VideoController.updateVideo" : {
    "t" : [ {
      "id" : 0,
      "a" : [ [ "W", 37 ] ]
    } ]
  },
  "DynamicUserController.listweek" : {
    "t" : [ {
      "id" : 0,
      "a" : [ [ "W", 36 ], [ "W", 36 ], [ "W", 36 ], [ "W", 36 ], [ "W", 36 ], [ "W", 36 ], [ "W", 36 ], [ "R", 36 ], [ "R", 36 ], [ "R", 36 ], [ "R", 36 ], [ "R", 36 ], [ "R", 36 ], [ "R", 36 ], [ "R", 36 ], [ "R", 36 ], [ "R", 36 ], [ "R", 36 ], [ "R", 36 ], [ "R", 36 ], [ "R", 36 ], [ "R", 36 ], [ "R", 36 ], [ "R", 36 ], [ "R", 36 ], [ "R", 36 ], [ "R", 36 ], [ "R", 36 ], [ "R", 36 ], [ "R", 36 ], [ "R", 36 ], [ "R", 36 ], [ "R", 36 ], [ "R", 36 ], [ "R", 36 ], [ "R", 36 ], [ "R", 36 ], [ "R", 36 ], [ "R", 36 ], [ "R", 36 ], [ "R", 36 ], [ "R", 36 ], [ "R", 36 ], [ "R", 36 ], [ "R", 36 ], [ "R", 36 ], [ "R", 36 ], [ "R", 36 ], [ "R", 36 ], [ "R", 36 ], [ "R", 36 ], [ "R", 36 ], [ "R", 36 ], [ "R", 36 ], [ "R", 36 ], [ "R", 36 ], [ "R", 36 ], [ "R", 36 ], [ "R", 36 ], [ "R", 36 ], [ "R", 36 ], [ "R", 36 ], [ "R", 36 ], [ "R", 36 ], [ "R", 36 ], [ "R", 36 ], [ "R", 36 ], [ "R", 36 ], [ "R", 36 ], [ "R", 36 ], [ "R", 36 ], [ "R", 36 ], [ "R", 36 ], [ "R", 36 ], [ "R", 36 ], [ "R", 36 ], [ "R", 36 ], [ "R", 36 ], [ "R", 36 ], [ "R", 36 ], [ "R", 36 ], [ "R", 36 ], [ "R", 36 ], [ "R", 36 ], [ "R", 36 ], [ "R", 36 ], [ "R", 36 ], [ "R", 36 ], [ "R", 36 ], [ "R", 36 ], [ "R", 36 ], [ "R", 36 ], [ "R", 36 ], [ "R", 36 ], [ "R", 36 ], [ "R", 36 ], [ "R", 36 ], [ "R", 36 ], [ "R", 36 ], [ "R", 36 ], [ "R", 36 ], [ "R", 36 ], [ "R", 36 ], [ "R", 36 ], [ "R", 36 ], [ "R", 36 ], [ "R", 36 ], [ "R", 36 ], [ "R", 36 ], [ "R", 36 ], [ "R", 36 ], [ "R", 36 ], [ "R", 36 ], [ "R", 36 ], [ "R", 36 ], [ "R", 36 ], [ "R", 36 ], [ "R", 36 ], [ "R", 36 ], [ "R", 36 ], [ "R", 36 ], [ "R", 36 ], [ "R", 36 ], [ "R", 36 ], [ "R", 36 ], [ "R", 36 ], [ "R", 36 ], [ "R", 36 ], [ "R", 36 ], [ "R", 36 ], [ "R", 36 ], [ "R", 36 ], [ "R", 36 ], [ "R", 36 ], [ "R", 36 ], [ "R", 36 ], [ "R", 36 ], [ "R", 36 ], [ "R", 36 ], [ "R", 36 ], [ "R", 36 ], [ "R", 36 ], [ "R", 36 ], [ "R", 36 ], [ "R", 36 ], [ "R", 36 ], [ "R", 36 ], [ "R", 36 ], [ "R", 36 ], [ "R", 36 ], [ "R", 36 ], [ "R", 36 ], [ "R", 36 ], [ "R", 36 ], [ "R", 36 ], [ "R", 36 ], [ "R", 36 ], [ "R", 36 ], [ "R", 36 ], [ "R", 36 ], [ "R", 36 ], [ "R", 36 ], [ "R", 36 ], [ "R", 36 ], [ "R", 36 ], [ "R", 36 ], [ "R", 36 ] ]
    } ]
  },
  "DynamicProjectController.listhour" : {
    "t" : [ {
      "id" : 0,
      "a" : [ [ "W", 22 ], [ "W", 22 ], [ "W", 22 ], [ "W", 22 ], [ "W", 22 ], [ "W", 22 ], [ "W", 22 ], [ "R", 22 ], [ "R", 22 ], [ "R", 22 ], [ "R", 22 ], [ "R", 22 ], [ "R", 22 ], [ "R", 22 ], [ "R", 22 ], [ "R", 22 ], [ "R", 22 ], [ "R", 22 ], [ "R", 22 ], [ "R", 22 ], [ "R", 22 ], [ "R", 22 ], [ "R", 22 ], [ "R", 22 ], [ "R", 22 ], [ "R", 22 ], [ "R", 22 ], [ "R", 22 ], [ "R", 22 ], [ "R", 22 ], [ "R", 22 ], [ "R", 22 ], [ "R", 22 ], [ "R", 22 ], [ "R", 22 ], [ "R", 22 ], [ "R", 22 ], [ "R", 22 ], [ "R", 22 ], [ "R", 22 ], [ "R", 22 ], [ "R", 22 ], [ "R", 22 ], [ "R", 22 ], [ "R", 22 ], [ "R", 22 ], [ "R", 22 ], [ "R", 22 ], [ "R", 22 ], [ "R", 22 ], [ "R", 22 ], [ "R", 22 ], [ "R", 22 ], [ "R", 22 ], [ "R", 22 ], [ "R", 22 ], [ "R", 22 ], [ "R", 22 ], [ "R", 22 ], [ "R", 22 ], [ "R", 22 ], [ "R", 22 ], [ "R", 22 ], [ "R", 22 ], [ "R", 22 ], [ "R", 22 ], [ "R", 22 ], [ "R", 22 ], [ "R", 22 ], [ "R", 22 ], [ "R", 22 ], [ "R", 22 ], [ "R", 22 ], [ "R", 22 ], [ "R", 22 ], [ "R", 22 ], [ "R", 22 ], [ "R", 22 ], [ "R", 22 ], [ "R", 22 ], [ "R", 22 ], [ "R", 22 ], [ "R", 22 ], [ "R", 22 ], [ "R", 22 ], [ "R", 22 ], [ "R", 22 ], [ "R", 22 ], [ "R", 22 ], [ "R", 22 ], [ "R", 22 ], [ "R", 22 ], [ "R", 22 ], [ "R", 22 ], [ "R", 22 ], [ "R", 22 ], [ "R", 22 ], [ "R", 22 ], [ "R", 22 ], [ "R", 22 ], [ "R", 22 ], [ "R", 22 ], [ "R", 22 ], [ "R", 22 ], [ "R", 22 ], [ "R", 22 ], [ "R", 22 ], [ "R", 22 ], [ "R", 22 ], [ "R", 22 ], [ "R", 22 ], [ "R", 22 ], [ "R", 22 ], [ "R", 22 ], [ "R", 22 ], [ "R", 22 ], [ "R", 22 ], [ "R", 22 ], [ "R", 22 ], [ "R", 22 ], [ "R", 22 ], [ "R", 22 ], [ "R", 22 ], [ "R", 22 ], [ "R", 22 ], [ "R", 22 ], [ "R", 22 ], [ "R", 22 ], [ "R", 22 ], [ "R", 22 ], [ "R", 22 ], [ "R", 22 ], [ "R", 22 ], [ "R", 22 ], [ "R", 22 ], [ "R", 22 ], [ "R", 22 ], [ "R", 22 ], [ "R", 22 ], [ "R", 22 ], [ "R", 22 ], [ "R", 22 ], [ "R", 22 ], [ "R", 22 ], [ "R", 22 ], [ "R", 22 ], [ "R", 22 ], [ "R", 22 ], [ "R", 22 ], [ "R", 22 ], [ "R", 22 ], [ "R", 22 ], [ "R", 22 ], [ "R", 22 ], [ "R", 22 ], [ "R", 22 ], [ "R", 22 ], [ "R", 22 ], [ "R", 22 ], [ "R", 22 ], [ "R", 22 ], [ "R", 22 ], [ "R", 22 ], [ "R", 22 ], [ "R", 22 ], [ "R", 22 ], [ "R", 22 ], [ "R", 22 ], [ "R", 22 ], [ "R", 22 ], [ "R", 22 ], [ "R", 22 ], [ "R", 22 ], [ "R", 22 ], [ "R", 22 ], [ "R", 22 ] ]
    } ]
  },
  "ResourceController.getResourceContent" : {
    "t" : [ {
      "id" : 0,
      "a" : [ [ "R", 23 ], [ "R", 23 ], [ "R", 26 ], [ "R", 26 ], [ "W", 23 ] ]
    } ]
  },
  "ManagerController.edit" : {
    "t" : [ {
      "id" : 0,
      "a" : [ [ "R", 9 ], [ "R", 9 ], [ "R", 9 ], [ "R", 9 ], [ "R", 9 ], [ "W", 9 ], [ "R", 9 ], [ "R", 9 ], [ "R", 9 ], [ "R", 9 ], [ "W", 9 ], [ "R", 9 ], [ "R", 9 ], [ "R", 9 ], [ "W", 9 ], [ "R", 9 ], [ "R", 9 ], [ "R", 9 ], [ "W", 9 ], [ "R", 9 ], [ "R", 9 ], [ "R", 9 ], [ "W", 9 ], [ "R", 9 ], [ "R", 9 ], [ "R", 9 ], [ "W", 9 ], [ "R", 9 ], [ "R", 9 ], [ "R", 9 ], [ "W", 9 ], [ "R", 9 ], [ "R", 9 ], [ "R", 9 ], [ "W", 9 ], [ "R", 9 ], [ "R", 9 ], [ "R", 9 ], [ "W", 9 ], [ "R", 9 ], [ "R", 9 ], [ "R", 9 ], [ "W", 9 ], [ "W", 9 ], [ "R", 9 ], [ "R", 11 ], [ "R", 11 ], [ "R", 10 ], [ "R", 10 ], [ "R", 10 ], [ "R", 11 ], [ "R", 11 ], [ "R", 9 ], [ "W", 10 ], [ "W", 10 ], [ "W", 10 ], [ "R", 9 ], [ "R", 11 ], [ "R", 10 ], [ "W", 10 ], [ "R", 3 ], [ "R", 9 ] ]
    } ]
  },
  "LoginController.tologin" : {
    "t" : [ {
      "id" : 0,
      "a" : [ [ "R", 9 ], [ "R", 9 ], [ "R", 9 ], [ "R", 11 ], [ "R", 11 ] ]
    } ]
  },
  "EngineController.deleteEngine" : {
    "t" : [ {
      "id" : 0,
      "a" : [ [ "W", 5 ] ]
    } ]
  },
  "DynamicUserController.listhour" : {
    "t" : [ {
      "id" : 0,
      "a" : [ [ "W", 36 ], [ "W", 36 ], [ "W", 36 ], [ "W", 36 ], [ "W", 36 ], [ "W", 36 ], [ "W", 36 ], [ "R", 36 ], [ "R", 36 ], [ "R", 36 ], [ "R", 36 ], [ "R", 36 ], [ "R", 36 ], [ "R", 36 ], [ "R", 36 ], [ "R", 36 ], [ "R", 36 ], [ "R", 36 ], [ "R", 36 ], [ "R", 36 ], [ "R", 36 ], [ "R", 36 ], [ "R", 36 ], [ "R", 36 ], [ "R", 36 ], [ "R", 36 ], [ "R", 36 ], [ "R", 36 ], [ "R", 36 ], [ "R", 36 ], [ "R", 36 ], [ "R", 36 ], [ "R", 36 ], [ "R", 36 ], [ "R", 36 ], [ "R", 36 ], [ "R", 36 ], [ "R", 36 ], [ "R", 36 ], [ "R", 36 ], [ "R", 36 ], [ "R", 36 ], [ "R", 36 ], [ "R", 36 ], [ "R", 36 ], [ "R", 36 ], [ "R", 36 ], [ "R", 36 ], [ "R", 36 ], [ "R", 36 ], [ "R", 36 ], [ "R", 36 ], [ "R", 36 ], [ "R", 36 ], [ "R", 36 ], [ "R", 36 ], [ "R", 36 ], [ "R", 36 ], [ "R", 36 ], [ "R", 36 ], [ "R", 36 ], [ "R", 36 ], [ "R", 36 ], [ "R", 36 ], [ "R", 36 ], [ "R", 36 ], [ "R", 36 ], [ "R", 36 ], [ "R", 36 ], [ "R", 36 ], [ "R", 36 ], [ "R", 36 ], [ "R", 36 ], [ "R", 36 ], [ "R", 36 ], [ "R", 36 ], [ "R", 36 ], [ "R", 36 ], [ "R", 36 ], [ "R", 36 ] ]
    } ]
  },
  "ResourceController.getResourceTypeAll" : {
    "t" : [ {
      "id" : 0,
      "a" : [ [ "R", 26 ] ]
    } ]
  },
  "VideoController.videoDetail" : {
    "t" : [ {
      "id" : 0,
      "a" : [ [ "R", 37 ] ]
    } ]
  },
  "ProcessController.changeStaus" : {
    "t" : [ {
      "id" : 0,
      "a" : [ [ "R", 21 ], [ "W", 21 ], [ "W", 21 ] ]
    } ]
  },
  "ResourceController.delType" : {
    "t" : [ {
      "id" : 0,
      "a" : [ [ "R", 26 ], [ "R", 26 ], [ "R", 23 ], [ "W", 26 ] ]
    } ]
  },
  "PluginController.addPluginCategory" : {
    "t" : [ {
      "id" : 0,
      "a" : [ [ "R", 18 ], [ "R", 18 ], [ "R", 18 ], [ "R", 18 ], [ "R", 18 ], [ "R", 18 ], [ "R", 18 ], [ "R", 18 ], [ "W", 18 ] ]
    } ]
  },
  "UploadController.templetFile" : {
    "t" : [ {
      "id" : 0,
      "a" : [ [ "R", 33 ], [ "W", 33 ], [ "W", 33 ], [ "W", 33 ], [ "R", 9 ], [ "R", 9 ], [ "R", 11 ], [ "R", 11 ], [ "R", 10 ], [ "R", 10 ], [ "R", 10 ], [ "R", 11 ], [ "W", 9 ], [ "R", 9 ], [ "R", 6 ], [ "R", 6 ], [ "W", 9 ], [ "W", 9 ], [ "R", 9 ], [ "R", 9 ], [ "W", 9 ], [ "R", 9 ] ]
    } ]
  },
  "VideoController.videoList" : {
    "t" : [ {
      "id" : 0,
      "a" : [ [ "R", 37 ], [ "R", 37 ], [ "R", 37 ] ]
    } ]
  },
  "ResourceController.updateContent" : {
    "t" : [ {
      "id" : 0,
      "a" : [ [ "R", 23 ], [ "R", 23 ], [ "R", 23 ], [ "R", 23 ], [ "R", 25 ], [ "R", 25 ], [ "R", 24 ], [ "W", 23 ], [ "R", 23 ], [ "R", 26 ], [ "R", 26 ], [ "W", 23 ], [ "R", 23 ], [ "R", 23 ], [ "R", 23 ], [ "W", 23 ], [ "R", 23 ], [ "W", 23 ], [ "R", 23 ], [ "W", 23 ], [ "R", 23 ], [ "W", 23 ], [ "R", 23 ], [ "W", 23 ], [ "W", 23 ], [ "R", 23 ], [ "R", 23 ], [ "R", 23 ], [ "R", 25 ], [ "W", 25 ], [ "R", 23 ], [ "R", 23 ], [ "W", 25 ], [ "W", 25 ], [ "W", 25 ] ]
    } ]
  },
  "DynamicTeamController.listhour" : {
    "t" : [ {
      "id" : 0,
      "a" : [ [ "W", 32 ], [ "W", 32 ], [ "W", 32 ], [ "W", 32 ], [ "W", 32 ], [ "W", 32 ], [ "W", 32 ], [ "R", 32 ], [ "R", 32 ], [ "R", 32 ], [ "R", 32 ], [ "R", 32 ], [ "R", 32 ], [ "R", 32 ], [ "R", 32 ], [ "R", 32 ], [ "R", 32 ], [ "R", 32 ], [ "R", 32 ], [ "R", 32 ], [ "R", 32 ], [ "R", 32 ], [ "R", 32 ], [ "R", 32 ], [ "R", 32 ], [ "R", 32 ], [ "R", 32 ], [ "R", 32 ], [ "R", 32 ], [ "R", 32 ], [ "R", 32 ], [ "R", 32 ], [ "R", 32 ], [ "R", 32 ], [ "R", 32 ], [ "R", 32 ], [ "R", 32 ], [ "R", 32 ], [ "R", 32 ], [ "R", 32 ], [ "R", 32 ], [ "R", 32 ], [ "R", 32 ], [ "R", 32 ], [ "R", 32 ], [ "R", 32 ], [ "R", 32 ], [ "R", 32 ], [ "R", 32 ], [ "R", 32 ], [ "R", 32 ], [ "R", 32 ], [ "R", 32 ], [ "R", 32 ], [ "R", 32 ], [ "R", 32 ], [ "R", 32 ], [ "R", 32 ], [ "R", 32 ], [ "R", 32 ], [ "R", 32 ], [ "R", 32 ], [ "R", 32 ], [ "R", 32 ], [ "R", 32 ], [ "R", 32 ], [ "R", 32 ], [ "R", 32 ], [ "R", 32 ], [ "R", 32 ], [ "R", 32 ], [ "R", 32 ], [ "R", 32 ], [ "R", 32 ], [ "R", 32 ], [ "R", 32 ], [ "R", 32 ], [ "R", 32 ], [ "R", 32 ], [ "R", 32 ], [ "R", 32 ], [ "R", 32 ], [ "R", 32 ], [ "R", 32 ], [ "R", 32 ], [ "R", 32 ], [ "R", 32 ], [ "R", 32 ], [ "R", 32 ], [ "R", 32 ], [ "R", 32 ], [ "R", 32 ], [ "R", 32 ], [ "R", 32 ], [ "R", 32 ], [ "R", 32 ], [ "R", 32 ], [ "R", 32 ], [ "R", 32 ], [ "R", 32 ], [ "R", 32 ], [ "R", 32 ], [ "R", 32 ], [ "R", 32 ], [ "R", 32 ], [ "R", 32 ], [ "R", 32 ], [ "R", 32 ], [ "R", 32 ], [ "R", 32 ], [ "R", 32 ], [ "R", 32 ], [ "R", 32 ], [ "R", 32 ], [ "R", 32 ], [ "R", 32 ], [ "R", 32 ], [ "R", 32 ], [ "R", 32 ], [ "R", 32 ], [ "R", 32 ], [ "R", 32 ], [ "R", 32 ], [ "R", 32 ], [ "R", 32 ], [ "R", 32 ], [ "R", 32 ], [ "R", 32 ], [ "R", 32 ], [ "R", 32 ], [ "R", 32 ], [ "R", 32 ], [ "R", 32 ], [ "R", 32 ], [ "R", 32 ], [ "R", 32 ], [ "R", 32 ], [ "R", 32 ], [ "R", 32 ], [ "R", 32 ], [ "R", 32 ], [ "R", 32 ], [ "R", 32 ], [ "R", 32 ], [ "R", 32 ], [ "R", 32 ], [ "R", 32 ], [ "R", 32 ], [ "R", 32 ], [ "R", 32 ], [ "R", 32 ], [ "R", 32 ], [ "R", 32 ], [ "R", 32 ], [ "R", 32 ], [ "R", 32 ], [ "R", 32 ], [ "R", 32 ], [ "R", 32 ], [ "R", 32 ], [ "R", 32 ], [ "R", 32 ], [ "R", 32 ], [ "R", 32 ], [ "R", 32 ], [ "R", 32 ], [ "R", 32 ], [ "R", 32 ], [ "R", 32 ], [ "R", 32 ], [ "R", 32 ], [ "R", 32 ], [ "R", 32 ], [ "R", 32 ], [ "R", 32 ], [ "R", 32 ] ]
    } ]
  },
  "DynamicProjectController.listweek" : {
    "t" : [ {
      "id" : 0,
      "a" : [ [ "W", 22 ], [ "W", 22 ], [ "W", 22 ], [ "W", 22 ], [ "W", 22 ], [ "W", 22 ], [ "W", 22 ], [ "W", 22 ], [ "R", 22 ], [ "R", 22 ], [ "R", 22 ], [ "R", 22 ], [ "R", 22 ], [ "R", 22 ], [ "R", 22 ], [ "R", 22 ], [ "R", 22 ], [ "R", 22 ], [ "R", 22 ], [ "R", 22 ], [ "R", 22 ], [ "R", 22 ], [ "R", 22 ], [ "R", 22 ], [ "R", 22 ], [ "R", 22 ], [ "R", 22 ], [ "R", 22 ], [ "R", 22 ], [ "R", 22 ], [ "R", 22 ], [ "R", 22 ], [ "R", 22 ], [ "R", 22 ], [ "R", 22 ], [ "R", 22 ], [ "R", 22 ], [ "R", 22 ], [ "R", 22 ], [ "R", 22 ], [ "R", 22 ], [ "R", 22 ], [ "R", 22 ], [ "R", 22 ], [ "R", 22 ], [ "R", 22 ], [ "R", 22 ], [ "R", 22 ], [ "R", 22 ], [ "R", 22 ], [ "R", 22 ], [ "R", 22 ], [ "R", 22 ], [ "R", 22 ], [ "R", 22 ], [ "R", 22 ], [ "R", 22 ], [ "R", 22 ], [ "R", 22 ], [ "R", 22 ], [ "R", 22 ], [ "R", 22 ], [ "R", 22 ], [ "R", 22 ], [ "R", 22 ], [ "R", 22 ], [ "R", 22 ], [ "R", 22 ], [ "R", 22 ], [ "R", 22 ], [ "R", 22 ], [ "R", 22 ], [ "R", 22 ], [ "R", 22 ], [ "R", 22 ], [ "R", 22 ], [ "R", 22 ], [ "R", 22 ], [ "R", 22 ], [ "R", 22 ], [ "R", 22 ], [ "R", 22 ], [ "R", 22 ], [ "R", 22 ], [ "R", 22 ], [ "R", 22 ], [ "R", 22 ], [ "R", 22 ], [ "R", 22 ], [ "R", 22 ], [ "R", 22 ], [ "R", 22 ], [ "R", 22 ], [ "R", 22 ], [ "R", 22 ], [ "R", 22 ], [ "R", 22 ], [ "R", 22 ], [ "R", 22 ], [ "R", 22 ], [ "R", 22 ], [ "R", 22 ], [ "R", 22 ], [ "R", 22 ], [ "R", 22 ], [ "R", 22 ], [ "R", 22 ], [ "R", 22 ], [ "R", 22 ], [ "R", 22 ], [ "R", 22 ], [ "R", 22 ], [ "R", 22 ], [ "R", 22 ], [ "R", 22 ], [ "R", 22 ], [ "R", 22 ], [ "R", 22 ], [ "R", 22 ], [ "R", 22 ], [ "R", 22 ], [ "R", 22 ], [ "R", 22 ], [ "R", 22 ], [ "R", 22 ], [ "R", 22 ], [ "R", 22 ], [ "R", 22 ], [ "R", 22 ], [ "R", 22 ], [ "R", 22 ], [ "R", 22 ], [ "R", 22 ], [ "R", 22 ], [ "R", 22 ], [ "R", 22 ], [ "R", 22 ], [ "R", 22 ], [ "R", 22 ], [ "R", 22 ], [ "R", 22 ], [ "R", 22 ], [ "R", 22 ], [ "R", 22 ], [ "R", 22 ], [ "R", 22 ], [ "R", 22 ], [ "R", 22 ], [ "R", 22 ], [ "R", 22 ], [ "R", 22 ], [ "R", 22 ], [ "R", 22 ], [ "R", 22 ], [ "R", 22 ], [ "R", 22 ], [ "R", 22 ], [ "R", 22 ], [ "R", 22 ], [ "R", 22 ], [ "R", 22 ], [ "R", 22 ], [ "R", 22 ], [ "R", 22 ], [ "R", 22 ], [ "R", 22 ], [ "R", 22 ], [ "R", 22 ], [ "R", 22 ], [ "R", 22 ], [ "R", 22 ], [ "R", 22 ], [ "R", 22 ], [ "R", 22 ], [ "R", 22 ], [ "R", 22 ], [ "R", 22 ], [ "R", 22 ], [ "R", 22 ], [ "R", 22 ], [ "R", 22 ], [ "R", 22 ], [ "R", 22 ], [ "R", 22 ], [ "R", 22 ], [ "R", 22 ], [ "R", 22 ], [ "R", 22 ], [ "R", 22 ], [ "R", 22 ], [ "R", 22 ], [ "R", 22 ], [ "R", 22 ], [ "R", 22 ], [ "R", 22 ], [ "R", 22 ], [ "R", 22 ], [ "R", 22 ], [ "R", 22 ], [ "R", 22 ], [ "R", 22 ], [ "R", 22 ], [ "R", 22 ], [ "R", 22 ], [ "R", 22 ], [ "R", 22 ], [ "R", 22 ], [ "R", 22 ], [ "R", 22 ], [ "R", 22 ], [ "R", 22 ], [ "R", 22 ], [ "R", 22 ], [ "R", 22 ], [ "R", 22 ], [ "R", 22 ], [ "R", 22 ], [ "R", 22 ], [ "R", 22 ], [ "R", 22 ], [ "R", 22 ], [ "R", 22 ], [ "R", 22 ], [ "R", 22 ], [ "R", 22 ], [ "R", 22 ], [ "R", 22 ], [ "R", 22 ], [ "R", 22 ], [ "R", 22 ], [ "R", 22 ], [ "R", 22 ], [ "R", 22 ], [ "R", 22 ], [ "R", 22 ], [ "R", 22 ], [ "R", 22 ], [ "R", 22 ], [ "R", 22 ], [ "R", 22 ], [ "R", 22 ], [ "R", 22 ], [ "R", 22 ], [ "R", 22 ], [ "R", 22 ], [ "R", 22 ], [ "R", 22 ], [ "R", 22 ], [ "R", 22 ], [ "R", 22 ], [ "R", 22 ], [ "R", 22 ], [ "R", 22 ], [ "R", 22 ], [ "R", 22 ], [ "R", 22 ], [ "R", 22 ], [ "R", 22 ], [ "R", 22 ], [ "R", 22 ], [ "R", 22 ], [ "R", 22 ], [ "R", 22 ], [ "R", 22 ], [ "R", 22 ], [ "R", 22 ], [ "R", 22 ], [ "R", 22 ], [ "R", 22 ], [ "R", 22 ], [ "R", 22 ], [ "R", 22 ], [ "R", 22 ], [ "R", 22 ], [ "R", 22 ], [ "R", 22 ], [ "R", 22 ], [ "R", 22 ], [ "R", 22 ], [ "R", 22 ], [ "R", 22 ], [ "R", 22 ], [ "R", 22 ], [ "R", 22 ], [ "R", 22 ], [ "R", 22 ], [ "R", 22 ], [ "R", 22 ], [ "R", 22 ], [ "R", 22 ], [ "R", 22 ], [ "R", 22 ], [ "R", 22 ], [ "R", 22 ], [ "R", 22 ], [ "R", 22 ], [ "R", 22 ], [ "R", 22 ], [ "R", 22 ], [ "R", 22 ], [ "R", 22 ], [ "R", 22 ], [ "R", 22 ], [ "R", 22 ], [ "R", 22 ], [ "R", 22 ], [ "R", 22 ], [ "R", 22 ], [ "R", 22 ], [ "R", 22 ], [ "R", 22 ], [ "R", 22 ], [ "R", 22 ], [ "R", 22 ], [ "R", 22 ], [ "R", 22 ], [ "R", 22 ], [ "R", 22 ], [ "R", 22 ], [ "R", 22 ], [ "R", 22 ], [ "R", 22 ], [ "R", 22 ], [ "R", 22 ], [ "R", 22 ], [ "R", 22 ], [ "R", 22 ], [ "R", 22 ], [ "R", 22 ], [ "R", 22 ], [ "R", 22 ], [ "R", 22 ], [ "R", 22 ], [ "R", 22 ], [ "R", 22 ], [ "R", 22 ], [ "R", 22 ], [ "R", 22 ], [ "R", 22 ], [ "R", 22 ], [ "R", 22 ], [ "R", 22 ], [ "R", 22 ], [ "R", 22 ], [ "R", 22 ], [ "R", 22 ], [ "R", 22 ], [ "R", 22 ], [ "R", 22 ], [ "R", 22 ], [ "R", 22 ], [ "R", 22 ], [ "R", 22 ], [ "R", 22 ], [ "R", 22 ], [ "R", 22 ], [ "R", 22 ], [ "R", 22 ], [ "R", 22 ], [ "R", 22 ], [ "R", 22 ], [ "R", 22 ], [ "R", 22 ], [ "R", 22 ], [ "R", 22 ], [ "R", 22 ], [ "R", 22 ], [ "R", 22 ], [ "R", 22 ], [ "R", 22 ], [ "R", 22 ], [ "R", 22 ], [ "R", 22 ], [ "R", 22 ], [ "R", 22 ], [ "R", 22 ], [ "R", 22 ], [ "R", 22 ], [ "R", 22 ], [ "R", 22 ] ]
    } ]
  },
  "SettingController.testEmailServer" : {
    "t" : [ {
      "id" : 0,
      "a" : [ [ "R", 29 ], [ "R", 29 ], [ "R", 29 ], [ "R", 29 ], [ "R", 29 ], [ "R", 29 ] ]
    } ]
  },
  "ResourceController.saveType" : {
    "t" : [ {
      "id" : 0,
      "a" : [ [ "R", 26 ], [ "R", 26 ], [ "R", 26 ], [ "R", 26 ], [ "W", 26 ], [ "W", 26 ], [ "R", 26 ] ]
    } ]
  },
  "DynamicTeamController.listweek" : {
    "t" : [ {
      "id" : 0,
      "a" : [ [ "W", 32 ], [ "W", 32 ], [ "W", 32 ], [ "W", 32 ], [ "W", 32 ], [ "W", 32 ], [ "W", 32 ], [ "W", 32 ], [ "R", 32 ], [ "R", 32 ], [ "R", 32 ], [ "R", 32 ], [ "R", 32 ], [ "R", 32 ], [ "R", 32 ], [ "R", 32 ], [ "R", 32 ], [ "R", 32 ], [ "R", 32 ], [ "R", 32 ], [ "R", 32 ], [ "R", 32 ], [ "R", 32 ], [ "R", 32 ], [ "R", 32 ], [ "R", 32 ], [ "R", 32 ], [ "R", 32 ], [ "R", 32 ], [ "R", 32 ], [ "R", 32 ], [ "R", 32 ], [ "R", 32 ], [ "R", 32 ], [ "R", 32 ], [ "R", 32 ], [ "R", 32 ], [ "R", 32 ], [ "R", 32 ], [ "R", 32 ], [ "R", 32 ], [ "R", 32 ], [ "R", 32 ], [ "R", 32 ], [ "R", 32 ], [ "R", 32 ], [ "R", 32 ], [ "R", 32 ], [ "R", 32 ], [ "R", 32 ], [ "R", 32 ], [ "R", 32 ], [ "R", 32 ], [ "R", 32 ], [ "R", 32 ], [ "R", 32 ], [ "R", 32 ], [ "R", 32 ], [ "R", 32 ], [ "R", 32 ], [ "R", 32 ], [ "R", 32 ], [ "R", 32 ], [ "R", 32 ], [ "R", 32 ], [ "R", 32 ], [ "R", 32 ], [ "R", 32 ], [ "R", 32 ], [ "R", 32 ], [ "R", 32 ], [ "R", 32 ], [ "R", 32 ], [ "R", 32 ], [ "R", 32 ], [ "R", 32 ], [ "R", 32 ], [ "R", 32 ], [ "R", 32 ], [ "R", 32 ], [ "R", 32 ], [ "R", 32 ], [ "R", 32 ], [ "R", 32 ], [ "R", 32 ], [ "R", 32 ], [ "R", 32 ], [ "R", 32 ], [ "R", 32 ], [ "R", 32 ], [ "R", 32 ], [ "R", 32 ], [ "R", 32 ], [ "R", 32 ], [ "R", 32 ], [ "R", 32 ], [ "R", 32 ], [ "R", 32 ], [ "R", 32 ], [ "R", 32 ], [ "R", 32 ], [ "R", 32 ], [ "R", 32 ], [ "R", 32 ], [ "R", 32 ], [ "R", 32 ], [ "R", 32 ], [ "R", 32 ], [ "R", 32 ], [ "R", 32 ], [ "R", 32 ], [ "R", 32 ], [ "R", 32 ], [ "R", 32 ], [ "R", 32 ], [ "R", 32 ], [ "R", 32 ], [ "R", 32 ], [ "R", 32 ], [ "R", 32 ], [ "R", 32 ], [ "R", 32 ], [ "R", 32 ], [ "R", 32 ], [ "R", 32 ], [ "R", 32 ], [ "R", 32 ], [ "R", 32 ], [ "R", 32 ], [ "R", 32 ], [ "R", 32 ], [ "R", 32 ], [ "R", 32 ], [ "R", 32 ], [ "R", 32 ], [ "R", 32 ], [ "R", 32 ], [ "R", 32 ], [ "R", 32 ], [ "R", 32 ], [ "R", 32 ], [ "R", 32 ], [ "R", 32 ], [ "R", 32 ], [ "R", 32 ], [ "R", 32 ], [ "R", 32 ], [ "R", 32 ], [ "R", 32 ], [ "R", 32 ], [ "R", 32 ], [ "R", 32 ], [ "R", 32 ], [ "R", 32 ], [ "R", 32 ], [ "R", 32 ], [ "R", 32 ], [ "R", 32 ], [ "R", 32 ], [ "R", 32 ], [ "R", 32 ], [ "R", 32 ], [ "R", 32 ], [ "R", 32 ], [ "R", 32 ], [ "R", 32 ], [ "R", 32 ], [ "R", 32 ], [ "R", 32 ], [ "R", 32 ], [ "R", 32 ], [ "R", 32 ], [ "R", 32 ], [ "R", 32 ], [ "R", 32 ], [ "R", 32 ], [ "R", 32 ], [ "R", 32 ], [ "R", 32 ], [ "R", 32 ], [ "R", 32 ], [ "R", 32 ], [ "R", 32 ], [ "R", 32 ], [ "R", 32 ], [ "R", 32 ], [ "R", 32 ], [ "R", 32 ], [ "R", 32 ], [ "R", 32 ], [ "R", 32 ], [ "R", 32 ], [ "R", 32 ], [ "R", 32 ], [ "R", 32 ], [ "R", 32 ], [ "R", 32 ], [ "R", 32 ], [ "R", 32 ], [ "R", 32 ], [ "R", 32 ], [ "R", 32 ], [ "R", 32 ], [ "R", 32 ], [ "R", 32 ], [ "R", 32 ], [ "R", 32 ], [ "R", 32 ], [ "R", 32 ], [ "R", 32 ], [ "R", 32 ], [ "R", 32 ], [ "R", 32 ], [ "R", 32 ], [ "R", 32 ], [ "R", 32 ], [ "R", 32 ], [ "R", 32 ], [ "R", 32 ], [ "R", 32 ], [ "R", 32 ], [ "R", 32 ], [ "R", 32 ], [ "R", 32 ], [ "R", 32 ], [ "R", 32 ], [ "R", 32 ], [ "R", 32 ], [ "R", 32 ], [ "R", 32 ], [ "R", 32 ], [ "R", 32 ], [ "R", 32 ], [ "R", 32 ], [ "R", 32 ], [ "R", 32 ], [ "R", 32 ], [ "R", 32 ], [ "R", 32 ], [ "R", 32 ], [ "R", 32 ], [ "R", 32 ], [ "R", 32 ], [ "R", 32 ], [ "R", 32 ], [ "R", 32 ], [ "R", 32 ], [ "R", 32 ], [ "R", 32 ], [ "R", 32 ], [ "R", 32 ], [ "R", 32 ], [ "R", 32 ], [ "R", 32 ], [ "R", 32 ], [ "R", 32 ], [ "R", 32 ], [ "R", 32 ], [ "R", 32 ], [ "R", 32 ], [ "R", 32 ], [ "R", 32 ], [ "R", 32 ], [ "R", 32 ], [ "R", 32 ], [ "R", 32 ], [ "R", 32 ], [ "R", 32 ], [ "R", 32 ], [ "R", 32 ], [ "R", 32 ], [ "R", 32 ], [ "R", 32 ], [ "R", 32 ], [ "R", 32 ], [ "R", 32 ], [ "R", 32 ], [ "R", 32 ], [ "R", 32 ], [ "R", 32 ], [ "R", 32 ], [ "R", 32 ], [ "R", 32 ], [ "R", 32 ], [ "R", 32 ], [ "R", 32 ], [ "R", 32 ], [ "R", 32 ], [ "R", 32 ], [ "R", 32 ], [ "R", 32 ], [ "R", 32 ], [ "R", 32 ], [ "R", 32 ], [ "R", 32 ], [ "R", 32 ], [ "R", 32 ], [ "R", 32 ], [ "R", 32 ], [ "R", 32 ], [ "R", 32 ], [ "R", 32 ], [ "R", 32 ], [ "R", 32 ], [ "R", 32 ], [ "R", 32 ], [ "R", 32 ], [ "R", 32 ], [ "R", 32 ], [ "R", 32 ], [ "R", 32 ], [ "R", 32 ], [ "R", 32 ], [ "R", 32 ], [ "R", 32 ], [ "R", 32 ], [ "R", 32 ], [ "R", 32 ], [ "R", 32 ], [ "R", 32 ], [ "R", 32 ], [ "R", 32 ], [ "R", 32 ], [ "R", 32 ], [ "R", 32 ], [ "R", 32 ], [ "R", 32 ], [ "R", 32 ], [ "R", 32 ], [ "R", 32 ], [ "R", 32 ], [ "R", 32 ], [ "R", 32 ], [ "R", 32 ], [ "R", 32 ], [ "R", 32 ], [ "R", 32 ], [ "R", 32 ], [ "R", 32 ], [ "R", 32 ], [ "R", 32 ], [ "R", 32 ], [ "R", 32 ], [ "R", 32 ], [ "R", 32 ], [ "R", 32 ], [ "R", 32 ], [ "R", 32 ], [ "R", 32 ], [ "R", 32 ], [ "R", 32 ], [ "R", 32 ], [ "R", 32 ], [ "R", 32 ], [ "R", 32 ], [ "R", 32 ], [ "R", 32 ], [ "R", 32 ], [ "R", 32 ], [ "R", 32 ], [ "R", 32 ], [ "R", 32 ], [ "R", 32 ], [ "R", 32 ], [ "R", 32 ], [ "R", 32 ], [ "R", 32 ], [ "R", 32 ], [ "R", 32 ], [ "R", 32 ], [ "R", 32 ], [ "R", 32 ], [ "R", 32 ], [ "R", 32 ], [ "R", 32 ], [ "R", 32 ], [ "R", 32 ], [ "R", 32 ], [ "R", 32 ], [ "R", 32 ] ]
    } ]
  },
  "PluginController.autoLoadPlugin" : {
    "t" : [ {
      "id" : 0,
      "a" : [ [ "R", 17 ], [ "W", 17 ], [ "W", 17 ], [ "W", 17 ], [ "W", 17 ], [ "W", 17 ], [ "W", 17 ], [ "R", 17 ], [ "W", 17 ], [ "W", 17 ], [ "W", 19 ], [ "R", 17 ], [ "W", 19 ], [ "W", 19 ], [ "W", 19 ], [ "W", 19 ], [ "W", 19 ], [ "W", 19 ], [ "W", 19 ], [ "R", 19 ], [ "R", 17 ], [ "R", 19 ], [ "R", 19 ], [ "R", 17 ] ]
    } ]
  },
  "UserController.exportList" : {
    "t" : [ {
      "id" : 0,
      "a" : [ [ "R", 34 ], [ "R", 34 ], [ "R", 6 ], [ "R", 6 ], [ "R", 6 ], [ "W", 34 ], [ "R", 34 ], [ "R", 34 ], [ "R", 34 ], [ "R", 34 ], [ "R", 34 ], [ "R", 34 ], [ "R", 34 ], [ "R", 34 ], [ "R", 34 ], [ "R", 34 ], [ "R", 34 ], [ "R", 34 ], [ "R", 34 ], [ "R", 34 ], [ "R", 34 ], [ "R", 34 ], [ "R", 34 ], [ "R", 34 ], [ "R", 34 ], [ "R", 34 ], [ "R", 34 ], [ "R", 34 ], [ "R", 34 ], [ "R", 34 ], [ "R", 34 ], [ "R", 34 ], [ "R", 34 ] ]
    } ]
  },
  "DynamicProjectController.listmonth" : {
    "t" : [ {
      "id" : 0,
      "a" : [ [ "W", 22 ], [ "W", 22 ], [ "W", 22 ], [ "W", 22 ], [ "W", 22 ], [ "W", 22 ], [ "W", 22 ], [ "R", 22 ], [ "R", 22 ], [ "R", 22 ], [ "R", 22 ], [ "R", 22 ], [ "R", 22 ], [ "R", 22 ], [ "R", 22 ], [ "R", 22 ], [ "R", 22 ], [ "R", 22 ], [ "R", 22 ], [ "R", 22 ], [ "R", 22 ], [ "R", 22 ], [ "R", 22 ], [ "R", 22 ], [ "R", 22 ], [ "R", 22 ], [ "R", 22 ], [ "R", 22 ], [ "R", 22 ], [ "R", 22 ], [ "R", 22 ], [ "R", 22 ], [ "R", 22 ], [ "R", 22 ], [ "R", 22 ], [ "R", 22 ], [ "R", 22 ], [ "R", 22 ], [ "R", 22 ], [ "R", 22 ], [ "R", 22 ], [ "R", 22 ], [ "R", 22 ], [ "R", 22 ], [ "R", 22 ], [ "R", 22 ], [ "R", 22 ], [ "R", 22 ], [ "R", 22 ], [ "R", 22 ], [ "R", 22 ], [ "R", 22 ], [ "R", 22 ], [ "R", 22 ], [ "R", 22 ], [ "R", 22 ], [ "R", 22 ], [ "R", 22 ], [ "R", 22 ], [ "R", 22 ], [ "R", 22 ], [ "R", 22 ], [ "R", 22 ], [ "R", 22 ], [ "R", 22 ], [ "R", 22 ], [ "R", 22 ], [ "R", 22 ], [ "R", 22 ], [ "R", 22 ], [ "R", 22 ], [ "R", 22 ], [ "R", 22 ], [ "R", 22 ], [ "R", 22 ], [ "R", 22 ], [ "R", 22 ], [ "R", 22 ], [ "R", 22 ], [ "R", 22 ], [ "R", 22 ], [ "R", 22 ], [ "R", 22 ], [ "R", 22 ], [ "R", 22 ], [ "R", 22 ], [ "R", 22 ], [ "R", 22 ], [ "R", 22 ], [ "R", 22 ], [ "R", 22 ], [ "R", 22 ] ]
    } ]
  },
  "GitStatisticController.getGitStatistic" : {
    "t" : [ {
      "id" : 0,
      "a" : [ [ "R", 7 ], [ "R", 7 ], [ "R", 7 ], [ "R", 7 ], [ "R", 7 ] ]
    } ]
  },
  "PluginController.editPluginCategory" : {
    "t" : [ {
      "id" : 0,
      "a" : [ [ "R", 18 ], [ "R", 18 ], [ "R", 18 ], [ "W", 18 ], [ "R", 18 ], [ "R", 18 ], [ "W", 18 ], [ "W", 18 ], [ "W", 18 ] ]
    } ]
  },
  "EngineController.statusEngine" : {
    "t" : [ {
      "id" : 0,
      "a" : [ [ "R", 5 ], [ "W", 5 ], [ "W", 5 ] ]
    } ]
  },
  "ResourceController.findTemplet" : {
    "t" : [ {
      "id" : 0,
      "a" : [ [ "R", 33 ], [ "R", 33 ], [ "R", 9 ], [ "R", 9 ], [ "R", 11 ], [ "R", 11 ], [ "R", 10 ], [ "R", 10 ], [ "R", 10 ], [ "R", 11 ], [ "W", 9 ], [ "R", 9 ], [ "R", 6 ], [ "R", 6 ], [ "W", 9 ], [ "W", 9 ], [ "R", 9 ], [ "W", 33 ], [ "R", 33 ], [ "R", 33 ], [ "W", 33 ] ]
    } ]
  },
  "DiskStatisticController.getDiskStatistic" : {
    "t" : [ {
      "id" : 0,
      "a" : [ [ "R", 4 ], [ "R", 4 ], [ "R", 4 ], [ "R", 4 ], [ "R", 4 ], [ "W", 4 ], [ "W", 4 ], [ "W", 4 ], [ "W", 4 ], [ "W", 4 ], [ "W", 4 ], [ "W", 4 ], [ "R", 4 ], [ "R", 4 ], [ "R", 4 ], [ "R", 4 ], [ "R", 4 ] ]
    } ]
  },
  "ProcessController.deleteProcessConfig" : {
    "t" : [ {
      "id" : 0,
      "a" : [ [ "W", 21 ], [ "W", 21 ] ]
    } ]
  },
  "UserController.checkUserInfo" : {
    "t" : [ {
      "id" : 0,
      "a" : [ [ "R", 34 ], [ "R", 34 ], [ "W", 34 ], [ "W", 34 ], [ "W", 34 ], [ "W", 34 ], [ "W", 34 ], [ "W", 34 ], [ "W", 34 ] ]
    } ]
  },
  "ManagerController.getManager" : {
    "t" : [ {
      "id" : 0,
      "a" : [ [ "R", 9 ], [ "R", 9 ], [ "R", 11 ], [ "R", 11 ], [ "R", 10 ], [ "R", 10 ], [ "R", 10 ], [ "R", 11 ], [ "W", 9 ], [ "R", 9 ], [ "R", 6 ], [ "R", 6 ], [ "W", 9 ], [ "W", 9 ] ]
    } ]
  },
  "DynamicTeamController.listday" : {
    "t" : [ {
      "id" : 0,
      "a" : [ [ "W", 32 ], [ "W", 32 ], [ "W", 32 ], [ "W", 32 ], [ "W", 32 ], [ "W", 32 ], [ "W", 32 ], [ "R", 32 ], [ "R", 32 ], [ "R", 32 ], [ "R", 32 ], [ "R", 32 ], [ "R", 32 ], [ "R", 32 ], [ "R", 32 ], [ "R", 32 ], [ "R", 32 ], [ "R", 32 ], [ "R", 32 ], [ "R", 32 ], [ "R", 32 ], [ "R", 32 ], [ "R", 32 ], [ "R", 32 ], [ "R", 32 ], [ "R", 32 ], [ "R", 32 ], [ "R", 32 ], [ "R", 32 ], [ "R", 32 ], [ "R", 32 ], [ "R", 32 ], [ "R", 32 ], [ "R", 32 ], [ "R", 32 ], [ "R", 32 ], [ "R", 32 ], [ "R", 32 ], [ "R", 32 ], [ "R", 32 ], [ "R", 32 ], [ "R", 32 ], [ "R", 32 ], [ "R", 32 ], [ "R", 32 ], [ "R", 32 ], [ "R", 32 ], [ "R", 32 ], [ "R", 32 ], [ "R", 32 ], [ "R", 32 ], [ "R", 32 ], [ "R", 32 ], [ "R", 32 ], [ "R", 32 ], [ "R", 32 ], [ "R", 32 ], [ "R", 32 ], [ "R", 32 ], [ "R", 32 ], [ "R", 32 ], [ "R", 32 ], [ "R", 32 ], [ "R", 32 ], [ "R", 32 ], [ "R", 32 ], [ "R", 32 ], [ "R", 32 ], [ "R", 32 ], [ "R", 32 ], [ "R", 32 ], [ "R", 32 ], [ "R", 32 ], [ "R", 32 ], [ "R", 32 ], [ "R", 32 ], [ "R", 32 ], [ "R", 32 ], [ "R", 32 ], [ "R", 32 ], [ "R", 32 ], [ "R", 32 ], [ "R", 32 ], [ "R", 32 ], [ "R", 32 ], [ "R", 32 ], [ "R", 32 ], [ "R", 32 ], [ "R", 32 ], [ "R", 32 ], [ "R", 32 ], [ "R", 32 ], [ "R", 32 ], [ "R", 32 ], [ "R", 32 ], [ "R", 32 ], [ "R", 32 ], [ "R", 32 ], [ "R", 32 ], [ "R", 32 ], [ "R", 32 ], [ "R", 32 ], [ "R", 32 ], [ "R", 32 ], [ "R", 32 ], [ "R", 32 ], [ "R", 32 ], [ "R", 32 ], [ "R", 32 ], [ "R", 32 ], [ "R", 32 ], [ "R", 32 ], [ "R", 32 ], [ "R", 32 ], [ "R", 32 ], [ "R", 32 ], [ "R", 32 ], [ "R", 32 ], [ "R", 32 ], [ "R", 32 ], [ "R", 32 ], [ "R", 32 ], [ "R", 32 ], [ "R", 32 ], [ "R", 32 ], [ "R", 32 ], [ "R", 32 ], [ "R", 32 ], [ "R", 32 ], [ "R", 32 ], [ "R", 32 ], [ "R", 32 ], [ "R", 32 ], [ "R", 32 ], [ "R", 32 ], [ "R", 32 ], [ "R", 32 ], [ "R", 32 ], [ "R", 32 ], [ "R", 32 ], [ "R", 32 ], [ "R", 32 ], [ "R", 32 ], [ "R", 32 ], [ "R", 32 ], [ "R", 32 ], [ "R", 32 ], [ "R", 32 ], [ "R", 32 ], [ "R", 32 ], [ "R", 32 ], [ "R", 32 ], [ "R", 32 ], [ "R", 32 ], [ "R", 32 ], [ "R", 32 ], [ "R", 32 ], [ "R", 32 ], [ "R", 32 ], [ "R", 32 ], [ "R", 32 ], [ "R", 32 ], [ "R", 32 ], [ "R", 32 ], [ "R", 32 ], [ "R", 32 ], [ "R", 32 ], [ "R", 32 ], [ "R", 32 ], [ "R", 32 ], [ "R", 32 ], [ "R", 32 ], [ "R", 32 ], [ "R", 32 ], [ "R", 32 ], [ "R", 32 ], [ "R", 32 ], [ "R", 32 ], [ "R", 32 ], [ "R", 32 ], [ "R", 32 ], [ "R", 32 ], [ "R", 32 ], [ "R", 32 ], [ "R", 32 ], [ "R", 32 ], [ "R", 32 ], [ "R", 32 ], [ "R", 32 ], [ "R", 32 ], [ "R", 32 ], [ "R", 32 ], [ "R", 32 ], [ "R", 32 ], [ "R", 32 ], [ "R", 32 ], [ "R", 32 ], [ "R", 32 ], [ "R", 32 ], [ "R", 32 ], [ "R", 32 ], [ "R", 32 ], [ "R", 32 ], [ "R", 32 ], [ "R", 32 ], [ "R", 32 ], [ "R", 32 ], [ "R", 32 ], [ "R", 32 ], [ "R", 32 ], [ "R", 32 ], [ "R", 32 ], [ "R", 32 ], [ "R", 32 ], [ "R", 32 ], [ "R", 32 ], [ "R", 32 ], [ "R", 32 ], [ "R", 32 ], [ "R", 32 ], [ "R", 32 ], [ "R", 32 ], [ "R", 32 ], [ "R", 32 ], [ "R", 32 ] ]
    } ]
  },
  "ResourceController.getResourceTypeOne" : {
    "t" : [ {
      "id" : 0,
      "a" : [ [ "R", 26 ] ]
    } ]
  },
  "ProcessController.addProcessConfig" : {
    "t" : [ {
      "id" : 0,
      "a" : [ [ "R", 20 ], [ "R", 20 ], [ "W", 20 ], [ "W", 20 ], [ "W", 20 ], [ "W", 20 ] ]
    } ]
  },
  "UploadController.notificationFile" : {
    "t" : [ {
      "id" : 0,
      "a" : [ [ "W", 24 ], [ "W", 24 ], [ "W", 24 ], [ "W", 24 ], [ "W", 24 ], [ "R", 24 ] ]
    } ]
  },
  "UserController.getAuthstrUser" : {
    "t" : [ {
      "id" : 0,
      "a" : [ [ "R", 34 ], [ "R", 34 ], [ "R", 34 ], [ "W", 34 ], [ "W", 34 ], [ "R", 34 ], [ "R", 34 ], [ "R", 35 ], [ "R", 35 ], [ "W", 34 ], [ "R", 34 ], [ "R", 29 ], [ "R", 29 ], [ "R", 29 ], [ "R", 34 ], [ "R", 29 ], [ "R", 29 ], [ "R", 29 ], [ "R", 29 ], [ "R", 29 ], [ "R", 29 ], [ "R", 29 ], [ "R", 29 ], [ "R", 29 ], [ "R", 29 ], [ "R", 29 ], [ "R", 29 ], [ "R", 29 ], [ "R", 29 ], [ "R", 29 ], [ "R", 34 ], [ "R", 34 ], [ "R", 34 ], [ "W", 34 ], [ "W", 34 ] ]
    } ]
  },
  "ManagerController.superEdit" : {
    "t" : [ {
      "id" : 0,
      "a" : [ [ "R", 9 ], [ "R", 9 ], [ "R", 9 ], [ "R", 9 ], [ "R", 9 ], [ "W", 9 ], [ "R", 9 ], [ "R", 9 ], [ "R", 9 ], [ "W", 9 ], [ "R", 9 ], [ "R", 9 ], [ "R", 9 ], [ "W", 9 ], [ "R", 9 ], [ "R", 9 ], [ "R", 9 ], [ "W", 9 ], [ "R", 9 ], [ "R", 9 ], [ "R", 9 ], [ "W", 9 ], [ "R", 9 ], [ "R", 9 ], [ "R", 9 ], [ "W", 9 ], [ "R", 9 ], [ "R", 9 ], [ "R", 9 ], [ "W", 9 ], [ "R", 9 ], [ "R", 9 ], [ "R", 9 ], [ "W", 9 ], [ "W", 9 ] ]
    } ]
  },
  "SettingController.updateInfoPlatForm" : {
    "t" : [ {
      "id" : 0,
      "a" : [ [ "R", 29 ], [ "R", 29 ], [ "W", 29 ], [ "R", 29 ], [ "R", 29 ], [ "W", 29 ], [ "R", 29 ], [ "W", 29 ], [ "R", 29 ], [ "W", 29 ], [ "R", 29 ], [ "W", 29 ], [ "R", 29 ], [ "W", 29 ], [ "R", 29 ], [ "W", 29 ], [ "R", 29 ], [ "W", 29 ], [ "R", 29 ], [ "R", 29 ], [ "R", 29 ], [ "R", 29 ], [ "W", 29 ], [ "R", 29 ], [ "W", 29 ], [ "R", 29 ], [ "W", 29 ], [ "R", 29 ], [ "W", 29 ], [ "R", 29 ], [ "W", 29 ], [ "R", 29 ], [ "W", 29 ], [ "R", 29 ], [ "W", 29 ], [ "R", 29 ], [ "W", 29 ], [ "R", 29 ], [ "W", 29 ], [ "R", 29 ], [ "W", 29 ], [ "R", 29 ], [ "W", 29 ], [ "R", 29 ], [ "W", 29 ], [ "R", 29 ], [ "W", 29 ], [ "R", 29 ], [ "W", 29 ], [ "R", 29 ], [ "W", 29 ], [ "R", 29 ], [ "W", 29 ], [ "R", 29 ], [ "W", 29 ], [ "R", 29 ], [ "W", 29 ], [ "R", 29 ], [ "W", 29 ], [ "R", 29 ], [ "W", 29 ], [ "R", 29 ], [ "W", 29 ], [ "R", 29 ], [ "W", 29 ], [ "R", 29 ], [ "W", 29 ], [ "R", 29 ], [ "W", 29 ], [ "R", 29 ], [ "W", 29 ], [ "R", 29 ], [ "W", 29 ], [ "W", 29 ], [ "R", 8 ], [ "R", 8 ], [ "R", 29 ], [ "W", 29 ], [ "R", 8 ], [ "R", 8 ], [ "R", 29 ] ]
    } ]
  },
  "TaskConfigController.getAllTaskConfig" : {
    "t" : [ {
      "id" : 0,
      "a" : [ [ "R", 30 ], [ "R", 30 ], [ "R", 30 ], [ "R", 30 ], [ "R", 31 ], [ "R", 31 ], [ "R", 31 ] ]
    } ]
  },
  "PluginController.ablePluginV" : {
    "t" : [ {
      "id" : 0,
      "a" : [ [ "R", 19 ], [ "W", 19 ], [ "W", 19 ] ]
    } ]
  },
  "PluginController.getPluginCategoryList" : {
    "t" : [ {
      "id" : 0,
      "a" : [ [ "R", 18 ], [ "R", 18 ], [ "R", 18 ], [ "R", 18 ], [ "R", 18 ] ]
    } ]
  },
  "ResourceController.delContent" : {
    "t" : [ {
      "id" : 0,
      "a" : [ [ "R", 23 ], [ "R", 23 ], [ "R", 25 ], [ "R", 25 ], [ "W", 24 ], [ "W", 25 ], [ "W", 23 ] ]
    } ]
  },
  "PluginController.notifyGitRepoPushed" : {
    "t" : [ {
      "id" : 0,
      "a" : [ [ "R", 19 ], [ "W", 19 ], [ "W", 19 ], [ "W", 19 ], [ "W", 19 ] ]
    } ]
  },
  "ResourceController.updateType" : {
    "t" : [ {
      "id" : 0,
      "a" : [ [ "R", 26 ], [ "W", 26 ], [ "W", 26 ] ]
    } ]
  },
  "SettingController.testPersonalEmail" : {
    "t" : [ {
      "id" : 0,
      "a" : [ [ "R", 29 ], [ "R", 29 ], [ "R", 29 ], [ "R", 29 ], [ "R", 29 ], [ "R", 29 ], [ "R", 29 ] ]
    } ]
  },
  "RoleController.addRole" : {
    "t" : [ {
      "id" : 0,
      "a" : [ [ "R", 27 ], [ "R", 27 ], [ "W", 27 ], [ "W", 27 ], [ "R", 27 ], [ "W", 28 ], [ "W", 28 ], [ "W", 28 ], [ "R", 13 ], [ "R", 13 ], [ "W", 15 ], [ "R", 27 ], [ "W", 15 ], [ "R", 13 ], [ "W", 15 ], [ "R", 13 ], [ "W", 15 ], [ "R", 13 ], [ "W", 15 ], [ "W", 15 ] ]
    } ]
  },
  "RoleController.findRoleList" : {
    "t" : [ {
      "id" : 0,
      "a" : [ [ "R", 27 ], [ "R", 14 ], [ "R", 15 ], [ "R", 27 ], [ "R", 13 ], [ "R", 13 ], [ "R", 28 ], [ "R", 14 ], [ "R", 13 ], [ "R", 15 ], [ "W", 13 ], [ "W", 13 ], [ "W", 14 ], [ "W", 27 ] ]
    } ]
  },
  "TaskConfigController.saveTaskConfig" : {
    "t" : [ {
      "id" : 0,
      "a" : [ [ "W", 31 ], [ "W", 31 ], [ "W", 31 ] ]
    } ]
  },
  "ModuleController.getAllModule" : {
    "t" : [ {
      "id" : 0,
      "a" : [ [ "R", 11 ], [ "R", 11 ], [ "R", 11 ] ]
    } ]
  },
  "DynamicProjectController.listday" : {
    "t" : [ {
      "id" : 0,
      "a" : [ [ "W", 22 ], [ "W", 22 ], [ "W", 22 ], [ "W", 22 ], [ "W", 22 ], [ "W", 22 ], [ "W", 22 ], [ "R", 22 ], [ "R", 22 ], [ "R", 22 ], [ "R", 22 ], [ "R", 22 ], [ "R", 22 ], [ "R", 22 ], [ "R", 22 ], [ "R", 22 ], [ "R", 22 ], [ "R", 22 ], [ "R", 22 ], [ "R", 22 ], [ "R", 22 ], [ "R", 22 ], [ "R", 22 ], [ "R", 22 ], [ "R", 22 ], [ "R", 22 ], [ "R", 22 ], [ "R", 22 ], [ "R", 22 ], [ "R", 22 ], [ "R", 22 ], [ "R", 22 ], [ "R", 22 ], [ "R", 22 ], [ "R", 22 ], [ "R", 22 ], [ "R", 22 ], [ "R", 22 ], [ "R", 22 ], [ "R", 22 ], [ "R", 22 ], [ "R", 22 ], [ "R", 22 ], [ "R", 22 ], [ "R", 22 ], [ "R", 22 ], [ "R", 22 ], [ "R", 22 ], [ "R", 22 ], [ "R", 22 ], [ "R", 22 ], [ "R", 22 ], [ "R", 22 ], [ "R", 22 ], [ "R", 22 ], [ "R", 22 ], [ "R", 22 ], [ "R", 22 ], [ "R", 22 ], [ "R", 22 ], [ "R", 22 ], [ "R", 22 ], [ "R", 22 ], [ "R", 22 ], [ "R", 22 ], [ "R", 22 ], [ "R", 22 ], [ "R", 22 ], [ "R", 22 ], [ "R", 22 ], [ "R", 22 ], [ "R", 22 ], [ "R", 22 ], [ "R", 22 ], [ "R", 22 ], [ "R", 22 ], [ "R", 22 ], [ "R", 22 ], [ "R", 22 ], [ "R", 22 ], [ "R", 22 ], [ "R", 22 ], [ "R", 22 ], [ "R", 22 ], [ "R", 22 ], [ "R", 22 ], [ "R", 22 ], [ "R", 22 ], [ "R", 22 ], [ "R", 22 ], [ "R", 22 ], [ "R", 22 ], [ "R", 22 ], [ "R", 22 ], [ "R", 22 ], [ "R", 22 ], [ "R", 22 ], [ "R", 22 ], [ "R", 22 ], [ "R", 22 ], [ "R", 22 ], [ "R", 22 ], [ "R", 22 ], [ "R", 22 ], [ "R", 22 ], [ "R", 22 ], [ "R", 22 ], [ "R", 22 ], [ "R", 22 ], [ "R", 22 ], [ "R", 22 ], [ "R", 22 ], [ "R", 22 ], [ "R", 22 ], [ "R", 22 ], [ "R", 22 ], [ "R", 22 ], [ "R", 22 ], [ "R", 22 ], [ "R", 22 ], [ "R", 22 ], [ "R", 22 ], [ "R", 22 ], [ "R", 22 ], [ "R", 22 ], [ "R", 22 ], [ "R", 22 ], [ "R", 22 ], [ "R", 22 ], [ "R", 22 ], [ "R", 22 ], [ "R", 22 ], [ "R", 22 ], [ "R", 22 ], [ "R", 22 ], [ "R", 22 ], [ "R", 22 ], [ "R", 22 ], [ "R", 22 ], [ "R", 22 ], [ "R", 22 ], [ "R", 22 ], [ "R", 22 ], [ "R", 22 ], [ "R", 22 ], [ "R", 22 ], [ "R", 22 ], [ "R", 22 ], [ "R", 22 ], [ "R", 22 ], [ "R", 22 ], [ "R", 22 ], [ "R", 22 ], [ "R", 22 ], [ "R", 22 ], [ "R", 22 ], [ "R", 22 ], [ "R", 22 ], [ "R", 22 ], [ "R", 22 ], [ "R", 22 ], [ "R", 22 ], [ "R", 22 ], [ "R", 22 ], [ "R", 22 ], [ "R", 22 ], [ "R", 22 ], [ "R", 22 ], [ "R", 22 ], [ "R", 22 ], [ "R", 22 ], [ "R", 22 ], [ "R", 22 ], [ "R", 22 ], [ "R", 22 ], [ "R", 22 ], [ "R", 22 ], [ "R", 22 ], [ "R", 22 ], [ "R", 22 ], [ "R", 22 ], [ "R", 22 ], [ "R", 22 ], [ "R", 22 ], [ "R", 22 ], [ "R", 22 ], [ "R", 22 ], [ "R", 22 ], [ "R", 22 ], [ "R", 22 ], [ "R", 22 ], [ "R", 22 ], [ "R", 22 ], [ "R", 22 ], [ "R", 22 ], [ "R", 22 ], [ "R", 22 ], [ "R", 22 ], [ "R", 22 ], [ "R", 22 ], [ "R", 22 ], [ "R", 22 ], [ "R", 22 ], [ "R", 22 ], [ "R", 22 ], [ "R", 22 ], [ "R", 22 ], [ "R", 22 ], [ "R", 22 ], [ "R", 22 ], [ "R", 22 ], [ "R", 22 ], [ "R", 22 ], [ "R", 22 ], [ "R", 22 ], [ "R", 22 ], [ "R", 22 ], [ "R", 22 ], [ "R", 22 ], [ "R", 22 ], [ "R", 22 ], [ "R", 22 ], [ "R", 22 ], [ "R", 22 ], [ "R", 22 ] ]
    } ]
  },
  "EngineController.notifyGitRepoPushed" : {
    "t" : [ {
      "id" : 0,
      "a" : [ [ "R", 5 ], [ "W", 5 ], [ "W", 5 ], [ "W", 5 ], [ "W", 5 ] ]
    } ]
  },
  "UserController.createUserEfficient" : {
    "t" : [ {
      "id" : 0,
      "a" : [ [ "R", 34 ], [ "R", 34 ], [ "R", 34 ], [ "R", 34 ], [ "R", 34 ], [ "R", 34 ], [ "R", 34 ], [ "R", 34 ], [ "R", 34 ], [ "R", 34 ], [ "R", 34 ], [ "R", 35 ], [ "R", 35 ], [ "W", 34 ], [ "R", 34 ], [ "R", 34 ], [ "W", 34 ], [ "R", 34 ], [ "W", 34 ], [ "R", 34 ], [ "W", 34 ], [ "R", 34 ], [ "W", 34 ], [ "R", 34 ], [ "W", 34 ], [ "R", 34 ], [ "R", 34 ], [ "R", 34 ], [ "R", 35 ], [ "W", 35 ], [ "R", 34 ], [ "R", 6 ], [ "R", 6 ], [ "W", 34 ], [ "W", 34 ], [ "W", 34 ], [ "W", 34 ], [ "R", 34 ], [ "R", 34 ], [ "W", 35 ], [ "W", 35 ], [ "W", 35 ], [ "R", 34 ], [ "R", 34 ], [ "R", 29 ], [ "R", 34 ], [ "R", 34 ], [ "R", 34 ], [ "R", 34 ], [ "R", 34 ], [ "W", 34 ], [ "R", 34 ], [ "R", 34 ], [ "R", 34 ], [ "R", 34 ], [ "R", 34 ], [ "R", 34 ], [ "W", 34 ], [ "R", 34 ], [ "R", 34 ], [ "R", 34 ], [ "R", 35 ], [ "W", 35 ], [ "R", 34 ], [ "R", 6 ], [ "R", 6 ], [ "W", 34 ], [ "W", 34 ], [ "W", 34 ], [ "W", 34 ], [ "R", 34 ], [ "R", 34 ], [ "W", 35 ], [ "W", 35 ], [ "W", 35 ], [ "R", 34 ], [ "R", 34 ], [ "R", 29 ], [ "R", 34 ], [ "R", 34 ], [ "R", 34 ], [ "R", 34 ], [ "R", 34 ], [ "R", 34 ], [ "R", 29 ], [ "R", 29 ], [ "R", 29 ], [ "R", 29 ], [ "R", 29 ], [ "R", 34 ], [ "R", 29 ], [ "R", 29 ], [ "R", 34 ], [ "R", 29 ], [ "R", 34 ], [ "R", 34 ], [ "R", 29 ], [ "R", 29 ], [ "R", 29 ], [ "R", 29 ], [ "R", 29 ], [ "R", 29 ], [ "R", 29 ], [ "R", 29 ], [ "R", 29 ], [ "R", 29 ], [ "R", 29 ], [ "R", 29 ], [ "R", 29 ], [ "R", 29 ], [ "R", 29 ] ]
    } ]
  },
  "VideoController.addVideo" : {
    "t" : [ {
      "id" : 0,
      "a" : [ [ "W", 37 ], [ "R", 37 ], [ "W", 37 ], [ "W", 37 ] ]
    } ]
  },
  "UserController.createUser" : {
    "t" : [ {
      "id" : 0,
      "a" : [ [ "R", 34 ], [ "R", 34 ], [ "R", 34 ], [ "R", 34 ], [ "R", 34 ], [ "R", 34 ], [ "R", 34 ], [ "R", 34 ], [ "R", 34 ], [ "R", 34 ], [ "R", 34 ], [ "R", 34 ], [ "R", 35 ], [ "R", 35 ], [ "W", 34 ], [ "R", 34 ], [ "R", 34 ], [ "W", 34 ], [ "R", 34 ], [ "W", 34 ], [ "R", 34 ], [ "W", 34 ], [ "R", 34 ], [ "W", 34 ], [ "R", 34 ], [ "W", 34 ], [ "R", 34 ], [ "R", 34 ], [ "R", 34 ], [ "R", 35 ], [ "W", 35 ], [ "R", 34 ], [ "R", 6 ], [ "R", 6 ], [ "W", 34 ], [ "W", 34 ], [ "W", 34 ], [ "W", 34 ], [ "R", 34 ], [ "R", 34 ], [ "W", 35 ], [ "W", 35 ], [ "W", 35 ], [ "R", 34 ], [ "R", 34 ], [ "R", 29 ], [ "R", 34 ], [ "R", 34 ], [ "R", 34 ], [ "R", 34 ], [ "W", 34 ], [ "R", 34 ], [ "R", 34 ], [ "R", 34 ], [ "R", 34 ], [ "R", 34 ], [ "R", 34 ], [ "W", 34 ], [ "R", 34 ], [ "R", 34 ], [ "R", 34 ], [ "R", 35 ], [ "W", 35 ], [ "R", 34 ], [ "R", 6 ], [ "R", 6 ], [ "W", 34 ], [ "W", 34 ], [ "W", 34 ], [ "W", 34 ], [ "R", 34 ], [ "R", 34 ], [ "W", 35 ], [ "W", 35 ], [ "W", 35 ], [ "R", 34 ], [ "R", 34 ], [ "R", 29 ], [ "R", 29 ], [ "R", 29 ], [ "R", 29 ], [ "R", 29 ], [ "R", 34 ], [ "R", 29 ], [ "R", 29 ], [ "R", 34 ], [ "R", 29 ], [ "R", 34 ], [ "R", 34 ], [ "R", 29 ], [ "R", 29 ], [ "R", 29 ], [ "R", 29 ], [ "R", 29 ], [ "R", 29 ], [ "R", 29 ], [ "R", 29 ], [ "R", 29 ], [ "R", 29 ], [ "R", 29 ], [ "R", 29 ], [ "R", 29 ], [ "R", 29 ], [ "R", 29 ] ]
    } ]
  },
  "RoleController.listPermissionTypes" : {
    "t" : [ {
      "id" : 0,
      "a" : [ [ "R", 14 ], [ "R", 14 ], [ "R", 13 ], [ "W", 14 ] ]
    } ]
  },
  "SettingController.changeStatus" : {
    "t" : [ {
      "id" : 0,
      "a" : [ [ "R", 29 ], [ "W", 29 ], [ "W", 29 ] ]
    } ]
  },
  "UserController.importExcel" : {
    "t" : [ {
      "id" : 0,
      "a" : [ [ "W", 34 ], [ "R", 34 ], [ "R", 34 ], [ "R", 34 ], [ "W", 34 ], [ "R", 34 ], [ "R", 34 ], [ "R", 34 ], [ "R", 34 ], [ "W", 34 ], [ "R", 6 ], [ "R", 6 ], [ "R", 6 ], [ "W", 34 ], [ "W", 34 ], [ "W", 34 ], [ "W", 34 ], [ "W", 34 ], [ "W", 34 ], [ "W", 34 ], [ "W", 34 ], [ "W", 34 ], [ "W", 34 ], [ "W", 34 ], [ "W", 34 ], [ "W", 34 ], [ "R", 34 ], [ "R", 34 ], [ "R", 34 ], [ "R", 34 ], [ "R", 34 ], [ "R", 34 ], [ "R", 34 ], [ "W", 34 ], [ "W", 34 ], [ "W", 34 ], [ "W", 34 ], [ "W", 34 ], [ "W", 34 ], [ "W", 34 ], [ "W", 34 ], [ "W", 34 ], [ "W", 34 ], [ "W", 34 ], [ "W", 34 ], [ "R", 6 ], [ "R", 6 ], [ "R", 6 ], [ "W", 34 ], [ "W", 34 ], [ "R", 34 ], [ "R", 34 ], [ "R", 34 ], [ "R", 34 ], [ "R", 34 ], [ "W", 34 ], [ "R", 34 ], [ "R", 34 ], [ "R", 34 ], [ "R", 34 ], [ "R", 34 ], [ "R", 34 ], [ "W", 34 ], [ "R", 34 ], [ "R", 34 ], [ "W", 34 ], [ "W", 34 ], [ "W", 34 ], [ "W", 34 ], [ "W", 34 ], [ "W", 34 ], [ "W", 34 ] ]
    } ]
  },
  "UserController.updateUserPwd" : {
    "t" : [ {
      "id" : 0,
      "a" : [ [ "R", 34 ], [ "W", 34 ], [ "W", 34 ], [ "R", 34 ], [ "R", 34 ], [ "R", 34 ], [ "R", 29 ], [ "R", 29 ], [ "R", 34 ], [ "R", 29 ], [ "R", 29 ], [ "R", 29 ], [ "R", 29 ], [ "R", 29 ], [ "R", 29 ], [ "R", 29 ], [ "R", 29 ], [ "R", 29 ], [ "R", 29 ], [ "R", 29 ], [ "R", 29 ], [ "R", 29 ], [ "R", 29 ], [ "R", 29 ] ]
    } ]
  },
  "ManagerController.save" : {
    "t" : [ {
      "id" : 0,
      "a" : [ [ "R", 9 ], [ "R", 9 ], [ "R", 9 ], [ "W", 9 ], [ "R", 9 ], [ "R", 9 ], [ "W", 9 ], [ "W", 9 ], [ "R", 9 ], [ "R", 9 ], [ "W", 10 ], [ "W", 10 ], [ "W", 10 ] ]
    } ]
  },
  "OperationLogController.index" : {
    "t" : [ {
      "id" : 0,
      "a" : [ [ "R", 12 ], [ "R", 12 ], [ "R", 12 ], [ "R", 12 ], [ "R", 12 ] ]
    } ]
  },
  "ResourceController.delFile" : {
    "t" : [ {
      "id" : 0,
      "a" : [ [ "R", 24 ], [ "R", 24 ], [ "R", 24 ], [ "W", 24 ], [ "R", 24 ] ]
    } ]
  },
  "DynamicUserController.listmonth" : {
    "t" : [ {
      "id" : 0,
      "a" : [ [ "W", 36 ], [ "W", 36 ], [ "W", 36 ], [ "W", 36 ], [ "W", 36 ], [ "W", 36 ], [ "W", 36 ], [ "R", 36 ], [ "R", 36 ], [ "R", 36 ], [ "R", 36 ], [ "R", 36 ], [ "R", 36 ], [ "R", 36 ], [ "R", 36 ], [ "R", 36 ], [ "R", 36 ], [ "R", 36 ], [ "R", 36 ], [ "R", 36 ], [ "R", 36 ], [ "R", 36 ], [ "R", 36 ], [ "R", 36 ], [ "R", 36 ], [ "R", 36 ], [ "R", 36 ], [ "R", 36 ], [ "R", 36 ], [ "R", 36 ], [ "R", 36 ], [ "R", 36 ], [ "R", 36 ], [ "R", 36 ], [ "R", 36 ], [ "R", 36 ], [ "R", 36 ], [ "R", 36 ], [ "R", 36 ], [ "R", 36 ], [ "R", 36 ], [ "R", 36 ], [ "R", 36 ], [ "R", 36 ] ]
    } ]
  },
  "RoleController.delCustomRole" : {
    "t" : [ {
      "id" : 0,
      "a" : [ [ "W", 27 ] ]
    } ]
  },
  "PluginController.deletePluginCategory" : {
    "t" : [ {
      "id" : 0,
      "a" : [ [ "R", 18 ], [ "W", 18 ], [ "W", 18 ] ]
    } ]
  },
  "SettingController.getBackupLog" : {
    "t" : [ {
      "id" : 0,
      "a" : [ [ "R", 29 ], [ "R", 2 ] ]
    } ]
  },
  "UserController.findUserInitPermision" : {
    "t" : [ {
      "id" : 0,
      "a" : [ [ "R", 13 ] ]
    } ]
  },
  "UserController.findUserList" : {
    "t" : [ {
      "id" : 0,
      "a" : [ [ "R", 9 ], [ "R", 9 ], [ "R", 6 ], [ "R", 6 ], [ "R", 6 ], [ "R", 6 ], [ "R", 6 ], [ "R", 34 ], [ "R", 34 ], [ "R", 34 ], [ "R", 34 ], [ "R", 34 ], [ "R", 34 ], [ "R", 34 ], [ "R", 34 ], [ "R", 34 ], [ "R", 34 ], [ "R", 34 ], [ "R", 34 ], [ "R", 34 ], [ "R", 34 ], [ "R", 34 ], [ "R", 34 ], [ "R", 34 ], [ "R", 34 ], [ "R", 34 ], [ "R", 34 ], [ "R", 34 ], [ "R", 34 ], [ "R", 34 ], [ "R", 34 ], [ "R", 34 ], [ "R", 34 ], [ "R", 34 ], [ "R", 34 ], [ "R", 34 ], [ "R", 34 ], [ "R", 34 ], [ "R", 34 ], [ "R", 34 ], [ "R", 34 ], [ "R", 34 ], [ "R", 34 ], [ "R", 34 ], [ "R", 34 ], [ "R", 34 ], [ "R", 34 ], [ "R", 34 ], [ "R", 34 ], [ "R", 34 ], [ "R", 34 ], [ "R", 34 ], [ "R", 34 ], [ "R", 34 ], [ "R", 34 ], [ "R", 34 ], [ "R", 34 ], [ "R", 34 ], [ "R", 34 ], [ "R", 34 ], [ "R", 34 ], [ "R", 9 ], [ "R", 34 ], [ "R", 34 ], [ "R", 34 ], [ "R", 34 ], [ "R", 34 ], [ "R", 34 ], [ "R", 34 ], [ "R", 34 ], [ "R", 9 ], [ "R", 34 ], [ "R", 34 ], [ "R", 34 ], [ "R", 34 ], [ "R", 34 ], [ "R", 34 ], [ "R", 34 ], [ "R", 34 ], [ "R", 9 ], [ "R", 34 ], [ "R", 34 ], [ "R", 34 ], [ "R", 34 ], [ "R", 34 ], [ "R", 34 ], [ "R", 34 ], [ "R", 34 ], [ "R", 13 ], [ "R", 6 ], [ "R", 6 ], [ "R", 6 ], [ "R", 34 ], [ "W", 34 ], [ "R", 29 ] ]
    } ]
  },
  "UserController.delUsers" : {
    "t" : [ {
      "id" : 0,
      "a" : [ [ "W", 34 ] ]
    } ]
  },
  "EngineController.getPublicEngineList" : {
    "t" : [ {
      "id" : 0,
      "a" : [ [ "R", 5 ], [ "R", 5 ], [ "R", 5 ] ]
    } ]
  },
  "PluginController.editPlugin" : {
    "t" : [ {
      "id" : 0,
      "a" : [ [ "R", 17 ], [ "R", 17 ], [ "R", 18 ], [ "R", 18 ], [ "R", 18 ], [ "W", 17 ], [ "R", 17 ], [ "R", 17 ], [ "R", 17 ], [ "R", 17 ], [ "R", 17 ], [ "R", 17 ], [ "R", 17 ], [ "R", 17 ], [ "R", 17 ], [ "R", 17 ], [ "R", 17 ], [ "R", 17 ] ]
    } ]
  },
  "PluginController.getPluginList" : {
    "t" : [ {
      "id" : 0,
      "a" : [ [ "R", 17 ], [ "R", 17 ], [ "R", 18 ], [ "R", 18 ], [ "R", 18 ], [ "W", 17 ], [ "R", 17 ], [ "R", 17 ], [ "R", 18 ], [ "R", 18 ], [ "R", 18 ], [ "W", 17 ] ]
    } ]
  },
  "RoleController.updateRole" : {
    "t" : [ {
      "id" : 0,
      "a" : [ [ "R", 13 ], [ "R", 13 ], [ "R", 28 ], [ "R", 13 ], [ "R", 13 ], [ "R", 13 ], [ "R", 13 ], [ "R", 27 ], [ "R", 27 ], [ "R", 27 ], [ "R", 27 ], [ "R", 28 ], [ "R", 28 ], [ "R", 27 ], [ "R", 27 ], [ "R", 27 ], [ "R", 27 ], [ "R", 28 ], [ "R", 28 ], [ "R", 27 ], [ "R", 27 ], [ "R", 27 ], [ "R", 27 ], [ "R", 13 ], [ "R", 13 ], [ "R", 28 ], [ "R", 13 ], [ "R", 27 ], [ "R", 27 ], [ "R", 27 ], [ "R", 13 ], [ "R", 13 ], [ "R", 28 ], [ "R", 13 ], [ "R", 13 ], [ "R", 13 ], [ "W", 28 ], [ "W", 28 ], [ "W", 28 ], [ "R", 27 ], [ "R", 27 ], [ "R", 27 ], [ "R", 27 ], [ "R", 27 ], [ "R", 27 ], [ "R", 27 ], [ "R", 27 ], [ "R", 27 ], [ "R", 13 ], [ "R", 13 ], [ "R", 28 ], [ "R", 13 ], [ "R", 27 ], [ "R", 27 ], [ "R", 27 ], [ "R", 27 ], [ "R", 13 ], [ "R", 13 ], [ "R", 28 ], [ "R", 13 ], [ "R", 27 ], [ "R", 27 ], [ "R", 27 ], [ "R", 27 ], [ "R", 13 ], [ "R", 13 ], [ "R", 28 ], [ "R", 13 ], [ "R", 27 ], [ "R", 27 ], [ "R", 27 ], [ "R", 27 ], [ "R", 13 ], [ "R", 13 ], [ "R", 28 ], [ "R", 13 ], [ "R", 27 ], [ "R", 27 ], [ "R", 27 ], [ "R", 27 ], [ "R", 27 ], [ "R", 27 ], [ "R", 13 ], [ "R", 13 ], [ "R", 28 ], [ "W", 27 ], [ "R", 27 ], [ "R", 27 ], [ "R", 27 ], [ "R", 27 ], [ "R", 27 ], [ "R", 27 ], [ "R", 13 ], [ "R", 13 ], [ "R", 28 ], [ "W", 27 ], [ "R", 27 ], [ "R", 27 ], [ "R", 27 ], [ "R", 27 ], [ "R", 27 ], [ "R", 13 ], [ "R", 13 ], [ "R", 28 ], [ "W", 27 ], [ "R", 27 ], [ "R", 27 ], [ "R", 27 ], [ "R", 27 ], [ "R", 27 ], [ "R", 27 ], [ "R", 13 ], [ "R", 13 ], [ "R", 28 ], [ "W", 27 ], [ "R", 27 ], [ "R", 27 ], [ "R", 27 ], [ "R", 27 ], [ "R", 13 ], [ "R", 13 ], [ "R", 28 ], [ "W", 27 ], [ "R", 27 ], [ "R", 27 ] ]
    } ]
  },
  "PluginController.getPluginEnableCategoryList" : {
    "t" : [ {
      "id" : 0,
      "a" : [ [ "R", 18 ] ]
    } ]
  },
  "ResourceController.updateTemplet" : {
    "t" : [ {
      "id" : 0,
      "a" : [ [ "R", 33 ], [ "W", 33 ], [ "W", 33 ], [ "W", 33 ], [ "W", 33 ] ]
    } ]
  },
  "OperationLogController.export" : {
    "t" : [ {
      "id" : 0,
      "a" : [ [ "R", 12 ], [ "R", 12 ], [ "R", 12 ], [ "R", 12 ], [ "R", 12 ] ]
    } ]
  },
  "UserController.postUser" : {
    "t" : [ {
      "id" : 0,
      "a" : [ [ "R", 34 ], [ "W", 34 ], [ "W", 34 ], [ "W", 34 ], [ "W", 34 ], [ "W", 34 ], [ "W", 34 ], [ "W", 34 ], [ "W", 34 ], [ "W", 34 ], [ "W", 34 ], [ "R", 29 ], [ "R", 29 ], [ "R", 29 ], [ "R", 29 ], [ "R", 29 ], [ "R", 29 ], [ "R", 29 ], [ "R", 29 ], [ "R", 29 ], [ "R", 29 ], [ "R", 29 ], [ "R", 29 ], [ "R", 29 ], [ "R", 29 ], [ "R", 29 ], [ "R", 29 ], [ "R", 29 ], [ "R", 29 ], [ "R", 34 ], [ "W", 34 ], [ "W", 34 ], [ "W", 34 ], [ "W", 34 ], [ "W", 34 ], [ "W", 34 ], [ "W", 34 ], [ "W", 34 ] ]
    } ]
  },
  "ResourceController.getResourceContentById" : {
    "t" : [ {
      "id" : 0,
      "a" : [ [ "R", 23 ], [ "R", 23 ], [ "R", 25 ], [ "R", 25 ], [ "R", 24 ], [ "W", 23 ], [ "R", 23 ], [ "R", 26 ], [ "R", 26 ], [ "W", 23 ], [ "R", 23 ], [ "R", 23 ], [ "W", 23 ] ]
    } ]
  },
  "ResourceController.saveContent" : {
    "t" : [ {
      "id" : 0,
      "a" : [ [ "R", 23 ], [ "R", 23 ], [ "W", 23 ], [ "R", 23 ], [ "W", 23 ], [ "W", 23 ], [ "R", 23 ], [ "R", 23 ], [ "R", 23 ], [ "R", 25 ], [ "W", 25 ], [ "R", 23 ], [ "R", 23 ], [ "W", 25 ], [ "W", 25 ], [ "W", 25 ] ]
    } ]
  },
  "UserController.updateUserEnable" : {
    "t" : [ {
      "id" : 0,
      "a" : [ [ "R", 34 ], [ "R", 34 ], [ "R", 34 ], [ "W", 34 ], [ "W", 34 ], [ "R", 34 ], [ "R", 34 ], [ "R", 34 ], [ "W", 34 ], [ "W", 34 ] ]
    } ]
  },
  "UserController.findUser" : {
    "t" : [ {
      "id" : 0,
      "a" : [ [ "R", 34 ], [ "R", 34 ], [ "R", 35 ], [ "R", 35 ], [ "W", 34 ] ]
    } ]
  },
  "ProcessController.getProcessConfig" : {
    "t" : [ {
      "id" : 0,
      "a" : [ [ "R", 20 ], [ "R", 20 ], [ "R", 27 ], [ "W", 20 ], [ "R", 20 ], [ "R", 27 ], [ "W", 20 ], [ "R", 20 ], [ "R", 27 ], [ "W", 20 ], [ "R", 27 ], [ "R", 27 ], [ "R", 13 ], [ "R", 13 ], [ "R", 28 ], [ "W", 27 ], [ "R", 20 ], [ "R", 20 ], [ "R", 20 ], [ "R", 20 ], [ "R", 20 ], [ "R", 20 ] ]
    } ]
  },
  "PluginController.getPluginVersionList" : {
    "t" : [ {
      "id" : 0,
      "a" : [ [ "R", 17 ], [ "R", 19 ], [ "W", 17 ], [ "R", 17 ], [ "R", 19 ], [ "R", 19 ], [ "R", 17 ] ]
    } ]
  },
  "ManagerController.deleteBackupLog" : {
    "t" : [ {
      "id" : 0,
      "a" : [ [ "W", 9 ], [ "W", 9 ] ]
    } ]
  },
  "ManagerController.index" : {
    "t" : [ {
      "id" : 0,
      "a" : [ [ "R", 9 ], [ "R", 9 ], [ "R", 11 ], [ "R", 11 ], [ "R", 10 ], [ "R", 10 ], [ "R", 10 ], [ "R", 11 ], [ "W", 9 ], [ "R", 9 ], [ "R", 9 ], [ "R", 11 ], [ "R", 11 ], [ "R", 10 ], [ "R", 10 ], [ "R", 10 ], [ "R", 11 ], [ "W", 9 ], [ "R", 6 ], [ "R", 6 ], [ "R", 6 ], [ "R", 9 ], [ "W", 9 ] ]
    } ]
  },
  "DynamicTeamController.listmonth" : {
    "t" : [ {
      "id" : 0,
      "a" : [ [ "W", 32 ], [ "W", 32 ], [ "W", 32 ], [ "W", 32 ], [ "W", 32 ], [ "W", 32 ], [ "W", 32 ], [ "R", 32 ], [ "R", 32 ], [ "R", 32 ], [ "R", 32 ], [ "R", 32 ], [ "R", 32 ], [ "R", 32 ], [ "R", 32 ], [ "R", 32 ], [ "R", 32 ], [ "R", 32 ], [ "R", 32 ], [ "R", 32 ], [ "R", 32 ], [ "R", 32 ], [ "R", 32 ], [ "R", 32 ], [ "R", 32 ], [ "R", 32 ], [ "R", 32 ], [ "R", 32 ], [ "R", 32 ], [ "R", 32 ], [ "R", 32 ], [ "R", 32 ], [ "R", 32 ], [ "R", 32 ], [ "R", 32 ], [ "R", 32 ], [ "R", 32 ], [ "R", 32 ], [ "R", 32 ], [ "R", 32 ], [ "R", 32 ], [ "R", 32 ], [ "R", 32 ], [ "R", 32 ], [ "R", 32 ], [ "R", 32 ], [ "R", 32 ], [ "R", 32 ], [ "R", 32 ], [ "R", 32 ], [ "R", 32 ], [ "R", 32 ], [ "R", 32 ], [ "R", 32 ], [ "R", 32 ], [ "R", 32 ], [ "R", 32 ], [ "R", 32 ], [ "R", 32 ], [ "R", 32 ], [ "R", 32 ], [ "R", 32 ], [ "R", 32 ], [ "R", 32 ], [ "R", 32 ], [ "R", 32 ], [ "R", 32 ], [ "R", 32 ], [ "R", 32 ], [ "R", 32 ], [ "R", 32 ], [ "R", 32 ], [ "R", 32 ], [ "R", 32 ], [ "R", 32 ], [ "R", 32 ], [ "R", 32 ], [ "R", 32 ], [ "R", 32 ], [ "R", 32 ], [ "R", 32 ], [ "R", 32 ], [ "R", 32 ], [ "R", 32 ], [ "R", 32 ], [ "R", 32 ], [ "R", 32 ], [ "R", 32 ], [ "R", 32 ], [ "R", 32 ], [ "R", 32 ], [ "R", 32 ] ]
    } ]
  },
  "ProcessController.getProcessTemplateList" : {
    "t" : [ {
      "id" : 0,
      "a" : [ [ "R", 21 ], [ "R", 21 ], [ "R", 20 ], [ "R", 20 ], [ "R", 27 ], [ "W", 20 ], [ "R", 20 ], [ "R", 27 ], [ "W", 20 ], [ "R", 20 ], [ "R", 27 ], [ "W", 20 ], [ "W", 21 ], [ "R", 21 ], [ "W", 21 ], [ "W", 21 ], [ "W", 21 ], [ "W", 21 ], [ "W", 21 ], [ "W", 21 ], [ "W", 21 ], [ "W", 21 ], [ "W", 21 ], [ "W", 21 ], [ "W", 21 ], [ "W", 21 ], [ "W", 21 ] ]
    } ]
  },
  "ResourceController.getResourceType" : {
    "t" : [ {
      "id" : 0,
      "a" : [ [ "R", 26 ] ]
    } ]
  },
  "PluginController.uploadPlugin" : {
    "t" : [ {
      "id" : 0,
      "a" : [ [ "R", 17 ], [ "R", 17 ], [ "R", 17 ], [ "W", 17 ], [ "R", 17 ], [ "R", 17 ], [ "R", 19 ], [ "W", 17 ], [ "W", 19 ], [ "R", 17 ], [ "W", 19 ], [ "W", 19 ], [ "W", 19 ], [ "W", 19 ], [ "W", 19 ], [ "W", 19 ], [ "W", 19 ], [ "R", 17 ], [ "W", 19 ], [ "W", 19 ], [ "W", 19 ], [ "W", 19 ], [ "W", 19 ], [ "W", 19 ], [ "R", 17 ], [ "R", 19 ], [ "W", 19 ], [ "W", 19 ], [ "R", 19 ], [ "R", 17 ], [ "R", 19 ], [ "R", 19 ], [ "R", 17 ], [ "R", 19 ] ]
    } ]
  }
}