{
  "Action" : 1,
  "Advice" : 2,
  "App" : 3,
  "AppChannel" : 4,
  "AppPackage" : 5,
  "AppPatch" : 6,
  "AppType" : 7,
  "AppVersion" : 8,
  "AppWidget" : 9,
  "BaseEntity" : 10,
  "Bug" : 11,
  "BugAuth" : 12,
  "BugMark" : 13,
  "BugMember" : 14,
  "BugModule" : 15,
  "BugStatusSort" : 16,
  "CheckInfo" : 17,
  "DataModel" : 18,
  "Document" : 19,
  "DocumentChapter" : 20,
  "DocumentMarker" : 21,
  "Dynamic" : 22,
  "DynamicDependency" : 23,
  "DynamicModule" : 24,
  "Engine" : 25,
  "Enterprise" : 26,
  "EntityResourceRel" : 27,
  "FilialeInfo" : 28,
  "GitOperationLog" : 29,
  "IdentityCode" : 30,
  "Notice" : 31,
  "NoticeDependency" : 32,
  "NoticeModule" : 33,
  "Permission" : 34,
  "PermissionInterceptor" : 35,
  "Plugin" : 36,
  "PluginCategory" : 37,
  "PluginResource" : 38,
  "PluginVersion" : 39,
  "Process" : 40,
  "ProcessAuth" : 41,
  "ProcessConfig" : 42,
  "ProcessMember" : 43,
  "ProcessTemplate" : 44,
  "Project" : 45,
  "ProjectAuth" : 46,
  "ProjectCategory" : 47,
  "ProjectMember" : 48,
  "ProjectParent" : 49,
  "ProjectSort" : 50,
  "Resource" : 51,
  "ResourceContent" : 52,
  "ResourceFileInfo" : 53,
  "ResourceFileRelation" : 54,
  "ResourceType" : 55,
  "Role" : 56,
  "RoleAuth" : 57,
  "SEQ" : 58,
  "Setting" : 59,
  "SettingsConfig" : 60,
  "TInterFace" : 61,
  "Tag" : 62,
  "Task" : 63,
  "TaskAuth" : 64,
  "TaskComment" : 65,
  "TaskGroup" : 66,
  "TaskGroupSort" : 67,
  "TaskLeaf" : 68,
  "TaskMember" : 69,
  "TaskTag" : 70,
  "Team" : 71,
  "TeamAnaly" : 72,
  "TeamAuth" : 73,
  "TeamGroup" : 74,
  "TeamMember" : 75,
  "TempletInfo" : 76,
  "Topic" : 77,
  "TopicAuth" : 78,
  "TopicComment" : 79,
  "TopicMember" : 80,
  "TopicResource" : 81,
  "Trans" : 82,
  "TransFlowHIS" : 83,
  "TransHis" : 84,
  "User" : 85,
  "UserActiveTool" : 86,
  "UserAuth" : 87,
  "Video" : 88
}