{
  "Action" : 1,
  "BackupLog" : 2,
  "BaseEntity" : 3,
  "DiskStatistic" : 4,
  "Engine" : 5,
  "FilialeInfo" : 6,
  "GitOperationLog" : 7,
  "LogAction" : 8,
  "Manager" : 9,
  "ManagerAuth" : 10,
  "Module" : 11,
  "OperationLog" : 12,
  "Permission" : 13,
  "PermissionType" : 14,
  "PermissionTypeAuth" : 15,
  "PlatFormLog" : 16,
  "Plugin" : 17,
  "PluginCategory" : 18,
  "PluginVersion" : 19,
  "ProcessConfig" : 20,
  "ProcessTemplate" : 21,
  "ProjectDynamic" : 22,
  "ResourceContent" : 23,
  "ResourceFileInfo" : 24,
  "ResourceFileRelation" : 25,
  "ResourceType" : 26,
  "Role" : 27,
  "RoleAuth" : 28,
  "Setting" : 29,
  "TaskConfig" : 30,
  "TaskConfigRelate" : 31,
  "TeamDynamic" : 32,
  "TempletInfo" : 33,
  "User" : 34,
  "UserAuth" : 35,
  "UserDynamic" : 36,
  "Video" : 37
}