{
  "1" : "AccessLog",
  "2" : "ActivityAuthCfg",
  "3" : "Address",
  "4" : "AddressList",
  "5" : "AddressListType",
  "6" : "AppVersionInfo",
  "7" : "Auth",
  "8" : "AuthCfg",
  "9" : "BaiduCategory",
  "10" : "BaiduDevice",
  "11" : "BaseEntity",
  "12" : "BizMappingCfg",
  "13" : "BookAuthCfg",
  "14" : "CardPictures",
  "15" : "CardRecord",
  "16" : "CardRegister",
  "17" : "CashCoupon",
  "18" : "Category",
  "19" : "ClickMenu",
  "20" : "Company",
  "21" : "CompanyCategory",
  "22" : "CompanyPictures",
  "23" : "Coupon",
  "24" : "CouponAuthCfg",
  "25" : "CustomerType",
  "26" : "DiscountCoupon",
  "27" : "Ernie",
  "28" : "ErnieItem",
  "29" : "ErnieLog",
  "30" : "Event",
  "31" : "EventJoin",
  "32" : "EventPhoto",
  "33" : "Feedback",
  "34" : "FreeCoupon",
  "35" : "GroupOn",
  "36" : "GroupOnFields",
  "37" : "IndustryCategory",
  "38" : "Invitation",
  "39" : "InvitationAuthCfg",
  "40" : "InvitationReply",
  "41" : "InvitationReplyResources",
  "42" : "InvitationResources",
  "43" : "LocationRule",
  "44" : "LogisticInfo",
  "45" : "MCardRule",
  "46" : "Mcard",
  "47" : "MenuTime",
  "48" : "MobileMenu",
  "49" : "MobileResource",
  "50" : "News",
  "51" : "NewsAuthCfg",
  "52" : "NewsCategory",
  "53" : "NewsContent",
  "54" : "NewsPictures",
  "55" : "Order",
  "56" : "OrderField",
  "57" : "OrderPayWay",
  "58" : "OrderProduct",
  "59" : "PaymentAuthCfg",
  "60" : "PlaceRelation",
  "61" : "Product",
  "62" : "ProductAuthCfg",
  "63" : "ProductFields",
  "64" : "ProductPictures",
  "65" : "SubMenu",
  "66" : "SupplyAuthCfg",
  "67" : "SupplyDemand",
  "68" : "SupplyDemandPhoto",
  "69" : "SupplyDemandType",
  "70" : "Tag",
  "71" : "TakePrize",
  "72" : "Tcustomer",
  "73" : "Tenancy",
  "74" : "TenancyIntro",
  "75" : "TenancySetting",
  "76" : "TenancyUser",
  "77" : "User",
  "78" : "ViewMenu",
  "79" : "VipAuthCfg",
  "80" : "WeixinCfg",
  "81" : "WeixinKeyword",
  "82" : "WeixinKeywordRule",
  "83" : "WeixinMenuword",
  "84" : "WeixinTreeNode",
  "85" : "WeixinUser"
}