{
  "NewsController.setBanner" : {
    "t" : [ {
      "id" : 0,
      "a" : [ [ "R", 50 ], [ "R", 50 ], [ "W", 50 ], [ "W", 50 ], [ "W", 50 ] ]
    } ]
  },
  "AddressListApiController.getCategory" : {
    "t" : [ {
      "id" : 0,
      "a" : [ [ "W", 5 ], [ "W", 5 ], [ "W", 5 ], [ "R", 5 ], [ "W", 5 ], [ "R", 5 ], [ "R", 5 ], [ "R", 5 ], [ "R", 5 ] ]
    } ]
  },
  "EventController.list" : {
    "t" : [ {
      "id" : 0,
      "a" : [ [ "R", 11 ], [ "R", 30 ], [ "R", 30 ] ]
    } ]
  },
  "ErnieLogAdminController.delete" : {
    "t" : [ {
      "id" : 0,
      "a" : [ [ "W", 29 ] ]
    } ]
  },
  "SupplyDemandController.updateForm" : {
    "t" : [ {
      "id" : 0,
      "a" : [ [ "R", 67 ], [ "R", 37 ], [ "R", 67 ], [ "R", 69 ], [ "R", 67 ], [ "R", 68 ] ]
    } ]
  },
  "WeixinAdminController.getAllMethod" : {
    "t" : [ {
      "id" : 0,
      "a" : [ [ "R", 12 ], [ "R", 12 ] ]
    } ]
  },
  "McardController.delete" : {
    "t" : [ {
      "id" : 0,
      "a" : [ [ "R", 46 ], [ "W", 46 ], [ "W", 46 ] ]
    } ]
  },
  "WeixinMenuController.synchro" : {
    "t" : [ {
      "id" : 0,
      "a" : [ [ "R", 84 ], [ "R", 84 ], [ "R", 84 ], [ "R", 84 ], [ "R", 84 ], [ "R", 84 ], [ "R", 84 ], [ "R", 84 ], [ "R", 84 ], [ "R", 84 ], [ "R", 84 ], [ "R", 84 ], [ "R", 84 ], [ "R", 84 ], [ "R", 84 ], [ "R", 84 ], [ "R", 84 ], [ "R", 84 ], [ "R", 84 ], [ "R", 84 ], [ "R", 80 ], [ "R", 80 ], [ "R", 80 ], [ "R", 47 ], [ "W", 47 ], [ "W", 47 ], [ "W", 47 ] ]
    } ]
  },
  "ErnieMobileController.myAward" : {
    "t" : [ {
      "id" : 0,
      "a" : [ [ "R", 29 ], [ "R", 29 ], [ "R", 29 ], [ "R", 29 ], [ "R", 29 ], [ "R", 76 ], [ "R", 76 ], [ "W", 29 ], [ "W", 29 ], [ "R", 29 ], [ "R", 28 ], [ "R", 28 ], [ "W", 29 ], [ "R", 28 ], [ "W", 29 ], [ "W", 29 ] ]
    } ]
  },
  "InvitationMobileController.saveProduct" : {
    "t" : [ {
      "id" : 0,
      "a" : [ [ "R", 40 ], [ "R", 76 ], [ "R", 76 ], [ "W", 40 ], [ "W", 40 ], [ "R", 40 ], [ "R", 38 ], [ "R", 38 ], [ "R", 40 ], [ "R", 38 ], [ "W", 38 ], [ "R", 38 ], [ "W", 38 ], [ "W", 38 ], [ "W", 40 ], [ "W", 40 ], [ "W", 40 ] ]
    } ]
  },
  "NewsMobileController.listNews" : {
    "t" : [ {
      "id" : 0,
      "a" : [ [ "R", 50 ], [ "R", 50 ], [ "R", 50 ], [ "R", 50 ], [ "W", 50 ] ]
    } ]
  },
  "InvitationReplyController.changeName" : {
    "t" : [ {
      "id" : 0,
      "a" : [ [ "R", 40 ], [ "W", 40 ], [ "W", 40 ] ]
    } ]
  },
  "EventController.getEventJoins" : {
    "t" : [ {
      "id" : 0,
      "a" : [ [ "R", 31 ], [ "R", 31 ], [ "R", 76 ], [ "R", 4 ], [ "W", 76 ], [ "W", 4 ] ]
    } ]
  },
  "ErnieMobileController.bobingMemberInfo" : {
    "t" : [ {
      "id" : 0,
      "a" : [ [ "R", 76 ], [ "R", 28 ], [ "R", 28 ], [ "R", 27 ], [ "R", 28 ], [ "R", 76 ], [ "R", 28 ], [ "R", 27 ], [ "R", 27 ] ]
    } ]
  },
  "InvitationReplyController.deleteInvitation" : {
    "t" : [ {
      "id" : 0,
      "a" : [ [ "R", 40 ], [ "R", 40 ], [ "R", 38 ], [ "R", 38 ], [ "W", 38 ], [ "W", 40 ], [ "W", 40 ] ]
    } ]
  },
  "CustomerController.edit" : {
    "t" : [ {
      "id" : 0,
      "a" : [ [ "R", 72 ], [ "R", 37 ] ]
    } ]
  },
  "WeixinAdminController.saveCfg" : {
    "t" : [ {
      "id" : 0,
      "a" : [ [ "R", 80 ], [ "W", 80 ], [ "R", 80 ], [ "W", 80 ], [ "R", 80 ], [ "W", 80 ], [ "R", 80 ], [ "W", 80 ], [ "R", 80 ], [ "W", 80 ], [ "R", 80 ], [ "W", 80 ], [ "W", 80 ] ]
    } ]
  },
  "TenancyUserController.update" : {
    "t" : [ {
      "id" : 0,
      "a" : [ [ "R", 76 ], [ "R", 76 ], [ "W", 76 ], [ "R", 76 ], [ "W", 76 ], [ "R", 76 ], [ "W", 76 ], [ "R", 76 ], [ "W", 76 ], [ "R", 76 ], [ "W", 76 ], [ "R", 76 ], [ "W", 76 ], [ "W", 76 ] ]
    } ]
  },
  "portalController.preview" : {
    "t" : [ {
      "id" : 0,
      "a" : [ [ "R", 50 ], [ "R", 50 ], [ "R", 50 ], [ "R", 50 ], [ "R", 52 ], [ "R", 50 ], [ "R", 50 ], [ "R", 54 ], [ "R", 54 ], [ "R", 50 ], [ "R", 50 ], [ "R", 50 ], [ "R", 50 ], [ "R", 73 ], [ "R", 52 ] ]
    } ]
  },
  "CustomerController.tedit" : {
    "t" : [ {
      "id" : 0,
      "a" : [ [ "R", 25 ] ]
    } ]
  },
  "EventController.create" : {
    "t" : [ {
      "id" : 0,
      "a" : [ [ "W", 30 ], [ "W", 30 ], [ "W", 30 ], [ "W", 30 ], [ "W", 32 ], [ "W", 32 ], [ "W", 32 ], [ "W", 32 ], [ "W", 30 ], [ "W", 30 ] ]
    } ]
  },
  "SupplyDemandController.saveProduct" : {
    "t" : [ {
      "id" : 0,
      "a" : [ [ "R", 67 ], [ "R", 77 ], [ "R", 77 ], [ "W", 67 ], [ "W", 67 ], [ "W", 67 ], [ "W", 67 ], [ "W", 67 ], [ "W", 67 ], [ "R", 67 ], [ "W", 68 ], [ "W", 68 ], [ "W", 68 ], [ "W", 68 ] ]
    } ]
  },
  "ErnieApiController.doErnie" : {
    "t" : [ {
      "id" : 0,
      "a" : [ [ "R", 76 ], [ "R", 76 ], [ "R", 76 ], [ "R", 76 ], [ "R", 27 ], [ "R", 27 ], [ "R", 27 ], [ "R", 27 ], [ "R", 27 ], [ "R", 27 ], [ "R", 27 ], [ "R", 28 ], [ "R", 28 ], [ "R", 28 ], [ "R", 28 ], [ "R", 28 ], [ "R", 28 ], [ "R", 28 ], [ "R", 28 ], [ "R", 28 ], [ "R", 28 ], [ "R", 28 ], [ "R", 28 ], [ "R", 28 ], [ "R", 27 ], [ "R", 28 ], [ "R", 28 ], [ "R", 28 ], [ "R", 28 ], [ "R", 28 ], [ "R", 28 ], [ "W", 29 ], [ "W", 29 ], [ "W", 29 ], [ "W", 29 ], [ "W", 29 ], [ "W", 29 ], [ "W", 29 ], [ "R", 28 ], [ "W", 28 ], [ "W", 28 ], [ "R", 27 ], [ "R", 27 ], [ "R", 28 ], [ "R", 28 ], [ "R", 28 ], [ "R", 27 ], [ "R", 28 ], [ "R", 28 ], [ "R", 28 ], [ "R", 28 ], [ "R", 28 ], [ "R", 28 ], [ "R", 28 ], [ "W", 28 ], [ "R", 76 ], [ "R", 76 ], [ "W", 29 ], [ "W", 29 ], [ "W", 29 ], [ "W", 29 ], [ "W", 29 ], [ "W", 29 ], [ "W", 29 ] ]
    } ]
  },
  "MobileCustomerController.list" : {
    "t" : [ {
      "id" : 0,
      "a" : [ [ "R", 72 ], [ "R", 72 ] ]
    } ]
  },
  "TenancyController.getTenancy" : {
    "t" : [ {
      "id" : 0,
      "a" : [ [ "R", 73 ] ]
    } ]
  },
  "NewsApiController.getNews" : {
    "t" : [ {
      "id" : 0,
      "a" : [ [ "R", 50 ], [ "R", 53 ], [ "R", 53 ], [ "R", 53 ], [ "W", 50 ], [ "W", 53 ] ]
    } ]
  },
  "CompanyApiController.getCompanys" : {
    "t" : [ {
      "id" : 0,
      "a" : [ [ "R", 11 ], [ "R", 11 ], [ "R", 11 ], [ "R", 52 ], [ "R", 21 ], [ "R", 21 ], [ "R", 21 ], [ "R", 21 ], [ "R", 11 ], [ "R", 11 ], [ "R", 20 ], [ "R", 20 ], [ "R", 20 ], [ "R", 22 ], [ "R", 22 ], [ "R", 22 ], [ "W", 20 ], [ "W", 22 ], [ "R", 20 ], [ "R", 21 ], [ "R", 21 ], [ "W", 20 ], [ "R", 11 ], [ "R", 11 ], [ "R", 20 ], [ "R", 20 ], [ "R", 20 ], [ "R", 22 ], [ "R", 22 ], [ "R", 22 ], [ "W", 20 ], [ "W", 22 ], [ "R", 20 ], [ "R", 21 ], [ "R", 21 ], [ "W", 20 ] ]
    } ]
  },
  "FeedbackApiController.readMessage" : {
    "t" : [ {
      "id" : 0,
      "a" : [ [ "R", 33 ], [ "W", 33 ], [ "R", 33 ], [ "W", 33 ], [ "W", 33 ], [ "R", 33 ] ]
    } ]
  },
  "InvitationMobileController.Replys" : {
    "t" : [ {
      "id" : 0,
      "a" : [ [ "R", 40 ], [ "R", 40 ] ]
    } ]
  },
  "AddressListMobileController.list" : {
    "t" : [ {
      "id" : 0,
      "a" : [ [ "R", 4 ], [ "R", 4 ], [ "R", 4 ] ]
    } ]
  },
  "WeixinAdminController.wordAdd" : {
    "t" : [ {
      "id" : 0,
      "a" : [ [ "R", 82 ], [ "W", 81 ], [ "W", 81 ], [ "W", 82 ], [ "W", 81 ], [ "W", 81 ], [ "W", 81 ] ]
    } ]
  },
  "InvitationController.checkInvitation" : {
    "t" : [ {
      "id" : 0,
      "a" : [ [ "R", 38 ], [ "R", 38 ], [ "W", 38 ], [ "W", 38 ], [ "W", 38 ] ]
    } ]
  },
  "SupplyDemandApiController.getSupplyDemand" : {
    "t" : [ {
      "id" : 0,
      "a" : [ [ "R", 11 ], [ "R", 11 ], [ "R", 11 ], [ "R", 67 ], [ "R", 67 ] ]
    } ]
  },
  "CategoryController.changeName" : {
    "t" : [ {
      "id" : 0,
      "a" : [ [ "R", 18 ], [ "W", 18 ], [ "W", 18 ], [ "W", 18 ] ]
    } ]
  },
  "EventController.add" : {
    "t" : [ {
      "id" : 0,
      "a" : [ [ "W", 30 ] ]
    } ]
  },
  "ProductApiController.getProducts" : {
    "t" : [ {
      "id" : 0,
      "a" : [ [ "R", 11 ], [ "R", 18 ], [ "R", 18 ], [ "R", 18 ], [ "R", 18 ], [ "R", 11 ], [ "R", 11 ], [ "R", 11 ], [ "R", 61 ], [ "R", 61 ] ]
    } ]
  },
  "OrderApiController.delProducts" : {
    "t" : [ {
      "id" : 0,
      "a" : [ [ "R", 58 ], [ "R", 58 ], [ "R", 55 ], [ "R", 55 ], [ "R", 3 ], [ "W", 55 ], [ "R", 58 ], [ "W", 55 ], [ "R", 55 ], [ "R", 76 ], [ "W", 55 ], [ "R", 58 ], [ "R", 58 ], [ "R", 58 ], [ "R", 58 ], [ "R", 61 ], [ "R", 61 ], [ "R", 58 ], [ "W", 61 ], [ "R", 61 ], [ "R", 58 ], [ "W", 61 ], [ "W", 61 ], [ "W", 61 ], [ "W", 61 ], [ "R", 58 ], [ "W", 58 ], [ "R", 55 ], [ "W", 55 ], [ "W", 55 ], [ "W", 55 ] ]
    } ]
  },
  "VersionController.checkCurrentVersion" : {
    "t" : [ {
      "id" : 0,
      "a" : [ [ "R", 6 ], [ "R", 6 ] ]
    } ]
  },
  "ProductController.updateProduct" : {
    "t" : [ {
      "id" : 0,
      "a" : [ [ "W", 61 ], [ "R", 61 ], [ "R", 63 ], [ "W", 63 ], [ "W", 63 ], [ "R", 61 ], [ "W", 63 ], [ "W", 61 ], [ "W", 63 ], [ "W", 61 ], [ "W", 61 ], [ "W", 61 ], [ "R", 61 ], [ "W", 64 ], [ "W", 64 ], [ "W", 64 ], [ "W", 64 ] ]
    } ]
  },
  "UserAdminController.list" : {
    "t" : [ {
      "id" : 0,
      "a" : [ [ "R", 77 ] ]
    } ]
  },
  "TenancyController.save" : {
    "t" : [ {
      "id" : 0,
      "a" : [ [ "W", 73 ], [ "W", 73 ], [ "R", 73 ], [ "W", 73 ], [ "W", 73 ], [ "W", 73 ], [ "W", 73 ], [ "W", 73 ], [ "R", 73 ], [ "W", 77 ], [ "W", 77 ], [ "W", 77 ], [ "W", 77 ], [ "R", 77 ], [ "W", 77 ], [ "R", 77 ], [ "W", 77 ], [ "R", 73 ], [ "W", 77 ], [ "W", 77 ], [ "R", 77 ], [ "W", 77 ], [ "W", 77 ], [ "W", 77 ], [ "R", 73 ] ]
    } ]
  },
  "TenancyUserController.activate" : {
    "t" : [ {
      "id" : 0,
      "a" : [ [ "R", 76 ], [ "R", 76 ], [ "W", 76 ], [ "W", 76 ] ]
    } ]
  },
  "ProductController.detial" : {
    "t" : [ {
      "id" : 0,
      "a" : [ [ "R", 61 ], [ "R", 61 ], [ "R", 61 ], [ "R", 61 ], [ "R", 18 ], [ "R", 61 ], [ "R", 61 ], [ "R", 73 ], [ "R", 64 ], [ "R", 64 ], [ "R", 54 ], [ "R", 73 ], [ "R", 18 ] ]
    } ]
  },
  "MobileActivityController.index" : {
    "t" : [ {
      "id" : 0,
      "a" : [ [ "R", 11 ], [ "R", 30 ], [ "R", 30 ], [ "R", 76 ], [ "R", 31 ], [ "R", 31 ], [ "R", 31 ], [ "R", 31 ], [ "R", 31 ], [ "W", 30 ], [ "R", 30 ], [ "R", 30 ], [ "W", 30 ] ]
    } ]
  },
  "NewsController.createForm" : {
    "t" : [ {
      "id" : 0,
      "a" : [ [ "R", 77 ], [ "R", 77 ], [ "R", 77 ], [ "W", 8 ], [ "W", 51 ], [ "W", 51 ], [ "W", 51 ], [ "W", 51 ], [ "R", 11 ], [ "R", 52 ], [ "R", 52 ], [ "R", 52 ], [ "R", 50 ] ]
    } ]
  },
  "CustomerController.add" : {
    "t" : [ {
      "id" : 0,
      "a" : [ [ "R", 37 ] ]
    } ]
  },
  "WeixinAdminController.wordEditSave" : {
    "t" : [ {
      "id" : 0,
      "a" : [ [ "R", 81 ], [ "R", 82 ], [ "W", 81 ], [ "W", 82 ], [ "W", 81 ] ]
    } ]
  },
  "ErnieMobileController.index" : {
    "t" : [ {
      "id" : 0,
      "a" : [ [ "R", 27 ], [ "R", 27 ] ]
    } ]
  },
  "ProfileController.updateForm" : {
    "t" : [ {
      "id" : 0,
      "a" : [ [ "R", 77 ] ]
    } ]
  },
  "TenancyUserApiController.register" : {
    "t" : [ {
      "id" : 0,
      "a" : [ [ "R", 73 ], [ "R", 76 ], [ "R", 76 ], [ "R", 76 ], [ "R", 76 ], [ "R", 76 ], [ "W", 76 ], [ "R", 76 ], [ "R", 76 ], [ "R", 76 ], [ "W", 76 ], [ "W", 76 ], [ "R", 76 ], [ "W", 76 ], [ "W", 76 ] ]
    } ]
  },
  "WeixinMenuController.menuadd" : {
    "t" : [ {
      "id" : 0,
      "a" : [ [ "R", 65 ], [ "R", 82 ] ]
    } ]
  },
  "TenancyUserController.test" : {
    "t" : [ {
      "id" : 0,
      "a" : [ [ "R", 77 ], [ "R", 77 ], [ "R", 77 ], [ "R", 77 ], [ "R", 76 ], [ "R", 76 ] ]
    } ]
  },
  "InvitationReplyController.detial" : {
    "t" : [ {
      "id" : 0,
      "a" : [ [ "R", 40 ], [ "R", 40 ], [ "R", 38 ], [ "R", 38 ], [ "R", 41 ], [ "R", 41 ], [ "R", 54 ], [ "R", 40 ], [ "W", 40 ], [ "R", 38 ], [ "R", 40 ], [ "R", 54 ] ]
    } ]
  },
  "ErnieItemsAdminController.save" : {
    "t" : [ {
      "id" : 0,
      "a" : [ [ "R", 27 ], [ "R", 28 ], [ "R", 28 ], [ "R", 28 ], [ "R", 27 ], [ "R", 28 ], [ "R", 28 ], [ "R", 28 ], [ "R", 27 ] ]
    } ]
  },
  "TenancyUserApiController.forgetPwd" : {
    "t" : [ {
      "id" : 0,
      "a" : [ [ "R", 76 ], [ "R", 76 ], [ "R", 76 ], [ "R", 76 ], [ "R", 76 ], [ "R", 76 ], [ "R", 76 ], [ "R", 76 ], [ "R", 76 ], [ "R", 76 ], [ "R", 76 ] ]
    } ]
  },
  "OrderApiController.orderReceipt" : {
    "t" : [ {
      "id" : 0,
      "a" : [ [ "R", 55 ], [ "R", 55 ], [ "W", 55 ], [ "W", 55 ], [ "W", 55 ], [ "R", 55 ], [ "R", 55 ], [ "R", 3 ], [ "W", 55 ], [ "R", 58 ], [ "W", 55 ], [ "R", 55 ], [ "R", 76 ], [ "W", 55 ], [ "R", 55 ], [ "R", 76 ], [ "R", 76 ], [ "R", 55 ], [ "R", 76 ] ]
    } ]
  },
  "PushApiController.addDevice" : {
    "t" : [ {
      "id" : 0,
      "a" : [ [ "W", 10 ], [ "R", 10 ], [ "R", 76 ], [ "W", 10 ], [ "W", 76 ], [ "W", 10 ] ]
    } ]
  },
  "EnterpriseInfoController.updateForm" : {
    "t" : [ {
      "id" : 0,
      "a" : [ [ "R", 73 ] ]
    } ]
  },
  "AuthController.update" : {
    "t" : [ {
      "id" : 0,
      "a" : [ [ "R", 8 ], [ "R", 8 ], [ "R", 8 ], [ "R", 8 ], [ "R", 8 ], [ "R", 8 ], [ "R", 8 ], [ "R", 8 ], [ "R", 8 ], [ "R", 7 ], [ "R", 7 ], [ "R", 7 ], [ "R", 7 ], [ "R", 7 ], [ "W", 7 ], [ "W", 7 ], [ "R", 51 ], [ "R", 51 ], [ "R", 7 ], [ "W", 8 ], [ "W", 8 ], [ "W", 8 ], [ "W", 8 ], [ "W", 8 ], [ "R", 8 ], [ "R", 62 ], [ "R", 7 ], [ "W", 8 ], [ "W", 8 ], [ "W", 8 ], [ "W", 8 ], [ "W", 8 ], [ "R", 24 ], [ "R", 7 ], [ "W", 8 ], [ "W", 8 ], [ "W", 8 ], [ "W", 8 ], [ "W", 8 ], [ "R", 39 ], [ "R", 7 ], [ "W", 8 ], [ "W", 8 ], [ "W", 8 ], [ "W", 8 ], [ "W", 8 ], [ "R", 66 ], [ "R", 7 ], [ "W", 8 ], [ "W", 8 ], [ "W", 8 ], [ "W", 8 ], [ "W", 8 ], [ "R", 79 ], [ "R", 7 ], [ "W", 8 ], [ "W", 8 ], [ "W", 8 ], [ "W", 8 ], [ "W", 8 ], [ "R", 2 ], [ "R", 7 ], [ "W", 8 ], [ "W", 8 ], [ "W", 8 ], [ "W", 8 ], [ "W", 8 ], [ "R", 13 ], [ "R", 7 ], [ "W", 8 ], [ "W", 8 ], [ "W", 8 ], [ "W", 8 ], [ "W", 8 ], [ "R", 59 ], [ "R", 7 ], [ "W", 8 ], [ "W", 8 ], [ "W", 8 ], [ "W", 8 ], [ "W", 8 ] ]
    } ]
  },
  "TenancyController.userList" : {
    "t" : [ {
      "id" : 0,
      "a" : [ [ "R", 77 ], [ "R", 77 ], [ "R", 77 ], [ "R", 77 ], [ "R", 77 ], [ "R", 77 ], [ "R", 73 ], [ "R", 73 ], [ "R", 73 ] ]
    } ]
  },
  "AuthController.del" : {
    "t" : [ {
      "id" : 0,
      "a" : [ [ "R", 7 ], [ "R", 7 ], [ "R", 7 ], [ "R", 7 ], [ "R", 7 ], [ "R", 7 ], [ "R", 7 ], [ "W", 7 ], [ "W", 7 ], [ "W", 7 ] ]
    } ]
  },
  "AddressListController.findCitys" : {
    "t" : [ {
      "id" : 0,
      "a" : [ [ "R", 60 ] ]
    } ]
  },
  "OrderController.save" : {
    "t" : [ {
      "id" : 0,
      "a" : [ [ "R", 55 ], [ "R", 55 ], [ "R", 55 ], [ "R", 3 ], [ "W", 55 ], [ "R", 58 ], [ "W", 55 ], [ "R", 55 ], [ "R", 76 ], [ "W", 55 ], [ "R", 55 ], [ "R", 55 ], [ "R", 55 ], [ "R", 55 ], [ "R", 55 ], [ "R", 55 ], [ "R", 55 ], [ "R", 55 ], [ "R", 55 ], [ "R", 55 ], [ "R", 55 ], [ "R", 55 ], [ "R", 55 ], [ "R", 55 ], [ "R", 55 ], [ "R", 55 ], [ "R", 55 ], [ "R", 55 ], [ "R", 55 ], [ "R", 55 ], [ "W", 55 ], [ "R", 55 ], [ "R", 44 ], [ "R", 44 ], [ "R", 44 ], [ "W", 55 ], [ "W", 44 ], [ "R", 55 ], [ "W", 55 ], [ "W", 55 ], [ "W", 55 ], [ "R", 55 ], [ "R", 55 ], [ "R", 55 ], [ "R", 55 ] ]
    } ]
  },
  "WeixinMenuController.modifyTreeNode" : {
    "t" : [ {
      "id" : 0,
      "a" : [ [ "R", 84 ], [ "R", 84 ], [ "R", 84 ], [ "R", 84 ], [ "R", 84 ], [ "R", 84 ], [ "R", 82 ], [ "W", 83 ], [ "W", 83 ], [ "W", 82 ], [ "W", 83 ], [ "W", 83 ], [ "R", 84 ], [ "W", 84 ], [ "W", 84 ], [ "W", 84 ], [ "R", 84 ], [ "R", 84 ], [ "W", 84 ], [ "R", 84 ], [ "W", 84 ], [ "W", 84 ] ]
    } ]
  },
  "BaiduPushController.settag" : {
    "t" : [ {
      "id" : 0,
      "a" : [ [ "R", 70 ], [ "R", 70 ], [ "R", 70 ], [ "W", 70 ], [ "W", 70 ], [ "R", 76 ], [ "R", 76 ], [ "R", 10 ], [ "R", 10 ], [ "R", 10 ] ]
    } ]
  },
  "AddressListController.save" : {
    "t" : [ {
      "id" : 0,
      "a" : [ [ "W", 4 ], [ "W", 4 ], [ "R", 4 ], [ "W", 4 ], [ "R", 4 ], [ "R", 4 ], [ "R", 4 ], [ "W", 4 ], [ "W", 4 ], [ "R", 4 ], [ "R", 76 ], [ "R", 4 ], [ "W", 76 ], [ "R", 4 ], [ "W", 76 ], [ "W", 76 ], [ "W", 76 ], [ "W", 4 ] ]
    } ]
  },
  "OrderApiController.paySuccess" : {
    "t" : [ {
      "id" : 0,
      "a" : [ [ "R", 55 ], [ "R", 55 ], [ "W", 55 ], [ "W", 55 ], [ "W", 55 ], [ "R", 55 ], [ "R", 55 ], [ "R", 3 ], [ "W", 55 ], [ "R", 58 ], [ "W", 55 ], [ "R", 55 ], [ "R", 76 ], [ "W", 55 ], [ "R", 55 ], [ "W", 57 ], [ "W", 57 ], [ "W", 57 ], [ "W", 57 ], [ "W", 57 ], [ "W", 57 ], [ "R", 55 ], [ "R", 55 ], [ "R", 55 ], [ "R", 55 ], [ "R", 55 ], [ "R", 76 ], [ "R", 76 ], [ "R", 55 ], [ "R", 76 ] ]
    } ]
  },
  "NewsController.deleteContent" : {
    "t" : [ {
      "id" : 0,
      "a" : [ [ "W", 53 ] ]
    } ]
  },
  "ErnieLogAdminController.detial" : {
    "t" : [ {
      "id" : 0,
      "a" : [ [ "R", 29 ] ]
    } ]
  },
  "AddressListController.deleteNewsCategory" : {
    "t" : [ {
      "id" : 0,
      "a" : [ [ "R", 5 ], [ "W", 5 ], [ "W", 5 ] ]
    } ]
  },
  "NewsController.setTop" : {
    "t" : [ {
      "id" : 0,
      "a" : [ [ "R", 50 ], [ "R", 50 ], [ "W", 50 ], [ "R", 50 ], [ "R", 50 ], [ "W", 50 ], [ "W", 50 ] ]
    } ]
  },
  "GroupOnMobileController.show" : {
    "t" : [ {
      "id" : 0,
      "a" : [ [ "R", 35 ] ]
    } ]
  },
  "InvitationApiController.getInvitations" : {
    "t" : [ {
      "id" : 0,
      "a" : [ [ "R", 38 ], [ "R", 11 ], [ "R", 11 ], [ "R", 11 ], [ "R", 38 ], [ "R", 38 ], [ "R", 38 ], [ "R", 38 ], [ "R", 76 ], [ "W", 38 ], [ "W", 76 ], [ "R", 38 ], [ "R", 42 ], [ "R", 42 ], [ "W", 38 ], [ "W", 42 ] ]
    } ]
  },
  "FeedbackApiController.memberMessages" : {
    "t" : [ {
      "id" : 0,
      "a" : [ [ "R", 33 ], [ "R", 33 ], [ "R", 33 ] ]
    } ]
  },
  "ErnieMobileController.bobingMemberInfoSave" : {
    "t" : [ {
      "id" : 0,
      "a" : [ [ "R", 76 ], [ "R", 76 ], [ "R", 76 ], [ "R", 76 ], [ "R", 76 ], [ "R", 76 ], [ "W", 76 ], [ "R", 76 ], [ "W", 76 ], [ "W", 76 ], [ "W", 76 ] ]
    } ]
  },
  "InvitationMobileController.save" : {
    "t" : [ {
      "id" : 0,
      "a" : [ [ "R", 38 ], [ "R", 38 ], [ "R", 76 ], [ "R", 76 ], [ "W", 38 ], [ "R", 76 ], [ "W", 38 ], [ "W", 38 ], [ "R", 38 ], [ "W", 38 ], [ "W", 38 ], [ "W", 38 ], [ "W", 38 ], [ "R", 38 ], [ "W", 42 ], [ "W", 42 ], [ "W", 42 ], [ "W", 42 ] ]
    } ]
  },
  "ErnieAdminController.bobingCreate" : {
    "t" : [ {
      "id" : 0,
      "a" : [ [ "W", 27 ], [ "R", 27 ], [ "W", 27 ], [ "W", 27 ], [ "W", 27 ], [ "W", 27 ], [ "W", 27 ] ]
    } ]
  },
  "AddressListController.update" : {
    "t" : [ {
      "id" : 0,
      "a" : [ [ "R", 4 ], [ "W", 4 ], [ "R", 4 ], [ "R", 4 ], [ "R", 4 ], [ "W", 4 ], [ "R", 4 ], [ "R", 4 ], [ "R", 4 ], [ "W", 4 ], [ "W", 4 ], [ "R", 4 ], [ "R", 76 ], [ "R", 4 ], [ "W", 76 ], [ "R", 4 ], [ "W", 76 ], [ "W", 76 ], [ "W", 76 ], [ "W", 4 ] ]
    } ]
  },
  "ErnieItemsAdminController.bobingUpdate" : {
    "t" : [ {
      "id" : 0,
      "a" : [ [ "R", 28 ], [ "R", 28 ], [ "R", 27 ], [ "R", 28 ], [ "R", 27 ], [ "R", 27 ] ]
    } ]
  },
  "AddressListController.formatCity" : {
    "t" : [ {
      "id" : 0,
      "a" : [ [ "R", 60 ], [ "R", 60 ], [ "R", 60 ], [ "R", 60 ], [ "R", 60 ] ]
    } ]
  },
  "CompanyController.changeName" : {
    "t" : [ {
      "id" : 0,
      "a" : [ [ "R", 20 ], [ "W", 20 ], [ "W", 20 ], [ "W", 20 ] ]
    } ]
  },
  "AddressApiController.getAddressDetail" : {
    "t" : [ {
      "id" : 0,
      "a" : [ [ "R", 3 ] ]
    } ]
  },
  "CardRegisterController.registerMemberCard" : {
    "t" : [ {
      "id" : 0,
      "a" : [ [ "R", 16 ], [ "W", 16 ], [ "W", 16 ], [ "R", 76 ], [ "R", 76 ], [ "R", 76 ], [ "R", 76 ], [ "R", 76 ], [ "W", 16 ], [ "W", 16 ], [ "R", 16 ], [ "W", 16 ], [ "R", 16 ], [ "W", 16 ], [ "W", 16 ], [ "W", 16 ], [ "W", 16 ], [ "W", 16 ] ]
    } ]
  },
  "ErnieItemsAdminController.itemsDelete" : {
    "t" : [ {
      "id" : 0,
      "a" : [ [ "R", 28 ], [ "W", 28 ], [ "W", 28 ], [ "R", 28 ], [ "R", 28 ], [ "R", 27 ] ]
    } ]
  },
  "OrderController.update" : {
    "t" : [ {
      "id" : 0,
      "a" : [ [ "R", 55 ], [ "R", 55 ], [ "R", 3 ], [ "W", 55 ], [ "R", 58 ], [ "W", 55 ], [ "R", 55 ], [ "R", 76 ], [ "W", 55 ], [ "R", 44 ] ]
    } ]
  },
  "WeixinAdminController.keyword" : {
    "t" : [ {
      "id" : 0,
      "a" : [ [ "R", 77 ], [ "R", 77 ], [ "R", 82 ], [ "R", 82 ] ]
    } ]
  },
  "CardRecordController.useageList" : {
    "t" : [ {
      "id" : 0,
      "a" : [ [ "R", 11 ], [ "R", 15 ], [ "R", 15 ], [ "R", 73 ], [ "R", 15 ] ]
    } ]
  },
  "McardController.detial" : {
    "t" : [ {
      "id" : 0,
      "a" : [ [ "R", 46 ], [ "R", 46 ], [ "R", 46 ], [ "R", 46 ], [ "R", 73 ], [ "R", 73 ] ]
    } ]
  },
  "WeixinAdminController.newKeywordRule" : {
    "t" : [ {
      "id" : 0,
      "a" : [ [ "R", 49 ], [ "R", 49 ], [ "W", 49 ], [ "R", 49 ], [ "W", 49 ], [ "R", 49 ], [ "W", 49 ] ]
    } ]
  },
  "ErnieLogAdminController.newErnie" : {
    "t" : [ {
      "id" : 0,
      "a" : [ [ "R", 76 ], [ "R", 76 ], [ "R", 76 ], [ "R", 76 ], [ "R", 11 ], [ "R", 27 ] ]
    } ]
  },
  "InvitationMobileController.addForm" : {
    "t" : [ {
      "id" : 0,
      "a" : [ [ "W", 38 ] ]
    } ]
  },
  "WeixinMenuController.addTreeNode" : {
    "t" : [ {
      "id" : 0,
      "a" : [ [ "R", 84 ], [ "R", 84 ], [ "R", 84 ], [ "R", 84 ], [ "R", 84 ], [ "R", 84 ], [ "R", 84 ], [ "R", 84 ], [ "R", 84 ], [ "W", 84 ], [ "W", 84 ], [ "W", 84 ] ]
    } ]
  },
  "InvitationReplyController.deletePic" : {
    "t" : [ {
      "id" : 0,
      "a" : [ [ "W", 41 ] ]
    } ]
  },
  "CompanyCategoryController.changeName" : {
    "t" : [ {
      "id" : 0,
      "a" : [ [ "R", 21 ], [ "W", 21 ], [ "W", 21 ], [ "W", 21 ] ]
    } ]
  },
  "CompanyController.updateCompany" : {
    "t" : [ {
      "id" : 0,
      "a" : [ [ "R", 20 ], [ "W", 22 ], [ "W", 22 ], [ "W", 22 ], [ "W", 22 ], [ "W", 20 ], [ "R", 20 ], [ "R", 20 ], [ "R", 20 ], [ "W", 20 ], [ "W", 20 ], [ "R", 20 ], [ "W", 20 ], [ "W", 20 ] ]
    } ]
  },
  "WeixinAdminController.access" : {
    "t" : [ {
      "id" : 0,
      "a" : [ [ "R", 80 ] ]
    } ]
  },
  "TenancyController.update" : {
    "t" : [ {
      "id" : 0,
      "a" : [ [ "R", 73 ], [ "R", 73 ], [ "W", 73 ], [ "R", 73 ], [ "W", 73 ], [ "R", 73 ], [ "W", 73 ], [ "R", 73 ], [ "W", 73 ], [ "R", 73 ], [ "W", 73 ], [ "R", 73 ], [ "W", 73 ], [ "R", 73 ], [ "W", 73 ], [ "R", 73 ], [ "W", 73 ], [ "R", 73 ], [ "R", 73 ], [ "R", 73 ], [ "R", 77 ], [ "R", 77 ], [ "W", 77 ], [ "W", 77 ], [ "W", 73 ], [ "W", 73 ] ]
    } ]
  },
  "OrderApiController.detail" : {
    "t" : [ {
      "id" : 0,
      "a" : [ [ "R", 55 ], [ "R", 55 ], [ "R", 3 ], [ "W", 55 ], [ "R", 58 ], [ "W", 55 ], [ "R", 55 ], [ "R", 76 ], [ "W", 55 ], [ "R", 55 ], [ "R", 55 ], [ "R", 3 ], [ "W", 55 ], [ "R", 58 ], [ "W", 55 ], [ "R", 55 ], [ "R", 76 ], [ "W", 55 ], [ "R", 55 ], [ "R", 58 ], [ "R", 56 ], [ "W", 58 ], [ "W", 55 ] ]
    } ]
  },
  "TenancyController.delTenancy" : {
    "t" : [ {
      "id" : 0,
      "a" : [ [ "R", 73 ], [ "R", 73 ], [ "R", 77 ], [ "R", 77 ], [ "R", 77 ], [ "W", 77 ], [ "W", 77 ], [ "R", 73 ], [ "R", 7 ], [ "R", 7 ], [ "R", 7 ], [ "R", 7 ], [ "R", 73 ], [ "W", 73 ], [ "W", 73 ] ]
    } ]
  },
  "ErnieLogAdminController.selectItems" : {
    "t" : [ {
      "id" : 0,
      "a" : [ [ "R", 28 ], [ "R", 28 ], [ "R", 28 ], [ "R", 27 ], [ "R", 28 ], [ "R", 28 ] ]
    } ]
  },
  "InvitationReplyController.saveProduct" : {
    "t" : [ {
      "id" : 0,
      "a" : [ [ "R", 40 ], [ "R", 38 ], [ "W", 38 ], [ "R", 38 ], [ "W", 38 ], [ "W", 38 ], [ "W", 40 ], [ "W", 40 ], [ "W", 40 ], [ "R", 40 ] ]
    } ]
  },
  "NewsCategoryController.list" : {
    "t" : [ {
      "id" : 0,
      "a" : [ [ "R", 11 ], [ "R", 52 ], [ "R", 52 ], [ "R", 52 ] ]
    } ]
  },
  "CategoryController.deleteProduct" : {
    "t" : [ {
      "id" : 0,
      "a" : [ [ "R", 18 ], [ "W", 18 ], [ "W", 18 ] ]
    } ]
  },
  "CategoryController.list" : {
    "t" : [ {
      "id" : 0,
      "a" : [ [ "R", 11 ], [ "R", 18 ], [ "R", 18 ] ]
    } ]
  },
  "ProductController.deletePic" : {
    "t" : [ {
      "id" : 0,
      "a" : [ [ "W", 64 ] ]
    } ]
  },
  "WeixinAdminController.modifyrules" : {
    "t" : [ {
      "id" : 0,
      "a" : [ [ "R", 82 ], [ "R", 82 ], [ "R", 12 ], [ "R", 12 ], [ "R", 49 ], [ "R", 49 ], [ "W", 49 ], [ "R", 49 ], [ "W", 49 ], [ "R", 49 ], [ "W", 49 ] ]
    } ]
  },
  "AuthController.save" : {
    "t" : [ {
      "id" : 0,
      "a" : [ [ "R", 8 ], [ "R", 8 ], [ "R", 8 ], [ "R", 8 ], [ "R", 8 ], [ "R", 8 ], [ "R", 8 ], [ "R", 8 ], [ "R", 8 ], [ "R", 7 ], [ "W", 7 ], [ "W", 7 ], [ "W", 7 ], [ "W", 7 ], [ "W", 7 ], [ "R", 51 ], [ "R", 51 ], [ "R", 7 ], [ "W", 8 ], [ "W", 8 ], [ "W", 8 ], [ "W", 8 ], [ "W", 8 ], [ "R", 8 ], [ "R", 62 ], [ "R", 7 ], [ "W", 8 ], [ "W", 8 ], [ "W", 8 ], [ "W", 8 ], [ "W", 8 ], [ "R", 24 ], [ "R", 7 ], [ "W", 8 ], [ "W", 8 ], [ "W", 8 ], [ "W", 8 ], [ "W", 8 ], [ "R", 39 ], [ "R", 7 ], [ "W", 8 ], [ "W", 8 ], [ "W", 8 ], [ "W", 8 ], [ "W", 8 ], [ "R", 66 ], [ "R", 7 ], [ "W", 8 ], [ "W", 8 ], [ "W", 8 ], [ "W", 8 ], [ "W", 8 ], [ "R", 79 ], [ "R", 7 ], [ "W", 8 ], [ "W", 8 ], [ "W", 8 ], [ "W", 8 ], [ "W", 8 ], [ "R", 2 ], [ "R", 7 ], [ "W", 8 ], [ "W", 8 ], [ "W", 8 ], [ "W", 8 ], [ "W", 8 ], [ "R", 13 ], [ "R", 7 ], [ "W", 8 ], [ "W", 8 ], [ "W", 8 ], [ "W", 8 ], [ "W", 8 ], [ "R", 59 ], [ "R", 7 ], [ "W", 8 ], [ "W", 8 ], [ "W", 8 ], [ "W", 8 ], [ "W", 8 ] ]
    } ]
  },
  "FeedbackController.createForm" : {
    "t" : [ {
      "id" : 0,
      "a" : [ [ "R", 33 ] ]
    } ]
  },
  "InvitationApiController.addInvitation" : {
    "t" : [ {
      "id" : 0,
      "a" : [ [ "R", 38 ], [ "R", 38 ], [ "W", 38 ], [ "R", 38 ], [ "R", 38 ], [ "R", 38 ], [ "W", 38 ], [ "R", 38 ], [ "R", 38 ], [ "R", 38 ], [ "R", 76 ], [ "R", 76 ], [ "R", 76 ], [ "R", 76 ], [ "W", 38 ], [ "W", 38 ], [ "W", 38 ], [ "W", 38 ], [ "R", 38 ], [ "W", 38 ], [ "W", 38 ], [ "W", 38 ], [ "R", 38 ], [ "R", 42 ], [ "R", 42 ], [ "R", 38 ], [ "W", 42 ], [ "W", 42 ], [ "W", 42 ], [ "W", 42 ] ]
    } ]
  },
  "ProfileController.update" : {
    "t" : [ {
      "id" : 0,
      "a" : [ [ "R", 77 ], [ "W", 77 ], [ "R", 77 ], [ "W", 77 ], [ "W", 77 ], [ "R", 77 ] ]
    } ]
  },
  "EventController.cancel" : {
    "t" : [ {
      "id" : 0,
      "a" : [ [ "R", 31 ], [ "R", 31 ], [ "R", 30 ], [ "R", 30 ], [ "W", 30 ], [ "W", 30 ], [ "W", 31 ] ]
    } ]
  },
  "McardController.showPage" : {
    "t" : [ {
      "id" : 0,
      "a" : [ [ "R", 46 ], [ "R", 46 ], [ "R", 46 ], [ "R", 46 ], [ "R", 73 ], [ "R", 73 ] ]
    } ]
  },
  "CustomerController.tindex" : {
    "t" : [ {
      "id" : 0,
      "a" : [ [ "R", 77 ], [ "R", 77 ], [ "R", 77 ], [ "R", 77 ], [ "R", 25 ], [ "R", 25 ], [ "R", 25 ] ]
    } ]
  },
  "LoginMobileController.check" : {
    "t" : [ {
      "id" : 0,
      "a" : [ [ "R", 76 ], [ "R", 76 ], [ "R", 76 ], [ "R", 76 ], [ "R", 76 ], [ "R", 76 ], [ "R", 76 ], [ "R", 76 ] ]
    } ]
  },
  "NewsCategoryController.getAllCategory" : {
    "t" : [ {
      "id" : 0,
      "a" : [ [ "R", 11 ], [ "R", 52 ], [ "R", 52 ], [ "R", 52 ], [ "R", 52 ], [ "R", 52 ] ]
    } ]
  },
  "WeixinMenuController.getTreeNode" : {
    "t" : [ {
      "id" : 0,
      "a" : [ [ "R", 84 ], [ "R", 84 ], [ "R", 84 ] ]
    } ]
  },
  "EventController.detail" : {
    "t" : [ {
      "id" : 0,
      "a" : [ [ "R", 30 ] ]
    } ]
  },
  "SupplyDemandTypeController.changeName" : {
    "t" : [ {
      "id" : 0,
      "a" : [ [ "R", 69 ], [ "W", 69 ], [ "W", 69 ] ]
    } ]
  },
  "ErnieTakePrizeController.list" : {
    "t" : [ {
      "id" : 0,
      "a" : [ [ "R", 71 ], [ "R", 71 ], [ "R", 11 ], [ "R", 27 ] ]
    } ]
  },
  "LocationAdminController.list" : {
    "t" : [ {
      "id" : 0,
      "a" : [ [ "R", 43 ] ]
    } ]
  },
  "NewsController.updateNews" : {
    "t" : [ {
      "id" : 0,
      "a" : [ [ "R", 77 ], [ "W", 8 ], [ "W", 51 ], [ "W", 51 ], [ "W", 51 ], [ "W", 51 ], [ "R", 77 ], [ "R", 77 ], [ "R", 50 ], [ "R", 50 ], [ "R", 53 ], [ "W", 53 ], [ "R", 50 ], [ "R", 53 ], [ "R", 50 ], [ "R", 53 ], [ "R", 53 ], [ "R", 53 ], [ "R", 53 ], [ "R", 53 ], [ "W", 53 ], [ "W", 50 ], [ "R", 50 ], [ "R", 50 ], [ "W", 50 ], [ "R", 50 ], [ "R", 50 ], [ "R", 50 ], [ "R", 50 ], [ "W", 50 ], [ "R", 50 ], [ "W", 50 ], [ "R", 50 ], [ "R", 50 ], [ "R", 50 ], [ "W", 50 ], [ "W", 50 ], [ "R", 50 ], [ "W", 50 ], [ "W", 50 ], [ "R", 50 ], [ "W", 50 ], [ "W", 50 ], [ "R", 50 ], [ "W", 53 ], [ "R", 50 ], [ "W", 53 ], [ "W", 53 ], [ "R", 50 ] ]
    } ]
  },
  "WeixinMenuController.nodeRename" : {
    "t" : [ {
      "id" : 0,
      "a" : [ [ "R", 84 ], [ "W", 84 ], [ "W", 84 ] ]
    } ]
  },
  "BaiduPushController.turnBaiduPush" : {
    "t" : [ {
      "id" : 0,
      "a" : [ [ "R", 77 ], [ "R", 77 ], [ "R", 77 ], [ "R", 77 ], [ "R", 76 ], [ "R", 76 ], [ "R", 76 ], [ "R", 70 ] ]
    } ]
  },
  "ErnieLogAdminController.create" : {
    "t" : [ {
      "id" : 0,
      "a" : [ [ "W", 29 ], [ "W", 29 ] ]
    } ]
  },
  "CustomerController.tupdate" : {
    "t" : [ {
      "id" : 0,
      "a" : [ [ "R", 25 ], [ "R", 25 ], [ "R", 25 ], [ "W", 25 ], [ "W", 25 ] ]
    } ]
  },
  "EventController.update" : {
    "t" : [ {
      "id" : 0,
      "a" : [ [ "R", 30 ] ]
    } ]
  },
  "SupplyDemandMobileController.show" : {
    "t" : [ {
      "id" : 0,
      "a" : [ [ "R", 67 ], [ "R", 67 ], [ "R", 68 ] ]
    } ]
  },
  "NewsController.updateForm" : {
    "t" : [ {
      "id" : 0,
      "a" : [ [ "R", 50 ], [ "R", 53 ], [ "R", 53 ], [ "R", 53 ], [ "R", 50 ], [ "R", 11 ], [ "R", 52 ], [ "R", 52 ], [ "R", 52 ] ]
    } ]
  },
  "AddressListController.del" : {
    "t" : [ {
      "id" : 0,
      "a" : [ [ "R", 4 ], [ "R", 4 ], [ "W", 4 ], [ "W", 4 ] ]
    } ]
  },
  "AddressListApiController.detail" : {
    "t" : [ {
      "id" : 0,
      "a" : [ [ "R", 4 ], [ "R", 4 ], [ "R", 4 ], [ "R", 4 ], [ "R", 4 ], [ "R", 4 ], [ "R", 4 ], [ "R", 4 ], [ "R", 4 ], [ "R", 4 ], [ "R", 4 ], [ "R", 4 ], [ "R", 4 ], [ "R", 4 ], [ "R", 4 ], [ "R", 4 ], [ "R", 5 ], [ "R", 5 ], [ "R", 4 ], [ "R", 4 ], [ "R", 60 ], [ "R", 60 ], [ "R", 4 ], [ "R", 4 ], [ "R", 60 ], [ "R", 60 ], [ "R", 60 ], [ "R", 60 ], [ "R", 4 ], [ "R", 4 ], [ "R", 4 ], [ "R", 4 ], [ "R", 4 ], [ "R", 4 ], [ "R", 4 ], [ "R", 4 ], [ "R", 4 ], [ "R", 4 ], [ "R", 4 ], [ "R", 4 ], [ "R", 4 ], [ "R", 4 ], [ "R", 4 ], [ "R", 4 ], [ "R", 4 ], [ "R", 4 ], [ "R", 4 ], [ "R", 4 ], [ "R", 4 ], [ "R", 4 ], [ "R", 4 ], [ "R", 4 ], [ "R", 4 ], [ "R", 4 ], [ "R", 4 ], [ "R", 4 ], [ "R", 5 ], [ "R", 5 ], [ "R", 4 ], [ "R", 4 ], [ "R", 60 ], [ "R", 60 ], [ "R", 4 ], [ "R", 4 ], [ "R", 60 ], [ "R", 60 ], [ "R", 60 ], [ "R", 60 ], [ "R", 4 ], [ "R", 4 ], [ "R", 4 ], [ "R", 4 ], [ "R", 4 ], [ "R", 4 ], [ "R", 4 ], [ "R", 4 ], [ "R", 4 ], [ "R", 4 ], [ "R", 4 ], [ "R", 4 ], [ "R", 4 ] ]
    } ]
  },
  "WeixinAdminController.wordModify" : {
    "t" : [ {
      "id" : 0,
      "a" : [ [ "R", 82 ], [ "R", 82 ], [ "R", 82 ], [ "W", 82 ], [ "W", 82 ] ]
    } ]
  },
  "NewsController.cancelBanner" : {
    "t" : [ {
      "id" : 0,
      "a" : [ [ "R", 50 ], [ "R", 50 ], [ "W", 50 ], [ "W", 50 ], [ "W", 50 ] ]
    } ]
  },
  "OrderController.index" : {
    "t" : [ {
      "id" : 0,
      "a" : [ [ "R", 11 ], [ "R", 55 ], [ "R", 55 ] ]
    } ]
  },
  "SupplyDemandController.createForm" : {
    "t" : [ {
      "id" : 0,
      "a" : [ [ "R", 37 ], [ "R", 69 ], [ "R", 67 ] ]
    } ]
  },
  "TenancyController.show" : {
    "t" : [ {
      "id" : 0,
      "a" : [ [ "R", 73 ], [ "R", 77 ] ]
    } ]
  },
  "NewsCategoryController.changeName" : {
    "t" : [ {
      "id" : 0,
      "a" : [ [ "R", 52 ], [ "W", 52 ], [ "W", 52 ], [ "W", 52 ] ]
    } ]
  },
  "NewsController.list" : {
    "t" : [ {
      "id" : 0,
      "a" : [ [ "R", 11 ], [ "R", 50 ], [ "R", 50 ], [ "R", 11 ], [ "R", 52 ], [ "R", 52 ], [ "R", 52 ], [ "R", 50 ] ]
    } ]
  },
  "ProductController.list" : {
    "t" : [ {
      "id" : 0,
      "a" : [ [ "R", 11 ], [ "R", 61 ], [ "R", 61 ], [ "R", 11 ], [ "R", 18 ], [ "R", 18 ], [ "R", 18 ], [ "R", 18 ], [ "R", 61 ] ]
    } ]
  },
  "CardRegisterController.showTenancyUser" : {
    "t" : [ {
      "id" : 0,
      "a" : [ [ "R", 76 ], [ "R", 76 ], [ "R", 76 ], [ "R", 76 ] ]
    } ]
  },
  "ErnieMobileController.appRevisionMemberInfoSave" : {
    "t" : [ {
      "id" : 0,
      "a" : [ [ "R", 76 ], [ "R", 76 ], [ "R", 76 ], [ "R", 76 ], [ "R", 76 ], [ "R", 76 ], [ "W", 76 ], [ "R", 76 ], [ "W", 76 ], [ "W", 76 ], [ "W", 76 ] ]
    } ]
  },
  "ErnieMobileController.action" : {
    "t" : [ {
      "id" : 0,
      "a" : [ [ "R", 27 ], [ "R", 27 ] ]
    } ]
  },
  "McardController.saveMemberCard" : {
    "t" : [ {
      "id" : 0,
      "a" : [ [ "R", 46 ], [ "R", 77 ], [ "R", 77 ], [ "W", 46 ], [ "W", 46 ], [ "W", 46 ], [ "W", 46 ], [ "W", 46 ], [ "W", 46 ], [ "W", 46 ], [ "W", 46 ] ]
    } ]
  },
  "SupplyDemandTypeController.saveSupplyDemandType" : {
    "t" : [ {
      "id" : 0,
      "a" : [ [ "R", 69 ], [ "W", 69 ], [ "R", 69 ], [ "R", 69 ], [ "W", 69 ], [ "R", 69 ], [ "W", 69 ], [ "R", 69 ], [ "W", 69 ], [ "R", 69 ], [ "W", 69 ], [ "W", 69 ], [ "W", 69 ] ]
    } ]
  },
  "SupplyDemandController.deleteSupplyDemand" : {
    "t" : [ {
      "id" : 0,
      "a" : [ [ "R", 67 ], [ "W", 67 ], [ "W", 67 ] ]
    } ]
  },
  "SupplyDemandMobileController.list" : {
    "t" : [ {
      "id" : 0,
      "a" : [ [ "R", 67 ], [ "R", 67 ], [ "R", 67 ], [ "R", 67 ], [ "W", 67 ], [ "W", 67 ] ]
    } ]
  },
  "ErnieAdminController.edit" : {
    "t" : [ {
      "id" : 0,
      "a" : [ [ "R", 27 ] ]
    } ]
  },
  "NewsController.detial" : {
    "t" : [ {
      "id" : 0,
      "a" : [ [ "R", 50 ], [ "R", 50 ], [ "R", 53 ], [ "R", 53 ], [ "R", 53 ], [ "W", 50 ], [ "W", 53 ], [ "R", 50 ], [ "R", 50 ], [ "R", 50 ], [ "R", 52 ], [ "R", 52 ] ]
    } ]
  },
  "CustomerController.tsave" : {
    "t" : [ {
      "id" : 0,
      "a" : [ [ "W", 25 ], [ "W", 25 ], [ "R", 25 ], [ "W", 25 ], [ "W", 25 ] ]
    } ]
  },
  "SupplyDemandController.detial" : {
    "t" : [ {
      "id" : 0,
      "a" : [ [ "R", 67 ], [ "R", 67 ], [ "R", 67 ], [ "R", 67 ], [ "R", 67 ], [ "R", 37 ], [ "R", 69 ] ]
    } ]
  },
  "TenancyUserController.show" : {
    "t" : [ {
      "id" : 0,
      "a" : [ [ "R", 76 ] ]
    } ]
  },
  "AddressListController.show" : {
    "t" : [ {
      "id" : 0,
      "a" : [ [ "R", 4 ] ]
    } ]
  },
  "FeedbackApiController.SuggestionFreeBack" : {
    "t" : [ {
      "id" : 0,
      "a" : [ [ "W", 33 ], [ "W", 33 ], [ "W", 33 ], [ "W", 33 ] ]
    } ]
  },
  "SupplyDemandTypeController.list" : {
    "t" : [ {
      "id" : 0,
      "a" : [ [ "R", 11 ], [ "R", 69 ], [ "R", 69 ], [ "R", 69 ] ]
    } ]
  },
  "ErnieApiController.takePrize" : {
    "t" : [ {
      "id" : 0,
      "a" : [ [ "R", 71 ], [ "R", 71 ], [ "R", 71 ], [ "R", 27 ], [ "R", 27 ], [ "R", 27 ], [ "R", 27 ], [ "R", 71 ], [ "R", 71 ], [ "R", 29 ], [ "R", 29 ], [ "R", 29 ], [ "R", 29 ], [ "R", 29 ], [ "R", 76 ], [ "R", 76 ], [ "W", 29 ], [ "W", 29 ], [ "R", 29 ], [ "R", 28 ], [ "R", 28 ], [ "W", 29 ], [ "R", 28 ], [ "W", 29 ], [ "W", 29 ], [ "R", 71 ], [ "R", 71 ], [ "R", 71 ], [ "R", 71 ], [ "R", 71 ], [ "R", 71 ], [ "W", 71 ], [ "W", 71 ], [ "W", 71 ] ]
    } ]
  },
  "ErnieMobileController.bobingIndex" : {
    "t" : [ {
      "id" : 0,
      "a" : [ [ "R", 28 ], [ "R", 28 ], [ "R", 28 ], [ "R", 28 ], [ "R", 27 ], [ "R", 28 ], [ "R", 29 ], [ "R", 29 ], [ "R", 29 ], [ "R", 29 ], [ "R", 27 ] ]
    } ]
  },
  "NewsController.deletePic" : {
    "t" : [ {
      "id" : 0,
      "a" : [ [ "W", 54 ] ]
    } ]
  },
  "InvitationApiController.eventDetail" : {
    "t" : [ {
      "id" : 0,
      "a" : [ [ "R", 38 ], [ "R", 38 ], [ "R", 38 ], [ "R", 76 ], [ "W", 38 ], [ "W", 76 ], [ "R", 38 ], [ "R", 42 ], [ "R", 42 ], [ "W", 38 ], [ "W", 42 ], [ "R", 38 ], [ "R", 40 ], [ "R", 40 ], [ "R", 40 ], [ "R", 40 ], [ "R", 38 ], [ "R", 40 ], [ "R", 40 ], [ "R", 40 ], [ "R", 40 ], [ "R", 40 ], [ "R", 76 ], [ "W", 40 ], [ "W", 76 ], [ "W", 38 ], [ "W", 40 ], [ "W", 38 ], [ "W", 38 ] ]
    } ]
  },
  "WeixinAdminController.getAllPara" : {
    "t" : [ {
      "id" : 0,
      "a" : [ [ "R", 82 ], [ "R", 82 ], [ "R", 12 ], [ "R", 12 ], [ "R", 82 ] ]
    } ]
  },
  "AppVersionController.saveAppVersion" : {
    "t" : [ {
      "id" : 0,
      "a" : [ [ "W", 6 ], [ "W", 6 ] ]
    } ]
  },
  "SupplyDemandController.changeName" : {
    "t" : [ {
      "id" : 0,
      "a" : [ [ "R", 67 ], [ "W", 67 ], [ "W", 67 ], [ "W", 67 ] ]
    } ]
  },
  "IndexController.about" : {
    "t" : [ {
      "id" : 0,
      "a" : [ [ "R", 20 ], [ "R", 20 ], [ "R", 22 ], [ "R", 22 ], [ "R", 22 ] ]
    } ]
  },
  "AddressListController.formatProvince" : {
    "t" : [ {
      "id" : 0,
      "a" : [ [ "R", 60 ], [ "R", 60 ], [ "R", 60 ], [ "R", 60 ], [ "R", 60 ] ]
    } ]
  },
  "TenancyController.savePwd" : {
    "t" : [ {
      "id" : 0,
      "a" : [ [ "R", 77 ], [ "W", 77 ], [ "R", 77 ], [ "W", 77 ], [ "R", 77 ], [ "W", 77 ], [ "W", 77 ], [ "R", 77 ] ]
    } ]
  },
  "AuthController.index" : {
    "t" : [ {
      "id" : 0,
      "a" : [ [ "R", 73 ], [ "R", 77 ], [ "R", 77 ], [ "R", 77 ], [ "R", 77 ], [ "R", 73 ], [ "R", 73 ], [ "R", 73 ], [ "R", 7 ], [ "R", 7 ], [ "R", 7 ], [ "R", 7 ], [ "R", 7 ], [ "R", 8 ], [ "R", 8 ], [ "R", 8 ], [ "R", 73 ], [ "R", 73 ], [ "R", 73 ], [ "R", 73 ] ]
    } ]
  },
  "CustomerController.test" : {
    "t" : [ {
      "id" : 0,
      "a" : [ [ "R", 72 ], [ "R", 72 ], [ "R", 37 ] ]
    } ]
  },
  "SupplyDemandTypeController.createForm" : {
    "t" : [ {
      "id" : 0,
      "a" : [ [ "R", 69 ] ]
    } ]
  },
  "TenancyController.index" : {
    "t" : [ {
      "id" : 0,
      "a" : [ [ "R", 73 ], [ "R", 77 ], [ "R", 77 ], [ "R", 77 ], [ "R", 77 ], [ "R", 73 ], [ "R", 73 ] ]
    } ]
  },
  "WeixinMenuController.getAccessToken" : {
    "t" : [ {
      "id" : 0,
      "a" : [ [ "R", 80 ], [ "R", 80 ], [ "R", 80 ] ]
    } ]
  },
  "CustomerController.del" : {
    "t" : [ {
      "id" : 0,
      "a" : [ [ "R", 72 ], [ "R", 72 ], [ "R", 72 ], [ "R", 72 ], [ "W", 72 ], [ "W", 72 ] ]
    } ]
  },
  "AppVersionController.index" : {
    "t" : [ {
      "id" : 0,
      "a" : [ [ "R", 77 ], [ "R", 77 ], [ "R", 77 ], [ "R", 77 ], [ "R", 6 ], [ "R", 6 ] ]
    } ]
  },
  "AddressListController.create" : {
    "t" : [ {
      "id" : 0,
      "a" : [ [ "R", 77 ], [ "R", 77 ], [ "W", 5 ], [ "W", 5 ], [ "W", 5 ], [ "W", 5 ], [ "W", 5 ], [ "W", 5 ], [ "W", 5 ] ]
    } ]
  },
  "RegisterController.checkLoginName" : {
    "t" : [ {
      "id" : 0,
      "a" : [ [ "R", 77 ] ]
    } ]
  },
  "ErnieItemsAdminController.bobingList" : {
    "t" : [ {
      "id" : 0,
      "a" : [ [ "R", 28 ], [ "R", 28 ], [ "R", 28 ], [ "R", 28 ], [ "R", 27 ], [ "R", 28 ] ]
    } ]
  },
  "NewsCategoryController.create" : {
    "t" : [ {
      "id" : 0,
      "a" : [ [ "R", 77 ], [ "R", 77 ], [ "W", 52 ], [ "W", 52 ], [ "W", 52 ], [ "W", 52 ], [ "W", 52 ], [ "W", 52 ], [ "W", 52 ] ]
    } ]
  },
  "CardRegisterController.cardRelease" : {
    "t" : [ {
      "id" : 0,
      "a" : [ [ "R", 77 ], [ "R", 77 ], [ "R", 77 ], [ "R", 77 ], [ "R", 46 ], [ "R", 16 ], [ "R", 46 ] ]
    } ]
  },
  "TenancyUserApiController.uploadImageWithMember" : {
    "t" : [ {
      "id" : 0,
      "a" : [ [ "R", 76 ], [ "R", 4 ], [ "W", 76 ], [ "W", 76 ], [ "W", 76 ], [ "W", 4 ], [ "W", 4 ], [ "W", 76 ], [ "W", 4 ] ]
    } ]
  },
  "ProductController.changeName" : {
    "t" : [ {
      "id" : 0,
      "a" : [ [ "R", 61 ], [ "W", 61 ], [ "W", 61 ], [ "W", 61 ] ]
    } ]
  },
  "IndexController.index" : {
    "t" : [ {
      "id" : 0,
      "a" : [ [ "R", 73 ], [ "R", 77 ], [ "R", 77 ], [ "R", 77 ], [ "R", 77 ], [ "R", 73 ], [ "R", 73 ], [ "R", 73 ], [ "R", 77 ], [ "R", 77 ], [ "R", 77 ], [ "R", 77 ], [ "R", 73 ], [ "R", 73 ] ]
    } ]
  },
  "CompanyController.updateForm" : {
    "t" : [ {
      "id" : 0,
      "a" : [ [ "R", 20 ], [ "R", 20 ], [ "R", 77 ], [ "R", 77 ], [ "R", 77 ], [ "R", 21 ], [ "R", 21 ], [ "R", 21 ], [ "R", 77 ], [ "R", 21 ], [ "R", 21 ], [ "R", 21 ], [ "R", 21 ], [ "R", 21 ], [ "R", 20 ], [ "R", 22 ], [ "R", 22 ], [ "R", 22 ], [ "R", 54 ] ]
    } ]
  },
  "WeixinMenuController.dropTreeNode" : {
    "t" : [ {
      "id" : 0,
      "a" : [ [ "R", 84 ], [ "R", 84 ], [ "R", 84 ], [ "R", 84 ], [ "R", 84 ], [ "W", 84 ], [ "W", 84 ], [ "R", 84 ], [ "R", 84 ], [ "R", 84 ], [ "R", 84 ], [ "R", 84 ], [ "R", 84 ], [ "W", 84 ], [ "W", 84 ], [ "R", 84 ], [ "W", 84 ], [ "W", 84 ], [ "R", 84 ], [ "R", 84 ], [ "R", 84 ], [ "R", 84 ], [ "R", 84 ], [ "R", 84 ], [ "W", 84 ], [ "W", 84 ], [ "R", 84 ], [ "W", 84 ], [ "W", 84 ], [ "W", 84 ], [ "R", 84 ], [ "W", 84 ], [ "W", 84 ], [ "R", 84 ], [ "R", 84 ], [ "R", 84 ], [ "R", 84 ], [ "R", 84 ], [ "R", 84 ], [ "W", 84 ], [ "W", 84 ], [ "R", 84 ], [ "W", 84 ], [ "W", 84 ], [ "R", 84 ], [ "R", 84 ], [ "R", 84 ], [ "R", 84 ], [ "R", 84 ], [ "R", 84 ], [ "W", 84 ], [ "W", 84 ], [ "W", 84 ], [ "R", 84 ], [ "W", 84 ], [ "W", 84 ] ]
    } ]
  },
  "FeedbackController.reply" : {
    "t" : [ {
      "id" : 0,
      "a" : [ [ "R", 33 ], [ "W", 33 ], [ "W", 33 ], [ "W", 33 ], [ "W", 33 ], [ "W", 33 ], [ "R", 33 ], [ "R", 33 ], [ "W", 33 ], [ "R", 33 ], [ "R", 33 ], [ "W", 33 ], [ "W", 33 ] ]
    } ]
  },
  "ErnieAdminController.delete" : {
    "t" : [ {
      "id" : 0,
      "a" : [ [ "R", 27 ], [ "W", 27 ], [ "W", 27 ] ]
    } ]
  },
  "ErnieItemsAdminController.delete" : {
    "t" : [ {
      "id" : 0,
      "a" : [ [ "R", 28 ], [ "W", 28 ], [ "W", 28 ], [ "R", 28 ], [ "R", 28 ], [ "R", 27 ] ]
    } ]
  },
  "MobileActivityController.partake" : {
    "t" : [ {
      "id" : 0,
      "a" : [ [ "R", 73 ], [ "R", 73 ], [ "R", 76 ], [ "R", 76 ], [ "R", 76 ], [ "W", 31 ], [ "W", 31 ], [ "W", 31 ], [ "R", 31 ], [ "W", 31 ], [ "W", 31 ], [ "W", 31 ], [ "W", 31 ], [ "R", 31 ], [ "R", 31 ], [ "R", 31 ], [ "W", 31 ], [ "R", 31 ], [ "R", 30 ], [ "R", 31 ], [ "R", 31 ], [ "R", 30 ], [ "W", 30 ], [ "R", 30 ], [ "W", 30 ], [ "W", 30 ] ]
    } ]
  },
  "WeixinMenuController.submenu" : {
    "t" : [ {
      "id" : 0,
      "a" : [ [ "W", 65 ], [ "R", 65 ], [ "W", 65 ] ]
    } ]
  },
  "NewsApiController.getNewss" : {
    "t" : [ {
      "id" : 0,
      "a" : [ [ "R", 11 ], [ "R", 52 ], [ "R", 52 ], [ "R", 52 ], [ "R", 50 ], [ "R", 11 ], [ "R", 11 ], [ "R", 11 ], [ "R", 50 ], [ "R", 50 ], [ "R", 50 ], [ "R", 53 ], [ "R", 53 ], [ "R", 53 ], [ "W", 50 ], [ "W", 53 ] ]
    } ]
  },
  "CustomerApiController.getCategory" : {
    "t" : [ {
      "id" : 0,
      "a" : [ [ "R", 37 ] ]
    } ]
  },
  "WeixinAdminController.keyWordList" : {
    "t" : [ {
      "id" : 0,
      "a" : [ [ "R", 77 ], [ "R", 77 ], [ "R", 81 ], [ "R", 81 ] ]
    } ]
  },
  "InvitationController.saveInvitation" : {
    "t" : [ {
      "id" : 0,
      "a" : [ [ "R", 77 ], [ "R", 77 ], [ "W", 38 ], [ "W", 38 ], [ "W", 38 ], [ "R", 38 ], [ "W", 38 ], [ "W", 38 ], [ "W", 38 ], [ "W", 38 ], [ "W", 38 ], [ "R", 38 ], [ "W", 42 ], [ "W", 42 ], [ "W", 42 ], [ "W", 42 ] ]
    } ]
  },
  "TenancyUserApiController.update" : {
    "t" : [ {
      "id" : 0,
      "a" : [ [ "R", 76 ], [ "R", 76 ], [ "R", 4 ], [ "R", 76 ], [ "R", 76 ], [ "R", 76 ], [ "W", 76 ], [ "R", 76 ], [ "R", 76 ], [ "R", 76 ], [ "W", 4 ], [ "R", 76 ], [ "W", 76 ], [ "R", 76 ], [ "R", 76 ], [ "R", 76 ], [ "W", 76 ], [ "R", 76 ], [ "R", 76 ], [ "R", 76 ], [ "W", 76 ], [ "W", 76 ], [ "R", 4 ], [ "R", 76 ], [ "W", 4 ], [ "R", 76 ], [ "W", 4 ], [ "R", 4 ], [ "W", 4 ], [ "R", 4 ], [ "W", 4 ], [ "R", 4 ], [ "W", 4 ], [ "R", 4 ], [ "W", 4 ], [ "R", 4 ], [ "W", 4 ], [ "W", 4 ], [ "R", 76 ], [ "W", 4 ], [ "W", 4 ], [ "W", 4 ], [ "R", 76 ], [ "R", 76 ], [ "R", 76 ], [ "W", 4 ], [ "R", 76 ], [ "W", 4 ], [ "R", 4 ], [ "W", 4 ], [ "R", 4 ], [ "W", 4 ], [ "R", 4 ], [ "W", 4 ], [ "R", 4 ], [ "W", 4 ], [ "R", 4 ], [ "W", 4 ], [ "W", 4 ], [ "W", 76 ], [ "W", 76 ], [ "R", 4 ], [ "W", 76 ], [ "W", 4 ] ]
    } ]
  },
  "InvitationController.detial" : {
    "t" : [ {
      "id" : 0,
      "a" : [ [ "R", 38 ], [ "R", 38 ], [ "R", 38 ], [ "R", 42 ], [ "R", 42 ], [ "R", 54 ], [ "R", 38 ], [ "R", 40 ], [ "R", 40 ], [ "R", 40 ], [ "R", 40 ], [ "R", 54 ], [ "R", 40 ] ]
    } ]
  },
  "TenancyController.addUser" : {
    "t" : [ {
      "id" : 0,
      "a" : [ [ "R", 77 ], [ "R", 77 ], [ "R", 77 ], [ "R", 73 ], [ "R", 73 ], [ "R", 73 ] ]
    } ]
  },
  "InvitationReplyController.createForm" : {
    "t" : [ {
      "id" : 0,
      "a" : [ [ "R", 38 ], [ "R", 38 ], [ "W", 40 ], [ "R", 40 ] ]
    } ]
  },
  "PushApiController.geimsg" : {
    "t" : [ {
      "id" : 0,
      "a" : [ [ "R", 10 ] ]
    } ]
  },
  "ProductApiController.eventDetail" : {
    "t" : [ {
      "id" : 0,
      "a" : [ [ "R", 61 ], [ "R", 64 ], [ "R", 64 ], [ "W", 61 ], [ "W", 64 ], [ "R", 61 ], [ "R", 18 ], [ "R", 18 ], [ "W", 61 ] ]
    } ]
  },
  "CustomerController.show" : {
    "t" : [ {
      "id" : 0,
      "a" : [ [ "R", 72 ] ]
    } ]
  },
  "CardRegisterController.memberList" : {
    "t" : [ {
      "id" : 0,
      "a" : [ [ "R", 11 ], [ "R", 77 ], [ "R", 77 ], [ "R", 77 ], [ "R", 77 ], [ "R", 77 ], [ "R", 77 ], [ "R", 77 ], [ "R", 77 ], [ "R", 76 ], [ "R", 76 ], [ "R", 16 ] ]
    } ]
  },
  "AddressListApiController.getAddress" : {
    "t" : [ {
      "id" : 0,
      "a" : [ [ "R", 4 ], [ "R", 4 ], [ "R", 4 ], [ "R", 4 ], [ "R", 4 ], [ "R", 4 ], [ "R", 4 ], [ "R", 4 ], [ "R", 4 ], [ "R", 4 ], [ "R", 4 ], [ "R", 4 ], [ "R", 4 ], [ "R", 4 ], [ "R", 4 ], [ "R", 4 ], [ "R", 4 ], [ "R", 4 ], [ "R", 4 ], [ "R", 5 ], [ "R", 5 ], [ "R", 4 ], [ "R", 4 ], [ "R", 60 ], [ "R", 60 ], [ "R", 4 ], [ "R", 4 ], [ "R", 60 ], [ "R", 60 ], [ "R", 60 ], [ "R", 60 ], [ "R", 4 ], [ "R", 4 ], [ "R", 4 ], [ "R", 4 ], [ "R", 4 ], [ "R", 4 ], [ "R", 4 ], [ "R", 4 ], [ "R", 4 ], [ "R", 4 ], [ "R", 4 ], [ "R", 4 ], [ "R", 4 ] ]
    } ]
  },
  "CompanyCategoryController.deleteCompanyCategory" : {
    "t" : [ {
      "id" : 0,
      "a" : [ [ "R", 21 ], [ "W", 21 ], [ "W", 21 ] ]
    } ]
  },
  "InvitationController.deletePic" : {
    "t" : [ {
      "id" : 0,
      "a" : [ [ "W", 42 ] ]
    } ]
  },
  "ErnieMobileController.appRevisionMemberInfo" : {
    "t" : [ {
      "id" : 0,
      "a" : [ [ "R", 76 ], [ "R", 28 ], [ "R", 28 ], [ "R", 27 ], [ "R", 28 ], [ "R", 76 ], [ "R", 28 ], [ "R", 27 ], [ "R", 27 ] ]
    } ]
  },
  "UserAdminController.update" : {
    "t" : [ {
      "id" : 0,
      "a" : [ [ "R", 77 ], [ "W", 77 ], [ "R", 77 ], [ "W", 77 ], [ "W", 77 ], [ "R", 77 ] ]
    } ]
  },
  "SupplyDemandMobileController.index" : {
    "t" : [ {
      "id" : 0,
      "a" : [ [ "R", 67 ], [ "R", 67 ], [ "R", 67 ], [ "R", 67 ], [ "W", 67 ], [ "W", 67 ] ]
    } ]
  },
  "TenancyUserController.setTag" : {
    "t" : [ {
      "id" : 0,
      "a" : [ [ "R", 70 ], [ "R", 70 ] ]
    } ]
  },
  "WeixinMenuController.deleteTreeNode" : {
    "t" : [ {
      "id" : 0,
      "a" : [ [ "W", 84 ] ]
    } ]
  },
  "EventController.entered" : {
    "t" : [ {
      "id" : 0,
      "a" : [ [ "R", 31 ], [ "R", 31 ], [ "R", 76 ], [ "R", 4 ], [ "W", 76 ], [ "W", 4 ] ]
    } ]
  },
  "WeixinAdminController.deleterules" : {
    "t" : [ {
      "id" : 0,
      "a" : [ [ "W", 82 ] ]
    } ]
  },
  "TenancyController.addAuth" : {
    "t" : [ {
      "id" : 0,
      "a" : [ [ "R", 73 ], [ "R", 7 ], [ "R", 7 ], [ "R", 7 ], [ "R", 7 ], [ "R", 7 ], [ "R", 8 ], [ "R", 8 ], [ "R", 8 ] ]
    } ]
  },
  "AppVersionController.edit" : {
    "t" : [ {
      "id" : 0,
      "a" : [ [ "R", 73 ], [ "R", 73 ], [ "R", 77 ], [ "R", 77 ], [ "R", 77 ], [ "R", 77 ], [ "R", 73 ], [ "R", 73 ], [ "R", 6 ] ]
    } ]
  },
  "TenancyUserController.del" : {
    "t" : [ {
      "id" : 0,
      "a" : [ [ "R", 76 ], [ "R", 76 ], [ "W", 76 ], [ "W", 76 ] ]
    } ]
  },
  "ErnieApiController.getErnieLogs" : {
    "t" : [ {
      "id" : 0,
      "a" : [ [ "R", 29 ], [ "R", 29 ], [ "R", 29 ], [ "R", 29 ], [ "R", 76 ], [ "R", 76 ], [ "W", 29 ], [ "W", 29 ], [ "R", 29 ], [ "R", 28 ], [ "R", 28 ], [ "W", 29 ], [ "R", 28 ], [ "W", 29 ], [ "W", 29 ] ]
    } ]
  },
  "WeixinAdminController.keyWordAdd" : {
    "t" : [ {
      "id" : 0,
      "a" : [ [ "R", 82 ] ]
    } ]
  },
  "InvitationApiController.replyList" : {
    "t" : [ {
      "id" : 0,
      "a" : [ [ "R", 40 ], [ "R", 40 ], [ "R", 40 ], [ "R", 40 ] ]
    } ]
  },
  "WeixinLogController.weixinLogIndex" : {
    "t" : [ {
      "id" : 0,
      "a" : [ [ "R", 77 ], [ "R", 1 ], [ "R", 1 ] ]
    } ]
  },
  "WeixinAdminController.wordsEdit" : {
    "t" : [ {
      "id" : 0,
      "a" : [ [ "R", 81 ], [ "R", 82 ] ]
    } ]
  },
  "OrderApiController.delete" : {
    "t" : [ {
      "id" : 0,
      "a" : [ [ "R", 55 ], [ "R", 55 ], [ "R", 3 ], [ "W", 55 ], [ "R", 58 ], [ "W", 55 ], [ "R", 55 ], [ "R", 76 ], [ "W", 55 ], [ "R", 55 ], [ "R", 76 ], [ "R", 76 ], [ "R", 55 ], [ "R", 76 ], [ "R", 55 ], [ "R", 55 ], [ "R", 3 ], [ "W", 55 ], [ "R", 58 ], [ "W", 55 ], [ "R", 55 ], [ "R", 76 ], [ "W", 55 ], [ "R", 55 ], [ "W", 55 ], [ "W", 55 ], [ "R", 55 ], [ "R", 55 ], [ "R", 55 ], [ "R", 58 ], [ "R", 61 ], [ "R", 61 ], [ "R", 58 ], [ "W", 61 ], [ "R", 61 ], [ "R", 58 ], [ "W", 61 ], [ "W", 61 ], [ "W", 61 ], [ "W", 61 ], [ "R", 58 ], [ "W", 58 ], [ "R", 58 ], [ "R", 56 ], [ "R", 56 ], [ "R", 58 ], [ "W", 58 ], [ "R", 58 ], [ "R", 56 ], [ "R", 56 ] ]
    } ]
  },
  "ErnieAdminController.list" : {
    "t" : [ {
      "id" : 0,
      "a" : [ [ "R", 27 ], [ "R", 27 ] ]
    } ]
  },
  "McardController.deletePic" : {
    "t" : [ {
      "id" : 0,
      "a" : [ [ "W", 14 ] ]
    } ]
  },
  "AddressApiController.addAddress" : {
    "t" : [ {
      "id" : 0,
      "a" : [ [ "W", 3 ], [ "W", 3 ], [ "W", 3 ] ]
    } ]
  },
  "InvitationMobileController.createForm" : {
    "t" : [ {
      "id" : 0,
      "a" : [ [ "W", 40 ] ]
    } ]
  },
  "AddressApiController.updateAddress" : {
    "t" : [ {
      "id" : 0,
      "a" : [ [ "W", 3 ], [ "W", 3 ] ]
    } ]
  },
  "InvitationMobileController.list" : {
    "t" : [ {
      "id" : 0,
      "a" : [ [ "R", 38 ], [ "R", 38 ], [ "R", 38 ], [ "R", 38 ], [ "R", 76 ], [ "W", 38 ], [ "W", 76 ], [ "R", 38 ], [ "R", 42 ], [ "R", 42 ], [ "R", 38 ], [ "R", 40 ], [ "R", 40 ], [ "R", 40 ], [ "R", 40 ], [ "W", 38 ], [ "W", 42 ], [ "W", 38 ], [ "W", 40 ] ]
    } ]
  },
  "CompanyController.saveCompany" : {
    "t" : [ {
      "id" : 0,
      "a" : [ [ "R", 20 ], [ "W", 22 ], [ "W", 22 ], [ "W", 22 ], [ "W", 22 ], [ "W", 20 ], [ "W", 20 ], [ "W", 20 ], [ "W", 20 ] ]
    } ]
  },
  "ErnieLogAdminController.list" : {
    "t" : [ {
      "id" : 0,
      "a" : [ [ "R", 29 ], [ "R", 29 ], [ "R", 11 ], [ "R", 27 ] ]
    } ]
  },
  "CategoryController.create" : {
    "t" : [ {
      "id" : 0,
      "a" : [ [ "R", 77 ], [ "R", 77 ], [ "W", 18 ], [ "W", 18 ], [ "W", 18 ], [ "W", 18 ], [ "W", 18 ], [ "W", 18 ], [ "W", 18 ] ]
    } ]
  },
  "TenancyUserApiController.login" : {
    "t" : [ {
      "id" : 0,
      "a" : [ [ "R", 76 ], [ "R", 76 ], [ "R", 76 ], [ "R", 76 ], [ "R", 76 ], [ "W", 76 ], [ "W", 76 ], [ "W", 76 ], [ "R", 76 ], [ "W", 76 ], [ "W", 76 ], [ "R", 76 ], [ "R", 76 ], [ "R", 76 ], [ "R", 76 ], [ "R", 76 ], [ "W", 76 ], [ "W", 76 ], [ "W", 76 ], [ "R", 76 ], [ "W", 76 ], [ "W", 76 ], [ "R", 76 ], [ "R", 76 ], [ "R", 76 ], [ "R", 76 ], [ "R", 76 ], [ "R", 76 ], [ "R", 76 ], [ "R", 76 ], [ "R", 76 ], [ "R", 76 ], [ "W", 76 ], [ "R", 4 ], [ "W", 76 ], [ "W", 4 ] ]
    } ]
  },
  "TenancyController.saveUser" : {
    "t" : [ {
      "id" : 0,
      "a" : [ [ "W", 77 ], [ "R", 77 ], [ "R", 77 ], [ "R", 77 ], [ "W", 77 ], [ "R", 77 ], [ "W", 77 ], [ "W", 77 ], [ "W", 77 ], [ "R", 77 ], [ "R", 77 ] ]
    } ]
  },
  "ProductMobileController.index" : {
    "t" : [ {
      "id" : 0,
      "a" : [ [ "R", 61 ], [ "R", 61 ], [ "R", 61 ], [ "R", 61 ], [ "W", 61 ], [ "R", 61 ], [ "R", 61 ], [ "W", 61 ] ]
    } ]
  },
  "TenancyUserController.save" : {
    "t" : [ {
      "id" : 0,
      "a" : [ [ "R", 76 ], [ "R", 76 ], [ "R", 76 ], [ "R", 76 ], [ "R", 76 ], [ "W", 76 ], [ "R", 76 ], [ "W", 76 ], [ "W", 76 ], [ "R", 76 ], [ "W", 76 ], [ "W", 76 ] ]
    } ]
  },
  "TenancyController.lockUser" : {
    "t" : [ {
      "id" : 0,
      "a" : [ [ "R", 77 ], [ "R", 77 ], [ "W", 77 ], [ "W", 77 ] ]
    } ]
  },
  "AddressListMobileController.index" : {
    "t" : [ {
      "id" : 0,
      "a" : [ [ "R", 4 ], [ "R", 4 ], [ "R", 4 ] ]
    } ]
  },
  "McardController.updateMemberCard" : {
    "t" : [ {
      "id" : 0,
      "a" : [ [ "W", 46 ], [ "W", 46 ], [ "W", 46 ], [ "W", 46 ], [ "W", 46 ], [ "W", 46 ] ]
    } ]
  },
  "ErnieAdminController.bobingList" : {
    "t" : [ {
      "id" : 0,
      "a" : [ [ "R", 27 ], [ "R", 27 ], [ "R", 27 ] ]
    } ]
  },
  "SupplyDemandApiController.getDetail" : {
    "t" : [ {
      "id" : 0,
      "a" : [ [ "R", 67 ], [ "R", 67 ], [ "R", 21 ] ]
    } ]
  },
  "MobileActivityController.list" : {
    "t" : [ {
      "id" : 0,
      "a" : [ [ "R", 11 ], [ "R", 30 ], [ "R", 30 ], [ "R", 76 ], [ "R", 31 ], [ "R", 31 ], [ "R", 31 ], [ "R", 31 ], [ "R", 31 ], [ "W", 30 ], [ "R", 30 ], [ "R", 30 ], [ "W", 30 ] ]
    } ]
  },
  "ErnieAdminController.create" : {
    "t" : [ {
      "id" : 0,
      "a" : [ [ "W", 27 ], [ "W", 27 ], [ "W", 27 ], [ "W", 27 ], [ "W", 27 ] ]
    } ]
  },
  "AuthController.detail" : {
    "t" : [ {
      "id" : 0,
      "a" : [ [ "R", 7 ], [ "R", 7 ], [ "R", 73 ], [ "R", 7 ], [ "R", 8 ], [ "R", 8 ], [ "R", 8 ] ]
    } ]
  },
  "McardController.updateForm" : {
    "t" : [ {
      "id" : 0,
      "a" : [ [ "R", 46 ], [ "R", 16 ], [ "R", 16 ], [ "R", 16 ], [ "R", 46 ], [ "R", 46 ] ]
    } ]
  },
  "UserAdminController.delete" : {
    "t" : [ {
      "id" : 0,
      "a" : [ [ "R", 77 ], [ "R", 77 ], [ "R", 77 ], [ "W", 77 ], [ "R", 77 ] ]
    } ]
  },
  "ErnieItemsAdminController.list" : {
    "t" : [ {
      "id" : 0,
      "a" : [ [ "R", 28 ], [ "R", 28 ], [ "R", 28 ], [ "R", 28 ], [ "R", 27 ], [ "R", 28 ], [ "R", 28 ] ]
    } ]
  },
  "ProductMobileController.list" : {
    "t" : [ {
      "id" : 0,
      "a" : [ [ "R", 61 ], [ "R", 61 ], [ "R", 61 ], [ "R", 61 ], [ "W", 61 ], [ "R", 61 ], [ "R", 61 ], [ "W", 61 ] ]
    } ]
  },
  "EventController.myEvent" : {
    "t" : [ {
      "id" : 0,
      "a" : [ [ "R", 31 ], [ "R", 31 ], [ "R", 30 ], [ "R", 31 ], [ "W", 30 ], [ "W", 31 ] ]
    } ]
  },
  "TenancyUserController.resetPwd" : {
    "t" : [ {
      "id" : 0,
      "a" : [ [ "R", 76 ] ]
    } ]
  },
  "CustomerController.tdel" : {
    "t" : [ {
      "id" : 0,
      "a" : [ [ "R", 25 ], [ "R", 25 ], [ "R", 25 ], [ "R", 25 ], [ "W", 25 ], [ "W", 25 ] ]
    } ]
  },
  "BaiduPushController.test" : {
    "t" : [ {
      "id" : 0,
      "a" : [ [ "R", 77 ], [ "R", 77 ], [ "R", 77 ], [ "R", 77 ], [ "R", 76 ], [ "R", 76 ], [ "R", 76 ] ]
    } ]
  },
  "InvitationMobileController.index" : {
    "t" : [ {
      "id" : 0,
      "a" : [ [ "R", 38 ], [ "R", 38 ], [ "R", 38 ], [ "R", 38 ], [ "R", 76 ], [ "W", 38 ], [ "W", 76 ], [ "R", 38 ], [ "R", 42 ], [ "R", 42 ], [ "R", 38 ], [ "R", 40 ], [ "R", 40 ], [ "R", 40 ], [ "R", 40 ], [ "W", 38 ], [ "W", 42 ], [ "W", 38 ], [ "W", 40 ], [ "R", 38 ], [ "R", 38 ], [ "R", 38 ], [ "R", 76 ], [ "R", 76 ], [ "R", 76 ] ]
    } ]
  },
  "CustomerController.update" : {
    "t" : [ {
      "id" : 0,
      "a" : [ [ "W", 72 ], [ "R", 72 ], [ "R", 72 ], [ "R", 72 ], [ "W", 72 ], [ "R", 72 ], [ "W", 72 ], [ "R", 72 ], [ "W", 72 ], [ "R", 72 ], [ "W", 72 ], [ "R", 72 ], [ "W", 72 ], [ "R", 72 ], [ "W", 72 ], [ "R", 72 ], [ "W", 72 ], [ "R", 72 ], [ "W", 72 ], [ "W", 72 ], [ "R", 72 ], [ "W", 72 ], [ "R", 37 ], [ "W", 72 ], [ "W", 37 ], [ "W", 72 ] ]
    } ]
  },
  "SupplyDemandApiController.publish" : {
    "t" : [ {
      "id" : 0,
      "a" : [ [ "W", 67 ], [ "W", 67 ], [ "W", 67 ], [ "W", 67 ] ]
    } ]
  },
  "InvitationApiController.addInvitationReply" : {
    "t" : [ {
      "id" : 0,
      "a" : [ [ "W", 40 ], [ "R", 40 ], [ "R", 38 ], [ "W", 38 ], [ "R", 38 ], [ "W", 38 ], [ "W", 38 ], [ "W", 40 ], [ "W", 40 ], [ "W", 40 ] ]
    } ]
  },
  "CompanyController.deleteCompany" : {
    "t" : [ {
      "id" : 0,
      "a" : [ [ "R", 20 ], [ "W", 20 ], [ "W", 20 ] ]
    } ]
  },
  "NewsController.changeName" : {
    "t" : [ {
      "id" : 0,
      "a" : [ [ "R", 50 ], [ "W", 50 ], [ "W", 50 ], [ "W", 50 ] ]
    } ]
  },
  "SupplyDemandController.deletePic" : {
    "t" : [ {
      "id" : 0,
      "a" : [ [ "W", 68 ] ]
    } ]
  },
  "NewsController.deleteNews" : {
    "t" : [ {
      "id" : 0,
      "a" : [ [ "R", 50 ], [ "W", 50 ], [ "W", 50 ] ]
    } ]
  },
  "NewsController.saveNews" : {
    "t" : [ {
      "id" : 0,
      "a" : [ [ "R", 77 ], [ "W", 8 ], [ "W", 51 ], [ "W", 51 ], [ "W", 51 ], [ "W", 51 ], [ "R", 77 ], [ "R", 77 ], [ "R", 77 ], [ "R", 77 ], [ "R", 11 ], [ "R", 52 ], [ "R", 52 ], [ "R", 77 ], [ "R", 11 ], [ "R", 52 ], [ "R", 52 ], [ "R", 52 ], [ "R", 77 ], [ "R", 77 ], [ "R", 77 ], [ "R", 50 ], [ "R", 50 ], [ "R", 53 ], [ "R", 77 ], [ "W", 50 ], [ "R", 50 ], [ "R", 50 ], [ "W", 50 ], [ "R", 50 ], [ "R", 50 ], [ "R", 50 ], [ "R", 50 ], [ "W", 50 ], [ "R", 50 ], [ "W", 50 ], [ "W", 50 ], [ "W", 50 ], [ "W", 50 ], [ "W", 50 ], [ "W", 50 ], [ "W", 50 ], [ "R", 50 ], [ "W", 50 ], [ "R", 50 ], [ "R", 53 ], [ "W", 53 ], [ "R", 53 ], [ "R", 53 ], [ "R", 53 ], [ "R", 53 ], [ "W", 53 ], [ "W", 50 ], [ "W", 50 ], [ "W", 50 ], [ "R", 50 ], [ "W", 53 ], [ "R", 50 ], [ "W", 53 ], [ "W", 53 ], [ "R", 50 ] ]
    } ]
  },
  "SupplyDemandTypeController.deleteSupplyDemandType" : {
    "t" : [ {
      "id" : 0,
      "a" : [ [ "R", 69 ], [ "R", 69 ], [ "W", 69 ], [ "W", 69 ] ]
    } ]
  },
  "McardController.indexMemberCard" : {
    "t" : [ {
      "id" : 0,
      "a" : [ [ "R", 73 ] ]
    } ]
  },
  "NewsController.preview" : {
    "t" : [ {
      "id" : 0,
      "a" : [ [ "R", 50 ], [ "R", 50 ], [ "R", 53 ], [ "R", 53 ], [ "R", 53 ], [ "W", 50 ], [ "W", 53 ], [ "R", 50 ], [ "R", 50 ], [ "R", 50 ], [ "R", 52 ], [ "R", 50 ], [ "R", 50 ], [ "R", 73 ], [ "R", 73 ], [ "R", 52 ] ]
    } ]
  },
  "CompanyCategoryController.create" : {
    "t" : [ {
      "id" : 0,
      "a" : [ [ "R", 77 ], [ "R", 77 ], [ "W", 21 ], [ "W", 21 ], [ "W", 21 ], [ "W", 21 ], [ "W", 21 ], [ "W", 21 ], [ "W", 21 ] ]
    } ]
  },
  "WeixinMenuController.menuIndex" : {
    "t" : [ {
      "id" : 0,
      "a" : [ [ "R", 82 ], [ "R", 47 ], [ "R", 49 ], [ "R", 49 ], [ "W", 49 ], [ "R", 49 ], [ "W", 49 ], [ "R", 49 ], [ "W", 49 ] ]
    } ]
  },
  "NewsController.cancelTop" : {
    "t" : [ {
      "id" : 0,
      "a" : [ [ "R", 50 ], [ "W", 50 ], [ "W", 50 ], [ "W", 50 ] ]
    } ]
  },
  "WeixinMenuController.createMenuRoot" : {
    "t" : [ {
      "id" : 0,
      "a" : [ [ "W", 84 ], [ "W", 84 ], [ "W", 84 ], [ "W", 84 ], [ "W", 84 ] ]
    } ]
  },
  "AddressListController.list" : {
    "t" : [ {
      "id" : 0,
      "a" : [ [ "R", 11 ], [ "R", 5 ], [ "R", 5 ], [ "R", 5 ] ]
    } ]
  },
  "AddressListController.test" : {
    "t" : [ {
      "id" : 0,
      "a" : [ [ "R", 4 ], [ "R", 4 ], [ "R", 4 ], [ "R", 11 ], [ "R", 5 ], [ "R", 5 ], [ "R", 5 ], [ "R", 5 ] ]
    } ]
  },
  "WeixinAdminController.deleteKeyword" : {
    "t" : [ {
      "id" : 0,
      "a" : [ [ "R", 81 ], [ "W", 81 ] ]
    } ]
  },
  "OrderController.detail" : {
    "t" : [ {
      "id" : 0,
      "a" : [ [ "R", 55 ], [ "R", 55 ], [ "R", 3 ], [ "W", 55 ], [ "R", 58 ], [ "W", 55 ], [ "R", 55 ], [ "R", 76 ], [ "W", 55 ] ]
    } ]
  },
  "ErnieItemsAdminController.bobingSave" : {
    "t" : [ {
      "id" : 0,
      "a" : [ [ "W", 28 ], [ "R", 28 ], [ "R", 27 ], [ "R", 27 ], [ "W", 28 ], [ "W", 27 ], [ "W", 28 ], [ "W", 28 ], [ "W", 28 ] ]
    } ]
  },
  "EventController.del" : {
    "t" : [ {
      "id" : 0,
      "a" : [ [ "R", 30 ], [ "W", 30 ], [ "W", 30 ] ]
    } ]
  },
  "InvitationController.createForm" : {
    "t" : [ {
      "id" : 0,
      "a" : [ [ "R", 38 ] ]
    } ]
  },
  "InvitationReplyController.list" : {
    "t" : [ {
      "id" : 0,
      "a" : [ [ "R", 11 ], [ "R", 38 ], [ "R", 40 ], [ "R", 40 ], [ "R", 38 ], [ "R", 40 ] ]
    } ]
  },
  "WeixinApiController.processEvent" : {
    "t" : [ {
      "id" : 0,
      "a" : [ [ "W", 1 ], [ "W", 1 ], [ "W", 1 ], [ "W", 1 ], [ "W", 1 ], [ "W", 1 ], [ "R", 43 ], [ "R", 43 ], [ "R", 83 ], [ "R", 83 ], [ "R", 82 ], [ "R", 82 ], [ "R", 82 ], [ "R", 82 ], [ "R", 82 ], [ "R", 12 ], [ "R", 82 ], [ "R", 82 ], [ "R", 12 ], [ "R", 82 ], [ "R", 81 ], [ "R", 81 ], [ "R", 82 ], [ "R", 82 ], [ "R", 82 ], [ "R", 82 ], [ "R", 82 ], [ "R", 12 ], [ "R", 82 ], [ "R", 82 ], [ "R", 12 ], [ "R", 82 ] ]
    } ]
  },
  "SupplyDemandController.updateProduct" : {
    "t" : [ {
      "id" : 0,
      "a" : [ [ "W", 67 ], [ "W", 67 ], [ "W", 67 ], [ "W", 67 ], [ "R", 67 ], [ "W", 68 ], [ "W", 68 ], [ "W", 68 ], [ "W", 68 ] ]
    } ]
  },
  "GroupOnMobileController.index" : {
    "t" : [ {
      "id" : 0,
      "a" : [ [ "R", 11 ], [ "R", 35 ], [ "R", 35 ] ]
    } ]
  },
  "InvitationController.list" : {
    "t" : [ {
      "id" : 0,
      "a" : [ [ "R", 11 ], [ "R", 38 ], [ "R", 38 ], [ "R", 77 ], [ "R", 77 ], [ "R", 77 ], [ "R", 77 ], [ "R", 38 ] ]
    } ]
  },
  "NewsMobileController.list" : {
    "t" : [ {
      "id" : 0,
      "a" : [ [ "R", 52 ], [ "R", 52 ], [ "R", 52 ], [ "R", 52 ], [ "R", 52 ], [ "R", 50 ], [ "R", 50 ], [ "R", 50 ], [ "R", 50 ] ]
    } ]
  },
  "OrderApiController.list" : {
    "t" : [ {
      "id" : 0,
      "a" : [ [ "R", 55 ], [ "R", 55 ], [ "R", 55 ], [ "R", 55 ], [ "R", 55 ], [ "R", 58 ], [ "W", 55 ], [ "R", 58 ], [ "R", 56 ], [ "W", 58 ], [ "R", 55 ], [ "R", 55 ], [ "R", 3 ], [ "W", 55 ] ]
    } ]
  },
  "ErnieTakePrizeController.detial" : {
    "t" : [ {
      "id" : 0,
      "a" : [ [ "R", 71 ] ]
    } ]
  },
  "TenancyController.showKey" : {
    "t" : [ {
      "id" : 0,
      "a" : [ [ "R", 73 ] ]
    } ]
  },
  "AppVersionController.versiondelete" : {
    "t" : [ {
      "id" : 0,
      "a" : [ [ "W", 6 ] ]
    } ]
  },
  "ProductController.saveProduct" : {
    "t" : [ {
      "id" : 0,
      "a" : [ [ "R", 77 ], [ "R", 77 ], [ "W", 61 ], [ "W", 61 ], [ "W", 63 ], [ "W", 63 ], [ "W", 61 ], [ "W", 63 ], [ "W", 61 ], [ "W", 61 ], [ "W", 61 ], [ "W", 61 ], [ "W", 61 ], [ "R", 61 ], [ "W", 64 ], [ "W", 64 ], [ "W", 64 ], [ "W", 64 ] ]
    } ]
  },
  "CardRegisterController.cardList" : {
    "t" : [ {
      "id" : 0,
      "a" : [ [ "R", 11 ], [ "R", 16 ], [ "R", 16 ], [ "R", 46 ], [ "R", 73 ], [ "R", 16 ], [ "R", 46 ] ]
    } ]
  },
  "McardController.deleteMcard" : {
    "t" : [ {
      "id" : 0,
      "a" : [ [ "R", 46 ], [ "W", 46 ], [ "W", 46 ] ]
    } ]
  },
  "ProductController.delete" : {
    "t" : [ {
      "id" : 0,
      "a" : [ [ "R", 61 ], [ "W", 61 ], [ "W", 61 ] ]
    } ]
  },
  "CompanyApiController.eventDetail" : {
    "t" : [ {
      "id" : 0,
      "a" : [ [ "R", 20 ], [ "R", 20 ], [ "R", 22 ], [ "R", 22 ], [ "R", 22 ], [ "W", 20 ], [ "W", 22 ], [ "R", 20 ], [ "R", 21 ], [ "R", 21 ], [ "W", 20 ], [ "R", 20 ], [ "R", 21 ], [ "R", 21 ], [ "W", 20 ] ]
    } ]
  },
  "CardRegisterController.showTenancyUserByCardNumber" : {
    "t" : [ {
      "id" : 0,
      "a" : [ [ "R", 16 ], [ "R", 16 ], [ "R", 16 ], [ "R", 16 ], [ "R", 76 ], [ "R", 76 ], [ "R", 76 ], [ "R", 76 ] ]
    } ]
  },
  "SupplyDemandController.deleteProduct" : {
    "t" : [ {
      "id" : 0,
      "a" : [ [ "R", 37 ] ]
    } ]
  },
  "McardController.list" : {
    "t" : [ {
      "id" : 0,
      "a" : [ [ "R", 11 ], [ "R", 46 ], [ "R", 46 ], [ "R", 46 ] ]
    } ]
  },
  "ErnieApiController.getMyPrize" : {
    "t" : [ {
      "id" : 0,
      "a" : [ [ "R", 29 ], [ "R", 29 ], [ "R", 29 ], [ "R", 29 ], [ "R", 29 ], [ "R", 76 ], [ "R", 76 ], [ "W", 29 ], [ "W", 29 ], [ "R", 29 ], [ "R", 28 ], [ "R", 28 ], [ "W", 29 ], [ "R", 28 ], [ "W", 29 ], [ "W", 29 ] ]
    } ]
  },
  "WeixinAdminController.addKeyword" : {
    "t" : [ {
      "id" : 0,
      "a" : [ [ "R", 12 ], [ "R", 12 ], [ "W", 82 ], [ "W", 82 ], [ "W", 82 ], [ "W", 82 ], [ "W", 82 ], [ "W", 82 ], [ "W", 82 ], [ "W", 82 ], [ "W", 82 ], [ "W", 82 ], [ "W", 82 ], [ "W", 82 ], [ "W", 82 ], [ "W", 82 ], [ "W", 82 ], [ "W", 82 ], [ "W", 82 ], [ "W", 82 ], [ "W", 82 ], [ "W", 82 ], [ "W", 82 ], [ "W", 82 ], [ "W", 82 ] ]
    } ]
  },
  "AddressListController.changeName" : {
    "t" : [ {
      "id" : 0,
      "a" : [ [ "R", 5 ], [ "W", 5 ], [ "W", 5 ], [ "W", 5 ] ]
    } ]
  },
  "CompanyController.list" : {
    "t" : [ {
      "id" : 0,
      "a" : [ [ "R", 11 ], [ "R", 77 ], [ "R", 77 ], [ "R", 77 ], [ "R", 77 ], [ "R", 20 ], [ "R", 20 ], [ "R", 20 ], [ "R", 21 ], [ "R", 21 ], [ "W", 20 ], [ "R", 77 ], [ "R", 77 ], [ "R", 77 ], [ "R", 21 ], [ "R", 21 ], [ "R", 21 ], [ "R", 77 ], [ "R", 21 ], [ "R", 21 ], [ "R", 21 ], [ "R", 21 ], [ "R", 77 ], [ "R", 77 ], [ "R", 77 ], [ "R", 20 ] ]
    } ]
  },
  "InvitationReplyController.updateForm" : {
    "t" : [ {
      "id" : 0,
      "a" : [ [ "R", 40 ], [ "R", 40 ], [ "R", 38 ], [ "R", 40 ], [ "R", 38 ] ]
    } ]
  },
  "CustomerController.save" : {
    "t" : [ {
      "id" : 0,
      "a" : [ [ "W", 72 ], [ "R", 73 ], [ "R", 37 ], [ "R", 72 ], [ "R", 37 ], [ "W", 72 ], [ "W", 37 ], [ "W", 72 ], [ "W", 72 ], [ "R", 72 ], [ "W", 72 ], [ "W", 72 ], [ "W", 73 ], [ "W", 72 ] ]
    } ]
  },
  "ErnieLogAdminController.update" : {
    "t" : [ {
      "id" : 0,
      "a" : [ [ "R", 29 ], [ "R", 29 ], [ "W", 29 ], [ "R", 29 ], [ "W", 29 ], [ "W", 29 ] ]
    } ]
  },
  "ErnieItemsAdminController.update" : {
    "t" : [ {
      "id" : 0,
      "a" : [ [ "R", 28 ], [ "R", 28 ], [ "R", 27 ], [ "R", 28 ], [ "R", 28 ], [ "R", 28 ], [ "R", 27 ], [ "R", 28 ], [ "R", 28 ], [ "R", 28 ], [ "R", 28 ], [ "R", 28 ], [ "R", 27 ], [ "R", 27 ] ]
    } ]
  },
  "TenancyUserController.savePwd" : {
    "t" : [ {
      "id" : 0,
      "a" : [ [ "W", 76 ], [ "R", 76 ], [ "R", 76 ], [ "W", 76 ], [ "W", 76 ] ]
    } ]
  },
  "CompanyController.info" : {
    "t" : [ {
      "id" : 0,
      "a" : [ [ "R", 20 ], [ "R", 20 ], [ "R", 77 ], [ "R", 77 ], [ "R", 77 ], [ "R", 21 ], [ "R", 21 ], [ "R", 21 ], [ "R", 77 ], [ "R", 21 ], [ "R", 21 ], [ "R", 21 ], [ "R", 21 ], [ "R", 21 ], [ "R", 73 ], [ "R", 73 ], [ "W", 20 ], [ "W", 20 ], [ "R", 20 ], [ "R", 20 ], [ "R", 22 ], [ "R", 22 ], [ "R", 22 ], [ "R", 54 ], [ "R", 20 ] ]
    } ]
  },
  "ErnieMobileController.doErnie" : {
    "t" : [ {
      "id" : 0,
      "a" : [ [ "R", 76 ], [ "R", 76 ], [ "R", 76 ], [ "R", 76 ], [ "R", 27 ], [ "R", 27 ], [ "R", 27 ], [ "R", 27 ], [ "R", 27 ], [ "R", 27 ], [ "R", 27 ], [ "R", 28 ], [ "R", 28 ], [ "R", 28 ], [ "R", 28 ], [ "R", 28 ], [ "R", 28 ], [ "R", 28 ], [ "R", 28 ], [ "R", 28 ], [ "R", 28 ], [ "R", 28 ], [ "R", 28 ], [ "R", 28 ], [ "R", 27 ], [ "R", 28 ], [ "R", 28 ], [ "R", 28 ], [ "R", 28 ], [ "R", 28 ], [ "R", 28 ], [ "W", 29 ], [ "W", 29 ], [ "W", 29 ], [ "W", 29 ], [ "W", 29 ], [ "W", 29 ], [ "W", 29 ], [ "R", 28 ], [ "W", 28 ], [ "W", 28 ], [ "R", 27 ], [ "R", 27 ], [ "R", 28 ], [ "R", 28 ], [ "R", 28 ], [ "R", 27 ], [ "R", 28 ], [ "R", 28 ], [ "R", 28 ], [ "R", 28 ], [ "R", 28 ], [ "R", 28 ], [ "R", 28 ], [ "W", 28 ], [ "R", 76 ], [ "R", 76 ], [ "W", 29 ], [ "W", 29 ], [ "W", 29 ], [ "W", 29 ], [ "W", 29 ], [ "W", 29 ], [ "W", 29 ] ]
    } ]
  },
  "TenancyController.delUser" : {
    "t" : [ {
      "id" : 0,
      "a" : [ [ "R", 77 ], [ "R", 77 ], [ "W", 77 ], [ "W", 77 ] ]
    } ]
  },
  "InvitationApiController.uploadImage" : {
    "t" : [ {
      "id" : 0,
      "a" : [ [ "R", 73 ] ]
    } ]
  },
  "FeedbackController.delete" : {
    "t" : [ {
      "id" : 0,
      "a" : [ [ "R", 33 ], [ "R", 11 ], [ "W", 33 ], [ "R", 33 ], [ "R", 33 ], [ "W", 33 ], [ "W", 33 ] ]
    } ]
  },
  "NewsCategoryController.deleteNewsCategory" : {
    "t" : [ {
      "id" : 0,
      "a" : [ [ "R", 52 ], [ "W", 52 ], [ "W", 52 ] ]
    } ]
  },
  "MobileCustomerController.listCoc" : {
    "t" : [ {
      "id" : 0,
      "a" : [ [ "R", 72 ], [ "R", 72 ] ]
    } ]
  },
  "FeedbackController.index" : {
    "t" : [ {
      "id" : 0,
      "a" : [ [ "R", 11 ], [ "R", 33 ], [ "R", 33 ], [ "R", 33 ] ]
    } ]
  },
  "AddressApiController.getAddress" : {
    "t" : [ {
      "id" : 0,
      "a" : [ [ "R", 3 ], [ "R", 3 ] ]
    } ]
  },
  "InvitationController.updateProduct" : {
    "t" : [ {
      "id" : 0,
      "a" : [ [ "R", 38 ], [ "W", 42 ], [ "W", 42 ], [ "W", 42 ], [ "W", 42 ], [ "R", 38 ], [ "R", 38 ], [ "W", 38 ], [ "R", 38 ], [ "W", 38 ], [ "R", 38 ], [ "W", 38 ], [ "R", 38 ], [ "W", 38 ], [ "R", 38 ], [ "W", 38 ], [ "R", 38 ], [ "W", 38 ], [ "W", 38 ] ]
    } ]
  },
  "ErnieMobileController.show" : {
    "t" : [ {
      "id" : 0,
      "a" : [ [ "R", 27 ], [ "R", 28 ], [ "R", 28 ], [ "R", 28 ], [ "R", 28 ], [ "R", 27 ], [ "R", 28 ], [ "R", 29 ], [ "R", 29 ], [ "R", 29 ], [ "R", 29 ] ]
    } ]
  },
  "ErnieAdminController.bobingUpdate" : {
    "t" : [ {
      "id" : 0,
      "a" : [ [ "W", 27 ], [ "R", 27 ], [ "W", 27 ], [ "R", 27 ], [ "W", 27 ], [ "R", 27 ], [ "W", 27 ], [ "R", 27 ], [ "W", 27 ], [ "R", 27 ], [ "W", 27 ], [ "R", 27 ], [ "W", 27 ], [ "R", 27 ], [ "W", 27 ], [ "R", 27 ], [ "W", 27 ], [ "R", 27 ], [ "W", 27 ], [ "R", 27 ], [ "W", 27 ], [ "R", 27 ], [ "W", 27 ], [ "W", 27 ] ]
    } ]
  },
  "TenancyController.editOperator" : {
    "t" : [ {
      "id" : 0,
      "a" : [ [ "R", 77 ], [ "R", 77 ], [ "R", 77 ], [ "R", 77 ], [ "R", 77 ], [ "R", 73 ], [ "R", 73 ], [ "R", 73 ] ]
    } ]
  },
  "CompanyController.createForm" : {
    "t" : [ {
      "id" : 0,
      "a" : [ [ "R", 77 ], [ "R", 77 ], [ "R", 77 ], [ "R", 21 ], [ "R", 21 ], [ "R", 21 ], [ "R", 77 ], [ "R", 21 ], [ "R", 21 ], [ "R", 21 ], [ "R", 21 ], [ "R", 20 ], [ "R", 21 ] ]
    } ]
  },
  "AppVersionController.updateAppVersion" : {
    "t" : [ {
      "id" : 0,
      "a" : [ [ "R", 6 ], [ "R", 6 ], [ "W", 6 ], [ "R", 6 ], [ "W", 6 ], [ "R", 6 ], [ "W", 6 ], [ "R", 6 ], [ "W", 6 ], [ "R", 6 ], [ "W", 6 ], [ "R", 6 ], [ "W", 6 ], [ "R", 6 ], [ "W", 6 ], [ "R", 6 ], [ "W", 6 ], [ "W", 6 ] ]
    } ]
  },
  "CompanyController.detial" : {
    "t" : [ {
      "id" : 0,
      "a" : [ [ "R", 20 ], [ "R", 20 ], [ "R", 20 ], [ "R", 20 ], [ "R", 21 ], [ "R", 20 ], [ "R", 20 ], [ "R", 73 ], [ "R", 22 ], [ "R", 22 ], [ "R", 22 ], [ "R", 20 ], [ "R", 20 ], [ "R", 54 ], [ "R", 73 ], [ "R", 21 ] ]
    } ]
  },
  "TenancyController.edit" : {
    "t" : [ {
      "id" : 0,
      "a" : [ [ "R", 73 ] ]
    } ]
  },
  "ErnieAdminController.bobingEdit" : {
    "t" : [ {
      "id" : 0,
      "a" : [ [ "R", 27 ] ]
    } ]
  },
  "InvitationController.changeName" : {
    "t" : [ {
      "id" : 0,
      "a" : [ [ "R", 38 ], [ "W", 38 ], [ "W", 38 ], [ "W", 38 ] ]
    } ]
  },
  "TenancyController.unlockOperator" : {
    "t" : [ {
      "id" : 0,
      "a" : [ [ "R", 77 ], [ "R", 77 ], [ "W", 77 ], [ "W", 77 ] ]
    } ]
  },
  "InvitationReplyController.updateProduct" : {
    "t" : [ {
      "id" : 0,
      "a" : [ [ "R", 40 ], [ "R", 40 ], [ "R", 40 ], [ "W", 40 ], [ "R", 40 ], [ "W", 40 ], [ "W", 40 ], [ "R", 40 ] ]
    } ]
  },
  "OrderApiController.addOrder" : {
    "t" : [ {
      "id" : 0,
      "a" : [ [ "W", 55 ], [ "R", 55 ], [ "R", 58 ], [ "R", 61 ], [ "R", 61 ], [ "R", 58 ], [ "R", 61 ], [ "R", 61 ], [ "R", 61 ], [ "W", 55 ], [ "R", 55 ], [ "W", 55 ], [ "W", 55 ], [ "W", 55 ], [ "R", 55 ], [ "W", 55 ], [ "W", 55 ], [ "R", 58 ], [ "R", 61 ], [ "R", 55 ], [ "W", 58 ], [ "R", 61 ], [ "W", 58 ], [ "R", 61 ], [ "W", 58 ], [ "R", 61 ], [ "W", 58 ], [ "W", 58 ], [ "W", 58 ], [ "R", 61 ], [ "R", 58 ], [ "W", 61 ], [ "R", 61 ], [ "R", 58 ], [ "W", 61 ], [ "W", 61 ], [ "W", 61 ], [ "W", 61 ], [ "R", 58 ], [ "R", 58 ], [ "R", 58 ], [ "R", 58 ], [ "W", 56 ], [ "W", 56 ], [ "R", 76 ], [ "R", 76 ] ]
    } ]
  },
  "RegisterController.register" : {
    "t" : [ {
      "id" : 0,
      "a" : [ [ "W", 77 ], [ "R", 77 ], [ "W", 77 ], [ "W", 77 ], [ "W", 77 ], [ "R", 77 ] ]
    } ]
  },
  "ErnieMobileController.list" : {
    "t" : [ {
      "id" : 0,
      "a" : [ [ "R", 27 ], [ "R", 27 ] ]
    } ]
  },
  "WeixinAdminController.modifySave" : {
    "t" : [ {
      "id" : 0,
      "a" : [ [ "R", 12 ], [ "R", 12 ], [ "R", 82 ], [ "W", 82 ], [ "W", 82 ], [ "W", 82 ], [ "W", 82 ], [ "W", 82 ], [ "W", 82 ], [ "W", 82 ], [ "W", 82 ], [ "W", 82 ], [ "W", 82 ], [ "R", 82 ], [ "W", 82 ], [ "W", 82 ], [ "W", 82 ], [ "W", 82 ], [ "W", 82 ], [ "W", 82 ], [ "W", 82 ], [ "W", 82 ], [ "W", 82 ], [ "W", 82 ], [ "W", 82 ], [ "W", 82 ], [ "R", 82 ], [ "W", 82 ], [ "W", 82 ], [ "W", 82 ], [ "W", 82 ], [ "W", 82 ], [ "W", 82 ], [ "W", 82 ], [ "W", 82 ], [ "W", 82 ], [ "W", 82 ] ]
    } ]
  },
  "NewsApiController.getBannerNews" : {
    "t" : [ {
      "id" : 0,
      "a" : [ [ "R", 50 ], [ "R", 50 ], [ "R", 50 ], [ "R", 50 ], [ "R", 50 ], [ "R", 50 ], [ "R", 50 ], [ "R", 50 ], [ "R", 50 ], [ "R", 53 ], [ "R", 53 ], [ "R", 53 ], [ "W", 50 ], [ "W", 53 ] ]
    } ]
  },
  "OrderApiController.addOrderList" : {
    "t" : [ {
      "id" : 0,
      "a" : [ [ "R", 55 ], [ "R", 58 ], [ "R", 61 ], [ "R", 61 ], [ "R", 58 ], [ "R", 61 ], [ "R", 61 ], [ "R", 61 ], [ "W", 55 ], [ "W", 55 ], [ "R", 55 ], [ "W", 55 ], [ "W", 55 ], [ "W", 55 ], [ "R", 55 ], [ "W", 55 ], [ "W", 55 ], [ "R", 55 ], [ "R", 58 ], [ "R", 61 ], [ "R", 55 ], [ "W", 58 ], [ "R", 61 ], [ "W", 58 ], [ "R", 61 ], [ "W", 58 ], [ "R", 61 ], [ "W", 58 ], [ "W", 58 ], [ "W", 58 ], [ "R", 61 ], [ "R", 58 ], [ "W", 61 ], [ "R", 61 ], [ "R", 58 ], [ "W", 61 ], [ "W", 61 ], [ "W", 61 ], [ "W", 61 ], [ "R", 58 ], [ "R", 58 ], [ "R", 58 ], [ "R", 58 ], [ "W", 56 ], [ "W", 56 ], [ "R", 76 ], [ "R", 76 ] ]
    } ]
  },
  "MobileActivityController.cancel" : {
    "t" : [ {
      "id" : 0,
      "a" : [ [ "R", 31 ], [ "R", 31 ], [ "R", 30 ], [ "R", 30 ], [ "W", 30 ], [ "W", 30 ], [ "W", 31 ] ]
    } ]
  },
  "SupplyDemandController.list" : {
    "t" : [ {
      "id" : 0,
      "a" : [ [ "R", 11 ], [ "R", 67 ], [ "R", 67 ], [ "R", 37 ], [ "R", 69 ], [ "R", 67 ] ]
    } ]
  },
  "TenancyController.resetPwd" : {
    "t" : [ {
      "id" : 0,
      "a" : [ [ "R", 77 ], [ "R", 77 ] ]
    } ]
  },
  "CustomerApiController.detail" : {
    "t" : [ {
      "id" : 0,
      "a" : [ [ "R", 72 ], [ "W", 72 ], [ "W", 73 ], [ "W", 72 ], [ "W", 37 ] ]
    } ]
  },
  "McardController.cardAdd" : {
    "t" : [ {
      "id" : 0,
      "a" : [ [ "R", 73 ] ]
    } ]
  },
  "ErnieApiController.getInfo" : {
    "t" : [ {
      "id" : 0,
      "a" : [ [ "R", 27 ] ]
    } ]
  },
  "MobileCustomerController.show" : {
    "t" : [ {
      "id" : 0,
      "a" : [ [ "R", 72 ] ]
    } ]
  },
  "ProductController.deleteProduct" : {
    "t" : [ {
      "id" : 0,
      "a" : [ [ "R", 61 ], [ "W", 61 ], [ "W", 61 ] ]
    } ]
  },
  "ErnieItemsAdminController.bobingNew" : {
    "t" : [ {
      "id" : 0,
      "a" : [ [ "R", 27 ], [ "R", 27 ] ]
    } ]
  },
  "CompanyCategoryController.list" : {
    "t" : [ {
      "id" : 0,
      "a" : [ [ "R", 11 ], [ "R", 77 ], [ "R", 77 ], [ "R", 77 ], [ "R", 77 ], [ "R", 21 ], [ "R", 21 ], [ "R", 21 ] ]
    } ]
  },
  "TenancyUserController.edit" : {
    "t" : [ {
      "id" : 0,
      "a" : [ [ "R", 76 ] ]
    } ]
  },
  "AddressListController.add" : {
    "t" : [ {
      "id" : 0,
      "a" : [ [ "R", 11 ], [ "R", 5 ], [ "R", 5 ], [ "R", 5 ], [ "R", 76 ], [ "R", 76 ], [ "R", 76 ], [ "R", 76 ], [ "R", 5 ], [ "R", 60 ], [ "R", 60 ], [ "R", 72 ], [ "R", 72 ], [ "R", 72 ], [ "R", 72 ], [ "R", 72 ], [ "R", 73 ] ]
    } ]
  },
  "TenancyController.updateUser" : {
    "t" : [ {
      "id" : 0,
      "a" : [ [ "R", 77 ], [ "R", 77 ], [ "R", 77 ], [ "R", 77 ], [ "R", 77 ], [ "R", 77 ], [ "R", 77 ], [ "R", 77 ], [ "W", 77 ], [ "R", 77 ], [ "W", 77 ], [ "R", 77 ], [ "W", 77 ], [ "R", 77 ], [ "W", 77 ], [ "W", 77 ], [ "R", 77 ] ]
    } ]
  },
  "CompanyController.deletePic" : {
    "t" : [ {
      "id" : 0,
      "a" : [ [ "W", 22 ] ]
    } ]
  },
  "EventController.partake" : {
    "t" : [ {
      "id" : 0,
      "a" : [ [ "R", 31 ], [ "R", 31 ], [ "R", 31 ], [ "W", 31 ], [ "R", 31 ], [ "R", 30 ], [ "R", 31 ], [ "R", 31 ], [ "R", 30 ], [ "W", 30 ], [ "R", 30 ], [ "W", 30 ], [ "W", 30 ] ]
    } ]
  },
  "GroupOnMobileController.list" : {
    "t" : [ {
      "id" : 0,
      "a" : [ [ "R", 11 ], [ "R", 35 ], [ "R", 35 ] ]
    } ]
  },
  "McardController.addForm" : {
    "t" : [ {
      "id" : 0,
      "a" : [ [ "R", 77 ], [ "R", 77 ], [ "R", 77 ], [ "R", 77 ], [ "R", 46 ] ]
    } ]
  },
  "GroupOnController.toProductMgr" : {
    "t" : [ {
      "id" : 0,
      "a" : [ [ "R", 11 ], [ "R", 35 ], [ "R", 35 ] ]
    } ]
  },
  "ProductController.deleteField" : {
    "t" : [ {
      "id" : 0,
      "a" : [ [ "W", 63 ] ]
    } ]
  },
  "ErnieApiController.getErnie" : {
    "t" : [ {
      "id" : 0,
      "a" : [ [ "R", 27 ], [ "R", 27 ] ]
    } ]
  },
  "AddressListController.edit" : {
    "t" : [ {
      "id" : 0,
      "a" : [ [ "R", 11 ], [ "R", 5 ], [ "R", 5 ], [ "R", 5 ], [ "R", 76 ], [ "R", 76 ], [ "R", 76 ], [ "R", 76 ], [ "R", 5 ], [ "R", 4 ], [ "R", 60 ], [ "R", 60 ], [ "R", 72 ], [ "R", 72 ], [ "R", 72 ], [ "R", 72 ], [ "R", 72 ], [ "R", 73 ] ]
    } ]
  },
  "InvitationController.deleteInvitation" : {
    "t" : [ {
      "id" : 0,
      "a" : [ [ "R", 38 ], [ "W", 38 ], [ "W", 38 ] ]
    } ]
  },
  "ProductController.createForm" : {
    "t" : [ {
      "id" : 0,
      "a" : [ [ "R", 11 ], [ "R", 18 ], [ "R", 18 ], [ "R", 18 ], [ "R", 61 ], [ "R", 18 ] ]
    } ]
  },
  "AppVersionController.addAppVersion" : {
    "t" : [ {
      "id" : 0,
      "a" : [ [ "R", 73 ], [ "R", 73 ], [ "R", 77 ], [ "R", 77 ], [ "R", 77 ], [ "R", 77 ], [ "R", 73 ], [ "R", 73 ] ]
    } ]
  },
  "UserAdminController.updateForm" : {
    "t" : [ {
      "id" : 0,
      "a" : [ [ "R", 77 ] ]
    } ]
  },
  "TenancyUserApiController.pwd" : {
    "t" : [ {
      "id" : 0,
      "a" : [ [ "R", 76 ], [ "R", 76 ], [ "R", 76 ], [ "R", 76 ], [ "R", 76 ], [ "R", 76 ], [ "R", 76 ], [ "W", 76 ], [ "R", 76 ], [ "R", 76 ], [ "W", 76 ], [ "W", 76 ] ]
    } ]
  },
  "ErnieAdminController.update" : {
    "t" : [ {
      "id" : 0,
      "a" : [ [ "W", 27 ], [ "R", 27 ], [ "W", 27 ], [ "R", 27 ], [ "W", 27 ], [ "R", 27 ], [ "W", 27 ], [ "R", 27 ], [ "W", 27 ], [ "R", 27 ], [ "W", 27 ], [ "R", 27 ], [ "W", 27 ], [ "R", 27 ], [ "W", 27 ], [ "R", 27 ], [ "W", 27 ], [ "R", 27 ], [ "W", 27 ], [ "R", 27 ], [ "W", 27 ], [ "W", 27 ] ]
    } ]
  },
  "CustomerApiController.getTcustomers" : {
    "t" : [ {
      "id" : 0,
      "a" : [ [ "R", 72 ], [ "R", 72 ], [ "R", 72 ], [ "R", 72 ], [ "R", 72 ], [ "R", 73 ], [ "R", 72 ], [ "R", 72 ], [ "R", 72 ], [ "R", 37 ], [ "R", 72 ], [ "R", 72 ], [ "R", 37 ], [ "R", 72 ], [ "R", 72 ], [ "R", 73 ] ]
    } ]
  },
  "ErnieLogAdminController.edit" : {
    "t" : [ {
      "id" : 0,
      "a" : [ [ "R", 29 ], [ "R", 76 ], [ "R", 76 ], [ "R", 76 ], [ "R", 76 ], [ "R", 11 ], [ "R", 27 ], [ "R", 28 ], [ "R", 28 ], [ "R", 28 ], [ "R", 27 ], [ "R", 28 ], [ "R", 28 ] ]
    } ]
  },
  "MobileActivityController.show" : {
    "t" : [ {
      "id" : 0,
      "a" : [ [ "R", 30 ] ]
    } ]
  },
  "WeixinAdminController.getAllParas" : {
    "t" : [ {
      "id" : 0,
      "a" : [ [ "R", 12 ], [ "R", 12 ] ]
    } ]
  },
  "ProductController.updateForm" : {
    "t" : [ {
      "id" : 0,
      "a" : [ [ "R", 61 ], [ "R", 61 ], [ "R", 11 ], [ "R", 18 ], [ "R", 18 ], [ "R", 18 ], [ "R", 61 ], [ "R", 64 ], [ "R", 64 ], [ "R", 54 ], [ "R", 18 ] ]
    } ]
  },
  "InvitationController.updateForm" : {
    "t" : [ {
      "id" : 0,
      "a" : [ [ "R", 38 ], [ "R", 38 ], [ "R", 38 ], [ "R", 42 ], [ "R", 42 ], [ "R", 54 ] ]
    } ]
  },
  "BaiduPushController.push" : {
    "t" : [ {
      "id" : 0,
      "a" : [ [ "R", 76 ], [ "R", 76 ], [ "R", 10 ], [ "R", 10 ], [ "R", 10 ] ]
    } ]
  },
  "ProductMobileController.show" : {
    "t" : [ {
      "id" : 0,
      "a" : [ [ "R", 61 ], [ "R", 61 ], [ "R", 18 ], [ "R", 61 ], [ "R", 64 ], [ "R", 64 ] ]
    } ]
  }
}