{
  "AccessLog" : 1,
  "ActivityAuthCfg" : 2,
  "Address" : 3,
  "AddressList" : 4,
  "AddressListType" : 5,
  "AppVersionInfo" : 6,
  "Auth" : 7,
  "AuthCfg" : 8,
  "BaiduCategory" : 9,
  "BaiduDevice" : 10,
  "BaseEntity" : 11,
  "BizMappingCfg" : 12,
  "BookAuthCfg" : 13,
  "CardPictures" : 14,
  "CardRecord" : 15,
  "CardRegister" : 16,
  "CashCoupon" : 17,
  "Category" : 18,
  "ClickMenu" : 19,
  "Company" : 20,
  "CompanyCategory" : 21,
  "CompanyPictures" : 22,
  "Coupon" : 23,
  "CouponAuthCfg" : 24,
  "CustomerType" : 25,
  "DiscountCoupon" : 26,
  "Ernie" : 27,
  "ErnieItem" : 28,
  "ErnieLog" : 29,
  "Event" : 30,
  "EventJoin" : 31,
  "EventPhoto" : 32,
  "Feedback" : 33,
  "FreeCoupon" : 34,
  "GroupOn" : 35,
  "GroupOnFields" : 36,
  "IndustryCategory" : 37,
  "Invitation" : 38,
  "InvitationAuthCfg" : 39,
  "InvitationReply" : 40,
  "InvitationReplyResources" : 41,
  "InvitationResources" : 42,
  "LocationRule" : 43,
  "LogisticInfo" : 44,
  "MCardRule" : 45,
  "Mcard" : 46,
  "MenuTime" : 47,
  "MobileMenu" : 48,
  "MobileResource" : 49,
  "News" : 50,
  "NewsAuthCfg" : 51,
  "NewsCategory" : 52,
  "NewsContent" : 53,
  "NewsPictures" : 54,
  "Order" : 55,
  "OrderField" : 56,
  "OrderPayWay" : 57,
  "OrderProduct" : 58,
  "PaymentAuthCfg" : 59,
  "PlaceRelation" : 60,
  "Product" : 61,
  "ProductAuthCfg" : 62,
  "ProductFields" : 63,
  "ProductPictures" : 64,
  "SubMenu" : 65,
  "SupplyAuthCfg" : 66,
  "SupplyDemand" : 67,
  "SupplyDemandPhoto" : 68,
  "SupplyDemandType" : 69,
  "Tag" : 70,
  "TakePrize" : 71,
  "Tcustomer" : 72,
  "Tenancy" : 73,
  "TenancyIntro" : 74,
  "TenancySetting" : 75,
  "TenancyUser" : 76,
  "User" : 77,
  "ViewMenu" : 78,
  "VipAuthCfg" : 79,
  "WeixinCfg" : 80,
  "WeixinKeyword" : 81,
  "WeixinKeywordRule" : 82,
  "WeixinMenuword" : 83,
  "WeixinTreeNode" : 84,
  "WeixinUser" : 85
}