{
  "CompanyController.sell" : {
    "t" : [ {
      "id" : 0,
      "a" : [ [ "R", 3 ], [ "R", 8 ], [ "R", 8 ], [ "R", 8 ], [ "R", 5 ], [ "R", 3 ], [ "R", 5 ], [ "R", 2 ], [ "R", 2 ], [ "R", 5 ], [ "R", 2 ], [ "R", 2 ], [ "R", 8 ], [ "R", 8 ], [ "R", 8 ], [ "R", 5 ], [ "R", 3 ], [ "R", 3 ], [ "R", 5 ], [ "R", 2 ], [ "R", 2 ], [ "R", 5 ], [ "R", 2 ], [ "R", 2 ], [ "R", 3 ], [ "R", 5 ], [ "R", 8 ], [ "R", 8 ], [ "R", 8 ], [ "R", 5 ], [ "R", 3 ], [ "R", 3 ], [ "R", 5 ], [ "R", 2 ], [ "R", 2 ], [ "R", 5 ], [ "R", 2 ], [ "R", 2 ] ]
    } ]
  },
  "OrderBookController.getOrders" : {
    "t" : [ {
      "id" : 0,
      "a" : [ [ "R", 3 ] ]
    } ]
  },
  "CompanyController.sellForm" : {
    "t" : [ {
      "id" : 0,
      "a" : [ [ "R", 8 ], [ "R", 8 ], [ "R", 8 ], [ "R", 5 ], [ "R", 3 ], [ "R", 3 ], [ "R", 5 ], [ "R", 2 ], [ "R", 2 ], [ "R", 5 ], [ "R", 2 ], [ "R", 2 ], [ "R", 1 ], [ "R", 1 ] ]
    } ]
  },
  "RestController.obtainPortfolio" : {
    "t" : [ {
      "id" : 0,
      "a" : [ [ "R", 5 ] ]
    } ]
  },
  "AdminController.showPortfolio" : {
    "t" : [ {
      "id" : 0,
      "a" : [ [ "R", 5 ], [ "R", 3 ] ]
    } ]
  },
  "RestController.obtainOrderBooks" : {
    "t" : [ {
      "id" : 0,
      "a" : [ [ "R", 3 ] ]
    } ]
  },
  "CompanyController.details" : {
    "t" : [ {
      "id" : 0,
      "a" : [ [ "R", 1 ], [ "R", 1 ], [ "R", 3 ], [ "R", 1 ], [ "R", 3 ], [ "R", 6 ], [ "R", 3 ], [ "R", 4 ], [ "R", 3 ], [ "R", 4 ] ]
    } ]
  },
  "AdminController.show" : {
    "t" : [ {
      "id" : 0,
      "a" : [ [ "R", 5 ] ]
    } ]
  },
  "DashboardController.show" : {
    "t" : [ {
      "id" : 0,
      "a" : [ [ "R", 8 ], [ "R", 5 ], [ "R", 5 ], [ "R", 7 ] ]
    } ]
  },
  "CompanyController.buy" : {
    "t" : [ {
      "id" : 0,
      "a" : [ [ "R", 3 ], [ "R", 8 ], [ "R", 8 ], [ "R", 8 ], [ "R", 5 ], [ "R", 5 ], [ "R", 5 ], [ "R", 5 ], [ "R", 5 ], [ "R", 3 ], [ "R", 5 ], [ "R", 8 ], [ "R", 8 ], [ "R", 8 ], [ "R", 5 ], [ "R", 5 ], [ "R", 5 ] ]
    } ]
  },
  "RestController.obtainPortfolios" : {
    "t" : [ {
      "id" : 0,
      "a" : [ [ "R", 5 ] ]
    } ]
  },
  "OrderBookController.get" : {
    "t" : [ {
      "id" : 0,
      "a" : [ [ "R", 3 ] ]
    } ]
  },
  "CompanyController.buyForm" : {
    "t" : [ {
      "id" : 0,
      "a" : [ [ "R", 8 ], [ "R", 8 ], [ "R", 8 ], [ "R", 5 ], [ "R", 5 ], [ "R", 5 ], [ "R", 1 ], [ "R", 1 ] ]
    } ]
  },
  "UserController.detail" : {
    "t" : [ {
      "id" : 0,
      "a" : [ [ "R", 8 ] ]
    } ]
  },
  "UserController.showUsers" : {
    "t" : [ {
      "id" : 0,
      "a" : [ [ "R", 8 ] ]
    } ]
  },
  "CompanyController.get" : {
    "t" : [ {
      "id" : 0,
      "a" : [ [ "R", 1 ] ]
    } ]
  }
}