{
  "1" : "AcctPo",
  "2" : "ActionHistoryPo",
  "3" : "Agency",
  "4" : "AgencyApplication",
  "5" : "AgencyApplicationView",
  "6" : "AgencyFeeConstractPo",
  "7" : "AuthzdCtrAgencyFeeContractInfoView",
  "8" : "AuthzdCtrTransFee",
  "9" : "AutoSubscribeParam",
  "10" : "BankAcctPo",
  "11" : "BankTrxJnlPo",
  "12" : "BaseApplication",
  "13" : "BaseInfo",
  "14" : "BaseMaintainablePo",
  "15" : "BasePo",
  "16" : "BaseProduct",
  "17" : "BusinessSigninJournal",
  "18" : "BusinessSigninStatus",
  "19" : "CompanyPo",
  "20" : "ContractRate",
  "21" : "CreditorRightsTransfer",
  "22" : "CreditorTransferPackageRule",
  "23" : "CreditorTransferRule",
  "24" : "CreditorsRightTransferContract",
  "25" : "CurrentWorkDate",
  "26" : "DayOffPo",
  "27" : "DynamicOptionPo",
  "28" : "EswAcctPo",
  "29" : "EswBankCardAddOrderPo",
  "30" : "EswBankCardModOrderPo",
  "31" : "EswCashOrderPo",
  "32" : "EswRechargeOrderPo",
  "33" : "EswReconEbcPo",
  "34" : "EswTransferOrderPo",
  "35" : "Fee",
  "36" : "FeeConfig",
  "37" : "FeeGroup",
  "38" : "FeePayStatePo",
  "39" : "FinancierApplication",
  "40" : "FinancierInfo",
  "41" : "FinancingPackageView",
  "42" : "FreezeReserveDtlPo",
  "43" : "InvestAssetsEvalPo",
  "44" : "InvestCountEvalPo",
  "45" : "InvestQuestionEvalPo",
  "46" : "InvestorApplication",
  "47" : "InvestorInfo",
  "48" : "InvestorLevel",
  "49" : "InvestorUserInfo",
  "50" : "Invs2LoanCashDtlPo",
  "51" : "JobWork",
  "52" : "LoanContract",
  "53" : "Member",
  "54" : "MemberApplication",
  "55" : "MemberApplicationView",
  "56" : "MemberLessView",
  "57" : "Message",
  "58" : "MortgageResidential",
  "59" : "MyCreditorRightsView",
  "60" : "Notice",
  "61" : "PackageAIPGroup",
  "62" : "PackageContract",
  "63" : "PackagePaymentView",
  "64" : "PackageSubscribes",
  "65" : "PackageTradeDetailView",
  "66" : "PaymentSchedule",
  "67" : "PermissionPo",
  "68" : "PkgTradeJnlPo",
  "69" : "PositionLotPo",
  "70" : "PositionPo",
  "71" : "Product",
  "72" : "ProductAsset",
  "73" : "ProductAttachment",
  "74" : "ProductContractTemplate",
  "75" : "ProductDebt",
  "76" : "ProductFee",
  "77" : "ProductLib",
  "78" : "ProductMortgageVehicle",
  "79" : "ProductPackage",
  "80" : "ProductPledge",
  "81" : "ProductProviderApplication",
  "82" : "ProductProviderInfo",
  "83" : "ProductWarrantEnterprise",
  "84" : "ProductWarrantPerson",
  "85" : "RechargeApplPo",
  "86" : "ReconAcctStePo",
  "87" : "ReconAgrmntStePo",
  "88" : "ReconTrxDtlPo",
  "89" : "RecvPayOrderPo",
  "90" : "ReverseApplPo",
  "91" : "RolePo",
  "92" : "SMSAuthentic",
  "93" : "SMSMessage",
  "94" : "ServiceCenterApplication",
  "95" : "ServiceCenterApplicationView",
  "96" : "ServiceCenterInfo",
  "97" : "SimpleUserPo",
  "98" : "SubAcctPo",
  "99" : "SubAcctTrxJnlPo",
  "100" : "SubscribeGroup",
  "101" : "SubscribeGroupUser",
  "102" : "SysFilePo",
  "103" : "SystemParam",
  "104" : "TransactionJournalPo",
  "105" : "TransferApplPo",
  "106" : "TransferTrxDtlView",
  "107" : "UserAcctFreezeDtlView",
  "108" : "UserAcctInfoView",
  "109" : "UserCompanyView",
  "110" : "UserInvestRule",
  "111" : "UserPo",
  "112" : "UserRole",
  "113" : "WarrantApply",
  "114" : "WithdrawDepositApplPo"
}