{
  "AcctPo" : 1,
  "ActionHistoryPo" : 2,
  "Agency" : 3,
  "AgencyApplication" : 4,
  "AgencyApplicationView" : 5,
  "AgencyFeeConstractPo" : 6,
  "AuthzdCtrAgencyFeeContractInfoView" : 7,
  "AuthzdCtrTransFee" : 8,
  "AutoSubscribeParam" : 9,
  "BankAcctPo" : 10,
  "BankTrxJnlPo" : 11,
  "BaseApplication" : 12,
  "BaseInfo" : 13,
  "BaseMaintainablePo" : 14,
  "BasePo" : 15,
  "BaseProduct" : 16,
  "BusinessSigninJournal" : 17,
  "BusinessSigninStatus" : 18,
  "CompanyPo" : 19,
  "ContractRate" : 20,
  "CreditorRightsTransfer" : 21,
  "CreditorTransferPackageRule" : 22,
  "CreditorTransferRule" : 23,
  "CreditorsRightTransferContract" : 24,
  "CurrentWorkDate" : 25,
  "DayOffPo" : 26,
  "DynamicOptionPo" : 27,
  "EswAcctPo" : 28,
  "EswBankCardAddOrderPo" : 29,
  "EswBankCardModOrderPo" : 30,
  "EswCashOrderPo" : 31,
  "EswRechargeOrderPo" : 32,
  "EswReconEbcPo" : 33,
  "EswTransferOrderPo" : 34,
  "Fee" : 35,
  "FeeConfig" : 36,
  "FeeGroup" : 37,
  "FeePayStatePo" : 38,
  "FinancierApplication" : 39,
  "FinancierInfo" : 40,
  "FinancingPackageView" : 41,
  "FreezeReserveDtlPo" : 42,
  "InvestAssetsEvalPo" : 43,
  "InvestCountEvalPo" : 44,
  "InvestQuestionEvalPo" : 45,
  "InvestorApplication" : 46,
  "InvestorInfo" : 47,
  "InvestorLevel" : 48,
  "InvestorUserInfo" : 49,
  "Invs2LoanCashDtlPo" : 50,
  "JobWork" : 51,
  "LoanContract" : 52,
  "Member" : 53,
  "MemberApplication" : 54,
  "MemberApplicationView" : 55,
  "MemberLessView" : 56,
  "Message" : 57,
  "MortgageResidential" : 58,
  "MyCreditorRightsView" : 59,
  "Notice" : 60,
  "PackageAIPGroup" : 61,
  "PackageContract" : 62,
  "PackagePaymentView" : 63,
  "PackageSubscribes" : 64,
  "PackageTradeDetailView" : 65,
  "PaymentSchedule" : 66,
  "PermissionPo" : 67,
  "PkgTradeJnlPo" : 68,
  "PositionLotPo" : 69,
  "PositionPo" : 70,
  "Product" : 71,
  "ProductAsset" : 72,
  "ProductAttachment" : 73,
  "ProductContractTemplate" : 74,
  "ProductDebt" : 75,
  "ProductFee" : 76,
  "ProductLib" : 77,
  "ProductMortgageVehicle" : 78,
  "ProductPackage" : 79,
  "ProductPledge" : 80,
  "ProductProviderApplication" : 81,
  "ProductProviderInfo" : 82,
  "ProductWarrantEnterprise" : 83,
  "ProductWarrantPerson" : 84,
  "RechargeApplPo" : 85,
  "ReconAcctStePo" : 86,
  "ReconAgrmntStePo" : 87,
  "ReconTrxDtlPo" : 88,
  "RecvPayOrderPo" : 89,
  "ReverseApplPo" : 90,
  "RolePo" : 91,
  "SMSAuthentic" : 92,
  "SMSMessage" : 93,
  "ServiceCenterApplication" : 94,
  "ServiceCenterApplicationView" : 95,
  "ServiceCenterInfo" : 96,
  "SimpleUserPo" : 97,
  "SubAcctPo" : 98,
  "SubAcctTrxJnlPo" : 99,
  "SubscribeGroup" : 100,
  "SubscribeGroupUser" : 101,
  "SysFilePo" : 102,
  "SystemParam" : 103,
  "TransactionJournalPo" : 104,
  "TransferApplPo" : 105,
  "TransferTrxDtlView" : 106,
  "UserAcctFreezeDtlView" : 107,
  "UserAcctInfoView" : 108,
  "UserCompanyView" : 109,
  "UserInvestRule" : 110,
  "UserPo" : 111,
  "UserRole" : 112,
  "WarrantApply" : 113,
  "WithdrawDepositApplPo" : 114
}