{
  "BagController.getBag" : {
    "t" : [ {
      "id" : 0,
      "a" : [ [ "R", 2 ], [ "R", 2 ] ]
    } ]
  },
  "BagController.getTagsForBag" : {
    "t" : [ {
      "id" : 0,
      "a" : [ [ "R", 2 ], [ "R", 2 ], [ "R", 2 ], [ "R", 8 ] ]
    } ]
  },
  "BagController.setTagForBags" : {
    "t" : [ {
      "id" : 0,
      "a" : [ [ "R", 2 ], [ "R", 8 ], [ "W", 8 ], [ "W", 8 ], [ "W", 8 ], [ "R", 8 ], [ "W", 8 ] ]
    } ]
  },
  "AdminController.changePassword" : {
    "t" : [ {
      "id" : 0,
      "a" : [ [ "R", 1 ], [ "R", 1 ], [ "R", 1 ], [ "W", 1 ], [ "W", 1 ] ]
    } ]
  },
  "AccountController.accounts" : {
    "t" : [ {
      "id" : 0,
      "a" : [ [ "R", 1 ], [ "R", 1 ], [ "R", 1 ] ]
    } ]
  },
  "BagController.getTreeNode" : {
    "t" : [ {
      "id" : 0,
      "a" : [ [ "R", 2 ], [ "R", 2 ], [ "R", 2 ], [ "R", 2 ] ]
    } ]
  },
  "BagController.getGpsCoordsForBags" : {
    "t" : [ {
      "id" : 0,
      "a" : [ [ "R", 4 ], [ "R", 4 ], [ "R", 4 ], [ "R", 4 ], [ "R", 4 ] ]
    } ]
  },
  "BagController.getImage" : {
    "t" : [ {
      "id" : 0,
      "a" : [ [ "R", 2 ], [ "R", 2 ], [ "R", 2 ] ]
    } ]
  },
  "BagController.checkFilteredBagCounts" : {
    "t" : [ {
      "id" : 0,
      "a" : [ [ "R", 2 ] ]
    } ]
  },
  "BagController.downloadBag" : {
    "t" : [ {
      "id" : 0,
      "a" : [ [ "R", 2 ], [ "R", 2 ], [ "R", 2 ], [ "R", 2 ], [ "R", 2 ], [ "R", 2 ], [ "R", 2 ] ]
    } ]
  },
  "BagController.setTagForBag" : {
    "t" : [ {
      "id" : 0,
      "a" : [ [ "R", 2 ], [ "R", 8 ], [ "W", 8 ], [ "W", 8 ], [ "W", 8 ], [ "R", 8 ], [ "W", 8 ] ]
    } ]
  },
  "AdminController.removeDuplicates" : {
    "t" : [ {
      "id" : 0,
      "a" : [ [ "R", 2 ], [ "R", 2 ], [ "R", 2 ], [ "R", 2 ], [ "R", 2 ], [ "W", 2 ] ]
    } ]
  },
  "AdminController.removeMissingBags" : {
    "t" : [ {
      "id" : 0,
      "a" : [ [ "R", 2 ], [ "R", 2 ] ]
    } ]
  },
  "BagController.getBags" : {
    "t" : [ {
      "id" : 0,
      "a" : [ [ "R", 2 ], [ "R", 2 ], [ "R", 2 ], [ "R", 5 ], [ "W", 2 ], [ "W", 5 ], [ "R", 2 ], [ "R", 9 ], [ "W", 2 ], [ "W", 9 ] ]
    } ]
  },
  "BagController.getVideo" : {
    "t" : [ {
      "id" : 0,
      "a" : [ [ "R", 2 ], [ "R", 2 ], [ "R", 2 ] ]
    } ]
  },
  "BagController.removeTagsForBag" : {
    "t" : [ {
      "id" : 0,
      "a" : [ [ "R", 2 ], [ "W", 8 ] ]
    } ]
  },
  "BagController.updateBags" : {
    "t" : [ {
      "id" : 0,
      "a" : [ [ "R", 2 ], [ "R", 2 ], [ "R", 2 ], [ "W", 2 ], [ "R", 2 ], [ "R", 2 ], [ "R", 2 ], [ "R", 2 ], [ "W", 2 ], [ "W", 2 ], [ "R", 2 ], [ "W", 2 ], [ "R", 2 ], [ "W", 2 ], [ "R", 2 ], [ "R", 8 ], [ "R", 2 ], [ "R", 8 ], [ "W", 2 ], [ "W", 8 ], [ "W", 2 ], [ "W", 2 ] ]
    } ]
  }
}