{
  "ReviewRestController.delete" : {
    "t" : [ {
      "id" : 0,
      "a" : [ [ "W", 11 ] ]
    } ]
  },
  "EmployeeController.formForUpdate" : {
    "t" : [ {
      "id" : 0,
      "a" : [ [ "R", 8 ], [ "R", 8 ], [ "R", 12 ], [ "R", 8 ], [ "R", 12 ], [ "R", 12 ], [ "R", 8 ], [ "R", 2 ], [ "R", 8 ], [ "R", 2 ], [ "R", 2 ], [ "R", 12 ], [ "R", 12 ], [ "R", 8 ], [ "R", 12 ], [ "R", 8 ], [ "R", 8 ], [ "R", 12 ], [ "R", 6 ], [ "R", 12 ], [ "R", 6 ], [ "R", 6 ], [ "R", 14 ], [ "R", 2 ], [ "R", 12 ], [ "R", 12 ], [ "R", 8 ], [ "R", 12 ], [ "R", 8 ], [ "R", 8 ], [ "R", 12 ], [ "R", 6 ], [ "R", 12 ], [ "R", 6 ], [ "R", 6 ], [ "R", 2 ] ]
    } ]
  },
  "EmployeeGroupRestController.create" : {
    "t" : [ {
      "id" : 0,
      "a" : [ [ "R", 9 ], [ "W", 9 ], [ "W", 9 ] ]
    } ]
  },
  "CountryRestController.findAllAsListItems" : {
    "t" : [ {
      "id" : 0,
      "a" : [ [ "R", 6 ] ]
    } ]
  },
  "ShopRestController.findAll" : {
    "t" : [ {
      "id" : 0,
      "a" : [ [ "R", 12 ], [ "R", 12 ], [ "R", 8 ], [ "R", 12 ], [ "R", 8 ], [ "R", 8 ], [ "R", 12 ], [ "R", 6 ], [ "R", 12 ], [ "R", 6 ], [ "R", 6 ] ]
    } ]
  },
  "ReviewController.list" : {
    "t" : [ {
      "id" : 0,
      "a" : [ [ "R", 11 ] ]
    } ]
  },
  "CustomerRestController.update" : {
    "t" : [ {
      "id" : 0,
      "a" : [ [ "R", 7 ], [ "W", 6 ], [ "W", 7 ], [ "W", 6 ], [ "W", 7 ], [ "W", 6 ], [ "W", 7 ], [ "R", 7 ], [ "R", 6 ], [ "R", 7 ], [ "R", 6 ], [ "R", 6 ] ]
    } ]
  },
  "EmployeeGroupController.delete" : {
    "t" : [ {
      "id" : 0,
      "a" : [ [ "W", 9 ] ]
    } ]
  },
  "ReviewRestController.findAllAsListItems" : {
    "t" : [ {
      "id" : 0,
      "a" : [ [ "R", 11 ] ]
    } ]
  },
  "WorkgroupRestController.update" : {
    "t" : [ {
      "id" : 0,
      "a" : [ [ "R", 14 ], [ "W", 14 ] ]
    } ]
  },
  "EmployeeRestController.delete" : {
    "t" : [ {
      "id" : 0,
      "a" : [ [ "W", 8 ] ]
    } ]
  },
  "CustomerRestController.findAllAsListItems" : {
    "t" : [ {
      "id" : 0,
      "a" : [ [ "R", 7 ], [ "R", 7 ], [ "R", 6 ], [ "R", 7 ], [ "R", 6 ], [ "R", 6 ] ]
    } ]
  },
  "AuthorRestController.update" : {
    "t" : [ {
      "id" : 0,
      "a" : [ [ "R", 1 ], [ "W", 1 ] ]
    } ]
  },
  "EmployeeRestController.findAllAsListItems" : {
    "t" : [ {
      "id" : 0,
      "a" : [ [ "R", 8 ], [ "R", 8 ], [ "R", 12 ], [ "R", 8 ], [ "R", 12 ], [ "R", 12 ], [ "R", 8 ], [ "R", 2 ], [ "R", 8 ], [ "R", 2 ], [ "R", 2 ] ]
    } ]
  },
  "ReviewController.formForCreate" : {
    "t" : [ {
      "id" : 0,
      "a" : [ [ "R", 3 ], [ "R", 3 ], [ "R", 1 ], [ "R", 3 ], [ "R", 1 ], [ "R", 1 ], [ "R", 3 ], [ "R", 10 ], [ "R", 3 ], [ "R", 10 ], [ "R", 10 ], [ "R", 7 ], [ "R", 7 ], [ "R", 6 ], [ "R", 7 ], [ "R", 6 ], [ "R", 6 ] ]
    } ]
  },
  "AuthorRestController.findOne" : {
    "t" : [ {
      "id" : 0,
      "a" : [ [ "R", 1 ] ]
    } ]
  },
  "EmployeeGroupController.list" : {
    "t" : [ {
      "id" : 0,
      "a" : [ [ "R", 9 ] ]
    } ]
  },
  "ReviewController.create" : {
    "t" : [ {
      "id" : 0,
      "a" : [ [ "R", 11 ], [ "W", 11 ], [ "W", 11 ], [ "R", 3 ], [ "R", 3 ], [ "R", 1 ], [ "R", 3 ], [ "R", 1 ], [ "R", 1 ], [ "R", 3 ], [ "R", 10 ], [ "R", 3 ], [ "R", 10 ], [ "R", 10 ], [ "R", 7 ], [ "R", 7 ], [ "R", 6 ], [ "R", 7 ], [ "R", 6 ], [ "R", 6 ], [ "R", 3 ], [ "R", 3 ], [ "R", 1 ], [ "R", 3 ], [ "R", 1 ], [ "R", 1 ], [ "R", 3 ], [ "R", 10 ], [ "R", 3 ], [ "R", 10 ], [ "R", 10 ], [ "R", 7 ], [ "R", 7 ], [ "R", 6 ], [ "R", 7 ], [ "R", 6 ], [ "R", 6 ] ]
    } ]
  },
  "SynopsisRestController.create" : {
    "t" : [ {
      "id" : 0,
      "a" : [ [ "R", 13 ], [ "W", 13 ] ]
    } ]
  },
  "WorkgroupController.create" : {
    "t" : [ {
      "id" : 0,
      "a" : [ [ "R", 14 ], [ "W", 14 ] ]
    } ]
  },
  "SynopsisRestController.findOne" : {
    "t" : [ {
      "id" : 0,
      "a" : [ [ "R", 13 ] ]
    } ]
  },
  "BookRestController.delete" : {
    "t" : [ {
      "id" : 0,
      "a" : [ [ "W", 3 ] ]
    } ]
  },
  "CountryController.delete" : {
    "t" : [ {
      "id" : 0,
      "a" : [ [ "W", 6 ] ]
    } ]
  },
  "ShopController.formForCreate" : {
    "t" : [ {
      "id" : 0,
      "a" : [ [ "R", 8 ], [ "R", 8 ], [ "R", 12 ], [ "R", 8 ], [ "R", 12 ], [ "R", 12 ], [ "R", 8 ], [ "R", 2 ], [ "R", 8 ], [ "R", 2 ], [ "R", 2 ], [ "R", 6 ], [ "R", 6 ], [ "R", 8 ], [ "R", 8 ], [ "R", 12 ], [ "R", 8 ], [ "R", 12 ], [ "R", 12 ], [ "R", 8 ], [ "R", 2 ], [ "R", 8 ], [ "R", 2 ], [ "R", 2 ] ]
    } ]
  },
  "SynopsisController.list" : {
    "t" : [ {
      "id" : 0,
      "a" : [ [ "R", 13 ] ]
    } ]
  },
  "WorkgroupRestController.create" : {
    "t" : [ {
      "id" : 0,
      "a" : [ [ "R", 14 ], [ "W", 14 ] ]
    } ]
  },
  "BookRestController.findAllAsListItems" : {
    "t" : [ {
      "id" : 0,
      "a" : [ [ "R", 3 ], [ "R", 3 ], [ "R", 1 ], [ "R", 3 ], [ "R", 1 ], [ "R", 1 ], [ "R", 3 ], [ "R", 10 ], [ "R", 3 ], [ "R", 10 ], [ "R", 10 ] ]
    } ]
  },
  "PublisherController.list" : {
    "t" : [ {
      "id" : 0,
      "a" : [ [ "R", 10 ], [ "R", 10 ], [ "R", 6 ], [ "R", 10 ], [ "R", 6 ], [ "R", 6 ] ]
    } ]
  },
  "PublisherController.update" : {
    "t" : [ {
      "id" : 0,
      "a" : [ [ "R", 10 ], [ "W", 6 ], [ "W", 10 ], [ "W", 6 ], [ "W", 10 ], [ "W", 6 ], [ "W", 10 ], [ "R", 10 ], [ "R", 6 ], [ "R", 10 ], [ "R", 6 ], [ "R", 6 ], [ "R", 6 ], [ "R", 6 ], [ "R", 6 ], [ "R", 6 ] ]
    } ]
  },
  "AuthorController.delete" : {
    "t" : [ {
      "id" : 0,
      "a" : [ [ "W", 1 ] ]
    } ]
  },
  "SynopsisController.create" : {
    "t" : [ {
      "id" : 0,
      "a" : [ [ "R", 13 ], [ "W", 13 ], [ "R", 3 ], [ "R", 3 ], [ "R", 1 ], [ "R", 3 ], [ "R", 1 ], [ "R", 1 ], [ "R", 3 ], [ "R", 10 ], [ "R", 3 ], [ "R", 10 ], [ "R", 10 ], [ "R", 3 ], [ "R", 3 ], [ "R", 1 ], [ "R", 3 ], [ "R", 1 ], [ "R", 1 ], [ "R", 3 ], [ "R", 10 ], [ "R", 3 ], [ "R", 10 ], [ "R", 10 ] ]
    } ]
  },
  "CustomerController.formForCreate" : {
    "t" : [ {
      "id" : 0,
      "a" : [ [ "R", 6 ], [ "R", 6 ] ]
    } ]
  },
  "BookOrderItemRestController.findAllAsListItems" : {
    "t" : [ {
      "id" : 0,
      "a" : [ [ "R", 5 ] ]
    } ]
  },
  "CustomerController.create" : {
    "t" : [ {
      "id" : 0,
      "a" : [ [ "R", 7 ], [ "W", 6 ], [ "W", 7 ], [ "W", 6 ], [ "W", 7 ], [ "W", 6 ], [ "W", 7 ], [ "R", 7 ], [ "R", 6 ], [ "R", 7 ], [ "R", 6 ], [ "R", 6 ], [ "R", 6 ], [ "R", 6 ], [ "R", 6 ], [ "R", 6 ] ]
    } ]
  },
  "EmployeeGroupController.formForUpdate" : {
    "t" : [ {
      "id" : 0,
      "a" : [ [ "R", 9 ] ]
    } ]
  },
  "BookOrderController.update" : {
    "t" : [ {
      "id" : 0,
      "a" : [ [ "R", 4 ], [ "W", 12 ], [ "W", 4 ], [ "W", 12 ], [ "W", 4 ], [ "W", 12 ], [ "W", 8 ], [ "W", 4 ], [ "W", 8 ], [ "W", 4 ], [ "W", 8 ], [ "W", 7 ], [ "W", 4 ], [ "W", 7 ], [ "W", 4 ], [ "W", 7 ], [ "W", 4 ], [ "R", 4 ], [ "R", 12 ], [ "R", 4 ], [ "R", 12 ], [ "R", 12 ], [ "R", 4 ], [ "R", 8 ], [ "R", 4 ], [ "R", 8 ], [ "R", 8 ], [ "R", 4 ], [ "R", 7 ], [ "R", 4 ], [ "R", 7 ], [ "R", 7 ], [ "R", 12 ], [ "R", 12 ], [ "R", 8 ], [ "R", 12 ], [ "R", 8 ], [ "R", 8 ], [ "R", 12 ], [ "R", 6 ], [ "R", 12 ], [ "R", 6 ], [ "R", 6 ], [ "R", 8 ], [ "R", 8 ], [ "R", 12 ], [ "R", 8 ], [ "R", 12 ], [ "R", 12 ], [ "R", 8 ], [ "R", 2 ], [ "R", 8 ], [ "R", 2 ], [ "R", 2 ], [ "R", 7 ], [ "R", 7 ], [ "R", 6 ], [ "R", 7 ], [ "R", 6 ], [ "R", 6 ], [ "R", 12 ], [ "R", 12 ], [ "R", 8 ], [ "R", 12 ], [ "R", 8 ], [ "R", 8 ], [ "R", 12 ], [ "R", 6 ], [ "R", 12 ], [ "R", 6 ], [ "R", 6 ], [ "R", 7 ], [ "R", 7 ], [ "R", 6 ], [ "R", 7 ], [ "R", 6 ], [ "R", 6 ], [ "R", 8 ], [ "R", 8 ], [ "R", 12 ], [ "R", 8 ], [ "R", 12 ], [ "R", 12 ], [ "R", 8 ], [ "R", 2 ], [ "R", 8 ], [ "R", 2 ], [ "R", 2 ], [ "R", 12 ], [ "R", 12 ], [ "R", 8 ], [ "R", 12 ], [ "R", 8 ], [ "R", 8 ], [ "R", 12 ], [ "R", 6 ], [ "R", 12 ], [ "R", 6 ], [ "R", 6 ], [ "R", 8 ], [ "R", 8 ], [ "R", 12 ], [ "R", 8 ], [ "R", 12 ], [ "R", 12 ], [ "R", 8 ], [ "R", 2 ], [ "R", 8 ], [ "R", 2 ], [ "R", 2 ], [ "R", 7 ], [ "R", 7 ], [ "R", 6 ], [ "R", 7 ], [ "R", 6 ], [ "R", 6 ], [ "R", 12 ], [ "R", 12 ], [ "R", 8 ], [ "R", 12 ], [ "R", 8 ], [ "R", 8 ], [ "R", 12 ], [ "R", 6 ], [ "R", 12 ], [ "R", 6 ], [ "R", 6 ], [ "R", 7 ], [ "R", 7 ], [ "R", 6 ], [ "R", 7 ], [ "R", 6 ], [ "R", 6 ], [ "R", 8 ], [ "R", 8 ], [ "R", 12 ], [ "R", 8 ], [ "R", 12 ], [ "R", 12 ], [ "R", 8 ], [ "R", 2 ], [ "R", 8 ], [ "R", 2 ], [ "R", 2 ] ]
    } ]
  },
  "BookController.update" : {
    "t" : [ {
      "id" : 0,
      "a" : [ [ "R", 3 ], [ "W", 1 ], [ "W", 3 ], [ "W", 1 ], [ "W", 3 ], [ "W", 1 ], [ "W", 10 ], [ "W", 3 ], [ "W", 10 ], [ "W", 3 ], [ "W", 10 ], [ "W", 3 ], [ "R", 3 ], [ "R", 1 ], [ "R", 3 ], [ "R", 1 ], [ "R", 1 ], [ "R", 3 ], [ "R", 10 ], [ "R", 3 ], [ "R", 10 ], [ "R", 10 ], [ "R", 1 ], [ "R", 10 ], [ "R", 10 ], [ "R", 6 ], [ "R", 10 ], [ "R", 6 ], [ "R", 6 ], [ "R", 10 ], [ "R", 10 ], [ "R", 6 ], [ "R", 10 ], [ "R", 6 ], [ "R", 6 ], [ "R", 1 ], [ "R", 1 ], [ "R", 10 ], [ "R", 10 ], [ "R", 6 ], [ "R", 10 ], [ "R", 6 ], [ "R", 6 ], [ "R", 10 ], [ "R", 10 ], [ "R", 6 ], [ "R", 10 ], [ "R", 6 ], [ "R", 6 ], [ "R", 1 ] ]
    } ]
  },
  "BookOrderItemController.delete" : {
    "t" : [ {
      "id" : 0,
      "a" : [ [ "W", 5 ] ]
    } ]
  },
  "CountryRestController.delete" : {
    "t" : [ {
      "id" : 0,
      "a" : [ [ "W", 6 ] ]
    } ]
  },
  "BadgeRestController.update" : {
    "t" : [ {
      "id" : 0,
      "a" : [ [ "R", 2 ], [ "W", 2 ] ]
    } ]
  },
  "PublisherRestController.findOne" : {
    "t" : [ {
      "id" : 0,
      "a" : [ [ "R", 10 ], [ "R", 10 ], [ "R", 6 ], [ "R", 10 ], [ "R", 6 ], [ "R", 6 ] ]
    } ]
  },
  "BookOrderItemRestController.delete" : {
    "t" : [ {
      "id" : 0,
      "a" : [ [ "W", 5 ] ]
    } ]
  },
  "ReviewController.update" : {
    "t" : [ {
      "id" : 0,
      "a" : [ [ "R", 11 ], [ "W", 11 ], [ "R", 3 ], [ "R", 3 ], [ "R", 1 ], [ "R", 3 ], [ "R", 1 ], [ "R", 1 ], [ "R", 3 ], [ "R", 10 ], [ "R", 3 ], [ "R", 10 ], [ "R", 10 ], [ "R", 7 ], [ "R", 7 ], [ "R", 6 ], [ "R", 7 ], [ "R", 6 ], [ "R", 6 ], [ "R", 3 ], [ "R", 3 ], [ "R", 1 ], [ "R", 3 ], [ "R", 1 ], [ "R", 1 ], [ "R", 3 ], [ "R", 10 ], [ "R", 3 ], [ "R", 10 ], [ "R", 10 ], [ "R", 7 ], [ "R", 7 ], [ "R", 6 ], [ "R", 7 ], [ "R", 6 ], [ "R", 6 ] ]
    } ]
  },
  "BookRestController.findAll" : {
    "t" : [ {
      "id" : 0,
      "a" : [ [ "R", 3 ], [ "R", 3 ], [ "R", 1 ], [ "R", 3 ], [ "R", 1 ], [ "R", 1 ], [ "R", 3 ], [ "R", 10 ], [ "R", 3 ], [ "R", 10 ], [ "R", 10 ] ]
    } ]
  },
  "ReviewController.delete" : {
    "t" : [ {
      "id" : 0,
      "a" : [ [ "W", 11 ] ]
    } ]
  },
  "PublisherController.create" : {
    "t" : [ {
      "id" : 0,
      "a" : [ [ "R", 10 ], [ "W", 6 ], [ "W", 10 ], [ "W", 6 ], [ "W", 10 ], [ "W", 6 ], [ "W", 10 ], [ "R", 10 ], [ "R", 6 ], [ "R", 10 ], [ "R", 6 ], [ "R", 6 ], [ "R", 6 ], [ "R", 6 ], [ "R", 6 ], [ "R", 6 ] ]
    } ]
  },
  "BookOrderRestController.update" : {
    "t" : [ {
      "id" : 0,
      "a" : [ [ "R", 4 ], [ "W", 12 ], [ "W", 4 ], [ "W", 12 ], [ "W", 4 ], [ "W", 12 ], [ "W", 8 ], [ "W", 4 ], [ "W", 8 ], [ "W", 4 ], [ "W", 8 ], [ "W", 7 ], [ "W", 4 ], [ "W", 7 ], [ "W", 4 ], [ "W", 7 ], [ "W", 4 ], [ "R", 4 ], [ "R", 12 ], [ "R", 4 ], [ "R", 12 ], [ "R", 12 ], [ "R", 4 ], [ "R", 8 ], [ "R", 4 ], [ "R", 8 ], [ "R", 8 ], [ "R", 4 ], [ "R", 7 ], [ "R", 4 ], [ "R", 7 ], [ "R", 7 ] ]
    } ]
  },
  "BadgeRestController.findAll" : {
    "t" : [ {
      "id" : 0,
      "a" : [ [ "R", 2 ] ]
    } ]
  },
  "SynopsisController.formForUpdate" : {
    "t" : [ {
      "id" : 0,
      "a" : [ [ "R", 13 ], [ "R", 3 ], [ "R", 3 ], [ "R", 1 ], [ "R", 3 ], [ "R", 1 ], [ "R", 1 ], [ "R", 3 ], [ "R", 10 ], [ "R", 3 ], [ "R", 10 ], [ "R", 10 ] ]
    } ]
  },
  "BookController.create" : {
    "t" : [ {
      "id" : 0,
      "a" : [ [ "R", 3 ], [ "W", 1 ], [ "W", 3 ], [ "W", 1 ], [ "W", 3 ], [ "W", 1 ], [ "W", 10 ], [ "W", 3 ], [ "W", 10 ], [ "W", 3 ], [ "W", 10 ], [ "W", 3 ], [ "R", 3 ], [ "R", 1 ], [ "R", 3 ], [ "R", 1 ], [ "R", 1 ], [ "R", 3 ], [ "R", 10 ], [ "R", 3 ], [ "R", 10 ], [ "R", 10 ], [ "R", 1 ], [ "R", 10 ], [ "R", 10 ], [ "R", 6 ], [ "R", 10 ], [ "R", 6 ], [ "R", 6 ], [ "R", 10 ], [ "R", 10 ], [ "R", 6 ], [ "R", 10 ], [ "R", 6 ], [ "R", 6 ], [ "R", 1 ], [ "R", 1 ], [ "R", 10 ], [ "R", 10 ], [ "R", 6 ], [ "R", 10 ], [ "R", 6 ], [ "R", 6 ], [ "R", 10 ], [ "R", 10 ], [ "R", 6 ], [ "R", 10 ], [ "R", 6 ], [ "R", 6 ], [ "R", 1 ] ]
    } ]
  },
  "BadgeController.create" : {
    "t" : [ {
      "id" : 0,
      "a" : [ [ "R", 2 ], [ "W", 2 ] ]
    } ]
  },
  "CountryController.formForUpdate" : {
    "t" : [ {
      "id" : 0,
      "a" : [ [ "R", 6 ] ]
    } ]
  },
  "AuthorRestController.findAll" : {
    "t" : [ {
      "id" : 0,
      "a" : [ [ "R", 1 ] ]
    } ]
  },
  "CustomerRestController.create" : {
    "t" : [ {
      "id" : 0,
      "a" : [ [ "R", 7 ], [ "W", 6 ], [ "W", 7 ], [ "W", 6 ], [ "W", 7 ], [ "W", 6 ], [ "W", 7 ], [ "R", 7 ], [ "R", 6 ], [ "R", 7 ], [ "R", 6 ], [ "R", 6 ] ]
    } ]
  },
  "AuthorRestController.findAllAsListItems" : {
    "t" : [ {
      "id" : 0,
      "a" : [ [ "R", 1 ] ]
    } ]
  },
  "AuthorController.update" : {
    "t" : [ {
      "id" : 0,
      "a" : [ [ "R", 1 ], [ "W", 1 ] ]
    } ]
  },
  "CountryController.list" : {
    "t" : [ {
      "id" : 0,
      "a" : [ [ "R", 6 ] ]
    } ]
  },
  "EmployeeRestController.create" : {
    "t" : [ {
      "id" : 0,
      "a" : [ [ "R", 8 ], [ "W", 12 ], [ "W", 8 ], [ "W", 12 ], [ "W", 8 ], [ "W", 12 ], [ "W", 2 ], [ "W", 8 ], [ "W", 2 ], [ "W", 8 ], [ "W", 2 ], [ "W", 8 ], [ "R", 8 ], [ "R", 12 ], [ "R", 8 ], [ "R", 12 ], [ "R", 12 ], [ "R", 8 ], [ "R", 2 ], [ "R", 8 ], [ "R", 2 ], [ "R", 2 ] ]
    } ]
  },
  "CountryController.update" : {
    "t" : [ {
      "id" : 0,
      "a" : [ [ "R", 6 ], [ "W", 6 ] ]
    } ]
  },
  "CustomerController.update" : {
    "t" : [ {
      "id" : 0,
      "a" : [ [ "R", 7 ], [ "W", 6 ], [ "W", 7 ], [ "W", 6 ], [ "W", 7 ], [ "W", 6 ], [ "W", 7 ], [ "R", 7 ], [ "R", 6 ], [ "R", 7 ], [ "R", 6 ], [ "R", 6 ], [ "R", 6 ], [ "R", 6 ], [ "R", 6 ], [ "R", 6 ] ]
    } ]
  },
  "CustomerController.formForUpdate" : {
    "t" : [ {
      "id" : 0,
      "a" : [ [ "R", 7 ], [ "R", 7 ], [ "R", 6 ], [ "R", 7 ], [ "R", 6 ], [ "R", 6 ], [ "R", 6 ], [ "R", 6 ] ]
    } ]
  },
  "BookOrderItemController.create" : {
    "t" : [ {
      "id" : 0,
      "a" : [ [ "R", 5 ], [ "W", 5 ], [ "W", 5 ], [ "R", 4 ], [ "R", 4 ], [ "R", 12 ], [ "R", 4 ], [ "R", 12 ], [ "R", 12 ], [ "R", 4 ], [ "R", 8 ], [ "R", 4 ], [ "R", 8 ], [ "R", 8 ], [ "R", 4 ], [ "R", 7 ], [ "R", 4 ], [ "R", 7 ], [ "R", 7 ], [ "R", 3 ], [ "R", 3 ], [ "R", 1 ], [ "R", 3 ], [ "R", 1 ], [ "R", 1 ], [ "R", 3 ], [ "R", 10 ], [ "R", 3 ], [ "R", 10 ], [ "R", 10 ], [ "R", 4 ], [ "R", 4 ], [ "R", 12 ], [ "R", 4 ], [ "R", 12 ], [ "R", 12 ], [ "R", 4 ], [ "R", 8 ], [ "R", 4 ], [ "R", 8 ], [ "R", 8 ], [ "R", 4 ], [ "R", 7 ], [ "R", 4 ], [ "R", 7 ], [ "R", 7 ], [ "R", 3 ], [ "R", 3 ], [ "R", 1 ], [ "R", 3 ], [ "R", 1 ], [ "R", 1 ], [ "R", 3 ], [ "R", 10 ], [ "R", 3 ], [ "R", 10 ], [ "R", 10 ] ]
    } ]
  },
  "WorkgroupRestController.findAllAsListItems" : {
    "t" : [ {
      "id" : 0,
      "a" : [ [ "R", 14 ] ]
    } ]
  },
  "PublisherController.formForUpdate" : {
    "t" : [ {
      "id" : 0,
      "a" : [ [ "R", 10 ], [ "R", 10 ], [ "R", 6 ], [ "R", 10 ], [ "R", 6 ], [ "R", 6 ], [ "R", 6 ], [ "R", 6 ] ]
    } ]
  },
  "PublisherRestController.delete" : {
    "t" : [ {
      "id" : 0,
      "a" : [ [ "W", 10 ] ]
    } ]
  },
  "ShopController.formForUpdate" : {
    "t" : [ {
      "id" : 0,
      "a" : [ [ "R", 12 ], [ "R", 12 ], [ "R", 8 ], [ "R", 12 ], [ "R", 8 ], [ "R", 8 ], [ "R", 12 ], [ "R", 6 ], [ "R", 12 ], [ "R", 6 ], [ "R", 6 ], [ "R", 8 ], [ "R", 8 ], [ "R", 12 ], [ "R", 8 ], [ "R", 12 ], [ "R", 12 ], [ "R", 8 ], [ "R", 2 ], [ "R", 8 ], [ "R", 2 ], [ "R", 2 ], [ "R", 6 ], [ "R", 6 ], [ "R", 8 ], [ "R", 8 ], [ "R", 12 ], [ "R", 8 ], [ "R", 12 ], [ "R", 12 ], [ "R", 8 ], [ "R", 2 ], [ "R", 8 ], [ "R", 2 ], [ "R", 2 ] ]
    } ]
  },
  "AuthorController.list" : {
    "t" : [ {
      "id" : 0,
      "a" : [ [ "R", 1 ] ]
    } ]
  },
  "ShopRestController.findAllAsListItems" : {
    "t" : [ {
      "id" : 0,
      "a" : [ [ "R", 12 ], [ "R", 12 ], [ "R", 8 ], [ "R", 12 ], [ "R", 8 ], [ "R", 8 ], [ "R", 12 ], [ "R", 6 ], [ "R", 12 ], [ "R", 6 ], [ "R", 6 ] ]
    } ]
  },
  "BookController.formForCreate" : {
    "t" : [ {
      "id" : 0,
      "a" : [ [ "R", 1 ], [ "R", 10 ], [ "R", 10 ], [ "R", 6 ], [ "R", 10 ], [ "R", 6 ], [ "R", 6 ], [ "R", 10 ], [ "R", 10 ], [ "R", 6 ], [ "R", 10 ], [ "R", 6 ], [ "R", 6 ], [ "R", 1 ] ]
    } ]
  },
  "EmployeeGroupController.update" : {
    "t" : [ {
      "id" : 0,
      "a" : [ [ "R", 9 ], [ "W", 9 ] ]
    } ]
  },
  "PublisherRestController.findAll" : {
    "t" : [ {
      "id" : 0,
      "a" : [ [ "R", 10 ], [ "R", 10 ], [ "R", 6 ], [ "R", 10 ], [ "R", 6 ], [ "R", 6 ] ]
    } ]
  },
  "CountryRestController.update" : {
    "t" : [ {
      "id" : 0,
      "a" : [ [ "R", 6 ], [ "W", 6 ] ]
    } ]
  },
  "ShopRestController.delete" : {
    "t" : [ {
      "id" : 0,
      "a" : [ [ "W", 12 ] ]
    } ]
  },
  "EmployeeController.update" : {
    "t" : [ {
      "id" : 0,
      "a" : [ [ "R", 8 ], [ "W", 12 ], [ "W", 8 ], [ "W", 12 ], [ "W", 8 ], [ "W", 12 ], [ "W", 2 ], [ "W", 8 ], [ "W", 2 ], [ "W", 8 ], [ "W", 2 ], [ "W", 8 ], [ "R", 8 ], [ "R", 12 ], [ "R", 8 ], [ "R", 12 ], [ "R", 12 ], [ "R", 8 ], [ "R", 2 ], [ "R", 8 ], [ "R", 2 ], [ "R", 2 ], [ "R", 12 ], [ "R", 12 ], [ "R", 8 ], [ "R", 12 ], [ "R", 8 ], [ "R", 8 ], [ "R", 12 ], [ "R", 6 ], [ "R", 12 ], [ "R", 6 ], [ "R", 6 ], [ "R", 14 ], [ "R", 2 ], [ "R", 12 ], [ "R", 12 ], [ "R", 8 ], [ "R", 12 ], [ "R", 8 ], [ "R", 8 ], [ "R", 12 ], [ "R", 6 ], [ "R", 12 ], [ "R", 6 ], [ "R", 6 ], [ "R", 2 ], [ "R", 12 ], [ "R", 12 ], [ "R", 8 ], [ "R", 12 ], [ "R", 8 ], [ "R", 8 ], [ "R", 12 ], [ "R", 6 ], [ "R", 12 ], [ "R", 6 ], [ "R", 6 ], [ "R", 14 ], [ "R", 2 ], [ "R", 12 ], [ "R", 12 ], [ "R", 8 ], [ "R", 12 ], [ "R", 8 ], [ "R", 8 ], [ "R", 12 ], [ "R", 6 ], [ "R", 12 ], [ "R", 6 ], [ "R", 6 ], [ "R", 2 ] ]
    } ]
  },
  "ReviewController.formForUpdate" : {
    "t" : [ {
      "id" : 0,
      "a" : [ [ "R", 11 ], [ "R", 3 ], [ "R", 3 ], [ "R", 1 ], [ "R", 3 ], [ "R", 1 ], [ "R", 1 ], [ "R", 3 ], [ "R", 10 ], [ "R", 3 ], [ "R", 10 ], [ "R", 10 ], [ "R", 7 ], [ "R", 7 ], [ "R", 6 ], [ "R", 7 ], [ "R", 6 ], [ "R", 6 ] ]
    } ]
  },
  "EmployeeRestController.findOne" : {
    "t" : [ {
      "id" : 0,
      "a" : [ [ "R", 8 ], [ "R", 8 ], [ "R", 12 ], [ "R", 8 ], [ "R", 12 ], [ "R", 12 ], [ "R", 8 ], [ "R", 2 ], [ "R", 8 ], [ "R", 2 ], [ "R", 2 ] ]
    } ]
  },
  "AuthorRestController.create" : {
    "t" : [ {
      "id" : 0,
      "a" : [ [ "R", 1 ], [ "W", 1 ] ]
    } ]
  },
  "BookOrderController.formForUpdate" : {
    "t" : [ {
      "id" : 0,
      "a" : [ [ "R", 4 ], [ "R", 4 ], [ "R", 12 ], [ "R", 4 ], [ "R", 12 ], [ "R", 12 ], [ "R", 4 ], [ "R", 8 ], [ "R", 4 ], [ "R", 8 ], [ "R", 8 ], [ "R", 4 ], [ "R", 7 ], [ "R", 4 ], [ "R", 7 ], [ "R", 7 ], [ "R", 12 ], [ "R", 12 ], [ "R", 8 ], [ "R", 12 ], [ "R", 8 ], [ "R", 8 ], [ "R", 12 ], [ "R", 6 ], [ "R", 12 ], [ "R", 6 ], [ "R", 6 ], [ "R", 8 ], [ "R", 8 ], [ "R", 12 ], [ "R", 8 ], [ "R", 12 ], [ "R", 12 ], [ "R", 8 ], [ "R", 2 ], [ "R", 8 ], [ "R", 2 ], [ "R", 2 ], [ "R", 7 ], [ "R", 7 ], [ "R", 6 ], [ "R", 7 ], [ "R", 6 ], [ "R", 6 ], [ "R", 12 ], [ "R", 12 ], [ "R", 8 ], [ "R", 12 ], [ "R", 8 ], [ "R", 8 ], [ "R", 12 ], [ "R", 6 ], [ "R", 12 ], [ "R", 6 ], [ "R", 6 ], [ "R", 7 ], [ "R", 7 ], [ "R", 6 ], [ "R", 7 ], [ "R", 6 ], [ "R", 6 ], [ "R", 8 ], [ "R", 8 ], [ "R", 12 ], [ "R", 8 ], [ "R", 12 ], [ "R", 12 ], [ "R", 8 ], [ "R", 2 ], [ "R", 8 ], [ "R", 2 ], [ "R", 2 ] ]
    } ]
  },
  "ShopController.create" : {
    "t" : [ {
      "id" : 0,
      "a" : [ [ "R", 12 ], [ "W", 8 ], [ "W", 12 ], [ "W", 8 ], [ "W", 12 ], [ "W", 8 ], [ "W", 6 ], [ "W", 12 ], [ "W", 6 ], [ "W", 12 ], [ "W", 6 ], [ "W", 12 ], [ "R", 12 ], [ "R", 8 ], [ "R", 12 ], [ "R", 8 ], [ "R", 8 ], [ "R", 12 ], [ "R", 6 ], [ "R", 12 ], [ "R", 6 ], [ "R", 6 ], [ "R", 8 ], [ "R", 8 ], [ "R", 12 ], [ "R", 8 ], [ "R", 12 ], [ "R", 12 ], [ "R", 8 ], [ "R", 2 ], [ "R", 8 ], [ "R", 2 ], [ "R", 2 ], [ "R", 6 ], [ "R", 6 ], [ "R", 8 ], [ "R", 8 ], [ "R", 12 ], [ "R", 8 ], [ "R", 12 ], [ "R", 12 ], [ "R", 8 ], [ "R", 2 ], [ "R", 8 ], [ "R", 2 ], [ "R", 2 ], [ "R", 8 ], [ "R", 8 ], [ "R", 12 ], [ "R", 8 ], [ "R", 12 ], [ "R", 12 ], [ "R", 8 ], [ "R", 2 ], [ "R", 8 ], [ "R", 2 ], [ "R", 2 ], [ "R", 6 ], [ "R", 6 ], [ "R", 8 ], [ "R", 8 ], [ "R", 12 ], [ "R", 8 ], [ "R", 12 ], [ "R", 12 ], [ "R", 8 ], [ "R", 2 ], [ "R", 8 ], [ "R", 2 ], [ "R", 2 ] ]
    } ]
  },
  "BookOrderController.delete" : {
    "t" : [ {
      "id" : 0,
      "a" : [ [ "W", 4 ] ]
    } ]
  },
  "CustomerRestController.findAll" : {
    "t" : [ {
      "id" : 0,
      "a" : [ [ "R", 7 ], [ "R", 7 ], [ "R", 6 ], [ "R", 7 ], [ "R", 6 ], [ "R", 6 ] ]
    } ]
  },
  "PublisherRestController.create" : {
    "t" : [ {
      "id" : 0,
      "a" : [ [ "R", 10 ], [ "W", 6 ], [ "W", 10 ], [ "W", 6 ], [ "W", 10 ], [ "W", 6 ], [ "W", 10 ], [ "R", 10 ], [ "R", 6 ], [ "R", 10 ], [ "R", 6 ], [ "R", 6 ] ]
    } ]
  },
  "BookOrderItemController.formForUpdate" : {
    "t" : [ {
      "id" : 0,
      "a" : [ [ "R", 5 ], [ "R", 4 ], [ "R", 4 ], [ "R", 12 ], [ "R", 4 ], [ "R", 12 ], [ "R", 12 ], [ "R", 4 ], [ "R", 8 ], [ "R", 4 ], [ "R", 8 ], [ "R", 8 ], [ "R", 4 ], [ "R", 7 ], [ "R", 4 ], [ "R", 7 ], [ "R", 7 ], [ "R", 3 ], [ "R", 3 ], [ "R", 1 ], [ "R", 3 ], [ "R", 1 ], [ "R", 1 ], [ "R", 3 ], [ "R", 10 ], [ "R", 3 ], [ "R", 10 ], [ "R", 10 ] ]
    } ]
  },
  "ShopRestController.create" : {
    "t" : [ {
      "id" : 0,
      "a" : [ [ "R", 12 ], [ "W", 8 ], [ "W", 12 ], [ "W", 8 ], [ "W", 12 ], [ "W", 8 ], [ "W", 6 ], [ "W", 12 ], [ "W", 6 ], [ "W", 12 ], [ "W", 6 ], [ "W", 12 ], [ "R", 12 ], [ "R", 8 ], [ "R", 12 ], [ "R", 8 ], [ "R", 8 ], [ "R", 12 ], [ "R", 6 ], [ "R", 12 ], [ "R", 6 ], [ "R", 6 ] ]
    } ]
  },
  "CustomerRestController.delete" : {
    "t" : [ {
      "id" : 0,
      "a" : [ [ "W", 7 ] ]
    } ]
  },
  "ReviewRestController.update" : {
    "t" : [ {
      "id" : 0,
      "a" : [ [ "R", 11 ], [ "W", 11 ] ]
    } ]
  },
  "BookOrderRestController.create" : {
    "t" : [ {
      "id" : 0,
      "a" : [ [ "R", 4 ], [ "W", 12 ], [ "W", 4 ], [ "W", 12 ], [ "W", 4 ], [ "W", 12 ], [ "W", 8 ], [ "W", 4 ], [ "W", 8 ], [ "W", 4 ], [ "W", 8 ], [ "W", 7 ], [ "W", 4 ], [ "W", 7 ], [ "W", 4 ], [ "W", 7 ], [ "W", 4 ], [ "R", 4 ], [ "R", 12 ], [ "R", 4 ], [ "R", 12 ], [ "R", 12 ], [ "R", 4 ], [ "R", 8 ], [ "R", 4 ], [ "R", 8 ], [ "R", 8 ], [ "R", 4 ], [ "R", 7 ], [ "R", 4 ], [ "R", 7 ], [ "R", 7 ] ]
    } ]
  },
  "BadgeRestController.delete" : {
    "t" : [ {
      "id" : 0,
      "a" : [ [ "W", 2 ] ]
    } ]
  },
  "BookOrderController.list" : {
    "t" : [ {
      "id" : 0,
      "a" : [ [ "R", 4 ], [ "R", 4 ], [ "R", 12 ], [ "R", 4 ], [ "R", 12 ], [ "R", 12 ], [ "R", 4 ], [ "R", 8 ], [ "R", 4 ], [ "R", 8 ], [ "R", 8 ], [ "R", 4 ], [ "R", 7 ], [ "R", 4 ], [ "R", 7 ], [ "R", 7 ] ]
    } ]
  },
  "SynopsisRestController.findAllAsListItems" : {
    "t" : [ {
      "id" : 0,
      "a" : [ [ "R", 13 ] ]
    } ]
  },
  "AuthorRestController.delete" : {
    "t" : [ {
      "id" : 0,
      "a" : [ [ "W", 1 ] ]
    } ]
  },
  "ReviewRestController.findOne" : {
    "t" : [ {
      "id" : 0,
      "a" : [ [ "R", 11 ] ]
    } ]
  },
  "CountryRestController.create" : {
    "t" : [ {
      "id" : 0,
      "a" : [ [ "R", 6 ], [ "W", 6 ] ]
    } ]
  },
  "BookOrderItemRestController.create" : {
    "t" : [ {
      "id" : 0,
      "a" : [ [ "R", 5 ], [ "W", 5 ], [ "W", 5 ] ]
    } ]
  },
  "BookRestController.findOne" : {
    "t" : [ {
      "id" : 0,
      "a" : [ [ "R", 3 ], [ "R", 3 ], [ "R", 1 ], [ "R", 3 ], [ "R", 1 ], [ "R", 1 ], [ "R", 3 ], [ "R", 10 ], [ "R", 3 ], [ "R", 10 ], [ "R", 10 ] ]
    } ]
  },
  "BadgeRestController.findOne" : {
    "t" : [ {
      "id" : 0,
      "a" : [ [ "R", 2 ] ]
    } ]
  },
  "EmployeeGroupRestController.findAll" : {
    "t" : [ {
      "id" : 0,
      "a" : [ [ "R", 9 ] ]
    } ]
  },
  "BookOrderController.formForCreate" : {
    "t" : [ {
      "id" : 0,
      "a" : [ [ "R", 12 ], [ "R", 12 ], [ "R", 8 ], [ "R", 12 ], [ "R", 8 ], [ "R", 8 ], [ "R", 12 ], [ "R", 6 ], [ "R", 12 ], [ "R", 6 ], [ "R", 6 ], [ "R", 8 ], [ "R", 8 ], [ "R", 12 ], [ "R", 8 ], [ "R", 12 ], [ "R", 12 ], [ "R", 8 ], [ "R", 2 ], [ "R", 8 ], [ "R", 2 ], [ "R", 2 ], [ "R", 7 ], [ "R", 7 ], [ "R", 6 ], [ "R", 7 ], [ "R", 6 ], [ "R", 6 ], [ "R", 12 ], [ "R", 12 ], [ "R", 8 ], [ "R", 12 ], [ "R", 8 ], [ "R", 8 ], [ "R", 12 ], [ "R", 6 ], [ "R", 12 ], [ "R", 6 ], [ "R", 6 ], [ "R", 7 ], [ "R", 7 ], [ "R", 6 ], [ "R", 7 ], [ "R", 6 ], [ "R", 6 ], [ "R", 8 ], [ "R", 8 ], [ "R", 12 ], [ "R", 8 ], [ "R", 12 ], [ "R", 12 ], [ "R", 8 ], [ "R", 2 ], [ "R", 8 ], [ "R", 2 ], [ "R", 2 ] ]
    } ]
  },
  "WorkgroupRestController.delete" : {
    "t" : [ {
      "id" : 0,
      "a" : [ [ "W", 14 ] ]
    } ]
  },
  "PublisherController.delete" : {
    "t" : [ {
      "id" : 0,
      "a" : [ [ "W", 10 ] ]
    } ]
  },
  "EmployeeRestController.update" : {
    "t" : [ {
      "id" : 0,
      "a" : [ [ "R", 8 ], [ "W", 12 ], [ "W", 8 ], [ "W", 12 ], [ "W", 8 ], [ "W", 12 ], [ "W", 2 ], [ "W", 8 ], [ "W", 2 ], [ "W", 8 ], [ "W", 2 ], [ "W", 8 ], [ "R", 8 ], [ "R", 12 ], [ "R", 8 ], [ "R", 12 ], [ "R", 12 ], [ "R", 8 ], [ "R", 2 ], [ "R", 8 ], [ "R", 2 ], [ "R", 2 ] ]
    } ]
  },
  "BadgeController.list" : {
    "t" : [ {
      "id" : 0,
      "a" : [ [ "R", 2 ] ]
    } ]
  },
  "BookOrderItemController.list" : {
    "t" : [ {
      "id" : 0,
      "a" : [ [ "R", 5 ] ]
    } ]
  },
  "EmployeeController.create" : {
    "t" : [ {
      "id" : 0,
      "a" : [ [ "R", 8 ], [ "W", 12 ], [ "W", 8 ], [ "W", 12 ], [ "W", 8 ], [ "W", 12 ], [ "W", 2 ], [ "W", 8 ], [ "W", 2 ], [ "W", 8 ], [ "W", 2 ], [ "W", 8 ], [ "R", 8 ], [ "R", 12 ], [ "R", 8 ], [ "R", 12 ], [ "R", 12 ], [ "R", 8 ], [ "R", 2 ], [ "R", 8 ], [ "R", 2 ], [ "R", 2 ], [ "R", 12 ], [ "R", 12 ], [ "R", 8 ], [ "R", 12 ], [ "R", 8 ], [ "R", 8 ], [ "R", 12 ], [ "R", 6 ], [ "R", 12 ], [ "R", 6 ], [ "R", 6 ], [ "R", 14 ], [ "R", 2 ], [ "R", 12 ], [ "R", 12 ], [ "R", 8 ], [ "R", 12 ], [ "R", 8 ], [ "R", 8 ], [ "R", 12 ], [ "R", 6 ], [ "R", 12 ], [ "R", 6 ], [ "R", 6 ], [ "R", 2 ], [ "R", 12 ], [ "R", 12 ], [ "R", 8 ], [ "R", 12 ], [ "R", 8 ], [ "R", 8 ], [ "R", 12 ], [ "R", 6 ], [ "R", 12 ], [ "R", 6 ], [ "R", 6 ], [ "R", 14 ], [ "R", 2 ], [ "R", 12 ], [ "R", 12 ], [ "R", 8 ], [ "R", 12 ], [ "R", 8 ], [ "R", 8 ], [ "R", 12 ], [ "R", 6 ], [ "R", 12 ], [ "R", 6 ], [ "R", 6 ], [ "R", 2 ] ]
    } ]
  },
  "BadgeController.update" : {
    "t" : [ {
      "id" : 0,
      "a" : [ [ "R", 2 ], [ "W", 2 ] ]
    } ]
  },
  "ShopController.delete" : {
    "t" : [ {
      "id" : 0,
      "a" : [ [ "W", 12 ] ]
    } ]
  },
  "BookRestController.update" : {
    "t" : [ {
      "id" : 0,
      "a" : [ [ "R", 3 ], [ "W", 1 ], [ "W", 3 ], [ "W", 1 ], [ "W", 3 ], [ "W", 1 ], [ "W", 10 ], [ "W", 3 ], [ "W", 10 ], [ "W", 3 ], [ "W", 10 ], [ "W", 3 ], [ "R", 3 ], [ "R", 1 ], [ "R", 3 ], [ "R", 1 ], [ "R", 1 ], [ "R", 3 ], [ "R", 10 ], [ "R", 3 ], [ "R", 10 ], [ "R", 10 ] ]
    } ]
  },
  "SynopsisRestController.delete" : {
    "t" : [ {
      "id" : 0,
      "a" : [ [ "W", 13 ] ]
    } ]
  },
  "EmployeeGroupRestController.findOne" : {
    "t" : [ {
      "id" : 0,
      "a" : [ [ "R", 9 ] ]
    } ]
  },
  "BookOrderRestController.findAllAsListItems" : {
    "t" : [ {
      "id" : 0,
      "a" : [ [ "R", 4 ], [ "R", 4 ], [ "R", 12 ], [ "R", 4 ], [ "R", 12 ], [ "R", 12 ], [ "R", 4 ], [ "R", 8 ], [ "R", 4 ], [ "R", 8 ], [ "R", 8 ], [ "R", 4 ], [ "R", 7 ], [ "R", 4 ], [ "R", 7 ], [ "R", 7 ] ]
    } ]
  },
  "BookOrderItemRestController.findOne" : {
    "t" : [ {
      "id" : 0,
      "a" : [ [ "R", 5 ] ]
    } ]
  },
  "ShopRestController.update" : {
    "t" : [ {
      "id" : 0,
      "a" : [ [ "R", 12 ], [ "W", 8 ], [ "W", 12 ], [ "W", 8 ], [ "W", 12 ], [ "W", 8 ], [ "W", 6 ], [ "W", 12 ], [ "W", 6 ], [ "W", 12 ], [ "W", 6 ], [ "W", 12 ], [ "R", 12 ], [ "R", 8 ], [ "R", 12 ], [ "R", 8 ], [ "R", 8 ], [ "R", 12 ], [ "R", 6 ], [ "R", 12 ], [ "R", 6 ], [ "R", 6 ] ]
    } ]
  },
  "WorkgroupController.delete" : {
    "t" : [ {
      "id" : 0,
      "a" : [ [ "W", 14 ] ]
    } ]
  },
  "BookController.list" : {
    "t" : [ {
      "id" : 0,
      "a" : [ [ "R", 3 ], [ "R", 3 ], [ "R", 1 ], [ "R", 3 ], [ "R", 1 ], [ "R", 1 ], [ "R", 3 ], [ "R", 10 ], [ "R", 3 ], [ "R", 10 ], [ "R", 10 ] ]
    } ]
  },
  "ReviewRestController.create" : {
    "t" : [ {
      "id" : 0,
      "a" : [ [ "R", 11 ], [ "W", 11 ], [ "W", 11 ] ]
    } ]
  },
  "EmployeeGroupRestController.delete" : {
    "t" : [ {
      "id" : 0,
      "a" : [ [ "W", 9 ] ]
    } ]
  },
  "PublisherRestController.findAllAsListItems" : {
    "t" : [ {
      "id" : 0,
      "a" : [ [ "R", 10 ], [ "R", 10 ], [ "R", 6 ], [ "R", 10 ], [ "R", 6 ], [ "R", 6 ] ]
    } ]
  },
  "SynopsisController.update" : {
    "t" : [ {
      "id" : 0,
      "a" : [ [ "R", 13 ], [ "W", 13 ], [ "R", 3 ], [ "R", 3 ], [ "R", 1 ], [ "R", 3 ], [ "R", 1 ], [ "R", 1 ], [ "R", 3 ], [ "R", 10 ], [ "R", 3 ], [ "R", 10 ], [ "R", 10 ], [ "R", 3 ], [ "R", 3 ], [ "R", 1 ], [ "R", 3 ], [ "R", 1 ], [ "R", 1 ], [ "R", 3 ], [ "R", 10 ], [ "R", 3 ], [ "R", 10 ], [ "R", 10 ] ]
    } ]
  },
  "CountryRestController.findOne" : {
    "t" : [ {
      "id" : 0,
      "a" : [ [ "R", 6 ] ]
    } ]
  },
  "ShopController.list" : {
    "t" : [ {
      "id" : 0,
      "a" : [ [ "R", 12 ], [ "R", 12 ], [ "R", 8 ], [ "R", 12 ], [ "R", 8 ], [ "R", 8 ], [ "R", 12 ], [ "R", 6 ], [ "R", 12 ], [ "R", 6 ], [ "R", 6 ] ]
    } ]
  },
  "BookOrderRestController.findAll" : {
    "t" : [ {
      "id" : 0,
      "a" : [ [ "R", 4 ], [ "R", 4 ], [ "R", 12 ], [ "R", 4 ], [ "R", 12 ], [ "R", 12 ], [ "R", 4 ], [ "R", 8 ], [ "R", 4 ], [ "R", 8 ], [ "R", 8 ], [ "R", 4 ], [ "R", 7 ], [ "R", 4 ], [ "R", 7 ], [ "R", 7 ] ]
    } ]
  },
  "BookOrderItemController.formForCreate" : {
    "t" : [ {
      "id" : 0,
      "a" : [ [ "R", 4 ], [ "R", 4 ], [ "R", 12 ], [ "R", 4 ], [ "R", 12 ], [ "R", 12 ], [ "R", 4 ], [ "R", 8 ], [ "R", 4 ], [ "R", 8 ], [ "R", 8 ], [ "R", 4 ], [ "R", 7 ], [ "R", 4 ], [ "R", 7 ], [ "R", 7 ], [ "R", 3 ], [ "R", 3 ], [ "R", 1 ], [ "R", 3 ], [ "R", 1 ], [ "R", 1 ], [ "R", 3 ], [ "R", 10 ], [ "R", 3 ], [ "R", 10 ], [ "R", 10 ] ]
    } ]
  },
  "EmployeeRestController.findAll" : {
    "t" : [ {
      "id" : 0,
      "a" : [ [ "R", 8 ], [ "R", 8 ], [ "R", 12 ], [ "R", 8 ], [ "R", 12 ], [ "R", 12 ], [ "R", 8 ], [ "R", 2 ], [ "R", 8 ], [ "R", 2 ], [ "R", 2 ] ]
    } ]
  },
  "WorkgroupController.formForUpdate" : {
    "t" : [ {
      "id" : 0,
      "a" : [ [ "R", 14 ] ]
    } ]
  },
  "CustomerRestController.findOne" : {
    "t" : [ {
      "id" : 0,
      "a" : [ [ "R", 7 ], [ "R", 7 ], [ "R", 6 ], [ "R", 7 ], [ "R", 6 ], [ "R", 6 ] ]
    } ]
  },
  "ReviewRestController.findAll" : {
    "t" : [ {
      "id" : 0,
      "a" : [ [ "R", 11 ] ]
    } ]
  },
  "AuthorController.formForUpdate" : {
    "t" : [ {
      "id" : 0,
      "a" : [ [ "R", 1 ] ]
    } ]
  },
  "ShopRestController.findOne" : {
    "t" : [ {
      "id" : 0,
      "a" : [ [ "R", 12 ], [ "R", 12 ], [ "R", 8 ], [ "R", 12 ], [ "R", 8 ], [ "R", 8 ], [ "R", 12 ], [ "R", 6 ], [ "R", 12 ], [ "R", 6 ], [ "R", 6 ] ]
    } ]
  },
  "EmployeeController.formForCreate" : {
    "t" : [ {
      "id" : 0,
      "a" : [ [ "R", 12 ], [ "R", 12 ], [ "R", 8 ], [ "R", 12 ], [ "R", 8 ], [ "R", 8 ], [ "R", 12 ], [ "R", 6 ], [ "R", 12 ], [ "R", 6 ], [ "R", 6 ], [ "R", 14 ], [ "R", 2 ], [ "R", 12 ], [ "R", 12 ], [ "R", 8 ], [ "R", 12 ], [ "R", 8 ], [ "R", 8 ], [ "R", 12 ], [ "R", 6 ], [ "R", 12 ], [ "R", 6 ], [ "R", 6 ], [ "R", 2 ] ]
    } ]
  },
  "BookOrderController.create" : {
    "t" : [ {
      "id" : 0,
      "a" : [ [ "R", 4 ], [ "W", 12 ], [ "W", 4 ], [ "W", 12 ], [ "W", 4 ], [ "W", 12 ], [ "W", 8 ], [ "W", 4 ], [ "W", 8 ], [ "W", 4 ], [ "W", 8 ], [ "W", 7 ], [ "W", 4 ], [ "W", 7 ], [ "W", 4 ], [ "W", 7 ], [ "W", 4 ], [ "R", 4 ], [ "R", 12 ], [ "R", 4 ], [ "R", 12 ], [ "R", 12 ], [ "R", 4 ], [ "R", 8 ], [ "R", 4 ], [ "R", 8 ], [ "R", 8 ], [ "R", 4 ], [ "R", 7 ], [ "R", 4 ], [ "R", 7 ], [ "R", 7 ], [ "R", 12 ], [ "R", 12 ], [ "R", 8 ], [ "R", 12 ], [ "R", 8 ], [ "R", 8 ], [ "R", 12 ], [ "R", 6 ], [ "R", 12 ], [ "R", 6 ], [ "R", 6 ], [ "R", 8 ], [ "R", 8 ], [ "R", 12 ], [ "R", 8 ], [ "R", 12 ], [ "R", 12 ], [ "R", 8 ], [ "R", 2 ], [ "R", 8 ], [ "R", 2 ], [ "R", 2 ], [ "R", 7 ], [ "R", 7 ], [ "R", 6 ], [ "R", 7 ], [ "R", 6 ], [ "R", 6 ], [ "R", 12 ], [ "R", 12 ], [ "R", 8 ], [ "R", 12 ], [ "R", 8 ], [ "R", 8 ], [ "R", 12 ], [ "R", 6 ], [ "R", 12 ], [ "R", 6 ], [ "R", 6 ], [ "R", 7 ], [ "R", 7 ], [ "R", 6 ], [ "R", 7 ], [ "R", 6 ], [ "R", 6 ], [ "R", 8 ], [ "R", 8 ], [ "R", 12 ], [ "R", 8 ], [ "R", 12 ], [ "R", 12 ], [ "R", 8 ], [ "R", 2 ], [ "R", 8 ], [ "R", 2 ], [ "R", 2 ], [ "R", 12 ], [ "R", 12 ], [ "R", 8 ], [ "R", 12 ], [ "R", 8 ], [ "R", 8 ], [ "R", 12 ], [ "R", 6 ], [ "R", 12 ], [ "R", 6 ], [ "R", 6 ], [ "R", 8 ], [ "R", 8 ], [ "R", 12 ], [ "R", 8 ], [ "R", 12 ], [ "R", 12 ], [ "R", 8 ], [ "R", 2 ], [ "R", 8 ], [ "R", 2 ], [ "R", 2 ], [ "R", 7 ], [ "R", 7 ], [ "R", 6 ], [ "R", 7 ], [ "R", 6 ], [ "R", 6 ], [ "R", 12 ], [ "R", 12 ], [ "R", 8 ], [ "R", 12 ], [ "R", 8 ], [ "R", 8 ], [ "R", 12 ], [ "R", 6 ], [ "R", 12 ], [ "R", 6 ], [ "R", 6 ], [ "R", 7 ], [ "R", 7 ], [ "R", 6 ], [ "R", 7 ], [ "R", 6 ], [ "R", 6 ], [ "R", 8 ], [ "R", 8 ], [ "R", 12 ], [ "R", 8 ], [ "R", 12 ], [ "R", 12 ], [ "R", 8 ], [ "R", 2 ], [ "R", 8 ], [ "R", 2 ], [ "R", 2 ] ]
    } ]
  },
  "BookRestController.create" : {
    "t" : [ {
      "id" : 0,
      "a" : [ [ "R", 3 ], [ "W", 1 ], [ "W", 3 ], [ "W", 1 ], [ "W", 3 ], [ "W", 1 ], [ "W", 10 ], [ "W", 3 ], [ "W", 10 ], [ "W", 3 ], [ "W", 10 ], [ "W", 3 ], [ "R", 3 ], [ "R", 1 ], [ "R", 3 ], [ "R", 1 ], [ "R", 1 ], [ "R", 3 ], [ "R", 10 ], [ "R", 3 ], [ "R", 10 ], [ "R", 10 ] ]
    } ]
  },
  "EmployeeController.delete" : {
    "t" : [ {
      "id" : 0,
      "a" : [ [ "W", 8 ] ]
    } ]
  },
  "PublisherController.formForCreate" : {
    "t" : [ {
      "id" : 0,
      "a" : [ [ "R", 6 ], [ "R", 6 ] ]
    } ]
  },
  "PublisherRestController.update" : {
    "t" : [ {
      "id" : 0,
      "a" : [ [ "R", 10 ], [ "W", 6 ], [ "W", 10 ], [ "W", 6 ], [ "W", 10 ], [ "W", 6 ], [ "W", 10 ], [ "R", 10 ], [ "R", 6 ], [ "R", 10 ], [ "R", 6 ], [ "R", 6 ] ]
    } ]
  },
  "AuthorController.create" : {
    "t" : [ {
      "id" : 0,
      "a" : [ [ "R", 1 ], [ "W", 1 ] ]
    } ]
  },
  "BookOrderRestController.delete" : {
    "t" : [ {
      "id" : 0,
      "a" : [ [ "W", 4 ] ]
    } ]
  },
  "BadgeRestController.create" : {
    "t" : [ {
      "id" : 0,
      "a" : [ [ "R", 2 ], [ "W", 2 ] ]
    } ]
  },
  "BadgeController.formForUpdate" : {
    "t" : [ {
      "id" : 0,
      "a" : [ [ "R", 2 ] ]
    } ]
  },
  "EmployeeGroupRestController.findAllAsListItems" : {
    "t" : [ {
      "id" : 0,
      "a" : [ [ "R", 9 ] ]
    } ]
  },
  "WorkgroupController.list" : {
    "t" : [ {
      "id" : 0,
      "a" : [ [ "R", 14 ] ]
    } ]
  },
  "EmployeeGroupController.create" : {
    "t" : [ {
      "id" : 0,
      "a" : [ [ "R", 9 ], [ "W", 9 ], [ "W", 9 ] ]
    } ]
  },
  "WorkgroupRestController.findOne" : {
    "t" : [ {
      "id" : 0,
      "a" : [ [ "R", 14 ] ]
    } ]
  },
  "CustomerController.delete" : {
    "t" : [ {
      "id" : 0,
      "a" : [ [ "W", 7 ] ]
    } ]
  },
  "BookOrderRestController.findOne" : {
    "t" : [ {
      "id" : 0,
      "a" : [ [ "R", 4 ], [ "R", 4 ], [ "R", 12 ], [ "R", 4 ], [ "R", 12 ], [ "R", 12 ], [ "R", 4 ], [ "R", 8 ], [ "R", 4 ], [ "R", 8 ], [ "R", 8 ], [ "R", 4 ], [ "R", 7 ], [ "R", 4 ], [ "R", 7 ], [ "R", 7 ] ]
    } ]
  },
  "BookController.formForUpdate" : {
    "t" : [ {
      "id" : 0,
      "a" : [ [ "R", 3 ], [ "R", 3 ], [ "R", 1 ], [ "R", 3 ], [ "R", 1 ], [ "R", 1 ], [ "R", 3 ], [ "R", 10 ], [ "R", 3 ], [ "R", 10 ], [ "R", 10 ], [ "R", 1 ], [ "R", 10 ], [ "R", 10 ], [ "R", 6 ], [ "R", 10 ], [ "R", 6 ], [ "R", 6 ], [ "R", 10 ], [ "R", 10 ], [ "R", 6 ], [ "R", 10 ], [ "R", 6 ], [ "R", 6 ], [ "R", 1 ] ]
    } ]
  },
  "SynopsisRestController.findAll" : {
    "t" : [ {
      "id" : 0,
      "a" : [ [ "R", 13 ] ]
    } ]
  },
  "BadgeController.delete" : {
    "t" : [ {
      "id" : 0,
      "a" : [ [ "W", 2 ] ]
    } ]
  },
  "ShopController.update" : {
    "t" : [ {
      "id" : 0,
      "a" : [ [ "R", 12 ], [ "W", 8 ], [ "W", 12 ], [ "W", 8 ], [ "W", 12 ], [ "W", 8 ], [ "W", 6 ], [ "W", 12 ], [ "W", 6 ], [ "W", 12 ], [ "W", 6 ], [ "W", 12 ], [ "R", 12 ], [ "R", 8 ], [ "R", 12 ], [ "R", 8 ], [ "R", 8 ], [ "R", 12 ], [ "R", 6 ], [ "R", 12 ], [ "R", 6 ], [ "R", 6 ], [ "R", 8 ], [ "R", 8 ], [ "R", 12 ], [ "R", 8 ], [ "R", 12 ], [ "R", 12 ], [ "R", 8 ], [ "R", 2 ], [ "R", 8 ], [ "R", 2 ], [ "R", 2 ], [ "R", 6 ], [ "R", 6 ], [ "R", 8 ], [ "R", 8 ], [ "R", 12 ], [ "R", 8 ], [ "R", 12 ], [ "R", 12 ], [ "R", 8 ], [ "R", 2 ], [ "R", 8 ], [ "R", 2 ], [ "R", 2 ], [ "R", 8 ], [ "R", 8 ], [ "R", 12 ], [ "R", 8 ], [ "R", 12 ], [ "R", 12 ], [ "R", 8 ], [ "R", 2 ], [ "R", 8 ], [ "R", 2 ], [ "R", 2 ], [ "R", 6 ], [ "R", 6 ], [ "R", 8 ], [ "R", 8 ], [ "R", 12 ], [ "R", 8 ], [ "R", 12 ], [ "R", 12 ], [ "R", 8 ], [ "R", 2 ], [ "R", 8 ], [ "R", 2 ], [ "R", 2 ] ]
    } ]
  },
  "SynopsisRestController.update" : {
    "t" : [ {
      "id" : 0,
      "a" : [ [ "R", 13 ], [ "W", 13 ] ]
    } ]
  },
  "BookController.delete" : {
    "t" : [ {
      "id" : 0,
      "a" : [ [ "W", 3 ] ]
    } ]
  },
  "WorkgroupRestController.findAll" : {
    "t" : [ {
      "id" : 0,
      "a" : [ [ "R", 14 ] ]
    } ]
  },
  "BookOrderItemRestController.update" : {
    "t" : [ {
      "id" : 0,
      "a" : [ [ "R", 5 ], [ "W", 5 ] ]
    } ]
  },
  "BookOrderItemRestController.findAll" : {
    "t" : [ {
      "id" : 0,
      "a" : [ [ "R", 5 ] ]
    } ]
  },
  "SynopsisController.formForCreate" : {
    "t" : [ {
      "id" : 0,
      "a" : [ [ "R", 3 ], [ "R", 3 ], [ "R", 1 ], [ "R", 3 ], [ "R", 1 ], [ "R", 1 ], [ "R", 3 ], [ "R", 10 ], [ "R", 3 ], [ "R", 10 ], [ "R", 10 ] ]
    } ]
  },
  "EmployeeController.list" : {
    "t" : [ {
      "id" : 0,
      "a" : [ [ "R", 8 ], [ "R", 8 ], [ "R", 12 ], [ "R", 8 ], [ "R", 12 ], [ "R", 12 ], [ "R", 8 ], [ "R", 2 ], [ "R", 8 ], [ "R", 2 ], [ "R", 2 ] ]
    } ]
  },
  "EmployeeGroupRestController.update" : {
    "t" : [ {
      "id" : 0,
      "a" : [ [ "R", 9 ], [ "W", 9 ] ]
    } ]
  },
  "CountryRestController.findAll" : {
    "t" : [ {
      "id" : 0,
      "a" : [ [ "R", 6 ] ]
    } ]
  },
  "WorkgroupController.update" : {
    "t" : [ {
      "id" : 0,
      "a" : [ [ "R", 14 ], [ "W", 14 ] ]
    } ]
  },
  "CustomerController.list" : {
    "t" : [ {
      "id" : 0,
      "a" : [ [ "R", 7 ], [ "R", 7 ], [ "R", 6 ], [ "R", 7 ], [ "R", 6 ], [ "R", 6 ] ]
    } ]
  },
  "BadgeRestController.findAllAsListItems" : {
    "t" : [ {
      "id" : 0,
      "a" : [ [ "R", 2 ] ]
    } ]
  },
  "BookOrderItemController.update" : {
    "t" : [ {
      "id" : 0,
      "a" : [ [ "R", 5 ], [ "W", 5 ], [ "R", 4 ], [ "R", 4 ], [ "R", 12 ], [ "R", 4 ], [ "R", 12 ], [ "R", 12 ], [ "R", 4 ], [ "R", 8 ], [ "R", 4 ], [ "R", 8 ], [ "R", 8 ], [ "R", 4 ], [ "R", 7 ], [ "R", 4 ], [ "R", 7 ], [ "R", 7 ], [ "R", 3 ], [ "R", 3 ], [ "R", 1 ], [ "R", 3 ], [ "R", 1 ], [ "R", 1 ], [ "R", 3 ], [ "R", 10 ], [ "R", 3 ], [ "R", 10 ], [ "R", 10 ], [ "R", 4 ], [ "R", 4 ], [ "R", 12 ], [ "R", 4 ], [ "R", 12 ], [ "R", 12 ], [ "R", 4 ], [ "R", 8 ], [ "R", 4 ], [ "R", 8 ], [ "R", 8 ], [ "R", 4 ], [ "R", 7 ], [ "R", 4 ], [ "R", 7 ], [ "R", 7 ], [ "R", 3 ], [ "R", 3 ], [ "R", 1 ], [ "R", 3 ], [ "R", 1 ], [ "R", 1 ], [ "R", 3 ], [ "R", 10 ], [ "R", 3 ], [ "R", 10 ], [ "R", 10 ] ]
    } ]
  },
  "SynopsisController.delete" : {
    "t" : [ {
      "id" : 0,
      "a" : [ [ "W", 13 ] ]
    } ]
  },
  "CountryController.create" : {
    "t" : [ {
      "id" : 0,
      "a" : [ [ "R", 6 ], [ "W", 6 ] ]
    } ]
  }
}