{
  "1" : "AbstractDomain",
  "2" : "Account",
  "3" : "Address",
  "4" : "AmountType",
  "5" : "Attributes",
  "6" : "BankOffer",
  "7" : "Category",
  "8" : "CategoryAttributes",
  "9" : "CategoryCriteria",
  "10" : "CategoryCutType",
  "11" : "CategoryImages",
  "12" : "CategoryTags",
  "13" : "Coupon",
  "14" : "CouponBuyXGetY",
  "15" : "CouponPercentDirect",
  "16" : "Criteria",
  "17" : "CutType",
  "18" : "EmailSubscription",
  "19" : "Invoice",
  "20" : "InvoiceStatusCodes",
  "21" : "InvoiceTransaction",
  "22" : "Item",
  "23" : "ItemAttributes",
  "24" : "ItemImages",
  "25" : "ItemTags",
  "26" : "MailConfig",
  "27" : "MeatInvoice",
  "28" : "Offer",
  "29" : "OfferConfig",
  "30" : "OfferExcludeConfig",
  "31" : "OrderDeliveryOptions",
  "32" : "OrderItem",
  "33" : "OrderItemStatusCodes",
  "34" : "OrderStatusCodes",
  "35" : "Orders",
  "36" : "PieceType",
  "37" : "PreOrderCartItems",
  "38" : "Receipt",
  "39" : "Roles",
  "40" : "Seller",
  "41" : "SellerBankAccount",
  "42" : "SellerBranch",
  "43" : "SellerBranchAddress",
  "44" : "SellerBranchCharges",
  "45" : "SellerBranchImages",
  "46" : "SellerBranchTax",
  "47" : "SellerBranchTimings",
  "48" : "SellerBranchZone",
  "49" : "SellerImages",
  "50" : "SellerInvoice",
  "51" : "SellerItem",
  "52" : "SellerItemCriteria",
  "53" : "SellerItemImages",
  "54" : "SellerItemPieceType",
  "55" : "SellerItemTax",
  "56" : "SellerRequests",
  "57" : "SellerTimingsConfig",
  "58" : "SellerUser",
  "59" : "Seo",
  "60" : "Shipment",
  "61" : "ShipmentItems",
  "62" : "SubCategory",
  "63" : "SubCategoryAttributes",
  "64" : "SubCategoryImages",
  "65" : "SubCategoryTags",
  "66" : "SubOrder",
  "67" : "SubOrderStatusCode",
  "68" : "SubOrderTaxes",
  "69" : "TagType",
  "70" : "Tags",
  "71" : "Tax",
  "72" : "Timings",
  "73" : "UserAddress",
  "74" : "UserImages",
  "75" : "UserItemRating",
  "76" : "UserSearch",
  "77" : "UserSellerItemRating",
  "78" : "UserWishList",
  "79" : "Users",
  "80" : "UsersOffer",
  "81" : "Zone",
  "82" : "ZoneArea",
  "83" : "ZoneCity"
}