{
  "AbstractDomain" : 1,
  "Account" : 2,
  "Address" : 3,
  "AmountType" : 4,
  "Attributes" : 5,
  "BankOffer" : 6,
  "Category" : 7,
  "CategoryAttributes" : 8,
  "CategoryCriteria" : 9,
  "CategoryCutType" : 10,
  "CategoryImages" : 11,
  "CategoryTags" : 12,
  "Coupon" : 13,
  "CouponBuyXGetY" : 14,
  "CouponPercentDirect" : 15,
  "Criteria" : 16,
  "CutType" : 17,
  "EmailSubscription" : 18,
  "Invoice" : 19,
  "InvoiceStatusCodes" : 20,
  "InvoiceTransaction" : 21,
  "Item" : 22,
  "ItemAttributes" : 23,
  "ItemImages" : 24,
  "ItemTags" : 25,
  "MailConfig" : 26,
  "MeatInvoice" : 27,
  "Offer" : 28,
  "OfferConfig" : 29,
  "OfferExcludeConfig" : 30,
  "OrderDeliveryOptions" : 31,
  "OrderItem" : 32,
  "OrderItemStatusCodes" : 33,
  "OrderStatusCodes" : 34,
  "Orders" : 35,
  "PieceType" : 36,
  "PreOrderCartItems" : 37,
  "Receipt" : 38,
  "Roles" : 39,
  "Seller" : 40,
  "SellerBankAccount" : 41,
  "SellerBranch" : 42,
  "SellerBranchAddress" : 43,
  "SellerBranchCharges" : 44,
  "SellerBranchImages" : 45,
  "SellerBranchTax" : 46,
  "SellerBranchTimings" : 47,
  "SellerBranchZone" : 48,
  "SellerImages" : 49,
  "SellerInvoice" : 50,
  "SellerItem" : 51,
  "SellerItemCriteria" : 52,
  "SellerItemImages" : 53,
  "SellerItemPieceType" : 54,
  "SellerItemTax" : 55,
  "SellerRequests" : 56,
  "SellerTimingsConfig" : 57,
  "SellerUser" : 58,
  "Seo" : 59,
  "Shipment" : 60,
  "ShipmentItems" : 61,
  "SubCategory" : 62,
  "SubCategoryAttributes" : 63,
  "SubCategoryImages" : 64,
  "SubCategoryTags" : 65,
  "SubOrder" : 66,
  "SubOrderStatusCode" : 67,
  "SubOrderTaxes" : 68,
  "TagType" : 69,
  "Tags" : 70,
  "Tax" : 71,
  "Timings" : 72,
  "UserAddress" : 73,
  "UserImages" : 74,
  "UserItemRating" : 75,
  "UserSearch" : 76,
  "UserSellerItemRating" : 77,
  "UserWishList" : 78,
  "Users" : 79,
  "UsersOffer" : 80,
  "Zone" : 81,
  "ZoneArea" : 82,
  "ZoneCity" : 83
}