{
  "1" : "Activity",
  "2" : "ActivityModel",
  "3" : "ActivityView",
  "4" : "ActivityWorkItem",
  "5" : "AndCondition",
  "6" : "AssociationGoal",
  "7" : "Attribute",
  "8" : "AttributeBoolCondition",
  "9" : "AttributeInstance",
  "10" : "AttributeValueExpression",
  "11" : "BinaryExpression",
  "12" : "BlendedWorkflow",
  "13" : "BoolComparison",
  "14" : "Cardinality",
  "15" : "Comparison",
  "16" : "Condition",
  "17" : "ConditionModel",
  "18" : "DataModel",
  "19" : "DefAttributeCondition",
  "20" : "DefEntityCondition",
  "21" : "DefPathCondition",
  "22" : "DefProductCondition",
  "23" : "Dependence",
  "24" : "Entity",
  "25" : "EntityInstance",
  "26" : "Expression",
  "27" : "FalseCondition",
  "28" : "Goal",
  "29" : "GoalModel",
  "30" : "GoalView",
  "31" : "GoalWorkItem",
  "32" : "MulCondition",
  "33" : "NotCondition",
  "34" : "NumberLiteral",
  "35" : "OrCondition",
  "36" : "Path",
  "37" : "Position",
  "38" : "PostWorkItemArgument",
  "39" : "PreWorkItemArgument",
  "40" : "Product",
  "41" : "ProductGoal",
  "42" : "ProductInstance",
  "43" : "RelationBW",
  "44" : "RelationInstance",
  "45" : "Rule",
  "46" : "Specification",
  "47" : "StringLiteral",
  "48" : "TrueCondition",
  "49" : "View",
  "50" : "WorkItem",
  "51" : "WorkItemArgument",
  "52" : "WorkflowInstance"
}