{
  "Activity" : 1,
  "ActivityModel" : 2,
  "ActivityView" : 3,
  "ActivityWorkItem" : 4,
  "AndCondition" : 5,
  "AssociationGoal" : 6,
  "Attribute" : 7,
  "AttributeBoolCondition" : 8,
  "AttributeInstance" : 9,
  "AttributeValueExpression" : 10,
  "BinaryExpression" : 11,
  "BlendedWorkflow" : 12,
  "BoolComparison" : 13,
  "Cardinality" : 14,
  "Comparison" : 15,
  "Condition" : 16,
  "ConditionModel" : 17,
  "DataModel" : 18,
  "DefAttributeCondition" : 19,
  "DefEntityCondition" : 20,
  "DefPathCondition" : 21,
  "DefProductCondition" : 22,
  "Dependence" : 23,
  "Entity" : 24,
  "EntityInstance" : 25,
  "Expression" : 26,
  "FalseCondition" : 27,
  "Goal" : 28,
  "GoalModel" : 29,
  "GoalView" : 30,
  "GoalWorkItem" : 31,
  "MulCondition" : 32,
  "NotCondition" : 33,
  "NumberLiteral" : 34,
  "OrCondition" : 35,
  "Path" : 36,
  "Position" : 37,
  "PostWorkItemArgument" : 38,
  "PreWorkItemArgument" : 39,
  "Product" : 40,
  "ProductGoal" : 41,
  "ProductInstance" : 42,
  "RelationBW" : 43,
  "RelationInstance" : 44,
  "Rule" : 45,
  "Specification" : 46,
  "StringLiteral" : 47,
  "TrueCondition" : 48,
  "View" : 49,
  "WorkItem" : 50,
  "WorkItemArgument" : 51,
  "WorkflowInstance" : 52
}