{
  "1" : "AccountConfig",
  "2" : "AiConfig",
  "3" : "AttachmentFile",
  "4" : "DataDic",
  "5" : "GameConfig",
  "6" : "GameModel",
  "7" : "GamePlayway",
  "8" : "GamePlaywayGroup",
  "9" : "GamePlaywayGroupItem",
  "10" : "GameRoom",
  "11" : "Generation",
  "12" : "MJCardsType",
  "13" : "MetadataTable",
  "14" : "Organ",
  "15" : "OrganRole",
  "16" : "PlayUser",
  "17" : "PlayUserClient",
  "18" : "Project",
  "19" : "Role",
  "20" : "RoleAuth",
  "21" : "Secret",
  "22" : "SysDic",
  "23" : "SystemConfig",
  "24" : "TableProperties",
  "25" : "Team",
  "26" : "Template",
  "27" : "Token",
  "28" : "User",
  "29" : "UserRole"
}