{
  "OnlineGameUsersController.online" : {
    "t" : [ {
      "id" : 0,
      "a" : [ [ "W", 28 ], [ "R", 28 ], [ "W", 28 ], [ "W", 28 ], [ "R", 28 ], [ "W", 28 ], [ "R", 28 ], [ "W", 28 ], [ "R", 16 ] ]
    } ]
  },
  "MetadataController.update" : {
    "t" : [ {
      "id" : 0,
      "a" : [ [ "R", 13 ], [ "R", 13 ], [ "R", 13 ], [ "W", 13 ], [ "W", 13 ] ]
    } ]
  },
  "SystemConfigController.save" : {
    "t" : [ {
      "id" : 0,
      "a" : [ [ "W", 28 ], [ "R", 28 ], [ "W", 28 ], [ "W", 28 ], [ "R", 28 ], [ "W", 28 ], [ "R", 28 ], [ "W", 28 ], [ "R", 23 ], [ "W", 28 ], [ "R", 28 ], [ "W", 28 ], [ "W", 28 ], [ "R", 28 ], [ "W", 28 ], [ "R", 28 ], [ "W", 28 ], [ "W", 23 ], [ "R", 23 ], [ "W", 23 ], [ "W", 28 ], [ "R", 28 ], [ "W", 28 ], [ "W", 28 ], [ "R", 28 ], [ "W", 28 ], [ "R", 28 ], [ "W", 28 ], [ "W", 23 ], [ "W", 23 ], [ "R", 23 ], [ "W", 23 ], [ "R", 23 ], [ "R", 23 ], [ "R", 21 ], [ "W", 28 ], [ "R", 28 ], [ "W", 28 ], [ "W", 28 ], [ "R", 28 ], [ "W", 28 ], [ "R", 28 ], [ "W", 28 ], [ "R", 21 ], [ "R", 21 ], [ "R", 21 ], [ "R", 21 ], [ "W", 21 ], [ "W", 21 ], [ "W", 21 ], [ "W", 28 ], [ "R", 28 ], [ "W", 28 ], [ "W", 28 ], [ "R", 28 ], [ "W", 28 ], [ "R", 28 ], [ "W", 28 ], [ "W", 21 ], [ "W", 28 ], [ "R", 28 ], [ "W", 28 ], [ "W", 28 ], [ "R", 28 ], [ "W", 28 ], [ "R", 28 ], [ "W", 28 ], [ "W", 21 ], [ "W", 21 ], [ "R", 21 ], [ "W", 21 ], [ "W", 21 ], [ "W", 21 ], [ "W", 23 ], [ "W", 28 ], [ "R", 28 ], [ "W", 28 ], [ "W", 28 ], [ "R", 28 ], [ "W", 28 ], [ "R", 28 ], [ "W", 28 ] ]
    } ]
  },
  "GamePlaywayController.deletegroup" : {
    "t" : [ {
      "id" : 0,
      "a" : [ [ "R", 8 ], [ "W", 8 ], [ "R", 8 ], [ "W", 28 ], [ "R", 28 ], [ "W", 28 ], [ "W", 28 ], [ "R", 28 ], [ "W", 28 ], [ "R", 28 ], [ "W", 28 ], [ "R", 9 ], [ "W", 28 ], [ "R", 28 ], [ "W", 28 ], [ "W", 28 ], [ "R", 28 ], [ "W", 28 ], [ "R", 28 ], [ "W", 28 ], [ "W", 28 ], [ "R", 28 ], [ "W", 28 ], [ "W", 28 ], [ "R", 28 ], [ "W", 28 ], [ "R", 28 ], [ "W", 28 ], [ "R", 8 ], [ "R", 8 ] ]
    } ]
  },
  "UsersController.update" : {
    "t" : [ {
      "id" : 0,
      "a" : [ [ "R", 28 ], [ "R", 28 ], [ "R", 28 ], [ "W", 28 ], [ "R", 28 ], [ "W", 28 ], [ "W", 28 ], [ "R", 28 ], [ "W", 28 ], [ "R", 28 ], [ "W", 28 ], [ "R", 28 ], [ "R", 28 ], [ "R", 28 ], [ "R", 28 ], [ "W", 28 ], [ "R", 28 ], [ "W", 28 ], [ "R", 28 ], [ "W", 28 ], [ "R", 28 ], [ "W", 28 ], [ "R", 28 ], [ "W", 28 ], [ "W", 28 ], [ "R", 28 ], [ "W", 28 ], [ "W", 28 ], [ "R", 28 ], [ "W", 28 ], [ "R", 28 ], [ "W", 28 ], [ "W", 28 ], [ "R", 28 ], [ "W", 28 ], [ "R", 28 ], [ "R", 28 ], [ "W", 28 ], [ "W", 28 ], [ "W", 28 ], [ "R", 28 ], [ "W", 28 ], [ "W", 28 ], [ "W", 28 ] ]
    } ]
  },
  "GameRoomController.gameusers" : {
    "t" : [ {
      "id" : 0,
      "a" : [ [ "W", 28 ], [ "R", 28 ], [ "W", 28 ], [ "W", 28 ], [ "R", 28 ], [ "W", 28 ], [ "R", 28 ], [ "W", 28 ], [ "R", 10 ], [ "R", 10 ], [ "R", 10 ], [ "W", 10 ], [ "R", 10 ], [ "R", 10 ], [ "R", 10 ], [ "R", 10 ], [ "W", 28 ], [ "R", 28 ], [ "W", 28 ], [ "W", 28 ], [ "R", 28 ], [ "W", 28 ], [ "R", 28 ], [ "W", 28 ], [ "W", 10 ], [ "W", 7 ], [ "R", 16 ], [ "R", 16 ], [ "R", 10 ], [ "W", 10 ], [ "W", 16 ], [ "R", 22 ], [ "R", 22 ] ]
    } ]
  },
  "SysDicController.delete" : {
    "t" : [ {
      "id" : 0,
      "a" : [ [ "R", 22 ], [ "R", 22 ], [ "W", 22 ], [ "W", 22 ], [ "R", 22 ], [ "W", 28 ], [ "R", 28 ], [ "W", 28 ], [ "W", 28 ], [ "R", 28 ], [ "W", 28 ], [ "R", 28 ], [ "W", 28 ], [ "R", 22 ], [ "R", 22 ], [ "W", 28 ], [ "R", 28 ], [ "W", 28 ], [ "W", 28 ], [ "R", 28 ], [ "W", 28 ], [ "R", 28 ], [ "W", 28 ], [ "R", 22 ], [ "R", 22 ], [ "R", 22 ], [ "W", 28 ], [ "R", 28 ], [ "W", 28 ], [ "W", 28 ], [ "R", 28 ], [ "W", 28 ], [ "R", 28 ], [ "W", 28 ], [ "R", 22 ], [ "R", 22 ], [ "R", 22 ], [ "R", 22 ], [ "W", 28 ], [ "R", 28 ], [ "W", 28 ], [ "W", 28 ], [ "R", 28 ], [ "W", 28 ], [ "R", 28 ], [ "W", 28 ] ]
    } ]
  },
  "RoleController.userroledelete" : {
    "t" : [ {
      "id" : 0,
      "a" : [ [ "W", 29 ] ]
    } ]
  },
  "OrganController.authsave" : {
    "t" : [ {
      "id" : 0,
      "a" : [ [ "W", 28 ], [ "R", 28 ], [ "W", 28 ], [ "W", 28 ], [ "R", 28 ], [ "W", 28 ], [ "R", 28 ], [ "W", 28 ], [ "R", 14 ], [ "W", 28 ], [ "R", 28 ], [ "W", 28 ], [ "W", 28 ], [ "R", 28 ], [ "W", 28 ], [ "R", 28 ], [ "W", 28 ], [ "R", 15 ], [ "W", 15 ], [ "W", 19 ], [ "W", 15 ], [ "W", 19 ], [ "W", 15 ], [ "W", 14 ], [ "W", 28 ], [ "R", 28 ], [ "W", 28 ], [ "W", 28 ], [ "R", 28 ], [ "W", 28 ], [ "R", 28 ], [ "W", 28 ], [ "W", 15 ], [ "W", 28 ], [ "R", 28 ], [ "W", 28 ], [ "W", 28 ], [ "R", 28 ], [ "W", 28 ], [ "R", 28 ], [ "W", 28 ], [ "W", 15 ], [ "W", 15 ], [ "W", 15 ] ]
    } ]
  },
  "SysDicController.dicitembatsave" : {
    "t" : [ {
      "id" : 0,
      "a" : [ [ "W", 28 ], [ "R", 28 ], [ "W", 28 ], [ "W", 28 ], [ "R", 28 ], [ "W", 28 ], [ "R", 28 ], [ "W", 28 ], [ "W", 22 ], [ "W", 22 ], [ "W", 22 ], [ "W", 28 ], [ "R", 28 ], [ "W", 28 ], [ "W", 28 ], [ "R", 28 ], [ "W", 28 ], [ "R", 28 ], [ "W", 28 ], [ "W", 22 ], [ "R", 22 ], [ "W", 22 ], [ "R", 22 ], [ "W", 22 ], [ "W", 22 ], [ "W", 22 ], [ "W", 22 ], [ "R", 22 ], [ "R", 22 ], [ "R", 22 ], [ "R", 22 ], [ "W", 22 ], [ "R", 22 ], [ "R", 22 ], [ "R", 22 ], [ "W", 28 ], [ "R", 28 ], [ "W", 28 ], [ "W", 28 ], [ "R", 28 ], [ "W", 28 ], [ "R", 28 ], [ "W", 28 ], [ "R", 22 ], [ "R", 22 ], [ "W", 28 ], [ "R", 28 ], [ "W", 28 ], [ "W", 28 ], [ "R", 28 ], [ "W", 28 ], [ "R", 28 ], [ "W", 28 ], [ "R", 22 ], [ "R", 22 ], [ "R", 22 ], [ "W", 28 ], [ "R", 28 ], [ "W", 28 ], [ "W", 28 ], [ "R", 28 ], [ "W", 28 ], [ "R", 28 ], [ "W", 28 ], [ "R", 22 ], [ "R", 22 ], [ "R", 22 ], [ "R", 22 ], [ "W", 28 ], [ "R", 28 ], [ "W", 28 ], [ "W", 28 ], [ "R", 28 ], [ "W", 28 ], [ "R", 28 ], [ "W", 28 ], [ "R", 22 ] ]
    } ]
  },
  "GamePlaywayController.edit" : {
    "t" : [ {
      "id" : 0,
      "a" : [ [ "W", 28 ], [ "R", 28 ], [ "W", 28 ], [ "W", 28 ], [ "R", 28 ], [ "W", 28 ], [ "R", 28 ], [ "W", 28 ], [ "R", 7 ], [ "R", 22 ], [ "R", 22 ], [ "R", 22 ], [ "R", 22 ], [ "R", 22 ], [ "R", 22 ], [ "R", 22 ] ]
    } ]
  },
  "RoleController.save" : {
    "t" : [ {
      "id" : 0,
      "a" : [ [ "R", 19 ], [ "W", 28 ], [ "R", 28 ], [ "W", 28 ], [ "W", 28 ], [ "R", 28 ], [ "W", 28 ], [ "R", 28 ], [ "W", 28 ], [ "R", 19 ], [ "W", 28 ], [ "R", 28 ], [ "W", 28 ], [ "W", 28 ], [ "R", 28 ], [ "W", 28 ], [ "R", 28 ], [ "W", 28 ], [ "W", 19 ], [ "W", 28 ], [ "R", 28 ], [ "W", 28 ], [ "W", 28 ], [ "R", 28 ], [ "W", 28 ], [ "R", 28 ], [ "W", 28 ], [ "W", 19 ], [ "W", 19 ], [ "W", 19 ], [ "W", 19 ] ]
    } ]
  },
  "ApiRegisterController.register" : {
    "t" : [ {
      "id" : 0,
      "a" : [ [ "R", 16 ], [ "R", 16 ], [ "R", 16 ], [ "W", 16 ], [ "R", 16 ], [ "R", 16 ], [ "W", 16 ], [ "W", 16 ], [ "W", 16 ], [ "W", 16 ], [ "W", 16 ], [ "R", 16 ], [ "R", 16 ], [ "W", 16 ] ]
    } ]
  },
  "MetadataController.imptb" : {
    "t" : [ {
      "id" : 0,
      "a" : [ [ "W", 28 ], [ "R", 28 ], [ "W", 28 ], [ "W", 28 ], [ "R", 28 ], [ "W", 28 ], [ "R", 28 ], [ "W", 28 ], [ "R", 13 ], [ "W", 13 ], [ "R", 28 ], [ "W", 13 ], [ "R", 13 ], [ "W", 13 ], [ "W", 13 ], [ "R", 28 ], [ "W", 13 ], [ "R", 28 ], [ "W", 13 ], [ "W", 13 ], [ "W", 13 ], [ "W", 13 ], [ "R", 13 ], [ "W", 13 ], [ "W", 24 ], [ "W", 24 ], [ "W", 24 ], [ "W", 24 ], [ "W", 24 ], [ "W", 24 ], [ "W", 24 ], [ "W", 24 ], [ "W", 24 ], [ "R", 13 ], [ "W", 24 ], [ "W", 24 ], [ "W", 24 ], [ "W", 24 ], [ "W", 24 ], [ "R", 24 ], [ "R", 24 ], [ "R", 24 ], [ "R", 24 ], [ "R", 24 ], [ "R", 24 ], [ "W", 24 ], [ "W", 24 ], [ "W", 24 ], [ "R", 13 ], [ "R", 24 ], [ "W", 13 ], [ "W", 24 ], [ "R", 13 ], [ "W", 13 ], [ "W", 13 ] ]
    } ]
  },
  "GamePlaywayController.updategroup" : {
    "t" : [ {
      "id" : 0,
      "a" : [ [ "R", 8 ], [ "R", 8 ], [ "R", 8 ], [ "W", 28 ], [ "R", 28 ], [ "W", 28 ], [ "W", 28 ], [ "R", 28 ], [ "W", 28 ], [ "R", 28 ], [ "W", 28 ], [ "R", 8 ], [ "R", 8 ], [ "W", 28 ], [ "R", 28 ], [ "W", 28 ], [ "W", 28 ], [ "R", 28 ], [ "W", 28 ], [ "R", 28 ], [ "W", 28 ], [ "W", 8 ], [ "W", 28 ], [ "R", 28 ], [ "W", 28 ], [ "W", 28 ], [ "R", 28 ], [ "W", 28 ], [ "R", 28 ], [ "W", 28 ], [ "W", 8 ], [ "W", 8 ], [ "W", 8 ], [ "W", 28 ], [ "R", 28 ], [ "W", 28 ], [ "W", 28 ], [ "R", 28 ], [ "W", 28 ], [ "R", 28 ], [ "W", 28 ], [ "R", 8 ], [ "R", 8 ] ]
    } ]
  },
  "UsersController.edit" : {
    "t" : [ {
      "id" : 0,
      "a" : [ [ "W", 28 ], [ "R", 28 ], [ "W", 28 ], [ "W", 28 ], [ "R", 28 ], [ "W", 28 ], [ "R", 28 ], [ "W", 28 ], [ "R", 28 ] ]
    } ]
  },
  "LoginController.login" : {
    "t" : [ {
      "id" : 0,
      "a" : [ [ "R", 28 ], [ "R", 28 ], [ "R", 28 ], [ "R", 28 ], [ "R", 28 ], [ "W", 28 ], [ "R", 28 ], [ "R", 29 ], [ "R", 28 ], [ "R", 19 ], [ "R", 29 ], [ "R", 19 ], [ "W", 28 ], [ "W", 19 ], [ "R", 28 ], [ "R", 28 ], [ "R", 28 ], [ "R", 14 ], [ "R", 28 ], [ "R", 15 ], [ "R", 28 ], [ "R", 19 ], [ "R", 15 ], [ "R", 19 ], [ "W", 28 ], [ "W", 19 ], [ "R", 28 ], [ "R", 19 ], [ "R", 28 ], [ "R", 19 ], [ "R", 28 ], [ "R", 19 ], [ "R", 28 ], [ "R", 19 ], [ "R", 19 ], [ "R", 28 ], [ "R", 20 ], [ "W", 28 ], [ "W", 20 ], [ "W", 28 ], [ "R", 28 ], [ "W", 28 ] ]
    } ]
  },
  "OrganController.seluser" : {
    "t" : [ {
      "id" : 0,
      "a" : [ [ "W", 28 ], [ "R", 28 ], [ "W", 28 ], [ "W", 28 ], [ "R", 28 ], [ "W", 28 ], [ "R", 28 ], [ "W", 28 ], [ "R", 28 ], [ "W", 28 ], [ "R", 28 ], [ "W", 28 ], [ "W", 28 ], [ "R", 28 ], [ "W", 28 ], [ "R", 28 ], [ "W", 28 ], [ "R", 14 ], [ "W", 28 ], [ "R", 28 ], [ "W", 28 ], [ "W", 28 ], [ "R", 28 ], [ "W", 28 ], [ "R", 28 ], [ "W", 28 ], [ "R", 28 ] ]
    } ]
  },
  "GamePlaywayController.add" : {
    "t" : [ {
      "id" : 0,
      "a" : [ [ "R", 22 ], [ "R", 22 ], [ "R", 22 ], [ "R", 22 ], [ "R", 22 ], [ "R", 22 ], [ "R", 22 ] ]
    } ]
  },
  "SysDicController.dicitemupdate" : {
    "t" : [ {
      "id" : 0,
      "a" : [ [ "R", 22 ], [ "R", 22 ], [ "R", 22 ], [ "R", 22 ], [ "R", 22 ], [ "R", 22 ], [ "R", 22 ], [ "R", 22 ], [ "W", 22 ], [ "R", 22 ], [ "W", 22 ], [ "R", 22 ], [ "W", 22 ], [ "W", 28 ], [ "R", 28 ], [ "W", 28 ], [ "W", 28 ], [ "R", 28 ], [ "W", 28 ], [ "R", 28 ], [ "W", 28 ], [ "W", 22 ], [ "R", 22 ], [ "W", 22 ], [ "R", 22 ], [ "W", 22 ], [ "R", 22 ], [ "W", 22 ], [ "R", 22 ], [ "W", 22 ], [ "R", 22 ], [ "W", 22 ], [ "W", 22 ], [ "R", 22 ], [ "W", 28 ], [ "R", 28 ], [ "W", 28 ], [ "W", 28 ], [ "R", 28 ], [ "W", 28 ], [ "R", 28 ], [ "W", 28 ], [ "R", 22 ], [ "R", 22 ], [ "W", 28 ], [ "R", 28 ], [ "W", 28 ], [ "W", 28 ], [ "R", 28 ], [ "W", 28 ], [ "R", 28 ], [ "W", 28 ], [ "R", 22 ], [ "R", 22 ], [ "R", 22 ], [ "W", 28 ], [ "R", 28 ], [ "W", 28 ], [ "W", 28 ], [ "R", 28 ], [ "W", 28 ], [ "R", 28 ], [ "W", 28 ], [ "R", 22 ], [ "R", 22 ], [ "R", 22 ], [ "R", 22 ], [ "W", 28 ], [ "R", 28 ], [ "W", 28 ], [ "W", 28 ], [ "R", 28 ], [ "W", 28 ], [ "R", 28 ], [ "W", 28 ], [ "R", 22 ] ]
    } ]
  },
  "MetadataController.propertiesdelete" : {
    "t" : [ {
      "id" : 0,
      "a" : [ [ "R", 24 ], [ "W", 24 ], [ "R", 24 ] ]
    } ]
  },
  "OrganController.auth" : {
    "t" : [ {
      "id" : 0,
      "a" : [ [ "W", 28 ], [ "R", 28 ], [ "W", 28 ], [ "W", 28 ], [ "R", 28 ], [ "W", 28 ], [ "R", 28 ], [ "W", 28 ], [ "R", 14 ], [ "W", 28 ], [ "R", 28 ], [ "W", 28 ], [ "W", 28 ], [ "R", 28 ], [ "W", 28 ], [ "R", 28 ], [ "W", 28 ], [ "R", 19 ], [ "W", 28 ], [ "R", 28 ], [ "W", 28 ], [ "W", 28 ], [ "R", 28 ], [ "W", 28 ], [ "R", 28 ], [ "W", 28 ], [ "R", 15 ] ]
    } ]
  },
  "OrganController.index" : {
    "t" : [ {
      "id" : 0,
      "a" : [ [ "R", 14 ], [ "R", 14 ], [ "R", 14 ], [ "W", 28 ], [ "R", 28 ], [ "W", 28 ], [ "W", 28 ], [ "R", 28 ], [ "W", 28 ], [ "R", 28 ], [ "W", 28 ], [ "R", 28 ], [ "R", 19 ] ]
    } ]
  },
  "GamePlaywayController.addgroup" : {
    "t" : [ {
      "id" : 0,
      "a" : [ [ "W", 28 ], [ "R", 28 ], [ "W", 28 ], [ "W", 28 ], [ "R", 28 ], [ "W", 28 ], [ "R", 28 ], [ "W", 28 ], [ "R", 7 ] ]
    } ]
  },
  "TemplateController.list" : {
    "t" : [ {
      "id" : 0,
      "a" : [ [ "W", 28 ], [ "R", 28 ], [ "W", 28 ], [ "W", 28 ], [ "R", 28 ], [ "W", 28 ], [ "R", 28 ], [ "W", 28 ], [ "R", 26 ] ]
    } ]
  },
  "MetadataController.propertiesedit" : {
    "t" : [ {
      "id" : 0,
      "a" : [ [ "R", 24 ], [ "R", 22 ] ]
    } ]
  },
  "TemplateController.save" : {
    "t" : [ {
      "id" : 0,
      "a" : [ [ "W", 28 ], [ "R", 28 ], [ "W", 28 ], [ "W", 28 ], [ "R", 28 ], [ "W", 28 ], [ "R", 28 ], [ "W", 28 ], [ "W", 26 ], [ "W", 26 ], [ "W", 26 ], [ "R", 26 ] ]
    } ]
  },
  "SysDicController.dicitembatadd" : {
    "t" : [ {
      "id" : 0,
      "a" : [ [ "R", 22 ] ]
    } ]
  },
  "GameConfigController.content" : {
    "t" : [ {
      "id" : 0,
      "a" : [ [ "W", 28 ], [ "R", 28 ], [ "W", 28 ], [ "W", 28 ], [ "R", 28 ], [ "W", 28 ], [ "R", 28 ], [ "W", 28 ], [ "R", 5 ], [ "R", 22 ], [ "R", 22 ] ]
    } ]
  },
  "RoleController.authsave" : {
    "t" : [ {
      "id" : 0,
      "a" : [ [ "W", 28 ], [ "R", 28 ], [ "W", 28 ], [ "W", 28 ], [ "R", 28 ], [ "W", 28 ], [ "R", 28 ], [ "W", 28 ], [ "R", 20 ], [ "W", 20 ], [ "W", 20 ], [ "W", 20 ], [ "W", 28 ], [ "R", 28 ], [ "W", 28 ], [ "W", 28 ], [ "R", 28 ], [ "W", 28 ], [ "R", 28 ], [ "W", 28 ], [ "W", 20 ], [ "W", 28 ], [ "R", 28 ], [ "W", 28 ], [ "W", 28 ], [ "R", 28 ], [ "W", 28 ], [ "R", 28 ], [ "W", 28 ], [ "W", 20 ], [ "W", 20 ], [ "R", 22 ], [ "W", 20 ], [ "R", 22 ], [ "W", 20 ], [ "W", 20 ] ]
    } ]
  },
  "SysDicController.edit" : {
    "t" : [ {
      "id" : 0,
      "a" : [ [ "R", 22 ] ]
    } ]
  },
  "GamePlaywayController.extpro" : {
    "t" : [ {
      "id" : 0,
      "a" : [ [ "W", 28 ], [ "R", 28 ], [ "W", 28 ], [ "W", 28 ], [ "R", 28 ], [ "W", 28 ], [ "R", 28 ], [ "W", 28 ], [ "R", 7 ], [ "W", 28 ], [ "R", 28 ], [ "W", 28 ], [ "W", 28 ], [ "R", 28 ], [ "W", 28 ], [ "R", 28 ], [ "W", 28 ], [ "R", 8 ], [ "W", 28 ], [ "R", 28 ], [ "W", 28 ], [ "W", 28 ], [ "R", 28 ], [ "W", 28 ], [ "R", 28 ], [ "W", 28 ], [ "R", 9 ] ]
    } ]
  },
  "SysDicController.dicitem" : {
    "t" : [ {
      "id" : 0,
      "a" : [ [ "R", 22 ], [ "R", 22 ] ]
    } ]
  },
  "MetadataController.table" : {
    "t" : [ {
      "id" : 0,
      "a" : [ [ "R", 24 ] ]
    } ]
  },
  "SysDicController.dicitemsave" : {
    "t" : [ {
      "id" : 0,
      "a" : [ [ "R", 22 ], [ "R", 22 ], [ "R", 22 ], [ "W", 22 ], [ "W", 28 ], [ "R", 28 ], [ "W", 28 ], [ "W", 28 ], [ "R", 28 ], [ "W", 28 ], [ "R", 28 ], [ "W", 28 ], [ "W", 22 ], [ "W", 28 ], [ "R", 28 ], [ "W", 28 ], [ "W", 28 ], [ "R", 28 ], [ "W", 28 ], [ "R", 28 ], [ "W", 28 ], [ "W", 22 ], [ "W", 22 ], [ "W", 22 ], [ "R", 22 ], [ "W", 28 ], [ "R", 28 ], [ "W", 28 ], [ "W", 28 ], [ "R", 28 ], [ "W", 28 ], [ "R", 28 ], [ "W", 28 ], [ "R", 22 ], [ "R", 22 ], [ "W", 28 ], [ "R", 28 ], [ "W", 28 ], [ "W", 28 ], [ "R", 28 ], [ "W", 28 ], [ "R", 28 ], [ "W", 28 ], [ "R", 22 ], [ "R", 22 ], [ "R", 22 ], [ "W", 28 ], [ "R", 28 ], [ "W", 28 ], [ "W", 28 ], [ "R", 28 ], [ "W", 28 ], [ "R", 28 ], [ "W", 28 ], [ "R", 22 ], [ "R", 22 ], [ "R", 22 ], [ "R", 22 ], [ "W", 28 ], [ "R", 28 ], [ "W", 28 ], [ "W", 28 ], [ "R", 28 ], [ "W", 28 ], [ "R", 28 ], [ "W", 28 ], [ "R", 22 ] ]
    } ]
  },
  "SysDicController.save" : {
    "t" : [ {
      "id" : 0,
      "a" : [ [ "R", 22 ], [ "R", 22 ], [ "R", 22 ], [ "W", 22 ], [ "W", 22 ], [ "W", 28 ], [ "R", 28 ], [ "W", 28 ], [ "W", 28 ], [ "R", 28 ], [ "W", 28 ], [ "R", 28 ], [ "W", 28 ], [ "W", 22 ], [ "W", 22 ], [ "W", 22 ], [ "R", 22 ], [ "W", 28 ], [ "R", 28 ], [ "W", 28 ], [ "W", 28 ], [ "R", 28 ], [ "W", 28 ], [ "R", 28 ], [ "W", 28 ], [ "R", 22 ], [ "R", 22 ], [ "W", 28 ], [ "R", 28 ], [ "W", 28 ], [ "W", 28 ], [ "R", 28 ], [ "W", 28 ], [ "R", 28 ], [ "W", 28 ], [ "R", 22 ], [ "R", 22 ], [ "R", 22 ], [ "W", 28 ], [ "R", 28 ], [ "W", 28 ], [ "W", 28 ], [ "R", 28 ], [ "W", 28 ], [ "R", 28 ], [ "W", 28 ], [ "R", 22 ], [ "R", 22 ], [ "R", 22 ], [ "R", 22 ], [ "W", 28 ], [ "R", 28 ], [ "W", 28 ], [ "W", 28 ], [ "R", 28 ], [ "W", 28 ], [ "R", 28 ], [ "W", 28 ] ]
    } ]
  },
  "ApiLoginController.login" : {
    "t" : [ {
      "id" : 0,
      "a" : [ [ "R", 16 ], [ "R", 16 ], [ "R", 16 ], [ "R", 16 ], [ "R", 16 ], [ "R", 16 ], [ "R", 16 ], [ "R", 16 ], [ "W", 16 ], [ "R", 16 ], [ "R", 16 ], [ "W", 16 ], [ "W", 16 ], [ "W", 16 ], [ "W", 16 ], [ "W", 16 ], [ "R", 16 ], [ "R", 16 ], [ "W", 16 ], [ "W", 16 ], [ "W", 16 ], [ "W", 16 ] ]
    } ]
  },
  "ApiLoginController.error" : {
    "t" : [ {
      "id" : 0,
      "a" : [ [ "W", 28 ], [ "R", 28 ], [ "W", 28 ], [ "W", 28 ], [ "R", 28 ], [ "W", 28 ], [ "R", 28 ], [ "W", 28 ] ]
    } ]
  },
  "TemplateController.update" : {
    "t" : [ {
      "id" : 0,
      "a" : [ [ "R", 26 ], [ "W", 28 ], [ "R", 28 ], [ "W", 28 ], [ "W", 28 ], [ "R", 28 ], [ "W", 28 ], [ "R", 28 ], [ "W", 28 ], [ "R", 26 ], [ "R", 26 ], [ "W", 26 ], [ "W", 26 ], [ "R", 26 ] ]
    } ]
  },
  "GameConfigController.aiconfig" : {
    "t" : [ {
      "id" : 0,
      "a" : [ [ "W", 28 ], [ "R", 28 ], [ "W", 28 ], [ "W", 28 ], [ "R", 28 ], [ "W", 28 ], [ "R", 28 ], [ "W", 28 ], [ "R", 2 ], [ "R", 2 ], [ "W", 2 ], [ "W", 28 ], [ "R", 28 ], [ "W", 28 ], [ "W", 28 ], [ "R", 28 ], [ "W", 28 ], [ "R", 28 ], [ "W", 28 ], [ "W", 2 ], [ "W", 28 ], [ "R", 28 ], [ "W", 28 ], [ "W", 28 ], [ "R", 28 ], [ "W", 28 ], [ "R", 28 ], [ "W", 28 ], [ "W", 2 ], [ "W", 2 ], [ "W", 2 ], [ "W", 28 ], [ "R", 28 ], [ "W", 28 ], [ "W", 28 ], [ "R", 28 ], [ "W", 28 ], [ "R", 28 ], [ "W", 28 ], [ "W", 28 ], [ "R", 28 ], [ "W", 28 ], [ "W", 28 ], [ "R", 28 ], [ "W", 28 ], [ "R", 28 ], [ "W", 28 ] ]
    } ]
  },
  "RoleController.auth" : {
    "t" : [ {
      "id" : 0,
      "a" : [ [ "R", 22 ], [ "R", 22 ], [ "R", 22 ], [ "W", 28 ], [ "R", 28 ], [ "W", 28 ], [ "W", 28 ], [ "R", 28 ], [ "W", 28 ], [ "R", 28 ], [ "W", 28 ], [ "R", 19 ], [ "R", 19 ], [ "W", 28 ], [ "R", 28 ], [ "W", 28 ], [ "W", 28 ], [ "R", 28 ], [ "W", 28 ], [ "R", 28 ], [ "W", 28 ], [ "R", 20 ] ]
    } ]
  },
  "GamePlaywayController.savegroup" : {
    "t" : [ {
      "id" : 0,
      "a" : [ [ "R", 8 ], [ "R", 8 ], [ "R", 8 ], [ "W", 28 ], [ "R", 28 ], [ "W", 28 ], [ "W", 28 ], [ "R", 28 ], [ "W", 28 ], [ "R", 28 ], [ "W", 28 ], [ "R", 8 ], [ "W", 28 ], [ "R", 28 ], [ "W", 28 ], [ "W", 28 ], [ "R", 28 ], [ "W", 28 ], [ "R", 28 ], [ "W", 28 ], [ "W", 8 ], [ "W", 28 ], [ "R", 28 ], [ "W", 28 ], [ "W", 28 ], [ "R", 28 ], [ "W", 28 ], [ "R", 28 ], [ "W", 28 ], [ "W", 8 ], [ "W", 8 ], [ "W", 28 ], [ "R", 28 ], [ "W", 28 ], [ "W", 28 ], [ "R", 28 ], [ "W", 28 ], [ "R", 28 ], [ "W", 28 ], [ "R", 8 ], [ "R", 8 ] ]
    } ]
  },
  "GamePlaywayController.playway" : {
    "t" : [ {
      "id" : 0,
      "a" : [ [ "R", 22 ], [ "W", 28 ], [ "R", 28 ], [ "W", 28 ], [ "W", 28 ], [ "R", 28 ], [ "W", 28 ], [ "R", 28 ], [ "W", 28 ], [ "R", 7 ] ]
    } ]
  },
  "OrganController.delete" : {
    "t" : [ {
      "id" : 0,
      "a" : [ [ "W", 14 ] ]
    } ]
  },
  "SystemConfigController.stopimserver" : {
    "t" : [ {
      "id" : 0,
      "a" : [ [ "W", 28 ], [ "R", 28 ], [ "W", 28 ], [ "W", 28 ], [ "R", 28 ], [ "W", 28 ], [ "R", 28 ], [ "W", 28 ], [ "R", 21 ], [ "R", 21 ] ]
    } ]
  },
  "RoleController.saveuser" : {
    "t" : [ {
      "id" : 0,
      "a" : [ [ "W", 28 ], [ "R", 28 ], [ "W", 28 ], [ "W", 28 ], [ "R", 28 ], [ "W", 28 ], [ "R", 28 ], [ "W", 28 ], [ "R", 19 ], [ "W", 28 ], [ "R", 28 ], [ "W", 28 ], [ "W", 28 ], [ "R", 28 ], [ "W", 28 ], [ "R", 28 ], [ "W", 28 ], [ "R", 29 ], [ "R", 29 ], [ "R", 28 ], [ "R", 28 ], [ "W", 28 ], [ "W", 29 ], [ "W", 28 ], [ "W", 19 ], [ "W", 29 ], [ "W", 19 ], [ "W", 28 ], [ "R", 28 ], [ "W", 28 ], [ "W", 28 ], [ "R", 28 ], [ "W", 28 ], [ "R", 28 ], [ "W", 28 ], [ "W", 29 ], [ "W", 28 ], [ "R", 28 ], [ "W", 28 ], [ "W", 28 ], [ "R", 28 ], [ "W", 28 ], [ "R", 28 ], [ "W", 28 ], [ "W", 29 ], [ "W", 29 ] ]
    } ]
  },
  "SysDicController.dicitemadd" : {
    "t" : [ {
      "id" : 0,
      "a" : [ [ "R", 22 ] ]
    } ]
  },
  "RoleController.seluser" : {
    "t" : [ {
      "id" : 0,
      "a" : [ [ "W", 28 ], [ "R", 28 ], [ "W", 28 ], [ "W", 28 ], [ "R", 28 ], [ "W", 28 ], [ "R", 28 ], [ "W", 28 ], [ "R", 28 ], [ "W", 28 ], [ "R", 28 ], [ "W", 28 ], [ "W", 28 ], [ "R", 28 ], [ "W", 28 ], [ "R", 28 ], [ "W", 28 ], [ "R", 19 ], [ "W", 28 ], [ "R", 28 ], [ "W", 28 ], [ "W", 28 ], [ "R", 28 ], [ "W", 28 ], [ "R", 28 ], [ "W", 28 ], [ "R", 29 ] ]
    } ]
  },
  "OrganController.userroledelete" : {
    "t" : [ {
      "id" : 0,
      "a" : [ [ "R", 28 ], [ "W", 28 ], [ "W", 28 ] ]
    } ]
  },
  "TemplateController.index" : {
    "t" : [ {
      "id" : 0,
      "a" : [ [ "R", 22 ], [ "R", 22 ] ]
    } ]
  },
  "MetadataController.propertiesupdate" : {
    "t" : [ {
      "id" : 0,
      "a" : [ [ "R", 24 ], [ "R", 24 ], [ "R", 24 ], [ "W", 24 ], [ "R", 24 ], [ "W", 24 ], [ "R", 24 ], [ "W", 24 ], [ "R", 24 ], [ "W", 24 ], [ "R", 24 ], [ "W", 24 ], [ "W", 24 ], [ "R", 24 ] ]
    } ]
  },
  "OrganController.edit" : {
    "t" : [ {
      "id" : 0,
      "a" : [ [ "W", 28 ], [ "R", 28 ], [ "W", 28 ], [ "W", 28 ], [ "R", 28 ], [ "W", 28 ], [ "R", 28 ], [ "W", 28 ], [ "R", 14 ] ]
    } ]
  },
  "TemplateController.impsave" : {
    "t" : [ {
      "id" : 0,
      "a" : [ [ "W", 26 ], [ "W", 26 ] ]
    } ]
  },
  "SysDicController.dicitemdelete" : {
    "t" : [ {
      "id" : 0,
      "a" : [ [ "R", 22 ], [ "W", 22 ], [ "R", 22 ], [ "W", 22 ], [ "R", 22 ], [ "W", 28 ], [ "R", 28 ], [ "W", 28 ], [ "W", 28 ], [ "R", 28 ], [ "W", 28 ], [ "R", 28 ], [ "W", 28 ], [ "R", 22 ], [ "R", 22 ], [ "W", 28 ], [ "R", 28 ], [ "W", 28 ], [ "W", 28 ], [ "R", 28 ], [ "W", 28 ], [ "R", 28 ], [ "W", 28 ], [ "R", 22 ], [ "R", 22 ], [ "R", 22 ], [ "W", 28 ], [ "R", 28 ], [ "W", 28 ], [ "W", 28 ], [ "R", 28 ], [ "W", 28 ], [ "R", 28 ], [ "W", 28 ], [ "R", 22 ], [ "R", 22 ], [ "R", 22 ], [ "R", 22 ], [ "W", 28 ], [ "R", 28 ], [ "W", 28 ], [ "W", 28 ], [ "R", 28 ], [ "W", 28 ], [ "R", 28 ], [ "W", 28 ], [ "R", 22 ] ]
    } ]
  },
  "TemplateController.edit" : {
    "t" : [ {
      "id" : 0,
      "a" : [ [ "W", 28 ], [ "R", 28 ], [ "W", 28 ], [ "W", 28 ], [ "R", 28 ], [ "W", 28 ], [ "R", 28 ], [ "W", 28 ], [ "R", 26 ] ]
    } ]
  },
  "SysDicController.update" : {
    "t" : [ {
      "id" : 0,
      "a" : [ [ "R", 22 ], [ "R", 22 ], [ "R", 22 ], [ "R", 22 ], [ "R", 22 ], [ "R", 22 ], [ "R", 22 ], [ "R", 22 ], [ "W", 22 ], [ "R", 22 ], [ "W", 22 ], [ "R", 22 ], [ "W", 22 ], [ "R", 22 ], [ "W", 22 ], [ "R", 22 ], [ "W", 22 ], [ "R", 22 ], [ "W", 22 ], [ "R", 22 ], [ "W", 22 ], [ "W", 22 ], [ "R", 22 ], [ "W", 28 ], [ "R", 28 ], [ "W", 28 ], [ "W", 28 ], [ "R", 28 ], [ "W", 28 ], [ "R", 28 ], [ "W", 28 ], [ "R", 22 ], [ "R", 22 ], [ "W", 28 ], [ "R", 28 ], [ "W", 28 ], [ "W", 28 ], [ "R", 28 ], [ "W", 28 ], [ "R", 28 ], [ "W", 28 ], [ "R", 22 ], [ "R", 22 ], [ "R", 22 ], [ "W", 28 ], [ "R", 28 ], [ "W", 28 ], [ "W", 28 ], [ "R", 28 ], [ "W", 28 ], [ "R", 28 ], [ "W", 28 ], [ "R", 22 ], [ "R", 22 ], [ "R", 22 ], [ "R", 22 ], [ "W", 28 ], [ "R", 28 ], [ "W", 28 ], [ "W", 28 ], [ "R", 28 ], [ "W", 28 ], [ "R", 28 ], [ "W", 28 ] ]
    } ]
  },
  "UsersController.save" : {
    "t" : [ {
      "id" : 0,
      "a" : [ [ "R", 28 ], [ "W", 28 ], [ "R", 28 ], [ "W", 28 ], [ "W", 28 ], [ "R", 28 ], [ "W", 28 ], [ "R", 28 ], [ "W", 28 ], [ "R", 28 ], [ "W", 28 ], [ "W", 28 ], [ "R", 28 ], [ "R", 28 ], [ "W", 28 ], [ "W", 28 ], [ "R", 28 ], [ "W", 28 ], [ "W", 28 ], [ "R", 28 ], [ "W", 28 ], [ "R", 28 ], [ "W", 28 ], [ "W", 28 ], [ "W", 28 ] ]
    } ]
  },
  "OrganController.saveuser" : {
    "t" : [ {
      "id" : 0,
      "a" : [ [ "R", 28 ], [ "W", 28 ], [ "W", 28 ] ]
    } ]
  },
  "UsersController.delete" : {
    "t" : [ {
      "id" : 0,
      "a" : [ [ "W", 28 ], [ "R", 28 ], [ "W", 28 ], [ "W", 28 ], [ "R", 28 ], [ "W", 28 ], [ "R", 28 ], [ "W", 28 ], [ "R", 29 ], [ "W", 29 ], [ "R", 28 ], [ "R", 28 ], [ "W", 28 ], [ "W", 28 ] ]
    } ]
  },
  "RoleController.index" : {
    "t" : [ {
      "id" : 0,
      "a" : [ [ "R", 19 ], [ "R", 19 ], [ "W", 28 ], [ "R", 28 ], [ "W", 28 ], [ "W", 28 ], [ "R", 28 ], [ "W", 28 ], [ "R", 28 ], [ "W", 28 ], [ "R", 29 ] ]
    } ]
  },
  "OnlineGameUsersController.edit" : {
    "t" : [ {
      "id" : 0,
      "a" : [ [ "R", 16 ] ]
    } ]
  },
  "MetadataController.delete" : {
    "t" : [ {
      "id" : 0,
      "a" : [ [ "R", 13 ], [ "W", 13 ] ]
    } ]
  },
  "GuestPlayerController.guest" : {
    "t" : [ {
      "id" : 0,
      "a" : [ [ "R", 27 ], [ "R", 27 ], [ "R", 27 ], [ "R", 27 ], [ "R", 27 ], [ "R", 17 ], [ "R", 27 ], [ "W", 17 ], [ "W", 27 ], [ "R", 16 ], [ "W", 16 ], [ "R", 16 ], [ "R", 16 ], [ "W", 16 ], [ "W", 16 ], [ "W", 16 ], [ "W", 16 ], [ "W", 16 ], [ "W", 16 ], [ "W", 16 ], [ "W", 16 ], [ "W", 16 ], [ "W", 16 ], [ "W", 16 ], [ "W", 16 ], [ "W", 16 ], [ "W", 16 ], [ "W", 16 ], [ "W", 16 ], [ "R", 16 ], [ "R", 2 ], [ "R", 2 ], [ "W", 16 ], [ "R", 2 ], [ "W", 16 ], [ "R", 2 ], [ "W", 16 ], [ "R", 1 ], [ "R", 1 ], [ "W", 16 ], [ "R", 1 ], [ "W", 16 ], [ "R", 1 ], [ "W", 16 ], [ "R", 16 ], [ "R", 16 ], [ "R", 16 ], [ "W", 27 ], [ "W", 27 ], [ "W", 27 ], [ "R", 17 ], [ "W", 27 ], [ "W", 27 ], [ "R", 17 ], [ "W", 27 ], [ "R", 1 ], [ "R", 1 ], [ "R", 1 ], [ "W", 27 ], [ "W", 27 ], [ "W", 27 ], [ "W", 27 ], [ "W", 27 ], [ "R", 27 ], [ "W", 17 ], [ "R", 27 ], [ "R", 27 ], [ "R", 17 ], [ "R", 27 ], [ "R", 27 ], [ "R", 5 ], [ "R", 5 ], [ "R", 5 ], [ "R", 5 ], [ "R", 5 ], [ "R", 22 ], [ "R", 22 ], [ "R", 22 ], [ "R", 22 ], [ "R", 22 ], [ "R", 22 ], [ "R", 22 ], [ "R", 22 ], [ "R", 22 ], [ "R", 22 ], [ "R", 22 ], [ "R", 22 ], [ "R", 22 ], [ "R", 22 ], [ "R", 7 ], [ "R", 7 ], [ "R", 7 ], [ "R", 7 ], [ "R", 7 ], [ "R", 7 ], [ "R", 7 ], [ "R", 7 ], [ "R", 7 ], [ "R", 8 ], [ "R", 7 ], [ "R", 9 ], [ "R", 7 ], [ "R", 7 ], [ "R", 7 ], [ "R", 7 ], [ "R", 7 ], [ "R", 7 ], [ "R", 27 ], [ "R", 2 ], [ "R", 2 ], [ "R", 2 ] ]
    } ]
  },
  "GamePlaywayController.save" : {
    "t" : [ {
      "id" : 0,
      "a" : [ [ "W", 28 ], [ "R", 28 ], [ "W", 28 ], [ "W", 28 ], [ "R", 28 ], [ "W", 28 ], [ "R", 28 ], [ "W", 28 ], [ "W", 7 ], [ "W", 28 ], [ "R", 28 ], [ "W", 28 ], [ "W", 28 ], [ "R", 28 ], [ "W", 28 ], [ "R", 28 ], [ "W", 28 ], [ "W", 7 ], [ "W", 7 ], [ "W", 7 ], [ "W", 7 ], [ "R", 7 ], [ "R", 7 ], [ "W", 28 ], [ "R", 28 ], [ "W", 28 ], [ "W", 28 ], [ "R", 28 ], [ "W", 28 ], [ "R", 28 ], [ "W", 28 ], [ "R", 7 ], [ "R", 7 ], [ "R", 7 ] ]
    } ]
  },
  "GameUsersController.online" : {
    "t" : [ {
      "id" : 0,
      "a" : [ [ "W", 28 ], [ "R", 28 ], [ "W", 28 ], [ "W", 28 ], [ "R", 28 ], [ "W", 28 ], [ "R", 28 ], [ "W", 28 ], [ "R", 16 ] ]
    } ]
  },
  "SystemConfigController.index" : {
    "t" : [ {
      "id" : 0,
      "a" : [ [ "W", 28 ], [ "R", 28 ], [ "W", 28 ], [ "W", 28 ], [ "R", 28 ], [ "W", 28 ], [ "R", 28 ], [ "W", 28 ], [ "R", 21 ] ]
    } ]
  },
  "SysDicController.index" : {
    "t" : [ {
      "id" : 0,
      "a" : [ [ "R", 22 ] ]
    } ]
  },
  "MetadataController.index" : {
    "t" : [ {
      "id" : 0,
      "a" : [ [ "R", 13 ] ]
    } ]
  },
  "MetadataController.edit" : {
    "t" : [ {
      "id" : 0,
      "a" : [ [ "R", 13 ] ]
    } ]
  },
  "TemplateController.code" : {
    "t" : [ {
      "id" : 0,
      "a" : [ [ "W", 28 ], [ "R", 28 ], [ "W", 28 ], [ "W", 28 ], [ "R", 28 ], [ "W", 28 ], [ "R", 28 ], [ "W", 28 ], [ "R", 26 ] ]
    } ]
  },
  "TemplateController.expall" : {
    "t" : [ {
      "id" : 0,
      "a" : [ [ "W", 28 ], [ "R", 28 ], [ "W", 28 ], [ "W", 28 ], [ "R", 28 ], [ "W", 28 ], [ "R", 28 ], [ "W", 28 ], [ "R", 26 ] ]
    } ]
  },
  "GameUsersController.edit" : {
    "t" : [ {
      "id" : 0,
      "a" : [ [ "R", 16 ] ]
    } ]
  },
  "RoleController.delete" : {
    "t" : [ {
      "id" : 0,
      "a" : [ [ "W", 28 ], [ "R", 28 ], [ "W", 28 ], [ "W", 28 ], [ "R", 28 ], [ "W", 28 ], [ "R", 28 ], [ "W", 28 ], [ "R", 29 ], [ "W", 29 ], [ "W", 19 ] ]
    } ]
  },
  "SysDicController.dicitemedit" : {
    "t" : [ {
      "id" : 0,
      "a" : [ [ "R", 22 ] ]
    } ]
  },
  "RoleController.edit" : {
    "t" : [ {
      "id" : 0,
      "a" : [ [ "W", 28 ], [ "R", 28 ], [ "W", 28 ], [ "W", 28 ], [ "R", 28 ], [ "W", 28 ], [ "R", 28 ], [ "W", 28 ], [ "R", 19 ] ]
    } ]
  },
  "GamePlaywayController.delete" : {
    "t" : [ {
      "id" : 0,
      "a" : [ [ "W", 28 ], [ "R", 28 ], [ "W", 28 ], [ "W", 28 ], [ "R", 28 ], [ "W", 28 ], [ "R", 28 ], [ "W", 28 ], [ "R", 7 ], [ "W", 7 ], [ "R", 7 ], [ "W", 28 ], [ "R", 28 ], [ "W", 28 ], [ "W", 28 ], [ "R", 28 ], [ "W", 28 ], [ "R", 28 ], [ "W", 28 ] ]
    } ]
  },
  "GameConfigController.game" : {
    "t" : [ {
      "id" : 0,
      "a" : [ [ "W", 28 ], [ "R", 28 ], [ "W", 28 ], [ "W", 28 ], [ "R", 28 ], [ "W", 28 ], [ "R", 28 ], [ "W", 28 ], [ "R", 5 ], [ "R", 5 ], [ "W", 5 ], [ "W", 28 ], [ "R", 28 ], [ "W", 28 ], [ "W", 28 ], [ "R", 28 ], [ "W", 28 ], [ "R", 28 ], [ "W", 28 ], [ "W", 5 ], [ "W", 28 ], [ "R", 28 ], [ "W", 28 ], [ "W", 28 ], [ "R", 28 ], [ "W", 28 ], [ "R", 28 ], [ "W", 28 ], [ "W", 5 ], [ "W", 5 ], [ "W", 5 ], [ "W", 28 ], [ "R", 28 ], [ "W", 28 ], [ "W", 28 ], [ "R", 28 ], [ "W", 28 ], [ "R", 28 ], [ "W", 28 ], [ "W", 28 ], [ "R", 28 ], [ "W", 28 ], [ "W", 28 ], [ "R", 28 ], [ "W", 28 ], [ "R", 28 ], [ "W", 28 ] ]
    } ]
  },
  "MetadataController.propertiesbatdelete" : {
    "t" : [ {
      "id" : 0,
      "a" : [ [ "R", 24 ], [ "W", 24 ] ]
    } ]
  },
  "GameUsersController.gameusers" : {
    "t" : [ {
      "id" : 0,
      "a" : [ [ "W", 28 ], [ "R", 28 ], [ "W", 28 ], [ "W", 28 ], [ "R", 28 ], [ "W", 28 ], [ "R", 28 ], [ "W", 28 ], [ "R", 16 ] ]
    } ]
  },
  "SystemConfigController.stop" : {
    "t" : [ {
      "id" : 0,
      "a" : [ [ "W", 28 ], [ "R", 28 ], [ "W", 28 ], [ "W", 28 ], [ "R", 28 ], [ "W", 28 ], [ "R", 28 ], [ "W", 28 ], [ "R", 21 ], [ "R", 21 ] ]
    } ]
  },
  "GameUsersController.update" : {
    "t" : [ {
      "id" : 0,
      "a" : [ [ "R", 16 ], [ "R", 16 ], [ "R", 16 ], [ "W", 16 ], [ "R", 16 ], [ "W", 16 ], [ "R", 16 ], [ "W", 16 ], [ "R", 16 ], [ "W", 16 ], [ "W", 16 ], [ "W", 16 ], [ "W", 16 ] ]
    } ]
  },
  "GamePlaywayController.updategroupitem" : {
    "t" : [ {
      "id" : 0,
      "a" : [ [ "R", 9 ], [ "R", 9 ], [ "R", 9 ], [ "W", 28 ], [ "R", 28 ], [ "W", 28 ], [ "W", 28 ], [ "R", 28 ], [ "W", 28 ], [ "R", 28 ], [ "W", 28 ], [ "R", 9 ], [ "R", 9 ], [ "W", 9 ], [ "W", 28 ], [ "R", 28 ], [ "W", 28 ], [ "W", 28 ], [ "R", 28 ], [ "W", 28 ], [ "R", 28 ], [ "W", 28 ], [ "W", 9 ], [ "W", 28 ], [ "R", 28 ], [ "W", 28 ], [ "W", 28 ], [ "R", 28 ], [ "W", 28 ], [ "R", 28 ], [ "W", 28 ], [ "W", 9 ], [ "W", 9 ], [ "W", 28 ], [ "R", 28 ], [ "W", 28 ], [ "W", 28 ], [ "R", 28 ], [ "W", 28 ], [ "R", 28 ], [ "W", 28 ], [ "R", 9 ], [ "R", 9 ] ]
    } ]
  },
  "ApiUserController.get" : {
    "t" : [ {
      "id" : 0,
      "a" : [ [ "R", 16 ], [ "R", 16 ] ]
    } ]
  },
  "OrganController.save" : {
    "t" : [ {
      "id" : 0,
      "a" : [ [ "R", 14 ], [ "W", 28 ], [ "R", 28 ], [ "W", 28 ], [ "W", 28 ], [ "R", 28 ], [ "W", 28 ], [ "R", 28 ], [ "W", 28 ], [ "R", 14 ], [ "W", 28 ], [ "R", 28 ], [ "W", 28 ], [ "W", 28 ], [ "R", 28 ], [ "W", 28 ], [ "R", 28 ], [ "W", 28 ], [ "W", 14 ], [ "W", 14 ] ]
    } ]
  },
  "TemplateController.delete" : {
    "t" : [ {
      "id" : 0,
      "a" : [ [ "W", 26 ], [ "R", 26 ] ]
    } ]
  },
  "GamePlaywayController.update" : {
    "t" : [ {
      "id" : 0,
      "a" : [ [ "R", 7 ], [ "W", 28 ], [ "R", 28 ], [ "W", 28 ], [ "W", 28 ], [ "R", 28 ], [ "W", 28 ], [ "R", 28 ], [ "W", 28 ], [ "R", 7 ], [ "W", 28 ], [ "R", 28 ], [ "W", 28 ], [ "W", 28 ], [ "R", 28 ], [ "W", 28 ], [ "R", 28 ], [ "W", 28 ], [ "W", 7 ], [ "R", 7 ], [ "W", 7 ], [ "R", 7 ], [ "W", 7 ], [ "W", 7 ], [ "W", 7 ], [ "R", 7 ], [ "W", 28 ], [ "R", 28 ], [ "W", 28 ], [ "W", 28 ], [ "R", 28 ], [ "W", 28 ], [ "R", 28 ], [ "W", 28 ], [ "R", 7 ], [ "W", 28 ], [ "R", 28 ], [ "W", 28 ], [ "W", 28 ], [ "R", 28 ], [ "W", 28 ], [ "R", 28 ], [ "W", 28 ], [ "R", 7 ], [ "R", 7 ], [ "R", 7 ] ]
    } ]
  },
  "GameRoomController.delete" : {
    "t" : [ {
      "id" : 0,
      "a" : [ [ "W", 28 ], [ "R", 28 ], [ "W", 28 ], [ "W", 28 ], [ "R", 28 ], [ "W", 28 ], [ "R", 28 ], [ "W", 28 ], [ "R", 10 ], [ "W", 10 ], [ "R", 10 ], [ "R", 10 ], [ "R", 10 ], [ "W", 28 ], [ "R", 28 ], [ "W", 28 ], [ "W", 28 ], [ "R", 28 ], [ "W", 28 ], [ "R", 28 ], [ "W", 28 ], [ "R", 10 ], [ "W", 28 ], [ "R", 28 ], [ "W", 28 ], [ "W", 28 ], [ "R", 28 ], [ "W", 28 ], [ "R", 28 ], [ "W", 28 ], [ "R", 10 ], [ "W", 28 ], [ "R", 28 ], [ "W", 28 ], [ "W", 28 ], [ "R", 28 ], [ "W", 28 ], [ "R", 28 ], [ "W", 28 ], [ "W", 28 ], [ "R", 28 ], [ "W", 28 ], [ "W", 28 ], [ "R", 28 ], [ "W", 28 ], [ "R", 28 ], [ "W", 28 ], [ "R", 17 ], [ "W", 28 ], [ "R", 28 ], [ "W", 28 ], [ "W", 28 ], [ "R", 28 ], [ "W", 28 ], [ "R", 28 ], [ "W", 28 ], [ "R", 10 ], [ "R", 10 ], [ "R", 17 ] ]
    } ]
  },
  "GamePlaywayController.deletegroupitem" : {
    "t" : [ {
      "id" : 0,
      "a" : [ [ "R", 9 ], [ "W", 9 ], [ "R", 9 ], [ "R", 9 ] ]
    } ]
  },
  "MetadataController.batdelete" : {
    "t" : [ {
      "id" : 0,
      "a" : [ [ "R", 13 ], [ "W", 13 ] ]
    } ]
  },
  "GameConfigController.account" : {
    "t" : [ {
      "id" : 0,
      "a" : [ [ "W", 28 ], [ "R", 28 ], [ "W", 28 ], [ "W", 28 ], [ "R", 28 ], [ "W", 28 ], [ "R", 28 ], [ "W", 28 ], [ "R", 1 ], [ "R", 1 ], [ "W", 1 ], [ "W", 28 ], [ "R", 28 ], [ "W", 28 ], [ "W", 28 ], [ "R", 28 ], [ "W", 28 ], [ "R", 28 ], [ "W", 28 ], [ "W", 1 ], [ "W", 28 ], [ "R", 28 ], [ "W", 28 ], [ "W", 28 ], [ "R", 28 ], [ "W", 28 ], [ "R", 28 ], [ "W", 28 ], [ "W", 1 ], [ "W", 1 ], [ "W", 1 ], [ "W", 28 ], [ "R", 28 ], [ "W", 28 ], [ "W", 28 ], [ "R", 28 ], [ "W", 28 ], [ "R", 28 ], [ "W", 28 ], [ "W", 28 ], [ "R", 28 ], [ "W", 28 ], [ "W", 28 ], [ "R", 28 ], [ "W", 28 ], [ "R", 28 ], [ "W", 28 ] ]
    } ]
  },
  "OrganController.update" : {
    "t" : [ {
      "id" : 0,
      "a" : [ [ "R", 14 ], [ "W", 28 ], [ "R", 28 ], [ "W", 28 ], [ "W", 28 ], [ "R", 28 ], [ "W", 28 ], [ "R", 28 ], [ "W", 28 ], [ "R", 14 ], [ "R", 14 ], [ "W", 14 ], [ "W", 14 ], [ "W", 28 ], [ "R", 28 ], [ "W", 28 ], [ "W", 28 ], [ "R", 28 ], [ "W", 28 ], [ "R", 28 ], [ "W", 28 ], [ "W", 14 ], [ "R", 14 ], [ "W", 14 ], [ "W", 14 ] ]
    } ]
  },
  "UsersController.index" : {
    "t" : [ {
      "id" : 0,
      "a" : [ [ "W", 28 ], [ "R", 28 ], [ "W", 28 ], [ "W", 28 ], [ "R", 28 ], [ "W", 28 ], [ "R", 28 ], [ "W", 28 ], [ "R", 28 ] ]
    } ]
  },
  "GameConfigController.ai" : {
    "t" : [ {
      "id" : 0,
      "a" : [ [ "W", 28 ], [ "R", 28 ], [ "W", 28 ], [ "W", 28 ], [ "R", 28 ], [ "W", 28 ], [ "R", 28 ], [ "W", 28 ], [ "R", 2 ] ]
    } ]
  },
  "TemplateController.codesave" : {
    "t" : [ {
      "id" : 0,
      "a" : [ [ "R", 26 ], [ "W", 28 ], [ "R", 28 ], [ "W", 28 ], [ "W", 28 ], [ "R", 28 ], [ "W", 28 ], [ "R", 28 ], [ "W", 28 ], [ "R", 26 ], [ "R", 26 ], [ "W", 26 ], [ "W", 26 ], [ "R", 26 ] ]
    } ]
  },
  "OnlineGameUsersController.update" : {
    "t" : [ {
      "id" : 0,
      "a" : [ [ "R", 16 ], [ "R", 16 ], [ "R", 16 ], [ "W", 16 ], [ "R", 16 ], [ "W", 16 ], [ "R", 16 ], [ "W", 16 ], [ "R", 16 ], [ "W", 16 ], [ "W", 16 ], [ "W", 16 ], [ "W", 16 ] ]
    } ]
  },
  "RoleController.update" : {
    "t" : [ {
      "id" : 0,
      "a" : [ [ "R", 19 ], [ "W", 28 ], [ "R", 28 ], [ "W", 28 ], [ "W", 28 ], [ "R", 28 ], [ "W", 28 ], [ "R", 28 ], [ "W", 28 ], [ "R", 19 ], [ "R", 19 ], [ "W", 19 ], [ "W", 19 ], [ "W", 19 ] ]
    } ]
  },
  "GamePlaywayController.addgroupitem" : {
    "t" : [ {
      "id" : 0,
      "a" : [ [ "W", 28 ], [ "R", 28 ], [ "W", 28 ], [ "W", 28 ], [ "R", 28 ], [ "W", 28 ], [ "R", 28 ], [ "W", 28 ], [ "R", 7 ], [ "W", 28 ], [ "R", 28 ], [ "W", 28 ], [ "W", 28 ], [ "R", 28 ], [ "W", 28 ], [ "R", 28 ], [ "W", 28 ], [ "R", 8 ], [ "W", 28 ], [ "R", 28 ], [ "W", 28 ], [ "W", 28 ], [ "R", 28 ], [ "W", 28 ], [ "R", 28 ], [ "W", 28 ], [ "R", 9 ] ]
    } ]
  },
  "GamePlaywayController.editgroup" : {
    "t" : [ {
      "id" : 0,
      "a" : [ [ "W", 28 ], [ "R", 28 ], [ "W", 28 ], [ "W", 28 ], [ "R", 28 ], [ "W", 28 ], [ "R", 28 ], [ "W", 28 ], [ "R", 7 ], [ "W", 28 ], [ "R", 28 ], [ "W", 28 ], [ "W", 28 ], [ "R", 28 ], [ "W", 28 ], [ "R", 28 ], [ "W", 28 ], [ "R", 8 ] ]
    } ]
  },
  "GamePlaywayController.savegroupitem" : {
    "t" : [ {
      "id" : 0,
      "a" : [ [ "R", 9 ], [ "R", 9 ], [ "R", 9 ], [ "W", 28 ], [ "R", 28 ], [ "W", 28 ], [ "W", 28 ], [ "R", 28 ], [ "W", 28 ], [ "R", 28 ], [ "W", 28 ], [ "R", 9 ], [ "W", 28 ], [ "R", 28 ], [ "W", 28 ], [ "W", 28 ], [ "R", 28 ], [ "W", 28 ], [ "R", 28 ], [ "W", 28 ], [ "W", 9 ], [ "W", 28 ], [ "R", 28 ], [ "W", 28 ], [ "W", 28 ], [ "R", 28 ], [ "W", 28 ], [ "R", 28 ], [ "W", 28 ], [ "W", 9 ], [ "W", 9 ], [ "W", 28 ], [ "R", 28 ], [ "W", 28 ], [ "W", 28 ], [ "R", 28 ], [ "W", 28 ], [ "R", 28 ], [ "W", 28 ], [ "R", 9 ], [ "R", 9 ] ]
    } ]
  }
}