{
  "AccountConfig" : 1,
  "AiConfig" : 2,
  "AttachmentFile" : 3,
  "DataDic" : 4,
  "GameConfig" : 5,
  "GameModel" : 6,
  "GamePlayway" : 7,
  "GamePlaywayGroup" : 8,
  "GamePlaywayGroupItem" : 9,
  "GameRoom" : 10,
  "Generation" : 11,
  "MJCardsType" : 12,
  "MetadataTable" : 13,
  "Organ" : 14,
  "OrganRole" : 15,
  "PlayUser" : 16,
  "PlayUserClient" : 17,
  "Project" : 18,
  "Role" : 19,
  "RoleAuth" : 20,
  "Secret" : 21,
  "SysDic" : 22,
  "SystemConfig" : 23,
  "TableProperties" : 24,
  "Team" : 25,
  "Template" : 26,
  "Token" : 27,
  "User" : 28,
  "UserRole" : 29
}