{
  "AbstractAggregate" : 1,
  "AbstractExperiment" : 2,
  "AbstractFileMetaData" : 3,
  "AbstractMessage" : 4,
  "AbstractPersistable" : 5,
  "AbstractProject" : 6,
  "AbstractRestorable" : 7,
  "AccountChargeableItemData" : 8,
  "ActiveExperiment" : 9,
  "ActiveFileMetaData" : 10,
  "ActiveProject" : 11,
  "Adduct" : 12,
  "Advertisement" : 13,
  "AnalyzableStorageUsage" : 14,
  "AnnotationAttachment" : 15,
  "AnnotationDefault" : 16,
  "AnnotationTemplate" : 17,
  "ApplicationSettings" : 18,
  "ArchiveStorageUsage" : 19,
  "ArchiveStorageVolumeUsage" : 20,
  "Attachment" : 21,
  "BillingFileView" : 22,
  "BillingProperty" : 23,
  "Blog" : 24,
  "BlogPost" : 25,
  "ChangeEmailRequest" : 26,
  "ChargeableItem" : 27,
  "ChargeableItemUsage" : 28,
  "ColumnDefinition" : 29,
  "ColumnsView" : 30,
  "Comment" : 31,
  "Condition" : 32,
  "CopyProjectRequest" : 33,
  "DailyAnalyzableStorageUsage" : 34,
  "DailyArchiveStorageUsage" : 35,
  "DailySummary" : 36,
  "DeletedExperiment" : 37,
  "DeletedFileMetaData" : 38,
  "DeletedProject" : 39,
  "Dictionary" : 40,
  "DownloadUsage" : 41,
  "ExperimentDashboardRecord" : 42,
  "ExperimentDefault" : 43,
  "ExperimentFileDefault" : 44,
  "ExperimentFileTemplate" : 45,
  "ExperimentLabel" : 46,
  "ExperimentLabelToExperiment" : 47,
  "ExperimentLabelType" : 48,
  "ExperimentPrepMethod" : 49,
  "ExperimentPreparedSample" : 50,
  "ExperimentSample" : 51,
  "ExperimentTemplate" : 52,
  "ExperimentType" : 53,
  "ExternalFileMetadata" : 54,
  "Factor" : 55,
  "FactorDefault" : 56,
  "FactorTemplate" : 57,
  "FailedMailNotificationReceiver" : 58,
  "FailedMailRecord" : 59,
  "Feature" : 60,
  "FeatureLog" : 61,
  "FileAccessLog" : 62,
  "FileCompound" : 63,
  "FileDetails" : 64,
  "FileDownloadJob" : 65,
  "FileMetaAnnotations" : 66,
  "FileMetaDataDefault" : 67,
  "FileMetaDataTemplate" : 68,
  "FilesDownloadGroup" : 69,
  "Group" : 70,
  "GroupDefault" : 71,
  "GroupTemplate" : 72,
  "HourlyAnalyzableStorageUsage" : 73,
  "HourlyArchiveStorageUsage" : 74,
  "InboxMessageTemplate" : 75,
  "Instrument" : 76,
  "InstrumentCreationRequest" : 77,
  "InstrumentCreationRequestDefault" : 78,
  "InstrumentCreationRequestTemplate" : 79,
  "InstrumentDefault" : 80,
  "InstrumentModel" : 81,
  "InstrumentStudyType" : 82,
  "InstrumentTemplate" : 83,
  "InstrumentType" : 84,
  "Issue" : 85,
  "Lab" : 86,
  "LabAccountFeatureUsage" : 87,
  "LabCreationRequestTemplate" : 88,
  "LabDefault" : 89,
  "LabPaymentAccount" : 90,
  "LabTemplate" : 91,
  "Level" : 92,
  "LevelDefault" : 93,
  "LevelTemplate" : 94,
  "Log" : 95,
  "MonthlySummary" : 96,
  "NewsItem" : 97,
  "NgsExperimentType" : 98,
  "NtExtractionMethod" : 99,
  "OutboxMessageTemplate" : 100,
  "PayPalLogEntry" : 101,
  "PaymentLogEntry" : 102,
  "PendingOperator" : 103,
  "Peptide" : 104,
  "PrepToExperimentSample" : 105,
  "ProjectDashboardRecord" : 106,
  "ProjectDefault" : 107,
  "ProjectGroupCollaborator" : 108,
  "ProjectSharingRequestTemplate" : 109,
  "ProjectTemplate" : 110,
  "ProjectUserCollaborator" : 111,
  "PublicDownloadUsage" : 112,
  "RawFile" : 113,
  "RestToken" : 114,
  "SampleCondition" : 115,
  "Scan" : 116,
  "Species" : 117,
  "StorageUsageStatistics" : 118,
  "StorageVolumeUsage" : 119,
  "StoreLogEntry" : 120,
  "SubscriptionChangeEntry" : 121,
  "TransactionDetails" : 122,
  "UploadAppConfiguration" : 123,
  "UploadDetails" : 124,
  "User" : 125,
  "UserDefault" : 126,
  "UserInvitationLink" : 127,
  "UserLabMembership" : 128,
  "UserLabMembershipRequestTemplate" : 129,
  "UserPreferences" : 130,
  "UserProjectAccess" : 131,
  "UserTemplate" : 132,
  "Vendor" : 133,
  "VendorExtension" : 134,
  "ViewColumn" : 135
}