{
  "1" : "AbstractAggregate",
  "2" : "AbstractExperiment",
  "3" : "AbstractFileMetaData",
  "4" : "AbstractMessage",
  "5" : "AbstractPersistable",
  "6" : "AbstractProject",
  "7" : "AbstractRestorable",
  "8" : "AccountChargeableItemData",
  "9" : "ActiveExperiment",
  "10" : "ActiveFileMetaData",
  "11" : "ActiveProject",
  "12" : "Adduct",
  "13" : "Advertisement",
  "14" : "AnalyzableStorageUsage",
  "15" : "AnnotationAttachment",
  "16" : "AnnotationDefault",
  "17" : "AnnotationTemplate",
  "18" : "ApplicationSettings",
  "19" : "ArchiveStorageUsage",
  "20" : "ArchiveStorageVolumeUsage",
  "21" : "Attachment",
  "22" : "BillingFileView",
  "23" : "BillingProperty",
  "24" : "Blog",
  "25" : "BlogPost",
  "26" : "ChangeEmailRequest",
  "27" : "ChargeableItem",
  "28" : "ChargeableItemUsage",
  "29" : "ColumnDefinition",
  "30" : "ColumnsView",
  "31" : "Comment",
  "32" : "Condition",
  "33" : "CopyProjectRequest",
  "34" : "DailyAnalyzableStorageUsage",
  "35" : "DailyArchiveStorageUsage",
  "36" : "DailySummary",
  "37" : "DeletedExperiment",
  "38" : "DeletedFileMetaData",
  "39" : "DeletedProject",
  "40" : "Dictionary",
  "41" : "DownloadUsage",
  "42" : "ExperimentDashboardRecord",
  "43" : "ExperimentDefault",
  "44" : "ExperimentFileDefault",
  "45" : "ExperimentFileTemplate",
  "46" : "ExperimentLabel",
  "47" : "ExperimentLabelToExperiment",
  "48" : "ExperimentLabelType",
  "49" : "ExperimentPrepMethod",
  "50" : "ExperimentPreparedSample",
  "51" : "ExperimentSample",
  "52" : "ExperimentTemplate",
  "53" : "ExperimentType",
  "54" : "ExternalFileMetadata",
  "55" : "Factor",
  "56" : "FactorDefault",
  "57" : "FactorTemplate",
  "58" : "FailedMailNotificationReceiver",
  "59" : "FailedMailRecord",
  "60" : "Feature",
  "61" : "FeatureLog",
  "62" : "FileAccessLog",
  "63" : "FileCompound",
  "64" : "FileDetails",
  "65" : "FileDownloadJob",
  "66" : "FileMetaAnnotations",
  "67" : "FileMetaDataDefault",
  "68" : "FileMetaDataTemplate",
  "69" : "FilesDownloadGroup",
  "70" : "Group",
  "71" : "GroupDefault",
  "72" : "GroupTemplate",
  "73" : "HourlyAnalyzableStorageUsage",
  "74" : "HourlyArchiveStorageUsage",
  "75" : "InboxMessageTemplate",
  "76" : "Instrument",
  "77" : "InstrumentCreationRequest",
  "78" : "InstrumentCreationRequestDefault",
  "79" : "InstrumentCreationRequestTemplate",
  "80" : "InstrumentDefault",
  "81" : "InstrumentModel",
  "82" : "InstrumentStudyType",
  "83" : "InstrumentTemplate",
  "84" : "InstrumentType",
  "85" : "Issue",
  "86" : "Lab",
  "87" : "LabAccountFeatureUsage",
  "88" : "LabCreationRequestTemplate",
  "89" : "LabDefault",
  "90" : "LabPaymentAccount",
  "91" : "LabTemplate",
  "92" : "Level",
  "93" : "LevelDefault",
  "94" : "LevelTemplate",
  "95" : "Log",
  "96" : "MonthlySummary",
  "97" : "NewsItem",
  "98" : "NgsExperimentType",
  "99" : "NtExtractionMethod",
  "100" : "OutboxMessageTemplate",
  "101" : "PayPalLogEntry",
  "102" : "PaymentLogEntry",
  "103" : "PendingOperator",
  "104" : "Peptide",
  "105" : "PrepToExperimentSample",
  "106" : "ProjectDashboardRecord",
  "107" : "ProjectDefault",
  "108" : "ProjectGroupCollaborator",
  "109" : "ProjectSharingRequestTemplate",
  "110" : "ProjectTemplate",
  "111" : "ProjectUserCollaborator",
  "112" : "PublicDownloadUsage",
  "113" : "RawFile",
  "114" : "RestToken",
  "115" : "SampleCondition",
  "116" : "Scan",
  "117" : "Species",
  "118" : "StorageUsageStatistics",
  "119" : "StorageVolumeUsage",
  "120" : "StoreLogEntry",
  "121" : "SubscriptionChangeEntry",
  "122" : "TransactionDetails",
  "123" : "UploadAppConfiguration",
  "124" : "UploadDetails",
  "125" : "User",
  "126" : "UserDefault",
  "127" : "UserInvitationLink",
  "128" : "UserLabMembership",
  "129" : "UserLabMembershipRequestTemplate",
  "130" : "UserPreferences",
  "131" : "UserProjectAccess",
  "132" : "UserTemplate",
  "133" : "Vendor",
  "134" : "VendorExtension",
  "135" : "ViewColumn"
}