{
  "AbstractAutogeneratedId" : 1,
  "AbstractEnumId" : 2,
  "AbstractId" : 3,
  "AbstractTableGeneratedId" : 4,
  "AccountActivity" : 5,
  "Action" : 6,
  "Authority" : 7,
  "Chart" : 8,
  "ChartIndex" : 9,
  "ChartStock" : 10,
  "CommentAction" : 11,
  "CurrencyExchange" : 12,
  "CurrencyExchangeQuote" : 13,
  "Exchange" : 14,
  "Index" : 15,
  "IndexQuote" : 16,
  "Industry" : 17,
  "LikeAction" : 18,
  "Market" : 19,
  "Product" : 20,
  "Quote" : 21,
  "SocialAction" : 22,
  "SocialEventAction" : 23,
  "SocialUser" : 24,
  "StockProduct" : 25,
  "StockQuote" : 26,
  "Transaction" : 27,
  "User" : 28
}