{
  "ApplicationController.deleteApplication" : {
    "t" : [ {
      "id" : 0,
      "a" : [ [ "R", 20 ], [ "R", 20 ], [ "R", 20 ], [ "R", 20 ], [ "R", 1 ], [ "R", 1 ], [ "R", 17 ], [ "R", 1 ], [ "R", 9 ], [ "R", 1 ], [ "R", 9 ], [ "R", 11 ], [ "R", 1 ], [ "R", 1 ], [ "R", 20 ], [ "R", 1 ], [ "R", 1 ], [ "R", 1 ], [ "R", 3 ], [ "R", 1 ], [ "R", 3 ], [ "R", 20 ], [ "R", 20 ], [ "R", 20 ], [ "R", 20 ], [ "R", 20 ], [ "R", 20 ], [ "R", 20 ], [ "R", 20 ], [ "R", 20 ], [ "R", 20 ], [ "R", 20 ], [ "R", 20 ], [ "R", 20 ], [ "R", 20 ], [ "R", 1 ], [ "R", 1 ], [ "R", 9 ], [ "R", 1 ], [ "R", 9 ], [ "R", 1 ], [ "R", 9 ], [ "W", 21 ], [ "R", 21 ], [ "R", 9 ], [ "R", 1 ], [ "W", 9 ], [ "W", 1 ], [ "R", 1 ], [ "R", 9 ], [ "W", 1 ], [ "W", 9 ], [ "W", 9 ], [ "R", 1 ], [ "R", 17 ], [ "R", 17 ], [ "R", 4 ], [ "R", 4 ], [ "R", 4 ], [ "R", 4 ], [ "R", 9 ], [ "R", 6 ], [ "R", 6 ], [ "R", 1 ], [ "R", 1 ], [ "R", 17 ], [ "R", 17 ], [ "R", 17 ], [ "R", 17 ], [ "R", 6 ], [ "R", 17 ], [ "R", 1 ], [ "R", 17 ], [ "R", 1 ], [ "R", 20 ], [ "R", 17 ], [ "R", 17 ], [ "R", 20 ], [ "R", 1 ], [ "R", 1 ], [ "R", 17 ], [ "R", 1 ], [ "R", 9 ], [ "R", 1 ], [ "R", 9 ], [ "R", 11 ], [ "R", 1 ], [ "R", 1 ], [ "R", 20 ], [ "R", 1 ], [ "R", 1 ], [ "R", 1 ], [ "R", 3 ], [ "R", 1 ], [ "R", 3 ], [ "R", 20 ], [ "R", 20 ], [ "R", 20 ], [ "R", 20 ], [ "R", 20 ], [ "R", 20 ], [ "R", 20 ], [ "R", 20 ], [ "R", 20 ], [ "R", 20 ], [ "R", 20 ], [ "R", 20 ], [ "W", 21 ], [ "R", 21 ], [ "W", 4 ], [ "R", 21 ], [ "R", 21 ], [ "R", 22 ], [ "R", 21 ], [ "R", 22 ], [ "R", 21 ], [ "R", 22 ], [ "R", 21 ], [ "R", 21 ], [ "R", 22 ], [ "R", 21 ], [ "R", 21 ], [ "R", 22 ], [ "R", 22 ], [ "R", 21 ], [ "R", 22 ], [ "R", 22 ], [ "R", 4 ], [ "R", 4 ], [ "R", 4 ], [ "R", 4 ], [ "R", 4 ], [ "R", 17 ], [ "R", 17 ], [ "R", 6 ], [ "R", 17 ], [ "R", 1 ], [ "R", 17 ], [ "R", 1 ], [ "R", 20 ], [ "R", 17 ], [ "R", 17 ], [ "R", 17 ], [ "R", 17 ], [ "R", 6 ], [ "R", 6 ], [ "R", 17 ], [ "R", 6 ], [ "R", 6 ], [ "R", 17 ], [ "R", 1 ], [ "R", 1 ], [ "R", 20 ], [ "W", 21 ], [ "W", 21 ], [ "R", 17 ], [ "R", 6 ], [ "R", 6 ], [ "R", 20 ], [ "R", 20 ], [ "R", 17 ], [ "R", 17 ], [ "R", 1 ], [ "W", 17 ], [ "W", 1 ], [ "R", 17 ], [ "W", 17 ], [ "R", 17 ], [ "R", 17 ], [ "W", 2 ], [ "W", 2 ], [ "W", 2 ], [ "W", 2 ], [ "W", 2 ], [ "R", 17 ], [ "R", 17 ], [ "R", 17 ], [ "R", 17 ], [ "R", 17 ], [ "R", 17 ], [ "R", 17 ], [ "R", 6 ], [ "R", 17 ], [ "R", 17 ], [ "R", 17 ], [ "R", 17 ], [ "R", 17 ], [ "R", 17 ], [ "R", 17 ], [ "R", 17 ], [ "R", 6 ], [ "R", 17 ], [ "R", 9 ], [ "R", 9 ], [ "R", 6 ], [ "R", 9 ], [ "R", 1 ], [ "R", 9 ], [ "R", 11 ], [ "R", 9 ], [ "R", 9 ], [ "R", 9 ], [ "R", 9 ], [ "R", 6 ], [ "R", 6 ], [ "R", 9 ], [ "R", 1 ], [ "R", 1 ], [ "R", 20 ], [ "W", 21 ], [ "W", 21 ], [ "R", 9 ], [ "R", 11 ], [ "R", 11 ], [ "R", 11 ], [ "R", 11 ], [ "R", 11 ], [ "R", 20 ], [ "R", 20 ], [ "R", 20 ], [ "R", 20 ], [ "R", 20 ], [ "R", 20 ], [ "R", 9 ], [ "R", 9 ], [ "R", 9 ], [ "R", 9 ], [ "W", 1 ], [ "R", 9 ], [ "R", 1 ], [ "R", 1 ], [ "R", 17 ], [ "R", 17 ], [ "R", 17 ], [ "R", 17 ], [ "R", 6 ], [ "R", 17 ], [ "R", 1 ], [ "R", 17 ], [ "R", 1 ], [ "R", 20 ], [ "R", 17 ], [ "R", 17 ], [ "R", 17 ], [ "R", 1 ], [ "R", 17 ], [ "R", 1 ], [ "R", 20 ], [ "R", 1 ], [ "R", 21 ], [ "R", 21 ], [ "R", 22 ], [ "R", 21 ], [ "R", 22 ], [ "R", 21 ], [ "R", 22 ], [ "R", 21 ], [ "R", 21 ], [ "R", 22 ], [ "R", 21 ], [ "R", 22 ], [ "W", 22 ], [ "R", 17 ], [ "W", 21 ], [ "R", 21 ], [ "W", 17 ], [ "R", 17 ], [ "R", 1 ], [ "R", 17 ], [ "W", 17 ], [ "W", 1 ], [ "W", 1 ], [ "W", 17 ], [ "W", 1 ], [ "R", 1 ], [ "R", 1 ], [ "W", 1 ], [ "W", 1 ], [ "W", 1 ], [ "R", 1 ], [ "R", 1 ], [ "R", 1 ], [ "W", 1 ], [ "W", 1 ], [ "W", 1 ], [ "R", 1 ] ]
    } ]
  },
  "ModuleController.removeModule" : {
    "t" : [ {
      "id" : 0,
      "a" : [ [ "R", 20 ], [ "R", 20 ], [ "R", 20 ], [ "R", 20 ], [ "R", 1 ], [ "R", 1 ], [ "R", 17 ], [ "R", 1 ], [ "R", 9 ], [ "R", 1 ], [ "R", 9 ], [ "R", 11 ], [ "R", 1 ], [ "R", 1 ], [ "R", 20 ], [ "R", 1 ], [ "R", 1 ], [ "R", 1 ], [ "R", 3 ], [ "R", 1 ], [ "R", 3 ], [ "R", 20 ], [ "R", 20 ], [ "R", 20 ], [ "R", 20 ], [ "R", 20 ], [ "R", 20 ], [ "R", 20 ], [ "R", 20 ], [ "R", 20 ], [ "R", 20 ], [ "R", 20 ], [ "R", 20 ], [ "R", 20 ], [ "R", 20 ], [ "R", 1 ], [ "R", 1 ], [ "R", 1 ], [ "R", 1 ], [ "W", 1 ], [ "W", 1 ], [ "W", 1 ], [ "R", 20 ], [ "R", 9 ], [ "R", 9 ], [ "R", 6 ], [ "R", 9 ], [ "R", 1 ], [ "R", 9 ], [ "R", 11 ], [ "R", 9 ], [ "R", 9 ], [ "R", 9 ], [ "W", 21 ], [ "R", 21 ], [ "R", 9 ], [ "R", 1 ], [ "W", 9 ], [ "W", 1 ], [ "R", 1 ], [ "R", 9 ], [ "W", 1 ], [ "W", 9 ], [ "W", 9 ], [ "R", 1 ], [ "R", 17 ], [ "R", 17 ], [ "R", 4 ], [ "R", 4 ], [ "R", 4 ], [ "R", 4 ], [ "R", 9 ], [ "R", 6 ], [ "R", 6 ], [ "R", 1 ], [ "R", 1 ], [ "R", 17 ], [ "R", 17 ], [ "R", 17 ], [ "R", 17 ], [ "R", 6 ], [ "R", 17 ], [ "R", 1 ], [ "R", 17 ], [ "R", 1 ], [ "R", 20 ], [ "R", 17 ], [ "R", 17 ], [ "R", 20 ], [ "R", 1 ], [ "R", 1 ], [ "R", 17 ], [ "R", 1 ], [ "R", 9 ], [ "R", 1 ], [ "R", 9 ], [ "R", 11 ], [ "R", 1 ], [ "R", 1 ], [ "R", 20 ], [ "R", 1 ], [ "R", 1 ], [ "R", 1 ], [ "R", 3 ], [ "R", 1 ], [ "R", 3 ], [ "R", 20 ], [ "R", 20 ], [ "R", 20 ], [ "R", 20 ], [ "R", 20 ], [ "R", 20 ], [ "R", 20 ], [ "R", 20 ], [ "R", 20 ], [ "R", 20 ], [ "R", 20 ], [ "R", 20 ], [ "W", 21 ], [ "R", 21 ], [ "W", 4 ], [ "R", 21 ], [ "R", 21 ], [ "R", 22 ], [ "R", 21 ], [ "R", 22 ], [ "R", 21 ], [ "R", 22 ], [ "R", 21 ], [ "R", 21 ], [ "R", 22 ], [ "R", 21 ], [ "R", 21 ], [ "R", 22 ], [ "R", 22 ], [ "R", 21 ], [ "R", 22 ], [ "R", 22 ], [ "R", 4 ], [ "R", 4 ], [ "R", 4 ], [ "R", 4 ], [ "R", 4 ], [ "R", 17 ], [ "R", 17 ], [ "R", 6 ], [ "R", 17 ], [ "R", 1 ], [ "R", 17 ], [ "R", 1 ], [ "R", 20 ], [ "R", 17 ], [ "R", 17 ], [ "R", 17 ], [ "R", 17 ], [ "R", 6 ], [ "R", 6 ], [ "R", 17 ], [ "R", 6 ], [ "R", 6 ], [ "R", 17 ], [ "R", 1 ], [ "R", 1 ], [ "R", 20 ], [ "W", 21 ], [ "W", 21 ], [ "R", 17 ], [ "R", 6 ], [ "R", 6 ], [ "R", 20 ], [ "R", 20 ], [ "R", 17 ], [ "R", 17 ], [ "R", 1 ], [ "W", 17 ], [ "W", 1 ], [ "R", 17 ], [ "W", 17 ], [ "R", 17 ], [ "R", 17 ], [ "W", 2 ], [ "W", 2 ], [ "W", 2 ], [ "W", 2 ], [ "W", 2 ], [ "R", 17 ], [ "R", 17 ], [ "R", 17 ], [ "R", 17 ], [ "R", 17 ], [ "R", 17 ], [ "R", 17 ], [ "R", 6 ], [ "R", 17 ], [ "R", 17 ], [ "R", 17 ], [ "R", 17 ], [ "R", 17 ], [ "R", 17 ], [ "R", 17 ], [ "R", 17 ], [ "R", 6 ], [ "R", 17 ], [ "R", 9 ], [ "R", 9 ], [ "R", 6 ], [ "R", 9 ], [ "R", 1 ], [ "R", 9 ], [ "R", 11 ], [ "R", 9 ], [ "R", 9 ], [ "R", 9 ], [ "R", 9 ], [ "R", 6 ], [ "R", 6 ], [ "R", 9 ], [ "R", 1 ], [ "R", 1 ], [ "R", 20 ], [ "W", 21 ], [ "W", 21 ], [ "R", 9 ], [ "R", 11 ], [ "R", 11 ], [ "R", 11 ], [ "R", 11 ], [ "R", 11 ], [ "R", 20 ], [ "R", 20 ], [ "R", 20 ], [ "R", 20 ], [ "R", 20 ], [ "R", 20 ], [ "R", 9 ], [ "R", 9 ], [ "R", 9 ], [ "R", 9 ], [ "R", 1 ], [ "R", 1 ], [ "W", 1 ], [ "W", 1 ], [ "W", 1 ] ]
    } ]
  },
  "ScriptingController.scriptingSave" : {
    "t" : [ {
      "id" : 0,
      "a" : [ [ "R", 20 ], [ "R", 20 ], [ "R", 20 ], [ "R", 16 ], [ "R", 16 ], [ "R", 16 ], [ "R", 20 ], [ "W", 16 ], [ "W", 16 ], [ "W", 16 ], [ "W", 16 ], [ "W", 16 ], [ "R", 16 ], [ "R", 16 ], [ "R", 16 ], [ "R", 16 ], [ "R", 20 ], [ "R", 20 ], [ "R", 20 ], [ "W", 20 ], [ "R", 20 ], [ "R", 20 ], [ "R", 20 ], [ "R", 20 ], [ "R", 20 ], [ "R", 20 ], [ "R", 20 ], [ "W", 20 ], [ "R", 20 ] ]
    } ]
  },
  "AboutController.about" : {
    "t" : [ {
      "id" : 0,
      "a" : [ [ "R", 19 ], [ "R", 19 ] ]
    } ]
  },
  "ApplicationController.findAllByUser" : {
    "t" : [ {
      "id" : 0,
      "a" : [ [ "R", 20 ], [ "R", 20 ], [ "R", 20 ], [ "R", 20 ], [ "R", 1 ], [ "R", 1 ], [ "R", 17 ], [ "R", 1 ], [ "R", 9 ], [ "R", 1 ], [ "R", 3 ], [ "R", 1 ], [ "R", 1 ], [ "R", 12 ], [ "R", 1 ], [ "R", 1 ], [ "R", 20 ], [ "R", 1 ], [ "R", 20 ], [ "R", 20 ], [ "R", 20 ], [ "R", 20 ], [ "R", 20 ], [ "R", 20 ] ]
    } ]
  },
  "FileController.uploadFile" : {
    "t" : [ {
      "id" : 0,
      "a" : [ [ "R", 20 ], [ "R", 20 ], [ "R", 20 ], [ "R", 20 ], [ "R", 1 ], [ "R", 1 ], [ "R", 17 ], [ "R", 1 ], [ "R", 9 ], [ "R", 1 ], [ "R", 9 ], [ "R", 11 ], [ "R", 1 ], [ "R", 1 ], [ "R", 20 ], [ "R", 1 ], [ "R", 1 ], [ "R", 1 ], [ "R", 3 ], [ "R", 1 ], [ "R", 3 ], [ "R", 20 ], [ "R", 20 ], [ "R", 20 ], [ "R", 20 ], [ "R", 20 ], [ "R", 20 ], [ "R", 20 ], [ "R", 20 ], [ "R", 20 ], [ "R", 20 ], [ "R", 20 ], [ "R", 20 ], [ "R", 20 ], [ "R", 20 ], [ "R", 1 ], [ "R", 1 ], [ "R", 1 ], [ "W", 1 ], [ "W", 1 ], [ "W", 1 ], [ "R", 1 ], [ "R", 1 ], [ "W", 1 ], [ "W", 1 ], [ "W", 1 ] ]
    } ]
  },
  "CommandController.listCommandByImage" : {
    "t" : [ {
      "id" : 0,
      "a" : [ [ "R", 20 ], [ "R", 20 ], [ "R", 20 ], [ "R", 20 ], [ "R", 1 ], [ "R", 1 ], [ "R", 17 ], [ "R", 1 ], [ "R", 9 ], [ "R", 1 ], [ "R", 9 ], [ "R", 11 ], [ "R", 1 ], [ "R", 1 ], [ "R", 20 ], [ "R", 1 ], [ "R", 1 ], [ "R", 1 ], [ "R", 3 ], [ "R", 1 ], [ "R", 3 ], [ "R", 20 ], [ "R", 20 ], [ "R", 20 ], [ "R", 20 ], [ "R", 20 ], [ "R", 20 ], [ "R", 20 ], [ "R", 20 ], [ "R", 20 ], [ "R", 20 ], [ "R", 20 ], [ "R", 20 ], [ "R", 1 ], [ "R", 17 ], [ "R", 17 ], [ "R", 17 ], [ "R", 1 ], [ "R", 9 ], [ "R", 1 ], [ "R", 9 ], [ "R", 9 ], [ "R", 9 ] ]
    } ]
  },
  "VolumeController.updateVolume" : {
    "t" : [ {
      "id" : 0,
      "a" : [ [ "R", 21 ], [ "R", 21 ], [ "R", 21 ], [ "R", 21 ], [ "R", 21 ], [ "R", 21 ], [ "R", 21 ], [ "R", 21 ], [ "R", 21 ], [ "W", 21 ], [ "R", 21 ], [ "R", 21 ], [ "W", 21 ], [ "W", 21 ], [ "W", 21 ], [ "R", 21 ], [ "R", 21 ] ]
    } ]
  },
  "EnvironmentController.loadEnvironmentVariable" : {
    "t" : [ {
      "id" : 0,
      "a" : [ [ "R", 4 ], [ "R", 4 ], [ "R", 4 ] ]
    } ]
  },
  "ScriptingController.scriptingExecute" : {
    "t" : [ {
      "id" : 0,
      "a" : [ [ "R", 20 ], [ "R", 20 ], [ "R", 20 ], [ "R", 20 ], [ "R", 20 ], [ "R", 1 ], [ "R", 20 ], [ "R", 20 ] ]
    } ]
  },
  "ApplicationController.startApplication" : {
    "t" : [ {
      "id" : 0,
      "a" : [ [ "R", 20 ], [ "R", 20 ], [ "R", 20 ], [ "R", 20 ], [ "R", 1 ], [ "R", 1 ], [ "R", 17 ], [ "R", 1 ], [ "R", 9 ], [ "R", 1 ], [ "R", 9 ], [ "R", 11 ], [ "R", 1 ], [ "R", 1 ], [ "R", 20 ], [ "R", 1 ], [ "R", 1 ], [ "R", 1 ], [ "R", 3 ], [ "R", 1 ], [ "R", 3 ], [ "R", 20 ], [ "R", 20 ], [ "R", 20 ], [ "R", 20 ], [ "R", 20 ], [ "R", 20 ], [ "R", 20 ], [ "R", 20 ], [ "R", 20 ], [ "R", 20 ], [ "R", 20 ], [ "R", 20 ], [ "R", 1 ], [ "R", 20 ], [ "R", 20 ], [ "R", 1 ], [ "R", 1 ], [ "R", 9 ], [ "R", 1 ], [ "R", 9 ], [ "R", 9 ], [ "R", 9 ], [ "R", 9 ], [ "R", 6 ], [ "R", 9 ], [ "R", 1 ], [ "R", 9 ], [ "R", 11 ], [ "R", 9 ], [ "R", 9 ], [ "W", 2 ], [ "W", 2 ], [ "W", 2 ], [ "W", 2 ], [ "W", 2 ], [ "R", 9 ], [ "R", 11 ], [ "R", 11 ], [ "R", 11 ], [ "W", 11 ], [ "R", 9 ], [ "W", 9 ], [ "W", 9 ], [ "R", 1 ], [ "R", 17 ], [ "R", 17 ], [ "R", 17 ], [ "R", 1 ], [ "W", 17 ], [ "W", 1 ], [ "R", 17 ], [ "W", 17 ], [ "R", 17 ], [ "R", 17 ], [ "W", 2 ], [ "W", 2 ], [ "W", 2 ], [ "W", 2 ], [ "W", 2 ], [ "R", 17 ], [ "R", 17 ], [ "R", 17 ], [ "R", 17 ], [ "R", 17 ], [ "R", 17 ], [ "R", 17 ], [ "R", 6 ], [ "R", 17 ], [ "R", 17 ], [ "R", 17 ], [ "R", 17 ], [ "R", 17 ], [ "R", 17 ], [ "R", 17 ], [ "R", 17 ], [ "R", 6 ], [ "R", 17 ] ]
    } ]
  },
  "ApplicationController.detail" : {
    "t" : [ {
      "id" : 0,
      "a" : [ [ "R", 20 ], [ "R", 20 ], [ "R", 20 ], [ "R", 20 ], [ "R", 1 ], [ "R", 1 ], [ "R", 17 ], [ "R", 1 ], [ "R", 9 ], [ "R", 1 ], [ "R", 9 ], [ "R", 11 ], [ "R", 1 ], [ "R", 1 ], [ "R", 20 ], [ "R", 1 ], [ "R", 1 ], [ "R", 1 ], [ "R", 3 ], [ "R", 1 ], [ "R", 3 ], [ "R", 20 ], [ "R", 20 ], [ "R", 20 ], [ "R", 20 ], [ "R", 20 ], [ "R", 20 ], [ "R", 20 ], [ "R", 20 ], [ "R", 20 ], [ "R", 20 ], [ "R", 20 ], [ "R", 20 ] ]
    } ]
  },
  "AdministrationController.findByLogin" : {
    "t" : [ {
      "id" : 0,
      "a" : [ [ "R", 20 ], [ "R", 20 ], [ "R", 20 ] ]
    } ]
  },
  "ScriptingController.scriptingLoad" : {
    "t" : [ {
      "id" : 0,
      "a" : [ [ "R", 20 ], [ "R", 20 ], [ "R", 20 ], [ "R", 16 ], [ "R", 16 ], [ "R", 16 ], [ "R", 16 ], [ "R", 20 ], [ "R", 16 ], [ "R", 16 ], [ "R", 16 ], [ "R", 16 ], [ "R", 20 ], [ "R", 20 ], [ "R", 20 ], [ "W", 20 ], [ "R", 20 ], [ "R", 20 ], [ "R", 20 ], [ "R", 20 ], [ "R", 20 ], [ "R", 20 ], [ "R", 20 ], [ "W", 20 ], [ "R", 20 ] ]
    } ]
  },
  "AdministrationController.enableImage" : {
    "t" : [ {
      "id" : 0,
      "a" : [ [ "R", 6 ], [ "R", 6 ], [ "R", 6 ], [ "R", 6 ], [ "W", 6 ], [ "R", 6 ], [ "R", 6 ], [ "R", 6 ], [ "R", 6 ], [ "R", 6 ], [ "R", 6 ], [ "R", 6 ], [ "W", 6 ], [ "R", 6 ] ]
    } ]
  },
  "ModuleController.addModule" : {
    "t" : [ {
      "id" : 0,
      "a" : [ [ "R", 20 ], [ "R", 20 ], [ "R", 20 ], [ "R", 20 ], [ "R", 1 ], [ "R", 1 ], [ "R", 17 ], [ "R", 1 ], [ "R", 9 ], [ "R", 1 ], [ "R", 9 ], [ "R", 11 ], [ "R", 1 ], [ "R", 1 ], [ "R", 20 ], [ "R", 1 ], [ "R", 1 ], [ "R", 1 ], [ "R", 3 ], [ "R", 1 ], [ "R", 3 ], [ "R", 20 ], [ "R", 20 ], [ "R", 20 ], [ "R", 20 ], [ "R", 20 ], [ "R", 20 ], [ "R", 20 ], [ "R", 20 ], [ "R", 20 ], [ "R", 20 ], [ "R", 20 ], [ "R", 20 ], [ "R", 6 ], [ "R", 6 ], [ "R", 6 ], [ "R", 6 ], [ "R", 6 ], [ "R", 6 ], [ "R", 6 ], [ "R", 1 ], [ "R", 9 ], [ "R", 9 ], [ "R", 6 ], [ "R", 9 ], [ "R", 1 ], [ "R", 9 ], [ "R", 9 ], [ "R", 1 ], [ "R", 9 ], [ "R", 6 ], [ "W", 2 ], [ "W", 6 ], [ "W", 2 ], [ "R", 2 ], [ "R", 1 ], [ "R", 6 ], [ "R", 1 ], [ "R", 20 ], [ "R", 20 ], [ "W", 2 ], [ "W", 2 ], [ "R", 2 ], [ "W", 9 ], [ "W", 1 ], [ "W", 9 ], [ "W", 11 ], [ "R", 6 ], [ "W", 11 ], [ "W", 11 ], [ "W", 11 ], [ "W", 11 ], [ "W", 11 ], [ "W", 9 ], [ "W", 9 ], [ "R", 1 ], [ "R", 9 ], [ "W", 1 ], [ "W", 9 ], [ "R", 9 ], [ "R", 1 ], [ "R", 1 ], [ "R", 9 ], [ "R", 6 ], [ "R", 6 ], [ "R", 20 ], [ "R", 9 ], [ "R", 6 ], [ "R", 6 ], [ "R", 1 ], [ "R", 6 ], [ "R", 6 ], [ "R", 6 ], [ "W", 4 ], [ "W", 4 ], [ "R", 6 ], [ "R", 6 ], [ "W", 4 ], [ "R", 9 ], [ "W", 4 ], [ "R", 1 ], [ "R", 1 ], [ "R", 17 ], [ "R", 17 ], [ "R", 4 ], [ "R", 4 ], [ "R", 4 ], [ "R", 4 ], [ "R", 4 ], [ "R", 4 ], [ "R", 4 ], [ "R", 4 ], [ "R", 4 ], [ "R", 20 ], [ "R", 1 ], [ "R", 1 ], [ "R", 17 ], [ "R", 1 ], [ "R", 9 ], [ "R", 1 ], [ "R", 9 ], [ "R", 11 ], [ "R", 1 ], [ "R", 1 ], [ "R", 20 ], [ "R", 1 ], [ "R", 1 ], [ "R", 1 ], [ "R", 3 ], [ "R", 1 ], [ "R", 3 ], [ "R", 20 ], [ "R", 20 ], [ "R", 20 ], [ "R", 20 ], [ "R", 20 ], [ "R", 20 ], [ "R", 20 ], [ "R", 20 ], [ "R", 20 ], [ "R", 20 ], [ "R", 20 ], [ "R", 20 ], [ "W", 21 ], [ "R", 21 ], [ "W", 4 ], [ "W", 1 ], [ "W", 4 ], [ "W", 4 ], [ "R", 21 ], [ "R", 21 ], [ "R", 22 ], [ "R", 21 ], [ "R", 22 ], [ "R", 21 ], [ "R", 22 ], [ "R", 21 ], [ "R", 21 ], [ "R", 22 ], [ "R", 21 ], [ "R", 21 ], [ "R", 22 ], [ "R", 22 ], [ "R", 21 ], [ "R", 22 ], [ "R", 22 ], [ "R", 4 ], [ "R", 4 ], [ "R", 4 ], [ "R", 4 ], [ "R", 4 ], [ "R", 17 ], [ "R", 17 ], [ "R", 6 ], [ "R", 17 ], [ "R", 1 ], [ "R", 17 ], [ "R", 1 ], [ "R", 20 ], [ "R", 17 ], [ "R", 17 ], [ "R", 17 ], [ "R", 17 ], [ "R", 6 ], [ "R", 6 ], [ "R", 17 ], [ "R", 6 ], [ "R", 6 ], [ "R", 17 ], [ "R", 1 ], [ "R", 1 ], [ "R", 20 ], [ "W", 21 ], [ "W", 21 ], [ "R", 17 ], [ "R", 6 ], [ "R", 6 ], [ "R", 20 ], [ "R", 20 ], [ "R", 17 ], [ "R", 17 ], [ "R", 1 ], [ "W", 17 ], [ "W", 1 ], [ "R", 17 ], [ "W", 17 ], [ "R", 17 ], [ "R", 17 ], [ "W", 2 ], [ "W", 2 ], [ "W", 2 ], [ "W", 2 ], [ "W", 2 ], [ "R", 17 ], [ "R", 17 ], [ "R", 17 ], [ "R", 17 ], [ "R", 17 ], [ "R", 17 ], [ "R", 17 ], [ "R", 6 ], [ "R", 17 ], [ "R", 17 ], [ "R", 17 ], [ "R", 17 ], [ "R", 17 ], [ "R", 17 ], [ "R", 17 ], [ "R", 17 ], [ "R", 6 ], [ "R", 17 ], [ "R", 9 ], [ "R", 9 ], [ "R", 6 ], [ "R", 9 ], [ "R", 1 ], [ "R", 9 ], [ "R", 11 ], [ "R", 9 ], [ "R", 9 ], [ "R", 9 ], [ "R", 9 ], [ "R", 6 ], [ "R", 6 ], [ "R", 9 ], [ "R", 1 ], [ "R", 1 ], [ "R", 20 ], [ "W", 21 ], [ "W", 21 ], [ "R", 9 ], [ "R", 11 ], [ "R", 11 ], [ "R", 11 ], [ "R", 11 ], [ "R", 11 ], [ "R", 4 ], [ "R", 4 ], [ "R", 4 ], [ "R", 4 ], [ "R", 4 ], [ "R", 4 ], [ "R", 4 ], [ "R", 4 ], [ "R", 4 ], [ "R", 20 ], [ "R", 1 ], [ "R", 1 ], [ "R", 17 ], [ "R", 1 ], [ "R", 9 ], [ "R", 1 ], [ "R", 9 ], [ "R", 11 ], [ "R", 1 ], [ "R", 1 ], [ "R", 20 ], [ "R", 1 ], [ "R", 1 ], [ "R", 1 ], [ "R", 3 ], [ "R", 1 ], [ "R", 3 ], [ "R", 20 ], [ "R", 20 ], [ "R", 20 ], [ "R", 20 ], [ "R", 20 ], [ "R", 20 ], [ "R", 20 ], [ "R", 20 ], [ "R", 20 ], [ "R", 20 ], [ "R", 20 ], [ "R", 20 ], [ "W", 21 ], [ "R", 21 ], [ "W", 4 ], [ "W", 1 ], [ "W", 4 ], [ "W", 4 ], [ "R", 21 ], [ "R", 21 ], [ "R", 22 ], [ "R", 21 ], [ "R", 22 ], [ "R", 21 ], [ "R", 22 ], [ "R", 21 ], [ "R", 21 ], [ "R", 22 ], [ "R", 21 ], [ "R", 21 ], [ "R", 22 ], [ "R", 22 ], [ "R", 21 ], [ "R", 22 ], [ "R", 22 ], [ "R", 4 ], [ "R", 4 ], [ "R", 4 ], [ "R", 4 ], [ "R", 4 ], [ "R", 17 ], [ "R", 17 ], [ "R", 6 ], [ "R", 17 ], [ "R", 1 ], [ "R", 17 ], [ "R", 1 ], [ "R", 20 ], [ "R", 17 ], [ "R", 17 ], [ "R", 17 ], [ "R", 17 ], [ "R", 6 ], [ "R", 6 ], [ "R", 17 ], [ "R", 6 ], [ "R", 6 ], [ "R", 17 ], [ "R", 1 ], [ "R", 1 ], [ "R", 20 ], [ "W", 21 ], [ "W", 21 ], [ "R", 17 ], [ "R", 6 ], [ "R", 6 ], [ "R", 20 ], [ "R", 20 ], [ "R", 17 ], [ "R", 17 ], [ "R", 1 ], [ "W", 17 ], [ "W", 1 ], [ "R", 17 ], [ "W", 17 ], [ "R", 17 ], [ "R", 17 ], [ "W", 2 ], [ "W", 2 ], [ "W", 2 ], [ "W", 2 ], [ "W", 2 ], [ "R", 17 ], [ "R", 17 ], [ "R", 17 ], [ "R", 17 ], [ "R", 17 ], [ "R", 17 ], [ "R", 17 ], [ "R", 6 ], [ "R", 17 ], [ "R", 17 ], [ "R", 17 ], [ "R", 17 ], [ "R", 17 ], [ "R", 17 ], [ "R", 17 ], [ "R", 17 ], [ "R", 6 ], [ "R", 17 ], [ "R", 9 ], [ "R", 9 ], [ "R", 6 ], [ "R", 9 ], [ "R", 1 ], [ "R", 9 ], [ "R", 11 ], [ "R", 9 ], [ "R", 9 ], [ "R", 9 ], [ "R", 9 ], [ "R", 6 ], [ "R", 6 ], [ "R", 9 ], [ "R", 1 ], [ "R", 1 ], [ "R", 20 ], [ "W", 21 ], [ "W", 21 ], [ "R", 9 ], [ "R", 11 ], [ "R", 11 ], [ "R", 11 ], [ "R", 11 ], [ "R", 11 ], [ "W", 21 ], [ "W", 21 ], [ "R", 9 ], [ "R", 11 ], [ "R", 11 ], [ "R", 11 ], [ "R", 11 ], [ "R", 11 ], [ "W", 2 ], [ "W", 2 ], [ "W", 2 ], [ "W", 2 ], [ "W", 2 ], [ "R", 9 ], [ "R", 11 ], [ "R", 11 ], [ "R", 11 ], [ "W", 11 ], [ "W", 9 ], [ "W", 4 ], [ "W", 4 ], [ "W", 4 ], [ "W", 1 ], [ "W", 4 ], [ "W", 4 ] ]
    } ]
  },
  "AdministrationController.createUser" : {
    "t" : [ {
      "id" : 0,
      "a" : [ [ "W", 20 ], [ "W", 20 ], [ "W", 20 ], [ "W", 20 ], [ "W", 20 ], [ "W", 20 ], [ "R", 20 ], [ "R", 20 ], [ "R", 20 ], [ "W", 20 ], [ "R", 20 ], [ "R", 20 ], [ "R", 20 ], [ "R", 20 ], [ "R", 20 ], [ "R", 20 ], [ "R", 20 ], [ "R", 20 ], [ "R", 20 ], [ "R", 20 ], [ "R", 20 ], [ "R", 20 ], [ "R", 20 ], [ "R", 20 ], [ "R", 20 ], [ "R", 15 ], [ "W", 15 ], [ "R", 15 ], [ "R", 15 ], [ "R", 15 ], [ "R", 15 ], [ "W", 20 ], [ "W", 15 ], [ "R", 20 ], [ "W", 20 ], [ "W", 20 ], [ "W", 20 ], [ "R", 20 ], [ "R", 20 ], [ "R", 20 ], [ "R", 20 ], [ "R", 20 ], [ "R", 20 ], [ "R", 20 ], [ "R", 20 ], [ "R", 20 ], [ "R", 20 ], [ "W", 20 ], [ "W", 20 ], [ "R", 20 ], [ "R", 20 ] ]
    } ]
  },
  "ApplicationController.deployFromArchive" : {
    "t" : [ {
      "id" : 0,
      "a" : [ [ "R", 20 ], [ "R", 20 ], [ "R", 20 ], [ "R", 20 ], [ "R", 1 ], [ "R", 1 ], [ "R", 17 ], [ "R", 1 ], [ "R", 9 ], [ "R", 1 ], [ "R", 9 ], [ "R", 11 ], [ "R", 1 ], [ "R", 1 ], [ "R", 20 ], [ "R", 1 ], [ "R", 1 ], [ "R", 1 ], [ "R", 3 ], [ "R", 1 ], [ "R", 3 ], [ "R", 20 ], [ "R", 20 ], [ "R", 20 ], [ "R", 20 ], [ "R", 20 ], [ "R", 20 ], [ "R", 20 ], [ "R", 20 ], [ "R", 20 ], [ "R", 20 ], [ "R", 20 ], [ "R", 20 ], [ "R", 20 ], [ "R", 20 ], [ "R", 1 ], [ "R", 1 ], [ "R", 17 ], [ "R", 17 ], [ "R", 1 ], [ "R", 17 ], [ "R", 17 ], [ "R", 1 ], [ "R", 20 ], [ "R", 20 ], [ "R", 1 ], [ "R", 20 ], [ "R", 20 ], [ "W", 3 ], [ "W", 1 ], [ "W", 3 ], [ "W", 3 ], [ "R", 1 ], [ "R", 20 ], [ "R", 1 ], [ "R", 20 ], [ "R", 1 ], [ "R", 1 ], [ "R", 17 ], [ "R", 1 ], [ "R", 9 ], [ "R", 1 ], [ "R", 9 ], [ "R", 11 ], [ "R", 1 ], [ "R", 1 ], [ "R", 20 ], [ "R", 1 ], [ "R", 1 ], [ "R", 1 ], [ "R", 3 ], [ "R", 1 ], [ "R", 3 ], [ "R", 20 ], [ "R", 20 ], [ "R", 20 ], [ "R", 20 ], [ "R", 20 ], [ "R", 20 ], [ "R", 20 ], [ "R", 20 ], [ "R", 20 ], [ "R", 20 ], [ "R", 20 ], [ "R", 20 ], [ "R", 1 ], [ "W", 1 ], [ "W", 1 ], [ "W", 1 ], [ "W", 3 ], [ "R", 1 ], [ "R", 3 ], [ "W", 1 ], [ "W", 3 ], [ "R", 1 ], [ "W", 1 ], [ "R", 1 ], [ "R", 17 ], [ "R", 17 ], [ "R", 1 ], [ "R", 17 ], [ "R", 17 ], [ "R", 17 ], [ "R", 17 ], [ "R", 17 ], [ "R", 17 ], [ "R", 17 ], [ "R", 17 ], [ "R", 17 ], [ "R", 17 ], [ "R", 6 ], [ "R", 17 ], [ "R", 17 ], [ "R", 17 ], [ "R", 17 ], [ "R", 17 ], [ "R", 17 ], [ "R", 17 ], [ "R", 17 ], [ "R", 6 ], [ "R", 17 ], [ "R", 1 ], [ "R", 9 ], [ "R", 1 ], [ "R", 9 ], [ "R", 9 ], [ "R", 9 ], [ "R", 9 ], [ "R", 6 ], [ "R", 9 ], [ "R", 1 ], [ "R", 9 ], [ "R", 11 ], [ "R", 9 ], [ "R", 9 ], [ "R", 1 ], [ "R", 1 ], [ "R", 1 ], [ "R", 1 ], [ "R", 1 ], [ "R", 9 ], [ "R", 1 ], [ "R", 9 ], [ "R", 9 ], [ "R", 9 ], [ "R", 9 ], [ "R", 6 ], [ "R", 9 ], [ "R", 1 ], [ "R", 9 ], [ "R", 11 ], [ "R", 9 ], [ "R", 9 ], [ "W", 2 ], [ "W", 2 ], [ "W", 2 ], [ "W", 2 ], [ "W", 2 ], [ "R", 9 ], [ "R", 11 ], [ "R", 11 ], [ "R", 11 ], [ "W", 11 ], [ "R", 9 ], [ "W", 9 ], [ "W", 9 ], [ "R", 1 ], [ "R", 17 ], [ "R", 17 ], [ "R", 17 ], [ "R", 1 ], [ "W", 17 ], [ "W", 1 ], [ "R", 17 ], [ "W", 17 ], [ "R", 17 ], [ "R", 17 ], [ "W", 2 ], [ "W", 2 ], [ "W", 2 ], [ "W", 2 ], [ "W", 2 ], [ "R", 17 ], [ "R", 17 ], [ "R", 17 ], [ "R", 17 ], [ "R", 17 ], [ "R", 17 ], [ "R", 17 ], [ "R", 6 ], [ "R", 17 ], [ "R", 17 ], [ "R", 17 ], [ "R", 17 ], [ "R", 17 ], [ "R", 17 ], [ "R", 17 ], [ "R", 17 ], [ "R", 6 ], [ "R", 17 ] ]
    } ]
  },
  "ServerController.setOptionsJVM" : {
    "t" : [ {
      "id" : 0,
      "a" : [ [ "R", 20 ], [ "R", 20 ], [ "R", 20 ], [ "R", 20 ], [ "R", 1 ], [ "R", 1 ], [ "R", 17 ], [ "R", 1 ], [ "R", 9 ], [ "R", 1 ], [ "R", 9 ], [ "R", 11 ], [ "R", 1 ], [ "R", 1 ], [ "R", 20 ], [ "R", 1 ], [ "R", 1 ], [ "R", 1 ], [ "R", 3 ], [ "R", 1 ], [ "R", 3 ], [ "R", 20 ], [ "R", 20 ], [ "R", 20 ], [ "R", 20 ], [ "R", 20 ], [ "R", 20 ], [ "R", 20 ], [ "R", 20 ], [ "R", 20 ], [ "R", 20 ], [ "R", 20 ], [ "R", 20 ], [ "R", 20 ], [ "R", 20 ], [ "R", 1 ], [ "R", 1 ], [ "R", 1 ], [ "W", 1 ], [ "W", 1 ], [ "W", 1 ], [ "R", 1 ], [ "R", 17 ], [ "R", 17 ], [ "R", 17 ], [ "R", 17 ], [ "R", 4 ], [ "R", 4 ], [ "R", 4 ], [ "R", 4 ], [ "R", 4 ], [ "R", 17 ], [ "R", 17 ], [ "R", 17 ], [ "W", 21 ], [ "R", 21 ], [ "R", 17 ], [ "R", 21 ], [ "R", 21 ], [ "R", 22 ], [ "R", 21 ], [ "R", 22 ], [ "R", 21 ], [ "R", 22 ], [ "R", 21 ], [ "R", 21 ], [ "R", 22 ], [ "R", 21 ], [ "R", 21 ], [ "R", 22 ], [ "R", 22 ], [ "R", 21 ], [ "R", 22 ], [ "R", 22 ], [ "R", 17 ], [ "R", 17 ], [ "R", 6 ], [ "R", 6 ], [ "R", 17 ], [ "R", 6 ], [ "R", 6 ], [ "R", 17 ], [ "R", 1 ], [ "R", 1 ], [ "R", 20 ], [ "W", 21 ], [ "W", 21 ], [ "R", 17 ], [ "R", 6 ], [ "R", 6 ], [ "R", 20 ], [ "R", 20 ], [ "R", 17 ], [ "R", 17 ], [ "R", 1 ], [ "W", 17 ], [ "W", 1 ], [ "R", 17 ], [ "W", 17 ], [ "R", 17 ], [ "R", 17 ], [ "W", 2 ], [ "W", 2 ], [ "W", 2 ], [ "W", 2 ], [ "W", 2 ], [ "R", 17 ], [ "R", 17 ], [ "R", 17 ], [ "R", 17 ], [ "R", 17 ], [ "R", 17 ], [ "R", 17 ], [ "R", 6 ], [ "R", 17 ], [ "R", 17 ], [ "R", 17 ], [ "R", 17 ], [ "R", 17 ], [ "R", 17 ], [ "R", 17 ], [ "R", 17 ], [ "R", 6 ], [ "R", 17 ], [ "W", 17 ], [ "W", 17 ], [ "W", 17 ], [ "R", 1 ], [ "R", 1 ], [ "W", 1 ], [ "W", 1 ], [ "W", 1 ], [ "R", 1 ], [ "R", 1 ], [ "W", 1 ], [ "W", 1 ], [ "W", 1 ] ]
    } ]
  },
  "ImageController.deleteImage" : {
    "t" : [ {
      "id" : 0,
      "a" : [ [ "R", 6 ], [ "R", 6 ], [ "R", 6 ], [ "R", 6 ], [ "R", 6 ], [ "R", 6 ], [ "R", 6 ], [ "W", 6 ], [ "R", 6 ], [ "R", 6 ], [ "R", 6 ], [ "R", 6 ], [ "R", 6 ], [ "R", 6 ], [ "R", 6 ], [ "W", 6 ], [ "R", 6 ] ]
    } ]
  },
  "UserController.getStatus" : {
    "t" : [ {
      "id" : 0,
      "a" : [ [ "R", 20 ], [ "R", 20 ], [ "R", 20 ] ]
    } ]
  },
  "EnvironmentController.loadAllEnvironmentVariables" : {
    "t" : [ {
      "id" : 0,
      "a" : [ [ "R", 4 ], [ "R", 4 ], [ "R", 4 ] ]
    } ]
  },
  "ModuleController.publishPort" : {
    "t" : [ {
      "id" : 0,
      "a" : [ [ "R", 20 ], [ "R", 20 ], [ "R", 20 ], [ "R", 9 ], [ "R", 9 ], [ "R", 1 ], [ "R", 9 ], [ "R", 9 ], [ "R", 11 ], [ "R", 11 ], [ "W", 11 ], [ "W", 11 ], [ "R", 9 ], [ "R", 9 ], [ "R", 4 ], [ "R", 4 ], [ "R", 4 ], [ "R", 4 ], [ "R", 4 ], [ "R", 9 ], [ "W", 21 ], [ "R", 21 ], [ "R", 9 ], [ "R", 9 ], [ "R", 6 ], [ "R", 6 ], [ "W", 21 ], [ "W", 21 ], [ "R", 9 ], [ "R", 11 ], [ "R", 11 ], [ "R", 11 ], [ "R", 11 ], [ "R", 11 ], [ "R", 9 ], [ "W", 2 ], [ "W", 2 ], [ "W", 2 ], [ "W", 2 ], [ "W", 2 ], [ "R", 9 ], [ "R", 11 ], [ "R", 11 ], [ "R", 11 ], [ "W", 11 ], [ "W", 9 ] ]
    } ]
  },
  "EnvironmentController.deleteEnvironmentVariable" : {
    "t" : [ {
      "id" : 0,
      "a" : [ [ "R", 20 ], [ "R", 20 ], [ "R", 20 ], [ "R", 17 ], [ "R", 17 ], [ "R", 6 ], [ "R", 17 ], [ "R", 1 ], [ "R", 17 ], [ "R", 1 ], [ "R", 20 ], [ "R", 17 ], [ "R", 17 ], [ "R", 20 ], [ "R", 1 ], [ "R", 1 ], [ "R", 17 ], [ "R", 1 ], [ "R", 9 ], [ "R", 1 ], [ "R", 9 ], [ "R", 11 ], [ "R", 1 ], [ "R", 1 ], [ "R", 20 ], [ "R", 1 ], [ "R", 1 ], [ "R", 1 ], [ "R", 3 ], [ "R", 1 ], [ "R", 3 ], [ "R", 20 ], [ "R", 20 ], [ "R", 20 ], [ "R", 20 ], [ "R", 20 ], [ "R", 20 ], [ "R", 20 ], [ "R", 20 ], [ "R", 20 ], [ "R", 20 ], [ "R", 20 ], [ "R", 20 ], [ "W", 21 ], [ "R", 21 ], [ "R", 4 ], [ "R", 4 ], [ "R", 4 ], [ "W", 4 ], [ "R", 21 ], [ "R", 21 ], [ "R", 22 ], [ "R", 21 ], [ "R", 22 ], [ "R", 21 ], [ "R", 22 ], [ "R", 21 ], [ "R", 21 ], [ "R", 22 ], [ "R", 21 ], [ "R", 21 ], [ "R", 22 ], [ "R", 22 ], [ "R", 21 ], [ "R", 22 ], [ "R", 22 ], [ "R", 4 ], [ "R", 4 ], [ "R", 4 ], [ "R", 4 ], [ "R", 4 ], [ "R", 17 ], [ "R", 17 ], [ "R", 6 ], [ "R", 17 ], [ "R", 1 ], [ "R", 17 ], [ "R", 1 ], [ "R", 20 ], [ "R", 17 ], [ "R", 17 ], [ "R", 17 ], [ "R", 17 ], [ "R", 6 ], [ "R", 6 ], [ "R", 17 ], [ "R", 6 ], [ "R", 6 ], [ "R", 17 ], [ "R", 1 ], [ "R", 1 ], [ "R", 20 ], [ "W", 21 ], [ "W", 21 ], [ "R", 17 ], [ "R", 6 ], [ "R", 6 ], [ "R", 20 ], [ "R", 20 ], [ "R", 17 ], [ "R", 17 ], [ "R", 1 ], [ "W", 17 ], [ "W", 1 ], [ "R", 17 ], [ "W", 17 ], [ "R", 17 ], [ "R", 17 ], [ "W", 2 ], [ "W", 2 ], [ "W", 2 ], [ "W", 2 ], [ "W", 2 ], [ "R", 17 ], [ "R", 17 ], [ "R", 17 ], [ "R", 17 ], [ "R", 17 ], [ "R", 17 ], [ "R", 17 ], [ "R", 6 ], [ "R", 17 ], [ "R", 17 ], [ "R", 17 ], [ "R", 17 ], [ "R", 17 ], [ "R", 17 ], [ "R", 17 ], [ "R", 17 ], [ "R", 6 ], [ "R", 17 ], [ "R", 9 ], [ "R", 9 ], [ "R", 6 ], [ "R", 9 ], [ "R", 1 ], [ "R", 9 ], [ "R", 11 ], [ "R", 9 ], [ "R", 9 ], [ "R", 9 ], [ "R", 9 ], [ "R", 6 ], [ "R", 6 ], [ "R", 9 ], [ "R", 1 ], [ "R", 1 ], [ "R", 20 ], [ "W", 21 ], [ "W", 21 ], [ "R", 9 ], [ "R", 11 ], [ "R", 11 ], [ "R", 11 ], [ "R", 11 ], [ "R", 11 ] ]
    } ]
  },
  "CommandController.execCommand" : {
    "t" : [ {
      "id" : 0,
      "a" : [ [ "R", 20 ], [ "R", 20 ], [ "R", 20 ], [ "R", 20 ], [ "R", 1 ], [ "R", 1 ], [ "R", 17 ], [ "R", 1 ], [ "R", 9 ], [ "R", 1 ], [ "R", 9 ], [ "R", 11 ], [ "R", 1 ], [ "R", 1 ], [ "R", 20 ], [ "R", 1 ], [ "R", 1 ], [ "R", 1 ], [ "R", 3 ], [ "R", 1 ], [ "R", 3 ], [ "R", 20 ], [ "R", 20 ], [ "R", 20 ], [ "R", 20 ], [ "R", 20 ], [ "R", 20 ], [ "R", 20 ], [ "R", 20 ], [ "R", 20 ], [ "R", 20 ], [ "R", 20 ], [ "R", 20 ], [ "R", 1 ], [ "R", 1 ], [ "W", 1 ], [ "W", 1 ], [ "W", 1 ], [ "R", 20 ], [ "R", 20 ], [ "R", 20 ], [ "R", 20 ], [ "R", 1 ], [ "R", 1 ], [ "R", 17 ], [ "R", 1 ], [ "R", 9 ], [ "R", 1 ], [ "R", 9 ], [ "R", 11 ], [ "R", 1 ], [ "R", 1 ], [ "R", 20 ], [ "R", 1 ], [ "R", 1 ], [ "R", 1 ], [ "R", 3 ], [ "R", 1 ], [ "R", 3 ], [ "R", 20 ], [ "R", 20 ], [ "R", 20 ], [ "R", 20 ], [ "R", 20 ], [ "R", 20 ], [ "R", 20 ], [ "R", 20 ], [ "R", 20 ], [ "R", 20 ], [ "R", 20 ], [ "R", 20 ], [ "R", 1 ], [ "R", 17 ], [ "R", 17 ], [ "R", 17 ], [ "R", 1 ], [ "R", 9 ], [ "R", 1 ], [ "R", 9 ], [ "R", 9 ], [ "R", 9 ], [ "R", 1 ], [ "R", 1 ], [ "W", 1 ], [ "W", 1 ], [ "W", 1 ] ]
    } ]
  },
  "RegistryController.listAllRegistry" : {
    "t" : [ {
      "id" : 0,
      "a" : [ [ "R", 14 ] ]
    } ]
  },
  "ApplicationController.deployFromUrl" : {
    "t" : [ {
      "id" : 0,
      "a" : [ [ "R", 20 ], [ "R", 20 ], [ "R", 20 ], [ "R", 20 ], [ "R", 1 ], [ "R", 1 ], [ "R", 17 ], [ "R", 1 ], [ "R", 9 ], [ "R", 1 ], [ "R", 9 ], [ "R", 11 ], [ "R", 1 ], [ "R", 1 ], [ "R", 20 ], [ "R", 1 ], [ "R", 1 ], [ "R", 1 ], [ "R", 3 ], [ "R", 1 ], [ "R", 3 ], [ "R", 20 ], [ "R", 20 ], [ "R", 20 ], [ "R", 20 ], [ "R", 20 ], [ "R", 20 ], [ "R", 20 ], [ "R", 20 ], [ "R", 20 ], [ "R", 20 ], [ "R", 20 ], [ "R", 20 ], [ "R", 20 ], [ "R", 20 ], [ "R", 1 ], [ "R", 1 ], [ "R", 17 ], [ "R", 17 ], [ "R", 1 ], [ "R", 17 ], [ "R", 17 ], [ "R", 1 ], [ "R", 20 ], [ "R", 20 ], [ "R", 1 ], [ "R", 20 ], [ "R", 20 ], [ "W", 3 ], [ "W", 1 ], [ "W", 3 ], [ "W", 3 ], [ "R", 1 ], [ "R", 20 ], [ "R", 1 ], [ "R", 20 ], [ "R", 1 ], [ "R", 1 ], [ "R", 17 ], [ "R", 1 ], [ "R", 9 ], [ "R", 1 ], [ "R", 9 ], [ "R", 11 ], [ "R", 1 ], [ "R", 1 ], [ "R", 20 ], [ "R", 1 ], [ "R", 1 ], [ "R", 1 ], [ "R", 3 ], [ "R", 1 ], [ "R", 3 ], [ "R", 20 ], [ "R", 20 ], [ "R", 20 ], [ "R", 20 ], [ "R", 20 ], [ "R", 20 ], [ "R", 20 ], [ "R", 20 ], [ "R", 20 ], [ "R", 20 ], [ "R", 20 ], [ "R", 20 ], [ "R", 1 ], [ "W", 1 ], [ "W", 1 ], [ "W", 1 ], [ "W", 3 ], [ "R", 1 ], [ "R", 3 ], [ "W", 1 ], [ "W", 3 ], [ "R", 1 ], [ "W", 1 ], [ "R", 1 ], [ "R", 17 ], [ "R", 17 ], [ "R", 1 ], [ "R", 17 ], [ "R", 17 ], [ "R", 17 ], [ "R", 17 ], [ "R", 17 ], [ "R", 17 ], [ "R", 17 ], [ "R", 17 ], [ "R", 17 ], [ "R", 17 ], [ "R", 6 ], [ "R", 17 ], [ "R", 17 ], [ "R", 17 ], [ "R", 17 ], [ "R", 17 ], [ "R", 17 ], [ "R", 17 ], [ "R", 17 ], [ "R", 6 ], [ "R", 17 ], [ "R", 1 ], [ "R", 9 ], [ "R", 1 ], [ "R", 9 ], [ "R", 9 ], [ "R", 9 ], [ "R", 9 ], [ "R", 6 ], [ "R", 9 ], [ "R", 1 ], [ "R", 9 ], [ "R", 11 ], [ "R", 9 ], [ "R", 9 ], [ "R", 1 ], [ "R", 1 ], [ "R", 1 ], [ "R", 1 ], [ "R", 1 ], [ "R", 9 ], [ "R", 1 ], [ "R", 9 ], [ "R", 9 ], [ "R", 9 ], [ "R", 9 ], [ "R", 6 ], [ "R", 9 ], [ "R", 1 ], [ "R", 9 ], [ "R", 11 ], [ "R", 9 ], [ "R", 9 ], [ "W", 2 ], [ "W", 2 ], [ "W", 2 ], [ "W", 2 ], [ "W", 2 ], [ "R", 9 ], [ "R", 11 ], [ "R", 11 ], [ "R", 11 ], [ "W", 11 ], [ "R", 9 ], [ "W", 9 ], [ "W", 9 ], [ "R", 1 ], [ "R", 17 ], [ "R", 17 ], [ "R", 17 ], [ "R", 1 ], [ "W", 17 ], [ "W", 1 ], [ "R", 17 ], [ "W", 17 ], [ "R", 17 ], [ "R", 17 ], [ "W", 2 ], [ "W", 2 ], [ "W", 2 ], [ "W", 2 ], [ "W", 2 ], [ "R", 17 ], [ "R", 17 ], [ "R", 17 ], [ "R", 17 ], [ "R", 17 ], [ "R", 17 ], [ "R", 17 ], [ "R", 6 ], [ "R", 17 ], [ "R", 17 ], [ "R", 17 ], [ "R", 17 ], [ "R", 17 ], [ "R", 17 ], [ "R", 17 ], [ "R", 17 ], [ "R", 6 ], [ "R", 17 ] ]
    } ]
  },
  "ApplicationController.listContainer" : {
    "t" : [ {
      "id" : 0,
      "a" : [ [ "R", 20 ], [ "R", 20 ], [ "R", 20 ], [ "R", 20 ], [ "R", 1 ], [ "R", 1 ], [ "R", 17 ], [ "R", 1 ], [ "R", 9 ], [ "R", 1 ], [ "R", 9 ], [ "R", 11 ], [ "R", 1 ], [ "R", 1 ], [ "R", 20 ], [ "R", 1 ], [ "R", 1 ], [ "R", 1 ], [ "R", 3 ], [ "R", 1 ], [ "R", 3 ], [ "R", 20 ], [ "R", 20 ], [ "R", 20 ], [ "R", 20 ], [ "R", 20 ], [ "R", 20 ], [ "R", 20 ], [ "R", 20 ], [ "R", 20 ], [ "R", 20 ], [ "R", 20 ], [ "R", 20 ], [ "R", 1 ], [ "R", 17 ], [ "R", 17 ], [ "R", 17 ], [ "R", 1 ], [ "R", 9 ], [ "R", 1 ], [ "R", 9 ], [ "R", 9 ], [ "R", 9 ] ]
    } ]
  },
  "ApplicationController.restartApplication" : {
    "t" : [ {
      "id" : 0,
      "a" : [ [ "R", 20 ], [ "R", 20 ], [ "R", 20 ], [ "R", 20 ], [ "R", 1 ], [ "R", 1 ], [ "R", 17 ], [ "R", 1 ], [ "R", 9 ], [ "R", 1 ], [ "R", 9 ], [ "R", 11 ], [ "R", 1 ], [ "R", 1 ], [ "R", 20 ], [ "R", 1 ], [ "R", 1 ], [ "R", 1 ], [ "R", 3 ], [ "R", 1 ], [ "R", 3 ], [ "R", 20 ], [ "R", 20 ], [ "R", 20 ], [ "R", 20 ], [ "R", 20 ], [ "R", 20 ], [ "R", 20 ], [ "R", 20 ], [ "R", 20 ], [ "R", 20 ], [ "R", 20 ], [ "R", 20 ], [ "R", 1 ], [ "R", 20 ], [ "R", 20 ], [ "R", 1 ], [ "R", 1 ], [ "R", 1 ], [ "R", 17 ], [ "R", 17 ], [ "R", 17 ], [ "R", 17 ], [ "R", 17 ], [ "R", 17 ], [ "R", 17 ], [ "R", 17 ], [ "R", 17 ], [ "R", 17 ], [ "R", 6 ], [ "R", 17 ], [ "R", 17 ], [ "R", 17 ], [ "R", 17 ], [ "R", 17 ], [ "R", 17 ], [ "R", 17 ], [ "R", 17 ], [ "R", 6 ], [ "R", 17 ], [ "R", 1 ], [ "R", 9 ], [ "R", 1 ], [ "R", 9 ], [ "R", 9 ], [ "R", 9 ], [ "R", 9 ], [ "R", 6 ], [ "R", 9 ], [ "R", 1 ], [ "R", 9 ], [ "R", 11 ], [ "R", 9 ], [ "R", 9 ], [ "R", 1 ], [ "R", 1 ], [ "R", 1 ], [ "R", 1 ], [ "R", 1 ], [ "R", 9 ], [ "R", 1 ], [ "R", 9 ], [ "R", 9 ], [ "R", 9 ], [ "R", 9 ], [ "R", 6 ], [ "R", 9 ], [ "R", 1 ], [ "R", 9 ], [ "R", 11 ], [ "R", 9 ], [ "R", 9 ], [ "W", 2 ], [ "W", 2 ], [ "W", 2 ], [ "W", 2 ], [ "W", 2 ], [ "R", 9 ], [ "R", 11 ], [ "R", 11 ], [ "R", 11 ], [ "W", 11 ], [ "R", 9 ], [ "W", 9 ], [ "W", 9 ], [ "R", 1 ], [ "R", 17 ], [ "R", 17 ], [ "R", 17 ], [ "R", 1 ], [ "W", 17 ], [ "W", 1 ], [ "R", 17 ], [ "W", 17 ], [ "R", 17 ], [ "R", 17 ], [ "W", 2 ], [ "W", 2 ], [ "W", 2 ], [ "W", 2 ], [ "W", 2 ], [ "R", 17 ], [ "R", 17 ], [ "R", 17 ], [ "R", 17 ], [ "R", 17 ], [ "R", 17 ], [ "R", 17 ], [ "R", 6 ], [ "R", 17 ], [ "R", 17 ], [ "R", 17 ], [ "R", 17 ], [ "R", 17 ], [ "R", 17 ], [ "R", 17 ], [ "R", 17 ], [ "R", 6 ], [ "R", 17 ], [ "R", 1 ], [ "R", 1 ], [ "R", 9 ], [ "R", 1 ], [ "R", 9 ], [ "R", 9 ], [ "R", 9 ], [ "R", 9 ], [ "R", 6 ], [ "R", 9 ], [ "R", 1 ], [ "R", 9 ], [ "R", 11 ], [ "R", 9 ], [ "R", 9 ], [ "W", 2 ], [ "W", 2 ], [ "W", 2 ], [ "W", 2 ], [ "W", 2 ], [ "R", 9 ], [ "R", 11 ], [ "R", 11 ], [ "R", 11 ], [ "W", 11 ], [ "R", 9 ], [ "W", 9 ], [ "W", 9 ], [ "R", 1 ], [ "R", 17 ], [ "R", 17 ], [ "R", 17 ], [ "R", 1 ], [ "W", 17 ], [ "W", 1 ], [ "R", 17 ], [ "W", 17 ], [ "R", 17 ], [ "R", 17 ], [ "W", 2 ], [ "W", 2 ], [ "W", 2 ], [ "W", 2 ], [ "W", 2 ], [ "R", 17 ], [ "R", 17 ], [ "R", 17 ], [ "R", 17 ], [ "R", 17 ], [ "R", 17 ], [ "R", 17 ], [ "R", 6 ], [ "R", 17 ], [ "R", 17 ], [ "R", 17 ], [ "R", 17 ], [ "R", 17 ], [ "R", 17 ], [ "R", 17 ], [ "R", 17 ], [ "R", 6 ], [ "R", 17 ] ]
    } ]
  },
  "EnvironmentController.addEnvironmentVariable" : {
    "t" : [ {
      "id" : 0,
      "a" : [ [ "R", 20 ], [ "R", 20 ], [ "R", 20 ], [ "R", 20 ], [ "R", 1 ], [ "R", 1 ], [ "R", 17 ], [ "R", 1 ], [ "R", 9 ], [ "R", 1 ], [ "R", 9 ], [ "R", 11 ], [ "R", 1 ], [ "R", 1 ], [ "R", 20 ], [ "R", 1 ], [ "R", 1 ], [ "R", 1 ], [ "R", 3 ], [ "R", 1 ], [ "R", 3 ], [ "R", 20 ], [ "R", 20 ], [ "R", 20 ], [ "R", 20 ], [ "R", 20 ], [ "R", 20 ], [ "R", 20 ], [ "R", 20 ], [ "R", 20 ], [ "R", 20 ], [ "R", 20 ], [ "R", 20 ], [ "R", 4 ], [ "R", 4 ], [ "R", 4 ], [ "R", 4 ], [ "R", 4 ], [ "R", 4 ], [ "R", 4 ], [ "R", 4 ], [ "R", 4 ], [ "R", 20 ], [ "R", 1 ], [ "R", 1 ], [ "R", 17 ], [ "R", 1 ], [ "R", 9 ], [ "R", 1 ], [ "R", 9 ], [ "R", 11 ], [ "R", 1 ], [ "R", 1 ], [ "R", 20 ], [ "R", 1 ], [ "R", 1 ], [ "R", 1 ], [ "R", 3 ], [ "R", 1 ], [ "R", 3 ], [ "R", 20 ], [ "R", 20 ], [ "R", 20 ], [ "R", 20 ], [ "R", 20 ], [ "R", 20 ], [ "R", 20 ], [ "R", 20 ], [ "R", 20 ], [ "R", 20 ], [ "R", 20 ], [ "R", 20 ], [ "W", 21 ], [ "R", 21 ], [ "W", 4 ], [ "W", 1 ], [ "W", 4 ], [ "W", 4 ], [ "R", 21 ], [ "R", 21 ], [ "R", 22 ], [ "R", 21 ], [ "R", 22 ], [ "R", 21 ], [ "R", 22 ], [ "R", 21 ], [ "R", 21 ], [ "R", 22 ], [ "R", 21 ], [ "R", 21 ], [ "R", 22 ], [ "R", 22 ], [ "R", 21 ], [ "R", 22 ], [ "R", 22 ], [ "R", 4 ], [ "R", 4 ], [ "R", 4 ], [ "R", 4 ], [ "R", 4 ], [ "R", 17 ], [ "R", 17 ], [ "R", 6 ], [ "R", 17 ], [ "R", 1 ], [ "R", 17 ], [ "R", 1 ], [ "R", 20 ], [ "R", 17 ], [ "R", 17 ], [ "R", 17 ], [ "R", 17 ], [ "R", 6 ], [ "R", 6 ], [ "R", 17 ], [ "R", 6 ], [ "R", 6 ], [ "R", 17 ], [ "R", 1 ], [ "R", 1 ], [ "R", 20 ], [ "W", 21 ], [ "W", 21 ], [ "R", 17 ], [ "R", 6 ], [ "R", 6 ], [ "R", 20 ], [ "R", 20 ], [ "R", 17 ], [ "R", 17 ], [ "R", 1 ], [ "W", 17 ], [ "W", 1 ], [ "R", 17 ], [ "W", 17 ], [ "R", 17 ], [ "R", 17 ], [ "W", 2 ], [ "W", 2 ], [ "W", 2 ], [ "W", 2 ], [ "W", 2 ], [ "R", 17 ], [ "R", 17 ], [ "R", 17 ], [ "R", 17 ], [ "R", 17 ], [ "R", 17 ], [ "R", 17 ], [ "R", 6 ], [ "R", 17 ], [ "R", 17 ], [ "R", 17 ], [ "R", 17 ], [ "R", 17 ], [ "R", 17 ], [ "R", 17 ], [ "R", 17 ], [ "R", 6 ], [ "R", 17 ], [ "R", 9 ], [ "R", 9 ], [ "R", 6 ], [ "R", 9 ], [ "R", 1 ], [ "R", 9 ], [ "R", 11 ], [ "R", 9 ], [ "R", 9 ], [ "R", 9 ], [ "R", 9 ], [ "R", 6 ], [ "R", 6 ], [ "R", 9 ], [ "R", 1 ], [ "R", 1 ], [ "R", 20 ], [ "W", 21 ], [ "W", 21 ], [ "R", 9 ], [ "R", 11 ], [ "R", 11 ], [ "R", 11 ], [ "R", 11 ], [ "R", 11 ], [ "R", 4 ], [ "R", 4 ], [ "R", 4 ], [ "R", 4 ], [ "R", 4 ], [ "R", 4 ], [ "R", 4 ], [ "R", 4 ], [ "R", 4 ], [ "R", 20 ], [ "R", 1 ], [ "R", 1 ], [ "R", 17 ], [ "R", 1 ], [ "R", 9 ], [ "R", 1 ], [ "R", 9 ], [ "R", 11 ], [ "R", 1 ], [ "R", 1 ], [ "R", 20 ], [ "R", 1 ], [ "R", 1 ], [ "R", 1 ], [ "R", 3 ], [ "R", 1 ], [ "R", 3 ], [ "R", 20 ], [ "R", 20 ], [ "R", 20 ], [ "R", 20 ], [ "R", 20 ], [ "R", 20 ], [ "R", 20 ], [ "R", 20 ], [ "R", 20 ], [ "R", 20 ], [ "R", 20 ], [ "R", 20 ], [ "W", 21 ], [ "R", 21 ], [ "W", 4 ], [ "W", 1 ], [ "W", 4 ], [ "W", 4 ], [ "R", 21 ], [ "R", 21 ], [ "R", 22 ], [ "R", 21 ], [ "R", 22 ], [ "R", 21 ], [ "R", 22 ], [ "R", 21 ], [ "R", 21 ], [ "R", 22 ], [ "R", 21 ], [ "R", 21 ], [ "R", 22 ], [ "R", 22 ], [ "R", 21 ], [ "R", 22 ], [ "R", 22 ], [ "R", 4 ], [ "R", 4 ], [ "R", 4 ], [ "R", 4 ], [ "R", 4 ], [ "R", 17 ], [ "R", 17 ], [ "R", 6 ], [ "R", 17 ], [ "R", 1 ], [ "R", 17 ], [ "R", 1 ], [ "R", 20 ], [ "R", 17 ], [ "R", 17 ], [ "R", 17 ], [ "R", 17 ], [ "R", 6 ], [ "R", 6 ], [ "R", 17 ], [ "R", 6 ], [ "R", 6 ], [ "R", 17 ], [ "R", 1 ], [ "R", 1 ], [ "R", 20 ], [ "W", 21 ], [ "W", 21 ], [ "R", 17 ], [ "R", 6 ], [ "R", 6 ], [ "R", 20 ], [ "R", 20 ], [ "R", 17 ], [ "R", 17 ], [ "R", 1 ], [ "W", 17 ], [ "W", 1 ], [ "R", 17 ], [ "W", 17 ], [ "R", 17 ], [ "R", 17 ], [ "W", 2 ], [ "W", 2 ], [ "W", 2 ], [ "W", 2 ], [ "W", 2 ], [ "R", 17 ], [ "R", 17 ], [ "R", 17 ], [ "R", 17 ], [ "R", 17 ], [ "R", 17 ], [ "R", 17 ], [ "R", 6 ], [ "R", 17 ], [ "R", 17 ], [ "R", 17 ], [ "R", 17 ], [ "R", 17 ], [ "R", 17 ], [ "R", 17 ], [ "R", 17 ], [ "R", 6 ], [ "R", 17 ], [ "R", 9 ], [ "R", 9 ], [ "R", 6 ], [ "R", 9 ], [ "R", 1 ], [ "R", 9 ], [ "R", 11 ], [ "R", 9 ], [ "R", 9 ], [ "R", 9 ], [ "R", 9 ], [ "R", 6 ], [ "R", 6 ], [ "R", 9 ], [ "R", 1 ], [ "R", 1 ], [ "R", 20 ], [ "W", 21 ], [ "W", 21 ], [ "R", 9 ], [ "R", 11 ], [ "R", 11 ], [ "R", 11 ], [ "R", 11 ], [ "R", 11 ], [ "R", 1 ], [ "R", 17 ] ]
    } ]
  },
  "ImageController.enableImage" : {
    "t" : [ {
      "id" : 0,
      "a" : [ [ "R", 6 ], [ "R", 6 ], [ "R", 6 ], [ "R", 6 ], [ "W", 6 ], [ "R", 6 ], [ "R", 6 ], [ "R", 6 ], [ "R", 6 ], [ "R", 6 ], [ "R", 6 ], [ "R", 6 ], [ "W", 6 ], [ "R", 6 ] ]
    } ]
  },
  "MessageController.listMessagesFirstRows" : {
    "t" : [ {
      "id" : 0,
      "a" : [ [ "R", 20 ], [ "R", 20 ], [ "R", 20 ], [ "R", 7 ], [ "R", 7 ], [ "R", 7 ], [ "R", 20 ], [ "R", 7 ], [ "R", 7 ] ]
    } ]
  },
  "ApplicationController.stopApplication" : {
    "t" : [ {
      "id" : 0,
      "a" : [ [ "R", 20 ], [ "R", 20 ], [ "R", 20 ], [ "R", 20 ], [ "R", 1 ], [ "R", 1 ], [ "R", 17 ], [ "R", 1 ], [ "R", 9 ], [ "R", 1 ], [ "R", 9 ], [ "R", 11 ], [ "R", 1 ], [ "R", 1 ], [ "R", 20 ], [ "R", 1 ], [ "R", 1 ], [ "R", 1 ], [ "R", 3 ], [ "R", 1 ], [ "R", 3 ], [ "R", 20 ], [ "R", 20 ], [ "R", 20 ], [ "R", 20 ], [ "R", 20 ], [ "R", 20 ], [ "R", 20 ], [ "R", 20 ], [ "R", 20 ], [ "R", 20 ], [ "R", 20 ], [ "R", 20 ], [ "R", 20 ], [ "R", 20 ], [ "R", 1 ], [ "R", 1 ], [ "R", 17 ], [ "R", 17 ], [ "R", 17 ], [ "R", 17 ], [ "R", 17 ], [ "R", 17 ], [ "R", 17 ], [ "R", 17 ], [ "R", 17 ], [ "R", 17 ], [ "R", 6 ], [ "R", 17 ], [ "R", 17 ], [ "R", 17 ], [ "R", 17 ], [ "R", 17 ], [ "R", 17 ], [ "R", 17 ], [ "R", 17 ], [ "R", 6 ], [ "R", 17 ], [ "R", 1 ], [ "R", 9 ], [ "R", 1 ], [ "R", 9 ], [ "R", 9 ], [ "R", 9 ], [ "R", 9 ], [ "R", 6 ], [ "R", 9 ], [ "R", 1 ], [ "R", 9 ], [ "R", 11 ], [ "R", 9 ], [ "R", 9 ], [ "R", 1 ], [ "R", 1 ], [ "R", 1 ], [ "R", 1 ] ]
    } ]
  },
  "UserController.updateUser" : {
    "t" : [ {
      "id" : 0,
      "a" : [ [ "R", 20 ], [ "R", 20 ], [ "R", 20 ], [ "W", 20 ], [ "W", 20 ], [ "W", 20 ], [ "W", 20 ], [ "R", 20 ], [ "R", 20 ], [ "R", 20 ], [ "R", 20 ], [ "R", 20 ], [ "R", 20 ], [ "R", 20 ], [ "W", 20 ], [ "R", 20 ] ]
    } ]
  },
  "ApplicationController.displayEnv" : {
    "t" : [ {
      "id" : 0,
      "a" : [ [ "R", 20 ], [ "R", 20 ], [ "R", 20 ], [ "R", 20 ] ]
    } ]
  },
  "GitlabController.listenBranch" : {
    "t" : [ {
      "id" : 0,
      "a" : [ [ "R", 20 ], [ "R", 20 ], [ "R", 20 ], [ "R", 20 ], [ "R", 20 ] ]
    } ]
  },
  "AdministrationController.removeUser" : {
    "t" : [ {
      "id" : 0,
      "a" : [ [ "R", 20 ], [ "R", 20 ], [ "R", 20 ], [ "R", 20 ], [ "R", 20 ], [ "R", 20 ], [ "R", 20 ], [ "R", 20 ], [ "R", 20 ], [ "R", 20 ], [ "R", 20 ], [ "R", 20 ], [ "R", 20 ], [ "R", 20 ], [ "R", 20 ], [ "R", 1 ], [ "R", 1 ], [ "R", 17 ], [ "R", 1 ], [ "R", 9 ], [ "R", 1 ], [ "R", 3 ], [ "R", 1 ], [ "R", 1 ], [ "R", 12 ], [ "R", 1 ], [ "R", 1 ], [ "R", 20 ], [ "R", 1 ], [ "R", 20 ], [ "R", 20 ], [ "R", 20 ], [ "R", 20 ], [ "R", 20 ], [ "R", 20 ], [ "R", 1 ], [ "R", 1 ], [ "R", 9 ], [ "R", 1 ], [ "R", 9 ], [ "R", 1 ], [ "R", 9 ], [ "W", 21 ], [ "R", 21 ], [ "R", 9 ], [ "R", 1 ], [ "W", 9 ], [ "W", 1 ], [ "R", 1 ], [ "R", 9 ], [ "W", 1 ], [ "W", 9 ], [ "W", 9 ], [ "R", 1 ], [ "R", 17 ], [ "R", 17 ], [ "R", 4 ], [ "R", 4 ], [ "R", 4 ], [ "R", 4 ], [ "R", 9 ], [ "R", 6 ], [ "R", 6 ], [ "R", 1 ], [ "R", 1 ], [ "R", 17 ], [ "R", 17 ], [ "R", 17 ], [ "R", 17 ], [ "R", 6 ], [ "R", 17 ], [ "R", 1 ], [ "R", 17 ], [ "R", 1 ], [ "R", 20 ], [ "R", 17 ], [ "R", 17 ], [ "R", 20 ], [ "R", 1 ], [ "R", 1 ], [ "R", 17 ], [ "R", 1 ], [ "R", 9 ], [ "R", 1 ], [ "R", 9 ], [ "R", 11 ], [ "R", 1 ], [ "R", 1 ], [ "R", 20 ], [ "R", 1 ], [ "R", 1 ], [ "R", 1 ], [ "R", 3 ], [ "R", 1 ], [ "R", 3 ], [ "R", 20 ], [ "R", 20 ], [ "R", 20 ], [ "R", 20 ], [ "R", 20 ], [ "R", 20 ], [ "R", 20 ], [ "R", 20 ], [ "R", 20 ], [ "R", 20 ], [ "R", 20 ], [ "R", 20 ], [ "W", 21 ], [ "R", 21 ], [ "W", 4 ], [ "R", 21 ], [ "R", 21 ], [ "R", 22 ], [ "R", 21 ], [ "R", 22 ], [ "R", 21 ], [ "R", 22 ], [ "R", 21 ], [ "R", 21 ], [ "R", 22 ], [ "R", 21 ], [ "R", 21 ], [ "R", 22 ], [ "R", 22 ], [ "R", 21 ], [ "R", 22 ], [ "R", 22 ], [ "R", 4 ], [ "R", 4 ], [ "R", 4 ], [ "R", 4 ], [ "R", 4 ], [ "R", 17 ], [ "R", 17 ], [ "R", 6 ], [ "R", 17 ], [ "R", 1 ], [ "R", 17 ], [ "R", 1 ], [ "R", 20 ], [ "R", 17 ], [ "R", 17 ], [ "R", 17 ], [ "R", 17 ], [ "R", 6 ], [ "R", 6 ], [ "R", 17 ], [ "R", 6 ], [ "R", 6 ], [ "R", 17 ], [ "R", 1 ], [ "R", 1 ], [ "R", 20 ], [ "W", 21 ], [ "W", 21 ], [ "R", 17 ], [ "R", 6 ], [ "R", 6 ], [ "R", 20 ], [ "R", 20 ], [ "R", 17 ], [ "R", 17 ], [ "R", 1 ], [ "W", 17 ], [ "W", 1 ], [ "R", 17 ], [ "W", 17 ], [ "R", 17 ], [ "R", 17 ], [ "W", 2 ], [ "W", 2 ], [ "W", 2 ], [ "W", 2 ], [ "W", 2 ], [ "R", 17 ], [ "R", 17 ], [ "R", 17 ], [ "R", 17 ], [ "R", 17 ], [ "R", 17 ], [ "R", 17 ], [ "R", 6 ], [ "R", 17 ], [ "R", 17 ], [ "R", 17 ], [ "R", 17 ], [ "R", 17 ], [ "R", 17 ], [ "R", 17 ], [ "R", 17 ], [ "R", 6 ], [ "R", 17 ], [ "R", 9 ], [ "R", 9 ], [ "R", 6 ], [ "R", 9 ], [ "R", 1 ], [ "R", 9 ], [ "R", 11 ], [ "R", 9 ], [ "R", 9 ], [ "R", 9 ], [ "R", 9 ], [ "R", 6 ], [ "R", 6 ], [ "R", 9 ], [ "R", 1 ], [ "R", 1 ], [ "R", 20 ], [ "W", 21 ], [ "W", 21 ], [ "R", 9 ], [ "R", 11 ], [ "R", 11 ], [ "R", 11 ], [ "R", 11 ], [ "R", 11 ], [ "R", 20 ], [ "R", 20 ], [ "R", 20 ], [ "R", 20 ], [ "R", 20 ], [ "R", 20 ], [ "R", 9 ], [ "R", 9 ], [ "R", 9 ], [ "R", 9 ], [ "W", 1 ], [ "R", 9 ], [ "R", 1 ], [ "R", 1 ], [ "R", 17 ], [ "R", 17 ], [ "R", 17 ], [ "R", 17 ], [ "R", 6 ], [ "R", 17 ], [ "R", 1 ], [ "R", 17 ], [ "R", 1 ], [ "R", 20 ], [ "R", 17 ], [ "R", 17 ], [ "R", 17 ], [ "R", 1 ], [ "R", 17 ], [ "R", 1 ], [ "R", 20 ], [ "R", 1 ], [ "R", 21 ], [ "R", 21 ], [ "R", 22 ], [ "R", 21 ], [ "R", 22 ], [ "R", 21 ], [ "R", 22 ], [ "R", 21 ], [ "R", 21 ], [ "R", 22 ], [ "R", 21 ], [ "R", 22 ], [ "W", 22 ], [ "R", 17 ], [ "W", 21 ], [ "R", 21 ], [ "W", 17 ], [ "R", 17 ], [ "R", 1 ], [ "R", 17 ], [ "W", 17 ], [ "W", 1 ], [ "W", 1 ], [ "W", 17 ], [ "W", 1 ], [ "R", 1 ], [ "R", 1 ], [ "W", 1 ], [ "W", 1 ], [ "W", 1 ], [ "R", 1 ], [ "R", 1 ], [ "R", 1 ], [ "W", 1 ], [ "W", 1 ], [ "W", 1 ], [ "R", 1 ], [ "R", 20 ], [ "R", 7 ], [ "R", 7 ], [ "R", 20 ], [ "W", 20 ], [ "R", 20 ] ]
    } ]
  },
  "VolumeController.addVolume" : {
    "t" : [ {
      "id" : 0,
      "a" : [ [ "R", 21 ], [ "R", 21 ], [ "R", 21 ], [ "W", 21 ], [ "W", 21 ], [ "W", 21 ], [ "W", 21 ], [ "W", 22 ], [ "W", 21 ], [ "R", 21 ], [ "R", 21 ] ]
    } ]
  },
  "MessageController.listMessages" : {
    "t" : [ {
      "id" : 0,
      "a" : [ [ "R", 20 ], [ "R", 20 ], [ "R", 20 ], [ "R", 7 ], [ "R", 7 ], [ "R", 7 ], [ "R", 20 ], [ "R", 7 ], [ "R", 7 ] ]
    } ]
  },
  "AdministrationController.changeRights" : {
    "t" : [ {
      "id" : 0,
      "a" : [ [ "R", 20 ], [ "R", 20 ], [ "R", 20 ], [ "R", 20 ], [ "R", 20 ], [ "R", 20 ], [ "R", 20 ], [ "R", 20 ], [ "R", 15 ], [ "R", 15 ], [ "W", 15 ], [ "R", 15 ], [ "R", 15 ], [ "R", 15 ], [ "R", 15 ], [ "W", 20 ], [ "W", 15 ], [ "R", 20 ], [ "R", 20 ], [ "R", 20 ], [ "R", 20 ], [ "R", 20 ], [ "R", 20 ], [ "R", 20 ], [ "W", 20 ], [ "R", 20 ] ]
    } ]
  },
  "AdministrationController.listMessages" : {
    "t" : [ {
      "id" : 0,
      "a" : [ [ "R", 20 ], [ "R", 20 ], [ "R", 20 ], [ "R", 7 ], [ "R", 7 ], [ "R", 7 ], [ "R", 20 ], [ "R", 7 ], [ "R", 7 ] ]
    } ]
  },
  "AdministrationController.findAll" : {
    "t" : [ {
      "id" : 0,
      "a" : [ [ "R", 20 ] ]
    } ]
  },
  "VolumeController.loadAllVolumeAssociation" : {
    "t" : [ {
      "id" : 0,
      "a" : [ [ "R", 21 ], [ "R", 21 ], [ "R", 21 ], [ "R", 21 ], [ "R", 22 ] ]
    } ]
  },
  "ApplicationController.isValid" : {
    "t" : [ {
      "id" : 0,
      "a" : [ [ "R", 20 ], [ "R", 20 ], [ "R", 20 ], [ "R", 20 ], [ "R", 1 ], [ "R", 1 ], [ "R", 17 ], [ "R", 1 ], [ "R", 9 ], [ "R", 1 ], [ "R", 9 ], [ "R", 11 ], [ "R", 1 ], [ "R", 1 ], [ "R", 20 ], [ "R", 1 ], [ "R", 1 ] ]
    } ]
  },
  "MonitoringController.findAllByServer" : {
    "t" : [ {
      "id" : 0,
      "a" : [ [ "R", 8 ], [ "R", 8 ], [ "R", 8 ] ]
    } ]
  },
  "ImageController.pullImage" : {
    "t" : [ {
      "id" : 0,
      "a" : [ [ "R", 20 ], [ "R", 20 ], [ "R", 20 ], [ "R", 20 ], [ "W", 20 ], [ "R", 20 ], [ "R", 20 ], [ "R", 20 ], [ "R", 20 ], [ "R", 20 ], [ "R", 20 ], [ "R", 20 ], [ "W", 20 ], [ "R", 20 ], [ "R", 6 ], [ "R", 20 ], [ "W", 20 ], [ "R", 20 ], [ "R", 20 ], [ "R", 20 ], [ "R", 20 ], [ "R", 20 ], [ "R", 20 ], [ "R", 20 ], [ "W", 20 ], [ "R", 20 ] ]
    } ]
  },
  "MessageController.listMessagesForApplication" : {
    "t" : [ {
      "id" : 0,
      "a" : [ [ "R", 20 ], [ "R", 20 ], [ "R", 20 ], [ "R", 7 ], [ "R", 7 ], [ "R", 7 ], [ "R", 7 ], [ "R", 20 ], [ "R", 7 ], [ "R", 7 ] ]
    } ]
  },
  "ImageController.listAllEnabledModuleImages" : {
    "t" : [ {
      "id" : 0,
      "a" : [ [ "R", 6 ], [ "R", 6 ], [ "R", 6 ], [ "R", 6 ] ]
    } ]
  },
  "VolumeController.loadVolume" : {
    "t" : [ {
      "id" : 0,
      "a" : [ [ "R", 21 ], [ "R", 21 ], [ "R", 21 ], [ "R", 21 ], [ "R", 21 ] ]
    } ]
  },
  "ScriptingController.scriptingUpdate" : {
    "t" : [ {
      "id" : 0,
      "a" : [ [ "R", 20 ], [ "R", 20 ], [ "R", 20 ], [ "R", 16 ], [ "R", 16 ], [ "R", 16 ], [ "R", 16 ], [ "R", 16 ], [ "R", 16 ], [ "R", 16 ], [ "R", 16 ], [ "W", 16 ], [ "W", 16 ], [ "W", 16 ], [ "W", 16 ], [ "R", 16 ], [ "R", 16 ], [ "R", 16 ], [ "R", 16 ], [ "R", 20 ], [ "R", 20 ], [ "R", 20 ], [ "W", 20 ], [ "R", 20 ], [ "R", 20 ], [ "R", 20 ], [ "R", 20 ], [ "R", 20 ], [ "R", 20 ], [ "R", 20 ], [ "W", 20 ], [ "R", 20 ] ]
    } ]
  },
  "ImageController.listAllEnabledServerImages" : {
    "t" : [ {
      "id" : 0,
      "a" : [ [ "R", 6 ], [ "R", 6 ], [ "R", 6 ], [ "R", 6 ] ]
    } ]
  },
  "ServerController.linkVolumeAssociation" : {
    "t" : [ {
      "id" : 0,
      "a" : [ [ "R", 20 ], [ "R", 20 ], [ "R", 20 ], [ "R", 20 ], [ "R", 1 ], [ "R", 1 ], [ "R", 17 ], [ "R", 1 ], [ "R", 9 ], [ "R", 1 ], [ "R", 9 ], [ "R", 11 ], [ "R", 1 ], [ "R", 1 ], [ "R", 20 ], [ "R", 1 ], [ "R", 1 ], [ "R", 1 ], [ "R", 3 ], [ "R", 1 ], [ "R", 3 ], [ "R", 20 ], [ "R", 20 ], [ "R", 20 ], [ "R", 20 ], [ "R", 20 ], [ "R", 20 ], [ "R", 20 ], [ "R", 20 ], [ "R", 20 ], [ "R", 20 ], [ "R", 20 ], [ "R", 20 ], [ "R", 21 ], [ "R", 21 ], [ "R", 21 ], [ "W", 21 ], [ "W", 21 ], [ "W", 22 ], [ "W", 21 ], [ "R", 21 ], [ "R", 21 ], [ "R", 21 ], [ "R", 1 ], [ "R", 17 ], [ "R", 17 ], [ "R", 22 ], [ "R", 22 ], [ "R", 22 ], [ "R", 22 ], [ "R", 22 ], [ "R", 22 ], [ "R", 1 ], [ "R", 17 ], [ "W", 22 ], [ "W", 22 ], [ "W", 22 ], [ "W", 22 ], [ "R", 21 ], [ "R", 22 ], [ "W", 21 ], [ "W", 22 ], [ "R", 1 ], [ "R", 17 ], [ "R", 17 ], [ "R", 22 ], [ "W", 17 ], [ "W", 22 ], [ "R", 1 ], [ "R", 17 ], [ "R", 17 ], [ "W", 21 ], [ "R", 21 ], [ "R", 1 ], [ "R", 17 ], [ "R", 17 ], [ "R", 21 ], [ "R", 21 ], [ "R", 22 ], [ "R", 21 ], [ "R", 22 ], [ "R", 21 ], [ "R", 22 ], [ "R", 21 ], [ "R", 21 ], [ "R", 22 ], [ "R", 21 ], [ "R", 21 ], [ "R", 22 ], [ "R", 22 ], [ "R", 21 ], [ "R", 22 ], [ "R", 22 ], [ "R", 17 ], [ "R", 4 ], [ "R", 4 ], [ "R", 4 ], [ "R", 4 ], [ "R", 4 ], [ "R", 17 ], [ "R", 17 ], [ "R", 6 ], [ "R", 6 ], [ "R", 17 ], [ "R", 6 ], [ "R", 6 ], [ "R", 17 ], [ "R", 1 ], [ "R", 1 ], [ "R", 20 ], [ "W", 21 ], [ "W", 21 ], [ "R", 17 ], [ "R", 6 ], [ "R", 6 ], [ "R", 20 ], [ "R", 20 ], [ "R", 17 ], [ "R", 17 ], [ "R", 1 ], [ "W", 17 ], [ "W", 1 ], [ "R", 17 ], [ "W", 17 ], [ "R", 17 ], [ "R", 17 ], [ "W", 2 ], [ "W", 2 ], [ "W", 2 ], [ "W", 2 ], [ "W", 2 ], [ "R", 17 ], [ "R", 17 ], [ "R", 17 ], [ "R", 17 ], [ "R", 17 ], [ "R", 17 ], [ "R", 17 ], [ "R", 6 ], [ "R", 17 ], [ "R", 17 ], [ "R", 17 ], [ "R", 17 ], [ "R", 17 ], [ "R", 17 ], [ "R", 17 ], [ "R", 17 ], [ "R", 6 ], [ "R", 17 ], [ "R", 1 ], [ "R", 17 ] ]
    } ]
  },
  "ImageController.listAllImages" : {
    "t" : [ {
      "id" : 0,
      "a" : [ [ "R", 6 ], [ "R", 6 ], [ "W", 6 ] ]
    } ]
  },
  "ApplicationController.createApplication" : {
    "t" : [ {
      "id" : 0,
      "a" : [ [ "R", 20 ], [ "R", 20 ], [ "R", 20 ], [ "R", 20 ], [ "R", 20 ], [ "R", 1 ], [ "R", 20 ], [ "R", 20 ], [ "R", 20 ], [ "R", 6 ], [ "R", 6 ], [ "R", 6 ], [ "R", 20 ], [ "R", 1 ], [ "R", 1 ], [ "R", 17 ], [ "R", 1 ], [ "R", 9 ], [ "R", 1 ], [ "R", 9 ], [ "R", 11 ], [ "R", 1 ], [ "R", 1 ], [ "R", 20 ], [ "R", 1 ], [ "R", 1 ], [ "W", 1 ], [ "R", 1 ], [ "R", 17 ], [ "W", 17 ], [ "W", 1 ], [ "R", 17 ], [ "R", 17 ], [ "R", 1 ], [ "R", 17 ], [ "R", 1 ], [ "R", 1 ], [ "R", 20 ], [ "R", 17 ], [ "R", 1 ], [ "R", 1 ], [ "R", 17 ], [ "R", 1 ], [ "R", 1 ], [ "R", 20 ], [ "R", 20 ], [ "R", 17 ], [ "R", 6 ], [ "R", 6 ], [ "R", 17 ], [ "R", 6 ], [ "R", 6 ], [ "W", 21 ], [ "W", 21 ], [ "R", 17 ], [ "R", 6 ], [ "R", 6 ], [ "R", 20 ], [ "R", 20 ], [ "W", 2 ], [ "W", 2 ], [ "W", 2 ], [ "W", 2 ], [ "W", 2 ], [ "W", 17 ], [ "R", 17 ], [ "W", 17 ], [ "W", 17 ], [ "R", 17 ], [ "W", 17 ], [ "R", 17 ], [ "R", 17 ], [ "W", 1 ], [ "R", 1 ] ]
    } ]
  },
  "UserController.changePassword" : {
    "t" : [ {
      "id" : 0,
      "a" : [ [ "R", 20 ], [ "R", 20 ], [ "R", 20 ], [ "R", 20 ], [ "R", 20 ], [ "W", 20 ], [ "R", 20 ], [ "R", 20 ], [ "R", 20 ], [ "R", 20 ], [ "R", 20 ], [ "R", 20 ], [ "R", 20 ], [ "W", 20 ], [ "R", 20 ] ]
    } ]
  },
  "FileController.displayContentFile" : {
    "t" : [ {
      "id" : 0,
      "a" : [ [ "R", 20 ], [ "R", 20 ], [ "R", 20 ], [ "R", 20 ], [ "R", 1 ], [ "R", 1 ], [ "R", 17 ], [ "R", 1 ], [ "R", 9 ], [ "R", 1 ], [ "R", 9 ], [ "R", 11 ], [ "R", 1 ], [ "R", 1 ], [ "R", 20 ], [ "R", 1 ], [ "R", 1 ], [ "R", 1 ], [ "R", 3 ], [ "R", 1 ], [ "R", 3 ], [ "R", 20 ], [ "R", 20 ], [ "R", 20 ], [ "R", 20 ], [ "R", 20 ], [ "R", 20 ], [ "R", 20 ], [ "R", 20 ], [ "R", 20 ], [ "R", 20 ], [ "R", 20 ], [ "R", 20 ], [ "R", 20 ], [ "R", 20 ], [ "R", 1 ] ]
    } ]
  },
  "FileController.saveContentFileIntoContainer" : {
    "t" : [ {
      "id" : 0,
      "a" : [ [ "R", 20 ], [ "R", 20 ], [ "R", 20 ], [ "R", 20 ], [ "R", 1 ], [ "R", 1 ], [ "R", 17 ], [ "R", 1 ], [ "R", 9 ], [ "R", 1 ], [ "R", 9 ], [ "R", 11 ], [ "R", 1 ], [ "R", 1 ], [ "R", 20 ], [ "R", 1 ], [ "R", 1 ], [ "R", 1 ], [ "R", 3 ], [ "R", 1 ], [ "R", 3 ], [ "R", 20 ], [ "R", 20 ], [ "R", 20 ], [ "R", 20 ], [ "R", 20 ], [ "R", 20 ], [ "R", 20 ], [ "R", 20 ], [ "R", 20 ], [ "R", 20 ], [ "R", 20 ], [ "R", 20 ], [ "R", 20 ], [ "R", 20 ], [ "R", 1 ], [ "R", 1 ], [ "R", 1 ], [ "W", 1 ], [ "W", 1 ], [ "W", 1 ], [ "R", 1 ], [ "R", 1 ], [ "W", 1 ], [ "W", 1 ], [ "W", 1 ] ]
    } ]
  },
  "ScriptingController.scriptingDelete" : {
    "t" : [ {
      "id" : 0,
      "a" : [ [ "R", 20 ], [ "R", 20 ], [ "R", 20 ], [ "R", 16 ], [ "R", 16 ], [ "R", 16 ], [ "W", 16 ], [ "R", 20 ], [ "W", 20 ], [ "R", 20 ], [ "R", 20 ], [ "R", 20 ], [ "R", 20 ], [ "R", 20 ], [ "R", 20 ], [ "R", 20 ], [ "W", 20 ], [ "R", 20 ] ]
    } ]
  },
  "UserController.signin" : {
    "t" : [ {
      "id" : 0,
      "a" : [ [ "W", 20 ], [ "W", 20 ], [ "W", 20 ], [ "W", 20 ], [ "W", 20 ], [ "W", 20 ], [ "R", 20 ], [ "R", 20 ], [ "R", 20 ], [ "W", 20 ], [ "R", 20 ], [ "R", 20 ], [ "R", 20 ], [ "R", 20 ], [ "R", 20 ], [ "R", 20 ], [ "R", 20 ], [ "R", 20 ], [ "R", 20 ], [ "R", 20 ], [ "R", 20 ], [ "R", 20 ], [ "R", 20 ], [ "R", 20 ], [ "R", 20 ], [ "R", 15 ], [ "W", 15 ], [ "R", 15 ], [ "R", 15 ], [ "R", 15 ], [ "R", 15 ], [ "W", 20 ], [ "W", 15 ], [ "R", 20 ], [ "W", 20 ], [ "W", 20 ], [ "W", 20 ], [ "R", 20 ] ]
    } ]
  },
  "ApplicationController.exportApplication" : {
    "t" : [ {
      "id" : 0,
      "a" : [ [ "R", 20 ], [ "R", 20 ], [ "R", 20 ], [ "R", 20 ], [ "R", 1 ], [ "R", 1 ], [ "R", 17 ], [ "R", 1 ], [ "R", 9 ], [ "R", 1 ], [ "R", 9 ], [ "R", 11 ], [ "R", 1 ], [ "R", 1 ], [ "R", 20 ], [ "R", 1 ], [ "R", 1 ], [ "R", 1 ], [ "R", 3 ], [ "R", 1 ], [ "R", 3 ], [ "R", 20 ], [ "R", 20 ], [ "R", 20 ], [ "R", 20 ], [ "R", 20 ], [ "R", 20 ], [ "R", 20 ], [ "R", 20 ], [ "R", 20 ], [ "R", 20 ], [ "R", 20 ], [ "R", 20 ], [ "R", 20 ], [ "R", 20 ], [ "R", 1 ] ]
    } ]
  },
  "RegistryController.deleteRegistry" : {
    "t" : [ {
      "id" : 0,
      "a" : [ [ "R", 14 ], [ "R", 14 ], [ "R", 14 ], [ "W", 14 ] ]
    } ]
  },
  "FileController.downloadFile" : {
    "t" : [ {
      "id" : 0,
      "a" : [ [ "R", 20 ], [ "R", 20 ], [ "R", 20 ], [ "R", 20 ], [ "R", 1 ], [ "R", 1 ], [ "R", 17 ], [ "R", 1 ], [ "R", 9 ], [ "R", 1 ], [ "R", 9 ], [ "R", 11 ], [ "R", 1 ], [ "R", 1 ], [ "R", 20 ], [ "R", 1 ], [ "R", 1 ], [ "R", 1 ], [ "R", 3 ], [ "R", 1 ], [ "R", 3 ], [ "R", 20 ], [ "R", 20 ], [ "R", 20 ], [ "R", 20 ], [ "R", 20 ], [ "R", 20 ], [ "R", 20 ], [ "R", 20 ], [ "R", 20 ], [ "R", 20 ], [ "R", 20 ], [ "R", 20 ], [ "R", 20 ], [ "R", 20 ], [ "R", 1 ] ]
    } ]
  },
  "ServerController.getVolume" : {
    "t" : [ {
      "id" : 0,
      "a" : [ [ "R", 21 ], [ "R", 21 ], [ "R", 22 ], [ "R", 21 ], [ "R", 22 ], [ "R", 21 ], [ "R", 22 ], [ "R", 21 ], [ "R", 21 ], [ "R", 22 ] ]
    } ]
  },
  "UserController.activationAccount" : {
    "t" : [ {
      "id" : 0,
      "a" : [ [ "R", 20 ], [ "R", 20 ], [ "R", 20 ], [ "R", 20 ], [ "R", 20 ], [ "R", 20 ], [ "R", 20 ], [ "R", 20 ], [ "R", 20 ], [ "R", 20 ], [ "R", 20 ], [ "R", 20 ], [ "W", 20 ], [ "W", 20 ], [ "R", 20 ], [ "R", 20 ] ]
    } ]
  },
  "ImageController.disableImage" : {
    "t" : [ {
      "id" : 0,
      "a" : [ [ "R", 6 ], [ "R", 6 ], [ "R", 6 ], [ "R", 6 ], [ "W", 6 ], [ "R", 6 ], [ "R", 6 ], [ "R", 6 ], [ "R", 6 ], [ "R", 6 ], [ "R", 6 ], [ "R", 6 ], [ "W", 6 ], [ "R", 6 ] ]
    } ]
  },
  "AdministrationController.disableImage" : {
    "t" : [ {
      "id" : 0,
      "a" : [ [ "R", 6 ], [ "R", 6 ], [ "R", 6 ], [ "R", 6 ], [ "W", 6 ], [ "R", 6 ], [ "R", 6 ], [ "R", 6 ], [ "R", 6 ], [ "R", 6 ], [ "R", 6 ], [ "R", 6 ], [ "W", 6 ], [ "R", 6 ] ]
    } ]
  },
  "VolumeController.loadAllVolumes" : {
    "t" : [ {
      "id" : 0,
      "a" : [ [ "R", 21 ], [ "R", 21 ] ]
    } ]
  },
  "ScriptingController.scriptingLoadAll" : {
    "t" : [ {
      "id" : 0,
      "a" : [ [ "R", 20 ], [ "R", 20 ], [ "R", 20 ], [ "R", 16 ], [ "R", 16 ], [ "R", 16 ], [ "R", 20 ], [ "R", 16 ], [ "R", 16 ], [ "R", 16 ], [ "R", 16 ], [ "R", 20 ], [ "R", 20 ], [ "R", 20 ], [ "W", 20 ], [ "R", 20 ], [ "R", 20 ], [ "R", 20 ], [ "R", 20 ], [ "R", 20 ], [ "R", 20 ], [ "R", 20 ], [ "W", 20 ], [ "R", 20 ] ]
    } ]
  },
  "VolumeController.deleteVolume" : {
    "t" : [ {
      "id" : 0,
      "a" : [ [ "R", 21 ], [ "R", 21 ], [ "R", 21 ], [ "R", 21 ], [ "R", 22 ], [ "R", 21 ], [ "R", 22 ], [ "R", 21 ], [ "R", 22 ], [ "W", 21 ], [ "R", 21 ], [ "W", 21 ], [ "R", 21 ] ]
    } ]
  },
  "EnvironmentController.updateEnvironmentVariable" : {
    "t" : [ {
      "id" : 0,
      "a" : [ [ "R", 20 ], [ "R", 20 ], [ "R", 20 ], [ "R", 4 ], [ "R", 4 ], [ "R", 4 ], [ "R", 4 ], [ "R", 4 ], [ "R", 4 ], [ "R", 4 ], [ "R", 4 ], [ "R", 4 ], [ "R", 4 ], [ "R", 4 ], [ "R", 4 ], [ "R", 20 ], [ "R", 1 ], [ "R", 1 ], [ "R", 17 ], [ "R", 1 ], [ "R", 9 ], [ "R", 1 ], [ "R", 9 ], [ "R", 11 ], [ "R", 1 ], [ "R", 1 ], [ "R", 20 ], [ "R", 1 ], [ "R", 1 ], [ "R", 1 ], [ "R", 3 ], [ "R", 1 ], [ "R", 3 ], [ "R", 20 ], [ "R", 20 ], [ "R", 20 ], [ "R", 20 ], [ "R", 20 ], [ "R", 20 ], [ "R", 20 ], [ "R", 20 ], [ "R", 20 ], [ "R", 20 ], [ "R", 20 ], [ "R", 20 ], [ "W", 21 ], [ "R", 21 ], [ "W", 4 ], [ "W", 4 ], [ "W", 4 ], [ "W", 1 ], [ "W", 4 ], [ "R", 21 ], [ "R", 21 ], [ "R", 22 ], [ "R", 21 ], [ "R", 22 ], [ "R", 21 ], [ "R", 22 ], [ "R", 21 ], [ "R", 21 ], [ "R", 22 ], [ "R", 21 ], [ "R", 21 ], [ "R", 22 ], [ "R", 22 ], [ "R", 21 ], [ "R", 22 ], [ "R", 22 ], [ "R", 4 ], [ "R", 4 ], [ "R", 4 ], [ "R", 4 ], [ "R", 4 ], [ "R", 17 ], [ "R", 17 ], [ "R", 6 ], [ "R", 17 ], [ "R", 1 ], [ "R", 17 ], [ "R", 1 ], [ "R", 20 ], [ "R", 17 ], [ "R", 17 ], [ "R", 17 ], [ "R", 17 ], [ "R", 6 ], [ "R", 6 ], [ "R", 17 ], [ "R", 6 ], [ "R", 6 ], [ "R", 17 ], [ "R", 1 ], [ "R", 1 ], [ "R", 20 ], [ "W", 21 ], [ "W", 21 ], [ "R", 17 ], [ "R", 6 ], [ "R", 6 ], [ "R", 20 ], [ "R", 20 ], [ "R", 17 ], [ "R", 17 ], [ "R", 1 ], [ "W", 17 ], [ "W", 1 ], [ "R", 17 ], [ "W", 17 ], [ "R", 17 ], [ "R", 17 ], [ "W", 2 ], [ "W", 2 ], [ "W", 2 ], [ "W", 2 ], [ "W", 2 ], [ "R", 17 ], [ "R", 17 ], [ "R", 17 ], [ "R", 17 ], [ "R", 17 ], [ "R", 17 ], [ "R", 17 ], [ "R", 6 ], [ "R", 17 ], [ "R", 17 ], [ "R", 17 ], [ "R", 17 ], [ "R", 17 ], [ "R", 17 ], [ "R", 17 ], [ "R", 17 ], [ "R", 6 ], [ "R", 17 ], [ "R", 9 ], [ "R", 9 ], [ "R", 6 ], [ "R", 9 ], [ "R", 1 ], [ "R", 9 ], [ "R", 11 ], [ "R", 9 ], [ "R", 9 ], [ "R", 9 ], [ "R", 9 ], [ "R", 6 ], [ "R", 6 ], [ "R", 9 ], [ "R", 1 ], [ "R", 1 ], [ "R", 20 ], [ "W", 21 ], [ "W", 21 ], [ "R", 9 ], [ "R", 11 ], [ "R", 11 ], [ "R", 11 ], [ "R", 11 ], [ "R", 11 ] ]
    } ]
  },
  "ApplicationController.getExportApplication" : {
    "t" : [ {
      "id" : 0,
      "a" : [ [ "R", 20 ], [ "R", 20 ], [ "R", 20 ], [ "R", 20 ], [ "R", 1 ], [ "R", 1 ], [ "R", 17 ], [ "R", 1 ], [ "R", 9 ], [ "R", 1 ], [ "R", 9 ], [ "R", 11 ], [ "R", 1 ], [ "R", 1 ], [ "R", 20 ], [ "R", 1 ], [ "R", 1 ], [ "R", 1 ], [ "R", 3 ], [ "R", 1 ], [ "R", 3 ], [ "R", 20 ], [ "R", 20 ], [ "R", 20 ], [ "R", 20 ], [ "R", 20 ], [ "R", 20 ], [ "R", 20 ], [ "R", 20 ], [ "R", 20 ], [ "R", 20 ], [ "R", 20 ], [ "R", 20 ], [ "R", 20 ], [ "R", 20 ], [ "R", 1 ] ]
    } ]
  },
  "RegistryController.postRegistry" : {
    "t" : [ {
      "id" : 0,
      "a" : [ [ "W", 14 ], [ "W", 14 ], [ "W", 14 ], [ "W", 14 ], [ "W", 14 ] ]
    } ]
  },
  "ServerController.removeVolume" : {
    "t" : [ {
      "id" : 0,
      "a" : [ [ "R", 17 ], [ "R", 17 ], [ "R", 6 ], [ "R", 17 ], [ "R", 1 ], [ "R", 17 ], [ "R", 1 ], [ "R", 20 ], [ "R", 17 ], [ "R", 17 ], [ "R", 21 ], [ "R", 21 ], [ "R", 21 ], [ "W", 22 ], [ "W", 22 ], [ "W", 22 ], [ "W", 22 ], [ "R", 17 ], [ "R", 1 ], [ "R", 17 ], [ "W", 21 ], [ "R", 21 ], [ "R", 17 ], [ "R", 1 ], [ "R", 17 ], [ "R", 21 ], [ "R", 21 ], [ "R", 22 ], [ "R", 21 ], [ "R", 22 ], [ "R", 21 ], [ "R", 22 ], [ "R", 21 ], [ "R", 21 ], [ "R", 22 ], [ "R", 21 ], [ "R", 21 ], [ "R", 22 ], [ "R", 22 ], [ "R", 21 ], [ "R", 22 ], [ "R", 22 ], [ "R", 17 ], [ "R", 4 ], [ "R", 4 ], [ "R", 4 ], [ "R", 4 ], [ "R", 4 ], [ "R", 17 ], [ "R", 17 ], [ "R", 6 ], [ "R", 6 ], [ "R", 17 ], [ "R", 6 ], [ "R", 6 ], [ "R", 17 ], [ "R", 1 ], [ "R", 1 ], [ "R", 20 ], [ "W", 21 ], [ "W", 21 ], [ "R", 17 ], [ "R", 6 ], [ "R", 6 ], [ "R", 20 ], [ "R", 20 ], [ "R", 17 ], [ "R", 17 ], [ "R", 1 ], [ "W", 17 ], [ "W", 1 ], [ "R", 17 ], [ "W", 17 ], [ "R", 17 ], [ "R", 17 ], [ "W", 2 ], [ "W", 2 ], [ "W", 2 ], [ "W", 2 ], [ "W", 2 ], [ "R", 17 ], [ "R", 17 ], [ "R", 17 ], [ "R", 17 ], [ "R", 17 ], [ "R", 17 ], [ "R", 17 ], [ "R", 6 ], [ "R", 17 ], [ "R", 17 ], [ "R", 17 ], [ "R", 17 ], [ "R", 17 ], [ "R", 17 ], [ "R", 17 ], [ "R", 17 ], [ "R", 6 ], [ "R", 17 ], [ "R", 17 ], [ "R", 1 ] ]
    } ]
  },
  "ModuleController.runScript" : {
    "t" : [ {
      "id" : 0,
      "a" : [ [ "R", 9 ], [ "R", 9 ], [ "R", 6 ], [ "R", 9 ], [ "R", 1 ], [ "R", 9 ], [ "R", 11 ], [ "R", 9 ], [ "R", 9 ], [ "R", 9 ] ]
    } ]
  }
}