{
  "1" : "AbstractAutogeneratedId",
  "2" : "AbstractEnumId",
  "3" : "AbstractId",
  "4" : "AbstractTableGeneratedId",
  "5" : "AccountActivity",
  "6" : "Action",
  "7" : "Authority",
  "8" : "Chart",
  "9" : "ChartIndex",
  "10" : "ChartStock",
  "11" : "CommentAction",
  "12" : "CurrencyExchange",
  "13" : "CurrencyExchangeQuote",
  "14" : "Exchange",
  "15" : "Index",
  "16" : "IndexQuote",
  "17" : "Industry",
  "18" : "LikeAction",
  "19" : "Market",
  "20" : "Product",
  "21" : "Quote",
  "22" : "SocialAction",
  "23" : "SocialEventAction",
  "24" : "SocialUser",
  "25" : "StockProduct",
  "26" : "StockQuote",
  "27" : "Transaction",
  "28" : "User"
}