{
  "Ad" : 1,
  "AdSlot" : 2,
  "Attachment" : 3,
  "AttachmentRef" : 4,
  "Attribute" : 5,
  "Collect" : 6,
  "CollectField" : 7,
  "Comment" : 8,
  "Friendlink" : 9,
  "FriendlinkType" : 10,
  "Global" : 11,
  "Guestbook" : 12,
  "GuestbookType" : 13,
  "Info" : 14,
  "InfoAttribute" : 15,
  "InfoBuffer" : 16,
  "InfoComment" : 17,
  "InfoDetail" : 18,
  "InfoMemberGroup" : 19,
  "InfoNode" : 20,
  "InfoOrg" : 21,
  "InfoProcess" : 22,
  "InfoSpecial" : 23,
  "InfoTag" : 24,
  "LibraryClassify" : 25,
  "MemberGroup" : 26,
  "Model" : 27,
  "ModelField" : 28,
  "Node" : 29,
  "NodeBuffer" : 30,
  "NodeDetail" : 31,
  "NodeMemberGroup" : 32,
  "NodeOrg" : 33,
  "NodeRole" : 34,
  "OperationLog" : 35,
  "Order" : 36,
  "Org" : 37,
  "Product" : 38,
  "ProductClassify" : 39,
  "ProductRecord" : 40,
  "PublishPoint" : 41,
  "Question" : 42,
  "QuestionItem" : 43,
  "QuestionItemRec" : 44,
  "QuestionOptRec" : 45,
  "QuestionOption" : 46,
  "QuestionRecord" : 47,
  "Resume" : 48,
  "Role" : 49,
  "ScheduleJob" : 50,
  "ScoreBoard" : 51,
  "ScoreGroup" : 52,
  "ScoreItem" : 53,
  "SensitiveWord" : 54,
  "Site" : 55,
  "Special" : 56,
  "SpecialCategory" : 57,
  "Tag" : 58,
  "Task" : 59,
  "User" : 60,
  "UserDetail" : 61,
  "UserMemberGroup" : 62,
  "UserOrg" : 63,
  "UserRecord" : 64,
  "UserRole" : 65,
  "UserStatus" : 66,
  "VideoClassify" : 67,
  "VideoFour" : 68,
  "VideoResult" : 69,
  "VideoTwo" : 70,
  "VisitLog" : 71,
  "Vote" : 72,
  "VoteMark" : 73,
  "VoteOption" : 74,
  "Workflow" : 75,
  "WorkflowGroup" : 76,
  "WorkflowLog" : 77,
  "WorkflowProcess" : 78,
  "WorkflowStep" : 79,
  "WorkflowStepRole" : 80
}