{
  "1" : "Ad",
  "2" : "AdSlot",
  "3" : "Attachment",
  "4" : "AttachmentRef",
  "5" : "Attribute",
  "6" : "Collect",
  "7" : "CollectField",
  "8" : "Comment",
  "9" : "Friendlink",
  "10" : "FriendlinkType",
  "11" : "Global",
  "12" : "Guestbook",
  "13" : "GuestbookType",
  "14" : "Info",
  "15" : "InfoAttribute",
  "16" : "InfoBuffer",
  "17" : "InfoComment",
  "18" : "InfoDetail",
  "19" : "InfoMemberGroup",
  "20" : "InfoNode",
  "21" : "InfoOrg",
  "22" : "InfoProcess",
  "23" : "InfoSpecial",
  "24" : "InfoTag",
  "25" : "LibraryClassify",
  "26" : "MemberGroup",
  "27" : "Model",
  "28" : "ModelField",
  "29" : "Node",
  "30" : "NodeBuffer",
  "31" : "NodeDetail",
  "32" : "NodeMemberGroup",
  "33" : "NodeOrg",
  "34" : "NodeRole",
  "35" : "OperationLog",
  "36" : "Order",
  "37" : "Org",
  "38" : "Product",
  "39" : "ProductClassify",
  "40" : "ProductRecord",
  "41" : "PublishPoint",
  "42" : "Question",
  "43" : "QuestionItem",
  "44" : "QuestionItemRec",
  "45" : "QuestionOptRec",
  "46" : "QuestionOption",
  "47" : "QuestionRecord",
  "48" : "Resume",
  "49" : "Role",
  "50" : "ScheduleJob",
  "51" : "ScoreBoard",
  "52" : "ScoreGroup",
  "53" : "ScoreItem",
  "54" : "SensitiveWord",
  "55" : "Site",
  "56" : "Special",
  "57" : "SpecialCategory",
  "58" : "Tag",
  "59" : "Task",
  "60" : "User",
  "61" : "UserDetail",
  "62" : "UserMemberGroup",
  "63" : "UserOrg",
  "64" : "UserRecord",
  "65" : "UserRole",
  "66" : "UserStatus",
  "67" : "VideoClassify",
  "68" : "VideoFour",
  "69" : "VideoResult",
  "70" : "VideoTwo",
  "71" : "VisitLog",
  "72" : "Vote",
  "73" : "VoteMark",
  "74" : "VoteOption",
  "75" : "Workflow",
  "76" : "WorkflowGroup",
  "77" : "WorkflowLog",
  "78" : "WorkflowProcess",
  "79" : "WorkflowStep",
  "80" : "WorkflowStepRole"
}