{
  "Activity" : 1,
  "ActivityBook" : 2,
  "Actor" : 3,
  "Administrator" : 4,
  "Advert" : 5,
  "Appointment" : 6,
  "Article" : 7,
  "ArticleRating" : 8,
  "Comment" : 9,
  "CreditCard" : 10,
  "DailyDiet" : 11,
  "Day" : 12,
  "Diet" : 13,
  "DomainEntity" : 14,
  "Editor" : 15,
  "Exercise" : 16,
  "Food" : 17,
  "FriendRequest" : 18,
  "Gym" : 19,
  "GymRating" : 20,
  "Manager" : 21,
  "Mark" : 22,
  "Measure" : 23,
  "Nutritionist" : 24,
  "OrderLine" : 25,
  "Product" : 26,
  "ProductOrder" : 27,
  "Provider" : 28,
  "Room" : 29,
  "Routine" : 30,
  "ShoppingCart" : 31,
  "SocialNetwork" : 32,
  "Subscription" : 33,
  "User" : 34,
  "UserAccount" : 35
}