{
  "1" : "AfterCarePlacementOrder",
  "2" : "AreaDetails",
  "3" : "AreaLevel",
  "4" : "CCIDetails",
  "5" : "CCIHumanResource",
  "6" : "CCIHumanResourceOS",
  "7" : "CCIHumanResourceSAA",
  "8" : "CCITransactionDetails",
  "9" : "CCITypeDetails",
  "10" : "CCTSType",
  "11" : "CCTSTypeDetails",
  "12" : "CICLBondConflictWithLaw",
  "13" : "CICLCaseMoniteringSheet",
  "14" : "CICLChildCareInstitutionPendingInquiry",
  "15" : "CICLFamilyDetails",
  "16" : "CICLOrderForSocialInvestigation",
  "17" : "CICLPeriodicReport",
  "18" : "CICLPeriodicReportOnChildProbation",
  "19" : "CICLPersonalBondByChild",
  "20" : "CICLProtectiveCustodyCard",
  "21" : "CICLSocialBackgroundReport",
  "22" : "CICLSocialInvestigationReport",
  "23" : "CICLSupervisionOrder",
  "24" : "CICLUndertakingForInterimCustody",
  "25" : "CICLsocialInvestigationReportFamilyDetails",
  "26" : "CaseHistoryCCI",
  "27" : "CaseMonitoring",
  "28" : "CaseSummaryByCWC",
  "29" : "CciUserMapping",
  "30" : "ChildDetails",
  "31" : "ChildEmploymentDetails",
  "32" : "ChildInFosterCare",
  "33" : "ChildMonitoringReport",
  "34" : "ChildPlacedInFitInstitution",
  "35" : "ChildRegistrationDetails",
  "36" : "ChildWithFitPerson",
  "37" : "ConstitutionOfBCPC",
  "38" : "ConstitutionOfCWC",
  "39" : "ConstitutionOfDCPC",
  "40" : "ConstitutionOfJJB",
  "41" : "ConstitutionOfSJPU",
  "42" : "ConstitutionOfVCPC",
  "43" : "CounterCount",
  "44" : "DCPUHRDetails",
  "45" : "DataValue",
  "46" : "DataValueCciWise",
  "47" : "Designation",
  "48" : "DesignationFeaturePermissionMapping",
  "49" : "DetailsOfPlacement",
  "50" : "EmailActivation",
  "51" : "FamilyHistoryOfCrime",
  "52" : "FeaturePermissionMapping",
  "53" : "Features",
  "54" : "FinancialInspectionReport",
  "55" : "FollowUpForm",
  "56" : "FosterCareDetails",
  "57" : "GridMenuDesignationMapping",
  "58" : "GridMenuItemDetails",
  "59" : "Header",
  "60" : "HealthStatusOfChild",
  "61" : "IndicatorUnitSubgroup",
  "62" : "IndividualCarePlanA",
  "63" : "IndividualCarePlanB",
  "64" : "IndividualCarePlanC",
  "65" : "IndividualCarePlanD",
  "66" : "LanguageDetails",
  "67" : "LegallyFreeForAdoption",
  "68" : "NotificationDetails",
  "69" : "PageContentDetails",
  "70" : "Permissions",
  "71" : "RehabilationEscortOrder",
  "72" : "RestorationDetails",
  "73" : "Sectors",
  "74" : "SocialInvestigationReportFamilyDetails",
  "75" : "SocialinvestigationReport",
  "76" : "SponsorshipOrder",
  "77" : "TXN_User_LogIn_Meta",
  "78" : "TimePeriod",
  "79" : "UserDetails",
  "80" : "Years"
}