{
  "AfterCarePlacementOrder" : 1,
  "AreaDetails" : 2,
  "AreaLevel" : 3,
  "CCIDetails" : 4,
  "CCIHumanResource" : 5,
  "CCIHumanResourceOS" : 6,
  "CCIHumanResourceSAA" : 7,
  "CCITransactionDetails" : 8,
  "CCITypeDetails" : 9,
  "CCTSType" : 10,
  "CCTSTypeDetails" : 11,
  "CICLBondConflictWithLaw" : 12,
  "CICLCaseMoniteringSheet" : 13,
  "CICLChildCareInstitutionPendingInquiry" : 14,
  "CICLFamilyDetails" : 15,
  "CICLOrderForSocialInvestigation" : 16,
  "CICLPeriodicReport" : 17,
  "CICLPeriodicReportOnChildProbation" : 18,
  "CICLPersonalBondByChild" : 19,
  "CICLProtectiveCustodyCard" : 20,
  "CICLSocialBackgroundReport" : 21,
  "CICLSocialInvestigationReport" : 22,
  "CICLSupervisionOrder" : 23,
  "CICLUndertakingForInterimCustody" : 24,
  "CICLsocialInvestigationReportFamilyDetails" : 25,
  "CaseHistoryCCI" : 26,
  "CaseMonitoring" : 27,
  "CaseSummaryByCWC" : 28,
  "CciUserMapping" : 29,
  "ChildDetails" : 30,
  "ChildEmploymentDetails" : 31,
  "ChildInFosterCare" : 32,
  "ChildMonitoringReport" : 33,
  "ChildPlacedInFitInstitution" : 34,
  "ChildRegistrationDetails" : 35,
  "ChildWithFitPerson" : 36,
  "ConstitutionOfBCPC" : 37,
  "ConstitutionOfCWC" : 38,
  "ConstitutionOfDCPC" : 39,
  "ConstitutionOfJJB" : 40,
  "ConstitutionOfSJPU" : 41,
  "ConstitutionOfVCPC" : 42,
  "CounterCount" : 43,
  "DCPUHRDetails" : 44,
  "DataValue" : 45,
  "DataValueCciWise" : 46,
  "Designation" : 47,
  "DesignationFeaturePermissionMapping" : 48,
  "DetailsOfPlacement" : 49,
  "EmailActivation" : 50,
  "FamilyHistoryOfCrime" : 51,
  "FeaturePermissionMapping" : 52,
  "Features" : 53,
  "FinancialInspectionReport" : 54,
  "FollowUpForm" : 55,
  "FosterCareDetails" : 56,
  "GridMenuDesignationMapping" : 57,
  "GridMenuItemDetails" : 58,
  "Header" : 59,
  "HealthStatusOfChild" : 60,
  "IndicatorUnitSubgroup" : 61,
  "IndividualCarePlanA" : 62,
  "IndividualCarePlanB" : 63,
  "IndividualCarePlanC" : 64,
  "IndividualCarePlanD" : 65,
  "LanguageDetails" : 66,
  "LegallyFreeForAdoption" : 67,
  "NotificationDetails" : 68,
  "PageContentDetails" : 69,
  "Permissions" : 70,
  "RehabilationEscortOrder" : 71,
  "RestorationDetails" : 72,
  "Sectors" : 73,
  "SocialInvestigationReportFamilyDetails" : 74,
  "SocialinvestigationReport" : 75,
  "SponsorshipOrder" : 76,
  "TXN_User_LogIn_Meta" : 77,
  "TimePeriod" : 78,
  "UserDetails" : 79,
  "Years" : 80
}