{
  "RegisterController.register" : {
    "t" : [ {
      "id" : 0,
      "a" : [ [ "W", 9 ], [ "W", 9 ], [ "R", 9 ], [ "W", 9 ], [ "W", 9 ], [ "R", 9 ], [ "W", 9 ], [ "W", 9 ], [ "W", 9 ], [ "R", 9 ], [ "W", 9 ], [ "W", 9 ], [ "R", 9 ], [ "W", 9 ], [ "W", 9 ], [ "W", 9 ] ]
    } ]
  },
  "RegisterController.validateLoginName" : {
    "t" : [ {
      "id" : 0,
      "a" : [ [ "R", 9 ] ]
    } ]
  },
  "RoleController.updateForm" : {
    "t" : [ {
      "id" : 0,
      "a" : [ [ "R", 8 ] ]
    } ]
  },
  "UserAdminController.create" : {
    "t" : [ {
      "id" : 0,
      "a" : [ [ "W", 9 ], [ "W", 9 ], [ "R", 9 ], [ "W", 9 ], [ "W", 9 ], [ "R", 9 ], [ "W", 9 ], [ "W", 9 ], [ "W", 9 ], [ "W", 9 ], [ "W", 9 ], [ "R", 9 ] ]
    } ]
  },
  "RegisterController.validateEmail" : {
    "t" : [ {
      "id" : 0,
      "a" : [ [ "R", 9 ] ]
    } ]
  },
  "ProfileController.updateProfile" : {
    "t" : [ {
      "id" : 0,
      "a" : [ [ "W", 9 ], [ "W", 9 ], [ "W", 9 ], [ "R", 9 ] ]
    } ]
  },
  "ProfileController.profileForm" : {
    "t" : [ {
      "id" : 0,
      "a" : [ [ "R", 9 ] ]
    } ]
  },
  "ActiveController.doActive" : {
    "t" : [ {
      "id" : 0,
      "a" : [ [ "R", 9 ], [ "R", 9 ], [ "R", 9 ], [ "R", 9 ], [ "W", 9 ], [ "W", 9 ], [ "W", 9 ] ]
    } ]
  },
  "DepartmentController.active" : {
    "t" : [ {
      "id" : 0,
      "a" : [ [ "R", 2 ], [ "R", 2 ], [ "W", 2 ], [ "W", 2 ], [ "R", 2 ] ]
    } ]
  },
  "JobDetailController.list" : {
    "t" : [ {
      "id" : 0,
      "a" : [ [ "R", 3 ], [ "R", 3 ] ]
    } ]
  },
  "DepartmentController.checkDeptName" : {
    "t" : [ {
      "id" : 0,
      "a" : [ [ "R", 2 ] ]
    } ]
  },
  "RoleController.deactive" : {
    "t" : [ {
      "id" : 0,
      "a" : [ [ "R", 8 ], [ "R", 8 ], [ "W", 8 ], [ "W", 8 ], [ "R", 8 ] ]
    } ]
  },
  "UserAdminController.deactive" : {
    "t" : [ {
      "id" : 0,
      "a" : [ [ "R", 9 ], [ "R", 9 ], [ "W", 9 ], [ "W", 9 ], [ "R", 9 ] ]
    } ]
  },
  "UserAdminController.checkLoginName" : {
    "t" : [ {
      "id" : 0,
      "a" : [ [ "R", 9 ] ]
    } ]
  },
  "UserAdminController.delete" : {
    "t" : [ {
      "id" : 0,
      "a" : [ [ "R", 9 ], [ "W", 9 ], [ "R", 9 ] ]
    } ]
  },
  "DepartmentController.updateForm" : {
    "t" : [ {
      "id" : 0,
      "a" : [ [ "R", 2 ] ]
    } ]
  },
  "PasswordController.updateProfile" : {
    "t" : [ {
      "id" : 0,
      "a" : [ [ "R", 9 ], [ "R", 9 ], [ "W", 9 ], [ "W", 9 ], [ "W", 9 ] ]
    } ]
  },
  "RoleController.active" : {
    "t" : [ {
      "id" : 0,
      "a" : [ [ "R", 8 ], [ "R", 8 ], [ "W", 8 ], [ "W", 8 ], [ "R", 8 ] ]
    } ]
  },
  "DepartmentController.deactive" : {
    "t" : [ {
      "id" : 0,
      "a" : [ [ "R", 2 ], [ "R", 2 ], [ "W", 2 ], [ "W", 2 ], [ "R", 2 ] ]
    } ]
  },
  "UserAdminController.update" : {
    "t" : [ {
      "id" : 0,
      "a" : [ [ "W", 9 ], [ "W", 9 ], [ "W", 9 ], [ "R", 9 ] ]
    } ]
  },
  "DepartmentController.list" : {
    "t" : [ {
      "id" : 0,
      "a" : [ [ "R", 2 ], [ "R", 2 ] ]
    } ]
  },
  "PasswordController.profileForm" : {
    "t" : [ {
      "id" : 0,
      "a" : [ [ "R", 9 ] ]
    } ]
  },
  "DepartmentController.update" : {
    "t" : [ {
      "id" : 0,
      "a" : [ [ "W", 2 ], [ "R", 2 ] ]
    } ]
  },
  "RoleController.checkLoginName" : {
    "t" : [ {
      "id" : 0,
      "a" : [ [ "R", 8 ] ]
    } ]
  },
  "DepartmentController.create" : {
    "t" : [ {
      "id" : 0,
      "a" : [ [ "W", 2 ], [ "W", 2 ], [ "W", 2 ], [ "R", 2 ] ]
    } ]
  },
  "RoleController.list" : {
    "t" : [ {
      "id" : 0,
      "a" : [ [ "R", 8 ], [ "R", 8 ] ]
    } ]
  },
  "RoleController.create" : {
    "t" : [ {
      "id" : 0,
      "a" : [ [ "W", 8 ], [ "W", 8 ], [ "W", 8 ], [ "R", 8 ] ]
    } ]
  },
  "UserAdminController.updateForm" : {
    "t" : [ {
      "id" : 0,
      "a" : [ [ "R", 9 ] ]
    } ]
  },
  "RoleController.delete" : {
    "t" : [ {
      "id" : 0,
      "a" : [ [ "R", 8 ], [ "W", 8 ], [ "R", 8 ] ]
    } ]
  },
  "RoleController.update" : {
    "t" : [ {
      "id" : 0,
      "a" : [ [ "W", 8 ], [ "R", 8 ] ]
    } ]
  },
  "UserAdminController.active" : {
    "t" : [ {
      "id" : 0,
      "a" : [ [ "R", 9 ], [ "R", 9 ], [ "W", 9 ], [ "W", 9 ], [ "R", 9 ] ]
    } ]
  },
  "UserAdminController.list" : {
    "t" : [ {
      "id" : 0,
      "a" : [ [ "R", 9 ], [ "R", 9 ] ]
    } ]
  },
  "DepartmentController.delete" : {
    "t" : [ {
      "id" : 0,
      "a" : [ [ "R", 2 ], [ "W", 2 ], [ "R", 2 ] ]
    } ]
  }
}