{
  "Country_rd_Controller.add" : {
    "t" : [ {
      "id" : 0,
      "a" : [ [ "R", 14 ] ]
    } ]
  },
  "WorkTask_rd_Controller.getByCriteria" : {
    "t" : [ {
      "id" : 0,
      "a" : [ [ "R", 84 ], [ "R", 83 ], [ "R", 83 ] ]
    } ]
  },
  "ICD9PatologyGroup_rd_Controller.add" : {
    "t" : [ {
      "id" : 0,
      "a" : [ [ "R", 34 ] ]
    } ]
  },
  "Patient_rd_Controller.add" : {
    "t" : [ {
      "id" : 0,
      "a" : [ [ "R", 56 ] ]
    } ]
  },
  "Patient_tm_Controller.get" : {
    "t" : [ {
      "id" : 0,
      "a" : [ [ "R", 56 ] ]
    } ]
  },
  "Order_rd_Controller.update" : {
    "t" : [ {
      "id" : 0,
      "a" : [ [ "R", 52 ], [ "R", 52 ], [ "R", 52 ], [ "R", 52 ], [ "R", 52 ], [ "R", 52 ], [ "R", 52 ], [ "R", 52 ], [ "R", 56 ], [ "R", 56 ], [ "R", 52 ], [ "R", 54 ], [ "R", 54 ], [ "R", 65 ], [ "R", 65 ], [ "R", 46 ], [ "R", 46 ], [ "R", 54 ], [ "R", 65 ], [ "R", 65 ], [ "R", 46 ], [ "R", 46 ], [ "R", 65 ], [ "R", 65 ], [ "R", 46 ], [ "R", 46 ], [ "R", 65 ], [ "R", 46 ], [ "R", 46 ], [ "R", 65 ], [ "R", 46 ], [ "R", 46 ], [ "R", 52 ], [ "R", 54 ], [ "R", 54 ], [ "R", 65 ], [ "R", 54 ], [ "R", 54 ], [ "R", 54 ], [ "R", 54 ], [ "R", 54 ], [ "R", 52 ], [ "R", 83 ], [ "R", 83 ], [ "R", 52 ], [ "R", 83 ], [ "R", 83 ], [ "R", 52 ], [ "R", 83 ], [ "R", 83 ], [ "R", 52 ], [ "R", 52 ], [ "R", 52 ], [ "R", 52 ], [ "R", 83 ], [ "R", 83 ], [ "R", 52 ], [ "R", 83 ], [ "R", 83 ], [ "R", 52 ], [ "R", 83 ], [ "R", 83 ], [ "R", 52 ], [ "R", 83 ], [ "R", 83 ], [ "R", 52 ], [ "R", 83 ], [ "R", 83 ], [ "R", 52 ], [ "R", 83 ], [ "R", 83 ], [ "R", 52 ], [ "R", 83 ], [ "R", 83 ], [ "R", 52 ], [ "R", 83 ], [ "R", 83 ], [ "R", 52 ], [ "R", 83 ], [ "R", 83 ], [ "R", 52 ], [ "R", 52 ], [ "R", 83 ], [ "R", 83 ], [ "R", 52 ], [ "R", 54 ], [ "R", 54 ], [ "R", 54 ], [ "R", 54 ], [ "R", 65 ], [ "R", 54 ], [ "R", 54 ], [ "R", 54 ], [ "R", 65 ], [ "W", 54 ], [ "W", 54 ], [ "W", 54 ], [ "W", 52 ], [ "R", 65 ], [ "W", 54 ], [ "W", 65 ], [ "W", 54 ], [ "W", 54 ], [ "R", 65 ], [ "R", 54 ], [ "W", 54 ], [ "W", 54 ], [ "W", 54 ], [ "W", 54 ], [ "W", 54 ], [ "W", 54 ], [ "R", 65 ], [ "R", 54 ], [ "W", 54 ], [ "W", 54 ], [ "W", 54 ], [ "W", 54 ], [ "R", 52 ], [ "R", 83 ], [ "R", 83 ], [ "R", 52 ], [ "R", 56 ], [ "R", 78 ], [ "R", 83 ], [ "R", 73 ], [ "R", 43 ], [ "W", 82 ], [ "W", 56 ], [ "W", 82 ], [ "W", 82 ], [ "W", 78 ], [ "W", 82 ], [ "W", 83 ], [ "W", 82 ], [ "W", 52 ], [ "W", 84 ], [ "R", 65 ], [ "W", 84 ], [ "W", 65 ], [ "W", 84 ], [ "W", 78 ], [ "W", 84 ], [ "W", 83 ], [ "W", 84 ], [ "W", 73 ], [ "W", 84 ], [ "W", 84 ], [ "W", 43 ], [ "W", 84 ], [ "W", 82 ], [ "W", 82 ], [ "W", 84 ], [ "W", 82 ], [ "R", 43 ], [ "R", 44 ], [ "W", 44 ], [ "W", 43 ], [ "W", 44 ], [ "W", 44 ], [ "R", 82 ], [ "R", 84 ], [ "R", 82 ], [ "R", 84 ], [ "W", 44 ], [ "W", 44 ], [ "W", 44 ], [ "W", 44 ], [ "R", 44 ], [ "W", 44 ], [ "R", 44 ], [ "R", 82 ], [ "R", 84 ], [ "R", 82 ], [ "R", 84 ], [ "W", 44 ], [ "R", 43 ], [ "R", 43 ], [ "R", 44 ], [ "R", 44 ], [ "W", 44 ], [ "R", 44 ], [ "R", 44 ], [ "W", 44 ], [ "W", 44 ], [ "W", 44 ], [ "R", 52 ], [ "R", 83 ], [ "R", 83 ], [ "R", 52 ], [ "R", 83 ], [ "R", 83 ], [ "R", 52 ], [ "R", 82 ], [ "R", 82 ], [ "R", 84 ], [ "R", 82 ], [ "R", 84 ], [ "R", 82 ], [ "R", 84 ], [ "R", 82 ], [ "R", 84 ], [ "W", 84 ], [ "W", 84 ], [ "W", 84 ], [ "R", 65 ], [ "W", 84 ], [ "W", 65 ], [ "R", 78 ], [ "W", 84 ], [ "W", 78 ], [ "R", 83 ], [ "W", 84 ], [ "W", 83 ], [ "R", 73 ], [ "W", 84 ], [ "W", 73 ], [ "W", 84 ], [ "R", 43 ], [ "W", 84 ], [ "W", 43 ], [ "W", 84 ], [ "W", 82 ], [ "W", 82 ], [ "W", 84 ], [ "W", 82 ], [ "R", 82 ], [ "R", 84 ], [ "R", 82 ], [ "R", 84 ], [ "R", 43 ], [ "R", 52 ], [ "R", 52 ], [ "R", 44 ], [ "R", 44 ], [ "W", 44 ], [ "R", 44 ], [ "W", 44 ], [ "R", 44 ], [ "R", 44 ], [ "W", 44 ], [ "R", 44 ], [ "R", 44 ], [ "W", 44 ], [ "W", 44 ], [ "W", 44 ], [ "R", 44 ], [ "W", 44 ], [ "W", 43 ], [ "W", 44 ], [ "W", 44 ], [ "W", 44 ], [ "W", 44 ], [ "W", 44 ], [ "W", 44 ], [ "R", 44 ], [ "W", 44 ], [ "R", 44 ], [ "W", 44 ], [ "R", 43 ], [ "R", 43 ], [ "R", 44 ], [ "R", 44 ], [ "W", 44 ], [ "R", 44 ], [ "R", 44 ], [ "W", 44 ], [ "W", 44 ], [ "W", 44 ], [ "R", 52 ], [ "R", 44 ], [ "R", 44 ], [ "W", 44 ], [ "R", 44 ], [ "R", 44 ], [ "W", 44 ], [ "W", 44 ], [ "W", 44 ], [ "R", 52 ], [ "R", 82 ], [ "R", 83 ], [ "R", 82 ], [ "R", 84 ], [ "W", 84 ], [ "W", 83 ], [ "W", 84 ], [ "W", 84 ], [ "W", 82 ], [ "W", 83 ], [ "W", 82 ], [ "W", 82 ], [ "R", 53 ], [ "W", 53 ], [ "W", 53 ] ]
    } ]
  },
  "BatteryLevelEvent_tm_Controller.get" : {
    "t" : [ {
      "id" : 0,
      "a" : [ [ "R", 22 ] ]
    } ]
  },
  "BodyApparatus_rd_Controller.getByCriteria" : {
    "t" : [ {
      "id" : 0,
      "a" : [ [ "R", 7 ] ]
    } ]
  },
  "Citizenship_rd_Controller.get" : {
    "t" : [ {
      "id" : 0,
      "a" : [ [ "R", 10 ] ]
    } ]
  },
  "WorkTask_rd_Controller.get" : {
    "t" : [ {
      "id" : 0,
      "a" : [ [ "R", 84 ] ]
    } ]
  },
  "Modality_rd_Controller.getByCriteria" : {
    "t" : [ {
      "id" : 0,
      "a" : [ [ "R", 43 ] ]
    } ]
  },
  "BurnRobot_rd_Controller.get" : {
    "t" : [ {
      "id" : 0,
      "a" : [ [ "R", 8 ] ]
    } ]
  },
  "Province_rd_Controller.get" : {
    "t" : [ {
      "id" : 0,
      "a" : [ [ "R", 63 ] ]
    } ]
  },
  "WorkSession_rd_Controller.add" : {
    "t" : [ {
      "id" : 0,
      "a" : [ [ "R", 82 ] ]
    } ]
  },
  "Municipality_rd_Controller.add" : {
    "t" : [ {
      "id" : 0,
      "a" : [ [ "R", 47 ] ]
    } ]
  },
  "AuthenticationController.authenticationRequest" : {
    "t" : [ {
      "id" : 0,
      "a" : [ [ "R", 37 ], [ "R", 37 ], [ "R", 36 ], [ "R", 37 ], [ "R", 37 ], [ "R", 3 ], [ "R", 37 ], [ "R", 36 ], [ "R", 37 ], [ "R", 36 ], [ "R", 36 ] ]
    } ]
  },
  "Service_rd_Controller.add" : {
    "t" : [ {
      "id" : 0,
      "a" : [ [ "R", 65 ] ]
    } ]
  },
  "PhraseBook_rd_Controller.get" : {
    "t" : [ {
      "id" : 0,
      "a" : [ [ "R", 59 ] ]
    } ]
  },
  "Hl7Patient_rd_Controller.get" : {
    "t" : [ {
      "id" : 0,
      "a" : [ [ "R", 32 ] ]
    } ]
  },
  "WorkPriority_rd_Controller.get" : {
    "t" : [ {
      "id" : 0,
      "a" : [ [ "R", 78 ] ]
    } ]
  },
  "Hl7Patient_rd_Controller.getByCriteria" : {
    "t" : [ {
      "id" : 0,
      "a" : [ [ "R", 32 ] ]
    } ]
  },
  "BatteryLevelEvent_tm_Controller.add" : {
    "t" : [ {
      "id" : 0,
      "a" : [ [ "R", 22 ] ]
    } ]
  },
  "WorkTask_rd_Controller.add" : {
    "t" : [ {
      "id" : 0,
      "a" : [ [ "R", 84 ] ]
    } ]
  },
  "WorkStatus_rd_Controller.getByCriteria" : {
    "t" : [ {
      "id" : 0,
      "a" : [ [ "R", 83 ] ]
    } ]
  },
  "Citizenship_rd_Controller.getByCriteria" : {
    "t" : [ {
      "id" : 0,
      "a" : [ [ "R", 10 ] ]
    } ]
  },
  "Country_rd_Controller.getRegionListByCountry" : {
    "t" : [ {
      "id" : 0,
      "a" : [ [ "R", 14 ], [ "R", 14 ], [ "R", 64 ], [ "R", 64 ] ]
    } ]
  },
  "WorkReport_rd_Controller.getByCriteria" : {
    "t" : [ {
      "id" : 0,
      "a" : [ [ "R", 79 ] ]
    } ]
  },
  "Region_rd_Controller.get" : {
    "t" : [ {
      "id" : 0,
      "a" : [ [ "R", 64 ] ]
    } ]
  },
  "ModalityDailyAllocation_rd_Controller.get" : {
    "t" : [ {
      "id" : 0,
      "a" : [ [ "R", 44 ] ]
    } ]
  },
  "MaritalStatus_rd_Controller.get" : {
    "t" : [ {
      "id" : 0,
      "a" : [ [ "R", 38 ] ]
    } ]
  },
  "WorkReport_rd_Controller.get" : {
    "t" : [ {
      "id" : 0,
      "a" : [ [ "R", 79 ] ]
    } ]
  },
  "ModalityType_rd_Controller.getByCriteria" : {
    "t" : [ {
      "id" : 0,
      "a" : [ [ "R", 46 ] ]
    } ]
  },
  "Hl7InboundMessage_rd_Controller.add" : {
    "t" : [ {
      "id" : 0,
      "a" : [ [ "R", 29 ] ]
    } ]
  },
  "Province_rd_Controller.add" : {
    "t" : [ {
      "id" : 0,
      "a" : [ [ "R", 63 ] ]
    } ]
  },
  "Service_rd_Controller.get" : {
    "t" : [ {
      "id" : 0,
      "a" : [ [ "R", 65 ] ]
    } ]
  },
  "Region_rd_Controller.getByCriteria" : {
    "t" : [ {
      "id" : 0,
      "a" : [ [ "R", 64 ] ]
    } ]
  },
  "WorkTask_rd_Controller.update" : {
    "t" : [ {
      "id" : 0,
      "a" : [ [ "R", 84 ], [ "R", 84 ], [ "R", 82 ], [ "R", 82 ], [ "R", 83 ], [ "R", 83 ], [ "R", 82 ], [ "R", 83 ], [ "R", 83 ], [ "R", 83 ], [ "W", 82 ], [ "W", 83 ], [ "W", 82 ], [ "W", 82 ], [ "R", 82 ], [ "R", 84 ], [ "R", 84 ], [ "R", 84 ], [ "R", 83 ], [ "R", 83 ], [ "R", 83 ], [ "W", 82 ], [ "W", 83 ], [ "W", 82 ], [ "W", 82 ] ]
    } ]
  },
  "ModalityType_rd_Controller.get" : {
    "t" : [ {
      "id" : 0,
      "a" : [ [ "R", 46 ] ]
    } ]
  },
  "Country_rd_Controller.getByCriteria" : {
    "t" : [ {
      "id" : 0,
      "a" : [ [ "R", 14 ] ]
    } ]
  },
  "User_rd_Controller.get" : {
    "t" : [ {
      "id" : 0,
      "a" : [ [ "R", 73 ] ]
    } ]
  },
  "Order_rd_Controller.addHL7" : {
    "t" : [ {
      "id" : 0,
      "a" : [ [ "R", 55 ], [ "R", 55 ], [ "R", 55 ], [ "R", 65 ], [ "R", 65 ], [ "R", 46 ], [ "R", 46 ], [ "R", 65 ], [ "R", 46 ], [ "R", 46 ], [ "R", 65 ], [ "R", 46 ], [ "R", 46 ], [ "R", 52 ] ]
    } ]
  },
  "PhraseBook_rd_Controller.add" : {
    "t" : [ {
      "id" : 0,
      "a" : [ [ "R", 59 ] ]
    } ]
  },
  "Region_rd_Controller.add" : {
    "t" : [ {
      "id" : 0,
      "a" : [ [ "R", 64 ] ]
    } ]
  },
  "CodingActor_rd_Controller.get" : {
    "t" : [ {
      "id" : 0,
      "a" : [ [ "R", 13 ] ]
    } ]
  },
  "ModalityDailyAllocation_rd_Controller.add" : {
    "t" : [ {
      "id" : 0,
      "a" : [ [ "R", 44 ] ]
    } ]
  },
  "Order_rd_Controller.get" : {
    "t" : [ {
      "id" : 0,
      "a" : [ [ "R", 52 ] ]
    } ]
  },
  "WorkPriority_rd_Controller.getByCriteria" : {
    "t" : [ {
      "id" : 0,
      "a" : [ [ "R", 78 ] ]
    } ]
  },
  "PhraseBook_rd_Controller.getByCriteria" : {
    "t" : [ {
      "id" : 0,
      "a" : [ [ "R", 59 ] ]
    } ]
  },
  "Municipality_rd_Controller.getByCriteria" : {
    "t" : [ {
      "id" : 0,
      "a" : [ [ "R", 47 ] ]
    } ]
  },
  "User_rd_Controller.getByCriteria" : {
    "t" : [ {
      "id" : 0,
      "a" : [ [ "R", 73 ] ]
    } ]
  },
  "MaritalStatus_rd_Controller.getByCriteria" : {
    "t" : [ {
      "id" : 0,
      "a" : [ [ "R", 38 ] ]
    } ]
  },
  "ModalityDailyAllocation_rd_Controller.getByCriteria" : {
    "t" : [ {
      "id" : 0,
      "a" : [ [ "R", 44 ] ]
    } ]
  },
  "OrganizationUnit_rd_Controller.getByCriteria" : {
    "t" : [ {
      "id" : 0,
      "a" : [ [ "R", 55 ] ]
    } ]
  },
  "WorkSession_rd_Controller.get" : {
    "t" : [ {
      "id" : 0,
      "a" : [ [ "R", 82 ] ]
    } ]
  },
  "BodyApparatus_rd_Controller.get" : {
    "t" : [ {
      "id" : 0,
      "a" : [ [ "R", 7 ] ]
    } ]
  },
  "BloodPressureEvent_tm_Controller.get" : {
    "t" : [ {
      "id" : 0,
      "a" : [ [ "R", 21 ], [ "R", 23 ] ]
    } ]
  },
  "WeightEvent_tm_Controller.getByCriteria" : {
    "t" : [ {
      "id" : 0,
      "a" : [ [ "R", 24 ] ]
    } ]
  },
  "Citizenship_tm_Controller.getByCriteria" : {
    "t" : [ {
      "id" : 0,
      "a" : [ [ "R", 10 ] ]
    } ]
  },
  "AppSetting_rd_Controller.get" : {
    "t" : [ {
      "id" : 0,
      "a" : [ [ "R", 2 ] ]
    } ]
  },
  "Patient_rd_Controller.get" : {
    "t" : [ {
      "id" : 0,
      "a" : [ [ "R", 56 ] ]
    } ]
  },
  "ICD9PatologyGroup_rd_Controller.getByCriteria" : {
    "t" : [ {
      "id" : 0,
      "a" : [ [ "R", 32 ] ]
    } ]
  },
  "BatteryLevelEvent_tm_Controller.getByCriteria" : {
    "t" : [ {
      "id" : 0,
      "a" : [ [ "R", 5 ] ]
    } ]
  },
  "WorkReport_rd_Controller.add" : {
    "t" : [ {
      "id" : 0,
      "a" : [ [ "R", 79 ] ]
    } ]
  },
  "Modality_rd_Controller.add" : {
    "t" : [ {
      "id" : 0,
      "a" : [ [ "R", 43 ] ]
    } ]
  },
  "Hl7InboundMessage_rd_Controller.get" : {
    "t" : [ {
      "id" : 0,
      "a" : [ [ "R", 29 ] ]
    } ]
  },
  "Country_rd_Controller.getProvinceListByRegion" : {
    "t" : [ {
      "id" : 0,
      "a" : [ [ "R", 14 ], [ "R", 64 ], [ "R", 64 ], [ "R", 14 ], [ "R", 14 ], [ "R", 14 ], [ "R", 63 ] ]
    } ]
  },
  "OrganizationUnit_rd_Controller.add" : {
    "t" : [ {
      "id" : 0,
      "a" : [ [ "R", 55 ] ]
    } ]
  },
  "WeightEvent_tm_Controller.add" : {
    "t" : [ {
      "id" : 0,
      "a" : [ [ "R", 21 ], [ "R", 24 ], [ "R", 21 ], [ "W", 24 ], [ "W", 24 ], [ "W", 21 ], [ "W", 24 ] ]
    } ]
  },
  "ModalityType_rd_Controller.getModalityGroupedByModalityType" : {
    "t" : [ {
      "id" : 0,
      "a" : [ [ "R", 46 ] ]
    } ]
  },
  "ModalityType_rd_Controller.add" : {
    "t" : [ {
      "id" : 0,
      "a" : [ [ "R", 46 ] ]
    } ]
  },
  "Country_rd_Controller.getMunicipalityListByProvince" : {
    "t" : [ {
      "id" : 0,
      "a" : [ [ "R", 14 ], [ "R", 64 ], [ "R", 64 ], [ "R", 14 ], [ "R", 14 ], [ "R", 14 ], [ "R", 63 ], [ "R", 64 ], [ "R", 14 ], [ "R", 14 ], [ "R", 14 ], [ "R", 47 ] ]
    } ]
  },
  "Order_rd_Controller.add" : {
    "t" : [ {
      "id" : 0,
      "a" : [ [ "R", 55 ], [ "R", 55 ], [ "R", 55 ], [ "R", 65 ], [ "R", 65 ], [ "R", 46 ], [ "R", 46 ], [ "R", 65 ], [ "R", 46 ], [ "R", 46 ], [ "R", 65 ], [ "R", 46 ], [ "R", 46 ], [ "R", 52 ] ]
    } ]
  },
  "ICD9PatologyGroup_rd_Controller.get" : {
    "t" : [ {
      "id" : 0,
      "a" : [ [ "R", 34 ] ]
    } ]
  },
  "WorkStatus_rd_Controller.get" : {
    "t" : [ {
      "id" : 0,
      "a" : [ [ "R", 83 ] ]
    } ]
  },
  "MaritalStatus_tm_Controller.getByCriteria" : {
    "t" : [ {
      "id" : 0,
      "a" : [ [ "R", 38 ] ]
    } ]
  },
  "User_rd_Controller.add" : {
    "t" : [ {
      "id" : 0,
      "a" : [ [ "R", 73 ] ]
    } ]
  },
  "BloodPressureEvent_tm_Controller.add" : {
    "t" : [ {
      "id" : 0,
      "a" : [ [ "R", 21 ], [ "R", 23 ], [ "W", 23 ], [ "W", 21 ], [ "W", 23 ] ]
    } ]
  },
  "MaritalStatus_tm_Controller.get" : {
    "t" : [ {
      "id" : 0,
      "a" : [ [ "R", 38 ] ]
    } ]
  },
  "Patient_rd_Controller.getByCriteria" : {
    "t" : [ {
      "id" : 0,
      "a" : [ [ "R", 56 ] ]
    } ]
  },
  "BodyApparatus_rd_Controller.add" : {
    "t" : [ {
      "id" : 0,
      "a" : [ [ "R", 7 ] ]
    } ]
  },
  "WorkSession_rd_Controller.getByCriteria" : {
    "t" : [ {
      "id" : 0,
      "a" : [ [ "R", 82 ], [ "R", 83 ], [ "R", 83 ] ]
    } ]
  },
  "Patient_rd_Controller.getByExternalCode" : {
    "t" : [ {
      "id" : 0,
      "a" : [ [ "R", 58 ], [ "R", 58 ], [ "R", 56 ], [ "R", 58 ], [ "R", 13 ], [ "R", 58 ] ]
    } ]
  },
  "Country_rd_Controller.get" : {
    "t" : [ {
      "id" : 0,
      "a" : [ [ "R", 14 ] ]
    } ]
  },
  "Patient_tm_Controller.add" : {
    "t" : [ {
      "id" : 0,
      "a" : [ [ "R", 56 ] ]
    } ]
  },
  "MaritalStatus_rd_Controller.add" : {
    "t" : [ {
      "id" : 0,
      "a" : [ [ "R", 38 ] ]
    } ]
  },
  "BurnRobot_rd_Controller.getByCriteria" : {
    "t" : [ {
      "id" : 0,
      "a" : [ [ "R", 8 ] ]
    } ]
  },
  "Service_rd_Controller.getByCriteria" : {
    "t" : [ {
      "id" : 0,
      "a" : [ [ "R", 65 ] ]
    } ]
  },
  "Modality_rd_Controller.get" : {
    "t" : [ {
      "id" : 0,
      "a" : [ [ "R", 43 ] ]
    } ]
  },
  "WeightEvent_tm_Controller.get" : {
    "t" : [ {
      "id" : 0,
      "a" : [ [ "R", 21 ], [ "R", 24 ] ]
    } ]
  },
  "Province_rd_Controller.getByCriteria" : {
    "t" : [ {
      "id" : 0,
      "a" : [ [ "R", 63 ] ]
    } ]
  },
  "Patient_tm_Controller.getByCriteria" : {
    "t" : [ {
      "id" : 0,
      "a" : [ [ "R", 56 ] ]
    } ]
  },
  "Citizenship_tm_Controller.get" : {
    "t" : [ {
      "id" : 0,
      "a" : [ [ "R", 10 ] ]
    } ]
  },
  "AppSetting_rd_Controller.add" : {
    "t" : [ {
      "id" : 0,
      "a" : [ [ "R", 2 ] ]
    } ]
  },
  "Order_rd_Controller.delete" : {
    "t" : [ {
      "id" : 0,
      "a" : [ [ "R", 52 ], [ "R", 52 ], [ "R", 52 ], [ "R", 52 ], [ "R", 54 ], [ "W", 54 ], [ "W", 54 ], [ "R", 83 ], [ "R", 52 ], [ "R", 82 ], [ "W", 82 ], [ "W", 82 ], [ "W", 83 ], [ "R", 82 ], [ "R", 84 ], [ "W", 84 ], [ "W", 84 ], [ "W", 83 ], [ "R", 84 ], [ "R", 43 ], [ "W", 82 ], [ "R", 52 ], [ "R", 44 ], [ "R", 44 ], [ "W", 44 ], [ "R", 44 ], [ "W", 44 ], [ "W", 44 ] ]
    } ]
  },
  "Citizenship_rd_Controller.add" : {
    "t" : [ {
      "id" : 0,
      "a" : [ [ "R", 10 ] ]
    } ]
  },
  "Hl7Patient_rd_Controller.add" : {
    "t" : [ {
      "id" : 0,
      "a" : [ [ "R", 32 ] ]
    } ]
  },
  "AppSetting_rd_Controller.getByCriteria" : {
    "t" : [ {
      "id" : 0,
      "a" : [ [ "R", 2 ] ]
    } ]
  },
  "OrganizationUnit_rd_Controller.get" : {
    "t" : [ {
      "id" : 0,
      "a" : [ [ "R", 55 ] ]
    } ]
  },
  "CodingActor_rd_Controller.add" : {
    "t" : [ {
      "id" : 0,
      "a" : [ [ "R", 13 ] ]
    } ]
  },
  "BurnRobot_rd_Controller.add" : {
    "t" : [ {
      "id" : 0,
      "a" : [ [ "R", 8 ] ]
    } ]
  },
  "Hl7InboundMessage_rd_Controller.getByCriteria" : {
    "t" : [ {
      "id" : 0,
      "a" : [ [ "R", 29 ] ]
    } ]
  },
  "ModalityType_rd_Controller.getAllocation" : {
    "t" : [ {
      "id" : 0,
      "a" : [ [ "R", 46 ], [ "R", 43 ], [ "R", 43 ], [ "R", 74 ], [ "R", 43 ] ]
    } ]
  },
  "Municipality_rd_Controller.get" : {
    "t" : [ {
      "id" : 0,
      "a" : [ [ "R", 47 ] ]
    } ]
  },
  "CodingActor_rd_Controller.getByCriteria" : {
    "t" : [ {
      "id" : 0,
      "a" : [ [ "R", 13 ] ]
    } ]
  },
  "Order_rd_Controller.getByCriteria" : {
    "t" : [ {
      "id" : 0,
      "a" : [ [ "R", 52 ], [ "R", 83 ], [ "R", 83 ], [ "R", 78 ], [ "R", 78 ] ]
    } ]
  },
  "BloodPressureEvent_tm_Controller.getByCriteria" : {
    "t" : [ {
      "id" : 0,
      "a" : [ [ "R", 23 ] ]
    } ]
  }
}