{
  "1" : "AbstractJpaEchoEntity",
  "2" : "AppSetting",
  "3" : "Application",
  "4" : "BaseGatewayEntity",
  "5" : "BatteryLevelEvent",
  "6" : "BloodPressureEvent",
  "7" : "BodyApparatus",
  "8" : "BurnRobot",
  "9" : "CareGiver",
  "10" : "Citizenship",
  "11" : "ClinicFolder",
  "12" : "ClinicReport",
  "13" : "CodingActor",
  "14" : "Country",
  "15" : "CustomThreshold",
  "16" : "DetectionPlan",
  "17" : "DetectionResult",
  "18" : "DetectionTask",
  "19" : "DetectionType",
  "20" : "DetectiontypeMeasurementtype",
  "21" : "GatewayEvent",
  "22" : "GatewayEventBattery",
  "23" : "GatewayEventBloodPressure",
  "24" : "GatewayEventWeight",
  "25" : "HealthDevice",
  "26" : "HealthDevicetype",
  "27" : "HealthKit",
  "28" : "HealthkitPatient",
  "29" : "Hl7InboundMessage",
  "30" : "Hl7Order",
  "31" : "Hl7OutboundMessage",
  "32" : "Hl7Patient",
  "33" : "Icd9Patology",
  "34" : "Icd9PatologyGroup",
  "35" : "LanguageType",
  "36" : "Login",
  "37" : "LoginApplication",
  "38" : "Maritalstatus",
  "39" : "MeasurementType",
  "40" : "MeasurementUnit",
  "41" : "MeetingRequest",
  "42" : "Message",
  "43" : "Modality",
  "44" : "ModalityDailyAllocation",
  "45" : "ModalityService",
  "46" : "ModalityType",
  "47" : "Municipality",
  "48" : "Notification",
  "49" : "NotificationType",
  "50" : "Nurse",
  "51" : "NurseOrganizationunit",
  "52" : "Order",
  "53" : "OrderLog",
  "54" : "OrderService",
  "55" : "OrganizationUnit",
  "56" : "Patient",
  "57" : "PatientCaregiver",
  "58" : "PatientCodingActor",
  "59" : "PhraseBook",
  "60" : "Physician",
  "61" : "PhysicianOrganizationunit",
  "62" : "PhysicianPatient",
  "63" : "Province",
  "64" : "Region",
  "65" : "Service",
  "66" : "ServiceCodingActor",
  "67" : "SpecialtyType",
  "68" : "StandardThreshold",
  "69" : "SystemEvent",
  "70" : "SystemeventType",
  "71" : "TreatmentPlan",
  "72" : "TreatmentTask",
  "73" : "User",
  "74" : "VModalityAllocation",
  "75" : "VModalitytypeAllocation",
  "76" : "WeightEvent",
  "77" : "WorkList",
  "78" : "WorkPriority",
  "79" : "WorkReport",
  "80" : "WorkReportLog",
  "81" : "WorkReportUser",
  "82" : "WorkSession",
  "83" : "WorkStatus",
  "84" : "WorkTask",
  "85" : "WorkTaskLog",
  "86" : "WorkType"
}