{
  "1" : "AgendaEvento",
  "2" : "Aluno",
  "3" : "Arquivo",
  "4" : "AssociadoPF",
  "5" : "AssociadoPFMovimentacao",
  "6" : "AssociadoPJ",
  "7" : "AssociadoPJMovimentacao",
  "8" : "Bairro",
  "9" : "Cidade",
  "10" : "Disciplina",
  "11" : "Distrito",
  "12" : "Editora",
  "13" : "Email",
  "14" : "Endereco",
  "15" : "Escola",
  "16" : "Evento",
  "17" : "Foto",
  "18" : "Funcao",
  "19" : "Funcionario",
  "20" : "HistoricoMaterial",
  "21" : "Inscricao",
  "22" : "Instrutor",
  "23" : "ItemAcesso",
  "24" : "ItemAcessoUsuario",
  "25" : "Livro",
  "26" : "Logradouro",
  "27" : "MateriaPrima",
  "28" : "MateriaPrimaMaterial",
  "29" : "Material",
  "30" : "Nota",
  "31" : "Oficio",
  "32" : "Outros",
  "33" : "Pais",
  "34" : "Pedido",
  "35" : "PedidoMaterial",
  "36" : "PerfilAcesso",
  "37" : "Pessoa",
  "38" : "PessoaEndereco",
  "39" : "PessoaFisica",
  "40" : "PessoaJuridica",
  "41" : "Presenca",
  "42" : "Professor",
  "43" : "Solicitante",
  "44" : "SuperEntidade",
  "45" : "Telefone",
  "46" : "TipoLogradouro",
  "47" : "TipoMaterial",
  "48" : "TipoTelefone",
  "49" : "Transportadora",
  "50" : "UnidadeFederativa",
  "51" : "UnidadeMedida",
  "52" : "UnidadeProducao",
  "53" : "Usuario",
  "54" : "Volume"
}