{
  "LogradouroController.todos" : {
    "t" : [ {
      "id" : 0,
      "a" : [ [ "R", 26 ] ]
    } ]
  },
  "FuncaoController.procurarPorNome" : {
    "t" : [ {
      "id" : 0,
      "a" : [ [ "R", 2 ], [ "R", 8 ], [ "R", 9 ], [ "R", 10 ], [ "R", 11 ], [ "R", 12 ], [ "R", 15 ], [ "R", 16 ], [ "R", 18 ], [ "R", 19 ], [ "R", 22 ], [ "R", 25 ], [ "R", 26 ], [ "R", 27 ], [ "R", 32 ], [ "R", 33 ], [ "R", 39 ], [ "R", 40 ], [ "R", 37 ], [ "R", 42 ], [ "R", 43 ], [ "R", 46 ], [ "R", 48 ], [ "R", 49 ], [ "R", 50 ], [ "R", 51 ], [ "R", 52 ], [ "R", 53 ], [ "R", 2 ], [ "R", 8 ], [ "R", 9 ], [ "R", 10 ], [ "R", 11 ], [ "R", 12 ], [ "R", 15 ], [ "R", 16 ], [ "R", 18 ], [ "R", 19 ], [ "R", 22 ], [ "R", 25 ], [ "R", 26 ], [ "R", 27 ], [ "R", 32 ], [ "R", 33 ], [ "R", 39 ], [ "R", 40 ], [ "R", 37 ], [ "R", 42 ], [ "R", 43 ], [ "R", 46 ], [ "R", 48 ], [ "R", 49 ], [ "R", 50 ], [ "R", 51 ], [ "R", 52 ], [ "R", 53 ] ]
    } ]
  },
  "ArquivoController.listar" : {
    "t" : [ {
      "id" : 0,
      "a" : [ [ "R", 2 ], [ "R", 3 ], [ "R", 5 ], [ "R", 4 ], [ "R", 7 ], [ "R", 6 ], [ "R", 8 ], [ "R", 9 ], [ "R", 10 ], [ "R", 11 ], [ "R", 12 ], [ "R", 15 ], [ "R", 16 ], [ "R", 17 ], [ "R", 18 ], [ "R", 19 ], [ "R", 20 ], [ "R", 21 ], [ "R", 22 ], [ "R", 25 ], [ "R", 26 ], [ "R", 28 ], [ "R", 27 ], [ "R", 29 ], [ "R", 32 ], [ "R", 33 ], [ "R", 34 ], [ "R", 39 ], [ "R", 40 ], [ "R", 37 ], [ "R", 42 ], [ "R", 43 ], [ "R", 45 ], [ "R", 46 ], [ "R", 47 ], [ "R", 48 ], [ "R", 49 ], [ "R", 50 ], [ "R", 51 ], [ "R", 52 ], [ "R", 53 ], [ "R", 54 ], [ "R", 2 ], [ "R", 3 ], [ "R", 5 ], [ "R", 4 ], [ "R", 7 ], [ "R", 6 ], [ "R", 8 ], [ "R", 9 ], [ "R", 10 ], [ "R", 11 ], [ "R", 12 ], [ "R", 15 ], [ "R", 16 ], [ "R", 17 ], [ "R", 18 ], [ "R", 19 ], [ "R", 20 ], [ "R", 21 ], [ "R", 22 ], [ "R", 25 ], [ "R", 26 ], [ "R", 28 ], [ "R", 27 ], [ "R", 29 ], [ "R", 32 ], [ "R", 33 ], [ "R", 34 ], [ "R", 39 ], [ "R", 40 ], [ "R", 37 ], [ "R", 42 ], [ "R", 43 ], [ "R", 45 ], [ "R", 46 ], [ "R", 47 ], [ "R", 48 ], [ "R", 49 ], [ "R", 50 ], [ "R", 51 ], [ "R", 52 ], [ "R", 53 ], [ "R", 54 ] ]
    } ]
  },
  "MateriaPrimaMaterialController.remover" : {
    "t" : [ {
      "id" : 0,
      "a" : [ [ "W", 28 ] ]
    } ]
  },
  "ItemPerfilAcessoController.remover" : {
    "t" : [ {
      "id" : 0,
      "a" : [ [ "W", 36 ] ]
    } ]
  },
  "SolicitanteController.remover" : {
    "t" : [ {
      "id" : 0,
      "a" : [ [ "W", 43 ] ]
    } ]
  },
  "BairroController.remover" : {
    "t" : [ {
      "id" : 0,
      "a" : [ [ "W", 8 ] ]
    } ]
  },
  "PedidoController.getCountPendentes" : {
    "t" : [ {
      "id" : 0,
      "a" : [ [ "R", 34 ] ]
    } ]
  },
  "InscricaoController.todos" : {
    "t" : [ {
      "id" : 0,
      "a" : [ [ "R", 21 ] ]
    } ]
  },
  "ProfessorController.salvar" : {
    "t" : [ {
      "id" : 0,
      "a" : [ [ "W", 42 ] ]
    } ]
  },
  "AssociadoPJController.localiza" : {
    "t" : [ {
      "id" : 0,
      "a" : [ [ "R", 6 ] ]
    } ]
  },
  "LoginController.login" : {
    "t" : [ {
      "id" : 0,
      "a" : [ [ "R", 53 ], [ "W", 44 ], [ "W", 53 ], [ "W", 53 ], [ "W", 53 ], [ "W", 53 ] ]
    } ]
  },
  "EventoController.atualizarPresenca" : {
    "t" : [ {
      "id" : 0,
      "a" : [ [ "R", 41 ], [ "W", 41 ], [ "W", 41 ], [ "W", 41 ], [ "W", 41 ] ]
    } ]
  },
  "BairroController.localiza" : {
    "t" : [ {
      "id" : 0,
      "a" : [ [ "R", 8 ] ]
    } ]
  },
  "UnidadeProducaoController.salvar" : {
    "t" : [ {
      "id" : 0,
      "a" : [ [ "W", 52 ] ]
    } ]
  },
  "InstrutorController.todas" : {
    "t" : [ {
      "id" : 0,
      "a" : [ [ "R", 22 ] ]
    } ]
  },
  "PerfilAcessoController.remover" : {
    "t" : [ {
      "id" : 0,
      "a" : [ [ "W", 36 ] ]
    } ]
  },
  "DisciplinaController.salvar" : {
    "t" : [ {
      "id" : 0,
      "a" : [ [ "W", 10 ] ]
    } ]
  },
  "ProfessorController.carregarCPF" : {
    "t" : [ {
      "id" : 0,
      "a" : [ [ "R", 42 ] ]
    } ]
  },
  "SiteController.carregarCpf" : {
    "t" : [ {
      "id" : 0,
      "a" : [ [ "R", 39 ] ]
    } ]
  },
  "UsuarioController.listar" : {
    "t" : [ {
      "id" : 0,
      "a" : [ [ "R", 53 ] ]
    } ]
  },
  "PessoaFisicaController.remover" : {
    "t" : [ {
      "id" : 0,
      "a" : [ [ "W", 39 ] ]
    } ]
  },
  "TelefoneController.carregar" : {
    "t" : [ {
      "id" : 0,
      "a" : [ [ "R", 45 ] ]
    } ]
  },
  "MaterialController.salvar" : {
    "t" : [ {
      "id" : 0,
      "a" : [ [ "W", 29 ] ]
    } ]
  },
  "SiteController.cpf" : {
    "t" : [ {
      "id" : 0,
      "a" : [ [ "R", 39 ] ]
    } ]
  },
  "TipoTelefoneController.localiza" : {
    "t" : [ {
      "id" : 0,
      "a" : [ [ "R", 48 ] ]
    } ]
  },
  "ItemPerfilAcessoController.todos" : {
    "t" : [ {
      "id" : 0,
      "a" : [ [ "R", 36 ] ]
    } ]
  },
  "AssociadoPFMovimentacaoController.salvar" : {
    "t" : [ {
      "id" : 0,
      "a" : [ [ "W", 5 ] ]
    } ]
  },
  "TipoMaterialController.carregar" : {
    "t" : [ {
      "id" : 0,
      "a" : [ [ "R", 47 ] ]
    } ]
  },
  "UnidadeFederativaController.salvar" : {
    "t" : [ {
      "id" : 0,
      "a" : [ [ "R", 50 ], [ "R", 50 ], [ "R", 50 ], [ "R", 50 ], [ "W", 50 ], [ "R", 50 ], [ "R", 50 ], [ "W", 50 ] ]
    } ]
  },
  "EventoController.carregaPresenca" : {
    "t" : [ {
      "id" : 0,
      "a" : [ [ "R", 1 ], [ "R", 41 ] ]
    } ]
  },
  "AssociadoPJMovimentacaoController.listar" : {
    "t" : [ {
      "id" : 0,
      "a" : [ [ "R", 2 ], [ "R", 3 ], [ "R", 5 ], [ "R", 4 ], [ "R", 7 ], [ "R", 6 ], [ "R", 8 ], [ "R", 9 ], [ "R", 10 ], [ "R", 11 ], [ "R", 12 ], [ "R", 15 ], [ "R", 16 ], [ "R", 17 ], [ "R", 18 ], [ "R", 19 ], [ "R", 20 ], [ "R", 21 ], [ "R", 22 ], [ "R", 25 ], [ "R", 26 ], [ "R", 28 ], [ "R", 27 ], [ "R", 29 ], [ "R", 32 ], [ "R", 33 ], [ "R", 34 ], [ "R", 39 ], [ "R", 40 ], [ "R", 37 ], [ "R", 42 ], [ "R", 43 ], [ "R", 45 ], [ "R", 46 ], [ "R", 47 ], [ "R", 48 ], [ "R", 49 ], [ "R", 50 ], [ "R", 51 ], [ "R", 52 ], [ "R", 53 ], [ "R", 54 ], [ "R", 2 ], [ "R", 3 ], [ "R", 5 ], [ "R", 4 ], [ "R", 7 ], [ "R", 6 ], [ "R", 8 ], [ "R", 9 ], [ "R", 10 ], [ "R", 11 ], [ "R", 12 ], [ "R", 15 ], [ "R", 16 ], [ "R", 17 ], [ "R", 18 ], [ "R", 19 ], [ "R", 20 ], [ "R", 21 ], [ "R", 22 ], [ "R", 25 ], [ "R", 26 ], [ "R", 28 ], [ "R", 27 ], [ "R", 29 ], [ "R", 32 ], [ "R", 33 ], [ "R", 34 ], [ "R", 39 ], [ "R", 40 ], [ "R", 37 ], [ "R", 42 ], [ "R", 43 ], [ "R", 45 ], [ "R", 46 ], [ "R", 47 ], [ "R", 48 ], [ "R", 49 ], [ "R", 50 ], [ "R", 51 ], [ "R", 52 ], [ "R", 53 ], [ "R", 54 ] ]
    } ]
  },
  "FuncionarioController.listar" : {
    "t" : [ {
      "id" : 0,
      "a" : [ [ "R", 2 ], [ "R", 3 ], [ "R", 5 ], [ "R", 4 ], [ "R", 7 ], [ "R", 6 ], [ "R", 8 ], [ "R", 9 ], [ "R", 10 ], [ "R", 11 ], [ "R", 12 ], [ "R", 15 ], [ "R", 16 ], [ "R", 17 ], [ "R", 18 ], [ "R", 19 ], [ "R", 20 ], [ "R", 21 ], [ "R", 22 ], [ "R", 25 ], [ "R", 26 ], [ "R", 28 ], [ "R", 27 ], [ "R", 29 ], [ "R", 32 ], [ "R", 33 ], [ "R", 34 ], [ "R", 39 ], [ "R", 40 ], [ "R", 37 ], [ "R", 42 ], [ "R", 43 ], [ "R", 45 ], [ "R", 46 ], [ "R", 47 ], [ "R", 48 ], [ "R", 49 ], [ "R", 50 ], [ "R", 51 ], [ "R", 52 ], [ "R", 53 ], [ "R", 54 ], [ "R", 2 ], [ "R", 3 ], [ "R", 5 ], [ "R", 4 ], [ "R", 7 ], [ "R", 6 ], [ "R", 8 ], [ "R", 9 ], [ "R", 10 ], [ "R", 11 ], [ "R", 12 ], [ "R", 15 ], [ "R", 16 ], [ "R", 17 ], [ "R", 18 ], [ "R", 19 ], [ "R", 20 ], [ "R", 21 ], [ "R", 22 ], [ "R", 25 ], [ "R", 26 ], [ "R", 28 ], [ "R", 27 ], [ "R", 29 ], [ "R", 32 ], [ "R", 33 ], [ "R", 34 ], [ "R", 39 ], [ "R", 40 ], [ "R", 37 ], [ "R", 42 ], [ "R", 43 ], [ "R", 45 ], [ "R", 46 ], [ "R", 47 ], [ "R", 48 ], [ "R", 49 ], [ "R", 50 ], [ "R", 51 ], [ "R", 52 ], [ "R", 53 ], [ "R", 54 ] ]
    } ]
  },
  "FuncionarioController.localiza" : {
    "t" : [ {
      "id" : 0,
      "a" : [ [ "R", 19 ] ]
    } ]
  },
  "TelefoneController.todos" : {
    "t" : [ {
      "id" : 0,
      "a" : [ [ "R", 45 ] ]
    } ]
  },
  "TipoLogradouroController.listar" : {
    "t" : [ {
      "id" : 0,
      "a" : [ [ "R", 2 ], [ "R", 3 ], [ "R", 5 ], [ "R", 4 ], [ "R", 7 ], [ "R", 6 ], [ "R", 8 ], [ "R", 9 ], [ "R", 10 ], [ "R", 11 ], [ "R", 12 ], [ "R", 15 ], [ "R", 16 ], [ "R", 17 ], [ "R", 18 ], [ "R", 19 ], [ "R", 20 ], [ "R", 21 ], [ "R", 22 ], [ "R", 25 ], [ "R", 26 ], [ "R", 28 ], [ "R", 27 ], [ "R", 29 ], [ "R", 32 ], [ "R", 33 ], [ "R", 34 ], [ "R", 39 ], [ "R", 40 ], [ "R", 37 ], [ "R", 42 ], [ "R", 43 ], [ "R", 45 ], [ "R", 46 ], [ "R", 47 ], [ "R", 48 ], [ "R", 49 ], [ "R", 50 ], [ "R", 51 ], [ "R", 52 ], [ "R", 53 ], [ "R", 54 ], [ "R", 2 ], [ "R", 3 ], [ "R", 5 ], [ "R", 4 ], [ "R", 7 ], [ "R", 6 ], [ "R", 8 ], [ "R", 9 ], [ "R", 10 ], [ "R", 11 ], [ "R", 12 ], [ "R", 15 ], [ "R", 16 ], [ "R", 17 ], [ "R", 18 ], [ "R", 19 ], [ "R", 20 ], [ "R", 21 ], [ "R", 22 ], [ "R", 25 ], [ "R", 26 ], [ "R", 28 ], [ "R", 27 ], [ "R", 29 ], [ "R", 32 ], [ "R", 33 ], [ "R", 34 ], [ "R", 39 ], [ "R", 40 ], [ "R", 37 ], [ "R", 42 ], [ "R", 43 ], [ "R", 45 ], [ "R", 46 ], [ "R", 47 ], [ "R", 48 ], [ "R", 49 ], [ "R", 50 ], [ "R", 51 ], [ "R", 52 ], [ "R", 53 ], [ "R", 54 ] ]
    } ]
  },
  "InstrutorController.listar" : {
    "t" : [ {
      "id" : 0,
      "a" : [ [ "R", 2 ], [ "R", 3 ], [ "R", 5 ], [ "R", 4 ], [ "R", 7 ], [ "R", 6 ], [ "R", 8 ], [ "R", 9 ], [ "R", 10 ], [ "R", 11 ], [ "R", 12 ], [ "R", 15 ], [ "R", 16 ], [ "R", 17 ], [ "R", 18 ], [ "R", 19 ], [ "R", 20 ], [ "R", 21 ], [ "R", 22 ], [ "R", 25 ], [ "R", 26 ], [ "R", 28 ], [ "R", 27 ], [ "R", 29 ], [ "R", 32 ], [ "R", 33 ], [ "R", 34 ], [ "R", 39 ], [ "R", 40 ], [ "R", 37 ], [ "R", 42 ], [ "R", 43 ], [ "R", 45 ], [ "R", 46 ], [ "R", 47 ], [ "R", 48 ], [ "R", 49 ], [ "R", 50 ], [ "R", 51 ], [ "R", 52 ], [ "R", 53 ], [ "R", 54 ], [ "R", 2 ], [ "R", 3 ], [ "R", 5 ], [ "R", 4 ], [ "R", 7 ], [ "R", 6 ], [ "R", 8 ], [ "R", 9 ], [ "R", 10 ], [ "R", 11 ], [ "R", 12 ], [ "R", 15 ], [ "R", 16 ], [ "R", 17 ], [ "R", 18 ], [ "R", 19 ], [ "R", 20 ], [ "R", 21 ], [ "R", 22 ], [ "R", 25 ], [ "R", 26 ], [ "R", 28 ], [ "R", 27 ], [ "R", 29 ], [ "R", 32 ], [ "R", 33 ], [ "R", 34 ], [ "R", 39 ], [ "R", 40 ], [ "R", 37 ], [ "R", 42 ], [ "R", 43 ], [ "R", 45 ], [ "R", 46 ], [ "R", 47 ], [ "R", 48 ], [ "R", 49 ], [ "R", 50 ], [ "R", 51 ], [ "R", 52 ], [ "R", 53 ], [ "R", 54 ] ]
    } ]
  },
  "BairroController.procurarBairroPorIdCidade" : {
    "t" : [ {
      "id" : 0,
      "a" : [ [ "R", 8 ] ]
    } ]
  },
  "DistritoController.localiza" : {
    "t" : [ {
      "id" : 0,
      "a" : [ [ "R", 11 ] ]
    } ]
  },
  "ProfessorController.remover" : {
    "t" : [ {
      "id" : 0,
      "a" : [ [ "W", 42 ] ]
    } ]
  },
  "AlunoController.salvar" : {
    "t" : [ {
      "id" : 0,
      "a" : [ [ "W", 2 ] ]
    } ]
  },
  "OutrosController.localiza" : {
    "t" : [ {
      "id" : 0,
      "a" : [ [ "R", 32 ] ]
    } ]
  },
  "FuncionarioController.BuscaFuncionarioPorCPF" : {
    "t" : [ {
      "id" : 0,
      "a" : [ [ "R", 19 ] ]
    } ]
  },
  "EventoController.carregaAgenda" : {
    "t" : [ {
      "id" : 0,
      "a" : [ [ "R", 16 ] ]
    } ]
  },
  "SiteController.carregar" : {
    "t" : [ {
      "id" : 0,
      "a" : [ [ "R", 16 ] ]
    } ]
  },
  "PessoaJuridicaController.remover" : {
    "t" : [ {
      "id" : 0,
      "a" : [ [ "W", 40 ] ]
    } ]
  },
  "PedidoMaterialController.salvarUnidadeProducao" : {
    "t" : [ {
      "id" : 0,
      "a" : [ [ "R", 35 ], [ "R", 52 ], [ "W", 35 ], [ "W", 52 ], [ "W", 35 ] ]
    } ]
  },
  "EventoController.listaFotosGaleria" : {
    "t" : [ {
      "id" : 0,
      "a" : [ [ "R", 16 ] ]
    } ]
  },
  "SiteController.listaMaterial" : {
    "t" : [ {
      "id" : 0,
      "a" : [ [ "R", 29 ], [ "R", 25 ] ]
    } ]
  },
  "SiteController.procurarCidadePorIdUf" : {
    "t" : [ {
      "id" : 0,
      "a" : [ [ "R", 9 ] ]
    } ]
  },
  "SiteController.carregarProfessorCpf" : {
    "t" : [ {
      "id" : 0,
      "a" : [ [ "R", 42 ] ]
    } ]
  },
  "MateriaPrimaMaterialController.localiza" : {
    "t" : [ {
      "id" : 0,
      "a" : [ [ "R", 28 ] ]
    } ]
  },
  "ProfessorController.todas" : {
    "t" : [ {
      "id" : 0,
      "a" : [ [ "R", 42 ] ]
    } ]
  },
  "DistritoController.salvar" : {
    "t" : [ {
      "id" : 0,
      "a" : [ [ "W", 11 ] ]
    } ]
  },
  "ProfessorController.listar" : {
    "t" : [ {
      "id" : 0,
      "a" : [ [ "R", 2 ], [ "R", 3 ], [ "R", 5 ], [ "R", 4 ], [ "R", 7 ], [ "R", 6 ], [ "R", 8 ], [ "R", 9 ], [ "R", 10 ], [ "R", 11 ], [ "R", 12 ], [ "R", 15 ], [ "R", 16 ], [ "R", 17 ], [ "R", 18 ], [ "R", 19 ], [ "R", 20 ], [ "R", 21 ], [ "R", 22 ], [ "R", 25 ], [ "R", 26 ], [ "R", 28 ], [ "R", 27 ], [ "R", 29 ], [ "R", 32 ], [ "R", 33 ], [ "R", 34 ], [ "R", 39 ], [ "R", 40 ], [ "R", 37 ], [ "R", 42 ], [ "R", 43 ], [ "R", 45 ], [ "R", 46 ], [ "R", 47 ], [ "R", 48 ], [ "R", 49 ], [ "R", 50 ], [ "R", 51 ], [ "R", 52 ], [ "R", 53 ], [ "R", 54 ], [ "R", 2 ], [ "R", 3 ], [ "R", 5 ], [ "R", 4 ], [ "R", 7 ], [ "R", 6 ], [ "R", 8 ], [ "R", 9 ], [ "R", 10 ], [ "R", 11 ], [ "R", 12 ], [ "R", 15 ], [ "R", 16 ], [ "R", 17 ], [ "R", 18 ], [ "R", 19 ], [ "R", 20 ], [ "R", 21 ], [ "R", 22 ], [ "R", 25 ], [ "R", 26 ], [ "R", 28 ], [ "R", 27 ], [ "R", 29 ], [ "R", 32 ], [ "R", 33 ], [ "R", 34 ], [ "R", 39 ], [ "R", 40 ], [ "R", 37 ], [ "R", 42 ], [ "R", 43 ], [ "R", 45 ], [ "R", 46 ], [ "R", 47 ], [ "R", 48 ], [ "R", 49 ], [ "R", 50 ], [ "R", 51 ], [ "R", 52 ], [ "R", 53 ], [ "R", 54 ] ]
    } ]
  },
  "TipoLogradouroController.procurarPorNome" : {
    "t" : [ {
      "id" : 0,
      "a" : [ [ "R", 2 ], [ "R", 8 ], [ "R", 9 ], [ "R", 10 ], [ "R", 11 ], [ "R", 12 ], [ "R", 15 ], [ "R", 16 ], [ "R", 18 ], [ "R", 19 ], [ "R", 22 ], [ "R", 25 ], [ "R", 26 ], [ "R", 27 ], [ "R", 32 ], [ "R", 33 ], [ "R", 39 ], [ "R", 40 ], [ "R", 37 ], [ "R", 42 ], [ "R", 43 ], [ "R", 46 ], [ "R", 48 ], [ "R", 49 ], [ "R", 50 ], [ "R", 51 ], [ "R", 52 ], [ "R", 53 ], [ "R", 2 ], [ "R", 8 ], [ "R", 9 ], [ "R", 10 ], [ "R", 11 ], [ "R", 12 ], [ "R", 15 ], [ "R", 16 ], [ "R", 18 ], [ "R", 19 ], [ "R", 22 ], [ "R", 25 ], [ "R", 26 ], [ "R", 27 ], [ "R", 32 ], [ "R", 33 ], [ "R", 39 ], [ "R", 40 ], [ "R", 37 ], [ "R", 42 ], [ "R", 43 ], [ "R", 46 ], [ "R", 48 ], [ "R", 49 ], [ "R", 50 ], [ "R", 51 ], [ "R", 52 ], [ "R", 53 ] ]
    } ]
  },
  "SolicitanteController.carregarCPF" : {
    "t" : [ {
      "id" : 0,
      "a" : [ [ "R", 43 ] ]
    } ]
  },
  "SiteController.carregarEscolaCnpj" : {
    "t" : [ {
      "id" : 0,
      "a" : [ [ "R", 15 ] ]
    } ]
  },
  "MateriaPrimaMaterialController.todas" : {
    "t" : [ {
      "id" : 0,
      "a" : [ [ "R", 28 ] ]
    } ]
  },
  "TipoMaterialController.todos" : {
    "t" : [ {
      "id" : 0,
      "a" : [ [ "R", 47 ] ]
    } ]
  },
  "LogradouroController.procurarLogradouroPorIdBairro" : {
    "t" : [ {
      "id" : 0,
      "a" : [ [ "R", 26 ] ]
    } ]
  },
  "OutrosController.remover" : {
    "t" : [ {
      "id" : 0,
      "a" : [ [ "W", 32 ] ]
    } ]
  },
  "SiteController.findbyCodigoPais" : {
    "t" : [ {
      "id" : 0,
      "a" : [ [ "R", 50 ] ]
    } ]
  },
  "AssociadoPFController.remover" : {
    "t" : [ {
      "id" : 0,
      "a" : [ [ "W", 4 ] ]
    } ]
  },
  "UnidadeProducaoController.localiza" : {
    "t" : [ {
      "id" : 0,
      "a" : [ [ "R", 52 ] ]
    } ]
  },
  "ArquivoController.salvar" : {
    "t" : [ {
      "id" : 0,
      "a" : [ [ "W", 3 ] ]
    } ]
  },
  "AlunoController.carregar" : {
    "t" : [ {
      "id" : 0,
      "a" : [ [ "R", 2 ] ]
    } ]
  },
  "LivroController.carregar" : {
    "t" : [ {
      "id" : 0,
      "a" : [ [ "R", 25 ] ]
    } ]
  },
  "LivroController.listar" : {
    "t" : [ {
      "id" : 0,
      "a" : [ [ "R", 2 ], [ "R", 3 ], [ "R", 5 ], [ "R", 4 ], [ "R", 7 ], [ "R", 6 ], [ "R", 8 ], [ "R", 9 ], [ "R", 10 ], [ "R", 11 ], [ "R", 12 ], [ "R", 15 ], [ "R", 16 ], [ "R", 17 ], [ "R", 18 ], [ "R", 19 ], [ "R", 20 ], [ "R", 21 ], [ "R", 22 ], [ "R", 25 ], [ "R", 26 ], [ "R", 28 ], [ "R", 27 ], [ "R", 29 ], [ "R", 32 ], [ "R", 33 ], [ "R", 34 ], [ "R", 39 ], [ "R", 40 ], [ "R", 37 ], [ "R", 42 ], [ "R", 43 ], [ "R", 45 ], [ "R", 46 ], [ "R", 47 ], [ "R", 48 ], [ "R", 49 ], [ "R", 50 ], [ "R", 51 ], [ "R", 52 ], [ "R", 53 ], [ "R", 54 ], [ "R", 2 ], [ "R", 3 ], [ "R", 5 ], [ "R", 4 ], [ "R", 7 ], [ "R", 6 ], [ "R", 8 ], [ "R", 9 ], [ "R", 10 ], [ "R", 11 ], [ "R", 12 ], [ "R", 15 ], [ "R", 16 ], [ "R", 17 ], [ "R", 18 ], [ "R", 19 ], [ "R", 20 ], [ "R", 21 ], [ "R", 22 ], [ "R", 25 ], [ "R", 26 ], [ "R", 28 ], [ "R", 27 ], [ "R", 29 ], [ "R", 32 ], [ "R", 33 ], [ "R", 34 ], [ "R", 39 ], [ "R", 40 ], [ "R", 37 ], [ "R", 42 ], [ "R", 43 ], [ "R", 45 ], [ "R", 46 ], [ "R", 47 ], [ "R", 48 ], [ "R", 49 ], [ "R", 50 ], [ "R", 51 ], [ "R", 52 ], [ "R", 53 ], [ "R", 54 ] ]
    } ]
  },
  "FuncionarioController.salvar" : {
    "t" : [ {
      "id" : 0,
      "a" : [ [ "W", 19 ] ]
    } ]
  },
  "ProfessorController.carregar" : {
    "t" : [ {
      "id" : 0,
      "a" : [ [ "R", 42 ] ]
    } ]
  },
  "TipoLogradouroController.localiza" : {
    "t" : [ {
      "id" : 0,
      "a" : [ [ "R", 46 ] ]
    } ]
  },
  "InstrutorController.salvar" : {
    "t" : [ {
      "id" : 0,
      "a" : [ [ "W", 22 ] ]
    } ]
  },
  "MaterialController.listar" : {
    "t" : [ {
      "id" : 0,
      "a" : [ [ "R", 2 ], [ "R", 3 ], [ "R", 5 ], [ "R", 4 ], [ "R", 7 ], [ "R", 6 ], [ "R", 8 ], [ "R", 9 ], [ "R", 10 ], [ "R", 11 ], [ "R", 12 ], [ "R", 15 ], [ "R", 16 ], [ "R", 17 ], [ "R", 18 ], [ "R", 19 ], [ "R", 20 ], [ "R", 21 ], [ "R", 22 ], [ "R", 25 ], [ "R", 26 ], [ "R", 28 ], [ "R", 27 ], [ "R", 29 ], [ "R", 32 ], [ "R", 33 ], [ "R", 34 ], [ "R", 39 ], [ "R", 40 ], [ "R", 37 ], [ "R", 42 ], [ "R", 43 ], [ "R", 45 ], [ "R", 46 ], [ "R", 47 ], [ "R", 48 ], [ "R", 49 ], [ "R", 50 ], [ "R", 51 ], [ "R", 52 ], [ "R", 53 ], [ "R", 54 ], [ "R", 2 ], [ "R", 3 ], [ "R", 5 ], [ "R", 4 ], [ "R", 7 ], [ "R", 6 ], [ "R", 8 ], [ "R", 9 ], [ "R", 10 ], [ "R", 11 ], [ "R", 12 ], [ "R", 15 ], [ "R", 16 ], [ "R", 17 ], [ "R", 18 ], [ "R", 19 ], [ "R", 20 ], [ "R", 21 ], [ "R", 22 ], [ "R", 25 ], [ "R", 26 ], [ "R", 28 ], [ "R", 27 ], [ "R", 29 ], [ "R", 32 ], [ "R", 33 ], [ "R", 34 ], [ "R", 39 ], [ "R", 40 ], [ "R", 37 ], [ "R", 42 ], [ "R", 43 ], [ "R", 45 ], [ "R", 46 ], [ "R", 47 ], [ "R", 48 ], [ "R", 49 ], [ "R", 50 ], [ "R", 51 ], [ "R", 52 ], [ "R", 53 ], [ "R", 54 ] ]
    } ]
  },
  "ProfessorController.procurarPorNome" : {
    "t" : [ {
      "id" : 0,
      "a" : [ [ "R", 2 ], [ "R", 8 ], [ "R", 9 ], [ "R", 10 ], [ "R", 11 ], [ "R", 12 ], [ "R", 15 ], [ "R", 16 ], [ "R", 18 ], [ "R", 19 ], [ "R", 22 ], [ "R", 25 ], [ "R", 26 ], [ "R", 27 ], [ "R", 32 ], [ "R", 33 ], [ "R", 39 ], [ "R", 40 ], [ "R", 37 ], [ "R", 42 ], [ "R", 43 ], [ "R", 46 ], [ "R", 48 ], [ "R", 49 ], [ "R", 50 ], [ "R", 51 ], [ "R", 52 ], [ "R", 53 ], [ "R", 2 ], [ "R", 8 ], [ "R", 9 ], [ "R", 10 ], [ "R", 11 ], [ "R", 12 ], [ "R", 15 ], [ "R", 16 ], [ "R", 18 ], [ "R", 19 ], [ "R", 22 ], [ "R", 25 ], [ "R", 26 ], [ "R", 27 ], [ "R", 32 ], [ "R", 33 ], [ "R", 39 ], [ "R", 40 ], [ "R", 37 ], [ "R", 42 ], [ "R", 43 ], [ "R", 46 ], [ "R", 48 ], [ "R", 49 ], [ "R", 50 ], [ "R", 51 ], [ "R", 52 ], [ "R", 53 ] ]
    } ]
  },
  "EventoController.localiza" : {
    "t" : [ {
      "id" : 0,
      "a" : [ [ "R", 16 ] ]
    } ]
  },
  "PedidoMaterialController.listar" : {
    "t" : [ {
      "id" : 0,
      "a" : [ [ "R", 35 ], [ "R", 35 ] ]
    } ]
  },
  "UnidadeMedidaController.carregar" : {
    "t" : [ {
      "id" : 0,
      "a" : [ [ "R", 51 ] ]
    } ]
  },
  "TipoLogradouroController.salvar" : {
    "t" : [ {
      "id" : 0,
      "a" : [ [ "W", 46 ] ]
    } ]
  },
  "TransportadoraController.carregar" : {
    "t" : [ {
      "id" : 0,
      "a" : [ [ "R", 49 ] ]
    } ]
  },
  "PessoaController.carregar" : {
    "t" : [ {
      "id" : 0,
      "a" : [ [ "R", 37 ] ]
    } ]
  },
  "TransportadoraController.listar" : {
    "t" : [ {
      "id" : 0,
      "a" : [ [ "R", 2 ], [ "R", 3 ], [ "R", 5 ], [ "R", 4 ], [ "R", 7 ], [ "R", 6 ], [ "R", 8 ], [ "R", 9 ], [ "R", 10 ], [ "R", 11 ], [ "R", 12 ], [ "R", 15 ], [ "R", 16 ], [ "R", 17 ], [ "R", 18 ], [ "R", 19 ], [ "R", 20 ], [ "R", 21 ], [ "R", 22 ], [ "R", 25 ], [ "R", 26 ], [ "R", 28 ], [ "R", 27 ], [ "R", 29 ], [ "R", 32 ], [ "R", 33 ], [ "R", 34 ], [ "R", 39 ], [ "R", 40 ], [ "R", 37 ], [ "R", 42 ], [ "R", 43 ], [ "R", 45 ], [ "R", 46 ], [ "R", 47 ], [ "R", 48 ], [ "R", 49 ], [ "R", 50 ], [ "R", 51 ], [ "R", 52 ], [ "R", 53 ], [ "R", 54 ], [ "R", 2 ], [ "R", 3 ], [ "R", 5 ], [ "R", 4 ], [ "R", 7 ], [ "R", 6 ], [ "R", 8 ], [ "R", 9 ], [ "R", 10 ], [ "R", 11 ], [ "R", 12 ], [ "R", 15 ], [ "R", 16 ], [ "R", 17 ], [ "R", 18 ], [ "R", 19 ], [ "R", 20 ], [ "R", 21 ], [ "R", 22 ], [ "R", 25 ], [ "R", 26 ], [ "R", 28 ], [ "R", 27 ], [ "R", 29 ], [ "R", 32 ], [ "R", 33 ], [ "R", 34 ], [ "R", 39 ], [ "R", 40 ], [ "R", 37 ], [ "R", 42 ], [ "R", 43 ], [ "R", 45 ], [ "R", 46 ], [ "R", 47 ], [ "R", 48 ], [ "R", 49 ], [ "R", 50 ], [ "R", 51 ], [ "R", 52 ], [ "R", 53 ], [ "R", 54 ] ]
    } ]
  },
  "LogradouroController.salvar" : {
    "t" : [ {
      "id" : 0,
      "a" : [ [ "W", 26 ] ]
    } ]
  },
  "MateriaPrimaController.salvar" : {
    "t" : [ {
      "id" : 0,
      "a" : [ [ "W", 27 ] ]
    } ]
  },
  "TipoLogradouroController.remover" : {
    "t" : [ {
      "id" : 0,
      "a" : [ [ "W", 46 ] ]
    } ]
  },
  "UsuarioController.salvar" : {
    "t" : [ {
      "id" : 0,
      "a" : [ [ "W", 53 ] ]
    } ]
  },
  "CidadeController.procurarCidadePorIdUf" : {
    "t" : [ {
      "id" : 0,
      "a" : [ [ "R", 9 ] ]
    } ]
  },
  "AlunoController.listar" : {
    "t" : [ {
      "id" : 0,
      "a" : [ [ "R", 2 ], [ "R", 3 ], [ "R", 5 ], [ "R", 4 ], [ "R", 7 ], [ "R", 6 ], [ "R", 8 ], [ "R", 9 ], [ "R", 10 ], [ "R", 11 ], [ "R", 12 ], [ "R", 15 ], [ "R", 16 ], [ "R", 17 ], [ "R", 18 ], [ "R", 19 ], [ "R", 20 ], [ "R", 21 ], [ "R", 22 ], [ "R", 25 ], [ "R", 26 ], [ "R", 28 ], [ "R", 27 ], [ "R", 29 ], [ "R", 32 ], [ "R", 33 ], [ "R", 34 ], [ "R", 39 ], [ "R", 40 ], [ "R", 37 ], [ "R", 42 ], [ "R", 43 ], [ "R", 45 ], [ "R", 46 ], [ "R", 47 ], [ "R", 48 ], [ "R", 49 ], [ "R", 50 ], [ "R", 51 ], [ "R", 52 ], [ "R", 53 ], [ "R", 54 ], [ "R", 2 ], [ "R", 3 ], [ "R", 5 ], [ "R", 4 ], [ "R", 7 ], [ "R", 6 ], [ "R", 8 ], [ "R", 9 ], [ "R", 10 ], [ "R", 11 ], [ "R", 12 ], [ "R", 15 ], [ "R", 16 ], [ "R", 17 ], [ "R", 18 ], [ "R", 19 ], [ "R", 20 ], [ "R", 21 ], [ "R", 22 ], [ "R", 25 ], [ "R", 26 ], [ "R", 28 ], [ "R", 27 ], [ "R", 29 ], [ "R", 32 ], [ "R", 33 ], [ "R", 34 ], [ "R", 39 ], [ "R", 40 ], [ "R", 37 ], [ "R", 42 ], [ "R", 43 ], [ "R", 45 ], [ "R", 46 ], [ "R", 47 ], [ "R", 48 ], [ "R", 49 ], [ "R", 50 ], [ "R", 51 ], [ "R", 52 ], [ "R", 53 ], [ "R", 54 ] ]
    } ]
  },
  "SiteController.todosEventos" : {
    "t" : [ {
      "id" : 0,
      "a" : [ [ "R", 16 ] ]
    } ]
  },
  "EventoController.galeriaSalvar" : {
    "t" : [ {
      "id" : 0,
      "a" : [ [ "W", 17 ] ]
    } ]
  },
  "AssociadoPJController.listaRelatorio" : {
    "t" : [ {
      "id" : 0,
      "a" : [ [ "R", 6 ] ]
    } ]
  },
  "EditoraController.BuscaEditoraPorCNPJ" : {
    "t" : [ {
      "id" : 0,
      "a" : [ [ "R", 12 ] ]
    } ]
  },
  "EscolaController.procurarPorNome" : {
    "t" : [ {
      "id" : 0,
      "a" : [ [ "R", 15 ] ]
    } ]
  },
  "EditoraController.localiza" : {
    "t" : [ {
      "id" : 0,
      "a" : [ [ "R", 12 ] ]
    } ]
  },
  "PessoaController.salvar" : {
    "t" : [ {
      "id" : 0,
      "a" : [ [ "W", 37 ] ]
    } ]
  },
  "EscolaController.salvar" : {
    "t" : [ {
      "id" : 0,
      "a" : [ [ "W", 15 ] ]
    } ]
  },
  "LivroController.localiza" : {
    "t" : [ {
      "id" : 0,
      "a" : [ [ "R", 25 ] ]
    } ]
  },
  "SiteController.carregarAluoCpf" : {
    "t" : [ {
      "id" : 0,
      "a" : [ [ "R", 2 ] ]
    } ]
  },
  "AlunoController.todas" : {
    "t" : [ {
      "id" : 0,
      "a" : [ [ "R", 2 ] ]
    } ]
  },
  "AssociadoPJController.remover" : {
    "t" : [ {
      "id" : 0,
      "a" : [ [ "W", 6 ] ]
    } ]
  },
  "SolicitanteController.localiza" : {
    "t" : [ {
      "id" : 0,
      "a" : [ [ "R", 43 ] ]
    } ]
  },
  "PessoaController.localiza" : {
    "t" : [ {
      "id" : 0,
      "a" : [ [ "R", 37 ] ]
    } ]
  },
  "TipoMaterialController.salvar" : {
    "t" : [ {
      "id" : 0,
      "a" : [ [ "W", 47 ] ]
    } ]
  },
  "ArquivoController.carregar" : {
    "t" : [ {
      "id" : 0,
      "a" : [ [ "R", 3 ] ]
    } ]
  },
  "AssociadoPFController.listaParticipante" : {
    "t" : [ {
      "id" : 0,
      "a" : [ [ "R", 4 ] ]
    } ]
  },
  "EnderecoController.salvar" : {
    "t" : [ {
      "id" : 0,
      "a" : [ [ "W", 14 ] ]
    } ]
  },
  "TelefoneController.localiza" : {
    "t" : [ {
      "id" : 0,
      "a" : [ [ "R", 45 ] ]
    } ]
  },
  "EventoController.todos" : {
    "t" : [ {
      "id" : 0,
      "a" : [ [ "R", 16 ], [ "R", 16 ] ]
    } ]
  },
  "EventoController.listaParticipante" : {
    "t" : [ {
      "id" : 0,
      "a" : [ [ "R", 16 ] ]
    } ]
  },
  "InscricaoController.salvar" : {
    "t" : [ {
      "id" : 0,
      "a" : [ [ "W", 44 ], [ "R", 37 ], [ "W", 21 ], [ "W", 37 ], [ "R", 16 ], [ "W", 21 ], [ "W", 16 ], [ "W", 21 ], [ "W", 21 ], [ "R", 21 ], [ "R", 16 ], [ "R", 16 ], [ "R", 1 ], [ "R", 41 ], [ "W", 44 ], [ "W", 41 ], [ "W", 1 ], [ "W", 41 ], [ "W", 21 ], [ "W", 41 ], [ "W", 41 ], [ "W", 41 ], [ "W", 41 ] ]
    } ]
  },
  "LivroController.salvar" : {
    "t" : [ {
      "id" : 0,
      "a" : [ [ "W", 25 ] ]
    } ]
  },
  "MaterialController.localiza" : {
    "t" : [ {
      "id" : 0,
      "a" : [ [ "R", 29 ], [ "R", 25 ] ]
    } ]
  },
  "PaisController.carregar" : {
    "t" : [ {
      "id" : 0,
      "a" : [ [ "R", 33 ] ]
    } ]
  },
  "PerfilAcessoController.localiza" : {
    "t" : [ {
      "id" : 0,
      "a" : [ [ "R", 36 ] ]
    } ]
  },
  "SiteController.todos" : {
    "t" : [ {
      "id" : 0,
      "a" : [ [ "R", 48 ] ]
    } ]
  },
  "AssociadoPFController.carregar" : {
    "t" : [ {
      "id" : 0,
      "a" : [ [ "R", 4 ] ]
    } ]
  },
  "SiteController.todosPais" : {
    "t" : [ {
      "id" : 0,
      "a" : [ [ "R", 33 ] ]
    } ]
  },
  "OutrosController.listaRelatorio" : {
    "t" : [ {
      "id" : 0,
      "a" : [ [ "R", 32 ] ]
    } ]
  },
  "TransportadoraController.todas" : {
    "t" : [ {
      "id" : 0,
      "a" : [ [ "R", 49 ] ]
    } ]
  },
  "AssociadoPJController.carregar" : {
    "t" : [ {
      "id" : 0,
      "a" : [ [ "R", 6 ] ]
    } ]
  },
  "OutrosController.listar" : {
    "t" : [ {
      "id" : 0,
      "a" : [ [ "R", 2 ], [ "R", 3 ], [ "R", 5 ], [ "R", 4 ], [ "R", 7 ], [ "R", 6 ], [ "R", 8 ], [ "R", 9 ], [ "R", 10 ], [ "R", 11 ], [ "R", 12 ], [ "R", 15 ], [ "R", 16 ], [ "R", 17 ], [ "R", 18 ], [ "R", 19 ], [ "R", 20 ], [ "R", 21 ], [ "R", 22 ], [ "R", 25 ], [ "R", 26 ], [ "R", 28 ], [ "R", 27 ], [ "R", 29 ], [ "R", 32 ], [ "R", 33 ], [ "R", 34 ], [ "R", 39 ], [ "R", 40 ], [ "R", 37 ], [ "R", 42 ], [ "R", 43 ], [ "R", 45 ], [ "R", 46 ], [ "R", 47 ], [ "R", 48 ], [ "R", 49 ], [ "R", 50 ], [ "R", 51 ], [ "R", 52 ], [ "R", 53 ], [ "R", 54 ], [ "R", 2 ], [ "R", 3 ], [ "R", 5 ], [ "R", 4 ], [ "R", 7 ], [ "R", 6 ], [ "R", 8 ], [ "R", 9 ], [ "R", 10 ], [ "R", 11 ], [ "R", 12 ], [ "R", 15 ], [ "R", 16 ], [ "R", 17 ], [ "R", 18 ], [ "R", 19 ], [ "R", 20 ], [ "R", 21 ], [ "R", 22 ], [ "R", 25 ], [ "R", 26 ], [ "R", 28 ], [ "R", 27 ], [ "R", 29 ], [ "R", 32 ], [ "R", 33 ], [ "R", 34 ], [ "R", 39 ], [ "R", 40 ], [ "R", 37 ], [ "R", 42 ], [ "R", 43 ], [ "R", 45 ], [ "R", 46 ], [ "R", 47 ], [ "R", 48 ], [ "R", 49 ], [ "R", 50 ], [ "R", 51 ], [ "R", 52 ], [ "R", 53 ], [ "R", 54 ] ]
    } ]
  },
  "AssociadoPJController.listar" : {
    "t" : [ {
      "id" : 0,
      "a" : [ [ "R", 2 ], [ "R", 3 ], [ "R", 5 ], [ "R", 4 ], [ "R", 7 ], [ "R", 6 ], [ "R", 8 ], [ "R", 9 ], [ "R", 10 ], [ "R", 11 ], [ "R", 12 ], [ "R", 15 ], [ "R", 16 ], [ "R", 17 ], [ "R", 18 ], [ "R", 19 ], [ "R", 20 ], [ "R", 21 ], [ "R", 22 ], [ "R", 25 ], [ "R", 26 ], [ "R", 28 ], [ "R", 27 ], [ "R", 29 ], [ "R", 32 ], [ "R", 33 ], [ "R", 34 ], [ "R", 39 ], [ "R", 40 ], [ "R", 37 ], [ "R", 42 ], [ "R", 43 ], [ "R", 45 ], [ "R", 46 ], [ "R", 47 ], [ "R", 48 ], [ "R", 49 ], [ "R", 50 ], [ "R", 51 ], [ "R", 52 ], [ "R", 53 ], [ "R", 54 ], [ "R", 2 ], [ "R", 3 ], [ "R", 5 ], [ "R", 4 ], [ "R", 7 ], [ "R", 6 ], [ "R", 8 ], [ "R", 9 ], [ "R", 10 ], [ "R", 11 ], [ "R", 12 ], [ "R", 15 ], [ "R", 16 ], [ "R", 17 ], [ "R", 18 ], [ "R", 19 ], [ "R", 20 ], [ "R", 21 ], [ "R", 22 ], [ "R", 25 ], [ "R", 26 ], [ "R", 28 ], [ "R", 27 ], [ "R", 29 ], [ "R", 32 ], [ "R", 33 ], [ "R", 34 ], [ "R", 39 ], [ "R", 40 ], [ "R", 37 ], [ "R", 42 ], [ "R", 43 ], [ "R", 45 ], [ "R", 46 ], [ "R", 47 ], [ "R", 48 ], [ "R", 49 ], [ "R", 50 ], [ "R", 51 ], [ "R", 52 ], [ "R", 53 ], [ "R", 54 ] ]
    } ]
  },
  "PessoaFisicaController.carregar" : {
    "t" : [ {
      "id" : 0,
      "a" : [ [ "R", 39 ] ]
    } ]
  },
  "TelefoneController.listar" : {
    "t" : [ {
      "id" : 0,
      "a" : [ [ "R", 2 ], [ "R", 3 ], [ "R", 5 ], [ "R", 4 ], [ "R", 7 ], [ "R", 6 ], [ "R", 8 ], [ "R", 9 ], [ "R", 10 ], [ "R", 11 ], [ "R", 12 ], [ "R", 15 ], [ "R", 16 ], [ "R", 17 ], [ "R", 18 ], [ "R", 19 ], [ "R", 20 ], [ "R", 21 ], [ "R", 22 ], [ "R", 25 ], [ "R", 26 ], [ "R", 28 ], [ "R", 27 ], [ "R", 29 ], [ "R", 32 ], [ "R", 33 ], [ "R", 34 ], [ "R", 39 ], [ "R", 40 ], [ "R", 37 ], [ "R", 42 ], [ "R", 43 ], [ "R", 45 ], [ "R", 46 ], [ "R", 47 ], [ "R", 48 ], [ "R", 49 ], [ "R", 50 ], [ "R", 51 ], [ "R", 52 ], [ "R", 53 ], [ "R", 54 ], [ "R", 2 ], [ "R", 3 ], [ "R", 5 ], [ "R", 4 ], [ "R", 7 ], [ "R", 6 ], [ "R", 8 ], [ "R", 9 ], [ "R", 10 ], [ "R", 11 ], [ "R", 12 ], [ "R", 15 ], [ "R", 16 ], [ "R", 17 ], [ "R", 18 ], [ "R", 19 ], [ "R", 20 ], [ "R", 21 ], [ "R", 22 ], [ "R", 25 ], [ "R", 26 ], [ "R", 28 ], [ "R", 27 ], [ "R", 29 ], [ "R", 32 ], [ "R", 33 ], [ "R", 34 ], [ "R", 39 ], [ "R", 40 ], [ "R", 37 ], [ "R", 42 ], [ "R", 43 ], [ "R", 45 ], [ "R", 46 ], [ "R", 47 ], [ "R", 48 ], [ "R", 49 ], [ "R", 50 ], [ "R", 51 ], [ "R", 52 ], [ "R", 53 ], [ "R", 54 ] ]
    } ]
  },
  "AssociadoPFMovimentacaoController.todas" : {
    "t" : [ {
      "id" : 0,
      "a" : [ [ "R", 5 ] ]
    } ]
  },
  "UnidadeProducaoController.remover" : {
    "t" : [ {
      "id" : 0,
      "a" : [ [ "W", 52 ] ]
    } ]
  },
  "LogradouroController.listar" : {
    "t" : [ {
      "id" : 0,
      "a" : [ [ "R", 2 ], [ "R", 3 ], [ "R", 5 ], [ "R", 4 ], [ "R", 7 ], [ "R", 6 ], [ "R", 8 ], [ "R", 9 ], [ "R", 10 ], [ "R", 11 ], [ "R", 12 ], [ "R", 15 ], [ "R", 16 ], [ "R", 17 ], [ "R", 18 ], [ "R", 19 ], [ "R", 20 ], [ "R", 21 ], [ "R", 22 ], [ "R", 25 ], [ "R", 26 ], [ "R", 28 ], [ "R", 27 ], [ "R", 29 ], [ "R", 32 ], [ "R", 33 ], [ "R", 34 ], [ "R", 39 ], [ "R", 40 ], [ "R", 37 ], [ "R", 42 ], [ "R", 43 ], [ "R", 45 ], [ "R", 46 ], [ "R", 47 ], [ "R", 48 ], [ "R", 49 ], [ "R", 50 ], [ "R", 51 ], [ "R", 52 ], [ "R", 53 ], [ "R", 54 ], [ "R", 2 ], [ "R", 3 ], [ "R", 5 ], [ "R", 4 ], [ "R", 7 ], [ "R", 6 ], [ "R", 8 ], [ "R", 9 ], [ "R", 10 ], [ "R", 11 ], [ "R", 12 ], [ "R", 15 ], [ "R", 16 ], [ "R", 17 ], [ "R", 18 ], [ "R", 19 ], [ "R", 20 ], [ "R", 21 ], [ "R", 22 ], [ "R", 25 ], [ "R", 26 ], [ "R", 28 ], [ "R", 27 ], [ "R", 29 ], [ "R", 32 ], [ "R", 33 ], [ "R", 34 ], [ "R", 39 ], [ "R", 40 ], [ "R", 37 ], [ "R", 42 ], [ "R", 43 ], [ "R", 45 ], [ "R", 46 ], [ "R", 47 ], [ "R", 48 ], [ "R", 49 ], [ "R", 50 ], [ "R", 51 ], [ "R", 52 ], [ "R", 53 ], [ "R", 54 ] ]
    } ]
  },
  "EventoController.listar" : {
    "t" : [ {
      "id" : 0,
      "a" : [ [ "R", 2 ], [ "R", 3 ], [ "R", 5 ], [ "R", 4 ], [ "R", 7 ], [ "R", 6 ], [ "R", 8 ], [ "R", 9 ], [ "R", 10 ], [ "R", 11 ], [ "R", 12 ], [ "R", 15 ], [ "R", 16 ], [ "R", 17 ], [ "R", 18 ], [ "R", 19 ], [ "R", 20 ], [ "R", 21 ], [ "R", 22 ], [ "R", 25 ], [ "R", 26 ], [ "R", 28 ], [ "R", 27 ], [ "R", 29 ], [ "R", 32 ], [ "R", 33 ], [ "R", 34 ], [ "R", 39 ], [ "R", 40 ], [ "R", 37 ], [ "R", 42 ], [ "R", 43 ], [ "R", 45 ], [ "R", 46 ], [ "R", 47 ], [ "R", 48 ], [ "R", 49 ], [ "R", 50 ], [ "R", 51 ], [ "R", 52 ], [ "R", 53 ], [ "R", 54 ], [ "R", 2 ], [ "R", 3 ], [ "R", 5 ], [ "R", 4 ], [ "R", 7 ], [ "R", 6 ], [ "R", 8 ], [ "R", 9 ], [ "R", 10 ], [ "R", 11 ], [ "R", 12 ], [ "R", 15 ], [ "R", 16 ], [ "R", 17 ], [ "R", 18 ], [ "R", 19 ], [ "R", 20 ], [ "R", 21 ], [ "R", 22 ], [ "R", 25 ], [ "R", 26 ], [ "R", 28 ], [ "R", 27 ], [ "R", 29 ], [ "R", 32 ], [ "R", 33 ], [ "R", 34 ], [ "R", 39 ], [ "R", 40 ], [ "R", 37 ], [ "R", 42 ], [ "R", 43 ], [ "R", 45 ], [ "R", 46 ], [ "R", 47 ], [ "R", 48 ], [ "R", 49 ], [ "R", 50 ], [ "R", 51 ], [ "R", 52 ], [ "R", 53 ], [ "R", 54 ] ]
    } ]
  },
  "BairroController.salvar" : {
    "t" : [ {
      "id" : 0,
      "a" : [ [ "W", 8 ] ]
    } ]
  },
  "EventoController.listaEvento" : {
    "t" : [ {
      "id" : 0,
      "a" : [ [ "R", 16 ] ]
    } ]
  },
  "VolumeController.listar" : {
    "t" : [ {
      "id" : 0,
      "a" : [ [ "R", 2 ], [ "R", 3 ], [ "R", 5 ], [ "R", 4 ], [ "R", 7 ], [ "R", 6 ], [ "R", 8 ], [ "R", 9 ], [ "R", 10 ], [ "R", 11 ], [ "R", 12 ], [ "R", 15 ], [ "R", 16 ], [ "R", 17 ], [ "R", 18 ], [ "R", 19 ], [ "R", 20 ], [ "R", 21 ], [ "R", 22 ], [ "R", 25 ], [ "R", 26 ], [ "R", 28 ], [ "R", 27 ], [ "R", 29 ], [ "R", 32 ], [ "R", 33 ], [ "R", 34 ], [ "R", 39 ], [ "R", 40 ], [ "R", 37 ], [ "R", 42 ], [ "R", 43 ], [ "R", 45 ], [ "R", 46 ], [ "R", 47 ], [ "R", 48 ], [ "R", 49 ], [ "R", 50 ], [ "R", 51 ], [ "R", 52 ], [ "R", 53 ], [ "R", 54 ], [ "R", 2 ], [ "R", 3 ], [ "R", 5 ], [ "R", 4 ], [ "R", 7 ], [ "R", 6 ], [ "R", 8 ], [ "R", 9 ], [ "R", 10 ], [ "R", 11 ], [ "R", 12 ], [ "R", 15 ], [ "R", 16 ], [ "R", 17 ], [ "R", 18 ], [ "R", 19 ], [ "R", 20 ], [ "R", 21 ], [ "R", 22 ], [ "R", 25 ], [ "R", 26 ], [ "R", 28 ], [ "R", 27 ], [ "R", 29 ], [ "R", 32 ], [ "R", 33 ], [ "R", 34 ], [ "R", 39 ], [ "R", 40 ], [ "R", 37 ], [ "R", 42 ], [ "R", 43 ], [ "R", 45 ], [ "R", 46 ], [ "R", 47 ], [ "R", 48 ], [ "R", 49 ], [ "R", 50 ], [ "R", 51 ], [ "R", 52 ], [ "R", 53 ], [ "R", 54 ] ]
    } ]
  },
  "PessoaJuridicaController.listar" : {
    "t" : [ {
      "id" : 0,
      "a" : [ [ "R", 2 ], [ "R", 3 ], [ "R", 5 ], [ "R", 4 ], [ "R", 7 ], [ "R", 6 ], [ "R", 8 ], [ "R", 9 ], [ "R", 10 ], [ "R", 11 ], [ "R", 12 ], [ "R", 15 ], [ "R", 16 ], [ "R", 17 ], [ "R", 18 ], [ "R", 19 ], [ "R", 20 ], [ "R", 21 ], [ "R", 22 ], [ "R", 25 ], [ "R", 26 ], [ "R", 28 ], [ "R", 27 ], [ "R", 29 ], [ "R", 32 ], [ "R", 33 ], [ "R", 34 ], [ "R", 39 ], [ "R", 40 ], [ "R", 37 ], [ "R", 42 ], [ "R", 43 ], [ "R", 45 ], [ "R", 46 ], [ "R", 47 ], [ "R", 48 ], [ "R", 49 ], [ "R", 50 ], [ "R", 51 ], [ "R", 52 ], [ "R", 53 ], [ "R", 54 ], [ "R", 2 ], [ "R", 3 ], [ "R", 5 ], [ "R", 4 ], [ "R", 7 ], [ "R", 6 ], [ "R", 8 ], [ "R", 9 ], [ "R", 10 ], [ "R", 11 ], [ "R", 12 ], [ "R", 15 ], [ "R", 16 ], [ "R", 17 ], [ "R", 18 ], [ "R", 19 ], [ "R", 20 ], [ "R", 21 ], [ "R", 22 ], [ "R", 25 ], [ "R", 26 ], [ "R", 28 ], [ "R", 27 ], [ "R", 29 ], [ "R", 32 ], [ "R", 33 ], [ "R", 34 ], [ "R", 39 ], [ "R", 40 ], [ "R", 37 ], [ "R", 42 ], [ "R", 43 ], [ "R", 45 ], [ "R", 46 ], [ "R", 47 ], [ "R", 48 ], [ "R", 49 ], [ "R", 50 ], [ "R", 51 ], [ "R", 52 ], [ "R", 53 ], [ "R", 54 ] ]
    } ]
  },
  "PessoaJuridicaController.localiza" : {
    "t" : [ {
      "id" : 0,
      "a" : [ [ "R", 40 ] ]
    } ]
  },
  "FuncionarioController.listaRelatorio" : {
    "t" : [ {
      "id" : 0,
      "a" : [ [ "R", 19 ] ]
    } ]
  },
  "CidadeController.listar" : {
    "t" : [ {
      "id" : 0,
      "a" : [ [ "R", 2 ], [ "R", 3 ], [ "R", 5 ], [ "R", 4 ], [ "R", 7 ], [ "R", 6 ], [ "R", 8 ], [ "R", 9 ], [ "R", 10 ], [ "R", 11 ], [ "R", 12 ], [ "R", 15 ], [ "R", 16 ], [ "R", 17 ], [ "R", 18 ], [ "R", 19 ], [ "R", 20 ], [ "R", 21 ], [ "R", 22 ], [ "R", 25 ], [ "R", 26 ], [ "R", 28 ], [ "R", 27 ], [ "R", 29 ], [ "R", 32 ], [ "R", 33 ], [ "R", 34 ], [ "R", 39 ], [ "R", 40 ], [ "R", 37 ], [ "R", 42 ], [ "R", 43 ], [ "R", 45 ], [ "R", 46 ], [ "R", 47 ], [ "R", 48 ], [ "R", 49 ], [ "R", 50 ], [ "R", 51 ], [ "R", 52 ], [ "R", 53 ], [ "R", 54 ], [ "R", 2 ], [ "R", 3 ], [ "R", 5 ], [ "R", 4 ], [ "R", 7 ], [ "R", 6 ], [ "R", 8 ], [ "R", 9 ], [ "R", 10 ], [ "R", 11 ], [ "R", 12 ], [ "R", 15 ], [ "R", 16 ], [ "R", 17 ], [ "R", 18 ], [ "R", 19 ], [ "R", 20 ], [ "R", 21 ], [ "R", 22 ], [ "R", 25 ], [ "R", 26 ], [ "R", 28 ], [ "R", 27 ], [ "R", 29 ], [ "R", 32 ], [ "R", 33 ], [ "R", 34 ], [ "R", 39 ], [ "R", 40 ], [ "R", 37 ], [ "R", 42 ], [ "R", 43 ], [ "R", 45 ], [ "R", 46 ], [ "R", 47 ], [ "R", 48 ], [ "R", 49 ], [ "R", 50 ], [ "R", 51 ], [ "R", 52 ], [ "R", 53 ], [ "R", 54 ] ]
    } ]
  },
  "PedidoController.procurarPorData" : {
    "t" : [ {
      "id" : 0,
      "a" : [ [ "R", 34 ] ]
    } ]
  },
  "CidadeController.procurarPorNome" : {
    "t" : [ {
      "id" : 0,
      "a" : [ [ "R", 2 ], [ "R", 8 ], [ "R", 9 ], [ "R", 10 ], [ "R", 11 ], [ "R", 12 ], [ "R", 15 ], [ "R", 16 ], [ "R", 18 ], [ "R", 19 ], [ "R", 22 ], [ "R", 25 ], [ "R", 26 ], [ "R", 27 ], [ "R", 32 ], [ "R", 33 ], [ "R", 39 ], [ "R", 40 ], [ "R", 37 ], [ "R", 42 ], [ "R", 43 ], [ "R", 46 ], [ "R", 48 ], [ "R", 49 ], [ "R", 50 ], [ "R", 51 ], [ "R", 52 ], [ "R", 53 ], [ "R", 2 ], [ "R", 8 ], [ "R", 9 ], [ "R", 10 ], [ "R", 11 ], [ "R", 12 ], [ "R", 15 ], [ "R", 16 ], [ "R", 18 ], [ "R", 19 ], [ "R", 22 ], [ "R", 25 ], [ "R", 26 ], [ "R", 27 ], [ "R", 32 ], [ "R", 33 ], [ "R", 39 ], [ "R", 40 ], [ "R", 37 ], [ "R", 42 ], [ "R", 43 ], [ "R", 46 ], [ "R", 48 ], [ "R", 49 ], [ "R", 50 ], [ "R", 51 ], [ "R", 52 ], [ "R", 53 ] ]
    } ]
  },
  "EditoraController.procurarPorNome" : {
    "t" : [ {
      "id" : 0,
      "a" : [ [ "R", 2 ], [ "R", 8 ], [ "R", 9 ], [ "R", 10 ], [ "R", 11 ], [ "R", 12 ], [ "R", 15 ], [ "R", 16 ], [ "R", 18 ], [ "R", 19 ], [ "R", 22 ], [ "R", 25 ], [ "R", 26 ], [ "R", 27 ], [ "R", 32 ], [ "R", 33 ], [ "R", 39 ], [ "R", 40 ], [ "R", 37 ], [ "R", 42 ], [ "R", 43 ], [ "R", 46 ], [ "R", 48 ], [ "R", 49 ], [ "R", 50 ], [ "R", 51 ], [ "R", 52 ], [ "R", 53 ], [ "R", 2 ], [ "R", 8 ], [ "R", 9 ], [ "R", 10 ], [ "R", 11 ], [ "R", 12 ], [ "R", 15 ], [ "R", 16 ], [ "R", 18 ], [ "R", 19 ], [ "R", 22 ], [ "R", 25 ], [ "R", 26 ], [ "R", 27 ], [ "R", 32 ], [ "R", 33 ], [ "R", 39 ], [ "R", 40 ], [ "R", 37 ], [ "R", 42 ], [ "R", 43 ], [ "R", 46 ], [ "R", 48 ], [ "R", 49 ], [ "R", 50 ], [ "R", 51 ], [ "R", 52 ], [ "R", 53 ] ]
    } ]
  },
  "DisciplinaController.listar" : {
    "t" : [ {
      "id" : 0,
      "a" : [ [ "R", 2 ], [ "R", 3 ], [ "R", 5 ], [ "R", 4 ], [ "R", 7 ], [ "R", 6 ], [ "R", 8 ], [ "R", 9 ], [ "R", 10 ], [ "R", 11 ], [ "R", 12 ], [ "R", 15 ], [ "R", 16 ], [ "R", 17 ], [ "R", 18 ], [ "R", 19 ], [ "R", 20 ], [ "R", 21 ], [ "R", 22 ], [ "R", 25 ], [ "R", 26 ], [ "R", 28 ], [ "R", 27 ], [ "R", 29 ], [ "R", 32 ], [ "R", 33 ], [ "R", 34 ], [ "R", 39 ], [ "R", 40 ], [ "R", 37 ], [ "R", 42 ], [ "R", 43 ], [ "R", 45 ], [ "R", 46 ], [ "R", 47 ], [ "R", 48 ], [ "R", 49 ], [ "R", 50 ], [ "R", 51 ], [ "R", 52 ], [ "R", 53 ], [ "R", 54 ], [ "R", 2 ], [ "R", 3 ], [ "R", 5 ], [ "R", 4 ], [ "R", 7 ], [ "R", 6 ], [ "R", 8 ], [ "R", 9 ], [ "R", 10 ], [ "R", 11 ], [ "R", 12 ], [ "R", 15 ], [ "R", 16 ], [ "R", 17 ], [ "R", 18 ], [ "R", 19 ], [ "R", 20 ], [ "R", 21 ], [ "R", 22 ], [ "R", 25 ], [ "R", 26 ], [ "R", 28 ], [ "R", 27 ], [ "R", 29 ], [ "R", 32 ], [ "R", 33 ], [ "R", 34 ], [ "R", 39 ], [ "R", 40 ], [ "R", 37 ], [ "R", 42 ], [ "R", 43 ], [ "R", 45 ], [ "R", 46 ], [ "R", 47 ], [ "R", 48 ], [ "R", 49 ], [ "R", 50 ], [ "R", 51 ], [ "R", 52 ], [ "R", 53 ], [ "R", 54 ] ]
    } ]
  },
  "UnidadeFederativaController.todos" : {
    "t" : [ {
      "id" : 0,
      "a" : [ [ "R", 50 ] ]
    } ]
  },
  "PedidoController.salvar" : {
    "t" : [ {
      "id" : 0,
      "a" : [ [ "R", 34 ], [ "W", 34 ], [ "R", 34 ], [ "W", 34 ], [ "W", 34 ] ]
    } ]
  },
  "HomeController.usuario" : {
    "t" : [ {
      "id" : 0,
      "a" : [ [ "W", 44 ], [ "W", 53 ], [ "W", 53 ], [ "W", 53 ] ]
    } ]
  },
  "TipoTelefoneController.todos" : {
    "t" : [ {
      "id" : 0,
      "a" : [ [ "R", 48 ] ]
    } ]
  },
  "ItemPerfilAcessoController.salvar" : {
    "t" : [ {
      "id" : 0,
      "a" : [ [ "W", 36 ] ]
    } ]
  },
  "UnidadeProducaoController.todos" : {
    "t" : [ {
      "id" : 0,
      "a" : [ [ "R", 52 ] ]
    } ]
  },
  "UnidadeProducaoController.carregar" : {
    "t" : [ {
      "id" : 0,
      "a" : [ [ "R", 52 ] ]
    } ]
  },
  "TipoTelefoneController.listar" : {
    "t" : [ {
      "id" : 0,
      "a" : [ [ "R", 2 ], [ "R", 3 ], [ "R", 5 ], [ "R", 4 ], [ "R", 7 ], [ "R", 6 ], [ "R", 8 ], [ "R", 9 ], [ "R", 10 ], [ "R", 11 ], [ "R", 12 ], [ "R", 15 ], [ "R", 16 ], [ "R", 17 ], [ "R", 18 ], [ "R", 19 ], [ "R", 20 ], [ "R", 21 ], [ "R", 22 ], [ "R", 25 ], [ "R", 26 ], [ "R", 28 ], [ "R", 27 ], [ "R", 29 ], [ "R", 32 ], [ "R", 33 ], [ "R", 34 ], [ "R", 39 ], [ "R", 40 ], [ "R", 37 ], [ "R", 42 ], [ "R", 43 ], [ "R", 45 ], [ "R", 46 ], [ "R", 47 ], [ "R", 48 ], [ "R", 49 ], [ "R", 50 ], [ "R", 51 ], [ "R", 52 ], [ "R", 53 ], [ "R", 54 ], [ "R", 2 ], [ "R", 3 ], [ "R", 5 ], [ "R", 4 ], [ "R", 7 ], [ "R", 6 ], [ "R", 8 ], [ "R", 9 ], [ "R", 10 ], [ "R", 11 ], [ "R", 12 ], [ "R", 15 ], [ "R", 16 ], [ "R", 17 ], [ "R", 18 ], [ "R", 19 ], [ "R", 20 ], [ "R", 21 ], [ "R", 22 ], [ "R", 25 ], [ "R", 26 ], [ "R", 28 ], [ "R", 27 ], [ "R", 29 ], [ "R", 32 ], [ "R", 33 ], [ "R", 34 ], [ "R", 39 ], [ "R", 40 ], [ "R", 37 ], [ "R", 42 ], [ "R", 43 ], [ "R", 45 ], [ "R", 46 ], [ "R", 47 ], [ "R", 48 ], [ "R", 49 ], [ "R", 50 ], [ "R", 51 ], [ "R", 52 ], [ "R", 53 ], [ "R", 54 ] ]
    } ]
  },
  "CidadeController.remover" : {
    "t" : [ {
      "id" : 0,
      "a" : [ [ "W", 9 ] ]
    } ]
  },
  "AssociadoPFController.salvar" : {
    "t" : [ {
      "id" : 0,
      "a" : [ [ "R", 39 ], [ "W", 44 ], [ "W", 4 ], [ "W", 4 ], [ "W", 4 ], [ "W", 39 ], [ "W", 4 ], [ "W", 4 ] ]
    } ]
  },
  "PaisController.procurarPorNome" : {
    "t" : [ {
      "id" : 0,
      "a" : [ [ "R", 2 ], [ "R", 8 ], [ "R", 9 ], [ "R", 10 ], [ "R", 11 ], [ "R", 12 ], [ "R", 15 ], [ "R", 16 ], [ "R", 18 ], [ "R", 19 ], [ "R", 22 ], [ "R", 25 ], [ "R", 26 ], [ "R", 27 ], [ "R", 32 ], [ "R", 33 ], [ "R", 39 ], [ "R", 40 ], [ "R", 37 ], [ "R", 42 ], [ "R", 43 ], [ "R", 46 ], [ "R", 48 ], [ "R", 49 ], [ "R", 50 ], [ "R", 51 ], [ "R", 52 ], [ "R", 53 ], [ "R", 2 ], [ "R", 8 ], [ "R", 9 ], [ "R", 10 ], [ "R", 11 ], [ "R", 12 ], [ "R", 15 ], [ "R", 16 ], [ "R", 18 ], [ "R", 19 ], [ "R", 22 ], [ "R", 25 ], [ "R", 26 ], [ "R", 27 ], [ "R", 32 ], [ "R", 33 ], [ "R", 39 ], [ "R", 40 ], [ "R", 37 ], [ "R", 42 ], [ "R", 43 ], [ "R", 46 ], [ "R", 48 ], [ "R", 49 ], [ "R", 50 ], [ "R", 51 ], [ "R", 52 ], [ "R", 53 ] ]
    } ]
  },
  "DistritoController.remover" : {
    "t" : [ {
      "id" : 0,
      "a" : [ [ "W", 11 ] ]
    } ]
  },
  "MateriaPrimaMaterialController.carregar" : {
    "t" : [ {
      "id" : 0,
      "a" : [ [ "R", 28 ] ]
    } ]
  },
  "TransportadoraController.remover" : {
    "t" : [ {
      "id" : 0,
      "a" : [ [ "W", 49 ] ]
    } ]
  },
  "AssociadoPJMovimentacaoController.todasMovimentacaoes" : {
    "t" : [ {
      "id" : 0,
      "a" : [ [ "R", 7 ] ]
    } ]
  },
  "AssociadoPFMovimentacaoController.todasMovimentacaoes" : {
    "t" : [ {
      "id" : 0,
      "a" : [ [ "R", 5 ] ]
    } ]
  },
  "PedidoController.mudarStatusParaProducao" : {
    "t" : [ {
      "id" : 0,
      "a" : [ [ "R", 34 ], [ "W", 34 ], [ "W", 34 ] ]
    } ]
  },
  "PessoaController.todas" : {
    "t" : [ {
      "id" : 0,
      "a" : [ [ "R", 37 ] ]
    } ]
  },
  "InstrutorController.BuscaInstrutorPorCPF" : {
    "t" : [ {
      "id" : 0,
      "a" : [ [ "R", 22 ] ]
    } ]
  },
  "EventoController.carregar" : {
    "t" : [ {
      "id" : 0,
      "a" : [ [ "R", 16 ] ]
    } ]
  },
  "PaisController.remover" : {
    "t" : [ {
      "id" : 0,
      "a" : [ [ "W", 33 ] ]
    } ]
  },
  "FuncaoController.listar" : {
    "t" : [ {
      "id" : 0,
      "a" : [ [ "R", 2 ], [ "R", 3 ], [ "R", 5 ], [ "R", 4 ], [ "R", 7 ], [ "R", 6 ], [ "R", 8 ], [ "R", 9 ], [ "R", 10 ], [ "R", 11 ], [ "R", 12 ], [ "R", 15 ], [ "R", 16 ], [ "R", 17 ], [ "R", 18 ], [ "R", 19 ], [ "R", 20 ], [ "R", 21 ], [ "R", 22 ], [ "R", 25 ], [ "R", 26 ], [ "R", 28 ], [ "R", 27 ], [ "R", 29 ], [ "R", 32 ], [ "R", 33 ], [ "R", 34 ], [ "R", 39 ], [ "R", 40 ], [ "R", 37 ], [ "R", 42 ], [ "R", 43 ], [ "R", 45 ], [ "R", 46 ], [ "R", 47 ], [ "R", 48 ], [ "R", 49 ], [ "R", 50 ], [ "R", 51 ], [ "R", 52 ], [ "R", 53 ], [ "R", 54 ], [ "R", 2 ], [ "R", 3 ], [ "R", 5 ], [ "R", 4 ], [ "R", 7 ], [ "R", 6 ], [ "R", 8 ], [ "R", 9 ], [ "R", 10 ], [ "R", 11 ], [ "R", 12 ], [ "R", 15 ], [ "R", 16 ], [ "R", 17 ], [ "R", 18 ], [ "R", 19 ], [ "R", 20 ], [ "R", 21 ], [ "R", 22 ], [ "R", 25 ], [ "R", 26 ], [ "R", 28 ], [ "R", 27 ], [ "R", 29 ], [ "R", 32 ], [ "R", 33 ], [ "R", 34 ], [ "R", 39 ], [ "R", 40 ], [ "R", 37 ], [ "R", 42 ], [ "R", 43 ], [ "R", 45 ], [ "R", 46 ], [ "R", 47 ], [ "R", 48 ], [ "R", 49 ], [ "R", 50 ], [ "R", 51 ], [ "R", 52 ], [ "R", 53 ], [ "R", 54 ] ]
    } ]
  },
  "PaisController.todos" : {
    "t" : [ {
      "id" : 0,
      "a" : [ [ "R", 33 ] ]
    } ]
  },
  "CidadeController.carregar" : {
    "t" : [ {
      "id" : 0,
      "a" : [ [ "R", 9 ] ]
    } ]
  },
  "ArquivoController.todas" : {
    "t" : [ {
      "id" : 0,
      "a" : [ [ "R", 3 ] ]
    } ]
  },
  "AssociadoPJMovimentacaoController.salvar" : {
    "t" : [ {
      "id" : 0,
      "a" : [ [ "W", 7 ] ]
    } ]
  },
  "UsuarioController.todos" : {
    "t" : [ {
      "id" : 0,
      "a" : [ [ "R", 53 ] ]
    } ]
  },
  "DisciplinaController.procurarPorNome" : {
    "t" : [ {
      "id" : 0,
      "a" : [ [ "R", 2 ], [ "R", 8 ], [ "R", 9 ], [ "R", 10 ], [ "R", 11 ], [ "R", 12 ], [ "R", 15 ], [ "R", 16 ], [ "R", 18 ], [ "R", 19 ], [ "R", 22 ], [ "R", 25 ], [ "R", 26 ], [ "R", 27 ], [ "R", 32 ], [ "R", 33 ], [ "R", 39 ], [ "R", 40 ], [ "R", 37 ], [ "R", 42 ], [ "R", 43 ], [ "R", 46 ], [ "R", 48 ], [ "R", 49 ], [ "R", 50 ], [ "R", 51 ], [ "R", 52 ], [ "R", 53 ], [ "R", 2 ], [ "R", 8 ], [ "R", 9 ], [ "R", 10 ], [ "R", 11 ], [ "R", 12 ], [ "R", 15 ], [ "R", 16 ], [ "R", 18 ], [ "R", 19 ], [ "R", 22 ], [ "R", 25 ], [ "R", 26 ], [ "R", 27 ], [ "R", 32 ], [ "R", 33 ], [ "R", 39 ], [ "R", 40 ], [ "R", 37 ], [ "R", 42 ], [ "R", 43 ], [ "R", 46 ], [ "R", 48 ], [ "R", 49 ], [ "R", 50 ], [ "R", 51 ], [ "R", 52 ], [ "R", 53 ] ]
    } ]
  },
  "PaisController.listar" : {
    "t" : [ {
      "id" : 0,
      "a" : [ [ "R", 2 ], [ "R", 3 ], [ "R", 5 ], [ "R", 4 ], [ "R", 7 ], [ "R", 6 ], [ "R", 8 ], [ "R", 9 ], [ "R", 10 ], [ "R", 11 ], [ "R", 12 ], [ "R", 15 ], [ "R", 16 ], [ "R", 17 ], [ "R", 18 ], [ "R", 19 ], [ "R", 20 ], [ "R", 21 ], [ "R", 22 ], [ "R", 25 ], [ "R", 26 ], [ "R", 28 ], [ "R", 27 ], [ "R", 29 ], [ "R", 32 ], [ "R", 33 ], [ "R", 34 ], [ "R", 39 ], [ "R", 40 ], [ "R", 37 ], [ "R", 42 ], [ "R", 43 ], [ "R", 45 ], [ "R", 46 ], [ "R", 47 ], [ "R", 48 ], [ "R", 49 ], [ "R", 50 ], [ "R", 51 ], [ "R", 52 ], [ "R", 53 ], [ "R", 54 ], [ "R", 2 ], [ "R", 3 ], [ "R", 5 ], [ "R", 4 ], [ "R", 7 ], [ "R", 6 ], [ "R", 8 ], [ "R", 9 ], [ "R", 10 ], [ "R", 11 ], [ "R", 12 ], [ "R", 15 ], [ "R", 16 ], [ "R", 17 ], [ "R", 18 ], [ "R", 19 ], [ "R", 20 ], [ "R", 21 ], [ "R", 22 ], [ "R", 25 ], [ "R", 26 ], [ "R", 28 ], [ "R", 27 ], [ "R", 29 ], [ "R", 32 ], [ "R", 33 ], [ "R", 34 ], [ "R", 39 ], [ "R", 40 ], [ "R", 37 ], [ "R", 42 ], [ "R", 43 ], [ "R", 45 ], [ "R", 46 ], [ "R", 47 ], [ "R", 48 ], [ "R", 49 ], [ "R", 50 ], [ "R", 51 ], [ "R", 52 ], [ "R", 53 ], [ "R", 54 ] ]
    } ]
  },
  "AssociadoPFMovimentacaoController.associadoPFMovimentacao" : {
    "t" : [ {
      "id" : 0,
      "a" : [ [ "R", 4 ], [ "R", 5 ] ]
    } ]
  },
  "TipoTelefoneController.remover" : {
    "t" : [ {
      "id" : 0,
      "a" : [ [ "W", 48 ] ]
    } ]
  },
  "BairroController.carregar" : {
    "t" : [ {
      "id" : 0,
      "a" : [ [ "R", 8 ] ]
    } ]
  },
  "PerfilAcessoController.listar" : {
    "t" : [ {
      "id" : 0,
      "a" : [ [ "R", 36 ] ]
    } ]
  },
  "MateriaPrimaMaterialController.listar" : {
    "t" : [ {
      "id" : 0,
      "a" : [ [ "R", 2 ], [ "R", 3 ], [ "R", 5 ], [ "R", 4 ], [ "R", 7 ], [ "R", 6 ], [ "R", 8 ], [ "R", 9 ], [ "R", 10 ], [ "R", 11 ], [ "R", 12 ], [ "R", 15 ], [ "R", 16 ], [ "R", 17 ], [ "R", 18 ], [ "R", 19 ], [ "R", 20 ], [ "R", 21 ], [ "R", 22 ], [ "R", 25 ], [ "R", 26 ], [ "R", 28 ], [ "R", 27 ], [ "R", 29 ], [ "R", 32 ], [ "R", 33 ], [ "R", 34 ], [ "R", 39 ], [ "R", 40 ], [ "R", 37 ], [ "R", 42 ], [ "R", 43 ], [ "R", 45 ], [ "R", 46 ], [ "R", 47 ], [ "R", 48 ], [ "R", 49 ], [ "R", 50 ], [ "R", 51 ], [ "R", 52 ], [ "R", 53 ], [ "R", 54 ], [ "R", 2 ], [ "R", 3 ], [ "R", 5 ], [ "R", 4 ], [ "R", 7 ], [ "R", 6 ], [ "R", 8 ], [ "R", 9 ], [ "R", 10 ], [ "R", 11 ], [ "R", 12 ], [ "R", 15 ], [ "R", 16 ], [ "R", 17 ], [ "R", 18 ], [ "R", 19 ], [ "R", 20 ], [ "R", 21 ], [ "R", 22 ], [ "R", 25 ], [ "R", 26 ], [ "R", 28 ], [ "R", 27 ], [ "R", 29 ], [ "R", 32 ], [ "R", 33 ], [ "R", 34 ], [ "R", 39 ], [ "R", 40 ], [ "R", 37 ], [ "R", 42 ], [ "R", 43 ], [ "R", 45 ], [ "R", 46 ], [ "R", 47 ], [ "R", 48 ], [ "R", 49 ], [ "R", 50 ], [ "R", 51 ], [ "R", 52 ], [ "R", 53 ], [ "R", 54 ] ]
    } ]
  },
  "UsuarioController.carregar" : {
    "t" : [ {
      "id" : 0,
      "a" : [ [ "R", 53 ] ]
    } ]
  },
  "PessoaFisicaController.salvar" : {
    "t" : [ {
      "id" : 0,
      "a" : [ [ "W", 39 ] ]
    } ]
  },
  "EscolaController.BuscaEscolaPorCNPJ" : {
    "t" : [ {
      "id" : 0,
      "a" : [ [ "R", 15 ] ]
    } ]
  },
  "AlunoController.carregarCPF" : {
    "t" : [ {
      "id" : 0,
      "a" : [ [ "R", 2 ] ]
    } ]
  },
  "MateriaPrimaController.carregar" : {
    "t" : [ {
      "id" : 0,
      "a" : [ [ "R", 27 ] ]
    } ]
  },
  "AssociadoPFController.listaRelatorio" : {
    "t" : [ {
      "id" : 0,
      "a" : [ [ "R", 4 ] ]
    } ]
  },
  "SolicitanteController.procurarPorNome" : {
    "t" : [ {
      "id" : 0,
      "a" : [ [ "R", 2 ], [ "R", 8 ], [ "R", 9 ], [ "R", 10 ], [ "R", 11 ], [ "R", 12 ], [ "R", 15 ], [ "R", 16 ], [ "R", 18 ], [ "R", 19 ], [ "R", 22 ], [ "R", 25 ], [ "R", 26 ], [ "R", 27 ], [ "R", 32 ], [ "R", 33 ], [ "R", 39 ], [ "R", 40 ], [ "R", 37 ], [ "R", 42 ], [ "R", 43 ], [ "R", 46 ], [ "R", 48 ], [ "R", 49 ], [ "R", 50 ], [ "R", 51 ], [ "R", 52 ], [ "R", 53 ], [ "R", 2 ], [ "R", 8 ], [ "R", 9 ], [ "R", 10 ], [ "R", 11 ], [ "R", 12 ], [ "R", 15 ], [ "R", 16 ], [ "R", 18 ], [ "R", 19 ], [ "R", 22 ], [ "R", 25 ], [ "R", 26 ], [ "R", 27 ], [ "R", 32 ], [ "R", 33 ], [ "R", 39 ], [ "R", 40 ], [ "R", 37 ], [ "R", 42 ], [ "R", 43 ], [ "R", 46 ], [ "R", 48 ], [ "R", 49 ], [ "R", 50 ], [ "R", 51 ], [ "R", 52 ], [ "R", 53 ] ]
    } ]
  },
  "AssociadoPFMovimentacaoController.listar" : {
    "t" : [ {
      "id" : 0,
      "a" : [ [ "R", 2 ], [ "R", 3 ], [ "R", 5 ], [ "R", 4 ], [ "R", 7 ], [ "R", 6 ], [ "R", 8 ], [ "R", 9 ], [ "R", 10 ], [ "R", 11 ], [ "R", 12 ], [ "R", 15 ], [ "R", 16 ], [ "R", 17 ], [ "R", 18 ], [ "R", 19 ], [ "R", 20 ], [ "R", 21 ], [ "R", 22 ], [ "R", 25 ], [ "R", 26 ], [ "R", 28 ], [ "R", 27 ], [ "R", 29 ], [ "R", 32 ], [ "R", 33 ], [ "R", 34 ], [ "R", 39 ], [ "R", 40 ], [ "R", 37 ], [ "R", 42 ], [ "R", 43 ], [ "R", 45 ], [ "R", 46 ], [ "R", 47 ], [ "R", 48 ], [ "R", 49 ], [ "R", 50 ], [ "R", 51 ], [ "R", 52 ], [ "R", 53 ], [ "R", 54 ], [ "R", 2 ], [ "R", 3 ], [ "R", 5 ], [ "R", 4 ], [ "R", 7 ], [ "R", 6 ], [ "R", 8 ], [ "R", 9 ], [ "R", 10 ], [ "R", 11 ], [ "R", 12 ], [ "R", 15 ], [ "R", 16 ], [ "R", 17 ], [ "R", 18 ], [ "R", 19 ], [ "R", 20 ], [ "R", 21 ], [ "R", 22 ], [ "R", 25 ], [ "R", 26 ], [ "R", 28 ], [ "R", 27 ], [ "R", 29 ], [ "R", 32 ], [ "R", 33 ], [ "R", 34 ], [ "R", 39 ], [ "R", 40 ], [ "R", 37 ], [ "R", 42 ], [ "R", 43 ], [ "R", 45 ], [ "R", 46 ], [ "R", 47 ], [ "R", 48 ], [ "R", 49 ], [ "R", 50 ], [ "R", 51 ], [ "R", 52 ], [ "R", 53 ], [ "R", 54 ] ]
    } ]
  },
  "InscricaoController.remover" : {
    "t" : [ {
      "id" : 0,
      "a" : [ [ "R", 21 ], [ "R", 21 ], [ "R", 16 ], [ "R", 16 ], [ "R", 1 ], [ "R", 41 ], [ "W", 41 ], [ "W", 21 ] ]
    } ]
  },
  "EditoraController.salvar" : {
    "t" : [ {
      "id" : 0,
      "a" : [ [ "W", 12 ] ]
    } ]
  },
  "FuncaoController.localiza" : {
    "t" : [ {
      "id" : 0,
      "a" : [ [ "R", 18 ] ]
    } ]
  },
  "AlunoController.remover" : {
    "t" : [ {
      "id" : 0,
      "a" : [ [ "W", 2 ] ]
    } ]
  },
  "InscricaoController.participantes" : {
    "t" : [ {
      "id" : 0,
      "a" : [ [ "R", 16 ], [ "R", 21 ] ]
    } ]
  },
  "SiteController.salvar" : {
    "t" : [ {
      "id" : 0,
      "a" : [ [ "W", 39 ] ]
    } ]
  },
  "PessoaJuridicaController.carregar" : {
    "t" : [ {
      "id" : 0,
      "a" : [ [ "R", 40 ] ]
    } ]
  },
  "ItemPerfilAcessoController.listar" : {
    "t" : [ {
      "id" : 0,
      "a" : [ [ "R", 36 ] ]
    } ]
  },
  "InscricaoController.carregar" : {
    "t" : [ {
      "id" : 0,
      "a" : [ [ "R", 21 ] ]
    } ]
  },
  "TipoLogradouroController.carregar" : {
    "t" : [ {
      "id" : 0,
      "a" : [ [ "R", 46 ] ]
    } ]
  },
  "EscolaController.carregar" : {
    "t" : [ {
      "id" : 0,
      "a" : [ [ "R", 15 ] ]
    } ]
  },
  "AssociadoPFController.localiza" : {
    "t" : [ {
      "id" : 0,
      "a" : [ [ "R", 4 ] ]
    } ]
  },
  "FuncaoController.remover" : {
    "t" : [ {
      "id" : 0,
      "a" : [ [ "W", 18 ] ]
    } ]
  },
  "DisciplinaController.carregar" : {
    "t" : [ {
      "id" : 0,
      "a" : [ [ "R", 10 ] ]
    } ]
  },
  "SiteController.procurarBairroPorIdCidade" : {
    "t" : [ {
      "id" : 0,
      "a" : [ [ "R", 8 ] ]
    } ]
  },
  "PedidoMaterialController.salvarid" : {
    "t" : [ {
      "id" : 0,
      "a" : [ [ "R", 35 ], [ "W", 35 ], [ "W", 35 ] ]
    } ]
  },
  "UnidadeFederativaController.remover" : {
    "t" : [ {
      "id" : 0,
      "a" : [ [ "W", 50 ] ]
    } ]
  },
  "PaisController.salvar" : {
    "t" : [ {
      "id" : 0,
      "a" : [ [ "R", 33 ], [ "R", 33 ], [ "R", 33 ], [ "R", 33 ], [ "W", 33 ], [ "R", 33 ], [ "R", 33 ], [ "W", 33 ] ]
    } ]
  },
  "TelefoneController.remover" : {
    "t" : [ {
      "id" : 0,
      "a" : [ [ "W", 45 ] ]
    } ]
  },
  "InstrutorController.remover" : {
    "t" : [ {
      "id" : 0,
      "a" : [ [ "W", 22 ] ]
    } ]
  },
  "SiteController.procurarLogradouroPorIdBairro" : {
    "t" : [ {
      "id" : 0,
      "a" : [ [ "R", 26 ] ]
    } ]
  },
  "PessoaJuridicaController.carregarCNPJ" : {
    "t" : [ {
      "id" : 0,
      "a" : [ [ "R", 40 ] ]
    } ]
  },
  "FuncaoController.todos" : {
    "t" : [ {
      "id" : 0,
      "a" : [ [ "R", 18 ] ]
    } ]
  },
  "LogradouroController.remover" : {
    "t" : [ {
      "id" : 0,
      "a" : [ [ "W", 26 ] ]
    } ]
  },
  "MateriaPrimaController.remover" : {
    "t" : [ {
      "id" : 0,
      "a" : [ [ "W", 27 ] ]
    } ]
  },
  "AlunoController.procurarPorNome" : {
    "t" : [ {
      "id" : 0,
      "a" : [ [ "R", 2 ], [ "R", 8 ], [ "R", 9 ], [ "R", 10 ], [ "R", 11 ], [ "R", 12 ], [ "R", 15 ], [ "R", 16 ], [ "R", 18 ], [ "R", 19 ], [ "R", 22 ], [ "R", 25 ], [ "R", 26 ], [ "R", 27 ], [ "R", 32 ], [ "R", 33 ], [ "R", 39 ], [ "R", 40 ], [ "R", 37 ], [ "R", 42 ], [ "R", 43 ], [ "R", 46 ], [ "R", 48 ], [ "R", 49 ], [ "R", 50 ], [ "R", 51 ], [ "R", 52 ], [ "R", 53 ], [ "R", 2 ], [ "R", 8 ], [ "R", 9 ], [ "R", 10 ], [ "R", 11 ], [ "R", 12 ], [ "R", 15 ], [ "R", 16 ], [ "R", 18 ], [ "R", 19 ], [ "R", 22 ], [ "R", 25 ], [ "R", 26 ], [ "R", 27 ], [ "R", 32 ], [ "R", 33 ], [ "R", 39 ], [ "R", 40 ], [ "R", 37 ], [ "R", 42 ], [ "R", 43 ], [ "R", 46 ], [ "R", 48 ], [ "R", 49 ], [ "R", 50 ], [ "R", 51 ], [ "R", 52 ], [ "R", 53 ] ]
    } ]
  },
  "BairroController.procurarPorNome" : {
    "t" : [ {
      "id" : 0,
      "a" : [ [ "R", 2 ], [ "R", 8 ], [ "R", 9 ], [ "R", 10 ], [ "R", 11 ], [ "R", 12 ], [ "R", 15 ], [ "R", 16 ], [ "R", 18 ], [ "R", 19 ], [ "R", 22 ], [ "R", 25 ], [ "R", 26 ], [ "R", 27 ], [ "R", 32 ], [ "R", 33 ], [ "R", 39 ], [ "R", 40 ], [ "R", 37 ], [ "R", 42 ], [ "R", 43 ], [ "R", 46 ], [ "R", 48 ], [ "R", 49 ], [ "R", 50 ], [ "R", 51 ], [ "R", 52 ], [ "R", 53 ], [ "R", 2 ], [ "R", 8 ], [ "R", 9 ], [ "R", 10 ], [ "R", 11 ], [ "R", 12 ], [ "R", 15 ], [ "R", 16 ], [ "R", 18 ], [ "R", 19 ], [ "R", 22 ], [ "R", 25 ], [ "R", 26 ], [ "R", 27 ], [ "R", 32 ], [ "R", 33 ], [ "R", 39 ], [ "R", 40 ], [ "R", 37 ], [ "R", 42 ], [ "R", 43 ], [ "R", 46 ], [ "R", 48 ], [ "R", 49 ], [ "R", 50 ], [ "R", 51 ], [ "R", 52 ], [ "R", 53 ] ]
    } ]
  },
  "FuncionarioController.remover" : {
    "t" : [ {
      "id" : 0,
      "a" : [ [ "W", 19 ] ]
    } ]
  },
  "PerfilAcessoController.carregar" : {
    "t" : [ {
      "id" : 0,
      "a" : [ [ "R", 36 ] ]
    } ]
  },
  "PaisController.localiza" : {
    "t" : [ {
      "id" : 0,
      "a" : [ [ "R", 33 ] ]
    } ]
  },
  "DisciplinaController.todos" : {
    "t" : [ {
      "id" : 0,
      "a" : [ [ "R", 10 ] ]
    } ]
  },
  "FuncionarioController.procurarPorNome" : {
    "t" : [ {
      "id" : 0,
      "a" : [ [ "R", 2 ], [ "R", 8 ], [ "R", 9 ], [ "R", 10 ], [ "R", 11 ], [ "R", 12 ], [ "R", 15 ], [ "R", 16 ], [ "R", 18 ], [ "R", 19 ], [ "R", 22 ], [ "R", 25 ], [ "R", 26 ], [ "R", 27 ], [ "R", 32 ], [ "R", 33 ], [ "R", 39 ], [ "R", 40 ], [ "R", 37 ], [ "R", 42 ], [ "R", 43 ], [ "R", 46 ], [ "R", 48 ], [ "R", 49 ], [ "R", 50 ], [ "R", 51 ], [ "R", 52 ], [ "R", 53 ], [ "R", 2 ], [ "R", 8 ], [ "R", 9 ], [ "R", 10 ], [ "R", 11 ], [ "R", 12 ], [ "R", 15 ], [ "R", 16 ], [ "R", 18 ], [ "R", 19 ], [ "R", 22 ], [ "R", 25 ], [ "R", 26 ], [ "R", 27 ], [ "R", 32 ], [ "R", 33 ], [ "R", 39 ], [ "R", 40 ], [ "R", 37 ], [ "R", 42 ], [ "R", 43 ], [ "R", 46 ], [ "R", 48 ], [ "R", 49 ], [ "R", 50 ], [ "R", 51 ], [ "R", 52 ], [ "R", 53 ] ]
    } ]
  },
  "TipoTelefoneController.salvar" : {
    "t" : [ {
      "id" : 0,
      "a" : [ [ "W", 48 ] ]
    } ]
  },
  "PerfilAcessoController.salvar" : {
    "t" : [ {
      "id" : 0,
      "a" : [ [ "W", 36 ] ]
    } ]
  },
  "PessoaController.remover" : {
    "t" : [ {
      "id" : 0,
      "a" : [ [ "W", 37 ] ]
    } ]
  },
  "PessoaFisicaController.localiza" : {
    "t" : [ {
      "id" : 0,
      "a" : [ [ "R", 39 ] ]
    } ]
  },
  "UnidadeFederativaController.procurarPorNome" : {
    "t" : [ {
      "id" : 0,
      "a" : [ [ "R", 2 ], [ "R", 8 ], [ "R", 9 ], [ "R", 10 ], [ "R", 11 ], [ "R", 12 ], [ "R", 15 ], [ "R", 16 ], [ "R", 18 ], [ "R", 19 ], [ "R", 22 ], [ "R", 25 ], [ "R", 26 ], [ "R", 27 ], [ "R", 32 ], [ "R", 33 ], [ "R", 39 ], [ "R", 40 ], [ "R", 37 ], [ "R", 42 ], [ "R", 43 ], [ "R", 46 ], [ "R", 48 ], [ "R", 49 ], [ "R", 50 ], [ "R", 51 ], [ "R", 52 ], [ "R", 53 ], [ "R", 2 ], [ "R", 8 ], [ "R", 9 ], [ "R", 10 ], [ "R", 11 ], [ "R", 12 ], [ "R", 15 ], [ "R", 16 ], [ "R", 18 ], [ "R", 19 ], [ "R", 22 ], [ "R", 25 ], [ "R", 26 ], [ "R", 27 ], [ "R", 32 ], [ "R", 33 ], [ "R", 39 ], [ "R", 40 ], [ "R", 37 ], [ "R", 42 ], [ "R", 43 ], [ "R", 46 ], [ "R", 48 ], [ "R", 49 ], [ "R", 50 ], [ "R", 51 ], [ "R", 52 ], [ "R", 53 ] ]
    } ]
  },
  "OutrosController.carregar" : {
    "t" : [ {
      "id" : 0,
      "a" : [ [ "R", 32 ] ]
    } ]
  },
  "TipoTelefoneController.carregar" : {
    "t" : [ {
      "id" : 0,
      "a" : [ [ "R", 48 ] ]
    } ]
  },
  "EditoraController.listar" : {
    "t" : [ {
      "id" : 0,
      "a" : [ [ "R", 2 ], [ "R", 3 ], [ "R", 5 ], [ "R", 4 ], [ "R", 7 ], [ "R", 6 ], [ "R", 8 ], [ "R", 9 ], [ "R", 10 ], [ "R", 11 ], [ "R", 12 ], [ "R", 15 ], [ "R", 16 ], [ "R", 17 ], [ "R", 18 ], [ "R", 19 ], [ "R", 20 ], [ "R", 21 ], [ "R", 22 ], [ "R", 25 ], [ "R", 26 ], [ "R", 28 ], [ "R", 27 ], [ "R", 29 ], [ "R", 32 ], [ "R", 33 ], [ "R", 34 ], [ "R", 39 ], [ "R", 40 ], [ "R", 37 ], [ "R", 42 ], [ "R", 43 ], [ "R", 45 ], [ "R", 46 ], [ "R", 47 ], [ "R", 48 ], [ "R", 49 ], [ "R", 50 ], [ "R", 51 ], [ "R", 52 ], [ "R", 53 ], [ "R", 54 ], [ "R", 2 ], [ "R", 3 ], [ "R", 5 ], [ "R", 4 ], [ "R", 7 ], [ "R", 6 ], [ "R", 8 ], [ "R", 9 ], [ "R", 10 ], [ "R", 11 ], [ "R", 12 ], [ "R", 15 ], [ "R", 16 ], [ "R", 17 ], [ "R", 18 ], [ "R", 19 ], [ "R", 20 ], [ "R", 21 ], [ "R", 22 ], [ "R", 25 ], [ "R", 26 ], [ "R", 28 ], [ "R", 27 ], [ "R", 29 ], [ "R", 32 ], [ "R", 33 ], [ "R", 34 ], [ "R", 39 ], [ "R", 40 ], [ "R", 37 ], [ "R", 42 ], [ "R", 43 ], [ "R", 45 ], [ "R", 46 ], [ "R", 47 ], [ "R", 48 ], [ "R", 49 ], [ "R", 50 ], [ "R", 51 ], [ "R", 52 ], [ "R", 53 ], [ "R", 54 ] ]
    } ]
  },
  "MateriaPrimaController.listaRelatorio" : {
    "t" : [ {
      "id" : 0,
      "a" : [ [ "R", 27 ] ]
    } ]
  },
  "CidadeController.localiza" : {
    "t" : [ {
      "id" : 0,
      "a" : [ [ "R", 9 ] ]
    } ]
  },
  "UnidadeMedidaController.todos" : {
    "t" : [ {
      "id" : 0,
      "a" : [ [ "R", 51 ] ]
    } ]
  },
  "UnidadeFederativaController.carregar" : {
    "t" : [ {
      "id" : 0,
      "a" : [ [ "R", 50 ] ]
    } ]
  },
  "SiteController.salvarInscrito" : {
    "t" : [ {
      "id" : 0,
      "a" : [ [ "W", 44 ], [ "R", 37 ], [ "W", 21 ], [ "W", 37 ], [ "R", 16 ], [ "W", 21 ], [ "W", 16 ], [ "W", 21 ], [ "W", 21 ], [ "R", 21 ], [ "R", 16 ], [ "R", 16 ], [ "R", 1 ], [ "R", 41 ], [ "W", 44 ], [ "W", 41 ], [ "W", 1 ], [ "W", 41 ], [ "W", 21 ], [ "W", 41 ], [ "W", 41 ], [ "W", 41 ], [ "W", 41 ] ]
    } ]
  },
  "DisciplinaController.remover" : {
    "t" : [ {
      "id" : 0,
      "a" : [ [ "W", 10 ] ]
    } ]
  },
  "TipoMaterialController.listar" : {
    "t" : [ {
      "id" : 0,
      "a" : [ [ "R", 2 ], [ "R", 3 ], [ "R", 5 ], [ "R", 4 ], [ "R", 7 ], [ "R", 6 ], [ "R", 8 ], [ "R", 9 ], [ "R", 10 ], [ "R", 11 ], [ "R", 12 ], [ "R", 15 ], [ "R", 16 ], [ "R", 17 ], [ "R", 18 ], [ "R", 19 ], [ "R", 20 ], [ "R", 21 ], [ "R", 22 ], [ "R", 25 ], [ "R", 26 ], [ "R", 28 ], [ "R", 27 ], [ "R", 29 ], [ "R", 32 ], [ "R", 33 ], [ "R", 34 ], [ "R", 39 ], [ "R", 40 ], [ "R", 37 ], [ "R", 42 ], [ "R", 43 ], [ "R", 45 ], [ "R", 46 ], [ "R", 47 ], [ "R", 48 ], [ "R", 49 ], [ "R", 50 ], [ "R", 51 ], [ "R", 52 ], [ "R", 53 ], [ "R", 54 ], [ "R", 2 ], [ "R", 3 ], [ "R", 5 ], [ "R", 4 ], [ "R", 7 ], [ "R", 6 ], [ "R", 8 ], [ "R", 9 ], [ "R", 10 ], [ "R", 11 ], [ "R", 12 ], [ "R", 15 ], [ "R", 16 ], [ "R", 17 ], [ "R", 18 ], [ "R", 19 ], [ "R", 20 ], [ "R", 21 ], [ "R", 22 ], [ "R", 25 ], [ "R", 26 ], [ "R", 28 ], [ "R", 27 ], [ "R", 29 ], [ "R", 32 ], [ "R", 33 ], [ "R", 34 ], [ "R", 39 ], [ "R", 40 ], [ "R", 37 ], [ "R", 42 ], [ "R", 43 ], [ "R", 45 ], [ "R", 46 ], [ "R", 47 ], [ "R", 48 ], [ "R", 49 ], [ "R", 50 ], [ "R", 51 ], [ "R", 52 ], [ "R", 53 ], [ "R", 54 ] ]
    } ]
  },
  "NotaController.salvar" : {
    "t" : [ {
      "id" : 0,
      "a" : [ [ "W", 30 ] ]
    } ]
  },
  "EscolaController.remover" : {
    "t" : [ {
      "id" : 0,
      "a" : [ [ "W", 15 ] ]
    } ]
  },
  "ArquivoController.localiza" : {
    "t" : [ {
      "id" : 0,
      "a" : [ [ "R", 3 ] ]
    } ]
  },
  "PedidoController.cancelar" : {
    "t" : [ {
      "id" : 0,
      "a" : [ [ "R", 34 ], [ "R", 34 ], [ "W", 34 ], [ "W", 34 ] ]
    } ]
  },
  "OutrosController.todos" : {
    "t" : [ {
      "id" : 0,
      "a" : [ [ "R", 32 ] ]
    } ]
  },
  "SolicitanteController.todos" : {
    "t" : [ {
      "id" : 0,
      "a" : [ [ "R", 43 ] ]
    } ]
  },
  "ItemPerfilAcessoController.carregar" : {
    "t" : [ {
      "id" : 0,
      "a" : [ [ "R", 36 ] ]
    } ]
  },
  "FuncionarioController.todas" : {
    "t" : [ {
      "id" : 0,
      "a" : [ [ "R", 19 ] ]
    } ]
  },
  "TransportadoraController.BuscaTransportadoraPorCNPJ" : {
    "t" : [ {
      "id" : 0,
      "a" : [ [ "R", 49 ] ]
    } ]
  },
  "AlunoController.consultaNomeCpf" : {
    "t" : [ {
      "id" : 0,
      "a" : [ [ "R", 2 ] ]
    } ]
  },
  "PedidoController.remover" : {
    "t" : [ {
      "id" : 0,
      "a" : [ [ "W", 34 ] ]
    } ]
  },
  "MateriaPrimaController.todos" : {
    "t" : [ {
      "id" : 0,
      "a" : [ [ "R", 27 ] ]
    } ]
  },
  "OficioController.salvar" : {
    "t" : [ {
      "id" : 0,
      "a" : [ [ "W", 31 ], [ "R", 31 ], [ "R", 34 ], [ "W", 34 ], [ "W", 34 ] ]
    } ]
  },
  "LogradouroController.carregar" : {
    "t" : [ {
      "id" : 0,
      "a" : [ [ "R", 26 ] ]
    } ]
  },
  "DistritoController.procurarPorNome" : {
    "t" : [ {
      "id" : 0,
      "a" : [ [ "R", 2 ], [ "R", 8 ], [ "R", 9 ], [ "R", 10 ], [ "R", 11 ], [ "R", 12 ], [ "R", 15 ], [ "R", 16 ], [ "R", 18 ], [ "R", 19 ], [ "R", 22 ], [ "R", 25 ], [ "R", 26 ], [ "R", 27 ], [ "R", 32 ], [ "R", 33 ], [ "R", 39 ], [ "R", 40 ], [ "R", 37 ], [ "R", 42 ], [ "R", 43 ], [ "R", 46 ], [ "R", 48 ], [ "R", 49 ], [ "R", 50 ], [ "R", 51 ], [ "R", 52 ], [ "R", 53 ], [ "R", 2 ], [ "R", 8 ], [ "R", 9 ], [ "R", 10 ], [ "R", 11 ], [ "R", 12 ], [ "R", 15 ], [ "R", 16 ], [ "R", 18 ], [ "R", 19 ], [ "R", 22 ], [ "R", 25 ], [ "R", 26 ], [ "R", 27 ], [ "R", 32 ], [ "R", 33 ], [ "R", 39 ], [ "R", 40 ], [ "R", 37 ], [ "R", 42 ], [ "R", 43 ], [ "R", 46 ], [ "R", 48 ], [ "R", 49 ], [ "R", 50 ], [ "R", 51 ], [ "R", 52 ], [ "R", 53 ] ]
    } ]
  },
  "InstrutorController.localiza" : {
    "t" : [ {
      "id" : 0,
      "a" : [ [ "R", 22 ] ]
    } ]
  },
  "AssociadoPJController.todas" : {
    "t" : [ {
      "id" : 0,
      "a" : [ [ "R", 6 ] ]
    } ]
  },
  "TipoMaterialController.remover" : {
    "t" : [ {
      "id" : 0,
      "a" : [ [ "W", 47 ] ]
    } ]
  },
  "UsuarioController.localiza" : {
    "t" : [ {
      "id" : 0,
      "a" : [ [ "R", 53 ] ]
    } ]
  },
  "SolicitanteController.listar" : {
    "t" : [ {
      "id" : 0,
      "a" : [ [ "R", 2 ], [ "R", 3 ], [ "R", 5 ], [ "R", 4 ], [ "R", 7 ], [ "R", 6 ], [ "R", 8 ], [ "R", 9 ], [ "R", 10 ], [ "R", 11 ], [ "R", 12 ], [ "R", 15 ], [ "R", 16 ], [ "R", 17 ], [ "R", 18 ], [ "R", 19 ], [ "R", 20 ], [ "R", 21 ], [ "R", 22 ], [ "R", 25 ], [ "R", 26 ], [ "R", 28 ], [ "R", 27 ], [ "R", 29 ], [ "R", 32 ], [ "R", 33 ], [ "R", 34 ], [ "R", 39 ], [ "R", 40 ], [ "R", 37 ], [ "R", 42 ], [ "R", 43 ], [ "R", 45 ], [ "R", 46 ], [ "R", 47 ], [ "R", 48 ], [ "R", 49 ], [ "R", 50 ], [ "R", 51 ], [ "R", 52 ], [ "R", 53 ], [ "R", 54 ], [ "R", 2 ], [ "R", 3 ], [ "R", 5 ], [ "R", 4 ], [ "R", 7 ], [ "R", 6 ], [ "R", 8 ], [ "R", 9 ], [ "R", 10 ], [ "R", 11 ], [ "R", 12 ], [ "R", 15 ], [ "R", 16 ], [ "R", 17 ], [ "R", 18 ], [ "R", 19 ], [ "R", 20 ], [ "R", 21 ], [ "R", 22 ], [ "R", 25 ], [ "R", 26 ], [ "R", 28 ], [ "R", 27 ], [ "R", 29 ], [ "R", 32 ], [ "R", 33 ], [ "R", 34 ], [ "R", 39 ], [ "R", 40 ], [ "R", 37 ], [ "R", 42 ], [ "R", 43 ], [ "R", 45 ], [ "R", 46 ], [ "R", 47 ], [ "R", 48 ], [ "R", 49 ], [ "R", 50 ], [ "R", 51 ], [ "R", 52 ], [ "R", 53 ], [ "R", 54 ] ]
    } ]
  },
  "EventoController.salvar" : {
    "t" : [ {
      "id" : 0,
      "a" : [ [ "W", 16 ], [ "R", 16 ], [ "R", 1 ], [ "R", 41 ], [ "R", 21 ], [ "W", 44 ], [ "W", 41 ], [ "W", 1 ], [ "W", 41 ], [ "W", 21 ], [ "W", 41 ], [ "W", 41 ], [ "W", 41 ], [ "W", 41 ] ]
    } ]
  },
  "DistritoController.listar" : {
    "t" : [ {
      "id" : 0,
      "a" : [ [ "R", 2 ], [ "R", 3 ], [ "R", 5 ], [ "R", 4 ], [ "R", 7 ], [ "R", 6 ], [ "R", 8 ], [ "R", 9 ], [ "R", 10 ], [ "R", 11 ], [ "R", 12 ], [ "R", 15 ], [ "R", 16 ], [ "R", 17 ], [ "R", 18 ], [ "R", 19 ], [ "R", 20 ], [ "R", 21 ], [ "R", 22 ], [ "R", 25 ], [ "R", 26 ], [ "R", 28 ], [ "R", 27 ], [ "R", 29 ], [ "R", 32 ], [ "R", 33 ], [ "R", 34 ], [ "R", 39 ], [ "R", 40 ], [ "R", 37 ], [ "R", 42 ], [ "R", 43 ], [ "R", 45 ], [ "R", 46 ], [ "R", 47 ], [ "R", 48 ], [ "R", 49 ], [ "R", 50 ], [ "R", 51 ], [ "R", 52 ], [ "R", 53 ], [ "R", 54 ], [ "R", 2 ], [ "R", 3 ], [ "R", 5 ], [ "R", 4 ], [ "R", 7 ], [ "R", 6 ], [ "R", 8 ], [ "R", 9 ], [ "R", 10 ], [ "R", 11 ], [ "R", 12 ], [ "R", 15 ], [ "R", 16 ], [ "R", 17 ], [ "R", 18 ], [ "R", 19 ], [ "R", 20 ], [ "R", 21 ], [ "R", 22 ], [ "R", 25 ], [ "R", 26 ], [ "R", 28 ], [ "R", 27 ], [ "R", 29 ], [ "R", 32 ], [ "R", 33 ], [ "R", 34 ], [ "R", 39 ], [ "R", 40 ], [ "R", 37 ], [ "R", 42 ], [ "R", 43 ], [ "R", 45 ], [ "R", 46 ], [ "R", 47 ], [ "R", 48 ], [ "R", 49 ], [ "R", 50 ], [ "R", 51 ], [ "R", 52 ], [ "R", 53 ], [ "R", 54 ] ]
    } ]
  },
  "InscricaoController.atualizarInscricoes" : {
    "t" : [ {
      "id" : 0,
      "a" : [ [ "R", 21 ], [ "W", 21 ], [ "W", 21 ] ]
    } ]
  },
  "TransportadoraController.localiza" : {
    "t" : [ {
      "id" : 0,
      "a" : [ [ "R", 49 ] ]
    } ]
  },
  "ProfessorController.localiza" : {
    "t" : [ {
      "id" : 0,
      "a" : [ [ "R", 42 ] ]
    } ]
  },
  "AssociadoPFController.listar" : {
    "t" : [ {
      "id" : 0,
      "a" : [ [ "R", 2 ], [ "R", 3 ], [ "R", 5 ], [ "R", 4 ], [ "R", 7 ], [ "R", 6 ], [ "R", 8 ], [ "R", 9 ], [ "R", 10 ], [ "R", 11 ], [ "R", 12 ], [ "R", 15 ], [ "R", 16 ], [ "R", 17 ], [ "R", 18 ], [ "R", 19 ], [ "R", 20 ], [ "R", 21 ], [ "R", 22 ], [ "R", 25 ], [ "R", 26 ], [ "R", 28 ], [ "R", 27 ], [ "R", 29 ], [ "R", 32 ], [ "R", 33 ], [ "R", 34 ], [ "R", 39 ], [ "R", 40 ], [ "R", 37 ], [ "R", 42 ], [ "R", 43 ], [ "R", 45 ], [ "R", 46 ], [ "R", 47 ], [ "R", 48 ], [ "R", 49 ], [ "R", 50 ], [ "R", 51 ], [ "R", 52 ], [ "R", 53 ], [ "R", 54 ], [ "R", 2 ], [ "R", 3 ], [ "R", 5 ], [ "R", 4 ], [ "R", 7 ], [ "R", 6 ], [ "R", 8 ], [ "R", 9 ], [ "R", 10 ], [ "R", 11 ], [ "R", 12 ], [ "R", 15 ], [ "R", 16 ], [ "R", 17 ], [ "R", 18 ], [ "R", 19 ], [ "R", 20 ], [ "R", 21 ], [ "R", 22 ], [ "R", 25 ], [ "R", 26 ], [ "R", 28 ], [ "R", 27 ], [ "R", 29 ], [ "R", 32 ], [ "R", 33 ], [ "R", 34 ], [ "R", 39 ], [ "R", 40 ], [ "R", 37 ], [ "R", 42 ], [ "R", 43 ], [ "R", 45 ], [ "R", 46 ], [ "R", 47 ], [ "R", 48 ], [ "R", 49 ], [ "R", 50 ], [ "R", 51 ], [ "R", 52 ], [ "R", 53 ], [ "R", 54 ] ]
    } ]
  },
  "PedidoController.listar" : {
    "t" : [ {
      "id" : 0,
      "a" : [ [ "R", 2 ], [ "R", 3 ], [ "R", 5 ], [ "R", 4 ], [ "R", 7 ], [ "R", 6 ], [ "R", 8 ], [ "R", 9 ], [ "R", 10 ], [ "R", 11 ], [ "R", 12 ], [ "R", 15 ], [ "R", 16 ], [ "R", 17 ], [ "R", 18 ], [ "R", 19 ], [ "R", 20 ], [ "R", 21 ], [ "R", 22 ], [ "R", 25 ], [ "R", 26 ], [ "R", 28 ], [ "R", 27 ], [ "R", 29 ], [ "R", 32 ], [ "R", 33 ], [ "R", 34 ], [ "R", 39 ], [ "R", 40 ], [ "R", 37 ], [ "R", 42 ], [ "R", 43 ], [ "R", 45 ], [ "R", 46 ], [ "R", 47 ], [ "R", 48 ], [ "R", 49 ], [ "R", 50 ], [ "R", 51 ], [ "R", 52 ], [ "R", 53 ], [ "R", 54 ], [ "R", 2 ], [ "R", 3 ], [ "R", 5 ], [ "R", 4 ], [ "R", 7 ], [ "R", 6 ], [ "R", 8 ], [ "R", 9 ], [ "R", 10 ], [ "R", 11 ], [ "R", 12 ], [ "R", 15 ], [ "R", 16 ], [ "R", 17 ], [ "R", 18 ], [ "R", 19 ], [ "R", 20 ], [ "R", 21 ], [ "R", 22 ], [ "R", 25 ], [ "R", 26 ], [ "R", 28 ], [ "R", 27 ], [ "R", 29 ], [ "R", 32 ], [ "R", 33 ], [ "R", 34 ], [ "R", 39 ], [ "R", 40 ], [ "R", 37 ], [ "R", 42 ], [ "R", 43 ], [ "R", 45 ], [ "R", 46 ], [ "R", 47 ], [ "R", 48 ], [ "R", 49 ], [ "R", 50 ], [ "R", 51 ], [ "R", 52 ], [ "R", 53 ], [ "R", 54 ] ]
    } ]
  },
  "MateriaPrimaMaterialController.salvar" : {
    "t" : [ {
      "id" : 0,
      "a" : [ [ "W", 28 ] ]
    } ]
  },
  "PessoaFisicaController.consultaNomeCpf" : {
    "t" : [ {
      "id" : 0,
      "a" : [ [ "R", 39 ] ]
    } ]
  },
  "PessoaFisicaController.listar" : {
    "t" : [ {
      "id" : 0,
      "a" : [ [ "R", 2 ], [ "R", 3 ], [ "R", 5 ], [ "R", 4 ], [ "R", 7 ], [ "R", 6 ], [ "R", 8 ], [ "R", 9 ], [ "R", 10 ], [ "R", 11 ], [ "R", 12 ], [ "R", 15 ], [ "R", 16 ], [ "R", 17 ], [ "R", 18 ], [ "R", 19 ], [ "R", 20 ], [ "R", 21 ], [ "R", 22 ], [ "R", 25 ], [ "R", 26 ], [ "R", 28 ], [ "R", 27 ], [ "R", 29 ], [ "R", 32 ], [ "R", 33 ], [ "R", 34 ], [ "R", 39 ], [ "R", 40 ], [ "R", 37 ], [ "R", 42 ], [ "R", 43 ], [ "R", 45 ], [ "R", 46 ], [ "R", 47 ], [ "R", 48 ], [ "R", 49 ], [ "R", 50 ], [ "R", 51 ], [ "R", 52 ], [ "R", 53 ], [ "R", 54 ], [ "R", 2 ], [ "R", 3 ], [ "R", 5 ], [ "R", 4 ], [ "R", 7 ], [ "R", 6 ], [ "R", 8 ], [ "R", 9 ], [ "R", 10 ], [ "R", 11 ], [ "R", 12 ], [ "R", 15 ], [ "R", 16 ], [ "R", 17 ], [ "R", 18 ], [ "R", 19 ], [ "R", 20 ], [ "R", 21 ], [ "R", 22 ], [ "R", 25 ], [ "R", 26 ], [ "R", 28 ], [ "R", 27 ], [ "R", 29 ], [ "R", 32 ], [ "R", 33 ], [ "R", 34 ], [ "R", 39 ], [ "R", 40 ], [ "R", 37 ], [ "R", 42 ], [ "R", 43 ], [ "R", 45 ], [ "R", 46 ], [ "R", 47 ], [ "R", 48 ], [ "R", 49 ], [ "R", 50 ], [ "R", 51 ], [ "R", 52 ], [ "R", 53 ], [ "R", 54 ] ]
    } ]
  },
  "EditoraController.todas" : {
    "t" : [ {
      "id" : 0,
      "a" : [ [ "R", 12 ] ]
    } ]
  },
  "MateriaPrimaController.localiza" : {
    "t" : [ {
      "id" : 0,
      "a" : [ [ "R", 27 ] ]
    } ]
  },
  "AlunoController.listaRelatorio" : {
    "t" : [ {
      "id" : 0,
      "a" : [ [ "R", 2 ] ]
    } ]
  },
  "UsuarioController.procurarPorNome" : {
    "t" : [ {
      "id" : 0,
      "a" : [ [ "R", 2 ], [ "R", 8 ], [ "R", 9 ], [ "R", 10 ], [ "R", 11 ], [ "R", 12 ], [ "R", 15 ], [ "R", 16 ], [ "R", 18 ], [ "R", 19 ], [ "R", 22 ], [ "R", 25 ], [ "R", 26 ], [ "R", 27 ], [ "R", 32 ], [ "R", 33 ], [ "R", 39 ], [ "R", 40 ], [ "R", 37 ], [ "R", 42 ], [ "R", 43 ], [ "R", 46 ], [ "R", 48 ], [ "R", 49 ], [ "R", 50 ], [ "R", 51 ], [ "R", 52 ], [ "R", 53 ], [ "R", 2 ], [ "R", 8 ], [ "R", 9 ], [ "R", 10 ], [ "R", 11 ], [ "R", 12 ], [ "R", 15 ], [ "R", 16 ], [ "R", 18 ], [ "R", 19 ], [ "R", 22 ], [ "R", 25 ], [ "R", 26 ], [ "R", 27 ], [ "R", 32 ], [ "R", 33 ], [ "R", 39 ], [ "R", 40 ], [ "R", 37 ], [ "R", 42 ], [ "R", 43 ], [ "R", 46 ], [ "R", 48 ], [ "R", 49 ], [ "R", 50 ], [ "R", 51 ], [ "R", 52 ], [ "R", 53 ] ]
    } ]
  },
  "ArquivoController.remover" : {
    "t" : [ {
      "id" : 0,
      "a" : [ [ "W", 3 ] ]
    } ]
  },
  "DistritoController.todos" : {
    "t" : [ {
      "id" : 0,
      "a" : [ [ "R", 11 ] ]
    } ]
  },
  "UsuarioController.remover" : {
    "t" : [ {
      "id" : 0,
      "a" : [ [ "W", 53 ] ]
    } ]
  },
  "VolumeController.carregar" : {
    "t" : [ {
      "id" : 0,
      "a" : [ [ "R", 54 ] ]
    } ]
  },
  "EscolaController.todas" : {
    "t" : [ {
      "id" : 0,
      "a" : [ [ "R", 15 ] ]
    } ]
  },
  "BairroController.todos" : {
    "t" : [ {
      "id" : 0,
      "a" : [ [ "R", 8 ] ]
    } ]
  },
  "EscolaController.localiza" : {
    "t" : [ {
      "id" : 0,
      "a" : [ [ "R", 15 ] ]
    } ]
  },
  "FuncaoController.salvar" : {
    "t" : [ {
      "id" : 0,
      "a" : [ [ "R", 18 ], [ "W", 18 ] ]
    } ]
  },
  "DisciplinaController.localiza" : {
    "t" : [ {
      "id" : 0,
      "a" : [ [ "R", 10 ] ]
    } ]
  },
  "LogradouroController.procurarPorNome" : {
    "t" : [ {
      "id" : 0,
      "a" : [ [ "R", 2 ], [ "R", 8 ], [ "R", 9 ], [ "R", 10 ], [ "R", 11 ], [ "R", 12 ], [ "R", 15 ], [ "R", 16 ], [ "R", 18 ], [ "R", 19 ], [ "R", 22 ], [ "R", 25 ], [ "R", 26 ], [ "R", 27 ], [ "R", 32 ], [ "R", 33 ], [ "R", 39 ], [ "R", 40 ], [ "R", 37 ], [ "R", 42 ], [ "R", 43 ], [ "R", 46 ], [ "R", 48 ], [ "R", 49 ], [ "R", 50 ], [ "R", 51 ], [ "R", 52 ], [ "R", 53 ], [ "R", 2 ], [ "R", 8 ], [ "R", 9 ], [ "R", 10 ], [ "R", 11 ], [ "R", 12 ], [ "R", 15 ], [ "R", 16 ], [ "R", 18 ], [ "R", 19 ], [ "R", 22 ], [ "R", 25 ], [ "R", 26 ], [ "R", 27 ], [ "R", 32 ], [ "R", 33 ], [ "R", 39 ], [ "R", 40 ], [ "R", 37 ], [ "R", 42 ], [ "R", 43 ], [ "R", 46 ], [ "R", 48 ], [ "R", 49 ], [ "R", 50 ], [ "R", 51 ], [ "R", 52 ], [ "R", 53 ] ]
    } ]
  },
  "DistritoController.carregar" : {
    "t" : [ {
      "id" : 0,
      "a" : [ [ "R", 11 ] ]
    } ]
  },
  "UnidadeFederativaController.findbyCodigoPais" : {
    "t" : [ {
      "id" : 0,
      "a" : [ [ "R", 50 ] ]
    } ]
  },
  "AlunoController.localiza" : {
    "t" : [ {
      "id" : 0,
      "a" : [ [ "R", 2 ] ]
    } ]
  },
  "ProfessorController.consultaNomeCpf" : {
    "t" : [ {
      "id" : 0,
      "a" : [ [ "R", 42 ] ]
    } ]
  },
  "EventoController.removerFotoGaleria" : {
    "t" : [ {
      "id" : 0,
      "a" : [ [ "W", 17 ] ]
    } ]
  },
  "PedidoController.carregar" : {
    "t" : [ {
      "id" : 0,
      "a" : [ [ "R", 34 ] ]
    } ]
  },
  "FuncaoController.carregar" : {
    "t" : [ {
      "id" : 0,
      "a" : [ [ "R", 18 ] ]
    } ]
  },
  "TipoMaterialController.procurarPorNome" : {
    "t" : [ {
      "id" : 0,
      "a" : [ [ "R", 2 ], [ "R", 8 ], [ "R", 9 ], [ "R", 10 ], [ "R", 11 ], [ "R", 12 ], [ "R", 15 ], [ "R", 16 ], [ "R", 18 ], [ "R", 19 ], [ "R", 22 ], [ "R", 25 ], [ "R", 26 ], [ "R", 27 ], [ "R", 32 ], [ "R", 33 ], [ "R", 39 ], [ "R", 40 ], [ "R", 37 ], [ "R", 42 ], [ "R", 43 ], [ "R", 46 ], [ "R", 48 ], [ "R", 49 ], [ "R", 50 ], [ "R", 51 ], [ "R", 52 ], [ "R", 53 ], [ "R", 2 ], [ "R", 8 ], [ "R", 9 ], [ "R", 10 ], [ "R", 11 ], [ "R", 12 ], [ "R", 15 ], [ "R", 16 ], [ "R", 18 ], [ "R", 19 ], [ "R", 22 ], [ "R", 25 ], [ "R", 26 ], [ "R", 27 ], [ "R", 32 ], [ "R", 33 ], [ "R", 39 ], [ "R", 40 ], [ "R", 37 ], [ "R", 42 ], [ "R", 43 ], [ "R", 46 ], [ "R", 48 ], [ "R", 49 ], [ "R", 50 ], [ "R", 51 ], [ "R", 52 ], [ "R", 53 ] ]
    } ]
  },
  "TransportadoraController.salvar" : {
    "t" : [ {
      "id" : 0,
      "a" : [ [ "R", 40 ], [ "R", 49 ], [ "W", 49 ] ]
    } ]
  },
  "SolicitanteController.salvar" : {
    "t" : [ {
      "id" : 0,
      "a" : [ [ "W", 43 ] ]
    } ]
  },
  "FuncionarioController.carregar" : {
    "t" : [ {
      "id" : 0,
      "a" : [ [ "R", 19 ] ]
    } ]
  },
  "UnidadeProducaoController.procurarPorNome" : {
    "t" : [ {
      "id" : 0,
      "a" : [ [ "R", 2 ], [ "R", 8 ], [ "R", 9 ], [ "R", 10 ], [ "R", 11 ], [ "R", 12 ], [ "R", 15 ], [ "R", 16 ], [ "R", 18 ], [ "R", 19 ], [ "R", 22 ], [ "R", 25 ], [ "R", 26 ], [ "R", 27 ], [ "R", 32 ], [ "R", 33 ], [ "R", 39 ], [ "R", 40 ], [ "R", 37 ], [ "R", 42 ], [ "R", 43 ], [ "R", 46 ], [ "R", 48 ], [ "R", 49 ], [ "R", 50 ], [ "R", 51 ], [ "R", 52 ], [ "R", 53 ], [ "R", 2 ], [ "R", 8 ], [ "R", 9 ], [ "R", 10 ], [ "R", 11 ], [ "R", 12 ], [ "R", 15 ], [ "R", 16 ], [ "R", 18 ], [ "R", 19 ], [ "R", 22 ], [ "R", 25 ], [ "R", 26 ], [ "R", 27 ], [ "R", 32 ], [ "R", 33 ], [ "R", 39 ], [ "R", 40 ], [ "R", 37 ], [ "R", 42 ], [ "R", 43 ], [ "R", 46 ], [ "R", 48 ], [ "R", 49 ], [ "R", 50 ], [ "R", 51 ], [ "R", 52 ], [ "R", 53 ] ]
    } ]
  },
  "EditoraController.remover" : {
    "t" : [ {
      "id" : 0,
      "a" : [ [ "W", 12 ] ]
    } ]
  },
  "LivroController.remover" : {
    "t" : [ {
      "id" : 0,
      "a" : [ [ "W", 25 ] ]
    } ]
  },
  "TipoMaterialController.localiza" : {
    "t" : [ {
      "id" : 0,
      "a" : [ [ "R", 47 ] ]
    } ]
  },
  "InstrutorController.procurarPorNome" : {
    "t" : [ {
      "id" : 0,
      "a" : [ [ "R", 2 ], [ "R", 8 ], [ "R", 9 ], [ "R", 10 ], [ "R", 11 ], [ "R", 12 ], [ "R", 15 ], [ "R", 16 ], [ "R", 18 ], [ "R", 19 ], [ "R", 22 ], [ "R", 25 ], [ "R", 26 ], [ "R", 27 ], [ "R", 32 ], [ "R", 33 ], [ "R", 39 ], [ "R", 40 ], [ "R", 37 ], [ "R", 42 ], [ "R", 43 ], [ "R", 46 ], [ "R", 48 ], [ "R", 49 ], [ "R", 50 ], [ "R", 51 ], [ "R", 52 ], [ "R", 53 ], [ "R", 2 ], [ "R", 8 ], [ "R", 9 ], [ "R", 10 ], [ "R", 11 ], [ "R", 12 ], [ "R", 15 ], [ "R", 16 ], [ "R", 18 ], [ "R", 19 ], [ "R", 22 ], [ "R", 25 ], [ "R", 26 ], [ "R", 27 ], [ "R", 32 ], [ "R", 33 ], [ "R", 39 ], [ "R", 40 ], [ "R", 37 ], [ "R", 42 ], [ "R", 43 ], [ "R", 46 ], [ "R", 48 ], [ "R", 49 ], [ "R", 50 ], [ "R", 51 ], [ "R", 52 ], [ "R", 53 ] ]
    } ]
  },
  "InstrutorController.carregar" : {
    "t" : [ {
      "id" : 0,
      "a" : [ [ "R", 22 ] ]
    } ]
  },
  "PessoaController.listar" : {
    "t" : [ {
      "id" : 0,
      "a" : [ [ "R", 2 ], [ "R", 3 ], [ "R", 5 ], [ "R", 4 ], [ "R", 7 ], [ "R", 6 ], [ "R", 8 ], [ "R", 9 ], [ "R", 10 ], [ "R", 11 ], [ "R", 12 ], [ "R", 15 ], [ "R", 16 ], [ "R", 17 ], [ "R", 18 ], [ "R", 19 ], [ "R", 20 ], [ "R", 21 ], [ "R", 22 ], [ "R", 25 ], [ "R", 26 ], [ "R", 28 ], [ "R", 27 ], [ "R", 29 ], [ "R", 32 ], [ "R", 33 ], [ "R", 34 ], [ "R", 39 ], [ "R", 40 ], [ "R", 37 ], [ "R", 42 ], [ "R", 43 ], [ "R", 45 ], [ "R", 46 ], [ "R", 47 ], [ "R", 48 ], [ "R", 49 ], [ "R", 50 ], [ "R", 51 ], [ "R", 52 ], [ "R", 53 ], [ "R", 54 ], [ "R", 2 ], [ "R", 3 ], [ "R", 5 ], [ "R", 4 ], [ "R", 7 ], [ "R", 6 ], [ "R", 8 ], [ "R", 9 ], [ "R", 10 ], [ "R", 11 ], [ "R", 12 ], [ "R", 15 ], [ "R", 16 ], [ "R", 17 ], [ "R", 18 ], [ "R", 19 ], [ "R", 20 ], [ "R", 21 ], [ "R", 22 ], [ "R", 25 ], [ "R", 26 ], [ "R", 28 ], [ "R", 27 ], [ "R", 29 ], [ "R", 32 ], [ "R", 33 ], [ "R", 34 ], [ "R", 39 ], [ "R", 40 ], [ "R", 37 ], [ "R", 42 ], [ "R", 43 ], [ "R", 45 ], [ "R", 46 ], [ "R", 47 ], [ "R", 48 ], [ "R", 49 ], [ "R", 50 ], [ "R", 51 ], [ "R", 52 ], [ "R", 53 ], [ "R", 54 ] ]
    } ]
  },
  "EventoController.procurarPorNome" : {
    "t" : [ {
      "id" : 0,
      "a" : [ [ "R", 2 ], [ "R", 8 ], [ "R", 9 ], [ "R", 10 ], [ "R", 11 ], [ "R", 12 ], [ "R", 15 ], [ "R", 16 ], [ "R", 18 ], [ "R", 19 ], [ "R", 22 ], [ "R", 25 ], [ "R", 26 ], [ "R", 27 ], [ "R", 32 ], [ "R", 33 ], [ "R", 39 ], [ "R", 40 ], [ "R", 37 ], [ "R", 42 ], [ "R", 43 ], [ "R", 46 ], [ "R", 48 ], [ "R", 49 ], [ "R", 50 ], [ "R", 51 ], [ "R", 52 ], [ "R", 53 ], [ "R", 2 ], [ "R", 8 ], [ "R", 9 ], [ "R", 10 ], [ "R", 11 ], [ "R", 12 ], [ "R", 15 ], [ "R", 16 ], [ "R", 18 ], [ "R", 19 ], [ "R", 22 ], [ "R", 25 ], [ "R", 26 ], [ "R", 27 ], [ "R", 32 ], [ "R", 33 ], [ "R", 39 ], [ "R", 40 ], [ "R", 37 ], [ "R", 42 ], [ "R", 43 ], [ "R", 46 ], [ "R", 48 ], [ "R", 49 ], [ "R", 50 ], [ "R", 51 ], [ "R", 52 ], [ "R", 53 ] ]
    } ]
  },
  "MateriaPrimaController.listar" : {
    "t" : [ {
      "id" : 0,
      "a" : [ [ "R", 2 ], [ "R", 3 ], [ "R", 5 ], [ "R", 4 ], [ "R", 7 ], [ "R", 6 ], [ "R", 8 ], [ "R", 9 ], [ "R", 10 ], [ "R", 11 ], [ "R", 12 ], [ "R", 15 ], [ "R", 16 ], [ "R", 17 ], [ "R", 18 ], [ "R", 19 ], [ "R", 20 ], [ "R", 21 ], [ "R", 22 ], [ "R", 25 ], [ "R", 26 ], [ "R", 28 ], [ "R", 27 ], [ "R", 29 ], [ "R", 32 ], [ "R", 33 ], [ "R", 34 ], [ "R", 39 ], [ "R", 40 ], [ "R", 37 ], [ "R", 42 ], [ "R", 43 ], [ "R", 45 ], [ "R", 46 ], [ "R", 47 ], [ "R", 48 ], [ "R", 49 ], [ "R", 50 ], [ "R", 51 ], [ "R", 52 ], [ "R", 53 ], [ "R", 54 ], [ "R", 2 ], [ "R", 3 ], [ "R", 5 ], [ "R", 4 ], [ "R", 7 ], [ "R", 6 ], [ "R", 8 ], [ "R", 9 ], [ "R", 10 ], [ "R", 11 ], [ "R", 12 ], [ "R", 15 ], [ "R", 16 ], [ "R", 17 ], [ "R", 18 ], [ "R", 19 ], [ "R", 20 ], [ "R", 21 ], [ "R", 22 ], [ "R", 25 ], [ "R", 26 ], [ "R", 28 ], [ "R", 27 ], [ "R", 29 ], [ "R", 32 ], [ "R", 33 ], [ "R", 34 ], [ "R", 39 ], [ "R", 40 ], [ "R", 37 ], [ "R", 42 ], [ "R", 43 ], [ "R", 45 ], [ "R", 46 ], [ "R", 47 ], [ "R", 48 ], [ "R", 49 ], [ "R", 50 ], [ "R", 51 ], [ "R", 52 ], [ "R", 53 ], [ "R", 54 ] ]
    } ]
  },
  "LivroController.todos" : {
    "t" : [ {
      "id" : 0,
      "a" : [ [ "R", 25 ] ]
    } ]
  },
  "UnidadeFederativaController.listar" : {
    "t" : [ {
      "id" : 0,
      "a" : [ [ "R", 2 ], [ "R", 3 ], [ "R", 5 ], [ "R", 4 ], [ "R", 7 ], [ "R", 6 ], [ "R", 8 ], [ "R", 9 ], [ "R", 10 ], [ "R", 11 ], [ "R", 12 ], [ "R", 15 ], [ "R", 16 ], [ "R", 17 ], [ "R", 18 ], [ "R", 19 ], [ "R", 20 ], [ "R", 21 ], [ "R", 22 ], [ "R", 25 ], [ "R", 26 ], [ "R", 28 ], [ "R", 27 ], [ "R", 29 ], [ "R", 32 ], [ "R", 33 ], [ "R", 34 ], [ "R", 39 ], [ "R", 40 ], [ "R", 37 ], [ "R", 42 ], [ "R", 43 ], [ "R", 45 ], [ "R", 46 ], [ "R", 47 ], [ "R", 48 ], [ "R", 49 ], [ "R", 50 ], [ "R", 51 ], [ "R", 52 ], [ "R", 53 ], [ "R", 54 ], [ "R", 2 ], [ "R", 3 ], [ "R", 5 ], [ "R", 4 ], [ "R", 7 ], [ "R", 6 ], [ "R", 8 ], [ "R", 9 ], [ "R", 10 ], [ "R", 11 ], [ "R", 12 ], [ "R", 15 ], [ "R", 16 ], [ "R", 17 ], [ "R", 18 ], [ "R", 19 ], [ "R", 20 ], [ "R", 21 ], [ "R", 22 ], [ "R", 25 ], [ "R", 26 ], [ "R", 28 ], [ "R", 27 ], [ "R", 29 ], [ "R", 32 ], [ "R", 33 ], [ "R", 34 ], [ "R", 39 ], [ "R", 40 ], [ "R", 37 ], [ "R", 42 ], [ "R", 43 ], [ "R", 45 ], [ "R", 46 ], [ "R", 47 ], [ "R", 48 ], [ "R", 49 ], [ "R", 50 ], [ "R", 51 ], [ "R", 52 ], [ "R", 53 ], [ "R", 54 ] ]
    } ]
  },
  "SiteController.todosLivros" : {
    "t" : [ {
      "id" : 0,
      "a" : [ [ "R", 29 ] ]
    } ]
  },
  "PerfilAcessoController.todos" : {
    "t" : [ {
      "id" : 0,
      "a" : [ [ "R", 36 ] ]
    } ]
  },
  "UnidadeFederativaController.localiza" : {
    "t" : [ {
      "id" : 0,
      "a" : [ [ "R", 50 ] ]
    } ]
  },
  "PessoaFisicaController.cpf" : {
    "t" : [ {
      "id" : 0,
      "a" : [ [ "R", 39 ] ]
    } ]
  },
  "AssociadoPFController.todas" : {
    "t" : [ {
      "id" : 0,
      "a" : [ [ "R", 4 ] ]
    } ]
  },
  "InscricaoController.listar" : {
    "t" : [ {
      "id" : 0,
      "a" : [ [ "R", 2 ], [ "R", 3 ], [ "R", 5 ], [ "R", 4 ], [ "R", 7 ], [ "R", 6 ], [ "R", 8 ], [ "R", 9 ], [ "R", 10 ], [ "R", 11 ], [ "R", 12 ], [ "R", 15 ], [ "R", 16 ], [ "R", 17 ], [ "R", 18 ], [ "R", 19 ], [ "R", 20 ], [ "R", 21 ], [ "R", 22 ], [ "R", 25 ], [ "R", 26 ], [ "R", 28 ], [ "R", 27 ], [ "R", 29 ], [ "R", 32 ], [ "R", 33 ], [ "R", 34 ], [ "R", 39 ], [ "R", 40 ], [ "R", 37 ], [ "R", 42 ], [ "R", 43 ], [ "R", 45 ], [ "R", 46 ], [ "R", 47 ], [ "R", 48 ], [ "R", 49 ], [ "R", 50 ], [ "R", 51 ], [ "R", 52 ], [ "R", 53 ], [ "R", 54 ], [ "R", 2 ], [ "R", 3 ], [ "R", 5 ], [ "R", 4 ], [ "R", 7 ], [ "R", 6 ], [ "R", 8 ], [ "R", 9 ], [ "R", 10 ], [ "R", 11 ], [ "R", 12 ], [ "R", 15 ], [ "R", 16 ], [ "R", 17 ], [ "R", 18 ], [ "R", 19 ], [ "R", 20 ], [ "R", 21 ], [ "R", 22 ], [ "R", 25 ], [ "R", 26 ], [ "R", 28 ], [ "R", 27 ], [ "R", 29 ], [ "R", 32 ], [ "R", 33 ], [ "R", 34 ], [ "R", 39 ], [ "R", 40 ], [ "R", 37 ], [ "R", 42 ], [ "R", 43 ], [ "R", 45 ], [ "R", 46 ], [ "R", 47 ], [ "R", 48 ], [ "R", 49 ], [ "R", 50 ], [ "R", 51 ], [ "R", 52 ], [ "R", 53 ], [ "R", 54 ] ]
    } ]
  },
  "EventoController.remover" : {
    "t" : [ {
      "id" : 0,
      "a" : [ [ "W", 16 ] ]
    } ]
  },
  "EscolaController.listar" : {
    "t" : [ {
      "id" : 0,
      "a" : [ [ "R", 2 ], [ "R", 3 ], [ "R", 5 ], [ "R", 4 ], [ "R", 7 ], [ "R", 6 ], [ "R", 8 ], [ "R", 9 ], [ "R", 10 ], [ "R", 11 ], [ "R", 12 ], [ "R", 15 ], [ "R", 16 ], [ "R", 17 ], [ "R", 18 ], [ "R", 19 ], [ "R", 20 ], [ "R", 21 ], [ "R", 22 ], [ "R", 25 ], [ "R", 26 ], [ "R", 28 ], [ "R", 27 ], [ "R", 29 ], [ "R", 32 ], [ "R", 33 ], [ "R", 34 ], [ "R", 39 ], [ "R", 40 ], [ "R", 37 ], [ "R", 42 ], [ "R", 43 ], [ "R", 45 ], [ "R", 46 ], [ "R", 47 ], [ "R", 48 ], [ "R", 49 ], [ "R", 50 ], [ "R", 51 ], [ "R", 52 ], [ "R", 53 ], [ "R", 54 ], [ "R", 2 ], [ "R", 3 ], [ "R", 5 ], [ "R", 4 ], [ "R", 7 ], [ "R", 6 ], [ "R", 8 ], [ "R", 9 ], [ "R", 10 ], [ "R", 11 ], [ "R", 12 ], [ "R", 15 ], [ "R", 16 ], [ "R", 17 ], [ "R", 18 ], [ "R", 19 ], [ "R", 20 ], [ "R", 21 ], [ "R", 22 ], [ "R", 25 ], [ "R", 26 ], [ "R", 28 ], [ "R", 27 ], [ "R", 29 ], [ "R", 32 ], [ "R", 33 ], [ "R", 34 ], [ "R", 39 ], [ "R", 40 ], [ "R", 37 ], [ "R", 42 ], [ "R", 43 ], [ "R", 45 ], [ "R", 46 ], [ "R", 47 ], [ "R", 48 ], [ "R", 49 ], [ "R", 50 ], [ "R", 51 ], [ "R", 52 ], [ "R", 53 ], [ "R", 54 ] ]
    } ]
  },
  "ItemPerfilAcessoController.localiza" : {
    "t" : [ {
      "id" : 0,
      "a" : [ [ "R", 36 ] ]
    } ]
  },
  "AssociadoPJController.listaParticipante" : {
    "t" : [ {
      "id" : 0,
      "a" : [ [ "R", 6 ] ]
    } ]
  },
  "TransportadoraController.procurarPorNome" : {
    "t" : [ {
      "id" : 0,
      "a" : [ [ "R", 2 ], [ "R", 8 ], [ "R", 9 ], [ "R", 10 ], [ "R", 11 ], [ "R", 12 ], [ "R", 15 ], [ "R", 16 ], [ "R", 18 ], [ "R", 19 ], [ "R", 22 ], [ "R", 25 ], [ "R", 26 ], [ "R", 27 ], [ "R", 32 ], [ "R", 33 ], [ "R", 39 ], [ "R", 40 ], [ "R", 37 ], [ "R", 42 ], [ "R", 43 ], [ "R", 46 ], [ "R", 48 ], [ "R", 49 ], [ "R", 50 ], [ "R", 51 ], [ "R", 52 ], [ "R", 53 ], [ "R", 2 ], [ "R", 8 ], [ "R", 9 ], [ "R", 10 ], [ "R", 11 ], [ "R", 12 ], [ "R", 15 ], [ "R", 16 ], [ "R", 18 ], [ "R", 19 ], [ "R", 22 ], [ "R", 25 ], [ "R", 26 ], [ "R", 27 ], [ "R", 32 ], [ "R", 33 ], [ "R", 39 ], [ "R", 40 ], [ "R", 37 ], [ "R", 42 ], [ "R", 43 ], [ "R", 46 ], [ "R", 48 ], [ "R", 49 ], [ "R", 50 ], [ "R", 51 ], [ "R", 52 ], [ "R", 53 ] ]
    } ]
  },
  "CidadeController.todas" : {
    "t" : [ {
      "id" : 0,
      "a" : [ [ "R", 9 ] ]
    } ]
  },
  "EventoController.fotoGaleria" : {
    "t" : [ {
      "id" : 0,
      "a" : [ [ "R", 17 ] ]
    } ]
  },
  "OutrosController.salvar" : {
    "t" : [ {
      "id" : 0,
      "a" : [ [ "W", 32 ] ]
    } ]
  },
  "SiteController.salvarPedido" : {
    "t" : [ {
      "id" : 0,
      "a" : [ [ "W", 34 ], [ "R", 34 ], [ "W", 34 ], [ "R", 34 ], [ "W", 34 ], [ "W", 34 ] ]
    } ]
  },
  "PessoaJuridicaController.salvar" : {
    "t" : [ {
      "id" : 0,
      "a" : [ [ "W", 40 ] ]
    } ]
  },
  "UnidadeProducaoController.listar" : {
    "t" : [ {
      "id" : 0,
      "a" : [ [ "R", 2 ], [ "R", 3 ], [ "R", 5 ], [ "R", 4 ], [ "R", 7 ], [ "R", 6 ], [ "R", 8 ], [ "R", 9 ], [ "R", 10 ], [ "R", 11 ], [ "R", 12 ], [ "R", 15 ], [ "R", 16 ], [ "R", 17 ], [ "R", 18 ], [ "R", 19 ], [ "R", 20 ], [ "R", 21 ], [ "R", 22 ], [ "R", 25 ], [ "R", 26 ], [ "R", 28 ], [ "R", 27 ], [ "R", 29 ], [ "R", 32 ], [ "R", 33 ], [ "R", 34 ], [ "R", 39 ], [ "R", 40 ], [ "R", 37 ], [ "R", 42 ], [ "R", 43 ], [ "R", 45 ], [ "R", 46 ], [ "R", 47 ], [ "R", 48 ], [ "R", 49 ], [ "R", 50 ], [ "R", 51 ], [ "R", 52 ], [ "R", 53 ], [ "R", 54 ], [ "R", 2 ], [ "R", 3 ], [ "R", 5 ], [ "R", 4 ], [ "R", 7 ], [ "R", 6 ], [ "R", 8 ], [ "R", 9 ], [ "R", 10 ], [ "R", 11 ], [ "R", 12 ], [ "R", 15 ], [ "R", 16 ], [ "R", 17 ], [ "R", 18 ], [ "R", 19 ], [ "R", 20 ], [ "R", 21 ], [ "R", 22 ], [ "R", 25 ], [ "R", 26 ], [ "R", 28 ], [ "R", 27 ], [ "R", 29 ], [ "R", 32 ], [ "R", 33 ], [ "R", 34 ], [ "R", 39 ], [ "R", 40 ], [ "R", 37 ], [ "R", 42 ], [ "R", 43 ], [ "R", 45 ], [ "R", 46 ], [ "R", 47 ], [ "R", 48 ], [ "R", 49 ], [ "R", 50 ], [ "R", 51 ], [ "R", 52 ], [ "R", 53 ], [ "R", 54 ] ]
    } ]
  },
  "EditoraController.carregar" : {
    "t" : [ {
      "id" : 0,
      "a" : [ [ "R", 12 ] ]
    } ]
  },
  "AssociadoPJController.salvar" : {
    "t" : [ {
      "id" : 0,
      "a" : [ [ "W", 6 ] ]
    } ]
  },
  "SolicitanteController.carregar" : {
    "t" : [ {
      "id" : 0,
      "a" : [ [ "R", 43 ] ]
    } ]
  },
  "AssociadoPJMovimentacaoController.associadoPJMovimentacao" : {
    "t" : [ {
      "id" : 0,
      "a" : [ [ "R", 6 ], [ "R", 7 ] ]
    } ]
  },
  "AssociadoPJMovimentacaoController.todas" : {
    "t" : [ {
      "id" : 0,
      "a" : [ [ "R", 7 ] ]
    } ]
  },
  "TelefoneController.salvar" : {
    "t" : [ {
      "id" : 0,
      "a" : [ [ "W", 45 ] ]
    } ]
  },
  "TipoLogradouroController.todos" : {
    "t" : [ {
      "id" : 0,
      "a" : [ [ "R", 46 ] ]
    } ]
  },
  "PessoaFisicaController.todas" : {
    "t" : [ {
      "id" : 0,
      "a" : [ [ "R", 39 ] ]
    } ]
  },
  "CidadeController.salvar" : {
    "t" : [ {
      "id" : 0,
      "a" : [ [ "R", 9 ], [ "R", 9 ], [ "R", 9 ], [ "R", 9 ], [ "W", 9 ], [ "R", 9 ], [ "R", 9 ], [ "W", 9 ] ]
    } ]
  },
  "VolumeController.procurarPorData" : {
    "t" : [ {
      "id" : 0,
      "a" : [ [ "R", 34 ], [ "R", 34 ], [ "R", 35 ], [ "R", 35 ], [ "R", 54 ] ]
    } ]
  },
  "VolumeController.salvar" : {
    "t" : [ {
      "id" : 0,
      "a" : [ [ "W", 54 ] ]
    } ]
  },
  "LogradouroController.localiza" : {
    "t" : [ {
      "id" : 0,
      "a" : [ [ "R", 26 ] ]
    } ]
  },
  "PessoaJuridicaController.todas" : {
    "t" : [ {
      "id" : 0,
      "a" : [ [ "R", 40 ] ]
    } ]
  },
  "InscricaoController.localiza" : {
    "t" : [ {
      "id" : 0,
      "a" : [ [ "R", 21 ] ]
    } ]
  },
  "BairroController.listar" : {
    "t" : [ {
      "id" : 0,
      "a" : [ [ "R", 2 ], [ "R", 3 ], [ "R", 5 ], [ "R", 4 ], [ "R", 7 ], [ "R", 6 ], [ "R", 8 ], [ "R", 9 ], [ "R", 10 ], [ "R", 11 ], [ "R", 12 ], [ "R", 15 ], [ "R", 16 ], [ "R", 17 ], [ "R", 18 ], [ "R", 19 ], [ "R", 20 ], [ "R", 21 ], [ "R", 22 ], [ "R", 25 ], [ "R", 26 ], [ "R", 28 ], [ "R", 27 ], [ "R", 29 ], [ "R", 32 ], [ "R", 33 ], [ "R", 34 ], [ "R", 39 ], [ "R", 40 ], [ "R", 37 ], [ "R", 42 ], [ "R", 43 ], [ "R", 45 ], [ "R", 46 ], [ "R", 47 ], [ "R", 48 ], [ "R", 49 ], [ "R", 50 ], [ "R", 51 ], [ "R", 52 ], [ "R", 53 ], [ "R", 54 ], [ "R", 2 ], [ "R", 3 ], [ "R", 5 ], [ "R", 4 ], [ "R", 7 ], [ "R", 6 ], [ "R", 8 ], [ "R", 9 ], [ "R", 10 ], [ "R", 11 ], [ "R", 12 ], [ "R", 15 ], [ "R", 16 ], [ "R", 17 ], [ "R", 18 ], [ "R", 19 ], [ "R", 20 ], [ "R", 21 ], [ "R", 22 ], [ "R", 25 ], [ "R", 26 ], [ "R", 28 ], [ "R", 27 ], [ "R", 29 ], [ "R", 32 ], [ "R", 33 ], [ "R", 34 ], [ "R", 39 ], [ "R", 40 ], [ "R", 37 ], [ "R", 42 ], [ "R", 43 ], [ "R", 45 ], [ "R", 46 ], [ "R", 47 ], [ "R", 48 ], [ "R", 49 ], [ "R", 50 ], [ "R", 51 ], [ "R", 52 ], [ "R", 53 ], [ "R", 54 ] ]
    } ]
  }
}