{
  "ResourceController.adminSearch" : {
    "t" : [ {
      "id" : 0,
      "a" : [ [ "R", 11 ] ]
    } ]
  },
  "ExamController.hideWrong" : {
    "t" : [ {
      "id" : 0,
      "a" : [ [ "R", 5 ], [ "W", 5 ], [ "W", 5 ] ]
    } ]
  },
  "ExamController.save" : {
    "t" : [ {
      "id" : 0,
      "a" : [ [ "W", 6 ], [ "W", 7 ], [ "R", 14 ], [ "R", 13 ], [ "R", 2 ], [ "R", 14 ], [ "W", 14 ], [ "W", 14 ], [ "W", 15 ], [ "W", 2 ], [ "W", 14 ], [ "W", 14 ], [ "W", 14 ], [ "W", 15 ] ]
    } ]
  },
  "ResourceController.upload" : {
    "t" : [ {
      "id" : 0,
      "a" : [ [ "W", 11 ], [ "W", 11 ], [ "W", 11 ], [ "R", 14 ], [ "R", 13 ], [ "R", 2 ], [ "R", 14 ], [ "W", 14 ], [ "W", 14 ], [ "W", 15 ], [ "W", 2 ], [ "W", 14 ], [ "W", 14 ], [ "W", 14 ], [ "W", 15 ] ]
    } ]
  },
  "ExamController.search" : {
    "t" : [ {
      "id" : 0,
      "a" : [ [ "R", 6 ] ]
    } ]
  },
  "QuestionCommentController.save" : {
    "t" : [ {
      "id" : 0,
      "a" : [ [ "W", 10 ], [ "W", 15 ], [ "W", 10 ], [ "W", 9 ], [ "R", 2 ], [ "R", 14 ], [ "W", 14 ], [ "W", 14 ], [ "W", 15 ], [ "W", 2 ], [ "W", 14 ], [ "W", 14 ], [ "W", 14 ], [ "W", 15 ] ]
    } ]
  },
  "ResourceController.search" : {
    "t" : [ {
      "id" : 0,
      "a" : [ [ "R", 11 ] ]
    } ]
  },
  "IndexController.test" : {
    "t" : [ {
      "id" : 0,
      "a" : [ [ "R", 15 ], [ "R", 13 ], [ "R", 13 ] ]
    } ]
  },
  "ResourceCommentController.thumbsUp" : {
    "t" : [ {
      "id" : 0,
      "a" : [ [ "R", 12 ], [ "R", 12 ], [ "R", 15 ], [ "R", 15 ], [ "R", 15 ], [ "R", 12 ], [ "W", 12 ], [ "W", 12 ], [ "R", 15 ], [ "W", 15 ], [ "W", 15 ], [ "R", 12 ] ]
    } ]
  },
  "SysUserController.search" : {
    "t" : [ {
      "id" : 0,
      "a" : [ [ "R", 15 ] ]
    } ]
  },
  "ResourceController.download" : {
    "t" : [ {
      "id" : 0,
      "a" : [ [ "R", 11 ], [ "R", 11 ], [ "R", 14 ], [ "R", 14 ], [ "R", 15 ], [ "R", 15 ], [ "R", 15 ], [ "R", 15 ], [ "R", 11 ], [ "R", 3 ], [ "R", 15 ], [ "R", 11 ], [ "W", 15 ], [ "W", 15 ], [ "R", 11 ], [ "R", 14 ], [ "R", 14 ], [ "R", 15 ], [ "R", 15 ], [ "W", 15 ], [ "W", 15 ], [ "R", 11 ], [ "W", 11 ], [ "W", 11 ], [ "W", 3 ], [ "W", 15 ], [ "W", 3 ], [ "W", 11 ], [ "W", 3 ], [ "W", 3 ], [ "R", 11 ] ]
    } ]
  },
  "ResourceCommentController.save" : {
    "t" : [ {
      "id" : 0,
      "a" : [ [ "W", 12 ], [ "W", 15 ], [ "W", 12 ], [ "W", 11 ], [ "R", 2 ], [ "R", 14 ], [ "W", 14 ], [ "W", 14 ], [ "W", 15 ], [ "W", 2 ], [ "W", 14 ], [ "W", 14 ], [ "W", 14 ], [ "W", 15 ] ]
    } ]
  },
  "ResourceController.show" : {
    "t" : [ {
      "id" : 0,
      "a" : [ [ "R", 11 ], [ "R", 14 ], [ "R", 14 ], [ "R", 15 ], [ "R", 15 ], [ "R", 15 ], [ "R", 15 ], [ "R", 11 ], [ "R", 3 ] ]
    } ]
  },
  "ResourceController.save" : {
    "t" : [ {
      "id" : 0,
      "a" : [ [ "W", 11 ], [ "W", 11 ], [ "W", 11 ], [ "R", 14 ], [ "R", 13 ], [ "R", 2 ], [ "R", 14 ], [ "W", 14 ], [ "W", 14 ], [ "W", 15 ], [ "W", 2 ], [ "W", 14 ], [ "W", 14 ], [ "W", 14 ], [ "W", 15 ] ]
    } ]
  },
  "ExamResultController.save" : {
    "t" : [ {
      "id" : 0,
      "a" : [ [ "W", 8 ], [ "W", 6 ], [ "W", 8 ], [ "W", 15 ], [ "R", 14 ], [ "R", 13 ], [ "R", 2 ], [ "R", 14 ], [ "W", 14 ], [ "W", 14 ], [ "W", 15 ], [ "W", 2 ], [ "W", 14 ], [ "W", 14 ], [ "W", 14 ], [ "W", 15 ] ]
    } ]
  },
  "ExamResultController.show" : {
    "t" : [ {
      "id" : 0,
      "a" : [ [ "R", 15 ], [ "R", 8 ] ]
    } ]
  },
  "SysUserController.save" : {
    "t" : [ {
      "id" : 0,
      "a" : [ [ "R", 15 ], [ "W", 15 ], [ "W", 15 ], [ "W", 13 ], [ "R", 14 ], [ "R", 13 ], [ "R", 2 ], [ "R", 14 ], [ "W", 14 ], [ "W", 14 ], [ "W", 15 ], [ "W", 2 ], [ "W", 14 ], [ "W", 14 ], [ "W", 14 ], [ "W", 15 ] ]
    } ]
  },
  "QuestionController.save" : {
    "t" : [ {
      "id" : 0,
      "a" : [ [ "R", 9 ], [ "R", 4 ], [ "R", 4 ], [ "R", 4 ], [ "W", 4 ], [ "W", 9 ], [ "W", 9 ], [ "W", 4 ], [ "W", 7 ], [ "W", 9 ], [ "W", 7 ], [ "R", 14 ], [ "R", 13 ], [ "R", 2 ], [ "R", 14 ], [ "W", 14 ], [ "W", 14 ], [ "W", 15 ], [ "W", 2 ], [ "W", 14 ], [ "W", 14 ], [ "W", 14 ], [ "W", 15 ] ]
    } ]
  },
  "ExamPaperController.save" : {
    "t" : [ {
      "id" : 0,
      "a" : [ [ "W", 7 ], [ "W", 9 ], [ "R", 14 ], [ "R", 13 ], [ "R", 2 ], [ "R", 14 ], [ "W", 14 ], [ "W", 14 ], [ "W", 15 ], [ "W", 2 ], [ "W", 14 ], [ "W", 14 ], [ "W", 14 ], [ "W", 15 ] ]
    } ]
  },
  "ExamPaperController.search" : {
    "t" : [ {
      "id" : 0,
      "a" : [ [ "R", 7 ] ]
    } ]
  },
  "ExamController.result" : {
    "t" : [ {
      "id" : 0,
      "a" : [ [ "R", 15 ], [ "R", 5 ], [ "R", 8 ] ]
    } ]
  },
  "ExamController.adminSearch" : {
    "t" : [ {
      "id" : 0,
      "a" : [ [ "R", 6 ] ]
    } ]
  },
  "ExamController.showWrong" : {
    "t" : [ {
      "id" : 0,
      "a" : [ [ "R", 15 ], [ "R", 5 ] ]
    } ]
  },
  "ExamController.handIn" : {
    "t" : [ {
      "id" : 0,
      "a" : [ [ "W", 6 ], [ "W", 5 ], [ "W", 6 ], [ "W", 9 ], [ "W", 5 ], [ "W", 9 ], [ "W", 4 ], [ "W", 5 ], [ "W", 4 ], [ "R", 2 ], [ "R", 14 ], [ "W", 14 ], [ "W", 14 ], [ "W", 15 ], [ "W", 2 ], [ "W", 14 ], [ "W", 14 ], [ "W", 14 ], [ "W", 15 ], [ "R", 5 ], [ "R", 5 ], [ "R", 6 ], [ "W", 8 ], [ "W", 6 ], [ "R", 5 ], [ "R", 15 ], [ "W", 8 ], [ "W", 15 ], [ "W", 8 ], [ "W", 8 ], [ "W", 8 ], [ "R", 2 ], [ "R", 14 ], [ "W", 14 ], [ "W", 14 ], [ "W", 15 ], [ "W", 2 ], [ "W", 14 ], [ "W", 14 ], [ "W", 14 ], [ "W", 15 ] ]
    } ]
  },
  "QuestionCommentController.thumbsUp" : {
    "t" : [ {
      "id" : 0,
      "a" : [ [ "R", 10 ], [ "R", 10 ], [ "R", 15 ], [ "R", 15 ], [ "R", 15 ], [ "R", 10 ], [ "W", 10 ], [ "W", 10 ], [ "R", 15 ], [ "W", 15 ], [ "W", 15 ], [ "R", 10 ] ]
    } ]
  }
}