{
  "AccessLog" : 1,
  "Activity" : 2,
  "ActivityDetail" : 3,
  "AppConfig" : 4,
  "AppKey" : 5,
  "AppVersion" : 6,
  "Category" : 7,
  "CategoryPredefined" : 8,
  "City" : 9,
  "CityGroup" : 10,
  "Collection" : 11,
  "Country" : 12,
  "Course" : 13,
  "CourseTaxonomy" : 14,
  "Danmu" : 15,
  "Discussion" : 16,
  "Exhibition" : 17,
  "Goods" : 18,
  "Group" : 19,
  "Hobby" : 20,
  "IdEntity" : 21,
  "ImageHistory" : 22,
  "Invite" : 23,
  "Media" : 24,
  "MediaWrap" : 25,
  "Mood" : 26,
  "News" : 27,
  "Point" : 28,
  "Province" : 29,
  "ReferenceAvatar" : 30,
  "Remind" : 31,
  "Reply" : 32,
  "Shop" : 33,
  "ShortVideo" : 34,
  "Site" : 35,
  "Sponsorship" : 36,
  "SubReply" : 37,
  "Task" : 38,
  "Taxonomy" : 39,
  "Topic" : 40,
  "TopicScore" : 41,
  "Trade" : 42,
  "User" : 43,
  "UserBase" : 44,
  "UserScore" : 45,
  "VerificationCode" : 46,
  "Video" : 47,
  "VideoDetail" : 48
}