{
  "TaskRestController.create" : {
    "t" : [ {
      "id" : 0,
      "a" : [ [ "W", 38 ], [ "R", 38 ] ]
    } ]
  },
  "DiscussController.createReply" : {
    "t" : [ {
      "id" : 0,
      "a" : [ [ "W", 32 ], [ "W", 43 ], [ "W", 40 ], [ "W", 32 ], [ "W", 43 ], [ "W", 32 ], [ "W", 40 ], [ "R", 32 ], [ "R", 40 ], [ "R", 40 ], [ "R", 40 ], [ "R", 40 ], [ "W", 32 ], [ "W", 32 ], [ "R", 40 ], [ "W", 40 ], [ "R", 40 ], [ "W", 40 ], [ "W", 40 ], [ "W", 31 ], [ "R", 32 ], [ "W", 31 ], [ "R", 32 ], [ "R", 43 ], [ "W", 31 ], [ "W", 43 ], [ "R", 40 ], [ "W", 31 ], [ "W", 31 ], [ "R", 40 ], [ "W", 31 ], [ "R", 40 ], [ "R", 43 ], [ "W", 31 ], [ "W", 43 ], [ "R", 32 ], [ "R", 43 ], [ "R", 43 ], [ "R", 40 ], [ "R", 43 ], [ "R", 43 ], [ "R", 32 ], [ "R", 43 ], [ "R", 43 ], [ "R", 43 ], [ "W", 31 ], [ "W", 43 ], [ "W", 31 ], [ "R", 40 ], [ "R", 43 ], [ "R", 43 ], [ "R", 43 ], [ "R", 43 ], [ "R", 43 ], [ "R", 43 ], [ "R", 5 ], [ "R", 5 ], [ "R", 20 ], [ "R", 20 ], [ "R", 5 ], [ "R", 5 ], [ "R", 43 ], [ "R", 43 ], [ "R", 43 ], [ "R", 43 ], [ "R", 5 ], [ "R", 5 ], [ "R", 20 ], [ "R", 20 ], [ "R", 5 ], [ "R", 5 ], [ "R", 43 ], [ "R", 31 ], [ "R", 43 ], [ "R", 44 ], [ "R", 40 ], [ "R", 43 ], [ "R", 43 ], [ "R", 43 ], [ "R", 43 ], [ "R", 5 ], [ "R", 5 ], [ "R", 20 ], [ "R", 20 ], [ "R", 5 ], [ "R", 5 ], [ "R", 43 ], [ "R", 32 ], [ "R", 43 ], [ "R", 32 ], [ "R", 43 ], [ "R", 43 ], [ "R", 32 ], [ "R", 43 ], [ "R", 43 ], [ "R", 43 ], [ "W", 28 ], [ "W", 43 ], [ "R", 28 ], [ "R", 28 ], [ "R", 28 ], [ "R", 43 ], [ "R", 28 ], [ "R", 28 ], [ "W", 28 ], [ "W", 28 ], [ "W", 28 ], [ "R", 28 ], [ "R", 28 ], [ "R", 28 ], [ "R", 43 ], [ "R", 28 ], [ "R", 28 ], [ "W", 28 ], [ "W", 28 ], [ "W", 28 ], [ "R", 28 ], [ "R", 28 ], [ "R", 28 ], [ "R", 43 ], [ "R", 28 ], [ "R", 28 ], [ "W", 28 ], [ "W", 28 ], [ "W", 28 ], [ "W", 28 ], [ "R", 43 ], [ "R", 28 ], [ "W", 43 ], [ "W", 43 ], [ "R", 43 ], [ "R", 43 ], [ "R", 43 ], [ "R", 43 ], [ "R", 43 ], [ "R", 5 ], [ "R", 5 ], [ "R", 20 ], [ "R", 20 ], [ "R", 5 ], [ "R", 5 ], [ "R", 43 ], [ "R", 43 ], [ "R", 43 ], [ "R", 43 ], [ "R", 5 ], [ "R", 5 ], [ "R", 20 ], [ "R", 20 ], [ "R", 5 ], [ "R", 5 ], [ "R", 43 ], [ "R", 28 ] ]
    } ]
  },
  "DanmuRestController.create" : {
    "t" : [ {
      "id" : 0,
      "a" : [ [ "W", 43 ], [ "W", 47 ], [ "W", 15 ], [ "W", 15 ], [ "W", 15 ], [ "W", 15 ], [ "W", 15 ], [ "W", 15 ], [ "W", 43 ], [ "W", 15 ], [ "W", 47 ], [ "W", 15 ] ]
    } ]
  },
  "TaskRestController.get" : {
    "t" : [ {
      "id" : 0,
      "a" : [ [ "R", 38 ] ]
    } ]
  },
  "QQLoginRedirectController.qqLoginAfter" : {
    "t" : [ {
      "id" : 0,
      "a" : [ [ "R", 43 ], [ "W", 44 ], [ "W", 44 ], [ "W", 44 ], [ "W", 44 ], [ "W", 44 ], [ "R", 44 ], [ "W", 44 ], [ "W", 44 ], [ "W", 44 ], [ "W", 44 ], [ "W", 43 ], [ "R", 44 ], [ "R", 44 ], [ "R", 44 ], [ "R", 43 ] ]
    } ]
  },
  "ExhibitionRestController.create" : {
    "t" : [ {
      "id" : 0,
      "a" : [ [ "R", 17 ], [ "R", 20 ], [ "W", 20 ], [ "W", 17 ], [ "W", 20 ], [ "R", 17 ], [ "R", 17 ], [ "R", 40 ], [ "R", 40 ], [ "W", 40 ], [ "W", 40 ], [ "R", 17 ], [ "R", 40 ], [ "W", 17 ], [ "W", 17 ], [ "R", 17 ], [ "R", 40 ], [ "R", 48 ], [ "R", 48 ], [ "W", 17 ], [ "R", 40 ], [ "R", 25 ], [ "R", 24 ], [ "R", 25 ], [ "R", 24 ], [ "R", 24 ], [ "W", 17 ], [ "W", 43 ], [ "W", 17 ], [ "W", 43 ], [ "W", 17 ], [ "W", 17 ] ]
    } ]
  },
  "FollowerRestController.list" : {
    "t" : [ {
      "id" : 0,
      "a" : [ [ "R", 43 ], [ "R", 43 ], [ "R", 43 ] ]
    } ]
  },
  "PointRestController.deductionPoints" : {
    "t" : [ {
      "id" : 0,
      "a" : [ [ "R", 5 ], [ "R", 5 ], [ "R", 20 ], [ "R", 20 ], [ "R", 5 ], [ "R", 5 ], [ "R", 43 ], [ "R", 43 ], [ "W", 43 ] ]
    } ]
  },
  "TaskController.create" : {
    "t" : [ {
      "id" : 0,
      "a" : [ [ "W", 21 ], [ "W", 38 ], [ "W", 44 ], [ "W", 38 ] ]
    } ]
  },
  "SponsorshipRestController.create" : {
    "t" : [ {
      "id" : 0,
      "a" : [ [ "W", 42 ], [ "W", 42 ], [ "W", 42 ], [ "W", 42 ], [ "W", 42 ], [ "W", 36 ], [ "W", 42 ], [ "W", 36 ], [ "R", 36 ], [ "R", 36 ] ]
    } ]
  },
  "CollectionRestController.collection" : {
    "t" : [ {
      "id" : 0,
      "a" : [ [ "R", 11 ], [ "R", 40 ], [ "R", 40 ], [ "W", 40 ], [ "W", 40 ], [ "R", 43 ], [ "W", 11 ], [ "W", 40 ], [ "W", 11 ], [ "W", 43 ], [ "W", 11 ], [ "W", 11 ], [ "W", 11 ] ]
    } ]
  },
  "CourseController.list" : {
    "t" : [ {
      "id" : 0,
      "a" : [ [ "R", 14 ], [ "R", 14 ], [ "R", 14 ], [ "R", 20 ], [ "R", 14 ], [ "R", 13 ], [ "R", 13 ], [ "R", 13 ], [ "R", 14 ], [ "W", 14 ], [ "W", 13 ] ]
    } ]
  },
  "MarketRestController.list" : {
    "t" : [ {
      "id" : 0,
      "a" : [ [ "R", 7 ] ]
    } ]
  },
  "ProfileController.user" : {
    "t" : [ {
      "id" : 0,
      "a" : [ [ "R", 43 ], [ "R", 40 ] ]
    } ]
  },
  "GoodsAdminController.list" : {
    "t" : [ {
      "id" : 0,
      "a" : [ [ "R", 33 ], [ "R", 33 ], [ "R", 18 ] ]
    } ]
  },
  "InviteQQController.download3" : {
    "t" : [ {
      "id" : 0,
      "a" : [ [ "R", 6 ] ]
    } ]
  },
  "AccountRestController.login" : {
    "t" : [ {
      "id" : 0,
      "a" : [ [ "R", 43 ], [ "R", 44 ], [ "R", 44 ] ]
    } ]
  },
  "ProfileController.loadMoreOfPicture" : {
    "t" : [ {
      "id" : 0,
      "a" : [ [ "R", 40 ] ]
    } ]
  },
  "AccountRestController.register" : {
    "t" : [ {
      "id" : 0,
      "a" : [ [ "R", 44 ], [ "R", 43 ], [ "W", 44 ], [ "W", 44 ], [ "W", 43 ], [ "R", 43 ], [ "W", 43 ], [ "W", 43 ], [ "R", 44 ], [ "R", 43 ], [ "W", 44 ], [ "W", 44 ], [ "R", 44 ], [ "W", 44 ], [ "W", 44 ], [ "W", 44 ], [ "W", 44 ], [ "W", 43 ], [ "R", 44 ], [ "R", 44 ], [ "R", 44 ], [ "R", 43 ], [ "R", 43 ], [ "W", 43 ], [ "R", 44 ], [ "W", 44 ], [ "R", 43 ], [ "W", 43 ], [ "W", 44 ], [ "R", 44 ], [ "W", 44 ], [ "R", 44 ], [ "W", 44 ], [ "W", 43 ], [ "R", 44 ], [ "R", 44 ], [ "R", 44 ], [ "R", 43 ] ]
    } ]
  },
  "UserAdminController.update" : {
    "t" : [ {
      "id" : 0,
      "a" : [ [ "R", 44 ], [ "W", 44 ], [ "R", 44 ], [ "W", 44 ], [ "W", 43 ], [ "R", 44 ], [ "R", 44 ], [ "R", 44 ], [ "R", 43 ], [ "R", 44 ] ]
    } ]
  },
  "ReplyRestController.create" : {
    "t" : [ {
      "id" : 0,
      "a" : [ [ "R", 32 ], [ "R", 40 ], [ "R", 40 ], [ "R", 40 ], [ "R", 40 ], [ "W", 32 ], [ "W", 32 ], [ "R", 40 ], [ "W", 40 ], [ "R", 40 ], [ "W", 40 ], [ "W", 40 ], [ "W", 31 ], [ "R", 32 ], [ "W", 31 ], [ "R", 32 ], [ "R", 43 ], [ "W", 31 ], [ "W", 43 ], [ "R", 40 ], [ "W", 31 ], [ "W", 31 ], [ "R", 40 ], [ "W", 31 ], [ "R", 40 ], [ "R", 43 ], [ "W", 31 ], [ "W", 43 ], [ "R", 32 ], [ "R", 43 ], [ "R", 43 ], [ "R", 40 ], [ "R", 43 ], [ "R", 43 ], [ "R", 32 ], [ "R", 43 ], [ "R", 43 ], [ "R", 43 ], [ "W", 31 ], [ "W", 43 ], [ "W", 31 ], [ "R", 40 ], [ "R", 43 ], [ "R", 43 ], [ "R", 43 ], [ "R", 43 ], [ "R", 43 ], [ "R", 43 ], [ "R", 5 ], [ "R", 5 ], [ "R", 20 ], [ "R", 20 ], [ "R", 5 ], [ "R", 5 ], [ "R", 43 ], [ "R", 43 ], [ "R", 43 ], [ "R", 43 ], [ "R", 5 ], [ "R", 5 ], [ "R", 20 ], [ "R", 20 ], [ "R", 5 ], [ "R", 5 ], [ "R", 43 ], [ "R", 31 ], [ "R", 43 ], [ "R", 44 ], [ "R", 40 ], [ "R", 43 ], [ "R", 43 ], [ "R", 43 ], [ "R", 43 ], [ "R", 5 ], [ "R", 5 ], [ "R", 20 ], [ "R", 20 ], [ "R", 5 ], [ "R", 5 ], [ "R", 43 ], [ "R", 32 ], [ "R", 43 ], [ "R", 32 ], [ "R", 43 ], [ "R", 43 ], [ "R", 32 ], [ "R", 43 ], [ "R", 43 ], [ "R", 43 ], [ "W", 28 ], [ "W", 43 ], [ "R", 28 ], [ "R", 28 ], [ "R", 28 ], [ "R", 43 ], [ "R", 28 ], [ "R", 28 ], [ "W", 28 ], [ "W", 28 ], [ "W", 28 ], [ "R", 28 ], [ "R", 28 ], [ "R", 28 ], [ "R", 43 ], [ "R", 28 ], [ "R", 28 ], [ "W", 28 ], [ "W", 28 ], [ "W", 28 ], [ "R", 28 ], [ "R", 28 ], [ "R", 28 ], [ "R", 43 ], [ "R", 28 ], [ "R", 28 ], [ "W", 28 ], [ "W", 28 ], [ "W", 28 ], [ "W", 28 ], [ "R", 43 ], [ "R", 28 ], [ "W", 43 ], [ "W", 43 ], [ "R", 43 ], [ "R", 43 ], [ "R", 43 ], [ "R", 43 ], [ "R", 43 ], [ "R", 5 ], [ "R", 5 ], [ "R", 20 ], [ "R", 20 ], [ "R", 5 ], [ "R", 5 ], [ "R", 43 ], [ "R", 43 ], [ "R", 43 ], [ "R", 43 ], [ "R", 5 ], [ "R", 5 ], [ "R", 20 ], [ "R", 20 ], [ "R", 5 ], [ "R", 5 ], [ "R", 43 ], [ "R", 28 ] ]
    } ]
  },
  "TopicRestController.getTopicOfMe" : {
    "t" : [ {
      "id" : 0,
      "a" : [ [ "R", 40 ], [ "R", 40 ], [ "W", 40 ], [ "W", 40 ], [ "R", 11 ], [ "R", 43 ], [ "R", 40 ], [ "R", 43 ], [ "R", 41 ], [ "R", 41 ] ]
    } ]
  },
  "TopicScoreRestController.list" : {
    "t" : [ {
      "id" : 0,
      "a" : [ [ "R", 41 ] ]
    } ]
  },
  "RankingListRestController.list" : {
    "t" : [ {
      "id" : 0,
      "a" : [ [ "R", 45 ] ]
    } ]
  },
  "ProfileRestController.updateAttribute" : {
    "t" : [ {
      "id" : 0,
      "a" : [ [ "R", 43 ], [ "R", 43 ], [ "W", 44 ], [ "R", 44 ], [ "R", 44 ], [ "R", 44 ], [ "R", 43 ], [ "W", 43 ], [ "W", 43 ], [ "W", 22 ], [ "W", 22 ], [ "R", 43 ], [ "W", 22 ], [ "W", 22 ], [ "W", 43 ], [ "W", 22 ], [ "W", 22 ], [ "R", 43 ], [ "W", 22 ], [ "W", 22 ], [ "W", 43 ], [ "R", 44 ], [ "R", 44 ], [ "R", 44 ], [ "R", 43 ], [ "W", 43 ] ]
    } ]
  },
  "CourseTaxonomyRestController.list" : {
    "t" : [ {
      "id" : 0,
      "a" : [ [ "R", 14 ], [ "R", 14 ], [ "R", 14 ], [ "R", 20 ], [ "R", 14 ], [ "R", 13 ], [ "R", 13 ], [ "R", 13 ], [ "R", 14 ], [ "W", 14 ], [ "W", 13 ] ]
    } ]
  },
  "TaskController.list" : {
    "t" : [ {
      "id" : 0,
      "a" : [ [ "R", 38 ], [ "R", 38 ] ]
    } ]
  },
  "ReplyRestController.list" : {
    "t" : [ {
      "id" : 0,
      "a" : [ [ "R", 32 ] ]
    } ]
  },
  "CourseController.addExplan" : {
    "t" : [ {
      "id" : 0,
      "a" : [ [ "W", 43 ], [ "W", 40 ], [ "W", 43 ], [ "W", 40 ], [ "W", 40 ], [ "R", 40 ], [ "W", 40 ], [ "W", 40 ], [ "W", 40 ], [ "W", 40 ], [ "W", 48 ], [ "W", 48 ], [ "W", 40 ], [ "W", 48 ], [ "W", 20 ], [ "W", 40 ], [ "W", 20 ], [ "W", 13 ], [ "W", 40 ], [ "W", 13 ], [ "R", 40 ], [ "W", 40 ], [ "W", 40 ], [ "W", 40 ] ]
    } ]
  },
  "TopicController.detail" : {
    "t" : [ {
      "id" : 0,
      "a" : [ [ "R", 40 ], [ "R", 40 ], [ "W", 40 ], [ "W", 40 ], [ "R", 40 ], [ "R", 32 ] ]
    } ]
  },
  "UserAdminController.list" : {
    "t" : [ {
      "id" : 0,
      "a" : [ [ "R", 43 ] ]
    } ]
  },
  "VerificationCodeRestController.get" : {
    "t" : [ {
      "id" : 0,
      "a" : [ [ "W", 46 ], [ "W", 46 ], [ "W", 46 ], [ "W", 46 ] ]
    } ]
  },
  "TopicRestController.getTopicByReplyId" : {
    "t" : [ {
      "id" : 0,
      "a" : [ [ "R", 32 ], [ "R", 32 ], [ "R", 40 ], [ "R", 40 ], [ "R", 40 ], [ "R", 40 ], [ "W", 40 ], [ "W", 40 ], [ "R", 11 ], [ "R", 43 ], [ "R", 40 ], [ "R", 43 ] ]
    } ]
  },
  "CourseController.updateForm" : {
    "t" : [ {
      "id" : 0,
      "a" : [ [ "R", 13 ] ]
    } ]
  },
  "SponsorshipRestController.list" : {
    "t" : [ {
      "id" : 0,
      "a" : [ [ "R", 36 ], [ "R", 36 ], [ "R", 36 ], [ "R", 20 ], [ "R", 36 ], [ "R", 42 ] ]
    } ]
  },
  "QQLoginController.updateProfileForm" : {
    "t" : [ {
      "id" : 0,
      "a" : [ [ "R", 43 ] ]
    } ]
  },
  "HandshakeRestController.post" : {
    "t" : [ {
      "id" : 0,
      "a" : [ [ "R", 43 ], [ "W", 43 ], [ "W", 43 ], [ "W", 43 ], [ "W", 43 ], [ "W", 43 ], [ "W", 43 ], [ "R", 43 ], [ "W", 28 ], [ "W", 43 ], [ "R", 28 ], [ "R", 28 ], [ "R", 28 ], [ "R", 43 ], [ "R", 28 ], [ "R", 28 ], [ "W", 28 ], [ "W", 28 ], [ "W", 28 ], [ "R", 28 ], [ "R", 28 ], [ "R", 28 ], [ "R", 43 ], [ "R", 28 ], [ "R", 28 ], [ "W", 28 ], [ "W", 28 ], [ "W", 28 ], [ "R", 28 ], [ "R", 28 ], [ "R", 28 ], [ "R", 43 ], [ "R", 28 ], [ "R", 28 ], [ "W", 28 ], [ "W", 28 ], [ "W", 28 ], [ "W", 28 ], [ "R", 43 ], [ "R", 28 ], [ "W", 43 ], [ "W", 43 ], [ "R", 43 ], [ "R", 43 ], [ "R", 43 ], [ "R", 43 ], [ "R", 43 ], [ "R", 5 ], [ "R", 5 ], [ "R", 20 ], [ "R", 20 ], [ "R", 5 ], [ "R", 5 ], [ "R", 43 ], [ "R", 43 ], [ "R", 43 ], [ "R", 43 ], [ "R", 5 ], [ "R", 5 ], [ "R", 20 ], [ "R", 20 ], [ "R", 5 ], [ "R", 5 ], [ "R", 43 ], [ "R", 28 ], [ "W", 43 ], [ "R", 20 ] ]
    } ]
  },
  "QQLoginController.qqLoginAfter" : {
    "t" : [ {
      "id" : 0,
      "a" : [ [ "R", 43 ], [ "W", 44 ], [ "W", 44 ], [ "W", 44 ], [ "W", 44 ], [ "R", 30 ], [ "R", 30 ], [ "W", 43 ], [ "W", 43 ], [ "W", 43 ], [ "W", 43 ], [ "W", 44 ], [ "R", 44 ], [ "W", 44 ], [ "W", 44 ], [ "W", 44 ], [ "W", 44 ], [ "W", 43 ], [ "R", 44 ], [ "R", 44 ], [ "R", 44 ], [ "R", 43 ], [ "R", 44 ] ]
    } ]
  },
  "RemindRestController.list" : {
    "t" : [ {
      "id" : 0,
      "a" : [ [ "R", 31 ] ]
    } ]
  },
  "InviteQQController.download" : {
    "t" : [ {
      "id" : 0,
      "a" : [ [ "R", 43 ], [ "R", 43 ], [ "W", 43 ], [ "W", 43 ], [ "W", 43 ], [ "R", 6 ] ]
    } ]
  },
  "CollectionRestController.list" : {
    "t" : [ {
      "id" : 0,
      "a" : [ [ "R", 11 ] ]
    } ]
  },
  "TopicController.list" : {
    "t" : [ {
      "id" : 0,
      "a" : [ [ "R", 43 ], [ "R", 43 ], [ "R", 43 ], [ "R", 43 ], [ "R", 40 ] ]
    } ]
  },
  "ProfileController.loadMoreOfTopic" : {
    "t" : [ {
      "id" : 0,
      "a" : [ [ "R", 40 ] ]
    } ]
  },
  "TopicRestController.get" : {
    "t" : [ {
      "id" : 0,
      "a" : [ [ "R", 40 ], [ "R", 40 ], [ "W", 40 ], [ "W", 40 ], [ "R", 11 ], [ "R", 43 ], [ "R", 40 ], [ "R", 43 ] ]
    } ]
  },
  "TaskRestController.delete" : {
    "t" : [ {
      "id" : 0,
      "a" : [ [ "W", 38 ] ]
    } ]
  },
  "TaskRestController.update" : {
    "t" : [ {
      "id" : 0,
      "a" : [ [ "W", 38 ] ]
    } ]
  },
  "CheckVersionRestController.check_version" : {
    "t" : [ {
      "id" : 0,
      "a" : [ [ "R", 6 ] ]
    } ]
  },
  "ProfileControllerOLd.updateForm" : {
    "t" : [ {
      "id" : 0,
      "a" : [ [ "R", 43 ] ]
    } ]
  },
  "TopicRestController.getTopicByUser" : {
    "t" : [ {
      "id" : 0,
      "a" : [ [ "R", 40 ] ]
    } ]
  },
  "CourseRestController.get" : {
    "t" : [ {
      "id" : 0,
      "a" : [ [ "R", 13 ] ]
    } ]
  },
  "InviteQQController.invite" : {
    "t" : [ {
      "id" : 0,
      "a" : [ [ "R", 43 ] ]
    } ]
  },
  "ReferenceAvatarRestController.get" : {
    "t" : [ {
      "id" : 0,
      "a" : [ [ "R", 30 ] ]
    } ]
  },
  "SubReplyRestController.create" : {
    "t" : [ {
      "id" : 0,
      "a" : [ [ "W", 37 ], [ "R", 37 ], [ "R", 32 ], [ "R", 32 ], [ "R", 32 ], [ "R", 32 ], [ "W", 32 ], [ "W", 32 ], [ "R", 32 ], [ "R", 40 ], [ "R", 40 ], [ "W", 40 ], [ "W", 40 ], [ "R", 37 ], [ "R", 43 ], [ "R", 43 ], [ "R", 43 ], [ "R", 37 ], [ "R", 37 ], [ "R", 37 ], [ "R", 37 ], [ "R", 37 ], [ "R", 37 ], [ "W", 31 ], [ "R", 37 ], [ "W", 31 ], [ "W", 31 ], [ "W", 43 ], [ "R", 32 ], [ "W", 31 ], [ "W", 31 ], [ "R", 32 ], [ "W", 31 ], [ "R", 32 ], [ "R", 43 ], [ "W", 31 ], [ "W", 43 ], [ "R", 32 ], [ "R", 43 ], [ "R", 43 ], [ "R", 37 ], [ "R", 43 ], [ "R", 43 ], [ "W", 31 ], [ "R", 32 ], [ "R", 43 ], [ "R", 43 ], [ "R", 43 ], [ "R", 43 ], [ "R", 43 ], [ "R", 43 ], [ "R", 5 ], [ "R", 5 ], [ "R", 20 ], [ "R", 20 ], [ "R", 5 ], [ "R", 5 ], [ "R", 43 ], [ "R", 43 ], [ "R", 43 ], [ "R", 43 ], [ "R", 5 ], [ "R", 5 ], [ "R", 20 ], [ "R", 20 ], [ "R", 5 ], [ "R", 5 ], [ "R", 43 ], [ "R", 31 ], [ "R", 43 ], [ "R", 44 ], [ "R", 40 ], [ "R", 43 ], [ "R", 43 ], [ "R", 43 ], [ "R", 43 ], [ "R", 5 ], [ "R", 5 ], [ "R", 20 ], [ "R", 20 ], [ "R", 5 ], [ "R", 5 ], [ "R", 43 ], [ "R", 37 ], [ "R", 43 ], [ "R", 43 ], [ "R", 37 ], [ "R", 43 ], [ "R", 43 ], [ "W", 31 ], [ "R", 37 ], [ "W", 31 ], [ "W", 31 ], [ "W", 43 ], [ "R", 32 ], [ "W", 31 ], [ "W", 31 ], [ "R", 37 ], [ "W", 31 ], [ "R", 37 ], [ "R", 43 ], [ "W", 31 ], [ "W", 43 ], [ "W", 31 ], [ "R", 37 ], [ "R", 43 ], [ "R", 43 ], [ "R", 43 ], [ "R", 43 ], [ "R", 5 ], [ "R", 5 ], [ "R", 20 ], [ "R", 20 ], [ "R", 5 ], [ "R", 5 ], [ "R", 43 ], [ "R", 32 ], [ "R", 43 ], [ "R", 43 ], [ "R", 37 ], [ "R", 43 ], [ "R", 43 ], [ "R", 32 ], [ "R", 43 ], [ "R", 43 ], [ "R", 37 ], [ "R", 43 ], [ "R", 43 ], [ "W", 31 ], [ "R", 32 ], [ "R", 43 ], [ "R", 43 ], [ "R", 43 ], [ "R", 43 ], [ "R", 5 ], [ "R", 5 ], [ "R", 20 ], [ "R", 20 ], [ "R", 5 ], [ "R", 5 ], [ "R", 43 ], [ "R", 37 ], [ "R", 43 ], [ "R", 37 ], [ "R", 43 ], [ "R", 43 ], [ "R", 37 ], [ "R", 43 ], [ "R", 43 ], [ "R", 43 ], [ "W", 28 ], [ "W", 43 ], [ "R", 28 ], [ "R", 28 ], [ "R", 28 ], [ "R", 43 ], [ "R", 28 ], [ "R", 28 ], [ "W", 28 ], [ "W", 28 ], [ "W", 28 ], [ "R", 28 ], [ "R", 28 ], [ "R", 28 ], [ "R", 43 ], [ "R", 28 ], [ "R", 28 ], [ "W", 28 ], [ "W", 28 ], [ "W", 28 ], [ "R", 28 ], [ "R", 28 ], [ "R", 28 ], [ "R", 43 ], [ "R", 28 ], [ "R", 28 ], [ "W", 28 ], [ "W", 28 ], [ "W", 28 ], [ "W", 28 ], [ "R", 43 ], [ "R", 28 ], [ "W", 43 ], [ "W", 43 ], [ "R", 43 ], [ "R", 43 ], [ "R", 43 ], [ "R", 43 ], [ "R", 43 ], [ "R", 5 ], [ "R", 5 ], [ "R", 20 ], [ "R", 20 ], [ "R", 5 ], [ "R", 5 ], [ "R", 43 ], [ "R", 43 ], [ "R", 43 ], [ "R", 43 ], [ "R", 5 ], [ "R", 5 ], [ "R", 20 ], [ "R", 20 ], [ "R", 5 ], [ "R", 5 ], [ "R", 43 ], [ "R", 28 ] ]
    } ]
  },
  "VideoController.list" : {
    "t" : [ {
      "id" : 0,
      "a" : [ [ "R", 47 ], [ "R", 47 ], [ "R", 47 ], [ "R", 20 ], [ "R", 47 ], [ "R", 47 ], [ "R", 20 ] ]
    } ]
  },
  "ShopRestController.list" : {
    "t" : [ {
      "id" : 0,
      "a" : [ [ "R", 33 ], [ "R", 33 ], [ "R", 20 ], [ "R", 33 ], [ "R", 33 ], [ "R", 20 ] ]
    } ]
  },
  "UserAdminController.delete" : {
    "t" : [ {
      "id" : 0,
      "a" : [ [ "R", 43 ], [ "W", 43 ], [ "R", 38 ], [ "R", 38 ], [ "R", 44 ], [ "R", 44 ] ]
    } ]
  },
  "GoodsRestController.listByShop" : {
    "t" : [ {
      "id" : 0,
      "a" : [ [ "R", 18 ] ]
    } ]
  },
  "TopicAgreeRestController.agree" : {
    "t" : [ {
      "id" : 0,
      "a" : [ [ "R", 40 ], [ "R", 40 ], [ "W", 40 ], [ "W", 40 ], [ "R", 43 ], [ "R", 40 ], [ "R", 43 ], [ "R", 40 ], [ "W", 40 ], [ "R", 40 ], [ "W", 40 ], [ "W", 40 ], [ "W", 40 ] ]
    } ]
  },
  "GeoRestController.list" : {
    "t" : [ {
      "id" : 0,
      "a" : [ [ "R", 43 ], [ "W", 43 ], [ "W", 43 ], [ "W", 43 ], [ "W", 43 ], [ "W", 43 ], [ "R", 43 ] ]
    } ]
  },
  "DiscussController.detail" : {
    "t" : [ {
      "id" : 0,
      "a" : [ [ "R", 40 ], [ "R", 40 ], [ "W", 40 ], [ "W", 40 ], [ "R", 32 ] ]
    } ]
  },
  "CourseController.loadMore" : {
    "t" : [ {
      "id" : 0,
      "a" : [ [ "R", 40 ] ]
    } ]
  },
  "QQLoginController.updateProfile" : {
    "t" : [ {
      "id" : 0,
      "a" : [ [ "R", 43 ], [ "W", 43 ], [ "R", 44 ], [ "W", 44 ], [ "R", 44 ], [ "W", 44 ], [ "W", 43 ], [ "R", 44 ], [ "R", 44 ], [ "R", 44 ], [ "R", 43 ], [ "R", 44 ] ]
    } ]
  },
  "SubReplyRestController.list" : {
    "t" : [ {
      "id" : 0,
      "a" : [ [ "R", 37 ], [ "R", 37 ], [ "R", 37 ], [ "R", 37 ], [ "R", 37 ] ]
    } ]
  },
  "VideoController.detail" : {
    "t" : [ {
      "id" : 0,
      "a" : [ [ "R", 40 ], [ "R", 40 ], [ "W", 40 ], [ "W", 40 ], [ "R", 32 ] ]
    } ]
  },
  "AlipayAsyncNotify.async" : {
    "t" : [ {
      "id" : 0,
      "a" : [ [ "W", 1 ], [ "W", 1 ], [ "W", 1 ], [ "R", 42 ], [ "W", 42 ], [ "W", 42 ] ]
    } ]
  },
  "ProfileRestController.update" : {
    "t" : [ {
      "id" : 0,
      "a" : [ [ "R", 44 ], [ "R", 43 ], [ "R", 43 ], [ "R", 43 ], [ "R", 43 ], [ "R", 43 ], [ "R", 44 ], [ "W", 44 ], [ "R", 43 ], [ "W", 43 ], [ "R", 43 ], [ "W", 43 ], [ "R", 43 ], [ "W", 43 ], [ "W", 43 ] ]
    } ]
  },
  "ReplyRestController.get" : {
    "t" : [ {
      "id" : 0,
      "a" : [ [ "R", 32 ] ]
    } ]
  },
  "TaskController.updateForm" : {
    "t" : [ {
      "id" : 0,
      "a" : [ [ "R", 38 ] ]
    } ]
  },
  "TaskController.delete" : {
    "t" : [ {
      "id" : 0,
      "a" : [ [ "W", 38 ] ]
    } ]
  },
  "CourseController.revision" : {
    "t" : [ {
      "id" : 0,
      "a" : [ [ "R", 13 ], [ "R", 13 ] ]
    } ]
  },
  "GroupRestController.create" : {
    "t" : [ {
      "id" : 0,
      "a" : [ [ "W", 43 ], [ "W", 19 ], [ "W", 43 ], [ "R", 19 ], [ "R", 19 ], [ "W", 19 ] ]
    } ]
  },
  "CourseController.detail" : {
    "t" : [ {
      "id" : 0,
      "a" : [ [ "R", 13 ], [ "R", 40 ], [ "R", 40 ], [ "R", 40 ] ]
    } ]
  },
  "HandshakeRestController.get" : {
    "t" : [ {
      "id" : 0,
      "a" : [ [ "R", 20 ] ]
    } ]
  },
  "FollowingRestCOntroller.list" : {
    "t" : [ {
      "id" : 0,
      "a" : [ [ "R", 43 ], [ "R", 43 ], [ "R", 43 ] ]
    } ]
  },
  "TaskRestController.list" : {
    "t" : [ {
      "id" : 0,
      "a" : [ [ "R", 38 ] ]
    } ]
  },
  "PointRestController.getAutoLoginUrl" : {
    "t" : [ {
      "id" : 0,
      "a" : [ [ "R", 5 ], [ "R", 5 ], [ "R", 20 ], [ "R", 20 ], [ "R", 5 ], [ "R", 5 ], [ "R", 43 ], [ "R", 43 ], [ "R", 43 ] ]
    } ]
  },
  "DuibaRestController.receiveDuiBaResult" : {
    "t" : [ {
      "id" : 0,
      "a" : [ [ "R", 5 ], [ "R", 5 ], [ "R", 20 ], [ "R", 20 ], [ "R", 5 ], [ "R", 5 ] ]
    } ]
  },
  "SiteRestController.create" : {
    "t" : [ {
      "id" : 0,
      "a" : [ [ "W", 43 ], [ "W", 35 ], [ "W", 43 ], [ "W", 35 ] ]
    } ]
  },
  "GoodsAdminController.createForm" : {
    "t" : [ {
      "id" : 0,
      "a" : [ [ "R", 33 ], [ "R", 33 ], [ "R", 20 ], [ "R", 20 ], [ "R", 7 ] ]
    } ]
  },
  "TopicController.create" : {
    "t" : [ {
      "id" : 0,
      "a" : [ [ "W", 43 ], [ "W", 40 ], [ "W", 43 ], [ "W", 40 ], [ "W", 40 ], [ "R", 40 ], [ "W", 25 ], [ "W", 24 ], [ "W", 24 ], [ "W", 24 ], [ "W", 24 ], [ "R", 24 ], [ "R", 25 ], [ "R", 24 ], [ "W", 25 ], [ "W", 24 ], [ "W", 25 ], [ "W", 40 ], [ "W", 25 ], [ "W", 40 ], [ "W", 40 ], [ "W", 40 ] ]
    } ]
  },
  "TopicAgreeRestController.agreePost" : {
    "t" : [ {
      "id" : 0,
      "a" : [ [ "R", 40 ], [ "R", 40 ], [ "W", 40 ], [ "W", 40 ], [ "R", 43 ], [ "R", 40 ], [ "R", 43 ], [ "R", 40 ], [ "W", 40 ], [ "R", 40 ], [ "W", 40 ], [ "W", 40 ], [ "W", 40 ], [ "R", 40 ] ]
    } ]
  },
  "GroupRestController.list" : {
    "t" : [ {
      "id" : 0,
      "a" : [ [ "R", 19 ] ]
    } ]
  },
  "TopicRestController.getTopicOfFine" : {
    "t" : [ {
      "id" : 0,
      "a" : [ [ "R", 40 ], [ "R", 40 ], [ "R", 20 ], [ "R", 40 ], [ "R", 40 ], [ "R", 20 ], [ "R", 40 ] ]
    } ]
  },
  "ProfileController.loadMoreOfVideo" : {
    "t" : [ {
      "id" : 0,
      "a" : [ [ "R", 47 ] ]
    } ]
  },
  "DuibaRestController.deductionPoints" : {
    "t" : [ {
      "id" : 0,
      "a" : [ [ "R", 5 ], [ "R", 5 ], [ "R", 20 ], [ "R", 20 ], [ "R", 5 ], [ "R", 5 ], [ "R", 43 ], [ "R", 43 ], [ "W", 43 ], [ "W", 43 ] ]
    } ]
  },
  "TopicRestController.create" : {
    "t" : [ {
      "id" : 0,
      "a" : [ [ "R", 40 ], [ "R", 20 ], [ "R", 20 ], [ "W", 20 ], [ "W", 40 ], [ "W", 20 ], [ "W", 40 ], [ "R", 40 ], [ "W", 40 ], [ "W", 40 ], [ "W", 40 ], [ "R", 43 ], [ "W", 28 ], [ "W", 43 ], [ "R", 28 ], [ "R", 28 ], [ "R", 28 ], [ "R", 43 ], [ "R", 28 ], [ "R", 28 ], [ "W", 28 ], [ "W", 28 ], [ "W", 28 ], [ "R", 28 ], [ "R", 28 ], [ "R", 28 ], [ "R", 43 ], [ "R", 28 ], [ "R", 28 ], [ "W", 28 ], [ "W", 28 ], [ "W", 28 ], [ "R", 28 ], [ "R", 28 ], [ "R", 28 ], [ "R", 43 ], [ "R", 28 ], [ "R", 28 ], [ "W", 28 ], [ "W", 28 ], [ "W", 28 ], [ "W", 28 ], [ "R", 43 ], [ "R", 28 ], [ "W", 43 ], [ "W", 43 ], [ "R", 43 ], [ "R", 43 ], [ "R", 43 ], [ "R", 43 ], [ "R", 43 ], [ "R", 5 ], [ "R", 5 ], [ "R", 20 ], [ "R", 20 ], [ "R", 5 ], [ "R", 5 ], [ "R", 43 ], [ "R", 43 ], [ "R", 43 ], [ "R", 43 ], [ "R", 5 ], [ "R", 5 ], [ "R", 20 ], [ "R", 20 ], [ "R", 5 ], [ "R", 5 ], [ "R", 43 ], [ "R", 28 ], [ "R", 40 ], [ "R", 40 ], [ "R", 40 ], [ "W", 40 ], [ "W", 40 ] ]
    } ]
  },
  "CourseController.update" : {
    "t" : [ {
      "id" : 0,
      "a" : [ [ "R", 13 ], [ "R", 13 ], [ "R", 13 ], [ "W", 13 ], [ "R", 13 ], [ "W", 13 ], [ "W", 13 ], [ "R", 13 ], [ "R", 43 ], [ "W", 13 ], [ "W", 43 ], [ "R", 13 ], [ "R", 14 ], [ "W", 13 ], [ "W", 14 ], [ "R", 13 ], [ "W", 13 ], [ "W", 13 ], [ "R", 13 ], [ "R", 13 ], [ "W", 13 ], [ "W", 13 ], [ "R", 13 ], [ "W", 13 ], [ "R", 13 ], [ "W", 13 ], [ "R", 13 ], [ "W", 13 ], [ "W", 13 ], [ "W", 13 ] ]
    } ]
  },
  "HomeController.list" : {
    "t" : [ {
      "id" : 0,
      "a" : [ [ "R", 40 ], [ "R", 40 ], [ "R", 40 ], [ "R", 40 ], [ "R", 20 ], [ "R", 40 ], [ "R", 40 ], [ "R", 20 ], [ "R", 40 ], [ "R", 40 ], [ "W", 40 ], [ "R", 40 ], [ "W", 40 ], [ "R", 40 ], [ "W", 40 ], [ "R", 40 ], [ "W", 40 ] ]
    } ]
  },
  "CollectionRestController.delete" : {
    "t" : [ {
      "id" : 0,
      "a" : [ [ "R", 11 ], [ "W", 11 ], [ "W", 11 ] ]
    } ]
  },
  "CourseController.loadMoreOfQuestion" : {
    "t" : [ {
      "id" : 0,
      "a" : [ [ "R", 40 ] ]
    } ]
  },
  "CourseController.createForm" : {
    "t" : [ {
      "id" : 0,
      "a" : [ [ "R", 14 ], [ "R", 14 ], [ "R", 14 ], [ "R", 20 ], [ "R", 14 ], [ "R", 13 ], [ "R", 13 ], [ "R", 13 ], [ "R", 14 ], [ "W", 14 ], [ "W", 13 ] ]
    } ]
  },
  "CourseController.loadMoreOfCourse" : {
    "t" : [ {
      "id" : 0,
      "a" : [ [ "R", 40 ] ]
    } ]
  },
  "QQLoginController.qqLoginRedirect" : {
    "t" : [ {
      "id" : 0,
      "a" : [ [ "R", 43 ], [ "W", 44 ], [ "W", 44 ], [ "W", 44 ], [ "W", 44 ], [ "R", 30 ], [ "R", 30 ], [ "W", 43 ], [ "W", 43 ], [ "W", 43 ], [ "W", 43 ], [ "W", 44 ], [ "R", 44 ], [ "W", 44 ], [ "W", 44 ], [ "W", 44 ], [ "W", 44 ], [ "W", 43 ], [ "R", 44 ], [ "R", 44 ], [ "R", 44 ], [ "R", 43 ], [ "R", 44 ] ]
    } ]
  },
  "ActivityRestController.list" : {
    "t" : [ {
      "id" : 0,
      "a" : [ [ "R", 2 ] ]
    } ]
  },
  "QQLoginRedirectController.get" : {
    "t" : [ {
      "id" : 0,
      "a" : [ [ "R", 43 ], [ "W", 44 ], [ "W", 44 ], [ "W", 44 ], [ "W", 44 ], [ "W", 44 ], [ "R", 44 ], [ "W", 44 ], [ "W", 44 ], [ "W", 44 ], [ "W", 44 ], [ "W", 43 ], [ "R", 44 ], [ "R", 44 ], [ "R", 44 ], [ "R", 43 ] ]
    } ]
  },
  "DiscussController.list" : {
    "t" : [ {
      "id" : 0,
      "a" : [ [ "R", 40 ], [ "R", 40 ], [ "R", 40 ], [ "R", 20 ], [ "R", 40 ], [ "R", 40 ], [ "R", 20 ], [ "R", 40 ], [ "R", 39 ], [ "R", 40 ], [ "R", 40 ], [ "R", 20 ], [ "R", 40 ], [ "R", 40 ], [ "R", 20 ], [ "R", 39 ] ]
    } ]
  },
  "ExhibitionRestController.list" : {
    "t" : [ {
      "id" : 0,
      "a" : [ [ "R", 17 ], [ "R", 17 ], [ "R", 20 ], [ "R", 17 ], [ "R", 17 ], [ "R", 20 ] ]
    } ]
  },
  "GoodsAdminController.create" : {
    "t" : [ {
      "id" : 0,
      "a" : [ [ "W", 7 ], [ "W", 18 ], [ "W", 7 ], [ "R", 33 ], [ "W", 18 ], [ "W", 33 ], [ "W", 18 ], [ "W", 18 ] ]
    } ]
  },
  "VideoController.create" : {
    "t" : [ {
      "id" : 0,
      "a" : [ [ "W", 43 ], [ "W", 40 ], [ "W", 43 ], [ "W", 40 ], [ "W", 40 ], [ "R", 40 ], [ "W", 40 ], [ "W", 40 ], [ "W", 48 ], [ "W", 48 ], [ "W", 40 ], [ "W", 48 ], [ "W", 20 ], [ "W", 40 ], [ "W", 20 ], [ "W", 40 ], [ "W", 47 ] ]
    } ]
  },
  "AccountRestController.phoneRegister" : {
    "t" : [ {
      "id" : 0,
      "a" : [ [ "R", 44 ], [ "R", 44 ], [ "W", 44 ], [ "W", 44 ], [ "W", 44 ], [ "W", 43 ], [ "W", 44 ], [ "R", 43 ], [ "W", 43 ], [ "W", 43 ], [ "R", 44 ], [ "R", 43 ], [ "R", 46 ], [ "R", 43 ], [ "W", 44 ], [ "R", 44 ], [ "W", 44 ], [ "W", 44 ], [ "W", 44 ], [ "W", 44 ], [ "W", 43 ], [ "R", 44 ], [ "R", 44 ], [ "R", 44 ], [ "R", 43 ] ]
    } ]
  },
  "TopicController.createReply" : {
    "t" : [ {
      "id" : 0,
      "a" : [ [ "W", 32 ], [ "W", 43 ], [ "W", 40 ], [ "W", 32 ], [ "W", 43 ], [ "W", 32 ], [ "W", 40 ], [ "R", 32 ], [ "R", 40 ], [ "R", 40 ], [ "R", 40 ], [ "R", 40 ], [ "W", 32 ], [ "W", 32 ], [ "R", 40 ], [ "W", 40 ], [ "R", 40 ], [ "W", 40 ], [ "W", 40 ], [ "W", 31 ], [ "R", 32 ], [ "W", 31 ], [ "R", 32 ], [ "R", 43 ], [ "W", 31 ], [ "W", 43 ], [ "R", 40 ], [ "W", 31 ], [ "W", 31 ], [ "R", 40 ], [ "W", 31 ], [ "R", 40 ], [ "R", 43 ], [ "W", 31 ], [ "W", 43 ], [ "R", 32 ], [ "R", 43 ], [ "R", 43 ], [ "R", 40 ], [ "R", 43 ], [ "R", 43 ], [ "R", 32 ], [ "R", 43 ], [ "R", 43 ], [ "R", 43 ], [ "W", 31 ], [ "W", 43 ], [ "W", 31 ], [ "R", 40 ], [ "R", 43 ], [ "R", 43 ], [ "R", 43 ], [ "R", 43 ], [ "R", 43 ], [ "R", 43 ], [ "R", 5 ], [ "R", 5 ], [ "R", 20 ], [ "R", 20 ], [ "R", 5 ], [ "R", 5 ], [ "R", 43 ], [ "R", 43 ], [ "R", 43 ], [ "R", 43 ], [ "R", 5 ], [ "R", 5 ], [ "R", 20 ], [ "R", 20 ], [ "R", 5 ], [ "R", 5 ], [ "R", 43 ], [ "R", 31 ], [ "R", 43 ], [ "R", 44 ], [ "R", 40 ], [ "R", 43 ], [ "R", 43 ], [ "R", 43 ], [ "R", 43 ], [ "R", 5 ], [ "R", 5 ], [ "R", 20 ], [ "R", 20 ], [ "R", 5 ], [ "R", 5 ], [ "R", 43 ], [ "R", 32 ], [ "R", 43 ], [ "R", 32 ], [ "R", 43 ], [ "R", 43 ], [ "R", 32 ], [ "R", 43 ], [ "R", 43 ], [ "R", 43 ], [ "W", 28 ], [ "W", 43 ], [ "R", 28 ], [ "R", 28 ], [ "R", 28 ], [ "R", 43 ], [ "R", 28 ], [ "R", 28 ], [ "W", 28 ], [ "W", 28 ], [ "W", 28 ], [ "R", 28 ], [ "R", 28 ], [ "R", 28 ], [ "R", 43 ], [ "R", 28 ], [ "R", 28 ], [ "W", 28 ], [ "W", 28 ], [ "W", 28 ], [ "R", 28 ], [ "R", 28 ], [ "R", 28 ], [ "R", 43 ], [ "R", 28 ], [ "R", 28 ], [ "W", 28 ], [ "W", 28 ], [ "W", 28 ], [ "W", 28 ], [ "R", 43 ], [ "R", 28 ], [ "W", 43 ], [ "W", 43 ], [ "R", 43 ], [ "R", 43 ], [ "R", 43 ], [ "R", 43 ], [ "R", 43 ], [ "R", 5 ], [ "R", 5 ], [ "R", 20 ], [ "R", 20 ], [ "R", 5 ], [ "R", 5 ], [ "R", 43 ], [ "R", 43 ], [ "R", 43 ], [ "R", 43 ], [ "R", 5 ], [ "R", 5 ], [ "R", 20 ], [ "R", 20 ], [ "R", 5 ], [ "R", 5 ], [ "R", 43 ], [ "R", 28 ] ]
    } ]
  },
  "HomeController.user" : {
    "t" : [ {
      "id" : 0,
      "a" : [ [ "R", 43 ] ]
    } ]
  },
  "TopicRestController.list" : {
    "t" : [ {
      "id" : 0,
      "a" : [ [ "R", 40 ], [ "R", 40 ], [ "R", 40 ], [ "R", 20 ], [ "R", 40 ], [ "R", 40 ], [ "R", 20 ], [ "R", 40 ], [ "R", 40 ], [ "R", 40 ], [ "R", 20 ], [ "R", 40 ], [ "R", 40 ], [ "R", 20 ], [ "R", 40 ], [ "R", 40 ], [ "R", 20 ], [ "R", 40 ], [ "R", 40 ], [ "R", 20 ], [ "R", 40 ], [ "R", 39 ], [ "R", 40 ], [ "R", 40 ], [ "R", 40 ], [ "R", 20 ], [ "R", 40 ], [ "R", 40 ], [ "R", 20 ] ]
    } ]
  },
  "TaskController.update" : {
    "t" : [ {
      "id" : 0,
      "a" : [ [ "W", 38 ] ]
    } ]
  },
  "InviteBoardController.invite" : {
    "t" : [ {
      "id" : 0,
      "a" : [ [ "R", 43 ], [ "R", 43 ] ]
    } ]
  },
  "ShopAdminController.my" : {
    "t" : [ {
      "id" : 0,
      "a" : [ [ "R", 33 ] ]
    } ]
  },
  "DiscussController.create" : {
    "t" : [ {
      "id" : 0,
      "a" : [ [ "W", 20 ], [ "W", 40 ], [ "W", 20 ], [ "W", 39 ], [ "W", 40 ], [ "W", 39 ], [ "W", 43 ], [ "W", 40 ], [ "W", 43 ], [ "W", 40 ], [ "W", 40 ], [ "W", 40 ], [ "R", 40 ], [ "W", 25 ], [ "W", 24 ], [ "W", 24 ], [ "W", 24 ], [ "W", 24 ], [ "R", 24 ], [ "R", 25 ], [ "R", 24 ], [ "W", 25 ], [ "W", 24 ], [ "W", 25 ], [ "W", 40 ], [ "W", 25 ], [ "W", 40 ], [ "W", 40 ], [ "W", 40 ] ]
    } ]
  },
  "VideoRestController.list" : {
    "t" : [ {
      "id" : 0,
      "a" : [ [ "R", 47 ] ]
    } ]
  },
  "VerificationCodeRestController.check" : {
    "t" : [ {
      "id" : 0,
      "a" : [ [ "R", 46 ] ]
    } ]
  },
  "GeoRestController.updatePoint" : {
    "t" : [ {
      "id" : 0,
      "a" : [ [ "R", 43 ], [ "W", 43 ], [ "W", 43 ], [ "W", 43 ], [ "W", 43 ], [ "W", 43 ], [ "W", 43 ], [ "W", 43 ], [ "W", 43 ], [ "W", 43 ], [ "W", 43 ] ]
    } ]
  },
  "PointRestController.receiveDuiBaResult" : {
    "t" : [ {
      "id" : 0,
      "a" : [ [ "R", 5 ], [ "R", 5 ], [ "R", 20 ], [ "R", 20 ], [ "R", 5 ], [ "R", 5 ] ]
    } ]
  },
  "UserRestController.get" : {
    "t" : [ {
      "id" : 0,
      "a" : [ [ "R", 43 ] ]
    } ]
  },
  "GoodsRestController.listByCategory" : {
    "t" : [ {
      "id" : 0,
      "a" : [ [ "R", 18 ], [ "R", 18 ], [ "R", 7 ], [ "R", 18 ], [ "R", 18 ], [ "R", 7 ] ]
    } ]
  },
  "PointRestController.getUserPoint" : {
    "t" : [ {
      "id" : 0,
      "a" : [ [ "R", 43 ], [ "R", 43 ] ]
    } ]
  },
  "GoodsRestController.list" : {
    "t" : [ {
      "id" : 0,
      "a" : [ [ "R", 18 ] ]
    } ]
  },
  "InviteController.invite" : {
    "t" : [ {
      "id" : 0,
      "a" : [ [ "R", 43 ] ]
    } ]
  },
  "TopicScoreRestController.create" : {
    "t" : [ {
      "id" : 0,
      "a" : [ [ "W", 43 ], [ "R", 41 ], [ "W", 41 ], [ "W", 41 ], [ "W", 43 ], [ "R", 40 ], [ "R", 40 ], [ "W", 40 ], [ "W", 40 ], [ "W", 40 ], [ "W", 41 ], [ "W", 40 ], [ "W", 41 ], [ "R", 41 ], [ "R", 41 ], [ "R", 41 ], [ "R", 40 ], [ "R", 41 ], [ "R", 41 ], [ "R", 41 ], [ "R", 40 ], [ "W", 40 ], [ "W", 40 ], [ "R", 40 ], [ "W", 40 ], [ "W", 40 ], [ "W", 40 ], [ "R", 40 ], [ "R", 20 ], [ "R", 40 ], [ "R", 20 ], [ "R", 40 ], [ "R", 43 ], [ "R", 43 ], [ "R", 40 ], [ "R", 20 ], [ "R", 40 ], [ "R", 20 ], [ "R", 20 ], [ "R", 40 ], [ "R", 40 ], [ "R", 20 ], [ "R", 40 ], [ "R", 40 ], [ "R", 43 ], [ "R", 40 ], [ "R", 20 ], [ "R", 40 ], [ "R", 13 ], [ "R", 13 ], [ "R", 13 ], [ "R", 40 ], [ "R", 13 ], [ "R", 40 ], [ "R", 13 ], [ "R", 40 ], [ "R", 20 ], [ "R", 45 ], [ "W", 45 ], [ "W", 20 ], [ "R", 40 ], [ "R", 43 ], [ "W", 45 ], [ "W", 43 ], [ "W", 45 ], [ "W", 45 ] ]
    } ]
  },
  "HomeLoadMoreController.list_fragment" : {
    "t" : [ {
      "id" : 0,
      "a" : [ [ "R", 40 ], [ "R", 40 ], [ "W", 40 ], [ "R", 40 ], [ "W", 40 ], [ "R", 40 ], [ "W", 40 ], [ "R", 40 ], [ "W", 40 ] ]
    } ]
  },
  "AccountRestController.qq_login" : {
    "t" : [ {
      "id" : 0,
      "a" : [ [ "R", 43 ], [ "R", 44 ] ]
    } ]
  },
  "CityGroupRestController.list" : {
    "t" : [ {
      "id" : 0,
      "a" : [ [ "R", 10 ] ]
    } ]
  },
  "SiteController.list" : {
    "t" : [ {
      "id" : 0,
      "a" : [ [ "R", 35 ], [ "R", 35 ], [ "R", 35 ], [ "R", 20 ], [ "R", 35 ], [ "R", 35 ], [ "R", 20 ] ]
    } ]
  },
  "ProfileRestController.updateBackground" : {
    "t" : [ {
      "id" : 0,
      "a" : [ [ "R", 43 ], [ "R", 43 ], [ "R", 43 ], [ "W", 43 ], [ "W", 43 ] ]
    } ]
  },
  "ProvinceRestController.list" : {
    "t" : [ {
      "id" : 0,
      "a" : [ [ "R", 29 ] ]
    } ]
  },
  "InviteRestController.getInviter" : {
    "t" : [ {
      "id" : 0,
      "a" : [ [ "R", 43 ], [ "R", 43 ], [ "R", 43 ] ]
    } ]
  },
  "ProfileControllerOLd.update" : {
    "t" : [ {
      "id" : 0,
      "a" : [ [ "R", 44 ], [ "W", 44 ], [ "R", 44 ], [ "W", 44 ], [ "W", 43 ], [ "R", 44 ], [ "R", 44 ], [ "R", 44 ], [ "R", 43 ], [ "R", 44 ] ]
    } ]
  },
  "UserAdminController.updateForm" : {
    "t" : [ {
      "id" : 0,
      "a" : [ [ "R", 43 ] ]
    } ]
  },
  "CategoryPredefinedRestController.list" : {
    "t" : [ {
      "id" : 0,
      "a" : [ [ "R", 8 ] ]
    } ]
  },
  "DanmuBiRestController.get" : {
    "t" : [ {
      "id" : 0,
      "a" : [ [ "R", 15 ], [ "R", 15 ], [ "R", 15 ], [ "R", 15 ] ]
    } ]
  },
  "PointRestController.getHistory" : {
    "t" : [ {
      "id" : 0,
      "a" : [ [ "R", 28 ] ]
    } ]
  },
  "DanmuRestController.list" : {
    "t" : [ {
      "id" : 0,
      "a" : [ [ "R", 15 ] ]
    } ]
  },
  "CourseController.create" : {
    "t" : [ {
      "id" : 0,
      "a" : [ [ "W", 43 ], [ "W", 13 ], [ "W", 43 ], [ "W", 13 ], [ "W", 13 ], [ "W", 14 ], [ "W", 13 ], [ "W", 14 ], [ "W", 13 ] ]
    } ]
  },
  "CourseRestController.explainList" : {
    "t" : [ {
      "id" : 0,
      "a" : [ [ "R", 40 ] ]
    } ]
  },
  "CourseController.addExplanForm" : {
    "t" : [ {
      "id" : 0,
      "a" : [ [ "R", 13 ] ]
    } ]
  },
  "RegisterController.checkLoginName" : {
    "t" : [ {
      "id" : 0,
      "a" : [ [ "R", 43 ] ]
    } ]
  },
  "SiteRestController.list" : {
    "t" : [ {
      "id" : 0,
      "a" : [ [ "R", 35 ], [ "R", 35 ], [ "R", 20 ], [ "R", 35 ], [ "R", 35 ], [ "R", 20 ] ]
    } ]
  },
  "ReplyRestController.getHot" : {
    "t" : [ {
      "id" : 0,
      "a" : [ [ "R", 32 ] ]
    } ]
  },
  "InviteController.create" : {
    "t" : [ {
      "id" : 0,
      "a" : [ [ "R", 43 ], [ "W", 23 ], [ "W", 23 ], [ "W", 43 ], [ "W", 23 ] ]
    } ]
  }
}