{
  "1" : "AccessLog",
  "2" : "Activity",
  "3" : "ActivityDetail",
  "4" : "AppConfig",
  "5" : "AppKey",
  "6" : "AppVersion",
  "7" : "Category",
  "8" : "CategoryPredefined",
  "9" : "City",
  "10" : "CityGroup",
  "11" : "Collection",
  "12" : "Country",
  "13" : "Course",
  "14" : "CourseTaxonomy",
  "15" : "Danmu",
  "16" : "Discussion",
  "17" : "Exhibition",
  "18" : "Goods",
  "19" : "Group",
  "20" : "Hobby",
  "21" : "IdEntity",
  "22" : "ImageHistory",
  "23" : "Invite",
  "24" : "Media",
  "25" : "MediaWrap",
  "26" : "Mood",
  "27" : "News",
  "28" : "Point",
  "29" : "Province",
  "30" : "ReferenceAvatar",
  "31" : "Remind",
  "32" : "Reply",
  "33" : "Shop",
  "34" : "ShortVideo",
  "35" : "Site",
  "36" : "Sponsorship",
  "37" : "SubReply",
  "38" : "Task",
  "39" : "Taxonomy",
  "40" : "Topic",
  "41" : "TopicScore",
  "42" : "Trade",
  "43" : "User",
  "44" : "UserBase",
  "45" : "UserScore",
  "46" : "VerificationCode",
  "47" : "Video",
  "48" : "VideoDetail"
}