{
  "1" : "AcademicAccessRule",
  "2" : "AcademicCalendarEntry",
  "3" : "AcademicCalendarRootEntry",
  "4" : "AcademicEvent",
  "5" : "AcademicEventExemption",
  "6" : "AcademicEventExemptionJustification",
  "7" : "AcademicProgram",
  "8" : "AcademicSemesterCE",
  "9" : "AcademicServiceRequest",
  "10" : "AcademicServiceRequestEvent",
  "11" : "AcademicServiceRequestSituation",
  "12" : "AcademicServiceRequestYear",
  "13" : "AcademicTrimesterCE",
  "14" : "AcademicYearCE",
  "15" : "AcademicalInstitutionUnit",
  "16" : "AccessRule",
  "17" : "AccessRuleSystem",
  "18" : "Account",
  "19" : "Accountability",
  "20" : "AccountabilityImportRegister",
  "21" : "AccountabilityType",
  "22" : "AccountingEventPaymentCode",
  "23" : "AccountingTransaction",
  "24" : "AccountingTransactionDetail",
  "25" : "AdHocEvaluation",
  "26" : "AdministrativeOffice",
  "27" : "AdministrativeOfficeFeeAndInsuranceEvent",
  "28" : "AdministrativeOfficeFeeAndInsuranceExemption",
  "29" : "AdministrativeOfficeFeeAndInsuranceExemptionJustification",
  "30" : "AdministrativeOfficeFeeAndInsuranceExemptionJustificationByDispatch",
  "31" : "AdministrativeOfficeFeeAndInsurancePR",
  "32" : "AdministrativeOfficeFeeAndInsurancePenaltyExemption",
  "33" : "AdministrativeOfficeFeeEvent",
  "34" : "AdministrativeOfficeFeeExemption",
  "35" : "AdministrativeOfficeFeePR",
  "36" : "AdministrativeOfficeServiceAgreementTemplate",
  "37" : "AdministrativeOfficeUnit",
  "38" : "AdmittedCandidacySituation",
  "39" : "AffinityCycleCourseGroupLog",
  "40" : "AggregateUnit",
  "41" : "Alert",
  "42" : "Alumni",
  "43" : "AlumniIdentityCheckRequest",
  "44" : "AlumniReportFile",
  "45" : "AndRule",
  "46" : "AnnualEvent",
  "47" : "AnnualIRSDeclarationDocument",
  "48" : "AnyCurricularCourse",
  "49" : "ApprovedLearningAgreementDocumentFile",
  "50" : "ApprovedLearningAgreementExecutedAction",
  "51" : "ApprovementCertificateRequest",
  "52" : "ApprovementCertificateRequestPR",
  "53" : "ApprovementMobilityCertificateRequest",
  "54" : "Attends",
  "55" : "BaseAmountPlusAmountPerPagePR",
  "56" : "BaseAmountPlusAmountPerUnitPR",
  "57" : "BibliographicReference",
  "58" : "BolonhaAdvancedFormationDiplomaRequestEvent",
  "59" : "BolonhaAdvancedSpecializationDiplomaRequestEvent",
  "60" : "BolonhaDegreeDiplomaRequestEvent",
  "61" : "BolonhaMasterDegreeDiplomaRequestEvent",
  "62" : "Branch",
  "63" : "BranchCourseGroup",
  "64" : "BranchCurriculumGroup",
  "65" : "BusinessArea",
  "66" : "CanceledState",
  "67" : "CancelledCandidacySituation",
  "68" : "CandidaciesLog",
  "69" : "Candidacy",
  "70" : "CandidacyDocument",
  "71" : "CandidacyDocumentFile",
  "72" : "CandidacyPeriod",
  "73" : "CandidacyPeriodInDegreeCurricularPlan",
  "74" : "CandidacyPrecedentDegreeInformation",
  "75" : "CandidacyProcess",
  "76" : "CandidacyProcessCandidacyPeriod",
  "77" : "CandidacySituation",
  "78" : "CandidacySummaryFile",
  "79" : "CerimonyInquiry",
  "80" : "CerimonyInquiryAnswer",
  "81" : "CerimonyInquiryPerson",
  "82" : "CertificateRequest",
  "83" : "CertificateRequestEvent",
  "84" : "CertificateRequestPR",
  "85" : "CertificateRequestWithoutBasePR",
  "86" : "CompetenceCourse",
  "87" : "CompetenceCourseExtraInformation",
  "88" : "CompetenceCourseExtraInformationChangeRequest",
  "89" : "CompetenceCourseGroupUnit",
  "90" : "CompetenceCourseInformation",
  "91" : "CompetenceCourseInformationChangeRequest",
  "92" : "CompetenceCourseLoad",
  "93" : "CompositeRule",
  "94" : "ConcludedState",
  "95" : "ConclusionProcess",
  "96" : "ConclusionProcessVersion",
  "97" : "ConnectionRule",
  "98" : "ContactRoot",
  "99" : "ContentManagementLog",
  "100" : "Context",
  "101" : "ConversationMessage",
  "102" : "ConversationThread",
  "103" : "CoordinationTeamLog",
  "104" : "Coordinator",
  "105" : "CoordinatorLog",
  "106" : "CostCenter",
  "107" : "Country",
  "108" : "CountryUnit",
  "109" : "CourseGroup",
  "110" : "CourseGroupChangeRequest",
  "111" : "CourseLoad",
  "112" : "CourseLoadAndResponsiblesReportFile",
  "113" : "CourseLoadReportFile",
  "114" : "CourseLoadRequest",
  "115" : "CourseLoadRequestPR",
  "116" : "CreditNote",
  "117" : "CreditNoteEntry",
  "118" : "CreditNoteGeneratedDocument",
  "119" : "Credits",
  "120" : "CreditsDismissal",
  "121" : "CreditsDismissalLog",
  "122" : "CreditsLimit",
  "123" : "CurricularCourse",
  "124" : "CurricularCourseEquivalence",
  "125" : "CurricularCourseScope",
  "126" : "CurricularManagementLog",
  "127" : "CurricularPeriod",
  "128" : "CurricularRule",
  "129" : "CurricularSemester",
  "130" : "CurricularYear",
  "131" : "Curriculum",
  "132" : "CurriculumGroup",
  "133" : "CurriculumLine",
  "134" : "CurriculumLineLog",
  "135" : "CurriculumModule",
  "136" : "CustomGratuityPaymentPlan",
  "137" : "CycleCourseGroup",
  "138" : "CycleCourseGroupInformation",
  "139" : "CycleCurriculumGroup",
  "140" : "DFACandidacy",
  "141" : "DFACandidacyEvent",
  "142" : "DFACandidacyPR",
  "143" : "DFAGratuityByAmountPerEctsPR",
  "144" : "DFAGratuityByEnrolmentsPR",
  "145" : "DFAGratuityByNumberOfEnrolmentsPR",
  "146" : "DFAGratuityPR",
  "147" : "DeclarationRequest",
  "148" : "DeclarationRequestEvent",
  "149" : "DeclarationRequestPR",
  "150" : "Degree",
  "151" : "DegreeCandidacy",
  "152" : "DegreeCandidacyForGraduatedPerson",
  "153" : "DegreeCandidacyForGraduatedPersonCandidacyPeriod",
  "154" : "DegreeCandidacyForGraduatedPersonEvent",
  "155" : "DegreeCandidacyForGraduatedPersonIndividualProcess",
  "156" : "DegreeCandidacyForGraduatedPersonPR",
  "157" : "DegreeCandidacyForGraduatedPersonProcess",
  "158" : "DegreeCandidacyForGraduatedPersonSeriesGade",
  "159" : "DegreeChangeCandidacyPeriod",
  "160" : "DegreeChangeCandidacyProcess",
  "161" : "DegreeChangeIndividualCandidacy",
  "162" : "DegreeChangeIndividualCandidacyEvent",
  "163" : "DegreeChangeIndividualCandidacyPR",
  "164" : "DegreeChangeIndividualCandidacyProcess",
  "165" : "DegreeChangeIndividualCandidacySeriesGrade",
  "166" : "DegreeClassification",
  "167" : "DegreeContext",
  "168" : "DegreeCurricularPlan",
  "169" : "DegreeCurricularPlanEquivalencePlan",
  "170" : "DegreeCurricularPlanServiceAgreement",
  "171" : "DegreeCurricularPlanServiceAgreementTemplate",
  "172" : "DegreeDesignation",
  "173" : "DegreeFinalizationCertificateRequest",
  "174" : "DegreeFinalizationCertificateRequestEvent",
  "175" : "DegreeFinalizationCertificateRequestPR",
  "176" : "DegreeFinalizationCertificateRequestWithCeilingInTotalAmountForUnitsPR",
  "177" : "DegreeInfo",
  "178" : "DegreeInfoCandidacy",
  "179" : "DegreeInfoFuture",
  "180" : "DegreeLog",
  "181" : "DegreeModule",
  "182" : "DegreeModulesSelectionLimit",
  "183" : "DegreeOfficePublicCandidacyHashCode",
  "184" : "DegreeOfficialPublication",
  "185" : "DegreeSpecializationArea",
  "186" : "DegreeTransferCandidacyPeriod",
  "187" : "DegreeTransferCandidacyProcess",
  "188" : "DegreeTransferIndividualCandidacy",
  "189" : "DegreeTransferIndividualCandidacyEvent",
  "190" : "DegreeTransferIndividualCandidacyPR",
  "191" : "DegreeTransferIndividualCandidacyProcess",
  "192" : "DegreeTransferIndividualCandidacySeriesGrade",
  "193" : "DegreeType",
  "194" : "DegreeUnit",
  "195" : "Department",
  "196" : "DepartmentForum",
  "197" : "DepartmentUnit",
  "198" : "DfaGratuityEvent",
  "199" : "DfaRegistrationEvent",
  "200" : "DfaRegistrationPR",
  "201" : "DiplomaRequest",
  "202" : "DiplomaRequestEvent",
  "203" : "DiplomaRequestPR",
  "204" : "DiplomaSupplementRequest",
  "205" : "Discount",
  "206" : "Dismissal",
  "207" : "DismissalLog",
  "208" : "DissertationsProposalsReportFile",
  "209" : "DissertationsWithExternalAffiliationsReportFile",
  "210" : "District",
  "211" : "DistrictSubdivision",
  "212" : "DocumentPrintRequest",
  "213" : "DocumentRequest",
  "214" : "DocumentRequestGeneratedDocument",
  "215" : "DomainOperationLog",
  "216" : "DuplicateRequest",
  "217" : "DuplicateRequestEvent",
  "218" : "DuplicateRequestPR",
  "219" : "EPFLPhdCandidacyPeriod",
  "220" : "EctsCompetenceCourseConversionTable",
  "221" : "EctsConversionTable",
  "222" : "EctsCurricularYearConversionTable",
  "223" : "EctsCycleGraduationGradeConversionTable",
  "224" : "EctsDegreeByCurricularYearConversionTable",
  "225" : "EctsDegreeGraduationGradeConversionTable",
  "226" : "EctsGraduationGradeConversionTable",
  "227" : "EctsInstitutionByCurricularYearConversionTable",
  "228" : "EctsInstitutionConversionTable",
  "229" : "EctsLabelCurricularCourseReportFile",
  "230" : "EctsLabelDegreeReportFile",
  "231" : "EctsTableIndex",
  "232" : "EducationArea",
  "233" : "EmailAddress",
  "234" : "EmailValidation",
  "235" : "EmergencyContact",
  "236" : "EmptyConversionTable",
  "237" : "EmptyDegree",
  "238" : "EmptyDegreeCurricularPlan",
  "239" : "Enrolment",
  "240" : "EnrolmentCertificateRequest",
  "241" : "EnrolmentCertificateRequestPR",
  "242" : "EnrolmentCertificateRequestWithCeilingInTotalAmountForUnitsPR",
  "243" : "EnrolmentDeclarationRequest",
  "244" : "EnrolmentEvaluation",
  "245" : "EnrolmentEvaluationEvent",
  "246" : "EnrolmentEvaluationLog",
  "247" : "EnrolmentEvent",
  "248" : "EnrolmentGratuityEvent",
  "249" : "EnrolmentGratuityPR",
  "250" : "EnrolmentInOptionalCurricularCourse",
  "251" : "EnrolmentInstructions",
  "252" : "EnrolmentLog",
  "253" : "EnrolmentOutOfPeriodEvent",
  "254" : "EnrolmentOutOfPeriodPR",
  "255" : "EnrolmentPeriod",
  "256" : "EnrolmentPeriodInClasses",
  "257" : "EnrolmentPeriodInClassesMobility",
  "258" : "EnrolmentPeriodInCurricularCourses",
  "259" : "EnrolmentPeriodInCurricularCoursesFlunkedSeason",
  "260" : "EnrolmentPeriodInCurricularCoursesSpecialSeason",
  "261" : "EnrolmentPeriodInImprovementOfApprovedEnrolment",
  "262" : "EnrolmentPeriodInSpecialSeasonEvaluations",
  "263" : "EnrolmentToBeApprovedByCoordinator",
  "264" : "EnrolmentWrapper",
  "265" : "EnrolmentsPeriodCE",
  "266" : "Entry",
  "267" : "Equivalence",
  "268" : "EquivalencePlan",
  "269" : "EquivalencePlanEntry",
  "270" : "EquivalencePlanRequest",
  "271" : "EquivalencePlanRequestEvent",
  "272" : "EquivalencePlanRequestPR",
  "273" : "EquivalencePlanRevisionRequest",
  "274" : "ErasmusAlert",
  "275" : "ErasmusCandidacyProcessExecutedAction",
  "276" : "ErasmusCandidacyProcessReport",
  "277" : "ErasmusIndividualCandidacyProcessExecutedAction",
  "278" : "ErasmusVacancy",
  "279" : "EtiReportFile",
  "280" : "EurAceReportFile",
  "281" : "Evaluation",
  "282" : "EvaluationConfiguration",
  "283" : "EvaluationManagementLog",
  "284" : "EvaluationMethod",
  "285" : "EvaluationSeason",
  "286" : "EvenOddRule",
  "287" : "Event",
  "288" : "EventExemption",
  "289" : "EventExemptionJustification",
  "290" : "EventPaymentCode",
  "291" : "EventPaymentCodeEntry",
  "292" : "EventReportQueueJob",
  "293" : "EventReportQueueJobFile",
  "294" : "EventSpaceOccupation",
  "295" : "Exam",
  "296" : "ExamDateCertificateRequest",
  "297" : "ExamDateCertificateRequestPR",
  "298" : "ExamsPeriodCE",
  "299" : "ExamsPeriodInNormalSeasonCE",
  "300" : "ExamsPeriodInSpecialSeasonCE",
  "301" : "Exclusiveness",
  "302" : "ExecutedAction",
  "303" : "ExecutionCourse",
  "304" : "ExecutionCourseForum",
  "305" : "ExecutionCourseLog",
  "306" : "ExecutionDegree",
  "307" : "ExecutionInterval",
  "308" : "ExecutionSemester",
  "309" : "ExecutionYear",
  "310" : "Exemption",
  "311" : "ExemptionJustification",
  "312" : "ExportGrouping",
  "313" : "ExternalAbandonState",
  "314" : "ExternalCourseLoadRequest",
  "315" : "ExternalCourseLoadRequestPR",
  "316" : "ExternalCurricularCourse",
  "317" : "ExternalCurriculumGroup",
  "318" : "ExternalDegreeEnrolment",
  "319" : "ExternalEnrolment",
  "320" : "ExternalEnrolmentWrapper",
  "321" : "ExternalPhdParticipant",
  "322" : "ExternalPhdProgram",
  "323" : "ExternalPhdStudyPlanEntry",
  "324" : "ExternalPrecedentDegreeInformation",
  "325" : "ExternalProgramCertificateRequest",
  "326" : "ExternalProgramCertificateRequestPR",
  "327" : "ExternalRegistrationData",
  "328" : "ExternalScholarshipGratuityContributionEvent",
  "329" : "ExternalScholarshipGratuityContributionPR",
  "330" : "ExternalScholarshipGratuityExemption",
  "331" : "ExternalScholarshipGratuityExemptionJustification",
  "332" : "ExternalScholarshipPhdGratuityContribuitionEvent",
  "333" : "ExternalScholarshipPhdGratuityContribuitionPR",
  "334" : "ExternalUser",
  "335" : "ExtraCurricularActivity",
  "336" : "ExtraCurricularActivityType",
  "337" : "ExtraCurricularCertificateRequest",
  "338" : "ExtraCurricularEnrolmentCertificateRequestPR",
  "339" : "ExtraCurriculumGroup",
  "340" : "ExtraExamRequest",
  "341" : "FenixPredicateGroup",
  "342" : "File",
  "343" : "FinalEvaluation",
  "344" : "FinalMark",
  "345" : "FirstTimeCandidacyLog",
  "346" : "FirstTimeCandidacyLogEntry",
  "347" : "FirstTimeDocumentsConfiguration",
  "348" : "FirstYearShiftsCapacityToggleLog",
  "349" : "FixedAmountFineExemption",
  "350" : "FixedAmountInterestExemption",
  "351" : "FixedAmountPR",
  "352" : "FixedAmountPenaltyExemption",
  "353" : "FixedAmountWithPenaltyFromDatePR",
  "354" : "FixedAmountWithPenaltyPR",
  "355" : "FlunkedReportFile",
  "356" : "FlunkedState",
  "357" : "Formation",
  "358" : "Forum",
  "359" : "ForumSubscription",
  "360" : "FreeSolicitationAcademicRequest",
  "361" : "FullGratuityPaymentPlan",
  "362" : "FullGratuityPaymentPlanForAliens",
  "363" : "FullGratuityPaymentPlanForFirstTimeInstitutionStudents",
  "364" : "FullGratuityPaymentPlanForPartialRegime",
  "365" : "GeneratedDocument",
  "366" : "GeneratedDocumentWithoutSource",
  "367" : "GenericApplication",
  "368" : "GenericApplicationComment",
  "369" : "GenericApplicationFile",
  "370" : "GenericApplicationLetterOfRecomentation",
  "371" : "GenericApplicationPeriod",
  "372" : "GenericApplicationRecomentation",
  "373" : "GenericDeclarationRequest",
  "374" : "GenericSingleEntryTypePR",
  "375" : "GepReportFile",
  "376" : "GradeSubmissionCE",
  "377" : "GradeSubmissionInNormalSeasonCE",
  "378" : "GradeSubmissionInSpecialSeasonCE",
  "379" : "GraduationReportFile",
  "380" : "GratuityContributionFile",
  "381" : "GratuityEvent",
  "382" : "GratuityEventWithPaymentPlan",
  "383" : "GratuityExemption",
  "384" : "GratuityExemptionJustification",
  "385" : "GratuityExemptionJustificationByDispatch",
  "386" : "GratuityForStudentsInSecondCurricularYear",
  "387" : "GratuityForStudentsInSecondCurricularYearForPartialRegime",
  "388" : "GratuityPaymentPlan",
  "389" : "GratuityPaymentPlanForPartialRegimeEnroledOnlyInSecondSemester",
  "390" : "GratuityPaymentPlanForStudentsEnroledOnlyInSecondSemester",
  "391" : "GratuityReportQueueJob",
  "392" : "GratuitySituation",
  "393" : "GratuitySituationPaymentCode",
  "394" : "GratuityTransaction",
  "395" : "GratuityValues",
  "396" : "GratuityWithPaymentPlanPR",
  "397" : "Grouping",
  "398" : "GroupsAndShiftsManagementLog",
  "399" : "Guide",
  "400" : "GuideEntry",
  "401" : "GuideSituation",
  "402" : "Holiday",
  "403" : "IMDCandidacy",
  "404" : "IRSDeclarationRequest",
  "405" : "IdDocument",
  "406" : "IdDocumentTypeObject",
  "407" : "IdentificationDocumentExtraDigit",
  "408" : "IdentificationDocumentSeriesNumber",
  "409" : "ImportRegister",
  "410" : "ImportRegisterLog",
  "411" : "ImprovementOfApprovedEnrolmentEvent",
  "412" : "ImprovementOfApprovedEnrolmentPR",
  "413" : "ImprovementOfApprovedEnrolmentPenaltyExemption",
  "414" : "InactiveState",
  "415" : "IndividualCandidacy",
  "416" : "IndividualCandidacyDocumentFile",
  "417" : "IndividualCandidacyEvent",
  "418" : "IndividualCandidacyExternalPersonDetails",
  "419" : "IndividualCandidacyInternalPersonDetails",
  "420" : "IndividualCandidacyPaymentCode",
  "421" : "IndividualCandidacyPersonalDetails",
  "422" : "IndividualCandidacyProcess",
  "423" : "IndividualCandidacySeriesGrade",
  "424" : "IngressionType",
  "425" : "Installation",
  "426" : "Installment",
  "427" : "InstallmentAccountingTransaction",
  "428" : "InstallmentForFirstTimeStudents",
  "429" : "InstallmentPaymentCode",
  "430" : "InstallmentPenaltyExemption",
  "431" : "InstallmentWithMonthlyPenalty",
  "432" : "InstallmentWithPenalty",
  "433" : "InstitutionPhdCandidacyPeriod",
  "434" : "InstitutionPrecedentDegreeInformation",
  "435" : "InstitutionRegistryCodeGenerator",
  "436" : "InsuranceEvent",
  "437" : "InsuranceExemption",
  "438" : "InsuranceExemptionJustification",
  "439" : "InsuranceExemptionJustificationByDispatch",
  "440" : "InsurancePR",
  "441" : "InsuranceTransaction",
  "442" : "InsuranceValue",
  "443" : "InterestRate",
  "444" : "InterestRateLog",
  "445" : "InternalAbandonState",
  "446" : "InternalCreditsSourceCurriculumGroup",
  "447" : "InternalEnrolmentWrapper",
  "448" : "InternalPhdParticipant",
  "449" : "InternalPhdStudyPlanEntry",
  "450" : "InternalSubstitution",
  "451" : "InterruptedState",
  "452" : "Job",
  "453" : "Lesson",
  "454" : "LessonInstance",
  "455" : "LessonInstanceSpaceOccupation",
  "456" : "LessonPlanning",
  "457" : "LessonSpaceOccupation",
  "458" : "LessonsPeriodCE",
  "459" : "Locality",
  "460" : "MDCandidacy",
  "461" : "ManagementCouncilUnit",
  "462" : "Mark",
  "463" : "MarkSheet",
  "464" : "MasterDegreeInsurancePaymentCode",
  "465" : "MaximumNumberOfCreditsForEnrolmentPeriod",
  "466" : "MeasurementTest",
  "467" : "MeasurementTestRoom",
  "468" : "MeasurementTestShift",
  "469" : "MinimumNumberOfCreditsToEnrol",
  "470" : "MobilePhone",
  "471" : "MobilityAgreement",
  "472" : "MobilityApplicationPeriod",
  "473" : "MobilityApplicationProcess",
  "474" : "MobilityCoordinator",
  "475" : "MobilityEmailTemplate",
  "476" : "MobilityIndividualApplication",
  "477" : "MobilityIndividualApplicationProcess",
  "478" : "MobilityProgram",
  "479" : "MobilityQuota",
  "480" : "MobilityState",
  "481" : "MobilityStudentData",
  "482" : "NoCourseGroupCurriculumGroup",
  "483" : "NonAffiliatedTeacher",
  "484" : "NotAdmittedCandidacySituation",
  "485" : "NotNeedToEnrollInCurricularCourse",
  "486" : "NotRule",
  "487" : "OccupationPeriod",
  "488" : "OccupationPeriodReference",
  "489" : "OldMarkSheet",
  "490" : "OptionalCurricularCourse",
  "491" : "OptionalDismissal",
  "492" : "OptionalDismissalLog",
  "493" : "OptionalEnrolment",
  "494" : "OptionalEnrolmentLog",
  "495" : "OrRule",
  "496" : "OutboundMobilityCandidacy",
  "497" : "OutboundMobilityCandidacyContest",
  "498" : "OutboundMobilityCandidacyContestGroup",
  "499" : "OutboundMobilityCandidacyPeriod",
  "500" : "OutboundMobilityCandidacyPeriodConfirmationOption",
  "501" : "OutboundMobilityCandidacySubmission",
  "502" : "OutboundMobilityCandidacySubmissionGrade",
  "503" : "Over23CandidacyPeriod",
  "504" : "Over23CandidacyProcess",
  "505" : "Over23IndividualCandidacy",
  "506" : "Over23IndividualCandidacyDegreeEntry",
  "507" : "Over23IndividualCandidacyEvent",
  "508" : "Over23IndividualCandidacyPR",
  "509" : "Over23IndividualCandidacyProcess",
  "510" : "PHDProgramCandidacy",
  "511" : "PartialRegimeEvent",
  "512" : "PartialRegimeInstallment",
  "513" : "PartialRegimePR",
  "514" : "PartialRegistrationRegimeRequest",
  "515" : "PartialRegistrationRegimeRequestEvent",
  "516" : "PartialRegistrationRegimeRequestPR",
  "517" : "Party",
  "518" : "PartyContact",
  "519" : "PartyContactValidation",
  "520" : "PartyImportRegister",
  "521" : "PartySocialSecurityNumber",
  "522" : "PartyType",
  "523" : "PastAdministrativeOfficeFeeAndInsuranceEvent",
  "524" : "PastAdministrativeOfficeFeeAndInsurancePR",
  "525" : "PastCertificateRequestEvent",
  "526" : "PastCertificateRequestPR",
  "527" : "PastCourseGroupChangeRequestEvent",
  "528" : "PastCourseGroupChangeRequestPR",
  "529" : "PastDegreeDiplomaRequestEvent",
  "530" : "PastDegreeDiplomaRequestPR",
  "531" : "PastDegreeGratuityEvent",
  "532" : "PastDegreeGratuityPR",
  "533" : "PastDiplomaRequest",
  "534" : "PastEquivalencePlanRequestEvent",
  "535" : "PastEquivalencePlanRequestPR",
  "536" : "PastEquivalencePlanRevisionRequestEvent",
  "537" : "PastEquivalencePlanRevisionRequestPR",
  "538" : "PastExtraExamRequestEvent",
  "539" : "PastExtraExamRequestPR",
  "540" : "PastFreeSolicitationAcademicRequestEvent",
  "541" : "PastFreeSolicitationAcademicRequestPR",
  "542" : "PastPhotocopyRequestEvent",
  "543" : "PastPhotocopyRequestPR",
  "544" : "PastStudentReingressionRequestEvent",
  "545" : "PastStudentReingressionRequestPR",
  "546" : "PaymentCode",
  "547" : "PaymentCodeMapping",
  "548" : "PaymentCodePool",
  "549" : "PaymentMethod",
  "550" : "PaymentMethodLog",
  "551" : "PaymentPhase",
  "552" : "PaymentPlan",
  "553" : "PaymentTransaction",
  "554" : "PedagogicalCouncilUnit",
  "555" : "PenaltyExemption",
  "556" : "PenaltyExemptionJustification",
  "557" : "PenaltyExemptionJustificationByDispatch",
  "558" : "PercentageGratuityExemption",
  "559" : "PersistentAcademicOperationGroup",
  "560" : "PersistentAlumniGroup",
  "561" : "PersistentCerimonyInquiryGroup",
  "562" : "PersistentCoordinatorGroup",
  "563" : "PersistentGroupingGroup",
  "564" : "PersistentGuidingsAndAssistantsOfPhdGroup",
  "565" : "PersistentNotUpdatedAlumniInfoForSpecificDaysGroup",
  "566" : "PersistentProfessorshipsGroup",
  "567" : "PersistentProjectDepartmentGroup",
  "568" : "PersistentResponsibleForExecutionCourseGroup",
  "569" : "PersistentRoleGroup",
  "570" : "PersistentScientificCommissionGroup",
  "571" : "PersistentSpecialCriteriaOverExecutionCourseGroup",
  "572" : "PersistentStudentGroup",
  "573" : "PersistentStudentGroupGroup",
  "574" : "PersistentStudentSharingDegreeOfCompetenceOfExecutionCourseGroup",
  "575" : "PersistentStudentSharingDegreeOfExecutionCourseGroup",
  "576" : "PersistentStudentsConcludedInExecutionYearGroup",
  "577" : "PersistentTeacherGroup",
  "578" : "PersistentTeacherResponsibleOfExecutionCourseGroup",
  "579" : "PersistentTeachersWithGradesToSubmitGroup",
  "580" : "PersistentTeachersWithIncompleteEvaluationWorkGroup",
  "581" : "PersistentTeachersWithMarkSheetsToConfirmGroup",
  "582" : "PersistentThesisReadersGroup",
  "583" : "PersistentUnitGroup",
  "584" : "Person",
  "585" : "PersonAccount",
  "586" : "PersonIdentificationDocumentExtraInfo",
  "587" : "PersonInformationLog",
  "588" : "PersonalIngressionData",
  "589" : "PhdAcademicServiceRequest",
  "590" : "PhdAcademicServiceRequestDocument",
  "591" : "PhdAcademicServiceRequestEvent",
  "592" : "PhdAlert",
  "593" : "PhdAlertMessage",
  "594" : "PhdCandidacyFeedbackRequestDocument",
  "595" : "PhdCandidacyFeedbackRequestElement",
  "596" : "PhdCandidacyFeedbackRequestProcess",
  "597" : "PhdCandidacyFeedbackState",
  "598" : "PhdCandidacyPeriod",
  "599" : "PhdCandidacyProcessState",
  "600" : "PhdCandidacyReferee",
  "601" : "PhdCandidacyRefereeAlert",
  "602" : "PhdCandidacyRefereeLetter",
  "603" : "PhdCandidacyRefereeLetterFile",
  "604" : "PhdCertificateRequest",
  "605" : "PhdConclusionProcess",
  "606" : "PhdConfigurationIndividualProgramProcess",
  "607" : "PhdCustomAlert",
  "608" : "PhdDiplomaRequest",
  "609" : "PhdDiplomaRequestEvent",
  "610" : "PhdDiplomaSupplementRequest",
  "611" : "PhdDocumentRequest",
  "612" : "PhdEmail",
  "613" : "PhdEvent",
  "614" : "PhdEventExemption",
  "615" : "PhdEventExemptionJustification",
  "616" : "PhdFinalProofRequestAlert",
  "617" : "PhdFinalizationCertificateRequest",
  "618" : "PhdFinalizationCertificateRequestEvent",
  "619" : "PhdFinalizationCertificateRequestPR",
  "620" : "PhdGratuityEvent",
  "621" : "PhdGratuityExternalScholarshipExemption",
  "622" : "PhdGratuityFineExemption",
  "623" : "PhdGratuityPR",
  "624" : "PhdGratuityPaymentPeriod",
  "625" : "PhdGratuityPriceQuirk",
  "626" : "PhdGuidanceDocument",
  "627" : "PhdGuiderAcceptanceLetter",
  "628" : "PhdIndividualProgramProcess",
  "629" : "PhdIndividualProgramProcessEmail",
  "630" : "PhdIndividualProgramProcessNumber",
  "631" : "PhdLogEntry",
  "632" : "PhdMeeting",
  "633" : "PhdMeetingMinutesDocument",
  "634" : "PhdMeetingSchedulingProcess",
  "635" : "PhdMeetingSchedulingProcessState",
  "636" : "PhdMigrationGuiding",
  "637" : "PhdMigrationIndividualPersonalData",
  "638" : "PhdMigrationIndividualProcessData",
  "639" : "PhdMigrationProcess",
  "640" : "PhdNotification",
  "641" : "PhdParticipant",
  "642" : "PhdProcessState",
  "643" : "PhdProgram",
  "644" : "PhdProgramCandidacyEvent",
  "645" : "PhdProgramCandidacyPR",
  "646" : "PhdProgramCandidacyProcess",
  "647" : "PhdProgramContextPeriod",
  "648" : "PhdProgramEmail",
  "649" : "PhdProgramFocusArea",
  "650" : "PhdProgramInformation",
  "651" : "PhdProgramProcess",
  "652" : "PhdProgramProcessDocument",
  "653" : "PhdProgramProcessState",
  "654" : "PhdProgramPublicCandidacyHashCode",
  "655" : "PhdProgramServiceAgreementTemplate",
  "656" : "PhdProgramUnit",
  "657" : "PhdPublicPresentationSeminarAlert",
  "658" : "PhdRegistrationFee",
  "659" : "PhdRegistrationFeePR",
  "660" : "PhdRegistrationFeePenaltyExemption",
  "661" : "PhdRegistrationFormalizationAlert",
  "662" : "PhdRegistryDiplomaRequest",
  "663" : "PhdRegistryDiplomaRequestEvent",
  "664" : "PhdReporterReviewAlert",
  "665" : "PhdStudentReingressionRequest",
  "666" : "PhdStudentReingressionRequestDocument",
  "667" : "PhdStudyPlan",
  "668" : "PhdStudyPlanEntry",
  "669" : "PhdThesisProcess",
  "670" : "PhdThesisProcessState",
  "671" : "PhdThesisReportFeedbackDocument",
  "672" : "PhdThesisRequestFee",
  "673" : "PhdThesisRequestFeePR",
  "674" : "Phone",
  "675" : "PhoneValidation",
  "676" : "PhotocopyRequest",
  "677" : "PhotocopyRequestEvent",
  "678" : "PhotocopyRequestPR",
  "679" : "Photograph",
  "680" : "PhysicalAddress",
  "681" : "PhysicalAddressValidation",
  "682" : "PhysicalAddressValidationFile",
  "683" : "Picture",
  "684" : "PictureOriginal",
  "685" : "PlanetUnit",
  "686" : "PostingRule",
  "687" : "PreCandidacySituation",
  "688" : "PrecedenceRule",
  "689" : "PrecedentDegreeInformation",
  "690" : "Price",
  "691" : "Process",
  "692" : "ProcessLog",
  "693" : "Professorship",
  "694" : "ProfessorshipManagementLog",
  "695" : "ProfessorshipPermissions",
  "696" : "ProgramCertificateRequest",
  "697" : "ProgramCertificateRequestPR",
  "698" : "ProgramConclusion",
  "699" : "ProgramConclusionProcess",
  "700" : "Project",
  "701" : "ProjectSubmission",
  "702" : "ProjectSubmissionFile",
  "703" : "ProjectSubmissionLog",
  "704" : "PropaedeuticsCurriculumGroup",
  "705" : "PublicCandidacyHashCode",
  "706" : "PublicPhdMissingCandidacyAlert",
  "707" : "PublicPhdMissingCandidacyValidationAlert",
  "708" : "PublicPresentationSeminarProcess",
  "709" : "PublicPresentationSeminarState",
  "710" : "Qualification",
  "711" : "QueueJob",
  "712" : "QueueJobResultFile",
  "713" : "QueueJobWithFile",
  "714" : "RaidesDfaReportFile",
  "715" : "RaidesGraduationReportFile",
  "716" : "RaidesPhdReportFile",
  "717" : "RaidesSpecializationReportFile",
  "718" : "Receipt",
  "719" : "ReceiptGeneratedDocument",
  "720" : "ReceiptPrintVersion",
  "721" : "ReceivedFromExternalEntityAcademicServiceRequestSituation",
  "722" : "ReceptionEmailExecutedAction",
  "723" : "RectoratePaymentCode",
  "724" : "RectorateSubmissionBatch",
  "725" : "Refund",
  "726" : "RegisteredCandidacySituation",
  "727" : "RegisteredState",
  "728" : "Registration",
  "729" : "RegistrationAcademicServiceRequest",
  "730" : "RegistrationAcademicServiceRequestEvent",
  "731" : "RegistrationConclusionProcess",
  "732" : "RegistrationDataByExecutionYear",
  "733" : "RegistrationNumber",
  "734" : "RegistrationPeriodInDegreeCurricularPlan",
  "735" : "RegistrationProtocol",
  "736" : "RegistrationProtocolLog",
  "737" : "RegistrationRegime",
  "738" : "RegistrationReportFile",
  "739" : "RegistrationState",
  "740" : "RegistrationStateLog",
  "741" : "RegistryCode",
  "742" : "RegistryDiplomaRequest",
  "743" : "RegistryDiplomaRequestEvent",
  "744" : "ReimbursementGuide",
  "745" : "ReimbursementGuideEntry",
  "746" : "ReimbursementGuideSituation",
  "747" : "ReimbursementTransaction",
  "748" : "ReingressionPeriod",
  "749" : "ResidenceCandidacies",
  "750" : "ResidenceEvent",
  "751" : "ResidenceManagementUnit",
  "752" : "ResidenceMonth",
  "753" : "ResidencePR",
  "754" : "ResidencePriceTable",
  "755" : "ResidenceYear",
  "756" : "RestrictionBetweenDegreeModules",
  "757" : "RestrictionDoneDegreeModule",
  "758" : "RestrictionEnroledDegreeModule",
  "759" : "RestrictionNotEnroledDegreeModule",
  "760" : "RootCourseGroup",
  "761" : "RootCurriculumGroup",
  "762" : "Rule",
  "763" : "SDCandidacy",
  "764" : "SchoolClass",
  "765" : "SchoolPartConcludedState",
  "766" : "SchoolRegistrationCertificateRequest",
  "767" : "SchoolRegistrationDeclarationRequest",
  "768" : "SchoolUnit",
  "769" : "ScientificAreaUnit",
  "770" : "ScientificCommission",
  "771" : "ScientificCommissionLog",
  "772" : "ScientificCouncilUnit",
  "773" : "SecondCycleCandidacyPeriod",
  "774" : "SecondCycleCandidacyProcess",
  "775" : "SecondCycleIndividualCandidacy",
  "776" : "SecondCycleIndividualCandidacyEvent",
  "777" : "SecondCycleIndividualCandidacyExemption",
  "778" : "SecondCycleIndividualCandidacyExemptionJustification",
  "779" : "SecondCycleIndividualCandidacyFixedValueMultipleDegreesPR",
  "780" : "SecondCycleIndividualCandidacyPR",
  "781" : "SecondCycleIndividualCandidacyProcess",
  "782" : "SecondCycleIndividualCandidacySeriesGrade",
  "783" : "SecretaryEnrolmentStudent",
  "784" : "SectionUnit",
  "785" : "Senior",
  "786" : "SeniorStatute",
  "787" : "SentToExternalEntityAcademicServiceRequestSituation",
  "788" : "ServiceAgreement",
  "789" : "ServiceAgreementPaymentPlan",
  "790" : "ServiceAgreementTemplate",
  "791" : "ServiceAgreementTemplatePaymentPlan",
  "792" : "Shift",
  "793" : "ShiftDistribution",
  "794" : "ShiftDistributionEntry",
  "795" : "ShiftEnrolment",
  "796" : "ShiftGroupingProperties",
  "797" : "ShiftProfessorship",
  "798" : "SibsPaymentFile",
  "799" : "SibsPaymentFileEntry",
  "800" : "SibsPaymentFileProcessReport",
  "801" : "SibsTransactionDetail",
  "802" : "SmsTransaction",
  "803" : "SpaceOccupation",
  "804" : "SpecialSeasonEnrolmentEvent",
  "805" : "SpecialSeasonEnrolmentPR",
  "806" : "SpecialSeasonRequest",
  "807" : "SpecializationDegreeGratuityByAmountPerEctsPR",
  "808" : "SpecializationDegreeGratuityEvent",
  "809" : "SpecializationDegreeGratuityPR",
  "810" : "SpecializationDegreeRegistrationEvent",
  "811" : "SpecializationDegreeRegistrationPR",
  "812" : "StandByCandidacySituation",
  "813" : "StandByConfirmedDataCandidacySituation",
  "814" : "StandByFilledDataCandidacySituation",
  "815" : "StandaloneCandidacyPeriod",
  "816" : "StandaloneCandidacyProcess",
  "817" : "StandaloneCurriculumGroup",
  "818" : "StandaloneEnrolmentCertificateRequest",
  "819" : "StandaloneEnrolmentCertificateRequestPR",
  "820" : "StandaloneEnrolmentGratuityEvent",
  "821" : "StandaloneEnrolmentGratuityPR",
  "822" : "StandaloneIndividualCandidacy",
  "823" : "StandaloneIndividualCandidacyEvent",
  "824" : "StandaloneIndividualCandidacyPR",
  "825" : "StandaloneIndividualCandidacyProcess",
  "826" : "StatusAndApprovalReportFile",
  "827" : "StatuteType",
  "828" : "Student",
  "829" : "StudentCandidacy",
  "830" : "StudentCurricularPlan",
  "831" : "StudentCurricularPlanEquivalencePlan",
  "832" : "StudentDataByExecutionYear",
  "833" : "StudentDataShareAuthorization",
  "834" : "StudentDataShareStudentsAssociationAuthorization",
  "835" : "StudentGroup",
  "836" : "StudentNumber",
  "837" : "StudentRegistrationTransferLog",
  "838" : "StudentReingressionRequest",
  "839" : "StudentReingressionRequestEvent",
  "840" : "StudentStatute",
  "841" : "StudentsPerformanceReport",
  "842" : "StudyPlanConcludedState",
  "843" : "SubstituteCandidacySituation",
  "844" : "Substitution",
  "845" : "Summary",
  "846" : "SummaryOccupancyReportFile",
  "847" : "Teacher",
  "848" : "TeacherAuthorization",
  "849" : "TeacherCategory",
  "850" : "TemporarySubstitution",
  "851" : "Thesis",
  "852" : "ThesisEvaluationExternalParticipant",
  "853" : "ThesisEvaluationParticipant",
  "854" : "ThesisFile",
  "855" : "ThesisJuryElement",
  "856" : "ThesisLibraryArchiveOperation",
  "857" : "ThesisLibraryCancelOperation",
  "858" : "ThesisLibraryOperation",
  "859" : "ThesisLibraryPendingOperation",
  "860" : "ThesisSubject",
  "861" : "ThesisSubjectOrder",
  "862" : "Transaction",
  "863" : "TransitedState",
  "864" : "TransitionalState",
  "865" : "Under23TransportsDeclarationRequest",
  "866" : "Unit",
  "867" : "UnitAcronym",
  "868" : "UnitCostCenterCode",
  "869" : "UnitName",
  "870" : "UnitNamePart",
  "871" : "UnitServiceAgreementTemplate",
  "872" : "University",
  "873" : "UniversityUnit",
  "874" : "UserPrivateKey",
  "875" : "ValueGratuityExemption",
  "876" : "WebAddress",
  "877" : "WeeklyWorkLoad",
  "878" : "WrittenEvaluation",
  "879" : "WrittenEvaluationEnrolment",
  "880" : "WrittenEvaluationReportFile",
  "881" : "WrittenEvaluationSpaceOccupation",
  "882" : "WrittenTest"
}