{
  "AcademicAccessRule" : 1,
  "AcademicCalendarEntry" : 2,
  "AcademicCalendarRootEntry" : 3,
  "AcademicEvent" : 4,
  "AcademicEventExemption" : 5,
  "AcademicEventExemptionJustification" : 6,
  "AcademicProgram" : 7,
  "AcademicSemesterCE" : 8,
  "AcademicServiceRequest" : 9,
  "AcademicServiceRequestEvent" : 10,
  "AcademicServiceRequestSituation" : 11,
  "AcademicServiceRequestYear" : 12,
  "AcademicTrimesterCE" : 13,
  "AcademicYearCE" : 14,
  "AcademicalInstitutionUnit" : 15,
  "AccessRule" : 16,
  "AccessRuleSystem" : 17,
  "Account" : 18,
  "Accountability" : 19,
  "AccountabilityImportRegister" : 20,
  "AccountabilityType" : 21,
  "AccountingEventPaymentCode" : 22,
  "AccountingTransaction" : 23,
  "AccountingTransactionDetail" : 24,
  "AdHocEvaluation" : 25,
  "AdministrativeOffice" : 26,
  "AdministrativeOfficeFeeAndInsuranceEvent" : 27,
  "AdministrativeOfficeFeeAndInsuranceExemption" : 28,
  "AdministrativeOfficeFeeAndInsuranceExemptionJustification" : 29,
  "AdministrativeOfficeFeeAndInsuranceExemptionJustificationByDispatch" : 30,
  "AdministrativeOfficeFeeAndInsurancePR" : 31,
  "AdministrativeOfficeFeeAndInsurancePenaltyExemption" : 32,
  "AdministrativeOfficeFeeEvent" : 33,
  "AdministrativeOfficeFeeExemption" : 34,
  "AdministrativeOfficeFeePR" : 35,
  "AdministrativeOfficeServiceAgreementTemplate" : 36,
  "AdministrativeOfficeUnit" : 37,
  "AdmittedCandidacySituation" : 38,
  "AffinityCycleCourseGroupLog" : 39,
  "AggregateUnit" : 40,
  "Alert" : 41,
  "Alumni" : 42,
  "AlumniIdentityCheckRequest" : 43,
  "AlumniReportFile" : 44,
  "AndRule" : 45,
  "AnnualEvent" : 46,
  "AnnualIRSDeclarationDocument" : 47,
  "AnyCurricularCourse" : 48,
  "ApprovedLearningAgreementDocumentFile" : 49,
  "ApprovedLearningAgreementExecutedAction" : 50,
  "ApprovementCertificateRequest" : 51,
  "ApprovementCertificateRequestPR" : 52,
  "ApprovementMobilityCertificateRequest" : 53,
  "Attends" : 54,
  "BaseAmountPlusAmountPerPagePR" : 55,
  "BaseAmountPlusAmountPerUnitPR" : 56,
  "BibliographicReference" : 57,
  "BolonhaAdvancedFormationDiplomaRequestEvent" : 58,
  "BolonhaAdvancedSpecializationDiplomaRequestEvent" : 59,
  "BolonhaDegreeDiplomaRequestEvent" : 60,
  "BolonhaMasterDegreeDiplomaRequestEvent" : 61,
  "Branch" : 62,
  "BranchCourseGroup" : 63,
  "BranchCurriculumGroup" : 64,
  "BusinessArea" : 65,
  "CanceledState" : 66,
  "CancelledCandidacySituation" : 67,
  "CandidaciesLog" : 68,
  "Candidacy" : 69,
  "CandidacyDocument" : 70,
  "CandidacyDocumentFile" : 71,
  "CandidacyPeriod" : 72,
  "CandidacyPeriodInDegreeCurricularPlan" : 73,
  "CandidacyPrecedentDegreeInformation" : 74,
  "CandidacyProcess" : 75,
  "CandidacyProcessCandidacyPeriod" : 76,
  "CandidacySituation" : 77,
  "CandidacySummaryFile" : 78,
  "CerimonyInquiry" : 79,
  "CerimonyInquiryAnswer" : 80,
  "CerimonyInquiryPerson" : 81,
  "CertificateRequest" : 82,
  "CertificateRequestEvent" : 83,
  "CertificateRequestPR" : 84,
  "CertificateRequestWithoutBasePR" : 85,
  "CompetenceCourse" : 86,
  "CompetenceCourseExtraInformation" : 87,
  "CompetenceCourseExtraInformationChangeRequest" : 88,
  "CompetenceCourseGroupUnit" : 89,
  "CompetenceCourseInformation" : 90,
  "CompetenceCourseInformationChangeRequest" : 91,
  "CompetenceCourseLoad" : 92,
  "CompositeRule" : 93,
  "ConcludedState" : 94,
  "ConclusionProcess" : 95,
  "ConclusionProcessVersion" : 96,
  "ConnectionRule" : 97,
  "ContactRoot" : 98,
  "ContentManagementLog" : 99,
  "Context" : 100,
  "ConversationMessage" : 101,
  "ConversationThread" : 102,
  "CoordinationTeamLog" : 103,
  "Coordinator" : 104,
  "CoordinatorLog" : 105,
  "CostCenter" : 106,
  "Country" : 107,
  "CountryUnit" : 108,
  "CourseGroup" : 109,
  "CourseGroupChangeRequest" : 110,
  "CourseLoad" : 111,
  "CourseLoadAndResponsiblesReportFile" : 112,
  "CourseLoadReportFile" : 113,
  "CourseLoadRequest" : 114,
  "CourseLoadRequestPR" : 115,
  "CreditNote" : 116,
  "CreditNoteEntry" : 117,
  "CreditNoteGeneratedDocument" : 118,
  "Credits" : 119,
  "CreditsDismissal" : 120,
  "CreditsDismissalLog" : 121,
  "CreditsLimit" : 122,
  "CurricularCourse" : 123,
  "CurricularCourseEquivalence" : 124,
  "CurricularCourseScope" : 125,
  "CurricularManagementLog" : 126,
  "CurricularPeriod" : 127,
  "CurricularRule" : 128,
  "CurricularSemester" : 129,
  "CurricularYear" : 130,
  "Curriculum" : 131,
  "CurriculumGroup" : 132,
  "CurriculumLine" : 133,
  "CurriculumLineLog" : 134,
  "CurriculumModule" : 135,
  "CustomGratuityPaymentPlan" : 136,
  "CycleCourseGroup" : 137,
  "CycleCourseGroupInformation" : 138,
  "CycleCurriculumGroup" : 139,
  "DFACandidacy" : 140,
  "DFACandidacyEvent" : 141,
  "DFACandidacyPR" : 142,
  "DFAGratuityByAmountPerEctsPR" : 143,
  "DFAGratuityByEnrolmentsPR" : 144,
  "DFAGratuityByNumberOfEnrolmentsPR" : 145,
  "DFAGratuityPR" : 146,
  "DeclarationRequest" : 147,
  "DeclarationRequestEvent" : 148,
  "DeclarationRequestPR" : 149,
  "Degree" : 150,
  "DegreeCandidacy" : 151,
  "DegreeCandidacyForGraduatedPerson" : 152,
  "DegreeCandidacyForGraduatedPersonCandidacyPeriod" : 153,
  "DegreeCandidacyForGraduatedPersonEvent" : 154,
  "DegreeCandidacyForGraduatedPersonIndividualProcess" : 155,
  "DegreeCandidacyForGraduatedPersonPR" : 156,
  "DegreeCandidacyForGraduatedPersonProcess" : 157,
  "DegreeCandidacyForGraduatedPersonSeriesGade" : 158,
  "DegreeChangeCandidacyPeriod" : 159,
  "DegreeChangeCandidacyProcess" : 160,
  "DegreeChangeIndividualCandidacy" : 161,
  "DegreeChangeIndividualCandidacyEvent" : 162,
  "DegreeChangeIndividualCandidacyPR" : 163,
  "DegreeChangeIndividualCandidacyProcess" : 164,
  "DegreeChangeIndividualCandidacySeriesGrade" : 165,
  "DegreeClassification" : 166,
  "DegreeContext" : 167,
  "DegreeCurricularPlan" : 168,
  "DegreeCurricularPlanEquivalencePlan" : 169,
  "DegreeCurricularPlanServiceAgreement" : 170,
  "DegreeCurricularPlanServiceAgreementTemplate" : 171,
  "DegreeDesignation" : 172,
  "DegreeFinalizationCertificateRequest" : 173,
  "DegreeFinalizationCertificateRequestEvent" : 174,
  "DegreeFinalizationCertificateRequestPR" : 175,
  "DegreeFinalizationCertificateRequestWithCeilingInTotalAmountForUnitsPR" : 176,
  "DegreeInfo" : 177,
  "DegreeInfoCandidacy" : 178,
  "DegreeInfoFuture" : 179,
  "DegreeLog" : 180,
  "DegreeModule" : 181,
  "DegreeModulesSelectionLimit" : 182,
  "DegreeOfficePublicCandidacyHashCode" : 183,
  "DegreeOfficialPublication" : 184,
  "DegreeSpecializationArea" : 185,
  "DegreeTransferCandidacyPeriod" : 186,
  "DegreeTransferCandidacyProcess" : 187,
  "DegreeTransferIndividualCandidacy" : 188,
  "DegreeTransferIndividualCandidacyEvent" : 189,
  "DegreeTransferIndividualCandidacyPR" : 190,
  "DegreeTransferIndividualCandidacyProcess" : 191,
  "DegreeTransferIndividualCandidacySeriesGrade" : 192,
  "DegreeType" : 193,
  "DegreeUnit" : 194,
  "Department" : 195,
  "DepartmentForum" : 196,
  "DepartmentUnit" : 197,
  "DfaGratuityEvent" : 198,
  "DfaRegistrationEvent" : 199,
  "DfaRegistrationPR" : 200,
  "DiplomaRequest" : 201,
  "DiplomaRequestEvent" : 202,
  "DiplomaRequestPR" : 203,
  "DiplomaSupplementRequest" : 204,
  "Discount" : 205,
  "Dismissal" : 206,
  "DismissalLog" : 207,
  "DissertationsProposalsReportFile" : 208,
  "DissertationsWithExternalAffiliationsReportFile" : 209,
  "District" : 210,
  "DistrictSubdivision" : 211,
  "DocumentPrintRequest" : 212,
  "DocumentRequest" : 213,
  "DocumentRequestGeneratedDocument" : 214,
  "DomainOperationLog" : 215,
  "DuplicateRequest" : 216,
  "DuplicateRequestEvent" : 217,
  "DuplicateRequestPR" : 218,
  "EPFLPhdCandidacyPeriod" : 219,
  "EctsCompetenceCourseConversionTable" : 220,
  "EctsConversionTable" : 221,
  "EctsCurricularYearConversionTable" : 222,
  "EctsCycleGraduationGradeConversionTable" : 223,
  "EctsDegreeByCurricularYearConversionTable" : 224,
  "EctsDegreeGraduationGradeConversionTable" : 225,
  "EctsGraduationGradeConversionTable" : 226,
  "EctsInstitutionByCurricularYearConversionTable" : 227,
  "EctsInstitutionConversionTable" : 228,
  "EctsLabelCurricularCourseReportFile" : 229,
  "EctsLabelDegreeReportFile" : 230,
  "EctsTableIndex" : 231,
  "EducationArea" : 232,
  "EmailAddress" : 233,
  "EmailValidation" : 234,
  "EmergencyContact" : 235,
  "EmptyConversionTable" : 236,
  "EmptyDegree" : 237,
  "EmptyDegreeCurricularPlan" : 238,
  "Enrolment" : 239,
  "EnrolmentCertificateRequest" : 240,
  "EnrolmentCertificateRequestPR" : 241,
  "EnrolmentCertificateRequestWithCeilingInTotalAmountForUnitsPR" : 242,
  "EnrolmentDeclarationRequest" : 243,
  "EnrolmentEvaluation" : 244,
  "EnrolmentEvaluationEvent" : 245,
  "EnrolmentEvaluationLog" : 246,
  "EnrolmentEvent" : 247,
  "EnrolmentGratuityEvent" : 248,
  "EnrolmentGratuityPR" : 249,
  "EnrolmentInOptionalCurricularCourse" : 250,
  "EnrolmentInstructions" : 251,
  "EnrolmentLog" : 252,
  "EnrolmentOutOfPeriodEvent" : 253,
  "EnrolmentOutOfPeriodPR" : 254,
  "EnrolmentPeriod" : 255,
  "EnrolmentPeriodInClasses" : 256,
  "EnrolmentPeriodInClassesMobility" : 257,
  "EnrolmentPeriodInCurricularCourses" : 258,
  "EnrolmentPeriodInCurricularCoursesFlunkedSeason" : 259,
  "EnrolmentPeriodInCurricularCoursesSpecialSeason" : 260,
  "EnrolmentPeriodInImprovementOfApprovedEnrolment" : 261,
  "EnrolmentPeriodInSpecialSeasonEvaluations" : 262,
  "EnrolmentToBeApprovedByCoordinator" : 263,
  "EnrolmentWrapper" : 264,
  "EnrolmentsPeriodCE" : 265,
  "Entry" : 266,
  "Equivalence" : 267,
  "EquivalencePlan" : 268,
  "EquivalencePlanEntry" : 269,
  "EquivalencePlanRequest" : 270,
  "EquivalencePlanRequestEvent" : 271,
  "EquivalencePlanRequestPR" : 272,
  "EquivalencePlanRevisionRequest" : 273,
  "ErasmusAlert" : 274,
  "ErasmusCandidacyProcessExecutedAction" : 275,
  "ErasmusCandidacyProcessReport" : 276,
  "ErasmusIndividualCandidacyProcessExecutedAction" : 277,
  "ErasmusVacancy" : 278,
  "EtiReportFile" : 279,
  "EurAceReportFile" : 280,
  "Evaluation" : 281,
  "EvaluationConfiguration" : 282,
  "EvaluationManagementLog" : 283,
  "EvaluationMethod" : 284,
  "EvaluationSeason" : 285,
  "EvenOddRule" : 286,
  "Event" : 287,
  "EventExemption" : 288,
  "EventExemptionJustification" : 289,
  "EventPaymentCode" : 290,
  "EventPaymentCodeEntry" : 291,
  "EventReportQueueJob" : 292,
  "EventReportQueueJobFile" : 293,
  "EventSpaceOccupation" : 294,
  "Exam" : 295,
  "ExamDateCertificateRequest" : 296,
  "ExamDateCertificateRequestPR" : 297,
  "ExamsPeriodCE" : 298,
  "ExamsPeriodInNormalSeasonCE" : 299,
  "ExamsPeriodInSpecialSeasonCE" : 300,
  "Exclusiveness" : 301,
  "ExecutedAction" : 302,
  "ExecutionCourse" : 303,
  "ExecutionCourseForum" : 304,
  "ExecutionCourseLog" : 305,
  "ExecutionDegree" : 306,
  "ExecutionInterval" : 307,
  "ExecutionSemester" : 308,
  "ExecutionYear" : 309,
  "Exemption" : 310,
  "ExemptionJustification" : 311,
  "ExportGrouping" : 312,
  "ExternalAbandonState" : 313,
  "ExternalCourseLoadRequest" : 314,
  "ExternalCourseLoadRequestPR" : 315,
  "ExternalCurricularCourse" : 316,
  "ExternalCurriculumGroup" : 317,
  "ExternalDegreeEnrolment" : 318,
  "ExternalEnrolment" : 319,
  "ExternalEnrolmentWrapper" : 320,
  "ExternalPhdParticipant" : 321,
  "ExternalPhdProgram" : 322,
  "ExternalPhdStudyPlanEntry" : 323,
  "ExternalPrecedentDegreeInformation" : 324,
  "ExternalProgramCertificateRequest" : 325,
  "ExternalProgramCertificateRequestPR" : 326,
  "ExternalRegistrationData" : 327,
  "ExternalScholarshipGratuityContributionEvent" : 328,
  "ExternalScholarshipGratuityContributionPR" : 329,
  "ExternalScholarshipGratuityExemption" : 330,
  "ExternalScholarshipGratuityExemptionJustification" : 331,
  "ExternalScholarshipPhdGratuityContribuitionEvent" : 332,
  "ExternalScholarshipPhdGratuityContribuitionPR" : 333,
  "ExternalUser" : 334,
  "ExtraCurricularActivity" : 335,
  "ExtraCurricularActivityType" : 336,
  "ExtraCurricularCertificateRequest" : 337,
  "ExtraCurricularEnrolmentCertificateRequestPR" : 338,
  "ExtraCurriculumGroup" : 339,
  "ExtraExamRequest" : 340,
  "FenixPredicateGroup" : 341,
  "File" : 342,
  "FinalEvaluation" : 343,
  "FinalMark" : 344,
  "FirstTimeCandidacyLog" : 345,
  "FirstTimeCandidacyLogEntry" : 346,
  "FirstTimeDocumentsConfiguration" : 347,
  "FirstYearShiftsCapacityToggleLog" : 348,
  "FixedAmountFineExemption" : 349,
  "FixedAmountInterestExemption" : 350,
  "FixedAmountPR" : 351,
  "FixedAmountPenaltyExemption" : 352,
  "FixedAmountWithPenaltyFromDatePR" : 353,
  "FixedAmountWithPenaltyPR" : 354,
  "FlunkedReportFile" : 355,
  "FlunkedState" : 356,
  "Formation" : 357,
  "Forum" : 358,
  "ForumSubscription" : 359,
  "FreeSolicitationAcademicRequest" : 360,
  "FullGratuityPaymentPlan" : 361,
  "FullGratuityPaymentPlanForAliens" : 362,
  "FullGratuityPaymentPlanForFirstTimeInstitutionStudents" : 363,
  "FullGratuityPaymentPlanForPartialRegime" : 364,
  "GeneratedDocument" : 365,
  "GeneratedDocumentWithoutSource" : 366,
  "GenericApplication" : 367,
  "GenericApplicationComment" : 368,
  "GenericApplicationFile" : 369,
  "GenericApplicationLetterOfRecomentation" : 370,
  "GenericApplicationPeriod" : 371,
  "GenericApplicationRecomentation" : 372,
  "GenericDeclarationRequest" : 373,
  "GenericSingleEntryTypePR" : 374,
  "GepReportFile" : 375,
  "GradeSubmissionCE" : 376,
  "GradeSubmissionInNormalSeasonCE" : 377,
  "GradeSubmissionInSpecialSeasonCE" : 378,
  "GraduationReportFile" : 379,
  "GratuityContributionFile" : 380,
  "GratuityEvent" : 381,
  "GratuityEventWithPaymentPlan" : 382,
  "GratuityExemption" : 383,
  "GratuityExemptionJustification" : 384,
  "GratuityExemptionJustificationByDispatch" : 385,
  "GratuityForStudentsInSecondCurricularYear" : 386,
  "GratuityForStudentsInSecondCurricularYearForPartialRegime" : 387,
  "GratuityPaymentPlan" : 388,
  "GratuityPaymentPlanForPartialRegimeEnroledOnlyInSecondSemester" : 389,
  "GratuityPaymentPlanForStudentsEnroledOnlyInSecondSemester" : 390,
  "GratuityReportQueueJob" : 391,
  "GratuitySituation" : 392,
  "GratuitySituationPaymentCode" : 393,
  "GratuityTransaction" : 394,
  "GratuityValues" : 395,
  "GratuityWithPaymentPlanPR" : 396,
  "Grouping" : 397,
  "GroupsAndShiftsManagementLog" : 398,
  "Guide" : 399,
  "GuideEntry" : 400,
  "GuideSituation" : 401,
  "Holiday" : 402,
  "IMDCandidacy" : 403,
  "IRSDeclarationRequest" : 404,
  "IdDocument" : 405,
  "IdDocumentTypeObject" : 406,
  "IdentificationDocumentExtraDigit" : 407,
  "IdentificationDocumentSeriesNumber" : 408,
  "ImportRegister" : 409,
  "ImportRegisterLog" : 410,
  "ImprovementOfApprovedEnrolmentEvent" : 411,
  "ImprovementOfApprovedEnrolmentPR" : 412,
  "ImprovementOfApprovedEnrolmentPenaltyExemption" : 413,
  "InactiveState" : 414,
  "IndividualCandidacy" : 415,
  "IndividualCandidacyDocumentFile" : 416,
  "IndividualCandidacyEvent" : 417,
  "IndividualCandidacyExternalPersonDetails" : 418,
  "IndividualCandidacyInternalPersonDetails" : 419,
  "IndividualCandidacyPaymentCode" : 420,
  "IndividualCandidacyPersonalDetails" : 421,
  "IndividualCandidacyProcess" : 422,
  "IndividualCandidacySeriesGrade" : 423,
  "IngressionType" : 424,
  "Installation" : 425,
  "Installment" : 426,
  "InstallmentAccountingTransaction" : 427,
  "InstallmentForFirstTimeStudents" : 428,
  "InstallmentPaymentCode" : 429,
  "InstallmentPenaltyExemption" : 430,
  "InstallmentWithMonthlyPenalty" : 431,
  "InstallmentWithPenalty" : 432,
  "InstitutionPhdCandidacyPeriod" : 433,
  "InstitutionPrecedentDegreeInformation" : 434,
  "InstitutionRegistryCodeGenerator" : 435,
  "InsuranceEvent" : 436,
  "InsuranceExemption" : 437,
  "InsuranceExemptionJustification" : 438,
  "InsuranceExemptionJustificationByDispatch" : 439,
  "InsurancePR" : 440,
  "InsuranceTransaction" : 441,
  "InsuranceValue" : 442,
  "InterestRate" : 443,
  "InterestRateLog" : 444,
  "InternalAbandonState" : 445,
  "InternalCreditsSourceCurriculumGroup" : 446,
  "InternalEnrolmentWrapper" : 447,
  "InternalPhdParticipant" : 448,
  "InternalPhdStudyPlanEntry" : 449,
  "InternalSubstitution" : 450,
  "InterruptedState" : 451,
  "Job" : 452,
  "Lesson" : 453,
  "LessonInstance" : 454,
  "LessonInstanceSpaceOccupation" : 455,
  "LessonPlanning" : 456,
  "LessonSpaceOccupation" : 457,
  "LessonsPeriodCE" : 458,
  "Locality" : 459,
  "MDCandidacy" : 460,
  "ManagementCouncilUnit" : 461,
  "Mark" : 462,
  "MarkSheet" : 463,
  "MasterDegreeInsurancePaymentCode" : 464,
  "MaximumNumberOfCreditsForEnrolmentPeriod" : 465,
  "MeasurementTest" : 466,
  "MeasurementTestRoom" : 467,
  "MeasurementTestShift" : 468,
  "MinimumNumberOfCreditsToEnrol" : 469,
  "MobilePhone" : 470,
  "MobilityAgreement" : 471,
  "MobilityApplicationPeriod" : 472,
  "MobilityApplicationProcess" : 473,
  "MobilityCoordinator" : 474,
  "MobilityEmailTemplate" : 475,
  "MobilityIndividualApplication" : 476,
  "MobilityIndividualApplicationProcess" : 477,
  "MobilityProgram" : 478,
  "MobilityQuota" : 479,
  "MobilityState" : 480,
  "MobilityStudentData" : 481,
  "NoCourseGroupCurriculumGroup" : 482,
  "NonAffiliatedTeacher" : 483,
  "NotAdmittedCandidacySituation" : 484,
  "NotNeedToEnrollInCurricularCourse" : 485,
  "NotRule" : 486,
  "OccupationPeriod" : 487,
  "OccupationPeriodReference" : 488,
  "OldMarkSheet" : 489,
  "OptionalCurricularCourse" : 490,
  "OptionalDismissal" : 491,
  "OptionalDismissalLog" : 492,
  "OptionalEnrolment" : 493,
  "OptionalEnrolmentLog" : 494,
  "OrRule" : 495,
  "OutboundMobilityCandidacy" : 496,
  "OutboundMobilityCandidacyContest" : 497,
  "OutboundMobilityCandidacyContestGroup" : 498,
  "OutboundMobilityCandidacyPeriod" : 499,
  "OutboundMobilityCandidacyPeriodConfirmationOption" : 500,
  "OutboundMobilityCandidacySubmission" : 501,
  "OutboundMobilityCandidacySubmissionGrade" : 502,
  "Over23CandidacyPeriod" : 503,
  "Over23CandidacyProcess" : 504,
  "Over23IndividualCandidacy" : 505,
  "Over23IndividualCandidacyDegreeEntry" : 506,
  "Over23IndividualCandidacyEvent" : 507,
  "Over23IndividualCandidacyPR" : 508,
  "Over23IndividualCandidacyProcess" : 509,
  "PHDProgramCandidacy" : 510,
  "PartialRegimeEvent" : 511,
  "PartialRegimeInstallment" : 512,
  "PartialRegimePR" : 513,
  "PartialRegistrationRegimeRequest" : 514,
  "PartialRegistrationRegimeRequestEvent" : 515,
  "PartialRegistrationRegimeRequestPR" : 516,
  "Party" : 517,
  "PartyContact" : 518,
  "PartyContactValidation" : 519,
  "PartyImportRegister" : 520,
  "PartySocialSecurityNumber" : 521,
  "PartyType" : 522,
  "PastAdministrativeOfficeFeeAndInsuranceEvent" : 523,
  "PastAdministrativeOfficeFeeAndInsurancePR" : 524,
  "PastCertificateRequestEvent" : 525,
  "PastCertificateRequestPR" : 526,
  "PastCourseGroupChangeRequestEvent" : 527,
  "PastCourseGroupChangeRequestPR" : 528,
  "PastDegreeDiplomaRequestEvent" : 529,
  "PastDegreeDiplomaRequestPR" : 530,
  "PastDegreeGratuityEvent" : 531,
  "PastDegreeGratuityPR" : 532,
  "PastDiplomaRequest" : 533,
  "PastEquivalencePlanRequestEvent" : 534,
  "PastEquivalencePlanRequestPR" : 535,
  "PastEquivalencePlanRevisionRequestEvent" : 536,
  "PastEquivalencePlanRevisionRequestPR" : 537,
  "PastExtraExamRequestEvent" : 538,
  "PastExtraExamRequestPR" : 539,
  "PastFreeSolicitationAcademicRequestEvent" : 540,
  "PastFreeSolicitationAcademicRequestPR" : 541,
  "PastPhotocopyRequestEvent" : 542,
  "PastPhotocopyRequestPR" : 543,
  "PastStudentReingressionRequestEvent" : 544,
  "PastStudentReingressionRequestPR" : 545,
  "PaymentCode" : 546,
  "PaymentCodeMapping" : 547,
  "PaymentCodePool" : 548,
  "PaymentMethod" : 549,
  "PaymentMethodLog" : 550,
  "PaymentPhase" : 551,
  "PaymentPlan" : 552,
  "PaymentTransaction" : 553,
  "PedagogicalCouncilUnit" : 554,
  "PenaltyExemption" : 555,
  "PenaltyExemptionJustification" : 556,
  "PenaltyExemptionJustificationByDispatch" : 557,
  "PercentageGratuityExemption" : 558,
  "PersistentAcademicOperationGroup" : 559,
  "PersistentAlumniGroup" : 560,
  "PersistentCerimonyInquiryGroup" : 561,
  "PersistentCoordinatorGroup" : 562,
  "PersistentGroupingGroup" : 563,
  "PersistentGuidingsAndAssistantsOfPhdGroup" : 564,
  "PersistentNotUpdatedAlumniInfoForSpecificDaysGroup" : 565,
  "PersistentProfessorshipsGroup" : 566,
  "PersistentProjectDepartmentGroup" : 567,
  "PersistentResponsibleForExecutionCourseGroup" : 568,
  "PersistentRoleGroup" : 569,
  "PersistentScientificCommissionGroup" : 570,
  "PersistentSpecialCriteriaOverExecutionCourseGroup" : 571,
  "PersistentStudentGroup" : 572,
  "PersistentStudentGroupGroup" : 573,
  "PersistentStudentSharingDegreeOfCompetenceOfExecutionCourseGroup" : 574,
  "PersistentStudentSharingDegreeOfExecutionCourseGroup" : 575,
  "PersistentStudentsConcludedInExecutionYearGroup" : 576,
  "PersistentTeacherGroup" : 577,
  "PersistentTeacherResponsibleOfExecutionCourseGroup" : 578,
  "PersistentTeachersWithGradesToSubmitGroup" : 579,
  "PersistentTeachersWithIncompleteEvaluationWorkGroup" : 580,
  "PersistentTeachersWithMarkSheetsToConfirmGroup" : 581,
  "PersistentThesisReadersGroup" : 582,
  "PersistentUnitGroup" : 583,
  "Person" : 584,
  "PersonAccount" : 585,
  "PersonIdentificationDocumentExtraInfo" : 586,
  "PersonInformationLog" : 587,
  "PersonalIngressionData" : 588,
  "PhdAcademicServiceRequest" : 589,
  "PhdAcademicServiceRequestDocument" : 590,
  "PhdAcademicServiceRequestEvent" : 591,
  "PhdAlert" : 592,
  "PhdAlertMessage" : 593,
  "PhdCandidacyFeedbackRequestDocument" : 594,
  "PhdCandidacyFeedbackRequestElement" : 595,
  "PhdCandidacyFeedbackRequestProcess" : 596,
  "PhdCandidacyFeedbackState" : 597,
  "PhdCandidacyPeriod" : 598,
  "PhdCandidacyProcessState" : 599,
  "PhdCandidacyReferee" : 600,
  "PhdCandidacyRefereeAlert" : 601,
  "PhdCandidacyRefereeLetter" : 602,
  "PhdCandidacyRefereeLetterFile" : 603,
  "PhdCertificateRequest" : 604,
  "PhdConclusionProcess" : 605,
  "PhdConfigurationIndividualProgramProcess" : 606,
  "PhdCustomAlert" : 607,
  "PhdDiplomaRequest" : 608,
  "PhdDiplomaRequestEvent" : 609,
  "PhdDiplomaSupplementRequest" : 610,
  "PhdDocumentRequest" : 611,
  "PhdEmail" : 612,
  "PhdEvent" : 613,
  "PhdEventExemption" : 614,
  "PhdEventExemptionJustification" : 615,
  "PhdFinalProofRequestAlert" : 616,
  "PhdFinalizationCertificateRequest" : 617,
  "PhdFinalizationCertificateRequestEvent" : 618,
  "PhdFinalizationCertificateRequestPR" : 619,
  "PhdGratuityEvent" : 620,
  "PhdGratuityExternalScholarshipExemption" : 621,
  "PhdGratuityFineExemption" : 622,
  "PhdGratuityPR" : 623,
  "PhdGratuityPaymentPeriod" : 624,
  "PhdGratuityPriceQuirk" : 625,
  "PhdGuidanceDocument" : 626,
  "PhdGuiderAcceptanceLetter" : 627,
  "PhdIndividualProgramProcess" : 628,
  "PhdIndividualProgramProcessEmail" : 629,
  "PhdIndividualProgramProcessNumber" : 630,
  "PhdLogEntry" : 631,
  "PhdMeeting" : 632,
  "PhdMeetingMinutesDocument" : 633,
  "PhdMeetingSchedulingProcess" : 634,
  "PhdMeetingSchedulingProcessState" : 635,
  "PhdMigrationGuiding" : 636,
  "PhdMigrationIndividualPersonalData" : 637,
  "PhdMigrationIndividualProcessData" : 638,
  "PhdMigrationProcess" : 639,
  "PhdNotification" : 640,
  "PhdParticipant" : 641,
  "PhdProcessState" : 642,
  "PhdProgram" : 643,
  "PhdProgramCandidacyEvent" : 644,
  "PhdProgramCandidacyPR" : 645,
  "PhdProgramCandidacyProcess" : 646,
  "PhdProgramContextPeriod" : 647,
  "PhdProgramEmail" : 648,
  "PhdProgramFocusArea" : 649,
  "PhdProgramInformation" : 650,
  "PhdProgramProcess" : 651,
  "PhdProgramProcessDocument" : 652,
  "PhdProgramProcessState" : 653,
  "PhdProgramPublicCandidacyHashCode" : 654,
  "PhdProgramServiceAgreementTemplate" : 655,
  "PhdProgramUnit" : 656,
  "PhdPublicPresentationSeminarAlert" : 657,
  "PhdRegistrationFee" : 658,
  "PhdRegistrationFeePR" : 659,
  "PhdRegistrationFeePenaltyExemption" : 660,
  "PhdRegistrationFormalizationAlert" : 661,
  "PhdRegistryDiplomaRequest" : 662,
  "PhdRegistryDiplomaRequestEvent" : 663,
  "PhdReporterReviewAlert" : 664,
  "PhdStudentReingressionRequest" : 665,
  "PhdStudentReingressionRequestDocument" : 666,
  "PhdStudyPlan" : 667,
  "PhdStudyPlanEntry" : 668,
  "PhdThesisProcess" : 669,
  "PhdThesisProcessState" : 670,
  "PhdThesisReportFeedbackDocument" : 671,
  "PhdThesisRequestFee" : 672,
  "PhdThesisRequestFeePR" : 673,
  "Phone" : 674,
  "PhoneValidation" : 675,
  "PhotocopyRequest" : 676,
  "PhotocopyRequestEvent" : 677,
  "PhotocopyRequestPR" : 678,
  "Photograph" : 679,
  "PhysicalAddress" : 680,
  "PhysicalAddressValidation" : 681,
  "PhysicalAddressValidationFile" : 682,
  "Picture" : 683,
  "PictureOriginal" : 684,
  "PlanetUnit" : 685,
  "PostingRule" : 686,
  "PreCandidacySituation" : 687,
  "PrecedenceRule" : 688,
  "PrecedentDegreeInformation" : 689,
  "Price" : 690,
  "Process" : 691,
  "ProcessLog" : 692,
  "Professorship" : 693,
  "ProfessorshipManagementLog" : 694,
  "ProfessorshipPermissions" : 695,
  "ProgramCertificateRequest" : 696,
  "ProgramCertificateRequestPR" : 697,
  "ProgramConclusion" : 698,
  "ProgramConclusionProcess" : 699,
  "Project" : 700,
  "ProjectSubmission" : 701,
  "ProjectSubmissionFile" : 702,
  "ProjectSubmissionLog" : 703,
  "PropaedeuticsCurriculumGroup" : 704,
  "PublicCandidacyHashCode" : 705,
  "PublicPhdMissingCandidacyAlert" : 706,
  "PublicPhdMissingCandidacyValidationAlert" : 707,
  "PublicPresentationSeminarProcess" : 708,
  "PublicPresentationSeminarState" : 709,
  "Qualification" : 710,
  "QueueJob" : 711,
  "QueueJobResultFile" : 712,
  "QueueJobWithFile" : 713,
  "RaidesDfaReportFile" : 714,
  "RaidesGraduationReportFile" : 715,
  "RaidesPhdReportFile" : 716,
  "RaidesSpecializationReportFile" : 717,
  "Receipt" : 718,
  "ReceiptGeneratedDocument" : 719,
  "ReceiptPrintVersion" : 720,
  "ReceivedFromExternalEntityAcademicServiceRequestSituation" : 721,
  "ReceptionEmailExecutedAction" : 722,
  "RectoratePaymentCode" : 723,
  "RectorateSubmissionBatch" : 724,
  "Refund" : 725,
  "RegisteredCandidacySituation" : 726,
  "RegisteredState" : 727,
  "Registration" : 728,
  "RegistrationAcademicServiceRequest" : 729,
  "RegistrationAcademicServiceRequestEvent" : 730,
  "RegistrationConclusionProcess" : 731,
  "RegistrationDataByExecutionYear" : 732,
  "RegistrationNumber" : 733,
  "RegistrationPeriodInDegreeCurricularPlan" : 734,
  "RegistrationProtocol" : 735,
  "RegistrationProtocolLog" : 736,
  "RegistrationRegime" : 737,
  "RegistrationReportFile" : 738,
  "RegistrationState" : 739,
  "RegistrationStateLog" : 740,
  "RegistryCode" : 741,
  "RegistryDiplomaRequest" : 742,
  "RegistryDiplomaRequestEvent" : 743,
  "ReimbursementGuide" : 744,
  "ReimbursementGuideEntry" : 745,
  "ReimbursementGuideSituation" : 746,
  "ReimbursementTransaction" : 747,
  "ReingressionPeriod" : 748,
  "ResidenceCandidacies" : 749,
  "ResidenceEvent" : 750,
  "ResidenceManagementUnit" : 751,
  "ResidenceMonth" : 752,
  "ResidencePR" : 753,
  "ResidencePriceTable" : 754,
  "ResidenceYear" : 755,
  "RestrictionBetweenDegreeModules" : 756,
  "RestrictionDoneDegreeModule" : 757,
  "RestrictionEnroledDegreeModule" : 758,
  "RestrictionNotEnroledDegreeModule" : 759,
  "RootCourseGroup" : 760,
  "RootCurriculumGroup" : 761,
  "Rule" : 762,
  "SDCandidacy" : 763,
  "SchoolClass" : 764,
  "SchoolPartConcludedState" : 765,
  "SchoolRegistrationCertificateRequest" : 766,
  "SchoolRegistrationDeclarationRequest" : 767,
  "SchoolUnit" : 768,
  "ScientificAreaUnit" : 769,
  "ScientificCommission" : 770,
  "ScientificCommissionLog" : 771,
  "ScientificCouncilUnit" : 772,
  "SecondCycleCandidacyPeriod" : 773,
  "SecondCycleCandidacyProcess" : 774,
  "SecondCycleIndividualCandidacy" : 775,
  "SecondCycleIndividualCandidacyEvent" : 776,
  "SecondCycleIndividualCandidacyExemption" : 777,
  "SecondCycleIndividualCandidacyExemptionJustification" : 778,
  "SecondCycleIndividualCandidacyFixedValueMultipleDegreesPR" : 779,
  "SecondCycleIndividualCandidacyPR" : 780,
  "SecondCycleIndividualCandidacyProcess" : 781,
  "SecondCycleIndividualCandidacySeriesGrade" : 782,
  "SecretaryEnrolmentStudent" : 783,
  "SectionUnit" : 784,
  "Senior" : 785,
  "SeniorStatute" : 786,
  "SentToExternalEntityAcademicServiceRequestSituation" : 787,
  "ServiceAgreement" : 788,
  "ServiceAgreementPaymentPlan" : 789,
  "ServiceAgreementTemplate" : 790,
  "ServiceAgreementTemplatePaymentPlan" : 791,
  "Shift" : 792,
  "ShiftDistribution" : 793,
  "ShiftDistributionEntry" : 794,
  "ShiftEnrolment" : 795,
  "ShiftGroupingProperties" : 796,
  "ShiftProfessorship" : 797,
  "SibsPaymentFile" : 798,
  "SibsPaymentFileEntry" : 799,
  "SibsPaymentFileProcessReport" : 800,
  "SibsTransactionDetail" : 801,
  "SmsTransaction" : 802,
  "SpaceOccupation" : 803,
  "SpecialSeasonEnrolmentEvent" : 804,
  "SpecialSeasonEnrolmentPR" : 805,
  "SpecialSeasonRequest" : 806,
  "SpecializationDegreeGratuityByAmountPerEctsPR" : 807,
  "SpecializationDegreeGratuityEvent" : 808,
  "SpecializationDegreeGratuityPR" : 809,
  "SpecializationDegreeRegistrationEvent" : 810,
  "SpecializationDegreeRegistrationPR" : 811,
  "StandByCandidacySituation" : 812,
  "StandByConfirmedDataCandidacySituation" : 813,
  "StandByFilledDataCandidacySituation" : 814,
  "StandaloneCandidacyPeriod" : 815,
  "StandaloneCandidacyProcess" : 816,
  "StandaloneCurriculumGroup" : 817,
  "StandaloneEnrolmentCertificateRequest" : 818,
  "StandaloneEnrolmentCertificateRequestPR" : 819,
  "StandaloneEnrolmentGratuityEvent" : 820,
  "StandaloneEnrolmentGratuityPR" : 821,
  "StandaloneIndividualCandidacy" : 822,
  "StandaloneIndividualCandidacyEvent" : 823,
  "StandaloneIndividualCandidacyPR" : 824,
  "StandaloneIndividualCandidacyProcess" : 825,
  "StatusAndApprovalReportFile" : 826,
  "StatuteType" : 827,
  "Student" : 828,
  "StudentCandidacy" : 829,
  "StudentCurricularPlan" : 830,
  "StudentCurricularPlanEquivalencePlan" : 831,
  "StudentDataByExecutionYear" : 832,
  "StudentDataShareAuthorization" : 833,
  "StudentDataShareStudentsAssociationAuthorization" : 834,
  "StudentGroup" : 835,
  "StudentNumber" : 836,
  "StudentRegistrationTransferLog" : 837,
  "StudentReingressionRequest" : 838,
  "StudentReingressionRequestEvent" : 839,
  "StudentStatute" : 840,
  "StudentsPerformanceReport" : 841,
  "StudyPlanConcludedState" : 842,
  "SubstituteCandidacySituation" : 843,
  "Substitution" : 844,
  "Summary" : 845,
  "SummaryOccupancyReportFile" : 846,
  "Teacher" : 847,
  "TeacherAuthorization" : 848,
  "TeacherCategory" : 849,
  "TemporarySubstitution" : 850,
  "Thesis" : 851,
  "ThesisEvaluationExternalParticipant" : 852,
  "ThesisEvaluationParticipant" : 853,
  "ThesisFile" : 854,
  "ThesisJuryElement" : 855,
  "ThesisLibraryArchiveOperation" : 856,
  "ThesisLibraryCancelOperation" : 857,
  "ThesisLibraryOperation" : 858,
  "ThesisLibraryPendingOperation" : 859,
  "ThesisSubject" : 860,
  "ThesisSubjectOrder" : 861,
  "Transaction" : 862,
  "TransitedState" : 863,
  "TransitionalState" : 864,
  "Under23TransportsDeclarationRequest" : 865,
  "Unit" : 866,
  "UnitAcronym" : 867,
  "UnitCostCenterCode" : 868,
  "UnitName" : 869,
  "UnitNamePart" : 870,
  "UnitServiceAgreementTemplate" : 871,
  "University" : 872,
  "UniversityUnit" : 873,
  "UserPrivateKey" : 874,
  "ValueGratuityExemption" : 875,
  "WebAddress" : 876,
  "WeeklyWorkLoad" : 877,
  "WrittenEvaluation" : 878,
  "WrittenEvaluationEnrolment" : 879,
  "WrittenEvaluationReportFile" : 880,
  "WrittenEvaluationSpaceOccupation" : 881,
  "WrittenTest" : 882
}