{
  "1" : "AbstractEntity",
  "2" : "Butt",
  "3" : "CartItem",
  "4" : "CarvingJoint",
  "5" : "Category",
  "6" : "Chalk",
  "7" : "City",
  "8" : "Commodity",
  "9" : "Country",
  "10" : "Damper",
  "11" : "Ferula",
  "12" : "GashType",
  "13" : "Glove",
  "14" : "HoldersChalk",
  "15" : "MainMaterial",
  "16" : "MainPage",
  "17" : "MaterialJoint",
  "18" : "MethodDelivery",
  "19" : "MotherInLaw",
  "20" : "NewMail",
  "21" : "Order",
  "22" : "ProductCare",
  "23" : "ProductDescription",
  "24" : "Reviews",
  "25" : "RingBumper",
  "26" : "RingEnd",
  "27" : "Shaft",
  "28" : "Sticker",
  "29" : "Tube",
  "30" : "TypeSticker",
  "31" : "UkrMail",
  "32" : "User",
  "33" : "Wood"
}