{
  "Address" : 1,
  "AfterSaleBack" : 2,
  "AfterSaleBill" : 3,
  "AixiangbanOrder" : 4,
  "AmapAddress" : 5,
  "Annoucement" : 6,
  "AssignRecord" : 7,
  "AyiServiceOrder" : 8,
  "BankCard" : 9,
  "Banner" : 10,
  "BaojieBill" : 11,
  "BaojieOrder" : 12,
  "BaseModel" : 13,
  "BaseO2OService" : 14,
  "BgImage" : 15,
  "BizError" : 16,
  "BottomIcon" : 17,
  "BovoOrder" : 18,
  "CarBrand" : 19,
  "CarInfo" : 20,
  "CarStyle" : 21,
  "CarYear" : 22,
  "Collocation" : 23,
  "CollocationItem" : 24,
  "Comment" : 25,
  "CommunityInfo" : 26,
  "Coupon" : 27,
  "CouponCombination" : 28,
  "CouponRule" : 29,
  "CouponSeed" : 30,
  "DaoJiaMeiOrder" : 31,
  "Distribution" : 32,
  "Express" : 33,
  "FasuperOrder" : 34,
  "Feedback" : 35,
  "FlowerPlusOrder" : 36,
  "GaofeiOrder" : 37,
  "HaoJiaAnComment" : 38,
  "HaoJiaAnOrder" : 39,
  "HaorenshengOrder" : 40,
  "HexieMessage" : 41,
  "HomeBillItem" : 42,
  "HomeDistribution" : 43,
  "HomeService" : 44,
  "HuyaOralOrder" : 45,
  "JiuyeOrder" : 46,
  "Logistics" : 47,
  "Member" : 48,
  "MemberBill" : 49,
  "MemberRule" : 50,
  "MemberRuleRelationships" : 51,
  "Merchant" : 52,
  "MerchantPlat" : 53,
  "Message" : 54,
  "MessageSect" : 55,
  "OnSaleAreaItem" : 56,
  "OnSaleRule" : 57,
  "Operation" : 58,
  "OrderCarInfo" : 59,
  "OrderItem" : 60,
  "OrderShareRecord" : 61,
  "PageConfigView" : 62,
  "PaymentOrder" : 63,
  "PoiPlace" : 64,
  "PointRecord" : 65,
  "Product" : 66,
  "ProductPlat" : 67,
  "QrCode" : 68,
  "RefundOrder" : 69,
  "Region" : 70,
  "RegionUrl" : 71,
  "RepairArea" : 72,
  "RepairOperator" : 73,
  "RepairOrder" : 74,
  "RepairProject" : 75,
  "RepairSeed" : 76,
  "RgroupAreaItem" : 77,
  "RgroupRule" : 78,
  "RgroupUser" : 79,
  "RuleDistribution" : 80,
  "SalePlan" : 81,
  "ScheduleRecord" : 82,
  "ServiceItem" : 83,
  "ServiceItemTag" : 84,
  "ServiceOperator" : 85,
  "ServiceOperatorSect" : 86,
  "ServiceOrder" : 87,
  "ServiceRegion" : 88,
  "ServiceType" : 89,
  "SettleBill" : 90,
  "SettleBillItem" : 91,
  "ShipFeeTemplate" : 92,
  "SmsHis" : 93,
  "SystemConfig" : 94,
  "Thread" : 95,
  "ThreadComment" : 96,
  "User" : 97,
  "UserCarInfo" : 98,
  "UserNotice" : 99,
  "WechatApp" : 100,
  "WechatCard" : 101,
  "WechatCardCatagory" : 102,
  "WeiZhuangWangOrder" : 103,
  "WuyePayTabs" : 104,
  "YunXiyiBill" : 105,
  "YuyueAreaItem" : 106,
  "YuyueOrder" : 107,
  "YuyueProduct" : 108,
  "YuyueRule" : 109
}