{
  "1" : "Address",
  "2" : "AfterSaleBack",
  "3" : "AfterSaleBill",
  "4" : "AixiangbanOrder",
  "5" : "AmapAddress",
  "6" : "Annoucement",
  "7" : "AssignRecord",
  "8" : "AyiServiceOrder",
  "9" : "BankCard",
  "10" : "Banner",
  "11" : "BaojieBill",
  "12" : "BaojieOrder",
  "13" : "BaseModel",
  "14" : "BaseO2OService",
  "15" : "BgImage",
  "16" : "BizError",
  "17" : "BottomIcon",
  "18" : "BovoOrder",
  "19" : "CarBrand",
  "20" : "CarInfo",
  "21" : "CarStyle",
  "22" : "CarYear",
  "23" : "Collocation",
  "24" : "CollocationItem",
  "25" : "Comment",
  "26" : "CommunityInfo",
  "27" : "Coupon",
  "28" : "CouponCombination",
  "29" : "CouponRule",
  "30" : "CouponSeed",
  "31" : "DaoJiaMeiOrder",
  "32" : "Distribution",
  "33" : "Express",
  "34" : "FasuperOrder",
  "35" : "Feedback",
  "36" : "FlowerPlusOrder",
  "37" : "GaofeiOrder",
  "38" : "HaoJiaAnComment",
  "39" : "HaoJiaAnOrder",
  "40" : "HaorenshengOrder",
  "41" : "HexieMessage",
  "42" : "HomeBillItem",
  "43" : "HomeDistribution",
  "44" : "HomeService",
  "45" : "HuyaOralOrder",
  "46" : "JiuyeOrder",
  "47" : "Logistics",
  "48" : "Member",
  "49" : "MemberBill",
  "50" : "MemberRule",
  "51" : "MemberRuleRelationships",
  "52" : "Merchant",
  "53" : "MerchantPlat",
  "54" : "Message",
  "55" : "MessageSect",
  "56" : "OnSaleAreaItem",
  "57" : "OnSaleRule",
  "58" : "Operation",
  "59" : "OrderCarInfo",
  "60" : "OrderItem",
  "61" : "OrderShareRecord",
  "62" : "PageConfigView",
  "63" : "PaymentOrder",
  "64" : "PoiPlace",
  "65" : "PointRecord",
  "66" : "Product",
  "67" : "ProductPlat",
  "68" : "QrCode",
  "69" : "RefundOrder",
  "70" : "Region",
  "71" : "RegionUrl",
  "72" : "RepairArea",
  "73" : "RepairOperator",
  "74" : "RepairOrder",
  "75" : "RepairProject",
  "76" : "RepairSeed",
  "77" : "RgroupAreaItem",
  "78" : "RgroupRule",
  "79" : "RgroupUser",
  "80" : "RuleDistribution",
  "81" : "SalePlan",
  "82" : "ScheduleRecord",
  "83" : "ServiceItem",
  "84" : "ServiceItemTag",
  "85" : "ServiceOperator",
  "86" : "ServiceOperatorSect",
  "87" : "ServiceOrder",
  "88" : "ServiceRegion",
  "89" : "ServiceType",
  "90" : "SettleBill",
  "91" : "SettleBillItem",
  "92" : "ShipFeeTemplate",
  "93" : "SmsHis",
  "94" : "SystemConfig",
  "95" : "Thread",
  "96" : "ThreadComment",
  "97" : "User",
  "98" : "UserCarInfo",
  "99" : "UserNotice",
  "100" : "WechatApp",
  "101" : "WechatCard",
  "102" : "WechatCardCatagory",
  "103" : "WeiZhuangWangOrder",
  "104" : "WuyePayTabs",
  "105" : "YunXiyiBill",
  "106" : "YuyueAreaItem",
  "107" : "YuyueOrder",
  "108" : "YuyueProduct",
  "109" : "YuyueRule"
}