{
  "ApplicantController.updateApplicant" : {
    "t" : [ {
      "id" : 0,
      "a" : [ [ "W", 5 ], [ "W", 5 ], [ "W", 5 ], [ "W", 5 ], [ "W", 5 ], [ "W", 5 ], [ "W", 5 ], [ "W", 27 ], [ "W", 5 ], [ "W", 27 ], [ "W", 33 ], [ "W", 5 ], [ "W", 33 ], [ "R", 5 ], [ "W", 5 ], [ "W", 5 ] ]
    } ]
  },
  "RejectedApplicantController.deleteRejectedApplicant" : {
    "t" : [ {
      "id" : 0,
      "a" : [ [ "R", 62 ], [ "R", 62 ], [ "W", 62 ] ]
    } ]
  },
  "DiscussionParticipantsController.addDiscussionParticipants" : {
    "t" : [ {
      "id" : 0,
      "a" : [ [ "W", 19 ], [ "W", 90 ], [ "W", 90 ], [ "W", 19 ], [ "W", 90 ], [ "W", 20 ], [ "W", 20 ], [ "W", 20 ], [ "W", 87 ], [ "W", 87 ], [ "W", 87 ], [ "W", 87 ], [ "W", 87 ], [ "W", 90 ], [ "W", 90 ], [ "W", 87 ], [ "W", 90 ], [ "W", 88 ], [ "W", 88 ], [ "W", 87 ], [ "W", 88 ], [ "W", 20 ], [ "W", 87 ], [ "W", 19 ], [ "W", 20 ], [ "W", 19 ] ]
    } ]
  },
  "GeneralWelfareController.createGeneralWelfare" : {
    "t" : [ {
      "id" : 0,
      "a" : [ [ "W", 26 ], [ "W", 26 ], [ "W", 97 ], [ "W", 97 ], [ "W", 97 ], [ "W", 97 ], [ "W", 97 ], [ "W", 97 ], [ "W", 26 ], [ "W", 97 ], [ "W", 26 ] ]
    } ]
  },
  "AuthorizeTypeController.getAllAuthorizeTypes" : {
    "t" : [ {
      "id" : 0,
      "a" : [ [ "R", 10 ], [ "R", 10 ], [ "R", 10 ] ]
    } ]
  },
  "HolidayCalendarController.updateHolidayCalendar" : {
    "t" : [ {
      "id" : 0,
      "a" : [ [ "W", 28 ], [ "W", 28 ], [ "W", 28 ], [ "W", 28 ], [ "W", 28 ], [ "W", 28 ], [ "W", 15 ], [ "W", 15 ], [ "W", 15 ], [ "W", 15 ], [ "W", 28 ], [ "W", 15 ], [ "W", 69 ], [ "W", 69 ], [ "W", 69 ], [ "W", 28 ], [ "W", 69 ], [ "W", 90 ], [ "W", 90 ], [ "W", 28 ], [ "W", 90 ], [ "R", 28 ], [ "W", 28 ], [ "R", 42 ], [ "R", 42 ], [ "R", 90 ], [ "W", 28 ], [ "W", 90 ], [ "W", 28 ] ]
    } ]
  },
  "DesignationController.ModifyDesignation" : {
    "t" : [ {
      "id" : 0,
      "a" : [ [ "R", 18 ], [ "W", 18 ], [ "W", 18 ] ]
    } ]
  },
  "DirectoryController.getUsersByFullName" : {
    "t" : [ {
      "id" : 0,
      "a" : [ [ "R", 7 ], [ "R", 7 ], [ "R", 7 ], [ "R", 7 ], [ "R", 90 ], [ "R", 7 ], [ "R", 7 ], [ "R", 7 ], [ "R", 18 ], [ "R", 7 ], [ "R", 7 ], [ "R", 7 ], [ "R", 7 ], [ "R", 7 ], [ "R", 7 ], [ "R", 18 ], [ "R", 7 ], [ "R", 90 ], [ "R", 7 ], [ "R", 7 ], [ "R", 7 ], [ "R", 7 ], [ "R", 90 ], [ "R", 7 ], [ "R", 7 ], [ "R", 7 ], [ "R", 18 ], [ "R", 7 ], [ "R", 7 ], [ "R", 7 ], [ "R", 7 ], [ "R", 7 ], [ "R", 90 ], [ "R", 7 ], [ "R", 18 ], [ "R", 7 ], [ "R", 90 ], [ "R", 90 ], [ "R", 7 ], [ "R", 90 ], [ "R", 90 ], [ "R", 7 ], [ "R", 90 ], [ "R", 90 ], [ "R", 7 ], [ "R", 90 ], [ "R", 90 ], [ "R", 7 ], [ "R", 90 ], [ "R", 90 ], [ "R", 7 ], [ "R", 18 ], [ "R", 18 ], [ "R", 7 ], [ "R", 7 ], [ "R", 90 ], [ "R", 90 ] ]
    } ]
  },
  "PromotionController.addPromotion" : {
    "t" : [ {
      "id" : 0,
      "a" : [ [ "W", 55 ], [ "W", 90 ], [ "W", 90 ], [ "W", 55 ], [ "W", 90 ], [ "W", 18 ], [ "W", 18 ], [ "W", 55 ], [ "W", 18 ], [ "W", 55 ], [ "W", 55 ], [ "W", 55 ], [ "W", 55 ], [ "W", 55 ] ]
    } ]
  },
  "PromotionController.deletePromotion" : {
    "t" : [ {
      "id" : 0,
      "a" : [ [ "R", 55 ], [ "R", 55 ], [ "W", 55 ] ]
    } ]
  },
  "SelfServiceController.deleteSelfService" : {
    "t" : [ {
      "id" : 0,
      "a" : [ [ "R", 84 ], [ "W", 84 ] ]
    } ]
  },
  "GeneralWelfareController.postGeneralWelfare" : {
    "t" : [ {
      "id" : 0,
      "a" : [ [ "W", 26 ], [ "W", 26 ], [ "W", 97 ], [ "W", 26 ], [ "W", 97 ], [ "W", 26 ] ]
    } ]
  },
  "DiscussionScheduleController.editDiscussionSchedule" : {
    "t" : [ {
      "id" : 0,
      "a" : [ [ "W", 20 ], [ "W", 20 ], [ "W", 20 ], [ "W", 87 ], [ "W", 87 ], [ "W", 87 ], [ "W", 87 ], [ "W", 87 ], [ "W", 90 ], [ "W", 90 ], [ "W", 87 ], [ "W", 90 ], [ "W", 88 ], [ "W", 88 ], [ "W", 87 ], [ "W", 88 ], [ "W", 20 ], [ "W", 87 ], [ "R", 20 ], [ "W", 20 ], [ "W", 20 ] ]
    } ]
  },
  "UserLoanDetailsController.viewOneById" : {
    "t" : [ {
      "id" : 0,
      "a" : [ [ "R", 42 ], [ "R", 42 ], [ "R", 90 ], [ "R", 94 ] ]
    } ]
  },
  "CancelLeaveRequestController.getCancelLeaveRequest" : {
    "t" : [ {
      "id" : 0,
      "a" : [ [ "R", 12 ], [ "R", 12 ], [ "R", 12 ], [ "R", 12 ], [ "R", 37 ], [ "R", 37 ], [ "R", 37 ], [ "R", 37 ], [ "R", 37 ], [ "R", 37 ], [ "R", 37 ], [ "R", 37 ], [ "R", 37 ], [ "R", 90 ], [ "R", 90 ], [ "R", 90 ], [ "R", 90 ], [ "R", 90 ], [ "R", 90 ], [ "R", 37 ], [ "R", 36 ], [ "R", 36 ], [ "R", 36 ], [ "R", 36 ], [ "R", 36 ], [ "R", 90 ], [ "R", 90 ], [ "R", 90 ], [ "R", 90 ], [ "R", 90 ], [ "R", 90 ], [ "R", 36 ], [ "R", 38 ], [ "R", 38 ], [ "R", 38 ], [ "R", 38 ], [ "R", 38 ], [ "R", 38 ], [ "R", 37 ], [ "R", 37 ], [ "R", 12 ] ]
    } ]
  },
  "RequestExperienceLetterController.saveExperienceLetterRequest" : {
    "t" : [ {
      "id" : 0,
      "a" : [ [ "W", 90 ], [ "W", 67 ], [ "W", 67 ], [ "W", 90 ], [ "W", 67 ], [ "W", 67 ], [ "W", 67 ], [ "W", 67 ], [ "W", 67 ], [ "W", 67 ] ]
    } ]
  },
  "SelfServiceController.viewComplainByUser" : {
    "t" : [ {
      "id" : 0,
      "a" : [ [ "R", 42 ], [ "R", 42 ], [ "R", 90 ], [ "R", 84 ] ]
    } ]
  },
  "ExamTypeController.deleteExamType" : {
    "t" : [ {
      "id" : 0,
      "a" : [ [ "R", 23 ], [ "W", 23 ] ]
    } ]
  },
  "SelfServiceController.viewSelfService" : {
    "t" : [ {
      "id" : 0,
      "a" : [ [ "R", 84 ], [ "R", 84 ], [ "R", 84 ], [ "R", 85 ], [ "R", 84 ], [ "R", 90 ], [ "R", 84 ], [ "R", 17 ], [ "R", 84 ], [ "R", 90 ], [ "R", 84 ], [ "R", 84 ], [ "R", 84 ], [ "R", 84 ], [ "R", 84 ] ]
    } ]
  },
  "BenefitsAllowancesController.viewBenefitsAllowances" : {
    "t" : [ {
      "id" : 0,
      "a" : [ [ "R", 29 ], [ "R", 29 ], [ "R", 29 ], [ "R", 29 ], [ "R", 29 ], [ "R", 90 ], [ "R", 29 ], [ "R", 97 ] ]
    } ]
  },
  "RejectLeaveRequestController.getAllRejectedLeaveRequests" : {
    "t" : [ {
      "id" : 0,
      "a" : [ [ "R", 61 ], [ "R", 61 ], [ "R", 61 ], [ "R", 61 ], [ "R", 90 ], [ "R", 90 ], [ "R", 90 ], [ "R", 90 ], [ "R", 90 ], [ "R", 90 ], [ "R", 61 ], [ "R", 37 ], [ "R", 37 ], [ "R", 37 ], [ "R", 37 ], [ "R", 37 ], [ "R", 37 ], [ "R", 37 ], [ "R", 37 ], [ "R", 37 ], [ "R", 90 ], [ "R", 90 ], [ "R", 90 ], [ "R", 90 ], [ "R", 90 ], [ "R", 90 ], [ "R", 37 ], [ "R", 36 ], [ "R", 36 ], [ "R", 36 ], [ "R", 36 ], [ "R", 36 ], [ "R", 90 ], [ "R", 90 ], [ "R", 90 ], [ "R", 90 ], [ "R", 90 ], [ "R", 90 ], [ "R", 36 ], [ "R", 38 ], [ "R", 38 ], [ "R", 38 ], [ "R", 38 ], [ "R", 38 ], [ "R", 38 ], [ "R", 37 ], [ "R", 37 ] ]
    } ]
  },
  "ApplicantController.postRequestPromotion" : {
    "t" : [ {
      "id" : 0,
      "a" : [ [ "W", 5 ], [ "W", 5 ], [ "W", 5 ], [ "W", 5 ], [ "W", 5 ], [ "W", 5 ], [ "W", 5 ], [ "W", 27 ], [ "W", 5 ], [ "W", 27 ], [ "W", 33 ], [ "W", 5 ], [ "W", 33 ], [ "W", 5 ] ]
    } ]
  },
  "WorkExperienceController.addWorkExperience" : {
    "t" : [ {
      "id" : 0,
      "a" : [ [ "R", 90 ], [ "W", 99 ], [ "W", 99 ], [ "W", 99 ], [ "W", 99 ], [ "W", 99 ], [ "W", 99 ], [ "W", 99 ], [ "W", 99 ], [ "W", 99 ], [ "W", 90 ], [ "W", 99 ], [ "W", 90 ], [ "W", 99 ] ]
    } ]
  },
  "ProfessionalQualificationController.addProfessionalQualification" : {
    "t" : [ {
      "id" : 0,
      "a" : [ [ "R", 90 ], [ "W", 52 ], [ "W", 52 ], [ "W", 52 ], [ "W", 52 ], [ "W", 52 ], [ "W", 52 ], [ "W", 52 ], [ "W", 52 ], [ "W", 52 ], [ "W", 90 ], [ "W", 52 ], [ "W", 90 ], [ "W", 52 ] ]
    } ]
  },
  "ParReportForAppraiseeController.getParReportForAppraisee" : {
    "t" : [ {
      "id" : 0,
      "a" : [ [ "R", 44 ], [ "R", 44 ], [ "R", 63 ], [ "R", 63 ], [ "R", 80 ], [ "R", 80 ], [ "R", 46 ], [ "R", 46 ], [ "R", 80 ], [ "R", 46 ], [ "R", 46 ], [ "R", 80 ] ]
    } ]
  },
  "TerminationRequestController.getAllTerminationRequest" : {
    "t" : [ {
      "id" : 0,
      "a" : [ [ "R", 87 ], [ "R", 87 ], [ "R", 87 ], [ "R", 87 ], [ "R", 87 ], [ "R", 87 ], [ "R", 87 ], [ "R", 90 ], [ "R", 90 ], [ "R", 90 ], [ "R", 90 ], [ "R", 90 ], [ "R", 90 ], [ "R", 87 ], [ "R", 88 ], [ "R", 88 ], [ "R", 88 ] ]
    } ]
  },
  "LocationController.GetLocation" : {
    "t" : [ {
      "id" : 0,
      "a" : [ [ "R", 40 ] ]
    } ]
  },
  "RequestExperienceLetterController.editExperienceLetterRequest" : {
    "t" : [ {
      "id" : 0,
      "a" : [ [ "R", 67 ], [ "W", 67 ], [ "W", 67 ] ]
    } ]
  },
  "UserController.updateUser" : {
    "t" : [ {
      "id" : 0,
      "a" : [ [ "W", 90 ], [ "W", 90 ], [ "R", 90 ], [ "W", 90 ], [ "W", 90 ] ]
    } ]
  },
  "LeaveRequestController.deleteLeaveRequest" : {
    "t" : [ {
      "id" : 0,
      "a" : [ [ "R", 37 ], [ "W", 37 ], [ "R", 37 ], [ "R", 36 ], [ "R", 37 ], [ "R", 37 ], [ "R", 37 ], [ "R", 36 ], [ "R", 36 ], [ "R", 36 ], [ "W", 36 ], [ "W", 36 ], [ "R", 37 ], [ "R", 37 ], [ "R", 37 ], [ "R", 36 ], [ "W", 36 ], [ "W", 36 ], [ "W", 37 ] ]
    } ]
  },
  "LeaveAllocationController.deleteLeaveAllocation" : {
    "t" : [ {
      "id" : 0,
      "a" : [ [ "R", 36 ], [ "W", 36 ] ]
    } ]
  },
  "LogInCredientialController.addLogInCrediential" : {
    "t" : [ {
      "id" : 0,
      "a" : [ [ "W", 41 ] ]
    } ]
  },
  "UserCareerDevelopmentPlanSelfController.putCareerDevelopemntPlanSelf" : {
    "t" : [ {
      "id" : 0,
      "a" : [ [ "W", 92 ], [ "W", 90 ], [ "W", 92 ], [ "W", 90 ], [ "W", 13 ], [ "W", 92 ], [ "W", 13 ], [ "W", 92 ], [ "R", 92 ], [ "W", 92 ], [ "W", 92 ] ]
    } ]
  },
  "RoleController.getRoles" : {
    "t" : [ {
      "id" : 0,
      "a" : [ [ "R", 71 ] ]
    } ]
  },
  "LeaveTypeController.getAllLeaveType" : {
    "t" : [ {
      "id" : 0,
      "a" : [ [ "R", 38 ], [ "R", 38 ], [ "R", 38 ], [ "R", 38 ], [ "R", 38 ], [ "R", 38 ] ]
    } ]
  },
  "SlaryDetailsEmpViewController.viewSalaryDetails" : {
    "t" : [ {
      "id" : 0,
      "a" : [ [ "R", 74 ], [ "R", 74 ], [ "R", 74 ], [ "R", 74 ], [ "R", 74 ], [ "R", 74 ], [ "R", 74 ], [ "R", 74 ], [ "R", 74 ], [ "R", 74 ] ]
    } ]
  },
  "ParReportForAppraiseeController.createParReportForAppraisee" : {
    "t" : [ {
      "id" : 0,
      "a" : [ [ "R", 44 ], [ "R", 63 ], [ "W", 63 ], [ "W", 63 ], [ "W", 44 ], [ "W", 63 ], [ "R", 63 ], [ "R", 46 ], [ "W", 80 ], [ "W", 80 ], [ "W", 46 ], [ "W", 80 ], [ "W", 80 ], [ "W", 80 ], [ "W", 63 ], [ "W", 80 ] ]
    } ]
  },
  "DiscussionParticipantsController.getAllDiscussionParticipants" : {
    "t" : [ {
      "id" : 0,
      "a" : [ [ "R", 19 ], [ "R", 19 ], [ "R", 19 ], [ "R", 90 ], [ "R", 90 ], [ "R", 90 ], [ "R", 90 ], [ "R", 90 ], [ "R", 90 ], [ "R", 19 ], [ "R", 20 ], [ "R", 20 ], [ "R", 20 ], [ "R", 20 ], [ "R", 20 ], [ "R", 87 ], [ "R", 87 ], [ "R", 87 ], [ "R", 87 ], [ "R", 87 ], [ "R", 87 ], [ "R", 87 ], [ "R", 90 ], [ "R", 90 ], [ "R", 90 ], [ "R", 90 ], [ "R", 90 ], [ "R", 90 ], [ "R", 87 ], [ "R", 88 ], [ "R", 88 ], [ "R", 88 ] ]
    } ]
  },
  "PromotionController.getAllPromotion" : {
    "t" : [ {
      "id" : 0,
      "a" : [ [ "R", 55 ], [ "R", 55 ], [ "R", 55 ], [ "R", 55 ], [ "R", 90 ], [ "R", 90 ], [ "R", 90 ], [ "R", 55 ], [ "R", 18 ], [ "R", 18 ], [ "R", 18 ], [ "R", 55 ], [ "R", 55 ], [ "R", 55 ] ]
    } ]
  },
  "InterviewScheduleController.updateInterviewSchedule" : {
    "t" : [ {
      "id" : 0,
      "a" : [ [ "W", 31 ], [ "W", 31 ], [ "W", 31 ], [ "W", 31 ], [ "W", 31 ], [ "R", 31 ], [ "W", 31 ], [ "W", 31 ] ]
    } ]
  },
  "AcademicQualificationController.editAcademicQualification" : {
    "t" : [ {
      "id" : 0,
      "a" : [ [ "R", 23 ], [ "R", 90 ], [ "W", 1 ], [ "W", 1 ], [ "W", 1 ], [ "W", 1 ], [ "W", 1 ], [ "W", 1 ], [ "W", 1 ], [ "W", 90 ], [ "W", 23 ], [ "R", 1 ], [ "W", 1 ], [ "W", 23 ], [ "W", 1 ], [ "W", 90 ], [ "W", 1 ], [ "W", 1 ] ]
    } ]
  },
  "CancelLeaveRequestController.rejectCancelLeaveRequest" : {
    "t" : [ {
      "id" : 0,
      "a" : [ [ "R", 12 ], [ "R", 12 ], [ "R", 12 ], [ "R", 37 ], [ "W", 37 ], [ "R", 12 ], [ "R", 37 ], [ "W", 37 ], [ "W", 12 ], [ "W", 12 ], [ "W", 58 ], [ "W", 12 ], [ "R", 42 ], [ "R", 42 ], [ "R", 90 ], [ "W", 58 ], [ "W", 90 ], [ "W", 58 ], [ "W", 58 ] ]
    } ]
  },
  "DiscussionParticipantsController.editDiscussionParticipants" : {
    "t" : [ {
      "id" : 0,
      "a" : [ [ "W", 19 ], [ "W", 90 ], [ "W", 90 ], [ "W", 19 ], [ "W", 90 ], [ "W", 20 ], [ "W", 20 ], [ "W", 20 ], [ "W", 87 ], [ "W", 87 ], [ "W", 87 ], [ "W", 87 ], [ "W", 87 ], [ "W", 90 ], [ "W", 90 ], [ "W", 87 ], [ "W", 90 ], [ "W", 88 ], [ "W", 88 ], [ "W", 87 ], [ "W", 88 ], [ "W", 20 ], [ "W", 87 ], [ "W", 19 ], [ "W", 20 ], [ "R", 19 ], [ "W", 19 ], [ "W", 19 ] ]
    } ]
  },
  "TerminationTypeController.editTerminationType" : {
    "t" : [ {
      "id" : 0,
      "a" : [ [ "W", 88 ], [ "W", 88 ], [ "R", 88 ], [ "W", 88 ], [ "W", 88 ] ]
    } ]
  },
  "TerminationRequestController.editTerminationRequest" : {
    "t" : [ {
      "id" : 0,
      "a" : [ [ "W", 87 ], [ "W", 87 ], [ "W", 87 ], [ "W", 87 ], [ "W", 87 ], [ "W", 90 ], [ "W", 90 ], [ "W", 87 ], [ "W", 90 ], [ "W", 88 ], [ "W", 88 ], [ "W", 87 ], [ "W", 88 ], [ "R", 87 ], [ "W", 87 ], [ "W", 87 ] ]
    } ]
  },
  "LeaveTypeController.createLeaveType" : {
    "t" : [ {
      "id" : 0,
      "a" : [ [ "W", 38 ], [ "W", 38 ], [ "W", 38 ], [ "W", 38 ] ]
    } ]
  },
  "CancelLeaveRequestController.addCancelLeaveRequest" : {
    "t" : [ {
      "id" : 0,
      "a" : [ [ "W", 12 ], [ "W", 12 ], [ "W", 37 ], [ "W", 90 ], [ "W", 90 ], [ "W", 37 ], [ "W", 90 ], [ "W", 36 ], [ "W", 36 ], [ "W", 36 ], [ "W", 90 ], [ "W", 90 ], [ "W", 36 ], [ "W", 90 ], [ "W", 38 ], [ "W", 38 ], [ "W", 38 ], [ "W", 36 ], [ "W", 38 ], [ "W", 37 ], [ "W", 36 ], [ "W", 37 ], [ "W", 37 ], [ "W", 37 ], [ "W", 37 ], [ "W", 37 ], [ "W", 37 ], [ "W", 12 ], [ "W", 37 ], [ "W", 12 ], [ "W", 12 ], [ "R", 12 ], [ "R", 37 ], [ "W", 37 ], [ "R", 12 ], [ "R", 37 ], [ "W", 37 ], [ "W", 12 ] ]
    } ]
  },
  "RoleController.viewall" : {
    "t" : [ {
      "id" : 0,
      "a" : [ [ "R", 71 ] ]
    } ]
  },
  "PromotionController.editPromotion" : {
    "t" : [ {
      "id" : 0,
      "a" : [ [ "W", 55 ], [ "W", 90 ], [ "W", 90 ], [ "W", 55 ], [ "W", 90 ], [ "W", 18 ], [ "W", 18 ], [ "W", 55 ], [ "W", 18 ], [ "W", 55 ], [ "W", 55 ], [ "W", 55 ], [ "W", 55 ], [ "R", 55 ], [ "W", 55 ], [ "W", 55 ] ]
    } ]
  },
  "ParContentController.createParContent" : {
    "t" : [ {
      "id" : 0,
      "a" : [ [ "W", 46 ] ]
    } ]
  },
  "ResponseController.viewResponse" : {
    "t" : [ {
      "id" : 0,
      "a" : [ [ "R", 70 ] ]
    } ]
  },
  "CancelLeaveRequestController.acceptCancelLeaveRequest" : {
    "t" : [ {
      "id" : 0,
      "a" : [ [ "R", 12 ], [ "R", 12 ], [ "R", 12 ], [ "R", 37 ], [ "W", 37 ], [ "R", 12 ], [ "R", 37 ], [ "R", 37 ], [ "R", 36 ], [ "R", 37 ], [ "R", 37 ], [ "R", 37 ], [ "R", 36 ], [ "R", 36 ], [ "R", 36 ], [ "W", 36 ], [ "W", 36 ], [ "R", 37 ], [ "R", 37 ], [ "R", 37 ], [ "R", 36 ], [ "W", 36 ], [ "W", 36 ], [ "W", 12 ], [ "W", 12 ], [ "R", 12 ], [ "R", 37 ], [ "W", 37 ], [ "W", 2 ], [ "W", 12 ], [ "R", 42 ], [ "R", 42 ], [ "R", 90 ], [ "W", 2 ], [ "W", 90 ], [ "W", 2 ] ]
    } ]
  },
  "PromotionController.postRequestPromotion" : {
    "t" : [ {
      "id" : 0,
      "a" : [ [ "W", 55 ], [ "W", 90 ], [ "W", 55 ], [ "W", 90 ], [ "W", 55 ], [ "W", 18 ], [ "W", 55 ], [ "W", 18 ], [ "W", 55 ], [ "W", 55 ], [ "W", 55 ], [ "W", 55 ] ]
    } ]
  },
  "ParController.parHistory" : {
    "t" : [ {
      "id" : 0,
      "a" : [ [ "R", 44 ] ]
    } ]
  },
  "HolidayCalendarController.createHoliday" : {
    "t" : [ {
      "id" : 0,
      "a" : [ [ "W", 28 ], [ "W", 28 ], [ "W", 28 ], [ "W", 28 ], [ "W", 28 ], [ "W", 28 ], [ "W", 15 ], [ "W", 15 ], [ "W", 15 ], [ "W", 15 ], [ "W", 28 ], [ "W", 15 ], [ "W", 69 ], [ "W", 69 ], [ "W", 69 ], [ "W", 28 ], [ "W", 69 ], [ "W", 90 ], [ "W", 90 ], [ "W", 28 ], [ "W", 90 ], [ "R", 28 ], [ "R", 69 ], [ "R", 69 ], [ "R", 28 ], [ "R", 69 ], [ "R", 69 ], [ "R", 69 ], [ "W", 28 ], [ "W", 69 ], [ "R", 42 ], [ "R", 42 ], [ "R", 90 ], [ "W", 28 ], [ "W", 90 ], [ "W", 28 ] ]
    } ]
  },
  "PrivilegeController.editPrivilege" : {
    "t" : [ {
      "id" : 0,
      "a" : [ [ "W", 50 ], [ "W", 50 ], [ "W", 10 ], [ "W", 50 ], [ "W", 43 ], [ "W", 50 ], [ "W", 71 ], [ "W", 50 ], [ "R", 50 ], [ "W", 50 ], [ "W", 50 ] ]
    } ]
  },
  "TerminationRecordController.getAllTerminationRecord" : {
    "t" : [ {
      "id" : 0,
      "a" : [ [ "R", 86 ], [ "R", 86 ], [ "R", 86 ], [ "R", 86 ], [ "R", 86 ], [ "R", 86 ], [ "R", 86 ], [ "R", 86 ], [ "R", 90 ], [ "R", 90 ], [ "R", 90 ], [ "R", 90 ], [ "R", 90 ], [ "R", 90 ], [ "R", 86 ], [ "R", 88 ], [ "R", 88 ], [ "R", 88 ] ]
    } ]
  },
  "KeyActivityController.deleteKeyActivity" : {
    "t" : [ {
      "id" : 0,
      "a" : [ [ "R", 35 ], [ "W", 35 ] ]
    } ]
  },
  "TerminationRecordController.editTerminationRecord" : {
    "t" : [ {
      "id" : 0,
      "a" : [ [ "W", 86 ], [ "W", 86 ], [ "W", 86 ], [ "W", 86 ], [ "W", 86 ], [ "W", 86 ], [ "W", 90 ], [ "W", 90 ], [ "W", 86 ], [ "W", 90 ], [ "W", 88 ], [ "W", 88 ], [ "W", 86 ], [ "W", 88 ], [ "R", 86 ], [ "W", 86 ], [ "W", 86 ] ]
    } ]
  },
  "SalaryChartController.getSalaryChart" : {
    "t" : [ {
      "id" : 0,
      "a" : [ [ "R", 73 ], [ "R", 73 ], [ "R", 73 ], [ "R", 73 ], [ "R", 73 ], [ "R", 73 ], [ "R", 73 ], [ "R", 73 ], [ "R", 73 ], [ "R", 73 ], [ "R", 73 ], [ "R", 73 ], [ "R", 73 ], [ "R", 90 ] ]
    } ]
  },
  "UserCareerDevelopmentPlanSelfController.getCareerDevelopemntPlanByUserId" : {
    "t" : [ {
      "id" : 0,
      "a" : [ [ "R", 92 ], [ "R", 92 ], [ "R", 92 ], [ "R", 90 ] ]
    } ]
  },
  "DirectoryController.getAllUserDetails" : {
    "t" : [ {
      "id" : 0,
      "a" : [ [ "R", 7 ], [ "R", 7 ], [ "R", 90 ], [ "R", 90 ], [ "R", 7 ], [ "R", 90 ], [ "R", 90 ], [ "R", 7 ], [ "R", 90 ], [ "R", 90 ], [ "R", 7 ], [ "R", 90 ], [ "R", 90 ], [ "R", 7 ], [ "R", 90 ], [ "R", 90 ], [ "R", 7 ], [ "R", 18 ], [ "R", 18 ], [ "R", 7 ], [ "R", 7 ], [ "R", 90 ], [ "R", 90 ] ]
    } ]
  },
  "RecuitmentTypeController.updateRecuitment" : {
    "t" : [ {
      "id" : 0,
      "a" : [ [ "W", 56 ], [ "W", 56 ], [ "R", 56 ], [ "W", 56 ], [ "W", 56 ] ]
    } ]
  },
  "ExamTypeController.getExamType" : {
    "t" : [ {
      "id" : 0,
      "a" : [ [ "R", 23 ] ]
    } ]
  },
  "VacancyController.updateVacancy" : {
    "t" : [ {
      "id" : 0,
      "a" : [ [ "W", 96 ], [ "W", 96 ], [ "W", 96 ], [ "W", 96 ], [ "W", 96 ], [ "W", 96 ], [ "W", 90 ], [ "W", 90 ], [ "W", 96 ], [ "W", 90 ], [ "W", 33 ], [ "W", 33 ], [ "W", 33 ], [ "W", 96 ], [ "W", 33 ], [ "W", 17 ], [ "W", 17 ], [ "W", 96 ], [ "W", 17 ], [ "W", 56 ], [ "W", 56 ], [ "W", 96 ], [ "W", 56 ], [ "R", 96 ], [ "W", 96 ], [ "W", 96 ] ]
    } ]
  },
  "CarryforwordRequestController.viewAllCarryforwardRequest" : {
    "t" : [ {
      "id" : 0,
      "a" : [ [ "R", 14 ], [ "R", 14 ], [ "R", 14 ], [ "R", 14 ], [ "R", 14 ], [ "R", 14 ], [ "R", 90 ], [ "R", 90 ], [ "R", 90 ], [ "R", 90 ], [ "R", 90 ], [ "R", 90 ], [ "R", 14 ] ]
    } ]
  },
  "RejectExperienceLetterRequestController.getRejectExperienceLetterRequest" : {
    "t" : [ {
      "id" : 0,
      "a" : [ [ "R", 60 ] ]
    } ]
  },
  "ScheduleParController.deleteSchedulePar" : {
    "t" : [ {
      "id" : 0,
      "a" : [ [ "R", 44 ], [ "R", 76 ], [ "R", 76 ], [ "W", 76 ], [ "R", 77 ], [ "R", 77 ], [ "W", 77 ], [ "W", 44 ] ]
    } ]
  },
  "KeyActivityController.GetKeyActivity" : {
    "t" : [ {
      "id" : 0,
      "a" : [ [ "R", 35 ] ]
    } ]
  },
  "UserController.GetUser" : {
    "t" : [ {
      "id" : 0,
      "a" : [ [ "R", 90 ], [ "R", 90 ], [ "R", 90 ], [ "R", 90 ], [ "R", 17 ], [ "R", 90 ], [ "R", 90 ], [ "R", 90 ], [ "R", 90 ], [ "R", 90 ], [ "R", 90 ], [ "R", 90 ], [ "R", 90 ], [ "R", 90 ], [ "R", 90 ], [ "R", 90 ], [ "R", 90 ], [ "R", 90 ], [ "R", 71 ], [ "R", 90 ], [ "R", 90 ], [ "R", 90 ] ]
    } ]
  },
  "DesignationController.GetDesignation" : {
    "t" : [ {
      "id" : 0,
      "a" : [ [ "R", 18 ] ]
    } ]
  },
  "JobController.GetUser" : {
    "t" : [ {
      "id" : 0,
      "a" : [ [ "R", 33 ] ]
    } ]
  },
  "LeaveAllocationController.viewLeaveAllocationByUser" : {
    "t" : [ {
      "id" : 0,
      "a" : [ [ "R", 42 ], [ "R", 42 ], [ "R", 90 ], [ "R", 36 ], [ "R", 36 ], [ "R", 36 ], [ "R", 36 ], [ "R", 36 ], [ "R", 90 ], [ "R", 90 ], [ "R", 90 ], [ "R", 90 ], [ "R", 90 ], [ "R", 90 ], [ "R", 36 ], [ "R", 38 ], [ "R", 38 ], [ "R", 38 ], [ "R", 38 ], [ "R", 38 ], [ "R", 38 ] ]
    } ]
  },
  "ProfessionalMembershipController.findProfessionalMembershipByUserId" : {
    "t" : [ {
      "id" : 0,
      "a" : [ [ "R", 90 ], [ "R", 51 ] ]
    } ]
  },
  "DepartmentController.GetDepartment" : {
    "t" : [ {
      "id" : 0,
      "a" : [ [ "R", 17 ] ]
    } ]
  },
  "DepartmentController.DeleteDepartment" : {
    "t" : [ {
      "id" : 0,
      "a" : [ [ "R", 17 ], [ "W", 17 ] ]
    } ]
  },
  "RolesAndResponsibilitesController.AddRolesAndResponsibilities" : {
    "t" : [ {
      "id" : 0,
      "a" : [ [ "R", 90 ], [ "R", 33 ], [ "R", 40 ], [ "R", 35 ], [ "W", 72 ], [ "W", 72 ], [ "W", 72 ], [ "W", 90 ], [ "W", 40 ], [ "W", 35 ], [ "W", 33 ], [ "W", 72 ], [ "W", 90 ], [ "W", 72 ], [ "W", 33 ], [ "W", 72 ], [ "W", 35 ], [ "W", 72 ], [ "W", 40 ], [ "W", 72 ] ]
    } ]
  },
  "RequestPromotionController.getAllRequestPromotions" : {
    "t" : [ {
      "id" : 0,
      "a" : [ [ "R", 68 ], [ "R", 68 ], [ "R", 68 ], [ "R", 68 ], [ "R", 68 ], [ "R", 18 ], [ "R", 18 ], [ "R", 18 ], [ "R", 68 ], [ "R", 90 ], [ "R", 90 ], [ "R", 90 ], [ "R", 68 ], [ "R", 68 ] ]
    } ]
  },
  "ScheduleParController.createSchedulePar" : {
    "t" : [ {
      "id" : 0,
      "a" : [ [ "W", 44 ], [ "W", 44 ], [ "W", 44 ], [ "R", 44 ], [ "R", 45 ], [ "W", 76 ], [ "W", 76 ], [ "W", 45 ], [ "W", 76 ], [ "W", 44 ], [ "W", 76 ], [ "R", 44 ], [ "R", 46 ], [ "W", 77 ], [ "W", 77 ], [ "W", 46 ], [ "W", 77 ], [ "W", 44 ], [ "W", 77 ] ]
    } ]
  },
  "ParAppraisorController.updateParAppraisor" : {
    "t" : [ {
      "id" : 0,
      "a" : [ [ "R", 45 ], [ "W", 45 ], [ "W", 45 ] ]
    } ]
  },
  "CarryforwordRequestController.getByUsername" : {
    "t" : [ {
      "id" : 0,
      "a" : [ [ "R", 42 ], [ "R", 42 ], [ "R", 90 ], [ "R", 14 ], [ "R", 14 ], [ "R", 14 ], [ "R", 14 ], [ "R", 14 ], [ "R", 14 ], [ "R", 90 ], [ "R", 90 ], [ "R", 90 ], [ "R", 90 ], [ "R", 90 ], [ "R", 90 ], [ "R", 14 ] ]
    } ]
  },
  "DeniedPromotionController.editDeniedPromotion" : {
    "t" : [ {
      "id" : 0,
      "a" : [ [ "W", 16 ], [ "W", 90 ], [ "W", 90 ], [ "W", 16 ], [ "W", 90 ], [ "W", 16 ], [ "W", 16 ], [ "W", 16 ], [ "W", 18 ], [ "W", 18 ], [ "W", 16 ], [ "W", 18 ], [ "R", 16 ], [ "R", 16 ], [ "W", 16 ] ]
    } ]
  },
  "AttachmentsController.deleteAttachments" : {
    "t" : [ {
      "id" : 0,
      "a" : [ [ "W", 9 ] ]
    } ]
  },
  "JobRoleTemplateController.getJobRoleTemplate" : {
    "t" : [ {
      "id" : 0,
      "a" : [ [ "R", 34 ] ]
    } ]
  },
  "AppointmentTypeController.editAppointmentType" : {
    "t" : [ {
      "id" : 0,
      "a" : [ [ "R", 8 ], [ "W", 8 ], [ "W", 8 ] ]
    } ]
  },
  "ExperienceLetterController.getGenerateLetter" : {
    "t" : [ {
      "id" : 0,
      "a" : [ [ "R", 24 ] ]
    } ]
  },
  "GeneralWelfareController.getAllGeneralWelfare" : {
    "t" : [ {
      "id" : 0,
      "a" : [ [ "R", 26 ] ]
    } ]
  },
  "UserLoanDetailsController.viewByName" : {
    "t" : [ {
      "id" : 0,
      "a" : [ [ "R", 94 ], [ "R", 94 ], [ "R", 94 ], [ "R", 90 ] ]
    } ]
  },
  "GeneralWelfareController.updateGeneralWelfare" : {
    "t" : [ {
      "id" : 0,
      "a" : [ [ "W", 26 ], [ "W", 26 ], [ "W", 97 ], [ "W", 97 ], [ "W", 97 ], [ "W", 97 ], [ "W", 97 ], [ "W", 97 ], [ "W", 26 ], [ "W", 97 ], [ "R", 26 ], [ "R", 26 ], [ "W", 26 ], [ "W", 26 ] ]
    } ]
  },
  "KeyActivityController.ModifyKeyActivity" : {
    "t" : [ {
      "id" : 0,
      "a" : [ [ "R", 35 ], [ "W", 35 ], [ "W", 35 ] ]
    } ]
  },
  "UserLoanDetailsController.viewAll" : {
    "t" : [ {
      "id" : 0,
      "a" : [ [ "R", 94 ] ]
    } ]
  },
  "PromotionController.getById" : {
    "t" : [ {
      "id" : 0,
      "a" : [ [ "R", 55 ], [ "R", 55 ], [ "R", 55 ], [ "R", 55 ], [ "R", 90 ], [ "R", 90 ], [ "R", 90 ], [ "R", 55 ], [ "R", 18 ], [ "R", 18 ], [ "R", 18 ], [ "R", 55 ], [ "R", 55 ], [ "R", 55 ] ]
    } ]
  },
  "RecuitmentTypeController.deleteRecuitment" : {
    "t" : [ {
      "id" : 0,
      "a" : [ [ "R", 56 ], [ "R", 56 ], [ "W", 56 ] ]
    } ]
  },
  "PrivilegeController.findPrivilegeState" : {
    "t" : [ {
      "id" : 0,
      "a" : [ [ "R", 50 ], [ "R", 50 ], [ "R", 50 ], [ "R", 10 ], [ "R", 50 ], [ "R", 43 ], [ "R", 50 ], [ "R", 71 ], [ "R", 50 ] ]
    } ]
  },
  "CarryforwordRequestController.rejectCarryforwardRequest" : {
    "t" : [ {
      "id" : 0,
      "a" : [ [ "W", 14 ], [ "W", 14 ], [ "W", 90 ], [ "W", 90 ], [ "W", 14 ], [ "W", 90 ], [ "W", 14 ], [ "W", 14 ], [ "R", 14 ], [ "R", 90 ], [ "R", 38 ], [ "R", 36 ], [ "R", 14 ], [ "R", 36 ], [ "R", 36 ], [ "R", 14 ], [ "R", 36 ], [ "R", 14 ], [ "W", 36 ], [ "W", 36 ], [ "R", 14 ], [ "R", 14 ], [ "R", 14 ], [ "R", 36 ], [ "R", 14 ], [ "W", 36 ], [ "W", 36 ], [ "W", 14 ], [ "W", 59 ], [ "W", 14 ], [ "R", 42 ], [ "R", 42 ], [ "R", 90 ], [ "W", 59 ], [ "W", 90 ], [ "W", 59 ], [ "W", 59 ] ]
    } ]
  },
  "WelfareEventController.createWelfareEvent" : {
    "t" : [ {
      "id" : 0,
      "a" : [ [ "W", 97 ], [ "W", 97 ], [ "W", 97 ], [ "W", 97 ], [ "W", 97 ], [ "W", 97 ], [ "W", 97 ] ]
    } ]
  },
  "WelfareTypeController.updateWelfareType" : {
    "t" : [ {
      "id" : 0,
      "a" : [ [ "W", 98 ], [ "W", 98 ], [ "R", 98 ], [ "W", 98 ], [ "W", 98 ] ]
    } ]
  },
  "AcademicQualificationController.getAcademicQualification" : {
    "t" : [ {
      "id" : 0,
      "a" : [ [ "R", 1 ], [ "R", 1 ], [ "R", 1 ], [ "R", 1 ], [ "R", 1 ], [ "R", 23 ], [ "R", 1 ], [ "R", 1 ], [ "R", 1 ], [ "R", 1 ], [ "R", 1 ], [ "R", 1 ], [ "R", 90 ] ]
    } ]
  },
  "SelfServiceTypeController.addSelfServiceType" : {
    "t" : [ {
      "id" : 0,
      "a" : [ [ "W", 85 ], [ "W", 85 ], [ "W", 85 ] ]
    } ]
  },
  "AuthorizeTypeController.deleteAuthorizeType" : {
    "t" : [ {
      "id" : 0,
      "a" : [ [ "R", 10 ], [ "W", 10 ] ]
    } ]
  },
  "LocationController.DeleteLocation" : {
    "t" : [ {
      "id" : 0,
      "a" : [ [ "R", 40 ], [ "W", 40 ] ]
    } ]
  },
  "TerminationRequestController.deleteTerminationRequest" : {
    "t" : [ {
      "id" : 0,
      "a" : [ [ "W", 87 ] ]
    } ]
  },
  "InterviewController.addInterview" : {
    "t" : [ {
      "id" : 0,
      "a" : [ [ "W", 30 ], [ "W", 30 ], [ "W", 30 ] ]
    } ]
  },
  "InterviewScheduleController.createInterviewSchedule" : {
    "t" : [ {
      "id" : 0,
      "a" : [ [ "W", 31 ], [ "W", 31 ], [ "W", 31 ], [ "W", 31 ], [ "W", 31 ], [ "W", 31 ] ]
    } ]
  },
  "WelfareEventController.deleteWelfareEvent" : {
    "t" : [ {
      "id" : 0,
      "a" : [ [ "R", 97 ], [ "R", 97 ], [ "W", 97 ] ]
    } ]
  },
  "IndividualWelfareController.deleteIndividualWelfare" : {
    "t" : [ {
      "id" : 0,
      "a" : [ [ "W", 29 ] ]
    } ]
  },
  "ProfessionalMembershipController.GetProfessionalMembership" : {
    "t" : [ {
      "id" : 0,
      "a" : [ [ "R", 51 ] ]
    } ]
  },
  "DistrictController.createDistrict" : {
    "t" : [ {
      "id" : 0,
      "a" : [ [ "W", 21 ], [ "W", 21 ], [ "W", 21 ] ]
    } ]
  },
  "ParAppraisorController.createParAppraisor" : {
    "t" : [ {
      "id" : 0,
      "a" : [ [ "W", 45 ] ]
    } ]
  },
  "TerminationTypeController.deleteTerminationType" : {
    "t" : [ {
      "id" : 0,
      "a" : [ [ "W", 88 ] ]
    } ]
  },
  "RejectExperienceLetterRequestController.postRejectExperienceLetterRequest" : {
    "t" : [ {
      "id" : 0,
      "a" : [ [ "W", 60 ] ]
    } ]
  },
  "HighestQualificationController.createHighestQualification" : {
    "t" : [ {
      "id" : 0,
      "a" : [ [ "W", 27 ], [ "W", 27 ], [ "W", 27 ] ]
    } ]
  },
  "ProjectController.getProjects" : {
    "t" : [ {
      "id" : 0,
      "a" : [ [ "R", 54 ] ]
    } ]
  },
  "RefereeController.addReferee" : {
    "t" : [ {
      "id" : 0,
      "a" : [ [ "R", 90 ], [ "W", 57 ], [ "W", 57 ], [ "W", 57 ], [ "W", 57 ], [ "W", 57 ], [ "W", 57 ], [ "W", 90 ], [ "W", 57 ], [ "W", 90 ], [ "W", 57 ] ]
    } ]
  },
  "RefereeController.editReferee" : {
    "t" : [ {
      "id" : 0,
      "a" : [ [ "R", 90 ], [ "W", 57 ], [ "W", 57 ], [ "W", 57 ], [ "W", 57 ], [ "W", 57 ], [ "W", 57 ], [ "W", 90 ], [ "R", 57 ], [ "W", 57 ], [ "W", 57 ], [ "W", 90 ], [ "W", 57 ] ]
    } ]
  },
  "TerminationTypeController.getById" : {
    "t" : [ {
      "id" : 0,
      "a" : [ [ "R", 88 ], [ "R", 88 ], [ "R", 88 ] ]
    } ]
  },
  "TerminationRequestController.addTerminationRequest" : {
    "t" : [ {
      "id" : 0,
      "a" : [ [ "W", 87 ], [ "W", 87 ], [ "W", 87 ], [ "W", 87 ], [ "W", 87 ], [ "W", 90 ], [ "W", 90 ], [ "W", 87 ], [ "W", 90 ], [ "W", 88 ], [ "W", 88 ], [ "W", 87 ], [ "W", 88 ], [ "W", 87 ], [ "W", 87 ] ]
    } ]
  },
  "PrivilegeController.getAllPrivileges" : {
    "t" : [ {
      "id" : 0,
      "a" : [ [ "R", 50 ], [ "R", 50 ], [ "R", 50 ], [ "R", 10 ], [ "R", 50 ], [ "R", 43 ], [ "R", 50 ], [ "R", 71 ], [ "R", 50 ] ]
    } ]
  },
  "SlaryDetailsEmpViewController.viewSalaryDetailsById" : {
    "t" : [ {
      "id" : 0,
      "a" : [ [ "R", 74 ], [ "R", 74 ], [ "R", 74 ], [ "R", 74 ], [ "R", 74 ], [ "R", 74 ], [ "R", 74 ], [ "R", 74 ], [ "R", 74 ], [ "R", 74 ], [ "R", 74 ], [ "R", 74 ] ]
    } ]
  },
  "AppointmentController.AddAppointment" : {
    "t" : [ {
      "id" : 0,
      "a" : [ [ "R", 90 ], [ "R", 8 ], [ "R", 17 ], [ "R", 18 ], [ "W", 7 ], [ "W", 7 ], [ "W", 7 ], [ "W", 7 ], [ "W", 90 ], [ "W", 7 ], [ "W", 8 ], [ "W", 7 ], [ "W", 18 ], [ "W", 7 ], [ "W", 17 ], [ "W", 7 ] ]
    } ]
  },
  "ResponseController.addResponse" : {
    "t" : [ {
      "id" : 0,
      "a" : [ [ "W", 84 ], [ "W", 70 ], [ "W", 70 ], [ "W", 70 ], [ "W", 17 ], [ "W", 70 ], [ "W", 90 ], [ "W", 70 ], [ "W", 70 ], [ "W", 84 ], [ "W", 70 ], [ "W", 70 ] ]
    } ]
  },
  "SalaryDetailsHRViewController.getSalaryDetailsByID" : {
    "t" : [ {
      "id" : 0,
      "a" : [ [ "R", 75 ], [ "R", 75 ], [ "R", 75 ], [ "R", 75 ], [ "R", 75 ], [ "R", 75 ], [ "R", 75 ], [ "R", 75 ], [ "R", 75 ], [ "R", 75 ], [ "R", 75 ], [ "R", 75 ] ]
    } ]
  },
  "AttachmentsController.editAttachments" : {
    "t" : [ {
      "id" : 0,
      "a" : [ [ "W", 9 ], [ "W", 9 ], [ "W", 86 ], [ "W", 86 ], [ "W", 86 ], [ "W", 86 ], [ "W", 86 ], [ "W", 86 ], [ "W", 90 ], [ "W", 90 ], [ "W", 86 ], [ "W", 90 ], [ "W", 88 ], [ "W", 88 ], [ "W", 86 ], [ "W", 88 ], [ "W", 9 ], [ "W", 86 ], [ "R", 9 ], [ "W", 9 ], [ "W", 9 ] ]
    } ]
  },
  "UserController.DeleteUser" : {
    "t" : [ {
      "id" : 0,
      "a" : [ [ "R", 90 ], [ "W", 90 ] ]
    } ]
  },
  "ProfessionalQualificationController.findProfessionalQualificationByUserId" : {
    "t" : [ {
      "id" : 0,
      "a" : [ [ "R", 90 ], [ "R", 52 ] ]
    } ]
  },
  "UserCareerDevelopmentPlanSelfController.addCareerDevelopemntPlan" : {
    "t" : [ {
      "id" : 0,
      "a" : [ [ "W", 92 ], [ "W", 90 ], [ "W", 90 ], [ "W", 92 ], [ "W", 90 ], [ "W", 13 ], [ "W", 13 ], [ "W", 92 ], [ "W", 13 ], [ "W", 92 ], [ "W", 92 ] ]
    } ]
  },
  "SelfServiceController.addSelfService" : {
    "t" : [ {
      "id" : 0,
      "a" : [ [ "W", 85 ], [ "W", 17 ], [ "W", 90 ], [ "W", 90 ], [ "W", 84 ], [ "W", 84 ], [ "W", 85 ], [ "W", 84 ], [ "W", 90 ], [ "W", 84 ], [ "W", 17 ], [ "W", 84 ], [ "W", 90 ], [ "R", 84 ], [ "W", 84 ], [ "W", 84 ], [ "W", 84 ], [ "W", 84 ], [ "W", 84 ], [ "W", 84 ], [ "W", 84 ] ]
    } ]
  },
  "WorkExperienceController.Modifyworkexperience" : {
    "t" : [ {
      "id" : 0,
      "a" : [ [ "R", 90 ], [ "W", 99 ], [ "W", 99 ], [ "W", 99 ], [ "W", 99 ], [ "W", 99 ], [ "W", 99 ], [ "W", 99 ], [ "W", 99 ], [ "W", 99 ], [ "W", 90 ], [ "R", 99 ], [ "W", 99 ], [ "W", 99 ], [ "W", 90 ], [ "W", 99 ] ]
    } ]
  },
  "RequestPromotionController.getAllRequestPromotionsByUserId" : {
    "t" : [ {
      "id" : 0,
      "a" : [ [ "R", 68 ], [ "R", 68 ], [ "R", 68 ], [ "R", 90 ] ]
    } ]
  },
  "ResizableController.addResizable" : {
    "t" : [ {
      "id" : 0,
      "a" : [ [ "W", 69 ], [ "W", 69 ], [ "W", 69 ], [ "W", 69 ] ]
    } ]
  },
  "DistrictController.deleteDistrict" : {
    "t" : [ {
      "id" : 0,
      "a" : [ [ "R", 21 ], [ "R", 21 ], [ "W", 21 ] ]
    } ]
  },
  "ParReportForAppraiserController.getParReportForAppraiseeByParId" : {
    "t" : [ {
      "id" : 0,
      "a" : [ [ "R", 44 ], [ "R", 64 ], [ "R", 64 ], [ "R", 45 ], [ "R", 45 ], [ "R", 45 ], [ "R", 45 ], [ "R", 45 ], [ "R", 45 ], [ "R", 81 ], [ "R", 81 ], [ "R", 46 ], [ "R", 46 ], [ "R", 81 ], [ "R", 46 ], [ "R", 46 ], [ "R", 81 ] ]
    } ]
  },
  "WorkExperienceController.GetWorkExperience" : {
    "t" : [ {
      "id" : 0,
      "a" : [ [ "R", 99 ] ]
    } ]
  },
  "DesignationController.createDesignation" : {
    "t" : [ {
      "id" : 0,
      "a" : [ [ "W", 18 ] ]
    } ]
  },
  "WelfareTypeController.deleteWelfareType" : {
    "t" : [ {
      "id" : 0,
      "a" : [ [ "R", 98 ], [ "R", 98 ], [ "W", 98 ] ]
    } ]
  },
  "JobRoleTemplateController.deleteJobRoleTemplate" : {
    "t" : [ {
      "id" : 0,
      "a" : [ [ "R", 34 ], [ "R", 34 ], [ "W", 34 ] ]
    } ]
  },
  "ApplicantController.deleteApplicant" : {
    "t" : [ {
      "id" : 0,
      "a" : [ [ "R", 5 ], [ "R", 5 ], [ "W", 5 ] ]
    } ]
  },
  "ScheduleParController.findByEmployeeId" : {
    "t" : [ {
      "id" : 0,
      "a" : [ [ "R", 44 ], [ "R", 44 ], [ "R", 44 ] ]
    } ]
  },
  "LeaveRequestController.addLeaveRequest" : {
    "t" : [ {
      "id" : 0,
      "a" : [ [ "W", 37 ], [ "W", 90 ], [ "W", 90 ], [ "W", 37 ], [ "W", 90 ], [ "W", 36 ], [ "W", 36 ], [ "W", 36 ], [ "W", 90 ], [ "W", 90 ], [ "W", 36 ], [ "W", 90 ], [ "W", 38 ], [ "W", 38 ], [ "W", 38 ], [ "W", 36 ], [ "W", 38 ], [ "W", 37 ], [ "W", 36 ], [ "W", 37 ], [ "W", 37 ], [ "W", 37 ], [ "W", 37 ], [ "W", 37 ], [ "W", 37 ], [ "R", 42 ], [ "R", 42 ], [ "R", 90 ], [ "W", 37 ], [ "W", 90 ], [ "W", 37 ], [ "R", 37 ], [ "R", 36 ], [ "R", 37 ], [ "R", 37 ], [ "R", 37 ], [ "R", 36 ], [ "R", 36 ], [ "R", 36 ], [ "W", 36 ], [ "W", 36 ], [ "R", 37 ], [ "R", 37 ], [ "R", 37 ], [ "R", 36 ], [ "W", 36 ], [ "W", 36 ], [ "W", 37 ] ]
    } ]
  },
  "WelfareTypeController.getOneWelfareType" : {
    "t" : [ {
      "id" : 0,
      "a" : [ [ "R", 98 ], [ "R", 98 ], [ "R", 98 ] ]
    } ]
  },
  "TerminationRecordController.addTerminationRecord" : {
    "t" : [ {
      "id" : 0,
      "a" : [ [ "W", 86 ], [ "W", 86 ], [ "W", 86 ], [ "W", 86 ], [ "W", 86 ], [ "W", 86 ], [ "W", 90 ], [ "W", 90 ], [ "W", 86 ], [ "W", 90 ], [ "W", 88 ], [ "W", 88 ], [ "W", 86 ], [ "W", 88 ], [ "W", 86 ] ]
    } ]
  },
  "ResponseController.viewComplainByUserResponse" : {
    "t" : [ {
      "id" : 0,
      "a" : [ [ "R", 42 ], [ "R", 42 ], [ "R", 90 ], [ "R", 70 ] ]
    } ]
  },
  "UserController.getUserByName" : {
    "t" : [ {
      "id" : 0,
      "a" : [ [ "R", 90 ], [ "R", 90 ], [ "R", 90 ], [ "R", 90 ], [ "R", 17 ], [ "R", 90 ], [ "R", 90 ], [ "R", 90 ], [ "R", 90 ], [ "R", 90 ], [ "R", 90 ], [ "R", 90 ], [ "R", 90 ], [ "R", 90 ], [ "R", 90 ], [ "R", 90 ], [ "R", 90 ], [ "R", 90 ], [ "R", 71 ], [ "R", 90 ], [ "R", 90 ], [ "R", 90 ] ]
    } ]
  },
  "RecuitmentTypeController.createRecuitment" : {
    "t" : [ {
      "id" : 0,
      "a" : [ [ "W", 56 ], [ "W", 56 ], [ "W", 56 ] ]
    } ]
  },
  "CarryforwordRequestController.createCarryforwardRequest" : {
    "t" : [ {
      "id" : 0,
      "a" : [ [ "W", 14 ], [ "R", 42 ], [ "R", 42 ], [ "R", 90 ], [ "W", 14 ], [ "W", 90 ], [ "W", 14 ], [ "R", 14 ], [ "R", 90 ], [ "R", 38 ], [ "R", 36 ], [ "R", 14 ], [ "R", 36 ], [ "R", 36 ], [ "R", 14 ], [ "R", 36 ], [ "R", 14 ], [ "W", 36 ], [ "W", 36 ], [ "R", 14 ], [ "R", 14 ], [ "R", 14 ], [ "R", 36 ], [ "R", 14 ], [ "W", 36 ], [ "W", 36 ], [ "W", 14 ] ]
    } ]
  },
  "TerminationRequestController.getByStatus" : {
    "t" : [ {
      "id" : 0,
      "a" : [ [ "R", 87 ], [ "R", 87 ], [ "R", 87 ], [ "R", 87 ], [ "R", 87 ], [ "R", 87 ], [ "R", 87 ], [ "R", 90 ], [ "R", 90 ], [ "R", 90 ], [ "R", 90 ], [ "R", 90 ], [ "R", 90 ], [ "R", 87 ], [ "R", 88 ], [ "R", 88 ], [ "R", 88 ] ]
    } ]
  },
  "AuthRestAPIs.registerUser" : {
    "t" : [ {
      "id" : 0,
      "a" : [ [ "R", 42 ], [ "R", 42 ], [ "W", 42 ], [ "W", 90 ], [ "W", 42 ], [ "W", 42 ], [ "W", 42 ], [ "R", 71 ], [ "R", 71 ], [ "R", 71 ], [ "R", 71 ], [ "R", 71 ], [ "R", 71 ], [ "R", 71 ], [ "R", 71 ], [ "R", 71 ], [ "R", 71 ], [ "W", 42 ], [ "W", 71 ], [ "W", 42 ] ]
    } ]
  },
  "ProfessionalQualificationController.DeleteProfessionalQualification" : {
    "t" : [ {
      "id" : 0,
      "a" : [ [ "R", 52 ], [ "W", 52 ] ]
    } ]
  },
  "LeaveRequestController.getAllLeaveRequestByUser" : {
    "t" : [ {
      "id" : 0,
      "a" : [ [ "R", 90 ], [ "R", 37 ], [ "R", 37 ], [ "R", 37 ], [ "R", 37 ], [ "R", 37 ], [ "R", 37 ], [ "R", 37 ], [ "R", 37 ], [ "R", 37 ], [ "R", 90 ], [ "R", 90 ], [ "R", 90 ], [ "R", 90 ], [ "R", 90 ], [ "R", 90 ], [ "R", 37 ], [ "R", 36 ], [ "R", 36 ], [ "R", 36 ], [ "R", 36 ], [ "R", 36 ], [ "R", 90 ], [ "R", 90 ], [ "R", 90 ], [ "R", 90 ], [ "R", 90 ], [ "R", 90 ], [ "R", 36 ], [ "R", 38 ], [ "R", 38 ], [ "R", 38 ], [ "R", 38 ], [ "R", 38 ], [ "R", 38 ], [ "R", 37 ], [ "R", 37 ] ]
    } ]
  },
  "SalaryDetailsHRViewController.getSalaryDetails" : {
    "t" : [ {
      "id" : 0,
      "a" : [ [ "R", 75 ], [ "R", 75 ], [ "R", 75 ], [ "R", 75 ], [ "R", 75 ], [ "R", 75 ], [ "R", 75 ], [ "R", 75 ], [ "R", 75 ], [ "R", 75 ] ]
    } ]
  },
  "RequestPromotionController.postRequestPromotion" : {
    "t" : [ {
      "id" : 0,
      "a" : [ [ "W", 68 ], [ "W", 90 ], [ "W", 68 ], [ "W", 90 ], [ "W", 68 ], [ "W", 18 ], [ "W", 68 ], [ "W", 18 ], [ "W", 68 ], [ "R", 68 ], [ "W", 68 ], [ "R", 68 ], [ "W", 68 ], [ "W", 68 ] ]
    } ]
  },
  "LeaveAllocationController.getByUserAndType" : {
    "t" : [ {
      "id" : 0,
      "a" : [ [ "R", 42 ], [ "R", 42 ], [ "R", 90 ], [ "R", 38 ], [ "R", 36 ], [ "R", 36 ], [ "R", 36 ], [ "R", 36 ], [ "R", 36 ], [ "R", 90 ], [ "R", 90 ], [ "R", 90 ], [ "R", 90 ], [ "R", 90 ], [ "R", 90 ], [ "R", 36 ], [ "R", 38 ], [ "R", 38 ], [ "R", 38 ], [ "R", 38 ], [ "R", 38 ], [ "R", 38 ] ]
    } ]
  },
  "SalaryChartController.getSalaryChartByUserName" : {
    "t" : [ {
      "id" : 0,
      "a" : [ [ "R", 73 ], [ "R", 73 ], [ "R", 73 ], [ "R", 90 ], [ "R", 73 ], [ "R", 73 ], [ "R", 73 ], [ "R", 73 ], [ "R", 73 ], [ "R", 73 ], [ "R", 73 ], [ "R", 73 ], [ "R", 73 ], [ "R", 73 ], [ "R", 73 ], [ "R", 73 ], [ "R", 90 ] ]
    } ]
  },
  "RefereeController.deleteReferee" : {
    "t" : [ {
      "id" : 0,
      "a" : [ [ "R", 57 ], [ "W", 57 ] ]
    } ]
  },
  "ScheduleParController.findByParId" : {
    "t" : [ {
      "id" : 0,
      "a" : [ [ "R", 44 ], [ "R", 44 ], [ "R", 44 ], [ "R", 44 ], [ "R", 76 ], [ "R", 76 ], [ "R", 45 ], [ "R", 45 ], [ "R", 76 ], [ "R", 45 ], [ "R", 45 ], [ "R", 77 ], [ "R", 77 ], [ "R", 46 ], [ "R", 46 ], [ "R", 77 ], [ "R", 46 ], [ "R", 46 ] ]
    } ]
  },
  "TerminationRecordController.getById" : {
    "t" : [ {
      "id" : 0,
      "a" : [ [ "R", 86 ], [ "R", 86 ], [ "R", 86 ], [ "R", 86 ], [ "R", 86 ], [ "R", 86 ], [ "R", 86 ], [ "R", 86 ], [ "R", 90 ], [ "R", 90 ], [ "R", 90 ], [ "R", 90 ], [ "R", 90 ], [ "R", 90 ], [ "R", 86 ], [ "R", 88 ], [ "R", 88 ], [ "R", 88 ] ]
    } ]
  },
  "SelfServiceTypeController.modifySelfServiceType" : {
    "t" : [ {
      "id" : 0,
      "a" : [ [ "W", 85 ], [ "W", 85 ], [ "R", 85 ], [ "W", 85 ], [ "W", 85 ] ]
    } ]
  },
  "BenefitsAllowancesController.getBenefitsAllowencesByWelfareEventID" : {
    "t" : [ {
      "id" : 0,
      "a" : [ [ "R", 29 ], [ "R", 29 ], [ "R", 29 ], [ "R", 97 ], [ "R", 29 ], [ "R", 29 ], [ "R", 29 ], [ "R", 29 ], [ "R", 90 ], [ "R", 29 ], [ "R", 97 ] ]
    } ]
  },
  "AppointmentTypeController.deleteAppointmentType" : {
    "t" : [ {
      "id" : 0,
      "a" : [ [ "R", 8 ], [ "R", 8 ], [ "W", 8 ] ]
    } ]
  },
  "ParAppraisorController.ViewParAppraisor" : {
    "t" : [ {
      "id" : 0,
      "a" : [ [ "R", 45 ] ]
    } ]
  },
  "DepartmentController.updateDepartment" : {
    "t" : [ {
      "id" : 0,
      "a" : [ [ "W", 17 ], [ "W", 17 ], [ "R", 17 ], [ "W", 17 ], [ "W", 17 ] ]
    } ]
  },
  "AttachmentsController.addAttachments" : {
    "t" : [ {
      "id" : 0,
      "a" : [ [ "W", 9 ], [ "W", 9 ], [ "W", 86 ], [ "W", 86 ], [ "W", 86 ], [ "W", 86 ], [ "W", 86 ], [ "W", 86 ], [ "W", 90 ], [ "W", 90 ], [ "W", 86 ], [ "W", 90 ], [ "W", 88 ], [ "W", 88 ], [ "W", 86 ], [ "W", 88 ], [ "W", 9 ], [ "W", 86 ], [ "W", 9 ] ]
    } ]
  },
  "PromotionController.getAllPromotionsByUserId" : {
    "t" : [ {
      "id" : 0,
      "a" : [ [ "R", 55 ], [ "R", 55 ], [ "R", 55 ], [ "R", 90 ] ]
    } ]
  },
  "ParContentController.updateParContent" : {
    "t" : [ {
      "id" : 0,
      "a" : [ [ "R", 46 ], [ "R", 46 ], [ "W", 46 ], [ "W", 46 ] ]
    } ]
  },
  "UserController.getUserById" : {
    "t" : [ {
      "id" : 0,
      "a" : [ [ "R", 90 ], [ "R", 90 ], [ "R", 90 ], [ "R", 90 ], [ "R", 17 ], [ "R", 90 ], [ "R", 90 ], [ "R", 90 ], [ "R", 90 ], [ "R", 90 ], [ "R", 90 ], [ "R", 90 ], [ "R", 90 ], [ "R", 90 ], [ "R", 90 ], [ "R", 90 ], [ "R", 90 ], [ "R", 90 ], [ "R", 71 ], [ "R", 90 ], [ "R", 90 ], [ "R", 90 ] ]
    } ]
  },
  "UserCareerDevelopmentPlanCompanyController.updateCareerDevelopemntPlanCompany" : {
    "t" : [ {
      "id" : 0,
      "a" : [ [ "W", 91 ], [ "W", 90 ], [ "W", 90 ], [ "W", 91 ], [ "W", 90 ], [ "W", 13 ], [ "W", 13 ], [ "W", 91 ], [ "W", 13 ], [ "W", 91 ], [ "R", 91 ], [ "W", 91 ], [ "W", 91 ] ]
    } ]
  },
  "UserCareerDevelopmentPlanCompanyController.deleteCareerDevelopemntPlan" : {
    "t" : [ {
      "id" : 0,
      "a" : [ [ "R", 91 ], [ "W", 91 ] ]
    } ]
  },
  "ModuleContoller.deleteModule" : {
    "t" : [ {
      "id" : 0,
      "a" : [ [ "R", 43 ], [ "W", 43 ] ]
    } ]
  },
  "ScheduleParController.parHistory" : {
    "t" : [ {
      "id" : 0,
      "a" : [ [ "R", 44 ] ]
    } ]
  },
  "UserCareerDevelopmentPlanCompanyController.getCareerDevelopemntPlan" : {
    "t" : [ {
      "id" : 0,
      "a" : [ [ "R", 91 ] ]
    } ]
  },
  "UserCareerDevelopmentPlanSelfController.deleteCareerDevelopemntPlan" : {
    "t" : [ {
      "id" : 0,
      "a" : [ [ "R", 92 ], [ "W", 92 ] ]
    } ]
  },
  "ProfessionalMembershipController.ModifyProfessionalMembership" : {
    "t" : [ {
      "id" : 0,
      "a" : [ [ "R", 90 ], [ "W", 51 ], [ "W", 51 ], [ "W", 51 ], [ "W", 51 ], [ "W", 51 ], [ "W", 51 ], [ "W", 51 ], [ "W", 90 ], [ "R", 51 ], [ "W", 51 ], [ "W", 51 ], [ "W", 90 ], [ "W", 51 ] ]
    } ]
  },
  "UserCareerDevelopmentPlanCompanyController.postCDPCompany" : {
    "t" : [ {
      "id" : 0,
      "a" : [ [ "W", 91 ], [ "W", 90 ], [ "W", 91 ], [ "W", 90 ], [ "W", 13 ], [ "W", 91 ], [ "W", 13 ], [ "W", 91 ], [ "W", 91 ] ]
    } ]
  },
  "RejectedApplicantController.createRejectedApplicant" : {
    "t" : [ {
      "id" : 0,
      "a" : [ [ "W", 62 ], [ "W", 62 ], [ "W", 62 ] ]
    } ]
  },
  "AuthRestAPIs.findByUserId" : {
    "t" : [ {
      "id" : 0,
      "a" : [ [ "R", 42 ], [ "R", 42 ], [ "R", 42 ], [ "R", 90 ] ]
    } ]
  },
  "RefereeController.GetReferee" : {
    "t" : [ {
      "id" : 0,
      "a" : [ [ "R", 57 ] ]
    } ]
  },
  "HighestQualificationController.getHighestQualification" : {
    "t" : [ {
      "id" : 0,
      "a" : [ [ "R", 27 ] ]
    } ]
  },
  "SelfServiceTypeController.meleteSelfServiceType" : {
    "t" : [ {
      "id" : 0,
      "a" : [ [ "R", 85 ], [ "W", 85 ] ]
    } ]
  },
  "DiscussionScheduleController.deleteDiscussionSchedule" : {
    "t" : [ {
      "id" : 0,
      "a" : [ [ "W", 20 ] ]
    } ]
  },
  "ScheduleParController.getEmployeeName" : {
    "t" : [ {
      "id" : 0,
      "a" : [ [ "R", 22 ], [ "R", 22 ], [ "R", 22 ] ]
    } ]
  },
  "CancelLeaveRequestController.getPendingCancelLeaveRequest" : {
    "t" : [ {
      "id" : 0,
      "a" : [ [ "R", 12 ], [ "R", 12 ], [ "R", 12 ], [ "R", 12 ], [ "R", 37 ], [ "R", 37 ], [ "R", 37 ], [ "R", 37 ], [ "R", 37 ], [ "R", 37 ], [ "R", 37 ], [ "R", 37 ], [ "R", 37 ], [ "R", 90 ], [ "R", 90 ], [ "R", 90 ], [ "R", 90 ], [ "R", 90 ], [ "R", 90 ], [ "R", 37 ], [ "R", 36 ], [ "R", 36 ], [ "R", 36 ], [ "R", 36 ], [ "R", 36 ], [ "R", 90 ], [ "R", 90 ], [ "R", 90 ], [ "R", 90 ], [ "R", 90 ], [ "R", 90 ], [ "R", 36 ], [ "R", 38 ], [ "R", 38 ], [ "R", 38 ], [ "R", 38 ], [ "R", 38 ], [ "R", 38 ], [ "R", 37 ], [ "R", 37 ], [ "R", 12 ] ]
    } ]
  },
  "JobController.updateJob" : {
    "t" : [ {
      "id" : 0,
      "a" : [ [ "W", 33 ], [ "W", 33 ], [ "W", 33 ], [ "R", 33 ], [ "W", 33 ], [ "W", 33 ] ]
    } ]
  },
  "ProfessionalMembershipController.addProfessionalMembership" : {
    "t" : [ {
      "id" : 0,
      "a" : [ [ "R", 90 ], [ "W", 51 ], [ "W", 51 ], [ "W", 51 ], [ "W", 51 ], [ "W", 51 ], [ "W", 51 ], [ "W", 51 ], [ "W", 90 ], [ "W", 51 ], [ "W", 90 ], [ "W", 51 ] ]
    } ]
  },
  "ResizableController.getAllResizable" : {
    "t" : [ {
      "id" : 0,
      "a" : [ [ "R", 69 ], [ "R", 69 ], [ "R", 69 ], [ "R", 69 ] ]
    } ]
  },
  "DiscussionParticipantsController.getById" : {
    "t" : [ {
      "id" : 0,
      "a" : [ [ "R", 19 ], [ "R", 19 ], [ "R", 19 ], [ "R", 90 ], [ "R", 90 ], [ "R", 90 ], [ "R", 90 ], [ "R", 90 ], [ "R", 90 ], [ "R", 19 ], [ "R", 20 ], [ "R", 20 ], [ "R", 20 ], [ "R", 20 ], [ "R", 20 ], [ "R", 87 ], [ "R", 87 ], [ "R", 87 ], [ "R", 87 ], [ "R", 87 ], [ "R", 87 ], [ "R", 87 ], [ "R", 90 ], [ "R", 90 ], [ "R", 90 ], [ "R", 90 ], [ "R", 90 ], [ "R", 90 ], [ "R", 87 ], [ "R", 88 ], [ "R", 88 ], [ "R", 88 ] ]
    } ]
  },
  "UserCareerDevelopmentPlanSelfController.postCDPCompany" : {
    "t" : [ {
      "id" : 0,
      "a" : [ [ "W", 92 ], [ "W", 90 ], [ "W", 92 ], [ "W", 90 ], [ "W", 13 ], [ "W", 92 ], [ "W", 13 ], [ "W", 92 ], [ "W", 92 ] ]
    } ]
  },
  "AuthorizeTypeController.addAuthorizeType" : {
    "t" : [ {
      "id" : 0,
      "a" : [ [ "W", 10 ], [ "W", 10 ], [ "W", 10 ] ]
    } ]
  },
  "AppointmentTypeController.AddAppointmentType" : {
    "t" : [ {
      "id" : 0,
      "a" : [ [ "W", 8 ] ]
    } ]
  },
  "LogInCredientialController.GetLogInCrediential" : {
    "t" : [ {
      "id" : 0,
      "a" : [ [ "R", 41 ] ]
    } ]
  },
  "UserCareerDevelopmentPlanCompanyController.putCareerDevelopemntPlanCompany" : {
    "t" : [ {
      "id" : 0,
      "a" : [ [ "W", 91 ], [ "W", 90 ], [ "W", 91 ], [ "W", 90 ], [ "W", 13 ], [ "W", 91 ], [ "W", 13 ], [ "W", 91 ], [ "R", 91 ], [ "W", 91 ], [ "W", 91 ] ]
    } ]
  },
  "ExperienceLetterController.editGenerateLetter" : {
    "t" : [ {
      "id" : 0,
      "a" : [ [ "R", 24 ], [ "W", 24 ], [ "W", 24 ] ]
    } ]
  },
  "PrivilegeController.addPrivilege" : {
    "t" : [ {
      "id" : 0,
      "a" : [ [ "W", 50 ], [ "W", 50 ], [ "W", 10 ], [ "W", 50 ], [ "W", 43 ], [ "W", 50 ], [ "W", 71 ], [ "W", 50 ], [ "W", 50 ] ]
    } ]
  },
  "RequestPromotionController.updateRequestPromotion" : {
    "t" : [ {
      "id" : 0,
      "a" : [ [ "W", 68 ], [ "W", 68 ], [ "W", 68 ], [ "W", 18 ], [ "W", 18 ], [ "W", 68 ], [ "W", 18 ], [ "W", 68 ], [ "W", 90 ], [ "W", 90 ], [ "W", 68 ], [ "W", 90 ], [ "W", 68 ], [ "R", 68 ], [ "W", 68 ], [ "W", 68 ] ]
    } ]
  },
  "JobRoleTemplateController.updateJobRoleTemplate" : {
    "t" : [ {
      "id" : 0,
      "a" : [ [ "W", 34 ], [ "W", 34 ], [ "W", 34 ], [ "W", 34 ], [ "W", 34 ], [ "W", 34 ], [ "W", 34 ], [ "W", 34 ], [ "W", 34 ], [ "W", 33 ], [ "W", 33 ], [ "W", 33 ], [ "W", 34 ], [ "W", 33 ], [ "W", 27 ], [ "W", 27 ], [ "W", 34 ], [ "W", 27 ], [ "R", 34 ], [ "W", 34 ], [ "W", 34 ] ]
    } ]
  },
  "AcademicQualificationController.findAcademicQualificationByUserId" : {
    "t" : [ {
      "id" : 0,
      "a" : [ [ "R", 90 ], [ "R", 1 ], [ "R", 1 ], [ "R", 1 ], [ "R", 1 ], [ "R", 1 ], [ "R", 23 ], [ "R", 1 ], [ "R", 1 ], [ "R", 1 ], [ "R", 1 ], [ "R", 1 ], [ "R", 1 ], [ "R", 90 ] ]
    } ]
  },
  "AcceptLeaveRequestController.getAllAcceptRequest" : {
    "t" : [ {
      "id" : 0,
      "a" : [ [ "R", 4 ], [ "R", 4 ], [ "R", 4 ], [ "R", 90 ], [ "R", 90 ], [ "R", 90 ], [ "R", 90 ], [ "R", 90 ], [ "R", 90 ], [ "R", 4 ], [ "R", 37 ], [ "R", 37 ], [ "R", 37 ], [ "R", 37 ], [ "R", 37 ], [ "R", 37 ], [ "R", 37 ], [ "R", 37 ], [ "R", 37 ], [ "R", 90 ], [ "R", 90 ], [ "R", 90 ], [ "R", 90 ], [ "R", 90 ], [ "R", 90 ], [ "R", 37 ], [ "R", 36 ], [ "R", 36 ], [ "R", 36 ], [ "R", 36 ], [ "R", 36 ], [ "R", 90 ], [ "R", 90 ], [ "R", 90 ], [ "R", 90 ], [ "R", 90 ], [ "R", 90 ], [ "R", 36 ], [ "R", 38 ], [ "R", 38 ], [ "R", 38 ], [ "R", 38 ], [ "R", 38 ], [ "R", 38 ], [ "R", 37 ], [ "R", 37 ] ]
    } ]
  },
  "ApplicantController.getApplicant" : {
    "t" : [ {
      "id" : 0,
      "a" : [ [ "R", 5 ] ]
    } ]
  },
  "ParContentController.ViewParContent" : {
    "t" : [ {
      "id" : 0,
      "a" : [ [ "R", 46 ] ]
    } ]
  },
  "LocationController.ModifyLocation" : {
    "t" : [ {
      "id" : 0,
      "a" : [ [ "R", 40 ], [ "W", 40 ], [ "W", 40 ] ]
    } ]
  },
  "RefereeController.findAcademicQualificationByUserId" : {
    "t" : [ {
      "id" : 0,
      "a" : [ [ "R", 90 ], [ "R", 57 ] ]
    } ]
  },
  "ExperienceLetterController.postRejectReason" : {
    "t" : [ {
      "id" : 0,
      "a" : [ [ "W", 24 ] ]
    } ]
  },
  "RequestExperienceLetterController.viewAllExperienceLetterRequest" : {
    "t" : [ {
      "id" : 0,
      "a" : [ [ "R", 67 ], [ "R", 67 ], [ "R", 67 ], [ "R", 90 ], [ "R", 67 ], [ "R", 67 ], [ "R", 67 ], [ "R", 67 ], [ "R", 67 ] ]
    } ]
  },
  "SelfServiceController.viewSelfServiceByUser" : {
    "t" : [ {
      "id" : 0,
      "a" : [ [ "R", 84 ], [ "R", 84 ], [ "R", 84 ], [ "R", 85 ], [ "R", 84 ], [ "R", 90 ], [ "R", 84 ], [ "R", 17 ], [ "R", 84 ], [ "R", 90 ], [ "R", 84 ], [ "R", 84 ], [ "R", 84 ], [ "R", 84 ], [ "R", 84 ] ]
    } ]
  },
  "LeaveTypeController.editLeaveType" : {
    "t" : [ {
      "id" : 0,
      "a" : [ [ "W", 38 ], [ "W", 38 ], [ "W", 38 ], [ "R", 38 ], [ "W", 38 ], [ "W", 38 ] ]
    } ]
  },
  "RolesAndResponsibilitesController.ModifyRolesAndResponsibilities" : {
    "t" : [ {
      "id" : 0,
      "a" : [ [ "R", 90 ], [ "R", 33 ], [ "R", 40 ], [ "R", 35 ], [ "W", 72 ], [ "W", 72 ], [ "W", 72 ], [ "W", 90 ], [ "W", 40 ], [ "W", 35 ], [ "W", 33 ], [ "R", 72 ], [ "W", 72 ], [ "W", 72 ], [ "W", 90 ], [ "W", 72 ], [ "W", 33 ], [ "W", 72 ], [ "W", 40 ], [ "W", 72 ], [ "W", 35 ], [ "W", 72 ] ]
    } ]
  },
  "RejectedApplicantController.updateRejectedApplicant" : {
    "t" : [ {
      "id" : 0,
      "a" : [ [ "W", 62 ], [ "W", 62 ], [ "R", 62 ], [ "W", 62 ], [ "W", 62 ] ]
    } ]
  },
  "PrivilegeController.getPrivilegeState" : {
    "t" : [ {
      "id" : 0,
      "a" : [ [ "R", 50 ], [ "R", 50 ], [ "R", 50 ], [ "R", 10 ], [ "R", 50 ], [ "R", 43 ], [ "R", 50 ], [ "R", 71 ], [ "R", 50 ], [ "R", 50 ], [ "R", 10 ], [ "R", 50 ], [ "R", 43 ], [ "R", 50 ], [ "R", 71 ], [ "R", 50 ] ]
    } ]
  },
  "DeniedPromotionController.deleteDeniedPromotion" : {
    "t" : [ {
      "id" : 0,
      "a" : [ [ "R", 16 ], [ "R", 16 ], [ "W", 16 ] ]
    } ]
  },
  "KeyActivityController.AddKeyActivity" : {
    "t" : [ {
      "id" : 0,
      "a" : [ [ "W", 35 ] ]
    } ]
  },
  "UserCareerDevelopmentPlanCompanyController.addUserCareerDevelopmentPlanCompany" : {
    "t" : [ {
      "id" : 0,
      "a" : [ [ "W", 91 ], [ "W", 90 ], [ "W", 90 ], [ "W", 91 ], [ "W", 90 ], [ "W", 13 ], [ "W", 13 ], [ "W", 91 ], [ "W", 13 ], [ "W", 91 ], [ "W", 91 ] ]
    } ]
  },
  "UserCareerDevelopmentPlanCompanyController.getCareerDevelopemntPlanByUserId" : {
    "t" : [ {
      "id" : 0,
      "a" : [ [ "R", 91 ], [ "R", 91 ], [ "R", 91 ], [ "R", 90 ] ]
    } ]
  },
  "ProfessionalQualificationController.ModifyProfessionalQualification" : {
    "t" : [ {
      "id" : 0,
      "a" : [ [ "R", 90 ], [ "W", 52 ], [ "W", 52 ], [ "W", 52 ], [ "W", 52 ], [ "W", 52 ], [ "W", 52 ], [ "W", 52 ], [ "W", 52 ], [ "W", 52 ], [ "W", 90 ], [ "R", 52 ], [ "W", 52 ], [ "W", 52 ], [ "W", 90 ], [ "W", 52 ] ]
    } ]
  },
  "UserCareerDevelopmentPlanSelfController.updateCareerDevelopemntPlan" : {
    "t" : [ {
      "id" : 0,
      "a" : [ [ "W", 92 ], [ "W", 90 ], [ "W", 90 ], [ "W", 92 ], [ "W", 90 ], [ "W", 13 ], [ "W", 13 ], [ "W", 92 ], [ "W", 13 ], [ "W", 92 ], [ "R", 92 ], [ "W", 92 ], [ "W", 92 ] ]
    } ]
  },
  "DiscussionScheduleController.getById" : {
    "t" : [ {
      "id" : 0,
      "a" : [ [ "R", 20 ], [ "R", 20 ], [ "R", 20 ], [ "R", 20 ], [ "R", 20 ], [ "R", 87 ], [ "R", 87 ], [ "R", 87 ], [ "R", 87 ], [ "R", 87 ], [ "R", 87 ], [ "R", 87 ], [ "R", 90 ], [ "R", 90 ], [ "R", 90 ], [ "R", 90 ], [ "R", 90 ], [ "R", 90 ], [ "R", 87 ], [ "R", 88 ], [ "R", 88 ], [ "R", 88 ] ]
    } ]
  },
  "ProfessionalQualificationController.GetProfessionalQualification" : {
    "t" : [ {
      "id" : 0,
      "a" : [ [ "R", 52 ] ]
    } ]
  },
  "AuthorizeTypeController.editAuthorizeType" : {
    "t" : [ {
      "id" : 0,
      "a" : [ [ "W", 10 ], [ "W", 10 ], [ "R", 10 ], [ "W", 10 ], [ "W", 10 ] ]
    } ]
  },
  "WelfareEventController.getOneWelfareEvent" : {
    "t" : [ {
      "id" : 0,
      "a" : [ [ "R", 97 ], [ "R", 97 ], [ "R", 97 ], [ "R", 97 ], [ "R", 97 ], [ "R", 97 ], [ "R", 97 ] ]
    } ]
  },
  "AppointmentTypeController.GetAppointmentType" : {
    "t" : [ {
      "id" : 0,
      "a" : [ [ "R", 8 ] ]
    } ]
  },
  "RejectExperienceLetterRequestController.editRejectExperienceLetterRequest" : {
    "t" : [ {
      "id" : 0,
      "a" : [ [ "R", 60 ], [ "W", 60 ], [ "W", 60 ] ]
    } ]
  },
  "HolidayCalendarController.deleteHolidayCalendar" : {
    "t" : [ {
      "id" : 0,
      "a" : [ [ "R", 28 ], [ "W", 28 ] ]
    } ]
  },
  "ParReportForAppraiserController.createParReportForAppraisee" : {
    "t" : [ {
      "id" : 0,
      "a" : [ [ "R", 44 ], [ "R", 64 ], [ "R", 44 ], [ "R", 64 ], [ "R", 45 ], [ "W", 64 ], [ "W", 64 ], [ "W", 45 ], [ "W", 64 ], [ "W", 44 ], [ "W", 64 ], [ "R", 64 ], [ "R", 46 ], [ "W", 81 ], [ "W", 81 ], [ "W", 46 ], [ "W", 81 ], [ "W", 81 ], [ "W", 81 ], [ "W", 64 ], [ "W", 81 ] ]
    } ]
  },
  "WelfareTypeController.getAllWelfareType" : {
    "t" : [ {
      "id" : 0,
      "a" : [ [ "R", 98 ], [ "R", 98 ], [ "R", 98 ] ]
    } ]
  },
  "SalaryChartController.viewSalaryChart" : {
    "t" : [ {
      "id" : 0,
      "a" : [ [ "R", 73 ], [ "R", 73 ], [ "R", 73 ], [ "R", 73 ], [ "R", 73 ], [ "R", 73 ], [ "R", 73 ], [ "R", 73 ], [ "R", 73 ], [ "R", 73 ], [ "R", 73 ], [ "R", 73 ], [ "R", 73 ], [ "R", 73 ], [ "R", 73 ], [ "R", 90 ] ]
    } ]
  },
  "GeneralWelfareController.getById" : {
    "t" : [ {
      "id" : 0,
      "a" : [ [ "R", 26 ], [ "R", 26 ], [ "R", 97 ], [ "R", 97 ], [ "R", 97 ], [ "R", 97 ], [ "R", 97 ], [ "R", 97 ], [ "R", 97 ] ]
    } ]
  },
  "LeaveRequestController.getPendingLeaveRequest" : {
    "t" : [ {
      "id" : 0,
      "a" : [ [ "R", 37 ], [ "R", 37 ], [ "R", 37 ], [ "R", 37 ], [ "R", 37 ], [ "R", 37 ], [ "R", 37 ], [ "R", 37 ], [ "R", 37 ], [ "R", 90 ], [ "R", 90 ], [ "R", 90 ], [ "R", 90 ], [ "R", 90 ], [ "R", 90 ], [ "R", 37 ], [ "R", 36 ], [ "R", 36 ], [ "R", 36 ], [ "R", 36 ], [ "R", 36 ], [ "R", 90 ], [ "R", 90 ], [ "R", 90 ], [ "R", 90 ], [ "R", 90 ], [ "R", 90 ], [ "R", 36 ], [ "R", 38 ], [ "R", 38 ], [ "R", 38 ], [ "R", 38 ], [ "R", 38 ], [ "R", 38 ], [ "R", 37 ], [ "R", 37 ] ]
    } ]
  },
  "VacancyController.deleteVacancy" : {
    "t" : [ {
      "id" : 0,
      "a" : [ [ "R", 96 ], [ "R", 96 ], [ "W", 96 ] ]
    } ]
  },
  "DistrictController.updateDistrict" : {
    "t" : [ {
      "id" : 0,
      "a" : [ [ "W", 21 ], [ "W", 21 ], [ "R", 21 ], [ "W", 21 ], [ "W", 21 ] ]
    } ]
  },
  "JobRoleTemplateController.createJobRoleTemplate" : {
    "t" : [ {
      "id" : 0,
      "a" : [ [ "W", 34 ], [ "W", 34 ], [ "W", 34 ], [ "W", 34 ], [ "W", 34 ], [ "W", 34 ], [ "W", 34 ], [ "W", 34 ], [ "W", 34 ], [ "W", 33 ], [ "W", 33 ], [ "W", 33 ], [ "W", 34 ], [ "W", 33 ], [ "W", 27 ], [ "W", 27 ], [ "W", 34 ], [ "W", 27 ], [ "W", 34 ] ]
    } ]
  },
  "RolesAndResponsibilitesController.findRolesAndResponsibilitesByUserId" : {
    "t" : [ {
      "id" : 0,
      "a" : [ [ "R", 90 ], [ "R", 72 ] ]
    } ]
  },
  "HolidayCalendarController.viewAllHolidayCalendar" : {
    "t" : [ {
      "id" : 0,
      "a" : [ [ "R", 28 ], [ "R", 28 ], [ "R", 28 ], [ "R", 28 ], [ "R", 28 ], [ "R", 28 ], [ "R", 28 ], [ "R", 28 ], [ "R", 15 ], [ "R", 15 ], [ "R", 15 ], [ "R", 15 ], [ "R", 15 ], [ "R", 28 ], [ "R", 69 ], [ "R", 69 ], [ "R", 69 ], [ "R", 69 ], [ "R", 28 ], [ "R", 90 ], [ "R", 90 ], [ "R", 90 ], [ "R", 90 ], [ "R", 90 ], [ "R", 90 ] ]
    } ]
  },
  "DistrictController.getDistrict" : {
    "t" : [ {
      "id" : 0,
      "a" : [ [ "R", 21 ] ]
    } ]
  },
  "DeniedPromotionController.getAllDeniedPromotion" : {
    "t" : [ {
      "id" : 0,
      "a" : [ [ "R", 16 ], [ "R", 16 ], [ "R", 16 ], [ "R", 90 ], [ "R", 90 ], [ "R", 90 ], [ "R", 16 ], [ "R", 16 ], [ "R", 16 ], [ "R", 16 ], [ "R", 18 ], [ "R", 18 ], [ "R", 18 ] ]
    } ]
  },
  "ModuleContoller.editModule" : {
    "t" : [ {
      "id" : 0,
      "a" : [ [ "W", 43 ], [ "W", 43 ], [ "R", 43 ], [ "W", 43 ], [ "W", 43 ] ]
    } ]
  },
  "AttachmentsController.getById" : {
    "t" : [ {
      "id" : 0,
      "a" : [ [ "R", 9 ], [ "R", 9 ], [ "R", 9 ], [ "R", 9 ], [ "R", 86 ], [ "R", 86 ], [ "R", 86 ], [ "R", 86 ], [ "R", 86 ], [ "R", 86 ], [ "R", 86 ], [ "R", 86 ], [ "R", 90 ], [ "R", 90 ], [ "R", 90 ], [ "R", 90 ], [ "R", 90 ], [ "R", 90 ], [ "R", 86 ], [ "R", 88 ], [ "R", 88 ], [ "R", 88 ] ]
    } ]
  },
  "UserController.AddUser" : {
    "t" : [ {
      "id" : 0,
      "a" : [ [ "W", 90 ] ]
    } ]
  },
  "UserCareerDevelopmentPlanSelfController.getCareerDevelopemntPlan" : {
    "t" : [ {
      "id" : 0,
      "a" : [ [ "R", 92 ] ]
    } ]
  },
  "ProfessionalMembershipController.DeleteProfessionalMembership" : {
    "t" : [ {
      "id" : 0,
      "a" : [ [ "R", 51 ], [ "W", 51 ] ]
    } ]
  },
  "ParContentController.deleteParContent" : {
    "t" : [ {
      "id" : 0,
      "a" : [ [ "W", 46 ] ]
    } ]
  },
  "ColorsController.getAllColors" : {
    "t" : [ {
      "id" : 0,
      "a" : [ [ "R", 15 ], [ "R", 15 ], [ "R", 15 ], [ "R", 15 ], [ "R", 15 ] ]
    } ]
  },
  "ModuleContoller.getAllModules" : {
    "t" : [ {
      "id" : 0,
      "a" : [ [ "R", 43 ], [ "R", 43 ], [ "R", 43 ], [ "R", 43 ], [ "R", 50 ] ]
    } ]
  },
  "DistrictController.getOneById" : {
    "t" : [ {
      "id" : 0,
      "a" : [ [ "R", 21 ] ]
    } ]
  },
  "DeniedPromotionController.getById" : {
    "t" : [ {
      "id" : 0,
      "a" : [ [ "R", 16 ], [ "R", 16 ], [ "R", 16 ], [ "R", 90 ], [ "R", 90 ], [ "R", 90 ], [ "R", 16 ], [ "R", 16 ], [ "R", 16 ], [ "R", 16 ], [ "R", 18 ], [ "R", 18 ], [ "R", 18 ] ]
    } ]
  },
  "WorkExperienceController.GetworkExperiencesByUserId" : {
    "t" : [ {
      "id" : 0,
      "a" : [ [ "R", 90 ], [ "R", 99 ] ]
    } ]
  },
  "LoanDetailsController.viewAll" : {
    "t" : [ {
      "id" : 0,
      "a" : [ [ "R", 39 ] ]
    } ]
  },
  "WelfareEventController.updateWelfareEvent" : {
    "t" : [ {
      "id" : 0,
      "a" : [ [ "W", 97 ], [ "W", 97 ], [ "W", 97 ], [ "W", 97 ], [ "W", 97 ], [ "W", 97 ], [ "R", 97 ], [ "W", 97 ], [ "W", 97 ] ]
    } ]
  },
  "BenefitsAllowancesController.viewBenefits" : {
    "t" : [ {
      "id" : 0,
      "a" : [ [ "R", 29 ], [ "R", 29 ], [ "R", 29 ], [ "R", 29 ], [ "R", 29 ], [ "R", 90 ], [ "R", 29 ], [ "R", 97 ] ]
    } ]
  },
  "RolesAndResponsibilitesController.DeleteRolesAndResponsibilities" : {
    "t" : [ {
      "id" : 0,
      "a" : [ [ "R", 72 ], [ "W", 72 ] ]
    } ]
  },
  "DiscussionScheduleController.getAllDiscussionSchedule" : {
    "t" : [ {
      "id" : 0,
      "a" : [ [ "R", 20 ], [ "R", 20 ], [ "R", 20 ], [ "R", 20 ], [ "R", 20 ], [ "R", 87 ], [ "R", 87 ], [ "R", 87 ], [ "R", 87 ], [ "R", 87 ], [ "R", 87 ], [ "R", 87 ], [ "R", 90 ], [ "R", 90 ], [ "R", 90 ], [ "R", 90 ], [ "R", 90 ], [ "R", 90 ], [ "R", 87 ], [ "R", 88 ], [ "R", 88 ], [ "R", 88 ] ]
    } ]
  },
  "RequestPromotionController.deleteRequestPromotion" : {
    "t" : [ {
      "id" : 0,
      "a" : [ [ "R", 68 ], [ "W", 68 ] ]
    } ]
  },
  "AcademicQualificationController.addAcademicQualification" : {
    "t" : [ {
      "id" : 0,
      "a" : [ [ "R", 90 ], [ "R", 23 ], [ "W", 1 ], [ "W", 1 ], [ "W", 1 ], [ "W", 1 ], [ "W", 1 ], [ "W", 1 ], [ "W", 1 ], [ "W", 90 ], [ "W", 23 ], [ "W", 1 ], [ "W", 90 ], [ "W", 1 ], [ "W", 23 ], [ "W", 1 ] ]
    } ]
  },
  "AcademicQualificationController.deleteAcademicQualification" : {
    "t" : [ {
      "id" : 0,
      "a" : [ [ "R", 1 ], [ "R", 1 ], [ "W", 1 ] ]
    } ]
  },
  "ParAppraisorController.deleteParAppraisor" : {
    "t" : [ {
      "id" : 0,
      "a" : [ [ "W", 45 ] ]
    } ]
  },
  "RejectedApplicantController.getRejectedApplicant" : {
    "t" : [ {
      "id" : 0,
      "a" : [ [ "R", 62 ] ]
    } ]
  },
  "LeaveAllocationController.allocateLeave" : {
    "t" : [ {
      "id" : 0,
      "a" : [ [ "W", 90 ], [ "W", 90 ], [ "W", 8 ], [ "W", 8 ], [ "R", 38 ], [ "W", 36 ], [ "W", 90 ], [ "W", 36 ], [ "W", 38 ], [ "R", 38 ], [ "W", 36 ], [ "R", 38 ], [ "R", 8 ], [ "W", 36 ], [ "R", 38 ], [ "W", 36 ], [ "R", 38 ], [ "W", 36 ], [ "W", 36 ], [ "W", 36 ] ]
    } ]
  },
  "TerminationTypeController.getAllTerminationType" : {
    "t" : [ {
      "id" : 0,
      "a" : [ [ "R", 88 ], [ "R", 88 ], [ "R", 88 ] ]
    } ]
  },
  "InterviewScheduleController.getInterviewSchedule" : {
    "t" : [ {
      "id" : 0,
      "a" : [ [ "R", 31 ] ]
    } ]
  },
  "WelfareTypeController.createWelfareType" : {
    "t" : [ {
      "id" : 0,
      "a" : [ [ "W", 98 ], [ "W", 98 ], [ "W", 98 ] ]
    } ]
  },
  "WelfareEventController.getWelfareEvent" : {
    "t" : [ {
      "id" : 0,
      "a" : [ [ "R", 97 ], [ "R", 97 ], [ "R", 97 ], [ "R", 97 ], [ "R", 97 ], [ "R", 97 ], [ "R", 97 ] ]
    } ]
  },
  "SelfServiceController.modifySelfService" : {
    "t" : [ {
      "id" : 0,
      "a" : [ [ "W", 84 ], [ "W", 84 ], [ "W", 85 ], [ "W", 84 ], [ "W", 90 ], [ "W", 84 ], [ "W", 17 ], [ "W", 84 ], [ "W", 90 ], [ "R", 84 ], [ "W", 84 ], [ "W", 84 ], [ "W", 84 ], [ "W", 84 ], [ "W", 84 ], [ "W", 84 ], [ "R", 84 ], [ "W", 84 ], [ "W", 84 ] ]
    } ]
  },
  "DesignationController.DeleteDesignation" : {
    "t" : [ {
      "id" : 0,
      "a" : [ [ "R", 18 ], [ "W", 18 ] ]
    } ]
  },
  "JobController.DeleteUser" : {
    "t" : [ {
      "id" : 0,
      "a" : [ [ "R", 33 ], [ "W", 33 ] ]
    } ]
  },
  "HighestQualificationController.deleteHighestQualification" : {
    "t" : [ {
      "id" : 0,
      "a" : [ [ "R", 27 ], [ "R", 27 ], [ "W", 27 ] ]
    } ]
  },
  "LeaveTypeController.deleteLeaveType" : {
    "t" : [ {
      "id" : 0,
      "a" : [ [ "R", 38 ], [ "W", 38 ] ]
    } ]
  },
  "TerminationTypeController.addTerminationType" : {
    "t" : [ {
      "id" : 0,
      "a" : [ [ "W", 88 ], [ "W", 88 ], [ "W", 88 ] ]
    } ]
  },
  "DiscussionParticipantsController.deleteDiscussionParticipants" : {
    "t" : [ {
      "id" : 0,
      "a" : [ [ "W", 19 ] ]
    } ]
  },
  "ExamTypeController.editExamType" : {
    "t" : [ {
      "id" : 0,
      "a" : [ [ "R", 23 ], [ "W", 23 ], [ "W", 23 ] ]
    } ]
  },
  "LeaveRequestController.acceptLeaveRequest" : {
    "t" : [ {
      "id" : 0,
      "a" : [ [ "R", 37 ], [ "W", 37 ], [ "W", 37 ], [ "W", 4 ], [ "W", 37 ], [ "R", 42 ], [ "R", 42 ], [ "R", 90 ], [ "W", 4 ], [ "W", 90 ], [ "W", 4 ] ]
    } ]
  },
  "RequestPromotionController.addRequestPromotion" : {
    "t" : [ {
      "id" : 0,
      "a" : [ [ "W", 68 ], [ "W", 68 ], [ "W", 68 ], [ "W", 18 ], [ "W", 18 ], [ "W", 68 ], [ "W", 18 ], [ "W", 68 ], [ "W", 90 ], [ "W", 90 ], [ "W", 68 ], [ "W", 90 ], [ "W", 68 ], [ "W", 68 ] ]
    } ]
  },
  "PrivilegeController.editPrivilegeState" : {
    "t" : [ {
      "id" : 0,
      "a" : [ [ "R", 50 ], [ "R", 50 ], [ "R", 50 ], [ "R", 10 ], [ "R", 50 ], [ "R", 43 ], [ "R", 50 ], [ "R", 71 ], [ "W", 50 ], [ "R", 50 ], [ "R", 50 ], [ "W", 50 ], [ "W", 50 ] ]
    } ]
  },
  "LocationController.AddLocation" : {
    "t" : [ {
      "id" : 0,
      "a" : [ [ "W", 40 ] ]
    } ]
  },
  "GeneralWelfareController.deleteGeneralWelfare" : {
    "t" : [ {
      "id" : 0,
      "a" : [ [ "W", 26 ] ]
    } ]
  },
  "RecuitmentTypeController.getRecuitment" : {
    "t" : [ {
      "id" : 0,
      "a" : [ [ "R", 56 ] ]
    } ]
  },
  "TerminationRecordController.deleteTerminationRecord" : {
    "t" : [ {
      "id" : 0,
      "a" : [ [ "W", 86 ] ]
    } ]
  },
  "DeniedPromotionController.getAllRequestPromotionsByUserId" : {
    "t" : [ {
      "id" : 0,
      "a" : [ [ "R", 16 ], [ "R", 16 ], [ "R", 16 ], [ "R", 90 ] ]
    } ]
  },
  "ModuleContoller.addModule" : {
    "t" : [ {
      "id" : 0,
      "a" : [ [ "W", 43 ], [ "W", 43 ], [ "W", 43 ], [ "R", 43 ], [ "R", 10 ], [ "R", 71 ], [ "W", 50 ], [ "W", 10 ], [ "W", 50 ], [ "W", 43 ], [ "W", 50 ], [ "W", 71 ], [ "W", 50 ], [ "W", 50 ] ]
    } ]
  },
  "CarryforwordRequestController.acceptCarryforwardRequest" : {
    "t" : [ {
      "id" : 0,
      "a" : [ [ "W", 14 ], [ "W", 14 ], [ "W", 90 ], [ "W", 90 ], [ "W", 14 ], [ "W", 90 ], [ "W", 14 ], [ "W", 14 ], [ "W", 14 ], [ "W", 3 ], [ "W", 14 ], [ "R", 42 ], [ "R", 42 ], [ "R", 90 ], [ "W", 3 ], [ "W", 90 ], [ "W", 3 ] ]
    } ]
  },
  "WorkExperienceController.DeleteWorkexperience" : {
    "t" : [ {
      "id" : 0,
      "a" : [ [ "R", 99 ], [ "R", 99 ], [ "W", 99 ] ]
    } ]
  },
  "LeaveRequestController.rejectLeaveRequest" : {
    "t" : [ {
      "id" : 0,
      "a" : [ [ "R", 37 ], [ "W", 37 ], [ "R", 37 ], [ "R", 36 ], [ "R", 37 ], [ "R", 37 ], [ "R", 37 ], [ "R", 36 ], [ "R", 36 ], [ "R", 36 ], [ "W", 36 ], [ "W", 36 ], [ "R", 37 ], [ "R", 37 ], [ "R", 37 ], [ "R", 36 ], [ "W", 36 ], [ "W", 36 ], [ "W", 37 ], [ "W", 61 ], [ "W", 37 ], [ "R", 42 ], [ "R", 42 ], [ "R", 90 ], [ "W", 61 ], [ "W", 90 ], [ "W", 61 ], [ "W", 61 ] ]
    } ]
  },
  "JobController.AddJob" : {
    "t" : [ {
      "id" : 0,
      "a" : [ [ "W", 33 ], [ "W", 33 ], [ "W", 33 ], [ "W", 33 ] ]
    } ]
  },
  "InterviewScheduleController.deleteInterviewSchedule" : {
    "t" : [ {
      "id" : 0,
      "a" : [ [ "R", 31 ], [ "R", 31 ], [ "W", 31 ] ]
    } ]
  },
  "HighestQualificationController.editHighestQualification" : {
    "t" : [ {
      "id" : 0,
      "a" : [ [ "R", 27 ], [ "W", 27 ], [ "W", 27 ] ]
    } ]
  },
  "VacancyController.getVacancy" : {
    "t" : [ {
      "id" : 0,
      "a" : [ [ "R", 96 ] ]
    } ]
  },
  "VacancyController.postVacancy" : {
    "t" : [ {
      "id" : 0,
      "a" : [ [ "W", 96 ], [ "W", 96 ], [ "W", 96 ], [ "W", 96 ], [ "W", 96 ], [ "W", 96 ], [ "W", 96 ], [ "W", 90 ], [ "W", 96 ], [ "W", 90 ], [ "W", 33 ], [ "W", 96 ], [ "W", 33 ], [ "W", 17 ], [ "W", 96 ], [ "W", 17 ], [ "W", 56 ], [ "W", 96 ], [ "W", 56 ], [ "W", 96 ] ]
    } ]
  },
  "LeaveRequestController.getAllLeaveRequest" : {
    "t" : [ {
      "id" : 0,
      "a" : [ [ "R", 37 ], [ "R", 37 ], [ "R", 37 ], [ "R", 37 ], [ "R", 37 ], [ "R", 37 ], [ "R", 37 ], [ "R", 37 ], [ "R", 37 ], [ "R", 90 ], [ "R", 90 ], [ "R", 90 ], [ "R", 90 ], [ "R", 90 ], [ "R", 90 ], [ "R", 37 ], [ "R", 36 ], [ "R", 36 ], [ "R", 36 ], [ "R", 36 ], [ "R", 36 ], [ "R", 90 ], [ "R", 90 ], [ "R", 90 ], [ "R", 90 ], [ "R", 90 ], [ "R", 90 ], [ "R", 36 ], [ "R", 38 ], [ "R", 38 ], [ "R", 38 ], [ "R", 38 ], [ "R", 38 ], [ "R", 38 ], [ "R", 37 ], [ "R", 37 ] ]
    } ]
  },
  "RolesAndResponsibilitesController.GetRolesAndResponsibilities" : {
    "t" : [ {
      "id" : 0,
      "a" : [ [ "R", 72 ] ]
    } ]
  },
  "PrivilegeController.deletePrivilege" : {
    "t" : [ {
      "id" : 0,
      "a" : [ [ "R", 50 ], [ "W", 50 ] ]
    } ]
  },
  "AppointmentController.GetAppointment" : {
    "t" : [ {
      "id" : 0,
      "a" : [ [ "R", 7 ] ]
    } ]
  },
  "DeniedPromotionController.addDeniedPromotion" : {
    "t" : [ {
      "id" : 0,
      "a" : [ [ "W", 16 ], [ "W", 90 ], [ "W", 90 ], [ "W", 16 ], [ "W", 90 ], [ "W", 16 ], [ "W", 16 ], [ "W", 16 ], [ "W", 18 ], [ "W", 18 ], [ "W", 16 ], [ "W", 18 ], [ "W", 16 ] ]
    } ]
  },
  "DepartmentController.AddDepartment" : {
    "t" : [ {
      "id" : 0,
      "a" : [ [ "W", 17 ], [ "W", 17 ], [ "W", 17 ] ]
    } ]
  },
  "LeaveRequestController.getAllLeaveRequestByUserName" : {
    "t" : [ {
      "id" : 0,
      "a" : [ [ "R", 42 ], [ "R", 42 ], [ "R", 90 ], [ "R", 37 ], [ "R", 37 ], [ "R", 37 ], [ "R", 37 ], [ "R", 37 ], [ "R", 37 ], [ "R", 37 ], [ "R", 37 ], [ "R", 37 ], [ "R", 90 ], [ "R", 90 ], [ "R", 90 ], [ "R", 90 ], [ "R", 90 ], [ "R", 90 ], [ "R", 37 ], [ "R", 36 ], [ "R", 36 ], [ "R", 36 ], [ "R", 36 ], [ "R", 36 ], [ "R", 90 ], [ "R", 90 ], [ "R", 90 ], [ "R", 90 ], [ "R", 90 ], [ "R", 90 ], [ "R", 36 ], [ "R", 38 ], [ "R", 38 ], [ "R", 38 ], [ "R", 38 ], [ "R", 38 ], [ "R", 38 ], [ "R", 37 ], [ "R", 37 ] ]
    } ]
  },
  "ExamTypeController.createExamType" : {
    "t" : [ {
      "id" : 0,
      "a" : [ [ "W", 23 ] ]
    } ]
  },
  "SelfServiceTypeController.viewSelfServiceType" : {
    "t" : [ {
      "id" : 0,
      "a" : [ [ "R", 85 ], [ "R", 85 ], [ "R", 85 ] ]
    } ]
  },
  "DiscussionScheduleController.addDiscussionSchedule" : {
    "t" : [ {
      "id" : 0,
      "a" : [ [ "W", 20 ], [ "W", 20 ], [ "W", 20 ], [ "W", 87 ], [ "W", 87 ], [ "W", 87 ], [ "W", 87 ], [ "W", 87 ], [ "W", 90 ], [ "W", 90 ], [ "W", 87 ], [ "W", 90 ], [ "W", 88 ], [ "W", 88 ], [ "W", 87 ], [ "W", 88 ], [ "W", 20 ], [ "W", 87 ], [ "W", 19 ], [ "W", 90 ], [ "W", 90 ], [ "W", 19 ], [ "W", 90 ], [ "W", 20 ], [ "W", 20 ], [ "W", 20 ], [ "W", 87 ], [ "W", 87 ], [ "W", 87 ], [ "W", 87 ], [ "W", 87 ], [ "W", 90 ], [ "W", 90 ], [ "W", 87 ], [ "W", 90 ], [ "W", 88 ], [ "W", 88 ], [ "W", 87 ], [ "W", 88 ], [ "W", 20 ], [ "W", 87 ], [ "W", 19 ], [ "W", 20 ], [ "W", 20 ], [ "R", 20 ], [ "R", 87 ], [ "R", 20 ], [ "W", 19 ], [ "W", 20 ], [ "W", 19 ] ]
    } ]
  },
  "AttachmentsController.getAllAttachments" : {
    "t" : [ {
      "id" : 0,
      "a" : [ [ "R", 9 ], [ "R", 9 ], [ "R", 9 ], [ "R", 9 ], [ "R", 86 ], [ "R", 86 ], [ "R", 86 ], [ "R", 86 ], [ "R", 86 ], [ "R", 86 ], [ "R", 86 ], [ "R", 86 ], [ "R", 90 ], [ "R", 90 ], [ "R", 90 ], [ "R", 90 ], [ "R", 90 ], [ "R", 90 ], [ "R", 86 ], [ "R", 88 ], [ "R", 88 ], [ "R", 88 ] ]
    } ]
  }
}