{
  "1" : "AcademicQualification",
  "2" : "AcceptCancelRequest",
  "3" : "AcceptCarryforwardRequest",
  "4" : "AcceptLeaveRequest",
  "5" : "Applicant",
  "6" : "ApplicantsInterview",
  "7" : "Appointment",
  "8" : "AppointmentType",
  "9" : "Attachment",
  "10" : "AuthorizeType",
  "11" : "BenefitsAllowancesEntity",
  "12" : "CancelLeaveRequest",
  "13" : "CareerDevelopmentPlan",
  "14" : "CarryforwardRequest",
  "15" : "Colors",
  "16" : "DeniedPromotion",
  "17" : "Department",
  "18" : "Designation",
  "19" : "DiscussionParticipants",
  "20" : "DiscussionSchedule",
  "21" : "District",
  "22" : "EmployeeDetails",
  "23" : "ExamType",
  "24" : "ExperienceLetter",
  "25" : "ForwardLeaveRequest",
  "26" : "GeneralWelfare",
  "27" : "HighestQualification",
  "28" : "HolidayCalendar",
  "29" : "IndividualWelfare",
  "30" : "Interview",
  "31" : "InterviewSchedule",
  "32" : "Interviewers",
  "33" : "Job",
  "34" : "JobRoleTemplate",
  "35" : "KeyActivity",
  "36" : "LeaveAllocation",
  "37" : "LeaveRequest",
  "38" : "LeaveType",
  "39" : "LoanDetailsEntity",
  "40" : "Location",
  "41" : "LogInCrediential",
  "42" : "Login",
  "43" : "Module",
  "44" : "Par",
  "45" : "ParAppraisor",
  "46" : "ParContent",
  "47" : "ParTrainee",
  "48" : "ParTraineeAppraisor",
  "49" : "ParTraineeContent",
  "50" : "Privilege",
  "51" : "ProfessionalMembership",
  "52" : "ProfessionalQualification",
  "53" : "ProfileAttachments",
  "54" : "Project",
  "55" : "Promotion",
  "56" : "RecruitmentType",
  "57" : "Referee",
  "58" : "RejectCancelRequest",
  "59" : "RejectCarryforwardRequest",
  "60" : "RejectExperienceLetterRequest",
  "61" : "RejectLeaveRequest",
  "62" : "RejectedApplicant",
  "63" : "ReportParAppraise",
  "64" : "ReportParAppraisor",
  "65" : "ReportParTraineeAppraise",
  "66" : "ReportParTraineeAppraisor",
  "67" : "RequestExperienceLetter",
  "68" : "RequestPromotion",
  "69" : "Resizable",
  "70" : "Response",
  "71" : "Role",
  "72" : "RolesAndResponsibilites",
  "73" : "SalaryChartEntity",
  "74" : "SalaryDetailsEmpViewEntity",
  "75" : "SalaryDetailsHRViewEntity",
  "76" : "ScheduleParAppraisor",
  "77" : "ScheduleParContent",
  "78" : "ScheduleParTraineeAppraisor",
  "79" : "ScheduleParTraineeContent",
  "80" : "ScoreParAppraisee",
  "81" : "ScoreParAppraisor",
  "82" : "ScoreParTraineeAppraisee",
  "83" : "ScoreParTraineeAppraisor",
  "84" : "SelfService",
  "85" : "SelfServiceType",
  "86" : "TerminationRecord",
  "87" : "TerminationRequest",
  "88" : "TerminationType",
  "89" : "Trainee",
  "90" : "User",
  "91" : "UserCareerDevelopmentPlanCompany",
  "92" : "UserCareerDevelopmentPlanSelf",
  "93" : "UserEntity",
  "94" : "UserLoanDetails",
  "95" : "UserWorkExperience",
  "96" : "Vacancy",
  "97" : "WelfareEvent",
  "98" : "WelfareType",
  "99" : "WorkExperience"
}