{
  "AcademicQualification" : 1,
  "AcceptCancelRequest" : 2,
  "AcceptCarryforwardRequest" : 3,
  "AcceptLeaveRequest" : 4,
  "Applicant" : 5,
  "ApplicantsInterview" : 6,
  "Appointment" : 7,
  "AppointmentType" : 8,
  "Attachment" : 9,
  "AuthorizeType" : 10,
  "BenefitsAllowancesEntity" : 11,
  "CancelLeaveRequest" : 12,
  "CareerDevelopmentPlan" : 13,
  "CarryforwardRequest" : 14,
  "Colors" : 15,
  "DeniedPromotion" : 16,
  "Department" : 17,
  "Designation" : 18,
  "DiscussionParticipants" : 19,
  "DiscussionSchedule" : 20,
  "District" : 21,
  "EmployeeDetails" : 22,
  "ExamType" : 23,
  "ExperienceLetter" : 24,
  "ForwardLeaveRequest" : 25,
  "GeneralWelfare" : 26,
  "HighestQualification" : 27,
  "HolidayCalendar" : 28,
  "IndividualWelfare" : 29,
  "Interview" : 30,
  "InterviewSchedule" : 31,
  "Interviewers" : 32,
  "Job" : 33,
  "JobRoleTemplate" : 34,
  "KeyActivity" : 35,
  "LeaveAllocation" : 36,
  "LeaveRequest" : 37,
  "LeaveType" : 38,
  "LoanDetailsEntity" : 39,
  "Location" : 40,
  "LogInCrediential" : 41,
  "Login" : 42,
  "Module" : 43,
  "Par" : 44,
  "ParAppraisor" : 45,
  "ParContent" : 46,
  "ParTrainee" : 47,
  "ParTraineeAppraisor" : 48,
  "ParTraineeContent" : 49,
  "Privilege" : 50,
  "ProfessionalMembership" : 51,
  "ProfessionalQualification" : 52,
  "ProfileAttachments" : 53,
  "Project" : 54,
  "Promotion" : 55,
  "RecruitmentType" : 56,
  "Referee" : 57,
  "RejectCancelRequest" : 58,
  "RejectCarryforwardRequest" : 59,
  "RejectExperienceLetterRequest" : 60,
  "RejectLeaveRequest" : 61,
  "RejectedApplicant" : 62,
  "ReportParAppraise" : 63,
  "ReportParAppraisor" : 64,
  "ReportParTraineeAppraise" : 65,
  "ReportParTraineeAppraisor" : 66,
  "RequestExperienceLetter" : 67,
  "RequestPromotion" : 68,
  "Resizable" : 69,
  "Response" : 70,
  "Role" : 71,
  "RolesAndResponsibilites" : 72,
  "SalaryChartEntity" : 73,
  "SalaryDetailsEmpViewEntity" : 74,
  "SalaryDetailsHRViewEntity" : 75,
  "ScheduleParAppraisor" : 76,
  "ScheduleParContent" : 77,
  "ScheduleParTraineeAppraisor" : 78,
  "ScheduleParTraineeContent" : 79,
  "ScoreParAppraisee" : 80,
  "ScoreParAppraisor" : 81,
  "ScoreParTraineeAppraisee" : 82,
  "ScoreParTraineeAppraisor" : 83,
  "SelfService" : 84,
  "SelfServiceType" : 85,
  "TerminationRecord" : 86,
  "TerminationRequest" : 87,
  "TerminationType" : 88,
  "Trainee" : 89,
  "User" : 90,
  "UserCareerDevelopmentPlanCompany" : 91,
  "UserCareerDevelopmentPlanSelf" : 92,
  "UserEntity" : 93,
  "UserLoanDetails" : 94,
  "UserWorkExperience" : 95,
  "Vacancy" : 96,
  "WelfareEvent" : 97,
  "WelfareType" : 98,
  "WorkExperience" : 99
}