{
  "LeaveStartingBalanceController.getAll" : {
    "t" : [ {
      "id" : 0,
      "a" : [ [ "R", 80 ] ]
    } ]
  },
  "FormController.getAll" : {
    "t" : [ {
      "id" : 0,
      "a" : [ [ "R", 66 ] ]
    } ]
  },
  "EmployeeOvertimeController.insert" : {
    "t" : [ {
      "id" : 0,
      "a" : [ [ "W", 50 ] ]
    } ]
  },
  "EmployeeLeaveDayController.delete" : {
    "t" : [ {
      "id" : 0,
      "a" : [ [ "R", 48 ], [ "W", 48 ], [ "W", 48 ] ]
    } ]
  },
  "EmployeeEducationController.update" : {
    "t" : [ {
      "id" : 0,
      "a" : [ [ "R", 40 ], [ "R", 40 ], [ "R", 40 ], [ "W", 40 ] ]
    } ]
  },
  "SalaryComponentController.update" : {
    "t" : [ {
      "id" : 0,
      "a" : [ [ "R", 101 ], [ "R", 101 ], [ "R", 101 ], [ "W", 101 ] ]
    } ]
  },
  "EmployeeTimeSheetController.delete" : {
    "t" : [ {
      "id" : 0,
      "a" : [ [ "R", 55 ], [ "W", 55 ], [ "W", 55 ] ]
    } ]
  },
  "EmployeeLeaveController.update" : {
    "t" : [ {
      "id" : 0,
      "a" : [ [ "R", 47 ], [ "R", 47 ], [ "R", 47 ], [ "W", 47 ] ]
    } ]
  },
  "EmployeeApprovalController.delete" : {
    "t" : [ {
      "id" : 0,
      "a" : [ [ "R", 33 ], [ "W", 33 ], [ "W", 33 ] ]
    } ]
  },
  "EmployeeSkillController.getAll" : {
    "t" : [ {
      "id" : 0,
      "a" : [ [ "R", 53 ] ]
    } ]
  },
  "EmployeeLeaveController.getAll" : {
    "t" : [ {
      "id" : 0,
      "a" : [ [ "R", 47 ] ]
    } ]
  },
  "EmployeeLeaveDayController.insert" : {
    "t" : [ {
      "id" : 0,
      "a" : [ [ "W", 48 ] ]
    } ]
  },
  "DeductionController.delete" : {
    "t" : [ {
      "id" : 0,
      "a" : [ [ "R", 25 ], [ "W", 25 ], [ "W", 25 ] ]
    } ]
  },
  "EmployeeOvertimeController.delete" : {
    "t" : [ {
      "id" : 0,
      "a" : [ [ "R", 50 ], [ "W", 50 ], [ "W", 50 ] ]
    } ]
  },
  "JobController.getAll" : {
    "t" : [ {
      "id" : 0,
      "a" : [ [ "R", 72 ] ]
    } ]
  },
  "EmployeeProjectController.delete" : {
    "t" : [ {
      "id" : 0,
      "a" : [ [ "R", 51 ], [ "W", 51 ], [ "W", 51 ] ]
    } ]
  },
  "FormController.update" : {
    "t" : [ {
      "id" : 0,
      "a" : [ [ "R", 66 ], [ "R", 66 ], [ "R", 66 ], [ "W", 66 ] ]
    } ]
  },
  "LeaveGroupController.delete" : {
    "t" : [ {
      "id" : 0,
      "a" : [ [ "R", 76 ], [ "W", 76 ], [ "W", 76 ] ]
    } ]
  },
  "SettingController.update" : {
    "t" : [ {
      "id" : 0,
      "a" : [ [ "R", 103 ], [ "R", 103 ], [ "R", 103 ], [ "W", 103 ] ]
    } ]
  },
  "EmployeeApprovalController.insert" : {
    "t" : [ {
      "id" : 0,
      "a" : [ [ "W", 33 ] ]
    } ]
  },
  "EmployeeEducationController.getAll" : {
    "t" : [ {
      "id" : 0,
      "a" : [ [ "R", 40 ] ]
    } ]
  },
  "AttendanceController.insert" : {
    "t" : [ {
      "id" : 0,
      "a" : [ [ "W", 5 ] ]
    } ]
  },
  "EmployeeLeaveLogController.get" : {
    "t" : [ {
      "id" : 0,
      "a" : [ [ "R", 49 ] ]
    } ]
  },
  "EmployeeAttendanceSheetController.get" : {
    "t" : [ {
      "id" : 0,
      "a" : [ [ "R", 34 ] ]
    } ]
  },
  "ReportController.getAll" : {
    "t" : [ {
      "id" : 0,
      "a" : [ [ "R", 98 ] ]
    } ]
  },
  "EmployeeLanguageController.getAll" : {
    "t" : [ {
      "id" : 0,
      "a" : [ [ "R", 46 ] ]
    } ]
  },
  "EmployeeLeaveDayController.get" : {
    "t" : [ {
      "id" : 0,
      "a" : [ [ "R", 48 ] ]
    } ]
  },
  "SettingController.get" : {
    "t" : [ {
      "id" : 0,
      "a" : [ [ "R", 103 ] ]
    } ]
  },
  "EmergencyContactController.get" : {
    "t" : [ {
      "id" : 0,
      "a" : [ [ "R", 31 ] ]
    } ]
  },
  "LeaveGroupController.getAll" : {
    "t" : [ {
      "id" : 0,
      "a" : [ [ "R", 76 ] ]
    } ]
  },
  "ArchivedEmployeeController.getAll" : {
    "t" : [ {
      "id" : 0,
      "a" : [ [ "R", 4 ] ]
    } ]
  },
  "NotificationController.delete" : {
    "t" : [ {
      "id" : 0,
      "a" : [ [ "R", 85 ], [ "W", 85 ], [ "W", 85 ] ]
    } ]
  },
  "LeaveGroupEmployeeController.delete" : {
    "t" : [ {
      "id" : 0,
      "a" : [ [ "R", 77 ], [ "W", 77 ], [ "W", 77 ] ]
    } ]
  },
  "ReportController.insert" : {
    "t" : [ {
      "id" : 0,
      "a" : [ [ "W", 98 ] ]
    } ]
  },
  "JobController.update" : {
    "t" : [ {
      "id" : 0,
      "a" : [ [ "R", 72 ], [ "R", 72 ], [ "R", 72 ], [ "W", 72 ] ]
    } ]
  },
  "EmployeeTrainingSessionController.get" : {
    "t" : [ {
      "id" : 0,
      "a" : [ [ "R", 56 ] ]
    } ]
  },
  "LeaveGroupEmployeeController.insert" : {
    "t" : [ {
      "id" : 0,
      "a" : [ [ "W", 77 ] ]
    } ]
  },
  "LeaveGroupEmployeeController.update" : {
    "t" : [ {
      "id" : 0,
      "a" : [ [ "R", 77 ], [ "R", 77 ], [ "R", 77 ], [ "W", 77 ] ]
    } ]
  },
  "LeaveRuleController.update" : {
    "t" : [ {
      "id" : 0,
      "a" : [ [ "R", 79 ], [ "R", 79 ], [ "R", 79 ], [ "W", 79 ] ]
    } ]
  },
  "SettingController.delete" : {
    "t" : [ {
      "id" : 0,
      "a" : [ [ "R", 103 ], [ "W", 103 ], [ "W", 103 ] ]
    } ]
  },
  "EmployeeCompanyLoanController.get" : {
    "t" : [ {
      "id" : 0,
      "a" : [ [ "R", 36 ] ]
    } ]
  },
  "SettingController.insert" : {
    "t" : [ {
      "id" : 0,
      "a" : [ [ "W", 103 ] ]
    } ]
  },
  "RestAccessTokenController.insert" : {
    "t" : [ {
      "id" : 0,
      "a" : [ [ "W", 100 ] ]
    } ]
  },
  "RestAccessTokenController.getAll" : {
    "t" : [ {
      "id" : 0,
      "a" : [ [ "R", 100 ] ]
    } ]
  },
  "EmployeeLanguageController.update" : {
    "t" : [ {
      "id" : 0,
      "a" : [ [ "R", 46 ], [ "R", 46 ], [ "R", 46 ], [ "W", 46 ] ]
    } ]
  },
  "CustomFieldValueController.delete" : {
    "t" : [ {
      "id" : 0,
      "a" : [ [ "R", 21 ], [ "W", 21 ], [ "W", 21 ] ]
    } ]
  },
  "NotificationController.update" : {
    "t" : [ {
      "id" : 0,
      "a" : [ [ "R", 85 ], [ "R", 85 ], [ "R", 85 ], [ "W", 85 ] ]
    } ]
  },
  "ReportController.delete" : {
    "t" : [ {
      "id" : 0,
      "a" : [ [ "R", 98 ], [ "W", 98 ], [ "W", 98 ] ]
    } ]
  },
  "AttendanceController.delete" : {
    "t" : [ {
      "id" : 0,
      "a" : [ [ "R", 5 ], [ "W", 5 ], [ "W", 5 ] ]
    } ]
  },
  "EmployeeProjectController.insert" : {
    "t" : [ {
      "id" : 0,
      "a" : [ [ "W", 51 ] ]
    } ]
  },
  "ArchivedEmployeeController.delete" : {
    "t" : [ {
      "id" : 0,
      "a" : [ [ "R", 4 ], [ "W", 4 ], [ "W", 4 ] ]
    } ]
  },
  "NotificationController.getAll" : {
    "t" : [ {
      "id" : 0,
      "a" : [ [ "R", 85 ] ]
    } ]
  },
  "EmployeeCertificationController.insert" : {
    "t" : [ {
      "id" : 0,
      "a" : [ [ "W", 35 ] ]
    } ]
  },
  "EmployeeCertificationController.delete" : {
    "t" : [ {
      "id" : 0,
      "a" : [ [ "R", 35 ], [ "W", 35 ], [ "W", 35 ] ]
    } ]
  },
  "CustomFieldController.get" : {
    "t" : [ {
      "id" : 0,
      "a" : [ [ "R", 20 ] ]
    } ]
  },
  "UserReportController.insert" : {
    "t" : [ {
      "id" : 0,
      "a" : [ [ "W", 111 ] ]
    } ]
  },
  "LeaveStartingBalanceController.insert" : {
    "t" : [ {
      "id" : 0,
      "a" : [ [ "W", 80 ] ]
    } ]
  },
  "EmailController.delete" : {
    "t" : [ {
      "id" : 0,
      "a" : [ [ "R", 30 ], [ "W", 30 ], [ "W", 30 ] ]
    } ]
  },
  "DeductionController.update" : {
    "t" : [ {
      "id" : 0,
      "a" : [ [ "R", 25 ], [ "R", 25 ], [ "R", 25 ], [ "W", 25 ] ]
    } ]
  },
  "ModuleController.insert" : {
    "t" : [ {
      "id" : 0,
      "a" : [ [ "W", 83 ] ]
    } ]
  },
  "EmployeeImmigrationController.delete" : {
    "t" : [ {
      "id" : 0,
      "a" : [ [ "R", 44 ], [ "W", 44 ], [ "W", 44 ] ]
    } ]
  },
  "EmployeeLanguageController.get" : {
    "t" : [ {
      "id" : 0,
      "a" : [ [ "R", 46 ] ]
    } ]
  },
  "ArchivedEmployeeController.insert" : {
    "t" : [ {
      "id" : 0,
      "a" : [ [ "W", 4 ] ]
    } ]
  },
  "EmployeeDocumentController.get" : {
    "t" : [ {
      "id" : 0,
      "a" : [ [ "R", 39 ] ]
    } ]
  },
  "ImmigrationDocumentController.get" : {
    "t" : [ {
      "id" : 0,
      "a" : [ [ "R", 68 ] ]
    } ]
  },
  "EmployeeTravelRecordController.get" : {
    "t" : [ {
      "id" : 0,
      "a" : [ [ "R", 57 ] ]
    } ]
  },
  "DataImportFileController.get" : {
    "t" : [ {
      "id" : 0,
      "a" : [ [ "R", 24 ] ]
    } ]
  },
  "SettingController.getAll" : {
    "t" : [ {
      "id" : 0,
      "a" : [ [ "R", 103 ] ]
    } ]
  },
  "DocumentController.update" : {
    "t" : [ {
      "id" : 0,
      "a" : [ [ "R", 27 ], [ "R", 27 ], [ "R", 27 ], [ "W", 27 ] ]
    } ]
  },
  "EmployeeSalaryController.get" : {
    "t" : [ {
      "id" : 0,
      "a" : [ [ "R", 52 ] ]
    } ]
  },
  "RestAccessTokenController.delete" : {
    "t" : [ {
      "id" : 0,
      "a" : [ [ "R", 100 ], [ "W", 100 ], [ "W", 100 ] ]
    } ]
  },
  "CustomFieldValueController.insert" : {
    "t" : [ {
      "id" : 0,
      "a" : [ [ "W", 21 ] ]
    } ]
  },
  "LeaveGroupEmployeeController.getAll" : {
    "t" : [ {
      "id" : 0,
      "a" : [ [ "R", 77 ] ]
    } ]
  },
  "CustomFieldController.update" : {
    "t" : [ {
      "id" : 0,
      "a" : [ [ "R", 20 ], [ "R", 20 ], [ "R", 20 ], [ "W", 20 ] ]
    } ]
  },
  "EmployeeTimeSheetController.insert" : {
    "t" : [ {
      "id" : 0,
      "a" : [ [ "W", 55 ] ]
    } ]
  },
  "ModuleController.delete" : {
    "t" : [ {
      "id" : 0,
      "a" : [ [ "R", 83 ], [ "W", 83 ], [ "W", 83 ] ]
    } ]
  },
  "EmployeeImmigrationController.insert" : {
    "t" : [ {
      "id" : 0,
      "a" : [ [ "W", 44 ] ]
    } ]
  },
  "UserReportController.get" : {
    "t" : [ {
      "id" : 0,
      "a" : [ [ "R", 111 ] ]
    } ]
  },
  "EmailController.insert" : {
    "t" : [ {
      "id" : 0,
      "a" : [ [ "W", 30 ] ]
    } ]
  },
  "LeaveGroupController.update" : {
    "t" : [ {
      "id" : 0,
      "a" : [ [ "R", 76 ], [ "R", 76 ], [ "R", 76 ], [ "W", 76 ] ]
    } ]
  },
  "EmployeeDataHistoryController.get" : {
    "t" : [ {
      "id" : 0,
      "a" : [ [ "R", 37 ] ]
    } ]
  },
  "EmployeeTravelRecordController.insert" : {
    "t" : [ {
      "id" : 0,
      "a" : [ [ "W", 57 ] ]
    } ]
  },
  "EmployeeCompanyLoanController.update" : {
    "t" : [ {
      "id" : 0,
      "a" : [ [ "R", 36 ], [ "R", 36 ], [ "R", 36 ], [ "W", 36 ] ]
    } ]
  },
  "EmployeeTrainingSessionController.delete" : {
    "t" : [ {
      "id" : 0,
      "a" : [ [ "R", 56 ], [ "W", 56 ], [ "W", 56 ] ]
    } ]
  },
  "EmployeeLeaveController.get" : {
    "t" : [ {
      "id" : 0,
      "a" : [ [ "R", 47 ] ]
    } ]
  },
  "IndustryController.get" : {
    "t" : [ {
      "id" : 0,
      "a" : [ [ "R", 70 ] ]
    } ]
  },
  "EmployeeEducationController.insert" : {
    "t" : [ {
      "id" : 0,
      "a" : [ [ "W", 40 ] ]
    } ]
  },
  "ReportController.get" : {
    "t" : [ {
      "id" : 0,
      "a" : [ [ "R", 98 ] ]
    } ]
  },
  "EmployeeCertificationController.get" : {
    "t" : [ {
      "id" : 0,
      "a" : [ [ "R", 35 ] ]
    } ]
  },
  "EmployeeTravelRecordController.delete" : {
    "t" : [ {
      "id" : 0,
      "a" : [ [ "R", 57 ], [ "W", 57 ], [ "W", 57 ] ]
    } ]
  },
  "EmployeeTrainingSessionController.insert" : {
    "t" : [ {
      "id" : 0,
      "a" : [ [ "W", 56 ] ]
    } ]
  },
  "DocumentController.get" : {
    "t" : [ {
      "id" : 0,
      "a" : [ [ "R", 27 ] ]
    } ]
  },
  "EmployeeLeaveController.insert" : {
    "t" : [ {
      "id" : 0,
      "a" : [ [ "W", 47 ] ]
    } ]
  },
  "EmployeeApprovalController.update" : {
    "t" : [ {
      "id" : 0,
      "a" : [ [ "R", 33 ], [ "R", 33 ], [ "R", 33 ], [ "W", 33 ] ]
    } ]
  },
  "InterviewController.update" : {
    "t" : [ {
      "id" : 0,
      "a" : [ [ "R", 71 ], [ "R", 71 ], [ "R", 71 ], [ "W", 71 ] ]
    } ]
  },
  "EmployeeTimeSheetController.update" : {
    "t" : [ {
      "id" : 0,
      "a" : [ [ "R", 55 ], [ "R", 55 ], [ "R", 55 ], [ "W", 55 ] ]
    } ]
  },
  "DataImportFileController.delete" : {
    "t" : [ {
      "id" : 0,
      "a" : [ [ "R", 24 ], [ "W", 24 ], [ "W", 24 ] ]
    } ]
  },
  "PayrollEmployeeController.update" : {
    "t" : [ {
      "id" : 0,
      "a" : [ [ "R", 93 ], [ "R", 93 ], [ "R", 93 ], [ "W", 93 ] ]
    } ]
  },
  "LeaveStartingBalanceController.get" : {
    "t" : [ {
      "id" : 0,
      "a" : [ [ "R", 80 ] ]
    } ]
  },
  "CompanyDocumentController.get" : {
    "t" : [ {
      "id" : 0,
      "a" : [ [ "R", 13 ] ]
    } ]
  },
  "LeaveStartingBalanceController.delete" : {
    "t" : [ {
      "id" : 0,
      "a" : [ [ "R", 80 ], [ "W", 80 ], [ "W", 80 ] ]
    } ]
  },
  "PermissionController.delete" : {
    "t" : [ {
      "id" : 0,
      "a" : [ [ "R", 95 ], [ "W", 95 ], [ "W", 95 ] ]
    } ]
  },
  "DataImportController.get" : {
    "t" : [ {
      "id" : 0,
      "a" : [ [ "R", 23 ] ]
    } ]
  },
  "FormController.insert" : {
    "t" : [ {
      "id" : 0,
      "a" : [ [ "W", 66 ] ]
    } ]
  },
  "EmployeeDependentController.update" : {
    "t" : [ {
      "id" : 0,
      "a" : [ [ "R", 38 ], [ "R", 38 ], [ "R", 38 ], [ "W", 38 ] ]
    } ]
  },
  "CompanyStructureController.delete" : {
    "t" : [ {
      "id" : 0,
      "a" : [ [ "R", 15 ], [ "W", 15 ], [ "W", 15 ] ]
    } ]
  },
  "TrainingSessionController.insert" : {
    "t" : [ {
      "id" : 0,
      "a" : [ [ "W", 109 ] ]
    } ]
  },
  "PermissionController.insert" : {
    "t" : [ {
      "id" : 0,
      "a" : [ [ "W", 95 ] ]
    } ]
  },
  "CompanyStructureController.insert" : {
    "t" : [ {
      "id" : 0,
      "a" : [ [ "W", 15 ] ]
    } ]
  },
  "ArchivedEmployeeController.update" : {
    "t" : [ {
      "id" : 0,
      "a" : [ [ "R", 4 ], [ "R", 4 ], [ "R", 4 ], [ "W", 4 ] ]
    } ]
  },
  "DataImportController.getAll" : {
    "t" : [ {
      "id" : 0,
      "a" : [ [ "R", 23 ] ]
    } ]
  },
  "EmployeeImmigrationStatusController.delete" : {
    "t" : [ {
      "id" : 0,
      "a" : [ [ "R", 45 ], [ "W", 45 ], [ "W", 45 ] ]
    } ]
  },
  "CourseController.get" : {
    "t" : [ {
      "id" : 0,
      "a" : [ [ "R", 17 ] ]
    } ]
  },
  "LeavePeriodController.insert" : {
    "t" : [ {
      "id" : 0,
      "a" : [ [ "W", 78 ] ]
    } ]
  },
  "DataImportFileController.insert" : {
    "t" : [ {
      "id" : 0,
      "a" : [ [ "W", 24 ] ]
    } ]
  },
  "ApplicationController.update" : {
    "t" : [ {
      "id" : 0,
      "a" : [ [ "R", 3 ], [ "R", 3 ], [ "R", 3 ], [ "W", 3 ] ]
    } ]
  },
  "ReportFileController.getAll" : {
    "t" : [ {
      "id" : 0,
      "a" : [ [ "R", 99 ] ]
    } ]
  },
  "NotificationController.insert" : {
    "t" : [ {
      "id" : 0,
      "a" : [ [ "W", 85 ] ]
    } ]
  },
  "CandidateController.getAll" : {
    "t" : [ {
      "id" : 0,
      "a" : [ [ "R", 10 ] ]
    } ]
  },
  "DeductionController.getAll" : {
    "t" : [ {
      "id" : 0,
      "a" : [ [ "R", 25 ] ]
    } ]
  },
  "EmployeeOvertimeController.getAll" : {
    "t" : [ {
      "id" : 0,
      "a" : [ [ "R", 50 ] ]
    } ]
  },
  "UserController.get" : {
    "t" : [ {
      "id" : 0,
      "a" : [ [ "R", 110 ] ]
    } ]
  },
  "CronController.getAll" : {
    "t" : [ {
      "id" : 0,
      "a" : [ [ "R", 18 ] ]
    } ]
  },
  "EmployeeDependentController.get" : {
    "t" : [ {
      "id" : 0,
      "a" : [ [ "R", 38 ] ]
    } ]
  },
  "ReportFileController.get" : {
    "t" : [ {
      "id" : 0,
      "a" : [ [ "R", 99 ] ]
    } ]
  },
  "ReportController.update" : {
    "t" : [ {
      "id" : 0,
      "a" : [ [ "R", 98 ], [ "R", 98 ], [ "R", 98 ], [ "W", 98 ] ]
    } ]
  },
  "ImmigrationDocumentController.update" : {
    "t" : [ {
      "id" : 0,
      "a" : [ [ "R", 68 ], [ "R", 68 ], [ "R", 68 ], [ "W", 68 ] ]
    } ]
  },
  "EmployeeController.delete" : {
    "t" : [ {
      "id" : 0,
      "a" : [ [ "R", 32 ], [ "W", 32 ], [ "W", 32 ] ]
    } ]
  },
  "EmployeeEducationController.Delete" : {
    "t" : [ {
      "id" : 0,
      "a" : [ [ "R", 40 ], [ "W", 40 ], [ "W", 40 ] ]
    } ]
  },
  "EmployeeTimeEntryController.getAll" : {
    "t" : [ {
      "id" : 0,
      "a" : [ [ "R", 54 ] ]
    } ]
  },
  "EmployeeEthnicityController.insert" : {
    "t" : [ {
      "id" : 0,
      "a" : [ [ "W", 41 ] ]
    } ]
  },
  "CustomFieldValueController.update" : {
    "t" : [ {
      "id" : 0,
      "a" : [ [ "R", 21 ], [ "R", 21 ], [ "R", 21 ], [ "W", 21 ] ]
    } ]
  },
  "EmployeeDocumentController.getAll" : {
    "t" : [ {
      "id" : 0,
      "a" : [ [ "R", 39 ] ]
    } ]
  },
  "EmployeeController.insert" : {
    "t" : [ {
      "id" : 0,
      "a" : [ [ "W", 32 ] ]
    } ]
  },
  "EmployeeEthnicityController.get" : {
    "t" : [ {
      "id" : 0,
      "a" : [ [ "R", 41 ] ]
    } ]
  },
  "LeavePeriodController.delete" : {
    "t" : [ {
      "id" : 0,
      "a" : [ [ "R", 78 ], [ "W", 78 ], [ "W", 78 ] ]
    } ]
  },
  "TrainingSessionController.delete" : {
    "t" : [ {
      "id" : 0,
      "a" : [ [ "R", 109 ], [ "W", 109 ], [ "W", 109 ] ]
    } ]
  },
  "EmployeeImmigrationController.update" : {
    "t" : [ {
      "id" : 0,
      "a" : [ [ "R", 44 ], [ "R", 44 ], [ "R", 44 ], [ "W", 44 ] ]
    } ]
  },
  "EmailController.update" : {
    "t" : [ {
      "id" : 0,
      "a" : [ [ "R", 30 ], [ "R", 30 ], [ "R", 30 ], [ "W", 30 ] ]
    } ]
  },
  "EmployeeLanguageController.delete" : {
    "t" : [ {
      "id" : 0,
      "a" : [ [ "R", 46 ], [ "W", 46 ], [ "W", 46 ] ]
    } ]
  },
  "EmployeeProjectController.update" : {
    "t" : [ {
      "id" : 0,
      "a" : [ [ "R", 51 ], [ "R", 51 ], [ "R", 51 ], [ "W", 51 ] ]
    } ]
  },
  "FormController.delete" : {
    "t" : [ {
      "id" : 0,
      "a" : [ [ "R", 66 ], [ "W", 66 ], [ "W", 66 ] ]
    } ]
  },
  "PayrollEmployeeController.get" : {
    "t" : [ {
      "id" : 0,
      "a" : [ [ "R", 93 ] ]
    } ]
  },
  "FileController.getAll" : {
    "t" : [ {
      "id" : 0,
      "a" : [ [ "R", 65 ] ]
    } ]
  },
  "DeductionGroupController.delete" : {
    "t" : [ {
      "id" : 0,
      "a" : [ [ "R", 26 ], [ "W", 26 ], [ "W", 26 ] ]
    } ]
  },
  "UserReportController.update" : {
    "t" : [ {
      "id" : 0,
      "a" : [ [ "R", 111 ], [ "R", 111 ], [ "R", 111 ], [ "W", 111 ] ]
    } ]
  },
  "InterviewController.get" : {
    "t" : [ {
      "id" : 0,
      "a" : [ [ "R", 71 ] ]
    } ]
  },
  "EmployeeTimeEntryController.insert" : {
    "t" : [ {
      "id" : 0,
      "a" : [ [ "W", 54 ] ]
    } ]
  },
  "DeductionController.insert" : {
    "t" : [ {
      "id" : 0,
      "a" : [ [ "W", 25 ] ]
    } ]
  },
  "ArchivedEmployeeController.get" : {
    "t" : [ {
      "id" : 0,
      "a" : [ [ "R", 4 ] ]
    } ]
  },
  "EmployeeEthnicityController.getAll" : {
    "t" : [ {
      "id" : 0,
      "a" : [ [ "R", 41 ] ]
    } ]
  },
  "EmployeeExpenseController.update" : {
    "t" : [ {
      "id" : 0,
      "a" : [ [ "R", 42 ], [ "R", 42 ], [ "R", 42 ], [ "W", 42 ] ]
    } ]
  },
  "EmployeeTravelRecordController.getAll" : {
    "t" : [ {
      "id" : 0,
      "a" : [ [ "R", 57 ] ]
    } ]
  },
  "EmployeeLeaveController.delete" : {
    "t" : [ {
      "id" : 0,
      "a" : [ [ "R", 47 ], [ "W", 47 ], [ "W", 47 ] ]
    } ]
  },
  "EmployeeTimeEntryController.delete" : {
    "t" : [ {
      "id" : 0,
      "a" : [ [ "R", 54 ], [ "W", 54 ], [ "W", 54 ] ]
    } ]
  },
  "ClientController.update" : {
    "t" : [ {
      "id" : 0,
      "a" : [ [ "R", 12 ], [ "R", 12 ], [ "R", 12 ], [ "W", 12 ] ]
    } ]
  },
  "EmployeeEthnicityController.delete" : {
    "t" : [ {
      "id" : 0,
      "a" : [ [ "R", 41 ], [ "W", 41 ], [ "W", 41 ] ]
    } ]
  },
  "EmployeeLeaveDayController.update" : {
    "t" : [ {
      "id" : 0,
      "a" : [ [ "R", 48 ], [ "R", 48 ], [ "R", 48 ], [ "W", 48 ] ]
    } ]
  },
  "EmployeeLanguageController.insert" : {
    "t" : [ {
      "id" : 0,
      "a" : [ [ "W", 46 ] ]
    } ]
  },
  "EmployeeSkillController.update" : {
    "t" : [ {
      "id" : 0,
      "a" : [ [ "R", 53 ], [ "R", 53 ], [ "R", 53 ], [ "W", 53 ] ]
    } ]
  },
  "EmployeeController.get" : {
    "t" : [ {
      "id" : 0,
      "a" : [ [ "R", 32 ] ]
    } ]
  },
  "LeavePeriodController.getAll" : {
    "t" : [ {
      "id" : 0,
      "a" : [ [ "R", 78 ] ]
    } ]
  },
  "DeductionGroupController.insert" : {
    "t" : [ {
      "id" : 0,
      "a" : [ [ "W", 26 ] ]
    } ]
  },
  "DataImportFileController.getAll" : {
    "t" : [ {
      "id" : 0,
      "a" : [ [ "R", 24 ] ]
    } ]
  },
  "TrainingSessionController.getAll" : {
    "t" : [ {
      "id" : 0,
      "a" : [ [ "R", 109 ] ]
    } ]
  },
  "ModuleController.get" : {
    "t" : [ {
      "id" : 0,
      "a" : [ [ "R", 83 ] ]
    } ]
  },
  "EmployeeTravelRecordController.update" : {
    "t" : [ {
      "id" : 0,
      "a" : [ [ "R", 57 ], [ "R", 57 ], [ "R", 57 ], [ "W", 57 ] ]
    } ]
  },
  "FileController.delete" : {
    "t" : [ {
      "id" : 0,
      "a" : [ [ "R", 65 ], [ "W", 65 ], [ "W", 65 ] ]
    } ]
  },
  "EmployeeDataHistoryController.getAll" : {
    "t" : [ {
      "id" : 0,
      "a" : [ [ "R", 37 ] ]
    } ]
  },
  "PermissionController.getAll" : {
    "t" : [ {
      "id" : 0,
      "a" : [ [ "R", 95 ] ]
    } ]
  },
  "DeductionGroupController.getAll" : {
    "t" : [ {
      "id" : 0,
      "a" : [ [ "R", 26 ] ]
    } ]
  },
  "EmployeeCompanyLoanController.insert" : {
    "t" : [ {
      "id" : 0,
      "a" : [ [ "W", 36 ] ]
    } ]
  },
  "EmploymentStatusController.update" : {
    "t" : [ {
      "id" : 0,
      "a" : [ [ "R", 59 ], [ "R", 59 ], [ "R", 59 ], [ "W", 59 ] ]
    } ]
  },
  "FileController.insert" : {
    "t" : [ {
      "id" : 0,
      "a" : [ [ "W", 65 ] ]
    } ]
  },
  "ReportFileController.insert" : {
    "t" : [ {
      "id" : 0,
      "a" : [ [ "W", 99 ] ]
    } ]
  },
  "TrainingSessionController.get" : {
    "t" : [ {
      "id" : 0,
      "a" : [ [ "R", 109 ] ]
    } ]
  },
  "InterviewController.delete" : {
    "t" : [ {
      "id" : 0,
      "a" : [ [ "R", 71 ], [ "W", 71 ], [ "W", 71 ] ]
    } ]
  },
  "EmployeeTimeEntryController.get" : {
    "t" : [ {
      "id" : 0,
      "a" : [ [ "R", 54 ] ]
    } ]
  },
  "DeductionGroupController.get" : {
    "t" : [ {
      "id" : 0,
      "a" : [ [ "R", 26 ] ]
    } ]
  },
  "EmployeeTrainingSessionController.update" : {
    "t" : [ {
      "id" : 0,
      "a" : [ [ "R", 56 ], [ "R", 56 ], [ "R", 56 ], [ "W", 56 ] ]
    } ]
  },
  "EmployeeExpenseController.delete" : {
    "t" : [ {
      "id" : 0,
      "a" : [ [ "R", 42 ], [ "W", 42 ], [ "W", 42 ] ]
    } ]
  },
  "EmployeeImmigrationStatusController.getAll" : {
    "t" : [ {
      "id" : 0,
      "a" : [ [ "R", 45 ] ]
    } ]
  },
  "UserController.update" : {
    "t" : [ {
      "id" : 0,
      "a" : [ [ "R", 110 ], [ "R", 110 ], [ "R", 110 ], [ "W", 110 ] ]
    } ]
  },
  "ApplicationController.get" : {
    "t" : [ {
      "id" : 0,
      "a" : [ [ "R", 3 ] ]
    } ]
  },
  "ClientController.insert" : {
    "t" : [ {
      "id" : 0,
      "a" : [ [ "W", 12 ] ]
    } ]
  },
  "DataImportController.insert" : {
    "t" : [ {
      "id" : 0,
      "a" : [ [ "W", 23 ] ]
    } ]
  },
  "CompanyStructureController.getAll" : {
    "t" : [ {
      "id" : 0,
      "a" : [ [ "R", 15 ] ]
    } ]
  },
  "DataImportFileController.update" : {
    "t" : [ {
      "id" : 0,
      "a" : [ [ "R", 24 ], [ "R", 24 ], [ "R", 24 ], [ "W", 24 ] ]
    } ]
  },
  "PayrollEmployeeController.delete" : {
    "t" : [ {
      "id" : 0,
      "a" : [ [ "R", 93 ], [ "W", 93 ], [ "W", 93 ] ]
    } ]
  },
  "EmergencyContactController.update" : {
    "t" : [ {
      "id" : 0,
      "a" : [ [ "R", 31 ], [ "R", 31 ], [ "R", 31 ], [ "W", 31 ] ]
    } ]
  },
  "EmployeeTimeSheetController.get" : {
    "t" : [ {
      "id" : 0,
      "a" : [ [ "R", 55 ] ]
    } ]
  },
  "EmploymentStatusController.getAll" : {
    "t" : [ {
      "id" : 0,
      "a" : [ [ "R", 59 ] ]
    } ]
  },
  "CandidateController.Update" : {
    "t" : [ {
      "id" : 0,
      "a" : [ [ "R", 10 ], [ "R", 10 ], [ "R", 10 ], [ "W", 10 ] ]
    } ]
  },
  "DeductionGroupController.update" : {
    "t" : [ {
      "id" : 0,
      "a" : [ [ "R", 26 ], [ "R", 26 ], [ "R", 26 ], [ "W", 26 ] ]
    } ]
  },
  "EmployeeSkillController.get" : {
    "t" : [ {
      "id" : 0,
      "a" : [ [ "R", 53 ] ]
    } ]
  },
  "EmployeeOvertimeController.get" : {
    "t" : [ {
      "id" : 0,
      "a" : [ [ "R", 50 ] ]
    } ]
  },
  "CustomFieldController.insert" : {
    "t" : [ {
      "id" : 0,
      "a" : [ [ "W", 20 ] ]
    } ]
  },
  "ReportFileController.delete" : {
    "t" : [ {
      "id" : 0,
      "a" : [ [ "R", 99 ], [ "W", 99 ], [ "W", 99 ] ]
    } ]
  },
  "CourseController.insert" : {
    "t" : [ {
      "id" : 0,
      "a" : [ [ "W", 17 ] ]
    } ]
  },
  "EmployeeLeaveLogController.getAll" : {
    "t" : [ {
      "id" : 0,
      "a" : [ [ "R", 49 ] ]
    } ]
  },
  "EmployeeCertificationController.update" : {
    "t" : [ {
      "id" : 0,
      "a" : [ [ "R", 35 ], [ "R", 35 ], [ "R", 35 ], [ "W", 35 ] ]
    } ]
  },
  "EmployeeAttendanceSheetController.update" : {
    "t" : [ {
      "id" : 0,
      "a" : [ [ "R", 34 ], [ "R", 34 ], [ "R", 34 ], [ "W", 34 ] ]
    } ]
  },
  "EmployeeTrainingSessionController.getAll" : {
    "t" : [ {
      "id" : 0,
      "a" : [ [ "R", 56 ] ]
    } ]
  },
  "CompanyDocumentController.getAll" : {
    "t" : [ {
      "id" : 0,
      "a" : [ [ "R", 13 ] ]
    } ]
  },
  "CustomFieldController.delete" : {
    "t" : [ {
      "id" : 0,
      "a" : [ [ "R", 20 ], [ "W", 20 ], [ "W", 20 ] ]
    } ]
  },
  "EmployeeDataHistoryController.update" : {
    "t" : [ {
      "id" : 0,
      "a" : [ [ "R", 37 ], [ "R", 37 ], [ "R", 37 ], [ "W", 37 ] ]
    } ]
  },
  "CourseController.delete" : {
    "t" : [ {
      "id" : 0,
      "a" : [ [ "R", 17 ], [ "W", 17 ], [ "W", 17 ] ]
    } ]
  },
  "CompanyStructureController.get" : {
    "t" : [ {
      "id" : 0,
      "a" : [ [ "R", 15 ] ]
    } ]
  },
  "CronController.delete" : {
    "t" : [ {
      "id" : 0,
      "a" : [ [ "R", 18 ], [ "W", 18 ], [ "W", 18 ] ]
    } ]
  },
  "TrainingSessionController.update" : {
    "t" : [ {
      "id" : 0,
      "a" : [ [ "R", 109 ], [ "R", 109 ], [ "R", 109 ], [ "W", 109 ] ]
    } ]
  },
  "ModuleController.update" : {
    "t" : [ {
      "id" : 0,
      "a" : [ [ "R", 83 ], [ "R", 83 ], [ "R", 83 ], [ "W", 83 ] ]
    } ]
  },
  "StatusChangeLogController.update" : {
    "t" : [ {
      "id" : 0,
      "a" : [ [ "R", 105 ], [ "R", 105 ], [ "R", 105 ], [ "W", 105 ] ]
    } ]
  },
  "EmployeeController.getAll" : {
    "t" : [ {
      "id" : 0,
      "a" : [ [ "R", 32 ] ]
    } ]
  },
  "CronController.insert" : {
    "t" : [ {
      "id" : 0,
      "a" : [ [ "W", 18 ] ]
    } ]
  },
  "DocumentController.insert" : {
    "t" : [ {
      "id" : 0,
      "a" : [ [ "W", 27 ] ]
    } ]
  },
  "DataImportController.delete" : {
    "t" : [ {
      "id" : 0,
      "a" : [ [ "R", 23 ], [ "W", 23 ], [ "W", 23 ] ]
    } ]
  },
  "CronController.get" : {
    "t" : [ {
      "id" : 0,
      "a" : [ [ "R", 18 ] ]
    } ]
  },
  "EmployeeDocumentController.delete" : {
    "t" : [ {
      "id" : 0,
      "a" : [ [ "R", 39 ], [ "W", 39 ], [ "W", 39 ] ]
    } ]
  },
  "InterviewController.insert" : {
    "t" : [ {
      "id" : 0,
      "a" : [ [ "W", 71 ] ]
    } ]
  },
  "EmployeeSkillController.Delete" : {
    "t" : [ {
      "id" : 0,
      "a" : [ [ "R", 53 ], [ "W", 53 ], [ "W", 53 ] ]
    } ]
  },
  "EmployeeSalaryController.insert" : {
    "t" : [ {
      "id" : 0,
      "a" : [ [ "W", 52 ] ]
    } ]
  },
  "DocumentController.delete" : {
    "t" : [ {
      "id" : 0,
      "a" : [ [ "R", 27 ], [ "W", 27 ], [ "W", 27 ] ]
    } ]
  },
  "IndustryController.update" : {
    "t" : [ {
      "id" : 0,
      "a" : [ [ "R", 70 ], [ "R", 70 ], [ "R", 70 ], [ "W", 70 ] ]
    } ]
  },
  "ClientController.delete" : {
    "t" : [ {
      "id" : 0,
      "a" : [ [ "R", 12 ], [ "W", 12 ], [ "W", 12 ] ]
    } ]
  },
  "EmployeeCompanyLoanController.delete" : {
    "t" : [ {
      "id" : 0,
      "a" : [ [ "R", 36 ], [ "W", 36 ], [ "W", 36 ] ]
    } ]
  },
  "UserReportController.getAll" : {
    "t" : [ {
      "id" : 0,
      "a" : [ [ "R", 111 ] ]
    } ]
  },
  "CallController.insert" : {
    "t" : [ {
      "id" : 0,
      "a" : [ [ "W", 9 ] ]
    } ]
  },
  "AttendanceController.get" : {
    "t" : [ {
      "id" : 0,
      "a" : [ [ "R", 5 ] ]
    } ]
  },
  "EmployeeCertificationController.getAll" : {
    "t" : [ {
      "id" : 0,
      "a" : [ [ "R", 35 ] ]
    } ]
  },
  "EmployeeDocumentController.insert" : {
    "t" : [ {
      "id" : 0,
      "a" : [ [ "W", 39 ] ]
    } ]
  },
  "FieldNameMappingController.update" : {
    "t" : [ {
      "id" : 0,
      "a" : [ [ "R", 64 ], [ "R", 64 ], [ "R", 64 ], [ "W", 64 ] ]
    } ]
  },
  "ImmigrationDocumentController.insert" : {
    "t" : [ {
      "id" : 0,
      "a" : [ [ "W", 68 ] ]
    } ]
  },
  "AttendanceController.update" : {
    "t" : [ {
      "id" : 0,
      "a" : [ [ "R", 5 ], [ "R", 5 ], [ "R", 5 ], [ "W", 5 ] ]
    } ]
  },
  "FieldNameMappingController.getAll" : {
    "t" : [ {
      "id" : 0,
      "a" : [ [ "R", 64 ] ]
    } ]
  },
  "EmployeeSalaryController.update" : {
    "t" : [ {
      "id" : 0,
      "a" : [ [ "R", 52 ], [ "R", 52 ], [ "R", 52 ], [ "W", 52 ] ]
    } ]
  },
  "ModuleController.getAll" : {
    "t" : [ {
      "id" : 0,
      "a" : [ [ "R", 83 ] ]
    } ]
  },
  "CallController.getAll" : {
    "t" : [ {
      "id" : 0,
      "a" : [ [ "R", 9 ] ]
    } ]
  },
  "NotificationController.get" : {
    "t" : [ {
      "id" : 0,
      "a" : [ [ "R", 85 ] ]
    } ]
  },
  "StatusChangeLogController.get" : {
    "t" : [ {
      "id" : 0,
      "a" : [ [ "R", 105 ] ]
    } ]
  },
  "EmployeeImmigrationStatusController.insert" : {
    "t" : [ {
      "id" : 0,
      "a" : [ [ "W", 45 ] ]
    } ]
  },
  "CandidateController.delete" : {
    "t" : [ {
      "id" : 0,
      "a" : [ [ "R", 10 ], [ "W", 10 ], [ "W", 10 ] ]
    } ]
  },
  "EmployeeSalaryController.delete" : {
    "t" : [ {
      "id" : 0,
      "a" : [ [ "R", 52 ], [ "W", 52 ], [ "W", 52 ] ]
    } ]
  },
  "JobController.get" : {
    "t" : [ {
      "id" : 0,
      "a" : [ [ "R", 72 ] ]
    } ]
  },
  "CandidateController.insert" : {
    "t" : [ {
      "id" : 0,
      "a" : [ [ "W", 10 ] ]
    } ]
  },
  "InterviewController.getAll" : {
    "t" : [ {
      "id" : 0,
      "a" : [ [ "R", 71 ] ]
    } ]
  },
  "PermissionController.update" : {
    "t" : [ {
      "id" : 0,
      "a" : [ [ "R", 95 ], [ "R", 95 ], [ "R", 95 ], [ "W", 95 ] ]
    } ]
  },
  "EmployeeExpenseController.insert" : {
    "t" : [ {
      "id" : 0,
      "a" : [ [ "W", 42 ] ]
    } ]
  },
  "PayrollEmployeeController.insert" : {
    "t" : [ {
      "id" : 0,
      "a" : [ [ "W", 93 ] ]
    } ]
  },
  "FileController.get" : {
    "t" : [ {
      "id" : 0,
      "a" : [ [ "R", 65 ] ]
    } ]
  },
  "EmergencyContactController.getAll" : {
    "t" : [ {
      "id" : 0,
      "a" : [ [ "R", 31 ] ]
    } ]
  },
  "EmailController.get" : {
    "t" : [ {
      "id" : 0,
      "a" : [ [ "R", 30 ] ]
    } ]
  },
  "DataImportController.update" : {
    "t" : [ {
      "id" : 0,
      "a" : [ [ "R", 23 ], [ "R", 23 ], [ "R", 23 ], [ "W", 23 ] ]
    } ]
  },
  "DeductionController.get" : {
    "t" : [ {
      "id" : 0,
      "a" : [ [ "R", 25 ] ]
    } ]
  },
  "EmployeeController.update" : {
    "t" : [ {
      "id" : 0,
      "a" : [ [ "R", 32 ], [ "R", 32 ], [ "R", 32 ], [ "W", 32 ] ]
    } ]
  },
  "UserController.getAll" : {
    "t" : [ {
      "id" : 0,
      "a" : [ [ "R", 110 ] ]
    } ]
  },
  "EmployeeSalaryController.getAll" : {
    "t" : [ {
      "id" : 0,
      "a" : [ [ "R", 52 ] ]
    } ]
  },
  "CompanyDocumentController.update" : {
    "t" : [ {
      "id" : 0,
      "a" : [ [ "R", 13 ], [ "R", 13 ], [ "R", 13 ], [ "W", 13 ] ]
    } ]
  },
  "LeavePeriodController.get" : {
    "t" : [ {
      "id" : 0,
      "a" : [ [ "R", 78 ] ]
    } ]
  },
  "CallController.delete" : {
    "t" : [ {
      "id" : 0,
      "a" : [ [ "R", 9 ], [ "W", 9 ], [ "W", 9 ] ]
    } ]
  },
  "EmployeeLeaveLogController.update" : {
    "t" : [ {
      "id" : 0,
      "a" : [ [ "R", 49 ], [ "R", 49 ], [ "R", 49 ], [ "W", 49 ] ]
    } ]
  },
  "AttendanceController.getAll" : {
    "t" : [ {
      "id" : 0,
      "a" : [ [ "R", 5 ] ]
    } ]
  },
  "SalaryComponentController.delete" : {
    "t" : [ {
      "id" : 0,
      "a" : [ [ "R", 101 ], [ "W", 101 ], [ "W", 101 ] ]
    } ]
  },
  "EmploymentStatusController.insert" : {
    "t" : [ {
      "id" : 0,
      "a" : [ [ "W", 59 ] ]
    } ]
  },
  "FileController.update" : {
    "t" : [ {
      "id" : 0,
      "a" : [ [ "R", 65 ], [ "R", 65 ], [ "R", 65 ], [ "W", 65 ] ]
    } ]
  },
  "EmployeeOvertimeController.update" : {
    "t" : [ {
      "id" : 0,
      "a" : [ [ "R", 50 ], [ "R", 50 ], [ "R", 50 ], [ "W", 50 ] ]
    } ]
  },
  "CourseController.getAll" : {
    "t" : [ {
      "id" : 0,
      "a" : [ [ "R", 17 ] ]
    } ]
  },
  "CustomFieldController.getAll" : {
    "t" : [ {
      "id" : 0,
      "a" : [ [ "R", 20 ] ]
    } ]
  },
  "ReportFileController.update" : {
    "t" : [ {
      "id" : 0,
      "a" : [ [ "R", 99 ], [ "R", 99 ], [ "R", 99 ], [ "W", 99 ] ]
    } ]
  },
  "EmployeeProjectController.getAll" : {
    "t" : [ {
      "id" : 0,
      "a" : [ [ "R", 51 ] ]
    } ]
  },
  "SalaryComponentController.insert" : {
    "t" : [ {
      "id" : 0,
      "a" : [ [ "W", 101 ] ]
    } ]
  },
  "EmailController.getAll" : {
    "t" : [ {
      "id" : 0,
      "a" : [ [ "R", 30 ] ]
    } ]
  },
  "CallController.get" : {
    "t" : [ {
      "id" : 0,
      "a" : [ [ "R", 9 ] ]
    } ]
  },
  "EmployeeApprovalController.getAll" : {
    "t" : [ {
      "id" : 0,
      "a" : [ [ "R", 33 ] ]
    } ]
  },
  "EmployeeImmigrationController.getAll" : {
    "t" : [ {
      "id" : 0,
      "a" : [ [ "R", 44 ] ]
    } ]
  },
  "LeaveGroupEmployeeController.get" : {
    "t" : [ {
      "id" : 0,
      "a" : [ [ "R", 77 ] ]
    } ]
  },
  "EmergencyContactController.delete" : {
    "t" : [ {
      "id" : 0,
      "a" : [ [ "R", 31 ], [ "W", 31 ], [ "W", 31 ] ]
    } ]
  },
  "DocumentController.getAll" : {
    "t" : [ {
      "id" : 0,
      "a" : [ [ "R", 27 ] ]
    } ]
  },
  "ApplicationController.getAll" : {
    "t" : [ {
      "id" : 0,
      "a" : [ [ "R", 3 ] ]
    } ]
  },
  "SalaryComponentController.get" : {
    "t" : [ {
      "id" : 0,
      "a" : [ [ "R", 101 ] ]
    } ]
  },
  "ClientController.getAll" : {
    "t" : [ {
      "id" : 0,
      "a" : [ [ "R", 12 ] ]
    } ]
  },
  "EmployeeCompanyLoanController.getAll" : {
    "t" : [ {
      "id" : 0,
      "a" : [ [ "R", 36 ] ]
    } ]
  },
  "EmployeeSkillController.insert" : {
    "t" : [ {
      "id" : 0,
      "a" : [ [ "W", 53 ] ]
    } ]
  },
  "UserController.delete" : {
    "t" : [ {
      "id" : 0,
      "a" : [ [ "R", 110 ], [ "W", 110 ], [ "W", 110 ] ]
    } ]
  },
  "EmployeeDependentController.getAll" : {
    "t" : [ {
      "id" : 0,
      "a" : [ [ "R", 38 ] ]
    } ]
  },
  "EmployeeDataHistoryController.delete" : {
    "t" : [ {
      "id" : 0,
      "a" : [ [ "R", 37 ], [ "W", 37 ], [ "W", 37 ] ]
    } ]
  },
  "CourseController.update" : {
    "t" : [ {
      "id" : 0,
      "a" : [ [ "R", 17 ], [ "R", 17 ], [ "R", 17 ], [ "W", 17 ] ]
    } ]
  },
  "UserReportController.delete" : {
    "t" : [ {
      "id" : 0,
      "a" : [ [ "R", 111 ], [ "W", 111 ], [ "W", 111 ] ]
    } ]
  },
  "EmployeeAttendanceSheetController.insert" : {
    "t" : [ {
      "id" : 0,
      "a" : [ [ "W", 34 ] ]
    } ]
  },
  "EmployeeDataHistoryController.insert" : {
    "t" : [ {
      "id" : 0,
      "a" : [ [ "W", 37 ] ]
    } ]
  },
  "LeaveRuleController.getAll" : {
    "t" : [ {
      "id" : 0,
      "a" : [ [ "R", 79 ] ]
    } ]
  },
  "EmployeeTimeEntryController.update" : {
    "t" : [ {
      "id" : 0,
      "a" : [ [ "R", 54 ], [ "R", 54 ], [ "R", 54 ], [ "W", 54 ] ]
    } ]
  },
  "EmployeeTimeSheetController.getAll" : {
    "t" : [ {
      "id" : 0,
      "a" : [ [ "R", 55 ] ]
    } ]
  },
  "EmployeeLeaveDayController.getAll" : {
    "t" : [ {
      "id" : 0,
      "a" : [ [ "R", 48 ] ]
    } ]
  },
  "StatusChangeLogController.insert" : {
    "t" : [ {
      "id" : 0,
      "a" : [ [ "W", 105 ] ]
    } ]
  },
  "EmployeeExpenseController.get" : {
    "t" : [ {
      "id" : 0,
      "a" : [ [ "R", 42 ] ]
    } ]
  },
  "EmployeeExpenseController.getAll" : {
    "t" : [ {
      "id" : 0,
      "a" : [ [ "R", 42 ] ]
    } ]
  },
  "EmployeeEthnicityController.update" : {
    "t" : [ {
      "id" : 0,
      "a" : [ [ "R", 41 ], [ "R", 41 ], [ "R", 41 ], [ "W", 41 ] ]
    } ]
  },
  "UserController.insert" : {
    "t" : [ {
      "id" : 0,
      "a" : [ [ "W", 110 ] ]
    } ]
  },
  "FieldNameMappingController.delete" : {
    "t" : [ {
      "id" : 0,
      "a" : [ [ "R", 64 ], [ "W", 64 ], [ "W", 64 ] ]
    } ]
  },
  "PayrollEmployeeController.getAll" : {
    "t" : [ {
      "id" : 0,
      "a" : [ [ "R", 93 ] ]
    } ]
  },
  "EmploymentStatusController.get" : {
    "t" : [ {
      "id" : 0,
      "a" : [ [ "R", 59 ] ]
    } ]
  },
  "EmergencyContactController.insert" : {
    "t" : [ {
      "id" : 0,
      "a" : [ [ "W", 31 ] ]
    } ]
  },
  "ImmigrationDocumentController.delete" : {
    "t" : [ {
      "id" : 0,
      "a" : [ [ "R", 68 ], [ "W", 68 ], [ "W", 68 ] ]
    } ]
  },
  "PermissionController.get" : {
    "t" : [ {
      "id" : 0,
      "a" : [ [ "R", 95 ] ]
    } ]
  },
  "CustomFieldValueController.getAll" : {
    "t" : [ {
      "id" : 0,
      "a" : [ [ "R", 21 ] ]
    } ]
  },
  "CompanyDocumentController.delete" : {
    "t" : [ {
      "id" : 0,
      "a" : [ [ "R", 13 ], [ "W", 13 ], [ "W", 13 ] ]
    } ]
  },
  "RestAccessTokenController.update" : {
    "t" : [ {
      "id" : 0,
      "a" : [ [ "R", 100 ], [ "R", 100 ], [ "R", 100 ], [ "W", 100 ] ]
    } ]
  },
  "CallController.update" : {
    "t" : [ {
      "id" : 0,
      "a" : [ [ "R", 9 ], [ "R", 9 ], [ "R", 9 ], [ "W", 9 ] ]
    } ]
  },
  "EmployeeLeaveLogController.delete" : {
    "t" : [ {
      "id" : 0,
      "a" : [ [ "R", 49 ], [ "W", 49 ], [ "W", 49 ] ]
    } ]
  },
  "LeaveRuleController.delete" : {
    "t" : [ {
      "id" : 0,
      "a" : [ [ "R", 79 ], [ "W", 79 ], [ "W", 79 ] ]
    } ]
  },
  "EmployeeAttendanceSheetController.getAll" : {
    "t" : [ {
      "id" : 0,
      "a" : [ [ "R", 34 ] ]
    } ]
  },
  "CandidateController.get" : {
    "t" : [ {
      "id" : 0,
      "a" : [ [ "R", 10 ] ]
    } ]
  },
  "EmployeeImmigrationStatusController.get" : {
    "t" : [ {
      "id" : 0,
      "a" : [ [ "R", 45 ] ]
    } ]
  },
  "JobController.insert" : {
    "t" : [ {
      "id" : 0,
      "a" : [ [ "W", 72 ] ]
    } ]
  },
  "StatusChangeLogController.getAll" : {
    "t" : [ {
      "id" : 0,
      "a" : [ [ "R", 105 ] ]
    } ]
  },
  "EmployeeDocumentController.update" : {
    "t" : [ {
      "id" : 0,
      "a" : [ [ "R", 39 ], [ "R", 39 ], [ "R", 39 ], [ "W", 39 ] ]
    } ]
  },
  "FieldNameMappingController.insert" : {
    "t" : [ {
      "id" : 0,
      "a" : [ [ "W", 64 ] ]
    } ]
  },
  "LeaveRuleController.insert" : {
    "t" : [ {
      "id" : 0,
      "a" : [ [ "W", 79 ] ]
    } ]
  },
  "LeaveGroupController.get" : {
    "t" : [ {
      "id" : 0,
      "a" : [ [ "R", 76 ] ]
    } ]
  },
  "CronController.update" : {
    "t" : [ {
      "id" : 0,
      "a" : [ [ "R", 18 ], [ "R", 18 ], [ "R", 18 ], [ "W", 18 ] ]
    } ]
  },
  "EmployeeImmigrationController.get" : {
    "t" : [ {
      "id" : 0,
      "a" : [ [ "R", 44 ] ]
    } ]
  },
  "IndustryController.getAll" : {
    "t" : [ {
      "id" : 0,
      "a" : [ [ "R", 70 ] ]
    } ]
  },
  "LeavePeriodController.update" : {
    "t" : [ {
      "id" : 0,
      "a" : [ [ "R", 78 ], [ "R", 78 ], [ "R", 78 ], [ "W", 78 ] ]
    } ]
  },
  "LeaveRuleController.get" : {
    "t" : [ {
      "id" : 0,
      "a" : [ [ "R", 79 ] ]
    } ]
  },
  "ApplicationController.insert" : {
    "t" : [ {
      "id" : 0,
      "a" : [ [ "W", 3 ] ]
    } ]
  },
  "IndustryController.insert" : {
    "t" : [ {
      "id" : 0,
      "a" : [ [ "W", 70 ] ]
    } ]
  },
  "ImmigrationDocumentController.getAll" : {
    "t" : [ {
      "id" : 0,
      "a" : [ [ "R", 68 ] ]
    } ]
  },
  "CompanyDocumentController.insert" : {
    "t" : [ {
      "id" : 0,
      "a" : [ [ "W", 13 ] ]
    } ]
  },
  "EmployeeDependentController.insert" : {
    "t" : [ {
      "id" : 0,
      "a" : [ [ "W", 38 ] ]
    } ]
  },
  "EmployeeLeaveLogController.insert" : {
    "t" : [ {
      "id" : 0,
      "a" : [ [ "W", 49 ] ]
    } ]
  },
  "LeaveGroupController.insert" : {
    "t" : [ {
      "id" : 0,
      "a" : [ [ "W", 76 ] ]
    } ]
  },
  "StatusChangeLogController.delete" : {
    "t" : [ {
      "id" : 0,
      "a" : [ [ "R", 105 ], [ "W", 105 ], [ "W", 105 ] ]
    } ]
  },
  "EmployeeAttendanceSheetController.delete" : {
    "t" : [ {
      "id" : 0,
      "a" : [ [ "R", 34 ], [ "W", 34 ], [ "W", 34 ] ]
    } ]
  },
  "SalaryComponentController.getAll" : {
    "t" : [ {
      "id" : 0,
      "a" : [ [ "R", 101 ] ]
    } ]
  },
  "LeaveStartingBalanceController.update" : {
    "t" : [ {
      "id" : 0,
      "a" : [ [ "R", 80 ], [ "R", 80 ], [ "R", 80 ], [ "W", 80 ] ]
    } ]
  },
  "CompanyStructureController.update" : {
    "t" : [ {
      "id" : 0,
      "a" : [ [ "R", 15 ], [ "R", 15 ], [ "R", 15 ], [ "W", 15 ] ]
    } ]
  },
  "EmployeeEducationController.get" : {
    "t" : [ {
      "id" : 0,
      "a" : [ [ "R", 40 ] ]
    } ]
  },
  "RestAccessTokenController.get" : {
    "t" : [ {
      "id" : 0,
      "a" : [ [ "R", 100 ] ]
    } ]
  },
  "ApplicationController.delete" : {
    "t" : [ {
      "id" : 0,
      "a" : [ [ "R", 3 ], [ "W", 3 ], [ "W", 3 ] ]
    } ]
  },
  "IndustryController.delete" : {
    "t" : [ {
      "id" : 0,
      "a" : [ [ "R", 70 ], [ "W", 70 ], [ "W", 70 ] ]
    } ]
  },
  "CustomFieldValueController.get" : {
    "t" : [ {
      "id" : 0,
      "a" : [ [ "R", 21 ] ]
    } ]
  },
  "EmployeeProjectController.get" : {
    "t" : [ {
      "id" : 0,
      "a" : [ [ "R", 51 ] ]
    } ]
  },
  "ClientController.get" : {
    "t" : [ {
      "id" : 0,
      "a" : [ [ "R", 12 ] ]
    } ]
  },
  "EmployeeImmigrationStatusController.update" : {
    "t" : [ {
      "id" : 0,
      "a" : [ [ "R", 45 ], [ "R", 45 ], [ "R", 45 ], [ "W", 45 ] ]
    } ]
  },
  "FieldNameMappingController.get" : {
    "t" : [ {
      "id" : 0,
      "a" : [ [ "R", 64 ] ]
    } ]
  },
  "EmployeeDependentController.delete" : {
    "t" : [ {
      "id" : 0,
      "a" : [ [ "R", 38 ], [ "W", 38 ], [ "W", 38 ] ]
    } ]
  },
  "EmploymentStatusController.delete" : {
    "t" : [ {
      "id" : 0,
      "a" : [ [ "R", 59 ], [ "W", 59 ], [ "W", 59 ] ]
    } ]
  },
  "FormController.get" : {
    "t" : [ {
      "id" : 0,
      "a" : [ [ "R", 66 ] ]
    } ]
  },
  "JobController.delete" : {
    "t" : [ {
      "id" : 0,
      "a" : [ [ "R", 72 ], [ "W", 72 ], [ "W", 72 ] ]
    } ]
  },
  "EmployeeApprovalController.get" : {
    "t" : [ {
      "id" : 0,
      "a" : [ [ "R", 33 ] ]
    } ]
  }
}