{
  "AbstractImmutableEntity" : 1,
  "AbstractMutableEntity" : 2,
  "Application" : 3,
  "ArchivedEmployee" : 4,
  "Attendance" : 5,
  "AuditLog" : 6,
  "BaseEntity" : 7,
  "Benifit" : 8,
  "Call" : 9,
  "Candidate" : 10,
  "Certification" : 11,
  "Client" : 12,
  "CompanyDocument" : 13,
  "CompanyLoan" : 14,
  "CompanyStructure" : 15,
  "Country" : 16,
  "Course" : 17,
  "Cron" : 18,
  "CurrencyType" : 19,
  "CustomField" : 20,
  "CustomFieldValue" : 21,
  "DataEntryBackup" : 22,
  "DataImport" : 23,
  "DataImportFile" : 24,
  "Deduction" : 25,
  "DeductionGroup" : 26,
  "Document" : 27,
  "Education" : 28,
  "EducationLevel" : 29,
  "Email" : 30,
  "EmergencyContact" : 31,
  "Employee" : 32,
  "EmployeeApproval" : 33,
  "EmployeeAttendanceSheet" : 34,
  "EmployeeCertification" : 35,
  "EmployeeCompanyLoan" : 36,
  "EmployeeDataHistory" : 37,
  "EmployeeDependent" : 38,
  "EmployeeDocument" : 39,
  "EmployeeEducation" : 40,
  "EmployeeEthnicity" : 41,
  "EmployeeExpense" : 42,
  "EmployeeForm" : 43,
  "EmployeeImmigration" : 44,
  "EmployeeImmigrationStatus" : 45,
  "EmployeeLanguage" : 46,
  "EmployeeLeave" : 47,
  "EmployeeLeaveDay" : 48,
  "EmployeeLeaveLog" : 49,
  "EmployeeOvertime" : 50,
  "EmployeeProject" : 51,
  "EmployeeSalary" : 52,
  "EmployeeSkill" : 53,
  "EmployeeTimeEntry" : 54,
  "EmployeeTimeSheet" : 55,
  "EmployeeTrainingSession" : 56,
  "EmployeeTravelRecord" : 57,
  "EmployementType" : 58,
  "EmploymentStatus" : 59,
  "Ethnicity" : 60,
  "ExpensesCategory" : 61,
  "ExpensesPaymentMethod" : 62,
  "ExperienceLevel" : 63,
  "FieldNameMapping" : 64,
  "File" : 65,
  "Form" : 66,
  "HoliDay" : 67,
  "ImmigrationDocument" : 68,
  "ImmigrationStatus" : 69,
  "Industry" : 70,
  "Interview" : 71,
  "Job" : 72,
  "JobFunction" : 73,
  "JobTitle" : 74,
  "Language" : 75,
  "LeaveGroup" : 76,
  "LeaveGroupEmployee" : 77,
  "LeavePeriod" : 78,
  "LeaveRule" : 79,
  "LeaveStartingBalance" : 80,
  "LeaveType" : 81,
  "Migration" : 82,
  "Module" : 83,
  "Nationality" : 84,
  "Notification" : 85,
  "OverTimeCategory" : 86,
  "PayFrequency" : 87,
  "PayGrade" : 88,
  "Payroll" : 89,
  "PayrollColumn" : 90,
  "PayrollColumnTemplate" : 91,
  "PayrollData" : 92,
  "PayrollEmployee" : 93,
  "PayslipTemplate" : 94,
  "Permission" : 95,
  "Project" : 96,
  "Province" : 97,
  "Report" : 98,
  "ReportFile" : 99,
  "RestAccessToken" : 100,
  "SalaryComponent" : 101,
  "SalaryComponentType" : 102,
  "Setting" : 103,
  "Skill" : 104,
  "StatusChangeLog" : 105,
  "SupportedLanguage" : 106,
  "Tag" : 107,
  "Timezone" : 108,
  "TrainingSession" : 109,
  "User" : 110,
  "UserReport" : 111,
  "UserRole" : 112,
  "WorkDay" : 113
}