{
  "1" : "AbstractImmutableEntity",
  "2" : "AbstractMutableEntity",
  "3" : "Application",
  "4" : "ArchivedEmployee",
  "5" : "Attendance",
  "6" : "AuditLog",
  "7" : "BaseEntity",
  "8" : "Benifit",
  "9" : "Call",
  "10" : "Candidate",
  "11" : "Certification",
  "12" : "Client",
  "13" : "CompanyDocument",
  "14" : "CompanyLoan",
  "15" : "CompanyStructure",
  "16" : "Country",
  "17" : "Course",
  "18" : "Cron",
  "19" : "CurrencyType",
  "20" : "CustomField",
  "21" : "CustomFieldValue",
  "22" : "DataEntryBackup",
  "23" : "DataImport",
  "24" : "DataImportFile",
  "25" : "Deduction",
  "26" : "DeductionGroup",
  "27" : "Document",
  "28" : "Education",
  "29" : "EducationLevel",
  "30" : "Email",
  "31" : "EmergencyContact",
  "32" : "Employee",
  "33" : "EmployeeApproval",
  "34" : "EmployeeAttendanceSheet",
  "35" : "EmployeeCertification",
  "36" : "EmployeeCompanyLoan",
  "37" : "EmployeeDataHistory",
  "38" : "EmployeeDependent",
  "39" : "EmployeeDocument",
  "40" : "EmployeeEducation",
  "41" : "EmployeeEthnicity",
  "42" : "EmployeeExpense",
  "43" : "EmployeeForm",
  "44" : "EmployeeImmigration",
  "45" : "EmployeeImmigrationStatus",
  "46" : "EmployeeLanguage",
  "47" : "EmployeeLeave",
  "48" : "EmployeeLeaveDay",
  "49" : "EmployeeLeaveLog",
  "50" : "EmployeeOvertime",
  "51" : "EmployeeProject",
  "52" : "EmployeeSalary",
  "53" : "EmployeeSkill",
  "54" : "EmployeeTimeEntry",
  "55" : "EmployeeTimeSheet",
  "56" : "EmployeeTrainingSession",
  "57" : "EmployeeTravelRecord",
  "58" : "EmployementType",
  "59" : "EmploymentStatus",
  "60" : "Ethnicity",
  "61" : "ExpensesCategory",
  "62" : "ExpensesPaymentMethod",
  "63" : "ExperienceLevel",
  "64" : "FieldNameMapping",
  "65" : "File",
  "66" : "Form",
  "67" : "HoliDay",
  "68" : "ImmigrationDocument",
  "69" : "ImmigrationStatus",
  "70" : "Industry",
  "71" : "Interview",
  "72" : "Job",
  "73" : "JobFunction",
  "74" : "JobTitle",
  "75" : "Language",
  "76" : "LeaveGroup",
  "77" : "LeaveGroupEmployee",
  "78" : "LeavePeriod",
  "79" : "LeaveRule",
  "80" : "LeaveStartingBalance",
  "81" : "LeaveType",
  "82" : "Migration",
  "83" : "Module",
  "84" : "Nationality",
  "85" : "Notification",
  "86" : "OverTimeCategory",
  "87" : "PayFrequency",
  "88" : "PayGrade",
  "89" : "Payroll",
  "90" : "PayrollColumn",
  "91" : "PayrollColumnTemplate",
  "92" : "PayrollData",
  "93" : "PayrollEmployee",
  "94" : "PayslipTemplate",
  "95" : "Permission",
  "96" : "Project",
  "97" : "Province",
  "98" : "Report",
  "99" : "ReportFile",
  "100" : "RestAccessToken",
  "101" : "SalaryComponent",
  "102" : "SalaryComponentType",
  "103" : "Setting",
  "104" : "Skill",
  "105" : "StatusChangeLog",
  "106" : "SupportedLanguage",
  "107" : "Tag",
  "108" : "Timezone",
  "109" : "TrainingSession",
  "110" : "User",
  "111" : "UserReport",
  "112" : "UserRole",
  "113" : "WorkDay"
}