{
  "AuditEntity" : 1,
  "IdEntity" : 2,
  "KnAffairsPerson" : 3,
  "KnApplicationInfo" : 4,
  "KnApplicationSetupInfo" : 5,
  "KnApply" : 6,
  "KnApproval" : 7,
  "KnApprovalFile" : 8,
  "KnApprovalProcess" : 9,
  "KnApprovalVariables" : 10,
  "KnArticle" : 11,
  "KnArticleCategory" : 12,
  "KnArticleComment" : 13,
  "KnAuto" : 14,
  "KnAutoBorrow" : 15,
  "KnAutoDriver" : 16,
  "KnAutoMessage" : 17,
  "KnCertificateInfo" : 18,
  "KnClassification" : 19,
  "KnClient" : 20,
  "KnCurrentApprove" : 21,
  "KnCustomServiceInfo" : 22,
  "KnDepartment" : 23,
  "KnDeviceInfo" : 24,
  "KnDownloadVersionInfo" : 25,
  "KnEcmHealth" : 26,
  "KnEcmHealthIcon" : 27,
  "KnEcmHealthNumber" : 28,
  "KnEcmHealthSet" : 29,
  "KnEcmHealthVacation" : 30,
  "KnEka" : 31,
  "KnEkaBus" : 32,
  "KnEkaCategories" : 33,
  "KnEkaCommentLog" : 34,
  "KnEkaSmallClass" : 35,
  "KnEmployee" : 36,
  "KnEmployeeOrganization" : 37,
  "KnEmployeePosition" : 38,
  "KnFeedProblem" : 39,
  "KnFlow" : 40,
  "KnFlowForm" : 41,
  "KnFlowFormVariables" : 42,
  "KnFlowNode" : 43,
  "KnFunctionAppInfo" : 44,
  "KnFunctionVersionInfo" : 45,
  "KnHistoryApprove" : 46,
  "KnIdeaFeedback" : 47,
  "KnLibraryBook" : 48,
  "KnLibraryBookUnit" : 49,
  "KnLibraryBorrow" : 50,
  "KnLibraryRule" : 51,
  "KnMeeting" : 52,
  "KnMeetingAttendee" : 53,
  "KnMeetingBlacklist" : 54,
  "KnMeetingEquipment" : 55,
  "KnMeetingFile" : 56,
  "KnMeetingInfo" : 57,
  "KnMeetingRegisterInfo" : 58,
  "KnMeetingRoom" : 59,
  "KnMeetingRule" : 60,
  "KnMeetingSignIn" : 61,
  "KnMeetingSummary" : 62,
  "KnNode" : 63,
  "KnNotice" : 64,
  "KnNoticeReceipt" : 65,
  "KnOrganization" : 66,
  "KnPluginConfig" : 67,
  "KnPosition" : 68,
  "KnPositionBranchedPassage" : 69,
  "KnPsUserContactInfo" : 70,
  "KnPushMessageInfo" : 71,
  "KnRegisterInfo" : 72,
  "KnRegulationFile" : 73,
  "KnReponsibilityThird" : 74,
  "KnResource" : 75,
  "KnRole" : 76,
  "KnRoleApplicationInfo" : 77,
  "KnRoleModuleFunctionInfo" : 78,
  "KnScoreInfo" : 79,
  "KnSetting" : 80,
  "KnSocialBlog" : 81,
  "KnSocialBlogAt" : 82,
  "KnSocialBlogAttention" : 83,
  "KnSocialBlogCollect" : 84,
  "KnSocialBlogComment" : 85,
  "KnSocialBlogFile" : 86,
  "KnSocialBlogSettings" : 87,
  "KnSysItem" : 88,
  "KnSystemPropertieInfo" : 89,
  "KnTeam" : 90,
  "KnTemplate" : 91,
  "KnTrafficAccident" : 92,
  "KnUser" : 93,
  "KnUserReponsibilityThird" : 94,
  "KnUserSetupInfo" : 95,
  "KnUserThirdInfo" : 96,
  "KnVersionImageInfo" : 97,
  "KnVersionInfo" : 98,
  "KnWelfare" : 99,
  "KnWorkflowAttach" : 100,
  "KnWorkflowBase" : 101,
  "UUIDEntity" : 102
}