{
  "1" : "AssetEntity",
  "2" : "AssetGroupEntity",
  "3" : "BloodGroupEntity",
  "4" : "ConfigurationEntity",
  "5" : "DeseaseEntity",
  "6" : "EducationEntity",
  "7" : "FunctionalityEntity",
  "8" : "GenderEntity",
  "9" : "IdentityEntity",
  "10" : "InsuranceEntity",
  "11" : "MedicineEntity",
  "12" : "MedicineUnitConverterEntity",
  "13" : "MenuEntity",
  "14" : "MenuHeaderEntity",
  "15" : "PatientAdministrationEntity",
  "16" : "PatientEntity",
  "17" : "PatientMedicineDetailsEntity",
  "18" : "PatientMedicineEntity",
  "19" : "PatientOperationDetailsEntity",
  "20" : "PatientOperationEntity",
  "21" : "PatientTreatmentEntity",
  "22" : "PayrollEntity",
  "23" : "PositionEntity",
  "24" : "ProductEntity",
  "25" : "RelationshipEntity",
  "26" : "ReligionEntity",
  "27" : "RhesusEntity",
  "28" : "RoomBedEntity",
  "29" : "RoomCategoryEntity",
  "30" : "RoomDetailEntity",
  "31" : "SMFEntity",
  "32" : "StatusEntity",
  "33" : "TitleEntity",
  "34" : "TreatmentBodyEntity",
  "35" : "TreatmentHeaderEntity",
  "36" : "TribeEntity",
  "37" : "UnitEntity",
  "38" : "UserAccessibilityEntity",
  "39" : "UserEntity",
  "40" : "UserGroupEntity",
  "41" : "UserRoleEntity",
  "42" : "UserUserRoleEntity",
  "43" : "WorkEntity"
}