{
  "AssetEntity" : 1,
  "AssetGroupEntity" : 2,
  "BloodGroupEntity" : 3,
  "ConfigurationEntity" : 4,
  "DeseaseEntity" : 5,
  "EducationEntity" : 6,
  "FunctionalityEntity" : 7,
  "GenderEntity" : 8,
  "IdentityEntity" : 9,
  "InsuranceEntity" : 10,
  "MedicineEntity" : 11,
  "MedicineUnitConverterEntity" : 12,
  "MenuEntity" : 13,
  "MenuHeaderEntity" : 14,
  "PatientAdministrationEntity" : 15,
  "PatientEntity" : 16,
  "PatientMedicineDetailsEntity" : 17,
  "PatientMedicineEntity" : 18,
  "PatientOperationDetailsEntity" : 19,
  "PatientOperationEntity" : 20,
  "PatientTreatmentEntity" : 21,
  "PayrollEntity" : 22,
  "PositionEntity" : 23,
  "ProductEntity" : 24,
  "RelationshipEntity" : 25,
  "ReligionEntity" : 26,
  "RhesusEntity" : 27,
  "RoomBedEntity" : 28,
  "RoomCategoryEntity" : 29,
  "RoomDetailEntity" : 30,
  "SMFEntity" : 31,
  "StatusEntity" : 32,
  "TitleEntity" : 33,
  "TreatmentBodyEntity" : 34,
  "TreatmentHeaderEntity" : 35,
  "TribeEntity" : 36,
  "UnitEntity" : 37,
  "UserAccessibilityEntity" : 38,
  "UserEntity" : 39,
  "UserGroupEntity" : 40,
  "UserRoleEntity" : 41,
  "UserUserRoleEntity" : 42,
  "WorkEntity" : 43
}