{
  "ReligionController.getList" : {
    "t" : [ {
      "id" : 0,
      "a" : [ [ "R", 26 ] ]
    } ]
  },
  "RoomDetailController.getList" : {
    "t" : [ {
      "id" : 0,
      "a" : [ [ "R", 30 ] ]
    } ]
  },
  "UserController.save" : {
    "t" : [ {
      "id" : 0,
      "a" : [ [ "W", 39 ], [ "W", 39 ] ]
    } ]
  },
  "FunctionalityController.getListByPosition" : {
    "t" : [ {
      "id" : 0,
      "a" : [ [ "R", 7 ] ]
    } ]
  },
  "MedicineUnitConverterController.getListByMedicineId" : {
    "t" : [ {
      "id" : 0,
      "a" : [ [ "R", 12 ] ]
    } ]
  },
  "PatientAdministrationController.updateById" : {
    "t" : [ {
      "id" : 0,
      "a" : [ [ "R", 15 ], [ "R", 32 ], [ "W", 15 ], [ "W", 32 ], [ "W", 15 ], [ "W", 15 ], [ "W", 15 ] ]
    } ]
  },
  "PatientOperationController.save" : {
    "t" : [ {
      "id" : 0,
      "a" : [ [ "W", 20 ], [ "W", 20 ], [ "W", 19 ], [ "W", 20 ], [ "R", 34 ], [ "W", 19 ], [ "W", 34 ], [ "R", 19 ], [ "R", 20 ], [ "R", 20 ], [ "R", 19 ], [ "R", 34 ], [ "R", 34 ], [ "R", 19 ], [ "R", 19 ], [ "R", 34 ], [ "R", 34 ], [ "R", 35 ], [ "R", 35 ], [ "R", 35 ], [ "W", 19 ], [ "W", 35 ], [ "R", 19 ], [ "R", 34 ], [ "R", 34 ], [ "W", 19 ], [ "R", 19 ], [ "R", 34 ], [ "R", 34 ], [ "W", 19 ], [ "R", 32 ], [ "W", 19 ], [ "W", 32 ], [ "W", 19 ], [ "W", 19 ], [ "W", 19 ], [ "W", 20 ], [ "R", 34 ], [ "W", 19 ], [ "W", 34 ], [ "R", 19 ], [ "R", 20 ], [ "R", 20 ], [ "R", 19 ], [ "R", 34 ], [ "R", 34 ], [ "R", 19 ], [ "R", 19 ], [ "R", 34 ], [ "R", 34 ], [ "R", 35 ], [ "R", 35 ], [ "R", 35 ], [ "W", 19 ], [ "W", 35 ], [ "R", 19 ], [ "R", 34 ], [ "R", 34 ], [ "W", 19 ], [ "R", 19 ], [ "R", 34 ], [ "R", 34 ], [ "W", 19 ], [ "R", 32 ], [ "W", 19 ], [ "W", 32 ], [ "W", 19 ], [ "W", 19 ], [ "W", 19 ], [ "W", 20 ], [ "R", 34 ], [ "W", 19 ], [ "W", 34 ], [ "R", 20 ], [ "R", 7 ], [ "R", 7 ], [ "R", 7 ], [ "W", 19 ], [ "W", 7 ], [ "R", 19 ], [ "R", 20 ], [ "R", 20 ], [ "R", 19 ], [ "R", 34 ], [ "R", 34 ], [ "R", 19 ], [ "R", 19 ], [ "R", 34 ], [ "R", 34 ], [ "R", 35 ], [ "R", 35 ], [ "R", 35 ], [ "W", 19 ], [ "W", 35 ], [ "R", 19 ], [ "R", 34 ], [ "R", 34 ], [ "W", 19 ], [ "R", 19 ], [ "R", 34 ], [ "R", 34 ], [ "W", 19 ], [ "R", 32 ], [ "W", 19 ], [ "W", 32 ], [ "W", 19 ], [ "W", 19 ] ]
    } ]
  },
  "RoomDetailController.save" : {
    "t" : [ {
      "id" : 0,
      "a" : [ [ "R", 30 ], [ "R", 30 ], [ "R", 30 ], [ "W", 30 ], [ "W", 30 ] ]
    } ]
  },
  "PositionController.update" : {
    "t" : [ {
      "id" : 0,
      "a" : [ [ "R", 23 ], [ "R", 23 ], [ "R", 23 ], [ "W", 23 ], [ "R", 23 ], [ "W", 23 ], [ "R", 23 ], [ "W", 23 ], [ "W", 23 ], [ "W", 23 ] ]
    } ]
  },
  "IdentityController.getList" : {
    "t" : [ {
      "id" : 0,
      "a" : [ [ "R", 9 ] ]
    } ]
  },
  "UserController.update" : {
    "t" : [ {
      "id" : 0,
      "a" : [ [ "R", 39 ], [ "R", 39 ], [ "R", 39 ], [ "W", 39 ], [ "R", 39 ], [ "R", 40 ], [ "R", 39 ], [ "R", 40 ], [ "R", 40 ], [ "R", 40 ], [ "W", 39 ], [ "W", 40 ], [ "W", 39 ], [ "W", 39 ] ]
    } ]
  },
  "PositionController.getList" : {
    "t" : [ {
      "id" : 0,
      "a" : [ [ "R", 23 ] ]
    } ]
  },
  "GenderController.save" : {
    "t" : [ {
      "id" : 0,
      "a" : [ [ "R", 8 ], [ "R", 8 ], [ "W", 8 ], [ "W", 8 ] ]
    } ]
  },
  "RoomBedController.getTable" : {
    "t" : [ {
      "id" : 0,
      "a" : [ [ "R", 28 ] ]
    } ]
  },
  "UserAccessibilityController.getTable" : {
    "t" : [ {
      "id" : 0,
      "a" : [ [ "R", 38 ] ]
    } ]
  },
  "RoomCategoryController.getList" : {
    "t" : [ {
      "id" : 0,
      "a" : [ [ "R", 29 ] ]
    } ]
  },
  "RelationshipController.getTable" : {
    "t" : [ {
      "id" : 0,
      "a" : [ [ "R", 25 ] ]
    } ]
  },
  "PatientOperationDetailsController.getListById" : {
    "t" : [ {
      "id" : 0,
      "a" : [ [ "R", 19 ] ]
    } ]
  },
  "SMFController.update" : {
    "t" : [ {
      "id" : 0,
      "a" : [ [ "R", 31 ], [ "R", 31 ], [ "R", 31 ], [ "W", 31 ], [ "R", 31 ], [ "W", 31 ], [ "R", 31 ], [ "W", 31 ], [ "W", 31 ], [ "W", 31 ] ]
    } ]
  },
  "InsuranceController.save" : {
    "t" : [ {
      "id" : 0,
      "a" : [ [ "R", 10 ], [ "R", 10 ], [ "W", 10 ], [ "W", 10 ] ]
    } ]
  },
  "IdentityController.getTable" : {
    "t" : [ {
      "id" : 0,
      "a" : [ [ "R", 9 ] ]
    } ]
  },
  "TreatmentBodyController.getList" : {
    "t" : [ {
      "id" : 0,
      "a" : [ [ "R", 34 ] ]
    } ]
  },
  "RoomBedController.getList" : {
    "t" : [ {
      "id" : 0,
      "a" : [ [ "R", 28 ] ]
    } ]
  },
  "RoomDetailController.getListByCategoryId" : {
    "t" : [ {
      "id" : 0,
      "a" : [ [ "R", 30 ] ]
    } ]
  },
  "EducationController.getList" : {
    "t" : [ {
      "id" : 0,
      "a" : [ [ "R", 6 ] ]
    } ]
  },
  "RelationshipController.save" : {
    "t" : [ {
      "id" : 0,
      "a" : [ [ "R", 25 ], [ "R", 25 ], [ "W", 25 ], [ "W", 25 ] ]
    } ]
  },
  "PayrollController.getList" : {
    "t" : [ {
      "id" : 0,
      "a" : [ [ "R", 22 ] ]
    } ]
  },
  "IdentityController.update" : {
    "t" : [ {
      "id" : 0,
      "a" : [ [ "R", 9 ], [ "R", 9 ], [ "R", 9 ], [ "W", 9 ], [ "W", 9 ], [ "W", 9 ] ]
    } ]
  },
  "RoomCategoryController.getListById" : {
    "t" : [ {
      "id" : 0,
      "a" : [ [ "R", 29 ] ]
    } ]
  },
  "EducationController.save" : {
    "t" : [ {
      "id" : 0,
      "a" : [ [ "R", 6 ], [ "R", 6 ], [ "W", 6 ], [ "W", 6 ] ]
    } ]
  },
  "PatientController.getListById" : {
    "t" : [ {
      "id" : 0,
      "a" : [ [ "R", 16 ] ]
    } ]
  },
  "FunctionalityController.update" : {
    "t" : [ {
      "id" : 0,
      "a" : [ [ "R", 7 ], [ "R", 7 ], [ "R", 7 ], [ "R", 7 ], [ "R", 7 ], [ "R", 23 ], [ "R", 23 ], [ "R", 23 ], [ "W", 7 ], [ "W", 23 ], [ "R", 7 ], [ "R", 31 ], [ "R", 31 ], [ "R", 31 ], [ "W", 7 ], [ "W", 31 ], [ "R", 7 ], [ "W", 7 ], [ "R", 7 ], [ "W", 7 ], [ "R", 7 ], [ "R", 8 ], [ "R", 8 ], [ "R", 8 ], [ "W", 7 ], [ "W", 8 ], [ "R", 7 ], [ "W", 7 ], [ "R", 7 ], [ "W", 7 ], [ "R", 7 ], [ "R", 26 ], [ "R", 7 ], [ "R", 26 ], [ "R", 26 ], [ "R", 26 ], [ "W", 7 ], [ "W", 26 ], [ "R", 7 ], [ "W", 7 ], [ "R", 7 ], [ "W", 7 ], [ "R", 7 ], [ "W", 7 ], [ "R", 7 ], [ "W", 7 ], [ "R", 7 ], [ "W", 7 ], [ "R", 7 ], [ "W", 7 ], [ "R", 7 ], [ "W", 7 ], [ "R", 7 ], [ "W", 7 ], [ "R", 7 ], [ "W", 7 ], [ "W", 7 ], [ "R", 39 ], [ "W", 39 ], [ "R", 39 ], [ "R", 39 ], [ "R", 39 ], [ "W", 39 ], [ "R", 39 ], [ "R", 40 ], [ "R", 39 ], [ "R", 40 ], [ "R", 40 ], [ "R", 40 ], [ "W", 39 ], [ "W", 40 ], [ "W", 39 ], [ "W", 39 ], [ "W", 7 ] ]
    } ]
  },
  "AssetController.getListById" : {
    "t" : [ {
      "id" : 0,
      "a" : [ [ "R", 1 ] ]
    } ]
  },
  "WorkController.getTable" : {
    "t" : [ {
      "id" : 0,
      "a" : [ [ "R", 43 ] ]
    } ]
  },
  "PatientOperationController.getTable" : {
    "t" : [ {
      "id" : 0,
      "a" : [ [ "R", 20 ], [ "R", 20 ] ]
    } ]
  },
  "RoomBedController.getListById" : {
    "t" : [ {
      "id" : 0,
      "a" : [ [ "R", 28 ] ]
    } ]
  },
  "PatientAdministrationController.getTable" : {
    "t" : [ {
      "id" : 0,
      "a" : [ [ "R", 15 ] ]
    } ]
  },
  "PatientOperationDetailsController.update" : {
    "t" : [ {
      "id" : 0,
      "a" : [ [ "R", 19 ], [ "R", 19 ], [ "R", 19 ], [ "R", 34 ], [ "R", 34 ], [ "R", 35 ], [ "R", 35 ], [ "R", 35 ], [ "W", 19 ], [ "W", 35 ], [ "R", 19 ], [ "R", 34 ], [ "R", 34 ], [ "R", 34 ], [ "W", 19 ], [ "W", 34 ], [ "R", 19 ], [ "R", 34 ], [ "R", 34 ], [ "W", 19 ], [ "R", 19 ], [ "W", 19 ], [ "R", 19 ], [ "R", 34 ], [ "R", 34 ], [ "W", 19 ], [ "W", 19 ], [ "W", 19 ] ]
    } ]
  },
  "SMFController.getList" : {
    "t" : [ {
      "id" : 0,
      "a" : [ [ "R", 31 ] ]
    } ]
  },
  "TreatmentBodyController.getListById" : {
    "t" : [ {
      "id" : 0,
      "a" : [ [ "R", 34 ] ]
    } ]
  },
  "RoomCategoryController.save" : {
    "t" : [ {
      "id" : 0,
      "a" : [ [ "R", 29 ], [ "R", 29 ], [ "R", 29 ], [ "W", 29 ], [ "W", 29 ] ]
    } ]
  },
  "PatientTreatmentController.getList" : {
    "t" : [ {
      "id" : 0,
      "a" : [ [ "R", 21 ] ]
    } ]
  },
  "BloodGroupController.getList" : {
    "t" : [ {
      "id" : 0,
      "a" : [ [ "R", 3 ] ]
    } ]
  },
  "TreatmentHeaderController.getTable" : {
    "t" : [ {
      "id" : 0,
      "a" : [ [ "R", 35 ] ]
    } ]
  },
  "RoomBedController.getListByCategoryId" : {
    "t" : [ {
      "id" : 0,
      "a" : [ [ "R", 28 ] ]
    } ]
  },
  "EducationController.getListById" : {
    "t" : [ {
      "id" : 0,
      "a" : [ [ "R", 6 ] ]
    } ]
  },
  "ReligionController.update" : {
    "t" : [ {
      "id" : 0,
      "a" : [ [ "R", 26 ], [ "R", 26 ], [ "R", 26 ], [ "W", 26 ], [ "W", 26 ], [ "W", 26 ] ]
    } ]
  },
  "FunctionalityController.getTable" : {
    "t" : [ {
      "id" : 0,
      "a" : [ [ "R", 7 ] ]
    } ]
  },
  "SMFController.getListById" : {
    "t" : [ {
      "id" : 0,
      "a" : [ [ "R", 31 ] ]
    } ]
  },
  "PayrollController.getListById" : {
    "t" : [ {
      "id" : 0,
      "a" : [ [ "R", 22 ] ]
    } ]
  },
  "RelationshipController.getList" : {
    "t" : [ {
      "id" : 0,
      "a" : [ [ "R", 25 ] ]
    } ]
  },
  "PatientController.update" : {
    "t" : [ {
      "id" : 0,
      "a" : [ [ "R", 16 ], [ "R", 16 ], [ "R", 16 ], [ "R", 33 ], [ "R", 33 ], [ "R", 33 ], [ "W", 16 ], [ "W", 33 ], [ "R", 16 ], [ "W", 16 ], [ "R", 16 ], [ "R", 8 ], [ "R", 8 ], [ "R", 8 ], [ "W", 16 ], [ "W", 8 ], [ "R", 16 ], [ "R", 25 ], [ "R", 16 ], [ "R", 25 ], [ "R", 25 ], [ "R", 25 ], [ "W", 16 ], [ "W", 25 ], [ "R", 16 ], [ "W", 16 ], [ "R", 16 ], [ "W", 16 ], [ "R", 16 ], [ "W", 16 ], [ "R", 16 ], [ "W", 16 ], [ "R", 16 ], [ "R", 6 ], [ "R", 16 ], [ "R", 6 ], [ "R", 6 ], [ "R", 6 ], [ "W", 16 ], [ "W", 6 ], [ "R", 16 ], [ "R", 3 ], [ "R", 16 ], [ "R", 3 ], [ "R", 3 ], [ "R", 3 ], [ "W", 16 ], [ "W", 3 ], [ "R", 16 ], [ "R", 27 ], [ "R", 16 ], [ "R", 27 ], [ "R", 27 ], [ "R", 27 ], [ "W", 16 ], [ "W", 27 ], [ "R", 16 ], [ "W", 16 ], [ "R", 16 ], [ "R", 43 ], [ "R", 16 ], [ "R", 43 ], [ "R", 43 ], [ "R", 43 ], [ "W", 16 ], [ "W", 43 ], [ "R", 16 ], [ "R", 9 ], [ "R", 16 ], [ "R", 9 ], [ "R", 9 ], [ "R", 9 ], [ "W", 16 ], [ "W", 9 ], [ "R", 16 ], [ "W", 16 ], [ "R", 16 ], [ "R", 26 ], [ "R", 16 ], [ "R", 26 ], [ "R", 26 ], [ "R", 26 ], [ "W", 16 ], [ "W", 26 ], [ "R", 16 ], [ "R", 36 ], [ "R", 16 ], [ "R", 36 ], [ "R", 36 ], [ "R", 36 ], [ "W", 16 ], [ "W", 36 ], [ "R", 16 ], [ "W", 16 ], [ "R", 16 ], [ "W", 16 ], [ "R", 16 ], [ "W", 16 ], [ "R", 16 ], [ "W", 16 ], [ "R", 16 ], [ "W", 16 ], [ "R", 16 ], [ "W", 16 ], [ "R", 16 ], [ "W", 16 ], [ "R", 16 ], [ "R", 29 ], [ "R", 16 ], [ "R", 29 ], [ "R", 29 ], [ "R", 29 ], [ "W", 16 ], [ "W", 29 ], [ "R", 16 ], [ "R", 10 ], [ "R", 16 ], [ "R", 10 ], [ "R", 10 ], [ "R", 10 ], [ "W", 16 ], [ "W", 10 ], [ "R", 16 ], [ "W", 16 ], [ "R", 16 ], [ "W", 16 ], [ "R", 16 ], [ "W", 16 ], [ "R", 16 ], [ "W", 16 ], [ "W", 16 ], [ "W", 16 ] ]
    } ]
  },
  "PatientTreatmentController.getTable" : {
    "t" : [ {
      "id" : 0,
      "a" : [ [ "R", 21 ], [ "R", 21 ] ]
    } ]
  },
  "PatientController.save" : {
    "t" : [ {
      "id" : 0,
      "a" : [ [ "R", 16 ], [ "R", 16 ], [ "R", 16 ], [ "W", 16 ], [ "W", 16 ], [ "W", 16 ] ]
    } ]
  },
  "PatientMedicineDetailsController.save" : {
    "t" : [ {
      "id" : 0,
      "a" : [ [ "R", 17 ], [ "R", 12 ], [ "R", 12 ], [ "W", 17 ], [ "R", 17 ], [ "R", 18 ], [ "R", 18 ], [ "R", 17 ], [ "R", 17 ], [ "R", 18 ], [ "R", 18 ], [ "W", 18 ], [ "W", 18 ], [ "W", 17 ], [ "W", 17 ] ]
    } ]
  },
  "RoomDetailController.update" : {
    "t" : [ {
      "id" : 0,
      "a" : [ [ "R", 30 ], [ "R", 30 ], [ "R", 30 ], [ "W", 30 ], [ "R", 30 ], [ "W", 30 ], [ "R", 30 ], [ "W", 30 ], [ "R", 30 ], [ "W", 30 ], [ "R", 30 ], [ "R", 29 ], [ "R", 29 ], [ "R", 29 ], [ "W", 30 ], [ "W", 29 ], [ "W", 30 ], [ "W", 30 ] ]
    } ]
  },
  "MedicineController.getList" : {
    "t" : [ {
      "id" : 0,
      "a" : [ [ "R", 11 ] ]
    } ]
  },
  "InsuranceController.update" : {
    "t" : [ {
      "id" : 0,
      "a" : [ [ "R", 10 ], [ "R", 10 ], [ "R", 10 ], [ "W", 10 ], [ "R", 10 ], [ "W", 10 ], [ "W", 10 ], [ "W", 10 ] ]
    } ]
  },
  "RoomCategoryController.getTable" : {
    "t" : [ {
      "id" : 0,
      "a" : [ [ "R", 29 ] ]
    } ]
  },
  "UnitController.update" : {
    "t" : [ {
      "id" : 0,
      "a" : [ [ "R", 37 ], [ "R", 37 ], [ "R", 37 ], [ "W", 37 ], [ "R", 37 ], [ "W", 37 ], [ "W", 37 ], [ "W", 37 ] ]
    } ]
  },
  "RelationshipController.getListById" : {
    "t" : [ {
      "id" : 0,
      "a" : [ [ "R", 25 ] ]
    } ]
  },
  "PatientMedicineCrontroller.getList" : {
    "t" : [ {
      "id" : 0,
      "a" : [ [ "R", 18 ] ]
    } ]
  },
  "TitleController.getList" : {
    "t" : [ {
      "id" : 0,
      "a" : [ [ "R", 33 ] ]
    } ]
  },
  "SMFController.getTable" : {
    "t" : [ {
      "id" : 0,
      "a" : [ [ "R", 31 ] ]
    } ]
  },
  "PatientOperationDetailsController.getTable" : {
    "t" : [ {
      "id" : 0,
      "a" : [ [ "R", 19 ] ]
    } ]
  },
  "PatientMedicineDetailsController.getTable" : {
    "t" : [ {
      "id" : 0,
      "a" : [ [ "R", 17 ] ]
    } ]
  },
  "PatientOperationDetailsController.save" : {
    "t" : [ {
      "id" : 0,
      "a" : [ [ "R", 19 ], [ "R", 20 ], [ "R", 20 ], [ "R", 19 ], [ "R", 34 ], [ "R", 34 ], [ "R", 19 ], [ "R", 19 ], [ "R", 34 ], [ "R", 34 ], [ "R", 35 ], [ "R", 35 ], [ "R", 35 ], [ "W", 19 ], [ "W", 35 ], [ "R", 19 ], [ "R", 34 ], [ "R", 34 ], [ "W", 19 ], [ "R", 19 ], [ "R", 34 ], [ "R", 34 ], [ "W", 19 ], [ "R", 32 ], [ "W", 19 ], [ "W", 32 ], [ "W", 19 ], [ "W", 19 ] ]
    } ]
  },
  "PatientOperationDetailsController.getList" : {
    "t" : [ {
      "id" : 0,
      "a" : [ [ "R", 19 ] ]
    } ]
  },
  "PayrollController.save" : {
    "t" : [ {
      "id" : 0,
      "a" : [ [ "W", 22 ], [ "W", 22 ] ]
    } ]
  },
  "UnitController.save" : {
    "t" : [ {
      "id" : 0,
      "a" : [ [ "R", 37 ], [ "R", 37 ], [ "W", 37 ], [ "W", 37 ] ]
    } ]
  },
  "TitleController.update" : {
    "t" : [ {
      "id" : 0,
      "a" : [ [ "R", 33 ], [ "R", 33 ], [ "R", 33 ], [ "W", 33 ], [ "R", 33 ], [ "W", 33 ], [ "W", 33 ], [ "W", 33 ] ]
    } ]
  },
  "UserController.getListById" : {
    "t" : [ {
      "id" : 0,
      "a" : [ [ "R", 39 ] ]
    } ]
  },
  "PatientTreatmentController.getTableByDokterId" : {
    "t" : [ {
      "id" : 0,
      "a" : [ [ "R", 21 ] ]
    } ]
  },
  "FunctionalityController.getListByCd" : {
    "t" : [ {
      "id" : 0,
      "a" : [ [ "R", 7 ] ]
    } ]
  },
  "PatientOperationDetailsController.getTableByDokterId" : {
    "t" : [ {
      "id" : 0,
      "a" : [ [ "R", 19 ] ]
    } ]
  },
  "FunctionalityController.save" : {
    "t" : [ {
      "id" : 0,
      "a" : [ [ "R", 7 ], [ "R", 7 ], [ "R", 7 ], [ "W", 7 ], [ "W", 39 ], [ "R", 7 ], [ "W", 39 ], [ "W", 39 ], [ "W", 39 ], [ "W", 7 ] ]
    } ]
  },
  "TitleController.getListById" : {
    "t" : [ {
      "id" : 0,
      "a" : [ [ "R", 33 ] ]
    } ]
  },
  "RhesusController.getTable" : {
    "t" : [ {
      "id" : 0,
      "a" : [ [ "R", 27 ] ]
    } ]
  },
  "ProductController.getList" : {
    "t" : [ {
      "id" : 0,
      "a" : [ [ "R", 24 ] ]
    } ]
  },
  "TribeController.getList" : {
    "t" : [ {
      "id" : 0,
      "a" : [ [ "R", 36 ] ]
    } ]
  },
  "TreatmentBodyController.getListForNurseMedicine" : {
    "t" : [ {
      "id" : 0,
      "a" : [ [ "R", 34 ] ]
    } ]
  },
  "TitleController.save" : {
    "t" : [ {
      "id" : 0,
      "a" : [ [ "R", 33 ], [ "R", 33 ], [ "W", 33 ], [ "W", 33 ] ]
    } ]
  },
  "TreatmentBodyController.update" : {
    "t" : [ {
      "id" : 0,
      "a" : [ [ "R", 34 ], [ "R", 34 ], [ "R", 34 ], [ "W", 34 ], [ "R", 34 ], [ "W", 34 ], [ "R", 34 ], [ "W", 34 ], [ "R", 34 ], [ "W", 34 ], [ "R", 34 ], [ "W", 34 ], [ "R", 34 ], [ "R", 35 ], [ "R", 35 ], [ "R", 35 ], [ "W", 34 ], [ "W", 35 ], [ "R", 34 ], [ "R", 24 ], [ "R", 24 ], [ "R", 24 ], [ "W", 34 ], [ "W", 24 ], [ "W", 34 ], [ "W", 34 ] ]
    } ]
  },
  "ReligionController.getListById" : {
    "t" : [ {
      "id" : 0,
      "a" : [ [ "R", 26 ] ]
    } ]
  },
  "PatientAdministrationController.getTableByDokterId" : {
    "t" : [ {
      "id" : 0,
      "a" : [ [ "R", 15 ] ]
    } ]
  },
  "TribeController.getTable" : {
    "t" : [ {
      "id" : 0,
      "a" : [ [ "R", 36 ] ]
    } ]
  },
  "TreatmentBodyController.getTable" : {
    "t" : [ {
      "id" : 0,
      "a" : [ [ "R", 34 ] ]
    } ]
  },
  "DeseaseController.save" : {
    "t" : [ {
      "id" : 0,
      "a" : [ [ "R", 5 ], [ "R", 5 ], [ "R", 5 ], [ "W", 5 ], [ "W", 5 ] ]
    } ]
  },
  "RoomBedController.update" : {
    "t" : [ {
      "id" : 0,
      "a" : [ [ "R", 28 ], [ "R", 28 ], [ "R", 28 ], [ "W", 28 ], [ "R", 28 ], [ "W", 28 ], [ "R", 28 ], [ "R", 30 ], [ "R", 30 ], [ "R", 30 ], [ "W", 28 ], [ "W", 30 ], [ "W", 28 ], [ "W", 28 ] ]
    } ]
  },
  "PatientMedicineDetailsController.update" : {
    "t" : [ {
      "id" : 0,
      "a" : [ [ "R", 17 ], [ "R", 17 ], [ "R", 17 ], [ "R", 18 ], [ "R", 18 ], [ "R", 17 ], [ "R", 17 ], [ "R", 17 ], [ "R", 17 ], [ "R", 18 ], [ "R", 18 ], [ "W", 18 ], [ "W", 18 ], [ "R", 17 ], [ "R", 11 ], [ "R", 11 ], [ "R", 11 ], [ "W", 17 ], [ "W", 11 ], [ "R", 17 ], [ "R", 12 ], [ "R", 12 ], [ "R", 12 ], [ "W", 17 ], [ "W", 12 ], [ "R", 17 ], [ "R", 12 ], [ "R", 12 ], [ "W", 17 ], [ "R", 17 ], [ "W", 17 ], [ "W", 17 ], [ "W", 17 ] ]
    } ]
  },
  "DeseaseController.getList" : {
    "t" : [ {
      "id" : 0,
      "a" : [ [ "R", 5 ] ]
    } ]
  },
  "AssetController.getList" : {
    "t" : [ {
      "id" : 0,
      "a" : [ [ "R", 1 ] ]
    } ]
  },
  "RhesusController.getList" : {
    "t" : [ {
      "id" : 0,
      "a" : [ [ "R", 27 ] ]
    } ]
  },
  "UserGroupController.getListById" : {
    "t" : [ {
      "id" : 0,
      "a" : [ [ "R", 40 ] ]
    } ]
  },
  "PatientController.getTable" : {
    "t" : [ {
      "id" : 0,
      "a" : [ [ "R", 16 ] ]
    } ]
  },
  "MedicineController.update" : {
    "t" : [ {
      "id" : 0,
      "a" : [ [ "R", 11 ], [ "R", 11 ], [ "R", 11 ], [ "W", 11 ], [ "R", 11 ], [ "W", 11 ], [ "R", 11 ], [ "W", 11 ], [ "R", 11 ], [ "R", 37 ], [ "R", 37 ], [ "R", 37 ], [ "W", 11 ], [ "W", 37 ], [ "W", 11 ], [ "W", 11 ] ]
    } ]
  },
  "PatientOperationController.getList" : {
    "t" : [ {
      "id" : 0,
      "a" : [ [ "R", 20 ] ]
    } ]
  },
  "GenderController.getListById" : {
    "t" : [ {
      "id" : 0,
      "a" : [ [ "R", 8 ] ]
    } ]
  },
  "BloodGroupController.getTable" : {
    "t" : [ {
      "id" : 0,
      "a" : [ [ "R", 3 ] ]
    } ]
  },
  "UnitController.getTable" : {
    "t" : [ {
      "id" : 0,
      "a" : [ [ "R", 37 ] ]
    } ]
  },
  "TreatmentHeaderController.getListById" : {
    "t" : [ {
      "id" : 0,
      "a" : [ [ "R", 35 ] ]
    } ]
  },
  "AssetGroupController.update" : {
    "t" : [ {
      "id" : 0,
      "a" : [ [ "R", 2 ], [ "R", 2 ], [ "R", 2 ], [ "W", 2 ], [ "R", 2 ], [ "W", 2 ], [ "R", 2 ], [ "W", 2 ], [ "W", 2 ], [ "W", 2 ] ]
    } ]
  },
  "WorkController.getListById" : {
    "t" : [ {
      "id" : 0,
      "a" : [ [ "R", 43 ] ]
    } ]
  },
  "EducationController.update" : {
    "t" : [ {
      "id" : 0,
      "a" : [ [ "R", 6 ], [ "R", 6 ], [ "R", 6 ], [ "W", 6 ], [ "W", 6 ], [ "W", 6 ] ]
    } ]
  },
  "TreatmentHeaderController.update" : {
    "t" : [ {
      "id" : 0,
      "a" : [ [ "R", 35 ], [ "R", 35 ], [ "R", 35 ], [ "W", 35 ], [ "R", 35 ], [ "W", 35 ], [ "R", 35 ], [ "W", 35 ], [ "R", 35 ], [ "W", 35 ], [ "W", 35 ], [ "W", 35 ] ]
    } ]
  },
  "TribeController.getListById" : {
    "t" : [ {
      "id" : 0,
      "a" : [ [ "R", 36 ] ]
    } ]
  },
  "BloodGroupController.update" : {
    "t" : [ {
      "id" : 0,
      "a" : [ [ "R", 3 ], [ "R", 3 ], [ "R", 3 ], [ "W", 3 ], [ "W", 3 ], [ "W", 3 ] ]
    } ]
  },
  "ConfigurationController.getTable" : {
    "t" : [ {
      "id" : 0,
      "a" : [ [ "R", 4 ] ]
    } ]
  },
  "TitleController.getTable" : {
    "t" : [ {
      "id" : 0,
      "a" : [ [ "R", 33 ] ]
    } ]
  },
  "RhesusController.getListById" : {
    "t" : [ {
      "id" : 0,
      "a" : [ [ "R", 27 ] ]
    } ]
  },
  "SMFController.save" : {
    "t" : [ {
      "id" : 0,
      "a" : [ [ "R", 31 ], [ "R", 31 ], [ "R", 31 ], [ "W", 31 ], [ "W", 31 ] ]
    } ]
  },
  "InsuranceController.getList" : {
    "t" : [ {
      "id" : 0,
      "a" : [ [ "R", 10 ] ]
    } ]
  },
  "DeseaseController.getTable" : {
    "t" : [ {
      "id" : 0,
      "a" : [ [ "R", 5 ] ]
    } ]
  },
  "DeseaseController.update" : {
    "t" : [ {
      "id" : 0,
      "a" : [ [ "R", 5 ], [ "R", 5 ], [ "R", 5 ], [ "W", 5 ], [ "R", 5 ], [ "W", 5 ], [ "R", 5 ], [ "W", 5 ], [ "W", 5 ], [ "W", 5 ] ]
    } ]
  },
  "IdentityController.save" : {
    "t" : [ {
      "id" : 0,
      "a" : [ [ "R", 9 ], [ "R", 9 ], [ "W", 9 ], [ "W", 9 ] ]
    } ]
  },
  "UnitController.getList" : {
    "t" : [ {
      "id" : 0,
      "a" : [ [ "R", 37 ] ]
    } ]
  },
  "InsuranceController.getTable" : {
    "t" : [ {
      "id" : 0,
      "a" : [ [ "R", 10 ] ]
    } ]
  },
  "TreatmentHeaderController.save" : {
    "t" : [ {
      "id" : 0,
      "a" : [ [ "R", 35 ], [ "R", 35 ], [ "R", 35 ], [ "W", 35 ], [ "W", 35 ], [ "W", 35 ] ]
    } ]
  },
  "RoomCategoryController.update" : {
    "t" : [ {
      "id" : 0,
      "a" : [ [ "R", 29 ], [ "R", 29 ], [ "R", 29 ], [ "W", 29 ], [ "R", 29 ], [ "W", 29 ], [ "R", 29 ], [ "W", 29 ], [ "W", 29 ], [ "W", 29 ] ]
    } ]
  },
  "PositionController.getTable" : {
    "t" : [ {
      "id" : 0,
      "a" : [ [ "R", 23 ] ]
    } ]
  },
  "MedicineController.getListById" : {
    "t" : [ {
      "id" : 0,
      "a" : [ [ "R", 11 ] ]
    } ]
  },
  "PayrollController.getTable" : {
    "t" : [ {
      "id" : 0,
      "a" : [ [ "R", 22 ] ]
    } ]
  },
  "PatientAdministrationController.save" : {
    "t" : [ {
      "id" : 0,
      "a" : [ [ "R", 15 ], [ "R", 16 ], [ "R", 16 ], [ "R", 16 ], [ "R", 16 ], [ "R", 15 ], [ "W", 15 ], [ "W", 15 ], [ "W", 15 ], [ "R", 15 ], [ "R", 28 ], [ "R", 15 ], [ "R", 28 ], [ "R", 28 ], [ "R", 30 ], [ "R", 30 ], [ "R", 30 ], [ "W", 15 ], [ "W", 30 ], [ "R", 15 ], [ "R", 15 ], [ "R", 28 ], [ "R", 15 ], [ "R", 28 ], [ "R", 28 ], [ "R", 28 ], [ "W", 28 ], [ "W", 28 ], [ "R", 34 ], [ "R", 34 ], [ "W", 15 ], [ "R", 32 ], [ "W", 15 ], [ "W", 32 ], [ "W", 15 ] ]
    } ]
  },
  "ReligionController.save" : {
    "t" : [ {
      "id" : 0,
      "a" : [ [ "R", 26 ], [ "R", 26 ], [ "W", 26 ], [ "W", 26 ] ]
    } ]
  },
  "FunctionalityController.getList" : {
    "t" : [ {
      "id" : 0,
      "a" : [ [ "R", 7 ] ]
    } ]
  },
  "TreatmentBodyController.getListForNurseTreatment" : {
    "t" : [ {
      "id" : 0,
      "a" : [ [ "R", 34 ] ]
    } ]
  },
  "PatientTreatmentController.update" : {
    "t" : [ {
      "id" : 0,
      "a" : [ [ "R", 21 ], [ "R", 21 ], [ "R", 21 ], [ "R", 34 ], [ "R", 34 ], [ "R", 35 ], [ "R", 35 ], [ "R", 35 ], [ "W", 21 ], [ "W", 35 ], [ "R", 21 ], [ "R", 34 ], [ "R", 34 ], [ "R", 34 ], [ "W", 21 ], [ "W", 34 ], [ "R", 21 ], [ "R", 7 ], [ "R", 21 ], [ "R", 7 ], [ "R", 7 ], [ "R", 7 ], [ "W", 21 ], [ "W", 7 ], [ "R", 21 ], [ "R", 34 ], [ "R", 34 ], [ "W", 21 ], [ "R", 21 ], [ "R", 34 ], [ "R", 34 ], [ "W", 21 ], [ "W", 21 ], [ "W", 21 ] ]
    } ]
  },
  "MedicineUnitConverterController.save" : {
    "t" : [ {
      "id" : 0,
      "a" : [ [ "R", 12 ], [ "R", 11 ], [ "R", 11 ], [ "R", 12 ], [ "R", 37 ], [ "R", 37 ], [ "R", 12 ], [ "W", 12 ], [ "W", 12 ] ]
    } ]
  },
  "RoomBedController.countRoomByDetailId" : {
    "t" : [ {
      "id" : 0,
      "a" : [ [ "R", 28 ], [ "R", 28 ], [ "R", 30 ], [ "R", 28 ], [ "R", 30 ], [ "R", 28 ], [ "R", 28 ], [ "R", 30 ] ]
    } ]
  },
  "RoomBedController.save" : {
    "t" : [ {
      "id" : 0,
      "a" : [ [ "R", 28 ], [ "R", 28 ], [ "W", 28 ], [ "W", 28 ], [ "W", 28 ] ]
    } ]
  },
  "RoomDetailController.getTable" : {
    "t" : [ {
      "id" : 0,
      "a" : [ [ "R", 30 ] ]
    } ]
  },
  "RoomDetailController.getListById" : {
    "t" : [ {
      "id" : 0,
      "a" : [ [ "R", 30 ] ]
    } ]
  },
  "MedicineUnitConverterController.getListById" : {
    "t" : [ {
      "id" : 0,
      "a" : [ [ "R", 12 ] ]
    } ]
  },
  "DeseaseController.getListById" : {
    "t" : [ {
      "id" : 0,
      "a" : [ [ "R", 5 ] ]
    } ]
  },
  "RhesusController.save" : {
    "t" : [ {
      "id" : 0,
      "a" : [ [ "R", 27 ], [ "R", 27 ], [ "W", 27 ], [ "W", 27 ] ]
    } ]
  },
  "EducationController.getTable" : {
    "t" : [ {
      "id" : 0,
      "a" : [ [ "R", 6 ] ]
    } ]
  },
  "PatientMedicineCrontroller.getTableByStatusId" : {
    "t" : [ {
      "id" : 0,
      "a" : [ [ "R", 18 ] ]
    } ]
  },
  "WorkController.getList" : {
    "t" : [ {
      "id" : 0,
      "a" : [ [ "R", 43 ] ]
    } ]
  },
  "PatientMedicineCrontroller.updateById" : {
    "t" : [ {
      "id" : 0,
      "a" : [ [ "R", 18 ], [ "R", 32 ], [ "W", 18 ], [ "W", 32 ], [ "W", 18 ], [ "W", 18 ], [ "W", 18 ] ]
    } ]
  },
  "PatientTreatmentController.getListById" : {
    "t" : [ {
      "id" : 0,
      "a" : [ [ "R", 21 ] ]
    } ]
  },
  "PatientTreatmentController.save" : {
    "t" : [ {
      "id" : 0,
      "a" : [ [ "R", 21 ], [ "R", 34 ], [ "R", 34 ], [ "R", 35 ], [ "R", 35 ], [ "R", 35 ], [ "W", 21 ], [ "W", 35 ], [ "R", 21 ], [ "R", 34 ], [ "R", 34 ], [ "W", 21 ], [ "R", 21 ], [ "R", 34 ], [ "R", 34 ], [ "W", 21 ], [ "R", 32 ], [ "W", 21 ], [ "W", 32 ], [ "W", 21 ], [ "W", 21 ] ]
    } ]
  },
  "PositionController.getListById" : {
    "t" : [ {
      "id" : 0,
      "a" : [ [ "R", 23 ] ]
    } ]
  },
  "PatientAdministrationController.getListById" : {
    "t" : [ {
      "id" : 0,
      "a" : [ [ "R", 15 ] ]
    } ]
  },
  "GenderController.getList" : {
    "t" : [ {
      "id" : 0,
      "a" : [ [ "R", 8 ] ]
    } ]
  },
  "ReligionController.getTable" : {
    "t" : [ {
      "id" : 0,
      "a" : [ [ "R", 26 ] ]
    } ]
  },
  "MedicineController.save" : {
    "t" : [ {
      "id" : 0,
      "a" : [ [ "R", 11 ], [ "R", 11 ], [ "R", 11 ], [ "W", 11 ], [ "W", 11 ] ]
    } ]
  },
  "PatientOperationController.getListById" : {
    "t" : [ {
      "id" : 0,
      "a" : [ [ "R", 20 ] ]
    } ]
  },
  "AssetController.save" : {
    "t" : [ {
      "id" : 0,
      "a" : [ [ "R", 1 ], [ "R", 1 ], [ "R", 1 ], [ "W", 1 ], [ "W", 1 ] ]
    } ]
  },
  "AssetController.update" : {
    "t" : [ {
      "id" : 0,
      "a" : [ [ "R", 1 ], [ "R", 1 ], [ "R", 1 ], [ "W", 1 ], [ "R", 1 ], [ "W", 1 ], [ "R", 1 ], [ "R", 2 ], [ "R", 2 ], [ "R", 2 ], [ "W", 1 ], [ "W", 2 ], [ "R", 1 ], [ "W", 1 ], [ "R", 1 ], [ "W", 1 ], [ "R", 1 ], [ "W", 1 ], [ "W", 1 ], [ "W", 1 ] ]
    } ]
  },
  "TribeController.save" : {
    "t" : [ {
      "id" : 0,
      "a" : [ [ "R", 36 ], [ "R", 36 ], [ "W", 36 ], [ "W", 36 ] ]
    } ]
  },
  "WorkController.save" : {
    "t" : [ {
      "id" : 0,
      "a" : [ [ "R", 43 ], [ "R", 43 ], [ "W", 43 ], [ "W", 43 ] ]
    } ]
  },
  "AssetGroupController.save" : {
    "t" : [ {
      "id" : 0,
      "a" : [ [ "R", 2 ], [ "R", 2 ], [ "R", 2 ], [ "W", 2 ], [ "W", 2 ] ]
    } ]
  },
  "BloodGroupController.save" : {
    "t" : [ {
      "id" : 0,
      "a" : [ [ "R", 3 ], [ "R", 3 ], [ "W", 3 ], [ "W", 3 ] ]
    } ]
  },
  "TreatmentHeaderController.getList" : {
    "t" : [ {
      "id" : 0,
      "a" : [ [ "R", 35 ] ]
    } ]
  },
  "BloodGroupController.getListById" : {
    "t" : [ {
      "id" : 0,
      "a" : [ [ "R", 3 ] ]
    } ]
  },
  "MedicineUnitConverterController.getTable" : {
    "t" : [ {
      "id" : 0,
      "a" : [ [ "R", 12 ] ]
    } ]
  },
  "RelationshipController.update" : {
    "t" : [ {
      "id" : 0,
      "a" : [ [ "R", 25 ], [ "R", 25 ], [ "R", 25 ], [ "W", 25 ], [ "W", 25 ], [ "W", 25 ] ]
    } ]
  },
  "MedicineController.getTable" : {
    "t" : [ {
      "id" : 0,
      "a" : [ [ "R", 11 ] ]
    } ]
  },
  "WorkController.update" : {
    "t" : [ {
      "id" : 0,
      "a" : [ [ "R", 43 ], [ "R", 43 ], [ "R", 43 ], [ "W", 43 ], [ "W", 43 ], [ "W", 43 ] ]
    } ]
  },
  "PatientAdministrationController.getList" : {
    "t" : [ {
      "id" : 0,
      "a" : [ [ "R", 15 ] ]
    } ]
  },
  "GenderController.getTable" : {
    "t" : [ {
      "id" : 0,
      "a" : [ [ "R", 8 ] ]
    } ]
  },
  "GenderController.update" : {
    "t" : [ {
      "id" : 0,
      "a" : [ [ "R", 8 ], [ "R", 8 ], [ "R", 8 ], [ "W", 8 ], [ "W", 8 ], [ "W", 8 ] ]
    } ]
  },
  "UnitController.getListById" : {
    "t" : [ {
      "id" : 0,
      "a" : [ [ "R", 37 ] ]
    } ]
  },
  "FunctionalityController.getListById" : {
    "t" : [ {
      "id" : 0,
      "a" : [ [ "R", 7 ] ]
    } ]
  },
  "AssetController.getTable" : {
    "t" : [ {
      "id" : 0,
      "a" : [ [ "R", 1 ] ]
    } ]
  },
  "TreatmentBodyController.getListByCategoryId" : {
    "t" : [ {
      "id" : 0,
      "a" : [ [ "R", 34 ] ]
    } ]
  },
  "MedicineUnitConverterController.update" : {
    "t" : [ {
      "id" : 0,
      "a" : [ [ "R", 12 ], [ "R", 12 ], [ "R", 12 ], [ "W", 12 ], [ "R", 12 ], [ "W", 12 ], [ "R", 12 ], [ "R", 37 ], [ "R", 37 ], [ "R", 37 ], [ "W", 12 ], [ "W", 37 ], [ "W", 12 ], [ "W", 12 ] ]
    } ]
  },
  "AssetGroupController.getList" : {
    "t" : [ {
      "id" : 0,
      "a" : [ [ "R", 2 ] ]
    } ]
  },
  "PatientMedicineDetailsController.getListById" : {
    "t" : [ {
      "id" : 0,
      "a" : [ [ "R", 17 ] ]
    } ]
  },
  "TribeController.update" : {
    "t" : [ {
      "id" : 0,
      "a" : [ [ "R", 36 ], [ "R", 36 ], [ "R", 36 ], [ "W", 36 ], [ "W", 36 ], [ "W", 36 ] ]
    } ]
  },
  "AssetGroupController.getListById" : {
    "t" : [ {
      "id" : 0,
      "a" : [ [ "R", 2 ] ]
    } ]
  },
  "PatientMedicineCrontroller.save" : {
    "t" : [ {
      "id" : 0,
      "a" : [ [ "R", 18 ], [ "R", 15 ], [ "R", 15 ], [ "R", 16 ], [ "R", 16 ], [ "R", 18 ], [ "W", 18 ], [ "W", 18 ], [ "R", 32 ], [ "W", 18 ], [ "W", 32 ], [ "W", 18 ], [ "W", 18 ] ]
    } ]
  },
  "TreatmentBodyController.getListForNurseOperation" : {
    "t" : [ {
      "id" : 0,
      "a" : [ [ "R", 34 ] ]
    } ]
  },
  "PatientController.getList" : {
    "t" : [ {
      "id" : 0,
      "a" : [ [ "R", 16 ] ]
    } ]
  },
  "PatientMedicineDetailsController.getList" : {
    "t" : [ {
      "id" : 0,
      "a" : [ [ "R", 17 ] ]
    } ]
  },
  "TreatmentBodyController.save" : {
    "t" : [ {
      "id" : 0,
      "a" : [ [ "R", 34 ], [ "R", 34 ], [ "R", 34 ], [ "W", 34 ], [ "W", 34 ] ]
    } ]
  },
  "PatientMedicineCrontroller.getListById" : {
    "t" : [ {
      "id" : 0,
      "a" : [ [ "R", 18 ] ]
    } ]
  },
  "IdentityController.getListById" : {
    "t" : [ {
      "id" : 0,
      "a" : [ [ "R", 9 ] ]
    } ]
  },
  "RhesusController.update" : {
    "t" : [ {
      "id" : 0,
      "a" : [ [ "R", 27 ], [ "R", 27 ], [ "R", 27 ], [ "W", 27 ], [ "W", 27 ], [ "W", 27 ] ]
    } ]
  },
  "PatientMedicineCrontroller.getTable" : {
    "t" : [ {
      "id" : 0,
      "a" : [ [ "R", 18 ], [ "R", 18 ] ]
    } ]
  },
  "AssetGroupController.getTable" : {
    "t" : [ {
      "id" : 0,
      "a" : [ [ "R", 2 ] ]
    } ]
  },
  "PositionController.save" : {
    "t" : [ {
      "id" : 0,
      "a" : [ [ "R", 23 ], [ "R", 23 ], [ "R", 23 ], [ "W", 23 ], [ "W", 23 ] ]
    } ]
  },
  "MedicineUnitConverterController.getList" : {
    "t" : [ {
      "id" : 0,
      "a" : [ [ "R", 12 ] ]
    } ]
  },
  "InsuranceController.getListById" : {
    "t" : [ {
      "id" : 0,
      "a" : [ [ "R", 10 ] ]
    } ]
  },
  "UserGroupController.getList" : {
    "t" : [ {
      "id" : 0,
      "a" : [ [ "R", 40 ] ]
    } ]
  },
  "PayrollController.update" : {
    "t" : [ {
      "id" : 0,
      "a" : [ [ "R", 22 ], [ "R", 22 ], [ "R", 22 ], [ "W", 22 ], [ "R", 22 ], [ "W", 22 ], [ "R", 22 ], [ "W", 22 ], [ "R", 22 ], [ "W", 22 ], [ "W", 22 ], [ "W", 22 ] ]
    } ]
  }
}