{
  "UserController.udpateprofile" : {
    "t" : [ {
      "id" : 0,
      "a" : [ [ "R", 52 ], [ "R", 52 ], [ "W", 52 ], [ "R", 52 ], [ "W", 52 ], [ "W", 52 ], [ "R", 52 ] ]
    } ]
  },
  "NewsController.delete" : {
    "t" : [ {
      "id" : 0,
      "a" : [ [ "W", 34 ] ]
    } ]
  },
  "UserResumeController.queryBookInfoList" : {
    "t" : [ {
      "id" : 0,
      "a" : [ [ "R", 52 ], [ "R", 52 ], [ "R", 52 ], [ "R", 23 ], [ "R", 23 ], [ "R", 52 ], [ "R", 60 ], [ "R", 60 ], [ "R", 61 ], [ "R", 60 ], [ "R", 52 ], [ "R", 60 ], [ "R", 52 ], [ "R", 52 ], [ "R", 52 ], [ "R", 52 ], [ "R", 52 ], [ "R", 23 ], [ "R", 52 ], [ "R", 23 ], [ "R", 23 ], [ "R", 52 ], [ "R", 52 ], [ "R", 60 ], [ "R", 60 ], [ "R", 18 ], [ "R", 18 ], [ "R", 60 ], [ "R", 60 ], [ "R", 18 ], [ "R", 18 ], [ "R", 60 ], [ "R", 60 ], [ "R", 61 ], [ "R", 61 ], [ "R", 61 ] ]
    } ]
  },
  "DailyReportViewController.index" : {
    "t" : [ {
      "id" : 0,
      "a" : [ [ "R", 38 ], [ "R", 36 ], [ "R", 18 ], [ "R", 18 ], [ "R", 18 ] ]
    } ]
  },
  "WorkFlowApproveController.approvedList" : {
    "t" : [ {
      "id" : 0,
      "a" : [ [ "R", 52 ], [ "R", 52 ], [ "R", 52 ], [ "R", 52 ], [ "R", 29 ], [ "R", 29 ], [ "R", 73 ], [ "R", 66 ], [ "R", 66 ], [ "R", 19 ], [ "R", 73 ], [ "R", 66 ], [ "R", 66 ], [ "R", 19 ], [ "R", 19 ], [ "R", 73 ], [ "R", 66 ], [ "R", 66 ], [ "W", 73 ], [ "R", 73 ], [ "R", 66 ], [ "R", 73 ], [ "R", 66 ], [ "R", 66 ], [ "R", 73 ], [ "R", 66 ], [ "W", 66 ], [ "R", 73 ], [ "R", 66 ], [ "R", 73 ], [ "R", 66 ], [ "R", 66 ], [ "R", 52 ], [ "W", 73 ], [ "W", 52 ] ]
    } ]
  },
  "BookManageController.queryLendRecordList" : {
    "t" : [ {
      "id" : 0,
      "a" : [ [ "R", 16 ], [ "R", 16 ], [ "R", 16 ], [ "R", 16 ], [ "R", 16 ], [ "W", 16 ], [ "W", 16 ], [ "W", 16 ], [ "R", 52 ], [ "R", 52 ], [ "R", 16 ], [ "R", 16 ], [ "R", 16 ], [ "R", 16 ], [ "R", 15 ], [ "R", 15 ], [ "R", 16 ], [ "R", 52 ], [ "R", 52 ], [ "R", 16 ], [ "R", 16 ], [ "R", 16 ], [ "R", 16 ], [ "R", 16 ], [ "R", 16 ], [ "R", 16 ], [ "R", 16 ], [ "R", 16 ], [ "R", 16 ], [ "R", 16 ], [ "R", 16 ], [ "R", 16 ], [ "R", 16 ], [ "R", 16 ], [ "R", 16 ], [ "R", 16 ], [ "R", 16 ] ]
    } ]
  },
  "TrainingTeacherController.findAll" : {
    "t" : [ {
      "id" : 0,
      "a" : [ [ "R", 51 ], [ "R", 51 ], [ "R", 51 ], [ "R", 52 ], [ "R", 51 ], [ "R", 52 ], [ "R", 52 ] ]
    } ]
  },
  "UserResumeController.contractinfo" : {
    "t" : [ {
      "id" : 0,
      "a" : [ [ "R", 55 ], [ "R", 55 ], [ "R", 52 ], [ "R", 52 ], [ "W", 55 ], [ "R", 55 ], [ "R", 18 ], [ "R", 18 ], [ "W", 55 ] ]
    } ]
  },
  "WorkflowAwayController.submit" : {
    "t" : [ {
      "id" : 0,
      "a" : [ [ "R", 52 ], [ "R", 52 ], [ "R", 78 ], [ "R", 66 ], [ "W", 67 ], [ "W", 52 ], [ "R", 52 ], [ "W", 67 ], [ "R", 78 ], [ "R", 78 ], [ "R", 78 ], [ "W", 67 ], [ "W", 67 ], [ "W", 66 ], [ "W", 67 ], [ "W", 2 ], [ "W", 2 ], [ "R", 29 ], [ "W", 2 ], [ "W", 29 ], [ "W", 2 ], [ "R", 52 ], [ "W", 78 ], [ "W", 66 ], [ "W", 78 ], [ "R", 52 ], [ "W", 78 ], [ "W", 52 ], [ "W", 78 ], [ "W", 52 ], [ "W", 78 ], [ "W", 78 ], [ "R", 19 ], [ "R", 19 ], [ "R", 52 ] ]
    } ]
  },
  "TrainingTeacherController.findAllPage" : {
    "t" : [ {
      "id" : 0,
      "a" : [ [ "R", 52 ], [ "R", 52 ], [ "R", 51 ], [ "R", 51 ], [ "R", 18 ], [ "R", 18 ], [ "W", 51 ] ]
    } ]
  },
  "BookManageController.queryLendRecord" : {
    "t" : [ {
      "id" : 0,
      "a" : [ [ "R", 15 ], [ "R", 16 ], [ "R", 16 ], [ "R", 16 ], [ "R", 16 ], [ "R", 15 ], [ "R", 16 ], [ "R", 52 ], [ "R", 15 ], [ "R", 52 ], [ "R", 16 ], [ "R", 16 ] ]
    } ]
  },
  "UserResumeController.getposition" : {
    "t" : [ {
      "id" : 0,
      "a" : [ [ "R", 52 ], [ "R", 60 ], [ "R", 60 ], [ "R", 60 ], [ "R", 52 ], [ "R", 60 ], [ "R", 18 ], [ "R", 18 ] ]
    } ]
  },
  "MeetingController.historyList" : {
    "t" : [ {
      "id" : 0,
      "a" : [ [ "R", 31 ], [ "R", 31 ], [ "R", 31 ], [ "R", 31 ], [ "R", 31 ], [ "R", 31 ], [ "R", 31 ], [ "R", 31 ], [ "R", 32 ], [ "R", 32 ], [ "R", 31 ], [ "R", 32 ], [ "R", 32 ], [ "R", 31 ], [ "R", 32 ], [ "R", 31 ], [ "R", 32 ], [ "R", 32 ], [ "R", 31 ], [ "R", 31 ], [ "R", 31 ], [ "R", 31 ], [ "R", 31 ], [ "R", 31 ], [ "R", 31 ], [ "R", 31 ], [ "R", 31 ], [ "R", 31 ], [ "R", 31 ], [ "R", 31 ], [ "R", 31 ], [ "R", 31 ], [ "R", 31 ], [ "R", 31 ], [ "R", 52 ], [ "R", 52 ], [ "R", 31 ], [ "R", 31 ], [ "R", 52 ], [ "R", 52 ], [ "R", 31 ], [ "R", 31 ], [ "R", 52 ], [ "R", 52 ], [ "R", 31 ], [ "R", 31 ], [ "R", 31 ], [ "R", 31 ], [ "R", 31 ], [ "R", 31 ], [ "R", 31 ] ]
    } ]
  },
  "WeekReportController.submitWeekReport" : {
    "t" : [ {
      "id" : 0,
      "a" : [ [ "R", 21 ], [ "R", 52 ], [ "R", 21 ], [ "R", 21 ], [ "R", 21 ], [ "R", 52 ], [ "R", 52 ], [ "R", 20 ], [ "R", 65 ], [ "R", 65 ], [ "R", 65 ], [ "R", 52 ], [ "R", 65 ], [ "R", 21 ], [ "R", 65 ], [ "R", 52 ], [ "R", 52 ], [ "R", 52 ], [ "R", 52 ], [ "R", 65 ], [ "R", 52 ], [ "R", 65 ], [ "W", 65 ], [ "R", 65 ], [ "W", 65 ], [ "W", 65 ], [ "R", 52 ], [ "W", 65 ], [ "W", 52 ], [ "W", 65 ], [ "W", 65 ], [ "W", 65 ], [ "W", 65 ], [ "W", 21 ], [ "W", 65 ], [ "W", 65 ] ]
    } ]
  },
  "CommonController.findValidUser" : {
    "t" : [ {
      "id" : 0,
      "a" : [ [ "R", 52 ], [ "R", 52 ], [ "R", 52 ] ]
    } ]
  },
  "UserResumeController.delReward" : {
    "t" : [ {
      "id" : 0,
      "a" : [ [ "R", 53 ], [ "R", 53 ] ]
    } ]
  },
  "UserResumeController.updateOutCompany" : {
    "t" : [ {
      "id" : 0,
      "a" : [ [ "R", 54 ], [ "W", 54 ], [ "W", 54 ] ]
    } ]
  },
  "AttenceDataRefleshController.findLogs" : {
    "t" : [ {
      "id" : 0,
      "a" : [ [ "R", 8 ] ]
    } ]
  },
  "BookManageController.renewBook" : {
    "t" : [ {
      "id" : 0,
      "a" : [ [ "R", 15 ], [ "R", 16 ], [ "R", 16 ], [ "R", 16 ], [ "R", 16 ], [ "R", 15 ], [ "R", 16 ], [ "R", 52 ], [ "R", 16 ], [ "R", 18 ], [ "R", 18 ], [ "R", 18 ], [ "R", 16 ], [ "W", 16 ], [ "W", 16 ], [ "R", 52 ], [ "R", 16 ], [ "R", 15 ], [ "R", 15 ], [ "R", 16 ], [ "R", 52 ], [ "R", 52 ], [ "R", 52 ], [ "W", 24 ], [ "W", 24 ], [ "W", 24 ], [ "W", 24 ], [ "W", 24 ], [ "W", 24 ], [ "W"