{
  "ArticleController.findTopByUserEntityAndCreateTime" : {
    "t" : [ {
      "id" : 0,
      "a" : [ [ "R", 1 ], [ "R", 11 ], [ "R", 1 ], [ "R", 11 ], [ "R", 4 ], [ "R", 1 ], [ "R", 4 ], [ "R", 1 ], [ "R", 10 ] ]
    } ]
  },
  "UserController.impleInfo" : {
    "t" : [ {
      "id" : 0,
      "a" : [ [ "R", 11 ], [ "R", 11 ], [ "R", 12 ], [ "R", 12 ] ]
    } ]
  },
  "ArticleHistoryController.restoreArticleHistoryInfomation" : {
    "t" : [ {
      "id" : 0,
      "a" : [ [ "R", 1 ], [ "R", 1 ], [ "R", 11 ], [ "R", 1 ], [ "R", 4 ], [ "R", 1 ], [ "R", 10 ], [ "R", 10 ], [ "R", 5 ], [ "R", 1 ], [ "W", 1 ], [ "R", 2 ], [ "R", 2 ], [ "W", 1 ], [ "W", 1 ], [ "W", 2 ], [ "R", 1 ], [ "W", 2 ], [ "R", 1 ], [ "R", 11 ], [ "W", 2 ], [ "W", 11 ], [ "W", 2 ], [ "W", 1 ], [ "W", 2 ], [ "W", 2 ] ]
    } ]
  },
  "UserController.updatePassword" : {
    "t" : [ {
      "id" : 0,
      "a" : [ [ "R", 11 ], [ "R", 11 ], [ "R", 11 ], [ "W", 11 ], [ "W", 11 ], [ "R", 11 ], [ "R", 11 ], [ "R", 11 ], [ "R", 11 ], [ "R", 11 ] ]
    } ]
  },
  "ArticleController.list" : {
    "t" : [ {
      "id" : 0,
      "a" : [ [ "R", 1 ], [ "R", 1 ], [ "R", 11 ], [ "R", 1 ], [ "R", 4 ], [ "R", 1 ], [ "R", 10 ], [ "R", 10 ], [ "R", 5 ], [ "R", 1 ], [ "R", 1 ], [ "R", 1 ], [ "R", 11 ], [ "R", 1 ], [ "R", 4 ], [ "R", 1 ], [ "R", 10 ], [ "R", 10 ], [ "R", 5 ], [ "R", 1 ], [ "R", 1 ], [ "R", 1 ], [ "R", 11 ], [ "R", 1 ], [ "R", 4 ], [ "R", 1 ], [ "R", 10 ], [ "R", 10 ], [ "R", 5 ], [ "R", 1 ] ]
    } ]
  },
  "UserController.findTopByArticle" : {
    "t" : [ {
      "id" : 0,
      "a" : [ [ "R", 1 ], [ "R", 11 ], [ "R", 11 ], [ "R", 11 ], [ "R", 12 ] ]
    } ]
  },
  "UserController.findFollowCount" : {
    "t" : [ {
      "id" : 0,
      "a" : [ [ "R", 11 ], [ "R", 11 ], [ "R", 11 ], [ "R", 11 ], [ "R", 11 ], [ "R", 11 ] ]
    } ]
  },
  "UserController.update" : {
    "t" : [ {
      "id" : 0,
      "a" : [ [ "R", 11 ], [ "R", 11 ], [ "R", 11 ], [ "W", 11 ], [ "R", 11 ], [ "R", 11 ], [ "R", 11 ], [ "W", 11 ], [ "W", 11 ] ]
    } ]
  },
  "CommentController.getAllCommentByArticle" : {
    "t" : [ {
      "id" : 0,
      "a" : [ [ "W", 1 ], [ "R", 5 ] ]
    } ]
  },
  "UserController.userFollowed" : {
    "t" : [ {
      "id" : 0,
      "a" : [ [ "R", 11 ], [ "R", 11 ], [ "R", 11 ], [ "R", 11 ], [ "R", 11 ] ]
    } ]
  },
  "SpaceController.getAllSpaceByUser" : {
    "t" : [ {
      "id" : 0,
      "a" : [ [ "W", 11 ], [ "R", 10 ] ]
    } ]
  },
  "UserController.updateEmial" : {
    "t" : [ {
      "id" : 0,
      "a" : [ [ "R", 11 ], [ "R", 11 ], [ "R", 11 ], [ "R", 11 ], [ "R", 11 ] ]
    } ]
  },
  "UserController.checkFollow" : {
    "t" : [ {
      "id" : 0,
      "a" : [ [ "R", 11 ], [ "R", 11 ], [ "R", 11 ], [ "R", 11 ], [ "R", 12 ] ]
    } ]
  },
  "SpaceController.getAllPublicSpaceByUser" : {
    "t" : [ {
      "id" : 0,
      "a" : [ [ "W", 11 ], [ "R", 10 ] ]
    } ]
  },
  "GroupController.list" : {
    "t" : [ {
      "id" : 0,
      "a" : [ [ "R", 6 ] ]
    } ]
  },
  "ArticleHistoryController.getArticleHistoryInfomation" : {
    "t" : [ {
      "id" : 0,
      "a" : [ [ "W", 1 ], [ "R", 2 ] ]
    } ]
  },
  "ArticleController.getAllArticleByUser" : {
    "t" : [ {
      "id" : 0,
      "a" : [ [ "R", 1 ], [ "R", 1 ], [ "R", 11 ], [ "R", 1 ], [ "R", 4 ], [ "R", 1 ], [ "R", 10 ], [ "R", 10 ], [ "R", 5 ], [ "R", 1 ] ]
    } ]
  },
  "SpaceController.getSpaceInfoByCode" : {
    "t" : [ {
      "id" : 0,
      "a" : [ [ "R", 10 ] ]
    } ]
  },
  "GroupController.save" : {
    "t" : [ {
      "id" : 0,
      "a" : [ [ "W", 6 ] ]
    } ]
  },
  "ArticleController.delete" : {
    "t" : [ {
      "id" : 0,
      "a" : [ [ "W", 1 ] ]
    } ]
  },
  "SpaceController.getAllSpaceByPrivatedFalseAndUser" : {
    "t" : [ {
      "id" : 0,
      "a" : [ [ "W", 11 ], [ "R", 10 ] ]
    } ]
  },
  "CommentController.delete" : {
    "t" : [ {
      "id" : 0,
      "a" : [ [ "W", 5 ] ]
    } ]
  },
  "SpaceController.getAllPrivateSpaceByUser" : {
    "t" : [ {
      "id" : 0,
      "a" : [ [ "W", 11 ], [ "R", 10 ] ]
    } ]
  },
  "SpaceController.getArticleCountBySpace" : {
    "t" : [ {
      "id" : 0,
      "a" : [ [ "R", 10 ], [ "R", 10 ], [ "R", 10 ], [ "R", 1 ], [ "R", 10 ] ]
    } ]
  },
  "ArticleController.search" : {
    "t" : [ {
      "id" : 0,
      "a" : [ [ "R", 1 ], [ "R", 1 ], [ "R", 11 ], [ "R", 1 ], [ "R", 4 ], [ "R", 1 ], [ "R", 10 ], [ "R", 10 ], [ "R", 5 ], [ "R", 1 ], [ "R", 1 ], [ "R", 3 ] ]
    } ]
  },
  "RemindController.getAllRemindByUsers" : {
    "t" : [ {
      "id" : 0,
      "a" : [ [ "W", 11 ], [ "R", 7 ], [ "R", 7 ] ]
    } ]
  },
  "ArticleController.createArticle" : {
    "t" : [ {
      "id" : 0,
      "a" : [ [ "W", 1 ], [ "R", 1 ], [ "W", 1 ], [ "W", 1 ], [ "R", 1 ], [ "R", 11 ], [ "R", 11 ], [ "R", 11 ], [ "R", 11 ], [ "R", 11 ], [ "W", 7 ], [ "W", 7 ], [ "W", 1 ], [ "W", 7 ], [ "W", 11 ], [ "W", 8 ], [ "W", 7 ], [ "W", 8 ], [ "W", 7 ], [ "R", 1 ], [ "R", 11 ], [ "R", 11 ], [ "R", 1 ], [ "W", 7 ], [ "W", 7 ] ]
    } ]
  },
  "ArticleController.getArticle" : {
    "t" : [ {
      "id" : 0,
      "a" : [ [ "R", 1 ], [ "R", 1 ], [ "R", 11 ], [ "R", 1 ], [ "R", 4 ], [ "R", 1 ], [ "R", 10 ], [ "R", 10 ], [ "R", 5 ], [ "R", 1 ] ]
    } ]
  },
  "UserController.info" : {
    "t" : [ {
      "id" : 0,
      "a" : [ [ "R", 11 ] ]
    } ]
  },
  "ArticleTagController.getAllByArticlesCounterAndTop" : {
    "t" : [ {
      "id" : 0,
      "a" : [ [ "R", 3 ], [ "R", 1 ], [ "R", 3 ] ]
    } ]
  },
  "SpaceController.getAllArticleBySpace" : {
    "t" : [ {
      "id" : 0,
      "a" : [ [ "R", 10 ], [ "R", 1 ], [ "R", 1 ], [ "R", 11 ], [ "R", 1 ], [ "R", 4 ], [ "R", 1 ], [ "R", 10 ], [ "R", 10 ], [ "R", 5 ], [ "R", 1 ], [ "R", 1 ], [ "R", 1 ], [ "R", 1 ], [ "R", 1 ] ]
    } ]
  },
  "SpaceController.getAllSpaces" : {
    "t" : [ {
      "id" : 0,
      "a" : [ [ "R", 10 ] ]
    } ]
  },
  "ArticleTagController.list" : {
    "t" : [ {
      "id" : 0,
      "a" : [ [ "R", 3 ] ]
    } ]
  },
  "SpaceController.createSpace" : {
    "t" : [ {
      "id" : 0,
      "a" : [ [ "W", 10 ] ]
    } ]
  },
  "ArticleHistoryController.getByArticle" : {
    "t" : [ {
      "id" : 0,
      "a" : [ [ "W", 1 ], [ "R", 2 ] ]
    } ]
  },
  "UserController.getContribution" : {
    "t" : [ {
      "id" : 0,
      "a" : [ [ "R", 1 ], [ "R", 11 ], [ "R", 1 ], [ "R", 11 ], [ "R", 4 ], [ "R", 1 ], [ "R", 4 ], [ "R", 1 ], [ "R", 10 ] ]
    } ]
  },
  "UserController.list" : {
    "t" : [ {
      "id" : 0,
      "a" : [ [ "R", 11 ] ]
    } ]
  },
  "UserController.register" : {
    "t" : [ {
      "id" : 0,
      "a" : [ [ "W", 11 ], [ "W", 11 ], [ "W", 11 ], [ "W", 11 ], [ "W", 12 ], [ "W", 11 ], [ "W", 12 ], [ "R", 9 ], [ "W", 11 ], [ "W", 9 ], [ "W", 11 ] ]
    } ]
  },
  "UserController.unfollow" : {
    "t" : [ {
      "id" : 0,
      "a" : [ [ "R", 11 ], [ "R", 11 ], [ "R", 11 ], [ "R", 11 ], [ "R", 11 ], [ "R", 11 ], [ "W", 11 ], [ "W", 11 ] ]
    } ]
  },
  "RemindController.info" : {
    "t" : [ {
      "id" : 0,
      "a" : [ [ "R", 7 ] ]
    } ]
  },
  "CommentController.getArticleCommentsByCreateTimeAndTop7" : {
    "t" : [ {
      "id" : 0,
      "a" : [ [ "R", 1 ], [ "R", 5 ], [ "R", 1 ], [ "R", 5 ] ]
    } ]
  },
  "UserController.follow" : {
    "t" : [ {
      "id" : 0,
      "a" : [ [ "R", 11 ], [ "R", 11 ], [ "R", 11 ], [ "R", 11 ], [ "R", 11 ], [ "R", 11 ], [ "W", 11 ], [ "W", 11 ] ]
    } ]
  },
  "SpaceController.getSpaceInfoById" : {
    "t" : [ {
      "id" : 0,
      "a" : [ [ "R", 10 ] ]
    } ]
  },
  "ArticleController.update" : {
    "t" : [ {
      "id" : 0,
      "a" : [ [ "R", 1 ], [ "R", 1 ], [ "R", 1 ], [ "R", 11 ], [ "R", 1 ], [ "R", 4 ], [ "R", 1 ], [ "R", 10 ], [ "R", 10 ], [ "R", 5 ], [ "R", 1 ], [ "W", 2 ], [ "R", 1 ], [ "W", 2 ], [ "R", 1 ], [ "R", 11 ], [ "W", 2 ], [ "W", 11 ], [ "W", 2 ], [ "W", 1 ], [ "W", 2 ], [ "W", 2 ], [ "W", 1 ] ]
    } ]
  },
  "ArticleController.getArticleViewByCreateTimeAndTop7" : {
    "t" : [ {
      "id" : 0,
      "a" : [ [ "R", 1 ] ]
    } ]
  },
  "ArticleController.getListByTag" : {
    "t" : [ {
      "id" : 0,
      "a" : [ [ "R", 3 ], [ "R", 3 ], [ "R", 1 ], [ "R", 1 ], [ "R", 11 ], [ "R", 1 ], [ "R", 4 ], [ "R", 1 ], [ "R", 10 ], [ "R", 10 ], [ "R", 5 ], [ "R", 1 ], [ "R", 1 ], [ "R", 3 ] ]
    } ]
  },
  "GroupController.delete" : {
    "t" : [ {
      "id" : 0,
      "a" : [ [ "W", 6 ], [ "W", 6 ] ]
    } ]
  },
  "RemindController.list" : {
    "t" : [ {
      "id" : 0,
      "a" : [ [ "R", 7 ] ]
    } ]
  },
  "UserController.getFollows" : {
    "t" : [ {
      "id" : 0,
      "a" : [ [ "R", 11 ], [ "R", 11 ], [ "R", 11 ] ]
    } ]
  },
  "CommentController.createSpace" : {
    "t" : [ {
      "id" : 0,
      "a" : [ [ "W", 5 ] ]
    } ]
  },
  "ArticleTypeController.list" : {
    "t" : [ {
      "id" : 0,
      "a" : [ [ "R", 4 ] ]
    } ]
  },
  "SpaceController.list" : {
    "t" : [ {
      "id" : 0,
      "a" : [ [ "R", 10 ] ]
    } ]
  },
  "RemindController.read" : {
    "t" : [ {
      "id" : 0,
      "a" : [ [ "W", 7 ] ]
    } ]
  }
}