{
  "CommentController.dislike" : {
    "t" : [ {
      "id" : 0,
      "a" : [ [ "R", 8 ], [ "R", 1 ], [ "R", 8 ], [ "R", 1 ], [ "R", 8 ], [ "R", 8 ], [ "R", 8 ], [ "R", 2 ], [ "R", 2 ], [ "R", 2 ], [ "R", 1 ], [ "R", 2 ], [ "R", 8 ], [ "W", 2 ], [ "W", 8 ], [ "W", 2 ], [ "W", 2 ], [ "W", 1 ], [ "W", 2 ] ]
    } ]
  },
  "UsersController.checkEmail" : {
    "t" : [ {
      "id" : 0,
      "a" : [ [ "R", 8 ] ]
    } ]
  },
  "PostsController.showPostsList" : {
    "t" : [ {
      "id" : 0,
      "a" : [ [ "R", 8 ], [ "R", 8 ], [ "R", 6 ], [ "R", 6 ], [ "R", 3 ], [ "R", 3 ], [ "R", 8 ], [ "R", 8 ] ]
    } ]
  },
  "PostsController.updatePost" : {
    "t" : [ {
      "id" : 0,
      "a" : [ [ "R", 3 ], [ "W", 3 ], [ "W", 3 ], [ "W", 3 ], [ "W", 3 ], [ "W", 3 ], [ "R", 3 ], [ "R", 7 ], [ "R", 7 ], [ "W", 7 ], [ "R", 3 ], [ "R", 7 ], [ "W", 3 ] ]
    } ]
  },
  "UsersController.changeEmail" : {
    "t" : [ {
      "id" : 0,
      "a" : [ [ "R", 8 ], [ "W", 8 ], [ "R", 8 ], [ "R", 8 ], [ "R", 8 ], [ "W", 8 ], [ "W", 8 ] ]
    } ]
  },
  "PostsController.getTopPostsList" : {
    "t" : [ {
      "id" : 0,
      "a" : [ [ "R", 3 ], [ "R", 3 ], [ "R", 4 ], [ "R", 3 ], [ "R", 3 ], [ "R", 3 ], [ "R", 3 ], [ "R", 4 ] ]
    } ]
  },
  "UsersController.editProfile" : {
    "t" : [ {
      "id" : 0,
      "a" : [ [ "R", 8 ], [ "R", 8 ], [ "W", 8 ], [ "R", 8 ], [ "R", 8 ], [ "W", 8 ], [ "R", 8 ], [ "W", 8 ], [ "W", 8 ] ]
    } ]
  },
  "PostsController.showEditPostForm" : {
    "t" : [ {
      "id" : 0,
      "a" : [ [ "R", 3 ], [ "R", 3 ], [ "R", 3 ], [ "R", 3 ], [ "R", 3 ], [ "R", 7 ] ]
    } ]
  },
  "CommentController.like" : {
    "t" : [ {
      "id" : 0,
      "a" : [ [ "R", 8 ], [ "R", 1 ], [ "R", 8 ], [ "R", 1 ], [ "R", 8 ], [ "R", 8 ], [ "R", 8 ], [ "R", 2 ], [ "R", 2 ], [ "R", 2 ], [ "R", 1 ], [ "R", 2 ], [ "R", 8 ], [ "W", 2 ], [ "W", 8 ], [ "W", 2 ], [ "W", 2 ], [ "W", 1 ], [ "W", 2 ] ]
    } ]
  },
  "CommentController.getCommentSource" : {
    "t" : [ {
      "id" : 0,
      "a" : [ [ "R", 1 ], [ "R", 1 ] ]
    } ]
  },
  "CommentController.addComment" : {
    "t" : [ {
      "id" : 0,
      "a" : [ [ "R", 3 ], [ "R", 3 ], [ "R", 8 ], [ "R", 8 ], [ "R", 6 ], [ "R", 6 ], [ "R", 1 ], [ "R", 1 ], [ "R", 1 ], [ "R", 1 ], [ "R", 1 ], [ "W", 1 ], [ "W", 1 ], [ "W", 1 ], [ "W", 1 ], [ "W", 3 ], [ "R", 8 ], [ "W", 1 ], [ "W", 8 ], [ "W", 1 ], [ "R", 1 ] ]
    } ]
  },
  "UsersController.checkUsername" : {
    "t" : [ {
      "id" : 0,
      "a" : [ [ "R", 8 ] ]
    } ]
  },
  "PostsController.dislike" : {
    "t" : [ {
      "id" : 0,
      "a" : [ [ "R", 8 ], [ "R", 3 ], [ "R", 8 ], [ "R", 4 ], [ "R", 4 ], [ "R", 4 ], [ "R", 3 ], [ "R", 4 ], [ "R", 8 ], [ "W", 4 ], [ "W", 8 ], [ "W", 4 ], [ "W", 4 ], [ "W", 3 ], [ "W", 4 ] ]
    } ]
  },
  "UsersController.registerUser" : {
    "t" : [ {
      "id" : 0,
      "a" : [ [ "R", 8 ], [ "W", 8 ], [ "R", 8 ], [ "W", 8 ], [ "R", 8 ], [ "W", 8 ], [ "R", 8 ], [ "R", 6 ], [ "R", 6 ], [ "W", 8 ], [ "W", 6 ], [ "W", 8 ], [ "W", 8 ], [ "W", 8 ], [ "R", 8 ], [ "R", 8 ], [ "R", 8 ], [ "R", 6 ], [ "R", 6 ], [ "R", 8 ], [ "R", 8 ], [ "R", 8 ] ]
    } ]
  },
  "PostsController.searchByTag" : {
    "t" : [ {
      "id" : 0,
      "a" : [ [ "R", 8 ], [ "R", 8 ], [ "R", 6 ], [ "R", 6 ], [ "R", 3 ], [ "R", 3 ], [ "R", 3 ], [ "R", 3 ], [ "R", 7 ], [ "R", 3 ], [ "R", 7 ], [ "R", 3 ], [ "R", 7 ], [ "R", 3 ], [ "R", 3 ], [ "R", 3 ], [ "R", 3 ], [ "R", 3 ], [ "R", 3 ], [ "R", 7 ], [ "R", 3 ], [ "R", 7 ], [ "R", 3 ], [ "R", 3 ], [ "R", 7 ], [ "R", 3 ], [ "R", 3 ], [ "R", 8 ], [ "R", 8 ] ]
    } ]
  },
  "UsersController.showEditSettingsPage" : {
    "t" : [ {
      "id" : 0,
      "a" : [ [ "R", 8 ] ]
    } ]
  },
  "UsersController.showProfile" : {
    "t" : [ {
      "id" : 0,
      "a" : [ [ "R", 8 ] ]
    } ]
  },
  "UsersController.changePassword" : {
    "t" : [ {
      "id" : 0,
      "a" : [ [ "R", 8 ], [ "R", 8 ], [ "R", 8 ], [ "W", 8 ], [ "W", 8 ], [ "R", 8 ], [ "R", 8 ], [ "W", 8 ] ]
    } ]
  },
  "PostsController.like" : {
    "t" : [ {
      "id" : 0,
      "a" : [ [ "R", 8 ], [ "R", 3 ], [ "R", 8 ], [ "R", 4 ], [ "R", 4 ], [ "R", 4 ], [ "R", 3 ], [ "R", 4 ], [ "R", 8 ], [ "W", 4 ], [ "W", 8 ], [ "W", 4 ], [ "W", 4 ], [ "W", 3 ], [ "W", 4 ] ]
    } ]
  },
  "CommentController.deleteComment" : {
    "t" : [ {
      "id" : 0,
      "a" : [ [ "R", 1 ], [ "R", 8 ], [ "R", 8 ], [ "R", 6 ], [ "R", 6 ], [ "R", 8 ], [ "R", 8 ], [ "R", 1 ], [ "R", 8 ], [ "R", 8 ], [ "R", 1 ], [ "W", 1 ], [ "W", 1 ] ]
    } ]
  },
  "CommentController.showComments" : {
    "t" : [ {
      "id" : 0,
      "a" : [ [ "R", 3 ], [ "R", 3 ], [ "R", 8 ], [ "R", 8 ], [ "R", 6 ], [ "R", 6 ], [ "R", 3 ], [ "R", 1 ], [ "R", 1 ], [ "R", 1 ] ]
    } ]
  },
  "UsersController.showEditProfilePage" : {
    "t" : [ {
      "id" : 0,
      "a" : [ [ "R", 8 ] ]
    } ]
  },
  "PostsController.hidePost" : {
    "t" : [ {
      "id" : 0,
      "a" : [ [ "R", 3 ], [ "W", 3 ], [ "W", 3 ] ]
    } ]
  },
  "UsersController.removeAvatar" : {
    "t" : [ {
      "id" : 0,
      "a" : [ [ "R", 8 ], [ "W", 8 ], [ "W", 8 ], [ "W", 8 ] ]
    } ]
  },
  "UsersController.uploadAvatar" : {
    "t" : [ {
      "id" : 0,
      "a" : [ [ "R", 8 ], [ "W", 8 ], [ "W", 8 ], [ "W", 8 ] ]
    } ]
  },
  "PostsController.getPostsList" : {
    "t" : [ {
      "id" : 0,
      "a" : [ [ "R", 3 ] ]
    } ]
  },
  "PostsController.deletePost" : {
    "t" : [ {
      "id" : 0,
      "a" : [ [ "R", 3 ], [ "W", 3 ], [ "W", 3 ] ]
    } ]
  },
  "PostsController.showPost" : {
    "t" : [ {
      "id" : 0,
      "a" : [ [ "R", 3 ], [ "R", 3 ], [ "R", 8 ], [ "R", 8 ], [ "R", 6 ], [ "R", 6 ], [ "R", 8 ], [ "R", 8 ] ]
    } ]
  },
  "PostsController.createPost" : {
    "t" : [ {
      "id" : 0,
      "a" : [ [ "W", 3 ], [ "W", 3 ], [ "W", 3 ], [ "W", 3 ], [ "W", 3 ], [ "R", 3 ], [ "R", 7 ], [ "R", 7 ], [ "W", 7 ], [ "R", 3 ], [ "R", 7 ], [ "W", 3 ], [ "W", 3 ] ]
    } ]
  },
  "CommentController.editComment" : {
    "t" : [ {
      "id" : 0,
      "a" : [ [ "R", 1 ], [ "R", 8 ], [ "R", 8 ], [ "R", 6 ], [ "R", 6 ], [ "R", 8 ], [ "R", 8 ], [ "R", 1 ], [ "R", 8 ], [ "R", 8 ], [ "R", 1 ], [ "R", 1 ], [ "W", 1 ], [ "W", 1 ], [ "W", 1 ] ]
    } ]
  },
  "PostsController.unhidePost" : {
    "t" : [ {
      "id" : 0,
      "a" : [ [ "R", 3 ], [ "W", 3 ], [ "W", 3 ] ]
    } ]
  }
}