{
  "CustomerSubscriptionController.addCustomerSubscription" : {
    "t" : [ {
      "id" : 0,
      "a" : [ [ "R", 39 ], [ "R", 39 ], [ "R", 39 ], [ "R", 39 ], [ "R", 39 ], [ "R", 39 ], [ "R", 39 ], [ "R", 39 ], [ "R", 39 ], [ "R", 26 ], [ "R", 39 ], [ "R", 39 ], [ "R", 39 ], [ "R", 39 ], [ "R", 39 ], [ "R", 39 ], [ "R", 39 ], [ "W", 39 ], [ "R", 5 ], [ "R", 5 ], [ "W", 5 ], [ "W", 5 ], [ "R", 39 ], [ "R", 39 ], [ "R", 39 ], [ "R", 39 ], [ "W", 39 ], [ "R", 39 ], [ "R", 39 ], [ "W", 35 ], [ "R", 39 ], [ "W", 35 ], [ "W", 35 ], [ "W", 35 ], [ "W", 35 ], [ "R", 35 ], [ "R", 35 ], [ "R", 26 ], [ "R", 26 ], [ "R", 26 ], [ "R", 26 ], [ "R", 26 ], [ "W", 26 ], [ "W", 26 ], [ "W", 26 ], [ "W", 26 ], [ "R", 26 ], [ "R", 26 ], [ "R", 26 ], [ "R", 26 ], [ "R", 26 ], [ "R", 103 ], [ "R", 103 ], [ "R", 103 ], [ "R", 61 ], [ "R", 103 ], [ "R", 103 ], [ "R", 103 ], [ "R", 61 ], [ "R", 61 ], [ "R", 26 ], [ "R", 26 ], [ "R", 26 ], [ "R", 64 ], [ "R", 64 ], [ "R", 104 ], [ "R", 64 ], [ "R", 104 ], [ "R", 104 ], [ "R", 103 ], [ "R", 103 ], [ "R", 103 ], [ "R", 61 ], [ "R", 103 ], [ "R", 103 ], [ "R", 103 ], [ "R", 61 ], [ "R", 61 ], [ "R", 103 ], [ "R", 103 ], [ "R", 103 ], [ "R", 61 ], [ "R", 103 ], [ "R", 103 ], [ "R", 103 ], [ "R", 61 ], [ "R", 103 ], [ "R", 103 ], [ "R", 103 ], [ "R", 61 ], [ "R", 61 ], [ "R", 61 ], [ "R", 61 ], [ "R", 103 ], [ "R", 103 ], [ "R", 103 ], [ "R", 61 ], [ "R", 103 ], [ "R", 103 ], [ "R", 103 ], [ "R", 61 ], [ "R", 61 ], [ "R", 26 ], [ "R", 26 ], [ "R", 26 ], [ "R", 64 ], [ "R", 64 ], [ "R", 104 ], [ "R", 64 ], [ "R", 104 ], [ "R", 104 ], [ "R", 64 ], [ "R", 64 ], [ "R", 64 ], [ "R", 64 ], [ "R", 103 ], [ "R", 103 ], [ "R", 103 ], [ "R", 61 ], [ "R", 103 ], [ "R", 103 ], [ "R", 103 ], [ "R", 61 ], [ "R", 61 ], [ "R", 103 ], [ "R", 103 ], [ "R", 103 ], [ "R", 61 ], [ "R", 61 ], [ "R", 103 ], [ "R", 103 ], [ "R", 103 ], [ "R", 61 ], [ "R", 61 ], [ "R", 103 ], [ "R", 103 ], [ "R", 103 ], [ "R", 61 ], [ "R", 61 ], [ "R", 103 ], [ "R", 103 ], [ "R", 103 ], [ "R", 61 ], [ "R", 61 ], [ "R", 103 ], [ "R", 103 ], [ "R", 103 ], [ "R", 61 ], [ "R", 61 ], [ "R", 103 ], [ "R", 103 ], [ "R", 103 ], [ "R", 61 ], [ "R", 61 ], [ "R", 103 ], [ "R", 103 ], [ "R", 103 ], [ "R", 61 ], [ "R", 61 ], [ "R", 103 ], [ "R", 103 ], [ "R", 103 ], [ "R", 61 ], [ "R", 61 ], [ "R", 103 ], [ "R", 103 ], [ "R", 103 ], [ "R", 61 ], [ "R", 61 ], [ "R", 103 ], [ "R", 103 ], [ "R", 103 ], [ "R", 61 ], [ "R", 61 ], [ "R", 61 ], [ "R", 61 ], [ "R", 103 ], [ "R", 103 ], [ "R", 103 ], [ "R", 61 ], [ "R", 61 ], [ "R", 61 ], [ "R", 61 ], [ "R", 39 ] ]
    } ]
  },
  "CustomerRewardExpiryController.getRewardExpiry" : {
    "t" : [ {
      "id" : 0,
      "a" : [ [ "R", 37 ], [ "R", 37 ], [ "R", 92 ], [ "R", 92 ], [ "R", 37 ], [ "R", 92 ] ]
    } ]
  },
  "CustomerPromotionalEventController.getCompletedMilestones" : {
    "t" : [ {
      "id" : 0,
      "a" : [ [ "R", 33 ], [ "R", 78 ], [ "R", 78 ] ]
    } ]
  },
  "LoyaltyProgramSkuController.getLoyaltyProgramSkusByProgramId" : {
    "t" : [ {
      "id" : 0,
      "a" : [ [ "R", 51 ], [ "R", 51 ] ]
    } ]
  },
  "RedemptionVoucherSourceController.listRedemptionVoucherSources" : {
    "t" : [ {
      "id" : 0,
      "a" : [ [ "R", 90 ], [ "R", 90 ], [ "R", 90 ], [ "R", 90 ] ]
    } ]
  },
  "CardNumberInfoController.searchValidatedCardDetails" : {
    "t" : [ {
      "id" : 0,
      "a" : [ [ "W", 13 ], [ "W", 13 ], [ "W", 13 ], [ "W", 13 ], [ "R", 13 ], [ "R", 13 ], [ "R", 13 ], [ "R", 13 ], [ "R", 13 ], [ "R", 13 ], [ "R", 13 ], [ "R", 13 ], [ "R", 13 ], [ "R", 13 ], [ "R", 13 ], [ "R", 13 ], [ "R", 13 ], [ "R", 13 ], [ "R", 13 ], [ "R", 13 ], [ "R", 13 ], [ "W", 11 ], [ "W", 11 ], [ "W", 11 ], [ "R", 11 ], [ "R", 11 ], [ "R", 11 ], [ "R", 11 ], [ "R", 11 ], [ "R", 11 ], [ "R", 11 ], [ "R", 13 ], [ "R", 13 ], [ "R", 13 ], [ "R", 13 ], [ "R", 13 ], [ "R", 15 ], [ "R", 15 ], [ "R", 15 ], [ "R", 15 ], [ "R", 15 ], [ "R", 15 ], [ "R", 15 ], [ "R", 15 ], [ "R", 15 ], [ "R", 15 ], [ "R", 15 ], [ "R", 15 ] ]
    } ]
  },
  "PromotionController.deletePromotion" : {
    "t" : [ {
      "id" : 0,
      "a" : [ [ "R", 81 ], [ "R", 81 ], [ "R", 110 ], [ "R", 110 ], [ "R", 115 ], [ "R", 110 ], [ "R", 112 ], [ "R", 110 ], [ "R", 112 ], [ "R", 110 ], [ "R", 111 ], [ "R", 112 ], [ "R", 112 ], [ "W", 110 ], [ "R", 110 ], [ "R", 110 ], [ "R", 53 ], [ "R", 53 ], [ "R", 44 ], [ "W", 53 ], [ "W", 110 ], [ "R", 110 ], [ "R", 115 ], [ "R", 115 ], [ "R", 94 ], [ "R", 94 ], [ "W", 112 ], [ "W", 112 ], [ "R", 110 ], [ "R", 112 ], [ "R", 112 ], [ "R", 112 ], [ "W", 112 ], [ "W", 112 ], [ "R", 110 ], [ "R", 112 ], [ "R", 112 ], [ "R", 112 ], [ "W", 81 ] ]
    } ]
  },
  "CouponDistributionController.saveCouponDistribution" : {
    "t" : [ {
      "id" : 0,
      "a" : [ [ "R", 110 ], [ "R", 110 ], [ "R", 115 ], [ "R", 110 ], [ "R", 112 ], [ "R", 110 ], [ "R", 112 ], [ "R", 110 ], [ "R", 111 ], [ "R", 112 ], [ "R", 112 ], [ "W", 110 ], [ "R", 110 ], [ "R", 110 ], [ "R", 53 ], [ "R", 53 ], [ "R", 44 ], [ "W", 53 ], [ "W", 110 ], [ "R", 110 ], [ "R", 115 ], [ "R", 115 ], [ "R", 94 ], [ "R", 94 ], [ "W", 112 ], [ "W", 112 ], [ "R", 110 ], [ "R", 112 ], [ "R", 112 ], [ "R", 112 ], [ "W", 112 ], [ "W", 112 ], [ "R", 110 ], [ "R", 112 ], [ "R", 112 ], [ "R", 112 ], [ "R", 24 ], [ "R", 24 ], [ "W", 24 ], [ "R", 24 ], [ "R", 24 ], [ "R", 24 ], [ "R", 24 ], [ "R", 24 ], [ "R", 24 ], [ "R", 24 ], [ "R", 24 ], [ "R", 24 ], [ "R", 24 ], [ "R", 24 ], [ "R", 24 ], [ "R", 24 ], [ "R", 24 ], [ "R", 24 ], [ "W", 24 ], [ "W", 24 ], [ "W", 24 ], [ "R", 24 ], [ "R", 24 ], [ "R", 24 ], [ "R", 24 ], [ "R", 24 ], [ "W", 67 ], [ "R", 24 ], [ "W", 67 ], [ "R", 24 ], [ "W", 67 ], [ "W", 67 ], [ "W", 67 ], [ "R", 24 ], [ "W", 67 ], [ "W", 67 ], [ "R", 24 ], [ "R", 24 ], [ "R", 24 ], [ "W", 67 ], [ "R", 24 ], [ "W", 67 ], [ "R", 24 ], [ "W", 67 ], [ "R", 24 ], [ "W", 67 ], [ "R", 24 ], [ "W", 67 ], [ "R", 67 ], [ "R", 67 ], [ "R", 67 ], [ "R", 67 ], [ "R", 26 ], [ "R", 26 ], [ "R", 26 ], [ "R", 26 ], [ "R", 67 ], [ "R", 67 ], [ "R", 67 ], [ "R", 26 ], [ "R", 26 ], [ "R", 26 ], [ "R", 26 ], [ "R", 67 ], [ "R", 102 ], [ "R", 102 ], [ "R", 26 ], [ "R", 26 ], [ "R", 26 ], [ "R", 26 ], [ "R", 67 ], [ "R", 67 ], [ "R", 26 ], [ "R", 26 ], [ "R", 26 ], [ "R", 26 ], [ "R", 67 ], [ "R", 67 ], [ "R", 67 ], [ "R", 26 ], [ "R", 26 ], [ "R", 26 ], [ "R", 26 ], [ "R", 67 ], [ "R", 102 ], [ "R", 102 ], [ "R", 26 ], [ "R", 26 ], [ "R", 26 ], [ "R", 26 ], [ "R", 67 ], [ "R", 67 ], [ "R", 67 ], [ "R", 67 ], [ "W", 26 ], [ "W", 26 ], [ "W", 26 ], [ "W", 26 ], [ "R", 26 ], [ "R", 26 ], [ "R", 26 ], [ "R", 26 ], [ "R", 26 ], [ "R", 103 ], [ "R", 103 ], [ "R", 103 ], [ "R", 61 ], [ "R", 103 ], [ "R", 103 ], [ "R", 103 ], [ "R", 61 ], [ "R", 61 ], [ "R", 26 ], [ "R", 26 ], [ "R", 26 ], [ "R", 64 ], [ "R", 64 ], [ "R", 104 ], [ "R", 64 ], [ "R", 104 ], [ "R", 104 ], [ "R", 103 ], [ "R", 103 ], [ "R", 103 ], [ "R", 61 ], [ "R", 103 ], [ "R", 103 ], [ "R", 103 ], [ "R", 61 ], [ "R", 61 ], [ "R", 103 ], [ "R", 103 ], [ "R", 103 ], [ "R", 61 ], [ "R", 103 ], [ "R", 103 ], [ "R", 103 ], [ "R", 61 ], [ "R", 103 ], [ "R", 103 ], [ "R", 103 ], [ "R", 61 ], [ "R", 61 ], [ "R", 61 ], [ "R", 61 ], [ "R", 103 ], [ "R", 103 ], [ "R", 103 ], [ "R", 61 ], [ "R", 103 ], [ "R", 103 ], [ "R", 103 ], [ "R", 61 ], [ "R", 61 ], [ "R", 26 ], [ "R", 26 ], [ "R", 26 ], [ "R", 64 ], [ "R", 64 ], [ "R", 104 ], [ "R", 64 ], [ "R", 104 ], [ "R", 104 ], [ "R", 64 ], [ "R", 64 ], [ "R", 64 ], [ "R", 64 ], [ "R", 103 ], [ "R", 103 ], [ "R", 103 ], [ "R", 61 ], [ "R", 103 ], [ "R", 103 ], [ "R", 103 ], [ "R", 61 ], [ "R", 61 ], [ "R", 103 ], [ "R", 103 ], [ "R", 103 ], [ "R", 61 ], [ "R", 61 ], [ "R", 103 ], [ "R", 103 ], [ "R", 103 ], [ "R", 61 ], [ "R", 61 ], [ "R", 103 ], [ "R", 103 ], [ "R", 103 ], [ "R", 61 ], [ "R", 61 ], [ "R", 103 ], [ "R", 103 ], [ "R", 103 ], [ "R", 61 ], [ "R", 61 ], [ "R", 103 ], [ "R", 103 ], [ "R", 103 ], [ "R", 61 ], [ "R", 61 ], [ "R", 103 ], [ "R", 103 ], [ "R", 103 ], [ "R", 61 ], [ "R", 61 ], [ "R", 103 ], [ "R", 103 ], [ "R", 103 ], [ "R", 61 ], [ "R", 61 ], [ "R", 103 ], [ "R", 103 ], [ "R", 103 ], [ "R", 61 ], [ "R", 61 ], [ "R", 103 ], [ "R", 103 ], [ "R", 103 ], [ "R", 61 ], [ "R", 61 ], [ "R", 103 ], [ "R", 103 ], [ "R", 103 ], [ "R", 61 ], [ "R", 61 ], [ "R", 61 ], [ "R", 61 ], [ "R", 103 ], [ "R", 103 ], [ "R", 103 ], [ "R", 61 ], [ "R", 61 ], [ "R", 61 ], [ "R", 61 ], [ "R", 67 ], [ "R", 67 ], [ "R", 67 ], [ "W", 26 ], [ "W", 26 ], [ "W", 26 ], [ "W", 26 ], [ "R", 26 ], [ "R", 26 ], [ "R", 26 ], [ "R", 26 ], [ "R", 26 ], [ "R", 103 ], [ "R", 103 ], [ "R", 103 ], [ "R", 61 ], [ "R", 103 ], [ "R", 103 ], [ "R", 103 ], [ "R", 61 ], [ "R", 61 ], [ "R", 26 ], [ "R", 26 ], [ "R", 26 ], [ "R", 64 ], [ "R", 64 ], [ "R", 104 ], [ "R", 64 ], [ "R", 104 ], [ "R", 104 ], [ "R", 103 ], [ "R", 103 ], [ "R", 103 ], [ "R", 61 ], [ "R", 103 ], [ "R", 103 ], [ "R", 103 ], [ "R", 61 ], [ "R", 61 ], [ "R", 103 ], [ "R", 103 ], [ "R", 103 ], [ "R", 61 ], [ "R", 103 ], [ "R", 103 ], [ "R", 103 ], [ "R", 61 ], [ "R", 103 ], [ "R", 103 ], [ "R", 103 ], [ "R", 61 ], [ "R", 61 ], [ "R", 61 ], [ "R", 61 ], [ "R", 103 ], [ "R", 103 ], [ "R", 103 ], [ "R", 61 ], [ "R", 103 ], [ "R", 103 ], [ "R", 103 ], [ "R", 61 ], [ "R", 61 ], [ "R", 26 ], [ "R", 26 ], [ "R", 26 ], [ "R", 64 ], [ "R", 64 ], [ "R", 104 ], [ "R", 64 ], [ "R", 104 ], [ "R", 104 ], [ "R", 64 ], [ "R", 64 ], [ "R", 64 ], [ "R", 64 ], [ "R", 103 ], [ "R", 103 ], [ "R", 103 ], [ "R", 61 ], [ "R", 103 ], [ "R", 103 ], [ "R", 103 ], [ "R", 61 ], [ "R", 61 ], [ "R", 103 ], [ "R", 103 ], [ "R", 103 ], [ "R", 61 ], [ "R", 61 ], [ "R", 103 ], [ "R", 103 ], [ "R", 103 ], [ "R", 61 ], [ "R", 61 ], [ "R", 103 ], [ "R", 103 ], [ "R", 103 ], [ "R", 61 ], [ "R", 61 ], [ "R", 103 ], [ "R", 103 ], [ "R", 103 ], [ "R", 61 ], [ "R", 61 ], [ "R", 103 ], [ "R", 103 ], [ "R", 103 ], [ "R", 61 ], [ "R", 61 ], [ "R", 103 ], [ "R", 103 ], [ "R", 103 ], [ "R", 61 ], [ "R", 61 ], [ "R", 103 ], [ "R", 103 ], [ "R", 103 ], [ "R", 61 ], [ "R", 61 ], [ "R", 103 ], [ "R", 103 ], [ "R", 103 ], [ "R", 61 ], [ "R", 61 ], [ "R", 103 ], [ "R", 103 ], [ "R", 103 ], [ "R", 61 ], [ "R", 61 ], [ "R", 103 ], [ "R", 103 ], [ "R", 103 ], [ "R", 61 ], [ "R", 61 ], [ "R", 61 ], [ "R", 61 ], [ "R", 103 ], [ "R", 103 ], [ "R", 103 ], [ "R", 61 ], [ "R", 61 ], [ "R", 61 ], [ "R", 61 ], [ "R", 24 ], [ "R", 24 ] ]
    } ]
  },
  "RedemptionVoucherSourceController.saveRedemptionVoucherSource" : {
    "t" : [ {
      "id" : 0,
      "a" : [ [ "R", 90 ], [ "R", 90 ], [ "W", 90 ], [ "R", 110 ], [ "R", 110 ], [ "R", 115 ], [ "R", 110 ], [ "R", 112 ], [ "R", 110 ], [ "R", 112 ], [ "R", 110 ], [ "R", 111 ], [ "R", 112 ], [ "R", 112 ], [ "W", 110 ], [ "R", 110 ], [ "R", 110 ], [ "R", 53 ], [ "R", 53 ], [ "R", 44 ], [ "W", 53 ], [ "W", 110 ], [ "R", 110 ], [ "R", 115 ], [ "R", 115 ], [ "R", 94 ], [ "R", 94 ], [ "W", 112 ], [ "W", 112 ], [ "R", 110 ], [ "R", 112 ], [ "R", 112 ], [ "R", 112 ], [ "W", 112 ], [ "W", 112 ], [ "R", 110 ], [ "R", 112 ], [ "R", 112 ], [ "R", 112 ], [ "R", 90 ], [ "R", 90 ], [ "R", 90 ], [ "R", 90 ], [ "R", 90 ], [ "R", 90 ], [ "R", 90 ], [ "R", 90 ], [ "R", 90 ], [ "W", 90 ], [ "R", 90 ], [ "W", 90 ], [ "R", 90 ], [ "W", 90 ], [ "W", 90 ], [ "R", 90 ], [ "W", 90 ], [ "W", 90 ], [ "R", 90 ], [ "R", 90 ], [ "R", 90 ], [ "R", 90 ], [ "W", 117 ], [ "W", 117 ], [ "R", 90 ], [ "W", 117 ], [ "R", 90 ], [ "W", 117 ], [ "W", 90 ], [ "W", 90 ], [ "W"