{
  "PawnsController.searchRenewPawn" : {
    "t" : [ {
      "id" : 0,
      "a" : [ [ "R", 31 ], [ "R", 31 ], [ "R", 30 ], [ "R", 25 ], [ "R", 25 ], [ "R", 21 ], [ "R", 25 ], [ "R", 25 ], [ "R", 25 ], [ "R", 30 ], [ "R", 25 ], [ "R", 25 ], [ "R", 21 ] ]
    } ]
  },
  "JewelsController.revise" : {
    "t" : [ {
      "id" : 0,
      "a" : [ [ "R", 17 ], [ "R", 17 ], [ "R", 17 ], [ "W", 17 ], [ "W", 17 ], [ "R", 17 ], [ "W", 17 ], [ "R", 17 ], [ "R", 45 ], [ "R", 17 ], [ "R", 45 ], [ "R", 45 ], [ "W", 17 ], [ "W", 45 ], [ "W", 17 ] ]
    } ]
  },
  "ShoppingsAdminController.saveShop" : {
    "t" : [ {
      "id" : 0,
      "a" : [ [ "R", 22 ], [ "R", 22 ], [ "R", 22 ], [ "R", 22 ], [ "R", 19 ], [ "W", 22 ], [ "W", 19 ], [ "R", 42 ], [ "R", 20 ], [ "R", 41 ], [ "R", 7 ], [ "W", 7 ], [ "W", 7 ], [ "W", 41 ], [ "W", 7 ], [ "R", 31 ], [ "R", 31 ], [ "R", 30 ], [ "R", 41 ], [ "R", 22 ], [ "R", 22 ], [ "W", 22 ], [ "W", 41 ], [ "W", 26 ], [ "W", 27 ], [ "W", 26 ], [ "W", 27 ], [ "W", 27 ], [ "W", 41 ], [ "R", 41 ], [ "W", 41 ], [ "R", 41 ], [ "W", 41 ], [ "W", 41 ], [ "W", 30 ], [ "W", 41 ], [ "W", 27 ], [ "W", 41 ], [ "W", 22 ], [ "W", 41 ], [ "W", 41 ], [ "R", 31 ], [ "R", 31 ], [ "R", 30 ], [ "R", 41 ], [ "R", 41 ] ]
    } ]
  },
  "SaleAdminController.newSale" : {
    "t" : [ {
      "id" : 0,
      "a" : [ [ "R", 19 ], [ "R", 5 ], [ "R", 26 ], [ "R", 30 ] ]
    } ]
  },
  "JewelsController.allcoins" : {
    "t" : [ {
      "id" : 0,
      "a" : [ [ "R", 8 ] ]
    } ]
  },
  "JewelsController.resultjewelsactive" : {
    "t" : [ {
      "id" : 0,
      "a" : [ [ "R", 17 ], [ "R", 17 ], [ "R", 30 ], [ "R", 17 ] ]
    } ]
  },
  "DiscountsController.savediscount" : {
    "t" : [ {
      "id" : 0,
      "a" : [ [ "R", 35 ], [ "R", 24 ], [ "R", 11 ], [ "R", 31 ], [ "R", 31 ], [ "R", 30 ], [ "R", 11 ], [ "W", 11 ], [ "W", 11 ], [ "R", 13 ], [ "R", 10 ], [ "R", 11 ], [ "R", 11 ], [ "R", 11 ], [ "R", 11 ], [ "R", 2 ], [ "R", 2 ], [ "R", 2 ], [ "R", 26 ], [ "R", 26 ], [ "R", 33 ], [ "R", 33 ], [ "R", 33 ], [ "R", 25 ], [ "R", 30 ], [ "R", 33 ], [ "R", 33 ], [ "R", 25 ], [ "R", 25 ], [ "R", 25 ], [ "R", 25 ], [ "R", 23 ], [ "R", 23 ], [ "R", 25 ], [ "R", 25 ], [ "R", 25 ], [ "R", 25 ], [ "R", 25 ], [ "R", 25 ], [ "R", 25 ], [ "R", 30 ], [ "R", 30 ], [ "R", 41 ], [ "R", 41 ], [ "R", 27 ], [ "R", 27 ], [ "R", 26 ], [ "R", 26 ], [ "R", 27 ], [ "R", 27 ], [ "R", 26 ], [ "R", 26 ], [ "R", 2 ], [ "R", 2 ], [ "R", 26 ], [ "R", 26 ], [ "R", 2 ], [ "R", 34 ], [ "R", 34 ], [ "R", 34 ], [ "R", 3 ], [ "R", 3 ], [ "R", 4 ], [ "R", 4 ], [ "R", 26 ], [ "R", 26 ], [ "R", 4 ], [ "R", 12 ], [ "R", 12 ], [ "R", 24 ], [ "R", 24 ], [ "R", 26 ], [ "R", 26 ], [ "R", 24 ], [ "R", 35 ], [ "R", 35 ], [ "R", 39 ], [ "R", 39 ], [ "R", 26 ], [ "R", 26 ], [ "R", 39 ], [ "R", 26 ], [ "R", 31 ], [ "R", 31 ], [ "W", 44 ], [ "R", 28 ], [ "R", 28 ], [ "R", 37 ], [ "R", 37 ], [ "R", 16 ], [ "R", 16 ], [ "R", 26 ], [ "R", 26 ], [ "R", 16 ], [ "R", 26 ], [ "R", 10 ], [ "R", 10 ], [ "W", 10 ], [ "W", 10 ], [ "W", 30 ], [ "R", 13 ], [ "R", 10 ], [ "R", 10 ], [ "W", 10 ], [ "W", 10 ], [ "W", 10 ] ]
    } ]
  },
  "SalesController.removeSale" : {
    "t" : [ {
      "id" : 0,
      "a" : [ [ "R", 26 ], [ "W", 26 ], [ "W", 26 ], [ "W", 26 ], [ "W", 26 ] ]
    } ]
  },
  "ShoppingsAdminController.searchClient" : {
    "t" : [ {
      "id" : 0,
      "a" : [ [ "R", 31 ], [ "R", 31 ], [ "R", 30 ], [ "R", 41 ], [ "R", 41 ] ]
    } ]
  },
  "PawnsController.newPawn" : {
    "t" : [ {
      "id" : 0,
      "a" : [ [ "R", 7 ], [ "R", 19 ], [ "W", 21 ], [ "W", 19 ], [ "R", 42 ], [ "R", 20 ] ]
    } ]
  },
  "JewelsController.allsets" : {
    "t" : [ {
      "id" : 0,
      "a" : [ [ "R", 40 ], [ "R", 40 ], [ "R", 17 ], [ "R", 40 ], [ "R", 17 ], [ "R", 40 ], [ "R", 17 ], [ "R", 40 ], [ "R", 17 ], [ "R", 40 ], [ "R", 17 ], [ "R", 40 ], [ "R", 17 ], [ "R", 40 ], [ "R", 17 ], [ "R", 40 ], [ "R", 17 ], [ "R", 40 ], [ "R", 17 ], [ "R", 40 ], [ "R", 17 ], [ "R", 40 ], [ "R", 17 ], [ "R", 40 ], [ "R", 17 ], [ "R", 40 ], [ "R", 17 ], [ "R", 40 ], [ "R", 17 ], [ "R", 40 ], [ "R", 17 ], [ "R", 40 ], [ "R", 17 ], [ "R", 40 ] ]
    } ]
  },
  "HomeController.shop" : {
    "t" : [ {
      "id" : 0,
      "a" : [ [ "R", 5 ], [ "W", 30 ], [ "R", 17 ] ]
    } ]
  },
  "IncidentsAdminController.searchIncident" : {
    "t" : [ {
      "id" : 0,
      "a" : [ [ "R", 15 ] ]
    } ]
  },
  "ClientsController.showoperations" : {
    "t" : [ {
      "id" : 0,
      "a" : [ [ "W", 7 ], [ "R", 41 ], [ "W", 7 ], [ "R", 25 ] ]
    } ]
  },
  "PawnsAdminController.renovations" : {
    "t" : [ {
      "id" : 0,
      "a" : [ [ "R", 25 ], [ "R", 25 ], [ "R", 33 ], [ "R", 33 ], [ "R", 33 ], [ "R", 33 ], [ "R", 25 ], [ "R", 33 ], [ "R", 25 ] ]
    } ]
  },
  "UsersController.newUser" : {
    "t" : [ {
      "id" : 0,
      "a" : [ [ "R", 30 ] ]
    } ]
  },
  "PawnsAdminController.outofdate" : {
    "t" : [ {
      "id" : 0,
      "a" : [ [ "R", 30 ] ]
    } ]
  },
  "PawnsController.renew" : {
    "t" : [ {
      "id" : 0,
      "a" : [ [ "R", 25 ], [ "R", 25 ], [ "R", 33 ], [ "R", 33 ], [ "R", 33 ], [ "R", 25 ], [ "W", 33 ], [ "W", 25 ], [ "W", 33 ], [ "W", 33 ], [ "W", 33 ], [ "R", 31 ], [ "R", 31 ], [ "R", 30 ], [ "R", 13 ], [ "R", 10 ], [ "R", 11 ], [ "R", 11 ], [ "R", 11 ], [ "R", 11 ], [ "R", 2 ], [ "R", 2 ], [ "R", 2 ], [ "R", 26 ], [ "R", 26 ], [ "R", 33 ], [ "R", 33 ], [ "R", 33 ], [ "R", 25 ], [ "R", 30 ], [ "R", 33 ], [ "R", 33 ], [ "R", 25 ], [ "R", 25 ], [ "R", 25 ], [ "R", 25 ], [ "R", 23 ], [ "R", 23 ], [ "R", 25 ], [ "R", 25 ], [ "R", 25 ], [ "R", 25 ], [ "R", 25 ], [ "R", 25 ], [ "R", 25 ], [ "R", 30 ], [ "R", 30 ], [ "R", 41 ], [ "R", 41 ], [ "R", 27 ], [ "R", 27 ], [ "R", 26 ], [ "R", 26 ], [ "R", 27 ], [ "R", 27 ], [ "R", 26 ], [ "R", 26 ], [ "R", 2 ], [ "R", 2 ], [ "R", 26 ], [ "R", 26 ], [ "R", 2 ], [ "R", 34 ], [ "R", 34 ], [ "R", 34 ], [ "R", 3 ], [ "R", 3 ], [ "R", 4 ], [ "R", 4 ], [ "R", 26 ], [ "R", 26 ], [ "R", 4 ], [ "R", 12 ], [ "R", 12 ], [ "R", 24 ], [ "R", 24 ], [ "R", 26 ], [ "R", 26 ], [ "R", 24 ], [ "R", 35 ], [ "R", 35 ], [ "R", 39 ], [ "R", 39 ], [ "R", 26 ], [ "R", 26 ], [ "R", 39 ], [ "R", 26 ], [ "R", 31 ], [ "R", 31 ], [ "W", 44 ], [ "R", 28 ], [ "R", 28 ], [ "R", 37 ], [ "R", 37 ], [ "R", 16 ], [ "R", 16 ], [ "R", 26 ], [ "R", 26 ], [ "R", 16 ], [ "R", 26 ], [ "R", 10 ], [ "R", 10 ], [ "W", 10 ], [ "W", 10 ], [ "W", 30 ], [ "R", 13 ], [ "R", 10 ], [ "R", 10 ], [ "W", 10 ], [ "W", 10 ], [ "W", 10 ] ]
    } ]
  },
  "JewelsController.resultSearchUpdateJewels" : {
    "t" : [ {
      "id" : 0,
      "a" : [ [ "R", 17 ], [ "R", 17 ], [ "R", 17 ], [ "R", 5 ], [ "R", 17 ], [ "R", 17 ], [ "R", 17 ], [ "R", 5 ], [ "R", 17 ] ]
    } ]
  },
  "PawnsAdminController.quarterpawns" : {
    "t" : [ {
      "id" : 0,
      "a" : [ [ "R", 25 ], [ "R", 25 ], [ "R", 21 ], [ "R", 25 ], [ "R", 21 ], [ "R", 25 ], [ "R", 21 ], [ "R", 25 ], [ "R", 25 ], [ "R", 21 ], [ "R", 19 ], [ "R", 25 ], [ "R", 25 ], [ "R", 25 ], [ "R", 25 ], [ "R", 21 ], [ "R", 25 ], [ "R", 25 ], [ "R", 25 ], [ "R", 21 ], [ "R", 19 ] ]
    } ]
  },
  "ShoppingsAdminController.searchQuarterMetal" : {
    "t" : [ {
      "id" : 0,
      "a" : [ [ "R", 30 ] ]
    } ]
  },
  "HomeController.cart" : {
    "t" : [ {
      "id" : 0,
      "a" : [ [ "R", 5 ] ]
    } ]
  },
  "HomeController.faqs" : {
    "t" : [ {
      "id" : 0,
      "a" : [ [ "R", 5 ] ]
    } ]
  },
  "PawnsController.newreturnpawn" : {
    "t" : [ {
      "id" : 0,
      "a" : [ [ "R", 25 ], [ "R", 25 ], [ "R", 7 ], [ "R", 20 ], [ "R", 42 ], [ "R", 19 ] ]
    } ]
  },
  "HolidaysController.addHoliday" : {
    "t" : [ {
      "id" : 0,
      "a" : [ [ "R", 30 ], [ "R", 30 ], [ "R", 13 ], [ "R", 30 ], [ "R", 30 ], [ "R", 30 ], [ "R", 13 ], [ "W", 13 ], [ "W", 30 ], [ "W", 13 ], [ "R", 13 ], [ "W", 13 ] ]
    } ]
  },
  "DailiesController.beforeday" : {
    "t" : [ {
      "id" : 0,
      "a" : [ [ "W", 30 ], [ "R", 13 ], [ "R", 10 ], [ "R", 11 ], [ "R", 11 ], [ "R", 11 ], [ "R", 11 ], [ "R", 2 ], [ "R", 2 ], [ "R", 2 ], [ "R", 26 ], [ "R", 26 ], [ "R", 33 ], [ "R", 33 ], [ "R", 33 ], [ "R", 25 ], [ "R", 30 ], [ "R", 33 ], [ "R", 33 ], [ "R", 25 ], [ "R", 25 ], [ "R", 25 ], [ "R", 25 ], [ "R", 23 ], [ "R", 23 ], [ "R", 25 ], [ "R", 25 ], [ "R", 25 ], [ "R", 25 ], [ "R", 25 ], [ "R", 25 ], [ "R", 25 ], [ "R", 30 ], [ "R", 30 ], [ "R", 41 ], [ "R", 41 ], [ "R", 27 ], [ "R", 27 ], [ "R", 26 ], [ "R", 26 ], [ "R", 27 ], [ "R", 27 ], [ "R", 26 ], [ "R", 26 ], [ "R", 2 ], [ "R", 2 ], [ "R", 26 ], [ "R", 26 ], [ "R", 2 ], [ "R", 34 ], [ "R", 34 ], [ "R", 34 ], [ "R", 3 ], [ "R", 3 ], [ "R", 4 ], [ "R", 4 ], [ "R", 26 ], [ "R", 26 ], [ "R", 4 ], [ "R", 12 ], [ "R", 12 ], [ "R", 24 ], [ "R", 24 ], [ "R", 26 ], [ "R", 26 ], [ "R", 24 ], [ "R", 35 ], [ "R", 35 ], [ "R", 39 ], [ "R", 39 ], [ "R", 26 ], [ "R", 26 ], [ "R", 39 ], [ "R", 26 ], [ "R", 31 ], [ "R", 31 ], [ "W", 44 ], [ "R", 28 ], [ "R", 28 ], [ "R", 37 ], [ "R", 37 ], [ "R", 16 ], [ "R", 16 ], [ "R", 26 ], [ "R", 26 ], [ "R", 16 ], [ "R", 26 ], [ "R", 10 ], [ "R", 10 ], [ "W", 10 ], [ "W", 10 ], [ "W", 30 ], [ "R", 13 ], [ "R", 10 ], [ "R", 10 ], [ "W", 10 ], [ "W", 10 ], [ "W", 10 ] ]
    } ]
  },
  "AdjustmentsAdminController.resultadjustment" : {
    "t" : [ {
      "id" : 0,
      "a" : [ [ "R", 2 ] ]
    } ]
  },
  "ShoppingsAdminController.newshop" : {
    "t" : [ {
      "id" : 0,
      "a" : [ [ "R", 7 ], [ "R", 19 ], [ "W", 22 ], [ "W", 19 ], [ "R", 42 ], [ "R", 20 ] ]
    } ]
  },
  "AdminController.admin" : {
    "t" : [ {
      "id" : 0,
      "a" : [ [ "R", 14 ], [ "W", 14 ], [ "W", 14 ], [ "W", 9 ], [ "W", 9 ], [ "W", 14 ], [ "W", 9 ] ]
    } ]
  },
  "SaleController.deleteJewelEntity" : {
    "t" : [ {
      "id" : 0,
      "a" : [ [ "R", 17 ] ]
    } ]
  },
  "SaleAdminController.sale" : {
    "t" : [ {
      "id" : 0,
      "a" : [ [ "R", 17 ], [ "R", 17 ], [ "W", 17 ], [ "W", 30 ], [ "W", 17 ], [ "R", 17 ], [ "R", 17 ], [ "R", 5 ], [ "R", 17 ], [ "R", 19 ], [ "R", 17 ], [ "R", 30 ], [ "R", 17 ], [ "R", 17 ], [ "R", 17 ], [ "R", 17 ], [ "W", 17 ], [ "W", 30 ], [ "W", 17 ], [ "R", 17 ], [ "R", 17 ], [ "R", 5 ], [ "R", 17 ], [ "R", 19 ], [ "R", 17 ], [ "R", 30 ], [ "R", 17 ], [ "R", 17 ], [ "R", 17 ], [ "R", 30 ], [ "W", 30 ], [ "R", 35 ], [ "R", 35 ], [ "R", 38 ], [ "R", 38 ], [ "R", 17 ], [ "R", 17 ], [ "W", 35 ], [ "R", 6 ], [ "W", 6 ], [ "W", 35 ], [ "W", 6 ], [ "W", 35 ], [ "W", 35 ], [ "W", 17 ], [ "R", 17 ], [ "W", 38 ], [ "W", 35 ], [ "W", 38 ], [ "W", 17 ], [ "W", 1 ], [ "W", 35 ], [ "W", 1 ], [ "W", 1 ], [ "W", 35 ], [ "W", 1 ], [ "R", 11 ], [ "R", 11 ], [ "W", 11 ], [ "W", 11 ], [ "W", 11 ], [ "W", 35 ], [ "W", 35 ], [ "R", 26 ], [ "W", 39 ], [ "W", 26 ], [ "W", 39 ], [ "W", 35 ], [ "W", 26 ], [ "W", 39 ], [ "W", 26 ], [ "W", 39 ], [ "W", 35 ], [ "W", 39 ], [ "R", 35 ], [ "W", 39 ], [ "R", 35 ], [ "W", 39 ], [ "R", 30 ], [ "W", 35 ], [ "W", 30 ], [ "W", 35 ], [ "W", 38 ], [ "W", 35 ], [ "W", 35 ], [ "W", 39 ], [ "R", 35 ], [ "R", 35 ], [ "R", 24 ], [ "R", 11 ], [ "R", 35 ], [ "R", 30 ], [ "R", 30 ], [ "R", 35 ], [ "R", 38 ], [ "R", 35 ], [ "R", 38 ], [ "R", 38 ], [ "R", 17 ], [ "R", 17 ], [ "R", 17 ], [ "W", 17 ], [ "R", 35 ], [ "W", 17 ], [ "W", 38 ], [ "W", 17 ], [ "W", 35 ], [ "W", 38 ], [ "W", 35 ], [ "R", 35 ], [ "R", 19 ], [ "R", 5 ], [ "R", 26 ], [ "R", 30 ], [ "R", 19 ], [ "R", 5 ], [ "R", 26 ], [ "R", 30 ], [ "R", 19 ], [ "R", 5 ], [ "R", 26 ], [ "R", 30 ] ]
    } ]
  },
  "SalePostPonedController.resultsalepostponed" : {
    "t" : [ {
      "id" : 0,
      "a" : [ [ "R", 31 ], [ "R", 31 ], [ "R", 30 ], [ "R", 37 ], [ "R", 37 ], [ "R", 30 ], [ "R", 30 ], [ "R", 30 ], [ "R", 37 ], [ "R", 36 ], [ "R", 36 ], [ "R", 17 ] ]
    } ]
  },
  "ShoppingsAdminController.updateShopping" : {
    "t" : [ {
      "id" : 0,
      "a" : [ [ "R", 41 ], [ "R", 19 ] ]
    } ]
  },
  "RentalController.saveLocalRental" : {
    "t" : [ {
      "id" : 0,
      "a" : [ [ "R", 31 ], [ "R", 31 ], [ "R", 30 ], [ "R", 30 ], [ "R", 34 ], [ "R", 31 ], [ "R", 31 ], [ "R", 30 ], [ "R", 30 ], [ "W", 34 ], [ "W", 34 ], [ "W", 34 ], [ "W", 30 ], [ "W", 34 ], [ "R", 13 ], [ "R", 10 ], [ "R", 11 ], [ "R", 11 ], [ "R", 11 ], [ "R", 11 ], [ "R", 2 ], [ "R", 2 ], [ "R", 2 ], [ "R", 26 ], [ "R", 26 ], [ "R", 33 ], [ "R", 33 ], [ "R", 33 ], [ "R", 25 ], [ "R", 30 ], [ "R", 33 ], [ "R", 33 ], [ "R", 25 ], [ "R", 25 ], [ "R", 25 ], [ "R", 25 ], [ "R", 23 ], [ "R", 23 ], [ "R", 25 ], [ "R", 25 ], [ "R", 25 ], [ "R", 25 ], [ "R", 25 ], [ "R", 25 ], [ "R", 25 ], [ "R", 30 ], [ "R", 30 ], [ "R", 41 ], [ "R", 41 ], [ "R", 27 ], [ "R", 27 ], [ "R", 26 ], [ "R", 26 ], [ "R", 27 ], [ "R", 27 ], [ "R", 26 ], [ "R", 26 ], [ "R", 2 ], [ "R", 2 ], [ "R", 26 ], [ "R", 26 ], [ "R", 2 ], [ "R", 34 ], [ "R", 34 ], [ "R", 34 ], [ "R", 3 ], [ "R", 3 ], [ "R", 4 ], [ "R", 4 ], [ "R", 26 ], [ "R", 26 ], [ "R", 4 ], [ "R", 12 ], [ "R", 12 ], [ "R", 24 ], [ "R", 24 ], [ "R", 26 ], [ "R", 26 ], [ "R", 24 ], [ "R", 35 ], [ "R", 35 ], [ "R", 39 ], [ "R", 39 ], [ "R", 26 ], [ "R", 26 ], [ "R", 39 ], [ "R", 26 ], [ "R", 31 ], [ "R", 31 ], [ "W", 44 ], [ "R", 28 ], [ "R", 28 ], [ "R", 37 ], [ "R", 37 ], [ "R", 16 ], [ "R", 16 ], [ "R", 26 ], [ "R", 26 ], [ "R", 16 ], [ "R", 26 ], [ "R", 10 ], [ "R", 10 ], [ "W", 10 ], [ "W", 10 ], [ "W", 30 ], [ "R", 13 ], [ "R", 10 ], [ "R", 10 ], [ "W", 10 ], [ "W", 10 ], [ "W", 10 ] ]
    } ]
  },
  "DailyController.daily" : {
    "t" : [ {
      "id" : 0,
      "a" : [ [ "R", 31 ], [ "R", 31 ], [ "R", 30 ], [ "R", 13 ], [ "R", 10 ], [ "R", 11 ], [ "R", 11 ], [ "R", 11 ], [ "R", 11 ], [ "R", 2 ], [ "R", 2 ], [ "R", 2 ], [ "R", 26 ], [ "R", 26 ], [ "R", 33 ], [ "R", 33 ], [ "R", 33 ], [ "R", 25 ], [ "R", 30 ], [ "R", 33 ], [ "R", 33 ], [ "R", 25 ], [ "R", 25 ], [ "R", 25 ], [ "R", 25 ], [ "R", 23 ], [ "R", 23 ], [ "R", 25 ], [ "R", 25 ], [ "R", 25 ], [ "R", 25 ], [ "R", 25 ], [ "R", 25 ], [ "R", 25 ], [ "R", 30 ], [ "R", 30 ], [ "R", 41 ], [ "R", 41 ], [ "R", 27 ], [ "R", 27 ], [ "R", 26 ], [ "R", 26 ], [ "R", 27 ], [ "R", 27 ], [ "R", 26 ], [ "R", 26 ], [ "R", 2 ], [ "R", 2 ], [ "R", 26 ], [ "R", 26 ], [ "R", 2 ], [ "R", 34 ], [ "R", 34 ], [ "R", 34 ], [ "R", 3 ], [ "R", 3 ], [ "R", 4 ], [ "R", 4 ], [ "R", 26 ], [ "R", 26 ], [ "R", 4 ], [ "R", 12 ], [ "R", 12 ], [ "R", 24 ], [ "R", 24 ], [ "R", 26 ], [ "R", 26 ], [ "R", 24 ], [ "R", 35 ], [ "R", 35 ], [ "R", 39 ], [ "R", 39 ], [ "R", 26 ], [ "R", 26 ], [ "R", 39 ], [ "R", 26 ], [ "R", 31 ], [ "R", 31 ], [ "W", 44 ], [ "R", 28 ], [ "R", 28 ], [ "R", 37 ], [ "R", 37 ], [ "R", 16 ], [ "R", 16 ], [ "R", 26 ], [ "R", 26 ], [ "R", 16 ], [ "R", 26 ], [ "R", 10 ], [ "R", 10 ], [ "W", 10 ], [ "W", 10 ], [ "W", 30 ], [ "R", 13 ], [ "R", 10 ], [ "R", 10 ], [ "W", 10 ], [ "W", 10 ], [ "W", 10 ] ]
    } ]
  },
  "SalesController.deleteSale" : {
    "t" : [ {
      "id" : 0,
      "a" : [ [ "R", 26 ], [ "R", 31 ], [ "R", 31 ], [ "R", 30 ], [ "R", 30 ], [ "W", 30 ], [ "R", 35 ], [ "R", 35 ], [ "R", 38 ], [ "R", 38 ], [ "R", 17 ], [ "R", 17 ], [ "R", 26 ], [ "R", 30 ], [ "W", 30 ], [ "R", 35 ], [ "R", 35 ], [ "W", 3 ], [ "W", 3 ], [ "W", 3 ], [ "R", 35 ], [ "R", 30 ], [ "W", 3 ], [ "W", 30 ], [ "R", 35 ], [ "W", 3 ], [ "W", 26 ], [ "W", 26 ], [ "W", 4 ], [ "W", 26 ], [ "W", 4 ], [ "W", 4 ], [ "W", 3 ], [ "R", 26 ], [ "R", 26 ], [ "R", 35 ], [ "R", 39 ], [ "R", 39 ], [ "R", 26 ], [ "W", 4 ], [ "W", 26 ], [ "R", 39 ], [ "W", 4 ], [ "W", 4 ], [ "W", 3 ], [ "W", 4 ], [ "W", 26 ], [ "W", 4 ], [ "W", 4 ], [ "W", 3 ], [ "W", 3 ], [ "W", 4 ], [ "W", 11 ], [ "W", 11 ], [ "W", 11 ], [ "W", 11 ], [ "R", 30 ], [ "W", 11 ], [ "W", 30 ], [ "R", 35 ], [ "R", 38 ], [ "R", 38 ], [ "R", 17 ], [ "R", 17 ], [ "W", 17 ], [ "W", 17 ], [ "W", 3 ], [ "R", 3 ], [ "W", 11 ], [ "W", 11 ], [ "R", 13 ], [ "R", 10 ], [ "R", 11 ], [ "R", 11 ], [ "R", 11 ], [ "R", 11 ], [ "R", 2 ], [ "R", 2 ], [ "R", 2 ], [ "R", 26 ], [ "R", 26 ], [ "R", 33 ], [ "R", 33 ], [ "R", 33 ], [ "R", 25 ], [ "R", 30 ], [ "R", 33 ], [ "R", 33 ], [ "R", 25 ], [ "R", 25 ], [ "R", 25 ], [ "R", 25 ], [ "R", 23 ], [ "R", 23 ], [ "R", 25 ], [ "R", 25 ], [ "R", 25 ], [ "R", 25 ], [ "R", 25 ], [ "R", 25 ], [ "R", 25 ], [ "R", 30 ], [ "R", 30 ], [ "R", 41 ], [ "R", 41 ], [ "R", 27 ], [ "R", 27 ], [ "R", 26 ], [ "R", 26 ], [ "R", 27 ], [ "R", 27 ], [ "R", 26 ], [ "R", 26 ], [ "R", 2 ], [ "R", 2 ], [ "R", 26 ], [ "R", 26 ], [ "R", 2 ], [ "R", 34 ], [ "R", 34 ], [ "R", 34 ], [ "R", 3 ], [ "R", 3 ], [ "R", 4 ], [ "R", 4 ], [ "R", 26 ], [ "R", 26 ], [ "R", 4 ], [ "R", 12 ], [ "R", 12 ], [ "R", 24 ], [ "R", 24 ], [ "R", 26 ], [ "R", 26 ], [ "R", 24 ], [ "R", 35 ], [ "R", 35 ], [ "R", 39 ], [ "R", 39 ], [ "R", 26 ], [ "R", 26 ], [ "R", 39 ], [ "R", 26 ], [ "R", 31 ], [ "R", 31 ], [ "W", 44 ], [ "R", 28 ], [ "R", 28 ], [ "R", 37 ], [ "R", 37 ], [ "R", 16 ], [ "R", 16 ], [ "R", 26 ], [ "R", 26 ], [ "R", 16 ], [ "R", 26 ], [ "R", 10 ], [ "R", 10 ], [ "W", 10 ], [ "W", 10 ], [ "W", 30 ], [ "R", 13 ], [ "R", 10 ], [ "R", 10 ], [ "W", 10 ], [ "W", 10 ], [ "W", 10 ] ]
    } ]
  },
  "IncidentsController.resultSearchIncidents" : {
    "t" : [ {
      "id" : 0,
      "a" : [ [ "W", 44 ], [ "R", 15 ], [ "R", 15 ], [ "R", 15 ], [ "R", 44 ], [ "R", 44 ] ]
    } ]
  },
  "EmployeeController.admin" : {
    "t" : [ {
      "id" : 0,
      "a" : [ [ "R", 31 ], [ "R", 31 ], [ "R", 30 ], [ "R", 13 ], [ "R", 44 ], [ "R", 32 ], [ "W", 32 ], [ "W", 44 ], [ "W", 32 ], [ "W", 32 ], [ "R", 32 ], [ "W", 32 ], [ "W", 32 ], [ "R", 32 ], [ "W", 32 ], [ "W", 32 ], [ "R", 32 ], [ "W", 32 ], [ "W", 32 ], [ "R", 32 ], [ "W", 32 ], [ "W", 32 ], [ "W", 44 ], [ "R", 18 ] ]
    } ]
  },
  "HomeController.addProduct" : {
    "t" : [ {
      "id" : 0,
      "a" : [ [ "R", 17 ] ]
    } ]
  },
  "SearchMissingShoppingsPawnsController.searchMissingShoppings" : {
    "t" : [ {
      "id" : 0,
      "a" : [ [ "R", 30 ] ]
    } ]
  },
  "DailiesController.searchCalculateDailies" : {
    "t" : [ {
      "id" : 0,
      "a" : [ [ "R", 30 ] ]
    } ]
  },
  "DailiesController.againday" : {
    "t" : [ {
      "id" : 0,
      "a" : [ [ "W", 30 ], [ "R", 13 ], [ "R", 10 ], [ "R", 11 ], [ "R", 11 ], [ "R", 11 ], [ "R", 11 ], [ "R", 2 ], [ "R", 2 ], [ "R", 2 ], [ "R", 26 ], [ "R", 26 ], [ "R", 33 ], [ "R", 33 ], [ "R", 33 ], [ "R", 25 ], [ "R", 30 ], [ "R", 33 ], [ "R", 33 ], [ "R", 25 ], [ "R", 25 ], [ "R", 25 ], [ "R", 25 ], [ "R", 23 ], [ "R", 23 ], [ "R", 25 ], [ "R", 25 ], [ "R", 25 ], [ "R", 25 ], [ "R", 25 ], [ "R", 25 ], [ "R", 25 ], [ "R", 30 ], [ "R", 30 ], [ "R", 41 ], [ "R", 41 ], [ "R", 27 ], [ "R", 27 ], [ "R", 26 ], [ "R", 26 ], [ "R", 27 ], [ "R", 27 ], [ "R", 26 ], [ "R", 26 ], [ "R", 2 ], [ "R", 2 ], [ "R", 26 ], [ "R", 26 ], [ "R", 2 ], [ "R", 34 ], [ "R", 34 ], [ "R", 34 ], [ "R", 3 ], [ "R", 3 ], [ "R", 4 ], [ "R", 4 ], [ "R", 26 ], [ "R", 26 ], [ "R", 4 ], [ "R", 12 ], [ "R", 12 ], [ "R", 24 ], [ "R", 24 ], [ "R", 26 ], [ "R", 26 ], [ "R", 24 ], [ "R", 35 ], [ "R", 35 ], [ "R", 39 ], [ "R", 39 ], [ "R", 26 ], [ "R", 26 ], [ "R", 39 ], [ "R", 26 ], [ "R", 31 ], [ "R", 31 ], [ "W", 44 ], [ "R", 28 ], [ "R", 28 ], [ "R", 37 ], [ "R", 37 ], [ "R", 16 ], [ "R", 16 ], [ "R", 26 ], [ "R", 26 ], [ "R", 16 ], [ "R", 26 ], [ "R", 10 ], [ "R", 10 ], [ "W", 10 ], [ "W", 10 ], [ "W", 30 ], [ "R", 13 ], [ "R", 10 ], [ "R", 10 ], [ "W", 10 ], [ "W", 10 ], [ "W", 10 ] ]
    } ]
  },
  "SearchMissingShoppingsPawnsController.resultMissingShoppings" : {
    "t" : [ {
      "id" : 0,
      "a" : [ [ "R", 30 ], [ "R", 30 ], [ "R", 41 ], [ "R", 25 ] ]
    } ]
  },
  "PawnsAdminController.updatePawn" : {
    "t" : [ {
      "id" : 0,
      "a" : [ [ "R", 25 ], [ "R", 25 ], [ "R", 7 ], [ "R", 19 ], [ "R", 20 ], [ "R", 42 ] ]
    } ]
  },
  "ShoppingsController.newShopping" : {
    "t" : [ {
      "id" : 0,
      "a" : [ [ "R", 19 ], [ "W", 22 ], [ "W", 19 ] ]
    } ]
  },
  "IncidentsAdminController.allincidents" : {
    "t" : [ {
      "id" : 0,
      "a" : [ [ "R", 15 ], [ "R", 15 ], [ "R", 15 ], [ "R", 44 ], [ "R", 44 ] ]
    } ]
  },
  "IncidentsAdminController.pendingissues" : {
    "t" : [ {
      "id" : 0,
      "a" : [ [ "R", 15 ], [ "R", 15 ], [ "R", 15 ], [ "R", 44 ], [ "R", 44 ] ]
    } ]
  },
  "AdjustmentsController.saveAdjustment" : {
    "t" : [ {
      "id" : 0,
      "a" : [ [ "R", 26 ], [ "R", 2 ], [ "R", 31 ], [ "R", 31 ], [ "R", 30 ], [ "R", 2 ], [ "W", 2 ], [ "W", 2 ], [ "W", 2 ], [ "W", 30 ], [ "W", 2 ], [ "W", 2 ], [ "W", 2 ], [ "W", 2 ], [ "W", 26 ], [ "W", 2 ], [ "W", 26 ], [ "W", 2 ], [ "W", 2 ], [ "W", 2 ], [ "R", 13 ], [ "R", 10 ], [ "R", 11 ], [ "R", 11 ], [ "R", 11 ], [ "R", 11 ], [ "R", 2 ], [ "R", 2 ], [ "R", 2 ], [ "R", 26 ], [ "R", 26 ], [ "R", 33 ], [ "R", 33 ], [ "R", 33 ], [ "R", 25 ], [ "R", 30 ], [ "R", 33 ], [ "R", 33 ], [ "R", 25 ], [ "R", 25 ], [ "R", 25 ], [ "R", 25 ], [ "R", 23 ], [ "R", 23 ], [ "R", 25 ], [ "R", 25 ], [ "R", 25 ], [ "R", 25 ], [ "R", 25 ], [ "R", 25 ], [ "R", 25 ], [ "R", 30 ], [ "R", 30 ], [ "R", 41 ], [ "R", 41 ], [ "R", 27 ], [ "R", 27 ], [ "R", 26 ], [ "R", 26 ], [ "R", 27 ], [ "R", 27 ], [ "R", 26 ], [ "R", 26 ], [ "R", 2 ], [ "R", 2 ], [ "R", 26 ], [ "R", 26 ], [ "R", 2 ], [ "R", 34 ], [ "R", 34 ], [ "R", 34 ], [ "R", 3 ], [ "R", 3 ], [ "R", 4 ], [ "R", 4 ], [ "R", 26 ], [ "R", 26 ], [ "R", 4 ], [ "R", 12 ], [ "R", 12 ], [ "R", 24 ], [ "R", 24 ], [ "R", 26 ], [ "R", 26 ], [ "R", 24 ], [ "R", 35 ], [ "R", 35 ], [ "R", 39 ], [ "R", 39 ], [ "R", 26 ], [ "R", 26 ], [ "R", 39 ], [ "R", 26 ], [ "R", 31 ], [ "R", 31 ], [ "W", 44 ], [ "R", 28 ], [ "R", 28 ], [ "R", 37 ], [ "R", 37 ], [ "R", 16 ], [ "R", 16 ], [ "R", 26 ], [ "R", 26 ], [ "R", 16 ], [ "R", 26 ], [ "R", 10 ], [ "R", 10 ], [ "W", 10 ], [ "W", 10 ], [ "W", 30 ], [ "R", 13 ], [ "R", 10 ], [ "R", 10 ], [ "W", 10 ], [ "W", 10 ], [ "W", 10 ] ]
    } ]
  },
  "DailiesController.dailyPlace" : {
    "t" : [ {
      "id" : 0,
      "a" : [ [ "R", 30 ] ]
    } ]
  },
  "BillingAdminController.bill" : {
    "t" : [ {
      "id" : 0,
      "a" : [ [ "R", 2 ], [ "R", 45 ], [ "R", 19 ], [ "R", 2 ], [ "R", 2 ], [ "R", 2 ], [ "R", 2 ], [ "R", 2 ], [ "R", 45 ], [ "R", 45 ], [ "R", 45 ], [ "R", 45 ], [ "R", 45 ], [ "R", 45 ], [ "R", 45 ], [ "R", 19 ], [ "R", 45 ], [ "R", 19 ], [ "R", 19 ] ]
    } ]
  },
  "SalePostPonedAdminController.showsale" : {
    "t" : [ {
      "id" : 0,
      "a" : [ [ "R", 37 ], [ "R", 37 ], [ "R", 36 ], [ "R", 36 ], [ "R", 17 ] ]
    } ]
  },
  "SalePostPonedAdminController.salepostponed" : {
    "t" : [ {
      "id" : 0,
      "a" : [ [ "R", 37 ], [ "R", 37 ], [ "R", 37 ] ]
    } ]
  },
  "SalePostPonedController.howmanyamount" : {
    "t" : [ {
      "id" : 0,
      "a" : [ [ "R", 37 ], [ "R", 16 ], [ "R", 16 ], [ "R", 16 ], [ "R", 37 ], [ "R", 37 ] ]
    } ]
  },
  "PawnsController.savereturnPawn" : {
    "t" : [ {
      "id" : 0,
      "a" : [ [ "R", 21 ], [ "R", 21 ], [ "R", 21 ], [ "R", 21 ], [ "R", 21 ], [ "R", 21 ], [ "R", 19 ], [ "W", 21 ], [ "W", 19 ], [ "R", 42 ], [ "R", 20 ], [ "R", 25 ], [ "R", 25 ], [ "R", 31 ], [ "R", 31 ], [ "R", 30 ], [ "R", 25 ], [ "W", 25 ], [ "W", 25 ], [ "R", 25 ], [ "W", 25 ], [ "R", 25 ], [ "W", 25 ], [ "W", 25 ], [ "W", 25 ], [ "W", 25 ], [ "W", 33 ], [ "W", 25 ], [ "W", 25 ], [ "W", 21 ], [ "W", 25 ], [ "W", 25 ], [ "W", 25 ], [ "R", 25 ], [ "R", 25 ], [ "R", 21 ], [ "W", 25 ], [ "R", 21 ], [ "W", 21 ], [ "W", 25 ], [ "W", 25 ], [ "W", 21 ], [ "W", 25 ], [ "R", 13 ], [ "R", 10 ], [ "R", 11 ], [ "R", 11 ], [ "R", 11 ], [ "R", 11 ], [ "R", 2 ], [ "R", 2 ], [ "R", 2 ], [ "R", 26 ], [ "R", 26 ], [ "R", 33 ], [ "R", 33 ], [ "R", 33 ], [ "R", 25 ], [ "R", 30 ], [ "R", 33 ], [ "R", 33 ], [ "R", 25 ], [ "R", 25 ], [ "R", 25 ], [ "R", 25 ], [ "R", 23 ], [ "R", 23 ], [ "R", 25 ], [ "R", 25 ], [ "R", 25 ], [ "R", 25 ], [ "R", 25 ], [ "R", 25 ], [ "R", 25 ], [ "R", 30 ], [ "R", 30 ], [ "R", 41 ], [ "R", 41 ], [ "R", 27 ], [ "R", 27 ], [ "R", 26 ], [ "R", 26 ], [ "R", 27 ], [ "R", 27 ], [ "R", 26 ], [ "R", 26 ], [ "R", 2 ], [ "R", 2 ], [ "R", 26 ], [ "R", 26 ], [ "R", 2 ], [ "R", 34 ], [ "R", 34 ], [ "R", 34 ], [ "R", 3 ], [ "R", 3 ], [ "R", 4 ], [ "R", 4 ], [ "R", 26 ], [ "R", 26 ], [ "R", 4 ], [ "R", 12 ], [ "R", 12 ], [ "R", 24 ], [ "R", 24 ], [ "R", 26 ], [ "R", 26 ], [ "R", 24 ], [ "R", 35 ], [ "R", 35 ], [ "R", 39 ], [ "R", 39 ], [ "R", 26 ], [ "R", 26 ], [ "R", 39 ], [ "R", 26 ], [ "R", 31 ], [ "R", 31 ], [ "W", 44 ], [ "R", 28 ], [ "R", 28 ], [ "R", 37 ], [ "R", 37 ], [ "R", 16 ], [ "R", 16 ], [ "R", 26 ], [ "R", 26 ], [ "R", 16 ], [ "R", 26 ], [ "R", 10 ], [ "R", 10 ], [ "W", 10 ], [ "W", 10 ], [ "W", 30 ], [ "R", 13 ], [ "R", 10 ], [ "R", 10 ], [ "W", 10 ], [ "W", 10 ], [ "W", 10 ] ]
    } ]
  },
  "PayrollController.savePayroll" : {
    "t" : [ {
      "id" : 0,
      "a" : [ [ "R", 28 ], [ "W", 44 ], [ "W", 28 ], [ "W", 28 ], [ "W", 28 ], [ "W", 44 ], [ "R", 28 ], [ "R", 28 ], [ "R", 28 ], [ "R", 44 ], [ "R", 28 ], [ "R", 29 ], [ "R", 28 ], [ "R", 28 ], [ "R", 44 ], [ "R", 44 ], [ "R", 31 ], [ "W", 28 ], [ "W", 28 ], [ "R", 31 ], [ "R", 30 ], [ "R", 13 ], [ "R", 10 ], [ "R", 11 ], [ "R", 11 ], [ "R", 11 ], [ "R", 11 ], [ "R", 2 ], [ "R", 2 ], [ "R", 2 ], [ "R", 26 ], [ "R", 26 ], [ "R", 33 ], [ "R", 33 ], [ "R", 33 ], [ "R", 25 ], [ "R", 30 ], [ "R", 33 ], [ "R", 33 ], [ "R", 25 ], [ "R", 25 ], [ "R", 25 ], [ "R", 25 ], [ "R", 23 ], [ "R", 23 ], [ "R", 25 ], [ "R", 25 ], [ "R", 25 ], [ "R", 25 ], [ "R", 25 ], [ "R", 25 ], [ "R", 25 ], [ "R", 30 ], [ "R", 30 ], [ "R", 41 ], [ "R", 41 ], [ "R", 27 ], [ "R", 27 ], [ "R", 26 ], [ "R", 26 ], [ "R", 27 ], [ "R", 27 ], [ "R", 26 ], [ "R", 26 ], [ "R", 2 ], [ "R", 2 ], [ "R", 26 ], [ "R", 26 ], [ "R", 2 ], [ "R", 34 ], [ "R", 34 ], [ "R", 34 ], [ "R", 3 ], [ "R", 3 ], [ "R", 4 ], [ "R", 4 ], [ "R", 26 ], [ "R", 26 ], [ "R", 4 ], [ "R", 12 ], [ "R", 12 ], [ "R", 24 ], [ "R", 24 ], [ "R", 26 ], [ "R", 26 ], [ "R", 24 ], [ "R", 35 ], [ "R", 35 ], [ "R", 39 ], [ "R", 39 ], [ "R", 26 ], [ "R", 26 ], [ "R", 39 ], [ "R", 26 ], [ "R", 31 ], [ "R", 31 ], [ "W", 44 ], [ "R", 28 ], [ "R", 28 ], [ "R", 37 ], [ "R", 37 ], [ "R", 16 ], [ "R", 16 ], [ "R", 26 ], [ "R", 26 ], [ "R", 16 ], [ "R", 26 ], [ "R", 10 ], [ "R", 10 ], [ "W", 10 ], [ "W", 10 ], [ "W", 30 ], [ "R", 13 ], [ "R", 10 ], [ "R", 10 ], [ "W", 10 ], [ "W", 10 ], [ "W", 10 ] ]
    } ]
  },
  "DailyController.againday" : {
    "t" : [ {
      "id" : 0,
      "a" : [ [ "R", 31 ], [ "R", 31 ], [ "R", 30 ], [ "R", 13 ], [ "R", 10 ], [ "R", 11 ], [ "R", 11 ], [ "R", 11 ], [ "R", 11 ], [ "R", 2 ], [ "R", 2 ], [ "R", 2 ], [ "R", 26 ], [ "R", 26 ], [ "R", 33 ], [ "R", 33 ], [ "R", 33 ], [ "R", 25 ], [ "R", 30 ], [ "R", 33 ], [ "R", 33 ], [ "R", 25 ], [ "R", 25 ], [ "R", 25 ], [ "R", 25 ], [ "R", 23 ], [ "R", 23 ], [ "R", 25 ], [ "R", 25 ], [ "R", 25 ], [ "R", 25 ], [ "R", 25 ], [ "R", 25 ], [ "R", 25 ], [ "R", 30 ], [ "R", 30 ], [ "R", 41 ], [ "R", 41 ], [ "R", 27 ], [ "R", 27 ], [ "R", 26 ], [ "R", 26 ], [ "R", 27 ], [ "R", 27 ], [ "R", 26 ], [ "R", 26 ], [ "R", 2 ], [ "R", 2 ], [ "R", 26 ], [ "R", 26 ], [ "R", 2 ], [ "R", 34 ], [ "R", 34 ], [ "R", 34 ], [ "R", 3 ], [ "R", 3 ], [ "R", 4 ], [ "R", 4 ], [ "R", 26 ], [ "R", 26 ], [ "R", 4 ], [ "R", 12 ], [ "R", 12 ], [ "R", 24 ], [ "R", 24 ], [ "R", 26 ], [ "R", 26 ], [ "R", 24 ], [ "R", 35 ], [ "R", 35 ], [ "R", 39 ], [ "R", 39 ], [ "R", 26 ], [ "R", 26 ], [ "R", 39 ], [ "R", 26 ], [ "R", 31 ], [ "R", 31 ], [ "W", 44 ], [ "R", 28 ], [ "R", 28 ], [ "R", 37 ], [ "R", 37 ], [ "R", 16 ], [ "R", 16 ], [ "R", 26 ], [ "R", 26 ], [ "R", 16 ], [ "R", 26 ], [ "R", 10 ], [ "R", 10 ], [ "W", 10 ], [ "W", 10 ], [ "W", 30 ], [ "R", 13 ], [ "R", 10 ], [ "R", 10 ], [ "W", 10 ], [ "W", 10 ], [ "W", 10 ] ]
    } ]
  },
  "PawnsAdminController.resultInvestedMoney" : {
    "t" : [ {
      "id" : 0,
      "a" : [ [ "R", 30 ], [ "R", 25 ], [ "R", 25 ], [ "R", 21 ], [ "R", 25 ], [ "R", 25 ], [ "R", 30 ], [ "R", 25 ], [ "R", 25 ], [ "R", 21 ], [ "R", 30 ], [ "R", 25 ], [ "R", 25 ], [ "R", 21 ], [ "R", 25 ], [ "R", 25 ], [ "R", 30 ], [ "R", 25 ], [ "R", 25 ], [ "R", 21 ] ]
    } ]
  },
  "JewelsController.addSet" : {
    "t" : [ {
      "id" : 0,
      "a" : [ [ "R", 19 ], [ "R", 30 ], [ "R", 5 ], [ "W", 17 ], [ "W", 19 ], [ "W", 17 ], [ "W", 30 ], [ "W", 17 ], [ "W", 5 ], [ "W", 17 ], [ "R", 17 ], [ "R", 17 ], [ "R", 5 ], [ "R", 17 ], [ "R", 19 ], [ "R", 17 ], [ "R", 30 ], [ "R", 17 ], [ "R", 5 ], [ "W", 17 ], [ "W", 5 ], [ "W", 17 ], [ "R", 17 ], [ "R", 17 ], [ "R", 5 ], [ "R", 17 ], [ "R", 19 ], [ "R", 17 ], [ "R", 30 ], [ "R", 17 ], [ "R", 5 ], [ "W", 17 ], [ "W", 5 ], [ "W", 17 ], [ "R", 17 ], [ "R", 17 ], [ "R", 5 ], [ "R", 17 ], [ "R", 19 ], [ "R", 17 ], [ "R", 30 ], [ "R", 17 ], [ "R", 5 ], [ "W", 17 ], [ "W", 5 ], [ "W", 17 ], [ "R", 17 ], [ "R", 17 ], [ "R", 5 ], [ "R", 17 ], [ "R", 19 ], [ "R", 17 ], [ "R", 30 ], [ "R", 17 ], [ "R", 5 ], [ "W", 17 ], [ "W", 5 ], [ "W", 17 ], [ "R", 17 ], [ "R", 17 ], [ "R", 5 ], [ "R", 17 ], [ "R", 19 ], [ "R", 17 ], [ "R", 30 ], [ "R", 17 ], [ "R", 5 ], [ "W", 17 ], [ "W", 5 ], [ "W", 17 ], [ "R", 17 ], [ "R", 17 ], [ "R", 5 ], [ "R", 17 ], [ "R", 19 ], [ "R", 17 ], [ "R", 30 ], [ "R", 17 ], [ "R", 5 ], [ "W", 17 ], [ "W", 5 ], [ "W", 17 ], [ "R", 17 ], [ "R", 17 ], [ "R", 5 ], [ "R", 17 ], [ "R", 19 ], [ "R", 17 ], [ "R", 30 ], [ "R", 17 ], [ "R", 5 ], [ "W", 17 ], [ "W", 5 ], [ "W", 17 ], [ "R", 17 ], [ "R", 17 ], [ "R", 5 ], [ "R", 17 ], [ "R", 19 ], [ "R", 17 ], [ "R", 30 ], [ "R", 17 ], [ "W", 40 ], [ "W", 17 ], [ "W", 40 ], [ "W", 17 ], [ "W", 40 ], [ "W", 17 ], [ "W", 40 ], [ "W", 17 ], [ "W", 40 ], [ "W", 17 ], [ "W", 40 ], [ "W", 17 ], [ "W", 40 ], [ "W", 17 ], [ "W", 40 ], [ "W", 17 ], [ "W", 40 ], [ "R", 40 ], [ "R", 40 ], [ "R", 17 ], [ "R", 40 ], [ "R", 17 ], [ "R", 40 ], [ "R", 17 ], [ "R", 40 ], [ "R", 17 ], [ "R", 40 ], [ "R", 17 ], [ "R", 40 ], [ "R", 17 ], [ "R", 40 ], [ "R", 17 ], [ "R", 40 ], [ "R", 17 ], [ "R", 40 ], [ "R", 17 ], [ "R", 40 ], [ "R", 17 ], [ "R", 40 ], [ "R", 17 ], [ "R", 40 ], [ "R", 17 ], [ "R", 40 ], [ "R", 17 ], [ "R", 40 ], [ "R", 17 ], [ "R", 40 ], [ "R", 17 ], [ "R", 40 ], [ "R", 17 ], [ "R", 40 ] ]
    } ]
  },
  "IncidentsController.pendingissues" : {
    "t" : [ {
      "id" : 0,
      "a" : [ [ "W", 44 ], [ "R", 15 ], [ "R", 15 ], [ "R", 15 ], [ "R", 44 ], [ "R", 44 ] ]
    } ]
  },
  "ClientsController.resultclients" : {
    "t" : [ {
      "id" : 0,
      "a" : [ [ "R", 7 ], [ "R", 7 ], [ "R", 7 ] ]
    } ]
  },
  "PawnsAdminController.commisions" : {
    "t" : [ {
      "id" : 0,
      "a" : [ [ "R", 30 ], [ "R", 25 ], [ "R", 33 ], [ "R", 33 ], [ "R", 33 ], [ "R", 25 ], [ "R", 30 ], [ "R", 33 ], [ "R", 33 ], [ "R", 25 ], [ "R", 25 ], [ "R", 25 ], [ "R", 25 ], [ "R", 30 ], [ "R", 30 ], [ "R", 33 ], [ "R", 25 ], [ "R", 25 ], [ "R", 25 ], [ "R", 25 ] ]
    } ]
  },
  "BuyController.add" : {
    "t" : [ {
      "id" : 0,
      "a" : [ [ "R", 6 ], [ "R", 35 ], [ "R", 35 ], [ "R", 1 ], [ "R", 35 ], [ "R", 1 ], [ "R", 26 ], [ "W", 30 ], [ "W", 26 ], [ "W", 1 ], [ "W", 1 ], [ "W", 1 ], [ "W", 1 ], [ "W", 1 ], [ "W", 1 ], [ "W", 1 ], [ "W", 1 ], [ "W", 1 ], [ "W", 1 ], [ "W", 1 ], [ "W", 1 ], [ "W", 1 ], [ "W", 1 ], [ "W", 1 ], [ "W", 1 ], [ "W", 35 ], [ "R", 6 ], [ "W", 6 ], [ "W", 35 ], [ "W", 6 ], [ "W", 35 ], [ "W", 35 ], [ "W", 17 ], [ "R", 17 ], [ "W", 38 ], [ "W", 35 ], [ "W", 38 ], [ "W", 17 ], [ "W", 1 ], [ "W", 35 ], [ "W", 1 ], [ "W", 1 ], [ "W", 35 ], [ "W", 1 ], [ "R", 11 ], [ "R", 11 ], [ "W", 11 ], [ "W", 11 ], [ "W", 11 ], [ "W", 35 ], [ "W", 35 ], [ "R", 26 ], [ "W", 39 ], [ "W", 26 ], [ "W", 39 ], [ "W", 35 ], [ "W", 26 ], [ "W", 39 ], [ "W", 26 ], [ "W", 39 ], [ "W", 35 ], [ "W", 39 ], [ "R", 35 ], [ "W", 39 ], [ "R", 35 ], [ "W", 39 ], [ "R", 30 ], [ "W", 35 ], [ "W", 30 ], [ "W", 35 ], [ "W", 38 ], [ "W", 35 ], [ "W", 35 ], [ "W", 39 ], [ "R", 35 ], [ "R", 35 ], [ "R", 24 ], [ "R", 11 ], [ "R", 35 ], [ "R", 30 ], [ "R", 30 ], [ "R", 35 ], [ "R", 38 ], [ "R", 35 ], [ "R", 38 ], [ "R", 38 ], [ "R", 17 ], [ "R", 17 ], [ "R", 17 ], [ "W", 17 ], [ "R", 35 ], [ "W", 17 ], [ "W", 38 ], [ "W", 17 ], [ "W", 35 ], [ "W", 38 ], [ "W", 35 ], [ "R", 35 ] ]
    } ]
  },
  "PawnsAdminController.searchPawns" : {
    "t" : [ {
      "id" : 0,
      "a" : [ [ "R", 30 ] ]
    } ]
  },
  "BillingController.billing" : {
    "t" : [ {
      "id" : 0,
      "a" : [ [ "R", 2 ], [ "R", 45 ], [ "R", 19 ], [ "R", 2 ], [ "R", 2 ], [ "R", 2 ], [ "R", 2 ], [ "R", 2 ], [ "R", 45 ], [ "R", 45 ], [ "R", 45 ], [ "R", 45 ], [ "R", 45 ], [ "R", 45 ], [ "R", 45 ], [ "R", 19 ], [ "R", 45 ], [ "R", 19 ], [ "R", 19 ] ]
    } ]
  },
  "SalesController.savecancelparcial" : {
    "t" : [ {
      "id" : 0,
      "a" : [ [ "R", 35 ], [ "R", 35 ], [ "R", 38 ], [ "R", 38 ], [ "R", 17 ], [ "R", 17 ], [ "R", 35 ], [ "R", 39 ], [ "R", 39 ], [ "R", 26 ], [ "R", 39 ], [ "R", 26 ], [ "R", 35 ], [ "R", 35 ], [ "W", 3 ], [ "W", 3 ], [ "W", 3 ], [ "R", 35 ], [ "R", 30 ], [ "W", 3 ], [ "W", 30 ], [ "W", 11 ], [ "W", 11 ], [ "W", 11 ], [ "W", 11 ], [ "R", 35 ], [ "R", 30 ], [ "W", 11 ], [ "W", 30 ], [ "R", 26 ], [ "W", 4 ], [ "W", 26 ], [ "W", 4 ], [ "W", 3 ], [ "W", 3 ], [ "W", 4 ], [ "R", 17 ], [ "R", 17 ], [ "R", 17 ], [ "W", 17 ], [ "W", 17 ], [ "R", 3 ], [ "R", 4 ], [ "R", 3 ], [ "R", 4 ], [ "W", 4 ], [ "W", 3 ], [ "W", 3 ], [ "W", 11 ], [ "R", 3 ], [ "W", 11 ], [ "W", 11 ], [ "R", 35 ], [ "R", 35 ], [ "R", 38 ], [ "R", 38 ], [ "R", 17 ], [ "R", 17 ], [ "R", 35 ], [ "R", 39 ], [ "R", 39 ], [ "R", 26 ], [ "R", 39 ], [ "R", 26 ] ]
    } ]
  },
  "ShoppingsAdminController.searchGramsNull" : {
    "t" : [ {
      "id" : 0,
      "a" : [ [ "R", 30 ] ]
    } ]
  },
  "HolidaysController.resultHolidays" : {
    "t" : [ {
      "id" : 0,
      "a" : [ [ "R", 13 ] ]
    } ]
  },
  "PawnsController.remove" : {
    "t" : [ {
      "id" : 0,
      "a" : [ [ "R", 25 ], [ "R", 25 ], [ "R", 30 ], [ "R", 30 ], [ "W", 25 ], [ "W", 25 ], [ "W", 25 ], [ "R", 25 ], [ "R", 25 ], [ "R", 25 ], [ "R", 25 ], [ "R", 25 ], [ "R", 25 ], [ "R", 25 ], [ "R", 25 ], [ "R", 25 ], [ "R", 25 ], [ "R", 25 ], [ "R", 33 ], [ "R", 25 ], [ "R", 25 ], [ "R", 13 ], [ "R", 10 ], [ "R", 11 ], [ "R", 11 ], [ "R", 11 ], [ "R", 11 ], [ "R", 2 ], [ "R", 2 ], [ "R", 2 ], [ "R", 26 ], [ "R", 26 ], [ "R", 33 ], [ "R", 33 ], [ "R", 33 ], [ "R", 25 ], [ "R", 30 ], [ "R", 33 ], [ "R", 33 ], [ "R", 25 ], [ "R", 25 ], [ "R", 25 ], [ "R", 25 ], [ "R", 23 ], [ "R", 23 ], [ "R", 25 ], [ "R", 25 ], [ "R", 25 ], [ "R", 25 ], [ "R", 25 ], [ "R", 25 ], [ "R", 25 ], [ "R", 30 ], [ "R", 30 ], [ "R", 41 ], [ "R", 41 ], [ "R", 27 ], [ "R", 27 ], [ "R", 26 ], [ "R", 26 ], [ "R", 27 ], [ "R", 27 ], [ "R", 26 ], [ "R", 26 ], [ "R", 2 ], [ "R", 2 ], [ "R", 26 ], [ "R", 26 ], [ "R", 2 ], [ "R", 34 ], [ "R", 34 ], [ "R", 34 ], [ "R", 3 ], [ "R", 3 ], [ "R", 4 ], [ "R", 4 ], [ "R", 26 ], [ "R", 26 ], [ "R", 4 ], [ "R", 12 ], [ "R", 12 ], [ "R", 24 ], [ "R", 24 ], [ "R", 26 ], [ "R", 26 ], [ "R", 24 ], [ "R", 35 ], [ "R", 35 ], [ "R", 39 ], [ "R", 39 ], [ "R", 26 ], [ "R", 26 ], [ "R", 39 ], [ "R", 26 ], [ "R", 31 ], [ "R", 31 ], [ "W", 44 ], [ "R", 28 ], [ "R", 28 ], [ "R", 37 ], [ "R", 37 ], [ "R", 16 ], [ "R", 16 ], [ "R", 26 ], [ "R", 26 ], [ "R", 16 ], [ "R", 26 ], [ "R", 10 ], [ "R", 10 ], [ "W", 10 ], [ "W", 10 ], [ "W", 30 ], [ "R", 13 ], [ "R", 10 ], [ "R", 10 ], [ "W", 10 ], [ "W", 10 ], [ "W", 10 ] ]
    } ]
  },
  "PawnsAdminController.savePawn" : {
    "t" : [ {
      "id" : 0,
      "a" : [ [ "R", 19 ], [ "R", 20 ], [ "R", 42 ], [ "R", 30 ], [ "R", 25 ], [ "R", 25 ], [ "R", 21 ], [ "R", 21 ], [ "R", 19 ], [ "R", 19 ], [ "R", 21 ], [ "R", 19 ], [ "R", 19 ], [ "R", 21 ], [ "W", 21 ], [ "R", 21 ], [ "W", 21 ], [ "W", 21 ], [ "W", 25 ], [ "R", 7 ], [ "W", 7 ], [ "W", 7 ], [ "W", 25 ], [ "W", 25 ], [ "W", 21 ], [ "W", 25 ], [ "W", 25 ], [ "W", 25 ] ]
    } ]
  },
  "PawnsAdminController.searchPawnsoutofdate" : {
    "t" : [ {
      "id" : 0,
      "a" : [ [ "R", 25 ], [ "R", 25 ], [ "R", 21 ], [ "R", 25 ], [ "R", 25 ], [ "R", 30 ], [ "R", 25 ], [ "R", 25 ], [ "R", 21 ], [ "R", 30 ], [ "R", 25 ], [ "R", 33 ], [ "R", 33 ], [ "R", 33 ], [ "R", 25 ], [ "R", 33 ], [ "R", 25 ] ]
    } ]
  },
  "SalePostPonedAdminController.timeout" : {
    "t" : [ {
      "id" : 0,
      "a" : [ [ "R", 37 ], [ "W", 37 ], [ "W", 37 ], [ "R", 37 ], [ "R", 37 ], [ "R", 36 ], [ "R", 36 ], [ "R", 17 ] ]
    } ]
  },
  "ShoppingsAdminController.resultGramsNull" : {
    "t" : [ {
      "id" : 0,
      "a" : [ [ "R", 30 ], [ "R", 41 ], [ "R", 22 ], [ "R", 41 ], [ "R", 41 ], [ "R", 30 ], [ "R", 41 ], [ "R", 41 ], [ "R", 22 ], [ "R", 41 ], [ "R", 41 ], [ "R", 22 ] ]
    } ]
  },
  "ShoppingsAdminController.saveShopping" : {
    "t" : [ {
      "id" : 0,
      "a" : [ [ "R", 41 ], [ "R", 41 ], [ "R", 22 ], [ "R", 22 ], [ "R", 22 ], [ "R", 22 ], [ "W", 22 ], [ "R", 22 ], [ "W", 22 ], [ "R", 22 ], [ "W", 22 ], [ "R", 22 ], [ "W", 22 ], [ "R", 22 ], [ "W", 22 ], [ "W", 41 ], [ "W", 41 ], [ "W", 22 ], [ "W", 41 ], [ "W", 41 ], [ "R", 30 ] ]
    } ]
  },
  "PawnsController.savePawn" : {
    "t" : [ {
      "id" : 0,
      "a" : [ [ "R", 21 ], [ "R", 21 ], [ "R", 21 ], [ "R", 21 ], [ "R", 21 ], [ "R", 21 ], [ "R", 19 ], [ "W", 21 ], [ "W", 19 ], [ "R", 42 ], [ "R", 20 ], [ "R", 25 ], [ "R", 7 ], [ "R", 31 ], [ "R", 31 ], [ "R", 30 ], [ "W", 25 ], [ "R", 25 ], [ "R", 25 ], [ "R", 21 ], [ "R", 7 ], [ "W", 7 ], [ "W", 7 ], [ "W", 25 ], [ "W", 30 ], [ "W", 25 ], [ "W", 7 ], [ "W", 25 ], [ "W", 25 ], [ "R", 21 ], [ "W", 21 ], [ "W", 25 ], [ "W", 25 ], [ "W", 21 ], [ "W", 25 ], [ "R", 25 ], [ "R", 13 ], [ "R", 10 ], [ "R", 11 ], [ "R", 11 ], [ "R", 11 ], [ "R", 11 ], [ "R", 2 ], [ "R", 2 ], [ "R", 2 ], [ "R", 26 ], [ "R", 26 ], [ "R", 33 ], [ "R", 33 ], [ "R", 33 ], [ "R", 25 ], [ "R", 30 ], [ "R", 33 ], [ "R", 33 ], [ "R", 25 ], [ "R", 25 ], [ "R", 25 ], [ "R", 25 ], [ "R", 23 ], [ "R", 23 ], [ "R", 25 ], [ "R", 25 ], [ "R", 25 ], [ "R", 25 ], [ "R", 25 ], [ "R", 25 ], [ "R", 25 ], [ "R", 30 ], [ "R", 30 ], [ "R", 41 ], [ "R", 41 ], [ "R", 27 ], [ "R", 27 ], [ "R", 26 ], [ "R", 26 ], [ "R", 27 ], [ "R", 27 ], [ "R", 26 ], [ "R", 26 ], [ "R", 2 ], [ "R", 2 ], [ "R", 26 ], [ "R", 26 ], [ "R", 2 ], [ "R", 34 ], [ "R", 34 ], [ "R", 34 ], [ "R", 3 ], [ "R", 3 ], [ "R", 4 ], [ "R", 4 ], [ "R", 26 ], [ "R", 26 ], [ "R", 4 ], [ "R", 12 ], [ "R", 12 ], [ "R", 24 ], [ "R", 24 ], [ "R", 26 ], [ "R", 26 ], [ "R", 24 ], [ "R", 35 ], [ "R", 35 ], [ "R", 39 ], [ "R", 39 ], [ "R", 26 ], [ "R", 26 ], [ "R", 39 ], [ "R", 26 ], [ "R", 31 ], [ "R", 31 ], [ "W", 44 ], [ "R", 28 ], [ "R", 28 ], [ "R", 37 ], [ "R", 37 ], [ "R", 16 ], [ "R", 16 ], [ "R", 26 ], [ "R", 26 ], [ "R", 16 ], [ "R", 26 ], [ "R", 10 ], [ "R", 10 ], [ "W", 10 ], [ "W", 10 ], [ "W", 30 ], [ "R", 13 ], [ "R", 10 ], [ "R", 10 ], [ "W", 10 ], [ "W", 10 ], [ "W", 10 ] ]
    } ]
  },
  "AdjustmentsController.newadjustment" : {
    "t" : [ {
      "id" : 0,
      "a" : [ [ "R", 26 ] ]
    } ]
  },
  "PawnsAdminController.searchCommissions" : {
    "t" : [ {
      "id" : 0,
      "a" : [ [ "R", 30 ] ]
    } ]
  },
  "OtherSaleController.saveRecording" : {
    "t" : [ {
      "id" : 0,
      "a" : [ [ "R", 26 ], [ "R", 43 ], [ "R", 35 ], [ "R", 24 ], [ "R", 11 ], [ "R", 26 ], [ "R", 43 ], [ "R", 31 ], [ "R", 31 ], [ "R", 30 ], [ "R", 24 ], [ "W", 24 ], [ "W", 24 ], [ "R", 13 ], [ "R", 10 ], [ "R", 11 ], [ "R", 11 ], [ "R", 11 ], [ "R", 11 ], [ "R", 2 ], [ "R", 2 ], [ "R", 2 ], [ "R", 26 ], [ "R", 26 ], [ "R", 33 ], [ "R", 33 ], [ "R", 33 ], [ "R", 25 ], [ "R", 30 ], [ "R", 33 ], [ "R", 33 ], [ "R", 25 ], [ "R", 25 ], [ "R", 25 ], [ "R", 25 ], [ "R", 23 ], [ "R", 23 ], [ "R", 25 ], [ "R", 25 ], [ "R", 25 ], [ "R", 25 ], [ "R", 25 ], [ "R", 25 ], [ "R", 25 ], [ "R", 30 ], [ "R", 30 ], [ "R", 41 ], [ "R", 41 ], [ "R", 27 ], [ "R", 27 ], [ "R", 26 ], [ "R", 26 ], [ "R", 27 ], [ "R", 27 ], [ "R", 26 ], [ "R", 26 ], [ "R", 2 ], [ "R", 2 ], [ "R", 26 ], [ "R", 26 ], [ "R", 2 ], [ "R", 34 ], [ "R", 34 ], [ "R", 34 ], [ "R", 3 ], [ "R", 3 ], [ "R", 4 ], [ "R", 4 ], [ "R", 26 ], [ "R", 26 ], [ "R", 4 ], [ "R", 12 ], [ "R", 12 ], [ "R", 24 ], [ "R", 24 ], [ "R", 26 ], [ "R", 26 ], [ "R", 24 ], [ "R", 35 ], [ "R", 35 ], [ "R", 39 ], [ "R", 39 ], [ "R", 26 ], [ "R", 26 ], [ "R", 39 ], [ "R", 26 ], [ "R", 31 ], [ "R", 31 ], [ "W", 44 ], [ "R", 28 ], [ "R", 28 ], [ "R", 37 ], [ "R", 37 ], [ "R", 16 ], [ "R", 16 ], [ "R", 26 ], [ "R", 26 ], [ "R", 16 ], [ "R", 26 ], [ "R", 10 ], [ "R", 10 ], [ "W", 10 ], [ "W", 10 ], [ "W", 30 ], [ "R", 13 ], [ "R", 10 ], [ "R", 10 ], [ "W", 10 ], [ "W", 10 ], [ "W", 10 ] ]
    } ]
  },
  "WorkshopController.saveworkshop" : {
    "t" : [ {
      "id" : 0,
      "a" : [ [ "R", 45 ], [ "W", 45 ], [ "W", 45 ] ]
    } ]
  },
  "JewelsController.searchUpdateJewels" : {
    "t" : [ {
      "id" : 0,
      "a" : [ [ "R", 5 ] ]
    } ]
  },
  "SalePostPonedController.getsptimeout" : {
    "t" : [ {
      "id" : 0,
      "a" : [ [ "R", 31 ], [ "R", 31 ], [ "R", 30 ], [ "R", 37 ] ]
    } ]
  },
  "FileUploadController.handleFileUpload" : {
    "t" : [ {
      "id" : 0,
      "a" : [ [ "R", 17 ], [ "W", 17 ], [ "W", 17 ], [ "R", 17 ], [ "W", 17 ], [ "R", 17 ], [ "R", 45 ], [ "R", 17 ], [ "R", 45 ], [ "R", 45 ], [ "W", 17 ], [ "W", 45 ], [ "W", 17 ] ]
    } ]
  },
  "JewelsController.newSet" : {
    "t" : [ {
      "id" : 0,
      "a" : [ [ "R", 19 ], [ "R", 30 ] ]
    } ]
  },
  "SaleController.checkout" : {
    "t" : [ {
      "id" : 0,
      "a" : [ [ "R", 5 ] ]
    } ]
  },
  "OthersConceptsController.saveconcept" : {
    "t" : [ {
      "id" : 0,
      "a" : [ [ "R", 23 ], [ "R", 31 ], [ "R", 31 ], [ "R", 30 ], [ "R", 23 ], [ "R", 23 ], [ "W", 23 ], [ "W", 30 ], [ "W", 23 ], [ "W", 23 ], [ "R", 13 ], [ "R", 10 ], [ "R", 11 ], [ "R", 11 ], [ "R", 11 ], [ "R", 11 ], [ "R", 2 ], [ "R", 2 ], [ "R", 2 ], [ "R", 26 ], [ "R", 26 ], [ "R", 33 ], [ "R", 33 ], [ "R", 33 ], [ "R", 25 ], [ "R", 30 ], [ "R", 33 ], [ "R", 33 ], [ "R", 25 ], [ "R", 25 ], [ "R", 25 ], [ "R", 25 ], [ "R", 23 ], [ "R", 23 ], [ "R", 25 ], [ "R", 25 ], [ "R", 25 ], [ "R", 25 ], [ "R", 25 ], [ "R", 25 ], [ "R", 25 ], [ "R", 30 ], [ "R", 30 ], [ "R", 41 ], [ "R", 41 ], [ "R", 27 ], [ "R", 27 ], [ "R", 26 ], [ "R", 26 ], [ "R", 27 ], [ "R", 27 ], [ "R", 26 ], [ "R", 26 ], [ "R", 2 ], [ "R", 2 ], [ "R", 26 ], [ "R", 26 ], [ "R", 2 ], [ "R", 34 ], [ "R", 34 ], [ "R", 34 ], [ "R", 3 ], [ "R", 3 ], [ "R", 4 ], [ "R", 4 ], [ "R", 26 ], [ "R", 26 ], [ "R", 4 ], [ "R", 12 ], [ "R", 12 ], [ "R", 24 ], [ "R", 24 ], [ "R", 26 ], [ "R", 26 ], [ "R", 24 ], [ "R", 35 ], [ "R", 35 ], [ "R", 39 ], [ "R", 39 ], [ "R", 26 ], [ "R", 26 ], [ "R", 39 ], [ "R", 26 ], [ "R", 31 ], [ "R", 31 ], [ "W", 44 ], [ "R", 28 ], [ "R", 28 ], [ "R", 37 ], [ "R", 37 ], [ "R", 16 ], [ "R", 16 ], [ "R", 26 ], [ "R", 26 ], [ "R", 16 ], [ "R", 26 ], [ "R", 10 ], [ "R", 10 ], [ "W", 10 ], [ "W", 10 ], [ "W", 30 ], [ "R", 13 ], [ "R", 10 ], [ "R", 10 ], [ "W", 10 ], [ "W", 10 ], [ "W", 10 ] ]
    } ]
  },
  "PawnsController.resultrenovations" : {
    "t" : [ {
      "id" : 0,
      "a" : [ [ "R", 25 ], [ "R", 25 ], [ "R", 33 ], [ "R", 33 ], [ "R", 33 ], [ "R", 33 ], [ "R", 25 ], [ "R", 33 ], [ "R", 25 ] ]
    } ]
  },
  "PawnsAdminController.resultPawns" : {
    "t" : [ {
      "id" : 0,
      "a" : [ [ "R", 30 ], [ "R", 30 ], [ "R", 25 ] ]
    } ]
  },
  "DailyController.beforeday" : {
    "t" : [ {
      "id" : 0,
      "a" : [ [ "R", 31 ], [ "R", 31 ], [ "R", 30 ], [ "R", 13 ], [ "R", 10 ], [ "R", 11 ], [ "R", 11 ], [ "R", 11 ], [ "R", 11 ], [ "R", 2 ], [ "R", 2 ], [ "R", 2 ], [ "R", 26 ], [ "R", 26 ], [ "R", 33 ], [ "R", 33 ], [ "R", 33 ], [ "R", 25 ], [ "R", 30 ], [ "R", 33 ], [ "R", 33 ], [ "R", 25 ], [ "R", 25 ], [ "R", 25 ], [ "R", 25 ], [ "R", 23 ], [ "R", 23 ], [ "R", 25 ], [ "R", 25 ], [ "R", 25 ], [ "R", 25 ], [ "R", 25 ], [ "R", 25 ], [ "R", 25 ], [ "R", 30 ], [ "R", 30 ], [ "R", 41 ], [ "R", 41 ], [ "R", 27 ], [ "R", 27 ], [ "R", 26 ], [ "R", 26 ], [ "R", 27 ], [ "R", 27 ], [ "R", 26 ], [ "R", 26 ], [ "R", 2 ], [ "R", 2 ], [ "R", 26 ], [ "R", 26 ], [ "R", 2 ], [ "R", 34 ], [ "R", 34 ], [ "R", 34 ], [ "R", 3 ], [ "R", 3 ], [ "R", 4 ], [ "R", 4 ], [ "R", 26 ], [ "R", 26 ], [ "R", 4 ], [ "R", 12 ], [ "R", 12 ], [ "R", 24 ], [ "R", 24 ], [ "R", 26 ], [ "R", 26 ], [ "R", 24 ], [ "R", 35 ], [ "R", 35 ], [ "R", 39 ], [ "R", 39 ], [ "R", 26 ], [ "R", 26 ], [ "R", 39 ], [ "R", 26 ], [ "R", 31 ], [ "R", 31 ], [ "W", 44 ], [ "R", 28 ], [ "R", 28 ], [ "R", 37 ], [ "R", 37 ], [ "R", 16 ], [ "R", 16 ], [ "R", 26 ], [ "R", 26 ], [ "R", 16 ], [ "R", 26 ], [ "R", 10 ], [ "R", 10 ], [ "W", 10 ], [ "W", 10 ], [ "W", 30 ], [ "R", 13 ], [ "R", 10 ], [ "R", 10 ], [ "W", 10 ], [ "W", 10 ], [ "W", 10 ] ]
    } ]
  },
  "HomeController.searchByKeyWord" : {
    "t" : [ {
      "id" : 0,
      "a" : [ [ "R", 5 ], [ "R", 5 ], [ "R", 17 ], [ "R", 5 ], [ "R", 17 ] ]
    } ]
  },
  "ShoppingsAdminController.searchShoppings" : {
    "t" : [ {
      "id" : 0,
      "a" : [ [ "R", 30 ] ]
    } ]
  },
  "JewelsController.newJewelEntity" : {
    "t" : [ {
      "id" : 0,
      "a" : [ [ "W", 17 ], [ "R", 5 ], [ "R", 30 ], [ "R", 19 ] ]
    } ]
  },
  "PawnsController.searchRemovePawn" : {
    "t" : [ {
      "id" : 0,
      "a" : [ [ "R", 31 ], [ "R", 31 ], [ "R", 30 ], [ "R", 25 ], [ "R", 25 ], [ "R", 21 ], [ "R", 25 ], [ "R", 25 ], [ "R", 25 ], [ "R", 30 ], [ "R", 25 ], [ "R", 25 ], [ "R", 21 ] ]
    } ]
  },
  "SalePostPonedController.newSalepostponed" : {
    "t" : [ {
      "id" : 0,
      "a" : [ [ "R", 19 ], [ "R", 5 ], [ "R", 26 ] ]
    } ]
  },
  "EntryMoneyAdminController.resultEntries" : {
    "t" : [ {
      "id" : 0,
      "a" : [ [ "R", 12 ] ]
    } ]
  },
  "RegisterEmployeesController.registeremployees" : {
    "t" : [ {
      "id" : 0,
      "a" : [ [ "R", 32 ] ]
    } ]
  },
  "ShoppingsAdminController.quarterMetal" : {
    "t" : [ {
      "id" : 0,
      "a" : [ [ "R", 30 ], [ "R", 41 ], [ "R", 22 ], [ "R", 22 ], [ "R", 22 ], [ "R", 22 ], [ "R", 22 ], [ "R", 22 ], [ "R", 19 ], [ "R", 41 ], [ "R", 30 ], [ "R", 41 ], [ "R", 41 ], [ "R", 22 ], [ "R", 41 ], [ "R", 41 ], [ "R", 22 ], [ "R", 19 ], [ "R", 30 ], [ "R", 30 ] ]
    } ]
  },
  "IncidentsAdminController.resolvedIncident" : {
    "t" : [ {
      "id" : 0,
      "a" : [ [ "R", 15 ], [ "W", 15 ], [ "W", 15 ], [ "W", 15 ], [ "R", 15 ], [ "R", 15 ], [ "R", 15 ], [ "R", 44 ], [ "R", 44 ] ]
    } ]
  },
  "JewelsController.newcoin" : {
    "t" : [ {
      "id" : 0,
      "a" : [ [ "R", 30 ], [ "R", 19 ] ]
    } ]
  },
  "PawnsAdminController.searchInvestedMoney" : {
    "t" : [ {
      "id" : 0,
      "a" : [ [ "R", 30 ] ]
    } ]
  },
  "AdjustmentController.saveAdjustment" : {
    "t" : [ {
      "id" : 0,
      "a" : [ [ "R", 2 ], [ "R", 2 ], [ "W", 26 ], [ "W", 2 ], [ "W", 2 ], [ "W", 2 ], [ "W", 26 ], [ "R", 2 ], [ "W", 2 ], [ "R", 2 ], [ "W", 2 ], [ "R", 2 ], [ "W", 2 ], [ "R", 2 ], [ "W", 2 ], [ "W", 2 ], [ "W", 2 ], [ "W", 2 ], [ "W", 2 ], [ "W", 26 ], [ "W", 2 ] ]
    } ]
  },
  "SalePostPonedAdminController.searchExpired" : {
    "t" : [ {
      "id" : 0,
      "a" : [ [ "R", 37 ] ]
    } ]
  },
  "PaymentsController.allpayments" : {
    "t" : [ {
      "id" : 0,
      "a" : [ [ "R", 26 ] ]
    } ]
  },
  "SaleAdminController.resultsales" : {
    "t" : [ {
      "id" : 0,
      "a" : [ [ "R", 30 ], [ "R", 30 ], [ "R", 35 ], [ "R", 37 ], [ "R", 24 ], [ "R", 37 ], [ "R", 37 ], [ "R", 37 ], [ "R", 37 ], [ "R", 37 ], [ "R", 30 ], [ "R", 24 ], [ "R", 24 ], [ "R", 24 ], [ "R", 24 ], [ "R", 24 ], [ "R", 30 ], [ "R", 35 ], [ "R", 3 ], [ "R", 35 ], [ "R", 38 ], [ "R", 38 ], [ "R", 17 ], [ "R", 17 ], [ "R", 35 ], [ "R", 35 ], [ "R", 38 ], [ "R", 38 ], [ "R", 17 ], [ "R", 17 ] ]
    } ]
  },
  "SalePostPonedController.savesalepostponed" : {
    "t" : [ {
      "id" : 0,
      "a" : [ [ "R", 17 ], [ "R", 31 ], [ "R", 31 ], [ "R", 30 ], [ "R", 17 ], [ "W", 17 ], [ "W", 30 ], [ "W", 17 ], [ "R", 17 ], [ "R", 17 ], [ "R", 5 ], [ "R", 17 ], [ "R", 19 ], [ "R", 17 ], [ "R", 30 ], [ "R", 17 ], [ "R", 17 ], [ "R", 17 ], [ "R", 37 ], [ "W", 37 ], [ "W", 37 ], [ "W", 37 ], [ "W", 17 ], [ "W", 17 ], [ "R", 17 ], [ "W", 36 ], [ "W", 37 ], [ "W", 36 ], [ "W", 17 ], [ "W", 37 ], [ "R", 26 ], [ "W", 16 ], [ "W", 26 ], [ "W", 16 ], [ "W", 16 ], [ "W", 37 ], [ "W", 16 ], [ "R", 30 ], [ "W", 37 ], [ "W", 30 ], [ "W", 37 ], [ "W", 36 ], [ "W", 37 ], [ "W", 16 ], [ "W", 37 ], [ "W", 37 ], [ "W", 37 ], [ "R", 19 ], [ "R", 5 ], [ "R", 26 ], [ "R", 19 ], [ "R", 5 ], [ "R", 26 ], [ "R", 19 ], [ "R", 5 ], [ "R", 26 ] ]
    } ]
  },
  "DailyController.resultdaily" : {
    "t" : [ {
      "id" : 0,
      "a" : [ [ "R", 31 ], [ "R", 31 ], [ "R", 30 ], [ "R", 13 ], [ "R", 10 ], [ "R", 11 ], [ "R", 11 ], [ "R", 11 ], [ "R", 11 ], [ "R", 2 ], [ "R", 2 ], [ "R", 2 ], [ "R", 26 ], [ "R", 26 ], [ "R", 33 ], [ "R", 33 ], [ "R", 33 ], [ "R", 25 ], [ "R", 30 ], [ "R", 33 ], [ "R", 33 ], [ "R", 25 ], [ "R", 25 ], [ "R", 25 ], [ "R", 25 ], [ "R", 23 ], [ "R", 23 ], [ "R", 25 ], [ "R", 25 ], [ "R", 25 ], [ "R", 25 ], [ "R", 25 ], [ "R", 25 ], [ "R", 25 ], [ "R", 30 ], [ "R", 30 ], [ "R", 41 ], [ "R", 41 ], [ "R", 27 ], [ "R", 27 ], [ "R", 26 ], [ "R", 26 ], [ "R", 27 ], [ "R", 27 ], [ "R", 26 ], [ "R", 26 ], [ "R", 2 ], [ "R", 2 ], [ "R", 26 ], [ "R", 26 ], [ "R", 2 ], [ "R", 34 ], [ "R", 34 ], [ "R", 34 ], [ "R", 3 ], [ "R", 3 ], [ "R", 4 ], [ "R", 4 ], [ "R", 26 ], [ "R", 26 ], [ "R", 4 ], [ "R", 12 ], [ "R", 12 ], [ "R", 24 ], [ "R", 24 ], [ "R", 26 ], [ "R", 26 ], [ "R", 24 ], [ "R", 35 ], [ "R", 35 ], [ "R", 39 ], [ "R", 39 ], [ "R", 26 ], [ "R", 26 ], [ "R", 39 ], [ "R", 26 ], [ "R", 31 ], [ "R", 31 ], [ "W", 44 ], [ "R", 28 ], [ "R", 28 ], [ "R", 37 ], [ "R", 37 ], [ "R", 16 ], [ "R", 16 ], [ "R", 26 ], [ "R", 26 ], [ "R", 16 ], [ "R", 26 ], [ "R", 10 ], [ "R", 10 ], [ "W", 10 ], [ "W", 10 ], [ "W", 30 ], [ "R", 13 ], [ "R", 10 ], [ "R", 10 ], [ "W", 10 ], [ "W", 10 ], [ "W", 10 ] ]
    } ]
  },
  "SalePostPonedController.saveinstallment" : {
    "t" : [ {
      "id" : 0,
      "a" : [ [ "R", 26 ], [ "R", 37 ], [ "R", 16 ], [ "R", 16 ], [ "R", 16 ], [ "R", 37 ], [ "R", 37 ], [ "R", 16 ], [ "W", 16 ], [ "W", 37 ], [ "W", 16 ], [ "W", 16 ], [ "R", 37 ], [ "R", 37 ], [ "R", 16 ], [ "W", 16 ], [ "W", 37 ], [ "W", 16 ], [ "W", 16 ], [ "W", 37 ], [ "W", 37 ], [ "R", 37 ], [ "R", 31 ], [ "R", 31 ], [ "R", 30 ], [ "R", 13 ], [ "R", 10 ], [ "R", 11 ], [ "R", 11 ], [ "R", 11 ], [ "R", 11 ], [ "R", 2 ], [ "R", 2 ], [ "R", 2 ], [ "R", 26 ], [ "R", 26 ], [ "R", 33 ], [ "R", 33 ], [ "R", 33 ], [ "R", 25 ], [ "R", 30 ], [ "R", 33 ], [ "R", 33 ], [ "R", 25 ], [ "R", 25 ], [ "R", 25 ], [ "R", 25 ], [ "R", 23 ], [ "R", 23 ], [ "R", 25 ], [ "R", 25 ], [ "R", 25 ], [ "R", 25 ], [ "R", 25 ], [ "R", 25 ], [ "R", 25 ], [ "R", 30 ], [ "R", 30 ], [ "R", 41 ], [ "R", 41 ], [ "R", 27 ], [ "R", 27 ], [ "R", 26 ], [ "R", 26 ], [ "R", 27 ], [ "R", 27 ], [ "R", 26 ], [ "R", 26 ], [ "R", 2 ], [ "R", 2 ], [ "R", 26 ], [ "R", 26 ], [ "R", 2 ], [ "R", 34 ], [ "R", 34 ], [ "R", 34 ], [ "R", 3 ], [ "R", 3 ], [ "R", 4 ], [ "R", 4 ], [ "R", 26 ], [ "R", 26 ], [ "R", 4 ], [ "R", 12 ], [ "R", 12 ], [ "R", 24 ], [ "R", 24 ], [ "R", 26 ], [ "R", 26 ], [ "R", 24 ], [ "R", 35 ], [ "R", 35 ], [ "R", 39 ], [ "R", 39 ], [ "R", 26 ], [ "R", 26 ], [ "R", 39 ], [ "R", 26 ], [ "R", 31 ], [ "R", 31 ], [ "W", 44 ], [ "R", 28 ], [ "R", 28 ], [ "R", 37 ], [ "R", 37 ], [ "R", 16 ], [ "R", 16 ], [ "R", 26 ], [ "R", 26 ], [ "R", 16 ], [ "R", 26 ], [ "R", 10 ], [ "R", 10 ], [ "W", 10 ], [ "W", 10 ], [ "W", 30 ], [ "R", 13 ], [ "R", 10 ], [ "R", 10 ], [ "W", 10 ], [ "W", 10 ], [ "W", 10 ], [ "R", 26 ] ]
    } ]
  },
  "HomeController.contact" : {
    "t" : [ {
      "id" : 0,
      "a" : [ [ "R", 5 ] ]
    } ]
  },
  "ShoppingsAdminController.downloadexcel" : {
    "t" : [ {
      "id" : 0,
      "a" : [ [ "W", 30 ], [ "R", 41 ], [ "R", 41 ], [ "R", 7 ], [ "R", 41 ], [ "R", 7 ], [ "R", 41 ], [ "R", 41 ], [ "R", 7 ], [ "R", 41 ], [ "R", 7 ], [ "R", 41 ], [ "R", 41 ], [ "R", 7 ], [ "R", 41 ], [ "R", 7 ], [ "R", 41 ], [ "R", 41 ], [ "R", 7 ], [ "R", 41 ], [ "R", 7 ], [ "R", 41 ], [ "R", 41 ], [ "R", 7 ], [ "R", 41 ], [ "R", 7 ], [ "R", 20 ], [ "R", 22 ], [ "R", 19 ], [ "R", 19 ], [ "R", 22 ] ]
    } ]
  },
  "PawnsAdminController.searchrenovations" : {
    "t" : [ {
      "id" : 0,
      "a" : [ [ "R", 30 ] ]
    } ]
  },
  "HomeController.page" : {
    "t" : [ {
      "id" : 0,
      "a" : [ [ "R", 5 ], [ "R", 17 ], [ "R", 17 ] ]
    } ]
  },
  "ShoppingsController.saveShopping" : {
    "t" : [ {
      "id" : 0,
      "a" : [ [ "R", 22 ], [ "R", 22 ], [ "R", 22 ], [ "R", 22 ], [ "R", 22 ], [ "R", 19 ], [ "R", 19 ], [ "R", 19 ], [ "W", 22 ], [ "W", 19 ], [ "R", 31 ], [ "R", 31 ], [ "R", 30 ], [ "R", 41 ], [ "R", 22 ], [ "R", 19 ], [ "R", 19 ], [ "R", 19 ], [ "W", 22 ], [ "W", 19 ], [ "R", 41 ], [ "R", 7 ], [ "R", 7 ], [ "W", 7 ], [ "W", 7 ], [ "W", 41 ], [ "W", 7 ], [ "R", 31 ], [ "R", 31 ], [ "R", 30 ], [ "R", 41 ], [ "R", 22 ], [ "R", 22 ], [ "W", 22 ], [ "W", 41 ], [ "W", 26 ], [ "W", 27 ], [ "W", 26 ], [ "W", 27 ], [ "W", 27 ], [ "W", 41 ], [ "W", 26 ], [ "W", 27 ], [ "W", 26 ], [ "W", 27 ], [ "W", 27 ], [ "W", 41 ], [ "R", 41 ], [ "W", 41 ], [ "W", 41 ], [ "W", 30 ], [ "W", 41 ], [ "W", 27 ], [ "W", 41 ], [ "W", 22 ], [ "W", 41 ], [ "W", 41 ], [ "W", 41 ], [ "R", 13 ], [ "R", 10 ], [ "R", 11 ], [ "R", 11 ], [ "R", 11 ], [ "R", 11 ], [ "R", 2 ], [ "R", 2 ], [ "R", 2 ], [ "R", 26 ], [ "R", 26 ], [ "R", 33 ], [ "R", 33 ], [ "R", 33 ], [ "R", 25 ], [ "R", 30 ], [ "R", 33 ], [ "R", 33 ], [ "R", 25 ], [ "R", 25 ], [ "R", 25 ], [ "R", 25 ], [ "R", 23 ], [ "R", 23 ], [ "R", 25 ], [ "R", 25 ], [ "R", 25 ], [ "R", 25 ], [ "R", 25 ], [ "R", 25 ], [ "R", 25 ], [ "R", 30 ], [ "R", 30 ], [ "R", 41 ], [ "R", 41 ], [ "R", 27 ], [ "R", 27 ], [ "R", 26 ], [ "R", 26 ], [ "R", 27 ], [ "R", 27 ], [ "R", 26 ], [ "R", 26 ], [ "R", 2 ], [ "R", 2 ], [ "R", 26 ], [ "R", 26 ], [ "R", 2 ], [ "R", 34 ], [ "R", 34 ], [ "R", 34 ], [ "R", 3 ], [ "R", 3 ], [ "R", 4 ], [ "R", 4 ], [ "R", 26 ], [ "R", 26 ], [ "R", 4 ], [ "R", 12 ], [ "R", 12 ], [ "R", 24 ], [ "R", 24 ], [ "R", 26 ], [ "R", 26 ], [ "R", 24 ], [ "R", 35 ], [ "R", 35 ], [ "R", 39 ], [ "R", 39 ], [ "R", 26 ], [ "R", 26 ], [ "R", 39 ], [ "R", 26 ], [ "R", 31 ], [ "R", 31 ], [ "W", 44 ], [ "R", 28 ], [ "R", 28 ], [ "R", 37 ], [ "R", 37 ], [ "R", 16 ], [ "R", 16 ], [ "R", 26 ], [ "R", 26 ], [ "R", 16 ], [ "R", 26 ], [ "R", 10 ], [ "R", 10 ], [ "W", 10 ], [ "W", 10 ], [ "W", 30 ], [ "R", 13 ], [ "R", 10 ], [ "R", 10 ], [ "W", 10 ], [ "W", 10 ], [ "W", 10 ] ]
    } ]
  },
  "SaleController.buy" : {
    "t" : [ {
      "id" : 0,
      "a" : [ [ "R", 5 ], [ "R", 6 ], [ "W", 6 ], [ "W", 6 ], [ "R", 6 ], [ "R", 35 ], [ "R", 35 ], [ "R", 1 ], [ "R", 35 ], [ "R", 1 ], [ "R", 26 ] ]
    } ]
  },
  "AdjustmentsAdminController.sumAdjustments" : {
    "t" : [ {
      "id" : 0,
      "a" : [ [ "R", 30 ], [ "R", 30 ], [ "R", 2 ], [ "R", 2 ], [ "R", 2 ], [ "R", 2 ], [ "R", 2 ], [ "R", 30 ], [ "R", 30 ], [ "R", 2 ], [ "R", 2 ], [ "R", 2 ], [ "R", 2 ], [ "R", 2 ], [ "R", 30 ] ]
    } ]
  },
  "EntryMoneyController.saveEntryMoney" : {
    "t" : [ {
      "id" : 0,
      "a" : [ [ "R", 31 ], [ "R", 31 ], [ "R", 30 ], [ "W", 12 ], [ "W", 12 ], [ "W", 12 ], [ "W", 30 ], [ "W", 12 ], [ "R", 13 ], [ "R", 10 ], [ "R", 11 ], [ "R", 11 ], [ "R", 11 ], [ "R", 11 ], [ "R", 2 ], [ "R", 2 ], [ "R", 2 ], [ "R", 26 ], [ "R", 26 ], [ "R", 33 ], [ "R", 33 ], [ "R", 33 ], [ "R", 25 ], [ "R", 30 ], [ "R", 33 ], [ "R", 33 ], [ "R", 25 ], [ "R", 25 ], [ "R", 25 ], [ "R", 25 ], [ "R", 23 ], [ "R", 23 ], [ "R", 25 ], [ "R", 25 ], [ "R", 25 ], [ "R", 25 ], [ "R", 25 ], [ "R", 25 ], [ "R", 25 ], [ "R", 30 ], [ "R", 30 ], [ "R", 41 ], [ "R", 41 ], [ "R", 27 ], [ "R", 27 ], [ "R", 26 ], [ "R", 26 ], [ "R", 27 ], [ "R", 27 ], [ "R", 26 ], [ "R", 26 ], [ "R", 2 ], [ "R", 2 ], [ "R", 26 ], [ "R", 26 ], [ "R", 2 ], [ "R", 34 ], [ "R", 34 ], [ "R", 34 ], [ "R", 3 ], [ "R", 3 ], [ "R", 4 ], [ "R", 4 ], [ "R", 26 ], [ "R", 26 ], [ "R", 4 ], [ "R", 12 ], [ "R", 12 ], [ "R", 24 ], [ "R", 24 ], [ "R", 26 ], [ "R", 26 ], [ "R", 24 ], [ "R", 35 ], [ "R", 35 ], [ "R", 39 ], [ "R", 39 ], [ "R", 26 ], [ "R", 26 ], [ "R", 39 ], [ "R", 26 ], [ "R", 31 ], [ "R", 31 ], [ "W", 44 ], [ "R", 28 ], [ "R", 28 ], [ "R", 37 ], [ "R", 37 ], [ "R", 16 ], [ "R", 16 ], [ "R", 26 ], [ "R", 26 ], [ "R", 16 ], [ "R", 26 ], [ "R", 10 ], [ "R", 10 ], [ "W", 10 ], [ "W", 10 ], [ "W", 30 ], [ "R", 13 ], [ "R", 10 ], [ "R", 10 ], [ "W", 10 ], [ "W", 10 ], [ "W", 10 ] ]
    } ]
  },
  "PayrollController.newPayroll" : {
    "t" : [ {
      "id" : 0,
      "a" : [ [ "R", 29 ] ]
    } ]
  },
  "JewelsController.searchjewelsactive" : {
    "t" : [ {
      "id" : 0,
      "a" : [ [ "R", 30 ] ]
    } ]
  },
  "PawnsController.searchreturnpawn" : {
    "t" : [ {
      "id" : 0,
      "a" : [ [ "R", 31 ], [ "R", 31 ], [ "R", 30 ], [ "W", 7 ], [ "R", 25 ] ]
    } ]
  },
  "SalesController.newSale" : {
    "t" : [ {
      "id" : 0,
      "a" : [ [ "R", 19 ], [ "R", 5 ], [ "R", 26 ] ]
    } ]
  },
  "HomeController.search" : {
    "t" : [ {
      "id" : 0,
      "a" : [ [ "R", 17 ], [ "R", 17 ], [ "R", 17 ], [ "R", 17 ], [ "R", 5 ], [ "R", 17 ], [ "R", 5 ], [ "R", 17 ], [ "R", 17 ], [ "R", 5 ] ]
    } ]
  },
  "JewelsController.resultSearchByReference" : {
    "t" : [ {
      "id" : 0,
      "a" : [ [ "R", 17 ], [ "R", 17 ], [ "R", 17 ], [ "R", 5 ], [ "R", 5 ], [ "R", 17 ], [ "R", 30 ], [ "R", 30 ], [ "R", 17 ], [ "R", 19 ], [ "R", 19 ], [ "R", 17 ], [ "R", 17 ], [ "R", 17 ], [ "R", 17 ], [ "R", 5 ], [ "R", 17 ], [ "R", 19 ], [ "R", 17 ], [ "R", 30 ], [ "R", 17 ], [ "R", 17 ], [ "R", 17 ], [ "R", 5 ], [ "R", 5 ], [ "R", 17 ], [ "R", 30 ], [ "R", 17 ], [ "R", 19 ], [ "R", 17 ], [ "R", 17 ], [ "R", 30 ], [ "R", 17 ], [ "R", 19 ], [ "R", 17 ], [ "R", 5 ], [ "R", 17 ] ]
    } ]
  },
  "SaleAdminController.resultNumMissing" : {
    "t" : [ {
      "id" : 0,
      "a" : [ [ "R", 35 ], [ "R", 24 ], [ "R", 11 ] ]
    } ]
  },
  "PawnsController.resultSearchPawn" : {
    "t" : [ {
      "id" : 0,
      "a" : [ [ "R", 25 ] ]
    } ]
  },
  "AdminController.searchJewels" : {
    "t" : [ {
      "id" : 0,
      "a" : [ [ "R", 17 ], [ "R", 17 ], [ "R", 17 ], [ "R", 17 ], [ "R", 5 ], [ "R", 17 ], [ "R", 5 ], [ "R", 17 ], [ "R", 17 ] ]
    } ]
  },
  "DailiesController.searchDaily" : {
    "t" : [ {
      "id" : 0,
      "a" : [ [ "R", 13 ], [ "R", 10 ], [ "R", 11 ], [ "R", 11 ], [ "R", 11 ], [ "R", 11 ], [ "R", 2 ], [ "R", 2 ], [ "R", 2 ], [ "R", 26 ], [ "R", 26 ], [ "R", 33 ], [ "R", 33 ], [ "R", 33 ], [ "R", 25 ], [ "R", 30 ], [ "R", 33 ], [ "R", 33 ], [ "R", 25 ], [ "R", 25 ], [ "R", 25 ], [ "R", 25 ], [ "R", 23 ], [ "R", 23 ], [ "R", 25 ], [ "R", 25 ], [ "R", 25 ], [ "R", 25 ], [ "R", 25 ], [ "R", 25 ], [ "R", 25 ], [ "R", 30 ], [ "R", 30 ], [ "R", 41 ], [ "R", 41 ], [ "R", 27 ], [ "R", 27 ], [ "R", 26 ], [ "R", 26 ], [ "R", 27 ], [ "R", 27 ], [ "R", 26 ], [ "R", 26 ], [ "R", 2 ], [ "R", 2 ], [ "R", 26 ], [ "R", 26 ], [ "R", 2 ], [ "R", 34 ], [ "R", 34 ], [ "R", 34 ], [ "R", 3 ], [ "R", 3 ], [ "R", 4 ], [ "R", 4 ], [ "R", 26 ], [ "R", 26 ], [ "R", 4 ], [ "R", 12 ], [ "R", 12 ], [ "R", 24 ], [ "R", 24 ], [ "R", 26 ], [ "R", 26 ], [ "R", 24 ], [ "R", 35 ], [ "R", 35 ], [ "R", 39 ], [ "R", 39 ], [ "R", 26 ], [ "R", 26 ], [ "R", 39 ], [ "R", 26 ], [ "R", 31 ], [ "R", 31 ], [ "W", 44 ], [ "R", 28 ], [ "R", 28 ], [ "R", 37 ], [ "R", 37 ], [ "R", 16 ], [ "R", 16 ], [ "R", 26 ], [ "R", 26 ], [ "R", 16 ], [ "R", 26 ], [ "R", 10 ], [ "R", 10 ], [ "W", 10 ], [ "W", 10 ], [ "W", 30 ], [ "R", 13 ], [ "R", 10 ], [ "R", 10 ], [ "W", 10 ], [ "W", 10 ], [ "W", 10 ], [ "R", 30 ], [ "R", 30 ], [ "R", 13 ], [ "R", 10 ], [ "R", 11 ], [ "R", 11 ], [ "R", 11 ], [ "R", 11 ], [ "R", 2 ], [ "R", 2 ], [ "R", 2 ], [ "R", 26 ], [ "R", 26 ], [ "R", 33 ], [ "R", 33 ], [ "R", 33 ], [ "R", 25 ], [ "R", 30 ], [ "R", 33 ], [ "R", 33 ], [ "R", 25 ], [ "R", 25 ], [ "R", 25 ], [ "R", 25 ], [ "R", 23 ], [ "R", 23 ], [ "R", 25 ], [ "R", 25 ], [ "R", 25 ], [ "R", 25 ], [ "R", 25 ], [ "R", 25 ], [ "R", 25 ], [ "R", 30 ], [ "R", 30 ], [ "R", 41 ], [ "R", 41 ], [ "R", 27 ], [ "R", 27 ], [ "R", 26 ], [ "R", 26 ], [ "R", 27 ], [ "R", 27 ], [ "R", 26 ], [ "R", 26 ], [ "R", 2 ], [ "R", 2 ], [ "R", 26 ], [ "R", 26 ], [ "R", 2 ], [ "R", 34 ], [ "R", 34 ], [ "R", 34 ], [ "R", 3 ], [ "R", 3 ], [ "R", 4 ], [ "R", 4 ], [ "R", 26 ], [ "R", 26 ], [ "R", 4 ], [ "R", 12 ], [ "R", 12 ], [ "R", 24 ], [ "R", 24 ], [ "R", 26 ], [ "R", 26 ], [ "R", 24 ], [ "R", 35 ], [ "R", 35 ], [ "R", 39 ], [ "R", 39 ], [ "R", 26 ], [ "R", 26 ], [ "R", 39 ], [ "R", 26 ], [ "R", 31 ], [ "R", 31 ], [ "W", 44 ], [ "R", 28 ], [ "R", 28 ], [ "R", 37 ], [ "R", 37 ], [ "R", 16 ], [ "R", 16 ], [ "R", 26 ], [ "R", 26 ], [ "R", 16 ], [ "R", 26 ], [ "R", 10 ], [ "R", 10 ], [ "W", 10 ], [ "W", 10 ], [ "W", 30 ], [ "R", 13 ], [ "R", 10 ], [ "R", 10 ], [ "W", 10 ], [ "W", 10 ], [ "W", 10 ], [ "R", 30 ] ]
    } ]
  },
  "HomeController.terms" : {
    "t" : [ {
      "id" : 0,
      "a" : [ [ "R", 5 ] ]
    } ]
  },
  "ShoppingsAdminController.updateShoppings" : {
    "t" : [ {
      "id" : 0,
      "a" : [ [ "R", 30 ], [ "R", 41 ], [ "R", 19 ] ]
    } ]
  },
  "SaleAdminController.resultSalesCard" : {
    "t" : [ {
      "id" : 0,
      "a" : [ [ "W", 26 ], [ "R", 35 ], [ "R", 35 ], [ "R", 39 ], [ "R", 35 ], [ "R", 35 ], [ "R", 35 ], [ "R", 35 ], [ "R", 39 ], [ "R", 26 ], [ "R", 35 ], [ "R", 38 ], [ "R", 38 ], [ "R", 17 ], [ "R", 2 ], [ "R", 2 ], [ "R", 24 ], [ "R", 24 ], [ "R", 37 ], [ "R", 37 ], [ "R", 16 ], [ "R", 37 ], [ "R", 37 ], [ "R", 16 ], [ "R", 37 ], [ "R", 16 ], [ "R", 37 ], [ "R", 16 ], [ "R", 26 ], [ "R", 37 ] ]
    } ]
  },
  "SalesController.cancelParcialSale" : {
    "t" : [ {
      "id" : 0,
      "a" : [ [ "R", 31 ], [ "R", 31 ], [ "R", 30 ], [ "R", 30 ], [ "W", 30 ], [ "R", 35 ], [ "R", 35 ], [ "R", 38 ], [ "R", 38 ], [ "R", 17 ], [ "R", 17 ], [ "R", 26 ] ]
    } ]
  },
  "PawnsAdminController.resultRenovationsPawns" : {
    "t" : [ {
      "id" : 0,
      "a" : [ [ "R", 30 ], [ "R", 30 ], [ "R", 25 ] ]
    } ]
  },
  "HolidaysController.newHoliday" : {
    "t" : [ {
      "id" : 0,
      "a" : [ [ "R", 30 ] ]
    } ]
  },
  "JewelsController.addJewelEntity" : {
    "t" : [ {
      "id" : 0,
      "a" : [ [ "R", 5 ], [ "R", 30 ], [ "R", 19 ], [ "R", 17 ], [ "R", 17 ], [ "R", 17 ], [ "R", 5 ], [ "R", 17 ], [ "R", 19 ], [ "R", 17 ], [ "R", 30 ], [ "R", 17 ], [ "R", 17 ], [ "R", 30 ], [ "R", 19 ], [ "R", 5 ], [ "R", 30 ], [ "R", 30 ], [ "W", 17 ], [ "W", 30 ], [ "R", 17 ], [ "W", 17 ], [ "W", 17 ], [ "R", 17 ], [ "W", 17 ], [ "R", 17 ], [ "R", 45 ], [ "R", 17 ], [ "R", 45 ], [ "R", 45 ], [ "W", 17 ], [ "W", 45 ], [ "W", 17 ], [ "R", 17 ], [ "R", 17 ], [ "R", 17 ], [ "R", 30 ] ]
    } ]
  },
  "SaleAdminController.searchsales" : {
    "t" : [ {
      "id" : 0,
      "a" : [ [ "R", 30 ] ]
    } ]
  },
  "JewelsController.addCategory" : {
    "t" : [ {
      "id" : 0,
      "a" : [ [ "R", 5 ], [ "R", 5 ], [ "W", 5 ], [ "W", 5 ] ]
    } ]
  },
  "SaleAdminController.showsale" : {
    "t" : [ {
      "id" : 0,
      "a" : [ [ "R", 35 ], [ "R", 35 ], [ "R", 38 ], [ "R", 38 ], [ "R", 17 ], [ "R", 17 ], [ "R", 35 ], [ "R", 39 ], [ "R", 39 ], [ "R", 26 ], [ "R", 39 ] ]
    } ]
  },
  "PawnsAdminController.searchPawn" : {
    "t" : [ {
      "id" : 0,
      "a" : [ [ "R", 25 ], [ "R", 25 ], [ "R", 7 ], [ "R", 20 ], [ "R", 42 ], [ "R", 19 ] ]
    } ]
  },
  "DailiesController.calculateDailies" : {
    "t" : [ {
      "id" : 0,
      "a" : [ [ "R", 30 ], [ "R", 30 ] ]
    } ]
  },
  "HomeController.home" : {
    "t" : [ {
      "id" : 0,
      "a" : [ [ "R", 5 ], [ "R", 17 ] ]
    } ]
  },
  "JewelsController.addCoin" : {
    "t" : [ {
      "id" : 0,
      "a" : [ [ "R", 30 ], [ "R", 19 ], [ "R", 8 ], [ "W", 8 ], [ "W", 8 ] ]
    } ]
  },
  "HomeController.selectedJewelEntity" : {
    "t" : [ {
      "id" : 0,
      "a" : [ [ "R", 17 ], [ "R", 5 ] ]
    } ]
  },
  "JewelsController.resultSearchRevise" : {
    "t" : [ {
      "id" : 0,
      "a" : [ [ "R", 17 ], [ "R", 17 ], [ "R", 17 ] ]
    } ]
  },
  "SalesController.sale" : {
    "t" : [ {
      "id" : 0,
      "a" : [ [ "R", 17 ], [ "R", 31 ], [ "R", 31 ], [ "R", 30 ], [ "R", 17 ], [ "W", 17 ], [ "W", 30 ], [ "W", 17 ], [ "R", 17 ], [ "R", 17 ], [ "R", 5 ], [ "R", 17 ], [ "R", 19 ], [ "R", 17 ], [ "R", 30 ], [ "R", 17 ], [ "R", 17 ], [ "R", 17 ], [ "R", 35 ], [ "R", 24 ], [ "R", 11 ], [ "W", 35 ], [ "R", 6 ], [ "W", 6 ], [ "W", 35 ], [ "W", 6 ], [ "W", 35 ], [ "W", 35 ], [ "W", 17 ], [ "R", 17 ], [ "W", 38 ], [ "W", 35 ], [ "W", 38 ], [ "W", 17 ], [ "W", 1 ], [ "W", 35 ], [ "W", 1 ], [ "W", 1 ], [ "W", 35 ], [ "W", 1 ], [ "R", 11 ], [ "R", 11 ], [ "W", 11 ], [ "W", 11 ], [ "W", 11 ], [ "W", 35 ], [ "W", 35 ], [ "R", 26 ], [ "W", 39 ], [ "W", 26 ], [ "W", 39 ], [ "W", 35 ], [ "W", 26 ], [ "W", 39 ], [ "W", 26 ], [ "W", 39 ], [ "W", 35 ], [ "W", 39 ], [ "R", 35 ], [ "W", 39 ], [ "R", 35 ], [ "W", 39 ], [ "R", 30 ], [ "W", 35 ], [ "W", 30 ], [ "W", 35 ], [ "W", 38 ], [ "W", 35 ], [ "W", 35 ], [ "W", 39 ], [ "R", 35 ], [ "R", 35 ], [ "R", 24 ], [ "R", 11 ], [ "R", 35 ], [ "R", 30 ], [ "R", 30 ], [ "R", 35 ], [ "R", 38 ], [ "R", 35 ], [ "R", 38 ], [ "R", 38 ], [ "R", 17 ], [ "R", 17 ], [ "R", 17 ], [ "W", 17 ], [ "R", 35 ], [ "W", 17 ], [ "W", 38 ], [ "W", 17 ], [ "W", 35 ], [ "W", 38 ], [ "W", 35 ], [ "R", 35 ], [ "R", 19 ], [ "R", 5 ], [ "R", 26 ], [ "R", 19 ], [ "R", 5 ], [ "R", 26 ], [ "R", 19 ], [ "R", 5 ], [ "R", 26 ] ]
    } ]
  },
  "JewelsController.updateJewels" : {
    "t" : [ {
      "id" : 0,
      "a" : [ [ "R", 17 ], [ "R", 5 ], [ "R", 30 ], [ "R", 19 ] ]
    } ]
  },
  "UsersController.saveUser" : {
    "t" : [ {
      "id" : 0,
      "a" : [ [ "R", 30 ], [ "R", 44 ], [ "R", 30 ], [ "W", 31 ], [ "W", 30 ], [ "W", 31 ], [ "W", 31 ], [ "R", 44 ], [ "W", 44 ] ]
    } ]
  },
  "BillingController.billingprevious" : {
    "t" : [ {
      "id" : 0,
      "a" : [ [ "R", 2 ], [ "R", 45 ], [ "R", 19 ], [ "R", 2 ], [ "R", 2 ], [ "R", 2 ], [ "R", 2 ], [ "R", 2 ], [ "R", 45 ], [ "R", 45 ], [ "R", 45 ], [ "R", 45 ], [ "R", 45 ], [ "R", 45 ], [ "R", 45 ], [ "R", 19 ], [ "R", 45 ], [ "R", 19 ], [ "R", 19 ] ]
    } ]
  },
  "ShoppingsAdminController.resultShoppings" : {
    "t" : [ {
      "id" : 0,
      "a" : [ [ "R", 30 ], [ "R", 41 ], [ "R", 41 ], [ "R", 7 ], [ "R", 41 ], [ "R", 7 ], [ "R", 41 ], [ "R", 41 ], [ "R", 7 ], [ "R", 41 ], [ "R", 7 ], [ "R", 41 ], [ "R", 41 ], [ "R", 7 ], [ "R", 41 ], [ "R", 7 ], [ "R", 41 ], [ "R", 41 ], [ "R", 7 ], [ "R", 41 ], [ "R", 7 ], [ "R", 41 ], [ "R", 41 ], [ "R", 7 ], [ "R", 41 ], [ "R", 7 ] ]
    } ]
  },
  "OtherSaleController.newrecording" : {
    "t" : [ {
      "id" : 0,
      "a" : [ [ "R", 26 ], [ "R", 43 ] ]
    } ]
  },
  "PawnsController.resultRenovationsPawns" : {
    "t" : [ {
      "id" : 0,
      "a" : [ [ "R", 31 ], [ "R", 31 ], [ "R", 30 ], [ "R", 30 ], [ "R", 25 ] ]
    } ]
  },
  "PawnsAdminController.resultrenovations" : {
    "t" : [ {
      "id" : 0,
      "a" : [ [ "R", 25 ], [ "R", 25 ], [ "R", 33 ], [ "R", 33 ], [ "R", 33 ], [ "R", 33 ], [ "R", 25 ], [ "R", 33 ], [ "R", 25 ] ]
    } ]
  },
  "HolidaysController.allHolidays" : {
    "t" : [ {
      "id" : 0,
      "a" : [ [ "R", 13 ] ]
    } ]
  },
  "RegisterEmployeesController.downloadpdf" : {
    "t" : [ {
      "id" : 0,
      "a" : [ [ "R", 32 ], [ "R", 32 ], [ "R", 44 ], [ "R", 44 ], [ "R", 32 ], [ "R", 44 ], [ "R", 44 ], [ "R", 32 ], [ "R", 32 ], [ "R", 32 ], [ "R", 32 ], [ "R", 32 ] ]
    } ]
  },
  "AdjustmentsAdminController.searchSumAdjustments" : {
    "t" : [ {
      "id" : 0,
      "a" : [ [ "R", 30 ] ]
    } ]
  },
  "PaymentsController.savePayment" : {
    "t" : [ {
      "id" : 0,
      "a" : [ [ "R", 26 ], [ "W", 26 ] ]
    } ]
  },
  "SalePostPonedController.addinstallment" : {
    "t" : [ {
      "id" : 0,
      "a" : [ [ "R", 26 ] ]
    } ]
  },
  "WorkshopController.newWorkshop" : {
    "t" : [ {
      "id" : 0,
      "a" : [ [ "R", 19 ] ]
    } ]
  },
  "HomeController.sendMessage" : {
    "t" : [ {
      "id" : 0,
      "a" : [ [ "R", 5 ] ]
    } ]
  },
  "JewelsController.searchByReference" : {
    "t" : [ {
      "id" : 0,
      "a" : [ [ "R", 5 ], [ "R", 30 ], [ "R", 19 ] ]
    } ]
  },
  "IncidentsController.saveIncident" : {
    "t" : [ {
      "id" : 0,
      "a" : [ [ "R", 15 ], [ "W", 15 ], [ "W", 15 ], [ "R", 15 ], [ "R", 15 ] ]
    } ]
  }
}