{
  "1" : "AddressEntity",
  "2" : "AdjustmentEntity",
  "3" : "CancelSaleEntity",
  "4" : "CancelSalePaymentEntity",
  "5" : "CategoryEntity",
  "6" : "ClientEntity",
  "7" : "ClientPawnEntity",
  "8" : "CoinEntity",
  "9" : "ConnectionEntity",
  "10" : "DailyEntity",
  "11" : "DiscountEntity",
  "12" : "EntryMoneyEntity",
  "13" : "HolidayEntity",
  "14" : "IPEntity",
  "15" : "IncidentEntity",
  "16" : "InstallmentEntity",
  "17" : "JewelEntity",
  "18" : "MessageEntity",
  "19" : "MetalEntity",
  "20" : "NationEntity",
  "21" : "ObjectPawnEntity",
  "22" : "ObjectShopEntity",
  "23" : "OtherConceptEntity",
  "24" : "OtherSaleEntity",
  "25" : "PawnEntity",
  "26" : "PaymentEntity",
  "27" : "PaymentShopEntity",
  "28" : "PayrollEntity",
  "29" : "PayrolltypeEntity",
  "30" : "PlaceEntity",
  "31" : "PlaceUserEntity",
  "32" : "RegisterEntity",
  "33" : "RenovationEntity",
  "34" : "RentalEntity",
  "35" : "SaleEntity",
  "36" : "SalePostPonedJewel",
  "37" : "SalePostponedEntity",
  "38" : "SalesJewels",
  "39" : "SalesPayments",
  "40" : "SetEntity",
  "41" : "ShoppingEntity",
  "42" : "TrackEntity",
  "43" : "TypeOfSaleEntity",
  "44" : "UserEntity",
  "45" : "WorkshopEntity"
}