{
  "AddressEntity" : 1,
  "AdjustmentEntity" : 2,
  "CancelSaleEntity" : 3,
  "CancelSalePaymentEntity" : 4,
  "CategoryEntity" : 5,
  "ClientEntity" : 6,
  "ClientPawnEntity" : 7,
  "CoinEntity" : 8,
  "ConnectionEntity" : 9,
  "DailyEntity" : 10,
  "DiscountEntity" : 11,
  "EntryMoneyEntity" : 12,
  "HolidayEntity" : 13,
  "IPEntity" : 14,
  "IncidentEntity" : 15,
  "InstallmentEntity" : 16,
  "JewelEntity" : 17,
  "MessageEntity" : 18,
  "MetalEntity" : 19,
  "NationEntity" : 20,
  "ObjectPawnEntity" : 21,
  "ObjectShopEntity" : 22,
  "OtherConceptEntity" : 23,
  "OtherSaleEntity" : 24,
  "PawnEntity" : 25,
  "PaymentEntity" : 26,
  "PaymentShopEntity" : 27,
  "PayrollEntity" : 28,
  "PayrolltypeEntity" : 29,
  "PlaceEntity" : 30,
  "PlaceUserEntity" : 31,
  "RegisterEntity" : 32,
  "RenovationEntity" : 33,
  "RentalEntity" : 34,
  "SaleEntity" : 35,
  "SalePostPonedJewel" : 36,
  "SalePostponedEntity" : 37,
  "SalesJewels" : 38,
  "SalesPayments" : 39,
  "SetEntity" : 40,
  "ShoppingEntity" : 41,
  "TrackEntity" : 42,
  "TypeOfSaleEntity" : 43,
  "UserEntity" : 44,
  "WorkshopEntity" : 45
}