{
  "MemberController.list" : {
    "t" : [ {
      "id" : 0,
      "a" : [ [ "R", 6 ] ]
    } ]
  },
  "ItemController.list" : {
    "t" : [ {
      "id" : 0,
      "a" : [ [ "R", 5 ] ]
    } ]
  },
  "OrderController.order" : {
    "t" : [ {
      "id" : 0,
      "a" : [ [ "R", 6 ], [ "R", 5 ], [ "R", 6 ], [ "W", 4 ], [ "W", 4 ], [ "R", 5 ], [ "W", 9 ], [ "W", 5 ], [ "W", 9 ], [ "W", 9 ], [ "R", 5 ], [ "W", 5 ], [ "W", 8 ], [ "W", 6 ], [ "R", 6 ], [ "R", 8 ], [ "W", 6 ], [ "W", 8 ], [ "W", 8 ], [ "W", 4 ], [ "W", 4 ], [ "W", 8 ], [ "R", 8 ], [ "R", 9 ], [ "W", 8 ], [ "W", 9 ], [ "W", 9 ], [ "W", 8 ], [ "W", 8 ], [ "W", 8 ], [ "W", 8 ], [ "R", 8 ] ]
    } ]
  },
  "OrderController.createForm" : {
    "t" : [ {
      "id" : 0,
      "a" : [ [ "R", 6 ], [ "R", 5 ] ]
    } ]
  },
  "MemberController.create" : {
    "t" : [ {
      "id" : 0,
      "a" : [ [ "W", 6 ], [ "R", 6 ], [ "R", 6 ], [ "W", 6 ], [ "R", 6 ] ]
    } ]
  },
  "OrderController.orderList" : {
    "t" : [ {
      "id" : 0,
      "a" : [ [ "R", 8 ] ]
    } ]
  },
  "ItemController.create" : {
    "t" : [ {
      "id" : 0,
      "a" : [ [ "W", 5 ] ]
    } ]
  },
  "ItemController.updateItem" : {
    "t" : [ {
      "id" : 0,
      "a" : [ [ "W", 5 ] ]
    } ]
  },
  "ItemController.updateItemForm" : {
    "t" : [ {
      "id" : 0,
      "a" : [ [ "R", 5 ] ]
    } ]
  },
  "OrderController.processCancelBuy" : {
    "t" : [ {
      "id" : 0,
      "a" : [ [ "R", 8 ], [ "R", 8 ], [ "R", 4 ], [ "R", 4 ], [ "W", 8 ], [ "R", 8 ], [ "R", 9 ], [ "R", 9 ], [ "R", 5 ], [ "R", 9 ], [ "W", 5 ] ]
    } ]
  }
}