{
  "LogInfoController.list" : {
    "t" : [ {
      "id" : 0,
      "a" : [ [ "R", 4 ], [ "R", 4 ] ]
    } ]
  },
  "ResourceController.list" : {
    "t" : [ {
      "id" : 0,
      "a" : [ [ "R", 9 ], [ "R", 9 ] ]
    } ]
  },
  "IndexController.index" : {
    "t" : [ {
      "id" : 0,
      "a" : [ [ "R", 5 ], [ "R", 5 ], [ "R", 5 ], [ "R", 5 ], [ "W", 5 ], [ "W", 5 ], [ "W", 5 ], [ "W", 5 ], [ "R", 5 ], [ "R", 5 ], [ "R", 5 ], [ "R", 5 ], [ "R", 5 ], [ "R", 5 ], [ "W", 5 ], [ "W", 5 ], [ "R", 5 ], [ "R", 5 ], [ "R", 5 ], [ "R", 8 ], [ "W", 5 ], [ "W", 5 ] ]
    } ]
  },
  "LogInfoController.deleteMany" : {
    "t" : [ {
      "id" : 0,
      "a" : [ [ "W", 4 ] ]
    } ]
  },
  "UserController.assignRole" : {
    "t" : [ {
      "id" : 0,
      "a" : [ [ "W", 14 ], [ "R", 14 ], [ "R", 13 ], [ "R", 13 ], [ "R", 13 ], [ "R", 14 ], [ "R", 10 ], [ "R", 10 ], [ "R", 10 ], [ "R", 13 ], [ "R", 10 ] ]
    } ]
  },
  "ResourceController.preUpdate" : {
    "t" : [ {
      "id" : 0,
      "a" : [ [ "R", 9 ], [ "R", 9 ], [ "R", 9 ], [ "R", 9 ] ]
    } ]
  },
  "ModuleController.create" : {
    "t" : [ {
      "id" : 0,
      "a" : [ [ "R", 5 ], [ "R", 5 ], [ "R", 5 ], [ "R", 5 ], [ "R", 5 ], [ "R", 5 ], [ "R", 5 ], [ "R", 5 ], [ "R", 8 ], [ "R", 8 ], [ "W", 8 ], [ "W", 5 ], [ "W", 5 ], [ "W", 8 ], [ "R", 5 ], [ "R", 5 ], [ "R", 5 ], [ "R", 5 ], [ "W", 5 ], [ "R", 5 ] ]
    } ]
  },
  "OrganizationController.preUpdate" : {
    "t" : [ {
      "id" : 0,
      "a" : [ [ "R", 6 ] ]
    } ]
  },
  "UserController.update" : {
    "t" : [ {
      "id" : 0,
      "a" : [ [ "R", 13 ], [ "R", 13 ], [ "R", 13 ], [ "R", 13 ], [ "R", 13 ], [ "R", 13 ], [ "W", 13 ], [ "W", 13 ], [ "W", 13 ], [ "R", 13 ], [ "R", 13 ] ]
    } ]
  },
  "UserController.preUpdate" : {
    "t" : [ {
      "id" : 0,
      "a" : [ [ "R", 13 ] ]
    } ]
  },
  "DataControlController.deleteMany" : {
    "t" : [ {
      "id" : 0,
      "a" : [ [ "R", 1 ], [ "R", 1 ], [ "W", 1 ] ]
    } ]
  },
  "DataControlController.create" : {
    "t" : [ {
      "id" : 0,
      "a" : [ [ "W", 1 ], [ "R", 1 ] ]
    } ]
  },
  "RoleController.preUpdate" : {
    "t" : [ {
      "id" : 0,
      "a" : [ [ "R", 10 ], [ "R", 5 ], [ "R", 5 ], [ "R", 5 ], [ "R", 5 ], [ "W", 5 ], [ "W", 5 ], [ "W", 5 ], [ "W", 5 ], [ "R", 5 ], [ "R", 5 ], [ "R", 5 ], [ "R", 5 ], [ "R", 5 ], [ "R", 5 ], [ "W", 5 ], [ "W", 5 ] ]
    } ]
  },
  "UserController.delete" : {
    "t" : [ {
      "id" : 0,
      "a" : [ [ "R", 13 ], [ "R", 13 ], [ "R", 13 ], [ "R", 13 ], [ "W", 13 ], [ "R", 13 ], [ "R", 13 ] ]
    } ]
  },
  "ModuleController.preUpdate" : {
    "t" : [ {
      "id" : 0,
      "a" : [ [ "R", 5 ] ]
    } ]
  },
  "UserController.listUnassignRole" : {
    "t" : [ {
      "id" : 0,
      "a" : [ [ "R", 14 ], [ "R", 10 ], [ "R", 14 ], [ "R", 10 ], [ "R", 10 ], [ "R", 10 ] ]
    } ]
  },
  "OrganizationController.listUnassignRole" : {
    "t" : [ {
      "id" : 0,
      "a" : [ [ "R", 7 ], [ "R", 10 ], [ "R", 7 ], [ "R", 10 ], [ "R", 10 ], [ "R", 10 ] ]
    } ]
  },
  "ModuleController.list" : {
    "t" : [ {
      "id" : 0,
      "a" : [ [ "R", 5 ], [ "R", 5 ] ]
    } ]
  },
  "ResourceController.download" : {
    "t" : [ {
      "id" : 0,
      "a" : [ [ "R", 9 ], [ "R", 9 ], [ "R", 9 ], [ "R", 9 ], [ "W", 9 ], [ "R", 9 ], [ "R", 9 ], [ "R", 9 ], [ "R", 9 ], [ "R", 9 ], [ "R", 9 ], [ "R", 9 ], [ "R", 9 ], [ "R", 9 ], [ "R", 9 ], [ "R", 9 ] ]
    } ]
  },
  "ModuleController.view" : {
    "t" : [ {
      "id" : 0,
      "a" : [ [ "R", 5 ] ]
    } ]
  },
  "RoleController.list" : {
    "t" : [ {
      "id" : 0,
      "a" : [ [ "R", 10 ], [ "R", 10 ] ]
    } ]
  },
  "OrganizationController.delete" : {
    "t" : [ {
      "id" : 0,
      "a" : [ [ "R", 6 ], [ "R", 6 ], [ "R", 6 ], [ "R", 6 ], [ "R", 6 ], [ "R", 6 ], [ "R", 6 ], [ "R", 13 ], [ "R", 6 ], [ "W", 6 ], [ "R", 6 ] ]
    } ]
  },
  "RoleController.assign" : {
    "t" : [ {
      "id" : 0,
      "a" : [ [ "R", 10 ], [ "R", 12 ], [ "R", 10 ], [ "R", 11 ], [ "R", 10 ], [ "R", 11 ], [ "R", 10 ], [ "R", 11 ], [ "R", 11 ], [ "R", 12 ], [ "R", 12 ], [ "R", 1 ], [ "R", 1 ], [ "R", 12 ], [ "R", 1 ], [ "R", 1 ], [ "R", 12 ], [ "R", 11 ], [ "R", 11 ], [ "R", 12 ], [ "R", 11 ], [ "R", 11 ], [ "R", 10 ], [ "R", 11 ], [ "R", 11 ], [ "R", 12 ], [ "R", 12 ], [ "R", 1 ], [ "R", 1 ], [ "R", 12 ], [ "R", 1 ], [ "R", 1 ], [ "R", 12 ], [ "R", 11 ], [ "R", 11 ], [ "R", 12 ], [ "R", 11 ], [ "R", 11 ], [ "W", 12 ], [ "W", 12 ], [ "R", 10 ], [ "R", 10 ], [ "R", 10 ] ]
    } ]
  },
  "ResourceController.deleteMany" : {
    "t" : [ {
      "id" : 0,
      "a" : [ [ "R", 9 ], [ "R", 9 ], [ "R", 9 ], [ "R", 9 ], [ "R", 9 ], [ "W", 9 ], [ "R", 9 ], [ "R", 9 ], [ "R", 9 ], [ "W", 9 ] ]
    } ]
  },
  "DictionaryController.preUpdate" : {
    "t" : [ {
      "id" : 0,
      "a" : [ [ "R", 2 ] ]
    } ]
  },
  "ModuleController.update" : {
    "t" : [ {
      "id" : 0,
      "a" : [ [ "R", 5 ], [ "R", 5 ], [ "R", 5 ], [ "W", 5 ], [ "R", 5 ], [ "W", 5 ], [ "R", 5 ], [ "W", 5 ], [ "R", 5 ], [ "W", 5 ], [ "R", 5 ], [ "W", 5 ], [ "R", 5 ], [ "R", 5 ], [ "W", 5 ], [ "W", 5 ], [ "R", 5 ], [ "W", 5 ], [ "R", 5 ], [ "R", 8 ], [ "R", 8 ], [ "R", 8 ], [ "W", 8 ], [ "W", 5 ], [ "R", 5 ], [ "R", 8 ], [ "W", 5 ], [ "W", 8 ], [ "W", 8 ], [ "R", 8 ], [ "R", 5 ], [ "R", 8 ], [ "R", 8 ], [ "R", 8 ], [ "W", 8 ], [ "W", 5 ], [ "R", 8 ], [ "W", 8 ], [ "R", 5 ], [ "R", 8 ], [ "W", 5 ], [ "W", 8 ], [ "R", 5 ], [ "R", 5 ], [ "R", 5 ], [ "R", 5 ], [ "W", 5 ], [ "R", 5 ] ]
    } ]
  },
  "ModuleController.tree" : {
    "t" : [ {
      "id" : 0,
      "a" : [ [ "R", 5 ], [ "R", 5 ], [ "R", 5 ], [ "R", 5 ], [ "W", 5 ], [ "W", 5 ], [ "W", 5 ], [ "W", 5 ], [ "R", 5 ], [ "R", 5 ], [ "R", 5 ], [ "R", 5 ], [ "R", 5 ], [ "R", 5 ], [ "W", 5 ], [ "W", 5 ] ]
    } ]
  },
  "RoleController.delete" : {
    "t" : [ {
      "id" : 0,
      "a" : [ [ "R", 10 ], [ "R", 10 ], [ "W", 10 ], [ "R", 10 ] ]
    } ]
  },
  "DataControlController.list" : {
    "t" : [ {
      "id" : 0,
      "a" : [ [ "R", 1 ], [ "R", 1 ] ]
    } ]
  },
  "OrganizationController.assignRole" : {
    "t" : [ {
      "id" : 0,
      "a" : [ [ "W", 7 ], [ "R", 7 ], [ "R", 6 ], [ "R", 6 ], [ "R", 6 ], [ "R", 7 ], [ "R", 10 ], [ "R", 10 ], [ "R", 10 ], [ "R", 6 ], [ "R", 10 ] ]
    } ]
  },
  "RoleController.lookup" : {
    "t" : [ {
      "id" : 0,
      "a" : [ [ "R", 1 ], [ "R", 1 ] ]
    } ]
  },
  "OrganizationController.tree" : {
    "t" : [ {
      "id" : 0,
      "a" : [ [ "R", 6 ], [ "R", 6 ], [ "R", 6 ], [ "R", 6 ], [ "W", 6 ], [ "W", 6 ], [ "W", 6 ], [ "W", 6 ], [ "R", 6 ], [ "R", 6 ], [ "R", 6 ], [ "R", 6 ], [ "R", 6 ], [ "R", 6 ], [ "W", 6 ], [ "W", 6 ] ]
    } ]
  },
  "OrganizationController.lookup" : {
    "t" : [ {
      "id" : 0,
      "a" : [ [ "R", 6 ], [ "R", 6 ], [ "R", 6 ], [ "R", 6 ], [ "W", 6 ], [ "W", 6 ], [ "W", 6 ], [ "W", 6 ], [ "R", 6 ], [ "R", 6 ], [ "R", 6 ], [ "R", 6 ], [ "R", 6 ], [ "R", 6 ], [ "W", 6 ], [ "W", 6 ] ]
    } ]
  },
  "DataControlController.preUpdate" : {
    "t" : [ {
      "id" : 0,
      "a" : [ [ "R", 1 ] ]
    } ]
  },
  "OrganizationController.listOrganizationRole" : {
    "t" : [ {
      "id" : 0,
      "a" : [ [ "R", 7 ] ]
    } ]
  },
  "OrganizationController.list" : {
    "t" : [ {
      "id" : 0,
      "a" : [ [ "R", 6 ], [ "R", 6 ] ]
    } ]
  },
  "ResourceController.upload" : {
    "t" : [ {
      "id" : 0,
      "a" : [ [ "W", 9 ], [ "W", 9 ], [ "W", 9 ], [ "W", 9 ], [ "W", 9 ], [ "W", 9 ], [ "R", 9 ], [ "W", 9 ], [ "W", 9 ], [ "W", 9 ], [ "W", 9 ], [ "W", 9 ], [ "W", 9 ], [ "W", 9 ], [ "R", 9 ] ]
    } ]
  },
  "DataControlController.delete" : {
    "t" : [ {
      "id" : 0,
      "a" : [ [ "W", 1 ] ]
    } ]
  },
  "DataControlController.view" : {
    "t" : [ {
      "id" : 0,
      "a" : [ [ "R", 1 ] ]
    } ]
  },
  "IndexController.updatePassword" : {
    "t" : [ {
      "id" : 0,
      "a" : [ [ "W", 13 ], [ "R", 13 ], [ "R", 13 ], [ "R", 13 ], [ "W", 13 ], [ "W", 13 ], [ "W", 13 ], [ "R", 13 ], [ "R", 13 ] ]
    } ]
  },
  "DataControlController.update" : {
    "t" : [ {
      "id" : 0,
      "a" : [ [ "W", 1 ], [ "R", 1 ] ]
    } ]
  },
  "OrganizationController.update" : {
    "t" : [ {
      "id" : 0,
      "a" : [ [ "R", 6 ], [ "R", 6 ], [ "R", 6 ], [ "R", 6 ], [ "R", 6 ], [ "R", 6 ], [ "R", 6 ], [ "R", 6 ], [ "R", 6 ], [ "R", 6 ], [ "R", 6 ], [ "W", 6 ], [ "R", 6 ] ]
    } ]
  },
  "UserController.deleteUserRole" : {
    "t" : [ {
      "id" : 0,
      "a" : [ [ "R", 14 ], [ "R", 14 ], [ "R", 13 ], [ "R", 13 ], [ "R", 14 ], [ "R", 10 ], [ "R", 10 ], [ "W", 14 ] ]
    } ]
  },
  "UserController.list" : {
    "t" : [ {
      "id" : 0,
      "a" : [ [ "R", 13 ], [ "R", 13 ] ]
    } ]
  },
  "RoleController.view" : {
    "t" : [ {
      "id" : 0,
      "a" : [ [ "R", 10 ], [ "R", 5 ], [ "R", 5 ], [ "R", 5 ], [ "R", 5 ], [ "W", 5 ], [ "W", 5 ], [ "W", 5 ], [ "W", 5 ], [ "R", 5 ], [ "R", 5 ], [ "R", 5 ], [ "R", 5 ], [ "R", 5 ], [ "R", 5 ], [ "W", 5 ], [ "W", 5 ] ]
    } ]
  },
  "DictionaryController.deleteMany" : {
    "t" : [ {
      "id" : 0,
      "a" : [ [ "R", 2 ], [ "R", 2 ], [ "W", 2 ] ]
    } ]
  },
  "DictionaryController.list" : {
    "t" : [ {
      "id" : 0,
      "a" : [ [ "R", 2 ], [ "R", 2 ], [ "R", 2 ], [ "R", 2 ] ]
    } ]
  },
  "UserController.lookup" : {
    "t" : [ {
      "id" : 0,
      "a" : [ [ "R", 6 ], [ "R", 6 ], [ "R", 6 ], [ "R", 6 ], [ "W", 6 ], [ "W", 6 ], [ "W", 6 ], [ "W", 6 ], [ "R", 6 ], [ "R", 6 ], [ "R", 6 ], [ "R", 6 ], [ "R", 6 ], [ "R", 6 ], [ "W", 6 ], [ "W", 6 ] ]
    } ]
  },
  "IndexController.updateBase" : {
    "t" : [ {
      "id" : 0,
      "a" : [ [ "R", 13 ], [ "W", 13 ], [ "R", 13 ], [ "W", 13 ], [ "R", 13 ], [ "R", 13 ], [ "R", 13 ], [ "R", 13 ], [ "R", 13 ], [ "R", 13 ], [ "W", 13 ], [ "W", 13 ], [ "W", 13 ], [ "R", 13 ], [ "R", 13 ] ]
    } ]
  },
  "UserController.deleteMany" : {
    "t" : [ {
      "id" : 0,
      "a" : [ [ "R", 13 ], [ "R", 13 ], [ "R", 13 ], [ "R", 13 ], [ "W", 13 ], [ "R", 13 ], [ "R", 13 ] ]
    } ]
  },
  "DictionaryController.create" : {
    "t" : [ {
      "id" : 0,
      "a" : [ [ "W", 2 ], [ "R", 2 ] ]
    } ]
  },
  "UserController.create" : {
    "t" : [ {
      "id" : 0,
      "a" : [ [ "W", 13 ], [ "R", 13 ], [ "R", 13 ], [ "R", 13 ], [ "R", 13 ], [ "R", 13 ], [ "R", 13 ], [ "W", 13 ], [ "W", 13 ], [ "W", 13 ], [ "R", 13 ], [ "R", 13 ] ]
    } ]
  },
  "RoleController.preCreate" : {
    "t" : [ {
      "id" : 0,
      "a" : [ [ "R", 5 ], [ "R", 5 ], [ "R", 5 ], [ "R", 5 ], [ "W", 5 ], [ "W", 5 ], [ "W", 5 ], [ "W", 5 ], [ "R", 5 ], [ "R", 5 ], [ "R", 5 ], [ "R", 5 ], [ "R", 5 ], [ "R", 5 ], [ "W", 5 ], [ "W", 5 ] ]
    } ]
  },
  "RoleController.create" : {
    "t" : [ {
      "id" : 0,
      "a" : [ [ "R", 10 ], [ "R", 11 ], [ "R", 11 ], [ "R", 8 ], [ "R", 11 ], [ "R", 8 ], [ "R", 8 ], [ "W", 11 ], [ "W", 10 ], [ "W", 10 ], [ "R", 10 ] ]
    } ]
  },
  "UserController.reset" : {
    "t" : [ {
      "id" : 0,
      "a" : [ [ "R", 13 ], [ "W", 13 ], [ "W", 13 ], [ "W", 13 ], [ "R", 13 ], [ "W", 13 ], [ "W", 13 ], [ "R", 13 ], [ "R", 13 ], [ "R", 13 ], [ "R", 13 ], [ "R", 13 ], [ "R", 13 ], [ "R", 13 ], [ "R", 13 ], [ "W", 13 ], [ "W", 13 ], [ "W", 13 ], [ "R", 13 ], [ "R", 13 ] ]
    } ]
  },
  "RoleController.preAssign" : {
    "t" : [ {
      "id" : 0,
      "a" : [ [ "R", 10 ], [ "R", 10 ], [ "R", 11 ], [ "R", 11 ], [ "R", 8 ], [ "R", 8 ], [ "R", 5 ] ]
    } ]
  },
  "OrganizationController.deleteOrganizationRole" : {
    "t" : [ {
      "id" : 0,
      "a" : [ [ "R", 7 ], [ "R", 7 ], [ "R", 6 ], [ "R", 6 ], [ "R", 7 ], [ "R", 10 ], [ "R", 10 ], [ "W", 7 ] ]
    } ]
  },
  "ResourceController.update" : {
    "t" : [ {
      "id" : 0,
      "a" : [ [ "R", 9 ], [ "R", 9 ], [ "R", 9 ], [ "R", 9 ], [ "W", 9 ], [ "W", 9 ], [ "R", 9 ] ]
    } ]
  },
  "DictionaryController.update" : {
    "t" : [ {
      "id" : 0,
      "a" : [ [ "W", 2 ], [ "R", 2 ] ]
    } ]
  },
  "RoleController.update" : {
    "t" : [ {
      "id" : 0,
      "a" : [ [ "R", 10 ], [ "R", 10 ], [ "R", 10 ], [ "W", 10 ], [ "R", 10 ], [ "W", 10 ], [ "R", 10 ], [ "R", 11 ], [ "R", 10 ], [ "R", 11 ], [ "R", 11 ], [ "R", 11 ], [ "R", 8 ], [ "W", 11 ], [ "W", 10 ], [ "R", 11 ], [ "R", 11 ], [ "R", 8 ], [ "R", 11 ], [ "R", 11 ], [ "W", 11 ], [ "W", 11 ], [ "W", 10 ], [ "R", 10 ] ]
    } ]
  },
  "OrganizationController.create" : {
    "t" : [ {
      "id" : 0,
      "a" : [ [ "R", 6 ], [ "R", 6 ], [ "R", 6 ], [ "R", 6 ], [ "R", 6 ], [ "R", 6 ], [ "R", 6 ], [ "R", 6 ], [ "R", 6 ], [ "R", 6 ], [ "R", 6 ], [ "W", 6 ], [ "R", 6 ] ]
    } ]
  },
  "ModuleController.delete" : {
    "t" : [ {
      "id" : 0,
      "a" : [ [ "R", 5 ], [ "R", 5 ], [ "R", 5 ], [ "R", 5 ], [ "R", 5 ], [ "R", 5 ], [ "R", 5 ], [ "W", 5 ], [ "R", 5 ] ]
    } ]
  },
  "UserController.listUserRole" : {
    "t" : [ {
      "id" : 0,
      "a" : [ [ "R", 14 ] ]
    } ]
  },
  "ModuleController.lookup" : {
    "t" : [ {
      "id" : 0,
      "a" : [ [ "R", 5 ], [ "R", 5 ], [ "R", 5 ], [ "R", 5 ], [ "W", 5 ], [ "W", 5 ], [ "W", 5 ], [ "W", 5 ], [ "R", 5 ], [ "R", 5 ], [ "R", 5 ], [ "R", 5 ], [ "R", 5 ], [ "R", 5 ], [ "W", 5 ], [ "W", 5 ] ]
    } ]
  }
}