{
  "AddText" : 1,
  "AltText" : 2,
  "AltTextWeight" : 3,
  "AnnexNote" : 4,
  "Annotation" : 5,
  "AppText" : 6,
  "AwareAnnotation" : 7,
  "Category" : 8,
  "Citation" : 9,
  "ClassificationGame" : 10,
  "ClassificationGameParticipant" : 11,
  "ClassificationGameRound" : 12,
  "DelText" : 13,
  "Dimensions" : 14,
  "Edition" : 15,
  "ExpertEdition" : 16,
  "ExpertEditionInter" : 17,
  "Facsimile" : 18,
  "FragInter" : 19,
  "Fragment" : 20,
  "Frequency" : 21,
  "GapText" : 22,
  "GeographicLocation" : 23,
  "HandNote" : 24,
  "Heteronym" : 25,
  "HumanAnnotation" : 26,
  "InfoRange" : 27,
  "LastTwitterID" : 28,
  "LbText" : 29,
  "LdoD" : 30,
  "LdoDDate" : 31,
  "LdoDUser" : 32,
  "ManuscriptSource" : 33,
  "MediaSource" : 34,
  "Member" : 35,
  "NoteText" : 36,
  "NullEdition" : 37,
  "NullHeteronym" : 38,
  "ParagraphText" : 39,
  "PbText" : 40,
  "PhysNote" : 41,
  "Player" : 42,
  "PrintedSource" : 43,
  "Range" : 44,
  "RdgGrpText" : 45,
  "RdgText" : 46,
  "RecommendationWeights" : 47,
  "RefText" : 48,
  "RegistrationToken" : 49,
  "Rend" : 50,
  "Role" : 51,
  "Section" : 52,
  "SegText" : 53,
  "SimpleText" : 54,
  "SocialMediaCriteria" : 55,
  "Source" : 56,
  "SourceInter" : 57,
  "SpaceText" : 58,
  "SubstText" : 59,
  "Surface" : 60,
  "Tag" : 61,
  "Taxonomy" : 62,
  "TextPortion" : 63,
  "TimeWindow" : 64,
  "Tweet" : 65,
  "TwitterCitation" : 66,
  "TypeNote" : 67,
  "UnclearText" : 68,
  "UserConnection" : 69,
  "VirtualEdition" : 70,
  "VirtualEditionInter" : 71
}