{
  "1" : "AddText",
  "2" : "AltText",
  "3" : "AltTextWeight",
  "4" : "AnnexNote",
  "5" : "Annotation",
  "6" : "AppText",
  "7" : "AwareAnnotation",
  "8" : "Category",
  "9" : "Citation",
  "10" : "ClassificationGame",
  "11" : "ClassificationGameParticipant",
  "12" : "ClassificationGameRound",
  "13" : "DelText",
  "14" : "Dimensions",
  "15" : "Edition",
  "16" : "ExpertEdition",
  "17" : "ExpertEditionInter",
  "18" : "Facsimile",
  "19" : "FragInter",
  "20" : "Fragment",
  "21" : "Frequency",
  "22" : "GapText",
  "23" : "GeographicLocation",
  "24" : "HandNote",
  "25" : "Heteronym",
  "26" : "HumanAnnotation",
  "27" : "InfoRange",
  "28" : "LastTwitterID",
  "29" : "LbText",
  "30" : "LdoD",
  "31" : "LdoDDate",
  "32" : "LdoDUser",
  "33" : "ManuscriptSource",
  "34" : "MediaSource",
  "35" : "Member",
  "36" : "NoteText",
  "37" : "NullEdition",
  "38" : "NullHeteronym",
  "39" : "ParagraphText",
  "40" : "PbText",
  "41" : "PhysNote",
  "42" : "Player",
  "43" : "PrintedSource",
  "44" : "Range",
  "45" : "RdgGrpText",
  "46" : "RdgText",
  "47" : "RecommendationWeights",
  "48" : "RefText",
  "49" : "RegistrationToken",
  "50" : "Rend",
  "51" : "Role",
  "52" : "Section",
  "53" : "SegText",
  "54" : "SimpleText",
  "55" : "SocialMediaCriteria",
  "56" : "Source",
  "57" : "SourceInter",
  "58" : "SpaceText",
  "59" : "SubstText",
  "60" : "Surface",
  "61" : "Tag",
  "62" : "Taxonomy",
  "63" : "TextPortion",
  "64" : "TimeWindow",
  "65" : "Tweet",
  "66" : "TwitterCitation",
  "67" : "TypeNote",
  "68" : "UnclearText",
  "69" : "UserConnection",
  "70" : "VirtualEdition",
  "71" : "VirtualEditionInter"
}