{
  "HouseController.getSupportCities" : {
    "t" : [ {
      "id" : 0,
      "a" : [ [ "R", 9 ] ]
    } ]
  },
  "UserController.cancelSubscribe" : {
    "t" : [ {
      "id" : 0,
      "a" : [ [ "R", 10 ], [ "R", 4 ], [ "R", 4 ], [ "W", 4 ] ]
    } ]
  },
  "HouseController.getSupportSubwayLine" : {
    "t" : [ {
      "id" : 0,
      "a" : [ [ "R", 7 ] ]
    } ]
  },
  "HouseController.getSupportRegions" : {
    "t" : [ {
      "id" : 0,
      "a" : [ [ "R", 9 ] ]
    } ]
  },
  "AdminController.houseEditPage" : {
    "t" : [ {
      "id" : 0,
      "a" : [ [ "R", 1 ], [ "R", 2 ], [ "R", 3 ], [ "R", 5 ], [ "R", 5 ], [ "R", 10 ], [ "R", 1 ], [ "R", 10 ], [ "R", 4 ], [ "R", 4 ], [ "R", 9 ], [ "R", 9 ], [ "R", 9 ], [ "R", 7 ], [ "R", 8 ] ]
    } ]
  },
  "AdminController.removeHouseTag" : {
    "t" : [ {
      "id" : 0,
      "a" : [ [ "R", 1 ], [ "R", 5 ], [ "R", 5 ], [ "W", 5 ] ]
    } ]
  },
  "UserController.updateUserInfo" : {
    "t" : [ {
      "id" : 0,
      "a" : [ [ "R", 10 ], [ "R", 10 ], [ "R", 10 ], [ "R", 10 ], [ "R", 10 ], [ "R", 10 ], [ "R", 10 ] ]
    } ]
  },
  "HouseController.show" : {
    "t" : [ {
      "id" : 0,
      "a" : [ [ "R", 1 ], [ "R", 2 ], [ "R", 3 ], [ "R", 5 ], [ "R", 5 ], [ "R", 10 ], [ "R", 1 ], [ "R", 10 ], [ "R", 4 ], [ "R", 4 ], [ "R", 9 ], [ "R", 9 ], [ "R", 9 ], [ "R", 10 ] ]
    } ]
  },
  "AdminController.saveHouse" : {
    "t" : [ {
      "id" : 0,
      "a" : [ [ "R", 9 ], [ "R", 9 ], [ "R", 9 ], [ "R", 1 ], [ "R", 1 ], [ "R", 2 ], [ "R", 7 ], [ "R", 8 ], [ "R", 7 ], [ "R", 8 ], [ "R", 7 ], [ "W", 2 ], [ "R", 7 ], [ "W", 2 ], [ "R", 8 ], [ "W", 2 ], [ "R", 8 ], [ "W", 2 ], [ "W", 2 ], [ "W", 2 ], [ "W", 2 ], [ "W", 2 ], [ "W", 2 ], [ "W", 2 ], [ "W", 2 ], [ "W", 3 ], [ "W", 3 ], [ "W", 3 ], [ "W", 3 ], [ "W", 3 ], [ "W", 3 ], [ "R", 1 ], [ "W", 1 ], [ "W", 1 ], [ "R", 1 ], [ "R", 1 ] ]
    } ]
  },
  "AdminController.houses" : {
    "t" : [ {
      "id" : 0,
      "a" : [ [ "R", 10 ], [ "R", 1 ], [ "R", 1 ] ]
    } ]
  },
  "UserController.subscribeDate" : {
    "t" : [ {
      "id" : 0,
      "a" : [ [ "R", 10 ], [ "R", 4 ], [ "R", 4 ], [ "W", 4 ], [ "W", 4 ], [ "W", 4 ], [ "W", 4 ], [ "W", 4 ], [ "W", 4 ] ]
    } ]
  },
  "HouseController.rentMapPage" : {
    "t" : [ {
      "id" : 0,
      "a" : [ [ "R", 9 ], [ "R", 9 ] ]
    } ]
  },
  "AdminController.addHouseTag" : {
    "t" : [ {
      "id" : 0,
      "a" : [ [ "R", 1 ], [ "R", 5 ], [ "W", 5 ], [ "W", 5 ], [ "W", 5 ] ]
    } ]
  },
  "AdminController.addHouse" : {
    "t" : [ {
      "id" : 0,
      "a" : [ [ "R", 9 ], [ "R", 9 ], [ "R", 9 ], [ "R", 7 ], [ "R", 8 ], [ "R", 7 ], [ "R", 8 ], [ "R", 7 ], [ "W", 2 ], [ "R", 7 ], [ "W", 2 ], [ "R", 8 ], [ "W", 2 ], [ "R", 8 ], [ "W", 2 ], [ "W", 2 ], [ "W", 2 ], [ "W", 2 ], [ "W", 2 ], [ "W", 2 ], [ "W", 2 ], [ "W", 1 ], [ "W", 1 ], [ "R", 10 ], [ "W", 1 ], [ "W", 1 ], [ "R", 1 ], [ "W", 2 ], [ "W", 2 ], [ "R", 1 ], [ "W", 3 ], [ "W", 3 ], [ "W", 3 ], [ "W", 3 ], [ "W", 3 ], [ "W", 3 ], [ "R", 1 ], [ "W", 5 ], [ "W", 5 ], [ "W", 5 ] ]
    } ]
  },
  "HouseController.getSupportSubwayStation" : {
    "t" : [ {
      "id" : 0,
      "a" : [ [ "R", 8 ] ]
    } ]
  },
  "HouseController.rentMapHouses" : {
    "t" : [ {
      "id" : 0,
      "a" : [ [ "R", 1 ], [ "R", 1 ], [ "R", 1 ], [ "R", 2 ], [ "R", 2 ], [ "R", 5 ], [ "R", 5 ], [ "R", 5 ], [ "R", 1 ], [ "R", 1 ], [ "R", 1 ], [ "R", 2 ], [ "R", 2 ], [ "R", 5 ], [ "R", 5 ], [ "R", 5 ] ]
    } ]
  },
  "AdminController.getUserInfo" : {
    "t" : [ {
      "id" : 0,
      "a" : [ [ "R", 10 ] ]
    } ]
  },
  "UserController.subscribeHouse" : {
    "t" : [ {
      "id" : 0,
      "a" : [ [ "R", 10 ], [ "R", 4 ], [ "R", 1 ], [ "W", 4 ], [ "W", 4 ], [ "W", 4 ], [ "W", 4 ], [ "W", 4 ], [ "R", 1 ], [ "W", 4 ], [ "W", 4 ] ]
    } ]
  },
  "HouseController.rentHousePage" : {
    "t" : [ {
      "id" : 0,
      "a" : [ [ "R", 9 ], [ "R", 9 ], [ "R", 1 ], [ "R", 1 ], [ "R", 1 ], [ "R", 2 ], [ "R", 2 ], [ "R", 5 ], [ "R", 5 ], [ "R", 5 ], [ "R", 1 ], [ "R", 1 ], [ "R", 1 ], [ "R", 1 ], [ "R", 2 ], [ "R", 2 ], [ "R", 5 ], [ "R", 5 ], [ "R", 5 ] ]
    } ]
  },
  "AdminController.operateHouse" : {
    "t" : [ {
      "id" : 0,
      "a" : [ [ "R", 1 ], [ "R", 1 ], [ "R", 1 ], [ "R", 1 ], [ "R", 1 ], [ "R", 1 ], [ "R", 1 ], [ "R", 1 ], [ "R", 1 ], [ "R", 1 ], [ "R", 1 ], [ "R", 1 ], [ "R", 1 ], [ "R", 1 ], [ "R", 1 ], [ "R", 1 ], [ "R", 1 ], [ "R", 1 ], [ "R", 1 ], [ "R", 1 ], [ "R", 1 ], [ "R", 1 ], [ "R", 1 ], [ "R", 1 ], [ "R", 1 ], [ "R", 1 ], [ "R", 1 ], [ "R", 1 ] ]
    } ]
  },
  "UserController.subscribeList" : {
    "t" : [ {
      "id" : 0,
      "a" : [ [ "R", 10 ], [ "R", 4 ], [ "R", 4 ], [ "R", 1 ], [ "R", 1 ] ]
    } ]
  },
  "AdminController.finishSubscribe" : {
    "t" : [ {
      "id" : 0,
      "a" : [ [ "R", 10 ], [ "R", 4 ], [ "R", 4 ], [ "R", 4 ], [ "R", 4 ], [ "R", 4 ], [ "R", 1 ], [ "R", 1 ], [ "R", 1 ], [ "R", 1 ] ]
    } ]
  },
  "AdminController.removeHousePhoto" : {
    "t" : [ {
      "id" : 0,
      "a" : [ [ "R", 3 ], [ "R", 3 ], [ "W", 3 ] ]
    } ]
  },
  "AdminController.updateCover" : {
    "t" : [ {
      "id" : 0,
      "a" : [ [ "R", 3 ], [ "R", 3 ], [ "R", 1 ], [ "R", 1 ], [ "R", 1 ] ]
    } ]
  },
  "AdminController.subscribeList" : {
    "t" : [ {
      "id" : 0,
      "a" : [ [ "R", 10 ], [ "R", 4 ], [ "R", 4 ], [ "R", 1 ], [ "R", 1 ] ]
    } ]
  }
}