{
  "Address" : 1,
  "Agreement" : 2,
  "Area" : 3,
  "Banner" : 4,
  "BaseEntity" : 5,
  "BusinessInfo" : 6,
  "CashRecord" : 7,
  "City" : 8,
  "Club" : 9,
  "ClubEvent" : 10,
  "ClubMember" : 11,
  "Collect" : 12,
  "Comment" : 13,
  "Dict" : 14,
  "DictItem" : 15,
  "Dictionary" : 16,
  "EventMsg" : 17,
  "EventReview" : 18,
  "Fans" : 19,
  "FeedBack" : 20,
  "FondRecord" : 21,
  "Guess" : 22,
  "GuessLog" : 23,
  "GuessOption" : 24,
  "Guide" : 25,
  "GuideAppend" : 26,
  "GuideComment" : 27,
  "GuideTag" : 28,
  "History" : 29,
  "Hotel" : 30,
  "Images" : 31,
  "Macth" : 32,
  "MatchComment" : 33,
  "MatchLive" : 34,
  "MatchOrder" : 35,
  "MatchOrderDetail" : 36,
  "MatchOrderTemp" : 37,
  "Message" : 38,
  "MessageRecord" : 39,
  "Model" : 40,
  "MyBank" : 41,
  "Notice" : 42,
  "Order" : 43,
  "OrderDetail" : 44,
  "PrizeOption" : 45,
  "PrizeResult" : 46,
  "Project" : 47,
  "Property" : 48,
  "Province" : 49,
  "RefundOrder" : 50,
  "ReplyComment" : 51,
  "Room" : 52,
  "RulesDesc" : 53,
  "Shop" : 54,
  "ShopCar" : 55,
  "ShopRecord" : 56,
  "Standard" : 57,
  "Tickets" : 58,
  "Tourist" : 59,
  "User" : 60,
  "UserCard" : 61,
  "VersionInfo" : 62,
  "Vote" : 63,
  "VoteLog" : 64,
  "VoteOption" : 65,
  "Withdraw" : 66,
  "XaCmsResource" : 67,
  "XaCmsRole" : 68,
  "XaCmsRoleResource" : 69,
  "XaCmsUser" : 70,
  "XaCmsUserRole" : 71
}