{
  "ItemController.save" : {
    "t" : [ {
      "id" : 0,
      "a" : [ [ "R", 2 ], [ "R", 2 ], [ "R", 1 ], [ "R", 2 ], [ "R", 6 ], [ "R", 2 ], [ "R", 2 ], [ "R", 2 ], [ "R", 1 ], [ "R", 2 ], [ "R", 6 ], [ "R", 2 ], [ "R", 1 ], [ "R", 1 ], [ "R", 1 ], [ "R", 1 ], [ "R", 1 ], [ "R", 6 ], [ "R", 6 ], [ "R", 5 ], [ "R", 5 ], [ "R", 9 ], [ "R", 5 ], [ "R", 4 ], [ "R", 4 ], [ "R", 8 ], [ "R", 4 ], [ "R", 4 ], [ "R", 8 ], [ "R", 8 ], [ "R", 3 ], [ "R", 8 ], [ "R", 3 ], [ "R", 4 ], [ "R", 4 ], [ "R", 3 ], [ "R", 3 ], [ "R", 4 ], [ "R", 8 ], [ "R", 8 ], [ "R", 3 ], [ "R", 8 ], [ "R", 8 ], [ "R", 4 ], [ "R", 8 ], [ "W", 8 ], [ "W", 3 ], [ "W", 8 ], [ "W", 4 ], [ "W", 8 ], [ "W", 8 ], [ "W", 2 ], [ "W", 2 ], [ "W", 1 ], [ "R", 2 ], [ "R", 3 ], [ "W", 2 ], [ "W", 3 ], [ "W", 2 ], [ "W", 2 ], [ "W", 2 ], [ "W", 6 ], [ "W", 2 ], [ "W", 9 ], [ "W", 2 ], [ "W", 2 ], [ "W", 8 ], [ "R", 2 ], [ "R", 2 ], [ "W", 2 ], [ "R", 2 ], [ "W", 2 ], [ "W", 2 ] ]
    } ]
  },
  "ItemController.show" : {
    "t" : [ {
      "id" : 0,
      "a" : [ [ "R", 2 ], [ "R", 2 ], [ "R", 1 ], [ "R", 2 ], [ "R", 6 ], [ "R", 2 ], [ "R", 2 ], [ "R", 2 ], [ "R", 1 ], [ "R", 2 ], [ "R", 6 ], [ "R", 2 ], [ "R", 1 ], [ "R", 1 ], [ "R", 1 ], [ "R", 1 ], [ "R", 1 ], [ "R", 6 ], [ "R", 6 ], [ "R", 5 ], [ "R", 5 ], [ "R", 9 ], [ "R", 5 ], [ "R", 4 ], [ "R", 4 ], [ "R", 8 ], [ "R", 4 ], [ "R", 4 ], [ "R", 8 ], [ "R", 8 ], [ "R", 3 ], [ "R", 8 ], [ "R", 3 ], [ "R", 4 ], [ "R", 4 ], [ "R", 3 ], [ "R", 3 ] ]
    } ]
  },
  "NameOfSpecificationStringController.update" : {
    "t" : [ {
      "id" : 0,
      "a" : [ [ "R", 5 ], [ "R", 5 ], [ "R", 5 ] ]
    } ]
  },
  "ItemController.showAdd" : {
    "t" : [ {
      "id" : 0,
      "a" : [ [ "R", 3 ], [ "R", 3 ], [ "R", 2 ], [ "R", 2 ], [ "R", 1 ], [ "R", 2 ], [ "R", 6 ], [ "R", 2 ], [ "R", 2 ], [ "R", 2 ], [ "R", 1 ], [ "R", 2 ], [ "R", 6 ], [ "R", 2 ], [ "R", 1 ], [ "R", 1 ], [ "R", 1 ], [ "R", 5 ], [ "R", 1 ], [ "R", 5 ], [ "R", 9 ], [ "R", 1 ], [ "R", 5 ], [ "R", 1 ], [ "R", 1 ], [ "R", 1 ], [ "R", 4 ], [ "R", 1 ], [ "R", 4 ], [ "R", 1 ], [ "R", 6 ], [ "R", 6 ] ]
    } ]
  },
  "MeasuringSystemController.update" : {
    "t" : [ {
      "id" : 0,
      "a" : [ [ "R", 3 ], [ "R", 3 ], [ "R", 3 ] ]
    } ]
  },
  "IndexController.index" : {
    "t" : [ {
      "id" : 0,
      "a" : [ [ "W", 10 ], [ "R", 2 ], [ "R", 2 ], [ "R", 1 ], [ "R", 2 ], [ "R", 6 ], [ "R", 2 ], [ "R", 2 ], [ "R", 2 ], [ "R", 1 ], [ "R", 2 ], [ "R", 6 ], [ "R", 2 ] ]
    } ]
  },
  "IndexController.shopping" : {
    "t" : [ {
      "id" : 0,
      "a" : [ [ "R", 2 ], [ "R", 2 ], [ "R", 7 ], [ "R", 2 ], [ "R", 7 ], [ "R", 10 ], [ "R", 2 ], [ "R", 2 ], [ "R", 7 ], [ "R", 10 ] ]
    } ]
  },
  "NameOfSpecificationStringController.delete" : {
    "t" : [ {
      "id" : 0,
      "a" : [ [ "W", 5 ] ]
    } ]
  },
  "NameOfSpecificationDigitalController.update" : {
    "t" : [ {
      "id" : 0,
      "a" : [ [ "R", 4 ], [ "R", 4 ], [ "R", 4 ] ]
    } ]
  },
  "IndexController.buy" : {
    "t" : [ {
      "id" : 0,
      "a" : [ [ "R", 10 ], [ "R", 10 ], [ "R", 7 ], [ "W", 7 ], [ "W", 10 ], [ "W", 7 ], [ "R", 2 ], [ "R", 7 ], [ "R", 2 ], [ "W", 7 ], [ "W", 2 ], [ "W", 7 ], [ "R", 7 ], [ "R", 2 ], [ "R", 7 ], [ "R", 2 ] ]
    } ]
  },
  "MeasuringSystemController.delete" : {
    "t" : [ {
      "id" : 0,
      "a" : [ [ "W", 3 ] ]
    } ]
  },
  "NameOfSpecificationDigitalController.delete" : {
    "t" : [ {
      "id" : 0,
      "a" : [ [ "W", 4 ] ]
    } ]
  },
  "CategoryController.show" : {
    "t" : [ {
      "id" : 0,
      "a" : [ [ "R", 1 ], [ "R", 1 ], [ "R", 1 ], [ "R", 1 ], [ "R", 1 ] ]
    } ]
  },
  "NameOfSpecificationStringController.show" : {
    "t" : [ {
      "id" : 0,
      "a" : [ [ "R", 5 ], [ "R", 5 ] ]
    } ]
  },
  "CategoryController.save" : {
    "t" : [ {
      "id" : 0,
      "a" : [ [ "R", 1 ], [ "R", 1 ], [ "R", 1 ], [ "R", 1 ], [ "R", 1 ], [ "W", 1 ], [ "W", 1 ] ]
    } ]
  },
  "NameOfSpecificationStringController.save" : {
    "t" : [ {
      "id" : 0,
      "a" : [ [ "R", 5 ], [ "R", 5 ], [ "W", 5 ] ]
    } ]
  },
  "ProducerController.save" : {
    "t" : [ {
      "id" : 0,
      "a" : [ [ "R", 6 ], [ "R", 6 ], [ "W", 6 ] ]
    } ]
  },
  "ProducerController.show" : {
    "t" : [ {
      "id" : 0,
      "a" : [ [ "R", 6 ], [ "R", 6 ] ]
    } ]
  },
  "CategoryController.deleteNoss" : {
    "t" : [ {
      "id" : 0,
      "a" : [ [ "R", 1 ], [ "R", 1 ], [ "R", 5 ], [ "R", 1 ], [ "R", 1 ], [ "R", 1 ], [ "R", 5 ], [ "R", 5 ], [ "W", 1 ] ]
    } ]
  },
  "CategoryControllerRest.getCategory" : {
    "t" : [ {
      "id" : 0,
      "a" : [ [ "R", 1 ], [ "R", 1 ], [ "R", 4 ], [ "R", 1 ], [ "R", 4 ], [ "R", 1 ], [ "R", 1 ], [ "R", 1 ], [ "R", 5 ], [ "R", 1 ], [ "R", 5 ], [ "R", 9 ], [ "R", 1 ], [ "R", 5 ], [ "R", 1 ] ]
    } ]
  },
  "CategoryController.delete" : {
    "t" : [ {
      "id" : 0,
      "a" : [ [ "W", 1 ] ]
    } ]
  },
  "IndexController.registration" : {
    "t" : [ {
      "id" : 0,
      "a" : [ [ "R", 10 ], [ "W", 10 ], [ "W", 10 ], [ "W", 10 ] ]
    } ]
  },
  "SpecificationStringController.delete" : {
    "t" : [ {
      "id" : 0,
      "a" : [ [ "W", 9 ] ]
    } ]
  },
  "SpecificationStringController.update" : {
    "t" : [ {
      "id" : 0,
      "a" : [ [ "R", 9 ], [ "R", 9 ], [ "R", 5 ], [ "R", 9 ], [ "R", 9 ], [ "R", 9 ], [ "R", 9 ], [ "R", 5 ], [ "R", 5 ] ]
    } ]
  },
  "CategoryController.showAddNosd" : {
    "t" : [ {
      "id" : 0,
      "a" : [ [ "R", 1 ], [ "R", 1 ], [ "R", 4 ], [ "R", 1 ], [ "R", 1 ], [ "R", 4 ] ]
    } ]
  },
  "ProducerController.update" : {
    "t" : [ {
      "id" : 0,
      "a" : [ [ "R", 6 ], [ "R", 6 ], [ "R", 6 ] ]
    } ]
  },
  "CategoryController.update" : {
    "t" : [ {
      "id" : 0,
      "a" : [ [ "R", 1 ], [ "R", 1 ], [ "R", 1 ], [ "R", 1 ], [ "R", 1 ], [ "R", 1 ] ]
    } ]
  },
  "CategoryController.deleteNosd" : {
    "t" : [ {
      "id" : 0,
      "a" : [ [ "R", 1 ], [ "R", 1 ], [ "R", 4 ], [ "R", 1 ], [ "R", 1 ], [ "R", 1 ], [ "R", 4 ], [ "R", 4 ], [ "W", 1 ] ]
    } ]
  },
  "CategoryController.saveAddNosd" : {
    "t" : [ {
      "id" : 0,
      "a" : [ [ "R", 1 ], [ "R", 1 ], [ "R", 4 ], [ "R", 1 ], [ "R", 1 ], [ "R", 4 ], [ "R", 1 ], [ "R", 4 ], [ "W", 1 ], [ "W", 4 ], [ "W", 1 ] ]
    } ]
  },
  "ItemController.delete" : {
    "t" : [ {
      "id" : 0,
      "a" : [ [ "W", 2 ] ]
    } ]
  },
  "MeasuringSystemController.save" : {
    "t" : [ {
      "id" : 0,
      "a" : [ [ "R", 3 ], [ "R", 3 ], [ "W", 3 ] ]
    } ]
  },
  "MeasuringSystemController.show" : {
    "t" : [ {
      "id" : 0,
      "a" : [ [ "R", 3 ], [ "R", 3 ] ]
    } ]
  },
  "SpecificationStringController.show" : {
    "t" : [ {
      "id" : 0,
      "a" : [ [ "R", 9 ], [ "R", 9 ], [ "R", 5 ], [ "R", 5 ] ]
    } ]
  },
  "SpecificationStringController.save" : {
    "t" : [ {
      "id" : 0,
      "a" : [ [ "R", 9 ], [ "R", 9 ], [ "R", 5 ], [ "R", 5 ], [ "W", 9 ] ]
    } ]
  },
  "CategoryController.showAddNoss" : {
    "t" : [ {
      "id" : 0,
      "a" : [ [ "R", 1 ], [ "R", 1 ], [ "R", 5 ], [ "R", 1 ], [ "R", 1 ], [ "R", 5 ] ]
    } ]
  },
  "NameOfSpecificationDigitalController.save" : {
    "t" : [ {
      "id" : 0,
      "a" : [ [ "R", 4 ], [ "R", 4 ], [ "W", 4 ] ]
    } ]
  },
  "NameOfSpecificationDigitalController.show" : {
    "t" : [ {
      "id" : 0,
      "a" : [ [ "R", 4 ], [ "R", 4 ] ]
    } ]
  },
  "ProducerController.delete" : {
    "t" : [ {
      "id" : 0,
      "a" : [ [ "W", 6 ] ]
    } ]
  },
  "CategoryController.saveAddNoss" : {
    "t" : [ {
      "id" : 0,
      "a" : [ [ "R", 1 ], [ "R", 1 ], [ "R", 5 ], [ "R", 1 ], [ "R", 1 ], [ "R", 5 ], [ "R", 1 ], [ "R", 5 ], [ "W", 1 ], [ "W", 5 ], [ "W", 1 ] ]
    } ]
  }
}