{
  "1" : "AgentFeeRecord",
  "2" : "AgentGoodAdvancePayment",
  "3" : "AgentGoodAdvancePaymentJournal",
  "4" : "AgentGoodPaymentRecord",
  "5" : "AgentIncomeRecord",
  "6" : "AgentLevel",
  "7" : "AgentPrepaymentOrder",
  "8" : "AgentSystem",
  "9" : "AuthorisingInfo",
  "10" : "Channel",
  "11" : "Commission",
  "12" : "CommonProblem",
  "13" : "ContactWay",
  "14" : "Customer",
  "15" : "DemoOrder",
  "16" : "Depot",
  "17" : "Factory",
  "18" : "FinancialAdjustmentRequest",
  "19" : "HaierDepot",
  "20" : "HaierOrder",
  "21" : "IncomeRecord",
  "22" : "InstallmentChannel",
  "23" : "JpaElementSelect",
  "24" : "LimitQRCode",
  "25" : "Login",
  "26" : "LoginCommissionJournal",
  "27" : "LoginRelation",
  "28" : "MainDeliverableOrder",
  "29" : "MainGood",
  "30" : "MainOrder",
  "31" : "MainOrderRecord",
  "32" : "MainProduct",
  "33" : "Manager",
  "34" : "ManuallyOrder",
  "35" : "OneForEntity",
  "36" : "OrderCommission",
  "37" : "OutgoRecord",
  "38" : "Product",
  "39" : "ProductType",
  "40" : "PromotionRequest",
  "41" : "PropertyName",
  "42" : "PropertyValue",
  "43" : "SalesAchievement",
  "44" : "Salesman",
  "45" : "ScriptTask",
  "46" : "StockSettlement",
  "47" : "StockShiftUnit",
  "48" : "StockShiftUnitEvent",
  "49" : "SubEntity",
  "50" : "SuperEntity",
  "51" : "TRJPayOrder",
  "52" : "Tag",
  "53" : "UnSettlementUsageStock",
  "54" : "UsageStock",
  "55" : "WithdrawRequest"
}