{
  "AgentFeeRecord" : 1,
  "AgentGoodAdvancePayment" : 2,
  "AgentGoodAdvancePaymentJournal" : 3,
  "AgentGoodPaymentRecord" : 4,
  "AgentIncomeRecord" : 5,
  "AgentLevel" : 6,
  "AgentPrepaymentOrder" : 7,
  "AgentSystem" : 8,
  "AuthorisingInfo" : 9,
  "Channel" : 10,
  "Commission" : 11,
  "CommonProblem" : 12,
  "ContactWay" : 13,
  "Customer" : 14,
  "DemoOrder" : 15,
  "Depot" : 16,
  "Factory" : 17,
  "FinancialAdjustmentRequest" : 18,
  "HaierDepot" : 19,
  "HaierOrder" : 20,
  "IncomeRecord" : 21,
  "InstallmentChannel" : 22,
  "JpaElementSelect" : 23,
  "LimitQRCode" : 24,
  "Login" : 25,
  "LoginCommissionJournal" : 26,
  "LoginRelation" : 27,
  "MainDeliverableOrder" : 28,
  "MainGood" : 29,
  "MainOrder" : 30,
  "MainOrderRecord" : 31,
  "MainProduct" : 32,
  "Manager" : 33,
  "ManuallyOrder" : 34,
  "OneForEntity" : 35,
  "OrderCommission" : 36,
  "OutgoRecord" : 37,
  "Product" : 38,
  "ProductType" : 39,
  "PromotionRequest" : 40,
  "PropertyName" : 41,
  "PropertyValue" : 42,
  "SalesAchievement" : 43,
  "Salesman" : 44,
  "ScriptTask" : 45,
  "StockSettlement" : 46,
  "StockShiftUnit" : 47,
  "StockShiftUnitEvent" : 48,
  "SubEntity" : 49,
  "SuperEntity" : 50,
  "TRJPayOrder" : 51,
  "Tag" : 52,
  "UnSettlementUsageStock" : 53,
  "UsageStock" : 54,
  "WithdrawRequest" : 55
}