{
  "WechatMainOrderController.paySuccess" : {
    "t" : [ {
      "id" : 0,
      "a" : [ [ "R", 30 ], [ "R", 30 ], [ "R", 25 ], [ "R", 25 ], [ "R", 25 ], [ "R", 25 ], [ "R", 25 ], [ "R", 25 ] ]
    } ]
  },
  "ManageAgentGoodAdvancePaymentController.reject" : {
    "t" : [ {
      "id" : 0,
      "a" : [ [ "R", 25 ], [ "R", 2 ], [ "W", 2 ], [ "W", 33 ], [ "W", 2 ], [ "W", 2 ], [ "W", 2 ] ]
    } ]
  },
  "ManageCommonProblemController.indexForEdit" : {
    "t" : [ {
      "id" : 0,
      "a" : [ [ "R", 12 ] ]
    } ]
  },
  "WechatShareController.shareMore" : {
    "t" : [ {
      "id" : 0,
      "a" : [ [ "R", 6 ], [ "R", 25 ], [ "R", 30 ], [ "R", 30 ], [ "R", 25 ], [ "R", 30 ], [ "R", 30 ], [ "R", 25 ], [ "R", 28 ], [ "R", 30 ], [ "R", 30 ], [ "R", 25 ], [ "R", 30 ], [ "R", 30 ], [ "R", 30 ], [ "R", 25 ] ]
    } ]
  },
  "ManageStorageController.addStockAsRoot" : {
    "t" : [ {
      "id" : 0,
      "a" : [ [ "R", 16 ], [ "R", 38 ], [ "W", 47 ], [ "W", 16 ], [ "W", 47 ], [ "R", 47 ], [ "W", 47 ], [ "W", 47 ], [ "W", 47 ], [ "W", 47 ], [ "R", 47 ], [ "R", 38 ], [ "W", 47 ], [ "W", 38 ], [ "R", 47 ], [ "R", 38 ], [ "R", 47 ], [ "R", 38 ], [ "W", 47 ], [ "R", 38 ], [ "R", 38 ], [ "R", 38 ] ]
    } ]
  },
  "ManageSalesmanController.updateRank" : {
    "t" : [ {
      "id" : 0,
      "a" : [ [ "R", 44 ], [ "R", 44 ], [ "W", 44 ] ]
    } ]
  },
  "WechatController.login" : {
    "t" : [ {
      "id" : 0,
      "a" : [ [ "R", 33 ], [ "R", 25 ], [ "R", 25 ], [ "R", 25 ] ]
    } ]
  },
  "ManageGoodController.disable" : {
    "t" : [ {
      "id" : 0,
      "a" : [ [ "R", 29 ] ]
    } ]
  },
  "WechatGoodAdvanceOrderController.index" : {
    "t" : [ {
      "id" : 0,
      "a" : [ [ "R", 39 ], [ "R", 29 ], [ "R", 29 ], [ "R", 32 ], [ "R", 29 ], [ "R", 32 ], [ "R", 38 ], [ "R", 38 ], [ "R", 32 ], [ "R", 46 ], [ "R", 46 ], [ "W", 46 ], [ "W", 46 ], [ "R", 46 ], [ "R", 46 ], [ "W", 46 ], [ "W", 46 ], [ "R", 46 ], [ "W", 46 ], [ "R", 53 ], [ "R", 38 ], [ "R", 16 ], [ "R", 53 ], [ "R", 46 ], [ "R", 38 ], [ "R", 38 ], [ "R", 16 ], [ "R", 16 ], [ "R", 38 ], [ "R", 38 ], [ "R", 16 ], [ "R", 16 ], [ "R", 38 ], [ "R", 16 ], [ "R", 30 ], [ "R", 30 ], [ "R", 29 ], [ "R", 38 ], [ "R", 30 ], [ "R", 30 ], [ "R", 29 ], [ "R", 38 ], [ "R", 38 ], [ "R", 38 ], [ "R", 30 ], [ "R", 30 ], [ "R", 29 ], [ "R", 38 ], [ "R", 38 ], [ "W", 32 ], [ "R", 43 ], [ "R", 43 ], [ "R", 43 ], [ "R", 44 ], [ "R", 43 ], [ "R", 44 ], [ "R", 43 ], [ "R", 25 ], [ "R", 43 ], [ "R", 25 ], [ "R", 43 ], [ "R", 43 ], [ "W", 43 ] ]
    } ]
  },
  "ManageCommonProblemController.disable" : {
    "t" : [ {
      "id" : 0,
      "a" : [ [ "R", 12 ], [ "W", 12 ] ]
    } ]
  },
  "WechatGoodAdvanceOrderController.detail" : {
    "t" : [ {
      "id" : 0,
      "a" : [ [ "R", 30 ], [ "R", 30 ] ]
    } ]
  },
  "LoginDataController.mobileValidation" : {
    "t" : [ {
      "id" : 0,
      "a" : [ [ "R", 25 ], [ "R", 13 ] ]
    } ]
  },
  "WechatShareController.join" : {
    "t" : [ {
      "id" : 0,
      "a" : [ [ "R", 25 ], [ "R", 25 ], [ "R", 33 ], [ "R", 25 ], [ "R", 25 ], [ "R", 25 ], [ "W", 25 ], [ "W", 25 ], [ "W", 25 ], [ "W", 25 ], [ "W", 25 ] ]
    } ]
  },
  "AgentController.indexForAdd" : {
    "t" : [ {
      "id" : 0,
      "a" : [ [ "R", 25 ] ]
    } ]
  },
  "ManagePromotionRequestController.index" : {
    "t" : [ {
      "id" : 0,
      "a" : [ [ "R", 25 ], [ "R", 25 ], [ "R", 25 ] ]
    } ]
  },
  "ManageTagController.disable" : {
    "t" : [ {
      "id" : 0,
      "a" : [ [ "R", 52 ] ]
    } ]
  },
  "ManageSalesmanController.add" : {
    "t" : [ {
      "id" : 0,
      "a" : [ [ "R", 25 ], [ "R", 25 ], [ "W", 44 ], [ "W", 44 ], [ "W", 44 ], [ "W", 44 ], [ "W", 25 ], [ "W", 44 ], [ "W", 44 ], [ "R", 25 ], [ "R", 44 ], [ "R", 44 ], [ "R", 44 ] ]
    } ]
  },
  "ManageSalesmanController.disable" : {
    "t" : [ {
      "id" : 0,
      "a" : [ [ "R", 44 ], [ "R", 44 ], [ "W", 44 ] ]
    } ]
  },
  "ManageDepotController.data" : {
    "t" : [ {
      "id" : 0,
      "a" : [ [ "R", 25 ], [ "R", 25 ] ]
    } ]
  },
  "WechatMainOrderController.detail" : {
    "t" : [ {
      "id" : 0,
      "a" : [ [ "R", 30 ], [ "R", 30 ] ]
    } ]
  },
  "WechatWithdrawController.withdrawNew" : {
    "t" : [ {
      "id" : 0,
      "a" : [ [ "R", 25 ], [ "R", 6 ], [ "R", 25 ], [ "R", 25 ], [ "R", 25 ], [ "R", 11 ], [ "R", 11 ], [ "R", 25 ], [ "R", 25 ], [ "R", 25 ], [ "R", 55 ], [ "R", 55 ], [ "R", 25 ], [ "W", 55 ], [ "W", 55 ], [ "W", 25 ], [ "W", 55 ], [ "W", 55 ], [ "W", 55 ], [ "W", 55 ], [ "W", 55 ], [ "W", 55 ], [ "W", 55 ], [ "W", 55 ], [ "W", 55 ], [ "W", 55 ], [ "W", 55 ], [ "W", 55 ], [ "W", 55 ], [ "W", 55 ], [ "W", 55 ], [ "W", 25 ], [ "W", 55 ], [ "W", 55 ], [ "W", 55 ], [ "W", 55 ], [ "W", 55 ], [ "W", 55 ], [ "W", 55 ], [ "W", 55 ], [ "W", 55 ], [ "W", 55 ], [ "W", 55 ], [ "W", 55 ], [ "W", 55 ], [ "W", 55 ], [ "W", 55 ], [ "W", 25 ], [ "W", 55 ], [ "W", 55 ], [ "W", 55 ], [ "W", 55 ], [ "W", 55 ], [ "W", 55 ], [ "W", 55 ], [ "W", 55 ], [ "W", 55 ], [ "W", 55 ], [ "W", 55 ], [ "W", 55 ], [ "W", 55 ], [ "R", 6 ], [ "R", 25 ], [ "R", 25 ], [ "R", 25 ], [ "R", 25 ], [ "R", 13 ], [ "R", 25 ], [ "R", 13 ] ]
    } ]
  },
  "ManageManagerController.delete" : {
    "t" : [ {
      "id" : 0,
      "a" : [ [ "R", 25 ], [ "R", 25 ], [ "R", 25 ], [ "W", 25 ] ]
    } ]
  },
  "AgentOrderController.newOrder" : {
    "t" : [ {
      "id" : 0,
      "a" : [ [ "R", 29 ], [ "R", 29 ], [ "R", 10 ], [ "R", 29 ], [ "R", 10 ], [ "R", 10 ], [ "R", 25 ] ]
    } ]
  },
  "ManageCommonProblemController.data" : {
    "t" : [ {
      "id" : 0,
      "a" : [ [ "R", 12 ], [ "R", 12 ], [ "R", 12 ], [ "R", 12 ], [ "R", 12 ] ]
    } ]
  },
  "ManageCommonProblemController.isHotLabel" : {
    "t" : [ {
      "id" : 0,
      "a" : [ [ "R", 12 ], [ "W", 12 ] ]
    } ]
  },
  "ManageProductController.data" : {
    "t" : [ {
      "id" : 0,
      "a" : [ [ "R", 25 ], [ "R", 25 ], [ "R", 32 ], [ "R", 32 ], [ "R", 32 ], [ "R", 32 ], [ "R", 32 ] ]
    } ]
  },
  "TRJEventController.event" : {
    "t" : [ {
      "id" : 0,
      "a" : [ [ "R", 9 ], [ "W", 9 ], [ "W", 9 ], [ "W", 9 ], [ "W", 9 ], [ "R", 51 ], [ "R", 51 ], [ "R", 30 ], [ "R", 30 ], [ "R", 51 ], [ "R", 9 ], [ "R", 9 ], [ "R", 9 ], [ "R", 9 ], [ "R", 9 ], [ "R", 9 ], [ "W", 9 ], [ "W", 9 ], [ "W", 9 ], [ "W", 9 ], [ "R", 9 ], [ "R", 33 ], [ "R", 25 ], [ "R", 25 ], [ "R", 28 ], [ "R", 30 ], [ "R", 30 ], [ "R", 30 ], [ "R", 28 ], [ "R", 28 ], [ "R", 51 ], [ "R", 51 ], [ "R", 30 ], [ "R", 30 ], [ "R", 51 ], [ "R", 9 ], [ "R", 9 ], [ "W", 9 ], [ "W", 9 ], [ "W", 30 ] ]
    } ]
  },
  "TeamDataController.teamList2" : {
    "t" : [ {
      "id" : 0,
      "a" : [ [ "R", 14 ] ]
    } ]
  },
  "ManageAgentController.changeRank" : {
    "t" : [ {
      "id" : 0,
      "a" : [ [ "R", 25 ], [ "R", 25 ], [ "R", 6 ], [ "W", 6 ] ]
    } ]
  },
  "OrderDataController.mockPay" : {
    "t" : [ {
      "id" : 0,
      "a" : [ [ "R", 30 ], [ "R", 6 ], [ "R", 25 ], [ "R", 25 ], [ "R", 25 ], [ "R", 25 ], [ "R", 13 ], [ "R", 25 ], [ "R", 13 ], [ "R", 28 ], [ "R", 30 ], [ "R", 30 ], [ "R", 30 ], [ "R", 28 ], [ "R", 28 ], [ "R", 28 ], [ "R", 28 ], [ "R", 36 ], [ "W", 11 ], [ "R", 28 ], [ "R", 36 ], [ "W", 36 ], [ "W", 36 ], [ "W", 36 ], [ "W", 30 ], [ "W", 36 ], [ "R", 30 ], [ "R", 25 ], [ "R", 25 ], [ "R", 25 ], [ "R", 25 ], [ "R", 6 ], [ "R", 25 ], [ "R", 30 ], [ "R", 30 ], [ "R", 25 ], [ "R", 30 ], [ "R", 30 ], [ "R", 25 ], [ "R", 28 ], [ "R", 30 ], [ "R", 30 ], [ "R", 25 ], [ "R", 30 ], [ "R", 30 ], [ "R", 30 ], [ "R", 25 ], [ "R", 25 ], [ "R", 25 ], [ "R", 25 ], [ "R", 25 ], [ "R", 6 ], [ "R", 25 ], [ "R", 30 ], [ "R", 30 ], [ "R", 25 ], [ "R", 30 ], [ "R", 30 ], [ "R", 25 ], [ "R", 28 ], [ "R", 30 ], [ "R", 30 ], [ "R", 25 ], [ "R", 30 ], [ "R", 30 ], [ "R", 30 ], [ "R", 25 ], [ "R", 25 ], [ "R", 25 ], [ "R", 25 ], [ "R", 6 ], [ "R", 6 ], [ "R", 25 ], [ "R", 25 ], [ "R", 25 ], [ "R", 6 ], [ "R", 25 ], [ "R", 30 ], [ "R", 30 ], [ "R", 25 ], [ "R", 30 ], [ "R", 30 ], [ "R", 25 ], [ "R", 28 ], [ "R", 30 ], [ "R", 30 ], [ "R", 25 ], [ "R", 30 ], [ "R", 30 ], [ "R", 30 ], [ "R", 25 ], [ "R", 25 ], [ "R", 25 ], [ "R", 25 ], [ "R", 25 ], [ "R", 25 ], [ "R", 25 ], [ "R", 6 ], [ "R", 25 ], [ "R", 30 ], [ "R", 30 ], [ "R", 25 ], [ "R", 30 ], [ "R", 30 ], [ "R", 25 ], [ "R", 28 ], [ "R", 30 ], [ "R", 30 ], [ "R", 25 ], [ "R", 30 ], [ "R", 30 ], [ "R", 30 ], [ "R", 25 ], [ "R", 25 ], [ "R", 25 ], [ "R", 25 ], [ "R", 8 ], [ "R", 6 ], [ "R", 25 ], [ "R", 8 ], [ "R", 6 ], [ "R", 25 ], [ "R", 25 ], [ "R", 8 ], [ "R", 8 ], [ "W", 11 ], [ "W", 36 ], [ "W", 11 ], [ "W", 6 ], [ "W", 11 ], [ "W", 25 ], [ "W", 11 ], [ "R", 36 ], [ "R", 30 ], [ "R", 30 ], [ "W", 11 ], [ "W", 11 ], [ "W", 11 ], [ "R", 25 ], [ "R", 11 ], [ "R", 36 ], [ "R", 30 ], [ "R", 30 ], [ "R", 43 ], [ "R", 43 ], [ "R", 43 ], [ "R", 43 ], [ "R", 36 ], [ "R", 30 ], [ "R", 30 ], [ "R", 43 ], [ "R", 44 ], [ "R", 44 ], [ "R", 25 ], [ "W", 11 ], [ "R", 11 ], [ "W", 11 ], [ "W", 11 ], [ "W", 36 ], [ "W", 11 ], [ "W", 6 ], [ "W", 11 ], [ "W", 25 ], [ "W", 11 ], [ "W", 11 ], [ "W", 11 ], [ "W", 11 ], [ "R", 8 ], [ "R", 8 ], [ "W", 11 ], [ "W", 36 ], [ "W", 11 ], [ "W", 6 ], [ "W", 11 ], [ "W", 25 ], [ "W", 11 ], [ "R", 36 ], [ "R", 30 ], [ "R", 30 ], [ "W", 11 ], [ "W", 11 ], [ "W", 11 ], [ "R", 25 ], [ "R", 11 ], [ "R", 36 ], [ "R", 30 ], [ "R", 30 ], [ "R", 43 ], [ "R", 43 ], [ "R", 43 ], [ "R", 43 ], [ "R", 36 ], [ "R", 30 ], [ "R", 30 ], [ "R", 43 ], [ "R", 44 ], [ "R", 44 ], [ "R", 25 ], [ "W", 11 ], [ "R", 11 ], [ "W", 11 ], [ "W", 11 ], [ "W", 36 ], [ "W", 11 ], [ "W", 6 ], [ "W", 11 ], [ "W", 25 ], [ "W", 11 ], [ "W", 11 ], [ "W", 11 ], [ "W", 11 ], [ "R", 6 ], [ "R", 6 ], [ "R", 25 ], [ "R", 25 ], [ "R", 6 ], [ "R", 6 ], [ "R", 6 ], [ "R", 6 ], [ "R", 6 ], [ "R", 25 ], [ "R", 6 ], [ "R", 8 ], [ "W", 11 ], [ "W", 36 ], [ "W", 11 ], [ "W", 6 ], [ "W", 11 ], [ "W", 25 ], [ "W", 11 ], [ "R", 36 ], [ "R", 30 ], [ "R", 30 ], [ "W", 11 ], [ "W", 11 ], [ "W", 11 ], [ "R", 25 ], [ "R", 11 ], [ "R", 36 ], [ "R", 30 ], [ "R", 30 ], [ "R", 43 ], [ "R", 43 ], [ "R", 43 ], [ "R", 43 ], [ "R", 36 ], [ "R", 30 ], [ "R", 30 ], [ "R", 43 ], [ "R", 44 ], [ "R", 44 ], [ "R", 25 ], [ "W", 11 ], [ "R", 11 ], [ "W", 11 ], [ "W", 11 ], [ "W", 36 ], [ "W", 11 ], [ "W", 6 ], [ "W", 11 ], [ "W", 25 ], [ "W", 11 ], [ "W", 11 ], [ "W", 11 ], [ "W", 11 ], [ "R", 6 ], [ "R", 6 ], [ "R", 25 ], [ "R", 25 ], [ "R", 6 ], [ "R", 6 ], [ "R", 6 ], [ "R", 6 ], [ "R", 6 ], [ "R", 25 ], [ "R", 25 ], [ "R", 25 ], [ "R", 25 ], [ "R", 25 ], [ "R", 25 ], [ "R", 6 ], [ "R", 25 ], [ "R", 25 ], [ "R", 25 ], [ "R", 6 ], [ "R", 6 ], [ "R", 25 ], [ "R", 25 ], [ "R", 6 ], [ "R", 25 ], [ "R", 8 ], [ "W", 11 ], [ "W", 36 ], [ "W", 11 ], [ "W", 6 ], [ "W", 11 ], [ "W", 25 ], [ "W", 11 ], [ "R", 36 ], [ "R", 30 ], [ "R", 30 ], [ "W", 11 ], [ "W", 11 ], [ "W", 11 ], [ "R", 25 ], [ "R", 11 ], [ "R", 36 ], [ "R", 30 ], [ "R", 30 ], [ "R", 43 ], [ "R", 43 ], [ "R", 43 ], [ "R", 43 ], [ "R", 36 ], [ "R", 30 ], [ "R", 30 ], [ "R", 43 ], [ "R", 44 ], [ "R", 44 ], [ "R", 25 ], [ "W", 11 ], [ "R", 11 ], [ "W", 11 ], [ "W", 11 ], [ "W", 36 ], [ "W", 11 ], [ "W", 6 ], [ "W", 11 ], [ "W", 25 ], [ "W", 11 ], [ "W", 11 ], [ "W", 11 ], [ "W", 11 ], [ "R", 28 ], [ "R", 6 ], [ "R", 25 ], [ "R", 6 ], [ "R", 8 ], [ "R", 8 ], [ "R", 6 ], [ "R", 8 ], [ "R", 8 ], [ "W", 11 ], [ "W", 36 ], [ "W", 11 ], [ "W", 6 ], [ "W", 11 ], [ "W", 25 ], [ "W", 11 ], [ "R", 36 ], [ "R", 30 ], [ "R", 30 ], [ "W", 11 ], [ "W", 11 ], [ "W", 11 ], [ "R", 25 ], [ "R", 11 ], [ "R", 36 ], [ "R", 30 ], [ "R", 30 ], [ "R", 43 ], [ "R", 43 ], [ "R", 43 ], [ "R", 43 ], [ "R", 36 ], [ "R", 30 ], [ "R", 30 ], [ "R", 43 ], [ "R", 44 ], [ "R", 44 ], [ "R", 25 ], [ "W", 11 ], [ "R", 11 ], [ "W", 11 ], [ "W", 11 ], [ "W", 36 ], [ "W", 11 ], [ "W", 6 ], [ "W", 11 ], [ "W", 25 ], [ "W", 11 ], [ "W", 11 ], [ "W", 11 ], [ "W", 11 ] ]
    } ]
  },
  "ManageFactoryController.add" : {
    "t" : [ {
      "id" : 0,
      "a" : [ [ "W", 17 ], [ "W", 17 ], [ "W", 17 ], [ "W", 17 ], [ "W", 17 ], [ "W", 17 ], [ "W", 17 ] ]
    } ]
  },
  "ManageDepotController.index" : {
    "t" : [ {
      "id" : 0,
      "a" : [ [ "R", 25 ], [ "R", 25 ] ]
    } ]
  },
  "ManageManagerController.updateUser" : {
    "t" : [ {
      "id" : 0,
      "a" : [ [ "R", 25 ], [ "R", 25 ], [ "R", 25 ], [ "R", 25 ], [ "R", 25 ], [ "R", 33 ], [ "R", 33 ], [ "R", 25 ], [ "R", 33 ], [ "R", 33 ], [ "R", 25 ], [ "R", 25 ], [ "R", 25 ], [ "R", 33 ], [ "R", 33 ], [ "W", 33 ], [ "W", 33 ], [ "W", 33 ], [ "W", 33 ], [ "W", 25 ] ]
    } ]
  },
  "WechatSalesAchievementController.updateRemark" : {
    "t" : [ {
      "id" : 0,
      "a" : [ [ "R", 43 ], [ "R", 43 ], [ "R", 44 ], [ "R", 44 ], [ "R", 25 ], [ "R", 25 ], [ "R", 25 ], [ "R", 25 ], [ "R", 25 ], [ "R", 25 ], [ "W", 43 ] ]
    } ]
  },
  "ManageStorageController.delivery" : {
    "t" : [ {
      "id" : 0,
      "a" : [ [ "R", 16 ], [ "R", 16 ], [ "R", 38 ], [ "R", 38 ], [ "R", 17 ], [ "R", 16 ], [ "R", 17 ] ]
    } ]
  },
  "ManageManagerController.disable" : {
    "t" : [ {
      "id" : 0,
      "a" : [ [ "R", 25 ], [ "R", 25 ], [ "R", 25 ], [ "W", 25 ] ]
    } ]
  },
  "ManageLogisticsController.detail" : {
    "t" : [ {
      "id" : 0,
      "a" : [ [ "R", 47 ], [ "R", 47 ], [ "R", 47 ], [ "R", 47 ], [ "R", 47 ], [ "R", 48 ], [ "R", 48 ], [ "R", 48 ] ]
    } ]
  },
  "ManageAgentGoodAdvancePaymentController.data" : {
    "t" : [ {
      "id" : 0,
      "a" : [ [ "R", 2 ], [ "R", 2 ], [ "R", 2 ], [ "R", 2 ], [ "R", 2 ], [ "R", 2 ], [ "R", 2 ], [ "R", 2 ], [ "R", 2 ] ]
    } ]
  },
  "ManageManagerController.editIndex" : {
    "t" : [ {
      "id" : 0,
      "a" : [ [ "R", 25 ], [ "R", 25 ], [ "R", 25 ], [ "R", 25 ], [ "R", 33 ], [ "R", 33 ], [ "R", 25 ], [ "R", 33 ], [ "R", 33 ], [ "R", 25 ], [ "R", 25 ], [ "R", 25 ], [ "R", 33 ], [ "R", 33 ] ]
    } ]
  },
  "WechatShareController.share" : {
    "t" : [ {
      "id" : 0,
      "a" : [ [ "R", 25 ], [ "R", 25 ], [ "R", 6 ], [ "R", 25 ], [ "R", 30 ], [ "R", 30 ], [ "R", 25 ], [ "R", 30 ], [ "R", 30 ], [ "R", 25 ], [ "R", 28 ], [ "R", 30 ], [ "R", 30 ], [ "R", 25 ], [ "R", 30 ], [ "R", 30 ], [ "R", 30 ], [ "R", 25 ], [ "R", 30 ], [ "R", 30 ], [ "R", 25 ] ]
    } ]
  },
  "LogisticsController.install" : {
    "t" : [ {
      "id" : 0,
      "a" : [ [ "R", 47 ] ]
    } ]
  },
  "LogisticsController.logisticsShip" : {
    "t" : [ {
      "id" : 0,
      "a" : [ [ "R", 28 ], [ "R", 16 ], [ "R", 38 ], [ "R", 28 ], [ "R", 29 ], [ "R", 29 ], [ "R", 32 ], [ "R", 29 ], [ "R", 32 ], [ "R", 15 ], [ "R", 38 ], [ "R", 28 ], [ "R", 47 ], [ "R", 15 ], [ "R", 47 ], [ "R", 47 ], [ "R", 47 ], [ "R", 38 ], [ "R", 38 ], [ "R", 54 ], [ "R", 54 ], [ "R", 16 ], [ "R", 54 ], [ "R", 38 ], [ "R", 54 ], [ "R", 54 ], [ "R", 16 ], [ "R", 54 ], [ "R", 38 ], [ "R", 54 ], [ "R", 28 ], [ "R", 29 ], [ "R", 29 ], [ "R", 32 ], [ "R", 29 ], [ "R", 32 ], [ "R", 15 ], [ "R", 38 ], [ "R", 28 ], [ "R", 47 ], [ "R", 15 ], [ "R", 47 ], [ "R", 47 ], [ "R", 47 ], [ "R", 38 ], [ "R", 38 ], [ "R", 28 ], [ "R", 28 ], [ "R", 28 ], [ "R", 28 ], [ "R", 28 ], [ "R", 14 ], [ "W", 14 ], [ "R", 28 ], [ "R", 14 ], [ "W", 14 ], [ "W", 47 ], [ "W", 47 ], [ "W", 47 ], [ "W", 47 ], [ "R", 47 ], [ "W", 47 ], [ "W", 47 ], [ "W", 16 ], [ "W", 47 ], [ "W", 16 ], [ "W", 47 ], [ "W", 47 ], [ "W", 47 ], [ "W", 38 ], [ "W", 47 ], [ "R", 28 ], [ "R", 47 ], [ "W", 28 ], [ "W", 47 ], [ "R", 28 ], [ "R", 47 ], [ "W", 28 ], [ "W", 47 ], [ "R", 15 ], [ "R", 47 ], [ "W", 15 ], [ "W", 47 ], [ "R", 15 ], [ "R", 47 ], [ "W", 15 ], [ "W", 47 ], [ "R", 28 ], [ "W", 28 ], [ "W", 15 ], [ "R", 28 ], [ "R", 47 ], [ "R", 15 ], [ "R", 47 ], [ "R", 47 ], [ "W", 28 ], [ "W", 15 ], [ "W", 28 ], [ "W", 15 ], [ "R", 28 ], [ "R", 29 ], [ "R", 29 ], [ "R", 32 ], [ "R", 29 ], [ "R", 32 ], [ "R", 15 ], [ "R", 38 ], [ "R", 28 ], [ "R", 47 ], [ "R", 15 ], [ "R", 47 ], [ "R", 47 ], [ "R", 47 ], [ "R", 38 ], [ "R", 38 ], [ "W", 28 ], [ "W", 15 ], [ "R", 28 ], [ "R", 47 ], [ "R", 15 ], [ "R", 47 ], [ "R", 47 ], [ "R", 47 ], [ "W", 28 ], [ "W", 15 ], [ "W", 28 ], [ "W", 15 ], [ "W", 34 ], [ "W", 34 ], [ "R", 38 ], [ "R", 16 ], [ "R", 38 ] ]
    } ]
  },
  "QuickServiceController.mockPay" : {
    "t" : [ {
      "id" : 0,
      "a" : [ [ "R", 30 ], [ "R", 6 ], [ "R", 25 ], [ "R", 25 ], [ "R", 25 ], [ "R", 25 ], [ "R", 13 ], [ "R", 25 ], [ "R", 13 ], [ "R", 28 ], [ "R", 30 ], [ "R", 30 ], [ "R", 30 ] ]
    } ]
  },
  "WechatWithdrawController.withdrawVerify" : {
    "t" : [ {
      "id" : 0,
      "a" : [ [ "R", 6 ], [ "R", 25 ], [ "R", 25 ], [ "R", 25 ], [ "R", 25 ], [ "R", 13 ], [ "R", 25 ], [ "R", 13 ], [ "R", 55 ], [ "W", 55 ], [ "R", 33 ], [ "R", 25 ], [ "R", 33 ], [ "R", 33 ], [ "R", 25 ], [ "R", 25 ], [ "R", 6 ], [ "R", 25 ], [ "R", 25 ], [ "R", 25 ], [ "R", 25 ], [ "R", 13 ], [ "R", 25 ], [ "R", 13 ], [ "R", 6 ], [ "R", 25 ], [ "R", 25 ], [ "R", 25 ], [ "R", 25 ], [ "R", 13 ], [ "R", 25 ], [ "R", 13 ] ]
    } ]
  },
  "ManageCommonProblemController.enable" : {
    "t" : [ {
      "id" : 0,
      "a" : [ [ "R", 12 ], [ "W", 12 ] ]
    } ]
  },
  "AgentDataController.listRuling" : {
    "t" : [ {
      "id" : 0,
      "a" : [ [ "R", 6 ], [ "R", 14 ], [ "R", 14 ], [ "R", 6 ], [ "R", 6 ], [ "R", 6 ], [ "R", 6 ], [ "R", 6 ], [ "R", 6 ], [ "R", 25 ], [ "R", 25 ], [ "R", 25 ], [ "R", 25 ], [ "R", 25 ], [ "R", 25 ], [ "R", 6 ], [ "R", 6 ], [ "R", 6 ], [ "R", 6 ], [ "R", 6 ], [ "R", 6 ], [ "R", 6 ], [ "R", 6 ], [ "R", 25 ], [ "R", 25 ], [ "R", 25 ], [ "R", 25 ], [ "R", 25 ], [ "R", 25 ], [ "R", 6 ], [ "R", 6 ], [ "R", 6 ] ]
    } ]
  },
  "WechatUpgradeController.index" : {
    "t" : [ {
      "id" : 0,
      "a" : [ [ "R", 25 ], [ "R", 25 ], [ "R", 6 ], [ "R", 25 ], [ "R", 30 ], [ "R", 30 ], [ "R", 25 ], [ "R", 30 ], [ "R", 30 ], [ "R", 25 ], [ "R", 28 ], [ "R", 30 ], [ "R", 30 ], [ "R", 25 ], [ "R", 30 ], [ "R", 30 ], [ "R", 30 ], [ "R", 25 ], [ "R", 30 ], [ "R", 30 ], [ "R", 40 ], [ "R", 6 ], [ "R", 25 ], [ "R", 25 ] ]
    } ]
  },
  "LoginController.loginChangePassword" : {
    "t" : [ {
      "id" : 0,
      "a" : [ [ "R", 25 ], [ "R", 25 ], [ "R", 25 ], [ "W", 25 ], [ "W", 25 ], [ "W", 25 ] ]
    } ]
  },
  "ManageManagerController.password" : {
    "t" : [ {
      "id" : 0,
      "a" : [ [ "R", 25 ], [ "R", 25 ], [ "R", 25 ], [ "W", 25 ], [ "W", 25 ], [ "W", 25 ] ]
    } ]
  },
  "WechatMainOrderController.indexForTRJ" : {
    "t" : [ {
      "id" : 0,
      "a" : [ [ "R", 10 ], [ "R", 10 ], [ "R", 29 ], [ "R", 10 ], [ "R", 29 ], [ "R", 29 ], [ "R", 32 ], [ "R", 29 ], [ "R", 32 ], [ "R", 38 ], [ "R", 38 ], [ "R", 32 ], [ "R", 46 ], [ "R", 46 ], [ "W", 46 ], [ "W", 46 ], [ "R", 46 ], [ "R", 46 ], [ "W", 46 ], [ "W", 46 ], [ "R", 46 ], [ "W", 46 ], [ "R", 53 ], [ "R", 38 ], [ "R", 16 ], [ "R", 53 ], [ "R", 46 ], [ "R", 38 ], [ "R", 38 ], [ "R", 16 ], [ "R", 16 ], [ "R", 38 ], [ "R", 38 ], [ "R", 16 ], [ "R", 16 ], [ "R", 38 ], [ "R", 16 ], [ "R", 30 ], [ "R", 30 ], [ "R", 29 ], [ "R", 38 ], [ "R", 30 ], [ "R", 30 ], [ "R", 29 ], [ "R", 38 ], [ "R", 38 ], [ "R", 38 ], [ "R", 30 ], [ "R", 30 ], [ "R", 29 ], [ "R", 38 ], [ "R", 38 ], [ "W", 32 ], [ "R", 39 ], [ "R", 29 ], [ "R", 29 ], [ "R", 32 ], [ "R", 29 ], [ "R", 32 ], [ "R", 38 ], [ "R", 38 ], [ "R", 32 ], [ "R", 46 ], [ "R", 46 ], [ "W", 46 ], [ "W", 46 ], [ "R", 46 ], [ "R", 46 ], [ "W", 46 ], [ "W", 46 ], [ "R", 46 ], [ "W", 46 ], [ "R", 53 ], [ "R", 38 ], [ "R", 16 ], [ "R", 53 ], [ "R", 46 ], [ "R", 38 ], [ "R", 38 ], [ "R", 16 ], [ "R", 16 ], [ "R", 38 ], [ "R", 38 ], [ "R", 16 ], [ "R", 16 ], [ "R", 38 ], [ "R", 16 ], [ "R", 30 ], [ "R", 30 ], [ "R", 29 ], [ "R", 38 ], [ "R", 30 ], [ "R", 30 ], [ "R", 29 ], [ "R", 38 ], [ "R", 38 ], [ "R", 38 ], [ "R", 30 ], [ "R", 30 ], [ "R", 29 ], [ "R", 38 ], [ "R", 38 ], [ "W", 32 ], [ "R", 43 ], [ "R", 43 ], [ "R", 43 ], [ "R", 44 ], [ "R", 43 ], [ "R", 44 ], [ "R", 43 ], [ "R", 25 ], [ "R", 43 ], [ "R", 25 ], [ "R", 43 ], [ "R", 43 ], [ "W", 43 ] ]
    } ]
  },
  "ManageSalesmanController.enable" : {
    "t" : [ {
      "id" : 0,
      "a" : [ [ "R", 44 ], [ "R", 44 ], [ "W", 44 ] ]
    } ]
  },
  "ManageManagerController.enable" : {
    "t" : [ {
      "id" : 0,
      "a" : [ [ "R", 25 ], [ "R", 25 ], [ "R", 25 ], [ "W", 25 ] ]
    } ]
  },
  "WechatController.wechatRegister" : {
    "t" : [ {
      "id" : 0,
      "a" : [ [ "R", 33 ], [ "R", 25 ], [ "R", 25 ], [ "W", 25 ], [ "W", 25 ], [ "W", 25 ], [ "W", 13 ], [ "R", 25 ], [ "R", 25 ], [ "R", 25 ], [ "R", 25 ], [ "R", 13 ], [ "W", 25 ], [ "W", 13 ], [ "R", 25 ], [ "R", 13 ], [ "R", 25 ], [ "R", 13 ], [ "R", 13 ], [ "R", 13 ], [ "W", 13 ], [ "R", 13 ], [ "R", 13 ], [ "W", 13 ], [ "W", 13 ], [ "R", 25 ], [ "R", 25 ], [ "R", 25 ], [ "R", 25 ], [ "R", 13 ], [ "W", 25 ], [ "W", 13 ], [ "R", 25 ], [ "R", 13 ], [ "R", 25 ], [ "R", 13 ], [ "R", 25 ], [ "R", 25 ], [ "R", 25 ], [ "R", 25 ], [ "R", 25 ], [ "R", 25 ], [ "R", 25 ], [ "R", 25 ], [ "R", 25 ], [ "R", 25 ], [ "R", 25 ] ]
    } ]
  },
  "ManageAgentController.changeSuperior" : {
    "t" : [ {
      "id" : 0,
      "a" : [ [ "R", 6 ], [ "R", 25 ], [ "R", 6 ], [ "R", 6 ], [ "R", 6 ], [ "R", 6 ], [ "R", 6 ], [ "R", 6 ], [ "R", 6 ], [ "R", 25 ], [ "R", 25 ], [ "R", 6 ], [ "R", 25 ], [ "R", 25 ], [ "R", 6 ], [ "R", 6 ], [ "R", 6 ], [ "R", 25 ], [ "R", 6 ], [ "R", 25 ], [ "R", 27 ], [ "R", 27 ], [ "R", 27 ], [ "R", 25 ], [ "R", 27 ], [ "R", 27 ], [ "R", 25 ], [ "R", 27 ], [ "R", 25 ], [ "R", 27 ], [ "R", 25 ], [ "R", 27 ], [ "R", 27 ], [ "R", 25 ], [ "R", 27 ], [ "R", 25 ], [ "R", 6 ], [ "R", 6 ], [ "R", 6 ], [ "R", 25 ], [ "R", 6 ], [ "R", 25 ], [ "R", 27 ], [ "R", 27 ], [ "R", 27 ], [ "R", 25 ], [ "R", 27 ], [ "R", 25 ], [ "W", 6 ], [ "W", 6 ], [ "R", 6 ], [ "R", 6 ], [ "R", 6 ], [ "R", 6 ], [ "R", 6 ], [ "R", 8 ], [ "R", 6 ], [ "R", 25 ], [ "R", 6 ], [ "R", 6 ], [ "R", 6 ], [ "R", 25 ], [ "R", 27 ], [ "R", 6 ], [ "R", 6 ], [ "R", 6 ], [ "R", 25 ], [ "R", 6 ], [ "W", 27 ], [ "W", 8 ], [ "W", 27 ], [ "W", 25 ], [ "W", 27 ], [ "W", 25 ], [ "W", 27 ], [ "R", 27 ], [ "R", 25 ], [ "R", 27 ], [ "R", 25 ], [ "R", 25 ], [ "R", 25 ], [ "R", 25 ], [ "R", 25 ], [ "R", 25 ], [ "R", 27 ], [ "R", 25 ], [ "R", 27 ], [ "R", 25 ], [ "R", 27 ], [ "W", 27 ], [ "W", 8 ], [ "W", 27 ], [ "W", 25 ], [ "W", 27 ], [ "W", 25 ], [ "W", 27 ], [ "R", 27 ], [ "R", 25 ], [ "R", 27 ], [ "R", 25 ], [ "R", 25 ], [ "R", 25 ], [ "R", 25 ], [ "R", 25 ], [ "R", 25 ], [ "W", 27 ], [ "R", 6 ], [ "R", 6 ], [ "R", 6 ], [ "R", 14 ], [ "R", 14 ], [ "R", 6 ], [ "R", 6 ], [ "R", 6 ], [ "R", 25 ], [ "R", 6 ], [ "R", 25 ], [ "R", 25 ], [ "R", 25 ], [ "R", 25 ], [ "R", 13 ], [ "R", 25 ], [ "R", 13 ] ]
    } ]
  },
  "ManageWithdrawController.approval" : {
    "t" : [ {
      "id" : 0,
      "a" : [ [ "R", 55 ], [ "W", 55 ], [ "W", 55 ], [ "W", 33 ], [ "W", 55 ], [ "W", 55 ], [ "W", 55 ] ]
    } ]
  },
  "WechatMainOrderController.payForMainOrder" : {
    "t" : [ {
      "id" : 0,
      "a" : [ [ "R", 30 ], [ "R", 30 ] ]
    } ]
  },
  "ManageAgentGoodAdvancePaymentController.approval" : {
    "t" : [ {
      "id" : 0,
      "a" : [ [ "R", 25 ], [ "R", 2 ], [ "W", 2 ], [ "W", 33 ], [ "W", 2 ], [ "W", 2 ], [ "W", 2 ] ]
    } ]
  },
  "ManageManagerController.addUser" : {
    "t" : [ {
      "id" : 0,
      "a" : [ [ "R", 25 ], [ "R", 25 ], [ "R", 25 ], [ "R", 25 ], [ "R", 33 ], [ "W", 25 ], [ "W", 25 ], [ "W", 25 ], [ "W", 25 ], [ "W", 25 ], [ "W", 25 ], [ "R", 25 ], [ "R", 33 ], [ "R", 33 ], [ "R", 25 ], [ "R", 33 ], [ "R", 33 ], [ "R", 25 ], [ "R", 25 ], [ "R", 25 ], [ "R", 33 ], [ "R", 33 ], [ "W", 33 ], [ "W", 33 ], [ "W", 33 ], [ "W", 33 ], [ "W", 25 ] ]
    } ]
  },
  "ManageProductController.pushHaier" : {
    "t" : [ {
      "id" : 0,
      "a" : [ [ "R", 32 ], [ "R", 38 ], [ "R", 38 ], [ "R", 38 ], [ "R", 38 ], [ "R", 38 ], [ "R", 38 ], [ "R", 38 ], [ "R", 38 ], [ "R", 38 ], [ "R", 38 ], [ "R", 38 ], [ "R", 38 ], [ "R", 38 ], [ "R", 38 ], [ "R", 38 ], [ "R", 38 ], [ "R", 38 ], [ "R", 38 ], [ "R", 38 ], [ "R", 38 ], [ "R", 38 ] ]
    } ]
  },
  "WechatCommonProblemController.commonProblemDetail" : {
    "t" : [ {
      "id" : 0,
      "a" : [ [ "R", 12 ] ]
    } ]
  },
  "ManagePromotionRequestController.approve" : {
    "t" : [ {
      "id" : 0,
      "a" : [ [ "R", 40 ], [ "W", 40 ], [ "W", 40 ], [ "W", 33 ], [ "W", 40 ], [ "R", 40 ], [ "R", 25 ], [ "R", 40 ], [ "R", 13 ], [ "R", 13 ], [ "W", 13 ], [ "R", 13 ], [ "R", 13 ], [ "W", 13 ], [ "W", 13 ], [ "R", 25 ], [ "R", 25 ], [ "R", 25 ], [ "R", 25 ], [ "R", 13 ], [ "W", 25 ], [ "W", 13 ], [ "R", 25 ], [ "R", 13 ], [ "R", 25 ], [ "R", 13 ], [ "R", 40 ], [ "R", 40 ], [ "R", 40 ], [ "R", 40 ], [ "R", 40 ], [ "R", 40 ], [ "R", 40 ], [ "R", 40 ], [ "R", 13 ], [ "R", 13 ], [ "R", 13 ], [ "R", 13 ], [ "R", 13 ], [ "R", 13 ], [ "W", 13 ], [ "W", 13 ], [ "W", 13 ], [ "R", 25 ], [ "R", 25 ], [ "R", 25 ], [ "R", 25 ], [ "R", 13 ], [ "W", 25 ], [ "W", 13 ], [ "R", 25 ], [ "R", 13 ], [ "R", 25 ], [ "R", 13 ], [ "R", 6 ], [ "R", 6 ], [ "R", 6 ], [ "R", 6 ], [ "R", 6 ], [ "R", 6 ], [ "R", 25 ], [ "R", 25 ], [ "R", 25 ], [ "R", 25 ], [ "R", 25 ], [ "R", 25 ], [ "R", 6 ], [ "R", 6 ], [ "R", 40 ], [ "R", 6 ], [ "R", 6 ], [ "R", 6 ], [ "R", 6 ], [ "R", 6 ], [ "R", 6 ], [ "R", 6 ], [ "R", 25 ], [ "R", 6 ], [ "R", 6 ], [ "R", 6 ], [ "R", 6 ], [ "R", 6 ], [ "R", 25 ], [ "R", 25 ], [ "R", 25 ], [ "R", 25 ], [ "R", 25 ], [ "R", 25 ], [ "R", 6 ], [ "R", 6 ], [ "R", 6 ], [ "R", 6 ], [ "R", 6 ], [ "R", 25 ], [ "R", 25 ], [ "R", 6 ], [ "R", 25 ], [ "R", 25 ], [ "R", 6 ], [ "R", 6 ], [ "R", 6 ], [ "R", 25 ], [ "R", 6 ], [ "R", 25 ], [ "R", 27 ], [ "R", 27 ], [ "R", 27 ], [ "R", 25 ], [ "R", 27 ], [ "R", 27 ], [ "R", 25 ], [ "R", 27 ], [ "R", 25 ], [ "R", 27 ], [ "R", 25 ], [ "R", 27 ], [ "R", 27 ], [ "R", 25 ], [ "R", 27 ], [ "R", 25 ], [ "R", 6 ], [ "R", 6 ], [ "R", 6 ], [ "R", 25 ], [ "R", 6 ], [ "R", 25 ], [ "R", 27 ], [ "R", 27 ], [ "R", 27 ], [ "R", 25 ], [ "R", 27 ], [ "R", 25 ], [ "R", 6 ], [ "R", 8 ], [ "W", 6 ], [ "W", 8 ], [ "W", 6 ], [ "W", 25 ], [ "W", 6 ], [ "W", 6 ], [ "W", 25 ], [ "R", 6 ], [ "W", 6 ], [ "R", 6 ], [ "R", 6 ], [ "R", 6 ], [ "R", 6 ], [ "W", 6 ], [ "W", 6 ], [ "R", 6 ], [ "W", 6 ], [ "W", 6 ], [ "W", 6 ], [ "W", 6 ], [ "W", 6 ], [ "W", 6 ], [ "W", 6 ], [ "R", 6 ], [ "R", 6 ], [ "R", 6 ], [ "R", 8 ], [ "R", 6 ], [ "R", 25 ], [ "R", 6 ], [ "R", 6 ], [ "R", 6 ], [ "R", 25 ], [ "R", 27 ], [ "R", 6 ], [ "R", 6 ], [ "R", 6 ], [ "R", 25 ], [ "R", 6 ], [ "W", 27 ], [ "W", 8 ], [ "W", 27 ], [ "W", 25 ], [ "W", 27 ], [ "W", 25 ], [ "W", 27 ], [ "R", 27 ], [ "R", 25 ], [ "R", 27 ], [ "R", 25 ], [ "R", 25 ], [ "R", 25 ], [ "R", 25 ], [ "R", 25 ], [ "R", 25 ], [ "R", 27 ], [ "R", 25 ], [ "R", 27 ], [ "R", 25 ], [ "R", 27 ], [ "W", 27 ], [ "W", 8 ], [ "W", 27 ], [ "W", 25 ], [ "W", 27 ], [ "W", 25 ], [ "W", 27 ], [ "R", 27 ], [ "R", 25 ], [ "R", 27 ], [ "R", 25 ], [ "R", 25 ], [ "R", 25 ], [ "R", 25 ], [ "R", 25 ], [ "R", 25 ], [ "W", 27 ], [ "R", 6 ], [ "R", 25 ], [ "R", 25 ], [ "R", 25 ], [ "R", 25 ], [ "R", 6 ], [ "R", 25 ], [ "R", 25 ], [ "R", 6 ], [ "R", 6 ], [ "R", 6 ], [ "R", 8 ], [ "W", 6 ], [ "W", 8 ], [ "W", 6 ], [ "W", 25 ], [ "W", 6 ], [ "W", 6 ], [ "W", 25 ], [ "R", 6 ], [ "R", 25 ], [ "R", 25 ], [ "R", 25 ], [ "R", 25 ], [ "R", 13 ], [ "R", 25 ], [ "R", 13 ], [ "W", 6 ], [ "R", 6 ], [ "R", 6 ], [ "W", 6 ], [ "W", 6 ], [ "W", 6 ], [ "W", 6 ], [ "R", 6 ], [ "R", 6 ], [ "R", 6 ], [ "R", 8 ], [ "R", 6 ], [ "R", 25 ], [ "R", 6 ], [ "R", 6 ], [ "R", 6 ], [ "R", 25 ], [ "R", 27 ], [ "R", 6 ], [ "R", 6 ], [ "R", 6 ], [ "R", 25 ], [ "R", 6 ], [ "W", 27 ], [ "W", 8 ], [ "W", 27 ], [ "W", 25 ], [ "W", 27 ], [ "W", 25 ], [ "W", 27 ], [ "R", 27 ], [ "R", 25 ], [ "R", 27 ], [ "R", 25 ], [ "R", 25 ], [ "R", 25 ], [ "R", 25 ], [ "R", 25 ], [ "R", 25 ], [ "R", 27 ], [ "R", 25 ], [ "R", 27 ], [ "R", 25 ], [ "R", 27 ], [ "W", 27 ], [ "W", 8 ], [ "W", 27 ], [ "W", 25 ], [ "W", 27 ], [ "W", 25 ], [ "W", 27 ], [ "R", 27 ], [ "R", 25 ], [ "R", 27 ], [ "R", 25 ], [ "R", 25 ], [ "R", 25 ], [ "R", 25 ], [ "R", 25 ], [ "R", 25 ], [ "W", 27 ], [ "R", 6 ], [ "W", 6 ], [ "W", 6 ], [ "W", 6 ], [ "W", 25 ], [ "R", 40 ], [ "R", 40 ], [ "W", 1 ], [ "W", 6 ], [ "W", 1 ], [ "R", 40 ], [ "R", 6 ], [ "R", 6 ], [ "R", 6 ], [ "R", 6 ], [ "R", 6 ], [ "R", 6 ], [ "R", 6 ], [ "R", 6 ], [ "R", 25 ], [ "R", 6 ], [ "R", 6 ], [ "R", 6 ], [ "R", 6 ], [ "R", 6 ], [ "R", 25 ], [ "R", 25 ], [ "R", 25 ], [ "R", 25 ], [ "R", 25 ], [ "R", 25 ], [ "R", 6 ], [ "R", 6 ], [ "R", 6 ], [ "R", 6 ], [ "R", 6 ], [ "R", 25 ], [ "R", 25 ], [ "R", 6 ], [ "R", 25 ], [ "R", 25 ], [ "R", 6 ], [ "R", 6 ], [ "R", 6 ], [ "R", 25 ], [ "R", 6 ], [ "R", 25 ], [ "R", 27 ], [ "R", 27 ], [ "R", 27 ], [ "R", 25 ], [ "R", 27 ], [ "R", 27 ], [ "R", 25 ], [ "R", 27 ], [ "R", 25 ], [ "R", 27 ], [ "R", 25 ], [ "R", 27 ], [ "R", 27 ], [ "R", 25 ], [ "R", 27 ], [ "R", 25 ], [ "R", 6 ], [ "R", 6 ], [ "R", 6 ], [ "R", 25 ], [ "R", 6 ], [ "R", 25 ], [ "R", 27 ], [ "R", 27 ], [ "R", 27 ], [ "R", 25 ], [ "R", 27 ], [ "R", 25 ], [ "R", 6 ], [ "R", 8 ], [ "W", 6 ], [ "W", 8 ], [ "W", 6 ], [ "W", 25 ], [ "W", 6 ], [ "W", 6 ], [ "W", 25 ], [ "R", 6 ], [ "W", 6 ], [ "R", 6 ], [ "R", 6 ], [ "R", 6 ], [ "R", 6 ], [ "W", 6 ], [ "W", 6 ], [ "R", 6 ], [ "W", 6 ], [ "W", 6 ], [ "W", 6 ], [ "W", 6 ], [ "W", 6 ], [ "W", 6 ], [ "W", 6 ], [ "R", 6 ], [ "R", 6 ], [ "R", 6 ], [ "R", 8 ], [ "R", 6 ], [ "R", 25 ], [ "R", 6 ], [ "R", 6 ], [ "R", 6 ], [ "R", 25 ], [ "R", 27 ], [ "R", 6 ], [ "R", 6 ], [ "R", 6 ], [ "R", 25 ], [ "R", 6 ], [ "W", 27 ], [ "W", 8 ], [ "W", 27 ], [ "W", 25 ], [ "W", 27 ], [ "W", 25 ], [ "W", 27 ], [ "R", 27 ], [ "R", 25 ], [ "R", 27 ], [ "R", 25 ], [ "R", 25 ], [ "R", 25 ], [ "R", 25 ], [ "R", 25 ], [ "R", 25 ], [ "R", 27 ], [ "R", 25 ], [ "R", 27 ], [ "R", 25 ], [ "R", 27 ], [ "W", 27 ], [ "W", 8 ], [ "W", 27 ], [ "W", 25 ], [ "W", 27 ], [ "W", 25 ], [ "W", 27 ], [ "R", 27 ], [ "R", 25 ], [ "R", 27 ], [ "R", 25 ], [ "R", 25 ], [ "R", 25 ], [ "R", 25 ], [ "R", 25 ], [ "R", 25 ], [ "W", 27 ], [ "R", 6 ], [ "R", 25 ], [ "R", 25 ], [ "R", 25 ], [ "R", 25 ], [ "R", 6 ], [ "R", 25 ], [ "R", 25 ], [ "R", 6 ], [ "R", 6 ], [ "R", 6 ], [ "R", 8 ], [ "W", 6 ], [ "W", 8 ], [ "W", 6 ], [ "W", 25 ], [ "W", 6 ], [ "W", 6 ], [ "W", 25 ], [ "R", 6 ], [ "R", 25 ], [ "R", 25 ], [ "R", 25 ], [ "R", 25 ], [ "R", 13 ], [ "R", 25 ], [ "R", 13 ], [ "W", 6 ], [ "R", 6 ], [ "R", 6 ], [ "W", 6 ], [ "W", 6 ], [ "W", 6 ], [ "W", 6 ], [ "R", 6 ], [ "R", 6 ], [ "R", 6 ], [ "R", 8 ], [ "R", 6 ], [ "R", 25 ], [ "R", 6 ], [ "R", 6 ], [ "R", 6 ], [ "R", 25 ], [ "R", 27 ], [ "R", 6 ], [ "R", 6 ], [ "R", 6 ], [ "R", 25 ], [ "R", 6 ], [ "W", 27 ], [ "W", 8 ], [ "W", 27 ], [ "W", 25 ], [ "W", 27 ], [ "W", 25 ], [ "W", 27 ], [ "R", 27 ], [ "R", 25 ], [ "R", 27 ], [ "R", 25 ], [ "R", 25 ], [ "R", 25 ], [ "R", 25 ], [ "R", 25 ], [ "R", 25 ], [ "R", 27 ], [ "R", 25 ], [ "R", 27 ], [ "R", 25 ], [ "R", 27 ], [ "W", 27 ], [ "W", 8 ], [ "W", 27 ], [ "W", 25 ], [ "W", 27 ], [ "W", 25 ], [ "W", 27 ], [ "R", 27 ], [ "R", 25 ], [ "R", 27 ], [ "R", 25 ], [ "R", 25 ], [ "R", 25 ], [ "R", 25 ], [ "R", 25 ], [ "R", 25 ], [ "W", 27 ], [ "R", 6 ], [ "W", 6 ], [ "W", 6 ], [ "W", 6 ], [ "W", 25 ], [ "R", 40 ], [ "R", 40 ], [ "W", 1 ], [ "W", 6 ], [ "W", 1 ], [ "R", 40 ], [ "R", 6 ], [ "R", 6 ], [ "R", 6 ], [ "R", 6 ], [ "R", 6 ], [ "R", 6 ], [ "R", 6 ], [ "R", 6 ], [ "R", 25 ], [ "R", 6 ], [ "R", 6 ], [ "R", 6 ], [ "R", 6 ], [ "R", 6 ], [ "R", 25 ], [ "R", 25 ], [ "R", 25 ], [ "R", 25 ], [ "R", 25 ], [ "R", 25 ], [ "R", 6 ], [ "R", 6 ], [ "R", 6 ], [ "R", 6 ], [ "R", 6 ], [ "R", 25 ], [ "R", 25 ], [ "R", 6 ], [ "R", 25 ], [ "R", 25 ], [ "R", 6 ], [ "R", 6 ], [ "R", 6 ], [ "R", 25 ], [ "R", 6 ], [ "R", 25 ], [ "R", 27 ], [ "R", 27 ], [ "R", 27 ], [ "R", 25 ], [ "R", 27 ], [ "R", 27 ], [ "R", 25 ], [ "R", 27 ], [ "R", 25 ], [ "R", 27 ], [ "R", 25 ], [ "R", 27 ], [ "R", 27 ], [ "R", 25 ], [ "R", 27 ], [ "R", 25 ], [ "R", 6 ], [ "R", 6 ], [ "R", 6 ], [ "R", 25 ], [ "R", 6 ], [ "R", 25 ], [ "R", 27 ], [ "R", 27 ], [ "R", 27 ], [ "R", 25 ], [ "R", 27 ], [ "R", 25 ], [ "R", 6 ], [ "R", 8 ], [ "W", 6 ], [ "W", 8 ], [ "W", 6 ], [ "W", 25 ], [ "W", 6 ], [ "W", 6 ], [ "W", 25 ], [ "R", 6 ], [ "W", 6 ], [ "R", 6 ], [ "R", 6 ], [ "R", 6 ], [ "R", 6 ], [ "W", 6 ], [ "W", 6 ], [ "R", 6 ], [ "W", 6 ], [ "W", 6 ], [ "W", 6 ], [ "W", 6 ], [ "W", 6 ], [ "W", 6 ], [ "W", 6 ], [ "R", 6 ], [ "R", 6 ], [ "R", 6 ], [ "R", 8 ], [ "R", 6 ], [ "R", 25 ], [ "R", 6 ], [ "R", 6 ], [ "R", 6 ], [ "R", 25 ], [ "R", 27 ], [ "R", 6 ], [ "R", 6 ], [ "R", 6 ], [ "R", 25 ], [ "R", 6 ], [ "W", 27 ], [ "W", 8 ], [ "W", 27 ], [ "W", 25 ], [ "W", 27 ], [ "W", 25 ], [ "W", 27 ], [ "R", 27 ], [ "R", 25 ], [ "R", 27 ], [ "R", 25 ], [ "R", 25 ], [ "R", 25 ], [ "R", 25 ], [ "R", 25 ], [ "R", 25 ], [ "R", 27 ], [ "R", 25 ], [ "R", 27 ], [ "R", 25 ], [ "R", 27 ], [ "W", 27 ], [ "W", 8 ], [ "W", 27 ], [ "W", 25 ], [ "W", 27 ], [ "W", 25 ], [ "W", 27 ], [ "R", 27 ], [ "R", 25 ], [ "R", 27 ], [ "R", 25 ], [ "R", 25 ], [ "R", 25 ], [ "R", 25 ], [ "R", 25 ], [ "R", 25 ], [ "W", 27 ], [ "R", 6 ], [ "R", 25 ], [ "R", 25 ], [ "R", 25 ], [ "R", 25 ], [ "R", 6 ], [ "R", 25 ], [ "R", 25 ], [ "R", 6 ], [ "R", 6 ], [ "R", 6 ], [ "R", 8 ], [ "W", 6 ], [ "W", 8 ], [ "W", 6 ], [ "W", 25 ], [ "W", 6 ], [ "W", 6 ], [ "W", 25 ], [ "R", 6 ], [ "R", 25 ], [ "R", 25 ], [ "R", 25 ], [ "R", 25 ], [ "R", 13 ], [ "R", 25 ], [ "R", 13 ], [ "W", 6 ], [ "R", 6 ], [ "R", 6 ], [ "W", 6 ], [ "W", 6 ], [ "W", 6 ], [ "W", 6 ], [ "R", 6 ], [ "R", 6 ], [ "R", 6 ], [ "R", 8 ], [ "R", 6 ], [ "R", 25 ], [ "R", 6 ], [ "R", 6 ], [ "R", 6 ], [ "R", 25 ], [ "R", 27 ], [ "R", 6 ], [ "R", 6 ], [ "R", 6 ], [ "R", 25 ], [ "R", 6 ], [ "W", 27 ], [ "W", 8 ], [ "W", 27 ], [ "W", 25 ], [ "W", 27 ], [ "W", 25 ], [ "W", 27 ], [ "R", 27 ], [ "R", 25 ], [ "R", 27 ], [ "R", 25 ], [ "R", 25 ], [ "R", 25 ], [ "R", 25 ], [ "R", 25 ], [ "R", 25 ], [ "R", 27 ], [ "R", 25 ], [ "R", 27 ], [ "R", 25 ], [ "R", 27 ], [ "W", 27 ], [ "W", 8 ], [ "W", 27 ], [ "W", 25 ], [ "W", 27 ], [ "W", 25 ], [ "W", 27 ], [ "R", 27 ], [ "R", 25 ], [ "R", 27 ], [ "R", 25 ], [ "R", 25 ], [ "R", 25 ], [ "R", 25 ], [ "R", 25 ], [ "R", 25 ], [ "W", 27 ], [ "R", 6 ], [ "W", 6 ], [ "W", 6 ], [ "W", 6 ], [ "W", 25 ], [ "W", 6 ], [ "R", 40 ], [ "R", 40 ], [ "W", 1 ], [ "W", 6 ], [ "W", 1 ] ]
    } ]
  },
  "ManageMainOrderController.logisticsData" : {
    "t" : [ {
      "id" : 0,
      "a" : [ [ "R", 25 ], [ "R", 25 ], [ "R", 25 ], [ "R", 30 ], [ "R", 30 ], [ "R", 30 ], [ "R", 30 ], [ "R", 14 ], [ "R", 30 ], [ "R", 30 ], [ "R", 30 ], [ "R", 30 ], [ "R", 20 ] ]
    } ]
  },
  "ManageManagerController.list" : {
    "t" : [ {
      "id" : 0,
      "a" : [ [ "R", 33 ], [ "R", 33 ], [ "R", 33 ], [ "R", 33 ], [ "R", 33 ], [ "R", 33 ], [ "R", 25 ], [ "R", 33 ], [ "R", 33 ], [ "R", 33 ], [ "R", 33 ], [ "R", 25 ], [ "R", 33 ], [ "R", 25 ] ]
    } ]
  },
  "ManagePromotionRequestController.rejected" : {
    "t" : [ {
      "id" : 0,
      "a" : [ [ "R", 40 ], [ "W", 40 ], [ "W", 40 ], [ "W", 33 ], [ "W", 40 ], [ "R", 40 ], [ "R", 25 ], [ "R", 25 ], [ "R", 25 ] ]
    } ]
  },
  "ManageSalesmanController.updateRate" : {
    "t" : [ {
      "id" : 0,
      "a" : [ [ "R", 44 ], [ "R", 44 ], [ "W", 44 ] ]
    } ]
  },
  "QuickServiceController.quickDone" : {
    "t" : [ {
      "id" : 0,
      "a" : [ [ "R", 30 ], [ "R", 28 ], [ "R", 30 ], [ "R", 28 ], [ "R", 28 ], [ "R", 28 ], [ "R", 28 ], [ "R", 28 ], [ "W", 28 ] ]
    } ]
  },
  "WechatMainOrderController.newOrder" : {
    "t" : [ {
      "id" : 0,
      "a" : [ [ "R", 25 ], [ "R", 29 ], [ "R", 29 ], [ "R", 10 ], [ "R", 29 ], [ "R", 10 ], [ "R", 10 ], [ "R", 25 ], [ "R", 28 ], [ "R", 43 ], [ "R", 43 ], [ "R", 44 ], [ "R", 44 ], [ "W", 43 ], [ "W", 30 ], [ "W", 43 ], [ "W", 43 ], [ "W", 30 ], [ "R", 9 ], [ "R", 9 ] ]
    } ]
  },
  "LoginDataController.subordinate" : {
    "t" : [ {
      "id" : 0,
      "a" : [ [ "R", 25 ], [ "R", 25 ], [ "R", 25 ], [ "R", 25 ], [ "R", 25 ], [ "R", 25 ], [ "R", 25 ] ]
    } ]
  },
  "ManageMainOrderController.mainOrderDetail" : {
    "t" : [ {
      "id" : 0,
      "a" : [ [ "R", 30 ], [ "R", 28 ], [ "R", 47 ] ]
    } ]
  },
  "ManageAgentPrepaymentOrderController.mainOrderDelivery" : {
    "t" : [ {
      "id" : 0,
      "a" : [ [ "R", 30 ], [ "R", 28 ], [ "R", 15 ], [ "R", 28 ], [ "R", 29 ], [ "R", 29 ], [ "R", 32 ], [ "R", 29 ], [ "R", 32 ], [ "R", 15 ], [ "R", 38 ], [ "R", 28 ], [ "R", 47 ], [ "R", 15 ], [ "R", 47 ], [ "R", 47 ], [ "R", 47 ], [ "R", 38 ], [ "R", 38 ], [ "R", 54 ], [ "R", 54 ], [ "R", 16 ], [ "R", 54 ], [ "R", 38 ], [ "R", 54 ], [ "R", 54 ], [ "R", 16 ], [ "R", 54 ], [ "R", 38 ], [ "R", 54 ] ]
    } ]
  },
  "ManageLoginController.list" : {
    "t" : [ {
      "id" : 0,
      "a" : [ [ "R", 25 ], [ "R", 25 ], [ "R", 25 ], [ "R", 25 ], [ "R", 25 ], [ "R", 25 ], [ "R", 25 ], [ "R", 25 ], [ "R", 33 ] ]
    } ]
  },
  "ManageProductController.indexForCreate" : {
    "t" : [ {
      "id" : 0,
      "a" : [ [ "R", 39 ] ]
    } ]
  },
  "ManageLogisticsController.factoryOut" : {
    "t" : [ {
      "id" : 0,
      "a" : [ [ "R", 25 ], [ "R", 25 ] ]
    } ]
  },
  "WechatMainOrderController.indexForHB" : {
    "t" : [ {
      "id" : 0,
      "a" : [ [ "R", 39 ], [ "R", 29 ], [ "R", 29 ], [ "R", 32 ], [ "R", 29 ], [ "R", 32 ], [ "R", 38 ], [ "R", 38 ], [ "R", 32 ], [ "R", 46 ], [ "R", 46 ], [ "W", 46 ], [ "W", 46 ], [ "R", 46 ], [ "R", 46 ], [ "W", 46 ], [ "W", 46 ], [ "R", 46 ], [ "W", 46 ], [ "R", 53 ], [ "R", 38 ], [ "R", 16 ], [ "R", 53 ], [ "R", 46 ], [ "R", 38 ], [ "R", 38 ], [ "R", 16 ], [ "R", 16 ], [ "R", 38 ], [ "R", 38 ], [ "R", 16 ], [ "R", 16 ], [ "R", 38 ], [ "R", 16 ], [ "R", 30 ], [ "R", 30 ], [ "R", 29 ], [ "R", 38 ], [ "R", 30 ], [ "R", 30 ], [ "R", 29 ], [ "R", 38 ], [ "R", 38 ], [ "R", 38 ], [ "R", 30 ], [ "R", 30 ], [ "R", 29 ], [ "R", 38 ], [ "R", 38 ], [ "W", 32 ], [ "R", 43 ], [ "R", 43 ], [ "R", 43 ], [ "R", 44 ], [ "R", 43 ], [ "R", 44 ], [ "R", 43 ], [ "R", 25 ], [ "R", 43 ], [ "R", 25 ], [ "R", 43 ], [ "R", 43 ], [ "W", 43 ] ]
    } ]
  },
  "WechatController.wechatForward" : {
    "t" : [ {
      "id" : 0,
      "a" : [ [ "R", 33 ], [ "R", 25 ], [ "R", 33 ], [ "R", 25 ], [ "R", 25 ], [ "R", 25 ], [ "W", 25 ], [ "W", 25 ], [ "W", 25 ], [ "W", 25 ], [ "W", 25 ], [ "R", 25 ] ]
    } ]
  },
  "ManageProductController.delete" : {
    "t" : [ {
      "id" : 0,
      "a" : [ [ "R", 32 ], [ "W", 38 ], [ "W", 38 ] ]
    } ]
  },
  "WechatMainOrderController.paying" : {
    "t" : [ {
      "id" : 0,
      "a" : [ [ "R", 28 ], [ "R", 28 ], [ "R", 28 ], [ "R", 28 ], [ "R", 30 ], [ "R", 25 ], [ "R", 6 ], [ "R", 25 ], [ "R", 25 ], [ "R", 25 ], [ "R", 25 ], [ "R", 13 ], [ "R", 25 ], [ "R", 13 ], [ "R", 28 ], [ "R", 28 ] ]
    } ]
  },
  "WechatSalesAchievementController.list" : {
    "t" : [ {
      "id" : 0,
      "a" : [ [ "R", 43 ], [ "R", 43 ], [ "R", 43 ], [ "R", 43 ], [ "R", 43 ], [ "R", 43 ], [ "R", 43 ], [ "R", 43 ] ]
    } ]
  },
  "ManageFactoryController.disable" : {
    "t" : [ {
      "id" : 0,
      "a" : [ [ "R", 17 ] ]
    } ]
  },
  "ManageGoodController.edit" : {
    "t" : [ {
      "id" : 0,
      "a" : [ [ "R", 29 ], [ "W", 29 ], [ "R", 29 ], [ "R", 32 ], [ "R", 29 ], [ "R", 32 ], [ "R", 32 ], [ "W", 29 ], [ "W", 32 ], [ "R", 10 ], [ "W", 29 ], [ "W", 10 ], [ "W", 29 ], [ "W", 10 ], [ "W", 29 ], [ "R", 52 ], [ "W", 52 ], [ "W", 52 ], [ "W", 52 ], [ "W", 29 ], [ "W", 52 ], [ "W", 29 ], [ "W", 29 ] ]
    } ]
  },
  "ManageTagController.edit" : {
    "t" : [ {
      "id" : 0,
      "a" : [ [ "R", 52 ] ]
    } ]
  },
  "AgentController.detail" : {
    "t" : [ {
      "id" : 0,
      "a" : [ [ "R", 6 ] ]
    } ]
  },
  "ManageAgentPrepaymentOrderController.mainOrderDetail" : {
    "t" : [ {
      "id" : 0,
      "a" : [ [ "R", 30 ], [ "R", 28 ], [ "R", 47 ] ]
    } ]
  },
  "ManageMainOrderController.orderManage" : {
    "t" : [ {
      "id" : 0,
      "a" : [ [ "R", 25 ], [ "R", 25 ], [ "R", 25 ] ]
    } ]
  },
  "AgentDataController.data" : {
    "t" : [ {
      "id" : 0,
      "a" : [ [ "R", 6 ], [ "R", 6 ], [ "R", 6 ], [ "R", 14 ], [ "R", 14 ], [ "R", 14 ], [ "R", 6 ], [ "R", 6 ], [ "R", 6 ], [ "R", 14 ], [ "R", 14 ], [ "R", 6 ], [ "R", 25 ], [ "R", 6 ], [ "R", 25 ], [ "R", 25 ], [ "R", 25 ], [ "R", 25 ], [ "R", 13 ], [ "R", 25 ], [ "R", 13 ], [ "R", 6 ], [ "R", 25 ], [ "R", 6 ], [ "R", 25 ], [ "R", 25 ], [ "R", 25 ], [ "R", 25 ], [ "R", 13 ], [ "R", 25 ], [ "R", 13 ], [ "R", 6 ], [ "R", 6 ], [ "R", 6 ], [ "R", 6 ], [ "R", 6 ], [ "R", 6 ], [ "R", 6 ], [ "R", 6 ], [ "R", 25 ], [ "R", 25 ], [ "R", 25 ], [ "R", 25 ], [ "R", 25 ], [ "R", 25 ], [ "R", 6 ], [ "R", 6 ], [ "R", 6 ], [ "R", 6 ], [ "R", 6 ], [ "R", 6 ], [ "R", 6 ], [ "R", 6 ], [ "R", 25 ], [ "R", 25 ], [ "R", 25 ], [ "R", 25 ], [ "R", 25 ], [ "R", 25 ], [ "R", 6 ], [ "R", 6 ], [ "R", 6 ], [ "R", 6 ], [ "R", 6 ], [ "R", 6 ], [ "R", 6 ], [ "R", 6 ], [ "R", 6 ], [ "R", 25 ], [ "R", 25 ], [ "R", 25 ], [ "R", 25 ], [ "R", 25 ], [ "R", 25 ], [ "R", 6 ], [ "R", 6 ], [ "R", 6 ], [ "R", 6 ], [ "R", 6 ], [ "R", 6 ], [ "R", 6 ], [ "R", 6 ], [ "R", 25 ], [ "R", 25 ], [ "R", 25 ], [ "R", 25 ], [ "R", 25 ], [ "R", 25 ], [ "R", 6 ], [ "R", 6 ], [ "R", 6 ], [ "R", 6 ] ]
    } ]
  },
  "ManageDepotController.disable" : {
    "t" : [ {
      "id" : 0,
      "a" : [ [ "R", 16 ] ]
    } ]
  },
  "ManageProductController.edit" : {
    "t" : [ {
      "id" : 0,
      "a" : [ [ "R", 32 ], [ "R", 39 ], [ "R", 39 ], [ "W", 38 ], [ "W", 39 ], [ "W", 38 ], [ "R", 32 ], [ "W", 38 ], [ "W", 38 ], [ "W", 38 ], [ "W", 38 ], [ "W", 38 ], [ "W", 32 ], [ "W", 38 ], [ "W", 38 ], [ "W", 38 ], [ "W", 38 ], [ "W", 38 ], [ "W", 32 ], [ "R", 32 ], [ "R", 32 ], [ "R", 32 ], [ "W", 32 ], [ "W", 38 ], [ "W", 38 ], [ "R", 41 ], [ "W", 38 ], [ "W", 41 ], [ "W", 32 ], [ "W", 32 ], [ "R", 38 ], [ "R", 38 ], [ "R", 38 ], [ "W", 38 ] ]
    } ]
  },
  "ManageSalesmanController.data" : {
    "t" : [ {
      "id" : 0,
      "a" : [ [ "R", 44 ], [ "R", 44 ], [ "R", 44 ], [ "R", 44 ], [ "R", 44 ], [ "R", 44 ], [ "R", 44 ] ]
    } ]
  },
  "ManageProductController.enable" : {
    "t" : [ {
      "id" : 0,
      "a" : [ [ "R", 32 ] ]
    } ]
  },
  "ManageTagController.detail" : {
    "t" : [ {
      "id" : 0,
      "a" : [ [ "R", 52 ] ]
    } ]
  },
  "ManageProductController.index" : {
    "t" : [ {
      "id" : 0,
      "a" : [ [ "R", 25 ], [ "R", 25 ] ]
    } ]
  },
  "ManageDepotController.enable" : {
    "t" : [ {
      "id" : 0,
      "a" : [ [ "R", 16 ] ]
    } ]
  },
  "WechatUpgradeController.upgrade" : {
    "t" : [ {
      "id" : 0,
      "a" : [ [ "W", 40 ], [ "W", 40 ], [ "W", 40 ], [ "W", 40 ], [ "W", 40 ], [ "W", 40 ], [ "W", 40 ], [ "W", 40 ], [ "W", 25 ], [ "W", 40 ], [ "R", 40 ], [ "R", 40 ], [ "R", 40 ], [ "W", 40 ], [ "W", 40 ], [ "W", 40 ], [ "R", 40 ], [ "R", 40 ], [ "W", 40 ], [ "W", 40 ], [ "W", 40 ], [ "W", 40 ], [ "W", 40 ], [ "W", 40 ], [ "R", 6 ], [ "R", 25 ], [ "R", 25 ], [ "R", 25 ], [ "R", 25 ], [ "R", 13 ], [ "R", 25 ], [ "R", 13 ], [ "W", 40 ], [ "R", 6 ], [ "R", 25 ], [ "R", 25 ], [ "R", 25 ], [ "R", 25 ], [ "R", 13 ], [ "R", 25 ], [ "R", 13 ], [ "W", 40 ], [ "R", 25 ] ]
    } ]
  },
  "ManageDepotController.add" : {
    "t" : [ {
      "id" : 0,
      "a" : [ [ "W", 19 ], [ "W", 16 ], [ "W", 16 ], [ "W", 16 ], [ "W", 16 ], [ "W", 16 ], [ "W", 16 ], [ "W", 16 ] ]
    } ]
  },
  "LoginDataController.searchLoginSelect2" : {
    "t" : [ {
      "id" : 0,
      "a" : [ [ "R", 25 ], [ "R", 25 ], [ "R", 25 ], [ "R", 14 ], [ "R", 14 ] ]
    } ]
  },
  "AgentOrderController.index" : {
    "t" : [ {
      "id" : 0,
      "a" : [ [ "R", 39 ], [ "R", 29 ], [ "R", 29 ], [ "R", 32 ], [ "R", 29 ], [ "R", 32 ], [ "R", 38 ], [ "R", 38 ], [ "R", 32 ], [ "R", 46 ], [ "R", 46 ], [ "W", 46 ], [ "W", 46 ], [ "R", 46 ], [ "R", 46 ], [ "W", 46 ], [ "W", 46 ], [ "R", 46 ], [ "W", 46 ], [ "R", 53 ], [ "R", 38 ], [ "R", 16 ], [ "R", 53 ], [ "R", 46 ], [ "R", 38 ], [ "R", 38 ], [ "R", 16 ], [ "R", 16 ], [ "R", 38 ], [ "R", 38 ], [ "R", 16 ], [ "R", 16 ], [ "R", 38 ], [ "R", 16 ], [ "R", 30 ], [ "R", 30 ], [ "R", 29 ], [ "R", 38 ], [ "R", 30 ], [ "R", 30 ], [ "R", 29 ], [ "R", 38 ], [ "R", 38 ], [ "R", 38 ], [ "R", 30 ], [ "R", 30 ], [ "R", 29 ], [ "R", 38 ], [ "R", 38 ], [ "W", 32 ], [ "R", 43 ], [ "R", 43 ], [ "R", 43 ], [ "R", 44 ], [ "R", 43 ], [ "R", 44 ], [ "R", 43 ], [ "R", 25 ], [ "R", 43 ], [ "R", 25 ], [ "R", 43 ], [ "R", 43 ], [ "W", 43 ] ]
    } ]
  },
  "LoginDataController.journal" : {
    "t" : [ {
      "id" : 0,
      "a" : [ [ "R", 25 ], [ "R", 25 ], [ "R", 26 ], [ "R", 26 ], [ "R", 26 ] ]
    } ]
  },
  "ManageFactoryController.data" : {
    "t" : [ {
      "id" : 0,
      "a" : [ [ "R", 25 ], [ "R", 25 ], [ "R", 17 ], [ "R", 17 ], [ "R", 17 ] ]
    } ]
  },
  "ManageTagController.add" : {
    "t" : [ {
      "id" : 0,
      "a" : [ [ "R", 52 ], [ "W", 52 ], [ "W", 52 ], [ "W", 52 ], [ "W", 52 ], [ "R", 52 ], [ "R", 52 ], [ "W", 52 ] ]
    } ]
  },
  "WechatGoodAdvanceOrderController.newOrder" : {
    "t" : [ {
      "id" : 0,
      "a" : [ [ "R", 25 ], [ "R", 29 ], [ "R", 29 ], [ "R", 10 ], [ "R", 29 ], [ "R", 10 ], [ "R", 10 ], [ "R", 25 ], [ "R", 28 ] ]
    } ]
  },
  "LoginDataController.changeName" : {
    "t" : [ {
      "id" : 0,
      "a" : [ [ "R", 25 ], [ "R", 25 ], [ "R", 25 ], [ "R", 13 ], [ "R", 13 ], [ "W", 13 ], [ "R", 13 ], [ "R", 13 ], [ "W", 13 ], [ "W", 13 ], [ "R", 25 ], [ "R", 25 ], [ "R", 25 ], [ "R", 25 ], [ "R", 13 ], [ "W", 25 ], [ "W", 13 ], [ "R", 25 ], [ "R", 13 ], [ "R", 25 ], [ "R", 13 ] ]
    } ]
  },
  "TeamDataController.memberList" : {
    "t" : [ {
      "id" : 0,
      "a" : [ [ "R", 6 ], [ "R", 6 ], [ "R", 25 ], [ "R", 6 ], [ "R", 6 ], [ "R", 6 ], [ "R", 6 ], [ "R", 25 ], [ "R", 25 ], [ "R", 25 ], [ "R", 25 ], [ "R", 25 ], [ "R", 25 ], [ "R", 6 ], [ "R", 25 ], [ "R", 25 ], [ "R", 6 ], [ "R", 25 ], [ "R", 25 ], [ "R", 25 ], [ "R", 25 ], [ "R", 13 ], [ "R", 25 ], [ "R", 13 ] ]
    } ]
  },
  "ManageGoodController.enable" : {
    "t" : [ {
      "id" : 0,
      "a" : [ [ "R", 29 ] ]
    } ]
  },
  "AgentNavigateController.agentMain" : {
    "t" : [ {
      "id" : 0,
      "a" : [ [ "R", 14 ], [ "R", 14 ], [ "R", 14 ], [ "R", 6 ], [ "R", 6 ], [ "R", 6 ], [ "R", 14 ], [ "R", 14 ] ]
    } ]
  },
  "ManageGoodController.index" : {
    "t" : [ {
      "id" : 0,
      "a" : [ [ "R", 25 ], [ "R", 25 ] ]
    } ]
  },
  "LoginDataController.changeGuide" : {
    "t" : [ {
      "id" : 0,
      "a" : [ [ "R", 25 ], [ "R", 25 ], [ "R", 25 ], [ "R", 25 ], [ "R", 25 ], [ "R", 25 ], [ "R", 25 ], [ "R", 25 ], [ "R", 25 ], [ "R", 25 ], [ "R", 25 ], [ "R", 25 ], [ "R", 25 ], [ "R", 25 ], [ "R", 25 ], [ "R", 25 ], [ "R", 25 ], [ "R", 25 ], [ "R", 25 ], [ "R", 25 ], [ "R", 25 ], [ "W", 25 ], [ "W", 25 ], [ "W", 25 ], [ "R", 6 ], [ "R", 25 ], [ "R", 25 ], [ "R", 25 ], [ "R", 25 ], [ "R", 13 ], [ "R", 25 ], [ "R", 13 ] ]
    } ]
  },
  "WechatMyController.my" : {
    "t" : [ {
      "id" : 0,
      "a" : [ [ "R", 6 ], [ "R", 25 ], [ "R", 25 ], [ "R", 6 ], [ "R", 25 ], [ "R", 30 ], [ "R", 30 ], [ "R", 25 ], [ "R", 30 ], [ "R", 30 ], [ "R", 25 ], [ "R", 28 ], [ "R", 30 ], [ "R", 30 ], [ "R", 25 ], [ "R", 30 ], [ "R", 30 ], [ "R", 30 ], [ "R", 25 ], [ "R", 6 ], [ "R", 6 ], [ "R", 6 ], [ "R", 6 ], [ "R", 6 ], [ "R", 6 ], [ "R", 25 ], [ "R", 25 ], [ "R", 25 ], [ "R", 25 ], [ "R", 25 ], [ "R", 25 ], [ "R", 6 ], [ "R", 6 ], [ "R", 14 ], [ "R", 14 ], [ "R", 14 ], [ "R", 6 ], [ "R", 6 ], [ "R", 6 ], [ "R", 14 ], [ "R", 14 ] ]
    } ]
  },
  "TRJManageController.data" : {
    "t" : [ {
      "id" : 0,
      "a" : [ [ "R", 30 ], [ "R", 30 ], [ "R", 30 ], [ "R", 30 ], [ "R", 30 ] ]
    } ]
  },
  "LogisticsController.reject" : {
    "t" : [ {
      "id" : 0,
      "a" : [ [ "R", 47 ] ]
    } ]
  },
  "ManageAgentPrepaymentOrderController.orderManage" : {
    "t" : [ {
      "id" : 0,
      "a" : [ [ "R", 25 ], [ "R", 25 ], [ "R", 25 ] ]
    } ]
  },
  "MiscController.sendRegisterCode" : {
    "t" : [ {
      "id" : 0,
      "a" : [ [ "R", 25 ] ]
    } ]
  },
  "ManageFactoryController.index" : {
    "t" : [ {
      "id" : 0,
      "a" : [ [ "R", 25 ], [ "R", 25 ] ]
    } ]
  },
  "LoginDataController.changeMobile" : {
    "t" : [ {
      "id" : 0,
      "a" : [ [ "R", 25 ], [ "R", 25 ], [ "R", 25 ], [ "W", 13 ], [ "R", 25 ], [ "R", 25 ], [ "R", 25 ], [ "R", 25 ], [ "R", 13 ], [ "W", 25 ], [ "W", 13 ], [ "R", 25 ], [ "R", 13 ], [ "R", 25 ], [ "R", 13 ] ]
    } ]
  },
  "OrderDataController.manageableList" : {
    "t" : [ {
      "id" : 0,
      "a" : [ [ "R", 6 ], [ "R", 6 ], [ "R", 6 ], [ "R", 6 ], [ "R", 6 ], [ "R", 6 ], [ "R", 25 ], [ "R", 25 ], [ "R", 25 ], [ "R", 25 ], [ "R", 25 ], [ "R", 25 ], [ "R", 6 ], [ "R", 6 ], [ "R", 6 ], [ "R", 25 ], [ "R", 25 ] ]
    } ]
  },
  "WechatMainOrderController.index" : {
    "t" : [ {
      "id" : 0,
      "a" : [ [ "R", 39 ], [ "R", 29 ], [ "R", 29 ], [ "R", 32 ], [ "R", 29 ], [ "R", 32 ], [ "R", 38 ], [ "R", 38 ], [ "R", 32 ], [ "R", 46 ], [ "R", 46 ], [ "W", 46 ], [ "W", 46 ], [ "R", 46 ], [ "R", 46 ], [ "W", 46 ], [ "W", 46 ], [ "R", 46 ], [ "W", 46 ], [ "R", 53 ], [ "R", 38 ], [ "R", 16 ], [ "R", 53 ], [ "R", 46 ], [ "R", 38 ], [ "R", 38 ], [ "R", 16 ], [ "R", 16 ], [ "R", 38 ], [ "R", 38 ], [ "R", 16 ], [ "R", 16 ], [ "R", 38 ], [ "R", 16 ], [ "R", 30 ], [ "R", 30 ], [ "R", 29 ], [ "R", 38 ], [ "R", 30 ], [ "R", 30 ], [ "R", 29 ], [ "R", 38 ], [ "R", 38 ], [ "R", 38 ], [ "R", 30 ], [ "R", 30 ], [ "R", 29 ], [ "R", 38 ], [ "R", 38 ], [ "W", 32 ], [ "R", 43 ], [ "R", 43 ], [ "R", 43 ], [ "R", 44 ], [ "R", 43 ], [ "R", 44 ], [ "R", 43 ], [ "R", 25 ], [ "R", 43 ], [ "R", 25 ], [ "R", 43 ], [ "R", 43 ], [ "W", 43 ] ]
    } ]
  },
  "LogisticsController.success" : {
    "t" : [ {
      "id" : 0,
      "a" : [ [ "R", 47 ] ]
    } ]
  },
  "ManageMainOrderController.mainOrderDelivery" : {
    "t" : [ {
      "id" : 0,
      "a" : [ [ "R", 30 ], [ "R", 28 ], [ "R", 15 ], [ "R", 28 ], [ "R", 29 ], [ "R", 29 ], [ "R", 32 ], [ "R", 29 ], [ "R", 32 ], [ "R", 15 ], [ "R", 38 ], [ "R", 28 ], [ "R", 47 ], [ "R", 15 ], [ "R", 47 ], [ "R", 47 ], [ "R", 47 ], [ "R", 38 ], [ "R", 38 ], [ "R", 54 ], [ "R", 54 ], [ "R", 16 ], [ "R", 54 ], [ "R", 38 ], [ "R", 54 ], [ "R", 54 ], [ "R", 16 ], [ "R", 54 ], [ "R", 38 ], [ "R", 54 ] ]
    } ]
  },
  "TeamDataController.directly" : {
    "t" : [ {
      "id" : 0,
      "a" : [ [ "R", 25 ], [ "R", 13 ], [ "R", 6 ], [ "R", 25 ] ]
    } ]
  },
  "WechatShareController.joinBySalesman" : {
    "t" : [ {
      "id" : 0,
      "a" : [ [ "R", 44 ], [ "R", 44 ], [ "W", 43 ], [ "W", 25 ], [ "W", 43 ], [ "R", 44 ], [ "R", 44 ], [ "W", 43 ], [ "W", 44 ], [ "W", 43 ], [ "R", 44 ], [ "R", 25 ], [ "R", 25 ], [ "R", 33 ], [ "R", 25 ], [ "R", 25 ], [ "R", 25 ], [ "W", 25 ], [ "W", 25 ], [ "W", 25 ], [ "W", 25 ], [ "W", 25 ], [ "W", 43 ], [ "W", 25 ], [ "W", 43 ], [ "R", 44 ], [ "R", 44 ], [ "W", 43 ], [ "W", 44 ], [ "W", 43 ] ]
    } ]
  },
  "CommissionController.commList" : {
    "t" : [ {
      "id" : 0,
      "a" : [ [ "R", 11 ], [ "R", 11 ] ]
    } ]
  },
  "ManageCommonProblemController.notHotLabel" : {
    "t" : [ {
      "id" : 0,
      "a" : [ [ "R", 12 ], [ "W", 12 ] ]
    } ]
  },
  "TRJManageController.quickDone" : {
    "t" : [ {
      "id" : 0,
      "a" : [ [ "R", 30 ], [ "R", 28 ], [ "R", 30 ], [ "R", 28 ], [ "R", 28 ], [ "R", 28 ], [ "R", 28 ], [ "R", 28 ], [ "W", 28 ], [ "R", 30 ], [ "R", 30 ], [ "R", 51 ], [ "R", 9 ], [ "R", 9 ], [ "R", 28 ], [ "R", 14 ], [ "R", 14 ], [ "R", 28 ], [ "R", 14 ], [ "R", 14 ], [ "R", 28 ], [ "R", 28 ], [ "R", 51 ], [ "R", 9 ], [ "R", 9 ], [ "R", 28 ], [ "R", 14 ], [ "R", 14 ], [ "R", 28 ], [ "R", 14 ], [ "R", 14 ], [ "R", 28 ], [ "R", 28 ], [ "W", 45 ], [ "W", 45 ], [ "W", 45 ], [ "W", 45 ], [ "W", 45 ], [ "W", 45 ], [ "W", 45 ] ]
    } ]
  },
  "ManageProductController.detail" : {
    "t" : [ {
      "id" : 0,
      "a" : [ [ "R", 32 ] ]
    } ]
  },
  "LoginDataController.agentGoodAdvancePaymentJournal" : {
    "t" : [ {
      "id" : 0,
      "a" : [ [ "R", 25 ], [ "R", 25 ], [ "R", 3 ], [ "R", 3 ], [ "R", 3 ], [ "R", 3 ], [ "R", 3 ], [ "R", 3 ], [ "R", 26 ], [ "R", 3 ], [ "R", 26 ] ]
    } ]
  },
  "TRJManageController.update" : {
    "t" : [ {
      "id" : 0,
      "a" : [ [ "R", 30 ], [ "R", 30 ], [ "R", 51 ], [ "R", 9 ], [ "R", 9 ], [ "R", 28 ], [ "R", 28 ], [ "R", 28 ], [ "R", 29 ], [ "R", 30 ], [ "R", 30 ], [ "R", 51 ], [ "R", 9 ], [ "W", 9 ], [ "W", 9 ], [ "R", 51 ], [ "R", 9 ], [ "R", 9 ], [ "R", 28 ], [ "R", 28 ], [ "R", 28 ], [ "R", 29 ], [ "R", 51 ], [ "R", 9 ], [ "R", 9 ], [ "R", 28 ], [ "R", 28 ], [ "R", 28 ], [ "R", 29 ], [ "W", 45 ], [ "W", 45 ], [ "W", 45 ], [ "W", 45 ], [ "W", 45 ], [ "W", 45 ], [ "W", 45 ] ]
    } ]
  },
  "WechatMallOrderController.index" : {
    "t" : [ {
      "id" : 0,
      "a" : [ [ "R", 25 ], [ "R", 29 ], [ "R", 32 ], [ "R", 32 ], [ "R", 29 ], [ "R", 10 ], [ "R", 29 ], [ "R", 10 ], [ "R", 10 ], [ "R", 29 ], [ "R", 10 ], [ "R", 29 ], [ "R", 10 ], [ "R", 22 ], [ "R", 29 ], [ "R", 32 ], [ "R", 32 ] ]
    } ]
  },
  "ManageAgentController.detail" : {
    "t" : [ {
      "id" : 0,
      "a" : [ [ "R", 6 ], [ "R", 6 ], [ "R", 25 ] ]
    } ]
  },
  "TRJManageController.appeal" : {
    "t" : [ {
      "id" : 0,
      "a" : [ [ "R", 30 ], [ "R", 30 ] ]
    } ]
  },
  "ManageManagerController.addIndex" : {
    "t" : [ {
      "id" : 0,
      "a" : [ [ "R", 25 ], [ "R", 25 ], [ "R", 25 ], [ "R", 33 ], [ "R", 33 ], [ "R", 25 ], [ "R", 33 ], [ "R", 33 ], [ "R", 25 ], [ "R", 25 ], [ "R", 25 ], [ "R", 33 ], [ "R", 33 ] ]
    } ]
  },
  "AgentController.addAgent" : {
    "t" : [ {
      "id" : 0,
      "a" : [ [ "R", 25 ], [ "R", 25 ], [ "R", 25 ], [ "W", 25 ], [ "W", 25 ], [ "W", 25 ], [ "W", 25 ], [ "W", 25 ], [ "W", 25 ], [ "R", 13 ], [ "R", 13 ], [ "W", 13 ], [ "R", 13 ], [ "R", 13 ], [ "W", 13 ], [ "W", 13 ], [ "R", 25 ], [ "R", 25 ], [ "R", 25 ], [ "R", 25 ], [ "R", 13 ], [ "W", 25 ], [ "W", 13 ], [ "R", 25 ], [ "R", 13 ], [ "R", 25 ], [ "R", 13 ], [ "W", 13 ], [ "R", 25 ], [ "R", 25 ], [ "R", 25 ], [ "R", 25 ], [ "R", 13 ], [ "W", 25 ], [ "W", 13 ], [ "R", 25 ], [ "R", 13 ], [ "R", 25 ], [ "R", 13 ], [ "W", 13 ], [ "R", 25 ], [ "R", 25 ], [ "R", 25 ], [ "R", 25 ], [ "R", 13 ], [ "W", 25 ], [ "W", 13 ], [ "R", 25 ], [ "R", 13 ], [ "R", 25 ], [ "R", 13 ], [ "R", 13 ], [ "R", 13 ], [ "R", 13 ], [ "R", 13 ], [ "R", 13 ], [ "R", 13 ], [ "W", 13 ], [ "W", 13 ], [ "W", 13 ], [ "R", 25 ], [ "R", 25 ], [ "R", 25 ], [ "R", 25 ], [ "R", 13 ], [ "W", 25 ], [ "W", 13 ], [ "R", 25 ], [ "R", 13 ], [ "R", 25 ], [ "R", 13 ], [ "R", 6 ], [ "W", 8 ], [ "R", 6 ], [ "R", 8 ], [ "R", 6 ], [ "R", 25 ], [ "W", 25 ], [ "W", 4 ], [ "W", 6 ], [ "W", 8 ], [ "W", 6 ], [ "W", 25 ], [ "W", 6 ], [ "W", 6 ], [ "W", 25 ], [ "W", 6 ], [ "W", 6 ], [ "W", 6 ], [ "W", 6 ], [ "R", 6 ], [ "W", 6 ], [ "W", 6 ], [ "W", 6 ], [ "W", 6 ], [ "R", 6 ], [ "R", 6 ], [ "W", 6 ], [ "W", 6 ], [ "R", 6 ], [ "R", 6 ], [ "W", 6 ], [ "W", 6 ], [ "W", 6 ], [ "W", 1 ], [ "W", 6 ], [ "W", 1 ], [ "W", 6 ], [ "W", 27 ], [ "R", 6 ], [ "R", 6 ], [ "R", 6 ], [ "R", 6 ], [ "R", 6 ], [ "R", 25 ], [ "R", 6 ], [ "R", 25 ], [ "R", 6 ], [ "W", 27 ], [ "W", 8 ], [ "W", 27 ], [ "W", 25 ], [ "W", 27 ], [ "W", 25 ], [ "W", 27 ], [ "R", 27 ], [ "R", 25 ], [ "R", 27 ], [ "R", 25 ], [ "R", 25 ], [ "R", 25 ], [ "R", 25 ], [ "R", 25 ], [ "R", 25 ], [ "R", 27 ], [ "R", 25 ], [ "R", 27 ], [ "R", 25 ], [ "R", 27 ], [ "W", 27 ], [ "W", 8 ], [ "W", 27 ], [ "W", 25 ], [ "W", 27 ], [ "W", 25 ], [ "W", 27 ], [ "R", 27 ], [ "R", 25 ], [ "R", 27 ], [ "R", 25 ], [ "R", 25 ], [ "R", 25 ], [ "R", 25 ], [ "R", 25 ], [ "R", 25 ], [ "W", 27 ] ]
    } ]
  },
  "ManageGoodController.indexForEdit" : {
    "t" : [ {
      "id" : 0,
      "a" : [ [ "R", 29 ] ]
    } ]
  },
  "WechatController.logout" : {
    "t" : [ {
      "id" : 0,
      "a" : [ [ "R", 25 ], [ "R", 25 ], [ "W", 25 ] ]
    } ]
  },
  "WechatWithdrawController.recordData" : {
    "t" : [ {
      "id" : 0,
      "a" : [ [ "R", 55 ] ]
    } ]
  },
  "ManageWithdrawController.index" : {
    "t" : [ {
      "id" : 0,
      "a" : [ [ "R", 25 ], [ "R", 25 ] ]
    } ]
  },
  "ManageLoginController.detail" : {
    "t" : [ {
      "id" : 0,
      "a" : [ [ "R", 25 ] ]
    } ]
  },
  "TRJManageController.snickerData" : {
    "t" : [ {
      "id" : 0,
      "a" : [ [ "R", 9 ] ]
    } ]
  },
  "ManageFactoryController.enable" : {
    "t" : [ {
      "id" : 0,
      "a" : [ [ "R", 17 ] ]
    } ]
  },
  "ManageAgentGoodAdvancePaymentController.add" : {
    "t" : [ {
      "id" : 0,
      "a" : [ [ "W", 2 ], [ "W", 33 ], [ "R", 25 ], [ "W", 2 ], [ "W", 25 ], [ "R", 6 ], [ "W", 2 ], [ "W", 2 ], [ "W", 2 ], [ "W", 2 ] ]
    } ]
  },
  "ManageStorageController.sendToDepot" : {
    "t" : [ {
      "id" : 0,
      "a" : [ [ "R", 16 ], [ "R", 17 ], [ "R", 38 ], [ "R", 28 ], [ "R", 29 ], [ "R", 29 ], [ "R", 32 ], [ "R", 29 ], [ "R", 32 ], [ "R", 15 ], [ "R", 38 ], [ "R", 28 ], [ "R", 47 ], [ "R", 15 ], [ "R", 47 ], [ "R", 47 ], [ "R", 47 ], [ "R", 38 ], [ "R", 38 ], [ "R", 28 ], [ "R", 28 ], [ "R", 28 ], [ "R", 28 ], [ "R", 28 ], [ "R", 14 ], [ "W", 14 ], [ "R", 28 ], [ "R", 14 ], [ "W", 14 ], [ "W", 47 ], [ "W", 47 ], [ "W", 47 ], [ "W", 47 ], [ "R", 47 ], [ "W", 47 ], [ "W", 47 ], [ "W", 16 ], [ "W", 47 ], [ "W", 16 ], [ "W", 47 ], [ "W", 47 ], [ "W", 47 ], [ "W", 38 ], [ "W", 47 ], [ "R", 28 ], [ "R", 47 ], [ "W", 28 ], [ "W", 47 ], [ "R", 28 ], [ "R", 47 ], [ "W", 28 ], [ "W", 47 ], [ "R", 15 ], [ "R", 47 ], [ "W", 15 ], [ "W", 47 ], [ "R", 15 ], [ "R", 47 ], [ "W", 15 ], [ "W", 47 ], [ "R", 28 ], [ "W", 28 ], [ "W", 15 ], [ "R", 28 ], [ "R", 47 ], [ "R", 15 ], [ "R", 47 ], [ "R", 47 ], [ "W", 28 ], [ "W", 15 ], [ "W", 28 ], [ "W", 15 ], [ "R", 28 ], [ "R", 29 ], [ "R", 29 ], [ "R", 32 ], [ "R", 29 ], [ "R", 32 ], [ "R", 15 ], [ "R", 38 ], [ "R", 28 ], [ "R", 47 ], [ "R", 15 ], [ "R", 47 ], [ "R", 47 ], [ "R", 47 ], [ "R", 38 ], [ "R", 38 ], [ "W", 28 ], [ "W", 15 ], [ "R", 28 ], [ "R", 47 ], [ "R", 15 ], [ "R", 47 ], [ "R", 47 ], [ "R", 47 ], [ "W", 28 ], [ "W", 15 ], [ "W", 28 ], [ "W", 15 ] ]
    } ]
  },
  "WechatController.bindLogin" : {
    "t" : [ {
      "id" : 0,
      "a" : [ [ "R", 25 ], [ "R", 25 ], [ "R", 25 ], [ "R", 25 ], [ "W", 25 ], [ "R", 25 ], [ "R", 25 ], [ "R", 25 ], [ "W", 25 ] ]
    } ]
  },
  "ManageGoodController.data" : {
    "t" : [ {
      "id" : 0,
      "a" : [ [ "R", 25 ], [ "R", 25 ], [ "R", 29 ], [ "R", 29 ], [ "R", 29 ], [ "R", 29 ] ]
    } ]
  },
  "WechatController.bindTo" : {
    "t" : [ {
      "id" : 0,
      "a" : [ [ "R", 25 ], [ "R", 25 ], [ "W", 25 ] ]
    } ]
  },
  "ManageWithdrawController.reject" : {
    "t" : [ {
      "id" : 0,
      "a" : [ [ "R", 55 ], [ "W", 55 ], [ "W", 55 ], [ "W", 33 ], [ "W", 55 ], [ "W", 55 ] ]
    } ]
  },
  "WechatCommonProblemController.search" : {
    "t" : [ {
      "id" : 0,
      "a" : [ [ "R", 12 ] ]
    } ]
  },
  "ManageWithdrawController.data" : {
    "t" : [ {
      "id" : 0,
      "a" : [ [ "R", 25 ], [ "R", 25 ], [ "R", 55 ], [ "R", 55 ], [ "R", 55 ], [ "R", 55 ], [ "R", 55 ] ]
    } ]
  },
  "TeamDataController.subordinate" : {
    "t" : [ {
      "id" : 0,
      "a" : [ [ "R", 6 ], [ "R", 6 ], [ "R", 25 ], [ "R", 25 ], [ "R", 13 ], [ "R", 6 ], [ "R", 6 ], [ "R", 25 ], [ "R", 6 ] ]
    } ]
  },
  "CommissionDetailsController.commissionDetail" : {
    "t" : [ {
      "id" : 0,
      "a" : [ [ "R", 30 ], [ "R", 36 ], [ "R", 11 ] ]
    } ]
  },
  "WecharSearchController.goodsDetail" : {
    "t" : [ {
      "id" : 0,
      "a" : [ [ "R", 29 ], [ "R", 29 ], [ "R", 32 ], [ "R", 29 ], [ "R", 32 ], [ "R", 38 ], [ "R", 38 ], [ "R", 32 ], [ "R", 46 ], [ "R", 46 ], [ "W", 46 ], [ "W", 46 ], [ "R", 46 ], [ "R", 46 ], [ "W", 46 ], [ "W", 46 ], [ "R", 46 ], [ "W", 46 ], [ "R", 53 ], [ "R", 38 ], [ "R", 16 ], [ "R", 53 ], [ "R", 46 ], [ "R", 38 ], [ "R", 38 ], [ "R", 16 ], [ "R", 16 ], [ "R", 38 ], [ "R", 38 ], [ "R", 16 ], [ "R", 16 ], [ "R", 38 ], [ "R", 16 ], [ "R", 30 ], [ "R", 30 ], [ "R", 29 ], [ "R", 38 ], [ "R", 30 ], [ "R", 30 ], [ "R", 29 ], [ "R", 38 ], [ "R", 38 ], [ "R", 38 ], [ "R", 30 ], [ "R", 30 ], [ "R", 29 ], [ "R", 38 ], [ "R", 38 ], [ "W", 32 ], [ "R", 29 ], [ "R", 29 ], [ "R", 32 ], [ "R", 38 ], [ "R", 29 ], [ "R", 29 ], [ "R", 29 ], [ "R", 32 ], [ "R", 38 ], [ "R", 29 ] ]
    } ]
  },
  "ManageProductController.disable" : {
    "t" : [ {
      "id" : 0,
      "a" : [ [ "R", 32 ] ]
    } ]
  },
  "ManageStorageController.index" : {
    "t" : [ {
      "id" : 0,
      "a" : [ [ "R", 25 ], [ "R", 25 ], [ "R", 46 ], [ "R", 46 ], [ "W", 46 ], [ "W", 46 ], [ "R", 46 ], [ "R", 46 ], [ "W", 46 ], [ "W", 46 ], [ "R", 46 ], [ "W", 46 ], [ "R", 53 ], [ "R", 38 ], [ "R", 16 ], [ "R", 53 ], [ "R", 46 ], [ "R", 38 ], [ "R", 38 ], [ "R", 16 ], [ "R", 16 ], [ "R", 38 ], [ "R", 38 ], [ "R", 16 ], [ "R", 16 ], [ "R", 38 ], [ "R", 16 ], [ "R", 38 ], [ "R", 38 ], [ "R", 38 ] ]
    } ]
  },
  "ManageTagController.delete" : {
    "t" : [ {
      "id" : 0,
      "a" : [ [ "R", 39 ], [ "R", 29 ], [ "R", 29 ], [ "R", 32 ], [ "R", 29 ], [ "R", 32 ], [ "R", 38 ], [ "R", 38 ], [ "R", 32 ], [ "R", 46 ], [ "R", 46 ], [ "W", 46 ], [ "W", 46 ], [ "R", 46 ], [ "R", 46 ], [ "W", 46 ], [ "W", 46 ], [ "R", 46 ], [ "W", 46 ], [ "R", 53 ], [ "R", 38 ], [ "R", 16 ], [ "R", 53 ], [ "R", 46 ], [ "R", 38 ], [ "R", 38 ], [ "R", 16 ], [ "R", 16 ], [ "R", 38 ], [ "R", 38 ], [ "R", 16 ], [ "R", 16 ], [ "R", 38 ], [ "R", 16 ], [ "R", 30 ], [ "R", 30 ], [ "R", 29 ], [ "R", 38 ], [ "R", 30 ], [ "R", 30 ], [ "R", 29 ], [ "R", 38 ], [ "R", 38 ], [ "R", 38 ], [ "R", 30 ], [ "R", 30 ], [ "R", 29 ], [ "R", 38 ], [ "R", 38 ], [ "W", 32 ], [ "R", 29 ], [ "R", 52 ], [ "R", 52 ], [ "W", 52 ] ]
    } ]
  },
  "ManageLogisticsController.index" : {
    "t" : [ {
      "id" : 0,
      "a" : [ [ "R", 25 ], [ "R", 25 ], [ "R", 25 ] ]
    } ]
  },
  "ManageTagController.enable" : {
    "t" : [ {
      "id" : 0,
      "a" : [ [ "R", 52 ] ]
    } ]
  },
  "ManagePromotionRequestController.data" : {
    "t" : [ {
      "id" : 0,
      "a" : [ [ "R", 25 ], [ "R", 25 ], [ "R", 25 ], [ "R", 40 ], [ "R", 40 ], [ "R", 40 ], [ "R", 40 ], [ "R", 40 ], [ "R", 40 ], [ "R", 40 ], [ "R", 40 ], [ "R", 40 ], [ "R", 40 ], [ "R", 40 ], [ "R", 40 ], [ "R", 40 ], [ "R", 40 ] ]
    } ]
  },
  "WecharSearchController.data" : {
    "t" : [ {
      "id" : 0,
      "a" : [ [ "R", 29 ], [ "R", 22 ], [ "R", 22 ], [ "R", 29 ], [ "R", 29 ], [ "R", 29 ], [ "R", 29 ] ]
    } ]
  },
  "ManageTagController.checkName" : {
    "t" : [ {
      "id" : 0,
      "a" : [ [ "R", 52 ] ]
    } ]
  },
  "ManageCommonProblemController.index" : {
    "t" : [ {
      "id" : 0,
      "a" : [ [ "R", 25 ], [ "R", 25 ] ]
    } ]
  },
  "WechatMainOrderController.pay" : {
    "t" : [ {
      "id" : 0,
      "a" : [ [ "R", 30 ], [ "R", 30 ], [ "R", 10 ], [ "R", 10 ], [ "W", 30 ], [ "R", 30 ] ]
    } ]
  },
  "TeamDataController.teamList" : {
    "t" : [ {
      "id" : 0,
      "a" : [ [ "R", 14 ], [ "R", 14 ] ]
    } ]
  },
  "ManageStorageController.data" : {
    "t" : [ {
      "id" : 0,
      "a" : [ [ "R", 25 ], [ "R", 25 ], [ "R", 54 ], [ "R", 54 ], [ "R", 54 ], [ "R", 54 ], [ "R", 54 ], [ "R", 54 ], [ "R", 54 ] ]
    } ]
  },
  "WechatWithdrawController.sendWithdrawCode" : {
    "t" : [ {
      "id" : 0,
      "a" : [ [ "R", 6 ], [ "R", 25 ], [ "R", 25 ], [ "R", 25 ], [ "R", 25 ], [ "R", 13 ], [ "R", 25 ], [ "R", 13 ] ]
    } ]
  },
  "ManageProductController.indexForEdit" : {
    "t" : [ {
      "id" : 0,
      "a" : [ [ "R", 32 ] ]
    } ]
  },
  "ManageCommonProblemController.add" : {
    "t" : [ {
      "id" : 0,
      "a" : [ [ "R", 12 ], [ "W", 12 ], [ "W", 12 ], [ "W", 12 ], [ "W", 12 ], [ "W", 12 ], [ "W", 12 ], [ "W", 12 ] ]
    } ]
  }
}