{
  "1" : "AdminDocumentEntity",
  "2" : "AdminDocumentFieldEntity",
  "3" : "AdminDocumentTargetEntity",
  "4" : "AdminExtraFieldsEntity",
  "5" : "AdminSettingEntity",
  "6" : "AdminUserAuditEntity",
  "7" : "AdminUserEntity",
  "8" : "AdminUserGivenRoleEntity",
  "9" : "AdminUserGroupEntity",
  "10" : "AdminUserRightEntity",
  "11" : "AdminUserRoleEntity",
  "12" : "AdminWorkspaceEntity",
  "13" : "BankEntity",
  "14" : "BankExpenseEntity",
  "15" : "BankTransEntity",
  "16" : "BankTransSourceEntity",
  "17" : "ChqbllDetailHistoryEntity",
  "18" : "ChqbllDetailPartialEntity",
  "19" : "ChqbllPayrollDetailEntity",
  "20" : "ChqbllPayrollEntity",
  "21" : "ChqbllPayrollSourceEntity",
  "22" : "ChqbllTransDetailEntity",
  "23" : "ChqbllTransEntity",
  "24" : "ChqbllTypeEntity",
  "25" : "ContactCategoryEntity",
  "26" : "ContactEntity",
  "27" : "ContactExtraFieldsEntity",
  "28" : "ContactTransEntity",
  "29" : "ContactTransSourceEntity",
  "30" : "GlobalCurrencyEntity",
  "31" : "GlobalCurrencyRateDetailEntity",
  "32" : "GlobalCurrencyRateEntity",
  "33" : "GlobalPrivateCodeEntity",
  "34" : "GlobalProfileEntity",
  "35" : "GlobalTransPointEntity",
  "36" : "InvoiceTransCurrencyEntity",
  "37" : "InvoiceTransDetailEntity",
  "38" : "InvoiceTransEntity",
  "39" : "InvoiceTransFactorEntity",
  "40" : "InvoiceTransRelationEntity",
  "41" : "InvoiceTransSourceEntity",
  "42" : "InvoiceTransStatusEntity",
  "43" : "InvoiceTransStatusHistoryEntity",
  "44" : "InvoiceTransTaxEntity",
  "45" : "OrderTransDetailEntity",
  "46" : "OrderTransEntity",
  "47" : "OrderTransFactorEntity",
  "48" : "OrderTransSourceEntity",
  "49" : "OrderTransStatusEntity",
  "50" : "OrderTransStatusHistoryEntity",
  "51" : "SafeEntity",
  "52" : "SafeExpenseEntity",
  "53" : "SafeTransEntity",
  "54" : "SafeTransSourceEntity",
  "55" : "SaleCampaignEntity",
  "56" : "SaleSellerEntity",
  "57" : "StockBarcodeEntity",
  "58" : "StockCategoryEntity",
  "59" : "StockCostFactorEntity",
  "60" : "StockCostingDetailEntity",
  "61" : "StockCostingEntity",
  "62" : "StockCostingInventoryEntity",
  "63" : "StockDepotEntity",
  "64" : "StockEntity",
  "65" : "StockExtraFieldsEntity",
  "66" : "StockPriceListEntity",
  "67" : "StockPriceUpdateDetailEntity",
  "68" : "StockPriceUpdateEntity",
  "69" : "StockTransCurrencyEntity",
  "70" : "StockTransDetailEntity",
  "71" : "StockTransEntity",
  "72" : "StockTransFactorEntity",
  "73" : "StockTransSourceEntity",
  "74" : "StockTransTaxEntity",
  "75" : "StockUnitEntity",
  "76" : "TempContactAgingEntity",
  "77" : "WaybillTransDetailEntity",
  "78" : "WaybillTransEntity",
  "79" : "WaybillTransFactorEntity",
  "80" : "WaybillTransRelationEntity",
  "81" : "WaybillTransSourceEntity",
  "82" : "WaybillTransStatusEntity",
  "83" : "WaybillTransStatusHistoryEntity"
}