{
  "AdminDocumentEntity" : 1,
  "AdminDocumentFieldEntity" : 2,
  "AdminDocumentTargetEntity" : 3,
  "AdminExtraFieldsEntity" : 4,
  "AdminSettingEntity" : 5,
  "AdminUserAuditEntity" : 6,
  "AdminUserEntity" : 7,
  "AdminUserGivenRoleEntity" : 8,
  "AdminUserGroupEntity" : 9,
  "AdminUserRightEntity" : 10,
  "AdminUserRoleEntity" : 11,
  "AdminWorkspaceEntity" : 12,
  "BankEntity" : 13,
  "BankExpenseEntity" : 14,
  "BankTransEntity" : 15,
  "BankTransSourceEntity" : 16,
  "ChqbllDetailHistoryEntity" : 17,
  "ChqbllDetailPartialEntity" : 18,
  "ChqbllPayrollDetailEntity" : 19,
  "ChqbllPayrollEntity" : 20,
  "ChqbllPayrollSourceEntity" : 21,
  "ChqbllTransDetailEntity" : 22,
  "ChqbllTransEntity" : 23,
  "ChqbllTypeEntity" : 24,
  "ContactCategoryEntity" : 25,
  "ContactEntity" : 26,
  "ContactExtraFieldsEntity" : 27,
  "ContactTransEntity" : 28,
  "ContactTransSourceEntity" : 29,
  "GlobalCurrencyEntity" : 30,
  "GlobalCurrencyRateDetailEntity" : 31,
  "GlobalCurrencyRateEntity" : 32,
  "GlobalPrivateCodeEntity" : 33,
  "GlobalProfileEntity" : 34,
  "GlobalTransPointEntity" : 35,
  "InvoiceTransCurrencyEntity" : 36,
  "InvoiceTransDetailEntity" : 37,
  "InvoiceTransEntity" : 38,
  "InvoiceTransFactorEntity" : 39,
  "InvoiceTransRelationEntity" : 40,
  "InvoiceTransSourceEntity" : 41,
  "InvoiceTransStatusEntity" : 42,
  "InvoiceTransStatusHistoryEntity" : 43,
  "InvoiceTransTaxEntity" : 44,
  "OrderTransDetailEntity" : 45,
  "OrderTransEntity" : 46,
  "OrderTransFactorEntity" : 47,
  "OrderTransSourceEntity" : 48,
  "OrderTransStatusEntity" : 49,
  "OrderTransStatusHistoryEntity" : 50,
  "SafeEntity" : 51,
  "SafeExpenseEntity" : 52,
  "SafeTransEntity" : 53,
  "SafeTransSourceEntity" : 54,
  "SaleCampaignEntity" : 55,
  "SaleSellerEntity" : 56,
  "StockBarcodeEntity" : 57,
  "StockCategoryEntity" : 58,
  "StockCostFactorEntity" : 59,
  "StockCostingDetailEntity" : 60,
  "StockCostingEntity" : 61,
  "StockCostingInventoryEntity" : 62,
  "StockDepotEntity" : 63,
  "StockEntity" : 64,
  "StockExtraFieldsEntity" : 65,
  "StockPriceListEntity" : 66,
  "StockPriceUpdateDetailEntity" : 67,
  "StockPriceUpdateEntity" : 68,
  "StockTransCurrencyEntity" : 69,
  "StockTransDetailEntity" : 70,
  "StockTransEntity" : 71,
  "StockTransFactorEntity" : 72,
  "StockTransSourceEntity" : 73,
  "StockTransTaxEntity" : 74,
  "StockUnitEntity" : 75,
  "TempContactAgingEntity" : 76,
  "WaybillTransDetailEntity" : 77,
  "WaybillTransEntity" : 78,
  "WaybillTransFactorEntity" : 79,
  "WaybillTransRelationEntity" : 80,
  "WaybillTransSourceEntity" : 81,
  "WaybillTransStatusEntity" : 82,
  "WaybillTransStatusHistoryEntity" : 83
}