{
  "RoleController.all" : {
    "t" : [ {
      "id" : 0,
      "a" : [ [ "R", 4 ] ]
    } ]
  },
  "UserController.saveUser" : {
    "t" : [ {
      "id" : 0,
      "a" : [ [ "W", 5 ], [ "W", 5 ], [ "W", 5 ], [ "R", 4 ], [ "W", 5 ], [ "W", 4 ], [ "W", 5 ], [ "R", 5 ], [ "R", 5 ], [ "R", 5 ], [ "W", 5 ], [ "W", 5 ] ]
    } ]
  },
  "OperationController.getOperation" : {
    "t" : [ {
      "id" : 0,
      "a" : [ [ "R", 1 ], [ "W", 1 ], [ "W", 1 ], [ "W", 1 ], [ "W", 1 ] ]
    } ]
  },
  "OperationController.save" : {
    "t" : [ {
      "id" : 0,
      "a" : [ [ "W", 1 ] ]
    } ]
  },
  "IndexController.index" : {
    "t" : [ {
      "id" : 0,
      "a" : [ [ "R", 5 ], [ "R", 4 ], [ "R", 4 ], [ "R", 2 ], [ "R", 2 ], [ "R", 3 ] ]
    } ]
  },
  "OperationController.getAll" : {
    "t" : [ {
      "id" : 0,
      "a" : [ [ "R", 1 ] ]
    } ]
  },
  "ResourceController.save" : {
    "t" : [ {
      "id" : 0,
      "a" : [ [ "W", 3 ] ]
    } ]
  },
  "RoleController.auth" : {
    "t" : [ {
      "id" : 0,
      "a" : [ [ "R", 4 ], [ "R", 3 ], [ "R", 1 ], [ "R", 4 ], [ "R", 2 ], [ "R", 2 ], [ "R", 3 ], [ "R", 3 ], [ "R", 3 ], [ "R", 3 ], [ "R", 3 ], [ "W", 2 ], [ "W", 3 ], [ "R", 2 ], [ "R", 1 ], [ "W", 2 ], [ "W", 1 ], [ "R", 4 ], [ "R", 2 ], [ "W", 4 ], [ "W", 2 ], [ "W", 4 ], [ "R", 2 ], [ "R", 1 ], [ "W", 2 ], [ "W", 1 ], [ "W", 2 ] ]
    } ]
  },
  "ResourceController.getAll" : {
    "t" : [ {
      "id" : 0,
      "a" : [ [ "R", 3 ] ]
    } ]
  },
  "OperationController.getOne" : {
    "t" : [ {
      "id" : 0,
      "a" : [ [ "R", 1 ] ]
    } ]
  },
  "ResourceController.delete" : {
    "t" : [ {
      "id" : 0,
      "a" : [ [ "W", 3 ] ]
    } ]
  },
  "RoleController.save" : {
    "t" : [ {
      "id" : 0,
      "a" : [ [ "W", 4 ], [ "W", 4 ], [ "W", 4 ], [ "W", 4 ] ]
    } ]
  },
  "RoleController.delete" : {
    "t" : [ {
      "id" : 0,
      "a" : [ [ "W", 4 ] ]
    } ]
  },
  "ResourceController.getOne" : {
    "t" : [ {
      "id" : 0,
      "a" : [ [ "R", 3 ] ]
    } ]
  },
  "UserController.update" : {
    "t" : [ {
      "id" : 0,
      "a" : [ [ "R", 5 ], [ "R", 4 ], [ "R", 5 ], [ "R", 4 ], [ "R", 5 ], [ "R", 4 ], [ "W", 5 ], [ "W", 4 ], [ "W", 5 ] ]
    } ]
  },
  "ResourceController.getResource" : {
    "t" : [ {
      "id" : 0,
      "a" : [ [ "R", 3 ], [ "W", 3 ], [ "W", 3 ] ]
    } ]
  },
  "UserController.getAll" : {
    "t" : [ {
      "id" : 0,
      "a" : [ [ "R", 5 ] ]
    } ]
  },
  "UserController.register" : {
    "t" : [ {
      "id" : 0,
      "a" : [ [ "W", 5 ], [ "R", 5 ], [ "R", 5 ], [ "R", 5 ], [ "W", 5 ], [ "W", 5 ] ]
    } ]
  },
  "OperationController.delete" : {
    "t" : [ {
      "id" : 0,
      "a" : [ [ "W", 1 ] ]
    } ]
  },
  "UserController.delete" : {
    "t" : [ {
      "id" : 0,
      "a" : [ [ "W", 5 ] ]
    } ]
  }
}