{
  "QuestionController.getCourseQuestions" : {
    "t" : [ {
      "id" : 0,
      "a" : [ [ "R", 6 ] ]
    } ]
  },
  "AssessmentController.createAssessment" : {
    "t" : [ {
      "id" : 0,
      "a" : [ [ "R", 3 ], [ "R", 11 ], [ "R", 12 ], [ "R", 11 ], [ "R", 12 ], [ "R", 11 ], [ "R", 12 ], [ "R", 11 ], [ "W", 12 ], [ "W", 11 ], [ "R", 11 ], [ "R", 12 ], [ "W", 11 ], [ "W", 12 ], [ "R", 12 ], [ "R", 11 ], [ "R", 12 ], [ "R", 11 ], [ "R", 12 ], [ "R", 11 ], [ "W", 12 ], [ "W", 11 ], [ "R", 11 ], [ "R", 12 ], [ "W", 11 ], [ "W", 12 ], [ "W", 1 ], [ "W", 1 ], [ "W", 1 ], [ "W", 1 ], [ "W", 3 ], [ "R", 3 ], [ "R", 1 ], [ "W", 3 ], [ "W", 1 ], [ "W", 1 ], [ "W", 12 ], [ "W", 12 ], [ "W", 1 ], [ "W", 1 ], [ "R", 1 ], [ "R", 1 ], [ "R", 1 ], [ "R", 12 ], [ "R", 12 ], [ "R", 11 ], [ "R", 11 ], [ "R", 6 ], [ "R", 6 ], [ "R", 11 ], [ "R", 12 ], [ "R", 11 ], [ "R", 6 ], [ "R", 11 ], [ "R", 12 ], [ "R", 11 ], [ "R", 1 ], [ "R", 1 ], [ "R", 1 ], [ "R", 12 ] ]
    } ]
  },
  "QuizController.updateQuiz" : {
    "t" : [ {
      "id" : 0,
      "a" : [ [ "R", 8 ], [ "R", 8 ], [ "R", 9 ], [ "R", 8 ], [ "R", 9 ], [ "R", 8 ], [ "R", 10 ], [ "W", 8 ], [ "R", 8 ], [ "R", 8 ], [ "R", 8 ], [ "R", 8 ], [ "R", 8 ], [ "W", 8 ], [ "R", 8 ], [ "R", 8 ], [ "R", 8 ], [ "R", 8 ], [ "W", 8 ], [ "W", 8 ], [ "W", 8 ], [ "W", 8 ], [ "W", 8 ], [ "R", 8 ], [ "R", 10 ], [ "W", 10 ], [ "R", 6 ], [ "R", 8 ], [ "R", 10 ], [ "R", 8 ], [ "R", 10 ], [ "W", 10 ], [ "W", 8 ], [ "R", 10 ], [ "R", 8 ], [ "R", 8 ], [ "R", 10 ], [ "W", 8 ], [ "W", 10 ], [ "W", 10 ], [ "W", 6 ], [ "R", 6 ], [ "R", 10 ], [ "W", 6 ], [ "W", 10 ], [ "W", 10 ], [ "W", 10 ], [ "R", 8 ], [ "R", 8 ], [ "R", 8 ], [ "R", 8 ], [ "R", 8 ], [ "R", 8 ], [ "R", 8 ], [ "R", 8 ], [ "R", 8 ], [ "R", 8 ], [ "R", 10 ], [ "R", 8 ], [ "R", 10 ], [ "R", 8 ], [ "R", 9 ], [ "R", 8 ], [ "R", 9 ], [ "R", 8 ], [ "R", 8 ], [ "R", 8 ], [ "R", 8 ], [ "R", 8 ], [ "R", 8 ], [ "R", 8 ], [ "R", 10 ], [ "R", 10 ], [ "R", 6 ], [ "R", 6 ], [ "R", 6 ], [ "R", 6 ], [ "R", 6 ], [ "R", 6 ], [ "R", 6 ], [ "R", 6 ], [ "R", 6 ], [ "R", 10 ], [ "R", 6 ], [ "R", 10 ], [ "R", 6 ], [ "R", 10 ], [ "R", 8 ], [ "R", 6 ], [ "R", 10 ], [ "R", 6 ], [ "R", 10 ], [ "R", 6 ], [ "R", 6 ], [ "R", 6 ], [ "R", 5 ], [ "R", 6 ], [ "R", 11 ], [ "R", 6 ], [ "R", 4 ], [ "R", 6 ], [ "R", 4 ], [ "R", 4 ], [ "R", 4 ], [ "R", 4 ], [ "R", 6 ], [ "R", 6 ], [ "R", 10 ] ]
    } ]
  },
  "QuestionController.getQuestion" : {
    "t" : [ {
      "id" : 0,
      "a" : [ [ "R", 6 ] ]
    } ]
  },
  "QuestionController.removeQuestion" : {
    "t" : [ {
      "id" : 0,
      "a" : [ [ "R", 6 ], [ "R", 6 ], [ "R", 6 ], [ "R", 10 ], [ "R", 6 ], [ "R", 10 ], [ "R", 6 ], [ "R", 10 ], [ "R", 6 ], [ "R", 10 ], [ "R", 10 ], [ "R", 8 ], [ "R", 8 ], [ "R", 6 ], [ "R", 2 ], [ "R", 2 ], [ "R", 6 ], [ "W", 2 ], [ "W", 6 ], [ "W", 6 ], [ "W", 2 ], [ "R", 6 ], [ "R", 11 ], [ "R", 11 ], [ "R", 6 ], [ "W", 11 ], [ "W", 6 ], [ "R", 6 ], [ "R", 11 ], [ "W", 6 ], [ "W", 11 ], [ "W", 6 ] ]
    } ]
  },
  "TopicController.updateTopic" : {
    "t" : [ {
      "id" : 0,
      "a" : [ [ "R", 11 ], [ "W", 11 ], [ "R", 11 ], [ "R", 11 ], [ "R", 11 ], [ "R", 6 ], [ "R", 11 ], [ "R", 6 ] ]
    } ]
  },
  "StatementController.getNewQuiz" : {
    "t" : [ {
      "id" : 0,
      "a" : [ [ "R", 13 ], [ "R", 13 ], [ "R", 8 ], [ "W", 8 ], [ "W", 8 ], [ "W", 8 ], [ "R", 3 ], [ "R", 3 ], [ "R", 2 ], [ "R", 2 ], [ "R", 6 ], [ "R", 1 ], [ "R", 1 ], [ "R", 12 ], [ "R", 6 ], [ "R", 11 ], [ "R", 1 ], [ "R", 12 ], [ "R", 13 ], [ "R", 9 ], [ "R", 9 ], [ "R", 7 ], [ "W", 9 ], [ "W", 7 ], [ "R", 9 ], [ "R", 7 ], [ "R", 7 ], [ "R", 10 ], [ "R", 10 ], [ "R", 6 ], [ "R", 13 ], [ "R", 6 ], [ "R", 7 ], [ "R", 7 ], [ "R", 7 ], [ "R", 10 ], [ "R", 10 ], [ "R", 6 ], [ "R", 13 ], [ "R", 6 ], [ "R", 13 ], [ "R", 6 ], [ "R", 13 ], [ "R", 6 ], [ "W", 13 ], [ "W", 6 ], [ "R", 13 ], [ "R", 6 ], [ "R", 13 ], [ "R", 6 ], [ "W", 13 ], [ "W", 6 ], [ "R", 13 ], [ "R", 6 ], [ "R", 13 ], [ "R", 6 ], [ "R", 13 ], [ "R", 6 ], [ "R", 13 ], [ "R", 6 ], [ "W", 13 ], [ "W", 6 ], [ "R", 8 ], [ "R", 6 ], [ "R", 8 ], [ "R", 6 ], [ "W", 10 ], [ "W", 8 ], [ "R", 10 ], [ "R", 8 ], [ "R", 8 ], [ "R", 10 ], [ "W", 8 ], [ "W", 10 ], [ "W", 10 ], [ "W", 6 ], [ "R", 6 ], [ "R", 10 ], [ "W", 6 ], [ "W", 10 ], [ "W", 10 ], [ "R", 8 ], [ "R", 8 ], [ "R", 8 ], [ "R", 8 ], [ "R", 8 ], [ "W", 8 ], [ "W", 8 ], [ "W", 8 ], [ "W", 8 ], [ "W", 9 ], [ "W", 9 ], [ "W", 9 ], [ "W", 13 ], [ "R", 13 ], [ "R", 9 ], [ "W", 13 ], [ "W", 9 ], [ "W", 9 ], [ "W", 8 ], [ "R", 8 ], [ "R", 9 ], [ "W", 8 ], [ "W", 9 ], [ "R", 8 ], [ "R", 10 ], [ "R", 8 ], [ "R", 9 ], [ "R", 10 ], [ "R", 9 ], [ "R", 10 ], [ "W", 7 ], [ "W", 9 ], [ "R", 9 ], [ "R", 7 ], [ "W", 9 ], [ "W", 7 ], [ "R", 9 ], [ "R", 7 ], [ "W", 9 ], [ "W", 7 ], [ "W", 7 ], [ "W", 10 ], [ "R", 10 ], [ "R", 7 ], [ "W", 10 ], [ "W", 7 ], [ "W", 7 ], [ "W", 8 ], [ "W", 3 ], [ "R", 3 ], [ "R", 8 ], [ "W", 3 ], [ "W", 8 ], [ "R", 3 ], [ "R", 8 ], [ "W", 3 ], [ "W", 8 ], [ "W", 8 ], [ "W", 9 ], [ "R", 9 ], [ "R", 8 ], [ "R", 8 ], [ "R", 9 ], [ "R", 9 ], [ "R", 8 ], [ "R", 8 ], [ "R", 9 ], [ "R", 8 ], [ "R", 8 ], [ "R", 9 ], [ "R", 8 ], [ "R", 8 ], [ "R", 9 ], [ "R", 8 ], [ "R", 8 ], [ "R", 9 ], [ "R", 8 ], [ "R", 8 ], [ "R", 9 ], [ "R", 8 ], [ "R", 8 ], [ "R", 9 ], [ "R", 8 ], [ "R", 8 ], [ "R", 9 ], [ "R", 8 ], [ "R", 8 ], [ "R", 9 ], [ "R", 8 ], [ "R", 8 ], [ "R", 9 ], [ "R", 7 ], [ "W", 9 ], [ "W", 7 ], [ "R", 9 ], [ "R", 7 ], [ "R", 9 ], [ "R", 7 ], [ "W", 9 ], [ "W", 7 ], [ "R", 9 ], [ "R", 7 ] ]
    } ]
  },
  "QuestionController.updateQuestionTopics" : {
    "t" : [ {
      "id" : 0,
      "a" : [ [ "R", 6 ], [ "R", 6 ], [ "R", 2 ], [ "R", 2 ], [ "R", 11 ], [ "R", 2 ], [ "R", 6 ], [ "R", 11 ], [ "R", 6 ], [ "R", 11 ], [ "R", 6 ], [ "R", 11 ], [ "W", 6 ], [ "W", 11 ], [ "R", 11 ], [ "R", 6 ], [ "W", 11 ], [ "W", 6 ], [ "R", 6 ], [ "R", 11 ], [ "R", 6 ], [ "R", 11 ], [ "R", 6 ], [ "R", 11 ], [ "W", 6 ], [ "W", 11 ], [ "R", 11 ], [ "R", 6 ], [ "W", 11 ], [ "W", 6 ] ]
    } ]
  },
  "AssessmentController.getAvailableAssessments" : {
    "t" : [ {
      "id" : 0,
      "a" : [ [ "R", 1 ], [ "R", 3 ], [ "R", 1 ] ]
    } ]
  },
  "ImportExportController.importAll" : {
    "t" : [ {
      "id" : 0,
      "a" : [ [ "R", 13 ], [ "R", 13 ], [ "R", 13 ], [ "R", 13 ], [ "W", 13 ], [ "W", 13 ], [ "W", 13 ], [ "W", 13 ], [ "W", 13 ], [ "W", 13 ], [ "W", 13 ], [ "W", 13 ], [ "W", 13 ], [ "W", 13 ], [ "W", 13 ], [ "W", 13 ], [ "W", 13 ], [ "W", 13 ], [ "W", 13 ], [ "W", 13 ], [ "R", 13 ], [ "R", 13 ], [ "R", 3 ], [ "R", 13 ], [ "R", 3 ], [ "W", 13 ], [ "W", 3 ], [ "R", 3 ], [ "R", 13 ], [ "W", 3 ], [ "W", 13 ], [ "R", 2 ], [ "R", 2 ], [ "R", 2 ], [ "R", 2 ], [ "R", 6 ], [ "R", 5 ], [ "R", 6 ], [ "R", 10 ], [ "R", 10 ], [ "R", 7 ], [ "W", 6 ], [ "W", 6 ], [ "W", 6 ], [ "W", 6 ], [ "W", 6 ], [ "R", 2 ], [ "W", 6 ], [ "W", 2 ], [ "R", 2 ], [ "R", 6 ], [ "W", 2 ], [ "W", 6 ], [ "W", 4 ], [ "W", 4 ], [ "W", 6 ], [ "W", 4 ], [ "W", 4 ], [ "W", 6 ], [ "W", 4 ], [ "W", 6 ], [ "W", 5 ], [ "W", 5 ], [ "W", 5 ], [ "R", 6 ], [ "R", 5 ], [ "W", 6 ], [ "W", 5 ], [ "W", 5 ], [ "W", 6 ], [ "W", 6 ], [ "R", 6 ], [ "R", 6 ], [ "R", 6 ], [ "R", 6 ], [ "R", 6 ], [ "R", 6 ], [ "R", 6 ], [ "R", 6 ], [ "R", 10 ], [ "R", 6 ], [ "R", 10 ], [ "R", 6 ], [ "R", 10 ], [ "R", 8 ], [ "R", 6 ], [ "R", 10 ], [ "R", 6 ], [ "R", 10 ], [ "R", 6 ], [ "R", 6 ], [ "R", 6 ], [ "R", 5 ], [ "R", 6 ], [ "R", 11 ], [ "R", 6 ], [ "R", 4 ], [ "R", 6 ], [ "R", 4 ], [ "R", 4 ], [ "R", 4 ], [ "R", 4 ], [ "R", 6 ], [ "R", 6 ], [ "R", 2 ], [ "R", 2 ], [ "R", 2 ], [ "R", 2 ], [ "R", 11 ], [ "R", 2 ], [ "W", 11 ], [ "W", 11 ], [ "W", 2 ], [ "R", 2 ], [ "R", 11 ], [ "W", 2 ], [ "W", 11 ], [ "W", 11 ], [ "R", 11 ], [ "R", 11 ], [ "R", 11 ], [ "R", 6 ], [ "R", 11 ], [ "R", 6 ], [ "R", 6 ], [ "R", 6 ], [ "R", 6 ], [ "R", 2 ], [ "R", 2 ], [ "R", 11 ], [ "R", 2 ], [ "R", 6 ], [ "R", 11 ], [ "R", 6 ], [ "R", 11 ], [ "R", 6 ], [ "R", 11 ], [ "W", 6 ], [ "W", 11 ], [ "R", 11 ], [ "R", 6 ], [ "W", 11 ], [ "W", 6 ], [ "R", 6 ], [ "R", 11 ], [ "R", 6 ], [ "R", 11 ], [ "R", 6 ], [ "R", 11 ], [ "W", 6 ], [ "W", 11 ], [ "R", 11 ], [ "R", 6 ], [ "W", 11 ], [ "W", 6 ], [ "R", 3 ], [ "R", 3 ], [ "R", 3 ], [ "R", 8 ], [ "R", 8 ], [ "W", 8 ], [ "W", 8 ], [ "W", 8 ], [ "W", 8 ], [ "W", 8 ], [ "W", 8 ], [ "W", 8 ], [ "R", 8 ], [ "R", 8 ], [ "R", 8 ], [ "R", 8 ], [ "R", 8 ], [ "W", 8 ], [ "R", 8 ], [ "R", 8 ], [ "R", 8 ], [ "R", 8 ], [ "W", 8 ], [ "W", 8 ], [ "W", 8 ], [ "W", 8 ], [ "W", 3 ], [ "R", 3 ], [ "R", 8 ], [ "W", 3 ], [ "W", 8 ], [ "R", 6 ], [ "R", 8 ], [ "R", 10 ], [ "R", 8 ], [ "R", 10 ], [ "W", 10 ], [ "W", 8 ], [ "R", 10 ], [ "R", 8 ], [ "R", 8 ], [ "R", 10 ], [ "W", 8 ], [ "W", 10 ], [ "W", 10 ], [ "W", 6 ], [ "R", 6 ], [ "R", 10 ], [ "W", 6 ], [ "W", 10 ], [ "W", 10 ], [ "W", 8 ], [ "W", 8 ], [ "W", 8 ], [ "R", 8 ], [ "R", 8 ], [ "R", 8 ], [ "R", 8 ], [ "R", 8 ], [ "R", 8 ], [ "R", 8 ], [ "R", 8 ], [ "R", 8 ], [ "R", 8 ], [ "R", 10 ], [ "R", 8 ], [ "R", 10 ], [ "R", 8 ], [ "R", 9 ], [ "R", 8 ], [ "R", 9 ], [ "R", 8 ], [ "R", 8 ], [ "R", 8 ], [ "R", 8 ], [ "R", 8 ], [ "R", 8 ], [ "R", 8 ], [ "R", 10 ], [ "R", 10 ], [ "R", 6 ], [ "R", 6 ], [ "R", 6 ], [ "R", 6 ], [ "R", 6 ], [ "R", 6 ], [ "R", 6 ], [ "R", 6 ], [ "R", 6 ], [ "R", 10 ], [ "R", 6 ], [ "R", 10 ], [ "R", 6 ], [ "R", 10 ], [ "R", 8 ], [ "R", 6 ], [ "R", 10 ], [ "R", 6 ], [ "R", 10 ], [ "R", 6 ], [ "R", 6 ], [ "R", 6 ], [ "R", 5 ], [ "R", 6 ], [ "R", 11 ], [ "R", 6 ], [ "R", 4 ], [ "R", 6 ], [ "R", 4 ], [ "R", 4 ], [ "R", 4 ], [ "R", 4 ], [ "R", 6 ], [ "R", 6 ], [ "R", 10 ], [ "R", 6 ], [ "R", 6 ], [ "R", 8 ], [ "R", 6 ], [ "R", 8 ], [ "R", 10 ], [ "R", 8 ], [ "R", 10 ], [ "W", 10 ], [ "W", 8 ], [ "R", 10 ], [ "R", 8 ], [ "R", 8 ], [ "R", 10 ], [ "W", 8 ], [ "W", 10 ], [ "W", 10 ], [ "W", 6 ], [ "R", 6 ], [ "R", 10 ], [ "W", 6 ], [ "W", 10 ], [ "W", 10 ], [ "W", 10 ], [ "R", 10 ], [ "R", 10 ], [ "R", 10 ], [ "W", 10 ], [ "R", 6 ], [ "R", 8 ], [ "R", 13 ], [ "R", 13 ], [ "R", 8 ], [ "R", 13 ], [ "R", 8 ], [ "W", 9 ], [ "W", 9 ], [ "W", 9 ], [ "W", 13 ], [ "R", 13 ], [ "R", 9 ], [ "W", 13 ], [ "W", 9 ], [ "W", 9 ], [ "W", 8 ], [ "R", 8 ], [ "R", 9 ], [ "W", 8 ], [ "W", 9 ], [ "R", 8 ], [ "R", 10 ], [ "R", 8 ], [ "R", 9 ], [ "R", 10 ], [ "R", 9 ], [ "R", 10 ], [ "W", 7 ], [ "W", 9 ], [ "R", 9 ], [ "R", 7 ], [ "W", 9 ], [ "W", 7 ], [ "R", 9 ], [ "R", 7 ], [ "W", 9 ], [ "W", 7 ], [ "W", 7 ], [ "W", 10 ], [ "R", 10 ], [ "R", 7 ], [ "W", 10 ], [ "W", 7 ], [ "W", 7 ], [ "W", 9 ], [ "R", 9 ], [ "R", 9 ], [ "R", 13 ], [ "R", 13 ], [ "R", 9 ], [ "R", 13 ], [ "R", 13 ], [ "R", 9 ], [ "R", 9 ], [ "R", 9 ], [ "R", 9 ], [ "R", 9 ], [ "R", 7 ], [ "W", 9 ], [ "W", 7 ], [ "R", 9 ], [ "R", 7 ], [ "R", 7 ], [ "R", 10 ], [ "R", 10 ], [ "R", 9 ], [ "W", 9 ], [ "W", 9 ], [ "R", 9 ], [ "R", 7 ], [ "W", 9 ], [ "W", 7 ], [ "R", 9 ], [ "R", 7 ], [ "R", 7 ], [ "W", 7 ], [ "W", 7 ], [ "W", 5 ], [ "R", 5 ], [ "W", 7 ], [ "W", 5 ], [ "W", 7 ] ]
    } ]
  },
  "StatementController.getAvailableQuizzes" : {
    "t" : [ {
      "id" : 0,
      "a" : [ [ "R", 13 ], [ "R", 13 ], [ "R", 13 ], [ "R", 9 ], [ "R", 9 ], [ "R", 8 ], [ "R", 8 ], [ "R", 3 ], [ "R", 3 ], [ "R", 8 ], [ "R", 3 ], [ "R", 8 ], [ "R", 8 ], [ "R", 8 ], [ "R", 8 ], [ "R", 8 ], [ "R", 8 ], [ "R", 8 ], [ "W", 9 ], [ "W", 9 ], [ "W", 9 ], [ "W", 13 ], [ "R", 13 ], [ "R", 9 ], [ "W", 13 ], [ "W", 9 ], [ "W", 9 ], [ "W", 8 ], [ "R", 8 ], [ "R", 9 ], [ "W", 8 ], [ "W", 9 ], [ "R", 8 ], [ "R", 10 ], [ "R", 8 ], [ "R", 9 ], [ "R", 10 ], [ "R", 9 ], [ "R", 10 ], [ "W", 7 ], [ "W", 9 ], [ "R", 9 ], [ "R", 7 ], [ "W", 9 ], [ "W", 7 ], [ "R", 9 ], [ "R", 7 ], [ "W", 9 ], [ "W", 7 ], [ "W", 7 ], [ "W", 10 ], [ "R", 10 ], [ "R", 7 ], [ "W", 10 ], [ "W", 7 ], [ "W", 7 ], [ "W", 9 ], [ "R", 13 ], [ "R", 9 ], [ "R", 9 ], [ "R", 9 ], [ "R", 8 ], [ "R", 8 ], [ "R", 9 ], [ "R", 9 ], [ "R", 8 ], [ "R", 8 ], [ "R", 3 ], [ "R", 3 ], [ "R", 9 ], [ "R", 8 ], [ "R", 8 ], [ "R", 9 ], [ "R", 8 ], [ "R", 8 ], [ "R", 9 ], [ "R", 8 ], [ "R", 8 ] ]
    } ]
  },
  "AdministrationController.removeCourseExecution" : {
    "t" : [ {
      "id" : 0,
      "a" : [ [ "R", 3 ], [ "R", 3 ], [ "R", 8 ], [ "R", 3 ], [ "R", 8 ], [ "R", 3 ], [ "R", 1 ], [ "R", 3 ], [ "R", 1 ], [ "R", 3 ], [ "R", 3 ], [ "R", 3 ], [ "R", 2 ], [ "R", 2 ], [ "R", 3 ], [ "W", 2 ], [ "W", 3 ], [ "R", 3 ], [ "R", 13 ], [ "R", 13 ], [ "R", 3 ], [ "W", 13 ], [ "W", 3 ], [ "W", 3 ] ]
    } ]
  },
  "AssessmentController.getExecutionCourseAssessments" : {
    "t" : [ {
      "id" : 0,
      "a" : [ [ "R", 1 ], [ "R", 3 ] ]
    } ]
  },
  "QuizController.deleteQuiz" : {
    "t" : [ {
      "id" : 0,
      "a" : [ [ "R", 8 ], [ "R", 8 ], [ "R", 9 ], [ "R", 8 ], [ "R", 9 ], [ "R", 8 ], [ "R", 10 ], [ "R", 8 ], [ "R", 3 ], [ "R", 3 ], [ "R", 8 ], [ "W", 3 ], [ "W", 8 ], [ "W", 8 ], [ "W", 3 ], [ "R", 8 ], [ "R", 10 ], [ "W", 10 ], [ "W", 8 ] ]
    } ]
  },
  "TopicController.removeTopic" : {
    "t" : [ {
      "id" : 0,
      "a" : [ [ "R", 11 ], [ "R", 11 ], [ "R", 2 ], [ "R", 2 ], [ "R", 11 ], [ "W", 2 ], [ "W", 11 ], [ "W", 11 ], [ "W", 2 ], [ "R", 11 ], [ "R", 6 ], [ "R", 6 ], [ "R", 11 ], [ "W", 6 ], [ "W", 11 ], [ "R", 11 ], [ "R", 6 ], [ "W", 11 ], [ "W", 6 ], [ "R", 11 ], [ "R", 12 ], [ "R", 12 ], [ "R", 11 ], [ "W", 12 ], [ "W", 11 ], [ "W", 11 ] ]
    } ]
  },
  "StatementController.startQuiz" : {
    "t" : [ {
      "id" : 0,
      "a" : [ [ "R", 13 ], [ "R", 13 ], [ "R", 8 ], [ "R", 13 ], [ "R", 3 ], [ "R", 8 ], [ "R", 3 ], [ "R", 13 ], [ "R", 3 ], [ "R", 8 ], [ "R", 8 ], [ "R", 13 ], [ "R", 9 ], [ "R", 9 ], [ "R", 9 ], [ "W", 9 ], [ "R", 8 ] ]
    } ]
  },
  "QuizController.createQuiz" : {
    "t" : [ {
      "id" : 0,
      "a" : [ [ "R", 3 ], [ "R", 8 ], [ "R", 8 ], [ "W", 8 ], [ "W", 8 ], [ "W", 8 ], [ "W", 8 ], [ "W", 8 ], [ "W", 8 ], [ "W", 8 ], [ "R", 8 ], [ "R", 8 ], [ "R", 8 ], [ "R", 8 ], [ "R", 8 ], [ "W", 8 ], [ "R", 8 ], [ "R", 8 ], [ "R", 8 ], [ "R", 8 ], [ "W", 8 ], [ "W", 8 ], [ "W", 8 ], [ "W", 8 ], [ "W", 3 ], [ "R", 3 ], [ "R", 8 ], [ "W", 3 ], [ "W", 8 ], [ "R", 6 ], [ "R", 8 ], [ "R", 10 ], [ "R", 8 ], [ "R", 10 ], [ "W", 10 ], [ "W", 8 ], [ "R", 10 ], [ "R", 8 ], [ "R", 8 ], [ "R", 10 ], [ "W", 8 ], [ "W", 10 ], [ "W", 10 ], [ "W", 6 ], [ "R", 6 ], [ "R", 10 ], [ "W", 6 ], [ "W", 10 ], [ "W", 10 ], [ "W", 8 ], [ "W", 8 ], [ "W", 8 ], [ "R", 8 ], [ "R", 8 ], [ "R", 8 ], [ "R", 8 ], [ "R", 8 ], [ "R", 8 ], [ "R", 8 ], [ "R", 8 ], [ "R", 8 ], [ "R", 8 ], [ "R", 10 ], [ "R", 8 ], [ "R", 10 ], [ "R", 8 ], [ "R", 9 ], [ "R", 8 ], [ "R", 9 ], [ "R", 8 ], [ "R", 8 ], [ "R", 8 ], [ "R", 8 ], [ "R", 8 ], [ "R", 8 ], [ "R", 8 ], [ "R", 10 ], [ "R", 10 ], [ "R", 6 ], [ "R", 6 ], [ "R", 6 ], [ "R", 6 ], [ "R", 6 ], [ "R", 6 ], [ "R", 6 ], [ "R", 6 ], [ "R", 6 ], [ "R", 10 ], [ "R", 6 ], [ "R", 10 ], [ "R", 6 ], [ "R", 10 ], [ "R", 8 ], [ "R", 6 ], [ "R", 10 ], [ "R", 6 ], [ "R", 10 ], [ "R", 6 ], [ "R", 6 ], [ "R", 6 ], [ "R", 5 ], [ "R", 6 ], [ "R", 11 ], [ "R", 6 ], [ "R", 4 ], [ "R", 6 ], [ "R", 4 ], [ "R", 4 ], [ "R", 4 ], [ "R", 4 ], [ "R", 6 ], [ "R", 6 ], [ "R", 10 ] ]
    } ]
  },
  "AuthController.demoStudentAuth" : {
    "t" : [ {
      "id" : 0,
      "a" : [ [ "R", 13 ], [ "R", 13 ], [ "R", 13 ], [ "W", 13 ], [ "W", 13 ], [ "W", 13 ], [ "W", 13 ], [ "W", 13 ], [ "W", 13 ], [ "W", 13 ], [ "W", 13 ], [ "W", 13 ], [ "W", 13 ], [ "W", 13 ], [ "W", 13 ], [ "W", 13 ], [ "W", 13 ], [ "W", 13 ], [ "R", 13 ], [ "R", 13 ], [ "R", 13 ], [ "R", 13 ], [ "R", 13 ], [ "R", 13 ], [ "R", 3 ] ]
    } ]
  },
  "QuestionController.exportQuestions" : {
    "t" : [ {
      "id" : 0,
      "a" : [ [ "R", 2 ], [ "R", 2 ], [ "R", 6 ], [ "R", 2 ], [ "R", 2 ], [ "R", 6 ] ]
    } ]
  },
  "AuthController.demoAdminAuth" : {
    "t" : [ {
      "id" : 0,
      "a" : [ [ "R", 13 ], [ "R", 13 ], [ "R", 13 ], [ "W", 13 ], [ "W", 13 ], [ "W", 13 ], [ "W", 13 ], [ "W", 13 ], [ "W", 13 ], [ "W", 13 ], [ "W", 13 ], [ "W", 13 ], [ "W", 13 ], [ "W", 13 ], [ "W", 13 ], [ "W", 13 ], [ "W", 13 ], [ "W", 13 ], [ "R", 13 ], [ "R", 13 ], [ "R", 13 ], [ "R", 13 ], [ "R", 13 ], [ "R", 13 ], [ "R", 3 ] ]
    } ]
  },
  "QuizController.findNonGeneratedQuizzes" : {
    "t" : [ {
      "id" : 0,
      "a" : [ [ "R", 8 ], [ "R", 3 ], [ "R", 8 ], [ "R", 8 ], [ "R", 8 ], [ "R", 8 ], [ "R", 8 ], [ "R", 8 ], [ "R", 8 ], [ "R", 8 ], [ "R", 8 ], [ "R", 8 ], [ "R", 8 ], [ "R", 10 ], [ "R", 8 ], [ "R", 10 ], [ "R", 8 ], [ "R", 9 ], [ "R", 8 ], [ "R", 9 ], [ "R", 8 ], [ "R", 8 ], [ "R", 8 ], [ "R", 8 ], [ "R", 8 ], [ "R", 8 ], [ "R", 8 ], [ "R", 10 ], [ "R", 10 ], [ "R", 6 ], [ "R", 6 ], [ "R", 6 ], [ "R", 6 ], [ "R", 6 ], [ "R", 6 ], [ "R", 6 ], [ "R", 6 ], [ "R", 6 ], [ "R", 10 ], [ "R", 6 ], [ "R", 10 ], [ "R", 6 ], [ "R", 10 ], [ "R", 8 ], [ "R", 6 ], [ "R", 10 ], [ "R", 6 ], [ "R", 10 ], [ "R", 6 ], [ "R", 6 ], [ "R", 6 ], [ "R", 5 ], [ "R", 6 ], [ "R", 11 ], [ "R", 6 ], [ "R", 4 ], [ "R", 6 ], [ "R", 4 ], [ "R", 4 ], [ "R", 4 ], [ "R", 4 ], [ "R", 6 ], [ "R", 6 ], [ "R", 10 ] ]
    } ]
  },
  "QuestionController.questionSetStatus" : {
    "t" : [ {
      "id" : 0,
      "a" : [ [ "R", 6 ], [ "W", 6 ] ]
    } ]
  },
  "TopicController.getCourseTopics" : {
    "t" : [ {
      "id" : 0,
      "a" : [ [ "R", 2 ], [ "R", 2 ], [ "R", 11 ], [ "R", 2 ] ]
    } ]
  },
  "QuestionController.updateQuestion" : {
    "t" : [ {
      "id" : 0,
      "a" : [ [ "R", 6 ], [ "R", 6 ], [ "R", 5 ], [ "R", 6 ], [ "R", 10 ], [ "R", 10 ], [ "R", 7 ], [ "W", 6 ], [ "W", 6 ], [ "R", 6 ], [ "R", 5 ], [ "R", 5 ], [ "W", 5 ], [ "W", 5 ], [ "R", 6 ], [ "R", 6 ], [ "R", 6 ], [ "R", 6 ], [ "R", 6 ], [ "R", 6 ], [ "R", 6 ], [ "R", 6 ], [ "R", 10 ], [ "R", 6 ], [ "R", 10 ], [ "R", 6 ], [ "R", 10 ], [ "R", 8 ], [ "R", 6 ], [ "R", 10 ], [ "R", 6 ], [ "R", 10 ], [ "R", 6 ], [ "R", 6 ], [ "R", 6 ], [ "R", 5 ], [ "R", 6 ], [ "R", 11 ], [ "R", 6 ], [ "R", 4 ], [ "R", 6 ], [ "R", 4 ], [ "R", 4 ], [ "R", 4 ], [ "R", 4 ], [ "R", 6 ], [ "R", 6 ] ]
    } ]
  },
  "AuthController.demoTeacherAuth" : {
    "t" : [ {
      "id" : 0,
      "a" : [ [ "R", 13 ], [ "R", 13 ], [ "R", 13 ], [ "W", 13 ], [ "W", 13 ], [ "W", 13 ], [ "W", 13 ], [ "W", 13 ], [ "W", 13 ], [ "W", 13 ], [ "W", 13 ], [ "W", 13 ], [ "W", 13 ], [ "W", 13 ], [ "W", 13 ], [ "W", 13 ], [ "W", 13 ], [ "W", 13 ], [ "R", 13 ], [ "R", 13 ], [ "R", 13 ], [ "R", 13 ], [ "R", 13 ], [ "R", 13 ], [ "R", 3 ] ]
    } ]
  },
  "StatementController.submitAnswer" : {
    "t" : [ {
      "id" : 0,
      "a" : [ [ "R", 13 ], [ "R", 13 ], [ "R", 13 ], [ "R", 9 ], [ "R", 9 ], [ "R", 8 ], [ "R", 8 ], [ "R", 9 ], [ "R", 7 ], [ "W", 9 ], [ "W", 7 ], [ "R", 9 ], [ "R", 7 ], [ "R", 7 ], [ "R", 13 ], [ "R", 9 ], [ "R", 13 ], [ "R", 13 ], [ "R", 9 ], [ "R", 8 ], [ "R", 8 ], [ "R", 13 ], [ "R", 9 ], [ "R", 8 ], [ "R", 8 ], [ "R", 9 ], [ "R", 8 ], [ "R", 8 ], [ "R", 9 ], [ "R", 8 ], [ "R", 8 ], [ "R", 9 ], [ "R", 8 ], [ "R", 8 ], [ "R", 9 ], [ "R", 5 ], [ "R", 7 ], [ "R", 10 ], [ "R", 10 ], [ "R", 6 ], [ "R", 6 ], [ "R", 5 ], [ "R", 5 ], [ "R", 7 ], [ "R", 10 ], [ "R", 10 ], [ "R", 6 ], [ "R", 6 ], [ "R", 5 ], [ "R", 7 ], [ "R", 5 ], [ "R", 7 ], [ "R", 5 ], [ "R", 5 ], [ "R", 7 ], [ "W", 5 ], [ "W", 7 ], [ "W", 7 ], [ "W", 5 ], [ "R", 5 ], [ "R", 7 ], [ "W", 5 ], [ "W", 7 ], [ "W", 7 ], [ "W", 9 ] ]
    } ]
  },
  "StatementController.getSolvedQuizzes" : {
    "t" : [ {
      "id" : 0,
      "a" : [ [ "R", 13 ], [ "R", 13 ], [ "R", 3 ], [ "R", 13 ], [ "R", 9 ], [ "R", 9 ], [ "R", 9 ], [ "R", 8 ], [ "R", 8 ], [ "R", 3 ], [ "R", 9 ], [ "R", 8 ], [ "R", 8 ], [ "R", 9 ], [ "R", 8 ], [ "R", 8 ] ]
    } ]
  },
  "AdministrationController.createCourseExecution" : {
    "t" : [ {
      "id" : 0,
      "a" : [ [ "R", 2 ], [ "R", 2 ], [ "W", 2 ], [ "W", 2 ], [ "W", 2 ], [ "R", 2 ], [ "R", 3 ], [ "R", 3 ], [ "R", 3 ], [ "R", 3 ], [ "W", 3 ], [ "W", 3 ], [ "W", 2 ], [ "W", 3 ], [ "W", 3 ], [ "W", 3 ], [ "R", 2 ], [ "R", 3 ], [ "W", 2 ], [ "W", 3 ], [ "W", 3 ], [ "R", 3 ], [ "R", 2 ], [ "R", 2 ], [ "R", 3 ], [ "R", 2 ], [ "R", 2 ], [ "R", 3 ], [ "R", 2 ], [ "R", 2 ], [ "R", 3 ], [ "R", 3 ], [ "R", 3 ], [ "R", 3 ], [ "R", 3 ] ]
    } ]
  },
  "QuizController.getQuiz" : {
    "t" : [ {
      "id" : 0,
      "a" : [ [ "R", 8 ] ]
    } ]
  },
  "CourseController.getCourseStudents" : {
    "t" : [ {
      "id" : 0,
      "a" : [ [ "R", 3 ], [ "R", 3 ], [ "R", 13 ], [ "R", 13 ] ]
    } ]
  },
  "QuestionController.createQuestion" : {
    "t" : [ {
      "id" : 0,
      "a" : [ [ "R", 2 ], [ "R", 2 ], [ "R", 6 ], [ "R", 5 ], [ "R", 6 ], [ "R", 10 ], [ "R", 10 ], [ "R", 7 ], [ "W", 6 ], [ "W", 6 ], [ "W", 6 ], [ "W", 6 ], [ "W", 6 ], [ "R", 2 ], [ "W", 6 ], [ "W", 2 ], [ "R", 2 ], [ "R", 6 ], [ "W", 2 ], [ "W", 6 ], [ "W", 4 ], [ "W", 4 ], [ "W", 6 ], [ "W", 4 ], [ "W", 4 ], [ "W", 6 ], [ "W", 4 ], [ "W", 6 ], [ "W", 5 ], [ "W", 5 ], [ "W", 5 ], [ "R", 6 ], [ "R", 5 ], [ "W", 6 ], [ "W", 5 ], [ "W", 5 ], [ "W", 6 ], [ "W", 6 ], [ "R", 6 ], [ "R", 6 ], [ "R", 6 ], [ "R", 6 ], [ "R", 6 ], [ "R", 6 ], [ "R", 6 ], [ "R", 6 ], [ "R", 10 ], [ "R", 6 ], [ "R", 10 ], [ "R", 6 ], [ "R", 10 ], [ "R", 8 ], [ "R", 6 ], [ "R", 10 ], [ "R", 6 ], [ "R", 10 ], [ "R", 6 ], [ "R", 6 ], [ "R", 6 ], [ "R", 5 ], [ "R", 6 ], [ "R", 11 ], [ "R", 6 ], [ "R", 4 ], [ "R", 6 ], [ "R", 4 ], [ "R", 4 ], [ "R", 4 ], [ "R", 4 ], [ "R", 6 ], [ "R", 6 ] ]
    } ]
  },
  "AssessmentController.updateAssessment" : {
    "t" : [ {
      "id" : 0,
      "a" : [ [ "R", 1 ], [ "W", 1 ], [ "W", 1 ], [ "W", 1 ], [ "R", 1 ], [ "R", 12 ], [ "R", 12 ], [ "R", 12 ], [ "R", 11 ], [ "R", 12 ], [ "R", 11 ], [ "R", 12 ], [ "R", 11 ], [ "R", 12 ], [ "R", 11 ], [ "W", 12 ], [ "W", 11 ], [ "R", 11 ], [ "R", 12 ], [ "W", 11 ], [ "W", 12 ], [ "R", 12 ], [ "R", 11 ], [ "R", 12 ], [ "R", 11 ], [ "R", 12 ], [ "R", 11 ], [ "W", 12 ], [ "W", 11 ], [ "R", 11 ], [ "R", 12 ], [ "W", 11 ], [ "W", 12 ], [ "R", 11 ], [ "R", 12 ], [ "R", 11 ], [ "R", 12 ], [ "R", 11 ], [ "R", 12 ], [ "R", 11 ], [ "W", 12 ], [ "W", 11 ], [ "R", 11 ], [ "R", 12 ], [ "W", 11 ], [ "W", 12 ], [ "R", 12 ], [ "R", 11 ], [ "R", 12 ], [ "R", 11 ], [ "R", 12 ], [ "R", 11 ], [ "W", 12 ], [ "W", 11 ], [ "R", 11 ], [ "R", 12 ], [ "W", 11 ], [ "W", 12 ], [ "R", 1 ], [ "R", 12 ], [ "W", 1 ], [ "W", 12 ], [ "W", 12 ], [ "W", 1 ], [ "W", 12 ], [ "R", 1 ], [ "R", 1 ], [ "R", 1 ], [ "R", 12 ], [ "R", 12 ], [ "R", 11 ], [ "R", 11 ], [ "R", 6 ], [ "R", 6 ], [ "R", 11 ], [ "R", 12 ], [ "R", 11 ], [ "R", 6 ], [ "R", 11 ], [ "R", 12 ], [ "R", 11 ], [ "R", 1 ], [ "R", 1 ], [ "R", 1 ], [ "R", 12 ] ]
    } ]
  },
  "QuizController.getQuizAnswers" : {
    "t" : [ {
      "id" : 0,
      "a" : [ [ "R", 8 ], [ "R", 8 ], [ "R", 10 ], [ "R", 10 ], [ "R", 6 ], [ "R", 6 ], [ "R", 5 ], [ "R", 5 ], [ "R", 5 ], [ "R", 6 ], [ "R", 6 ], [ "R", 5 ], [ "W", 5 ], [ "R", 5 ], [ "R", 8 ], [ "R", 9 ], [ "R", 8 ], [ "R", 8 ], [ "R", 8 ] ]
    } ]
  },
  "StatsController.getStats" : {
    "t" : [ {
      "id" : 0,
      "a" : [ [ "R", 13 ], [ "R", 13 ], [ "R", 3 ], [ "R", 13 ], [ "R", 9 ], [ "R", 9 ], [ "R", 9 ], [ "R", 8 ], [ "R", 8 ], [ "R", 3 ], [ "R", 9 ], [ "R", 8 ], [ "R", 8 ], [ "R", 9 ], [ "R", 8 ], [ "R", 8 ], [ "R", 13 ], [ "R", 9 ], [ "R", 9 ], [ "R", 9 ], [ "R", 8 ], [ "R", 8 ], [ "R", 3 ], [ "R", 9 ], [ "R", 8 ], [ "R", 8 ], [ "R", 9 ], [ "R", 8 ], [ "R", 8 ], [ "R", 13 ], [ "R", 9 ], [ "R", 9 ], [ "R", 9 ], [ "R", 8 ], [ "R", 8 ], [ "R", 3 ], [ "R", 9 ], [ "R", 8 ], [ "R", 8 ], [ "R", 9 ], [ "R", 8 ], [ "R", 8 ], [ "R", 13 ], [ "R", 9 ], [ "R", 9 ], [ "R", 9 ], [ "R", 8 ], [ "R", 8 ], [ "R", 3 ], [ "R", 9 ], [ "R", 8 ], [ "R", 8 ], [ "R", 9 ], [ "R", 8 ], [ "R", 8 ], [ "R", 13 ], [ "R", 9 ], [ "R", 9 ], [ "R", 9 ], [ "R", 8 ], [ "R", 8 ], [ "R", 3 ], [ "R", 9 ], [ "R", 8 ], [ "R", 8 ], [ "R", 9 ], [ "R", 8 ], [ "R", 8 ], [ "R", 7 ], [ "R", 10 ], [ "R", 10 ], [ "R", 6 ], [ "R", 6 ], [ "R", 3 ], [ "R", 2 ], [ "R", 6 ] ]
    } ]
  },
  "QuestionController.getAvailableQuestions" : {
    "t" : [ {
      "id" : 0,
      "a" : [ [ "R", 6 ] ]
    } ]
  },
  "QuestionController.uploadImage" : {
    "t" : [ {
      "id" : 0,
      "a" : [ [ "R", 6 ], [ "R", 6 ], [ "R", 6 ], [ "R", 4 ], [ "W", 6 ], [ "W", 4 ], [ "W", 4 ], [ "W", 6 ], [ "W", 4 ], [ "R", 6 ], [ "R", 4 ], [ "R", 6 ], [ "R", 2 ], [ "R", 2 ], [ "R", 6 ], [ "R", 2 ], [ "R", 2 ], [ "R", 6 ], [ "R", 6 ], [ "R", 2 ], [ "R", 2 ], [ "R", 6 ], [ "R", 6 ], [ "R", 6 ], [ "R", 2 ], [ "R", 2 ], [ "R", 6 ], [ "R", 6 ], [ "W", 6 ], [ "R", 6 ], [ "W", 4 ], [ "R", 6 ] ]
    } ]
  },
  "AuthController.fenixAuth" : {
    "t" : [ {
      "id" : 0,
      "a" : [ [ "R", 2 ], [ "R", 2 ], [ "R", 3 ], [ "R", 3 ], [ "R", 3 ], [ "R", 3 ], [ "R", 2 ], [ "R", 2 ], [ "R", 3 ], [ "R", 3 ], [ "R", 3 ], [ "R", 3 ], [ "R", 13 ], [ "R", 13 ], [ "R", 13 ], [ "W", 13 ], [ "W", 13 ], [ "W", 13 ], [ "W", 13 ], [ "W", 13 ], [ "W", 13 ], [ "W", 13 ], [ "W", 13 ], [ "W", 13 ], [ "W", 13 ], [ "W", 13 ], [ "W", 13 ], [ "W", 13 ], [ "W", 13 ], [ "W", 13 ], [ "R", 13 ], [ "R", 13 ], [ "W", 13 ], [ "W", 13 ], [ "W", 13 ], [ "W", 13 ], [ "W", 13 ], [ "W", 13 ], [ "W", 13 ], [ "W", 13 ], [ "W", 13 ], [ "W", 13 ], [ "W", 13 ], [ "W", 13 ], [ "W", 13 ], [ "W", 13 ], [ "W", 13 ], [ "W", 13 ], [ "R", 13 ], [ "R", 3 ], [ "R", 13 ], [ "R", 3 ], [ "R", 13 ], [ "R", 3 ], [ "W", 13 ], [ "R", 13 ], [ "R", 13 ], [ "R", 13 ], [ "R", 13 ], [ "R", 13 ], [ "R", 13 ], [ "R", 3 ], [ "R", 13 ], [ "R", 13 ], [ "R", 3 ], [ "R", 13 ], [ "R", 3 ], [ "R", 13 ], [ "R", 13 ], [ "R", 13 ], [ "R", 13 ], [ "R", 13 ], [ "R", 13 ], [ "R", 3 ], [ "R", 13 ], [ "R", 13 ], [ "R", 3 ], [ "R", 13 ], [ "R", 3 ], [ "W", 13 ], [ "R", 13 ], [ "R", 13 ], [ "R", 13 ], [ "R", 13 ], [ "R", 13 ], [ "R", 13 ], [ "R", 3 ], [ "R", 13 ], [ "R", 13 ], [ "R", 13 ], [ "R", 13 ], [ "R", 13 ], [ "R", 13 ], [ "R", 13 ], [ "R", 3 ] ]
    } ]
  },
  "CourseController.getCourseExecutions" : {
    "t" : [ {
      "id" : 0,
      "a" : [ [ "R", 2 ], [ "R", 2 ], [ "R", 3 ] ]
    } ]
  },
  "CourseController.createCourseExecution" : {
    "t" : [ {
      "id" : 0,
      "a" : [ [ "R", 2 ], [ "W", 2 ], [ "W", 2 ], [ "W", 2 ], [ "R", 2 ], [ "R", 3 ], [ "R", 3 ], [ "R", 3 ], [ "R", 3 ], [ "R", 2 ], [ "R", 3 ], [ "R", 3 ], [ "R", 3 ], [ "R", 3 ], [ "W", 3 ], [ "W", 3 ], [ "W", 2 ], [ "W", 3 ], [ "W", 3 ], [ "W", 3 ], [ "R", 2 ], [ "R", 3 ], [ "W", 2 ], [ "W", 3 ], [ "W", 3 ], [ "W", 3 ], [ "R", 3 ], [ "R", 2 ], [ "R", 2 ], [ "R", 3 ], [ "R", 2 ], [ "R", 2 ], [ "R", 3 ], [ "R", 2 ], [ "R", 2 ], [ "R", 3 ], [ "R", 3 ], [ "R", 3 ], [ "R", 3 ], [ "R", 3 ] ]
    } ]
  },
  "ImportExportController.exportAll" : {
    "t" : [ {
      "id" : 0,
      "a" : [ [ "R", 13 ], [ "R", 13 ], [ "R", 13 ], [ "R", 13 ], [ "R", 13 ], [ "R", 13 ], [ "R", 13 ], [ "R", 13 ], [ "R", 3 ], [ "R", 3 ], [ "R", 6 ], [ "R", 11 ], [ "R", 11 ], [ "R", 2 ], [ "R", 2 ], [ "R", 11 ], [ "R", 2 ], [ "R", 2 ], [ "R", 11 ], [ "R", 11 ], [ "R", 6 ], [ "R", 6 ], [ "R", 6 ], [ "R", 2 ], [ "R", 2 ], [ "R", 6 ], [ "R", 6 ], [ "R", 6 ], [ "R", 2 ], [ "R", 2 ], [ "R", 6 ], [ "R", 6 ], [ "W", 6 ], [ "R", 6 ], [ "R", 8 ], [ "R", 2 ], [ "R", 8 ], [ "R", 3 ], [ "R", 3 ], [ "R", 8 ], [ "R", 3 ], [ "R", 3 ], [ "R", 8 ], [ "R", 3 ], [ "R", 3 ], [ "R", 8 ], [ "R", 8 ], [ "R", 8 ], [ "R", 8 ], [ "R", 8 ], [ "R", 8 ], [ "R", 8 ], [ "R", 8 ], [ "R", 8 ], [ "R", 8 ], [ "R", 8 ], [ "R", 8 ], [ "R", 8 ], [ "R", 8 ], [ "R", 8 ], [ "R", 8 ], [ "R", 8 ], [ "R", 10 ], [ "R", 10 ], [ "R", 10 ], [ "R", 6 ], [ "R", 6 ], [ "R", 6 ], [ "R", 2 ], [ "R", 2 ], [ "R", 6 ], [ "R", 6 ], [ "R", 6 ], [ "R", 2 ], [ "R", 2 ], [ "R", 6 ], [ "R", 6 ], [ "W", 6 ], [ "R", 6 ], [ "R", 9 ], [ "R", 9 ], [ "R", 9 ], [ "R", 9 ], [ "R", 9 ], [ "R", 8 ], [ "R", 8 ], [ "R", 9 ], [ "R", 13 ], [ "R", 13 ], [ "R", 9 ], [ "R", 7 ], [ "W", 9 ], [ "W", 7 ], [ "R", 9 ], [ "R", 7 ], [ "R", 7 ], [ "R", 7 ], [ "R", 7 ], [ "R", 7 ], [ "R", 10 ], [ "R", 10 ], [ "R", 8 ], [ "R", 8 ], [ "R", 7 ], [ "R", 10 ], [ "R", 10 ], [ "R", 7 ], [ "R", 5 ], [ "R", 7 ], [ "R", 5 ], [ "R", 5 ], [ "R", 6 ], [ "R", 6 ], [ "R", 6 ], [ "R", 2 ], [ "R", 2 ], [ "R", 6 ], [ "R", 6 ], [ "R", 6 ], [ "R", 2 ], [ "R", 2 ], [ "R", 6 ], [ "R", 6 ], [ "W", 6 ], [ "R", 6 ], [ "R", 7 ], [ "R", 5 ], [ "R", 5 ], [ "R", 5 ], [ "R", 6 ], [ "R", 6 ], [ "R", 5 ], [ "W", 5 ], [ "R", 5 ] ]
    } ]
  },
  "StatementController.getQuizByQRCode" : {
    "t" : [ {
      "id" : 0,
      "a" : [ [ "R", 13 ], [ "R", 13 ], [ "R", 8 ], [ "R", 13 ], [ "R", 3 ], [ "R", 8 ], [ "R", 3 ], [ "R", 13 ], [ "R", 3 ], [ "R", 8 ], [ "R", 8 ], [ "R", 8 ], [ "R", 13 ], [ "R", 9 ], [ "W", 9 ], [ "W", 9 ], [ "W", 9 ], [ "W", 13 ], [ "R", 13 ], [ "R", 9 ], [ "W", 13 ], [ "W", 9 ], [ "W", 9 ], [ "W", 8 ], [ "R", 8 ], [ "R", 9 ], [ "W", 8 ], [ "W", 9 ], [ "R", 8 ], [ "R", 10 ], [ "R", 8 ], [ "R", 9 ], [ "R", 10 ], [ "R", 9 ], [ "R", 10 ], [ "W", 7 ], [ "W", 9 ], [ "R", 9 ], [ "R", 7 ], [ "W", 9 ], [ "W", 7 ], [ "R", 9 ], [ "R", 7 ], [ "W", 9 ], [ "W", 7 ], [ "W", 7 ], [ "W", 10 ], [ "R", 10 ], [ "R", 7 ], [ "W", 10 ], [ "W", 7 ], [ "W", 7 ], [ "W", 9 ], [ "R", 9 ], [ "R", 9 ], [ "R", 8 ], [ "R", 8 ], [ "R", 9 ], [ "R", 8 ], [ "R", 8 ], [ "R", 9 ], [ "R", 8 ], [ "R", 8 ], [ "R", 9 ], [ "R", 9 ], [ "R", 8 ], [ "R", 8 ], [ "R", 9 ], [ "R", 8 ], [ "R", 8 ], [ "R", 9 ], [ "R", 8 ], [ "R", 8 ], [ "R", 9 ], [ "R", 8 ], [ "R", 8 ], [ "R", 9 ], [ "R", 8 ], [ "R", 8 ], [ "R", 9 ], [ "R", 8 ], [ "R", 8 ], [ "R", 9 ], [ "R", 8 ], [ "R", 8 ], [ "R", 9 ], [ "R", 8 ], [ "R", 8 ], [ "R", 9 ], [ "R", 8 ], [ "R", 8 ], [ "R", 9 ], [ "R", 7 ], [ "W", 9 ], [ "W", 7 ], [ "R", 9 ], [ "R", 7 ], [ "R", 9 ], [ "R", 7 ], [ "W", 9 ], [ "W", 7 ], [ "R", 9 ], [ "R", 7 ], [ "R", 8 ] ]
    } ]
  },
  "AssessmentController.assessmentSetStatus" : {
    "t" : [ {
      "id" : 0,
      "a" : [ [ "R", 1 ], [ "W", 1 ] ]
    } ]
  },
  "AdministrationController.getCourseExecutions" : {
    "t" : [ {
      "id" : 0,
      "a" : [ [ "R", 13 ], [ "R", 3 ] ]
    } ]
  },
  "AssessmentController.removeAssessment" : {
    "t" : [ {
      "id" : 0,
      "a" : [ [ "R", 1 ], [ "R", 1 ], [ "R", 12 ], [ "R", 1 ], [ "R", 12 ], [ "W", 1 ], [ "W", 12 ], [ "W", 1 ] ]
    } ]
  },
  "TopicController.createTopic" : {
    "t" : [ {
      "id" : 0,
      "a" : [ [ "R", 2 ], [ "R", 2 ], [ "R", 11 ], [ "R", 2 ], [ "W", 11 ], [ "W", 11 ], [ "W", 2 ], [ "R", 2 ], [ "R", 11 ], [ "W", 2 ], [ "W", 11 ], [ "W", 11 ], [ "R", 11 ], [ "R", 11 ], [ "R", 11 ], [ "R", 6 ], [ "R", 11 ], [ "R", 6 ] ]
    } ]
  },
  "StatementController.concludeQuiz" : {
    "t" : [ {
      "id" : 0,
      "a" : [ [ "R", 13 ], [ "R", 13 ], [ "R", 13 ], [ "R", 9 ], [ "R", 9 ], [ "R", 8 ], [ "R", 8 ], [ "R", 9 ], [ "R", 8 ], [ "R", 8 ], [ "R", 9 ], [ "R", 8 ], [ "R", 8 ], [ "R", 9 ], [ "W", 9 ], [ "W", 9 ], [ "R", 9 ], [ "R", 8 ], [ "R", 8 ], [ "R", 9 ], [ "R", 8 ], [ "R", 8 ], [ "R", 9 ], [ "R", 8 ], [ "R", 8 ], [ "R", 9 ], [ "R", 7 ], [ "W", 9 ], [ "W", 7 ], [ "R", 9 ], [ "R", 7 ] ]
    } ]
  },
  "QuizController.exportQuiz" : {
    "t" : [ {
      "id" : 0,
      "a" : [ [ "R", 8 ], [ "R", 8 ], [ "R", 2 ], [ "R", 8 ], [ "R", 3 ], [ "R", 3 ], [ "R", 8 ], [ "R", 3 ], [ "R", 3 ], [ "R", 8 ], [ "R", 3 ], [ "R", 3 ], [ "R", 8 ], [ "R", 8 ], [ "R", 8 ], [ "R", 8 ], [ "R", 8 ], [ "R", 8 ], [ "R", 8 ], [ "R", 8 ], [ "R", 8 ], [ "R", 8 ], [ "R", 8 ], [ "R", 8 ], [ "R", 8 ], [ "R", 8 ], [ "R", 8 ], [ "R", 8 ], [ "R", 8 ], [ "R", 10 ], [ "R", 10 ], [ "R", 10 ], [ "R", 6 ], [ "R", 6 ], [ "R", 6 ], [ "R", 2 ], [ "R", 2 ], [ "R", 6 ], [ "R", 6 ], [ "R", 6 ], [ "R", 2 ], [ "R", 2 ], [ "R", 6 ], [ "R", 6 ], [ "W", 6 ], [ "R", 6 ], [ "R", 8 ], [ "R", 10 ], [ "R", 8 ], [ "R", 10 ], [ "R", 8 ], [ "R", 10 ], [ "R", 8 ], [ "R", 10 ], [ "R", 8 ], [ "R", 9 ], [ "R", 9 ], [ "R", 13 ], [ "R", 9 ], [ "R", 7 ], [ "W", 9 ], [ "W", 7 ], [ "R", 9 ], [ "R", 7 ], [ "R", 7 ], [ "R", 10 ], [ "R", 10 ], [ "R", 8 ], [ "R", 10 ] ]
    } ]
  }
}