{
  "PostMvcController.showSchedulePostForm" : {
    "t" : [ {
      "id" : 0,
      "a" : [ [ "R", 8 ], [ "R", 8 ] ]
    } ]
  },
  "UserPreferenceController.getCurrentUserPreference" : {
    "t" : [ {
      "id" : 0,
      "a" : [ [ "R", 8 ], [ "R", 4 ] ]
    } ]
  },
  "RoleQueryController.getRolesList" : {
    "t" : [ {
      "id" : 0,
      "a" : [ [ "R", 6 ] ]
    } ]
  },
  "MyFeedCommandController.deleteFeed" : {
    "t" : [ {
      "id" : 0,
      "a" : [ [ "W", 1 ] ]
    } ]
  },
  "RedditMvcController.showSubmissionForm" : {
    "t" : [ {
      "id" : 0,
      "a" : [ [ "R", 8 ], [ "R", 8 ] ]
    } ]
  },
  "UserCommandController.changeUserPassword" : {
    "t" : [ {
      "id" : 0,
      "a" : [ [ "W", 8 ], [ "W", 8 ] ]
    } ]
  },
  "MyFeedCommandController.addFeed" : {
    "t" : [ {
      "id" : 0,
      "a" : [ [ "R", 1 ], [ "W", 1 ], [ "W", 8 ], [ "R", 1 ], [ "R", 1 ], [ "R", 1 ], [ "R", 1 ], [ "R", 1 ], [ "R", 8 ], [ "W", 1 ] ]
    } ]
  },
  "MyFeedQueryController.getFeedArticles" : {
    "t" : [ {
      "id" : 0,
      "a" : [ [ "R", 1 ], [ "R", 1 ] ]
    } ]
  },
  "RedditController.isAccessTokenValid" : {
    "t" : [ {
      "id" : 0,
      "a" : [ [ "R", 8 ], [ "W", 8 ], [ "W", 8 ], [ "W", 8 ], [ "W", 8 ] ]
    } ]
  },
  "ScheduledPostQueryController.countAvailablePostsToSchedule" : {
    "t" : [ {
      "id" : 0,
      "a" : [ [ "R", 3 ] ]
    } ]
  },
  "UserCommandController.triggerResetPassword" : {
    "t" : [ {
      "id" : 0,
      "a" : [ [ "R", 4 ], [ "R", 8 ], [ "W", 2 ], [ "W", 2 ], [ "W", 8 ], [ "W", 2 ], [ "R", 2 ], [ "W", 2 ], [ "R", 8 ], [ "R", 8 ], [ "R", 4 ], [ "R", 4 ] ]
    } ]
  },
  "UserCommandController.updateUserPassword" : {
    "t" : [ {
      "id" : 0,
      "a" : [ [ "R", 8 ], [ "W", 8 ], [ "W", 8 ] ]
    } ]
  },
  "ScheduledPostQueryController.getScheduledPosts" : {
    "t" : [ {
      "id" : 0,
      "a" : [ [ "R", 3 ], [ "R", 3 ], [ "R", 3 ], [ "R", 8 ], [ "R", 4 ], [ "R", 4 ], [ "R", 3 ], [ "R", 7 ], [ "R", 3 ], [ "R", 7 ], [ "R", 7 ], [ "R", 7 ], [ "R", 3 ], [ "R", 7 ], [ "R", 8 ], [ "R", 4 ], [ "R", 4 ], [ "R", 7 ], [ "R", 7 ], [ "R", 7 ], [ "R", 3 ], [ "R", 3 ], [ "R", 3 ], [ "R", 3 ], [ "R", 3 ] ]
    } ]
  },
  "UserQueryController.getUsersList" : {
    "t" : [ {
      "id" : 0,
      "a" : [ [ "R", 8 ], [ "R", 8 ], [ "R", 3 ], [ "R", 8 ], [ "R", 3 ] ]
    } ]
  },
  "ScheduledPostCommandController.updatePost" : {
    "t" : [ {
      "id" : 0,
      "a" : [ [ "R", 3 ], [ "R", 8 ], [ "R", 4 ], [ "R", 4 ], [ "W", 3 ], [ "R", 3 ], [ "R", 3 ], [ "R", 3 ], [ "R", 3 ], [ "R", 3 ], [ "R", 3 ], [ "R", 3 ], [ "R", 3 ], [ "R", 3 ], [ "R", 3 ], [ "R", 8 ], [ "R", 3 ], [ "R", 3 ], [ "R", 3 ], [ "W", 3 ], [ "R", 3 ], [ "W", 3 ], [ "R", 3 ], [ "W", 3 ], [ "R", 3 ], [ "R", 7 ], [ "W", 3 ], [ "W", 7 ], [ "R", 3 ], [ "R", 8 ], [ "W", 3 ], [ "W", 8 ], [ "W", 3 ] ]
    } ]
  },
  "UserMvcController.resetPassword" : {
    "t" : [ {
      "id" : 0,
      "a" : [ [ "R", 2 ], [ "R", 2 ], [ "R", 8 ], [ "R", 8 ], [ "R", 2 ], [ "R", 2 ], [ "R", 8 ], [ "R", 8 ], [ "R", 6 ], [ "R", 6 ], [ "R", 5 ], [ "R", 5 ] ]
    } ]
  },
  "UserCommandController.updateUser" : {
    "t" : [ {
      "id" : 0,
      "a" : [ [ "R", 8 ], [ "R", 8 ], [ "R", 8 ], [ "R", 8 ], [ "W", 8 ], [ "R", 8 ], [ "R", 6 ], [ "W", 8 ], [ "W", 6 ], [ "W", 8 ] ]
    } ]
  },
  "UserCommandController.register" : {
    "t" : [ {
      "id" : 0,
      "a" : [ [ "R", 8 ], [ "R", 4 ], [ "W", 8 ], [ "W", 8 ], [ "W", 4 ], [ "W", 4 ], [ "W", 4 ], [ "W", 8 ], [ "W", 4 ], [ "R", 6 ], [ "W", 8 ], [ "W", 6 ], [ "W", 8 ], [ "W", 8 ] ]
    } ]
  },
  "ScheduledPostCommandController.schedule" : {
    "t" : [ {
      "id" : 0,
      "a" : [ [ "R", 3 ], [ "R", 8 ], [ "R", 4 ], [ "R", 4 ], [ "W", 3 ], [ "R", 3 ], [ "R", 3 ], [ "R", 3 ], [ "R", 3 ], [ "R", 3 ], [ "R", 3 ], [ "R", 3 ], [ "R", 3 ], [ "R", 3 ], [ "W", 3 ], [ "W", 8 ], [ "W", 3 ], [ "R", 3 ], [ "R", 8 ], [ "R", 4 ], [ "R", 4 ] ]
    } ]
  },
  "ScheduledPostQueryController.getPost" : {
    "t" : [ {
      "id" : 0,
      "a" : [ [ "R", 3 ], [ "R", 3 ], [ "R", 8 ], [ "R", 4 ], [ "R", 4 ], [ "R", 3 ], [ "R", 7 ], [ "R", 3 ], [ "R", 7 ], [ "R", 7 ], [ "R", 7 ], [ "R", 3 ], [ "R", 7 ], [ "R", 8 ], [ "R", 4 ], [ "R", 4 ], [ "R", 7 ], [ "R", 7 ], [ "R", 7 ], [ "R", 3 ], [ "R", 3 ], [ "R", 3 ], [ "R", 3 ], [ "R", 3 ] ]
    } ]
  },
  "RedditMvcController.redditLogin" : {
    "t" : [ {
      "id" : 0,
      "a" : [ [ "W", 8 ], [ "W", 8 ], [ "W", 8 ], [ "W", 8 ], [ "W", 8 ] ]
    } ]
  },
  "ScheduledPostCommandController.deletePost" : {
    "t" : [ {
      "id" : 0,
      "a" : [ [ "W", 3 ] ]
    } ]
  },
  "MyFeedQueryController.getFeedsList" : {
    "t" : [ {
      "id" : 0,
      "a" : [ [ "R", 1 ], [ "R", 1 ] ]
    } ]
  },
  "UserMvcController.confirmRegistration" : {
    "t" : [ {
      "id" : 0,
      "a" : [ [ "R", 9 ], [ "R", 9 ], [ "R", 9 ], [ "R", 8 ], [ "W", 8 ], [ "W", 8 ] ]
    } ]
  },
  "MyFeedCommandController.updateFeed" : {
    "t" : [ {
      "id" : 0,
      "a" : [ [ "R", 1 ], [ "W", 1 ], [ "W", 8 ], [ "R", 1 ], [ "W", 1 ] ]
    } ]
  },
  "UserPreferenceController.update" : {
    "t" : [ {
      "id" : 0,
      "a" : [ [ "R", 4 ], [ "R", 4 ], [ "R", 4 ], [ "W", 4 ], [ "W", 4 ], [ "W", 8 ], [ "W", 4 ] ]
    } ]
  }
}