{
  "Address" : 1,
  "Afflatus" : 2,
  "Areas" : 3,
  "Attentions" : 4,
  "Banner" : 5,
  "Brand" : 6,
  "City" : 7,
  "Collect" : 8,
  "Comment" : 9,
  "Coupon" : 10,
  "Custom" : 11,
  "Custominfo" : 12,
  "Custompackages" : 13,
  "Designers" : 14,
  "Estate" : 15,
  "Feedback" : 16,
  "Gams" : 17,
  "HotWords" : 18,
  "Image" : 19,
  "Journal" : 20,
  "Label" : 21,
  "Letterreply" : 22,
  "Magazine" : 23,
  "MallPic" : 24,
  "Merchants" : 25,
  "Message" : 26,
  "Messageplus" : 27,
  "Modules" : 28,
  "Notices" : 29,
  "Operatis" : 30,
  "Orders" : 31,
  "Ordersinfo" : 32,
  "Packageproducts" : 33,
  "Packages" : 34,
  "Privateletter" : 35,
  "Products" : 36,
  "Producttype" : 37,
  "Proimage" : 38,
  "Propertyinfo" : 39,
  "Propertys" : 40,
  "Province" : 41,
  "RecordCount" : 42,
  "Replys" : 43,
  "Report" : 44,
  "Reserve" : 45,
  "Rolemodules" : 46,
  "Roles" : 47,
  "ShareRecord" : 48,
  "Shopcar" : 49,
  "Singlepage" : 50,
  "Spikes" : 51,
  "Styles" : 52,
  "Sysusers" : 53,
  "Usercoupon" : 54,
  "Users" : 55,
  "Usersother" : 56,
  "Versions" : 57,
  "Virtuals" : 58,
  "Vrcustom" : 59,
  "Vrtype" : 60,
  "Works" : 61
}