{
  "1" : "ClassTimeBlock",
  "2" : "ClassTimeBlockTemplate",
  "3" : "Course",
  "4" : "District",
  "5" : "DistrictAdmin",
  "6" : "DistrictEvent",
  "7" : "GradeLevel",
  "8" : "GradingPeriod",
  "9" : "GradingPeriodTemplate",
  "10" : "Group",
  "11" : "Parent",
  "12" : "PasswordResetToken",
  "13" : "Role",
  "14" : "School",
  "15" : "SchoolAdmin",
  "16" : "SchoolClass",
  "17" : "SchoolEvent",
  "18" : "SchoolRoom",
  "19" : "SchoolYear",
  "20" : "SchoolYearTemplate",
  "21" : "Student",
  "22" : "Subject",
  "23" : "Teacher",
  "24" : "User",
  "25" : "UserEvent",
  "26" : "UserType"
}