{
  "TeamController.getTeams" : {
    "t" : [ {
      "id" : 0,
      "a" : [ [ "R", 43 ] ]
    } ]
  },
  "ServerController.delete" : {
    "t" : [ {
      "id" : 0,
      "a" : [ [ "R", 25 ], [ "W", 25 ], [ "R", 25 ] ]
    } ]
  },
  "StackController.update" : {
    "t" : [ {
      "id" : 0,
      "a" : [ [ "R", 39 ], [ "W", 39 ], [ "R", 39 ], [ "R", 17 ], [ "R", 39 ], [ "R", 41 ], [ "R", 41 ], [ "R", 17 ], [ "R", 41 ], [ "R", 17 ] ]
    } ]
  },
  "ServiceController.getNewService" : {
    "t" : [ {
      "id" : 0,
      "a" : [ [ "R", 27 ] ]
    } ]
  },
  "ContainerController.getNew" : {
    "t" : [ {
      "id" : 0,
      "a" : [ [ "R", 12 ] ]
    } ]
  },
  "ApplicationController.getApplication" : {
    "t" : [ {
      "id" : 0,
      "a" : [ [ "R", 1 ], [ "R", 1 ], [ "R", 1 ], [ "R", 7 ], [ "R", 1 ], [ "R", 7 ], [ "R", 39 ], [ "R", 1 ], [ "R", 7 ], [ "W", 7 ], [ "R", 1 ], [ "R", 7 ], [ "R", 7 ], [ "R", 1 ], [ "R", 3 ], [ "R", 39 ], [ "R", 41 ], [ "R", 41 ], [ "R", 17 ], [ "R", 3 ], [ "R", 17 ], [ "R", 3 ], [ "R", 17 ], [ "R", 39 ], [ "R", 41 ], [ "R", 41 ], [ "R", 17 ] ]
    } ]
  },
  "UserStackController.getStackApplication" : {
    "t" : [ {
      "id" : 0,
      "a" : [ [ "R", 39 ], [ "R", 39 ], [ "R", 1 ], [ "R", 39 ], [ "R", 7 ], [ "R", 1 ], [ "R", 28 ] ]
    } ]
  },
  "ArtifactTypeController.associateDependencyType" : {
    "t" : [ {
      "id" : 0,
      "a" : [ [ "R", 10 ], [ "R", 15 ], [ "W", 9 ], [ "W", 10 ], [ "W", 9 ], [ "W", 15 ], [ "R", 10 ], [ "R", 9 ], [ "W", 10 ], [ "W", 9 ], [ "W", 10 ], [ "R", 15 ], [ "R", 10 ], [ "R", 9 ], [ "R", 9 ], [ "R", 15 ], [ "R", 9 ], [ "R", 15 ], [ "R", 10 ] ]
    } ]
  },
  "ArtifactTypeController.getTeamDetail" : {
    "t" : [ {
      "id" : 0,
      "a" : [ [ "R", 10 ], [ "R", 15 ], [ "R", 10 ], [ "R", 9 ], [ "R", 9 ], [ "R", 15 ], [ "R", 9 ], [ "R", 15 ], [ "R", 10 ] ]
    } ]
  },
  "ApplicationController.getForm" : {
    "t" : [ {
      "id" : 0,
      "a" : [ [ "R", 1 ] ]
    } ]
  },
  "ServerController.updateServer" : {
    "t" : [ {
      "id" : 0,
      "a" : [ [ "W", 25 ], [ "R", 25 ] ]
    } ]
  },
  "DependencyTypeController.delete" : {
    "t" : [ {
      "id" : 0,
      "a" : [ [ "R", 15 ], [ "W", 15 ], [ "R", 15 ] ]
    } ]
  },
  "TeamController.updateTeam" : {
    "t" : [ {
      "id" : 0,
      "a" : [ [ "R", 43 ], [ "W", 43 ], [ "R", 1 ], [ "R", 43 ], [ "R", 5 ], [ "R", 5 ], [ "R", 5 ], [ "R", 39 ], [ "R", 43 ], [ "R", 42 ], [ "R", 42 ], [ "R", 42 ], [ "R", 43 ] ]
    } ]
  },
  "CategoryController.update" : {
    "t" : [ {
      "id" : 0,
      "a" : [ [ "R", 11 ], [ "W", 11 ], [ "W", 11 ], [ "R", 11 ], [ "W", 11 ], [ "W", 11 ], [ "W", 11 ], [ "R", 11 ], [ "R", 11 ], [ "W", 11 ], [ "W", 11 ], [ "R", 11 ], [ "W", 11 ], [ "W", 11 ], [ "W", 11 ], [ "R", 11 ] ]
    } ]
  },
  "ContainerController.getAllContainers" : {
    "t" : [ {
      "id" : 0,
      "a" : [ [ "R", 12 ] ]
    } ]
  },
  "ArtifactTypeController.updateTeam" : {
    "t" : [ {
      "id" : 0,
      "a" : [ [ "R", 10 ], [ "R", 10 ], [ "W", 10 ], [ "R", 10 ], [ "R", 10 ], [ "R", 10 ], [ "W", 10 ], [ "W", 10 ], [ "R", 15 ], [ "R", 10 ], [ "R", 9 ], [ "R", 9 ], [ "R", 15 ], [ "R", 9 ], [ "R", 15 ], [ "R", 10 ] ]
    } ]
  },
  "ServiceVersionController.getServiceVersion" : {
    "t" : [ {
      "id" : 0,
      "a" : [ [ "R", 27 ], [ "R", 27 ], [ "R", 38 ], [ "R", 27 ], [ "R", 38 ], [ "R", 27 ], [ "R", 27 ], [ "R", 38 ], [ "R", 27 ], [ "R", 38 ], [ "R", 27 ], [ "R", 38 ], [ "R", 27 ], [ "R", 38 ], [ "R", 27 ], [ "R", 38 ], [ "R", 38 ], [ "R", 38 ], [ "R", 27 ], [ "R", 27 ] ]
    } ]
  },
  "StackController.getNew" : {
    "t" : [ {
      "id" : 0,
      "a" : [ [ "R", 39 ] ]
    } ]
  },
  "ApplicationVersionController.saveApplicationVersion" : {
    "t" : [ {
      "id" : 0,
      "a" : [ [ "R", 1 ], [ "R", 1 ], [ "W", 8 ], [ "W", 8 ], [ "R", 1 ], [ "R", 8 ], [ "W", 1 ], [ "W", 8 ], [ "R", 1 ], [ "R", 1 ], [ "R", 8 ], [ "R", 1 ], [ "R", 8 ], [ "R", 1 ], [ "R", 8 ], [ "R", 1 ], [ "R", 8 ], [ "R", 1 ], [ "R", 8 ], [ "R", 8 ], [ "R", 8 ], [ "R", 1 ], [ "R", 1 ] ]
    } ]
  },
  "MemberController.saveTeamAssociation" : {
    "t" : [ {
      "id" : 0,
      "a" : [ [ "R", 23 ], [ "R", 43 ], [ "R", 23 ], [ "R", 44 ], [ "W", 44 ], [ "W", 23 ], [ "W", 44 ], [ "W", 23 ], [ "R", 23 ], [ "R", 43 ], [ "R", 23 ], [ "R", 23 ], [ "R", 44 ], [ "R", 44 ], [ "R", 44 ], [ "R", 44 ] ]
    } ]
  },
  "ServiceApplicationController.updateServiceApplication" : {
    "t" : [ {
      "id" : 0,
      "a" : [ [ "R", 27 ], [ "R", 27 ], [ "R", 27 ], [ "R", 1 ], [ "W", 28 ], [ "W", 28 ], [ "R", 27 ], [ "R", 28 ], [ "W", 28 ], [ "W", 27 ], [ "W", 28 ], [ "R", 1 ], [ "R", 28 ], [ "W", 28 ], [ "W", 1 ], [ "W", 28 ], [ "R", 27 ], [ "R", 28 ], [ "R", 27 ], [ "R", 28 ], [ "R", 27 ], [ "R", 28 ], [ "R", 27 ], [ "R", 28 ], [ "R", 27 ], [ "R", 28 ], [ "R", 1 ], [ "R", 28 ], [ "R", 28 ] ]
    } ]
  },
  "TeamController.getForm" : {
    "t" : [ {
      "id" : 0,
      "a" : [ [ "R", 43 ] ]
    } ]
  },
  "ServiceVersionController.updateServiceVersion" : {
    "t" : [ {
      "id" : 0,
      "a" : [ [ "R", 27 ], [ "R", 27 ], [ "R", 27 ], [ "R", 27 ], [ "W", 38 ], [ "R", 27 ], [ "R", 38 ], [ "W", 27 ], [ "W", 38 ], [ "W", 27 ], [ "R", 27 ], [ "R", 27 ], [ "R", 38 ], [ "R", 27 ], [ "R", 38 ], [ "R", 27 ], [ "R", 38 ], [ "R", 27 ], [ "R", 38 ], [ "R", 27 ], [ "R", 38 ], [ "R", 38 ], [ "R", 38 ], [ "R", 27 ], [ "R", 27 ] ]
    } ]
  },
  "ServiceEnvironmentController.getServiceProxy" : {
    "t" : [ {
      "id" : 0,
      "a" : [ [ "R", 27 ], [ "R", 17 ], [ "R", 27 ], [ "R", 32 ], [ "R", 32 ], [ "R", 17 ], [ "R", 27 ] ]
    } ]
  },
  "ApplicationController.setActiveApplication" : {
    "t" : [ {
      "id" : 0,
      "a" : [ [ "R", 1 ], [ "R", 1 ], [ "R", 1 ], [ "R", 28 ], [ "R", 28 ], [ "R", 28 ], [ "W", 27 ], [ "W", 1 ], [ "W", 1 ], [ "R", 1 ], [ "R", 7 ], [ "R", 1 ], [ "R", 7 ], [ "R", 39 ], [ "R", 1 ], [ "R", 7 ], [ "W", 7 ], [ "R", 1 ], [ "R", 7 ], [ "R", 7 ], [ "R", 1 ], [ "R", 3 ], [ "R", 39 ], [ "R", 41 ], [ "R", 41 ], [ "R", 17 ], [ "R", 3 ], [ "R", 17 ], [ "R", 3 ], [ "R", 17 ], [ "R", 39 ], [ "R", 41 ], [ "R", 41 ], [ "R", 17 ] ]
    } ]
  },
  "ApplicationController.associateEnvironment" : {
    "t" : [ {
      "id" : 0,
      "a" : [ [ "R", 1 ], [ "R", 1 ], [ "R", 39 ], [ "R", 17 ], [ "R", 39 ], [ "R", 17 ], [ "R", 41 ], [ "R", 17 ], [ "R", 39 ], [ "W", 3 ], [ "R", 3 ], [ "R", 17 ], [ "R", 1 ], [ "R", 17 ], [ "W", 3 ], [ "R", 1 ], [ "R", 3 ], [ "W", 1 ], [ "W", 3 ], [ "R", 17 ], [ "R", 3 ], [ "W", 17 ], [ "W", 3 ], [ "R", 1 ], [ "R", 7 ], [ "R", 39 ], [ "R", 1 ], [ "R", 7 ], [ "W", 7 ], [ "R", 1 ], [ "R", 7 ], [ "R", 7 ], [ "R", 1 ], [ "R", 3 ], [ "R", 39 ], [ "R", 41 ], [ "R", 41 ], [ "R", 17 ], [ "R", 3 ], [ "R", 17 ], [ "R", 3 ], [ "R", 17 ], [ "R", 39 ], [ "R", 41 ], [ "R", 41 ], [ "R", 17 ] ]
    } ]
  },
  "DependencyTypeController.getNew" : {
    "t" : [ {
      "id" : 0,
      "a" : [ [ "R", 15 ] ]
    } ]
  },
  "ServiceStackController.getStack" : {
    "t" : [ {
      "id" : 0,
      "a" : [ [ "R", 27 ], [ "R", 27 ], [ "R", 36 ], [ "R", 36 ], [ "R", 39 ], [ "R", 36 ], [ "R", 39 ], [ "R", 41 ], [ "R", 41 ], [ "R", 39 ], [ "R", 41 ], [ "R", 39 ], [ "R", 41 ], [ "R", 41 ], [ "R", 39 ], [ "R", 39 ], [ "R", 27 ], [ "R", 36 ], [ "R", 27 ], [ "R", 36 ], [ "R", 27 ], [ "R", 36 ], [ "R", 36 ], [ "R", 27 ], [ "R", 36 ], [ "W", 27 ], [ "W", 36 ], [ "W", 27 ], [ "R", 27 ], [ "R", 36 ], [ "R", 36 ], [ "R", 17 ], [ "R", 39 ], [ "R", 41 ], [ "R", 41 ], [ "R", 17 ], [ "R", 41 ], [ "R", 39 ], [ "R", 17 ], [ "R", 27 ], [ "R", 32 ], [ "R", 32 ], [ "R", 17 ], [ "R", 32 ], [ "R", 17 ], [ "R", 32 ], [ "R", 17 ] ]
    } ]
  },
  "ServiceController.getServices" : {
    "t" : [ {
      "id" : 0,
      "a" : [ [ "R", 27 ] ]
    } ]
  },
  "ServiceProxyController.removeServiceProxyAssociation" : {
    "t" : [ {
      "id" : 0,
      "a" : [ [ "R", 27 ], [ "R", 27 ], [ "R", 27 ], [ "R", 27 ], [ "R", 27 ], [ "R", 35 ], [ "W", 35 ], [ "W", 27 ], [ "W", 35 ], [ "R", 27 ], [ "R", 27 ], [ "W", 27 ], [ "R", 27 ], [ "R", 27 ], [ "R", 35 ], [ "W", 35 ], [ "R", 27 ], [ "R", 35 ], [ "R", 27 ], [ "R", 27 ], [ "R", 27 ], [ "R", 35 ], [ "R", 35 ], [ "R", 27 ], [ "R", 27 ], [ "W", 27 ], [ "W", 27 ] ]
    } ]
  },
  "TeamController.disassociateStack" : {
    "t" : [ {
      "id" : 0,
      "a" : [ [ "R", 43 ], [ "R", 43 ], [ "R", 43 ], [ "R", 43 ], [ "R", 39 ], [ "R", 43 ], [ "W", 42 ], [ "R", 43 ], [ "R", 43 ], [ "R", 42 ], [ "W", 43 ], [ "W", 42 ], [ "R", 43 ], [ "R", 39 ], [ "R", 42 ], [ "W", 39 ], [ "W", 42 ], [ "W", 43 ], [ "R", 1 ], [ "R", 43 ], [ "R", 5 ], [ "R", 5 ], [ "R", 5 ], [ "R", 39 ], [ "R", 43 ], [ "R", 42 ], [ "R", 42 ], [ "R", 42 ], [ "R", 43 ] ]
    } ]
  },
  "TeamController.delete" : {
    "t" : [ {
      "id" : 0,
      "a" : [ [ "R", 43 ], [ "W", 43 ], [ "R", 43 ], [ "R", 43 ] ]
    } ]
  },
  "ServiceMethodController.updateServiceMethod" : {
    "t" : [ {
      "id" : 0,
      "a" : [ [ "R", 27 ], [ "R", 33 ], [ "R", 33 ], [ "R", 33 ], [ "W", 33 ], [ "W", 33 ], [ "W", 33 ] ]
    } ]
  },
  "ServiceStackController.setServiceStackAssociation" : {
    "t" : [ {
      "id" : 0,
      "a" : [ [ "R", 27 ], [ "R", 39 ], [ "R", 27 ], [ "R", 36 ], [ "R", 27 ], [ "R", 36 ], [ "R", 39 ], [ "R", 41 ], [ "R", 39 ], [ "R", 39 ], [ "R", 27 ], [ "R", 36 ], [ "R", 27 ], [ "R", 36 ], [ "R", 27 ], [ "R", 36 ], [ "W", 36 ], [ "R", 27 ], [ "R", 36 ], [ "W", 27 ], [ "W", 36 ], [ "R", 39 ], [ "R", 36 ], [ "W", 39 ], [ "W", 36 ], [ "W", 36 ], [ "W", 36 ], [ "R", 27 ], [ "R", 36 ], [ "W", 27 ], [ "W", 36 ], [ "R", 39 ], [ "R", 36 ], [ "W", 39 ], [ "W", 36 ], [ "W", 27 ], [ "R", 27 ], [ "R", 36 ], [ "R", 36 ], [ "R", 39 ], [ "R", 36 ], [ "R", 39 ], [ "R", 41 ], [ "R", 41 ], [ "R", 39 ], [ "R", 41 ], [ "R", 39 ], [ "R", 41 ], [ "R", 41 ], [ "R", 39 ], [ "R", 39 ], [ "R", 17 ], [ "R", 39 ], [ "R", 41 ], [ "R", 41 ], [ "R", 17 ], [ "R", 41 ], [ "R", 39 ], [ "R", 17 ], [ "R", 27 ], [ "R", 32 ], [ "R", 32 ], [ "R", 17 ], [ "R", 32 ], [ "R", 17 ], [ "R", 32 ], [ "R", 17 ] ]
    } ]
  },
  "ServiceMethodController.getMethod" : {
    "t" : [ {
      "id" : 0,
      "a" : [ [ "R", 27 ], [ "R", 33 ] ]
    } ]
  },
  "ApplicationController.getAllApplication" : {
    "t" : [ {
      "id" : 0,
      "a" : [ [ "R", 1 ] ]
    } ]
  },
  "ApplicationVersionController.getApplication" : {
    "t" : [ {
      "id" : 0,
      "a" : [ [ "R", 1 ], [ "R", 1 ], [ "R", 8 ], [ "R", 1 ], [ "R", 8 ], [ "R", 1 ], [ "R", 1 ], [ "R", 8 ], [ "R", 1 ], [ "R", 8 ], [ "R", 1 ], [ "R", 8 ], [ "R", 1 ], [ "R", 8 ], [ "R", 1 ], [ "R", 8 ], [ "R", 8 ], [ "R", 8 ], [ "R", 1 ], [ "R", 1 ] ]
    } ]
  },
  "ServiceContainerController.updateMember" : {
    "t" : [ {
      "id" : 0,
      "a" : [ [ "R", 31 ], [ "R", 27 ], [ "R", 31 ], [ "R", 12 ], [ "R", 31 ], [ "R", 27 ], [ "R", 27 ], [ "R", 31 ], [ "R", 12 ], [ "R", 12 ], [ "R", 27 ], [ "R", 31 ], [ "W", 31 ], [ "R", 27 ], [ "R", 31 ], [ "W", 27 ], [ "W", 31 ], [ "R", 12 ], [ "R", 12 ], [ "R", 31 ], [ "W", 12 ], [ "W", 31 ], [ "W", 31 ], [ "W", 31 ], [ "R", 27 ], [ "R", 31 ], [ "W", 27 ], [ "W", 31 ], [ "R", 12 ], [ "R", 12 ], [ "R", 31 ], [ "W", 12 ], [ "W", 31 ], [ "R", 31 ], [ "R", 12 ], [ "R", 27 ], [ "R", 31 ], [ "W", 31 ], [ "R", 27 ], [ "R", 31 ] ]
    } ]
  },
  "UserStackController.getStackServices" : {
    "t" : [ {
      "id" : 0,
      "a" : [ [ "R", 39 ], [ "R", 39 ], [ "R", 39 ], [ "R", 36 ], [ "R", 39 ], [ "R", 36 ], [ "R", 39 ], [ "R", 36 ], [ "R", 39 ], [ "R", 7 ] ]
    } ]
  },
  "UserStackController.getAllStacks" : {
    "t" : [ {
      "id" : 0,
      "a" : [ [ "R", 39 ] ]
    } ]
  },
  "EnvironmentController.getEnvironment" : {
    "t" : [ {
      "id" : 0,
      "a" : [ [ "R", 17 ], [ "R", 17 ] ]
    } ]
  },
  "ServiceEndpointController.getEndpoint" : {
    "t" : [ {
      "id" : 0,
      "a" : [ [ "R", 27 ], [ "R", 39 ], [ "R", 17 ], [ "R", 27 ], [ "R", 32 ], [ "R", 32 ], [ "R", 17 ], [ "R", 17 ], [ "R", 17 ], [ "R", 17 ], [ "R", 17 ], [ "R", 17 ], [ "R", 17 ], [ "R", 17 ], [ "R", 17 ] ]
    } ]
  },
  "ApplicationController.deleteApplication" : {
    "t" : [ {
      "id" : 0,
      "a" : [ [ "R", 1 ], [ "R", 1 ], [ "R", 28 ], [ "W", 28 ], [ "R", 28 ], [ "R", 27 ], [ "R", 29 ], [ "W", 29 ], [ "R", 27 ], [ "R", 30 ], [ "W", 30 ], [ "R", 27 ], [ "R", 31 ], [ "R", 27 ], [ "R", 31 ], [ "W", 27 ], [ "W", 31 ], [ "W", 31 ], [ "R", 27 ], [ "R", 32 ], [ "W", 32 ], [ "R", 27 ], [ "R", 33 ], [ "W", 33 ], [ "R", 27 ], [ "R", 35 ], [ "R", 27 ], [ "R", 35 ], [ "W", 27 ], [ "W", 35 ], [ "R", 27 ], [ "R", 36 ], [ "W", 36 ], [ "R", 27 ], [ "R", 38 ], [ "R", 1 ], [ "R", 3 ], [ "R", 1 ], [ "R", 5 ], [ "R", 1 ], [ "R", 7 ], [ "R", 1 ], [ "R", 8 ], [ "R", 1 ], [ "R", 29 ], [ "R", 1 ], [ "W", 1 ], [ "R", 1 ] ]
    } ]
  },
  "StackController.getStack" : {
    "t" : [ {
      "id" : 0,
      "a" : [ [ "R", 39 ], [ "R", 39 ], [ "R", 17 ], [ "R", 39 ], [ "R", 41 ], [ "R", 41 ], [ "R", 17 ], [ "R", 41 ], [ "R", 17 ], [ "R", 39 ], [ "R", 41 ], [ "R", 41 ], [ "R", 17 ], [ "R", 41 ], [ "R", 17 ] ]
    } ]
  },
  "StackController.disAssociateServer" : {
    "t" : [ {
      "id" : 0,
      "a" : [ [ "R", 39 ], [ "R", 39 ], [ "R", 17 ], [ "R", 17 ], [ "R", 39 ], [ "R", 41 ], [ "R", 41 ], [ "R", 17 ], [ "R", 41 ], [ "R", 17 ], [ "R", 25 ], [ "R", 39 ], [ "R", 17 ], [ "R", 41 ], [ "R", 39 ], [ "R", 17 ], [ "R", 25 ], [ "R", 41 ], [ "R", 39 ], [ "R", 17 ], [ "R", 25 ], [ "R", 41 ], [ "W", 41 ], [ "R", 39 ], [ "R", 41 ], [ "W", 39 ], [ "W", 41 ], [ "R", 17 ], [ "R", 41 ], [ "W", 17 ], [ "W", 41 ], [ "R", 25 ], [ "R", 41 ], [ "W", 25 ], [ "W", 41 ], [ "W", 41 ], [ "W", 41 ], [ "W", 25 ], [ "W", 41 ], [ "R", 39 ], [ "R", 41 ], [ "R", 41 ], [ "R", 17 ], [ "R", 41 ], [ "R", 17 ], [ "R", 25 ], [ "R", 17 ], [ "R", 41 ], [ "R", 41 ], [ "R", 25 ], [ "R", 41 ], [ "R", 25 ] ]
    } ]
  },
  "EnvironmentController.getForm" : {
    "t" : [ {
      "id" : 0,
      "a" : [ [ "R", 17 ] ]
    } ]
  },
  "StackController.delete" : {
    "t" : [ {
      "id" : 0,
      "a" : [ [ "R", 39 ], [ "W", 39 ], [ "R", 39 ] ]
    } ]
  },
  "ServiceEnvironmentController.updateMember" : {
    "t" : [ {
      "id" : 0,
      "a" : [ [ "R", 27 ], [ "R", 27 ], [ "R", 32 ], [ "W", 27 ], [ "W", 32 ], [ "W", 27 ], [ "R", 17 ], [ "R", 27 ], [ "R", 17 ], [ "W", 32 ], [ "W", 17 ], [ "W", 32 ], [ "W", 27 ], [ "R", 27 ], [ "R", 32 ], [ "W", 27 ], [ "W", 32 ], [ "R", 17 ], [ "R", 32 ], [ "W", 17 ], [ "W", 32 ], [ "W", 27 ], [ "R", 27 ], [ "R", 27 ], [ "R", 17 ], [ "R", 27 ], [ "R", 32 ], [ "R", 32 ], [ "R", 17 ], [ "R", 27 ] ]
    } ]
  },
  "ServiceApplicationController.getServiceApplication" : {
    "t" : [ {
      "id" : 0,
      "a" : [ [ "R", 27 ], [ "R", 27 ], [ "R", 28 ], [ "R", 27 ], [ "R", 28 ], [ "R", 27 ], [ "R", 28 ], [ "R", 27 ], [ "R", 28 ], [ "R", 27 ], [ "R", 28 ], [ "R", 27 ], [ "R", 28 ], [ "R", 1 ], [ "R", 28 ], [ "R", 28 ] ]
    } ]
  },
  "ApplicationVersionController.removeApplicationVersion" : {
    "t" : [ {
      "id" : 0,
      "a" : [ [ "R", 1 ], [ "R", 1 ], [ "W", 8 ], [ "W", 8 ], [ "R", 1 ], [ "R", 8 ], [ "R", 1 ], [ "R", 8 ], [ "R", 1 ], [ "R", 8 ], [ "W", 1 ], [ "W", 8 ], [ "R", 1 ], [ "R", 8 ], [ "R", 1 ], [ "R", 8 ], [ "R", 1 ], [ "R", 8 ], [ "R", 1 ], [ "R", 8 ], [ "R", 1 ], [ "R", 8 ], [ "W", 8 ], [ "R", 1 ], [ "R", 8 ], [ "W", 1 ], [ "W", 8 ], [ "R", 1 ], [ "R", 1 ], [ "R", 8 ], [ "R", 1 ], [ "R", 8 ], [ "R", 1 ], [ "R", 8 ], [ "R", 1 ], [ "R", 8 ], [ "R", 1 ], [ "R", 8 ], [ "R", 8 ], [ "R", 8 ], [ "R", 1 ], [ "R", 1 ] ]
    } ]
  },
  "ServiceProxyController.getServiceProxy" : {
    "t" : [ {
      "id" : 0,
      "a" : [ [ "R", 27 ], [ "R", 27 ], [ "R", 27 ], [ "R", 35 ], [ "R", 27 ], [ "R", 35 ], [ "R", 27 ], [ "R", 27 ], [ "R", 35 ], [ "W", 35 ], [ "R", 27 ], [ "R", 35 ], [ "R", 27 ], [ "R", 27 ], [ "R", 27 ], [ "R", 35 ], [ "R", 35 ], [ "R", 27 ], [ "R", 27 ], [ "W", 27 ], [ "W", 27 ] ]
    } ]
  },
  "ServiceController.deleteService" : {
    "t" : [ {
      "id" : 0,
      "a" : [ [ "R", 27 ], [ "W", 27 ], [ "R", 27 ], [ "R", 27 ], [ "R", 27 ] ]
    } ]
  },
  "ContainerController.getContainer" : {
    "t" : [ {
      "id" : 0,
      "a" : [ [ "R", 12 ], [ "R", 12 ] ]
    } ]
  },
  "ContainerController.updateMember" : {
    "t" : [ {
      "id" : 0,
      "a" : [ [ "R", 12 ], [ "R", 12 ], [ "R", 12 ], [ "R", 12 ], [ "W", 12 ], [ "R", 12 ], [ "R", 12 ], [ "R", 12 ], [ "R", 12 ], [ "R", 12 ], [ "W", 12 ], [ "R", 12 ] ]
    } ]
  },
  "DependencyTypeController.getDependencyType" : {
    "t" : [ {
      "id" : 0,
      "a" : [ [ "R", 15 ], [ "R", 15 ] ]
    } ]
  },
  "CategoryController.getNewCategory" : {
    "t" : [ {
      "id" : 0,
      "a" : [ [ "R", 11 ] ]
    } ]
  },
  "ApplicationController.updateApplication" : {
    "t" : [ {
      "id" : 0,
      "a" : [ [ "R", 1 ], [ "W", 1 ], [ "R", 1 ], [ "R", 1 ], [ "R", 7 ], [ "R", 1 ], [ "R", 7 ], [ "R", 39 ], [ "R", 1 ], [ "R", 7 ], [ "W", 7 ], [ "R", 1 ], [ "R", 7 ], [ "R", 7 ], [ "R", 1 ], [ "R", 3 ], [ "R", 39 ], [ "R", 41 ], [ "R", 41 ], [ "R", 17 ], [ "R", 3 ], [ "R", 17 ], [ "R", 3 ], [ "R", 17 ], [ "R", 39 ], [ "R", 41 ], [ "R", 41 ], [ "R", 17 ] ]
    } ]
  },
  "TeamController.associateApplication" : {
    "t" : [ {
      "id" : 0,
      "a" : [ [ "R", 43 ], [ "R", 43 ], [ "R", 43 ], [ "R", 43 ], [ "R", 1 ], [ "W", 5 ], [ "R", 43 ], [ "R", 5 ], [ "W", 43 ], [ "W", 5 ], [ "W", 43 ], [ "R", 1 ], [ "R", 43 ], [ "R", 5 ], [ "R", 5 ], [ "R", 5 ], [ "R", 39 ], [ "R", 43 ], [ "R", 42 ], [ "R", 42 ], [ "R", 42 ], [ "R", 43 ] ]
    } ]
  },
  "ServiceController.getService" : {
    "t" : [ {
      "id" : 0,
      "a" : [ [ "R", 27 ], [ "R", 17 ], [ "R", 27 ], [ "R", 27 ], [ "R", 27 ], [ "R", 35 ], [ "R", 27 ], [ "R", 35 ], [ "R", 27 ], [ "R", 12 ], [ "W", 31 ], [ "R", 27 ], [ "R", 31 ], [ "R", 27 ], [ "R", 31 ], [ "R", 27 ], [ "R", 30 ], [ "R", 11 ], [ "R", 30 ], [ "R", 30 ], [ "R", 30 ] ]
    } ]
  },
  "ServiceMethodController.getServiceMethod" : {
    "t" : [ {
      "id" : 0,
      "a" : [ [ "R", 27 ], [ "R", 27 ], [ "R", 33 ] ]
    } ]
  },
  "ApplicationController.disasscoiateEnvironment" : {
    "t" : [ {
      "id" : 0,
      "a" : [ [ "R", 1 ], [ "R", 1 ], [ "R", 17 ], [ "W", 3 ], [ "R", 3 ], [ "R", 1 ], [ "R", 17 ], [ "R", 1 ], [ "R", 17 ], [ "W", 3 ], [ "R", 1 ], [ "R", 3 ], [ "W", 1 ], [ "W", 3 ], [ "R", 17 ], [ "R", 3 ], [ "W", 17 ], [ "W", 3 ], [ "R", 1 ], [ "R", 7 ], [ "R", 39 ], [ "R", 1 ], [ "R", 7 ], [ "W", 7 ], [ "R", 1 ], [ "R", 7 ], [ "R", 7 ], [ "R", 1 ], [ "R", 3 ], [ "R", 39 ], [ "R", 41 ], [ "R", 41 ], [ "R", 17 ], [ "R", 3 ], [ "R", 17 ], [ "R", 3 ], [ "R", 17 ], [ "R", 39 ], [ "R", 41 ], [ "R", 41 ], [ "R", 17 ] ]
    } ]
  },
  "ApplicationController.associateStack" : {
    "t" : [ {
      "id" : 0,
      "a" : [ [ "R", 1 ], [ "R", 1 ], [ "R", 39 ], [ "R", 1 ], [ "R", 7 ], [ "R", 7 ], [ "R", 7 ], [ "R", 7 ], [ "W", 7 ], [ "R", 1 ], [ "R", 7 ], [ "R", 1 ], [ "R", 7 ], [ "R", 1 ], [ "R", 7 ], [ "W", 1 ], [ "W", 7 ], [ "R", 1 ], [ "R", 28 ], [ "R", 28 ], [ "R", 27 ], [ "R", 36 ], [ "W", 36 ], [ "R", 27 ], [ "R", 36 ], [ "W", 27 ], [ "W", 36 ], [ "W", 7 ], [ "W", 7 ], [ "R", 1 ], [ "R", 28 ], [ "R", 28 ], [ "R", 27 ], [ "R", 36 ], [ "W", 36 ], [ "W", 36 ], [ "R", 27 ], [ "R", 36 ], [ "W", 27 ], [ "W", 36 ], [ "R", 39 ], [ "R", 36 ], [ "W", 39 ], [ "W", 36 ], [ "W", 36 ], [ "W", 36 ], [ "W", 36 ], [ "R", 27 ], [ "R", 36 ], [ "W", 27 ], [ "W", 36 ], [ "R", 39 ], [ "R", 36 ], [ "W", 39 ], [ "W", 36 ], [ "R", 36 ], [ "R", 39 ], [ "R", 39 ], [ "R", 39 ], [ "R", 39 ], [ "R", 39 ], [ "R", 39 ], [ "R", 39 ], [ "R", 39 ], [ "R", 36 ], [ "R", 36 ], [ "W", 36 ], [ "R", 36 ], [ "W", 36 ], [ "W", 36 ], [ "R", 1 ], [ "R", 7 ], [ "W", 1 ], [ "W", 7 ], [ "R", 39 ], [ "R", 7 ], [ "W", 39 ], [ "W", 7 ], [ "R", 1 ], [ "R", 7 ], [ "R", 39 ], [ "R", 1 ], [ "R", 7 ], [ "W", 7 ], [ "R", 1 ], [ "R", 7 ], [ "R", 7 ], [ "R", 1 ], [ "R", 3 ], [ "R", 39 ], [ "R", 41 ], [ "R", 41 ], [ "R", 17 ], [ "R", 3 ], [ "R", 17 ], [ "R", 3 ], [ "R", 17 ], [ "R", 39 ], [ "R", 41 ], [ "R", 41 ], [ "R", 17 ] ]
    } ]
  },
  "ServiceEndpointController.updateServiceEndpointUrl" : {
    "t" : [ {
      "id" : 0,
      "a" : [ [ "R", 27 ], [ "R", 39 ], [ "R", 17 ], [ "R", 27 ], [ "R", 32 ], [ "R", 32 ], [ "R", 17 ], [ "R", 17 ], [ "R", 17 ], [ "R", 17 ], [ "R", 17 ], [ "R", 17 ], [ "R", 17 ], [ "R", 17 ], [ "R", 17 ], [ "R", 17 ], [ "R", 32 ], [ "R", 17 ], [ "R", 32 ], [ "R", 17 ], [ "R", 32 ], [ "W", 17 ], [ "W", 32 ], [ "W", 32 ], [ "W", 27 ], [ "R", 17 ], [ "R", 32 ], [ "W", 17 ], [ "W", 32 ] ]
    } ]
  },
  "DependencyTypeController.updateDependencyType" : {
    "t" : [ {
      "id" : 0,
      "a" : [ [ "R", 15 ], [ "R", 15 ], [ "W", 15 ], [ "R", 15 ], [ "R", 15 ], [ "R", 15 ], [ "W", 15 ], [ "W", 15 ], [ "R", 15 ] ]
    } ]
  },
  "ContainerController.delete" : {
    "t" : [ {
      "id" : 0,
      "a" : [ [ "R", 12 ], [ "W", 12 ], [ "R", 12 ] ]
    } ]
  },
  "MemberController.updateMember" : {
    "t" : [ {
      "id" : 0,
      "a" : [ [ "R", 23 ], [ "W", 23 ], [ "R", 23 ], [ "R", 43 ], [ "R", 23 ], [ "R", 23 ], [ "R", 44 ], [ "R", 44 ], [ "R", 44 ], [ "R", 44 ] ]
    } ]
  },
  "ServiceController.update" : {
    "t" : [ {
      "id" : 0,
      "a" : [ [ "W", 27 ], [ "W", 27 ], [ "W", 27 ], [ "W", 27 ], [ "R", 27 ], [ "W", 27 ], [ "W", 27 ], [ "W", 27 ], [ "W", 27 ], [ "W", 27 ], [ "R", 11 ], [ "R", 27 ], [ "R", 11 ], [ "R", 11 ], [ "R", 11 ], [ "R", 11 ], [ "R", 11 ], [ "R", 11 ], [ "R", 27 ], [ "R", 11 ], [ "R", 30 ], [ "R", 27 ], [ "R", 11 ], [ "W", 30 ], [ "R", 27 ], [ "R", 30 ], [ "R", 27 ], [ "R", 30 ], [ "R", 27 ], [ "R", 30 ], [ "W", 27 ], [ "W", 30 ], [ "W", 30 ], [ "R", 27 ], [ "R", 30 ], [ "R", 27 ], [ "R", 30 ], [ "W", 30 ], [ "R", 27 ], [ "R", 30 ], [ "W", 27 ], [ "W", 30 ], [ "R", 11 ], [ "R", 30 ], [ "W", 11 ], [ "W", 30 ], [ "R", 27 ], [ "R", 27 ], [ "R", 27 ], [ "R", 35 ], [ "R", 27 ], [ "R", 35 ], [ "R", 27 ], [ "R", 27 ], [ "R", 30 ], [ "R", 11 ], [ "R", 30 ], [ "R", 30 ], [ "R", 30 ], [ "R", 27 ], [ "R", 31 ], [ "R", 27 ], [ "R", 31 ] ]
    } ]
  },
  "ArtifactTypeController.delete" : {
    "t" : [ {
      "id" : 0,
      "a" : [ [ "R", 10 ], [ "W", 10 ], [ "R", 10 ] ]
    } ]
  },
  "StackController.associateServer" : {
    "t" : [ {
      "id" : 0,
      "a" : [ [ "R", 39 ], [ "R", 39 ], [ "R", 39 ], [ "R", 41 ], [ "R", 41 ], [ "R", 17 ], [ "R", 41 ], [ "R", 17 ], [ "R", 17 ], [ "R", 39 ], [ "R", 41 ], [ "R", 41 ], [ "R", 17 ], [ "R", 41 ], [ "R", 17 ], [ "R", 17 ], [ "R", 17 ], [ "R", 41 ], [ "R", 25 ], [ "R", 39 ], [ "R", 17 ], [ "R", 41 ], [ "R", 41 ], [ "R", 25 ], [ "R", 39 ], [ "R", 41 ], [ "W", 39 ], [ "W", 41 ], [ "R", 17 ], [ "R", 41 ], [ "W", 17 ], [ "W", 41 ], [ "W", 41 ], [ "W", 25 ], [ "W", 41 ], [ "R", 39 ], [ "R", 41 ], [ "W", 39 ], [ "W", 41 ], [ "R", 17 ], [ "R", 41 ], [ "W", 17 ], [ "W", 41 ], [ "R", 25 ], [ "R", 41 ], [ "W", 25 ], [ "W", 41 ], [ "R", 39 ], [ "R", 41 ], [ "R", 39 ], [ "R", 41 ], [ "R", 17 ], [ "R", 41 ], [ "R", 17 ], [ "R", 41 ], [ "R", 25 ], [ "R", 41 ], [ "R", 25 ], [ "R", 41 ], [ "W", 41 ], [ "W", 39 ], [ "W", 41 ], [ "W", 17 ], [ "W", 41 ], [ "W", 25 ], [ "W", 41 ], [ "R", 39 ], [ "R", 41 ], [ "W", 39 ], [ "W", 41 ], [ "R", 17 ], [ "R", 41 ], [ "W", 17 ], [ "W", 41 ], [ "R", 25 ], [ "R", 41 ], [ "W", 25 ], [ "W", 41 ], [ "R", 17 ], [ "R", 41 ], [ "R", 25 ], [ "R", 17 ], [ "R", 41 ], [ "R", 41 ], [ "R", 25 ], [ "R", 41 ], [ "R", 25 ] ]
    } ]
  },
  "ArtifactTypeController.getForm" : {
    "t" : [ {
      "id" : 0,
      "a" : [ [ "R", 10 ] ]
    } ]
  },
  "ServiceStackController.setServiceEnvironmentAssociation" : {
    "t" : [ {
      "id" : 0,
      "a" : [ [ "R", 27 ], [ "R", 39 ], [ "R", 27 ], [ "R", 36 ], [ "R", 36 ], [ "R", 39 ], [ "R", 36 ], [ "R", 39 ], [ "R", 41 ], [ "R", 41 ], [ "R", 39 ], [ "R", 41 ], [ "R", 39 ], [ "R", 41 ], [ "R", 41 ], [ "R", 39 ], [ "R", 39 ], [ "R", 27 ], [ "R", 32 ], [ "R", 32 ], [ "R", 17 ], [ "R", 17 ], [ "R", 32 ], [ "R", 17 ], [ "R", 17 ], [ "R", 32 ], [ "R", 17 ], [ "R", 27 ], [ "R", 32 ], [ "W", 27 ], [ "W", 32 ], [ "R", 17 ], [ "W", 32 ], [ "W", 17 ], [ "W", 32 ], [ "W", 27 ], [ "R", 27 ], [ "R", 32 ], [ "W", 27 ], [ "W", 32 ], [ "R", 17 ], [ "R", 32 ], [ "W", 17 ], [ "W", 32 ], [ "W", 27 ], [ "R", 17 ], [ "R", 39 ], [ "R", 41 ], [ "R", 41 ], [ "R", 17 ], [ "R", 41 ], [ "R", 39 ], [ "R", 17 ], [ "R", 27 ], [ "R", 32 ], [ "R", 32 ], [ "R", 17 ], [ "R", 32 ], [ "R", 17 ], [ "R", 32 ], [ "R", 17 ] ]
    } ]
  },
  "ServiceVersionController.remove" : {
    "t" : [ {
      "id" : 0,
      "a" : [ [ "R", 27 ], [ "R", 27 ], [ "R", 27 ], [ "R", 27 ], [ "W", 38 ], [ "R", 27 ], [ "R", 27 ], [ "R", 27 ], [ "R", 38 ], [ "W", 27 ], [ "W", 38 ], [ "W", 27 ], [ "R", 27 ], [ "R", 27 ], [ "R", 38 ], [ "R", 27 ], [ "R", 38 ], [ "R", 27 ], [ "R", 38 ], [ "R", 27 ], [ "R", 38 ], [ "R", 27 ], [ "R", 38 ], [ "R", 38 ], [ "R", 38 ], [ "R", 27 ], [ "R", 27 ] ]
    } ]
  },
  "ServiceProxyController.updateMember" : {
    "t" : [ {
      "id" : 0,
      "a" : [ [ "R", 27 ], [ "R", 27 ], [ "R", 27 ], [ "R", 27 ], [ "R", 27 ], [ "R", 35 ], [ "W", 35 ], [ "W", 27 ], [ "W", 35 ], [ "W", 27 ], [ "R", 27 ], [ "R", 27 ], [ "R", 27 ], [ "R", 27 ], [ "R", 27 ], [ "R", 35 ], [ "W", 35 ], [ "R", 27 ], [ "R", 35 ], [ "R", 27 ], [ "R", 27 ], [ "R", 27 ], [ "R", 35 ], [ "R", 35 ], [ "R", 27 ], [ "R", 27 ], [ "W", 27 ], [ "W", 27 ] ]
    } ]
  },
  "EnvironmentController.update" : {
    "t" : [ {
      "id" : 0,
      "a" : [ [ "R", 17 ], [ "R", 17 ], [ "R", 17 ], [ "R", 17 ], [ "R", 17 ], [ "R", 17 ], [ "W", 17 ], [ "R", 17 ], [ "W", 17 ], [ "W", 17 ], [ "R", 17 ], [ "R", 17 ], [ "R", 17 ], [ "W", 17 ], [ "R", 17 ], [ "W", 17 ], [ "R", 17 ], [ "W", 17 ], [ "W", 17 ], [ "R", 17 ] ]
    } ]
  },
  "ServiceMethodController.saveServiceMethodRequest" : {
    "t" : [ {
      "id" : 0,
      "a" : [ [ "R", 27 ], [ "R", 33 ], [ "W", 34 ], [ "W", 34 ], [ "W", 33 ], [ "R", 34 ], [ "R", 33 ], [ "W", 33 ], [ "W", 34 ], [ "W", 34 ], [ "W", 33 ], [ "W", 34 ], [ "R", 34 ], [ "W", 34 ], [ "R", 34 ], [ "W", 34 ] ]
    } ]
  },
  "ServiceContainerController.getServiceContainer" : {
    "t" : [ {
      "id" : 0,
      "a" : [ [ "R", 27 ], [ "R", 27 ], [ "R", 31 ], [ "R", 27 ], [ "R", 31 ], [ "R", 27 ], [ "R", 27 ], [ "R", 31 ], [ "R", 27 ], [ "R", 31 ], [ "R", 27 ], [ "R", 31 ], [ "R", 27 ], [ "R", 31 ], [ "R", 27 ], [ "R", 31 ], [ "R", 27 ], [ "R", 31 ], [ "W", 31 ], [ "R", 31 ], [ "R", 27 ], [ "R", 35 ], [ "R", 27 ], [ "R", 35 ], [ "R", 12 ], [ "R", 27 ], [ "R", 31 ], [ "W", 31 ], [ "R", 27 ], [ "R", 31 ] ]
    } ]
  },
  "TeamController.associateStack" : {
    "t" : [ {
      "id" : 0,
      "a" : [ [ "R", 43 ], [ "R", 43 ], [ "R", 43 ], [ "R", 43 ], [ "R", 39 ], [ "R", 43 ], [ "W", 42 ], [ "R", 43 ], [ "R", 43 ], [ "R", 42 ], [ "W", 43 ], [ "W", 42 ], [ "R", 43 ], [ "R", 39 ], [ "R", 42 ], [ "W", 39 ], [ "W", 42 ], [ "W", 43 ], [ "R", 1 ], [ "R", 43 ], [ "R", 5 ], [ "R", 5 ], [ "R", 5 ], [ "R", 39 ], [ "R", 43 ], [ "R", 42 ], [ "R", 42 ], [ "R", 42 ], [ "R", 43 ] ]
    } ]
  },
  "ServerController.getAllServers" : {
    "t" : [ {
      "id" : 0,
      "a" : [ [ "R", 25 ] ]
    } ]
  },
  "StackController.getEnvironmentFromStack" : {
    "t" : [ {
      "id" : 0,
      "a" : [ [ "R", 39 ], [ "R", 39 ], [ "R", 17 ], [ "R", 39 ], [ "R", 41 ], [ "R", 41 ], [ "R", 17 ], [ "R", 41 ], [ "R", 17 ], [ "R", 17 ], [ "R", 39 ], [ "R", 41 ], [ "R", 41 ], [ "R", 17 ], [ "R", 41 ], [ "R", 17 ], [ "R", 17 ], [ "R", 41 ], [ "R", 17 ], [ "R", 41 ], [ "R", 25 ], [ "R", 17 ], [ "R", 41 ], [ "R", 41 ], [ "R", 25 ], [ "R", 41 ], [ "R", 25 ] ]
    } ]
  },
  "StackController.disassociateEnvironment" : {
    "t" : [ {
      "id" : 0,
      "a" : [ [ "R", 39 ], [ "R", 39 ], [ "R", 17 ], [ "R", 39 ], [ "R", 17 ], [ "R", 41 ], [ "R", 39 ], [ "R", 40 ], [ "W", 40 ], [ "W", 39 ], [ "W", 40 ], [ "R", 39 ], [ "R", 17 ], [ "R", 41 ], [ "W", 41 ], [ "R", 39 ], [ "R", 41 ], [ "W", 39 ], [ "W", 41 ], [ "R", 17 ], [ "R", 39 ], [ "R", 41 ], [ "R", 41 ], [ "R", 17 ], [ "R", 41 ], [ "R", 17 ], [ "R", 39 ], [ "R", 41 ], [ "R", 41 ], [ "R", 17 ], [ "R", 41 ], [ "R", 17 ] ]
    } ]
  },
  "ServerController.getServerDetail" : {
    "t" : [ {
      "id" : 0,
      "a" : [ [ "R", 25 ], [ "R", 25 ] ]
    } ]
  },
  "ArtifactTypeController.getMembers" : {
    "t" : [ {
      "id" : 0,
      "a" : [ [ "R", 10 ] ]
    } ]
  },
  "EnvironmentController.getAll" : {
    "t" : [ {
      "id" : 0,
      "a" : [ [ "R", 17 ] ]
    } ]
  },
  "ServiceMethodController.addServiceMethod" : {
    "t" : [ {
      "id" : 0,
      "a" : [ [ "R", 27 ], [ "W", 33 ], [ "W", 33 ], [ "W", 27 ], [ "W", 33 ], [ "R", 27 ], [ "R", 33 ], [ "W", 27 ], [ "W", 33 ] ]
    } ]
  },
  "TeamController.getTeamDetail" : {
    "t" : [ {
      "id" : 0,
      "a" : [ [ "R", 43 ], [ "R", 43 ], [ "R", 1 ], [ "R", 43 ], [ "R", 5 ], [ "R", 5 ], [ "R", 5 ], [ "R", 39 ], [ "R", 43 ], [ "R", 42 ], [ "R", 42 ], [ "R", 42 ] ]
    } ]
  },
  "StackController.getAllStacks" : {
    "t" : [ {
      "id" : 0,
      "a" : [ [ "R", 39 ] ]
    } ]
  },
  "ArtifactTypeController.removeDependencyTypeAssociation" : {
    "t" : [ {
      "id" : 0,
      "a" : [ [ "R", 10 ], [ "R", 15 ], [ "R", 10 ], [ "R", 9 ], [ "R", 9 ], [ "R", 15 ], [ "R", 9 ], [ "R", 15 ], [ "R", 10 ], [ "R", 15 ], [ "R", 10 ], [ "W", 9 ], [ "W", 10 ], [ "W", 9 ], [ "W", 15 ], [ "R", 10 ], [ "R", 9 ], [ "W", 10 ], [ "W", 9 ], [ "W", 10 ], [ "R", 15 ], [ "R", 10 ], [ "R", 9 ], [ "R", 9 ], [ "R", 15 ], [ "R", 9 ], [ "R", 15 ], [ "R", 10 ] ]
    } ]
  },
  "DependencyTypeController.getDependencies" : {
    "t" : [ {
      "id" : 0,
      "a" : [ [ "R", 15 ] ]
    } ]
  },
  "MemberController.getForm" : {
    "t" : [ {
      "id" : 0,
      "a" : [ [ "R", 23 ] ]
    } ]
  },
  "TeamController.removeApplicationAssociation" : {
    "t" : [ {
      "id" : 0,
      "a" : [ [ "R", 43 ], [ "R", 43 ], [ "R", 43 ], [ "R", 43 ], [ "R", 1 ], [ "W", 5 ], [ "R", 43 ], [ "R", 5 ], [ "W", 43 ], [ "W", 5 ], [ "W", 43 ], [ "R", 1 ], [ "R", 43 ], [ "R", 5 ], [ "R", 5 ], [ "R", 5 ], [ "R", 39 ], [ "R", 43 ], [ "R", 42 ], [ "R", 42 ], [ "R", 42 ], [ "R", 43 ] ]
    } ]
  },
  "CategoryController.delete" : {
    "t" : [ {
      "id" : 0,
      "a" : [ [ "R", 11 ], [ "W", 11 ], [ "R", 11 ] ]
    } ]
  },
  "ServerController.getNew" : {
    "t" : [ {
      "id" : 0,
      "a" : [ [ "R", 25 ] ]
    } ]
  },
  "ServiceCatalogueController.printWelcome" : {
    "t" : [ {
      "id" : 0,
      "a" : [ [ "R", 17 ], [ "R", 17 ], [ "R", 27 ] ]
    } ]
  },
  "MemberController.getMemberDetail" : {
    "t" : [ {
      "id" : 0,
      "a" : [ [ "R", 23 ], [ "R", 23 ], [ "R", 43 ], [ "R", 23 ], [ "R", 23 ], [ "R", 44 ], [ "R", 44 ], [ "R", 44 ], [ "R", 44 ] ]
    } ]
  },
  "MemberController.getMembers" : {
    "t" : [ {
      "id" : 0,
      "a" : [ [ "R", 23 ] ]
    } ]
  },
  "MemberController.removeTeamAssociation" : {
    "t" : [ {
      "id" : 0,
      "a" : [ [ "R", 23 ], [ "R", 43 ], [ "R", 23 ], [ "R", 44 ], [ "W", 44 ], [ "W", 23 ], [ "W", 44 ], [ "R", 43 ], [ "R", 44 ], [ "W", 44 ], [ "W", 43 ], [ "W", 44 ], [ "W", 23 ], [ "W", 43 ], [ "R", 43 ], [ "R", 23 ], [ "R", 23 ], [ "R", 23 ], [ "R", 23 ], [ "R", 44 ], [ "R", 23 ], [ "R", 44 ], [ "R", 43 ], [ "R", 43 ], [ "R", 43 ], [ "R", 44 ], [ "R", 43 ], [ "R", 44 ], [ "R", 44 ], [ "R", 44 ], [ "W", 44 ], [ "R", 23 ], [ "R", 44 ], [ "W", 44 ], [ "R", 23 ], [ "R", 44 ], [ "R", 23 ], [ "R", 43 ], [ "R", 23 ], [ "R", 23 ], [ "R", 44 ], [ "R", 44 ], [ "R", 44 ], [ "R", 44 ] ]
    } ]
  },
  "MemberController.delete" : {
    "t" : [ {
      "id" : 0,
      "a" : [ [ "R", 23 ], [ "W", 23 ], [ "R", 23 ], [ "R", 23 ] ]
    } ]
  },
  "EnvironmentController.delete" : {
    "t" : [ {
      "id" : 0,
      "a" : [ [ "R", 17 ], [ "W", 17 ], [ "R", 17 ] ]
    } ]
  },
  "ServiceApplicationController.removeServiceApplicationAssociation" : {
    "t" : [ {
      "id" : 0,
      "a" : [ [ "R", 27 ], [ "R", 27 ], [ "R", 1 ], [ "R", 27 ], [ "R", 28 ], [ "W", 28 ], [ "W", 27 ], [ "W", 28 ], [ "W", 27 ], [ "R", 27 ], [ "R", 28 ], [ "R", 27 ], [ "R", 28 ], [ "R", 27 ], [ "R", 28 ], [ "R", 27 ], [ "R", 28 ], [ "R", 27 ], [ "R", 28 ], [ "R", 1 ], [ "R", 28 ], [ "R", 28 ] ]
    } ]
  },
  "CategoryController.getCategory" : {
    "t" : [ {
      "id" : 0,
      "a" : [ [ "R", 11 ], [ "R", 11 ] ]
    } ]
  },
  "StackController.associateEnvironment" : {
    "t" : [ {
      "id" : 0,
      "a" : [ [ "R", 39 ], [ "R", 39 ], [ "R", 17 ], [ "W", 40 ], [ "R", 39 ], [ "R", 40 ], [ "W", 39 ], [ "W", 40 ], [ "R", 39 ], [ "R", 17 ], [ "R", 41 ], [ "W", 41 ], [ "W", 39 ], [ "W", 41 ], [ "W", 17 ], [ "W", 41 ], [ "W", 25 ], [ "W", 41 ], [ "R", 39 ], [ "R", 41 ], [ "W", 39 ], [ "W", 41 ], [ "R", 17 ], [ "R", 41 ], [ "W", 17 ], [ "W", 41 ], [ "W", 39 ], [ "R", 17 ], [ "R", 39 ], [ "R", 41 ], [ "R", 41 ], [ "R", 17 ], [ "R", 41 ], [ "R", 17 ], [ "R", 39 ], [ "R", 41 ], [ "R", 41 ], [ "R", 17 ], [ "R", 41 ], [ "R", 17 ] ]
    } ]
  },
  "CategoryController.getAll" : {
    "t" : [ {
      "id" : 0,
      "a" : [ [ "R", 11 ] ]
    } ]
  }
}