{
  "1" : "Application",
  "2" : "ApplicationDependency",
  "3" : "ApplicationEnvironment",
  "4" : "ApplicationHost",
  "5" : "ApplicationOwner",
  "6" : "ApplicationPort",
  "7" : "ApplicationStack",
  "8" : "ApplicationVersion",
  "9" : "ArtifactDependencyType",
  "10" : "ArtifactType",
  "11" : "Category",
  "12" : "Container",
  "13" : "DependencyItem",
  "14" : "DependencyOwner",
  "15" : "DependencyType",
  "16" : "DependencyTypeRequiredField",
  "17" : "Environment",
  "18" : "EnvironmentValue",
  "19" : "JmxMonitoring",
  "20" : "JmxMonitoringCheckType",
  "21" : "KeyValueDependency",
  "22" : "MBeanCheckType",
  "23" : "Member",
  "24" : "RequiredField",
  "25" : "Server",
  "26" : "ServerLink",
  "27" : "Service",
  "28" : "ServiceApplication",
  "29" : "ServiceApplicationIdentifier",
  "30" : "ServiceCategory",
  "31" : "ServiceContainer",
  "32" : "ServiceEnvironment",
  "33" : "ServiceMethod",
  "34" : "ServiceMethodRequest",
  "35" : "ServiceProxy",
  "36" : "ServiceStack",
  "37" : "ServiceUptimeHistory",
  "38" : "ServiceVersion",
  "39" : "Stack",
  "40" : "StackEnvironment",
  "41" : "StackEnvironmentServer",
  "42" : "StackOwner",
  "43" : "Team",
  "44" : "TeamMember",
  "45" : "TransportProtocol"
}