{
  "ActorController.unfollow" : {
    "t" : [ {
      "id" : 0,
      "a" : [ [ "R", 1 ], [ "R", 4 ], [ "R", 4 ], [ "R", 1 ], [ "R", 1 ], [ "R", 1 ], [ "R", 15 ], [ "R", 1 ], [ "R", 1 ], [ "W", 1 ], [ "R", 1 ], [ "R", 1 ], [ "W", 1 ], [ "R", 1 ], [ "R", 16 ], [ "R", 4 ] ]
    } ]
  },
  "AdvertisementController.listUser" : {
    "t" : [ {
      "id" : 0,
      "a" : [ [ "R", 4 ], [ "R", 4 ], [ "R", 1 ], [ "R", 1 ], [ "R", 1 ], [ "R", 15 ], [ "R", 1 ], [ "R", 2 ], [ "R", 1 ], [ "R", 2 ], [ "R", 4 ], [ "R", 4 ], [ "R", 1 ], [ "R", 1 ], [ "R", 1 ], [ "R", 15 ] ]
    } ]
  },
  "EventController.view" : {
    "t" : [ {
      "id" : 0,
      "a" : [ [ "R", 16 ], [ "R", 16 ], [ "R", 6 ], [ "R", 4 ], [ "R", 4 ], [ "R", 1 ], [ "R", 1 ], [ "R", 1 ], [ "R", 15 ], [ "R", 16 ] ]
    } ]
  },
  "UserSpaceController.create" : {
    "t" : [ {
      "id" : 0,
      "a" : [ [ "W", 16 ], [ "W", 16 ], [ "W", 16 ], [ "R", 4 ], [ "R", 4 ], [ "R", 1 ], [ "R", 1 ], [ "R", 1 ], [ "R", 15 ], [ "R", 1 ], [ "R", 16 ], [ "R", 8 ] ]
    } ]
  },
  "AdvertisementController.register" : {
    "t" : [ {
      "id" : 0,
      "a" : [ [ "R", 2 ], [ "R", 4 ], [ "R", 4 ], [ "R", 1 ], [ "R", 1 ], [ "R", 1 ], [ "R", 15 ], [ "R", 2 ], [ "R", 1 ], [ "R", 4 ], [ "R", 4 ], [ "R", 1 ], [ "R", 1 ], [ "R", 1 ], [ "R", 15 ], [ "R", 4 ], [ "R", 2 ], [ "R", 1 ], [ "R", 2 ], [ "R", 1 ], [ "R", 2 ], [ "R", 4 ], [ "R", 2 ], [ "R", 2 ], [ "W", 2 ], [ "R", 2 ], [ "W", 2 ], [ "R", 2 ], [ "W", 2 ], [ "R", 2 ], [ "W", 2 ], [ "R", 2 ], [ "W", 2 ], [ "R", 2 ], [ "W", 2 ], [ "R", 2 ], [ "W", 2 ], [ "W", 2 ], [ "R", 1 ], [ "W", 2 ], [ "R", 1 ], [ "R", 2 ], [ "W", 1 ], [ "R", 2 ], [ "R", 1 ], [ "W", 11 ], [ "W", 1 ], [ "W", 11 ], [ "W", 2 ], [ "W", 11 ] ]
    } ]
  },
  "PerfomanceController.saveCreate" : {
    "t" : [ {
      "id" : 0,
      "a" : [ [ "R", 4 ], [ "R", 4 ], [ "R", 1 ], [ "R", 1 ], [ "R", 1 ], [ "R", 15 ], [ "R", 4 ], [ "R", 4 ], [ "R", 1 ], [ "R", 1 ], [ "R", 1 ], [ "R", 15 ], [ "R", 12 ], [ "R", 12 ], [ "R", 4 ], [ "R", 4 ], [ "R", 1 ], [ "R", 1 ], [ "R", 1 ], [ "R", 15 ], [ "R", 4 ], [ "R", 12 ], [ "R", 1 ], [ "R", 16 ], [ "R", 16 ], [ "R", 12 ], [ "R", 4 ], [ "R", 12 ], [ "R", 12 ], [ "W", 12 ], [ "R", 12 ], [ "W", 12 ], [ "R", 12 ], [ "W", 12 ], [ "W", 12 ], [ "W", 12 ], [ "R", 1 ], [ "R", 16 ], [ "R", 16 ], [ "R", 12 ], [ "W", 1 ], [ "R", 1 ], [ "R", 16 ], [ "R", 4 ], [ "R", 4 ], [ "R", 4 ], [ "R", 1 ], [ "R", 1 ], [ "R", 1 ], [ "R", 15 ] ]
    } ]
  },
  "DonationController.edit" : {
    "t" : [ {
      "id" : 0,
      "a" : [ [ "R", 4 ], [ "R", 4 ], [ "R", 1 ], [ "R", 1 ], [ "R", 1 ], [ "R", 15 ], [ "R", 5 ], [ "R", 1 ], [ "R", 16 ], [ "R", 16 ], [ "R", 5 ] ]
    } ]
  },
  "EventController.edit" : {
    "t" : [ {
      "id" : 0,
      "a" : [ [ "R", 4 ], [ "R", 4 ], [ "R", 1 ], [ "R", 1 ], [ "R", 1 ], [ "R", 15 ], [ "R", 6 ], [ "R", 1 ], [ "R", 16 ], [ "R", 16 ], [ "R", 6 ], [ "R", 4 ], [ "R", 4 ], [ "R", 1 ], [ "R", 1 ], [ "R", 1 ], [ "R", 15 ] ]
    } ]
  },
  "PerfomanceController.delete" : {
    "t" : [ {
      "id" : 0,
      "a" : [ [ "R", 4 ], [ "R", 4 ], [ "R", 1 ], [ "R", 1 ], [ "R", 1 ], [ "R", 15 ], [ "R", 12 ], [ "R", 4 ], [ "R", 4 ], [ "R", 1 ], [ "R", 1 ], [ "R", 1 ], [ "R", 15 ], [ "R", 1 ], [ "R", 16 ], [ "R", 16 ], [ "R", 12 ], [ "W", 12 ], [ "R", 1 ], [ "R", 16 ], [ "R", 16 ], [ "R", 12 ], [ "W", 1 ], [ "R", 1 ], [ "R", 16 ], [ "R", 4 ] ]
    } ]
  },
  "UserSpaceController.saveJpg" : {
    "t" : [ {
      "id" : 0,
      "a" : [ [ "R", 4 ], [ "R", 4 ], [ "R", 1 ], [ "R", 1 ], [ "R", 1 ], [ "R", 15 ], [ "R", 1 ], [ "R", 16 ], [ "W", 16 ], [ "W", 16 ] ]
    } ]
  },
  "DonationController.saveCreate" : {
    "t" : [ {
      "id" : 0,
      "a" : [ [ "R", 4 ], [ "R", 4 ], [ "R", 1 ], [ "R", 1 ], [ "R", 1 ], [ "R", 15 ], [ "R", 4 ], [ "R", 5 ], [ "R", 1 ], [ "R", 16 ], [ "R", 16 ], [ "R", 5 ], [ "R", 4 ], [ "R", 5 ], [ "R", 5 ], [ "W", 5 ], [ "R", 5 ], [ "W", 5 ], [ "R", 5 ], [ "W", 5 ], [ "W", 5 ], [ "W", 5 ], [ "R", 1 ], [ "R", 16 ], [ "R", 16 ], [ "R", 5 ], [ "W", 1 ] ]
    } ]
  },
  "UserSpaceController.search" : {
    "t" : [ {
      "id" : 0,
      "a" : [ [ "R", 16 ], [ "R", 16 ], [ "R", 16 ], [ "R", 8 ], [ "R", 16 ], [ "R", 16 ], [ "R", 16 ], [ "R", 8 ], [ "R", 8 ] ]
    } ]
  },
  "PlayListController.create" : {
    "t" : [ {
      "id" : 0,
      "a" : [ [ "W", 13 ], [ "W", 13 ], [ "W", 13 ], [ "W", 14 ] ]
    } ]
  },
  "PerfomanceController.edit" : {
    "t" : [ {
      "id" : 0,
      "a" : [ [ "R", 4 ], [ "R", 4 ], [ "R", 1 ], [ "R", 1 ], [ "R", 1 ], [ "R", 15 ], [ "R", 12 ], [ "R", 1 ], [ "R", 16 ], [ "R", 16 ], [ "R", 12 ], [ "R", 4 ], [ "R", 4 ], [ "R", 1 ], [ "R", 1 ], [ "R", 1 ], [ "R", 15 ] ]
    } ]
  },
  "ActorController.create" : {
    "t" : [ {
      "id" : 0,
      "a" : [ [ "W", 1 ], [ "W", 2 ], [ "W", 1 ], [ "W", 2 ], [ "W", 1 ], [ "W", 7 ], [ "W", 1 ], [ "W", 1 ], [ "W", 1 ], [ "W", 1 ], [ "W", 15 ], [ "W", 15 ], [ "W", 15 ], [ "W", 1 ], [ "W", 15 ] ]
    } ]
  },
  "UserSpaceController.view" : {
    "t" : [ {
      "id" : 0,
      "a" : [ [ "R", 4 ], [ "R", 4 ], [ "R", 1 ], [ "R", 1 ], [ "R", 1 ], [ "R", 15 ], [ "R", 1 ], [ "R", 16 ], [ "R", 1 ], [ "R", 16 ], [ "R", 1 ], [ "R", 16 ], [ "R", 4 ] ]
    } ]
  },
  "EventController.downloadRecipientFileImage" : {
    "t" : [ {
      "id" : 0,
      "a" : [ [ "R", 6 ], [ "R", 6 ], [ "R", 6 ], [ "R", 6 ], [ "R", 6 ] ]
    } ]
  },
  "AdvertisementController.search" : {
    "t" : [ {
      "id" : 0,
      "a" : [ [ "R", 2 ], [ "R", 2 ], [ "R", 2 ] ]
    } ]
  },
  "ActorController.list" : {
    "t" : [ {
      "id" : 0,
      "a" : [ [ "R", 4 ], [ "R", 4 ], [ "R", 1 ], [ "R", 1 ], [ "R", 1 ], [ "R", 15 ], [ "R", 1 ], [ "R", 1 ], [ "R", 1 ], [ "R", 1 ] ]
    } ]
  },
  "UserSpaceController.saveComment" : {
    "t" : [ {
      "id" : 0,
      "a" : [ [ "R", 3 ], [ "R", 3 ], [ "R", 3 ], [ "R", 3 ], [ "R", 16 ], [ "R", 4 ], [ "R", 4 ], [ "R", 1 ], [ "R", 1 ], [ "R", 1 ], [ "R", 15 ], [ "R", 4 ], [ "R", 3 ], [ "R", 3 ], [ "R", 1 ], [ "R", 4 ], [ "R", 4 ], [ "R", 4 ], [ "R", 4 ], [ "R", 3 ], [ "R", 3 ], [ "W", 3 ], [ "R", 3 ], [ "W", 3 ], [ "W", 3 ], [ "W", 3 ], [ "W", 3 ], [ "W", 1 ], [ "W", 3 ], [ "W", 3 ], [ "R", 16 ], [ "R", 3 ], [ "R", 4 ], [ "R", 4 ], [ "R", 1 ], [ "R", 1 ], [ "R", 1 ], [ "R", 15 ], [ "R", 4 ], [ "R", 16 ], [ "R", 4 ], [ "R", 16 ], [ "R", 16 ], [ "W", 16 ], [ "R", 16 ], [ "W", 16 ], [ "R", 16 ], [ "W", 16 ], [ "R", 16 ], [ "W", 16 ], [ "R", 16 ], [ "R", 8 ], [ "W", 16 ], [ "W", 8 ], [ "W", 16 ], [ "W", 16 ], [ "W", 12 ], [ "W", 16 ], [ "W", 5 ], [ "W", 16 ], [ "W", 6 ], [ "W", 16 ], [ "W", 13 ], [ "W", 16 ], [ "W", 1 ], [ "W", 16 ], [ "W", 1 ] ]
    } ]
  },
  "AdvertisementController.save" : {
    "t" : [ {
      "id" : 0,
      "a" : [ [ "R", 2 ], [ "R", 2 ], [ "R", 2 ], [ "R", 2 ], [ "R", 2 ], [ "R", 4 ], [ "R", 4 ], [ "R", 1 ], [ "R", 1 ], [ "R", 1 ], [ "R", 15 ], [ "R", 1 ], [ "R", 4 ], [ "R", 4 ], [ "R", 1 ], [ "R", 1 ], [ "R", 1 ], [ "R", 15 ], [ "R", 4 ], [ "R", 2 ], [ "R", 1 ], [ "R", 2 ], [ "R", 1 ], [ "R", 2 ], [ "R", 4 ], [ "R", 2 ], [ "R", 2 ], [ "W", 2 ], [ "R", 2 ], [ "W", 2 ], [ "R", 2 ], [ "W", 2 ], [ "R", 2 ], [ "W", 2 ], [ "R", 2 ], [ "W", 2 ], [ "R", 2 ], [ "W", 2 ], [ "R", 2 ], [ "W", 2 ], [ "W", 2 ], [ "R", 1 ], [ "W", 2 ], [ "R", 1 ], [ "R", 2 ], [ "W", 1 ] ]
    } ]
  },
  "UserSpaceController.downloadRecipientFileImage" : {
    "t" : [ {
      "id" : 0,
      "a" : [ [ "R", 16 ], [ "R", 16 ], [ "R", 16 ], [ "R", 16 ], [ "R", 16 ] ]
    } ]
  },
  "EventController.create" : {
    "t" : [ {
      "id" : 0,
      "a" : [ [ "R", 4 ], [ "R", 4 ], [ "R", 1 ], [ "R", 1 ], [ "R", 1 ], [ "R", 15 ], [ "W", 6 ], [ "W", 6 ], [ "W", 6 ], [ "R", 4 ], [ "R", 4 ], [ "R", 1 ], [ "R", 1 ], [ "R", 1 ], [ "R", 15 ] ]
    } ]
  },
  "TrackController.create" : {
    "t" : [ {
      "id" : 0,
      "a" : [ [ "W", 14 ], [ "R", 13 ] ]
    } ]
  },
  "ActorController.gonoPremium" : {
    "t" : [ {
      "id" : 0,
      "a" : [ [ "R", 4 ], [ "R", 4 ], [ "R", 1 ], [ "R", 1 ], [ "R", 1 ], [ "R", 15 ], [ "W", 1 ], [ "W", 1 ] ]
    } ]
  },
  "EventController.uploadImage" : {
    "t" : [ {
      "id" : 0,
      "a" : [ [ "R", 4 ], [ "R", 4 ], [ "R", 1 ], [ "R", 1 ], [ "R", 1 ], [ "R", 15 ], [ "R", 6 ], [ "R", 1 ], [ "R", 16 ], [ "R", 16 ], [ "R", 6 ], [ "R", 4 ] ]
    } ]
  },
  "AdvertisementController.unregister" : {
    "t" : [ {
      "id" : 0,
      "a" : [ [ "R", 2 ], [ "R", 4 ], [ "R", 4 ], [ "R", 1 ], [ "R", 1 ], [ "R", 1 ], [ "R", 15 ], [ "R", 1 ], [ "R", 2 ], [ "R", 2 ], [ "R", 1 ], [ "R", 4 ], [ "R", 4 ], [ "R", 1 ], [ "R", 1 ], [ "R", 1 ], [ "R", 15 ], [ "R", 4 ], [ "R", 2 ], [ "R", 1 ], [ "R", 2 ], [ "R", 1 ], [ "R", 2 ], [ "R", 4 ], [ "R", 2 ], [ "R", 2 ], [ "W", 2 ], [ "R", 2 ], [ "W", 2 ], [ "R", 2 ], [ "W", 2 ], [ "R", 2 ], [ "W", 2 ], [ "R", 2 ], [ "W", 2 ], [ "R", 2 ], [ "W", 2 ], [ "R", 2 ], [ "W", 2 ], [ "W", 2 ], [ "R", 1 ], [ "W", 2 ], [ "R", 1 ], [ "R", 2 ], [ "W", 1 ] ]
    } ]
  },
  "ActorController.listRegistered" : {
    "t" : [ {
      "id" : 0,
      "a" : [ [ "R", 4 ], [ "R", 4 ], [ "R", 1 ], [ "R", 1 ], [ "R", 1 ], [ "R", 15 ], [ "R", 2 ], [ "R", 1 ], [ "R", 2 ], [ "R", 1 ], [ "R", 1 ], [ "R", 2 ] ]
    } ]
  },
  "AdvertisementController.location" : {
    "t" : [ {
      "id" : 0,
      "a" : [ [ "R", 2 ] ]
    } ]
  },
  "UserSpaceController.view2" : {
    "t" : [ {
      "id" : 0,
      "a" : [ [ "R", 1 ], [ "R", 1 ], [ "R", 1 ], [ "R", 16 ], [ "R", 4 ], [ "R", 4 ], [ "R", 1 ], [ "R", 1 ], [ "R", 1 ], [ "R", 15 ], [ "R", 1 ], [ "R", 1 ], [ "R", 4 ], [ "R", 4 ], [ "R", 1 ], [ "R", 1 ], [ "R", 1 ], [ "R", 15 ], [ "R", 4 ], [ "R", 4 ], [ "R", 4 ], [ "R", 1 ], [ "R", 1 ], [ "R", 1 ], [ "R", 15 ], [ "R", 4 ], [ "W", 3 ], [ "W", 3 ], [ "R", 16 ], [ "R", 16 ], [ "R", 4 ] ]
    } ]
  },
  "EventController.saveCreate" : {
    "t" : [ {
      "id" : 0,
      "a" : [ [ "R", 4 ], [ "R", 4 ], [ "R", 1 ], [ "R", 1 ], [ "R", 1 ], [ "R", 15 ], [ "R", 6 ], [ "R", 4 ], [ "R", 4 ], [ "R", 1 ], [ "R", 1 ], [ "R", 1 ], [ "R", 15 ], [ "W", 6 ], [ "W", 6 ], [ "R", 1 ], [ "R", 16 ], [ "R", 4 ] ]
    } ]
  },
  "DonationController.delete" : {
    "t" : [ {
      "id" : 0,
      "a" : [ [ "R", 5 ], [ "R", 4 ], [ "R", 4 ], [ "R", 1 ], [ "R", 1 ], [ "R", 1 ], [ "R", 15 ], [ "R", 1 ], [ "R", 16 ], [ "R", 16 ], [ "R", 5 ], [ "W", 5 ], [ "R", 1 ], [ "R", 16 ], [ "R", 16 ], [ "R", 5 ], [ "W", 1 ] ]
    } ]
  },
  "AdvertisementController.edit" : {
    "t" : [ {
      "id" : 0,
      "a" : [ [ "R", 4 ], [ "R", 4 ], [ "R", 1 ], [ "R", 1 ], [ "R", 1 ], [ "R", 15 ], [ "R", 1 ], [ "R", 2 ], [ "R", 1 ], [ "R", 2 ] ]
    } ]
  },
  "PerfomanceController.view" : {
    "t" : [ {
      "id" : 0,
      "a" : [ [ "R", 16 ], [ "R", 16 ], [ "R", 12 ], [ "R", 4 ], [ "R", 4 ], [ "R", 1 ], [ "R", 1 ], [ "R", 1 ], [ "R", 15 ], [ "R", 16 ], [ "R", 16 ] ]
    } ]
  },
  "AdvertisementController.delete" : {
    "t" : [ {
      "id" : 0,
      "a" : [ [ "W", 2 ], [ "R", 4 ], [ "R", 4 ], [ "R", 1 ], [ "R", 1 ], [ "R", 1 ], [ "R", 15 ], [ "R", 1 ], [ "R", 2 ], [ "R", 1 ], [ "R", 2 ], [ "R", 4 ], [ "R", 4 ], [ "R", 1 ], [ "R", 1 ], [ "R", 1 ], [ "R", 15 ] ]
    } ]
  },
  "ActorController.premium" : {
    "t" : [ {
      "id" : 0,
      "a" : [ [ "R", 4 ], [ "R", 4 ], [ "R", 1 ], [ "R", 1 ], [ "R", 1 ], [ "R", 15 ] ]
    } ]
  },
  "ActorController.goPremium" : {
    "t" : [ {
      "id" : 0,
      "a" : [ [ "R", 4 ], [ "R", 4 ], [ "R", 1 ], [ "R", 1 ], [ "R", 1 ], [ "R", 15 ], [ "W", 1 ], [ "W", 1 ] ]
    } ]
  },
  "PlayListController.delete" : {
    "t" : [ {
      "id" : 0,
      "a" : [ [ "R", 13 ], [ "R", 4 ], [ "R", 4 ], [ "R", 1 ], [ "R", 1 ], [ "R", 1 ], [ "R", 15 ], [ "R", 1 ], [ "R", 16 ], [ "R", 16 ], [ "R", 13 ], [ "W", 13 ], [ "R", 1 ], [ "R", 16 ], [ "R", 16 ], [ "R", 13 ], [ "W", 1 ] ]
    } ]
  },
  "TrackController.saveCreate" : {
    "t" : [ {
      "id" : 0,
      "a" : [ [ "R", 4 ], [ "W", 14 ], [ "W", 14 ], [ "W", 14 ], [ "R", 13 ], [ "R", 4 ], [ "R", 4 ], [ "R", 1 ], [ "R", 1 ], [ "R", 1 ], [ "R", 15 ], [ "R", 1 ], [ "R", 16 ], [ "R", 16 ], [ "R", 13 ], [ "R", 13 ], [ "R", 14 ], [ "W", 13 ], [ "W", 14 ], [ "R", 4 ], [ "R", 4 ], [ "R", 1 ], [ "R", 1 ], [ "R", 1 ], [ "R", 15 ], [ "R", 4 ], [ "R", 13 ], [ "R", 1 ], [ "R", 16 ], [ "R", 16 ], [ "R", 13 ], [ "R", 4 ], [ "R", 13 ], [ "R", 13 ], [ "W", 13 ], [ "R", 13 ], [ "W", 13 ], [ "W", 13 ], [ "W", 13 ], [ "W", 14 ], [ "W", 13 ], [ "R", 1 ], [ "R", 16 ], [ "R", 16 ], [ "R", 13 ], [ "W", 1 ] ]
    } ]
  },
  "AdvertisementController.saveCreate" : {
    "t" : [ {
      "id" : 0,
      "a" : [ [ "R", 2 ], [ "R", 4 ], [ "R", 4 ], [ "R", 1 ], [ "R", 1 ], [ "R", 1 ], [ "R", 15 ], [ "W", 2 ], [ "W", 2 ], [ "R", 1 ], [ "R", 2 ], [ "W", 1 ] ]
    } ]
  },
  "EventController.location" : {
    "t" : [ {
      "id" : 0,
      "a" : [ [ "R", 6 ] ]
    } ]
  },
  "ActorController.save" : {
    "t" : [ {
      "id" : 0,
      "a" : [ [ "R", 1 ], [ "R", 1 ], [ "R", 15 ], [ "R", 15 ], [ "R", 1 ], [ "R", 1 ], [ "R", 1 ], [ "R", 15 ], [ "W", 1 ], [ "R", 1 ], [ "R", 15 ], [ "R", 1 ], [ "R", 15 ], [ "R", 15 ], [ "W", 15 ], [ "W", 1 ] ]
    } ]
  },
  "AdvertisementController.create" : {
    "t" : [ {
      "id" : 0,
      "a" : [ [ "R", 4 ], [ "R", 4 ], [ "R", 1 ], [ "R", 1 ], [ "R", 1 ], [ "R", 15 ], [ "R", 1 ], [ "R", 4 ], [ "R", 4 ], [ "R", 1 ], [ "R", 1 ], [ "R", 1 ], [ "R", 15 ], [ "W", 2 ], [ "W", 1 ], [ "W", 2 ], [ "W", 1 ] ]
    } ]
  },
  "PerfomanceController.create" : {
    "t" : [ {
      "id" : 0,
      "a" : [ [ "R", 4 ], [ "R", 4 ], [ "R", 1 ], [ "R", 1 ], [ "R", 1 ], [ "R", 15 ], [ "W", 12 ], [ "W", 12 ], [ "W", 12 ], [ "R", 4 ], [ "R", 4 ], [ "R", 1 ], [ "R", 1 ], [ "R", 1 ], [ "R", 15 ] ]
    } ]
  },
  "UserSpaceController.genreSearch" : {
    "t" : [ {
      "id" : 0,
      "a" : [ [ "R", 16 ], [ "R", 16 ], [ "R", 16 ], [ "R", 8 ], [ "R", 8 ] ]
    } ]
  },
  "PlayListController.saveCreate" : {
    "t" : [ {
      "id" : 0,
      "a" : [ [ "R", 4 ], [ "R", 4 ], [ "R", 1 ], [ "R", 1 ], [ "R", 1 ], [ "R", 15 ], [ "R", 4 ], [ "R", 13 ], [ "R", 1 ], [ "R", 16 ], [ "R", 16 ], [ "R", 13 ], [ "R", 4 ], [ "R", 13 ], [ "R", 13 ], [ "W", 13 ], [ "R", 13 ], [ "W", 13 ], [ "W", 13 ], [ "W", 13 ], [ "W", 14 ], [ "W", 13 ], [ "R", 1 ], [ "R", 16 ], [ "R", 16 ], [ "R", 13 ], [ "W", 1 ] ]
    } ]
  },
  "AdvertisementController.list" : {
    "t" : [ {
      "id" : 0,
      "a" : [ [ "R", 2 ], [ "R", 4 ], [ "R", 4 ], [ "R", 1 ], [ "R", 1 ], [ "R", 1 ], [ "R", 15 ] ]
    } ]
  },
  "AdvertisementController.uploadImage" : {
    "t" : [ {
      "id" : 0,
      "a" : [ [ "R", 2 ], [ "R", 4 ], [ "R", 4 ], [ "R", 1 ], [ "R", 1 ], [ "R", 1 ], [ "R", 15 ], [ "R", 1 ], [ "R", 2 ], [ "R", 4 ] ]
    } ]
  },
  "WelcomeController.index" : {
    "t" : [ {
      "id" : 0,
      "a" : [ [ "R", 4 ], [ "R", 4 ], [ "R", 1 ], [ "R", 1 ], [ "R", 1 ], [ "R", 15 ], [ "R", 11 ] ]
    } ]
  },
  "UserSpaceController.delete" : {
    "t" : [ {
      "id" : 0,
      "a" : [ [ "R", 3 ], [ "R", 4 ], [ "R", 4 ], [ "R", 1 ], [ "R", 1 ], [ "R", 1 ], [ "R", 15 ], [ "R", 3 ], [ "R", 1 ], [ "R", 4 ], [ "R", 4 ], [ "R", 4 ], [ "W", 3 ], [ "R", 16 ], [ "R", 16 ], [ "R", 3 ], [ "R", 4 ], [ "R", 4 ], [ "R", 1 ], [ "R", 1 ], [ "R", 1 ], [ "R", 15 ], [ "R", 4 ], [ "R", 16 ], [ "R", 4 ], [ "R", 16 ], [ "R", 16 ], [ "W", 16 ], [ "R", 16 ], [ "W", 16 ], [ "R", 16 ], [ "W", 16 ], [ "R", 16 ], [ "W", 16 ], [ "R", 16 ], [ "R", 8 ], [ "W", 16 ], [ "W", 8 ], [ "W", 16 ], [ "W", 16 ], [ "W", 12 ], [ "W", 16 ], [ "W", 5 ], [ "W", 16 ], [ "W", 6 ], [ "W", 16 ], [ "W", 13 ], [ "W", 16 ], [ "W", 1 ], [ "W", 16 ], [ "W", 1 ] ]
    } ]
  },
  "NotificationController.list" : {
    "t" : [ {
      "id" : 0,
      "a" : [ [ "R", 4 ], [ "R", 4 ], [ "R", 1 ], [ "R", 1 ], [ "R", 1 ], [ "R", 15 ], [ "R", 11 ] ]
    } ]
  },
  "AdvertisementController.view" : {
    "t" : [ {
      "id" : 0,
      "a" : [ [ "R", 2 ], [ "R", 4 ], [ "R", 4 ], [ "R", 1 ], [ "R", 1 ], [ "R", 1 ], [ "R", 15 ], [ "R", 2 ], [ "R", 1 ], [ "R", 4 ], [ "R", 4 ], [ "R", 2 ], [ "R", 1 ] ]
    } ]
  },
  "UserSpaceController.createComment" : {
    "t" : [ {
      "id" : 0,
      "a" : [ [ "R", 4 ], [ "R", 4 ], [ "R", 1 ], [ "R", 1 ], [ "R", 1 ], [ "R", 15 ], [ "W", 3 ], [ "W", 3 ], [ "R", 16 ], [ "R", 16 ], [ "R", 4 ] ]
    } ]
  },
  "UserSpaceController.uploadImage" : {
    "t" : [ {
      "id" : 0,
      "a" : [ [ "R", 4 ], [ "R", 4 ], [ "R", 1 ], [ "R", 1 ], [ "R", 1 ], [ "R", 15 ], [ "R", 1 ], [ "R", 16 ], [ "R", 4 ], [ "R", 4 ], [ "R", 1 ], [ "R", 1 ], [ "R", 1 ], [ "R", 15 ], [ "R", 1 ], [ "R", 16 ], [ "R", 4 ], [ "R", 4 ], [ "R", 4 ] ]
    } ]
  },
  "TrackController.delete" : {
    "t" : [ {
      "id" : 0,
      "a" : [ [ "R", 4 ], [ "R", 4 ], [ "R", 1 ], [ "R", 1 ], [ "R", 1 ], [ "R", 15 ], [ "R", 14 ], [ "R", 13 ], [ "R", 13 ], [ "R", 14 ], [ "R", 1 ], [ "R", 16 ], [ "R", 16 ], [ "R", 13 ], [ "R", 13 ], [ "R", 14 ], [ "W", 13 ], [ "W", 14 ], [ "R", 4 ], [ "R", 4 ], [ "R", 1 ], [ "R", 1 ], [ "R", 1 ], [ "R", 15 ], [ "R", 4 ], [ "R", 13 ], [ "R", 1 ], [ "R", 16 ], [ "R", 16 ], [ "R", 13 ], [ "R", 4 ], [ "R", 13 ], [ "R", 13 ], [ "W", 13 ], [ "R", 13 ], [ "W", 13 ], [ "W", 13 ], [ "W", 13 ], [ "W", 14 ], [ "W", 13 ], [ "R", 1 ], [ "R", 16 ], [ "R", 16 ], [ "R", 13 ], [ "W", 1 ], [ "R", 4 ], [ "R", 4 ], [ "R", 1 ], [ "R", 1 ], [ "R", 1 ], [ "R", 15 ], [ "W", 14 ] ]
    } ]
  },
  "NotificationController.notifications" : {
    "t" : [ {
      "id" : 0,
      "a" : [ [ "R", 4 ], [ "R", 4 ], [ "R", 1 ], [ "R", 1 ], [ "R", 1 ], [ "R", 15 ], [ "R", 11 ] ]
    } ]
  },
  "NotificationController.view" : {
    "t" : [ {
      "id" : 0,
      "a" : [ [ "R", 11 ], [ "R", 11 ], [ "W", 11 ], [ "W", 11 ] ]
    } ]
  },
  "UserSpaceController.saveCreate" : {
    "t" : [ {
      "id" : 0,
      "a" : [ [ "R", 8 ], [ "R", 4 ], [ "R", 4 ], [ "R", 1 ], [ "R", 1 ], [ "R", 1 ], [ "R", 15 ], [ "R", 1 ], [ "R", 16 ], [ "R", 1 ], [ "R", 16 ], [ "R", 4 ], [ "R", 4 ], [ "R", 4 ], [ "R", 4 ], [ "R", 1 ], [ "R", 1 ], [ "R", 1 ], [ "R", 15 ], [ "R", 4 ], [ "R", 16 ], [ "R", 4 ], [ "R", 16 ], [ "R", 16 ], [ "W", 16 ], [ "R", 16 ], [ "W", 16 ], [ "R", 16 ], [ "W", 16 ], [ "R", 16 ], [ "W", 16 ], [ "R", 16 ], [ "R", 8 ], [ "W", 16 ], [ "W", 8 ], [ "W", 16 ], [ "W", 16 ], [ "W", 12 ], [ "W", 16 ], [ "W", 5 ], [ "W", 16 ], [ "W", 6 ], [ "W", 16 ], [ "W", 13 ], [ "W", 16 ], [ "W", 1 ], [ "W", 16 ], [ "W", 1 ] ]
    } ]
  },
  "UserSpaceController.downloadRecipientFile" : {
    "t" : [ {
      "id" : 0,
      "a" : [ [ "R", 14 ], [ "R", 14 ], [ "R", 14 ], [ "R", 14 ], [ "R", 14 ], [ "R", 14 ], [ "R", 14 ], [ "R", 14 ], [ "R", 14 ], [ "R", 14 ] ]
    } ]
  },
  "DonationController.create" : {
    "t" : [ {
      "id" : 0,
      "a" : [ [ "W", 5 ], [ "W", 5 ], [ "W", 5 ] ]
    } ]
  },
  "UserSpaceController.list" : {
    "t" : [ {
      "id" : 0,
      "a" : [ [ "R", 16 ], [ "R", 8 ] ]
    } ]
  },
  "EventController.delete" : {
    "t" : [ {
      "id" : 0,
      "a" : [ [ "R", 4 ], [ "R", 4 ], [ "R", 1 ], [ "R", 1 ], [ "R", 1 ], [ "R", 15 ], [ "R", 6 ], [ "R", 4 ], [ "R", 4 ], [ "R", 1 ], [ "R", 1 ], [ "R", 1 ], [ "R", 15 ], [ "R", 1 ], [ "R", 16 ], [ "R", 16 ], [ "R", 6 ], [ "W", 6 ], [ "R", 1 ], [ "R", 16 ], [ "R", 16 ], [ "R", 6 ], [ "W", 1 ], [ "R", 1 ], [ "R", 16 ], [ "R", 4 ] ]
    } ]
  },
  "UserSpaceController.createEdit" : {
    "t" : [ {
      "id" : 0,
      "a" : [ [ "R", 4 ], [ "R", 4 ], [ "R", 1 ], [ "R", 1 ], [ "R", 1 ], [ "R", 15 ], [ "R", 3 ], [ "R", 3 ], [ "R", 1 ], [ "R", 4 ], [ "R", 4 ], [ "R", 4 ] ]
    } ]
  },
  "ActorController.follow" : {
    "t" : [ {
      "id" : 0,
      "a" : [ [ "R", 1 ], [ "R", 4 ], [ "R", 4 ], [ "R", 1 ], [ "R", 1 ], [ "R", 1 ], [ "R", 15 ], [ "R", 1 ], [ "R", 1 ], [ "W", 1 ], [ "R", 1 ], [ "R", 1 ], [ "W", 1 ], [ "R", 4 ], [ "R", 4 ], [ "R", 1 ], [ "R", 1 ], [ "R", 1 ], [ "R", 15 ], [ "W", 11 ], [ "W", 1 ], [ "W", 11 ], [ "W", 1 ], [ "W", 11 ], [ "W", 11 ], [ "R", 1 ], [ "R", 16 ], [ "R", 4 ] ]
    } ]
  },
  "UserSpaceController.edit" : {
    "t" : [ {
      "id" : 0,
      "a" : [ [ "R", 4 ], [ "R", 4 ], [ "R", 1 ], [ "R", 1 ], [ "R", 1 ], [ "R", 15 ], [ "R", 1 ], [ "R", 16 ], [ "R", 1 ], [ "R", 16 ], [ "R", 8 ] ]
    } ]
  },
  "AdvertisementController.downloadRecipientFileImage" : {
    "t" : [ {
      "id" : 0,
      "a" : [ [ "R", 2 ], [ "R", 2 ], [ "R", 2 ], [ "R", 2 ], [ "R", 2 ], [ "R", 2 ], [ "R", 2 ], [ "R", 2 ], [ "R", 2 ], [ "R", 2 ] ]
    } ]
  }
}