{
  "1" : "ActualRevenuesDataT",
  "2" : "ApplicationSettingsT",
  "3" : "AssociateT",
  "4" : "AuditBidDetailsT",
  "5" : "AuditBidOfficeGroupOwnerLinkT",
  "6" : "AuditCollaborationCommentT",
  "7" : "AuditConnectCustomerContactLinkT",
  "8" : "AuditConnectOfferingLinkT",
  "9" : "AuditConnectOpportunityLinkIdT",
  "10" : "AuditConnectSecondaryOwnerLinkT",
  "11" : "AuditConnectSubSpLinkT",
  "12" : "AuditConnectT",
  "13" : "AuditConnectTcsAccountContactLinkT",
  "14" : "AuditCustomerMasterT",
  "15" : "AuditDeliveryCentreT",
  "16" : "AuditDeliveryClusterT",
  "17" : "AuditDeliveryIntimatedCentreLinkT",
  "18" : "AuditDeliveryIntimatedT",
  "19" : "AuditDeliveryMasterManagerLinkT",
  "20" : "AuditDeliveryMasterT",
  "21" : "AuditDeliveryRequirementT",
  "22" : "AuditDeliveryResourcesT",
  "23" : "AuditNotesT",
  "24" : "AuditOpportunityCompetitorLinkT",
  "25" : "AuditOpportunityCustomerContactLinkT",
  "26" : "AuditOpportunityDeliveryCentreT",
  "27" : "AuditOpportunityOfferingLinkT",
  "28" : "AuditOpportunityPartnerLinkT",
  "29" : "AuditOpportunitySalesSupportLinkT",
  "30" : "AuditOpportunitySubSpLinkT",
  "31" : "AuditOpportunityT",
  "32" : "AuditOpportunityTcsAccountContactLinkT",
  "33" : "AuditOpportunityTimelineHistoryT",
  "34" : "AuditOpportunityWinLossFactorsT",
  "35" : "AuditPartnerMasterT",
  "36" : "AuditProductMasterT",
  "37" : "AuditTaskBdmsTaggedLinkT",
  "38" : "AuditTaskT",
  "39" : "AuditUserFavoritesT",
  "40" : "AuditUserTaggedFollowedT",
  "41" : "AuditWorkflowCompetitorT",
  "42" : "AuditWorkflowCustomerT",
  "43" : "AuditWorkflowPartnerT",
  "44" : "AuditWorkflowRequestT",
  "45" : "AuditWorkflowStepT",
  "46" : "AutoCommentsEntityFieldsT",
  "47" : "AutoCommentsEntityT",
  "48" : "BdmTargetT",
  "49" : "BeaconConvertorMappingT",
  "50" : "BeaconCustomerMappingT",
  "51" : "BeaconDataT",
  "52" : "BidDetailsT",
  "53" : "BidOfficeGroupOwnerLinkT",
  "54" : "BidRequestTypeMappingT",
  "55" : "CityMapping",
  "56" : "CollaborationCommentT",
  "57" : "CommentsT",
  "58" : "CompetitorMappingT",
  "59" : "ConnectCustomerContactLinkT",
  "60" : "ConnectOfferingLinkT",
  "61" : "ConnectOpportunityLinkIdT",
  "62" : "ConnectSecondaryOwnerLinkT",
  "63" : "ConnectSubSpLinkT",
  "64" : "ConnectT",
  "65" : "ConnectTcsAccountContactLinkT",
  "66" : "ConnectTypeMappingT",
  "67" : "ContactCustomerLinkT",
  "68" : "ContactRoleMappingT",
  "69" : "ContactT",
  "70" : "CustomerAssociateT",
  "71" : "CustomerMasterT",
  "72" : "DataProcessingRequestT",
  "73" : "DealClosureReportingT",
  "74" : "DealTypeMappingT",
  "75" : "DeliveryCentreT",
  "76" : "DeliveryCentreUnallocationT",
  "77" : "DeliveryCentreUtilizationT",
  "78" : "DeliveryClusterT",
  "79" : "DeliveryIntimatedCentreLinkT",
  "80" : "DeliveryIntimatedT",
  "81" : "DeliveryMasterManagerLinkT",
  "82" : "DeliveryMasterT",
  "83" : "DeliveryOwnershipT",
  "84" : "DeliveryPmoT",
  "85" : "DeliveryRequirementT",
  "86" : "DeliveryResourcesT",
  "87" : "DeliveryRgsT",
  "88" : "DeliveryStageMappingT",
  "89" : "DocumentRepositoryT",
  "90" : "DocumentsT",
  "91" : "FeedbackT",
  "92" : "FrequentlySearchedCustomerPartnerT",
  "93" : "FrequentlySearchedGroupCustomersT",
  "94" : "GeographyCountryMappingT",
  "95" : "GeographyMappingT",
  "96" : "GoalGroupMappingT",
  "97" : "GoalMappingT",
  "98" : "GroupCustomerT",
  "99" : "HealthCardOverallPercentage",
  "100" : "IouBeaconMappingT",
  "101" : "IouCustomerMappingT",
  "102" : "LoginHistoryT",
  "103" : "MiscTypeValueT",
  "104" : "MobileDashboardCategory",
  "105" : "MobileDashboardComponentT",
  "106" : "MobileDashboardT",
  "107" : "ModuleSubModuleT",
  "108" : "ModuleT",
  "109" : "NotesT",
  "110" : "NotificationEventFieldsT",
  "111" : "NotificationEventGroupMappingT",
  "112" : "NotificationSentHistoryT",
  "113" : "NotificationSettingsEventConditionsMappingT",
  "114" : "NotificationSettingsEventConditionsT",
  "115" : "NotificationSettingsEventMappingT",
  "116" : "NotificationSettingsGroupMappingT",
  "117" : "NotificationSettingsModeMappingT",
  "118" : "NotificationTypeEventMappingT",
  "119" : "OfferingMappingT",
  "120" : "OperationEventRecipientMappingT",
  "121" : "OpportunityCompetitorLinkT",
  "122" : "OpportunityCustomerContactLinkT",
  "123" : "OpportunityDeliveryCentreMappingT",
  "124" : "OpportunityOfferingLinkT",
  "125" : "OpportunityPartnerLinkT",
  "126" : "OpportunityReopenRequestT",
  "127" : "OpportunitySalesSupportLinkT",
  "128" : "OpportunitySubSpLinkT",
  "129" : "OpportunityT",
  "130" : "OpportunityTcsAccountContactLinkT",
  "131" : "OpportunityTimelineHistoryT",
  "132" : "OpportunityWinLossFactorsT",
  "133" : "PartnerContactLinkT",
  "134" : "PartnerMasterT",
  "135" : "PartnerSubSpMappingT",
  "136" : "PartnerSubspProductMappingT",
  "137" : "ProductContactLinkT",
  "138" : "ProductMasterT",
  "139" : "ProjectedRevenuesDataT",
  "140" : "PushNotificationRegistrationT",
  "141" : "QuarterlyHealthcardPercentage",
  "142" : "RevenueCustomerMappingT",
  "143" : "SalesStageMappingT",
  "144" : "SearchKeywordsT",
  "145" : "ServicePracticeT",
  "146" : "SubSpMappingT",
  "147" : "TaskBdmsTaggedLinkT",
  "148" : "TaskT",
  "149" : "TaskTypeMappingT",
  "150" : "TimeZoneMappingT",
  "151" : "UserAccessPrivilegesT",
  "152" : "UserAccessRequestT",
  "153" : "UserFavoritesT",
  "154" : "UserGeneralSettingsT",
  "155" : "UserGoalsT",
  "156" : "UserGroupMappingT",
  "157" : "UserGroupModuleT",
  "158" : "UserModuleAccessT",
  "159" : "UserNotificationSettingsConditionsT",
  "160" : "UserNotificationSettingsT",
  "161" : "UserNotificationsT",
  "162" : "UserNotificationsTypeT",
  "163" : "UserPreferencesT",
  "164" : "UserRoleMappingT",
  "165" : "UserSubscriptions",
  "166" : "UserT",
  "167" : "UserTaggedFollowedT",
  "168" : "WinLossFactorMappingT",
  "169" : "WorkflowBfmT",
  "170" : "WorkflowCompetitorT",
  "171" : "WorkflowCustomerT",
  "172" : "WorkflowPartnerT",
  "173" : "WorkflowProcessTemplate",
  "174" : "WorkflowRequestT",
  "175" : "WorkflowStepT"
}