{
  "ActualRevenuesDataT" : 1,
  "ApplicationSettingsT" : 2,
  "AssociateT" : 3,
  "AuditBidDetailsT" : 4,
  "AuditBidOfficeGroupOwnerLinkT" : 5,
  "AuditCollaborationCommentT" : 6,
  "AuditConnectCustomerContactLinkT" : 7,
  "AuditConnectOfferingLinkT" : 8,
  "AuditConnectOpportunityLinkIdT" : 9,
  "AuditConnectSecondaryOwnerLinkT" : 10,
  "AuditConnectSubSpLinkT" : 11,
  "AuditConnectT" : 12,
  "AuditConnectTcsAccountContactLinkT" : 13,
  "AuditCustomerMasterT" : 14,
  "AuditDeliveryCentreT" : 15,
  "AuditDeliveryClusterT" : 16,
  "AuditDeliveryIntimatedCentreLinkT" : 17,
  "AuditDeliveryIntimatedT" : 18,
  "AuditDeliveryMasterManagerLinkT" : 19,
  "AuditDeliveryMasterT" : 20,
  "AuditDeliveryRequirementT" : 21,
  "AuditDeliveryResourcesT" : 22,
  "AuditNotesT" : 23,
  "AuditOpportunityCompetitorLinkT" : 24,
  "AuditOpportunityCustomerContactLinkT" : 25,
  "AuditOpportunityDeliveryCentreT" : 26,
  "AuditOpportunityOfferingLinkT" : 27,
  "AuditOpportunityPartnerLinkT" : 28,
  "AuditOpportunitySalesSupportLinkT" : 29,
  "AuditOpportunitySubSpLinkT" : 30,
  "AuditOpportunityT" : 31,
  "AuditOpportunityTcsAccountContactLinkT" : 32,
  "AuditOpportunityTimelineHistoryT" : 33,
  "AuditOpportunityWinLossFactorsT" : 34,
  "AuditPartnerMasterT" : 35,
  "AuditProductMasterT" : 36,
  "AuditTaskBdmsTaggedLinkT" : 37,
  "AuditTaskT" : 38,
  "AuditUserFavoritesT" : 39,
  "AuditUserTaggedFollowedT" : 40,
  "AuditWorkflowCompetitorT" : 41,
  "AuditWorkflowCustomerT" : 42,
  "AuditWorkflowPartnerT" : 43,
  "AuditWorkflowRequestT" : 44,
  "AuditWorkflowStepT" : 45,
  "AutoCommentsEntityFieldsT" : 46,
  "AutoCommentsEntityT" : 47,
  "BdmTargetT" : 48,
  "BeaconConvertorMappingT" : 49,
  "BeaconCustomerMappingT" : 50,
  "BeaconDataT" : 51,
  "BidDetailsT" : 52,
  "BidOfficeGroupOwnerLinkT" : 53,
  "BidRequestTypeMappingT" : 54,
  "CityMapping" : 55,
  "CollaborationCommentT" : 56,
  "CommentsT" : 57,
  "CompetitorMappingT" : 58,
  "ConnectCustomerContactLinkT" : 59,
  "ConnectOfferingLinkT" : 60,
  "ConnectOpportunityLinkIdT" : 61,
  "ConnectSecondaryOwnerLinkT" : 62,
  "ConnectSubSpLinkT" : 63,
  "ConnectT" : 64,
  "ConnectTcsAccountContactLinkT" : 65,
  "ConnectTypeMappingT" : 66,
  "ContactCustomerLinkT" : 67,
  "ContactRoleMappingT" : 68,
  "ContactT" : 69,
  "CustomerAssociateT" : 70,
  "CustomerMasterT" : 71,
  "DataProcessingRequestT" : 72,
  "DealClosureReportingT" : 73,
  "DealTypeMappingT" : 74,
  "DeliveryCentreT" : 75,
  "DeliveryCentreUnallocationT" : 76,
  "DeliveryCentreUtilizationT" : 77,
  "DeliveryClusterT" : 78,
  "DeliveryIntimatedCentreLinkT" : 79,
  "DeliveryIntimatedT" : 80,
  "DeliveryMasterManagerLinkT" : 81,
  "DeliveryMasterT" : 82,
  "DeliveryOwnershipT" : 83,
  "DeliveryPmoT" : 84,
  "DeliveryRequirementT" : 85,
  "DeliveryResourcesT" : 86,
  "DeliveryRgsT" : 87,
  "DeliveryStageMappingT" : 88,
  "DocumentRepositoryT" : 89,
  "DocumentsT" : 90,
  "FeedbackT" : 91,
  "FrequentlySearchedCustomerPartnerT" : 92,
  "FrequentlySearchedGroupCustomersT" : 93,
  "GeographyCountryMappingT" : 94,
  "GeographyMappingT" : 95,
  "GoalGroupMappingT" : 96,
  "GoalMappingT" : 97,
  "GroupCustomerT" : 98,
  "HealthCardOverallPercentage" : 99,
  "IouBeaconMappingT" : 100,
  "IouCustomerMappingT" : 101,
  "LoginHistoryT" : 102,
  "MiscTypeValueT" : 103,
  "MobileDashboardCategory" : 104,
  "MobileDashboardComponentT" : 105,
  "MobileDashboardT" : 106,
  "ModuleSubModuleT" : 107,
  "ModuleT" : 108,
  "NotesT" : 109,
  "NotificationEventFieldsT" : 110,
  "NotificationEventGroupMappingT" : 111,
  "NotificationSentHistoryT" : 112,
  "NotificationSettingsEventConditionsMappingT" : 113,
  "NotificationSettingsEventConditionsT" : 114,
  "NotificationSettingsEventMappingT" : 115,
  "NotificationSettingsGroupMappingT" : 116,
  "NotificationSettingsModeMappingT" : 117,
  "NotificationTypeEventMappingT" : 118,
  "OfferingMappingT" : 119,
  "OperationEventRecipientMappingT" : 120,
  "OpportunityCompetitorLinkT" : 121,
  "OpportunityCustomerContactLinkT" : 122,
  "OpportunityDeliveryCentreMappingT" : 123,
  "OpportunityOfferingLinkT" : 124,
  "OpportunityPartnerLinkT" : 125,
  "OpportunityReopenRequestT" : 126,
  "OpportunitySalesSupportLinkT" : 127,
  "OpportunitySubSpLinkT" : 128,
  "OpportunityT" : 129,
  "OpportunityTcsAccountContactLinkT" : 130,
  "OpportunityTimelineHistoryT" : 131,
  "OpportunityWinLossFactorsT" : 132,
  "PartnerContactLinkT" : 133,
  "PartnerMasterT" : 134,
  "PartnerSubSpMappingT" : 135,
  "PartnerSubspProductMappingT" : 136,
  "ProductContactLinkT" : 137,
  "ProductMasterT" : 138,
  "ProjectedRevenuesDataT" : 139,
  "PushNotificationRegistrationT" : 140,
  "QuarterlyHealthcardPercentage" : 141,
  "RevenueCustomerMappingT" : 142,
  "SalesStageMappingT" : 143,
  "SearchKeywordsT" : 144,
  "ServicePracticeT" : 145,
  "SubSpMappingT" : 146,
  "TaskBdmsTaggedLinkT" : 147,
  "TaskT" : 148,
  "TaskTypeMappingT" : 149,
  "TimeZoneMappingT" : 150,
  "UserAccessPrivilegesT" : 151,
  "UserAccessRequestT" : 152,
  "UserFavoritesT" : 153,
  "UserGeneralSettingsT" : 154,
  "UserGoalsT" : 155,
  "UserGroupMappingT" : 156,
  "UserGroupModuleT" : 157,
  "UserModuleAccessT" : 158,
  "UserNotificationSettingsConditionsT" : 159,
  "UserNotificationSettingsT" : 160,
  "UserNotificationsT" : 161,
  "UserNotificationsTypeT" : 162,
  "UserPreferencesT" : 163,
  "UserRoleMappingT" : 164,
  "UserSubscriptions" : 165,
  "UserT" : 166,
  "UserTaggedFollowedT" : 167,
  "WinLossFactorMappingT" : 168,
  "WorkflowBfmT" : 169,
  "WorkflowCompetitorT" : 170,
  "WorkflowCustomerT" : 171,
  "WorkflowPartnerT" : 172,
  "WorkflowProcessTemplate" : 173,
  "WorkflowRequestT" : 174,
  "WorkflowStepT" : 175
}