{
  "AuthorizationController.register" : {
    "t" : [ {
      "id" : 0,
      "a" : [ [ "R", 4 ], [ "R", 4 ], [ "R", 4 ], [ "W", 4 ], [ "W", 4 ], [ "W", 4 ], [ "W", 4 ], [ "W", 4 ], [ "W", 4 ], [ "R", 4 ] ]
    } ]
  },
  "UserController.getUserByName" : {
    "t" : [ {
      "id" : 0,
      "a" : [ [ "R", 4 ], [ "R", 4 ], [ "R", 4 ], [ "W", 4 ], [ "W", 1 ], [ "W", 4 ], [ "W", 2 ], [ "W", 4 ] ]
    } ]
  },
  "QuestionController.listAllQuestions" : {
    "t" : [ {
      "id" : 0,
      "a" : [ [ "R", 2 ] ]
    } ]
  },
  "AuthorizationController.login" : {
    "t" : [ {
      "id" : 0,
      "a" : [ [ "R", 4 ], [ "R", 4 ], [ "R", 4 ], [ "R", 4 ] ]
    } ]
  },
  "AnswerController.createQuestion" : {
    "t" : [ {
      "id" : 0,
      "a" : [ [ "R", 4 ], [ "R", 4 ], [ "R", 4 ], [ "R", 2 ], [ "R", 2 ], [ "R", 2 ], [ "R", 2 ], [ "R", 4 ], [ "R", 4 ], [ "R", 4 ], [ "R", 2 ], [ "R", 4 ], [ "W", 1 ], [ "W", 1 ], [ "W", 4 ], [ "W", 1 ], [ "W", 2 ], [ "W", 1 ], [ "R", 1 ] ]
    } ]
  },
  "UserController.deleteUser" : {
    "t" : [ {
      "id" : 0,
      "a" : [ [ "R", 4 ], [ "R", 4 ], [ "R", 4 ], [ "W", 4 ] ]
    } ]
  },
  "AjaxController.getSearchResultViaAjax" : {
    "t" : [ {
      "id" : 0,
      "a" : [ [ "R", 4 ], [ "R", 4 ], [ "R", 4 ], [ "R", 4 ] ]
    } ]
  },
  "AnswerController.getAnswer" : {
    "t" : [ {
      "id" : 0,
      "a" : [ [ "R", 1 ], [ "R", 1 ], [ "R", 1 ] ]
    } ]
  },
  "TagController.getTagsByTerm" : {
    "t" : [ {
      "id" : 0,
      "a" : [ [ "R", 3 ] ]
    } ]
  },
  "UserController.createUser" : {
    "t" : [ {
      "id" : 0,
      "a" : [ [ "R", 4 ], [ "R", 4 ], [ "R", 4 ], [ "R", 4 ], [ "R", 4 ], [ "R", 4 ], [ "W", 4 ], [ "R", 4 ] ]
    } ]
  },
  "QuestionController.getQuestion" : {
    "t" : [ {
      "id" : 0,
      "a" : [ [ "R", 2 ], [ "R", 2 ], [ "R", 2 ] ]
    } ]
  },
  "QuestionController.createQuestion" : {
    "t" : [ {
      "id" : 0,
      "a" : [ [ "R", 4 ], [ "R", 4 ], [ "R", 4 ], [ "R", 3 ], [ "R", 3 ], [ "R", 3 ], [ "R", 3 ], [ "W", 3 ], [ "W", 3 ], [ "W", 3 ], [ "W", 3 ], [ "W", 3 ], [ "W", 3 ], [ "W", 4 ], [ "W", 3 ], [ "W", 2 ], [ "W", 2 ], [ "W", 2 ], [ "W", 4 ], [ "W", 2 ], [ "W", 3 ], [ "W", 2 ], [ "R", 2 ] ]
    } ]
  },
  "TagController.getQuestion" : {
    "t" : [ {
      "id" : 0,
      "a" : [ [ "R", 3 ], [ "R", 3 ], [ "R", 3 ] ]
    } ]
  },
  "AnswerController.listAllAnswers" : {
    "t" : [ {
      "id" : 0,
      "a" : [ [ "R", 1 ] ]
    } ]
  },
  "UserController.createQuestion" : {
    "t" : [ {
      "id" : 0,
      "a" : [ [ "R", 4 ], [ "R", 4 ], [ "R", 4 ], [ "R", 4 ], [ "W", 4 ], [ "W", 4 ], [ "R", 4 ] ]
    } ]
  },
  "VoteController.createQuestion" : {
    "t" : [ {
      "id" : 0,
      "a" : [ [ "R", 4 ], [ "R", 4 ], [ "R", 4 ], [ "R", 2 ], [ "R", 2 ], [ "R", 2 ], [ "R", 1 ], [ "R", 1 ], [ "R", 1 ], [ "R", 4 ], [ "R", 2 ], [ "R", 4 ], [ "R", 4 ], [ "R", 2 ], [ "R", 4 ], [ "R", 2 ], [ "R", 4 ], [ "R", 4 ], [ "W", 4 ], [ "R", 4 ], [ "W", 4 ], [ "R", 4 ], [ "R", 1 ], [ "R", 2 ], [ "R", 2 ], [ "R", 4 ], [ "R", 4 ], [ "R", 1 ], [ "R", 2 ], [ "R", 2 ], [ "R", 4 ], [ "R", 1 ], [ "R", 4 ], [ "R", 4 ], [ "W", 4 ], [ "R", 4 ], [ "W", 4 ], [ "W", 4 ], [ "W", 5 ], [ "W", 5 ], [ "W", 2 ], [ "W", 5 ], [ "W", 1 ], [ "W", 5 ], [ "W", 4 ], [ "W", 5 ], [ "W", 5 ], [ "R", 5 ] ]
    } ]
  },
  "UserController.getUser" : {
    "t" : [ {
      "id" : 0,
      "a" : [ [ "R", 4 ], [ "R", 4 ], [ "R", 4 ], [ "W", 4 ], [ "W", 1 ], [ "W", 4 ], [ "W", 2 ], [ "W", 4 ] ]
    } ]
  },
  "QuestionController.getQuestionsByTag" : {
    "t" : [ {
      "id" : 0,
      "a" : [ [ "R", 3 ], [ "R", 3 ], [ "R", 3 ], [ "R", 3 ], [ "R", 2 ], [ "R", 2 ], [ "R", 3 ], [ "R", 3 ] ]
    } ]
  },
  "UserController.listAllUsers" : {
    "t" : [ {
      "id" : 0,
      "a" : [ [ "R", 4 ] ]
    } ]
  },
  "UserController.updateUser" : {
    "t" : [ {
      "id" : 0,
      "a" : [ [ "R", 4 ], [ "R", 4 ], [ "R", 4 ], [ "R", 4 ], [ "W", 4 ], [ "R", 4 ], [ "W", 4 ], [ "W", 4 ] ]
    } ]
  },
  "TagController.listAllQuestions" : {
    "t" : [ {
      "id" : 0,
      "a" : [ [ "R", 3 ] ]
    } ]
  },
  "AnswerController.getAnswersByUser" : {
    "t" : [ {
      "id" : 0,
      "a" : [ [ "R", 4 ], [ "R", 4 ], [ "R", 4 ], [ "R", 4 ], [ "R", 1 ] ]
    } ]
  },
  "QuestionController.getQuestionsByUser" : {
    "t" : [ {
      "id" : 0,
      "a" : [ [ "R", 4 ], [ "R", 4 ], [ "R", 4 ], [ "R", 4 ], [ "R", 2 ] ]
    } ]
  }
}