{
  "TagController.showTag" : {
    "t" : [ {
      "id" : 0,
      "a" : [ [ "R", 8 ], [ "R", 6 ], [ "R", 6 ], [ "R", 3 ], [ "R", 3 ], [ "R", 8 ], [ "R", 3 ], [ "R", 3 ], [ "R", 8 ], [ "R", 3 ] ]
    } ]
  },
  "PostController.index" : {
    "t" : [ {
      "id" : 0,
      "a" : [ [ "R", 3 ] ]
    } ]
  },
  "SympathyController.dislikeIt" : {
    "t" : [ {
      "id" : 0,
      "a" : [ [ "R", 3 ], [ "R", 9 ], [ "R", 9 ], [ "R", 9 ], [ "R", 3 ], [ "R", 3 ], [ "R", 3 ], [ "W", 3 ], [ "W", 3 ], [ "W", 3 ], [ "R", 9 ], [ "R", 9 ], [ "R", 9 ], [ "R", 9 ], [ "W", 9 ], [ "W", 9 ], [ "W", 9 ], [ "R", 9 ], [ "W", 9 ], [ "W", 9 ], [ "W", 3 ], [ "W", 9 ], [ "W", 3 ], [ "R", 3 ], [ "R", 3 ], [ "W", 3 ], [ "R", 3 ], [ "W", 3 ], [ "R", 3 ], [ "R", 4 ], [ "R", 3 ], [ "R", 4 ], [ "R", 4 ], [ "R", 3 ], [ "R", 4 ], [ "W", 4 ], [ "W", 3 ], [ "R", 9 ], [ "R", 2 ], [ "R", 2 ], [ "R", 2 ], [ "R", 9 ], [ "R", 2 ], [ "R", 3 ], [ "R", 2 ], [ "R", 9 ], [ "R", 2 ], [ "R", 3 ], [ "R", 2 ], [ "R", 2 ], [ "R", 2 ], [ "R", 2 ], [ "R", 3 ], [ "R", 2 ], [ "R", 2 ], [ "R", 3 ], [ "W", 2 ], [ "W", 2 ], [ "W", 3 ], [ "W", 2 ], [ "W", 9 ], [ "R", 9 ], [ "R", 9 ], [ "W", 2 ], [ "W", 2 ], [ "W", 2 ], [ "R", 2 ], [ "R", 2 ], [ "R", 2 ], [ "R", 3 ], [ "R", 2 ], [ "R", 3 ] ]
    } ]
  },
  "AdminController.updateSettings" : {
    "t" : [ {
      "id" : 0,
      "a" : [ [ "R", 6 ], [ "W", 6 ], [ "W", 6 ], [ "W", 6 ], [ "R", 6 ], [ "W", 6 ], [ "W", 6 ], [ "W", 6 ], [ "R", 6 ], [ "W", 6 ], [ "W", 6 ], [ "W", 6 ], [ "R", 6 ], [ "W", 6 ], [ "W", 6 ], [ "W", 6 ], [ "R", 6 ], [ "W", 6 ], [ "W", 6 ], [ "W", 6 ], [ "R", 6 ], [ "W", 6 ], [ "W", 6 ], [ "W", 6 ], [ "R", 6 ], [ "W", 6 ], [ "W", 6 ], [ "W", 6 ] ]
    } ]
  },
  "StoredFileController.editFileById" : {
    "t" : [ {
      "id" : 0,
      "a" : [ [ "R", 7 ] ]
    } ]
  },
  "AdminController.index" : {
    "t" : [ {
      "id" : 0,
      "a" : [ [ "R", 3 ], [ "R", 3 ], [ "R", 3 ] ]
    } ]
  },
  "UserController.update" : {
    "t" : [ {
      "id" : 0,
      "a" : [ [ "R", 9 ], [ "R", 9 ], [ "R", 9 ], [ "W", 9 ], [ "W", 9 ], [ "R", 9 ] ]
    } ]
  },
  "PostController.archive" : {
    "t" : [ {
      "id" : 0,
      "a" : [ [ "R", 3 ], [ "R", 3 ], [ "W", 3 ], [ "R", 3 ], [ "W", 3 ], [ "R", 3 ], [ "W", 3 ], [ "R", 3 ], [ "W", 3 ], [ "R", 2 ], [ "R", 2 ], [ "R", 2 ], [ "R", 3 ], [ "R", 2 ], [ "R", 3 ], [ "W", 3 ], [ "R", 3 ], [ "R", 10 ], [ "R", 5 ], [ "W", 3 ] ]
    } ]
  },
  "PostController.create" : {
    "t" : [ {
      "id" : 0,
      "a" : [ [ "R", 3 ], [ "R", 9 ], [ "W", 3 ], [ "W", 9 ], [ "R", 8 ], [ "W", 8 ], [ "W", 8 ], [ "W", 3 ], [ "W", 8 ], [ "R", 3 ], [ "R", 4 ], [ "R", 3 ], [ "R", 4 ], [ "W", 4 ], [ "W", 4 ], [ "W", 4 ], [ "W", 4 ], [ "W", 4 ], [ "W", 3 ], [ "W", 4 ], [ "R", 3 ], [ "R", 3 ], [ "W", 3 ], [ "R", 3 ], [ "W", 3 ], [ "R", 3 ], [ "R", 4 ], [ "R", 3 ], [ "R", 4 ], [ "R", 4 ], [ "R", 3 ], [ "R", 4 ], [ "W", 4 ], [ "W", 3 ] ]
    } ]
  },
  "HomeController.about" : {
    "t" : [ {
      "id" : 0,
      "a" : [ [ "R", 3 ], [ "W", 3 ], [ "W", 3 ], [ "W", 3 ], [ "R", 9 ], [ "R", 9 ], [ "R", 9 ], [ "R", 9 ], [ "W", 9 ], [ "W", 9 ], [ "W", 9 ], [ "R", 9 ], [ "W", 9 ], [ "W", 9 ], [ "W", 3 ], [ "W", 9 ], [ "W", 3 ], [ "R", 3 ], [ "R", 3 ], [ "W", 3 ], [ "R", 3 ], [ "W", 3 ], [ "R", 3 ], [ "R", 4 ], [ "R", 3 ], [ "R", 4 ], [ "R", 4 ], [ "R", 3 ], [ "R", 4 ], [ "W", 4 ], [ "W", 3 ] ]
    } ]
  },
  "SeoRobotAgentController.saveSeoRobotAgent" : {
    "t" : [ {
      "id" : 0,
      "a" : [ [ "R", 5 ], [ "W", 5 ] ]
    } ]
  },
  "PostController.deletePost" : {
    "t" : [ {
      "id" : 0,
      "a" : [ [ "R", 3 ], [ "W", 3 ], [ "W", 3 ] ]
    } ]
  },
  "PostController.show" : {
    "t" : [ {
      "id" : 0,
      "a" : [ [ "R", 3 ], [ "R", 9 ], [ "R", 9 ], [ "R", 9 ], [ "R", 3 ], [ "R", 3 ], [ "R", 3 ], [ "W", 3 ], [ "W", 3 ], [ "W", 3 ], [ "R", 9 ], [ "R", 9 ], [ "R", 9 ], [ "R", 9 ], [ "W", 9 ], [ "W", 9 ], [ "W", 9 ], [ "R", 9 ], [ "W", 9 ], [ "W", 9 ], [ "W", 3 ], [ "W", 9 ], [ "W", 3 ], [ "R", 3 ], [ "R", 3 ], [ "W", 3 ], [ "R", 3 ], [ "W", 3 ], [ "R", 3 ], [ "R", 4 ], [ "R", 3 ], [ "R", 4 ], [ "R", 4 ], [ "R", 3 ], [ "R", 4 ], [ "W", 4 ], [ "W", 3 ], [ "R", 9 ], [ "W", 10 ], [ "W", 10 ], [ "W", 3 ], [ "W", 10 ], [ "W", 9 ], [ "R", 9 ], [ "R", 9 ], [ "W", 10 ], [ "W", 10 ], [ "W", 10 ], [ "R", 3 ], [ "R", 10 ], [ "R", 5 ], [ "W", 3 ], [ "R", 2 ], [ "R", 2 ], [ "R", 2 ], [ "R", 3 ], [ "R", 2 ], [ "R", 3 ], [ "W", 3 ], [ "R", 3 ], [ "R", 4 ], [ "W", 4 ], [ "W", 3 ], [ "R", 3 ], [ "R", 4 ], [ "R", 3 ], [ "R", 3 ], [ "R", 3 ], [ "R", 3 ], [ "R", 3 ], [ "R", 3 ] ]
    } ]
  },
  "UserController.profile" : {
    "t" : [ {
      "id" : 0,
      "a" : [ [ "R", 9 ] ]
    } ]
  },
  "StoredFileController.getFileById" : {
    "t" : [ {
      "id" : 0,
      "a" : [ [ "R", 7 ], [ "R", 7 ], [ "R", 6 ], [ "R", 6 ], [ "W", 7 ], [ "R", 7 ], [ "R", 7 ], [ "R", 7 ], [ "R", 7 ], [ "R", 9 ], [ "R", 9 ], [ "R", 9 ], [ "R", 7 ], [ "R", 7 ], [ "R", 7 ], [ "R", 7 ], [ "R", 7 ], [ "R", 7 ] ]
    } ]
  },
  "TagController.index" : {
    "t" : [ {
      "id" : 0,
      "a" : [ [ "R", 3 ], [ "R", 3 ], [ "R", 8 ], [ "R", 3 ], [ "R", 8 ], [ "R", 3 ], [ "R", 3 ], [ "R", 3 ], [ "R", 3 ], [ "R", 8 ] ]
    } ]
  },
  "StoredFileController.upload" : {
    "t" : [ {
      "id" : 0,
      "a" : [ [ "R", 6 ], [ "R", 6 ], [ "R", 6 ], [ "R", 6 ], [ "R", 6 ], [ "R", 6 ], [ "W", 7 ], [ "R", 9 ], [ "W", 7 ], [ "W", 9 ], [ "W", 7 ], [ "W", 7 ], [ "W", 7 ], [ "W", 7 ] ]
    } ]
  },
  "HomeController.index" : {
    "t" : [ {
      "id" : 0,
      "a" : [ [ "R", 6 ], [ "R", 6 ], [ "R", 3 ], [ "R", 2 ], [ "R", 2 ], [ "R", 2 ], [ "R", 3 ], [ "R", 2 ], [ "R", 3 ], [ "W", 3 ], [ "R", 3 ], [ "R", 10 ], [ "R", 5 ], [ "W", 3 ] ]
    } ]
  },
  "SeoRobotAgentController.deleteSeoRobotAgent" : {
    "t" : [ {
      "id" : 0,
      "a" : [ [ "W", 5 ] ]
    } ]
  },
  "PostController.update" : {
    "t" : [ {
      "id" : 0,
      "a" : [ [ "R", 3 ], [ "R", 3 ], [ "R", 3 ], [ "R", 8 ], [ "R", 8 ], [ "R", 3 ], [ "R", 4 ], [ "R", 3 ], [ "R", 4 ], [ "R", 4 ], [ "R", 3 ], [ "R", 4 ], [ "R", 4 ], [ "R", 3 ], [ "R", 4 ], [ "R", 4 ], [ "R", 3 ], [ "R", 4 ], [ "R", 4 ], [ "R", 3 ], [ "R", 3 ], [ "R", 8 ], [ "W", 8 ], [ "W", 8 ], [ "W", 3 ], [ "W", 8 ], [ "R", 3 ], [ "R", 4 ], [ "R", 3 ], [ "R", 4 ], [ "W", 4 ], [ "W", 4 ], [ "W", 4 ], [ "W", 4 ], [ "W", 4 ], [ "W", 3 ], [ "W", 4 ], [ "R", 3 ], [ "R", 3 ], [ "W", 3 ], [ "R", 3 ], [ "W", 3 ], [ "R", 3 ], [ "R", 4 ], [ "R", 3 ], [ "R", 4 ], [ "R", 4 ], [ "R", 3 ], [ "R", 4 ], [ "W", 4 ], [ "W", 3 ] ]
    } ]
  },
  "StoredFileController.deletePost" : {
    "t" : [ {
      "id" : 0,
      "a" : [ [ "R", 7 ], [ "R", 7 ], [ "W", 7 ] ]
    } ]
  },
  "SitemapController.getSiteMap" : {
    "t" : [ {
      "id" : 0,
      "a" : [ [ "R", 3 ], [ "R", 6 ], [ "R", 6 ], [ "R", 6 ], [ "R", 6 ], [ "R", 3 ], [ "R", 3 ], [ "R", 3 ], [ "R", 3 ], [ "R", 3 ] ]
    } ]
  },
  "SympathyController.likeIt" : {
    "t" : [ {
      "id" : 0,
      "a" : [ [ "R", 3 ], [ "R", 9 ], [ "R", 9 ], [ "R", 9 ], [ "R", 3 ], [ "R", 3 ], [ "R", 3 ], [ "W", 3 ], [ "W", 3 ], [ "W", 3 ], [ "R", 9 ], [ "R", 9 ], [ "R", 9 ], [ "R", 9 ], [ "W", 9 ], [ "W", 9 ], [ "W", 9 ], [ "R", 9 ], [ "W", 9 ], [ "W", 9 ], [ "W", 3 ], [ "W", 9 ], [ "W", 3 ], [ "R", 3 ], [ "R", 3 ], [ "W", 3 ], [ "R", 3 ], [ "W", 3 ], [ "R", 3 ], [ "R", 4 ], [ "R", 3 ], [ "R", 4 ], [ "R", 4 ], [ "R", 3 ], [ "R", 4 ], [ "W", 4 ], [ "W", 3 ], [ "R", 9 ], [ "R", 2 ], [ "R", 2 ], [ "R", 2 ], [ "R", 9 ], [ "R", 2 ], [ "R", 3 ], [ "R", 2 ], [ "R", 9 ], [ "R", 2 ], [ "R", 3 ], [ "R", 2 ], [ "R", 2 ], [ "R", 2 ], [ "R", 2 ], [ "R", 3 ], [ "R", 2 ], [ "R", 2 ], [ "R", 3 ], [ "W", 2 ], [ "W", 2 ], [ "W", 3 ], [ "W", 2 ], [ "W", 9 ], [ "R", 9 ], [ "R", 9 ], [ "W", 2 ], [ "W", 2 ], [ "W", 2 ], [ "R", 2 ], [ "R", 2 ], [ "R", 2 ], [ "R", 3 ], [ "R", 2 ], [ "R", 3 ] ]
    } ]
  },
  "StatisticsController.getVisitsChart" : {
    "t" : [ {
      "id" : 0,
      "a" : [ [ "R", 10 ], [ "R", 5 ], [ "R", 3 ] ]
    } ]
  },
  "StatisticsController.getVisitsChartByPeriodAndPostsIdList" : {
    "t" : [ {
      "id" : 0,
      "a" : [ [ "R", 10 ], [ "R", 5 ], [ "R", 3 ] ]
    } ]
  },
  "SeoRobotAgentController.editSeoRobotAgent" : {
    "t" : [ {
      "id" : 0,
      "a" : [ [ "R", 5 ] ]
    } ]
  },
  "PostController.editPost" : {
    "t" : [ {
      "id" : 0,
      "a" : [ [ "R", 3 ], [ "R", 3 ], [ "R", 3 ], [ "R", 8 ], [ "R", 8 ], [ "R", 3 ], [ "R", 4 ], [ "R", 3 ], [ "R", 4 ], [ "R", 4 ], [ "R", 3 ], [ "R", 4 ], [ "R", 4 ], [ "R", 3 ], [ "R", 4 ], [ "R", 4 ], [ "R", 3 ], [ "R", 4 ], [ "R", 4 ] ]
    } ]
  },
  "NotificatorController.sendTelegramAnnounce" : {
    "t" : [ {
      "id" : 0,
      "a" : [ [ "R", 3 ], [ "R", 3 ], [ "R", 3 ], [ "R", 3 ], [ "R", 6 ], [ "R", 6 ], [ "R", 3 ], [ "R", 3 ], [ "R", 3 ], [ "R", 3 ], [ "R", 3 ], [ "R", 3 ] ]
    } ]
  },
  "StoredFileController.index" : {
    "t" : [ {
      "id" : 0,
      "a" : [ [ "R", 7 ] ]
    } ]
  },
  "StoredFileController.saveFile" : {
    "t" : [ {
      "id" : 0,
      "a" : [ [ "R", 7 ], [ "R", 9 ], [ "W", 7 ], [ "W", 9 ], [ "W", 7 ], [ "W", 7 ] ]
    } ]
  },
  "SeoRobotAgentController.getSeoRobotsAgents" : {
    "t" : [ {
      "id" : 0,
      "a" : [ [ "R", 5 ] ]
    } ]
  }
}