{
  "PetController.processCreationForm" : {
    "t" : [ {
      "id" : 0,
      "a" : [ [ "R", 5 ], [ "R", 5 ], [ "R", 5 ], [ "R", 3 ], [ "R", 5 ], [ "W", 3 ], [ "W", 5 ], [ "R", 3 ], [ "R", 5 ], [ "R", 5 ], [ "R", 5 ], [ "R", 3 ], [ "R", 5 ], [ "W", 3 ], [ "W", 5 ], [ "R", 3 ], [ "R", 5 ], [ "W", 3 ], [ "W", 5 ], [ "W", 5 ], [ "W", 3 ], [ "W", 5 ] ]
    } ]
  },
  "OwnerController.initUpdateOwnerForm" : {
    "t" : [ {
      "id" : 0,
      "a" : [ [ "R", 3 ], [ "R", 3 ], [ "R", 5 ], [ "R", 3 ], [ "R", 3 ] ]
    } ]
  },
  "OwnerController.showOwner" : {
    "t" : [ {
      "id" : 0,
      "a" : [ [ "R", 3 ], [ "R", 3 ], [ "R", 5 ], [ "R", 3 ], [ "R", 3 ] ]
    } ]
  },
  "PetController.initCreationForm" : {
    "t" : [ {
      "id" : 0,
      "a" : [ [ "W", 5 ], [ "R", 3 ], [ "R", 5 ], [ "W", 3 ], [ "W", 5 ], [ "R", 3 ], [ "R", 5 ], [ "W", 3 ], [ "W", 5 ], [ "W", 5 ], [ "W", 3 ] ]
    } ]
  },
  "VisitController.processNewVisitForm" : {
    "t" : [ {
      "id" : 0,
      "a" : [ [ "W", 9 ] ]
    } ]
  },
  "OwnerController.processCreationForm" : {
    "t" : [ {
      "id" : 0,
      "a" : [ [ "W", 3 ], [ "R", 3 ] ]
    } ]
  },
  "OwnerController.processFindForm" : {
    "t" : [ {
      "id" : 0,
      "a" : [ [ "R", 3 ], [ "W", 3 ], [ "R", 3 ], [ "R", 3 ], [ "R", 3 ], [ "R", 5 ], [ "R", 3 ], [ "R", 3 ], [ "R", 3 ] ]
    } ]
  },
  "PetController.initUpdateForm" : {
    "t" : [ {
      "id" : 0,
      "a" : [ [ "R", 5 ] ]
    } ]
  },
  "VetController.showResourcesVetList" : {
    "t" : [ {
      "id" : 0,
      "a" : [ [ "R", 8 ] ]
    } ]
  },
  "VetController.showVetList" : {
    "t" : [ {
      "id" : 0,
      "a" : [ [ "R", 8 ] ]
    } ]
  },
  "VisitController.showVisits" : {
    "t" : [ {
      "id" : 0,
      "a" : [ [ "R", 5 ], [ "R", 5 ], [ "R", 9 ], [ "W", 5 ], [ "W", 9 ], [ "R", 5 ], [ "R", 9 ] ]
    } ]
  },
  "OwnerController.processUpdateOwnerForm" : {
    "t" : [ {
      "id" : 0,
      "a" : [ [ "W", 3 ], [ "W", 3 ] ]
    } ]
  },
  "PetController.processUpdateForm" : {
    "t" : [ {
      "id" : 0,
      "a" : [ [ "R", 3 ], [ "R", 5 ], [ "W", 3 ], [ "W", 5 ], [ "R", 3 ], [ "R", 5 ], [ "W", 3 ], [ "W", 5 ], [ "W", 5 ], [ "W", 3 ], [ "W", 5 ] ]
    } ]
  }
}