{
  "PermissionController.getAll" : {
    "t" : [ {
      "id" : 0,
      "a" : [ [ "R", 2 ] ]
    } ]
  },
  "TeacherController.uploadVideo" : {
    "t" : [ {
      "id" : 0,
      "a" : [ [ "W", 11 ], [ "W", 11 ], [ "W", 11 ], [ "W", 11 ], [ "W", 11 ] ]
    } ]
  },
  "PermissionController.deleteOne" : {
    "t" : [ {
      "id" : 0,
      "a" : [ [ "W", 2 ] ]
    } ]
  },
  "TeacherController.viewClass" : {
    "t" : [ {
      "id" : 0,
      "a" : [ [ "R", 3 ], [ "R", 13 ], [ "R", 13 ], [ "R", 1 ], [ "R", 1 ], [ "R", 10 ], [ "R", 3 ], [ "R", 3 ], [ "R", 3 ], [ "R", 3 ], [ "R", 3 ], [ "R", 3 ], [ "R", 3 ], [ "R", 3 ], [ "R", 3 ], [ "R", 3 ], [ "R", 3 ], [ "R", 6 ] ]
    } ]
  },
  "UserController.deleteUser" : {
    "t" : [ {
      "id" : 0,
      "a" : [ [ "W", 13 ] ]
    } ]
  },
  "RoleController.deletePerById" : {
    "t" : [ {
      "id" : 0,
      "a" : [ [ "R", 8 ], [ "W", 8 ], [ "W", 2 ], [ "W", 8 ] ]
    } ]
  },
  "ClassController.getClassesByTid" : {
    "t" : [ {
      "id" : 0,
      "a" : [ [ "R", 3 ], [ "R", 3 ] ]
    } ]
  },
  "RoleController.deleteOne" : {
    "t" : [ {
      "id" : 0,
      "a" : [ [ "R", 9 ], [ "W", 9 ] ]
    } ]
  },
  "TeacherController.courseEdit" : {
    "t" : [ {
      "id" : 0,
      "a" : [ [ "R", 4 ] ]
    } ]
  },
  "ClassController.getClassByTid" : {
    "t" : [ {
      "id" : 0,
      "a" : [ [ "R", 3 ] ]
    } ]
  },
  "TeacherController.saveTreeNode" : {
    "t" : [ {
      "id" : 0,
      "a" : [ [ "R", 4 ], [ "R", 4 ], [ "R", 4 ], [ "W", 4 ], [ "W", 4 ] ]
    } ]
  },
  "UserInfoController.getAccountInfoList" : {
    "t" : [ {
      "id" : 0,
      "a" : [ [ "R", 12 ] ]
    } ]
  },
  "ClassController.saveOneclass" : {
    "t" : [ {
      "id" : 0,
      "a" : [ [ "W", 3 ], [ "W", 3 ], [ "W", 3 ], [ "W", 3 ], [ "R", 6 ], [ "W", 3 ], [ "W", 6 ], [ "W", 3 ], [ "W", 3 ], [ "W", 3 ], [ "W", 3 ], [ "W", 3 ], [ "R", 3 ], [ "W", 4 ], [ "R", 3 ], [ "R", 6 ], [ "R", 6 ], [ "W", 4 ], [ "W", 4 ], [ "W", 4 ], [ "W", 4 ] ]
    } ]
  },
  "UserInfoController.getUserinfowithPage" : {
    "t" : [ {
      "id" : 0,
      "a" : [ [ "R", 12 ] ]
    } ]
  },
  "CourseController.viewCourse" : {
    "t" : [ {
      "id" : 0,
      "a" : [ [ "R", 3 ], [ "R", 3 ], [ "R", 13 ], [ "R", 13 ], [ "R", 1 ], [ "R", 1 ], [ "R", 13 ], [ "R", 1 ], [ "R", 1 ], [ "R", 10 ], [ "R", 4 ], [ "R", 4 ], [ "R", 4 ], [ "R", 4 ], [ "R", 4 ] ]
    } ]
  },
  "CourseController.getCourseTree" : {
    "t" : [ {
      "id" : 0,
      "a" : [ [ "R", 4 ], [ "R", 4 ], [ "R", 4 ], [ "R", 4 ], [ "R", 4 ] ]
    } ]
  },
  "UserController.changePassword" : {
    "t" : [ {
      "id" : 0,
      "a" : [ [ "R", 13 ], [ "R", 13 ], [ "W", 13 ], [ "W", 13 ], [ "W", 13 ] ]
    } ]
  },
  "UserController.register" : {
    "t" : [ {
      "id" : 0,
      "a" : [ [ "W", 13 ], [ "W", 13 ], [ "W", 13 ], [ "W", 13 ] ]
    } ]
  },
  "PermissionController.saveOne" : {
    "t" : [ {
      "id" : 0,
      "a" : [ [ "W", 2 ], [ "R", 2 ], [ "R", 2 ], [ "R", 2 ] ]
    } ]
  },
  "RoleController.getAll" : {
    "t" : [ {
      "id" : 0,
      "a" : [ [ "R", 9 ], [ "R", 9 ] ]
    } ]
  },
  "RoleController.getAuthoritiesByroleid" : {
    "t" : [ {
      "id" : 0,
      "a" : [ [ "R", 8 ] ]
    } ]
  },
  "ClassController.getClassByid" : {
    "t" : [ {
      "id" : 0,
      "a" : [ [ "R", 3 ] ]
    } ]
  },
  "UserInfoController.deletebyAid" : {
    "t" : [ {
      "id" : 0,
      "a" : [ [ "W", 1 ] ]
    } ]
  },
  "TeacherController.updateTreeNode" : {
    "t" : [ {
      "id" : 0,
      "a" : [ [ "W", 4 ] ]
    } ]
  },
  "UserInfoController.save" : {
    "t" : [ {
      "id" : 0,
      "a" : [ [ "R", 13 ], [ "R", 13 ], [ "R", 1 ], [ "R", 1 ], [ "W", 1 ], [ "W", 13 ], [ "W", 1 ], [ "W", 13 ], [ "R", 13 ], [ "R", 1 ] ]
    } ]
  },
  "RoleController.addPermissions" : {
    "t" : [ {
      "id" : 0,
      "a" : [ [ "W", 8 ], [ "R", 2 ], [ "W", 8 ], [ "W", 8 ] ]
    } ]
  },
  "UserController.register_r" : {
    "t" : [ {
      "id" : 0,
      "a" : [ [ "W", 13 ], [ "W", 13 ], [ "W", 13 ], [ "W", 1 ], [ "W", 13 ], [ "W", 13 ] ]
    } ]
  },
  "PermissionController.update" : {
    "t" : [ {
      "id" : 0,
      "a" : [ [ "R", 2 ], [ "W", 2 ], [ "R", 2 ], [ "R", 2 ], [ "R", 2 ] ]
    } ]
  },
  "RoleController.saveOne" : {
    "t" : [ {
      "id" : 0,
      "a" : [ [ "W", 9 ], [ "R", 9 ], [ "R", 9 ], [ "R", 9 ] ]
    } ]
  },
  "UserController.batchRegister" : {
    "t" : [ {
      "id" : 0,
      "a" : [ [ "W", 13 ], [ "W", 13 ], [ "W", 13 ], [ "R", 13 ], [ "W", 13 ], [ "W", 13 ], [ "R", 13 ], [ "W", 1 ], [ "W", 1 ], [ "W", 1 ], [ "W", 1 ], [ "W", 1 ], [ "W", 1 ], [ "W", 1 ], [ "W", 13 ], [ "W", 1 ] ]
    } ]
  },
  "CourseController.getCourseNode" : {
    "t" : [ {
      "id" : 0,
      "a" : [ [ "R", 4 ] ]
    } ]
  },
  "UserController.loginPage" : {
    "t" : [ {
      "id" : 0,
      "a" : [ [ "R", 9 ] ]
    } ]
  },
  "RoleController.update" : {
    "t" : [ {
      "id" : 0,
      "a" : [ [ "R", 9 ], [ "W", 9 ], [ "R", 9 ], [ "R", 9 ], [ "R", 9 ] ]
    } ]
  },
  "TeacherController.uploadKejian" : {
    "t" : [ {
      "id" : 0,
      "a" : [ [ "W", 11 ], [ "W", 11 ], [ "W", 11 ], [ "W", 11 ], [ "R", 11 ], [ "W", 11 ] ]
    } ]
  },
  "CourseController.getAllCourse" : {
    "t" : [ {
      "id" : 0,
      "a" : [ [ "R", 6 ] ]
    } ]
  },
  "CourseController.videoPlay" : {
    "t" : [ {
      "id" : 0,
      "a" : [ [ "R", 4 ], [ "R", 4 ], [ "R", 4 ], [ "R", 4 ], [ "R", 4 ], [ "R", 4 ], [ "R", 4 ], [ "R", 4 ] ]
    } ]
  },
  "TeacherController.deleteTreeNode" : {
    "t" : [ {
      "id" : 0,
      "a" : [ [ "W", 4 ] ]
    } ]
  },
  "UserInfoController.getOneAccountInfo" : {
    "t" : [ {
      "id" : 0,
      "a" : [ [ "R", 12 ] ]
    } ]
  },
  "UserInfoController.update" : {
    "t" : [ {
      "id" : 0,
      "a" : [ [ "W", 1 ] ]
    } ]
  }
}