{
  "1" : "AdCompany",
  "2" : "AnchorTextData",
  "3" : "BacklinkData",
  "4" : "ChiveImage",
  "5" : "CompetitorSearch",
  "6" : "Domain",
  "7" : "DomainAd",
  "8" : "DomainRank",
  "9" : "DomainSearchKeyword",
  "10" : "FollowRun",
  "11" : "Followee",
  "12" : "IndexItemInfoRow",
  "13" : "NativeAd",
  "14" : "PageSpeedInsights",
  "15" : "Project",
  "16" : "ProjectUrl",
  "17" : "RedditImage",
  "18" : "Role",
  "19" : "SeoStrategy",
  "20" : "StrategyKeyword",
  "21" : "TwitterUser",
  "22" : "UrlValue",
  "23" : "User",
  "24" : "UserConfig",
  "25" : "ViralContent",
  "26" : "ViralFacebook",
  "27" : "ViralTweet"
}