{
  "TwitterCallbackController.twitterCallback" : {
    "t" : [ {
      "id" : 0,
      "a" : [ [ "R", 21 ], [ "R", 21 ], [ "R", 21 ], [ "W", 21 ], [ "W", 21 ], [ "W", 21 ], [ "W", 21 ], [ "W", 18 ], [ "W", 21 ], [ "W", 18 ], [ "W", 18 ], [ "W", 18 ], [ "W", 21 ], [ "W", 18 ], [ "W", 21 ], [ "R", 21 ], [ "R", 24 ], [ "W", 24 ], [ "W", 24 ], [ "W", 24 ], [ "W", 24 ], [ "W", 24 ], [ "W", 24 ], [ "W", 21 ], [ "W", 24 ], [ "W", 21 ], [ "W", 21 ], [ "R", 21 ], [ "R", 21 ], [ "R", 21 ], [ "R", 21 ], [ "R", 21 ], [ "R", 21 ], [ "R", 21 ], [ "W", 21 ], [ "W", 21 ], [ "W", 21 ], [ "W", 24 ], [ "R", 21 ] ]
    } ]
  },
  "BlastFollowController.blastfollow" : {
    "t" : [ {
      "id" : 0,
      "a" : [ [ "R", 21 ], [ "R", 21 ], [ "R", 21 ], [ "W", 21 ], [ "W", 21 ], [ "W", 21 ], [ "W", 21 ], [ "W", 18 ], [ "W", 21 ], [ "W", 18 ], [ "W", 18 ], [ "W", 18 ], [ "W", 21 ], [ "W", 18 ], [ "W", 21 ], [ "R", 21 ], [ "R", 24 ], [ "W", 24 ], [ "W", 24 ], [ "W", 24 ], [ "W", 24 ], [ "W", 24 ], [ "W", 24 ], [ "W", 21 ], [ "W", 24 ], [ "W", 21 ], [ "W", 21 ], [ "R", 21 ], [ "R", 21 ], [ "R", 21 ], [ "R", 21 ], [ "R", 21 ], [ "R", 21 ], [ "R", 21 ], [ "W", 21 ], [ "W", 21 ], [ "W", 21 ], [ "W", 24 ], [ "R", 21 ], [ "R", 21 ], [ "R", 18 ], [ "R", 21 ], [ "R", 18 ], [ "R", 18 ] ]
    } ]
  },
  "FollowTweepController.followTweep" : {
    "t" : [ {
      "id" : 0,
      "a" : [ [ "W", 11 ] ]
    } ]
  },
  "AgreeTosController.agreeTos" : {
    "t" : [ {
      "id" : 0,
      "a" : [ [ "R", 21 ], [ "R", 21 ], [ "R", 21 ], [ "W", 21 ], [ "W", 21 ], [ "W", 21 ], [ "W", 21 ], [ "W", 18 ], [ "W", 21 ], [ "W", 18 ], [ "W", 18 ], [ "W", 18 ], [ "W", 21 ], [ "W", 18 ], [ "W", 21 ], [ "R", 21 ], [ "R", 24 ], [ "W", 24 ], [ "W", 24 ], [ "W", 24 ], [ "W", 24 ], [ "W", 24 ], [ "W", 24 ], [ "W", 21 ], [ "W", 24 ], [ "W", 21 ], [ "W", 21 ], [ "R", 21 ], [ "R", 21 ], [ "R", 21 ], [ "R", 21 ], [ "R", 21 ], [ "R", 21 ], [ "R", 21 ], [ "W", 21 ], [ "W", 21 ], [ "W", 21 ], [ "W", 24 ], [ "R", 21 ], [ "R", 21 ], [ "R", 21 ], [ "R", 24 ], [ "W", 24 ], [ "W", 24 ] ]
    } ]
  },
  "SeoStrategyViewController.projectView" : {
    "t" : [ {
      "id" : 0,
      "a" : [ [ "R", 21 ], [ "R", 21 ], [ "R", 21 ], [ "W", 21 ], [ "W", 21 ], [ "W", 21 ], [ "W", 21 ], [ "W", 18 ], [ "W", 21 ], [ "W", 18 ], [ "W", 18 ], [ "W", 18 ], [ "W", 21 ], [ "W", 18 ], [ "W", 21 ], [ "R", 21 ], [ "R", 24 ], [ "W", 24 ], [ "W", 24 ], [ "W", 24 ], [ "W", 24 ], [ "W", 24 ], [ "W", 24 ], [ "W", 21 ], [ "W", 24 ], [ "W", 21 ], [ "W", 21 ], [ "R", 21 ], [ "R", 21 ], [ "R", 21 ], [ "R", 21 ], [ "R", 21 ], [ "R", 21 ], [ "R", 21 ], [ "W", 21 ], [ "W", 21 ], [ "W", 21 ], [ "W", 24 ], [ "R", 21 ], [ "R", 21 ], [ "R", 18 ], [ "R", 21 ], [ "R", 18 ], [ "R", 18 ], [ "R", 21 ], [ "R", 21 ], [ "R", 24 ], [ "R", 21 ], [ "R", 24 ], [ "R", 24 ], [ "R", 19 ], [ "R", 19 ], [ "R", 16 ], [ "R", 16 ], [ "R", 15 ], [ "R", 15 ], [ "R", 21 ], [ "R", 21 ], [ "R", 21 ], [ "R", 9 ], [ "R", 9 ], [ "R", 9 ], [ "R", 9 ], [ "R", 16 ], [ "R", 9 ], [ "R", 19 ], [ "R", 20 ], [ "R", 19 ], [ "R", 20 ], [ "R", 20 ], [ "R", 20 ], [ "R", 9 ], [ "R", 9 ], [ "R", 9 ], [ "R", 9 ], [ "W", 20 ], [ "R", 9 ], [ "R", 9 ], [ "R", 9 ], [ "R", 9 ], [ "R", 16 ], [ "R", 9 ], [ "R", 19 ], [ "R", 20 ], [ "R", 19 ], [ "R", 20 ], [ "R", 20 ], [ "R", 20 ], [ "R", 9 ], [ "R", 9 ], [ "R", 9 ], [ "R", 9 ], [ "W", 20 ], [ "R", 16 ], [ "R", 16 ] ]
    } ]
  },
  "CreateSeoStrategyController.createProjectSubmit" : {
    "t" : [ {
      "id" : 0,
      "a" : [ [ "R", 21 ], [ "R", 18 ], [ "R", 21 ], [ "R", 18 ], [ "R", 18 ], [ "R", 15 ], [ "R", 15 ], [ "R", 21 ], [ "R", 21 ], [ "R", 21 ], [ "R", 16 ], [ "R", 19 ], [ "R", 19 ], [ "R", 19 ], [ "R", 16 ], [ "R", 19 ], [ "R", 16 ], [ "R", 9 ], [ "R", 9 ], [ "R", 9 ], [ "R", 9 ], [ "R", 16 ], [ "R", 9 ], [ "R", 9 ], [ "R", 9 ], [ "R", 9 ], [ "R", 9 ], [ "R", 16 ], [ "R", 9 ], [ "W", 19 ], [ "W", 16 ], [ "W", 19 ], [ "R", 19 ], [ "W", 19 ], [ "W", 19 ], [ "W", 20 ], [ "R", 9 ], [ "R", 9 ], [ "R", 9 ], [ "R", 9 ], [ "W", 9 ], [ "W", 9 ], [ "W", 20 ], [ "R", 9 ], [ "R", 9 ], [ "R", 9 ], [ "R", 9 ], [ "W", 9 ], [ "W", 9 ], [ "W", 20 ], [ "W", 20 ], [ "W", 19 ], [ "W", 20 ], [ "R", 16 ], [ "R", 16 ], [ "R", 16 ], [ "R", 16 ], [ "R", 16 ], [ "R", 16 ], [ "R", 16 ], [ "W", 20 ], [ "R", 9 ], [ "R", 9 ], [ "R", 9 ], [ "R", 9 ], [ "W", 9 ], [ "W", 9 ], [ "W", 20 ], [ "R", 9 ], [ "R", 9 ], [ "R", 9 ], [ "R", 9 ], [ "W", 9 ], [ "W", 9 ], [ "W", 20 ], [ "W", 20 ], [ "W", 19 ], [ "W", 20 ], [ "R", 16 ], [ "R", 16 ], [ "R", 16 ], [ "R", 16 ], [ "R", 16 ], [ "R", 16 ], [ "R", 16 ], [ "R", 16 ], [ "R", 16 ], [ "R", 16 ], [ "R", 16 ], [ "R", 16 ], [ "R", 16 ], [ "R", 16 ], [ "R", 16 ], [ "R", 16 ], [ "R", 20 ], [ "R", 20 ], [ "R", 20 ], [ "R", 20 ], [ "W", 20 ], [ "W", 20 ], [ "R", 9 ], [ "R", 9 ], [ "R", 9 ], [ "R", 9 ], [ "W", 9 ], [ "W", 9 ], [ "R", 19 ] ]
    } ]
  },
  "AutoFollowController.autofollow" : {
    "t" : [ {
      "id" : 0,
      "a" : [ [ "R", 21 ], [ "R", 21 ], [ "R", 21 ], [ "W", 21 ], [ "W", 21 ], [ "W", 21 ], [ "W", 21 ], [ "W", 18 ], [ "W", 21 ], [ "W", 18 ], [ "W", 18 ], [ "W", 18 ], [ "W", 21 ], [ "W", 18 ], [ "W", 21 ], [ "R", 21 ], [ "R", 24 ], [ "W", 24 ], [ "W", 24 ], [ "W", 24 ], [ "W", 24 ], [ "W", 24 ], [ "W", 24 ], [ "W", 21 ], [ "W", 24 ], [ "W", 21 ], [ "W", 21 ], [ "R", 21 ], [ "R", 21 ], [ "R", 21 ], [ "R", 21 ], [ "R", 21 ], [ "R", 21 ], [ "R", 21 ], [ "W", 21 ], [ "W", 21 ], [ "W", 21 ], [ "W", 24 ], [ "R", 21 ], [ "R", 21 ], [ "R", 18 ], [ "R", 21 ], [ "R", 18 ], [ "R", 18 ] ]
    } ]
  },
  "FollowFollowersController.autofollow" : {
    "t" : [ {
      "id" : 0,
      "a" : [ [ "R", 21 ], [ "R", 21 ], [ "R", 21 ], [ "W", 21 ], [ "W", 21 ], [ "W", 21 ], [ "W", 21 ], [ "W", 18 ], [ "W", 21 ], [ "W", 18 ], [ "W", 18 ], [ "W", 18 ], [ "W", 21 ], [ "W", 18 ], [ "W", 21 ], [ "R", 21 ], [ "R", 24 ], [ "W", 24 ], [ "W", 24 ], [ "W", 24 ], [ "W", 24 ], [ "W", 24 ], [ "W", 24 ], [ "W", 21 ], [ "W", 24 ], [ "W", 21 ], [ "W", 21 ], [ "R", 21 ], [ "R", 21 ], [ "R", 21 ], [ "R", 21 ], [ "R", 21 ], [ "R", 21 ], [ "R", 21 ], [ "W", 21 ], [ "W", 21 ], [ "W", 21 ], [ "W", 24 ], [ "R", 21 ], [ "R", 21 ], [ "R", 18 ], [ "R", 21 ], [ "R", 18 ], [ "R", 18 ] ]
    } ]
  },
  "EditProjectController.createProject" : {
    "t" : [ {
      "id" : 0,
      "a" : [ [ "R", 21 ], [ "R", 21 ], [ "R", 21 ], [ "W", 21 ], [ "W", 21 ], [ "W", 21 ], [ "W", 21 ], [ "W", 18 ], [ "W", 21 ], [ "W", 18 ], [ "W", 18 ], [ "W", 18 ], [ "W", 21 ], [ "W", 18 ], [ "W", 21 ], [ "R", 21 ], [ "R", 24 ], [ "W", 24 ], [ "W", 24 ], [ "W", 24 ], [ "W", 24 ], [ "W", 24 ], [ "W", 24 ], [ "W", 21 ], [ "W", 24 ], [ "W", 21 ], [ "W", 21 ], [ "R", 21 ], [ "R", 21 ], [ "R", 21 ], [ "R", 21 ], [ "R", 21 ], [ "R", 21 ], [ "R", 21 ], [ "W", 21 ], [ "W", 21 ], [ "W", 21 ], [ "W", 24 ], [ "R", 21 ], [ "R", 21 ], [ "R", 18 ], [ "R", 21 ], [ "R", 18 ], [ "R", 18 ], [ "R", 21 ], [ "R", 21 ], [ "R", 24 ], [ "R", 21 ], [ "R", 24 ], [ "R", 24 ], [ "R", 15 ], [ "R", 15 ], [ "R", 21 ], [ "R", 21 ], [ "R", 21 ], [ "R", 15 ], [ "R", 15 ], [ "R", 15 ] ]
    } ]
  },
  "DeleteSeoStrategyController.createProjectUrl" : {
    "t" : [ {
      "id" : 0,
      "a" : [ [ "R", 21 ], [ "R", 21 ], [ "R", 21 ], [ "W", 21 ], [ "W", 21 ], [ "W", 21 ], [ "W", 21 ], [ "W", 18 ], [ "W", 21 ], [ "W", 18 ], [ "W", 18 ], [ "W", 18 ], [ "W", 21 ], [ "W", 18 ], [ "W", 21 ], [ "R", 21 ], [ "R", 24 ], [ "W", 24 ], [ "W", 24 ], [ "W", 24 ], [ "W", 24 ], [ "W", 24 ], [ "W", 24 ], [ "W", 21 ], [ "W", 24 ], [ "W", 21 ], [ "W", 21 ], [ "R", 21 ], [ "R", 21 ], [ "R", 21 ], [ "R", 21 ], [ "R", 21 ], [ "R", 21 ], [ "R", 21 ], [ "W", 21 ], [ "W", 21 ], [ "W", 21 ], [ "W", 24 ], [ "R", 21 ], [ "R", 21 ], [ "R", 18 ], [ "R", 21 ], [ "R", 18 ], [ "R", 18 ], [ "R", 21 ], [ "R", 21 ], [ "R", 24 ], [ "R", 21 ], [ "R", 24 ], [ "R", 24 ], [ "R", 19 ], [ "R", 19 ], [ "R", 16 ], [ "R", 16 ], [ "R", 15 ], [ "R", 15 ], [ "R", 21 ], [ "R", 21 ], [ "R", 21 ], [ "W", 19 ] ]
    } ]
  },
  "EditSeoStrategyController.createProjectUrl" : {
    "t" : [ {
      "id" : 0,
      "a" : [ [ "R", 21 ], [ "R", 21 ], [ "R", 21 ], [ "W", 21 ], [ "W", 21 ], [ "W", 21 ], [ "W", 21 ], [ "W", 18 ], [ "W", 21 ], [ "W", 18 ], [ "W", 18 ], [ "W", 18 ], [ "W", 21 ], [ "W", 18 ], [ "W", 21 ], [ "R", 21 ], [ "R", 24 ], [ "W", 24 ], [ "W", 24 ], [ "W", 24 ], [ "W", 24 ], [ "W", 24 ], [ "W", 24 ], [ "W", 21 ], [ "W", 24 ], [ "W", 21 ], [ "W", 21 ], [ "R", 21 ], [ "R", 21 ], [ "R", 21 ], [ "R", 21 ], [ "R", 21 ], [ "R", 21 ], [ "R", 21 ], [ "W", 21 ], [ "W", 21 ], [ "W", 21 ], [ "W", 24 ], [ "R", 21 ], [ "R", 21 ], [ "R", 18 ], [ "R", 21 ], [ "R", 18 ], [ "R", 18 ], [ "R", 21 ], [ "R", 21 ], [ "R", 24 ], [ "R", 21 ], [ "R", 24 ], [ "R", 24 ], [ "R", 19 ], [ "R", 19 ], [ "R", 16 ], [ "R", 16 ], [ "R", 15 ], [ "R", 15 ], [ "R", 21 ], [ "R", 21 ], [ "R", 21 ], [ "R", 15 ], [ "R", 15 ], [ "R", 19 ], [ "R", 19 ], [ "R", 19 ], [ "R", 19 ], [ "R", 19 ], [ "R", 9 ], [ "R", 9 ], [ "R", 9 ], [ "R", 9 ], [ "R", 16 ], [ "R", 9 ], [ "R", 19 ], [ "R", 20 ], [ "R", 19 ], [ "R", 20 ] ]
    } ]
  },
  "AnchorTextsController.projectView" : {
    "t" : [ {
      "id" : 0,
      "a" : [ [ "R", 21 ], [ "R", 21 ], [ "R", 21 ], [ "W", 21 ], [ "W", 21 ], [ "W", 21 ], [ "W", 21 ], [ "W", 18 ], [ "W", 21 ], [ "W", 18 ], [ "W", 18 ], [ "W", 18 ], [ "W", 21 ], [ "W", 18 ], [ "W", 21 ], [ "R", 21 ], [ "R", 24 ], [ "W", 24 ], [ "W", 24 ], [ "W", 24 ], [ "W", 24 ], [ "W", 24 ], [ "W", 24 ], [ "W", 21 ], [ "W", 24 ], [ "W", 21 ], [ "W", 21 ], [ "R", 21 ], [ "R", 21 ], [ "R", 21 ], [ "R", 21 ], [ "R", 21 ], [ "R", 21 ], [ "R", 21 ], [ "W", 21 ], [ "W", 21 ], [ "W", 21 ], [ "W", 24 ], [ "R", 21 ], [ "R", 21 ], [ "R", 18 ], [ "R", 21 ], [ "R", 18 ], [ "R", 18 ], [ "R", 21 ], [ "R", 21 ], [ "R", 24 ], [ "R", 21 ], [ "R", 24 ], [ "R", 24 ], [ "R", 16 ], [ "R", 16 ], [ "R", 15 ], [ "R", 15 ], [ "R", 21 ], [ "R", 21 ], [ "R", 21 ], [ "R", 2 ], [ "R", 2 ], [ "R", 2 ], [ "R", 16 ], [ "R", 2 ] ]
    } ]
  },
  "FollowFollowerController.followTweep" : {
    "t" : [ {
      "id" : 0,
      "a" : [ [ "W", 11 ] ]
    } ]
  },
  "ProjectViewController.projectView" : {
    "t" : [ {
      "id" : 0,
      "a" : [ [ "R", 21 ], [ "R", 21 ], [ "R", 21 ], [ "W", 21 ], [ "W", 21 ], [ "W", 21 ], [ "W", 21 ], [ "W", 18 ], [ "W", 21 ], [ "W", 18 ], [ "W", 18 ], [ "W", 18 ], [ "W", 21 ], [ "W", 18 ], [ "W", 21 ], [ "R", 21 ], [ "R", 24 ], [ "W", 24 ], [ "W", 24 ], [ "W", 24 ], [ "W", 24 ], [ "W", 24 ], [ "W", 24 ], [ "W", 21 ], [ "W", 24 ], [ "W", 21 ], [ "W", 21 ], [ "R", 21 ], [ "R", 21 ], [ "R", 21 ], [ "R", 21 ], [ "R", 21 ], [ "R", 21 ], [ "R", 21 ], [ "W", 21 ], [ "W", 21 ], [ "W", 21 ], [ "W", 24 ], [ "R", 21 ], [ "R", 21 ], [ "R", 18 ], [ "R", 21 ], [ "R", 18 ], [ "R", 18 ], [ "R", 21 ], [ "R", 21 ], [ "R", 24 ], [ "R", 21 ], [ "R", 24 ], [ "R", 24 ], [ "R", 15 ], [ "R", 15 ], [ "R", 21 ], [ "R", 21 ], [ "R", 21 ], [ "R", 15 ], [ "R", 16 ], [ "R", 15 ], [ "R", 16 ], [ "R", 15 ], [ "R", 16 ], [ "R", 15 ], [ "R", 16 ] ]
    } ]
  },
  "CreateProjectController.createProjectSubmit" : {
    "t" : [ {
      "id" : 0,
      "a" : [ [ "R", 21 ], [ "R", 18 ], [ "R", 21 ], [ "R", 18 ], [ "R", 18 ], [ "R", 15 ], [ "R", 15 ], [ "R", 15 ], [ "R", 21 ], [ "R", 15 ], [ "R", 21 ], [ "R", 24 ], [ "R", 24 ], [ "R", 21 ], [ "R", 24 ], [ "R", 24 ], [ "W", 15 ], [ "W", 21 ], [ "W", 15 ], [ "W", 15 ], [ "R", 15 ] ]
    } ]
  },
  "CreateProjectUrlController.createProjectSubmit" : {
    "t" : [ {
      "id" : 0,
      "a" : [ [ "R", 21 ], [ "R", 18 ], [ "R", 21 ], [ "R", 18 ], [ "R", 18 ], [ "R", 15 ], [ "R", 15 ], [ "R", 21 ], [ "R", 21 ], [ "R", 21 ], [ "R", 21 ], [ "R", 24 ], [ "R", 24 ], [ "R", 24 ], [ "R", 21 ], [ "R", 21 ], [ "W", 24 ], [ "W", 24 ], [ "W", 24 ], [ "R", 24 ], [ "R", 21 ], [ "R", 21 ], [ "R", 24 ], [ "R", 24 ], [ "R", 24 ], [ "R", 24 ], [ "R", 24 ], [ "R", 21 ], [ "R", 21 ], [ "R", 24 ], [ "R", 24 ], [ "R", 21 ], [ "R", 21 ], [ "R", 24 ], [ "R", 24 ], [ "W", 24 ], [ "W", 24 ], [ "R", 15 ], [ "R", 15 ], [ "R", 15 ], [ "R", 16 ], [ "R", 16 ], [ "R", 16 ], [ "R", 15 ], [ "R", 21 ], [ "R", 24 ], [ "R", 24 ], [ "R", 21 ], [ "R", 24 ], [ "R", 24 ], [ "R", 16 ], [ "R", 16 ], [ "R", 16 ], [ "R", 16 ], [ "R", 16 ], [ "R", 16 ], [ "W", 16 ], [ "R", 16 ], [ "R", 16 ], [ "W", 16 ], [ "W", 15 ], [ "W", 16 ], [ "W", 16 ], [ "R", 16 ], [ "R", 16 ], [ "R", 14 ], [ "R", 14 ], [ "R", 14 ], [ "R", 16 ], [ "R", 16 ], [ "R", 16 ], [ "W", 14 ], [ "W", 14 ], [ "W", 14 ], [ "R", 16 ], [ "R", 16 ], [ "W", 14 ], [ "W", 14 ], [ "W", 14 ], [ "R", 16 ], [ "R", 16 ], [ "W", 14 ], [ "W", 16 ], [ "R", 14 ], [ "R", 14 ], [ "W", 14 ], [ "R", 14 ], [ "R", 14 ], [ "W", 14 ], [ "R", 14 ], [ "R", 14 ], [ "W", 14 ], [ "W", 14 ], [ "W", 14 ], [ "R", 16 ], [ "R", 16 ], [ "R", 16 ], [ "R", 16 ], [ "W", 12 ], [ "W", 12 ], [ "W", 12 ], [ "W", 12 ], [ "W", 12 ], [ "W", 12 ], [ "W", 12 ], [ "W", 12 ], [ "W", 12 ], [ "W", 12 ], [ "W", 12 ], [ "W", 12 ], [ "W", 12 ], [ "W", 12 ], [ "W", 12 ], [ "W", 12 ], [ "W", 12 ], [ "W", 12 ], [ "W", 12 ], [ "W", 12 ], [ "W", 12 ], [ "W", 12 ], [ "W", 16 ], [ "R", 12 ], [ "R", 12 ], [ "R", 12 ], [ "R", 16 ], [ "W", 12 ], [ "R", 12 ], [ "R", 12 ], [ "W", 12 ], [ "R", 12 ], [ "R", 12 ], [ "W", 12 ], [ "R", 12 ], [ "R", 12 ], [ "W", 12 ], [ "R", 12 ], [ "R", 12 ], [ "W", 12 ], [ "R", 12 ], [ "R", 12 ], [ "W", 12 ], [ "R", 12 ], [ "R", 12 ], [ "W", 12 ], [ "R", 12 ], [ "R", 12 ], [ "W", 12 ], [ "R", 12 ], [ "R", 12 ], [ "W", 12 ], [ "R", 12 ], [ "R", 12 ], [ "W", 12 ], [ "R", 12 ], [ "R", 12 ], [ "W", 12 ], [ "R", 12 ], [ "R", 12 ], [ "W", 12 ], [ "R", 12 ], [ "R", 12 ], [ "W", 12 ], [ "R", 12 ], [ "R", 12 ], [ "W", 12 ], [ "R", 12 ], [ "R", 12 ], [ "W", 12 ], [ "W", 12 ], [ "R", 16 ], [ "R", 16 ], [ "W", 3 ], [ "W", 3 ], [ "W", 3 ], [ "W", 3 ], [ "W", 3 ], [ "W", 3 ], [ "W", 3 ], [ "W", 3 ], [ "W", 3 ], [ "W", 3 ], [ "W", 3 ], [ "W", 3 ], [ "W", 3 ], [ "W", 3 ], [ "W", 3 ], [ "W", 3 ], [ "W", 3 ], [ "W", 16 ], [ "R", 3 ], [ "R", 3 ], [ "R", 3 ], [ "R", 3 ], [ "R", 16 ], [ "R", 3 ], [ "W", 3 ], [ "R", 3 ], [ "W", 3 ], [ "R", 3 ], [ "W", 3 ], [ "R", 3 ], [ "W", 3 ], [ "R", 3 ], [ "W", 3 ], [ "R", 3 ], [ "W", 3 ], [ "R", 3 ], [ "W", 3 ], [ "R", 3 ], [ "W", 3 ], [ "R", 3 ], [ "W", 3 ], [ "R", 3 ], [ "W", 3 ], [ "R", 3 ], [ "W", 3 ], [ "R", 3 ], [ "W", 3 ], [ "R", 3 ], [ "W", 3 ], [ "R", 3 ], [ "W", 3 ], [ "R", 3 ], [ "W", 3 ], [ "R", 3 ], [ "W", 3 ], [ "R", 3 ], [ "W", 3 ], [ "W", 3 ], [ "R", 16 ], [ "R", 16 ], [ "W", 2 ], [ "W", 2 ], [ "W", 2 ], [ "W", 2 ], [ "W", 2 ], [ "W", 2 ], [ "W", 2 ], [ "R", 2 ], [ "R", 2 ], [ "R", 2 ], [ "R", 2 ], [ "W", 2 ], [ "W", 16 ], [ "R", 2 ], [ "R", 2 ], [ "R", 2 ], [ "R", 2 ], [ "R", 2 ], [ "R", 2 ], [ "R", 2 ], [ "R", 16 ], [ "R", 2 ], [ "R", 2 ], [ "W", 2 ], [ "R", 2 ], [ "R", 2 ], [ "W", 2 ], [ "R", 2 ], [ "R", 2 ], [ "W", 2 ], [ "R", 2 ], [ "R", 2 ], [ "W", 2 ], [ "R", 2 ], [ "R", 2 ], [ "W", 2 ], [ "R", 2 ], [ "R", 2 ], [ "W", 2 ], [ "R", 2 ], [ "R", 2 ], [ "W", 2 ], [ "W", 2 ], [ "R", 16 ], [ "R", 16 ], [ "R", 16 ], [ "R", 16 ], [ "R", 16 ], [ "R", 16 ], [ "R", 16 ], [ "R", 16 ], [ "R", 16 ], [ "R", 16 ], [ "R", 16 ], [ "R", 16 ], [ "R", 16 ], [ "R", 16 ], [ "R", 16 ], [ "R", 16 ], [ "W", 8 ], [ "W", 8 ], [ "W", 8 ], [ "W", 8 ], [ "W", 8 ], [ "W", 8 ], [ "W", 8 ], [ "W", 8 ], [ "W", 8 ], [ "W", 16 ], [ "R", 8 ], [ "R", 8 ], [ "R", 8 ], [ "R", 16 ], [ "W", 8 ], [ "R", 8 ], [ "W", 8 ], [ "R", 8 ], [ "W", 8 ], [ "R", 8 ], [ "W", 8 ], [ "R", 8 ], [ "W", 8 ], [ "R", 8 ], [ "W", 8 ], [ "R", 8 ], [ "W", 8 ], [ "R", 8 ], [ "W", 8 ], [ "W", 8 ], [ "R", 16 ], [ "R", 16 ], [ "R", 16 ], [ "R", 16 ], [ "R", 16 ], [ "R", 16 ], [ "R", 16 ], [ "R", 16 ], [ "R", 16 ], [ "R", 16 ], [ "R", 16 ], [ "R", 16 ], [ "R", 16 ], [ "R", 16 ], [ "W", 9 ], [ "W", 9 ], [ "W", 9 ], [ "W", 9 ], [ "W", 9 ], [ "W", 9 ], [ "W", 9 ], [ "W", 9 ], [ "W", 9 ], [ "W", 9 ], [ "W", 9 ], [ "W", 9 ], [ "W", 9 ], [ "W", 16 ], [ "R", 9 ], [ "R", 9 ], [ "R", 9 ], [ "R", 9 ], [ "R", 9 ], [ "R", 16 ], [ "R", 9 ], [ "R", 9 ], [ "R", 9 ], [ "R", 9 ], [ "W", 9 ], [ "R", 9 ], [ "R", 9 ], [ "R", 9 ], [ "R", 9 ], [ "R", 9 ], [ "R", 9 ], [ "R", 9 ], [ "R", 9 ], [ "W", 9 ], [ "R", 9 ], [ "R", 9 ], [ "W", 9 ], [ "R", 9 ], [ "R", 9 ], [ "W", 9 ], [ "R", 9 ], [ "R", 9 ], [ "W", 9 ], [ "R", 9 ], [ "R", 9 ], [ "W", 9 ], [ "R", 9 ], [ "R", 9 ], [ "W", 9 ], [ "R", 9 ], [ "R", 9 ], [ "W", 9 ], [ "R", 9 ], [ "R", 9 ], [ "W", 9 ], [ "R", 9 ], [ "R", 9 ], [ "W", 9 ], [ "R", 9 ], [ "R", 16 ], [ "R", 16 ], [ "R", 16 ], [ "R", 16 ], [ "R", 16 ], [ "R", 16 ], [ "R", 16 ], [ "R", 16 ], [ "R", 16 ], [ "R", 9 ], [ "R", 9 ], [ "R", 9 ], [ "R", 9 ], [ "W", 9 ], [ "W", 9 ], [ "W", 9 ], [ "W", 9 ], [ "W", 9 ], [ "R", 9 ], [ "R", 9 ], [ "R", 9 ], [ "R", 9 ], [ "R", 9 ], [ "R", 9 ], [ "R", 9 ], [ "R", 16 ], [ "R", 16 ], [ "R", 16 ], [ "R", 16 ], [ "R", 16 ], [ "R", 16 ], [ "R", 16 ], [ "R", 16 ], [ "R", 16 ], [ "R", 16 ], [ "R", 16 ], [ "R", 16 ], [ "R", 16 ], [ "R", 16 ], [ "W", 9 ], [ "W", 9 ], [ "W", 9 ], [ "W", 9 ], [ "W", 9 ], [ "W", 9 ], [ "W", 9 ], [ "W", 9 ], [ "W", 9 ], [ "W", 9 ], [ "W", 9 ], [ "W", 9 ], [ "W", 9 ], [ "W", 16 ], [ "R", 9 ], [ "R", 9 ], [ "R", 9 ], [ "R", 9 ], [ "R", 9 ], [ "R", 16 ], [ "R", 9 ], [ "R", 9 ], [ "R", 9 ], [ "R", 9 ], [ "W", 9 ], [ "R", 9 ], [ "R", 9 ], [ "R", 9 ], [ "R", 9 ], [ "R", 9 ], [ "R", 9 ], [ "R", 9 ], [ "R", 9 ], [ "W", 9 ], [ "R", 9 ], [ "R", 9 ], [ "W", 9 ], [ "R", 9 ], [ "R", 9 ], [ "W", 9 ], [ "R", 9 ], [ "R", 9 ], [ "W", 9 ], [ "R", 9 ], [ "R", 9 ], [ "W", 9 ], [ "R", 9 ], [ "R", 9 ], [ "W", 9 ], [ "R", 9 ], [ "R", 9 ], [ "W", 9 ], [ "R", 9 ], [ "R", 9 ], [ "W", 9 ], [ "R", 9 ], [ "R", 9 ], [ "W", 9 ], [ "R", 9 ], [ "R", 16 ], [ "R", 16 ], [ "R", 16 ], [ "R", 16 ], [ "R", 16 ], [ "R", 16 ], [ "R", 16 ], [ "R", 16 ], [ "R", 16 ], [ "R", 9 ], [ "R", 9 ], [ "R", 9 ], [ "R", 9 ], [ "W", 9 ], [ "W", 9 ], [ "W", 9 ], [ "W", 9 ], [ "W", 9 ], [ "R", 9 ], [ "R", 9 ], [ "R", 9 ], [ "R", 9 ], [ "R", 9 ], [ "R", 9 ], [ "R", 9 ], [ "R", 16 ], [ "R", 16 ], [ "R", 16 ], [ "R", 16 ], [ "R", 16 ], [ "R", 16 ], [ "R", 16 ], [ "R", 16 ], [ "R", 16 ], [ "R", 16 ], [ "R", 16 ], [ "R", 16 ], [ "R", 16 ], [ "R", 16 ], [ "R", 16 ], [ "W", 5 ], [ "W", 5 ], [ "W", 5 ], [ "W", 5 ], [ "W", 5 ], [ "W", 5 ], [ "W", 5 ], [ "W", 5 ], [ "W", 16 ], [ "R", 5 ], [ "R", 5 ], [ "R", 5 ], [ "R", 5 ], [ "R", 5 ], [ "R", 16 ], [ "R", 5 ], [ "R", 5 ], [ "W", 5 ], [ "R", 5 ], [ "R", 5 ], [ "W", 5 ], [ "R", 5 ], [ "R", 5 ], [ "W", 5 ], [ "R", 5 ], [ "R", 5 ], [ "W", 5 ], [ "R", 5 ], [ "R", 5 ], [ "W", 5 ], [ "R", 5 ], [ "R", 5 ], [ "W", 5 ], [ "W", 5 ], [ "R", 5 ], [ "R", 5 ], [ "R", 5 ], [ "R", 16 ], [ "R", 16 ], [ "R", 16 ], [ "R", 15 ], [ "R", 15 ] ]
    } ]
  },
  "AutoRefollowController.autounfollow" : {
    "t" : [ {
      "id" : 0,
      "a" : [ [ "R", 21 ], [ "R", 21 ], [ "R", 21 ], [ "W", 21 ], [ "W", 21 ], [ "W", 21 ], [ "W", 21 ], [ "W", 18 ], [ "W", 21 ], [ "W", 18 ], [ "W", 18 ], [ "W", 18 ], [ "W", 21 ], [ "W", 18 ], [ "W", 21 ], [ "R", 21 ], [ "R", 24 ], [ "W", 24 ], [ "W", 24 ], [ "W", 24 ], [ "W", 24 ], [ "W", 24 ], [ "W", 24 ], [ "W", 21 ], [ "W", 24 ], [ "W", 21 ], [ "W", 21 ], [ "R", 21 ], [ "R", 21 ], [ "R", 21 ], [ "R", 21 ], [ "R", 21 ], [ "R", 21 ], [ "R", 21 ], [ "W", 21 ], [ "W", 21 ], [ "W", 21 ], [ "W", 24 ], [ "R", 21 ], [ "R", 21 ], [ "R", 18 ], [ "R", 21 ], [ "R", 18 ], [ "R", 18 ] ]
    } ]
  },
  "CreateSeoStrategyController.createProjectUrl" : {
    "t" : [ {
      "id" : 0,
      "a" : [ [ "R", 21 ], [ "R", 21 ], [ "R", 21 ], [ "W", 21 ], [ "W", 21 ], [ "W", 21 ], [ "W", 21 ], [ "W", 18 ], [ "W", 21 ], [ "W", 18 ], [ "W", 18 ], [ "W", 18 ], [ "W", 21 ], [ "W", 18 ], [ "W", 21 ], [ "R", 21 ], [ "R", 24 ], [ "W", 24 ], [ "W", 24 ], [ "W", 24 ], [ "W", 24 ], [ "W", 24 ], [ "W", 24 ], [ "W", 21 ], [ "W", 24 ], [ "W", 21 ], [ "W", 21 ], [ "R", 21 ], [ "R", 21 ], [ "R", 21 ], [ "R", 21 ], [ "R", 21 ], [ "R", 21 ], [ "R", 21 ], [ "W", 21 ], [ "W", 21 ], [ "W", 21 ], [ "W", 24 ], [ "R", 21 ], [ "R", 21 ], [ "R", 18 ], [ "R", 21 ], [ "R", 18 ], [ "R", 18 ], [ "R", 21 ], [ "R", 21 ], [ "R", 24 ], [ "R", 21 ], [ "R", 24 ], [ "R", 24 ], [ "R", 16 ], [ "R", 16 ], [ "R", 15 ], [ "R", 15 ], [ "R", 21 ], [ "R", 21 ], [ "R", 21 ], [ "R", 15 ], [ "R", 15 ], [ "R", 16 ], [ "R", 19 ], [ "R", 19 ], [ "R", 19 ], [ "R", 16 ], [ "R", 19 ], [ "R", 16 ], [ "R", 9 ], [ "R", 9 ], [ "R", 9 ], [ "R", 9 ], [ "R", 16 ], [ "R", 9 ], [ "R", 9 ], [ "R", 9 ], [ "R", 9 ], [ "R", 9 ], [ "R", 16 ], [ "R", 9 ] ]
    } ]
  },
  "AutoUnfollowController.autounfollow" : {
    "t" : [ {
      "id" : 0,
      "a" : [ [ "R", 21 ], [ "R", 21 ], [ "R", 21 ], [ "W", 21 ], [ "W", 21 ], [ "W", 21 ], [ "W", 21 ], [ "W", 18 ], [ "W", 21 ], [ "W", 18 ], [ "W", 18 ], [ "W", 18 ], [ "W", 21 ], [ "W", 18 ], [ "W", 21 ], [ "R", 21 ], [ "R", 24 ], [ "W", 24 ], [ "W", 24 ], [ "W", 24 ], [ "W", 24 ], [ "W", 24 ], [ "W", 24 ], [ "W", 21 ], [ "W", 24 ], [ "W", 21 ], [ "W", 21 ], [ "R", 21 ], [ "R", 21 ], [ "R", 21 ], [ "R", 21 ], [ "R", 21 ], [ "R", 21 ], [ "R", 21 ], [ "W", 21 ], [ "W", 21 ], [ "W", 21 ], [ "W", 24 ], [ "R", 21 ], [ "R", 21 ], [ "R", 18 ], [ "R", 21 ], [ "R", 18 ], [ "R", 18 ] ]
    } ]
  },
  "ProjectUrlViewController.projectView" : {
    "t" : [ {
      "id" : 0,
      "a" : [ [ "R", 21 ], [ "R", 21 ], [ "R", 21 ], [ "W", 21 ], [ "W", 21 ], [ "W", 21 ], [ "W", 21 ], [ "W", 18 ], [ "W", 21 ], [ "W", 18 ], [ "W", 18 ], [ "W", 18 ], [ "W", 21 ], [ "W", 18 ], [ "W", 21 ], [ "R", 21 ], [ "R", 24 ], [ "W", 24 ], [ "W", 24 ], [ "W", 24 ], [ "W", 24 ], [ "W", 24 ], [ "W", 24 ], [ "W", 21 ], [ "W", 24 ], [ "W", 21 ], [ "W", 21 ], [ "R", 21 ], [ "R", 21 ], [ "R", 21 ], [ "R", 21 ], [ "R", 21 ], [ "R", 21 ], [ "R", 21 ], [ "W", 21 ], [ "W", 21 ], [ "W", 21 ], [ "W", 24 ], [ "R", 21 ], [ "R", 21 ], [ "R", 18 ], [ "R", 21 ], [ "R", 18 ], [ "R", 18 ], [ "R", 21 ], [ "R", 21 ], [ "R", 24 ], [ "R", 21 ], [ "R", 24 ], [ "R", 24 ], [ "R", 16 ], [ "R", 16 ], [ "R", 15 ], [ "R", 15 ], [ "R", 21 ], [ "R", 21 ], [ "R", 21 ], [ "R", 16 ], [ "R", 16 ], [ "R", 3 ], [ "R", 3 ], [ "R", 3 ], [ "R", 16 ], [ "R", 3 ], [ "R", 3 ], [ "R", 3 ], [ "R", 3 ], [ "R", 3 ], [ "R", 3 ], [ "R", 9 ], [ "R", 9 ], [ "R", 9 ], [ "R", 9 ], [ "R", 16 ], [ "R", 9 ], [ "R", 9 ], [ "R", 9 ], [ "R", 9 ], [ "R", 9 ], [ "R", 16 ], [ "R", 9 ], [ "R", 9 ], [ "R", 9 ], [ "R", 9 ], [ "R", 9 ], [ "R", 9 ], [ "R", 9 ], [ "R", 9 ], [ "R", 9 ], [ "R", 9 ], [ "R", 9 ], [ "R", 9 ], [ "R", 9 ], [ "R", 9 ], [ "R", 9 ], [ "R", 9 ], [ "R", 9 ], [ "R", 9 ], [ "R", 9 ], [ "R", 9 ], [ "R", 9 ], [ "R", 9 ], [ "R", 9 ], [ "R", 9 ], [ "R", 9 ], [ "R", 9 ], [ "R", 9 ], [ "R", 9 ], [ "R", 9 ], [ "R", 9 ], [ "R", 9 ], [ "R", 9 ], [ "R", 9 ], [ "R", 9 ], [ "R", 9 ], [ "R", 9 ], [ "R", 9 ], [ "R", 5 ], [ "R", 5 ], [ "R", 5 ], [ "R", 5 ], [ "R", 16 ], [ "R", 5 ], [ "R", 2 ], [ "R", 2 ], [ "R", 2 ], [ "R", 16 ], [ "R", 2 ], [ "R", 16 ], [ "R", 14 ], [ "R", 19 ], [ "R", 19 ], [ "R", 19 ], [ "R", 16 ], [ "R", 19 ] ]
    } ]
  },
  "RefreshSeoController.projectView" : {
    "t" : [ {
      "id" : 0,
      "a" : [ [ "R", 21 ], [ "R", 21 ], [ "R", 21 ], [ "W", 21 ], [ "W", 21 ], [ "W", 21 ], [ "W", 21 ], [ "W", 18 ], [ "W", 21 ], [ "W", 18 ], [ "W", 18 ], [ "W", 18 ], [ "W", 21 ], [ "W", 18 ], [ "W", 21 ], [ "R", 21 ], [ "R", 24 ], [ "W", 24 ], [ "W", 24 ], [ "W", 24 ], [ "W", 24 ], [ "W", 24 ], [ "W", 24 ], [ "W", 21 ], [ "W", 24 ], [ "W", 21 ], [ "W", 21 ], [ "R", 21 ], [ "R", 21 ], [ "R", 21 ], [ "R", 21 ], [ "R", 21 ], [ "R", 21 ], [ "R", 21 ], [ "W", 21 ], [ "W", 21 ], [ "W", 21 ], [ "W", 24 ], [ "R", 21 ], [ "R", 21 ], [ "R", 18 ], [ "R", 21 ], [ "R", 18 ], [ "R", 18 ], [ "R", 21 ], [ "R", 21 ], [ "R", 24 ], [ "R", 21 ], [ "R", 24 ], [ "R", 24 ], [ "R", 19 ], [ "R", 19 ], [ "R", 16 ], [ "R", 16 ], [ "R", 15 ], [ "R", 15 ], [ "R", 21 ], [ "R", 21 ], [ "R", 21 ], [ "R", 16 ], [ "R", 15 ], [ "R", 15 ], [ "R", 15 ], [ "R", 21 ], [ "R", 24 ], [ "R", 24 ], [ "R", 24 ], [ "R", 21 ], [ "R", 21 ], [ "W", 24 ], [ "W", 24 ], [ "W", 24 ], [ "R", 24 ], [ "R", 21 ], [ "R", 21 ], [ "R", 24 ], [ "R", 24 ], [ "R", 24 ], [ "R", 24 ], [ "R", 24 ], [ "R", 21 ], [ "R", 21 ], [ "R", 24 ], [ "R", 24 ], [ "R", 21 ], [ "R", 21 ], [ "R", 24 ], [ "R", 24 ], [ "W", 24 ], [ "W", 24 ], [ "R", 16 ], [ "R", 16 ], [ "W", 16 ], [ "W", 16 ], [ "R", 16 ], [ "R", 16 ], [ "R", 14 ], [ "R", 14 ], [ "R", 14 ], [ "R", 16 ], [ "R", 16 ], [ "R", 16 ], [ "W", 14 ], [ "W", 14 ], [ "W", 14 ], [ "R", 16 ], [ "R", 16 ], [ "W", 14 ], [ "W", 14 ], [ "W", 14 ], [ "R", 16 ], [ "R", 16 ], [ "W", 14 ], [ "W", 16 ], [ "R", 14 ], [ "R", 14 ], [ "W", 14 ], [ "R", 14 ], [ "R", 14 ], [ "W", 14 ], [ "R", 14 ], [ "R", 14 ], [ "W", 14 ], [ "W", 14 ], [ "W", 14 ], [ "R", 16 ], [ "R", 16 ], [ "R", 16 ], [ "R", 16 ], [ "W", 12 ], [ "W", 12 ], [ "W", 12 ], [ "W", 12 ], [ "W", 12 ], [ "W", 12 ], [ "W", 12 ], [ "W", 12 ], [ "W", 12 ], [ "W", 12 ], [ "W", 12 ], [ "W", 12 ], [ "W", 12 ], [ "W", 12 ], [ "W", 12 ], [ "W", 12 ], [ "W", 12 ], [ "W", 12 ], [ "W", 12 ], [ "W", 12 ], [ "W", 12 ], [ "W", 12 ], [ "W", 16 ], [ "R", 12 ], [ "R", 12 ], [ "R", 12 ], [ "R", 16 ], [ "W", 12 ], [ "R", 12 ], [ "R", 12 ], [ "W", 12 ], [ "R", 12 ], [ "R", 12 ], [ "W", 12 ], [ "R", 12 ], [ "R", 12 ], [ "W", 12 ], [ "R", 12 ], [ "R", 12 ], [ "W", 12 ], [ "R", 12 ], [ "R", 12 ], [ "W", 12 ], [ "R", 12 ], [ "R", 12 ], [ "W", 12 ], [ "R", 12 ], [ "R", 12 ], [ "W", 12 ], [ "R", 12 ], [ "R", 12 ], [ "W", 12 ], [ "R", 12 ], [ "R", 12 ], [ "W", 12 ], [ "R", 12 ], [ "R", 12 ], [ "W", 12 ], [ "R", 12 ], [ "R", 12 ], [ "W", 12 ], [ "R", 12 ], [ "R", 12 ], [ "W", 12 ], [ "R", 12 ], [ "R", 12 ], [ "W", 12 ], [ "R", 12 ], [ "R", 12 ], [ "W", 12 ], [ "W", 12 ], [ "R", 16 ], [ "R", 16 ], [ "W", 3 ], [ "W", 3 ], [ "W", 3 ], [ "W", 3 ], [ "W", 3 ], [ "W", 3 ], [ "W", 3 ], [ "W", 3 ], [ "W", 3 ], [ "W", 3 ], [ "W", 3 ], [ "W", 3 ], [ "W", 3 ], [ "W", 3 ], [ "W", 3 ], [ "W", 3 ], [ "W", 3 ], [ "W", 16 ], [ "R", 3 ], [ "R", 3 ], [ "R", 3 ], [ "R", 3 ], [ "R", 16 ], [ "R", 3 ], [ "W", 3 ], [ "R", 3 ], [ "W", 3 ], [ "R", 3 ], [ "W", 3 ], [ "R", 3 ], [ "W", 3 ], [ "R", 3 ], [ "W", 3 ], [ "R", 3 ], [ "W", 3 ], [ "R", 3 ], [ "W", 3 ], [ "R", 3 ], [ "W", 3 ], [ "R", 3 ], [ "W", 3 ], [ "R", 3 ], [ "W", 3 ], [ "R", 3 ], [ "W", 3 ], [ "R", 3 ], [ "W", 3 ], [ "R", 3 ], [ "W", 3 ], [ "R", 3 ], [ "W", 3 ], [ "R", 3 ], [ "W", 3 ], [ "R", 3 ], [ "W", 3 ], [ "R", 3 ], [ "W", 3 ], [ "W", 3 ], [ "R", 16 ], [ "R", 16 ], [ "W", 2 ], [ "W", 2 ], [ "W", 2 ], [ "W", 2 ], [ "W", 2 ], [ "W", 2 ], [ "W", 2 ], [ "R", 2 ], [ "R", 2 ], [ "R", 2 ], [ "R", 2 ], [ "W", 2 ], [ "W", 16 ], [ "R", 2 ], [ "R", 2 ], [ "R", 2 ], [ "R", 2 ], [ "R", 2 ], [ "R", 2 ], [ "R", 2 ], [ "R", 16 ], [ "R", 2 ], [ "R", 2 ], [ "W", 2 ], [ "R", 2 ], [ "R", 2 ], [ "W", 2 ], [ "R", 2 ], [ "R", 2 ], [ "W", 2 ], [ "R", 2 ], [ "R", 2 ], [ "W", 2 ], [ "R", 2 ], [ "R", 2 ], [ "W", 2 ], [ "R", 2 ], [ "R", 2 ], [ "W", 2 ], [ "R", 2 ], [ "R", 2 ], [ "W", 2 ], [ "W", 2 ], [ "R", 16 ], [ "R", 16 ], [ "R", 16 ], [ "R", 16 ], [ "R", 16 ], [ "R", 16 ], [ "R", 16 ], [ "R", 16 ], [ "R", 16 ], [ "R", 16 ], [ "R", 16 ], [ "R", 16 ], [ "R", 16 ], [ "R", 16 ], [ "R", 16 ], [ "R", 16 ], [ "W", 8 ], [ "W", 8 ], [ "W", 8 ], [ "W", 8 ], [ "W", 8 ], [ "W", 8 ], [ "W", 8 ], [ "W", 8 ], [ "W", 8 ], [ "W", 16 ], [ "R", 8 ], [ "R", 8 ], [ "R", 8 ], [ "R", 16 ], [ "W", 8 ], [ "R", 8 ], [ "W", 8 ], [ "R", 8 ], [ "W", 8 ], [ "R", 8 ], [ "W", 8 ], [ "R", 8 ], [ "W", 8 ], [ "R", 8 ], [ "W", 8 ], [ "R", 8 ], [ "W", 8 ], [ "R", 8 ], [ "W", 8 ], [ "W", 8 ], [ "R", 16 ], [ "R", 16 ], [ "R", 16 ], [ "R", 16 ], [ "R", 16 ], [ "R", 16 ], [ "R", 16 ], [ "R", 16 ], [ "R", 16 ], [ "R", 16 ], [ "R", 16 ], [ "R", 16 ], [ "R", 16 ], [ "R", 16 ], [ "W", 9 ], [ "W", 9 ], [ "W", 9 ], [ "W", 9 ], [ "W", 9 ], [ "W", 9 ], [ "W", 9 ], [ "W", 9 ], [ "W", 9 ], [ "W", 9 ], [ "W", 9 ], [ "W", 9 ], [ "W", 9 ], [ "W", 16 ], [ "R", 9 ], [ "R", 9 ], [ "R", 9 ], [ "R", 9 ], [ "R", 9 ], [ "R", 16 ], [ "R", 9 ], [ "R", 9 ], [ "R", 9 ], [ "R", 9 ], [ "W", 9 ], [ "R", 9 ], [ "R", 9 ], [ "R", 9 ], [ "R", 9 ], [ "R", 9 ], [ "R", 9 ], [ "R", 9 ], [ "R", 9 ], [ "W", 9 ], [ "R", 9 ], [ "R", 9 ], [ "W", 9 ], [ "R", 9 ], [ "R", 9 ], [ "W", 9 ], [ "R", 9 ], [ "R", 9 ], [ "W", 9 ], [ "R", 9 ], [ "R", 9 ], [ "W", 9 ], [ "R", 9 ], [ "R", 9 ], [ "W", 9 ], [ "R", 9 ], [ "R", 9 ], [ "W", 9 ], [ "R", 9 ], [ "R", 9 ], [ "W", 9 ], [ "R", 9 ], [ "R", 9 ], [ "W", 9 ], [ "R", 9 ], [ "R", 16 ], [ "R", 16 ], [ "R", 16 ], [ "R", 16 ], [ "R", 16 ], [ "R", 16 ], [ "R", 16 ], [ "R", 16 ], [ "R", 16 ], [ "R", 9 ], [ "R", 9 ], [ "R", 9 ], [ "R", 9 ], [ "W", 9 ], [ "W", 9 ], [ "W", 9 ], [ "W", 9 ], [ "W", 9 ], [ "R", 9 ], [ "R", 9 ], [ "R", 9 ], [ "R", 9 ], [ "R", 9 ], [ "R", 9 ], [ "R", 9 ], [ "R", 16 ], [ "R", 16 ], [ "R", 16 ], [ "R", 16 ], [ "R", 16 ], [ "R", 16 ], [ "R", 16 ], [ "R", 16 ], [ "R", 16 ], [ "R", 16 ], [ "R", 16 ], [ "R", 16 ], [ "R", 16 ], [ "R", 16 ], [ "W", 9 ], [ "W", 9 ], [ "W", 9 ], [ "W", 9 ], [ "W", 9 ], [ "W", 9 ], [ "W", 9 ], [ "W", 9 ], [ "W", 9 ], [ "W", 9 ], [ "W", 9 ], [ "W", 9 ], [ "W", 9 ], [ "W", 16 ], [ "R", 9 ], [ "R", 9 ], [ "R", 9 ], [ "R", 9 ], [ "R", 9 ], [ "R", 16 ], [ "R", 9 ], [ "R", 9 ], [ "R", 9 ], [ "R", 9 ], [ "W", 9 ], [ "R", 9 ], [ "R", 9 ], [ "R", 9 ], [ "R", 9 ], [ "R", 9 ], [ "R", 9 ], [ "R", 9 ], [ "R", 9 ], [ "W", 9 ], [ "R", 9 ], [ "R", 9 ], [ "W", 9 ], [ "R", 9 ], [ "R", 9 ], [ "W", 9 ], [ "R", 9 ], [ "R", 9 ], [ "W", 9 ], [ "R", 9 ], [ "R", 9 ], [ "W", 9 ], [ "R", 9 ], [ "R", 9 ], [ "W", 9 ], [ "R", 9 ], [ "R", 9 ], [ "W", 9 ], [ "R", 9 ], [ "R", 9 ], [ "W", 9 ], [ "R", 9 ], [ "R", 9 ], [ "W", 9 ], [ "R", 9 ], [ "R", 16 ], [ "R", 16 ], [ "R", 16 ], [ "R", 16 ], [ "R", 16 ], [ "R", 16 ], [ "R", 16 ], [ "R", 16 ], [ "R", 16 ], [ "R", 9 ], [ "R", 9 ], [ "R", 9 ], [ "R", 9 ], [ "W", 9 ], [ "W", 9 ], [ "W", 9 ], [ "W", 9 ], [ "W", 9 ], [ "R", 9 ], [ "R", 9 ], [ "R", 9 ], [ "R", 9 ], [ "R", 9 ], [ "R", 9 ], [ "R", 9 ], [ "R", 16 ], [ "R", 16 ], [ "R", 16 ], [ "R", 16 ], [ "R", 16 ], [ "R", 16 ], [ "R", 16 ], [ "R", 16 ], [ "R", 16 ], [ "R", 16 ], [ "R", 16 ], [ "R", 16 ], [ "R", 16 ], [ "R", 16 ], [ "R", 16 ], [ "W", 5 ], [ "W", 5 ], [ "W", 5 ], [ "W", 5 ], [ "W", 5 ], [ "W", 5 ], [ "W", 5 ], [ "W", 5 ], [ "W", 16 ], [ "R", 5 ], [ "R", 5 ], [ "R", 5 ], [ "R", 5 ], [ "R", 5 ], [ "R", 16 ], [ "R", 5 ], [ "R", 5 ], [ "W", 5 ], [ "R", 5 ], [ "R", 5 ], [ "W", 5 ], [ "R", 5 ], [ "R", 5 ], [ "W", 5 ], [ "R", 5 ], [ "R", 5 ], [ "W", 5 ], [ "R", 5 ], [ "R", 5 ], [ "W", 5 ], [ "R", 5 ], [ "R", 5 ], [ "W", 5 ], [ "W", 5 ], [ "R", 5 ], [ "R", 5 ], [ "R", 5 ], [ "R", 16 ], [ "R", 16 ] ]
    } ]
  },
  "CreateProjectUrlController.createProjectUrl" : {
    "t" : [ {
      "id" : 0,
      "a" : [ [ "R", 21 ], [ "R", 21 ], [ "R", 21 ], [ "W", 21 ], [ "W", 21 ], [ "W", 21 ], [ "W", 21 ], [ "W", 18 ], [ "W", 21 ], [ "W", 18 ], [ "W", 18 ], [ "W", 18 ], [ "W", 21 ], [ "W", 18 ], [ "W", 21 ], [ "R", 21 ], [ "R", 24 ], [ "W", 24 ], [ "W", 24 ], [ "W", 24 ], [ "W", 24 ], [ "W", 24 ], [ "W", 24 ], [ "W", 21 ], [ "W", 24 ], [ "W", 21 ], [ "W", 21 ], [ "R", 21 ], [ "R", 21 ], [ "R", 21 ], [ "R", 21 ], [ "R", 21 ], [ "R", 21 ], [ "R", 21 ], [ "W", 21 ], [ "W", 21 ], [ "W", 21 ], [ "W", 24 ], [ "R", 21 ], [ "R", 21 ], [ "R", 18 ], [ "R", 21 ], [ "R", 18 ], [ "R", 18 ], [ "R", 21 ], [ "R", 21 ], [ "R", 24 ], [ "R", 21 ], [ "R", 24 ], [ "R", 24 ], [ "R", 15 ], [ "R", 15 ], [ "R", 21 ], [ "R", 21 ], [ "R", 21 ], [ "R", 15 ], [ "R", 15 ], [ "R", 15 ] ]
    } ]
  },
  "DeleteProjectController.createProjectUrl" : {
    "t" : [ {
      "id" : 0,
      "a" : [ [ "R", 21 ], [ "R", 21 ], [ "R", 21 ], [ "W", 21 ], [ "W", 21 ], [ "W", 21 ], [ "W", 21 ], [ "W", 18 ], [ "W", 21 ], [ "W", 18 ], [ "W", 18 ], [ "W", 18 ], [ "W", 21 ], [ "W", 18 ], [ "W", 21 ], [ "R", 21 ], [ "R", 24 ], [ "W", 24 ], [ "W", 24 ], [ "W", 24 ], [ "W", 24 ], [ "W", 24 ], [ "W", 24 ], [ "W", 21 ], [ "W", 24 ], [ "W", 21 ], [ "W", 21 ], [ "R", 21 ], [ "R", 21 ], [ "R", 21 ], [ "R", 21 ], [ "R", 21 ], [ "R", 21 ], [ "R", 21 ], [ "W", 21 ], [ "W", 21 ], [ "W", 21 ], [ "W", 24 ], [ "R", 21 ], [ "R", 21 ], [ "R", 18 ], [ "R", 21 ], [ "R", 18 ], [ "R", 18 ], [ "R", 21 ], [ "R", 21 ], [ "R", 24 ], [ "R", 21 ], [ "R", 24 ], [ "R", 24 ], [ "R", 15 ], [ "R", 15 ], [ "R", 21 ], [ "R", 21 ], [ "R", 21 ], [ "R", 15 ], [ "R", 16 ], [ "R", 16 ], [ "R", 16 ], [ "R", 16 ], [ "R", 16 ], [ "R", 16 ], [ "W", 15 ], [ "W", 15 ] ]
    } ]
  },
  "ViralContentController.chiveImages" : {
    "t" : [ {
      "id" : 0,
      "a" : [ [ "R", 25 ], [ "R", 25 ], [ "R", 25 ], [ "R", 25 ] ]
    } ]
  },
  "DeleteProjectUrlController.createProjectUrl" : {
    "t" : [ {
      "id" : 0,
      "a" : [ [ "R", 21 ], [ "R", 21 ], [ "R", 21 ], [ "W", 21 ], [ "W", 21 ], [ "W", 21 ], [ "W", 21 ], [ "W", 18 ], [ "W", 21 ], [ "W", 18 ], [ "W", 18 ], [ "W", 18 ], [ "W", 21 ], [ "W", 18 ], [ "W", 21 ], [ "R", 21 ], [ "R", 24 ], [ "W", 24 ], [ "W", 24 ], [ "W", 24 ], [ "W", 24 ], [ "W", 24 ], [ "W", 24 ], [ "W", 21 ], [ "W", 24 ], [ "W", 21 ], [ "W", 21 ], [ "R", 21 ], [ "R", 21 ], [ "R", 21 ], [ "R", 21 ], [ "R", 21 ], [ "R", 21 ], [ "R", 21 ], [ "W", 21 ], [ "W", 21 ], [ "W", 21 ], [ "W", 24 ], [ "R", 21 ], [ "R", 21 ], [ "R", 18 ], [ "R", 21 ], [ "R", 18 ], [ "R", 18 ], [ "R", 21 ], [ "R", 21 ], [ "R", 24 ], [ "R", 21 ], [ "R", 24 ], [ "R", 24 ], [ "R", 16 ], [ "R", 16 ], [ "R", 15 ], [ "R", 15 ], [ "R", 21 ], [ "R", 21 ], [ "R", 21 ], [ "R", 16 ], [ "R", 16 ], [ "R", 16 ], [ "R", 16 ], [ "R", 16 ], [ "W", 16 ], [ "R", 15 ] ]
    } ]
  },
  "LatestController.latest" : {
    "t" : [ {
      "id" : 0,
      "a" : [ [ "R", 7 ], [ "R", 7 ], [ "R", 7 ], [ "R", 7 ], [ "R", 7 ], [ "R", 13 ], [ "R", 7 ], [ "W", 13 ] ]
    } ]
  },
  "SeoStrategiesController.blastfollow" : {
    "t" : [ {
      "id" : 0,
      "a" : [ [ "R", 21 ], [ "R", 21 ], [ "R", 21 ], [ "W", 21 ], [ "W", 21 ], [ "W", 21 ], [ "W", 21 ], [ "W", 18 ], [ "W", 21 ], [ "W", 18 ], [ "W", 18 ], [ "W", 18 ], [ "W", 21 ], [ "W", 18 ], [ "W", 21 ], [ "R", 21 ], [ "R", 24 ], [ "W", 24 ], [ "W", 24 ], [ "W", 24 ], [ "W", 24 ], [ "W", 24 ], [ "W", 24 ], [ "W", 21 ], [ "W", 24 ], [ "W", 21 ], [ "W", 21 ], [ "R", 21 ], [ "R", 21 ], [ "R", 21 ], [ "R", 21 ], [ "R", 21 ], [ "R", 21 ], [ "R", 21 ], [ "W", 21 ], [ "W", 21 ], [ "W", 21 ], [ "W", 24 ], [ "R", 21 ], [ "R", 21 ], [ "R", 18 ], [ "R", 21 ], [ "R", 18 ], [ "R", 18 ], [ "R", 21 ], [ "R", 21 ], [ "R", 19 ], [ "R", 19 ], [ "R", 19 ], [ "R", 16 ], [ "R", 15 ], [ "R", 21 ], [ "R", 19 ], [ "R", 21 ], [ "R", 19 ], [ "R", 19 ], [ "R", 19 ], [ "R", 16 ], [ "R", 15 ], [ "R", 21 ], [ "R", 19 ], [ "R", 19 ], [ "R", 21 ], [ "R", 19 ], [ "R", 19 ], [ "R", 19 ], [ "R", 16 ], [ "R", 15 ], [ "R", 21 ], [ "R", 19 ], [ "R", 19 ], [ "R", 21 ], [ "R", 19 ], [ "R", 19 ], [ "R", 19 ], [ "R", 16 ], [ "R", 15 ], [ "R", 21 ], [ "R", 19 ], [ "R", 19 ], [ "R", 19 ] ]
    } ]
  },
  "RefreshController.projectView" : {
    "t" : [ {
      "id" : 0,
      "a" : [ [ "R", 21 ], [ "R", 21 ], [ "R", 21 ], [ "W", 21 ], [ "W", 21 ], [ "W", 21 ], [ "W", 21 ], [ "W", 18 ], [ "W", 21 ], [ "W", 18 ], [ "W", 18 ], [ "W", 18 ], [ "W", 21 ], [ "W", 18 ], [ "W", 21 ], [ "R", 21 ], [ "R", 24 ], [ "W", 24 ], [ "W", 24 ], [ "W", 24 ], [ "W", 24 ], [ "W", 24 ], [ "W", 24 ], [ "W", 21 ], [ "W", 24 ], [ "W", 21 ], [ "W", 21 ], [ "R", 21 ], [ "R", 21 ], [ "R", 21 ], [ "R", 21 ], [ "R", 21 ], [ "R", 21 ], [ "R", 21 ], [ "W", 21 ], [ "W", 21 ], [ "W", 21 ], [ "W", 24 ], [ "R", 21 ], [ "R", 21 ], [ "R", 18 ], [ "R", 21 ], [ "R", 18 ], [ "R", 18 ], [ "R", 21 ], [ "R", 21 ], [ "R", 24 ], [ "R", 21 ], [ "R", 24 ], [ "R", 24 ], [ "R", 16 ], [ "R", 16 ], [ "R", 15 ], [ "R", 15 ], [ "R", 21 ], [ "R", 21 ], [ "R", 21 ], [ "R", 16 ], [ "R", 15 ], [ "R", 15 ], [ "R", 15 ], [ "R", 16 ], [ "R", 21 ], [ "R", 24 ], [ "R", 24 ], [ "R", 24 ], [ "R", 21 ], [ "R", 21 ], [ "W", 24 ], [ "W", 24 ], [ "W", 24 ], [ "R", 24 ], [ "R", 21 ], [ "R", 21 ], [ "R", 24 ], [ "R", 24 ], [ "R", 24 ], [ "R", 24 ], [ "R", 24 ], [ "R", 21 ], [ "R", 21 ], [ "R", 24 ], [ "R", 24 ], [ "R", 21 ], [ "R", 21 ], [ "R", 24 ], [ "R", 24 ], [ "W", 24 ], [ "W", 24 ], [ "R", 16 ], [ "R", 16 ], [ "W", 16 ], [ "W", 16 ], [ "R", 16 ], [ "R", 16 ], [ "R", 14 ], [ "R", 14 ], [ "R", 14 ], [ "R", 16 ], [ "R", 16 ], [ "R", 16 ], [ "W", 14 ], [ "W", 14 ], [ "W", 14 ], [ "R", 16 ], [ "R", 16 ], [ "W", 14 ], [ "W", 14 ], [ "W", 14 ], [ "R", 16 ], [ "R", 16 ], [ "W", 14 ], [ "W", 16 ], [ "R", 14 ], [ "R", 14 ], [ "W", 14 ], [ "R", 14 ], [ "R", 14 ], [ "W", 14 ], [ "R", 14 ], [ "R", 14 ], [ "W", 14 ], [ "W", 14 ], [ "W", 14 ], [ "R", 16 ], [ "R", 16 ], [ "R", 16 ], [ "R", 16 ], [ "W", 12 ], [ "W", 12 ], [ "W", 12 ], [ "W", 12 ], [ "W", 12 ], [ "W", 12 ], [ "W", 12 ], [ "W", 12 ], [ "W", 12 ], [ "W", 12 ], [ "W", 12 ], [ "W", 12 ], [ "W", 12 ], [ "W", 12 ], [ "W", 12 ], [ "W", 12 ], [ "W", 12 ], [ "W", 12 ], [ "W", 12 ], [ "W", 12 ], [ "W", 12 ], [ "W", 12 ], [ "W", 16 ], [ "R", 12 ], [ "R", 12 ], [ "R", 12 ], [ "R", 16 ], [ "W", 12 ], [ "R", 12 ], [ "R", 12 ], [ "W", 12 ], [ "R", 12 ], [ "R", 12 ], [ "W", 12 ], [ "R", 12 ], [ "R", 12 ], [ "W", 12 ], [ "R", 12 ], [ "R", 12 ], [ "W", 12 ], [ "R", 12 ], [ "R", 12 ], [ "W", 12 ], [ "R", 12 ], [ "R", 12 ], [ "W", 12 ], [ "R", 12 ], [ "R", 12 ], [ "W", 12 ], [ "R", 12 ], [ "R", 12 ], [ "W", 12 ], [ "R", 12 ], [ "R", 12 ], [ "W", 12 ], [ "R", 12 ], [ "R", 12 ], [ "W", 12 ], [ "R", 12 ], [ "R", 12 ], [ "W", 12 ], [ "R", 12 ], [ "R", 12 ], [ "W", 12 ], [ "R", 12 ], [ "R", 12 ], [ "W", 12 ], [ "R", 12 ], [ "R", 12 ], [ "W", 12 ], [ "W", 12 ], [ "R", 16 ], [ "R", 16 ], [ "W", 3 ], [ "W", 3 ], [ "W", 3 ], [ "W", 3 ], [ "W", 3 ], [ "W", 3 ], [ "W", 3 ], [ "W", 3 ], [ "W", 3 ], [ "W", 3 ], [ "W", 3 ], [ "W", 3 ], [ "W", 3 ], [ "W", 3 ], [ "W", 3 ], [ "W", 3 ], [ "W", 3 ], [ "W", 16 ], [ "R", 3 ], [ "R", 3 ], [ "R", 3 ], [ "R", 3 ], [ "R", 16 ], [ "R", 3 ], [ "W", 3 ], [ "R", 3 ], [ "W", 3 ], [ "R", 3 ], [ "W", 3 ], [ "R", 3 ], [ "W", 3 ], [ "R", 3 ], [ "W", 3 ], [ "R", 3 ], [ "W", 3 ], [ "R", 3 ], [ "W", 3 ], [ "R", 3 ], [ "W", 3 ], [ "R", 3 ], [ "W", 3 ], [ "R", 3 ], [ "W", 3 ], [ "R", 3 ], [ "W", 3 ], [ "R", 3 ], [ "W", 3 ], [ "R", 3 ], [ "W", 3 ], [ "R", 3 ], [ "W", 3 ], [ "R", 3 ], [ "W", 3 ], [ "R", 3 ], [ "W", 3 ], [ "R", 3 ], [ "W", 3 ], [ "W", 3 ], [ "R", 16 ], [ "R", 16 ], [ "W", 2 ], [ "W", 2 ], [ "W", 2 ], [ "W", 2 ], [ "W", 2 ], [ "W", 2 ], [ "W", 2 ], [ "R", 2 ], [ "R", 2 ], [ "R", 2 ], [ "R", 2 ], [ "W", 2 ], [ "W", 16 ], [ "R", 2 ], [ "R", 2 ], [ "R", 2 ], [ "R", 2 ], [ "R", 2 ], [ "R", 2 ], [ "R", 2 ], [ "R", 16 ], [ "R", 2 ], [ "R", 2 ], [ "W", 2 ], [ "R", 2 ], [ "R", 2 ], [ "W", 2 ], [ "R", 2 ], [ "R", 2 ], [ "W", 2 ], [ "R", 2 ], [ "R", 2 ], [ "W", 2 ], [ "R", 2 ], [ "R", 2 ], [ "W", 2 ], [ "R", 2 ], [ "R", 2 ], [ "W", 2 ], [ "R", 2 ], [ "R", 2 ], [ "W", 2 ], [ "W", 2 ], [ "R", 16 ], [ "R", 16 ], [ "R", 16 ], [ "R", 16 ], [ "R", 16 ], [ "R", 16 ], [ "R", 16 ], [ "R", 16 ], [ "R", 16 ], [ "R", 16 ], [ "R", 16 ], [ "R", 16 ], [ "R", 16 ], [ "R", 16 ], [ "R", 16 ], [ "R", 16 ], [ "W", 8 ], [ "W", 8 ], [ "W", 8 ], [ "W", 8 ], [ "W", 8 ], [ "W", 8 ], [ "W", 8 ], [ "W", 8 ], [ "W", 8 ], [ "W", 16 ], [ "R", 8 ], [ "R", 8 ], [ "R", 8 ], [ "R", 16 ], [ "W", 8 ], [ "R", 8 ], [ "W", 8 ], [ "R", 8 ], [ "W", 8 ], [ "R", 8 ], [ "W", 8 ], [ "R", 8 ], [ "W", 8 ], [ "R", 8 ], [ "W", 8 ], [ "R", 8 ], [ "W", 8 ], [ "R", 8 ], [ "W", 8 ], [ "W", 8 ], [ "R", 16 ], [ "R", 16 ], [ "R", 16 ], [ "R", 16 ], [ "R", 16 ], [ "R", 16 ], [ "R", 16 ], [ "R", 16 ], [ "R", 16 ], [ "R", 16 ], [ "R", 16 ], [ "R", 16 ], [ "R", 16 ], [ "R", 16 ], [ "W", 9 ], [ "W", 9 ], [ "W", 9 ], [ "W", 9 ], [ "W", 9 ], [ "W", 9 ], [ "W", 9 ], [ "W", 9 ], [ "W", 9 ], [ "W", 9 ], [ "W", 9 ], [ "W", 9 ], [ "W", 9 ], [ "W", 16 ], [ "R", 9 ], [ "R", 9 ], [ "R", 9 ], [ "R", 9 ], [ "R", 9 ], [ "R", 16 ], [ "R", 9 ], [ "R", 9 ], [ "R", 9 ], [ "R", 9 ], [ "W", 9 ], [ "R", 9 ], [ "R", 9 ], [ "R", 9 ], [ "R", 9 ], [ "R", 9 ], [ "R", 9 ], [ "R", 9 ], [ "R", 9 ], [ "W", 9 ], [ "R", 9 ], [ "R", 9 ], [ "W", 9 ], [ "R", 9 ], [ "R", 9 ], [ "W", 9 ], [ "R", 9 ], [ "R", 9 ], [ "W", 9 ], [ "R", 9 ], [ "R", 9 ], [ "W", 9 ], [ "R", 9 ], [ "R", 9 ], [ "W", 9 ], [ "R", 9 ], [ "R", 9 ], [ "W", 9 ], [ "R", 9 ], [ "R", 9 ], [ "W", 9 ], [ "R", 9 ], [ "R", 9 ], [ "W", 9 ], [ "R", 9 ], [ "R", 16 ], [ "R", 16 ], [ "R", 16 ], [ "R", 16 ], [ "R", 16 ], [ "R", 16 ], [ "R", 16 ], [ "R", 16 ], [ "R", 16 ], [ "R", 9 ], [ "R", 9 ], [ "R", 9 ], [ "R", 9 ], [ "W", 9 ], [ "W", 9 ], [ "W", 9 ], [ "W", 9 ], [ "W", 9 ], [ "R", 9 ], [ "R", 9 ], [ "R", 9 ], [ "R", 9 ], [ "R", 9 ], [ "R", 9 ], [ "R", 9 ], [ "R", 16 ], [ "R", 16 ], [ "R", 16 ], [ "R", 16 ], [ "R", 16 ], [ "R", 16 ], [ "R", 16 ], [ "R", 16 ], [ "R", 16 ], [ "R", 16 ], [ "R", 16 ], [ "R", 16 ], [ "R", 16 ], [ "R", 16 ], [ "W", 9 ], [ "W", 9 ], [ "W", 9 ], [ "W", 9 ], [ "W", 9 ], [ "W", 9 ], [ "W", 9 ], [ "W", 9 ], [ "W", 9 ], [ "W", 9 ], [ "W", 9 ], [ "W", 9 ], [ "W", 9 ], [ "W", 16 ], [ "R", 9 ], [ "R", 9 ], [ "R", 9 ], [ "R", 9 ], [ "R", 9 ], [ "R", 16 ], [ "R", 9 ], [ "R", 9 ], [ "R", 9 ], [ "R", 9 ], [ "W", 9 ], [ "R", 9 ], [ "R", 9 ], [ "R", 9 ], [ "R", 9 ], [ "R", 9 ], [ "R", 9 ], [ "R", 9 ], [ "R", 9 ], [ "W", 9 ], [ "R", 9 ], [ "R", 9 ], [ "W", 9 ], [ "R", 9 ], [ "R", 9 ], [ "W", 9 ], [ "R", 9 ], [ "R", 9 ], [ "W", 9 ], [ "R", 9 ], [ "R", 9 ], [ "W", 9 ], [ "R", 9 ], [ "R", 9 ], [ "W", 9 ], [ "R", 9 ], [ "R", 9 ], [ "W", 9 ], [ "R", 9 ], [ "R", 9 ], [ "W", 9 ], [ "R", 9 ], [ "R", 9 ], [ "W", 9 ], [ "R", 9 ], [ "R", 16 ], [ "R", 16 ], [ "R", 16 ], [ "R", 16 ], [ "R", 16 ], [ "R", 16 ], [ "R", 16 ], [ "R", 16 ], [ "R", 16 ], [ "R", 9 ], [ "R", 9 ], [ "R", 9 ], [ "R", 9 ], [ "W", 9 ], [ "W", 9 ], [ "W", 9 ], [ "W", 9 ], [ "W", 9 ], [ "R", 9 ], [ "R", 9 ], [ "R", 9 ], [ "R", 9 ], [ "R", 9 ], [ "R", 9 ], [ "R", 9 ], [ "R", 16 ], [ "R", 16 ], [ "R", 16 ], [ "R", 16 ], [ "R", 16 ], [ "R", 16 ], [ "R", 16 ], [ "R", 16 ], [ "R", 16 ], [ "R", 16 ], [ "R", 16 ], [ "R", 16 ], [ "R", 16 ], [ "R", 16 ], [ "R", 16 ], [ "W", 5 ], [ "W", 5 ], [ "W", 5 ], [ "W", 5 ], [ "W", 5 ], [ "W", 5 ], [ "W", 5 ], [ "W", 5 ], [ "W", 16 ], [ "R", 5 ], [ "R", 5 ], [ "R", 5 ], [ "R", 5 ], [ "R", 5 ], [ "R", 16 ], [ "R", 5 ], [ "R", 5 ], [ "W", 5 ], [ "R", 5 ], [ "R", 5 ], [ "W", 5 ], [ "R", 5 ], [ "R", 5 ], [ "W", 5 ], [ "R", 5 ], [ "R", 5 ], [ "W", 5 ], [ "R", 5 ], [ "R", 5 ], [ "W", 5 ], [ "R", 5 ], [ "R", 5 ], [ "W", 5 ], [ "W", 5 ], [ "R", 5 ], [ "R", 5 ], [ "R", 5 ], [ "R", 16 ], [ "R", 16 ], [ "R", 16 ] ]
    } ]
  },
  "ArchiveProjectController.createProjectUrl" : {
    "t" : [ {
      "id" : 0,
      "a" : [ [ "R", 21 ], [ "R", 21 ], [ "R", 21 ], [ "W", 21 ], [ "W", 21 ], [ "W", 21 ], [ "W", 21 ], [ "W", 18 ], [ "W", 21 ], [ "W", 18 ], [ "W", 18 ], [ "W", 18 ], [ "W", 21 ], [ "W", 18 ], [ "W", 21 ], [ "R", 21 ], [ "R", 24 ], [ "W", 24 ], [ "W", 24 ], [ "W", 24 ], [ "W", 24 ], [ "W", 24 ], [ "W", 24 ], [ "W", 21 ], [ "W", 24 ], [ "W", 21 ], [ "W", 21 ], [ "R", 21 ], [ "R", 21 ], [ "R", 21 ], [ "R", 21 ], [ "R", 21 ], [ "R", 21 ], [ "R", 21 ], [ "W", 21 ], [ "W", 21 ], [ "W", 21 ], [ "W", 24 ], [ "R", 21 ], [ "R", 21 ], [ "R", 18 ], [ "R", 21 ], [ "R", 18 ], [ "R", 18 ], [ "R", 21 ], [ "R", 21 ], [ "R", 24 ], [ "R", 21 ], [ "R", 24 ], [ "R", 24 ], [ "R", 15 ], [ "R", 15 ], [ "R", 21 ], [ "R", 21 ], [ "R", 21 ], [ "W", 15 ], [ "W", 15 ], [ "R", 15 ], [ "R", 16 ], [ "R", 16 ], [ "R", 16 ], [ "R", 16 ], [ "R", 16 ], [ "R", 16 ] ]
    } ]
  },
  "ViralTweetsController.viralTweets" : {
    "t" : [ {
      "id" : 0,
      "a" : [ [ "R", 27 ], [ "R", 27 ], [ "R", 27 ], [ "R", 27 ], [ "R", 27 ] ]
    } ]
  },
  "ArchivedProjectsController.blastfollow" : {
    "t" : [ {
      "id" : 0,
      "a" : [ [ "R", 21 ], [ "R", 21 ], [ "R", 21 ], [ "W", 21 ], [ "W", 21 ], [ "W", 21 ], [ "W", 21 ], [ "W", 18 ], [ "W", 21 ], [ "W", 18 ], [ "W", 18 ], [ "W", 18 ], [ "W", 21 ], [ "W", 18 ], [ "W", 21 ], [ "R", 21 ], [ "R", 24 ], [ "W", 24 ], [ "W", 24 ], [ "W", 24 ], [ "W", 24 ], [ "W", 24 ], [ "W", 24 ], [ "W", 21 ], [ "W", 24 ], [ "W", 21 ], [ "W", 21 ], [ "R", 21 ], [ "R", 21 ], [ "R", 21 ], [ "R", 21 ], [ "R", 21 ], [ "R", 21 ], [ "R", 21 ], [ "W", 21 ], [ "W", 21 ], [ "W", 21 ], [ "W", 24 ], [ "R", 21 ], [ "R", 21 ], [ "R", 18 ], [ "R", 21 ], [ "R", 18 ], [ "R", 18 ], [ "R", 21 ], [ "R", 15 ], [ "R", 15 ], [ "R", 15 ], [ "R", 21 ], [ "R", 15 ] ]
    } ]
  },
  "KeywordsController.projectView" : {
    "t" : [ {
      "id" : 0,
      "a" : [ [ "R", 21 ], [ "R", 21 ], [ "R", 21 ], [ "W", 21 ], [ "W", 21 ], [ "W", 21 ], [ "W", 21 ], [ "W", 18 ], [ "W", 21 ], [ "W", 18 ], [ "W", 18 ], [ "W", 18 ], [ "W", 21 ], [ "W", 18 ], [ "W", 21 ], [ "R", 21 ], [ "R", 24 ], [ "W", 24 ], [ "W", 24 ], [ "W", 24 ], [ "W", 24 ], [ "W", 24 ], [ "W", 24 ], [ "W", 21 ], [ "W", 24 ], [ "W", 21 ], [ "W", 21 ], [ "R", 21 ], [ "R", 21 ], [ "R", 21 ], [ "R", 21 ], [ "R", 21 ], [ "R", 21 ], [ "R", 21 ], [ "W", 21 ], [ "W", 21 ], [ "W", 21 ], [ "W", 24 ], [ "R", 21 ], [ "R", 21 ], [ "R", 18 ], [ "R", 21 ], [ "R", 18 ], [ "R", 18 ], [ "R", 21 ], [ "R", 21 ], [ "R", 24 ], [ "R", 21 ], [ "R", 24 ], [ "R", 24 ], [ "R", 16 ], [ "R", 16 ], [ "R", 15 ], [ "R", 15 ], [ "R", 21 ], [ "R", 21 ], [ "R", 21 ], [ "R", 9 ], [ "R", 9 ], [ "R", 9 ], [ "R", 16 ], [ "R", 9 ] ]
    } ]
  },
  "EditProjectController.createProjectSubmit" : {
    "t" : [ {
      "id" : 0,
      "a" : [ [ "R", 21 ], [ "R", 18 ], [ "R", 21 ], [ "R", 18 ], [ "R", 18 ], [ "W", 15 ], [ "W", 21 ], [ "W", 15 ] ]
    } ]
  },
  "CreateProjectController.createProject" : {
    "t" : [ {
      "id" : 0,
      "a" : [ [ "R", 21 ], [ "R", 21 ], [ "R", 21 ], [ "W", 21 ], [ "W", 21 ], [ "W", 21 ], [ "W", 21 ], [ "W", 18 ], [ "W", 21 ], [ "W", 18 ], [ "W", 18 ], [ "W", 18 ], [ "W", 21 ], [ "W", 18 ], [ "W", 21 ], [ "R", 21 ], [ "R", 24 ], [ "W", 24 ], [ "W", 24 ], [ "W", 24 ], [ "W", 24 ], [ "W", 24 ], [ "W", 24 ], [ "W", 21 ], [ "W", 24 ], [ "W", 21 ], [ "W", 21 ], [ "R", 21 ], [ "R", 21 ], [ "R", 21 ], [ "R", 21 ], [ "R", 21 ], [ "R", 21 ], [ "R", 21 ], [ "W", 21 ], [ "W", 21 ], [ "W", 21 ], [ "W", 24 ], [ "R", 21 ], [ "R", 21 ], [ "R", 18 ], [ "R", 21 ], [ "R", 18 ], [ "R", 18 ], [ "R", 21 ], [ "R", 21 ], [ "R", 24 ], [ "R", 21 ], [ "R", 24 ], [ "R", 24 ] ]
    } ]
  },
  "RedditFunnyImagesController.redditFunnyImages" : {
    "t" : [ {
      "id" : 0,
      "a" : [ [ "R", 17 ] ]
    } ]
  },
  "ChiveImagesController.chiveImages" : {
    "t" : [ {
      "id" : 0,
      "a" : [ [ "R", 4 ], [ "R", 4 ] ]
    } ]
  },
  "HottestController.latest" : {
    "t" : [ {
      "id" : 0,
      "a" : [ [ "R", 7 ], [ "R", 7 ], [ "R", 7 ], [ "R", 7 ], [ "R", 13 ], [ "R", 7 ], [ "R", 13 ], [ "R", 7 ], [ "W", 13 ] ]
    } ]
  },
  "SeoPlayhouseController.blastfollow" : {
    "t" : [ {
      "id" : 0,
      "a" : [ [ "R", 21 ], [ "R", 21 ], [ "R", 21 ], [ "W", 21 ], [ "W", 21 ], [ "W", 21 ], [ "W", 21 ], [ "W", 18 ], [ "W", 21 ], [ "W", 18 ], [ "W", 18 ], [ "W", 18 ], [ "W", 21 ], [ "W", 18 ], [ "W", 21 ], [ "R", 21 ], [ "R", 24 ], [ "W", 24 ], [ "W", 24 ], [ "W", 24 ], [ "W", 24 ], [ "W", 24 ], [ "W", 24 ], [ "W", 21 ], [ "W", 24 ], [ "W", 21 ], [ "W", 21 ], [ "R", 21 ], [ "R", 21 ], [ "R", 21 ], [ "R", 21 ], [ "R", 21 ], [ "R", 21 ], [ "R", 21 ], [ "W", 21 ], [ "W", 21 ], [ "W", 21 ], [ "W", 24 ], [ "R", 21 ], [ "R", 21 ], [ "R", 18 ], [ "R", 21 ], [ "R", 18 ], [ "R", 18 ], [ "R", 21 ], [ "R", 15 ], [ "R", 15 ], [ "R", 15 ], [ "R", 21 ], [ "R", 15 ] ]
    } ]
  },
  "BacklinksController.projectView" : {
    "t" : [ {
      "id" : 0,
      "a" : [ [ "R", 21 ], [ "R", 21 ], [ "R", 21 ], [ "W", 21 ], [ "W", 21 ], [ "W", 21 ], [ "W", 21 ], [ "W", 18 ], [ "W", 21 ], [ "W", 18 ], [ "W", 18 ], [ "W", 18 ], [ "W", 21 ], [ "W", 18 ], [ "W", 21 ], [ "R", 21 ], [ "R", 24 ], [ "W", 24 ], [ "W", 24 ], [ "W", 24 ], [ "W", 24 ], [ "W", 24 ], [ "W", 24 ], [ "W", 21 ], [ "W", 24 ], [ "W", 21 ], [ "W", 21 ], [ "R", 21 ], [ "R", 21 ], [ "R", 21 ], [ "R", 21 ], [ "R", 21 ], [ "R", 21 ], [ "R", 21 ], [ "W", 21 ], [ "W", 21 ], [ "W", 21 ], [ "W", 24 ], [ "R", 21 ], [ "R", 21 ], [ "R", 18 ], [ "R", 21 ], [ "R", 18 ], [ "R", 18 ], [ "R", 21 ], [ "R", 21 ], [ "R", 24 ], [ "R", 21 ], [ "R", 24 ], [ "R", 24 ], [ "R", 16 ], [ "R", 16 ], [ "R", 15 ], [ "R", 15 ], [ "R", 21 ], [ "R", 21 ], [ "R", 21 ], [ "R", 3 ], [ "R", 3 ], [ "R", 3 ], [ "R", 16 ] ]
    } ]
  },
  "ViralFacebookController.viralTweets" : {
    "t" : [ {
      "id" : 0,
      "a" : [ [ "R", 26 ], [ "R", 26 ], [ "R", 26 ], [ "R", 26 ], [ "R", 26 ] ]
    } ]
  },
  "EditSeoStrategyController.createProjectSubmit" : {
    "t" : [ {
      "id" : 0,
      "a" : [ [ "R", 21 ], [ "R", 18 ], [ "R", 21 ], [ "R", 18 ], [ "R", 18 ], [ "R", 15 ], [ "R", 15 ], [ "R", 21 ], [ "R", 21 ], [ "R", 21 ], [ "R", 16 ], [ "R", 19 ], [ "R", 19 ], [ "R", 19 ], [ "W", 19 ], [ "R", 19 ], [ "R", 19 ], [ "W", 19 ], [ "R", 19 ], [ "R", 19 ], [ "W", 19 ], [ "R", 19 ], [ "R", 19 ], [ "W", 19 ], [ "R", 19 ], [ "R", 19 ], [ "W", 19 ], [ "R", 19 ], [ "R", 19 ], [ "W", 19 ], [ "R", 19 ], [ "R", 19 ], [ "W", 19 ], [ "R", 19 ], [ "R", 19 ], [ "W", 19 ], [ "W", 19 ], [ "R", 19 ] ]
    } ]
  }
}