{
  "AdCompany" : 1,
  "AnchorTextData" : 2,
  "BacklinkData" : 3,
  "ChiveImage" : 4,
  "CompetitorSearch" : 5,
  "Domain" : 6,
  "DomainAd" : 7,
  "DomainRank" : 8,
  "DomainSearchKeyword" : 9,
  "FollowRun" : 10,
  "Followee" : 11,
  "IndexItemInfoRow" : 12,
  "NativeAd" : 13,
  "PageSpeedInsights" : 14,
  "Project" : 15,
  "ProjectUrl" : 16,
  "RedditImage" : 17,
  "Role" : 18,
  "SeoStrategy" : 19,
  "StrategyKeyword" : 20,
  "TwitterUser" : 21,
  "UrlValue" : 22,
  "User" : 23,
  "UserConfig" : 24,
  "ViralContent" : 25,
  "ViralFacebook" : 26,
  "ViralTweet" : 27
}