{
  "1" : "Atom",
  "2" : "AtomMessageContainer",
  "3" : "BAState",
  "4" : "Connection",
  "5" : "ConnectionContainer",
  "6" : "ConnectionMessageContainer",
  "7" : "DatasetHolder",
  "8" : "Draft",
  "9" : "EmailVerificationToken",
  "10" : "KeystoreHolder",
  "11" : "KeystorePasswordHolder",
  "12" : "MessageContainer",
  "13" : "MessageEvent",
  "14" : "ModelHolder",
  "15" : "OwnerApplication",
  "16" : "PersistentLogin",
  "17" : "PushSubscription",
  "18" : "Socket",
  "19" : "User",
  "20" : "UserAtom",
  "21" : "WonNode"
}