{
  "ActivityAdvertise" : 1,
  "ActivityApply" : 2,
  "ActivityApplyFavor" : 3,
  "ActivityCard" : 4,
  "ActivityComment" : 5,
  "ActivityCommentPraise" : 6,
  "ActivityGroup" : 7,
  "ActivityImg" : 8,
  "ActivityInfo" : 9,
  "ActivityInvite" : 10,
  "ActivityItem" : 11,
  "ActivityMatch" : 12,
  "ActivityMatchApply" : 13,
  "ActivityMatchComment" : 14,
  "ActivityMember" : 15,
  "ActivityNetbarQrcode" : 16,
  "ActivityOverActivity" : 17,
  "ActivityOverActivityImg" : 18,
  "ActivityOverActivityModel" : 19,
  "ActivityOverActivityModule" : 20,
  "ActivityOverActivityModuleInfo" : 21,
  "ActivityOverActivityPraise" : 22,
  "ActivityRound" : 23,
  "ActivityServer" : 24,
  "ActivityTeam" : 25,
  "AmuseActivityComment" : 26,
  "AmuseActivityIcon" : 27,
  "AmuseActivityInfo" : 28,
  "AmuseActivityRecord" : 29,
  "AmuseAppeal" : 30,
  "AmuseAppealImg" : 31,
  "AmuseAwardType" : 32,
  "AmuseMsgFeedback" : 33,
  "AmuseRewardProgress" : 34,
  "AmuseVerify" : 35,
  "AmuseVerifyImg" : 36,
  "AppDynamicEntry" : 37,
  "AppUserLogInfo" : 38,
  "ApplicationParam" : 39,
  "ApplicationVersion" : 40,
  "AuditionAwardConfig" : 41,
  "AuditionMatchDetailLol" : 42,
  "AwardCommodity" : 43,
  "AwardInventory" : 44,
  "AwardRecord" : 45,
  "BaseEntity" : 46,
  "BoonCdkey" : 47,
  "Bounty" : 48,
  "BountyDailyTip" : 49,
  "BountyGrade" : 50,
  "BountyPrize" : 51,
  "ChipDetail" : 52,
  "CohereActivity" : 53,
  "CohereDebris" : 54,
  "CohereDebrisHistory" : 55,
  "CohereDraw" : 56,
  "CoherePrize" : 57,
  "CoherePrizeHistory" : 58,
  "CoinDetail" : 59,
  "CoinHistory" : 60,
  "CommentShortcut" : 61,
  "CommodityArea" : 62,
  "CommodityCategory" : 63,
  "CommodityHistory" : 64,
  "CommodityHistoryCdkey" : 65,
  "CommodityIcon" : 66,
  "CommodityInfo" : 67,
  "CompetitionMsg" : 68,
  "CompetitionMsgRead" : 69,
  "EventGroupSeat" : 70,
  "EventMember" : 71,
  "EventRound" : 72,
  "FinanceUser" : 73,
  "GameComment" : 74,
  "GameImg" : 75,
  "GameInfo" : 76,
  "GuessingInfo" : 77,
  "GuessingInfoItem" : 78,
  "GuessingItem" : 79,
  "H5Game" : 80,
  "IdEntity" : 81,
  "IndexAdvertise" : 82,
  "IndexAdvertiseArea" : 83,
  "IndexHot" : 84,
  "IndexMidImg" : 85,
  "InviteActivity" : 86,
  "InviteAdvertise" : 87,
  "InviteCode" : 88,
  "InviteRecord" : 89,
  "LotteryAward" : 90,
  "LotteryAwardSeat" : 91,
  "LotteryChance" : 92,
  "LotteryHistory" : 93,
  "LotteryOption" : 94,
  "LotteryPrize" : 95,
  "MallAdvertise" : 96,
  "MallBlacklist" : 97,
  "MallCdkey" : 98,
  "MallCdkeyStock" : 99,
  "MallGameInfo" : 100,
  "MallInvite" : 101,
  "MallMsg" : 102,
  "MallTask" : 103,
  "Matches" : 104,
  "MatchesCenue" : 105,
  "MatchesLeague" : 106,
  "MatchesOrganiser" : 107,
  "MatchesOrganiserGame" : 108,
  "MatchesProcess" : 109,
  "MerchantUserLog" : 110,
  "MpCdkey" : 111,
  "MpUser" : 112,
  "Msg4Sys" : 113,
  "Msg4User" : 114,
  "MsgMerchant" : 115,
  "MsgPushLog" : 116,
  "MsgReadLog4Sys" : 117,
  "MsgReadLog4User" : 118,
  "NetbarAd" : 119,
  "NetbarAndCoupon" : 120,
  "NetbarAreaPrice" : 121,
  "NetbarCardCoupon" : 122,
  "NetbarCardCouponCategory" : 123,
  "NetbarCardCouponSettle" : 124,
  "NetbarClientInfo" : 125,
  "NetbarComment" : 126,
  "NetbarCommodityCategory" : 127,
  "NetbarDiscountHistory" : 128,
  "NetbarDiscountInfoTemplate" : 129,
  "NetbarErrorRecovery" : 130,
  "NetbarErrorRecoveryImg" : 131,
  "NetbarEvaluation" : 132,
  "NetbarEvaluationImg" : 133,
  "NetbarEvaluationPraise" : 134,
  "NetbarFeedback" : 135,
  "NetbarFundDetail" : 136,
  "NetbarFundInfo" : 137,
  "NetbarImg" : 138,
  "NetbarInfo" : 139,
  "NetbarInfoTmp" : 140,
  "NetbarMatchApply" : 141,
  "NetbarMerchant" : 142,
  "NetbarOrder" : 143,
  "NetbarOrderDayStatistics" : 144,
  "NetbarOrderDisagree" : 145,
  "NetbarOwnerBatch" : 146,
  "NetbarOwnerBatchOrder" : 147,
  "NetbarQuotaConfig" : 148,
  "NetbarRank" : 149,
  "NetbarRechargeActivity" : 150,
  "NetbarRechargeActivityPrize" : 151,
  "NetbarRechargeOrder" : 152,
  "NetbarReservation" : 153,
  "NetbarResourceAreaQuottaRaito" : 154,
  "NetbarResourceCommodity" : 155,
  "NetbarResourceCommodityProperty" : 156,
  "NetbarResourceOrder" : 157,
  "NetbarStaff" : 158,
  "NetbarStaffBatch" : 159,
  "NetbarStaffBatchOrder" : 160,
  "NetbarTag" : 161,
  "NetbarUser" : 162,
  "NoticeArea" : 163,
  "NoticeRead" : 164,
  "OfficialWebsiteDynamic" : 165,
  "OfficialWebsiteLink" : 166,
  "Operate" : 167,
  "OperateLog" : 168,
  "PayNotice" : 169,
  "PcCommodity" : 170,
  "PcCommodityExchange" : 171,
  "PcCommodityOrderWeixin" : 172,
  "PcNetbarUserRetention" : 173,
  "PcUserLoginHistory" : 174,
  "PcUserRetention" : 175,
  "Period" : 176,
  "PeriodNotify" : 177,
  "Role" : 178,
  "RoleOperate" : 179,
  "SysUserArea" : 180,
  "SysUserNetbar" : 181,
  "SysValueAddedCard" : 182,
  "SystemArea" : 183,
  "SystemAreaMapping" : 184,
  "SystemMerchantNotice" : 185,
  "SystemRedbag" : 186,
  "SystemSuggestion" : 187,
  "SystemUser" : 188,
  "SystemUserRole" : 189,
  "TaskMatchAward" : 190,
  "TaskMatchCondition" : 191,
  "TaskMatchEnter" : 192,
  "TaskMatchFee" : 193,
  "TaskMatchLimitHero" : 194,
  "TaskMatchPrize" : 195,
  "TaskMatchRank" : 196,
  "TaskMatchRankLabel" : 197,
  "TaskMatchRankRecord" : 198,
  "TaskMatchTheme" : 199,
  "ThirdPartyCdkey" : 200,
  "ThirdPartyCdkeyCategory" : 201,
  "ThirdPartyLogin" : 202,
  "TurntableInfo" : 203,
  "TurntablePrize" : 204,
  "TurntableRule" : 205,
  "UserAlbum" : 206,
  "UserBlack" : 207,
  "UserComplaint" : 208,
  "UserExtend" : 209,
  "UserFans" : 210,
  "UserFavor" : 211,
  "UserGag" : 212,
  "UserGame" : 213,
  "UserInfo" : 214,
  "UserLoginLog" : 215,
  "UserRecInfo" : 216,
  "UserRechargePrize" : 217,
  "UserRedbag" : 218,
  "UserSevenDayExist" : 219,
  "UserValueAddedCard" : 220,
  "UwanNetbar" : 221,
  "UwanUser" : 222,
  "WjMatch" : 223
}