{
  "1" : "ActivityAdvertise",
  "2" : "ActivityApply",
  "3" : "ActivityApplyFavor",
  "4" : "ActivityCard",
  "5" : "ActivityComment",
  "6" : "ActivityCommentPraise",
  "7" : "ActivityGroup",
  "8" : "ActivityImg",
  "9" : "ActivityInfo",
  "10" : "ActivityInvite",
  "11" : "ActivityItem",
  "12" : "ActivityMatch",
  "13" : "ActivityMatchApply",
  "14" : "ActivityMatchComment",
  "15" : "ActivityMember",
  "16" : "ActivityNetbarQrcode",
  "17" : "ActivityOverActivity",
  "18" : "ActivityOverActivityImg",
  "19" : "ActivityOverActivityModel",
  "20" : "ActivityOverActivityModule",
  "21" : "ActivityOverActivityModuleInfo",
  "22" : "ActivityOverActivityPraise",
  "23" : "ActivityRound",
  "24" : "ActivityServer",
  "25" : "ActivityTeam",
  "26" : "AmuseActivityComment",
  "27" : "AmuseActivityIcon",
  "28" : "AmuseActivityInfo",
  "29" : "AmuseActivityRecord",
  "30" : "AmuseAppeal",
  "31" : "AmuseAppealImg",
  "32" : "AmuseAwardType",
  "33" : "AmuseMsgFeedback",
  "34" : "AmuseRewardProgress",
  "35" : "AmuseVerify",
  "36" : "AmuseVerifyImg",
  "37" : "AppDynamicEntry",
  "38" : "AppUserLogInfo",
  "39" : "ApplicationParam",
  "40" : "ApplicationVersion",
  "41" : "AuditionAwardConfig",
  "42" : "AuditionMatchDetailLol",
  "43" : "AwardCommodity",
  "44" : "AwardInventory",
  "45" : "AwardRecord",
  "46" : "BaseEntity",
  "47" : "BoonCdkey",
  "48" : "Bounty",
  "49" : "BountyDailyTip",
  "50" : "BountyGrade",
  "51" : "BountyPrize",
  "52" : "ChipDetail",
  "53" : "CohereActivity",
  "54" : "CohereDebris",
  "55" : "CohereDebrisHistory",
  "56" : "CohereDraw",
  "57" : "CoherePrize",
  "58" : "CoherePrizeHistory",
  "59" : "CoinDetail",
  "60" : "CoinHistory",
  "61" : "CommentShortcut",
  "62" : "CommodityArea",
  "63" : "CommodityCategory",
  "64" : "CommodityHistory",
  "65" : "CommodityHistoryCdkey",
  "66" : "CommodityIcon",
  "67" : "CommodityInfo",
  "68" : "CompetitionMsg",
  "69" : "CompetitionMsgRead",
  "70" : "EventGroupSeat",
  "71" : "EventMember",
  "72" : "EventRound",
  "73" : "FinanceUser",
  "74" : "GameComment",
  "75" : "GameImg",
  "76" : "GameInfo",
  "77" : "GuessingInfo",
  "78" : "GuessingInfoItem",
  "79" : "GuessingItem",
  "80" : "H5Game",
  "81" : "IdEntity",
  "82" : "IndexAdvertise",
  "83" : "IndexAdvertiseArea",
  "84" : "IndexHot",
  "85" : "IndexMidImg",
  "86" : "InviteActivity",
  "87" : "InviteAdvertise",
  "88" : "InviteCode",
  "89" : "InviteRecord",
  "90" : "LotteryAward",
  "91" : "LotteryAwardSeat",
  "92" : "LotteryChance",
  "93" : "LotteryHistory",
  "94" : "LotteryOption",
  "95" : "LotteryPrize",
  "96" : "MallAdvertise",
  "97" : "MallBlacklist",
  "98" : "MallCdkey",
  "99" : "MallCdkeyStock",
  "100" : "MallGameInfo",
  "101" : "MallInvite",
  "102" : "MallMsg",
  "103" : "MallTask",
  "104" : "Matches",
  "105" : "MatchesCenue",
  "106" : "MatchesLeague",
  "107" : "MatchesOrganiser",
  "108" : "MatchesOrganiserGame",
  "109" : "MatchesProcess",
  "110" : "MerchantUserLog",
  "111" : "MpCdkey",
  "112" : "MpUser",
  "113" : "Msg4Sys",
  "114" : "Msg4User",
  "115" : "MsgMerchant",
  "116" : "MsgPushLog",
  "117" : "MsgReadLog4Sys",
  "118" : "MsgReadLog4User",
  "119" : "NetbarAd",
  "120" : "NetbarAndCoupon",
  "121" : "NetbarAreaPrice",
  "122" : "NetbarCardCoupon",
  "123" : "NetbarCardCouponCategory",
  "124" : "NetbarCardCouponSettle",
  "125" : "NetbarClientInfo",
  "126" : "NetbarComment",
  "127" : "NetbarCommodityCategory",
  "128" : "NetbarDiscountHistory",
  "129" : "NetbarDiscountInfoTemplate",
  "130" : "NetbarErrorRecovery",
  "131" : "NetbarErrorRecoveryImg",
  "132" : "NetbarEvaluation",
  "133" : "NetbarEvaluationImg",
  "134" : "NetbarEvaluationPraise",
  "135" : "NetbarFeedback",
  "136" : "NetbarFundDetail",
  "137" : "NetbarFundInfo",
  "138" : "NetbarImg",
  "139" : "NetbarInfo",
  "140" : "NetbarInfoTmp",
  "141" : "NetbarMatchApply",
  "142" : "NetbarMerchant",
  "143" : "NetbarOrder",
  "144" : "NetbarOrderDayStatistics",
  "145" : "NetbarOrderDisagree",
  "146" : "NetbarOwnerBatch",
  "147" : "NetbarOwnerBatchOrder",
  "148" : "NetbarQuotaConfig",
  "149" : "NetbarRank",
  "150" : "NetbarRechargeActivity",
  "151" : "NetbarRechargeActivityPrize",
  "152" : "NetbarRechargeOrder",
  "153" : "NetbarReservation",
  "154" : "NetbarResourceAreaQuottaRaito",
  "155" : "NetbarResourceCommodity",
  "156" : "NetbarResourceCommodityProperty",
  "157" : "NetbarResourceOrder",
  "158" : "NetbarStaff",
  "159" : "NetbarStaffBatch",
  "160" : "NetbarStaffBatchOrder",
  "161" : "NetbarTag",
  "162" : "NetbarUser",
  "163" : "NoticeArea",
  "164" : "NoticeRead",
  "165" : "OfficialWebsiteDynamic",
  "166" : "OfficialWebsiteLink",
  "167" : "Operate",
  "168" : "OperateLog",
  "169" : "PayNotice",
  "170" : "PcCommodity",
  "171" : "PcCommodityExchange",
  "172" : "PcCommodityOrderWeixin",
  "173" : "PcNetbarUserRetention",
  "174" : "PcUserLoginHistory",
  "175" : "PcUserRetention",
  "176" : "Period",
  "177" : "PeriodNotify",
  "178" : "Role",
  "179" : "RoleOperate",
  "180" : "SysUserArea",
  "181" : "SysUserNetbar",
  "182" : "SysValueAddedCard",
  "183" : "SystemArea",
  "184" : "SystemAreaMapping",
  "185" : "SystemMerchantNotice",
  "186" : "SystemRedbag",
  "187" : "SystemSuggestion",
  "188" : "SystemUser",
  "189" : "SystemUserRole",
  "190" : "TaskMatchAward",
  "191" : "TaskMatchCondition",
  "192" : "TaskMatchEnter",
  "193" : "TaskMatchFee",
  "194" : "TaskMatchLimitHero",
  "195" : "TaskMatchPrize",
  "196" : "TaskMatchRank",
  "197" : "TaskMatchRankLabel",
  "198" : "TaskMatchRankRecord",
  "199" : "TaskMatchTheme",
  "200" : "ThirdPartyCdkey",
  "201" : "ThirdPartyCdkeyCategory",
  "202" : "ThirdPartyLogin",
  "203" : "TurntableInfo",
  "204" : "TurntablePrize",
  "205" : "TurntableRule",
  "206" : "UserAlbum",
  "207" : "UserBlack",
  "208" : "UserComplaint",
  "209" : "UserExtend",
  "210" : "UserFans",
  "211" : "UserFavor",
  "212" : "UserGag",
  "213" : "UserGame",
  "214" : "UserInfo",
  "215" : "UserLoginLog",
  "216" : "UserRecInfo",
  "217" : "UserRechargePrize",
  "218" : "UserRedbag",
  "219" : "UserSevenDayExist",
  "220" : "UserValueAddedCard",
  "221" : "UwanNetbar",
  "222" : "UwanUser",
  "223" : "WjMatch"
}