{
  "1" : "AccountAccess",
  "2" : "AccountReferenceEntity",
  "3" : "AdditionalPsuData",
  "4" : "AisConsent",
  "5" : "AisConsentAction",
  "6" : "AisConsentTransaction",
  "7" : "AisConsentUsage",
  "8" : "AspspConsentDataEntity",
  "9" : "AuthorisationEntity",
  "10" : "AuthorisationTemplateEntity",
  "11" : "ConsentEntity",
  "12" : "ConsentTppInformationEntity",
  "13" : "CryptoAlgorithm",
  "14" : "EventEntity",
  "15" : "InstanceDependableEntity",
  "16" : "PiisConsentEntity",
  "17" : "PisAddress",
  "18" : "PisCommonPaymentData",
  "19" : "PisPaymentData",
  "20" : "PisRemittance",
  "21" : "PsuData",
  "22" : "TppInfoEntity",
  "23" : "TppStopListEntity"
}