{
  "AccountAccess" : 1,
  "AccountReferenceEntity" : 2,
  "AdditionalPsuData" : 3,
  "AisConsent" : 4,
  "AisConsentAction" : 5,
  "AisConsentTransaction" : 6,
  "AisConsentUsage" : 7,
  "AspspConsentDataEntity" : 8,
  "AuthorisationEntity" : 9,
  "AuthorisationTemplateEntity" : 10,
  "ConsentEntity" : 11,
  "ConsentTppInformationEntity" : 12,
  "CryptoAlgorithm" : 13,
  "EventEntity" : 14,
  "InstanceDependableEntity" : 15,
  "PiisConsentEntity" : 16,
  "PisAddress" : 17,
  "PisCommonPaymentData" : 18,
  "PisPaymentData" : 19,
  "PisRemittance" : 20,
  "PsuData" : 21,
  "TppInfoEntity" : 22,
  "TppStopListEntity" : 23
}