{
  "AccountController.downloadTransactions" : {
    "t" : [ {
      "id" : 0,
      "a" : [ [ "R", 1 ], [ "R", 1 ], [ "R", 1 ], [ "R", 1 ], [ "R", 1 ], [ "R", 1 ], [ "R", 1 ], [ "R", 1 ], [ "R", 1 ], [ "R", 1 ], [ "R", 1 ], [ "R", 1 ], [ "R", 1 ], [ "R", 1 ], [ "R", 1 ], [ "R", 1 ], [ "R", 1 ], [ "R", 1 ], [ "R", 1 ], [ "R", 1 ], [ "R", 1 ], [ "R", 1 ], [ "R", 1 ], [ "R", 4 ], [ "R", 4 ], [ "R", 4 ] ]
    } ]
  },
  "CmsPsuAisController.getAuthorisationByAuthorisationId" : {
    "t" : [ {
      "id" : 0,
      "a" : [ [ "R", 9 ] ]
    } ]
  },
  "PiisConsentController.getPiisConsentListByAccountReference" : {
    "t" : [ {
      "id" : 0,
      "a" : [ [ "R", 11 ], [ "R", 11 ], [ "R", 11 ], [ "R", 11 ], [ "R", 11 ], [ "R", 11 ], [ "R", 11 ], [ "R", 12 ], [ "R", 11 ], [ "R", 10 ], [ "R", 11 ], [ "R", 11 ], [ "R", 11 ], [ "R", 11 ], [ "R", 21 ], [ "R", 11 ], [ "R", 11 ], [ "R", 11 ], [ "R", 11 ], [ "R", 11 ], [ "R", 11 ], [ "R", 11 ], [ "W", 1 ], [ "W", 1 ], [ "W", 1 ], [ "W", 1 ], [ "R", 11 ], [ "R", 11 ], [ "R", 11 ], [ "W", 1 ], [ "W", 1 ], [ "W", 1 ], [ "W", 1 ] ]
    } ]
  },
  "CmsAspspStopListController.unblockTpp" : {
    "t" : [ {
      "id" : 0,
      "a" : [ [ "R", 23 ], [ "W", 23 ], [ "W", 23 ], [ "W", 23 ] ]
    } ]
  },
  "TppController.updateTppInfo" : {
    "t" : [ {
      "id" : 0,
      "a" : [ [ "R", 22 ], [ "R", 22 ], [ "W", 22 ], [ "W", 22 ] ]
    } ]
  },
  "AspspConsentDataController.deleteAspspConsentData" : {
    "t" : [ {
      "id" : 0,
      "a" : [ [ "R", 8 ], [ "W", 8 ] ]
    } ]
  },
  "CmsAspspPiisController.getConsentsForPsu" : {
    "t" : [ {
      "id" : 0,
      "a" : [ [ "R", 11 ] ]
    } ]
  },
  "AspspConsentDataPsuApiController.updateAspspConsentData" : {
    "t" : [ {
      "id" : 0,
      "a" : [ [ "R", 8 ], [ "W", 8 ], [ "R", 8 ], [ "W", 8 ], [ "W", 8 ], [ "W", 8 ], [ "R", 8 ], [ "W", 8 ], [ "W", 8 ], [ "W", 8 ] ]
    } ]
  },
  "CmsAspspAisExportController.getConsentsByTpp" : {
    "t" : [ {
      "id" : 0,
      "a" : [ [ "R", 11 ] ]
    } ]
  },
  "CmsPsuPiisController.getConsentsForPsu" : {
    "t" : [ {
      "id" : 0,
      "a" : [ [ "R", 11 ], [ "R", 11 ], [ "R", 21 ], [ "R", 11 ] ]
    } ]
  },
  "CmsAspspPisTransactionController.updatePaymentStatus" : {
    "t" : [ {
      "id" : 0,
      "a" : [ [ "R", 18 ], [ "W", 18 ], [ "W", 18 ], [ "W", 18 ], [ "R", 18 ] ]
    } ]
  },
  "CmsPsuPiisController.getConsent" : {
    "t" : [ {
      "id" : 0,
      "a" : [ [ "R", 11 ], [ "R", 11 ], [ "R", 21 ], [ "R", 11 ] ]
    } ]
  },
  "CmsPsuPisController.getPaymentIdByRedirectId" : {
    "t" : [ {
      "id" : 0,
      "a" : [ [ "R", 9 ], [ "R", 9 ], [ "R", 9 ], [ "W", 9 ], [ "W", 9 ], [ "R", 9 ], [ "R", 9 ], [ "R", 18 ], [ "R", 9 ], [ "R", 18 ], [ "R", 19 ], [ "R", 18 ], [ "R", 18 ], [ "R", 18 ], [ "R", 18 ], [ "R", 18 ], [ "R", 18 ], [ "R", 18 ], [ "R", 22 ], [ "R", 18 ], [ "R", 21 ], [ "R", 18 ], [ "R", 18 ], [ "R", 18 ], [ "R", 19 ], [ "R", 18 ], [ "R", 18 ], [ "R", 19 ], [ "R", 18 ], [ "R", 18 ], [ "R", 19 ], [ "R", 18 ], [ "R", 18 ], [ "R", 19 ], [ "R", 2 ], [ "R", 2 ], [ "R", 2 ], [ "R", 2 ], [ "R", 2 ], [ "R", 2 ], [ "R", 2 ], [ "R", 19 ], [ "R", 19 ], [ "R", 19 ], [ "R", 19 ], [ "R", 2 ], [ "R", 2 ], [ "R", 2 ], [ "R", 2 ], [ "R", 2 ], [ "R", 2 ], [ "R", 2 ], [ "R", 19 ], [ "R", 19 ], [ "R", 19 ], [ "R", 2 ], [ "R", 2 ], [ "R", 2 ], [ "R", 2 ], [ "R", 2 ], [ "R", 2 ], [ "R", 2 ], [ "R", 19 ], [ "R", 19 ], [ "R", 19 ], [ "R", 17 ], [ "R", 19 ], [ "R", 19 ], [ "R", 19 ], [ "R", 19 ], [ "R", 18 ], [ "R", 18 ], [ "R", 22 ], [ "R", 18 ], [ "R", 21 ], [ "R", 18 ], [ "R", 18 ], [ "R", 18 ], [ "R", 19 ], [ "R", 19 ], [ "R", 19 ], [ "R", 19 ], [ "R", 20 ], [ "R", 19 ], [ "R", 19 ], [ "R", 19 ], [ "R", 19 ], [ "R", 2 ], [ "R", 2 ], [ "R", 2 ], [ "R", 2 ], [ "R", 2 ], [ "R", 2 ], [ "R", 2 ], [ "R", 19 ], [ "R", 19 ], [ "R", 19 ], [ "R", 2 ], [ "R", 2 ], [ "R", 2 ], [ "R", 2 ], [ "R", 2 ], [ "R", 2 ], [ "R", 2 ], [ "R", 19 ], [ "R", 19 ], [ "R", 19 ], [ "R", 17 ], [ "R", 19 ], [ "R", 19 ], [ "R", 19 ], [ "R", 19 ], [ "R", 19 ], [ "R", 19 ], [ "R", 19 ], [ "R", 19 ], [ "R", 19 ], [ "R", 18 ], [ "R", 18 ], [ "R", 22 ], [ "R", 18 ], [ "R", 21 ], [ "R", 18 ], [ "R", 18 ], [ "R", 18 ], [ "R", 19 ], [ "R", 19 ], [ "R", 19 ], [ "R", 19 ], [ "R", 20 ], [ "R", 19 ], [ "R", 19 ], [ "R", 19 ], [ "R", 19 ], [ "R", 2 ], [ "R", 2 ], [ "R", 2 ], [ "R", 2 ], [ "R", 2 ], [ "R", 2 ], [ "R", 2 ], [ "R", 19 ], [ "R", 19 ], [ "R", 19 ], [ "R", 2 ], [ "R", 2 ], [ "R", 2 ], [ "R", 2 ], [ "R", 2 ], [ "R", 2 ], [ "R", 2 ], [ "R", 19 ], [ "R", 19 ], [ "R", 19 ], [ "R", 17 ], [ "R", 19 ], [ "R", 19 ], [ "R", 19 ], [ "R", 19 ], [ "R", 18 ], [ "R", 18 ], [ "R", 22 ], [ "R", 18 ], [ "R", 21 ], [ "R", 18 ], [ "R", 18 ], [ "R", 18 ], [ "R", 19 ], [ "R", 19 ], [ "R", 19 ], [ "R", 19 ], [ "R", 20 ], [ "R", 9 ], [ "R", 9 ], [ "R", 9 ] ]
    } ]
  },
  "CmsAspspPiisExportController.getConsentsByTpp" : {
    "t" : [ {
      "id" : 0,
      "a" : [ [ "R", 11 ] ]
    } ]
  },
  "AspspConsentDataController.getAspspConsentData" : {
    "t" : [ {
      "id" : 0,
      "a" : [ [ "R", 8 ], [ "R", 8 ] ]
    } ]
  },
  "CmsAspspAisExportController.getConsentsByAccount" : {
    "t" : [ {
      "id" : 0,
      "a" : [ [ "R", 11 ] ]
    } ]
  },
  "CmsPsuAisController.putAccountAccessInConsent" : {
    "t" : [ {
      "id" : 0,
      "a" : [ [ "R", 11 ], [ "R", 11 ], [ "R", 11 ], [ "R", 11 ], [ "R", 11 ], [ "W", 1 ], [ "W", 1 ], [ "W", 1 ], [ "W", 1 ], [ "R", 1 ], [ "W", 1 ], [ "W", 1 ], [ "W", 1 ], [ "W", 1 ], [ "R", 1 ], [ "W", 1 ], [ "W", 1 ], [ "W", 1 ], [ "W", 1 ], [ "R", 1 ], [ "W", 1 ], [ "W", 1 ], [ "W", 1 ], [ "W", 1 ], [ "R", 1 ], [ "W", 1 ], [ "W", 1 ], [ "W", 1 ], [ "W", 1 ], [ "W", 1 ], [ "W", 1 ], [ "W", 1 ], [ "W", 1 ], [ "W", 11 ], [ "W", 11 ], [ "W", 11 ], [ "W", 11 ], [ "W", 11 ], [ "W", 11 ], [ "R", 7 ], [ "W", 7 ], [ "W", 7 ], [ "R", 11 ], [ "R", 11 ], [ "R", 11 ], [ "R", 11 ], [ "R", 11 ], [ "R", 11 ], [ "R", 11 ], [ "R", 9 ], [ "R", 11 ], [ "R", 7 ], [ "R", 11 ], [ "R", 7 ], [ "R", 11 ], [ "R", 11 ], [ "R", 11 ], [ "R", 11 ], [ "R", 11 ], [ "R", 11 ], [ "R", 11 ], [ "R", 11 ], [ "R", 11 ], [ "R", 11 ], [ "R", 11 ], [ "R", 11 ], [ "R", 12 ], [ "R", 11 ], [ "R", 10 ], [ "R", 11 ], [ "R", 21 ], [ "R", 11 ], [ "R", 11 ], [ "R", 11 ], [ "W", 1 ], [ "W", 1 ], [ "W", 1 ], [ "W", 1 ], [ "R", 11 ], [ "R", 11 ], [ "R", 11 ], [ "W", 1 ], [ "W", 1 ], [ "W", 1 ], [ "W", 1 ], [ "R", 1 ], [ "R", 1 ], [ "R", 1 ], [ "R", 11 ], [ "R", 11 ], [ "R", 11 ], [ "R", 9 ], [ "R", 11 ], [ "R", 7 ], [ "R", 11 ], [ "R", 7 ], [ "R", 11 ], [ "R", 11 ], [ "R", 11 ], [ "R", 11 ], [ "R", 11 ], [ "R", 11 ], [ "R", 11 ], [ "R", 11 ], [ "R", 11 ], [ "R", 11 ], [ "R", 11 ], [ "R", 11 ], [ "R", 12 ], [ "R", 11 ], [ "R", 10 ], [ "R", 11 ], [ "R", 21 ], [ "R", 11 ], [ "R", 11 ], [ "R", 11 ], [ "W", 1 ], [ "W", 1 ], [ "W", 1 ], [ "W", 1 ], [ "R", 11 ], [ "R", 11 ], [ "R", 11 ], [ "W", 1 ], [ "W", 1 ], [ "W", 1 ], [ "W", 1 ], [ "R", 1 ], [ "R", 1 ], [ "R", 1 ], [ "R", 1 ], [ "R", 1 ], [ "R", 1 ], [ "W", 11 ], [ "W", 11 ], [ "R", 11 ] ]
    } ]
  },
  "CmsPsuAisController.authorisePartiallyConsent" : {
    "t" : [ {
      "id" : 0,
      "a" : [ [ "R", 11 ], [ "R", 11 ], [ "R", 11 ], [ "R", 4 ], [ "R", 4 ], [ "R", 4 ], [ "R", 4 ], [ "R", 4 ], [ "W", 11 ], [ "W", 11 ], [ "R", 11 ], [ "R", 11 ], [ "R", 11 ], [ "W", 11 ], [ "W", 11 ], [ "W", 11 ], [ "R", 11 ], [ "R", 11 ], [ "R", 11 ], [ "R", 11 ], [ "R", 11 ], [ "R", 11 ], [ "R", 11 ], [ "R", 9 ], [ "R", 11 ], [ "R", 7 ], [ "R", 11 ], [ "R", 7 ], [ "R", 11 ], [ "R", 11 ], [ "R", 11 ], [ "R", 11 ], [ "R", 11 ], [ "R", 11 ], [ "R", 11 ], [ "R", 11 ], [ "R", 11 ], [ "R", 11 ], [ "R", 11 ], [ "R", 11 ], [ "R", 12 ], [ "R", 11 ], [ "R", 10 ], [ "R", 11 ], [ "R", 21 ], [ "R", 11 ], [ "R", 11 ], [ "R", 11 ], [ "W", 1 ], [ "W", 1 ], [ "W", 1 ], [ "W", 1 ], [ "R", 11 ], [ "R", 11 ], [ "R", 11 ], [ "W", 1 ], [ "W", 1 ], [ "W", 1 ], [ "W", 1 ], [ "R", 1 ], [ "R", 1 ], [ "R", 1 ], [ "R", 11 ], [ "R", 11 ], [ "R", 11 ], [ "R", 11 ], [ "R", 11 ], [ "R", 9 ], [ "R", 11 ], [ "R", 7 ], [ "R", 11 ], [ "R", 7 ], [ "R", 11 ], [ "R", 11 ], [ "R", 11 ], [ "R", 11 ], [ "R", 11 ], [ "R", 11 ], [ "R", 11 ], [ "R", 11 ], [ "R", 11 ], [ "R", 11 ], [ "R", 11 ], [ "R", 11 ], [ "R", 12 ], [ "R", 11 ], [ "R", 10 ], [ "R", 11 ], [ "R", 21 ], [ "R", 11 ], [ "R", 11 ], [ "R", 11 ], [ "W", 1 ], [ "W", 1 ], [ "W", 1 ], [ "W", 1 ], [ "R", 11 ], [ "R", 11 ], [ "R", 11 ], [ "W", 1 ], [ "W", 1 ], [ "W", 1 ], [ "W", 1 ], [ "R", 1 ], [ "R", 1 ], [ "R", 1 ], [ "R", 1 ], [ "R", 1 ], [ "R", 1 ], [ "W", 11 ], [ "W", 11 ] ]
    } ]
  },
  "CmsPsuPisController.updatePsuInPayment" : {
    "t" : [ {
      "id" : 0,
      "a" : [ [ "R", 9 ], [ "R", 9 ], [ "R", 9 ], [ "W", 3 ], [ "W", 3 ], [ "W", 3 ], [ "W", 3 ], [ "W", 3 ], [ "W", 3 ], [ "W", 3 ], [ "W", 3 ], [ "W", 3 ], [ "W", 21 ], [ "W", 21 ], [ "W", 21 ], [ "W", 21 ], [ "W", 21 ], [ "W", 21 ], [ "W", 3 ], [ "R", 21 ], [ "R", 9 ], [ "R", 9 ], [ "R", 21 ], [ "R", 21 ], [ "W", 21 ], [ "R", 9 ], [ "R", 18 ], [ "R", 9 ], [ "R", 18 ], [ "R", 21 ], [ "R", 21 ], [ "R", 21 ], [ "R", 9 ], [ "R", 21 ], [ "W", 18 ], [ "W", 21 ], [ "W", 18 ], [ "R", 9 ], [ "W", 9 ], [ "W", 21 ], [ "W", 9 ] ]
    } ]
  },
  "CmsPsuPisController.getAuthorisationByAuthorisationId" : {
    "t" : [ {
      "id" : 0,
      "a" : [ [ "R", 9 ] ]
    } ]
  },
  "CmsAspspPisExportController.getPaymentsByPsu" : {
    "t" : [ {
      "id" : 0,
      "a" : [ [ "R", 18 ] ]
    } ]
  },
  "CmsPsuAisController.confirmConsent" : {
    "t" : [ {
      "id" : 0,
      "a" : [ [ "R", 11 ], [ "R", 11 ], [ "R", 11 ], [ "R", 4 ], [ "R", 4 ], [ "R", 4 ], [ "R", 4 ], [ "R", 4 ], [ "W", 11 ], [ "W", 11 ], [ "R", 11 ], [ "R", 11 ], [ "R", 11 ], [ "W", 11 ], [ "W", 11 ], [ "W", 11 ], [ "R", 11 ], [ "R", 11 ], [ "R", 11 ], [ "R", 11 ], [ "R", 11 ], [ "R", 11 ], [ "R", 11 ], [ "R", 9 ], [ "R", 11 ], [ "R", 7 ], [ "R", 11 ], [ "R", 7 ], [ "R", 11 ], [ "R", 11 ], [ "R", 11 ], [ "R", 11 ], [ "R", 11 ], [ "R", 11 ], [ "R", 11 ], [ "R", 11 ], [ "R", 11 ], [ "R", 11 ], [ "R", 11 ], [ "R", 11 ], [ "R", 12 ], [ "R", 11 ], [ "R", 10 ], [ "R", 11 ], [ "R", 21 ], [ "R", 11 ], [ "R", 11 ], [ "R", 11 ], [ "W", 1 ], [ "W", 1 ], [ "W", 1 ], [ "W", 1 ], [ "R", 11 ], [ "R", 11 ], [ "R", 11 ], [ "W", 1 ], [ "W", 1 ], [ "W", 1 ], [ "W", 1 ], [ "R", 1 ], [ "R", 1 ], [ "R", 1 ], [ "R", 11 ], [ "R", 11 ], [ "R", 11 ], [ "R", 11 ], [ "R", 11 ], [ "R", 9 ], [ "R", 11 ], [ "R", 7 ], [ "R", 11 ], [ "R", 7 ], [ "R", 11 ], [ "R", 11 ], [ "R", 11 ], [ "R", 11 ], [ "R", 11 ], [ "R", 11 ], [ "R", 11 ], [ "R", 11 ], [ "R", 11 ], [ "R", 11 ], [ "R", 11 ], [ "R", 11 ], [ "R", 12 ], [ "R", 11 ], [ "R", 10 ], [ "R", 11 ], [ "R", 21 ], [ "R", 11 ], [ "R", 11 ], [ "R", 11 ], [ "W", 1 ], [ "W", 1 ], [ "W", 1 ], [ "W", 1 ], [ "R", 11 ], [ "R", 11 ], [ "R", 11 ], [ "W", 1 ], [ "W", 1 ], [ "W", 1 ], [ "W", 1 ], [ "R", 1 ], [ "R", 1 ], [ "R", 1 ], [ "R", 1 ], [ "R", 1 ], [ "R", 1 ], [ "W", 11 ], [ "W", 11 ] ]
    } ]
  },
  "CmsPsuAisController.rejectConsent" : {
    "t" : [ {
      "id" : 0,
      "a" : [ [ "R", 11 ], [ "R", 11 ], [ "R", 11 ], [ "R", 4 ], [ "R", 4 ], [ "R", 4 ], [ "R", 4 ], [ "R", 4 ], [ "W", 11 ], [ "W", 11 ], [ "R", 11 ], [ "R", 11 ], [ "R", 11 ], [ "W", 11 ], [ "W", 11 ], [ "W", 11 ], [ "R", 11 ], [ "R", 11 ], [ "R", 11 ], [ "R", 11 ], [ "R", 11 ], [ "R", 11 ], [ "R", 11 ], [ "R", 9 ], [ "R", 11 ], [ "R", 7 ], [ "R", 11 ], [ "R", 7 ], [ "R", 11 ], [ "R", 11 ], [ "R", 11 ], [ "R", 11 ], [ "R", 11 ], [ "R", 11 ], [ "R", 11 ], [ "R", 11 ], [ "R", 11 ], [ "R", 11 ], [ "R", 11 ], [ "R", 11 ], [ "R", 12 ], [ "R", 11 ], [ "R", 10 ], [ "R", 11 ], [ "R", 21 ], [ "R", 11 ], [ "R", 11 ], [ "R", 11 ], [ "W", 1 ], [ "W", 1 ], [ "W", 1 ], [ "W", 1 ], [ "R", 11 ], [ "R", 11 ], [ "R", 11 ], [ "W", 1 ], [ "W", 1 ], [ "W", 1 ], [ "W", 1 ], [ "R", 1 ], [ "R", 1 ], [ "R", 1 ], [ "R", 11 ], [ "R", 11 ], [ "R", 11 ], [ "R", 11 ], [ "R", 11 ], [ "R", 9 ], [ "R", 11 ], [ "R", 7 ], [ "R", 11 ], [ "R", 7 ], [ "R", 11 ], [ "R", 11 ], [ "R", 11 ], [ "R", 11 ], [ "R", 11 ], [ "R", 11 ], [ "R", 11 ], [ "R", 11 ], [ "R", 11 ], [ "R", 11 ], [ "R", 11 ], [ "R", 11 ], [ "R", 12 ], [ "R", 11 ], [ "R", 10 ], [ "R", 11 ], [ "R", 21 ], [ "R", 11 ], [ "R", 11 ], [ "R", 11 ], [ "W", 1 ], [ "W", 1 ], [ "W", 1 ], [ "W", 1 ], [ "R", 11 ], [ "R", 11 ], [ "R", 11 ], [ "W", 1 ], [ "W", 1 ], [ "W", 1 ], [ "W", 1 ], [ "R", 1 ], [ "R", 1 ], [ "R", 1 ], [ "R", 1 ], [ "R", 1 ], [ "R", 1 ], [ "W", 11 ], [ "W", 11 ] ]
    } ]
  },
  "AspspConsentDataPsuApiController.deleteAspspConsentData" : {
    "t" : [ {
      "id" : 0,
      "a" : [ [ "R", 8 ], [ "W", 8 ] ]
    } ]
  },
  "CmsPsuAisController.psuDataAuthorisations" : {
    "t" : [ {
      "id" : 0,
      "a" : [ [ "R", 11 ], [ "R", 11 ], [ "R", 11 ], [ "R", 9 ], [ "R", 9 ], [ "R", 21 ], [ "R", 9 ], [ "R", 21 ], [ "R", 21 ], [ "R", 21 ], [ "R", 21 ], [ "R", 21 ], [ "R", 21 ], [ "R", 21 ], [ "R", 3 ], [ "R", 3 ], [ "R", 3 ], [ "R", 3 ], [ "R", 3 ], [ "R", 3 ], [ "R", 3 ], [ "R", 3 ], [ "R", 3 ], [ "R", 3 ], [ "R", 9 ], [ "R", 9 ], [ "R", 9 ], [ "R", 21 ], [ "R", 9 ], [ "R", 21 ], [ "R", 21 ], [ "R", 21 ], [ "R", 21 ], [ "R", 21 ], [ "R", 21 ], [ "R", 21 ], [ "R", 3 ], [ "R", 3 ], [ "R", 3 ], [ "R", 3 ], [ "R", 3 ], [ "R", 3 ], [ "R", 3 ], [ "R", 3 ], [ "R", 3 ], [ "R", 3 ], [ "R", 9 ], [ "R", 9 ] ]
    } ]
  },
  "AspspConsentDataController.updateAspspConsentData" : {
    "t" : [ {
      "id" : 0,
      "a" : [ [ "R", 8 ], [ "W", 8 ], [ "R", 8 ], [ "W", 8 ], [ "W", 8 ], [ "W", 8 ], [ "R", 8 ], [ "W", 8 ], [ "W", 8 ], [ "W", 8 ] ]
    } ]
  },
  "CmsPsuPisController.updateAuthorisationStatus" : {
    "t" : [ {
      "id" : 0,
      "a" : [ [ "R", 9 ], [ "R", 9 ], [ "R", 9 ], [ "R", 9 ], [ "R", 9 ], [ "R", 9 ], [ "W", 9 ], [ "W", 9 ], [ "W", 9 ], [ "W", 9 ] ]
    } ]
  },
  "CmsPsuAisController.getConsentIdByRedirectId" : {
    "t" : [ {
      "id" : 0,
      "a" : [ [ "R", 9 ], [ "R", 9 ], [ "W", 9 ], [ "W", 9 ], [ "R", 9 ], [ "R", 9 ], [ "R", 11 ], [ "R", 11 ], [ "R", 11 ], [ "R", 4 ], [ "R", 4 ], [ "R", 4 ], [ "R", 4 ], [ "R", 4 ], [ "W", 11 ], [ "W", 11 ], [ "R", 11 ], [ "R", 9 ], [ "R", 11 ], [ "R", 7 ], [ "R", 11 ], [ "R", 7 ], [ "R", 11 ], [ "R", 11 ], [ "R", 11 ], [ "R", 11 ], [ "R", 11 ], [ "R", 11 ], [ "R", 11 ], [ "R", 11 ], [ "R", 11 ], [ "R", 11 ], [ "R", 11 ], [ "R", 11 ], [ "R", 12 ], [ "R", 11 ], [ "R", 10 ], [ "R", 11 ], [ "R", 21 ], [ "R", 11 ], [ "R", 11 ], [ "R", 11 ], [ "W", 1 ], [ "W", 1 ], [ "W", 1 ], [ "W", 1 ], [ "R", 11 ], [ "R", 11 ], [ "R", 11 ], [ "W", 1 ], [ "W", 1 ], [ "W", 1 ], [ "W", 1 ], [ "R", 1 ], [ "R", 1 ], [ "R", 1 ], [ "R", 1 ], [ "R", 1 ], [ "R", 1 ], [ "R", 1 ], [ "R", 1 ], [ "R", 11 ], [ "R", 12 ], [ "R", 11 ], [ "R", 11 ], [ "R", 11 ], [ "R", 11 ], [ "R", 11 ], [ "R", 11 ], [ "R", 11 ], [ "R", 1 ], [ "R", 12 ], [ "R", 1 ], [ "R", 1 ], [ "R", 1 ], [ "R", 1 ], [ "R", 1 ], [ "R", 1 ], [ "R", 4 ], [ "R", 4 ], [ "R", 4 ], [ "R", 12 ], [ "R", 22 ], [ "R", 11 ], [ "R", 11 ], [ "R", 11 ], [ "R", 12 ], [ "R", 9 ], [ "R", 9 ] ]
    } ]
  },
  "CmsAspspPiisController.terminateConsent" : {
    "t" : [ {
      "id" : 0,
      "a" : [ [ "R", 11 ], [ "W", 11 ], [ "W", 11 ], [ "R", 11 ], [ "R", 11 ], [ "R", 16 ], [ "R", 16 ], [ "R", 16 ], [ "R", 16 ], [ "R", 16 ], [ "W", 11 ], [ "W", 11 ], [ "W", 11 ] ]
    } ]
  },
  "CmsPsuAisController.revokeConsent" : {
    "t" : [ {
      "id" : 0,
      "a" : [ [ "R", 11 ], [ "R", 11 ], [ "R", 11 ], [ "R", 4 ], [ "R", 4 ], [ "R", 4 ], [ "R", 4 ], [ "R", 4 ], [ "W", 11 ], [ "W", 11 ], [ "R", 11 ], [ "R", 11 ], [ "R", 11 ], [ "W", 11 ], [ "W", 11 ], [ "W", 11 ], [ "R", 11 ], [ "R", 11 ], [ "R", 11 ], [ "R", 11 ], [ "R", 11 ], [ "R", 11 ], [ "R", 11 ], [ "R", 9 ], [ "R", 11 ], [ "R", 7 ], [ "R", 11 ], [ "R", 7 ], [ "R", 11 ], [ "R", 11 ], [ "R", 11 ], [ "R", 11 ], [ "R", 11 ], [ "R", 11 ], [ "R", 11 ], [ "R", 11 ], [ "R", 11 ], [ "R", 11 ], [ "R", 11 ], [ "R", 11 ], [ "R", 12 ], [ "R", 11 ], [ "R", 10 ], [ "R", 11 ], [ "R", 21 ], [ "R", 11 ], [ "R", 11 ], [ "R", 11 ], [ "W", 1 ], [ "W", 1 ], [ "W", 1 ], [ "W", 1 ], [ "R", 11 ], [ "R", 11 ], [ "R", 11 ], [ "W", 1 ], [ "W", 1 ], [ "W", 1 ], [ "W", 1 ], [ "R", 1 ], [ "R", 1 ], [ "R", 1 ], [ "R", 11 ], [ "R", 11 ], [ "R", 11 ], [ "R", 11 ], [ "R", 11 ], [ "R", 9 ], [ "R", 11 ], [ "R", 7 ], [ "R", 11 ], [ "R", 7 ], [ "R", 11 ], [ "R", 11 ], [ "R", 11 ], [ "R", 11 ], [ "R", 11 ], [ "R", 11 ], [ "R", 11 ], [ "R", 11 ], [ "R", 11 ], [ "R", 11 ], [ "R", 11 ], [ "R", 11 ], [ "R", 12 ], [ "R", 11 ], [ "R", 10 ], [ "R", 11 ], [ "R", 21 ], [ "R", 11 ], [ "R", 11 ], [ "R", 11 ], [ "W", 1 ], [ "W", 1 ], [ "W", 1 ], [ "W", 1 ], [ "R", 11 ], [ "R", 11 ], [ "R", 11 ], [ "W", 1 ], [ "W", 1 ], [ "W", 1 ], [ "W", 1 ], [ "R", 1 ], [ "R", 1 ], [ "R", 1 ], [ "R", 1 ], [ "R", 1 ], [ "R", 1 ], [ "W", 11 ], [ "W", 11 ] ]
    } ]
  },
  "CmsPsuPisController.getPaymentByPaymentIdForCancellation" : {
    "t" : [ {
      "id" : 0,
      "a" : [ [ "R", 19 ], [ "R", 19 ], [ "R", 18 ], [ "R", 18 ], [ "R", 19 ], [ "R", 18 ], [ "R", 18 ], [ "R", 19 ], [ "R", 18 ], [ "R", 18 ], [ "R", 19 ], [ "R", 2 ], [ "R", 2 ], [ "R", 2 ], [ "R", 2 ], [ "R", 2 ], [ "R", 2 ], [ "R", 2 ], [ "R", 19 ], [ "R", 19 ], [ "R", 19 ], [ "R", 19 ], [ "R", 2 ], [ "R", 2 ], [ "R", 2 ], [ "R", 2 ], [ "R", 2 ], [ "R", 2 ], [ "R", 2 ], [ "R", 19 ], [ "R", 19 ], [ "R", 19 ], [ "R", 2 ], [ "R", 2 ], [ "R", 2 ], [ "R", 2 ], [ "R", 2 ], [ "R", 2 ], [ "R", 2 ], [ "R", 19 ], [ "R", 19 ], [ "R", 19 ], [ "R", 17 ], [ "R", 19 ], [ "R", 19 ], [ "R", 19 ], [ "R", 19 ], [ "R", 18 ], [ "R", 18 ], [ "R", 22 ], [ "R", 18 ], [ "R", 21 ], [ "R", 18 ], [ "R", 18 ], [ "R", 18 ], [ "R", 19 ], [ "R", 19 ], [ "R", 19 ], [ "R", 19 ], [ "R", 20 ], [ "R", 19 ], [ "R", 19 ], [ "R", 19 ], [ "R", 19 ], [ "R", 2 ], [ "R", 2 ], [ "R", 2 ], [ "R", 2 ], [ "R", 2 ], [ "R", 2 ], [ "R", 2 ], [ "R", 19 ], [ "R", 19 ], [ "R", 19 ], [ "R", 2 ], [ "R", 2 ], [ "R", 2 ], [ "R", 2 ], [ "R", 2 ], [ "R", 2 ], [ "R", 2 ], [ "R", 19 ], [ "R", 19 ], [ "R", 19 ], [ "R", 17 ], [ "R", 19 ], [ "R", 19 ], [ "R", 19 ], [ "R", 19 ], [ "R", 19 ], [ "R", 19 ], [ "R", 19 ], [ "R", 19 ], [ "R", 19 ], [ "R", 18 ], [ "R", 18 ], [ "R", 22 ], [ "R", 18 ], [ "R", 21 ], [ "R", 18 ], [ "R", 18 ], [ "R", 18 ], [ "R", 19 ], [ "R", 19 ], [ "R", 19 ], [ "R", 19 ], [ "R", 20 ], [ "R", 19 ], [ "R", 19 ], [ "R", 19 ], [ "R", 19 ], [ "R", 2 ], [ "R", 2 ], [ "R", 2 ], [ "R", 2 ], [ "R", 2 ], [ "R", 2 ], [ "R", 2 ], [ "R", 19 ], [ "R", 19 ], [ "R", 19 ], [ "R", 2 ], [ "R", 2 ], [ "R", 2 ], [ "R", 2 ], [ "R", 2 ], [ "R", 2 ], [ "R", 2 ], [ "R", 19 ], [ "R", 19 ], [ "R", 19 ], [ "R", 17 ], [ "R", 19 ], [ "R", 19 ], [ "R", 19 ], [ "R", 19 ], [ "R", 18 ], [ "R", 18 ], [ "R", 22 ], [ "R", 18 ], [ "R", 21 ], [ "R", 18 ], [ "R", 18 ], [ "R", 18 ], [ "R", 19 ], [ "R", 19 ], [ "R", 19 ], [ "R", 19 ], [ "R", 20 ], [ "R", 18 ] ]
    } ]
  },
  "CmsAspspStopListController.blockTpp" : {
    "t" : [ {
      "id" : 0,
      "a" : [ [ "R", 23 ], [ "W", 23 ], [ "W", 23 ], [ "W", 23 ], [ "W", 23 ] ]
    } ]
  },
  "AspspConsentDataPsuApiController.getAspspConsentData" : {
    "t" : [ {
      "id" : 0,
      "a" : [ [ "R", 8 ], [ "R", 8 ] ]
    } ]
  },
  "CmsPsuPisController.updatePaymentStatus" : {
    "t" : [ {
      "id" : 0,
      "a" : [ [ "R", 18 ], [ "R", 18 ], [ "W", 18 ], [ "W", 18 ], [ "W", 18 ], [ "R", 18 ] ]
    } ]
  },
  "CmsAspspPsuConsentManagementController.closeAllConsents" : {
    "t" : [ {
      "id" : 0,
      "a" : [ [ "R", 11 ], [ "R", 11 ], [ "W", 11 ], [ "W", 11 ], [ "W", 11 ] ]
    } ]
  },
  "CmsAspspPisExportController.getPaymentsByTpp" : {
    "t" : [ {
      "id" : 0,
      "a" : [ [ "R", 18 ] ]
    } ]
  },
  "CmsPsuPisController.psuAuthorisationStatuses" : {
    "t" : [ {
      "id" : 0,
      "a" : [ [ "R", 18 ], [ "R", 9 ], [ "R", 9 ], [ "R", 21 ], [ "R", 9 ], [ "R", 21 ], [ "R", 21 ], [ "R", 21 ], [ "R", 21 ], [ "R", 21 ], [ "R", 21 ], [ "R", 21 ], [ "R", 3 ], [ "R", 3 ], [ "R", 3 ], [ "R", 3 ], [ "R", 3 ], [ "R", 3 ], [ "R", 3 ], [ "R", 3 ], [ "R", 3 ], [ "R", 3 ], [ "R", 9 ], [ "R", 9 ], [ "R", 9 ] ]
    } ]
  },
  "CmsAspspPiisExportController.getConsentsByAccountId" : {
    "t" : [ {
      "id" : 0,
      "a" : [ [ "R", 11 ] ]
    } ]
  },
  "CmsPsuAisController.updateAuthorisationStatus" : {
    "t" : [ {
      "id" : 0,
      "a" : [ [ "R", 11 ], [ "R", 11 ], [ "R", 9 ], [ "R", 9 ], [ "R", 9 ], [ "R", 9 ], [ "R", 9 ], [ "R", 9 ], [ "W", 9 ], [ "W", 9 ], [ "W", 9 ], [ "W", 9 ] ]
    } ]
  },
  "CmsPsuAisController.getConsentsForPsu" : {
    "t" : [ {
      "id" : 0,
      "a" : [ [ "R", 11 ] ]
    } ]
  },
  "CmsAspspPiisController.createConsent" : {
    "t" : [ {
      "id" : 0,
      "a" : [ [ "R", 11 ], [ "R", 11 ], [ "W", 11 ], [ "W", 11 ], [ "W", 11 ], [ "R", 22 ], [ "W", 22 ], [ "W", 22 ], [ "W", 22 ], [ "W", 11 ], [ "W", 11 ], [ "W", 11 ], [ "W", 11 ], [ "W", 11 ], [ "R", 11 ], [ "R", 21 ], [ "W", 3 ], [ "W", 3 ], [ "W", 3 ], [ "W", 3 ], [ "W", 3 ], [ "W", 3 ], [ "W", 3 ], [ "W", 3 ], [ "W", 3 ], [ "W", 21 ], [ "W", 21 ], [ "W", 21 ], [ "W", 21 ], [ "W", 21 ], [ "W", 21 ], [ "W", 3 ], [ "W", 11 ], [ "W", 21 ], [ "R", 11 ], [ "W", 1 ], [ "W", 1 ], [ "W", 1 ], [ "W", 1 ], [ "W", 11 ], [ "R", 11 ], [ "R", 12 ], [ "W", 12 ], [ "W", 22 ], [ "W", 11 ], [ "W", 11 ], [ "W", 11 ], [ "R", 11 ], [ "R", 11 ], [ "R", 11 ] ]
    } ]
  },
  "CmsPsuPisController.getPaymentIdByRedirectIdForCancellation" : {
    "t" : [ {
      "id" : 0,
      "a" : [ [ "R", 9 ], [ "R", 9 ], [ "R", 9 ], [ "W", 9 ], [ "W", 9 ], [ "R", 9 ], [ "R", 9 ], [ "R", 18 ], [ "R", 9 ], [ "R", 18 ], [ "R", 19 ], [ "R", 18 ], [ "R", 18 ], [ "R", 18 ], [ "R", 18 ], [ "R", 18 ], [ "R", 18 ], [ "R", 18 ], [ "R", 22 ], [ "R", 18 ], [ "R", 21 ], [ "R", 18 ], [ "R", 18 ], [ "R", 18 ], [ "R", 19 ], [ "R", 18 ], [ "R", 18 ], [ "R", 19 ], [ "R", 18 ], [ "R", 18 ], [ "R", 19 ], [ "R", 18 ], [ "R", 18 ], [ "R", 19 ], [ "R", 2 ], [ "R", 2 ], [ "R", 2 ], [ "R", 2 ], [ "R", 2 ], [ "R", 2 ], [ "R", 2 ], [ "R", 19 ], [ "R", 19 ], [ "R", 19 ], [ "R", 19 ], [ "R", 2 ], [ "R", 2 ], [ "R", 2 ], [ "R", 2 ], [ "R", 2 ], [ "R", 2 ], [ "R", 2 ], [ "R", 19 ], [ "R", 19 ], [ "R", 19 ], [ "R", 2 ], [ "R", 2 ], [ "R", 2 ], [ "R", 2 ], [ "R", 2 ], [ "R", 2 ], [ "R", 2 ], [ "R", 19 ], [ "R", 19 ], [ "R", 19 ], [ "R", 17 ], [ "R", 19 ], [ "R", 19 ], [ "R", 19 ], [ "R", 19 ], [ "R", 18 ], [ "R", 18 ], [ "R", 22 ], [ "R", 18 ], [ "R", 21 ], [ "R", 18 ], [ "R", 18 ], [ "R", 18 ], [ "R", 19 ], [ "R", 19 ], [ "R", 19 ], [ "R", 19 ], [ "R", 20 ], [ "R", 19 ], [ "R", 19 ], [ "R", 19 ], [ "R", 19 ], [ "R", 2 ], [ "R", 2 ], [ "R", 2 ], [ "R", 2 ], [ "R", 2 ], [ "R", 2 ], [ "R", 2 ], [ "R", 19 ], [ "R", 19 ], [ "R", 19 ], [ "R", 2 ], [ "R", 2 ], [ "R", 2 ], [ "R", 2 ], [ "R", 2 ], [ "R", 2 ], [ "R", 2 ], [ "R", 19 ], [ "R", 19 ], [ "R", 19 ], [ "R", 17 ], [ "R", 19 ], [ "R", 19 ], [ "R", 19 ], [ "R", 19 ], [ "R", 19 ], [ "R", 19 ], [ "R", 19 ], [ "R", 19 ], [ "R", 19 ], [ "R", 18 ], [ "R", 18 ], [ "R", 22 ], [ "R", 18 ], [ "R", 21 ], [ "R", 18 ], [ "R", 18 ], [ "R", 18 ], [ "R", 19 ], [ "R", 19 ], [ "R", 19 ], [ "R", 19 ], [ "R", 20 ], [ "R", 19 ], [ "R", 19 ], [ "R", 19 ], [ "R", 19 ], [ "R", 2 ], [ "R", 2 ], [ "R", 2 ], [ "R", 2 ], [ "R", 2 ], [ "R", 2 ], [ "R", 2 ], [ "R", 19 ], [ "R", 19 ], [ "R", 19 ], [ "R", 2 ], [ "R", 2 ], [ "R", 2 ], [ "R", 2 ], [ "R", 2 ], [ "R", 2 ], [ "R", 2 ], [ "R", 19 ], [ "R", 19 ], [ "R", 19 ], [ "R", 17 ], [ "R", 19 ], [ "R", 19 ], [ "R", 19 ], [ "R", 19 ], [ "R", 18 ], [ "R", 18 ], [ "R", 22 ], [ "R", 18 ], [ "R", 21 ], [ "R", 18 ], [ "R", 18 ], [ "R", 18 ], [ "R", 19 ], [ "R", 19 ], [ "R", 19 ], [ "R", 19 ], [ "R", 20 ], [ "R", 9 ], [ "R", 9 ], [ "R", 9 ] ]
    } ]
  },
  "CmsPsuAisController.updatePsuDataInConsent" : {
    "t" : [ {
      "id" : 0,
      "a" : [ [ "R", 9 ], [ "R", 9 ], [ "R", 9 ], [ "W", 3 ], [ "W", 3 ], [ "W", 3 ], [ "W", 3 ], [ "W", 3 ], [ "W", 3 ], [ "W", 3 ], [ "W", 3 ], [ "W", 3 ], [ "W", 21 ], [ "W", 21 ], [ "W", 21 ], [ "W", 21 ], [ "W", 21 ], [ "W", 21 ], [ "W", 3 ], [ "R", 21 ], [ "R", 9 ], [ "R", 9 ], [ "R", 21 ], [ "R", 21 ], [ "W", 21 ], [ "R", 9 ], [ "R", 9 ], [ "R", 11 ], [ "R", 9 ], [ "R", 11 ], [ "R", 11 ], [ "R", 4 ], [ "R", 4 ], [ "R", 4 ], [ "R", 4 ], [ "R", 4 ], [ "W", 11 ], [ "W", 11 ], [ "R", 11 ], [ "R", 21 ], [ "R", 21 ], [ "R", 21 ], [ "R", 21 ], [ "W", 11 ], [ "W", 21 ], [ "W", 9 ], [ "W", 21 ], [ "W", 9 ] ]
    } ]
  },
  "CmsPsuAisController.getConsentByConsentId" : {
    "t" : [ {
      "id" : 0,
      "a" : [ [ "R", 11 ] ]
    } ]
  },
  "CmsAspspAisExportController.getConsentsByPsu" : {
    "t" : [ {
      "id" : 0,
      "a" : [ [ "R", 11 ] ]
    } ]
  },
  "CmsPsuPisController.getPaymentByPaymentId" : {
    "t" : [ {
      "id" : 0,
      "a" : [ [ "R", 19 ], [ "R", 19 ], [ "R", 18 ], [ "R", 18 ], [ "R", 19 ], [ "R", 18 ], [ "R", 18 ], [ "R", 19 ], [ "R", 18 ], [ "R", 18 ], [ "R", 19 ], [ "R", 2 ], [ "R", 2 ], [ "R", 2 ], [ "R", 2 ], [ "R", 2 ], [ "R", 2 ], [ "R", 2 ], [ "R", 19 ], [ "R", 19 ], [ "R", 19 ], [ "R", 19 ], [ "R", 2 ], [ "R", 2 ], [ "R", 2 ], [ "R", 2 ], [ "R", 2 ], [ "R", 2 ], [ "R", 2 ], [ "R", 19 ], [ "R", 19 ], [ "R", 19 ], [ "R", 2 ], [ "R", 2 ], [ "R", 2 ], [ "R", 2 ], [ "R", 2 ], [ "R", 2 ], [ "R", 2 ], [ "R", 19 ], [ "R", 19 ], [ "R", 19 ], [ "R", 17 ], [ "R", 19 ], [ "R", 19 ], [ "R", 19 ], [ "R", 19 ], [ "R", 18 ], [ "R", 18 ], [ "R", 22 ], [ "R", 18 ], [ "R", 21 ], [ "R", 18 ], [ "R", 18 ], [ "R", 18 ], [ "R", 19 ], [ "R", 19 ], [ "R", 19 ], [ "R", 19 ], [ "R", 20 ], [ "R", 19 ], [ "R", 19 ], [ "R", 19 ], [ "R", 19 ], [ "R", 2 ], [ "R", 2 ], [ "R", 2 ], [ "R", 2 ], [ "R", 2 ], [ "R", 2 ], [ "R", 2 ], [ "R", 19 ], [ "R", 19 ], [ "R", 19 ], [ "R", 2 ], [ "R", 2 ], [ "R", 2 ], [ "R", 2 ], [ "R", 2 ], [ "R", 2 ], [ "R", 2 ], [ "R", 19 ], [ "R", 19 ], [ "R", 19 ], [ "R", 17 ], [ "R", 19 ], [ "R", 19 ], [ "R", 19 ], [ "R", 19 ], [ "R", 19 ], [ "R", 19 ], [ "R", 19 ], [ "R", 19 ], [ "R", 19 ], [ "R", 18 ], [ "R", 18 ], [ "R", 22 ], [ "R", 18 ], [ "R", 21 ], [ "R", 18 ], [ "R", 18 ], [ "R", 18 ], [ "R", 19 ], [ "R", 19 ], [ "R", 19 ], [ "R", 19 ], [ "R", 20 ], [ "R", 19 ], [ "R", 19 ], [ "R", 19 ], [ "R", 19 ], [ "R", 2 ], [ "R", 2 ], [ "R", 2 ], [ "R", 2 ], [ "R", 2 ], [ "R", 2 ], [ "R", 2 ], [ "R", 19 ], [ "R", 19 ], [ "R", 19 ], [ "R", 2 ], [ "R", 2 ], [ "R", 2 ], [ "R", 2 ], [ "R", 2 ], [ "R", 2 ], [ "R", 2 ], [ "R", 19 ], [ "R", 19 ], [ "R", 19 ], [ "R", 17 ], [ "R", 19 ], [ "R", 19 ], [ "R", 19 ], [ "R", 19 ], [ "R", 18 ], [ "R", 18 ], [ "R", 22 ], [ "R", 18 ], [ "R", 21 ], [ "R", 18 ], [ "R", 18 ], [ "R", 18 ], [ "R", 19 ], [ "R", 19 ], [ "R", 19 ], [ "R", 19 ], [ "R", 20 ], [ "R", 18 ] ]
    } ]
  },
  "CmsAspspPisExportController.getPaymentsByAccountId" : {
    "t" : [ {
      "id" : 0,
      "a" : [ [ "R", 18 ] ]
    } ]
  },
  "CmsAspspPiisExportController.getConsentsByPsu" : {
    "t" : [ {
      "id" : 0,
      "a" : [ [ "R", 11 ] ]
    } ]
  },
  "CmsAspspTppInfoController.getTppInfo" : {
    "t" : [ {
      "id" : 0,
      "a" : [ [ "R", 22 ] ]
    } ]
  },
  "TppController.checkIfTppBlocked" : {
    "t" : [ {
      "id" : 0,
      "a" : [ [ "R", 23 ] ]
    } ]
  },
  "CmsPsuPiisController.revokeConsent" : {
    "t" : [ {
      "id" : 0,
      "a" : [ [ "R", 11 ], [ "R", 11 ], [ "R", 21 ], [ "R", 11 ], [ "R", 11 ], [ "W", 11 ], [ "W", 11 ], [ "W", 11 ], [ "W", 11 ], [ "W", 11 ], [ "W", 11 ] ]
    } ]
  },
  "CmsAspspStopListController.getTppStopListRecord" : {
    "t" : [ {
      "id" : 0,
      "a" : [ [ "R", 23 ] ]
    } ]
  }
}