{
  "1" : "AccessoryEntity",
  "2" : "AddressEntity",
  "3" : "AdvItemEntity",
  "4" : "AreaEntity",
  "5" : "ArticleCateEntity",
  "6" : "ArticleEntity",
  "7" : "BigWheelInfoEntity",
  "8" : "BigWheelJoinUserEntity",
  "9" : "BigWheelPrizeEntity",
  "10" : "BigWheelUserPrizeEntity",
  "11" : "BrandEntity",
  "12" : "ContentEntity",
  "13" : "ExpressComEntity",
  "14" : "PayRecordEntity",
  "15" : "ProductEntity",
  "16" : "SmsRecordEntity",
  "17" : "SysConfigEntity",
  "18" : "SysDictEntity",
  "19" : "SysNoticeEntity",
  "20" : "UserAccountDetailEntity",
  "21" : "UserEntity",
  "22" : "UserPhotoAblumEntity",
  "23" : "UserScoreEntity",
  "24" : "UserYgEntity",
  "25" : "YgCartEntity",
  "26" : "YgProductEntity",
  "27" : "YgProductOrderEntity",
  "28" : "YgShareEntity"
}