{
  "AccessoryEntity" : 1,
  "AddressEntity" : 2,
  "AdvItemEntity" : 3,
  "AreaEntity" : 4,
  "ArticleCateEntity" : 5,
  "ArticleEntity" : 6,
  "BigWheelInfoEntity" : 7,
  "BigWheelJoinUserEntity" : 8,
  "BigWheelPrizeEntity" : 9,
  "BigWheelUserPrizeEntity" : 10,
  "BrandEntity" : 11,
  "ContentEntity" : 12,
  "ExpressComEntity" : 13,
  "PayRecordEntity" : 14,
  "ProductEntity" : 15,
  "SmsRecordEntity" : 16,
  "SysConfigEntity" : 17,
  "SysDictEntity" : 18,
  "SysNoticeEntity" : 19,
  "UserAccountDetailEntity" : 20,
  "UserEntity" : 21,
  "UserPhotoAblumEntity" : 22,
  "UserScoreEntity" : 23,
  "UserYgEntity" : 24,
  "YgCartEntity" : 25,
  "YgProductEntity" : 26,
  "YgProductOrderEntity" : 27,
  "YgShareEntity" : 28
}