{
  "ShopItemMappingController.failAddItemAll2Shop" : {
    "t" : [ {
      "id" : 0,
      "a" : [ [ "R", 22 ], [ "R", 22 ], [ "R", 22 ], [ "R", 24 ], [ "R", 24 ], [ "R", 24 ], [ "R", 24 ], [ "R", 22 ], [ "R", 24 ], [ "R", 22 ], [ "R", 24 ], [ "R", 4 ], [ "R", 4 ], [ "R", 6 ], [ "W", 24 ], [ "W", 24 ], [ "W", 24 ], [ "W", 24 ], [ "R", 24 ], [ "R", 35 ], [ "R", 35 ], [ "R", 35 ], [ "W", 24 ], [ "W", 24 ], [ "W", 24 ], [ "R", 22 ] ]
    } ]
  },
  "BookAmountQueryController.getAmount" : {
    "t" : [ {
      "id" : 0,
      "a" : [ [ "W", 13 ], [ "W", 13 ], [ "W", 13 ], [ "W", 13 ], [ "W", 13 ], [ "W", 13 ], [ "W", 13 ], [ "W", 13 ], [ "W", 13 ], [ "W", 13 ], [ "R", 13 ], [ "R", 13 ], [ "R", 1 ] ]
    } ]
  },
  "BookController.analysisSameBook" : {
    "t" : [ {
      "id" : 0,
      "a" : [ [ "R", 4 ], [ "R", 4 ], [ "R", 4 ], [ "R", 4 ], [ "R", 4 ], [ "R", 4 ], [ "R", 4 ], [ "W", 4 ], [ "W", 4 ], [ "W", 4 ], [ "R", 4 ], [ "R", 4 ], [ "W", 4 ], [ "W", 4 ], [ "W", 4 ], [ "R", 4 ], [ "R", 4 ], [ "R", 4 ], [ "R", 4 ], [ "R", 4 ], [ "R", 4 ], [ "R", 4 ], [ "R", 4 ], [ "R", 4 ], [ "R", 4 ], [ "R", 4 ], [ "R", 4 ], [ "R", 4 ], [ "R", 4 ], [ "R", 4 ], [ "R", 4 ], [ "R", 4 ], [ "R", 4 ], [ "R", 4 ], [ "R", 4 ], [ "R", 4 ], [ "R", 4 ], [ "W", 4 ], [ "W", 4 ], [ "W", 4 ], [ "W", 4 ], [ "W", 4 ], [ "R", 4 ], [ "R", 4 ], [ "R", 4 ], [ "R", 5 ], [ "R", 5 ], [ "R", 5 ], [ "R", 4 ], [ "W", 5 ], [ "R", 5 ], [ "W", 5 ], [ "W", 5 ], [ "R", 5 ], [ "R", 5 ], [ "R", 4 ], [ "W", 5 ], [ "R", 5 ], [ "W", 5 ], [ "R", 5 ], [ "R", 5 ], [ "W", 5 ], [ "W", 5 ], [ "W", 5 ], [ "W", 5 ], [ "W", 5 ], [ "R", 4 ], [ "W", 5 ], [ "W", 5 ], [ "W", 5 ], [ "R", 5 ], [ "R", 5 ], [ "R", 1 ], [ "R", 5 ], [ "R", 5 ], [ "W", 5 ], [ "R", 5 ], [ "R", 5 ], [ "R", 4 ], [ "R", 4 ], [ "R", 4 ], [ "R", 4 ], [ "R", 4 ], [ "R", 5 ], [ "W", 5 ], [ "W", 5 ] ]
    } ]
  },
  "HelpController.showRegistRole" : {
    "t" : [ {
      "id" : 0,
      "a" : [ [ "R", 17 ], [ "R", 17 ], [ "R", 17 ], [ "R", 17 ], [ "R", 17 ], [ "R", 17 ], [ "R", 17 ], [ "R", 17 ], [ "R", 17 ], [ "R", 17 ], [ "R", 17 ], [ "R", 17 ], [ "R", 17 ], [ "R", 17 ], [ "R", 17 ], [ "R", 17 ], [ "R", 17 ], [ "R", 17 ], [ "R", 17 ], [ "R", 17 ], [ "R", 17 ], [ "R", 17 ], [ "R", 17 ], [ "R", 17 ], [ "R", 17 ], [ "R", 17 ], [ "R", 17 ], [ "R", 17 ], [ "R", 17 ], [ "R", 17 ], [ "R", 17 ], [ "R", 17 ], [ "R", 17 ], [ "R", 17 ], [ "R", 17 ], [ "R", 17 ], [ "R", 17 ], [ "R", 17 ], [ "R", 17 ], [ "R", 17 ], [ "R", 17 ], [ "R", 17 ], [ "R", 17 ], [ "R", 17 ], [ "R", 17 ], [ "R", 17 ], [ "R", 17 ], [ "R", 17 ], [ "R", 17 ], [ "R", 17 ], [ "R", 17 ], [ "R", 17 ], [ "R", 17 ], [ "R", 17 ], [ "R", 17 ], [ "R", 17 ], [ "R", 17 ], [ "R", 17 ], [ "R", 17 ], [ "R", 17 ], [ "R", 17 ], [ "R", 17 ], [ "R", 17 ], [ "R", 17 ], [ "R", 17 ], [ "R", 17 ], [ "R", 17 ], [ "R", 17 ], [ "R", 17 ], [ "R", 17 ], [ "R", 17 ], [ "R", 17 ], [ "R", 17 ], [ "R", 17 ], [ "R", 17 ], [ "R", 17 ], [ "R", 17 ], [ "R", 17 ], [ "R", 17 ], [ "R", 17 ], [ "R", 17 ] ]
    } ]
  },
  "DoPurchaseController.batchUpdatePurchasePlanForPurchaseAmount" : {
    "t" : [ {
      "id" : 0,
      "a" : [ [ "R", 19 ], [ "R", 19 ], [ "R", 18 ], [ "W", 19 ], [ "W", 19 ], [ "W", 19 ] ]
    } ]
  },
  "DoPurchaseController.clearOnwayStock" : {
    "t" : [ {
      "id" : 0,
      "a" : [ [ "R", 18 ], [ "W", 18 ], [ "W", 18 ], [ "W", 18 ], [ "R", 18 ], [ "R", 19 ], [ "R", 19 ], [ "R", 18 ], [ "R", 18 ], [ "W", 19 ], [ "W", 19 ], [ "W", 19 ] ]
    } ]
  },
  "OrderController.gotoCreateOrder" : {
    "t" : [ {
      "id" : 0,
      "a" : [ [ "R", 22 ] ]
    } ]
  },
  "StorageController.querytTakeGoods" : {
    "t" : [ {
      "id" : 0,
      "a" : [ [ "R", 13 ], [ "R", 13 ], [ "R", 30 ], [ "R", 30 ] ]
    } ]
  },
  "RequirementCollectScheduleController.exportSchedule" : {
    "t" : [ {
      "id" : 0,
      "a" : [ [ "R", 1 ], [ "R", 8 ], [ "R", 8 ], [ "R", 8 ], [ "R", 8 ], [ "R", 1 ], [ "R", 1 ], [ "R", 8 ], [ "R", 8 ] ]
    } ]
  },
  "BookInfoExportController.export" : {
    "t" : [ {
      "id" : 0,
      "a" : [ [ "R", 40 ], [ "R", 40 ], [ "R", 40 ], [ "R", 4 ], [ "R", 40 ], [ "W", 40 ], [ "R", 40 ], [ "R", 40 ], [ "R", 4 ], [ "R", 40 ], [ "R", 40 ], [ "R", 11 ], [ "R", 11 ], [ "R", 11 ], [ "R", 40 ], [ "R", 40 ], [ "R", 40 ], [ "R", 4 ], [ "R", 40 ], [ "W", 40 ], [ "R", 40 ], [ "R", 40 ], [ "R", 4 ], [ "R", 40 ], [ "R", 40 ], [ "R", 31 ], [ "R", 31 ], [ "R", 31 ] ]
    } ]
  },
  "InwarehouseDetailController.executeQuery" : {
    "t" : [ {
      "id" : 0,
      "a" : [ [ "R", 13 ], [ "R", 13 ], [ "W", 13 ], [ "W", 13 ], [ "R", 13 ], [ "R", 13 ], [ "R", 13 ], [ "R", 13 ], [ "R", 4 ], [ "R", 4 ], [ "W", 13 ], [ "W", 13 ], [ "R", 13 ], [ "R", 13 ], [ "R", 13 ], [ "R", 13 ], [ "R", 13 ], [ "R", 13 ], [ "W", 13 ], [ "W", 13 ], [ "R", 13 ], [ "R", 13 ], [ "W", 13 ], [ "W", 13 ], [ "R", 13 ], [ "R", 13 ], [ "R", 11 ], [ "R", 10 ], [ "R", 18 ], [ "R", 19 ], [ "R", 40 ], [ "R", 2 ], [ "R", 3 ] ]
    } ]
  },
  "StorageController.saveStorageRepoInfo" : {
    "t" : [ {
      "id" : 0,
      "a" : [ [ "W", 37 ], [ "W", 37 ], [ "W", 37 ], [ "W", 37 ], [ "W", 37 ], [ "W", 37 ] ]
    } ]
  },
  "RegistAndUpdateController.createPermission" : {
    "t" : [ {
      "id" : 0,
      "a" : [ [ "R", 17 ], [ "R", 17 ], [ "W", 17 ], [ "W", 17 ], [ "W", 17 ], [ "W", 17 ], [ "W", 17 ], [ "W", 17 ], [ "W", 17 ], [ "W", 17 ] ]
    } ]
  },
  "TaobaoCsvDataExportControllerInwarehouseImpl.export" : {
    "t" : [ {
      "id" : 0,
      "a" : [ [ "R", 40 ], [ "R", 40 ], [ "R", 40 ], [ "R", 4 ], [ "R", 40 ], [ "W", 40 ], [ "R", 40 ], [ "R", 40 ], [ "R", 4 ], [ "R", 40 ], [ "R", 40 ], [ "R", 4 ], [ "R", 6 ], [ "R", 4 ], [ "R", 4 ], [ "R", 6 ], [ "R", 4 ], [ "R", 6 ], [ "R", 4 ], [ "R", 4 ], [ "W", 6 ], [ "W", 6 ], [ "W", 6 ], [ "W", 6 ], [ "W", 6 ], [ "W", 6 ], [ "W", 6 ], [ "R", 4 ], [ "W", 6 ], [ "W", 6 ], [ "R", 4 ], [ "R", 6 ], [ "R", 6 ], [ "R", 4 ], [ "R", 19 ], [ "R", 4 ], [ "R", 35 ], [ "R", 35 ], [ "R", 11 ], [ "R", 11 ], [ "R", 4 ], [ "R", 11 ], [ "R", 4 ], [ "R", 4 ], [ "R", 4 ], [ "R", 4 ], [ "R", 4 ], [ "R", 23 ], [ "R", 4 ], [ "R", 6 ], [ "R", 4 ], [ "R", 4 ], [ "R", 6 ], [ "R", 4 ], [ "R", 6 ], [ "R", 4 ], [ "R", 4 ], [ "W", 6 ], [ "W", 6 ], [ "W", 6 ], [ "W", 6 ], [ "W", 6 ], [ "W", 6 ], [ "W", 6 ], [ "R", 4 ], [ "W", 6 ], [ "W", 6 ], [ "R", 4 ], [ "R", 6 ], [ "R", 6 ], [ "R", 4 ], [ "R", 19 ], [ "R", 4 ], [ "R", 35 ], [ "R", 35 ], [ "R", 4 ], [ "R", 4 ], [ "R", 4 ], [ "R", 4 ], [ "R", 4 ], [ "R", 4 ], [ "R", 4 ], [ "R", 4 ], [ "R", 4 ], [ "R", 4 ], [ "R", 4 ], [ "R", 4 ], [ "R", 4 ], [ "R", 4 ], [ "R", 4 ], [ "R", 4 ], [ "R", 4 ], [ "R", 4 ], [ "R", 4 ], [ "R", 4 ], [ "R", 4 ], [ "R", 4 ], [ "R", 4 ], [ "R", 4 ], [ "R", 4 ], [ "R", 4 ], [ "R", 4 ], [ "R", 4 ], [ "R", 4 ], [ "R", 4 ] ]
    } ]
  },
  "RegistAndUpdateController.updateForUser" : {
    "t" : [ {
      "id" : 0,
      "a" : [ [ "R", 20 ], [ "R", 20 ], [ "R", 20 ], [ "R", 20 ], [ "R", 20 ], [ "R", 20 ], [ "R", 7 ], [ "R", 43 ], [ "W", 43 ], [ "W", 43 ], [ "W", 43 ], [ "W", 43 ], [ "W", 43 ], [ "W", 43 ], [ "W", 43 ], [ "W", 43 ], [ "W", 43 ], [ "W", 43 ], [ "W", 43 ], [ "R", 43 ], [ "R", 43 ], [ "W", 43 ], [ "W", 43 ], [ "W", 43 ], [ "W", 43 ], [ "W", 43 ], [ "W", 43 ], [ "W", 43 ], [ "W", 43 ], [ "W", 43 ], [ "W", 43 ] ]
    } ]
  },
  "RegistAndUpdateController.updateGeneralUserPassword" : {
    "t" : [ {
      "id" : 0,
      "a" : [ [ "R", 43 ], [ "R", 43 ], [ "R", 43 ], [ "R", 43 ], [ "W", 43 ], [ "W", 43 ] ]
    } ]
  },
  "StorageController.gotoUpdatePosition" : {
    "t" : [ {
      "id" : 0,
      "a" : [ [ "R", 34 ] ]
    } ]
  },
  "OrderController.getWaitArrangeHeaderList" : {
    "t" : [ {
      "id" : 0,
      "a" : [ [ "R", 13 ], [ "R", 13 ], [ "R", 13 ], [ "R", 13 ], [ "R", 13 ], [ "R", 13 ], [ "R", 13 ], [ "R", 13 ], [ "R", 13 ], [ "R", 16 ], [ "R", 13 ], [ "R", 14 ], [ "R", 13 ], [ "R", 14 ], [ "R", 13 ], [ "R", 14 ], [ "R", 14 ], [ "R", 4 ] ]
    } ]
  },
  "RegistAndUpdateController.updateWaitUser" : {
    "t" : [ {
      "id" : 0,
      "a" : [ [ "R", 43 ], [ "R", 20 ], [ "R", 7 ], [ "R", 43 ], [ "R", 20 ], [ "R", 7 ], [ "R", 20 ], [ "R", 43 ], [ "R", 7 ], [ "R", 43 ], [ "R", 7 ], [ "R", 43 ], [ "R", 7 ], [ "R", 43 ], [ "R", 43 ], [ "R", 20 ], [ "R", 43 ], [ "R", 43 ], [ "R", 20 ], [ "R", 7 ], [ "R", 43 ], [ "R", 20 ], [ "R", 7 ], [ "R", 20 ], [ "R", 43 ], [ "R", 43 ], [ "R", 7 ], [ "R", 43 ], [ "R", 7 ], [ "R", 43 ], [ "R", 43 ], [ "R", 20 ], [ "R", 43 ], [ "R", 43 ], [ "R", 20 ], [ "R", 7 ], [ "R", 43 ], [ "R", 20 ], [ "R", 7 ], [ "R", 20 ], [ "R", 43 ], [ "R", 7 ], [ "R", 7 ], [ "R", 43 ], [ "R", 7 ], [ "R", 43 ], [ "R", 43 ], [ "R", 20 ], [ "R", 43 ], [ "R", 43 ], [ "R", 20 ], [ "R", 7 ], [ "R", 43 ], [ "R", 20 ], [ "R", 7 ], [ "R", 20 ], [ "R", 43 ], [ "R", 7 ], [ "R", 43 ], [ "R", 7 ], [ "R", 43 ], [ "R", 43 ], [ "R", 20 ], [ "R", 43 ], [ "R", 43 ], [ "R", 20 ], [ "R", 7 ], [ "R", 43 ], [ "R", 20 ], [ "R", 7 ], [ "R", 20 ], [ "R", 43 ], [ "R", 43 ], [ "R", 7 ], [ "R", 43 ], [ "R", 7 ], [ "R", 43 ], [ "R", 43 ], [ "R", 20 ] ]
    } ]
  },
  "StorageController.manualTakeGoods" : {
    "t" : [ {
      "id" : 0,
      "a" : [ [ "R", 30 ], [ "W", 30 ], [ "W", 30 ], [ "W", 30 ], [ "W", 30 ], [ "W", 30 ], [ "W", 30 ], [ "W", 30 ], [ "W", 30 ], [ "W", 30 ], [ "R", 30 ], [ "R", 35 ], [ "R", 35 ], [ "W", 35 ], [ "R", 35 ], [ "W", 35 ], [ "W", 35 ], [ "W", 35 ], [ "R", 35 ], [ "R", 35 ], [ "R", 33 ], [ "R", 34 ], [ "R", 35 ], [ "R", 33 ], [ "R", 33 ], [ "R", 33 ], [ "W", 33 ], [ "W", 33 ], [ "R", 33 ], [ "W", 33 ], [ "R", 33 ], [ "R", 35 ], [ "W", 34 ], [ "W", 34 ], [ "W", 31 ], [ "W", 31 ], [ "W", 31 ], [ "R", 30 ], [ "W", 31 ], [ "W", 31 ], [ "R", 30 ], [ "W", 31 ], [ "W", 31 ], [ "W", 31 ], [ "R", 34 ], [ "W", 31 ], [ "R", 34 ], [ "W", 31 ], [ "R", 30 ], [ "W", 31 ], [ "W", 31 ], [ "W", 31 ], [ "W", 31 ], [ "W", 31 ], [ "R", 31 ], [ "R", 30 ], [ "R", 33 ], [ "W", 31 ], [ "W", 31 ], [ "W", 31 ], [ "R", 31 ], [ "W", 31 ], [ "R", 30 ], [ "W", 30 ], [ "W", 30 ], [ "W", 30 ] ]
    } ]
  },
  "DepartmentInfoAddController.addSchool" : {
    "t" : [ {
      "id" : 0,
      "a" : [ [ "R", 8 ], [ "W", 8 ], [ "W", 8 ], [ "W", 8 ], [ "W", 8 ], [ "W", 8 ], [ "W", 8 ], [ "W", 8 ], [ "W", 8 ], [ "W", 8 ], [ "W", 8 ], [ "W", 8 ], [ "W", 8 ], [ "R", 8 ], [ "R", 8 ], [ "R", 8 ], [ "R", 8 ], [ "R", 8 ], [ "R", 8 ], [ "R", 8 ], [ "R", 8 ], [ "W", 8 ] ]
    } ]
  },
  "DepartmentInfoQueryController.getAllInfo" : {
    "t" : [ {
      "id" : 0,
      "a" : [ [ "W", 13 ], [ "W", 13 ], [ "W", 13 ], [ "W", 13 ], [ "W", 13 ], [ "W", 13 ], [ "R", 13 ], [ "R", 13 ], [ "R", 8 ] ]
    } ]
  },
  "BookNameFixController.fixBookName" : {
    "t" : [ {
      "id" : 0,
      "a" : [ [ "R", 13 ], [ "R", 13 ], [ "R", 4 ], [ "R", 4 ], [ "W", 4 ], [ "W", 4 ], [ "W", 4 ], [ "R", 4 ], [ "W", 6 ], [ "W", 6 ], [ "W", 6 ], [ "R", 4 ] ]
    } ]
  },
  "OrderController.cancelOrder" : {
    "t" : [ {
      "id" : 0,
      "a" : [ [ "R", 13 ], [ "R", 13 ], [ "R", 13 ], [ "R", 13 ], [ "R", 13 ], [ "R", 13 ], [ "W", 13 ], [ "W", 13 ], [ "R", 13 ], [ "R", 13 ], [ "R", 32 ], [ "R", 32 ], [ "R", 32 ], [ "W", 32 ], [ "W", 32 ], [ "W", 32 ], [ "R", 36 ], [ "W", 36 ], [ "W", 36 ], [ "W", 36 ], [ "R", 36 ], [ "R", 35 ], [ "R", 35 ], [ "R", 36 ], [ "W", 35 ], [ "R", 35 ], [ "R", 36 ], [ "W", 35 ], [ "W", 35 ], [ "W", 35 ], [ "R", 35 ], [ "R", 31 ], [ "W", 31 ], [ "W", 31 ], [ "W", 31 ], [ "R", 31 ], [ "R", 31 ], [ "R", 33 ], [ "R", 31 ], [ "R", 31 ], [ "R", 33 ], [ "R", 31 ], [ "W", 33 ], [ "W", 33 ], [ "W", 33 ], [ "R", 31 ], [ "R", 31 ], [ "R", 31 ], [ "R", 13 ], [ "R", 13 ], [ "W", 15 ], [ "W", 15 ], [ "W", 15 ], [ "W", 15 ], [ "W", 15 ], [ "W", 15 ], [ "R", 13 ], [ "W", 15 ], [ "W", 15 ] ]
    } ]
  },
  "StorageController.fastTakeGoods" : {
    "t" : [ {
      "id" : 0,
      "a" : [ [ "R", 30 ], [ "W", 30 ], [ "W", 30 ], [ "W", 30 ], [ "W", 30 ], [ "W", 30 ], [ "W", 30 ], [ "W", 30 ], [ "W", 30 ], [ "W", 30 ], [ "R", 30 ], [ "R", 35 ], [ "R", 35 ], [ "W", 35 ], [ "R", 35 ], [ "W", 35 ], [ "W", 35 ], [ "W", 35 ], [ "R", 35 ], [ "R", 35 ], [ "R", 33 ], [ "R", 34 ], [ "R", 35 ], [ "R", 33 ], [ "R", 33 ], [ "R", 33 ], [ "W", 33 ], [ "W", 33 ], [ "R", 33 ], [ "W", 33 ], [ "R", 33 ], [ "R", 35 ], [ "W", 34 ], [ "W", 34 ], [ "W", 31 ], [ "W", 31 ], [ "W", 31 ], [ "R", 30 ], [ "W", 31 ], [ "W", 31 ], [ "R", 30 ], [ "W", 31 ], [ "W", 31 ], [ "W", 31 ], [ "R", 34 ], [ "W", 31 ], [ "R", 34 ], [ "W", 31 ], [ "R", 30 ], [ "W", 31 ], [ "W", 31 ], [ "W", 31 ], [ "W", 31 ], [ "W", 31 ], [ "R", 31 ], [ "R", 30 ], [ "R", 33 ], [ "W", 31 ], [ "W", 31 ], [ "W", 31 ], [ "R", 31 ], [ "W", 31 ], [ "R", 30 ], [ "W", 30 ], [ "W", 30 ], [ "W", 30 ] ]
    } ]
  },
  "ApiDepartmentInfoQueryController.queryInstitute" : {
    "t" : [ {
      "id" : 0,
      "a" : [ [ "R", 8 ], [ "R", 8 ], [ "R", 8 ] ]
    } ]
  },
  "DepartmentInfoUpdatePreController.getInfo" : {
    "t" : [ {
      "id" : 0,
      "a" : [ [ "R", 8 ], [ "R", 8 ], [ "R", 8 ], [ "R", 8 ], [ "R", 8 ] ]
    } ]
  },
  "WangqubaoExportByInwarehouseController.export" : {
    "t" : [ {
      "id" : 0,
      "a" : [ [ "R", 40 ], [ "R", 40 ], [ "R", 40 ], [ "R", 4 ], [ "R", 40 ], [ "W", 40 ], [ "R", 40 ], [ "R", 40 ], [ "R", 4 ], [ "R", 40 ], [ "R", 40 ], [ "R", 11 ], [ "R", 11 ], [ "R", 11 ], [ "R", 40 ], [ "R", 40 ], [ "R", 40 ], [ "R", 4 ], [ "R", 40 ], [ "W", 40 ], [ "R", 40 ], [ "R", 40 ], [ "R", 4 ], [ "R", 40 ], [ "R", 40 ], [ "R", 31 ], [ "R", 31 ], [ "R", 31 ] ]
    } ]
  },
  "OrderController.agreeRefund" : {
    "t" : [ {
      "id" : 0,
      "a" : [ [ "R", 13 ], [ "R", 13 ], [ "R", 13 ], [ "R", 13 ], [ "R", 13 ], [ "R", 13 ], [ "W", 13 ], [ "W", 13 ], [ "W", 13 ], [ "R", 14 ], [ "R", 13 ], [ "R", 32 ], [ "R", 32 ], [ "R", 32 ], [ "W", 32 ], [ "W", 32 ], [ "W", 32 ], [ "R", 36 ], [ "W", 36 ], [ "W", 36 ], [ "W", 36 ], [ "R", 36 ], [ "R", 35 ], [ "R", 35 ], [ "R", 36 ], [ "W", 35 ], [ "R", 35 ], [ "R", 36 ], [ "W", 35 ], [ "W", 35 ], [ "W", 35 ], [ "R", 35 ], [ "R", 31 ], [ "W", 31 ], [ "W", 31 ], [ "W", 31 ], [ "R", 31 ], [ "R", 31 ], [ "R", 33 ], [ "R", 31 ], [ "R", 31 ], [ "R", 33 ], [ "R", 31 ], [ "W", 33 ], [ "W", 33 ], [ "W", 33 ], [ "R", 31 ], [ "R", 31 ], [ "R", 31 ], [ "R", 13 ], [ "W", 15 ], [ "W", 15 ], [ "W", 15 ], [ "W", 15 ], [ "W", 15 ], [ "W", 15 ], [ "R", 13 ], [ "W", 15 ], [ "W", 15 ] ]
    } ]
  },
  "OrderController.arrangeOrderToPos" : {
    "t" : [ {
      "id" : 0,
      "a" : [ [ "R", 13 ], [ "R", 13 ], [ "R", 13 ], [ "R", 13 ], [ "R", 13 ], [ "R", 13 ], [ "R", 13 ], [ "R", 13 ], [ "W", 13 ], [ "W", 13 ], [ "W", 13 ], [ "W", 13 ], [ "R", 13 ], [ "R", 13 ], [ "R", 13 ], [ "R", 13 ], [ "R", 13 ], [ "R", 14 ], [ "R", 14 ], [ "R", 14 ], [ "W", 32 ], [ "W", 32 ], [ "W", 32 ], [ "W", 32 ], [ "W", 32 ], [ "W", 32 ], [ "W", 32 ], [ "W", 32 ], [ "W", 32 ], [ "W", 32 ], [ "W", 32 ], [ "R", 32 ], [ "R", 32 ], [ "R", 35 ], [ "R", 35 ], [ "R", 35 ], [ "R", 35 ], [ "R", 32 ], [ "R", 35 ], [ "W", 35 ], [ "R", 35 ], [ "W", 35 ], [ "W", 35 ], [ "W", 35 ], [ "W", 36 ], [ "W", 36 ], [ "W", 36 ], [ "R", 35 ], [ "W", 36 ], [ "W", 36 ], [ "W", 36 ], [ "W", 36 ], [ "W", 36 ], [ "R", 35 ], [ "R", 13 ], [ "W", 15 ], [ "W", 15 ], [ "W", 15 ], [ "W", 15 ], [ "W", 15 ], [ "W", 15 ], [ "R", 13 ], [ "W", 15 ], [ "W", 15 ] ]
    } ]
  },
  "TempImportViewController.viewTask" : {
    "t" : [ {
      "id" : 0,
      "a" : [ [ "R", 41 ], [ "R", 41 ], [ "R", 41 ], [ "R", 41 ] ]
    } ]
  },
  "ApiDepartmentInfoQueryController.queryCollege" : {
    "t" : [ {
      "id" : 0,
      "a" : [ [ "R", 8 ] ]
    } ]
  },
  "WangqubaoItemExportController.export" : {
    "t" : [ {
      "id" : 0,
      "a" : [ [ "R", 40 ], [ "R", 40 ], [ "R", 40 ], [ "R", 4 ], [ "R", 40 ], [ "W", 40 ], [ "R", 40 ], [ "R", 40 ], [ "R", 4 ], [ "R", 40 ], [ "R", 40 ], [ "R", 11 ], [ "R", 11 ], [ "R", 11 ], [ "R", 40 ], [ "R", 40 ], [ "R", 40 ], [ "R", 4 ], [ "R", 40 ], [ "W", 40 ], [ "R", 40 ], [ "R", 40 ], [ "R", 4 ], [ "R", 40 ], [ "R", 40 ], [ "R", 31 ], [ "R", 31 ], [ "R", 31 ] ]
    } ]
  },
  "StorageController.queryIoBatch" : {
    "t" : [ {
      "id" : 0,
      "a" : [ [ "W", 13 ], [ "W", 13 ], [ "R", 13 ], [ "R", 13 ], [ "R", 30 ], [ "R", 30 ], [ "R", 30 ], [ "R", 43 ], [ "R", 43 ], [ "R", 30 ] ]
    } ]
  },
  "BookSaveOrUpdateController.saveOrUpdate" : {
    "t" : [ {
      "id" : 0,
      "a" : [ [ "R", 4 ], [ "W", 4 ], [ "W", 4 ], [ "W", 4 ], [ "W", 4 ], [ "W", 4 ], [ "W", 4 ], [ "W", 4 ], [ "W", 4 ], [ "W", 4 ], [ "W", 4 ], [ "W", 4 ], [ "W", 4 ], [ "R", 4 ], [ "W", 6 ], [ "W", 6 ], [ "W", 6 ], [ "R", 1 ], [ "R", 4 ], [ "R", 4 ], [ "W", 4 ], [ "W", 4 ], [ "W", 4 ], [ "R", 4 ], [ "W", 6 ], [ "W", 6 ], [ "W", 6 ], [ "R", 4 ], [ "R", 4 ], [ "R", 4 ], [ "R", 4 ], [ "R", 4 ], [ "R", 4 ], [ "R", 4 ], [ "R", 4 ], [ "W", 4 ], [ "W", 4 ], [ "W", 4 ], [ "W", 4 ], [ "W", 4 ], [ "R", 6 ], [ "W", 6 ], [ "W", 6 ], [ "W", 6 ], [ "W", 6 ], [ "W", 6 ], [ "W", 6 ], [ "W", 6 ], [ "W", 6 ], [ "W", 6 ], [ "W", 6 ], [ "W", 6 ], [ "W", 6 ], [ "W", 6 ], [ "W", 6 ], [ "W", 6 ], [ "R", 4 ], [ "W", 4 ], [ "W", 4 ], [ "W", 4 ], [ "R", 4 ], [ "W", 6 ], [ "W", 6 ], [ "W", 6 ], [ "W", 4 ], [ "W", 4 ], [ "W", 4 ], [ "W", 4 ], [ "W", 4 ], [ "W", 4 ], [ "W", 4 ], [ "W", 4 ], [ "W", 4 ], [ "R", 6 ], [ "W", 6 ], [ "W", 6 ], [ "W", 6 ], [ "W", 6 ], [ "W", 6 ], [ "W", 6 ], [ "W", 6 ], [ "W", 6 ], [ "W", 6 ], [ "W", 6 ], [ "W", 6 ], [ "W", 6 ], [ "W", 6 ], [ "W", 6 ], [ "W", 6 ], [ "W", 4 ], [ "W", 4 ], [ "R", 4 ], [ "R", 4 ], [ "R", 4 ], [ "R", 4 ], [ "R", 4 ], [ "R", 4 ], [ "R", 4 ], [ "R", 4 ], [ "R", 4 ], [ "R", 4 ], [ "R", 4 ], [ "R", 4 ], [ "R", 4 ], [ "R", 4 ], [ "R", 4 ], [ "R", 4 ], [ "R", 4 ], [ "R", 4 ], [ "R", 13 ], [ "R", 13 ], [ "R", 4 ], [ "W", 4 ], [ "W", 4 ], [ "W", 4 ], [ "W", 4 ], [ "W", 4 ], [ "W", 4 ], [ "R", 4 ], [ "W", 6 ], [ "W", 6 ], [ "R", 4 ], [ "R", 4 ], [ "R", 4 ], [ "R", 4 ], [ "W", 4 ], [ "W", 4 ], [ "W", 4 ], [ "R", 4 ], [ "R", 4 ], [ "W", 4 ], [ "W", 4 ], [ "W", 4 ], [ "R", 4 ], [ "R", 4 ], [ "R", 4 ], [ "R", 4 ], [ "R", 4 ], [ "R", 4 ], [ "R", 4 ], [ "R", 4 ], [ "R", 4 ], [ "R", 4 ], [ "R", 4 ], [ "R", 4 ], [ "R", 4 ], [ "R", 4 ], [ "R", 4 ], [ "R", 4 ], [ "R", 4 ], [ "R", 4 ], [ "R", 4 ], [ "R", 4 ], [ "R", 4 ], [ "R", 4 ], [ "W", 4 ], [ "W", 4 ], [ "W", 4 ], [ "W", 4 ], [ "W", 4 ], [ "R", 4 ], [ "R", 4 ], [ "R", 4 ], [ "R", 4 ], [ "R", 13 ], [ "R", 13 ], [ "R", 4 ] ]
    } ]
  },
  "OrderController.excelAddrToOrderUpload" : {
    "t" : [ {
      "id" : 0,
      "a" : [ [ "R", 22 ], [ "R", 16 ], [ "R", 13 ], [ "W", 13 ], [ "W", 13 ], [ "W", 13 ], [ "W", 13 ] ]
    } ]
  },
  "WangqubaoItemExportByInwarehouseController.export" : {
    "t" : [ {
      "id" : 0,
      "a" : [ [ "R", 40 ], [ "R", 40 ], [ "R", 40 ], [ "R", 4 ], [ "R", 40 ], [ "W", 40 ], [ "R", 40 ], [ "R", 40 ], [ "R", 4 ], [ "R", 40 ], [ "R", 40 ], [ "R", 11 ], [ "R", 11 ], [ "R", 11 ], [ "R", 40 ], [ "R", 40 ], [ "R", 40 ], [ "R", 4 ], [ "R", 40 ], [ "W", 40 ], [ "R", 40 ], [ "R", 40 ], [ "R", 4 ], [ "R", 40 ], [ "R", 40 ], [ "R", 31 ], [ "R", 31 ], [ "R", 31 ] ]
    } ]
  },
  "SysVarUpdateController.updateSysVar" : {
    "t" : [ {
      "id" : 0,
      "a" : [ [ "R", 39 ], [ "W", 39 ], [ "W", 39 ], [ "W", 39 ], [ "R", 39 ], [ "R", 39 ], [ "W", 39 ], [ "W", 39 ], [ "W", 39 ] ]
    } ]
  },
  "TempImportDetailViewController.executeQuery" : {
    "t" : [ {
      "id" : 0,
      "a" : [ [ "R", 13 ], [ "R", 13 ], [ "W", 13 ], [ "W", 13 ], [ "R", 13 ], [ "R", 13 ], [ "R", 13 ], [ "R", 13 ], [ "R", 4 ], [ "R", 4 ], [ "W", 13 ], [ "W", 13 ], [ "R", 13 ], [ "R", 13 ], [ "R", 13 ], [ "R", 13 ], [ "R", 13 ], [ "R", 13 ], [ "W", 13 ], [ "W", 13 ], [ "R", 13 ], [ "R", 13 ], [ "W", 13 ], [ "W", 13 ], [ "R", 13 ], [ "R", 13 ], [ "R", 11 ], [ "R", 10 ], [ "R", 18 ], [ "R", 19 ], [ "R", 40 ], [ "R", 2 ], [ "R", 3 ] ]
    } ]
  },
  "StorageController.queryStorageProduct" : {
    "t" : [ {
      "id" : 0,
      "a" : [ [ "R", 4 ], [ "R", 13 ], [ "R", 13 ], [ "R", 4 ], [ "R", 4 ], [ "R", 35 ], [ "R", 35 ] ]
    } ]
  },
  "StorageController.lackPart" : {
    "t" : [ {
      "id" : 0,
      "a" : [ [ "R", 31 ], [ "R", 31 ], [ "R", 31 ], [ "R", 31 ], [ "R", 31 ], [ "W", 31 ], [ "W", 31 ], [ "W", 31 ], [ "R", 31 ], [ "W", 31 ], [ "W", 31 ], [ "W", 31 ], [ "W", 31 ], [ "W", 31 ], [ "W", 31 ], [ "R", 31 ], [ "R", 31 ], [ "R", 31 ], [ "R", 31 ], [ "R", 35 ], [ "R", 35 ], [ "W", 35 ], [ "R", 35 ], [ "W", 35 ], [ "R", 31 ], [ "R", 31 ], [ "R", 35 ], [ "W", 35 ], [ "R", 36 ], [ "R", 36 ], [ "W", 36 ], [ "R", 36 ], [ "W", 36 ], [ "W", 36 ], [ "W", 36 ], [ "R", 31 ], [ "W", 35 ], [ "W", 35 ], [ "R", 31 ], [ "R", 33 ], [ "R", 31 ], [ "R", 33 ], [ "W", 33 ], [ "R", 33 ], [ "W", 33 ], [ "W", 33 ], [ "W", 33 ], [ "R", 33 ], [ "R", 33 ], [ "W", 31 ], [ "W", 31 ], [ "W", 31 ], [ "R", 31 ], [ "W", 31 ], [ "R", 31 ], [ "W", 31 ], [ "W", 31 ], [ "W", 31 ], [ "W", 31 ], [ "W", 31 ], [ "W", 31 ], [ "W", 31 ], [ "R", 31 ], [ "R", 31 ], [ "R", 31 ], [ "R", 31 ], [ "R", 31 ], [ "R", 31 ], [ "R", 31 ], [ "R", 31 ], [ "R", 31 ], [ "R", 35 ], [ "R", 35 ], [ "W", 35 ], [ "R", 35 ], [ "W", 35 ], [ "R", 31 ], [ "R", 31 ], [ "R", 35 ], [ "W", 35 ], [ "R", 36 ], [ "R", 36 ], [ "W", 36 ], [ "R", 36 ], [ "W", 36 ], [ "W", 36 ], [ "W", 36 ], [ "R", 31 ], [ "W", 35 ], [ "W", 35 ], [ "R", 31 ], [ "R", 33 ], [ "R", 31 ], [ "R", 33 ], [ "W", 33 ], [ "R", 33 ], [ "W", 33 ], [ "W", 33 ], [ "W", 33 ], [ "R", 33 ], [ "R", 33 ], [ "W", 31 ], [ "W", 31 ], [ "W", 31 ], [ "R", 31 ], [ "W", 31 ], [ "R", 31 ], [ "R", 30 ], [ "R", 31 ], [ "R", 31 ], [ "R", 33 ], [ "R", 34 ], [ "R", 35 ], [ "R", 33 ], [ "R", 34 ], [ "R", 34 ], [ "R", 35 ], [ "R", 35 ], [ "R", 35 ], [ "R", 33 ], [ "R", 33 ], [ "R", 33 ], [ "R", 34 ], [ "R", 33 ], [ "R", 35 ], [ "R", 33 ], [ "R", 33 ], [ "R", 33 ], [ "R", 33 ], [ "R", 33 ], [ "R", 31 ], [ "R", 31 ], [ "R", 31 ], [ "R", 33 ], [ "R", 34 ], [ "R", 35 ], [ "R", 33 ], [ "R", 34 ], [ "R", 34 ], [ "R", 35 ], [ "R", 35 ], [ "R", 35 ], [ "R", 33 ], [ "R", 33 ], [ "R", 33 ], [ "R", 34 ], [ "R", 33 ], [ "R", 35 ], [ "R", 33 ], [ "R", 33 ], [ "R", 33 ], [ "R", 33 ], [ "R", 33 ], [ "W", 34 ], [ "W", 34 ], [ "W", 31 ], [ "W", 31 ], [ "W", 31 ], [ "R", 30 ], [ "W", 31 ], [ "W", 31 ], [ "R", 30 ], [ "W", 31 ], [ "W", 31 ], [ "W", 31 ], [ "R", 34 ], [ "W", 31 ], [ "R", 34 ], [ "W", 31 ], [ "R", 30 ], [ "W", 31 ], [ "W", 31 ], [ "W", 31 ], [ "W", 31 ], [ "W", 31 ], [ "R", 31 ], [ "R", 30 ], [ "R", 33 ], [ "R", 30 ], [ "R", 33 ], [ "W", 33 ], [ "R", 30 ], [ "R", 33 ], [ "W", 33 ], [ "R", 33 ], [ "W", 31 ], [ "W", 31 ], [ "W", 31 ], [ "R", 31 ], [ "W", 31 ], [ "R", 30 ], [ "W", 33 ], [ "R", 31 ], [ "R", 32 ], [ "W", 32 ], [ "W", 32 ], [ "W", 32 ], [ "R", 32 ], [ "R", 31 ], [ "R", 31 ], [ "R", 31 ], [ "R", 30 ], [ "R", 31 ], [ "R", 31 ], [ "R", 31 ], [ "W", 31 ], [ "W", 31 ], [ "W", 31 ], [ "R", 31 ], [ "R", 13 ], [ "R", 13 ], [ "R", 13 ], [ "R", 13 ], [ "R", 13 ], [ "R", 13 ], [ "W", 13 ], [ "W", 13 ], [ "W", 13 ], [ "R", 13 ], [ "W", 15 ], [ "W", 15 ], [ "W", 15 ], [ "W", 15 ], [ "W", 15 ], [ "W", 15 ], [ "R", 13 ], [ "W", 15 ], [ "W", 15 ], [ "R", 31 ], [ "R", 4 ], [ "R", 4 ], [ "R", 4 ] ]
    } ]
  },
  "OrderController.getWaitPickUpList" : {
    "t" : [ {
      "id" : 0,
      "a" : [ [ "R", 13 ], [ "R", 13 ], [ "R", 13 ], [ "R", 13 ], [ "R", 13 ], [ "R", 13 ], [ "R", 13 ], [ "R", 13 ], [ "R", 13 ], [ "R", 16 ], [ "R", 13 ], [ "R", 14 ], [ "R", 13 ], [ "R", 14 ], [ "R", 13 ], [ "R", 14 ], [ "R", 14 ], [ "R", 4 ] ]
    } ]
  },
  "StorageIoBatchInBatchController.export" : {
    "t" : [ {
      "id" : 0,
      "a" : [ [ "R", 40 ], [ "R", 40 ], [ "R", 40 ], [ "R", 4 ], [ "R", 40 ], [ "W", 40 ], [ "R", 40 ], [ "R", 40 ], [ "R", 4 ], [ "R", 40 ], [ "R", 40 ], [ "R", 11 ], [ "R", 11 ], [ "R", 11 ], [ "R", 40 ], [ "R", 40 ], [ "R", 40 ], [ "R", 4 ], [ "R", 40 ], [ "W", 40 ], [ "R", 40 ], [ "R", 40 ], [ "R", 4 ], [ "R", 40 ], [ "R", 40 ], [ "R", 31 ], [ "R", 31 ], [ "R", 31 ] ]
    } ]
  },
  "BookController.getAllBooks" : {
    "t" : [ {
      "id" : 0,
      "a" : [ [ "R", 13 ], [ "R", 13 ], [ "R", 4 ], [ "R", 4 ] ]
    } ]
  },
  "WangqubaoInwarehouseExportController.export" : {
    "t" : [ {
      "id" : 0,
      "a" : [ [ "R", 40 ], [ "R", 40 ], [ "R", 40 ], [ "R", 4 ], [ "R", 40 ], [ "W", 40 ], [ "R", 40 ], [ "R", 40 ], [ "R", 4 ], [ "R", 40 ], [ "R", 40 ], [ "R", 11 ], [ "R", 11 ], [ "R", 11 ], [ "R", 40 ], [ "R", 40 ], [ "R", 40 ], [ "R", 4 ], [ "R", 40 ], [ "W", 40 ], [ "R", 40 ], [ "R", 40 ], [ "R", 4 ], [ "R", 40 ], [ "R", 40 ], [ "R", 31 ], [ "R", 31 ], [ "R", 31 ] ]
    } ]
  },
  "ApiPurchasedAmountQueryController.queryRequiredAmountV2" : {
    "t" : [ {
      "id" : 0,
      "a" : [ [ "R", 19 ], [ "R", 19 ], [ "R", 4 ], [ "R", 4 ], [ "R", 4 ], [ "R", 35 ], [ "R", 35 ], [ "R", 19 ], [ "R", 39 ], [ "W", 39 ], [ "W", 39 ], [ "W", 39 ], [ "R", 39 ], [ "R", 39 ], [ "R", 39 ], [ "R", 39 ], [ "R", 19 ], [ "R", 19 ], [ "R", 19 ], [ "R", 19 ] ]
    } ]
  },
  "TempImportDetailTransferController.transfer" : {
    "t" : [ {
      "id" : 0,
      "a" : [ [ "R", 41 ], [ "R", 41 ], [ "R", 40 ], [ "R", 40 ], [ "R", 40 ], [ "R", 4 ], [ "R", 40 ], [ "W", 40 ], [ "R", 40 ], [ "R", 40 ], [ "R", 4 ], [ "R", 40 ], [ "R", 40 ], [ "R", 40 ], [ "R", 40 ], [ "R", 19 ], [ "W", 19 ], [ "W", 19 ], [ "R", 40 ], [ "R", 40 ], [ "R", 40 ], [ "R", 4 ], [ "R", 40 ], [ "W", 40 ], [ "R", 40 ], [ "R", 40 ], [ "R", 4 ], [ "R", 40 ], [ "R", 40 ], [ "R", 40 ], [ "R", 40 ], [ "R", 40 ], [ "R", 40 ], [ "R", 4 ], [ "R", 23 ], [ "W", 23 ], [ "R", 4 ], [ "W", 23 ], [ "W", 23 ], [ "W", 23 ], [ "W", 23 ], [ "W", 23 ], [ "W", 23 ], [ "R", 23 ], [ "W", 23 ], [ "W", 23 ], [ "W", 23 ], [ "R", 40 ], [ "R", 40 ], [ "R", 40 ], [ "R", 4 ], [ "R", 40 ], [ "W", 40 ], [ "R", 40 ], [ "R", 40 ], [ "R", 4 ], [ "R", 40 ], [ "R", 40 ], [ "R", 40 ], [ "R", 40 ], [ "R", 40 ], [ "R", 40 ], [ "R", 6 ], [ "R", 4 ], [ "R", 6 ], [ "R", 4 ], [ "R", 6 ], [ "R", 4 ], [ "R", 4 ], [ "W", 6 ], [ "W", 6 ], [ "W", 6 ], [ "W", 6 ], [ "W", 6 ], [ "W", 6 ], [ "W", 6 ], [ "R", 4 ], [ "W", 6 ], [ "W", 6 ], [ "W", 6 ], [ "W", 6 ], [ "W", 6 ], [ "W", 6 ], [ "W", 6 ], [ "R", 40 ], [ "R", 40 ], [ "R", 40 ], [ "R", 4 ], [ "R", 40 ], [ "W", 40 ], [ "R", 40 ], [ "R", 40 ], [ "R", 4 ], [ "R", 40 ], [ "R", 40 ], [ "R", 40 ], [ "R", 40 ], [ "R", 40 ], [ "R", 40 ], [ "R", 6 ], [ "R", 4 ], [ "R", 6 ], [ "R", 4 ], [ "R", 6 ], [ "R", 4 ], [ "R", 4 ], [ "W", 6 ], [ "W", 6 ], [ "W", 6 ], [ "W", 6 ], [ "W", 6 ], [ "W", 6 ], [ "W", 6 ], [ "R", 4 ], [ "W", 6 ], [ "W", 6 ], [ "W", 6 ], [ "W", 6 ], [ "W", 6 ], [ "W", 6 ], [ "W", 6 ], [ "R", 40 ], [ "R", 40 ], [ "R", 40 ], [ "R", 4 ], [ "R", 40 ], [ "W", 40 ], [ "R", 40 ], [ "R", 40 ], [ "R", 4 ], [ "R", 40 ], [ "R", 40 ], [ "R", 40 ], [ "R", 40 ], [ "R", 40 ], [ "R", 40 ], [ "R", 6 ], [ "R", 4 ], [ "R", 6 ], [ "R", 4 ], [ "R", 6 ], [ "R", 4 ], [ "R", 4 ], [ "W", 6 ], [ "W", 6 ], [ "W", 6 ], [ "W", 6 ], [ "W", 6 ], [ "W", 6 ], [ "W", 6 ], [ "R", 4 ], [ "W", 6 ], [ "W", 6 ], [ "W", 6 ], [ "W", 6 ], [ "W", 6 ], [ "W", 6 ], [ "W", 6 ], [ "R", 41 ] ]
    } ]
  },
  "BookAmountAddPreController.amountPre" : {
    "t" : [ {
      "id" : 0,
      "a" : [ [ "R", 8 ], [ "R", 8 ], [ "R", 8 ], [ "R", 8 ], [ "R", 8 ] ]
    } ]
  },
  "BookController.showGroupList" : {
    "t" : [ {
      "id" : 0,
      "a" : [ [ "R", 4 ], [ "R", 4 ] ]
    } ]
  },
  "RegistAndUpdateController.updateWaitRole" : {
    "t" : [ {
      "id" : 0,
      "a" : [ [ "R", 20 ], [ "R", 20 ], [ "R", 20 ], [ "R", 20 ], [ "R", 20 ], [ "R", 20 ], [ "R", 20 ], [ "R", 20 ], [ "R", 20 ], [ "R", 20 ], [ "R", 20 ], [ "R", 20 ], [ "R", 20 ], [ "R", 20 ], [ "R", 20 ], [ "R", 20 ], [ "R", 20 ], [ "R", 20 ], [ "R", 20 ] ]
    } ]
  },
  "BookController.getWaitCheckList" : {
    "t" : [ {
      "id" : 0,
      "a" : [ [ "R", 4 ] ]
    } ]
  },
  "CompanyController.updateUserCompany" : {
    "t" : [ {
      "id" : 0,
      "a" : [ [ "R", 7 ], [ "W", 7 ], [ "W", 7 ] ]
    } ]
  },
  "StorageController.findPositionSkus" : {
    "t" : [ {
      "id" : 0,
      "a" : [ [ "R", 34 ], [ "R", 34 ], [ "R", 33 ], [ "R", 33 ], [ "R", 35 ], [ "R", 35 ], [ "R", 4 ], [ "R", 34 ] ]
    } ]
  },
  "RegistAndUpdateController.regist" : {
    "t" : [ {
      "id" : 0,
      "a" : [ [ "R", 20 ], [ "R", 20 ], [ "R", 20 ], [ "R", 20 ], [ "R", 20 ], [ "R", 20 ], [ "R", 7 ], [ "R", 43 ], [ "W", 43 ], [ "W", 43 ], [ "W", 43 ], [ "W", 43 ], [ "W", 43 ], [ "W", 43 ], [ "W", 43 ], [ "W", 43 ], [ "W", 43 ], [ "W", 43 ], [ "W", 43 ], [ "R", 43 ], [ "R", 43 ], [ "W", 43 ], [ "W", 43 ], [ "W", 43 ], [ "W", 43 ], [ "W", 43 ], [ "W", 43 ], [ "W", 43 ], [ "W", 43 ], [ "W", 43 ], [ "W", 43 ] ]
    } ]
  },
  "StorageInwarehouseCreateController.recoverScan" : {
    "t" : [ {
      "id" : 0,
      "a" : [ [ "R", 30 ], [ "R", 30 ], [ "R", 30 ], [ "R", 30 ], [ "R", 12 ], [ "R", 12 ], [ "R", 12 ], [ "R", 30 ], [ "R", 30 ], [ "R", 18 ], [ "R", 30 ], [ "R", 30 ], [ "R", 30 ], [ "R", 30 ], [ "R", 30 ], [ "R", 30 ], [ "W", 30 ], [ "W", 30 ], [ "R", 31 ], [ "R", 18 ], [ "R", 30 ] ]
    } ]
  },
  "BookController.removeAll" : {
    "t" : [ {
      "id" : 0,
      "a" : [ [ "W", 4 ], [ "W", 4 ], [ "W", 4 ], [ "W", 4 ], [ "R", 4 ], [ "W", 6 ], [ "W", 6 ], [ "W", 6 ], [ "W", 4 ], [ "W", 4 ], [ "W", 4 ], [ "R", 4 ], [ "W", 6 ], [ "W", 6 ], [ "W", 6 ] ]
    } ]
  },
  "BookController.showSameBookList" : {
    "t" : [ {
      "id" : 0,
      "a" : [ [ "R", 5 ], [ "R", 5 ] ]
    } ]
  },
  "OrderController.getAllShopOrderList" : {
    "t" : [ {
      "id" : 0,
      "a" : [ [ "R", 13 ], [ "R", 13 ], [ "R", 13 ], [ "R", 13 ], [ "R", 13 ], [ "R", 16 ], [ "R", 13 ], [ "R", 14 ], [ "R", 13 ], [ "R", 14 ], [ "R", 13 ], [ "R", 14 ], [ "R", 14 ], [ "R", 4 ], [ "R", 16 ], [ "R", 13 ], [ "R", 13 ], [ "R", 13 ], [ "R", 13 ], [ "R", 13 ], [ "R", 16 ], [ "R", 13 ], [ "R", 14 ], [ "R", 13 ], [ "R", 14 ], [ "R", 13 ], [ "R", 14 ], [ "R", 14 ], [ "R", 4 ], [ "R", 13 ], [ "R", 13 ], [ "R", 13 ], [ "R", 13 ], [ "R", 13 ], [ "R", 13 ], [ "R", 13 ], [ "R", 16 ], [ "R", 13 ], [ "R", 14 ], [ "R", 13 ], [ "R", 14 ], [ "R", 13 ], [ "R", 14 ], [ "R", 14 ], [ "R", 4 ] ]
    } ]
  },
  "ShopItemMappingController.failAddOneItem2Shop" : {
    "t" : [ {
      "id" : 0,
      "a" : [ [ "R", 22 ], [ "R", 22 ], [ "R", 22 ], [ "R", 24 ], [ "W", 24 ], [ "W", 24 ], [ "R", 22 ], [ "R", 24 ], [ "R", 22 ], [ "R", 24 ], [ "R", 4 ], [ "R", 4 ], [ "R", 6 ], [ "R", 4 ], [ "R", 4 ], [ "R", 6 ], [ "R", 4 ], [ "R", 6 ], [ "R", 4 ], [ "R", 4 ], [ "W", 6 ], [ "W", 6 ], [ "W", 6 ], [ "W", 6 ], [ "W", 6 ], [ "W", 6 ], [ "W", 6 ], [ "R", 4 ], [ "W", 6 ], [ "W", 6 ], [ "R", 4 ], [ "W", 24 ], [ "W", 24 ], [ "W", 24 ], [ "W", 24 ], [ "R", 24 ], [ "R", 35 ], [ "R", 35 ], [ "R", 35 ], [ "W", 24 ], [ "W", 24 ], [ "W", 24 ], [ "R", 22 ] ]
    } ]
  },
  "OrderController.excelCreateOrderUpload" : {
    "t" : [ {
      "id" : 0,
      "a" : [ [ "R", 22 ], [ "R", 4 ], [ "R", 4 ], [ "R", 4 ], [ "R", 4 ], [ "R", 22 ], [ "R", 22 ], [ "R", 16 ], [ "R", 13 ], [ "W", 13 ], [ "W", 13 ], [ "W", 13 ], [ "R", 22 ], [ "W", 13 ], [ "R", 22 ], [ "W", 13 ], [ "W", 13 ], [ "W", 13 ], [ "R", 22 ], [ "W", 13 ], [ "W", 13 ], [ "W", 13 ], [ "W", 13 ], [ "W", 13 ], [ "W", 13 ], [ "W", 13 ], [ "W", 13 ], [ "W", 14 ], [ "W", 13 ], [ "W", 14 ], [ "W", 14 ], [ "W", 14 ], [ "W", 14 ], [ "R", 22 ], [ "W", 16 ], [ "R", 22 ], [ "W", 16 ], [ "W", 16 ], [ "W", 16 ], [ "W", 16 ], [ "W", 16 ], [ "W", 16 ], [ "R", 13 ], [ "W", 15 ], [ "W", 15 ], [ "W", 15 ], [ "W", 15 ], [ "W", 15 ], [ "W", 15 ], [ "R", 13 ], [ "W", 15 ], [ "W", 15 ] ]
    } ]
  },
  "RegistAndUpdateController.deleteUser" : {
    "t" : [ {
      "id" : 0,
      "a" : [ [ "R", 43 ], [ "R", 43 ], [ "R", 43 ], [ "W", 43 ], [ "W", 43 ], [ "W", 43 ] ]
    } ]
  },
  "StorageController.updatePosition" : {
    "t" : [ {
      "id" : 0,
      "a" : [ [ "R", 34 ], [ "R", 34 ], [ "W", 34 ], [ "W", 34 ], [ "W", 34 ] ]
    } ]
  },
  "StorageController.goToCreateOrder" : {
    "t" : [ {
      "id" : 0,
      "a" : [ [ "R", 22 ] ]
    } ]
  },
  "SysVarController.updateSysVarPre" : {
    "t" : [ {
      "id" : 0,
      "a" : [ [ "R", 39 ], [ "W", 39 ], [ "W", 39 ], [ "W", 39 ], [ "R", 39 ], [ "R", 39 ], [ "R", 39 ], [ "R", 39 ] ]
    } ]
  },
  "BookController.batchOperate" : {
    "t" : [ {
      "id" : 0,
      "a" : [ [ "R", 4 ], [ "R", 4 ], [ "R", 4 ], [ "R", 4 ], [ "R", 4 ], [ "R", 4 ], [ "R", 4 ], [ "R", 4 ], [ "R", 4 ], [ "R", 4 ], [ "R", 4 ], [ "R", 4 ], [ "R", 4 ], [ "R", 4 ], [ "R", 4 ], [ "R", 4 ], [ "R", 4 ], [ "W", 4 ], [ "W", 4 ], [ "W", 4 ], [ "W", 4 ], [ "W", 4 ], [ "R", 4 ], [ "R", 4 ], [ "R", 4 ], [ "R", 4 ], [ "R", 4 ], [ "R", 4 ], [ "W", 4 ], [ "W", 4 ], [ "W", 4 ], [ "R", 4 ], [ "R", 1 ], [ "R", 4 ], [ "R", 4 ], [ "W", 4 ], [ "W", 4 ], [ "W", 4 ], [ "R", 4 ], [ "W", 6 ], [ "W", 6 ], [ "W", 6 ], [ "R", 4 ], [ "R", 4 ], [ "R", 4 ], [ "R", 4 ], [ "R", 4 ], [ "R", 4 ], [ "R", 4 ], [ "R", 4 ], [ "W", 4 ], [ "W", 4 ], [ "W", 4 ], [ "W", 4 ], [ "W", 4 ], [ "R", 19 ], [ "R", 19 ], [ "W", 19 ], [ "W", 19 ], [ "W", 19 ], [ "W", 19 ], [ "W", 19 ] ]
    } ]
  },
  "ShopItemMappingController.failAddItems2Shop" : {
    "t" : [ {
      "id" : 0,
      "a" : [ [ "R", 22 ], [ "R", 22 ], [ "R", 22 ], [ "R", 24 ], [ "W", 24 ], [ "W", 24 ], [ "R", 22 ], [ "R", 24 ], [ "R", 22 ], [ "R", 24 ], [ "R", 4 ], [ "R", 4 ], [ "R", 6 ], [ "R", 4 ], [ "R", 4 ], [ "R", 6 ], [ "R", 4 ], [ "R", 6 ], [ "R", 4 ], [ "R", 4 ], [ "W", 6 ], [ "W", 6 ], [ "W", 6 ], [ "W", 6 ], [ "W", 6 ], [ "W", 6 ], [ "W", 6 ], [ "R", 4 ], [ "W", 6 ], [ "W", 6 ], [ "R", 4 ], [ "W", 24 ], [ "W", 24 ], [ "W", 24 ], [ "W", 24 ], [ "R", 24 ], [ "R", 35 ], [ "R", 35 ], [ "R", 35 ], [ "W", 24 ], [ "W", 24 ], [ "W", 24 ], [ "R", 22 ] ]
    } ]
  },
  "DepartmentInfoQueryController.findInfo" : {
    "t" : [ {
      "id" : 0,
      "a" : [ [ "W", 13 ], [ "W", 13 ], [ "W", 13 ], [ "W", 13 ], [ "W", 13 ], [ "W", 13 ], [ "R", 13 ], [ "R", 13 ], [ "R", 8 ] ]
    } ]
  },
  "OrderController.cancelArrangeOrder" : {
    "t" : [ {
      "id" : 0,
      "a" : [ [ "R", 13 ], [ "R", 13 ], [ "R", 13 ], [ "R", 13 ], [ "R", 13 ], [ "R", 13 ], [ "W", 13 ], [ "W", 13 ], [ "R", 13 ], [ "R", 13 ], [ "R", 32 ], [ "R", 32 ], [ "R", 32 ], [ "W", 32 ], [ "W", 32 ], [ "W", 32 ], [ "R", 36 ], [ "W", 36 ], [ "W", 36 ], [ "W", 36 ], [ "R", 36 ], [ "R", 35 ], [ "R", 35 ], [ "R", 36 ], [ "W", 35 ], [ "R", 35 ], [ "R", 36 ], [ "W", 35 ], [ "W", 35 ], [ "W", 35 ], [ "R", 35 ], [ "R", 31 ], [ "W", 31 ], [ "W", 31 ], [ "W", 31 ], [ "R", 31 ], [ "R", 31 ], [ "R", 33 ], [ "R", 31 ], [ "R", 31 ], [ "R", 33 ], [ "R", 31 ], [ "W", 33 ], [ "W", 33 ], [ "W", 33 ], [ "R", 31 ], [ "R", 31 ], [ "R", 31 ], [ "R", 13 ], [ "W", 15 ], [ "W", 15 ], [ "W", 15 ], [ "W", 15 ], [ "W", 15 ], [ "W", 15 ], [ "R", 13 ], [ "W", 15 ], [ "W", 15 ] ]
    } ]
  },
  "StorageController.takeGoods" : {
    "t" : [ {
      "id" : 0,
      "a" : [ [ "R", 31 ], [ "R", 31 ], [ "R", 31 ], [ "W", 31 ], [ "W", 31 ], [ "W", 31 ], [ "R", 31 ], [ "R", 31 ], [ "R", 4 ], [ "R", 4 ], [ "R", 4 ] ]
    } ]
  },
  "StorageInwarehouseCreateController.createFastBatch" : {
    "t" : [ {
      "id" : 0,
      "a" : [ [ "R", 34 ] ]
    } ]
  },
  "RegistAndUpdateController.updateRole" : {
    "t" : [ {
      "id" : 0,
      "a" : [ [ "R", 17 ], [ "R", 17 ], [ "R", 17 ], [ "R", 17 ], [ "R", 17 ], [ "R", 17 ], [ "R", 17 ], [ "R", 17 ], [ "R", 17 ], [ "R", 17 ], [ "R", 17 ], [ "R", 17 ], [ "R", 17 ], [ "R", 17 ], [ "R", 17 ], [ "R", 17 ], [ "R", 17 ], [ "R", 17 ], [ "R", 17 ], [ "R", 17 ], [ "R", 17 ], [ "R", 17 ], [ "R", 17 ], [ "R", 17 ], [ "R", 17 ], [ "R", 17 ], [ "R", 17 ], [ "R", 17 ], [ "R", 17 ], [ "R", 17 ], [ "R", 17 ], [ "R", 17 ], [ "R", 17 ], [ "R", 17 ], [ "R", 17 ], [ "R", 17 ], [ "R", 17 ], [ "R", 17 ], [ "R", 17 ], [ "R", 17 ], [ "R", 17 ], [ "R", 17 ], [ "R", 17 ], [ "R", 17 ], [ "R", 17 ], [ "R", 17 ], [ "R", 17 ], [ "R", 17 ], [ "R", 17 ], [ "R", 17 ], [ "R", 17 ], [ "R", 17 ], [ "R", 17 ], [ "R", 17 ], [ "R", 17 ], [ "R", 17 ], [ "R", 17 ], [ "R", 17 ], [ "R", 17 ], [ "R", 17 ], [ "R", 17 ], [ "R", 17 ], [ "R", 17 ], [ "R", 17 ], [ "R", 17 ], [ "R", 17 ], [ "R", 17 ], [ "R", 17 ], [ "R", 17 ], [ "R", 17 ], [ "R", 17 ], [ "R", 17 ], [ "R", 17 ], [ "R", 17 ], [ "R", 17 ], [ "R", 17 ], [ "R", 17 ], [ "R", 17 ], [ "R", 17 ], [ "R", 17 ], [ "R", 17 ], [ "R", 20 ], [ "W", 20 ], [ "W", 20 ], [ "W", 20 ], [ "W", 20 ], [ "W", 20 ], [ "W", 20 ], [ "W", 20 ], [ "W", 20 ], [ "W", 20 ], [ "W", 20 ], [ "W", 20 ], [ "R", 20 ], [ "R", 21 ], [ "W", 21 ], [ "W", 21 ], [ "W", 21 ], [ "W", 20 ], [ "R", 17 ], [ "R", 17 ], [ "W", 21 ], [ "R", 20 ], [ "W", 21 ], [ "W", 21 ], [ "W", 21 ], [ "W", 21 ], [ "W", 21 ] ]
    } ]
  },
  "ShopController.gotoUpdateShop" : {
    "t" : [ {
      "id" : 0,
      "a" : [ [ "R", 22 ], [ "R", 22 ] ]
    } ]
  },
  "ShopController.saveOrUpdateShop" : {
    "t" : [ {
      "id" : 0,
      "a" : [ [ "R", 22 ], [ "W", 22 ], [ "W", 22 ], [ "W", 22 ], [ "W", 22 ], [ "W", 22 ], [ "R", 22 ], [ "W", 22 ], [ "W", 22 ], [ "W", 22 ] ]
    } ]
  },
  "PurchaseDetailViewController.executeQuery" : {
    "t" : [ {
      "id" : 0,
      "a" : [ [ "R", 13 ], [ "R", 13 ], [ "W", 13 ], [ "W", 13 ], [ "R", 13 ], [ "R", 13 ], [ "R", 13 ], [ "R", 13 ], [ "R", 4 ], [ "R", 4 ], [ "W", 13 ], [ "W", 13 ], [ "R", 13 ], [ "R", 13 ], [ "R", 13 ], [ "R", 13 ], [ "R", 13 ], [ "R", 13 ], [ "W", 13 ], [ "W", 13 ], [ "R", 13 ], [ "R", 13 ], [ "W", 13 ], [ "W", 13 ], [ "R", 13 ], [ "R", 13 ], [ "R", 11 ], [ "R", 10 ], [ "R", 18 ], [ "R", 19 ], [ "R", 40 ], [ "R", 2 ], [ "R", 3 ] ]
    } ]
  },
  "RequirementImportController.upload" : {
    "t" : [ {
      "id" : 0,
      "a" : [ [ "R", 4 ], [ "R", 4 ], [ "W", 1 ], [ "R", 4 ], [ "W", 1 ], [ "R", 4 ], [ "W", 1 ], [ "R", 4 ], [ "W", 1 ], [ "R", 4 ], [ "W", 1 ], [ "R", 8 ], [ "R", 8 ], [ "R", 8 ], [ "W", 1 ], [ "R", 8 ], [ "W", 1 ], [ "R", 8 ], [ "W", 1 ], [ "R", 8 ], [ "W", 1 ], [ "W", 1 ], [ "W", 1 ], [ "W", 1 ], [ "W", 1 ], [ "W", 1 ], [ "W", 1 ], [ "R", 1 ], [ "R", 1 ], [ "R", 1 ], [ "R", 1 ], [ "R", 1 ], [ "R", 1 ], [ "R", 4 ], [ "R", 1 ], [ "R", 4 ], [ "R", 1 ], [ "W", 1 ] ]
    } ]
  },
  "CompanyController.showCompanys" : {
    "t" : [ {
      "id" : 0,
      "a" : [ [ "R", 7 ], [ "R", 7 ], [ "R", 7 ], [ "R", 7 ], [ "R", 7 ], [ "R", 7 ], [ "R", 7 ], [ "R", 7 ], [ "R", 7 ], [ "R", 7 ], [ "R", 7 ], [ "R", 7 ], [ "R", 7 ], [ "R", 7 ], [ "R", 7 ], [ "R", 37 ] ]
    } ]
  },
  "BookNameReplaceController.batchReplaceBookName" : {
    "t" : [ {
      "id" : 0,
      "a" : [ [ "R", 13 ], [ "R", 13 ], [ "R", 4 ], [ "R", 4 ], [ "W", 4 ], [ "W", 4 ], [ "W", 4 ], [ "R", 4 ], [ "W", 6 ], [ "W", 6 ], [ "W", 6 ], [ "R", 4 ] ]
    } ]
  },
  "CompanyController.showCompanyInfo" : {
    "t" : [ {
      "id" : 0,
      "a" : [ [ "R", 7 ], [ "R", 22 ], [ "R", 43 ], [ "R", 20 ], [ "R", 7 ], [ "R", 43 ], [ "R", 20 ], [ "R", 7 ], [ "R", 20 ], [ "R", 43 ], [ "R", 7 ], [ "R", 7 ], [ "R", 43 ], [ "R", 7 ], [ "R", 43 ], [ "R", 43 ], [ "R", 20 ], [ "R", 43 ], [ "R", 37 ] ]
    } ]
  },
  "HelpController.updateUser" : {
    "t" : [ {
      "id" : 0,
      "a" : [ [ "R", 43 ], [ "R", 43 ], [ "R", 7 ], [ "R", 43 ], [ "R", 43 ], [ "R", 43 ], [ "R", 43 ], [ "R", 43 ], [ "R", 43 ], [ "R", 7 ], [ "R", 20 ], [ "R", 20 ], [ "R", 20 ], [ "R", 20 ], [ "R", 20 ], [ "R", 20 ], [ "R", 7 ] ]
    } ]
  },
  "OrderController.getRefundingList" : {
    "t" : [ {
      "id" : 0,
      "a" : [ [ "R", 13 ], [ "R", 13 ], [ "R", 13 ], [ "R", 13 ], [ "R", 13 ], [ "R", 13 ], [ "R", 13 ], [ "R", 13 ], [ "R", 13 ], [ "R", 16 ], [ "R", 13 ], [ "R", 14 ], [ "R", 13 ], [ "R", 14 ], [ "R", 13 ], [ "R", 14 ], [ "R", 14 ], [ "R", 4 ] ]
    } ]
  },
  "RegistAndUpdateController.registRole" : {
    "t" : [ {
      "id" : 0,
      "a" : [ [ "R", 17 ], [ "R", 17 ], [ "R", 17 ], [ "R", 17 ], [ "R", 17 ], [ "R", 17 ], [ "R", 17 ], [ "R", 17 ], [ "R", 17 ], [ "R", 17 ], [ "R", 17 ], [ "R", 17 ], [ "R", 17 ], [ "R", 17 ], [ "R", 17 ], [ "R", 17 ], [ "R", 17 ], [ "R", 17 ], [ "R", 17 ], [ "R", 17 ], [ "R", 17 ], [ "R", 17 ], [ "R", 17 ], [ "R", 17 ], [ "R", 17 ], [ "R", 17 ], [ "R", 17 ], [ "R", 17 ], [ "R", 17 ], [ "R", 17 ], [ "R", 17 ], [ "R", 17 ], [ "R", 17 ], [ "R", 17 ], [ "R", 17 ], [ "R", 17 ], [ "R", 17 ], [ "R", 17 ], [ "R", 17 ], [ "R", 17 ], [ "R", 17 ], [ "R", 17 ], [ "R", 17 ], [ "R", 17 ], [ "R", 17 ], [ "R", 17 ], [ "R", 17 ], [ "R", 17 ], [ "R", 17 ], [ "R", 17 ], [ "R", 17 ], [ "R", 17 ], [ "R", 17 ], [ "R", 17 ], [ "R", 17 ], [ "R", 17 ], [ "R", 17 ], [ "R", 17 ], [ "R", 17 ], [ "R", 17 ], [ "R", 17 ], [ "R", 17 ], [ "R", 17 ], [ "R", 17 ], [ "R", 17 ], [ "R", 17 ], [ "R", 17 ], [ "R", 17 ], [ "R", 17 ], [ "R", 17 ], [ "R", 17 ], [ "R", 17 ], [ "R", 17 ], [ "R", 17 ], [ "R", 17 ], [ "R", 17 ], [ "R", 17 ], [ "R", 17 ], [ "R", 17 ], [ "R", 17 ], [ "R", 17 ], [ "R", 20 ], [ "W", 20 ], [ "W", 20 ], [ "W", 20 ], [ "W", 20 ], [ "W", 20 ], [ "W", 20 ], [ "W", 20 ], [ "W", 20 ], [ "W", 20 ], [ "W", 20 ], [ "W", 20 ], [ "R", 20 ], [ "R", 21 ], [ "W", 21 ], [ "W", 21 ], [ "W", 21 ], [ "W", 20 ], [ "R", 17 ], [ "R", 17 ], [ "W", 21 ], [ "R", 20 ], [ "W", 21 ], [ "W", 21 ], [ "W", 21 ], [ "W", 21 ], [ "W", 21 ] ]
    } ]
  },
  "BookAmountAddController.addAmount" : {
    "t" : [ {
      "id" : 0,
      "a" : [ [ "R", 8 ], [ "W", 1 ], [ "R", 8 ], [ "W", 1 ], [ "R", 8 ], [ "W", 1 ], [ "R", 8 ], [ "W", 1 ], [ "W", 1 ], [ "W", 1 ], [ "W", 1 ], [ "R", 4 ], [ "W", 1 ], [ "R", 4 ], [ "W", 1 ], [ "R", 4 ], [ "W", 1 ], [ "R", 4 ], [ "W", 1 ], [ "W", 1 ], [ "W", 1 ], [ "W", 1 ], [ "W", 1 ], [ "R", 1 ], [ "R", 1 ], [ "R", 1 ], [ "R", 1 ], [ "R", 1 ], [ "R", 1 ], [ "R", 4 ], [ "R", 1 ], [ "R", 4 ], [ "R", 1 ], [ "W", 1 ] ]
    } ]
  },
  "StorageController.findIoDetailByBatchId" : {
    "t" : [ {
      "id" : 0,
      "a" : [ [ "R", 13 ], [ "R", 13 ], [ "R", 31 ], [ "R", 31 ], [ "R", 31 ], [ "R", 43 ], [ "R", 43 ], [ "R", 31 ], [ "R", 31 ], [ "R", 4 ] ]
    } ]
  },
  "StorageController.gotoUpdateStorageRepoInfo" : {
    "t" : [ {
      "id" : 0,
      "a" : [ [ "R", 37 ], [ "R", 37 ], [ "R", 37 ] ]
    } ]
  },
  "CompanyController.saveOrUpdateCompany" : {
    "t" : [ {
      "id" : 0,
      "a" : [ [ "R", 7 ], [ "W", 7 ], [ "W", 7 ], [ "W", 7 ], [ "W", 7 ], [ "W", 7 ], [ "R", 7 ], [ "W", 7 ], [ "W", 7 ] ]
    } ]
  },
  "InwarehouseViewController.executeQuery" : {
    "t" : [ {
      "id" : 0,
      "a" : [ [ "R", 13 ], [ "R", 13 ], [ "W", 13 ], [ "W", 13 ], [ "R", 13 ], [ "R", 13 ], [ "R", 13 ], [ "R", 13 ], [ "R", 4 ], [ "R", 4 ], [ "W", 13 ], [ "W", 13 ], [ "R", 13 ], [ "R", 13 ], [ "R", 13 ], [ "R", 13 ], [ "R", 13 ], [ "R", 13 ], [ "W", 13 ], [ "W", 13 ], [ "R", 13 ], [ "R", 13 ], [ "W", 13 ], [ "W", 13 ], [ "R", 13 ], [ "R", 13 ], [ "R", 11 ], [ "R", 10 ], [ "R", 18 ], [ "R", 19 ], [ "R", 40 ], [ "R", 2 ], [ "R", 3 ] ]
    } ]
  },
  "OrderController.getWaitForPrintList" : {
    "t" : [ {
      "id" : 0,
      "a" : [ [ "R", 13 ], [ "R", 13 ], [ "R", 13 ], [ "R", 13 ], [ "R", 13 ], [ "R", 13 ], [ "R", 13 ], [ "R", 13 ], [ "R", 13 ], [ "R", 16 ], [ "R", 13 ], [ "R", 14 ], [ "R", 13 ], [ "R", 14 ], [ "R", 13 ], [ "R", 14 ], [ "R", 14 ], [ "R", 4 ] ]
    } ]
  },
  "OrderController.unblockOrder" : {
    "t" : [ {
      "id" : 0,
      "a" : [ [ "R", 13 ], [ "R", 13 ], [ "W", 13 ], [ "W", 13 ], [ "R", 13 ], [ "W", 15 ], [ "W", 15 ], [ "W", 15 ], [ "W", 15 ], [ "W", 15 ], [ "W", 15 ], [ "R", 13 ], [ "W", 15 ], [ "W", 15 ], [ "R", 13 ], [ "R", 16 ], [ "R", 13 ], [ "R", 14 ], [ "R", 14 ], [ "R", 4 ], [ "R", 14 ], [ "R", 13 ], [ "R", 13 ], [ "R", 13 ] ]
    } ]
  },
  "InwarehouseScannerController.terminate" : {
    "t" : [ {
      "id" : 0,
      "a" : [ [ "R", 10 ], [ "R", 10 ], [ "W", 10 ], [ "W", 10 ], [ "W", 10 ] ]
    } ]
  },
  "CompanyController.gotoUpdateUserCompany" : {
    "t" : [ {
      "id" : 0,
      "a" : [ [ "R", 7 ] ]
    } ]
  },
  "ApiPurchasedAmountQueryController.queryRequiredAmount" : {
    "t" : [ {
      "id" : 0,
      "a" : [ [ "R", 19 ], [ "R", 19 ], [ "R", 4 ], [ "R", 4 ], [ "R", 35 ], [ "R", 35 ], [ "R", 19 ], [ "R", 39 ], [ "W", 39 ], [ "W", 39 ], [ "W", 39 ], [ "R", 39 ], [ "R", 39 ], [ "R", 39 ], [ "R", 39 ], [ "R", 19 ], [ "R", 19 ], [ "R", 19 ], [ "R", 19 ] ]
    } ]
  },
  "RegistAndUpdateController.deleteRole" : {
    "t" : [ {
      "id" : 0,
      "a" : [ [ "R", 20 ], [ "R", 20 ], [ "R", 20 ], [ "R", 43 ], [ "W", 43 ], [ "W", 43 ], [ "W", 20 ], [ "W", 20 ], [ "W", 43 ], [ "W", 20 ] ]
    } ]
  },
  "ApiDepartmentInfoQueryController.queryDepartmentInfo" : {
    "t" : [ {
      "id" : 0,
      "a" : [ [ "R", 8 ], [ "R", 8 ], [ "R", 8 ], [ "R", 8 ] ]
    } ]
  },
  "BookRequireImportTaskViewController.executeQuery" : {
    "t" : [ {
      "id" : 0,
      "a" : [ [ "R", 13 ], [ "R", 13 ], [ "W", 13 ], [ "W", 13 ], [ "R", 13 ], [ "R", 13 ], [ "R", 13 ], [ "R", 13 ], [ "R", 4 ], [ "R", 4 ], [ "W", 13 ], [ "W", 13 ], [ "R", 13 ], [ "R", 13 ], [ "R", 13 ], [ "R", 13 ], [ "R", 13 ], [ "R", 13 ], [ "W", 13 ], [ "W", 13 ], [ "R", 13 ], [ "R", 13 ], [ "W", 13 ], [ "W", 13 ], [ "R", 13 ], [ "R", 13 ], [ "R", 11 ], [ "R", 10 ], [ "R", 18 ], [ "R", 19 ], [ "R", 40 ], [ "R", 2 ], [ "R", 3 ] ]
    } ]
  },
  "StorageController.updateStorageRepoInfo" : {
    "t" : [ {
      "id" : 0,
      "a" : [ [ "R", 37 ], [ "W", 37 ], [ "W", 37 ], [ "W", 37 ], [ "W", 37 ] ]
    } ]
  },
  "OrderController.createOrder" : {
    "t" : [ {
      "id" : 0,
      "a" : [ [ "R", 22 ], [ "R", 22 ], [ "R", 22 ], [ "R", 22 ], [ "R", 16 ], [ "R", 13 ], [ "W", 13 ], [ "W", 13 ], [ "W", 13 ], [ "R", 22 ], [ "W", 13 ], [ "R", 22 ], [ "W", 13 ], [ "W", 13 ], [ "W", 13 ], [ "R", 22 ], [ "W", 13 ], [ "W", 13 ], [ "W", 13 ], [ "W", 13 ], [ "W", 13 ], [ "W", 13 ], [ "W", 13 ], [ "W", 13 ], [ "W", 14 ], [ "W", 13 ], [ "W", 14 ], [ "W", 14 ], [ "W", 14 ], [ "W", 14 ], [ "R", 22 ], [ "W", 16 ], [ "R", 22 ], [ "W", 16 ], [ "W", 16 ], [ "W", 16 ], [ "W", 16 ], [ "W", 16 ], [ "W", 16 ], [ "R", 13 ], [ "W", 15 ], [ "W", 15 ], [ "W", 15 ], [ "W", 15 ], [ "W", 15 ], [ "W", 15 ], [ "R", 13 ], [ "W", 15 ], [ "W", 15 ], [ "R", 13 ], [ "R", 13 ], [ "R", 13 ], [ "R", 13 ], [ "R", 13 ], [ "R", 13 ], [ "R", 13 ], [ "R", 13 ], [ "R", 13 ], [ "W", 13 ], [ "W", 13 ], [ "W", 13 ], [ "W", 13 ], [ "R", 13 ], [ "R", 13 ], [ "R", 13 ], [ "R", 13 ], [ "R", 13 ], [ "R", 14 ], [ "R", 14 ], [ "R", 14 ], [ "W", 32 ], [ "W", 32 ], [ "W", 32 ], [ "W", 32 ], [ "W", 32 ], [ "W", 32 ], [ "W", 32 ], [ "W", 32 ], [ "W", 32 ], [ "W", 32 ], [ "W", 32 ], [ "R", 32 ], [ "R", 32 ], [ "R", 35 ], [ "R", 35 ], [ "R", 35 ], [ "R", 35 ], [ "R", 32 ], [ "R", 35 ], [ "W", 35 ], [ "R", 35 ], [ "W", 35 ], [ "W", 35 ], [ "W", 35 ], [ "W", 36 ], [ "W", 36 ], [ "W", 36 ], [ "R", 35 ], [ "W", 36 ], [ "W", 36 ], [ "W", 36 ], [ "W", 36 ], [ "W", 36 ], [ "R", 35 ], [ "R", 13 ], [ "W", 15 ], [ "W", 15 ], [ "W", 15 ], [ "W", 15 ], [ "W", 15 ], [ "W", 15 ], [ "R", 13 ], [ "W", 15 ], [ "W", 15 ] ]
    } ]
  },
  "BookEditionFixController.batchFixEditionByBookName" : {
    "t" : [ {
      "id" : 0,
      "a" : [ [ "R", 13 ], [ "R", 13 ], [ "R", 4 ], [ "R", 4 ], [ "R", 4 ], [ "W", 4 ], [ "W", 4 ], [ "W", 4 ], [ "W", 4 ], [ "R", 4 ], [ "W", 6 ], [ "W", 6 ], [ "W", 6 ], [ "R", 4 ], [ "R", 13 ], [ "R", 13 ], [ "R", 4 ], [ "R", 4 ], [ "R", 4 ], [ "W", 4 ], [ "W", 4 ], [ "W", 4 ], [ "W", 4 ], [ "R", 4 ], [ "W", 6 ], [ "W", 6 ], [ "W", 6 ], [ "R", 4 ] ]
    } ]
  },
  "InwarehouseScannerController.recoverScan" : {
    "t" : [ {
      "id" : 0,
      "a" : [ [ "R", 10 ], [ "R", 10 ], [ "R", 10 ], [ "R", 10 ], [ "R", 12 ], [ "R", 12 ], [ "R", 12 ], [ "R", 10 ], [ "R", 10 ], [ "R", 10 ], [ "R", 10 ], [ "R", 10 ] ]
    } ]
  },
  "ShopItemMappingController.addItemAll2Shop" : {
    "t" : [ {
      "id" : 0,
      "a" : [ [ "R", 22 ], [ "R", 22 ], [ "R", 22 ], [ "R", 24 ], [ "R", 24 ], [ "R", 24 ], [ "R", 24 ], [ "R", 22 ], [ "R", 24 ], [ "R", 22 ], [ "R", 24 ], [ "R", 4 ], [ "R", 4 ], [ "R", 6 ], [ "W", 24 ], [ "W", 24 ], [ "W", 24 ], [ "W", 24 ], [ "R", 24 ], [ "R", 35 ], [ "R", 35 ], [ "R", 35 ], [ "W", 24 ], [ "W", 24 ], [ "W", 24 ], [ "R", 22 ] ]
    } ]
  },
  "StorageController.savePosition" : {
    "t" : [ {
      "id" : 0,
      "a" : [ [ "R", 34 ], [ "W", 34 ], [ "W", 34 ], [ "W", 34 ], [ "W", 34 ], [ "W", 34 ], [ "W", 34 ] ]
    } ]
  },
  "StorageInwarehouseCreateController.createBatch" : {
    "t" : [ {
      "id" : 0,
      "a" : [ [ "R", 34 ], [ "W", 30 ], [ "W", 30 ], [ "W", 30 ], [ "W", 30 ], [ "W", 30 ], [ "W", 30 ], [ "W", 30 ], [ "W", 30 ], [ "W", 30 ], [ "R", 30 ], [ "R", 30 ], [ "W", 12 ], [ "W", 12 ], [ "W", 12 ], [ "W", 12 ], [ "W", 12 ], [ "W", 12 ], [ "W", 12 ], [ "W", 12 ], [ "R", 12 ], [ "R", 30 ] ]
    } ]
  },
  "OrderController.fillExpressNumberUpload" : {
    "t" : [ {
      "id" : 0,
      "a" : [ [ "R", 13 ], [ "R", 13 ], [ "R", 13 ], [ "R", 13 ], [ "R", 13 ], [ "R", 13 ], [ "R", 13 ], [ "R", 13 ], [ "R", 13 ], [ "R", 13 ], [ "R", 13 ], [ "W", 13 ], [ "W", 13 ], [ "W", 13 ], [ "W", 13 ], [ "R", 13 ], [ "W", 15 ], [ "W", 15 ], [ "W", 15 ], [ "W", 15 ], [ "W", 15 ], [ "W", 15 ], [ "R", 13 ], [ "W", 15 ], [ "W", 15 ], [ "R", 13 ], [ "R", 13 ], [ "R", 16 ], [ "R", 16 ], [ "R", 16 ], [ "R", 16 ], [ "R", 22 ], [ "R", 16 ] ]
    } ]
  },
  "ApiPurchasedAmountAddController.addRequirementAmount" : {
    "t" : [ {
      "id" : 0,
      "a" : [ [ "R", 35 ], [ "R", 35 ], [ "R", 19 ], [ "R", 19 ], [ "R", 39 ], [ "W", 39 ], [ "W", 39 ], [ "W", 39 ], [ "R", 39 ], [ "R", 39 ], [ "R", 39 ], [ "R", 39 ], [ "R", 19 ], [ "R", 19 ], [ "R", 19 ], [ "R", 19 ], [ "R", 19 ], [ "W", 19 ], [ "W", 19 ], [ "W", 19 ], [ "W", 18 ], [ "W", 18 ], [ "W", 18 ], [ "W", 18 ], [ "W", 18 ], [ "W", 18 ], [ "W", 18 ], [ "W", 18 ], [ "W", 18 ], [ "W", 18 ] ]
    } ]
  },
  "BookRequireImportDetailViewController.executeQuery" : {
    "t" : [ {
      "id" : 0,
      "a" : [ [ "R", 13 ], [ "R", 13 ], [ "W", 13 ], [ "W", 13 ], [ "R", 13 ], [ "R", 13 ], [ "R", 13 ], [ "R", 13 ], [ "R", 4 ], [ "R", 4 ], [ "W", 13 ], [ "W", 13 ], [ "R", 13 ], [ "R", 13 ], [ "R", 13 ], [ "R", 13 ], [ "R", 13 ], [ "R", 13 ], [ "W", 13 ], [ "W", 13 ], [ "R", 13 ], [ "R", 13 ], [ "W", 13 ], [ "W", 13 ], [ "R", 13 ], [ "R", 13 ], [ "R", 11 ], [ "R", 10 ], [ "R", 18 ], [ "R", 19 ], [ "R", 40 ], [ "R", 2 ], [ "R", 3 ] ]
    } ]
  },
  "BookEditionFixController.batchReplaceEditionByBookName" : {
    "t" : [ {
      "id" : 0,
      "a" : [ [ "R", 13 ], [ "R", 13 ], [ "R", 4 ], [ "R", 4 ], [ "R", 4 ], [ "R", 4 ], [ "W", 4 ], [ "W", 4 ], [ "W", 4 ], [ "W", 4 ], [ "R", 4 ], [ "W", 6 ], [ "W", 6 ], [ "W", 6 ], [ "R", 4 ] ]
    } ]
  },
  "OrderController.getPrintedList" : {
    "t" : [ {
      "id" : 0,
      "a" : [ [ "R", 13 ], [ "R", 13 ], [ "R", 13 ], [ "R", 13 ], [ "R", 13 ], [ "R", 13 ], [ "R", 13 ], [ "R", 13 ], [ "R", 13 ], [ "R", 16 ], [ "R", 13 ], [ "R", 14 ], [ "R", 13 ], [ "R", 14 ], [ "R", 13 ], [ "R", 14 ], [ "R", 14 ], [ "R", 4 ] ]
    } ]
  },
  "OrderController.gotoExcelAddrToOrderUpload" : {
    "t" : [ {
      "id" : 0,
      "a" : [ [ "R", 22 ] ]
    } ]
  },
  "HelpController.gotoRegistUser" : {
    "t" : [ {
      "id" : 0,
      "a" : [ [ "R", 20 ], [ "R", 20 ], [ "R", 20 ], [ "R", 20 ], [ "R", 20 ], [ "R", 20 ], [ "R", 7 ] ]
    } ]
  },
  "ShopItemMappingController.addItems2Shop" : {
    "t" : [ {
      "id" : 0,
      "a" : [ [ "R", 22 ], [ "R", 22 ], [ "R", 22 ], [ "R", 24 ], [ "W", 24 ], [ "W", 24 ], [ "R", 22 ], [ "R", 24 ], [ "R", 22 ], [ "R", 24 ], [ "R", 4 ], [ "R", 4 ], [ "R", 6 ], [ "R", 4 ], [ "R", 4 ], [ "R", 6 ], [ "R", 4 ], [ "R", 6 ], [ "R", 4 ], [ "R", 4 ], [ "W", 6 ], [ "W", 6 ], [ "W", 6 ], [ "W", 6 ], [ "W", 6 ], [ "W", 6 ], [ "W", 6 ], [ "R", 4 ], [ "W", 6 ], [ "W", 6 ], [ "R", 4 ], [ "W", 24 ], [ "W", 24 ], [ "W", 24 ], [ "W", 24 ], [ "R", 24 ], [ "R", 35 ], [ "R", 35 ], [ "R", 35 ], [ "W", 24 ], [ "W", 24 ], [ "W", 24 ], [ "R", 22 ] ]
    } ]
  },
  "TaobaoCsvDataExportActionTempRecordImpl.export" : {
    "t" : [ {
      "id" : 0,
      "a" : [ [ "R", 40 ], [ "R", 40 ], [ "R", 40 ], [ "R", 4 ], [ "R", 40 ], [ "W", 40 ], [ "R", 40 ], [ "R", 40 ], [ "R", 4 ], [ "R", 40 ], [ "R", 40 ], [ "R", 4 ], [ "R", 6 ], [ "R", 4 ], [ "R", 4 ], [ "R", 6 ], [ "R", 4 ], [ "R", 6 ], [ "R", 4 ], [ "R", 4 ], [ "W", 6 ], [ "W", 6 ], [ "W", 6 ], [ "W", 6 ], [ "W", 6 ], [ "W", 6 ], [ "W", 6 ], [ "R", 4 ], [ "W", 6 ], [ "W", 6 ], [ "R", 4 ], [ "R", 6 ], [ "R", 6 ], [ "R", 4 ], [ "R", 19 ], [ "R", 4 ], [ "R", 35 ], [ "R", 35 ], [ "R", 11 ], [ "R", 11 ], [ "R", 4 ], [ "R", 11 ], [ "R", 4 ], [ "R", 4 ], [ "R", 4 ], [ "R", 4 ], [ "R", 4 ], [ "R", 23 ], [ "R", 4 ], [ "R", 6 ], [ "R", 4 ], [ "R", 4 ], [ "R", 6 ], [ "R", 4 ], [ "R", 6 ], [ "R", 4 ], [ "R", 4 ], [ "W", 6 ], [ "W", 6 ], [ "W", 6 ], [ "W", 6 ], [ "W", 6 ], [ "W", 6 ], [ "W", 6 ], [ "R", 4 ], [ "W", 6 ], [ "W", 6 ], [ "R", 4 ], [ "R", 6 ], [ "R", 6 ], [ "R", 4 ], [ "R", 19 ], [ "R", 4 ], [ "R", 35 ], [ "R", 35 ], [ "R", 4 ], [ "R", 4 ], [ "R", 4 ], [ "R", 4 ], [ "R", 4 ], [ "R", 4 ], [ "R", 4 ], [ "R", 4 ], [ "R", 4 ], [ "R", 4 ], [ "R", 4 ], [ "R", 4 ], [ "R", 4 ], [ "R", 4 ], [ "R", 4 ], [ "R", 4 ], [ "R", 4 ], [ "R", 4 ], [ "R", 4 ], [ "R", 4 ], [ "R", 4 ], [ "R", 4 ], [ "R", 4 ], [ "R", 4 ], [ "R", 4 ], [ "R", 4 ], [ "R", 4 ], [ "R", 4 ], [ "R", 4 ], [ "R", 4 ] ]
    } ]
  },
  "OrderController.payOrder" : {
    "t" : [ {
      "id" : 0,
      "a" : [ [ "R", 13 ], [ "R", 13 ], [ "R", 13 ], [ "R", 13 ], [ "R", 13 ], [ "R", 13 ], [ "W", 13 ], [ "W", 13 ], [ "W", 13 ], [ "W", 13 ], [ "R", 13 ], [ "R", 13 ], [ "W", 15 ], [ "W", 15 ], [ "W", 15 ], [ "W", 15 ], [ "W", 15 ], [ "W", 15 ], [ "R", 13 ], [ "W", 15 ], [ "W", 15 ] ]
    } ]
  },
  "ShopItemMappingController.addOneItem2Shop" : {
    "t" : [ {
      "id" : 0,
      "a" : [ [ "R", 22 ], [ "R", 22 ], [ "R", 22 ], [ "R", 24 ], [ "W", 24 ], [ "W", 24 ], [ "R", 22 ], [ "R", 24 ], [ "R", 22 ], [ "R", 24 ], [ "R", 4 ], [ "R", 4 ], [ "R", 6 ], [ "R", 4 ], [ "R", 4 ], [ "R", 6 ], [ "R", 4 ], [ "R", 6 ], [ "R", 4 ], [ "R", 4 ], [ "W", 6 ], [ "W", 6 ], [ "W", 6 ], [ "W", 6 ], [ "W", 6 ], [ "W", 6 ], [ "W", 6 ], [ "R", 4 ], [ "W", 6 ], [ "W", 6 ], [ "R", 4 ], [ "W", 24 ], [ "W", 24 ], [ "W", 24 ], [ "W", 24 ], [ "R", 24 ], [ "R", 35 ], [ "R", 35 ], [ "R", 35 ], [ "W", 24 ], [ "W", 24 ], [ "W", 24 ], [ "R", 22 ], [ "R", 22 ], [ "R", 22 ], [ "R", 22 ] ]
    } ]
  },
  "BookController.adjustBooks" : {
    "t" : [ {
      "id" : 0,
      "a" : [ [ "R", 4 ], [ "R", 4 ], [ "R", 4 ], [ "R", 4 ], [ "R", 4 ], [ "R", 4 ], [ "R", 4 ], [ "W", 4 ], [ "W", 4 ], [ "W", 4 ], [ "R", 4 ], [ "R", 4 ], [ "W", 4 ], [ "W", 4 ], [ "W", 4 ], [ "R", 4 ], [ "R", 4 ], [ "R", 4 ], [ "R", 4 ], [ "R", 4 ], [ "R", 4 ], [ "R", 4 ], [ "R", 4 ], [ "R", 4 ], [ "R", 4 ], [ "R", 4 ], [ "R", 4 ], [ "R", 4 ], [ "R", 4 ], [ "R", 4 ], [ "R", 4 ], [ "R", 4 ], [ "R", 4 ], [ "R", 4 ], [ "R", 4 ], [ "R", 4 ], [ "R", 4 ], [ "W", 4 ], [ "W", 4 ], [ "W", 4 ], [ "W", 4 ], [ "W", 4 ], [ "R", 4 ], [ "R", 4 ], [ "R", 4 ], [ "R", 5 ], [ "R", 5 ], [ "R", 5 ], [ "R", 4 ], [ "W", 5 ], [ "R", 5 ], [ "W", 5 ], [ "W", 5 ], [ "R", 5 ], [ "R", 5 ], [ "R", 4 ], [ "W", 5 ], [ "R", 5 ], [ "W", 5 ], [ "R", 5 ], [ "R", 5 ], [ "W", 5 ], [ "W", 5 ], [ "W", 5 ], [ "W", 5 ], [ "W", 5 ], [ "R", 4 ], [ "W", 5 ], [ "W", 5 ], [ "W", 5 ], [ "R", 4 ], [ "R", 4 ], [ "R", 4 ], [ "R", 4 ], [ "R", 4 ], [ "R", 4 ], [ "R", 4 ], [ "W", 4 ], [ "W", 4 ], [ "W", 4 ], [ "R", 4 ], [ "R", 4 ], [ "W", 4 ], [ "W", 4 ], [ "W", 4 ], [ "R", 4 ], [ "R", 4 ], [ "R", 4 ], [ "R", 4 ], [ "R", 4 ], [ "R", 4 ], [ "R", 4 ], [ "R", 4 ], [ "R", 4 ], [ "R", 4 ], [ "R", 4 ], [ "R", 4 ], [ "R", 4 ], [ "R", 4 ], [ "R", 4 ], [ "R", 4 ], [ "R", 4 ], [ "R", 4 ], [ "R", 4 ], [ "R", 4 ], [ "R", 4 ], [ "R", 4 ], [ "W", 4 ], [ "W", 4 ], [ "W", 4 ], [ "W", 4 ], [ "W", 4 ], [ "R", 4 ], [ "R", 4 ], [ "R", 4 ], [ "R", 5 ], [ "R", 5 ], [ "R", 5 ], [ "R", 4 ], [ "W", 5 ], [ "R", 5 ], [ "W", 5 ], [ "W", 5 ], [ "R", 5 ], [ "R", 5 ], [ "R", 4 ], [ "W", 5 ], [ "R", 5 ], [ "W", 5 ], [ "R", 5 ], [ "R", 5 ], [ "W", 5 ], [ "W", 5 ], [ "W", 5 ], [ "W", 5 ], [ "W", 5 ], [ "R", 4 ], [ "W", 5 ], [ "W", 5 ], [ "W", 5 ] ]
    } ]
  },
  "BookAuthorFixController.fixBookAuthor" : {
    "t" : [ {
      "id" : 0,
      "a" : [ [ "R", 4 ], [ "R", 4 ], [ "W", 4 ], [ "W", 4 ], [ "W", 4 ], [ "R", 4 ], [ "W", 6 ], [ "W", 6 ], [ "W", 6 ], [ "R", 4 ] ]
    } ]
  },
  "BookController.showSameBooks" : {
    "t" : [ {
      "id" : 0,
      "a" : [ [ "R", 4 ], [ "R", 4 ] ]
    } ]
  },
  "OrderController.printExpress" : {
    "t" : [ {
      "id" : 0,
      "a" : [ [ "R", 13 ], [ "R", 13 ], [ "R", 13 ], [ "R", 13 ], [ "R", 13 ], [ "R", 13 ], [ "R", 13 ], [ "R", 13 ], [ "R", 13 ], [ "R", 13 ], [ "R", 13 ], [ "R", 13 ], [ "R", 13 ], [ "W", 13 ], [ "W", 13 ], [ "R", 13 ], [ "W", 15 ], [ "W", 15 ], [ "W", 15 ], [ "W", 15 ], [ "W", 15 ], [ "W", 15 ], [ "R", 13 ], [ "W", 15 ], [ "W", 15 ], [ "R", 13 ], [ "R", 16 ], [ "R", 13 ], [ "R", 14 ], [ "R", 14 ], [ "R", 4 ], [ "R", 14 ], [ "R", 13 ], [ "R", 13 ], [ "R", 13 ] ]
    } ]
  },
  "StorageController.queryStorageOrder" : {
    "t" : [ {
      "id" : 0,
      "a" : [ [ "R", 13 ], [ "R", 13 ], [ "R", 32 ], [ "R", 32 ], [ "R", 32 ], [ "R", 32 ], [ "R", 32 ], [ "R", 32 ], [ "R", 4 ], [ "R", 4 ], [ "R", 4 ], [ "R", 4 ] ]
    } ]
  },
  "StorageController.queryStorageIoDetails" : {
    "t" : [ {
      "id" : 0,
      "a" : [ [ "R", 31 ], [ "R", 31 ], [ "R", 31 ], [ "R", 31 ], [ "R", 31 ], [ "R", 4 ], [ "R", 31 ], [ "R", 43 ], [ "R", 43 ], [ "R", 31 ], [ "R", 31 ], [ "R", 31 ] ]
    } ]
  },
  "InwarehouseCreateController.createBatch" : {
    "t" : [ {
      "id" : 0,
      "a" : [ [ "W", 10 ], [ "W", 10 ], [ "W", 10 ], [ "W", 10 ], [ "W", 10 ], [ "W", 10 ], [ "W", 10 ], [ "W", 10 ], [ "W", 10 ], [ "R", 10 ], [ "W", 12 ], [ "W", 12 ], [ "W", 12 ], [ "W", 12 ], [ "W", 12 ], [ "W", 12 ], [ "W", 12 ], [ "W", 12 ], [ "R", 12 ], [ "R", 10 ] ]
    } ]
  },
  "StorageController.queryStoragePosStock" : {
    "t" : [ {
      "id" : 0,
      "a" : [ [ "R", 33 ], [ "R", 34 ], [ "R", 35 ], [ "R", 33 ], [ "R", 34 ], [ "R", 34 ], [ "R", 35 ], [ "R", 35 ], [ "R", 35 ], [ "R", 33 ], [ "R", 33 ], [ "R", 33 ], [ "R", 34 ], [ "R", 33 ], [ "R", 35 ], [ "R", 33 ], [ "R", 33 ], [ "R", 33 ], [ "R", 4 ] ]
    } ]
  },
  "OrderController.gotoExcelCreateOrderUpload" : {
    "t" : [ {
      "id" : 0,
      "a" : [ [ "R", 22 ] ]
    } ]
  },
  "StorageInwarehouseCreateController.confirmInStorage" : {
    "t" : [ {
      "id" : 0,
      "a" : [ [ "R", 30 ], [ "R", 30 ], [ "R", 30 ], [ "R", 30 ], [ "R", 30 ], [ "R", 31 ], [ "R", 31 ], [ "R", 35 ], [ "R", 31 ], [ "R", 35 ], [ "R", 31 ], [ "W", 35 ], [ "R", 35 ], [ "R", 31 ], [ "W", 35 ], [ "W", 35 ], [ "R", 31 ], [ "R", 35 ], [ "R", 33 ], [ "R", 31 ], [ "R", 35 ], [ "W", 33 ], [ "W", 33 ], [ "W", 33 ], [ "W", 33 ], [ "W", 33 ], [ "W", 33 ], [ "R", 33 ], [ "R", 31 ], [ "W", 33 ], [ "W", 33 ], [ "R", 33 ], [ "W", 31 ], [ "W", 31 ], [ "W", 31 ], [ "R", 31 ], [ "W", 31 ], [ "W", 30 ], [ "W", 30 ], [ "W", 30 ] ]
    } ]
  },
  "StorageController.cancelOrder" : {
    "t" : [ {
      "id" : 0,
      "a" : [ [ "R", 32 ], [ "R", 32 ], [ "W", 32 ], [ "W", 32 ], [ "W", 32 ], [ "R", 36 ], [ "W", 36 ], [ "W", 36 ], [ "W", 36 ], [ "R", 36 ], [ "R", 35 ], [ "R", 35 ], [ "R", 36 ], [ "W", 35 ], [ "R", 35 ], [ "R", 36 ], [ "W", 35 ], [ "W", 35 ], [ "W", 35 ], [ "R", 35 ], [ "R", 31 ], [ "W", 31 ], [ "W", 31 ], [ "W", 31 ], [ "R", 31 ], [ "R", 31 ], [ "R", 33 ], [ "R", 31 ], [ "R", 31 ], [ "R", 33 ], [ "R", 31 ], [ "W", 33 ], [ "W", 33 ], [ "W", 33 ], [ "R", 31 ], [ "R", 31 ], [ "R", 31 ] ]
    } ]
  },
  "AddYouLuDataController.addYouLuData" : {
    "t" : [ {
      "id" : 0,
      "a" : [ [ "R", 4 ], [ "W", 4 ], [ "W", 4 ], [ "W", 4 ], [ "W", 4 ], [ "W", 4 ], [ "W", 4 ], [ "W", 4 ], [ "W", 4 ], [ "W", 4 ], [ "W", 6 ], [ "W", 6 ], [ "W", 6 ], [ "W", 6 ], [ "W", 6 ], [ "W", 6 ], [ "W", 6 ], [ "R", 4 ], [ "R", 4 ], [ "R", 4 ], [ "R", 4 ], [ "R", 4 ], [ "R", 4 ], [ "R", 4 ], [ "R", 4 ], [ "R", 4 ], [ "R", 4 ], [ "R", 4 ], [ "R", 4 ], [ "R", 4 ], [ "R", 4 ], [ "R", 4 ], [ "R", 4 ], [ "R", 4 ], [ "R", 4 ], [ "R", 13 ], [ "R", 13 ], [ "R", 4 ], [ "W", 4 ], [ "W", 4 ], [ "W", 4 ], [ "W", 4 ], [ "W", 4 ], [ "W", 4 ], [ "R", 4 ], [ "W", 6 ], [ "W", 6 ], [ "R", 4 ], [ "R", 4 ], [ "R", 4 ], [ "R", 4 ], [ "W", 4 ], [ "W", 4 ], [ "W", 4 ], [ "R", 4 ], [ "R", 4 ], [ "W", 4 ], [ "W", 4 ], [ "W", 4 ], [ "R", 4 ], [ "R", 4 ], [ "R", 4 ], [ "R", 4 ], [ "R", 4 ], [ "R", 4 ], [ "R", 4 ], [ "R", 4 ], [ "R", 4 ], [ "R", 4 ], [ "R", 4 ], [ "R", 4 ], [ "R", 4 ], [ "R", 4 ], [ "R", 4 ], [ "R", 4 ], [ "R", 4 ], [ "R", 4 ], [ "R", 4 ], [ "R", 4 ], [ "R", 4 ], [ "R", 4 ], [ "W", 4 ], [ "W", 4 ], [ "W", 4 ], [ "W", 4 ], [ "W", 4 ], [ "R", 4 ], [ "R", 4 ], [ "R", 44 ], [ "W", 44 ], [ "R", 4 ], [ "R", 4 ], [ "W", 44 ], [ "W", 44 ], [ "W", 44 ], [ "W", 44 ], [ "W", 44 ], [ "W", 44 ] ]
    } ]
  },
  "SoldOutItemExportByInwarehouseController.export" : {
    "t" : [ {
      "id" : 0,
      "a" : [ [ "R", 40 ], [ "R", 40 ], [ "R", 40 ], [ "R", 4 ], [ "R", 40 ], [ "W", 40 ], [ "R", 40 ], [ "R", 40 ], [ "R", 4 ], [ "R", 40 ], [ "R", 40 ], [ "R", 11 ], [ "R", 11 ], [ "R", 11 ], [ "R", 40 ], [ "R", 40 ], [ "R", 40 ], [ "R", 4 ], [ "R", 40 ], [ "W", 40 ], [ "R", 40 ], [ "R", 40 ], [ "R", 4 ], [ "R", 40 ], [ "R", 40 ], [ "R", 31 ], [ "R", 31 ], [ "R", 31 ] ]
    } ]
  },
  "AddBookAmountController.addBookAmount" : {
    "t" : [ {
      "id" : 0,
      "a" : [ [ "R", 8 ], [ "R", 8 ], [ "R", 8 ], [ "R", 4 ], [ "R", 8 ], [ "W", 1 ], [ "R", 8 ], [ "W", 1 ], [ "R", 8 ], [ "W", 1 ], [ "R", 8 ], [ "W", 1 ], [ "R", 8 ], [ "W", 1 ], [ "R", 4 ], [ "W", 1 ], [ "W", 1 ], [ "W", 1 ], [ "R", 1 ], [ "R", 1 ], [ "R", 1 ], [ "R", 1 ], [ "R", 1 ], [ "R", 1 ], [ "R", 4 ], [ "R", 1 ], [ "R", 4 ], [ "R", 1 ], [ "W", 1 ] ]
    } ]
  },
  "SysVarController.queryAllSysVar" : {
    "t" : [ {
      "id" : 0,
      "a" : [ [ "R", 39 ], [ "W", 39 ], [ "W", 39 ], [ "W", 39 ], [ "R", 39 ], [ "W", 39 ], [ "W", 39 ] ]
    } ]
  },
  "ShopItemMappingController.taobaoDownloadItems2Mapping" : {
    "t" : [ {
      "id" : 0,
      "a" : [ [ "R", 22 ], [ "R", 22 ], [ "R", 22 ], [ "R", 22 ], [ "W", 9 ], [ "W", 9 ], [ "W", 9 ], [ "W", 9 ], [ "W", 9 ], [ "W", 9 ], [ "R", 22 ], [ "W", 9 ], [ "W", 9 ], [ "W", 9 ], [ "W", 9 ], [ "W", 9 ], [ "W", 9 ], [ "R", 22 ], [ "W", 9 ], [ "W", 9 ], [ "W", 9 ], [ "W", 9 ], [ "W", 9 ], [ "W", 9 ], [ "W", 24 ], [ "W", 24 ], [ "W", 24 ], [ "R", 22 ], [ "W", 24 ], [ "W", 24 ], [ "W", 24 ], [ "R", 22 ], [ "W", 9 ], [ "W", 9 ], [ "W", 9 ], [ "W", 9 ], [ "W", 9 ], [ "W", 9 ], [ "R", 22 ], [ "R", 22 ], [ "W", 9 ], [ "W", 9 ], [ "W", 9 ], [ "W", 9 ], [ "W", 9 ], [ "W", 9 ], [ "R", 22 ], [ "R", 22 ], [ "W", 9 ], [ "W", 9 ], [ "W", 9 ], [ "W", 9 ], [ "W", 9 ], [ "W", 9 ], [ "R", 22 ], [ "W", 9 ], [ "W", 9 ], [ "W", 9 ], [ "W", 9 ], [ "W", 9 ], [ "W", 9 ], [ "R", 22 ], [ "W", 9 ], [ "W", 9 ], [ "W", 9 ], [ "W", 9 ], [ "W", 9 ], [ "W", 9 ], [ "R", 24 ], [ "R", 4 ], [ "R", 4 ], [ "R", 4 ], [ "W", 24 ], [ "R", 24 ], [ "R", 24 ], [ "R", 24 ], [ "W", 24 ], [ "W", 24 ], [ "W", 24 ], [ "R", 24 ], [ "W", 24 ], [ "W", 24 ], [ "R", 24 ], [ "R", 24 ], [ "R", 24 ], [ "W", 24 ], [ "W", 24 ], [ "R", 24 ], [ "R", 24 ], [ "R", 22 ], [ "R", 22 ], [ "R", 22 ], [ "W", 9 ], [ "W", 9 ], [ "W", 9 ], [ "W", 9 ], [ "W", 9 ], [ "W", 9 ], [ "R", 22 ], [ "R", 22 ], [ "W", 9 ], [ "W", 9 ], [ "W", 9 ], [ "W", 9 ], [ "W", 9 ], [ "W", 9 ], [ "R", 22 ], [ "W", 9 ], [ "W", 9 ], [ "W", 9 ], [ "W", 9 ], [ "W", 9 ], [ "W", 9 ] ]
    } ]
  },
  "BookController.findBookById" : {
    "t" : [ {
      "id" : 0,
      "a" : [ [ "R", 4 ], [ "R", 6 ], [ "R", 4 ], [ "R", 4 ], [ "R", 4 ] ]
    } ]
  },
  "StorageController.finishTakeGoods" : {
    "t" : [ {
      "id" : 0,
      "a" : [ [ "R", 30 ], [ "R", 30 ], [ "R", 30 ], [ "R", 31 ], [ "W", 30 ], [ "W", 30 ], [ "W", 30 ], [ "R", 32 ], [ "R", 32 ], [ "R", 32 ], [ "R", 32 ], [ "R", 31 ], [ "R", 32 ], [ "R", 31 ], [ "R", 32 ], [ "R", 32 ], [ "R", 31 ], [ "R", 31 ] ]
    } ]
  },
  "InterfaceBooksToMoblieinfoController.addBookInfo" : {
    "t" : [ {
      "id" : 0,
      "a" : [ [ "W", 4 ], [ "W", 4 ], [ "W", 4 ], [ "W", 4 ], [ "W", 4 ], [ "W", 4 ], [ "W", 4 ], [ "W", 4 ], [ "R", 4 ], [ "R", 4 ], [ "R", 4 ], [ "R", 4 ], [ "R", 4 ], [ "R", 4 ], [ "R", 4 ], [ "R", 4 ], [ "R", 4 ], [ "R", 4 ], [ "R", 4 ], [ "R", 4 ], [ "R", 4 ], [ "R", 4 ], [ "R", 4 ], [ "R", 4 ], [ "R", 4 ], [ "R", 4 ], [ "R", 13 ], [ "R", 13 ], [ "R", 4 ], [ "W", 4 ], [ "W", 4 ], [ "W", 4 ], [ "W", 4 ], [ "W", 4 ], [ "W", 4 ], [ "R", 4 ], [ "W", 6 ], [ "W", 6 ], [ "R", 4 ], [ "R", 4 ], [ "R", 4 ], [ "R", 4 ], [ "W", 4 ], [ "W", 4 ], [ "W", 4 ], [ "R", 4 ], [ "R", 4 ], [ "W", 4 ], [ "W", 4 ], [ "W", 4 ], [ "R", 4 ], [ "R", 4 ], [ "R", 4 ], [ "R", 4 ], [ "R", 4 ], [ "R", 4 ], [ "R", 4 ], [ "R", 4 ], [ "R", 4 ], [ "R", 4 ], [ "R", 4 ], [ "R", 4 ], [ "R", 4 ], [ "R", 4 ], [ "R", 4 ], [ "R", 4 ], [ "R", 4 ], [ "R", 4 ], [ "R", 4 ], [ "R", 4 ], [ "R", 4 ], [ "R", 4 ], [ "W", 4 ], [ "W", 4 ], [ "W", 4 ], [ "W", 4 ], [ "W", 4 ], [ "R", 4 ], [ "R", 4 ] ]
    } ]
  },
  "CompanyController.gotoUpdateCompany" : {
    "t" : [ {
      "id" : 0,
      "a" : [ [ "R", 7 ], [ "R", 7 ], [ "R", 7 ], [ "R", 7 ], [ "R", 7 ], [ "R", 7 ] ]
    } ]
  },
  "StorageInwarehouseCreateController.cancelInStorage" : {
    "t" : [ {
      "id" : 0,
      "a" : [ [ "R", 30 ], [ "R", 30 ], [ "R", 30 ], [ "R", 30 ], [ "R", 30 ], [ "R", 30 ], [ "W", 30 ], [ "W", 30 ], [ "R", 31 ] ]
    } ]
  },
  "PurchasePlanViewController.executeQuery" : {
    "t" : [ {
      "id" : 0,
      "a" : [ [ "R", 13 ], [ "R", 13 ], [ "W", 13 ], [ "W", 13 ], [ "R", 13 ], [ "R", 13 ], [ "R", 13 ], [ "R", 13 ], [ "R", 4 ], [ "R", 4 ], [ "W", 13 ], [ "W", 13 ], [ "R", 13 ], [ "R", 13 ], [ "R", 13 ], [ "R", 13 ], [ "R", 13 ], [ "R", 13 ], [ "W", 13 ], [ "W", 13 ], [ "R", 13 ], [ "R", 13 ], [ "W", 13 ], [ "W", 13 ], [ "R", 13 ], [ "R", 13 ], [ "R", 11 ], [ "R", 10 ], [ "R", 18 ], [ "R", 19 ], [ "R", 40 ], [ "R", 2 ], [ "R", 3 ] ]
    } ]
  },
  "StorageIoBatchOutBatchController.export" : {
    "t" : [ {
      "id" : 0,
      "a" : [ [ "R", 40 ], [ "R", 40 ], [ "R", 40 ], [ "R", 4 ], [ "R", 40 ], [ "W", 40 ], [ "R", 40 ], [ "R", 40 ], [ "R", 4 ], [ "R", 40 ], [ "R", 40 ], [ "R", 11 ], [ "R", 11 ], [ "R", 11 ], [ "R", 40 ], [ "R", 40 ], [ "R", 40 ], [ "R", 4 ], [ "R", 40 ], [ "W", 40 ], [ "R", 40 ], [ "R", 40 ], [ "R", 4 ], [ "R", 40 ], [ "R", 40 ], [ "R", 31 ], [ "R", 31 ], [ "R", 31 ] ]
    } ]
  },
  "StorageController.nextTakeGoods" : {
    "t" : [ {
      "id" : 0,
      "a" : [ [ "R", 31 ], [ "R", 31 ], [ "R", 31 ], [ "R", 31 ], [ "R", 31 ], [ "R", 31 ], [ "R", 35 ], [ "R", 35 ], [ "W", 35 ], [ "R", 35 ], [ "W", 35 ], [ "R", 31 ], [ "R", 31 ], [ "R", 35 ], [ "W", 35 ], [ "R", 36 ], [ "R", 36 ], [ "W", 36 ], [ "R", 36 ], [ "W", 36 ], [ "W", 36 ], [ "W", 36 ], [ "R", 31 ], [ "W", 35 ], [ "W", 35 ], [ "R", 31 ], [ "R", 33 ], [ "R", 31 ], [ "R", 33 ], [ "W", 33 ], [ "R", 33 ], [ "W", 33 ], [ "W", 33 ], [ "W", 33 ], [ "R", 33 ], [ "R", 33 ], [ "W", 31 ], [ "W", 31 ], [ "W", 31 ], [ "R", 31 ], [ "W", 31 ], [ "R", 31 ], [ "R", 31 ], [ "R", 31 ], [ "R", 31 ], [ "W", 31 ], [ "W", 31 ], [ "W", 31 ], [ "R", 31 ], [ "R", 31 ], [ "R", 4 ], [ "R", 4 ], [ "R", 4 ] ]
    } ]
  },
  "OrderController.cancelRefund" : {
    "t" : [ {
      "id" : 0,
      "a" : [ [ "R", 13 ], [ "R", 13 ], [ "R", 13 ], [ "R", 13 ], [ "R", 13 ], [ "R", 13 ], [ "W", 13 ], [ "W", 13 ], [ "R", 13 ], [ "W", 15 ], [ "W", 15 ], [ "W", 15 ], [ "W", 15 ], [ "W", 15 ], [ "W", 15 ], [ "R", 13 ], [ "W", 15 ], [ "W", 15 ] ]
    } ]
  },
  "StorageController.findPosition" : {
    "t" : [ {
      "id" : 0,
      "a" : [ [ "R", 13 ], [ "R", 13 ], [ "R", 34 ], [ "R", 34 ], [ "R", 33 ], [ "R", 33 ], [ "R", 33 ] ]
    } ]
  },
  "OrderController.getAllStorageOrderList" : {
    "t" : [ {
      "id" : 0,
      "a" : [ [ "R", 13 ], [ "R", 13 ], [ "R", 13 ], [ "R", 13 ], [ "R", 13 ], [ "R", 16 ], [ "R", 13 ], [ "R", 14 ], [ "R", 13 ], [ "R", 14 ], [ "R", 13 ], [ "R", 14 ], [ "R", 14 ], [ "R", 4 ], [ "R", 16 ], [ "R", 13 ], [ "R", 13 ], [ "R", 13 ], [ "R", 13 ], [ "R", 13 ], [ "R", 16 ], [ "R", 13 ], [ "R", 14 ], [ "R", 13 ], [ "R", 14 ], [ "R", 13 ], [ "R", 14 ], [ "R", 14 ], [ "R", 4 ], [ "R", 13 ], [ "R", 13 ], [ "R", 13 ], [ "R", 13 ], [ "R", 13 ], [ "R", 13 ], [ "R", 13 ], [ "R", 16 ], [ "R", 13 ], [ "R", 14 ], [ "R", 13 ], [ "R", 14 ], [ "R", 13 ], [ "R", 14 ], [ "R", 14 ], [ "R", 4 ] ]
    } ]
  },
  "InterfaceBookinfoController.queryBookInfo" : {
    "t" : [ {
      "id" : 0,
      "a" : [ [ "R", 4 ], [ "R", 4 ], [ "W", 4 ], [ "W", 4 ], [ "W", 4 ], [ "W", 4 ], [ "W", 4 ], [ "W", 4 ], [ "W", 4 ], [ "W", 4 ], [ "W", 4 ], [ "W", 6 ], [ "W", 6 ], [ "W", 6 ], [ "W", 6 ], [ "W", 6 ], [ "W", 6 ], [ "W", 6 ], [ "R", 4 ], [ "R", 4 ], [ "R", 4 ], [ "R", 4 ], [ "R", 4 ], [ "R", 4 ], [ "R", 4 ], [ "R", 4 ], [ "R", 4 ], [ "R", 4 ], [ "R", 4 ], [ "R", 4 ], [ "R", 4 ], [ "R", 4 ], [ "R", 4 ], [ "R", 4 ], [ "R", 4 ], [ "R", 4 ], [ "R", 13 ], [ "R", 13 ], [ "R", 4 ], [ "W", 4 ], [ "W", 4 ], [ "W", 4 ], [ "W", 4 ], [ "W", 4 ], [ "W", 4 ], [ "R", 4 ], [ "W", 6 ], [ "W", 6 ], [ "R", 4 ], [ "R", 4 ], [ "R", 4 ], [ "R", 4 ], [ "W", 4 ], [ "W", 4 ], [ "W", 4 ], [ "R", 4 ], [ "R", 4 ], [ "W", 4 ], [ "W", 4 ], [ "W", 4 ], [ "R", 4 ], [ "R", 4 ], [ "R", 4 ], [ "R", 4 ], [ "R", 4 ], [ "R", 4 ], [ "R", 4 ], [ "R", 4 ], [ "R", 4 ], [ "R", 4 ], [ "R", 4 ], [ "R", 4 ], [ "R", 4 ], [ "R", 4 ], [ "R", 4 ], [ "R", 4 ], [ "R", 4 ], [ "R", 4 ], [ "R", 4 ], [ "R", 4 ], [ "R", 4 ], [ "R", 4 ], [ "W", 4 ], [ "W", 4 ], [ "W", 4 ], [ "W", 4 ], [ "W", 4 ], [ "R", 4 ], [ "R", 4 ], [ "R", 4 ] ]
    } ]
  },
  "OrderController.getUnpaidList" : {
    "t" : [ {
      "id" : 0,
      "a" : [ [ "R", 13 ], [ "R", 13 ], [ "R", 13 ], [ "R", 13 ], [ "R", 13 ], [ "R", 13 ], [ "R", 13 ], [ "R", 13 ], [ "R", 13 ], [ "R", 16 ], [ "R", 13 ], [ "R", 14 ], [ "R", 13 ], [ "R", 14 ], [ "R", 13 ], [ "R", 14 ], [ "R", 14 ], [ "R", 4 ] ]
    } ]
  },
  "DoPurchaseController.batchAddIntoBlackList" : {
    "t" : [ {
      "id" : 0,
      "a" : [ [ "R", 13 ], [ "R", 13 ], [ "R", 4 ], [ "R", 4 ], [ "R", 19 ], [ "R", 19 ], [ "W", 19 ], [ "W", 19 ], [ "W", 19 ], [ "W", 19 ], [ "W", 19 ] ]
    } ]
  },
  "StorageController.lackAll" : {
    "t" : [ {
      "id" : 0,
      "a" : [ [ "R", 31 ], [ "R", 31 ], [ "R", 31 ], [ "R", 31 ], [ "R", 31 ], [ "R", 31 ], [ "R", 35 ], [ "R", 35 ], [ "W", 35 ], [ "R", 35 ], [ "W", 35 ], [ "R", 31 ], [ "R", 31 ], [ "R", 35 ], [ "W", 35 ], [ "R", 36 ], [ "R", 36 ], [ "W", 36 ], [ "R", 36 ], [ "W", 36 ], [ "W", 36 ], [ "W", 36 ], [ "R", 31 ], [ "W", 35 ], [ "W", 35 ], [ "R", 31 ], [ "R", 33 ], [ "R", 31 ], [ "R", 33 ], [ "W", 33 ], [ "R", 33 ], [ "W", 33 ], [ "W", 33 ], [ "W", 33 ], [ "R", 33 ], [ "R", 33 ], [ "W", 31 ], [ "W", 31 ], [ "W", 31 ], [ "R", 31 ], [ "W", 31 ], [ "R", 31 ], [ "R", 30 ], [ "R", 31 ], [ "R", 31 ], [ "R", 33 ], [ "R", 34 ], [ "R", 35 ], [ "R", 33 ], [ "R", 34 ], [ "R", 34 ], [ "R", 35 ], [ "R", 35 ], [ "R", 35 ], [ "R", 33 ], [ "R", 33 ], [ "R", 33 ], [ "R", 34 ], [ "R", 33 ], [ "R", 35 ], [ "R", 33 ], [ "R", 33 ], [ "R", 33 ], [ "R", 33 ], [ "R", 33 ], [ "R", 31 ], [ "R", 31 ], [ "R", 31 ], [ "R", 33 ], [ "R", 34 ], [ "R", 35 ], [ "R", 33 ], [ "R", 34 ], [ "R", 34 ], [ "R", 35 ], [ "R", 35 ], [ "R", 35 ], [ "R", 33 ], [ "R", 33 ], [ "R", 33 ], [ "R", 34 ], [ "R", 33 ], [ "R", 35 ], [ "R", 33 ], [ "R", 33 ], [ "R", 33 ], [ "R", 33 ], [ "R", 33 ], [ "W", 34 ], [ "W", 34 ], [ "W", 31 ], [ "W", 31 ], [ "W", 31 ], [ "R", 30 ], [ "W", 31 ], [ "W", 31 ], [ "R", 30 ], [ "W", 31 ], [ "W", 31 ], [ "W", 31 ], [ "R", 34 ], [ "W", 31 ], [ "R", 34 ], [ "W", 31 ], [ "R", 30 ], [ "W", 31 ], [ "W", 31 ], [ "W", 31 ], [ "W", 31 ], [ "W", 31 ], [ "R", 31 ], [ "R", 30 ], [ "R", 33 ], [ "R", 30 ], [ "R", 33 ], [ "W", 33 ], [ "R", 30 ], [ "R", 33 ], [ "W", 33 ], [ "R", 33 ], [ "W", 31 ], [ "W", 31 ], [ "W", 31 ], [ "R", 31 ], [ "W", 31 ], [ "R", 30 ], [ "W", 33 ], [ "R", 31 ], [ "R", 32 ], [ "W", 32 ], [ "W", 32 ], [ "W", 32 ], [ "R", 32 ], [ "R", 31 ], [ "R", 31 ], [ "R", 31 ], [ "R", 30 ], [ "R", 31 ], [ "R", 31 ], [ "R", 31 ], [ "W", 31 ], [ "W", 31 ], [ "W", 31 ], [ "R", 31 ], [ "R", 13 ], [ "R", 13 ], [ "R", 13 ], [ "R", 13 ], [ "R", 13 ], [ "R", 13 ], [ "W", 13 ], [ "W", 13 ], [ "W", 13 ], [ "R", 13 ], [ "W", 15 ], [ "W", 15 ], [ "W", 15 ], [ "W", 15 ], [ "W", 15 ], [ "W", 15 ], [ "R", 13 ], [ "W", 15 ], [ "W", 15 ], [ "R", 31 ], [ "R", 4 ], [ "R", 4 ], [ "R", 4 ] ]
    } ]
  },
  "BookController.removeRelateId" : {
    "t" : [ {
      "id" : 0,
      "a" : [ [ "R", 4 ], [ "R", 4 ], [ "R", 4 ], [ "W", 4 ], [ "W", 4 ], [ "W", 4 ], [ "W", 4 ], [ "R", 4 ], [ "W", 6 ], [ "W", 6 ], [ "W", 6 ], [ "R", 4 ], [ "R", 4 ], [ "R", 4 ], [ "R", 4 ], [ "W", 4 ], [ "W", 4 ], [ "W", 4 ], [ "W", 4 ], [ "W", 4 ], [ "W", 4 ], [ "W", 4 ], [ "W", 4 ], [ "R", 4 ], [ "W", 6 ], [ "W", 6 ], [ "W", 6 ] ]
    } ]
  },
  "DoPurchaseController.doPurchase" : {
    "t" : [ {
      "id" : 0,
      "a" : [ [ "R", 13 ], [ "R", 13 ], [ "R", 4 ], [ "R", 4 ], [ "R", 4 ], [ "R", 4 ], [ "R", 19 ], [ "R", 4 ], [ "R", 4 ], [ "R", 4 ], [ "R", 19 ], [ "R", 4 ], [ "R", 4 ], [ "R", 19 ], [ "R", 4 ], [ "R", 4 ], [ "R", 39 ], [ "W", 39 ], [ "W", 39 ], [ "W", 39 ], [ "R", 39 ], [ "R", 39 ], [ "R", 39 ], [ "R", 39 ], [ "R", 4 ], [ "R", 19 ], [ "R", 4 ], [ "R", 39 ], [ "W", 39 ], [ "W", 39 ], [ "W", 39 ], [ "R", 39 ], [ "R", 39 ], [ "R", 39 ], [ "R", 39 ], [ "R", 4 ], [ "R", 39 ], [ "W", 39 ], [ "W", 39 ], [ "W", 39 ], [ "R", 39 ], [ "R", 39 ], [ "R", 39 ], [ "R", 39 ], [ "R", 19 ], [ "R", 19 ], [ "R", 39 ], [ "W", 39 ], [ "W", 39 ], [ "W", 39 ], [ "R", 39 ], [ "R", 39 ], [ "R", 39 ], [ "R", 39 ], [ "R", 39 ], [ "W", 39 ], [ "W", 39 ], [ "W", 39 ], [ "R", 39 ], [ "R", 39 ], [ "R", 39 ], [ "R", 39 ], [ "R", 38 ], [ "R", 38 ], [ "R", 39 ], [ "W", 39 ], [ "W", 39 ], [ "W", 39 ], [ "R", 39 ], [ "R", 39 ], [ "R", 39 ], [ "R", 39 ], [ "R", 4 ], [ "R", 4 ], [ "R", 4 ], [ "R", 4 ], [ "R", 4 ], [ "R", 13 ], [ "R", 13 ], [ "R", 4 ], [ "R", 4 ], [ "R", 1 ], [ "R", 1 ], [ "R", 1 ], [ "R", 39 ], [ "W", 39 ], [ "W", 39 ], [ "W", 39 ], [ "R", 39 ], [ "R", 39 ], [ "R", 39 ], [ "R", 39 ], [ "R", 4 ], [ "R", 4 ], [ "R", 4 ], [ "R", 4 ], [ "R", 4 ], [ "R", 13 ], [ "R", 13 ], [ "R", 4 ], [ "R", 4 ], [ "R", 1 ], [ "R", 1 ], [ "R", 1 ], [ "R", 39 ], [ "W", 39 ], [ "W", 39 ], [ "W", 39 ], [ "R", 39 ], [ "R", 39 ], [ "R", 39 ], [ "R", 39 ], [ "R", 38 ], [ "R", 38 ], [ "R", 39 ], [ "W", 39 ], [ "W", 39 ], [ "W", 39 ], [ "R", 39 ], [ "R", 39 ], [ "R", 39 ], [ "R", 39 ], [ "R", 19 ], [ "R", 19 ], [ "R", 39 ], [ "W", 39 ], [ "W", 39 ], [ "W", 39 ], [ "R", 39 ], [ "R", 39 ], [ "R", 39 ], [ "R", 39 ], [ "R", 39 ], [ "W", 39 ], [ "W", 39 ], [ "W", 39 ], [ "R", 39 ], [ "R", 39 ], [ "R", 39 ], [ "R", 39 ], [ "R", 38 ], [ "R", 38 ], [ "R", 39 ], [ "W", 39 ], [ "W", 39 ], [ "W", 39 ], [ "R", 39 ], [ "R", 39 ], [ "R", 39 ], [ "R", 39 ], [ "R", 4 ], [ "R", 4 ], [ "R", 4 ], [ "R", 4 ], [ "R", 4 ], [ "R", 13 ], [ "R", 13 ], [ "R", 4 ], [ "R", 4 ], [ "R", 1 ], [ "R", 1 ], [ "R", 1 ], [ "R", 39 ], [ "W", 39 ], [ "W", 39 ], [ "W", 39 ], [ "R", 39 ], [ "R", 39 ], [ "R", 39 ], [ "R", 39 ], [ "R", 4 ], [ "R", 4 ], [ "R", 4 ], [ "R", 4 ], [ "R", 4 ], [ "R", 13 ], [ "R", 13 ], [ "R", 4 ], [ "R", 4 ], [ "R", 1 ], [ "R", 1 ], [ "R", 1 ], [ "R", 39 ], [ "W", 39 ], [ "W", 39 ], [ "W", 39 ], [ "R", 39 ], [ "R", 39 ], [ "R", 39 ], [ "R", 39 ], [ "R", 38 ], [ "R", 38 ], [ "R", 39 ], [ "W", 39 ], [ "W", 39 ], [ "W", 39 ], [ "R", 39 ], [ "R", 39 ], [ "R", 39 ], [ "R", 39 ], [ "R", 19 ], [ "R", 19 ], [ "R", 39 ], [ "W", 39 ], [ "W", 39 ], [ "W", 39 ], [ "R", 39 ], [ "R", 39 ], [ "R", 39 ], [ "R", 39 ], [ "R", 39 ], [ "W", 39 ], [ "W", 39 ], [ "W", 39 ], [ "R", 39 ], [ "R", 39 ], [ "R", 39 ], [ "R", 39 ], [ "R", 38 ], [ "R", 38 ], [ "R", 39 ], [ "W", 39 ], [ "W", 39 ], [ "W", 39 ], [ "R", 39 ], [ "R", 39 ], [ "R", 39 ], [ "R", 39 ], [ "R", 4 ], [ "R", 4 ], [ "R", 4 ], [ "R", 4 ], [ "R", 4 ], [ "R", 13 ], [ "R", 13 ], [ "R", 4 ], [ "R", 4 ], [ "R", 1 ], [ "R", 1 ], [ "R", 1 ], [ "R", 39 ], [ "W", 39 ], [ "W", 39 ], [ "W", 39 ], [ "R", 39 ], [ "R", 39 ], [ "R", 39 ], [ "R", 39 ], [ "R", 4 ], [ "R", 4 ], [ "R", 4 ], [ "R", 4 ], [ "R", 4 ], [ "R", 13 ], [ "R", 13 ], [ "R", 4 ], [ "R", 4 ], [ "R", 1 ], [ "R", 1 ], [ "R", 1 ], [ "R", 39 ], [ "W", 39 ], [ "W", 39 ], [ "W", 39 ], [ "R", 39 ], [ "R", 39 ], [ "R", 39 ], [ "R", 39 ], [ "R", 38 ], [ "R", 38 ], [ "R", 39 ], [ "W", 39 ], [ "W", 39 ], [ "W", 39 ], [ "R", 39 ], [ "R", 39 ], [ "R", 39 ], [ "R", 39 ], [ "R", 19 ], [ "R", 19 ], [ "R", 39 ], [ "W", 39 ], [ "W", 39 ], [ "W", 39 ], [ "R", 39 ], [ "R", 39 ], [ "R", 39 ], [ "R", 39 ], [ "R", 39 ], [ "W", 39 ], [ "W", 39 ], [ "W", 39 ], [ "R", 39 ], [ "R", 39 ], [ "R", 39 ], [ "R", 39 ], [ "R", 38 ], [ "R", 38 ], [ "R", 39 ], [ "W", 39 ], [ "W", 39 ], [ "W", 39 ], [ "R", 39 ], [ "R", 39 ], [ "R", 39 ], [ "R", 39 ], [ "R", 4 ], [ "R", 4 ], [ "R", 4 ], [ "R", 4 ], [ "R", 4 ], [ "R", 13 ], [ "R", 13 ], [ "R", 4 ], [ "R", 4 ], [ "R", 1 ], [ "R", 1 ], [ "R", 1 ], [ "R", 39 ], [ "W", 39 ], [ "W", 39 ], [ "W", 39 ], [ "R", 39 ], [ "R", 39 ], [ "R", 39 ], [ "R", 39 ], [ "R", 4 ], [ "R", 4 ], [ "R", 4 ], [ "R", 4 ], [ "R", 4 ], [ "R", 13 ], [ "R", 13 ], [ "R", 4 ], [ "R", 4 ], [ "R", 1 ], [ "R", 1 ], [ "R", 1 ], [ "R", 39 ], [ "W", 39 ], [ "W", 39 ], [ "W", 39 ], [ "R", 39 ], [ "R", 39 ], [ "R", 39 ], [ "R", 39 ], [ "R", 38 ], [ "R", 38 ], [ "R", 39 ], [ "W", 39 ], [ "W", 39 ], [ "W", 39 ], [ "R", 39 ], [ "R", 39 ], [ "R", 39 ], [ "R", 39 ], [ "R", 19 ], [ "R", 19 ], [ "R", 39 ], [ "W", 39 ], [ "W", 39 ], [ "W", 39 ], [ "R", 39 ], [ "R", 39 ], [ "R", 39 ], [ "R", 39 ], [ "R", 39 ], [ "W", 39 ], [ "W", 39 ], [ "W", 39 ], [ "R", 39 ], [ "R", 39 ], [ "R", 39 ], [ "R", 39 ], [ "R", 38 ], [ "R", 38 ], [ "R", 39 ], [ "W", 39 ], [ "W", 39 ], [ "W", 39 ], [ "R", 39 ], [ "R", 39 ], [ "R", 39 ], [ "R", 39 ], [ "R", 4 ], [ "R", 4 ], [ "R", 4 ], [ "R", 4 ], [ "R", 4 ], [ "R", 13 ], [ "R", 13 ], [ "R", 4 ], [ "R", 4 ], [ "R", 1 ], [ "R", 1 ], [ "R", 1 ], [ "R", 39 ], [ "W", 39 ], [ "W", 39 ], [ "W", 39 ], [ "R", 39 ], [ "R", 39 ], [ "R", 39 ], [ "R", 39 ], [ "R", 4 ], [ "R", 4 ], [ "R", 4 ], [ "R", 4 ], [ "R", 4 ], [ "R", 13 ], [ "R", 13 ], [ "R", 4 ], [ "R", 4 ], [ "R", 1 ], [ "R", 1 ], [ "R", 1 ], [ "R", 39 ], [ "W", 39 ], [ "W", 39 ], [ "W", 39 ], [ "R", 39 ], [ "R", 39 ], [ "R", 39 ], [ "R", 39 ], [ "R", 38 ], [ "R", 38 ], [ "R", 39 ], [ "W", 39 ], [ "W", 39 ], [ "W", 39 ], [ "R", 39 ], [ "R", 39 ], [ "R", 39 ], [ "R", 39 ], [ "R", 19 ], [ "R", 19 ], [ "R", 39 ], [ "W", 39 ], [ "W", 39 ], [ "W", 39 ], [ "R", 39 ], [ "R", 39 ], [ "R", 39 ], [ "R", 39 ], [ "R", 39 ], [ "W", 39 ], [ "W", 39 ], [ "W", 39 ], [ "R", 39 ], [ "R", 39 ], [ "R", 39 ], [ "R", 39 ], [ "R", 38 ], [ "R", 38 ], [ "R", 39 ], [ "W", 39 ], [ "W", 39 ], [ "W", 39 ], [ "R", 39 ], [ "R", 39 ], [ "R", 39 ], [ "R", 39 ], [ "R", 4 ], [ "R", 4 ], [ "R", 4 ], [ "R", 4 ], [ "R", 4 ], [ "R", 13 ], [ "R", 13 ], [ "R", 4 ], [ "R", 4 ], [ "R", 1 ], [ "R", 1 ], [ "R", 1 ], [ "R", 39 ], [ "W", 39 ], [ "W", 39 ], [ "W", 39 ], [ "R", 39 ], [ "R", 39 ], [ "R", 39 ], [ "R", 39 ], [ "R", 4 ], [ "R", 4 ], [ "R", 4 ], [ "R", 4 ], [ "R", 4 ], [ "R", 13 ], [ "R", 13 ], [ "R", 4 ], [ "R", 4 ], [ "R", 1 ], [ "R", 1 ], [ "R", 1 ], [ "R", 39 ], [ "W", 39 ], [ "W", 39 ], [ "W", 39 ], [ "R", 39 ], [ "R", 39 ], [ "R", 39 ], [ "R", 39 ], [ "R", 38 ], [ "R", 38 ], [ "R", 39 ], [ "W", 39 ], [ "W", 39 ], [ "W", 39 ], [ "R", 39 ], [ "R", 39 ], [ "R", 39 ], [ "R", 39 ], [ "R", 19 ], [ "R", 19 ], [ "R", 39 ], [ "W", 39 ], [ "W", 39 ], [ "W", 39 ], [ "R", 39 ], [ "R", 39 ], [ "R", 39 ], [ "R", 39 ], [ "R", 39 ], [ "W", 39 ], [ "W", 39 ], [ "W", 39 ], [ "R", 39 ], [ "R", 39 ], [ "R", 39 ], [ "R", 39 ], [ "R", 38 ], [ "R", 38 ], [ "R", 39 ], [ "W", 39 ], [ "W", 39 ], [ "W", 39 ], [ "R", 39 ], [ "R", 39 ], [ "R", 39 ], [ "R", 39 ], [ "R", 4 ], [ "R", 4 ], [ "R", 4 ], [ "R", 4 ], [ "R", 4 ], [ "R", 13 ], [ "R", 13 ], [ "R", 4 ], [ "R", 4 ], [ "R", 1 ], [ "R", 1 ], [ "R", 1 ], [ "R", 39 ], [ "W", 39 ], [ "W", 39 ], [ "W", 39 ], [ "R", 39 ], [ "R", 39 ], [ "R", 39 ], [ "R", 39 ], [ "R", 4 ], [ "R", 4 ], [ "R", 4 ], [ "R", 4 ], [ "R", 4 ], [ "R", 13 ], [ "R", 13 ], [ "R", 4 ], [ "R", 4 ], [ "R", 1 ], [ "R", 1 ], [ "R", 1 ], [ "R", 39 ], [ "W", 39 ], [ "W", 39 ], [ "W", 39 ], [ "R", 39 ], [ "R", 39 ], [ "R", 39 ], [ "R", 39 ], [ "R", 38 ], [ "R", 38 ], [ "R", 39 ], [ "W", 39 ], [ "W", 39 ], [ "W", 39 ], [ "R", 39 ], [ "R", 39 ], [ "R", 39 ], [ "R", 39 ], [ "R", 19 ], [ "R", 19 ], [ "R", 39 ], [ "W", 39 ], [ "W", 39 ], [ "W", 39 ], [ "R", 39 ], [ "R", 39 ], [ "R", 39 ], [ "R", 39 ], [ "R", 39 ], [ "W", 39 ], [ "W", 39 ], [ "W", 39 ], [ "R", 39 ], [ "R", 39 ], [ "R", 39 ], [ "R", 39 ], [ "R", 38 ], [ "R", 38 ], [ "R", 39 ], [ "W", 39 ], [ "W", 39 ], [ "W", 39 ], [ "R", 39 ], [ "R", 39 ], [ "R", 39 ], [ "R", 39 ], [ "R", 4 ], [ "R", 4 ], [ "R", 4 ], [ "R", 4 ], [ "R", 4 ], [ "R", 13 ], [ "R", 13 ], [ "R", 4 ], [ "R", 4 ], [ "R", 1 ], [ "R", 1 ], [ "R", 1 ], [ "R", 39 ], [ "W", 39 ], [ "W", 39 ], [ "W", 39 ], [ "R", 39 ], [ "R", 39 ], [ "R", 39 ], [ "R", 39 ], [ "R", 4 ], [ "R", 4 ], [ "R", 4 ], [ "R", 4 ], [ "R", 4 ], [ "R", 13 ], [ "R", 13 ], [ "R", 4 ], [ "R", 4 ], [ "R", 1 ], [ "R", 1 ], [ "R", 1 ], [ "R", 39 ], [ "W", 39 ], [ "W", 39 ], [ "W", 39 ], [ "R", 39 ], [ "R", 39 ], [ "R", 39 ], [ "R", 39 ], [ "R", 38 ], [ "R", 38 ], [ "R", 4 ], [ "W", 19 ], [ "W", 19 ], [ "W", 19 ], [ "W", 19 ], [ "W", 19 ], [ "W", 19 ], [ "W", 19 ], [ "W", 19 ], [ "W", 19 ], [ "W", 19 ], [ "W", 19 ], [ "R", 4 ], [ "R", 4 ], [ "W", 19 ], [ "R", 4 ], [ "W", 19 ], [ "R", 4 ], [ "W", 19 ], [ "R", 4 ], [ "W", 19 ], [ "W", 19 ], [ "W", 19 ], [ "W", 19 ], [ "R", 4 ], [ "R", 4 ], [ "R", 4 ], [ "R", 4 ], [ "R", 4 ], [ "R", 4 ], [ "R", 4 ], [ "R", 4 ], [ "R", 19 ], [ "R", 4 ], [ "R", 4 ], [ "R", 4 ], [ "R", 19 ], [ "R", 4 ], [ "R", 4 ], [ "R", 19 ], [ "R", 4 ], [ "R", 4 ], [ "R", 39 ], [ "W", 39 ], [ "W", 39 ], [ "W", 39 ], [ "R", 39 ], [ "R", 39 ], [ "R", 39 ], [ "R", 39 ], [ "R", 4 ], [ "R", 19 ], [ "R", 4 ], [ "R", 39 ], [ "W", 39 ], [ "W", 39 ], [ "W", 39 ], [ "R", 39 ], [ "R", 39 ], [ "R", 39 ], [ "R", 39 ], [ "R", 4 ], [ "R", 39 ], [ "W", 39 ], [ "W", 39 ], [ "W", 39 ], [ "R", 39 ], [ "R", 39 ], [ "R", 39 ], [ "R", 39 ], [ "R", 19 ], [ "R", 19 ], [ "R", 39 ], [ "W", 39 ], [ "W", 39 ], [ "W", 39 ], [ "R", 39 ], [ "R", 39 ], [ "R", 39 ], [ "R", 39 ], [ "R", 39 ], [ "W", 39 ], [ "W", 39 ], [ "W", 39 ], [ "R", 39 ], [ "R", 39 ], [ "R", 39 ], [ "R", 39 ], [ "R", 38 ], [ "R", 38 ], [ "R", 39 ], [ "W", 39 ], [ "W", 39 ], [ "W", 39 ], [ "R", 39 ], [ "R", 39 ], [ "R", 39 ], [ "R", 39 ], [ "R", 4 ], [ "R", 4 ], [ "R", 4 ], [ "R", 4 ], [ "R", 4 ], [ "R", 13 ], [ "R", 13 ], [ "R", 4 ], [ "R", 4 ], [ "R", 1 ], [ "R", 1 ], [ "R", 1 ], [ "R", 39 ], [ "W", 39 ], [ "W", 39 ], [ "W", 39 ], [ "R", 39 ], [ "R", 39 ], [ "R", 39 ], [ "R", 39 ], [ "R", 4 ], [ "R", 4 ], [ "R", 4 ], [ "R", 4 ], [ "R", 4 ], [ "R", 13 ], [ "R", 13 ], [ "R", 4 ], [ "R", 4 ], [ "R", 1 ], [ "R", 1 ], [ "R", 1 ], [ "R", 39 ], [ "W", 39 ], [ "W", 39 ], [ "W", 39 ], [ "R", 39 ], [ "R", 39 ], [ "R", 39 ], [ "R", 39 ], [ "R", 38 ], [ "R", 38 ], [ "R", 39 ], [ "W", 39 ], [ "W", 39 ], [ "W", 39 ], [ "R", 39 ], [ "R", 39 ], [ "R", 39 ], [ "R", 39 ], [ "R", 19 ], [ "R", 19 ], [ "R", 39 ], [ "W", 39 ], [ "W", 39 ], [ "W", 39 ], [ "R", 39 ], [ "R", 39 ], [ "R", 39 ], [ "R", 39 ], [ "R", 39 ], [ "W", 39 ], [ "W", 39 ], [ "W", 39 ], [ "R", 39 ], [ "R", 39 ], [ "R", 39 ], [ "R", 39 ], [ "R", 38 ], [ "R", 38 ], [ "R", 39 ], [ "W", 39 ], [ "W", 39 ], [ "W", 39 ], [ "R", 39 ], [ "R", 39 ], [ "R", 39 ], [ "R", 39 ], [ "R", 4 ], [ "R", 4 ], [ "R", 4 ], [ "R", 4 ], [ "R", 4 ], [ "R", 13 ], [ "R", 13 ], [ "R", 4 ], [ "R", 4 ], [ "R", 1 ], [ "R", 1 ], [ "R", 1 ], [ "R", 39 ], [ "W", 39 ], [ "W", 39 ], [ "W", 39 ], [ "R", 39 ], [ "R", 39 ], [ "R", 39 ], [ "R", 39 ], [ "R", 4 ], [ "R", 4 ], [ "R", 4 ], [ "R", 4 ], [ "R", 4 ], [ "R", 13 ], [ "R", 13 ], [ "R", 4 ], [ "R", 4 ], [ "R", 1 ], [ "R", 1 ], [ "R", 1 ], [ "R", 39 ], [ "W", 39 ], [ "W", 39 ], [ "W", 39 ], [ "R", 39 ], [ "R", 39 ], [ "R", 39 ], [ "R", 39 ], [ "R", 38 ], [ "R", 38 ], [ "R", 39 ], [ "W", 39 ], [ "W", 39 ], [ "W", 39 ], [ "R", 39 ], [ "R", 39 ], [ "R", 39 ], [ "R", 39 ], [ "R", 19 ], [ "R", 19 ], [ "R", 39 ], [ "W", 39 ], [ "W", 39 ], [ "W", 39 ], [ "R", 39 ], [ "R", 39 ], [ "R", 39 ], [ "R", 39 ], [ "R", 39 ], [ "W", 39 ], [ "W", 39 ], [ "W", 39 ], [ "R", 39 ], [ "R", 39 ], [ "R", 39 ], [ "R", 39 ], [ "R", 38 ], [ "R", 38 ], [ "R", 39 ], [ "W", 39 ], [ "W", 39 ], [ "W", 39 ], [ "R", 39 ], [ "R", 39 ], [ "R", 39 ], [ "R", 39 ], [ "R", 4 ], [ "R", 4 ], [ "R", 4 ], [ "R", 4 ], [ "R", 4 ], [ "R", 13 ], [ "R", 13 ], [ "R", 4 ], [ "R", 4 ], [ "R", 1 ], [ "R", 1 ], [ "R", 1 ], [ "R", 39 ], [ "W", 39 ], [ "W", 39 ], [ "W", 39 ], [ "R", 39 ], [ "R", 39 ], [ "R", 39 ], [ "R", 39 ], [ "R", 4 ], [ "R", 4 ], [ "R", 4 ], [ "R", 4 ], [ "R", 4 ], [ "R", 13 ], [ "R", 13 ], [ "R", 4 ], [ "R", 4 ], [ "R", 1 ], [ "R", 1 ], [ "R", 1 ], [ "R", 39 ], [ "W", 39 ], [ "W", 39 ], [ "W", 39 ], [ "R", 39 ], [ "R", 39 ], [ "R", 39 ], [ "R", 39 ], [ "R", 38 ], [ "R", 38 ], [ "R", 39 ], [ "W", 39 ], [ "W", 39 ], [ "W", 39 ], [ "R", 39 ], [ "R", 39 ], [ "R", 39 ], [ "R", 39 ], [ "R", 19 ], [ "R", 19 ], [ "R", 39 ], [ "W", 39 ], [ "W", 39 ], [ "W", 39 ], [ "R", 39 ], [ "R", 39 ], [ "R", 39 ], [ "R", 39 ], [ "R", 39 ], [ "W", 39 ], [ "W", 39 ], [ "W", 39 ], [ "R", 39 ], [ "R", 39 ], [ "R", 39 ], [ "R", 39 ], [ "R", 38 ], [ "R", 38 ], [ "R", 39 ], [ "W", 39 ], [ "W", 39 ], [ "W", 39 ], [ "R", 39 ], [ "R", 39 ], [ "R", 39 ], [ "R", 39 ], [ "R", 4 ], [ "R", 4 ], [ "R", 4 ], [ "R", 4 ], [ "R", 4 ], [ "R", 13 ], [ "R", 13 ], [ "R", 4 ], [ "R", 4 ], [ "R", 1 ], [ "R", 1 ], [ "R", 1 ], [ "R", 39 ], [ "W", 39 ], [ "W", 39 ], [ "W", 39 ], [ "R", 39 ], [ "R", 39 ], [ "R", 39 ], [ "R", 39 ], [ "R", 4 ], [ "R", 4 ], [ "R", 4 ], [ "R", 4 ], [ "R", 4 ], [ "R", 13 ], [ "R", 13 ], [ "R", 4 ], [ "R", 4 ], [ "R", 1 ], [ "R", 1 ], [ "R", 1 ], [ "R", 39 ], [ "W", 39 ], [ "W", 39 ], [ "W", 39 ], [ "R", 39 ], [ "R", 39 ], [ "R", 39 ], [ "R", 39 ], [ "R", 38 ], [ "R", 38 ], [ "R", 39 ], [ "W", 39 ], [ "W", 39 ], [ "W", 39 ], [ "R", 39 ], [ "R", 39 ], [ "R", 39 ], [ "R", 39 ], [ "R", 19 ], [ "R", 19 ], [ "R", 39 ], [ "W", 39 ], [ "W", 39 ], [ "W", 39 ], [ "R", 39 ], [ "R", 39 ], [ "R", 39 ], [ "R", 39 ], [ "R", 39 ], [ "W", 39 ], [ "W", 39 ], [ "W", 39 ], [ "R", 39 ], [ "R", 39 ], [ "R", 39 ], [ "R", 39 ], [ "R", 38 ], [ "R", 38 ], [ "R", 39 ], [ "W", 39 ], [ "W", 39 ], [ "W", 39 ], [ "R", 39 ], [ "R", 39 ], [ "R", 39 ], [ "R", 39 ], [ "R", 4 ], [ "R", 4 ], [ "R", 4 ], [ "R", 4 ], [ "R", 4 ], [ "R", 13 ], [ "R", 13 ], [ "R", 4 ], [ "R", 4 ], [ "R", 1 ], [ "R", 1 ], [ "R", 1 ], [ "R", 39 ], [ "W", 39 ], [ "W", 39 ], [ "W", 39 ], [ "R", 39 ], [ "R", 39 ], [ "R", 39 ], [ "R", 39 ], [ "R", 4 ], [ "R", 4 ], [ "R", 4 ], [ "R", 4 ], [ "R", 4 ], [ "R", 13 ], [ "R", 13 ], [ "R", 4 ], [ "R", 4 ], [ "R", 1 ], [ "R", 1 ], [ "R", 1 ], [ "R", 39 ], [ "W", 39 ], [ "W", 39 ], [ "W", 39 ], [ "R", 39 ], [ "R", 39 ], [ "R", 39 ], [ "R", 39 ], [ "R", 38 ], [ "R", 38 ], [ "R", 39 ], [ "W", 39 ], [ "W", 39 ], [ "W", 39 ], [ "R", 39 ], [ "R", 39 ], [ "R", 39 ], [ "R", 39 ], [ "R", 19 ], [ "R", 19 ], [ "R", 39 ], [ "W", 39 ], [ "W", 39 ], [ "W", 39 ], [ "R", 39 ], [ "R", 39 ], [ "R", 39 ], [ "R", 39 ], [ "R", 39 ], [ "W", 39 ], [ "W", 39 ], [ "W", 39 ], [ "R", 39 ], [ "R", 39 ], [ "R", 39 ], [ "R", 39 ], [ "R", 38 ], [ "R", 38 ], [ "R", 39 ], [ "W", 39 ], [ "W", 39 ], [ "W", 39 ], [ "R", 39 ], [ "R", 39 ], [ "R", 39 ], [ "R", 39 ], [ "R", 4 ], [ "R", 4 ], [ "R", 4 ], [ "R", 4 ], [ "R", 4 ], [ "R", 13 ], [ "R", 13 ], [ "R", 4 ], [ "R", 4 ], [ "R", 1 ], [ "R", 1 ], [ "R", 1 ], [ "R", 39 ], [ "W", 39 ], [ "W", 39 ], [ "W", 39 ], [ "R", 39 ], [ "R", 39 ], [ "R", 39 ], [ "R", 39 ], [ "R", 4 ], [ "R", 4 ], [ "R", 4 ], [ "R", 4 ], [ "R", 4 ], [ "R", 13 ], [ "R", 13 ], [ "R", 4 ], [ "R", 4 ], [ "R", 1 ], [ "R", 1 ], [ "R", 1 ], [ "R", 39 ], [ "W", 39 ], [ "W", 39 ], [ "W", 39 ], [ "R", 39 ], [ "R", 39 ], [ "R", 39 ], [ "R", 39 ], [ "R", 38 ], [ "R", 38 ], [ "R", 39 ], [ "W", 39 ], [ "W", 39 ], [ "W", 39 ], [ "R", 39 ], [ "R", 39 ], [ "R", 39 ], [ "R", 39 ], [ "R", 19 ], [ "R", 19 ], [ "R", 39 ], [ "W", 39 ], [ "W", 39 ], [ "W", 39 ], [ "R", 39 ], [ "R", 39 ], [ "R", 39 ], [ "R", 39 ], [ "R", 39 ], [ "W", 39 ], [ "W", 39 ], [ "W", 39 ], [ "R", 39 ], [ "R", 39 ], [ "R", 39 ], [ "R", 39 ], [ "R", 38 ], [ "R", 38 ], [ "R", 39 ], [ "W", 39 ], [ "W", 39 ], [ "W", 39 ], [ "R", 39 ], [ "R", 39 ], [ "R", 39 ], [ "R", 39 ], [ "R", 4 ], [ "R", 4 ], [ "R", 4 ], [ "R", 4 ], [ "R", 4 ], [ "R", 13 ], [ "R", 13 ], [ "R", 4 ], [ "R", 4 ], [ "R", 1 ], [ "R", 1 ], [ "R", 1 ], [ "R", 39 ], [ "W", 39 ], [ "W", 39 ], [ "W", 39 ], [ "R", 39 ], [ "R", 39 ], [ "R", 39 ], [ "R", 39 ], [ "R", 4 ], [ "R", 4 ], [ "R", 4 ], [ "R", 4 ], [ "R", 4 ], [ "R", 13 ], [ "R", 13 ], [ "R", 4 ], [ "R", 4 ], [ "R", 1 ], [ "R", 1 ], [ "R", 1 ], [ "R", 39 ], [ "W", 39 ], [ "W", 39 ], [ "W", 39 ], [ "R", 39 ], [ "R", 39 ], [ "R", 39 ], [ "R", 39 ], [ "R", 38 ], [ "R", 38 ], [ "R", 39 ], [ "W", 39 ], [ "W", 39 ], [ "W", 39 ], [ "R", 39 ], [ "R", 39 ], [ "R", 39 ], [ "R", 39 ], [ "R", 19 ], [ "R", 19 ], [ "R", 39 ], [ "W", 39 ], [ "W", 39 ], [ "W", 39 ], [ "R", 39 ], [ "R", 39 ], [ "R", 39 ], [ "R", 39 ], [ "R", 39 ], [ "W", 39 ], [ "W", 39 ], [ "W", 39 ], [ "R", 39 ], [ "R", 39 ], [ "R", 39 ], [ "R", 39 ], [ "R", 38 ], [ "R", 38 ], [ "R", 39 ], [ "W", 39 ], [ "W", 39 ], [ "W", 39 ], [ "R", 39 ], [ "R", 39 ], [ "R", 39 ], [ "R", 39 ], [ "R", 4 ], [ "R", 4 ], [ "R", 4 ], [ "R", 4 ], [ "R", 4 ], [ "R", 13 ], [ "R", 13 ], [ "R", 4 ], [ "R", 4 ], [ "R", 1 ], [ "R", 1 ], [ "R", 1 ], [ "R", 39 ], [ "W", 39 ], [ "W", 39 ], [ "W", 39 ], [ "R", 39 ], [ "R", 39 ], [ "R", 39 ], [ "R", 39 ], [ "R", 4 ], [ "R", 4 ], [ "R", 4 ], [ "R", 4 ], [ "R", 4 ], [ "R", 13 ], [ "R", 13 ], [ "R", 4 ], [ "R", 4 ], [ "R", 1 ], [ "R", 1 ], [ "R", 1 ], [ "R", 39 ], [ "W", 39 ], [ "W", 39 ], [ "W", 39 ], [ "R", 39 ], [ "R", 39 ], [ "R", 39 ], [ "R", 39 ], [ "R", 38 ], [ "R", 38 ], [ "R", 4 ], [ "W", 19 ], [ "W", 19 ], [ "W", 19 ], [ "W", 19 ], [ "W", 19 ], [ "W", 19 ], [ "W", 19 ], [ "W", 19 ], [ "W", 19 ], [ "W", 19 ], [ "W", 19 ], [ "R", 4 ], [ "R", 4 ], [ "W", 19 ], [ "R", 4 ], [ "W", 19 ], [ "R", 4 ], [ "W", 19 ], [ "R", 4 ], [ "W", 19 ], [ "W", 19 ], [ "W", 19 ], [ "W", 19 ], [ "R", 4 ], [ "R", 4 ], [ "R", 4 ], [ "R", 4 ] ]
    } ]
  },
  "OrderController.pickingUpOrder" : {
    "t" : [ {
      "id" : 0,
      "a" : [ [ "R", 13 ], [ "R", 13 ], [ "R", 13 ], [ "R", 13 ], [ "R", 13 ], [ "R", 13 ], [ "R", 13 ], [ "R", 13 ], [ "R", 13 ], [ "R", 13 ], [ "W", 13 ], [ "W", 13 ], [ "R", 13 ], [ "W", 15 ], [ "W", 15 ], [ "W", 15 ], [ "W", 15 ], [ "W", 15 ], [ "W", 15 ], [ "R", 13 ], [ "W", 15 ], [ "W", 15 ], [ "R", 13 ], [ "W", 30 ], [ "W", 30 ], [ "W", 30 ], [ "W", 30 ], [ "W", 30 ], [ "W", 30 ], [ "W", 30 ], [ "W", 30 ], [ "W", 30 ], [ "R", 30 ], [ "R", 32 ], [ "R", 32 ], [ "R", 32 ], [ "R", 32 ], [ "W", 32 ], [ "W", 32 ], [ "W", 32 ], [ "R", 32 ], [ "R", 32 ], [ "R", 36 ], [ "R", 36 ], [ "R", 36 ], [ "R", 33 ], [ "R", 34 ], [ "R", 35 ], [ "R", 33 ], [ "R", 34 ], [ "R", 34 ], [ "R", 35 ], [ "R", 35 ], [ "R", 35 ], [ "R", 33 ], [ "R", 33 ], [ "R", 33 ], [ "R", 34 ], [ "R", 33 ], [ "R", 35 ], [ "R", 33 ], [ "R", 33 ], [ "R", 33 ], [ "R", 33 ], [ "R", 33 ], [ "W", 34 ], [ "W", 34 ], [ "W", 31 ], [ "W", 31 ], [ "W", 31 ], [ "R", 30 ], [ "W", 31 ], [ "W", 31 ], [ "R", 30 ], [ "W", 31 ], [ "W", 31 ], [ "W", 31 ], [ "R", 34 ], [ "W", 31 ], [ "R", 34 ], [ "W", 31 ], [ "R", 30 ], [ "W", 31 ], [ "W", 31 ], [ "W", 31 ], [ "W", 31 ], [ "W", 31 ], [ "R", 31 ], [ "R", 30 ], [ "R", 33 ], [ "R", 30 ], [ "R", 33 ], [ "W", 33 ], [ "R", 30 ], [ "R", 33 ], [ "W", 33 ], [ "R", 33 ], [ "W", 31 ], [ "W", 31 ], [ "W", 31 ], [ "R", 31 ], [ "W", 31 ], [ "R", 30 ], [ "W", 33 ], [ "W", 30 ], [ "W", 30 ], [ "R", 30 ], [ "R", 36 ], [ "R", 36 ], [ "R", 36 ], [ "R", 33 ], [ "R", 34 ], [ "R", 35 ], [ "R", 33 ], [ "R", 34 ], [ "R", 34 ], [ "R", 35 ], [ "R", 35 ], [ "R", 35 ], [ "R", 33 ], [ "R", 33 ], [ "R", 33 ], [ "R", 34 ], [ "R", 33 ], [ "R", 35 ], [ "R", 33 ], [ "R", 33 ], [ "R", 33 ], [ "R", 33 ], [ "R", 33 ], [ "W", 34 ], [ "W", 34 ], [ "W", 31 ], [ "W", 31 ], [ "W", 31 ], [ "R", 30 ], [ "W", 31 ], [ "W", 31 ], [ "R", 30 ], [ "W", 31 ], [ "W", 31 ], [ "W", 31 ], [ "R", 34 ], [ "W", 31 ], [ "R", 34 ], [ "W", 31 ], [ "R", 30 ], [ "W", 31 ], [ "W", 31 ], [ "W", 31 ], [ "W", 31 ], [ "W", 31 ], [ "R", 31 ], [ "R", 30 ], [ "R", 33 ], [ "R", 30 ], [ "R", 33 ], [ "W", 33 ], [ "R", 30 ], [ "R", 33 ], [ "W", 33 ], [ "R", 33 ], [ "W", 31 ], [ "W", 31 ], [ "W", 31 ], [ "R", 31 ], [ "W", 31 ], [ "R", 30 ], [ "W", 33 ], [ "R", 33 ], [ "R", 34 ], [ "R", 35 ], [ "R", 33 ], [ "R", 34 ], [ "R", 34 ], [ "R", 35 ], [ "R", 35 ], [ "R", 35 ], [ "R", 33 ], [ "R", 33 ], [ "R", 33 ], [ "R", 34 ], [ "R", 33 ], [ "R", 35 ], [ "R", 33 ], [ "R", 33 ], [ "R", 33 ], [ "R", 33 ], [ "R", 33 ], [ "W", 34 ], [ "W", 34 ], [ "W", 31 ], [ "W", 31 ], [ "W", 31 ], [ "R", 30 ], [ "W", 31 ], [ "W", 31 ], [ "R", 30 ], [ "W", 31 ], [ "W", 31 ], [ "W", 31 ], [ "R", 34 ], [ "W", 31 ], [ "R", 34 ], [ "W", 31 ], [ "R", 30 ], [ "W", 31 ], [ "W", 31 ], [ "W", 31 ], [ "W", 31 ], [ "W", 31 ], [ "R", 31 ], [ "R", 30 ], [ "R", 33 ], [ "R", 30 ], [ "R", 33 ], [ "W", 33 ], [ "R", 30 ], [ "R", 33 ], [ "W", 33 ], [ "R", 33 ], [ "W", 31 ], [ "W", 31 ], [ "W", 31 ], [ "R", 31 ], [ "W", 31 ], [ "R", 30 ], [ "W", 33 ] ]
    } ]
  },
  "HelpController.updateRole" : {
    "t" : [ {
      "id" : 0,
      "a" : [ [ "R", 21 ], [ "R", 21 ], [ "R", 20 ], [ "R", 17 ], [ "R", 17 ], [ "R", 17 ], [ "R", 17 ], [ "R", 17 ], [ "R", 17 ], [ "R", 17 ], [ "R", 17 ], [ "R", 17 ], [ "R", 17 ], [ "R", 17 ], [ "R", 17 ], [ "R", 17 ], [ "R", 17 ], [ "R", 17 ], [ "R", 17 ], [ "R", 17 ], [ "R", 17 ], [ "R", 17 ], [ "R", 17 ], [ "R", 17 ], [ "R", 17 ], [ "R", 17 ], [ "R", 17 ], [ "R", 17 ], [ "R", 17 ], [ "R", 17 ], [ "R", 17 ], [ "R", 17 ], [ "R", 17 ], [ "R", 17 ], [ "R", 17 ], [ "R", 17 ], [ "R", 17 ], [ "R", 17 ], [ "R", 17 ], [ "R", 17 ], [ "R", 17 ], [ "R", 17 ], [ "R", 17 ], [ "R", 17 ], [ "R", 17 ], [ "R", 17 ], [ "R", 17 ], [ "R", 17 ], [ "R", 17 ], [ "R", 17 ], [ "R", 17 ], [ "R", 17 ], [ "R", 17 ], [ "R", 17 ], [ "R", 17 ], [ "R", 17 ], [ "R", 17 ], [ "R", 17 ], [ "R", 17 ], [ "R", 17 ], [ "R", 17 ], [ "R", 17 ], [ "R", 17 ], [ "R", 17 ], [ "R", 17 ], [ "R", 17 ], [ "R", 17 ], [ "R", 17 ], [ "R", 17 ], [ "R", 17 ], [ "R", 17 ], [ "R", 17 ], [ "R", 17 ], [ "R", 17 ], [ "R", 17 ], [ "R", 17 ], [ "R", 17 ], [ "R", 17 ], [ "R", 17 ], [ "R", 17 ], [ "R", 17 ], [ "R", 17 ], [ "R", 17 ], [ "R", 17 ] ]
    } ]
  },
  "OrderController.getPickupList" : {
    "t" : [ {
      "id" : 0,
      "a" : [ [ "R", 13 ], [ "R", 13 ], [ "R", 13 ], [ "R", 13 ], [ "R", 13 ], [ "R", 13 ], [ "R", 13 ], [ "R", 13 ], [ "R", 13 ], [ "R", 16 ], [ "R", 13 ], [ "R", 14 ], [ "R", 13 ], [ "R", 14 ], [ "R", 13 ], [ "R", 14 ], [ "R", 14 ], [ "R", 4 ] ]
    } ]
  },
  "ShopItemMappingController.queryShopItemMapping" : {
    "t" : [ {
      "id" : 0,
      "a" : [ [ "R", 22 ], [ "R", 22 ], [ "R", 22 ], [ "R", 22 ], [ "R", 22 ], [ "R", 4 ], [ "R", 4 ], [ "R", 24 ], [ "R", 24 ] ]
    } ]
  }
}