{
  "BookAmount" : 1,
  "BookRequireImportDetail" : 2,
  "BookRequireImportTask" : 3,
  "Bookinfo" : 4,
  "BookinfoAid" : 5,
  "BookinfoDetail" : 6,
  "Company" : 7,
  "Departmentinfo" : 8,
  "DownloadItemLog" : 9,
  "Inwarehouse" : 10,
  "InwarehouseDetail" : 11,
  "InwarehousePosition" : 12,
  "Order" : 13,
  "OrderDetail" : 14,
  "OrderLog" : 15,
  "OrderOuter" : 16,
  "Permission" : 17,
  "PurchaseDetail" : 18,
  "PurchasePlan" : 19,
  "Role" : 20,
  "RolePermission" : 21,
  "ShopInfo" : 22,
  "ShopItemInfo" : 23,
  "ShopItemMapping" : 24,
  "StorageCheck" : 25,
  "StorageCheckDiff" : 26,
  "StorageCheckDiffAdjust" : 27,
  "StorageCheckPlan" : 28,
  "StorageCheckSnap" : 29,
  "StorageIoBatch" : 30,
  "StorageIoDetail" : 31,
  "StorageOrder" : 32,
  "StoragePosStock" : 33,
  "StoragePosition" : 34,
  "StorageProduct" : 35,
  "StorageProductOccupy" : 36,
  "StorageRepoInfo" : 37,
  "Storesales" : 38,
  "SysVar" : 39,
  "TempImportDetail" : 40,
  "TempImportTask" : 41,
  "UpdateItemLog" : 42,
  "User" : 43,
  "YouluSales" : 44
}