{
  "1" : "BookAmount",
  "2" : "BookRequireImportDetail",
  "3" : "BookRequireImportTask",
  "4" : "Bookinfo",
  "5" : "BookinfoAid",
  "6" : "BookinfoDetail",
  "7" : "Company",
  "8" : "Departmentinfo",
  "9" : "DownloadItemLog",
  "10" : "Inwarehouse",
  "11" : "InwarehouseDetail",
  "12" : "InwarehousePosition",
  "13" : "Order",
  "14" : "OrderDetail",
  "15" : "OrderLog",
  "16" : "OrderOuter",
  "17" : "Permission",
  "18" : "PurchaseDetail",
  "19" : "PurchasePlan",
  "20" : "Role",
  "21" : "RolePermission",
  "22" : "ShopInfo",
  "23" : "ShopItemInfo",
  "24" : "ShopItemMapping",
  "25" : "StorageCheck",
  "26" : "StorageCheckDiff",
  "27" : "StorageCheckDiffAdjust",
  "28" : "StorageCheckPlan",
  "29" : "StorageCheckSnap",
  "30" : "StorageIoBatch",
  "31" : "StorageIoDetail",
  "32" : "StorageOrder",
  "33" : "StoragePosStock",
  "34" : "StoragePosition",
  "35" : "StorageProduct",
  "36" : "StorageProductOccupy",
  "37" : "StorageRepoInfo",
  "38" : "Storesales",
  "39" : "SysVar",
  "40" : "TempImportDetail",
  "41" : "TempImportTask",
  "42" : "UpdateItemLog",
  "43" : "User",
  "44" : "YouluSales"
}