{
  "SUserController.checkById" : {
    "t" : [ {
      "id" : 0,
      "a" : [ [ "R", 50 ], [ "R", 50 ], [ "R", 50 ], [ "R", 50 ] ]
    } ]
  },
  "CTextMaterialController.findTextMtrlsJson" : {
    "t" : [ {
      "id" : 0,
      "a" : [ [ "R", 37 ], [ "R", 37 ], [ "R", 37 ], [ "R", 37 ], [ "R", 37 ], [ "R", 37 ] ]
    } ]
  },
  "CPicMaterialController.findPicMtrlsJson" : {
    "t" : [ {
      "id" : 0,
      "a" : [ [ "R", 31 ], [ "R", 31 ], [ "R", 31 ], [ "R", 31 ], [ "R", 31 ], [ "R", 31 ] ]
    } ]
  },
  "CCmsController.saveCms" : {
    "t" : [ {
      "id" : 0,
      "a" : [ [ "R", 48 ], [ "R", 48 ], [ "R", 48 ], [ "R", 48 ], [ "R", 48 ], [ "R", 42 ], [ "R", 42 ], [ "R", 42 ], [ "R", 42 ], [ "R", 14 ], [ "W", 14 ], [ "R", 42 ], [ "R", 42 ] ]
    } ]
  },
  "CCmsController.toUpdateCms" : {
    "t" : [ {
      "id" : 0,
      "a" : [ [ "R", 14 ], [ "R", 42 ], [ "R", 42 ], [ "R", 42 ] ]
    } ]
  },
  "CAutoDefaultController.openArticle" : {
    "t" : [ {
      "id" : 0,
      "a" : [ [ "R", 10 ], [ "R", 10 ], [ "R", 10 ], [ "R", 10 ], [ "R", 42 ] ]
    } ]
  },
  "BCustomerUserController.enableUser" : {
    "t" : [ {
      "id" : 0,
      "a" : [ [ "R", 3 ], [ "R", 3 ], [ "R", 3 ], [ "R", 3 ], [ "W", 3 ], [ "W", 3 ] ]
    } ]
  },
  "CStopWtrTempController.findInPage" : {
    "t" : [ {
      "id" : 0,
      "a" : [ [ "R", 48 ], [ "R", 48 ], [ "R", 48 ], [ "R", 48 ] ]
    } ]
  },
  "CAutoDefaultController.toUpdateAutoDefault" : {
    "t" : [ {
      "id" : 0,
      "a" : [ [ "R", 10 ], [ "R", 10 ], [ "R", 10 ], [ "R", 10 ], [ "R", 42 ] ]
    } ]
  },
  "BCustomerUserController.checkByEmail" : {
    "t" : [ {
      "id" : 0,
      "a" : [ [ "R", 3 ], [ "R", 3 ], [ "R", 3 ], [ "R", 3 ] ]
    } ]
  },
  "SRoleController.toUpdateRole" : {
    "t" : [ {
      "id" : 0,
      "a" : [ [ "R", 49 ], [ "R", 49 ], [ "R", 49 ], [ "R", 49 ] ]
    } ]
  },
  "CFeedBackManageController.deleteFeedback" : {
    "t" : [ {
      "id" : 0,
      "a" : [ [ "R", 19 ], [ "R", 19 ], [ "R", 19 ], [ "R", 19 ], [ "R", 19 ], [ "W", 19 ], [ "W", 19 ], [ "R", 19 ], [ "R", 18 ], [ "R", 18 ] ]
    } ]
  },
  "CMassSendController.sendMassSend" : {
    "t" : [ {
      "id" : 0,
      "a" : [ [ "R", 23 ], [ "R", 23 ], [ "R", 23 ], [ "R", 23 ], [ "R", 28 ], [ "R", 28 ], [ "R", 28 ], [ "R", 1 ], [ "R", 28 ], [ "R", 1 ], [ "R", 1 ], [ "R", 1 ], [ "R", 1 ], [ "R", 1 ], [ "R", 1 ], [ "W", 1 ], [ "W", 1 ], [ "W", 1 ], [ "W", 1 ], [ "W", 1 ], [ "R", 1 ], [ "R", 31 ], [ "R", 31 ], [ "R", 31 ], [ "R", 31 ], [ "R", 31 ], [ "R", 6 ], [ "R", 6 ], [ "R", 6 ], [ "R", 6 ], [ "R", 6 ], [ "R", 6 ], [ "R", 7 ], [ "R", 7 ], [ "R", 6 ], [ "R", 7 ], [ "R", 7 ], [ "R", 6 ], [ "R", 7 ], [ "R", 7 ], [ "R", 6 ], [ "R", 6 ], [ "R", 37 ], [ "R", 37 ], [ "R", 37 ], [ "R", 37 ], [ "R", 37 ], [ "R", 23 ], [ "R", 23 ], [ "R", 23 ], [ "R", 23 ], [ "W", 23 ], [ "W", 23 ], [ "R", 42 ], [ "W", 23 ], [ "W", 42 ], [ "W", 23 ], [ "R", 23 ], [ "R", 23 ], [ "R", 23 ], [ "R", 23 ], [ "W", 23 ], [ "W", 23 ], [ "R", 42 ], [ "W", 23 ], [ "W", 42 ], [ "W", 23 ] ]
    } ]
  },
  "BCustomerUserController.registerCustomerUser" : {
    "t" : [ {
      "id" : 0,
      "a" : [ [ "R", 3 ], [ "R", 3 ], [ "R", 3 ], [ "R", 3 ], [ "R", 3 ], [ "R", 3 ], [ "R", 3 ], [ "R", 3 ], [ "R", 3 ], [ "R", 3 ], [ "R", 3 ], [ "R", 3 ], [ "R", 3 ], [ "R", 3 ], [ "W", 3 ], [ "W", 2 ], [ "W", 2 ], [ "W", 2 ], [ "W", 1 ], [ "W", 1 ], [ "W", 28 ], [ "W", 1 ], [ "W", 28 ], [ "W", 2 ], [ "W", 28 ], [ "R", 49 ], [ "R", 49 ], [ "R", 49 ], [ "R", 49 ], [ "W", 3 ], [ "W", 3 ], [ "W", 2 ], [ "W", 3 ], [ "W", 3 ], [ "W", 49 ], [ "R", 3 ], [ "R", 3 ], [ "W", 3 ], [ "W", 3 ], [ "R", 3 ], [ "R", 3 ], [ "R", 3 ], [ "R", 3 ], [ "R", 3 ], [ "R", 3 ], [ "R", 3 ], [ "W", 3 ], [ "W", 3 ] ]
    } ]
  },
  "SRoleController.authorityRole" : {
    "t" : [ {
      "id" : 0,
      "a" : [ [ "R", 49 ], [ "R", 49 ], [ "R", 49 ], [ "R", 49 ], [ "R", 49 ], [ "R", 49 ], [ "R", 49 ], [ "R", 49 ], [ "W", 49 ], [ "W", 46 ], [ "R", 46 ], [ "R", 46 ], [ "R", 46 ], [ "R", 46 ], [ "W", 49 ], [ "W", 46 ], [ "W", 49 ] ]
    } ]
  },
  "CPicMaterialController.toUpdatePicMtrl" : {
    "t" : [ {
      "id" : 0,
      "a" : [ [ "R", 31 ], [ "R", 31 ], [ "R", 31 ], [ "R", 31 ] ]
    } ]
  },
  "CArticleMaterialController.deleteArticleMtrl" : {
    "t" : [ {
      "id" : 0,
      "a" : [ [ "R", 6 ], [ "R", 6 ], [ "R", 6 ], [ "R", 6 ], [ "W", 6 ], [ "W", 6 ] ]
    } ]
  },
  "SUserController.findAllRolesJson" : {
    "t" : [ {
      "id" : 0,
      "a" : [ [ "R", 50 ], [ "R", 50 ], [ "R", 50 ], [ "R", 50 ], [ "R", 50 ], [ "R", 49 ], [ "R", 49 ], [ "R", 49 ], [ "R", 49 ], [ "R", 49 ], [ "R", 49 ] ]
    } ]
  },
  "SRoleController.toAuthorityRole" : {
    "t" : [ {
      "id" : 0,
      "a" : [ [ "R", 49 ], [ "R", 49 ], [ "R", 49 ], [ "R", 49 ], [ "R", 49 ], [ "R", 49 ], [ "R", 49 ], [ "R", 49 ], [ "R", 49 ], [ "R", 46 ], [ "R", 46 ], [ "R", 46 ], [ "R", 46 ], [ "R", 46 ], [ "R", 46 ], [ "R", 46 ], [ "R", 46 ], [ "R", 46 ], [ "R", 46 ], [ "R", 46 ], [ "R", 46 ], [ "R", 46 ] ]
    } ]
  },
  "CClickTwController.findByToken" : {
    "t" : [ {
      "id" : 0,
      "a" : [ [ "R", 13 ], [ "R", 13 ], [ "R", 13 ], [ "R", 13 ], [ "R", 42 ], [ "R", 13 ], [ "R", 42 ], [ "R", 42 ] ]
    } ]
  },
  "CPicMaterialController.saveCusPicMtrl" : {
    "t" : [ {
      "id" : 0,
      "a" : [ [ "R", 31 ], [ "W", 31 ], [ "W", 24 ], [ "W", 31 ], [ "R", 24 ], [ "R", 24 ], [ "R", 24 ], [ "R", 24 ], [ "R", 24 ], [ "W", 24 ], [ "W", 24 ], [ "W", 24 ], [ "W", 31 ] ]
    } ]
  },
  "CMenuConfigureController.menuConfigure_update" : {
    "t" : [ {
      "id" : 0,
      "a" : [ [ "R", 25 ], [ "W", 25 ], [ "W", 25 ], [ "W", 25 ], [ "R", 28 ], [ "R", 28 ], [ "R", 28 ], [ "R", 1 ], [ "R", 28 ], [ "R", 5 ], [ "R", 5 ], [ "R", 5 ], [ "R", 5 ], [ "R", 5 ], [ "R", 5 ], [ "R", 25 ], [ "R", 25 ], [ "R", 25 ], [ "R", 25 ], [ "R", 5 ], [ "R", 25 ], [ "R", 25 ], [ "R", 25 ], [ "R", 25 ], [ "R", 5 ], [ "R", 25 ], [ "R", 25 ], [ "R", 25 ], [ "R", 25 ], [ "R", 25 ], [ "R", 25 ], [ "R", 25 ], [ "R", 25 ], [ "R", 25 ], [ "R", 25 ], [ "R", 25 ], [ "R", 28 ], [ "R", 28 ], [ "R", 28 ], [ "R", 1 ], [ "R", 28 ], [ "R", 1 ], [ "R", 1 ], [ "R", 1 ], [ "R", 1 ], [ "R", 1 ], [ "R", 1 ], [ "W", 1 ], [ "W", 1 ], [ "W", 1 ], [ "W", 1 ], [ "W", 1 ], [ "R", 1 ] ]
    } ]
  },
  "CArticleMaterialController.saveCusArticleMtrl" : {
    "t" : [ {
      "id" : 0,
      "a" : [ [ "R", 6 ], [ "R", 7 ], [ "W", 7 ], [ "W", 7 ], [ "W", 7 ], [ "W", 6 ], [ "W", 7 ], [ "W", 6 ], [ "W", 24 ], [ "W", 6 ], [ "R", 24 ], [ "R", 24 ], [ "R", 24 ], [ "R", 24 ], [ "R", 24 ], [ "W", 24 ], [ "W", 24 ], [ "W", 24 ], [ "W", 6 ] ]
    } ]
  },
  "CFanUserController.getBindList" : {
    "t" : [ {
      "id" : 0,
      "a" : [ [ "R", 18 ], [ "R", 18 ], [ "R", 18 ], [ "R", 18 ], [ "R", 17 ], [ "R", 18 ], [ "R", 18 ], [ "R", 17 ], [ "W", 43 ], [ "W", 43 ], [ "W", 43 ], [ "W", 43 ], [ "W", 43 ], [ "W", 43 ] ]
    } ]
  },
  "CMassSendController.deleteMassSend" : {
    "t" : [ {
      "id" : 0,
      "a" : [ [ "R", 23 ], [ "R", 23 ], [ "R", 23 ], [ "R", 23 ], [ "W", 23 ], [ "W", 23 ] ]
    } ]
  },
  "SUserController.updateUserRole" : {
    "t" : [ {
      "id" : 0,
      "a" : [ [ "R", 50 ], [ "R", 50 ], [ "R", 50 ], [ "R", 50 ], [ "W", 50 ], [ "W", 49 ], [ "R", 49 ], [ "R", 49 ], [ "R", 49 ], [ "W", 50 ], [ "W", 49 ], [ "W", 50 ] ]
    } ]
  },
  "CReminderTempController.findInPage" : {
    "t" : [ {
      "id" : 0,
      "a" : [ [ "R", 48 ], [ "R", 48 ], [ "R", 48 ], [ "R", 48 ] ]
    } ]
  },
  "CPageMaterialController.findCusPageMtrlsJson" : {
    "t" : [ {
      "id" : 0,
      "a" : [ [ "R", 30 ], [ "R", 30 ], [ "R", 30 ], [ "R", 30 ], [ "R", 30 ], [ "R", 30 ] ]
    } ]
  },
  "CFanController.fanToaddCFeedBackPerson" : {
    "t" : [ {
      "id" : 0,
      "a" : [ [ "R", 17 ], [ "R", 17 ], [ "R", 17 ], [ "R", 17 ], [ "R", 17 ], [ "R", 18 ], [ "R", 17 ], [ "R", 18 ], [ "R", 17 ], [ "R", 18 ] ]
    } ]
  },
  "CFanUserController.toAdd" : {
    "t" : [ {
      "id" : 0,
      "a" : [ [ "W", 43 ], [ "W", 43 ], [ "W", 43 ], [ "W", 43 ], [ "W", 43 ], [ "W", 43 ] ]
    } ]
  },
  "SResourceController.findRootResource" : {
    "t" : [ {
      "id" : 0,
      "a" : [ [ "R", 46 ], [ "R", 46 ], [ "W", 46 ], [ "R", 46 ], [ "W", 46 ], [ "R", 46 ], [ "W", 46 ], [ "R", 46 ], [ "W", 46 ], [ "R", 46 ], [ "W", 46 ], [ "R", 46 ], [ "W", 46 ], [ "R", 46 ], [ "W", 46 ], [ "R", 46 ], [ "W", 46 ], [ "R", 46 ], [ "W", 46 ], [ "R", 46 ], [ "R", 42 ], [ "W", 46 ], [ "W", 42 ], [ "R", 46 ], [ "R", 46 ], [ "R", 46 ], [ "R", 46 ], [ "R", 46 ], [ "R", 46 ], [ "R", 46 ], [ "R", 46 ], [ "W", 46 ], [ "W", 46 ], [ "R", 46 ], [ "R", 46 ], [ "W", 46 ], [ "W", 46 ], [ "R", 46 ], [ "R", 46 ], [ "R", 46 ], [ "R", 46 ], [ "R", 46 ], [ "R", 46 ], [ "R", 46 ] ]
    } ]
  },
  "CStopWtrTempController.updateStopWtrTemp" : {
    "t" : [ {
      "id" : 0,
      "a" : [ [ "R", 35 ], [ "R", 35 ], [ "R", 35 ], [ "R", 35 ], [ "R", 35 ], [ "R", 35 ], [ "R", 35 ], [ "R", 35 ], [ "R", 42 ], [ "W", 35 ], [ "W", 35 ], [ "W", 35 ], [ "W", 35 ], [ "W", 35 ], [ "W", 35 ], [ "W", 35 ], [ "W", 42 ], [ "W", 35 ] ]
    } ]
  },
  "CLeaveWordsManageController.showLeaveWordsList" : {
    "t" : [ {
      "id" : 0,
      "a" : [ [ "R", 42 ], [ "R", 42 ] ]
    } ]
  },
  "PayStatementController.weChatDayReport" : {
    "t" : [ {
      "id" : 0,
      "a" : [ [ "R", 41 ], [ "R", 41 ], [ "R", 41 ], [ "R", 41 ], [ "R", 41 ], [ "R", 41 ], [ "R", 41 ], [ "R", 41 ], [ "R", 41 ], [ "R", 41 ], [ "R", 41 ] ]
    } ]
  },
  "CFanUserController.viewBindUser" : {
    "t" : [ {
      "id" : 0,
      "a" : [ [ "R", 18 ], [ "R", 18 ], [ "R", 18 ], [ "R", 18 ], [ "R", 18 ], [ "R", 17 ], [ "W", 43 ], [ "W", 43 ], [ "W", 43 ], [ "W", 43 ], [ "W", 43 ], [ "W", 43 ] ]
    } ]
  },
  "WxPayController.getWxPay" : {
    "t" : [ {
      "id" : 0,
      "a" : [ [ "R", 18 ], [ "R", 18 ], [ "R", 18 ], [ "R", 18 ], [ "R", 17 ], [ "R", 18 ], [ "R", 18 ], [ "R", 17 ], [ "W", 43 ], [ "W", 43 ], [ "W", 43 ], [ "W", 43 ], [ "W", 43 ], [ "W", 43 ] ]
    } ]
  },
  "CPicMaterialController.findCusPicMtrlsJson" : {
    "t" : [ {
      "id" : 0,
      "a" : [ [ "R", 31 ], [ "R", 31 ], [ "R", 31 ], [ "R", 31 ], [ "R", 31 ], [ "R", 31 ] ]
    } ]
  },
  "CAutoController.cauto_toUpdate" : {
    "t" : [ {
      "id" : 0,
      "a" : [ [ "R", 8 ], [ "R", 8 ], [ "R", 8 ], [ "R", 8 ], [ "R", 42 ], [ "R", 42 ], [ "R", 8 ], [ "R", 8 ], [ "R", 11 ], [ "R", 11 ], [ "R", 11 ], [ "R", 11 ], [ "R", 11 ], [ "R", 11 ], [ "R", 9 ], [ "R", 9 ], [ "R", 9 ], [ "R", 9 ], [ "R", 8 ], [ "R", 12 ], [ "R", 8 ], [ "R", 34 ] ]
    } ]
  },
  "CPageMaterialController.saveCusPageMtrl" : {
    "t" : [ {
      "id" : 0,
      "a" : [ [ "R", 30 ], [ "W", 30 ], [ "W", 30 ], [ "W", 24 ], [ "W", 30 ], [ "R", 24 ], [ "R", 24 ], [ "R", 24 ], [ "R", 24 ], [ "R", 24 ], [ "W", 24 ], [ "W", 24 ], [ "W", 24 ], [ "W", 30 ] ]
    } ]
  },
  "SResourceController.toUpdateResource" : {
    "t" : [ {
      "id" : 0,
      "a" : [ [ "R", 46 ], [ "R", 46 ], [ "R", 46 ], [ "R", 46 ] ]
    } ]
  },
  "SDictionaryController.findByTypeCode" : {
    "t" : [ {
      "id" : 0,
      "a" : [ [ "R", 42 ] ]
    } ]
  },
  "CMassSendController.preview" : {
    "t" : [ {
      "id" : 0,
      "a" : [ [ "R", 23 ], [ "R", 23 ], [ "R", 23 ], [ "R", 23 ], [ "R", 28 ], [ "R", 28 ], [ "R", 28 ], [ "R", 1 ], [ "R", 28 ], [ "R", 1 ], [ "R", 1 ], [ "R", 1 ], [ "R", 1 ], [ "R", 1 ], [ "R", 1 ], [ "W", 1 ], [ "W", 1 ], [ "W", 1 ], [ "W", 1 ], [ "W", 1 ], [ "R", 1 ], [ "R", 31 ], [ "R", 31 ], [ "R", 31 ], [ "R", 31 ], [ "R", 31 ], [ "R", 6 ], [ "R", 6 ], [ "R", 6 ], [ "R", 6 ], [ "R", 6 ], [ "R", 6 ], [ "R", 7 ], [ "R", 7 ], [ "R", 6 ], [ "R", 7 ], [ "R", 7 ], [ "R", 6 ], [ "R", 7 ], [ "R", 7 ], [ "R", 6 ], [ "R", 6 ], [ "R", 37 ], [ "R", 37 ], [ "R", 37 ], [ "R", 37 ], [ "R", 37 ] ]
    } ]
  },
  "SUserController.findPageByJson" : {
    "t" : [ {
      "id" : 0,
      "a" : [ [ "R", 50 ] ]
    } ]
  },
  "BillController.oldWaterBill" : {
    "t" : [ {
      "id" : 0,
      "a" : [ [ "W", 43 ], [ "W", 43 ], [ "W", 43 ], [ "W", 43 ], [ "W", 43 ], [ "W", 43 ] ]
    } ]
  },
  "CCmsYywdController.toUpdateYywdWx" : {
    "t" : [ {
      "id" : 0,
      "a" : [ [ "R", 15 ], [ "W", 43 ], [ "W", 43 ], [ "W", 43 ], [ "W", 43 ], [ "W", 43 ], [ "W", 43 ] ]
    } ]
  },
  "CArticleMaterialController.checkMtrlId" : {
    "t" : [ {
      "id" : 0,
      "a" : [ [ "R", 6 ], [ "R", 6 ], [ "R", 6 ], [ "R", 6 ] ]
    } ]
  },
  "CMassSendController.findCusMassSendsJson" : {
    "t" : [ {
      "id" : 0,
      "a" : [ [ "R", 23 ], [ "R", 23 ], [ "R", 23 ], [ "R", 23 ], [ "R", 23 ] ]
    } ]
  },
  "CCommonPersonController.findAllCCommonPersonByToken" : {
    "t" : [ {
      "id" : 0,
      "a" : [ [ "R", 16 ], [ "R", 16 ], [ "R", 16 ], [ "R", 16 ], [ "R", 16 ], [ "R", 16 ], [ "R", 16 ], [ "R", 16 ] ]
    } ]
  },
  "CCmsController.findCmsJson" : {
    "t" : [ {
      "id" : 0,
      "a" : [ [ "R", 48 ], [ "R", 48 ], [ "R", 48 ], [ "R", 48 ], [ "R", 14 ], [ "R", 14 ], [ "R", 14 ], [ "R", 14 ], [ "R", 14 ], [ "R", 42 ], [ "R", 14 ], [ "R", 14 ], [ "R", 14 ], [ "R", 42 ], [ "R", 14 ], [ "R", 42 ], [ "R", 48 ], [ "R", 14 ], [ "R", 14 ], [ "R", 14 ], [ "R", 14 ], [ "R", 14 ], [ "R", 42 ], [ "R", 14 ], [ "R", 14 ], [ "R", 14 ], [ "R", 42 ], [ "R", 14 ], [ "R", 42 ], [ "R", 14 ], [ "R", 14 ], [ "R", 14 ], [ "R", 42 ], [ "R", 14 ], [ "R", 14 ], [ "R", 14 ], [ "R", 14 ], [ "R", 42 ], [ "R", 14 ], [ "R", 14 ], [ "R", 42 ] ]
    } ]
  },
  "SUserController.checkByLoginName" : {
    "t" : [ {
      "id" : 0,
      "a" : [ [ "R", 50 ], [ "R", 50 ], [ "R", 50 ], [ "R", 50 ] ]
    } ]
  },
  "SRoleController.findRolesJson" : {
    "t" : [ {
      "id" : 0,
      "a" : [ [ "R", 49 ], [ "R", 49 ], [ "R", 49 ], [ "R", 49 ], [ "R", 49 ], [ "R", 49 ] ]
    } ]
  },
  "SUserController.checkByMobile" : {
    "t" : [ {
      "id" : 0,
      "a" : [ [ "R", 50 ], [ "R", 50 ], [ "R", 50 ], [ "R", 50 ] ]
    } ]
  },
  "CFeedBackManageController.showFeedBackView" : {
    "t" : [ {
      "id" : 0,
      "a" : [ [ "R", 19 ], [ "R", 19 ], [ "R", 19 ], [ "R", 19 ], [ "R", 19 ], [ "R", 19 ], [ "R", 19 ], [ "R", 19 ], [ "R", 19 ] ]
    } ]
  },
  "CNoticeTempController.sendNoticeTemp" : {
    "t" : [ {
      "id" : 0,
      "a" : [ [ "R", 28 ], [ "R", 28 ], [ "R", 28 ], [ "R", 1 ], [ "R", 28 ], [ "R", 1 ], [ "R", 1 ], [ "R", 1 ], [ "R", 1 ], [ "R", 1 ], [ "R", 1 ], [ "W", 1 ], [ "W", 1 ], [ "W", 1 ], [ "W", 1 ], [ "W", 1 ], [ "R", 1 ], [ "R", 36 ], [ "R", 36 ], [ "R", 36 ], [ "R", 36 ], [ "W", 36 ], [ "W", 36 ], [ "W", 36 ], [ "R", 36 ], [ "R", 36 ], [ "R", 29 ], [ "R", 42 ], [ "W", 29 ], [ "W", 42 ], [ "W", 29 ], [ "W", 29 ] ]
    } ]
  },
  "CFeedBackPersonController.saveCFeedBackPerson" : {
    "t" : [ {
      "id" : 0,
      "a" : [ [ "R", 20 ], [ "W", 20 ] ]
    } ]
  },
  "CCmsController.deleteCmsBatch" : {
    "t" : [ {
      "id" : 0,
      "a" : [ [ "R", 14 ], [ "R", 14 ], [ "W", 14 ], [ "W", 14 ], [ "R", 14 ] ]
    } ]
  },
  "SLoginLogController.findLoginLogJson" : {
    "t" : [ {
      "id" : 0,
      "a" : [ [ "R", 44 ], [ "R", 44 ], [ "R", 44 ] ]
    } ]
  },
  "CFanController.findPageByJson" : {
    "t" : [ {
      "id" : 0,
      "a" : [ [ "R", 17 ], [ "R", 17 ], [ "R", 18 ], [ "R", 17 ], [ "R", 18 ], [ "R", 17 ], [ "R", 18 ] ]
    } ]
  },
  "CTextMaterialController.deleteTextMtrl" : {
    "t" : [ {
      "id" : 0,
      "a" : [ [ "R", 37 ], [ "R", 37 ], [ "R", 37 ], [ "R", 37 ], [ "W", 37 ], [ "W", 37 ] ]
    } ]
  },
  "SUserController.toUpdateUserRole" : {
    "t" : [ {
      "id" : 0,
      "a" : [ [ "R", 50 ], [ "R", 50 ], [ "R", 50 ], [ "R", 50 ] ]
    } ]
  },
  "CStopWtrTempController.findStopWtrTempsJson" : {
    "t" : [ {
      "id" : 0,
      "a" : [ [ "R", 35 ], [ "R", 35 ], [ "R", 35 ], [ "R", 35 ], [ "R", 35 ] ]
    } ]
  },
  "CFanController.findAllInPage" : {
    "t" : [ {
      "id" : 0,
      "a" : [ [ "R", 42 ] ]
    } ]
  },
  "SUserController.updatePersonalInfo" : {
    "t" : [ {
      "id" : 0,
      "a" : [ [ "R", 50 ], [ "R", 50 ], [ "R", 50 ], [ "R", 50 ], [ "R", 50 ], [ "R", 50 ], [ "R", 50 ], [ "R", 50 ], [ "R", 50 ], [ "R", 50 ], [ "R", 50 ], [ "R", 50 ], [ "R", 50 ], [ "R", 50 ], [ "R", 50 ], [ "R", 50 ], [ "R", 50 ], [ "R", 50 ], [ "R", 50 ], [ "R", 50 ], [ "R", 50 ], [ "R", 42 ], [ "W", 50 ], [ "W", 42 ], [ "R", 50 ], [ "R", 49 ], [ "W", 50 ], [ "W", 49 ], [ "W", 50 ] ]
    } ]
  },
  "SRoleController.deleteRole" : {
    "t" : [ {
      "id" : 0,
      "a" : [ [ "R", 49 ], [ "R", 49 ], [ "R", 49 ], [ "R", 49 ], [ "W", 49 ], [ "W", 49 ], [ "W", 3 ], [ "W", 49 ], [ "W", 46 ], [ "W", 49 ], [ "W", 50 ], [ "W", 49 ] ]
    } ]
  },
  "CFeedBackManageController.showFeedBackList" : {
    "t" : [ {
      "id" : 0,
      "a" : [ [ "R", 42 ], [ "R", 42 ] ]
    } ]
  },
  "PayStatementController.weChatDayCount" : {
    "t" : [ {
      "id" : 0,
      "a" : [ [ "R", 41 ], [ "R", 41 ], [ "R", 41 ], [ "R", 41 ], [ "R", 41 ], [ "R", 41 ], [ "R", 41 ], [ "R", 41 ], [ "R", 41 ], [ "R", 41 ], [ "R", 41 ] ]
    } ]
  },
  "BCustomerUserController.toViewUser" : {
    "t" : [ {
      "id" : 0,
      "a" : [ [ "R", 3 ], [ "R", 3 ], [ "R", 3 ], [ "R", 3 ] ]
    } ]
  },
  "SUserController.checkByEmail" : {
    "t" : [ {
      "id" : 0,
      "a" : [ [ "R", 50 ], [ "R", 50 ], [ "R", 50 ], [ "R", 50 ] ]
    } ]
  },
  "WeiXinController.process" : {
    "t" : [ {
      "id" : 0,
      "a" : [ [ "R", 8 ], [ "R", 42 ], [ "R", 42 ], [ "R", 8 ], [ "R", 8 ], [ "R", 42 ], [ "R", 42 ], [ "R", 11 ], [ "R", 11 ], [ "R", 11 ], [ "R", 11 ], [ "R", 11 ], [ "R", 11 ], [ "R", 12 ], [ "R", 12 ], [ "R", 12 ], [ "R", 12 ], [ "R", 12 ], [ "R", 8 ], [ "R", 8 ], [ "R", 12 ], [ "R", 8 ], [ "R", 8 ], [ "R", 12 ], [ "R", 8 ], [ "R", 8 ], [ "R", 11 ], [ "R", 12 ], [ "R", 8 ], [ "R", 8 ], [ "R", 11 ], [ "R", 11 ], [ "R", 8 ], [ "R", 28 ], [ "R", 28 ], [ "R", 28 ], [ "R", 1 ], [ "R", 28 ], [ "R", 1 ], [ "R", 1 ], [ "R", 1 ], [ "R", 1 ], [ "R", 1 ], [ "R", 1 ], [ "W", 1 ], [ "W", 1 ], [ "W", 1 ], [ "W", 1 ], [ "W", 1 ], [ "R", 1 ], [ "R", 10 ], [ "R", 10 ], [ "R", 10 ], [ "R", 10 ], [ "R", 8 ], [ "R", 42 ], [ "R", 42 ], [ "R", 8 ], [ "R", 8 ], [ "R", 42 ], [ "R", 42 ], [ "R", 11 ], [ "R", 11 ], [ "R", 11 ], [ "R", 11 ], [ "R", 11 ], [ "R", 11 ], [ "W", 43 ], [ "W", 43 ], [ "W", 43 ], [ "W", 43 ], [ "W", 43 ], [ "W", 43 ], [ "W", 43 ], [ "W", 43 ], [ "W", 43 ], [ "W", 43 ], [ "W", 43 ], [ "W", 43 ], [ "W", 43 ], [ "W", 43 ], [ "W", 43 ], [ "W", 43 ], [ "W", 43 ], [ "W", 43 ], [ "W", 43 ], [ "W", 43 ], [ "W", 43 ], [ "W", 43 ], [ "W", 43 ], [ "W", 43 ], [ "W", 43 ], [ "W", 43 ], [ "W", 43 ], [ "W", 43 ], [ "W", 43 ], [ "W", 43 ], [ "W", 43 ], [ "W", 43 ], [ "W", 43 ], [ "W", 43 ], [ "W", 43 ], [ "W", 43 ], [ "R", 28 ], [ "R", 28 ], [ "R", 28 ], [ "R", 1 ], [ "R", 28 ], [ "R", 1 ], [ "R", 1 ], [ "R", 1 ], [ "R", 1 ], [ "R", 1 ], [ "R", 1 ], [ "W", 1 ], [ "W", 1 ], [ "W", 1 ], [ "W", 1 ], [ "W", 1 ], [ "R", 1 ], [ "R", 17 ], [ "R", 17 ], [ "R", 17 ], [ "R", 17 ], [ "R", 17 ], [ "W", 17 ], [ "W", 17 ], [ "W", 17 ], [ "W", 17 ], [ "R", 42 ], [ "W", 17 ], [ "W", 42 ], [ "R", 42 ], [ "W", 17 ], [ "W", 42 ], [ "R", 42 ], [ "W", 17 ], [ "W", 42 ], [ "W", 17 ], [ "W", 17 ], [ "W", 17 ], [ "W", 17 ], [ "W", 17 ], [ "W", 17 ], [ "R", 17 ], [ "R", 18 ], [ "W", 18 ], [ "W", 18 ], [ "R", 10 ], [ "R", 10 ], [ "R", 10 ], [ "R", 10 ], [ "R", 42 ], [ "R", 42 ], [ "W", 43 ], [ "W", 43 ], [ "W", 43 ], [ "W", 43 ], [ "W", 43 ], [ "W", 43 ], [ "R", 17 ], [ "R", 17 ], [ "R", 17 ], [ "R", 17 ], [ "R", 17 ], [ "W", 17 ], [ "W", 17 ], [ "W", 17 ], [ "R", 17 ], [ "R", 18 ], [ "W", 18 ], [ "W", 18 ], [ "W", 43 ], [ "W", 43 ], [ "W", 43 ], [ "W", 43 ], [ "W", 43 ], [ "W", 43 ], [ "R", 17 ], [ "R", 17 ], [ "R", 17 ], [ "R", 17 ], [ "R", 17 ], [ "R", 13 ], [ "R", 13 ], [ "R", 13 ], [ "R", 13 ], [ "R", 42 ], [ "R", 13 ], [ "W", 13 ], [ "W", 13 ], [ "R", 13 ], [ "R", 13 ], [ "R", 13 ], [ "R", 13 ], [ "R", 13 ], [ "R", 13 ], [ "R", 13 ], [ "R", 13 ], [ "R", 13 ], [ "R", 13 ], [ "R", 13 ], [ "R", 42 ], [ "R", 13 ], [ "W", 13 ], [ "W", 13 ], [ "R", 13 ], [ "R", 13 ], [ "R", 13 ], [ "R", 13 ], [ "R", 13 ], [ "R", 13 ], [ "R", 13 ], [ "R", 13 ], [ "R", 13 ], [ "R", 13 ], [ "R", 13 ], [ "R", 42 ], [ "R", 13 ], [ "W", 13 ], [ "W", 13 ], [ "R", 13 ], [ "R", 13 ], [ "R", 13 ], [ "R", 13 ], [ "R", 13 ], [ "R", 13 ], [ "R", 13 ], [ "R", 13 ], [ "R", 13 ], [ "R", 13 ], [ "R", 13 ], [ "R", 42 ], [ "R", 13 ], [ "W", 13 ], [ "W", 13 ], [ "R", 13 ], [ "R", 13 ], [ "R", 13 ], [ "W", 43 ], [ "W", 43 ], [ "W", 43 ], [ "W", 43 ], [ "W", 43 ], [ "W", 43 ] ]
    } ]
  },
  "CFeedBackManageController.toUpdateFeedBack" : {
    "t" : [ {
      "id" : 0,
      "a" : [ [ "R", 42 ], [ "R", 42 ], [ "R", 19 ], [ "R", 19 ], [ "R", 19 ], [ "R", 19 ], [ "R", 19 ], [ "R", 19 ], [ "R", 19 ], [ "R", 19 ], [ "R", 19 ], [ "R", 42 ] ]
    } ]
  },
  "SRoleController.updateRole" : {
    "t" : [ {
      "id" : 0,
      "a" : [ [ "R", 49 ], [ "R", 49 ], [ "R", 49 ], [ "R", 49 ], [ "R", 49 ], [ "R", 49 ], [ "R", 49 ], [ "R", 49 ], [ "R", 49 ], [ "R", 49 ], [ "R", 49 ], [ "R", 49 ], [ "W", 49 ], [ "W", 49 ], [ "W", 49 ], [ "W", 49 ] ]
    } ]
  },
  "CStopWtrTempController.saveStopWtrTemp" : {
    "t" : [ {
      "id" : 0,
      "a" : [ [ "R", 35 ], [ "R", 42 ], [ "W", 35 ], [ "W", 42 ], [ "R", 35 ], [ "R", 35 ], [ "R", 35 ], [ "R", 35 ], [ "R", 35 ], [ "R", 35 ], [ "R", 35 ], [ "W", 35 ], [ "W", 35 ] ]
    } ]
  },
  "CReminderTempController.sendReminderTempForBindUser" : {
    "t" : [ {
      "id" : 0,
      "a" : [ [ "R", 28 ], [ "R", 28 ], [ "R", 28 ], [ "R", 1 ], [ "R", 28 ], [ "R", 1 ], [ "R", 1 ], [ "R", 1 ], [ "R", 1 ], [ "R", 1 ], [ "R", 1 ], [ "W", 1 ], [ "W", 1 ], [ "W", 1 ], [ "W", 1 ], [ "W", 1 ], [ "R", 1 ], [ "R", 36 ], [ "R", 36 ], [ "R", 36 ], [ "R", 36 ], [ "W", 36 ], [ "W", 36 ], [ "W", 36 ], [ "R", 36 ], [ "R", 32 ], [ "W", 32 ], [ "R", 42 ], [ "W", 32 ], [ "W", 42 ], [ "W", 32 ] ]
    } ]
  },
  "SUserController.toUpdateUser" : {
    "t" : [ {
      "id" : 0,
      "a" : [ [ "R", 50 ], [ "R", 50 ], [ "R", 50 ], [ "R", 50 ] ]
    } ]
  },
  "AnswerController.openArticle" : {
    "t" : [ {
      "id" : 0,
      "a" : [ [ "R", 11 ], [ "R", 11 ], [ "R", 9 ], [ "R", 11 ], [ "R", 9 ], [ "R", 9 ], [ "R", 9 ], [ "W", 43 ], [ "W", 43 ], [ "W", 43 ], [ "W", 43 ], [ "W", 43 ], [ "W", 43 ] ]
    } ]
  },
  "CFeedBackManageController.showFeedBackAdd" : {
    "t" : [ {
      "id" : 0,
      "a" : [ [ "R", 28 ], [ "R", 28 ], [ "R", 28 ], [ "R", 1 ], [ "R", 28 ], [ "R", 1 ], [ "R", 1 ], [ "R", 1 ], [ "R", 1 ], [ "R", 1 ], [ "R", 1 ], [ "W", 1 ], [ "W", 1 ], [ "W", 1 ], [ "W", 1 ], [ "W", 1 ], [ "R", 1 ], [ "R", 28 ], [ "R", 28 ], [ "R", 28 ], [ "R", 1 ], [ "R", 28 ], [ "R", 4 ], [ "R", 4 ], [ "R", 4 ] ]
    } ]
  },
  "CTextMaterialController.checkMtrlId" : {
    "t" : [ {
      "id" : 0,
      "a" : [ [ "R", 37 ], [ "R", 37 ], [ "R", 37 ], [ "R", 37 ] ]
    } ]
  },
  "LoginController.cusMain" : {
    "t" : [ {
      "id" : 0,
      "a" : [ [ "R", 46 ], [ "R", 46 ], [ "R", 46 ], [ "R", 46 ], [ "R", 46 ], [ "R", 46 ], [ "R", 46 ], [ "R", 46 ], [ "R", 46 ], [ "R", 47 ], [ "R", 47 ], [ "R", 47 ], [ "R", 47 ], [ "R", 47 ], [ "R", 46 ], [ "R", 46 ], [ "R", 46 ], [ "R", 42 ], [ "R", 46 ], [ "R", 42 ], [ "R", 42 ], [ "R", 46 ], [ "R", 46 ], [ "R", 46 ], [ "R", 46 ], [ "W", 46 ], [ "R", 46 ], [ "W", 46 ], [ "R", 46 ], [ "W", 46 ], [ "R", 46 ], [ "W", 46 ], [ "R", 46 ], [ "W", 46 ], [ "R", 46 ], [ "W", 46 ], [ "R", 46 ], [ "W", 46 ], [ "R", 46 ], [ "W", 46 ], [ "R", 46 ], [ "W", 46 ], [ "R", 46 ], [ "R", 42 ], [ "W", 46 ], [ "W", 42 ], [ "R", 46 ], [ "R", 46 ], [ "R", 46 ], [ "R", 46 ], [ "R", 46 ], [ "R", 46 ], [ "R", 46 ], [ "R", 46 ], [ "W", 46 ], [ "W", 46 ], [ "R", 28 ], [ "R", 28 ], [ "R", 28 ], [ "R", 1 ], [ "R", 28 ], [ "R", 28 ] ]
    } ]
  },
  "PayOrderController.inserOrder" : {
    "t" : [ {
      "id" : 0,
      "a" : [ [ "W", 41 ], [ "W", 41 ], [ "W", 41 ], [ "W", 41 ], [ "W", 41 ], [ "W", 41 ], [ "W", 41 ], [ "W", 41 ], [ "W", 41 ], [ "W", 41 ], [ "W", 41 ] ]
    } ]
  },
  "CFanUserController.deleteFanUserBatch" : {
    "t" : [ {
      "id" : 0,
      "a" : [ [ "R", 18 ], [ "R", 18 ], [ "R", 18 ], [ "R", 18 ], [ "R", 18 ], [ "W", 18 ], [ "W", 18 ] ]
    } ]
  },
  "CNoticeTempController.updateNoticeTemp" : {
    "t" : [ {
      "id" : 0,
      "a" : [ [ "R", 29 ], [ "R", 42 ], [ "W", 29 ], [ "W", 29 ], [ "W", 29 ], [ "W", 29 ], [ "W", 29 ], [ "W", 42 ], [ "W", 29 ] ]
    } ]
  },
  "BCustomerUserController.toAddCustomerUser" : {
    "t" : [ {
      "id" : 0,
      "a" : [ [ "R", 49 ], [ "R", 49 ], [ "R", 49 ], [ "R", 49 ], [ "R", 49 ], [ "R", 49 ], [ "R", 48 ] ]
    } ]
  },
  "CCmsController.toUpdateCmsWx" : {
    "t" : [ {
      "id" : 0,
      "a" : [ [ "R", 14 ], [ "R", 42 ], [ "R", 42 ], [ "R", 42 ], [ "W", 43 ], [ "W", 43 ], [ "W", 43 ], [ "W", 43 ], [ "W", 43 ], [ "W", 43 ] ]
    } ]
  },
  "BCustomerUserController.initPassword" : {
    "t" : [ {
      "id" : 0,
      "a" : [ [ "R", 3 ], [ "R", 3 ], [ "R", 3 ], [ "R", 3 ], [ "R", 3 ], [ "W", 3 ], [ "W", 3 ] ]
    } ]
  },
  "PayOrderController.wXPaySuccess" : {
    "t" : [ {
      "id" : 0,
      "a" : [ [ "R", 41 ], [ "R", 41 ], [ "R", 41 ], [ "R", 41 ], [ "R", 41 ], [ "R", 41 ], [ "W", 41 ], [ "W", 41 ], [ "W", 41 ], [ "W", 41 ], [ "W", 41 ], [ "R", 41 ], [ "R", 39 ], [ "R", 39 ], [ "R", 39 ], [ "R", 39 ], [ "W", 39 ], [ "W", 39 ], [ "W", 39 ], [ "R", 28 ], [ "R", 28 ], [ "R", 28 ], [ "R", 1 ], [ "R", 28 ], [ "R", 1 ], [ "R", 1 ], [ "R", 1 ], [ "R", 1 ], [ "R", 1 ], [ "R", 1 ], [ "W", 1 ], [ "W", 1 ], [ "W", 1 ], [ "W", 1 ], [ "W", 1 ], [ "R", 1 ], [ "R", 41 ], [ "R", 41 ], [ "R", 41 ], [ "R", 41 ], [ "R", 41 ], [ "W", 41 ], [ "W", 41 ], [ "W", 41 ], [ "W", 41 ], [ "R", 41 ], [ "R", 39 ], [ "R", 39 ], [ "R", 39 ], [ "R", 39 ], [ "W", 39 ], [ "W", 39 ], [ "W", 39 ] ]
    } ]
  },
  "CMenuConfigureController.findCmsListByMenuLable" : {
    "t" : [ {
      "id" : 0,
      "a" : [ [ "R", 25 ], [ "R", 25 ], [ "R", 25 ], [ "R", 25 ], [ "R", 25 ], [ "R", 25 ] ]
    } ]
  },
  "CFanUserController.deleteBindUser" : {
    "t" : [ {
      "id" : 0,
      "a" : [ [ "R", 18 ], [ "R", 18 ], [ "R", 18 ], [ "R", 18 ], [ "W", 18 ], [ "W", 18 ], [ "W", 43 ], [ "W", 43 ], [ "W", 43 ], [ "W", 43 ], [ "W", 43 ], [ "W", 43 ] ]
    } ]
  },
  "CFeedBackManageController.updateFeedback" : {
    "t" : [ {
      "id" : 0,
      "a" : [ [ "R", 19 ], [ "R", 19 ], [ "R", 19 ], [ "R", 19 ], [ "W", 19 ], [ "W", 19 ], [ "R", 42 ], [ "W", 19 ], [ "W", 42 ], [ "W", 19 ], [ "W", 19 ], [ "R", 19 ], [ "R", 19 ], [ "R", 19 ], [ "R", 19 ], [ "R", 19 ], [ "R", 19 ], [ "R", 28 ], [ "R", 28 ], [ "R", 28 ], [ "R", 1 ], [ "R", 28 ], [ "R", 1 ], [ "R", 1 ], [ "R", 1 ], [ "R", 1 ], [ "R", 1 ], [ "R", 1 ], [ "W", 1 ], [ "W", 1 ], [ "W", 1 ], [ "W", 1 ], [ "W", 1 ], [ "R", 1 ], [ "R", 19 ], [ "R", 19 ], [ "R", 19 ], [ "R", 19 ], [ "W", 19 ], [ "W", 19 ] ]
    } ]
  },
  "SUserController.toViewUser" : {
    "t" : [ {
      "id" : 0,
      "a" : [ [ "R", 50 ], [ "R", 50 ], [ "R", 50 ], [ "R", 50 ] ]
    } ]
  },
  "SOperateLogController.findOperate" : {
    "t" : [ {
      "id" : 0,
      "a" : [ [ "R", 45 ], [ "R", 45 ] ]
    } ]
  },
  "BCustomerUserController.toUpdateUser" : {
    "t" : [ {
      "id" : 0,
      "a" : [ [ "R", 3 ], [ "R", 3 ], [ "R", 3 ], [ "R", 3 ], [ "R", 3 ], [ "R", 3 ], [ "R", 3 ], [ "R", 17 ], [ "R", 17 ], [ "R", 17 ], [ "R", 17 ], [ "R", 17 ], [ "R", 18 ], [ "R", 17 ], [ "R", 18 ], [ "R", 17 ], [ "R", 18 ], [ "R", 49 ], [ "R", 49 ], [ "R", 49 ], [ "R", 49 ], [ "R", 49 ], [ "R", 49 ], [ "R", 48 ] ]
    } ]
  },
  "SUserController.disableUser" : {
    "t" : [ {
      "id" : 0,
      "a" : [ [ "R", 50 ], [ "R", 50 ], [ "R", 50 ], [ "R", 50 ], [ "W", 50 ], [ "W", 50 ] ]
    } ]
  },
  "CTextMaterialController.saveCusTextMtrl" : {
    "t" : [ {
      "id" : 0,
      "a" : [ [ "R", 37 ], [ "W", 37 ], [ "W", 24 ], [ "W", 37 ], [ "R", 24 ], [ "R", 24 ], [ "R", 24 ], [ "R", 24 ], [ "R", 24 ], [ "W", 24 ], [ "W", 24 ], [ "W", 24 ], [ "W", 37 ] ]
    } ]
  },
  "SUserController.deleteUsers" : {
    "t" : [ {
      "id" : 0,
      "a" : [ [ "R", 50 ], [ "R", 50 ], [ "R", 50 ], [ "R", 50 ], [ "W", 50 ], [ "W", 50 ] ]
    } ]
  },
  "CPageMaterialController.inherit" : {
    "t" : [ {
      "id" : 0,
      "a" : [ [ "R", 30 ], [ "R", 30 ], [ "R", 30 ], [ "R", 30 ] ]
    } ]
  },
  "CFeedBackManageController.showFeedbackList" : {
    "t" : [ {
      "id" : 0,
      "a" : [ [ "R", 19 ], [ "R", 19 ], [ "R", 19 ] ]
    } ]
  },
  "CStopWtrTempController.toUpdateTextStopWtrTemp" : {
    "t" : [ {
      "id" : 0,
      "a" : [ [ "R", 35 ], [ "R", 35 ], [ "R", 35 ], [ "R", 35 ] ]
    } ]
  },
  "CArticleMaterialController.findArticleMtrlsJson" : {
    "t" : [ {
      "id" : 0,
      "a" : [ [ "R", 6 ], [ "R", 6 ], [ "R", 6 ], [ "R", 6 ], [ "R", 6 ], [ "R", 6 ] ]
    } ]
  },
  "CAutoController.cauto_delete" : {
    "t" : [ {
      "id" : 0,
      "a" : [ [ "R", 8 ], [ "W", 8 ], [ "R", 8 ], [ "R", 34 ], [ "W", 8 ], [ "W", 34 ], [ "R", 8 ], [ "R", 12 ], [ "W", 12 ], [ "W", 8 ] ]
    } ]
  },
  "CArticleMaterialController.updateArticleMtrl" : {
    "t" : [ {
      "id" : 0,
      "a" : [ [ "R", 6 ], [ "R", 6 ], [ "R", 6 ], [ "R", 6 ], [ "R", 6 ], [ "R", 6 ], [ "R", 6 ], [ "R", 6 ], [ "R", 6 ], [ "W", 6 ], [ "W", 6 ], [ "W", 6 ], [ "W", 6 ], [ "W", 6 ], [ "R", 7 ], [ "R", 7 ], [ "R", 7 ], [ "R", 7 ], [ "W", 7 ], [ "W", 7 ], [ "W", 7 ], [ "W", 7 ], [ "W", 6 ], [ "W", 7 ], [ "W", 6 ], [ "W", 24 ], [ "W", 6 ], [ "W", 24 ], [ "W", 6 ], [ "R", 24 ], [ "R", 24 ], [ "R", 24 ], [ "R", 24 ], [ "R", 24 ], [ "W", 24 ], [ "W", 24 ], [ "W", 24 ], [ "W", 6 ] ]
    } ]
  },
  "CTextMaterialController.setTime" : {
    "t" : [ {
      "id" : 0,
      "a" : [ [ "W", 51 ], [ "W", 51 ], [ "W", 51 ], [ "W", 51 ], [ "W", 51 ], [ "W", 51 ], [ "W", 51 ], [ "W", 51 ], [ "W", 51 ] ]
    } ]
  },
  "CArticleMaterialController.toUpdateArticleMtrl" : {
    "t" : [ {
      "id" : 0,
      "a" : [ [ "R", 6 ], [ "R", 6 ], [ "R", 6 ], [ "R", 6 ] ]
    } ]
  },
  "CCmsYywdController.findYywdJsonWx" : {
    "t" : [ {
      "id" : 0,
      "a" : [ [ "R", 15 ], [ "R", 15 ], [ "R", 15 ], [ "R", 15 ], [ "R", 15 ], [ "R", 15 ], [ "R", 15 ], [ "R", 15 ], [ "R", 15 ], [ "R", 15 ] ]
    } ]
  },
  "CPageMaterialController.toUpdatePageMtrl" : {
    "t" : [ {
      "id" : 0,
      "a" : [ [ "R", 30 ], [ "R", 30 ], [ "R", 30 ], [ "R", 30 ] ]
    } ]
  },
  "CNoticeTempController.sendNoticeTempForBindUser" : {
    "t" : [ {
      "id" : 0,
      "a" : [ [ "R", 28 ], [ "R", 28 ], [ "R", 28 ], [ "R", 1 ], [ "R", 28 ], [ "R", 1 ], [ "R", 1 ], [ "R", 1 ], [ "R", 1 ], [ "R", 1 ], [ "R", 1 ], [ "W", 1 ], [ "W", 1 ], [ "W", 1 ], [ "W", 1 ], [ "W", 1 ], [ "R", 1 ], [ "R", 36 ], [ "R", 36 ], [ "R", 36 ], [ "R", 36 ], [ "W", 36 ], [ "W", 36 ], [ "W", 36 ], [ "R", 36 ], [ "R", 36 ], [ "R", 29 ], [ "R", 42 ], [ "W", 29 ], [ "W", 42 ], [ "W", 29 ], [ "W", 29 ] ]
    } ]
  },
  "CReminderTempController.updateReminderTemp" : {
    "t" : [ {
      "id" : 0,
      "a" : [ [ "R", 32 ], [ "R", 32 ], [ "R", 32 ], [ "R", 32 ], [ "R", 32 ], [ "R", 32 ], [ "R", 32 ], [ "R", 32 ], [ "R", 42 ], [ "W", 32 ], [ "W", 32 ], [ "W", 32 ], [ "W", 32 ], [ "W", 32 ], [ "W", 32 ], [ "W", 42 ], [ "W", 32 ] ]
    } ]
  },
  "CFeedBackPersonController.updateCCommonPerson" : {
    "t" : [ {
      "id" : 0,
      "a" : [ [ "R", 20 ], [ "W", 20 ] ]
    } ]
  },
  "CFeedBackManageController.showCloudFeedbackList" : {
    "t" : [ {
      "id" : 0,
      "a" : [ [ "R", 28 ], [ "R", 28 ], [ "R", 28 ], [ "R", 1 ], [ "R", 28 ], [ "R", 1 ], [ "R", 1 ], [ "R", 1 ], [ "R", 1 ], [ "R", 1 ], [ "R", 1 ], [ "W", 1 ], [ "W", 1 ], [ "W", 1 ], [ "W", 1 ], [ "W", 1 ], [ "R", 1 ], [ "R", 28 ], [ "R", 28 ], [ "R", 28 ], [ "R", 1 ], [ "R", 28 ], [ "R", 4 ], [ "R", 4 ], [ "R", 4 ] ]
    } ]
  },
  "CNoticeTempController.deleteNoticeTemp" : {
    "t" : [ {
      "id" : 0,
      "a" : [ [ "R", 29 ], [ "R", 29 ], [ "R", 29 ], [ "R", 29 ], [ "W", 29 ], [ "W", 29 ] ]
    } ]
  },
  "CCmsYywdController.updateYywd" : {
    "t" : [ {
      "id" : 0,
      "a" : [ [ "R", 15 ], [ "W", 15 ] ]
    } ]
  },
  "CNoticeTempController.toUpdateNoticeTemp" : {
    "t" : [ {
      "id" : 0,
      "a" : [ [ "R", 29 ] ]
    } ]
  },
  "CFanUserController.saveBindUser" : {
    "t" : [ {
      "id" : 0,
      "a" : [ [ "R", 17 ], [ "R", 17 ], [ "R", 17 ], [ "R", 17 ], [ "W", 18 ], [ "W", 18 ], [ "W", 18 ], [ "W", 18 ], [ "W", 18 ], [ "W", 18 ], [ "W", 17 ], [ "W", 18 ], [ "W", 18 ], [ "W", 18 ], [ "W", 18 ], [ "W", 43 ], [ "W", 43 ], [ "W", 43 ], [ "W", 43 ], [ "W", 43 ], [ "W", 43 ] ]
    } ]
  },
  "SResourceController.saveResource" : {
    "t" : [ {
      "id" : 0,
      "a" : [ [ "R", 42 ], [ "R", 46 ], [ "R", 46 ], [ "R", 46 ], [ "R", 46 ], [ "R", 46 ], [ "R", 46 ], [ "R", 46 ], [ "R", 46 ], [ "R", 46 ], [ "W", 46 ], [ "W", 46 ], [ "W", 46 ], [ "W", 46 ], [ "W", 42 ], [ "W", 46 ] ]
    } ]
  },
  "CStopWtrTempController.sendStopWtrTempForBindUser" : {
    "t" : [ {
      "id" : 0,
      "a" : [ [ "R", 28 ], [ "R", 28 ], [ "R", 28 ], [ "R", 1 ], [ "R", 28 ], [ "R", 1 ], [ "R", 1 ], [ "R", 1 ], [ "R", 1 ], [ "R", 1 ], [ "R", 1 ], [ "W", 1 ], [ "W", 1 ], [ "W", 1 ], [ "W", 1 ], [ "W", 1 ], [ "R", 1 ], [ "R", 36 ], [ "R", 36 ], [ "R", 36 ], [ "R", 36 ], [ "W", 36 ], [ "W", 36 ], [ "W", 36 ], [ "R", 36 ], [ "R", 35 ], [ "W", 35 ], [ "R", 42 ], [ "W", 35 ], [ "W", 42 ], [ "W", 35 ] ]
    } ]
  },
  "BCustomerUserController.toResetPassword" : {
    "t" : [ {
      "id" : 0,
      "a" : [ [ "R", 3 ], [ "R", 3 ], [ "R", 3 ], [ "R", 3 ] ]
    } ]
  },
  "CLeaveWordsManageController.showLeaveWordAdd" : {
    "t" : [ {
      "id" : 0,
      "a" : [ [ "R", 28 ], [ "R", 28 ], [ "R", 28 ], [ "R", 1 ], [ "R", 28 ], [ "R", 1 ], [ "R", 1 ], [ "R", 1 ], [ "R", 1 ], [ "R", 1 ], [ "R", 1 ], [ "W", 1 ], [ "W", 1 ], [ "W", 1 ], [ "W", 1 ], [ "W", 1 ], [ "R", 1 ], [ "R", 28 ], [ "R", 28 ], [ "R", 28 ], [ "R", 1 ], [ "R", 28 ], [ "R", 17 ], [ "R", 17 ], [ "R", 17 ], [ "R", 17 ], [ "R", 17 ], [ "R", 18 ], [ "R", 17 ], [ "R", 18 ], [ "R", 17 ], [ "R", 18 ] ]
    } ]
  },
  "CMpController.addMp" : {
    "t" : [ {
      "id" : 0,
      "a" : [ [ "R", 28 ], [ "R", 28 ], [ "R", 28 ], [ "R", 1 ], [ "R", 28 ], [ "R", 28 ], [ "R", 28 ], [ "R", 28 ], [ "R", 28 ], [ "R", 28 ], [ "R", 28 ], [ "R", 28 ], [ "R", 28 ], [ "R", 2 ], [ "R", 2 ], [ "R", 2 ], [ "R", 2 ], [ "R", 28 ], [ "W", 28 ], [ "W", 2 ], [ "W", 28 ], [ "R", 35 ], [ "R", 42 ], [ "W", 35 ], [ "W", 42 ], [ "R", 35 ], [ "R", 35 ], [ "R", 35 ], [ "R", 35 ], [ "R", 35 ], [ "R", 35 ], [ "R", 35 ], [ "W", 35 ], [ "W", 35 ], [ "R", 35 ], [ "R", 35 ], [ "R", 35 ], [ "R", 35 ], [ "R", 35 ], [ "W", 35 ], [ "W", 35 ] ]
    } ]
  },
  "SResourceController.toViewResource" : {
    "t" : [ {
      "id" : 0,
      "a" : [ [ "R", 46 ], [ "R", 46 ], [ "R", 46 ], [ "R", 46 ] ]
    } ]
  },
  "CStopWtrTempController.sendStopWtrTemp" : {
    "t" : [ {
      "id" : 0,
      "a" : [ [ "R", 28 ], [ "R", 28 ], [ "R", 28 ], [ "R", 1 ], [ "R", 28 ], [ "R", 1 ], [ "R", 1 ], [ "R", 1 ], [ "R", 1 ], [ "R", 1 ], [ "R", 1 ], [ "W", 1 ], [ "W", 1 ], [ "W", 1 ], [ "W", 1 ], [ "W", 1 ], [ "R", 1 ], [ "R", 36 ], [ "R", 36 ], [ "R", 36 ], [ "R", 36 ], [ "W", 36 ], [ "W", 36 ], [ "W", 36 ], [ "R", 36 ], [ "R", 35 ], [ "W", 35 ], [ "R", 42 ], [ "W", 35 ], [ "W", 42 ], [ "W", 35 ] ]
    } ]
  },
  "SUserController.toUpdatePersonalInfo" : {
    "t" : [ {
      "id" : 0,
      "a" : [ [ "R", 50 ], [ "R", 50 ], [ "R", 50 ], [ "R", 50 ] ]
    } ]
  },
  "CFanUserController.findFanUsersJson" : {
    "t" : [ {
      "id" : 0,
      "a" : [ [ "R", 18 ], [ "R", 18 ], [ "R", 18 ], [ "R", 18 ], [ "R", 18 ] ]
    } ]
  },
  "SRoleController.saveRole" : {
    "t" : [ {
      "id" : 0,
      "a" : [ [ "R", 49 ], [ "R", 49 ], [ "R", 49 ], [ "R", 49 ], [ "R", 49 ], [ "W", 49 ] ]
    } ]
  },
  "CReminderTempController.deleteReminderTemp" : {
    "t" : [ {
      "id" : 0,
      "a" : [ [ "R", 32 ], [ "R", 32 ], [ "R", 32 ], [ "R", 32 ], [ "W", 32 ], [ "W", 32 ] ]
    } ]
  },
  "CCmsController.findCmsJsonWx" : {
    "t" : [ {
      "id" : 0,
      "a" : [ [ "R", 48 ], [ "R", 48 ], [ "R", 48 ], [ "R", 48 ], [ "R", 14 ], [ "R", 14 ], [ "R", 14 ], [ "R", 14 ], [ "R", 14 ], [ "R", 42 ], [ "R", 14 ], [ "R", 14 ], [ "R", 14 ], [ "R", 42 ], [ "R", 14 ], [ "R", 42 ], [ "R", 48 ], [ "R", 14 ], [ "R", 14 ], [ "R", 14 ], [ "R", 14 ], [ "R", 14 ], [ "R", 42 ], [ "R", 14 ], [ "R", 14 ], [ "R", 14 ], [ "R", 42 ], [ "R", 14 ], [ "R", 42 ], [ "R", 14 ], [ "R", 14 ], [ "R", 14 ], [ "R", 42 ], [ "R", 14 ], [ "R", 14 ], [ "R", 14 ], [ "R", 14 ], [ "R", 42 ], [ "R", 14 ], [ "R", 14 ], [ "R", 42 ] ]
    } ]
  },
  "CFanController.synFans" : {
    "t" : [ {
      "id" : 0,
      "a" : [ [ "R", 28 ], [ "R", 28 ], [ "R", 28 ], [ "R", 1 ], [ "R", 28 ], [ "R", 28 ], [ "R", 28 ], [ "R", 28 ], [ "R", 1 ], [ "R", 28 ], [ "R", 1 ], [ "R", 1 ], [ "R", 1 ], [ "R", 1 ], [ "R", 1 ], [ "R", 1 ], [ "W", 1 ], [ "W", 1 ], [ "W", 1 ], [ "W", 1 ], [ "W", 1 ], [ "R", 1 ], [ "R", 17 ], [ "R", 17 ], [ "R", 17 ], [ "R", 17 ], [ "R", 17 ], [ "W", 17 ], [ "R", 17 ], [ "W", 17 ], [ "W", 17 ], [ "R", 17 ], [ "R", 18 ], [ "W", 18 ], [ "W", 18 ], [ "R", 17 ], [ "R", 17 ], [ "R", 17 ], [ "R", 17 ], [ "R", 17 ], [ "R", 28 ], [ "R", 28 ], [ "R", 28 ], [ "R", 1 ], [ "R", 28 ], [ "R", 1 ], [ "R", 1 ], [ "R", 1 ], [ "R", 1 ], [ "R", 1 ], [ "R", 1 ], [ "W", 1 ], [ "W", 1 ], [ "W", 1 ], [ "W", 1 ], [ "W", 1 ], [ "R", 1 ], [ "W", 17 ], [ "W", 17 ], [ "W", 17 ], [ "W", 17 ], [ "R", 42 ], [ "W", 17 ], [ "W", 42 ], [ "R", 42 ], [ "W", 17 ], [ "W", 42 ], [ "R", 42 ], [ "W", 17 ], [ "W", 42 ], [ "W", 17 ], [ "W", 17 ], [ "W", 17 ], [ "W", 17 ], [ "W", 17 ], [ "W", 17 ], [ "R", 28 ], [ "R", 28 ], [ "R", 28 ], [ "R", 1 ], [ "R", 28 ], [ "R", 1 ], [ "R", 1 ], [ "R", 1 ], [ "R", 1 ], [ "R", 1 ], [ "R", 1 ], [ "W", 1 ], [ "W", 1 ], [ "W", 1 ], [ "W", 1 ], [ "W", 1 ], [ "R", 1 ], [ "W", 17 ], [ "W", 17 ], [ "W", 17 ], [ "W", 17 ], [ "R", 42 ], [ "W", 17 ], [ "W", 42 ], [ "R", 42 ], [ "W", 17 ], [ "W", 42 ], [ "R", 42 ], [ "W", 17 ], [ "W", 42 ], [ "W", 17 ], [ "W", 17 ], [ "W", 17 ], [ "W", 17 ], [ "W", 17 ], [ "W", 17 ], [ "R", 17 ], [ "R", 17 ], [ "R", 17 ], [ "R", 17 ], [ "R", 17 ], [ "R", 17 ], [ "R", 17 ], [ "R", 17 ], [ "R", 17 ], [ "R", 17 ], [ "W", 17 ], [ "W", 17 ], [ "W", 17 ] ]
    } ]
  },
  "CFanController.toViewFan" : {
    "t" : [ {
      "id" : 0,
      "a" : [ [ "R", 17 ], [ "R", 17 ], [ "R", 17 ], [ "R", 17 ], [ "R", 17 ], [ "R", 18 ], [ "R", 17 ], [ "R", 18 ], [ "R", 17 ], [ "R", 18 ], [ "R", 42 ] ]
    } ]
  },
  "BCustomerUserController.saveCustomerUser" : {
    "t" : [ {
      "id" : 0,
      "a" : [ [ "R", 3 ], [ "R", 3 ], [ "R", 3 ], [ "R", 3 ], [ "R", 3 ], [ "R", 3 ], [ "R", 3 ], [ "R", 3 ], [ "R", 3 ], [ "R", 3 ], [ "R", 3 ], [ "R", 3 ], [ "R", 49 ], [ "R", 49 ], [ "R", 49 ], [ "R", 49 ], [ "R", 2 ], [ "R", 2 ], [ "R", 2 ], [ "R", 2 ], [ "R", 3 ], [ "R", 3 ], [ "W", 3 ], [ "W", 3 ], [ "W", 3 ], [ "W", 2 ], [ "W", 3 ], [ "W", 49 ], [ "R", 3 ], [ "R", 3 ], [ "W", 3 ], [ "W", 3 ] ]
    } ]
  },
  "CFanController.checkById" : {
    "t" : [ {
      "id" : 0,
      "a" : [ [ "R", 17 ], [ "R", 17 ], [ "R", 17 ], [ "R", 17 ], [ "R", 17 ], [ "R", 18 ], [ "R", 17 ], [ "R", 18 ], [ "R", 17 ], [ "R", 18 ] ]
    } ]
  },
  "CLeaveWordsManageController.saveLeaveWords" : {
    "t" : [ {
      "id" : 0,
      "a" : [ [ "R", 42 ], [ "R", 42 ], [ "W", 22 ], [ "W", 42 ], [ "W", 22 ], [ "W", 22 ], [ "W", 22 ], [ "W", 22 ], [ "W", 22 ], [ "W", 22 ], [ "W", 22 ], [ "W", 42 ], [ "W", 22 ], [ "W", 22 ], [ "R", 22 ], [ "R", 28 ], [ "R", 28 ], [ "R", 28 ], [ "R", 1 ], [ "R", 28 ], [ "R", 1 ], [ "R", 1 ], [ "R", 1 ], [ "R", 1 ], [ "R", 1 ], [ "R", 1 ], [ "W", 1 ], [ "W", 1 ], [ "W", 1 ], [ "W", 1 ], [ "W", 1 ], [ "R", 1 ] ]
    } ]
  },
  "CCommonPersonController.toUpdateCCommonPerson" : {
    "t" : [ {
      "id" : 0,
      "a" : [ [ "R", 16 ] ]
    } ]
  },
  "CNoticeTempController.findInPage" : {
    "t" : [ {
      "id" : 0,
      "a" : [ [ "R", 48 ], [ "R", 48 ], [ "R", 48 ], [ "R", 48 ] ]
    } ]
  },
  "CCmsController.findCmsByToken" : {
    "t" : [ {
      "id" : 0,
      "a" : [ [ "R", 42 ], [ "R", 42 ], [ "R", 48 ], [ "R", 48 ], [ "R", 48 ], [ "R", 48 ] ]
    } ]
  },
  "CPicMaterialController.updatePicMtrl" : {
    "t" : [ {
      "id" : 0,
      "a" : [ [ "R", 31 ], [ "R", 31 ], [ "R", 31 ], [ "R", 31 ], [ "R", 31 ], [ "R", 31 ], [ "R", 31 ], [ "R", 31 ], [ "R", 31 ], [ "W", 31 ], [ "W", 31 ], [ "W", 31 ], [ "W", 31 ], [ "W", 31 ], [ "W", 24 ], [ "W", 31 ], [ "W", 24 ], [ "W", 31 ], [ "R", 24 ], [ "R", 24 ], [ "R", 24 ], [ "R", 24 ], [ "R", 24 ], [ "W", 24 ], [ "W", 24 ], [ "W", 24 ], [ "W", 31 ] ]
    } ]
  },
  "CMpController.findByNickName" : {
    "t" : [ {
      "id" : 0,
      "a" : [ [ "R", 17 ], [ "R", 17 ], [ "R", 17 ], [ "R", 17 ], [ "R", 17 ], [ "R", 28 ], [ "R", 28 ], [ "R", 28 ], [ "R", 1 ], [ "R", 28 ], [ "R", 1 ], [ "R", 1 ], [ "R", 1 ], [ "R", 1 ], [ "R", 1 ], [ "R", 1 ], [ "W", 1 ], [ "W", 1 ], [ "W", 1 ], [ "W", 1 ], [ "W", 1 ], [ "R", 1 ], [ "R", 17 ], [ "R", 17 ], [ "R", 17 ], [ "R", 17 ] ]
    } ]
  },
  "CReminderTempController.preview" : {
    "t" : [ {
      "id" : 0,
      "a" : [ [ "R", 3 ], [ "R", 3 ], [ "R", 3 ], [ "R", 3 ], [ "R", 28 ], [ "R", 28 ], [ "R", 28 ], [ "R", 1 ], [ "R", 28 ], [ "R", 1 ], [ "R", 1 ], [ "R", 1 ], [ "R", 1 ], [ "R", 1 ], [ "R", 1 ], [ "W", 1 ], [ "W", 1 ], [ "W", 1 ], [ "W", 1 ], [ "W", 1 ], [ "R", 1 ], [ "R", 36 ], [ "R", 36 ], [ "R", 36 ], [ "R", 36 ], [ "W", 36 ], [ "W", 36 ], [ "W", 36 ], [ "R", 36 ], [ "R", 3 ], [ "R", 32 ], [ "W", 32 ], [ "R", 42 ], [ "W", 32 ], [ "W", 42 ], [ "W", 32 ], [ "R", 32 ], [ "W", 32 ], [ "R", 42 ], [ "W", 32 ], [ "W", 42 ], [ "W", 32 ] ]
    } ]
  },
  "CFanUserController.detailed" : {
    "t" : [ {
      "id" : 0,
      "a" : [ [ "W", 43 ], [ "W", 43 ], [ "W", 43 ], [ "W", 43 ], [ "W", 43 ], [ "W", 43 ] ]
    } ]
  },
  "CFanUserController.checkBindUser" : {
    "t" : [ {
      "id" : 0,
      "a" : [ [ "R", 18 ], [ "R", 18 ], [ "R", 18 ], [ "R", 17 ], [ "R", 18 ], [ "R", 18 ], [ "R", 18 ], [ "R", 18 ], [ "R", 17 ], [ "R", 18 ], [ "R", 18 ] ]
    } ]
  },
  "CNoticeTempController.findNoticeTempJson" : {
    "t" : [ {
      "id" : 0,
      "a" : [ [ "R", 29 ], [ "R", 29 ], [ "R", 29 ], [ "R", 29 ] ]
    } ]
  },
  "CFeedBackManageController.saveCloud_feedback" : {
    "t" : [ {
      "id" : 0,
      "a" : [ [ "R", 18 ], [ "R", 18 ], [ "R", 18 ], [ "R", 18 ], [ "R", 18 ] ]
    } ]
  },
  "CReminderTempController.sendReminderTemp" : {
    "t" : [ {
      "id" : 0,
      "a" : [ [ "R", 28 ], [ "R", 28 ], [ "R", 28 ], [ "R", 1 ], [ "R", 28 ], [ "R", 1 ], [ "R", 1 ], [ "R", 1 ], [ "R", 1 ], [ "R", 1 ], [ "R", 1 ], [ "W", 1 ], [ "W", 1 ], [ "W", 1 ], [ "W", 1 ], [ "W", 1 ], [ "R", 1 ], [ "R", 36 ], [ "R", 36 ], [ "R", 36 ], [ "R", 36 ], [ "W", 36 ], [ "W", 36 ], [ "W", 36 ], [ "R", 36 ], [ "R", 32 ], [ "W", 32 ], [ "R", 42 ], [ "W", 32 ], [ "W", 42 ], [ "W", 32 ] ]
    } ]
  },
  "CCmsYywdController.findYywdJson" : {
    "t" : [ {
      "id" : 0,
      "a" : [ [ "R", 15 ], [ "R", 15 ], [ "R", 15 ], [ "R", 15 ], [ "R", 15 ], [ "R", 15 ], [ "R", 15 ], [ "R", 15 ], [ "R", 15 ], [ "R", 15 ] ]
    } ]
  },
  "BillController.getfanuserBindList" : {
    "t" : [ {
      "id" : 0,
      "a" : [ [ "R", 18 ], [ "R", 18 ], [ "R", 18 ], [ "R", 18 ], [ "R", 17 ], [ "R", 18 ], [ "R", 18 ], [ "R", 17 ], [ "W", 43 ], [ "W", 43 ], [ "W", 43 ], [ "W", 43 ], [ "W", 43 ], [ "W", 43 ] ]
    } ]
  },
  "CCommonPersonController.deleteCCommonPersonBatch" : {
    "t" : [ {
      "id" : 0,
      "a" : [ [ "R", 16 ], [ "R", 16 ], [ "W", 16 ], [ "W", 16 ], [ "R", 16 ] ]
    } ]
  },
  "BCustomerUserController.checkByMobile" : {
    "t" : [ {
      "id" : 0,
      "a" : [ [ "R", 3 ], [ "R", 3 ], [ "R", 3 ], [ "R", 3 ] ]
    } ]
  },
  "CCommonPersonController.saveCCommonPerson" : {
    "t" : [ {
      "id" : 0,
      "a" : [ [ "R", 16 ], [ "W", 16 ] ]
    } ]
  },
  "CLeaveWordsManageController.findCmsJson" : {
    "t" : [ {
      "id" : 0,
      "a" : [ [ "R", 22 ], [ "R", 22 ], [ "R", 22 ], [ "R", 42 ], [ "R", 22 ], [ "R", 42 ], [ "R", 42 ] ]
    } ]
  },
  "CNoticeTempController.saveNoticeTemp" : {
    "t" : [ {
      "id" : 0,
      "a" : [ [ "R", 29 ], [ "R", 42 ], [ "W", 29 ], [ "W", 42 ], [ "W", 29 ] ]
    } ]
  },
  "CMpController.findByBossLogin" : {
    "t" : [ {
      "id" : 0,
      "a" : [ [ "R", 3 ], [ "R", 3 ], [ "R", 3 ], [ "R", 3 ], [ "R", 3 ] ]
    } ]
  },
  "CAutoDefaultController.updateCAutoDefault" : {
    "t" : [ {
      "id" : 0,
      "a" : [ [ "R", 42 ], [ "R", 42 ], [ "R", 10 ], [ "W", 10 ], [ "W", 42 ], [ "W", 10 ], [ "W", 10 ] ]
    } ]
  },
  "SReviewPermissionsController.audit" : {
    "t" : [ {
      "id" : 0,
      "a" : [ [ "R", 3 ], [ "R", 3 ], [ "R", 3 ], [ "R", 3 ], [ "R", 48 ], [ "R", 48 ], [ "R", 48 ], [ "R", 48 ], [ "R", 3 ], [ "R", 3 ], [ "R", 3 ], [ "R", 3 ], [ "R", 28 ], [ "R", 28 ], [ "R", 28 ], [ "R", 1 ], [ "R", 28 ], [ "R", 1 ], [ "R", 1 ], [ "R", 1 ], [ "R", 1 ], [ "R", 1 ], [ "R", 1 ], [ "W", 1 ], [ "W", 1 ], [ "W", 1 ], [ "W", 1 ], [ "W", 1 ], [ "R", 1 ], [ "R", 36 ], [ "R", 36 ], [ "R", 36 ], [ "R", 36 ], [ "W", 36 ], [ "W", 36 ], [ "W", 36 ], [ "R", 36 ], [ "R", 3 ], [ "R", 35 ], [ "W", 35 ], [ "R", 42 ], [ "W", 35 ], [ "W", 42 ], [ "W", 35 ], [ "R", 35 ], [ "W", 35 ], [ "R", 42 ], [ "W", 35 ], [ "W", 42 ], [ "W", 35 ], [ "R", 3 ], [ "R", 3 ], [ "R", 3 ], [ "R", 3 ], [ "R", 28 ], [ "R", 28 ], [ "R", 28 ], [ "R", 1 ], [ "R", 28 ], [ "R", 1 ], [ "R", 1 ], [ "R", 1 ], [ "R", 1 ], [ "R", 1 ], [ "R", 1 ], [ "W", 1 ], [ "W", 1 ], [ "W", 1 ], [ "W", 1 ], [ "W", 1 ], [ "R", 1 ], [ "R", 36 ], [ "R", 36 ], [ "R", 36 ], [ "R", 36 ], [ "W", 36 ], [ "W", 36 ], [ "W", 36 ], [ "R", 36 ], [ "R", 36 ], [ "R", 3 ], [ "R", 29 ], [ "R", 42 ], [ "W", 29 ], [ "W", 42 ], [ "W", 29 ], [ "W", 29 ], [ "R", 29 ], [ "R", 42 ], [ "W", 29 ], [ "W", 42 ], [ "W", 29 ], [ "W", 29 ], [ "R", 3 ], [ "R", 3 ], [ "R", 3 ], [ "R", 3 ], [ "R", 28 ], [ "R", 28 ], [ "R", 28 ], [ "R", 1 ], [ "R", 28 ], [ "R", 1 ], [ "R", 1 ], [ "R", 1 ], [ "R", 1 ], [ "R", 1 ], [ "R", 1 ], [ "W", 1 ], [ "W", 1 ], [ "W", 1 ], [ "W", 1 ], [ "W", 1 ], [ "R", 1 ], [ "R", 36 ], [ "R", 36 ], [ "R", 36 ], [ "R", 36 ], [ "W", 36 ], [ "W", 36 ], [ "W", 36 ], [ "R", 36 ], [ "R", 3 ], [ "R", 32 ], [ "W", 32 ], [ "R", 42 ], [ "W", 32 ], [ "W", 42 ], [ "W", 32 ], [ "R", 32 ], [ "W", 32 ], [ "R", 42 ], [ "W", 32 ], [ "W", 42 ], [ "W", 32 ], [ "R", 48 ], [ "R", 28 ], [ "R", 28 ], [ "R", 28 ], [ "R", 1 ], [ "R", 28 ], [ "R", 1 ], [ "R", 1 ], [ "R", 1 ], [ "R", 1 ], [ "R", 1 ], [ "R", 1 ], [ "W", 1 ], [ "W", 1 ], [ "W", 1 ], [ "W", 1 ], [ "W", 1 ], [ "R", 1 ], [ "R", 36 ], [ "R", 36 ], [ "R", 36 ], [ "R", 36 ], [ "W", 36 ], [ "W", 36 ], [ "W", 36 ], [ "R", 36 ], [ "R", 28 ], [ "R", 28 ], [ "R", 28 ], [ "R", 1 ], [ "R", 28 ], [ "R", 1 ], [ "R", 1 ], [ "R", 1 ], [ "R", 1 ], [ "R", 1 ], [ "R", 1 ], [ "W", 1 ], [ "W", 1 ], [ "W", 1 ], [ "W", 1 ], [ "W", 1 ], [ "R", 1 ], [ "R", 36 ], [ "R", 36 ], [ "R", 36 ], [ "R", 36 ], [ "W", 36 ], [ "W", 36 ], [ "W", 36 ], [ "R", 36 ], [ "R", 35 ], [ "W", 35 ], [ "R", 42 ], [ "W", 35 ], [ "W", 42 ], [ "W", 35 ], [ "R", 35 ], [ "W", 35 ], [ "R", 42 ], [ "W", 35 ], [ "W", 42 ], [ "W", 35 ], [ "R", 28 ], [ "R", 28 ], [ "R", 28 ], [ "R", 1 ], [ "R", 28 ], [ "R", 1 ], [ "R", 1 ], [ "R", 1 ], [ "R", 1 ], [ "R", 1 ], [ "R", 1 ], [ "W", 1 ], [ "W", 1 ], [ "W", 1 ], [ "W", 1 ], [ "W", 1 ], [ "R", 1 ], [ "R", 36 ], [ "R", 36 ], [ "R", 36 ], [ "R", 36 ], [ "W", 36 ], [ "W", 36 ], [ "W", 36 ], [ "R", 36 ], [ "R", 36 ], [ "R", 29 ], [ "R", 42 ], [ "W", 29 ], [ "W", 42 ], [ "W", 29 ], [ "W", 29 ], [ "R", 29 ], [ "R", 42 ], [ "W", 29 ], [ "W", 42 ], [ "W", 29 ], [ "W", 29 ], [ "R", 28 ], [ "R", 28 ], [ "R", 28 ], [ "R", 1 ], [ "R", 28 ], [ "R", 1 ], [ "R", 1 ], [ "R", 1 ], [ "R", 1 ], [ "R", 1 ], [ "R", 1 ], [ "W", 1 ], [ "W", 1 ], [ "W", 1 ], [ "W", 1 ], [ "W", 1 ], [ "R", 1 ], [ "R", 36 ], [ "R", 36 ], [ "R", 36 ], [ "R", 36 ], [ "W", 36 ], [ "W", 36 ], [ "W", 36 ], [ "R", 36 ], [ "R", 32 ], [ "W", 32 ], [ "R", 42 ], [ "W", 32 ], [ "W", 42 ], [ "W", 32 ], [ "R", 32 ], [ "W", 32 ], [ "R", 42 ], [ "W", 32 ], [ "W", 42 ], [ "W", 32 ], [ "R", 48 ], [ "R", 28 ], [ "R", 28 ], [ "R", 28 ], [ "R", 1 ], [ "R", 28 ], [ "R", 1 ], [ "R", 1 ], [ "R", 1 ], [ "R", 1 ], [ "R", 1 ], [ "R", 1 ], [ "W", 1 ], [ "W", 1 ], [ "W", 1 ], [ "W", 1 ], [ "W", 1 ], [ "R", 1 ], [ "R", 36 ], [ "R", 36 ], [ "R", 36 ], [ "R", 36 ], [ "W", 36 ], [ "W", 36 ], [ "W", 36 ], [ "R", 36 ], [ "R", 35 ], [ "W", 35 ], [ "R", 42 ], [ "W", 35 ], [ "W", 42 ], [ "W", 35 ], [ "R", 29 ], [ "R", 42 ], [ "W", 29 ], [ "W", 42 ], [ "W", 29 ], [ "W", 29 ], [ "R", 32 ], [ "W", 32 ], [ "R", 42 ], [ "W", 32 ], [ "W", 42 ], [ "W", 32 ], [ "R", 48 ], [ "R", 28 ], [ "R", 28 ], [ "R", 28 ], [ "R", 1 ], [ "R", 28 ], [ "R", 1 ], [ "R", 1 ], [ "R", 1 ], [ "R", 1 ], [ "R", 1 ], [ "R", 1 ], [ "W", 1 ], [ "W", 1 ], [ "W", 1 ], [ "W", 1 ], [ "W", 1 ], [ "R", 1 ], [ "R", 36 ], [ "R", 36 ], [ "R", 36 ], [ "R", 36 ], [ "W", 36 ], [ "W", 36 ], [ "W", 36 ], [ "R", 36 ] ]
    } ]
  },
  "CTextMaterialController.inherit" : {
    "t" : [ {
      "id" : 0,
      "a" : [ [ "R", 37 ], [ "R", 37 ], [ "R", 37 ], [ "R", 37 ] ]
    } ]
  },
  "CPicMaterialController.inherit" : {
    "t" : [ {
      "id" : 0,
      "a" : [ [ "R", 31 ], [ "R", 31 ], [ "R", 31 ], [ "R", 31 ] ]
    } ]
  },
  "CTextMaterialController.findCusTextMtrlsJson" : {
    "t" : [ {
      "id" : 0,
      "a" : [ [ "R", 37 ], [ "R", 37 ], [ "R", 37 ], [ "R", 37 ], [ "R", 37 ], [ "R", 37 ] ]
    } ]
  },
  "CStopWtrTempController.checkStopWtrTempId" : {
    "t" : [ {
      "id" : 0,
      "a" : [ [ "R", 35 ], [ "R", 35 ], [ "R", 35 ], [ "R", 35 ] ]
    } ]
  },
  "CCmsController.reviewCmss" : {
    "t" : [ {
      "id" : 0,
      "a" : [ [ "R", 14 ], [ "R", 48 ], [ "R", 48 ], [ "R", 48 ], [ "R", 48 ], [ "R", 48 ], [ "R", 48 ], [ "R", 42 ], [ "R", 48 ], [ "R", 42 ], [ "R", 14 ], [ "W", 14 ], [ "R", 48 ], [ "R", 28 ], [ "R", 28 ], [ "R", 28 ], [ "R", 1 ], [ "R", 28 ], [ "R", 1 ], [ "R", 1 ], [ "R", 1 ], [ "R", 1 ], [ "R", 1 ], [ "R", 1 ], [ "W", 1 ], [ "W", 1 ], [ "W", 1 ], [ "W", 1 ], [ "W", 1 ], [ "R", 1 ], [ "R", 36 ], [ "R", 36 ], [ "R", 36 ], [ "R", 36 ], [ "W", 36 ], [ "W", 36 ], [ "W", 36 ], [ "R", 36 ], [ "R", 42 ], [ "R", 14 ], [ "W", 14 ], [ "R", 48 ], [ "R", 28 ], [ "R", 28 ], [ "R", 28 ], [ "R", 1 ], [ "R", 28 ], [ "R", 1 ], [ "R", 1 ], [ "R", 1 ], [ "R", 1 ], [ "R", 1 ], [ "R", 1 ], [ "W", 1 ], [ "W", 1 ], [ "W", 1 ], [ "W", 1 ], [ "W", 1 ], [ "R", 1 ], [ "R", 36 ], [ "R", 36 ], [ "R", 36 ], [ "R", 36 ], [ "W", 36 ], [ "W", 36 ], [ "W", 36 ], [ "R", 36 ] ]
    } ]
  },
  "CAutoController.cauto_update" : {
    "t" : [ {
      "id" : 0,
      "a" : [ [ "R", 8 ], [ "W", 8 ], [ "W", 8 ], [ "R", 42 ], [ "W", 8 ], [ "W", 42 ], [ "R", 42 ], [ "W", 8 ], [ "R", 42 ], [ "R", 8 ], [ "R", 11 ], [ "W", 11 ], [ "W", 11 ], [ "W", 11 ], [ "W", 11 ], [ "R", 11 ], [ "R", 9 ], [ "W", 9 ], [ "W", 9 ], [ "W", 9 ], [ "W", 9 ], [ "W", 11 ], [ "W", 9 ], [ "W", 11 ], [ "W", 8 ], [ "W", 11 ], [ "R", 8 ], [ "R", 34 ], [ "R", 34 ], [ "R", 34 ], [ "R", 34 ], [ "R", 34 ], [ "R", 34 ], [ "R", 34 ], [ "R", 34 ], [ "R", 34 ], [ "W", 34 ], [ "W", 34 ], [ "R", 34 ], [ "R", 34 ], [ "R", 34 ], [ "R", 34 ], [ "R", 34 ], [ "R", 34 ], [ "W", 8 ], [ "W", 34 ], [ "W", 8 ], [ "R", 8 ], [ "R", 12 ], [ "R", 12 ], [ "W", 12 ], [ "R", 12 ], [ "W", 12 ], [ "W", 8 ], [ "W", 12 ], [ "W", 12 ] ]
    } ]
  },
  "CCommonPersonController.findCCommonPersonJson" : {
    "t" : [ {
      "id" : 0,
      "a" : [ [ "R", 16 ], [ "R", 16 ], [ "R", 16 ], [ "R", 16 ], [ "R", 16 ], [ "R", 16 ], [ "R", 16 ], [ "R", 16 ] ]
    } ]
  },
  "CStopWtrTempController.preview" : {
    "t" : [ {
      "id" : 0,
      "a" : [ [ "R", 3 ], [ "R", 3 ], [ "R", 3 ], [ "R", 3 ], [ "R", 28 ], [ "R", 28 ], [ "R", 28 ], [ "R", 1 ], [ "R", 28 ], [ "R", 1 ], [ "R", 1 ], [ "R", 1 ], [ "R", 1 ], [ "R", 1 ], [ "R", 1 ], [ "W", 1 ], [ "W", 1 ], [ "W", 1 ], [ "W", 1 ], [ "W", 1 ], [ "R", 1 ], [ "R", 36 ], [ "R", 36 ], [ "R", 36 ], [ "R", 36 ], [ "W", 36 ], [ "W", 36 ], [ "W", 36 ], [ "R", 36 ], [ "R", 3 ], [ "R", 35 ], [ "W", 35 ], [ "R", 42 ], [ "W", 35 ], [ "W", 42 ], [ "W", 35 ], [ "R", 35 ], [ "W", 35 ], [ "R", 42 ], [ "W", 35 ], [ "W", 42 ], [ "W", 35 ] ]
    } ]
  },
  "CFanController.fanToaddCCommonPerson" : {
    "t" : [ {
      "id" : 0,
      "a" : [ [ "R", 17 ], [ "R", 17 ], [ "R", 17 ], [ "R", 17 ], [ "R", 17 ], [ "R", 18 ], [ "R", 17 ], [ "R", 18 ], [ "R", 17 ], [ "R", 18 ] ]
    } ]
  },
  "CTextMaterialController.toUpdateTextMtrl" : {
    "t" : [ {
      "id" : 0,
      "a" : [ [ "R", 37 ], [ "R", 37 ], [ "R", 37 ], [ "R", 37 ] ]
    } ]
  },
  "CClickTwController.saveCmsBill" : {
    "t" : [ {
      "id" : 0,
      "a" : [ [ "R", 42 ], [ "R", 42 ], [ "R", 42 ], [ "R", 13 ], [ "R", 13 ], [ "R", 13 ], [ "R", 13 ], [ "R", 42 ], [ "R", 13 ] ]
    } ]
  },
  "CMpController.toAddMp" : {
    "t" : [ {
      "id" : 0,
      "a" : [ [ "R", 28 ], [ "R", 28 ], [ "R", 28 ], [ "R", 1 ], [ "R", 28 ] ]
    } ]
  },
  "CPageMaterialController.findPageMtrlsJson" : {
    "t" : [ {
      "id" : 0,
      "a" : [ [ "R", 30 ], [ "R", 30 ], [ "R", 30 ], [ "R", 30 ], [ "R", 30 ], [ "R", 30 ] ]
    } ]
  },
  "SResourceController.updateResource" : {
    "t" : [ {
      "id" : 0,
      "a" : [ [ "R", 42 ], [ "R", 46 ], [ "R", 46 ], [ "R", 46 ], [ "R", 46 ], [ "R", 46 ], [ "R", 46 ], [ "R", 46 ], [ "R", 46 ], [ "R", 46 ], [ "W", 46 ], [ "W", 46 ], [ "W", 46 ], [ "W", 46 ], [ "W", 42 ], [ "W", 46 ] ]
    } ]
  },
  "CFeedBackManageController.saveFeedBacks" : {
    "t" : [ {
      "id" : 0,
      "a" : [ [ "R", 42 ], [ "R", 42 ], [ "W", 19 ], [ "W", 19 ], [ "W", 19 ], [ "W", 19 ], [ "W", 19 ], [ "W", 19 ], [ "W", 19 ], [ "W", 42 ], [ "W", 19 ], [ "W", 19 ], [ "W", 19 ], [ "W", 42 ], [ "W", 19 ], [ "W", 19 ], [ "W", 19 ] ]
    } ]
  },
  "SResourceController.checkResourceId" : {
    "t" : [ {
      "id" : 0,
      "a" : [ [ "R", 46 ], [ "R", 46 ], [ "R", 46 ], [ "R", 46 ] ]
    } ]
  },
  "SUserController.saveUser" : {
    "t" : [ {
      "id" : 0,
      "a" : [ [ "R", 50 ], [ "R", 50 ], [ "R", 50 ], [ "R", 50 ], [ "R", 50 ], [ "R", 50 ], [ "R", 50 ], [ "R", 50 ], [ "R", 50 ], [ "R", 50 ], [ "R", 50 ], [ "R", 50 ], [ "R", 50 ], [ "R", 50 ], [ "W", 50 ], [ "R", 42 ], [ "W", 50 ], [ "W", 42 ], [ "W", 50 ] ]
    } ]
  },
  "BillController.showBill" : {
    "t" : [ {
      "id" : 0,
      "a" : [ [ "W", 43 ], [ "W", 43 ], [ "W", 43 ], [ "W", 43 ], [ "W", 43 ], [ "W", 43 ] ]
    } ]
  },
  "CAutoController.findCAutoList" : {
    "t" : [ {
      "id" : 0,
      "a" : [ [ "R", 8 ], [ "R", 8 ], [ "R", 12 ], [ "R", 8 ], [ "R", 34 ], [ "R", 8 ], [ "R", 8 ], [ "R", 8 ], [ "R", 8 ], [ "R", 8 ], [ "R", 12 ], [ "R", 8 ], [ "R", 34 ], [ "R", 8 ], [ "R", 8 ], [ "R", 42 ], [ "R", 8 ], [ "R", 8 ], [ "R", 8 ], [ "R", 12 ], [ "R", 12 ], [ "R", 8 ], [ "R", 34 ], [ "R", 34 ] ]
    } ]
  },
  "CReminderTempController.toUpdateTextReminderTemp" : {
    "t" : [ {
      "id" : 0,
      "a" : [ [ "R", 32 ], [ "R", 32 ], [ "R", 32 ], [ "R", 32 ] ]
    } ]
  },
  "BillController.openOldBillDateList" : {
    "t" : [ {
      "id" : 0,
      "a" : [ [ "W", 43 ], [ "W", 43 ], [ "W", 43 ], [ "W", 43 ], [ "W", 43 ], [ "W", 43 ] ]
    } ]
  },
  "CNoticeTempController.preview" : {
    "t" : [ {
      "id" : 0,
      "a" : [ [ "R", 3 ], [ "R", 3 ], [ "R", 3 ], [ "R", 3 ], [ "R", 28 ], [ "R", 28 ], [ "R", 28 ], [ "R", 1 ], [ "R", 28 ], [ "R", 1 ], [ "R", 1 ], [ "R", 1 ], [ "R", 1 ], [ "R", 1 ], [ "R", 1 ], [ "W", 1 ], [ "W", 1 ], [ "W", 1 ], [ "W", 1 ], [ "W", 1 ], [ "R", 1 ], [ "R", 36 ], [ "R", 36 ], [ "R", 36 ], [ "R", 36 ], [ "W", 36 ], [ "W", 36 ], [ "W", 36 ], [ "R", 36 ], [ "R", 36 ], [ "R", 3 ], [ "R", 29 ], [ "R", 42 ], [ "W", 29 ], [ "W", 42 ], [ "W", 29 ], [ "W", 29 ], [ "R", 29 ], [ "R", 42 ], [ "W", 29 ], [ "W", 42 ], [ "W", 29 ], [ "W", 29 ] ]
    } ]
  },
  "CArticleMaterialController.inherit" : {
    "t" : [ {
      "id" : 0,
      "a" : [ [ "R", 6 ], [ "R", 6 ], [ "R", 6 ], [ "R", 6 ] ]
    } ]
  },
  "CFeedBackPersonController.toUpdateCFeedBackPerson" : {
    "t" : [ {
      "id" : 0,
      "a" : [ [ "R", 20 ], [ "R", 20 ], [ "R", 20 ], [ "R", 20 ], [ "R", 20 ], [ "R", 20 ] ]
    } ]
  },
  "CCmsController.findCmsByTokenWx" : {
    "t" : [ {
      "id" : 0,
      "a" : [ [ "R", 42 ], [ "R", 42 ], [ "R", 42 ], [ "R", 14 ], [ "R", 14 ], [ "R", 14 ], [ "R", 14 ], [ "R", 14 ], [ "R", 42 ], [ "R", 14 ], [ "R", 42 ], [ "R", 14 ], [ "W", 43 ], [ "W", 43 ], [ "W", 43 ], [ "W", 43 ], [ "W", 43 ], [ "W", 43 ], [ "W", 43 ], [ "W", 43 ], [ "W", 43 ], [ "W", 43 ], [ "W", 43 ], [ "W", 43 ] ]
    } ]
  },
  "CFeedBackManageController.loadFanUserAddress" : {
    "t" : [ {
      "id" : 0,
      "a" : [ [ "R", 18 ], [ "R", 18 ], [ "R", 18 ], [ "R", 18 ], [ "R", 18 ], [ "R", 17 ] ]
    } ]
  },
  "CReminderTempController.checkReminderTempId" : {
    "t" : [ {
      "id" : 0,
      "a" : [ [ "R", 32 ], [ "R", 32 ], [ "R", 32 ], [ "R", 32 ] ]
    } ]
  },
  "CPicMaterialController.checkMtrlId" : {
    "t" : [ {
      "id" : 0,
      "a" : [ [ "R", 31 ], [ "R", 31 ], [ "R", 31 ], [ "R", 31 ] ]
    } ]
  },
  "CMenuConfigureController.menuConfigure_list" : {
    "t" : [ {
      "id" : 0,
      "a" : [ [ "R", 5 ], [ "R", 5 ], [ "R", 5 ], [ "R", 5 ], [ "R", 5 ], [ "R", 25 ], [ "R", 25 ], [ "R", 25 ], [ "R", 25 ], [ "R", 5 ], [ "R", 25 ], [ "R", 25 ], [ "R", 25 ], [ "R", 25 ], [ "R", 5 ], [ "R", 25 ], [ "R", 25 ], [ "R", 25 ], [ "R", 25 ], [ "R", 5 ], [ "R", 5 ], [ "R", 25 ] ]
    } ]
  },
  "LoginController.bizMain" : {
    "t" : [ {
      "id" : 0,
      "a" : [ [ "R", 46 ], [ "R", 46 ], [ "R", 46 ], [ "R", 46 ], [ "R", 46 ], [ "R", 46 ], [ "R", 46 ], [ "R", 46 ], [ "R", 46 ], [ "R", 47 ], [ "R", 47 ], [ "R", 47 ], [ "R", 47 ], [ "R", 47 ], [ "R", 46 ], [ "R", 46 ], [ "R", 46 ], [ "R", 42 ], [ "R", 46 ], [ "R", 42 ], [ "R", 42 ], [ "R", 46 ], [ "R", 46 ], [ "R", 46 ], [ "R", 46 ], [ "W", 46 ], [ "R", 46 ], [ "W", 46 ], [ "R", 46 ], [ "W", 46 ], [ "R", 46 ], [ "W", 46 ], [ "R", 46 ], [ "W", 46 ], [ "R", 46 ], [ "W", 46 ], [ "R", 46 ], [ "W", 46 ], [ "R", 46 ], [ "W", 46 ], [ "R", 46 ], [ "W", 46 ], [ "R", 46 ], [ "R", 42 ], [ "W", 46 ], [ "W", 42 ], [ "R", 46 ], [ "R", 46 ], [ "R", 46 ], [ "R", 46 ], [ "R", 46 ], [ "R", 46 ], [ "R", 46 ], [ "R", 46 ], [ "W", 46 ], [ "W", 46 ] ]
    } ]
  },
  "CPageMaterialController.deletePageMtrl" : {
    "t" : [ {
      "id" : 0,
      "a" : [ [ "R", 30 ], [ "R", 30 ], [ "R", 30 ], [ "R", 30 ], [ "W", 30 ], [ "W", 30 ] ]
    } ]
  },
  "CAutoController.cauto_add" : {
    "t" : [ {
      "id" : 0,
      "a" : [ [ "W", 8 ], [ "W", 8 ], [ "W", 8 ], [ "W", 8 ], [ "R", 42 ], [ "W", 8 ], [ "W", 42 ], [ "R", 42 ], [ "W", 8 ], [ "R", 42 ], [ "W", 11 ], [ "W", 11 ], [ "W", 11 ], [ "W", 11 ], [ "W", 11 ], [ "W", 9 ], [ "W", 9 ], [ "W", 9 ], [ "W", 9 ], [ "W", 9 ], [ "W", 11 ], [ "W", 9 ], [ "W", 11 ], [ "W", 8 ], [ "W", 11 ], [ "R", 34 ], [ "R", 34 ], [ "R", 34 ], [ "R", 34 ], [ "R", 34 ], [ "R", 34 ], [ "R", 34 ], [ "W", 34 ], [ "W", 34 ], [ "R", 34 ], [ "R", 34 ], [ "R", 34 ], [ "R", 34 ], [ "R", 34 ], [ "R", 34 ], [ "W", 8 ], [ "W", 34 ], [ "W", 8 ], [ "R", 12 ], [ "W", 12 ], [ "W", 8 ], [ "W", 12 ], [ "W", 12 ] ]
    } ]
  },
  "BCustomerUserController.updatePersonalInfo" : {
    "t" : [ {
      "id" : 0,
      "a" : [ [ "R", 3 ], [ "R", 3 ], [ "R", 3 ], [ "R", 3 ], [ "R", 3 ], [ "R", 3 ], [ "R", 3 ], [ "R", 3 ], [ "R", 3 ], [ "R", 3 ], [ "R", 3 ], [ "R", 3 ], [ "R", 3 ], [ "R", 3 ], [ "R", 3 ], [ "R", 3 ], [ "R", 3 ], [ "R", 3 ], [ "R", 3 ], [ "R", 3 ], [ "R", 3 ], [ "R", 3 ], [ "R", 49 ], [ "R", 49 ], [ "R", 49 ], [ "R", 49 ], [ "R", 2 ], [ "R", 2 ], [ "R", 2 ], [ "R", 2 ], [ "R", 3 ], [ "W", 3 ], [ "W", 2 ], [ "W", 3 ], [ "W", 49 ], [ "W", 3 ] ]
    } ]
  },
  "CCmsController.toSaveCms" : {
    "t" : [ {
      "id" : 0,
      "a" : [ [ "R", 42 ], [ "R", 42 ], [ "R", 42 ] ]
    } ]
  },
  "SRoleController.checkRoleId" : {
    "t" : [ {
      "id" : 0,
      "a" : [ [ "R", 49 ], [ "R", 49 ], [ "R", 49 ], [ "R", 49 ] ]
    } ]
  },
  "CCmsYywdController.toUpdateYywd" : {
    "t" : [ {
      "id" : 0,
      "a" : [ [ "R", 15 ] ]
    } ]
  },
  "CArticleMaterialController.findCusArticleMtrlsJson" : {
    "t" : [ {
      "id" : 0,
      "a" : [ [ "R", 6 ], [ "R", 6 ], [ "R", 6 ], [ "R", 6 ], [ "R", 6 ], [ "R", 6 ] ]
    } ]
  },
  "CCmsYywdController.findYywdByTokenWx" : {
    "t" : [ {
      "id" : 0,
      "a" : [ [ "R", 15 ], [ "R", 15 ], [ "R", 15 ], [ "R", 15 ], [ "R", 15 ], [ "R", 15 ], [ "R", 15 ], [ "R", 15 ], [ "R", 15 ], [ "R", 15 ], [ "R", 15 ], [ "W", 43 ], [ "W", 43 ], [ "W", 43 ], [ "W", 43 ], [ "W", 43 ], [ "W", 43 ] ]
    } ]
  },
  "BCustomerUserController.disableUser" : {
    "t" : [ {
      "id" : 0,
      "a" : [ [ "R", 3 ], [ "R", 3 ], [ "R", 3 ], [ "R", 3 ], [ "W", 3 ], [ "W", 3 ] ]
    } ]
  },
  "WxPayController.wXPaySuccess" : {
    "t" : [ {
      "id" : 0,
      "a" : [ [ "R", 41 ], [ "R", 41 ], [ "R", 41 ], [ "R", 41 ], [ "R", 41 ], [ "R", 41 ], [ "R", 41 ], [ "R", 41 ], [ "W", 41 ], [ "W", 41 ], [ "R", 41 ], [ "R", 39 ], [ "R", 39 ], [ "R", 39 ], [ "R", 39 ], [ "R", 41 ], [ "W", 39 ], [ "R", 41 ], [ "W", 39 ], [ "R", 41 ], [ "W", 39 ], [ "R", 41 ], [ "W", 39 ], [ "R", 41 ], [ "W", 39 ], [ "R", 41 ], [ "W", 39 ], [ "W", 39 ], [ "W", 39 ], [ "W", 39 ], [ "W", 39 ], [ "W", 39 ], [ "W", 39 ], [ "W", 39 ] ]
    } ]
  },
  "WxPayController.getWXPayPrepayid" : {
    "t" : [ {
      "id" : 0,
      "a" : [ [ "R", 38 ], [ "R", 38 ], [ "R", 38 ], [ "R", 38 ], [ "R", 40 ], [ "R", 40 ], [ "R", 40 ], [ "R", 40 ], [ "R", 40 ], [ "R", 40 ], [ "R", 38 ], [ "R", 40 ], [ "R", 40 ], [ "R", 40 ] ]
    } ]
  },
  "CTextMaterialController.updateTextMtrl" : {
    "t" : [ {
      "id" : 0,
      "a" : [ [ "R", 37 ], [ "R", 37 ], [ "R", 37 ], [ "R", 37 ], [ "R", 37 ], [ "R", 37 ], [ "R", 37 ], [ "R", 37 ], [ "W", 37 ], [ "W", 37 ], [ "W", 37 ], [ "W", 37 ], [ "W", 24 ], [ "W", 37 ], [ "W", 24 ], [ "W", 37 ], [ "R", 24 ], [ "R", 24 ], [ "R", 24 ], [ "R", 24 ], [ "R", 24 ], [ "W", 24 ], [ "W", 24 ], [ "W", 24 ], [ "W", 37 ] ]
    } ]
  },
  "BCustomerUserController.findPageCustomerUserByJson" : {
    "t" : [ {
      "id" : 0,
      "a" : [ [ "R", 3 ] ]
    } ]
  },
  "BCustomerUserController.toUpdatePersonalInfo" : {
    "t" : [ {
      "id" : 0,
      "a" : [ [ "R", 3 ], [ "R", 3 ], [ "R", 3 ], [ "R", 3 ] ]
    } ]
  },
  "BCustomerUserController.resetPassword" : {
    "t" : [ {
      "id" : 0,
      "a" : [ [ "R", 3 ], [ "R", 3 ], [ "R", 3 ], [ "R", 3 ], [ "R", 3 ], [ "R", 3 ], [ "R", 3 ], [ "R", 3 ], [ "R", 3 ], [ "W", 3 ], [ "W", 3 ] ]
    } ]
  },
  "AcquireOpenIdController.acquireOpenId" : {
    "t" : [ {
      "id" : 0,
      "a" : [ [ "R", 28 ], [ "R", 28 ], [ "R", 28 ], [ "R", 1 ], [ "R", 28 ], [ "R", 28 ], [ "R", 28 ], [ "R", 28 ], [ "R", 1 ], [ "R", 28 ] ]
    } ]
  },
  "CReminderTempController.findReminderTempsJson" : {
    "t" : [ {
      "id" : 0,
      "a" : [ [ "R", 32 ], [ "R", 32 ], [ "R", 32 ], [ "R", 32 ], [ "R", 32 ] ]
    } ]
  },
  "SUserController.updateUser" : {
    "t" : [ {
      "id" : 0,
      "a" : [ [ "R", 50 ], [ "R", 50 ], [ "R", 50 ], [ "R", 50 ], [ "R", 50 ], [ "R", 50 ], [ "R", 50 ], [ "R", 50 ], [ "R", 50 ], [ "R", 50 ], [ "R", 50 ], [ "R", 50 ], [ "R", 50 ], [ "R", 50 ], [ "R", 50 ], [ "R", 50 ], [ "R", 50 ], [ "R", 50 ], [ "R", 50 ], [ "R", 50 ], [ "R", 50 ], [ "R", 42 ], [ "W", 50 ], [ "W", 42 ], [ "R", 50 ], [ "R", 49 ], [ "W", 50 ], [ "W", 49 ], [ "W", 50 ] ]
    } ]
  },
  "CFeedBackPersonController.findCFeedBackPersonJson" : {
    "t" : [ {
      "id" : 0,
      "a" : [ [ "R", 20 ], [ "R", 20 ], [ "R", 20 ], [ "R", 20 ], [ "R", 20 ], [ "R", 20 ], [ "R", 20 ], [ "R", 20 ], [ "R", 20 ], [ "R", 20 ], [ "R", 20 ] ]
    } ]
  },
  "CPageMaterialController.updatePageMtrl" : {
    "t" : [ {
      "id" : 0,
      "a" : [ [ "R", 30 ], [ "R", 30 ], [ "R", 30 ], [ "R", 30 ], [ "R", 30 ], [ "R", 30 ], [ "R", 30 ], [ "R", 30 ], [ "W", 30 ], [ "W", 30 ], [ "W", 30 ], [ "W", 30 ], [ "W", 24 ], [ "W", 30 ], [ "W", 30 ], [ "W", 24 ], [ "W", 30 ], [ "R", 24 ], [ "R", 24 ], [ "R", 24 ], [ "R", 24 ], [ "R", 24 ], [ "W", 24 ], [ "W", 24 ], [ "W", 24 ], [ "W", 30 ] ]
    } ]
  },
  "CFeedBackPersonController.deleteCCommonPersonBatch" : {
    "t" : [ {
      "id" : 0,
      "a" : [ [ "R", 20 ], [ "R", 20 ], [ "R", 20 ], [ "R", 20 ], [ "R", 20 ], [ "R", 20 ], [ "R", 20 ], [ "W", 20 ], [ "W", 20 ], [ "R", 20 ] ]
    } ]
  },
  "CPageMaterialController.checkMtrlId" : {
    "t" : [ {
      "id" : 0,
      "a" : [ [ "R", 30 ], [ "R", 30 ], [ "R", 30 ], [ "R", 30 ] ]
    } ]
  },
  "CFeedBackManageController.findCmsJson" : {
    "t" : [ {
      "id" : 0,
      "a" : [ [ "R", 19 ], [ "R", 19 ], [ "R", 19 ], [ "R", 42 ], [ "R", 19 ], [ "R", 42 ], [ "R", 42 ] ]
    } ]
  },
  "CCmsYywdController.deleteYywdBatch" : {
    "t" : [ {
      "id" : 0,
      "a" : [ [ "R", 15 ], [ "R", 15 ], [ "W", 15 ], [ "W", 15 ], [ "R", 15 ] ]
    } ]
  },
  "BCustomerUserController.updateUser" : {
    "t" : [ {
      "id" : 0,
      "a" : [ [ "R", 3 ], [ "R", 3 ], [ "R", 3 ], [ "R", 3 ], [ "R", 3 ], [ "R", 3 ], [ "R", 3 ], [ "R", 3 ], [ "R", 3 ], [ "R", 3 ], [ "R", 3 ], [ "R", 3 ], [ "R", 3 ], [ "R", 3 ], [ "R", 3 ], [ "R", 3 ], [ "R", 49 ], [ "R", 49 ], [ "R", 49 ], [ "R", 49 ], [ "R", 2 ], [ "R", 2 ], [ "R", 2 ], [ "R", 2 ], [ "R", 3 ], [ "W", 3 ], [ "W", 2 ], [ "W", 3 ], [ "W", 49 ], [ "W", 3 ] ]
    } ]
  },
  "CStopWtrTempController.deleteStopWtrTemp" : {
    "t" : [ {
      "id" : 0,
      "a" : [ [ "R", 35 ], [ "R", 35 ], [ "R", 35 ], [ "R", 35 ], [ "W", 35 ], [ "W", 35 ] ]
    } ]
  },
  "BCustomerUserController.deleteUsers" : {
    "t" : [ {
      "id" : 0,
      "a" : [ [ "R", 3 ], [ "R", 3 ], [ "R", 3 ], [ "R", 3 ], [ "R", 49 ], [ "R", 3 ], [ "R", 3 ], [ "R", 3 ], [ "R", 3 ], [ "R", 3 ], [ "W", 3 ], [ "W", 3 ] ]
    } ]
  },
  "SUserController.initPassword" : {
    "t" : [ {
      "id" : 0,
      "a" : [ [ "R", 50 ], [ "R", 50 ], [ "R", 50 ], [ "R", 50 ], [ "R", 50 ], [ "W", 50 ], [ "W", 50 ] ]
    } ]
  },
  "CReminderTempController.saveReminderTemp" : {
    "t" : [ {
      "id" : 0,
      "a" : [ [ "R", 32 ], [ "R", 42 ], [ "W", 32 ], [ "W", 42 ], [ "W", 32 ], [ "W", 32 ], [ "R", 32 ], [ "R", 32 ], [ "R", 32 ], [ "R", 32 ], [ "R", 32 ], [ "R", 32 ], [ "R", 32 ], [ "W", 32 ], [ "W", 32 ] ]
    } ]
  },
  "CCmsController.toExamineCms" : {
    "t" : [ {
      "id" : 0,
      "a" : [ [ "R", 14 ], [ "R", 42 ], [ "R", 42 ], [ "R", 42 ] ]
    } ]
  },
  "BCustomerUserController.checkByLoginName" : {
    "t" : [ {
      "id" : 0,
      "a" : [ [ "R", 3 ], [ "R", 3 ], [ "R", 3 ], [ "R", 3 ] ]
    } ]
  },
  "SRoleController.checkRoleCode" : {
    "t" : [ {
      "id" : 0,
      "a" : [ [ "R", 49 ], [ "R", 49 ], [ "R", 49 ], [ "R", 49 ] ]
    } ]
  },
  "BCustomerUserController.checkById" : {
    "t" : [ {
      "id" : 0,
      "a" : [ [ "R", 3 ], [ "R", 3 ], [ "R", 3 ], [ "R", 3 ] ]
    } ]
  },
  "CCmsYywdController.saveYywd" : {
    "t" : [ {
      "id" : 0,
      "a" : [ [ "R", 15 ], [ "W", 15 ] ]
    } ]
  },
  "CLeaveWordsManageController.updateLeavewords" : {
    "t" : [ {
      "id" : 0,
      "a" : [ [ "R", 22 ], [ "R", 22 ], [ "R", 22 ], [ "R", 22 ], [ "W", 22 ], [ "W", 22 ], [ "R", 42 ], [ "W", 22 ], [ "W", 42 ], [ "W", 22 ], [ "W", 22 ], [ "R", 22 ], [ "R", 22 ], [ "R", 22 ], [ "R", 22 ], [ "R", 22 ], [ "R", 22 ], [ "R", 22 ], [ "R", 28 ], [ "R", 28 ], [ "R", 28 ], [ "R", 1 ], [ "R", 28 ], [ "R", 1 ], [ "R", 1 ], [ "R", 1 ], [ "R", 1 ], [ "R", 1 ], [ "R", 1 ], [ "W", 1 ], [ "W", 1 ], [ "W", 1 ], [ "W", 1 ], [ "W", 1 ], [ "R", 1 ], [ "R", 22 ], [ "R", 22 ], [ "R", 22 ], [ "R", 22 ], [ "W", 22 ], [ "W", 22 ] ]
    } ]
  },
  "CLeaveWordsManageController.deleteLeavewords" : {
    "t" : [ {
      "id" : 0,
      "a" : [ [ "R", 22 ], [ "R", 22 ], [ "R", 22 ], [ "R", 22 ], [ "R", 22 ], [ "W", 22 ], [ "W", 22 ], [ "R", 22 ] ]
    } ]
  },
  "CCmsController.updateCms" : {
    "t" : [ {
      "id" : 0,
      "a" : [ [ "R", 48 ], [ "R", 48 ], [ "R", 48 ], [ "R", 48 ], [ "R", 48 ], [ "R", 42 ], [ "R", 42 ], [ "R", 42 ], [ "R", 42 ], [ "R", 14 ], [ "R", 14 ], [ "R", 14 ], [ "W", 14 ], [ "R", 42 ], [ "R", 42 ] ]
    } ]
  },
  "CMassSendController.saveCusMassSend" : {
    "t" : [ {
      "id" : 0,
      "a" : [ [ "R", 23 ], [ "R", 42 ], [ "W", 23 ], [ "W", 42 ], [ "W", 23 ] ]
    } ]
  },
  "SResourceController.deleteResource" : {
    "t" : [ {
      "id" : 0,
      "a" : [ [ "R", 46 ], [ "R", 46 ], [ "R", 46 ], [ "R", 46 ], [ "R", 46 ], [ "R", 46 ], [ "W", 46 ], [ "R", 46 ], [ "R", 46 ], [ "W", 46 ], [ "W", 46 ], [ "W", 46 ] ]
    } ]
  },
  "AcquireOpenIdController.acquireCode" : {
    "t" : [ {
      "id" : 0,
      "a" : [ [ "R", 28 ], [ "R", 28 ], [ "R", 28 ], [ "R", 1 ], [ "R", 28 ] ]
    } ]
  },
  "CCommonPersonController.updateCCommonPerson" : {
    "t" : [ {
      "id" : 0,
      "a" : [ [ "R", 16 ], [ "W", 16 ] ]
    } ]
  },
  "SResourceController.findAllMenus" : {
    "t" : [ {
      "id" : 0,
      "a" : [ [ "R", 46 ], [ "R", 46 ], [ "R", 46 ], [ "R", 42 ], [ "R", 46 ], [ "R", 46 ], [ "R", 46 ], [ "R", 46 ], [ "R", 46 ], [ "R", 46 ], [ "R", 46 ], [ "R", 46 ], [ "R", 46 ] ]
    } ]
  },
  "SFansOperateLogController.findFansOperate" : {
    "t" : [ {
      "id" : 0,
      "a" : [ [ "R", 43 ], [ "R", 43 ] ]
    } ]
  },
  "SUserController.enableUser" : {
    "t" : [ {
      "id" : 0,
      "a" : [ [ "R", 50 ], [ "R", 50 ], [ "R", 50 ], [ "R", 50 ], [ "W", 50 ], [ "W", 50 ] ]
    } ]
  },
  "CPicMaterialController.deletePicMtrl" : {
    "t" : [ {
      "id" : 0,
      "a" : [ [ "R", 31 ], [ "R", 31 ], [ "R", 31 ], [ "R", 31 ], [ "W", 31 ], [ "W", 31 ] ]
    } ]
  },
  "CLeaveWordsManageController.toUpdateLeaveWords" : {
    "t" : [ {
      "id" : 0,
      "a" : [ [ "R", 42 ], [ "R", 42 ], [ "R", 22 ], [ "R", 22 ], [ "R", 22 ], [ "R", 22 ] ]
    } ]
  }
}