{
  "1" : "BAccessToken",
  "2" : "BCustomer",
  "3" : "BCustomerUser",
  "4" : "BMenuConfigure",
  "5" : "BParentMenu",
  "6" : "CArticleMaterial",
  "7" : "CArticlePage",
  "8" : "CAuto",
  "9" : "CAutoAr",
  "10" : "CAutoDefault",
  "11" : "CAutoImgTx",
  "12" : "CAutoKeyword",
  "13" : "CClickTw",
  "14" : "CCms",
  "15" : "CCmsYywd",
  "16" : "CCommonPerson",
  "17" : "CFan",
  "18" : "CFanUser",
  "19" : "CFeedBackManage",
  "20" : "CFeedBackPerson",
  "21" : "CFeedBackTemp",
  "22" : "CLeaveWordsManage",
  "23" : "CMassSend",
  "24" : "CMaterialTag",
  "25" : "CMenuConfigure",
  "26" : "CMission",
  "27" : "CMissionConf",
  "28" : "CMp",
  "29" : "CNoticeTemp",
  "30" : "CPageMaterial",
  "31" : "CPicMaterial",
  "32" : "CReminderTemp",
  "33" : "CReplyFeedBackTemp",
  "34" : "CSelfTag",
  "35" : "CStopWtrTemp",
  "36" : "CTemplateId",
  "37" : "CTextMaterial",
  "38" : "Mp",
  "39" : "OrderCheck",
  "40" : "PayConfig",
  "41" : "PayOrder",
  "42" : "SDictionary",
  "43" : "SFansOperateLog",
  "44" : "SLoginLog",
  "45" : "SOperateLog",
  "46" : "SResource",
  "47" : "SResourceConfig",
  "48" : "SReviewPermissions",
  "49" : "SRole",
  "50" : "SUser",
  "51" : "TimeSet",
  "52" : "Wx"
}