{
  "BAccessToken" : 1,
  "BCustomer" : 2,
  "BCustomerUser" : 3,
  "BMenuConfigure" : 4,
  "BParentMenu" : 5,
  "CArticleMaterial" : 6,
  "CArticlePage" : 7,
  "CAuto" : 8,
  "CAutoAr" : 9,
  "CAutoDefault" : 10,
  "CAutoImgTx" : 11,
  "CAutoKeyword" : 12,
  "CClickTw" : 13,
  "CCms" : 14,
  "CCmsYywd" : 15,
  "CCommonPerson" : 16,
  "CFan" : 17,
  "CFanUser" : 18,
  "CFeedBackManage" : 19,
  "CFeedBackPerson" : 20,
  "CFeedBackTemp" : 21,
  "CLeaveWordsManage" : 22,
  "CMassSend" : 23,
  "CMaterialTag" : 24,
  "CMenuConfigure" : 25,
  "CMission" : 26,
  "CMissionConf" : 27,
  "CMp" : 28,
  "CNoticeTemp" : 29,
  "CPageMaterial" : 30,
  "CPicMaterial" : 31,
  "CReminderTemp" : 32,
  "CReplyFeedBackTemp" : 33,
  "CSelfTag" : 34,
  "CStopWtrTemp" : 35,
  "CTemplateId" : 36,
  "CTextMaterial" : 37,
  "Mp" : 38,
  "OrderCheck" : 39,
  "PayConfig" : 40,
  "PayOrder" : 41,
  "SDictionary" : 42,
  "SFansOperateLog" : 43,
  "SLoginLog" : 44,
  "SOperateLog" : 45,
  "SResource" : 46,
  "SResourceConfig" : 47,
  "SReviewPermissions" : 48,
  "SRole" : 49,
  "SUser" : 50,
  "TimeSet" : 51,
  "Wx" : 52
}