{"Type": 1, "MetadataTemplateField": 2, "ProjectMetadataTemplateJoin": 3, "Project": 4, "StaticMetadataTemplateField": 5, "MetadataTemplate": 6, "ProjectSampleJoin": 7, "Sample": 8, "MetadataEntry": 9, "Announcement": 10, "GenomeAssembly": 11, "ProjectEvent": 12, "OverrepresentedSequence": 13, "SequenceConcatenation": 14, "Analysis": 15, "AnalysisOutputFile": 16, "JobError": 17, "ToolExecution": 18, "IridaWorkflowNamedParameters": 19, "PasswordReset": 20, "AnalysisSubmission": 21, "SequenceFilePair": 22, "SequencingObject": 23, "SampleSequencingObjectJoin": 24, "SequenceFile": 25, "SingleEndSequenceFile": 26, "AbstractAnalysisSubmission": 27, "User": 28, "NcbiExportSubmission": 29, "NcbiBioSampleFiles": 30, "UserGroupRoleSetProjectEvent": 31, "UserGroupProjectJoin": 32, "UserGroup": 33, "UserGroupRemovedProjectEvent": 34, "ProjectUserJoin": 35, "ReferenceFile": 36, "AnnouncementUserJoin": 37, "RelatedProjectJoin": 38, "SampleGenomeAssemblyJoin": 39, "ProjectReferenceFileJoin": 40, "UserGroupJoin": 41, "ProjectAnalysisSubmissionJoin": 42, "GenomeAssemblyFromAnalysis": 43, "PipelineProvidedMetadataEntry": 44, "AnalysisSubmissionTemplate": 45, "AnalysisFastQC": 46, "SequencingRun": 47, "RemoteAPI": 48, "DataAddedToSampleProjectEvent": 49, "RemoteStatus": 50, "UploadedAssembly": 51, "RemoteAPIToken": 52, "QCEntry": 53, "CoverageQCEntry": 54, "UserRoleSetProjectEvent": 55, "UserRemovedProjectEvent": 56, "SampleAddedProjectEvent": 57, "SampleRemovedProjectEvent": 58, "IridaClientDetails": 59}