{"LineListController.getLineListTemplates": {"t": [{"id": 0, "a": [["R", 1], ["R", 1], ["R", 2], ["R", 3], ["R", 3], ["R", 4], ["R", 5], ["R", 5], ["R", 5], ["R", 3], ["R", 6], ["R", 6], ["R", 2], ["R", 2], ["R", 2], ["R", 2], ["R", 2], ["R", 3], ["R", 3], ["R", 4], ["R", 3], ["R", 6], ["R", 1], ["R", 2], ["R", 3], ["R", 3], ["R", 4], ["R", 5], ["R", 5], ["R", 5], ["R", 3], ["R", 6], ["R", 6], ["R", 2], ["R", 2], ["R", 2], ["R", 2], ["R", 2], ["R", 6], ["R", 2], ["R", 2], ["R", 2], ["R", 2], ["R", 2], ["R", 2], ["R", 2], ["R", 2], ["R", 2], ["R", 2], ["R", 2], ["R", 6], ["R", 6]]}]}, "LineListController.getProjectSamplesMetadataEntries": {"t": [{"id": 0, "a": [["R", 1], ["R", 7], ["R", 7], ["R", 7], ["R", 4], ["R", 7], ["R", 8], ["R", 7], ["R", 4], ["R", 7], ["R", 8], ["R", 8], ["R", 8], ["R", 4], ["R", 4], ["R", 8], ["R", 8], ["R", 8], ["R", 2], ["R", 9], ["R", 2], ["R", 2], ["R", 9], ["R", 7]]}]}, "LineListController.saveLineListTemplate": {"t": [{"id": 0, "a": [["R", 1], ["R", 5], ["R", 5], ["R", 5], ["R", 5], ["R", 2], ["R", 2], ["W", 2], ["W", 2], ["R", 2], ["W", 2], ["W", 6], ["W", 6], ["W", 2], ["R", 10], ["R", 11], ["R", 12], ["R", 13], ["R", 14], ["R", 15], ["R", 16], ["R", 17], ["R", 18], ["R", 19], ["R", 20], ["R", 10], ["R", 11], ["R", 12], ["R", 13], ["R", 14], ["R", 15], ["R", 16], ["R", 17], ["R", 18], ["R", 19], ["R", 20], ["R", 1], ["W", 1], ["W", 3], ["W", 6], ["W", 3], ["W", 4], ["W", 3], ["R", 3], ["R", 6], ["R", 1], ["W", 6], ["W", 2], ["R", 10], ["R", 11], ["R", 12], ["R", 13], ["R", 14], ["R", 15], ["R", 16], ["R", 17], ["R", 18], ["R", 19], ["R", 20], ["R", 1], ["W", 1], ["R", 6], ["R", 6], ["R", 1], ["R", 2], ["R", 3], ["R", 3], ["R", 4], ["R", 5], ["R", 5], ["R", 5], ["R", 3], ["R", 6], ["R", 6], ["R", 2], ["R", 2], ["R", 2], ["R", 2], ["R", 2], ["R", 6], ["R", 2], ["R", 2], ["R", 2], ["R", 2], ["R", 2], ["R", 2], ["R", 2], ["R", 2], ["R", 2], ["R", 2], ["R", 2]]}]}, "LineListController.saveMetadataEntry": {"t": [{"id": 0, "a": [["R", 1], ["R", 8], ["R", 2], ["R", 9], ["R", 2], ["R", 2], ["W", 2], ["W", 2], ["R", 2], ["W", 2], ["W", 9], ["W", 9], ["W", 9], ["R", 10], ["R", 11], ["R", 12], ["R", 13], ["R", 14], ["R", 15], ["R", 16], ["R", 17], ["R", 18], ["R", 19], ["R", 20], ["R", 1], ["W", 1]]}]}, "RESTAnalysisSubmissionController.getAnalysisForSubmission": {"t": [{"id": 0, "a": [["R", 1], ["R", 21], ["R", 21], ["R", 15], ["R", 15], ["R", 16]]}]}, "RESTAnalysisSubmissionController.getAnalysisInputFilePairs": {"t": [{"id": 0, "a": [["R", 1], ["R", 22], ["R", 23], ["R", 23], ["R", 23], ["R", 21], ["R", 24], ["R", 24], ["R", 23], ["R", 24], ["R", 8], ["R", 23], ["R", 22], ["R", 25], ["R", 26], ["R", 25], ["R", 23], ["R", 25], ["R", 23], ["R", 21], ["R", 27], ["R", 23], ["R", 21], ["R", 27], ["R", 22], ["R", 25], ["R", 22], ["R", 25], ["R", 25], ["R", 25], ["R", 22], ["R", 22], ["R", 22], ["R", 25], ["R", 22], ["R", 25], ["R", 25], ["R", 25], ["R", 22], ["R", 22]]}]}, "RESTAnalysisSubmissionController.getAnalysisInputUnpairedFiles": {"t": [{"id": 0, "a": [["R", 1], ["R", 26], ["R", 23], ["R", 23], ["R", 23], ["R", 21], ["R", 24], ["R", 24], ["R", 23], ["R", 24], ["R", 24], ["R", 8], ["R", 23], ["R", 22], ["R", 25], ["R", 26], ["R", 25], ["R", 23], ["R", 25], ["R", 23], ["R", 21], ["R", 27], ["R", 23], ["R", 21], ["R", 27], ["R", 22], ["R", 25], ["R", 22], ["R", 25], ["R", 25], ["R", 25], ["R", 22], ["R", 22], ["R", 22], ["R", 25], ["R", 22], ["R", 25], ["R", 25], ["R", 25], ["R", 22], ["R", 22]]}]}, "RESTAnalysisSubmissionController.getAnalysisOutputFile": {"t": [{"id": 0, "a": [["R", 1], ["R", 21], ["R", 21], ["R", 15], ["R", 15], ["R", 16], ["R", 16]]}]}, "RESTAnalysisSubmissionController.getAnalysisOutputFileContents": {"t": [{"id": 0, "a": [["R", 1], ["R", 21], ["R", 21], ["R", 15], ["R", 15], ["R", 16], ["R", 16]]}]}, "RESTAnalysisSubmissionController.listOfType": {"t": [{"id": 0, "a": [["R", 21], ["R", 21], ["R", 21], ["R", 21], ["R", 27], ["R", 27], ["R", 27], ["R", 27]]}]}, "ProjectExportController.getAllExports": {"t": [{"id": 0, "a": [["R", 1], ["R", 1], ["R", 1]]}]}, "ProjectExportController.getDetailsView": {"t": [{"id": 0, "a": [["R", 1], ["R", 1], ["R", 28]]}]}, "ProjectExportController.getExportsForProject": {"t": [{"id": 0, "a": [["R", 1], ["R", 29], ["R", 29], ["R", 4]]}]}, "ProjectExportController.getExportsPage": {"t": [{"id": 0, "a": [["R", 1], ["R", 28]]}]}, "ProjectExportController.getUploadNcbiPage": {"t": [{"id": 0, "a": [["R", 1], ["R", 28], ["R", 1], ["R", 8], ["R", 8], ["R", 8], ["R", 26], ["R", 24], ["R", 22], ["R", 24], ["R", 24], ["R", 24], ["R", 23], ["R", 23], ["R", 23], ["R", 23], ["R", 23], ["R", 23], ["R", 23], ["R", 23], ["R", 23], ["R", 23]]}]}, "ProjectExportController.submitToNcbi": {"t": [{"id": 0, "a": [["R", 1], ["R", 1], ["R", 1], ["W", 29], ["W", 29], ["W", 29], ["W", 4], ["W", 29], ["W", 28], ["W", 29], ["W", 29], ["W", 29], ["W", 29], ["W", 30], ["W", 29], ["R", 10], ["R", 11], ["R", 12], ["R", 13], ["R", 14], ["R", 15], ["R", 16], ["R", 17], ["R", 18], ["R", 19], ["R", 20], ["R", 10], ["R", 11], ["R", 12], ["R", 13], ["R", 14], ["R", 15], ["R", 16], ["R", 17], ["R", 18], ["R", 19], ["R", 20], ["R", 1], ["W", 1], ["R", 29]]}]}, "ProjectMembersController.addProjectGroupMember": {"t": [{"id": 0, "a": [["R", 1], ["R", 1], ["R", 31], ["W", 32], ["W", 32], ["W", 32], ["W", 32], ["W", 32], ["W", 32], ["R", 33], ["R", 4]]}]}, "ProjectMembersController.getGroupsAvailableForProject": {"t": [{"id": 0, "a": [["R", 1], ["R", 33], ["R", 33], ["R", 32], ["R", 32], ["R", 33], ["R", 32], ["R", 4], ["R", 33]]}]}, "ProjectMembersController.getProjectGroupMembers": {"t": [{"id": 0, "a": [["R", 1], ["R", 32], ["R", 32], ["R", 33], ["R", 33], ["R", 32], ["R", 32]]}]}, "ProjectMembersController.getProjectGroupsPage": {"t": [{"id": 0, "a": [["R", 1], ["R", 28]]}]}, "ProjectMembersController.getProjectUsersPage": {"t": [{"id": 0, "a": [["R", 1], ["R", 28]]}]}, "ProjectMembersController.getRemoveUserGroupModal": {"t": [{"id": 0, "a": [["R", 1]]}]}, "ProjectMembersController.removeUserGroup": {"t": [{"id": 0, "a": [["R", 1], ["R", 1], ["R", 34], ["R", 32], ["R", 32], ["R", 35], ["R", 35], ["R", 35], ["R", 4], ["R", 35], ["R", 32], ["W", 32], ["R", 33], ["R", 33]]}]}, "ProjectMembersController.updateUserGroupRole": {"t": [{"id": 0, "a": [["R", 1], ["R", 1], ["R", 31], ["R", 32], ["R", 32], ["R", 35], ["R", 35], ["R", 35], ["R", 4], ["R", 35], ["R", 32], ["W", 32], ["W", 32], ["R", 33], ["R", 33]]}]}, "ProjectLineListController.deleteMetadataTemplate": {"t": [{"id": 0, "a": [["R", 1], ["R", 1], ["R", 1], ["W", 1], ["R", 6], ["R", 4]]}]}, "ProjectLineListController.getLineListPage": {"t": [{"id": 0, "a": [["R", 1], ["R", 28]]}]}, "ProjectLineListController.getLinelistTemplatePage": {"t": [{"id": 0, "a": [["R", 1], ["R", 28], ["R", 3], ["R", 3], ["R", 4], ["R", 3], ["R", 6], ["R", 6], ["R", 6]]}]}, "ProjectLineListController.getMetadaFieldsForTemplate": {"t": [{"id": 0, "a": [["R", 1], ["R", 6], ["R", 2]]}]}, "ProjectLineListController.getMetadataTemplates": {"t": [{"id": 0, "a": [["R", 1], ["R", 3], ["R", 3], ["R", 4], ["R", 3], ["R", 6]]}]}, "ProjectLineListController.saveLinelistTemplate": {"t": [{"id": 0, "a": [["R", 1], ["R", 2], ["R", 2], ["R", 2], ["W", 2], ["W", 2], ["R", 2], ["W", 2], ["W", 6], ["W", 6], ["W", 2], ["R", 10], ["R", 11], ["R", 12], ["R", 13], ["R", 14], ["R", 15], ["R", 16], ["R", 17], ["R", 18], ["R", 19], ["R", 20], ["R", 10], ["R", 11], ["R", 12], ["R", 13], ["R", 14], ["R", 15], ["R", 16], ["R", 17], ["R", 18], ["R", 19], ["R", 20], ["R", 1], ["W", 1], ["W", 3], ["W", 6], ["W", 3], ["W", 4], ["W", 3], ["R", 3], ["R", 6], ["R", 6]]}]}, "ProjectLineListController.saveMetadataTemplate": {"t": [{"id": 0, "a": [["R", 1], ["R", 2], ["R", 2], ["W", 2], ["W", 2], ["R", 2], ["W", 2], ["R", 1], ["W", 6], ["W", 2], ["W", 6], ["R", 10], ["R", 11], ["R", 12], ["R", 13], ["R", 14], ["R", 15], ["R", 16], ["R", 17], ["R", 18], ["R", 19], ["R", 20], ["R", 1], ["W", 1], ["W", 6], ["W", 6], ["W", 2], ["R", 10], ["R", 11], ["R", 12], ["R", 13], ["R", 14], ["R", 15], ["R", 16], ["R", 17], ["R", 18], ["R", 19], ["R", 20], ["R", 10], ["R", 11], ["R", 12], ["R", 13], ["R", 14], ["R", 15], ["R", 16], ["R", 17], ["R", 18], ["R", 19], ["R", 20], ["R", 1], ["W", 1], ["W", 3], ["W", 6], ["W", 3], ["W", 4], ["W", 3], ["R", 3], ["R", 6]]}]}, "AnalysisAjaxController.ajaxGetAnalysisInputFiles": {"t": [{"id": 0, "a": [["R", 1], ["R", 22], ["R", 23], ["R", 23], ["R", 23], ["R", 21], ["R", 26], ["R", 23], ["R", 23], ["R", 23], ["R", 21], ["R", 27], ["R", 27], ["R", 27], ["R", 21], ["R", 21], ["R", 15], ["R", 21], ["R", 15], ["R", 15], ["R", 27], ["R", 27], ["R", 36], ["R", 27], ["R", 36], ["R", 27], ["R", 36], ["R", 27], ["R", 36], ["R", 22], ["R", 25], ["R", 8], ["R", 8], ["R", 23], ["R", 22], ["R", 25], ["R", 22], ["R", 25], ["R", 25], ["R", 25], ["R", 22], ["R", 22], ["R", 22], ["R", 25], ["R", 22], ["R", 25], ["R", 25], ["R", 25], ["R", 22], ["R", 22], ["R", 26], ["R", 25], ["R", 8], ["R", 8], ["R", 23], ["R", 26], ["R", 25]]}]}, "AnalysisAjaxController.ajaxGetDataForDetailsTab": {"t": [{"id": 0, "a": [["R", 1], ["R", 27], ["R", 27], ["R", 27], ["R", 21], ["R", 21], ["R", 15], ["R", 21], ["R", 15], ["R", 15], ["R", 27], ["R", 21], ["R", 21], ["R", 21], ["R", 27], ["R", 27], ["R", 21], ["R", 21], ["R", 21], ["R", 27], ["R", 27], ["R", 27], ["R", 21], ["R", 15], ["R", 21], ["R", 15], ["R", 15], ["R", 27], ["R", 27], ["R", 27]]}]}, "AnalysisAjaxController.ajaxGetJobErrors": {"t": [{"id": 0, "a": [["R", 1], ["R", 17]]}]}, "AnalysisAjaxController.ajaxUpdateEmailPipelineResult": {"t": [{"id": 0, "a": [["R", 1], ["R", 21], ["R", 21], ["W", 27], ["R", 10], ["R", 11], ["R", 12], ["R", 13], ["R", 14], ["R", 15], ["R", 16], ["R", 17], ["R", 18], ["R", 19], ["R", 20], ["R", 1], ["W", 1]]}]}, "AnalysisAjaxController.ajaxUpdateSubmission": {"t": [{"id": 0, "a": [["R", 1], ["W", 27], ["R", 10], ["R", 11], ["R", 12], ["R", 13], ["R", 14], ["R", 15], ["R", 16], ["R", 17], ["R", 18], ["R", 19], ["R", 20], ["R", 1], ["W", 1], ["R", 21], ["W", 21], ["W", 21], ["R", 10], ["R", 11], ["R", 12], ["R", 13], ["R", 14], ["R", 15], ["R", 16], ["R", 17], ["R", 18], ["R", 19], ["R", 20], ["R", 1], ["W", 1], ["R", 27]]}]}, "AnalysisAjaxController.deleteAjaxAnalysisSubmission": {"t": [{"id": 0, "a": [["R", 1], ["R", 1], ["W", 1], ["R", 27]]}]}, "AnalysisAjaxController.downloadSelection": {"t": [{"id": 0, "a": [["R", 16], ["R", 16], ["R", 16], ["R", 16]]}]}, "AnalysisAjaxController.getAjaxDownloadAnalysisSubmission": {"t": [{"id": 0, "a": [["R", 1], ["R", 21], ["R", 15], ["R", 15], ["R", 27], ["R", 16], ["R", 16], ["R", 16], ["R", 16], ["R", 16], ["R", 16]]}]}, "AnalysisAjaxController.getAjaxDownloadAnalysisSubmissionIndividualFile": {"t": [{"id": 0, "a": [["R", 1], ["R", 21], ["R", 15], ["R", 15], ["R", 16], ["R", 16], ["R", 16], ["R", 16], ["R", 16], ["R", 16], ["R", 16]]}]}, "AnalysisAjaxController.getAllAnalysisOutputInfoSharedWithProject": {"t": [{"id": 0, "a": [["R", 21]]}]}, "AnalysisAjaxController.getAllAutomatedAnalysisOutputInfoForAProject": {"t": [{"id": 0, "a": [["R", 21]]}]}, "AnalysisAjaxController.getAllUserAnalysisOutputInfo": {"t": [{"id": 0, "a": [["R", 28], ["R", 21]]}]}, "AnalysisAjaxController.getImageFile": {"t": [{"id": 0, "a": [["R", 1], ["R", 21], ["R", 15], ["R", 15], ["R", 16], ["R", 16]]}]}, "AnalysisAjaxController.getMetadataForAnalysisSamples": {"t": [{"id": 0, "a": [["R", 1], ["R", 23], ["R", 23], ["R", 23], ["R", 21], ["R", 24], ["R", 24], ["R", 23], ["R", 24], ["R", 27], ["R", 8], ["R", 2], ["R", 9], ["R", 8], ["R", 2], ["R", 9], ["R", 8], ["R", 2], ["R", 9], ["R", 2], ["W", 9], ["W", 9], ["R", 8]]}]}, "AnalysisAjaxController.getMetadataTemplateFields": {"t": [{"id": 0, "a": [["R", 1], ["R", 6], ["R", 2], ["R", 2]]}]}, "AnalysisAjaxController.getMetadataTemplatesForAnalysis": {"t": [{"id": 0, "a": [["R", 1], ["R", 23], ["R", 23], ["R", 23], ["R", 21], ["R", 24], ["R", 24], ["R", 23], ["R", 24], ["R", 7], ["R", 7], ["R", 7], ["R", 8], ["R", 37], ["R", 10], ["R", 3], ["R", 4], ["R", 7], ["R", 4], ["R", 35], ["R", 4], ["R", 38], ["R", 4], ["R", 39], ["R", 8], ["R", 40], ["R", 4], ["R", 24], ["R", 41], ["R", 32], ["R", 42], ["R", 4], ["R", 4], ["R", 4], ["R", 3], ["R", 3], ["R", 4], ["R", 3], ["R", 6], ["R", 6], ["R", 6]]}]}, "AnalysisAjaxController.getNewickForAnalysis": {"t": [{"id": 0, "a": [["R", 1], ["R", 21], ["R", 15], ["R", 15], ["R", 16]]}]}, "AnalysisAjaxController.getNewickTree": {"t": [{"id": 0, "a": [["R", 1], ["R", 21], ["R", 15], ["R", 15], ["R", 16]]}]}, "AnalysisAjaxController.getOutputFile": {"t": [{"id": 0, "a": [["R", 1], ["R", 21], ["R", 15], ["R", 15], ["R", 16], ["R", 16], ["R", 16], ["R", 16], ["R", 27], ["R", 15], ["R", 16], ["R", 18], ["R", 18], ["R", 16]]}]}, "AnalysisAjaxController.getOutputFilesInfo": {"t": [{"id": 0, "a": [["R", 1], ["R", 21], ["R", 15], ["R", 27], ["R", 15], ["R", 15], ["R", 16], ["R", 16], ["R", 16], ["R", 27], ["R", 15], ["R", 16], ["R", 16], ["R", 18], ["R", 18], ["R", 16]]}]}, "AnalysisAjaxController.getProvenanceByFile": {"t": [{"id": 0, "a": [["R", 1], ["R", 21], ["R", 15], ["R", 15], ["R", 16], ["R", 16], ["R", 16], ["R", 16], ["R", 16], ["R", 18], ["R", 16], ["R", 16], ["R", 16], ["R", 16], ["R", 18], ["R", 18], ["R", 18], ["R", 18]]}]}, "AnalysisAjaxController.getSharedProjectsForAnalysis": {"t": [{"id": 0, "a": [["R", 1], ["R", 22], ["R", 23], ["R", 23], ["R", 23], ["R", 21], ["R", 26], ["R", 23], ["R", 23], ["R", 23], ["R", 21], ["R", 42], ["R", 42], ["R", 21], ["R", 24], ["R", 24], ["R", 23], ["R", 24], ["R", 7], ["R", 7], ["R", 7], ["R", 8], ["R", 37], ["R", 10], ["R", 3], ["R", 4], ["R", 7], ["R", 4], ["R", 35], ["R", 4], ["R", 38], ["R", 4], ["R", 39], ["R", 8], ["R", 40], ["R", 4], ["R", 24], ["R", 41], ["R", 32], ["R", 42], ["R", 4], ["R", 24], ["R", 24], ["R", 23], ["R", 24], ["R", 7], ["R", 7], ["R", 7], ["R", 8], ["R", 37], ["R", 10], ["R", 3], ["R", 4], ["R", 7], ["R", 4], ["R", 35], ["R", 4], ["R", 38], ["R", 4], ["R", 39], ["R", 8], ["R", 40], ["R", 4], ["R", 24], ["R", 41], ["R", 32], ["R", 42], ["R", 4], ["R", 4], ["R", 4]]}]}, "AnalysisAjaxController.getSistrAnalysis": {"t": [{"id": 0, "a": [["R", 1], ["R", 23], ["R", 23], ["R", 23], ["R", 21], ["R", 24], ["R", 24], ["R", 23], ["R", 24], ["R", 27], ["R", 27], ["R", 27], ["R", 21], ["R", 15], ["R", 15], ["R", 16], ["R", 8]]}]}, "AnalysisAjaxController.parseExcelFile": {"t": [{"id": 0, "a": [["R", 1], ["R", 21], ["R", 15], ["R", 15], ["R", 16], ["R", 16], ["R", 16], ["R", 16], ["R", 16], ["R", 16]]}]}, "AnalysisAjaxController.prepareDownload": {"t": [{"id": 0, "a": [["R", 1], ["R", 21], ["R", 15], ["R", 15], ["R", 16], ["R", 16]]}]}, "AnalysisAjaxController.saveResultsToSamples": {"t": [{"id": 0, "a": [["R", 1], ["R", 27], ["R", 24], ["R", 24], ["R", 8], ["R", 24], ["R", 23], ["R", 21], ["R", 21], ["R", 15], ["R", 15], ["W", 11], ["W", 11], ["W", 39], ["W", 43], ["W", 21], ["W", 39], ["W", 39], ["W", 8], ["W", 39], ["W", 11], ["R", 8], ["R", 27], ["W", 39], ["R", 27], ["R", 21], ["R", 15], ["R", 15], ["R", 16], ["W", 9], ["W", 9], ["W", 44], ["W", 21], ["R", 2], ["R", 2], ["W", 2], ["W", 2], ["R", 2], ["W", 2], ["R", 8], ["R", 2], ["R", 9], ["R", 8], ["R", 2], ["R", 9], ["W", 9], ["R", 9], ["W", 9], ["R", 9], ["R", 8], ["R", 2], ["R", 9], ["R", 8], ["R", 2], ["R", 9], ["R", 8], ["R", 8], ["R", 2], ["R", 9], ["R", 1], ["W", 1], ["R", 21], ["R", 15], ["R", 15], ["R", 16], ["R", 27], ["W", 9], ["W", 9], ["W", 44], ["W", 21], ["R", 2], ["R", 2], ["W", 2], ["W", 2], ["R", 2], ["W", 2], ["R", 8], ["R", 2], ["R", 9], ["R", 8], ["R", 2], ["R", 9], ["W", 9], ["R", 9], ["W", 9], ["R", 9], ["R", 8], ["R", 2], ["R", 9], ["R", 8], ["R", 2], ["R", 9], ["R", 8], ["R", 8], ["R", 2], ["R", 9], ["R", 1], ["W", 1], ["R", 15], ["W", 27], ["R", 10], ["R", 11], ["R", 12], ["R", 13], ["R", 14], ["R", 15], ["R", 16], ["R", 17], ["R", 18], ["R", 19], ["R", 20], ["R", 1], ["W", 1]]}]}, "AnalysisAjaxController.updateProjectShare": {"t": [{"id": 0, "a": [["R", 1], ["R", 1], ["W", 42], ["W", 4], ["W", 42], ["W", 21], ["W", 42], ["R", 4], ["R", 42], ["R", 42], ["R", 21], ["R", 42], ["R", 4], ["W", 42], ["R", 4]]}]}, "ProjectSettingsController.deleteProject": {"t": [{"id": 0, "a": [["R", 1], ["W", 1]]}]}, "ProjectSettingsController.getProjectDeletionPage": {"t": [{"id": 0, "a": [["R", 1], ["R", 28]]}]}, "ProjectSettingsController.getProjectSettingsBasicPage": {"t": [{"id": 0, "a": [["R", 1], ["R", 28]]}]}, "ProjectSettingsController.getProjectSettingsProcessingPage": {"t": [{"id": 0, "a": [["R", 1], ["R", 45], ["R", 45], ["R", 4], ["R", 27], ["R", 27], ["R", 27], ["R", 45], ["R", 45], ["R", 28]]}]}, "ProjectSettingsController.removeAnalysisTemplateConfirm": {"t": [{"id": 0, "a": [["R", 1], ["R", 45], ["R", 45], ["R", 4], ["R", 27], ["R", 4], ["W", 45]]}]}, "ProjectSettingsController.removeAnalysisTemplateModal": {"t": [{"id": 0, "a": [["R", 1], ["R", 45], ["R", 45], ["R", 4], ["R", 27], ["R", 4], ["R", 27], ["R", 27], ["R", 27], ["R", 45], ["R", 45]]}]}, "ProjectSettingsController.updateCoverageSetting": {"t": [{"id": 0, "a": [["R", 1], ["R", 4], ["R", 1], ["W", 1]]}]}, "ProjectSettingsController.updatePrioritySetting": {"t": [{"id": 0, "a": [["R", 1], ["R", 4], ["R", 1], ["W", 1]]}]}, "AnalysesTableAjaxController.deleteAnalysisSubmissions": {"t": [{"id": 0, "a": [["R", 1], ["R", 21], ["W", 21], ["R", 21], ["R", 21], ["R", 21], ["R", 21], ["R", 21], ["R", 21], ["R", 21], ["R", 21], ["R", 21], ["R", 21], ["W", 21], ["R", 10], ["R", 11], ["R", 12], ["R", 13], ["R", 14], ["R", 15], ["R", 16], ["R", 17], ["R", 18], ["R", 19], ["R", 20], ["R", 1], ["W", 1], ["R", 1], ["W", 1]]}]}, "AnalysesTableAjaxController.downloadAnalysis": {"t": [{"id": 0, "a": [["R", 1], ["R", 21], ["R", 15], ["R", 15], ["R", 27], ["R", 16], ["R", 16], ["R", 16], ["R", 16], ["R", 16], ["R", 16]]}]}, "AnalysesTableAjaxController.fetchAnalysesQueueCounts": {"t": [{"id": 0, "a": [["R", 21], ["R", 21], ["R", 21], ["R", 21], ["R", 21], ["R", 21]]}]}, "AnalysesTableAjaxController.getPagedAnalyses": {"t": [{"id": 0, "a": [["R", 1], ["R", 42], ["R", 1], ["R", 28], ["R", 42], ["R", 1], ["R", 42], ["R", 1], ["R", 21], ["R", 27], ["R", 27], ["R", 27], ["R", 21], ["R", 21], ["R", 15], ["R", 21], ["R", 15], ["R", 15], ["R", 27], ["R", 21], ["R", 21], ["R", 27], ["R", 27], ["R", 21], ["R", 21], ["R", 21], ["R", 27], ["R", 27], ["R", 27], ["R", 27], ["R", 27], ["R", 27], ["R", 27], ["R", 28], ["R", 28], ["R", 28]]}]}, "SequenceFileController.downloadSequenceFile": {"t": [{"id": 0, "a": [["R", 1], ["R", 22], ["R", 25], ["R", 26], ["R", 25], ["R", 25], ["R", 25], ["R", 25]]}]}, "SequenceFileController.downloadSequenceFileImages": {"t": [{"id": 0, "a": [["R", 1], ["R", 22], ["R", 25], ["R", 26], ["R", 25], ["R", 25], ["R", 25], ["R", 22], ["R", 25], ["R", 26], ["R", 25], ["R", 25], ["R", 25], ["R", 25], ["R", 46], ["R", 25], ["R", 15], ["R", 16], ["R", 15], ["R", 16], ["R", 15], ["R", 16]]}]}, "SequenceFileController.getSequenceFileOverrepresentedPage": {"t": [{"id": 0, "a": [["R", 1], ["R", 22], ["R", 25], ["R", 26], ["R", 25], ["R", 25], ["R", 25], ["R", 22], ["R", 25], ["R", 26], ["R", 25], ["R", 25], ["R", 25], ["R", 25], ["R", 46], ["R", 25], ["R", 25]]}]}, "SequenceFileController.getSequenceFilePage": {"t": [{"id": 0, "a": [["R", 1], ["R", 22], ["R", 25], ["R", 26], ["R", 25], ["R", 25], ["R", 25], ["R", 22], ["R", 25], ["R", 26], ["R", 25], ["R", 25], ["R", 25], ["R", 25], ["R", 46], ["R", 25], ["R", 25]]}]}, "AnnouncementsController.deleteAnnouncement": {"t": [{"id": 0, "a": [["R", 1], ["W", 1]]}]}, "AnnouncementsController.getAnnouncementDetailsPage": {"t": [{"id": 0, "a": [["R", 1], ["R", 37], ["R", 37], ["R", 37], ["R", 10], ["R", 1], ["R", 10], ["R", 10]]}]}, "AnnouncementsController.getControlCentreAdminPage": {"t": [{"id": 0, "a": [["R", 10]]}]}, "AnnouncementsController.getReadAnnouncementsAsUser": {"t": [{"id": 0, "a": [["R", 37], ["R", 37], ["R", 37], ["R", 28]]}]}, "AnnouncementsController.getUnreadAnnouncementsForUser": {"t": [{"id": 0, "a": [["R", 10], ["R", 10], ["R", 10], ["R", 37], ["R", 37], ["R", 10], ["R", 37], ["R", 28]]}]}, "AnnouncementsController.getUserAnnouncementInfoTable": {"t": [{"id": 0, "a": [["R", 1], ["R", 1], ["R", 1], ["R", 37], ["R", 37], ["R", 37], ["R", 10], ["R", 37], ["R", 28], ["R", 28], ["R", 28], ["R", 28], ["R", 28], ["R", 28], ["R", 28], ["R", 28], ["R", 28], ["R", 28], ["R", 28], ["R", 28], ["R", 28], ["R", 28], ["R", 28], ["R", 28], ["R", 28], ["R", 28], ["R", 28], ["R", 28], ["R", 37]]}]}, "AnnouncementsController.markAnnouncementRead": {"t": [{"id": 0, "a": [["R", 1], ["W", 37], ["W", 37], ["W", 10], ["W", 37], ["W", 28], ["W", 37], ["R", 28], ["R", 10]]}]}, "AnnouncementsController.submitUpdatedAnnouncement": {"t": [{"id": 0, "a": [["R", 1], ["W", 10], ["R", 10], ["R", 11], ["R", 12], ["R", 13], ["R", 14], ["R", 15], ["R", 16], ["R", 17], ["R", 18], ["R", 19], ["R", 20], ["R", 1], ["W", 1]]}]}, "RESTSequencingRunSequenceFilesController.addSequenceFilesToSequencingRun": {"t": [{"id": 0, "a": [["R", 1], ["R", 1], ["R", 23], ["R", 23], ["W", 23], ["W", 47], ["W", 23]]}]}, "PipelineController.ajaxSaveParameters": {"t": [{"id": 0, "a": [["W", 19], ["W", 19], ["W", 19], ["W", 19], ["R", 10], ["R", 11], ["R", 12], ["R", 13], ["R", 14], ["R", 15], ["R", 16], ["R", 17], ["R", 18], ["R", 19], ["R", 20], ["R", 10], ["R", 11], ["R", 12], ["R", 13], ["R", 14], ["R", 15], ["R", 16], ["R", 17], ["R", 18], ["R", 19], ["R", 20], ["R", 1], ["W", 1], ["R", 19]]}]}, "PipelineController.ajaxStartPipeline": {"t": [{"id": 0, "a": [["R", 1], ["R", 1], ["R", 36], ["W", 27], ["W", 45], ["W", 27], ["W", 27], ["W", 27], ["W", 36], ["W", 27], ["W", 19], ["W", 27], ["W", 27], ["W", 27], ["W", 45], ["W", 4], ["W", 27], ["W", 45], ["W", 27], ["W", 27], ["W", 27], ["W", 27], ["W", 36], ["W", 27], ["W", 27], ["W", 27], ["W", 45], ["W", 4], ["W", 45], ["W", 27], ["W", 28], ["W", 45], ["R", 1], ["R", 1], ["R", 23], ["R", 22], ["R", 25], ["R", 26], ["R", 25], ["R", 24], ["R", 24], ["R", 23], ["R", 23], ["R", 24], ["R", 1], ["R", 23], ["R", 22], ["R", 25], ["R", 26], ["R", 25], ["R", 24], ["R", 24], ["R", 23], ["R", 23], ["R", 24], ["R", 22], ["R", 25], ["R", 26], ["R", 25], ["R", 24], ["R", 24], ["R", 23], ["R", 23], ["R", 24], ["R", 8], ["R", 36], ["W", 27], ["W", 28], ["R", 10], ["R", 11], ["R", 12], ["R", 13], ["R", 14], ["R", 15], ["R", 16], ["R", 17], ["R", 18], ["R", 19], ["R", 20], ["R", 10], ["R", 11], ["R", 12], ["R", 13], ["R", 14], ["R", 15], ["R", 16], ["R", 17], ["R", 18], ["R", 19], ["R", 20], ["R", 1], ["W", 1], ["R", 22], ["R", 25], ["R", 26], ["R", 25], ["R", 24], ["R", 24], ["R", 23], ["R", 23], ["R", 24], ["R", 8], ["R", 36], ["W", 27], ["W", 28], ["R", 10], ["R", 11], ["R", 12], ["R", 13], ["R", 14], ["R", 15], ["R", 16], ["R", 17], ["R", 18], ["R", 19], ["R", 20], ["R", 10], ["R", 11], ["R", 12], ["R", 13], ["R", 14], ["R", 15], ["R", 16], ["R", 17], ["R", 18], ["R", 19], ["R", 20], ["R", 1], ["W", 1], ["W", 42], ["W", 4], ["W", 42], ["W", 21], ["W", 42], ["R", 36], ["W", 27], ["W", 28], ["R", 10], ["R", 11], ["R", 12], ["R", 13], ["R", 14], ["R", 15], ["R", 16], ["R", 17], ["R", 18], ["R", 19], ["R", 20], ["R", 10], ["R", 11], ["R", 12], ["R", 13], ["R", 14], ["R", 15], ["R", 16], ["R", 17], ["R", 18], ["R", 19], ["R", 20], ["R", 1], ["W", 1], ["W", 42], ["W", 4], ["W", 42], ["W", 21], ["W", 42]]}]}, "PipelineController.getSpecifiedPipelinePage": {"t": [{"id": 0, "a": [["R", 1], ["R", 4], ["R", 1], ["R", 1], ["R", 4], ["R", 40], ["R", 40], ["R", 40], ["R", 4], ["R", 37], ["R", 28], ["R", 3], ["R", 6], ["R", 7], ["R", 8], ["R", 35], ["R", 28], ["R", 38], ["R", 4], ["R", 39], ["R", 11], ["R", 40], ["R", 36], ["R", 24], ["R", 41], ["R", 32], ["R", 42], ["R", 21], ["R", 28], ["R", 35], ["W", 35], ["W", 35], ["W", 35], ["W", 35], ["W", 4], ["W", 35], ["W", 28], ["W", 35], ["R", 4], ["R", 4], ["R", 8], ["R", 8], ["R", 22], ["R", 24], ["R", 26], ["R", 24], ["R", 4], ["R", 4], ["R", 19], ["R", 19], ["R", 19], ["R", 19], ["R", 19], ["R", 19]]}]}, "SearchController.searchProjects": {"t": [{"id": 0, "a": [["R", 35], ["R", 32], ["R", 4], ["R", 35], ["R", 32], ["R", 4]]}]}, "SearchController.searchSamples": {"t": [{"id": 0, "a": [["R", 35], ["R", 32], ["R", 7], ["R", 35], ["R", 32], ["R", 7]]}]}, "RemoteAPIAjaxController.checkAPIStatus": {"t": [{"id": 0, "a": [["R", 1], ["R", 48]]}]}, "RemoteAPIAjaxController.getAjaxAPIList": {"t": [{"id": 0, "a": [["R", 1], ["R", 1]]}]}, "NGSLinkerAjaxController.getLinkerCommand": {"t": [{"id": 0, "a": [["R", 1], ["R", 7], ["R", 7], ["R", 7], ["R", 4]]}]}, "ProjectSettingsMetadataController.getSampleMetadataTemplatesPage": {"t": [{"id": 0, "a": [["R", 1], ["R", 28], ["R", 3], ["R", 3], ["R", 4], ["R", 3], ["R", 6]]}]}, "RESTSampleSequenceFilesController.addNewSequenceFilePairToSample": {"t": [{"id": 0, "a": [["R", 1], ["W", 25], ["W", 25], ["W", 23], ["W", 23], ["W", 22], ["W", 25], ["R", 22], ["R", 25], ["W", 22], ["W", 25], ["R", 22], ["R", 25], ["W", 22], ["W", 25], ["R", 1], ["R", 47], ["W", 23], ["W", 47], ["R", 49], ["R", 23], ["R", 47], ["R", 47], ["R", 47], ["R", 22], ["R", 25], ["R", 26], ["R", 25], ["W", 25], ["R", 10], ["R", 11], ["R", 12], ["R", 13], ["R", 14], ["R", 15], ["R", 16], ["R", 17], ["R", 18], ["R", 19], ["R", 20], ["R", 10], ["R", 11], ["R", 12], ["R", 13], ["R", 14], ["R", 15], ["R", 16], ["R", 17], ["R", 18], ["R", 19], ["R", 20], ["R", 1], ["W", 1], ["W", 24], ["W", 24], ["W", 24], ["W", 24], ["R", 24], ["R", 23], ["R", 22], ["R", 25], ["R", 26], ["R", 25], ["R", 23], ["R", 25], ["R", 23], ["R", 21], ["R", 27], ["R", 23], ["R", 21], ["R", 27], ["R", 22], ["R", 25], ["R", 22], ["R", 25], ["R", 25], ["R", 25], ["R", 22], ["R", 22], ["R", 22], ["R", 25], ["R", 22], ["R", 25], ["R", 25], ["R", 25], ["R", 22], ["R", 22]]}]}, "RESTSampleSequenceFilesController.addNewSequenceFileToSample": {"t": [{"id": 0, "a": [["R", 1], ["R", 1], ["W", 25], ["W", 25], ["W", 25], ["W", 25], ["W", 23], ["W", 23], ["W", 26], ["W", 25], ["R", 47], ["W", 23], ["W", 47], ["R", 49], ["R", 23], ["R", 47], ["R", 47], ["R", 47], ["R", 22], ["R", 25], ["R", 26], ["R", 25], ["W", 25], ["R", 10], ["R", 11], ["R", 12], ["R", 13], ["R", 14], ["R", 15], ["R", 16], ["R", 17], ["R", 18], ["R", 19], ["R", 20], ["R", 10], ["R", 11], ["R", 12], ["R", 13], ["R", 14], ["R", 15], ["R", 16], ["R", 17], ["R", 18], ["R", 19], ["R", 20], ["R", 1], ["W", 1], ["W", 24], ["W", 24], ["W", 24], ["W", 24], ["R", 24], ["R", 24], ["R", 23], ["R", 26], ["R", 26], ["R", 25], ["R", 25], ["R", 23], ["R", 23], ["R", 1], ["R", 22], ["R", 25], ["R", 26], ["R", 25], ["R", 25], ["R", 23]]}]}, "RESTSampleSequenceFilesController.getSampleSequenceFiles": {"t": [{"id": 0, "a": [["R", 1], ["R", 24], ["R", 24], ["R", 24], ["R", 8], ["R", 24], ["R", 22], ["R", 25], ["R", 26], ["R", 25], ["R", 24], ["R", 24], ["R", 23], ["R", 25], ["R", 8], ["R", 22], ["R", 8], ["R", 26]]}]}, "RESTSampleSequenceFilesController.listSequencingObjectsOfTypeForSample": {"t": [{"id": 0, "a": [["R", 1], ["R", 24], ["R", 24], ["R", 23], ["R", 22], ["R", 25], ["R", 26], ["R", 25], ["R", 23], ["R", 25], ["R", 23], ["R", 21], ["R", 27], ["R", 23], ["R", 21], ["R", 27], ["R", 22], ["R", 25], ["R", 22], ["R", 25], ["R", 25], ["R", 25], ["R", 22], ["R", 22], ["R", 22], ["R", 25], ["R", 22], ["R", 25], ["R", 25], ["R", 25], ["R", 22], ["R", 22]]}]}, "RESTSampleSequenceFilesController.readQCForSequenceFile": {"t": [{"id": 0, "a": [["R", 1], ["R", 24], ["R", 24], ["R", 8], ["R", 24], ["R", 23], ["R", 24], ["R", 22], ["R", 25], ["R", 26], ["R", 25], ["R", 25], ["R", 25], ["R", 25], ["R", 46], ["R", 25]]}]}, "RESTSampleSequenceFilesController.readSequenceFileForSequencingObject": {"t": [{"id": 0, "a": [["R", 1], ["R", 24], ["R", 24], ["R", 8], ["R", 24], ["R", 23], ["R", 24], ["R", 22], ["R", 25], ["R", 26], ["R", 25], ["R", 25]]}]}, "RESTSampleSequenceFilesController.readSequencingObject": {"t": [{"id": 0, "a": [["R", 1], ["R", 24], ["R", 24], ["R", 8], ["R", 24], ["R", 23], ["R", 24], ["R", 23], ["R", 22], ["R", 25], ["R", 26], ["R", 25], ["R", 23], ["R", 25], ["R", 23], ["R", 21], ["R", 27], ["R", 23], ["R", 21], ["R", 27], ["R", 22], ["R", 25], ["R", 22], ["R", 25], ["R", 25], ["R", 25], ["R", 22], ["R", 22], ["R", 22], ["R", 25], ["R", 22], ["R", 25], ["R", 25], ["R", 25], ["R", 22], ["R", 22]]}]}, "RESTSampleSequenceFilesController.removeSequenceFileFromSample": {"t": [{"id": 0, "a": [["R", 1], ["R", 24], ["R", 24], ["R", 8], ["R", 24], ["R", 23], ["R", 24], ["R", 23], ["R", 24], ["R", 24], ["R", 8], ["R", 24], ["R", 23], ["W", 24]]}]}, "ProjectReferenceFileController.getProjectReferenceFilesPage": {"t": [{"id": 0, "a": [["R", 1], ["R", 28]]}]}, "ProjectReferenceFileController.getReferenceFilesForProject": {"t": [{"id": 0, "a": [["R", 1], ["R", 40], ["R", 40], ["R", 40], ["R", 4], ["R", 37], ["R", 28], ["R", 3], ["R", 6], ["R", 7], ["R", 8], ["R", 35], ["R", 28], ["R", 38], ["R", 4], ["R", 39], ["R", 11], ["R", 40], ["R", 36], ["R", 24], ["R", 41], ["R", 32], ["R", 42], ["R", 21], ["R", 36], ["R", 36], ["R", 36], ["R", 36], ["R", 36]]}]}, "ProjectSettingsAssociatedProjectsController.addAssociatedProject": {"t": [{"id": 0, "a": [["R", 1], ["R", 1], ["R", 4], ["R", 4], ["R", 4], ["R", 4], ["R", 4], ["R", 4], ["W", 38], ["W", 38], ["W", 4], ["W", 38], ["W", 4], ["W", 38], ["R", 4], ["R", 4]]}]}, "ProjectSettingsAssociatedProjectsController.ajaxAssociatedProjects": {"t": [{"id": 0, "a": [["R", 1], ["R", 38], ["R", 38], ["R", 4]]}]}, "ProjectSettingsAssociatedProjectsController.editAssociatedProjectsForProject": {"t": [{"id": 0, "a": [["R", 1], ["R", 28]]}]}, "ProjectSettingsAssociatedProjectsController.getAssociatedProjectsPage": {"t": [{"id": 0, "a": [["R", 1], ["R", 28], ["R", 38], ["R", 38], ["R", 4], ["R", 38], ["R", 4], ["R", 4], ["R", 4], ["R", 28]]}]}, "ProjectSettingsAssociatedProjectsController.getPotentialAssociatedProjects": {"t": [{"id": 0, "a": [["R", 1], ["R", 38], ["R", 38], ["R", 4], ["R", 28], ["R", 4], ["R", 4], ["R", 4], ["R", 4], ["R", 4], ["R", 4], ["R", 4], ["R", 35], ["R", 35], ["R", 4], ["R", 35], ["R", 28], ["R", 4], ["R", 41], ["R", 32], ["R", 32], ["R", 4], ["R", 41], ["R", 33], ["R", 32], ["R", 33], ["R", 41], ["R", 28], ["R", 38], ["R", 4], ["R", 4], ["R", 4], ["R", 4], ["R", 4]]}]}, "ProjectSettingsAssociatedProjectsController.removeAssociatedProject": {"t": [{"id": 0, "a": [["R", 1], ["R", 1], ["R", 38], ["R", 38], ["R", 4], ["R", 38], ["R", 4], ["W", 38]]}]}, "ProjectSettingsRemoteController.getProjectSettingsRemotePage": {"t": [{"id": 0, "a": [["R", 1], ["R", 28]]}]}, "ProjectSettingsRemoteController.updateProjectSyncSettings": {"t": [{"id": 0, "a": [["R", 1], ["R", 4], ["R", 50], ["W", 50], ["R", 50], ["R", 48], ["R", 48], ["W", 50], ["W", 50], ["W", 50], ["W", 48], ["W", 50], ["W", 50], ["W", 28], ["W", 50], ["W", 50], ["W", 28], ["R", 4], ["R", 1], ["W", 1]]}]}, "ProjectSettingsAjaxController.addAssociatedProject": {"t": [{"id": 0, "a": [["R", 1], ["R", 1], ["R", 4], ["R", 4], ["R", 4], ["R", 4], ["R", 4], ["R", 4], ["W", 38], ["W", 38], ["W", 4], ["W", 38], ["W", 4], ["W", 38], ["R", 4], ["R", 4]]}]}, "ProjectSettingsAjaxController.getProjectAssociatedProjects": {"t": [{"id": 0, "a": [["R", 1], ["R", 28], ["R", 38], ["R", 38], ["R", 4], ["R", 38], ["R", 4], ["R", 4], ["R", 4], ["R", 4], ["R", 4], ["R", 28], ["R", 4], ["R", 4], ["R", 4], ["R", 4], ["R", 4], ["R", 4], ["R", 4], ["R", 35], ["R", 35], ["R", 4], ["R", 35], ["R", 28], ["R", 4], ["R", 41], ["R", 32], ["R", 32], ["R", 4], ["R", 41], ["R", 33], ["R", 32], ["R", 33], ["R", 41], ["R", 28], ["R", 4], ["R", 4], ["R", 4], ["R", 4], ["R", 4]]}]}, "ProjectSettingsAjaxController.removeAssociatedProject": {"t": [{"id": 0, "a": [["R", 1], ["R", 1], ["R", 38], ["R", 38], ["R", 4], ["R", 38], ["R", 4], ["W", 38]]}]}, "RESTGenericController.create": {"t": [{"id": 0, "a": [["R", 10], ["R", 11], ["R", 12], ["R", 13], ["R", 14], ["R", 15], ["R", 16], ["R", 17], ["R", 18], ["R", 19], ["R", 20], ["R", 10], ["R", 11], ["R", 12], ["R", 13], ["R", 14], ["R", 15], ["R", 16], ["R", 17], ["R", 18], ["R", 19], ["R", 20], ["R", 1], ["W", 1], ["R", 10], ["R", 11], ["R", 12], ["R", 13], ["R", 14], ["R", 15], ["R", 16], ["R", 17], ["R", 18], ["R", 19], ["R", 10], ["R", 11], ["R", 12], ["R", 13], ["R", 14], ["R", 15], ["R", 16], ["R", 17], ["R", 18], ["R", 19], ["R", 1]]}]}, "RESTGenericController.delete": {"t": [{"id": 0, "a": [["R", 1], ["W", 1]]}]}, "RESTGenericController.getResource": {"t": [{"id": 0, "a": [["R", 1]]}]}, "RESTGenericController.listAllResources": {"t": [{"id": 0, "a": [["R", 1], ["R", 10], ["R", 11], ["R", 12], ["R", 13], ["R", 14], ["R", 15], ["R", 16], ["R", 17], ["R", 18], ["R", 19]]}]}, "RESTGenericController.update": {"t": [{"id": 0, "a": [["R", 1], ["W", 1], ["R", 10], ["R", 11], ["R", 12], ["R", 13], ["R", 14], ["R", 15], ["R", 16], ["R", 17], ["R", 18], ["R", 19], ["R", 10], ["R", 11], ["R", 12], ["R", 13], ["R", 14], ["R", 15], ["R", 16], ["R", 17], ["R", 18], ["R", 19]]}]}, "RESTSequencingRunController.createSequencingRun": {"t": [{"id": 0, "a": [["W", 47], ["R", 10], ["R", 11], ["R", 12], ["R", 13], ["R", 14], ["R", 15], ["R", 16], ["R", 17], ["R", 18], ["R", 19], ["R", 20], ["R", 10], ["R", 11], ["R", 12], ["R", 13], ["R", 14], ["R", 15], ["R", 16], ["R", 17], ["R", 18], ["R", 19], ["R", 20], ["R", 1], ["W", 1], ["R", 10], ["R", 11], ["R", 12], ["R", 13], ["R", 14], ["R", 15], ["R", 16], ["R", 17], ["R", 18], ["R", 19], ["R", 10], ["R", 11], ["R", 12], ["R", 13], ["R", 14], ["R", 15], ["R", 16], ["R", 17], ["R", 18], ["R", 19], ["R", 1]]}]}, "CartController.addSamplesToCart": {"t": [{"id": 0, "a": [["R", 1], ["W", 4], ["R", 4], ["W", 4], ["R", 4], ["R", 4], ["R", 4]]}]}, "PasswordResetController.adminNewPasswordReset": {"t": [{"id": 0, "a": [["R", 1], ["R", 28], ["R", 28], ["W", 20], ["W", 20], ["W", 28], ["W", 20], ["R", 10], ["R", 11], ["R", 12], ["R", 13], ["R", 14], ["R", 15], ["R", 16], ["R", 17], ["R", 18], ["R", 19], ["R", 20], ["R", 10], ["R", 11], ["R", 12], ["R", 13], ["R", 14], ["R", 15], ["R", 16], ["R", 17], ["R", 18], ["R", 19], ["R", 20], ["R", 1], ["W", 1], ["R", 28], ["R", 28], ["R", 28]]}]}, "PasswordResetController.getResetPage": {"t": [{"id": 0, "a": [["R", 1], ["R", 20], ["R", 28]]}]}, "PasswordResetController.sendNewPassword": {"t": [{"id": 0, "a": [["R", 1], ["R", 20], ["R", 28], ["R", 28], ["R", 28], ["R", 1], ["R", 28], ["R", 28], ["R", 1], ["W", 1], ["R", 1], ["R", 20], ["R", 28], ["R", 1], ["W", 1], ["R", 28]]}]}, "PasswordResetController.submitEmail": {"t": [{"id": 0, "a": [["W", 20], ["W", 20], ["W", 28], ["W", 20], ["R", 10], ["R", 11], ["R", 12], ["R", 13], ["R", 14], ["R", 15], ["R", 16], ["R", 17], ["R", 18], ["R", 19], ["R", 20], ["R", 10], ["R", 11], ["R", 12], ["R", 13], ["R", 14], ["R", 15], ["R", 16], ["R", 17], ["R", 18], ["R", 19], ["R", 20], ["R", 1], ["W", 1], ["R", 28], ["R", 28]]}]}, "UserGroupsAjaxController.deleteUserGroups": {"t": [{"id": 0, "a": [["R", 1], ["R", 1], ["W", 1], ["R", 33]]}]}, "UserGroupsAjaxController.getUserGroups": {"t": [{"id": 0, "a": [["R", 1], ["R", 1], ["R", 28], ["R", 41], ["R", 41], ["R", 33], ["R", 41], ["R", 28], ["R", 28], ["R", 28], ["R", 28], ["R", 28], ["R", 28], ["R", 28], ["R", 28], ["R", 28], ["R", 28], ["R", 28], ["R", 28], ["R", 28], ["R", 28], ["R", 28], ["R", 28], ["R", 28], ["R", 28], ["R", 41], ["R", 33], ["R", 33], ["R", 33], ["R", 33], ["R", 33]]}]}, "AnnouncementAjaxController.createNewAnnouncement": {"t": [{"id": 0, "a": [["W", 10], ["W", 10], ["W", 10], ["W", 28], ["W", 10], ["W", 10], ["W", 28], ["R", 10], ["R", 11], ["R", 12], ["R", 13], ["R", 14], ["R", 15], ["R", 16], ["R", 17], ["R", 18], ["R", 19], ["R", 20], ["R", 10], ["R", 11], ["R", 12], ["R", 13], ["R", 14], ["R", 15], ["R", 16], ["R", 17], ["R", 18], ["R", 19], ["R", 20], ["R", 1], ["W", 1]]}]}, "AnnouncementAjaxController.deleteAnnouncement": {"t": [{"id": 0, "a": [["R", 1], ["W", 1]]}]}, "AnnouncementAjaxController.getAnnouncementsAdmin": {"t": [{"id": 0, "a": [["R", 1], ["R", 1]]}]}, "AnnouncementAjaxController.updateAnnouncement": {"t": [{"id": 0, "a": [["R", 1], ["W", 10], ["R", 10], ["R", 11], ["R", 12], ["R", 13], ["R", 14], ["R", 15], ["R", 16], ["R", 17], ["R", 18], ["R", 19], ["R", 20], ["R", 1], ["W", 1]]}]}, "RESTSampleAssemblyController.addNewAssemblyToSample": {"t": [{"id": 0, "a": [["R", 1], ["W", 11], ["W", 11], ["W", 11], ["W", 39], ["W", 51], ["W", 51], ["R", 10], ["R", 11], ["R", 12], ["R", 13], ["R", 14], ["R", 15], ["R", 16], ["R", 17], ["R", 18], ["R", 19], ["R", 20], ["R", 10], ["R", 11], ["R", 12], ["R", 13], ["R", 14], ["R", 15], ["R", 16], ["R", 17], ["R", 18], ["R", 19], ["R", 20], ["R", 1], ["W", 1], ["W", 39], ["W", 39], ["W", 8], ["W", 39], ["W", 11], ["W", 39], ["R", 39], ["R", 11], ["R", 11], ["R", 43], ["R", 21], ["R", 27]]}]}, "RESTSampleAssemblyController.listAssembliesForSample": {"t": [{"id": 0, "a": [["R", 1], ["R", 39], ["R", 39], ["R", 8], ["R", 39], ["R", 11], ["R", 11], ["R", 43], ["R", 21], ["R", 27]]}]}, "RESTSampleAssemblyController.readAssemblyForSample": {"t": [{"id": 0, "a": [["R", 1], ["R", 39], ["R", 39], ["R", 8], ["R", 39], ["R", 11], ["R", 11], ["R", 39], ["R", 11], ["R", 11], ["R", 43], ["R", 21], ["R", 27]]}]}, "ProjectSampleMetadataController.getProjectSamplesMetadataUploadPage": {"t": [{"id": 0, "a": [["R", 1], ["R", 28]]}]}, "ProjectSampleMetadataController.saveProjectSampleMetadata": {"t": [{"id": 0, "a": [["R", 1], ["R", 7], ["R", 7], ["R", 8], ["R", 7], ["R", 4], ["R", 7], ["R", 8], ["R", 4], ["R", 2], ["R", 2], ["W", 2], ["W", 2], ["R", 2], ["W", 2], ["W", 9], ["W", 9], ["R", 8], ["R", 2], ["R", 9], ["R", 8], ["R", 2], ["R", 9], ["W", 9], ["R", 9], ["W", 9], ["R", 9], ["R", 8], ["R", 2], ["R", 9], ["R", 8], ["R", 2], ["R", 9], ["R", 10], ["R", 11], ["R", 12], ["R", 13], ["R", 14], ["R", 15], ["R", 16], ["R", 17], ["R", 18], ["R", 19], ["R", 20], ["R", 1], ["W", 1]]}]}, "ProjectSampleMetadataController.setProjectSampleMetadataSampleId": {"t": [{"id": 0, "a": [["R", 1], ["R", 7], ["R", 7], ["R", 8], ["R", 7], ["R", 4], ["R", 7], ["R", 8], ["R", 4]]}]}, "SequencingRunController.deleteSequencingRun": {"t": [{"id": 0, "a": [["R", 1], ["W", 1]]}]}, "SequencingRunController.getDetailsPage": {"t": [{"id": 0, "a": [["R", 1], ["R", 23], ["R", 23], ["R", 23], ["R", 47], ["R", 22], ["R", 25], ["R", 26], ["R", 25]]}]}, "SequencingRunController.getFilesPage": {"t": [{"id": 0, "a": [["R", 1], ["R", 23], ["R", 23], ["R", 23], ["R", 47], ["R", 22], ["R", 25], ["R", 26], ["R", 25]]}]}, "OltuAuthorizationController.getTokenFromAuthCode": {"t": [{"id": 0, "a": [["R", 1], ["R", 48], ["R", 48], ["R", 48], ["W", 52], ["W", 52], ["W", 52], ["W", 48], ["W", 52], ["W", 52], ["W", 28], ["R", 52], ["R", 48], ["R", 52], ["R", 52], ["R", 48], ["R", 52], ["R", 28], ["R", 52], ["R", 48], ["R", 52], ["W", 52], ["R", 52], ["R", 48], ["W", 52]]}]}, "AnalysisController.getAdvancedPhylogeneticVisualizationPage": {"t": [{"id": 0, "a": [["R", 1]]}]}, "AnalysisController.getDetailsPage": {"t": [{"id": 0, "a": [["R", 1], ["R", 28], ["R", 27], ["R", 27], ["R", 27], ["R", 21], ["R", 21], ["R", 15], ["R", 21], ["R", 15], ["R", 15], ["R", 27], ["R", 21], ["R", 21], ["R", 21], ["R", 21], ["R", 21], ["R", 21], ["R", 27], ["R", 27], ["R", 21], ["R", 21], ["R", 21], ["R", 27], ["R", 27]]}]}, "AnalysisController.getUserAnalysisList": {"t": [{"id": 0, "a": [["R", 28]]}]}, "RESTSampleMetadataController.addSampleMetadata": {"t": [{"id": 0, "a": [["R", 1], ["R", 2], ["R", 2], ["W", 2], ["W", 2], ["R", 2], ["W", 2], ["R", 8], ["R", 2], ["R", 9], ["R", 8], ["R", 2], ["R", 9], ["W", 9], ["R", 9], ["W", 9], ["R", 9], ["R", 8], ["R", 2], ["R", 9], ["R", 8], ["R", 2], ["R", 9], ["R", 10], ["R", 11], ["R", 12], ["R", 13], ["R", 14], ["R", 15], ["R", 16], ["R", 17], ["R", 18], ["R", 19], ["R", 20], ["R", 1], ["W", 1], ["R", 1], ["R", 8], ["R", 2], ["R", 9], ["R", 8], ["R", 8]]}]}, "RESTSampleMetadataController.getSampleMetadata": {"t": [{"id": 0, "a": [["R", 1], ["R", 8], ["R", 2], ["R", 9], ["R", 8], ["R", 8]]}]}, "RESTSampleMetadataController.saveSampleMetadata": {"t": [{"id": 0, "a": [["R", 1], ["R", 2], ["R", 2], ["W", 2], ["W", 2], ["R", 2], ["W", 2], ["W", 8], ["W", 2], ["W", 9], ["R", 10], ["R", 11], ["R", 12], ["R", 13], ["R", 14], ["R", 15], ["R", 16], ["R", 17], ["R", 18], ["R", 19], ["R", 20], ["R", 1], ["W", 1], ["R", 1], ["R", 8], ["R", 2], ["R", 9], ["R", 8], ["R", 8]]}]}, "ProjectSamplesMetadataTemplateController.deleteMetadataTemplate": {"t": [{"id": 0, "a": [["R", 1], ["R", 1], ["W", 1]]}]}, "ProjectSamplesMetadataTemplateController.downloadTemplate": {"t": [{"id": 0, "a": [["R", 1], ["R", 6], ["R", 2], ["R", 6]]}]}, "ProjectSamplesMetadataTemplateController.getMetadataKeysForProject": {"t": [{"id": 0, "a": [["R", 2], ["R", 2]]}]}, "ProjectSamplesMetadataTemplateController.getMetadataTemplateListPage": {"t": [{"id": 0, "a": [["R", 1], ["R", 28]]}]}, "ProjectSamplesMetadataTemplateController.getMetadataTemplatePage": {"t": [{"id": 0, "a": [["R", 1], ["R", 28], ["R", 1]]}]}, "ProjectSamplesMetadataTemplateController.saveMetadataTemplate": {"t": [{"id": 0, "a": [["R", 1], ["R", 2], ["R", 2], ["W", 2], ["W", 2], ["R", 2], ["W", 2], ["R", 1], ["W", 6], ["W", 6], ["W", 2], ["R", 10], ["R", 11], ["R", 12], ["R", 13], ["R", 14], ["R", 15], ["R", 16], ["R", 17], ["R", 18], ["R", 19], ["R", 20], ["R", 1], ["W", 1], ["W", 6], ["W", 6], ["W", 2], ["R", 10], ["R", 11], ["R", 12], ["R", 13], ["R", 14], ["R", 15], ["R", 16], ["R", 17], ["R", 18], ["R", 19], ["R", 20], ["R", 10], ["R", 11], ["R", 12], ["R", 13], ["R", 14], ["R", 15], ["R", 16], ["R", 17], ["R", 18], ["R", 19], ["R", 20], ["R", 1], ["W", 1], ["W", 3], ["W", 6], ["W", 3], ["W", 4], ["W", 3], ["R", 3], ["R", 6], ["R", 6]]}]}, "SequencingRunAjaxController.listSequencingRuns": {"t": [{"id": 0, "a": [["R", 1], ["R", 1], ["R", 1], ["R", 47], ["R", 47], ["R", 47], ["R", 47], ["R", 47], ["R", 47], ["R", 47], ["R", 28], ["R", 47]]}]}, "SamplesController.concatenateSequenceFiles": {"t": [{"id": 0, "a": [["R", 1], ["R", 1], ["R", 26], ["R", 22], ["R", 22], ["R", 25], ["R", 26], ["R", 25], ["R", 25], ["R", 22], ["R", 25], ["R", 22], ["R", 25], ["R", 25], ["R", 25], ["R", 22], ["R", 22], ["R", 22], ["R", 25], ["R", 22], ["R", 25], ["R", 25], ["R", 25], ["R", 22], ["R", 22], ["R", 25], ["R", 25], ["W", 25], ["W", 25], ["W", 25], ["W", 25], ["W", 25], ["W", 25], ["W", 25], ["W", 25], ["W", 23], ["W", 23], ["W", 22], ["W", 25], ["R", 22], ["R", 25], ["W", 22], ["W", 25], ["R", 22], ["R", 25], ["W", 22], ["W", 25], ["R", 22], ["R", 25], ["R", 26], ["R", 25], ["R", 25], ["R", 26], ["R", 25], ["R", 25], ["W", 25], ["W", 25], ["W", 25], ["W", 25], ["W", 23], ["W", 23], ["W", 26], ["W", 25], ["R", 49], ["R", 23], ["R", 47], ["R", 47], ["R", 47], ["R", 22], ["R", 25], ["R", 26], ["R", 25], ["W", 25], ["R", 10], ["R", 11], ["R", 12], ["R", 13], ["R", 14], ["R", 15], ["R", 16], ["R", 17], ["R", 18], ["R", 19], ["R", 20], ["R", 10], ["R", 11], ["R", 12], ["R", 13], ["R", 14], ["R", 15], ["R", 16], ["R", 17], ["R", 18], ["R", 19], ["R", 20], ["R", 1], ["W", 1], ["W", 24], ["W", 24], ["W", 24], ["W", 24], ["R", 24], ["W", 14], ["W", 14], ["W", 14], ["R", 24], ["R", 24], ["R", 23], ["W", 24], ["R", 1], ["R", 22], ["R", 24], ["R", 26], ["R", 24]]}]}, "SamplesController.downloadAssembly": {"t": [{"id": 0, "a": [["R", 1], ["R", 8], ["R", 39], ["R", 39], ["R", 8], ["R", 39], ["R", 11], ["R", 8], ["R", 39], ["R", 11], ["R", 43], ["R", 21], ["R", 21], ["R", 15], ["R", 15], ["R", 16], ["R", 51], ["R", 43], ["R", 21], ["R", 21], ["R", 15], ["R", 15], ["R", 16], ["R", 51]]}]}, "SamplesController.getConcatenatePage": {"t": [{"id": 0, "a": [["R", 1], ["R", 22], ["R", 24], ["R", 26], ["R", 24]]}]}, "SamplesController.getEditSampleSpecificPage": {"t": [{"id": 0, "a": [["R", 1]]}]}, "SamplesController.getSampleDetails": {"t": [{"id": 0, "a": [["R", 1], ["R", 8], ["R", 2], ["R", 9]]}]}, "SamplesController.getSampleFiles": {"t": [{"id": 0, "a": [["R", 1], ["R", 22], ["R", 24], ["R", 26], ["R", 24], ["R", 39], ["R", 39], ["R", 8], ["R", 1], ["R", 23], ["R", 53], ["R", 23], ["R", 53], ["W", 54], ["R", 54], ["R", 54], ["R", 4], ["R", 54], ["R", 4], ["R", 54], ["R", 4], ["R", 54], ["R", 54], ["R", 4], ["R", 54], ["R", 4], ["R", 54], ["R", 4], ["W", 23], ["W", 53], ["R", 24], ["R", 23], ["R", 53], ["R", 23], ["R", 53], ["W", 54], ["R", 54], ["R", 54], ["R", 4], ["R", 54], ["R", 4], ["R", 54], ["R", 4], ["R", 54], ["R", 54], ["R", 4], ["R", 54], ["R", 4], ["R", 54], ["R", 4], ["W", 23], ["W", 53]]}]}, "SamplesController.getSampleFilesWithoutProject": {"t": [{"id": 0, "a": [["R", 1], ["R", 22], ["R", 24], ["R", 26], ["R", 24], ["R", 39], ["R", 39], ["R", 8], ["R", 1], ["R", 23], ["R", 53], ["R", 23], ["R", 53], ["W", 54], ["R", 54], ["R", 54], ["R", 4], ["R", 54], ["R", 4], ["R", 54], ["R", 4], ["R", 54], ["R", 54], ["R", 4], ["R", 54], ["R", 4], ["R", 54], ["R", 4], ["W", 23], ["W", 53], ["R", 24], ["R", 23], ["R", 53], ["R", 23], ["R", 53], ["W", 54], ["R", 54], ["R", 54], ["R", 4], ["R", 54], ["R", 4], ["R", 54], ["R", 4], ["R", 54], ["R", 54], ["R", 4], ["R", 54], ["R", 4], ["R", 54], ["R", 4], ["W", 23], ["W", 53]]}]}, "SamplesController.getSampleListByIdList": {"t": [{"id": 0, "a": [["R", 1], ["R", 8], ["R", 8]]}]}, "SamplesController.getSampleSpecificPage": {"t": [{"id": 0, "a": [["R", 1]]}]}, "SamplesController.removeGenomeAssemblyFromSample": {"t": [{"id": 0, "a": [["R", 1], ["R", 8], ["R", 39], ["R", 39], ["R", 8], ["R", 39], ["R", 11], ["R", 8], ["R", 39], ["R", 11], ["R", 8], ["R", 39], ["R", 39], ["R", 8], ["R", 39], ["R", 11], ["R", 8], ["R", 39], ["W", 39], ["R", 8], ["R", 43], ["R", 21], ["R", 21], ["R", 15], ["R", 15], ["R", 16], ["R", 51], ["R", 8]]}]}, "SamplesController.removeSequencingObjectFromSample": {"t": [{"id": 0, "a": [["R", 1], ["R", 24], ["R", 24], ["R", 8], ["R", 24], ["R", 23], ["R", 24], ["R", 23], ["R", 24], ["R", 24], ["R", 8], ["R", 24], ["R", 23], ["W", 24], ["R", 10], ["R", 43], ["R", 21], ["R", 21], ["R", 15], ["R", 15], ["R", 16], ["R", 51], ["R", 37], ["R", 10], ["R", 3], ["R", 4], ["R", 7], ["R", 4], ["R", 35], ["R", 4], ["R", 38], ["R", 4], ["R", 39], ["R", 8], ["R", 40], ["R", 4], ["R", 24], ["R", 41], ["R", 32], ["R", 42], ["R", 4], ["R", 10], ["R", 43], ["R", 21], ["R", 21], ["R", 15], ["R", 15], ["R", 16], ["R", 51], ["R", 13], ["R", 14], ["R", 15], ["R", 16], ["R", 16], ["R", 16], ["R", 16], ["R", 17], ["R", 17], ["R", 18], ["R", 19], ["R", 13], ["R", 14], ["R", 15], ["R", 16], ["R", 16], ["R", 16], ["R", 16], ["R", 17], ["R", 17], ["R", 18], ["R", 19], ["R", 10], ["R", 43], ["R", 21], ["R", 21], ["R", 15], ["R", 15], ["R", 16], ["R", 51], ["R", 37], ["R", 10], ["R", 3], ["R", 4], ["R", 7], ["R", 4], ["R", 35], ["R", 4], ["R", 38], ["R", 4], ["R", 39], ["R", 8], ["R", 40], ["R", 4], ["R", 24], ["R", 41], ["R", 32], ["R", 42], ["R", 4], ["R", 10], ["R", 43], ["R", 21], ["R", 21], ["R", 15], ["R", 15], ["R", 16], ["R", 51], ["R", 13], ["R", 14], ["R", 15], ["R", 16], ["R", 16], ["R", 16], ["R", 16], ["R", 17], ["R", 17], ["R", 18], ["R", 19], ["R", 13], ["R", 14], ["R", 15], ["R", 16], ["R", 16], ["R", 16], ["R", 16], ["R", 17], ["R", 17], ["R", 18], ["R", 19]]}]}, "SamplesController.updateSample": {"t": [{"id": 0, "a": [["R", 2], ["R", 2], ["W", 2], ["W", 2], ["R", 2], ["W", 2], ["R", 1], ["W", 1], ["R", 1]]}]}, "AdminUsersAjaxController.getUsersPagedList": {"t": [{"id": 0, "a": [["R", 1], ["R", 1]]}]}, "AdminUsersAjaxController.updateUserStatus": {"t": [{"id": 0, "a": [["R", 1], ["R", 28], ["R", 1], ["W", 1], ["R", 28], ["R", 28]]}]}, "RESTProjectAnalysisController.getProjectAnalyses": {"t": [{"id": 0, "a": [["R", 1], ["R", 42], ["R", 42], ["R", 4], ["R", 27]]}]}, "RESTProjectAnalysisController.getProjectAnalysesByType": {"t": [{"id": 0, "a": [["R", 1], ["R", 42], ["R", 42], ["R", 4], ["R", 27], ["R", 27]]}]}, "SamplesAjaxController.uploadAssemblies": {"t": [{"id": 0, "a": [["R", 1], ["W", 11], ["W", 11], ["W", 11], ["W", 39], ["W", 51], ["W", 51], ["R", 10], ["R", 11], ["R", 12], ["R", 13], ["R", 14], ["R", 15], ["R", 16], ["R", 17], ["R", 18], ["R", 19], ["R", 20], ["R", 10], ["R", 11], ["R", 12], ["R", 13], ["R", 14], ["R", 15], ["R", 16], ["R", 17], ["R", 18], ["R", 19], ["R", 20], ["R", 1], ["W", 1], ["W", 39], ["W", 39], ["W", 8], ["W", 39], ["W", 11], ["W", 39], ["R", 8], ["R", 8]]}]}, "SamplesAjaxController.uploadSequenceFiles": {"t": [{"id": 0, "a": [["R", 1], ["W", 25], ["W", 25], ["W", 25], ["W", 25], ["W", 25], ["W", 25], ["W", 25], ["W", 25], ["W", 23], ["W", 23], ["W", 22], ["W", 25], ["R", 22], ["R", 25], ["W", 22], ["W", 25], ["R", 22], ["R", 25], ["W", 22], ["W", 25], ["R", 49], ["R", 23], ["R", 47], ["R", 47], ["R", 47], ["R", 22], ["R", 25], ["R", 26], ["R", 25], ["W", 25], ["R", 10], ["R", 11], ["R", 12], ["R", 13], ["R", 14], ["R", 15], ["R", 16], ["R", 17], ["R", 18], ["R", 19], ["R", 20], ["R", 10], ["R", 11], ["R", 12], ["R", 13], ["R", 14], ["R", 15], ["R", 16], ["R", 17], ["R", 18], ["R", 19], ["R", 20], ["R", 1], ["W", 1], ["W", 24], ["W", 24], ["W", 24], ["W", 24], ["W", 25], ["W", 25], ["W", 25], ["W", 25], ["W", 23], ["W", 23], ["W", 26], ["W", 25], ["R", 49], ["R", 23], ["R", 47], ["R", 47], ["R", 47], ["R", 22], ["R", 25], ["R", 26], ["R", 25], ["W", 25], ["R", 10], ["R", 11], ["R", 12], ["R", 13], ["R", 14], ["R", 15], ["R", 16], ["R", 17], ["R", 18], ["R", 19], ["R", 20], ["R", 10], ["R", 11], ["R", 12], ["R", 13], ["R", 14], ["R", 15], ["R", 16], ["R", 17], ["R", 18], ["R", 19], ["R", 20], ["R", 1], ["W", 1], ["W", 24], ["W", 24], ["W", 24], ["W", 24], ["R", 8]]}]}, "RESTProjectUsersController.addUserToProject": {"t": [{"id": 0, "a": [["R", 1], ["R", 55], ["W", 35], ["W", 35], ["W", 35], ["W", 35], ["W", 4], ["W", 35], ["W", 28], ["W", 35], ["W", 35], ["R", 28], ["R", 4], ["R", 37], ["R", 10], ["R", 3], ["R", 4], ["R", 7], ["R", 4], ["R", 35], ["R", 4], ["R", 38], ["R", 4], ["R", 39], ["R", 8], ["R", 40], ["R", 4], ["R", 24], ["R", 41], ["R", 32], ["R", 42], ["R", 4], ["R", 10], ["R", 43], ["R", 21], ["R", 21], ["R", 15], ["R", 15], ["R", 16], ["R", 51], ["R", 13], ["R", 14], ["R", 15], ["R", 16], ["R", 16], ["R", 16], ["R", 16], ["R", 17], ["R", 17], ["R", 18], ["R", 19], ["R", 28], ["R", 28]]}]}, "RESTProjectUsersController.getUsersForProject": {"t": [{"id": 0, "a": [["R", 1], ["R", 35], ["R", 35], ["R", 35], ["R", 4], ["R", 37], ["R", 28], ["R", 3], ["R", 6], ["R", 7], ["R", 8], ["R", 35], ["R", 28], ["R", 38], ["R", 4], ["R", 39], ["R", 11], ["R", 40], ["R", 36], ["R", 24], ["R", 41], ["R", 32], ["R", 42], ["R", 21], ["R", 28], ["R", 28]]}]}, "RESTProjectUsersController.removeUserFromProject": {"t": [{"id": 0, "a": [["R", 1], ["R", 56], ["R", 35], ["R", 35], ["R", 4], ["R", 35], ["R", 28], ["R", 35], ["R", 4], ["R", 35], ["R", 35], ["R", 35], ["R", 35], ["R", 4], ["R", 35], ["R", 32], ["W", 35]]}]}, "ProjectsController.ajaxGetProjectsForApi": {"t": [{"id": 0, "a": [["R", 1], ["R", 48], ["W", 50], ["W", 50], ["W", 50], ["W", 48], ["W", 50], ["W", 50], ["W", 28], ["W", 50]]}]}, "ProjectsController.createNewProject": {"t": [{"id": 0, "a": [["R", 1], ["R", 4], ["R", 1], ["R", 8], ["R", 10], ["R", 11], ["R", 12], ["R", 13], ["R", 14], ["R", 15], ["R", 16], ["R", 17], ["R", 18], ["R", 19], ["R", 20], ["R", 10], ["R", 11], ["R", 12], ["R", 13], ["R", 14], ["R", 15], ["R", 16], ["R", 17], ["R", 18], ["R", 19], ["R", 20], ["R", 1], ["W", 1], ["R", 55], ["W", 35], ["W", 35], ["W", 35], ["W", 35], ["W", 4], ["W", 35], ["W", 28], ["W", 35], ["W", 35], ["R", 28], ["R", 4], ["R", 8], ["R", 57], ["R", 8], ["R", 7], ["R", 7], ["R", 8], ["R", 7], ["R", 4], ["R", 7], ["R", 8], ["R", 8], ["R", 4], ["R", 8], ["W", 8], ["W", 7], ["W", 7], ["W", 7], ["W", 4], ["W", 7], ["W", 8], ["W", 7], ["W", 7], ["R", 8], ["R", 4], ["R", 10], ["R", 11], ["R", 12], ["R", 13], ["R", 14], ["R", 15], ["R", 16], ["R", 17], ["R", 18], ["R", 19], ["R", 20], ["R", 10], ["R", 11], ["R", 12], ["R", 13], ["R", 14], ["R", 15], ["R", 16], ["R", 17], ["R", 18], ["R", 19], ["R", 20], ["R", 1], ["W", 1], ["R", 1], ["R", 4], ["R", 1], ["R", 4]]}]}, "ProjectsController.exportProjectsToFile": {"t": [{"id": 0, "a": [["R", 1], ["R", 35], ["R", 35], ["R", 35], ["R", 28], ["R", 32], ["R", 32], ["R", 33], ["R", 41], ["R", 32], ["R", 32], ["W", 35], ["W", 35], ["W", 35], ["W", 35], ["W", 4], ["W", 35], ["W", 28], ["W", 35]]}]}, "ProjectsController.getCreateProjectPage": {"t": [{"id": 0, "a": [["R", 1], ["R", 4], ["R", 1]]}]}, "ProjectsController.getProjectAnalysisList": {"t": [{"id": 0, "a": [["R", 1], ["R", 28], ["R", 28]]}]}, "ProjectsController.getProjectAutomatedOutputFilesPage": {"t": [{"id": 0, "a": [["R", 1], ["R", 28]]}]}, "ProjectsController.getProjectSharedOutputFilesPage": {"t": [{"id": 0, "a": [["R", 1], ["R", 28]]}]}, "ProjectsController.getProjectSpecificPage": {"t": [{"id": 0, "a": [["R", 1], ["R", 28]]}]}, "ProjectsController.getSynchronizeProjectPage": {"t": [{"id": 0, "a": [["R", 1]]}]}, "ProjectsController.syncProject": {"t": [{"id": 0, "a": [["R", 48], ["R", 48], ["W", 50], ["W", 50], ["W", 50], ["W", 48], ["W", 50], ["W", 50], ["W", 28], ["W", 50], ["W", 4], ["R", 4], ["R", 50], ["W", 50], ["W", 4], ["R", 10], ["R", 11], ["R", 12], ["R", 13], ["R", 14], ["R", 15], ["R", 16], ["R", 17], ["R", 18], ["R", 19], ["R", 20], ["R", 10], ["R", 11], ["R", 12], ["R", 13], ["R", 14], ["R", 15], ["R", 16], ["R", 17], ["R", 18], ["R", 19], ["R", 20], ["R", 1], ["W", 1], ["R", 4], ["R", 1], ["R", 1]]}]}, "RemoteAPIController.checkWebApiStatus": {"t": [{"id": 0, "a": [["R", 1], ["R", 48]]}]}, "RemoteAPIController.connectToAPI": {"t": [{"id": 0, "a": [["R", 1], ["R", 48]]}]}, "RemoteAPIController.list": {"t": [{"id": 0, "a": [["R", 28]]}]}, "RemoteAPIController.postCreateRemoteAPI": {"t": [{"id": 0, "a": [["R", 10], ["R", 11], ["R", 12], ["R", 13], ["R", 14], ["R", 15], ["R", 16], ["R", 17], ["R", 18], ["R", 19], ["R", 20], ["R", 10], ["R", 11], ["R", 12], ["R", 13], ["R", 14], ["R", 15], ["R", 16], ["R", 17], ["R", 18], ["R", 19], ["R", 20], ["R", 1], ["W", 1], ["R", 48], ["R", 48], ["R", 48], ["R", 48], ["R", 48]]}]}, "RemoteAPIController.read": {"t": [{"id": 0, "a": [["R", 1], ["R", 52], ["R", 52], ["R", 48], ["R", 52], ["R", 28], ["R", 52]]}]}, "RemoteAPIController.removeClient": {"t": [{"id": 0, "a": [["R", 1], ["W", 1]]}]}, "ProjectMembersAjaxController.addMemberToProject": {"t": [{"id": 0, "a": [["R", 1], ["R", 1], ["R", 55], ["W", 35], ["W", 35], ["W", 35], ["W", 35], ["W", 4], ["W", 35], ["W", 28], ["W", 35], ["W", 35], ["R", 28], ["R", 4], ["R", 28], ["R", 28], ["R", 4]]}]}, "ProjectMembersAjaxController.getAvailableMembersForProject": {"t": [{"id": 0, "a": [["R", 1], ["R", 28], ["R", 28], ["R", 28], ["R", 35], ["R", 35], ["R", 28], ["R", 35], ["R", 28], ["R", 35], ["R", 4], ["R", 28], ["R", 28], ["R", 28], ["R", 28]]}]}, "ProjectMembersAjaxController.getProjectMembers": {"t": [{"id": 0, "a": [["R", 1], ["R", 35], ["R", 35], ["R", 35], ["R", 4]]}]}, "ProjectMembersAjaxController.removeUserFromProject": {"t": [{"id": 0, "a": [["R", 1], ["R", 1], ["R", 56], ["R", 35], ["R", 35], ["R", 4], ["R", 35], ["R", 28], ["R", 35], ["R", 4], ["R", 35], ["R", 35], ["R", 35], ["R", 35], ["R", 4], ["R", 35], ["R", 32], ["W", 35], ["R", 28], ["R", 28]]}]}, "ProjectMembersAjaxController.updateUserRoleOnProject": {"t": [{"id": 0, "a": [["R", 1], ["R", 1], ["R", 55], ["R", 35], ["R", 35], ["R", 4], ["R", 35], ["R", 28], ["R", 35], ["R", 4], ["R", 35], ["R", 35], ["R", 35], ["R", 35], ["R", 4], ["R", 35], ["R", 32], ["W", 35], ["W", 35], ["R", 28], ["R", 28], ["R", 28], ["R", 28]]}]}, "ProjectEventsController.addSubscription": {"t": [{"id": 0, "a": [["R", 1], ["R", 1], ["R", 35], ["R", 35], ["R", 4], ["R", 35], ["R", 28], ["W", 35], ["W", 35], ["R", 4], ["R", 4]]}]}, "ProjectEventsController.getAllRecentEvents": {"t": [{"id": 0, "a": [["R", 1], ["R", 1], ["R", 1]]}]}, "ProjectEventsController.getRecentEventsForProject": {"t": [{"id": 0, "a": [["R", 1], ["R", 12], ["R", 12], ["R", 4]]}]}, "ProjectEventsController.getRecentEventsForUser": {"t": [{"id": 0, "a": [["R", 12], ["R", 12], ["R", 4], ["R", 12], ["R", 12], ["R", 4], ["R", 35], ["R", 35], ["R", 4], ["R", 35], ["R", 28], ["R", 12], ["R", 4], ["R", 41], ["R", 32], ["R", 32], ["R", 4], ["R", 41], ["R", 33], ["R", 32], ["R", 33], ["R", 41], ["R", 28]]}]}, "UserGroupsController.addUserToGroup": {"t": [{"id": 0, "a": [["R", 1], ["R", 1], ["W", 41], ["W", 41], ["W", 41], ["W", 41], ["W", 41], ["W", 41], ["R", 28], ["R", 28]]}]}, "UserGroupsController.createGroup": {"t": [{"id": 0, "a": [["R", 10], ["R", 11], ["R", 12], ["R", 13], ["R", 14], ["R", 15], ["R", 16], ["R", 17], ["R", 18], ["R", 19], ["R", 20], ["R", 10], ["R", 11], ["R", 12], ["R", 13], ["R", 14], ["R", 15], ["R", 16], ["R", 17], ["R", 18], ["R", 19], ["R", 20], ["R", 1], ["W", 1], ["R", 33], ["R", 33], ["R", 33]]}]}, "UserGroupsController.editGroup": {"t": [{"id": 0, "a": [["R", 1], ["W", 33], ["W", 33], ["R", 10], ["R", 11], ["R", 12], ["R", 13], ["R", 14], ["R", 15], ["R", 16], ["R", 17], ["R", 18], ["R", 19], ["R", 20], ["R", 1], ["W", 1], ["R", 1], ["R", 41], ["R", 41], ["R", 33], ["R", 41], ["R", 41], ["R", 33], ["R", 41], ["R", 28], ["R", 28], ["R", 28], ["R", 28], ["R", 28], ["R", 28], ["R", 28], ["R", 28], ["R", 28], ["R", 28], ["R", 28], ["R", 28], ["R", 28], ["R", 28], ["R", 28], ["R", 28], ["R", 28], ["R", 28], ["R", 41], ["R", 28], ["R", 1]]}]}, "UserGroupsController.getDetailsPage": {"t": [{"id": 0, "a": [["R", 1], ["R", 41], ["R", 41], ["R", 33], ["R", 41], ["R", 41], ["R", 33], ["R", 41], ["R", 28], ["R", 28], ["R", 28], ["R", 28], ["R", 28], ["R", 28], ["R", 28], ["R", 28], ["R", 28], ["R", 28], ["R", 28], ["R", 28], ["R", 28], ["R", 28], ["R", 28], ["R", 28], ["R", 28], ["R", 28], ["R", 41], ["R", 28]]}]}, "UserGroupsController.getEditPage": {"t": [{"id": 0, "a": [["R", 1], ["R", 33], ["R", 33]]}]}, "UserGroupsController.getGroupUsers": {"t": [{"id": 0, "a": [["R", 1], ["R", 41]]}]}, "UserGroupsController.getRemoveUserModal": {"t": [{"id": 0, "a": [["R", 1]]}]}, "UserGroupsController.getUsersNotInGroup": {"t": [{"id": 0, "a": [["R", 1], ["R", 28], ["R", 28], ["R", 41], ["R", 28], ["R", 28]]}]}, "UserGroupsController.removeUserFromGroup": {"t": [{"id": 0, "a": [["R", 1], ["R", 1], ["R", 41], ["R", 41], ["R", 41], ["W", 41], ["R", 28], ["R", 28], ["R", 28], ["R", 28]]}]}, "UserGroupsController.updateUserRole": {"t": [{"id": 0, "a": [["R", 1], ["R", 1], ["R", 41], ["R", 41], ["R", 41], ["W", 41], ["W", 41], ["R", 28], ["R", 28], ["R", 28], ["R", 28]]}]}, "ProjectDetailsAjaxController.getProjectDetails": {"t": [{"id": 0, "a": [["R", 1], ["R", 4], ["R", 4], ["R", 4], ["R", 4], ["R", 4], ["R", 4]]}]}, "ProjectDetailsAjaxController.updateProjectDetails": {"t": [{"id": 0, "a": [["R", 1], ["W", 4], ["W", 4], ["W", 4], ["R", 10], ["R", 11], ["R", 12], ["R", 13], ["R", 14], ["R", 15], ["R", 16], ["R", 17], ["R", 18], ["R", 19], ["R", 20], ["R", 1], ["W", 1]]}]}, "RESTProjectSamplesController.addSampleToProject": {"t": [{"id": 0, "a": [["R", 1], ["R", 57], ["R", 8], ["R", 7], ["R", 7], ["R", 8], ["R", 7], ["R", 4], ["R", 7], ["R", 8], ["R", 8], ["R", 4], ["R", 8], ["W", 8], ["W", 7], ["W", 7], ["W", 7], ["W", 4], ["W", 7], ["W", 8], ["W", 7], ["W", 7], ["R", 8], ["R", 4], ["R", 37], ["R", 28], ["R", 3], ["R", 6], ["R", 7], ["R", 8], ["R", 35], ["R", 28], ["R", 38], ["R", 4], ["R", 39], ["R", 11], ["R", 40], ["R", 36], ["R", 24], ["R", 41], ["R", 32], ["R", 42], ["R", 21], ["R", 8], ["R", 8], ["R", 8], ["R", 8], ["R", 22], ["R", 8], ["R", 26], ["R", 8], ["R", 8], ["R", 4], ["R", 4], ["R", 8]]}]}, "RESTProjectSamplesController.copySampleToProject": {"t": [{"id": 0, "a": [["R", 1], ["R", 1], ["R", 57], ["R", 8], ["R", 7], ["R", 7], ["R", 8], ["R", 7], ["R", 4], ["R", 7], ["R", 8], ["R", 8], ["R", 4], ["R", 8], ["W", 8], ["W", 7], ["W", 7], ["W", 7], ["W", 4], ["W", 7], ["W", 8], ["W", 7], ["W", 7], ["R", 8], ["R", 4], ["R", 37], ["R", 10], ["R", 3], ["R", 4], ["R", 7], ["R", 4], ["R", 35], ["R", 4], ["R", 38], ["R", 4], ["R", 39], ["R", 8], ["R", 40], ["R", 4], ["R", 24], ["R", 41], ["R", 32], ["R", 42], ["R", 4], ["R", 10], ["R", 43], ["R", 21], ["R", 21], ["R", 15], ["R", 15], ["R", 16], ["R", 51], ["R", 13], ["R", 14], ["R", 15], ["R", 16], ["R", 16], ["R", 16], ["R", 16], ["R", 17], ["R", 17], ["R", 18], ["R", 19], ["R", 8], ["R", 8], ["R", 8]]}]}, "RESTProjectSamplesController.getProjectSample": {"t": [{"id": 0, "a": [["R", 1], ["R", 1], ["R", 7], ["R", 7], ["R", 4], ["R", 7], ["R", 8], ["R", 7], ["R", 8], ["R", 8], ["R", 8], ["R", 8], ["R", 22], ["R", 8], ["R", 26], ["R", 8], ["R", 8], ["R", 4], ["R", 4], ["R", 8]]}]}, "RESTProjectSamplesController.getProjectSampleBySequencerId": {"t": [{"id": 0, "a": [["R", 1], ["R", 7], ["R", 7], ["R", 8], ["R", 7], ["R", 4], ["R", 7], ["R", 8], ["R", 4], ["R", 8]]}]}, "RESTProjectSamplesController.getProjectSamples": {"t": [{"id": 0, "a": [["R", 1], ["R", 8], ["R", 8], ["R", 8], ["R", 8], ["R", 22], ["R", 8], ["R", 26], ["R", 8], ["R", 8], ["R", 4], ["R", 4], ["R", 8]]}]}, "RESTProjectSamplesController.getSample": {"t": [{"id": 0, "a": [["R", 1], ["R", 8], ["R", 8], ["R", 8], ["R", 22], ["R", 8], ["R", 26], ["R", 8], ["R", 8], ["R", 4], ["R", 4], ["R", 8]]}]}, "RESTProjectSamplesController.removeSampleFromProject": {"t": [{"id": 0, "a": [["R", 1], ["R", 1], ["R", 58], ["R", 7], ["R", 7], ["R", 4], ["R", 7], ["R", 8], ["W", 7], ["R", 7], ["R", 7], ["R", 7], ["R", 8], ["W", 8]]}]}, "RESTProjectSamplesController.updateSample": {"t": [{"id": 0, "a": [["R", 1], ["W", 1], ["R", 8], ["R", 8], ["R", 8], ["R", 22], ["R", 8], ["R", 26], ["R", 8], ["R", 8], ["R", 4], ["R", 4], ["R", 8]]}]}, "UsersController.getEditUserPage": {"t": [{"id": 0, "a": [["R", 1], ["R", 28], ["R", 28]]}]}, "UsersController.getLoggedInUserPage": {"t": [{"id": 0, "a": [["R", 28], ["R", 1], ["R", 28], ["R", 28], ["R", 28], ["R", 28], ["R", 28], ["R", 28], ["R", 28], ["R", 28], ["R", 28], ["R", 28], ["R", 28], ["R", 28], ["R", 28], ["R", 28], ["R", 28], ["R", 28], ["R", 28], ["R", 28], ["R", 28], ["R", 28], ["R", 28], ["R", 28], ["R", 35], ["R", 35], ["R", 35], ["R", 28], ["R", 32], ["R", 32], ["R", 33], ["R", 41], ["R", 32], ["R", 32], ["W", 35], ["W", 35], ["W", 35], ["W", 35], ["W", 4], ["W", 35], ["W", 28], ["W", 35], ["R", 37], ["R", 10], ["R", 3], ["R", 4], ["R", 7], ["R", 4], ["R", 35], ["R", 4], ["R", 38], ["R", 4], ["R", 39], ["R", 8], ["R", 40], ["R", 4], ["R", 24], ["R", 41], ["R", 32], ["R", 42], ["R", 4], ["R", 4], ["R", 4], ["R", 35], ["R", 35], ["R", 35], ["R", 35]]}]}, "UsersController.getUserSpecificPage": {"t": [{"id": 0, "a": [["R", 1], ["R", 28], ["R", 28], ["R", 28], ["R", 28], ["R", 28], ["R", 28], ["R", 28], ["R", 28], ["R", 28], ["R", 28], ["R", 28], ["R", 28], ["R", 28], ["R", 28], ["R", 28], ["R", 28], ["R", 28], ["R", 28], ["R", 28], ["R", 28], ["R", 28], ["R", 28], ["R", 35], ["R", 35], ["R", 35], ["R", 28], ["R", 32], ["R", 32], ["R", 33], ["R", 41], ["R", 32], ["R", 32], ["W", 35], ["W", 35], ["W", 35], ["W", 35], ["W", 4], ["W", 35], ["W", 28], ["W", 35], ["R", 37], ["R", 10], ["R", 3], ["R", 4], ["R", 7], ["R", 4], ["R", 35], ["R", 4], ["R", 38], ["R", 4], ["R", 39], ["R", 8], ["R", 40], ["R", 4], ["R", 24], ["R", 41], ["R", 32], ["R", 42], ["R", 4], ["R", 4], ["R", 4], ["R", 35], ["R", 35], ["R", 35], ["R", 35]]}]}, "UsersController.submitCreateUser": {"t": [{"id": 0, "a": [["W", 28], ["R", 28], ["W", 28], ["R", 28], ["R", 28], ["W", 28], ["W", 28], ["R", 10], ["R", 11], ["R", 12], ["R", 13], ["R", 14], ["R", 15], ["R", 16], ["R", 17], ["R", 18], ["R", 19], ["R", 20], ["R", 10], ["R", 11], ["R", 12], ["R", 13], ["R", 14], ["R", 15], ["R", 16], ["R", 17], ["R", 18], ["R", 19], ["R", 20], ["R", 1], ["W", 1], ["R", 28], ["W", 20], ["W", 20], ["W", 28], ["W", 20], ["R", 10], ["R", 11], ["R", 12], ["R", 13], ["R", 14], ["R", 15], ["R", 16], ["R", 17], ["R", 18], ["R", 19], ["R", 20], ["R", 10], ["R", 11], ["R", 12], ["R", 13], ["R", 14], ["R", 15], ["R", 16], ["R", 17], ["R", 18], ["R", 19], ["R", 20], ["R", 1], ["W", 1], ["R", 28], ["R", 28], ["R", 28], ["R", 28], ["R", 28], ["R", 28], ["R", 28], ["R", 28], ["R", 28]]}]}, "UsersController.updateUser": {"t": [{"id": 0, "a": [["R", 28], ["R", 1], ["W", 1], ["R", 28], ["R", 28], ["R", 1], ["R", 28], ["R", 28], ["R", 1], ["R", 28], ["R", 28]]}]}, "ReferenceFileController.addIndependentReferenceFile": {"t": [{"id": 0, "a": [["W", 36], ["W", 36], ["W", 36], ["R", 10], ["R", 11], ["R", 12], ["R", 13], ["R", 14], ["R", 15], ["R", 16], ["R", 17], ["R", 18], ["R", 19], ["R", 20], ["R", 10], ["R", 11], ["R", 12], ["R", 13], ["R", 14], ["R", 15], ["R", 16], ["R", 17], ["R", 18], ["R", 19], ["R", 20], ["R", 1], ["W", 1], ["R", 36], ["R", 36]]}]}, "ReferenceFileController.addReferenceFileToProject": {"t": [{"id": 0, "a": [["R", 1], ["W", 36], ["W", 36], ["W", 36], ["W", 36], ["W", 40], ["W", 40], ["W", 4], ["W", 40], ["W", 36], ["W", 40]]}]}, "ReferenceFileController.deleteReferenceFile": {"t": [{"id": 0, "a": [["R", 1], ["R", 1], ["R", 40], ["R", 40], ["R", 40], ["R", 4], ["R", 37], ["R", 28], ["R", 3], ["R", 6], ["R", 7], ["R", 8], ["R", 35], ["R", 28], ["R", 38], ["R", 4], ["R", 39], ["R", 11], ["R", 40], ["R", 36], ["R", 24], ["R", 41], ["R", 32], ["R", 42], ["R", 21], ["R", 36], ["R", 36], ["W", 40], ["R", 4], ["R", 36], ["R", 36], ["R", 4], ["R", 36], ["R", 4]]}]}, "ReferenceFileController.downloadReferenceFile": {"t": [{"id": 0, "a": [["R", 1], ["R", 36], ["R", 36]]}]}, "ClientsController.getAddClientPage": {"t": [{"id": 0, "a": [["R", 59], ["R", 59]]}]}, "ClientsController.getAjaxClientsList": {"t": [{"id": 0, "a": [["R", 1], ["R", 1], ["R", 59], ["R", 59], ["R", 59], ["R", 59], ["R", 59], ["R", 59]]}]}, "ClientsController.getEditPage": {"t": [{"id": 0, "a": [["R", 1], ["R", 59], ["R", 59], ["R", 59], ["R", 59], ["R", 59], ["R", 59], ["R", 59], ["R", 59], ["R", 59], ["R", 59]]}]}, "ClientsController.postCreateClient": {"t": [{"id": 0, "a": [["W", 59], ["R", 59], ["W", 59], ["W", 59], ["W", 59], ["R", 59], ["R", 59], ["R", 59], ["R", 59], ["R", 10], ["R", 11], ["R", 12], ["R", 13], ["R", 14], ["R", 15], ["R", 16], ["R", 17], ["R", 18], ["R", 19], ["R", 20], ["R", 10], ["R", 11], ["R", 12], ["R", 13], ["R", 14], ["R", 15], ["R", 16], ["R", 17], ["R", 18], ["R", 19], ["R", 20], ["R", 1], ["W", 1], ["R", 59], ["R", 59], ["R", 59], ["R", 59], ["R", 59], ["R", 59], ["R", 59], ["R", 59], ["R", 59], ["R", 59], ["R", 59], ["R", 59]]}]}, "ClientsController.postEditClient": {"t": [{"id": 0, "a": [["R", 1], ["W", 59], ["W", 59], ["W", 59], ["W", 59], ["W", 59], ["W", 59], ["R", 59], ["W", 59], ["R", 59], ["W", 59], ["W", 59], ["R", 59], ["R", 59], ["R", 59], ["R", 10], ["R", 11], ["R", 12], ["R", 13], ["R", 14], ["R", 15], ["R", 16], ["R", 17], ["R", 18], ["R", 19], ["R", 20], ["R", 1], ["W", 1], ["R", 59], ["R", 59], ["R", 1], ["R", 59], ["R", 59], ["R", 59], ["R", 59], ["R", 59], ["R", 59], ["R", 59], ["R", 59], ["R", 59], ["R", 59]]}]}, "ClientsController.read": {"t": [{"id": 0, "a": [["R", 1], ["R", 59], ["R", 59], ["R", 59], ["R", 59], ["R", 59]]}]}, "ClientsController.removeClient": {"t": [{"id": 0, "a": [["R", 1], ["W", 1]]}]}, "ClientsController.revokeClientTokens": {"t": [{"id": 0, "a": [["R", 1], ["R", 59]]}]}, "ClientsController.revokeTokensAndRedirect": {"t": [{"id": 0, "a": [["R", 1], ["R", 59]]}]}, "CartGalaxyController.getGalaxyExportForm": {"t": [{"id": 0, "a": [["R", 1], ["R", 8], ["R", 8]]}]}, "ProjectsAjaxController.getPagedProjectsForUser": {"t": [{"id": 0, "a": [["R", 35], ["R", 32], ["R", 4], ["R", 35], ["R", 32], ["R", 4], ["R", 7], ["R", 7], ["R", 7], ["R", 4], ["R", 4], ["R", 4], ["R", 4], ["R", 4], ["R", 4], ["R", 4], ["R", 50], ["R", 8], ["R", 50], ["R", 25], ["R", 50], ["R", 23], ["R", 50], ["R", 50]]}]}, "RESTUsersController.getCurrentUser": {"t": [{"id": 0, "a": [["R", 28], ["R", 1]]}]}, "RESTUsersController.getUserProjects": {"t": [{"id": 0, "a": [["R", 35], ["R", 35], ["R", 35], ["R", 28], ["R", 32], ["R", 32], ["R", 33], ["R", 41], ["R", 32], ["R", 32], ["W", 35], ["W", 35], ["W", 35], ["W", 35], ["W", 4], ["W", 35], ["W", 28], ["W", 35], ["R", 37], ["R", 10], ["R", 3], ["R", 4], ["R", 7], ["R", 4], ["R", 35], ["R", 4], ["R", 38], ["R", 4], ["R", 39], ["R", 8], ["R", 40], ["R", 4], ["R", 24], ["R", 41], ["R", 32], ["R", 42], ["R", 4], ["R", 4]]}]}, "ProjectSamplesController.ajaxSamplesMerge": {"t": [{"id": 0, "a": [["R", 1], ["R", 1], ["W", 8], ["R", 10], ["R", 11], ["R", 12], ["R", 13], ["R", 14], ["R", 15], ["R", 16], ["R", 17], ["R", 18], ["R", 19], ["R", 20], ["R", 1], ["W", 1], ["R", 7], ["R", 7], ["R", 7], ["R", 8], ["R", 37], ["R", 10], ["R", 3], ["R", 4], ["R", 7], ["R", 4], ["R", 35], ["R", 4], ["R", 38], ["R", 4], ["R", 39], ["R", 8], ["R", 40], ["R", 4], ["R", 24], ["R", 41], ["R", 32], ["R", 42], ["R", 4], ["R", 8], ["R", 4], ["R", 8], ["R", 8], ["R", 7], ["R", 7], ["R", 7], ["R", 8], ["R", 37], ["R", 10], ["R", 3], ["R", 4], ["R", 7], ["R", 4], ["R", 35], ["R", 4], ["R", 38], ["R", 4], ["R", 39], ["R", 8], ["R", 40], ["R", 4], ["R", 24], ["R", 41], ["R", 32], ["R", 42], ["R", 4], ["R", 8], ["R", 4], ["R", 24], ["R", 24], ["R", 24], ["R", 8], ["R", 24], ["W", 24], ["R", 24], ["R", 24], ["R", 23], ["R", 23], ["R", 8], ["W", 24], ["W", 24], ["W", 24], ["W", 24], ["R", 39], ["R", 39], ["R", 8], ["R", 39], ["R", 11], ["R", 11], ["R", 8], ["W", 39], ["R", 11], ["R", 8], ["W", 39], ["W", 39], ["W", 8], ["W", 39], ["W", 11], ["W", 39], ["R", 7], ["R", 7], ["R", 4], ["R", 7], ["R", 8], ["W", 7], ["R", 8], ["W", 8], ["R", 8]]}]}, "ProjectSamplesController.createNewSample": {"t": [{"id": 0, "a": [["R", 1], ["R", 8], ["W", 8], ["R", 57], ["R", 8], ["R", 7], ["R", 7], ["R", 8], ["R", 7], ["R", 4], ["R", 7], ["R", 8], ["R", 8], ["R", 4], ["R", 8], ["W", 8], ["W", 7], ["W", 7], ["W", 7], ["W", 4], ["W", 7], ["W", 8], ["W", 7], ["W", 7], ["R", 8], ["R", 4], ["R", 37], ["R", 28], ["R", 3], ["R", 6], ["R", 7], ["R", 8], ["R", 35], ["R", 28], ["R", 38], ["R", 4], ["R", 39], ["R", 11], ["R", 40], ["R", 36], ["R", 24], ["R", 41], ["R", 32], ["R", 42], ["R", 21], ["R", 8]]}]}, "ProjectSamplesController.deleteProjectSamples": {"t": [{"id": 0, "a": [["R", 1], ["R", 1], ["R", 8], ["R", 4], ["R", 4], ["R", 1], ["R", 58], ["R", 7], ["R", 7], ["R", 4], ["R", 7], ["R", 8], ["W", 7], ["R", 7], ["R", 7], ["R", 7], ["R", 8], ["W", 8]]}]}, "ProjectSamplesController.downloadSamples": {"t": [{"id": 0, "a": [["R", 1], ["R", 1], ["R", 4], ["R", 24], ["R", 24], ["R", 24], ["R", 8], ["R", 24], ["R", 22], ["R", 25], ["R", 26], ["R", 25], ["R", 25], ["R", 4], ["R", 8]]}]}, "ProjectSamplesController.exportProjectSamplesTable": {"t": [{"id": 0, "a": [["R", 1], ["R", 1], ["R", 7], ["R", 7], ["R", 4], ["R", 4], ["R", 7], ["R", 8], ["R", 24], ["R", 24], ["R", 24], ["R", 8], ["R", 24], ["R", 22], ["R", 25], ["R", 26], ["R", 25], ["R", 25], ["R", 25], ["R", 46], ["R", 25], ["R", 46], ["R", 25], ["R", 46], ["R", 53], ["R", 53], ["R", 23], ["R", 24], ["R", 8], ["W", 54], ["R", 54], ["R", 54], ["R", 4], ["R", 54], ["R", 4], ["R", 54], ["R", 4], ["R", 54], ["R", 54], ["R", 4], ["R", 54], ["R", 4], ["R", 54], ["R", 4], ["R", 54], ["R", 54], ["R", 4], ["R", 54], ["R", 4], ["R", 54], ["R", 4], ["R", 54], ["R", 54], ["R", 4], ["R", 54], ["R", 4], ["R", 54], ["R", 4], ["R", 54], ["R", 54], ["R", 4], ["R", 54], ["R", 4], ["R", 54], ["R", 4], ["R", 54], ["R", 54], ["R", 4], ["R", 54], ["R", 4], ["R", 54], ["R", 4], ["R", 54], ["R", 54], ["R", 4], ["R", 7], ["R", 4], ["R", 7], ["R", 8], ["R", 8], ["R", 8], ["R", 8], ["R", 4], ["R", 4], ["R", 8], ["R", 8], ["R", 7], ["R", 4]]}]}, "ProjectSamplesController.getAllProjectSampleIds": {"t": [{"id": 0, "a": [["R", 1], ["R", 7], ["R", 7], ["R", 8], ["R", 7], ["R", 4], ["R", 4], ["R", 8], ["R", 8]]}]}, "ProjectSamplesController.getCreateNewSamplePage": {"t": [{"id": 0, "a": [["R", 1]]}]}, "ProjectSamplesController.getMergeSamplesInProjectModal": {"t": [{"id": 0, "a": [["R", 1], ["R", 1], ["R", 7], ["R", 7], ["R", 4], ["R", 7], ["R", 8], ["R", 7], ["R", 8], ["R", 7], ["R", 7], ["R", 8]]}]}, "ProjectSamplesController.getProjectSamples": {"t": [{"id": 0, "a": [["R", 1], ["R", 1], ["R", 7], ["R", 7], ["R", 4], ["R", 4], ["R", 7], ["R", 8], ["R", 24], ["R", 24], ["R", 24], ["R", 8], ["R", 24], ["R", 22], ["R", 25], ["R", 26], ["R", 25], ["R", 25], ["R", 25], ["R", 46], ["R", 25], ["R", 46], ["R", 25], ["R", 46], ["R", 53], ["R", 53], ["R", 23], ["R", 24], ["R", 8], ["W", 54], ["R", 54], ["R", 54], ["R", 4], ["R", 54], ["R", 4], ["R", 54], ["R", 4], ["R", 54], ["R", 54], ["R", 4], ["R", 54], ["R", 4], ["R", 54], ["R", 4], ["R", 54], ["R", 54], ["R", 4], ["R", 54], ["R", 4], ["R", 54], ["R", 4], ["R", 54], ["R", 54], ["R", 4], ["R", 54], ["R", 4], ["R", 54], ["R", 4], ["R", 54], ["R", 54], ["R", 4], ["R", 54], ["R", 4], ["R", 54], ["R", 4], ["R", 54], ["R", 54], ["R", 4], ["R", 54], ["R", 4], ["R", 54], ["R", 4], ["R", 54], ["R", 54], ["R", 4], ["R", 7], ["R", 4], ["R", 7], ["R", 8], ["R", 8], ["R", 8], ["R", 8], ["R", 4], ["R", 4], ["R", 8], ["R", 8], ["R", 7]]}]}, "ProjectSamplesController.getProjectSamplesFilterModal": {"t": [{"id": 0, "a": [["R", 1], ["R", 7], ["R", 7], ["R", 8], ["R", 7], ["R", 4]]}]}, "ProjectSamplesController.getProjectSamplesPage": {"t": [{"id": 0, "a": [["R", 1], ["R", 28], ["R", 38], ["R", 38], ["R", 4]]}]}, "ProjectSamplesController.getProjectsAvailableToCopySamples": {"t": [{"id": 0, "a": [["R", 1], ["R", 28], ["R", 4], ["R", 4], ["R", 4], ["R", 4], ["R", 4], ["R", 4], ["R", 4], ["R", 35], ["R", 35], ["R", 4], ["R", 35], ["R", 28], ["R", 4], ["R", 41], ["R", 32], ["R", 32], ["R", 4], ["R", 41], ["R", 33], ["R", 32], ["R", 33], ["R", 41], ["R", 28], ["R", 4], ["R", 4]]}]}, "ProjectSamplesController.getRemoveSamplesFromProjectModal": {"t": [{"id": 0, "a": [["R", 1], ["R", 7], ["R", 7], ["R", 7], ["R", 8], ["R", 1]]}]}, "ProjectSamplesController.getSampleNamesNotInProject": {"t": [{"id": 0, "a": [["R", 1], ["R", 7], ["R", 7], ["R", 7], ["R", 4], ["R", 37], ["R", 28], ["R", 3], ["R", 6], ["R", 7], ["R", 8], ["R", 35], ["R", 28], ["R", 38], ["R", 4], ["R", 39], ["R", 11], ["R", 40], ["R", 36], ["R", 24], ["R", 41], ["R", 32], ["R", 42], ["R", 21], ["R", 8], ["R", 8]]}]}, "ProjectSamplesController.getShareSamplesModal": {"t": [{"id": 0, "a": [["R", 1], ["R", 1], ["R", 7], ["R", 7], ["R", 4], ["R", 7], ["R", 8], ["R", 7], ["R", 8], ["R", 7], ["R", 7], ["R", 8], ["R", 4], ["R", 50], ["R", 8], ["R", 50], ["R", 25], ["R", 50], ["R", 23], ["R", 50], ["R", 50]]}]}, "ProjectSamplesController.removeSamplesFromProject": {"t": [{"id": 0, "a": [["R", 1], ["R", 1], ["R", 58], ["R", 58], ["R", 7], ["R", 7], ["R", 4], ["R", 7], ["R", 8], ["W", 7], ["R", 7], ["R", 7], ["R", 7], ["R", 8], ["W", 8], ["R", 4]]}]}, "ProjectSamplesController.shareSampleToProject": {"t": [{"id": 0, "a": [["R", 1], ["R", 1], ["R", 1], ["R", 57], ["R", 57], ["R", 7], ["R", 7], ["R", 4], ["R", 7], ["R", 8], ["R", 7], ["R", 57], ["R", 8], ["R", 7], ["R", 7], ["R", 8], ["R", 7], ["R", 4], ["R", 7], ["R", 8], ["R", 8], ["R", 4], ["R", 8], ["W", 8], ["W", 7], ["W", 7], ["W", 7], ["W", 4], ["W", 7], ["W", 8], ["W", 7], ["W", 7], ["R", 8], ["R", 4], ["R", 58], ["R", 7], ["R", 7], ["R", 4], ["R", 7], ["R", 8], ["W", 7], ["R", 7], ["R", 7], ["R", 7], ["R", 8], ["W", 8], ["R", 8], ["R", 4], ["R", 57], ["R", 57], ["R", 8], ["R", 7], ["R", 7], ["R", 8], ["R", 7], ["R", 4], ["R", 7], ["R", 8], ["R", 8], ["R", 4], ["R", 8], ["W", 8], ["W", 7], ["W", 7], ["W", 7], ["W", 4], ["W", 7], ["W", 8], ["W", 7], ["W", 7], ["R", 8], ["R", 4], ["R", 8], ["R", 4], ["R", 4], ["R", 7], ["R", 8], ["R", 8], ["R", 4], ["R", 7], ["R", 8], ["R", 8], ["R", 4], ["R", 4], ["R", 4]]}]}, "ProjectSamplesController.validateNewSampleName": {"t": [{"id": 0, "a": [["R", 1], ["R", 7], ["R", 7], ["R", 8], ["R", 7], ["R", 4], ["R", 7], ["R", 8], ["R", 4]]}]}}