{"28": ["fbristow@golem", "franklin.bristow@phac-aspc.gc.ca", "thomas.matthews@phac-aspc.gc.ca", "eric.enns@phac-aspc.gc.ca", "jcuratcha_@live.com", "josh.adam@phac-aspc.gc.ca"], "60": ["josh.adam@canada.ca", "thomas.matthews@canada.ca", "franklin.bristow@phac-aspc.gc.ca", "thomas.matthews@phac-aspc.gc.ca", "eric.enns@phac-aspc.gc.ca", "josh.adam@phac-aspc.gc.ca"], "61": ["josh.adam@canada.ca", "fbristow@golem", "franklin.bristow@phac-aspc.gc.ca", "thomas.matthews@phac-aspc.gc.ca", "aaron.petkau@phac-aspc.gc.ca"], "62": ["josh.adam@canada.ca", "fbristow@golem", "franklin.bristow@phac-aspc.gc.ca", "thomas.matthews@phac-aspc.gc.ca", "eric.enns@phac-aspc.gc.ca", "jcuratcha_@live.com"], "63": ["fbristow@golem", "thomas.matthews@canada.ca", "franklin.bristow@phac-aspc.gc.ca", "thomas.matthews@phac-aspc.gc.ca", "eric.enns@phac-aspc.gc.ca", "josh.adam@phac-aspc.gc.ca"], "4": ["fbristow@golem", "thomas.matthews@canada.ca", "franklin.bristow@phac-aspc.gc.ca", "thomas.matthews@phac-aspc.gc.ca", "aaron.petkau@phac-aspc.gc.ca", "eric.enns@phac-aspc.gc.ca", "josh.adam@phac-aspc.gc.ca"], "64": ["josh.adam@canada.ca", "fbristow@golem", "peter.kruczkiewicz@canada.ca", "franklin.bristow@phac-aspc.gc.ca", "aaron.petkau@canada.ca", "thomas.matthews@canada.ca", "thomas.matthews@phac-aspc.gc.ca", "aaron.petkau@phac-aspc.gc.ca", "eric.enns@phac-aspc.gc.ca", "sukhdeep.sidhu@phac-aspc.gc.ca", "sukhdeep.sidhu@canada.ca", "josh.adam@phac-aspc.gc.ca"], "65": ["peter.kruczkiewicz@canada.ca", "fbristow@golem", "franklin.bristow@phac-aspc.gc.ca", "thomas.matthews@phac-aspc.gc.ca", "eric.enns@phac-aspc.gc.ca", "josh.adam@phac-aspc.gc.ca"], "964": ["josh.adam@canada.ca"], "67": ["josh.adam@canada.ca", "fbristow@golem", "peter.kruczkiewicz@canada.ca", "franklin.bristow@phac-aspc.gc.ca", "aaron.petkau@canada.ca", "thomas.matthews@phac-aspc.gc.ca", "sukhdeep.sidhu@phac-aspc.gc.ca", "josh.adam@phac-aspc.gc.ca"], "68": ["josh.adam@canada.ca", "thomas.matthews@canada.ca", "franklin.bristow@phac-aspc.gc.ca", "thomas.matthews@phac-aspc.gc.ca", "eric.enns@phac-aspc.gc.ca", "josh.adam@phac-aspc.gc.ca"], "69": ["franklin.bristow@phac-aspc.gc.ca", "josh.adam@phac-aspc.gc.ca", "thomas.matthews@phac-aspc.gc.ca", "aaron.petkau@phac-aspc.gc.ca"], "70": ["franklin.bristow@phac-aspc.gc.ca", "thomas.matthews@phac-aspc.gc.ca", "peter.kruczkiewicz@canada.ca", "fbristow@golem"], "88": ["franklin.bristow@phac-aspc.gc.ca", "thomas.matthews@phac-aspc.gc.ca"], "72": ["franklin.bristow@phac-aspc.gc.ca", "eric.enns@phac-aspc.gc.ca", "thomas.matthews@phac-aspc.gc.ca", "fbristow@golem"], "8": ["peter.kruczkiewicz@canada.ca", "fbristow@golem", "franklin.bristow@phac-aspc.gc.ca", "aaron.petkau@canada.ca", "thomas.matthews@canada.ca", "thomas.matthews@phac-aspc.gc.ca", "aaron.petkau@phac-aspc.gc.ca", "eric.enns@phac-aspc.gc.ca"], "25": ["josh.adam@canada.ca", "fbristow@golem", "thomas.matthews@canada.ca", "franklin.bristow@phac-aspc.gc.ca", "aaron.petkau@canada.ca", "thomas.matthews@phac-aspc.gc.ca", "eric.enns@phac-aspc.gc.ca", "josh.adam@phac-aspc.gc.ca"], "73": ["josh.adam@canada.ca", "peter.kruczkiewicz@canada.ca", "thomas.matthews@canada.ca", "franklin.bristow@phac-aspc.gc.ca", "aaron.petkau@canada.ca", "thomas.matthews@phac-aspc.gc.ca", "aaron.petkau@phac-aspc.gc.ca", "josh.adam@phac-aspc.gc.ca"], "74": ["josh.adam@canada.ca", "peter.kruczkiewicz@canada.ca", "thomas.matthews@canada.ca", "franklin.bristow@phac-aspc.gc.ca", "joel.thiessen@icloud.com", "aaron.petkau@canada.ca", "thomas.matthews@phac-aspc.gc.ca", "aaron.petkau@phac-aspc.gc.ca", "eric.enns@phac-aspc.gc.ca", "fbristow@hyperion.corefacility.ca", "sukhdeep.sidhu@canada.ca", "josh.adam@phac-aspc.gc.ca"], "75": ["thomas.matthews@canada.ca", "franklin.bristow@phac-aspc.gc.ca", "thomas.matthews@phac-aspc.gc.ca", "aaron.petkau@phac-aspc.gc.ca", "eric.enns@phac-aspc.gc.ca", "fbristow@hyperion.corefacility.ca", "josh.adam@phac-aspc.gc.ca"], "76": ["franklin.bristow@phac-aspc.gc.ca", "thomas.matthews@phac-aspc.gc.ca", "peter.kruczkiewicz@canada.ca"], "77": ["thomas.matthews@canada.ca", "franklin.bristow@phac-aspc.gc.ca", "thomas.matthews@phac-aspc.gc.ca", "josh.adam@canada.ca"], "78": ["peter.kruczkiewicz@canada.ca", "thomas.matthews@canada.ca", "franklin.bristow@phac-aspc.gc.ca", "thomas.matthews@phac-aspc.gc.ca", "eric.enns@phac-aspc.gc.ca"], "79": ["franklin.bristow@phac-aspc.gc.ca"], "80": ["franklin.bristow@phac-aspc.gc.ca", "thomas.matthews@phac-aspc.gc.ca", "jeffreylthiessen@gmail.com"], "81": ["franklin.bristow@phac-aspc.gc.ca", "thomas.matthews@phac-aspc.gc.ca"], "82": ["franklin.bristow@phac-aspc.gc.ca", "thomas.matthews@phac-aspc.gc.ca"], "83": ["franklin.bristow@phac-aspc.gc.ca", "thomas.matthews@phac-aspc.gc.ca"], "84": ["franklin.bristow@phac-aspc.gc.ca", "josh.adam@phac-aspc.gc.ca", "thomas.matthews@phac-aspc.gc.ca"], "85": ["franklin.bristow@phac-aspc.gc.ca", "thomas.matthews@phac-aspc.gc.ca"], "86": ["franklin.bristow@phac-aspc.gc.ca", "joel.thiessen@icloud.com", "thomas.matthews@phac-aspc.gc.ca", "eric.enns@phac-aspc.gc.ca", "josh.adam@phac-aspc.gc.ca"], "87": ["franklin.bristow@phac-aspc.gc.ca", "josh.adam@phac-aspc.gc.ca", "joel.thiessen@icloud.com", "thomas.matthews@phac-aspc.gc.ca"], "89": ["franklin.bristow@phac-aspc.gc.ca", "thomas.matthews@phac-aspc.gc.ca"], "90": ["franklin.bristow@phac-aspc.gc.ca", "thomas.matthews@phac-aspc.gc.ca"], "91": ["franklin.bristow@phac-aspc.gc.ca", "thomas.matthews@phac-aspc.gc.ca"], "92": ["franklin.bristow@phac-aspc.gc.ca", "fbristow@hyperion.corefacility.ca", "thomas.matthews@phac-aspc.gc.ca", "eric.enns@phac-aspc.gc.ca"], "93": ["franklin.bristow@phac-aspc.gc.ca", "thomas.matthews@phac-aspc.gc.ca"], "94": ["franklin.bristow@phac-aspc.gc.ca", "jeffreylthiessen@gmail.com"], "95": ["franklin.bristow@phac-aspc.gc.ca", "thomas.matthews@phac-aspc.gc.ca"], "96": ["thomas.matthews@canada.ca", "franklin.bristow@phac-aspc.gc.ca", "joel.thiessen@icloud.com", "thomas.matthews@phac-aspc.gc.ca"], "97": ["thomas.matthews@canada.ca", "franklin.bristow@phac-aspc.gc.ca", "joel.thiessen@icloud.com", "thomas.matthews@phac-aspc.gc.ca"], "98": ["franklin.bristow@phac-aspc.gc.ca", "thomas.matthews@phac-aspc.gc.ca", "aaron.petkau@phac-aspc.gc.ca", "eric.enns@phac-aspc.gc.ca"], "99": ["thomas.matthews@canada.ca", "franklin.bristow@phac-aspc.gc.ca", "joel.thiessen@icloud.com", "thomas.matthews@phac-aspc.gc.ca"], "100": ["thomas.matthews@canada.ca", "franklin.bristow@phac-aspc.gc.ca", "joel.thiessen@icloud.com", "thomas.matthews@phac-aspc.gc.ca"], "101": ["franklin.bristow@phac-aspc.gc.ca", "joel.thiessen@icloud.com", "thomas.matthews@phac-aspc.gc.ca", "aaron.petkau@phac-aspc.gc.ca", "jeffreylthiessen@gmail.com", "sukhdeep.sidhu@phac-aspc.gc.ca", "josh.adam@phac-aspc.gc.ca"], "102": ["franklin.bristow@phac-aspc.gc.ca", "joel.thiessen@icloud.com", "thomas.matthews@phac-aspc.gc.ca", "jeffreylthiessen@gmail.com", "josh.adam@phac-aspc.gc.ca"], "103": ["thomas.matthews@canada.ca", "franklin.bristow@phac-aspc.gc.ca", "joel.thiessen@icloud.com", "tmatthews@hamlin.cscscience.ca", "thomas.matthews@phac-aspc.gc.ca"], "104": ["franklin.bristow@phac-aspc.gc.ca", "thomas.matthews@phac-aspc.gc.ca", "jcuratcha_@live.com"], "105": ["franklin.bristow@phac-aspc.gc.ca"], "106": ["josh.adam@canada.ca", "thomas.matthews@canada.ca", "franklin.bristow@phac-aspc.gc.ca", "aaron.petkau@canada.ca", "tmatthews@hamlin.cscscience.ca", "thomas.matthews@phac-aspc.gc.ca", "eric.enns@phac-aspc.gc.ca"], "107": ["thomas.matthews@canada.ca", "franklin.bristow@phac-aspc.gc.ca", "tmatthews@hamlin.cscscience.ca"], "108": ["franklin.bristow@phac-aspc.gc.ca", "joel.thiessen@icloud.com", "tmatthews@hamlin.cscscience.ca", "thomas.matthews@phac-aspc.gc.ca", "aaron.petkau@phac-aspc.gc.ca", "jcuratcha_@live.com"], "109": ["thomas.matthews@canada.ca", "franklin.bristow@phac-aspc.gc.ca", "thomas.matthews@phac-aspc.gc.ca", "jeffreylthiessen@gmail.com", "josh.adam@phac-aspc.gc.ca"], "110": ["franklin.bristow@phac-aspc.gc.ca", "thomas.matthews@phac-aspc.gc.ca", "jeffreylthiessen@gmail.com"], "111": ["franklin.bristow@phac-aspc.gc.ca"], "112": ["thomas.matthews@canada.ca", "franklin.bristow@phac-aspc.gc.ca", "thomas.matthews@phac-aspc.gc.ca"], "113": ["franklin.bristow@phac-aspc.gc.ca", "thomas.matthews@phac-aspc.gc.ca"], "114": ["franklin.bristow@phac-aspc.gc.ca", "thomas.matthews@phac-aspc.gc.ca"], "269": ["josh.adam@canada.ca", "peter.kruczkiewicz@canada.ca", "franklin.bristow@phac-aspc.gc.ca", "aaron.petkau@canada.ca", "thomas.matthews@phac-aspc.gc.ca", "aaron.petkau@phac-aspc.gc.ca", "eric.enns@phac-aspc.gc.ca", "sukhdeep.sidhu@canada.ca", "josh.adam@phac-aspc.gc.ca"], "116": ["franklin.bristow@phac-aspc.gc.ca", "tmatthews@hamlin.cscscience.ca", "peter.kruczkiewicz@canada.ca"], "117": ["franklin.bristow@phac-aspc.gc.ca", "thomas.matthews@phac-aspc.gc.ca", "eric.enns@phac-aspc.gc.ca"], "118": ["franklin.bristow@phac-aspc.gc.ca", "thomas.matthews@phac-aspc.gc.ca"], "119": ["franklin.bristow@phac-aspc.gc.ca", "thomas.matthews@phac-aspc.gc.ca"], "35": ["franklin.bristow@phac-aspc.gc.ca", "thomas.matthews@phac-aspc.gc.ca", "eric.enns@phac-aspc.gc.ca"], "120": ["franklin.bristow@phac-aspc.gc.ca", "thomas.matthews@phac-aspc.gc.ca"], "7": ["franklin.bristow@phac-aspc.gc.ca", "thomas.matthews@phac-aspc.gc.ca", "eric.enns@phac-aspc.gc.ca"], "121": ["thomas.matthews@canada.ca", "franklin.bristow@phac-aspc.gc.ca", "aaron.petkau@canada.ca", "thomas.matthews@phac-aspc.gc.ca", "josh.adam@phac-aspc.gc.ca"], "122": ["franklin.bristow@phac-aspc.gc.ca", "thomas.matthews@phac-aspc.gc.ca"], "123": ["franklin.bristow@phac-aspc.gc.ca", "thomas.matthews@phac-aspc.gc.ca"], "124": ["franklin.bristow@phac-aspc.gc.ca", "thomas.matthews@phac-aspc.gc.ca"], "125": ["franklin.bristow@phac-aspc.gc.ca"], "126": ["franklin.bristow@phac-aspc.gc.ca", "thomas.matthews@phac-aspc.gc.ca"], "127": ["franklin.bristow@phac-aspc.gc.ca", "thomas.matthews@phac-aspc.gc.ca"], "128": ["franklin.bristow@phac-aspc.gc.ca", "thomas.matthews@phac-aspc.gc.ca"], "129": ["franklin.bristow@phac-aspc.gc.ca", "thomas.matthews@phac-aspc.gc.ca"], "130": ["franklin.bristow@phac-aspc.gc.ca", "thomas.matthews@phac-aspc.gc.ca", "eric.enns@phac-aspc.gc.ca"], "131": ["franklin.bristow@phac-aspc.gc.ca", "thomas.matthews@phac-aspc.gc.ca", "eric.enns@phac-aspc.gc.ca"], "132": ["thomas.matthews@phac-aspc.gc.ca", "franklin.bristow@phac-aspc.gc.ca", "aaron.petkau@phac-aspc.gc.ca", "eric.enns@phac-aspc.gc.ca"], "133": ["franklin.bristow@phac-aspc.gc.ca", "thomas.matthews@phac-aspc.gc.ca", "eric.enns@phac-aspc.gc.ca"], "134": ["franklin.bristow@phac-aspc.gc.ca", "thomas.matthews@phac-aspc.gc.ca", "eric.enns@phac-aspc.gc.ca"], "135": ["franklin.bristow@phac-aspc.gc.ca", "thomas.matthews@phac-aspc.gc.ca"], "136": ["franklin.bristow@phac-aspc.gc.ca", "thomas.matthews@phac-aspc.gc.ca", "eric.enns@phac-aspc.gc.ca"], "137": ["thomas.matthews@canada.ca", "franklin.bristow@phac-aspc.gc.ca", "joel.thiessen@icloud.com", "thomas.matthews@phac-aspc.gc.ca", "eric.enns@phac-aspc.gc.ca", "josh.adam@phac-aspc.gc.ca"], "138": ["franklin.bristow@phac-aspc.gc.ca", "thomas.matthews@phac-aspc.gc.ca"], "139": ["franklin.bristow@phac-aspc.gc.ca", "thomas.matthews@phac-aspc.gc.ca"], "140": ["franklin.bristow@phac-aspc.gc.ca", "thomas.matthews@phac-aspc.gc.ca"], "141": ["franklin.bristow@phac-aspc.gc.ca", "thomas.matthews@phac-aspc.gc.ca"], "142": ["franklin.bristow@phac-aspc.gc.ca", "thomas.matthews@phac-aspc.gc.ca", "eric.enns@phac-aspc.gc.ca"], "143": ["franklin.bristow@phac-aspc.gc.ca", "thomas.matthews@phac-aspc.gc.ca", "eric.enns@phac-aspc.gc.ca"], "144": ["thomas.matthews@canada.ca", "franklin.bristow@phac-aspc.gc.ca", "joel.thiessen@icloud.com", "thomas.matthews@phac-aspc.gc.ca"], "145": ["franklin.bristow@phac-aspc.gc.ca", "aaron.petkau@canada.ca", "thomas.matthews@phac-aspc.gc.ca"], "146": ["franklin.bristow@phac-aspc.gc.ca", "thomas.matthews@phac-aspc.gc.ca"], "147": ["thomas.matthews@canada.ca", "franklin.bristow@phac-aspc.gc.ca", "aaron.petkau@canada.ca", "thomas.matthews@phac-aspc.gc.ca"], "148": ["thomas.matthews@canada.ca", "franklin.bristow@phac-aspc.gc.ca", "thomas.matthews@phac-aspc.gc.ca"], "149": ["josh.adam@canada.ca", "peter.kruczkiewicz@canada.ca", "thomas.matthews@canada.ca", "franklin.bristow@phac-aspc.gc.ca", "aaron.petkau@canada.ca", "thomas.matthews@phac-aspc.gc.ca", "aaron.petkau@phac-aspc.gc.ca", "eric.enns@phac-aspc.gc.ca"], "150": ["thomas.matthews@canada.ca", "franklin.bristow@phac-aspc.gc.ca", "aaron.petkau@canada.ca", "thomas.matthews@phac-aspc.gc.ca"], "151": ["josh.adam@canada.ca", "thomas.matthews@canada.ca", "franklin.bristow@phac-aspc.gc.ca", "thomas.matthews@phac-aspc.gc.ca", "eric.enns@phac-aspc.gc.ca", "jcuratcha_@live.com"], "152": ["franklin.bristow@phac-aspc.gc.ca", "thomas.matthews@phac-aspc.gc.ca", "aaron.petkau@phac-aspc.gc.ca", "sukhdeep.sidhu@phac-aspc.gc.ca", "josh.adam@phac-aspc.gc.ca"], "153": ["franklin.bristow@phac-aspc.gc.ca", "thomas.matthews@phac-aspc.gc.ca", "aaron.petkau@phac-aspc.gc.ca"], "154": ["franklin.bristow@phac-aspc.gc.ca", "aaron.petkau@canada.ca", "thomas.matthews@phac-aspc.gc.ca", "aaron.petkau@phac-aspc.gc.ca"], "155": ["franklin.bristow@phac-aspc.gc.ca"], "156": ["thomas.matthews@canada.ca", "franklin.bristow@phac-aspc.gc.ca", "aaron.petkau@canada.ca", "thomas.matthews@phac-aspc.gc.ca", "eric.enns@phac-aspc.gc.ca", "jcuratcha_@live.com"], "157": ["thomas.matthews@canada.ca", "franklin.bristow@phac-aspc.gc.ca", "thomas.matthews@phac-aspc.gc.ca", "jcuratcha_@live.com"], "158": ["thomas.matthews@canada.ca", "franklin.bristow@phac-aspc.gc.ca", "aaron.petkau@canada.ca", "thomas.matthews@phac-aspc.gc.ca", "aaron.petkau@phac-aspc.gc.ca", "eric.enns@phac-aspc.gc.ca"], "13": ["franklin.bristow@phac-aspc.gc.ca", "thomas.matthews@phac-aspc.gc.ca", "eric.enns@phac-aspc.gc.ca"], "159": ["thomas.matthews@phac-aspc.gc.ca"], "160": ["josh.adam@canada.ca", "peter.kruczkiewicz@canada.ca", "thomas.matthews@canada.ca", "franklin.bristow@phac-aspc.gc.ca", "thomas.matthews@phac-aspc.gc.ca", "aaron.petkau@phac-aspc.gc.ca", "eric.enns@phac-aspc.gc.ca", "jcuratcha_@live.com", "josh.adam@phac-aspc.gc.ca"], "161": ["franklin.bristow@phac-aspc.gc.ca"], "162": ["josh.adam@canada.ca", "peter.kruczkiewicz@canada.ca", "thomas.matthews@canada.ca", "franklin.bristow@phac-aspc.gc.ca", "aaron.petkau@canada.ca", "thomas.matthews@phac-aspc.gc.ca", "aaron.petkau@phac-aspc.gc.ca", "eric.enns@phac-aspc.gc.ca", "jcuratcha_@live.com", "josh.adam@phac-aspc.gc.ca"], "163": ["josh.adam@phac-aspc.gc.ca", "thomas.matthews@canada.ca", "franklin.bristow@phac-aspc.gc.ca", "aaron.petkau@canada.ca", "thomas.matthews@phac-aspc.gc.ca", "aaron.petkau@phac-aspc.gc.ca", "jcuratcha_@live.com", "fbristow@gmail.com"], "164": ["franklin.bristow@phac-aspc.gc.ca", "thomas.matthews@phac-aspc.gc.ca", "eric.enns@phac-aspc.gc.ca"], "165": ["franklin.bristow@phac-aspc.gc.ca", "thomas.matthews@phac-aspc.gc.ca", "eric.enns@phac-aspc.gc.ca"], "166": ["franklin.bristow@phac-aspc.gc.ca", "thomas.matthews@phac-aspc.gc.ca", "josh.adam@canada.ca"], "167": ["franklin.bristow@phac-aspc.gc.ca", "thomas.matthews@phac-aspc.gc.ca", "peter.kruczkiewicz@canada.ca"], "168": ["franklin.bristow@phac-aspc.gc.ca", "thomas.matthews@phac-aspc.gc.ca"], "169": ["thomas.matthews@canada.ca", "franklin.bristow@phac-aspc.gc.ca", "thomas.matthews@phac-aspc.gc.ca", "aaron.petkau@phac-aspc.gc.ca", "fbristow@hyperion.corefacility.ca", "jcuratcha_@live.com", "josh.adam@phac-aspc.gc.ca"], "170": ["thomas.matthews@phac-aspc.gc.ca", "franklin.bristow@phac-aspc.gc.ca", "aaron.petkau@phac-aspc.gc.ca", "eric.enns@phac-aspc.gc.ca"], "171": ["franklin.bristow@phac-aspc.gc.ca", "thomas.matthews@phac-aspc.gc.ca", "aaron.petkau@phac-aspc.gc.ca", "fbristow@hyperion.corefacility.ca", "jcuratcha_@live.com", "josh.adam@phac-aspc.gc.ca"], "172": ["franklin.bristow@phac-aspc.gc.ca"], "173": ["franklin.bristow@phac-aspc.gc.ca", "josh.adam@phac-aspc.gc.ca", "aaron.petkau@phac-aspc.gc.ca"], "174": ["franklin.bristow@phac-aspc.gc.ca", "aaron.petkau@phac-aspc.gc.ca"], "175": ["franklin.bristow@phac-aspc.gc.ca", "joel.thiessen@icloud.com", "aaron.petkau@phac-aspc.gc.ca"], "176": ["thomas.matthews@phac-aspc.gc.ca", "franklin.bristow@phac-aspc.gc.ca", "aaron.petkau@phac-aspc.gc.ca", "jcuratcha_@live.com"], "177": ["franklin.bristow@phac-aspc.gc.ca"], "178": ["thomas.matthews@canada.ca", "franklin.bristow@phac-aspc.gc.ca", "eric.enns@phac-aspc.gc.ca"], "179": ["aaron.petkau@phac-aspc.gc.ca"], "180": ["aaron.petkau@phac-aspc.gc.ca"], "181": ["thomas.matthews@phac-aspc.gc.ca", "aaron.petkau@phac-aspc.gc.ca"], "182": ["aaron.petkau@phac-aspc.gc.ca"], "183": ["aaron.petkau@phac-aspc.gc.ca"], "184": ["aaron.petkau@phac-aspc.gc.ca"], "185": ["franklin.bristow@phac-aspc.gc.ca", "thomas.matthews@phac-aspc.gc.ca"], "186": ["thomas.matthews@phac-aspc.gc.ca", "aaron.petkau@phac-aspc.gc.ca"], "187": ["thomas.matthews@phac-aspc.gc.ca", "aaron.petkau@phac-aspc.gc.ca"], "188": ["thomas.matthews@phac-aspc.gc.ca", "franklin.bristow@phac-aspc.gc.ca", "aaron.petkau@phac-aspc.gc.ca"], "189": ["thomas.matthews@phac-aspc.gc.ca", "franklin.bristow@phac-aspc.gc.ca", "aaron.petkau@phac-aspc.gc.ca"], "190": ["thomas.matthews@canada.ca", "franklin.bristow@phac-aspc.gc.ca", "aaron.petkau@canada.ca", "aaron.petkau@phac-aspc.gc.ca"], "191": ["thomas.matthews@phac-aspc.gc.ca"], "192": ["thomas.matthews@phac-aspc.gc.ca"], "193": ["thomas.matthews@phac-aspc.gc.ca"], "194": ["thomas.matthews@phac-aspc.gc.ca"], "195": ["thomas.matthews@phac-aspc.gc.ca"], "20": ["franklin.bristow@phac-aspc.gc.ca", "josh.adam@phac-aspc.gc.ca", "thomas.matthews@phac-aspc.gc.ca", "eric.enns@phac-aspc.gc.ca"], "196": ["franklin.bristow@phac-aspc.gc.ca", "josh.adam@phac-aspc.gc.ca", "thomas.matthews@phac-aspc.gc.ca"], "197": ["franklin.bristow@phac-aspc.gc.ca", "josh.adam@phac-aspc.gc.ca", "thomas.matthews@phac-aspc.gc.ca"], "198": ["thomas.matthews@phac-aspc.gc.ca", "franklin.bristow@phac-aspc.gc.ca", "josh.adam@phac-aspc.gc.ca", "aaron.petkau@phac-aspc.gc.ca"], "199": ["thomas.matthews@canada.ca", "franklin.bristow@phac-aspc.gc.ca", "thomas.matthews@phac-aspc.gc.ca", "aaron.petkau@phac-aspc.gc.ca", "jcuratcha_@live.com", "josh.adam@phac-aspc.gc.ca"], "200": ["thomas.matthews@phac-aspc.gc.ca", "franklin.bristow@phac-aspc.gc.ca", "aaron.petkau@canada.ca", "aaron.petkau@phac-aspc.gc.ca"], "201": ["thomas.matthews@phac-aspc.gc.ca", "franklin.bristow@phac-aspc.gc.ca", "aaron.petkau@phac-aspc.gc.ca"], "202": ["thomas.matthews@phac-aspc.gc.ca", "aaron.petkau@phac-aspc.gc.ca"], "203": ["franklin.bristow@phac-aspc.gc.ca", "joel.thiessen@icloud.com", "aaron.petkau@canada.ca", "thomas.matthews@phac-aspc.gc.ca", "aaron.petkau@phac-aspc.gc.ca", "jcuratcha_@live.com"], "204": ["thomas.matthews@phac-aspc.gc.ca", "aaron.petkau@phac-aspc.gc.ca"], "205": ["franklin.bristow@phac-aspc.gc.ca", "josh.adam@phac-aspc.gc.ca", "thomas.matthews@phac-aspc.gc.ca"], "206": ["thomas.matthews@phac-aspc.gc.ca"], "207": ["thomas.matthews@phac-aspc.gc.ca"], "208": ["thomas.matthews@canada.ca", "aaron.petkau@canada.ca", "thomas.matthews@phac-aspc.gc.ca", "eric.enns@phac-aspc.gc.ca"], "48": ["franklin.bristow@phac-aspc.gc.ca", "thomas.matthews@phac-aspc.gc.ca", "eric.enns@phac-aspc.gc.ca"], "209": ["thomas.matthews@phac-aspc.gc.ca"], "210": ["franklin.bristow@phac-aspc.gc.ca", "thomas.matthews@phac-aspc.gc.ca"], "211": ["franklin.bristow@phac-aspc.gc.ca", "thomas.matthews@phac-aspc.gc.ca"], "52": ["franklin.bristow@phac-aspc.gc.ca", "thomas.matthews@phac-aspc.gc.ca", "eric.enns@phac-aspc.gc.ca"], "212": ["franklin.bristow@phac-aspc.gc.ca", "thomas.matthews@phac-aspc.gc.ca"], "213": ["thomas.matthews@phac-aspc.gc.ca"], "214": ["franklin.bristow@phac-aspc.gc.ca", "thomas.matthews@phac-aspc.gc.ca"], "215": ["thomas.matthews@phac-aspc.gc.ca"], "216": ["josh.adam@phac-aspc.gc.ca", "thomas.matthews@phac-aspc.gc.ca", "jcuratcha_@live.com", "eric.enns@phac-aspc.gc.ca"], "217": ["josh.adam@canada.ca", "thomas.matthews@canada.ca", "franklin.bristow@phac-aspc.gc.ca", "joel.thiessen@icloud.com", "thomas.matthews@phac-aspc.gc.ca", "eric.enns@phac-aspc.gc.ca", "josh.s.adam@gmail.com", "josh.adam@phac-aspc.gc.ca"], "218": ["franklin.bristow@phac-aspc.gc.ca"], "219": ["franklin.bristow@phac-aspc.gc.ca"], "220": ["franklin.bristow@phac-aspc.gc.ca", "joel.thiessen@icloud.com", "aaron.petkau@canada.ca", "thomas.matthews@phac-aspc.gc.ca", "aaron.petkau@phac-aspc.gc.ca", "dfornika@gmail.com", "jcuratcha_@live.com"], "221": ["franklin.bristow@phac-aspc.gc.ca", "joel.thiessen@icloud.com", "aaron.petkau@phac-aspc.gc.ca"], "222": ["franklin.bristow@phac-aspc.gc.ca"], "223": ["franklin.bristow@phac-aspc.gc.ca", "thomas.matthews@phac-aspc.gc.ca"], "224": ["thomas.matthews@phac-aspc.gc.ca"], "225": ["thomas.matthews@phac-aspc.gc.ca"], "391": ["franklin.bristow@phac-aspc.gc.ca", "thomas.matthews@phac-aspc.gc.ca"], "227": ["franklin.bristow@phac-aspc.gc.ca", "josh.adam@phac-aspc.gc.ca", "thomas.matthews@phac-aspc.gc.ca"], "228": ["josh.adam@canada.ca", "franklin.bristow@phac-aspc.gc.ca", "joel.thiessen@icloud.com", "thomas.matthews@phac-aspc.gc.ca", "aaron.petkau@phac-aspc.gc.ca", "josh.adam@phac-aspc.gc.ca"], "229": ["josh.adam@phac-aspc.gc.ca"], "230": ["josh.adam@canada.ca", "franklin.bristow@phac-aspc.gc.ca", "joel.thiessen@icloud.com", "thomas.matthews@phac-aspc.gc.ca", "josh.adam@phac-aspc.gc.ca"], "231": ["thomas.matthews@phac-aspc.gc.ca"], "232": ["thomas.matthews@phac-aspc.gc.ca"], "233": ["franklin.bristow@phac-aspc.gc.ca", "thomas.matthews@phac-aspc.gc.ca"], "234": ["peter.kruczkiewicz@canada.ca", "franklin.bristow@phac-aspc.gc.ca", "thomas.matthews@phac-aspc.gc.ca", "aaron.petkau@phac-aspc.gc.ca", "jcuratcha_@live.com"], "235": ["thomas.matthews@phac-aspc.gc.ca"], "236": ["peter.kruczkiewicz@canada.ca", "franklin.bristow@phac-aspc.gc.ca", "thomas.matthews@phac-aspc.gc.ca", "aaron.petkau@phac-aspc.gc.ca", "jcuratcha_@live.com"], "237": ["thomas.matthews@phac-aspc.gc.ca"], "238": ["thomas.matthews@phac-aspc.gc.ca"], "239": ["thomas.matthews@phac-aspc.gc.ca", "franklin.bristow@phac-aspc.gc.ca", "aaron.petkau@phac-aspc.gc.ca"], "240": ["peter.kruczkiewicz@canada.ca", "thomas.matthews@canada.ca", "franklin.bristow@phac-aspc.gc.ca", "thomas.matthews@phac-aspc.gc.ca", "aaron.petkau@phac-aspc.gc.ca", "eric.enns@phac-aspc.gc.ca", "jcuratcha_@live.com"], "241": ["thomas.matthews@phac-aspc.gc.ca"], "242": ["franklin.bristow@phac-aspc.gc.ca", "thomas.matthews@phac-aspc.gc.ca"], "243": ["franklin.bristow@phac-aspc.gc.ca", "thomas.matthews@phac-aspc.gc.ca"], "244": ["franklin.bristow@phac-aspc.gc.ca", "thomas.matthews@phac-aspc.gc.ca"], "245": ["franklin.bristow@phac-aspc.gc.ca"], "246": ["franklin.bristow@phac-aspc.gc.ca"], "247": ["franklin.bristow@phac-aspc.gc.ca"], "248": ["franklin.bristow@phac-aspc.gc.ca"], "249": ["franklin.bristow@phac-aspc.gc.ca"], "250": ["franklin.bristow@phac-aspc.gc.ca"], "59": ["josh.adam@canada.ca", "thomas.matthews@canada.ca", "franklin.bristow@phac-aspc.gc.ca", "joel.thiessen@icloud.com", "thomas.matthews@phac-aspc.gc.ca", "eric.enns@phac-aspc.gc.ca"], "251": ["thomas.matthews@phac-aspc.gc.ca"], "252": ["franklin.bristow@phac-aspc.gc.ca", "thomas.matthews@phac-aspc.gc.ca", "josh.adam@canada.ca"], "253": ["josh.adam@canada.ca", "thomas.matthews@canada.ca", "franklin.bristow@phac-aspc.gc.ca", "thomas.matthews@phac-aspc.gc.ca", "eric.enns@phac-aspc.gc.ca"], "254": ["josh.adam@canada.ca", "peter.kruczkiewicz@canada.ca", "franklin.bristow@phac-aspc.gc.ca", "thomas.matthews@phac-aspc.gc.ca", "jcuratcha_@live.com", "josh.adam@phac-aspc.gc.ca"], "255": ["josh.adam@canada.ca", "peter.kruczkiewicz@canada.ca", "franklin.bristow@phac-aspc.gc.ca", "thomas.matthews@phac-aspc.gc.ca", "sukhdeep.sidhu@phac-aspc.gc.ca", "josh.s.adam@gmail.com", "josh.adam@phac-aspc.gc.ca"], "256": ["thomas.matthews@phac-aspc.gc.ca", "aaron.petkau@phac-aspc.gc.ca"], "257": ["thomas.matthews@phac-aspc.gc.ca"], "258": ["thomas.matthews@phac-aspc.gc.ca", "aaron.petkau@phac-aspc.gc.ca"], "259": ["thomas.matthews@phac-aspc.gc.ca", "franklin.bristow@phac-aspc.gc.ca", "aaron.petkau@phac-aspc.gc.ca"], "260": ["franklin.bristow@phac-aspc.gc.ca", "thomas.matthews@phac-aspc.gc.ca"], "261": ["thomas.matthews@phac-aspc.gc.ca", "aaron.petkau@phac-aspc.gc.ca"], "262": ["thomas.matthews@phac-aspc.gc.ca", "aaron.petkau@phac-aspc.gc.ca"], "263": ["thomas.matthews@phac-aspc.gc.ca", "franklin.bristow@phac-aspc.gc.ca", "aaron.petkau@phac-aspc.gc.ca", "jcuratcha_@live.com"], "264": ["thomas.matthews@phac-aspc.gc.ca", "franklin.bristow@phac-aspc.gc.ca", "aaron.petkau@phac-aspc.gc.ca"], "265": ["thomas.matthews@phac-aspc.gc.ca", "aaron.petkau@phac-aspc.gc.ca"], "266": ["thomas.matthews@canada.ca", "franklin.bristow@phac-aspc.gc.ca", "thomas.matthews@phac-aspc.gc.ca", "aaron.petkau@phac-aspc.gc.ca", "jcuratcha_@live.com"], "267": ["josh.adam@phac-aspc.gc.ca", "thomas.matthews@phac-aspc.gc.ca", "jcuratcha_@live.com"], "268": ["josh.adam@phac-aspc.gc.ca"], "270": ["josh.adam@canada.ca", "franklin.bristow@phac-aspc.gc.ca", "joel.thiessen@icloud.com", "thomas.matthews@phac-aspc.gc.ca", "aaron.petkau@phac-aspc.gc.ca", "eric.enns@phac-aspc.gc.ca", "sukhdeep.sidhu@phac-aspc.gc.ca", "josh.adam@phac-aspc.gc.ca"], "271": ["josh.adam@canada.ca", "peter.kruczkiewicz@canada.ca", "franklin.bristow@phac-aspc.gc.ca", "joel.thiessen@icloud.com", "thomas.matthews@phac-aspc.gc.ca", "aaron.petkau@phac-aspc.gc.ca", "sukhdeep.sidhu@phac-aspc.gc.ca", "josh.adam@phac-aspc.gc.ca"], "272": ["thomas.matthews@phac-aspc.gc.ca", "aaron.petkau@phac-aspc.gc.ca"], "47": ["thomas.matthews@canada.ca", "franklin.bristow@phac-aspc.gc.ca", "thomas.matthews@phac-aspc.gc.ca", "eric.enns@phac-aspc.gc.ca"], "273": ["noreply@github.com", "franklin.bristow@phac-aspc.gc.ca", "josh.adam@phac-aspc.gc.ca", "josh.adam@canada.ca"], "274": ["josh.adam@phac-aspc.gc.ca", "josh.adam@canada.ca", "franklin.bristow@phac-aspc.gc.ca", "noreply@github.com", "thomas.matthews@phac-aspc.gc.ca", "fbristow@gmail.com"], "275": ["josh.adam@phac-aspc.gc.ca"], "276": ["josh.adam@phac-aspc.gc.ca", "thomas.matthews@phac-aspc.gc.ca", "josh.adam@canada.ca"], "277": ["franklin.bristow@phac-aspc.gc.ca", "josh.adam@phac-aspc.gc.ca", "thomas.matthews@phac-aspc.gc.ca", "josh.adam@canada.ca"], "278": ["thomas.matthews@canada.ca", "franklin.bristow@phac-aspc.gc.ca", "tmatthews@hamlin.cscscience.ca", "thomas.matthews@phac-aspc.gc.ca", "eric.enns@phac-aspc.gc.ca"], "38": ["franklin.bristow@phac-aspc.gc.ca", "thomas.matthews@phac-aspc.gc.ca", "eric.enns@phac-aspc.gc.ca"], "279": ["franklin.bristow@phac-aspc.gc.ca", "thomas.matthews@phac-aspc.gc.ca", "eric.enns@phac-aspc.gc.ca"], "280": ["franklin.bristow@phac-aspc.gc.ca", "aaron.petkau@canada.ca", "thomas.matthews@phac-aspc.gc.ca"], "15": ["peter.kruczkiewicz@canada.ca", "franklin.bristow@phac-aspc.gc.ca", "aaron.petkau@canada.ca", "thomas.matthews@phac-aspc.gc.ca", "aaron.petkau@phac-aspc.gc.ca", "eric.enns@phac-aspc.gc.ca"], "46": ["thomas.matthews@canada.ca", "franklin.bristow@phac-aspc.gc.ca", "aaron.petkau@canada.ca", "thomas.matthews@phac-aspc.gc.ca", "eric.enns@phac-aspc.gc.ca"], "281": ["franklin.bristow@phac-aspc.gc.ca", "fbristow@hyperion.corefacility.ca", "thomas.matthews@phac-aspc.gc.ca", "aaron.petkau@phac-aspc.gc.ca"], "282": ["franklin.bristow@phac-aspc.gc.ca", "fbristow@hyperion.corefacility.ca", "thomas.matthews@phac-aspc.gc.ca"], "283": ["thomas.matthews@canada.ca", "franklin.bristow@phac-aspc.gc.ca", "fbristow@hyperion.corefacility.ca", "thomas.matthews@phac-aspc.gc.ca"], "284": ["josh.adam@canada.ca", "peter.kruczkiewicz@canada.ca", "thomas.matthews@canada.ca", "franklin.bristow@phac-aspc.gc.ca", "thomas.matthews@phac-aspc.gc.ca", "eric.enns@phac-aspc.gc.ca", "josh.adam@phac-aspc.gc.ca"], "285": ["thomas.matthews@phac-aspc.gc.ca"], "286": ["josh.adam@canada.ca", "thomas.matthews@canada.ca", "franklin.bristow@phac-aspc.gc.ca", "thomas.matthews@phac-aspc.gc.ca", "eric.enns@phac-aspc.gc.ca", "josh.adam@phac-aspc.gc.ca"], "287": ["josh.adam@canada.ca", "franklin.bristow@phac-aspc.gc.ca", "thomas.matthews@phac-aspc.gc.ca", "sukhdeep.sidhu@phac-aspc.gc.ca", "josh.s.adam@gmail.com", "josh.adam@phac-aspc.gc.ca"], "288": ["thomas.matthews@canada.ca", "josh.adam@phac-aspc.gc.ca", "thomas.matthews@phac-aspc.gc.ca"], "289": ["thomas.matthews@canada.ca", "franklin.bristow@phac-aspc.gc.ca", "josh.adam@phac-aspc.gc.ca", "thomas.matthews@phac-aspc.gc.ca"], "290": ["josh.adam@phac-aspc.gc.ca", "thomas.matthews@phac-aspc.gc.ca", "sukhdeep.sidhu@phac-aspc.gc.ca"], "291": ["josh.adam@phac-aspc.gc.ca", "thomas.matthews@phac-aspc.gc.ca", "peter.kruczkiewicz@canada.ca"], "292": ["franklin.bristow@phac-aspc.gc.ca", "josh.adam@phac-aspc.gc.ca", "thomas.matthews@phac-aspc.gc.ca", "peter.kruczkiewicz@canada.ca"], "293": ["josh.adam@phac-aspc.gc.ca", "thomas.matthews@phac-aspc.gc.ca", "peter.kruczkiewicz@canada.ca"], "294": ["franklin.bristow@phac-aspc.gc.ca", "josh.adam@phac-aspc.gc.ca", "thomas.matthews@phac-aspc.gc.ca", "peter.kruczkiewicz@canada.ca"], "295": ["josh.adam@canada.ca", "franklin.bristow@phac-aspc.gc.ca", "aaron.petkau@canada.ca", "thomas.matthews@phac-aspc.gc.ca", "sukhdeep.sidhu@phac-aspc.gc.ca", "josh.s.adam@gmail.com", "josh.adam@phac-aspc.gc.ca"], "296": ["josh.adam@canada.ca", "peter.kruczkiewicz@canada.ca", "franklin.bristow@phac-aspc.gc.ca", "thomas.matthews@phac-aspc.gc.ca", "sukhdeep.sidhu@phac-aspc.gc.ca", "josh.adam@phac-aspc.gc.ca"], "297": ["franklin.bristow@phac-aspc.gc.ca", "josh.adam@phac-aspc.gc.ca", "thomas.matthews@phac-aspc.gc.ca"], "298": ["franklin.bristow@phac-aspc.gc.ca", "josh.adam@phac-aspc.gc.ca", "thomas.matthews@phac-aspc.gc.ca"], "299": ["peter.kruczkiewicz@canada.ca", "franklin.bristow@phac-aspc.gc.ca", "thomas.matthews@phac-aspc.gc.ca", "aaron.petkau@phac-aspc.gc.ca", "josh.adam@phac-aspc.gc.ca"], "300": ["franklin.bristow@phac-aspc.gc.ca", "josh.adam@phac-aspc.gc.ca", "thomas.matthews@phac-aspc.gc.ca"], "301": ["franklin.bristow@phac-aspc.gc.ca", "josh.adam@phac-aspc.gc.ca", "thomas.matthews@phac-aspc.gc.ca", "peter.kruczkiewicz@canada.ca"], "302": ["franklin.bristow@phac-aspc.gc.ca", "josh.adam@phac-aspc.gc.ca", "thomas.matthews@phac-aspc.gc.ca"], "303": ["josh.adam@phac-aspc.gc.ca", "josh.adam@canada.ca", "peter.kruczkiewicz@canada.ca", "franklin.bristow@phac-aspc.gc.ca", "thomas.matthews@phac-aspc.gc.ca", "fbristow@gmail.com"], "304": ["josh.adam@canada.ca", "franklin.bristow@phac-aspc.gc.ca", "aaron.petkau@canada.ca", "thomas.matthews@phac-aspc.gc.ca", "eric.enns@phac-aspc.gc.ca", "sukhdeep.sidhu@phac-aspc.gc.ca"], "305": ["thomas.matthews@canada.ca", "franklin.bristow@phac-aspc.gc.ca", "sukhdeep.sidhu@phac-aspc.gc.ca", "thomas.matthews@phac-aspc.gc.ca"], "306": ["thomas.matthews@canada.ca", "franklin.bristow@phac-aspc.gc.ca", "sukhdeep.sidhu@phac-aspc.gc.ca", "thomas.matthews@phac-aspc.gc.ca"], "307": ["josh.adam@phac-aspc.gc.ca"], "308": ["franklin.bristow@phac-aspc.gc.ca", "thomas.matthews@phac-aspc.gc.ca"], "309": ["josh.adam@canada.ca", "thomas.matthews@canada.ca", "franklin.bristow@phac-aspc.gc.ca", "aaron.petkau@canada.ca", "thomas.matthews@phac-aspc.gc.ca", "josh.adam@phac-aspc.gc.ca"], "310": ["josh.adam@canada.ca", "thomas.matthews@canada.ca", "franklin.bristow@phac-aspc.gc.ca", "aaron.petkau@canada.ca", "thomas.matthews@phac-aspc.gc.ca", "sukhdeep.sidhu@canada.ca", "dfornika@gmail.com", "josh.adam@phac-aspc.gc.ca"], "311": ["josh.adam@phac-aspc.gc.ca"], "312": ["franklin.bristow@phac-aspc.gc.ca", "thomas.matthews@phac-aspc.gc.ca"], "313": ["franklin.bristow@phac-aspc.gc.ca", "thomas.matthews@phac-aspc.gc.ca", "eric.enns@phac-aspc.gc.ca"], "314": ["franklin.bristow@phac-aspc.gc.ca", "thomas.matthews@phac-aspc.gc.ca"], "315": ["thomas.matthews@phac-aspc.gc.ca"], "316": ["josh.adam@canada.ca", "thomas.matthews@canada.ca", "franklin.bristow@phac-aspc.gc.ca", "aaron.petkau@canada.ca", "thomas.matthews@phac-aspc.gc.ca", "aaron.petkau@phac-aspc.gc.ca", "jcuratcha_@live.com", "josh.s.adam@gmail.com", "josh.adam@phac-aspc.gc.ca"], "317": ["josh.adam@canada.ca", "thomas.matthews@canada.ca", "franklin.bristow@phac-aspc.gc.ca", "aaron.petkau@canada.ca", "thomas.matthews@phac-aspc.gc.ca", "aaron.petkau@phac-aspc.gc.ca", "jcuratcha_@live.com", "josh.adam@phac-aspc.gc.ca"], "318": ["josh.adam@canada.ca", "franklin.bristow@phac-aspc.gc.ca", "thomas.matthews@phac-aspc.gc.ca", "fbristow@hyperion.corefacility.ca", "josh.adam@phac-aspc.gc.ca"], "319": ["franklin.bristow@phac-aspc.gc.ca", "thomas.matthews@phac-aspc.gc.ca", "fbristow@hyperion.corefacility.ca", "jcuratcha_@live.com", "josh.adam@phac-aspc.gc.ca"], "320": ["josh.adam@canada.ca", "franklin.bristow@phac-aspc.gc.ca", "aaron.petkau@canada.ca", "thomas.matthews@phac-aspc.gc.ca", "josh.adam@phac-aspc.gc.ca"], "321": ["josh.adam@canada.ca", "thomas.matthews@canada.ca", "franklin.bristow@phac-aspc.gc.ca", "thomas.matthews@phac-aspc.gc.ca", "josh.adam@phac-aspc.gc.ca"], "322": ["josh.adam@canada.ca", "thomas.matthews@canada.ca", "franklin.bristow@phac-aspc.gc.ca", "thomas.matthews@phac-aspc.gc.ca", "josh.adam@phac-aspc.gc.ca"], "323": ["franklin.bristow@phac-aspc.gc.ca", "thomas.matthews@phac-aspc.gc.ca"], "324": ["josh.adam@phac-aspc.gc.ca"], "325": ["franklin.bristow@phac-aspc.gc.ca", "thomas.matthews@phac-aspc.gc.ca", "josh.adam@canada.ca", "eric.enns@phac-aspc.gc.ca"], "326": ["josh.adam@phac-aspc.gc.ca"], "327": ["thomas.matthews@phac-aspc.gc.ca"], "328": ["josh.adam@canada.ca", "thomas.matthews@canada.ca", "joel.thiessen@icloud.com", "thomas.matthews@phac-aspc.gc.ca", "eric.enns@phac-aspc.gc.ca"], "329": ["aaron.petkau@canada.ca", "aaron.petkau@phac-aspc.gc.ca"], "330": ["aaron.petkau@phac-aspc.gc.ca"], "331": ["josh.adam@phac-aspc.gc.ca", "thomas.matthews@phac-aspc.gc.ca", "josh.adam@canada.ca"], "332": ["franklin.bristow@phac-aspc.gc.ca", "josh.adam@phac-aspc.gc.ca"], "333": ["thomas.matthews@phac-aspc.gc.ca"], "334": ["josh.adam@canada.ca", "thomas.matthews@canada.ca", "franklin.bristow@phac-aspc.gc.ca", "joel.thiessen@icloud.com", "thomas.matthews@phac-aspc.gc.ca", "eric.enns@phac-aspc.gc.ca", "sukhdeep.sidhu@canada.ca"], "335": ["josh.adam@canada.ca", "thomas.matthews@canada.ca", "franklin.bristow@phac-aspc.gc.ca", "thomas.matthews@phac-aspc.gc.ca", "josh.adam@phac-aspc.gc.ca"], "336": ["franklin.bristow@phac-aspc.gc.ca", "josh.adam@phac-aspc.gc.ca", "thomas.matthews@phac-aspc.gc.ca", "josh.adam@canada.ca"], "337": ["josh.adam@canada.ca", "thomas.matthews@canada.ca", "thomas.matthews@phac-aspc.gc.ca", "josh.s.adam@gmail.com", "josh.adam@phac-aspc.gc.ca"], "338": ["josh.adam@phac-aspc.gc.ca", "thomas.matthews@phac-aspc.gc.ca", "josh.adam@canada.ca"], "339": ["thomas.matthews@phac-aspc.gc.ca"], "40": ["franklin.bristow@phac-aspc.gc.ca", "thomas.matthews@phac-aspc.gc.ca", "eric.enns@phac-aspc.gc.ca"], "36": ["franklin.bristow@phac-aspc.gc.ca", "thomas.matthews@phac-aspc.gc.ca", "eric.enns@phac-aspc.gc.ca"], "340": ["franklin.bristow@phac-aspc.gc.ca", "eric.enns@phac-aspc.gc.ca"], "341": ["franklin.bristow@phac-aspc.gc.ca", "thomas.matthews@phac-aspc.gc.ca"], "342": ["franklin.bristow@phac-aspc.gc.ca"], "343": ["franklin.bristow@phac-aspc.gc.ca", "thomas.matthews@phac-aspc.gc.ca"], "344": ["franklin.bristow@phac-aspc.gc.ca", "thomas.matthews@phac-aspc.gc.ca", "eric.enns@phac-aspc.gc.ca"], "345": ["josh.adam@canada.ca", "thomas.matthews@canada.ca", "franklin.bristow@phac-aspc.gc.ca", "thomas.matthews@phac-aspc.gc.ca", "josh.adam@phac-aspc.gc.ca"], "346": ["josh.adam@canada.ca", "thomas.matthews@canada.ca", "joel.thiessen@icloud.com", "thomas.matthews@phac-aspc.gc.ca", "josh.adam@phac-aspc.gc.ca"], "347": ["thomas.matthews@canada.ca", "franklin.bristow@phac-aspc.gc.ca", "thomas.matthews@phac-aspc.gc.ca", "aaron.petkau@phac-aspc.gc.ca"], "348": ["josh.adam@canada.ca", "peter.kruczkiewicz@canada.ca", "thomas.matthews@canada.ca", "franklin.bristow@phac-aspc.gc.ca", "aaron.petkau@canada.ca", "thomas.matthews@phac-aspc.gc.ca", "aaron.petkau@phac-aspc.gc.ca", "sukhdeep.sidhu@phac-aspc.gc.ca", "dfornika@gmail.com", "jcuratcha_@live.com", "josh.adam@phac-aspc.gc.ca"], "349": ["franklin.bristow@phac-aspc.gc.ca", "josh.adam@phac-aspc.gc.ca", "thomas.matthews@phac-aspc.gc.ca"], "350": ["franklin.bristow@phac-aspc.gc.ca", "josh.adam@phac-aspc.gc.ca", "thomas.matthews@phac-aspc.gc.ca"], "351": ["franklin.bristow@phac-aspc.gc.ca", "thomas.matthews@phac-aspc.gc.ca"], "352": ["franklin.bristow@phac-aspc.gc.ca", "thomas.matthews@phac-aspc.gc.ca"], "353": ["thomas.matthews@canada.ca", "franklin.bristow@phac-aspc.gc.ca", "thomas.matthews@phac-aspc.gc.ca", "aaron.petkau@phac-aspc.gc.ca", "jcuratcha_@live.com"], "354": ["franklin.bristow@phac-aspc.gc.ca", "thomas.matthews@phac-aspc.gc.ca", "aaron.petkau@phac-aspc.gc.ca"], "16": ["franklin.bristow@phac-aspc.gc.ca", "thomas.matthews@phac-aspc.gc.ca", "aaron.petkau@phac-aspc.gc.ca", "eric.enns@phac-aspc.gc.ca", "sukhdeep.sidhu@canada.ca"], "355": ["thomas.matthews@canada.ca", "franklin.bristow@phac-aspc.gc.ca", "aaron.petkau@canada.ca", "thomas.matthews@phac-aspc.gc.ca", "aaron.petkau@phac-aspc.gc.ca", "jcuratcha_@live.com"], "356": ["franklin.bristow@phac-aspc.gc.ca", "eric.enns@phac-aspc.gc.ca"], "357": ["franklin.bristow@phac-aspc.gc.ca", "eric.enns@phac-aspc.gc.ca"], "358": ["thomas.matthews@canada.ca", "franklin.bristow@phac-aspc.gc.ca", "aaron.petkau@canada.ca", "thomas.matthews@phac-aspc.gc.ca", "aaron.petkau@phac-aspc.gc.ca", "fbristow@hyperion.corefacility.ca"], "21": ["peter.kruczkiewicz@canada.ca", "thomas.matthews@canada.ca", "franklin.bristow@phac-aspc.gc.ca", "thomas.matthews@phac-aspc.gc.ca", "aaron.petkau@phac-aspc.gc.ca", "sukhdeep.sidhu@phac-aspc.gc.ca", "jcuratcha_@live.com"], "359": ["thomas.matthews@phac-aspc.gc.ca", "aaron.petkau@phac-aspc.gc.ca"], "360": ["thomas.matthews@phac-aspc.gc.ca", "aaron.petkau@phac-aspc.gc.ca"], "361": ["thomas.matthews@phac-aspc.gc.ca", "aaron.petkau@canada.ca", "aaron.petkau@phac-aspc.gc.ca", "josh.adam@canada.ca"], "362": ["franklin.bristow@phac-aspc.gc.ca", "thomas.matthews@phac-aspc.gc.ca"], "363": ["franklin.bristow@phac-aspc.gc.ca"], "364": ["thomas.matthews@phac-aspc.gc.ca", "franklin.bristow@phac-aspc.gc.ca", "aaron.petkau@phac-aspc.gc.ca"], "365": ["aaron.petkau@phac-aspc.gc.ca"], "366": ["josh.adam@canada.ca", "franklin.bristow@phac-aspc.gc.ca", "aaron.petkau@canada.ca", "thomas.matthews@phac-aspc.gc.ca", "aaron.petkau@phac-aspc.gc.ca"], "367": ["aaron.petkau@phac-aspc.gc.ca"], "368": ["aaron.petkau@phac-aspc.gc.ca"], "369": ["aaron.petkau@canada.ca", "aaron.petkau@phac-aspc.gc.ca"], "370": ["franklin.bristow@phac-aspc.gc.ca", "aaron.petkau@canada.ca", "thomas.matthews@phac-aspc.gc.ca", "aaron.petkau@phac-aspc.gc.ca", "jcuratcha_@live.com", "josh.adam@phac-aspc.gc.ca"], "371": ["thomas.matthews@phac-aspc.gc.ca", "franklin.bristow@phac-aspc.gc.ca", "aaron.petkau@phac-aspc.gc.ca"], "372": ["thomas.matthews@canada.ca", "franklin.bristow@phac-aspc.gc.ca", "aaron.petkau@canada.ca", "thomas.matthews@phac-aspc.gc.ca", "aaron.petkau@phac-aspc.gc.ca", "josh.adam@phac-aspc.gc.ca"], "373": ["josh.s.adam@gmail.com", "josh.adam@phac-aspc.gc.ca", "thomas.matthews@phac-aspc.gc.ca", "josh.adam@canada.ca"], "374": ["aaron.petkau@phac-aspc.gc.ca"], "375": ["aaron.petkau@phac-aspc.gc.ca"], "376": ["josh.adam@phac-aspc.gc.ca"], "377": ["josh.s.adam@gmail.com", "franklin.bristow@phac-aspc.gc.ca", "josh.adam@phac-aspc.gc.ca", "thomas.matthews@phac-aspc.gc.ca"], "378": ["thomas.matthews@phac-aspc.gc.ca"], "379": ["thomas.matthews@canada.ca", "thomas.matthews@phac-aspc.gc.ca"], "380": ["thomas.matthews@phac-aspc.gc.ca"], "381": ["aaron.petkau@phac-aspc.gc.ca"], "382": ["thomas.matthews@canada.ca", "franklin.bristow@phac-aspc.gc.ca", "thomas.matthews@phac-aspc.gc.ca", "aaron.petkau@phac-aspc.gc.ca", "jcuratcha_@live.com"], "383": ["josh.adam@phac-aspc.gc.ca", "thomas.matthews@phac-aspc.gc.ca"], "384": ["josh.adam@phac-aspc.gc.ca"], "385": ["franklin.bristow@phac-aspc.gc.ca", "josh.adam@phac-aspc.gc.ca"], "386": ["aaron.petkau@phac-aspc.gc.ca"], "387": ["franklin.bristow@phac-aspc.gc.ca", "aaron.petkau@phac-aspc.gc.ca"], "388": ["peter.kruczkiewicz@canada.ca", "franklin.bristow@phac-aspc.gc.ca", "joel.thiessen@icloud.com", "aaron.petkau@phac-aspc.gc.ca", "thomas.matthews@phac-aspc.gc.ca", "dfornika@gmail.com"], "389": ["aaron.petkau@phac-aspc.gc.ca"], "390": ["josh.adam@canada.ca", "peter.kruczkiewicz@canada.ca", "thomas.matthews@canada.ca", "franklin.bristow@phac-aspc.gc.ca", "thomas.matthews@phac-aspc.gc.ca", "aaron.petkau@phac-aspc.gc.ca", "sukhdeep.sidhu@canada.ca"], "392": ["josh.s.adam@gmail.com", "thomas.matthews@phac-aspc.gc.ca", "josh.adam@canada.ca"], "393": ["thomas.matthews@canada.ca", "franklin.bristow@phac-aspc.gc.ca", "thomas.matthews@phac-aspc.gc.ca", "aaron.petkau@phac-aspc.gc.ca", "eric.enns@phac-aspc.gc.ca", "jcuratcha_@live.com"], "394": ["aaron.petkau@phac-aspc.gc.ca"], "395": ["thomas.matthews@phac-aspc.gc.ca"], "396": ["franklin.bristow@phac-aspc.gc.ca", "thomas.matthews@phac-aspc.gc.ca"], "397": ["thomas.matthews@canada.ca", "franklin.bristow@phac-aspc.gc.ca", "aaron.petkau@phac-aspc.gc.ca", "jcuratcha_@live.com"], "398": ["franklin.bristow@phac-aspc.gc.ca", "thomas.matthews@phac-aspc.gc.ca", "josh.adam@canada.ca"], "399": ["josh.s.adam@gmail.com", "josh.adam@phac-aspc.gc.ca", "thomas.matthews@phac-aspc.gc.ca", "josh.adam@canada.ca"], "400": ["franklin.bristow@phac-aspc.gc.ca", "josh.adam@phac-aspc.gc.ca", "thomas.matthews@phac-aspc.gc.ca", "josh.adam@canada.ca"], "401": ["josh.adam@canada.ca", "franklin.bristow@phac-aspc.gc.ca", "thomas.matthews@phac-aspc.gc.ca", "eric.enns@phac-aspc.gc.ca", "josh.s.adam@gmail.com", "josh.adam@phac-aspc.gc.ca"], "402": ["franklin.bristow@phac-aspc.gc.ca", "josh.adam@phac-aspc.gc.ca", "thomas.matthews@phac-aspc.gc.ca"], "403": ["josh.adam@canada.ca", "thomas.matthews@canada.ca", "franklin.bristow@phac-aspc.gc.ca", "thomas.matthews@phac-aspc.gc.ca", "josh.adam@phac-aspc.gc.ca"], "404": ["josh.adam@canada.ca", "thomas.matthews@canada.ca", "franklin.bristow@phac-aspc.gc.ca", "thomas.matthews@phac-aspc.gc.ca", "eric.enns@phac-aspc.gc.ca", "josh.adam@phac-aspc.gc.ca"], "405": ["thomas.matthews@canada.ca", "franklin.bristow@phac-aspc.gc.ca", "aaron.petkau@canada.ca", "thomas.matthews@phac-aspc.gc.ca", "aaron.petkau@phac-aspc.gc.ca", "josh.adam@phac-aspc.gc.ca"], "406": ["thomas.matthews@phac-aspc.gc.ca"], "407": ["aaron.petkau@phac-aspc.gc.ca"], "408": ["josh.adam@canada.ca", "franklin.bristow@phac-aspc.gc.ca", "thomas.matthews@phac-aspc.gc.ca", "aaron.petkau@phac-aspc.gc.ca", "josh.s.adam@gmail.com", "josh.adam@phac-aspc.gc.ca"], "409": ["josh.adam@canada.ca", "franklin.bristow@phac-aspc.gc.ca", "thomas.matthews@phac-aspc.gc.ca", "aaron.petkau@phac-aspc.gc.ca", "josh.s.adam@gmail.com", "josh.adam@phac-aspc.gc.ca"], "410": ["thomas.matthews@phac-aspc.gc.ca", "aaron.petkau@phac-aspc.gc.ca", "josh.adam@canada.ca"], "411": ["josh.adam@canada.ca", "peter.kruczkiewicz@canada.ca", "thomas.matthews@canada.ca", "franklin.bristow@phac-aspc.gc.ca", "aaron.petkau@canada.ca", "thomas.matthews@phac-aspc.gc.ca", "aaron.petkau@phac-aspc.gc.ca", "sukhdeep.sidhu@phac-aspc.gc.ca", "sukhdeep.sidhu@canada.ca", "jcuratcha_@live.com"], "412": ["josh.adam@canada.ca", "peter.kruczkiewicz@canada.ca", "thomas.matthews@canada.ca", "franklin.bristow@phac-aspc.gc.ca", "aaron.petkau@canada.ca", "thomas.matthews@phac-aspc.gc.ca", "aaron.petkau@phac-aspc.gc.ca", "eric.enns@phac-aspc.gc.ca", "sukhdeep.sidhu@phac-aspc.gc.ca", "sukhdeep.sidhu@canada.ca", "jcuratcha_@live.com"], "413": ["josh.adam@canada.ca", "peter.kruczkiewicz@canada.ca", "thomas.matthews@canada.ca", "franklin.bristow@phac-aspc.gc.ca", "aaron.petkau@canada.ca", "thomas.matthews@phac-aspc.gc.ca", "aaron.petkau@phac-aspc.gc.ca", "eric.enns@phac-aspc.gc.ca", "josh.adam@phac-aspc.gc.ca"], "414": ["thomas.matthews@phac-aspc.gc.ca", "aaron.petkau@phac-aspc.gc.ca"], "415": ["josh.adam@canada.ca", "peter.kruczkiewicz@canada.ca", "aaron.petkau@canada.ca", "thomas.matthews@phac-aspc.gc.ca", "aaron.petkau@phac-aspc.gc.ca", "sukhdeep.sidhu@phac-aspc.gc.ca"], "416": ["peter.kruczkiewicz@canada.ca", "aaron.petkau@canada.ca", "thomas.matthews@phac-aspc.gc.ca", "aaron.petkau@phac-aspc.gc.ca", "sukhdeep.sidhu@phac-aspc.gc.ca"], "417": ["thomas.matthews@phac-aspc.gc.ca", "franklin.bristow@phac-aspc.gc.ca", "aaron.petkau@phac-aspc.gc.ca", "eric.enns@phac-aspc.gc.ca"], "418": ["peter.kruczkiewicz@canada.ca", "thomas.matthews@canada.ca", "thomas.matthews@phac-aspc.gc.ca", "aaron.petkau@phac-aspc.gc.ca", "eric.enns@phac-aspc.gc.ca", "sukhdeep.sidhu@phac-aspc.gc.ca"], "419": ["josh.adam@canada.ca", "peter.kruczkiewicz@canada.ca", "thomas.matthews@canada.ca", "franklin.bristow@phac-aspc.gc.ca", "joel.thiessen@icloud.com", "aaron.petkau@canada.ca", "thomas.matthews@phac-aspc.gc.ca", "aaron.petkau@phac-aspc.gc.ca", "gopezm@myumanitoba.ca", "sukhdeep.sidhu@phac-aspc.gc.ca", "sukhdeep.sidhu@canada.ca", "dfornika@gmail.com", "josh.adam@phac-aspc.gc.ca"], "420": ["franklin.bristow@phac-aspc.gc.ca", "aaron.petkau@canada.ca", "aaron.petkau@phac-aspc.gc.ca"], "421": ["franklin.bristow@phac-aspc.gc.ca", "joel.thiessen@icloud.com", "aaron.petkau@canada.ca", "thomas.matthews@phac-aspc.gc.ca", "aaron.petkau@phac-aspc.gc.ca", "jcuratcha_@live.com"], "422": ["franklin.bristow@phac-aspc.gc.ca", "thomas.matthews@phac-aspc.gc.ca"], "423": ["thomas.matthews@canada.ca", "josh.adam@phac-aspc.gc.ca", "thomas.matthews@phac-aspc.gc.ca", "josh.adam@canada.ca"], "424": ["josh.adam@phac-aspc.gc.ca"], "425": ["franklin.bristow@phac-aspc.gc.ca", "thomas.matthews@phac-aspc.gc.ca"], "426": ["franklin.bristow@phac-aspc.gc.ca", "thomas.matthews@phac-aspc.gc.ca"], "427": ["franklin.bristow@phac-aspc.gc.ca", "thomas.matthews@phac-aspc.gc.ca"], "428": ["josh.adam@canada.ca", "franklin.bristow@phac-aspc.gc.ca", "thomas.matthews@phac-aspc.gc.ca", "aaron.petkau@phac-aspc.gc.ca", "sukhdeep.sidhu@canada.ca", "josh.adam@phac-aspc.gc.ca"], "429": ["franklin.bristow@phac-aspc.gc.ca", "josh.adam@phac-aspc.gc.ca"], "430": ["josh.adam@canada.ca", "peter.kruczkiewicz@canada.ca", "franklin.bristow@phac-aspc.gc.ca", "aaron.petkau@canada.ca", "thomas.matthews@phac-aspc.gc.ca", "aaron.petkau@phac-aspc.gc.ca", "sukhdeep.sidhu@phac-aspc.gc.ca", "sukhdeep.sidhu@canada.ca", "dfornika@gmail.com", "josh.adam@phac-aspc.gc.ca"], "933": ["sukhdeep.sidhu@canada.ca"], "432": ["josh.adam@canada.ca", "peter.kruczkiewicz@canada.ca", "franklin.bristow@phac-aspc.gc.ca", "joel.thiessen@icloud.com", "aaron.petkau@canada.ca", "thomas.matthews@phac-aspc.gc.ca", "eric.enns@phac-aspc.gc.ca", "josh.s.adam@gmail.com", "josh.adam@phac-aspc.gc.ca"], "433": ["josh.adam@canada.ca", "peter.kruczkiewicz@canada.ca", "franklin.bristow@phac-aspc.gc.ca", "joel.thiessen@icloud.com", "aaron.petkau@canada.ca", "thomas.matthews@phac-aspc.gc.ca", "eric.enns@phac-aspc.gc.ca", "josh.adam@phac-aspc.gc.ca"], "434": ["aaron.petkau@phac-aspc.gc.ca"], "435": ["noreply@github.com", "josh.adam@phac-aspc.gc.ca", "thomas.matthews@phac-aspc.gc.ca", "josh.adam@canada.ca"], "436": ["franklin.bristow@phac-aspc.gc.ca", "josh.adam@phac-aspc.gc.ca", "thomas.matthews@phac-aspc.gc.ca", "josh.adam@canada.ca"], "437": ["josh.adam@canada.ca", "thomas.matthews@canada.ca", "franklin.bristow@phac-aspc.gc.ca", "thomas.matthews@phac-aspc.gc.ca", "josh.adam@phac-aspc.gc.ca"], "438": ["josh.adam@canada.ca", "thomas.matthews@canada.ca", "franklin.bristow@phac-aspc.gc.ca", "thomas.matthews@phac-aspc.gc.ca", "josh.adam@phac-aspc.gc.ca"], "439": ["franklin.bristow@phac-aspc.gc.ca", "joel.thiessen@icloud.com", "aaron.petkau@phac-aspc.gc.ca"], "440": ["thomas.matthews@phac-aspc.gc.ca", "franklin.bristow@phac-aspc.gc.ca", "joel.thiessen@icloud.com", "aaron.petkau@phac-aspc.gc.ca"], "441": ["thomas.matthews@phac-aspc.gc.ca", "franklin.bristow@phac-aspc.gc.ca", "joel.thiessen@icloud.com", "aaron.petkau@phac-aspc.gc.ca"], "442": ["franklin.bristow@phac-aspc.gc.ca", "joel.thiessen@icloud.com", "aaron.petkau@phac-aspc.gc.ca"], "443": ["thomas.matthews@phac-aspc.gc.ca"], "444": ["thomas.matthews@phac-aspc.gc.ca"], "445": ["thomas.matthews@phac-aspc.gc.ca"], "446": ["thomas.matthews@phac-aspc.gc.ca"], "447": ["franklin.bristow@phac-aspc.gc.ca", "thomas.matthews@phac-aspc.gc.ca", "aaron.petkau@phac-aspc.gc.ca", "eric.enns@phac-aspc.gc.ca", "jcuratcha_@live.com"], "448": ["thomas.matthews@phac-aspc.gc.ca"], "449": ["thomas.matthews@phac-aspc.gc.ca"], "450": ["thomas.matthews@phac-aspc.gc.ca"], "451": ["thomas.matthews@phac-aspc.gc.ca"], "452": ["thomas.matthews@phac-aspc.gc.ca"], "453": ["thomas.matthews@phac-aspc.gc.ca"], "454": ["aaron.petkau@phac-aspc.gc.ca"], "455": ["franklin.bristow@phac-aspc.gc.ca", "joel.thiessen@icloud.com", "aaron.petkau@phac-aspc.gc.ca", "eric.enns@phac-aspc.gc.ca"], "456": ["thomas.matthews@phac-aspc.gc.ca"], "457": ["aaron.petkau@canada.ca", "thomas.matthews@phac-aspc.gc.ca", "josh.adam@canada.ca"], "458": ["aaron.petkau@canada.ca", "thomas.matthews@phac-aspc.gc.ca", "josh.adam@canada.ca"], "459": ["aaron.petkau@canada.ca", "thomas.matthews@phac-aspc.gc.ca", "josh.adam@canada.ca"], "460": ["aaron.petkau@canada.ca", "thomas.matthews@phac-aspc.gc.ca", "josh.adam@canada.ca"], "461": ["thomas.matthews@phac-aspc.gc.ca"], "462": ["josh.adam@canada.ca", "peter.kruczkiewicz@canada.ca", "franklin.bristow@phac-aspc.gc.ca", "thomas.matthews@phac-aspc.gc.ca", "eric.enns@phac-aspc.gc.ca", "jcuratcha_@live.com", "josh.s.adam@gmail.com", "josh.adam@phac-aspc.gc.ca"], "463": ["thomas.matthews@canada.ca", "aaron.petkau@canada.ca", "thomas.matthews@phac-aspc.gc.ca"], "464": ["franklin.bristow@phac-aspc.gc.ca", "thomas.matthews@phac-aspc.gc.ca"], "465": ["franklin.bristow@phac-aspc.gc.ca", "thomas.matthews@phac-aspc.gc.ca"], "466": ["franklin.bristow@phac-aspc.gc.ca", "thomas.matthews@phac-aspc.gc.ca"], "467": ["franklin.bristow@phac-aspc.gc.ca", "josh.adam@phac-aspc.gc.ca", "thomas.matthews@phac-aspc.gc.ca", "josh.adam@canada.ca"], "12": ["franklin.bristow@phac-aspc.gc.ca", "thomas.matthews@phac-aspc.gc.ca", "eric.enns@phac-aspc.gc.ca"], "55": ["franklin.bristow@phac-aspc.gc.ca", "thomas.matthews@phac-aspc.gc.ca"], "468": ["franklin.bristow@phac-aspc.gc.ca", "thomas.matthews@phac-aspc.gc.ca"], "57": ["thomas.matthews@phac-aspc.gc.ca"], "469": ["franklin.bristow@phac-aspc.gc.ca", "thomas.matthews@phac-aspc.gc.ca"], "470": ["aaron.petkau@phac-aspc.gc.ca", "dfornika@gmail.com"], "471": ["aaron.petkau@phac-aspc.gc.ca"], "56": ["franklin.bristow@phac-aspc.gc.ca", "thomas.matthews@phac-aspc.gc.ca"], "472": ["thomas.matthews@canada.ca", "thomas.matthews@phac-aspc.gc.ca"], "473": ["franklin.bristow@phac-aspc.gc.ca", "thomas.matthews@phac-aspc.gc.ca"], "474": ["franklin.bristow@phac-aspc.gc.ca", "thomas.matthews@phac-aspc.gc.ca"], "475": ["thomas.matthews@canada.ca", "franklin.bristow@phac-aspc.gc.ca", "thomas.matthews@phac-aspc.gc.ca", "eric.enns@phac-aspc.gc.ca", "jcuratcha_@live.com"], "476": ["aaron.petkau@phac-aspc.gc.ca"], "477": ["aaron.petkau@phac-aspc.gc.ca"], "478": ["aaron.petkau@canada.ca", "aaron.petkau@phac-aspc.gc.ca", "dfornika@gmail.com", "peter.kruczkiewicz@canada.ca"], "479": ["peter.kruczkiewicz@canada.ca", "franklin.bristow@phac-aspc.gc.ca", "aaron.petkau@canada.ca", "aaron.petkau@phac-aspc.gc.ca", "dfornika@gmail.com"], "480": ["thomas.matthews@canada.ca", "aaron.petkau@canada.ca", "aaron.petkau@phac-aspc.gc.ca", "dfornika@gmail.com", "jcuratcha_@live.com"], "481": ["aaron.petkau@phac-aspc.gc.ca"], "482": ["aaron.petkau@phac-aspc.gc.ca"], "483": ["franklin.bristow@phac-aspc.gc.ca", "thomas.matthews@phac-aspc.gc.ca"], "484": ["franklin.bristow@phac-aspc.gc.ca", "thomas.matthews@phac-aspc.gc.ca"], "485": ["thomas.matthews@phac-aspc.gc.ca"], "486": ["franklin.bristow@phac-aspc.gc.ca", "thomas.matthews@phac-aspc.gc.ca"], "487": ["thomas.matthews@phac-aspc.gc.ca", "franklin.bristow@phac-aspc.gc.ca", "aaron.petkau@phac-aspc.gc.ca"], "488": ["thomas.matthews@phac-aspc.gc.ca", "eric.enns@phac-aspc.gc.ca"], "489": ["thomas.matthews@canada.ca", "josh.adam@phac-aspc.gc.ca", "thomas.matthews@phac-aspc.gc.ca", "josh.adam@canada.ca"], "490": ["franklin.bristow@phac-aspc.gc.ca", "thomas.matthews@phac-aspc.gc.ca", "eric.enns@phac-aspc.gc.ca"], "491": ["franklin.bristow@phac-aspc.gc.ca", "thomas.matthews@phac-aspc.gc.ca"], "492": ["thomas.matthews@phac-aspc.gc.ca"], "493": ["aaron.petkau@canada.ca", "aaron.petkau@phac-aspc.gc.ca", "peter.kruczkiewicz@canada.ca"], "494": ["thomas.matthews@canada.ca", "aaron.petkau@canada.ca", "aaron.petkau@phac-aspc.gc.ca", "jcuratcha_@live.com"], "495": ["franklin.bristow@phac-aspc.gc.ca", "josh.adam@phac-aspc.gc.ca", "thomas.matthews@phac-aspc.gc.ca"], "496": ["franklin.bristow@phac-aspc.gc.ca", "josh.adam@phac-aspc.gc.ca"], "497": ["aaron.petkau@phac-aspc.gc.ca"], "498": ["aaron.petkau@canada.ca", "aaron.petkau@phac-aspc.gc.ca"], "499": ["thomas.matthews@phac-aspc.gc.ca", "franklin.bristow@phac-aspc.gc.ca", "aaron.petkau@phac-aspc.gc.ca"], "500": ["franklin.bristow@phac-aspc.gc.ca", "josh.adam@phac-aspc.gc.ca", "thomas.matthews@phac-aspc.gc.ca"], "501": ["josh.adam@phac-aspc.gc.ca", "thomas.matthews@phac-aspc.gc.ca"], "502": ["aaron.petkau@canada.ca", "aaron.petkau@phac-aspc.gc.ca", "dfornika@gmail.com"], "503": ["franklin.bristow@phac-aspc.gc.ca", "aaron.petkau@canada.ca", "thomas.matthews@phac-aspc.gc.ca", "aaron.petkau@phac-aspc.gc.ca", "josh.adam@phac-aspc.gc.ca"], "504": ["franklin.bristow@phac-aspc.gc.ca", "thomas.matthews@phac-aspc.gc.ca"], "505": ["thomas.matthews@phac-aspc.gc.ca", "aaron.petkau@canada.ca", "aaron.petkau@phac-aspc.gc.ca"], "506": ["thomas.matthews@canada.ca", "franklin.bristow@phac-aspc.gc.ca", "aaron.petkau@canada.ca", "thomas.matthews@phac-aspc.gc.ca", "aaron.petkau@phac-aspc.gc.ca", "eric.enns@phac-aspc.gc.ca", "jcuratcha_@live.com", "josh.adam@phac-aspc.gc.ca"], "507": ["josh.adam@canada.ca", "peter.kruczkiewicz@canada.ca", "thomas.matthews@canada.ca", "franklin.bristow@phac-aspc.gc.ca", "joel.thiessen@icloud.com", "thomas.matthews@phac-aspc.gc.ca", "josh.adam@phac-aspc.gc.ca"], "508": ["josh.adam@canada.ca", "peter.kruczkiewicz@canada.ca", "thomas.matthews@canada.ca", "franklin.bristow@phac-aspc.gc.ca", "joel.thiessen@icloud.com", "thomas.matthews@phac-aspc.gc.ca", "josh.adam@phac-aspc.gc.ca"], "509": ["josh.adam@phac-aspc.gc.ca"], "510": ["franklin.bristow@phac-aspc.gc.ca", "josh.adam@phac-aspc.gc.ca"], "511": ["aaron.petkau@phac-aspc.gc.ca"], "512": ["aaron.petkau@phac-aspc.gc.ca"], "513": ["thomas.matthews@phac-aspc.gc.ca", "thomas.matthews@canada.ca", "aaron.petkau@canada.ca", "aaron.petkau@phac-aspc.gc.ca"], "514": ["aaron.petkau@phac-aspc.gc.ca"], "515": ["aaron.petkau@phac-aspc.gc.ca"], "516": ["thomas.matthews@phac-aspc.gc.ca"], "517": ["josh.adam@canada.ca", "thomas.matthews@canada.ca", "franklin.bristow@phac-aspc.gc.ca", "thomas.matthews@phac-aspc.gc.ca", "jcuratcha_@live.com", "josh.adam@phac-aspc.gc.ca"], "518": ["josh.adam@phac-aspc.gc.ca"], "519": ["thomas.matthews@canada.ca", "thomas.matthews@phac-aspc.gc.ca", "josh.adam@canada.ca"], "520": ["thomas.matthews@phac-aspc.gc.ca", "franklin.bristow@phac-aspc.gc.ca", "aaron.petkau@canada.ca", "aaron.petkau@phac-aspc.gc.ca"], "521": ["thomas.matthews@canada.ca", "franklin.bristow@phac-aspc.gc.ca", "aaron.petkau@canada.ca", "thomas.matthews@phac-aspc.gc.ca", "aaron.petkau@phac-aspc.gc.ca", "eric.enns@phac-aspc.gc.ca", "jcuratcha_@live.com"], "522": ["josh.adam@canada.ca", "thomas.matthews@canada.ca", "franklin.bristow@phac-aspc.gc.ca", "thomas.matthews@phac-aspc.gc.ca", "jcuratcha_@live.com"], "523": ["josh.adam@phac-aspc.gc.ca", "thomas.matthews@phac-aspc.gc.ca", "josh.adam@canada.ca"], "524": ["franklin.bristow@phac-aspc.gc.ca", "josh.adam@phac-aspc.gc.ca", "thomas.matthews@phac-aspc.gc.ca", "josh.adam@canada.ca"], "525": ["josh.adam@phac-aspc.gc.ca", "thomas.matthews@phac-aspc.gc.ca"], "526": ["josh.adam@canada.ca", "thomas.matthews@canada.ca", "franklin.bristow@phac-aspc.gc.ca", "thomas.matthews@phac-aspc.gc.ca", "josh.adam@phac-aspc.gc.ca"], "527": ["josh.adam@phac-aspc.gc.ca"], "528": ["thomas.matthews@phac-aspc.gc.ca"], "529": ["franklin.bristow@phac-aspc.gc.ca", "josh.adam@phac-aspc.gc.ca", "thomas.matthews@phac-aspc.gc.ca"], "530": ["sukhdeep.sidhu@phac-aspc.gc.ca", "aaron.petkau@phac-aspc.gc.ca"], "531": ["josh.adam@canada.ca", "franklin.bristow@phac-aspc.gc.ca", "aaron.petkau@canada.ca", "thomas.matthews@phac-aspc.gc.ca", "aaron.petkau@phac-aspc.gc.ca"], "22": ["thomas.matthews@canada.ca", "franklin.bristow@phac-aspc.gc.ca", "thomas.matthews@phac-aspc.gc.ca", "aaron.petkau@phac-aspc.gc.ca", "jcuratcha_@live.com"], "532": ["thomas.matthews@phac-aspc.gc.ca"], "533": ["aaron.petkau@phac-aspc.gc.ca"], "534": ["peter.kruczkiewicz@canada.ca", "gopezm@myumanitoba.ca", "aaron.petkau@canada.ca", "thomas.matthews@phac-aspc.gc.ca", "aaron.petkau@phac-aspc.gc.ca", "dfornika@gmail.com"], "535": ["aaron.petkau@canada.ca", "aaron.petkau@phac-aspc.gc.ca"], "536": ["aaron.petkau@canada.ca", "aaron.petkau@phac-aspc.gc.ca"], "537": ["peter.kruczkiewicz@canada.ca", "thomas.matthews@canada.ca", "franklin.bristow@phac-aspc.gc.ca", "aaron.petkau@canada.ca", "thomas.matthews@phac-aspc.gc.ca", "aaron.petkau@phac-aspc.gc.ca", "eric.enns@phac-aspc.gc.ca", "sukhdeep.sidhu@phac-aspc.gc.ca", "jcuratcha_@live.com"], "538": ["franklin.bristow@phac-aspc.gc.ca", "aaron.petkau@canada.ca", "thomas.matthews@phac-aspc.gc.ca", "aaron.petkau@phac-aspc.gc.ca", "jcuratcha_@live.com"], "539": ["josh.adam@canada.ca", "thomas.matthews@canada.ca", "franklin.bristow@phac-aspc.gc.ca", "aaron.petkau@canada.ca", "thomas.matthews@phac-aspc.gc.ca", "sukhdeep.sidhu@phac-aspc.gc.ca", "dfornika@gmail.com", "josh.adam@phac-aspc.gc.ca"], "540": ["thomas.matthews@canada.ca", "franklin.bristow@phac-aspc.gc.ca", "aaron.petkau@canada.ca", "thomas.matthews@phac-aspc.gc.ca", "josh.s.adam@gmail.com", "josh.adam@phac-aspc.gc.ca"], "541": ["josh.adam@canada.ca", "franklin.bristow@phac-aspc.gc.ca", "aaron.petkau@canada.ca", "thomas.matthews@phac-aspc.gc.ca", "josh.adam@phac-aspc.gc.ca"], "542": ["peter.kruczkiewicz@canada.ca", "thomas.matthews@canada.ca", "franklin.bristow@phac-aspc.gc.ca", "noreply@github.com", "thomas.matthews@phac-aspc.gc.ca", "aaron.petkau@phac-aspc.gc.ca", "eric.enns@phac-aspc.gc.ca", "sukhdeep.sidhu@canada.ca", "jcuratcha_@live.com", "josh.adam@phac-aspc.gc.ca"], "543": ["aaron.petkau@phac-aspc.gc.ca"], "544": ["thomas.matthews@canada.ca", "franklin.bristow@phac-aspc.gc.ca", "aaron.petkau@canada.ca", "thomas.matthews@phac-aspc.gc.ca", "aaron.petkau@phac-aspc.gc.ca", "josh.adam@phac-aspc.gc.ca"], "545": ["thomas.matthews@canada.ca", "aaron.petkau@canada.ca", "thomas.matthews@phac-aspc.gc.ca", "aaron.petkau@phac-aspc.gc.ca", "eric.enns@phac-aspc.gc.ca", "jcuratcha_@live.com", "josh.adam@phac-aspc.gc.ca"], "546": ["josh.adam@phac-aspc.gc.ca", "thomas.matthews@phac-aspc.gc.ca"], "18": ["franklin.bristow@phac-aspc.gc.ca", "aaron.petkau@canada.ca", "thomas.matthews@phac-aspc.gc.ca", "eric.enns@phac-aspc.gc.ca", "josh.adam@phac-aspc.gc.ca"], "547": ["thomas.matthews@canada.ca", "franklin.bristow@phac-aspc.gc.ca", "joel.thiessen@icloud.com", "thomas.matthews@phac-aspc.gc.ca", "jcuratcha_@live.com"], "548": ["aaron.petkau@phac-aspc.gc.ca", "jcuratcha_@live.com"], "549": ["thomas.matthews@phac-aspc.gc.ca", "aaron.petkau@phac-aspc.gc.ca"], "550": ["thomas.matthews@phac-aspc.gc.ca", "franklin.bristow@phac-aspc.gc.ca", "aaron.petkau@phac-aspc.gc.ca", "eric.enns@phac-aspc.gc.ca"], "551": ["thomas.matthews@phac-aspc.gc.ca", "franklin.bristow@phac-aspc.gc.ca", "aaron.petkau@canada.ca", "aaron.petkau@phac-aspc.gc.ca"], "552": ["josh.adam@canada.ca", "franklin.bristow@phac-aspc.gc.ca", "thomas.matthews@phac-aspc.gc.ca", "aaron.petkau@phac-aspc.gc.ca", "sukhdeep.sidhu@canada.ca", "josh.adam@phac-aspc.gc.ca"], "553": ["josh.adam@canada.ca", "peter.kruczkiewicz@canada.ca", "franklin.bristow@phac-aspc.gc.ca", "noreply@github.com", "thomas.matthews@phac-aspc.gc.ca", "sukhdeep.sidhu@canada.ca", "josh.s.adam@gmail.com", "josh.adam@phac-aspc.gc.ca"], "554": ["franklin.bristow@phac-aspc.gc.ca", "aaron.petkau@phac-aspc.gc.ca"], "555": ["aaron.petkau@phac-aspc.gc.ca"], "556": ["aaron.petkau@phac-aspc.gc.ca", "dfornika@gmail.com", "peter.kruczkiewicz@canada.ca"], "557": ["thomas.matthews@phac-aspc.gc.ca", "aaron.petkau@phac-aspc.gc.ca"], "558": ["aaron.petkau@phac-aspc.gc.ca", "dfornika@gmail.com"], "559": ["aaron.petkau@phac-aspc.gc.ca"], "560": ["aaron.petkau@phac-aspc.gc.ca"], "561": ["thomas.matthews@phac-aspc.gc.ca", "franklin.bristow@phac-aspc.gc.ca", "aaron.petkau@phac-aspc.gc.ca"], "562": ["aaron.petkau@phac-aspc.gc.ca"], "563": ["aaron.petkau@phac-aspc.gc.ca"], "564": ["aaron.petkau@phac-aspc.gc.ca"], "565": ["josh.adam@phac-aspc.gc.ca"], "19": ["franklin.bristow@phac-aspc.gc.ca", "eric.enns@phac-aspc.gc.ca"], "566": ["franklin.bristow@phac-aspc.gc.ca"], "567": ["franklin.bristow@phac-aspc.gc.ca", "thomas.matthews@phac-aspc.gc.ca"], "568": ["franklin.bristow@phac-aspc.gc.ca"], "569": ["thomas.matthews@canada.ca", "franklin.bristow@phac-aspc.gc.ca", "jcuratcha_@live.com"], "570": ["franklin.bristow@phac-aspc.gc.ca", "aaron.petkau@phac-aspc.gc.ca"], "571": ["franklin.bristow@phac-aspc.gc.ca"], "572": ["franklin.bristow@phac-aspc.gc.ca", "aaron.petkau@phac-aspc.gc.ca"], "573": ["thomas.matthews@phac-aspc.gc.ca", "franklin.bristow@phac-aspc.gc.ca", "aaron.petkau@phac-aspc.gc.ca"], "574": ["thomas.matthews@canada.ca", "thomas.matthews@phac-aspc.gc.ca", "aaron.petkau@phac-aspc.gc.ca", "eric.enns@phac-aspc.gc.ca", "jcuratcha_@live.com"], "575": ["thomas.matthews@phac-aspc.gc.ca", "aaron.petkau@phac-aspc.gc.ca", "jcuratcha_@live.com"], "576": ["thomas.matthews@phac-aspc.gc.ca"], "577": ["thomas.matthews@canada.ca", "joel.thiessen@icloud.com"], "578": ["franklin.bristow@phac-aspc.gc.ca"], "579": ["thomas.matthews@phac-aspc.gc.ca"], "580": ["josh.adam@canada.ca", "franklin.bristow@phac-aspc.gc.ca", "thomas.matthews@phac-aspc.gc.ca", "sukhdeep.sidhu@phac-aspc.gc.ca", "sukhdeep.sidhu@canada.ca", "josh.adam@phac-aspc.gc.ca"], "581": ["josh.adam@canada.ca", "peter.kruczkiewicz@canada.ca", "thomas.matthews@phac-aspc.gc.ca", "sukhdeep.sidhu@phac-aspc.gc.ca", "sukhdeep.sidhu@canada.ca", "josh.adam@phac-aspc.gc.ca"], "582": ["thomas.matthews@phac-aspc.gc.ca", "aaron.petkau@phac-aspc.gc.ca"], "583": ["peter.kruczkiewicz@canada.ca", "thomas.matthews@canada.ca", "franklin.bristow@phac-aspc.gc.ca", "thomas.matthews@phac-aspc.gc.ca", "aaron.petkau@phac-aspc.gc.ca", "eric.enns@phac-aspc.gc.ca"], "584": ["peter.kruczkiewicz@canada.ca", "franklin.bristow@phac-aspc.gc.ca", "thomas.matthews@phac-aspc.gc.ca", "aaron.petkau@phac-aspc.gc.ca", "jcuratcha_@live.com"], "585": ["thomas.matthews@canada.ca", "thomas.matthews@phac-aspc.gc.ca", "jcuratcha_@live.com"], "586": ["josh.adam@canada.ca", "thomas.matthews@canada.ca", "thomas.matthews@phac-aspc.gc.ca", "eric.enns@phac-aspc.gc.ca", "josh.s.adam@gmail.com"], "587": ["aaron.petkau@phac-aspc.gc.ca"], "588": ["aaron.petkau@phac-aspc.gc.ca"], "589": ["thomas.matthews@phac-aspc.gc.ca", "franklin.bristow@phac-aspc.gc.ca", "aaron.petkau@phac-aspc.gc.ca"], "590": ["aaron.petkau@phac-aspc.gc.ca"], "591": ["aaron.petkau@phac-aspc.gc.ca"], "592": ["aaron.petkau@phac-aspc.gc.ca"], "593": ["thomas.matthews@canada.ca", "franklin.bristow@phac-aspc.gc.ca", "aaron.petkau@canada.ca", "thomas.matthews@phac-aspc.gc.ca", "aaron.petkau@phac-aspc.gc.ca", "eric.enns@phac-aspc.gc.ca"], "594": ["thomas.matthews@phac-aspc.gc.ca"], "595": ["thomas.matthews@canada.ca", "franklin.bristow@phac-aspc.gc.ca", "tmatthews@hamlin.cscscience.ca", "thomas.matthews@phac-aspc.gc.ca", "aaron.petkau@phac-aspc.gc.ca", "eric.enns@phac-aspc.gc.ca"], "596": ["thomas.matthews@phac-aspc.gc.ca"], "597": ["franklin.bristow@phac-aspc.gc.ca", "josh.adam@phac-aspc.gc.ca", "thomas.matthews@phac-aspc.gc.ca"], "598": ["franklin.bristow@phac-aspc.gc.ca"], "599": ["thomas.matthews@canada.ca", "franklin.bristow@phac-aspc.gc.ca", "tmatthews@hamlin.cscscience.ca"], "600": ["thomas.matthews@phac-aspc.gc.ca"], "601": ["thomas.matthews@phac-aspc.gc.ca"], "602": ["franklin.bristow@phac-aspc.gc.ca", "thomas.matthews@phac-aspc.gc.ca"], "603": ["franklin.bristow@phac-aspc.gc.ca", "thomas.matthews@phac-aspc.gc.ca"], "604": ["josh.adam@phac-aspc.gc.ca", "josh.adam@canada.ca"], "605": ["franklin.bristow@phac-aspc.gc.ca", "josh.adam@phac-aspc.gc.ca", "thomas.matthews@phac-aspc.gc.ca", "josh.adam@canada.ca"], "606": ["thomas.matthews@phac-aspc.gc.ca"], "607": ["thomas.matthews@phac-aspc.gc.ca"], "608": ["thomas.matthews@phac-aspc.gc.ca"], "609": ["franklin.bristow@phac-aspc.gc.ca", "thomas.matthews@phac-aspc.gc.ca"], "610": ["franklin.bristow@phac-aspc.gc.ca"], "611": ["josh.adam@canada.ca", "peter.kruczkiewicz@canada.ca", "thomas.matthews@canada.ca", "franklin.bristow@phac-aspc.gc.ca", "thomas.matthews@phac-aspc.gc.ca", "jcuratcha_@live.com", "josh.adam@phac-aspc.gc.ca"], "612": ["thomas.matthews@phac-aspc.gc.ca", "aaron.petkau@phac-aspc.gc.ca", "jcuratcha_@live.com"], "613": ["josh.adam@canada.ca", "peter.kruczkiewicz@canada.ca", "thomas.matthews@phac-aspc.gc.ca", "eric.enns@phac-aspc.gc.ca", "josh.adam@phac-aspc.gc.ca"], "614": ["josh.adam@phac-aspc.gc.ca", "josh.adam@canada.ca", "peter.kruczkiewicz@canada.ca"], "49": ["thomas.matthews@phac-aspc.gc.ca"], "615": ["thomas.matthews@canada.ca", "josh.adam@phac-aspc.gc.ca", "thomas.matthews@phac-aspc.gc.ca", "josh.adam@canada.ca"], "29": ["thomas.matthews@phac-aspc.gc.ca", "eric.enns@phac-aspc.gc.ca"], "616": ["thomas.matthews@phac-aspc.gc.ca", "eric.enns@phac-aspc.gc.ca"], "617": ["thomas.matthews@phac-aspc.gc.ca"], "618": ["thomas.matthews@phac-aspc.gc.ca"], "619": ["thomas.matthews@phac-aspc.gc.ca"], "620": ["sukhdeep.sidhu@canada.ca", "aaron.petkau@canada.ca", "thomas.matthews@phac-aspc.gc.ca", "dfornika@gmail.com"], "621": ["thomas.matthews@phac-aspc.gc.ca"], "622": ["aaron.petkau@canada.ca", "thomas.matthews@phac-aspc.gc.ca"], "623": ["thomas.matthews@canada.ca", "thomas.matthews@phac-aspc.gc.ca"], "624": ["thomas.matthews@phac-aspc.gc.ca"], "625": ["thomas.matthews@phac-aspc.gc.ca"], "626": ["franklin.bristow@phac-aspc.gc.ca", "thomas.matthews@phac-aspc.gc.ca"], "627": ["thomas.matthews@canada.ca", "franklin.bristow@phac-aspc.gc.ca", "sukhdeep.sidhu@phac-aspc.gc.ca", "thomas.matthews@phac-aspc.gc.ca"], "628": ["thomas.matthews@phac-aspc.gc.ca"], "30": ["thomas.matthews@canada.ca", "thomas.matthews@phac-aspc.gc.ca", "eric.enns@phac-aspc.gc.ca"], "629": ["franklin.bristow@phac-aspc.gc.ca"], "630": ["thomas.matthews@phac-aspc.gc.ca"], "631": ["thomas.matthews@phac-aspc.gc.ca"], "632": ["thomas.matthews@phac-aspc.gc.ca"], "633": ["thomas.matthews@phac-aspc.gc.ca"], "634": ["josh.adam@phac-aspc.gc.ca", "thomas.matthews@phac-aspc.gc.ca"], "635": ["thomas.matthews@canada.ca", "noreply@github.com", "thomas.matthews@phac-aspc.gc.ca", "sukhdeep.sidhu@canada.ca", "dfornika@gmail.com"], "636": ["thomas.matthews@phac-aspc.gc.ca"], "637": ["thomas.matthews@phac-aspc.gc.ca"], "638": ["franklin.bristow@phac-aspc.gc.ca"], "23": ["thomas.matthews@canada.ca", "thomas.matthews@phac-aspc.gc.ca", "aaron.petkau@phac-aspc.gc.ca", "eric.enns@phac-aspc.gc.ca"], "26": ["thomas.matthews@canada.ca", "thomas.matthews@phac-aspc.gc.ca"], "24": ["thomas.matthews@phac-aspc.gc.ca", "eric.enns@phac-aspc.gc.ca"], "639": ["thomas.matthews@phac-aspc.gc.ca"], "640": ["thomas.matthews@phac-aspc.gc.ca"], "641": ["thomas.matthews@phac-aspc.gc.ca", "aaron.petkau@phac-aspc.gc.ca"], "642": ["franklin.bristow@phac-aspc.gc.ca", "thomas.matthews@phac-aspc.gc.ca"], "643": ["thomas.matthews@phac-aspc.gc.ca"], "644": ["thomas.matthews@canada.ca", "thomas.matthews@phac-aspc.gc.ca"], "645": ["thomas.matthews@phac-aspc.gc.ca"], "646": ["aaron.petkau@canada.ca", "thomas.matthews@phac-aspc.gc.ca"], "647": ["josh.adam@phac-aspc.gc.ca", "josh.adam@canada.ca"], "648": ["thomas.matthews@phac-aspc.gc.ca"], "649": ["josh.adam@phac-aspc.gc.ca", "thomas.matthews@phac-aspc.gc.ca"], "650": ["thomas.matthews@phac-aspc.gc.ca"], "651": ["thomas.matthews@phac-aspc.gc.ca"], "652": ["thomas.matthews@canada.ca", "thomas.matthews@phac-aspc.gc.ca"], "33": ["franklin.bristow@phac-aspc.gc.ca", "sukhdeep.sidhu@phac-aspc.gc.ca", "thomas.matthews@phac-aspc.gc.ca", "eric.enns@phac-aspc.gc.ca"], "41": ["franklin.bristow@phac-aspc.gc.ca", "thomas.matthews@phac-aspc.gc.ca", "eric.enns@phac-aspc.gc.ca"], "32": ["franklin.bristow@phac-aspc.gc.ca", "thomas.matthews@phac-aspc.gc.ca", "eric.enns@phac-aspc.gc.ca"], "653": ["franklin.bristow@phac-aspc.gc.ca"], "654": ["franklin.bristow@phac-aspc.gc.ca", "thomas.matthews@phac-aspc.gc.ca"], "655": ["josh.adam@canada.ca", "thomas.matthews@canada.ca", "franklin.bristow@phac-aspc.gc.ca", "thomas.matthews@phac-aspc.gc.ca", "eric.enns@phac-aspc.gc.ca", "sukhdeep.sidhu@phac-aspc.gc.ca"], "656": ["franklin.bristow@phac-aspc.gc.ca", "sukhdeep.sidhu@phac-aspc.gc.ca", "thomas.matthews@phac-aspc.gc.ca", "josh.adam@canada.ca"], "657": ["franklin.bristow@phac-aspc.gc.ca"], "658": ["josh.adam@canada.ca", "franklin.bristow@phac-aspc.gc.ca", "thomas.matthews@phac-aspc.gc.ca", "eric.enns@phac-aspc.gc.ca", "sukhdeep.sidhu@phac-aspc.gc.ca"], "659": ["josh.adam@canada.ca", "aaron.petkau@canada.ca", "thomas.matthews@phac-aspc.gc.ca", "eric.enns@phac-aspc.gc.ca", "jcuratcha_@live.com"], "660": ["franklin.bristow@phac-aspc.gc.ca", "thomas.matthews@phac-aspc.gc.ca"], "661": ["franklin.bristow@phac-aspc.gc.ca", "thomas.matthews@phac-aspc.gc.ca", "eric.enns@phac-aspc.gc.ca"], "662": ["thomas.matthews@canada.ca", "franklin.bristow@phac-aspc.gc.ca", "thomas.matthews@phac-aspc.gc.ca"], "663": ["franklin.bristow@phac-aspc.gc.ca", "sukhdeep.sidhu@phac-aspc.gc.ca", "thomas.matthews@phac-aspc.gc.ca"], "664": ["thomas.matthews@phac-aspc.gc.ca"], "665": ["thomas.matthews@phac-aspc.gc.ca"], "666": ["thomas.matthews@phac-aspc.gc.ca"], "667": ["thomas.matthews@phac-aspc.gc.ca"], "668": ["franklin.bristow@phac-aspc.gc.ca", "thomas.matthews@phac-aspc.gc.ca"], "31": ["franklin.bristow@phac-aspc.gc.ca", "thomas.matthews@phac-aspc.gc.ca"], "34": ["franklin.bristow@phac-aspc.gc.ca", "thomas.matthews@phac-aspc.gc.ca"], "669": ["franklin.bristow@phac-aspc.gc.ca", "thomas.matthews@phac-aspc.gc.ca"], "670": ["thomas.matthews@phac-aspc.gc.ca", "josh.adam@phac-aspc.gc.ca", "josh.adam@canada.ca", "sukhdeep.sidhu@canada.ca"], "671": ["thomas.matthews@canada.ca", "aaron.petkau@canada.ca", "thomas.matthews@phac-aspc.gc.ca", "aaron.petkau@phac-aspc.gc.ca", "eric.enns@phac-aspc.gc.ca"], "672": ["jcuratcha_@live.com"], "673": ["thomas.matthews@canada.ca", "thomas.matthews@phac-aspc.gc.ca", "jcuratcha_@live.com"], "10": ["franklin.bristow@phac-aspc.gc.ca", "thomas.matthews@phac-aspc.gc.ca", "jcuratcha_@live.com", "eric.enns@phac-aspc.gc.ca"], "50": ["thomas.matthews@phac-aspc.gc.ca", "eric.enns@phac-aspc.gc.ca"], "37": ["franklin.bristow@phac-aspc.gc.ca", "jcuratcha_@live.com", "eric.enns@phac-aspc.gc.ca"], "674": ["thomas.matthews@canada.ca", "aaron.petkau@canada.ca", "thomas.matthews@phac-aspc.gc.ca", "josh.adam@canada.ca"], "675": ["thomas.matthews@phac-aspc.gc.ca", "jcuratcha_@live.com"], "676": ["franklin.bristow@phac-aspc.gc.ca", "jcuratcha_@live.com"], "677": ["thomas.matthews@phac-aspc.gc.ca", "jcuratcha_@live.com"], "678": ["josh.adam@canada.ca", "thomas.matthews@canada.ca", "thomas.matthews@phac-aspc.gc.ca", "eric.enns@phac-aspc.gc.ca", "jcuratcha_@live.com", "josh.s.adam@gmail.com"], "679": ["josh.adam@canada.ca", "thomas.matthews@canada.ca", "franklin.bristow@phac-aspc.gc.ca", "thomas.matthews@phac-aspc.gc.ca", "eric.enns@phac-aspc.gc.ca", "jcuratcha_@live.com", "josh.s.adam@gmail.com"], "680": ["thomas.matthews@canada.ca", "thomas.matthews@phac-aspc.gc.ca"], "681": ["aaron.petkau@canada.ca", "thomas.matthews@phac-aspc.gc.ca"], "682": ["aaron.petkau@canada.ca", "thomas.matthews@phac-aspc.gc.ca"], "58": ["thomas.matthews@phac-aspc.gc.ca"], "683": ["josh.adam@canada.ca", "thomas.matthews@canada.ca", "thomas.matthews@phac-aspc.gc.ca", "eric.enns@phac-aspc.gc.ca", "jcuratcha_@live.com", "josh.s.adam@gmail.com"], "684": ["thomas.matthews@phac-aspc.gc.ca"], "685": ["thomas.matthews@phac-aspc.gc.ca"], "686": ["thomas.matthews@phac-aspc.gc.ca"], "687": ["thomas.matthews@phac-aspc.gc.ca", "eric.enns@phac-aspc.gc.ca"], "688": ["franklin.bristow@phac-aspc.gc.ca", "thomas.matthews@phac-aspc.gc.ca"], "689": ["thomas.matthews@phac-aspc.gc.ca"], "690": ["thomas.matthews@phac-aspc.gc.ca", "jcuratcha_@live.com"], "691": ["thomas.matthews@canada.ca", "aaron.petkau@canada.ca", "thomas.matthews@phac-aspc.gc.ca", "josh.adam@canada.ca"], "692": ["thomas.matthews@phac-aspc.gc.ca", "aaron.petkau@canada.ca", "aaron.petkau@phac-aspc.gc.ca"], "693": ["thomas.matthews@phac-aspc.gc.ca", "josh.adam@canada.ca"], "694": ["thomas.matthews@phac-aspc.gc.ca", "josh.adam@canada.ca"], "695": ["thomas.matthews@phac-aspc.gc.ca", "josh.adam@canada.ca"], "696": ["josh.s.adam@gmail.com", "thomas.matthews@phac-aspc.gc.ca", "jcuratcha_@live.com", "josh.adam@canada.ca"], "697": ["josh.s.adam@gmail.com", "josh.adam@canada.ca", "jcuratcha_@live.com", "peter.kruczkiewicz@canada.ca"], "698": ["josh.s.adam@gmail.com", "josh.adam@canada.ca", "jcuratcha_@live.com"], "699": ["josh.s.adam@gmail.com", "josh.adam@canada.ca", "jcuratcha_@live.com"], "700": ["josh.s.adam@gmail.com", "josh.adam@canada.ca", "jcuratcha_@live.com"], "701": ["josh.s.adam@gmail.com", "josh.adam@canada.ca", "jcuratcha_@live.com"], "702": ["thomas.matthews@phac-aspc.gc.ca", "thomas.matthews@canada.ca", "josh.adam@canada.ca", "josh.s.adam@gmail.com"], "703": ["thomas.matthews@phac-aspc.gc.ca", "josh.adam@canada.ca"], "704": ["thomas.matthews@canada.ca", "thomas.matthews@phac-aspc.gc.ca", "josh.adam@canada.ca"], "705": ["thomas.matthews@phac-aspc.gc.ca", "josh.adam@canada.ca"], "706": ["josh.adam@canada.ca"], "707": ["josh.adam@canada.ca"], "708": ["thomas.matthews@phac-aspc.gc.ca", "eric.enns@phac-aspc.gc.ca", "josh.adam@canada.ca", "josh.s.adam@gmail.com"], "709": ["thomas.matthews@phac-aspc.gc.ca", "josh.adam@canada.ca"], "710": ["noreply@github.com", "josh.adam@canada.ca", "sukhdeep.sidhu@canada.ca"], "711": ["josh.s.adam@gmail.com", "noreply@github.com", "josh.adam@canada.ca", "sukhdeep.sidhu@canada.ca"], "42": ["thomas.matthews@phac-aspc.gc.ca", "eric.enns@phac-aspc.gc.ca"], "712": ["thomas.matthews@phac-aspc.gc.ca", "aaron.petkau@phac-aspc.gc.ca"], "2": ["thomas.matthews@phac-aspc.gc.ca", "thomas.matthews@canada.ca", "josh.adam@canada.ca", "eric.enns@phac-aspc.gc.ca"], "713": ["thomas.matthews@phac-aspc.gc.ca"], "714": ["josh.adam@canada.ca", "peter.kruczkiewicz@canada.ca", "noreply@github.com", "thomas.matthews@phac-aspc.gc.ca", "sukhdeep.sidhu@phac-aspc.gc.ca", "sukhdeep.sidhu@canada.ca"], "715": ["thomas.matthews@phac-aspc.gc.ca", "josh.adam@canada.ca"], "6": ["eric.enns@phac-aspc.gc.ca", "thomas.matthews@phac-aspc.gc.ca", "josh.adam@canada.ca"], "716": ["thomas.matthews@canada.ca", "thomas.matthews@phac-aspc.gc.ca", "josh.adam@canada.ca"], "717": ["thomas.matthews@phac-aspc.gc.ca"], "3": ["thomas.matthews@phac-aspc.gc.ca", "eric.enns@phac-aspc.gc.ca"], "718": ["thomas.matthews@phac-aspc.gc.ca", "josh.adam@canada.ca"], "719": ["thomas.matthews@canada.ca", "eric.enns@phac-aspc.gc.ca", "thomas.matthews@phac-aspc.gc.ca", "josh.adam@canada.ca"], "720": ["thomas.matthews@canada.ca", "thomas.matthews@phac-aspc.gc.ca", "josh.adam@canada.ca"], "721": ["thomas.matthews@phac-aspc.gc.ca"], "53": ["thomas.matthews@phac-aspc.gc.ca", "eric.enns@phac-aspc.gc.ca"], "722": ["thomas.matthews@phac-aspc.gc.ca"], "723": ["thomas.matthews@phac-aspc.gc.ca"], "724": ["thomas.matthews@phac-aspc.gc.ca"], "725": ["thomas.matthews@phac-aspc.gc.ca"], "726": ["thomas.matthews@phac-aspc.gc.ca"], "54": ["thomas.matthews@phac-aspc.gc.ca"], "727": ["thomas.matthews@phac-aspc.gc.ca"], "728": ["thomas.matthews@phac-aspc.gc.ca", "josh.adam@canada.ca"], "729": ["thomas.matthews@phac-aspc.gc.ca", "thomas.matthews@canada.ca", "josh.adam@canada.ca", "aaron.petkau@phac-aspc.gc.ca"], "730": ["aaron.petkau@phac-aspc.gc.ca"], "731": ["aaron.petkau@phac-aspc.gc.ca"], "9": ["aaron.petkau@canada.ca", "eric.enns@phac-aspc.gc.ca", "thomas.matthews@phac-aspc.gc.ca", "josh.adam@canada.ca"], "732": ["thomas.matthews@canada.ca", "thomas.matthews@phac-aspc.gc.ca"], "733": ["thomas.matthews@canada.ca", "thomas.matthews@phac-aspc.gc.ca"], "734": ["thomas.matthews@phac-aspc.gc.ca"], "735": ["thomas.matthews@phac-aspc.gc.ca", "josh.adam@canada.ca"], "736": ["josh.adam@canada.ca"], "737": ["thomas.matthews@phac-aspc.gc.ca"], "738": ["thomas.matthews@phac-aspc.gc.ca"], "739": ["thomas.matthews@phac-aspc.gc.ca", "josh.adam@canada.ca", "eric.enns@phac-aspc.gc.ca"], "740": ["josh.adam@canada.ca"], "741": ["thomas.matthews@phac-aspc.gc.ca", "josh.adam@canada.ca"], "742": ["thomas.matthews@phac-aspc.gc.ca", "josh.adam@canada.ca"], "743": ["josh.adam@canada.ca"], "744": ["thomas.matthews@phac-aspc.gc.ca", "josh.adam@canada.ca"], "745": ["thomas.matthews@phac-aspc.gc.ca", "josh.adam@canada.ca"], "746": ["thomas.matthews@phac-aspc.gc.ca", "josh.adam@canada.ca"], "747": ["josh.adam@canada.ca"], "748": ["thomas.matthews@phac-aspc.gc.ca", "josh.adam@canada.ca"], "749": ["thomas.matthews@phac-aspc.gc.ca", "josh.adam@canada.ca", "josh.s.adam@gmail.com"], "750": ["josh.adam@canada.ca"], "751": ["thomas.matthews@phac-aspc.gc.ca"], "752": ["thomas.matthews@phac-aspc.gc.ca"], "753": ["thomas.matthews@canada.ca", "thomas.matthews@phac-aspc.gc.ca"], "754": ["thomas.matthews@canada.ca", "thomas.matthews@phac-aspc.gc.ca"], "755": ["thomas.matthews@canada.ca", "thomas.matthews@phac-aspc.gc.ca"], "756": ["thomas.matthews@canada.ca", "thomas.matthews@phac-aspc.gc.ca"], "757": ["thomas.matthews@phac-aspc.gc.ca"], "758": ["aaron.petkau@canada.ca", "aaron.petkau@phac-aspc.gc.ca"], "759": ["thomas.matthews@canada.ca", "thomas.matthews@phac-aspc.gc.ca"], "760": ["thomas.matthews@canada.ca", "thomas.matthews@phac-aspc.gc.ca"], "761": ["thomas.matthews@canada.ca", "thomas.matthews@phac-aspc.gc.ca"], "762": ["josh.s.adam@gmail.com", "thomas.matthews@phac-aspc.gc.ca"], "763": ["thomas.matthews@phac-aspc.gc.ca"], "764": ["tmatthews@hamlin.cscscience.ca", "aaron.petkau@phac-aspc.gc.ca"], "765": ["thomas.matthews@phac-aspc.gc.ca", "josh.adam@canada.ca"], "14": ["thomas.matthews@phac-aspc.gc.ca", "eric.enns@phac-aspc.gc.ca"], "766": ["thomas.matthews@phac-aspc.gc.ca"], "767": ["josh.adam@canada.ca"], "768": ["josh.adam@canada.ca"], "11": ["thomas.matthews@canada.ca", "aaron.petkau@canada.ca", "thomas.matthews@phac-aspc.gc.ca", "aaron.petkau@phac-aspc.gc.ca", "eric.enns@phac-aspc.gc.ca"], "43": ["thomas.matthews@canada.ca", "aaron.petkau@phac-aspc.gc.ca", "peter.kruczkiewicz@canada.ca"], "769": ["thomas.matthews@phac-aspc.gc.ca", "aaron.petkau@canada.ca", "aaron.petkau@phac-aspc.gc.ca"], "770": ["thomas.matthews@phac-aspc.gc.ca", "aaron.petkau@canada.ca", "aaron.petkau@phac-aspc.gc.ca"], "771": ["thomas.matthews@phac-aspc.gc.ca", "aaron.petkau@canada.ca", "aaron.petkau@phac-aspc.gc.ca"], "772": ["aaron.petkau@canada.ca", "aaron.petkau@phac-aspc.gc.ca"], "773": ["eric.enns@phac-aspc.gc.ca", "thomas.matthews@phac-aspc.gc.ca", "josh.adam@canada.ca"], "39": ["thomas.matthews@canada.ca", "aaron.petkau@phac-aspc.gc.ca", "eric.enns@phac-aspc.gc.ca"], "774": ["thomas.matthews@phac-aspc.gc.ca", "aaron.petkau@phac-aspc.gc.ca"], "775": ["thomas.matthews@canada.ca", "aaron.petkau@canada.ca", "aaron.petkau@phac-aspc.gc.ca", "eric.enns@phac-aspc.gc.ca"], "776": ["thomas.matthews@canada.ca", "aaron.petkau@canada.ca", "thomas.matthews@phac-aspc.gc.ca", "eric.enns@phac-aspc.gc.ca"], "777": ["aaron.petkau@canada.ca", "thomas.matthews@phac-aspc.gc.ca"], "778": ["aaron.petkau@canada.ca"], "779": ["thomas.matthews@canada.ca", "aaron.petkau@canada.ca", "eric.enns@phac-aspc.gc.ca"], "780": ["aaron.petkau@canada.ca", "thomas.matthews@phac-aspc.gc.ca", "josh.adam@canada.ca"], "781": ["aaron.petkau@canada.ca", "thomas.matthews@phac-aspc.gc.ca"], "782": ["josh.adam@canada.ca", "peter.kruczkiewicz@canada.ca"], "783": ["josh.adam@canada.ca", "peter.kruczkiewicz@canada.ca", "aaron.petkau@canada.ca", "thomas.matthews@phac-aspc.gc.ca", "eric.enns@phac-aspc.gc.ca", "sukhdeep.sidhu@phac-aspc.gc.ca"], "784": ["josh.adam@canada.ca", "eric.enns@phac-aspc.gc.ca"], "785": ["thomas.matthews@phac-aspc.gc.ca", "aaron.petkau@canada.ca", "josh.adam@canada.ca", "eric.enns@phac-aspc.gc.ca"], "786": ["thomas.matthews@phac-aspc.gc.ca"], "787": ["josh.adam@canada.ca"], "788": ["thomas.matthews@canada.ca", "aaron.petkau@canada.ca", "josh.adam@canada.ca", "sukhdeep.sidhu@phac-aspc.gc.ca"], "789": ["thomas.matthews@phac-aspc.gc.ca"], "790": ["thomas.matthews@phac-aspc.gc.ca", "thomas.matthews@canada.ca", "josh.adam@canada.ca"], "791": ["thomas.matthews@canada.ca", "thomas.matthews@phac-aspc.gc.ca"], "792": ["dfornika@gmail.com"], "793": ["thomas.matthews@phac-aspc.gc.ca", "josh.adam@canada.ca"], "794": ["josh.s.adam@gmail.com", "josh.adam@canada.ca"], "795": ["josh.s.adam@gmail.com", "josh.adam@canada.ca"], "796": ["josh.adam@canada.ca"], "797": ["dfornika@gmail.com"], "798": ["thomas.matthews@canada.ca", "thomas.matthews@phac-aspc.gc.ca"], "799": ["thomas.matthews@phac-aspc.gc.ca", "eric.enns@phac-aspc.gc.ca"], "800": ["thomas.matthews@phac-aspc.gc.ca"], "801": ["thomas.matthews@phac-aspc.gc.ca", "eric.enns@phac-aspc.gc.ca"], "802": ["dfornika@gmail.com"], "44": ["aaron.petkau@canada.ca", "thomas.matthews@phac-aspc.gc.ca"], "803": ["aaron.petkau@canada.ca", "thomas.matthews@phac-aspc.gc.ca"], "17": ["eric.enns@phac-aspc.gc.ca", "josh.adam@canada.ca", "peter.kruczkiewicz@canada.ca"], "804": ["peter.kruczkiewicz@canada.ca"], "805": ["peter.kruczkiewicz@canada.ca"], "806": ["thomas.matthews@canada.ca", "dfornika@gmail.com"], "807": ["peter.kruczkiewicz@canada.ca"], "808": ["thomas.matthews@canada.ca", "sukhdeep.sidhu@phac-aspc.gc.ca", "thomas.matthews@phac-aspc.gc.ca", "peter.kruczkiewicz@canada.ca"], "809": ["aaron.petkau@canada.ca", "thomas.matthews@phac-aspc.gc.ca"], "810": ["thomas.matthews@phac-aspc.gc.ca"], "811": ["thomas.matthews@canada.ca", "aaron.petkau@canada.ca", "thomas.matthews@phac-aspc.gc.ca"], "812": ["thomas.matthews@phac-aspc.gc.ca"], "813": ["thomas.matthews@phac-aspc.gc.ca"], "814": ["thomas.matthews@canada.ca", "thomas.matthews@phac-aspc.gc.ca"], "815": ["josh.s.adam@gmail.com", "thomas.matthews@canada.ca", "josh.adam@canada.ca"], "816": ["josh.s.adam@gmail.com", "josh.adam@canada.ca"], "817": ["thomas.matthews@canada.ca", "sukhdeep.sidhu@phac-aspc.gc.ca", "peter.kruczkiewicz@canada.ca"], "818": ["sukhdeep.sidhu@canada.ca", "peter.kruczkiewicz@canada.ca"], "819": ["thomas.matthews@phac-aspc.gc.ca", "eric.enns@phac-aspc.gc.ca"], "820": ["sukhdeep.sidhu@phac-aspc.gc.ca", "thomas.matthews@phac-aspc.gc.ca"], "821": ["thomas.matthews@phac-aspc.gc.ca"], "822": ["thomas.matthews@phac-aspc.gc.ca"], "823": ["thomas.matthews@phac-aspc.gc.ca"], "824": ["thomas.matthews@phac-aspc.gc.ca"], "825": ["aaron.petkau@canada.ca", "thomas.matthews@phac-aspc.gc.ca"], "826": ["thomas.matthews@phac-aspc.gc.ca"], "827": ["peter.kruczkiewicz@canada.ca"], "828": ["aaron.petkau@canada.ca", "sukhdeep.sidhu@phac-aspc.gc.ca", "peter.kruczkiewicz@canada.ca"], "829": ["thomas.matthews@canada.ca", "josh.adam@canada.ca"], "830": ["aaron.petkau@canada.ca", "peter.kruczkiewicz@canada.ca"], "831": ["aaron.petkau@canada.ca", "peter.kruczkiewicz@canada.ca"], "832": ["peter.kruczkiewicz@canada.ca"], "833": ["aaron.petkau@canada.ca"], "834": ["peter.kruczkiewicz@canada.ca"], "835": ["thomas.matthews@canada.ca", "peter.kruczkiewicz@canada.ca"], "836": ["aaron.petkau@canada.ca"], "837": ["aaron.petkau@canada.ca"], "838": ["thomas.matthews@canada.ca", "aaron.petkau@canada.ca", "peter.kruczkiewicz@canada.ca"], "839": ["aaron.petkau@canada.ca", "thomas.matthews@phac-aspc.gc.ca"], "840": ["aaron.petkau@canada.ca", "thomas.matthews@phac-aspc.gc.ca"], "841": ["aaron.petkau@canada.ca", "thomas.matthews@phac-aspc.gc.ca"], "842": ["aaron.petkau@canada.ca"], "843": ["aaron.petkau@canada.ca"], "844": ["aaron.petkau@canada.ca"], "845": ["aaron.petkau@canada.ca"], "846": ["aaron.petkau@canada.ca"], "847": ["thomas.matthews@canada.ca", "josh.adam@canada.ca"], "848": ["josh.adam@canada.ca"], "849": ["josh.adam@canada.ca"], "5": ["thomas.matthews@canada.ca", "josh.adam@canada.ca"], "850": ["aaron.petkau@canada.ca"], "851": ["josh.adam@canada.ca"], "852": ["josh.adam@canada.ca"], "853": ["josh.adam@canada.ca"], "854": ["josh.adam@canada.ca"], "855": ["josh.adam@canada.ca"], "856": ["josh.adam@canada.ca"], "857": ["aaron.petkau@canada.ca"], "858": ["josh.adam@canada.ca"], "859": ["josh.adam@canada.ca"], "860": ["josh.adam@canada.ca"], "27": ["thomas.matthews@canada.ca", "eric.enns@phac-aspc.gc.ca"], "45": ["thomas.matthews@canada.ca"], "861": ["aaron.petkau@canada.ca"], "862": ["thomas.matthews@canada.ca"], "863": ["josh.adam@canada.ca"], "864": ["josh.adam@canada.ca"], "865": ["josh.adam@canada.ca"], "866": ["josh.adam@canada.ca"], "867": ["josh.adam@canada.ca"], "868": ["thomas.matthews@canada.ca", "josh.adam@canada.ca"], "869": ["thomas.matthews@canada.ca"], "870": ["sukhdeep.sidhu@phac-aspc.gc.ca", "josh.adam@canada.ca"], "871": ["sukhdeep.sidhu@phac-aspc.gc.ca", "josh.adam@canada.ca"], "872": ["sukhdeep.sidhu@phac-aspc.gc.ca", "josh.adam@canada.ca"], "873": ["thomas.matthews@canada.ca"], "874": ["thomas.matthews@canada.ca"], "875": ["thomas.matthews@canada.ca"], "876": ["thomas.matthews@canada.ca"], "877": ["josh.adam@canada.ca"], "878": ["josh.adam@canada.ca"], "879": ["sukhdeep.sidhu@phac-aspc.gc.ca"], "880": ["sukhdeep.sidhu@phac-aspc.gc.ca"], "881": ["thomas.matthews@canada.ca", "josh.adam@canada.ca"], "882": ["thomas.matthews@canada.ca", "josh.adam@canada.ca"], "883": ["thomas.matthews@canada.ca", "josh.adam@canada.ca"], "884": ["josh.adam@canada.ca"], "885": ["josh.adam@canada.ca"], "899": ["thomas.matthews@canada.ca", "josh.adam@canada.ca", "eric.enns@phac-aspc.gc.ca"], "887": ["josh.adam@canada.ca", "sukhdeep.sidhu@canada.ca", "eric.enns@phac-aspc.gc.ca"], "888": ["josh.adam@canada.ca"], "889": ["josh.adam@canada.ca"], "890": ["josh.adam@canada.ca"], "891": ["josh.adam@canada.ca"], "892": ["josh.adam@canada.ca"], "893": ["aaron.petkau@canada.ca"], "894": ["thomas.matthews@canada.ca"], "895": ["josh.adam@canada.ca", "sukhdeep.sidhu@canada.ca"], "896": ["sukhdeep.sidhu@phac-aspc.gc.ca", "josh.adam@canada.ca"], "897": ["thomas.matthews@canada.ca", "josh.adam@canada.ca", "eric.enns@phac-aspc.gc.ca"], "898": ["josh.adam@canada.ca"], "925": ["josh.adam@canada.ca"], "901": ["josh.adam@canada.ca"], "902": ["josh.adam@canada.ca"], "903": ["josh.adam@canada.ca"], "904": ["sukhdeep.sidhu@phac-aspc.gc.ca", "sukhdeep.sidhu@canada.ca"], "905": ["sukhdeep.sidhu@phac-aspc.gc.ca", "sukhdeep.sidhu@canada.ca"], "906": ["sukhdeep.sidhu@phac-aspc.gc.ca"], "907": ["sukhdeep.sidhu@canada.ca"], "908": ["josh.adam@canada.ca"], "909": ["josh.adam@canada.ca"], "910": ["josh.adam@canada.ca"], "911": ["josh.adam@canada.ca"], "912": ["josh.adam@canada.ca"], "913": ["josh.adam@canada.ca", "sukhdeep.sidhu@canada.ca"], "914": ["josh.adam@canada.ca", "sukhdeep.sidhu@canada.ca"], "915": ["noreply@github.com", "josh.adam@canada.ca", "sukhdeep.sidhu@canada.ca"], "916": ["josh.adam@canada.ca", "sukhdeep.sidhu@canada.ca"], "917": ["thomas.matthews@canada.ca"], "918": ["noreply@github.com", "josh.adam@canada.ca", "sukhdeep.sidhu@canada.ca", "eric.enns@phac-aspc.gc.ca"], "919": ["sukhdeep.sidhu@canada.ca"], "920": ["sukhdeep.sidhu@canada.ca"], "921": ["sukhdeep.sidhu@canada.ca"], "922": ["sukhdeep.sidhu@canada.ca"], "923": ["josh.adam@canada.ca"], "928": ["josh.adam@canada.ca"], "926": ["sukhdeep.sidhu@canada.ca"], "927": ["josh.adam@canada.ca"], "929": ["josh.adam@canada.ca"], "930": ["josh.adam@canada.ca"], "931": ["josh.adam@canada.ca"], "932": ["josh.adam@canada.ca"], "934": ["josh.adam@canada.ca"], "935": ["josh.adam@canada.ca"], "936": ["josh.adam@canada.ca"], "937": ["josh.adam@canada.ca"], "938": ["josh.adam@canada.ca"], "939": ["josh.adam@canada.ca"], "940": ["josh.adam@canada.ca"], "941": ["josh.adam@canada.ca"], "942": ["josh.adam@canada.ca"], "943": ["josh.adam@canada.ca"], "944": ["thomas.matthews@canada.ca"], "945": ["josh.adam@canada.ca"], "946": ["josh.adam@canada.ca"], "947": ["josh.adam@canada.ca"], "948": ["thomas.matthews@canada.ca"], "949": ["thomas.matthews@canada.ca"], "51": ["thomas.matthews@canada.ca"], "950": ["thomas.matthews@canada.ca"], "951": ["thomas.matthews@canada.ca"], "952": ["thomas.matthews@canada.ca"], "953": ["thomas.matthews@canada.ca"], "954": ["thomas.matthews@canada.ca"], "955": ["josh.adam@canada.ca"], "956": ["josh.adam@canada.ca"], "957": ["josh.adam@canada.ca"], "958": ["josh.adam@canada.ca"], "959": ["sukhdeep.sidhu@canada.ca"], "960": ["sukhdeep.sidhu@canada.ca"], "961": ["sukhdeep.sidhu@canada.ca"], "962": ["sukhdeep.sidhu@canada.ca"], "963": ["josh.adam@canada.ca"], "965": ["josh.adam@canada.ca"], "966": ["josh.adam@canada.ca"], "967": ["josh.adam@canada.ca"], "968": ["josh.adam@canada.ca"], "969": ["josh.adam@canada.ca"], "970": ["josh.adam@canada.ca"], "971": ["josh.adam@canada.ca"], "972": ["josh.adam@canada.ca"], "973": ["josh.adam@canada.ca"], "974": ["josh.adam@canada.ca"], "975": ["josh.adam@canada.ca"], "976": ["josh.adam@canada.ca"], "977": ["josh.adam@canada.ca"], "978": ["josh.adam@canada.ca"], "979": ["josh.adam@canada.ca"], "980": ["josh.adam@canada.ca"], "981": ["josh.adam@canada.ca"]}