{"1": "Type", "2": "MetadataTemplateField", "3": "ProjectMetadataTemplateJoin", "4": "Project", "5": "StaticMetadataTemplateField", "6": "MetadataTemplate", "7": "ProjectSampleJoin", "8": "Sample", "9": "MetadataEntry", "10": "Announcement", "11": "GenomeAssembly", "12": "ProjectEvent", "13": "OverrepresentedSequence", "14": "SequenceConcatenation", "15": "Analysis", "16": "AnalysisOutputFile", "17": "JobError", "18": "ToolExecution", "19": "IridaWorkflowNamedParameters", "20": "PasswordReset", "21": "AnalysisSubmission", "22": "SequenceFilePair", "23": "SequencingObject", "24": "SampleSequencingObjectJoin", "25": "SequenceFile", "26": "SingleEndSequenceFile", "27": "AbstractAnalysisSubmission", "28": "User", "29": "NcbiExportSubmission", "30": "NcbiBioSampleFiles", "31": "UserGroupRoleSetProjectEvent", "32": "UserGroupProjectJoin", "33": "UserGroup", "34": "UserGroupRemovedProjectEvent", "35": "ProjectUserJoin", "36": "ReferenceFile", "37": "AnnouncementUserJoin", "38": "RelatedProjectJoin", "39": "SampleGenomeAssemblyJoin", "40": "ProjectReferenceFileJoin", "41": "UserGroupJoin", "42": "ProjectAnalysisSubmissionJoin", "43": "GenomeAssemblyFromAnalysis", "44": "PipelineProvidedMetadataEntry", "45": "AnalysisSubmissionTemplate", "46": "AnalysisFastQC", "47": "SequencingRun", "48": "RemoteAPI", "49": "DataAddedToSampleProjectEvent", "50": "RemoteStatus", "51": "UploadedAssembly", "52": "RemoteAPIToken", "53": "QCEntry", "54": "CoverageQCEntry", "55": "UserRoleSetProjectEvent", "56": "UserRemovedProjectEvent", "57": "SampleAddedProjectEvent", "58": "SampleRemovedProjectEvent", "59": "IridaClientDetails"}