{"CheckVersionRestController.check_version": {"t": [{"id": 0, "a": [["R", 1]]}]}, "RankingListRestController.list": {"t": [{"id": 0, "a": [["R", 2]]}]}, "DuibaRestController.deductionPoints": {"t": [{"id": 0, "a": [["R", 3], ["R", 3], ["R", 4], ["R", 4], ["R", 3], ["R", 3], ["R", 5], ["R", 5], ["W", 5], ["W", 5]]}]}, "DuibaRestController.receiveDuiBaResult": {"t": [{"id": 0, "a": [["R", 3], ["R", 3], ["R", 4], ["R", 4], ["R", 3], ["R", 3]]}]}, "CollectionRestController.collection": {"t": [{"id": 0, "a": [["R", 6], ["R", 7], ["R", 7], ["W", 7], ["W", 7], ["R", 5], ["W", 6], ["W", 7], ["W", 6], ["W", 5], ["W", 6], ["W", 6], ["W", 6]]}]}, "CollectionRestController.delete": {"t": [{"id": 0, "a": [["R", 6], ["W", 6], ["W", 6]]}]}, "CollectionRestController.list": {"t": [{"id": 0, "a": [["R", 6]]}]}, "SponsorshipRestController.create": {"t": [{"id": 0, "a": [["W", 8], ["W", 8], ["W", 8], ["W", 8], ["W", 8], ["W", 9], ["W", 8], ["W", 9], ["R", 9], ["R", 9]]}]}, "SponsorshipRestController.list": {"t": [{"id": 0, "a": [["R", 9], ["R", 9], ["R", 9], ["R", 4], ["R", 9], ["R", 8]]}]}, "FollowerRestController.list": {"t": [{"id": 0, "a": [["R", 5], ["R", 5], ["R", 5]]}]}, "InviteBoardController.invite": {"t": [{"id": 0, "a": [["R", 5], ["R", 5]]}]}, "TopicController.create": {"t": [{"id": 0, "a": [["W", 5], ["W", 7], ["W", 5], ["W", 7], ["W", 7], ["R", 7], ["W", 10], ["W", 11], ["W", 11], ["W", 11], ["W", 11], ["R", 11], ["R", 10], ["R", 11], ["W", 10], ["W", 11], ["W", 10], ["W", 7], ["W", 10], ["W", 7], ["W", 7], ["W", 7]]}]}, "TopicController.createReply": {"t": [{"id": 0, "a": [["W", 12], ["W", 5], ["W", 7], ["W", 12], ["W", 5], ["W", 12], ["W", 7], ["R", 12], ["R", 7], ["R", 7], ["R", 7], ["R", 7], ["W", 12], ["W", 12], ["R", 7], ["W", 7], ["R", 7], ["W", 7], ["W", 7], ["W", 13], ["R", 12], ["W", 13], ["R", 12], ["R", 5], ["W", 13], ["W", 5], ["R", 7], ["W", 13], ["W", 13], ["R", 7], ["W", 13], ["R", 7], ["R", 5], ["W", 13], ["W", 5], ["R", 12], ["R", 5], ["R", 5], ["R", 7], ["R", 5], ["R", 5], ["R", 12], ["R", 5], ["R", 5], ["R", 5], ["W", 13], ["W", 5], ["W", 13], ["R", 7], ["R", 5], ["R", 5], ["R", 5], ["R", 5], ["R", 5], ["R", 5], ["R", 3], ["R", 3], ["R", 4], ["R", 4], ["R", 3], ["R", 3], ["R", 5], ["R", 5], ["R", 5], ["R", 5], ["R", 3], ["R", 3], ["R", 4], ["R", 4], ["R", 3], ["R", 3], ["R", 5], ["R", 13], ["R", 5], ["R", 14], ["R", 7], ["R", 5], ["R", 5], ["R", 5], ["R", 5], ["R", 3], ["R", 3], ["R", 4], ["R", 4], ["R", 3], ["R", 3], ["R", 5], ["R", 12], ["R", 5], ["R", 12], ["R", 5], ["R", 5], ["R", 12], ["R", 5], ["R", 5], ["R", 5], ["W", 15], ["W", 5], ["R", 15], ["R", 15], ["R", 15], ["R", 5], ["R", 15], ["R", 15], ["W", 15], ["W", 15], ["W", 15], ["R", 15], ["R", 15], ["R", 15], ["R", 5], ["R", 15], ["R", 15], ["W", 15], ["W", 15], ["W", 15], ["R", 15], ["R", 15], ["R", 15], ["R", 5], ["R", 15], ["R", 15], ["W", 15], ["W", 15], ["W", 15], ["W", 15], ["R", 5], ["R", 15], ["W", 5], ["W", 5], ["R", 5], ["R", 5], ["R", 5], ["R", 5], ["R", 5], ["R", 3], ["R", 3], ["R", 4], ["R", 4], ["R", 3], ["R", 3], ["R", 5], ["R", 5], ["R", 5], ["R", 5], ["R", 3], ["R", 3], ["R", 4], ["R", 4], ["R", 3], ["R", 3], ["R", 5], ["R", 15]]}]}, "TopicController.detail": {"t": [{"id": 0, "a": [["R", 7], ["R", 7], ["W", 7], ["W", 7], ["R", 7], ["R", 12]]}]}, "TopicController.list": {"t": [{"id": 0, "a": [["R", 5], ["R", 5], ["R", 5], ["R", 5], ["R", 7]]}]}, "HomeLoadMoreController.list_fragment": {"t": [{"id": 0, "a": [["R", 7], ["R", 7], ["W", 7], ["R", 7], ["W", 7], ["R", 7], ["W", 7], ["R", 7], ["W", 7]]}]}, "TopicScoreRestController.create": {"t": [{"id": 0, "a": [["W", 5], ["R", 16], ["W", 16], ["W", 16], ["W", 5], ["R", 7], ["R", 7], ["W", 7], ["W", 7], ["W", 7], ["W", 16], ["W", 7], ["W", 16], ["R", 16], ["R", 16], ["R", 16], ["R", 7], ["R", 16], ["R", 16], ["R", 16], ["R", 7], ["W", 7], ["W", 7], ["R", 7], ["W", 7], ["W", 7], ["W", 7], ["R", 7], ["R", 4], ["R", 7], ["R", 4], ["R", 7], ["R", 5], ["R", 5], ["R", 7], ["R", 4], ["R", 7], ["R", 4], ["R", 4], ["R", 7], ["R", 7], ["R", 4], ["R", 7], ["R", 7], ["R", 5], ["R", 7], ["R", 4], ["R", 7], ["R", 17], ["R", 17], ["R", 17], ["R", 7], ["R", 17], ["R", 7], ["R", 17], ["R", 7], ["R", 4], ["R", 2], ["W", 2], ["W", 4], ["R", 7], ["R", 5], ["W", 2], ["W", 5], ["W", 2], ["W", 2]]}]}, "TopicScoreRestController.list": {"t": [{"id": 0, "a": [["R", 16]]}]}, "PointRestController.deductionPoints": {"t": [{"id": 0, "a": [["R", 3], ["R", 3], ["R", 4], ["R", 4], ["R", 3], ["R", 3], ["R", 5], ["R", 5], ["W", 5]]}]}, "PointRestController.getAutoLoginUrl": {"t": [{"id": 0, "a": [["R", 3], ["R", 3], ["R", 4], ["R", 4], ["R", 3], ["R", 3], ["R", 5], ["R", 5], ["R", 5]]}]}, "PointRestController.getHistory": {"t": [{"id": 0, "a": [["R", 15]]}]}, "PointRestController.getUserPoint": {"t": [{"id": 0, "a": [["R", 5], ["R", 5]]}]}, "PointRestController.receiveDuiBaResult": {"t": [{"id": 0, "a": [["R", 3], ["R", 3], ["R", 4], ["R", 4], ["R", 3], ["R", 3]]}]}, "RemindRestController.list": {"t": [{"id": 0, "a": [["R", 13]]}]}, "CategoryPredefinedRestController.list": {"t": [{"id": 0, "a": [["R", 18]]}]}, "HomeController.list": {"t": [{"id": 0, "a": [["R", 7], ["R", 7], ["R", 7], ["R", 7], ["R", 4], ["R", 7], ["R", 7], ["R", 4], ["R", 7], ["R", 7], ["W", 7], ["R", 7], ["W", 7], ["R", 7], ["W", 7], ["R", 7], ["W", 7]]}]}, "HomeController.user": {"t": [{"id": 0, "a": [["R", 5]]}]}, "TopicRestController.create": {"t": [{"id": 0, "a": [["R", 7], ["R", 4], ["R", 4], ["W", 4], ["W", 7], ["W", 4], ["W", 7], ["R", 7], ["W", 7], ["W", 7], ["W", 7], ["R", 5], ["W", 15], ["W", 5], ["R", 15], ["R", 15], ["R", 15], ["R", 5], ["R", 15], ["R", 15], ["W", 15], ["W", 15], ["W", 15], ["R", 15], ["R", 15], ["R", 15], ["R", 5], ["R", 15], ["R", 15], ["W", 15], ["W", 15], ["W", 15], ["R", 15], ["R", 15], ["R", 15], ["R", 5], ["R", 15], ["R", 15], ["W", 15], ["W", 15], ["W", 15], ["W", 15], ["R", 5], ["R", 15], ["W", 5], ["W", 5], ["R", 5], ["R", 5], ["R", 5], ["R", 5], ["R", 5], ["R", 3], ["R", 3], ["R", 4], ["R", 4], ["R", 3], ["R", 3], ["R", 5], ["R", 5], ["R", 5], ["R", 5], ["R", 3], ["R", 3], ["R", 4], ["R", 4], ["R", 3], ["R", 3], ["R", 5], ["R", 15], ["R", 7], ["R", 7], ["R", 7], ["W", 7], ["W", 7]]}]}, "TopicRestController.get": {"t": [{"id": 0, "a": [["R", 7], ["R", 7], ["W", 7], ["W", 7], ["R", 6], ["R", 5], ["R", 7], ["R", 5]]}]}, "TopicRestController.getTopicByReplyId": {"t": [{"id": 0, "a": [["R", 12], ["R", 12], ["R", 7], ["R", 7], ["R", 7], ["R", 7], ["W", 7], ["W", 7], ["R", 6], ["R", 5], ["R", 7], ["R", 5]]}]}, "TopicRestController.getTopicByUser": {"t": [{"id": 0, "a": [["R", 7]]}]}, "TopicRestController.getTopicOfFine": {"t": [{"id": 0, "a": [["R", 7], ["R", 7], ["R", 4], ["R", 7], ["R", 7], ["R", 4], ["R", 7]]}]}, "TopicRestController.getTopicOfMe": {"t": [{"id": 0, "a": [["R", 7], ["R", 7], ["W", 7], ["W", 7], ["R", 6], ["R", 5], ["R", 7], ["R", 5], ["R", 16], ["R", 16]]}]}, "TopicRestController.list": {"t": [{"id": 0, "a": [["R", 7], ["R", 7], ["R", 7], ["R", 4], ["R", 7], ["R", 7], ["R", 4], ["R", 7], ["R", 7], ["R", 7], ["R", 4], ["R", 7], ["R", 7], ["R", 4], ["R", 7], ["R", 7], ["R", 4], ["R", 7], ["R", 7], ["R", 4], ["R", 7], ["R", 19], ["R", 7], ["R", 7], ["R", 7], ["R", 4], ["R", 7], ["R", 7], ["R", 4]]}]}, "ActivityRestController.list": {"t": [{"id": 0, "a": [["R", 20]]}]}, "UserRestController.get": {"t": [{"id": 0, "a": [["R", 5]]}]}, "DanmuRestController.create": {"t": [{"id": 0, "a": [["W", 5], ["W", 21], ["W", 22], ["W", 22], ["W", 22], ["W", 22], ["W", 22], ["W", 22], ["W", 5], ["W", 22], ["W", 21], ["W", 22]]}]}, "DanmuRestController.list": {"t": [{"id": 0, "a": [["R", 22]]}]}, "MarketRestController.list": {"t": [{"id": 0, "a": [["R", 23]]}]}, "CourseRestController.explainList": {"t": [{"id": 0, "a": [["R", 7]]}]}, "CourseRestController.get": {"t": [{"id": 0, "a": [["R", 17]]}]}, "VideoController.create": {"t": [{"id": 0, "a": [["W", 5], ["W", 7], ["W", 5], ["W", 7], ["W", 7], ["R", 7], ["W", 7], ["W", 7], ["W", 24], ["W", 24], ["W", 7], ["W", 24], ["W", 4], ["W", 7], ["W", 4], ["W", 7], ["W", 21]]}]}, "VideoController.detail": {"t": [{"id": 0, "a": [["R", 7], ["R", 7], ["W", 7], ["W", 7], ["R", 12]]}]}, "VideoController.list": {"t": [{"id": 0, "a": [["R", 21], ["R", 21], ["R", 21], ["R", 4], ["R", 21], ["R", 21], ["R", 4]]}]}, "SubReplyRestController.create": {"t": [{"id": 0, "a": [["W", 25], ["R", 25], ["R", 12], ["R", 12], ["R", 12], ["R", 12], ["W", 12], ["W", 12], ["R", 12], ["R", 7], ["R", 7], ["W", 7], ["W", 7], ["R", 25], ["R", 5], ["R", 5], ["R", 5], ["R", 25], ["R", 25], ["R", 25], ["R", 25], ["R", 25], ["R", 25], ["W", 13], ["R", 25], ["W", 13], ["W", 13], ["W", 5], ["R", 12], ["W", 13], ["W", 13], ["R", 12], ["W", 13], ["R", 12], ["R", 5], ["W", 13], ["W", 5], ["R", 12], ["R", 5], ["R", 5], ["R", 25], ["R", 5], ["R", 5], ["W", 13], ["R", 12], ["R", 5], ["R", 5], ["R", 5], ["R", 5], ["R", 5], ["R", 5], ["R", 3], ["R", 3], ["R", 4], ["R", 4], ["R", 3], ["R", 3], ["R", 5], ["R", 5], ["R", 5], ["R", 5], ["R", 3], ["R", 3], ["R", 4], ["R", 4], ["R", 3], ["R", 3], ["R", 5], ["R", 13], ["R", 5], ["R", 14], ["R", 7], ["R", 5], ["R", 5], ["R", 5], ["R", 5], ["R", 3], ["R", 3], ["R", 4], ["R", 4], ["R", 3], ["R", 3], ["R", 5], ["R", 25], ["R", 5], ["R", 5], ["R", 25], ["R", 5], ["R", 5], ["W", 13], ["R", 25], ["W", 13], ["W", 13], ["W", 5], ["R", 12], ["W", 13], ["W", 13], ["R", 25], ["W", 13], ["R", 25], ["R", 5], ["W", 13], ["W", 5], ["W", 13], ["R", 25], ["R", 5], ["R", 5], ["R", 5], ["R", 5], ["R", 3], ["R", 3], ["R", 4], ["R", 4], ["R", 3], ["R", 3], ["R", 5], ["R", 12], ["R", 5], ["R", 5], ["R", 25], ["R", 5], ["R", 5], ["R", 12], ["R", 5], ["R", 5], ["R", 25], ["R", 5], ["R", 5], ["W", 13], ["R", 12], ["R", 5], ["R", 5], ["R", 5], ["R", 5], ["R", 3], ["R", 3], ["R", 4], ["R", 4], ["R", 3], ["R", 3], ["R", 5], ["R", 25], ["R", 5], ["R", 25], ["R", 5], ["R", 5], ["R", 25], ["R", 5], ["R", 5], ["R", 5], ["W", 15], ["W", 5], ["R", 15], ["R", 15], ["R", 15], ["R", 5], ["R", 15], ["R", 15], ["W", 15], ["W", 15], ["W", 15], ["R", 15], ["R", 15], ["R", 15], ["R", 5], ["R", 15], ["R", 15], ["W", 15], ["W", 15], ["W", 15], ["R", 15], ["R", 15], ["R", 15], ["R", 5], ["R", 15], ["R", 15], ["W", 15], ["W", 15], ["W", 15], ["W", 15], ["R", 5], ["R", 15], ["W", 5], ["W", 5], ["R", 5], ["R", 5], ["R", 5], ["R", 5], ["R", 5], ["R", 3], ["R", 3], ["R", 4], ["R", 4], ["R", 3], ["R", 3], ["R", 5], ["R", 5], ["R", 5], ["R", 5], ["R", 3], ["R", 3], ["R", 4], ["R", 4], ["R", 3], ["R", 3], ["R", 5], ["R", 15]]}]}, "SubReplyRestController.list": {"t": [{"id": 0, "a": [["R", 25], ["R", 25], ["R", 25], ["R", 25], ["R", 25]]}]}, "AccountRestController.login": {"t": [{"id": 0, "a": [["R", 5], ["R", 14], ["R", 14]]}]}, "AccountRestController.phoneRegister": {"t": [{"id": 0, "a": [["R", 14], ["R", 14], ["W", 14], ["W", 14], ["W", 14], ["W", 5], ["W", 14], ["R", 5], ["W", 5], ["W", 5], ["R", 14], ["R", 5], ["R", 26], ["R", 5], ["W", 14], ["R", 14], ["W", 14], ["W", 14], ["W", 14], ["W", 14], ["W", 5], ["R", 14], ["R", 14], ["R", 14], ["R", 5]]}]}, "AccountRestController.qq_login": {"t": [{"id": 0, "a": [["R", 5], ["R", 14]]}]}, "AccountRestController.register": {"t": [{"id": 0, "a": [["R", 14], ["R", 5], ["W", 14], ["W", 14], ["W", 5], ["R", 5], ["W", 5], ["W", 5], ["R", 14], ["R", 5], ["W", 14], ["W", 14], ["R", 14], ["W", 14], ["W", 14], ["W", 14], ["W", 14], ["W", 5], ["R", 14], ["R", 14], ["R", 14], ["R", 5], ["R", 5], ["W", 5], ["R", 14], ["W", 14], ["R", 5], ["W", 5], ["W", 14], ["R", 14], ["W", 14], ["R", 14], ["W", 14], ["W", 5], ["R", 14], ["R", 14], ["R", 14], ["R", 5]]}]}, "ExhibitionRestController.create": {"t": [{"id": 0, "a": [["R", 27], ["R", 4], ["W", 4], ["W", 27], ["W", 4], ["R", 27], ["R", 27], ["R", 7], ["R", 7], ["W", 7], ["W", 7], ["R", 27], ["R", 7], ["W", 27], ["W", 27], ["R", 27], ["R", 7], ["R", 24], ["R", 24], ["W", 27], ["R", 7], ["R", 10], ["R", 11], ["R", 10], ["R", 11], ["R", 11], ["W", 27], ["W", 5], ["W", 27], ["W", 5], ["W", 27], ["W", 27]]}]}, "ExhibitionRestController.list": {"t": [{"id": 0, "a": [["R", 27], ["R", 27], ["R", 4], ["R", 27], ["R", 27], ["R", 4]]}]}, "TaskController.create": {"t": [{"id": 0, "a": [["W", 28], ["W", 29], ["W", 14], ["W", 29]]}]}, "TaskController.delete": {"t": [{"id": 0, "a": [["W", 29]]}]}, "TaskController.list": {"t": [{"id": 0, "a": [["R", 29], ["R", 29]]}]}, "TaskController.update": {"t": [{"id": 0, "a": [["W", 29]]}]}, "TaskController.updateForm": {"t": [{"id": 0, "a": [["R", 29]]}]}, "CityGroupRestController.list": {"t": [{"id": 0, "a": [["R", 30]]}]}, "ShopRestController.list": {"t": [{"id": 0, "a": [["R", 31], ["R", 31], ["R", 4], ["R", 31], ["R", 31], ["R", 4]]}]}, "VerificationCodeRestController.check": {"t": [{"id": 0, "a": [["R", 26]]}]}, "VerificationCodeRestController.get": {"t": [{"id": 0, "a": [["W", 26], ["W", 26], ["W", 26], ["W", 26]]}]}, "ProfileController.loadMoreOfPicture": {"t": [{"id": 0, "a": [["R", 7]]}]}, "ProfileController.loadMoreOfTopic": {"t": [{"id": 0, "a": [["R", 7]]}]}, "ProfileController.loadMoreOfVideo": {"t": [{"id": 0, "a": [["R", 21]]}]}, "ProfileController.user": {"t": [{"id": 0, "a": [["R", 5], ["R", 7]]}]}, "SiteRestController.create": {"t": [{"id": 0, "a": [["W", 5], ["W", 32], ["W", 5], ["W", 32]]}]}, "SiteRestController.list": {"t": [{"id": 0, "a": [["R", 32], ["R", 32], ["R", 4], ["R", 32], ["R", 32], ["R", 4]]}]}, "TopicAgreeRestController.agree": {"t": [{"id": 0, "a": [["R", 7], ["R", 7], ["W", 7], ["W", 7], ["R", 5], ["R", 7], ["R", 5], ["R", 7], ["W", 7], ["R", 7], ["W", 7], ["W", 7], ["W", 7]]}]}, "TopicAgreeRestController.agreePost": {"t": [{"id": 0, "a": [["R", 7], ["R", 7], ["W", 7], ["W", 7], ["R", 5], ["R", 7], ["R", 5], ["R", 7], ["W", 7], ["R", 7], ["W", 7], ["W", 7], ["W", 7], ["R", 7]]}]}, "InviteController.create": {"t": [{"id": 0, "a": [["R", 5], ["W", 33], ["W", 33], ["W", 5], ["W", 33]]}]}, "InviteController.invite": {"t": [{"id": 0, "a": [["R", 5]]}]}, "GoodsRestController.list": {"t": [{"id": 0, "a": [["R", 34]]}]}, "GoodsRestController.listByCategory": {"t": [{"id": 0, "a": [["R", 34], ["R", 34], ["R", 23], ["R", 34], ["R", 34], ["R", 23]]}]}, "GoodsRestController.listByShop": {"t": [{"id": 0, "a": [["R", 34]]}]}, "UserAdminController.delete": {"t": [{"id": 0, "a": [["R", 5], ["W", 5], ["R", 29], ["R", 29], ["R", 14], ["R", 14]]}]}, "UserAdminController.list": {"t": [{"id": 0, "a": [["R", 5]]}]}, "UserAdminController.update": {"t": [{"id": 0, "a": [["R", 14], ["W", 14], ["R", 14], ["W", 14], ["W", 5], ["R", 14], ["R", 14], ["R", 14], ["R", 5], ["R", 14]]}]}, "UserAdminController.updateForm": {"t": [{"id": 0, "a": [["R", 5]]}]}, "SiteController.list": {"t": [{"id": 0, "a": [["R", 32], ["R", 32], ["R", 32], ["R", 4], ["R", 32], ["R", 32], ["R", 4]]}]}, "DanmuBiRestController.get": {"t": [{"id": 0, "a": [["R", 22], ["R", 22], ["R", 22], ["R", 22]]}]}, "QQLoginRedirectController.get": {"t": [{"id": 0, "a": [["R", 5], ["W", 14], ["W", 14], ["W", 14], ["W", 14], ["W", 14], ["R", 14], ["W", 14], ["W", 14], ["W", 14], ["W", 14], ["W", 5], ["R", 14], ["R", 14], ["R", 14], ["R", 5]]}]}, "QQLoginRedirectController.qqLoginAfter": {"t": [{"id": 0, "a": [["R", 5], ["W", 14], ["W", 14], ["W", 14], ["W", 14], ["W", 14], ["R", 14], ["W", 14], ["W", 14], ["W", 14], ["W", 14], ["W", 5], ["R", 14], ["R", 14], ["R", 14], ["R", 5]]}]}, "GoodsAdminController.create": {"t": [{"id": 0, "a": [["W", 23], ["W", 34], ["W", 23], ["R", 31], ["W", 34], ["W", 31], ["W", 34], ["W", 34]]}]}, "GoodsAdminController.createForm": {"t": [{"id": 0, "a": [["R", 31], ["R", 31], ["R", 4], ["R", 4], ["R", 23]]}]}, "GoodsAdminController.list": {"t": [{"id": 0, "a": [["R", 31], ["R", 31], ["R", 34]]}]}, "GroupRestController.create": {"t": [{"id": 0, "a": [["W", 5], ["W", 35], ["W", 5], ["R", 35], ["R", 35], ["W", 35]]}]}, "GroupRestController.list": {"t": [{"id": 0, "a": [["R", 35]]}]}, "ReplyRestController.create": {"t": [{"id": 0, "a": [["R", 12], ["R", 7], ["R", 7], ["R", 7], ["R", 7], ["W", 12], ["W", 12], ["R", 7], ["W", 7], ["R", 7], ["W", 7], ["W", 7], ["W", 13], ["R", 12], ["W", 13], ["R", 12], ["R", 5], ["W", 13], ["W", 5], ["R", 7], ["W", 13], ["W", 13], ["R", 7], ["W", 13], ["R", 7], ["R", 5], ["W", 13], ["W", 5], ["R", 12], ["R", 5], ["R", 5], ["R", 7], ["R", 5], ["R", 5], ["R", 12], ["R", 5], ["R", 5], ["R", 5], ["W", 13], ["W", 5], ["W", 13], ["R", 7], ["R", 5], ["R", 5], ["R", 5], ["R", 5], ["R", 5], ["R", 5], ["R", 3], ["R", 3], ["R", 4], ["R", 4], ["R", 3], ["R", 3], ["R", 5], ["R", 5], ["R", 5], ["R", 5], ["R", 3], ["R", 3], ["R", 4], ["R", 4], ["R", 3], ["R", 3], ["R", 5], ["R", 13], ["R", 5], ["R", 14], ["R", 7], ["R", 5], ["R", 5], ["R", 5], ["R", 5], ["R", 3], ["R", 3], ["R", 4], ["R", 4], ["R", 3], ["R", 3], ["R", 5], ["R", 12], ["R", 5], ["R", 12], ["R", 5], ["R", 5], ["R", 12], ["R", 5], ["R", 5], ["R", 5], ["W", 15], ["W", 5], ["R", 15], ["R", 15], ["R", 15], ["R", 5], ["R", 15], ["R", 15], ["W", 15], ["W", 15], ["W", 15], ["R", 15], ["R", 15], ["R", 15], ["R", 5], ["R", 15], ["R", 15], ["W", 15], ["W", 15], ["W", 15], ["R", 15], ["R", 15], ["R", 15], ["R", 5], ["R", 15], ["R", 15], ["W", 15], ["W", 15], ["W", 15], ["W", 15], ["R", 5], ["R", 15], ["W", 5], ["W", 5], ["R", 5], ["R", 5], ["R", 5], ["R", 5], ["R", 5], ["R", 3], ["R", 3], ["R", 4], ["R", 4], ["R", 3], ["R", 3], ["R", 5], ["R", 5], ["R", 5], ["R", 5], ["R", 3], ["R", 3], ["R", 4], ["R", 4], ["R", 3], ["R", 3], ["R", 5], ["R", 15]]}]}, "ReplyRestController.get": {"t": [{"id": 0, "a": [["R", 12]]}]}, "ReplyRestController.getHot": {"t": [{"id": 0, "a": [["R", 12]]}]}, "ReplyRestController.list": {"t": [{"id": 0, "a": [["R", 12]]}]}, "ShopAdminController.my": {"t": [{"id": 0, "a": [["R", 31]]}]}, "FollowingRestCOntroller.list": {"t": [{"id": 0, "a": [["R", 5], ["R", 5], ["R", 5]]}]}, "VideoRestController.list": {"t": [{"id": 0, "a": [["R", 21]]}]}, "InviteQQController.download": {"t": [{"id": 0, "a": [["R", 5], ["R", 5], ["W", 5], ["W", 5], ["W", 5], ["R", 1]]}]}, "InviteQQController.download3": {"t": [{"id": 0, "a": [["R", 1]]}]}, "InviteQQController.invite": {"t": [{"id": 0, "a": [["R", 5]]}]}, "GeoRestController.list": {"t": [{"id": 0, "a": [["R", 5], ["W", 5], ["W", 5], ["W", 5], ["W", 5], ["W", 5], ["R", 5]]}]}, "GeoRestController.updatePoint": {"t": [{"id": 0, "a": [["R", 5], ["W", 5], ["W", 5], ["W", 5], ["W", 5], ["W", 5], ["W", 5], ["W", 5], ["W", 5], ["W", 5], ["W", 5]]}]}, "TaskRestController.create": {"t": [{"id": 0, "a": [["W", 29], ["R", 29]]}]}, "TaskRestController.delete": {"t": [{"id": 0, "a": [["W", 29]]}]}, "TaskRestController.get": {"t": [{"id": 0, "a": [["R", 29]]}]}, "TaskRestController.list": {"t": [{"id": 0, "a": [["R", 29]]}]}, "TaskRestController.update": {"t": [{"id": 0, "a": [["W", 29]]}]}, "ProfileRestController.update": {"t": [{"id": 0, "a": [["R", 14], ["R", 5], ["R", 5], ["R", 5], ["R", 5], ["R", 5], ["R", 14], ["W", 14], ["R", 5], ["W", 5], ["R", 5], ["W", 5], ["R", 5], ["W", 5], ["W", 5]]}]}, "ProfileRestController.updateAttribute": {"t": [{"id": 0, "a": [["R", 5], ["R", 5], ["W", 14], ["R", 14], ["R", 14], ["R", 14], ["R", 5], ["W", 5], ["W", 5], ["W", 36], ["W", 36], ["R", 5], ["W", 36], ["W", 36], ["W", 5], ["W", 36], ["W", 36], ["R", 5], ["W", 36], ["W", 36], ["W", 5], ["R", 14], ["R", 14], ["R", 14], ["R", 5], ["W", 5]]}]}, "ProfileRestController.updateBackground": {"t": [{"id": 0, "a": [["R", 5], ["R", 5], ["R", 5], ["W", 5], ["W", 5]]}]}, "ProvinceRestController.list": {"t": [{"id": 0, "a": [["R", 37]]}]}, "CourseController.addExplan": {"t": [{"id": 0, "a": [["W", 5], ["W", 7], ["W", 5], ["W", 7], ["W", 7], ["R", 7], ["W", 7], ["W", 7], ["W", 7], ["W", 7], ["W", 24], ["W", 24], ["W", 7], ["W", 24], ["W", 4], ["W", 7], ["W", 4], ["W", 17], ["W", 7], ["W", 17], ["R", 7], ["W", 7], ["W", 7], ["W", 7]]}]}, "CourseController.addExplanForm": {"t": [{"id": 0, "a": [["R", 17]]}]}, "CourseController.create": {"t": [{"id": 0, "a": [["W", 5], ["W", 17], ["W", 5], ["W", 17], ["W", 17], ["W", 38], ["W", 17], ["W", 38], ["W", 17]]}]}, "CourseController.createForm": {"t": [{"id": 0, "a": [["R", 38], ["R", 38], ["R", 38], ["R", 4], ["R", 38], ["R", 17], ["R", 17], ["R", 17], ["R", 38], ["W", 38], ["W", 17]]}]}, "CourseController.detail": {"t": [{"id": 0, "a": [["R", 17], ["R", 7], ["R", 7], ["R", 7]]}]}, "CourseController.list": {"t": [{"id": 0, "a": [["R", 38], ["R", 38], ["R", 38], ["R", 4], ["R", 38], ["R", 17], ["R", 17], ["R", 17], ["R", 38], ["W", 38], ["W", 17]]}]}, "CourseController.loadMore": {"t": [{"id": 0, "a": [["R", 7]]}]}, "CourseController.loadMoreOfCourse": {"t": [{"id": 0, "a": [["R", 7]]}]}, "CourseController.loadMoreOfQuestion": {"t": [{"id": 0, "a": [["R", 7]]}]}, "CourseController.revision": {"t": [{"id": 0, "a": [["R", 17], ["R", 17]]}]}, "CourseController.update": {"t": [{"id": 0, "a": [["R", 17], ["R", 17], ["R", 17], ["W", 17], ["R", 17], ["W", 17], ["W", 17], ["R", 17], ["R", 5], ["W", 17], ["W", 5], ["R", 17], ["R", 38], ["W", 17], ["W", 38], ["R", 17], ["W", 17], ["W", 17], ["R", 17], ["R", 17], ["W", 17], ["W", 17], ["R", 17], ["W", 17], ["R", 17], ["W", 17], ["R", 17], ["W", 17], ["W", 17], ["W", 17]]}]}, "CourseController.updateForm": {"t": [{"id": 0, "a": [["R", 17]]}]}, "RegisterController.checkLoginName": {"t": [{"id": 0, "a": [["R", 5]]}]}, "AlipayAsyncNotify.async": {"t": [{"id": 0, "a": [["W", 39], ["W", 39], ["W", 39], ["R", 8], ["W", 8], ["W", 8]]}]}, "InviteRestController.getInviter": {"t": [{"id": 0, "a": [["R", 5], ["R", 5], ["R", 5]]}]}, "ProfileControllerOLd.update": {"t": [{"id": 0, "a": [["R", 14], ["W", 14], ["R", 14], ["W", 14], ["W", 5], ["R", 14], ["R", 14], ["R", 14], ["R", 5], ["R", 14]]}]}, "ProfileControllerOLd.updateForm": {"t": [{"id": 0, "a": [["R", 5]]}]}, "HandshakeRestController.get": {"t": [{"id": 0, "a": [["R", 4]]}]}, "HandshakeRestController.post": {"t": [{"id": 0, "a": [["R", 5], ["W", 5], ["W", 5], ["W", 5], ["W", 5], ["W", 5], ["W", 5], ["R", 5], ["W", 15], ["W", 5], ["R", 15], ["R", 15], ["R", 15], ["R", 5], ["R", 15], ["R", 15], ["W", 15], ["W", 15], ["W", 15], ["R", 15], ["R", 15], ["R", 15], ["R", 5], ["R", 15], ["R", 15], ["W", 15], ["W", 15], ["W", 15], ["R", 15], ["R", 15], ["R", 15], ["R", 5], ["R", 15], ["R", 15], ["W", 15], ["W", 15], ["W", 15], ["W", 15], ["R", 5], ["R", 15], ["W", 5], ["W", 5], ["R", 5], ["R", 5], ["R", 5], ["R", 5], ["R", 5], ["R", 3], ["R", 3], ["R", 4], ["R", 4], ["R", 3], ["R", 3], ["R", 5], ["R", 5], ["R", 5], ["R", 5], ["R", 3], ["R", 3], ["R", 4], ["R", 4], ["R", 3], ["R", 3], ["R", 5], ["R", 15], ["W", 5], ["R", 4]]}]}, "CourseTaxonomyRestController.list": {"t": [{"id": 0, "a": [["R", 38], ["R", 38], ["R", 38], ["R", 4], ["R", 38], ["R", 17], ["R", 17], ["R", 17], ["R", 38], ["W", 38], ["W", 17]]}]}, "ReferenceAvatarRestController.get": {"t": [{"id": 0, "a": [["R", 40]]}]}, "DiscussController.create": {"t": [{"id": 0, "a": [["W", 4], ["W", 7], ["W", 4], ["W", 19], ["W", 7], ["W", 19], ["W", 5], ["W", 7], ["W", 5], ["W", 7], ["W", 7], ["W", 7], ["R", 7], ["W", 10], ["W", 11], ["W", 11], ["W", 11], ["W", 11], ["R", 11], ["R", 10], ["R", 11], ["W", 10], ["W", 11], ["W", 10], ["W", 7], ["W", 10], ["W", 7], ["W", 7], ["W", 7]]}]}, "DiscussController.createReply": {"t": [{"id": 0, "a": [["W", 12], ["W", 5], ["W", 7], ["W", 12], ["W", 5], ["W", 12], ["W", 7], ["R", 12], ["R", 7], ["R", 7], ["R", 7], ["R", 7], ["W", 12], ["W", 12], ["R", 7], ["W", 7], ["R", 7], ["W", 7], ["W", 7], ["W", 13], ["R", 12], ["W", 13], ["R", 12], ["R", 5], ["W", 13], ["W", 5], ["R", 7], ["W", 13], ["W", 13], ["R", 7], ["W", 13], ["R", 7], ["R", 5], ["W", 13], ["W", 5], ["R", 12], ["R", 5], ["R", 5], ["R", 7], ["R", 5], ["R", 5], ["R", 12], ["R", 5], ["R", 5], ["R", 5], ["W", 13], ["W", 5], ["W", 13], ["R", 7], ["R", 5], ["R", 5], ["R", 5], ["R", 5], ["R", 5], ["R", 5], ["R", 3], ["R", 3], ["R", 4], ["R", 4], ["R", 3], ["R", 3], ["R", 5], ["R", 5], ["R", 5], ["R", 5], ["R", 3], ["R", 3], ["R", 4], ["R", 4], ["R", 3], ["R", 3], ["R", 5], ["R", 13], ["R", 5], ["R", 14], ["R", 7], ["R", 5], ["R", 5], ["R", 5], ["R", 5], ["R", 3], ["R", 3], ["R", 4], ["R", 4], ["R", 3], ["R", 3], ["R", 5], ["R", 12], ["R", 5], ["R", 12], ["R", 5], ["R", 5], ["R", 12], ["R", 5], ["R", 5], ["R", 5], ["W", 15], ["W", 5], ["R", 15], ["R", 15], ["R", 15], ["R", 5], ["R", 15], ["R", 15], ["W", 15], ["W", 15], ["W", 15], ["R", 15], ["R", 15], ["R", 15], ["R", 5], ["R", 15], ["R", 15], ["W", 15], ["W", 15], ["W", 15], ["R", 15], ["R", 15], ["R", 15], ["R", 5], ["R", 15], ["R", 15], ["W", 15], ["W", 15], ["W", 15], ["W", 15], ["R", 5], ["R", 15], ["W", 5], ["W", 5], ["R", 5], ["R", 5], ["R", 5], ["R", 5], ["R", 5], ["R", 3], ["R", 3], ["R", 4], ["R", 4], ["R", 3], ["R", 3], ["R", 5], ["R", 5], ["R", 5], ["R", 5], ["R", 3], ["R", 3], ["R", 4], ["R", 4], ["R", 3], ["R", 3], ["R", 5], ["R", 15]]}]}, "DiscussController.detail": {"t": [{"id": 0, "a": [["R", 7], ["R", 7], ["W", 7], ["W", 7], ["R", 12]]}]}, "DiscussController.list": {"t": [{"id": 0, "a": [["R", 7], ["R", 7], ["R", 7], ["R", 4], ["R", 7], ["R", 7], ["R", 4], ["R", 7], ["R", 19], ["R", 7], ["R", 7], ["R", 4], ["R", 7], ["R", 7], ["R", 4], ["R", 19]]}]}, "QQLoginController.qqLoginAfter": {"t": [{"id": 0, "a": [["R", 5], ["W", 14], ["W", 14], ["W", 14], ["W", 14], ["R", 40], ["R", 40], ["W", 5], ["W", 5], ["W", 5], ["W", 5], ["W", 14], ["R", 14], ["W", 14], ["W", 14], ["W", 14], ["W", 14], ["W", 5], ["R", 14], ["R", 14], ["R", 14], ["R", 5], ["R", 14]]}]}, "QQLoginController.qqLoginRedirect": {"t": [{"id": 0, "a": [["R", 5], ["W", 14], ["W", 14], ["W", 14], ["W", 14], ["R", 40], ["R", 40], ["W", 5], ["W", 5], ["W", 5], ["W", 5], ["W", 14], ["R", 14], ["W", 14], ["W", 14], ["W", 14], ["W", 14], ["W", 5], ["R", 14], ["R", 14], ["R", 14], ["R", 5], ["R", 14]]}]}, "QQLoginController.updateProfile": {"t": [{"id": 0, "a": [["R", 5], ["W", 5], ["R", 14], ["W", 14], ["R", 14], ["W", 14], ["W", 5], ["R", 14], ["R", 14], ["R", 14], ["R", 5], ["R", 14]]}]}, "QQLoginController.updateProfileForm": {"t": [{"id": 0, "a": [["R", 5]]}]}}