{"AppVersion": 1, "UserScore": 2, "AppKey": 3, "Hobby": 4, "User": 5, "Collection": 6, "Topic": 7, "Trade": 8, "Sponsorship": 9, "MediaWrap": 10, "Media": 11, "Reply": 12, "Remind": 13, "UserBase": 14, "Point": 15, "TopicScore": 16, "Course": 17, "CategoryPredefined": 18, "Taxonomy": 19, "Activity": 20, "Video": 21, "Danmu": 22, "Category": 23, "VideoDetail": 24, "SubReply": 25, "VerificationCode": 26, "Exhibition": 27, "IdEntity": 28, "Task": 29, "CityGroup": 30, "Shop": 31, "Site": 32, "Invite": 33, "Goods": 34, "Group": 35, "ImageHistory": 36, "Province": 37, "CourseTaxonomy": 38, "AccessLog": 39, "ReferenceAvatar": 40}