{"28": ["chaoyue2010@yeah.net"], "29": ["chaoyue2010@yeah.net"], "5": ["236531490@qq.com", "chaoyue2010@yeah.net"], "41": ["chaoyue2010@yeah.net"], "42": ["chaoyue2010@yeah.net"], "43": ["chaoyue2010@yeah.net"], "44": ["chaoyue2010@yeah.net"], "45": ["chaoyue2010@yeah.net"], "46": ["chaoyue2010@yeah.net"], "47": ["chaoyue2010@yeah.net"], "48": ["chaoyue2010@yeah.net"], "49": ["chaoyue2010@yeah.net"], "50": ["chaoyue2010@yeah.net"], "51": ["chaoyue2010@yeah.net"], "52": ["chaoyue2010@yeah.net"], "53": ["chaoyue2010@yeah.net"], "54": ["chaoyue2010@yeah.net"], "55": ["chaoyue2010@yeah.net"], "56": ["chaoyue2010@yeah.net"], "57": ["chaoyue2010@yeah.net"], "58": ["chaoyue2010@yeah.net"], "59": ["chaoyue2010@yeah.net"], "60": ["chaoyue2010@yeah.net"], "61": ["chaoyue2010@yeah.net"], "62": ["chaoyue2010@yeah.net"], "63": ["chaoyue2010@yeah.net"], "64": ["236531490@qq.com", "chaoyue2010@yeah.net"], "65": ["chaoyue2010@yeah.net"], "66": ["chaoyue2010@yeah.net"], "67": ["chaoyue2010@yeah.net"], "68": ["chaoyue2010@yeah.net"], "69": ["chaoyue2010@yeah.net"], "7": ["236531490@qq.com", "chaoyue2010@yeah.net"], "70": ["236531490@qq.com", "chaoyue2010@yeah.net"], "71": ["236531490@qq.com", "chaoyue2010@yeah.net"], "30": ["236531490@qq.com", "chaoyue2010@yeah.net"], "32": ["236531490@qq.com", "chaoyue2010@yeah.net"], "12": ["236531490@qq.com", "chaoyue2010@yeah.net"], "21": ["chaoyue2010@yeah.net"], "72": ["236531490@qq.com", "chaoyue2010@yeah.net"], "73": ["236531490@qq.com", "chaoyue2010@yeah.net"], "74": ["236531490@qq.com", "chaoyue2010@yeah.net"], "75": ["236531490@qq.com", "chaoyue2010@yeah.net"], "76": ["236531490@qq.com", "chaoyue2010@yeah.net"], "77": ["236531490@qq.com", "chaoyue2010@yeah.net"], "78": ["236531490@qq.com", "chaoyue2010@yeah.net"], "25": ["236531490@qq.com", "chaoyue2010@yeah.net"], "20": ["236531490@qq.com", "chaoyue2010@yeah.net"], "79": ["236531490@qq.com", "chaoyue2010@yeah.net"], "80": ["236531490@qq.com", "chaoyue2010@yeah.net"], "37": ["236531490@qq.com"], "81": ["236531490@qq.com"], "82": ["236531490@qq.com", "chaoyue2010@yeah.net"], "83": ["236531490@qq.com"], "154": ["236531490@qq.com", "chaoyue2010@yeah.net"], "155": ["236531490@qq.com", "chaoyue2010@yeah.net"], "156": ["236531490@qq.com", "chaoyue2010@yeah.net"], "87": ["chaoyue2010@yeah.net"], "88": ["chaoyue2010@yeah.net"], "89": ["chaoyue2010@yeah.net"], "145": ["236531490@qq.com", "chaoyue2010@yeah.net"], "146": ["236531490@qq.com", "chaoyue2010@yeah.net"], "92": ["chaoyue2010@yeah.net"], "93": ["chaoyue2010@yeah.net"], "94": ["chaoyue2010@yeah.net"], "147": ["236531490@qq.com", "chaoyue2010@yeah.net"], "148": ["236531490@qq.com", "chaoyue2010@yeah.net"], "150": ["236531490@qq.com", "chaoyue2010@yeah.net"], "152": ["236531490@qq.com", "chaoyue2010@yeah.net"], "151": ["236531490@qq.com", "chaoyue2010@yeah.net"], "153": ["236531490@qq.com", "chaoyue2010@yeah.net"], "208": ["chaoyue2010@yeah.net"], "157": ["236531490@qq.com", "chaoyue2010@yeah.net"], "103": ["236531490@qq.com", "chaoyue2010@yeah.net"], "104": ["chaoyue2010@yeah.net"], "105": ["chaoyue2010@yeah.net"], "106": ["chaoyue2010@yeah.net"], "107": ["chaoyue2010@yeah.net"], "108": ["chaoyue2010@yeah.net"], "4": ["chaoyue2010@yeah.net"], "109": ["chaoyue2010@yeah.net"], "110": ["chaoyue2010@yeah.net"], "111": ["chaoyue2010@yeah.net"], "112": ["chaoyue2010@yeah.net"], "113": ["chaoyue2010@yeah.net"], "114": ["chaoyue2010@yeah.net"], "115": ["chaoyue2010@yeah.net"], "116": ["chaoyue2010@yeah.net"], "117": ["chaoyue2010@yeah.net"], "118": ["chaoyue2010@yeah.net"], "119": ["chaoyue2010@yeah.net"], "120": ["chaoyue2010@yeah.net"], "121": ["chaoyue2010@yeah.net"], "122": ["chaoyue2010@yeah.net"], "123": ["chaoyue2010@yeah.net"], "124": ["chaoyue2010@yeah.net"], "125": ["chaoyue2010@yeah.net"], "126": ["chaoyue2010@yeah.net"], "127": ["chaoyue2010@yeah.net"], "128": ["chaoyue2010@yeah.net"], "38": ["chaoyue2010@yeah.net"], "129": ["chaoyue2010@yeah.net"], "130": ["chaoyue2010@yeah.net"], "131": ["chaoyue2010@yeah.net"], "132": ["chaoyue2010@yeah.net"], "165": ["chaoyue2010@yeah.net"], "134": ["chaoyue2010@yeah.net"], "135": ["chaoyue2010@yeah.net"], "136": ["chaoyue2010@yeah.net"], "137": ["chaoyue2010@yeah.net"], "138": ["chaoyue2010@yeah.net"], "139": ["236531490@qq.com", "chaoyue2010@yeah.net"], "140": ["chaoyue2010@yeah.net"], "24": ["chaoyue2010@yeah.net"], "529": ["chaoyue2010@yeah.net"], "142": ["236531490@qq.com", "chaoyue2010@yeah.net"], "143": ["236531490@qq.com", "chaoyue2010@yeah.net"], "144": ["236531490@qq.com", "chaoyue2010@yeah.net"], "149": ["236531490@qq.com", "chaoyue2010@yeah.net"], "158": ["236531490@qq.com", "chaoyue2010@yeah.net"], "159": ["236531490@qq.com", "chaoyue2010@yeah.net"], "160": ["236531490@qq.com", "chaoyue2010@yeah.net"], "161": ["236531490@qq.com", "chaoyue2010@yeah.net"], "162": ["236531490@qq.com", "chaoyue2010@yeah.net"], "163": ["236531490@qq.com", "chaoyue2010@yeah.net"], "164": ["chaoyue2010@yeah.net"], "166": ["chaoyue2010@yeah.net"], "167": ["236531490@qq.com", "chaoyue2010@yeah.net"], "168": ["chaoyue2010@yeah.net"], "175": ["chaoyue2010@yeah.net"], "170": ["chaoyue2010@yeah.net"], "171": ["chaoyue2010@yeah.net"], "11": ["chaoyue2010@yeah.net"], "172": ["chaoyue2010@yeah.net"], "173": ["chaoyue2010@yeah.net"], "174": ["chaoyue2010@yeah.net"], "176": ["chaoyue2010@yeah.net"], "22": ["chaoyue2010@yeah.net"], "177": ["chaoyue2010@yeah.net"], "178": ["chaoyue2010@yeah.net"], "179": ["chaoyue2010@yeah.net"], "180": ["chaoyue2010@yeah.net"], "181": ["chaoyue2010@yeah.net"], "182": ["chaoyue2010@yeah.net"], "183": ["chaoyue2010@yeah.net"], "184": ["chaoyue2010@yeah.net"], "185": ["chaoyue2010@yeah.net"], "186": ["chaoyue2010@yeah.net"], "187": ["chaoyue2010@yeah.net"], "14": ["chaoyue2010@yeah.net"], "188": ["chaoyue2010@yeah.net"], "189": ["chaoyue2010@yeah.net"], "190": ["chaoyue2010@yeah.net"], "191": ["chaoyue2010@yeah.net"], "10": ["chaoyue2010@yeah.net"], "16": ["chaoyue2010@yeah.net"], "19": ["chaoyue2010@yeah.net"], "192": ["chaoyue2010@yeah.net"], "193": ["chaoyue2010@yeah.net"], "194": ["chaoyue2010@yeah.net"], "195": ["chaoyue2010@yeah.net"], "207": ["chaoyue2010@yeah.net"], "197": ["chaoyue2010@yeah.net"], "198": ["chaoyue2010@yeah.net"], "199": ["chaoyue2010@yeah.net"], "200": ["chaoyue2010@yeah.net"], "201": ["chaoyue2010@yeah.net"], "202": ["chaoyue2010@yeah.net"], "203": ["chaoyue2010@yeah.net"], "204": ["chaoyue2010@yeah.net"], "205": ["chaoyue2010@yeah.net"], "206": ["chaoyue2010@yeah.net"], "210": ["chaoyue2010@yeah.net"], "211": ["236531490@qq.com", "chaoyue2010@yeah.net"], "217": ["chaoyue2010@yeah.net"], "213": ["chaoyue2010@yeah.net"], "214": ["chaoyue2010@yeah.net"], "215": ["chaoyue2010@yeah.net"], "216": ["chaoyue2010@yeah.net"], "218": ["chaoyue2010@yeah.net"], "220": ["chaoyue2010@yeah.net"], "221": ["chaoyue2010@yeah.net"], "222": ["chaoyue2010@yeah.net"], "223": ["chaoyue2010@yeah.net"], "224": ["chaoyue2010@yeah.net"], "225": ["chaoyue2010@yeah.net"], "226": ["chaoyue2010@yeah.net"], "227": ["chaoyue2010@yeah.net"], "228": ["chaoyue2010@yeah.net"], "229": ["chaoyue2010@yeah.net"], "230": ["chaoyue2010@yeah.net"], "231": ["chaoyue2010@yeah.net"], "232": ["chaoyue2010@yeah.net"], "233": ["chaoyue2010@yeah.net"], "234": ["chaoyue2010@yeah.net"], "235": ["chaoyue2010@yeah.net"], "236": ["236531490@qq.com", "chaoyue2010@yeah.net"], "237": ["236531490@qq.com", "chaoyue2010@yeah.net"], "255": ["chaoyue2010@yeah.net"], "256": ["chaoyue2010@yeah.net"], "240": ["chaoyue2010@yeah.net"], "241": ["chaoyue2010@yeah.net"], "242": ["chaoyue2010@yeah.net"], "243": ["chaoyue2010@yeah.net"], "244": ["chaoyue2010@yeah.net"], "245": ["chaoyue2010@yeah.net"], "246": ["chaoyue2010@yeah.net"], "247": ["chaoyue2010@yeah.net"], "248": ["chaoyue2010@yeah.net"], "249": ["chaoyue2010@yeah.net"], "250": ["chaoyue2010@yeah.net"], "251": ["chaoyue2010@yeah.net"], "252": ["chaoyue2010@yeah.net"], "253": ["chaoyue2010@yeah.net"], "254": ["chaoyue2010@yeah.net"], "257": ["236531490@qq.com", "chaoyue2010@yeah.net"], "258": ["236531490@qq.com", "chaoyue2010@yeah.net"], "259": ["chaoyue2010@yeah.net"], "260": ["chaoyue2010@yeah.net"], "261": ["chaoyue2010@yeah.net"], "262": ["236531490@qq.com", "chaoyue2010@yeah.net"], "263": ["chaoyue2010@yeah.net"], "264": ["chaoyue2010@yeah.net"], "265": ["chaoyue2010@yeah.net"], "266": ["chaoyue2010@yeah.net"], "268": ["chaoyue2010@yeah.net"], "269": ["chaoyue2010@yeah.net"], "270": ["chaoyue2010@yeah.net"], "271": ["chaoyue2010@yeah.net"], "272": ["chaoyue2010@yeah.net"], "273": ["chaoyue2010@yeah.net"], "546": ["236531490@qq.com", "chaoyue2010@yeah.net"], "275": ["chaoyue2010@yeah.net"], "276": ["chaoyue2010@yeah.net"], "277": ["chaoyue2010@yeah.net"], "278": ["chaoyue2010@yeah.net"], "279": ["chaoyue2010@yeah.net"], "284": ["chaoyue2010@yeah.net"], "281": ["chaoyue2010@yeah.net"], "283": ["chaoyue2010@yeah.net"], "285": ["chaoyue2010@yeah.net"], "286": ["chaoyue2010@yeah.net"], "288": ["chaoyue2010@yeah.net"], "289": ["chaoyue2010@yeah.net"], "290": ["chaoyue2010@yeah.net"], "291": ["chaoyue2010@yeah.net"], "292": ["chaoyue2010@yeah.net"], "293": ["chaoyue2010@yeah.net"], "294": ["chaoyue2010@yeah.net"], "295": ["chaoyue2010@yeah.net"], "296": ["chaoyue2010@yeah.net"], "297": ["chaoyue2010@yeah.net"], "627": ["chaoyue2010@yeah.net"], "300": ["chaoyue2010@yeah.net"], "396": ["chaoyue2010@yeah.net"], "302": ["chaoyue2010@yeah.net"], "303": ["chaoyue2010@yeah.net"], "304": ["236531490@qq.com", "chaoyue2010@yeah.net"], "307": ["chaoyue2010@yeah.net"], "306": ["chaoyue2010@yeah.net"], "308": ["chaoyue2010@yeah.net"], "309": ["236531490@qq.com", "chaoyue2010@yeah.net"], "310": ["chaoyue2010@yeah.net"], "314": ["chaoyue2010@yeah.net"], "312": ["chaoyue2010@yeah.net"], "313": ["chaoyue2010@yeah.net"], "315": ["chaoyue2010@yeah.net"], "316": ["chaoyue2010@yeah.net"], "318": ["chaoyue2010@yeah.net"], "319": ["236531490@qq.com", "chaoyue2010@yeah.net"], "320": ["236531490@qq.com", "chaoyue2010@yeah.net"], "321": ["chaoyue2010@yeah.net"], "322": ["chaoyue2010@yeah.net"], "323": ["chaoyue2010@yeah.net"], "569": ["chaoyue2010@yeah.net"], "325": ["chaoyue2010@yeah.net"], "326": ["chaoyue2010@yeah.net"], "327": ["236531490@qq.com", "chaoyue2010@yeah.net"], "328": ["chaoyue2010@yeah.net"], "329": ["chaoyue2010@yeah.net"], "13": ["chaoyue2010@yeah.net"], "330": ["chaoyue2010@yeah.net"], "331": ["chaoyue2010@yeah.net"], "332": ["chaoyue2010@yeah.net"], "333": ["chaoyue2010@yeah.net"], "334": ["chaoyue2010@yeah.net"], "335": ["chaoyue2010@yeah.net"], "336": ["chaoyue2010@yeah.net"], "337": ["236531490@qq.com", "chaoyue2010@yeah.net"], "338": ["chaoyue2010@yeah.net"], "339": ["chaoyue2010@yeah.net"], "341": ["chaoyue2010@yeah.net"], "342": ["chaoyue2010@yeah.net"], "343": ["chaoyue2010@yeah.net"], "344": ["chaoyue2010@yeah.net"], "345": ["chaoyue2010@yeah.net"], "346": ["chaoyue2010@yeah.net"], "347": ["chaoyue2010@yeah.net"], "348": ["chaoyue2010@yeah.net"], "349": ["chaoyue2010@yeah.net"], "350": ["chaoyue2010@yeah.net"], "351": ["chaoyue2010@yeah.net"], "352": ["chaoyue2010@yeah.net"], "356": ["chaoyue2010@yeah.net"], "354": ["chaoyue2010@yeah.net"], "355": ["chaoyue2010@yeah.net"], "357": ["chaoyue2010@yeah.net"], "358": ["chaoyue2010@yeah.net"], "359": ["chaoyue2010@yeah.net"], "3": ["chaoyue2010@yeah.net"], "360": ["chaoyue2010@yeah.net"], "361": ["chaoyue2010@yeah.net"], "363": ["chaoyue2010@yeah.net"], "364": ["236531490@qq.com", "chaoyue2010@yeah.net"], "365": ["chaoyue2010@yeah.net"], "366": ["chaoyue2010@yeah.net"], "368": ["chaoyue2010@yeah.net"], "369": ["chaoyue2010@yeah.net"], "370": ["chaoyue2010@yeah.net"], "371": ["chaoyue2010@yeah.net"], "372": ["236531490@qq.com", "chaoyue2010@yeah.net"], "373": ["chaoyue2010@yeah.net"], "375": ["chaoyue2010@yeah.net"], "376": ["chaoyue2010@yeah.net"], "379": ["chaoyue2010@yeah.net"], "383": ["chaoyue2010@yeah.net"], "40": ["chaoyue2010@yeah.net"], "380": ["chaoyue2010@yeah.net"], "381": ["chaoyue2010@yeah.net"], "382": ["chaoyue2010@yeah.net"], "384": ["chaoyue2010@yeah.net"], "387": ["chaoyue2010@yeah.net"], "388": ["chaoyue2010@yeah.net"], "389": ["chaoyue2010@yeah.net"], "390": ["chaoyue2010@yeah.net"], "391": ["236531490@qq.com", "chaoyue2010@yeah.net"], "392": ["chaoyue2010@yeah.net"], "393": ["chaoyue2010@yeah.net"], "394": ["chaoyue2010@yeah.net"], "395": ["chaoyue2010@yeah.net"], "397": ["chaoyue2010@yeah.net"], "398": ["chaoyue2010@yeah.net"], "399": ["chaoyue2010@yeah.net"], "400": ["chaoyue2010@yeah.net"], "401": ["chaoyue2010@yeah.net"], "402": ["chaoyue2010@yeah.net"], "403": ["chaoyue2010@yeah.net"], "406": ["chaoyue2010@yeah.net"], "405": ["chaoyue2010@yeah.net"], "407": ["chaoyue2010@yeah.net"], "408": ["chaoyue2010@yeah.net"], "409": ["chaoyue2010@yeah.net"], "410": ["chaoyue2010@yeah.net"], "411": ["chaoyue2010@yeah.net"], "412": ["chaoyue2010@yeah.net"], "413": ["chaoyue2010@yeah.net"], "414": ["chaoyue2010@yeah.net"], "415": ["chaoyue2010@yeah.net"], "416": ["chaoyue2010@yeah.net"], "417": ["chaoyue2010@yeah.net"], "686": ["236531490@qq.com"], "33": ["chaoyue2010@yeah.net"], "419": ["chaoyue2010@yeah.net"], "420": ["chaoyue2010@yeah.net"], "421": ["chaoyue2010@yeah.net"], "26": ["chaoyue2010@yeah.net"], "422": ["chaoyue2010@yeah.net"], "423": ["chaoyue2010@yeah.net"], "424": ["chaoyue2010@yeah.net"], "425": ["chaoyue2010@yeah.net"], "428": ["chaoyue2010@yeah.net"], "427": ["chaoyue2010@yeah.net"], "429": ["chaoyue2010@yeah.net"], "430": ["chaoyue2010@yeah.net"], "431": ["chaoyue2010@yeah.net"], "1": ["chaoyue2010@yeah.net"], "432": ["chaoyue2010@yeah.net"], "433": ["chaoyue2010@yeah.net"], "434": ["chaoyue2010@yeah.net"], "435": ["chaoyue2010@yeah.net"], "34": ["chaoyue2010@yeah.net"], "31": ["chaoyue2010@yeah.net"], "436": ["chaoyue2010@yeah.net"], "437": ["chaoyue2010@yeah.net"], "438": ["chaoyue2010@yeah.net"], "439": ["chaoyue2010@yeah.net"], "458": ["chaoyue2010@yeah.net"], "460": ["chaoyue2010@yeah.net"], "442": ["chaoyue2010@yeah.net"], "443": ["chaoyue2010@yeah.net"], "23": ["chaoyue2010@yeah.net"], "18": ["chaoyue2010@yeah.net"], "444": ["chaoyue2010@yeah.net"], "445": ["chaoyue2010@yeah.net"], "446": ["chaoyue2010@yeah.net"], "447": ["chaoyue2010@yeah.net"], "457": ["chaoyue2010@yeah.net"], "449": ["chaoyue2010@yeah.net"], "450": ["chaoyue2010@yeah.net"], "451": ["chaoyue2010@yeah.net"], "452": ["chaoyue2010@yeah.net"], "453": ["chaoyue2010@yeah.net"], "454": ["chaoyue2010@yeah.net"], "455": ["chaoyue2010@yeah.net"], "456": ["chaoyue2010@yeah.net"], "459": ["chaoyue2010@yeah.net"], "461": ["chaoyue2010@yeah.net"], "462": ["chaoyue2010@yeah.net"], "463": ["chaoyue2010@yeah.net"], "464": ["chaoyue2010@yeah.net"], "465": ["chaoyue2010@yeah.net"], "466": ["chaoyue2010@yeah.net"], "467": ["chaoyue2010@yeah.net"], "468": ["chaoyue2010@yeah.net"], "469": ["236531490@qq.com", "chaoyue2010@yeah.net"], "470": ["chaoyue2010@yeah.net"], "471": ["236531490@qq.com", "chaoyue2010@yeah.net"], "472": ["chaoyue2010@yeah.net"], "473": ["chaoyue2010@yeah.net"], "474": ["chaoyue2010@yeah.net"], "475": ["chaoyue2010@yeah.net"], "476": ["chaoyue2010@yeah.net"], "477": ["chaoyue2010@yeah.net"], "478": ["chaoyue2010@yeah.net"], "479": ["chaoyue2010@yeah.net"], "480": ["chaoyue2010@yeah.net"], "481": ["chaoyue2010@yeah.net"], "482": ["chaoyue2010@yeah.net"], "483": ["chaoyue2010@yeah.net"], "484": ["chaoyue2010@yeah.net"], "485": ["chaoyue2010@yeah.net"], "486": ["chaoyue2010@yeah.net"], "487": ["chaoyue2010@yeah.net"], "488": ["chaoyue2010@yeah.net"], "489": ["chaoyue2010@yeah.net"], "9": ["chaoyue2010@yeah.net"], "490": ["chaoyue2010@yeah.net"], "491": ["chaoyue2010@yeah.net"], "497": ["chaoyue2010@yeah.net"], "493": ["chaoyue2010@yeah.net"], "494": ["chaoyue2010@yeah.net"], "495": ["chaoyue2010@yeah.net"], "496": ["chaoyue2010@yeah.net"], "498": ["chaoyue2010@yeah.net"], "499": ["chaoyue2010@yeah.net"], "500": ["chaoyue2010@yeah.net"], "501": ["chaoyue2010@yeah.net"], "502": ["chaoyue2010@yeah.net"], "515": ["chaoyue2010@yeah.net"], "516": ["chaoyue2010@yeah.net"], "505": ["chaoyue2010@yeah.net"], "506": ["chaoyue2010@yeah.net"], "507": ["chaoyue2010@yeah.net"], "508": ["chaoyue2010@yeah.net"], "509": ["chaoyue2010@yeah.net"], "510": ["chaoyue2010@yeah.net"], "511": ["chaoyue2010@yeah.net"], "512": ["chaoyue2010@yeah.net"], "8": ["chaoyue2010@yeah.net"], "513": ["chaoyue2010@yeah.net"], "514": ["chaoyue2010@yeah.net"], "517": ["chaoyue2010@yeah.net"], "518": ["236531490@qq.com", "chaoyue2010@yeah.net"], "519": ["chaoyue2010@yeah.net"], "520": ["chaoyue2010@yeah.net"], "521": ["chaoyue2010@yeah.net"], "522": ["236531490@qq.com", "chaoyue2010@yeah.net"], "524": ["chaoyue2010@yeah.net"], "525": ["chaoyue2010@yeah.net"], "36": ["chaoyue2010@yeah.net"], "526": ["chaoyue2010@yeah.net"], "527": ["chaoyue2010@yeah.net"], "528": ["236531490@qq.com", "chaoyue2010@yeah.net"], "530": ["chaoyue2010@yeah.net"], "531": ["chaoyue2010@yeah.net"], "532": ["chaoyue2010@yeah.net"], "533": ["chaoyue2010@yeah.net"], "534": ["chaoyue2010@yeah.net"], "535": ["chaoyue2010@yeah.net"], "536": ["chaoyue2010@yeah.net"], "537": ["chaoyue2010@yeah.net"], "538": ["chaoyue2010@yeah.net"], "539": ["chaoyue2010@yeah.net"], "540": ["chaoyue2010@yeah.net"], "541": ["chaoyue2010@yeah.net"], "653": ["chaoyue2010@yeah.net"], "543": ["chaoyue2010@yeah.net"], "544": ["chaoyue2010@yeah.net"], "545": ["chaoyue2010@yeah.net"], "39": ["chaoyue2010@yeah.net"], "547": ["chaoyue2010@yeah.net"], "548": ["chaoyue2010@yeah.net"], "549": ["chaoyue2010@yeah.net"], "6": ["chaoyue2010@yeah.net"], "550": ["chaoyue2010@yeah.net"], "551": ["chaoyue2010@yeah.net"], "557": ["chaoyue2010@yeah.net"], "553": ["chaoyue2010@yeah.net"], "554": ["chaoyue2010@yeah.net"], "555": ["chaoyue2010@yeah.net"], "556": ["chaoyue2010@yeah.net"], "558": ["chaoyue2010@yeah.net"], "559": ["chaoyue2010@yeah.net"], "560": ["chaoyue2010@yeah.net"], "561": ["chaoyue2010@yeah.net"], "562": ["chaoyue2010@yeah.net"], "563": ["chaoyue2010@yeah.net"], "564": ["236531490@qq.com", "chaoyue2010@yeah.net"], "565": ["chaoyue2010@yeah.net"], "566": ["chaoyue2010@yeah.net"], "567": ["chaoyue2010@yeah.net"], "568": ["chaoyue2010@yeah.net"], "570": ["chaoyue2010@yeah.net"], "572": ["chaoyue2010@yeah.net"], "27": ["chaoyue2010@yeah.net"], "573": ["chaoyue2010@yeah.net"], "574": ["chaoyue2010@yeah.net"], "577": ["chaoyue2010@yeah.net"], "576": ["chaoyue2010@yeah.net"], "579": ["chaoyue2010@yeah.net"], "580": ["chaoyue2010@yeah.net"], "581": ["chaoyue2010@yeah.net"], "582": ["chaoyue2010@yeah.net"], "583": ["chaoyue2010@yeah.net"], "584": ["chaoyue2010@yeah.net"], "585": ["chaoyue2010@yeah.net"], "586": ["chaoyue2010@yeah.net"], "587": ["chaoyue2010@yeah.net"], "588": ["chaoyue2010@yeah.net"], "589": ["chaoyue2010@yeah.net"], "590": ["chaoyue2010@yeah.net"], "595": ["chaoyue2010@yeah.net"], "592": ["chaoyue2010@yeah.net"], "593": ["chaoyue2010@yeah.net"], "594": ["chaoyue2010@yeah.net"], "596": ["chaoyue2010@yeah.net"], "597": ["chaoyue2010@yeah.net"], "606": ["chaoyue2010@yeah.net"], "607": ["chaoyue2010@yeah.net"], "600": ["chaoyue2010@yeah.net"], "2": ["chaoyue2010@yeah.net"], "601": ["chaoyue2010@yeah.net"], "602": ["chaoyue2010@yeah.net"], "603": ["chaoyue2010@yeah.net"], "610": ["chaoyue2010@yeah.net"], "605": ["chaoyue2010@yeah.net"], "608": ["chaoyue2010@yeah.net"], "609": ["pengchao@56qq.cn", "chaoyue2010@yeah.net"], "611": ["chaoyue2010@yeah.net"], "612": ["chaoyue2010@yeah.net"], "613": ["chaoyue2010@yeah.net"], "614": ["chaoyue2010@yeah.net"], "615": ["chaoyue2010@yeah.net"], "616": ["236531490@qq.com", "chaoyue2010@yeah.net"], "617": ["chaoyue2010@yeah.net"], "618": ["chaoyue2010@yeah.net"], "619": ["chaoyue2010@yeah.net"], "620": ["chaoyue2010@yeah.net"], "621": ["chaoyue2010@yeah.net"], "622": ["chaoyue2010@yeah.net"], "35": ["chaoyue2010@yeah.net"], "623": ["chaoyue2010@yeah.net"], "624": ["chaoyue2010@yeah.net"], "625": ["chaoyue2010@yeah.net"], "626": ["chaoyue2010@yeah.net"], "628": ["chaoyue2010@yeah.net"], "629": ["chaoyue2010@yeah.net"], "630": ["chaoyue2010@yeah.net"], "631": ["chaoyue2010@yeah.net"], "632": ["chaoyue2010@yeah.net"], "633": ["chaoyue2010@yeah.net"], "634": ["chaoyue2010@yeah.net"], "635": ["chaoyue2010@yeah.net"], "636": ["chaoyue2010@yeah.net"], "637": ["chaoyue2010@yeah.net"], "638": ["chaoyue2010@yeah.net"], "639": ["chaoyue2010@yeah.net"], "15": ["chaoyue2010@yeah.net"], "640": ["chaoyue2010@yeah.net"], "641": ["chaoyue2010@yeah.net"], "644": ["chaoyue2010@yeah.net"], "643": ["chaoyue2010@yeah.net"], "649": ["chaoyue2010@yeah.net"], "646": ["chaoyue2010@yeah.net"], "647": ["chaoyue2010@yeah.net"], "648": ["chaoyue2010@yeah.net"], "650": ["chaoyue2010@yeah.net"], "651": ["chaoyue2010@yeah.net"], "652": ["chaoyue2010@yeah.net"], "654": ["chaoyue2010@yeah.net"], "655": ["chaoyue2010@yeah.net"], "656": ["chaoyue2010@yeah.net"], "657": ["236531490@qq.com"], "658": ["236531490@qq.com"], "659": ["236531490@qq.com"], "660": ["236531490@qq.com"], "661": ["236531490@qq.com"], "662": ["236531490@qq.com"], "663": ["236531490@qq.com"], "664": ["236531490@qq.com"], "665": ["236531490@qq.com"], "666": ["236531490@qq.com"], "667": ["236531490@qq.com"], "668": ["236531490@qq.com"], "669": ["236531490@qq.com"], "670": ["236531490@qq.com"], "671": ["236531490@qq.com"], "672": ["236531490@qq.com"], "673": ["236531490@qq.com"], "674": ["236531490@qq.com"], "675": ["236531490@qq.com"], "676": ["236531490@qq.com"], "677": ["236531490@qq.com"], "678": ["236531490@qq.com"], "679": ["236531490@qq.com"], "680": ["236531490@qq.com"], "681": ["236531490@qq.com"], "682": ["236531490@qq.com"], "683": ["236531490@qq.com"], "684": ["236531490@qq.com"], "685": ["236531490@qq.com"], "687": ["236531490@qq.com"]}