{"1": "AppVersion", "2": "UserScore", "3": "AppKey", "4": "Hobby", "5": "User", "6": "Collection", "7": "Topic", "8": "Trade", "9": "Sponsorship", "10": "MediaWrap", "11": "Media", "12": "Reply", "13": "Remind", "14": "UserBase", "15": "Point", "16": "TopicScore", "17": "Course", "18": "CategoryPredefined", "19": "Taxonomy", "20": "Activity", "21": "Video", "22": "Danmu", "23": "Category", "24": "VideoDetail", "25": "SubReply", "26": "VerificationCode", "27": "Exhibition", "28": "IdEntity", "29": "Task", "30": "CityGroup", "31": "Shop", "32": "Site", "33": "Invite", "34": "Goods", "35": "Group", "36": "ImageHistory", "37": "Province", "38": "CourseTaxonomy", "39": "AccessLog", "40": "ReferenceAvatar"}